tissue,condition,group_label,subject_id,cell_id,zinc_signature
CSF,HC,HC,2,AAACGGGCAAATTGCC-1,-0.10889327199199647
CSF,HC,HC,2,AACGTTGAGATAGCAT-1,0.003894271445938051
CSF,HC,HC,2,AAGGTTCAGAGGTAGA-1,0.025350805087473876
CSF,HC,HC,2,ACACCAAGTCTGGTCG-1,-0.12047207147754282
CSF,HC,HC,2,ACAGCCGCACCAGGCT-1,0.2526157921815842
CSF,HC,HC,2,ACGAGCCTCTTCATGT-1,-0.3013973884643409
CSF,HC,HC,2,ACGCCAGCAATGAATG-1,-0.3013973884643409
CSF,HC,HC,2,ACGCCAGGTCAATGTC-1,0.3579839190705981
CSF,HC,HC,2,ACTTTCAGTGATGTCT-1,-0.097541618259385
CSF,HC,HC,2,AGAGCGACAGGAATCG-1,0.015978692514324377
CSF,HC,HC,2,AGAGCTTCAAGACGTG-1,0.046623461814444336
CSF,HC,HC,2,AGAGTGGAGAGTAAGG-1,0.25399343340402913
CSF,HC,HC,2,AGCCTAACATCACGAT-1,0.41325606800140013
CSF,HC,HC,2,AGCGGTCTCATCTGCC-1,-0.10383608338794563
CSF,HC,HC,2,AGGCCACTCCAACCAA-1,0.47980972180564496
CSF,HC,HC,2,AGTGAGGCAATAGAGT-1,-0.14210147828057143
CSF,HC,HC,2,ATCACGAGTTTGACAC-1,-0.204349960488797
CSF,HC,HC,2,ATCATCTCATAGAAAC-1,0.13536331679421948
CSF,HC,HC,2,ATCATGGCACCATCCT-1,0.08864312559463504
CSF,HC,HC,2,ATCCACCAGAAAGTGG-1,-0.11715736819309878
CSF,HC,HC,2,ATGCGATTCGATGAGG-1,-0.23950833889976836
CSF,HC,HC,2,ATTACTCGTGGCCCTA-1,0.019179760535908506
CSF,HC,HC,2,ATTCTACTCTCGCATC-1,-0.034721414655109265
CSF,HC,HC,2,ATTGGTGAGCTTCGCG-1,0.0713324708452956
CSF,HC,HC,2,ATTTCTGCAGGATTGG-1,-0.08438787063146928
CSF,HC,HC,2,CAACCAAGTCTCAACA-1,-0.06977406343232297
CSF,HC,HC,2,CAACCTCTCATCGGAT-1,0.2820266388684732
CSF,HC,HC,2,CAACTAGGTACCAGTT-1,1.1243348683738927
CSF,HC,HC,2,CAAGAAACATACCATG-1,0.6412326779727494
CSF,HC,HC,2,CAAGAAACATACGCCG-1,0.05690772346643206
CSF,HC,HC,2,CAAGGCCGTTCGTCTC-1,-0.3013973884643409
CSF,HC,HC,2,CACAGTACAGATGGCA-1,-0.3013973884643409
CSF,HC,HC,2,CACCACTAGACAGGCT-1,-0.14519116905754922
CSF,HC,HC,2,CACCAGGGTTTACTCT-1,0.19767663025250456
CSF,HC,HC,2,CAGAATCGTCTCTTTA-1,0.0366483441942078
CSF,HC,HC,2,CAGCTGGGTATAGGGC-1,0.0883224844614703
CSF,HC,HC,2,CAGCTGGTCAAGAAGT-1,-0.3013973884643409
CSF,HC,HC,2,CATCGAACAGAAGCAC-1,-0.13296008236611087
CSF,HC,HC,2,CCATGTCGTCATGCAT-1,-0.19700017645511644
CSF,HC,HC,2,CCATGTCGTCTCTTTA-1,0.09181506199541521
CSF,HC,HC,2,CCATTCGGTGATAAAC-1,-0.3013973884643409
CSF,HC,HC,2,CCCAATCGTCCGCTGA-1,0.020021344159991714
CSF,HC,HC,2,CCGGGATCATGGTCAT-1,-0.09321309876615637
CSF,HC,HC,2,CCGTTCAAGTGGTCCC-1,0.14288253869785386
CSF,HC,HC,2,CCTAAAGAGTAGTGCG-1,-0.021496386489307052
CSF,HC,HC,2,CGAGCACCAGGCGATA-1,-0.1737833310591739
CSF,HC,HC,2,CGCGTTTAGGAGTTGC-1,-0.3013973884643409
CSF,HC,HC,2,CGCTTCACAGTGACAG-1,-0.13003191098104824
CSF,HC,HC,2,CGGACGTCATCACGTA-1,-0.0361360106184044
CSF,HC,HC,2,CGGAGCTTCTCTGTCG-1,-0.3013973884643409
CSF,HC,HC,2,CGGAGTCCAAGGACTG-1,-0.011534412575257771
CSF,HC,HC,2,CTAGAGTAGAAACCAT-1,-0.06743069528407807
CSF,HC,HC,2,CTAGAGTGTTGAGGTG-1,-0.006755818334105863
CSF,HC,HC,2,CTAGCCTGTTATTCTC-1,0.05415947645850873
CSF,HC,HC,2,CTCAGAACATCCCACT-1,-0.3013973884643409
CSF,HC,HC,2,CTGCGGACAAAGGCGT-1,0.07016573588889051
CSF,HC,HC,2,CTGGTCTGTAGTGAAT-1,0.006858547017075524
CSF,HC,HC,2,CTTCTCTTCAGATAAG-1,-0.060215978459991694
CSF,HC,HC,2,CTTTGCGTCAATACCG-1,0.1864642130560234
CSF,HC,HC,2,GAACATCGTAAGGGAA-1,-0.12750377005914917
CSF,HC,HC,2,GAATGAACACGTCAGC-1,0.17158309905905153
CSF,HC,HC,2,GACCAATAGCGATGAC-1,-0.13108363960909966
CSF,HC,HC,2,GACGTGCCAGCCACCA-1,-0.13911266260435726
CSF,HC,HC,2,GACGTGCTCTCGGACG-1,-0.3013973884643409
CSF,HC,HC,2,GACGTTACAGGATCGA-1,-0.3013973884643409
CSF,HC,HC,2,GACTACAGTCTAACGT-1,-0.3013973884643409
CSF,HC,HC,2,GATCGATGTACCATCA-1,0.3131744591645237
CSF,HC,HC,2,GATCGCGTCTTCGAGA-1,-0.1181066624806639
CSF,HC,HC,2,GATGCTAGTGTAACGG-1,-0.04778725747838036
CSF,HC,HC,2,GCACATATCAGAGGTG-1,-0.3013973884643409
CSF,HC,HC,2,GCACTCTTCCGCGCAA-1,-0.3013973884643409
CSF,HC,HC,2,GCGAGAAGTTAGGGTG-1,-0.3013973884643409
CSF,HC,HC,2,GCGAGAATCCTGCCAT-1,-0.3013973884643409
CSF,HC,HC,2,GCGCCAATCTGGTTCC-1,0.6612597762742846
CSF,HC,HC,2,GCTGCGACATCACGAT-1,-0.10383942448406998
CSF,HC,HC,2,GCTTCCAGTACAGCAG-1,0.31356500394320214
CSF,HC,HC,2,GGAAAGCCACACGCTG-1,-0.3013973884643409
CSF,HC,HC,2,GGACAAGAGTGTGAAT-1,0.19157738244780978
CSF,HC,HC,2,GGACATTTCTGGTATG-1,-0.3013973884643409
CSF,HC,HC,2,GGAGCAATCACTGGGC-1,0.10246518529902963
CSF,HC,HC,2,GGCAATTCAGATTGCT-1,-0.3013973884643409
CSF,HC,HC,2,GGCCGATGTCATATGC-1,-0.08555445245885807
CSF,HC,HC,2,GGCTCGAGTAGCTCCG-1,0.08223131052037037
CSF,HC,HC,2,GGGTTGCTCGCACTCT-1,0.047097329914733095
CSF,HC,HC,2,GTAACGTCAAAGGAAG-1,-0.3013973884643409
CSF,HC,HC,2,GTAACGTCACCTCGTT-1,0.2724169050933338
CSF,HC,HC,2,GTACTCCTCTCCTATA-1,-0.3013973884643409
CSF,HC,HC,2,GTACTTTAGAAGAAGC-1,-0.11400331591926087
CSF,HC,HC,2,GTAGGCCCACTTCTGC-1,0.28568587363960957
CSF,HC,HC,2,GTATTCTGTACCTACA-1,0.4700149103099736
CSF,HC,HC,2,GTCACAAGTTGTCTTT-1,0.006542385307752974
CSF,HC,HC,2,GTCATTTCACCGTTGG-1,0.41537518553517
CSF,HC,HC,2,GTCGGGTAGAGGGCTT-1,-0.14064390030300492
CSF,HC,HC,2,GTCGTAACACTAGTAC-1,-0.023885663567301624
CSF,HC,HC,2,GTGCAGCAGAATGTTG-1,-0.3013973884643409
CSF,HC,HC,2,GTGCAGCGTCCCTACT-1,-0.10091925338140384
CSF,HC,HC,2,GTGCAGCTCTGTCTCG-1,-0.17970102377777772
CSF,HC,HC,2,GTGCTTCAGGTGCACA-1,0.36117034155500366
CSF,HC,HC,2,TAAGCGTGTCTGATTG-1,0.4847089563511154
CSF,HC,HC,2,TACCTTATCATGTAGC-1,-0.01199549862862681
CSF,HC,HC,2,TACTCATCATCCAACA-1,0.18922789872270232
CSF,HC,HC,2,TACTCGCCACCGATAT-1,-0.3013973884643409
CSF,HC,HC,2,TAGACCACACCCATGG-1,-0.16160293874537565
CSF,HC,HC,2,TAGAGCTAGGCTCTTA-1,0.010036557616720001
CSF,HC,HC,2,TAGTGGTCAATAAGCA-1,-0.07882290178302809
CSF,HC,HC,2,TATGCCCTCTGTCTAT-1,-0.05387064375141015
CSF,HC,HC,2,TCAATCTTCTAACGGT-1,-0.06182855789144393
CSF,HC,HC,2,TCACGAATCGGATGTT-1,0.010515737562435432
CSF,HC,HC,2,TCACGAATCGGCGCAT-1,-0.12223548228429135
CSF,HC,HC,2,TCAGATGGTAGCCTCG-1,-0.1376597501204506
CSF,HC,HC,2,TCAGCTCAGAGCTGCA-1,0.12216007096609269
CSF,HC,HC,2,TCAGGATTCATCACCC-1,-0.05559408436935004
CSF,HC,HC,2,TCGCGAGTCTCGATGA-1,-0.12645177638270894
CSF,HC,HC,2,TCGGGACAGGAATTAC-1,-0.3013973884643409
CSF,HC,HC,2,TGCGTGGAGGATGTAT-1,0.11644366937054333
CSF,HC,HC,2,TGCTACCCAATCTGCA-1,0.44898971855550507
CSF,HC,HC,2,TGGCCAGCATCCCATC-1,-0.08998744384630473
CSF,HC,HC,2,TGGCCAGGTACGAAAT-1,0.2109746414186787
CSF,HC,HC,2,TGGCGCAAGCCAGAAC-1,-0.3013973884643409
CSF,HC,HC,2,TGTGTTTTCTTTAGGG-1,-0.08077260245196463
CSF,HC,HC,2,TTAACTCCATGGTCTA-1,-0.3013973884643409
CSF,HC,HC,2,TTAACTCTCAAAGACA-1,0.07629820317053722
CSF,HC,HC,2,TTATGCTTCCGAAGAG-1,0.4843403841292443
CSF,HC,HC,2,TTCTCCTCATCGATTG-1,0.3056438953804793
CSF,HC,HC,2,TTCTTAGCAATCTGCA-1,-0.006833993392794589
CSF,HC,HC,2,TTGACTTGTGTTCTTT-1,0.904912042488864
CSF,HC,HC,2,TTGACTTTCGAATCCA-1,-0.3013973884643409
CSF,HC,HC,2,TTGCGTCTCCTTGCCA-1,0.3184247880809553
CSF,HC,HC,2,TTTGCGCTCTAACGGT-1,-0.07067000021132286
CSF,HC,HC,2,TTTGCGCTCTTAGCCC-1,-0.3013973884643409
CSF,HC,HC,2,TTTGTCATCAACGGGA-1,0.9643200000289284
CSF,HC,HC,3,AAACCTGGTGTGAATA-1,-0.3013973884643409
CSF,HC,HC,3,AAACGGGTCGCCTGTT-1,-0.3013973884643409
CSF,HC,HC,3,AAATGCCTCGCCAAAT-1,-0.13491470559300148
CSF,HC,HC,3,AACCATGGTAGTACCT-1,-0.0925567724682084
CSF,HC,HC,3,AACGTTGTCTTGAGGT-1,-0.3013973884643409
CSF,HC,HC,3,AACTCAGCACATGGGA-1,0.03855674633699911
CSF,HC,HC,3,AACTCCCAGAGTTGGC-1,-0.18759138652179472
CSF,HC,HC,3,AACTCTTCAGGACCCT-1,-0.1579443976045994
CSF,HC,HC,3,AACTCTTGTCTAGTGT-1,0.41885932615171656
CSF,HC,HC,3,AAGCCGCGTACCATCA-1,0.09725417599554795
CSF,HC,HC,3,AAGGAGCGTGTGGTTT-1,-0.3013973884643409
CSF,HC,HC,3,ACACCAAGTCATCGGC-1,0.031804327187036366
CSF,HC,HC,3,ACACCCTCACCAGCAC-1,-0.010054999178191082
CSF,HC,HC,3,ACACTGACACAGCGTC-1,-0.17756413398591914
CSF,HC,HC,3,ACAGCTACACCAGCAC-1,0.02034675818915496
CSF,HC,HC,3,ACAGCTACATGGATGG-1,0.027909424044214277
CSF,HC,HC,3,ACATCAGAGAGTGAGA-1,-0.3013973884643409
CSF,HC,HC,3,ACCAGTAAGTCTCCTC-1,-0.08003975324745069
CSF,HC,HC,3,ACCCACTGTCAGGACA-1,0.0534397780739169
CSF,HC,HC,3,ACCGTAACATGCAATC-1,0.006966393424902906
CSF,HC,HC,3,ACGAGCCTCACCTCGT-1,-0.3013973884643409
CSF,HC,HC,3,ACGCAGCGTTCCACTC-1,0.04974993757178013
CSF,HC,HC,3,ACGCAGCGTTTGGGCC-1,0.20524164890377988
CSF,HC,HC,3,ACGGAGAAGTCAATAG-1,0.08981515186571935
CSF,HC,HC,3,ACGGCCATCGAACGGA-1,0.09194883200839474
CSF,HC,HC,3,ACGGGTCAGCGTTGCC-1,0.07813214499609708
CSF,HC,HC,3,ACTATCTAGGCGACAT-1,-0.050278265564825245
CSF,HC,HC,3,ACTGCTCCAGTCTTCC-1,0.28320520375859326
CSF,HC,HC,3,ACTGCTCTCTGCGTAA-1,-0.3013973884643409
CSF,HC,HC,3,ACTGTCCCAACGATGG-1,-0.3013973884643409
CSF,HC,HC,3,ACTTACTGTCACAAGG-1,0.49484925118500706
CSF,HC,HC,3,ACTTTCACAGGATCGA-1,-0.15437059194309408
CSF,HC,HC,3,AGAGCGAGTGACAAAT-1,-0.3013973884643409
CSF,HC,HC,3,AGAGCTTAGATACACA-1,-0.11530438201234262
CSF,HC,HC,3,AGAGCTTCAAACAACA-1,-0.3013973884643409
CSF,HC,HC,3,AGAGCTTGTGCAGGTA-1,-0.12223679437074852
CSF,HC,HC,3,AGAGTGGTCTACTCAT-1,-0.1426382612183774
CSF,HC,HC,3,AGATCTGAGTCATGCT-1,0.014136389989854892
CSF,HC,HC,3,AGCGGTCAGCCTTGAT-1,-0.3013973884643409
CSF,HC,HC,3,AGCGTATGTCGCTTCT-1,-0.3013973884643409
CSF,HC,HC,3,AGCGTCGAGAGTAAGG-1,-0.3013973884643409
CSF,HC,HC,3,AGCTCTCGTCGTGGCT-1,-0.3013973884643409
CSF,HC,HC,3,AGGCCACAGTATCGAA-1,-0.3013973884643409
CSF,HC,HC,3,AGGGAGTTCTCGCATC-1,-0.016241508794648665
CSF,HC,HC,3,AGGGATGAGAATTCCC-1,-0.3013973884643409
CSF,HC,HC,3,AGGGATGCAGACGCCT-1,-0.3013973884643409
CSF,HC,HC,3,AGGGTGACACCGAAAG-1,-0.13157903653961078
CSF,HC,HC,3,AGGGTGAGTGTTCTTT-1,-0.14227790959064615
CSF,HC,HC,3,AGTAGTCCAGCCTATA-1,-0.3013973884643409
CSF,HC,HC,3,AGTAGTCGTCCGTCAG-1,-0.3013973884643409
CSF,HC,HC,3,AGTGGGAGTGTGACCC-1,0.15268300885678712
CSF,HC,HC,3,AGTTGGTGTGGAAAGA-1,-0.3013973884643409
CSF,HC,HC,3,ATAACGCTCCGTTGCT-1,0.11695277214024859
CSF,HC,HC,3,ATAAGAGAGGAGTCTG-1,-0.3013973884643409
CSF,HC,HC,3,ATCATGGAGTGCCAGA-1,-0.3013973884643409
CSF,HC,HC,3,ATCATGGTCTAACGGT-1,-0.3013973884643409
CSF,HC,HC,3,ATCCACCCAGACAGGT-1,-0.005090867521021693
CSF,HC,HC,3,ATCCACCCAGTCAGAG-1,-0.3013973884643409
CSF,HC,HC,3,ATCGAGTCAATGAAAC-1,-0.06982393181876415
CSF,HC,HC,3,ATGAGGGTCCCTTGTG-1,-0.15754058416388034
CSF,HC,HC,3,ATGGGAGGTGACAAAT-1,-0.3013973884643409
CSF,HC,HC,3,ATTCTACGTGTGTGCC-1,-0.3013973884643409
CSF,HC,HC,3,ATTCTACTCACCACCT-1,0.49557606423934175
CSF,HC,HC,3,ATTGGACCATTCTTAC-1,-0.3013973884643409
CSF,HC,HC,3,ATTGGTGCATGTAGTC-1,-0.3013973884643409
CSF,HC,HC,3,ATTTCTGGTGGGTATG-1,-0.010908007160634083
CSF,HC,HC,3,CAACCAAGTGTAACGG-1,0.2745577579562887
CSF,HC,HC,3,CAACCAATCAGCACAT-1,0.016900253415419644
CSF,HC,HC,3,CAACTAGGTTATTCTC-1,-0.07139751428220945
CSF,HC,HC,3,CAACTAGTCGTTGCCT-1,-0.3013973884643409
CSF,HC,HC,3,CAAGATCCAAGCCCAC-1,0.23191685486100758
CSF,HC,HC,3,CAAGGCCCAGCATACT-1,-0.3013973884643409
CSF,HC,HC,3,CAAGGCCGTGAAGGCT-1,-0.15407377686876078
CSF,HC,HC,3,CAAGTTGCACGACTCG-1,-0.013564764572720184
CSF,HC,HC,3,CAAGTTGTCGTCACGG-1,-0.3013973884643409
CSF,HC,HC,3,CACAAACCACCCATGG-1,-0.17810487723097543
CSF,HC,HC,3,CACAAACTCATCACCC-1,-0.3013973884643409
CSF,HC,HC,3,CACACCTGTCTCTCGT-1,-0.3013973884643409
CSF,HC,HC,3,CACACTCTCCAGGGCT-1,-0.3013973884643409
CSF,HC,HC,3,CACAGTAAGAGTGAGA-1,-0.11645187650151488
CSF,HC,HC,3,CACCACTAGATCCGAG-1,-0.3013973884643409
CSF,HC,HC,3,CACCAGGTCCAAATGC-1,-0.09547798011148347
CSF,HC,HC,3,CACCAGGTCCACGTTC-1,0.13790855142829248
CSF,HC,HC,3,CAGATCAAGCCAGGAT-1,-0.3013973884643409
CSF,HC,HC,3,CAGCAGCGTAAGGATT-1,0.14648897722341228
CSF,HC,HC,3,CAGCGACAGTGAACAT-1,0.159435777168816
CSF,HC,HC,3,CAGCTAACACCTATCC-1,0.06005583067403392
CSF,HC,HC,3,CAGCTGGGTTGGTGGA-1,-0.03472562768791952
CSF,HC,HC,3,CAGGTGCGTTGAGTTC-1,-0.3013973884643409
CSF,HC,HC,3,CAGGTGCTCTGAAAGA-1,-0.16022081294288176
CSF,HC,HC,3,CAGTAACGTCAGCTAT-1,-0.3013973884643409
CSF,HC,HC,3,CATATGGTCTGGCGAC-1,0.09808456392171076
CSF,HC,HC,3,CATATTCCATTTCAGG-1,-0.3013973884643409
CSF,HC,HC,3,CATATTCTCGGTCCGA-1,-0.01978010474903018
CSF,HC,HC,3,CATCCACCATCCCACT-1,-0.07666540255869866
CSF,HC,HC,3,CATCGAACACATTTCT-1,0.18827362641228648
CSF,HC,HC,3,CATGACATCGTGGACC-1,-0.3013973884643409
CSF,HC,HC,3,CATGCCTCACAACGTT-1,-0.0849398563784328
CSF,HC,HC,3,CATGGCGCAGTATCTG-1,0.14670829919716244
CSF,HC,HC,3,CCAATCCAGAGTACAT-1,0.12458103104755926
CSF,HC,HC,3,CCAGCGACAGTATAAG-1,-0.3013973884643409
CSF,HC,HC,3,CCATGTCGTGAGTGAC-1,0.14887820126033896
CSF,HC,HC,3,CCCATACGTCCATCCT-1,0.18631094062737846
CSF,HC,HC,3,CCGGGATAGTCACGCC-1,0.15444825957403965
CSF,HC,HC,3,CCGGTAGTCTGCGACG-1,-0.04729845787184573
CSF,HC,HC,3,CCGTACTTCAGTGCAT-1,0.12372277729466855
CSF,HC,HC,3,CCGTGGACACATTTCT-1,0.06182925339965607
CSF,HC,HC,3,CCTACCACAGTCAGAG-1,-0.12885400442006129
CSF,HC,HC,3,CCTCAGTCACCACCAG-1,-0.17039288334760544
CSF,HC,HC,3,CCTTCCCCACTATCTT-1,0.7921509784887759
CSF,HC,HC,3,CGAACATAGACAGAGA-1,0.39790029846571684
CSF,HC,HC,3,CGACCTTAGACGCAAC-1,0.24245496586714235
CSF,HC,HC,3,CGACCTTAGCTACCGC-1,0.1116347026631614
CSF,HC,HC,3,CGACTTCCAGATGGGT-1,-0.3013973884643409
CSF,HC,HC,3,CGACTTCGTGAGCGAT-1,-0.025072316314909342
CSF,HC,HC,3,CGAGCACCAGCCTGTG-1,-0.043109942522154734
CSF,HC,HC,3,CGATCGGCAATCACAC-1,-0.3013973884643409
CSF,HC,HC,3,CGATGGCTCGTTTAGG-1,0.15607955627200704
CSF,HC,HC,3,CGATGTAGTACCATCA-1,-0.030446113157691773
CSF,HC,HC,3,CGATTGAAGACAGAGA-1,0.14847264550287248
CSF,HC,HC,3,CGATTGAGTGGTACAG-1,-0.3013973884643409
CSF,HC,HC,3,CGCCAAGCAGCTTCGG-1,0.11410210245084844
CSF,HC,HC,3,CGCGGTAAGGCAAAGA-1,-0.07932061923860241
CSF,HC,HC,3,CGCGGTAGTATCACCA-1,-0.03681395189445285
CSF,HC,HC,3,CGCGGTATCTGCAAGT-1,-0.019805358904580316
CSF,HC,HC,3,CGGACGTTCCTACAGA-1,-0.3013973884643409
CSF,HC,HC,3,CGGACTGGTAAGTGTA-1,-0.009372962548757033
CSF,HC,HC,3,CGGAGTCGTCTGGAGA-1,-0.3013973884643409
CSF,HC,HC,3,CGGCTAGGTAACGCGA-1,-0.14471878723973813
CSF,HC,HC,3,CGTAGGCCACATTTCT-1,-0.3013973884643409
CSF,HC,HC,3,CGTCACTAGGAGTACC-1,-0.12668857085537494
CSF,HC,HC,3,CGTCACTTCCATGCTC-1,-0.3013973884643409
CSF,HC,HC,3,CGTGTCTTCGGAAACG-1,-0.3013973884643409
CSF,HC,HC,3,CGTTAGAGTTGATTGC-1,-0.054349322035310905
CSF,HC,HC,3,CTAACTTGTCCGAACC-1,-0.3013973884643409
CSF,HC,HC,3,CTAACTTTCTTGACGA-1,0.014457996867828544
CSF,HC,HC,3,CTAATGGCATCGGGTC-1,-0.02982028028160694
CSF,HC,HC,3,CTACATTCATCCTAGA-1,-0.3013973884643409
CSF,HC,HC,3,CTACCCAAGGCCATAG-1,0.08002445899212261
CSF,HC,HC,3,CTAGCCTCACAACGCC-1,0.4066761973301455
CSF,HC,HC,3,CTAGCCTCAGTAACGG-1,0.26857862440591207
CSF,HC,HC,3,CTAGCCTTCGCCTGAG-1,-0.3013973884643409
CSF,HC,HC,3,CTAGTGACAAACTGCT-1,-0.3013973884643409
CSF,HC,HC,3,CTAGTGAGTATAGTAG-1,0.128482650787596
CSF,HC,HC,3,CTCCTAGAGCGTAATA-1,-0.3013973884643409
CSF,HC,HC,3,CTCCTAGCAATCGGTT-1,0.5228255684367521
CSF,HC,HC,3,CTCCTAGGTTAGAACA-1,0.28527542774436915
CSF,HC,HC,3,CTCCTAGTCTCCAGGG-1,-0.3013973884643409
CSF,HC,HC,3,CTCGAAACAGGTCCAC-1,-0.3013973884643409
CSF,HC,HC,3,CTCGAAATCACTTACT-1,-0.3013973884643409
CSF,HC,HC,3,CTCGAGGGTCAATGTC-1,0.048119972847706985
CSF,HC,HC,3,CTCGAGGGTTCTGAAC-1,-0.3013973884643409
CSF,HC,HC,3,CTCGTACGTCGCTTCT-1,0.688376345833171
CSF,HC,HC,3,CTCGTCATCTTCATGT-1,-0.3013973884643409
CSF,HC,HC,3,CTCTGGTGTGGACGAT-1,-0.045089228667680274
CSF,HC,HC,3,CTGATAGGTTCTGTTT-1,-0.3013973884643409
CSF,HC,HC,3,CTGCCTACACGTTGGC-1,-0.3013973884643409
CSF,HC,HC,3,CTGCGGACAGGGATTG-1,-0.03206951591360204
CSF,HC,HC,3,CTGGTCTCACTCTGTC-1,0.3095218992214665
CSF,HC,HC,3,CTGTGCTAGGACATTA-1,-0.3013973884643409
CSF,HC,HC,3,CTTAACTGTGTGGTTT-1,-0.1765101197780579
CSF,HC,HC,3,CTTTGCGAGTGGAGAA-1,0.08722066840000298
CSF,HC,HC,3,GAAACTCTCCTGCCAT-1,-0.3013973884643409
CSF,HC,HC,3,GAAACTCTCGCACTCT-1,0.030865006406951254
CSF,HC,HC,3,GAAGCAGAGAAACCTA-1,0.05524845440393723
CSF,HC,HC,3,GAATAAGTCCTTTACA-1,-0.05743825074389204
CSF,HC,HC,3,GAATGAACAACGATCT-1,-0.3013973884643409
CSF,HC,HC,3,GACAGAGCAAATCCGT-1,-0.3013973884643409
CSF,HC,HC,3,GACCAATGTATATGAG-1,-0.19689724322366375
CSF,HC,HC,3,GACCTGGGTACCGCTG-1,0.10253347687699545
CSF,HC,HC,3,GACGGCTCACGTTGGC-1,-0.3013973884643409
CSF,HC,HC,3,GACGTGCAGATCCGAG-1,-0.10010262933380291
CSF,HC,HC,3,GACGTGCTCTCGGACG-1-1,-0.224625528601944
CSF,HC,HC,3,GACGTTAAGTCAATAG-1,-0.3013973884643409
CSF,HC,HC,3,GACTAACCACAGACAG-1,-0.10816935980416055
CSF,HC,HC,3,GACTACAAGCGTTTAC-1,0.47914243591268957
CSF,HC,HC,3,GACTACACAACGATGG-1,0.27114282595236583
CSF,HC,HC,3,GACTGCGCACTCAGGC-1,0.41043902378616887
CSF,HC,HC,3,GAGGTGAGTTATCACG-1,-0.3013973884643409
CSF,HC,HC,3,GATCGATCAGCTTAAC-1,0.05059082561956135
CSF,HC,HC,3,GATCGCGAGGAATTAC-1,0.07265254877677521
CSF,HC,HC,3,GATCGCGTCAGCATGT-1,-0.3013973884643409
CSF,HC,HC,3,GATCGCGTCCCTTGCA-1,-0.1832342847162937
CSF,HC,HC,3,GATCGTACACCAGGCT-1,0.12809317346750854
CSF,HC,HC,3,GATGAGGCAGCGATCC-1,-0.3013973884643409
CSF,HC,HC,3,GATTCAGTCATTGCCC-1,-0.3013973884643409
CSF,HC,HC,3,GATTCAGTCGAATCCA-1,-0.3013973884643409
CSF,HC,HC,3,GCAAACTCACGCGAAA-1,-0.3013973884643409
CSF,HC,HC,3,GCAGCCATCGTTACAG-1,0.2246537690788281
CSF,HC,HC,3,GCATACACATGCAATC-1,0.11270460458580878
CSF,HC,HC,3,GCATGATGTCCCTACT-1,-0.3013973884643409
CSF,HC,HC,3,GCATGCGGTAGGACAC-1,-0.3013973884643409
CSF,HC,HC,3,GCATGCGGTCTAGAGG-1,-0.13242936239390116
CSF,HC,HC,3,GCCAAATCAGGTCCAC-1,-0.3013973884643409
CSF,HC,HC,3,GCCTCTACACGGTGTC-1,-0.3013973884643409
CSF,HC,HC,3,GCGCAACAGCTAAGAT-1,-0.09484858513238528
CSF,HC,HC,3,GCGCAGTGTATATCCG-1,-0.3013973884643409
CSF,HC,HC,3,GCGCAGTTCATTTGGG-1,-0.10744490257224142
CSF,HC,HC,3,GCGCCAAGTTTGTGTG-1,0.06289407706849924
CSF,HC,HC,3,GCGCGATTCATCGATG-1,-0.156184675972362
CSF,HC,HC,3,GCGGGTTTCGCAAGCC-1,-0.3013973884643409
CSF,HC,HC,3,GCTCTGTGTACCATCA-1,-0.3013973884643409
CSF,HC,HC,3,GCTGCGACACGTTGGC-1,0.07396227162820432
CSF,HC,HC,3,GCTGCGACATATACGC-1,0.11922525327967345
CSF,HC,HC,3,GCTGCTTAGCCAGGAT-1,1.2214447925532679
CSF,HC,HC,3,GCTTCCAAGTCAAGCG-1,-0.0513207262486031
CSF,HC,HC,3,GGAACTTCACCCATGG-1,0.3487910083635672
CSF,HC,HC,3,GGAATAAGTGACAAAT-1,-0.3013973884643409
CSF,HC,HC,3,GGACAAGCAGGTCGTC-1,-0.3013973884643409
CSF,HC,HC,3,GGACAAGTCAGGCGAA-1,-0.3013973884643409
CSF,HC,HC,3,GGACAGAGTTGGTTTG-1,0.13092890848051483
CSF,HC,HC,3,GGACATTCATGTTCCC-1,-0.12821163935900198
CSF,HC,HC,3,GGACATTGTACCTACA-1,-0.02600917336121757
CSF,HC,HC,3,GGAGCAACAGTTTACG-1,0.4350465382880103
CSF,HC,HC,3,GGAGCAAGTAACGACG-1,-0.3013973884643409
CSF,HC,HC,3,GGATGTTGTTTGGGCC-1,0.006701193826771558
CSF,HC,HC,3,GGATTACCAATTCCTT-1,-0.16681860723817074
CSF,HC,HC,3,GGCCGATGTTGTTTGG-1,-0.3013973884643409
CSF,HC,HC,3,GGCGTGTGTACCGGCT-1,-0.1588352342850373
CSF,HC,HC,3,GGCTCGAGTAGAGGAA-1,0.2076218682803001
CSF,HC,HC,3,GGCTCGATCATGTCCC-1,-0.018912079895642094
CSF,HC,HC,3,GGGAATGAGGACAGAA-1,-0.3013973884643409
CSF,HC,HC,3,GGGACCTCATGCAACT-1,0.8324225730813088
CSF,HC,HC,3,GGGACCTGTGAAAGAG-1,-0.3013973884643409
CSF,HC,HC,3,GGGAGATTCACTATTC-1,-0.3013973884643409
CSF,HC,HC,3,GGGATGATCTCGTATT-1,-0.3013973884643409
CSF,HC,HC,3,GGGCACTCAGATCGGA-1,0.1462007496136353
CSF,HC,HC,3,GGGCACTGTATGAAAC-1,-0.3013973884643409
CSF,HC,HC,3,GGTATTGTCTGCGTAA-1,-0.12930442792796534
CSF,HC,HC,3,GGTGAAGTCTCAAACG-1,0.17252194792313139
CSF,HC,HC,3,GTAACGTGTTCGGCAC-1,0.30444869460458357
CSF,HC,HC,3,GTAGGCCCACGGCGTT-1,-0.2179337142599444
CSF,HC,HC,3,GTATCTTGTTCAGTAC-1,-0.3013973884643409
CSF,HC,HC,3,GTATCTTTCAACGGCC-1,0.9185987874970775
CSF,HC,HC,3,GTCACGGTCGTCTGCT-1,0.48879453723296923
CSF,HC,HC,3,GTCATTTAGGCGCTCT-1,0.07161837638856121
CSF,HC,HC,3,GTCGGGTTCTTGTACT-1,-0.3013973884643409
CSF,HC,HC,3,GTCTCGTAGACGCACA-1,-0.3013973884643409
CSF,HC,HC,3,GTGCGGTCATCAGTCA-1,0.18076814190411103
CSF,HC,HC,3,GTGCGGTGTCTCCACT-1,0.5086400137051336
CSF,HC,HC,3,GTGCGGTTCCTAGAAC-1,-0.16317908691393304
CSF,HC,HC,3,GTGGGTCTCCATGAAC-1,0.3152921327137782
CSF,HC,HC,3,GTTACAGAGCGGATCA-1,-0.3013973884643409
CSF,HC,HC,3,GTTCATTCACATTTCT-1,0.3512335436450998
CSF,HC,HC,3,GTTCGGGAGTCAATAG-1,-0.3013973884643409
CSF,HC,HC,3,GTTTCTAAGTGTTTGC-1,-0.14460287568861027
CSF,HC,HC,3,GTTTCTACACCCATTC-1,-0.11142397709314551
CSF,HC,HC,3,TAAGCGTGTCCAGTGC-1,-0.3013973884643409
CSF,HC,HC,3,TACACGAAGATCCTGT-1,-0.3013973884643409
CSF,HC,HC,3,TACACGATCAGTGTTG-1,0.21684371977217282
CSF,HC,HC,3,TACACGATCTCAACTT-1,0.16687590335882474
CSF,HC,HC,3,TACGGGCAGGCCGAAT-1,0.01872998507778491
CSF,HC,HC,3,TACTCGCAGTGTACCT-1,0.07859448914187073
CSF,HC,HC,3,TACTTACAGCAGGCTA-1,-0.044057217819888535
CSF,HC,HC,3,TACTTGTTCATAAAGG-1,-0.3013973884643409
CSF,HC,HC,3,TAGACCACAACACCCG-1,0.31561779150000663
CSF,HC,HC,3,TAGACCACATCTATGG-1,-0.3013973884643409
CSF,HC,HC,3,TAGTGGTCAGAAGCAC-1,-0.10687588337413959
CSF,HC,HC,3,TATCAGGGTTCTGGTA-1,-0.3013973884643409
CSF,HC,HC,3,TATCTCAAGATATACG-1,-0.17662090223301094
CSF,HC,HC,3,TCACAAGGTGCAACTT-1,0.5714171801590119
CSF,HC,HC,3,TCACAAGTCGTAGGAG-1,0.39115696657172705
CSF,HC,HC,3,TCAGCAAGTCACTGGC-1,-0.3013973884643409
CSF,HC,HC,3,TCAGGTACAGCGTTCG-1,-0.12212698554070536
CSF,HC,HC,3,TCAGGTAGTCACAAGG-1,0.6931349551062881
CSF,HC,HC,3,TCCACACCATGTCCTC-1,-0.3013973884643409
CSF,HC,HC,3,TCCCGATGTCTACCTC-1,-0.3013973884643409
CSF,HC,HC,3,TCGAGGCGTCCTCTTG-1,-0.3013973884643409
CSF,HC,HC,3,TCGAGGCTCGTTACGA-1,0.31327231739138445
CSF,HC,HC,3,TCGCGTTTCAGCCTAA-1,0.9218597982762737
CSF,HC,HC,3,TCGTACCCAGCTGCAC-1,-0.03684864513956906
CSF,HC,HC,3,TCGTAGAGTTACTGAC-1,-0.03243486537141125
CSF,HC,HC,3,TCTCATAGTCACCTAA-1,0.12452408427136592
CSF,HC,HC,3,TCTCTAAAGCCATCGC-1,-0.03214869579267029
CSF,HC,HC,3,TCTCTAATCCGATATG-1,-0.0765266706812073
CSF,HC,HC,3,TCTGAGAGTCTTGATG-1,-0.3013973884643409
CSF,HC,HC,3,TCTGGAAAGATAGTCA-1,-0.06493027043044222
CSF,HC,HC,3,TCTTCGGGTCTTCAAG-1,-0.05486277310391715
CSF,HC,HC,3,TCTTCGGTCTGTCTCG-1,-0.05707736033211136
CSF,HC,HC,3,TGACGGCCAGGTCTCG-1,0.003680042172053374
CSF,HC,HC,3,TGACTAGAGGCATTGG-1,-0.14747380446413733
CSF,HC,HC,3,TGACTAGGTACGAAAT-1,-0.12450172695751631
CSF,HC,HC,3,TGACTTTAGAAACCGC-1,-0.3013973884643409
CSF,HC,HC,3,TGAGCCGAGTGTACGG-1,0.21766609832272346
CSF,HC,HC,3,TGCCAAAGTTTACTCT-1,-0.3013973884643409
CSF,HC,HC,3,TGCGCAGCATTGGCGC-1,0.1330399122489224
CSF,HC,HC,3,TGCGCAGTCCGAGCCA-1,-0.3013973884643409
CSF,HC,HC,3,TGGACGCGTCGAACAG-1,-0.1623821197196527
CSF,HC,HC,3,TGGCGCACACTTCGAA-1,0.3034423274194091
CSF,HC,HC,3,TGGCGCATCAGTCCCT-1,-0.14918389130071077
CSF,HC,HC,3,TGGCTGGCAGAGCCAA-1,-0.028694521354341203
CSF,HC,HC,3,TGGGAAGGTCCAAGTT-1,0.09779666596924315
CSF,HC,HC,3,TGGTTAGTCTCAACTT-1,0.450842547866948
CSF,HC,HC,3,TGGTTCCCATCTGGTA-1,0.5153173885310961
CSF,HC,HC,3,TGTCCCAGTGACGGTA-1,0.4165009116921201
CSF,HC,HC,3,TGTGGTACAATGGAGC-1,0.19655083355467248
CSF,HC,HC,3,TGTGGTATCCGCAGTG-1,-0.3013973884643409
CSF,HC,HC,3,TGTGTTTGTACGACCC-1,0.07218862317779802
CSF,HC,HC,3,TGTTCCGTCAGTTTGG-1,-0.08463998085314903
CSF,HC,HC,3,TTAACTCAGCCACTAT-1,-0.3013973884643409
CSF,HC,HC,3,TTAACTCCACGAAGCA-1,0.02585673802692729
CSF,HC,HC,3,TTAGGCAGTCCTCCAT-1,-0.0005657740901493513
CSF,HC,HC,3,TTCCCAGCAGTAAGCG-1,-0.3013973884643409
CSF,HC,HC,3,TTCGGTCGTAGCGTAG-1,-0.3013973884643409
CSF,HC,HC,3,TTCGGTCGTATTAGCC-1,0.008161478200857506
CSF,HC,HC,3,TTCTACAGTCGGCATC-1,-0.11063595911693509
CSF,HC,HC,3,TTCTCAATCGCCATAA-1,-0.3013973884643409
CSF,HC,HC,3,TTCTCCTTCATCATTC-1,0.5264014175798992
CSF,HC,HC,3,TTGCGTCTCTCTTATG-1,-0.3013973884643409
CSF,HC,HC,3,TTTATGCTCCACTGGG-1,-0.3013973884643409
CSF,HC,HC,3,TTTGGTTAGATCCGAG-1,-0.3013973884643409
CSF,HC,HC,3,TTTGGTTCAGGAATCG-1,-0.10023069763721355
CSF,HC,HC,3,TTTGTCACAGCGTTCG-1,0.18463363631600396
CSF,HC,HC,32,AAACCTGAGAAACCGC-1,0.4089109409607591
CSF,HC,HC,32,AAACCTGGTTCAGCGC-1,0.06047861507188675
CSF,HC,HC,32,AAACGGGGTACTCTCC-1,0.09702389290638759
CSF,HC,HC,32,AAACGGGTCTAAGCCA-1,-0.3013973884643409
CSF,HC,HC,32,AAAGATGTCGAATGGG-1,0.38723935010792243
CSF,HC,HC,32,AAAGCAAAGTGAATTG-1,0.15038606799600757
CSF,HC,HC,32,AAAGTAGCAATGGAGC-1,0.06508285141574907
CSF,HC,HC,32,AAAGTAGGTACAGACG-1,0.4028085669238654
CSF,HC,HC,32,AAAGTAGTCTGATTCT-1,0.3115230831659992
CSF,HC,HC,32,AAATGCCAGAGAGCTC-1,-0.3013973884643409
CSF,HC,HC,32,AAATGCCGTCGAATCT-1,0.4331877801571277
CSF,HC,HC,32,AAATGCCTCTAACTCT-1,-0.03396676634873961
CSF,HC,HC,32,AACCATGCAATGGAGC-1,0.06625408469472284
CSF,HC,HC,32,AACCATGGTCACTTCC-1,-0.20089897208912058
CSF,HC,HC,32,AACGTTGCAACAACCT-1,0.2875416643682408
CSF,HC,HC,32,AACGTTGCAGCTCGCA-1-1,0.22940742256396998
CSF,HC,HC,32,AACGTTGGTAGTGAAT-1,-0.10561485551662521
CSF,HC,HC,32,AACGTTGGTCTTGCGG-1,-0.09917936136474136
CSF,HC,HC,32,AACTCAGCACAGGAGT-1,0.965569206142855
CSF,HC,HC,32,AACTCAGCAGCGATCC-1,0.03101941311116497
CSF,HC,HC,32,AACTCAGGTGGTCCGT-1,0.31479257241118347
CSF,HC,HC,32,AACTCCCCACGACGAA-1,0.17460236537077384
CSF,HC,HC,32,AACTCTTGTGTATGGG-1,-0.3013973884643409
CSF,HC,HC,32,AACTGGTCAGTGACAG-1,0.2309933935054427
CSF,HC,HC,32,AACTTTCTCAACGGGA-1,-0.00989507228074835
CSF,HC,HC,32,AAGACCTCAAGCCTAT-1,0.1912063158972115
CSF,HC,HC,32,AAGACCTCACATCTTT-1,-0.3013973884643409
CSF,HC,HC,32,AAGCCGCAGGAGTACC-1,0.09724305961665045
CSF,HC,HC,32,AAGCCGCAGGGTGTTG-1,0.4096829233996753
CSF,HC,HC,32,AAGCCGCGTTGTGGCC-1,-0.3013973884643409
CSF,HC,HC,32,AAGGAGCCAGGGTACA-1,-0.3013973884643409
CSF,HC,HC,32,AAGGAGCTCATATCGG-1,-0.1311564893486426
CSF,HC,HC,32,AAGGCAGAGTGTACGG-1,0.21530313613060711
CSF,HC,HC,32,AAGGCAGGTGCCTGGT-1,0.162802009853721
CSF,HC,HC,32,AAGGTTCCATGCGCAC-1,0.15612195663346387
CSF,HC,HC,32,AAGTCTGTCAACGAAA-1-1,0.582545947257553
CSF,HC,HC,32,AAGTCTGTCGAGAACG-1,0.376799275302798
CSF,HC,HC,32,AATCCAGAGGACAGAA-1,0.06674429856202675
CSF,HC,HC,32,AATCCAGCACATCCAA-1,-0.3013973884643409
CSF,HC,HC,32,AATCCAGTCGACAGCC-1,-0.3013973884643409
CSF,HC,HC,32,AATCGGTAGGAGTTGC-1,-0.0015782455685052408
CSF,HC,HC,32,AATCGGTCAACACGCC-1-1,-0.3013973884643409
CSF,HC,HC,32,AATCGGTCACCACGTG-1,0.12304062268801852
CSF,HC,HC,32,AATCGGTGTAACGACG-1,-0.3013973884643409
CSF,HC,HC,32,AATCGGTGTGCAGACA-1-1,0.22463776837339552
CSF,HC,HC,32,ACACCAATCTGAGGGA-1,0.09157654506210877
CSF,HC,HC,32,ACACCCTCAGTATGCT-1,0.05520896700060508
CSF,HC,HC,32,ACACCCTGTCAATGTC-1,0.23864516506955066
CSF,HC,HC,32,ACACCGGAGAGACGAA-1,-0.3013973884643409
CSF,HC,HC,32,ACACCGGAGGCGCTCT-1,-0.09900917545607735
CSF,HC,HC,32,ACACCGGAGTACGTAA-1,0.23177619905769
CSF,HC,HC,32,ACACCGGTCCCTAACC-1,0.4091104146366491
CSF,HC,HC,32,ACACCGGTCTAAGCCA-1,0.09831450724049098
CSF,HC,HC,32,ACACTGACACCCAGTG-1,-0.3013973884643409
CSF,HC,HC,32,ACACTGAGTTACGGAG-1,-0.3013973884643409
CSF,HC,HC,32,ACACTGAGTTCCACAA-1,0.01171501191945558
CSF,HC,HC,32,ACAGCCGCAAGAGGCT-1,0.019339999981113663
CSF,HC,HC,32,ACAGCCGTCGTGGGAA-1,0.24240458580533408
CSF,HC,HC,32,ACAGCTAAGTCCGTAT-1,-0.3013973884643409
CSF,HC,HC,32,ACAGCTAAGTGGTCCC-1,0.0045198407010177254
CSF,HC,HC,32,ACAGCTAGTTCGCGAC-1,0.2218729123044314
CSF,HC,HC,32,ACATCAGCACATCCGG-1,-0.3013973884643409
CSF,HC,HC,32,ACATGGTCATCGGTTA-1,0.13669681067478173
CSF,HC,HC,32,ACATGGTTCAATAAGG-1,-0.17601993476672442
CSF,HC,HC,32,ACCAGTAAGAGTACAT-1,0.14815643260783537
CSF,HC,HC,32,ACCAGTACAGCATACT-1,-0.06452345805789157
CSF,HC,HC,32,ACCAGTACATTCTTAC-1,0.1373886130605614
CSF,HC,HC,32,ACCAGTACATTGTGCA-1,-0.12497424084371178
CSF,HC,HC,32,ACCCACTCAATCCGAT-1,0.2014428233249961
CSF,HC,HC,32,ACCCACTGTACGCACC-1,-0.053943120128435225
CSF,HC,HC,32,ACCGTAAAGGAGTTGC-1,-0.1500918818468291
CSF,HC,HC,32,ACCGTAACATTTCAGG-1,0.17608801885810615
CSF,HC,HC,32,ACCTTTAAGATCACGG-1,0.9917592773604488
CSF,HC,HC,32,ACCTTTAGTCTGATTG-1,1.179512576800514
CSF,HC,HC,32,ACCTTTATCACTTCAT-1,0.8298777934098497
CSF,HC,HC,32,ACGAGCCAGCAGACTG-1,0.11326934147901449
CSF,HC,HC,32,ACGAGCCGTTCCGTCT-1,-0.3013973884643409
CSF,HC,HC,32,ACGAGCCTCGCGATCG-1,0.04047346291637725
CSF,HC,HC,32,ACGAGGAAGCTCTCGG-1,0.7004640827696286
CSF,HC,HC,32,ACGAGGATCAACCAAC-1,-0.1741289444069455
CSF,HC,HC,32,ACGAGGATCTGAGGGA-1,0.1974925878604671
CSF,HC,HC,32,ACGATACGTAAATACG-1,-0.3013973884643409
CSF,HC,HC,32,ACGATGTAGTTCCACA-1,-0.019556705848940564
CSF,HC,HC,32,ACGATGTCAAGGGTCA-1,-0.1671751848147049
CSF,HC,HC,32,ACGATGTGTTTAAGCC-1,0.5573324013100988
CSF,HC,HC,32,ACGCAGCAGCGGCTTC-1,0.07151867121147962
CSF,HC,HC,32,ACGCAGCAGCTCCTTC-1,0.10019143277486367
CSF,HC,HC,32,ACGCAGCCAGACGTAG-1,-0.18911357378812982
CSF,HC,HC,32,ACGCCAGAGCTATGCT-1,-0.3013973884643409
CSF,HC,HC,32,ACGCCAGCAGCTATTG-1,0.029287396150509095
CSF,HC,HC,32,ACGCCAGGTCATACTG-1,0.6430664285624477
CSF,HC,HC,32,ACGCCAGGTCGCGAAA-1,-0.19009994615817932
CSF,HC,HC,32,ACGCCAGTCACCTTAT-1,0.44405233201821187
CSF,HC,HC,32,ACGCCGACAATGTAAG-1,0.44207777117423736
CSF,HC,HC,32,ACGCCGACAGTGGAGT-1,0.41124399820419727
CSF,HC,HC,32,ACGCCGACATGCATGT-1,0.11259305058052725
CSF,HC,HC,32,ACGCCGAGTACCGAGA-1-1,-0.3013973884643409
CSF,HC,HC,32,ACGCCGATCCGCGTTT-1,0.3736715998563433
CSF,HC,HC,32,ACGGAGAGTGTGCCTG-1,-0.05841346604049404
CSF,HC,HC,32,ACGGAGATCATCGCTC-1,-0.3013973884643409
CSF,HC,HC,32,ACGGCCACAAGACGTG-1,0.4637711682220444
CSF,HC,HC,32,ACGGCCACACAACTGT-1,0.08985642204984266
CSF,HC,HC,32,ACGGCCACACAGACTT-1,-0.07060893303560375
CSF,HC,HC,32,ACGGCCACAGGTCCAC-1,0.18762536536050953
CSF,HC,HC,32,ACGGCCATCACATGCA-1,0.2899200332638493
CSF,HC,HC,32,ACGGCCATCACGAAGG-1,0.2149090461709672
CSF,HC,HC,32,ACGGGCTAGCCACCTG-1,0.18066336901467078
CSF,HC,HC,32,ACGGGCTTCCCAAGAT-1,0.4811723571616602
CSF,HC,HC,32,ACGGGCTTCGGAAACG-1,0.25658256296117443
CSF,HC,HC,32,ACGGGTCCACGTCAGC-1,0.2766612921059317
CSF,HC,HC,32,ACGTCAAAGCCCTAAT-1,0.6869984871381831
CSF,HC,HC,32,ACTATCTCAACTGCTA-1,-0.20100675337038235
CSF,HC,HC,32,ACTATCTCAGTGACAG-1,-0.3013973884643409
CSF,HC,HC,32,ACTATCTGTGATAAAC-1,0.7672164363238668
CSF,HC,HC,32,ACTATCTTCGCTTGTC-1,-0.1575093980546533
CSF,HC,HC,32,ACTATCTTCTGAGGGA-1,0.4958155557098481
CSF,HC,HC,32,ACTGAACAGTACGACG-1,0.38190239696183603
CSF,HC,HC,32,ACTGAACCAGTCCTTC-1,-0.13382200736036995
CSF,HC,HC,32,ACTGAACGTTGCGCAC-1,-0.17786763394880903
CSF,HC,HC,32,ACTGAACTCGTCCAGG-1,0.6429664602913442
CSF,HC,HC,32,ACTGAGTAGTCAATAG-1,0.010655760476736855
CSF,HC,HC,32,ACTGAGTGTTCCGTCT-1,0.9104195096310317
CSF,HC,HC,32,ACTGAGTTCTGTGCAA-1,0.0441251649642365
CSF,HC,HC,32,ACTGATGGTTCTGAAC-1,0.6505865712716483
CSF,HC,HC,32,ACTGCTCAGCCAGGAT-1,0.2167685747514156
CSF,HC,HC,32,ACTGCTCCAAAGGCGT-1,-0.3013973884643409
CSF,HC,HC,32,ACTTACTAGTCCCACG-1,0.10335505343570443
CSF,HC,HC,32,ACTTGTTGTCAGGACA-1,0.5832078517411095
CSF,HC,HC,32,ACTTTCAAGAGGGATA-1,0.0021170576034938993
CSF,HC,HC,32,ACTTTCAGTACGCACC-1,-0.3013973884643409
CSF,HC,HC,32,AGAATAGCACTAAGTC-1,0.36703636750543694
CSF,HC,HC,32,AGAATAGTCATTTGGG-1,0.10185713778759138
CSF,HC,HC,32,AGAGCGAAGGTGCACA-1,-0.1808300834658656
CSF,HC,HC,32,AGAGCGAAGTAGTGCG-1,-0.3013973884643409
CSF,HC,HC,32,AGAGCGAAGTTCGATC-1,-0.14002923754361055
CSF,HC,HC,32,AGAGCGAGTTCGCGAC-1,0.0004897719740411453
CSF,HC,HC,32,AGAGCTTAGGCCGAAT-1,0.2967144704444906
CSF,HC,HC,32,AGAGCTTTCGGCGCTA-1,-0.189243356984881
CSF,HC,HC,32,AGATCTGGTTAAGATG-1,0.22745441553736137
CSF,HC,HC,32,AGATTGCCACACATGT-1,-0.3013973884643409
CSF,HC,HC,32,AGATTGCCATTTGCTT-1,-0.20340383797326972
CSF,HC,HC,32,AGATTGCGTAGAGGAA-1,0.49619422861234863
CSF,HC,HC,32,AGCAGCCCATTCACTT-1,-0.3013973884643409
CSF,HC,HC,32,AGCATACAGCGATATA-1,-0.18074832908554556
CSF,HC,HC,32,AGCATACTCATGTGGT-1,0.2665826664317207
CSF,HC,HC,32,AGCATACTCTGGTATG-1,-0.3013973884643409
CSF,HC,HC,32,AGCATACTCTGGTGTA-1,-0.1969413875778255
CSF,HC,HC,32,AGCCTAAAGACAAGCC-1,0.11678375279338615
CSF,HC,HC,32,AGCCTAAGTATAAACG-1,0.3588451133811846
CSF,HC,HC,32,AGCCTAATCCTGCCAT-1,-0.12813663517988577
CSF,HC,HC,32,AGCCTAATCGACAGCC-1,0.23360226824902813
CSF,HC,HC,32,AGCGTCGAGCAGACTG-1,0.051844185467098916
CSF,HC,HC,32,AGCGTCGCAATGACCT-1,0.13173210103589852
CSF,HC,HC,32,AGCGTCGGTAGCAAAT-1,-0.0838901055383667
CSF,HC,HC,32,AGCTCCTAGAAACGCC-1,0.2952260832758652
CSF,HC,HC,32,AGCTCCTTCACGCGGT-1,0.6002471396700704
CSF,HC,HC,32,AGCTCTCAGCGTGTCC-1,0.7902832280481787
CSF,HC,HC,32,AGCTCTCAGGCATTGG-1,-0.09353513501683428
CSF,HC,HC,32,AGCTCTCGTGAGGGTT-1-1,-0.19919466677778525
CSF,HC,HC,32,AGCTCTCTCAGTTTGG-1,0.6418152561059131
CSF,HC,HC,32,AGCTTGAAGGATGGAA-1,-0.15362436907302562
CSF,HC,HC,32,AGCTTGAAGTACATGA-1,-0.14599849171665977
CSF,HC,HC,32,AGCTTGACAAGGACAC-1,-0.002132272362946917
CSF,HC,HC,32,AGCTTGATCCAGTAGT-1,-0.13711082196964347
CSF,HC,HC,32,AGGCCACAGGCTCATT-1,0.5113246995101607
CSF,HC,HC,32,AGGCCACCACACATGT-1,-0.18950191964136293
CSF,HC,HC,32,AGGCCGTTCGTGTAGT-1,0.1549875636517998
CSF,HC,HC,32,AGGGAGTCATGTTGAC-1,-0.03083148450289755
CSF,HC,HC,32,AGGGATGAGATATGGT-1,-0.17681972246203242
CSF,HC,HC,32,AGGGATGAGCTAACAA-1,-0.10850635447142465
CSF,HC,HC,32,AGGGTGACATTCACTT-1,-0.3013973884643409
CSF,HC,HC,32,AGGTCATCACGAAGCA-1,0.44251929380380833
CSF,HC,HC,32,AGGTCATTCACCCGAG-1,0.27075419324187416
CSF,HC,HC,32,AGTAGTCGTCCGAGTC-1,-0.06147683102760648
CSF,HC,HC,32,AGTCTTTAGCTAGCCC-1,0.43810204008688214
CSF,HC,HC,32,AGTCTTTAGTTACCCA-1,0.05379008088796563
CSF,HC,HC,32,AGTGAGGAGTGTTGAA-1,0.513341572294253
CSF,HC,HC,32,AGTGAGGCAATGAATG-1,-0.011209726209252535
CSF,HC,HC,32,AGTGAGGCACACAGAG-1,-0.16066553870455655
CSF,HC,HC,32,AGTGAGGTCTGATTCT-1,0.048183079941569215
CSF,HC,HC,32,AGTGGGAAGGCTCTTA-1,-0.004218470209413032
CSF,HC,HC,32,AGTGGGAAGGTTACCT-1,0.0419382472034112
CSF,HC,HC,32,AGTGGGAAGTGGGATC-1,-0.16021318034810403
CSF,HC,HC,32,AGTGTCAGTACCAGTT-1,-0.3013973884643409
CSF,HC,HC,32,AGTTGGTGTATTCGTG-1,0.45428490962459156
CSF,HC,HC,32,ATAACGCAGCTAGGCA-1,0.3549566468885295
CSF,HC,HC,32,ATAACGCGTGTCCTCT-1,0.022351120204485406
CSF,HC,HC,32,ATAAGAGGTGTTTGTG-1,0.03965753201202509
CSF,HC,HC,32,ATAGACCAGCTACCTA-1,0.35736602027489045
CSF,HC,HC,32,ATAGACCCACACCGAC-1,-0.3013973884643409
CSF,HC,HC,32,ATAGACCGTGAACCTT-1,-0.10920020373195714
CSF,HC,HC,32,ATAGACCTCACCGGGT-1,-0.10619492593850396
CSF,HC,HC,32,ATCACGAAGTTGCAGG-1,-0.11309208668882033
CSF,HC,HC,32,ATCACGACATCCGGGT-1,-0.10886398597183031
CSF,HC,HC,32,ATCACGAGTCTTTCAT-1-1,-0.13395961970588108
CSF,HC,HC,32,ATCATCTCAAGGACAC-1,0.5729605748499503
CSF,HC,HC,32,ATCATGGAGATCACGG-1,-0.2114846737910941
CSF,HC,HC,32,ATCCGAACAGGTGCCT-1,-0.3013973884643409
CSF,HC,HC,32,ATCCGAATCAACTCTT-1,0.3862661653759448
CSF,HC,HC,32,ATCTACTAGGTGTTAA-1-1,0.1671042287035764
CSF,HC,HC,32,ATCTGCCAGTACGCCC-1,-0.08504769090201346
CSF,HC,HC,32,ATCTGCCGTAGAAGGA-1,0.7006323455819984
CSF,HC,HC,32,ATGCGATAGTACTTGC-1,-0.3013973884643409
CSF,HC,HC,32,ATGCGATGTCAGCTAT-1,-0.008008343304107617
CSF,HC,HC,32,ATGCGATGTTCGGGCT-1,0.37238263148003226
CSF,HC,HC,32,ATGGGAGTCTGTGCAA-1,-0.02393520377511119
CSF,HC,HC,32,ATGTGTGGTCGGCATC-1,0.23951228819397058
CSF,HC,HC,32,ATGTGTGGTGAGCGAT-1,0.10726223094675202
CSF,HC,HC,32,ATTACTCCACTCGACG-1,-0.3013973884643409
CSF,HC,HC,32,ATTACTCCATCGGGTC-1,0.4117760056863569
CSF,HC,HC,32,ATTATCCCAATCACAC-1,0.0024989196587241747
CSF,HC,HC,32,ATTATCCCAATCGAAA-1,-0.0991888042332668
CSF,HC,HC,32,ATTATCCTCGACGGAA-1,0.3190172442470387
CSF,HC,HC,32,ATTCTACAGGCCCTTG-1,0.17359851764937334
CSF,HC,HC,32,ATTCTACCAACTTGAC-1,0.8164638807562692
CSF,HC,HC,32,ATTGGACCACGGCGTT-1,-0.3013973884643409
CSF,HC,HC,32,ATTGGACGTGTGAATA-1,0.4098625128848288
CSF,HC,HC,32,ATTGGACTCTGTCCGT-1,-0.031168609879972282
CSF,HC,HC,32,ATTGGTGTCAAACCGT-1,0.08467961202139275
CSF,HC,HC,32,ATTTCTGTCGAATGCT-1,0.2028804860809154
CSF,HC,HC,32,CAACCAACAATTGCTG-1,-0.1476889901249559
CSF,HC,HC,32,CAACCTCCAAGGACTG-1,0.1947568911950198
CSF,HC,HC,32,CAACCTCGTTGCGCAC-1,-0.3013973884643409
CSF,HC,HC,32,CAACTAGAGCTAGGCA-1,-0.3013973884643409
CSF,HC,HC,32,CAACTAGAGTACGACG-1,0.6061701661388673
CSF,HC,HC,32,CAACTAGGTTACGTCA-1,-0.13264018731768784
CSF,HC,HC,32,CAAGATCAGGCCGAAT-1,0.10263052672614884
CSF,HC,HC,32,CAAGATCAGGTGGGTT-1,-0.3013973884643409
CSF,HC,HC,32,CAAGATCCACTGAAGG-1,-0.033349547735200075
CSF,HC,HC,32,CAAGATCCAGGGTTAG-1,-0.17963179209867702
CSF,HC,HC,32,CAAGATCGTTGACGTT-1-1,0.5499448375916322
CSF,HC,HC,32,CAAGATCGTTGAGGTG-1,1.2990705090946058
CSF,HC,HC,32,CAAGGCCAGAACAATC-1,0.4855647790607298
CSF,HC,HC,32,CAAGGCCAGATCTGCT-1,-0.20774533182016724
CSF,HC,HC,32,CAAGGCCGTAACGCGA-1,0.014732627695992793
CSF,HC,HC,32,CAAGGCCGTCATATCG-1,0.3410050573496709
CSF,HC,HC,32,CACAAACGTTCAGCGC-1-1,-0.16659291696911036
CSF,HC,HC,32,CACACAAGTACTCTCC-1,0.4937514078404774
CSF,HC,HC,32,CACACCTGTGATGTCT-1,-0.12108855936877251
CSF,HC,HC,32,CACACCTTCCTAAGTG-1,0.35839928447008207
CSF,HC,HC,32,CACACTCCATAGACTC-1,-0.10654586449622784
CSF,HC,HC,32,CACACTCTCCAGTATG-1,0.1767490859883067
CSF,HC,HC,32,CACAGGCCAAGGACAC-1,0.3418416258522058
CSF,HC,HC,32,CACAGGCCACCAACCG-1,-0.3013973884643409
CSF,HC,HC,32,CACAGGCCAGCTATTG-1,0.2273513119458444
CSF,HC,HC,32,CACAGGCGTAGGAGTC-1,-0.0673423854573232
CSF,HC,HC,32,CACATAGAGTACCGGA-1,0.6811397228185251
CSF,HC,HC,32,CACATAGCATGTAAGA-1,-0.17559293500083176
CSF,HC,HC,32,CACATTTAGGTCATCT-1,-0.03078202980610648
CSF,HC,HC,32,CACATTTGTCCAGTTA-1,0.05433108635116996
CSF,HC,HC,32,CACCACTCACTTGGAT-1,0.4158552459717754
CSF,HC,HC,32,CACCACTGTTCCAACA-1,-0.09868471827457123
CSF,HC,HC,32,CACCAGGAGCTAACAA-1,-0.0285543501873333
CSF,HC,HC,32,CACCAGGCAGTCCTTC-1,-0.3013973884643409
CSF,HC,HC,32,CACCAGGGTAGTGAAT-1,-0.3013973884643409
CSF,HC,HC,32,CACCTTGTCTTGTACT-1,0.2681883828575384
CSF,HC,HC,32,CACTCCAGTGAGGGAG-1,0.2608047506138083
CSF,HC,HC,32,CACTCCAGTGGAAAGA-1,0.006636815142813303
CSF,HC,HC,32,CACTCCATCTGTACGA-1,-0.07935333782252475
CSF,HC,HC,32,CAGAATCAGGCGACAT-1,-0.3013973884643409
CSF,HC,HC,32,CAGAATCCATCGTCGG-1,0.10535521876959071
CSF,HC,HC,32,CAGAATCTCCTTTCGG-1,-0.18974200349929732
CSF,HC,HC,32,CAGAGAGCAATAGAGT-1,-0.1736397530952624
CSF,HC,HC,32,CAGAGAGGTCGCATCG-1,0.4812081254353449
CSF,HC,HC,32,CAGAGAGTCGCCAGCA-1,0.21593709307404
CSF,HC,HC,32,CAGAGAGTCGTTACGA-1,0.11920204281431891
CSF,HC,HC,32,CAGAGAGTCTTTACAC-1,-0.13368410393112287
CSF,HC,HC,32,CAGATCAAGTCGAGTG-1,-0.3013973884643409
CSF,HC,HC,32,CAGATCATCATCTGCC-1,0.3231954017974084
CSF,HC,HC,32,CAGCATAGTTACTGAC-1,0.08972667752053229
CSF,HC,HC,32,CAGCATATCCTCAATT-1,-0.3013973884643409
CSF,HC,HC,32,CAGCGACTCAAGCCTA-1,-0.1648089350130874
CSF,HC,HC,32,CAGCGACTCCTACAGA-1,0.08948517116916077
CSF,HC,HC,32,CAGCTAAAGGGTATCG-1,0.20719822903926158
CSF,HC,HC,32,CAGCTAACAGTCACTA-1,1.1245351920874946
CSF,HC,HC,32,CAGCTAATCCTGCTTG-1,0.29723012559971135
CSF,HC,HC,32,CAGCTAATCTTGGGTA-1,-0.2044247690089352
CSF,HC,HC,32,CAGCTGGAGCCACGCT-1,0.7979945786565266
CSF,HC,HC,32,CAGCTGGAGGCTACGA-1,-0.3013973884643409
CSF,HC,HC,32,CAGCTGGCATAGACTC-1,0.10432416976559808
CSF,HC,HC,32,CAGGTGCAGTGGCACA-1,0.26968265632396954
CSF,HC,HC,32,CAGGTGCCAGATAATG-1,0.28281790306943316
CSF,HC,HC,32,CAGGTGCTCTTTAGGG-1,-0.3013973884643409
CSF,HC,HC,32,CAGTAACCACAACGCC-1,-0.10744490257224142
CSF,HC,HC,32,CAGTAACTCCACTCCA-1,-0.10466388904371852
CSF,HC,HC,32,CATATGGGTTCCTCCA-1,-0.10972800279908035
CSF,HC,HC,32,CATATTCCACAGGCCT-1,0.24795786026176758
CSF,HC,HC,32,CATATTCCATGGTTGT-1,-0.13596678258841316
CSF,HC,HC,32,CATCAAGGTCCAGTGC-1,0.15858629347625167
CSF,HC,HC,32,CATCAGATCAACACCA-1,-0.16371359695209195
CSF,HC,HC,32,CATCCACCACTACAGT-1,-0.3013973884643409
CSF,HC,HC,32,CATCCACCAGATGAGC-1,-0.1883011289689933
CSF,HC,HC,32,CATCCACCAGGGATTG-1,-0.17929630303694372
CSF,HC,HC,32,CATCCACTCAATCTCT-1,-0.3013973884643409
CSF,HC,HC,32,CATCGAAAGGATGGAA-1,-0.10772785435524765
CSF,HC,HC,32,CATCGGGGTTTGACAC-1,0.41775487060479816
CSF,HC,HC,32,CATGACAGTTCCAACA-1,0.053987552533619074
CSF,HC,HC,32,CATGACAGTTCCCGAG-1,0.030628312718696593
CSF,HC,HC,32,CATGACATCTTGGGTA-1,0.8587197084852588
CSF,HC,HC,32,CATGCCTCACTTGGAT-1,-0.3013973884643409
CSF,HC,HC,32,CATGGCGGTAAAGTCA-1,0.26059608092518977
CSF,HC,HC,32,CATGGCGTCAACACTG-1,0.17167281153796307
CSF,HC,HC,32,CATTATCCAGCCTGTG-1,-0.003100886707573358
CSF,HC,HC,32,CATTCGCAGCTAGCCC-1,0.14080389491317696
CSF,HC,HC,32,CATTCGCGTCCCTTGT-1,0.22385129400454856
CSF,HC,HC,32,CCACCTAAGCAGATCG-1,0.5523963113452831
CSF,HC,HC,32,CCACCTACAAATCCGT-1,0.02204305551326471
CSF,HC,HC,32,CCACCTACATTTCAGG-1,-0.17367646019771937
CSF,HC,HC,32,CCACGGACAGCGTTCG-1,0.08162483751043988
CSF,HC,HC,32,CCACTACCAGCTGTTA-1,-0.3013973884643409
CSF,HC,HC,32,CCAGCGACAGTCTTCC-1,0.1277313877618805
CSF,HC,HC,32,CCAGCGACATCGGAAG-1,0.13239839911287207
CSF,HC,HC,32,CCAGCGATCCCTAACC-1,-0.003729272105163558
CSF,HC,HC,32,CCCAATCTCCGCGGTA-1,-0.03782581943504152
CSF,HC,HC,32,CCCAGTTGTGACTACT-1,0.3680272477037441
CSF,HC,HC,32,CCCATACTCTGAGTGT-1,-0.06462740845261052
CSF,HC,HC,32,CCCTCCTAGGACTGGT-1,0.16879319649509053
CSF,HC,HC,32,CCCTCCTCAGCTCGAC-1,-0.3013973884643409
CSF,HC,HC,32,CCCTCCTTCCAGGGCT-1,0.14235836763863685
CSF,HC,HC,32,CCCTCCTTCGCCTGTT-1,-0.09128552089130881
CSF,HC,HC,32,CCGGGATCAAGACGTG-1,0.026038468320588457
CSF,HC,HC,32,CCGGGATCACGACTCG-1,0.042488434204098376
CSF,HC,HC,32,CCGGGATCACGTCTCT-1,0.5589216641622462
CSF,HC,HC,32,CCGGGATCAGCGAACA-1,-0.3013973884643409
CSF,HC,HC,32,CCGGGATCATGAACCT-1,-0.3013973884643409
CSF,HC,HC,32,CCGGGATGTGTGGCTC-1,0.15097284751810788
CSF,HC,HC,32,CCGGTAGCAACACCCG-1,-0.004931033162878026
CSF,HC,HC,32,CCGTACTAGGGTATCG-1,-0.3013973884643409
CSF,HC,HC,32,CCGTACTCATACAGCT-1,0.0858188139463923
CSF,HC,HC,32,CCGTACTGTCAGTGGA-1,-0.3013973884643409
CSF,HC,HC,32,CCGTGGAGTAATCGTC-1,0.49453749642209427
CSF,HC,HC,32,CCGTTCAAGACGACGT-1,-0.3013973884643409
CSF,HC,HC,32,CCGTTCACAGCTGTTA-1,-0.15028593432500317
CSF,HC,HC,32,CCGTTCAGTTAAGACA-1,0.27237897964860724
CSF,HC,HC,32,CCTAAAGCACAAGCCC-1,0.20084399667567165
CSF,HC,HC,32,CCTAAAGCAGTCACTA-1,0.06467324384723193
CSF,HC,HC,32,CCTATTACATCCCATC-1,0.45405849140488347
CSF,HC,HC,32,CCTATTATCCGCATCT-1,-0.14976357963903833
CSF,HC,HC,32,CCTCTGACAATGTTGC-1,0.5782865882583511
CSF,HC,HC,32,CCTCTGACACCAGTTA-1,0.7570252041898943
CSF,HC,HC,32,CCTCTGACACGTCTCT-1,-0.16371359695209195
CSF,HC,HC,32,CCTCTGAGTCAAACTC-1,0.12496735288887216
CSF,HC,HC,32,CCTCTGATCCACGAAT-1,0.3643422089630837
CSF,HC,HC,32,CCTCTGATCCGCGGTA-1,-0.3013973884643409
CSF,HC,HC,32,CCTTCCCAGGGTGTGT-1,-0.18819531501229173
CSF,HC,HC,32,CCTTCCCGTATAAACG-1,-0.3013973884643409
CSF,HC,HC,32,CCTTCCCTCCCAACGG-1,0.5610211659236392
CSF,HC,HC,32,CCTTTCTCATGTTCCC-1-1,-0.018680086026010494
CSF,HC,HC,32,CGAACATAGCGCCTTG-1,-0.3013973884643409
CSF,HC,HC,32,CGAACATCACCGGAAA-1,0.049115531433285495
CSF,HC,HC,32,CGAACATGTGTTAAGA-1,0.04430969786757082
CSF,HC,HC,32,CGAATGTAGATACACA-1,0.10448809907240475
CSF,HC,HC,32,CGACCTTGTAGAAAGG-1,0.758848264712603
CSF,HC,HC,32,CGACCTTTCATTCACT-1,0.09742734338108852
CSF,HC,HC,32,CGACCTTTCGTCTGAA-1,-0.023176367878788767
CSF,HC,HC,32,CGACTTCGTATCACCA-1,0.3666320377981484
CSF,HC,HC,32,CGACTTCGTGAGGCTA-1,-0.12871063718137546
CSF,HC,HC,32,CGAGCACAGTCAAGCG-1,0.026283430311673843
CSF,HC,HC,32,CGAGCACCAAGTCTAC-1,-0.17952606776553312
CSF,HC,HC,32,CGAGCACCAGTAAGAT-1,-0.012888584379198795
CSF,HC,HC,32,CGAGCACTCTGAAAGA-1,0.8547040800234321
CSF,HC,HC,32,CGAGCCAGTAGAAGGA-1,1.0157077907902863
CSF,HC,HC,32,CGAGCCATCCGTTGCT-1,-0.1314229408754388
CSF,HC,HC,32,CGATCGGGTAAATGAC-1,-0.04598146101944763
CSF,HC,HC,32,CGATGTAGTGTTTGGT-1,0.36290365997091883
CSF,HC,HC,32,CGATGTATCGTATCAG-1,0.017069932632703066
CSF,HC,HC,32,CGATTGAAGCGATATA-1,0.060994175567633646
CSF,HC,HC,32,CGATTGATCTCGTATT-1,-0.3013973884643409
CSF,HC,HC,32,CGCCAAGGTAATAGCA-1,-0.027236444307832793
CSF,HC,HC,32,CGCGGTATCTCGTTTA-1,0.37115150402711544
CSF,HC,HC,32,CGCTGGACAAACTGCT-1,0.43020204036615295
CSF,HC,HC,32,CGGACACCAAGTCTAC-1,0.5280560279903553
CSF,HC,HC,32,CGGACGTCATACCATG-1,0.10853571651678827
CSF,HC,HC,32,CGGACGTTCAGCGACC-1,-0.06831080212201446
CSF,HC,HC,32,CGGACTGGTAACGACG-1,0.027564884562929763
CSF,HC,HC,32,CGGAGCTTCTACCTGC-1,-0.19813201039417744
CSF,HC,HC,32,CGGAGTCCACACCGCA-1,0.9412810773668171
CSF,HC,HC,32,CGGCTAGAGAAACGAG-1,0.32282394662850983
CSF,HC,HC,32,CGGCTAGCAGGGTTAG-1,0.43254667560367116
CSF,HC,HC,32,CGGGTCAAGCAATCTC-1,-0.00788990941830886
CSF,HC,HC,32,CGGGTCACAAATCCGT-1,-0.3013973884643409
CSF,HC,HC,32,CGGGTCATCGCACTCT-1,0.04838545778461721
CSF,HC,HC,32,CGGTTAAAGAAAGTGG-1-1,-0.1827149911793003
CSF,HC,HC,32,CGGTTAAAGAATTGTG-1,0.6226448716670471
CSF,HC,HC,32,CGGTTAAAGTGTGGCA-1,0.5637327213812533
CSF,HC,HC,32,CGTAGCGCACGGCGTT-1,0.13918868061616613
CSF,HC,HC,32,CGTAGCGCACGGTGTC-1,-0.3013973884643409
CSF,HC,HC,32,CGTAGCGCATCCCACT-1,0.10251549789116057
CSF,HC,HC,32,CGTAGGCAGACCGGAT-1,0.2313726127961153
CSF,HC,HC,32,CGTAGGCTCTGCAGTA-1-1,-0.15786694925609732
CSF,HC,HC,32,CGTCACTGTACGAAAT-1,-0.06451504862903604
CSF,HC,HC,32,CGTCACTGTATGGTTC-1,0.43441702112589614
CSF,HC,HC,32,CGTCCATTCCTCGCAT-1,-0.11656013604190782
CSF,HC,HC,32,CGTCTACGTCCGCTGA-1,0.48017114202166594
CSF,HC,HC,32,CGTCTACGTGACTACT-1,-0.18231969946588533
CSF,HC,HC,32,CGTGAGCGTACCGAGA-1,0.19111659369122283
CSF,HC,HC,32,CGTGTAAAGAGCTGCA-1,-0.16841196949662976
CSF,HC,HC,32,CGTGTCTCACATTCGA-1,-0.021370959921463373
CSF,HC,HC,32,CGTTAGACAACACCTA-1,0.28219447465151154
CSF,HC,HC,32,CGTTAGACAAGCCGTC-1,-0.12412958141979416
CSF,HC,HC,32,CGTTAGAGTAAACGCG-1,-0.3013973884643409
CSF,HC,HC,32,CGTTAGATCAAGAAGT-1,0.13084354574665466
CSF,HC,HC,32,CGTTCTGCATGATCCA-1,0.36364638795310494
CSF,HC,HC,32,CGTTCTGCATTTGCCC-1-1,-0.04877770580026603
CSF,HC,HC,32,CGTTCTGTCAGCTCTC-1,-0.12880996699692454
CSF,HC,HC,32,CGTTGGGAGGGCTCTC-1,-0.14798825983662653
CSF,HC,HC,32,CGTTGGGTCATGCATG-1,-0.1587131597886036
CSF,HC,HC,32,CTAAGACCATTCGACA-1,0.0246593586219863
CSF,HC,HC,32,CTAAGACGTTAGATGA-1,1.3939975907638815
CSF,HC,HC,32,CTAAGACGTTGGAGGT-1,0.04920962325185504
CSF,HC,HC,32,CTAATGGTCTACTTAC-1,-0.3013973884643409
CSF,HC,HC,32,CTACACCGTATATGAG-1,0.41884784289510535
CSF,HC,HC,32,CTACATTAGCTAACTC-1-1,0.6831962883682595
CSF,HC,HC,32,CTACATTCAGTATGCT-1,-0.3013973884643409
CSF,HC,HC,32,CTACATTTCTGCGACG-1,0.04364415462124305
CSF,HC,HC,32,CTACCCAAGCCAGAAC-1,-0.3013973884643409
CSF,HC,HC,32,CTACCCACATTATCTC-1,-0.3013973884643409
CSF,HC,HC,32,CTACCCAGTAGCAAAT-1,0.6230129904770081
CSF,HC,HC,32,CTACCCAGTGAAAGAG-1,-0.3013973884643409
CSF,HC,HC,32,CTACCCATCCCTGACT-1,0.0836556210197074
CSF,HC,HC,32,CTACGTCCATGGATGG-1,0.07631152469497386
CSF,HC,HC,32,CTACGTCTCATGTCCC-1,0.05042932874272906
CSF,HC,HC,32,CTAGAGTCAATCCGAT-1,0.27789739817009906
CSF,HC,HC,32,CTAGAGTTCTTGTCAT-1,-0.07021732208029267
CSF,HC,HC,32,CTAGCCTAGGCCCGTT-1,-0.3013973884643409
CSF,HC,HC,32,CTAGCCTAGTCCCACG-1,-0.11702822363452826
CSF,HC,HC,32,CTAGCCTCAAGGACTG-1,-0.3013973884643409
CSF,HC,HC,32,CTAGCCTCAAGGTTCT-1,0.04541873820828852
CSF,HC,HC,32,CTAGCCTCAGCCTATA-1,-0.02637977998921261
CSF,HC,HC,32,CTAGTGAGTCGCTTCT-1,0.21006270193971993
CSF,HC,HC,32,CTCACACCAATCCAAC-1,0.45212420018916916
CSF,HC,HC,32,CTCAGAAAGGACACCA-1,-0.1003375342020981
CSF,HC,HC,32,CTCAGAAGTTAAGGGC-1,0.325808645526532
CSF,HC,HC,32,CTCAGAATCTCACATT-1,0.36939447955649557
CSF,HC,HC,32,CTCATTAAGGACAGCT-1,-0.3013973884643409
CSF,HC,HC,32,CTCATTATCACGACTA-1,0.4987484739332886
CSF,HC,HC,32,CTCCTAGAGCTCCTTC-1,0.07074868036024463
CSF,HC,HC,32,CTCCTAGTCTTGACGA-1,0.2800329694872231
CSF,HC,HC,32,CTCGAAAAGGTGATAT-1,0.41168242518541426
CSF,HC,HC,32,CTCGAAACATCTACGA-1,-0.1368998578406016
CSF,HC,HC,32,CTCGAAAGTGATAAAC-1,-0.11424459321985077
CSF,HC,HC,32,CTCGAGGGTAGCCTCG-1,0.10830317576647897
CSF,HC,HC,32,CTCGGAGAGGTGCTAG-1,0.18693628874071466
CSF,HC,HC,32,CTCGGAGGTATTAGCC-1,1.1022392217008528
CSF,HC,HC,32,CTCGGGACAGGTGCCT-1,0.17195790314106243
CSF,HC,HC,32,CTCGGGAGTACAGACG-1,0.0328910371418326
CSF,HC,HC,32,CTCGGGAGTTCACGGC-1,-0.3013973884643409
CSF,HC,HC,32,CTCGTACTCCATGAGT-1,0.5277826191842249
CSF,HC,HC,32,CTCGTCAAGCGTTCCG-1,0.08079533182313443
CSF,HC,HC,32,CTCGTCAGTCCAGTGC-1,-0.11815667819177413
CSF,HC,HC,32,CTCGTCATCGACAGCC-1,-0.17245681890448752
CSF,HC,HC,32,CTCTAATAGCAGCCTC-1,-0.3013973884643409
CSF,HC,HC,32,CTCTAATGTGCGGTAA-1,-0.15924532108213452
CSF,HC,HC,32,CTCTACGAGCAGGCTA-1,0.2084261736650212
CSF,HC,HC,32,CTCTACGCACGTGAGA-1,-0.12806083710754387
CSF,HC,HC,32,CTCTACGGTCATATGC-1,-0.05156251088690243
CSF,HC,HC,32,CTCTGGTTCGTACCGG-1,0.16556668357740797
CSF,HC,HC,32,CTGAAACAGGTAGCTG-1,0.10708315774277012
CSF,HC,HC,32,CTGAAACGTTAAGACA-1,0.5702303871381106
CSF,HC,HC,32,CTGAAGTGTTCGTTGA-1,-0.06362197903926153
CSF,HC,HC,32,CTGATAGTCCATTCTA-1-1,-0.3013973884643409
CSF,HC,HC,32,CTGATCCCAATTGCTG-1,-0.3013973884643409
CSF,HC,HC,32,CTGATCCCACAGGAGT-1,0.5010585981058892
CSF,HC,HC,32,CTGATCCGTTGGTTTG-1,0.4036755992852649
CSF,HC,HC,32,CTGATCCTCCCGGATG-1,-0.3013973884643409
CSF,HC,HC,32,CTGCCTAGTCCGACGT-1,0.3525854660156577
CSF,HC,HC,32,CTGCCTAGTGATAAGT-1,-0.014511683058039907
CSF,HC,HC,32,CTGCGGAAGCTCAACT-1,-0.030255878553057478
CSF,HC,HC,32,CTGCGGAAGTACACCT-1,-0.3013973884643409
CSF,HC,HC,32,CTGCGGAGTCGACTAT-1,0.06421925800462157
CSF,HC,HC,32,CTGCGGATCTCGATGA-1,0.36050595366926264
CSF,HC,HC,32,CTGCTGTAGGCATTGG-1,-0.16419686621535412
CSF,HC,HC,32,CTGCTGTCAACGCACC-1-1,0.37673504524866697
CSF,HC,HC,32,CTGCTGTCACGAGGTA-1,-0.022748724981144962
CSF,HC,HC,32,CTGCTGTTCCACGCAG-1,0.2618067503642331
CSF,HC,HC,32,CTGTGCTCAATCGGTT-1,0.19234736110395118
CSF,HC,HC,32,CTGTGCTCAGGGCATA-1,0.04756986316533015
CSF,HC,HC,32,CTGTGCTGTGACAAAT-1,0.10063273967544192
CSF,HC,HC,32,CTGTGCTGTTTGGCGC-1,0.0626842312938487
CSF,HC,HC,32,CTGTGCTTCGCTGATA-1,0.17259841043282403
CSF,HC,HC,32,CTGTTTACAGGTCCAC-1,0.7429322012075991
CSF,HC,HC,32,CTGTTTACATGCATGT-1,0.2974884568899198
CSF,HC,HC,32,CTGTTTAGTCCAGTTA-1,0.8635184454990298
CSF,HC,HC,32,CTGTTTAGTCTGGAGA-1,0.4783758211874112
CSF,HC,HC,32,CTTAACTCACTAGTAC-1,0.15361753053407043
CSF,HC,HC,32,CTTAACTCAGGCTCAC-1,0.016162905064680957
CSF,HC,HC,32,CTTAACTGTACCATCA-1,0.22650941287623536
CSF,HC,HC,32,CTTAACTGTGGTGTAG-1,-0.05555977740685903
CSF,HC,HC,32,CTTAACTTCCAGAGGA-1,-0.1032218998806144
CSF,HC,HC,32,CTTAACTTCGAGGTAG-1,0.22633350334947064
CSF,HC,HC,32,CTTACCGGTAGGGACT-1,-0.18013099066845464
CSF,HC,HC,32,CTTACCGGTGGTGTAG-1,0.7749504340448521
CSF,HC,HC,32,CTTAGGACAGTGGGAT-1,0.5472634926181577
CSF,HC,HC,32,CTTAGGAGTAGAAGGA-1,0.12265261463721212
CSF,HC,HC,32,CTTAGGAGTGAACCTT-1,-0.20042437511371558
CSF,HC,HC,32,CTTCTCTCATCTATGG-1,-0.3013973884643409
CSF,HC,HC,32,CTTCTCTGTGGCTCCA-1,0.0022519820574150424
CSF,HC,HC,32,CTTCTCTTCGTGTAGT-1-1,0.5431174666431218
CSF,HC,HC,32,CTTGGCTAGATATGCA-1,-0.053973443803717644
CSF,HC,HC,32,CTTGGCTAGTTAACGA-1,0.3883825416091418
CSF,HC,HC,32,CTTTGCGAGGCGCTCT-1,0.17826628337560718
CSF,HC,HC,32,CTTTGCGTCCAGGGCT-1,0.20040189242690967
CSF,HC,HC,32,GAACATCTCAGCAACT-1,-0.11877426299533632
CSF,HC,HC,32,GAACCTAGTAAACCTC-1,0.46438941272526246
CSF,HC,HC,32,GAACCTAGTTGTGGCC-1,0.5751183755776073
CSF,HC,HC,32,GAACGGACAACGATCT-1,0.2687599261043299
CSF,HC,HC,32,GAACGGATCCGCGGTA-1,-0.3013973884643409
CSF,HC,HC,32,GAAGCAGCAGGTCCAC-1,0.5887404999877098
CSF,HC,HC,32,GAAGCAGGTATAATGG-1,0.22381019396372137
CSF,HC,HC,32,GAATAAGGTCCCTACT-1,-0.3013973884643409
CSF,HC,HC,32,GAATGAAAGTTGTAGA-1,0.12750899556896686
CSF,HC,HC,32,GAATGAATCCCAAGAT-1,0.23804287472328012
CSF,HC,HC,32,GACACGCAGTGCGATG-1,-0.3013973884643409
CSF,HC,HC,32,GACCAATAGGGTCGAT-1,-0.12174120925424477
CSF,HC,HC,32,GACCAATAGTGACTCT-1,0.06386611961548025
CSF,HC,HC,32,GACCAATGTATGAAAC-1,0.046117150800505456
CSF,HC,HC,32,GACCAATGTCACCTAA-1,0.01796868180124072
CSF,HC,HC,32,GACCAATTCCGATATG-1,-0.3013973884643409
CSF,HC,HC,32,GACCAATTCCGCTGTT-1,-0.0033847382985142354
CSF,HC,HC,32,GACCTGGAGTGGTCCC-1-1,-0.14684322675574593
CSF,HC,HC,32,GACGCGTCAAGCGCTC-1,0.3892584798682282
CSF,HC,HC,32,GACGCGTTCGCTTGTC-1,-0.3013973884643409
CSF,HC,HC,32,GACGTGCAGAACAATC-1,0.2074611732822008
CSF,HC,HC,32,GACGTGCGTCTCTCTG-1,-0.09976623802359649
CSF,HC,HC,32,GACGTTACAAGGTGTG-1,0.06155021154060487
CSF,HC,HC,32,GACTAACAGAACTGTA-1,0.11943104286822634
CSF,HC,HC,32,GACTAACCATATACCG-1,0.10943649622474162
CSF,HC,HC,32,GACTACACACCGATAT-1,-0.19958514055350182
CSF,HC,HC,32,GACTACACAGTAACGG-1,0.04391780919382723
CSF,HC,HC,32,GACTGCGAGTCTCAAC-1,0.02556078010057372
CSF,HC,HC,32,GACTGCGCAGCTTCGG-1,0.0019107771300036253
CSF,HC,HC,32,GACTGCGTCTATCGCC-1,0.1851232733389546
CSF,HC,HC,32,GAGCAGAAGCTTTGGT-1,-0.3013973884643409
CSF,HC,HC,32,GAGCAGAAGTGACTCT-1,0.5442347027050581
CSF,HC,HC,32,GAGCAGAGTTTCCACC-1,0.3242043872121863
CSF,HC,HC,32,GAGCAGATCTTGCATT-1,0.29952352621928213
CSF,HC,HC,32,GAGGTGACACGCTTTC-1,0.7327308553595919
CSF,HC,HC,32,GAGGTGACATCACAAC-1,0.859276238980437
CSF,HC,HC,32,GAGTCCGAGCTAGCCC-1,-0.022510502691012287
CSF,HC,HC,32,GAGTCCGTCCAATGGT-1,0.22802546566791368
CSF,HC,HC,32,GATCAGTCAGGTCGTC-1,0.5926698302825766
CSF,HC,HC,32,GATCAGTTCCAAGCCG-1,0.044783782514602986
CSF,HC,HC,32,GATCGATAGTAATCCC-1,-0.18229985558498996
CSF,HC,HC,32,GATCGATAGTACGATA-1,-0.3013973884643409
CSF,HC,HC,32,GATCGATCACATAACC-1,0.012515419245566222
CSF,HC,HC,32,GATCGATTCGCCATAA-1,-0.19157186627452755
CSF,HC,HC,32,GATCGATTCTTCCTTC-1-1,-0.08942032073591911
CSF,HC,HC,32,GATCGCGCATCCAACA-1,0.40119849829130677
CSF,HC,HC,32,GATCGTACAGCTATTG-1,0.32875611548702005
CSF,HC,HC,32,GATCGTATCATCATTC-1,0.02365349640058614
CSF,HC,HC,32,GATGAAAAGTGTACCT-1,0.3347171333627288
CSF,HC,HC,32,GATGAAAGTTATTCTC-1-1,1.0466061009115109
CSF,HC,HC,32,GATGAGGAGGGTGTTG-1,0.1650941528577025
CSF,HC,HC,32,GATGAGGAGTTCGCAT-1,0.3222823789412694
CSF,HC,HC,32,GATGAGGTCAAGGTAA-1,0.04958845325479555
CSF,HC,HC,32,GATGCTAAGAGTCTGG-1,-0.12179831904851059
CSF,HC,HC,32,GATGCTACAAGTACCT-1,-0.099227179110314
CSF,HC,HC,32,GATTCAGGTCGGCATC-1,0.3216093695617765
CSF,HC,HC,32,GCAAACTAGGTAGCTG-1,-0.18667147157987282
CSF,HC,HC,32,GCAAACTGTTGCGTTA-1,0.37441377646072915
CSF,HC,HC,32,GCAATCACATACTCTT-1,-0.12704312770409562
CSF,HC,HC,32,GCAATCATCGTTTATC-1,-0.3013973884643409
CSF,HC,HC,32,GCACATAAGAACAATC-1,0.01669211100603924
CSF,HC,HC,32,GCACATACATTAACCG-1,0.06511390172281918
CSF,HC,HC,32,GCACATATCCATTCTA-1,0.5070972997756614
CSF,HC,HC,32,GCACTCTGTGTGGTTT-1,-0.09543798780732828
CSF,HC,HC,32,GCACTCTGTTTGTTGG-1,-0.08825170247328847
CSF,HC,HC,32,GCACTCTTCTCAACTT-1,0.03109480961043373
CSF,HC,HC,32,GCAGCCAAGTGAACGC-1-1,0.32595660294224155
CSF,HC,HC,32,GCAGCCAGTATGGTTC-1,0.1455159874734115
CSF,HC,HC,32,GCAGTTACAATAGAGT-1,0.0014739640863891598
CSF,HC,HC,32,GCAGTTATCTACCAGA-1,0.15754418763719438
CSF,HC,HC,32,GCATACAAGCCACGCT-1,-0.0829310348152749
CSF,HC,HC,32,GCATACACAAGTAGTA-1,0.13548678878353163
CSF,HC,HC,32,GCATACATCTTGAGGT-1,-0.18436162176143747
CSF,HC,HC,32,GCATGATAGAACTGTA-1,-0.016204442909734135
CSF,HC,HC,32,GCATGATGTATAAACG-1,-0.20103365352253186
CSF,HC,HC,32,GCATGCGAGTGGCACA-1,-0.179043281008815
CSF,HC,HC,32,GCATGCGGTAATTGGA-1,0.14183969036832975
CSF,HC,HC,32,GCCAAATCAAGAAAGG-1,0.0681301445969002
CSF,HC,HC,32,GCGACCAGTAAGGGCT-1,0.08098789204269043
CSF,HC,HC,32,GCGAGAAAGAAACCGC-1,0.20018524476566982
CSF,HC,HC,32,GCGCAACAGGGATGGG-1,-0.08459173779043956
CSF,HC,HC,32,GCGCAACCAATCCGAT-1,-0.1927436790591152
CSF,HC,HC,32,GCGCAACTCCATGAGT-1,-0.19323951510987408
CSF,HC,HC,32,GCGCAGTCAAGCTGAG-1,-0.1933336286511371
CSF,HC,HC,32,GCGCAGTCAATCCGAT-1,-0.3013973884643409
CSF,HC,HC,32,GCGCAGTTCCCTAATT-1,-0.3013973884643409
CSF,HC,HC,32,GCGCCAAAGATGTCGG-1,0.6574991346626747
CSF,HC,HC,32,GCGCCAACAGCATACT-1,0.1954956811168702
CSF,HC,HC,32,GCGCCAACATGAAGTA-1-1,-0.13923538453435716
CSF,HC,HC,32,GCGCGATAGAACAACT-1,-0.14943450435999026
CSF,HC,HC,32,GCGCGATAGCTAGCCC-1,0.3224491817769451
CSF,HC,HC,32,GCGCGATCAAACCCAT-1,0.12147964087283224
CSF,HC,HC,32,GCGGGTTAGAGACGAA-1,0.45512209730499037
CSF,HC,HC,32,GCGGGTTAGGAGTACC-1,-0.3013973884643409
CSF,HC,HC,32,GCGGGTTGTCCATGAT-1,-0.15659791450370358
CSF,HC,HC,32,GCGGGTTGTCTCAACA-1,0.019201375074418676
CSF,HC,HC,32,GCTCCTAGTCTCGTTC-1,0.014085076557625411
CSF,HC,HC,32,GCTCTGTAGCCACCTG-1,0.03974244042785261
CSF,HC,HC,32,GCTGCAGTCAACCAAC-1,-0.20534320845743695
CSF,HC,HC,32,GCTGCAGTCCTTTCGG-1,0.10508122584816477
CSF,HC,HC,32,GCTGCAGTCGGATGTT-1,0.27053691782687617
CSF,HC,HC,32,GCTGCGACAAACTGTC-1,0.43459761325830776
CSF,HC,HC,32,GCTGCGAGTTAGATGA-1-3,-0.15117398429182188
CSF,HC,HC,32,GCTGCTTAGCTAGTGG-1,0.1453695461493035
CSF,HC,HC,32,GCTGCTTAGTGGTAGC-1,-0.049000817117246596
CSF,HC,HC,32,GCTGCTTGTTGGTGGA-1,0.13823370738602372
CSF,HC,HC,32,GCTGCTTGTTGTACAC-1,0.2323431723316527
CSF,HC,HC,32,GCTGGGTCATGCATGT-1,-0.037934014349004994
CSF,HC,HC,32,GCTGGGTTCCCTTGTG-1,-0.08597861113853021
CSF,HC,HC,32,GCTTCCAAGACCCACC-1,-0.14704794895844797
CSF,HC,HC,32,GCTTGAAAGAACTGTA-1,-0.3013973884643409
CSF,HC,HC,32,GCTTGAAGTCTTCAAG-1,0.15415250971583136
CSF,HC,HC,32,GCTTGAAGTGTCGCTG-1,-0.08460117291843229
CSF,HC,HC,32,GGAAAGCTCCACGTTC-1,0.5869085094969
CSF,HC,HC,32,GGAAAGCTCCCTCAGT-1,0.8903543087692416
CSF,HC,HC,32,GGAAAGCTCTACCAGA-1,-0.12462215124597906
CSF,HC,HC,32,GGAACTTAGGATGTAT-1,-0.12735446801823178
CSF,HC,HC,32,GGAACTTCAAAGCAAT-1-1,-0.3013973884643409
CSF,HC,HC,32,GGAACTTTCCGCATAA-1,0.01892157099494805
CSF,HC,HC,32,GGAACTTTCGGTCTAA-1,0.12017962637602839
CSF,HC,HC,32,GGAATAACACAAGACG-1,-0.20089897208912058
CSF,HC,HC,32,GGAATAAGTTCGAATC-1,0.22194583407850807
CSF,HC,HC,32,GGACAAGCATCATCCC-1,-0.07047854396724525
CSF,HC,HC,32,GGACAAGGTGAACCTT-1,0.7085885388183685
CSF,HC,HC,32,GGACAGAGTGTCAATC-1,-0.005802647243433189
CSF,HC,HC,32,GGACATTCACCATCCT-1,-0.19004897639227813
CSF,HC,HC,32,GGACATTCAGCCACCA-1,-0.20087198160063924
CSF,HC,HC,32,GGACATTGTCTGCCAG-1,-0.018925960997628218
CSF,HC,HC,32,GGACATTTCGGCGCTA-1,0.5113259506127215
CSF,HC,HC,32,GGATTACAGAAGATTC-1,-0.3013973884643409
CSF,HC,HC,32,GGATTACAGTGTCCCG-1,-0.15694169708706138
CSF,HC,HC,32,GGATTACGTTACTGAC-1,1.3340887220257536
CSF,HC,HC,32,GGATTACTCTTTACGT-1,0.9618721646779184
CSF,HC,HC,32,GGCAATTGTAAACGCG-1,0.22270466796814553
CSF,HC,HC,32,GGCCGATAGGGCTTCC-1,-0.3013973884643409
CSF,HC,HC,32,GGCCGATCACTCAGGC-1,0.020084904759854298
CSF,HC,HC,32,GGCCGATCAGTTAACC-1,0.6042406013582348
CSF,HC,HC,32,GGCCGATGTACACCGC-1,0.026917040535017294
CSF,HC,HC,32,GGCGTGTGTTTACTCT-1,-0.3013973884643409
CSF,HC,HC,32,GGCGTGTTCGTCTGCT-1,0.17413839730683092
CSF,HC,HC,32,GGCTCGACACTGCCAG-1,-0.14907617024367026
CSF,HC,HC,32,GGCTCGATCAGAGCTT-1,0.003643385212108528
CSF,HC,HC,32,GGCTCGATCTGCAGTA-1,0.3210567407091651
CSF,HC,HC,32,GGCTGGTAGGGCATGT-1,-0.01704733121874417
CSF,HC,HC,32,GGGAATGGTCATTAGC-1,-0.17146719442649158
CSF,HC,HC,32,GGGAATGGTGAGGGAG-1,0.029151953631953945
CSF,HC,HC,32,GGGACCTAGTAGCGGT-1,0.7241533076633928
CSF,HC,HC,32,GGGACCTGTGGCGAAT-1,-0.0959189253755922
CSF,HC,HC,32,GGGACCTTCAGTTGAC-1,-0.3013973884643409
CSF,HC,HC,32,GGGCACTCAAGAAGAG-1,-0.18424712547950856
CSF,HC,HC,32,GGGCATCCAAGAGTCG-1,0.2568592844144749
CSF,HC,HC,32,GGGCATCGTTGCTCCT-1,-0.3013973884643409
CSF,HC,HC,32,GGTATTGAGGCTATCT-1,0.36297567809101183
CSF,HC,HC,32,GGTATTGAGTGGAGAA-1,0.15079887710358872
CSF,HC,HC,32,GGTATTGCAACTGCGC-1,0.030135573131974742
CSF,HC,HC,32,GGTATTGCAAGACACG-1,0.09838009816813635
CSF,HC,HC,32,GGTATTGTCTTGTATC-1,1.0048144186076642
CSF,HC,HC,32,GGTGAAGAGAGCCCAA-1,0.17808059373397775
CSF,HC,HC,32,GGTGAAGTCTAACTCT-1,0.8014175922087906
CSF,HC,HC,32,GGTGCGTTCTAACTCT-1,1.0918978554938111e-05
CSF,HC,HC,32,GGTGTTACAGGACCCT-1,0.22742862157490315
CSF,HC,HC,32,GGTGTTACATACTACG-1,-0.3013973884643409
CSF,HC,HC,32,GGTGTTATCCGAATGT-1,0.016569912541646605
CSF,HC,HC,32,GTAACGTAGATGGCGT-1,1.009571572825959
CSF,HC,HC,32,GTAACGTTCCGAAGAG-1,-0.1720486693198399
CSF,HC,HC,32,GTAACTGAGCCCGAAA-1,0.30855218428273695
CSF,HC,HC,32,GTAACTGCAAGGACAC-1,-0.14011244734261033
CSF,HC,HC,32,GTAACTGTCCTCTAGC-1,0.3775078635573956
CSF,HC,HC,32,GTACGTAGTGGCTCCA-1,0.19590067138010664
CSF,HC,HC,32,GTACTCCAGGGAACGG-1,-0.3013973884643409
CSF,HC,HC,32,GTACTCCAGTCAAGGC-1,0.33129437664587563
CSF,HC,HC,32,GTAGTCAGTTAGTGGG-1,0.38339159268195083
CSF,HC,HC,32,GTAGTCATCTTTACAC-1,0.4599144993238922
CSF,HC,HC,32,GTATCTTAGTGGGATC-1,-0.18741233991207723
CSF,HC,HC,32,GTATCTTCATCAGTAC-1,-0.1963344077267862
CSF,HC,HC,32,GTATTCTTCAAGGCTT-1,-0.09569488202161894
CSF,HC,HC,32,GTATTCTTCAGTACGT-1,0.021362368183808173
CSF,HC,HC,32,GTCAAGTAGAAACGCC-1,-0.11126974162535463
CSF,HC,HC,32,GTCAAGTAGGGTTTCT-1,-0.18279367412433764
CSF,HC,HC,32,GTCAAGTCAATGGACG-1,-0.1915224221888975
CSF,HC,HC,32,GTCAAGTCAGACACTT-1,-0.3013973884643409
CSF,HC,HC,32,GTCAAGTCATCCCACT-1,0.34213316490096674
CSF,HC,HC,32,GTCAAGTCATTAACCG-1,0.656905389367381
CSF,HC,HC,32,GTCAAGTTCTACTATC-1,-0.1425983225223315
CSF,HC,HC,32,GTCACAAAGGGCTCTC-1,0.35369747759202835
CSF,HC,HC,32,GTCACAACATAGGATA-1,-0.3013973884643409
CSF,HC,HC,32,GTCACAATCAATACCG-1,0.4330209976673238
CSF,HC,HC,32,GTCACGGAGATGCCAG-1,0.3655175013328377
CSF,HC,HC,32,GTCACGGAGTCCGTAT-1,-0.024591320573969396
CSF,HC,HC,32,GTCACGGTCAGGATCT-1,-0.037577636074671905
CSF,HC,HC,32,GTCCTCAAGAATCTCC-1,0.1283496702601196
CSF,HC,HC,32,GTCCTCACATTACGAC-1,-0.3013973884643409
CSF,HC,HC,32,GTCTCGTAGCTACCGC-1,0.03241832720389636
CSF,HC,HC,32,GTCTCGTCACCATGTA-1,-0.3013973884643409
CSF,HC,HC,32,GTCTCGTTCTGAGGGA-1,0.30285912831618855
CSF,HC,HC,32,GTCTTCGAGATGGCGT-1,0.3865762322708708
CSF,HC,HC,32,GTCTTCGAGGATCGCA-1,0.08438830490717715
CSF,HC,HC,32,GTCTTCGGTATATGGA-1,-0.06939280532032763
CSF,HC,HC,32,GTCTTCGGTGGAAAGA-1,0.1738275531295917
CSF,HC,HC,32,GTGAAGGAGAATGTGT-1,0.29669613984394116
CSF,HC,HC,32,GTGAAGGCAATGAAAC-1,-0.05107418291037662
CSF,HC,HC,32,GTGAAGGGTATCAGTC-1,0.22887963951973203
CSF,HC,HC,32,GTGCAGCAGGGCATGT-1,0.41834501981179784
CSF,HC,HC,32,GTGCAGCTCTCGTTTA-1,0.11746295852329866
CSF,HC,HC,32,GTGCATAAGAGGACGG-1,0.03074291161049736
CSF,HC,HC,32,GTGCATACATTCGACA-1,-0.14701078057657874
CSF,HC,HC,32,GTGCTTCCAAATCCGT-1,-0.1921450703748269
CSF,HC,HC,32,GTGCTTCTCTGCGACG-1,0.0887059652242775
CSF,HC,HC,32,GTGGGTCAGATGCCAG-1,0.42478121487065484
CSF,HC,HC,32,GTGGGTCAGATGGCGT-1,0.10104110772402874
CSF,HC,HC,32,GTGGGTCAGCTCCTCT-1,0.3800448788859744
CSF,HC,HC,32,GTGTGCGCAACAACCT-1,-7.621574932619486e-05
CSF,HC,HC,32,GTGTGCGGTCGCTTTC-1,-0.3013973884643409
CSF,HC,HC,32,GTTAAGCGTGCAACTT-1,-0.09273679709121407
CSF,HC,HC,32,GTTAAGCTCCAACCAA-1,0.019763358529164998
CSF,HC,HC,32,GTTACAGAGCGCCTTG-1,0.4367434034376048
CSF,HC,HC,32,GTTACAGCATGGTCAT-1,-0.3013973884643409
CSF,HC,HC,32,GTTCATTAGGCTACGA-1,-0.3013973884643409
CSF,HC,HC,32,GTTCGGGTCGGGAGTA-1,-0.3013973884643409
CSF,HC,HC,32,GTTCTCGAGTAGATGT-1,0.03337696462599098
CSF,HC,HC,32,GTTCTCGGTTCGTTGA-1,0.4192540354245301
CSF,HC,HC,32,GTTCTCGTCCCATTTA-1,-0.3013973884643409
CSF,HC,HC,32,GTTCTCGTCCGTACAA-1,-0.3013973884643409
CSF,HC,HC,32,GTTTCTATCCACGTTC-1,0.31231054338319736
CSF,HC,HC,32,TAAACCGAGTACACCT-1,0.37118184013342986
CSF,HC,HC,32,TAAGAGAAGGCTATCT-1,0.01491778861521334
CSF,HC,HC,32,TAAGCGTCACAGGCCT-1,0.1531858585679417
CSF,HC,HC,32,TAAGCGTTCCGAACGC-1,0.017137376534541775
CSF,HC,HC,32,TAAGTGCAGAGTCTGG-1,-0.014420225683750494
CSF,HC,HC,32,TAAGTGCGTAAGGGAA-1,0.2689180744054735
CSF,HC,HC,32,TAAGTGCGTAGCCTCG-1,-0.18707038678393184
CSF,HC,HC,32,TAAGTGCGTCAAGCGA-1,0.222255419368123
CSF,HC,HC,32,TACACGAAGGGTTTCT-1,0.16276173428179583
CSF,HC,HC,32,TACACGACATGGATGG-1,-0.3013973884643409
CSF,HC,HC,32,TACACGATCACTTCAT-1,-0.08034757770082608
CSF,HC,HC,32,TACAGTGAGTACGTAA-1,-0.21059965878537512
CSF,HC,HC,32,TACCTATGTACTTAGC-1,0.13582383998872305
CSF,HC,HC,32,TACCTATGTCTTGTCC-1,0.39018632633737094
CSF,HC,HC,32,TACCTATTCCAAGCCG-1,0.6593189392698446
CSF,HC,HC,32,TACGGATAGCTAGTTC-1,-0.3013973884643409
CSF,HC,HC,32,TACGGATTCCCGACTT-1-1,-0.3013973884643409
CSF,HC,HC,32,TACGGATTCCTAGGGC-1,0.461136093561137
CSF,HC,HC,32,TACGGGCCATGCCTAA-1,0.3112081746147207
CSF,HC,HC,32,TACGGGCTCTACTTAC-1,0.0944731182898954
CSF,HC,HC,32,TACGGTACAATGCCAT-1,0.32274264477602893
CSF,HC,HC,32,TACGGTAGTAGAAGGA-1,-0.19369874487149516
CSF,HC,HC,32,TACGGTATCCTTGCCA-1,0.5374145255368767
CSF,HC,HC,32,TACTCATCAAGGGTCA-1,-0.3013973884643409
CSF,HC,HC,32,TACTCGCAGAATTCCC-1,-0.3013973884643409
CSF,HC,HC,32,TACTCGCAGATAGCAT-1,-0.3013973884643409
CSF,HC,HC,32,TACTCGCGTCCAACTA-1,0.1929121503130356
CSF,HC,HC,32,TACTTACAGCCGATTT-1,1.0488229711015669
CSF,HC,HC,32,TACTTACCACCATCCT-1,-0.16035459101297458
CSF,HC,HC,32,TACTTACTCTAGCACA-1,-0.03802420070029052
CSF,HC,HC,32,TACTTGTGTTTCCACC-1,6.713542429933764e-06
CSF,HC,HC,32,TACTTGTTCACTTACT-1,-0.3013973884643409
CSF,HC,HC,32,TACTTGTTCCTAGTGA-1,-0.3013973884643409
CSF,HC,HC,32,TAGACCAAGGACCACA-1,-0.17028531415958822
CSF,HC,HC,32,TAGACCAGTATGGTTC-1-1,0.17578529839357812
CSF,HC,HC,32,TAGACCATCATTGCCC-1,-0.0878420138112824
CSF,HC,HC,32,TAGACCATCTTAGAGC-1,-0.008514150974658876
CSF,HC,HC,32,TAGAGCTCACGGACAA-1,0.0859402358492894
CSF,HC,HC,32,TAGAGCTCATAAGACA-1,-0.3013973884643409
CSF,HC,HC,32,TAGTGGTAGATACACA-1-2,-0.3013973884643409
CSF,HC,HC,32,TAGTGGTCAAGCGCTC-1,0.36092880765897356
CSF,HC,HC,32,TAGTGGTCAGCTTAAC-1-1,0.4570100239645987
CSF,HC,HC,32,TAGTTGGGTTAGGGTG-1,0.001961943105537497
CSF,HC,HC,32,TAGTTGGTCGGTGTTA-1,0.3796502459732463
CSF,HC,HC,32,TATCAGGAGGCAATTA-1,0.5328595696239355
CSF,HC,HC,32,TATCAGGAGTCTCGGC-1,-0.11554853325780148
CSF,HC,HC,32,TATCAGGGTACGCACC-1,-0.3013973884643409
CSF,HC,HC,32,TATCTCAGTGTCTGAT-1,0.5413702417124159
CSF,HC,HC,32,TATGCCCAGTACGTTC-1,-0.3013973884643409
CSF,HC,HC,32,TATTACCAGATCCCGC-1,0.4363613897409112
CSF,HC,HC,32,TATTACCGTTAAGTAG-1,0.13827847456398132
CSF,HC,HC,32,TATTACCTCATCACCC-1,0.20556268834395733
CSF,HC,HC,32,TATTACCTCCATGCTC-1,-0.0962190858734914
CSF,HC,HC,32,TATTACCTCTGAAAGA-1,0.10500398744749319
CSF,HC,HC,32,TCAACGACAGGGTACA-1,-0.3013973884643409
CSF,HC,HC,32,TCAACGAGTAAGGATT-1,0.18730494808528733
CSF,HC,HC,32,TCAACGAGTGCCTGCA-1,-0.0962316945971593
CSF,HC,HC,32,TCAATCTAGGATGTAT-1,-0.05947036641082341
CSF,HC,HC,32,TCAATCTCATTACGAC-1-1,0.005201638001808443
CSF,HC,HC,32,TCAATCTTCACGCATA-1,0.23980065714369084
CSF,HC,HC,32,TCACAAGTCTGTCTAT-1,-0.1371761953617889
CSF,HC,HC,32,TCACGAAGTGTTTGGT-1,0.6862862982892404
CSF,HC,HC,32,TCACGAATCTCGTTTA-1,-0.3013973884643409
CSF,HC,HC,32,TCAGCAAAGGTGCACA-1,0.20310294437928844
CSF,HC,HC,32,TCAGCTCAGGCACATG-1,0.4938831564636724
CSF,HC,HC,32,TCAGCTCAGTGAATTG-1,-0.17532146428626616
CSF,HC,HC,32,TCAGCTCGTAAACGCG-1,-0.3013973884643409
CSF,HC,HC,32,TCAGCTCTCGGCTTGG-1,0.6386309286588864
CSF,HC,HC,32,TCAGGATCACGGTAGA-1,-0.3013973884643409
CSF,HC,HC,32,TCAGGTAAGGGAACGG-1,-0.09711832492306814
CSF,HC,HC,32,TCAGGTAGTTCCCGAG-1-2,1.2607514397621766
CSF,HC,HC,32,TCATTACAGAGGTACC-1-1,-0.041385350531080674
CSF,HC,HC,32,TCATTACTCCGTAGGC-1,0.005911063437216408
CSF,HC,HC,32,TCATTTGAGGGCTCTC-1,-0.17664302459694284
CSF,HC,HC,32,TCCACACAGAATTGTG-1,-0.3013973884643409
CSF,HC,HC,32,TCCACACAGGAATTAC-1,-0.3013973884643409
CSF,HC,HC,32,TCCACACCAGGTCGTC-1,0.15433138202409674
CSF,HC,HC,32,TCCACACGTGTCAATC-1,-0.12323501083763998
CSF,HC,HC,32,TCCCGATAGCGTTGCC-1,-0.3013973884643409
CSF,HC,HC,32,TCCCGATCACAACTGT-1,0.4035321674621745
CSF,HC,HC,32,TCCCGATGTCATGCAT-1,-0.10365283723671757
CSF,HC,HC,32,TCCCGATGTGCGATAG-1,0.10158135291611205
CSF,HC,HC,32,TCGAGGCCAATGACCT-1,0.5051115457376777
CSF,HC,HC,32,TCGAGGCCACCCATGG-1,-0.2054346187878943
CSF,HC,HC,32,TCGCGAGAGCCACGCT-1,0.1373285783820959
CSF,HC,HC,32,TCGCGAGCAAAGAATC-1,0.06496903627636393
CSF,HC,HC,32,TCGCGAGCAGGTTTCA-1-1,0.2006461343715433
CSF,HC,HC,32,TCGCGAGTCGGATGGA-1-1,0.5026199453163792
CSF,HC,HC,32,TCGCGTTAGTTTGCGT-1,-0.3013973884643409
CSF,HC,HC,32,TCGCGTTCAAGCGAGT-1-1,-0.1781478973996742
CSF,HC,HC,32,TCGGGACAGACAAAGG-1,0.27495302450630177
CSF,HC,HC,32,TCGGGACCATTTCAGG-1,0.20385375326519098
CSF,HC,HC,32,TCGGGACTCGACCAGC-1,0.025486171475496526
CSF,HC,HC,32,TCGGTAACAGGACGTA-1,0.06562497754554089
CSF,HC,HC,32,TCGTACCTCCTCGCAT-1,0.06250373425899079
CSF,HC,HC,32,TCGTACCTCCTTTCTC-1,0.4367427830810505
CSF,HC,HC,32,TCGTACCTCTACCTGC-1,-0.20766367622775256
CSF,HC,HC,32,TCGTAGAAGAAGGACA-1,0.03895185931541951
CSF,HC,HC,32,TCGTAGAAGACACGAC-1,0.11267809756692129
CSF,HC,HC,32,TCGTAGAAGCTAGTGG-1,0.04602687721216309
CSF,HC,HC,32,TCGTAGACATAGGATA-1,-0.1138521571646077
CSF,HC,HC,32,TCGTAGATCCATGAGT-1,0.12391070458716662
CSF,HC,HC,32,TCGTAGATCGTACCGG-1,-0.1467605112271155
CSF,HC,HC,32,TCTATTGCAAGTAGTA-1,0.1331350109798369
CSF,HC,HC,32,TCTATTGTCGGACAAG-1,-0.03273168008562878
CSF,HC,HC,32,TCTATTGTCTAACGGT-1,0.18234142751323756
CSF,HC,HC,32,TCTCATATCGCCCTTA-1,-0.14128622745175817
CSF,HC,HC,32,TCTTCGGAGGTCATCT-1,0.0500654624904821
CSF,HC,HC,32,TCTTCGGTCAGTTTGG-1,0.5407085940354096
CSF,HC,HC,32,TGAAAGAGTCATATGC-1-1,0.010814981425521777
CSF,HC,HC,32,TGACAACGTTTGCATG-1,-0.3013973884643409
CSF,HC,HC,32,TGACGGCAGAGCAATT-1,0.34935912589342505
CSF,HC,HC,32,TGACGGCGTCCCGACA-1,-0.18308770884712414
CSF,HC,HC,32,TGACGGCTCCACGACG-1,0.1253518424645313
CSF,HC,HC,32,TGACTAGAGTTAGCGG-1,0.054668293075735556
CSF,HC,HC,32,TGACTAGTCCGTTGCT-1,0.19247167080913066
CSF,HC,HC,32,TGACTTTGTGCCTTGG-1,-0.1064134973132602
CSF,HC,HC,32,TGAGAGGCATGCTAGT-1,0.05915455404076249
CSF,HC,HC,32,TGAGCATAGGATATAC-1,0.16435830679838379
CSF,HC,HC,32,TGAGCATCAGCTATTG-1,-0.02922334210098121
CSF,HC,HC,32,TGAGCCGAGACTGGGT-1,-0.1854832376576297
CSF,HC,HC,32,TGAGCCGAGAGTACAT-1,-0.1560855441477636
CSF,HC,HC,32,TGAGCCGGTGCACCAC-1,-0.3013973884643409
CSF,HC,HC,32,TGAGGGACACGACGAA-1,-0.3013973884643409
CSF,HC,HC,32,TGATTTCGTAGCTAAA-1,0.3517931751795428
CSF,HC,HC,32,TGATTTCTCTTCGGTC-1,0.4479837345412737
CSF,HC,HC,32,TGCACCTAGCCCTAAT-1,-0.14893223435492997
CSF,HC,HC,32,TGCACCTAGTTGTCGT-1,-0.09640520057852364
CSF,HC,HC,32,TGCACCTCACTCGACG-1,0.7143890119671533
CSF,HC,HC,32,TGCACCTCAGACGCCT-1,0.05550674513318029
CSF,HC,HC,32,TGCACCTGTATTCTCT-1,-0.09209116076088812
CSF,HC,HC,32,TGCACCTTCAGAGCTT-1,-0.04417251619619218
CSF,HC,HC,32,TGCCAAACATCCAACA-1,0.11009258729847811
CSF,HC,HC,32,TGCCCATCACGTTGGC-1,0.04653098288081486
CSF,HC,HC,32,TGCCCATCATGTCCTC-1,-0.3013973884643409
CSF,HC,HC,32,TGCCCATGTAAATGTG-1,0.006893698281019346
CSF,HC,HC,32,TGCCCATTCATACGGT-1,0.03288580514947182
CSF,HC,HC,32,TGCCCATTCGCCGTGA-1,0.012077326793540264
CSF,HC,HC,32,TGCCCATTCTCGATGA-1,-0.10336689973059644
CSF,HC,HC,32,TGCCCTAGTACAGTTC-1-1,-0.09893829109491051
CSF,HC,HC,32,TGCGGGTAGATATGGT-1,0.09622486336420363
CSF,HC,HC,32,TGCGGGTTCGTAGATC-1,-0.0962190858734914
CSF,HC,HC,32,TGCGTGGCACGACTCG-1,-0.13554356691108777
CSF,HC,HC,32,TGCGTGGTCCAGAGGA-1,0.03839472630567009
CSF,HC,HC,32,TGCGTGGTCGACGGAA-1,0.07615179896100495
CSF,HC,HC,32,TGCGTGGTCTGACCTC-1,0.2990715426973604
CSF,HC,HC,32,TGCTACCCACAACTGT-1,-0.08643841387172367
CSF,HC,HC,32,TGCTGCTAGCAATCTC-1,0.42025365610511034
CSF,HC,HC,32,TGCTGCTAGTGGACGT-1,0.15776168315582786
CSF,HC,HC,32,TGCTGCTCACCACGTG-1-1,-0.10904042991759388
CSF,HC,HC,32,TGCTGCTGTACTTGAC-1,-0.3013973884643409
CSF,HC,HC,32,TGCTGCTGTCCGACGT-1,0.4162170406705065
CSF,HC,HC,32,TGGACGCCATTGGCGC-1,0.19944276777784273
CSF,HC,HC,32,TGGCGCAAGCATGGCA-1,-0.045941199052489216
CSF,HC,HC,32,TGGCGCATCCGCAAGC-1,0.5696612078573661
CSF,HC,HC,32,TGGCTGGAGAGGGATA-1,0.5415899032172068
CSF,HC,HC,32,TGGCTGGTCTGCTGTC-1,-0.12507160024092986
CSF,HC,HC,32,TGGGAAGCAGCCTGTG-1,-0.3013973884643409
CSF,HC,HC,32,TGGGAAGGTACTCTCC-1,0.8039119840835253
CSF,HC,HC,32,TGGGCGTAGAATCTCC-1,0.16994149140984943
CSF,HC,HC,32,TGGGCGTAGATCCCAT-1,0.1543875632766771
CSF,HC,HC,32,TGGGCGTGTGTGGTTT-1,0.18003443551976478
CSF,HC,HC,32,TGGGCGTTCAGCATGT-1,0.7684026840176797
CSF,HC,HC,32,TGGGCGTTCTGGAGCC-1,0.23921920585355144
CSF,HC,HC,32,TGGTTAGGTCTCACCT-1,0.5317515780393165
CSF,HC,HC,32,TGGTTCCGTATCGCAT-1,-0.3013973884643409
CSF,HC,HC,32,TGTCCCAAGACACGAC-1,0.5692191743982618
CSF,HC,HC,32,TGTCCCAGTGATGTCT-1,-0.3013973884643409
CSF,HC,HC,32,TGTGTTTGTTCACCTC-1,-0.3013973884643409
CSF,HC,HC,32,TGTGTTTTCATCACCC-1,0.3308472998488751
CSF,HC,HC,32,TGTGTTTTCTGCAAGT-1,-0.3013973884643409
CSF,HC,HC,32,TTAGGACAGAAGGCCT-1,0.19480457232919704
CSF,HC,HC,32,TTAGGCAAGCGTAGTG-1,0.054519645754661124
CSF,HC,HC,32,TTAGGCAAGGCTAGCA-1,-0.3013973884643409
CSF,HC,HC,32,TTAGGCAGTCAGATAA-1,0.7688164601968915
CSF,HC,HC,32,TTATGCTGTCATGCCG-1,0.21183025255106655
CSF,HC,HC,32,TTCGGTCAGCGATAGC-1,0.7034309967986692
CSF,HC,HC,32,TTCGGTCCACCAGATT-1,-0.3013973884643409
CSF,HC,HC,32,TTCGGTCCACCGAAAG-1,0.8712611044630484
CSF,HC,HC,32,TTCGGTCGTCCGTTAA-1,-0.3013973884643409
CSF,HC,HC,32,TTCTACAAGCGTGAAC-1,0.5476007314804922
CSF,HC,HC,32,TTCTACAGTCTCCCTA-1,0.07867986232362603
CSF,HC,HC,32,TTCTACATCCCACTTG-1-1,0.345671385196024
CSF,HC,HC,32,TTCTACATCTCAAACG-1,0.36962637424022887
CSF,HC,HC,32,TTCTACATCTTTACAC-1,-0.3013973884643409
CSF,HC,HC,32,TTCTCCTAGAGTCGGT-1,-0.3013973884643409
CSF,HC,HC,32,TTCTCCTAGTAAGTAC-1,-0.20059014795399646
CSF,HC,HC,32,TTCTCCTGTACTCTCC-1,0.0965763956438861
CSF,HC,HC,32,TTCTCCTTCCAGAGGA-1,0.39762818019632296
CSF,HC,HC,32,TTCTTAGCAAGCGTAG-1,-0.3013973884643409
CSF,HC,HC,32,TTCTTAGCAGTTAACC-1,0.06410058125866432
CSF,HC,HC,32,TTCTTAGGTGAAAGAG-1,0.03781995534494981
CSF,HC,HC,32,TTCTTAGGTGACTCAT-1,-0.3013973884643409
CSF,HC,HC,32,TTGAACGAGGGTATCG-1,0.035794144583780434
CSF,HC,HC,32,TTGAACGAGTGGAGAA-1,-0.06981254862245143
CSF,HC,HC,32,TTGAACGCACGAGAGT-1,-0.3013973884643409
CSF,HC,HC,32,TTGACTTCAAACGCGA-1,-0.08959037516105173
CSF,HC,HC,32,TTGACTTGTTGCCTCT-1,-0.3013973884643409
CSF,HC,HC,32,TTGCCGTAGACCCACC-1,0.11705687415075734
CSF,HC,HC,32,TTGCCGTCATACTCTT-1,-0.1976999718684418
CSF,HC,HC,32,TTGCCGTTCAACTCTT-1,0.3637948278860825
CSF,HC,HC,32,TTGCGTCAGGCAGGTT-1,-0.1990403422108827
CSF,HC,HC,32,TTGGAACAGTCGTTTG-1,-0.3013973884643409
CSF,HC,HC,32,TTGGAACCATTACCTT-1,-0.1765766173556663
CSF,HC,HC,32,TTGGAACGTCAGATAA-1,0.17958756525617767
CSF,HC,HC,32,TTGTAGGCAGCTGTGC-1-1,0.31130971082923425
CSF,HC,HC,32,TTGTAGGGTCAGTGGA-1-1,0.4393584112879619
CSF,HC,HC,32,TTGTAGGGTTACGCGC-1,-0.3013973884643409
CSF,HC,HC,32,TTTACTGAGACCTAGG-1,0.1562080509572628
CSF,HC,HC,32,TTTACTGCACTATCTT-1,0.696362828810451
CSF,HC,HC,32,TTTACTGCACTTCTGC-1,0.3060655886276911
CSF,HC,HC,32,TTTACTGGTTAAGAAC-1,0.5965768361890252
CSF,HC,HC,32,TTTACTGTCGGAAATA-1-1,-0.10578187370979573
CSF,HC,HC,32,TTTATGCAGTCCCACG-1,-0.12215446786032677
CSF,HC,HC,32,TTTATGCGTGTGAATA-1,0.025276919742095765
CSF,HC,HC,32,TTTATGCTCCTACAGA-1,0.4529762708494202
CSF,HC,HC,32,TTTGGTTTCCTGCCAT-1,0.13747087964094964
CSF,HC,HC,32,TTTGTCACAATGAAAC-1,0.05730085250211649
CSF,HC,HC,32,TTTGTCAGTCCGTGAC-1,-0.06381913653430503
CSF,HC,HC,32,TTTGTCAGTTACGACT-1,-0.05608197351480045
PB,HC,HC,2,AAAGATGAGATGGCGT-1,-0.04760371289652515
PB,HC,HC,2,AAAGATGAGGGTCGAT-1,0.18693051721951748
PB,HC,HC,2,AAAGATGCAGGATCGA-1,-0.11640554205146467
PB,HC,HC,2,AAAGATGCATCACAAC-1,-0.04502052543731361
PB,HC,HC,2,AAAGTAGAGGAGTTTA-1,0.13301653361739108
PB,HC,HC,2,AAAGTAGCATGCCTAA-1,0.1793887711902502
PB,HC,HC,2,AAATGCCTCCCTCTTT-1,-0.07560611097159722
PB,HC,HC,2,AACACGTAGTTAAGTG-1,0.2984941847279489
PB,HC,HC,2,AACACGTTCATCGATG-1,-0.046356188867126176
PB,HC,HC,2,AACACGTTCATGTGGT-1,0.2252546228866929
PB,HC,HC,2,AACACGTTCTTCGGTC-1-1,-0.3013973884643409
PB,HC,HC,2,AACCGCGAGATGCCAG-1,-0.11216972387966424
PB,HC,HC,2,AACCGCGGTGCAACTT-1,-0.18524240717356344
PB,HC,HC,2,AACCGCGGTTTGACAC-1,-0.3013973884643409
PB,HC,HC,2,AACGTTGAGGGTATCG-1,-0.1573651591769732
PB,HC,HC,2,AACGTTGTCACTCTTA-1,-0.14561927987031328
PB,HC,HC,2,AACTCAGAGAGCTGGT-1,-0.11287797616902064
PB,HC,HC,2,AACTCAGGTTTGTTGG-1,0.1285282464442631
PB,HC,HC,2,AACTCTTAGAGTCGGT-1,0.746962602576116
PB,HC,HC,2,AACTGGTAGAACTGTA-1-1,0.1398193772797615
PB,HC,HC,2,AACTGGTTCTGCGACG-1,-0.3013973884643409
PB,HC,HC,2,AAGACCTAGACGACGT-1,0.25430636672830076
PB,HC,HC,2,AAGACCTCAGCTCCGA-1,0.44429039325041975
PB,HC,HC,2,AAGACCTTCCTTGACC-1,-0.049275427427776367
PB,HC,HC,2,AAGCCGCCACCAGGTC-1,0.037935337313772854
PB,HC,HC,2,AAGGAGCAGTTACGGG-1-1,-0.15794926338495907
PB,HC,HC,2,AAGGAGCCATGTCGAT-1,0.07199427714435629
PB,HC,HC,2,AAGGAGCGTACAGACG-1,-0.09712103803749418
PB,HC,HC,2,AAGGCAGTCGTATCAG-1,-0.3013973884643409
PB,HC,HC,2,AAGGTTCTCTTGCATT-1,0.338112728152175
PB,HC,HC,2,AAGTCTGCAAAGCGGT-1,-0.3013973884643409
PB,HC,HC,2,AAGTCTGCACCGTTGG-1,0.11428887877993801
PB,HC,HC,2,AAGTCTGTCGTGGACC-1,-0.3013973884643409
PB,HC,HC,2,AATCCAGAGATCTGCT-1,0.240841448911556
PB,HC,HC,2,ACACCCTCACAGGAGT-1,0.07313058492197833
PB,HC,HC,2,ACACTGAAGCGTGAAC-1,-0.1530567001832541
PB,HC,HC,2,ACACTGAAGGGAACGG-1,-0.19666108397747953
PB,HC,HC,2,ACACTGACACATTTCT-1,-0.0991624549554081
PB,HC,HC,2,ACACTGACATGGGAAC-1,0.4638625880036081
PB,HC,HC,2,ACAGCCGTCCTGCCAT-1,0.0016205304299381812
PB,HC,HC,2,ACAGCTAAGATGTCGG-1,-0.3013973884643409
PB,HC,HC,2,ACAGCTAGTAAATGTG-1,-0.01585702306466185
PB,HC,HC,2,ACAGCTAGTGATGCCC-1,-0.3013973884643409
PB,HC,HC,2,ACATACGGTCCTCTTG-1,0.044854677200595564
PB,HC,HC,2,ACATCAGCAGTACACT-1,-0.3013973884643409
PB,HC,HC,2,ACATCAGGTTCCATGA-1-1,-0.18828350334691324
PB,HC,HC,2,ACATCAGTCGCAAACT-1-1,-0.3013973884643409
PB,HC,HC,2,ACATCAGTCTAACCGA-1,-0.21406001205145284
PB,HC,HC,2,ACATGGTAGAGTCGGT-1,-0.10327553163660752
PB,HC,HC,2,ACCAGTAAGATGGCGT-1,-0.3013973884643409
PB,HC,HC,2,ACCAGTATCAGCTCTC-1,0.04071312751647667
PB,HC,HC,2,ACCCACTCAGGGTATG-1,-0.06802371200638183
PB,HC,HC,2,ACCGTAAAGCGTGAAC-1,0.5809247011335908
PB,HC,HC,2,ACCTTTAAGGCTAGAC-1,0.12584852070317026
PB,HC,HC,2,ACCTTTAGTACTCTCC-1,-0.3013973884643409
PB,HC,HC,2,ACGAGCCAGTAGCGGT-1-1,0.6681098857799022
PB,HC,HC,2,ACGAGGAGTCAAGCGA-1,-0.3013973884643409
PB,HC,HC,2,ACGAGGAGTGAGTATA-1,0.7460060980935331
PB,HC,HC,2,ACGAGGATCACGAAGG-1,-0.03271554414811859
PB,HC,HC,2,ACGATACCAGACGCTC-1,0.48359992513278266
PB,HC,HC,2,ACGATGTAGACCGGAT-1,0.1247308271910335
PB,HC,HC,2,ACGATGTAGCCCGAAA-1,-0.008597127954551777
PB,HC,HC,2,ACGATGTAGTTACCCA-1,0.42599608396472394
PB,HC,HC,2,ACGCAGCGTCTAGCGC-1,-0.10584125403546933
PB,HC,HC,2,ACGCAGCTCCTCAACC-1,0.13405030802982082
PB,HC,HC,2,ACGCCAGTCCACGTTC-1,0.12381846098075235
PB,HC,HC,2,ACGCCGAAGTTACGGG-1-1,0.30618823433951986
PB,HC,HC,2,ACGCCGAGTGCCTTGG-1,0.29062110815452635
PB,HC,HC,2,ACGCCGATCAGGCAAG-1,0.5757141544798643
PB,HC,HC,2,ACGGAGAGTAAGGGAA-1,0.3249687123063944
PB,HC,HC,2,ACGGAGATCTGTACGA-1,0.027673496877669807
PB,HC,HC,2,ACGGCCACATCACAAC-1,-0.0812872448318258
PB,HC,HC,2,ACGGGCTCAATGGACG-1,-0.0935758657992034
PB,HC,HC,2,ACGGGCTCAGCGTTCG-1,-0.13022868789593112
PB,HC,HC,2,ACGGGCTGTCCGTCAG-1,-0.3013973884643409
PB,HC,HC,2,ACGGGCTGTTCGGGCT-1,-0.16500464585089442
PB,HC,HC,2,ACGGGTCGTTGCGCAC-1,-0.052527531530851844
PB,HC,HC,2,ACTGAACGTACCAGTT-1,-0.3013973884643409
PB,HC,HC,2,ACTGAACGTTACAGAA-1,-0.01430608181058526
PB,HC,HC,2,ACTGAGTTCCCATTTA-1,-0.3013973884643409
PB,HC,HC,2,ACTGATGAGAGTTGGC-1,-0.0018657244658722507
PB,HC,HC,2,ACTGTCCAGGCGTACA-1,-0.3013973884643409
PB,HC,HC,2,ACTGTCCCACAGCGTC-1-1,-0.13010574889806778
PB,HC,HC,2,ACTGTCCGTCTTGCGG-1-1,-0.3013973884643409
PB,HC,HC,2,ACTGTCCTCTACTATC-1,-0.22731792769231904
PB,HC,HC,2,ACTTACTAGGCTAGGT-1,0.16526601963702806
PB,HC,HC,2,ACTTGTTCATTCCTGC-1,-0.3013973884643409
PB,HC,HC,2,ACTTGTTGTCTACCTC-1,-0.07649011674582673
PB,HC,HC,2,ACTTTCACATCTCCCA-1,0.079143896028729
PB,HC,HC,2,AGAATAGAGAACTGTA-1,0.04015589570705241
PB,HC,HC,2,AGAATAGTCGCATGGC-1,-0.08154980431608401
PB,HC,HC,2,AGACGTTTCCGTAGTA-1,-0.1354936488921858
PB,HC,HC,2,AGACGTTTCTGATTCT-1,-0.13579992867575014
PB,HC,HC,2,AGAGCGACAGATGAGC-1,0.6915930036925431
PB,HC,HC,2,AGAGCTTCAGCAGTTT-1,0.9820370946014695
PB,HC,HC,2,AGAGCTTTCGGCTACG-1,0.16243570731276383
PB,HC,HC,2,AGAGTGGAGCCAGTAG-1,-0.3013973884643409
PB,HC,HC,2,AGAGTGGCAATTCCTT-1,-0.3013973884643409
PB,HC,HC,2,AGAGTGGGTTGTCGCG-1,0.17498289304441397
PB,HC,HC,2,AGATCTGAGTTGAGTA-1,-0.3013973884643409
PB,HC,HC,2,AGATTGCCAGCTGCTG-1,-0.010810349854042571
PB,HC,HC,2,AGATTGCGTAGGCTGA-1,-0.3013973884643409
PB,HC,HC,2,AGCAGCCAGATCCCGC-1,-0.1768845640730706
PB,HC,HC,2,AGCAGCCCATCGTCGG-1,0.06066077276476835
PB,HC,HC,2,AGCATACAGTCCGGTC-1,0.018085813750224396
PB,HC,HC,2,AGCCTAAGTCTCCCTA-1,0.4756968431224084
PB,HC,HC,2,AGCGGTCAGCCTTGAT-1-1,0.4000069059673778
PB,HC,HC,2,AGCGTATGTGTTTGTG-1,0.012095297856345935
PB,HC,HC,2,AGCGTCGAGGCTATCT-1,0.4611305171564012
PB,HC,HC,2,AGCTCCTGTCCAACTA-1,-0.10161174394551224
PB,HC,HC,2,AGCTCCTGTCGAAAGC-1,0.01872998507778491
PB,HC,HC,2,AGCTCTCTCGTGGACC-1,-0.2259070297681324
PB,HC,HC,2,AGCTTGACATTCCTCG-1,0.16156774485231612
PB,HC,HC,2,AGCTTGAGTATAGGTA-1,0.28891724023710974
PB,HC,HC,2,AGCTTGAGTCGTGGCT-1,-0.005386365238030829
PB,HC,HC,2,AGCTTGAGTTCAGTAC-1-1,0.12386530937567755
PB,HC,HC,2,AGGCCACCAGCTGCTG-1,-0.011252899018225524
PB,HC,HC,2,AGGCCACGTTGTACAC-1,0.5629249941221317
PB,HC,HC,2,AGGCCGTCAGCATGAG-1,-0.3013973884643409
PB,HC,HC,2,AGGCCGTTCTCCGGTT-1-1,-0.22356788086606852
PB,HC,HC,2,AGGGATGAGAGTACCG-1,-0.08080526617639261
PB,HC,HC,2,AGGGATGAGGTACTCT-1,-0.11489869383598664
PB,HC,HC,2,AGGGTGATCACGATGT-1,0.2560381880245575
PB,HC,HC,2,AGGTCATCAACTTGAC-1,0.03664419127506036
PB,HC,HC,2,AGGTCATCATCAGTCA-1,-0.16534873474534437
PB,HC,HC,2,AGGTCATTCAACTCTT-1,0.287347314891608
PB,HC,HC,2,AGGTCCGTCAGCTGGC-1,0.2775472852430866
PB,HC,HC,2,AGTAGTCAGGTGCAAC-1,0.19670854768588
PB,HC,HC,2,AGTCTTTCAATCCAAC-1,0.009905595326846253
PB,HC,HC,2,AGTGAGGGTCTCATCC-1,-0.049318325054795324
PB,HC,HC,2,AGTGAGGTCACTTCAT-1,0.16691319781653227
PB,HC,HC,2,AGTGGGACAAGCTGTT-1,-0.3013973884643409
PB,HC,HC,2,AGTGGGATCACTTATC-1,-0.3013973884643409
PB,HC,HC,2,AGTGTCACATTAGCCA-1,-0.3013973884643409
PB,HC,HC,2,AGTTGGTAGTCCGTAT-1,-0.3013973884643409
PB,HC,HC,2,AGTTGGTAGTGTTGAA-1,0.1510936019174842
PB,HC,HC,2,ATAACGCGTCTAAAGA-1,-0.3013973884643409
PB,HC,HC,2,ATAACGCGTTGCTCCT-1,0.38588499629994183
PB,HC,HC,2,ATAACGCTCTCCAGGG-1,-0.3013973884643409
PB,HC,HC,2,ATAAGAGGTATCGCAT-1-1,-0.3013973884643409
PB,HC,HC,2,ATCACGACAGGGATTG-1,-0.19062357568703597
PB,HC,HC,2,ATCACGACATGAACCT-1,0.027482832754076314
PB,HC,HC,2,ATCACGATCTTCGGTC-1,-0.3013973884643409
PB,HC,HC,2,ATCATCTAGGAACTGC-1,0.564762308009249
PB,HC,HC,2,ATCATCTCACGTTGGC-1,-0.07242836662590417
PB,HC,HC,2,ATCATCTCAGTAAGAT-1,-0.3013973884643409
PB,HC,HC,2,ATCATCTGTGCGATAG-1,0.00012012792309397589
PB,HC,HC,2,ATCATCTTCAGTTAGC-1,0.13562934419266345
PB,HC,HC,2,ATCATCTTCGCGATCG-1,-0.3013973884643409
PB,HC,HC,2,ATCATGGAGCGTAATA-1,-0.3013973884643409
PB,HC,HC,2,ATCATGGTCAAACGGG-1,0.30506565358891136
PB,HC,HC,2,ATCCACCAGTCCATAC-1-1,-0.03129669242713744
PB,HC,HC,2,ATCCACCCAAACGCGA-1,0.25650690602716
PB,HC,HC,2,ATCCACCCACTCGACG-1,0.35739267879717823
PB,HC,HC,2,ATCCGAAGTTATTCTC-1,0.07603029466922318
PB,HC,HC,2,ATCCGAAGTTCAGCGC-1,-0.3013973884643409
PB,HC,HC,2,ATCCGAATCAGAGGTG-1,-0.12884037953950883
PB,HC,HC,2,ATCCGAATCGGTTCGG-1,-0.07292374878300656
PB,HC,HC,2,ATCTACTCAACCGCCA-1,-0.3013973884643409
PB,HC,HC,2,ATCTACTGTATCACCA-1,-0.3013973884643409
PB,HC,HC,2,ATCTACTTCTGAGGGA-1,-0.3013973884643409
PB,HC,HC,2,ATCTGCCAGAAGCCCA-1-1,-0.3013973884643409
PB,HC,HC,2,ATCTGCCCAGACGCCT-1,0.3782600151592712
PB,HC,HC,2,ATCTGCCGTCGAGATG-1,-0.3013973884643409
PB,HC,HC,2,ATCTGCCTCTGAGGGA-1,-0.04114386517416724
PB,HC,HC,2,ATGCGATAGTAATCCC-1,0.012568896224633752
PB,HC,HC,2,ATGCGATCACCAACCG-1,-0.074718248125666
PB,HC,HC,2,ATGGGAGAGGTGGGTT-1,-0.15895703777247552
PB,HC,HC,2,ATGTGTGAGTGTGAAT-1,0.04495329951637956
PB,HC,HC,2,ATTCTACGTAGGGTAC-1,-0.15484569078700935
PB,HC,HC,2,ATTCTACTCAGAGGTG-1,0.06351602862429427
PB,HC,HC,2,ATTGGACGTCTCTCTG-1,0.2622414422201112
PB,HC,HC,2,ATTGGTGCAAGCGTAG-1,-0.03921301839287964
PB,HC,HC,2,ATTTCTGAGACCCACC-1,-0.3013973884643409
PB,HC,HC,2,ATTTCTGGTTCGAATC-1,-0.19892778314140339
PB,HC,HC,2,CAACCAACACAACGCC-1,0.228318167394886
PB,HC,HC,2,CAACCAAGTGGCAAAC-1,0.020034870336954565
PB,HC,HC,2,CAACCTCCAAGTTAAG-1,-0.13616921226766227
PB,HC,HC,2,CAACCTCCACCCATTC-1,-0.3013973884643409
PB,HC,HC,2,CAACCTCGTGTTTGTG-1,0.002741825200264162
PB,HC,HC,2,CAACTAGTCTGAAAGA-1,0.15282015696488363
PB,HC,HC,2,CAAGAAAAGGCCCTTG-1,-0.1744141964308026
PB,HC,HC,2,CAAGATCAGTTTCCTT-1,-0.00565095789161596
PB,HC,HC,2,CAAGATCTCAAAGTAG-1,-0.034192617539564735
PB,HC,HC,2,CAAGGCCTCTGCAAGT-1,0.1398019837293704
PB,HC,HC,2,CAAGTTGGTGACCAAG-1,0.04523235831802581
PB,HC,HC,2,CAAGTTGTCCCGGATG-1,-0.03303837937591872
PB,HC,HC,2,CACAAACGTAATCACC-1,-0.0318904659837537
PB,HC,HC,2,CACACAACACAGGAGT-1,-0.3013973884643409
PB,HC,HC,2,CACACAACACCCTATC-1,0.13405252812747712
PB,HC,HC,2,CACACAAGTACAAGTA-1,-0.018305185519172627
PB,HC,HC,2,CACACCTGTCTTTCAT-1,0.08912042231573851
PB,HC,HC,2,CACACCTTCCAAACTG-1,-0.3013973884643409
PB,HC,HC,2,CACCACTTCTAGAGTC-1,0.08702576542406802
PB,HC,HC,2,CACCAGGAGCTCTCGG-1,0.01389021288358713
PB,HC,HC,2,CACCAGGAGGGATGGG-1,0.05004330639017058
PB,HC,HC,2,CACCTTGTCCATGAGT-1,-0.20830685242154795
PB,HC,HC,2,CACTCCAAGGCTCATT-1,0.057581379764804944
PB,HC,HC,2,CACTCCACACGGCCAT-1,-0.042490246376499834
PB,HC,HC,2,CACTCCACAGGACCCT-1,-0.3013973884643409
PB,HC,HC,2,CACTCCAGTTAAGATG-1,-0.20649280854176086
PB,HC,HC,2,CACTCCATCAAACCAC-1-1,0.23918420978803104
PB,HC,HC,2,CACTCCATCGTATCAG-1,-0.024844077552882517
PB,HC,HC,2,CAGAATCGTAGTACCT-1,-0.3013973884643409
PB,HC,HC,2,CAGAATCTCTGCGACG-1,-0.12575174173853065
PB,HC,HC,2,CAGAGAGTCGCCTGAG-1,0.08667709107246573
PB,HC,HC,2,CAGATCAGTTAAGATG-1,-0.3013973884643409
PB,HC,HC,2,CAGCAGCGTCACCTAA-1,0.08027814620726202
PB,HC,HC,2,CAGCATACAAGCGTAG-1,-0.3013973884643409
PB,HC,HC,2,CAGCATAGTTGTACAC-1,-0.08454959940110439
PB,HC,HC,2,CAGCCGACATTCTCAT-1,-0.3013973884643409
PB,HC,HC,2,CAGCCGATCTTGCCGT-1,0.0837109271011538
PB,HC,HC,2,CAGCTAAAGCCAGTTT-1,0.3383302218005874
PB,HC,HC,2,CAGCTAAAGCTTCGCG-1,0.1915291432545821
PB,HC,HC,2,CAGCTAAGTCTCCCTA-1,0.35192111881812566
PB,HC,HC,2,CAGCTGGAGCCCAATT-1,0.42937547380150715
PB,HC,HC,2,CAGCTGGCAGACAAGC-1,-0.3013973884643409
PB,HC,HC,2,CAGGTGCCACCTCGGA-1,0.05359096544086423
PB,HC,HC,2,CAGGTGCCATCGATTG-1,-0.05288822729711363
PB,HC,HC,2,CAGGTGCTCATAAAGG-1,-0.3013973884643409
PB,HC,HC,2,CAGTCCTAGCACACAG-1,-0.3013973884643409
PB,HC,HC,2,CATATGGAGACTCGGA-1,-0.039856861794851324
PB,HC,HC,2,CATATGGAGTATCTCG-1,0.09701982653627701
PB,HC,HC,2,CATATGGTCGACCAGC-1,-0.1902694773409425
PB,HC,HC,2,CATATGGTCGCTTGTC-1-2,-0.1397076366494631
PB,HC,HC,2,CATATTCAGCGGATCA-1-1,-0.06792094094213849
PB,HC,HC,2,CATATTCCAACGATGG-1-1,0.25021956643866194
PB,HC,HC,2,CATATTCCAATCAGAA-1,0.02949514402539179
PB,HC,HC,2,CATATTCTCTCGTTTA-1,0.4277063407646596
PB,HC,HC,2,CATCAGAGTCCTGCTT-1,0.0026218784523088156
PB,HC,HC,2,CATCAGATCATCTGCC-1,0.052032294977187865
PB,HC,HC,2,CATCCACAGAGTTGGC-1,-0.14809717169058384
PB,HC,HC,2,CATCCACGTTCCAACA-1,-0.15741539423197048
PB,HC,HC,2,CATCCACTCTGGTGTA-1,-0.3013973884643409
PB,HC,HC,2,CATCGAAGTTGATTGC-1-1,-0.3013973884643409
PB,HC,HC,2,CATCGGGGTATTCTCT-1,-0.021314851233695583
PB,HC,HC,2,CATCGGGTCTAACTGG-1,0.24281227802106928
PB,HC,HC,2,CATGACAGTCTGATTG-1,0.10407416192354604
PB,HC,HC,2,CATGCCTTCTTACCTA-1,-0.3013973884643409
PB,HC,HC,2,CATTATCAGACCGGAT-1,-0.0678573396939794
PB,HC,HC,2,CATTCGCAGCAAATCA-1-1,0.06214347041689161
PB,HC,HC,2,CATTCGCTCCGCATCT-1,-0.12194097297401238
PB,HC,HC,2,CCAATCCCACCAGGTC-1,0.0531053868727077
PB,HC,HC,2,CCAATCCGTGAGGCTA-1,0.21504981220822272
PB,HC,HC,2,CCACCTAGTTAAGAAC-1,-0.3013973884643409
PB,HC,HC,2,CCACCTATCAAACCGT-1,-0.08495779309557837
PB,HC,HC,2,CCACCTATCTCTTGAT-1-1,-0.0001687172546113645
PB,HC,HC,2,CCACGGACACTATCTT-1,-0.019143017730268556
PB,HC,HC,2,CCACGGATCTAGAGTC-1,-0.1220811958501171
PB,HC,HC,2,CCACTACAGAATCTCC-1,-0.1729804986201952
PB,HC,HC,2,CCACTACCATGAGCGA-1,0.08755752512922035
PB,HC,HC,2,CCACTACGTAGTACCT-1,-0.20632618819635715
PB,HC,HC,2,CCAGCGACACTTACGA-1,0.1307136286270457
PB,HC,HC,2,CCATGTCAGCCACGTC-1,0.3681212345445938
PB,HC,HC,2,CCATGTCCACCAGATT-1,0.4340914766646891
PB,HC,HC,2,CCATGTCGTAAGTTCC-1,0.065023501268572
PB,HC,HC,2,CCATGTCTCCACGAAT-1,-0.3013973884643409
PB,HC,HC,2,CCCAATCCAGGCTGAA-1,-0.3013973884643409
PB,HC,HC,2,CCCAATCCATCGTCGG-1,0.03216803298557967
PB,HC,HC,2,CCCAGTTCACACCGAC-1,-0.02503533324161352
PB,HC,HC,2,CCCTCCTAGACAATAC-1,0.17695552513518079
PB,HC,HC,2,CCCTCCTCAGGTGCCT-1,-0.3013973884643409
PB,HC,HC,2,CCCTCCTCAGTCCTTC-1,0.120586408018538
PB,HC,HC,2,CCCTCCTTCACATACG-1,0.29821484678805776
PB,HC,HC,2,CCGGGATTCAAACCAC-1,-0.15106983322667053
PB,HC,HC,2,CCGGTAGAGGTGTTAA-1-1,0.17105461676881614
PB,HC,HC,2,CCGGTAGGTAGCTGCC-1,-0.21317914247962852
PB,HC,HC,2,CCGGTAGTCTCCAACC-1,0.3236918655203821
PB,HC,HC,2,CCGGTAGTCTCTTATG-1,-0.04784199629474252
PB,HC,HC,2,CCGTACTGTAAATGAC-1,0.41065269673508853
PB,HC,HC,2,CCGTACTTCGTTACAG-1,-0.3013973884643409
PB,HC,HC,2,CCGTACTTCTCAAACG-1,-0.19870182186334745
PB,HC,HC,2,CCGTGGAGTAGTAGTA-1,0.07493287451536465
PB,HC,HC,2,CCGTTCACACACTGCG-1,-0.060401306492764
PB,HC,HC,2,CCGTTCACACGGACAA-1,-0.3013973884643409
PB,HC,HC,2,CCTAAAGAGCTAACAA-1,-0.013344277883868478
PB,HC,HC,2,CCTAAAGTCTGTGCAA-1,-0.3013973884643409
PB,HC,HC,2,CCTACACCAAGAAAGG-1,0.016257264356556705
PB,HC,HC,2,CCTACCACATCAGTAC-1,0.005415204379740857
PB,HC,HC,2,CCTACCATCTAAGCCA-1,-0.14023678918086482
PB,HC,HC,2,CCTAGCTGTGGCCCTA-1,0.05109059926522049
PB,HC,HC,2,CCTAGCTTCACCATAG-1,0.086276936144681
PB,HC,HC,2,CCTATTAAGGGTCGAT-1,-0.12242597374243804
PB,HC,HC,2,CCTATTACAATCGAAA-1,0.003918986947233987
PB,HC,HC,2,CCTATTACAGCCTTTC-1,-0.22635270907997665
PB,HC,HC,2,CCTCAGTAGGTGCTTT-1,-0.1396987814450074
PB,HC,HC,2,CCTCAGTCAATCTACG-1,-0.3013973884643409
PB,HC,HC,2,CCTCTGAAGGGTTTCT-1,-0.3013973884643409
PB,HC,HC,2,CCTTACGGTAAGAGGA-1,-0.06236809816469745
PB,HC,HC,2,CCTTACGTCAAGAAGT-1,-0.029704772831153355
PB,HC,HC,2,CCTTCCCCAAGCTGGA-1,-0.3013973884643409
PB,HC,HC,2,CCTTCCCCACAGGTTT-1,-0.13750394207176833
PB,HC,HC,2,CCTTCCCGTGACAAAT-1,0.057001480854381836
PB,HC,HC,2,CCTTCGAAGGATGTAT-1,-0.11442487632815139
PB,HC,HC,2,CCTTTCTAGACAAAGG-1,-0.1450509572028959
PB,HC,HC,2,CCTTTCTAGCTGCGAA-1,0.201410359936597
PB,HC,HC,2,CCTTTCTGTGCATCTA-1,0.6580365237043723
PB,HC,HC,2,CGAACATAGGACCACA-1,-0.08080898814023003
PB,HC,HC,2,CGAACATCACAGCCCA-1,-0.3013973884643409
PB,HC,HC,2,CGACCTTCAGTCGATT-1,-0.3013973884643409
PB,HC,HC,2,CGACCTTCATTAGGCT-1,-0.3013973884643409
PB,HC,HC,2,CGACCTTTCCTCAATT-1,-0.3013973884643409
PB,HC,HC,2,CGACTTCTCAGCCTAA-1,-0.3013973884643409
PB,HC,HC,2,CGACTTCTCGCGATCG-1-1,-0.3013973884643409
PB,HC,HC,2,CGAGAAGCAGTAAGCG-1,-0.16037686493145606
PB,HC,HC,2,CGAGAAGTCGGAGGTA-1,-0.14332967350884762
PB,HC,HC,2,CGAGCACAGTCCGGTC-1,-0.05626452906035535
PB,HC,HC,2,CGAGCACAGTTTGCGT-1,-0.1867078670842363
PB,HC,HC,2,CGAGCACCACCTCGGA-1,0.17829478572366608
PB,HC,HC,2,CGAGCACGTCGCATAT-1,0.853691087382187
PB,HC,HC,2,CGAGCCACAATCGGTT-1,-0.3013973884643409
PB,HC,HC,2,CGAGCCAGTTAAGACA-1,0.2992437746388846
PB,HC,HC,2,CGAGCCATCAGCACAT-1,-0.3013973884643409
PB,HC,HC,2,CGATGGCAGGTGATTA-1,-0.10891686233997468
PB,HC,HC,2,CGATGGCTCAACACAC-1,-0.1458422943450864
PB,HC,HC,2,CGATGTACAGCTCGAC-1,0.492136541803267
PB,HC,HC,2,CGATGTAGTCTCACCT-1-1,-0.3013973884643409
PB,HC,HC,2,CGATTGAGTGACAAAT-1,0.38064758929570436
PB,HC,HC,2,CGATTGATCGAGCCCA-1,-0.3013973884643409
PB,HC,HC,2,CGCCAAGCACACCGCA-1,-0.15926369110391914
PB,HC,HC,2,CGCCAAGGTCGCTTTC-1,-0.3013973884643409
PB,HC,HC,2,CGCCAAGGTGTGACCC-1,-0.09467602373678483
PB,HC,HC,2,CGCGGTAAGAGGGATA-1,-0.177411736594096
PB,HC,HC,2,CGCGGTATCCGAAGAG-1,-0.3013973884643409
PB,HC,HC,2,CGCGTTTCAATTCCTT-1,-0.19458861796439342
PB,HC,HC,2,CGCTATCTCCATGCTC-1,0.33887282123453905
PB,HC,HC,2,CGCTATCTCTCCGGTT-1,-0.14983853533058053
PB,HC,HC,2,CGGACACTCCAGTATG-1,-0.08192324328014221
PB,HC,HC,2,CGGACGTGTAGAGGAA-1,-0.0953750527114574
PB,HC,HC,2,CGGACGTGTAGCGCTC-1,-0.07832247898911629
PB,HC,HC,2,CGGACGTGTCTAAACC-1,-0.024878741195412748
PB,HC,HC,2,CGGAGCTAGCACGCCT-1,-0.049598156998567296
PB,HC,HC,2,CGGAGTCAGAAACCTA-1,-0.20779144349888923
PB,HC,HC,2,CGGAGTCCAATTGCTG-1,-0.09030649141033968
PB,HC,HC,2,CGGAGTCGTACCGCTG-1,0.5264506105830546
PB,HC,HC,2,CGGAGTCTCTAACTTC-1,-0.3013973884643409
PB,HC,HC,2,CGGGTCACATGCCACG-1,0.2810314535767392
PB,HC,HC,2,CGGTTAAGTGTTGGGA-1,0.14236855033735513
PB,HC,HC,2,CGGTTAATCACTCTTA-1,-0.08842063133767254
PB,HC,HC,2,CGTAGCGGTCCGACGT-1,-0.22138056726309632
PB,HC,HC,2,CGTAGCGTCTCGGACG-1,0.0234511032889489
PB,HC,HC,2,CGTAGGCCAGAAGCAC-1-1,0.17922136595146268
PB,HC,HC,2,CGTCTACTCAGTCAGT-1,-0.22188515590067398
PB,HC,HC,2,CGTGAGCGTGGTAACG-1,0.04204504480258521
PB,HC,HC,2,CGTGTCTAGAGCTATA-1,0.2285175544554113
PB,HC,HC,2,CGTGTCTAGATCGATA-1,0.2142640840803637
PB,HC,HC,2,CGTGTCTAGCTGGAAC-1,-0.12152384870448653
PB,HC,HC,2,CGTTAGAAGACAAAGG-1,0.2216981020320403
PB,HC,HC,2,CGTTAGAAGCAGCCTC-1,0.13537349063149454
PB,HC,HC,2,CGTTCTGAGTGCGATG-1,0.2672082465869793
PB,HC,HC,2,CGTTCTGGTATAAACG-1,-0.3013973884643409
PB,HC,HC,2,CGTTGGGCACAAGACG-1,0.12396347153371799
PB,HC,HC,2,CGTTGGGCAGTAAGCG-1,0.11330569582834427
PB,HC,HC,2,CGTTGGGCATCGTCGG-1,-0.021570925263755033
PB,HC,HC,2,CTAACTTAGGAATTAC-1,-0.3013973884643409
PB,HC,HC,2,CTAACTTGTACTCAAC-1,-0.08263664879630765
PB,HC,HC,2,CTAACTTGTGATGTCT-1,-0.18334116248217167
PB,HC,HC,2,CTAAGACTCGGCTACG-1,0.15327140600022918
PB,HC,HC,2,CTAATGGGTTACGACT-1,-0.3013973884643409
PB,HC,HC,2,CTAATGGTCCGATATG-1,-0.3013973884643409
PB,HC,HC,2,CTACACCGTAAGTGTA-1,-0.15148553559066333
PB,HC,HC,2,CTACACCTCCGCTGTT-1,-0.13218121971462166
PB,HC,HC,2,CTACATTAGAAGGCCT-1,0.39140696901433586
PB,HC,HC,2,CTACATTTCTAACGGT-1,-0.11132420540644483
PB,HC,HC,2,CTACCCAAGATGCCTT-1,-0.08114979247765262
PB,HC,HC,2,CTACCCACATATGAGA-1,-0.3013973884643409
PB,HC,HC,2,CTACCCAGTCTTCGTC-1,-0.039474509750549946
PB,HC,HC,2,CTACGTCAGACTTGAA-1,-0.14634296280482606
PB,HC,HC,2,CTAGAGTAGCCGATTT-1,-0.3013973884643409
PB,HC,HC,2,CTAGCCTTCAGTGTTG-1,0.12159102565458517
PB,HC,HC,2,CTAGCCTTCTACGAGT-1,0.11163624079243605
PB,HC,HC,2,CTAGTGATCCATGAGT-1,-0.3013973884643409
PB,HC,HC,2,CTCACACAGTCGTTTG-1,-0.022986509277905017
PB,HC,HC,2,CTCACACGTGGTACAG-1,-0.1308403535542951
PB,HC,HC,2,CTCAGAAAGCGATCCC-1,-0.11951929683706951
PB,HC,HC,2,CTCGAAAAGATGTGGC-1,-0.1359078231846635
PB,HC,HC,2,CTCGAAACAAGTCTGT-1,-0.3013973884643409
PB,HC,HC,2,CTCGAAACATGCCCGA-1,-0.13961224301746936
PB,HC,HC,2,CTCGAAAGTCCGAAGA-1,-0.023616351049901545
PB,HC,HC,2,CTCGAGGTCTGGTGTA-1-1,-0.07748743762663868
PB,HC,HC,2,CTCGGAGCAGCGATCC-1,-0.3013973884643409
PB,HC,HC,2,CTCGGAGCAGGGCATA-1,-0.20924130147552678
PB,HC,HC,2,CTCGGGACAGCTCGCA-1,-0.0797574667167852
PB,HC,HC,2,CTCGTACCAGCCTGTG-1,0.4150386785346913
PB,HC,HC,2,CTCGTACGTAAATGTG-1,-0.3013973884643409
PB,HC,HC,2,CTCGTCAAGAAACGAG-1,0.0037615575668816315
PB,HC,HC,2,CTCGTCAGTCCTAGCG-1,0.23955315475619413
PB,HC,HC,2,CTCTACGAGAAACGCC-1,0.3527723747070874
PB,HC,HC,2,CTCTGGTGTCAAAGAT-1,-0.18485480794646222
PB,HC,HC,2,CTGAAACCACGGCTAC-1,0.4779394533543729
PB,HC,HC,2,CTGAAGTGTATATCCG-1,-0.13387318362729342
PB,HC,HC,2,CTGATCCAGCAGACTG-1,-0.016927312769418303
PB,HC,HC,2,CTGCCTAAGAGTTGGC-1,-0.3013973884643409
PB,HC,HC,2,CTGCCTAAGCCACGTC-1,0.3257592246169895
PB,HC,HC,2,CTGCCTAAGGGATACC-1,-0.005155458288035613
PB,HC,HC,2,CTGCCTACACCAGGCT-1-2,-0.08855771349840884
PB,HC,HC,2,CTGCGGAGTCGCATAT-1,0.017999224412218906
PB,HC,HC,2,CTGCGGATCGGATGGA-1,-0.21460090585706215
PB,HC,HC,2,CTGCTGTCATTCCTGC-1,0.029572495371007597
PB,HC,HC,2,CTGCTGTCATTGGGCC-1,-0.08281743913592565
PB,HC,HC,2,CTGCTGTGTAATAGCA-1,-0.04543385289904904
PB,HC,HC,2,CTGCTGTGTCATATGC-1,0.6478650926905731
PB,HC,HC,2,CTGCTGTGTTGCGTTA-1,-0.11314664972529695
PB,HC,HC,2,CTGGTCTCAGGAATGC-1,0.022043473014098973
PB,HC,HC,2,CTGGTCTGTTCAACCA-1,-0.12746390045329073
PB,HC,HC,2,CTGTTTATCACCTTAT-1,-0.3013973884643409
PB,HC,HC,2,CTTAACTCAGGACCCT-1,-0.06855523807265257
PB,HC,HC,2,CTTAACTGTACCGTAT-1,-0.3013973884643409
PB,HC,HC,2,CTTAACTTCCCTGACT-1,0.2230470053820981
PB,HC,HC,2,CTTACCGGTGTGCGTC-1,-0.3013973884643409
PB,HC,HC,2,CTTACCGGTTGCGTTA-1,-0.3013973884643409
PB,HC,HC,2,CTTAGGAGTCCAACTA-1,-0.08059137978920775
PB,HC,HC,2,CTTAGGATCATTGCGA-1,0.13867247844438532
PB,HC,HC,2,CTTAGGATCCGTTGTC-1,0.03997090125971524
PB,HC,HC,2,CTTAGGATCTCAAGTG-1,-0.19325542434164908
PB,HC,HC,2,CTTCTCTAGGTCATCT-1,0.20469750352125432
PB,HC,HC,2,CTTCTCTGTTCCCTTG-1,-0.14644137556171363
PB,HC,HC,2,CTTCTCTTCTTTACAC-1,-0.3013973884643409
PB,HC,HC,2,GAAACTCCATGGGACA-1-1,-0.09772434276932059
PB,HC,HC,2,GAAACTCGTAAACACA-1,-0.3013973884643409
PB,HC,HC,2,GAAATGAAGCTCCTCT-1,0.20487310223583297
PB,HC,HC,2,GAAATGAAGTACGCGA-1,0.02348536022631523
PB,HC,HC,2,GAAATGACATGCAATC-1,-0.22282688706673656
PB,HC,HC,2,GAAATGACATGCCTTC-1,-0.3013973884643409
PB,HC,HC,2,GAACATCCACATGTGT-1,-0.17620803509313004
PB,HC,HC,2,GAACCTAAGCTTCGCG-1,-0.18136517134702362
PB,HC,HC,2,GAACCTAAGGCCATAG-1,-0.023223786424444143
PB,HC,HC,2,GAACGGAAGTACGTTC-1-2,0.4188422385797303
PB,HC,HC,2,GAACGGAAGTGCTGCC-1,0.08193106229277416
PB,HC,HC,2,GAACGGATCTAGAGTC-1,-0.2189083529442242
PB,HC,HC,2,GAAGCAGAGTTTGCGT-1,0.017315828146959644
PB,HC,HC,2,GAATAAGGTCAGAGGT-1,-0.3013973884643409
PB,HC,HC,2,GAATGAACATCGGGTC-1-1,-0.04186318500226792
PB,HC,HC,2,GACAGAGGTAGCAAAT-1,-0.040154846995399965
PB,HC,HC,2,GACAGAGTCACCTTAT-1,-0.024009044591466123
PB,HC,HC,2,GACCTGGAGTGTCTCA-1,-0.04850226822877201
PB,HC,HC,2,GACCTGGCACACAGAG-1,-0.13828398856685115
PB,HC,HC,2,GACCTGGGTTGCCTCT-1,-0.1384118341782716
PB,HC,HC,2,GACCTGGTCCTATTCA-1,0.05007374445651739
PB,HC,HC,2,GACCTGGTCTTGTCAT-1,0.045073179755341974
PB,HC,HC,2,GACGCGTCAACCGCCA-1,-0.10342627898494104
PB,HC,HC,2,GACGCGTCACACGCTG-1,0.07908569755115316
PB,HC,HC,2,GACGCGTTCGTTTATC-1,0.060992709310722606
PB,HC,HC,2,GACGGCTAGCTAGCCC-1,-0.3013973884643409
PB,HC,HC,2,GACGGCTCAGGTGCCT-1,0.22470275771124282
PB,HC,HC,2,GACGGCTTCTTATCTG-1,0.2118625224401949
PB,HC,HC,2,GACGTGCCAATTGCTG-1,0.014486786913621439
PB,HC,HC,2,GACTAACAGCGTGAAC-1,0.5770363367653174
PB,HC,HC,2,GACTACAAGGCAGGTT-1,-0.18662546119863818
PB,HC,HC,2,GACTACATCCGCAGTG-1,0.1161733743028127
PB,HC,HC,2,GACTACATCTGCAGTA-1,0.19221956773891544
PB,HC,HC,2,GACTGCGGTAACGTTC-1,-0.02728126507148137
PB,HC,HC,2,GACTGCGGTTATCGGT-1,-0.125570887557017
PB,HC,HC,2,GAGCAGAGTATATGGA-1,0.3603851373138292
PB,HC,HC,2,GAGGTGACACTAGTAC-1,0.8315726049066774
PB,HC,HC,2,GAGGTGAGTACCGGCT-1,-0.13763750802741245
PB,HC,HC,2,GAGTCCGGTTATCCGA-1,0.09997920192624897
PB,HC,HC,2,GATCAGTAGTGAACAT-1,0.21251279919189667
PB,HC,HC,2,GATCAGTGTCACTTCC-1,-0.13604116401272676
PB,HC,HC,2,GATCGTACAGCTCCGA-1,0.25893264566432317
PB,HC,HC,2,GATCGTAGTAGGGTAC-1,0.059116796364946454
PB,HC,HC,2,GATGAAATCAAGCCTA-1,0.46992387270924596
PB,HC,HC,2,GATGAGGAGTTAGGTA-1,-0.14332474479877635
PB,HC,HC,2,GATGAGGCAAGTCTAC-1,0.041755311197818994
PB,HC,HC,2,GATGCTACATGAACCT-1,-0.3013973884643409
PB,HC,HC,2,GATGCTAGTCGAACAG-1,-0.018529830936813724
PB,HC,HC,2,GATTCAGGTCATTAGC-1,-0.05058902810079604
PB,HC,HC,2,GATTCAGGTGAAAGAG-1,-0.017653382586170534
PB,HC,HC,2,GCAAACTAGGGTCGAT-1,-0.057752187124018764
PB,HC,HC,2,GCAAACTCACACCGAC-1,0.20722482961098368
PB,HC,HC,2,GCAATCACAAGAAGAG-1,-0.19740968108474174
PB,HC,HC,2,GCACATAAGAGTTGGC-1,-0.18496793914604326
PB,HC,HC,2,GCACATAGTACTTGAC-1,0.4257687846973749
PB,HC,HC,2,GCACTCTAGAAACGCC-1,-0.3013973884643409
PB,HC,HC,2,GCACTCTCAGACAGGT-1,0.19778985471278906
PB,HC,HC,2,GCACTCTGTCCTAGCG-1,0.04497509061071366
PB,HC,HC,2,GCACTCTGTTCAACCA-1,0.7302797376781041
PB,HC,HC,2,GCAGCCATCGCAAACT-1,-0.04730650393322749
PB,HC,HC,2,GCAGCCATCTGTCCGT-1,0.18691680548804138
PB,HC,HC,2,GCATGCGAGTCATGCT-1,-0.19379320656249482
PB,HC,HC,2,GCATGTACAGTCACTA-1,-0.09497668423975876
PB,HC,HC,2,GCCAAATAGGTGGGTT-1,0.0580219769844555
PB,HC,HC,2,GCCAAATTCGTTTAGG-1,0.06796693423105163
PB,HC,HC,2,GCCTCTAAGACAAGCC-1,-0.3013973884643409
PB,HC,HC,2,GCGACCAAGACACGAC-1,0.029142261778333196
PB,HC,HC,2,GCGAGAATCCCGACTT-1,-0.18936418684740933
PB,HC,HC,2,GCGAGAATCTCTGCTG-1,0.15162509317528997
PB,HC,HC,2,GCGCAGTGTATGAAAC-1,0.35750371455946073
PB,HC,HC,2,GCGCAGTGTGACGGTA-1,0.21245233246231152
PB,HC,HC,2,GCGCAGTGTGCAGGTA-1,-0.061167944790750446
PB,HC,HC,2,GCGCCAAAGAAGGTTT-1,0.1504529733390669
PB,HC,HC,2,GCGCCAAAGTCAAGGC-1,0.03599119882882129
PB,HC,HC,2,GCGCCAAGTAAACGCG-1,-0.3013973884643409
PB,HC,HC,2,GCGCCAAGTTGCTCCT-1,0.2730540904161585
PB,HC,HC,2,GCGCGATAGCTAGTCT-1-1,0.20673469417605309
PB,HC,HC,2,GCGCGATGTCAGGACA-1,-0.3013973884643409
PB,HC,HC,2,GCGGGTTCAGACGTAG-1,0.41238016651193954
PB,HC,HC,2,GCTGCAGTCAGCTGGC-1,-0.3013973884643409
PB,HC,HC,2,GCTGCGAAGAGCCTAG-1,0.3186567657288612
PB,HC,HC,2,GCTGCGAAGTGGTCCC-1,-0.3013973884643409
PB,HC,HC,2,GCTGCTTCACAGATTC-1,0.3251184651591613
PB,HC,HC,2,GCTGCTTCATGGGACA-1-1,0.25702413629779447
PB,HC,HC,2,GCTGGGTGTATCTGCA-1,0.3966296876592005
PB,HC,HC,2,GCTGGGTGTGGCCCTA-1,-0.3013973884643409
PB,HC,HC,2,GCTGGGTTCTCAAGTG-1,-0.3013973884643409
PB,HC,HC,2,GCTTCCACACCTCGTT-1,-0.143954923292394
PB,HC,HC,2,GCTTCCACATGAGCGA-1,-0.17233199914445763
PB,HC,HC,2,GCTTCCATCGCGTTTC-1,0.33272886366433857
PB,HC,HC,2,GCTTGAAAGTGAAGTT-1,0.02872546512703254
PB,HC,HC,2,GGAAAGCTCTACGAGT-1,-0.3013973884643409
PB,HC,HC,2,GGAACTTAGATAGTCA-1,-0.3013973884643409
PB,HC,HC,2,GGAACTTGTTGGTAAA-1,-0.16021671538172919
PB,HC,HC,2,GGAACTTTCGGAGCAA-1,-0.08333704229266128
PB,HC,HC,2,GGAATAAAGTCTCCTC-1,-0.12985930391526437
PB,HC,HC,2,GGACAAGCAACTGCGC-1,-0.3013973884643409
PB,HC,HC,2,GGACAAGCATTCGACA-1,-0.3013973884643409
PB,HC,HC,2,GGACATTCACCAACCG-1,0.24791287980947377
PB,HC,HC,2,GGACATTGTTTAGCTG-1,0.32317705974260774
PB,HC,HC,2,GGAGCAAAGCCAACAG-1,0.06257438588952888
PB,HC,HC,2,GGCAATTAGAAGGTGA-1,0.17623095448892193
PB,HC,HC,2,GGCAATTGTCTCTTAT-1,0.060209844401076955
PB,HC,HC,2,GGCAATTGTGTTGGGA-1,-0.3013973884643409
PB,HC,HC,2,GGCCGATGTTGAGTTC-1,0.3370992475538101
PB,HC,HC,2,GGCGTGTCATCACCCT-1,-0.3013973884643409
PB,HC,HC,2,GGCGTGTGTCTCTTAT-1,-0.3013973884643409
PB,HC,HC,2,GGCTCGAAGTGACATA-1,-0.09328517967338987
PB,HC,HC,2,GGCTCGACACTAGTAC-1,-0.06156648698779082
PB,HC,HC,2,GGCTGGTAGTTTGCGT-1,0.21044758555733148
PB,HC,HC,2,GGGAATGTCTAGAGTC-1,-0.3013973884643409
PB,HC,HC,2,GGGACCTAGCGGCTTC-1,0.07567597718805373
PB,HC,HC,2,GGGACCTCACGCATCG-1,0.25338900400994707
PB,HC,HC,2,GGGACCTCATCCAACA-1,0.16413355561863124
PB,HC,HC,2,GGGACCTTCTGATACG-1,0.030133451338665202
PB,HC,HC,2,GGGATGAAGCGTTCCG-1,-0.3013973884643409
PB,HC,HC,2,GGGCACTAGAAGCCCA-1,-0.3013973884643409
PB,HC,HC,2,GGGCACTGTCATCCCT-1,0.34642922741318305
PB,HC,HC,2,GGGCATCCATTCCTGC-1,-0.1470494000415674
PB,HC,HC,2,GGGTCTGAGTGTGGCA-1,-0.3013973884643409
PB,HC,HC,2,GGGTCTGCAGTAAGCG-1,0.06680599776921019
PB,HC,HC,2,GGTATTGCACTTCGAA-1,-0.11937788361726062
PB,HC,HC,2,GGTATTGCAGCCAGAA-1,-0.15916599113078517
PB,HC,HC,2,GGTGAAGGTTGGACCC-1,-0.16323558727081725
PB,HC,HC,2,GGTGTTACATGCCTTC-1,-0.3013973884643409
PB,HC,HC,2,GTAACGTGTAGGGTAC-1,0.12511144916048195
PB,HC,HC,2,GTACGTACATCTCGCT-1,-0.3013973884643409
PB,HC,HC,2,GTACTCCTCCTAGTGA-1,0.05931411256705599
PB,HC,HC,2,GTACTTTCACCCTATC-1,0.23383926085266107
PB,HC,HC,2,GTAGGCCGTCACTGGC-1,0.042440502828622995
PB,HC,HC,2,GTATCTTCAAGCGCTC-1,0.24862758953142455
PB,HC,HC,2,GTATTCTGTCCGCTGA-1,-0.12329096922667984
PB,HC,HC,2,GTATTCTTCTACGAGT-1,-0.3013973884643409
PB,HC,HC,2,GTCAAGTCACGAGAGT-1,-0.1909250481011444
PB,HC,HC,2,GTCAAGTGTATATGAG-1,0.11933339029899188
PB,HC,HC,2,GTCACAAGTCTAGAGG-1-1,0.5749517431256873
PB,HC,HC,2,GTCATTTCAAGTACCT-1,0.3163133989606783
PB,HC,HC,2,GTCATTTGTAAGGGCT-1,-0.3013973884643409
PB,HC,HC,2,GTCATTTTCCCTTGTG-1,-0.1475031990552606
PB,HC,HC,2,GTCCTCAGTTACCGAT-1,0.14412852441838617
PB,HC,HC,2,GTCCTCATCCGAGCCA-1-1,-0.21024245889188828
PB,HC,HC,2,GTCCTCATCGAATGCT-1,-0.03627910540260493
PB,HC,HC,2,GTCCTCATCGTAGGAG-1,0.7911065026583043
PB,HC,HC,2,GTCGGGTCACTGCCAG-1,-0.3013973884643409
PB,HC,HC,2,GTCGGGTTCTCGTATT-1,0.1150736389020111
PB,HC,HC,2,GTCGTAAAGAGCCTAG-1,-0.04295936087309587
PB,HC,HC,2,GTCTCGTAGACAAGCC-1,0.14947256052677416
PB,HC,HC,2,GTCTCGTTCCTGTAGA-1,-0.11233023007875753
PB,HC,HC,2,GTCTCGTTCGTCTGCT-1,0.23728398700555212
PB,HC,HC,2,GTCTCGTTCTGCGGCA-1,0.19411567185850412
PB,HC,HC,2,GTCTTCGGTGTAAGTA-1,-0.3013973884643409
PB,HC,HC,2,GTGCAGCAGATATACG-1,-0.09318840977131101
PB,HC,HC,2,GTGCAGCCAGCAGTTT-1,-0.0215379570138085
PB,HC,HC,2,GTGCATACAAAGCAAT-1,0.21904532115897254
PB,HC,HC,2,GTGCTTCTCCCTGACT-1,-0.005403378042184207
PB,HC,HC,2,GTGGGTCCACCGCTAG-1,0.08991609499815588
PB,HC,HC,2,GTGGGTCTCACAATGC-1,-0.18546346733496064
PB,HC,HC,2,GTGTGCGAGACTCGGA-1,-0.17570563459349395
PB,HC,HC,2,GTGTGCGAGAGCTTCT-1,-0.19836079217326094
PB,HC,HC,2,GTGTGCGGTTCAGGCC-1,-0.08739202853051299
PB,HC,HC,2,GTGTTAGAGATCCTGT-1,-0.12234439240191362
PB,HC,HC,2,GTGTTAGCATGAGCGA-1,-0.3013973884643409
PB,HC,HC,2,GTTAAGCCATCGGACC-1,-0.15837904546756132
PB,HC,HC,2,GTTAAGCGTAGGGACT-1,-0.011556218878169853
PB,HC,HC,2,GTTAAGCGTCAGAATA-1,-0.028873597058628887
PB,HC,HC,2,GTTACAGAGGATGGAA-1,-0.0076445788191648045
PB,HC,HC,2,GTTACAGAGGGTATCG-1,-0.029125078456064962
PB,HC,HC,2,GTTCATTGTATAGTAG-1-1,-0.3013973884643409
PB,HC,HC,2,GTTCGGGAGATCGATA-1,-0.04129558233958037
PB,HC,HC,2,GTTCGGGTCAACACCA-1,-0.16506923413461475
PB,HC,HC,2,GTTCGGGTCTGAGGGA-1,-0.002329218131743186
PB,HC,HC,2,GTTCTCGAGACTAGAT-1,-0.153733461153914
PB,HC,HC,2,GTTCTCGAGCCAGTTT-1,0.2360204837095756
PB,HC,HC,2,GTTCTCGAGTGTCCCG-1,0.3155277921012652
PB,HC,HC,2,GTTCTCGGTAGAGTGC-1,0.008109083785438207
PB,HC,HC,2,GTTCTCGTCGTTACAG-1,-0.3013973884643409
PB,HC,HC,2,GTTTCTATCAGCTCTC-1,-0.03591741858717929
PB,HC,HC,2,TAAGAGACAACACCTA-1,-0.024853167252181594
PB,HC,HC,2,TAAGAGACACAGATTC-1,0.9493916147195692
PB,HC,HC,2,TAAGCGTTCCGCGCAA-1,0.5126559484854682
PB,HC,HC,2,TAAGCGTTCGTCTGAA-1,-0.16044082107370988
PB,HC,HC,2,TAAGTGCGTAGATTAG-1,-0.19847474643719878
PB,HC,HC,2,TAAGTGCTCATGGTCA-1,-0.07760946960589166
PB,HC,HC,2,TAAGTGCTCCGCATAA-1,-0.3013973884643409
PB,HC,HC,2,TACACGACAAAGCAAT-1,-0.061614708045668
PB,HC,HC,2,TACACGATCGGACAAG-1-1,-0.18424712547950856
PB,HC,HC,2,TACAGTGAGGAGTAGA-1,-0.3013973884643409
PB,HC,HC,2,TACAGTGTCTCAAGTG-1,0.3679019642873214
PB,HC,HC,2,TACCTATAGTCGCCGT-1,0.25929045229628683
PB,HC,HC,2,TACCTATGTTAAAGTG-1,0.13283648553067726
PB,HC,HC,2,TACCTTACAAAGAATC-1-1,-0.3013973884643409
PB,HC,HC,2,TACGGATCAGACAAGC-1,-0.16021671538172919
PB,HC,HC,2,TACGGATCAGGAACGT-1,-0.08595389824691735
PB,HC,HC,2,TACGGATCAGTAAGCG-1,-0.3013973884643409
PB,HC,HC,2,TACGGGCAGAGGTAGA-1,-0.3013973884643409
PB,HC,HC,2,TACGGTAGTCAGAATA-1,0.35727584659484274
PB,HC,HC,2,TACTCGCAGTACACCT-1,0.28485806647780676
PB,HC,HC,2,TACTTACAGGACATTA-1,-0.14581699542308849
PB,HC,HC,2,TACTTGTAGACTTTCG-1,0.06080543516929205
PB,HC,HC,2,TACTTGTAGCCACCTG-1,0.12761273725252578
PB,HC,HC,2,TAGACCACAAGCCATT-1,-0.07551756715348232
PB,HC,HC,2,TAGACCACACTCAGGC-1,0.23655554304552678
PB,HC,HC,2,TAGACCATCACGACTA-1,0.29703498300216685
PB,HC,HC,2,TAGAGCTCACTGTTAG-1,0.04809224347124635
PB,HC,HC,2,TAGCCGGAGTCCAGGA-1,-0.1511004703674176
PB,HC,HC,2,TAGGCATGTCCGTGAC-1,-0.02212566017818951
PB,HC,HC,2,TAGTGGTAGGTAAACT-1,-0.3013973884643409
PB,HC,HC,2,TAGTTGGAGCGTTTAC-1,-0.15289697701981572
PB,HC,HC,2,TAGTTGGCAAAGTGCG-1-1,0.04021477756341764
PB,HC,HC,2,TAGTTGGTCACTTACT-1,0.22905225653516473
PB,HC,HC,2,TAGTTGGTCTTTACGT-1,-0.08760141241490191
PB,HC,HC,2,TATCAGGTCACCATAG-1,0.6206904400707677
PB,HC,HC,2,TATCAGGTCTGAGGGA-1,-0.10232543562183082
PB,HC,HC,2,TATCTCAAGTGAAGAG-1,-0.3013973884643409
PB,HC,HC,2,TATGCCCGTCTCCACT-1,-0.3013973884643409
PB,HC,HC,2,TATGCCCGTGACTACT-1,-0.06987316961297886
PB,HC,HC,2,TATTACCAGAGTTGGC-1,-0.18628769273008303
PB,HC,HC,2,TATTACCTCAACGGCC-1,-0.19868766917135836
PB,HC,HC,2,TCAACGAGTCGAACAG-1-1,-0.1563757573889554
PB,HC,HC,2,TCAATCTAGCCATCGC-1,-0.3013973884643409
PB,HC,HC,2,TCAATCTAGGTGCACA-1,-0.3013973884643409
PB,HC,HC,2,TCAATCTTCTTGGGTA-1,-0.3013973884643409
PB,HC,HC,2,TCACAAGCATTGTGCA-1,-0.3013973884643409
PB,HC,HC,2,TCACAAGTCGCAAACT-1,-0.18156014155035916
PB,HC,HC,2,TCACAAGTCGTACCGG-1,0.11788178984636223
PB,HC,HC,2,TCACGAAGTAGGCATG-1,-0.3013973884643409
PB,HC,HC,2,TCAGATGAGTGAAGAG-1,0.12070545525707868
PB,HC,HC,2,TCAGATGTCATTGCCC-1,-0.1453511728105992
PB,HC,HC,2,TCAGATGTCGTTTGCC-1-1,-0.3013973884643409
PB,HC,HC,2,TCAGCAATCCCACTTG-1,-0.09769881129692234
PB,HC,HC,2,TCAGCTCAGATCTGAA-1,-0.3013973884643409
PB,HC,HC,2,TCAGCTCAGTCTCAAC-1,0.6617960963146635
PB,HC,HC,2,TCAGCTCGTCCGCTGA-1,0.26587033886012107
PB,HC,HC,2,TCAGGATCAATGAAAC-1,0.21019820290820673
PB,HC,HC,2,TCAGGATCACACGCTG-1,0.2184029668042979
PB,HC,HC,2,TCAGGTAAGTGCGTGA-1,-0.11351860676718957
PB,HC,HC,2,TCAGGTAGTGCAACTT-1,-0.030603858434126836
PB,HC,HC,2,TCATTACAGCGTTCCG-1,0.32646867272136176
PB,HC,HC,2,TCATTACAGCTGCCCA-1,-0.04555357306927305
PB,HC,HC,2,TCATTACAGTAGCGGT-1,0.18551749670833884
PB,HC,HC,2,TCATTACCAGGGATTG-1,-0.14443814280457992
PB,HC,HC,2,TCATTACGTAGAGCTG-1,-0.09294140456144344
PB,HC,HC,2,TCATTACGTCTCCCTA-1,-0.3013973884643409
PB,HC,HC,2,TCATTACGTGATAAAC-1,-0.12341284641459749
PB,HC,HC,2,TCATTACGTTCGAATC-1,0.340347974363873
PB,HC,HC,2,TCATTTGCACCGATAT-1,-0.17936227329888452
PB,HC,HC,2,TCATTTGGTGACTACT-1,0.44886634426282945
PB,HC,HC,2,TCCACACCAGGACGTA-1-1,0.13114088974351096
PB,HC,HC,2,TCCACACGTAAAGTCA-1,-0.3013973884643409
PB,HC,HC,2,TCCACACGTCATATGC-1,0.15022307053836959
PB,HC,HC,2,TCGAGGCCAGTTTACG-1,-0.07572402339795958
PB,HC,HC,2,TCGCGAGGTATTCTCT-1,0.20863517036817694
PB,HC,HC,2,TCGCGAGTCAAACAAG-1,-0.0913641213322273
PB,HC,HC,2,TCGTACCTCGGGAGTA-1,0.45052505155173517
PB,HC,HC,2,TCTATTGAGAACAATC-1,-0.2083523618580576
PB,HC,HC,2,TCTCATAGTGAGGGAG-1,-0.10501083608398157
PB,HC,HC,2,TCTCATATCCGTCATC-1,-0.3013973884643409
PB,HC,HC,2,TCTCTAAAGCTGTTCA-1,-0.03155919607866264
PB,HC,HC,2,TCTCTAAAGTGTACCT-1-1,-0.3013973884643409
PB,HC,HC,2,TCTCTAATCCATGCTC-1,0.34969175759494525
PB,HC,HC,2,TCTGAGAAGAGGGCTT-1,-0.013873507746754237
PB,HC,HC,2,TCTGAGAGTACGCTGC-1,0.0912298955450614
PB,HC,HC,2,TCTGGAAGTGAGGGTT-1,-0.09213045860186751
PB,HC,HC,2,TCTTTCCAGCCCAGCT-1,-0.13359145773897912
PB,HC,HC,2,TCTTTCCAGCGATATA-1,0.17369575773966953
PB,HC,HC,2,TCTTTCCAGTCGAGTG-1-1,-0.10049547625879607
PB,HC,HC,2,TGAAAGAAGCGTGAGT-1,-0.09337328053765638
PB,HC,HC,2,TGAAAGACACGGATAG-1,0.2512648751396226
PB,HC,HC,2,TGACGGCTCTCTGAGA-1,-0.3013973884643409
PB,HC,HC,2,TGACTAGCAATGCCAT-1,-0.07393484056640512
PB,HC,HC,2,TGACTAGCATCGACGC-1,-0.12046979100222711
PB,HC,HC,2,TGACTTTAGGGCATGT-1,-0.3013973884643409
PB,HC,HC,2,TGACTTTTCACGAAGG-1,-0.1211411820592068
PB,HC,HC,2,TGACTTTTCGGACAAG-1-1,0.1457600242497191
PB,HC,HC,2,TGACTTTTCTCGTATT-1,-0.017345579385686226
PB,HC,HC,2,TGAGAGGCAAGCCATT-1,-0.028508085551639382
PB,HC,HC,2,TGAGAGGTCACTCTTA-1,-0.3013973884643409
PB,HC,HC,2,TGAGCATTCCACGCAG-1-2,0.10317255462411644
PB,HC,HC,2,TGAGCATTCCACTGGG-1,-0.11175331563861465
PB,HC,HC,2,TGAGCATTCCTGTACC-1,0.2850879121051041
PB,HC,HC,2,TGAGCCGGTTGATTGC-1,0.07958955024531832
PB,HC,HC,2,TGAGCCGTCACTGGGC-1,-0.12773157961227805
PB,HC,HC,2,TGCCCATGTTTAAGCC-1,-0.3013973884643409
PB,HC,HC,2,TGCCCTAGTGACGCCT-1,-0.010499999594461875
PB,HC,HC,2,TGCGCAGCAATGTTGC-1,0.24879031933984658
PB,HC,HC,2,TGCTACCAGGATGGTC-1,-0.3013973884643409
PB,HC,HC,2,TGCTGCTAGCGTGTCC-1,-0.3013973884643409
PB,HC,HC,2,TGCTGCTGTCGCGGTT-1,-0.21588877071596052
PB,HC,HC,2,TGGCCAGTCGGTGTTA-1,-0.3013973884643409
PB,HC,HC,2,TGGCCAGTCTGGAGCC-1-1,-0.17309606048159645
PB,HC,HC,2,TGGCGCACAAGGCTCC-1,0.08663058548581225
PB,HC,HC,2,TGGCGCATCTTGCATT-1,0.20888306758553213
PB,HC,HC,2,TGGGAAGAGCCCTAAT-1,1.0817848065107902
PB,HC,HC,2,TGGGAAGTCAAACGGG-1,0.0010350786636925918
PB,HC,HC,2,TGGGAAGTCAGTTCGA-1,-0.14752038463906447
PB,HC,HC,2,TGGGCGTGTCGCGGTT-1,-0.3013973884643409
PB,HC,HC,2,TGGGCGTTCACCATAG-1,-0.3013973884643409
PB,HC,HC,2,TGGGCGTTCAGTCAGT-1,0.2870923988675571
PB,HC,HC,2,TGGGCGTTCTCTGCTG-1,-0.3013973884643409
PB,HC,HC,2,TGTATTCAGTGGCACA-1,-0.3013973884643409
PB,HC,HC,2,TGTATTCGTAGTAGTA-1,-0.08985980888060761
PB,HC,HC,2,TGTCCCATCCTCGCAT-1,-0.2009798331434924
PB,HC,HC,2,TGTCCCATCGGATGTT-1,-0.0718537500676946
PB,HC,HC,2,TGTGGTACAATCCAAC-1,0.036591353942647134
PB,HC,HC,2,TGTGGTAGTAAGCACG-1,-0.01809641770246682
PB,HC,HC,2,TGTGTTTGTAGCTCCG-1,0.2684040190756854
PB,HC,HC,2,TGTTCCGCACGACTCG-1,-0.0880968981807342
PB,HC,HC,2,TGTTCCGTCTCACATT-1,-0.3013973884643409
PB,HC,HC,2,TTAGGACTCCACGAAT-1,0.22866083318958053
PB,HC,HC,2,TTAGGCAAGTCCCACG-1,0.011073768715483807
PB,HC,HC,2,TTATGCTCATCACGAT-1-1,0.08644949872382042
PB,HC,HC,2,TTATGCTTCCTCGCAT-1,0.0322152617759049
PB,HC,HC,2,TTCCCAGCAGCTTCGG-1,0.21714088489898428
PB,HC,HC,2,TTCCCAGTCTGCAAGT-1,-0.09510819479276943
PB,HC,HC,2,TTCGAAGCAGTCTTCC-1,0.39217666662310763
PB,HC,HC,2,TTCGGTCCAAGGGTCA-1,0.09790688517784099
PB,HC,HC,2,TTCGGTCGTTAGATGA-1,0.5066839381682285
PB,HC,HC,2,TTCTACATCATGTCCC-1,-0.3013973884643409
PB,HC,HC,2,TTCTCCTAGCACCGCT-1,0.36317729208547006
PB,HC,HC,2,TTCTCCTAGTCCGGTC-1,-0.1706882458051519
PB,HC,HC,2,TTCTCCTTCACTTCAT-1,-0.3013973884643409
PB,HC,HC,2,TTCTTAGGTACGACCC-1,0.21926994142168213
PB,HC,HC,2,TTGAACGAGTACATGA-1,-0.010595603776182658
PB,HC,HC,2,TTGACTTCAACAACCT-1,-0.12740088034987423
PB,HC,HC,2,TTGACTTTCAACACTG-1,-0.09463673675024205
PB,HC,HC,2,TTGCGTCCAACGATGG-1,-0.3013973884643409
PB,HC,HC,2,TTGGCAACATTTGCTT-1,0.10234296906374839
PB,HC,HC,2,TTGGCAAGTCACCCAG-1,-0.3013973884643409
PB,HC,HC,2,TTGGCAAGTCTGCGGT-1-1,-0.12299471037927902
PB,HC,HC,2,TTGTAGGCATACTACG-1,0.06355611129607001
PB,HC,HC,2,TTTACTGCAATGACCT-1,0.14602942580663786
PB,HC,HC,2,TTTATGCCAGCCAGAA-1,0.8077977594365879
PB,HC,HC,2,TTTATGCCATTCCTGC-1,0.17592498803673662
PB,HC,HC,2,TTTGCGCGTGATAAAC-1,-0.3013973884643409
PB,HC,HC,2,TTTGGTTTCACTTACT-1,0.008485434063576713
PB,HC,HC,2,TTTGTCATCTGTCCGT-1,0.007030291835161462
PB,HC,HC,2,TTTGTCATCTTGTATC-1,0.06392824571664428
PB,HC,HC,3,AAACGGGCAAGCCTAT-1,0.36326872411775585
PB,HC,HC,3,AAACGGGCACCATCCT-1,0.1676543027219359
PB,HC,HC,3,AAACGGGCACGTAAGG-1,-0.07596401464561109
PB,HC,HC,3,AAAGATGCACAGCCCA-1,0.08021639548149147
PB,HC,HC,3,AAAGCAACATACCATG-1,-0.1090296881122917
PB,HC,HC,3,AAAGCAAGTCGCATAT-1,-0.13059673934186453
PB,HC,HC,3,AAAGCAATCCGCAAGC-1,0.021410969910549933
PB,HC,HC,3,AAAGCAATCTGCAGTA-1,0.6783040701464319
PB,HC,HC,3,AAAGTAGGTGTTTGGT-1,-0.3013973884643409
PB,HC,HC,3,AACACGTCATACGCCG-1,-0.3013973884643409
PB,HC,HC,3,AACCATGCAGACAAAT-1,0.31338330285528004
PB,HC,HC,3,AACCATGCAGGTGGAT-1,0.26652158248759744
PB,HC,HC,3,AACCGCGAGCTACCTA-1,0.2180108684379751
PB,HC,HC,3,AACGTTGCATGATCCA-1,-0.08664070812445049
PB,HC,HC,3,AACGTTGTCCACGAAT-1,0.20451349678905612
PB,HC,HC,3,AACGTTGTCTCGAGTA-1-1,0.5837115741399603
PB,HC,HC,3,AACTCAGGTGTGAATA-1,-0.053139790293048515
PB,HC,HC,3,AACTCCCGTAAGGGCT-1,-0.029725971468034424
PB,HC,HC,3,AACTGGTTCTTCTGGC-1,0.14001944790259585
PB,HC,HC,3,AACTTTCGTTCAGACT-1,0.17571380888372243
PB,HC,HC,3,AAGCCGCAGGCACATG-1,-0.3013973884643409
PB,HC,HC,3,AAGCCGCGTCGCGGTT-1,-0.3013973884643409
PB,HC,HC,3,AAGGTTCCAACTTGAC-1,0.24695052537368875
PB,HC,HC,3,AAGTCTGAGCGCTCCA-1,0.2658662096669952
PB,HC,HC,3,AATCCAGAGACACGAC-1,0.03330529664327845
PB,HC,HC,3,AATCCAGAGCTGAACG-1,0.0994541228354529
PB,HC,HC,3,AATCCAGAGGGCTTCC-1,0.679621706761538
PB,HC,HC,3,AATCCAGGTTTGGGCC-1,-0.3013973884643409
PB,HC,HC,3,AATCCAGTCATTGCCC-1,-0.013612406252024641
PB,HC,HC,3,AATCGGTAGAGTTGGC-1,-0.1725064437631422
PB,HC,HC,3,AATCGGTCATACTACG-1,-0.3013973884643409
PB,HC,HC,3,AATCGGTCATAGGATA-1,0.584837143402794
PB,HC,HC,3,AATCGGTGTGCTAGCC-1,0.2203614050058508
PB,HC,HC,3,ACACCAAAGCTTTGGT-1,-0.3013973884643409
PB,HC,HC,3,ACACCCTAGCCGTCGT-1,-0.3013973884643409
PB,HC,HC,3,ACACCGGAGAAGAAGC-1,-0.3013973884643409
PB,HC,HC,3,ACACTGACACCTCGTT-1,0.08430914541467796
PB,HC,HC,3,ACATACGAGTAATCCC-1,0.08836912791714635
PB,HC,HC,3,ACATACGCACGAAGCA-1,0.22619500841212364
PB,HC,HC,3,ACATACGGTTCCAACA-1,0.5626693083004077
PB,HC,HC,3,ACATACGGTTCCCGAG-1,0.03089462560207897
PB,HC,HC,3,ACATACGTCCAAATGC-1,-0.06424059047385018
PB,HC,HC,3,ACATACGTCTACCAGA-1,0.21586676692903012
PB,HC,HC,3,ACCAGTACAAGCGAGT-1,0.35746344801784463
PB,HC,HC,3,ACCCACTAGGATGTAT-1,-0.3013973884643409
PB,HC,HC,3,ACCCACTGTGTCAATC-1,0.3000603031040138
PB,HC,HC,3,ACCGTAATCTAACTGG-1,-0.18328549330087388
PB,HC,HC,3,ACCTTTAAGCGTCAAG-1,-0.3013973884643409
PB,HC,HC,3,ACCTTTAAGTTTAGGA-1,0.30857244363758213
PB,HC,HC,3,ACCTTTACACCGAATT-1,-0.3013973884643409
PB,HC,HC,3,ACCTTTAGTCTCACCT-1,-0.3013973884643409
PB,HC,HC,3,ACCTTTATCGACAGCC-1,-0.3013973884643409
PB,HC,HC,3,ACCTTTATCGGAATCT-1,-0.3013973884643409
PB,HC,HC,3,ACCTTTATCTAACTCT-1,-0.3013973884643409
PB,HC,HC,3,ACGAGGAGTAGATTAG-1,-0.14332474479877635
PB,HC,HC,3,ACGATACCAGTGAGTG-1,0.05685438510836178
PB,HC,HC,3,ACGATACGTATCACCA-1,-0.3013973884643409
PB,HC,HC,3,ACGATACGTCACAAGG-1,0.02624145875583003
PB,HC,HC,3,ACGATGTGTGGGTATG-1,-0.13544782013675616
PB,HC,HC,3,ACGATGTTCATTCACT-1,-0.015815069228721522
PB,HC,HC,3,ACGATGTTCGTGGTCG-1,0.011979394341484187
PB,HC,HC,3,ACGATGTTCTACGAGT-1,0.11541434205721504
PB,HC,HC,3,ACGATGTTCTGTCTAT-1,-0.3013973884643409
PB,HC,HC,3,ACGCCAGAGACAGACC-1,0.12995016852123287
PB,HC,HC,3,ACGCCGACATACTACG-1,-0.3013973884643409
PB,HC,HC,3,ACGGAGAGTATGAATG-1,0.13834712444678524
PB,HC,HC,3,ACGGAGAGTCGAGTTT-1,-0.08499470347837387
PB,HC,HC,3,ACGGGCTTCCTTTACA-1,-0.09956467559202517
PB,HC,HC,3,ACGGGTCCATCTCCCA-1,-0.3013973884643409
PB,HC,HC,3,ACGGGTCGTGCGCTTG-1,-0.013013154202434065
PB,HC,HC,3,ACGGGTCGTGTGACCC-1,-0.3013973884643409
PB,HC,HC,3,ACGGGTCGTTAGAACA-1,-0.21240264148319626
PB,HC,HC,3,ACGTCAAAGGCTAGCA-1,0.12670767448072626
PB,HC,HC,3,ACGTCAACAGCAGTTT-1,-0.027316172629895285
PB,HC,HC,3,ACTATCTAGTCTCAAC-1,0.3467493279550754
PB,HC,HC,3,ACTATCTTCCAATGGT-1,-0.3013973884643409
PB,HC,HC,3,ACTGAACGTAAAGTCA-1,0.2842568929842059
PB,HC,HC,3,ACTGAACGTAGAGGAA-1,-0.0834387146382857
PB,HC,HC,3,ACTGAGTCAAGGCTCC-1,0.06664646984305744
PB,HC,HC,3,ACTGATGGTACCCAAT-1,-0.3013973884643409
PB,HC,HC,3,ACTGATGGTCCATCCT-1,0.05832984272905357
PB,HC,HC,3,ACTGATGGTTACGGAG-1,-0.11802631615577741
PB,HC,HC,3,ACTGATGTCACCATAG-1,0.07080569749462592
PB,HC,HC,3,ACTGCTCAGCGTTCCG-1,-0.0841904483683132
PB,HC,HC,3,ACTGTCCCACGAAATA-1,-0.19807463678608542
PB,HC,HC,3,ACTGTCCCACTTACGA-1,-0.03769092860051894
PB,HC,HC,3,ACTGTCCGTAGAGGAA-1,0.0834851625061714
PB,HC,HC,3,ACTTACTGTGCAACGA-1,-0.3013973884643409
PB,HC,HC,3,ACTTGTTAGCTTTGGT-1,0.008600874593550087
PB,HC,HC,3,ACTTTCACATCGGGTC-1,0.017983227265170574
PB,HC,HC,3,ACTTTCATCATGTGGT-1,0.29307705792317357
PB,HC,HC,3,ACTTTCATCGTCCGTT-1,-0.10351426798818597
PB,HC,HC,3,AGAATAGAGACCTAGG-1,0.09667948999057004
PB,HC,HC,3,AGAATAGGTTATCGGT-1,0.7586880964820528
PB,HC,HC,3,AGAGCGAGTATGAAAC-1,-0.09980205540721433
PB,HC,HC,3,AGAGCTTAGATGTCGG-1,0.08165454042873824
PB,HC,HC,3,AGAGCTTCACATCTTT-1,0.053909339859561575
PB,HC,HC,3,AGAGTGGAGGGAACGG-1,-0.11388485970732883
PB,HC,HC,3,AGAGTGGCAGAGCCAA-1,0.08283810774358956
PB,HC,HC,3,AGAGTGGTCCTATTCA-1,-0.19170349634739647
PB,HC,HC,3,AGATCTGAGTACACCT-1,-0.2053371157737225
PB,HC,HC,3,AGATCTGTCACCGTAA-1,0.13137981881847574
PB,HC,HC,3,AGCAGCCAGTTAGGTA-1,-0.0918718939023855
PB,HC,HC,3,AGCAGCCGTAAGCACG-1,0.002147418243339067
PB,HC,HC,3,AGCAGCCGTCATGCCG-1,0.7762210863854099
PB,HC,HC,3,AGCATACCATGCTAGT-1,0.15174860469427245
PB,HC,HC,3,AGCCTAATCGGATGTT-1,-0.040951743428623635
PB,HC,HC,3,AGCGGTCCATGTCTCC-1,-0.3013973884643409
PB,HC,HC,3,AGCGGTCGTAAATGTG-1,-0.3013973884643409
PB,HC,HC,3,AGCGGTCTCTAGCACA-1,-0.07562765768433155
PB,HC,HC,3,AGCGTATAGGATCGCA-1-1,0.32473550548773905
PB,HC,HC,3,AGCTCCTCATTTGCTT-1,0.4898628845701625
PB,HC,HC,3,AGCTCCTGTCCATGAT-1,0.18145632575442322
PB,HC,HC,3,AGCTCCTGTTATGCGT-1,-0.3013973884643409
PB,HC,HC,3,AGCTCTCGTCCCTTGT-1,0.14244288072555109
PB,HC,HC,3,AGCTTGAGTCCCTTGT-1,0.09560845893568888
PB,HC,HC,3,AGCTTGAGTCTTCGTC-1,-0.0635737519554211
PB,HC,HC,3,AGCTTGATCGCCAAAT-1,0.11917129153539772
PB,HC,HC,3,AGCTTGATCGTCCAGG-1,0.40995329949891424
PB,HC,HC,3,AGGCCACCACGAAATA-1,0.03874846216565923
PB,HC,HC,3,AGGGATGCACAGGCCT-1,0.6403645748986012
PB,HC,HC,3,AGGGTGACAGATGGCA-1,-0.08822753115362669
PB,HC,HC,3,AGGGTGAGTACTTAGC-1,-0.1229677217944272
PB,HC,HC,3,AGGTCATTCGTTACAG-1,-0.3013973884643409
PB,HC,HC,3,AGTAGTCCATCAGTCA-1,-0.018304322009531308
PB,HC,HC,3,AGTAGTCTCCTGCAGG-1,0.12509727450966932
PB,HC,HC,3,AGTCTTTAGGAGTAGA-1,-0.2131285039469441
PB,HC,HC,3,AGTCTTTGTACCGGCT-1,-0.04521936404686019
PB,HC,HC,3,AGTGAGGTCCCTTGCA-1,-0.15258396012133701
PB,HC,HC,3,AGTGGGACAGTAAGCG-1,0.36165594260290906
PB,HC,HC,3,AGTGGGAGTTACAGAA-1,-0.2080442045553926
PB,HC,HC,3,AGTGTCAAGTGTTTGC-1,-0.01824455455309743
PB,HC,HC,3,AGTGTCAGTACAGCAG-1,-0.08632466222828246
PB,HC,HC,3,AGTGTCAGTCCTGCTT-1,0.19063091670333757
PB,HC,HC,3,AGTGTCATCACCGTAA-1,-0.2330706055284541
PB,HC,HC,3,AGTTGGTAGAGCTATA-1,0.1770990788941275
PB,HC,HC,3,AGTTGGTGTTTAAGCC-1,0.39545392742612245
PB,HC,HC,3,AGTTGGTTCCATGAAC-1,-0.14650452920174847
PB,HC,HC,3,ATAACGCGTCTTCTCG-1,-0.11710573881560858
PB,HC,HC,3,ATAGACCAGAGCTATA-1,0.11588360337944104
PB,HC,HC,3,ATCACGACACGGACAA-1,-0.05814725391441442
PB,HC,HC,3,ATCATCTAGACTTGAA-1,0.0032883303005852055
PB,HC,HC,3,ATCATCTAGGTAAACT-1,0.23809389705776132
PB,HC,HC,3,ATCATCTGTGAGGGTT-1,-0.19990974869936323
PB,HC,HC,3,ATCATCTGTTGTGGCC-1,-0.20585859730535527
PB,HC,HC,3,ATCATGGGTCGCATCG-1,0.22864874157497544
PB,HC,HC,3,ATCATGGGTTAAGATG-1,0.0062924491630394165
PB,HC,HC,3,ATCATGGTCAAGGTAA-1,-0.18112538289729793
PB,HC,HC,3,ATCCACCGTAAGTAGT-1,0.29215384137559564
PB,HC,HC,3,ATCCACCTCGCCTGAG-1,0.307307210167646
PB,HC,HC,3,ATCTGCCAGGTAGCCA-1,0.12225547841016873
PB,HC,HC,3,ATCTGCCCACAGGAGT-1,-0.19846051344624804
PB,HC,HC,3,ATCTGCCCACCAGGCT-1,0.526495757753948
PB,HC,HC,3,ATCTGCCGTGCTCTTC-1,0.06923984791611015
PB,HC,HC,3,ATGAGGGAGTATTGGA-1,-0.3013973884643409
PB,HC,HC,3,ATGTGTGTCTGAGTGT-1,-0.06481630424593662
PB,HC,HC,3,ATTATCCTCAGCACAT-1,-0.06504187730640414
PB,HC,HC,3,ATTATCCTCTGCCAGG-1,0.0808536329787254
PB,HC,HC,3,ATTCTACTCATATCGG-1,-0.3013973884643409
PB,HC,HC,3,ATTGGACGTAAGTGGC-1,0.19880009763894232
PB,HC,HC,3,ATTTCTGAGCTGTCTA-1,0.09945671736135972
PB,HC,HC,3,ATTTCTGGTGCTAGCC-1,0.10512970726995627
PB,HC,HC,3,ATTTCTGTCCTGTAGA-1,-0.0943574488128248
PB,HC,HC,3,CAACCAACAGGGATTG-1,0.1865111651992126
PB,HC,HC,3,CAACCTCGTGATGTGG-1,-0.17058319319516332
PB,HC,HC,3,CAACCTCTCTGTCTCG-1,0.034051052598768894
PB,HC,HC,3,CAACTAGAGGAGCGAG-1,-0.23384588196572137
PB,HC,HC,3,CAACTAGAGTATCTCG-1,-0.3013973884643409
PB,HC,HC,3,CAACTAGTCATGGTCA-1,-0.1546544053499051
PB,HC,HC,3,CAACTAGTCATTGCGA-1,-0.04782943593567598
PB,HC,HC,3,CAAGGCCTCTCTAGGA-1,-0.3013973884643409
PB,HC,HC,3,CAAGTTGCAATAGCAA-1,-0.020779913161806145
PB,HC,HC,3,CACAAACTCAAGCCTA-1,-0.3013973884643409
PB,HC,HC,3,CACACAACACGGCCAT-1,-0.3013973884643409
PB,HC,HC,3,CACACAATCCACGAAT-1,-0.3013973884643409
PB,HC,HC,3,CACACCTTCATGCAAC-1-2,-0.3013973884643409
PB,HC,HC,3,CACACTCGTGGGTCAA-1,-0.3013973884643409
PB,HC,HC,3,CACAGTAAGGTGCTAG-1,0.4463888679367251
PB,HC,HC,3,CACATTTCATCGACGC-1,0.22137248047880093
PB,HC,HC,3,CACCACTTCGTACCGG-1,0.22734213147377108
PB,HC,HC,3,CACCTTGAGTGTACCT-1,-0.11432779106366275
PB,HC,HC,3,CACCTTGCAAGACGTG-1,0.15624507290132064
PB,HC,HC,3,CACTCCATCCGTCAAA-1,-0.01426608228544289
PB,HC,HC,3,CAGAGAGAGCGTGAGT-1,0.031502951935171775
PB,HC,HC,3,CAGATCACAAGCCCAC-1,0.5316328437410898
PB,HC,HC,3,CAGATCAGTTGGTTTG-1,-0.11180023358101929
PB,HC,HC,3,CAGATCATCACGACTA-1,-0.11580584311167148
PB,HC,HC,3,CAGCAGCGTGAACCTT-1,0.7088577947314434
PB,HC,HC,3,CAGCATAGTGATAAGT-1,-0.07296266026180488
PB,HC,HC,3,CAGCGACCAAGACACG-1,-0.13198984602736277
PB,HC,HC,3,CAGCGACGTAACGACG-1,0.2614739251644368
PB,HC,HC,3,CAGCTAACATGAGCGA-1,-0.3013973884643409
PB,HC,HC,3,CAGCTGGCAATGCCAT-1,0.02352999469114889
PB,HC,HC,3,CAGCTGGGTATCAGTC-1,-0.1179279153176865
PB,HC,HC,3,CAGGTGCTCTCGTATT-1,-0.3013973884643409
PB,HC,HC,3,CAGTAACAGGCTCATT-1,-0.08030341357920778
PB,HC,HC,3,CAGTAACCATCACGAT-1,-0.14354974476932705
PB,HC,HC,3,CAGTAACGTACCGTAT-1,0.03883546631592304
PB,HC,HC,3,CAGTCCTCAGCGTAAG-1,0.31493206719789457
PB,HC,HC,3,CAGTCCTGTCTTGCGG-1,0.140310678036134
PB,HC,HC,3,CATATGGCAAGCCATT-1,-0.3013973884643409
PB,HC,HC,3,CATATTCAGATGAGAG-1,0.13824124872447865
PB,HC,HC,3,CATATTCTCTGTCTCG-1,0.02220525157712781
PB,HC,HC,3,CATCAAGGTGTATGGG-1,-0.16333432488152422
PB,HC,HC,3,CATCAGACAAGGTTTC-1,-0.22321875603691163
PB,HC,HC,3,CATCCACCATCGTCGG-1,-0.20340383797326972
PB,HC,HC,3,CATCGAACATCACAAC-1,0.1880828115998174
PB,HC,HC,3,CATGACAAGAAGGGTA-1,-0.3013973884643409
PB,HC,HC,3,CATGACACATCCCACT-1,-0.3013973884643409
PB,HC,HC,3,CATGCCTCAGCCTGTG-1-1,0.14021532294932207
PB,HC,HC,3,CATGCCTGTTCTGTTT-1,0.029854749624615286
PB,HC,HC,3,CATGGCGAGAATTGTG-1,0.03002052926083151
PB,HC,HC,3,CATTATCAGTACGATA-1,0.0781835581337718
PB,HC,HC,3,CATTATCTCAGTGTTG-1,0.3279746275333832
PB,HC,HC,3,CCACCTAGTGCGGTAA-1,0.1257082737766722
PB,HC,HC,3,CCACGGAAGTATCGAA-1,-0.3013973884643409
PB,HC,HC,3,CCACGGATCTCCCTGA-1,0.06676068268293724
PB,HC,HC,3,CCATGTCAGTTTAGGA-1,-0.09052978577952134
PB,HC,HC,3,CCATGTCTCTGTCCGT-1,-0.10943145189740101
PB,HC,HC,3,CCATTCGAGGATGGTC-1,-0.19466588564023182
PB,HC,HC,3,CCCAATCGTTCGCGAC-1,0.2286616556136582
PB,HC,HC,3,CCCTCCTAGGAGTAGA-1,0.196364036354006
PB,HC,HC,3,CCCTCCTGTAAGTGGC-1,0.560983217639272
PB,HC,HC,3,CCGGGATCACCCATTC-1,-0.3013973884643409
PB,HC,HC,3,CCGGTAGAGCGGATCA-1,-0.3013973884643409
PB,HC,HC,3,CCGGTAGAGTCATCCA-1,0.22288897394627907
PB,HC,HC,3,CCGTACTGTAAGAGGA-1,-0.3013973884643409
PB,HC,HC,3,CCGTACTGTCTCTTAT-1,0.026306148158130444
PB,HC,HC,3,CCGTACTTCTCTGAGA-1,0.20985353629548226
PB,HC,HC,3,CCGTGGATCGCTTAGA-1,-0.10396024860577224
PB,HC,HC,3,CCGTTCAAGCCAGTTT-1,-0.06969249380644146
PB,HC,HC,3,CCGTTCATCATGTCCC-1,-0.1503051980939814
PB,HC,HC,3,CCGTTCATCGCAGGCT-1,-0.14189206565369314
PB,HC,HC,3,CCTACCACATGTTGAC-1,-0.20466085799352798
PB,HC,HC,3,CCTATTACAAACTGTC-1,0.5299727073951458
PB,HC,HC,3,CCTATTAGTTCCACTC-1,-0.3013973884643409
PB,HC,HC,3,CCTATTATCCGTTGTC-1,0.008922228298169386
PB,HC,HC,3,CCTATTATCGTTGCCT-1,-0.3013973884643409
PB,HC,HC,3,CCTCAGTAGCTAGTGG-1,-0.22013930089537487
PB,HC,HC,3,CCTCAGTGTAAGGATT-1,0.15066715202950492
PB,HC,HC,3,CCTCAGTTCTCGAGTA-1,0.5400888967896796
PB,HC,HC,3,CCTCTGATCAAGGCTT-1,0.2675569860194715
PB,HC,HC,3,CCTTCGACACTTCTGC-1,-0.09458424854524393
PB,HC,HC,3,CCTTCGAGTGTCAATC-1,-0.3013973884643409
PB,HC,HC,3,CCTTTCTCACAACTGT-1,0.015877059902899133
PB,HC,HC,3,CCTTTCTGTCAGAGGT-1,0.12058571116138729
PB,HC,HC,3,CCTTTCTGTTGTGGAG-1,0.23678646601502437
PB,HC,HC,3,CGAACATAGGTGGGTT-1,0.29500504694046725
PB,HC,HC,3,CGAATGTGTATAGGGC-1,-0.06239722433470677
PB,HC,HC,3,CGACCTTCATGAACCT-1,0.029203026145908688
PB,HC,HC,3,CGACTTCCATTGGCGC-1,-0.08964454924288608
PB,HC,HC,3,CGACTTCGTGTTGGGA-1,0.02448025843106471
PB,HC,HC,3,CGAGAAGTCGCGATCG-1,0.22567030105411984
PB,HC,HC,3,CGAGCACGTTCAACCA-1,-0.029199418009287787
PB,HC,HC,3,CGATGGCAGTGGACGT-1,-0.17164991260134507
PB,HC,HC,3,CGATGGCTCGTTTGCC-1,-0.11583057852941472
PB,HC,HC,3,CGATGTACACCACCAG-1,-0.09914664775829395
PB,HC,HC,3,CGATGTATCACGAAGG-1,-0.06505323696570117
PB,HC,HC,3,CGATTGATCTACTCAT-1,0.16519824250221188
PB,HC,HC,3,CGCCAAGCACAGCCCA-1,-0.01912526588235774
PB,HC,HC,3,CGCCAAGCACCTATCC-1,-0.08089503755656148
PB,HC,HC,3,CGCCAAGCAGTCGTGC-1,0.2241743233748234
PB,HC,HC,3,CGCTATCTCATCACCC-1,-0.3013973884643409
PB,HC,HC,3,CGCTGGAAGCCTCGTG-1,-0.3013973884643409
PB,HC,HC,3,CGCTGGAGTGTTCTTT-1,0.18145632575442322
PB,HC,HC,3,CGCTGGATCGCCAGCA-1,-0.13398863414845952
PB,HC,HC,3,CGCTTCAAGTTACCCA-1,-0.1938403621277181
PB,HC,HC,3,CGCTTCATCAGGTTCA-1,0.5110990445458169
PB,HC,HC,3,CGCTTCATCGGCATCG-1,-0.3013973884643409
PB,HC,HC,3,CGGACGTCAAAGTGCG-1-1,-0.06393548042077053
PB,HC,HC,3,CGGACGTTCTGAGGGA-1-1,0.3974063817945927
PB,HC,HC,3,CGGACTGAGGCGATAC-1-1,0.309342419075039
PB,HC,HC,3,CGGAGCTAGTGATCGG-1,-0.3013973884643409
PB,HC,HC,3,CGGAGCTTCTACCTGC-1-1,-0.19823224357304498
PB,HC,HC,3,CGGAGTCCATGCCTAA-1,0.17521778799912827
PB,HC,HC,3,CGGAGTCTCACCGGGT-1,0.8228631220310838
PB,HC,HC,3,CGGCTAGAGGAATCGC-1,-0.10997189850258575
PB,HC,HC,3,CGGCTAGGTTTGACTG-1,0.259891047186703
PB,HC,HC,3,CGGCTAGTCACGATGT-1,0.19256282943346442
PB,HC,HC,3,CGGTTAACATGTCCTC-1,-0.3013973884643409
PB,HC,HC,3,CGGTTAATCTCCAGGG-1,-0.21686011714281306
PB,HC,HC,3,CGTCACTCAATAAGCA-1,-0.18994686622518223
PB,HC,HC,3,CGTCACTTCGTTACGA-1,-0.21059965878537512
PB,HC,HC,3,CGTCAGGGTGCACCAC-1,-0.02934057617014505
PB,HC,HC,3,CGTCCATTCATCGGAT-1,-0.3013973884643409
PB,HC,HC,3,CGTCTACGTCTACCTC-1,0.0382537849017075
PB,HC,HC,3,CGTCTACTCCGAATGT-1-1,-0.04779655166009649
PB,HC,HC,3,CGTGAGCAGGGCTCTC-1-1,-0.3013973884643409
PB,HC,HC,3,CGTGAGCTCGAATGGG-1,0.1797875967712423
PB,HC,HC,3,CGTGTAATCGGTGTTA-1,-0.11148162047247297
PB,HC,HC,3,CGTGTAATCTTGCCGT-1,-0.1808300834658656
PB,HC,HC,3,CGTGTCTAGGTCATCT-1,-0.3013973884643409
PB,HC,HC,3,CGTGTCTGTCGAAAGC-1,-0.1985458310929909
PB,HC,HC,3,CGTTAGACAGCATGAG-1,0.022358322980554995
PB,HC,HC,3,CGTTCTGAGAATTGTG-1,-0.21603035786007282
PB,HC,HC,3,CGTTCTGCATTGAGCT-1,-0.17169160042621476
PB,HC,HC,3,CGTTGGGCATAGAAAC-1-1,-0.3013973884643409
PB,HC,HC,3,CGTTGGGGTGAGTGAC-1,0.10648241307424301
PB,HC,HC,3,CTAACTTTCAAGAAGT-1,-0.3013973884643409
PB,HC,HC,3,CTACACCAGATACACA-1,0.27873736559303225
PB,HC,HC,3,CTACACCAGCCAGGAT-1,0.23153843996320483
PB,HC,HC,3,CTACACCAGCGCCTTG-1,0.018877418546400643
PB,HC,HC,3,CTACACCGTTATCACG-1-1,0.24587698476986258
PB,HC,HC,3,CTACATTAGTGACTCT-1,-0.19588521533537012
PB,HC,HC,3,CTACCCAAGGTGCTAG-1,-0.3013973884643409
PB,HC,HC,3,CTACGTCTCGCCGTGA-1,-0.16043220924685064
PB,HC,HC,3,CTAGCCTCATCTCGCT-1,0.4364403157820403
PB,HC,HC,3,CTAGCCTTCTACTTAC-1,-0.14961287846590407
PB,HC,HC,3,CTAGTGACACAACGTT-1,-0.3013973884643409
PB,HC,HC,3,CTCACACCAAACGCGA-1,-0.11561806097996559
PB,HC,HC,3,CTCACACCAGGTCGTC-1,-0.1349372696012224
PB,HC,HC,3,CTCAGAAGTAGCGCAA-1,0.15769999181993224
PB,HC,HC,3,CTCATTACAGGATCGA-1,-0.3013973884643409
PB,HC,HC,3,CTCATTATCCACGAAT-1,-0.08820335017166932
PB,HC,HC,3,CTCGAAAAGATAGGAG-1,0.13279762010338458
PB,HC,HC,3,CTCGAGGAGTGAACGC-1,-0.11200171899269566
PB,HC,HC,3,CTCGGAGAGCGATTCT-1-1,0.33018313089872825
PB,HC,HC,3,CTCGGGACAAGCCTAT-1,0.21743047436799343
PB,HC,HC,3,CTCGTACGTACGAAAT-1,0.1140449651883634
PB,HC,HC,3,CTCGTCAAGTGGGTTG-1,0.007371767031418873
PB,HC,HC,3,CTCGTCATCAGCTCGG-1,-0.3013973884643409
PB,HC,HC,3,CTCGTCATCTGTTGAG-1,0.11065452508405312
PB,HC,HC,3,CTCTAATTCTAACTGG-1,0.3764280327179876
PB,HC,HC,3,CTCTACGAGTCCGTAT-1,0.39695232949080117
PB,HC,HC,3,CTCTACGGTAACGCGA-1,-0.3013973884643409
PB,HC,HC,3,CTCTACGGTGCGATAG-1-1,-0.08367516131492458
PB,HC,HC,3,CTGAAGTCAGGATTGG-1,0.4315450387718211
PB,HC,HC,3,CTGAAGTTCATGTCTT-1,0.03183134469904392
PB,HC,HC,3,CTGATAGAGAGCTATA-1,-0.3013973884643409
PB,HC,HC,3,CTGATAGCATTCTTAC-1,-0.3013973884643409
PB,HC,HC,3,CTGCCTATCACATAGC-1-1,-0.04833490200056438
PB,HC,HC,3,CTGCCTATCACGATGT-1,0.09086663671750625
PB,HC,HC,3,CTGCTGTTCTCTGTCG-1,-0.0038641192086604293
PB,HC,HC,3,CTGGTCTAGCGATTCT-1,0.019022598092496124
PB,HC,HC,3,CTGGTCTTCCGCAGTG-1,0.1436427111527014
PB,HC,HC,3,CTGTTTACAGTATCTG-1,-0.062155748735232066
PB,HC,HC,3,CTGTTTACATACTACG-1,-0.11240367859850285
PB,HC,HC,3,CTTACCGGTACGCTGC-1,0.5735587429221313
PB,HC,HC,3,CTTAGGAGTTGAGTTC-1,-0.19244738012412257
PB,HC,HC,3,CTTGGCTAGCTAAACA-1,0.1328215393524858
PB,HC,HC,3,CTTGGCTGTCGGGTCT-1,0.14976030027209372
PB,HC,HC,3,CTTGGCTGTGACTCAT-1,-0.08909977057195621
PB,HC,HC,3,CTTTGCGGTGAGGGAG-1,0.2637543468052584
PB,HC,HC,3,CTTTGCGGTTGTACAC-1,-0.181236948267127
PB,HC,HC,3,GAAACTCAGGAATGGA-1,-0.09087599891636677
PB,HC,HC,3,GAAACTCGTCTCCCTA-1,-0.16099769958083213
PB,HC,HC,3,GAAACTCGTGGTACAG-1,0.12963732126446711
PB,HC,HC,3,GAAATGAAGAGGTAGA-1,-0.13697974259669002
PB,HC,HC,3,GAAATGACAGCTGTAT-1,-0.3013973884643409
PB,HC,HC,3,GAAATGAGTGATGATA-1,-0.07550232052367481
PB,HC,HC,3,GAAATGATCCGAGCCA-1,-0.3013973884643409
PB,HC,HC,3,GAACATCAGTTCGATC-1,0.18541237958215356
PB,HC,HC,3,GAACATCCAATAACGA-1,0.10661466109065162
PB,HC,HC,3,GAACCTACACCAACCG-1,-0.20972837490209664
PB,HC,HC,3,GAACCTAGTTAAGACA-1,0.2921361954798618
PB,HC,HC,3,GAACCTAGTTACGACT-1,0.4595267267826805
PB,HC,HC,3,GAACGGAGTAAGGGCT-1,-0.3013973884643409
PB,HC,HC,3,GAATAAGAGGACATTA-1,-0.10644796082122429
PB,HC,HC,3,GAATAAGTCAACCAAC-1,-0.1282879883301081
PB,HC,HC,3,GAATGAACAATAGAGT-1,-0.11637949623947323
PB,HC,HC,3,GACAGAGCAAGCGATG-1,-0.1095755705293362
PB,HC,HC,3,GACAGAGGTAATTGGA-1,0.0070367336015535785
PB,HC,HC,3,GACAGAGTCTAGCACA-1,-0.03790405566156079
PB,HC,HC,3,GACAGAGTCTCTTATG-1,0.06458282062891603
PB,HC,HC,3,GACCTGGAGGCCCTTG-1,-0.3013973884643409
PB,HC,HC,3,GACGCGTTCCCTGACT-1,0.22076301141826343
PB,HC,HC,3,GACGGCTAGCTCTCGG-1,-0.13908548384745165
PB,HC,HC,3,GACGTGCCAGTATCTG-1,0.5246839995027754
PB,HC,HC,3,GACTACAAGGCAATTA-1,0.169009214451882
PB,HC,HC,3,GACTACATCCGGGTGT-1,-0.07046413793403952
PB,HC,HC,3,GAGCAGAAGTACACCT-1,-0.20614694083923552
PB,HC,HC,3,GAGCAGATCAGCCTAA-1,-0.06238332090913319
PB,HC,HC,3,GAGGTGAAGCCCGAAA-1,-0.3013973884643409
PB,HC,HC,3,GAGGTGAGTCTCACCT-1,-0.3013973884643409
PB,HC,HC,3,GAGGTGATCACCGGGT-1,-0.3013973884643409
PB,HC,HC,3,GAGGTGATCTTAGAGC-1,0.5832332302191465
PB,HC,HC,3,GATCAGTGTATCTGCA-1,0.005892436893962698
PB,HC,HC,3,GATCGATAGTAACCCT-1,-0.06501705152193471
PB,HC,HC,3,GATCGCGGTGACGCCT-1,0.00729509054318075
PB,HC,HC,3,GATCGCGTCCTCAATT-1,-0.22549228061257492
PB,HC,HC,3,GATCTAGAGTCAAGGC-1,-0.3013973884643409
PB,HC,HC,3,GATCTAGGTCGGATCC-1,-0.1295664637302651
PB,HC,HC,3,GATCTAGGTTGGAGGT-1,-0.3013973884643409
PB,HC,HC,3,GATGAAAGTAAATACG-1,-0.13807310769418
PB,HC,HC,3,GATGAGGAGTTTAGGA-1,0.033489974752273964
PB,HC,HC,3,GATGAGGCAAAGAATC-1,-0.20060123357672843
PB,HC,HC,3,GATGAGGTCGTTTATC-1,0.011370542706380255
PB,HC,HC,3,GATGAGGTCTATGTGG-1,0.48413237425647476
PB,HC,HC,3,GATGCTATCAGCTCGG-1,-0.1601043709423851
PB,HC,HC,3,GATGCTATCTGAGGGA-1,0.47075240323098366
PB,HC,HC,3,GATTCAGCACTAAGTC-1,-0.3013973884643409
PB,HC,HC,3,GATTCAGCAGCCAGAA-1,-0.09043550616306228
PB,HC,HC,3,GCAAACTTCTTATCTG-1,0.0786134707609373
PB,HC,HC,3,GCACATACAGTTAACC-1,0.4085038406434924
PB,HC,HC,3,GCACATATCAACTCTT-1,0.1038116292137746
PB,HC,HC,3,GCACTCTAGCTGCGAA-1,-0.03611699946887643
PB,HC,HC,3,GCACTCTTCTCCAGGG-1,0.17950936205199625
PB,HC,HC,3,GCAGCCACATACTCTT-1,-0.3013973884643409
PB,HC,HC,3,GCAGTTAGTACAAGTA-1,-0.12694024226291714
PB,HC,HC,3,GCATACACATGGTAGG-1,0.014196664059481596
PB,HC,HC,3,GCATGATCACTCAGGC-1,0.25723764401107796
PB,HC,HC,3,GCATGCGTCATTGCCC-1,-0.3013973884643409
PB,HC,HC,3,GCATGTAGTACAGTGG-1,0.22224234500606382
PB,HC,HC,3,GCCAAATTCAGCAACT-1,-0.049034342185586256
PB,HC,HC,3,GCCTCTAGTTTGTGTG-1-1,0.040552862211085776
PB,HC,HC,3,GCGACCACAACTTGAC-1,-0.15150380877416444
PB,HC,HC,3,GCGACCACATTGTGCA-1-1,-0.16662728973998903
PB,HC,HC,3,GCGAGAACAATAGCAA-1,0.0925227444194908
PB,HC,HC,3,GCGAGAACACATCTTT-1,-0.08852558392119973
PB,HC,HC,3,GCGCAACAGCTAACTC-1,0.16303309764292143
PB,HC,HC,3,GCGCCAAAGCCCAGCT-1,0.3719341206224903
PB,HC,HC,3,GCGCCAAAGTCACGCC-1,-0.14950057863359476
PB,HC,HC,3,GCGCCAACACTCAGGC-1,0.14786741615825358
PB,HC,HC,3,GCGCCAACATGCCACG-1,0.3706536174263243
PB,HC,HC,3,GCGCGATCAAACCTAC-1-1,-0.07948364324700406
PB,HC,HC,3,GCGGGTTAGCAATATG-1,0.159615784091379
PB,HC,HC,3,GCGGGTTAGTGTCTCA-1,-0.3013973884643409
PB,HC,HC,3,GCGGGTTGTAGGCTGA-1,0.2629185228731759
PB,HC,HC,3,GCGGGTTTCGTTACAG-1,-0.3013973884643409
PB,HC,HC,3,GCTCTGTGTACATCCA-1,-0.3013973884643409
PB,HC,HC,3,GCTCTGTGTCTCTTAT-1,0.10406955562517815
PB,HC,HC,3,GCTCTGTTCTATCCTA-1,-0.10781939685459155
PB,HC,HC,3,GCTGCAGCACAACTGT-1,-0.057176775809101785
PB,HC,HC,3,GCTTGAACAGCCTATA-1,-0.24328616916674647
PB,HC,HC,3,GCTTGAATCGGCCGAT-1,-0.05420560473191332
PB,HC,HC,3,GGAAAGCTCAACGGCC-1,-0.3013973884643409
PB,HC,HC,3,GGAACTTCACGCCAGT-1,0.02345748012063708
PB,HC,HC,3,GGAACTTGTAGTAGTA-1,0.6553001513893104
PB,HC,HC,3,GGAACTTGTGAAATCA-1,-0.16533534668827254
PB,HC,HC,3,GGAATAACATCGATTG-1,-0.03101411104415877
PB,HC,HC,3,GGACAAGAGATGTGTA-1,-0.3013973884643409
PB,HC,HC,3,GGACAGACAGTCGATT-1,0.16824125414257685
PB,HC,HC,3,GGACATTCATCCAACA-1,0.09953153677644008
PB,HC,HC,3,GGACGTCCATTGGCGC-1-1,0.007321009275888223
PB,HC,HC,3,GGAGCAATCGACGGAA-1,-0.3013973884643409
PB,HC,HC,3,GGATGTTGTGGTCCGT-1,-0.16039306438381043
PB,HC,HC,3,GGATGTTTCTAACCGA-1,-0.17248010316352094
PB,HC,HC,3,GGATTACAGCGAAGGG-1,0.5947427392225167
PB,HC,HC,3,GGCAATTGTACTCAAC-1,-0.3013973884643409
PB,HC,HC,3,GGCCGATAGAAACCGC-1,-0.08579954254794539
PB,HC,HC,3,GGCCGATAGAGATGAG-1,0.14218632620759164
PB,HC,HC,3,GGCCGATGTGCCTGTG-1,0.1139733393737982
PB,HC,HC,3,GGCGACTTCATGTGGT-1,-0.07474335196780155
PB,HC,HC,3,GGCGTGTAGAATGTTG-1,-0.3013973884643409
PB,HC,HC,3,GGCGTGTCATCGGAAG-1,-0.06373378810773259
PB,HC,HC,3,GGCGTGTGTCTCAACA-1,0.24369106636302698
PB,HC,HC,3,GGCGTGTTCCAGTAGT-1,0.44252319253485867
PB,HC,HC,3,GGCGTGTTCTGCCAGG-1,0.3742986006730313
PB,HC,HC,3,GGCTGGTCAGCCTGTG-1,0.3188483244690831
PB,HC,HC,3,GGGAATGTCCATTCTA-1,-0.1084904519734341
PB,HC,HC,3,GGGACCTAGGAGTTGC-1,0.3524088282373881
PB,HC,HC,3,GGGACCTTCTGTCTCG-1,-0.3013973884643409
PB,HC,HC,3,GGGTTGCAGACTGGGT-1,-0.3013973884643409
PB,HC,HC,3,GGGTTGCCAGACAAGC-1,0.02389707686706997
PB,HC,HC,3,GGGTTGCCATTACCTT-1,-0.10456186241599637
PB,HC,HC,3,GGGTTGCGTGGCAAAC-1,-0.3013973884643409
PB,HC,HC,3,GGGTTGCGTTCCACAA-1,0.08692704296294018
PB,HC,HC,3,GGTATTGAGCTGCAAG-1,-0.22386776235699943
PB,HC,HC,3,GGTATTGCAACCGCCA-1,-0.13943887456903958
PB,HC,HC,3,GGTATTGGTCAAGCGA-1,-0.21045930623779802
PB,HC,HC,3,GGTATTGTCTGATTCT-1,0.30937115703619306
PB,HC,HC,3,GGTGAAGCATGCGCAC-1,-0.3013973884643409
PB,HC,HC,3,GGTGCGTCAATACGCT-1,0.03991072149289473
PB,HC,HC,3,GGTGTTAAGCAGGTCA-1,-0.14363242438586535
PB,HC,HC,3,GGTGTTAAGCTCCTTC-1,0.1307172440185365
PB,HC,HC,3,GGTGTTATCCATGAAC-1,-0.09040121954207893
PB,HC,HC,3,GTAACGTCAGGTCTCG-1,-0.3013973884643409
PB,HC,HC,3,GTACGTAGTCTCTTAT-1,-0.128940396059842
PB,HC,HC,3,GTACTCCAGGCAATTA-1,-0.3013973884643409
PB,HC,HC,3,GTACTCCGTTGTGGCC-1,0.18521234039522727
PB,HC,HC,3,GTACTCCTCCAAACTG-1,0.29852473464580326
PB,HC,HC,3,GTACTTTCACGGTAGA-1,0.3087986207313326
PB,HC,HC,3,GTAGGCCCAGATGGGT-1,0.010207485788965385
PB,HC,HC,3,GTAGGCCCATCGGGTC-1,-0.04231770996526833
PB,HC,HC,3,GTAGGCCGTAAGCACG-1,0.7209610183203345
PB,HC,HC,3,GTAGTCACATTGAGCT-1,0.09362744860836728
PB,HC,HC,3,GTAGTCAGTAAGAGAG-1-2,-0.07744741845389794
PB,HC,HC,3,GTATTCTCAGGGTATG-1,0.29711745817998564
PB,HC,HC,3,GTCAAGTCAGCAGTTT-1,-0.21915253706788734
PB,HC,HC,3,GTCACAAAGATGCCAG-1,-0.23707117005896716
PB,HC,HC,3,GTCACAACAATGTTGC-1,-0.3013973884643409
PB,HC,HC,3,GTCACGGCACTTCTGC-1,0.17801617279986434
PB,HC,HC,3,GTCCTCATCACCTCGT-1,0.5392821769420292
PB,HC,HC,3,GTCCTCATCCCGGATG-1,-0.0880793974383337
PB,HC,HC,3,GTCCTCATCTAACCGA-1,-0.3013973884643409
PB,HC,HC,3,GTCGGGTGTCCGTGAC-1,0.04397594294953124
PB,HC,HC,3,GTCGGGTGTGTGAATA-1,-0.1964534609747882
PB,HC,HC,3,GTCGGGTTCTGCTGCT-1,-0.18196130512534409
PB,HC,HC,3,GTCGTAACATGTCCTC-1,0.4459962767458851
PB,HC,HC,3,GTCTTCGTCATAACCG-1,0.07911655176591258
PB,HC,HC,3,GTGAAGGGTTTGACTG-1,-0.06878981505753448
PB,HC,HC,3,GTGCAGCAGCGCTTAT-1-2,-0.02333320104695018
PB,HC,HC,3,GTGCAGCCAGGATTGG-1,-0.041814384638380706
PB,HC,HC,3,GTGCAGCTCCTCAACC-1,-0.3013973884643409
PB,HC,HC,3,GTGCGGTAGCCACCTG-1,-0.18551119173365077
PB,HC,HC,3,GTGCGGTCAAGTCATC-1,0.1238069303409152
PB,HC,HC,3,GTGCTTCAGCGTTTAC-1,-0.005240630389645855
PB,HC,HC,3,GTGCTTCCAGCTGTAT-1,-0.1987584225939337
PB,HC,HC,3,GTGCTTCCATGCGCAC-1,0.17296660809383013
PB,HC,HC,3,GTGCTTCGTACAGTTC-1,0.37769902081090984
PB,HC,HC,3,GTGCTTCGTCAATACC-1,-0.3013973884643409
PB,HC,HC,3,GTGGGTCCATGCAATC-1,-0.18584544619884888
PB,HC,HC,3,GTGTGCGCACTGTTAG-1,-0.16724096973902872
PB,HC,HC,3,GTGTGCGGTTTGTTGG-1-1,-0.18794752245403987
PB,HC,HC,3,GTGTGCGTCTTCAACT-1,-0.007496725795447087
PB,HC,HC,3,GTGTTAGGTCTAACGT-1,-0.3013973884643409
PB,HC,HC,3,GTTACAGAGCCAGTAG-1,-0.10076281850105387
PB,HC,HC,3,GTTACAGCACCAACCG-1,0.2458464085656217
PB,HC,HC,3,GTTACAGCACCGAATT-1,-0.13978520647513004
PB,HC,HC,3,GTTACAGCATTCGACA-1,-0.1976854979806061
PB,HC,HC,3,GTTACAGGTAGCTAAA-1,-0.3013973884643409
PB,HC,HC,3,GTTCATTTCTGATTCT-1,-0.3013973884643409
PB,HC,HC,3,GTTTCTAAGACAGGCT-1,-0.3013973884643409
PB,HC,HC,3,GTTTCTAGTATATGGA-1,-0.3013973884643409
PB,HC,HC,3,GTTTCTATCACGACTA-1,0.13654070959179332
PB,HC,HC,3,TAAACCGCACGGATAG-1,0.12982259957437464
PB,HC,HC,3,TAAACCGCAGGCGATA-1,-0.3013973884643409
PB,HC,HC,3,TAAACCGTCTCCCTGA-1,0.29836267721552306
PB,HC,HC,3,TAAGAGATCCTACAGA-1,0.1235193484200237
PB,HC,HC,3,TAAGTGCGTGGTCTCG-1,-0.3013973884643409
PB,HC,HC,3,TACACGATCTTGGGTA-1,-0.13506513511506815
PB,HC,HC,3,TACAGTGTCAATACCG-1,-0.10568127353555667
PB,HC,HC,3,TACAGTGTCTGCGGCA-1,0.04020146341391969
PB,HC,HC,3,TACCTATAGCACCGCT-1,1.3803573067427155
PB,HC,HC,3,TACCTATTCACTTACT-1,-0.08240553272491044
PB,HC,HC,3,TACCTATTCTTGTCAT-1,0.13734729781066812
PB,HC,HC,3,TACGGTAAGGAGTAGA-1,0.24040929458334157
PB,HC,HC,3,TACTCATGTGATAAGT-1,0.10730274968202876
PB,HC,HC,3,TACTCATTCGGCGGTT-1,-0.045338072186330125
PB,HC,HC,3,TACTCGCCAGATGGGT-1,0.16199045957827865
PB,HC,HC,3,TACTCGCTCTAGAGTC-1,-0.3013973884643409
PB,HC,HC,3,TACTTACAGCACAGGT-1,-0.3013973884643409
PB,HC,HC,3,TACTTACAGTTAGGTA-1,-0.3013973884643409
PB,HC,HC,3,TAGACCAAGATCCGAG-1,0.24405013827413166
PB,HC,HC,3,TAGACCAAGTGATCGG-1,-0.07811180385647669
PB,HC,HC,3,TAGAGCTAGCGGCTTC-1,0.28790809696065534
PB,HC,HC,3,TAGAGCTTCAAGGTAA-1,-0.16400683872263228
PB,HC,HC,3,TAGGCATCAAAGTGCG-1,-0.3013973884643409
PB,HC,HC,3,TAGGCATGTATAGGGC-1,0.8529657988984015
PB,HC,HC,3,TAGGCATGTGCAGGTA-1,-0.3013973884643409
PB,HC,HC,3,TAGTGGTGTTGGTAAA-1,-0.14982274552555142
PB,HC,HC,3,TAGTTGGAGGTGCTAG-1,0.6883384839937928
PB,HC,HC,3,TAGTTGGTCACGATGT-1,0.0959589041843186
PB,HC,HC,3,TATCAGGCATTTCAGG-1,0.04660468991480609
PB,HC,HC,3,TATCAGGTCGAGGTAG-1,-0.06449643212770387
PB,HC,HC,3,TATGCCCGTGAAAGAG-1,0.12812956293733005
PB,HC,HC,3,TCAACGACATGACATC-1,-0.3013973884643409
PB,HC,HC,3,TCAATCTCACCTGGTG-1,-0.3013973884643409
PB,HC,HC,3,TCACAAGCAGTCGATT-1,-0.03018439240141545
PB,HC,HC,3,TCAGATGAGATGCGAC-1,0.04546727396809128
PB,HC,HC,3,TCAGATGAGTTAGGTA-1,-0.24032475349882101
PB,HC,HC,3,TCAGATGGTCCAAGTT-1,0.095411933119565
PB,HC,HC,3,TCAGCAAAGCTGAAAT-1,-0.007402436368613564
PB,HC,HC,3,TCAGCAACAATGAATG-1,0.05096866993877901
PB,HC,HC,3,TCAGCAACACTTAACG-1,0.5441864391929035
PB,HC,HC,3,TCAGCAAGTTAGGGTG-1,-0.3013973884643409
PB,HC,HC,3,TCAGGATGTTTGGGCC-1,0.24715454365358244
PB,HC,HC,3,TCAGGATTCAACGGGA-1,-0.3013973884643409
PB,HC,HC,3,TCAGGATTCGCTGATA-1,-0.3013973884643409
PB,HC,HC,3,TCAGGTAAGGCGATAC-1,-0.1246057490627085
PB,HC,HC,3,TCATTACGTACTCTCC-1,-0.07399074438028909
PB,HC,HC,3,TCATTACGTATAGGGC-1,0.20405098072770483
PB,HC,HC,3,TCATTACTCACATACG-1-1,0.24093810405543037
PB,HC,HC,3,TCATTTGGTCCAGTTA-1,-0.3013973884643409
PB,HC,HC,3,TCATTTGTCTTCCTTC-1,-0.3013973884643409
PB,HC,HC,3,TCCACACAGTGGCACA-1,0.4653596055226415
PB,HC,HC,3,TCCCGATAGTCAATAG-1,-0.22304685101609498
PB,HC,HC,3,TCGAGGCAGAGTGAGA-1,0.1566854450340983
PB,HC,HC,3,TCGAGGCCAGGCAGTA-1,-0.3013973884643409
PB,HC,HC,3,TCGAGGCGTACAAGTA-1,0.0969793444636466
PB,HC,HC,3,TCGGGACGTGACGCCT-1,-0.3013973884643409
PB,HC,HC,3,TCGGGACGTTCGGCAC-1,-0.18064594790945412
PB,HC,HC,3,TCGGTAAAGCCATCGC-1,-0.3013973884643409
PB,HC,HC,3,TCGGTAACAAAGAATC-1,-0.1807625450826256
PB,HC,HC,3,TCGTACCTCCCATTAT-1,-0.3013973884643409
PB,HC,HC,3,TCGTAGAAGATGCCAG-1,-0.3013973884643409
PB,HC,HC,3,TCTATTGTCACATAGC-1,-0.1514489568243996
PB,HC,HC,3,TCTCTAACACCGTTGG-1,-0.3013973884643409
PB,HC,HC,3,TCTGAGACAGACGCAA-1,-0.3013973884643409
PB,HC,HC,3,TCTTCGGGTCCTCCAT-1-1,-0.3013973884643409
PB,HC,HC,3,TCTTCGGTCACATGCA-1,-0.3013973884643409
PB,HC,HC,3,TCTTCGGTCGTAGGAG-1,-0.15050950783716927
PB,HC,HC,3,TCTTTCCAGACAGGCT-1,0.2961299813577953
PB,HC,HC,3,TCTTTCCTCTGTCCGT-1,0.3329968528020119
PB,HC,HC,3,TGAAAGAAGAGGTTAT-1,-0.07714054512073447
PB,HC,HC,3,TGAAAGACAGATGAGC-1,-0.14136778108467415
PB,HC,HC,3,TGAAAGATCTAACTCT-1,0.34789167306732055
PB,HC,HC,3,TGACAACTCTGTTGAG-1,0.2679138010384792
PB,HC,HC,3,TGACGGCAGTGAAGTT-1,-0.018287601115163473
PB,HC,HC,3,TGACGGCCAGACGCAA-1,0.0064566925511376294
PB,HC,HC,3,TGACGGCTCTCAAACG-1,-0.05841477888764205
PB,HC,HC,3,TGACTAGAGGCAATTA-1,0.3105947700488358
PB,HC,HC,3,TGAGAGGGTAGGACAC-1,0.10611599244223015
PB,HC,HC,3,TGAGAGGTCTGAAAGA-1,0.021937388193771272
PB,HC,HC,3,TGAGCATAGCAGGTCA-1-1,-0.016279032433333757
PB,HC,HC,3,TGAGCATCAAGTCTAC-1,-0.09792015045547908
PB,HC,HC,3,TGAGCATGTGCTTCTC-1,0.17596441866680562
PB,HC,HC,3,TGAGCCGAGAGGTTGC-1,-0.3013973884643409
PB,HC,HC,3,TGAGCCGGTTACGACT-1,0.06170034382352401
PB,HC,HC,3,TGAGGGAAGAGTCGGT-1,-0.3013973884643409
PB,HC,HC,3,TGATTTCTCGGAATCT-1,-0.3013973884643409
PB,HC,HC,3,TGCCCTAGTGAAATCA-1,-0.17301602087335083
PB,HC,HC,3,TGCGCAGTCTCGATGA-1,-0.043341997694704114
PB,HC,HC,3,TGCGGGTCAGTATGCT-1,-0.3013973884643409
PB,HC,HC,3,TGCTGCTGTGAACCTT-1,0.11857164599705594
PB,HC,HC,3,TGCTGCTGTGCAGGTA-1,0.7203752360825098
PB,HC,HC,3,TGCTGCTGTTCTGTTT-1-1,-0.040997614731236996
PB,HC,HC,3,TGGACGCCATCACGTA-1,0.1417240311997372
PB,HC,HC,3,TGGCCAGGTCCGAATT-1,-0.019854259859559808
PB,HC,HC,3,TGGCCAGGTCTAGAGG-1,0.5392024565240324
PB,HC,HC,3,TGGCCAGGTTATCGGT-1,-0.007955491389727351
PB,HC,HC,3,TGGCGCAGTACGCACC-1,-0.3013973884643409
PB,HC,HC,3,TGGCTGGAGGATCGCA-1,-0.3013973884643409
PB,HC,HC,3,TGGCTGGGTGCTGTAT-1,-0.09420475632613996
PB,HC,HC,3,TGGGAAGAGGTAGCTG-1,0.008790803394505728
PB,HC,HC,3,TGGGAAGAGTGGGCTA-1,-0.21395095602417505
PB,HC,HC,3,TGGGAAGCACAAGCCC-1,-0.08844422785028534
PB,HC,HC,3,TGGGAAGCACATTTCT-1,-0.06324116617409502
PB,HC,HC,3,TGGGAAGTCATCGGAT-1,-0.059608248759379145
PB,HC,HC,3,TGTGTTTCAAGTCTAC-1,0.05626268280632031
PB,HC,HC,3,TGTGTTTCAGATGAGC-1,-0.1379788040724443
PB,HC,HC,3,TGTGTTTGTAGCTAAA-1-2,-0.05996913265113057
PB,HC,HC,3,TGTGTTTGTTCGCTAA-1,0.42695667835037676
PB,HC,HC,3,TGTTCCGGTGCAGTAG-1,-0.3013973884643409
PB,HC,HC,3,TGTTCCGTCAAACAAG-1-1,-0.0047591543191884645
PB,HC,HC,3,TGTTCCGTCAGTGTTG-1,0.14388178141439487
PB,HC,HC,3,TTAACTCGTGGCGAAT-1,0.25200669302906203
PB,HC,HC,3,TTAGGACCAAATCCGT-1,0.021885672124352742
PB,HC,HC,3,TTAGGACGTCAAAGCG-1,-0.023555875196943195
PB,HC,HC,3,TTAGGACGTCAGCTAT-1,-0.3013973884643409
PB,HC,HC,3,TTAGGCATCACGCGGT-1,0.1396447855615021
PB,HC,HC,3,TTAGTTCAGGGTCGAT-1,0.04473483731128646
PB,HC,HC,3,TTAGTTCCACATGACT-1,-0.19661667865169238
PB,HC,HC,3,TTATGCTCATTCCTCG-1,-0.07675008050399834
PB,HC,HC,3,TTATGCTTCACTTACT-1,-0.22680692517518034
PB,HC,HC,3,TTCGAAGAGACTACAA-1,0.30137957419913103
PB,HC,HC,3,TTCGAAGAGGATGGTC-1,0.43396094286857484
PB,HC,HC,3,TTCGAAGCATGAAGTA-1-1,-0.3013973884643409
PB,HC,HC,3,TTCGAAGGTACCATCA-1,-0.18815999350654017
PB,HC,HC,3,TTCTACAAGGCTACGA-1,-0.3013973884643409
PB,HC,HC,3,TTCTACACACGTCAGC-1-1,-0.06823830171901638
PB,HC,HC,3,TTCTCAACAGGGAGAG-1,0.054230221879392096
PB,HC,HC,3,TTCTCAAGTAAATGTG-1,-0.10135579185760712
PB,HC,HC,3,TTCTTAGAGAAGGTTT-1,0.19773280685371472
PB,HC,HC,3,TTCTTAGGTCAAAGCG-1,-0.3013973884643409
PB,HC,HC,3,TTCTTAGTCGGTTAAC-1,-0.19550755928140542
PB,HC,HC,3,TTGAACGAGACGACGT-1,-0.09138385248249711
PB,HC,HC,3,TTGAACGGTAAATGTG-1-1,0.01383189147133763
PB,HC,HC,3,TTGACTTCATGGATGG-1,-0.174808725304082
PB,HC,HC,3,TTGACTTGTTTGGCGC-1-1,-0.3013973884643409
PB,HC,HC,3,TTGCGTCAGCCTCGTG-1,0.18202696222803322
PB,HC,HC,3,TTGCGTCCATTTCAGG-1,-0.3013973884643409
PB,HC,HC,3,TTGCGTCTCTCTTATG-1-1,-0.014659215740484276
PB,HC,HC,3,TTGGCAAAGCGATTCT-1,0.0038730347806587573
PB,HC,HC,3,TTGTAGGCAATCTACG-1,-0.3013973884643409
PB,HC,HC,3,TTGTAGGGTCGGCATC-1,0.10576777410176445
PB,HC,HC,3,TTTACTGCAAGCGATG-1,-0.3013973884643409
PB,HC,HC,3,TTTATGCCAGCTCCGA-1,0.08521624622276426
PB,HC,HC,3,TTTGCGCAGCCTATGT-1,0.272349146635331
PB,HC,HC,3,TTTGCGCGTCTTCAAG-1,0.5459317662519192
PB,HC,HC,3,TTTGGTTCATTTCACT-1,-0.14240650399478258
PB,HC,HC,3,TTTGGTTGTCACCTAA-1,-0.020864703414825995
PB,HC,HC,3,TTTGTCAGTCCTCCAT-1,0.10950310024242389
PB,HC,HC,3,TTTGTCAGTGTGCGTC-1,-0.12632261672663242
PB,HC,HC,32,AAACCTGCAGGACCCT-1,-0.06250337412284075
PB,HC,HC,32,AAACCTGCATGAAGTA-1,0.032600516813040374
PB,HC,HC,32,AAACCTGGTAAGGGCT-1,0.9146641232851758
PB,HC,HC,32,AAAGTAGCAGCCACCA-1-1,-1.7189959870433924e-05
PB,HC,HC,32,AAATGCCTCAAGGTAA-1,0.22183060898736823
PB,HC,HC,32,AAATGCCTCTAGAGTC-1-1,0.21257237993242878
PB,HC,HC,32,AACACGTTCTCCAGGG-1,-0.3013973884643409
PB,HC,HC,32,AACCGCGCAAATTGCC-1,0.2100829039858382
PB,HC,HC,32,AACGTTGCAGGATTGG-1,0.05992104619489185
PB,HC,HC,32,AACGTTGCATCACGTA-1,-0.18326331263886134
PB,HC,HC,32,AACGTTGGTTCCCTTG-1,-0.20128845216518684
PB,HC,HC,32,AACTCCCCATCGGTTA-1,1.0623838801673842
PB,HC,HC,32,AACTGGTCAATGACCT-1,-0.3013973884643409
PB,HC,HC,32,AACTGGTCACCATGTA-1,-0.3013973884643409
PB,HC,HC,32,AACTTTCTCCCAAGAT-1,-0.16754257263894984
PB,HC,HC,32,AAGACCTTCACATAGC-1,-0.0782784307318349
PB,HC,HC,32,AAGCCGCAGCCGTCGT-1-1,0.18436063361000363
PB,HC,HC,32,AAGCCGCTCGGCGCAT-1,0.45585875518973634
PB,HC,HC,32,AAGGCAGTCGGATGTT-1-1,0.38320113725544447
PB,HC,HC,32,AAGGTTCTCTGCGACG-1,0.24182052646015983
PB,HC,HC,32,AATCCAGAGAGCCCAA-1,-0.3013973884643409
PB,HC,HC,32,ACACCCTTCACAATGC-1-1,-0.3013973884643409
PB,HC,HC,32,ACACTGACACCATCCT-1,-0.07034842192838361
PB,HC,HC,32,ACACTGACACCGTTGG-1,0.11000799661663695
PB,HC,HC,32,ACACTGATCAACGCTA-1-1,-0.2075485285769301
PB,HC,HC,32,ACAGCCGTCTCGATGA-1-1,-0.3013973884643409
PB,HC,HC,32,ACATGGTCAGCGAACA-1-1,-0.15510231162041682
PB,HC,HC,32,ACATGGTTCGTTACGA-1,0.05158919126316922
PB,HC,HC,32,ACCAGTACAGCTCGAC-1,0.09310892024902916
PB,HC,HC,32,ACCCACTCAGCTGCAC-1,-0.3013973884643409
PB,HC,HC,32,ACGATACCAGTGAGTG-1-1,0.017095537912329564
PB,HC,HC,32,ACGATACCATACTCTT-1,-0.03207204658307468
PB,HC,HC,32,ACGATACTCGCCAAAT-1,-0.07421963475565839
PB,HC,HC,32,ACGATGTGTATAATGG-1,0.12764791206195034
PB,HC,HC,32,ACGCAGCTCACTTACT-1,0.05859957706392126
PB,HC,HC,32,ACGCAGCTCAGTTGAC-1,0.19116369538484262
PB,HC,HC,32,ACGCCAGAGTGGACGT-1,-0.0953750527114574
PB,HC,HC,32,ACGCCAGGTAGAGGAA-1,0.4339411182162066
PB,HC,HC,32,ACGCCGATCAGCACAT-1,-0.16292413771072495
PB,HC,HC,32,ACGGCCACAGCAGTTT-1,-0.3013973884643409
PB,HC,HC,32,ACGGGCTGTTAAGACA-1,0.07855391217503103
PB,HC,HC,32,ACGGGTCCATAAGACA-1-1,-0.14376527191963792
PB,HC,HC,32,ACGTCAAGTCTCTCGT-1,-0.3013973884643409
PB,HC,HC,32,ACTGAGTGTCGGCACT-1,-0.3013973884643409
PB,HC,HC,32,ACTGATGCATGTCTCC-1,-0.3013973884643409
PB,HC,HC,32,ACTGTCCGTTCCATGA-1,-0.0508142015711477
PB,HC,HC,32,ACTGTCCTCAGTTTGG-1,0.8067172091431557
PB,HC,HC,32,AGAATAGAGAAGGGTA-1-2,0.006634222069325886
PB,HC,HC,32,AGACGTTCATTAGCCA-1,0.6440993557481383
PB,HC,HC,32,AGAGTGGTCACCTTAT-1,-0.0973133709315582
PB,HC,HC,32,AGATCTGTCAGCACAT-1,-0.054893886281676206
PB,HC,HC,32,AGATTGCCAAGCGAGT-1,-0.04796540327947398
PB,HC,HC,32,AGATTGCCATAGAAAC-1,0.14750489498012834
PB,HC,HC,32,AGATTGCGTTCCCGAG-1,0.06104235376278187
PB,HC,HC,32,AGCAGCCAGCGATTCT-1,-0.1006217567238417
PB,HC,HC,32,AGCAGCCGTGAAGGCT-1,0.4922320290372138
PB,HC,HC,32,AGCCTAAAGGAGTAGA-1,0.4902493074230806
PB,HC,HC,32,AGCCTAACATGCTAGT-1,0.056949021211613535
PB,HC,HC,32,AGCCTAAGTCATATGC-1-2,-0.10629856609180909
PB,HC,HC,32,AGCGGTCGTCTGGAGA-1,0.2181616320578867
PB,HC,HC,32,AGCGGTCGTTGACGTT-1,0.20128098760402383
PB,HC,HC,32,AGCGTCGGTGGCCCTA-1,-0.10014327784080468
PB,HC,HC,32,AGCTCTCCAGATCGGA-1,-0.3013973884643409
PB,HC,HC,32,AGCTCTCTCTTAGAGC-1,0.3504000081904176
PB,HC,HC,32,AGCTTGACAGCGTCCA-1,-0.04990471706260536
PB,HC,HC,32,AGGCCACCATTAGCCA-1,-0.07667249757461263
PB,HC,HC,32,AGGGAGTTCCGAATGT-1,0.39425175949325697
PB,HC,HC,32,AGGGATGGTGCCTGTG-1,-0.1126372542540502
PB,HC,HC,32,AGGTCCGGTACCGTAT-1,0.2554995385552516
PB,HC,HC,32,AGTAGTCGTGAGGGAG-1,0.105505013735598
PB,HC,HC,32,AGTAGTCTCGTAGATC-1,0.22432691198847549
PB,HC,HC,32,AGTCTTTTCGCTAGCG-1,0.6491029950328581
PB,HC,HC,32,AGTGAGGTCCCTTGCA-1-1,-0.12747278853820881
PB,HC,HC,32,AGTGGGATCCGCTGTT-1,0.05480811754966749
PB,HC,HC,32,AGTTGGTGTAATCGTC-1,0.08745618585876365
PB,HC,HC,32,ATAACGCAGTTAGCGG-1,-0.13356116087291497
PB,HC,HC,32,ATAACGCCACCACCAG-1,-0.3013973884643409
PB,HC,HC,32,ATAGACCTCAGAAATG-1,0.42229443844627607
PB,HC,HC,32,ATCACGAGTGCTTCTC-1,-0.15083872775904136
PB,HC,HC,32,ATCATCTAGGACGAAA-1,0.07013637679753654
PB,HC,HC,32,ATCCACCCATCTGGTA-1-2,0.04489647492234739
PB,HC,HC,32,ATCCACCGTCGTCTTC-1,-0.3013973884643409
PB,HC,HC,32,ATCCACCGTGGTTTCA-1,0.061809287180395224
PB,HC,HC,32,ATCGAGTGTGCACTTA-1,0.14939885451510065
PB,HC,HC,32,ATCTACTAGTTTAGGA-1,0.24109198969481246
PB,HC,HC,32,ATCTGCCCAGACAAAT-1-1,0.6250340182863628
PB,HC,HC,32,ATCTGCCTCCATGAGT-1,-0.3013973884643409
PB,HC,HC,32,ATGAGGGTCTGAAAGA-1,0.37215165714700554
PB,HC,HC,32,ATGCGATAGCTGAACG-1,-0.3013973884643409
PB,HC,HC,32,ATGCGATTCCGTAGTA-1,0.8299683080769885
PB,HC,HC,32,ATGGGAGAGATGCCTT-1,-0.06078536410974565
PB,HC,HC,32,ATGGGAGTCTTGCCGT-1,0.10781885943086074
PB,HC,HC,32,ATGTGTGTCTCTGCTG-1,-0.06901356847586113
PB,HC,HC,32,ATTATCCCACACGCTG-1,0.33349224275304234
PB,HC,HC,32,ATTATCCGTTCCCGAG-1,0.33374688882032827
PB,HC,HC,32,ATTGGACCATATGGTC-1,-0.0950526850181346
PB,HC,HC,32,ATTGGACCATCGGACC-1,0.5137913938968759
PB,HC,HC,32,ATTTCTGAGACCACGA-1,-0.16425699006288233
PB,HC,HC,32,ATTTCTGTCCGCGTTT-1,-0.14561927987031328
PB,HC,HC,32,CAACCAAGTACGCTGC-1,0.3912731341225005
PB,HC,HC,32,CAACCTCGTAATCACC-1,0.2671324449496321
PB,HC,HC,32,CAAGATCCATTACCTT-1,-0.3013973884643409
PB,HC,HC,32,CAAGATCTCAGTCCCT-1,0.4137924448775521
PB,HC,HC,32,CAAGGCCTCTATCGCC-1-1,-0.15590238935517992
PB,HC,HC,32,CAAGTTGAGATGCGAC-1,-0.14892781853701006
PB,HC,HC,32,CAAGTTGGTGAGGCTA-1,-0.17799130897300428
PB,HC,HC,32,CACACAACACTAGTAC-1-1,0.03553548499915562
PB,HC,HC,32,CACACAATCCTTTACA-1,0.2048587926501654
PB,HC,HC,32,CACACCTCAATGGAAT-1,0.6733631665229723
PB,HC,HC,32,CACACCTGTCACCCAG-1,0.1500563275278755
PB,HC,HC,32,CACAGGCCATCCGGGT-1,0.8178073934318907
PB,HC,HC,32,CACAGGCTCCACGAAT-1,-0.3013973884643409
PB,HC,HC,32,CACAGTAAGAAGGTTT-1,0.19189767514517392
PB,HC,HC,32,CACAGTACAGCAGTTT-1-1,0.06362359850944078
PB,HC,HC,32,CACATAGTCAGGCGAA-1,0.6436706650515501
PB,HC,HC,32,CACATTTCAGCTCGAC-1,0.12232295786171703
PB,HC,HC,32,CACATTTCAGTTTACG-1-1,-0.3013973884643409
PB,HC,HC,32,CACATTTGTACTTGAC-1,0.2146666077704485
PB,HC,HC,32,CACCACTAGTGTGGCA-1-1,0.1972990254642457
PB,HC,HC,32,CACCACTCAGGCGATA-1,-0.3013973884643409
PB,HC,HC,32,CACCTTGAGCTAGTTC-1,-0.3013973884643409
PB,HC,HC,32,CACCTTGCACGTCAGC-1,-0.007298409140665247
PB,HC,HC,32,CACTCCAGTGGACGAT-1,0.017111847347796787
PB,HC,HC,32,CAGAATCGTCTAACGT-1,0.12799630953626917
PB,HC,HC,32,CAGAGAGAGCTCCTCT-1,0.37158495848821643
PB,HC,HC,32,CAGCAGCGTCAGGACA-1,-0.1624250997388707
PB,HC,HC,32,CAGCCGACACCGCTAG-1,-0.12528151505636181
PB,HC,HC,32,CAGCCGATCTATCGCC-1,-0.21780788076836885
PB,HC,HC,32,CAGCGACGTGAAGGCT-1,-0.3013973884643409
PB,HC,HC,32,CAGCTAACAGCTGTAT-1,-0.0691072355567988
PB,HC,HC,32,CAGCTAACAGGACCCT-1,-0.04857572101220335
PB,HC,HC,32,CAGGTGCCACGTTGGC-1,-0.1515768853085381
PB,HC,HC,32,CAGTAACAGTGAAGTT-1,-0.05997227919281834
PB,HC,HC,32,CAGTAACGTTGCGCAC-1,-0.3013973884643409
PB,HC,HC,32,CAGTCCTTCCGAATGT-1,0.5384749493703492
PB,HC,HC,32,CAGTCCTTCTCCGGTT-1,-0.04602037327276133
PB,HC,HC,32,CATATTCGTGTAATGA-1,-0.3013973884643409
PB,HC,HC,32,CATCAGATCATATCGG-1,0.12773183343342337
PB,HC,HC,32,CATCGAACATCACCCT-1,0.7630119873080065
PB,HC,HC,32,CATGACACATGTCCTC-1,-0.3013973884643409
PB,HC,HC,32,CATGACATCTGCTGTC-1,0.13760295755374977
PB,HC,HC,32,CATGGCGCACCCATTC-1,0.19624332034231642
PB,HC,HC,32,CATTATCCAAGGTTCT-1-1,0.5007326399557227
PB,HC,HC,32,CCACCTAGTCTCTTAT-1,1.3237091318931014
PB,HC,HC,32,CCACCTATCAGCGACC-1,-0.05925131121177198
PB,HC,HC,32,CCACGGAGTAAATACG-1,-0.1682657125217181
PB,HC,HC,32,CCACGGAGTCGCGTGT-1-1,0.2931681400793498
PB,HC,HC,32,CCACGGATCGTGGTCG-1,-0.3013973884643409
PB,HC,HC,32,CCACTACAGGAATTAC-1,0.16289186537432573
PB,HC,HC,32,CCACTACAGGAGCGTT-1-1,0.12424984174561313
PB,HC,HC,32,CCACTACTCGTGGGAA-1,-0.3013973884643409
PB,HC,HC,32,CCAGCGACATTTGCTT-1,-0.05752094342555015
PB,HC,HC,32,CCATTCGGTGCGCTTG-1,0.19810453601401073
PB,HC,HC,32,CCGGGATAGCTTTGGT-1-1,0.167235586694945
PB,HC,HC,32,CCGGTAGGTCAGAGGT-1,-0.04066782824708609
PB,HC,HC,32,CCGGTAGTCATGTCCC-1,0.35435590113673926
PB,HC,HC,32,CCGTTCACACAGGAGT-1,0.08602933373857424
PB,HC,HC,32,CCGTTCAGTCTCCCTA-1-1,0.23065595584712315
PB,HC,HC,32,CCTACACCAGCTTCGG-1,0.041797738043016154
PB,HC,HC,32,CCTACACCATGCTAGT-1,-0.15811083402867437
PB,HC,HC,32,CCTACACGTATATCCG-1,-0.3013973884643409
PB,HC,HC,32,CCTACACGTTACTGAC-1,-0.3013973884643409
PB,HC,HC,32,CCTACCATCTGGAGCC-1-1,-0.16085719225125164
PB,HC,HC,32,CCTATTATCAACACCA-1,0.2744719495147635
PB,HC,HC,32,CCTCTGAAGTACCGGA-1,-0.07962386414149594
PB,HC,HC,32,CCTCTGATCGGCTTGG-1,-0.11123043652085188
PB,HC,HC,32,CCTTCGAAGAGTAAGG-1,0.5510410023849602
PB,HC,HC,32,CCTTCGATCAGCATGT-1-1,-0.05680583576488266
PB,HC,HC,32,CCTTCGATCAGTTCGA-1,0.2704194494879322
PB,HC,HC,32,CGAACATAGACGCTTT-1,-0.3013973884643409
PB,HC,HC,32,CGAACATTCAGAGGTG-1,-0.3013973884643409
PB,HC,HC,32,CGAACATTCTTCCTTC-1,-0.10023803061554028
PB,HC,HC,32,CGAACATTCTTCTGGC-1,0.2348518756324582
PB,HC,HC,32,CGAATGTCACCAGGCT-1-1,0.3597230460835395
PB,HC,HC,32,CGAATGTCATCGATTG-1-1,0.7287246649419883
PB,HC,HC,32,CGACCTTCACTAGTAC-1,-0.12154746793454704
PB,HC,HC,32,CGACCTTTCCTTGCCA-1,0.019444590799672735
PB,HC,HC,32,CGACTTCCAAGCGCTC-1,-0.185099609368393
PB,HC,HC,32,CGACTTCCATTGGTAC-1,-0.11479659370626094
PB,HC,HC,32,CGAGAAGGTACAGCAG-1,0.10085482133604072
PB,HC,HC,32,CGAGAAGTCACATAGC-1,-0.009055242934901595
PB,HC,HC,32,CGAGCCAGTCTGGTCG-1,-0.3013973884643409
PB,HC,HC,32,CGAGCCATCAATAAGG-1,0.236296795492933
PB,HC,HC,32,CGATGTACAGGCAGTA-1,-0.3013973884643409
PB,HC,HC,32,CGCCAAGAGCGGATCA-1,-0.15147186968946932
PB,HC,HC,32,CGCCAAGCACAGGCCT-1,0.03012062868302699
PB,HC,HC,32,CGCGTTTGTAATCGTC-1,-0.12316292244482736
PB,HC,HC,32,CGCGTTTGTTTGGCGC-1,0.8220770692618559
PB,HC,HC,32,CGCGTTTTCTGTTGAG-1-1,-0.08947961588444857
PB,HC,HC,32,CGCTATCAGAGAACAG-1,0.7653247160340932
PB,HC,HC,32,CGCTGGACAAGGCTCC-1,-0.03192724222907522
PB,HC,HC,32,CGCTGGACATATGCTG-1,0.23667236813793777
PB,HC,HC,32,CGCTTCATCCGAAGAG-1-2,0.7713223606966676
PB,HC,HC,32,CGGACTGCACAGCGTC-1-1,0.09491057706302404
PB,HC,HC,32,CGGAGCTAGTAGATGT-1,-0.3013973884643409
PB,HC,HC,32,CGGAGCTTCCTCGCAT-1,0.12978675810740628
PB,HC,HC,32,CGGCTAGTCGAGAACG-1,0.0783463368799547
PB,HC,HC,32,CGGGTCACAATCAGAA-1,0.8227501718306954
PB,HC,HC,32,CGGGTCATCATCGATG-1,-0.3013973884643409
PB,HC,HC,32,CGTAGCGTCTCTAAGG-1,0.05450600582962939
PB,HC,HC,32,CGTAGGCTCCTGCCAT-1,0.10947823825064805
PB,HC,HC,32,CGTCACTAGCCATCGC-1-1,-0.19544685326640535
PB,HC,HC,32,CGTCACTGTTCTGTTT-1-1,0.39094584337292143
PB,HC,HC,32,CGTCACTTCACGAAGG-1,-0.21459113949585265
PB,HC,HC,32,CGTCAGGAGACTTTCG-1,0.5624465786163986
PB,HC,HC,32,CGTCTACGTTGTGGCC-1,0.2615924414400764
PB,HC,HC,32,CGTGTAACAAACGCGA-1-1,-0.08355588118527921
PB,HC,HC,32,CGTTCTGGTTTGCATG-1,-0.19868766917135836
PB,HC,HC,32,CGTTGGGTCCGCGCAA-1,-0.11893781190545728
PB,HC,HC,32,CTAACTTAGTGGGTTG-1,0.050014996065663765
PB,HC,HC,32,CTAATGGGTCGCGAAA-1,-0.3013973884643409
PB,HC,HC,32,CTAATGGGTTACGCGC-1-2,0.23328261829223335
PB,HC,HC,32,CTAATGGTCACGACTA-1,0.620686887983272
PB,HC,HC,32,CTACATTTCTCGCATC-1,-0.09951509514787168
PB,HC,HC,32,CTACGTCAGGAGTTTA-1,0.19972939325783878
PB,HC,HC,32,CTAGAGTTCGTTTATC-1,0.08216150395364068
PB,HC,HC,32,CTAGCCTCAAGGTTTC-1,0.21319279223669946
PB,HC,HC,32,CTAGTGAAGCACACAG-1,0.42927089977398947
PB,HC,HC,32,CTAGTGAGTGACTACT-1,0.38632082518062133
PB,HC,HC,32,CTCAGAAGTTCGCGAC-1,0.6003009612448391
PB,HC,HC,32,CTCATTAAGACTGGGT-1,0.14785658101952143
PB,HC,HC,32,CTCATTAAGCGACGTA-1,-0.3013973884643409
PB,HC,HC,32,CTCATTAAGCGTTCCG-1,-0.3013973884643409
PB,HC,HC,32,CTCCTAGCAGACACTT-1,0.060858929315716015
PB,HC,HC,32,CTCCTAGGTAGCGATG-1-1,0.3182900870544076
PB,HC,HC,32,CTCCTAGGTCCTCCAT-1,-0.3013973884643409
PB,HC,HC,32,CTCGAAAGTCCCTACT-1,-0.020499522907408665
PB,HC,HC,32,CTCGAAAGTGTCTGAT-1,0.3429347024548304
PB,HC,HC,32,CTCGAAATCGCCCTTA-1,-0.013038323404542569
PB,HC,HC,32,CTCGTACAGATACACA-1,-0.3013973884643409
PB,HC,HC,32,CTCGTACAGTACCGGA-1,0.25025043188745155
PB,HC,HC,32,CTCGTCACATTCGACA-1,-0.07816547201728118
PB,HC,HC,32,CTCTAATGTGCAGACA-1,0.12544307449738964
PB,HC,HC,32,CTCTAATTCCCGACTT-1-1,0.89213046162273
PB,HC,HC,32,CTCTACGCACAGGAGT-1,-0.13172152704704157
PB,HC,HC,32,CTCTGGTCAATCGAAA-1-1,-0.3013973884643409
PB,HC,HC,32,CTCTGGTCAATCTACG-1,0.46337222881580714
PB,HC,HC,32,CTCTGGTGTACCATCA-1-1,-0.0485889384086897
PB,HC,HC,32,CTGAAGTCACGTGAGA-1,-0.01746801529227198
PB,HC,HC,32,CTGAAGTGTTCGTTGA-1-1,0.4457408012272334
PB,HC,HC,32,CTGATAGTCTGCAAGT-1,-0.12694024226291714
PB,HC,HC,32,CTGATCCCAATGCCAT-1,-0.3013973884643409
PB,HC,HC,32,CTGCGGACAAAGAATC-1,0.18850173553186542
PB,HC,HC,32,CTGCGGACATCCCACT-1,0.6501472334446566
PB,HC,HC,32,CTGCTGTTCACCTCGT-1,-0.3013973884643409
PB,HC,HC,32,CTGTGCTAGAATGTGT-1,0.32713463976007146
PB,HC,HC,32,CTGTGCTAGGTCATCT-1,-0.07001576437050833
PB,HC,HC,32,CTGTGCTGTAACGTTC-1,0.1841527538094702
PB,HC,HC,32,CTTAACTTCTGGCGTG-1,-0.18392130240528268
PB,HC,HC,32,CTTACCGAGAGTCTGG-1,0.2254717960311155
PB,HC,HC,32,CTTAGGAGTACCTACA-1,-0.02789617115105996
PB,HC,HC,32,CTTGGCTTCCCTTGCA-1,0.9352871661723661
PB,HC,HC,32,CTTTGCGTCATACGGT-1-1,-0.3013973884643409
PB,HC,HC,32,GAAGCAGCAAGGACTG-1,-0.3013973884643409
PB,HC,HC,32,GAAGCAGTCCAAAGTC-1,0.18483181366743562
PB,HC,HC,32,GAATAAGGTACCGCTG-1,0.0477698525882942
PB,HC,HC,32,GAATGAAGTCGGCATC-1,0.12606825473983904
PB,HC,HC,32,GACACGCCAGCTATTG-1,0.015596128623376084
PB,HC,HC,32,GACAGAGCATCTACGA-1,0.32980811907652213
PB,HC,HC,32,GACAGAGTCCACGTGG-1-1,0.5243548258328056
PB,HC,HC,32,GACCAATGTGTTTGGT-1-1,-0.05757065478343269
PB,HC,HC,32,GACCTGGGTAGGGTAC-1,-0.1601016392464373
PB,HC,HC,32,GACGGCTGTAAACGCG-1,0.668137141973357
PB,HC,HC,32,GACGGCTTCTGCGGCA-1,-0.13797698679411738
PB,HC,HC,32,GACGTGCTCTGCAAGT-1,-0.3013973884643409
PB,HC,HC,32,GACGTTAAGGATGCGT-1,-0.11960928331671308
PB,HC,HC,32,GACTAACCACCCATGG-1,-0.048907678292542486
PB,HC,HC,32,GACTACAGTCCGTTAA-1,0.18158942435150788
PB,HC,HC,32,GAGCAGAGTCTTGATG-1,0.8141227385185598
PB,HC,HC,32,GAGGTGAAGATATGCA-1,0.2875869049680525
PB,HC,HC,32,GAGTCCGCAACACGCC-1-1,-0.3013973884643409
PB,HC,HC,32,GAGTCCGGTAGCGTGA-1,-0.13951028070420649
PB,HC,HC,32,GATCAGTTCAAAGTAG-1-1,-0.22038412741073116
PB,HC,HC,32,GATCGCGCAATAGCAA-1-1,-0.24683842459442154
PB,HC,HC,32,GATCGCGCAGCTCCGA-1,0.19276404870386615
PB,HC,HC,32,GATCGCGGTTAAGATG-1,0.31738254326969495
PB,HC,HC,32,GATCGTAAGCAACGGT-1-1,-0.08939140747508668
PB,HC,HC,32,GATCTAGAGGTGATTA-1-1,-0.1217771247142554
PB,HC,HC,32,GATCTAGAGGTTCCTA-1,-0.3013973884643409
PB,HC,HC,32,GATCTAGCATGCAATC-1,1.0229505125144425
PB,HC,HC,32,GATCTAGTCGGAGGTA-1,0.016690188499965817
PB,HC,HC,32,GATGAAAAGTTTCCTT-1,0.24330264530005907
PB,HC,HC,32,GATGAAAGTACTTGAC-1,0.6938905562478707
PB,HC,HC,32,GATGAGGCAAAGTCAA-1,0.18185532508507096
PB,HC,HC,32,GATGCTACAATCCGAT-1,-0.10677075652358882
PB,HC,HC,32,GATTCAGAGACGACGT-1-1,-0.1687579302026482
PB,HC,HC,32,GCAATCAAGAGCTTCT-1-1,-0.12836173819304816
PB,HC,HC,32,GCAATCAAGTCGATAA-1,0.26187367284908836
PB,HC,HC,32,GCAATCACACCAGCAC-1-1,0.7360401824399448
PB,HC,HC,32,GCACATAAGCGATAGC-1-1,-0.06284010709599354
PB,HC,HC,32,GCAGCCACAAGGACAC-1,-0.09990942655991407
PB,HC,HC,32,GCAGCCACACTGTCGG-1,0.38264731895405063
PB,HC,HC,32,GCAGTTAAGGCCCGTT-1-1,0.5744891844320866
PB,HC,HC,32,GCATACATCAGTACGT-1,0.2505973276133085
PB,HC,HC,32,GCATGATAGAGACGAA-1,-0.11797901133383897
PB,HC,HC,32,GCATGTATCTCGCATC-1,-0.04199174067725585
PB,HC,HC,32,GCATGTATCTTCTGGC-1-1,0.5836805864205018
PB,HC,HC,32,GCATGTATCTTGAGAC-1,0.08045057689497356
PB,HC,HC,32,GCCTCTAGTTGGTTTG-1,0.27871511714371083
PB,HC,HC,32,GCGACCACACAGACAG-1,0.11517112071752457
PB,HC,HC,32,GCGCAGTGTAATCGTC-1,0.13796710725515315
PB,HC,HC,32,GCGCAGTTCGTTGACA-1,-0.3013973884643409
PB,HC,HC,32,GCGGGTTAGTCGATAA-1,0.009338473888891943
PB,HC,HC,32,GCGGGTTTCATGGTCA-1,0.44329964480477
PB,HC,HC,32,GCTCCTAAGTCGTACT-1-1,0.39921236395147613
PB,HC,HC,32,GCTCTGTGTAGCTAAA-1,0.23408926838917327
PB,HC,HC,32,GCTGCAGTCATGTAGC-1,0.12444554574443564
PB,HC,HC,32,GCTGGGTCATATACGC-1-1,0.13228476126165664
PB,HC,HC,32,GGAACTTGTGACTCAT-1-1,0.12067264386019538
PB,HC,HC,32,GGAATAAGTAAGGGAA-1,1.2460613665793172
PB,HC,HC,32,GGAATAAGTACAGCAG-1,-0.3013973884643409
PB,HC,HC,32,GGAATAAGTACCGTAT-1,-0.06280018627138213
PB,HC,HC,32,GGACAGAGTGACGCCT-1,0.47165803092260067
PB,HC,HC,32,GGACATTGTGTTAAGA-1,-0.03335038979962323
PB,HC,HC,32,GGACATTGTGTTGAGG-1,0.40121124572585165
PB,HC,HC,32,GGACGTCTCTGTGCAA-1,0.7037043023145607
PB,HC,HC,32,GGATGTTAGACTGGGT-1-1,0.10440564539249887
PB,HC,HC,32,GGATGTTCAATTGCTG-1,0.09539979433165405
PB,HC,HC,32,GGATGTTTCCTGCTTG-1,-0.09423324725253211
PB,HC,HC,32,GGCAATTAGATATACG-1,-0.1363808782371131
PB,HC,HC,32,GGCCGATCATCTGGTA-1,-0.13306753839153773
PB,HC,HC,32,GGCCGATGTCGATTGT-1-1,0.13590433847401115
PB,HC,HC,32,GGCCGATTCAGTTCGA-1,-0.3013973884643409
PB,HC,HC,32,GGCGTGTGTCTCTTAT-1-1,-0.18257697733898096
PB,HC,HC,32,GGCTGGTAGTGACTCT-1,-0.3013973884643409
PB,HC,HC,32,GGCTGGTAGTGGCACA-1,0.014732627695992793
PB,HC,HC,32,GGCTGGTGTGCACTTA-1,-0.14732093451401176
PB,HC,HC,32,GGGAATGAGTGACATA-1,-0.0034405017705319485
PB,HC,HC,32,GGGAATGCATGCCCGA-1,0.2657583282200178
PB,HC,HC,32,GGGAATGTCGCAAACT-1,-0.08715592705039507
PB,HC,HC,32,GGGACCTGTGGCGAAT-1-1,0.7146061494331816
PB,HC,HC,32,GGGCATCAGGCAATTA-1,0.4235702253506671
PB,HC,HC,32,GGGCATCGTAGAGCTG-1,0.28597703462124746
PB,HC,HC,32,GGGCATCTCGGTGTCG-1,-0.05928838263142844
PB,HC,HC,32,GGGTCTGAGTTCCACA-1-1,0.2629185993809892
PB,HC,HC,32,GGGTCTGGTAACGACG-1,0.8541313688194272
PB,HC,HC,32,GGGTCTGGTTACCAGT-1,0.2234209511902035
PB,HC,HC,32,GGGTTGCAGGATGGAA-1,0.24680173834616578
PB,HC,HC,32,GGGTTGCGTGCCTGTG-1,-0.1411841473967729
PB,HC,HC,32,GGGTTGCTCGACCAGC-1,-0.1808709154878597
PB,HC,HC,32,GGTATTGGTGGTCCGT-1-1,0.2838135333418296
PB,HC,HC,32,GGTGAAGGTACCATCA-1-1,0.4719499728791271
PB,HC,HC,32,GGTGCGTCAGTTTACG-1,0.42470158933426766
PB,HC,HC,32,GGTGCGTTCGCCCTTA-1-2,-0.3013973884643409
PB,HC,HC,32,GGTGTTACAAGAAAGG-1,0.22154538880797942
PB,HC,HC,32,GTAACTGGTCGCGAAA-1,0.06469991474826205
PB,HC,HC,32,GTAACTGTCATCTGCC-1,-0.3013973884643409
PB,HC,HC,32,GTACGTATCAACGCTA-1-1,-0.17122306550836455
PB,HC,HC,32,GTACTTTTCGTAGATC-1,0.26239668755074985
PB,HC,HC,32,GTAGTCAGTAGCCTAT-1,-0.1481127400664646
PB,HC,HC,32,GTATCTTGTTTGGCGC-1,-0.3013973884643409
PB,HC,HC,32,GTCAAGTTCCACGAAT-1,-0.3013973884643409
PB,HC,HC,32,GTCACAAAGACGCACA-1,0.2297934994401966
PB,HC,HC,32,GTCACAAAGCTTATCG-1,-0.3013973884643409
PB,HC,HC,32,GTCACAAAGTAGTGCG-1,0.11207924655464793
PB,HC,HC,32,GTCACAAGTACATGTC-1,0.46862305279047745
PB,HC,HC,32,GTCACGGAGCTCCCAG-1-1,0.4015067940858925
PB,HC,HC,32,GTCATTTCATGTTCCC-1,-0.1348958409114693
PB,HC,HC,32,GTCCTCAGTACCCAAT-1,0.04621010227352351
PB,HC,HC,32,GTCGGGTCAATGGAAT-1,0.34958591179665294
PB,HC,HC,32,GTCGTAACATATGCTG-1,-0.12629676211593405
PB,HC,HC,32,GTCGTAAGTCCGAAGA-1,0.26718871788537213
PB,HC,HC,32,GTCTCGTTCTGGGCCA-1,-0.3013973884643409
PB,HC,HC,32,GTGCAGCAGGAGTTGC-1,-0.3013973884643409
PB,HC,HC,32,GTGCATAGTCAGGACA-1,-0.1414899057679589
PB,HC,HC,32,GTGCGGTCAGCCACCA-1-1,-0.07117059103647863
PB,HC,HC,32,GTGCTTCAGCATGGCA-1,0.6753682054085922
PB,HC,HC,32,GTGGGTCAGGTGATTA-1,0.2679989684174978
PB,HC,HC,32,GTGGGTCCAATGCCAT-1-1,0.6480018011260886
PB,HC,HC,32,GTGGGTCTCGTGGGAA-1,0.20560506106115048
PB,HC,HC,32,GTGTGCGGTGTGGTTT-1,0.13681104401402683
PB,HC,HC,32,GTGTTAGAGTCTCGGC-1,-0.3013973884643409
PB,HC,HC,32,GTTACAGTCCAAATGC-1,-0.3013973884643409
PB,HC,HC,32,GTTCGGGCAATGAATG-1,-0.22007148340358448
PB,HC,HC,32,GTTCTCGCATCCAACA-1,0.2861621810216845
PB,HC,HC,32,GTTCTCGGTCAAACTC-1,0.18853519801023827
PB,HC,HC,32,TAAACCGAGATCTGAA-1,0.08227709452439935
PB,HC,HC,32,TAAGCGTCACGGCCAT-1,-0.1196640357145325
PB,HC,HC,32,TAAGCGTGTAGGCATG-1,0.06702955803549844
PB,HC,HC,32,TAAGCGTTCCTATGTT-1,0.0633131686720344
PB,HC,HC,32,TACACGAAGATCTGCT-1,0.04783477923775841
PB,HC,HC,32,TACCTATTCGTTACAG-1,0.0646414030733505
PB,HC,HC,32,TACCTTATCGCTTAGA-1,0.6619084970290364
PB,HC,HC,32,TACGGATTCCACGAAT-1,0.5268415095981325
PB,HC,HC,32,TACGGGCGTCGCTTCT-1,0.005132109011227023
PB,HC,HC,32,TACTCATTCTAACTCT-1,0.2916154610148237
PB,HC,HC,32,TACTCGCCACAGAGGT-1,-0.3013973884643409
PB,HC,HC,32,TACTCGCGTACCCAAT-1,-0.3013973884643409
PB,HC,HC,32,TACTTGTAGGAGTCTG-1,0.1685877939146459
PB,HC,HC,32,TACTTGTTCCGCATAA-1,0.45967717759061505
PB,HC,HC,32,TAGAGCTCAGTCTTCC-1-1,0.03421589269501003
PB,HC,HC,32,TAGGCATCATACTCTT-1,-0.0036217523507840704
PB,HC,HC,32,TAGTGGTAGATATGGT-1,0.403585657610379
PB,HC,HC,32,TAGTTGGTCAGCGATT-1,-0.3013973884643409
PB,HC,HC,32,TATCAGGTCGTGACAT-1,-0.3013973884643409
PB,HC,HC,32,TATCAGGTCTCTAAGG-1,0.03115569569266566
PB,HC,HC,32,TATGCCCCACGGTAAG-1,0.3360149835038474
PB,HC,HC,32,TATTACCAGGAATCGC-1,0.9302957563475516
PB,HC,HC,32,TATTACCCAAATCCGT-1-1,-0.3013973884643409
PB,HC,HC,32,TCAGCAACACCTCGGA-1,-0.08040976786821075
PB,HC,HC,32,TCAGCTCTCTTAGCCC-1,0.8623874869955573
PB,HC,HC,32,TCAGGATCACTACAGT-1,-0.09995343380137725
PB,HC,HC,32,TCAGGATTCCCAACGG-1,0.7319130164394293
PB,HC,HC,32,TCAGGATTCGGGAGTA-1,-0.14064390030300492
PB,HC,HC,32,TCAGGATTCTGCGACG-1,0.6306549724611129
PB,HC,HC,32,TCAGGTACATTGTGCA-1,-0.3013973884643409
PB,HC,HC,32,TCCACACAGGTGCAAC-1,-0.2225580059936839
PB,HC,HC,32,TCGAGGCAGATGCGAC-1,-0.3013973884643409
PB,HC,HC,32,TCGCGAGCACAGCGTC-1,0.29225712134639925
PB,HC,HC,32,TCGCGTTTCAGGCGAA-1,-0.3013973884643409
PB,HC,HC,32,TCGGGACAGGTGATTA-1,0.036874975576406475
PB,HC,HC,32,TCGGGACCAAAGGCGT-1,0.3305046978831308
PB,HC,HC,32,TCGGGACCACATGTGT-1,0.45537239905969373
PB,HC,HC,32,TCGGGACTCCGCATAA-1-1,0.424062217928548
PB,HC,HC,32,TCGGGACTCTGTTTGT-1,0.1153091587269146
PB,HC,HC,32,TCGGTAACAGAAGCAC-1,0.487618873060232
PB,HC,HC,32,TCGTAGACACAGGTTT-1,0.4142456341480467
PB,HC,HC,32,TCTATTGCACCCTATC-1,-0.3013973884643409
PB,HC,HC,32,TCTATTGTCTAACCGA-1,0.19490177668538214
PB,HC,HC,32,TCTCTAAAGTAGGCCA-1-1,-0.19115823628574796
PB,HC,HC,32,TCTGGAAGTCCCTACT-1-1,0.18927539850313307
PB,HC,HC,32,TCTGGAAGTTGCCTCT-1,0.1052708891683908
PB,HC,HC,32,TCTGGAATCAGTTGAC-1,-0.15702400086890764
PB,HC,HC,32,TCTTCGGCAGCCAGAA-1,0.43552374626117335
PB,HC,HC,32,TCTTCGGCATACTACG-1,-0.3013973884643409
PB,HC,HC,32,TCTTCGGCATACTCTT-1,0.26668550632037674
PB,HC,HC,32,TCTTTCCAGAATGTGT-1,0.2964111956486652
PB,HC,HC,32,TGAAAGAGTACATCCA-1,0.40294498538143175
PB,HC,HC,32,TGACAACCACGACGAA-1,0.4249323455407192
PB,HC,HC,32,TGACAACGTGCTCTTC-1-1,-0.3013973884643409
PB,HC,HC,32,TGACGGCCAATGTTGC-1,0.10792587526421911
PB,HC,HC,32,TGACGGCCACACATGT-1,0.6680957647073991
PB,HC,HC,32,TGACGGCCAGCTGGCT-1-1,-0.09841576612955524
PB,HC,HC,32,TGACGGCCATCGACGC-1,0.3441098081893474
PB,HC,HC,32,TGACTAGCACGTGAGA-1,0.30348782008521763
PB,HC,HC,32,TGACTAGGTGCGGTAA-1-1,0.45703098230462613
PB,HC,HC,32,TGACTTTGTGCGGTAA-1-1,0.17939462284722416
PB,HC,HC,32,TGAGGGAGTAGTAGTA-1,-0.3013973884643409
PB,HC,HC,32,TGATTTCCAGGGAGAG-1,-0.3013973884643409
PB,HC,HC,32,TGCACCTCAATCCGAT-1-1,0.6091924103305286
PB,HC,HC,32,TGCCAAAGTGCACCAC-1,0.770034035792689
PB,HC,HC,32,TGCCAAAGTTAAGACA-1,0.3117677192476385
PB,HC,HC,32,TGCCCATAGATCGGGT-1,-0.3013973884643409
PB,HC,HC,32,TGCCCATCATGTTCCC-1,-0.06147180936273377
PB,HC,HC,32,TGCCCTATCCTTAATC-1,-0.3013973884643409
PB,HC,HC,32,TGCGGGTGTCTTCAAG-1-1,0.35572043795214936
PB,HC,HC,32,TGCGGGTTCATAACCG-1,0.09432618040796525
PB,HC,HC,32,TGCGTGGTCTTGACGA-1,0.3458845606542397
PB,HC,HC,32,TGCTACCCATAGGATA-1,0.18868365032242584
PB,HC,HC,32,TGCTACCTCGAGCCCA-1,0.30003933838974856
PB,HC,HC,32,TGGCTGGAGCAGCGTA-1-1,-0.030301581945969564
PB,HC,HC,32,TGGCTGGTCGGAATCT-1,0.01497136116004773
PB,HC,HC,32,TGGGAAGGTGTAACGG-1,0.01575384496627839
PB,HC,HC,32,TGGTTAGAGCATGGCA-1,0.10620358838015706
PB,HC,HC,32,TGGTTAGCAAACGTGG-1,0.4682803161788388
PB,HC,HC,32,TGTCCCACACGGTAGA-1,0.1628898514410174
PB,HC,HC,32,TGTGGTATCAGTCAGT-1,0.6119698364037892
PB,HC,HC,32,TGTGTTTGTAGGAGTC-1-1,-0.14573328432110216
PB,HC,HC,32,TGTTCCGGTAGAGGAA-1,-0.13812734659978892
PB,HC,HC,32,TGTTCCGTCCAAACAC-1,0.1414225525509694
PB,HC,HC,32,TGTTCCGTCCAATGGT-1,0.13104503110360724
PB,HC,HC,32,TGTTCCGTCTCCTATA-1,0.1360909877188413
PB,HC,HC,32,TTAACTCCACGTGAGA-1-1,0.28708693714942013
PB,HC,HC,32,TTAACTCGTGCAACTT-1,-0.3013973884643409
PB,HC,HC,32,TTAACTCTCGTTTGCC-1,0.6915826782101661
PB,HC,HC,32,TTAGGACCATATACGC-1,1.1789922809090918
PB,HC,HC,32,TTAGGACTCTAACGGT-1,-0.13712417412778224
PB,HC,HC,32,TTAGGCATCAGGATCT-1,-0.04101910817074645
PB,HC,HC,32,TTAGTTCAGGATTCGG-1,-0.16801139812648697
PB,HC,HC,32,TTAGTTCAGGCGCTCT-1,0.4532996448862229
PB,HC,HC,32,TTAGTTCGTAATTGGA-1,0.20885130995355644
PB,HC,HC,32,TTAGTTCTCCACGAAT-1-1,-0.1393174976597412
PB,HC,HC,32,TTCCCAGCATGGGAAC-1,-0.3013973884643409
PB,HC,HC,32,TTCGGTCTCTGGTGTA-1,0.1907456494283156
PB,HC,HC,32,TTCTACATCACAATGC-1-2,-0.15681923851672477
PB,HC,HC,32,TTCTACATCTAACTTC-1,0.2901935338214994
PB,HC,HC,32,TTCTACATCTCCTATA-1-1,0.3129369102619847
PB,HC,HC,32,TTCTCAACATGGTAGG-1,0.08990439525297496
PB,HC,HC,32,TTCTTAGCACGGTTTA-1,0.5584512293430384
PB,HC,HC,32,TTGAACGCATCGGTTA-1,0.7665045510465202
PB,HC,HC,32,TTGAACGGTCCTCCAT-1-2,-0.15427181418290628
PB,HC,HC,32,TTGGAACCAGCGTAAG-1,-0.3013973884643409
PB,HC,HC,32,TTGGCAATCGCGATCG-1-1,0.44807361292540965
PB,HC,HC,32,TTGTAGGTCTGAGGGA-1-1,-0.19124954624250323
PB,HC,HC,32,TTTACTGCAGGACGTA-1-1,-0.16120333769374254
PB,HC,HC,32,TTTATGCGTTGCGCAC-1,0.16519824250221188
PB,HC,HC,32,TTTGCGCGTAAGCACG-1,-0.3013973884643409
PB,HC,HC,32,TTTGGTTTCAACCAAC-1-1,0.01175767452264455
PB,HC,HC,32,TTTGTCAGTTTGCATG-1,-0.010520284720945476
CSF,HC,HC,PST45044,GSM4104132_AAACGGGAGATGTCGG-1,0.3800160730470156
CSF,HC,HC,PST45044,GSM4104132_AAAGATGAGCTGGAAC-1,-0.0838536485177057
CSF,HC,HC,PST45044,GSM4104132_AAAGTAGCAAGCGAGT-1,-0.3013973884643409
CSF,HC,HC,PST45044,GSM4104132_AAATGCCAGGTAGCTG-1,-0.17415213073211916
CSF,HC,HC,PST45044,GSM4104132_AAATGCCCATCATCCC-1,0.08163212446168054
CSF,HC,HC,PST45044,GSM4104132_AAATGCCCATGACGGA-1,0.462725256593225
CSF,HC,HC,PST45044,GSM4104132_AAATGCCTCTCAAGTG-1,0.1606348516456612
CSF,HC,HC,PST45044,GSM4104132_AACACGTCACGAAACG-1,-0.1916541827475791
CSF,HC,HC,PST45044,GSM4104132_AACCGCGAGTCCGTAT-1,0.06705332507346892
CSF,HC,HC,PST45044,GSM4104132_AACCGCGTCCCACTTG-1,0.3733755879807445
CSF,HC,HC,PST45044,GSM4104132_AACGTTGGTACTCGCG-1,0.10727903141237664
CSF,HC,HC,PST45044,GSM4104132_AACTCAGAGCTGTTCA-1,0.17946468229670737
CSF,HC,HC,PST45044,GSM4104132_AACTCTTTCCCAAGAT-1,-0.2006419551876503
CSF,HC,HC,PST45044,GSM4104132_AACTGGTCACCAGATT-1,0.11614294099986465
CSF,HC,HC,PST45044,GSM4104132_AACTGGTGTCATGCCG-1,0.03918955516000601
CSF,HC,HC,PST45044,GSM4104132_AAGACCTTCATAGCAC-1,-0.027894700730763812
CSF,HC,HC,PST45044,GSM4104132_AAGACCTTCCTTGACC-1,0.31279299974091324
CSF,HC,HC,PST45044,GSM4104132_AAGGAGCTCCTTGCCA-1,0.45255300421893463
CSF,HC,HC,PST45044,GSM4104132_AAGGAGCTCGCCTGAG-1,-0.3013973884643409
CSF,HC,HC,PST45044,GSM4104132_AAGGCAGAGAGCCCAA-1,0.3668727996840283
CSF,HC,HC,PST45044,GSM4104132_AAGGTTCAGTACGCGA-1,-0.3013973884643409
CSF,HC,HC,PST45044,GSM4104132_AAGGTTCTCGAATGCT-1,0.0951256382972668
CSF,HC,HC,PST45044,GSM4104132_AATCCAGCAGCAGTTT-1,-0.3013973884643409
CSF,HC,HC,PST45044,GSM4104132_AATCCAGTCTATGTGG-1,-0.3013973884643409
CSF,HC,HC,PST45044,GSM4104132_AATCGGTCACAGCGTC-1,-0.1692045001732795
CSF,HC,HC,PST45044,GSM4104132_AATCGGTCACCAACCG-1,-0.3013973884643409
CSF,HC,HC,PST45044,GSM4104132_AATCGGTGTCGAATCT-1,0.2606362528968001
CSF,HC,HC,PST45044,GSM4104132_AATCGGTTCAGCTCGG-1,-0.1443807754819392
CSF,HC,HC,PST45044,GSM4104132_AATCGGTTCCGCAGTG-1,-0.3013973884643409
CSF,HC,HC,PST45044,GSM4104132_ACACCAACACGACTCG-1,-0.19446472670395257
CSF,HC,HC,PST45044,GSM4104132_ACACCAACATCACGTA-1,-0.11889615519724979
CSF,HC,HC,PST45044,GSM4104132_ACACCGGCAGGCGATA-1,0.06492994217410508
CSF,HC,HC,PST45044,GSM4104132_ACACTGAGTTAGTGGG-1,0.5396048937064232
CSF,HC,HC,PST45044,GSM4104132_ACAGCTAGTAGCGTAG-1,0.09359380553633143
CSF,HC,HC,PST45044,GSM4104132_ACAGCTAGTCCGAACC-1,1.0009495696881032
CSF,HC,HC,PST45044,GSM4104132_ACATACGAGTGGTCCC-1,0.26611191258920286
CSF,HC,HC,PST45044,GSM4104132_ACATACGCATTAGGCT-1,0.3123694130358817
CSF,HC,HC,PST45044,GSM4104132_ACATACGTCTTCATGT-1,0.1617524235250071
CSF,HC,HC,PST45044,GSM4104132_ACATCAGAGAAGAAGC-1,-0.3013973884643409
CSF,HC,HC,PST45044,GSM4104132_ACATCAGAGTGTGAAT-1,0.38554938620748314
CSF,HC,HC,PST45044,GSM4104132_ACATCAGCATCACCCT-1,0.10127870162591633
CSF,HC,HC,PST45044,GSM4104132_ACATGGTCAAGCGAGT-1,-0.07911364811176781
CSF,HC,HC,PST45044,GSM4104132_ACATGGTGTATAGGGC-1,0.050694980114993356
CSF,HC,HC,PST45044,GSM4104132_ACCAGTAGTTGGTAAA-1,0.16691618219350188
CSF,HC,HC,PST45044,GSM4104132_ACCCACTAGGCTACGA-1,0.8712282732561368
CSF,HC,HC,PST45044,GSM4104132_ACCCACTCATAGAAAC-1,-0.11778459836785957
CSF,HC,HC,PST45044,GSM4104132_ACCCACTTCCACGACG-1,-0.3013973884643409
CSF,HC,HC,PST45044,GSM4104132_ACCGTAAAGGCGCTCT-1,-0.11749117742077195
CSF,HC,HC,PST45044,GSM4104132_ACCGTAACACGACTCG-1,0.4423191601533927
CSF,HC,HC,PST45044,GSM4104132_ACCTTTAAGGGTATCG-1,-0.14247836591101107
CSF,HC,HC,PST45044,GSM4104132_ACCTTTAAGTGTGAAT-1,-0.17732444158542274
CSF,HC,HC,PST45044,GSM4104132_ACGAGCCAGTATGACA-1,0.3171766200199155
CSF,HC,HC,PST45044,GSM4104132_ACGAGCCCAAACTGCT-1,0.7499755182203752
CSF,HC,HC,PST45044,GSM4104132_ACGAGCCGTAAGAGGA-1,0.388668345624454
CSF,HC,HC,PST45044,GSM4104132_ACGATGTAGGTCATCT-1,0.46055631489565446
CSF,HC,HC,PST45044,GSM4104132_ACGATGTTCCACGTGG-1,0.1697669105373345
CSF,HC,HC,PST45044,GSM4104132_ACGCAGCAGATGGGTC-1,0.24181335071242188
CSF,HC,HC,PST45044,GSM4104132_ACGCAGCGTCCAGTGC-1,0.46182634273042583
CSF,HC,HC,PST45044,GSM4104132_ACGCCAGTCGAGCCCA-1,0.04686376224302692
CSF,HC,HC,PST45044,GSM4104132_ACGCCGAAGCTGCGAA-1,0.30926372248780637
CSF,HC,HC,PST45044,GSM4104132_ACGCCGACAATGAAAC-1,0.04214750724030642
CSF,HC,HC,PST45044,GSM4104132_ACGCCGATCTGAGTGT-1,-0.3013973884643409
CSF,HC,HC,PST45044,GSM4104132_ACGGAGACATTACCTT-1,-0.2033910804757391
CSF,HC,HC,PST45044,GSM4104132_ACGGCCAAGGTTCCTA-1,0.04682232758971121
CSF,HC,HC,PST45044,GSM4104132_ACGGCCACATGTAGTC-1,-0.13256998595047378
CSF,HC,HC,PST45044,GSM4104132_ACGGGCTAGATGCCTT-1,-0.11862964456542206
CSF,HC,HC,PST45044,GSM4104132_ACGGGCTCATTTCACT-1,0.07349805463236121
CSF,HC,HC,PST45044,GSM4104132_ACGGGCTTCAGCTGGC-1,-0.3013973884643409
CSF,HC,HC,PST45044,GSM4104132_ACGGGTCAGCTAGGCA-1,0.29692709088377395
CSF,HC,HC,PST45044,GSM4104132_ACGGGTCCAGTAAGAT-1,0.026012832309351173
CSF,HC,HC,PST45044,GSM4104132_ACGTCAAAGATATGCA-1,0.06027318365968615
CSF,HC,HC,PST45044,GSM4104132_ACGTCAAAGGACTGGT-1,0.2608041161636646
CSF,HC,HC,PST45044,GSM4104132_ACGTCAAGTAAGTGGC-1,-0.20632618819635715
CSF,HC,HC,PST45044,GSM4104132_ACTATCTAGGTAAACT-1,-0.15605693036176244
CSF,HC,HC,PST45044,GSM4104132_ACTATCTCAATGAATG-1,0.015601420845652672
CSF,HC,HC,PST45044,GSM4104132_ACTATCTCATCGACGC-1,0.25019603354088593
CSF,HC,HC,PST45044,GSM4104132_ACTATCTGTCAACTGT-1,-0.3013973884643409
CSF,HC,HC,PST45044,GSM4104132_ACTATCTGTGTTTGTG-1,-0.06416169454983696
CSF,HC,HC,PST45044,GSM4104132_ACTGAGTAGGTGCACA-1,-0.07062046174044843
CSF,HC,HC,PST45044,GSM4104132_ACTGATGGTCCTAGCG-1,0.3822394616370692
CSF,HC,HC,PST45044,GSM4104132_ACTGATGTCACAATGC-1,0.3779875506358187
CSF,HC,HC,PST45044,GSM4104132_ACTGATGTCGTCACGG-1,0.1141768589198054
CSF,HC,HC,PST45044,GSM4104132_ACTGCTCCACCATCCT-1,0.410955665505604
CSF,HC,HC,PST45044,GSM4104132_ACTGCTCTCTTCATGT-1,0.19367417898569178
CSF,HC,HC,PST45044,GSM4104132_ACTTACTGTCCTGCTT-1,0.46450767037686996
CSF,HC,HC,PST45044,GSM4104132_ACTTACTTCGCGGATC-1,-0.16114590716782948
CSF,HC,HC,PST45044,GSM4104132_ACTTGTTTCCACGACG-1,-0.3013973884643409
CSF,HC,HC,PST45044,GSM4104132_ACTTTCAAGTATCTCG-1,-0.3013973884643409
CSF,HC,HC,PST45044,GSM4104132_ACTTTCAGTTCAGTAC-1,-0.3013973884643409
CSF,HC,HC,PST45044,GSM4104132_ACTTTCATCGTTTGCC-1,0.04197269751173411
CSF,HC,HC,PST45044,GSM4104132_AGACGTTCAGACGCAA-1,-0.101718101076495
CSF,HC,HC,PST45044,GSM4104132_AGACGTTGTTCACGGC-1,0.2781872514030629
CSF,HC,HC,PST45044,GSM4104132_AGAGCGATCGTGACAT-1,-0.11304738120062822
CSF,HC,HC,PST45044,GSM4104132_AGAGTGGAGTTACGGG-1,0.27031256694819505
CSF,HC,HC,PST45044,GSM4104132_AGAGTGGCAGATGGCA-1,-0.3013973884643409
CSF,HC,HC,PST45044,GSM4104132_AGATCTGCACTTCGAA-1,0.0675456414421443
CSF,HC,HC,PST45044,GSM4104132_AGCAGCCGTCAGAAGC-1,-0.042264126615837214
CSF,HC,HC,PST45044,GSM4104132_AGCAGCCGTTATGCGT-1,0.07382189793531455
CSF,HC,HC,PST45044,GSM4104132_AGCAGCCTCTCTGTCG-1,0.475601303454368
CSF,HC,HC,PST45044,GSM4104132_AGCATACAGCGTCAAG-1,-0.3013973884643409
CSF,HC,HC,PST45044,GSM4104132_AGCATACCAGATGGCA-1,-0.11743178480515233
CSF,HC,HC,PST45044,GSM4104132_AGCCTAATCCAGAGGA-1,0.27617921572093096
CSF,HC,HC,PST45044,GSM4104132_AGCGGTCGTGCGCTTG-1,-0.01353941625206231
CSF,HC,HC,PST45044,GSM4104132_AGCGGTCTCCTAGTGA-1,0.3700736405541596
CSF,HC,HC,PST45044,GSM4104132_AGCGTATAGGGAACGG-1,0.7512293588424892
CSF,HC,HC,PST45044,GSM4104132_AGCGTATAGTACGACG-1,0.3543896713528695
CSF,HC,HC,PST45044,GSM4104132_AGCGTATAGTCAAGGC-1,-0.16362953397662472
CSF,HC,HC,PST45044,GSM4104132_AGCGTCGTCACTATTC-1,-0.3013973884643409
CSF,HC,HC,PST45044,GSM4104132_AGCTCCTGTAAGTAGT-1,0.0923331078018362
CSF,HC,HC,PST45044,GSM4104132_AGCTCCTTCTGTCTAT-1,0.17943327811105916
CSF,HC,HC,PST45044,GSM4104132_AGCTCTCCACGAGGTA-1,-0.3013973884643409
CSF,HC,HC,PST45044,GSM4104132_AGGCCACGTGTGGCTC-1,0.07544092580493812
CSF,HC,HC,PST45044,GSM4104132_AGGCCGTAGGCCATAG-1,0.29123547289092716
CSF,HC,HC,PST45044,GSM4104132_AGGCCGTGTAAATGTG-1,-0.05893834746883501
CSF,HC,HC,PST45044,GSM4104132_AGGCCGTGTGTGCCTG-1,-0.013681803274216833
CSF,HC,HC,PST45044,GSM4104132_AGGCCGTGTTCGGCAC-1,-0.09003872946322836
CSF,HC,HC,PST45044,GSM4104132_AGGGAGTGTTTGACTG-1,-0.16843770531383553
CSF,HC,HC,PST45044,GSM4104132_AGGGAGTTCTACGAGT-1,0.18402137102452829
CSF,HC,HC,PST45044,GSM4104132_AGGGATGGTACCGCTG-1,0.1076779797823499
CSF,HC,HC,PST45044,GSM4104132_AGGTCATAGTCATGCT-1,-0.3013973884643409
CSF,HC,HC,PST45044,GSM4104132_AGGTCCGAGTGCCAGA-1,-0.3013973884643409
CSF,HC,HC,PST45044,GSM4104132_AGGTCCGCACATCCAA-1,0.2058236785165207
CSF,HC,HC,PST45044,GSM4104132_AGGTCCGGTAAGTGGC-1,-0.23729729193494636
CSF,HC,HC,PST45044,GSM4104132_AGTAGTCCACCTCGGA-1,-0.17197631995540194
CSF,HC,HC,PST45044,GSM4104132_AGTCTTTAGTTTAGGA-1,0.5677975017959997
CSF,HC,HC,PST45044,GSM4104132_AGTCTTTCATACTACG-1,0.10305421079156614
CSF,HC,HC,PST45044,GSM4104132_AGTGAGGAGTCGTTTG-1,0.25126014811293385
CSF,HC,HC,PST45044,GSM4104132_AGTGGGAAGTACGATA-1,-0.3013973884643409
CSF,HC,HC,PST45044,GSM4104132_AGTGTCACACTGTTAG-1,0.30194091569342635
CSF,HC,HC,PST45044,GSM4104132_AGTGTCAGTGTGCCTG-1,0.3825436235387432
CSF,HC,HC,PST45044,GSM4104132_AGTTGGTAGTACATGA-1,0.13056783871912234
CSF,HC,HC,PST45044,GSM4104132_ATAGACCTCGCTTGTC-1,0.5777142732109073
CSF,HC,HC,PST45044,GSM4104132_ATCACGACAAGACACG-1,0.390128462029109
CSF,HC,HC,PST45044,GSM4104132_ATCACGAGTACTCAAC-1,0.17065024512452626
CSF,HC,HC,PST45044,GSM4104132_ATCACGATCTCTAGGA-1,-0.1669773683227039
CSF,HC,HC,PST45044,GSM4104132_ATCATCTAGATGTAAC-1,-0.19260681951636946
CSF,HC,HC,PST45044,GSM4104132_ATCATCTAGGCTACGA-1,0.024910734593009094
CSF,HC,HC,PST45044,GSM4104132_ATCATCTTCTGCTGCT-1,-0.09371972584116219
CSF,HC,HC,PST45044,GSM4104132_ATCATGGTCAAACAAG-1,0.13281268156810444
CSF,HC,HC,PST45044,GSM4104132_ATCATGGTCTCTAAGG-1,-0.17117410321650434
CSF,HC,HC,PST45044,GSM4104132_ATCCACCAGAGTCGGT-1,0.1626815149904545
CSF,HC,HC,PST45044,GSM4104132_ATCCACCCACATCCAA-1,-0.03768023010515799
CSF,HC,HC,PST45044,GSM4104132_ATCCACCCATTGAGCT-1,0.24912028020151075
CSF,HC,HC,PST45044,GSM4104132_ATCCACCTCAGGTAAA-1,0.01705316034084627
CSF,HC,HC,PST45044,GSM4104132_ATCCGAAAGCCGGTAA-1,-0.3013973884643409
CSF,HC,HC,PST45044,GSM4104132_ATCTACTAGGTGCACA-1,0.3120534840742221
CSF,HC,HC,PST45044,GSM4104132_ATCTACTGTAGGCATG-1,0.43714240922869074
CSF,HC,HC,PST45044,GSM4104132_ATCTGCCGTGTAATGA-1,-0.007237076099474089
CSF,HC,HC,PST45044,GSM4104132_ATCTGCCTCATCTGCC-1,0.44880174653931537
CSF,HC,HC,PST45044,GSM4104132_ATGAGGGAGTCAAGGC-1,0.19062255295043157
CSF,HC,HC,PST45044,GSM4104132_ATGAGGGCAATGAATG-1,0.13097474088329092
CSF,HC,HC,PST45044,GSM4104132_ATGAGGGCACGTCAGC-1,0.9123904525480903
CSF,HC,HC,PST45044,GSM4104132_ATGCGATTCTTTACAC-1,0.26907945898471797
CSF,HC,HC,PST45044,GSM4104132_ATGTGTGCACACCGAC-1,0.751702838728289
CSF,HC,HC,PST45044,GSM4104132_ATGTGTGCAGACGCCT-1,0.30138175900326164
CSF,HC,HC,PST45044,GSM4104132_ATGTGTGTCGGTTCGG-1,0.3307024329780998
CSF,HC,HC,PST45044,GSM4104132_ATTACTCCACCGAATT-1,-0.3013973884643409
CSF,HC,HC,PST45044,GSM4104132_ATTATCCGTGGTTTCA-1,0.2453706105758595
CSF,HC,HC,PST45044,GSM4104132_ATTCTACTCTCGCATC-1,-0.3013973884643409
CSF,HC,HC,PST45044,GSM4104132_ATTGGACCAGTCTTCC-1,-0.3013973884643409
CSF,HC,HC,PST45044,GSM4104132_ATTGGACTCAAGCCTA-1,-0.3013973884643409
CSF,HC,HC,PST45044,GSM4104132_CAACCAAGTCCCGACA-1,0.1346025991995697
CSF,HC,HC,PST45044,GSM4104132_CAACCTCCAATCCAAC-1,0.45165377243400545
CSF,HC,HC,PST45044,GSM4104132_CAACCTCGTGCAGTAG-1,0.02389150880433999
CSF,HC,HC,PST45044,GSM4104132_CAACTAGAGATGAGAG-1,0.6347293794373657
CSF,HC,HC,PST45044,GSM4104132_CAACTAGAGCGCCTTG-1,0.08861001892440402
CSF,HC,HC,PST45044,GSM4104132_CAACTAGCAGACGCAA-1,0.23875726378039458
CSF,HC,HC,PST45044,GSM4104132_CAACTAGTCTTTAGGG-1,0.3011505237849879
CSF,HC,HC,PST45044,GSM4104132_CAAGAAATCAAGAAGT-1,0.07357894330634687
CSF,HC,HC,PST45044,GSM4104132_CAAGAAATCGCGTAGC-1,0.03539458286593043
CSF,HC,HC,PST45044,GSM4104132_CAAGATCGTACCGGCT-1,-0.3013973884643409
CSF,HC,HC,PST45044,GSM4104132_CAAGGCCAGTGAAGTT-1,0.1388885369805859
CSF,HC,HC,PST45044,GSM4104132_CAAGGCCCACCCAGTG-1,-0.08363559797944764
CSF,HC,HC,PST45044,GSM4104132_CAAGGCCGTGTATGGG-1,-0.025740227309427568
CSF,HC,HC,PST45044,GSM4104132_CAAGGCCTCCCTCTTT-1,0.4152528008794415
CSF,HC,HC,PST45044,GSM4104132_CAAGGCCTCGCGTTTC-1,-0.10972489623686572
CSF,HC,HC,PST45044,GSM4104132_CAAGTTGCAGGCTGAA-1,-0.16477433945455933
CSF,HC,HC,PST45044,GSM4104132_CAAGTTGGTCAGAAGC-1,0.22908584992902306
CSF,HC,HC,PST45044,GSM4104132_CACAAACAGACGCAAC-1,0.2625542389326931
CSF,HC,HC,PST45044,GSM4104132_CACAAACCATAGACTC-1,0.23576330974259502
CSF,HC,HC,PST45044,GSM4104132_CACACAACAGGTGGAT-1,-0.20773379888180168
CSF,HC,HC,PST45044,GSM4104132_CACACCTAGATCTGAA-1,-0.18807157431240398
CSF,HC,HC,PST45044,GSM4104132_CACACCTAGGCTCATT-1,0.43430867855125194
CSF,HC,HC,PST45044,GSM4104132_CACACTCCAGCTTAAC-1,0.5658196476062317
CSF,HC,HC,PST45044,GSM4104132_CACACTCGTGTCCTCT-1,-0.04142942368894747
CSF,HC,HC,PST45044,GSM4104132_CACACTCTCAATACCG-1,0.035442521248632376
CSF,HC,HC,PST45044,GSM4104132_CACAGGCCACAAGCCC-1,0.035978048947717466
CSF,HC,HC,PST45044,GSM4104132_CACAGGCGTGTCGCTG-1,-0.13278840263714856
CSF,HC,HC,PST45044,GSM4104132_CACAGGCTCTAACTGG-1,-0.08398233838449007
CSF,HC,HC,PST45044,GSM4104132_CACATAGCACGTTGGC-1,-0.1606950686476998
CSF,HC,HC,PST45044,GSM4104132_CACCACTTCACCTTAT-1,-0.07404312417137368
CSF,HC,HC,PST45044,GSM4104132_CACCAGGAGTTAGCGG-1,-0.21098585664138433
CSF,HC,HC,PST45044,GSM4104132_CACCAGGCACCAGATT-1,-0.3013973884643409
CSF,HC,HC,PST45044,GSM4104132_CACCAGGTCTACCTGC-1,-0.3013973884643409
CSF,HC,HC,PST45044,GSM4104132_CACCTTGAGGTAGCCA-1,-0.15631213049922563
CSF,HC,HC,PST45044,GSM4104132_CACCTTGTCTCGCATC-1,0.6733450717003444
CSF,HC,HC,PST45044,GSM4104132_CACCTTGTCTTACCGC-1,0.4915443164549064
CSF,HC,HC,PST45044,GSM4104132_CACTCCATCTTTACAC-1,-0.1526009132396133
CSF,HC,HC,PST45044,GSM4104132_CAGAATCTCGGTTAAC-1,-0.05853184367514749
CSF,HC,HC,PST45044,GSM4104132_CAGAGAGCACGGCTAC-1,-0.021192395987007277
CSF,HC,HC,PST45044,GSM4104132_CAGAGAGTCACCCTCA-1,0.001323190225200388
CSF,HC,HC,PST45044,GSM4104132_CAGATCATCTTGCAAG-1,0.3347587537153655
CSF,HC,HC,PST45044,GSM4104132_CAGCAGCCAAACTGCT-1,0.4238194030334518
CSF,HC,HC,PST45044,GSM4104132_CAGCATAAGGTCGGAT-1,0.7960461624593298
CSF,HC,HC,PST45044,GSM4104132_CAGCATACAATGGAGC-1,0.3858223828325193
CSF,HC,HC,PST45044,GSM4104132_CAGCATACATATGCTG-1,-0.18808927019607546
CSF,HC,HC,PST45044,GSM4104132_CAGCCGACAATAGCGG-1,0.7894939024249347
CSF,HC,HC,PST45044,GSM4104132_CAGCCGAGTCTACCTC-1,-0.1873944031315208
CSF,HC,HC,PST45044,GSM4104132_CAGCGACCATCCAACA-1,-0.19929958740853856
CSF,HC,HC,PST45044,GSM4104132_CAGCGACGTCTGATCA-1,0.15578273498591003
CSF,HC,HC,PST45044,GSM4104132_CAGCTAAGTGCGGTAA-1,0.19894216085642094
CSF,HC,HC,PST45044,GSM4104132_CAGTAACCAAAGCGGT-1,-0.2225341772768171
CSF,HC,HC,PST45044,GSM4104132_CAGTCCTGTTCTGAAC-1,-0.17626559940249287
CSF,HC,HC,PST45044,GSM4104132_CATATGGAGATAGTCA-1,-0.09199158822670286
CSF,HC,HC,PST45044,GSM4104132_CATATGGTCACAATGC-1,0.5928423258234308
CSF,HC,HC,PST45044,GSM4104132_CATATTCAGGCACATG-1,-0.1830225161276424
CSF,HC,HC,PST45044,GSM4104132_CATATTCAGTAGCGGT-1,0.03451481282527321
CSF,HC,HC,PST45044,GSM4104132_CATATTCTCCAGATCA-1,-0.3013973884643409
CSF,HC,HC,PST45044,GSM4104132_CATCCACCACGAAACG-1,0.8180142553434594
CSF,HC,HC,PST45044,GSM4104132_CATGCCTAGCCGGTAA-1,0.48189323550547564
CSF,HC,HC,PST45044,GSM4104132_CATGCCTAGTGAATTG-1,-0.3013973884643409
CSF,HC,HC,PST45044,GSM4104132_CATGCCTCACGAAATA-1,0.011741755268521123
CSF,HC,HC,PST45044,GSM4104132_CCAATCCGTCGATTGT-1,-0.3013973884643409
CSF,HC,HC,PST45044,GSM4104132_CCACTACAGCTCCTCT-1,0.1402261147412815
CSF,HC,HC,PST45044,GSM4104132_CCACTACAGTGGTCCC-1,-0.3013973884643409
CSF,HC,HC,PST45044,GSM4104132_CCACTACCATGCCTAA-1,0.2847349164132846
CSF,HC,HC,PST45044,GSM4104132_CCAGCGACACTAAGTC-1,-0.044696282735419715
CSF,HC,HC,PST45044,GSM4104132_CCAGCGAGTGAGGGAG-1,0.6134569951244565
CSF,HC,HC,PST45044,GSM4104132_CCATGTCTCCGAATGT-1,-0.10929735946780321
CSF,HC,HC,PST45044,GSM4104132_CCATTCGAGAGTACAT-1,-0.3013973884643409
CSF,HC,HC,PST45044,GSM4104132_CCATTCGGTACTCAAC-1,-0.19443370119264877
CSF,HC,HC,PST45044,GSM4104132_CCATTCGGTCGCGAAA-1,0.06323126479538117
CSF,HC,HC,PST45044,GSM4104132_CCCAATCAGCGTAGTG-1,0.22492811608123203
CSF,HC,HC,PST45044,GSM4104132_CCCAGTTAGCGTGAAC-1,0.32643698775546287
CSF,HC,HC,PST45044,GSM4104132_CCCAGTTCAGGGATTG-1,-0.08621052470762798
CSF,HC,HC,PST45044,GSM4104132_CCCAGTTCATGGTCTA-1,0.08950334722911009
CSF,HC,HC,PST45044,GSM4104132_CCCAGTTGTGTTCGAT-1,-0.163404757108253
CSF,HC,HC,PST45044,GSM4104132_CCCATACGTTCCTCCA-1,0.7858207264498125
CSF,HC,HC,PST45044,GSM4104132_CCCATACTCTTCGGTC-1,0.49879373047332815
CSF,HC,HC,PST45044,GSM4104132_CCCTCCTGTCCTGCTT-1,0.30784908528825083
CSF,HC,HC,PST45044,GSM4104132_CCCTCCTTCAGTGTTG-1,0.06760710532540279
CSF,HC,HC,PST45044,GSM4104132_CCGGGATAGTGCCAGA-1,-0.1725762836846679
CSF,HC,HC,PST45044,GSM4104132_CCGGGATGTCCGAATT-1,-0.022358361301877343
CSF,HC,HC,PST45044,GSM4104132_CCGGGATGTGTTGGGA-1,0.1705525028543752
CSF,HC,HC,PST45044,GSM4104132_CCGGTAGAGGTGTTAA-1,0.7029604831090382
CSF,HC,HC,PST45044,GSM4104132_CCGGTAGCAGGCGATA-1,0.08274585916483272
CSF,HC,HC,PST45044,GSM4104132_CCGGTAGTCTCCTATA-1,0.4725359390299094
CSF,HC,HC,PST45044,GSM4104132_CCGTACTCAGCTGTTA-1,-0.06778853606051165
CSF,HC,HC,PST45044,GSM4104132_CCGTACTCAGGAATCG-1,-0.11238360990896878
CSF,HC,HC,PST45044,GSM4104132_CCGTGGAAGAATGTTG-1,-0.08325215036287463
CSF,HC,HC,PST45044,GSM4104132_CCGTGGAAGTTGTAGA-1,-0.17523067627276154
CSF,HC,HC,PST45044,GSM4104132_CCGTTCACAAAGGAAG-1,-0.3013973884643409
CSF,HC,HC,PST45044,GSM4104132_CCTAAAGCAATCTGCA-1,-0.164215365088642
CSF,HC,HC,PST45044,GSM4104132_CCTACACTCGCAAACT-1,0.22949184999050415
CSF,HC,HC,PST45044,GSM4104132_CCTACCAGTCGTCTTC-1,0.2018502144582073
CSF,HC,HC,PST45044,GSM4104132_CCTACCATCATCACCC-1,0.019606788695945232
CSF,HC,HC,PST45044,GSM4104132_CCTACCATCTGAGTGT-1,-0.1532541950777792
CSF,HC,HC,PST45044,GSM4104132_CCTAGCTAGCGGATCA-1,0.3950318151906361
CSF,HC,HC,PST45044,GSM4104132_CCTAGCTCAATGTAAG-1,0.27409433544174816
CSF,HC,HC,PST45044,GSM4104132_CCTATTAAGTGAATTG-1,0.704469755238608
CSF,HC,HC,PST45044,GSM4104132_CCTATTAGTCTAACGT-1,-0.3013973884643409
CSF,HC,HC,PST45044,GSM4104132_CCTCAGTAGCTATGCT-1,0.15711624060875115
CSF,HC,HC,PST45044,GSM4104132_CCTCAGTGTAGCGTAG-1,-0.11710673460843224
CSF,HC,HC,PST45044,GSM4104132_CCTCTGAAGATCCTGT-1,-0.3013973884643409
CSF,HC,HC,PST45044,GSM4104132_CCTCTGAAGTACGTAA-1,-0.3013973884643409
CSF,HC,HC,PST45044,GSM4104132_CCTCTGAGTATGAATG-1,-0.3013973884643409
CSF,HC,HC,PST45044,GSM4104132_CCTCTGATCCTAGAAC-1,-0.3013973884643409
CSF,HC,HC,PST45044,GSM4104132_CCTTACGCAAGCCCAC-1,-0.09131349755297004
CSF,HC,HC,PST45044,GSM4104132_CCTTCGACAGTCCTTC-1,-0.01606332501285853
CSF,HC,HC,PST45044,GSM4104132_CCTTCGAGTCGATTGT-1,0.45827035166591684
CSF,HC,HC,PST45044,GSM4104132_CCTTCGATCTAAGCCA-1,-0.3013973884643409
CSF,HC,HC,PST45044,GSM4104132_CCTTTCTAGAATAGGG-1,-0.3013973884643409
CSF,HC,HC,PST45044,GSM4104132_CCTTTCTCAGTGAGTG-1,-0.02131996344192444
CSF,HC,HC,PST45044,GSM4104132_CCTTTCTCATCTCGCT-1,0.04034802370076603
CSF,HC,HC,PST45044,GSM4104132_CGAACATCACTAGTAC-1,0.09192302334517875
CSF,HC,HC,PST45044,GSM4104132_CGAACATGTCGGGTCT-1,0.13330566565790977
CSF,HC,HC,PST45044,GSM4104132_CGAATGTCAAGAGTCG-1,-0.3013973884643409
CSF,HC,HC,PST45044,GSM4104132_CGACTTCAGGCCGAAT-1,-0.17575065219886357
CSF,HC,HC,PST45044,GSM4104132_CGACTTCCACCAGTTA-1,-0.023266489316955942
CSF,HC,HC,PST45044,GSM4104132_CGAGAAGCAGGGATTG-1,0.15146134356798305
CSF,HC,HC,PST45044,GSM4104132_CGAGAAGGTAGCGTCC-1,-0.1085287578817223
CSF,HC,HC,PST45044,GSM4104132_CGAGAAGTCCTTGGTC-1,0.40885322061689944
CSF,HC,HC,PST45044,GSM4104132_CGAGCACAGCTCCTTC-1,-0.3013973884643409
CSF,HC,HC,PST45044,GSM4104132_CGAGCACTCAAAGACA-1,-0.3013973884643409
CSF,HC,HC,PST45044,GSM4104132_CGAGCACTCAATCTCT-1,0.5770676637014324
CSF,HC,HC,PST45044,GSM4104132_CGAGCCAAGGAGTACC-1,0.2771826058653576
CSF,HC,HC,PST45044,GSM4104132_CGAGCCACACGCCAGT-1,0.07881322824399792
CSF,HC,HC,PST45044,GSM4104132_CGATCGGGTTGGTAAA-1,-0.16950827114516492
CSF,HC,HC,PST45044,GSM4104132_CGATGGCCAATGAATG-1,0.6987675245716999
CSF,HC,HC,PST45044,GSM4104132_CGATGGCCAGCATGAG-1,0.4181845043806329
CSF,HC,HC,PST45044,GSM4104132_CGATGTAAGTCGTACT-1,0.13931014749180598
CSF,HC,HC,PST45044,GSM4104132_CGATGTACATCAGTCA-1,-0.09779114058169548
CSF,HC,HC,PST45044,GSM4104132_CGATGTATCAACCAAC-1,0.017593325347501926
CSF,HC,HC,PST45044,GSM4104132_CGATTGACACAGGTTT-1,0.25050251336362733
CSF,HC,HC,PST45044,GSM4104132_CGCCAAGTCATACGGT-1,0.5149152825537274
CSF,HC,HC,PST45044,GSM4104132_CGCGGTAAGGGTCTCC-1,-0.3013973884643409
CSF,HC,HC,PST45044,GSM4104132_CGCGGTAGTCTCATCC-1,0.05490091185362356
CSF,HC,HC,PST45044,GSM4104132_CGCTATCGTCGACTGC-1,0.2147883686813385
CSF,HC,HC,PST45044,GSM4104132_CGCTATCTCAAAGTAG-1,0.2000737226120595
CSF,HC,HC,PST45044,GSM4104132_CGCTGGAAGCACAGGT-1,0.7917999926381312
CSF,HC,HC,PST45044,GSM4104132_CGCTGGAAGTTCCACA-1,0.08335117668704814
CSF,HC,HC,PST45044,GSM4104132_CGCTGGAGTCGGCTCA-1,-0.14947021732317983
CSF,HC,HC,PST45044,GSM4104132_CGCTGGATCTATGTGG-1,0.4505652621797457
CSF,HC,HC,PST45044,GSM4104132_CGGACTGAGTTTAGGA-1,-0.14354974476932705
CSF,HC,HC,PST45044,GSM4104132_CGGCTAGTCTCAAACG-1,-0.3013973884643409
CSF,HC,HC,PST45044,GSM4104132_CGGGTCACACAGGTTT-1,-0.18228000166672437
CSF,HC,HC,PST45044,GSM4104132_CGGGTCATCAGCTCGG-1,0.7525747451532905
CSF,HC,HC,PST45044,GSM4104132_CGGGTCATCATGCTCC-1,0.3266695633985656
CSF,HC,HC,PST45044,GSM4104132_CGGTTAACAACTGGCC-1,-0.006842515424992908
CSF,HC,HC,PST45044,GSM4104132_CGGTTAAGTTCAGACT-1,0.34427312781558506
CSF,HC,HC,PST45044,GSM4104132_CGTAGCGCAGTGGAGT-1,-0.047980646675243044
CSF,HC,HC,PST45044,GSM4104132_CGTAGCGTCCGTAGTA-1,-0.3013973884643409
CSF,HC,HC,PST45044,GSM4104132_CGTCACTAGGGATCTG-1,-0.08132891986360105
CSF,HC,HC,PST45044,GSM4104132_CGTCTACCACCAACCG-1,-0.149650976005602
CSF,HC,HC,PST45044,GSM4104132_CGTCTACTCTCTGCTG-1,-0.3013973884643409
CSF,HC,HC,PST45044,GSM4104132_CGTGTAACAGACAAAT-1,-0.10394384776998226
CSF,HC,HC,PST45044,GSM4104132_CGTGTAATCCCGACTT-1,-0.12094433931318789
CSF,HC,HC,PST45044,GSM4104132_CGTTAGAGTGGTCTCG-1,0.18562648524549027
CSF,HC,HC,PST45044,GSM4104132_CGTTCTGAGCGATAGC-1,0.07556997794541773
CSF,HC,HC,PST45044,GSM4104132_CGTTCTGTCTGCAGTA-1,0.1309112115528142
CSF,HC,HC,PST45044,GSM4104132_CGTTGGGTCGGCGCTA-1,0.8451116117901304
CSF,HC,HC,PST45044,GSM4104132_CTAACTTGTGTGTGCC-1,-0.3013973884643409
CSF,HC,HC,PST45044,GSM4104132_CTAACTTTCTCGGACG-1,0.05303833632917602
CSF,HC,HC,PST45044,GSM4104132_CTAACTTTCTGGTATG-1,-0.3013973884643409
CSF,HC,HC,PST45044,GSM4104132_CTAAGACCAAGTAGTA-1,0.45146251919224206
CSF,HC,HC,PST45044,GSM4104132_CTAATGGGTCAGAAGC-1,0.1842946698314365
CSF,HC,HC,PST45044,GSM4104132_CTACATTAGGCGCTCT-1,-0.18133816510827463
CSF,HC,HC,PST45044,GSM4104132_CTACCCACAGCCAATT-1,0.28437411098849225
CSF,HC,HC,PST45044,GSM4104132_CTACGTCCACCATCCT-1,0.42798248799361627
CSF,HC,HC,PST45044,GSM4104132_CTACGTCCACGGTAGA-1,0.8842152105136875
CSF,HC,HC,PST45044,GSM4104132_CTACGTCTCCCTGACT-1,0.06508315652022792
CSF,HC,HC,PST45044,GSM4104132_CTAGAGTAGACTACAA-1,0.03970327563896787
CSF,HC,HC,PST45044,GSM4104132_CTAGAGTAGGAGCGAG-1,-0.3013973884643409
CSF,HC,HC,PST45044,GSM4104132_CTAGAGTGTTGGACCC-1,0.15652199204467523
CSF,HC,HC,PST45044,GSM4104132_CTAGAGTTCAACACGT-1,0.23790188644837468
CSF,HC,HC,PST45044,GSM4104132_CTAGCCTTCTGTGCAA-1,-0.20484632852017676
CSF,HC,HC,PST45044,GSM4104132_CTCACACCATGTTGAC-1,0.3955165058289348
CSF,HC,HC,PST45044,GSM4104132_CTCACACGTGACTCAT-1,-0.3013973884643409
CSF,HC,HC,PST45044,GSM4104132_CTCACACGTTTCCACC-1,0.5891099304494156
CSF,HC,HC,PST45044,GSM4104132_CTCAGAAAGACCGGAT-1,0.08996224014761993
CSF,HC,HC,PST45044,GSM4104132_CTCAGAATCTGCAGTA-1,0.5658443627801196
CSF,HC,HC,PST45044,GSM4104132_CTCCTAGAGGCCCTCA-1,0.17673881418396395
CSF,HC,HC,PST45044,GSM4104132_CTCCTAGAGTCCAGGA-1,-0.167972483242202
CSF,HC,HC,PST45044,GSM4104132_CTCCTAGCATCCGGGT-1,-0.11395351483325863
CSF,HC,HC,PST45044,GSM4104132_CTCCTAGTCCCTTGCA-1,0.06652809764734148
CSF,HC,HC,PST45044,GSM4104132_CTCCTAGTCGCGTTTC-1,0.17506277954496305
CSF,HC,HC,PST45044,GSM4104132_CTCGGGAAGCTACCTA-1,-0.3013973884643409
CSF,HC,HC,PST45044,GSM4104132_CTCGGGACACCAGGTC-1,-0.08025378829774697
CSF,HC,HC,PST45044,GSM4104132_CTCGTCAAGCCGGTAA-1,0.3258729282605592
CSF,HC,HC,PST45044,GSM4104132_CTCGTCAAGGTGGGTT-1,0.05269141693240501
CSF,HC,HC,PST45044,GSM4104132_CTCGTCAGTGCAGTAG-1,0.16586668468402907
CSF,HC,HC,PST45044,GSM4104132_CTCTACGAGCAGGCTA-1,-0.3013973884643409
CSF,HC,HC,PST45044,GSM4104132_CTCTACGAGCATGGCA-1,0.3115464766776538
CSF,HC,HC,PST45044,GSM4104132_CTCTGGTCAAAGCGGT-1,0.41609026434121016
CSF,HC,HC,PST45044,GSM4104132_CTGAAACAGCCAGGAT-1,0.3350265046149862
CSF,HC,HC,PST45044,GSM4104132_CTGAAACCAAGTTGTC-1,0.24365921174787605
CSF,HC,HC,PST45044,GSM4104132_CTGAAACCATTACCTT-1,0.08428735088750682
CSF,HC,HC,PST45044,GSM4104132_CTGAAGTTCCACTCCA-1,0.37309987385969906
CSF,HC,HC,PST45044,GSM4104132_CTGATAGCACACAGAG-1,0.5385296314384187
CSF,HC,HC,PST45044,GSM4104132_CTGATAGGTCCGTGAC-1,-0.3013973884643409
CSF,HC,HC,PST45044,GSM4104132_CTGATCCCAAGTACCT-1,0.7664978000454157
CSF,HC,HC,PST45044,GSM4104132_CTGATCCCAATAGCAA-1,0.279129158597887
CSF,HC,HC,PST45044,GSM4104132_CTGCCTAAGGTGCTTT-1,0.009501024240177664
CSF,HC,HC,PST45044,GSM4104132_CTGCCTACATGCGCAC-1,-0.3013973884643409
CSF,HC,HC,PST45044,GSM4104132_CTGCGGAAGAAGGGTA-1,0.15899134077961105
CSF,HC,HC,PST45044,GSM4104132_CTGCGGAGTACTTCTT-1,0.09904861963882464
CSF,HC,HC,PST45044,GSM4104132_CTGCTGTGTATATGAG-1,-0.23456375468278595
CSF,HC,HC,PST45044,GSM4104132_CTGGTCTCACGGCTAC-1,-0.3013973884643409
CSF,HC,HC,PST45044,GSM4104132_CTGGTCTCATGCAACT-1,0.47833964195321016
CSF,HC,HC,PST45044,GSM4104132_CTGTGCTCAGTTCATG-1,-0.3013973884643409
CSF,HC,HC,PST45044,GSM4104132_CTGTTTACAGCGTTCG-1,-0.19895594800219873
CSF,HC,HC,PST45044,GSM4104132_CTTAACTCAGTTTACG-1,-0.16965952427678468
CSF,HC,HC,PST45044,GSM4104132_CTTAACTGTAGCGCAA-1,0.4463317471154751
CSF,HC,HC,PST45044,GSM4104132_CTTACCGCAGGACCCT-1,-0.3013973884643409
CSF,HC,HC,PST45044,GSM4104132_CTTTGCGTCCAGTATG-1,-0.3013973884643409
CSF,HC,HC,PST45044,GSM4104132_CTTTGCGTCTGTACGA-1,-0.08322580860215853
CSF,HC,HC,PST45044,GSM4104132_GAAATGAAGTCCCACG-1,-0.09121582834318155
CSF,HC,HC,PST45044,GSM4104132_GAAATGACAAGCGAGT-1,-0.14282968408264723
CSF,HC,HC,PST45044,GSM4104132_GAACATCCATACGCTA-1,0.3119840500158876
CSF,HC,HC,PST45044,GSM4104132_GAACATCCATCCTTGC-1,-0.3013973884643409
CSF,HC,HC,PST45044,GSM4104132_GAACATCCATGCATGT-1,0.013974139997413862
CSF,HC,HC,PST45044,GSM4104132_GAACATCTCTGCGGCA-1,-0.16644640147622738
CSF,HC,HC,PST45044,GSM4104132_GAACCTACAGCCTATA-1,0.07775757869846825
CSF,HC,HC,PST45044,GSM4104132_GAACGGAAGATCGATA-1,0.43067374047991164
CSF,HC,HC,PST45044,GSM4104132_GAAGCAGAGACGCAAC-1,0.29913747096147386
CSF,HC,HC,PST45044,GSM4104132_GAAGCAGAGGACAGAA-1,0.7028114574346146
CSF,HC,HC,PST45044,GSM4104132_GAAGCAGCAACTGCGC-1,-0.1267018824042045
CSF,HC,HC,PST45044,GSM4104132_GAAGCAGCATGGTTGT-1,0.06281150798350625
CSF,HC,HC,PST45044,GSM4104132_GAATGAAAGTCTCCTC-1,0.005370596063742826
CSF,HC,HC,PST45044,GSM4104132_GAATGAACATGTAGTC-1,0.3414942248903607
CSF,HC,HC,PST45044,GSM4104132_GAATGAAGTCAACTGT-1,-0.1463753648557485
CSF,HC,HC,PST45044,GSM4104132_GACACGCCAAACCCAT-1,1.160607453708978
CSF,HC,HC,PST45044,GSM4104132_GACACGCTCCGCGTTT-1,-0.09101677588724698
CSF,HC,HC,PST45044,GSM4104132_GACCAATAGCCCAGCT-1,0.11561886771741328
CSF,HC,HC,PST45044,GSM4104132_GACCTGGAGTATGACA-1,-0.09936795121668639
CSF,HC,HC,PST45044,GSM4104132_GACCTGGCAGGGTACA-1,-0.10172220089372971
CSF,HC,HC,PST45044,GSM4104132_GACCTGGCAGTCGATT-1,-0.3013973884643409
CSF,HC,HC,PST45044,GSM4104132_GACCTGGGTGCAGTAG-1,-0.3013973884643409
CSF,HC,HC,PST45044,GSM4104132_GACGCGTAGCGCCTCA-1,0.24785299831716798
CSF,HC,HC,PST45044,GSM4104132_GACGCGTAGTGTCCCG-1,0.5357765693233854
CSF,HC,HC,PST45044,GSM4104132_GACGCGTGTGACGCCT-1,-0.11670632150991662
CSF,HC,HC,PST45044,GSM4104132_GACGCGTGTTGAGGTG-1,1.1535110251159764
CSF,HC,HC,PST45044,GSM4104132_GACGCGTTCACAAACC-1,-0.1348225289712507
CSF,HC,HC,PST45044,GSM4104132_GACGCGTTCGTGACAT-1,0.6755495858081143
CSF,HC,HC,PST45044,GSM4104132_GACGTGCCATAGACTC-1,-0.019075435931069588
CSF,HC,HC,PST45044,GSM4104132_GACGTTAAGTCTTGCA-1,0.5332123066710296
CSF,HC,HC,PST45044,GSM4104132_GACGTTAGTATGCTTG-1,0.2389637034913499
CSF,HC,HC,PST45044,GSM4104132_GACGTTATCAAGATCC-1,0.0009267532000150545
CSF,HC,HC,PST45044,GSM4104132_GACTAACAGTTGTCGT-1,0.05413754572288406
CSF,HC,HC,PST45044,GSM4104132_GACTAACGTAGCGCAA-1,0.2642821709375558
CSF,HC,HC,PST45044,GSM4104132_GACTAACTCTTAACCT-1,-0.3013973884643409
CSF,HC,HC,PST45044,GSM4104132_GACTACACACCACGTG-1,0.49022962708808804
CSF,HC,HC,PST45044,GSM4104132_GACTGCGGTGTCTGAT-1,-0.06617241726568027
CSF,HC,HC,PST45044,GSM4104132_GAGGTGACACAGACAG-1,0.08302422260327302
CSF,HC,HC,PST45044,GSM4104132_GAGTCCGGTAGCTTGT-1,0.09410122649436119
CSF,HC,HC,PST45044,GSM4104132_GAGTCCGGTTTAGGAA-1,0.2742565282895232
CSF,HC,HC,PST45044,GSM4104132_GATCAGTTCCTCTAGC-1,0.39194223106083126
CSF,HC,HC,PST45044,GSM4104132_GATCGATCACGCTTTC-1,-0.14746836412992662
CSF,HC,HC,PST45044,GSM4104132_GATCGCGGTCTCAACA-1,1.236802511505228
CSF,HC,HC,PST45044,GSM4104132_GATCGTAGTCACCCAG-1,0.15349502774943027
CSF,HC,HC,PST45044,GSM4104132_GATCGTAGTCGACTGC-1,0.11664501400827872
CSF,HC,HC,PST45044,GSM4104132_GATCGTATCAACCAAC-1,0.19734099654770473
CSF,HC,HC,PST45044,GSM4104132_GATCTAGAGCCAGTAG-1,0.40361290298538366
CSF,HC,HC,PST45044,GSM4104132_GATCTAGCATGCATGT-1,0.7115769872185786
CSF,HC,HC,PST45044,GSM4104132_GATCTAGGTTGTGGCC-1,0.20311550280698892
CSF,HC,HC,PST45044,GSM4104132_GATGAAAGTCTCTCTG-1,0.12176892742798248
CSF,HC,HC,PST45044,GSM4104132_GATGAGGGTGGTGTAG-1,-0.09740548203207884
CSF,HC,HC,PST45044,GSM4104132_GATGAGGGTTAAGATG-1,0.6738473304373426
CSF,HC,HC,PST45044,GSM4104132_GATGCTACACCTATCC-1,-0.16534193944571557
CSF,HC,HC,PST45044,GSM4104132_GCAAACTAGCAGACTG-1,-0.3013973884643409
CSF,HC,HC,PST45044,GSM4104132_GCAAACTGTATTCGTG-1,0.3268204664539785
CSF,HC,HC,PST45044,GSM4104132_GCAATCAAGATGCCAG-1,0.6197478995499928
CSF,HC,HC,PST45044,GSM4104132_GCAATCAAGTACCGGA-1,-0.3013973884643409
CSF,HC,HC,PST45044,GSM4104132_GCAATCATCATCATTC-1,-0.042077194963949446
CSF,HC,HC,PST45044,GSM4104132_GCACATAAGAGTGACC-1,0.16949053569501898
CSF,HC,HC,PST45044,GSM4104132_GCAGCCACACATTTCT-1,-0.18604863268390953
CSF,HC,HC,PST45044,GSM4104132_GCAGCCACAGCTCGAC-1,0.6294499728213954
CSF,HC,HC,PST45044,GSM4104132_GCAGTTATCTTGCCGT-1,-0.20982731326020776
CSF,HC,HC,PST45044,GSM4104132_GCATACAAGATGAGAG-1,0.05711451679963123
CSF,HC,HC,PST45044,GSM4104132_GCATACATCTTCCTTC-1,0.19931085631578063
CSF,HC,HC,PST45044,GSM4104132_GCATGATCACGAGAGT-1,0.1746882302909418
CSF,HC,HC,PST45044,GSM4104132_GCATGATCATCACAAC-1,0.5622704275318956
CSF,HC,HC,PST45044,GSM4104132_GCATGATGTTAAGGGC-1,0.09601010986229987
CSF,HC,HC,PST45044,GSM4104132_GCATGCGAGGGTCGAT-1,0.6438804986602952
CSF,HC,HC,PST45044,GSM4104132_GCATGCGTCTGTCAAG-1,-0.3013973884643409
CSF,HC,HC,PST45044,GSM4104132_GCATGTACAACGCACC-1,0.5399938310801783
CSF,HC,HC,PST45044,GSM4104132_GCCAAATCACAGAGGT-1,-0.13403975806959814
CSF,HC,HC,PST45044,GSM4104132_GCGCAACAGTTAACGA-1,0.20291263557958686
CSF,HC,HC,PST45044,GSM4104132_GCGCAACCACTTAACG-1,-0.1724328898139187
CSF,HC,HC,PST45044,GSM4104132_GCGCAGTTCTTCAACT-1,-0.3013973884643409
CSF,HC,HC,PST45044,GSM4104132_GCGCCAAAGGCATGGT-1,0.1115346808157547
CSF,HC,HC,PST45044,GSM4104132_GCGCGATAGCAGCGTA-1,-0.3013973884643409
CSF,HC,HC,PST45044,GSM4104132_GCGCGATCAGGATCGA-1,0.1852597815316263
CSF,HC,HC,PST45044,GSM4104132_GCGGGTTCAAGTCTAC-1,0.06379545562871378
CSF,HC,HC,PST45044,GSM4104132_GCTCCTACAGCTGTGC-1,-0.15650281042101083
CSF,HC,HC,PST45044,GSM4104132_GCTCCTACATCGACGC-1,-0.12400139508849448
CSF,HC,HC,PST45044,GSM4104132_GCTCCTATCTCCCTGA-1,0.29154643040888273
CSF,HC,HC,PST45044,GSM4104132_GCTCTGTCAGCATACT-1,0.3801668529757003
CSF,HC,HC,PST45044,GSM4104132_GCTGCAGAGGGATGGG-1,0.2364350592334883
CSF,HC,HC,PST45044,GSM4104132_GCTGCGACACGCGAAA-1,-0.09079005501686513
CSF,HC,HC,PST45044,GSM4104132_GCTGCGAGTTCCAACA-1,0.20860585822680364
CSF,HC,HC,PST45044,GSM4104132_GCTGCGATCTTCGGTC-1,0.764657959623792
CSF,HC,HC,PST45044,GSM4104132_GCTGGGTCAGTACACT-1,0.12625403555897852
CSF,HC,HC,PST45044,GSM4104132_GCTTCCACAATCCAAC-1,-0.008633468475985466
CSF,HC,HC,PST45044,GSM4104132_GCTTGAAGTTGGACCC-1,0.006838126063887887
CSF,HC,HC,PST45044,GSM4104132_GCTTGAATCTCGCTTG-1,-0.3013973884643409
CSF,HC,HC,PST45044,GSM4104132_GGAAAGCAGGAGTACC-1,-0.3013973884643409
CSF,HC,HC,PST45044,GSM4104132_GGAAAGCGTCTAGCGC-1,0.5637275918628954
CSF,HC,HC,PST45044,GSM4104132_GGAAAGCTCGCCTGAG-1,0.2604338906463221
CSF,HC,HC,PST45044,GSM4104132_GGAACTTGTTTAGCTG-1,0.09425507150557508
CSF,HC,HC,PST45044,GSM4104132_GGAATAAAGCGATAGC-1,-0.0650308115448032
CSF,HC,HC,PST45044,GSM4104132_GGAATAAAGTTTGCGT-1,-0.20268391763268329
CSF,HC,HC,PST45044,GSM4104132_GGAATAAGTCCAGTTA-1,0.08825693128266272
CSF,HC,HC,PST45044,GSM4104132_GGAATAAGTGAGGGTT-1,0.634765397054452
CSF,HC,HC,PST45044,GSM4104132_GGACAGACATTCCTGC-1,-0.3013973884643409
CSF,HC,HC,PST45044,GSM4104132_GGACAGATCAGCCTAA-1,-0.1317621239656268
CSF,HC,HC,PST45044,GSM4104132_GGACATTTCGTGGTCG-1,0.2632470300895465
CSF,HC,HC,PST45044,GSM4104132_GGAGCAAGTAGCTAAA-1,0.5201753463417722
CSF,HC,HC,PST45044,GSM4104132_GGATGTTAGAAACCTA-1,0.10496054124888057
CSF,HC,HC,PST45044,GSM4104132_GGATGTTAGCGTGTCC-1,1.0664481405237056
CSF,HC,HC,PST45044,GSM4104132_GGATGTTGTCGCGAAA-1,0.11135627410054494
CSF,HC,HC,PST45044,GSM4104132_GGATTACGTTGACGTT-1,-0.07613031500655058
CSF,HC,HC,PST45044,GSM4104132_GGATTACTCGTGGACC-1,0.3529052350905923
CSF,HC,HC,PST45044,GSM4104132_GGCAATTAGAATTCCC-1,-0.15995231328989687
CSF,HC,HC,PST45044,GSM4104132_GGCAATTAGGAGTTTA-1,0.4774227198802275
CSF,HC,HC,PST45044,GSM4104132_GGCCGATGTAGCGATG-1,0.1384572469309924
CSF,HC,HC,PST45044,GSM4104132_GGCGACTAGCCAACAG-1,-0.056927788034306606
CSF,HC,HC,PST45044,GSM4104132_GGCTCGATCTAGCACA-1,0.03576956208377123
CSF,HC,HC,PST45044,GSM4104132_GGGAATGCAATCTGCA-1,0.2739257952352672
CSF,HC,HC,PST45044,GSM4104132_GGGAATGTCAGTTAGC-1,0.17568588442685137
CSF,HC,HC,PST45044,GSM4104132_GGGACCTAGTTGTCGT-1,-0.12516104165680472
CSF,HC,HC,PST45044,GSM4104132_GGGACCTCAAGCGAGT-1,-0.3013973884643409
CSF,HC,HC,PST45044,GSM4104132_GGGATGATCAACACCA-1,-0.02468786074476245
CSF,HC,HC,PST45044,GSM4104132_GGGCACTGTGCCTGCA-1,-0.1840557128296984
CSF,HC,HC,PST45044,GSM4104132_GGGCACTGTTTAGGAA-1,-0.20777993063526404
CSF,HC,HC,PST45044,GSM4104132_GGGTCTGAGAGGTACC-1,-0.11255279982114498
CSF,HC,HC,PST45044,GSM4104132_GGTATTGCATACTACG-1,0.10718770663419751
CSF,HC,HC,PST45044,GSM4104132_GGTATTGTCACCTTAT-1,0.1219770770605165
CSF,HC,HC,PST45044,GSM4104132_GGTGCGTAGAAGGCCT-1,0.17659426583354515
CSF,HC,HC,PST45044,GSM4104132_GGTGTTAAGTGGGATC-1,0.06269993391138969
CSF,HC,HC,PST45044,GSM4104132_GGTGTTATCTTCTGGC-1,-0.14995081497140156
CSF,HC,HC,PST45044,GSM4104132_GTAACTGAGGCTAGAC-1,0.11251899593717184
CSF,HC,HC,PST45044,GSM4104132_GTAACTGTCGAGCCCA-1,-0.3013973884643409
CSF,HC,HC,PST45044,GSM4104132_GTACTCCGTTCGTTGA-1,-0.15143733109859378
CSF,HC,HC,PST45044,GSM4104132_GTACTTTAGTAGCGGT-1,-0.3013973884643409
CSF,HC,HC,PST45044,GSM4104132_GTAGTCACATTAACCG-1,0.3801382463294001
CSF,HC,HC,PST45044,GSM4104132_GTATTCTCAAAGCGGT-1,-0.16994827934284334
CSF,HC,HC,PST45044,GSM4104132_GTCACGGAGTGTTTGC-1,0.3030694300919673
CSF,HC,HC,PST45044,GSM4104132_GTCACGGGTACCGAGA-1,-0.19355669600835343
CSF,HC,HC,PST45044,GSM4104132_GTCACGGTCACATAGC-1,0.005492116139040152
CSF,HC,HC,PST45044,GSM4104132_GTCATTTCACCTGGTG-1,0.5315632732337335
CSF,HC,HC,PST45044,GSM4104132_GTCGGGTGTCAAACTC-1,0.3553163017076492
CSF,HC,HC,PST45044,GSM4104132_GTCGTAAAGAATAGGG-1,0.23721573878384467
CSF,HC,HC,PST45044,GSM4104132_GTCTCGTCACGGTAAG-1,0.6788054313298575
CSF,HC,HC,PST45044,GSM4104132_GTCTCGTTCAATCTCT-1,0.03220180418062104
CSF,HC,HC,PST45044,GSM4104132_GTCTTCGAGCTAGGCA-1,0.9372931397951646
CSF,HC,HC,PST45044,GSM4104132_GTCTTCGGTGCACGAA-1,-0.3013973884643409
CSF,HC,HC,PST45044,GSM4104132_GTCTTCGTCAGTTGAC-1,-0.3013973884643409
CSF,HC,HC,PST45044,GSM4104132_GTGAAGGTCTGAGGGA-1,0.24643064427872413
CSF,HC,HC,PST45044,GSM4104132_GTGCAGCAGCCTTGAT-1,-0.3013973884643409
CSF,HC,HC,PST45044,GSM4104132_GTGCAGCGTATTACCG-1,0.04750196180682383
CSF,HC,HC,PST45044,GSM4104132_GTGCATAAGTCGATAA-1,-0.18277402095347614
CSF,HC,HC,PST45044,GSM4104132_GTGCATAGTCGAGTTT-1,0.20472789531829844
CSF,HC,HC,PST45044,GSM4104132_GTGCTTCAGCACACAG-1,-0.19726346753296614
CSF,HC,HC,PST45044,GSM4104132_GTGTGCGAGGCTCAGA-1,0.16764536274411052
CSF,HC,HC,PST45044,GSM4104132_GTGTTAGAGATCACGG-1,-0.3013973884643409
CSF,HC,HC,PST45044,GSM4104132_GTGTTAGCACGAGAGT-1,-0.09880334914265276
CSF,HC,HC,PST45044,GSM4104132_GTTAAGCAGCTGGAAC-1,0.4168426503362798
CSF,HC,HC,PST45044,GSM4104132_GTTACAGAGTCAAGGC-1,0.08649850986585779
CSF,HC,HC,PST45044,GSM4104132_GTTCATTCAGGAATCG-1,0.41505025200729456
CSF,HC,HC,PST45044,GSM4104132_GTTCGGGGTTGTCGCG-1,0.13238809232520793
CSF,HC,HC,PST45044,GSM4104132_GTTCTCGAGGGAAACA-1,0.41192678736090266
CSF,HC,HC,PST45044,GSM4104132_GTTTCTACACCAGATT-1,0.03291985646058621
CSF,HC,HC,PST45044,GSM4104132_GTTTCTATCTCTTATG-1,-0.3013973884643409
CSF,HC,HC,PST45044,GSM4104132_GTTTCTATCTGTACGA-1,-0.0853831242068859
CSF,HC,HC,PST45044,GSM4104132_TAAACCGAGCCCAACC-1,-0.3013973884643409
CSF,HC,HC,PST45044,GSM4104132_TAAACCGAGTACGATA-1,-0.060061901987533396
CSF,HC,HC,PST45044,GSM4104132_TAAGAGAAGTTGCAGG-1,-0.15605693036176244
CSF,HC,HC,PST45044,GSM4104132_TAAGCGTAGTCCGGTC-1,0.08985528983446248
CSF,HC,HC,PST45044,GSM4104132_TAAGTGCGTATCACCA-1,0.14787013055805417
CSF,HC,HC,PST45044,GSM4104132_TACAGTGAGTACTTGC-1,-0.002351691493267194
CSF,HC,HC,PST45044,GSM4104132_TACAGTGGTTTGTTTC-1,0.36181384733702887
CSF,HC,HC,PST45044,GSM4104132_TACAGTGTCAACACTG-1,0.22292339219229845
CSF,HC,HC,PST45044,GSM4104132_TACAGTGTCCGCAGTG-1,0.10187559103394926
CSF,HC,HC,PST45044,GSM4104132_TACCTATAGATCTGCT-1,-0.19738055263640672
CSF,HC,HC,PST45044,GSM4104132_TACCTATAGTCTCCTC-1,-0.3013973884643409
CSF,HC,HC,PST45044,GSM4104132_TACCTTAAGACTAGAT-1,0.042890598990614585
CSF,HC,HC,PST45044,GSM4104132_TACCTTAAGGACTGGT-1,0.3646719299090246
CSF,HC,HC,PST45044,GSM4104132_TACCTTACAAAGTCAA-1,-0.3013973884643409
CSF,HC,HC,PST45044,GSM4104132_TACCTTATCCCTCAGT-1,-0.05627712275972454
CSF,HC,HC,PST45044,GSM4104132_TACGGATAGTCACGCC-1,0.3812870037675119
CSF,HC,HC,PST45044,GSM4104132_TACTCATCAGACGTAG-1,-0.13889438877945137
CSF,HC,HC,PST45044,GSM4104132_TACTCATTCGCGTAGC-1,0.051774211385516127
CSF,HC,HC,PST45044,GSM4104132_TACTCGCAGATACACA-1,0.27337360258090404
CSF,HC,HC,PST45044,GSM4104132_TACTCGCCAGGAATGC-1,-0.3013973884643409
CSF,HC,HC,PST45044,GSM4104132_TACTCGCGTTACTGAC-1,0.16649784318768932
CSF,HC,HC,PST45044,GSM4104132_TACTCGCTCTGTCCGT-1,0.3376004011878559
CSF,HC,HC,PST45044,GSM4104132_TACTTACAGCTCAACT-1,0.3166022303702269
CSF,HC,HC,PST45044,GSM4104132_TACTTGTGTCTCTCGT-1,0.11756458839908746
CSF,HC,HC,PST45044,GSM4104132_TACTTGTTCACTCCTG-1,-0.3013973884643409
CSF,HC,HC,PST45044,GSM4104132_TAGACCAAGAAGGCCT-1,0.040359922012114295
CSF,HC,HC,PST45044,GSM4104132_TAGACCAGTGCTGTAT-1,-0.3013973884643409
CSF,HC,HC,PST45044,GSM4104132_TAGAGCTAGCTGTCTA-1,0.07308427117487905
CSF,HC,HC,PST45044,GSM4104132_TAGCCGGAGTGACTCT-1,-0.15849893219631736
CSF,HC,HC,PST45044,GSM4104132_TAGCCGGCAAGCTGAG-1,-0.3013973884643409
CSF,HC,HC,PST45044,GSM4104132_TAGCCGGCATCTGGTA-1,-0.13563289950591265
CSF,HC,HC,PST45044,GSM4104132_TAGGCATGTCATGCCG-1,0.275903261276198
CSF,HC,HC,PST45044,GSM4104132_TAGTGGTGTTAGGGTG-1,0.18570924697833718
CSF,HC,HC,PST45044,GSM4104132_TAGTGGTTCGGGAGTA-1,0.02297017863597735
CSF,HC,HC,PST45044,GSM4104132_TAGTTGGAGTTGAGAT-1,0.09660449076959433
CSF,HC,HC,PST45044,GSM4104132_TAGTTGGCAATCTGCA-1,0.5889818759361358
CSF,HC,HC,PST45044,GSM4104132_TAGTTGGTCCGTCAAA-1,-0.3013973884643409
CSF,HC,HC,PST45044,GSM4104132_TATCAGGGTAAAGGAG-1,-0.186489082525877
CSF,HC,HC,PST45044,GSM4104132_TATCAGGGTGATAAGT-1,0.0323013165165804
CSF,HC,HC,PST45044,GSM4104132_TATCTCACACGTTGGC-1,0.6571377503768234
CSF,HC,HC,PST45044,GSM4104132_TATCTCAGTCATTAGC-1,0.5656961403370423
CSF,HC,HC,PST45044,GSM4104132_TATGCCCCATTGGCGC-1,-0.10811813585959917
CSF,HC,HC,PST45044,GSM4104132_TATTACCCAGGCAGTA-1,0.4487542314766874
CSF,HC,HC,PST45044,GSM4104132_TATTACCGTGGTACAG-1,0.2618522364231996
CSF,HC,HC,PST45044,GSM4104132_TCAATCTCAATCAGAA-1,-0.0636993331287119
CSF,HC,HC,PST45044,GSM4104132_TCAATCTCACCGCTAG-1,0.1858344611077786
CSF,HC,HC,PST45044,GSM4104132_TCACGAAAGGTTCCTA-1,-0.3013973884643409
CSF,HC,HC,PST45044,GSM4104132_TCACGAAAGTTCGATC-1,-0.1273262090851225
CSF,HC,HC,PST45044,GSM4104132_TCAGATGAGCATGGCA-1,0.3998652058569569
CSF,HC,HC,PST45044,GSM4104132_TCAGCAAGTACAAGTA-1,0.0042002755235948175
CSF,HC,HC,PST45044,GSM4104132_TCAGCAAGTCAACATC-1,0.15162750427913238
CSF,HC,HC,PST45044,GSM4104132_TCAGCTCAGTCAAGCG-1,-0.18745144913939632
CSF,HC,HC,PST45044,GSM4104132_TCAGCTCCAAGCTGAG-1,0.5240693141631921
CSF,HC,HC,PST45044,GSM4104132_TCAGCTCTCCTCAATT-1,0.905475926045278
CSF,HC,HC,PST45044,GSM4104132_TCAGCTCTCTAAGCCA-1,-0.14579021628490516
CSF,HC,HC,PST45044,GSM4104132_TCAGGTACATCGGAAG-1,0.2787505052627481
CSF,HC,HC,PST45044,GSM4104132_TCATTACAGTGGAGAA-1,0.6402548397598294
CSF,HC,HC,PST45044,GSM4104132_TCATTACGTTACAGAA-1,-0.08008451282724993
CSF,HC,HC,PST45044,GSM4104132_TCATTACTCAGGATCT-1,-0.19899816518128113
CSF,HC,HC,PST45044,GSM4104132_TCCACACAGGAGCGTT-1,-0.06606807219814022
CSF,HC,HC,PST45044,GSM4104132_TCCACACAGGGATACC-1,-0.09533065994859305
CSF,HC,HC,PST45044,GSM4104132_TCCCGATAGATCGATA-1,-0.3013973884643409
CSF,HC,HC,PST45044,GSM4104132_TCCCGATAGCAAATCA-1,0.0009831296200719017
CSF,HC,HC,PST45044,GSM4104132_TCCCGATCACGAAACG-1,0.3688940046370727
CSF,HC,HC,PST45044,GSM4104132_TCGCGAGCAAGTTAAG-1,0.08226819137186947
CSF,HC,HC,PST45044,GSM4104132_TCGCGTTAGCAAATCA-1,-0.03404021016381758
CSF,HC,HC,PST45044,GSM4104132_TCGCGTTAGTTGAGAT-1,-0.2152692843016457
CSF,HC,HC,PST45044,GSM4104132_TCGCGTTCAATGGACG-1,0.017437008634101452
CSF,HC,HC,PST45044,GSM4104132_TCGCGTTGTTTAGCTG-1,0.286661696050277
CSF,HC,HC,PST45044,GSM4104132_TCGCGTTTCCTATGTT-1,-0.3013973884643409
CSF,HC,HC,PST45044,GSM4104132_TCGGTAACACGAGGTA-1,0.19947750104582956
CSF,HC,HC,PST45044,GSM4104132_TCGGTAACATGGATGG-1,0.10364042894591732
CSF,HC,HC,PST45044,GSM4104132_TCGGTAAGTTTGGGCC-1,-0.19202849933528882
CSF,HC,HC,PST45044,GSM4104132_TCGGTAATCTCGGACG-1,0.19817527432659657
CSF,HC,HC,PST45044,GSM4104132_TCGTAGACAGCCTGTG-1,0.6641585050974713
CSF,HC,HC,PST45044,GSM4104132_TCGTAGATCGCTTAGA-1,0.4864989881671717
CSF,HC,HC,PST45044,GSM4104132_TCTCTAAAGCCCAATT-1,-0.04634364521109545
CSF,HC,HC,PST45044,GSM4104132_TCTCTAACACAGGCCT-1,0.3895431485526281
CSF,HC,HC,PST45044,GSM4104132_TCTCTAAGTTGAACTC-1,0.2087080069439812
CSF,HC,HC,PST45044,GSM4104132_TCTGAGACACTAGTAC-1,0.39930381549241206
CSF,HC,HC,PST45044,GSM4104132_TCTGGAAAGATATGGT-1,0.5206916875509333
CSF,HC,HC,PST45044,GSM4104132_TCTTTCCAGCCTCGTG-1,0.11161636936713691
CSF,HC,HC,PST45044,GSM4104132_TCTTTCCTCCCAAGAT-1,0.9503137411875197
CSF,HC,HC,PST45044,GSM4104132_TCTTTCCTCTTCATGT-1,-0.13032689005761877
CSF,HC,HC,PST45044,GSM4104132_TGACAACCAAGTTCTG-1,0.2823509640210954
CSF,HC,HC,PST45044,GSM4104132_TGACAACCATCCGGGT-1,0.029438851849670686
CSF,HC,HC,PST45044,GSM4104132_TGACAACTCATCATTC-1,0.04592691654986721
CSF,HC,HC,PST45044,GSM4104132_TGACAACTCTACTCAT-1,0.11500061923496063
CSF,HC,HC,PST45044,GSM4104132_TGACGGCAGGGTTCCC-1,0.005601388116362492
CSF,HC,HC,PST45044,GSM4104132_TGACGGCGTTACTGAC-1,-0.3013973884643409
CSF,HC,HC,PST45044,GSM4104132_TGACTTTAGTGGGATC-1,-0.11680986934724791
CSF,HC,HC,PST45044,GSM4104132_TGAGCATTCATCGCTC-1,-0.3013973884643409
CSF,HC,HC,PST45044,GSM4104132_TGAGCCGAGGCGATAC-1,-0.017842161855222166
CSF,HC,HC,PST45044,GSM4104132_TGAGCCGCAAGACACG-1,-0.010818293605466458
CSF,HC,HC,PST45044,GSM4104132_TGAGGGACAGCTCGCA-1,0.7455875878168524
CSF,HC,HC,PST45044,GSM4104132_TGAGGGAGTTTGACTG-1,0.3619371412180527
CSF,HC,HC,PST45044,GSM4104132_TGATTTCTCACCTTAT-1,0.32240316873750874
CSF,HC,HC,PST45044,GSM4104132_TGCCAAACAAGGACTG-1,0.027824043501035733
CSF,HC,HC,PST45044,GSM4104132_TGCCAAACATCGGTTA-1,0.14021233619318862
CSF,HC,HC,PST45044,GSM4104132_TGCCAAAGTGATGCCC-1,-0.043662218521536164
CSF,HC,HC,PST45044,GSM4104132_TGCCAAATCAGTTTGG-1,-0.16935659644399653
CSF,HC,HC,PST45044,GSM4104132_TGCCCATCACGTGAGA-1,-0.17699582812227987
CSF,HC,HC,PST45044,GSM4104132_TGCCCATGTCTCCATC-1,0.07640654533995943
CSF,HC,HC,PST45044,GSM4104132_TGCCCTATCTTCGGTC-1,-0.3013973884643409
CSF,HC,HC,PST45044,GSM4104132_TGCGCAGAGGTCATCT-1,0.022894266268172973
CSF,HC,HC,PST45044,GSM4104132_TGCGGGTCATGCCACG-1,0.08395610357343598
CSF,HC,HC,PST45044,GSM4104132_TGCGGGTGTTTGTTTC-1,0.0797328584928896
CSF,HC,HC,PST45044,GSM4104132_TGCGGGTTCTGTCTAT-1,-0.11832974801843583
CSF,HC,HC,PST45044,GSM4104132_TGCTACCTCACGGTTA-1,-0.3013973884643409
CSF,HC,HC,PST45044,GSM4104132_TGGACGCAGGGCACTA-1,-0.1791699425834324
CSF,HC,HC,PST45044,GSM4104132_TGGACGCGTCGACTGC-1,0.09974758683944955
CSF,HC,HC,PST45044,GSM4104132_TGGCCAGTCGAATGGG-1,-0.3013973884643409
CSF,HC,HC,PST45044,GSM4104132_TGGGAAGCAAACGTGG-1,1.0606080199641281
CSF,HC,HC,PST45044,GSM4104132_TGGGAAGGTAGAGCTG-1,-0.3013973884643409
CSF,HC,HC,PST45044,GSM4104132_TGGGAAGGTCAATGTC-1,-0.3013973884643409
CSF,HC,HC,PST45044,GSM4104132_TGGGCGTTCGCAAACT-1,-0.3013973884643409
CSF,HC,HC,PST45044,GSM4104132_TGGTTAGAGCGTGTCC-1,-0.049090368725628754
CSF,HC,HC,PST45044,GSM4104132_TGGTTAGCATTAACCG-1,-0.3013973884643409
CSF,HC,HC,PST45044,GSM4104132_TGGTTAGGTCTCGTTC-1,1.077409476021989
CSF,HC,HC,PST45044,GSM4104132_TGTCCCATCATATCGG-1,0.23940068312340435
CSF,HC,HC,PST45044,GSM4104132_TGTGGTAAGGGAGTAA-1,0.42260486732663866
CSF,HC,HC,PST45044,GSM4104132_TGTGGTAGTTCCACGG-1,0.10018581366521719
CSF,HC,HC,PST45044,GSM4104132_TGTGTTTCATTGCGGC-1,-0.12354052831194105
CSF,HC,HC,PST45044,GSM4104132_TGTTCCGAGGCAATTA-1,-0.08487808076792079
CSF,HC,HC,PST45044,GSM4104132_TGTTCCGCAATCTGCA-1,0.21111223998354514
CSF,HC,HC,PST45044,GSM4104132_TGTTCCGCAGCAGTTT-1,-0.18817764924073085
CSF,HC,HC,PST45044,GSM4104132_TGTTCCGTCTCGATGA-1,0.2692678750491356
CSF,HC,HC,PST45044,GSM4104132_TTAACTCCACTCGACG-1,-0.3013973884643409
CSF,HC,HC,PST45044,GSM4104132_TTAACTCGTCGGGTCT-1,-0.18679874543407277
CSF,HC,HC,PST45044,GSM4104132_TTAGGACCATGAAGTA-1,-0.09841576612955524
CSF,HC,HC,PST45044,GSM4104132_TTATGCTTCGCAGGCT-1,-0.3013973884643409
CSF,HC,HC,PST45044,GSM4104132_TTCCCAGGTGTGGTTT-1,-0.15143733109859378
CSF,HC,HC,PST45044,GSM4104132_TTCGAAGTCTGCGTAA-1,0.38361467846373193
CSF,HC,HC,PST45044,GSM4104132_TTCTACACATCCAACA-1,-0.3013973884643409
CSF,HC,HC,PST45044,GSM4104132_TTCTACATCCAGGGCT-1,0.09751590461049138
CSF,HC,HC,PST45044,GSM4104132_TTCTCAACAAACTGTC-1,-0.3013973884643409
CSF,HC,HC,PST45044,GSM4104132_TTCTCAACACTTCTGC-1,-0.3013973884643409
CSF,HC,HC,PST45044,GSM4104132_TTCTCAATCTCTTGAT-1,0.05924726969505388
CSF,HC,HC,PST45044,GSM4104132_TTCTCCTCAACGCACC-1,0.1911120386934036
CSF,HC,HC,PST45044,GSM4104132_TTCTCCTCACATGGGA-1,-0.20326334490250972
CSF,HC,HC,PST45044,GSM4104132_TTCTTAGTCGGATGGA-1,-0.15195347274927748
CSF,HC,HC,PST45044,GSM4104132_TTCTTAGTCGTTTATC-1,0.0378836577618133
CSF,HC,HC,PST45044,GSM4104132_TTGAACGAGGTGCACA-1,-0.12937826282319362
CSF,HC,HC,PST45044,GSM4104132_TTGACTTCAAGAGGCT-1,0.7905951731895807
CSF,HC,HC,PST45044,GSM4104132_TTGACTTTCTGGTTCC-1,-0.2148249499974089
CSF,HC,HC,PST45044,GSM4104132_TTGCCGTAGAAGGTTT-1,0.15433307384540468
CSF,HC,HC,PST45044,GSM4104132_TTGCCGTAGACCCACC-1,-0.14051574502403577
CSF,HC,HC,PST45044,GSM4104132_TTGCCGTTCGGCGGTT-1,0.12045168703077518
CSF,HC,HC,PST45044,GSM4104132_TTGCGTCCATCGACGC-1,0.08272062501225279
CSF,HC,HC,PST45044,GSM4104132_TTGGAACAGATCGATA-1,0.08600989102328964
CSF,HC,HC,PST45044,GSM4104132_TTGGAACGTAGCACGA-1,-0.08972194580223718
CSF,HC,HC,PST45044,GSM4104132_TTGGAACGTGACAAAT-1,0.035528643790588794
CSF,HC,HC,PST45044,GSM4104132_TTGGAACTCCCTGACT-1,0.005373564615067756
CSF,HC,HC,PST45044,GSM4104132_TTGGCAAAGCTGTCTA-1,-0.3013973884643409
CSF,HC,HC,PST45044,GSM4104132_TTGGCAATCACTATTC-1,-0.2049326197918295
CSF,HC,HC,PST45044,GSM4104132_TTTACTGAGATGTAAC-1,-0.160488057924591
CSF,HC,HC,PST45044,GSM4104132_TTTATGCGTTGGTAAA-1,0.49581135460540254
CSF,HC,HC,PST45044,GSM4104132_TTTCCTCTCCCTCAGT-1,0.5678563618032102
CSF,HC,HC,PST45044,GSM4104132_TTTGCGCGTTCCCTTG-1,0.09960360822593886
CSF,HC,HC,PST45044,GSM4104132_TTTGGTTGTCGGCTCA-1,-0.17341305908918145
CSF,HC,HC,PST45044,GSM4104132_TTTGTCAAGCCACGTC-1,0.15984357424355872
CSF,HC,HC,PST45044,GSM4104132_TTTGTCAAGTACGTTC-1,-0.15691383069353712
CSF,HC,HC,PST45044,GSM4104132_TTTGTCAGTGGTCTCG-1,0.8368605087399124
CSF,HC,HC,PST83775,GSM4104128_AATCCAGTCTTACCGC-1,-0.029412255753822728
CSF,HC,HC,PST83775,GSM4104128_ACAGCCGAGAAACCGC-1,0.07934867504498681
CSF,HC,HC,PST83775,GSM4104128_ACGAGCCCATATGCTG-1,-0.3013973884643409
CSF,HC,HC,PST83775,GSM4104128_ACGCAGCCAGATCTGT-1,0.003089016047505135
CSF,HC,HC,PST83775,GSM4104128_ACTGAACGTAAATGAC-1,-0.10503445490203625
CSF,HC,HC,PST83775,GSM4104128_ACTGTCCAGTCAATAG-1,-0.3013973884643409
CSF,HC,HC,PST83775,GSM4104128_ACTTACTTCCCTTGTG-1,-0.3013973884643409
CSF,HC,HC,PST83775,GSM4104128_AGCAGCCCAAGTAGTA-1,-0.3013973884643409
CSF,HC,HC,PST83775,GSM4104128_AGCGGTCAGACAATAC-1,-0.3013973884643409
CSF,HC,HC,PST83775,GSM4104128_AGCGTCGCACTTGGAT-1,-0.20118911310184195
CSF,HC,HC,PST83775,GSM4104128_AGCTCTCTCAAACCGT-1,0.114472105917766
CSF,HC,HC,PST83775,GSM4104128_ATCATGGGTTGCCTCT-1,-0.209364849588104
CSF,HC,HC,PST83775,GSM4104128_ATTGGTGCATTACCTT-1,-0.3013973884643409
CSF,HC,HC,PST83775,GSM4104128_ATTTCTGAGAGGACGG-1,-0.1731394752797348
CSF,HC,HC,PST83775,GSM4104128_CACCTTGGTCAACTGT-1,0.7519903155661528
CSF,HC,HC,PST83775,GSM4104128_CAGATCACATGAGCGA-1,-0.3013973884643409
CSF,HC,HC,PST83775,GSM4104128_CAGATCAGTCAATACC-1,-0.03871835068217157
CSF,HC,HC,PST83775,GSM4104128_CAGCCGACAAGGACAC-1,-0.11032736050495609
CSF,HC,HC,PST83775,GSM4104128_CAGCGACAGAGTGACC-1,-0.11809151654502097
CSF,HC,HC,PST83775,GSM4104128_CATATGGTCGGATGGA-1,-0.14667701539079786
CSF,HC,HC,PST83775,GSM4104128_CATATTCCACAGGTTT-1,-0.002103536728898054
CSF,HC,HC,PST83775,GSM4104128_CATCAAGCACAACGCC-1,-0.3013973884643409
CSF,HC,HC,PST83775,GSM4104128_CATCAAGCAGCGTTCG-1,-0.17675352600553015
CSF,HC,HC,PST83775,GSM4104128_CATCAAGCATTGCGGC-1,0.24837301175923562
CSF,HC,HC,PST83775,GSM4104128_CATTATCCACTGTTAG-1,-0.3013973884643409
CSF,HC,HC,PST83775,GSM4104128_CCCATACAGGCATGTG-1,-0.3013973884643409
CSF,HC,HC,PST83775,GSM4104128_CGAACATAGGCATGTG-1,-0.3013973884643409
CSF,HC,HC,PST83775,GSM4104128_CGGAGCTAGGATATAC-1,-0.3013973884643409
CSF,HC,HC,PST83775,GSM4104128_CGTCACTTCCAAATGC-1,0.10778405770301823
CSF,HC,HC,PST83775,GSM4104128_CTACATTAGCACGCCT-1,0.5214449694365454
CSF,HC,HC,PST83775,GSM4104128_CTAGTGAAGCCTTGAT-1,0.21344649776315336
CSF,HC,HC,PST83775,GSM4104128_CTCGAAATCTGCCCTA-1,-0.3013973884643409
CSF,HC,HC,PST83775,GSM4104128_CTCGGGAAGCGCCTCA-1,0.5953662095654566
CSF,HC,HC,PST83775,GSM4104128_CTCGTCAAGAGGGATA-1,-0.18186062085429103
CSF,HC,HC,PST83775,GSM4104128_CTCTGGTCAAAGCGGT-1,0.01217494162081816
CSF,HC,HC,PST83775,GSM4104128_CTGCCTATCTGGTGTA-1,-0.3013973884643409
CSF,HC,HC,PST83775,GSM4104128_CTGCTGTTCGCAAACT-1,0.374858619977853
CSF,HC,HC,PST83775,GSM4104128_CTGTTTAGTGTTTGGT-1,-0.14201779098804776
CSF,HC,HC,PST83775,GSM4104128_GAAACTCAGTTGTCGT-1,-0.07837687195946844
CSF,HC,HC,PST83775,GSM4104128_GAAATGAGTTCGTGAT-1,0.02771984486627354
CSF,HC,HC,PST83775,GSM4104128_GAACATCGTATATGAG-1,-0.3013973884643409
CSF,HC,HC,PST83775,GSM4104128_GAACATCGTCTAGCGC-1,-0.002806218332158978
CSF,HC,HC,PST83775,GSM4104128_GACTAACCATGAACCT-1,-0.14531120832150593
CSF,HC,HC,PST83775,GSM4104128_GAGTCCGAGCTAGCCC-1,0.10143403459979879
CSF,HC,HC,PST83775,GSM4104128_GATCGATGTGGTACAG-1,-0.3013973884643409
CSF,HC,HC,PST83775,GSM4104128_GCCAAATAGGCTACGA-1,0.36338524939609934
CSF,HC,HC,PST83775,GSM4104128_GCGCAGTAGCGACGTA-1,0.027674232238125453
CSF,HC,HC,PST83775,GSM4104128_GGAAAGCCACCACCAG-1,0.06585643336131605
CSF,HC,HC,PST83775,GSM4104128_GGAATAAGTAGCGCAA-1,-0.13665129108691623
CSF,HC,HC,PST83775,GSM4104128_GGCGTGTAGTGGAGAA-1,-0.09645100406809967
CSF,HC,HC,PST83775,GSM4104128_GGGATGATCTTAGAGC-1,-0.13667484496929816
CSF,HC,HC,PST83775,GSM4104128_GTCAAGTCAGAGTGTG-1,-0.14059342651630863
CSF,HC,HC,PST83775,GSM4104128_GTCACGGAGTTGTCGT-1,-0.3013973884643409
CSF,HC,HC,PST83775,GSM4104128_GTTAAGCCAATGGACG-1,-0.1799852010470653
CSF,HC,HC,PST83775,GSM4104128_TAAACCGGTACCGTAT-1,-0.3013973884643409
CSF,HC,HC,PST83775,GSM4104128_TACCTTATCACTTCAT-1,-0.09959705661722307
CSF,HC,HC,PST83775,GSM4104128_TACTCATGTCTGCAAT-1,-0.12358612649918876
CSF,HC,HC,PST83775,GSM4104128_TACTCGCAGCGCTTAT-1,-0.3013973884643409
CSF,HC,HC,PST83775,GSM4104128_TACTTGTGTTGGTGGA-1,0.3242516371402441
CSF,HC,HC,PST83775,GSM4104128_TATCAGGCAATAGCGG-1,-0.16458667917756825
CSF,HC,HC,PST83775,GSM4104128_TCGCGAGCAGTGAGTG-1,0.2145634904561446
CSF,HC,HC,PST83775,GSM4104128_TCTCATAAGACAAGCC-1,0.05177785725061103
CSF,HC,HC,PST83775,GSM4104128_TCTCATAAGCCACGTC-1,-0.0565181023431971
CSF,HC,HC,PST83775,GSM4104128_TCTGGAATCCTAGGGC-1,-0.05698859995500955
CSF,HC,HC,PST83775,GSM4104128_TGAAAGATCTATCCTA-1,-0.3013973884643409
CSF,HC,HC,PST83775,GSM4104128_TGACTTTTCTGCCAGG-1,-0.3013973884643409
CSF,HC,HC,PST83775,GSM4104128_TGCGCAGCAATCCGAT-1,-0.3013973884643409
CSF,HC,HC,PST83775,GSM4104128_TGGCTGGGTCATCGGC-1,-0.09015224315444904
CSF,HC,HC,PST83775,GSM4104128_TGTATTCAGCTCCCAG-1,0.10290173411041112
CSF,HC,HC,PST83775,GSM4104128_TGTATTCCACCATCCT-1,-0.08639318363432812
CSF,HC,HC,PST83775,GSM4104128_TGTGGTAAGCAGACTG-1,-0.3013973884643409
CSF,HC,HC,PST83775,GSM4104128_TTAACTCTCCCTAATT-1,-0.3013973884643409
CSF,HC,HC,PST83775,GSM4104128_TTGACTTAGCCTCGTG-1,-0.16506923413461475
PB,HC,HC,PST83775,GSM4104139_AAATGCCGTTACGTCA-1,-0.11117597816249612
PB,HC,HC,PST83775,GSM4104139_AACACGTAGGTGATTA-1,-0.12312952370649195
PB,HC,HC,PST83775,GSM4104139_AACCATGTCGTACGGC-1,-0.03918120296427963
PB,HC,HC,PST83775,GSM4104139_AACCGCGCATACGCCG-1,-0.3013973884643409
PB,HC,HC,PST83775,GSM4104139_AACGTTGCATCATCCC-1,-0.025448886161521123
PB,HC,HC,PST83775,GSM4104139_ACACCCTTCGGCCGAT-1,-0.3013973884643409
PB,HC,HC,PST83775,GSM4104139_ACACTGATCTGTGCAA-1,-0.055125320519699365
PB,HC,HC,PST83775,GSM4104139_ACATGGTTCTTCAACT-1,-0.3013973884643409
PB,HC,HC,PST83775,GSM4104139_ACGGAGAGTTCACGGC-1,0.12454347802098518
PB,HC,HC,PST83775,GSM4104139_ACGGGTCAGCAGACTG-1,-0.1916377214604428
PB,HC,HC,PST83775,GSM4104139_ACTGCTCGTCGCCATG-1,-0.13049842794777228
PB,HC,HC,PST83775,GSM4104139_AGAGCGATCTTCGAGA-1,-0.3013973884643409
PB,HC,HC,PST83775,GSM4104139_AGAGTGGGTCCATGAT-1,0.164000433637259
PB,HC,HC,PST83775,GSM4104139_AGCCTAATCCTTCAAT-1,-0.046838902757322255
PB,HC,HC,PST83775,GSM4104139_AGCGTATAGAAGGCCT-1,-0.3013973884643409
PB,HC,HC,PST83775,GSM4104139_AGGGATGTCTACGAGT-1,0.03646977438198072
PB,HC,HC,PST83775,GSM4104139_AGGGTGAGTGCTCTTC-1,-0.3013973884643409
PB,HC,HC,PST83775,GSM4104139_AGTGTCAAGGAGTTTA-1,-0.13544782013675616
PB,HC,HC,PST83775,GSM4104139_ATGGGAGAGTAGGTGC-1,-0.17641400837835408
PB,HC,HC,PST83775,GSM4104139_ATTTCTGAGAGCTGGT-1,-0.23538580526520872
PB,HC,HC,PST83775,GSM4104139_CACCAGGGTCAGCTAT-1,0.21275594098824563
PB,HC,HC,PST83775,GSM4104139_CACTCCAGTCTACCTC-1,0.5197083783416249
PB,HC,HC,PST83775,GSM4104139_CAGATCAGTAGCGCAA-1,-0.18667147157987282
PB,HC,HC,PST83775,GSM4104139_CAGCATAGTCTCTCGT-1,0.38332108661924613
PB,HC,HC,PST83775,GSM4104139_CCACCTAAGTGGTAAT-1,-0.1868350506021044
PB,HC,HC,PST83775,GSM4104139_CCCTCCTAGCTGGAAC-1,0.4346155161484858
PB,HC,HC,PST83775,GSM4104139_CCGGGATGTTACGCGC-1,-0.3013973884643409
PB,HC,HC,PST83775,GSM4104139_CCTACACCACAAGACG-1,-0.3013973884643409
PB,HC,HC,PST83775,GSM4104139_CCTTCCCTCATGTCTT-1,-0.3013973884643409
PB,HC,HC,PST83775,GSM4104139_CCTTCGACACATTCGA-1,-0.0486741290128215
PB,HC,HC,PST83775,GSM4104139_CGTCACTAGGCTATCT-1,-0.3013973884643409
PB,HC,HC,PST83775,GSM4104139_CTACATTCAAGGTGTG-1,-0.08808805380331675
PB,HC,HC,PST83775,GSM4104139_CTCCTAGCAAGCTGAG-1,-0.3013973884643409
PB,HC,HC,PST83775,GSM4104139_CTCGTACAGCACCGCT-1,-0.3013973884643409
PB,HC,HC,PST83775,GSM4104139_CTTGGCTGTAGGGACT-1,0.14589843402981076
PB,HC,HC,PST83775,GSM4104139_GAAATGAAGTCAATAG-1,-0.3013973884643409
PB,HC,HC,PST83775,GSM4104139_GACGCGTTCCGGGTGT-1,0.03608280563833331
PB,HC,HC,PST83775,GSM4104139_GACGTGCTCACGCATA-1,-0.16656021100032045
PB,HC,HC,PST83775,GSM4104139_GCAGCCATCCCTCTTT-1,0.09906749692179982
PB,HC,HC,PST83775,GSM4104139_GCGAGAACAGCTTAAC-1,-0.08555460974786136
PB,HC,HC,PST83775,GSM4104139_GCGCAGTGTCTCTTAT-1,-0.3013973884643409
PB,HC,HC,PST83775,GSM4104139_GCGCCAAAGGTGCTTT-1,-0.3013973884643409
PB,HC,HC,PST83775,GSM4104139_GGGCACTAGTCCATAC-1,-0.3013973884643409
PB,HC,HC,PST83775,GSM4104139_GTCAAGTTCGCCGTGA-1,-0.028296409552970362
PB,HC,HC,PST83775,GSM4104139_GTTCATTCAGCATACT-1,-0.3013973884643409
PB,HC,HC,PST83775,GSM4104139_TACGGATCAGTCCTTC-1,0.1907691234197179
PB,HC,HC,PST83775,GSM4104139_TAGTGGTGTAGCCTAT-1,-0.17584055692379014
PB,HC,HC,PST83775,GSM4104139_TCCCGATAGCTGATAA-1,-0.3013973884643409
PB,HC,HC,PST83775,GSM4104139_TCTTCGGAGAGCTGGT-1,-0.04803168486623084
PB,HC,HC,PST83775,GSM4104139_TGACGGCCAGCTGCTG-1,-0.3013973884643409
PB,HC,HC,PST83775,GSM4104139_TGAGCATCATGGAATA-1,-0.05059562899073111
PB,HC,HC,PST83775,GSM4104139_TGCACCTTCAGCTCTC-1,-0.3013973884643409
PB,HC,HC,PST83775,GSM4104139_TGCCAAATCACTCTTA-1,-0.3013973884643409
PB,HC,HC,PST83775,GSM4104139_TGGCCAGCAGTAAGCG-1,-0.04310259973815024
PB,HC,HC,PST83775,GSM4104139_TGGTTCCGTCCGAAGA-1,-0.04250183419691283
PB,HC,HC,PST83775,GSM4104139_TTAACTCGTTGGTTTG-1,-0.3013973884643409
PB,HC,HC,PST83775,GSM4104139_TTATGCTCACGTTGGC-1,-0.3013973884643409
PB,HC,HC,PST83775,GSM4104139_TTCTTAGTCCAACCAA-1,0.007005826777804845
PB,HC,HC,PST83775,GSM4104139_TTGAACGCATCCCACT-1,-0.017002606187705164
PB,HC,HC,PST83775,GSM4104139_TTTACTGGTTGAACTC-1,0.048135729778943925
PB,HC,HC,PST83775,GSM4104139_TTTATGCGTGTATGGG-1,-0.172790651800137
PB,HC,HC,PST95809,GSM4104141_AAAGTAGAGTAGATGT-1,-0.3013973884643409
PB,HC,HC,PST95809,GSM4104141_ACCAGTAAGAAGGACA-1,-0.3013973884643409
PB,HC,HC,PST95809,GSM4104141_ACGATACGTCGTTGTA-1,0.29188923977981257
PB,HC,HC,PST95809,GSM4104141_ACGCCAGAGTTCGCGC-1,-0.3013973884643409
PB,HC,HC,PST95809,GSM4104141_ACTTTCACAAGCTGAG-1,-0.044243798086576414
PB,HC,HC,PST95809,GSM4104141_ACTTTCATCCGGGTGT-1,-0.1301850264907941
PB,HC,HC,PST95809,GSM4104141_ACTTTCATCTCTAGGA-1,-0.1558648050586677
PB,HC,HC,PST95809,GSM4104141_AGGCCACGTCCATCCT-1,0.015107035958626629
PB,HC,HC,PST95809,GSM4104141_AGGTCCGGTCTAGCGC-1,0.748727734379918
PB,HC,HC,PST95809,GSM4104141_ATCACGAGTAAGCACG-1,0.20804303930449988
PB,HC,HC,PST95809,GSM4104141_ATCCACCAGACATAAC-1,0.08336489060765283
PB,HC,HC,PST95809,GSM4104141_ATGAGGGTCACAGTAC-1,-0.3013973884643409
PB,HC,HC,PST95809,GSM4104141_ATTACTCCAATGGACG-1,-0.3013973884643409
PB,HC,HC,PST95809,GSM4104141_ATTGGACAGACAAAGG-1,0.09932737488745234
PB,HC,HC,PST95809,GSM4104141_ATTGGACGTTACAGAA-1,0.17599604129642105
PB,HC,HC,PST95809,GSM4104141_CACAGGCGTACTCGCG-1,0.32392385842868404
PB,HC,HC,PST95809,GSM4104141_CACCACTAGAGTACAT-1,-0.3013973884643409
PB,HC,HC,PST95809,GSM4104141_CAGCTAAGTAGCTTGT-1,-0.3013973884643409
PB,HC,HC,PST95809,GSM4104141_CCACTACCAGTCTTCC-1,0.2959510056722682
PB,HC,HC,PST95809,GSM4104141_CCGGGATAGCAACGGT-1,-0.3013973884643409
PB,HC,HC,PST95809,GSM4104141_CCGTACTGTACTCTCC-1,-0.038329947322831334
PB,HC,HC,PST95809,GSM4104141_CGAATGTCATGCAACT-1,-0.3013973884643409
PB,HC,HC,PST95809,GSM4104141_CGCGTTTTCACAGGCC-1,-0.15314073304661072
PB,HC,HC,PST95809,GSM4104141_CGTAGCGAGTCGTACT-1,-0.046132840684420064
PB,HC,HC,PST95809,GSM4104141_CGTCTACTCCGCTGTT-1,0.10253870149395387
PB,HC,HC,PST95809,GSM4104141_CGTGTCTAGGATATAC-1,0.19761703463847757
PB,HC,HC,PST95809,GSM4104141_CTAACTTAGGTGCACA-1,-0.3013973884643409
PB,HC,HC,PST95809,GSM4104141_CTACACCCATGACGGA-1,-0.3013973884643409
PB,HC,HC,PST95809,GSM4104141_CTAGTGAGTTAAGTAG-1,-0.3013973884643409
PB,HC,HC,PST95809,GSM4104141_CTGATAGCACCGCTAG-1,0.8512749547445359
PB,HC,HC,PST95809,GSM4104141_CTTAACTGTGTGCGTC-1,0.03173894149899876
PB,HC,HC,PST95809,GSM4104141_GCCTCTACACATGGGA-1,0.14699837251115078
PB,HC,HC,PST95809,GSM4104141_GCGCCAATCGTTTAGG-1,-0.3013973884643409
PB,HC,HC,PST95809,GSM4104141_GCTTGAACAACTTGAC-1,-0.1437461359547589
PB,HC,HC,PST95809,GSM4104141_GGAGCAATCCAAGTAC-1,0.29926501821177276
PB,HC,HC,PST95809,GSM4104141_GTACGTAGTACCGCTG-1,0.0633870935752623
PB,HC,HC,PST95809,GSM4104141_GTACTTTGTAAGGGAA-1,0.3100623910609198
PB,HC,HC,PST95809,GSM4104141_GTCACAAAGACACTAA-1,0.24110793429621127
PB,HC,HC,PST95809,GSM4104141_GTCATTTCAAAGAATC-1,-0.16968469800125893
PB,HC,HC,PST95809,GSM4104141_GTGCATACAAACAACA-1,-0.051328113753074014
PB,HC,HC,PST95809,GSM4104141_TAAACCGTCTTGCAAG-1,0.23671617569800743
PB,HC,HC,PST95809,GSM4104141_TACCTATGTTACCAGT-1,-0.3013973884643409
PB,HC,HC,PST95809,GSM4104141_TACCTTAGTCCGAACC-1,0.29938762464448654
PB,HC,HC,PST95809,GSM4104141_TACGGATGTCTCGTTC-1,-0.14417599637116005
PB,HC,HC,PST95809,GSM4104141_TACGGGCTCGAGGTAG-1,-0.16520575240677354
PB,HC,HC,PST95809,GSM4104141_TAGCCGGTCCTTGCCA-1,0.2194801235340814
PB,HC,HC,PST95809,GSM4104141_TATTACCGTACGAAAT-1,-0.18781460697187655
PB,HC,HC,PST95809,GSM4104141_TCAGGATAGAGATGAG-1,-0.3013973884643409
PB,HC,HC,PST95809,GSM4104141_TCATTACAGATACACA-1,0.11556299800583371
PB,HC,HC,PST95809,GSM4104141_TCATTACCACGAGAGT-1,0.2817478157319405
PB,HC,HC,PST95809,GSM4104141_TCGCGAGCAAACCTAC-1,0.29076651841222556
PB,HC,HC,PST95809,GSM4104141_TCTCATACAAGACGTG-1,0.3463215571782698
PB,HC,HC,PST95809,GSM4104141_TCTGAGAAGGGTATCG-1,-0.3013973884643409
PB,HC,HC,PST95809,GSM4104141_TCTTTCCTCTTTCCTC-1,0.01752710997289708
PB,HC,HC,PST95809,GSM4104141_TGAGCATCAGTCCTTC-1,0.09311310139539039
PB,HC,HC,PST95809,GSM4104141_TGCACCTGTATGGTTC-1,0.10979542537904981
PB,HC,HC,PST95809,GSM4104141_TGGACGCGTCAGAATA-1,-0.0981821764501435
PB,HC,HC,PST95809,GSM4104141_TGGCCAGGTCATCCCT-1,-0.3013973884643409
PB,HC,HC,PST95809,GSM4104141_TGGGAAGGTAATCACC-1,-0.3013973884643409
PB,HC,HC,PST95809,GSM4104141_TGGGAAGGTCTGGTCG-1,0.14898672376946823
PB,HC,HC,PST95809,GSM4104141_TTAACTCGTGTGCCTG-1,0.8224770619230088
PB,HC,HC,PST95809,GSM4104141_TTAGGCATCAACACAC-1,0.015801315282726658
PB,HC,HC,PST95809,GSM4104141_TTCTCCTAGTTCGCAT-1,-0.3013973884643409
PB,HC,HC,PST95809,GSM4104141_TTTGCGCTCCTGCCAT-1,-0.14684322675574593
PB,HC,HC,PST95809,GSM4104141_TTTGGTTTCAGTTGAC-1,-0.16351725595351113
CSF,HC,HC,PTC32190,GSM4104129_AAAGCAAGTCAATGTC-1,0.09486032522051956
CSF,HC,HC,PTC32190,GSM4104129_AAATGCCAGGTAAACT-1,-0.21130493460283242
CSF,HC,HC,PTC32190,GSM4104129_AACACGTAGACTAGAT-1,0.48670307287432973
CSF,HC,HC,PTC32190,GSM4104129_AACACGTAGCCACGTC-1,-0.013897610647397264
CSF,HC,HC,PTC32190,GSM4104129_AACACGTCATGTCTCC-1,-0.3013973884643409
CSF,HC,HC,PTC32190,GSM4104129_AACTCAGTCTAACTGG-1,-0.08349358633350776
CSF,HC,HC,PTC32190,GSM4104129_AACTCCCGTCGGCACT-1,0.6509644936608906
CSF,HC,HC,PTC32190,GSM4104129_AACTCTTCAAGGCTCC-1,-0.3013973884643409
CSF,HC,HC,PTC32190,GSM4104129_AAGGTTCTCACATGCA-1,-0.3013973884643409
CSF,HC,HC,PTC32190,GSM4104129_ACACCCTTCCCAAGTA-1,-0.3013973884643409
CSF,HC,HC,PTC32190,GSM4104129_ACACCGGGTTGGTAAA-1,-0.11422853705287604
CSF,HC,HC,PTC32190,GSM4104129_ACAGCCGCACAAGACG-1,0.2006192106369646
CSF,HC,HC,PTC32190,GSM4104129_ACAGCTATCTCAACTT-1,-0.3013973884643409
CSF,HC,HC,PTC32190,GSM4104129_ACCGTAAGTAAGTGGC-1,-0.3013973884643409
CSF,HC,HC,PTC32190,GSM4104129_ACCGTAAGTGCTGTAT-1,-0.3013973884643409
CSF,HC,HC,PTC32190,GSM4104129_ACCTTTATCCTAGGGC-1,0.0761243924139681
CSF,HC,HC,PTC32190,GSM4104129_ACGAGGAGTTATGTGC-1,0.6142085333531112
CSF,HC,HC,PTC32190,GSM4104129_ACGATGTAGCGATCCC-1,0.02488981329077709
CSF,HC,HC,PTC32190,GSM4104129_ACGATGTTCATCATTC-1,-0.05072734350978976
CSF,HC,HC,PTC32190,GSM4104129_ACGCCAGTCGCCCTTA-1,0.13617632319030384
CSF,HC,HC,PTC32190,GSM4104129_ACGGGTCCACGAGAGT-1,-0.17271929613534936
CSF,HC,HC,PTC32190,GSM4104129_ACTGTCCGTAATCGTC-1,-0.20375943188752377
CSF,HC,HC,PTC32190,GSM4104129_AGAGCGAGTCAGCTAT-1,-0.03897582323615242
CSF,HC,HC,PTC32190,GSM4104129_AGCATACAGTAATCCC-1,-0.09271140819358727
CSF,HC,HC,PTC32190,GSM4104129_AGGGATGGTCTCCACT-1,0.10421854310441239
CSF,HC,HC,PTC32190,GSM4104129_AGTAGTCAGCCCAATT-1,0.395201128779589
CSF,HC,HC,PTC32190,GSM4104129_AGTGGGATCCCTCAGT-1,-0.16710931959141936
CSF,HC,HC,PTC32190,GSM4104129_ATAACGCTCACTTCAT-1,-0.3013973884643409
CSF,HC,HC,PTC32190,GSM4104129_ATCACGACATTTCAGG-1,-0.3013973884643409
CSF,HC,HC,PTC32190,GSM4104129_ATCACGAGTCAGTGGA-1,-0.15496032399014834
CSF,HC,HC,PTC32190,GSM4104129_ATCATCTCATATACCG-1,-0.3013973884643409
CSF,HC,HC,PTC32190,GSM4104129_ATCCGAATCCGATATG-1,-0.3013973884643409
CSF,HC,HC,PTC32190,GSM4104129_ATGTGTGCACCAGGCT-1,0.018072704906337327
CSF,HC,HC,PTC32190,GSM4104129_CAAGGCCGTATAAACG-1,-0.040859282128003
CSF,HC,HC,PTC32190,GSM4104129_CAAGGCCGTATTAGCC-1,0.08395195087431119
CSF,HC,HC,PTC32190,GSM4104129_CAAGTTGAGAACTCGG-1,-0.03861524003236261
CSF,HC,HC,PTC32190,GSM4104129_CACACTCGTCCGAACC-1,-0.3013973884643409
CSF,HC,HC,PTC32190,GSM4104129_CACATAGAGCACAGGT-1,-0.11012525670682768
CSF,HC,HC,PTC32190,GSM4104129_CACCACTGTGCTTCTC-1,0.07097247328928934
CSF,HC,HC,PTC32190,GSM4104129_CACCACTTCCGCAAGC-1,0.0022851235766605843
CSF,HC,HC,PTC32190,GSM4104129_CAGATCAAGTCGAGTG-1,-0.15492721430781473
CSF,HC,HC,PTC32190,GSM4104129_CAGCAGCGTGTTCTTT-1,-0.04868699254841068
CSF,HC,HC,PTC32190,GSM4104129_CAGCATAGTCTTCTCG-1,0.057544678304570884
CSF,HC,HC,PTC32190,GSM4104129_CAGCATATCGGCTTGG-1,-0.038141077185215866
CSF,HC,HC,PTC32190,GSM4104129_CATATTCTCCAAAGTC-1,0.33153877984664526
CSF,HC,HC,PTC32190,GSM4104129_CATCAAGTCTATCGCC-1,-0.06000771794139709
CSF,HC,HC,PTC32190,GSM4104129_CATCGAACACCGATAT-1,-0.1673460610050755
CSF,HC,HC,PTC32190,GSM4104129_CATCGAATCGTTACAG-1,-0.13503424356336688
CSF,HC,HC,PTC32190,GSM4104129_CATCGGGAGCGTCTAT-1,-0.3013973884643409
CSF,HC,HC,PTC32190,GSM4104129_CATCGGGAGGTTACCT-1,-0.17921209953829362
CSF,HC,HC,PTC32190,GSM4104129_CATTCGCAGTGTGAAT-1,-0.0045504000290008196
CSF,HC,HC,PTC32190,GSM4104129_CATTCGCTCGGCCGAT-1,0.30309676367032123
CSF,HC,HC,PTC32190,GSM4104129_CCACGGAAGTTCGCGC-1,-0.17536680308748234
CSF,HC,HC,PTC32190,GSM4104129_CCACTACCAGGAATGC-1,-0.11413962477423907
CSF,HC,HC,PTC32190,GSM4104129_CCGGTAGCAATCGGTT-1,0.16093664423023535
CSF,HC,HC,PTC32190,GSM4104129_CCGGTAGTCTCACATT-1,-0.3013973884643409
CSF,HC,HC,PTC32190,GSM4104129_CCGTTCACAATCTACG-1,-0.06834426891802886
CSF,HC,HC,PTC32190,GSM4104129_CCTAAAGGTTCATGGT-1,0.47458750889399065
CSF,HC,HC,PTC32190,GSM4104129_CCTCAGTAGCTGATAA-1,1.2953725412142538
CSF,HC,HC,PTC32190,GSM4104129_CCTTCCCTCTTGCATT-1,-0.20119474327695258
CSF,HC,HC,PTC32190,GSM4104129_CGACCTTAGAATTGTG-1,-0.10996333713395069
CSF,HC,HC,PTC32190,GSM4104129_CGACCTTTCGCGCCAA-1,0.11603266158332906
CSF,HC,HC,PTC32190,GSM4104129_CGAGAAGAGGTCATCT-1,-0.3013973884643409
CSF,HC,HC,PTC32190,GSM4104129_CGAGAAGTCCATGAAC-1,-0.02720729165698549
CSF,HC,HC,PTC32190,GSM4104129_CGATCGGAGTCAAGCG-1,0.21017322877512257
CSF,HC,HC,PTC32190,GSM4104129_CGATCGGGTCATATCG-1,-0.08239648572899487
CSF,HC,HC,PTC32190,GSM4104129_CGATGGCTCTAACTCT-1,-0.3013973884643409
CSF,HC,HC,PTC32190,GSM4104129_CGGAGTCGTGATAAAC-1,-0.3013973884643409
CSF,HC,HC,PTC32190,GSM4104129_CGTGAGCTCGTGACAT-1,0.18819561790089803
CSF,HC,HC,PTC32190,GSM4104129_CGTTGGGCAGTTTACG-1,-0.3013973884643409
CSF,HC,HC,PTC32190,GSM4104129_CTACACCAGCCTTGAT-1,-0.030741430618875968
CSF,HC,HC,PTC32190,GSM4104129_CTACATTAGGGAGTAA-1,-0.3013973884643409
CSF,HC,HC,PTC32190,GSM4104129_CTACATTTCTAACTTC-1,0.05001203517936819
CSF,HC,HC,PTC32190,GSM4104129_CTAGTGAAGATATACG-1,-0.15697680515420354
CSF,HC,HC,PTC32190,GSM4104129_CTCGAAACACCGTTGG-1,-0.3013973884643409
CSF,HC,HC,PTC32190,GSM4104129_CTCGAGGCAGCTCCGA-1,-0.23981597425918272
CSF,HC,HC,PTC32190,GSM4104129_CTCGGAGGTAATTGGA-1,0.4153021599608811
CSF,HC,HC,PTC32190,GSM4104129_CTCTGGTAGTCCATAC-1,-0.3013973884643409
CSF,HC,HC,PTC32190,GSM4104129_CTGGTCTCACAAGTAA-1,0.04758618442091763
CSF,HC,HC,PTC32190,GSM4104129_CTTAACTAGACAGAGA-1,-0.3013973884643409
CSF,HC,HC,PTC32190,GSM4104129_CTTACCGAGACCTAGG-1,0.05034201843199736
CSF,HC,HC,PTC32190,GSM4104129_CTTACCGCATTTGCCC-1,0.16156182097244157
CSF,HC,HC,PTC32190,GSM4104129_GAAACTCTCCAAACAC-1,0.1131295958687214
CSF,HC,HC,PTC32190,GSM4104129_GAACGGATCTGCGACG-1,-0.01894825004272268
CSF,HC,HC,PTC32190,GSM4104129_GAATAAGCAAGGACAC-1,0.3481994903872693
CSF,HC,HC,PTC32190,GSM4104129_GACCTGGAGACTAAGT-1,-0.3013973884643409
CSF,HC,HC,PTC32190,GSM4104129_GAGCAGAGTGATGCCC-1,-0.026570990686054983
CSF,HC,HC,PTC32190,GSM4104129_GATGAAACAACACCTA-1,-0.3013973884643409
CSF,HC,HC,PTC32190,GSM4104129_GCACATACATCAGTAC-1,-0.3013973884643409
CSF,HC,HC,PTC32190,GSM4104129_GCAGTTAAGGAACTGC-1,-0.3013973884643409
CSF,HC,HC,PTC32190,GSM4104129_GCATACATCCGCATCT-1,0.5332500601643313
CSF,HC,HC,PTC32190,GSM4104129_GCATGATCACACCGCA-1,-0.11357074432025442
CSF,HC,HC,PTC32190,GSM4104129_GCATGATTCTGGCGAC-1,0.507093622373019
CSF,HC,HC,PTC32190,GSM4104129_GCCAAATGTAGTAGTA-1,-0.11962295542763586
CSF,HC,HC,PTC32190,GSM4104129_GCGCGATGTCCTGCTT-1,-0.3013973884643409
CSF,HC,HC,PTC32190,GSM4104129_GCTGCAGAGGAGTAGA-1,0.03384279544365265
CSF,HC,HC,PTC32190,GSM4104129_GCTGCAGAGTGCAAGC-1,-0.3013973884643409
CSF,HC,HC,PTC32190,GSM4104129_GCTGCGACACGAAACG-1,-0.3013973884643409
CSF,HC,HC,PTC32190,GSM4104129_GCTGCGATCGTGACAT-1,-0.3013973884643409
CSF,HC,HC,PTC32190,GSM4104129_GCTTCCAAGCCAGGAT-1,0.20882633269141904
CSF,HC,HC,PTC32190,GSM4104129_GGAATAAAGTGGTCCC-1,-0.3013973884643409
CSF,HC,HC,PTC32190,GSM4104129_GGACAGAAGAGGGATA-1,-0.3013973884643409
CSF,HC,HC,PTC32190,GSM4104129_GGCGACTTCGTATCAG-1,0.3703991000063581
CSF,HC,HC,PTC32190,GSM4104129_GGCGTGTCAAGTTAAG-1,-0.3013973884643409
CSF,HC,HC,PTC32190,GSM4104129_GGCTCGACAGACTCGC-1,-0.3013973884643409
CSF,HC,HC,PTC32190,GSM4104129_GGCTCGATCGTAGGTT-1,0.3279395413925915
CSF,HC,HC,PTC32190,GSM4104129_GGCTGGTAGCGTTCCG-1,-0.1526009132396133
CSF,HC,HC,PTC32190,GSM4104129_GGGCATCTCTGCGACG-1,-0.3013973884643409
CSF,HC,HC,PTC32190,GSM4104129_GGGTTGCCATGCTGGC-1,0.005595878531425703
CSF,HC,HC,PTC32190,GSM4104129_GTACGTAAGCCCAATT-1,0.3105200092179206
CSF,HC,HC,PTC32190,GSM4104129_GTACTCCCATATACGC-1,-0.3013973884643409
CSF,HC,HC,PTC32190,GSM4104129_GTACTTTTCCGTCATC-1,0.5681797881282481
CSF,HC,HC,PTC32190,GSM4104129_GTAGGCCTCTTGTATC-1,-0.3013973884643409
CSF,HC,HC,PTC32190,GSM4104129_GTCACGGGTAGAGCTG-1,-0.18679874543407277
CSF,HC,HC,PTC32190,GSM4104129_GTCTCGTAGGTGCAAC-1,0.008414673560374761
CSF,HC,HC,PTC32190,GSM4104129_GTCTCGTGTCAATACC-1,-0.3013973884643409
CSF,HC,HC,PTC32190,GSM4104129_GTGAAGGGTACGCTGC-1,-2.9917537278656425e-05
CSF,HC,HC,PTC32190,GSM4104129_GTGCGGTAGTACGATA-1,-0.09189525862606648
CSF,HC,HC,PTC32190,GSM4104129_GTTAAGCGTCGAATCT-1,-0.08061989442434911
CSF,HC,HC,PTC32190,GSM4104129_GTTAAGCGTGAAATCA-1,-0.3013973884643409
CSF,HC,HC,PTC32190,GSM4104129_GTTACAGCACATCCAA-1,-0.1931758179585529
CSF,HC,HC,PTC32190,GSM4104129_GTTCATTTCGCATGGC-1,-0.3013973884643409
CSF,HC,HC,PTC32190,GSM4104129_TAAACCGCACGCATCG-1,-0.3013973884643409
CSF,HC,HC,PTC32190,GSM4104129_TAAGAGAAGCCAGTAG-1,0.18044720915127957
CSF,HC,HC,PTC32190,GSM4104129_TAAGTGCAGGCCCGTT-1,-0.04908792872938488
CSF,HC,HC,PTC32190,GSM4104129_TACAGTGCAAGCGATG-1,0.37853352647340666
CSF,HC,HC,PTC32190,GSM4104129_TACCTTACAACAACCT-1,-0.3013973884643409
CSF,HC,HC,PTC32190,GSM4104129_TACCTTAGTCCAAGTT-1,-0.18751985018434342
CSF,HC,HC,PTC32190,GSM4104129_TACCTTATCACGAAGG-1,-0.3013973884643409
CSF,HC,HC,PTC32190,GSM4104129_TAGACCAAGAAACCAT-1,-0.3013973884643409
CSF,HC,HC,PTC32190,GSM4104129_TAGCCGGAGTATCTCG-1,-0.3013973884643409
CSF,HC,HC,PTC32190,GSM4104129_TAGGCATAGGCTAGGT-1,-0.09660486394664236
CSF,HC,HC,PTC32190,GSM4104129_TAGGCATGTTACGCGC-1,0.30968001176426174
CSF,HC,HC,PTC32190,GSM4104129_TATCAGGAGCGTAATA-1,0.02795166744665743
CSF,HC,HC,PTC32190,GSM4104129_TATCTCAAGAAACGAG-1,-0.05462905351869974
CSF,HC,HC,PTC32190,GSM4104129_TCAACGACATGCTGGC-1,0.11523112020370009
CSF,HC,HC,PTC32190,GSM4104129_TCAGCAACATTTGCTT-1,-0.3013973884643409
CSF,HC,HC,PTC32190,GSM4104129_TCAGCTCTCACTTCAT-1,-0.059780506706463836
CSF,HC,HC,PTC32190,GSM4104129_TCGTAGAGTAGATTAG-1,-0.3013973884643409
CSF,HC,HC,PTC32190,GSM4104129_TGACGGCCATCCAACA-1,-0.3013973884643409
CSF,HC,HC,PTC32190,GSM4104129_TGACGGCTCTTGTTTG-1,-0.13893740252481665
CSF,HC,HC,PTC32190,GSM4104129_TGCCAAAGTGATAAGT-1,0.05812484257140985
CSF,HC,HC,PTC32190,GSM4104129_TGCGTGGTCTGTCTCG-1,0.013810714019251904
CSF,HC,HC,PTC32190,GSM4104129_TGCTACCGTGTAATGA-1,-0.3013973884643409
CSF,HC,HC,PTC32190,GSM4104129_TGCTACCGTTTAAGCC-1,-0.3013973884643409
CSF,HC,HC,PTC32190,GSM4104129_TGGCCAGCATCACGTA-1,0.19208755397176186
CSF,HC,HC,PTC32190,GSM4104129_TGGGAAGTCAGCTGGC-1,0.2638645764906317
CSF,HC,HC,PTC32190,GSM4104129_TGTATTCTCAGCTCTC-1,-0.3013973884643409
CSF,HC,HC,PTC32190,GSM4104129_TGTGTTTCATCGGTTA-1,0.1578307140281132
CSF,HC,HC,PTC32190,GSM4104129_TGTTCCGCAAGAAGAG-1,-0.1057064199448501
CSF,HC,HC,PTC32190,GSM4104129_TTAACTCTCTCCAGGG-1,-0.10531339658774934
CSF,HC,HC,PTC32190,GSM4104129_TTATGCTCACGCCAGT-1,-0.16928060351417415
CSF,HC,HC,PTC32190,GSM4104129_TTCGGTCCAGGTCCAC-1,-0.3013973884643409
CSF,HC,HC,PTC32190,GSM4104129_TTCTACAAGACGCTTT-1,-0.3013973884643409
CSF,HC,HC,PTC32190,GSM4104129_TTGTAGGAGCAAATCA-1,-0.07950457774837963
PB,HC,HC,PTC32190,GSM4104140_AAACCTGTCTGCTTGC-1,-0.1490402163835958
PB,HC,HC,PTC32190,GSM4104140_AAACGGGCATGTCTCC-1,-0.3013973884643409
PB,HC,HC,PTC32190,GSM4104140_ACCAGTACAGCTATTG-1,-0.15133356476541407
PB,HC,HC,PTC32190,GSM4104140_ACGGGTCCATCGGTTA-1,0.1496371164495128
PB,HC,HC,PTC32190,GSM4104140_ACTATCTCAGTGACAG-1,0.48364857260598254
PB,HC,HC,PTC32190,GSM4104140_ACTGATGCACTCTGTC-1,0.11096648748424902
PB,HC,HC,PTC32190,GSM4104140_AGAGCGAAGTAAGTAC-1,-0.10779302546980875
PB,HC,HC,PTC32190,GSM4104140_AGCGGTCTCCTGCAGG-1,0.09889288121943471
PB,HC,HC,PTC32190,GSM4104140_AGCTTGACAAGGTTTC-1,0.6884322695102466
PB,HC,HC,PTC32190,GSM4104140_AGGGATGCATAGGATA-1,0.31744033406773225
PB,HC,HC,PTC32190,GSM4104140_AGGGTGACAATGTAAG-1,0.12704125286523602
PB,HC,HC,PTC32190,GSM4104140_AGTGAGGAGCTGTTCA-1,-0.3013973884643409
PB,HC,HC,PTC32190,GSM4104140_ATGGGAGTCTTTAGGG-1,-0.048091764834851926
PB,HC,HC,PTC32190,GSM4104140_CAACTAGTCCAGGGCT-1,0.6643150607562758
PB,HC,HC,PTC32190,GSM4104140_CAAGATCCAATCTACG-1,-0.13520887599558062
PB,HC,HC,PTC32190,GSM4104140_CACCTTGCAATCACAC-1,-0.3013973884643409
PB,HC,HC,PTC32190,GSM4104140_CCATGTCGTCACCCAG-1,-0.02671446833712444
PB,HC,HC,PTC32190,GSM4104140_CCTCTGATCAAGATCC-1,0.3846327918192474
PB,HC,HC,PTC32190,GSM4104140_CCTTCCCAGCAACGGT-1,0.019430002621769145
PB,HC,HC,PTC32190,GSM4104140_CGCGTTTAGATCCTGT-1,-0.3013973884643409
PB,HC,HC,PTC32190,GSM4104140_CGGACGTCAATCTGCA-1,-0.06682780418612422
PB,HC,HC,PTC32190,GSM4104140_CGGACGTGTCTCATCC-1,-0.17187971026717838
PB,HC,HC,PTC32190,GSM4104140_CGGAGTCTCCAGAAGG-1,-0.3013973884643409
PB,HC,HC,PTC32190,GSM4104140_GAACATCCATCAGTAC-1,-0.3013973884643409
PB,HC,HC,PTC32190,GSM4104140_GACTAACCAGCTGTTA-1,-0.1318960442760934
PB,HC,HC,PTC32190,GSM4104140_GCATGTACAGTGAGTG-1,-0.3013973884643409
PB,HC,HC,PTC32190,GSM4104140_GCGCAACCACAGACTT-1,0.14929303831926574
PB,HC,HC,PTC32190,GSM4104140_GGGACCTAGGTGTTAA-1,-0.07459884806147488
PB,HC,HC,PTC32190,GSM4104140_GTAGGCCGTCAGGACA-1,-0.3013973884643409
PB,HC,HC,PTC32190,GSM4104140_GTCGTAAGTGAGCGAT-1,-0.09343479256954383
PB,HC,HC,PTC32190,GSM4104140_TATGCCCCATACTACG-1,-0.3013973884643409
PB,HC,HC,PTC32190,GSM4104140_TCAGGTAGTCGGCTCA-1,-0.3013973884643409
PB,HC,HC,PTC32190,GSM4104140_TCTGGAATCAGTCCCT-1,-0.3013973884643409
PB,HC,HC,PTC32190,GSM4104140_TCTTTCCTCAGTACGT-1,-0.3013973884643409
PB,HC,HC,PTC32190,GSM4104140_TGAGGGAAGCAACGGT-1,-0.1673985263391373
PB,HC,HC,PTC32190,GSM4104140_TGCGGGTAGTGTGGCA-1,-0.3013973884643409
PB,HC,HC,PTC32190,GSM4104140_TTAGGCATCTAACTCT-1,-0.3013973884643409
PB,HC,HC,PTC32190,GSM4104140_TTCTACAGTCGACTAT-1,-0.3013973884643409
CSF,HC,HC,PTC41540,GSM4104131_AAACGGGCACTTAAGC-1,-0.17952718262640013
CSF,HC,HC,PTC41540,GSM4104131_AACTCAGCACCACGTG-1,-0.3013973884643409
CSF,HC,HC,PTC41540,GSM4104131_AAGGCAGTCCGTCAAA-1,-0.13042483814086908
CSF,HC,HC,PTC41540,GSM4104131_ACGATGTCATGCAATC-1,-0.1910584347137992
CSF,HC,HC,PTC41540,GSM4104131_ACGCCAGGTGACTACT-1,-0.3013973884643409
CSF,HC,HC,PTC41540,GSM4104131_ACGGAGAGTGCTGTAT-1,-0.3013973884643409
CSF,HC,HC,PTC41540,GSM4104131_ACGGGTCCAGCATACT-1,0.04830533066479494
CSF,HC,HC,PTC41540,GSM4104131_ACGTCAAGTCGGCTCA-1,-0.3013973884643409
CSF,HC,HC,PTC41540,GSM4104131_ACTGTCCTCTCTGCTG-1,-0.0686787161331474
CSF,HC,HC,PTC41540,GSM4104131_AGCAGCCCACGCCAGT-1,-0.3013973884643409
CSF,HC,HC,PTC41540,GSM4104131_AGCGTATGTCGGATCC-1,-0.3013973884643409
CSF,HC,HC,PTC41540,GSM4104131_AGCTTGAGTGAGCGAT-1,-0.16281045445578268
CSF,HC,HC,PTC41540,GSM4104131_AGTCTTTAGAGCTGGT-1,0.24963946135161683
CSF,HC,HC,PTC41540,GSM4104131_AGTTGGTCACATGGGA-1,-0.02567439821817637
CSF,HC,HC,PTC41540,GSM4104131_ATAAGAGTCGTACCGG-1,-0.14968852674971153
CSF,HC,HC,PTC41540,GSM4104131_ATCCACCCAAGCTGGA-1,-0.09633780437801795
CSF,HC,HC,PTC41540,GSM4104131_ATCTGCCCACCAGATT-1,-0.3013973884643409
CSF,HC,HC,PTC41540,GSM4104131_ATGAGGGCAAGTAGTA-1,0.040407189926949964
CSF,HC,HC,PTC41540,GSM4104131_ATGAGGGCACAGAGGT-1,-0.00893489627363629
CSF,HC,HC,PTC41540,GSM4104131_ATTGGTGAGTGAACAT-1,-0.3013973884643409
CSF,HC,HC,PTC41540,GSM4104131_CAGTCCTCAGTAAGCG-1,-0.3013973884643409
CSF,HC,HC,PTC41540,GSM4104131_CATATTCTCGATCCCT-1,-0.17581809328927125
CSF,HC,HC,PTC41540,GSM4104131_CATCAGAAGATCACGG-1,0.14618575361116307
CSF,HC,HC,PTC41540,GSM4104131_CCACGGAGTGCACCAC-1,-0.3013973884643409
CSF,HC,HC,PTC41540,GSM4104131_CCATTCGCAGTAACGG-1,-0.18476033621809235
CSF,HC,HC,PTC41540,GSM4104131_CCCTCCTGTTGCGTTA-1,0.19789703244462423
CSF,HC,HC,PTC41540,GSM4104131_CCTTACGTCTTAACCT-1,0.19848226324660365
CSF,HC,HC,PTC41540,GSM4104131_CCTTCCCGTAGAAAGG-1,0.18948463300658483
CSF,HC,HC,PTC41540,GSM4104131_CCTTCGACACGGCTAC-1,-0.0816373770329667
CSF,HC,HC,PTC41540,GSM4104131_CCTTTCTAGGGAACGG-1,0.017971788619274984
CSF,HC,HC,PTC41540,GSM4104131_CGACTTCTCGCCATAA-1,0.20397748290718454
CSF,HC,HC,PTC41540,GSM4104131_CGGACACGTTATCCGA-1,0.5149860435964781
CSF,HC,HC,PTC41540,GSM4104131_CGTCACTGTATCACCA-1,-0.11684709412424242
CSF,HC,HC,PTC41540,GSM4104131_CTACACCAGCCACGTC-1,0.36559400191703073
CSF,HC,HC,PTC41540,GSM4104131_CTACACCGTAAGTGTA-1,-0.09980116411473602
CSF,HC,HC,PTC41540,GSM4104131_CTACCCACATTACCTT-1,-0.3013973884643409
CSF,HC,HC,PTC41540,GSM4104131_CTCGGAGCAGGGTATG-1,-0.11551820032504186
CSF,HC,HC,PTC41540,GSM4104131_CTGCGGAGTACCATCA-1,-0.3013973884643409
CSF,HC,HC,PTC41540,GSM4104131_CTGGTCTAGACGCTTT-1,-0.3013973884643409
CSF,HC,HC,PTC41540,GSM4104131_CTGGTCTGTTGGTTTG-1,-0.10521265108403184
CSF,HC,HC,PTC41540,GSM4104131_GACGTTACATTCTCAT-1,-0.09213329581925765
CSF,HC,HC,PTC41540,GSM4104131_GACTGCGTCTTATCTG-1,-0.20155510494205403
CSF,HC,HC,PTC41540,GSM4104131_GCACATACACTTGGAT-1,-0.3013973884643409
CSF,HC,HC,PTC41540,GSM4104131_GCACTCTCACCGAATT-1,-0.09857104424662724
CSF,HC,HC,PTC41540,GSM4104131_GCATGATCACAGAGGT-1,-0.3013973884643409
CSF,HC,HC,PTC41540,GSM4104131_GCTTGAACAAGGACAC-1,-0.13531023667268272
CSF,HC,HC,PTC41540,GSM4104131_GGCCGATCAGCTGTGC-1,0.287888575312916
CSF,HC,HC,PTC41540,GSM4104131_GGGCACTTCAGCTCTC-1,-0.3013973884643409
CSF,HC,HC,PTC41540,GSM4104131_GGGTCTGAGGGAGTAA-1,-0.11051599658439738
CSF,HC,HC,PTC41540,GSM4104131_GGGTTGCAGCGTCTAT-1,-0.3013973884643409
CSF,HC,HC,PTC41540,GSM4104131_GGTGTTAGTATCAGTC-1,0.8766294801378708
CSF,HC,HC,PTC41540,GSM4104131_GGTGTTAGTCGTTGTA-1,0.005677909042401928
CSF,HC,HC,PTC41540,GSM4104131_GTAACTGAGTTCCACA-1,0.15963718992719858
CSF,HC,HC,PTC41540,GSM4104131_GTACTCCTCATGTGGT-1,-0.3013973884643409
CSF,HC,HC,PTC41540,GSM4104131_GTACTTTGTCTAGTCA-1,-0.10923085185282459
CSF,HC,HC,PTC41540,GSM4104131_GTCCTCACATCCTAGA-1,0.01692283868210054
CSF,HC,HC,PTC41540,GSM4104131_GTCTCGTCAAACGTGG-1,0.07610296193323261
CSF,HC,HC,PTC41540,GSM4104131_GTGCTTCCATCACGTA-1,-0.09055873355519266
CSF,HC,HC,PTC41540,GSM4104131_TAAACCGCAAGCGCTC-1,0.028934539244314644
CSF,HC,HC,PTC41540,GSM4104131_TACTTACGTTGCGCAC-1,-0.3013973884643409
CSF,HC,HC,PTC41540,GSM4104131_TAGACCAGTCCCTTGT-1,0.04437545119964798
CSF,HC,HC,PTC41540,GSM4104131_TAGAGCTTCTTCGGTC-1,-0.3013973884643409
CSF,HC,HC,PTC41540,GSM4104131_TATTACCAGATATACG-1,0.8328827062692233
CSF,HC,HC,PTC41540,GSM4104131_TCAGATGCAAAGGCGT-1,-0.3013973884643409
CSF,HC,HC,PTC41540,GSM4104131_TCAGCAACACAACTGT-1,0.20609734905954577
CSF,HC,HC,PTC41540,GSM4104131_TCGCGAGGTCACACGC-1,-0.14422060249363983
CSF,HC,HC,PTC41540,GSM4104131_TCGCGAGTCCAAAGTC-1,-0.1077854504685581
CSF,HC,HC,PTC41540,GSM4104131_TCTTTCCTCCATGAGT-1,0.26111179362804726
CSF,HC,HC,PTC41540,GSM4104131_TGACTAGTCCTTGGTC-1,0.21622092361164677
CSF,HC,HC,PTC41540,GSM4104131_TGAGCCGAGGCATGTG-1,0.26341741997933044
CSF,HC,HC,PTC41540,GSM4104131_TGCGCAGCAAGACACG-1,-0.19514212874435044
CSF,HC,HC,PTC41540,GSM4104131_TGGCCAGAGAGGTTAT-1,0.21867308799904808
CSF,HC,HC,PTC41540,GSM4104131_TGGGCGTGTCTAGAGG-1,-0.11367038110781173
CSF,HC,HC,PTC41540,GSM4104131_TTGCGTCAGTCTCAAC-1,0.016959058129262145
CSF,HC,HC,PTC41540,GSM4104131_TTGGAACAGTTAGGTA-1,-0.016878653539518142
CSF,HC,HC,PTC41540,GSM4104131_TTTGGTTTCTGATACG-1,-0.03507655560338942
PB,HC,HC,PTC41540,GSM4104142_AAAGCAAGTTAAAGAC-1,0.6028328117107149
PB,HC,HC,PTC41540,GSM4104142_AACACGTAGCTCTCGG-1,0.08109925404012287
PB,HC,HC,PTC41540,GSM4104142_AACTCAGTCAACGGCC-1,-0.008423640345129197
PB,HC,HC,PTC41540,GSM4104142_AACTTTCAGTGTCCAT-1,-0.3013973884643409
PB,HC,HC,PTC41540,GSM4104142_AAGACCTAGATATGCA-1,-0.3013973884643409
PB,HC,HC,PTC41540,GSM4104142_AAGCCGCGTAACGCGA-1,-0.3013973884643409
PB,HC,HC,PTC41540,GSM4104142_AAGGAGCCATCACCCT-1,0.008853536655757912
PB,HC,HC,PTC41540,GSM4104142_ACACTGACAAAGTCAA-1,0.006569485213131594
PB,HC,HC,PTC41540,GSM4104142_AGAGCGAAGCTGCCCA-1,0.18516745704376802
PB,HC,HC,PTC41540,GSM4104142_AGCCTAATCGATGAGG-1,0.07117070146145668
PB,HC,HC,PTC41540,GSM4104142_AGCGGTCGTACCATCA-1,-0.3013973884643409
PB,HC,HC,PTC41540,GSM4104142_AGCTCTCCATTGGTAC-1,-0.13409694096765626
PB,HC,HC,PTC41540,GSM4104142_AGCTCTCTCTGTCTAT-1,0.16570888029633954
PB,HC,HC,PTC41540,GSM4104142_ATAACGCGTAAGAGGA-1,-0.3013973884643409
PB,HC,HC,PTC41540,GSM4104142_ATCGAGTTCAACACCA-1,0.5816014799860604
PB,HC,HC,PTC41540,GSM4104142_ATTGGTGCAAATTGCC-1,-0.3013973884643409
PB,HC,HC,PTC41540,GSM4104142_CACACCTGTGATAAGT-1,-0.183380047254346
PB,HC,HC,PTC41540,GSM4104142_CAGCGACTCAGGCAAG-1,-0.3013973884643409
PB,HC,HC,PTC41540,GSM4104142_CAGCTGGAGAGTTGGC-1,-0.3013973884643409
PB,HC,HC,PTC41540,GSM4104142_CAGGTGCGTACAGTGG-1,-0.3013973884643409
PB,HC,HC,PTC41540,GSM4104142_CAGTAACGTCGCTTTC-1,-0.015529170450357257
PB,HC,HC,PTC41540,GSM4104142_CATATGGGTGTGGTTT-1,0.22894761588510804
PB,HC,HC,PTC41540,GSM4104142_CATATTCGTACATCCA-1,0.11363017488178699
PB,HC,HC,PTC41540,GSM4104142_CATCAGAAGGCTAGAC-1,-0.3013973884643409
PB,HC,HC,PTC41540,GSM4104142_CATCCACTCTAGAGTC-1,-0.1245986300109861
PB,HC,HC,PTC41540,GSM4104142_CATGACAAGTCACGCC-1,-0.3013973884643409
PB,HC,HC,PTC41540,GSM4104142_CCACTACTCACTTATC-1,-0.16443696011065873
PB,HC,HC,PTC41540,GSM4104142_CCGTACTAGACACTAA-1,-0.3013973884643409
PB,HC,HC,PTC41540,GSM4104142_CCTACCATCAACGAAA-1,-0.2151415634849936
PB,HC,HC,PTC41540,GSM4104142_CCTAGCTAGACTAGAT-1,0.5514212708948378
PB,HC,HC,PTC41540,GSM4104142_CCTCAGTAGGTGGGTT-1,0.10773109931104055
PB,HC,HC,PTC41540,GSM4104142_CCTTACGCATACGCCG-1,0.003830394983870048
PB,HC,HC,PTC41540,GSM4104142_CGAATGTAGACAAGCC-1,0.07790258814040031
PB,HC,HC,PTC41540,GSM4104142_CGAATGTTCAAACGGG-1,-0.3013973884643409
PB,HC,HC,PTC41540,GSM4104142_CGAGAAGAGAGTGAGA-1,-0.3013973884643409
PB,HC,HC,PTC41540,GSM4104142_CGAGCCATCAGATAAG-1,0.2327115806488298
PB,HC,HC,PTC41540,GSM4104142_CGATCGGGTTATCGGT-1,-0.23664004493392019
PB,HC,HC,PTC41540,GSM4104142_CGGACACGTCTCACCT-1,0.061671541944995426
PB,HC,HC,PTC41540,GSM4104142_CGGAGTCGTATGGTTC-1,0.9043578690639646
PB,HC,HC,PTC41540,GSM4104142_CGTCAGGGTTCGCGAC-1,-0.13383922835200207
PB,HC,HC,PTC41540,GSM4104142_CTAATGGAGACTTGAA-1,-0.09064551665798547
PB,HC,HC,PTC41540,GSM4104142_CTACACCGTTGAGTTC-1,0.0803293715623409
PB,HC,HC,PTC41540,GSM4104142_CTACGTCGTTTGTTGG-1,-0.3013973884643409
PB,HC,HC,PTC41540,GSM4104142_CTAGCCTTCGTGGTCG-1,-0.3013973884643409
PB,HC,HC,PTC41540,GSM4104142_CTCACACAGAAGATTC-1,-0.3013973884643409
PB,HC,HC,PTC41540,GSM4104142_CTCATTACACTGCCAG-1,-0.3013973884643409
PB,HC,HC,PTC41540,GSM4104142_CTCGAGGGTCTCATCC-1,-0.23412477531555353
PB,HC,HC,PTC41540,GSM4104142_CTCGTACCAGGTGCCT-1,-0.07423140439919917
PB,HC,HC,PTC41540,GSM4104142_CTCTGGTTCATGTCTT-1,-0.01645253131908181
PB,HC,HC,PTC41540,GSM4104142_CTGCGGACAGCAGTTT-1,0.18116177092398894
PB,HC,HC,PTC41540,GSM4104142_CTGCTGTTCAACGAAA-1,-0.3013973884643409
PB,HC,HC,PTC41540,GSM4104142_CTTAACTAGTATTGGA-1,-0.1926309995411934
PB,HC,HC,PTC41540,GSM4104142_CTTAACTCATCCAACA-1,0.3640040512956461
PB,HC,HC,PTC41540,GSM4104142_GAAACTCGTGGTACAG-1,0.09967785678401193
PB,HC,HC,PTC41540,GSM4104142_GACGGCTGTTCCCTTG-1,-0.1808300834658656
PB,HC,HC,PTC41540,GSM4104142_GACTACAAGGATATAC-1,-0.0113350306273039
PB,HC,HC,PTC41540,GSM4104142_GATCAGTCACCAGGCT-1,-0.3013973884643409
PB,HC,HC,PTC41540,GSM4104142_GATCGATCAGTAAGAT-1,-0.06831241934743482
PB,HC,HC,PTC41540,GSM4104142_GATCTAGAGTCCGGTC-1,-0.3013973884643409
PB,HC,HC,PTC41540,GSM4104142_GATCTAGTCTGCGGCA-1,0.149380633449764
PB,HC,HC,PTC41540,GSM4104142_GCGCGATCACGAAATA-1,0.13277694094058584
PB,HC,HC,PTC41540,GSM4104142_GCTTGAACATGAAGTA-1,-0.3013973884643409
PB,HC,HC,PTC41540,GSM4104142_GGCTCGATCGCTGATA-1,0.41867245002682785
PB,HC,HC,PTC41540,GSM4104142_GGGAATGAGGCTATCT-1,-0.1269471716100516
PB,HC,HC,PTC41540,GSM4104142_GGGATGAAGAAGCCCA-1,0.025141101618702172
PB,HC,HC,PTC41540,GSM4104142_GGGCACTGTCGCATAT-1,0.05806897350120927
PB,HC,HC,PTC41540,GSM4104142_GGGTTGCAGACTACAA-1,0.025529077799820336
PB,HC,HC,PTC41540,GSM4104142_GGTGTTACAATCCAAC-1,-0.3013973884643409
PB,HC,HC,PTC41540,GSM4104142_GTGGGTCTCAGCGATT-1,0.057657625115254615
PB,HC,HC,PTC41540,GSM4104142_TAAACCGTCCTCAACC-1,-0.3013973884643409
PB,HC,HC,PTC41540,GSM4104142_TACGGTATCTCTGCTG-1,-0.1529725669461954
PB,HC,HC,PTC41540,GSM4104142_TATCAGGTCACAGTAC-1,-0.19995852068775916
PB,HC,HC,PTC41540,GSM4104142_TCAGCTCAGTCTCGGC-1,0.43041067529721283
PB,HC,HC,PTC41540,GSM4104142_TCATTTGAGAAACGCC-1,-0.3013973884643409
PB,HC,HC,PTC41540,GSM4104142_TCCACACGTCACCTAA-1,0.008979316302882036
PB,HC,HC,PTC41540,GSM4104142_TCGCGTTCAAGGACTG-1,-0.3013973884643409
PB,HC,HC,PTC41540,GSM4104142_TCTATTGAGAATCTCC-1,-0.18573427228645784
PB,HC,HC,PTC41540,GSM4104142_TCTCATAGTACTTCTT-1,-0.05401208446875592
PB,HC,HC,PTC41540,GSM4104142_TCTCTAAAGTTACGGG-1,-0.3013973884643409
PB,HC,HC,PTC41540,GSM4104142_TGAAAGAGTCAACTGT-1,-0.3013973884643409
PB,HC,HC,PTC41540,GSM4104142_TGACTAGGTCGATTGT-1,-0.21095380731831964
PB,HC,HC,PTC41540,GSM4104142_TGATTTCGTTACGACT-1,-0.17882086292244148
PB,HC,HC,PTC41540,GSM4104142_TGCTGCTTCGCTTGTC-1,-0.16538273131822884
PB,HC,HC,PTC41540,GSM4104142_TGGCCAGGTAGCGTCC-1,-0.3013973884643409
PB,HC,HC,PTC41540,GSM4104142_TGTTCCGCACATGTGT-1,-0.03170296722921373
PB,HC,HC,PTC41540,GSM4104142_TTAGGCAGTCGAATCT-1,0.40647954754622706
PB,HC,HC,PTC41540,GSM4104142_TTATGCTTCAGCACAT-1,-0.3013973884643409
PB,HC,HC,PTC41540,GSM4104142_TTCCCAGCAATAGCGG-1,-0.04860765663127508
PB,HC,HC,PTC41540,GSM4104142_TTCGAAGTCCAATGGT-1,-0.03678488776402663
PB,HC,HC,PTC41540,GSM4104142_TTGCGTCAGCCCAGCT-1,-0.05188584434766262
PB,HC,HC,PTC41540,GSM4104142_TTGGAACTCAACGGCC-1,-0.21169510725744284
CSF,HC,HC,PTC85037,GSM4104133_ACTTTCAAGCGAAGGG-1,-0.3013973884643409
CSF,HC,HC,PTC85037,GSM4104133_AGCAGCCTCATGTCTT-1,-0.3013973884643409
CSF,HC,HC,PTC85037,GSM4104133_AGCGGTCAGGTGATTA-1,-0.3013973884643409
CSF,HC,HC,PTC85037,GSM4104133_AGGGTGACATACGCTA-1,-0.07788127907174557
CSF,HC,HC,PTC85037,GSM4104133_AGGTCATAGAAACGCC-1,-0.3013973884643409
CSF,HC,HC,PTC85037,GSM4104133_AGTAGTCCAATAAGCA-1,0.1953840475328738
CSF,HC,HC,PTC85037,GSM4104133_ATAGACCGTAAGTGGC-1,-0.3013973884643409
CSF,HC,HC,PTC85037,GSM4104133_ATCATCTCATCGGGTC-1,-0.1899127893533361
CSF,HC,HC,PTC85037,GSM4104133_ATCCGAAGTAAATGTG-1,-0.153662668767478
CSF,HC,HC,PTC85037,GSM4104133_ATCTACTGTATGAATG-1,-0.18115582624112986
CSF,HC,HC,PTC85037,GSM4104133_ATCTGCCGTCACTGGC-1,-0.20192576494898581
CSF,HC,HC,PTC85037,GSM4104133_ATTGGTGCAAGAAAGG-1,0.020610880018960782
CSF,HC,HC,PTC85037,GSM4104133_CAAGGCCAGAAACCTA-1,-0.3013973884643409
CSF,HC,HC,PTC85037,GSM4104133_CACACTCAGAATGTTG-1,-0.07979374542529102
CSF,HC,HC,PTC85037,GSM4104133_CATCAGAAGTGGAGTC-1,-0.3013973884643409
CSF,HC,HC,PTC85037,GSM4104133_CATGACAAGTTCGATC-1,-0.3013973884643409
CSF,HC,HC,PTC85037,GSM4104133_CCAGCGAGTAGCACGA-1,-0.031827708139918705
CSF,HC,HC,PTC85037,GSM4104133_CCATGTCCAGCTTAAC-1,-0.3013973884643409
CSF,HC,HC,PTC85037,GSM4104133_CCTCAGTAGTAGATGT-1,-0.13998759249462983
CSF,HC,HC,PTC85037,GSM4104133_CGAATGTAGTCTCGGC-1,-0.19391885436272155
CSF,HC,HC,PTC85037,GSM4104133_CGAGCACAGATGTGGC-1,-0.02265349600102709
CSF,HC,HC,PTC85037,GSM4104133_CGTAGCGCAGCTGTTA-1,0.06411727149796562
CSF,HC,HC,PTC85037,GSM4104133_CGTGAGCCATAGACTC-1,-0.13016882617528316
CSF,HC,HC,PTC85037,GSM4104133_CTAACTTAGCGACGTA-1,-0.11816473365226492
CSF,HC,HC,PTC85037,GSM4104133_CTACATTTCTGTCTCG-1,-0.3013973884643409
CSF,HC,HC,PTC85037,GSM4104133_CTACCCAGTAAGTAGT-1,0.0333144316979781
CSF,HC,HC,PTC85037,GSM4104133_CTGATCCGTAAGGATT-1,0.07573653769146145
CSF,HC,HC,PTC85037,GSM4104133_CTGCGGACAAGTCTGT-1,-0.3013973884643409
CSF,HC,HC,PTC85037,GSM4104133_CTGTTTAGTTCGTCTC-1,0.2864465573990827
CSF,HC,HC,PTC85037,GSM4104133_CTTAGGAAGTTACCCA-1,-0.10668973098749489
CSF,HC,HC,PTC85037,GSM4104133_GACACGCGTACAAGTA-1,-0.1574313876134197
CSF,HC,HC,PTC85037,GSM4104133_GACTAACTCACAAACC-1,-0.3013973884643409
CSF,HC,HC,PTC85037,GSM4104133_GATCGCGAGAGTGACC-1,-0.3013973884643409
CSF,HC,HC,PTC85037,GSM4104133_GATCGTAAGATCACGG-1,0.02639430589086606
CSF,HC,HC,PTC85037,GSM4104133_GCGACCAAGAGATGAG-1,-0.3013973884643409
CSF,HC,HC,PTC85037,GSM4104133_GCGACCAGTTGATTGC-1,0.08538464070867068
CSF,HC,HC,PTC85037,GSM4104133_GCGCCAACACCCAGTG-1,-0.18422801432663816
CSF,HC,HC,PTC85037,GSM4104133_GGAAAGCAGTCCGGTC-1,-0.10358380730072743
CSF,HC,HC,PTC85037,GSM4104133_GGAAAGCGTTCGTGAT-1,0.11341752828324782
CSF,HC,HC,PTC85037,GSM4104133_GGGACCTAGTGAAGTT-1,-0.12402288417451457
CSF,HC,HC,PTC85037,GSM4104133_GTATCTTGTTCCACAA-1,-0.3013973884643409
CSF,HC,HC,PTC85037,GSM4104133_GTCTTCGTCCTCATTA-1,-0.10060609916132382
CSF,HC,HC,PTC85037,GSM4104133_GTGAAGGCAGGCTCAC-1,-0.3013973884643409
CSF,HC,HC,PTC85037,GSM4104133_GTGTGCGGTTGTCGCG-1,0.36935365300031436
CSF,HC,HC,PTC85037,GSM4104133_GTTAAGCGTGTCGCTG-1,0.07918807059809031
CSF,HC,HC,PTC85037,GSM4104133_TACCTATCAAACAACA-1,-0.3013973884643409
CSF,HC,HC,PTC85037,GSM4104133_TACCTATTCTCGTTTA-1,-0.3013973884643409
CSF,HC,HC,PTC85037,GSM4104133_TCATTACGTGAGCGAT-1,-0.22148694331252933
CSF,HC,HC,PTC85037,GSM4104133_TCTTCGGGTTGGGACA-1,-0.17686380659197296
CSF,HC,HC,PTC85037,GSM4104133_TGACGGCAGCCGGTAA-1,0.014124260381495501
CSF,HC,HC,PTC85037,GSM4104133_TGACGGCCAGGCGATA-1,-0.3013973884643409
CSF,HC,HC,PTC85037,GSM4104133_TGAGAGGGTAGGACAC-1,0.42343865933654107
CSF,HC,HC,PTC85037,GSM4104133_TGTTCCGAGTTACGGG-1,-0.16784065850993293
CSF,HC,HC,PTC85037,GSM4104133_TTAGGACTCAGCTGGC-1,-0.3013973884643409
CSF,HC,HC,PTC85037,GSM4104133_TTAGTTCAGTTAGGTA-1,-0.3013973884643409
CSF,HC,HC,PTC85037,GSM4104133_TTGCGTCTCAAGCCTA-1,-0.15567203736387988
PB,HC,HC,PTC85037,GSM4104143_ACGGGCTAGTGGGTTG-1,-0.3013973884643409
PB,HC,HC,PTC85037,GSM4104143_ACTATCTAGTCGTACT-1,0.03182023751299839
PB,HC,HC,PTC85037,GSM4104143_AGTCTTTTCTACGAGT-1,0.016932442358971084
PB,HC,HC,PTC85037,GSM4104143_AGTGAGGAGATCTGCT-1,-0.1204294454168882
PB,HC,HC,PTC85037,GSM4104143_CAACCAACAGGTTTCA-1,0.2663021398608019
PB,HC,HC,PTC85037,GSM4104143_CACACAATCAAAGTAG-1,0.2590488154451746
PB,HC,HC,PTC85037,GSM4104143_CAGATCAGTAAGGATT-1,-0.3013973884643409
PB,HC,HC,PTC85037,GSM4104143_CAGGTGCCACTAGTAC-1,-0.3013973884643409
PB,HC,HC,PTC85037,GSM4104143_CATCAGAAGTATCTCG-1,-0.20193894401606505
PB,HC,HC,PTC85037,GSM4104143_CATCGAACATCTACGA-1,-0.043202670084254
PB,HC,HC,PTC85037,GSM4104143_CCTACACGTAATAGCA-1,-0.19591529733387467
PB,HC,HC,PTC85037,GSM4104143_CCTTTCTGTTAGAACA-1,-0.3013973884643409
PB,HC,HC,PTC85037,GSM4104143_CGAGAAGCACATGACT-1,0.02313456807675978
PB,HC,HC,PTC85037,GSM4104143_CGCCAAGTCAGCAACT-1,0.048888940870359346
PB,HC,HC,PTC85037,GSM4104143_CGGAGCTGTGGACGAT-1,-0.03477140606324939
PB,HC,HC,PTC85037,GSM4104143_CGGGTCAAGTTCCACA-1,-0.08012924000778765
PB,HC,HC,PTC85037,GSM4104143_CGTCAGGAGGCGATAC-1,-0.17765103753715442
PB,HC,HC,PTC85037,GSM4104143_CGTCCATGTGCAGACA-1,-0.3013973884643409
PB,HC,HC,PTC85037,GSM4104143_CGTGTCTGTCACAAGG-1,-0.04877770580026603
PB,HC,HC,PTC85037,GSM4104143_CTCAGAATCTCCCTGA-1,0.14608083420706405
PB,HC,HC,PTC85037,GSM4104143_CTCGAAAGTCAGAGGT-1,-0.3013973884643409
PB,HC,HC,PTC85037,GSM4104143_CTTAACTTCTGACCTC-1,0.6511939316986116
PB,HC,HC,PTC85037,GSM4104143_GACTGCGCAGATCCAT-1,0.22800472657211612
PB,HC,HC,PTC85037,GSM4104143_GCACATATCGGATGGA-1,0.19498957790839147
PB,HC,HC,PTC85037,GSM4104143_GCGGGTTGTTCAGACT-1,-0.3013973884643409
PB,HC,HC,PTC85037,GSM4104143_GGACGTCGTCCCTACT-1,-0.3013973884643409
PB,HC,HC,PTC85037,GSM4104143_GGCGACTTCACAAACC-1,0.7345364298084736
PB,HC,HC,PTC85037,GSM4104143_GGGAGATAGTGTACTC-1,0.08971137546073474
PB,HC,HC,PTC85037,GSM4104143_GGTATTGAGAGAACAG-1,-0.3013973884643409
PB,HC,HC,PTC85037,GSM4104143_GGTGAAGCAAATCCGT-1,-0.3013973884643409
PB,HC,HC,PTC85037,GSM4104143_GTACTTTAGCGTTTAC-1,-0.20021944212623927
PB,HC,HC,PTC85037,GSM4104143_GTCCTCACATAAGACA-1,-0.3013973884643409
PB,HC,HC,PTC85037,GSM4104143_GTCCTCAGTCTCCATC-1,-0.18060493521479629
PB,HC,HC,PTC85037,GSM4104143_GTGCGGTCAGGACCCT-1,0.20165211614825793
PB,HC,HC,PTC85037,GSM4104143_GTGCTTCGTTGGAGGT-1,-0.3013973884643409
PB,HC,HC,PTC85037,GSM4104143_GTTAAGCAGGGAAACA-1,0.03543321234197526
PB,HC,HC,PTC85037,GSM4104143_GTTACAGAGTTGCAGG-1,-0.06790519302930478
PB,HC,HC,PTC85037,GSM4104143_TACTTACGTTCCCGAG-1,-0.09721619672853768
PB,HC,HC,PTC85037,GSM4104143_TAGTTGGAGGACCACA-1,-0.1542795507069478
PB,HC,HC,PTC85037,GSM4104143_TCACGAAGTCGGCACT-1,0.17432565541455633
PB,HC,HC,PTC85037,GSM4104143_TCAGCAAAGGACATTA-1,0.7517045402566934
PB,HC,HC,PTC85037,GSM4104143_TCATTACGTAGCCTCG-1,-0.3013973884643409
PB,HC,HC,PTC85037,GSM4104143_TGACGGCGTTGTCTTT-1,0.3453900669718558
PB,HC,HC,PTC85037,GSM4104143_TGAGCATGTCCGACGT-1,-0.3013973884643409
PB,HC,HC,PTC85037,GSM4104143_TGAGGGACACGGCCAT-1,0.06914986762997197
PB,HC,HC,PTC85037,GSM4104143_TTAGGACCAAGCTGGA-1,-0.3013973884643409
PB,HC,HC,PTC85037,GSM4104143_TTCTCAACAAAGGAAG-1,0.0016391664960486402
PB,HC,HC,PTC85037,GSM4104143_TTCTTAGTCTCGTATT-1,1.4485847748936405
PB,HC,HC,PTC85037,GSM4104143_TTTGCGCGTGCAACGA-1,-0.0014639975430991317
