condition,patient,cell_id,tissue,zinc_signature
HC,CSF_2,AAACGGGCAAATTGCC-1,CSF,-0.26407760849149886
HC,CSF_2,AACGTTGAGATAGCAT-1,CSF,-0.01868424770325829
HC,CSF_2,AAGGTTCAGAGGTAGA-1,CSF,0.08511160301269717
HC,CSF_2,ACACCAAGTCTGGTCG-1,CSF,-0.2524988090059525
HC,CSF_2,ACAGCCGCACCAGGCT-1,CSF,-0.21667658445011412
HC,CSF_2,ACGAGCCTCTTCATGT-1,CSF,-0.07157349201915446
HC,CSF_2,ACGCCAGCAATGAATG-1,CSF,-0.07157349201915446
HC,CSF_2,ACGCCAGGTCAATGTC-1,CSF,-0.2959648144633315
HC,CSF_2,ACTTTCAGTGATGTCT-1,CSF,0.1322822781858014
HC,CSF_2,AGAGCGACAGGAATCG-1,CSF,0.2458025889595108
HC,CSF_2,AGAGCTTCAAGACGTG-1,CSF,-0.4195943422979396
HC,CSF_2,AGAGTGGAGAGTAAGG-1,CSF,0.4838173298492156
HC,CSF_2,AGCCTAACATCACGAT-1,CSF,0.6430799644465865
HC,CSF_2,AGCGGTCTCATCTGCC-1,CSF,0.12598781305724077
HC,CSF_2,AGGCCACTCCAACCAA-1,CSF,0.37251136424566916
HC,CSF_2,AGTGAGGCAATAGAGT-1,CSF,-0.23086940220292387
HC,CSF_2,ATCACGAGTTTGACAC-1,CSF,-0.16862091999469836
HC,CSF_2,ATCATCTCATAGAAAC-1,CSF,0.1632905346508188
HC,CSF_2,ATCATGGCACCATCCT-1,CSF,-0.05344708175808298
HC,CSF_2,ATCCACCAGAAAGTGG-1,CSF,0.11266652825208763
HC,CSF_2,ATGCGATTCGATGAGG-1,CSF,-0.13346254158372697
HC,CSF_2,ATTACTCGTGGCCCTA-1,CSF,0.07053827122264421
HC,CSF_2,ATTCTACTCTCGCATC-1,CSF,-0.33824946582838605
HC,CSF_2,ATTGGTGAGCTTCGCG-1,CSF,-0.17494165281691496
HC,CSF_2,ATTTCTGCAGGATTGG-1,CSF,0.14543602581371712
HC,CSF_2,CAACCAAGTCTCAACA-1,CSF,-0.30319681705117235
HC,CSF_2,CAACCTCTCATCGGAT-1,CSF,0.21810522262208115
HC,CSF_2,CAACTAGGTACCAGTT-1,CSF,-1.0973246365551113
HC,CSF_2,CAAGAAACATACCATG-1,CSF,-0.3468746808284281
HC,CSF_2,CAAGAAACATACGCCG-1,CSF,-0.17151465639585176
HC,CSF_2,CAAGGCCGTTCGTCTC-1,CSF,-0.07157349201915446
HC,CSF_2,CACAGTACAGATGGCA-1,CSF,-0.07157349201915446
HC,CSF_2,CACCACTAGACAGGCT-1,CSF,-0.2277797114259461
HC,CSF_2,CACCAGGGTTTACTCT-1,CSF,0.427500526697691
HC,CSF_2,CAGAATCGTCTCTTTA-1,CSF,-0.4096192246777032
HC,CSF_2,CAGCTGGGTATAGGGC-1,CSF,0.04890404004128558
HC,CSF_2,CAGCTGGTCAAGAAGT-1,CSF,-0.07157349201915446
HC,CSF_2,CATCGAACAGAAGCAC-1,CSF,0.09686381407907552
HC,CSF_2,CCATGTCGTCATGCAT-1,CSF,-0.1759707040283789
HC,CSF_2,CCATGTCGTCTCTTTA-1,CSF,0.0067624909893840845
HC,CSF_2,CCATTCGGTGATAAAC-1,CSF,-0.07157349201915446
HC,CSF_2,CCCAATCGTCCGCTGA-1,CSF,0.2498452406051781
HC,CSF_2,CCGGGATCATGGTCAT-1,CSF,-0.27975778171733895
HC,CSF_2,CCGTTCAAGTGGTCCC-1,CSF,-0.5158534191813492
HC,CSF_2,CCTAAAGAGTAGTGCG-1,CSF,0.20832750995587931
HC,CSF_2,CGAGCACCAGGCGATA-1,CSF,-0.19918754942432143
HC,CSF_2,CGCGTTTAGGAGTTGC-1,CSF,-0.07157349201915446
HC,CSF_2,CGCTTCACAGTGACAG-1,CSF,-0.24293896950244706
HC,CSF_2,CGGACGTCATCACGTA-1,CSF,0.193687885826782
HC,CSF_2,CGGAGCTTCTCTGTCG-1,CSF,-0.07157349201915446
HC,CSF_2,CGGAGTCCAAGGACTG-1,CSF,-0.3614364679082375
HC,CSF_2,CTAGAGTAGAAACCAT-1,CSF,0.1623932011611083
HC,CSF_2,CTAGAGTGTTGAGGTG-1,CSF,-0.3662150621493895
HC,CSF_2,CTAGCCTGTTATTCTC-1,CSF,-0.427130356942004
HC,CSF_2,CTCAGAACATCCCACT-1,CSF,-0.07157349201915446
HC,CSF_2,CTGCGGACAAAGGCGT-1,CSF,-0.14297500736411575
HC,CSF_2,CTGGTCTGTAGTGAAT-1,CSF,-0.036998881345846314
HC,CSF_2,CTTCTCTTCAGATAAG-1,CSF,0.16960791798519473
HC,CSF_2,CTTTGCGTCAATACCG-1,CSF,-0.5594350935395187
HC,CSF_2,GAACATCGTAAGGGAA-1,CSF,0.10232012638603723
HC,CSF_2,GAATGAACACGTCAGC-1,CSF,0.401406995504238
HC,CSF_2,GACCAATAGCGATGAC-1,CSF,-0.24188724087439567
HC,CSF_2,GACGTGCCAGCCACCA-1,CSF,-0.2338582178791381
HC,CSF_2,GACGTGCTCTCGGACG-1,CSF,-0.07157349201915446
HC,CSF_2,GACGTTACAGGATCGA-1,CSF,-0.07157349201915446
HC,CSF_2,GACTACAGTCTAACGT-1,CSF,-0.07157349201915446
HC,CSF_2,GATCGATGTACCATCA-1,CSF,0.016363054372346066
HC,CSF_2,GATCGCGTCTTCGAGA-1,CSF,0.11171723396452252
HC,CSF_2,GATGCTAGTGTAACGG-1,CSF,-0.325183623005115
HC,CSF_2,GCACATATCAGAGGTG-1,CSF,-0.07157349201915446
HC,CSF_2,GCACTCTTCCGCGCAA-1,CSF,-0.07157349201915446
HC,CSF_2,GCGAGAAGTTAGGGTG-1,CSF,-0.07157349201915446
HC,CSF_2,GCGAGAATCCTGCCAT-1,CSF,-0.07157349201915446
HC,CSF_2,GCGCCAATCTGGTTCC-1,CSF,-0.08620773494271251
HC,CSF_2,GCTGCGACATCACGAT-1,CSF,0.12598447196111642
HC,CSF_2,GCTTCCAGTACAGCAG-1,CSF,0.09656337523812589
HC,CSF_2,GGAAAGCCACACGCTG-1,CSF,-0.07157349201915446
HC,CSF_2,GGACAAGAGTGTGAAT-1,CSF,-0.016280442269984517
HC,CSF_2,GGACATTTCTGGTATG-1,CSF,-0.07157349201915446
HC,CSF_2,GGAGCAATCACTGGGC-1,CSF,-0.475436065782525
HC,CSF_2,GGCAATTCAGATTGCT-1,CSF,-0.07157349201915446
HC,CSF_2,GGCCGATGTCATATGC-1,CSF,0.14426944398632832
HC,CSF_2,GGCTCGAGTAGCTCCG-1,CSF,-0.05374505898446073
HC,CSF_2,GGGTTGCTCGCACTCT-1,CSF,0.2769212263599195
HC,CSF_2,GTAACGTCAAAGGAAG-1,CSF,-0.07157349201915446
HC,CSF_2,GTAACGTCACCTCGTT-1,CSF,-0.2758722062184723
HC,CSF_2,GTACTCCTCTCCTATA-1,CSF,-0.07157349201915446
HC,CSF_2,GTACTTTAGAAGAAGC-1,CSF,-0.2589675645642345
HC,CSF_2,GTAGGCCCACTTCTGC-1,CSF,0.515509770084796
HC,CSF_2,GTATTCTGTACCTACA-1,CSF,-0.3660915847193838
HC,CSF_2,GTCACAAGTTGTCTTT-1,CSF,-0.041578295698001026
HC,CSF_2,GTCATTTCACCGTTGG-1,CSF,-0.3234756415393782
HC,CSF_2,GTCGGGTAGAGGGCTT-1,CSF,-0.23232698018049044
HC,CSF_2,GTCGTAACACTAGTAC-1,CSF,-0.34908521691619365
HC,CSF_2,GTGCAGCAGAATGTTG-1,CSF,-0.07157349201915446
HC,CSF_2,GTGCAGCGTCCCTACT-1,CSF,0.12890464306378255
HC,CSF_2,GTGCAGCTCTGTCTCG-1,CSF,-0.19326985670571759
HC,CSF_2,GTGCTTCAGGTGCACA-1,CSF,-0.01687824430486578
HC,CSF_2,TAAGCGTGTCTGATTG-1,CSF,-0.10289343459313426
HC,CSF_2,TACCTTATCATGTAGC-1,CSF,-0.03911358932964843
HC,CSF_2,TACTCATCATCCAACA-1,CSF,-0.1512123594250347
HC,CSF_2,TACTCGCCACCGATAT-1,CSF,-0.07157349201915446
HC,CSF_2,TAGACCACACCCATGG-1,CSF,-0.2113679417381197
HC,CSF_2,TAGAGCTAGGCTCTTA-1,CSF,0.23986045406190643
HC,CSF_2,TAGTGGTCAATAAGCA-1,CSF,-0.2941479787004672
HC,CSF_2,TATGCCCTCTGTCTAT-1,CSF,-0.31910023673208515
HC,CSF_2,TCAATCTTCTAACGGT-1,CSF,0.16799533855374246
HC,CSF_2,TCACGAATCGGATGTT-1,CSF,0.015233339145775912
HC,CSF_2,TCACGAATCGGCGCAT-1,CSF,-0.250735398199204
HC,CSF_2,TCAGATGGTAGCCTCG-1,CSF,-0.23531113036304477
HC,CSF_2,TCAGCTCAGAGCTGCA-1,CSF,0.03852655521567272
HC,CSF_2,TCAGGATTCATCACCC-1,CSF,0.17422981207583635
HC,CSF_2,TCGCGAGTCTCGATGA-1,CSF,-0.24651910410078642
HC,CSF_2,TCGGGACAGGAATTAC-1,CSF,-0.07157349201915446
HC,CSF_2,TGCGTGGAGGATGTAT-1,CSF,-0.2709949571913003
HC,CSF_2,TGCTACCCAATCTGCA-1,CSF,-0.8219605990390003
HC,CSF_2,TGGCCAGCATCCCATC-1,CSF,0.13983645259888167
HC,CSF_2,TGGCCAGGTACGAAAT-1,CSF,-0.2644920910792919
HC,CSF_2,TGGCGCAAGCCAGAAC-1,CSF,-0.07157349201915446
HC,CSF_2,TGTGTTTTCTTTAGGG-1,CSF,0.0065123361764620625
HC,CSF_2,TTAACTCCATGGTCTA-1,CSF,-0.07157349201915446
HC,CSF_2,TTAACTCTCAAAGACA-1,CSF,-0.017530590373384718
HC,CSF_2,TTATGCTTCCGAAGAG-1,CSF,-0.8573112646127395
HC,CSF_2,TTCTCCTCATCGATTG-1,CSF,-0.1871925136203262
HC,CSF_2,TTCTTAGCAATCTGCA-1,CSF,0.22298990305239183
HC,CSF_2,TTGACTTGTGTTCTTT-1,CSF,0.1626305062597555
HC,CSF_2,TTGACTTTCGAATCCA-1,CSF,-0.07157349201915446
HC,CSF_2,TTGCGTCTCCTTGCCA-1,CSF,0.07290034304905121
HC,CSF_2,TTTGCGCTCTAACGGT-1,CSF,-0.30230088027217245
HC,CSF_2,TTTGCGCTCTTAGCCC-1,CSF,-0.07157349201915446
HC,CSF_2,TTTGTCATCAACGGGA-1,CSF,0.6650531029447874
HC,CSF_3,AAACCTGGTGTGAATA-1,CSF,-0.07157349201915446
HC,CSF_3,AAACGGGTCGCCTGTT-1,CSF,-0.07157349201915446
HC,CSF_3,AAATGCCTCGCCAAAT-1,CSF,-0.23805617489049388
HC,CSF_3,AACCATGGTAGTACCT-1,CSF,-0.28041410801528693
HC,CSF_3,AACGTTGTCTTGAGGT-1,CSF,-0.07157349201915446
HC,CSF_3,AACTCAGCACATGGGA-1,CSF,-0.41152762682049443
HC,CSF_3,AACTCCCAGAGTTGGC-1,CSF,-0.18537949396170061
HC,CSF_3,AACTCTTCAGGACCCT-1,CSF,-0.21502648287889592
HC,CSF_3,AACTCTTGTCTAGTGT-1,CSF,0.6486832225969029
HC,CSF_3,AAGCCGCGTACCATCA-1,CSF,0.3270780724407344
HC,CSF_3,AAGGAGCGTGTGGTTT-1,CSF,-0.07157349201915446
HC,CSF_3,ACACCAAGTCATCGGC-1,CSF,0.030955283553622055
HC,CSF_3,ACACCCTCACCAGCAC-1,CSF,0.2197688972669953
HC,CSF_3,ACACTGACACAGCGTC-1,CSF,-0.1954067464975762
HC,CSF_3,ACAGCTACACCAGCAC-1,CSF,0.25017065463434135
HC,CSF_3,ACAGCTACATGGATGG-1,CSF,0.2577333204894007
HC,CSF_3,ACATCAGAGAGTGAGA-1,CSF,-0.07157349201915446
HC,CSF_3,ACCAGTAAGTCTCCTC-1,CSF,-0.29293112723604464
HC,CSF_3,ACCCACTGTCAGGACA-1,CSF,0.28326367451910334
HC,CSF_3,ACCGTAACATGCAATC-1,CSF,0.23679028987008932
HC,CSF_3,ACGAGCCTCACCTCGT-1,CSF,-0.07157349201915446
HC,CSF_3,ACGCAGCGTTCCACTC-1,CSF,0.27957383401696656
HC,CSF_3,ACGCAGCGTTTGGGCC-1,CSF,-0.5782125293872752
HC,CSF_3,ACGGAGAAGTCAATAG-1,CSF,-0.1893251141615338
HC,CSF_3,ACGGCCATCGAACGGA-1,CSF,-0.46491971249189007
HC,CSF_3,ACGGGTCAGCGTTGCC-1,CSF,0.3079560414412835
HC,CSF_3,ACTATCTAGGCGACAT-1,CSF,0.17954563088036116
HC,CSF_3,ACTGCTCCAGTCTTCC-1,CSF,0.5130291002037797
HC,CSF_3,ACTGCTCTCTGCGTAA-1,CSF,-0.07157349201915446
HC,CSF_3,ACTGTCCCAACGATGG-1,CSF,-0.07157349201915446
HC,CSF_3,ACTTACTGTCACAAGG-1,CSF,-0.1643076031749521
HC,CSF_3,ACTTTCACAGGATCGA-1,CSF,-0.21860028854040126
HC,CSF_3,AGAGCGAGTGACAAAT-1,CSF,-0.07157349201915446
HC,CSF_3,AGAGCTTAGATACACA-1,CSF,0.11451951443284379
HC,CSF_3,AGAGCTTCAAACAACA-1,CSF,-0.07157349201915446
HC,CSF_3,AGAGCTTGTGCAGGTA-1,CSF,-0.25073408611274683
HC,CSF_3,AGAGTGGTCTACTCAT-1,CSF,-0.23033261926511797
HC,CSF_3,AGATCTGAGTCATGCT-1,CSF,0.01624098306245712
HC,CSF_3,AGCGGTCAGCCTTGAT-1,CSF,-0.07157349201915446
HC,CSF_3,AGCGTATGTCGCTTCT-1,CSF,-0.07157349201915446
HC,CSF_3,AGCGTCGAGAGTAAGG-1,CSF,-0.07157349201915446
HC,CSF_3,AGCTCTCGTCGTGGCT-1,CSF,-0.07157349201915446
HC,CSF_3,AGGCCACAGTATCGAA-1,CSF,-0.07157349201915446
HC,CSF_3,AGGGAGTTCTCGCATC-1,CSF,-0.3567293716888467
HC,CSF_3,AGGGATGAGAATTCCC-1,CSF,-0.07157349201915446
HC,CSF_3,AGGGATGCAGACGCCT-1,CSF,-0.07157349201915446
HC,CSF_3,AGGGTGACACCGAAAG-1,CSF,-0.24139184394388455
HC,CSF_3,AGGGTGAGTGTTCTTT-1,CSF,-0.23069297089284918
HC,CSF_3,AGTAGTCCAGCCTATA-1,CSF,-0.07157349201915446
HC,CSF_3,AGTAGTCGTCCGTCAG-1,CSF,-0.07157349201915446
HC,CSF_3,AGTGGGAGTGTGACCC-1,CSF,0.38250690530197357
HC,CSF_3,AGTTGGTGTGGAAAGA-1,CSF,-0.07157349201915446
HC,CSF_3,ATAACGCTCCGTTGCT-1,CSF,0.34677666858543504
HC,CSF_3,ATAAGAGAGGAGTCTG-1,CSF,-0.07157349201915446
HC,CSF_3,ATCATGGAGTGCCAGA-1,CSF,-0.07157349201915446
HC,CSF_3,ATCATGGTCTAACGGT-1,CSF,-0.07157349201915446
HC,CSF_3,ATCCACCCAGACAGGT-1,CSF,0.22473302892416472
HC,CSF_3,ATCCACCCAGTCAGAG-1,CSF,-0.07157349201915446
HC,CSF_3,ATCGAGTCAATGAAAC-1,CSF,0.15999996462642227
HC,CSF_3,ATGAGGGTCCCTTGTG-1,CSF,-0.21543029631961502
HC,CSF_3,ATGGGAGGTGACAAAT-1,CSF,-0.07157349201915446
HC,CSF_3,ATTCTACGTGTGTGCC-1,CSF,-0.07157349201915446
HC,CSF_3,ATTCTACTCACCACCT-1,CSF,-0.8685469447228371
HC,CSF_3,ATTGGACCATTCTTAC-1,CSF,-0.07157349201915446
HC,CSF_3,ATTGGTGCATGTAGTC-1,CSF,-0.07157349201915446
HC,CSF_3,ATTTCTGGTGGGTATG-1,CSF,-0.3620628733228613
HC,CSF_3,CAACCAAGTGTAACGG-1,CSF,0.16316455048786843
HC,CSF_3,CAACCAATCAGCACAT-1,CSF,-0.389871133898915
HC,CSF_3,CAACTAGGTTATTCTC-1,CSF,-0.3015733662012859
HC,CSF_3,CAACTAGTCGTTGCCT-1,CSF,-0.07157349201915446
HC,CSF_3,CAAGATCCAAGCCCAC-1,CSF,0.461740751306194
HC,CSF_3,CAAGGCCCAGCATACT-1,CSF,-0.07157349201915446
HC,CSF_3,CAAGGCCGTGAAGGCT-1,CSF,-0.21889710361473455
HC,CSF_3,CAAGTTGCACGACTCG-1,CSF,0.2162591318724662
HC,CSF_3,CAAGTTGTCGTCACGG-1,CSF,-0.07157349201915446
HC,CSF_3,CACAAACCACCCATGG-1,CSF,-0.19486600325251993
HC,CSF_3,CACAAACTCATCACCC-1,CSF,-0.07157349201915446
HC,CSF_3,CACACCTGTCTCTCGT-1,CSF,-0.07157349201915446
HC,CSF_3,CACACTCTCCAGGGCT-1,CSF,-0.07157349201915446
HC,CSF_3,CACAGTAAGAGTGAGA-1,CSF,-0.25651900398198046
HC,CSF_3,CACCACTAGATCCGAG-1,CSF,-0.07157349201915446
HC,CSF_3,CACCAGGTCCAAATGC-1,CSF,0.13434591633370294
HC,CSF_3,CACCAGGTCCACGTTC-1,CSF,-0.1482989174238679
HC,CSF_3,CAGATCAAGCCAGGAT-1,CSF,-0.07157349201915446
HC,CSF_3,CAGCAGCGTAAGGATT-1,CSF,-0.5194598577069077
HC,CSF_3,CAGCGACAGTGAACAT-1,CSF,-0.5324066576523113
HC,CSF_3,CAGCTAACACCTATCC-1,CSF,0.11061149226754909
HC,CSF_3,CAGCTGGGTTGGTGGA-1,CSF,-0.33824525279557577
HC,CSF_3,CAGGTGCGTTGAGTTC-1,CSF,-0.07157349201915446
HC,CSF_3,CAGGTGCTCTGAAAGA-1,CSF,-0.21275006754061357
HC,CSF_3,CAGTAACGTCAGCTAT-1,CSF,-0.07157349201915446
HC,CSF_3,CATATGGTCTGGCGAC-1,CSF,-0.4710554444052061
HC,CSF_3,CATATTCCATTTCAGG-1,CSF,-0.07157349201915446
HC,CSF_3,CATATTCTCGGTCCGA-1,CSF,0.2100437916961562
HC,CSF_3,CATCCACCATCCCACT-1,CSF,-0.2963054779247966
HC,CSF_3,CATCGAACACATTTCT-1,CSF,-0.1295930072853946
HC,CSF_3,CATGACATCGTGGACC-1,CSF,-0.07157349201915446
HC,CSF_3,CATGCCTCACAACGTT-1,CSF,0.14488404006675362
HC,CSF_3,CATGGCGCAGTATCTG-1,CSF,-0.5196791796806577
HC,CSF_3,CCAATCCAGAGTACAT-1,CSF,0.3544049274927457
HC,CSF_3,CCAGCGACAGTATAAG-1,CSF,-0.07157349201915446
HC,CSF_3,CCATGTCGTGAGTGAC-1,CSF,0.37870209770552543
HC,CSF_3,CCCATACGTCCATCCT-1,CSF,-0.5592818211108738
HC,CSF_3,CCGGGATAGTCACGCC-1,CSF,0.3842721560192261
HC,CSF_3,CCGGTAGTCTGCGACG-1,CSF,-0.0008566124568671182
HC,CSF_3,CCGTACTTCAGTGCAT-1,CSF,0.17615327911930276
HC,CSF_3,CCGTGGACACATTTCT-1,CSF,-0.43480013388315136
HC,CSF_3,CCTACCACAGTCAGAG-1,CSF,0.1009698920251251
HC,CSF_3,CCTCAGTCACCACCAG-1,CSF,0.059431013097580934
HC,CSF_3,CCTTCCCCACTATCTT-1,CSF,-0.06871060446103873
HC,CSF_3,CGAACATAGACAGAGA-1,CSF,-0.7708711789492123
HC,CSF_3,CGACCTTAGACGCAAC-1,CSF,0.16623938423412718
HC,CSF_3,CGACCTTAGCTACCGC-1,CSF,0.3414585991083478
HC,CSF_3,CGACTTCCAGATGGGT-1,CSF,-0.07157349201915446
HC,CSF_3,CGACTTCGTGAGCGAT-1,CSF,-0.34789856416858594
HC,CSF_3,CGAGCACCAGCCTGTG-1,CSF,0.18671395392303167
HC,CSF_3,CGATCGGCAATCACAC-1,CSF,-0.07157349201915446
HC,CSF_3,CGATGGCTCGTTTAGG-1,CSF,-0.24239306177392758
HC,CSF_3,CGATGTAGTACCATCA-1,CSF,0.19937778328749461
HC,CSF_3,CGATTGAAGACAGAGA-1,CSF,0.37829654194805895
HC,CSF_3,CGATTGAGTGGTACAG-1,CSF,-0.07157349201915446
HC,CSF_3,CGCCAAGCAGCTTCGG-1,CSF,0.34392599889603487
HC,CSF_3,CGCGGTAAGGCAAAGA-1,CSF,-0.2936502612448929
HC,CSF_3,CGCGGTAGTATCACCA-1,CSF,0.19300994455073356
HC,CSF_3,CGCGGTATCTGCAAGT-1,CSF,0.21001853754060607
HC,CSF_3,CGGACGTTCCTACAGA-1,CSF,-0.07157349201915446
HC,CSF_3,CGGACTGGTAAGTGTA-1,CSF,-0.3635979179347383
HC,CSF_3,CGGAGTCGTCTGGAGA-1,CSF,-0.07157349201915446
HC,CSF_3,CGGCTAGGTAACGCGA-1,CSF,-0.22825209324375723
HC,CSF_3,CGTAGGCCACATTTCT-1,CSF,-0.07157349201915446
HC,CSF_3,CGTCACTAGGAGTACC-1,CSF,0.10313532558981145
HC,CSF_3,CGTCACTTCCATGCTC-1,CSF,-0.07157349201915446
HC,CSF_3,CGTGTCTTCGGAAACG-1,CSF,-0.07157349201915446
HC,CSF_3,CGTTAGAGTTGATTGC-1,CSF,-0.31862155844818446
HC,CSF_3,CTAACTTGTCCGAACC-1,CSF,-0.07157349201915446
HC,CSF_3,CTAACTTTCTTGACGA-1,CSF,0.24428189331301495
HC,CSF_3,CTAATGGCATCGGGTC-1,CSF,-0.1066493292636651
HC,CSF_3,CTACATTCATCCTAGA-1,CSF,-0.07157349201915446
HC,CSF_3,CTACCCAAGGCCATAG-1,CSF,0.30984835543730904
HC,CSF_3,CTAGCCTCACAACGCC-1,CSF,0.3799029551269946
HC,CSF_3,CTAGCCTCAGTAACGG-1,CSF,0.49840252085109854
HC,CSF_3,CTAGCCTTCGCCTGAG-1,CSF,-0.07157349201915446
HC,CSF_3,CTAGTGACAAACTGCT-1,CSF,-0.07157349201915446
HC,CSF_3,CTAGTGAGTATAGTAG-1,CSF,0.35830654723278244
HC,CSF_3,CTCCTAGAGCGTAATA-1,CSF,-0.07157349201915446
HC,CSF_3,CTCCTAGCAATCGGTT-1,CSF,-0.8957964489202473
HC,CSF_3,CTCCTAGGTTAGAACA-1,CSF,0.20651188006178617
HC,CSF_3,CTCCTAGTCTCCAGGG-1,CSF,-0.07157349201915446
HC,CSF_3,CTCGAAACAGGTCCAC-1,CSF,-0.07157349201915446
HC,CSF_3,CTCGAAATCACTTACT-1,CSF,-0.07157349201915446
HC,CSF_3,CTCGAGGGTCAATGTC-1,CSF,0.2779438692928934
HC,CSF_3,CTCGAGGGTTCTGAAC-1,CSF,-0.07157349201915446
HC,CSF_3,CTCGTACGTCGCTTCT-1,CSF,-0.13357324968958761
HC,CSF_3,CTCGTCATCTTCATGT-1,CSF,-0.07157349201915446
HC,CSF_3,CTCTGGTGTGGACGAT-1,CSF,0.18473466777750613
HC,CSF_3,CTGATAGGTTCTGTTT-1,CSF,-0.07157349201915446
HC,CSF_3,CTGCCTACACGTTGGC-1,CSF,-0.07157349201915446
HC,CSF_3,CTGCGGACAGGGATTG-1,CSF,0.19775438053158437
HC,CSF_3,CTGGTCTCACTCTGTC-1,CSF,-0.255454962338022
HC,CSF_3,CTGTGCTAGGACATTA-1,CSF,-0.07157349201915446
HC,CSF_3,CTTAACTGTGTGGTTT-1,CSF,-0.19646076070543744
HC,CSF_3,CTTTGCGAGTGGAGAA-1,CSF,0.03658066769700458
HC,CSF_3,GAAACTCTCCTGCCAT-1,CSF,-0.07157349201915446
HC,CSF_3,GAAACTCTCGCACTCT-1,CSF,-0.4038358868904465
HC,CSF_3,GAAGCAGAGAAACCTA-1,CSF,0.28507235084912363
HC,CSF_3,GAATAAGTCCTTTACA-1,CSF,0.17238564570129436
HC,CSF_3,GAATGAACAACGATCT-1,CSF,-0.07157349201915446
HC,CSF_3,GACAGAGCAAATCCGT-1,CSF,-0.07157349201915446
HC,CSF_3,GACCAATGTATATGAG-1,CSF,-0.17607363725983158
HC,CSF_3,GACCTGGGTACCGCTG-1,CSF,0.040842291428764735
HC,CSF_3,GACGGCTCACGTTGGC-1,CSF,-0.07157349201915446
HC,CSF_3,GACGTGCAGATCCGAG-1,CSF,-0.015552251769297528
HC,CSF_3,GACGTGCTCTCGGACG-1-1,CSF,-0.14834535188155135
HC,CSF_3,GACGTTAAGTCAATAG-1,CSF,-0.07157349201915446
HC,CSF_3,GACTAACCACAGACAG-1,CSF,-0.26480152067933477
HC,CSF_3,GACTACAAGCGTTTAC-1,CSF,-0.41310482986342084
HC,CSF_3,GACTACACAACGATGG-1,CSF,-0.6441137064358612
HC,CSF_3,GACTGCGCACTCAGGC-1,CSF,0.6402629202313552
HC,CSF_3,GAGGTGAGTTATCACG-1,CSF,-0.07157349201915446
HC,CSF_3,GATCGATCAGCTTAAC-1,CSF,-0.17045156104862516
HC,CSF_3,GATCGCGAGGAATTAC-1,CSF,-0.4456234292602706
HC,CSF_3,GATCGCGTCAGCATGT-1,CSF,-0.07157349201915446
HC,CSF_3,GATCGCGTCCCTTGCA-1,CSF,0.04658961172889271
HC,CSF_3,GATCGTACACCAGGCT-1,CSF,0.35791706991269495
HC,CSF_3,GATGAGGCAGCGATCC-1,CSF,-0.07157349201915446
HC,CSF_3,GATTCAGTCATTGCCC-1,CSF,-0.07157349201915446
HC,CSF_3,GATTCAGTCGAATCCA-1,CSF,-0.07157349201915446
HC,CSF_3,GCAAACTCACGCGAAA-1,CSF,-0.07157349201915446
HC,CSF_3,GCAGCCATCGTTACAG-1,CSF,0.0741437616370365
HC,CSF_3,GCATACACATGCAATC-1,CSF,0.3425285010309952
HC,CSF_3,GCATGATGTCCCTACT-1,CSF,-0.07157349201915446
HC,CSF_3,GCATGCGGTAGGACAC-1,CSF,-0.07157349201915446
HC,CSF_3,GCATGCGGTCTAGAGG-1,CSF,-0.2405415180895942
HC,CSF_3,GCCAAATCAGGTCCAC-1,CSF,-0.07157349201915446
HC,CSF_3,GCCTCTACACGGTGTC-1,CSF,-0.07157349201915446
HC,CSF_3,GCGCAACAGCTAAGAT-1,CSF,-0.27812229535111005
HC,CSF_3,GCGCAGTGTATATCCG-1,CSF,-0.07157349201915446
HC,CSF_3,GCGCAGTTCATTTGGG-1,CSF,-0.26552597791125393
HC,CSF_3,GCGCCAAGTTTGTGTG-1,CSF,0.29271797351368567
HC,CSF_3,GCGCGATTCATCGATG-1,CSF,-0.21678620451113334
HC,CSF_3,GCGGGTTTCGCAAGCC-1,CSF,-0.07157349201915446
HC,CSF_3,GCTCTGTGTACCATCA-1,CSF,-0.07157349201915446
HC,CSF_3,GCTGCGACACGTTGGC-1,CSF,0.30378616807339076
HC,CSF_3,GCTGCGACATATACGC-1,CSF,0.3490491497248599
HC,CSF_3,GCTGCTTAGCCAGGAT-1,CSF,-0.18717514421821685
HC,CSF_3,GCTTCCAAGTCAAGCG-1,CSF,-0.3216501542348923
HC,CSF_3,GGAACTTCACCCATGG-1,CSF,-0.12743221477494326
HC,CSF_3,GGAATAAGTGACAAAT-1,CSF,-0.07157349201915446
HC,CSF_3,GGACAAGCAGGTCGTC-1,CSF,-0.07157349201915446
HC,CSF_3,GGACAAGTCAGGCGAA-1,CSF,-0.07157349201915446
HC,CSF_3,GGACAGAGTTGGTTTG-1,CSF,0.3607528049257013
HC,CSF_3,GGACATTCATGTTCCC-1,CSF,-0.24475924112449338
HC,CSF_3,GGACATTGTACCTACA-1,CSF,-0.34696170712227775
HC,CSF_3,GGAGCAACAGTTTACG-1,CSF,0.6648704347331967
HC,CSF_3,GGAGCAAGTAACGACG-1,CSF,-0.07157349201915446
HC,CSF_3,GGATGTTGTTTGGGCC-1,CSF,-0.05725518122280788
HC,CSF_3,GGATTACCAATTCCTT-1,CSF,-0.20615227324532462
HC,CSF_3,GGCCGATGTTGTTTGG-1,CSF,-0.07157349201915446
HC,CSF_3,GGCGTGTGTACCGGCT-1,CSF,-0.21413564619845804
HC,CSF_3,GGCTCGAGTAGAGGAA-1,CSF,-0.5805927487637954
HC,CSF_3,GGCTCGATCATGTCCC-1,CSF,-0.3540588005878532
HC,CSF_3,GGGAATGAGGACAGAA-1,CSF,-0.07157349201915446
HC,CSF_3,GGGACCTCATGCAACT-1,CSF,-0.16440279530166133
HC,CSF_3,GGGACCTGTGAAAGAG-1,CSF,-0.07157349201915446
HC,CSF_3,GGGAGATTCACTATTC-1,CSF,-0.07157349201915446
HC,CSF_3,GGGATGATCTCGTATT-1,CSF,-0.07157349201915446
HC,CSF_3,GGGCACTCAGATCGGA-1,CSF,0.37602464605882174
HC,CSF_3,GGGCACTGTATGAAAC-1,CSF,-0.07157349201915446
HC,CSF_3,GGTATTGTCTGCGTAA-1,CSF,-0.24366645255553002
HC,CSF_3,GGTGAAGTCTCAAACG-1,CSF,-0.5454928284066268
HC,CSF_3,GTAACGTGTTCGGCAC-1,CSF,0.3145226584988833
HC,CSF_3,GTAGGCCCACGGCGTT-1,CSF,-0.15503716622355096
HC,CSF_3,GTATCTTGTTCAGTAC-1,CSF,-0.07157349201915446
HC,CSF_3,GTATCTTTCAACGGCC-1,CSF,-0.5895064830893426
HC,CSF_3,GTCACGGTCGTCTGCT-1,CSF,0.24688171912733622
HC,CSF_3,GTCATTTAGGCGCTCT-1,CSF,-0.4445892568720566
HC,CSF_3,GTCGGGTTCTTGTACT-1,CSF,-0.07157349201915446
HC,CSF_3,GTCTCGTAGACGCACA-1,CSF,-0.07157349201915446
HC,CSF_3,GTGCGGTCATCAGTCA-1,CSF,0.4105920383492975
HC,CSF_3,GTGCGGTGTCTCCACT-1,CSF,0.7384639101503199
HC,CSF_3,GTGCGGTTCCTAGAAC-1,CSF,-0.20979179356956232
HC,CSF_3,GTGGGTCTCCATGAAC-1,CSF,0.13346223797482754
HC,CSF_3,GTTACAGAGCGGATCA-1,CSF,-0.07157349201915446
HC,CSF_3,GTTCATTCACATTTCT-1,CSF,0.5810574400902863
HC,CSF_3,GTTCGGGAGTCAATAG-1,CSF,-0.07157349201915446
HC,CSF_3,GTTTCTAAGTGTTTGC-1,CSF,-0.22836800479488506
HC,CSF_3,GTTTCTACACCCATTC-1,CSF,-0.2615469033903498
HC,CSF_3,TAAGCGTGTCCAGTGC-1,CSF,-0.07157349201915446
HC,CSF_3,TACACGAAGATCCTGT-1,CSF,-0.07157349201915446
HC,CSF_3,TACACGATCAGTGTTG-1,CSF,-0.5898146002556682
HC,CSF_3,TACACGATCTCAACTT-1,CSF,0.12261294506819587
HC,CSF_3,TACGGGCAGGCCGAAT-1,CSF,-0.39170086556128025
HC,CSF_3,TACTCGCAGTGTACCT-1,CSF,0.30841838558705714
HC,CSF_3,TACTTACAGCAGGCTA-1,CSF,-0.3289136626636068
HC,CSF_3,TACTTGTTCATAAAGG-1,CSF,-0.07157349201915446
HC,CSF_3,TAGACCACAACACCCG-1,CSF,0.08312587663033792
HC,CSF_3,TAGACCACATCTATGG-1,CSF,-0.07157349201915446
HC,CSF_3,TAGTGGTCAGAAGCAC-1,CSF,-0.26609499710935575
HC,CSF_3,TATCAGGGTTCTGGTA-1,CSF,-0.07157349201915446
HC,CSF_3,TATCTCAAGATATACG-1,CSF,-0.19634997825048442
HC,CSF_3,TCACAAGGTGCAACTT-1,CSF,-0.6224607430451218
HC,CSF_3,TCACAAGTCGTAGGAG-1,CSF,0.6209808630169135
HC,CSF_3,TCAGCAAGTCACTGGC-1,CSF,-0.07157349201915446
HC,CSF_3,TCAGGTACAGCGTTCG-1,CSF,-0.25084389494278997
HC,CSF_3,TCAGGTAGTCACAAGG-1,CSF,-0.12230143151351527
HC,CSF_3,TCCACACCATGTCCTC-1,CSF,-0.07157349201915446
HC,CSF_3,TCCCGATGTCTACCTC-1,CSF,-0.07157349201915446
HC,CSF_3,TCGAGGCGTCCTCTTG-1,CSF,-0.07157349201915446
HC,CSF_3,TCGAGGCTCGTTACGA-1,CSF,0.5430962138365709
HC,CSF_3,TCGCGTTTCAGCCTAA-1,CSF,-0.13599644748566814
HC,CSF_3,TCGTACCCAGCTGCAC-1,CSF,-0.33612223534392627
HC,CSF_3,TCGTAGAGTTACTGAC-1,CSF,0.19738903107377512
HC,CSF_3,TCTCATAGTCACCTAA-1,CSF,0.3543479807165523
HC,CSF_3,TCTCTAAAGCCATCGC-1,CSF,0.19767520065251606
HC,CSF_3,TCTCTAATCCGATATG-1,CSF,-0.2964442098022881
HC,CSF_3,TCTGAGAGTCTTGATG-1,CSF,-0.07157349201915446
HC,CSF_3,TCTGGAAAGATAGTCA-1,CSF,0.1648936260147442
HC,CSF_3,TCTTCGGGTCTTCAAG-1,CSF,-0.3181081073795782
HC,CSF_3,TCTTCGGTCTGTCTCG-1,CSF,0.17274653611307506
HC,CSF_3,TGACGGCCAGGTCTCG-1,CSF,0.23350393861723978
HC,CSF_3,TGACTAGAGGCATTGG-1,CSF,-0.225497076019358
HC,CSF_3,TGACTAGGTACGAAAT-1,CSF,-0.24846915352597904
HC,CSF_3,TGACTTTAGAAACCGC-1,CSF,-0.07157349201915446
HC,CSF_3,TGAGCCGAGTGTACGG-1,CSF,-0.5906369788062188
HC,CSF_3,TGCCAAAGTTTACTCT-1,CSF,-0.07157349201915446
HC,CSF_3,TGCGCAGCATTGGCGC-1,CSF,0.36286380869410884
HC,CSF_3,TGCGCAGTCCGAGCCA-1,CSF,-0.07157349201915446
HC,CSF_3,TGGACGCGTCGAACAG-1,CSF,-0.21058876076384264
HC,CSF_3,TGGCGCACACTTCGAA-1,CSF,-0.6764132079029045
HC,CSF_3,TGGCGCATCAGTCCCT-1,CSF,-0.22378698918278458
HC,CSF_3,TGGCTGGCAGAGCCAA-1,CSF,-0.34427635912915416
HC,CSF_3,TGGGAAGGTCCAAGTT-1,CSF,-0.47076754645273844
HC,CSF_3,TGGTTAGTCTCAACTT-1,CSF,0.6806664443121343
HC,CSF_3,TGGTTCCCATCTGGTA-1,CSF,-0.8882882690145915
HC,CSF_3,TGTCCCAGTGACGGTA-1,CSF,0.11135176774253276
HC,CSF_3,TGTGGTACAATGGAGC-1,CSF,0.09679464803149425
HC,CSF_3,TGTGGTATCCGCAGTG-1,CSF,-0.07157349201915446
HC,CSF_3,TGTGTTTGTACGACCC-1,CSF,0.04372400379613582
HC,CSF_3,TGTTCCGTCAGTTTGG-1,CSF,0.1451839155920374
HC,CSF_3,TTAACTCAGCCACTAT-1,CSF,-0.07157349201915446
HC,CSF_3,TTAACTCCACGAAGCA-1,CSF,0.2556806344721137
HC,CSF_3,TTAGGCAGTCCTCCAT-1,CSF,-0.37240510639334595
HC,CSF_3,TTCCCAGCAGTAAGCG-1,CSF,-0.07157349201915446
HC,CSF_3,TTCGGTCGTAGCGTAG-1,CSF,-0.07157349201915446
HC,CSF_3,TTCGGTCGTATTAGCC-1,CSF,0.23798537464604388
HC,CSF_3,TTCTACAGTCGGCATC-1,CSF,0.11918793732825131
HC,CSF_3,TTCTCAATCGCCATAA-1,CSF,-0.07157349201915446
HC,CSF_3,TTCTCCTTCATCATTC-1,CSF,-0.28450171249806117
HC,CSF_3,TTGCGTCTCTCTTATG-1,CSF,-0.07157349201915446
HC,CSF_3,TTTATGCTCCACTGGG-1,CSF,-0.07157349201915446
HC,CSF_3,TTTGGTTAGATCCGAG-1,CSF,-0.07157349201915446
HC,CSF_3,TTTGGTTCAGGAATCG-1,CSF,-0.27274018284628176
HC,CSF_3,TTTGTCACAGCGTTCG-1,CSF,0.4144575327611904
MS,CSF_6,AAACCTGGTTGGTGGA-1,CSF,0.23943760788620377
MS,CSF_6,AAACGGGAGGGATGGG-1,CSF,-0.21775108687157388
MS,CSF_6,AAAGATGGTGGTCCGT-1,CSF,-0.029974568835389015
MS,CSF_6,AAAGATGGTTTCCACC-1,CSF,0.014798145032947805
MS,CSF_6,AAAGATGTCTTAGAGC-1,CSF,-0.15680883232633236
MS,CSF_6,AAAGCAAGTACTTGAC-1,CSF,0.12997572792384063
MS,CSF_6,AAAGTAGTCCAGATCA-1,CSF,-0.3745340611061911
MS,CSF_6,AAATGCCCACACATGT-1,CSF,0.17756637225814928
MS,CSF_6,AAATGCCGTAGAGGAA-1,CSF,0.5031463069661143
MS,CSF_6,AAATGCCGTCCGTTAA-1,CSF,0.2139530354090699
MS,CSF_6,AAATGCCTCACCTCGT-1,CSF,0.3337201567646564
MS,CSF_6,AAATGCCTCCAAGCCG-1,CSF,0.10007918290345215
MS,CSF_6,AAATGCCTCGAATGGG-1,CSF,-0.013953943472730237
MS,CSF_6,AACACGTTCCACGTTC-1,CSF,-0.07157349201915446
MS,CSF_6,AACACGTTCGGCATCG-1,CSF,-0.38144316721317256
MS,CSF_6,AACCATGAGCACGCCT-1,CSF,-0.36470946365124995
MS,CSF_6,AACCATGCAAGAAAGG-1,CSF,-0.04359153755795998
MS,CSF_6,AACCATGGTGTAAGTA-1,CSF,0.23783823240439902
MS,CSF_6,AACCATGGTTGTCTTT-1,CSF,0.012305396609369421
MS,CSF_6,AACCGCGTCCTGCTTG-1,CSF,-0.07157349201915446
MS,CSF_6,AACGTTGCACTGTCGG-1,CSF,-0.32962888278879116
MS,CSF_6,AACGTTGTCCTAGTGA-1,CSF,-0.07157349201915446
MS,CSF_6,AACTCTTAGTGTGAAT-1,CSF,-0.07157349201915446
MS,CSF_6,AACTCTTCACGAAATA-1,CSF,0.5667246370738154
MS,CSF_6,AACTCTTCATCAGTCA-1,CSF,-0.20020334686460256
MS,CSF_6,AACTCTTGTCTAAACC-1,CSF,-0.07157349201915446
MS,CSF_6,AACTCTTTCCTAGGGC-1,CSF,-0.07157349201915446
MS,CSF_6,AACTGGTTCACGAAGG-1,CSF,-0.07157349201915446
MS,CSF_6,AACTTTCCACGCTTTC-1,CSF,-0.07157349201915446
MS,CSF_6,AACTTTCGTAAACACA-1,CSF,0.27093729443631026
MS,CSF_6,AAGACCTCAAGAAAGG-1,CSF,0.11577435644363285
MS,CSF_6,AAGACCTGTATATCCG-1,CSF,0.03538463134639352
MS,CSF_6,AAGACCTTCGGTCTAA-1,CSF,-0.07157349201915446
MS,CSF_6,AAGCCGCGTTCCTCCA-1,CSF,0.05806662146725604
MS,CSF_6,AAGCCGCTCGTGGTCG-1,CSF,-0.36826291576820747
MS,CSF_6,AATCGGTCAAACCTAC-1,CSF,-0.07157349201915446
MS,CSF_6,AATCGGTGTCATGCCG-1,CSF,0.6380965198633355
MS,CSF_6,AATCGGTTCCCAACGG-1,CSF,0.13708195419468022
MS,CSF_6,ACACCAAAGTCCAGGA-1,CSF,0.18243254865499553
MS,CSF_6,ACACCCTAGCTGCCCA-1,CSF,0.7311126282026057
MS,CSF_6,ACACCGGAGGTGCTTT-1,CSF,0.3823159741605114
MS,CSF_6,ACACCGGCATTAACCG-1,CSF,0.1760584419756286
MS,CSF_6,ACACCGGGTACCGAGA-1,CSF,0.17885043104354012
MS,CSF_6,ACACCGGGTCAGAAGC-1,CSF,0.011954091593503515
MS,CSF_6,ACACTGACAATAGAGT-1,CSF,0.26108733545764673
MS,CSF_6,ACAGCCGAGTTCGATC-1,CSF,0.06829794232275496
MS,CSF_6,ACAGCCGGTCGCTTCT-1,CSF,-0.27357735404752653
MS,CSF_6,ACAGCCGGTGGCGAAT-1,CSF,0.2318294208649647
MS,CSF_6,ACAGCCGTCTTCCTTC-1,CSF,0.17819626225338078
MS,CSF_6,ACATACGGTTGCGCAC-1,CSF,0.3928757483684277
MS,CSF_6,ACATCAGAGGTGTGGT-1,CSF,0.009260801666835818
MS,CSF_6,ACATCAGCATATACGC-1,CSF,-0.06546083341805428
MS,CSF_6,ACATCAGTCCCTAACC-1,CSF,0.02729709117748377
MS,CSF_6,ACCAGTATCTTAGCCC-1,CSF,-0.3839197519309378
MS,CSF_6,ACCCACTCACATTCGA-1,CSF,0.5167955200964449
MS,CSF_6,ACCCACTGTAGAGTGC-1,CSF,0.3299940651556575
MS,CSF_6,ACCCACTTCCCTTGCA-1,CSF,-0.07157349201915446
MS,CSF_6,ACCGTAAAGAGACTAT-1,CSF,0.17968268085311248
MS,CSF_6,ACCGTAACAATAGCAA-1,CSF,-0.36353255681648294
MS,CSF_6,ACCGTAACAGTATAAG-1,CSF,0.17769806720653838
MS,CSF_6,ACCGTAATCGTTTAGG-1,CSF,0.01705573708446671
MS,CSF_6,ACCTTTATCCGCATCT-1,CSF,-0.6385694152567941
MS,CSF_6,ACGAGCCCAAACAACA-1,CSF,0.36410216127647804
MS,CSF_6,ACGAGCCCACGAAGCA-1,CSF,0.10703645859871706
MS,CSF_6,ACGATACAGCAGGTCA-1,CSF,0.46412074240896645
MS,CSF_6,ACGATACCACTTACGA-1,CSF,-0.45768901632039455
MS,CSF_6,ACGATGTGTATTACCG-1,CSF,0.20495300674157768
MS,CSF_6,ACGATGTGTCAGCTAT-1,CSF,-0.012124912362702042
MS,CSF_6,ACGCAGCCACTTCTGC-1,CSF,0.15553205139701812
MS,CSF_6,ACGCAGCGTGCATCTA-1,CSF,-0.36725834611975566
MS,CSF_6,ACGCCAGAGGTCGGAT-1,CSF,-0.41586147947410995
MS,CSF_6,ACGCCAGTCACTTCAT-1,CSF,-0.07157349201915446
MS,CSF_6,ACGCCGAGTGCAACTT-1,CSF,0.5498899420845457
MS,CSF_6,ACGTCAATCACGACTA-1,CSF,0.19891606632492184
MS,CSF_6,ACTATCTAGTGTACTC-1,CSF,0.19237042788317388
MS,CSF_6,ACTATCTTCTGACCTC-1,CSF,-0.03277424103682146
MS,CSF_6,ACTGAACGTGACAAAT-1,CSF,0.21013002628906793
MS,CSF_6,ACTGATGAGAGGTTAT-1,CSF,-0.07157349201915446
MS,CSF_6,ACTGATGTCAATACCG-1,CSF,-0.07157349201915446
MS,CSF_6,ACTGATGTCTACCTGC-1,CSF,-0.1610559648559323
MS,CSF_6,ACTGCTCGTGTTGAGG-1,CSF,0.016116997744169668
MS,CSF_6,ACTTGTTCAGATCGGA-1,CSF,0.14597380595447262
MS,CSF_6,ACTTGTTGTTATGTGC-1,CSF,0.13899428525730625
MS,CSF_6,ACTTTCAGTAAGAGGA-1,CSF,-0.0844383201597371
MS,CSF_6,ACTTTCAGTATAATGG-1,CSF,-0.07157349201915446
MS,CSF_6,ACTTTCAGTCTCCATC-1,CSF,-0.07157349201915446
MS,CSF_6,ACTTTCATCTTCCTTC-1,CSF,0.14004119999718528
MS,CSF_6,AGAATAGAGCCCAACC-1,CSF,-0.14425366249213956
MS,CSF_6,AGAATAGCATTTCACT-1,CSF,-0.07157349201915446
MS,CSF_6,AGAGCGACACCAGTTA-1,CSF,0.32719074080699534
MS,CSF_6,AGAGCTTAGATGTTAG-1,CSF,0.3585809254912453
MS,CSF_6,AGAGCTTCACAGTCGC-1,CSF,0.38094973607145904
MS,CSF_6,AGAGTGGCACCGTTGG-1,CSF,0.08527723238709402
MS,CSF_6,AGAGTGGCACCTGGTG-1,CSF,-0.038803141579296284
MS,CSF_6,AGAGTGGCAGGAATGC-1,CSF,0.1280543908053465
MS,CSF_6,AGATCTGCACCACGTG-1,CSF,-0.03758092583863349
MS,CSF_6,AGATCTGGTGGCGAAT-1,CSF,-0.4241362341128089
MS,CSF_6,AGATCTGTCACGCGGT-1,CSF,0.33734259314415477
MS,CSF_6,AGATTGCTCGACCAGC-1,CSF,-0.07157349201915446
MS,CSF_6,AGCAGCCAGCTGTTCA-1,CSF,0.24618301255338673
MS,CSF_6,AGCAGCCCATGAGCGA-1,CSF,0.4440737664712001
MS,CSF_6,AGCAGCCTCCAAACTG-1,CSF,0.3385015234265813
MS,CSF_6,AGCATACAGTGTACCT-1,CSF,0.2712898249371571
MS,CSF_6,AGCATACCACTTAACG-1,CSF,0.10626745448808302
MS,CSF_6,AGCATACGTGTCCTCT-1,CSF,-0.07157349201915446
MS,CSF_6,AGCCTAAAGATGTTAG-1,CSF,0.12400001678511878
MS,CSF_6,AGCCTAATCGCAGGCT-1,CSF,0.12058500181312373
MS,CSF_6,AGCGGTCAGCTAACAA-1,CSF,0.057246983662941966
MS,CSF_6,AGCGGTCGTAGAGGAA-1,CSF,-0.13244958704744217
MS,CSF_6,AGCGGTCGTAGCGTCC-1,CSF,-0.48188599368047946
MS,CSF_6,AGCGGTCGTCTAAAGA-1,CSF,0.1916236488121071
MS,CSF_6,AGCGTATAGCGGCTTC-1,CSF,0.17940350358496993
MS,CSF_6,AGCGTATCAGTCAGAG-1,CSF,-0.07157349201915446
MS,CSF_6,AGCGTATCATAGGATA-1,CSF,-0.07157349201915446
MS,CSF_6,AGCGTATGTACTCAAC-1,CSF,0.05052566323665978
MS,CSF_6,AGCTCCTTCTTACCTA-1,CSF,0.2609806044637768
MS,CSF_6,AGCTCTCAGATAGTCA-1,CSF,0.2186891359149777
MS,CSF_6,AGCTCTCGTCGAAAGC-1,CSF,1.0194890471521867
MS,CSF_6,AGCTTGATCGTGACAT-1,CSF,-0.20886663912039335
MS,CSF_6,AGGCCACAGATGCCTT-1,CSF,0.5932884753540195
MS,CSF_6,AGGCCACCACGCGAAA-1,CSF,-0.2501301721756427
MS,CSF_6,AGGCCACTCTGGCGTG-1,CSF,-0.07157349201915446
MS,CSF_6,AGGCCGTAGAATCTCC-1,CSF,-0.07157349201915446
MS,CSF_6,AGGCCGTAGTGCCAGA-1,CSF,0.20169167987695097
MS,CSF_6,AGGGATGCAAAGAATC-1,CSF,-0.238904433046522
MS,CSF_6,AGGGTGAAGACTAGAT-1,CSF,0.11805121986661538
MS,CSF_6,AGGGTGATCACTCTTA-1,CSF,-0.07157349201915446
MS,CSF_6,AGGTCCGGTCTAGTGT-1,CSF,0.057611940032723
MS,CSF_6,AGGTCCGGTGGACGAT-1,CSF,0.10810634556159535
MS,CSF_6,AGGTCCGGTTGCGCAC-1,CSF,-0.40687271976188644
MS,CSF_6,AGTAGTCCAGTTTACG-1,CSF,0.04397203030692383
MS,CSF_6,AGTAGTCGTGCGATAG-1,CSF,-0.11278560159615911
MS,CSF_6,AGTCTTTGTTCGGGCT-1,CSF,-0.22451334747586285
MS,CSF_6,AGTGAGGAGAATTGTG-1,CSF,0.0897650518401432
MS,CSF_6,AGTGAGGAGGCAATTA-1,CSF,-0.04255323735302664
MS,CSF_6,AGTGTCAAGAGTCTGG-1,CSF,-0.07157349201915446
MS,CSF_6,AGTGTCAAGTTAAGTG-1,CSF,0.5360202304829679
MS,CSF_6,AGTGTCATCATAAAGG-1,CSF,0.28928727285209266
MS,CSF_6,ATAACGCGTGTTAAGA-1,CSF,-0.07157349201915446
MS,CSF_6,ATAACGCTCCCTCTTT-1,CSF,-0.02631134252565995
MS,CSF_6,ATAAGAGCAGCGTTCG-1,CSF,0.09966132621664346
MS,CSF_6,ATAGACCCACTCAGGC-1,CSF,-0.07157349201915446
MS,CSF_6,ATAGACCCAGGAACGT-1,CSF,-0.07157349201915446
MS,CSF_6,ATAGACCTCAGCAACT-1,CSF,0.14318476344760198
MS,CSF_6,ATCATCTAGAGTAATC-1,CSF,0.00410025337342425
MS,CSF_6,ATCATCTAGTGGTAAT-1,CSF,0.45749494030430643
MS,CSF_6,ATCATCTCAAGCTGTT-1,CSF,0.13393011839515023
MS,CSF_6,ATCATGGGTTCATGGT-1,CSF,-0.210249898140142
MS,CSF_6,ATCCACCTCCTCAATT-1,CSF,0.21467420715314842
MS,CSF_6,ATCCGAAAGGTGCACA-1,CSF,-0.07157349201915446
MS,CSF_6,ATCCGAACAGCTGTGC-1,CSF,0.13041343795501298
MS,CSF_6,ATCTGCCAGCGTTCCG-1,CSF,-0.25163974258657007
MS,CSF_6,ATCTGCCGTCAAGCGA-1,CSF,0.0013123002380262777
MS,CSF_6,ATCTGCCGTCTTGCGG-1,CSF,-0.6346171013052204
MS,CSF_6,ATGAGGGCAGTTCCCT-1,CSF,-0.07157349201915446
MS,CSF_6,ATGAGGGCATAAGACA-1,CSF,0.22693010804685856
MS,CSF_6,ATGAGGGGTAAACGCG-1,CSF,0.2615455317270264
MS,CSF_6,ATGCGATGTCTTCAAG-1,CSF,-0.02220055866268144
MS,CSF_6,ATGCGATTCCAGTATG-1,CSF,0.07278986688314504
MS,CSF_6,ATGTGTGGTCGTGGCT-1,CSF,0.5920617195200757
MS,CSF_6,ATGTGTGTCGCTAGCG-1,CSF,0.04009229104267301
MS,CSF_6,ATTACTCGTCAGATAA-1,CSF,0.13451905340646145
MS,CSF_6,ATTATCCAGAAGGTGA-1,CSF,0.001912300885922488
MS,CSF_6,ATTCTACGTCTCACCT-1,CSF,-0.22096604651087867
MS,CSF_6,ATTCTACTCCACTGGG-1,CSF,0.14892881648048034
MS,CSF_6,ATTCTACTCGTCTGCT-1,CSF,-0.027987311409374778
MS,CSF_6,ATTGGACCAGGGCATA-1,CSF,0.24343388393866178
MS,CSF_6,ATTGGACCATCACAAC-1,CSF,-0.22325212881782064
MS,CSF_6,ATTGGACCATTCCTGC-1,CSF,-0.18298995746120741
MS,CSF_6,ATTGGACGTACTTGAC-1,CSF,-0.03489147608534399
MS,CSF_6,ATTGGTGTCACAATGC-1,CSF,-0.07157349201915446
MS,CSF_6,ATTTCTGCAACACCTA-1,CSF,-0.07157349201915446
MS,CSF_6,CAACCAAAGCAGACTG-1,CSF,0.027479247832109262
MS,CSF_6,CAACCAAAGTGACATA-1,CSF,-0.07157349201915446
MS,CSF_6,CAACCAATCGTGACAT-1,CSF,0.4747955049711877
MS,CSF_6,CAACTAGCAAGCGAGT-1,CSF,0.5713061758529298
MS,CSF_6,CAAGATCAGACTGTAA-1,CSF,-0.07157349201915446
MS,CSF_6,CAAGGCCAGCCCAATT-1,CSF,-0.07157349201915446
MS,CSF_6,CAAGGCCCATTGGCGC-1,CSF,-0.50728292040715
MS,CSF_6,CAAGGCCGTGAACCTT-1,CSF,0.0022493383343779594
MS,CSF_6,CAAGTTGGTGATAAGT-1,CSF,0.09604398512587843
MS,CSF_6,CAAGTTGTCCAAAGTC-1,CSF,0.5855476449849403
MS,CSF_6,CACAAACAGCACACAG-1,CSF,0.27519445504086326
MS,CSF_6,CACAAACTCACTTCAT-1,CSF,-0.7144941623485723
MS,CSF_6,CACACAAAGTGGAGTC-1,CSF,0.0512732942837047
MS,CSF_6,CACACAACATCGGGTC-1,CSF,0.6493327598310383
MS,CSF_6,CACACAAGTTAGATGA-1,CSF,0.2937528088008255
MS,CSF_6,CACACCTCACGGTGTC-1,CSF,0.6076616261795428
MS,CSF_6,CACACCTTCCTGTACC-1,CSF,0.3296506071076787
MS,CSF_6,CACACTCAGACCTAGG-1,CSF,0.24479285931196534
MS,CSF_6,CACACTCTCCTCGCAT-1,CSF,0.11892908948827544
MS,CSF_6,CACAGGCAGCCAGTTT-1,CSF,-0.600373548597755
MS,CSF_6,CACAGGCCACCGCTAG-1,CSF,0.6779727251971404
MS,CSF_6,CACAGGCTCACGATGT-1,CSF,0.08914232642019752
MS,CSF_6,CACAGTAAGCGCCTCA-1,CSF,-0.24710511506459462
MS,CSF_6,CACAGTAAGGCTCTTA-1,CSF,0.45290972404406354
MS,CSF_6,CACATAGTCACTCCTG-1,CSF,0.0031756239290301586
MS,CSF_6,CACCACTAGCTAACAA-1,CSF,-0.24549357027567945
MS,CSF_6,CACCACTCAGTCACTA-1,CSF,0.31646871513663843
MS,CSF_6,CACCACTTCTTAGCCC-1,CSF,-0.5012932475970004
MS,CSF_6,CACCAGGCAAGGGTCA-1,CSF,-0.0647403529546094
MS,CSF_6,CACCAGGGTTGGACCC-1,CSF,-0.2534518656830241
MS,CSF_6,CACCTTGCATACAGCT-1,CSF,-0.07157349201915446
MS,CSF_6,CACTCCAGTACAGCAG-1,CSF,-0.05213622924553486
MS,CSF_6,CAGAATCAGGCATGTG-1,CSF,0.233868722507441
MS,CSF_6,CAGATCACACTCGACG-1,CSF,0.28478293530368876
MS,CSF_6,CAGATCAGTGCATCTA-1,CSF,-0.07157349201915446
MS,CSF_6,CAGCAGCAGAGCTGCA-1,CSF,0.3918334693656185
MS,CSF_6,CAGCAGCCACATTCGA-1,CSF,0.0653733530302697
MS,CSF_6,CAGCAGCCATTTCAGG-1,CSF,-0.281827092932362
MS,CSF_6,CAGCATACACGGTAGA-1,CSF,-0.07157349201915446
MS,CSF_6,CAGCTGGGTCCCGACA-1,CSF,0.0854620437986536
MS,CSF_6,CAGGTGCAGGCTATCT-1,CSF,-0.07157349201915446
MS,CSF_6,CAGGTGCCATGCATGT-1,CSF,0.11318429766002394
MS,CSF_6,CAGGTGCGTCTCCACT-1,CSF,-0.07157349201915446
MS,CSF_6,CAGGTGCGTCTCGTTC-1,CSF,0.4741801806403735
MS,CSF_6,CAGTCCTAGTGAAGAG-1,CSF,0.1284960838380887
MS,CSF_6,CAGTCCTAGTGCCATT-1,CSF,0.05134828253470079
MS,CSF_6,CATCAAGGTTAAGAAC-1,CSF,-0.05338613690379717
MS,CSF_6,CATCAAGGTTTCGCTC-1,CSF,0.3821170074178551
MS,CSF_6,CATCAGAGTATATGAG-1,CSF,-0.36108052344717095
MS,CSF_6,CATCAGAGTTAAGGGC-1,CSF,0.1423900570417934
MS,CSF_6,CATCCACAGGACGAAA-1,CSF,0.1517120925887097
MS,CSF_6,CATCCACCAAGCCATT-1,CSF,-0.07157349201915446
MS,CSF_6,CATCGAAAGGAGTACC-1,CSF,0.03375426341225995
MS,CSF_6,CATCGAATCGTGACAT-1,CSF,0.4672418493323804
MS,CSF_6,CATCGGGCAAAGTGCG-1,CSF,-0.07157349201915446
MS,CSF_6,CATCGGGCACACAGAG-1,CSF,0.1608796908168389
MS,CSF_6,CATGACAAGTACGATA-1,CSF,0.4477629595445908
MS,CSF_6,CATGACATCGTATCAG-1,CSF,0.31571602450682745
MS,CSF_6,CATGCCTGTTGCCTCT-1,CSF,-0.19248593331809832
MS,CSF_6,CATGCCTTCAGTCAGT-1,CSF,-0.480508616408098
MS,CSF_6,CATGGCGTCGCATGGC-1,CSF,-0.18843800111161943
MS,CSF_6,CATTATCCAATGGAAT-1,CSF,-0.07157349201915446
MS,CSF_6,CATTATCCAATGGACG-1,CSF,0.2181363612181229
MS,CSF_6,CATTATCCATACGCCG-1,CSF,-0.07157349201915446
MS,CSF_6,CATTCGCCATACTACG-1,CSF,0.29198581146390934
MS,CSF_6,CATTCGCTCGTTTGCC-1,CSF,-0.07157349201915446
MS,CSF_6,CATTCGCTCTTGCATT-1,CSF,-0.028851915403456756
MS,CSF_6,CCAATCCGTTACGGAG-1,CSF,-0.29396991666996636
MS,CSF_6,CCACCTATCGGAAACG-1,CSF,0.34536822239382614
MS,CSF_6,CCACGGAAGATATACG-1,CSF,-0.2646757043915023
MS,CSF_6,CCACGGAAGCTAACAA-1,CSF,0.20037989188466598
MS,CSF_6,CCACGGAAGTTTGCGT-1,CSF,0.812320632302398
MS,CSF_6,CCACTACAGCTCCCAG-1,CSF,-0.07157349201915446
MS,CSF_6,CCAGCGAGTTAGTGGG-1,CSF,0.27804155325955576
MS,CSF_6,CCAGCGATCAACACGT-1,CSF,-0.24961048330184596
MS,CSF_6,CCAGCGATCGGAAACG-1,CSF,0.1107187790991498
MS,CSF_6,CCATTCGGTCTCTCTG-1,CSF,-0.37940401220043457
MS,CSF_6,CCATTCGTCCTTAATC-1,CSF,-0.07157349201915446
MS,CSF_6,CCCAATCGTTATCACG-1,CSF,0.5527547364895727
MS,CSF_6,CCCAATCTCGCCTGTT-1,CSF,-0.07157349201915446
MS,CSF_6,CCCAATCTCTTCGGTC-1,CSF,-0.19051248463611675
MS,CSF_6,CCCTCCTAGATGTTAG-1,CSF,0.08772457258597455
MS,CSF_6,CCCTCCTAGGTGTGGT-1,CSF,0.07474969810103804
MS,CSF_6,CCCTCCTCAAGGACTG-1,CSF,-0.21662692148334953
MS,CSF_6,CCCTCCTGTTCAGGCC-1,CSF,0.2620815853802148
MS,CSF_6,CCCTCCTGTTTGACTG-1,CSF,0.02082801525219829
MS,CSF_6,CCGGGATAGCCAGTTT-1,CSF,-0.07157349201915446
MS,CSF_6,CCGGTAGAGAGGTTGC-1,CSF,0.4828067398119772
MS,CSF_6,CCGGTAGCACGACGAA-1,CSF,0.21561645015276845
MS,CSF_6,CCGGTAGCAGACGTAG-1,CSF,0.12952387969760312
MS,CSF_6,CCGGTAGCATGGATGG-1,CSF,-1.196283987763568
MS,CSF_6,CCGTACTCACCGTTGG-1,CSF,-0.07157349201915446
MS,CSF_6,CCGTGGAAGATGGCGT-1,CSF,0.5590071998208337
MS,CSF_6,CCGTTCACAATCTGCA-1,CSF,0.04888399027320929
MS,CSF_6,CCGTTCACATTACCTT-1,CSF,0.2400064608783703
MS,CSF_6,CCTACACCAAGCTGTT-1,CSF,0.4651342888963648
MS,CSF_6,CCTACCAAGTGTCCCG-1,CSF,-0.07157349201915446
MS,CSF_6,CCTACCAGTTCTGAAC-1,CSF,0.3419645551114428
MS,CSF_6,CCTAGCTCATGGAATA-1,CSF,-0.3012428550420914
MS,CSF_6,CCTCAGTAGAGTGAGA-1,CSF,0.47899663153532857
MS,CSF_6,CCTCAGTAGCAGGTCA-1,CSF,-0.23538220943050042
MS,CSF_6,CCTCAGTAGCTGCGAA-1,CSF,-0.07157349201915446
MS,CSF_6,CCTCAGTAGGCTCTTA-1,CSF,0.35690920449103575
MS,CSF_6,CCTCAGTCAATTCCTT-1,CSF,-0.19214079701762973
MS,CSF_6,CCTCAGTCATGCATGT-1,CSF,0.4531730263353859
MS,CSF_6,CCTCAGTGTCTGATTG-1,CSF,0.5107931675039957
MS,CSF_6,CCTCAGTTCGTACGGC-1,CSF,-0.9708643498392823
MS,CSF_6,CCTCTGACAAGTACCT-1,CSF,-0.1802915610421349
MS,CSF_6,CCTCTGAGTAAGCACG-1,CSF,-0.2672223780130722
MS,CSF_6,CCTCTGAGTACTCTCC-1,CSF,0.23021372099266557
MS,CSF_6,CCTTACGCAATGGAGC-1,CSF,-0.08552100423976243
MS,CSF_6,CCTTCGACATAGTAAG-1,CSF,0.24002464864236986
MS,CSF_6,CGAACATAGGCGCTCT-1,CSF,0.5519434111474673
MS,CSF_6,CGAACATCATGCATGT-1,CSF,-0.07157349201915446
MS,CSF_6,CGAACATGTCGAAAGC-1,CSF,0.5051876292542986
MS,CSF_6,CGAACATTCCGTACAA-1,CSF,-0.04210765363942589
MS,CSF_6,CGAATGTAGAGAACAG-1,CSF,-0.46262801825257405
MS,CSF_6,CGAATGTTCTATCGCC-1,CSF,0.2676377736979615
MS,CSF_6,CGACCTTAGATGCCAG-1,CSF,0.016963587743766734
MS,CSF_6,CGACCTTCATCGATGT-1,CSF,0.7059021717462173
MS,CSF_6,CGACTTCAGTTCCACA-1,CSF,0.5790411867368587
MS,CSF_6,CGACTTCAGTTCGATC-1,CSF,0.15362505841158708
MS,CSF_6,CGAGAAGCACGCCAGT-1,CSF,-0.1951681280956917
MS,CSF_6,CGAGAAGGTAGAAGGA-1,CSF,-0.1916217362087799
MS,CSF_6,CGAGAAGTCATCTGCC-1,CSF,-0.1958433620641253
MS,CSF_6,CGAGCACGTGACTCAT-1,CSF,0.355338730077097
MS,CSF_6,CGAGCACGTTAAAGTG-1,CSF,-0.6629948260980575
MS,CSF_6,CGAGCCACATGGATGG-1,CSF,0.3914172563728164
MS,CSF_6,CGAGCCAGTACAGTTC-1,CSF,0.404087554107236
MS,CSF_6,CGATGGCAGCGGATCA-1,CSF,0.15739830418768527
MS,CSF_6,CGATGGCTCAAAGACA-1,CSF,0.2164429986200401
MS,CSF_6,CGATGGCTCGTGGTCG-1,CSF,0.1218534283921616
MS,CSF_6,CGATGTAAGGATGCGT-1,CSF,-0.07157349201915446
MS,CSF_6,CGATGTAAGGCCGAAT-1,CSF,-0.07157349201915446
MS,CSF_6,CGATGTAGTAAATGAC-1,CSF,0.26950227872551163
MS,CSF_6,CGATGTAGTCGAGTTT-1,CSF,0.25047975006012857
MS,CSF_6,CGATGTAGTCGGATCC-1,CSF,-0.12588367596111086
MS,CSF_6,CGATGTAGTTGTGGAG-1,CSF,0.07636208769309946
MS,CSF_6,CGATGTATCGAGGTAG-1,CSF,-0.17202899868067986
MS,CSF_6,CGATTGAGTACAGTTC-1,CSF,-0.37995087941839606
MS,CSF_6,CGATTGAGTTAGAACA-1,CSF,-0.07157349201915446
MS,CSF_6,CGATTGATCGGAATCT-1,CSF,0.5360805315765743
MS,CSF_6,CGCCAAGAGTGGTAAT-1,CSF,0.07902487229848683
MS,CSF_6,CGCCAAGCATCCGCGA-1,CSF,-0.3253276726083768
MS,CSF_6,CGCCAAGGTTGTTTGG-1,CSF,-0.12863299945161316
MS,CSF_6,CGCCAAGTCCCTCAGT-1,CSF,0.7351108425575067
MS,CSF_6,CGCGGTAAGCACACAG-1,CSF,-0.07157349201915446
MS,CSF_6,CGCGGTAGTGATAAGT-1,CSF,0.022288592917261547
MS,CSF_6,CGCGTTTAGGAGCGAG-1,CSF,0.09920084352016864
MS,CSF_6,CGCGTTTCAAGCCGCT-1,CSF,-0.07157349201915446
MS,CSF_6,CGCGTTTCAGAGCCAA-1,CSF,-0.2556824414417272
MS,CSF_6,CGCTATCCATAGGATA-1,CSF,0.035240827200268096
MS,CSF_6,CGCTATCGTCCAGTGC-1,CSF,0.2521665709162724
MS,CSF_6,CGCTATCTCCTAGGGC-1,CSF,0.33689725507422436
MS,CSF_6,CGCTGGAAGACTAGAT-1,CSF,0.012146341858439016
MS,CSF_6,CGCTGGACAGACGCAA-1,CSF,0.7552124925935723
MS,CSF_6,CGGACACAGACGCTTT-1,CSF,0.18036418781952657
MS,CSF_6,CGGACACAGGGCATGT-1,CSF,-0.054632803826220155
MS,CSF_6,CGGACACGTCGCGGTT-1,CSF,-0.32962045597973305
MS,CSF_6,CGGACACGTGCACTTA-1,CSF,-0.26385288721354916
MS,CSF_6,CGGACTGAGACGCACA-1,CSF,0.48934872899253173
MS,CSF_6,CGGACTGAGGTGCAAC-1,CSF,0.5237383220357107
MS,CSF_6,CGGACTGGTAGCGCTC-1,CSF,-0.07157349201915446
MS,CSF_6,CGGACTGTCTTACCGC-1,CSF,0.6486832225969029
MS,CSF_6,CGGAGCTAGCTGCAAG-1,CSF,-0.07157349201915446
MS,CSF_6,CGGAGCTGTGACGCCT-1,CSF,-0.07157349201915446
MS,CSF_6,CGGAGCTGTTGCCTCT-1,CSF,0.2748378677111827
MS,CSF_6,CGGAGCTTCTATGTGG-1,CSF,0.0008432079872887474
MS,CSF_6,CGGAGTCAGGCGTACA-1,CSF,-0.3980363538233286
MS,CSF_6,CGGAGTCTCAACCATG-1,CSF,0.03596210117615848
MS,CSF_6,CGGAGTCTCCTAGAAC-1,CSF,-0.24967991125681546
MS,CSF_6,CGGGTCACAAGTCTGT-1,CSF,0.1018274713563819
MS,CSF_6,CGGGTCATCTTACCTA-1,CSF,0.09641770156902739
MS,CSF_6,CGGTTAAAGGTTACCT-1,CSF,-0.07157349201915446
MS,CSF_6,CGGTTAAGTCTTGATG-1,CSF,-0.018541533262478094
MS,CSF_6,CGTAGCGAGCAAATCA-1,CSF,0.18040155861164933
MS,CSF_6,CGTAGCGAGTGCGATG-1,CSF,0.08381293522508908
MS,CSF_6,CGTAGCGCAAGGTGTG-1,CSF,-0.2293818092977049
MS,CSF_6,CGTCACTAGAGATGAG-1,CSF,0.17179711516865095
MS,CSF_6,CGTCACTAGGTGGGTT-1,CSF,0.6434698275797002
MS,CSF_6,CGTCACTAGTCAAGGC-1,CSF,-0.07157349201915446
MS,CSF_6,CGTCACTAGTCGCCGT-1,CSF,0.41765161848098437
MS,CSF_6,CGTCAGGGTCACCCAG-1,CSF,0.35654838648420667
MS,CSF_6,CGTCCATCATAGACTC-1,CSF,0.055806158943632264
MS,CSF_6,CGTCCATGTGACCAAG-1,CSF,0.4494959815290059
MS,CSF_6,CGTGAGCTCAGGTTCA-1,CSF,-0.07157349201915446
MS,CSF_6,CGTGTAAAGACTCGGA-1,CSF,0.4901843449849572
MS,CSF_6,CGTGTAAAGGCCCTCA-1,CSF,-0.07157349201915446
MS,CSF_6,CGTGTAAGTCTTCGTC-1,CSF,0.09972925813310492
MS,CSF_6,CGTGTCTAGTGAACGC-1,CSF,0.03393686640053371
MS,CSF_6,CGTGTCTGTAGAGCTG-1,CSF,-0.16628843590645065
MS,CSF_6,CGTTAGAGTTTACTCT-1,CSF,-0.15731923260125874
MS,CSF_6,CGTTCTGGTCCAGTTA-1,CSF,0.10698804310487187
MS,CSF_6,CGTTGGGGTACAGACG-1,CSF,0.33780070998809286
MS,CSF_6,CTAACTTCAAACAACA-1,CSF,-0.03691961026724829
MS,CSF_6,CTAAGACTCCTATGTT-1,CSF,0.20216062613177543
MS,CSF_6,CTAATGGAGAACAATC-1,CSF,0.15650578562585943
MS,CSF_6,CTAATGGGTACCTACA-1,CSF,0.1352211397349089
MS,CSF_6,CTACACCAGCTCCCAG-1,CSF,-0.2840099594197878
MS,CSF_6,CTACACCCACAGCCCA-1,CSF,0.18208143705292493
MS,CSF_6,CTACATTCAGGAACGT-1,CSF,0.4026785036649946
MS,CSF_6,CTACATTTCAACACGT-1,CSF,0.45942943584766655
MS,CSF_6,CTAGAGTAGGCATGGT-1,CSF,0.616984989750421
MS,CSF_6,CTAGCCTTCTGCCCTA-1,CSF,-0.209774511125876
MS,CSF_6,CTAGTGAGTCAAAGCG-1,CSF,0.09983716130711119
MS,CSF_6,CTCAGAACACAGTCGC-1,CSF,0.35401957687300867
MS,CSF_6,CTCAGAATCGCCAGCA-1,CSF,-0.25083998617836534
MS,CSF_6,CTCATTACACTTAACG-1,CSF,-0.07157349201915446
MS,CSF_6,CTCCTAGGTGAGTATA-1,CSF,-0.07157349201915446
MS,CSF_6,CTCGAAACAAGAAAGG-1,CSF,-0.07157349201915446
MS,CSF_6,CTCGAAACATTACCTT-1,CSF,-0.1749393140529598
MS,CSF_6,CTCGAAAGTCCTGCTT-1,CSF,0.6849208140413253
MS,CSF_6,CTCGAGGGTTGATTGC-1,CSF,0.0655840672214532
MS,CSF_6,CTCGAGGTCACATGCA-1,CSF,-0.07157349201915446
MS,CSF_6,CTCGTACAGTTAACGA-1,CSF,-0.5218690379223231
MS,CSF_6,CTCGTACCACGGTAGA-1,CSF,-0.17485321349134095
MS,CSF_6,CTCGTACTCCTGCAGG-1,CSF,-0.018197733246200973
MS,CSF_6,CTCGTCACAATCCGAT-1,CSF,-0.14710573751292313
MS,CSF_6,CTCGTCAGTCGAGTTT-1,CSF,0.3183004409073976
MS,CSF_6,CTCGTCATCAAACGGG-1,CSF,0.1312543219782344
MS,CSF_6,CTCGTCATCTTGCATT-1,CSF,-0.3125021928753019
MS,CSF_6,CTCTAATAGGTCGGAT-1,CSF,0.24123335908787805
MS,CSF_6,CTCTAATCATCGTCGG-1,CSF,-0.3626761469902792
MS,CSF_6,CTCTAATTCTGCCAGG-1,CSF,0.016854184777152437
MS,CSF_6,CTCTACGCACGTAAGG-1,CSF,0.5249978166555287
MS,CSF_6,CTGAAACTCAAACCGT-1,CSF,-0.6362664333874989
MS,CSF_6,CTGATAGGTAGTAGTA-1,CSF,-0.22259132608430995
MS,CSF_6,CTGATCCGTTCTGTTT-1,CSF,-0.17839773010658794
MS,CSF_6,CTGCCTAAGCTGTCTA-1,CSF,-0.11963521579748178
MS,CSF_6,CTGCCTAGTTGATTGC-1,CSF,-0.15769200045593362
MS,CSF_6,CTGCGGAAGACTAGAT-1,CSF,-0.2049465140747035
MS,CSF_6,CTGCGGAAGGATTCGG-1,CSF,0.45043260307032185
MS,CSF_6,CTGCTGTCATCCCACT-1,CSF,-0.07157349201915446
MS,CSF_6,CTGGTCTAGGTGATAT-1,CSF,0.8191333099326664
MS,CSF_6,CTGGTCTCAACACGCC-1,CSF,0.12365313222618897
MS,CSF_6,CTGTGCTAGAGTACAT-1,CSF,-0.00301468652663501
MS,CSF_6,CTGTGCTCAGTCAGAG-1,CSF,0.20725064109985578
MS,CSF_6,CTTAACTAGCGTGAGT-1,CSF,0.17001324846940039
MS,CSF_6,CTTAACTCAGGTCTCG-1,CSF,0.1563507610395278
MS,CSF_6,CTTAACTGTGGTCCGT-1,CSF,0.17616060093471114
MS,CSF_6,CTTAACTTCCCTCAGT-1,CSF,-0.07157349201915446
MS,CSF_6,CTTAACTTCGTCTGAA-1,CSF,0.4975574342996089
MS,CSF_6,CTTACCGCATACTACG-1,CSF,0.22959337633577453
MS,CSF_6,CTTACCGGTTCCACAA-1,CSF,0.3980268289150525
MS,CSF_6,CTTAGGACATGAGCGA-1,CSF,0.5008225005840115
MS,CSF_6,CTTAGGATCTGGAGCC-1,CSF,0.18867334569066072
MS,CSF_6,CTTCTCTGTCCAAGTT-1,CSF,-0.07157349201915446
MS,CSF_6,CTTCTCTGTGCAACTT-1,CSF,-0.005057993072561281
MS,CSF_6,CTTTGCGGTGCAGGTA-1,CSF,0.29379388620836105
MS,CSF_6,CTTTGCGTCATTCACT-1,CSF,-0.21662692148334953
MS,CSF_6,GAAACTCGTGGCGAAT-1,CSF,0.10025567217009992
MS,CSF_6,GAAACTCTCTCCGGTT-1,CSF,0.2615677259318956
MS,CSF_6,GAACATCGTAAATACG-1,CSF,-0.07157349201915446
MS,CSF_6,GAACCTATCCGAGCCA-1,CSF,0.7984785484904154
MS,CSF_6,GAACGGAGTACGCACC-1,CSF,0.13815633683715353
MS,CSF_6,GAACGGATCTGGTTCC-1,CSF,0.22283752230440282
MS,CSF_6,GAAGCAGAGGATTCGG-1,CSF,-0.07157349201915446
MS,CSF_6,GAATAAGCATCACCCT-1,CSF,-0.3780703979258311
MS,CSF_6,GAATAAGGTTAAAGTG-1,CSF,-0.04826400437930688
MS,CSF_6,GAATGAATCTCAAGTG-1,CSF,0.11232757877476018
MS,CSF_6,GACACGCAGCCCTAAT-1,CSF,-0.07157349201915446
MS,CSF_6,GACACGCAGGCAATTA-1,CSF,0.15959676649462448
MS,CSF_6,GACACGCCAATGCCAT-1,CSF,-0.4431206853930624
MS,CSF_6,GACACGCGTCAAGCGA-1,CSF,-0.20661791688650671
MS,CSF_6,GACACGCTCCGCATCT-1,CSF,-0.32133434871662236
MS,CSF_6,GACAGAGGTGTTCTTT-1,CSF,-0.01535420049704539
MS,CSF_6,GACCAATGTCATACTG-1,CSF,-0.231075625557176
MS,CSF_6,GACCTGGCAGCTCGCA-1,CSF,-0.03956867972118648
MS,CSF_6,GACCTGGGTAGGCATG-1,CSF,-0.07157349201915446
MS,CSF_6,GACCTGGTCAAACGGG-1,CSF,0.08923306675661156
MS,CSF_6,GACGCGTAGCACACAG-1,CSF,-0.07157349201915446
MS,CSF_6,GACGCGTCATCGACGC-1,CSF,0.2137390621637834
MS,CSF_6,GACGCGTTCCAGAAGG-1,CSF,0.24609999171563324
MS,CSF_6,GACGGCTGTGAAATCA-1,CSF,-0.3965405639968255
MS,CSF_6,GACGGCTTCAACGCTA-1,CSF,0.1158498598387792
MS,CSF_6,GACGTTAAGAGTTGGC-1,CSF,-0.07157349201915446
MS,CSF_6,GACGTTAGTACTCAAC-1,CSF,-0.17943898203463998
MS,CSF_6,GACGTTAGTAGCACGA-1,CSF,0.13959562003063014
MS,CSF_6,GACGTTAGTATATGGA-1,CSF,0.1026327747587111
MS,CSF_6,GACGTTAGTCTCCCTA-1,CSF,0.5640906130693436
MS,CSF_6,GACGTTATCGGCTACG-1,CSF,0.17398887821441042
MS,CSF_6,GACTAACTCAGCTGGC-1,CSF,-0.18322887698419804
MS,CSF_6,GACTGCGCAAACAACA-1,CSF,0.2639006645330914
MS,CSF_6,GACTGCGCAACTGCTA-1,CSF,0.1000357824962288
MS,CSF_6,GACTGCGGTACTTGAC-1,CSF,0.4982678804216967
MS,CSF_6,GACTGCGGTCTAGAGG-1,CSF,-0.2584857065471775
MS,CSF_6,GAGCAGAAGCCAGTAG-1,CSF,0.4501475756134711
MS,CSF_6,GAGGTGAAGAGTCTGG-1,CSF,0.12863629215316522
MS,CSF_6,GAGGTGATCAGCGATT-1,CSF,0.29786233499330905
MS,CSF_6,GAGTCCGAGCGTAGTG-1,CSF,-0.3052218498971167
MS,CSF_6,GAGTCCGGTGCTTCTC-1,CSF,0.09649500470780861
MS,CSF_6,GAGTCCGTCCACTGGG-1,CSF,0.41721231480869786
MS,CSF_6,GATCAGTAGCAATCTC-1,CSF,-0.07157349201915446
MS,CSF_6,GATCAGTCAGCTGTTA-1,CSF,-0.17573626117249974
MS,CSF_6,GATCGATAGCGAAGGG-1,CSF,0.24615437264655013
MS,CSF_6,GATCGCGGTCTCCCTA-1,CSF,-0.3487556384294484
MS,CSF_6,GATCGTAGTAGCGTGA-1,CSF,-0.45045826740160805
MS,CSF_6,GATCTAGAGTATGACA-1,CSF,0.17524451818621517
MS,CSF_6,GATCTAGGTAGCGTGA-1,CSF,-0.07157349201915446
MS,CSF_6,GATGAAAGTCCGTGAC-1,CSF,-0.20473946320211386
MS,CSF_6,GATGAGGAGAGACGAA-1,CSF,0.21906241313144356
MS,CSF_6,GATGCTAGTACTCTCC-1,CSF,0.03835925085044456
MS,CSF_6,GATGCTATCAACCAAC-1,CSF,0.3853574635906893
MS,CSF_6,GATGCTATCGCACTCT-1,CSF,-0.13914439705644807
MS,CSF_6,GATTCAGAGCACAGGT-1,CSF,0.043459147417250925
MS,CSF_6,GATTCAGTCTCAAACG-1,CSF,0.515670911359721
MS,CSF_6,GCAAACTCAAGTCTGT-1,CSF,0.2253935149501048
MS,CSF_6,GCAATCACATTGAGCT-1,CSF,0.27556700235876214
MS,CSF_6,GCAATCAGTTCGTGAT-1,CSF,0.07984921019540421
MS,CSF_6,GCAATCATCAATAAGG-1,CSF,-0.07157349201915446
MS,CSF_6,GCAATCATCGTTACAG-1,CSF,0.3174881190692806
MS,CSF_6,GCACATAAGTCGATAA-1,CSF,-0.1573477788821219
MS,CSF_6,GCACTCTCACGCCAGT-1,CSF,0.15531383527816162
MS,CSF_6,GCATACACACCGGAAA-1,CSF,-0.07157349201915446
MS,CSF_6,GCATGATCACAGGTTT-1,CSF,0.3121044559850284
MS,CSF_6,GCATGATGTCAACATC-1,CSF,0.32838303449524614
MS,CSF_6,GCATGATTCACAACGT-1,CSF,-0.35557069992188056
MS,CSF_6,GCATGCGAGGATTCGG-1,CSF,-0.23301312977301766
MS,CSF_6,GCATGTAGTCAAAGCG-1,CSF,-0.07157349201915446
MS,CSF_6,GCATGTAGTTGGGACA-1,CSF,-0.07157349201915446
MS,CSF_6,GCCAAATAGACAAAGG-1,CSF,0.4138857941929447
MS,CSF_6,GCCAAATAGCCTCGTG-1,CSF,0.3476725213580862
MS,CSF_6,GCCTCTAGTCCTGCTT-1,CSF,0.7766629548786372
MS,CSF_6,GCGACCACATGTAGTC-1,CSF,-0.41866753924676503
MS,CSF_6,GCGACCAGTCTCCACT-1,CSF,0.4506350586373441
MS,CSF_6,GCGACCAGTTCAACCA-1,CSF,0.22492576203154663
MS,CSF_6,GCGAGAAGTGACTACT-1,CSF,0.534958953011914
MS,CSF_6,GCGAGAATCAGCTGGC-1,CSF,0.0706770348411894
MS,CSF_6,GCGCAACAGATATACG-1,CSF,-0.07157349201915446
MS,CSF_6,GCGCAACCATCGGTTA-1,CSF,-0.4016663774608754
MS,CSF_6,GCGCAGTGTTCGCTAA-1,CSF,0.06313678229247374
MS,CSF_6,GCGCAGTTCACATGCA-1,CSF,-0.24061074236950228
MS,CSF_6,GCGCCAACACTGTGTA-1,CSF,0.08320616163948792
MS,CSF_6,GCGCCAACATTGTGCA-1,CSF,-0.3964064546490088
MS,CSF_6,GCGCGATCAGCCTATA-1,CSF,0.24008526187101845
MS,CSF_6,GCGGGTTCAAAGCAAT-1,CSF,0.1394528093655763
MS,CSF_6,GCGGGTTCAAGCCGCT-1,CSF,0.34627940846336497
MS,CSF_6,GCGGGTTCACCCAGTG-1,CSF,0.12550217108213774
MS,CSF_6,GCTCCTATCACATACG-1,CSF,0.17522065201197418
MS,CSF_6,GCTCTGTAGAGTTGGC-1,CSF,-0.22592240755929296
MS,CSF_6,GCTCTGTAGCCCAGCT-1,CSF,-0.07157349201915446
MS,CSF_6,GCTCTGTGTAAAGTCA-1,CSF,0.37363085556441783
MS,CSF_6,GCTCTGTTCGCTGATA-1,CSF,0.1843755975173374
MS,CSF_6,GCTGCAGAGTTAGCGG-1,CSF,0.056510480360613125
MS,CSF_6,GCTGCAGCAAGCGCTC-1,CSF,0.1944114425275542
MS,CSF_6,GCTGCTTCATAGACTC-1,CSF,-0.07157349201915446
MS,CSF_6,GCTGGGTTCCCTGACT-1,CSF,0.0966423758457107
MS,CSF_6,GCTTCCACATCACAAC-1,CSF,0.6577366036732799
MS,CSF_6,GCTTGAACAGCTCGCA-1,CSF,0.035580526002645926
MS,CSF_6,GCTTGAAGTCTCTCGT-1,CSF,-0.39520834199978555
MS,CSF_6,GGAACTTCAGTAAGAT-1,CSF,0.046943297510887806
MS,CSF_6,GGAACTTGTCCAGTTA-1,CSF,0.35596351095935636
MS,CSF_6,GGAACTTTCTCGCATC-1,CSF,-0.07157349201915446
MS,CSF_6,GGAATAAGTACTCTCC-1,CSF,-0.5273841682500718
MS,CSF_6,GGACAAGAGGCCGAAT-1,CSF,0.12600225191723755
MS,CSF_6,GGACAAGGTTGTCTTT-1,CSF,0.4515327239668858
MS,CSF_6,GGACAGACACCGAATT-1,CSF,-0.07157349201915446
MS,CSF_6,GGACATTCACTTGGAT-1,CSF,0.8494725262579168
MS,CSF_6,GGACATTCATCCTTGC-1,CSF,-0.2088356484655721
MS,CSF_6,GGACATTGTATATGAG-1,CSF,0.23981892963620424
MS,CSF_6,GGACATTGTGAGTGAC-1,CSF,0.07940611776718844
MS,CSF_6,GGACGTCAGCGCCTCA-1,CSF,0.8016174016798947
MS,CSF_6,GGACGTCAGTACGATA-1,CSF,0.12978772175090927
MS,CSF_6,GGACGTCCACCTTGTC-1,CSF,-0.19171367680329457
MS,CSF_6,GGACGTCTCACAAACC-1,CSF,-0.2153969894090005
MS,CSF_6,GGACGTCTCGTATCAG-1,CSF,0.20973663067186665
MS,CSF_6,GGAGCAAGTTGCCTCT-1,CSF,-0.07157349201915446
MS,CSF_6,GGAGCAATCCTAGTGA-1,CSF,-0.3654158863191212
MS,CSF_6,GGATTACAGATCCCAT-1,CSF,-0.17491059713680318
MS,CSF_6,GGATTACCAGCTGTAT-1,CSF,0.6089188336905013
MS,CSF_6,GGCAATTCATCGACGC-1,CSF,-0.07157349201915446
MS,CSF_6,GGCCGATAGTGACTCT-1,CSF,0.08271759369360873
MS,CSF_6,GGCCGATCAACTGCTA-1,CSF,0.08342264063260826
MS,CSF_6,GGCCGATCACGAAAGC-1,CSF,-0.07157349201915446
MS,CSF_6,GGCCGATGTCGATTGT-1,CSF,0.3806305670001015
MS,CSF_6,GGCCGATGTGTTGGGA-1,CSF,-0.20358897982921192
MS,CSF_6,GGCCGATTCGCCGTGA-1,CSF,0.33926230131994206
MS,CSF_6,GGCGACTAGCCCGAAA-1,CSF,-0.37366674096166713
MS,CSF_6,GGCGACTGTTCGCTAA-1,CSF,0.3832142220002989
MS,CSF_6,GGCGACTTCAACACCA-1,CSF,-0.019719477767475155
MS,CSF_6,GGCGTGTGTCACAAGG-1,CSF,0.007587140167436414
MS,CSF_6,GGCGTGTTCACCTCGT-1,CSF,-0.049355837203763055
MS,CSF_6,GGCGTGTTCACGCGGT-1,CSF,0.08938799413683962
MS,CSF_6,GGCTCGACACCACCAG-1,CSF,-0.07157349201915446
MS,CSF_6,GGCTCGAGTAAGTGGC-1,CSF,-0.19216449989797083
MS,CSF_6,GGCTGGTCATCTGGTA-1,CSF,-0.1556837713651466
MS,CSF_6,GGCTGGTCATTGGCGC-1,CSF,0.6122047589613706
MS,CSF_6,GGCTGGTGTCTTTCAT-1,CSF,0.14865793321511278
MS,CSF_6,GGCTGGTGTGGGTCAA-1,CSF,0.6480642023841089
MS,CSF_6,GGGAATGGTAAGTGGC-1,CSF,-0.07157349201915446
MS,CSF_6,GGGAATGGTTGAACTC-1,CSF,-0.34190556039557174
MS,CSF_6,GGGAATGTCACGGTTA-1,CSF,0.6841596438337593
MS,CSF_6,GGGACCTTCATAGCAC-1,CSF,0.34254357925588647
MS,CSF_6,GGGAGATGTGCAACTT-1,CSF,0.8023187072600917
MS,CSF_6,GGGATGAAGCCGCCTA-1,CSF,-0.3680786726028043
MS,CSF_6,GGGATGACATCCGTGG-1,CSF,0.9309919247335038
MS,CSF_6,GGGATGAGTGTGTGCC-1,CSF,0.4712370290762425
MS,CSF_6,GGGATGATCGCCTGTT-1,CSF,-0.18865939888231265
MS,CSF_6,GGGCACTCAATGGACG-1,CSF,0.5558900417274264
MS,CSF_6,GGGCACTCAGGAATGC-1,CSF,0.16059932177020558
MS,CSF_6,GGGCATCAGCCAGTTT-1,CSF,-0.16832420374210957
MS,CSF_6,GGGCATCGTAAGTGGC-1,CSF,0.4567174551440708
MS,CSF_6,GGGTCTGAGACCACGA-1,CSF,-0.2409218400786824
MS,CSF_6,GGGTCTGCAGAGCCAA-1,CSF,-0.22443483625402796
MS,CSF_6,GGGTCTGGTCAATACC-1,CSF,-0.2767144868603558
MS,CSF_6,GGGTCTGGTCTAAAGA-1,CSF,-0.2316684813895895
MS,CSF_6,GGGTCTGGTGTTGGGA-1,CSF,-0.12453006093435107
MS,CSF_6,GGGTTGCAGCATGGCA-1,CSF,-0.07157349201915446
MS,CSF_6,GGGTTGCTCACCACCT-1,CSF,-0.1466604160656754
MS,CSF_6,GGTATTGAGCTTCGCG-1,CSF,0.3994932595158458
MS,CSF_6,GGTATTGCAACACCCG-1,CSF,0.3146567293144988
MS,CSF_6,GGTATTGGTTCCATGA-1,CSF,0.08199090994402514
MS,CSF_6,GGTGAAGAGATCTGAA-1,CSF,0.09365643102650469
MS,CSF_6,GGTGAAGTCAGTTGAC-1,CSF,-0.42450210539702876
MS,CSF_6,GGTGCGTTCATTTGGG-1,CSF,0.918964327723842
MS,CSF_6,GGTGTTAGTCCGAAGA-1,CSF,0.08171651209655105
MS,CSF_6,GTAACGTGTCATCGGC-1,CSF,-0.07157349201915446
MS,CSF_6,GTAACGTGTTATTCTC-1,CSF,0.2402907649986689
MS,CSF_6,GTAACTGTCTAAGCCA-1,CSF,0.4180859988785576
MS,CSF_6,GTACGTAGTTCACGGC-1,CSF,0.5187639204079859
MS,CSF_6,GTACTCCTCCCTAACC-1,CSF,0.42976377044575187
MS,CSF_6,GTACTTTGTCACAAGG-1,CSF,-0.14129033435214194
MS,CSF_6,GTACTTTTCCCTGACT-1,CSF,0.22841273723333444
MS,CSF_6,GTAGGCCAGTCCGTAT-1,CSF,-0.15117989044993957
MS,CSF_6,GTAGTCAAGAAACCGC-1,CSF,0.46815040914321326
MS,CSF_6,GTATCTTAGATGTGTA-1,CSF,0.3352141706344444
MS,CSF_6,GTATCTTAGCTGATAA-1,CSF,0.7770262617278674
MS,CSF_6,GTATCTTAGCTGCAAG-1,CSF,-0.10457315779228651
MS,CSF_6,GTATCTTCAAATTGCC-1,CSF,0.6683486084047561
MS,CSF_6,GTCAAGTGTGGCCCTA-1,CSF,-0.25073408611274683
MS,CSF_6,GTCACAAAGATGGCGT-1,CSF,0.21213215962838916
MS,CSF_6,GTCACAACACGAAACG-1,CSF,-0.368018663384453
MS,CSF_6,GTCACAAGTTGTCGCG-1,CSF,0.12921032538810598
MS,CSF_6,GTCATTTAGCCCAGCT-1,CSF,0.37962702160045364
MS,CSF_6,GTCATTTAGTCCTCCT-1,CSF,-0.07157349201915446
MS,CSF_6,GTCCTCAAGCCATCGC-1,CSF,-0.15358006909239427
MS,CSF_6,GTCCTCAAGTGTGAAT-1,CSF,-0.07157349201915446
MS,CSF_6,GTCGGGTTCCGTAGGC-1,CSF,1.2230794130376452
MS,CSF_6,GTCGTAAAGTGGAGAA-1,CSF,-0.07157349201915446
MS,CSF_6,GTCGTAACATAGAAAC-1,CSF,0.7061982213688517
MS,CSF_6,GTCGTAACATATACCG-1,CSF,0.40607978053638255
MS,CSF_6,GTCGTAATCCTGCAGG-1,CSF,0.22976986074933828
MS,CSF_6,GTCTTCGCAAGGACAC-1,CSF,-0.2730369260057988
MS,CSF_6,GTCTTCGGTCGAAAGC-1,CSF,-0.3093317166473972
MS,CSF_6,GTCTTCGTCCTAGTGA-1,CSF,-0.07157349201915446
MS,CSF_6,GTGCAGCAGAGACTTA-1,CSF,0.3052092071545675
MS,CSF_6,GTGCAGCAGGCAGGTT-1,CSF,0.3680365038470123
MS,CSF_6,GTGCAGCCATAGACTC-1,CSF,0.3479538816536181
MS,CSF_6,GTGCATAGTCCCTTGT-1,CSF,-0.07157349201915446
MS,CSF_6,GTGCGGTCACTGTGTA-1,CSF,0.05376223932821581
MS,CSF_6,GTGCGGTTCCACGACG-1,CSF,0.1671558543766669
MS,CSF_6,GTGCTTCCATAGTAAG-1,CSF,0.2880631375274315
MS,CSF_6,GTGCTTCTCTTCTGGC-1,CSF,-0.35664412923176975
MS,CSF_6,GTGGGTCAGAGACTAT-1,CSF,-0.07157349201915446
MS,CSF_6,GTGGGTCGTCCCTTGT-1,CSF,0.1401195607969374
MS,CSF_6,GTGGGTCTCACTCCTG-1,CSF,-0.07326501460715022
MS,CSF_6,GTGTTAGAGACAGAGA-1,CSF,0.6069933465398573
MS,CSF_6,GTTAAGCCAAACGCGA-1,CSF,0.16207627330248514
MS,CSF_6,GTTAAGCCAACGATCT-1,CSF,-0.07157349201915446
MS,CSF_6,GTTACAGAGGACAGCT-1,CSF,-0.24296691937606102
MS,CSF_6,GTTACAGAGGTGTTAA-1,CSF,-0.24366645255553002
MS,CSF_6,GTTACAGCATACGCTA-1,CSF,0.21679834420756355
MS,CSF_6,GTTCATTAGCGACGTA-1,CSF,0.5112493261424566
MS,CSF_6,GTTCATTGTTCACCTC-1,CSF,-0.43082990591452036
MS,CSF_6,GTTCATTGTTCCTCCA-1,CSF,-0.2108761105980726
MS,CSF_6,GTTCGGGTCAGCGATT-1,CSF,-0.3753226630407886
MS,CSF_6,GTTCGGGTCTTCCTTC-1,CSF,-0.27331502136515395
MS,CSF_6,GTTCTCGGTATAGGTA-1,CSF,-0.07157349201915446
MS,CSF_6,GTTCTCGTCGCTTAGA-1,CSF,0.214587601476461
MS,CSF_6,GTTTCTAAGATCGGGT-1,CSF,-0.23862295507386203
MS,CSF_6,GTTTCTACACTAAGTC-1,CSF,0.5900897323030865
MS,CSF_6,GTTTCTACAGGTCTCG-1,CSF,0.2797732065426607
MS,CSF_6,GTTTCTATCGGCGGTT-1,CSF,-0.634421679413682
MS,CSF_6,GTTTCTATCGTAGGTT-1,CSF,0.09783423550928917
MS,CSF_6,TAAACCGAGATAGTCA-1,CSF,0.20237819672707924
MS,CSF_6,TAAGAGACAGTACACT-1,CSF,0.06878600537139452
MS,CSF_6,TAAGCGTTCTTGCATT-1,CSF,-0.5748544886117821
MS,CSF_6,TAAGTGCAGGCAAAGA-1,CSF,0.8505978198097404
MS,CSF_6,TAAGTGCGTAGGCATG-1,CSF,-0.07157349201915446
MS,CSF_6,TAAGTGCTCCCAACGG-1,CSF,0.8462759528772013
MS,CSF_6,TACACGACACTTAAGC-1,CSF,0.0436426860760617
MS,CSF_6,TACAGTGAGAGCAATT-1,CSF,-0.07157349201915446
MS,CSF_6,TACAGTGCACACGCTG-1,CSF,0.19880414775252392
MS,CSF_6,TACCTTACATCCAACA-1,CSF,-0.17896252101143237
MS,CSF_6,TACGGATAGGCCCTCA-1,CSF,0.15486904024269535
MS,CSF_6,TACGGGCAGAACTCGG-1,CSF,0.2567180541996675
MS,CSF_6,TACGGTAAGTGCCATT-1,CSF,-0.1940545822451443
MS,CSF_6,TACGGTACAGTGGGAT-1,CSF,-0.09575449418680795
MS,CSF_6,TACGGTAGTTAAGACA-1,CSF,-0.07157349201915446
MS,CSF_6,TACGGTATCTGCGTAA-1,CSF,0.07499601119926962
MS,CSF_6,TACTCATAGTAGGTGC-1,CSF,-0.07157349201915446
MS,CSF_6,TACTCATCATTGCGGC-1,CSF,-0.07157349201915446
MS,CSF_6,TACTCGCAGTGACTCT-1,CSF,0.4582889677086524
MS,CSF_6,TACTCGCGTTCACGGC-1,CSF,-0.24303756045527303
MS,CSF_6,TACTTACCACCGAAAG-1,CSF,0.48204353744116896
MS,CSF_6,TACTTACGTAACGCGA-1,CSF,0.08862611762137089
MS,CSF_6,TACTTACGTGTCAATC-1,CSF,0.08663864307647375
MS,CSF_6,TACTTGTGTGCATCTA-1,CSF,0.14652133900583225
MS,CSF_6,TACTTGTTCACATACG-1,CSF,0.0014679019765631812
MS,CSF_6,TACTTGTTCTGAGGGA-1,CSF,0.39410943570890894
MS,CSF_6,TACTTGTTCTGGTATG-1,CSF,0.4920723212043142
MS,CSF_6,TAGACCACAGGTCTCG-1,CSF,0.20111553319295422
MS,CSF_6,TAGAGCTGTTCATGGT-1,CSF,0.2539520152302093
MS,CSF_6,TAGCCGGGTCCAGTGC-1,CSF,-0.18966862284823843
MS,CSF_6,TAGCCGGTCTATCCTA-1,CSF,-0.013642812444650265
MS,CSF_6,TAGGCATAGACCGGAT-1,CSF,0.2985095218800134
MS,CSF_6,TAGGCATCAAGGTGTG-1,CSF,-0.1828539510949291
MS,CSF_6,TAGGCATTCGTCGTTC-1,CSF,-0.07157349201915446
MS,CSF_6,TAGTGGTGTAGGGTAC-1,CSF,-0.21470357247097877
MS,CSF_6,TAGTTGGTCGTTGACA-1,CSF,-0.4015424869898517
MS,CSF_6,TATCAGGCAATGAATG-1,CSF,0.14566050919368476
MS,CSF_6,TATCAGGGTGGCTCCA-1,CSF,-0.06465210906128628
MS,CSF_6,TATCTCATCGGAATCT-1,CSF,-0.1753868101288112
MS,CSF_6,TATGCCCCAACTGCGC-1,CSF,0.09505689891657869
MS,CSF_6,TATGCCCGTTGTTTGG-1,CSF,-0.2998784510757977
MS,CSF_6,TATTACCCACTCAGGC-1,CSF,0.5197016463962123
MS,CSF_6,TATTACCGTACATGTC-1,CSF,-0.19488752337423954
MS,CSF_6,TATTACCTCCGTAGGC-1,CSF,0.001013656834569776
MS,CSF_6,TCAATCTAGAAGGCCT-1,CSF,0.21778257887637167
MS,CSF_6,TCAATCTAGAGACGAA-1,CSF,-0.17354460621877704
MS,CSF_6,TCAATCTGTACGCTGC-1,CSF,0.10696640641814505
MS,CSF_6,TCACAAGTCTGATTCT-1,CSF,0.10006735451816155
MS,CSF_6,TCACGAAGTCCTGCTT-1,CSF,0.09823686640291003
MS,CSF_6,TCAGATGAGTGCGTGA-1,CSF,-0.6221260400839064
MS,CSF_6,TCAGATGGTACGACCC-1,CSF,-0.22305747045952642
MS,CSF_6,TCAGATGTCGGAGGTA-1,CSF,0.004086519690353737
MS,CSF_6,TCAGCAAAGGCACATG-1,CSF,-0.19290203117398014
MS,CSF_6,TCAGCTCGTTTGACAC-1,CSF,0.6815985633195207
MS,CSF_6,TCAGGATAGTGTTAGA-1,CSF,0.33942711513844503
MS,CSF_6,TCAGGTAAGGAGCGTT-1,CSF,-0.4520883263046458
MS,CSF_6,TCAGGTATCGCATGGC-1,CSF,-0.004617920120395477
MS,CSF_6,TCATTACAGCGCTTAT-1,CSF,0.22546748942888323
MS,CSF_6,TCATTTGTCAGCTGGC-1,CSF,-0.17419832527231294
MS,CSF_6,TCATTTGTCTAACTCT-1,CSF,0.07751355162437028
MS,CSF_6,TCCCGATTCGGAGCAA-1,CSF,0.5009400319249739
MS,CSF_6,TCGCGAGAGGTAGCTG-1,CSF,0.27439611921859014
MS,CSF_6,TCGCGAGCACTTACGA-1,CSF,0.38789634203358897
MS,CSF_6,TCGGGACGTCCGCTGA-1,CSF,0.1695693460371866
MS,CSF_6,TCGGTAAAGGCTATCT-1,CSF,-0.3146086423427837
MS,CSF_6,TCGGTAACAGCCAGAA-1,CSF,-0.5400152759409768
MS,CSF_6,TCGGTAAGTTAGGGTG-1,CSF,0.4044029737716531
MS,CSF_6,TCGTACCAGACAAGCC-1,CSF,-0.2603382639220169
MS,CSF_6,TCGTAGATCCTCCTAG-1,CSF,-0.20034688917824287
MS,CSF_6,TCTCATAAGTACGATA-1,CSF,0.3290266177422989
MS,CSF_6,TCTCTAACATGGTAGG-1,CSF,0.379594881005321
MS,CSF_6,TCTCTAAGTCGATTGT-1,CSF,0.2657825704770386
MS,CSF_6,TCTCTAATCCCAAGAT-1,CSF,0.919806101826077
MS,CSF_6,TCTCTAATCTGGAGCC-1,CSF,-0.03955934260004585
MS,CSF_6,TCTGGAACAGATCTGT-1,CSF,-0.05334804931808568
MS,CSF_6,TCTTCGGCAGTGGAGT-1,CSF,0.14069683377787542
MS,CSF_6,TCTTCGGGTGCCTGCA-1,CSF,0.14300928577944494
MS,CSF_6,TCTTCGGTCCTTGACC-1,CSF,-0.13661422020176742
MS,CSF_6,TGAAAGAAGGAGCGTT-1,CSF,1.0540223440201972
MS,CSF_6,TGAAAGAGTTGGGACA-1,CSF,0.012619256340097949
MS,CSF_6,TGAAAGATCGGGAGTA-1,CSF,-0.07157349201915446
MS,CSF_6,TGACAACCACAGCCCA-1,CSF,0.16039484758215047
MS,CSF_6,TGACAACGTAAGGATT-1,CSF,0.7695695825320505
MS,CSF_6,TGACAACGTCCCGACA-1,CSF,0.24891225305283063
MS,CSF_6,TGACGGCCACGCGAAA-1,CSF,-0.10207620096851752
MS,CSF_6,TGACGGCTCCAGTAGT-1,CSF,-0.07157349201915446
MS,CSF_6,TGACGGCTCGTTACGA-1,CSF,0.43636937123514413
MS,CSF_6,TGACTAGAGAGCAATT-1,CSF,-0.45881056186446206
MS,CSF_6,TGACTAGCATGCCACG-1,CSF,0.040754636938993304
MS,CSF_6,TGACTAGTCTGTCAAG-1,CSF,-0.07157349201915446
MS,CSF_6,TGACTTTGTGATGTCT-1,CSF,0.1226108058992873
MS,CSF_6,TGACTTTTCAGTGTTG-1,CSF,0.14735323134172879
MS,CSF_6,TGACTTTTCTCAAGTG-1,CSF,0.4943625081026063
MS,CSF_6,TGAGAGGCAAACCTAC-1,CSF,0.5286160378008551
MS,CSF_6,TGAGAGGCACACAGAG-1,CSF,-0.23308751604107467
MS,CSF_6,TGAGAGGGTAAGGATT-1,CSF,-0.05610682879104129
MS,CSF_6,TGAGCATAGAGCTTCT-1,CSF,0.14712931005766425
MS,CSF_6,TGAGCATAGGAATGGA-1,CSF,-0.07157349201915446
MS,CSF_6,TGAGCATCACTGTTAG-1,CSF,0.02085426136235302
MS,CSF_6,TGAGCCGAGATGGCGT-1,CSF,-0.07157349201915446
MS,CSF_6,TGAGCCGCAGACGCAA-1,CSF,-0.11493917275330094
MS,CSF_6,TGAGCCGGTCGCGGTT-1,CSF,0.15728862037194627
MS,CSF_6,TGAGCCGGTGTGGCTC-1,CSF,-0.33797990539763945
MS,CSF_6,TGAGCCGGTTAGATGA-1,CSF,-0.2789060863074422
MS,CSF_6,TGAGGGACATTCCTCG-1,CSF,-0.07157349201915446
MS,CSF_6,TGAGGGATCCACGAAT-1,CSF,0.7906248164844055
MS,CSF_6,TGATTTCGTTGGACCC-1,CSF,-0.24256756126548198
MS,CSF_6,TGATTTCTCACCTTAT-1,CSF,0.6040855879619297
MS,CSF_6,TGCACCTGTTGGTTTG-1,CSF,-0.5545409772520008
MS,CSF_6,TGCCAAATCACATACG-1,CSF,0.3700713646078949
MS,CSF_6,TGCCCTACATGTCGAT-1,CSF,-0.19838012671078606
MS,CSF_6,TGCGCAGAGGCTATCT-1,CSF,0.3734919142892487
MS,CSF_6,TGCGGGTTCCTAGTGA-1,CSF,0.30573437856832747
MS,CSF_6,TGCGTGGCACATTTCT-1,CSF,-0.32081968669926203
MS,CSF_6,TGCGTGGCAGACAGGT-1,CSF,0.3302092275856689
MS,CSF_6,TGCTACCAGTGGTCCC-1,CSF,-0.35779358716785126
MS,CSF_6,TGCTGCTAGTCCCACG-1,CSF,-0.03341693429091038
MS,CSF_6,TGCTGCTGTCGATTGT-1,CSF,-0.2231477431413893
MS,CSF_6,TGCTGCTGTTCAGGCC-1,CSF,-0.12081341220327903
MS,CSF_6,TGGACGCTCTCTTGAT-1,CSF,0.10211079179620693
MS,CSF_6,TGGCGCAAGTGTCTCA-1,CSF,0.2370201609010576
MS,CSF_6,TGGCGCACAAGCCGCT-1,CSF,0.20827367115154224
MS,CSF_6,TGGCGCAGTCTTTCAT-1,CSF,0.11647352176399003
MS,CSF_6,TGGCTGGCATCACGTA-1,CSF,0.44235158673723046
MS,CSF_6,TGGGAAGCAGACAAAT-1,CSF,0.8291100300368569
MS,CSF_6,TGGGCGTTCATAACCG-1,CSF,0.018150128472377267
MS,CSF_6,TGGGCGTTCTCGCATC-1,CSF,-0.1933390883848183
MS,CSF_6,TGGTTAGAGAAACCTA-1,CSF,0.08804134480718147
MS,CSF_6,TGGTTAGTCATCGGAT-1,CSF,0.7933628826656268
MS,CSF_6,TGGTTCCGTCCAGTTA-1,CSF,0.26852186333183753
MS,CSF_6,TGGTTCCTCACTTATC-1,CSF,-0.010098059374391075
MS,CSF_6,TGGTTCCTCTGCTGCT-1,CSF,-0.07157349201915446
MS,CSF_6,TGTATTCCAGCTGGCT-1,CSF,-0.05311070046272507
MS,CSF_6,TGTATTCGTGATAAAC-1,CSF,-0.5025945668562696
MS,CSF_6,TGTCCCAGTGATGCCC-1,CSF,0.23057328788806725
MS,CSF_6,TGTGGTACACAAGACG-1,CSF,0.4822096043339444
MS,CSF_6,TGTGTTTAGAAACCAT-1,CSF,-0.42287052078819504
MS,CSF_6,TGTGTTTAGAATCTCC-1,CSF,-0.10682097894562773
MS,CSF_6,TGTGTTTAGGCTAGGT-1,CSF,-0.11940782835607443
MS,CSF_6,TGTGTTTTCAAACAAG-1,CSF,-0.20442303303150627
MS,CSF_6,TGTGTTTTCATGCTCC-1,CSF,-0.07157349201915446
MS,CSF_6,TGTTCCGGTCTCATCC-1,CSF,-0.4407551197559549
MS,CSF_6,TTAACTCAGATCCCGC-1,CSF,-0.2787763768830233
MS,CSF_6,TTAACTCCACCGAATT-1,CSF,-0.17449613404629655
MS,CSF_6,TTAACTCGTCAGTGGA-1,CSF,0.24804933537056462
MS,CSF_6,TTAACTCTCAAAGACA-1-1,CSF,0.186213936794531
MS,CSF_6,TTAGGACCAAGAGGCT-1,CSF,-0.14686811322021232
MS,CSF_6,TTAGGACCATAGAAAC-1,CSF,0.11669696991101888
MS,CSF_6,TTAGGCACAGGGCATA-1,CSF,-0.07157349201915446
MS,CSF_6,TTAGGCATCTGGTTCC-1,CSF,0.21249445420638338
MS,CSF_6,TTCCCAGAGACCTTTG-1,CSF,-0.07157349201915446
MS,CSF_6,TTCCCAGAGAGCCTAG-1,CSF,0.2558295478045193
MS,CSF_6,TTCCCAGCAAGCGTAG-1,CSF,-0.07157349201915446
MS,CSF_6,TTCGAAGCATGCGCAC-1,CSF,0.254806949068396
MS,CSF_6,TTCGAAGTCTATCCTA-1,CSF,-0.4279487872779148
MS,CSF_6,TTCTACAAGCACAGGT-1,CSF,0.2181654280446074
MS,CSF_6,TTCTACACACGTCAGC-1,CSF,-0.18764635372354777
MS,CSF_6,TTCTCAAAGGAATGGA-1,CSF,0.450460778255694
MS,CSF_6,TTCTCCTGTCTCACCT-1,CSF,0.2810779444441492
MS,CSF_6,TTCTCCTGTGCCTTGG-1,CSF,-0.3456008413234085
MS,CSF_6,TTCTTAGAGCTGGAAC-1,CSF,-0.012051354890040469
MS,CSF_6,TTGACTTGTTGAGTTC-1,CSF,-0.1924631362856677
MS,CSF_6,TTGCCGTGTTCCAACA-1,CSF,-0.21482363930099543
MS,CSF_6,TTGCCGTTCTAACTTC-1,CSF,0.11482630137418758
MS,CSF_6,TTGCGTCTCGACAGCC-1,CSF,-0.27856389620535005
MS,CSF_6,TTGCGTCTCTTGCAAG-1,CSF,0.03826039319267793
MS,CSF_6,TTGGAACAGTCGAGTG-1,CSF,-0.012453229896385023
MS,CSF_6,TTGGAACCATGCCTAA-1,CSF,-0.07157349201915446
MS,CSF_6,TTGGCAATCTTGTTTG-1,CSF,-0.12648888758715413
MS,CSF_6,TTGTAGGTCATCGCTC-1,CSF,-0.07157349201915446
MS,CSF_6,TTTACTGGTAACGACG-1,CSF,0.27810282134173014
MS,CSF_6,TTTATGCGTCATACTG-1,CSF,0.11957245468580834
MS,CSF_6,TTTCCTCAGATCCGAG-1,CSF,0.6486832225969029
MS,CSF_6,TTTCCTCCAAACAACA-1,CSF,0.5757650709328809
MS,CSF_6,TTTCCTCTCGAATGGG-1,CSF,-0.46631032318956983
MS,CSF_6,TTTCCTCTCTTGCAAG-1,CSF,0.9578843868702941
MS,CSF_6,TTTGCGCAGGACGAAA-1,CSF,0.38802741429135307
MS,CSF_6,TTTGCGCAGGCTCATT-1,CSF,-0.07157349201915446
MS,CSF_6,TTTGCGCCAAACCCAT-1,CSF,0.03315387591482672
MS,CSF_6,TTTGCGCTCTGTCTAT-1,CSF,-0.13787640273545124
MS,CSF_6,TTTGGTTAGTGGGCTA-1,CSF,-0.9939207387785152
MS,CSF_6,TTTGGTTCAAGCCATT-1,CSF,0.5041854878754994
MS,CSF_6,TTTGGTTGTCTAGCCG-1,CSF,-0.07157349201915446
MS,CSF_6,TTTGTCAGTCGCCATG-1,CSF,-0.07157349201915446
MS,CSF_6,TTTGTCAGTTCTGAAC-1,CSF,0.13363973346191116
MS,CSF_7,AAACGGGAGGACTGGT-1,CSF,-0.0028990699180056556
MS,CSF_7,AAACGGGCACCGGAAA-1,CSF,0.3409861082615618
MS,CSF_7,AAAGATGTCCGAGCCA-1,CSF,0.15800638439704612
MS,CSF_7,AAAGATGTCTAGAGTC-1,CSF,0.7734940381572917
MS,CSF_7,AAAGTAGTCCAAGTAC-1,CSF,-0.07157349201915446
MS,CSF_7,AACCATGCAGCCTTGG-1,CSF,0.3819497022125325
MS,CSF_7,AACCATGGTCGAGATG-1,CSF,-0.3446887777556614
MS,CSF_7,AACCGCGTCCCTAACC-1,CSF,0.2925933417281647
MS,CSF_7,AACTCAGAGCCACGTC-1,CSF,0.4085076060292797
MS,CSF_7,AACTCCCAGCAGCCTC-1,CSF,-0.1769054742782043
MS,CSF_7,AACTCTTGTTCGTGAT-1,CSF,-0.31971829148539915
MS,CSF_7,AACTTTCTCACAACGT-1,CSF,-0.23724860620234584
MS,CSF_7,AAGACCTCATCACGAT-1,CSF,0.03136823749929125
MS,CSF_7,AAGACCTGTAATCGTC-1,CSF,0.17321638754220717
MS,CSF_7,AAGCCGCAGGCATGTG-1,CSF,0.415548264852036
MS,CSF_7,AAGCCGCCATGGGACA-1,CSF,0.1266723930555585
MS,CSF_7,AAGGTTCCAATGGAGC-1,CSF,0.32741122175059345
MS,CSF_7,AAGGTTCCACCAGGCT-1,CSF,0.15840335321215138
MS,CSF_7,AAGTCTGAGACCCACC-1,CSF,-0.07157349201915446
MS,CSF_7,AAGTCTGCATGTCGAT-1,CSF,0.15121793907780293
MS,CSF_7,ACACCGGGTGGCGAAT-1,CSF,0.19290274948590483
MS,CSF_7,ACAGCCGAGAATGTTG-1,CSF,0.01208974311275618
MS,CSF_7,ACAGCTATCTACTTAC-1,CSF,0.8180418572269311
MS,CSF_7,ACATCAGCAATGGACG-1,CSF,0.44337643558290585
MS,CSF_7,ACATCAGTCAAACCAC-1,CSF,-0.591047978153165
MS,CSF_7,ACCAGTAGTAGTACCT-1,CSF,0.2254067524000082
MS,CSF_7,ACCCACTTCTGCTGTC-1,CSF,0.005652123667790403
MS,CSF_7,ACCTTTACATAGAAAC-1,CSF,-0.07157349201915446
MS,CSF_7,ACGAGCCAGGAGCGAG-1,CSF,0.2495167366249709
MS,CSF_7,ACGATACAGCACACAG-1,CSF,0.4579764330786701
MS,CSF_7,ACGATACGTTGAGTTC-1,CSF,-0.337980056319723
MS,CSF_7,ACGATGTGTTCCACAA-1,CSF,-0.24834724863206542
MS,CSF_7,ACGATGTTCCTTTCGG-1,CSF,0.14156019894441224
MS,CSF_7,ACGCCAGTCCGAATGT-1,CSF,0.4471043520941567
MS,CSF_7,ACGCCGAGTCGCATAT-1,CSF,-0.05432676539392277
MS,CSF_7,ACGCCGATCTCTTGAT-1,CSF,-0.3676145207632747
MS,CSF_7,ACGGGTCTCGCACTCT-1,CSF,-0.25703210111004704
MS,CSF_7,ACGTCAAGTCATACTG-1,CSF,0.29838435383233625
MS,CSF_7,ACTGATGAGTGGGCTA-1,CSF,-0.18990272443353065
MS,CSF_7,ACTGATGCAATGTAAG-1,CSF,0.11536846567407463
MS,CSF_7,ACTGTCCAGAAACGCC-1,CSF,0.09839617775334031
MS,CSF_7,ACTTACTTCTATCCCG-1,CSF,0.3143869872197426
MS,CSF_7,AGAATAGAGATCCTGT-1,CSF,0.41278201476983284
MS,CSF_7,AGACGTTAGGTTACCT-1,CSF,-0.07157349201915446
MS,CSF_7,AGCATACCAACGATGG-1,CSF,-0.2372933648670213
MS,CSF_7,AGCCTAAAGGACTGGT-1,CSF,0.11159920219850569
MS,CSF_7,AGCCTAATCCGAGCCA-1,CSF,0.12255249652881277
MS,CSF_7,AGCTTGAAGTGGAGAA-1,CSF,-0.25401789698152755
MS,CSF_7,AGCTTGATCAACCATG-1,CSF,-0.030039367048476824
MS,CSF_7,AGGCCACGTAGCCTAT-1,CSF,0.16136807865082023
MS,CSF_7,AGGCCGTAGAGCTGCA-1,CSF,-0.1944160379835981
MS,CSF_7,AGGGAGTAGAAACCGC-1,CSF,0.10361803537914904
MS,CSF_7,AGGGAGTAGATGTTAG-1,CSF,0.18481872552432901
MS,CSF_7,AGGGAGTAGGGCTCTC-1,CSF,-0.36770876491120325
MS,CSF_7,AGGGAGTCATCGTCGG-1,CSF,-0.3940451177694951
MS,CSF_7,AGGGATGAGATGTAAC-1,CSF,0.24256923129612531
MS,CSF_7,AGGGATGCATGAGCGA-1,CSF,-0.19984843337386046
MS,CSF_7,AGGGTGAAGTGCAAGC-1,CSF,0.4408311603370585
MS,CSF_7,AGGGTGATCTTTCCTC-1,CSF,-0.07157349201915446
MS,CSF_7,AGGTCCGCACGAAAGC-1,CSF,0.06334556274356606
MS,CSF_7,AGTAGTCCAACGCACC-1,CSF,0.0166573037060186
MS,CSF_7,AGTCTTTCAAGTCTAC-1,CSF,0.024164228034033047
MS,CSF_7,AGTCTTTGTCTCTCGT-1,CSF,-0.07157349201915446
MS,CSF_7,AGTGGGATCAACACCA-1,CSF,-0.2631505684214333
MS,CSF_7,ATAACGCGTAGGACAC-1,CSF,0.05510484911110003
MS,CSF_7,ATAACGCTCCAGGGCT-1,CSF,0.3734955998264709
MS,CSF_7,ATAGACCAGTGGTAAT-1,CSF,0.4994306035992383
MS,CSF_7,ATAGACCTCTGCTGCT-1,CSF,-0.008697190652531809
MS,CSF_7,ATCACGAGTAAGCACG-1,CSF,0.3040593749366227
MS,CSF_7,ATCATCTTCTTGGGTA-1,CSF,0.017660520512487416
MS,CSF_7,ATCATGGCACAACGTT-1,CSF,0.047571264651673384
MS,CSF_7,ATCCACCCAGCTCCGA-1,CSF,-0.29853670919346686
MS,CSF_7,ATCCGAACAAGTCATC-1,CSF,-0.5157863657370989
MS,CSF_7,ATCCGAACAGTAAGCG-1,CSF,-0.20306018105469967
MS,CSF_7,ATCTACTCAGACGCTC-1,CSF,0.2638607218032953
MS,CSF_7,ATCTACTGTATTCTCT-1,CSF,-0.07157349201915446
MS,CSF_7,ATCTACTGTCTAGAGG-1,CSF,-0.04101153633095878
MS,CSF_7,ATCTACTGTTCTGGTA-1,CSF,-0.22305596751075132
MS,CSF_7,ATCTACTTCTGCTGCT-1,CSF,-0.0895683044324961
MS,CSF_7,ATCTGCCGTCTGATTG-1,CSF,-0.07157349201915446
MS,CSF_7,ATGAGGGAGGGCATGT-1,CSF,-0.2123348917968224
MS,CSF_7,ATGAGGGAGGTGCTTT-1,CSF,0.24679192380143292
MS,CSF_7,ATGAGGGCAGTACACT-1,CSF,-0.12454284765768993
MS,CSF_7,ATGAGGGGTAAGTAGT-1,CSF,-0.07157349201915446
MS,CSF_7,ATGCGATGTGCCTTGG-1,CSF,0.1859177165606777
MS,CSF_7,ATGGGAGCACAACGTT-1,CSF,0.1923287906560144
MS,CSF_7,ATGTGTGAGTCGAGTG-1,CSF,0.23673462849251006
MS,CSF_7,ATTACTCTCCTAGGGC-1,CSF,-0.07157349201915446
MS,CSF_7,ATTATCCCAAGGTTCT-1,CSF,-0.08733244787428
MS,CSF_7,ATTGGACAGAACTGTA-1,CSF,-0.3594707655586819
MS,CSF_7,ATTTCTGCAGATCCAT-1,CSF,-0.07157349201915446
MS,CSF_7,CAACTAGCATGTAGTC-1,CSF,0.010317177286735504
MS,CSF_7,CAAGAAACAAGCGAGT-1,CSF,-0.42356419184995525
MS,CSF_7,CAAGAAAGTGGGTCAA-1,CSF,-0.07157349201915446
MS,CSF_7,CAAGGCCTCTGTCTAT-1,CSF,-0.2370434540783583
MS,CSF_7,CAAGTTGTCCTATGTT-1,CSF,0.010940972525298433
MS,CSF_7,CACACTCAGCTCTCGG-1,CSF,-0.07157349201915446
MS,CSF_7,CACACTCCATTACCTT-1,CSF,0.4629850923016009
MS,CSF_7,CACATAGGTTAGGGTG-1,CSF,0.45942453530436617
MS,CSF_7,CACATAGTCTGTACGA-1,CSF,0.4782072842002492
MS,CSF_7,CACATTTGTCCGAACC-1,CSF,-0.19493059372978938
MS,CSF_7,CACATTTTCACTCCTG-1,CSF,0.15804928442730914
MS,CSF_7,CACCACTTCAGCAACT-1,CSF,0.19258457327363457
MS,CSF_7,CACCAGGAGAGGTTAT-1,CSF,0.3908348431760233
MS,CSF_7,CACTCCAAGTCTTGCA-1,CSF,0.26716559745234925
MS,CSF_7,CACTCCAGTGATGCCC-1,CSF,0.2552452451378122
MS,CSF_7,CAGAATCAGATAGCAT-1,CSF,-0.07157349201915446
MS,CSF_7,CAGAATCCACATTCGA-1,CSF,0.3423233974616986
MS,CSF_7,CAGAATCGTGTGCGTC-1,CSF,-0.255537584343441
MS,CSF_7,CAGAGAGGTAGGGACT-1,CSF,0.46699840127506836
MS,CSF_7,CAGAGAGTCGCATGAT-1,CSF,0.2604608851513355
MS,CSF_7,CAGCAGCGTCTAGTGT-1,CSF,-0.1822466098985624
MS,CSF_7,CAGCGACTCTTTAGTC-1,CSF,-0.3796063781889041
MS,CSF_7,CAGCTAACAGCTTCGG-1,CSF,0.03092700459430339
MS,CSF_7,CAGGTGCGTGGTGTAG-1,CSF,0.6005007711564655
MS,CSF_7,CAGTCCTTCCGTTGCT-1,CSF,0.3447047376745721
MS,CSF_7,CATCAAGTCGAGGTAG-1,CSF,-0.07157349201915446
MS,CSF_7,CATCAGATCTGTCTAT-1,CSF,-0.07157349201915446
MS,CSF_7,CATCGAACACCGATAT-1,CSF,1.110328507491442
MS,CSF_7,CATCGGGCATAGAAAC-1,CSF,-0.19787669237078195
MS,CSF_7,CATCGGGCATGGTTGT-1,CSF,0.10504899051208758
MS,CSF_7,CATGCCTTCGTATCAG-1,CSF,-0.07157349201915446
MS,CSF_7,CATTCGCGTATAATGG-1,CSF,-0.055932257023321684
MS,CSF_7,CCAATCCAGATGTGGC-1,CSF,-0.07157349201915446
MS,CSF_7,CCAATCCTCAGTTCGA-1,CSF,0.055928573564034786
MS,CSF_7,CCACGGAAGTTACGGG-1,CSF,-0.44795612333249435
MS,CSF_7,CCACTACCATTGCGGC-1,CSF,-0.07157349201915446
MS,CSF_7,CCAGCGAAGCCACGCT-1,CSF,0.155522578455524
MS,CSF_7,CCAGCGAAGCCGCCTA-1,CSF,0.3871619680657869
MS,CSF_7,CCATGTCAGAGCCCAA-1,CSF,0.17032051860056538
MS,CSF_7,CCCTCCTTCAGTTCGA-1,CSF,0.14146848559027794
MS,CSF_7,CCGTACTCATCTATGG-1,CSF,-0.04785225751910682
MS,CSF_7,CCGTGGAAGTAATCCC-1,CSF,0.9670363789108697
MS,CSF_7,CCTACCAGTGTCAATC-1,CSF,-0.41647513544456655
MS,CSF_7,CCTAGCTAGGACCACA-1,CSF,0.03401292104405879
MS,CSF_7,CCTATTAGTCGAGATG-1,CSF,-0.09715438026137703
MS,CSF_7,CCTATTATCTGTCCGT-1,CSF,-0.07157349201915446
MS,CSF_7,CCTCAGTTCGGTGTTA-1,CSF,-0.241368075451239
MS,CSF_7,CCTTCGAAGTCTCAAC-1,CSF,-0.14510359251320404
MS,CSF_7,CGATGTAAGCTCCTTC-1,CSF,-0.19100957535815127
MS,CSF_7,CGATGTAAGGGATACC-1,CSF,-0.07157349201915446
MS,CSF_7,CGATGTATCCAATGGT-1,CSF,0.36195221327346794
MS,CSF_7,CGATTGAAGCTGGAAC-1,CSF,0.5801977297726185
MS,CSF_7,CGATTGAAGTCCATAC-1,CSF,0.13109442040979802
MS,CSF_7,CGATTGAAGTTTGCGT-1,CSF,0.11420339116798386
MS,CSF_7,CGATTGACATTGGCGC-1,CSF,-0.07157349201915446
MS,CSF_7,CGCCAAGTCACGCATA-1,CSF,0.20311863853368026
MS,CSF_7,CGCGGTAAGACTGGGT-1,CSF,-0.19346464584871317
MS,CSF_7,CGCGGTAGTCGAGTTT-1,CSF,0.11197246713812115
MS,CSF_7,CGCGTTTAGCAATATG-1,CSF,0.4046557748416352
MS,CSF_7,CGGACACAGAGCTATA-1,CSF,0.11731094988729829
MS,CSF_7,CGGACGTGTCATCCCT-1,CSF,-0.38454449410145936
MS,CSF_7,CGGACGTTCCGAGCCA-1,CSF,0.3528514541204756
MS,CSF_7,CGGAGCTCATTGGCGC-1,CSF,-0.07157349201915446
MS,CSF_7,CGGGTCAAGCTGCGAA-1,CSF,-0.023944471402942362
MS,CSF_7,CGGTTAAAGAGCAATT-1,CSF,0.3605802282295167
MS,CSF_7,CGGTTAACACTGTGTA-1,CSF,-0.07157349201915446
MS,CSF_7,CGTAGGCAGGAGTCTG-1,CSF,-0.16842169827086867
MS,CSF_7,CGTAGGCTCCTAGAAC-1,CSF,-0.35058239885801107
MS,CSF_7,CGTCACTCACAGACAG-1,CSF,-0.3062688180299538
MS,CSF_7,CGTCAGGAGGACACCA-1,CSF,0.4532204416332638
MS,CSF_7,CGTCTACAGCTGTCTA-1,CSF,0.6666677009948903
MS,CSF_7,CGTCTACTCTCTGAGA-1,CSF,-0.07157349201915446
MS,CSF_7,CGTGTCTGTCTCCACT-1,CSF,0.13495313842051126
MS,CSF_7,CGTTCTGAGCCAGTAG-1,CSF,-0.004301911150182318
MS,CSF_7,CTAAGACAGGATTCGG-1,CSF,0.15003015101989536
MS,CSF_7,CTACCCAAGTAGTGCG-1,CSF,-0.4634236962304973
MS,CSF_7,CTACGTCTCGAATGGG-1,CSF,0.25888242775867293
MS,CSF_7,CTCACACAGTGTGGCA-1,CSF,-0.43769984730633515
MS,CSF_7,CTCCTAGTCCCTAACC-1,CSF,-0.024699971435512644
MS,CSF_7,CTCGGAGGTAGTAGTA-1,CSF,-0.07157349201915446
MS,CSF_7,CTCGGAGTCGCCATAA-1,CSF,-0.5231103076409508
MS,CSF_7,CTCGTCACACAGACAG-1,CSF,0.11022597344300038
MS,CSF_7,CTCTAATAGCTAGCCC-1,CSF,-0.14100808886303182
MS,CSF_7,CTCTGGTTCACCACCT-1,CSF,-0.19966791784052715
MS,CSF_7,CTCTGGTTCGTGTAGT-1,CSF,0.3441131371202121
MS,CSF_7,CTGAAACAGAACTGTA-1,CSF,-0.07157349201915446
MS,CSF_7,CTGAAGTTCGGTTCGG-1,CSF,-0.197175250828743
MS,CSF_7,CTGATAGTCGGCGCTA-1,CSF,-0.07157349201915446
MS,CSF_7,CTGGTCTCACCTCGTT-1,CSF,-0.3508856777607992
MS,CSF_7,CTTAGGATCCCTAATT-1,CSF,-0.2815527840242127
MS,CSF_7,CTTCTCTAGTGGGCTA-1,CSF,0.9130974888086375
MS,CSF_7,CTTCTCTCAAGCCTAT-1,CSF,-0.07157349201915446
MS,CSF_7,CTTGGCTAGCAGCGTA-1,CSF,0.3271320087509146
MS,CSF_7,CTTTGCGAGTGGCACA-1,CSF,0.1906567529897559
MS,CSF_7,GAAACTCAGGAGCGAG-1,CSF,-0.18912655467031514
MS,CSF_7,GAACCTACAGGAATGC-1,CSF,0.128002782377851
MS,CSF_7,GAACCTAGTTTGACTG-1,CSF,-0.07157349201915446
MS,CSF_7,GAATGAACACCCTATC-1,CSF,0.32711363708346325
MS,CSF_7,GAATGAAGTACAGTGG-1,CSF,0.01993732700046969
MS,CSF_7,GACACGCAGATGCCAG-1,CSF,0.15385098399366925
MS,CSF_7,GACAGAGAGAACAACT-1,CSF,0.11767087112612674
MS,CSF_7,GACAGAGAGCTTTGGT-1,CSF,-0.07157349201915446
MS,CSF_7,GACGCGTAGCGTAATA-1,CSF,-0.09918895701205256
MS,CSF_7,GACGTTAAGGCACATG-1,CSF,0.14862842253126343
MS,CSF_7,GACGTTACAGGTCTCG-1,CSF,-0.30808722406868194
MS,CSF_7,GACTAACGTCTCTCTG-1,CSF,-0.287416961992552
MS,CSF_7,GATCAGTGTCCGAAGA-1,CSF,-0.05090767714602976
MS,CSF_7,GATCAGTGTCCTGCTT-1,CSF,0.5210979828088835
MS,CSF_7,GATCGATCAAGAGTCG-1,CSF,-0.07157349201915446
MS,CSF_7,GATCGTACAACTGGCC-1,CSF,0.07867206353748106
MS,CSF_7,GATGAGGCAGTAAGCG-1,CSF,0.3138332617825479
MS,CSF_7,GATTCAGCACATCCAA-1,CSF,-0.005715621692937204
MS,CSF_7,GATTCAGGTCGAATCT-1,CSF,-0.1933599962269554
MS,CSF_7,GCAAACTGTCATGCCG-1,CSF,0.21562319193936244
MS,CSF_7,GCAGTTAGTAAGTGGC-1,CSF,0.4730318348807074
MS,CSF_7,GCATACAGTCCGAAGA-1,CSF,-0.16686259621054228
MS,CSF_7,GCATGCGCACTCGACG-1,CSF,-0.04943261808978277
MS,CSF_7,GCCAAATCAGTCACTA-1,CSF,0.35095593824377014
MS,CSF_7,GCCAAATTCGACAGCC-1,CSF,0.3824429965423232
MS,CSF_7,GCCTCTATCCTTTACA-1,CSF,0.2281249978217179
MS,CSF_7,GCGACCATCATGTAGC-1,CSF,0.09656802406622753
MS,CSF_7,GCGCAACTCGTACCGG-1,CSF,-0.2520964304798143
MS,CSF_7,GCTGCAGCAGCCTTTC-1,CSF,-0.07157349201915446
MS,CSF_7,GCTGCAGTCAATACCG-1,CSF,0.23027203353660752
MS,CSF_7,GCTTGAACAGCTGTTA-1-1,CSF,0.9851266266057203
MS,CSF_7,GCTTGAACATGGGACA-1,CSF,-0.3452826455075445
MS,CSF_7,GGAATAAAGTGGGATC-1,CSF,-0.34088632719782314
MS,CSF_7,GGACAAGTCCACGTTC-1,CSF,-0.0871586686262235
MS,CSF_7,GGACGTCTCTGGCGTG-1,CSF,-0.07157349201915446
MS,CSF_7,GGATTACTCGGAAACG-1,CSF,-0.07157349201915446
MS,CSF_7,GGCAATTGTCTGCGGT-1,CSF,0.11784891363308907
MS,CSF_7,GGCAATTTCGGAATCT-1,CSF,-0.07157349201915446
MS,CSF_7,GGCAATTTCGTTGACA-1,CSF,-0.2518052704137103
MS,CSF_7,GGCCGATTCGGAAATA-1,CSF,-0.18084209072314103
MS,CSF_7,GGCGTGTAGCAGATCG-1,CSF,0.1760294035263972
MS,CSF_7,GGCTCGAAGCCCTAAT-1,CSF,0.1353949182004611
MS,CSF_7,GGCTGGTAGCAATATG-1,CSF,0.1670453580339633
MS,CSF_7,GGCTGGTAGGTGATTA-1,CSF,0.06693808417669296
MS,CSF_7,GGGACCTCAGGACCCT-1,CSF,-0.05795251804810659
MS,CSF_7,GGGAGATCAATGGAGC-1,CSF,0.2588530305063655
MS,CSF_7,GGGTCTGGTTACGACT-1,CSF,-0.07157349201915446
MS,CSF_7,GGGTTGCAGCTGAACG-1,CSF,0.18490285438599693
MS,CSF_7,GGGTTGCCATTTCAGG-1,CSF,0.007608830413018527
MS,CSF_7,GGGTTGCTCCCTTGCA-1,CSF,0.02967030455920605
MS,CSF_7,GGTATTGAGTTACGGG-1,CSF,0.23417558798567922
MS,CSF_7,GGTGAAGTCCGCGGTA-1,CSF,0.052306380257334126
MS,CSF_7,GTAACGTAGAATGTTG-1,CSF,-0.07157349201915446
MS,CSF_7,GTAACGTAGTCAAGGC-1,CSF,-0.12820455386740998
MS,CSF_7,GTACGTACACAGGCCT-1,CSF,-0.6836986945140412
MS,CSF_7,GTACGTATCAGATAAG-1,CSF,0.14583500068908264
MS,CSF_7,GTACTTTTCTGTTTGT-1,CSF,0.2520629446618285
MS,CSF_7,GTATCTTCATACCATG-1,CSF,0.12208419606427685
MS,CSF_7,GTCACAACACGGTAAG-1,CSF,-0.07157349201915446
MS,CSF_7,GTCACAATCCGAAGAG-1,CSF,0.6486832225969029
MS,CSF_7,GTCATTTGTCCGAACC-1,CSF,-0.19033470273504505
MS,CSF_7,GTCCTCAAGCTGAAAT-1,CSF,0.22897651936962898
MS,CSF_7,GTCCTCACACAGTCGC-1,CSF,0.5540850230690334
MS,CSF_7,GTCCTCACAGCTCGAC-1,CSF,0.42197837729481896
MS,CSF_7,GTCTTCGTCCGTCAAA-1,CSF,0.8135352759194575
MS,CSF_7,GTGAAGGAGGCCATAG-1,CSF,0.07011956308605626
MS,CSF_7,GTGAAGGGTGACTCAT-1,CSF,-0.05186668273230293
MS,CSF_7,GTGAAGGGTTCTGTTT-1,CSF,-0.20059092519998975
MS,CSF_7,GTGCAGCAGTGTACCT-1,CSF,0.2022275779690998
MS,CSF_7,GTGCAGCTCGGGAGTA-1,CSF,0.4214807386030972
MS,CSF_7,GTGCGGTGTCAGATAA-1,CSF,0.08786085954838042
MS,CSF_7,GTGGGTCTCAACGCTA-1,CSF,-0.18322887698419804
MS,CSF_7,GTGTGCGCACCGTTGG-1,CSF,0.6481461146766824
MS,CSF_7,GTTAAGCGTACCCAAT-1,CSF,0.4794733494904648
MS,CSF_7,GTTCGGGCACATCTTT-1,CSF,-0.07157349201915446
MS,CSF_7,GTTCGGGCATGCCACG-1,CSF,0.2705446781698666
MS,CSF_7,TAAACCGCAAGACACG-1,CSF,-0.11051447802777649
MS,CSF_7,TAAACCGCAAGCGAGT-1,CSF,0.1368235108322756
MS,CSF_7,TAAGCGTCATCGGTTA-1,CSF,-0.4392115326245323
MS,CSF_7,TACCTTAAGCCCAGCT-1,CSF,0.2252903691766043
MS,CSF_7,TACGGTAGTAAACCTC-1,CSF,-0.13168767198255546
MS,CSF_7,TACTCATAGCGCCTCA-1,CSF,0.11613206104556124
MS,CSF_7,TACTCATAGGAGCGAG-1,CSF,-0.07157349201915446
MS,CSF_7,TACTCATTCTTACCGC-1,CSF,-0.2719857684035938
MS,CSF_7,TACTTACAGGACCACA-1,CSF,0.6861045672055537
MS,CSF_7,TACTTACCAAGTCATC-1,CSF,0.3131888625329246
MS,CSF_7,TACTTACCAGGACCCT-1,CSF,0.6477506973051063
MS,CSF_7,TACTTACGTCATATCG-1,CSF,-0.1989347717135763
MS,CSF_7,TAGAGCTCAAGCCCAC-1,CSF,-0.25481713816450086
MS,CSF_7,TAGAGCTCATAACCTG-1,CSF,0.7278294940859987
MS,CSF_7,TAGTGGTAGCCGATTT-1,CSF,0.02343319208685254
MS,CSF_7,TAGTTGGCAGGTCTCG-1,CSF,0.33669841452948507
MS,CSF_7,TATCAGGTCTCAAACG-1,CSF,0.22814964845576094
MS,CSF_7,TATCTCATCCCTCAGT-1,CSF,0.15336935252963896
MS,CSF_7,TATTACCTCGCCTGAG-1,CSF,0.33925060943133145
MS,CSF_7,TCAACGAAGCCACGCT-1,CSF,-0.37324510574133224
MS,CSF_7,TCAATCTGTCATGCAT-1,CSF,-0.4825529380916688
MS,CSF_7,TCAATCTTCCACGTGG-1,CSF,0.23200220179470638
MS,CSF_7,TCAGGATCACCTTGTC-1,CSF,0.17678501580067182
MS,CSF_7,TCAGGATCACTTGGAT-1,CSF,0.24757316358124642
MS,CSF_7,TCAGGATCATCGGTTA-1,CSF,0.17150495993462114
MS,CSF_7,TCAGGTACATGGGACA-1,CSF,-0.07157349201915446
MS,CSF_7,TCATTACAGAGGTACC-1,CSF,0.47500160934729996
MS,CSF_7,TCCACACCACAGGCCT-1,CSF,0.6538374051710641
MS,CSF_7,TCGCGAGCACCGCTAG-1,CSF,-0.059181695743812095
MS,CSF_7,TCGCGAGGTTTGGCGC-1,CSF,0.10820433154232283
MS,CSF_7,TCGTACCTCCCTAACC-1,CSF,-0.23017313548993007
MS,CSF_7,TCTCATAGTCCTCCAT-1,CSF,-0.07157349201915446
MS,CSF_7,TCTGAGATCGGTTCGG-1,CSF,-0.23944956903601344
MS,CSF_7,TCTGGAAGTCTCTTTA-1,CSF,0.18574423024690093
MS,CSF_7,TCTGGAAGTTATCGGT-1,CSF,0.1050700775931469
MS,CSF_7,TCTGGAATCTTTAGGG-1,CSF,0.048954756370374435
MS,CSF_7,TCTTCGGCATGTCCTC-1,CSF,-0.19688383585957997
MS,CSF_7,TGAAAGACAGTCAGAG-1,CSF,-0.07157349201915446
MS,CSF_7,TGACTAGCAGAAGCAC-1,CSF,0.3875018010961199
MS,CSF_7,TGACTAGCAGGACGTA-1,CSF,0.20659524668807938
MS,CSF_7,TGACTAGCATCAGTCA-1,CSF,-0.25943247113243645
MS,CSF_7,TGAGGGACAAGTTGTC-1,CSF,0.15368681537392254
MS,CSF_7,TGAGGGAGTCAACTGT-1,CSF,-0.07157349201915446
MS,CSF_7,TGCACCTAGAGTACAT-1,CSF,0.13292364961764752
MS,CSF_7,TGCACCTCAAGTCATC-1,CSF,0.0757737729867882
MS,CSF_7,TGCCAAACAACTGCGC-1-1,CSF,0.2560237747394035
MS,CSF_7,TGCCCATGTCATCGGC-1,CSF,-0.1579714709545526
MS,CSF_7,TGCGCAGGTACTTAGC-1,CSF,0.23277296514544416
MS,CSF_7,TGCGGGTCACCAGGTC-1,CSF,0.24566747985008433
MS,CSF_7,TGCGGGTGTATGAATG-1,CSF,-0.3633543224497087
MS,CSF_7,TGCTACCTCCACGCAG-1,CSF,0.1606944887710587
MS,CSF_7,TGCTGCTAGAGGTTGC-1,CSF,0.16299542558347388
MS,CSF_7,TGGCCAGAGGTGCACA-1,CSF,0.2997261524284884
MS,CSF_7,TGGCTGGAGCAGGCTA-1,CSF,-0.31583215240894447
MS,CSF_7,TGGTTAGCACCACGTG-1,CSF,-0.07157349201915446
MS,CSF_7,TGTCCCAAGGCAAAGA-1,CSF,1.2544642278697833
MS,CSF_7,TTAACTCGTACAGCAG-1,CSF,0.8598571626312682
MS,CSF_7,TTAACTCTCCGTAGGC-1,CSF,-0.3483226376101952
MS,CSF_7,TTAGGACGTAGAGTGC-1,CSF,-0.21331885266000336
MS,CSF_7,TTAGGACGTAGTAGTA-1,CSF,0.19463798139049526
MS,CSF_7,TTAGGACTCCAGGGCT-1,CSF,-0.11311113388748209
MS,CSF_7,TTAGGACTCCATGAAC-1,CSF,0.0689855122190273
MS,CSF_7,TTAGGACTCGTTACAG-1,CSF,-0.07157349201915446
MS,CSF_7,TTCGAAGCAATCAGAA-1,CSF,-0.07157349201915446
MS,CSF_7,TTCGGTCAGATATGCA-1,CSF,0.12487323139271168
MS,CSF_7,TTCTACAAGCTACCTA-1,CSF,-0.10025964938344227
MS,CSF_7,TTCTACACACAACGTT-1,CSF,0.1778388247923052
MS,CSF_7,TTCTCAAAGCTAGCCC-1,CSF,-0.17710072120343276
MS,CSF_7,TTCTCCTCAAGCGATG-1,CSF,0.7443910057435997
MS,CSF_7,TTCTCCTTCCGTCATC-1,CSF,0.10418908695048472
MS,CSF_7,TTCTCCTTCGGGAGTA-1,CSF,0.17673574748821103
MS,CSF_7,TTGCCGTAGAAGGTGA-1,CSF,0.3658410845079648
MS,CSF_7,TTGCCGTCAGTGGGAT-1,CSF,0.0017543229942432736
MS,CSF_7,TTGGAACTCATCGATG-1,CSF,-0.3933139880947694
MS,CSF_7,TTGTAGGCATCACGTA-1,CSF,0.19733822731080794
MS,CSF_7,TTTATGCAGAGACTTA-1,CSF,0.12156583995886906
MS,CSF_7,TTTCCTCTCAGGCAAG-1,CSF,0.15783676256267412
MS,CSF_7,TTTGCGCCATACCATG-1,CSF,-0.4600675715787511
MS,CSF_8,AAACCTGCAAACGCGA-1,CSF,-0.07157349201915446
MS,CSF_8,AAACGGGAGCTGATAA-1,CSF,-0.5834189604074428
MS,CSF_8,AAACGGGAGGCCATAG-1,CSF,0.042483017372213175
MS,CSF_8,AAACGGGGTCCTCCAT-1,CSF,0.19977717775769074
MS,CSF_8,AAACGGGTCGTCGTTC-1,CSF,0.3086890323095151
MS,CSF_8,AAACGGGTCTTGAGAC-1,CSF,-0.6491676605227725
MS,CSF_8,AAAGATGAGGAGTTTA-1,CSF,0.1683664025329714
MS,CSF_8,AAAGATGAGGGAAACA-1,CSF,-0.18982127657832226
MS,CSF_8,AAAGATGCATGCCCGA-1,CSF,-0.07157349201915446
MS,CSF_8,AAAGATGTCATGTGGT-1,CSF,0.1596066639759959
MS,CSF_8,AAAGATGTCTTGAGGT-1,CSF,0.17233366304713194
MS,CSF_8,AAATGCCTCCCTTGCA-1,CSF,-0.8820429002215204
MS,CSF_8,AACACGTCATTTCAGG-1,CSF,-0.07157349201915446
MS,CSF_8,AACACGTGTTACCGAT-1,CSF,0.42563559974367166
MS,CSF_8,AACACGTGTTCCGGCA-1,CSF,-0.17641349257760414
MS,CSF_8,AACACGTTCGGCCGAT-1,CSF,0.1433987864387109
MS,CSF_8,AACCATGGTCTCTTAT-1,CSF,0.15646887990876848
MS,CSF_8,AACCATGGTTATTCTC-1,CSF,-0.17747321809818514
MS,CSF_8,AACCATGTCACTTATC-1,CSF,-0.15160475677649524
MS,CSF_8,AACCGCGCATACAGCT-1,CSF,0.07813981283543368
MS,CSF_8,AACGTTGCAAACTGCT-1,CSF,-0.48255783056768464
MS,CSF_8,AACGTTGGTCAGAATA-1,CSF,-0.6617506969166899
MS,CSF_8,AACTCAGAGGCACATG-1,CSF,-0.334640933160664
MS,CSF_8,AACTCAGCACCCATGG-1,CSF,-0.07157349201915446
MS,CSF_8,AACTCCCAGTGGCACA-1,CSF,-0.13442416380467534
MS,CSF_8,AACTCCCCAGCCTGTG-1,CSF,-0.07157349201915446
MS,CSF_8,AACTCCCGTTCGAATC-1,CSF,0.01842900771202852
MS,CSF_8,AACTCCCTCCGTAGTA-1,CSF,-0.13840152996682006
MS,CSF_8,AACTCTTCACTGTTAG-1,CSF,-0.19112959219369294
MS,CSF_8,AACTCTTGTCGTTGTA-1,CSF,-0.15660277515339302
MS,CSF_8,AACTGGTAGCCTCGTG-1,CSF,-0.350366840133383
MS,CSF_8,AACTGGTAGTGTTAGA-1,CSF,-0.27324596023283687
MS,CSF_8,AACTGGTGTACCGAGA-1,CSF,-0.07157349201915446
MS,CSF_8,AACTGGTTCGGCGCTA-1,CSF,-0.4770361956721195
MS,CSF_8,AACTTTCAGAGCCCAA-1,CSF,-0.22871705434376538
MS,CSF_8,AACTTTCCACATCCAA-1,CSF,-0.21079888750229703
MS,CSF_8,AAGACCTAGCACCGTC-1,CSF,-0.371792736930496
MS,CSF_8,AAGCCGCAGGACACCA-1,CSF,-0.4819808992429274
MS,CSF_8,AAGCCGCAGTTACCCA-1,CSF,0.05528128904758655
MS,CSF_8,AAGCCGCGTTCCACTC-1,CSF,-0.07157349201915446
MS,CSF_8,AAGGAGCAGGCAAAGA-1,CSF,-0.3646821871052857
MS,CSF_8,AAGGCAGAGTGCGATG-1,CSF,-0.13971395243380721
MS,CSF_8,AAGGCAGGTATCGCAT-1,CSF,-0.3521805801690106
MS,CSF_8,AAGGCAGTCCCAAGAT-1,CSF,0.06302689080262734
MS,CSF_8,AAGGCAGTCTGCGGCA-1,CSF,-0.07157349201915446
MS,CSF_8,AAGGTTCCACAGGCCT-1,CSF,-0.2965128954544603
MS,CSF_8,AAGGTTCGTCACAAGG-1,CSF,-0.3293921965413866
MS,CSF_8,AAGGTTCTCGTTGACA-1,CSF,-0.07157349201915446
MS,CSF_8,AAGTCTGAGGCCCGTT-1,CSF,-0.21784845939993297
MS,CSF_8,AAGTCTGCATGTCGAT-1-1,CSF,0.1705809768509339
MS,CSF_8,AATCCAGTCAACGCTA-1,CSF,-0.43431512119098026
MS,CSF_8,AATCGGTCAGCTCGCA-1,CSF,-0.1582919039609784
MS,CSF_8,ACACCAAAGTCAATAG-1,CSF,0.23869786030648163
MS,CSF_8,ACACCAACACAGAGGT-1,CSF,-0.07157349201915446
MS,CSF_8,ACACCAACACTTACGA-1,CSF,-0.07157349201915446
MS,CSF_8,ACACCAACAGAGTGTG-1,CSF,0.2547624473053531
MS,CSF_8,ACACCAAGTGGTCCGT-1,CSF,-0.19137047904124377
MS,CSF_8,ACACCAATCAAACCAC-1,CSF,0.20928736031380885
MS,CSF_8,ACACCAATCGGTCTAA-1,CSF,0.3110300343300577
MS,CSF_8,ACACCCTTCGCAGGCT-1,CSF,0.15954984780317713
MS,CSF_8,ACACCGGAGTGAATTG-1,CSF,-0.15992837188908107
MS,CSF_8,ACACCGGCACAGCGTC-1,CSF,-0.5340798489704472
MS,CSF_8,ACACCGGCAGCCTTTC-1,CSF,0.23966795680961603
MS,CSF_8,ACACCGGCATCGACGC-1,CSF,0.2041220175405016
MS,CSF_8,ACACCGGCATGACATC-1,CSF,-0.07157349201915446
MS,CSF_8,ACACCGGGTATCGCAT-1,CSF,-0.07157349201915446
MS,CSF_8,ACACCGGGTTGAGTTC-1,CSF,-0.596614309777628
MS,CSF_8,ACACCGGTCGCCTGTT-1,CSF,0.03946761683965049
MS,CSF_8,ACACCGGTCGGACAAG-1,CSF,-0.9695032332396876
MS,CSF_8,ACACCGGTCGGCTTGG-1,CSF,-0.13409544013039337
MS,CSF_8,ACACTGATCGGTCTAA-1,CSF,-0.4809372681068968
MS,CSF_8,ACACTGATCTGCTGCT-1,CSF,-0.42864228351886
MS,CSF_8,ACAGCCGAGCGAAGGG-1,CSF,-0.07157349201915446
MS,CSF_8,ACAGCCGCACCAGTTA-1,CSF,-0.14638231306385036
MS,CSF_8,ACAGCCGGTAGAGCTG-1,CSF,-0.3529943266243836
MS,CSF_8,ACAGCCGTCATATCGG-1,CSF,-0.037015313381617045
MS,CSF_8,ACAGCTACATCGATTG-1,CSF,-0.42707100200486275
MS,CSF_8,ACATACGAGTGATCGG-1,CSF,0.054843619489770803
MS,CSF_8,ACATACGCACGACGAA-1,CSF,-0.07157349201915446
MS,CSF_8,ACATACGCACGTAAGG-1,CSF,0.05366144616391792
MS,CSF_8,ACATACGGTTGGAGGT-1,CSF,-0.5481090566184779
MS,CSF_8,ACATCAGAGACTAAGT-1,CSF,-0.003821831809104559
MS,CSF_8,ACATCAGCACCTCGTT-1,CSF,-0.25148613054837937
MS,CSF_8,ACATCAGCAGCTTCGG-1,CSF,-0.008956101205265537
MS,CSF_8,ACATCAGGTTGTCGCG-1,CSF,-0.04720114728551715
MS,CSF_8,ACATGGTAGAATTCCC-1,CSF,0.38884893717456903
MS,CSF_8,ACATGGTAGACAGAGA-1,CSF,-0.163452136058131
MS,CSF_8,ACATGGTCAACTTGAC-1,CSF,0.411682581247114
MS,CSF_8,ACATGGTTCTGCGGCA-1,CSF,-0.3262081641944828
MS,CSF_8,ACCAGTAAGGCAATTA-1,CSF,0.6206628622399127
MS,CSF_8,ACCAGTAGTATATGAG-1,CSF,0.2520988132023051
MS,CSF_8,ACCAGTAGTGCGATAG-1,CSF,-0.07157349201915446
MS,CSF_8,ACCCACTCACTTACGA-1,CSF,-0.23381441834775768
MS,CSF_8,ACCGTAACACTCAGGC-1,CSF,-0.3840963782919668
MS,CSF_8,ACCGTAAGTGCGATAG-1,CSF,-0.5301976857453542
MS,CSF_8,ACCGTAATCGAATGCT-1,CSF,-0.031972373693319005
MS,CSF_8,ACCGTAATCTTTACGT-1,CSF,-0.1374005419257546
MS,CSF_8,ACGAGCCGTATTCTCT-1,CSF,-0.18393535728607993
MS,CSF_8,ACGAGCCTCGGCTACG-1,CSF,-0.7388072215613366
MS,CSF_8,ACGAGGAAGTAGCCGA-1,CSF,0.13616478530335027
MS,CSF_8,ACGAGGAAGTTTGCGT-1,CSF,-0.38157167188482993
MS,CSF_8,ACGAGGACATGGTTGT-1,CSF,-0.07157349201915446
MS,CSF_8,ACGATACGTATGAAAC-1,CSF,-0.09031278091248042
MS,CSF_8,ACGATGTCACAGCCCA-1,CSF,-0.1483078773598908
MS,CSF_8,ACGATGTCATGGTTGT-1,CSF,-0.1884760025952157
MS,CSF_8,ACGATGTGTTAAGACA-1,CSF,-0.08240076049150377
MS,CSF_8,ACGCAGCTCGCCTGAG-1,CSF,-0.12269041181510312
MS,CSF_8,ACGCCAGAGTGTACGG-1,CSF,-0.07157349201915446
MS,CSF_8,ACGCCGATCTCGCATC-1,CSF,-0.2760454259101972
MS,CSF_8,ACGGAGAGTGTGGCTC-1,CSF,-0.29360136558859473
MS,CSF_8,ACGGCCAAGCGACGTA-1,CSF,-0.2836224144086333
MS,CSF_8,ACGGGCTCACCAGATT-1,CSF,-0.07157349201915446
MS,CSF_8,ACGGGTCCACAGCCCA-1,CSF,-0.07157349201915446
MS,CSF_8,ACGGGTCGTATATCCG-1,CSF,-0.07157349201915446
MS,CSF_8,ACGTCAACACATCCAA-1,CSF,-0.20236294517077663
MS,CSF_8,ACGTCAACATGTTCCC-1,CSF,-0.07157349201915446
MS,CSF_8,ACGTCAAGTTAAGATG-1,CSF,-1.3052224114742177
MS,CSF_8,ACTATCTCATGGTCTA-1,CSF,-0.07157349201915446
MS,CSF_8,ACTATCTTCGCTTAGA-1,CSF,0.07165086265155307
MS,CSF_8,ACTGAACTCTCTGCTG-1,CSF,-1.01007189209485
MS,CSF_8,ACTGAGTAGCCAGTTT-1,CSF,-0.4340604387706554
MS,CSF_8,ACTGAGTAGTTGAGTA-1,CSF,0.004103440774670508
MS,CSF_8,ACTGAGTGTTCAGCGC-1,CSF,-0.233034661050389
MS,CSF_8,ACTGATGAGTAACCCT-1,CSF,0.03340151568453341
MS,CSF_8,ACTGATGCATAGGATA-1,CSF,0.09511441478452584
MS,CSF_8,ACTGATGGTCCAGTGC-1,CSF,-0.12553712121391367
MS,CSF_8,ACTGATGGTGTGGTTT-1,CSF,-0.6287282163561967
MS,CSF_8,ACTGATGTCATTGCCC-1,CSF,-0.28037241208562097
MS,CSF_8,ACTGATGTCCGATATG-1,CSF,-0.13649196360176258
MS,CSF_8,ACTGATGTCGGCGCTA-1,CSF,-0.4456623834690861
MS,CSF_8,ACTGCTCTCCTATGTT-1,CSF,0.09284330945582582
MS,CSF_8,ACTGCTCTCTGACCTC-1,CSF,-0.07157349201915446
MS,CSF_8,ACTGTCCGTTAAGACA-1,CSF,-0.07157349201915446
MS,CSF_8,ACTGTCCTCAACCAAC-1,CSF,0.7812034868613116
MS,CSF_8,ACTTACTCACGTTGGC-1,CSF,-0.5858358699990058
MS,CSF_8,ACTTACTGTAGCTGCC-1,CSF,-0.26039972532113326
MS,CSF_8,ACTTACTTCCGAATGT-1,CSF,-0.03588995537539834
MS,CSF_8,ACTTGTTCAGGAATGC-1,CSF,-0.19340183198597
MS,CSF_8,ACTTGTTGTTCGTGAT-1,CSF,-0.18397875887484652
MS,CSF_8,ACTTTCAAGGAATTAC-1,CSF,-0.07157349201915446
MS,CSF_8,ACTTTCAGTAAGGATT-1,CSF,0.5328676810625398
MS,CSF_8,AGAATAGAGTACGTAA-1,CSF,0.09727079148214414
MS,CSF_8,AGACGTTAGCGTGTCC-1,CSF,-0.2754734007483112
MS,CSF_8,AGACGTTAGGTGGGTT-1,CSF,-0.07157349201915446
MS,CSF_8,AGACGTTCAAGAAGAG-1,CSF,-0.0735291848043009
MS,CSF_8,AGACGTTCATACTCTT-1,CSF,0.29782777836657004
MS,CSF_8,AGAGCGAAGTTAACGA-1,CSF,-0.23211453352287872
MS,CSF_8,AGAGCTTAGACTTTCG-1,CSF,-0.07157349201915446
MS,CSF_8,AGATTGCGTCGGCTCA-1,CSF,0.4443633712035244
MS,CSF_8,AGATTGCTCAACTCTT-1,CSF,0.8951114376505761
MS,CSF_8,AGATTGCTCCACGAAT-1,CSF,-0.16469520055016068
MS,CSF_8,AGCAGCCAGCGCTCCA-1,CSF,0.05163837283041116
MS,CSF_8,AGCAGCCAGTAACCCT-1,CSF,0.3047699522336797
MS,CSF_8,AGCAGCCGTCACCCAG-1,CSF,0.2137939348933011
MS,CSF_8,AGCAGCCGTCTAGCGC-1,CSF,-0.15946036626099405
MS,CSF_8,AGCATACCATTATCTC-1,CSF,0.11100904290853762
MS,CSF_8,AGCATACTCTTTAGGG-1,CSF,0.2874058268364463
MS,CSF_8,AGCCTAAAGCTTTGGT-1,CSF,-0.35833572136173625
MS,CSF_8,AGCCTAATCGAGCCCA-1,CSF,0.25188015976149397
MS,CSF_8,AGCCTAATCTCAAACG-1,CSF,0.2522846693154164
MS,CSF_8,AGCGTATCACAGCGTC-1,CSF,-0.28895014775193845
MS,CSF_8,AGCGTATGTCCGAACC-1,CSF,-0.07157349201915446
MS,CSF_8,AGCGTATTCAGGATCT-1,CSF,-0.3601395241768764
MS,CSF_8,AGCTCCTAGAGGTAGA-1,CSF,-0.28474524281523633
MS,CSF_8,AGCTCCTAGTTGAGAT-1,CSF,0.32682011334710753
MS,CSF_8,AGCTCCTTCCTAAGTG-1,CSF,0.675347337924674
MS,CSF_8,AGCTCCTTCCTTTCTC-1,CSF,0.06816281348379565
MS,CSF_8,AGCTCTCCAAAGAATC-1,CSF,-0.25422552511434954
MS,CSF_8,AGCTCTCGTGCTTCTC-1,CSF,0.1382998005905167
MS,CSF_8,AGCTTGATCCGTCATC-1,CSF,-0.37990589103455585
MS,CSF_8,AGCTTGATCTGTACGA-1,CSF,0.06072170772380449
MS,CSF_8,AGGCCACCATCCGCGA-1,CSF,0.144250197264518
MS,CSF_8,AGGCCACTCAGCGACC-1,CSF,0.4627316041038824
MS,CSF_8,AGGCCACTCCACTGGG-1,CSF,-0.36421159954085486
MS,CSF_8,AGGCCGTTCTGTGCAA-1,CSF,-0.07157349201915446
MS,CSF_8,AGGGAGTAGATGTAAC-1,CSF,-0.07157349201915446
MS,CSF_8,AGGGAGTCATCGGACC-1,CSF,-0.015618517008309185
MS,CSF_8,AGGGAGTTCAGAGGTG-1,CSF,0.4917876735957632
MS,CSF_8,AGGGATGAGAGGGATA-1,CSF,0.019030205561560383
MS,CSF_8,AGGGATGAGATAGCAT-1,CSF,-0.07157349201915446
MS,CSF_8,AGGGATGCAACTGCGC-1,CSF,-0.07157349201915446
MS,CSF_8,AGGGATGCACTGCCAG-1,CSF,-0.46778288157043707
MS,CSF_8,AGGGATGGTTATGTGC-1,CSF,-0.3560590522031485
MS,CSF_8,AGGGATGTCATGTAGC-1,CSF,-0.9339933990658272
MS,CSF_8,AGGGTGACAGCTCGAC-1,CSF,-0.5535761721588638
MS,CSF_8,AGGGTGATCCATGAAC-1,CSF,-0.07157349201915446
MS,CSF_8,AGGGTGATCGGCTACG-1,CSF,-0.2543082995149552
MS,CSF_8,AGGTCATCACGGCGTT-1,CSF,-0.16208137872610823
MS,CSF_8,AGGTCATGTACCGAGA-1,CSF,-0.07157349201915446
MS,CSF_8,AGGTCATGTAGCGTGA-1,CSF,0.12931972479706239
MS,CSF_8,AGGTCATGTCACTGGC-1,CSF,-0.2314281279614069
MS,CSF_8,AGGTCATGTTACCAGT-1,CSF,0.10990869073232833
MS,CSF_8,AGGTCATGTTAGAACA-1,CSF,-0.28103641875098145
MS,CSF_8,AGGTCCGAGTTTAGGA-1,CSF,0.43403429395062804
MS,CSF_8,AGGTCCGTCTCGTTTA-1,CSF,0.039404777053415496
MS,CSF_8,AGTAGTCAGATACACA-1,CSF,0.12304129857478485
MS,CSF_8,AGTCTTTTCCTTTCTC-1,CSF,0.09129328009647152
MS,CSF_8,AGTCTTTTCTGCGTAA-1,CSF,-0.12526612051954308
MS,CSF_8,AGTGAGGGTCTAAAGA-1,CSF,-0.07157349201915446
MS,CSF_8,AGTGAGGTCATCGATG-1,CSF,0.0487535566523093
MS,CSF_8,AGTGGGAAGTAGCCGA-1,CSF,0.0874865424037574
MS,CSF_8,AGTGTCAGTGTTAAGA-1,CSF,-0.06700349260490948
MS,CSF_8,AGTTGGTCACAACGCC-1,CSF,-0.07157349201915446
MS,CSF_8,AGTTGGTGTAGAGCTG-1,CSF,-0.4851939556541222
MS,CSF_8,AGTTGGTGTTACGTCA-1,CSF,-0.1697971793342868
MS,CSF_8,ATAACGCAGCACAGGT-1,CSF,-0.35871179116653223
MS,CSF_8,ATAACGCAGTACACCT-1,CSF,-0.07157349201915446
MS,CSF_8,ATAACGCCAAGAAAGG-1,CSF,-0.400358963291001
MS,CSF_8,ATAACGCCAAGCCTAT-1,CSF,-0.15966039901473383
MS,CSF_8,ATAACGCCACATCCAA-1,CSF,0.02314867510130203
MS,CSF_8,ATAACGCGTACTCTCC-1,CSF,-0.07016872888895183
MS,CSF_8,ATAAGAGAGATCTGAA-1,CSF,-0.12974318401687834
MS,CSF_8,ATAAGAGAGTGAACGC-1,CSF,-0.09736691731004153
MS,CSF_8,ATAAGAGGTAGGACAC-1,CSF,0.11863196765674279
MS,CSF_8,ATAGACCAGCGTAGTG-1,CSF,-0.07157349201915446
MS,CSF_8,ATAGACCAGTCCTCCT-1,CSF,0.09987313690268815
MS,CSF_8,ATCACGACAAGTAGTA-1,CSF,-0.889405678931802
MS,CSF_8,ATCACGAGTTAGGGTG-1,CSF,-0.3837513926379315
MS,CSF_8,ATCACGATCTCATTCA-1,CSF,0.12381191818117764
MS,CSF_8,ATCATCTAGAGACGAA-1,CSF,-0.07157349201915446
MS,CSF_8,ATCATCTTCTGCGACG-1,CSF,-0.36541929844115717
MS,CSF_8,ATCATGGAGGAGTTTA-1,CSF,-0.07157349201915446
MS,CSF_8,ATCATGGAGGTGCAAC-1,CSF,0.028197406849587863
MS,CSF_8,ATCATGGAGTCTTGCA-1,CSF,-0.44488123708560595
MS,CSF_8,ATCATGGCAGGGCATA-1,CSF,0.44407885875750164
MS,CSF_8,ATCATGGTCACCAGGC-1,CSF,-0.07157349201915446
MS,CSF_8,ATCCACCAGCGTGAGT-1,CSF,-0.18231152093270492
MS,CSF_8,ATCCACCCATCACGTA-1,CSF,-0.16786892122896496
MS,CSF_8,ATCCACCTCAACACGT-1,CSF,0.6508395247780249
MS,CSF_8,ATCCGAAAGGCTAGAC-1,CSF,-0.07157349201915446
MS,CSF_8,ATCCGAACAATTCCTT-1,CSF,-0.07157349201915446
MS,CSF_8,ATCCGAACACCAGTTA-1,CSF,0.01162324215962687
MS,CSF_8,ATCCGAACAGCTCGCA-1,CSF,0.27888853944129754
MS,CSF_8,ATCGAGTAGAGACTTA-1,CSF,-0.8423533363487036
MS,CSF_8,ATCGAGTAGTTTGCGT-1,CSF,-0.07157349201915446
MS,CSF_8,ATCGAGTTCAACGCTA-1,CSF,-0.2517224579012479
MS,CSF_8,ATCTACTAGTGTTGAA-1,CSF,-0.04737297292109215
MS,CSF_8,ATCTACTCACTTCGAA-1,CSF,-0.0001422166022674944
MS,CSF_8,ATCTGCCCAGATCGGA-1,CSF,-0.18566627166582886
MS,CSF_8,ATCTGCCGTTGCGTTA-1,CSF,0.24596853627965906
MS,CSF_8,ATCTGCCTCCAGTAGT-1,CSF,-0.8750638370644551
MS,CSF_8,ATCTGCCTCGCGTAGC-1,CSF,-0.07157349201915446
MS,CSF_8,ATGAGGGAGATCCTGT-1,CSF,-0.47991549601846284
MS,CSF_8,ATGAGGGAGATCGATA-1,CSF,-0.8901234157929956
MS,CSF_8,ATGAGGGAGGCTAGGT-1,CSF,0.25501513854584495
MS,CSF_8,ATGAGGGCATTTCAGG-1,CSF,-0.3213852785870411
MS,CSF_8,ATGCGATAGACAATAC-1,CSF,0.25438040455803074
MS,CSF_8,ATGCGATAGAGAACAG-1,CSF,-0.5333015256407939
MS,CSF_8,ATGCGATTCGCTGATA-1,CSF,-0.26400664125805706
MS,CSF_8,ATGCGATTCTTTCCTC-1,CSF,0.0735999472502139
MS,CSF_8,ATGGGAGAGAGTGAGA-1,CSF,-0.24142410947781565
MS,CSF_8,ATGGGAGAGGGATGGG-1,CSF,-0.07157349201915446
MS,CSF_8,ATGTGTGCATGCCTAA-1,CSF,-0.010506316602208037
MS,CSF_8,ATGTGTGTCTTGTATC-1,CSF,0.22023187576922446
MS,CSF_8,ATTACTCCACGTGAGA-1,CSF,0.05574200162660777
MS,CSF_8,ATTACTCCATGGTCTA-1,CSF,-0.032471998368110815
MS,CSF_8,ATTATCCAGCTGCGAA-1,CSF,0.1275091742385129
MS,CSF_8,ATTATCCTCGCCATAA-1,CSF,0.2564569859613796
MS,CSF_8,ATTCTACAGACCTTTG-1,CSF,-0.12604468813821668
MS,CSF_8,ATTGGACAGATCCCGC-1,CSF,0.06259373976730641
MS,CSF_8,ATTGGACCAGGAACGT-1,CSF,-0.34274499228531974
MS,CSF_8,ATTGGTGCATAAGACA-1,CSF,-0.41168696581305575
MS,CSF_8,ATTGGTGCATAGACTC-1,CSF,-0.4370455914468496
MS,CSF_8,ATTGGTGGTGGCGAAT-1,CSF,0.043670556185571266
MS,CSF_8,ATTGGTGGTTCAGTAC-1,CSF,-0.7612452565522572
MS,CSF_8,ATTGGTGTCACGCATA-1,CSF,-0.07157349201915446
MS,CSF_8,ATTTCTGAGACCGGAT-1,CSF,-0.385158604853209
MS,CSF_8,ATTTCTGCAGTTAACC-1,CSF,-0.07157349201915446
MS,CSF_8,CAACCAAAGAGGTTAT-1,CSF,0.0036188787060846828
MS,CSF_8,CAACCAAAGTACCGGA-1,CSF,0.31856233095608394
MS,CSF_8,CAACCAATCAGTTGAC-1,CSF,-0.03200832580310448
MS,CSF_8,CAACCAATCGCGGATC-1,CSF,0.40420758632464093
MS,CSF_8,CAACCTCAGACTTTCG-1,CSF,-0.3496382749155277
MS,CSF_8,CAACCTCAGCGATAGC-1,CSF,0.20341017883398269
MS,CSF_8,CAACCTCAGGTAAACT-1,CSF,-0.07157349201915446
MS,CSF_8,CAACCTCCAAAGTGCG-1,CSF,-0.8809486376947782
MS,CSF_8,CAACTAGGTACCGAGA-1,CSF,0.4400261965945254
MS,CSF_8,CAACTAGTCATGTAGC-1-1,CSF,-0.10303929015039091
MS,CSF_8,CAAGAAATCTAACTTC-1,CSF,0.34517825281521725
MS,CSF_8,CAAGATCTCTCGATGA-1,CSF,-0.7724001745399548
MS,CSF_8,CAAGATCTCTGTACGA-1,CSF,-0.0005515738896932117
MS,CSF_8,CAAGGCCCATTCACTT-1,CSF,-0.32117157242351585
MS,CSF_8,CAAGGCCGTTGTGGCC-1,CSF,-0.06383936345035433
MS,CSF_8,CAAGTTGCAAGGTGTG-1,CSF,0.08549146597173664
MS,CSF_8,CAAGTTGCAAGTTAAG-1,CSF,-0.07157349201915446
MS,CSF_8,CAAGTTGCATCAGTAC-1,CSF,0.042120432725862196
MS,CSF_8,CAAGTTGGTACAGTTC-1,CSF,-0.7426339556763463
MS,CSF_8,CAAGTTGGTGCGATAG-1,CSF,-0.5443402663239783
MS,CSF_8,CAAGTTGTCTGCAGTA-1,CSF,-0.34428063708924
MS,CSF_8,CACAAACAGTAACCCT-1,CSF,-0.07157349201915446
MS,CSF_8,CACAAACCAGCTGGCT-1,CSF,-0.8021605245101845
MS,CSF_8,CACAAACTCAGCGATT-1,CSF,-0.07157349201915446
MS,CSF_8,CACACAATCGTTGCCT-1,CSF,-0.07157349201915446
MS,CSF_8,CACACCTAGCGACGTA-1,CSF,-0.580567678851385
MS,CSF_8,CACACCTAGTACGCGA-1,CSF,-0.24614395542708073
MS,CSF_8,CACACCTCAAGGACTG-1,CSF,0.24439999934119339
MS,CSF_8,CACACCTCACATTAGC-1,CSF,0.2128265676174111
MS,CSF_8,CACACTCCAAAGGCGT-1,CSF,-0.2519711708323582
MS,CSF_8,CACACTCCACGGCGTT-1,CSF,-0.45868833215804516
MS,CSF_8,CACACTCGTCATCCCT-1,CSF,0.22861466470604816
MS,CSF_8,CACACTCGTGGCCCTA-1,CSF,-0.1661231806433948
MS,CSF_8,CACAGGCGTGACAAAT-1,CSF,0.06361133366658378
MS,CSF_8,CACAGGCTCGAACGGA-1,CSF,-0.20167446187367236
MS,CSF_8,CACAGTACACCAACCG-1,CSF,-0.4172602431650964
MS,CSF_8,CACAGTATCACTATTC-1,CSF,-0.07157349201915446
MS,CSF_8,CACAGTATCGGCGCAT-1,CSF,0.016925795577288936
MS,CSF_8,CACATAGCAACTTGAC-1,CSF,0.034676153631618196
MS,CSF_8,CACATAGTCATCTGCC-1,CSF,-0.25865102377911786
MS,CSF_8,CACATTTAGAACTGTA-1,CSF,0.48014373883741734
MS,CSF_8,CACATTTAGAGTGACC-1,CSF,-0.04607506078259498
MS,CSF_8,CACATTTAGCGCCTTG-1,CSF,-0.46600108358913594
MS,CSF_8,CACATTTCACAGCGTC-1,CSF,-0.07157349201915446
MS,CSF_8,CACATTTCAGACAAAT-1,CSF,-0.36359801205611225
MS,CSF_8,CACATTTGTAGCGATG-1,CSF,-0.07432078026800015
MS,CSF_8,CACATTTGTGCATCTA-1,CSF,0.29009867133004136
MS,CSF_8,CACATTTGTGTTGAGG-1,CSF,-0.07157349201915446
MS,CSF_8,CACATTTTCTTCATGT-1,CSF,-0.07157349201915446
MS,CSF_8,CACCACTCATGCGCAC-1,CSF,-0.18410921457540147
MS,CSF_8,CACCACTTCATCTGCC-1,CSF,-0.07157349201915446
MS,CSF_8,CACCACTTCCGGGTGT-1,CSF,-0.19165295071355407
MS,CSF_8,CACCAGGCACGAAAGC-1,CSF,-0.29212882432285714
MS,CSF_8,CACCAGGGTTAAGATG-1,CSF,0.2521378874206686
MS,CSF_8,CACCAGGTCAACGCTA-1,CSF,-0.07157349201915446
MS,CSF_8,CACCAGGTCAGTTTGG-1,CSF,-0.07157349201915446
MS,CSF_8,CACCAGGTCGGATGTT-1,CSF,0.22445963917927939
MS,CSF_8,CACCTTGAGGTAAACT-1,CSF,-0.07157349201915446
MS,CSF_8,CAGAATCAGGAGCGTT-1,CSF,0.07739664938365241
MS,CSF_8,CAGAGAGAGACTGGGT-1,CSF,-0.6280686789437203
MS,CSF_8,CAGAGAGAGTAGCGGT-1,CSF,0.13050607237242864
MS,CSF_8,CAGAGAGCAAGCCGCT-1,CSF,-0.07157349201915446
MS,CSF_8,CAGAGAGGTAGCCTAT-1,CSF,-1.0990377825424977
MS,CSF_8,CAGAGAGTCCACTGGG-1,CSF,-0.5276239925484837
MS,CSF_8,CAGATCAAGATCGATA-1,CSF,0.525444299670861
MS,CSF_8,CAGATCATCCTCCTAG-1,CSF,-0.2173793528660301
MS,CSF_8,CAGCAGCAGCCAGTAG-1,CSF,-0.07157349201915446
MS,CSF_8,CAGCAGCGTCAAACTC-1,CSF,0.4951031463386573
MS,CSF_8,CAGCATAAGCCAACAG-1,CSF,-0.37476628980280385
MS,CSF_8,CAGCATACACGGATAG-1,CSF,-0.2918317772214459
MS,CSF_8,CAGCATAGTCGACTAT-1,CSF,-0.18617213504942257
MS,CSF_8,CAGCATAGTCGGCATC-1,CSF,-0.07157349201915446
MS,CSF_8,CAGCCGACAAGGACAC-1,CSF,-0.15998448562391424
MS,CSF_8,CAGCCGACAGGTTTCA-1,CSF,0.30802795876842953
MS,CSF_8,CAGCCGATCAACACTG-1,CSF,-0.17483887008931792
MS,CSF_8,CAGCCGATCACATGCA-1,CSF,-0.7857504208617245
MS,CSF_8,CAGCCGATCCCAGGTG-1,CSF,-0.07157349201915446
MS,CSF_8,CAGCGACTCCAGTAGT-1,CSF,-0.07157349201915446
MS,CSF_8,CAGCGACTCGGTCCGA-1,CSF,-0.14694442557119353
MS,CSF_8,CAGCGACTCGTCACGG-1,CSF,-0.3829380146181191
MS,CSF_8,CAGCGACTCTGATACG-1,CSF,0.04848049672359884
MS,CSF_8,CAGCTAAAGAGACTTA-1,CSF,0.08825272201788845
MS,CSF_8,CAGCTAATCCCTTGTG-1,CSF,-0.07157349201915446
MS,CSF_8,CAGCTGGAGGATTCGG-1,CSF,-0.07157349201915446
MS,CSF_8,CAGCTGGGTGTGGTTT-1,CSF,0.3072381187327459
MS,CSF_8,CAGGTGCCAGATGAGC-1,CSF,-0.07157349201915446
MS,CSF_8,CAGGTGCCAGTTCCCT-1,CSF,-0.07157349201915446
MS,CSF_8,CAGGTGCCATCCCACT-1,CSF,-0.36460074641831547
MS,CSF_8,CAGGTGCTCCTATTCA-1,CSF,-0.07157349201915446
MS,CSF_8,CAGTAACTCGAGGTAG-1,CSF,0.06701000813455456
MS,CSF_8,CAGTCCTAGCTTCGCG-1,CSF,0.5012301482051267
MS,CSF_8,CAGTCCTAGGGTCGAT-1,CSF,0.1084341970745898
MS,CSF_8,CAGTCCTAGTCGTTTG-1,CSF,-0.20520642173879283
MS,CSF_8,CATATTCCAACCGCCA-1,CSF,-0.20962245309683306
MS,CSF_8,CATATTCCAGGGTATG-1,CSF,0.39663353115441785
MS,CSF_8,CATATTCCATCCTAGA-1,CSF,-0.07157349201915446
MS,CSF_8,CATATTCGTAGCGTGA-1,CSF,0.17250600479555916
MS,CSF_8,CATATTCGTTGATTGC-1,CSF,-0.2488412990637012
MS,CSF_8,CATCAAGAGTCGTTTG-1,CSF,-0.260207175439602
MS,CSF_8,CATCAAGAGTTTAGGA-1,CSF,0.05625500493571718
MS,CSF_8,CATCAAGTCATCTGCC-1,CSF,0.1829481210355017
MS,CSF_8,CATCAGACATGCAATC-1,CSF,-0.1335800233938626
MS,CSF_8,CATCAGAGTACGCTGC-1,CSF,-0.4337584931726921
MS,CSF_8,CATCAGAGTGATAAAC-1,CSF,-0.006034472168198151
MS,CSF_8,CATCGAACATATGGTC-1,CSF,0.05071455367268415
MS,CSF_8,CATCGAAGTCAAAGCG-1,CSF,-0.07157349201915446
MS,CSF_8,CATCGGGGTAGATTAG-1,CSF,-0.33701611688686217
MS,CSF_8,CATCGGGGTGGACGAT-1,CSF,0.20963735924279403
MS,CSF_8,CATCGGGGTTTGGCGC-1,CSF,-0.07157349201915446
MS,CSF_8,CATGACAGTCGCATCG-1,CSF,-0.3365661294965541
MS,CSF_8,CATGCCTAGGGTGTTG-1,CSF,-0.05825912684350427
MS,CSF_8,CATGCCTCATAGGATA-1,CSF,0.19515321087586363
MS,CSF_8,CATGCCTGTCGCATAT-1,CSF,-0.20371563136645915
MS,CSF_8,CATGCCTTCCCTAATT-1,CSF,-0.0024846980822771053
MS,CSF_8,CATGCCTTCGAACTGT-1,CSF,-0.4703774291216306
MS,CSF_8,CATGCCTTCTACTATC-1,CSF,0.21496262938189364
MS,CSF_8,CATGGCGTCACAACGT-1,CSF,-0.07157349201915446
MS,CSF_8,CATTATCCAGATGGGT-1,CSF,0.19010843188126053
MS,CSF_8,CATTATCGTCAATACC-1,CSF,0.1970631585769598
MS,CSF_8,CATTATCTCGTTTGCC-1,CSF,-0.6922971320828448
MS,CSF_8,CATTATCTCTGGGCCA-1,CSF,-0.3250872709889453
MS,CSF_8,CATTCGCGTAGCGTCC-1,CSF,-0.18473539971993658
MS,CSF_8,CATTCGCTCCCATTAT-1,CSF,-0.07157349201915446
MS,CSF_8,CCAATCCCAAGCCGCT-1,CSF,0.4525615281397437
MS,CSF_8,CCAATCCTCACTTCAT-1,CSF,-0.30212764142078885
MS,CSF_8,CCACCTAAGCCGTCGT-1,CSF,-0.35414108967760993
MS,CSF_8,CCACCTAAGCTGCAAG-1-1,CSF,0.2808112789806224
MS,CSF_8,CCACCTAAGGGTCGAT-1,CSF,-0.8358421621439094
MS,CSF_8,CCACCTACACTTAACG-1,CSF,0.10710630742131992
MS,CSF_8,CCACTACCAATGTTGC-1,CSF,-0.32235507874439234
MS,CSF_8,CCACTACCACAGCCCA-1,CSF,-0.181696461637624
MS,CSF_8,CCAGCGATCTCCAACC-1,CSF,-0.2152406554798996
MS,CSF_8,CCAGCGATCTCGATGA-1,CSF,0.2193092155680904
MS,CSF_8,CCATGTCAGGCTACGA-1,CSF,0.3271410965357146
MS,CSF_8,CCATGTCAGTTCGCAT-1,CSF,-0.3093441760849567
MS,CSF_8,CCATTCGCACCACGTG-1,CSF,0.20968578972163585
MS,CSF_8,CCATTCGGTGGTACAG-1,CSF,-0.3124923133706682
MS,CSF_8,CCATTCGTCATAAAGG-1,CSF,0.25381192132393127
MS,CSF_8,CCCAATCCAATGGACG-1,CSF,-0.07157349201915446
MS,CSF_8,CCCAATCCACTCGACG-1,CSF,0.18207547842196986
MS,CSF_8,CCCAATCGTCTTGATG-1,CSF,-0.3224296564050158
MS,CSF_8,CCCAATCGTGATGTCT-1,CSF,-0.28843124841245665
MS,CSF_8,CCCAATCGTTAGATGA-1,CSF,-0.4249245152545873
MS,CSF_8,CCCAGTTAGTGTGGCA-1,CSF,-0.5529442620995539
MS,CSF_8,CCCAGTTCAAGGTTCT-1,CSF,-0.6360207919172902
MS,CSF_8,CCCAGTTTCTCGCTTG-1,CSF,-0.2435572284105318
MS,CSF_8,CCCTCCTCACACTGCG-1,CSF,0.3426197716541224
MS,CSF_8,CCGGGATCAAGCGAGT-1,CSF,-0.25652788397163756
MS,CSF_8,CCGGGATCACCCAGTG-1,CSF,-0.5331010010913164
MS,CSF_8,CCGGGATGTAGATTAG-1,CSF,-0.07157349201915446
MS,CSF_8,CCGGTAGCACATTTCT-1,CSF,-0.20178453167534086
MS,CSF_8,CCGGTAGTCGCTGATA-1,CSF,0.15147503291267203
MS,CSF_8,CCGGTAGTCTGAGTGT-1-1,CSF,0.18396701861952994
MS,CSF_8,CCGGTAGTCTGTCAAG-1,CSF,-0.2904270472612501
MS,CSF_8,CCGTACTCAGCGAACA-1,CSF,0.0876099118028262
MS,CSF_8,CCGTACTGTGAGGGTT-1,CSF,-0.07157349201915446
MS,CSF_8,CCGTGGAAGGCCCTTG-1,CSF,0.28687836983599885
MS,CSF_8,CCGTGGATCTGTCTCG-1,CSF,-0.2657662904015359
MS,CSF_8,CCGTTCACAATCGGTT-1,CSF,-0.27541539727947384
MS,CSF_8,CCGTTCACACCGAAAG-1,CSF,-0.28729281819050445
MS,CSF_8,CCGTTCACATCTACGA-1,CSF,0.586815853149795
MS,CSF_8,CCGTTCATCATGCAAC-1,CSF,0.09127224069388563
MS,CSF_8,CCGTTCATCATGTGGT-1,CSF,0.05304618986295535
MS,CSF_8,CCTAAAGGTCCGAATT-1,CSF,-0.7373035254212139
MS,CSF_8,CCTACACGTTCCGTCT-1,CSF,-0.7279411371840077
MS,CSF_8,CCTACACTCCTCAATT-1,CSF,0.19908863032761145
MS,CSF_8,CCTACACTCTGCCAGG-1,CSF,-0.13470109786149306
MS,CSF_8,CCTACCAGTAGCTAAA-1,CSF,0.0354935693802637
MS,CSF_8,CCTACCAGTCGAATCT-1,CSF,-0.10707963757363967
MS,CSF_8,CCTACCAGTGCTTCTC-1,CSF,0.37462333765417977
MS,CSF_8,CCTATTACAACTTGAC-1,CSF,0.533261498333673
MS,CSF_8,CCTATTACAGTATCTG-1,CSF,0.13569189009627575
MS,CSF_8,CCTCAGTCACTGTTAG-1,CSF,-0.17267192861160324
MS,CSF_8,CCTTACGAGGAGTTGC-1,CSF,-0.5941116173637316
MS,CSF_8,CCTTCCCCAACACGCC-1,CSF,0.24031119466742137
MS,CSF_8,CCTTCCCCAAGAGGCT-1,CSF,0.0990159755552362
MS,CSF_8,CCTTCCCCAAGCGTAG-1,CSF,0.09566940462370872
MS,CSF_8,CCTTCCCCAGGCTGAA-1,CSF,0.3689588809607704
MS,CSF_8,CCTTCCCGTAGCGATG-1,CSF,-0.12168959464047555
MS,CSF_8,CCTTCCCTCTCCAACC-1,CSF,-0.22403864612856536
MS,CSF_8,CCTTCGACATCCCATC-1,CSF,-0.07157349201915446
MS,CSF_8,CCTTCGACATCTCGCT-1,CSF,0.40674704002555845
MS,CSF_8,CCTTTCTCACGGCCAT-1,CSF,0.10756887428376227
MS,CSF_8,CCTTTCTCAGATGAGC-1,CSF,-0.07157349201915446
MS,CSF_8,CGAACATGTAGCCTCG-1,CSF,-0.3012806157181948
MS,CSF_8,CGAACATGTCCGAATT-1,CSF,0.5373250697755891
MS,CSF_8,CGAACATTCCTCAATT-1,CSF,-0.05140440375964991
MS,CSF_8,CGAATGTCAGGGTACA-1,CSF,-0.07157349201915446
MS,CSF_8,CGAATGTTCAGTTGAC-1,CSF,-0.5938958812178237
MS,CSF_8,CGACCTTAGATATACG-1,CSF,-0.3548815639414406
MS,CSF_8,CGACCTTCATAGACTC-1,CSF,-0.439211184116262
MS,CSF_8,CGACCTTCATTGGGCC-1,CSF,0.02198763758346708
MS,CSF_8,CGACCTTGTTCTGTTT-1,CSF,-0.1947155832226272
MS,CSF_8,CGACCTTTCCCAACGG-1,CSF,0.11502475310252806
MS,CSF_8,CGACCTTTCTGTCCGT-1,CSF,-0.07157349201915446
MS,CSF_8,CGACTTCCATCTACGA-1,CSF,0.21532024862875399
MS,CSF_8,CGAGAAGGTCGGCACT-1,CSF,-0.07157349201915446
MS,CSF_8,CGAGAAGGTGCGGTAA-1,CSF,-0.14400009033409347
MS,CSF_8,CGAGAAGTCTGCTGCT-1,CSF,-0.3823812602078397
MS,CSF_8,CGAGCACGTCATACTG-1,CSF,-0.20391887807574102
MS,CSF_8,CGAGCACGTTCCCGAG-1,CSF,-0.07157349201915446
MS,CSF_8,CGAGCCACAACACCTA-1,CSF,-0.7569070510671473
MS,CSF_8,CGAGCCACATACGCCG-1,CSF,-0.27063086308188533
MS,CSF_8,CGATCGGAGTCTCGGC-1,CSF,0.2031352664661579
MS,CSF_8,CGATCGGCAAGCGAGT-1,CSF,-0.07157349201915446
MS,CSF_8,CGATCGGTCAACGGCC-1,CSF,-0.10332218424397752
MS,CSF_8,CGATGGCAGTGGCACA-1,CSF,0.06311985615803103
MS,CSF_8,CGATGTAAGATCTGCT-1,CSF,-0.3395980138737774
MS,CSF_8,CGATGTATCCGAATGT-1,CSF,-0.19815070254000938
MS,CSF_8,CGATTGAAGCGTAATA-1,CSF,0.6521897674836488
MS,CSF_8,CGATTGAAGTTTCCTT-1,CSF,0.621242214590312
MS,CSF_8,CGATTGAGTTTGGCGC-1,CSF,-0.07157349201915446
MS,CSF_8,CGATTGAGTTTGGGCC-1,CSF,-0.554964478611946
MS,CSF_8,CGATTGATCCAAACAC-1,CSF,-0.8971500737648491
MS,CSF_8,CGCCAAGCACCACCAG-1,CSF,-0.07157349201915446
MS,CSF_8,CGCCAAGCACGGCGTT-1,CSF,-0.10730986196857614
MS,CSF_8,CGCCAAGCATTTCACT-1,CSF,-0.07157349201915446
MS,CSF_8,CGCGGTAAGACTAGAT-1,CSF,-0.21004674277277038
MS,CSF_8,CGCGGTAGTAAGGATT-1,CSF,-0.6676263203753899
MS,CSF_8,CGCGGTATCTGAGGGA-1,CSF,0.055354301571187356
MS,CSF_8,CGCGTTTAGCTGTTCA-1,CSF,-0.07157349201915446
MS,CSF_8,CGCGTTTAGTTCCACA-1,CSF,-0.6791990012842658
MS,CSF_8,CGCGTTTGTTCAGACT-1,CSF,-0.03785848389621703
MS,CSF_8,CGCTATCAGTACGATA-1,CSF,0.413083759168328
MS,CSF_8,CGCTATCGTGATAAAC-1,CSF,-0.7773378189137603
MS,CSF_8,CGCTGGAGTCGAGTTT-1,CSF,-0.07157349201915446
MS,CSF_8,CGCTGGAGTTCCGTCT-1,CSF,0.11495050051176517
MS,CSF_8,CGCTGGATCTGGCGAC-1,CSF,-0.5321335528639046
MS,CSF_8,CGCTTCAAGCTACCGC-1,CSF,0.29224170746957157
MS,CSF_8,CGCTTCACAGACAGGT-1,CSF,-0.17995465671120264
MS,CSF_8,CGGACACAGAGAGCTC-1,CSF,-0.08767646437484222
MS,CSF_8,CGGACACAGCTTTGGT-1,CSF,-0.6623200900109387
MS,CSF_8,CGGACACCAATCCGAT-1,CSF,-0.010433717060276959
MS,CSF_8,CGGACACCACGACGAA-1,CSF,0.02622212558549391
MS,CSF_8,CGGACGTCAGCCAATT-1,CSF,0.1678142369694046
MS,CSF_8,CGGACGTTCTCTAAGG-1,CSF,0.09213298790715603
MS,CSF_8,CGGACTGAGCCCAATT-1-1,CSF,-0.2694893381424698
MS,CSF_8,CGGACTGGTCAGATAA-1,CSF,0.18109334498462412
MS,CSF_8,CGGAGCTAGAAGGTTT-1,CSF,-0.2313185198787678
MS,CSF_8,CGGAGCTGTAAGTGGC-1,CSF,-0.201335242671421
MS,CSF_8,CGGAGCTGTGAGGGTT-1,CSF,-0.23924078532209297
MS,CSF_8,CGGAGCTTCTTGTATC-1,CSF,-0.19713032355970522
MS,CSF_8,CGGCTAGAGTTTCCTT-1,CSF,0.47237111574451063
MS,CSF_8,CGGCTAGTCATCGGAT-1,CSF,-0.40730842705440967
MS,CSF_8,CGGCTAGTCGTAGGTT-1,CSF,-0.07157349201915446
MS,CSF_8,CGGGTCAAGAAGATTC-1,CSF,-0.3004856792458734
MS,CSF_8,CGGGTCAAGTGTACGG-1,CSF,-0.32429675147067377
MS,CSF_8,CGGGTCAGTAGAGTGC-1,CSF,-0.19352121917891663
MS,CSF_8,CGGGTCATCCCTCAGT-1,CSF,0.2573640047512621
MS,CSF_8,CGGTTAAAGCAGATCG-1,CSF,-0.21035838923424974
MS,CSF_8,CGGTTAAAGTTTGCGT-1,CSF,-0.07367450927567688
MS,CSF_8,CGGTTAATCATTGCGA-1,CSF,-0.3731112876311404
MS,CSF_8,CGGTTAATCTCTAGGA-1,CSF,-0.37250181329994536
MS,CSF_8,CGGTTAATCTGCGACG-1,CSF,0.37912366031104466
MS,CSF_8,CGTAGCGAGAGTAATC-1,CSF,-0.07157349201915446
MS,CSF_8,CGTAGCGAGCCGATTT-1,CSF,-0.24620999894619025
MS,CSF_8,CGTAGCGTCCGATATG-1,CSF,-0.3061001715935174
MS,CSF_8,CGTAGCGTCGGTCTAA-1,CSF,-0.13457177265929635
MS,CSF_8,CGTAGGCCACAAGCCC-1,CSF,-0.4422421017858406
MS,CSF_8,CGTAGGCCACCTCGTT-1,CSF,-0.30949750863283937
MS,CSF_8,CGTAGGCTCACATACG-1,CSF,-0.07157349201915446
MS,CSF_8,CGTAGGCTCAGCTTAG-1,CSF,-0.03753900684621657
MS,CSF_8,CGTAGGCTCATTGCGA-1,CSF,0.08160576918518482
MS,CSF_8,CGTCACTCACGTCTCT-1,CSF,-0.01573499028116926
MS,CSF_8,CGTCACTTCCACTGGG-1,CSF,-0.07157349201915446
MS,CSF_8,CGTCAGGTCCCTAACC-1,CSF,-0.5075759073773656
MS,CSF_8,CGTCCATGTTCGGGCT-1,CSF,0.5638367550420799
MS,CSF_8,CGTCTACAGTAGATGT-1,CSF,-0.07157349201915446
MS,CSF_8,CGTCTACGTAGTAGTA-1,CSF,-0.9403456430111582
MS,CSF_8,CGTCTACTCCAGTATG-1,CSF,0.041896732363518825
MS,CSF_8,CGTCTACTCTGGTTCC-1,CSF,-0.2583656996824823
MS,CSF_8,CGTGAGCAGTCGCCGT-1,CSF,-0.07157349201915446
MS,CSF_8,CGTGAGCCAGGCAGTA-1,CSF,-0.23618794928633996
MS,CSF_8,CGTGAGCTCTCTTATG-1,CSF,-0.13599652824875808
MS,CSF_8,CGTGTAACAATTCCTT-1,CSF,0.024547774825594414
MS,CSF_8,CGTGTAACACGGCCAT-1,CSF,0.22502638201131578
MS,CSF_8,CGTGTAAGTTATTCTC-1,CSF,0.05139115985038319
MS,CSF_8,CGTGTCTAGATGCCTT-1,CSF,-0.27439508852617717
MS,CSF_8,CGTTAGATCGCTTGTC-1,CSF,-0.805934628998534
MS,CSF_8,CGTTCTGAGAAGAAGC-1,CSF,-0.0988398384191747
MS,CSF_8,CGTTCTGAGATAGTCA-1,CSF,0.06504092936409869
MS,CSF_8,CGTTCTGTCGCCGTGA-1,CSF,-0.34096490911028504
MS,CSF_8,CGTTGGGCAGTTAACC-1,CSF,-0.48122729241981466
MS,CSF_8,CGTTGGGCAGTTCCCT-1,CSF,0.172371792930417
MS,CSF_8,CGTTGGGGTGTAAGTA-1,CSF,0.2932036713798271
MS,CSF_8,CGTTGGGGTTAGAACA-1,CSF,-0.4634746405155364
MS,CSF_8,CGTTGGGGTTCAGACT-1,CSF,-0.07157349201915446
MS,CSF_8,CGTTGGGGTTGTCGCG-1,CSF,-0.07157349201915446
MS,CSF_8,CGTTGGGTCGATGAGG-1,CSF,-0.037597866006695145
MS,CSF_8,CTAACTTAGCTATGCT-1,CSF,-0.3310078571568326
MS,CSF_8,CTAACTTGTATGCTTG-1,CSF,-0.011110510355631329
MS,CSF_8,CTAACTTTCAACACAC-1,CSF,-0.07157349201915446
MS,CSF_8,CTAAGACGTGACGCCT-1,CSF,0.5354525548648514
MS,CSF_8,CTAAGACGTTCACGGC-1,CSF,0.007796410155985597
MS,CSF_8,CTACCCATCACATAGC-1,CSF,-0.07157349201915446
MS,CSF_8,CTACCCATCACGAAGG-1,CSF,-0.07157349201915446
MS,CSF_8,CTACCCATCATTATCC-1,CSF,-0.07304349265010719
MS,CSF_8,CTAGAGTAGGATTCGG-1,CSF,-0.45426625695966216
MS,CSF_8,CTAGAGTCAATGGATA-1,CSF,0.5061331900909888
MS,CSF_8,CTAGCCTAGAGACTTA-1,CSF,-0.6335280260726056
MS,CSF_8,CTAGCCTAGATGCCTT-1,CSF,0.38863016529287203
MS,CSF_8,CTAGCCTAGTGACATA-1,CSF,0.3869774495488675
MS,CSF_8,CTAGCCTTCACATACG-1,CSF,0.7101762881972599
MS,CSF_8,CTAGTGATCGGCCGAT-1,CSF,0.5080438320978502
MS,CSF_8,CTAGTGATCGTTTAGG-1,CSF,-0.1339034882755196
MS,CSF_8,CTCACACGTAAGGGCT-1,CSF,-0.2545913004800059
MS,CSF_8,CTCACACGTACACCGC-1,CSF,-0.07157349201915446
MS,CSF_8,CTCACACGTCCAGTAT-1,CSF,-0.07157349201915446
MS,CSF_8,CTCACACTCACATACG-1,CSF,-0.3308983566600506
MS,CSF_8,CTCAGAAAGCTGGAAC-1,CSF,-0.07157349201915446
MS,CSF_8,CTCAGAAGTTACTGAC-1,CSF,0.7798302784589926
MS,CSF_8,CTCAGAATCAACCAAC-1,CSF,-0.07157349201915446
MS,CSF_8,CTCAGAATCCTGTAGA-1,CSF,-0.048647959270997285
MS,CSF_8,CTCAGAATCTGGCGTG-1,CSF,-0.2623244382359132
MS,CSF_8,CTCCTAGCAGGCTCAC-1,CSF,-0.17857596641174725
MS,CSF_8,CTCCTAGCAGTTAACC-1,CSF,-0.0251135438149252
MS,CSF_8,CTCCTAGGTCACTTCC-1,CSF,-0.2329000280030147
MS,CSF_8,CTCGAAACATGTAGTC-1,CSF,0.44273668190542276
MS,CSF_8,CTCGAAAGTCAGGACA-1,CSF,-0.41171243885196546
MS,CSF_8,CTCGAGGGTCATATCG-1,CSF,0.04229477390541667
MS,CSF_8,CTCGAGGGTTCGCGAC-1,CSF,-0.12244773728680279
MS,CSF_8,CTCGAGGTCCTGCCAT-1,CSF,-0.20973529321267811
MS,CSF_8,CTCGAGGTCTGGTGTA-1,CSF,-0.24137886406177905
MS,CSF_8,CTCGGAGCAAGTTGTC-1,CSF,0.015801971611403138
MS,CSF_8,CTCGGAGCACGAAACG-1,CSF,-0.2806625522914107
MS,CSF_8,CTCGGGATCAAGAAGT-1,CSF,-0.2586459428031693
MS,CSF_8,CTCGTACTCAAACGGG-1,CSF,-0.07157349201915446
MS,CSF_8,CTCTAATAGTCTCGGC-1,CSF,-0.28309911773608354
MS,CSF_8,CTCTAATCACCTCGTT-1,CSF,0.0038685957276769012
MS,CSF_8,CTCTAATGTAGCAAAT-1,CSF,-0.07157349201915446
MS,CSF_8,CTCTACGCAGTTCCCT-1,CSF,-0.053932123176050735
MS,CSF_8,CTCTACGCATCACGAT-1,CSF,-0.2614919645078237
MS,CSF_8,CTCTGGTAGCTAGGCA-1,CSF,-0.05208882483580711
MS,CSF_8,CTCTGGTGTGCACTTA-1,CSF,-0.2573554132575194
MS,CSF_8,CTCTGGTTCGCGTAGC-1,CSF,0.3153014236790395
MS,CSF_8,CTGAAACAGATCCCGC-1,CSF,-0.108239111580247
MS,CSF_8,CTGAAGTAGGCATTGG-1,CSF,-0.07157349201915446
MS,CSF_8,CTGAAGTCAAGCTGGA-1,CSF,-0.07157349201915446
MS,CSF_8,CTGATAGCAGATGGGT-1,CSF,0.12768295604568614
MS,CSF_8,CTGATAGTCTAGCACA-1,CSF,0.29032092274210586
MS,CSF_8,CTGATCCCAACTGCTA-1,CSF,-0.38986483483566753
MS,CSF_8,CTGATCCGTACCATCA-1,CSF,0.10135778649836295
MS,CSF_8,CTGCCTAGTGATAAAC-1,CSF,-0.3722903758566329
MS,CSF_8,CTGCCTATCCTGCAGG-1,CSF,0.1449097345483151
MS,CSF_8,CTGCGGAAGCCAACAG-1,CSF,0.13774851556707027
MS,CSF_8,CTGCGGACAACACCTA-1,CSF,0.3032074438757082
MS,CSF_8,CTGCGGAGTCCGTCAG-1,CSF,-0.1457365871149472
MS,CSF_8,CTGCTGTAGCCAGTAG-1,CSF,0.01006011349917765
MS,CSF_8,CTGCTGTCACACATGT-1,CSF,0.1683128277636818
MS,CSF_8,CTGGTCTCAGGTCTCG-1,CSF,-0.07157349201915446
MS,CSF_8,CTGGTCTGTGCGGTAA-1,CSF,0.21857511733173965
MS,CSF_8,CTGGTCTTCAAGGCTT-1,CSF,-0.07157349201915446
MS,CSF_8,CTGTGCTTCGGTTAAC-1,CSF,-0.21419665333456428
MS,CSF_8,CTGTTTACAGTAAGCG-1,CSF,0.1865049874223892
MS,CSF_8,CTGTTTATCTTTAGGG-1,CSF,0.1182497171813273
MS,CSF_8,CTTAACTCAAGCGCTC-1,CSF,-0.21190844530375447
MS,CSF_8,CTTAACTTCAGCATGT-1,CSF,-0.13128099549797556
MS,CSF_8,CTTACCGAGGAATCGC-1,CSF,-0.07157349201915446
MS,CSF_8,CTTACCGCACAGGAGT-1,CSF,0.19149741591677114
MS,CSF_8,CTTAGGAAGCCTTGAT-1,CSF,0.17638241004947555
MS,CSF_8,CTTAGGAGTTCCACAA-1,CSF,-0.6094911110612465
MS,CSF_8,CTTAGGATCACCTTAT-1,CSF,-0.40788875482859277
MS,CSF_8,CTTAGGATCCTGTACC-1,CSF,-0.6240642625626978
MS,CSF_8,CTTCTCTAGCGAGAAA-1,CSF,-0.02336311023532021
MS,CSF_8,CTTCTCTGTATAATGG-1,CSF,0.20883980631272467
MS,CSF_8,CTTCTCTTCGCAAACT-1,CSF,-0.05707130088303092
MS,CSF_8,CTTGGCTAGTGACATA-1,CSF,0.15959313116253135
MS,CSF_8,CTTGGCTCACTCTGTC-1,CSF,0.663210802665469
MS,CSF_8,CTTGGCTCAGACACTT-1,CSF,-0.023973813019608936
MS,CSF_8,CTTGGCTGTGTCGCTG-1,CSF,-0.3962255423686728
MS,CSF_8,CTTGGCTGTTTCGCTC-1,CSF,-0.07157349201915446
MS,CSF_8,CTTGGCTTCTGTGCAA-1,CSF,-0.17358473181632045
MS,CSF_8,CTTTGCGTCAGTACGT-1,CSF,-0.060227430747113994
MS,CSF_8,GAAACTCAGGCTACGA-1,CSF,-0.22195103603800367
MS,CSF_8,GAAACTCCAAACTGTC-1,CSF,-0.21371042304709162
MS,CSF_8,GAAACTCCACTTCGAA-1,CSF,0.7792108848164212
MS,CSF_8,GAAACTCCAGCTGCAC-1,CSF,-0.15970640119597107
MS,CSF_8,GAAACTCGTCAGAATA-1,CSF,0.1433190422301582
MS,CSF_8,GAAACTCGTGCAACGA-1,CSF,0.07048696046022677
MS,CSF_8,GAAATGAAGACGCACA-1,CSF,0.38524003120218536
MS,CSF_8,GAAATGAGTCATGCAT-1,CSF,0.22886963674207797
MS,CSF_8,GAACATCCAAAGTGCG-1,CSF,-0.22212393746299194
MS,CSF_8,GAACATCTCATGTAGC-1,CSF,-0.3604767373200456
MS,CSF_8,GAACGGAGTGAAATCA-1,CSF,-0.07157349201915446
MS,CSF_8,GAACGGAGTGATAAGT-1,CSF,-0.03811765734290705
MS,CSF_8,GAATAAGAGTGAAGTT-1,CSF,0.07367899355717378
MS,CSF_8,GAATAAGCACATGTGT-1,CSF,-0.07157349201915446
MS,CSF_8,GAATAAGTCTGTACGA-1,CSF,0.1564811168681784
MS,CSF_8,GAATGAAAGCTCAACT-1,CSF,-0.0632164237260622
MS,CSF_8,GACACGCAGTGAATTG-1,CSF,-0.07398032340675843
MS,CSF_8,GACACGCCATTCGACA-1,CSF,-0.15391466960075809
MS,CSF_8,GACACGCGTCTTGATG-1,CSF,0.1567469141220938
MS,CSF_8,GACACGCTCGGCTTGG-1,CSF,0.17068703622563478
MS,CSF_8,GACAGAGAGAAACGAG-1,CSF,0.12906007019148197
MS,CSF_8,GACAGAGAGAGTAAGG-1,CSF,-0.23465073607680795
MS,CSF_8,GACAGAGCACATGTGT-1,CSF,-0.05447366792899178
MS,CSF_8,GACAGAGGTATTCTCT-1,CSF,-0.8334675736048602
MS,CSF_8,GACAGAGTCCTACAGA-1,CSF,-0.010784686039932814
MS,CSF_8,GACCAATAGGCAAAGA-1,CSF,-1.1505312525188494
MS,CSF_8,GACCAATGTCTAGTCA-1,CSF,0.18665786005845983
MS,CSF_8,GACCAATTCCGCATAA-1,CSF,-0.3772306479876356
MS,CSF_8,GACCTGGGTGAAAGAG-1,CSF,0.8575458352160213
MS,CSF_8,GACCTGGGTGCTCTTC-1,CSF,-0.30912128792281396
MS,CSF_8,GACGCGTAGAGCTTCT-1,CSF,-0.09607528608288321
MS,CSF_8,GACGCGTCAATTCCTT-1,CSF,-0.20248680631910684
MS,CSF_8,GACGGCTAGGGAGTAA-1,CSF,0.35772488892745985
MS,CSF_8,GACGGCTTCCACGTTC-1,CSF,-0.7181571593361268
MS,CSF_8,GACGTTAAGGATGGTC-1,CSF,-0.05215825902313489
MS,CSF_8,GACGTTAGTGGTAACG-1,CSF,-0.32567343379762587
MS,CSF_8,GACGTTAGTTAAGGGC-1,CSF,-0.07157349201915446
MS,CSF_8,GACTAACCATCGGTTA-1,CSF,0.3011799917726563
MS,CSF_8,GAGCAGATCATGCATG-1,CSF,0.4800144193536469
MS,CSF_8,GAGGTGATCCTAGAAC-1,CSF,0.3819154919558833
MS,CSF_8,GAGTCCGCAATAGCAA-1,CSF,-0.07157349201915446
MS,CSF_8,GATCAGTAGAAACGCC-1,CSF,0.15376103955273407
MS,CSF_8,GATCAGTCAGGACGTA-1,CSF,0.17171078837335316
MS,CSF_8,GATCAGTGTATGCTTG-1,CSF,-0.22294469215486745
MS,CSF_8,GATCGATCATAGACTC-1,CSF,0.644885096153272
MS,CSF_8,GATCGATGTAAATGAC-1,CSF,-0.029656388503877435
MS,CSF_8,GATCGATGTACCGCTG-1,CSF,0.11265817356714279
MS,CSF_8,GATCGATGTCCTGCTT-1,CSF,-0.07157349201915446
MS,CSF_8,GATCGATGTGCTTCTC-1,CSF,-0.07157349201915446
MS,CSF_8,GATCGATTCCACGTGG-1,CSF,-0.07157349201915446
MS,CSF_8,GATCGATTCTTCCTTC-1,CSF,-0.07157349201915446
MS,CSF_8,GATCGCGCAAAGTGCG-1,CSF,0.20675898221892058
MS,CSF_8,GATCGCGCAATCACAC-1,CSF,0.4226866377365576
MS,CSF_8,GATCGCGTCAGGTAAA-1-1,CSF,-0.16560252478714674
MS,CSF_8,GATCGTACAGACAAGC-1,CSF,-0.22568185396746263
MS,CSF_8,GATCTAGTCTTCAACT-1,CSF,-0.24602370887344377
MS,CSF_8,GATGAAAGTCCGACGT-1,CSF,-0.21160085891372768
MS,CSF_8,GATGAAATCCACTCCA-1,CSF,0.168967059217159
MS,CSF_8,GATGAAATCTCGCATC-1,CSF,0.11852068451606654
MS,CSF_8,GATGAGGAGAACTCGG-1,CSF,0.44031448358817926
MS,CSF_8,GATGAGGGTGCTAGCC-1,CSF,0.31132924709941673
MS,CSF_8,GATGCTACATTGGGCC-1,CSF,-0.2896452917849968
MS,CSF_8,GATTCAGAGTATGACA-1,CSF,-0.07157349201915446
MS,CSF_8,GATTCAGTCACCAGGC-1,CSF,0.42883494053816795
MS,CSF_8,GATTCAGTCTGGTATG-1,CSF,-0.09246623752107665
MS,CSF_8,GCAAACTGTCGACTGC-1,CSF,0.19583979997485904
MS,CSF_8,GCAAACTGTCGTGGCT-1,CSF,-0.041443642039331194
MS,CSF_8,GCAAACTGTCTGCAAT-1,CSF,-0.07157349201915446
MS,CSF_8,GCAAACTGTGCAACGA-1,CSF,-0.22870152292349086
MS,CSF_8,GCAATCACAAAGAATC-1,CSF,-0.13853593537255068
MS,CSF_8,GCACATAAGGACGAAA-1,CSF,0.35609954113320946
MS,CSF_8,GCACATAGTTCTGAAC-1,CSF,-0.43889313801119556
MS,CSF_8,GCACTCTAGTTCGCGC-1,CSF,-0.07157349201915446
MS,CSF_8,GCACTCTCAGCTTCGG-1,CSF,0.16657037859396542
MS,CSF_8,GCACTCTGTAAACACA-1,CSF,-0.10734953293775887
MS,CSF_8,GCACTCTGTTCTGGTA-1,CSF,-0.20321075164514552
MS,CSF_8,GCAGCCATCTTGTATC-1,CSF,-0.29245829696470743
MS,CSF_8,GCAGTTAAGCTCTCGG-1,CSF,0.2702938789330505
MS,CSF_8,GCAGTTACAGCGAACA-1,CSF,0.28570741233413954
MS,CSF_8,GCATACAGTGACCAAG-1,CSF,-0.32760086938517274
MS,CSF_8,GCATACATCGCCGTGA-1,CSF,-0.2695922705963404
MS,CSF_8,GCATGATAGTCTCCTC-1,CSF,-0.3695277417747872
MS,CSF_8,GCATGATGTTAAGACA-1,CSF,0.1481136160839372
MS,CSF_8,GCATGATGTTCCGGCA-1,CSF,-0.07157349201915446
MS,CSF_8,GCATGCGCATGGTCTA-1,CSF,0.46706297395404467
MS,CSF_8,GCATGCGGTAGCCTAT-1,CSF,0.11792169479817297
MS,CSF_8,GCATGCGTCTATGTGG-1,CSF,0.0704790082529932
MS,CSF_8,GCATGTATCCAAACAC-1,CSF,-0.21125182943958773
MS,CSF_8,GCCAAATCATGCCACG-1,CSF,-0.22233930712651517
MS,CSF_8,GCCAAATTCACAGGCC-1,CSF,0.6104904860552393
MS,CSF_8,GCCTCTAAGAAACGCC-1,CSF,-0.139808869269871
MS,CSF_8,GCCTCTAAGCCCGAAA-1,CSF,0.20915044615362444
MS,CSF_8,GCCTCTAGTTCGTCTC-1,CSF,-0.07157349201915446
MS,CSF_8,GCCTCTATCCCATTTA-1,CSF,-0.721471570312617
MS,CSF_8,GCCTCTATCTGACCTC-1,CSF,0.015668736447041382
MS,CSF_8,GCGACCAGTAAGAGAG-1,CSF,-0.1629027205252176
MS,CSF_8,GCGACCATCCTTAATC-1,CSF,-0.07157349201915446
MS,CSF_8,GCGAGAAAGCGGATCA-1,CSF,-0.7861785467230903
MS,CSF_8,GCGAGAAGTCTCCCTA-1,CSF,-0.3006793930308759
MS,CSF_8,GCGCAGTAGATCACGG-1,CSF,-0.05210474511857308
MS,CSF_8,GCGCAGTCACGACTCG-1,CSF,-0.07157349201915446
MS,CSF_8,GCGCAGTCATGCAATC-1,CSF,1.083552743227317
MS,CSF_8,GCGCAGTTCTGCCAGG-1,CSF,0.21578718729014626
MS,CSF_8,GCGCGATAGATCACGG-1,CSF,-0.7022589712587476
MS,CSF_8,GCGCGATTCTTCAACT-1,CSF,-0.8179180129078885
MS,CSF_8,GCGGGTTAGATGTTAG-1,CSF,-0.3683557947516357
MS,CSF_8,GCGGGTTCACCTCGTT-1,CSF,0.37394569771012953
MS,CSF_8,GCTCCTACAAGCGTAG-1,CSF,-0.23353200591445575
MS,CSF_8,GCTCCTAGTATAAACG-1,CSF,0.2354041193108071
MS,CSF_8,GCTCTGTCAGCCTGTG-1,CSF,-0.21248282255890436
MS,CSF_8,GCTCTGTTCAACGAAA-1,CSF,0.18507238736030535
MS,CSF_8,GCTCTGTTCACCATAG-1,CSF,-0.04888288539234737
MS,CSF_8,GCTGCAGAGACGCAAC-1,CSF,0.5022099012838958
MS,CSF_8,GCTGCAGCAAATCCGT-1,CSF,-0.2277906251485804
MS,CSF_8,GCTGCAGCACGCCAGT-1,CSF,-0.4544281735364624
MS,CSF_8,GCTGCAGCATCACAAC-1,CSF,-0.07157349201915446
MS,CSF_8,GCTGCAGGTCTCACCT-1,CSF,-0.07157349201915446
MS,CSF_8,GCTGCAGGTGCTTCTC-1,CSF,0.04950513608289133
MS,CSF_8,GCTGCAGTCTGGCGTG-1,CSF,-0.14799121753837813
MS,CSF_8,GCTGCGACAGCCACCA-1,CSF,0.27709196391428853
MS,CSF_8,GCTGCTTAGCCGGTAA-1,CSF,-0.38198592441869
MS,CSF_8,GCTGCTTCAAGCGAGT-1-1,CSF,0.3484706910786221
MS,CSF_8,GCTGCTTCAATGGACG-1,CSF,-0.01996516689361421
MS,CSF_8,GCTGCTTGTCATATCG-1,CSF,-0.8008872709155458
MS,CSF_8,GCTGCTTGTTCCAACA-1,CSF,-0.5110507357856244
MS,CSF_8,GCTGGGTAGCTTTGGT-1,CSF,-0.4365888962976996
MS,CSF_8,GCTGGGTAGTTCCACA-1,CSF,-0.5071719198866339
MS,CSF_8,GCTTCCAAGCAATCTC-1,CSF,-0.18716246214333285
MS,CSF_8,GCTTCCACAGGCTCAC-1,CSF,-0.07157349201915446
MS,CSF_8,GCTTCCAGTAGCGCAA-1,CSF,-0.607216935672101
MS,CSF_8,GCTTCCAGTAGTGAAT-1,CSF,-0.06827121857224586
MS,CSF_8,GCTTCCAGTGAGGCTA-1,CSF,0.4865131009834015
MS,CSF_8,GCTTGAAGTTAAGGGC-1,CSF,-0.09379376355305932
MS,CSF_8,GCTTGAATCTCCGGTT-1,CSF,0.15697108547412128
MS,CSF_8,GGAAAGCTCTCAACTT-1,CSF,0.19216280890648577
MS,CSF_8,GGAACTTAGGCCATAG-1,CSF,0.11320918667228463
MS,CSF_8,GGAACTTAGGTGCACA-1,CSF,0.11482155250106914
MS,CSF_8,GGAATAAGTAGGGACT-1,CSF,0.21493321187777262
MS,CSF_8,GGACAAGAGTGCTGCC-1,CSF,0.5438227017331826
MS,CSF_8,GGACAAGAGTGGAGAA-1,CSF,-0.22261140838490062
MS,CSF_8,GGACAAGCAGTTTACG-1,CSF,-0.265635170590137
MS,CSF_8,GGACAAGGTATAGGGC-1,CSF,-0.4189469579250634
MS,CSF_8,GGACAAGGTTTCGCTC-1,CSF,-0.26799372343187083
MS,CSF_8,GGACAGAAGTAGGCCA-1,CSF,-0.501804166579447
MS,CSF_8,GGACAGACAGGGAGAG-1,CSF,-0.31702256299825987
MS,CSF_8,GGACAGAGTGTGCGTC-1,CSF,-0.6195465207048666
MS,CSF_8,GGACGTCCATCCCACT-1,CSF,-0.3366668109407009
MS,CSF_8,GGACGTCCATTGGCGC-1,CSF,-0.027707338476587462
MS,CSF_8,GGACGTCTCGTCCAGG-1,CSF,-0.32745571082806085
MS,CSF_8,GGAGCAAAGCAGGCTA-1,CSF,-0.20276959949592635
MS,CSF_8,GGAGCAAAGCGATTCT-1,CSF,-0.192161223065997
MS,CSF_8,GGAGCAAAGGCTAGGT-1,CSF,-0.07157349201915446
MS,CSF_8,GGAGCAAGTGTCCTCT-1,CSF,-0.10557478889746377
MS,CSF_8,GGATGTTAGAAGGCCT-1,CSF,-0.23707073599587344
MS,CSF_8,GGATGTTGTAAACACA-1,CSF,-0.524689999991616
MS,CSF_8,GGATGTTGTAATTGGA-1,CSF,-0.10852993584976396
MS,CSF_8,GGATGTTGTCATACTG-1,CSF,0.30402806578696173
MS,CSF_8,GGATGTTGTTGACGTT-1,CSF,-0.2952433491337952
MS,CSF_8,GGATGTTTCATCGCTC-1,CSF,-0.21245320227942927
MS,CSF_8,GGATGTTTCCTCCTAG-1,CSF,0.4033314316313955
MS,CSF_8,GGCAATTAGCGTGTCC-1,CSF,-0.04323410776846658
MS,CSF_8,GGCAATTAGCTAACAA-1,CSF,-0.15453789739218196
MS,CSF_8,GGCAATTCATCTGGTA-1,CSF,0.17255591080890237
MS,CSF_8,GGCAATTCATGCTGGC-1,CSF,0.13527682798558396
MS,CSF_8,GGCAATTGTCACTTCC-1,CSF,-0.4389302198728612
MS,CSF_8,GGCAATTGTTGGACCC-1,CSF,-0.07157349201915446
MS,CSF_8,GGCAATTTCCAAATGC-1,CSF,0.02988544401649879
MS,CSF_8,GGCCGATGTGCAGTAG-1,CSF,-0.18066328501030843
MS,CSF_8,GGCCGATTCCCAAGTA-1,CSF,-0.3143895622728537
MS,CSF_8,GGCGACTAGCGCCTCA-1,CSF,-0.07432843641929214
MS,CSF_8,GGCGACTCAAGCCCAC-1,CSF,-0.22530187708913854
MS,CSF_8,GGCGACTCACAGGAGT-1,CSF,0.879730551533842
MS,CSF_8,GGCGTGTCAGCCTATA-1,CSF,-0.26852077475816655
MS,CSF_8,GGCGTGTCAGCTGCAC-1,CSF,-0.27824097445078694
MS,CSF_8,GGCGTGTGTATGAAAC-1,CSF,-0.07157349201915446
MS,CSF_8,GGCGTGTTCTTTAGTC-1,CSF,-0.30534067228560396
MS,CSF_8,GGCTCGAAGCTGAAAT-1,CSF,-0.07157349201915446
MS,CSF_8,GGCTGGTGTAATCGTC-1,CSF,-0.2308940696049072
MS,CSF_8,GGCTGGTGTTCATGGT-1,CSF,-0.07157349201915446
MS,CSF_8,GGCTGGTTCCCTAATT-1,CSF,-0.07157349201915446
MS,CSF_8,GGGAATGGTAAGGGAA-1,CSF,-0.30993252632480417
MS,CSF_8,GGGAATGGTCTCGTTC-1,CSF,-0.27517973990179984
MS,CSF_8,GGGAATGGTGAAATCA-1,CSF,0.10650665838717799
MS,CSF_8,GGGAATGTCGTCTGAA-1,CSF,-0.45688637241894153
MS,CSF_8,GGGACCTTCCTAGGGC-1,CSF,-0.673860099371243
MS,CSF_8,GGGCACTAGGCCCTCA-1,CSF,-0.23269067809075925
MS,CSF_8,GGGCACTTCAAGGTAA-1,CSF,-0.40146900220904114
MS,CSF_8,GGGCATCAGGCTACGA-1,CSF,-0.6949455620611874
MS,CSF_8,GGGCATCAGTGGTCCC-1,CSF,0.32211477341364153
MS,CSF_8,GGGCATCCACATTTCT-1,CSF,0.5878541390227822
MS,CSF_8,GGGCATCTCCACGCAG-1,CSF,-0.6052322929046904
MS,CSF_8,GGGTCTGCACCTCGTT-1,CSF,-0.14748365640336858
MS,CSF_8,GGGTCTGGTAGCGATG-1,CSF,0.2756576077182284
MS,CSF_8,GGGTCTGTCGAACTGT-1,CSF,0.9808933844154425
MS,CSF_8,GGGTTGCAGTACGCCC-1,CSF,-0.18518329348630264
MS,CSF_8,GGGTTGCGTGTGCCTG-1,CSF,0.14467639344349933
MS,CSF_8,GGTATTGCAAAGGAAG-1,CSF,-0.6162089370382287
MS,CSF_8,GGTATTGCACCTATCC-1,CSF,0.14310990447293476
MS,CSF_8,GGTATTGTCCGCGTTT-1,CSF,-0.23895477484944075
MS,CSF_8,GGTATTGTCGAGAGCA-1,CSF,0.3186438457758302
MS,CSF_8,GGTGAAGGTAGCGTAG-1,CSF,0.03639702146533741
MS,CSF_8,GGTGAAGGTGCAACTT-1,CSF,-0.1861527542375448
MS,CSF_8,GGTGCGTTCACCACCT-1,CSF,0.22581745337637724
MS,CSF_8,GGTGTTAGTAAGGGCT-1,CSF,-0.07157349201915446
MS,CSF_8,GGTGTTATCGGACAAG-1,CSF,-0.34128614555757436
MS,CSF_8,GGTGTTATCTAAGCCA-1,CSF,-0.7561115111135074
MS,CSF_8,GTAACGTAGAGGTAGA-1,CSF,0.6486832225969029
MS,CSF_8,GTAACGTAGCCCAACC-1,CSF,-0.07157349201915446
MS,CSF_8,GTAACGTAGTCGATAA-1,CSF,-0.3111741036249092
MS,CSF_8,GTAACGTGTCTGGAGA-1,CSF,0.17434839454922946
MS,CSF_8,GTAACTGTCGTTTAGG-1,CSF,0.3468313539705581
MS,CSF_8,GTACGTATCGCGTAGC-1,CSF,0.3071253586479035
MS,CSF_8,GTACTCCTCCAGAGGA-1,CSF,0.4639250045762567
MS,CSF_8,GTACTTTAGATGTGTA-1,CSF,-0.07157349201915446
MS,CSF_8,GTACTTTCATCAGTCA-1,CSF,-0.07157349201915446
MS,CSF_8,GTACTTTGTCCTCTTG-1,CSF,0.4363405008054154
MS,CSF_8,GTACTTTTCCTGCCAT-1,CSF,0.14245650267508508
MS,CSF_8,GTACTTTTCGGCCGAT-1,CSF,-0.2327959308332315
MS,CSF_8,GTAGGCCCACATCTTT-1,CSF,-0.07157349201915446
MS,CSF_8,GTAGGCCGTACTCAAC-1,CSF,0.36838744006791807
MS,CSF_8,GTAGGCCGTAGCACGA-1,CSF,-0.07157349201915446
MS,CSF_8,GTAGGCCGTGCCTGTG-1,CSF,0.1045404567847892
MS,CSF_8,GTAGGCCTCCGTCAAA-1,CSF,-0.6340813307989723
MS,CSF_8,GTAGTCAAGAGTGAGA-1,CSF,-0.7329122883838897
MS,CSF_8,GTAGTCAAGGAGTACC-1,CSF,-0.31579880141536504
MS,CSF_8,GTAGTCAAGGTGCTTT-1,CSF,-0.8185912250766917
MS,CSF_8,GTAGTCACACATCTTT-1,CSF,-0.5268463576570384
MS,CSF_8,GTAGTCACACCCTATC-1,CSF,-0.18992227723069005
MS,CSF_8,GTAGTCAGTATCAGTC-1,CSF,0.020918194651627593
MS,CSF_8,GTATCTTAGGTCATCT-1,CSF,0.1884223390566941
MS,CSF_8,GTCAAGTGTGCTCTTC-1,CSF,-0.03293112331496644
MS,CSF_8,GTCAAGTGTGGGTCAA-1,CSF,0.1445170962601335
MS,CSF_8,GTCACAACACAGGAGT-1,CSF,-0.8819576800932474
MS,CSF_8,GTCACAACACTGTTAG-1,CSF,-0.005272356869900574
MS,CSF_8,GTCACAATCTGATTCT-1,CSF,0.2294368038939278
MS,CSF_8,GTCACGGAGAGACTAT-1,CSF,-0.14127195917813484
MS,CSF_8,GTCACGGCACCGATAT-1,CSF,0.17350829597838577
MS,CSF_8,GTCATTTGTCTGCAAT-1,CSF,-0.05325735628195264
MS,CSF_8,GTCATTTTCGTACCGG-1,CSF,0.022815066534177093
MS,CSF_8,GTCCTCAAGTCACGCC-1,CSF,-0.6567918295207108
MS,CSF_8,GTCCTCACAGCTCCGA-1,CSF,0.056064691724459555
MS,CSF_8,GTCCTCACATGTAGTC-1,CSF,-0.2057036228718996
MS,CSF_8,GTCCTCAGTGATAAGT-1,CSF,-0.07157349201915446
MS,CSF_8,GTCGGGTCATGTCCTC-1,CSF,-0.2764164784528326
MS,CSF_8,GTCGGGTTCTGTCTAT-1,CSF,-0.446276687094044
MS,CSF_8,GTCGTAAGTTCCGGCA-1,CSF,-0.07157349201915446
MS,CSF_8,GTCTCGTAGCTGTTCA-1,CSF,-0.7482847568217993
MS,CSF_8,GTCTCGTAGTTACCCA-1,CSF,-0.07157349201915446
MS,CSF_8,GTCTCGTGTTCCCTTG-1,CSF,0.11344407060665963
MS,CSF_8,GTCTTCGAGAGTCGGT-1,CSF,0.3168471217246191
MS,CSF_8,GTCTTCGCAGTAGAGC-1,CSF,-0.07157349201915446
MS,CSF_8,GTCTTCGGTGAACCTT-1,CSF,-0.4613166900968995
MS,CSF_8,GTCTTCGTCAACTCTT-1,CSF,-0.4040419484978724
MS,CSF_8,GTGAAGGCAAGTCATC-1,CSF,-0.29550160036633255
MS,CSF_8,GTGAAGGCAGTGGGAT-1,CSF,-0.07157349201915446
MS,CSF_8,GTGAAGGGTAGCGTGA-1,CSF,-0.07157349201915446
MS,CSF_8,GTGCAGCAGCGTTCCG-1,CSF,0.47114832113120003
MS,CSF_8,GTGCATAAGGAACTGC-1,CSF,-0.24778360114097464
MS,CSF_8,GTGCATATCGTTACAG-1,CSF,0.06732213451185587
MS,CSF_8,GTGCGGTAGACAGGCT-1,CSF,-0.7005023027462789
MS,CSF_8,GTGCGGTGTCCCTTGT-1,CSF,-0.03776490608660827
MS,CSF_8,GTGCGGTTCGAGAACG-1,CSF,-0.3249328962351917
MS,CSF_8,GTGCGGTTCTTAGAGC-1,CSF,-0.07157349201915446
MS,CSF_8,GTGCTTCCATGTTCCC-1,CSF,-0.21334842529064676
MS,CSF_8,GTGCTTCTCACGACTA-1,CSF,0.5557434364459329
MS,CSF_8,GTGCTTCTCGACAGCC-1,CSF,0.025838093874016668
MS,CSF_8,GTGGGTCCAGTGGAGT-1,CSF,-0.07157349201915446
MS,CSF_8,GTGGGTCTCGGCGCTA-1,CSF,-0.45571352894930406
MS,CSF_8,GTGTGCGCATCAGTAC-1,CSF,0.5078752392485525
MS,CSF_8,GTGTTAGAGGCTAGCA-1,CSF,-0.008986024057109323
MS,CSF_8,GTGTTAGGTTAAGACA-1,CSF,0.22591183829271694
MS,CSF_8,GTTAAGCTCGCAAGCC-1,CSF,-0.12627602557548603
MS,CSF_8,GTTACAGAGCTCAACT-1,CSF,-0.17099240930356285
MS,CSF_8,GTTACAGCAAGGCTCC-1,CSF,-0.041372358275739714
MS,CSF_8,GTTACAGCACTATCTT-1,CSF,0.17350868334260064
MS,CSF_8,GTTACAGGTCCTGCTT-1,CSF,-0.07157349201915446
MS,CSF_8,GTTACAGGTGTGAATA-1,CSF,0.6047633241307754
MS,CSF_8,GTTACAGTCAGGCAAG-1,CSF,-0.2730785672311226
MS,CSF_8,GTTCATTGTAGAGCTG-1,CSF,-0.07157349201915446
MS,CSF_8,GTTCGGGCAAATCCGT-1,CSF,-0.09312541474640715
MS,CSF_8,GTTCTCGCAAGAGGCT-1,CSF,-0.07157349201915446
MS,CSF_8,GTTCTCGTCATGTAGC-1,CSF,-0.12538109882892431
MS,CSF_8,GTTTCTAAGCTGAACG-1,CSF,0.0457297523041375
MS,CSF_8,GTTTCTAAGTTATCGC-1,CSF,-0.4687434295676859
MS,CSF_8,GTTTCTACACCACGTG-1,CSF,-0.3384645124054004
MS,CSF_8,GTTTCTACAGTAGAGC-1,CSF,0.18235354720015087
MS,CSF_8,GTTTCTATCCGTACAA-1,CSF,-0.07157349201915446
MS,CSF_8,TAAACCGAGACTGTAA-1,CSF,-0.4230227662815277
MS,CSF_8,TAAACCGCAATCACAC-1,CSF,-0.16687773469991446
MS,CSF_8,TAAACCGTCACATGCA-1,CSF,-0.1962173544779652
MS,CSF_8,TAAGAGATCCGAAGAG-1,CSF,-0.05047636027261609
MS,CSF_8,TAAGCGTGTCTGCCAG-1,CSF,-0.4413833922025705
MS,CSF_8,TAAGTGCAGAATGTGT-1,CSF,0.27631160716808706
MS,CSF_8,TAAGTGCGTACCGCTG-1,CSF,0.16120634415014212
MS,CSF_8,TAAGTGCTCGGATGGA-1,CSF,0.09210937827873626
MS,CSF_8,TAAGTGCTCGGTGTTA-1,CSF,0.5067030656178114
MS,CSF_8,TACACGACAACTGGCC-1,CSF,-0.2276757875960645
MS,CSF_8,TACACGATCGGACAAG-1,CSF,-0.3753153300472173
MS,CSF_8,TACAGTGTCTGCGTAA-1,CSF,-0.2844845831422308
MS,CSF_8,TACCTATAGCAGGCTA-1,CSF,-0.5600415748555044
MS,CSF_8,TACCTATTCAACGGCC-1-1,CSF,-0.46682928739214674
MS,CSF_8,TACCTTAAGATCTGCT-1,CSF,-0.24120191682486475
MS,CSF_8,TACCTTACAGTACACT-1,CSF,0.40249443235451465
MS,CSF_8,TACCTTAGTACGCACC-1,CSF,0.2768999311482686
MS,CSF_8,TACCTTAGTCCTGCTT-1,CSF,-0.07157349201915446
MS,CSF_8,TACCTTATCCAAAGTC-1,CSF,0.5839857869591935
MS,CSF_8,TACCTTATCTATCCCG-1,CSF,-0.44232078655174495
MS,CSF_8,TACGGATTCCCGACTT-1,CSF,0.2569323602081652
MS,CSF_8,TACGGGCAGAGAACAG-1,CSF,-0.07157349201915446
MS,CSF_8,TACGGGCCATTCTCAT-1,CSF,-0.2550736140272677
MS,CSF_8,TACGGGCGTTCAGTAC-1,CSF,-0.5994916526528308
MS,CSF_8,TACGGTACAGCGATCC-1,CSF,-0.18049562166761784
MS,CSF_8,TACGGTAGTATAGTAG-1,CSF,0.18949471837216889
MS,CSF_8,TACGGTATCCTCAATT-1,CSF,0.03758552473090707
MS,CSF_8,TACTCATAGAGCTATA-1,CSF,-0.1848624913339811
MS,CSF_8,TACTCATCAGGACGTA-1,CSF,-0.13891570531721117
MS,CSF_8,TACTCATGTCTGGAGA-1,CSF,-0.18783248774285372
MS,CSF_8,TACTCATGTTCGTGAT-1,CSF,-0.07157349201915446
MS,CSF_8,TACTCATTCCCTTGCA-1,CSF,-0.028929737592591733
MS,CSF_8,TACTCGCAGTCCCACG-1,CSF,-0.1938220264148637
MS,CSF_8,TACTCGCGTAGCTGCC-1,CSF,-0.07157349201915446
MS,CSF_8,TACTCGCTCGTCCAGG-1,CSF,0.26166724911453676
MS,CSF_8,TACTTACGTCGGATCC-1,CSF,-0.07157349201915446
MS,CSF_8,TACTTACTCGCCAGCA-1,CSF,0.10232254006936328
MS,CSF_8,TACTTACTCTCTAGGA-1,CSF,0.08078849123908816
MS,CSF_8,TACTTGTGTGTGCCTG-1,CSF,0.596396233723617
MS,CSF_8,TAGACCATCCAGAAGG-1,CSF,-0.11998478521680037
MS,CSF_8,TAGAGCTCATTGGCGC-1,CSF,-0.29870509683051566
MS,CSF_8,TAGAGCTGTCGAACAG-1,CSF,-0.26195139075417345
MS,CSF_8,TAGCCGGCAGCGATCC-1,CSF,-0.07157349201915446
MS,CSF_8,TAGCCGGCATTAGCCA-1,CSF,-0.07157349201915446
MS,CSF_8,TAGGCATAGAAGGTGA-1,CSF,-0.011231219160811505
MS,CSF_8,TAGGCATGTTCTCATT-1,CSF,0.22924730266499457
MS,CSF_8,TAGGCATTCCATGCTC-1,CSF,-0.2263517781670578
MS,CSF_8,TAGGCATTCGCCTGAG-1,CSF,-0.34799257024294317
MS,CSF_8,TAGTGGTAGATCGATA-1,CSF,-0.2810889196146313
MS,CSF_8,TAGTGGTTCGCATGGC-1,CSF,-0.007406961212170057
MS,CSF_8,TAGTTGGAGAGAACAG-1,CSF,0.44448773534408315
MS,CSF_8,TAGTTGGGTCACCTAA-1,CSF,-0.1268827785916932
MS,CSF_8,TATCAGGCATCTCCCA-1,CSF,-0.09251978940650074
MS,CSF_8,TATCAGGGTTATCGGT-1,CSF,0.15402340598301872
MS,CSF_8,TATCAGGTCTACTATC-1,CSF,-0.4589229933210709
MS,CSF_8,TATCTCAGTCTGCCAG-1,CSF,0.40205915716350304
MS,CSF_8,TATCTCAGTGTGGTTT-1,CSF,-0.4162406828694891
MS,CSF_8,TATGCCCCAAGCGATG-1,CSF,0.290697340142081
MS,CSF_8,TATGCCCCATCCCACT-1,CSF,0.0390171851210247
MS,CSF_8,TATGCCCTCGGCTACG-1,CSF,-0.07157349201915446
MS,CSF_8,TATGCCCTCTCGTATT-1,CSF,-0.07157349201915446
MS,CSF_8,TATTACCCATCCCACT-1,CSF,-0.599173682080884
MS,CSF_8,TATTACCGTATTCTCT-1,CSF,0.3294537932371477
MS,CSF_8,TATTACCTCAACTCTT-1,CSF,-0.3425071009302143
MS,CSF_8,TATTACCTCATTCACT-1,CSF,-0.3694022994475382
MS,CSF_8,TATTACCTCTTTCCTC-1,CSF,-0.07157349201915446
MS,CSF_8,TCAACGACATCTCGCT-1,CSF,-0.39975914353426995
MS,CSF_8,TCAACGAGTCCTAGCG-1,CSF,0.022402989902346095
MS,CSF_8,TCAACGAGTTGTGGCC-1,CSF,-0.2934047935283951
MS,CSF_8,TCAATCTAGGCTCTTA-1,CSF,-0.24495990822963257
MS,CSF_8,TCAATCTTCCGCTGTT-1,CSF,-0.25052858300123043
MS,CSF_8,TCACAAGTCCTAGAAC-1,CSF,-0.19796787184172457
MS,CSF_8,TCACAAGTCTGATTCT-1-1,CSF,-0.07468106586084995
MS,CSF_8,TCACGAAAGTGTTAGA-1,CSF,0.22878306649251165
MS,CSF_8,TCACGAAAGTTTAGGA-1,CSF,-0.26164360341490517
MS,CSF_8,TCAGATGTCAGGCAAG-1,CSF,-0.24742856504201144
MS,CSF_8,TCAGCAAAGGCAGTCA-1,CSF,0.15554528176081345
MS,CSF_8,TCAGCTCAGGAATCGC-1,CSF,0.0052399540921092
MS,CSF_8,TCAGGATCATCACCCT-1,CSF,-0.4004226549692224
MS,CSF_8,TCAGGTAAGTAGGTGC-1,CSF,-0.30183430130698385
MS,CSF_8,TCAGGTACAAAGTGCG-1,CSF,0.25718286281346453
MS,CSF_8,TCAGGTATCACATACG-1,CSF,-0.3435217155296725
MS,CSF_8,TCAGGTATCTGAGTGT-1,CSF,-0.07157349201915446
MS,CSF_8,TCATTACAGAGTTGGC-1,CSF,-0.21047422433243293
MS,CSF_8,TCATTTGAGACTTGAA-1,CSF,0.14306346122019953
MS,CSF_8,TCATTTGCACGACTCG-1,CSF,-0.07157349201915446
MS,CSF_8,TCCACACAGAGTACCG-1,CSF,0.28520235772289665
MS,CSF_8,TCCACACCAAGTAGTA-1,CSF,-0.07157349201915446
MS,CSF_8,TCCACACCAGGACGTA-1,CSF,-0.07157349201915446
MS,CSF_8,TCCACACGTTCGCGAC-1,CSF,-0.12901639143703134
MS,CSF_8,TCCCGATAGCGCCTCA-1,CSF,-0.17086051186188156
MS,CSF_8,TCCCGATCACACATGT-1,CSF,-0.12463232646265364
MS,CSF_8,TCCCGATCACGGTTTA-1,CSF,-0.5340443317248239
MS,CSF_8,TCCCGATGTTACCAGT-1,CSF,-0.07157349201915446
MS,CSF_8,TCGAGGCAGATGGGTC-1,CSF,-0.4309900929245667
MS,CSF_8,TCGAGGCGTAAAGGAG-1,CSF,-0.07157349201915446
MS,CSF_8,TCGAGGCTCGGAAACG-1,CSF,-0.07157349201915446
MS,CSF_8,TCGCGAGAGTCATGCT-1,CSF,-0.10143857436464658
MS,CSF_8,TCGCGTTCAAGCGATG-1,CSF,-0.1439603249012277
MS,CSF_8,TCGGGACCACGACGAA-1,CSF,-0.5645665303199369
MS,CSF_8,TCGGGACGTGTTAAGA-1,CSF,-0.0511686087072475
MS,CSF_8,TCGGGACTCGGCATCG-1,CSF,0.3363793931796876
MS,CSF_8,TCGGGACTCTTGCAAG-1,CSF,-0.07157349201915446
MS,CSF_8,TCGGTAAGTAGAGCTG-1,CSF,-0.1731226704942896
MS,CSF_8,TCGGTAAGTTCAACCA-1,CSF,-0.15945915977949296
MS,CSF_8,TCGGTAAGTTTGTGTG-1,CSF,0.4203407181879693
MS,CSF_8,TCGGTAATCACATACG-1,CSF,0.2684048716230379
MS,CSF_8,TCGGTAATCACGGTTA-1,CSF,-0.6127188455706148
MS,CSF_8,TCGTACCAGCATGGCA-1,CSF,0.30615028508020986
MS,CSF_8,TCGTACCAGCCACCTG-1,CSF,-0.3543578840827877
MS,CSF_8,TCGTACCAGCCCAGCT-1,CSF,0.42030938309312077
MS,CSF_8,TCGTAGAAGTGGGCTA-1,CSF,0.018419405426595908
MS,CSF_8,TCTATTGCAAGTAATG-1,CSF,-0.07157349201915446
MS,CSF_8,TCTATTGGTGCCTGGT-1,CSF,-0.2699080204531055
MS,CSF_8,TCTATTGGTGGCCCTA-1,CSF,-0.1648237125845394
MS,CSF_8,TCTATTGGTTATCGGT-1,CSF,-0.2615504644781873
MS,CSF_8,TCTATTGTCGACCAGC-1,CSF,-0.3579662049698041
MS,CSF_8,TCTCATAGTTATGTGC-1,CSF,0.04396330339788414
MS,CSF_8,TCTCTAAAGCAACGGT-1,CSF,-0.5214502553278957
MS,CSF_8,TCTCTAAAGTATGACA-1,CSF,-0.744477726067854
MS,CSF_8,TCTCTAAGTTCAGCGC-1,CSF,-0.07157349201915446
MS,CSF_8,TCTGAGAAGCGTAATA-1,CSF,-0.07157349201915446
MS,CSF_8,TCTGAGAAGCTAAGAT-1,CSF,-0.28074136643345216
MS,CSF_8,TCTGAGAGTTTGACAC-1,CSF,-0.28920378721556933
MS,CSF_8,TCTGAGAGTTTGACTG-1,CSF,0.17065705663329542
MS,CSF_8,TCTGGAAAGGAATGGA-1,CSF,0.3025726878019828
MS,CSF_8,TCTGGAACATCGGACC-1,CSF,0.3813986599539856
MS,CSF_8,TCTGGAATCCCAGGTG-1,CSF,-0.37658057361355585
MS,CSF_8,TCTGGAATCGTTTATC-1,CSF,0.1534002225484604
MS,CSF_8,TCTTTCCGTTCTGGTA-1,CSF,-0.07157349201915446
MS,CSF_8,TCTTTCCTCCTGCAGG-1,CSF,0.14937780181844526
MS,CSF_8,TGACAACGTGCAGACA-1,CSF,-0.2200437873525011
MS,CSF_8,TGACGGCAGGACCACA-1,CSF,-0.07157349201915446
MS,CSF_8,TGACGGCAGTGAAGAG-1,CSF,-0.021702646795070817
MS,CSF_8,TGACGGCCACAGATTC-1,CSF,-0.17266061033438004
MS,CSF_8,TGACGGCCATTCTCAT-1,CSF,-0.3646029754265604
MS,CSF_8,TGACTAGAGGGAGTAA-1,CSF,-0.186391270544352
MS,CSF_8,TGAGAGGAGCCCGAAA-1,CSF,-0.07157349201915446
MS,CSF_8,TGAGAGGAGCTAGTCT-1,CSF,0.6207796158196256
MS,CSF_8,TGAGAGGCACTGAAGG-1,CSF,-0.07157349201915446
MS,CSF_8,TGAGAGGCATAGGATA-1,CSF,0.41288782405272917
MS,CSF_8,TGAGAGGCATGGGAAC-1,CSF,-0.22013319571811532
MS,CSF_8,TGAGAGGGTGATAAAC-1,CSF,-0.07157349201915446
MS,CSF_8,TGAGAGGTCCGCGTTT-1,CSF,0.23292442597405888
MS,CSF_8,TGAGCATAGATGTGGC-1,CSF,-0.07157349201915446
MS,CSF_8,TGAGCATAGGGAAACA-1,CSF,-0.07157349201915446
MS,CSF_8,TGAGCATAGTGAAGTT-1,CSF,0.07970575697255255
MS,CSF_8,TGAGCATTCAAACAAG-1,CSF,-0.39891825866879477
MS,CSF_8,TGAGCATTCACTCCTG-1,CSF,0.07297298634715865
MS,CSF_8,TGAGCATTCGGAGCAA-1,CSF,-0.5201720775203322
MS,CSF_8,TGAGGGAGTTACCAGT-1,CSF,-0.07157349201915446
MS,CSF_8,TGAGGGATCCTCCTAG-1,CSF,-0.07157349201915446
MS,CSF_8,TGCACCTAGAAGGACA-1,CSF,0.14093272901295278
MS,CSF_8,TGCACCTAGTGTACTC-1,CSF,0.14689175608072347
MS,CSF_8,TGCACCTGTTACGTCA-1,CSF,-0.07157349201915446
MS,CSF_8,TGCACCTGTTCCACGG-1,CSF,-0.19141073893313618
MS,CSF_8,TGCACCTTCAGGCAAG-1,CSF,0.05651440871500002
MS,CSF_8,TGCCAAACACCACCAG-1,CSF,0.34313662162428854
MS,CSF_8,TGCCCATAGACAAGCC-1,CSF,-0.07157349201915446
MS,CSF_8,TGCCCATGTGCAGACA-1,CSF,-0.46769221503565095
MS,CSF_8,TGCCCTACATGCCTTC-1,CSF,-0.30609148047338974
MS,CSF_8,TGCCCTAGTGCACGAA-1,CSF,-0.1338393699552543
MS,CSF_8,TGCCCTAGTGTAAGTA-1,CSF,-0.3780045421702601
MS,CSF_8,TGCCCTATCAAAGACA-1,CSF,0.13587056084907606
MS,CSF_8,TGCCCTATCTTCGAGA-1,CSF,0.6659086304839462
MS,CSF_8,TGCGCAGAGTAAGTAC-1,CSF,0.1503290622348215
MS,CSF_8,TGCGCAGGTAAAGGAG-1,CSF,-0.2622592957032825
MS,CSF_8,TGCGCAGTCAATCTCT-1,CSF,-0.2644528487510398
MS,CSF_8,TGCGGGTAGCTCAACT-1,CSF,-0.07157349201915446
MS,CSF_8,TGCGGGTGTTCCGGCA-1,CSF,-0.6037010720131499
MS,CSF_8,TGCGGGTTCCAAAGTC-1,CSF,-0.07157349201915446
MS,CSF_8,TGCGTGGAGTTACCCA-1,CSF,-0.44823112571005147
MS,CSF_8,TGCGTGGCACGTCTCT-1,CSF,0.15021597247087712
MS,CSF_8,TGCGTGGGTCTCCATC-1,CSF,0.16989569869018983
MS,CSF_8,TGCTACCAGAATGTGT-1,CSF,0.19261476152534884
MS,CSF_8,TGCTACCTCAGTTCGA-1,CSF,-0.07278673518751506
MS,CSF_8,TGCTACCTCATTATCC-1,CSF,-0.030263979093027298
MS,CSF_8,TGCTACCTCGGAAACG-1,CSF,0.03714136170818821
MS,CSF_8,TGCTGCTAGACTTTCG-1,CSF,-0.24627911980347275
MS,CSF_8,TGCTGCTCACTGTTAG-1,CSF,-0.07157349201915446
MS,CSF_8,TGCTGCTTCAACACAC-1,CSF,-0.021697672445806997
MS,CSF_8,TGCTGCTTCAGTCCCT-1,CSF,-0.06358893214169106
MS,CSF_8,TGCTGCTTCGTTGACA-1,CSF,-0.5539220837176037
MS,CSF_8,TGCTGCTTCTCGGACG-1,CSF,0.17766291794140615
MS,CSF_8,TGGCCAGCAAACAACA-1,CSF,0.33216230186463197
MS,CSF_8,TGGCCAGCACGGTGTC-1,CSF,0.17107417427854527
MS,CSF_8,TGGCCAGGTAGCTCCG-1,CSF,0.6529899810340873
MS,CSF_8,TGGCCAGGTCCGAGTC-1,CSF,-0.1639034981502799
MS,CSF_8,TGGCCAGGTTAAGAAC-1,CSF,-0.33648871193827906
MS,CSF_8,TGGCGCAAGCACAGGT-1,CSF,0.3475264869796608
MS,CSF_8,TGGCTGGTCTGCAGTA-1,CSF,-0.3222061241705495
MS,CSF_8,TGGGCGTTCCCAACGG-1,CSF,0.06303714761194537
MS,CSF_8,TGGGCGTTCCGTAGGC-1,CSF,-0.3148462970975557
MS,CSF_8,TGGTTAGGTGCACCAC-1,CSF,-0.3068942045769771
MS,CSF_8,TGGTTCCAGACTAAGT-1,CSF,-0.0733740874066624
MS,CSF_8,TGGTTCCAGGCCCGTT-1,CSF,-0.38001561195396905
MS,CSF_8,TGGTTCCCAGAGTGTG-1,CSF,0.6505520515775357
MS,CSF_8,TGGTTCCGTGCAGTAG-1,CSF,-0.3127603247344762
MS,CSF_8,TGTATTCTCAACGCTA-1,CSF,-0.07157349201915446
MS,CSF_8,TGTCCCAAGAGACTTA-1,CSF,-0.07157349201915446
MS,CSF_8,TGTGGTACAAGCTGAG-1,CSF,-0.07157349201915446
MS,CSF_8,TGTGGTACAAGCTGTT-1,CSF,-0.2346250921998461
MS,CSF_8,TGTGGTAGTGTTCTTT-1,CSF,-0.05171445046277347
MS,CSF_8,TGTGGTATCACTTCAT-1,CSF,0.5274217695160202
MS,CSF_8,TGTGTTTCACCAGGTC-1,CSF,0.2213399709699791
MS,CSF_8,TGTGTTTCACGGATAG-1,CSF,-0.7297521161995059
MS,CSF_8,TGTGTTTTCAACCATG-1,CSF,-0.31178063078315776
MS,CSF_8,TGTTCCGCAAAGGAAG-1,CSF,-0.4301754367347925
MS,CSF_8,TGTTCCGGTACTCGCG-1,CSF,0.6486832225969029
MS,CSF_8,TGTTCCGGTCATGCAT-1,CSF,0.4788249344812428
MS,CSF_8,TGTTCCGGTCCGCTGA-1,CSF,-0.07157349201915446
MS,CSF_8,TGTTCCGTCCGAATGT-1,CSF,0.5114434768827638
MS,CSF_8,TTAACTCGTGTAATGA-1,CSF,-0.005726870774065355
MS,CSF_8,TTAACTCTCATAAAGG-1,CSF,-0.07157349201915446
MS,CSF_8,TTAGGACCAGGGTATG-1,CSF,0.6941625281803112
MS,CSF_8,TTAGGCAGTAACGCGA-1,CSF,-0.07157349201915446
MS,CSF_8,TTAGGCATCGTAGATC-1,CSF,-0.2652194165504515
MS,CSF_8,TTAGTTCAGCTACCGC-1,CSF,0.07776301932169649
MS,CSF_8,TTAGTTCAGTGGAGAA-1,CSF,-0.22594267930098072
MS,CSF_8,TTAGTTCTCTATGTGG-1,CSF,-0.4801985111357304
MS,CSF_8,TTCCCAGAGACAGGCT-1,CSF,-0.2611718807214701
MS,CSF_8,TTCCCAGCAAACTGTC-1,CSF,0.15394027650408354
MS,CSF_8,TTCGAAGAGCTGATAA-1,CSF,0.08494895960037599
MS,CSF_8,TTCGAAGAGGCTAGAC-1,CSF,-0.07157349201915446
MS,CSF_8,TTCGAAGCAGACGTAG-1,CSF,-0.05071861471240546
MS,CSF_8,TTCGGTCCATGAAGTA-1,CSF,-0.36156859744511455
MS,CSF_8,TTCGGTCGTACCGAGA-1,CSF,-0.5805796267054799
MS,CSF_8,TTCGGTCTCACTCTTA-1,CSF,-0.26315489009719756
MS,CSF_8,TTCGGTCTCCAGAGGA-1,CSF,0.7265973922271308
MS,CSF_8,TTCTACACACACGCTG-1,CSF,-0.29152215306850754
MS,CSF_8,TTCTACACAGACGCCT-1,CSF,0.267692961789931
MS,CSF_8,TTCTCAAAGGACGAAA-1,CSF,0.3639842126298129
MS,CSF_8,TTCTCAAAGGCAAAGA-1,CSF,0.030062717571663265
MS,CSF_8,TTCTCAAAGTGGTAAT-1,CSF,-0.6564624405568645
MS,CSF_8,TTCTCAACATGGGAAC-1,CSF,-0.1191996337876218
MS,CSF_8,TTCTCAACATGTCTCC-1,CSF,0.034207002220984974
MS,CSF_8,TTCTCAAGTGCAGTAG-1,CSF,-0.30359777411219696
MS,CSF_8,TTCTCAATCAAACCGT-1,CSF,0.20034559376012107
MS,CSF_8,TTCTCCTAGCCCTAAT-1,CSF,0.16806085689626074
MS,CSF_8,TTCTCCTAGCTCCTCT-1,CSF,-0.1915518844329595
MS,CSF_8,TTCTCCTCAACTGGCC-1,CSF,0.07955643602681133
MS,CSF_8,TTCTCCTCACGACTCG-1,CSF,-0.07157349201915446
MS,CSF_8,TTCTCCTTCATTGCGA-1,CSF,-0.5129997353011958
MS,CSF_8,TTCTTAGGTCCGCTGA-1,CSF,0.11519346344649321
MS,CSF_8,TTCTTAGTCAATCTCT-1,CSF,-0.2656679262435406
MS,CSF_8,TTGACTTAGGCATTGG-1,CSF,-0.11105432356226866
MS,CSF_8,TTGACTTAGTGTTTGC-1,CSF,-0.47515788557793825
MS,CSF_8,TTGACTTTCACCGTAA-1,CSF,-0.07157349201915446
MS,CSF_8,TTGACTTTCACCTTAT-1,CSF,-0.028968176335991486
MS,CSF_8,TTGCCGTAGAATTGTG-1,CSF,0.25641634925364987
MS,CSF_8,TTGCCGTCATCGTCGG-1,CSF,-0.5623526216896085
MS,CSF_8,TTGCGTCCAACCGCCA-1,CSF,-0.420055881816588
MS,CSF_8,TTGCGTCCAATCTGCA-1,CSF,-0.1838517648738192
MS,CSF_8,TTGCGTCCACGACGAA-1,CSF,-0.3804697591797721
MS,CSF_8,TTGGAACAGTCCAGGA-1,CSF,-0.21310833139534216
MS,CSF_8,TTGGAACCACGAGAGT-1,CSF,-0.07157349201915446
MS,CSF_8,TTGGAACCAGTCCTTC-1,CSF,0.0029869943407718124
MS,CSF_8,TTGGAACGTGTGAATA-1,CSF,-0.07157349201915446
MS,CSF_8,TTGGCAAAGATGCCAG-1,CSF,-0.07157349201915446
MS,CSF_8,TTGGCAAGTTGTCTTT-1,CSF,-0.1722205317350008
MS,CSF_8,TTGTAGGAGAGGACGG-1,CSF,-0.07157349201915446
MS,CSF_8,TTGTAGGCAAGCGAGT-1,CSF,-0.07157349201915446
MS,CSF_8,TTGTAGGTCTGTCCGT-1,CSF,-0.07157349201915446
MS,CSF_8,TTTACTGCAGGACGTA-1,CSF,-0.07157349201915446
MS,CSF_8,TTTACTGCAGGATCGA-1,CSF,-0.07157349201915446
MS,CSF_8,TTTATGCAGAATCTCC-1,CSF,-0.25130340575077686
MS,CSF_8,TTTATGCAGTCCGTAT-1,CSF,-0.07157349201915446
MS,CSF_8,TTTATGCCACCGAATT-1,CSF,-0.1550081872646844
MS,CSF_8,TTTATGCGTGGAAAGA-1,CSF,-0.24802010165774588
MS,CSF_8,TTTCCTCGTCCGAATT-1,CSF,-0.5729973397867691
MS,CSF_8,TTTCCTCGTTCAGCGC-1,CSF,0.7940103473564426
MS,CSF_8,TTTCCTCTCACAACGT-1,CSF,-0.26195139075417345
MS,CSF_8,TTTCCTCTCTCCAACC-1,CSF,-0.23803290542170605
MS,CSF_8,TTTCCTCTCTGTTGAG-1,CSF,-0.34465281581073903
MS,CSF_8,TTTGCGCGTTCGTTGA-1,CSF,-1.1710907536882336
MS,CSF_8,TTTGCGCTCAGTTTGG-1,CSF,-0.6107224213164095
MS,CSF_8,TTTGCGCTCGAACGGA-1,CSF,-0.07157349201915446
MS,CSF_8,TTTGGTTTCTGATACG-1,CSF,0.10589253781224954
MS,CSF_8,TTTGTCAGTTCTCATT-1,CSF,0.21399358418389086
MS,CSF_8,TTTGTCAGTTGACGTT-1,CSF,-0.03618508734470083
MS,CSF_9,AAACCTGAGTCCAGGA-1,CSF,0.25328546885032516
MS,CSF_9,AAACGGGAGAGTAAGG-1,CSF,-0.07157349201915446
MS,CSF_9,AAACGGGTCATCATTC-1,CSF,0.5305192794354795
MS,CSF_9,AAACGGGTCGAGGTAG-1,CSF,-0.3955529283872751
MS,CSF_9,AAAGTAGAGGCAGGTT-1,CSF,0.22769462437838367
MS,CSF_9,AAATGCCGTAGCGCAA-1,CSF,-0.23699946595145382
MS,CSF_9,AAATGCCTCGGCCGAT-1,CSF,0.32231986571447907
MS,CSF_9,AACCATGAGATATGCA-1,CSF,0.27695718225496424
MS,CSF_9,AACCATGCAATCCAAC-1,CSF,0.1890521389127014
MS,CSF_9,AACCGCGGTCATCCCT-1,CSF,-0.07157349201915446
MS,CSF_9,AACCGCGGTTTCGCTC-1,CSF,-0.1008755799437258
MS,CSF_9,AACGTTGAGGACATTA-1,CSF,0.6604656478579939
MS,CSF_9,AACGTTGCATCGTCGG-1,CSF,-0.5092443969799509
MS,CSF_9,AACGTTGGTGTGACCC-1,CSF,0.21517639938623662
MS,CSF_9,AACTCCCGTTGACGTT-1,CSF,-0.48998940743204866
MS,CSF_9,AACTCCCTCCTTGGTC-1,CSF,-0.35612446198247094
MS,CSF_9,AACTGGTAGAACTGTA-1,CSF,1.2309990989441086
MS,CSF_9,AACTTTCGTGATAAAC-1,CSF,0.1798863690984089
MS,CSF_9,AACTTTCTCTTGTATC-1,CSF,-0.07157349201915446
MS,CSF_9,AAGACCTGTCCTAGCG-1,CSF,-0.08234119383614862
MS,CSF_9,AAGACCTGTTAGAACA-1,CSF,0.43043004423440884
MS,CSF_9,AAGACCTGTTTGACAC-1,CSF,0.42782416262450457
MS,CSF_9,AAGGAGCGTCGCTTCT-1,CSF,-0.07157349201915446
MS,CSF_9,AATCCAGAGAATGTTG-1,CSF,0.6581164219109928
MS,CSF_9,AATCCAGAGGAGTTGC-1,CSF,0.21308457630131472
MS,CSF_9,AATCCAGTCAACACCA-1,CSF,-0.1650523435647578
MS,CSF_9,AATCGGTGTAAATGTG-1,CSF,-0.018774441830771055
MS,CSF_9,ACACCAAAGGCTCTTA-1,CSF,-0.008167177358277877
MS,CSF_9,ACACCAACATTCACTT-1,CSF,-0.07157349201915446
MS,CSF_9,ACACCCTGTTACGTCA-1,CSF,-0.2554114805535561
MS,CSF_9,ACACCCTTCCTTTACA-1,CSF,-0.11374712076959982
MS,CSF_9,ACAGCCGAGTAGGTGC-1,CSF,0.10159028616999569
MS,CSF_9,ACAGCCGCACCGCTAG-1,CSF,-0.30387663322965625
MS,CSF_9,ACAGCTAGTCTCCACT-1,CSF,0.17964384225492572
MS,CSF_9,ACATACGGTAAGTGTA-1,CSF,-0.28446539786165775
MS,CSF_9,ACATACGTCGTGGTCG-1,CSF,-0.07157349201915446
MS,CSF_9,ACATCAGCACACGCTG-1,CSF,0.20184716325589644
MS,CSF_9,ACATGGTCAGGAACGT-1,CSF,-0.17213206283015794
MS,CSF_9,ACCAGTACATGCCACG-1,CSF,0.20653378619612375
MS,CSF_9,ACCCACTAGAAGGTTT-1,CSF,0.4218277347530888
MS,CSF_9,ACCCACTAGAGGACGG-1,CSF,-0.9823941892250458
MS,CSF_9,ACCCACTCAATAGAGT-1,CSF,-0.2628414051947007
MS,CSF_9,ACCGTAACATGCCACG-1,CSF,-0.6626080693130414
MS,CSF_9,ACCTTTATCAAAGTAG-1,CSF,-0.05501211149906054
MS,CSF_9,ACGATACCACACCGCA-1,CSF,-0.2535639419693948
MS,CSF_9,ACGCAGCAGTGTGGCA-1,CSF,-0.19771749967932997
MS,CSF_9,ACGCAGCGTGACGGTA-1,CSF,0.230135170227443
MS,CSF_9,ACGCCAGAGCGATGAC-1,CSF,-0.07157349201915446
MS,CSF_9,ACGCCAGCACATGACT-1,CSF,0.4271340376444442
MS,CSF_9,ACGCCAGCAGGGTTAG-1,CSF,-0.07157349201915446
MS,CSF_9,ACGCCAGCATTAACCG-1,CSF,0.14828836919296032
MS,CSF_9,ACGCCGACAAGACGTG-1,CSF,-0.12715162526736654
MS,CSF_9,ACGCCGATCTCGAGTA-1,CSF,0.038018971802732206
MS,CSF_9,ACGGAGATCGGAAACG-1,CSF,-0.07157349201915446
MS,CSF_9,ACGGAGATCTTGCATT-1,CSF,0.585645470824638
MS,CSF_9,ACGGCCAGTCTGATTG-1,CSF,-0.21873049181194212
MS,CSF_9,ACGGGTCGTGCTTCTC-1,CSF,-0.22148778220346618
MS,CSF_9,ACGTCAATCCAGATCA-1,CSF,-0.05844898382180595
MS,CSF_9,ACTATCTCAGCTGCTG-1,CSF,-0.19203877718686568
MS,CSF_9,ACTGAACAGGAGTTTA-1,CSF,-0.5759312517727099
MS,CSF_9,ACTGAACTCACTATTC-1,CSF,0.4028731738095369
MS,CSF_9,ACTGATGTCAGAAATG-1,CSF,-0.44368353429792273
MS,CSF_9,ACTGCTCAGTCGAGTG-1,CSF,0.11635312519512488
MS,CSF_9,ACTTACTCAGGGCATA-1,CSF,0.12215062490072888
MS,CSF_9,ACTTACTGTGAAATCA-1,CSF,-0.07157349201915446
MS,CSF_9,ACTTGTTTCCCTCAGT-1,CSF,0.007218163636833729
MS,CSF_9,ACTTTCACAGCATACT-1,CSF,-0.07157349201915446
MS,CSF_9,AGAATAGAGTACGCGA-1,CSF,0.7532450278295418
MS,CSF_9,AGAGCGACACCGCTAG-1,CSF,-0.07157349201915446
MS,CSF_9,AGATTGCAGCCCAACC-1,CSF,-0.29299174714958315
MS,CSF_9,AGCATACAGCGTTTAC-1,CSF,-0.38023707154462827
MS,CSF_9,AGCGGTCTCATGCATG-1,CSF,-0.22175859726226882
MS,CSF_9,AGCGTATAGGAGTTGC-1,CSF,0.03223448162316854
MS,CSF_9,AGCTCTCAGGACTGGT-1,CSF,-0.14343733094039995
MS,CSF_9,AGCTCTCCAGCCTTGG-1,CSF,-0.7692226881893731
MS,CSF_9,AGGCCACAGCCAGTAG-1,CSF,-0.22489073462183842
MS,CSF_9,AGGGAGTAGAAACCAT-1,CSF,0.4993579159724317
MS,CSF_9,AGGGAGTAGGATATAC-1,CSF,0.4108806093610882
MS,CSF_9,AGGGAGTTCCTACAGA-1,CSF,-0.14675299571857575
MS,CSF_9,AGGGATGCAAAGCAAT-1,CSF,-0.3590812772793055
MS,CSF_9,AGGGTGAGTCTGGAGA-1,CSF,0.38846792768530564
MS,CSF_9,AGGGTGAGTGTGTGCC-1,CSF,-0.07157349201915446
MS,CSF_9,AGTAGTCAGTTAACGA-1,CSF,0.19442532714306532
MS,CSF_9,AGTAGTCGTCCAACTA-1,CSF,-0.07157349201915446
MS,CSF_9,AGTCTTTAGTATTGGA-1,CSF,-0.9192516453762953
MS,CSF_9,AGTGGGATCAGTACGT-1,CSF,-0.18805226014113882
MS,CSF_9,AGTGGGATCTCTTGAT-1,CSF,-0.2008499621729196
MS,CSF_9,AGTGTCAAGACAGAGA-1,CSF,-0.07157349201915446
MS,CSF_9,AGTGTCAAGGACGAAA-1,CSF,-0.5831882522385597
MS,CSF_9,AGTGTCAGTCAGAAGC-1,CSF,-0.17101875740035108
MS,CSF_9,AGTTGGTGTCAACTGT-1,CSF,-0.35560954482897944
MS,CSF_9,AGTTGGTTCGGCGCAT-1,CSF,0.25136828526397587
MS,CSF_9,ATAACGCTCAGCCTAA-1,CSF,-0.25155709207041527
MS,CSF_9,ATCATCTAGTGTCCCG-1,CSF,-0.07157349201915446
MS,CSF_9,ATCCACCGTACTCGCG-1,CSF,0.23005657605105043
MS,CSF_9,ATCCGAAAGTCTTGCA-1,CSF,-1.2004700495395668
MS,CSF_9,ATCGAGTAGAGCCCAA-1,CSF,0.05202745103691399
MS,CSF_9,ATCTACTTCACCACCT-1,CSF,0.20391205738703114
MS,CSF_9,ATCTGCCAGAGCTGGT-1,CSF,-0.0038802092535906003
MS,CSF_9,ATGAGGGGTTCAGGCC-1,CSF,0.36236852673416736
MS,CSF_9,ATGCGATGTCCCTTGT-1,CSF,-0.28775905403652874
MS,CSF_9,ATGCGATGTGAAGGCT-1,CSF,-0.2938854193167565
MS,CSF_9,ATGGGAGTCAGCTCTC-1,CSF,-0.5194733801902801
MS,CSF_9,ATGTGTGCAGCTCCGA-1,CSF,0.15059027821231877
MS,CSF_9,ATTCTACCACGTGAGA-1,CSF,-0.3097984095817141
MS,CSF_9,ATTCTACCAGACGCAA-1,CSF,-0.2272213101535321
MS,CSF_9,ATTCTACTCCGCTGTT-1,CSF,-0.2479004250479193
MS,CSF_9,ATTGGACAGTCAATAG-1,CSF,0.20901916382564756
MS,CSF_9,ATTGGTGAGAGCCTAG-1,CSF,0.5793120141295365
MS,CSF_9,ATTGGTGCAGGTCTCG-1,CSF,0.8385182158846339
MS,CSF_9,ATTGGTGTCCCTAACC-1,CSF,0.26607819260615795
MS,CSF_9,ATTTCTGGTCCGAAGA-1,CSF,-0.18493471801317476
MS,CSF_9,CAACCTCAGACCGGAT-1,CSF,0.33686425975307943
MS,CSF_9,CAACCTCAGAGTTGGC-1,CSF,-0.23467212571271492
MS,CSF_9,CAACCTCAGCGGCTTC-1-1,CSF,-0.2590884786082524
MS,CSF_9,CAACTAGCACCTTGTC-1,CSF,0.3520388388118
MS,CSF_9,CAAGAAAAGAACTCGG-1,CSF,0.2292113548897555
MS,CSF_9,CAAGATCAGCCAGAAC-1,CSF,0.28913466500387436
MS,CSF_9,CAAGATCAGGCAAAGA-1,CSF,-1.0234907357950027
MS,CSF_9,CAAGATCAGTGATCGG-1,CSF,-0.5537092668994196
MS,CSF_9,CAAGGCCTCGTAGATC-1,CSF,-0.8612378648451978
MS,CSF_9,CAAGTTGTCCTTGACC-1,CSF,0.12017063781426826
MS,CSF_9,CACAAACGTTGGAGGT-1,CSF,0.1393393367448958
MS,CSF_9,CACACAACACAGACTT-1,CSF,-0.16503377018399648
MS,CSF_9,CACACTCCATTACCTT-1-1,CSF,0.14186407906031487
MS,CSF_9,CACAGGCAGCGCTCCA-1,CSF,-0.26974898060288094
MS,CSF_9,CACAGGCAGTGGAGAA-1,CSF,-0.24411128872827706
MS,CSF_9,CACAGGCCAAAGGCGT-1,CSF,-0.18913730076479554
MS,CSF_9,CACAGGCGTTATCCGA-1,CSF,-0.14836234521392536
MS,CSF_9,CACATAGTCTTGTTTG-1,CSF,-0.5040275131568736
MS,CSF_9,CACATTTAGATCCGAG-1,CSF,-0.24314318437200072
MS,CSF_9,CACCACTGTTGGTAAA-1,CSF,-0.07157349201915446
MS,CSF_9,CACTCCATCGGTGTCG-1,CSF,-0.40611998307765784
MS,CSF_9,CAGAGAGAGTACGATA-1,CSF,-0.24605948197572808
MS,CSF_9,CAGATCATCACAATGC-1,CSF,-0.746880612459993
MS,CSF_9,CAGCATACAGCGTAAG-1,CSF,-0.008297349569708718
MS,CSF_9,CAGCCGAGTCTACCTC-1,CSF,0.29047154593833086
MS,CSF_9,CAGCGACCAACGATCT-1,CSF,-0.1822633723068048
MS,CSF_9,CAGCTAAAGACTAAGT-1,CSF,0.08949167695126417
MS,CSF_9,CAGTAACGTCGACTAT-1,CSF,-0.5304539039978537
MS,CSF_9,CAGTCCTCATTGGCGC-1,CSF,0.4256083131216784
MS,CSF_9,CATATTCTCTTAACCT-1,CSF,0.09064048684611097
MS,CSF_9,CATCAAGTCCGTCATC-1,CSF,0.15567559535125927
MS,CSF_9,CATCGAAAGATAGCAT-1,CSF,-0.07157349201915446
MS,CSF_9,CATCGAAGTGTGGTTT-1,CSF,0.029812240272767028
MS,CSF_9,CATCGAAGTTTGTTGG-1,CSF,-0.829394491761015
MS,CSF_9,CATGCCTGTGTCCTCT-1,CSF,0.16074722163926333
MS,CSF_9,CATGCCTTCCAACCAA-1,CSF,-0.1657704517563897
MS,CSF_9,CATGGCGCACAGATTC-1,CSF,0.3336898871888136
MS,CSF_9,CATTCGCGTCATGCCG-1,CSF,0.4356742496356127
MS,CSF_9,CATTCGCTCCTCCTAG-1,CSF,-0.2764164784528326
MS,CSF_9,CCAATCCAGACAAGCC-1,CSF,0.24920857248480713
MS,CSF_9,CCACGGAAGCAGACTG-1,CSF,-0.27114164564409016
MS,CSF_9,CCACGGATCACCGTAA-1,CSF,0.3464337374297429
MS,CSF_9,CCACTACGTAGCTAAA-1,CSF,0.1172525374740085
MS,CSF_9,CCACTACGTTCGAATC-1,CSF,0.21921334166231393
MS,CSF_9,CCAGCGAGTGAGCGAT-1,CSF,0.2637558884633128
MS,CSF_9,CCCAATCTCAACACTG-1,CSF,-0.3152336077058516
MS,CSF_9,CCCAGTTTCACAGGCC-1,CSF,0.2682147507567561
MS,CSF_9,CCCTCCTAGGGTTTCT-1,CSF,-0.32410689286979005
MS,CSF_9,CCCTCCTCAACACCTA-1,CSF,-0.07157349201915446
MS,CSF_9,CCGGGATGTCGGCTCA-1,CSF,-0.41056687891568183
MS,CSF_9,CCGGGATTCACCTCGT-1,CSF,-0.013815630771758477
MS,CSF_9,CCGGGATTCAGTGTTG-1,CSF,-0.5880537379501382
MS,CSF_9,CCGGTAGTCTCTGCTG-1,CSF,-0.07609450005625736
MS,CSF_9,CCGTGGACAAGTACCT-1,CSF,0.5151352250942116
MS,CSF_9,CCTAAAGCAGCTCGAC-1,CSF,-0.1843186744168403
MS,CSF_9,CCTACCAAGATGGGTC-1,CSF,-0.47306787974675085
MS,CSF_9,CCTCAGTAGAGTGAGA-1-1,CSF,-0.02154141781671789
MS,CSF_9,CCTCAGTAGTGAAGTT-1,CSF,-0.029241552556443878
MS,CSF_9,CCTTCCCTCACCACCT-1,CSF,-0.6215498549350257
MS,CSF_9,CCTTTCTGTTGTACAC-1,CSF,-0.05836474533227999
MS,CSF_9,CGAACATGTACATCCA-1,CSF,0.5513482482231999
MS,CSF_9,CGAATGTGTTAGAACA-1,CSF,-0.1719009310687673
MS,CSF_9,CGACCTTCAACACCTA-1,CSF,-0.07157349201915446
MS,CSF_9,CGACCTTCAGCTCGCA-1,CSF,-0.07157349201915446
MS,CSF_9,CGACTTCTCACTTACT-1,CSF,-0.29276539450453126
MS,CSF_9,CGAGCACCATACCATG-1,CSF,0.11720136882761718
MS,CSF_9,CGAGCCACACTGAAGG-1,CSF,0.11555533770809649
MS,CSF_9,CGATTGATCGTTTATC-1,CSF,-0.03819948984552412
MS,CSF_9,CGCGGTAAGAATGTTG-1,CSF,0.10812510827190891
MS,CSF_9,CGCGGTAAGATATGGT-1,CSF,0.10213657076347964
MS,CSF_9,CGCTATCCACCGAAAG-1,CSF,-0.48243986431676095
MS,CSF_9,CGCTTCAAGAGTAAGG-1,CSF,0.1667008777971128
MS,CSF_9,CGGACACCACATGTGT-1,CSF,0.36365914680046313
MS,CSF_9,CGGACGTCAAAGTGCG-1,CSF,-0.6967107125364033
MS,CSF_9,CGGACGTCAAGTAATG-1,CSF,-0.07157349201915446
MS,CSF_9,CGGACGTCACCAGGTC-1,CSF,0.7062996143518159
MS,CSF_9,CGGACTGCACTGTGTA-1,CSF,0.22421114437525416
MS,CSF_9,CGGAGCTAGCGCTTAT-1,CSF,0.1666449675693867
MS,CSF_9,CGGAGTCTCGTCTGCT-1,CSF,-0.30454262795446413
MS,CSF_9,CGGCTAGTCGGACAAG-1,CSF,-0.05760033721907227
MS,CSF_9,CGGGTCATCCGTACAA-1,CSF,-0.07157349201915446
MS,CSF_9,CGTCACTTCAGCCTAA-1,CSF,-0.9378583002220962
MS,CSF_9,CGTCAGGCACCCATTC-1,CSF,-0.9343006506550592
MS,CSF_9,CGTCTACCAGCTTAAC-1,CSF,-0.46618672192740196
MS,CSF_9,CGTCTACGTCGACTAT-1,CSF,-0.05660936888254849
MS,CSF_9,CGTCTACGTCTAGAGG-1,CSF,0.40582778184257073
MS,CSF_9,CGTGTCTTCGCTTAGA-1,CSF,0.1447225027874207
MS,CSF_9,CGTTAGACAAACCCAT-1,CSF,-0.3523920751714016
MS,CSF_9,CGTTGGGTCTGATACG-1,CSF,0.14776639785308893
MS,CSF_9,CTAACTTGTAAACGCG-1,CSF,0.02222578286432675
MS,CSF_9,CTAACTTGTAATAGCA-1,CSF,-0.477543285171612
MS,CSF_9,CTAAGACAGGGATGGG-1,CSF,-0.36243117767294486
MS,CSF_9,CTAAGACTCAAGGTAA-1,CSF,-0.4040623038769854
MS,CSF_9,CTAAGACTCAGAAATG-1,CSF,-0.546645176389395
MS,CSF_9,CTAATGGAGCGATTCT-1,CSF,-0.09598546071284438
MS,CSF_9,CTACACCAGAATAGGG-1,CSF,0.08520819314248983
MS,CSF_9,CTACACCCATCTCGCT-1,CSF,-0.07157349201915446
MS,CSF_9,CTACACCGTCCGAACC-1,CSF,0.23270240298428588
MS,CSF_9,CTACACCGTCGTCTTC-1,CSF,0.06314675488314057
MS,CSF_9,CTACACCTCTTTACGT-1,CSF,0.013191931059591664
MS,CSF_9,CTACATTCATTGGTAC-1,CSF,0.19024882272662125
MS,CSF_9,CTACCCAGTCAACTGT-1,CSF,-0.4877758819475564
MS,CSF_9,CTACGTCTCCATGAAC-1,CSF,-0.32478530358689267
MS,CSF_9,CTACGTCTCTTTACGT-1,CSF,-0.07287748824890042
MS,CSF_9,CTAGTGACAAATTGCC-1,CSF,-0.07157349201915446
MS,CSF_9,CTCACACCACATTAGC-1,CSF,-0.24394847060258096
MS,CSF_9,CTCAGAAAGAACAATC-1,CSF,-0.935741149770547
MS,CSF_9,CTCAGAACAGTCGATT-1,CSF,-0.056607489776761145
MS,CSF_9,CTCATTAGTATATCCG-1,CSF,-0.07157349201915446
MS,CSF_9,CTCCTAGGTACTCTCC-1,CSF,0.22402020033217132
MS,CSF_9,CTCGAAAAGGCTCTTA-1,CSF,0.14747627506501906
MS,CSF_9,CTCGAGGCAATGGACG-1-1,CSF,0.15337181146412465
MS,CSF_9,CTCGAGGTCCAGGGCT-1,CSF,-0.07157349201915446
MS,CSF_9,CTCGGAGAGTTAGGTA-1,CSF,-0.010509883760135933
MS,CSF_9,CTCGGGACATAGTAAG-1,CSF,-0.1857382195354586
MS,CSF_9,CTCGGGAGTCTGATCA-1,CSF,-0.1861902926521235
MS,CSF_9,CTCGTACTCCATGCTC-1,CSF,0.7009831146280281
MS,CSF_9,CTCGTCAGTTCACGGC-1,CSF,0.013244178338463761
MS,CSF_9,CTCTAATTCATCTGCC-1,CSF,-0.07157349201915446
MS,CSF_9,CTCTGGTCACTACAGT-1,CSF,-0.07157349201915446
MS,CSF_9,CTGAAACCACATGACT-1,CSF,-0.04802514781720719
MS,CSF_9,CTGAAGTAGCTATGCT-1,CSF,-0.07157349201915446
MS,CSF_9,CTGATAGCACCGAATT-1,CSF,0.11185217366259682
MS,CSF_9,CTGATAGCAGCCAATT-1,CSF,-0.013529676451604808
MS,CSF_9,CTGATAGTCAACACTG-1,CSF,-0.07157349201915446
MS,CSF_9,CTGCGGATCTCAAACG-1,CSF,-0.0036093044847208067
MS,CSF_9,CTGGTCTAGAACTCGG-1,CSF,0.06882665602096545
MS,CSF_9,CTGTTTAAGCTAAACA-1,CSF,0.2683678396828452
MS,CSF_9,CTTAACTAGAGCTTCT-1,CSF,-0.17981099183145785
MS,CSF_9,CTTAACTAGCGCTTAT-1,CSF,-0.1950168548893315
MS,CSF_9,CTTAACTAGGATTCGG-1,CSF,0.015503055209365615
MS,CSF_9,CTTAACTAGGCTAGCA-1,CSF,0.3558659801756214
MS,CSF_9,CTTACCGGTTGTACAC-1,CSF,-0.2738368825017088
MS,CSF_9,CTTACCGTCAGAGCTT-1,CSF,-0.2664911752793051
MS,CSF_9,CTTACCGTCCAAGTAC-1,CSF,0.48273645038503876
MS,CSF_9,CTTTGCGCACCACCAG-1,CSF,-0.5983161288466148
MS,CSF_9,GAAATGAGTCAGATAA-1,CSF,0.13990715853355057
MS,CSF_9,GAAATGATCACGGTTA-1,CSF,-0.3229557079728823
MS,CSF_9,GAACATCAGCGTCAAG-1,CSF,-0.07157349201915446
MS,CSF_9,GAACATCCAGCTTCGG-1,CSF,-0.07157349201915446
MS,CSF_9,GAACCTACAATTCCTT-1,CSF,0.091895179865383
MS,CSF_9,GAACCTAGTAGCTAAA-1,CSF,-0.07346817907126803
MS,CSF_9,GAACCTAGTGGTCCGT-1,CSF,0.23235828382534335
MS,CSF_9,GAACGGATCTGGAGCC-1,CSF,-0.38141758290135996
MS,CSF_9,GAAGCAGTCGAACGGA-1,CSF,-0.07157349201915446
MS,CSF_9,GAATAAGAGATATACG-1,CSF,0.27313376539799056
MS,CSF_9,GAATAAGTCGCGCCAA-1,CSF,-0.009654090008677388
MS,CSF_9,GACAGAGAGCATGGCA-1,CSF,-0.22834866278249993
MS,CSF_9,GACCAATAGGCATTGG-1,CSF,0.04549488846259867
MS,CSF_9,GACCAATGTAAGTGTA-1,CSF,-0.00405729778883422
MS,CSF_9,GACGCGTAGCCAGGAT-1,CSF,-0.3310697629873773
MS,CSF_9,GACGCGTGTTAAGACA-1,CSF,-0.7186862155085808
MS,CSF_9,GACGCGTTCGTAGGTT-1,CSF,0.34852369486294965
MS,CSF_9,GACGCGTTCTTGTCAT-1,CSF,-0.07157349201915446
MS,CSF_9,GACGTGCTCCGGGTGT-1,CSF,-0.18514771100892574
MS,CSF_9,GACGTGCTCTCAAGTG-1,CSF,-0.27849597950173827
MS,CSF_9,GACGTTAAGGCGATAC-1,CSF,0.04964270716566473
MS,CSF_9,GACTAACGTGTTAAGA-1,CSF,0.2568668765743017
MS,CSF_9,GACTAACTCACGGTTA-1,CSF,-0.1486572615633435
MS,CSF_9,GACTACAAGAAACCTA-1,CSF,0.3140906306246758
MS,CSF_9,GACTGCGTCCACGCAG-1,CSF,-0.4910709349524237
MS,CSF_9,GAGCAGAAGGCTACGA-1,CSF,-0.40713005270913144
MS,CSF_9,GAGCAGAAGTCGCCGT-1,CSF,-0.027049387665016997
MS,CSF_9,GAGCAGACACCTCGTT-1,CSF,0.10027992467421945
MS,CSF_9,GAGCAGACATACCATG-1,CSF,-0.5616924893992381
MS,CSF_9,GAGGTGATCTTGGGTA-1,CSF,-0.016516853798886105
MS,CSF_9,GAGTCCGAGCAGATCG-1,CSF,-0.07157349201915446
MS,CSF_9,GATCGATCATTCTCAT-1,CSF,-0.1522445680623397
MS,CSF_9,GATCGATTCCACGACG-1,CSF,-0.27960250633524764
MS,CSF_9,GATCGCGGTCTAGTCA-1,CSF,-0.4302821284199737
MS,CSF_9,GATCGCGTCGGTTCGG-1,CSF,0.11069330869949054
MS,CSF_9,GATCGTAAGTATCTCG-1,CSF,-0.07157349201915446
MS,CSF_9,GATCGTACATAAGACA-1,CSF,-0.07157349201915446
MS,CSF_9,GATCTAGGTAAGTTCC-1,CSF,0.14920466498377996
MS,CSF_9,GATCTAGGTGATAAGT-1,CSF,0.18675470427485905
MS,CSF_9,GATGAAAAGCCACGCT-1,CSF,-0.05360741527507792
MS,CSF_9,GATGAAAGTAGGGTAC-1,CSF,0.19441005668198155
MS,CSF_9,GATGAGGAGCTGCAAG-1,CSF,-0.23937888949874414
MS,CSF_9,GATGAGGCACCACGTG-1,CSF,0.29372926257646687
MS,CSF_9,GATGCTAAGCGGCTTC-1,CSF,0.18402357146334283
MS,CSF_9,GATTCAGAGAAACCTA-1,CSF,0.21720089702937367
MS,CSF_9,GATTCAGGTAGCAAAT-1,CSF,-0.19663848238228793
MS,CSF_9,GCAAACTGTCTCCACT-1,CSF,-0.6362886527925761
MS,CSF_9,GCAATCAAGGCCATAG-1,CSF,0.3905408737609467
MS,CSF_9,GCACATAAGTCGTACT-1,CSF,-0.2216027068656143
MS,CSF_9,GCACATACACATCCGG-1,CSF,0.10990618051354992
MS,CSF_9,GCACATATCTTTACAC-1,CSF,0.2222746121623907
MS,CSF_9,GCACTCTCATTCACTT-1,CSF,-0.26795799256245484
MS,CSF_9,GCACTCTTCATGTCCC-1,CSF,-0.3883393114872439
MS,CSF_9,GCAGCCATCTACTTAC-1,CSF,-0.056123412358897694
MS,CSF_9,GCAGTTATCGTTTAGG-1,CSF,-0.8429754823712281
MS,CSF_9,GCCAAATCATTGAGCT-1,CSF,-0.24518641152567952
MS,CSF_9,GCCTCTAAGATAGCAT-1,CSF,-0.25503853761938644
MS,CSF_9,GCCTCTAGTATCTGCA-1,CSF,0.7775802726997989
MS,CSF_9,GCGACCACATGGATGG-1,CSF,-0.42713815951153594
MS,CSF_9,GCGACCATCCAGAGGA-1,CSF,-0.03586112794058501
MS,CSF_9,GCGCAGTGTTCCATGA-1,CSF,0.15513483620986898
MS,CSF_9,GCGCGATAGGAGTACC-1,CSF,0.5769298002619637
MS,CSF_9,GCGCGATAGGTGATAT-1,CSF,0.286030349628719
MS,CSF_9,GCGCGATGTACCGTAT-1,CSF,-0.041058597019624624
MS,CSF_9,GCTCCTACATCCGCGA-1,CSF,0.9802468035752305
MS,CSF_9,GCTCCTAGTGGACGAT-1,CSF,-0.017610681407375046
MS,CSF_9,GCTCTGTGTGAGGCTA-1,CSF,0.3890445685822078
MS,CSF_9,GCTGCAGTCAATAAGG-1,CSF,0.10397962352325556
MS,CSF_9,GCTGCGACAGCTGCAC-1,CSF,0.18374246648645848
MS,CSF_9,GCTTCCATCTGGTATG-1,CSF,-0.07157349201915446
MS,CSF_9,GGAAAGCTCAACTCTT-1,CSF,-0.22466636918805374
MS,CSF_9,GGAACTTAGCTAGTTC-1,CSF,0.10952307210795469
MS,CSF_9,GGAACTTTCGGTGTCG-1,CSF,-0.11828871781154782
MS,CSF_9,GGAACTTTCGTGGGAA-1,CSF,-0.07157349201915446
MS,CSF_9,GGAATAAGTTAAAGTG-1,CSF,0.0048002099486561135
MS,CSF_9,GGACAGATCTCCGGTT-1,CSF,-0.7262702754167417
MS,CSF_9,GGACATTTCTCTTGAT-1,CSF,0.2512781608078583
MS,CSF_9,GGATGTTCAAAGGAAG-1-1,CSF,0.20581122158304055
MS,CSF_9,GGATGTTCACTGTGTA-1,CSF,0.3547902954285979
MS,CSF_9,GGATGTTTCCGTAGTA-1,CSF,-0.031618131743949375
MS,CSF_9,GGCAATTAGAAACGAG-1,CSF,-0.07157349201915446
MS,CSF_9,GGCGACTTCAATACCG-1,CSF,0.2288259542074675
MS,CSF_9,GGCGACTTCGTTACAG-1,CSF,-0.3861422250261476
MS,CSF_9,GGCGTGTTCACGACTA-1,CSF,0.09935539378947024
MS,CSF_9,GGCTCGAAGAGGGCTT-1,CSF,-0.9679659560075147
MS,CSF_9,GGCTCGATCGAATCCA-1,CSF,0.2680968936373067
MS,CSF_9,GGGAGATAGCAGCGTA-1,CSF,-0.19429236889370147
MS,CSF_9,GGGAGATTCCGGCACA-1,CSF,0.018823824448094446
MS,CSF_9,GGGATGAAGTCCCACG-1,CSF,0.24723955193549493
MS,CSF_9,GGGCATCCACGAAGCA-1,CSF,-0.16510481981757283
MS,CSF_9,GGGTCTGTCTCTTGAT-1,CSF,0.5130687391666126
MS,CSF_9,GGTATTGAGCTACCGC-1,CSF,-0.47207918759954237
MS,CSF_9,GGTATTGAGGACAGAA-1,CSF,0.08621383434046659
MS,CSF_9,GGTATTGTCTTCTGGC-1,CSF,-0.2517805570437346
MS,CSF_9,GGTGAAGAGTTAACGA-1,CSF,-0.220679419422088
MS,CSF_9,GGTGAAGCACGAAATA-1,CSF,0.6612159255956715
MS,CSF_9,GGTGCGTGTACTCAAC-1,CSF,0.5210609155808837
MS,CSF_9,GTAACGTAGAAGGGTA-1,CSF,-0.1581129776265356
MS,CSF_9,GTAACGTAGCAGGTCA-1,CSF,-0.3898253878981552
MS,CSF_9,GTAACGTAGGGCACTA-1,CSF,-0.5071868767300844
MS,CSF_9,GTAACGTCAGCTGGCT-1,CSF,0.4965064769395714
MS,CSF_9,GTAACTGAGGGCTTGA-1,CSF,0.2385201015502592
MS,CSF_9,GTACGTACATTATCTC-1,CSF,0.056707927898553785
MS,CSF_9,GTACGTATCATGTCTT-1,CSF,-0.06596412508975182
MS,CSF_9,GTACTCCTCTTAGAGC-1,CSF,0.4095962585834935
MS,CSF_9,GTACTTTAGAACAACT-1,CSF,-0.43859621259129244
MS,CSF_9,GTACTTTCACTTGGAT-1-1,CSF,0.33211816441560366
MS,CSF_9,GTACTTTTCTTGTTTG-1,CSF,-0.570199487302633
MS,CSF_9,GTAGGCCGTGTCCTCT-1,CSF,0.17473388640556228
MS,CSF_9,GTAGTCATCCTAAGTG-1,CSF,0.09752176862527291
MS,CSF_9,GTATCTTAGGTGTGGT-1,CSF,0.40814799278531205
MS,CSF_9,GTATCTTAGTGAACAT-1,CSF,-0.36247050342858056
MS,CSF_9,GTCACAAAGAGCTGGT-1,CSF,-0.07157349201915446
MS,CSF_9,GTCACAATCCAAACAC-1,CSF,-0.09899901818270582
MS,CSF_9,GTCACAATCCGAACGC-1,CSF,0.16470536767229957
MS,CSF_9,GTCACGGGTACCGAGA-1,CSF,0.1236411773043841
MS,CSF_9,GTCATTTGTCTCAACA-1,CSF,0.21306541249179536
MS,CSF_9,GTCCTCAAGCCACGTC-1,CSF,-0.1637756418808632
MS,CSF_9,GTCCTCACACGTCAGC-1,CSF,-0.199120924781399
MS,CSF_9,GTCGTAACAGGGTTAG-1,CSF,0.36138857368575195
MS,CSF_9,GTCGTAAGTTCCGTCT-1,CSF,0.12653027839670494
MS,CSF_9,GTCGTAAGTTCGAATC-1,CSF,0.016920020291864478
MS,CSF_9,GTCTCGTAGCTATGCT-1,CSF,0.23359602437597474
MS,CSF_9,GTCTCGTAGGACAGAA-1,CSF,-0.023130083791064397
MS,CSF_9,GTCTCGTTCCATTCTA-1,CSF,-0.6317101178253253
MS,CSF_9,GTCTTCGAGCTAGCCC-1,CSF,-0.325516284820405
MS,CSF_9,GTCTTCGAGTATCTCG-1,CSF,-0.07157349201915446
MS,CSF_9,GTGAAGGAGAGTTGGC-1,CSF,-0.07157349201915446
MS,CSF_9,GTGAAGGGTAGCACGA-1,CSF,-0.47256448559430264
MS,CSF_9,GTGCAGCAGGTGGGTT-1,CSF,0.39152937881873406
MS,CSF_9,GTGCGGTAGACACTAA-1,CSF,-0.0132279430461677
MS,CSF_9,GTGCGGTTCTCGATGA-1,CSF,-0.035310831450489376
MS,CSF_9,GTGCTTCTCAACACCA-1,CSF,-0.0222663423232951
MS,CSF_9,GTGTTAGGTCTGCGGT-1,CSF,-0.2923079404765558
MS,CSF_9,GTTAAGCAGGCAGTCA-1,CSF,0.02592903429752163
MS,CSF_9,GTTCATTGTAAGGGCT-1,CSF,0.16597311070454654
MS,CSF_9,GTTTCTATCCGGGTGT-1,CSF,-0.18244821047913068
MS,CSF_9,TAAACCGTCGGATGGA-1,CSF,0.6209729780102373
MS,CSF_9,TAAGTGCAGAGAGCTC-1,CSF,-0.07157349201915446
MS,CSF_9,TACACGACACACCGCA-1,CSF,0.33098577443787924
MS,CSF_9,TACACGAGTAGTAGTA-1,CSF,-0.28312612502973294
MS,CSF_9,TACAGTGTCACCACCT-1,CSF,0.3536752859888293
MS,CSF_9,TACCTATAGGCCATAG-1,CSF,0.1630711132238811
MS,CSF_9,TACCTTAAGTGTACCT-1,CSF,-0.3158929908147168
MS,CSF_9,TACCTTAGTTAGGGTG-1,CSF,-0.3151884110341921
MS,CSF_9,TACGGGCGTCAAAGCG-1,CSF,0.2601884034550538
MS,CSF_9,TACGGTACACATGGGA-1,CSF,-0.1886855628103566
MS,CSF_9,TACTCATTCTTCGGTC-1,CSF,-0.1744234936550574
MS,CSF_9,TACTTACTCCATGAAC-1,CSF,-0.07157349201915446
MS,CSF_9,TACTTGTAGTCCTCCT-1,CSF,-0.3632015266764702
MS,CSF_9,TAGAGCTTCGTCGTTC-1,CSF,-0.22153354938490155
MS,CSF_9,TAGCCGGCATCCGCGA-1,CSF,-0.07157349201915446
MS,CSF_9,TAGCCGGGTACCGTTA-1,CSF,-0.3273013399021922
MS,CSF_9,TAGGCATCATTAGGCT-1,CSF,-0.07157349201915446
MS,CSF_9,TATCAGGGTTTGGGCC-1,CSF,-0.19699573246262578
MS,CSF_9,TATCTCAGTCTTGATG-1,CSF,-0.722135120232685
MS,CSF_9,TCAATCTAGTACGTTC-1,CSF,0.38786758824771445
MS,CSF_9,TCAGATGGTGTGAAAT-1,CSF,0.17416856188266006
MS,CSF_9,TCAGCTCAGGCGTACA-1,CSF,0.03568354400388453
MS,CSF_9,TCAGGATAGAAAGTGG-1,CSF,0.18838546769792175
MS,CSF_9,TCAGGATCATTGGGCC-1,CSF,-1.0220767417362995
MS,CSF_9,TCAGGATTCGAATGGG-1,CSF,-0.07157349201915446
MS,CSF_9,TCAGGTAAGAGATGAG-1,CSF,0.13984476659079972
MS,CSF_9,TCAGGTACAATCTGCA-1,CSF,0.2123924632887235
MS,CSF_9,TCATTACAGTGTTTGC-1,CSF,0.16985161725236805
MS,CSF_9,TCATTTGAGACTTGAA-1-1,CSF,0.19997176196097863
MS,CSF_9,TCCCGATCAGATGGGT-1,CSF,-0.25957391674370806
MS,CSF_9,TCGAGGCAGCCCAATT-1,CSF,0.19949291552930098
MS,CSF_9,TCGCGAGAGATCCCGC-1,CSF,0.10210741848686168
MS,CSF_9,TCGCGTTAGTAGGCCA-1,CSF,0.12542129755973994
MS,CSF_9,TCGCGTTCAAGCGTAG-1,CSF,-0.06952223110196445
MS,CSF_9,TCGCGTTCAAGGCTCC-1,CSF,-0.005365103339815931
MS,CSF_9,TCGCGTTCATTTCAGG-1,CSF,-0.07378858449518896
MS,CSF_9,TCGGTAAAGCAACGGT-1,CSF,-0.585892589810091
MS,CSF_9,TCGTACCAGGGCTTCC-1,CSF,-0.054125223030955606
MS,CSF_9,TCGTACCGTTGTACAC-1,CSF,0.18052999659599683
MS,CSF_9,TCGTAGATCAACGGGA-1,CSF,-0.11237226450735038
MS,CSF_9,TCTATTGGTCTTCAAG-1,CSF,-0.23638335113393463
MS,CSF_9,TCTCATACAGCCTTGG-1,CSF,0.2472400709622368
MS,CSF_9,TCTCTAACACTAAGTC-1,CSF,0.25758731676445495
MS,CSF_9,TCTGAGAGTCAGAAGC-1,CSF,-0.41080015318229623
MS,CSF_9,TCTGAGATCGAGAACG-1,CSF,-0.16747109602322402
MS,CSF_9,TCTTCGGTCGACCAGC-1,CSF,-0.7178503365817679
MS,CSF_9,TCTTTCCTCTACTCAT-1,CSF,0.19592167368450125
MS,CSF_9,TGACAACAGTGGAGAA-1,CSF,-0.3877353907789286
MS,CSF_9,TGACAACCACCTGGTG-1,CSF,-0.023558878981565928
MS,CSF_9,TGACGGCAGCCATCGC-1,CSF,0.39841951347069127
MS,CSF_9,TGACGGCCAGCAGTTT-1,CSF,0.5283760010212266
MS,CSF_9,TGACTAGCATGCCCGA-1,CSF,0.026582539936273877
MS,CSF_9,TGAGCATAGAGTGAGA-1,CSF,0.2746952729664468
MS,CSF_9,TGAGCATCACGCCAGT-1,CSF,-0.16870777752911117
MS,CSF_9,TGAGCATGTGGTGTAG-1,CSF,-0.4095593360091713
MS,CSF_9,TGAGGGAAGGCTAGCA-1,CSF,0.3692955949641292
MS,CSF_9,TGAGGGACACCAGATT-1,CSF,-0.2046878108950387
MS,CSF_9,TGAGGGAGTAACGACG-1,CSF,0.004941807688815533
MS,CSF_9,TGCACCTAGGCGACAT-1,CSF,-0.19122982537256053
MS,CSF_9,TGCACCTGTGGTTTCA-1,CSF,-0.3465129667053987
MS,CSF_9,TGCACCTTCTTCATGT-1,CSF,-0.07157349201915446
MS,CSF_9,TGCCAAAGTTATCGGT-1,CSF,-0.03762251254225183
MS,CSF_9,TGCCCATCAATAGCAA-1,CSF,-0.07157349201915446
MS,CSF_9,TGCCCTACAAGTCTGT-1,CSF,0.46882329254426036
MS,CSF_9,TGCCCTATCGCGATCG-1,CSF,-0.0022251542067940333
MS,CSF_9,TGCGCAGAGGACCACA-1,CSF,0.3884223946494331
MS,CSF_9,TGCGCAGAGGGTCGAT-1-1,CSF,-0.27684322189978333
MS,CSF_9,TGCGTGGCAGACTCGC-1,CSF,-0.8807805006521637
MS,CSF_9,TGCGTGGGTGATGTCT-1,CSF,-0.5663837931726735
MS,CSF_9,TGCTACCAGCAATATG-1,CSF,0.06619769025732222
MS,CSF_9,TGCTACCTCCTGCTTG-1,CSF,-0.3204927399663138
MS,CSF_9,TGCTGCTAGACTGTAA-1,CSF,0.4795651739106441
MS,CSF_9,TGGACGCAGGTGCTAG-1,CSF,-0.17095293232654643
MS,CSF_9,TGGCCAGTCACATAGC-1,CSF,0.11165148087809744
MS,CSF_9,TGGCGCATCAGGCAAG-1,CSF,0.04457031504043463
MS,CSF_9,TGGCTGGAGAACAATC-1,CSF,-0.653922660711433
MS,CSF_9,TGGCTGGAGACGCAAC-1,CSF,0.2208522674705332
MS,CSF_9,TGGGAAGTCAGTACGT-1,CSF,-0.010533650555670238
MS,CSF_9,TGGGCGTAGTGACATA-1,CSF,-0.4203370920473085
MS,CSF_9,TGGTTAGCATTTCAGG-1,CSF,0.337902637980085
MS,CSF_9,TGGTTCCTCCATGAAC-1,CSF,0.24850158608605782
MS,CSF_9,TGTATTCAGTACGCGA-1,CSF,0.02704836594682659
MS,CSF_9,TGTCCCAAGTATCTCG-1,CSF,0.05705802724115778
MS,CSF_9,TGTGGTAAGACTACAA-1,CSF,-0.24351886306403506
MS,CSF_9,TGTTCCGGTATGAATG-1,CSF,0.3920609368893878
MS,CSF_9,TTAACTCAGAACTGTA-1,CSF,0.14582324492412682
MS,CSF_9,TTAACTCCAATGACCT-1,CSF,0.3298775591101544
MS,CSF_9,TTAGGACAGTGTTGAA-1,CSF,0.2179219211195915
MS,CSF_9,TTAGGACCACCAGGTC-1,CSF,-0.0008690476740906204
MS,CSF_9,TTAGGACCAGATCTGT-1,CSF,0.055781219465763296
MS,CSF_9,TTAGTTCCATTCGACA-1,CSF,-0.07408428200513419
MS,CSF_9,TTAGTTCGTACCCAAT-1,CSF,0.03179571299910802
MS,CSF_9,TTCGAAGAGGACTGGT-1,CSF,-0.10295698126906179
MS,CSF_9,TTCGAAGCATTCTCAT-1,CSF,-0.08440701635200161
MS,CSF_9,TTCGAAGTCACCCGAG-1,CSF,0.2928431678113129
MS,CSF_9,TTCGGTCGTATGAATG-1,CSF,0.1636908715033393
MS,CSF_9,TTCTACAGTCTTCAAG-1,CSF,-0.0607634672769377
MS,CSF_9,TTCTACATCAACGAAA-1,CSF,-0.2200381022796925
MS,CSF_9,TTCTTAGCACACGCTG-1,CSF,-0.3745340611061911
MS,CSF_9,TTGAACGCAAACAACA-1,CSF,-0.41039699926241496
MS,CSF_9,TTGAACGCAGGTGCCT-1,CSF,-0.4696838008907365
MS,CSF_9,TTGCCGTAGCGAAGGG-1,CSF,-0.07157349201915446
MS,CSF_9,TTGCCGTGTTGTCGCG-1,CSF,0.5943604470632177
MS,CSF_9,TTGCGTCCAGGATTGG-1,CSF,-0.07157349201915446
MS,CSF_9,TTGGCAAGTGCTAGCC-1,CSF,0.1338974277552181
MS,CSF_9,TTGTAGGGTAAAGTCA-1,CSF,0.17117524934651648
MS,CSF_9,TTTACTGAGTGTACCT-1,CSF,-0.048309137853819996
MS,CSF_9,TTTACTGGTTCCAACA-1,CSF,-0.5049563345925999
MS,CSF_9,TTTACTGTCGTACCGG-1,CSF,-0.4538169529188812
MS,CSF_9,TTTATGCAGGCCATAG-1,CSF,-0.10098556433625797
MS,CSF_9,TTTATGCAGTATCGAA-1,CSF,-0.07157349201915446
MS,CSF_9,TTTATGCGTAAACGCG-1,CSF,0.007838725018237172
MS,CSF_9,TTTGCGCGTCATCGGC-1,CSF,-0.4551980294541393
MS,CSF_9,TTTGGTTCAATAACGA-1,CSF,-0.07157349201915446
MS,CSF_9,TTTGTCAGTCGAGATG-1,CSF,-0.07157349201915446
MS,CSF_10,AAACGGGAGAAGATTC-1,CSF,-0.07157349201915446
MS,CSF_10,AAACGGGTCGTCCGTT-1,CSF,-0.07157349201915446
MS,CSF_10,AAAGATGAGTCCCACG-1,CSF,0.4532189373829265
MS,CSF_10,AAATGCCAGGAGTTTA-1,CSF,-0.37930297350970515
MS,CSF_10,AAATGCCCACGTCAGC-1,CSF,0.2725765818784221
MS,CSF_10,AACACGTGTGCTGTAT-1-1,CSF,-0.3245043857898247
MS,CSF_10,AACACGTTCAGCACAT-1,CSF,0.0938199824800839
MS,CSF_10,AACCGCGAGTGAAGTT-1,CSF,0.5503794985701933
MS,CSF_10,AACCGCGCACAGTCGC-1,CSF,-0.2183112225942394
MS,CSF_10,AACCGCGCACGAAATA-1,CSF,0.023532082983493345
MS,CSF_10,AACCGCGTCAGGCGAA-1,CSF,0.07010681728778669
MS,CSF_10,AACGTTGAGGTTCCTA-1,CSF,-0.32111103168446775
MS,CSF_10,AACGTTGGTCCTCCAT-1,CSF,-0.7634628867779097
MS,CSF_10,AACGTTGTCATACGGT-1,CSF,-0.19812781733594192
MS,CSF_10,AACTCAGGTCTAAACC-1,CSF,0.34677239247418257
MS,CSF_10,AACTCAGGTGGCAAAC-1,CSF,0.1245685802124834
MS,CSF_10,AACTCAGTCAGCAACT-1,CSF,-0.07157349201915446
MS,CSF_10,AACTCCCAGCCATCGC-1,CSF,-0.07157349201915446
MS,CSF_10,AACTCCCTCCCAAGAT-1,CSF,0.2222746121623907
MS,CSF_10,AACTCCCTCGAGCCCA-1,CSF,0.056755419796882874
MS,CSF_10,AACTCCCTCTGTCTAT-1,CSF,-0.2659051553402239
MS,CSF_10,AACTCTTAGATCCGAG-1,CSF,0.09735143079272002
MS,CSF_10,AACTCTTAGCTACCGC-1,CSF,-0.1784751483429794
MS,CSF_10,AACTCTTAGTAGTGCG-1,CSF,0.2893337909534051
MS,CSF_10,AACTCTTTCAGCGACC-1,CSF,-0.07157349201915446
MS,CSF_10,AACTTTCCACATCCGG-1,CSF,-0.2064711504593686
MS,CSF_10,AAGACCTTCTGCCCTA-1,CSF,-0.07157349201915446
MS,CSF_10,AAGCCGCAGCCGGTAA-1,CSF,-0.7982712837694909
MS,CSF_10,AAGCCGCCATAGGATA-1,CSF,-0.23711520154588178
MS,CSF_10,AAGGAGCGTGTGAAAT-1,CSF,-0.2689193919554342
MS,CSF_10,AAGGCAGAGTATGACA-1,CSF,-0.4338293624583446
MS,CSF_10,AAGGCAGTCCGAACGC-1,CSF,-0.07157349201915446
MS,CSF_10,AAGGTTCCAACAACCT-1,CSF,-0.09191982205369689
MS,CSF_10,AATCCAGTCATCACCC-1,CSF,-0.07980922047586479
MS,CSF_10,AATCGGTGTTACTGAC-1,CSF,-0.18164676661773888
MS,CSF_10,AATCGGTTCGGTCCGA-1,CSF,-0.24788861210805982
MS,CSF_10,ACACCCTCAAAGTCAA-1,CSF,0.19951988104245294
MS,CSF_10,ACACCCTGTGCGCTTG-1,CSF,-0.1924891640253361
MS,CSF_10,ACACCCTTCACCGTAA-1,CSF,-0.16894661258311156
MS,CSF_10,ACACTGATCTATCCTA-1,CSF,-0.2639291125474802
MS,CSF_10,ACAGCTAAGACATAAC-1,CSF,0.14270483974643175
MS,CSF_10,ACAGCTAGTACTTAGC-1,CSF,-0.02365325247811981
MS,CSF_10,ACAGCTATCCATGAAC-1,CSF,-0.031207895824141883
MS,CSF_10,ACATACGCAGACACTT-1,CSF,0.0681905180826925
MS,CSF_10,ACATACGTCACAACGT-1,CSF,0.4006040716594433
MS,CSF_10,ACATGGTAGACCTAGG-1,CSF,0.06220769420446516
MS,CSF_10,ACATGGTCACTGAAGG-1,CSF,-0.20771061511913821
MS,CSF_10,ACCAGTAGTCTCCACT-1,CSF,0.06979782881327029
MS,CSF_10,ACCCACTCATACTCTT-1,CSF,0.1959201232391981
MS,CSF_10,ACCCACTGTGTTCGAT-1,CSF,-0.01941006890238937
MS,CSF_10,ACCGTAAAGGCAGTCA-1,CSF,0.18573332829794
MS,CSF_10,ACCGTAAGTACACCGC-1,CSF,-0.07157349201915446
MS,CSF_10,ACCGTAAGTCGAGATG-1,CSF,-0.2698215909389442
MS,CSF_10,ACCTTTAAGCGGATCA-1,CSF,0.14540890518299415
MS,CSF_10,ACCTTTAGTAGCCTAT-1,CSF,0.2053641598270915
MS,CSF_10,ACGAGGATCTCGATGA-1,CSF,-0.09797985599886941
MS,CSF_10,ACGATACAGACTAGAT-1,CSF,0.32971807316471474
MS,CSF_10,ACGATACCATTTCACT-1,CSF,-0.3963321531630826
MS,CSF_10,ACGATACGTCAAACTC-1,CSF,0.273741200629343
MS,CSF_10,ACGATGTTCTTGACGA-1,CSF,-0.4850390068847225
MS,CSF_10,ACGGCCACACGAAAGC-1,CSF,-0.842017666265468
MS,CSF_10,ACGGCCACAGACGCAA-1,CSF,0.03938105951758107
MS,CSF_10,ACGGGCTCACCCATGG-1,CSF,-0.6612375144568822
MS,CSF_10,ACGGGCTGTTCCTCCA-1,CSF,-0.23733798097758269
MS,CSF_10,ACGGGCTTCCTAAGTG-1,CSF,-0.07157349201915446
MS,CSF_10,ACGGGTCAGCTGAAAT-1,CSF,-0.2654349991877154
MS,CSF_10,ACGGGTCGTGGTGTAG-1-1,CSF,0.5792157992222009
MS,CSF_10,ACGTCAATCACCCTCA-1,CSF,-0.24749568921401321
MS,CSF_10,ACGTCAATCCGCGGTA-1,CSF,-0.5067438907925351
MS,CSF_10,ACTATCTAGTACGTTC-1,CSF,-0.18331448571467684
MS,CSF_10,ACTATCTAGTCGATAA-1,CSF,0.10333146585084782
MS,CSF_10,ACTATCTCAACTGCGC-1,CSF,0.22722601002049858
MS,CSF_10,ACTATCTCAAGGACTG-1,CSF,-0.1944160379835981
MS,CSF_10,ACTATCTTCACGCATA-1,CSF,-0.41015713514924823
MS,CSF_10,ACTGAACCAAGCGTAG-1,CSF,0.059662911132344246
MS,CSF_10,ACTGAACTCTGATACG-1-1,CSF,-0.07157349201915446
MS,CSF_10,ACTGAGTCACAGACTT-1-1,CSF,0.20274944999378386
MS,CSF_10,ACTGAGTGTTATCGGT-1-1,CSF,-0.5523571597829963
MS,CSF_10,ACTGATGAGCCCAGCT-1,CSF,0.45697204253926793
MS,CSF_10,ACTGATGGTGCACTTA-1,CSF,0.04122935535047278
MS,CSF_10,ACTGCTCCAGTCACTA-1,CSF,-0.039911633371209475
MS,CSF_10,ACTGCTCTCTAACTTC-1,CSF,-0.13297637950689123
MS,CSF_10,ACTGTCCAGGTAGCTG-1,CSF,-0.5361695701754884
MS,CSF_10,ACTGTCCAGTGGCACA-1,CSF,0.5779852411645167
MS,CSF_10,ACTGTCCGTCCGACGT-1,CSF,-0.6126973484579221
MS,CSF_10,ACTGTCCTCATTATCC-1,CSF,-0.26064602450725977
MS,CSF_10,ACTTACTAGCAATCTC-1,CSF,-0.18653663211104848
MS,CSF_10,ACTTACTCACCACGTG-1,CSF,0.1717551240585422
MS,CSF_10,ACTTACTGTCAACTGT-1,CSF,-0.07157349201915446
MS,CSF_10,ACTTACTTCTGCAAGT-1,CSF,-0.45183746771871036
MS,CSF_10,ACTTGTTTCTATCGCC-1,CSF,-0.21396640326718114
MS,CSF_10,ACTTTCAAGCAGACTG-1,CSF,-0.31567992643693316
MS,CSF_10,AGACGTTGTTACGCGC-1,CSF,-0.07157349201915446
MS,CSF_10,AGACGTTTCGGACAAG-1,CSF,0.11852068451606654
MS,CSF_10,AGAGCGACACCCATGG-1,CSF,-0.07157349201915446
MS,CSF_10,AGAGCTTCACTTCGAA-1,CSF,0.17731648717319298
MS,CSF_10,AGAGTGGGTGCCTGCA-1,CSF,-0.441279326664144
MS,CSF_10,AGATCTGGTTGATTCG-1,CSF,-0.07157349201915446
MS,CSF_10,AGCATACAGATGTGGC-1,CSF,-0.07157349201915446
MS,CSF_10,AGCATACAGCTCCTCT-1,CSF,0.6162470971464187
MS,CSF_10,AGCCTAAAGCACGCCT-1,CSF,0.30620728498219457
MS,CSF_10,AGCCTAACATGTCCTC-1,CSF,0.7339483338976068
MS,CSF_10,AGCCTAAGTCCTCCAT-1,CSF,-0.47368205075709596
MS,CSF_10,AGCCTAATCCCATTAT-1,CSF,0.18535488735509303
MS,CSF_10,AGCCTAATCTAACTGG-1,CSF,-0.40850636548265096
MS,CSF_10,AGCGGTCTCGCGTTTC-1,CSF,-0.1963278558865525
MS,CSF_10,AGCGTATCATGCAACT-1,CSF,-0.17830499484326354
MS,CSF_10,AGCGTCGAGGCGTACA-1,CSF,0.08856810739817893
MS,CSF_10,AGCTCCTTCCCGGATG-1,CSF,0.07143471669482693
MS,CSF_10,AGCTCCTTCTGTCCGT-1,CSF,0.34817040088768686
MS,CSF_10,AGCTCTCTCGAACGGA-1,CSF,-0.2705274270540706
MS,CSF_10,AGCTTGACATGCCCGA-1,CSF,-0.07157349201915446
MS,CSF_10,AGGCCGTAGAAGCCCA-1,CSF,0.11336628054845013
MS,CSF_10,AGGCCGTCAATCTGCA-1,CSF,0.5001315528750817
MS,CSF_10,AGGCCGTCACGAAACG-1,CSF,-0.07157349201915446
MS,CSF_10,AGGCCGTCAGGCGATA-1,CSF,-0.17873827023090133
MS,CSF_10,AGGCCGTCATTGTGCA-1,CSF,0.2293476477812457
MS,CSF_10,AGGGAGTGTACAGCAG-1,CSF,0.5523333909185405
MS,CSF_10,AGGGATGAGAGGTTGC-1,CSF,-0.4853052251881863
MS,CSF_10,AGGGATGCAGCTATTG-1,CSF,0.13850364620960703
MS,CSF_10,AGGGATGGTTATCACG-1,CSF,-0.14328602941821564
MS,CSF_10,AGGGTGAAGTTAAGTG-1,CSF,-0.3483589629057394
MS,CSF_10,AGGTCCGAGACTTTCG-1,CSF,-0.10309101627127212
MS,CSF_10,AGGTCCGGTTATCCGA-1,CSF,0.30253601899172994
MS,CSF_10,AGTAGTCTCTGGTTCC-1,CSF,-0.07157349201915446
MS,CSF_10,AGTCTTTAGGATTCGG-1,CSF,0.3012613061891996
MS,CSF_10,AGTCTTTCAATCACAC-1,CSF,-0.2810857686799276
MS,CSF_10,AGTGAGGCATACGCTA-1,CSF,0.50323559573656
MS,CSF_10,AGTGAGGCATCGATTG-1,CSF,0.11750794117740701
MS,CSF_10,AGTGAGGGTCATATCG-1,CSF,-0.07157349201915446
MS,CSF_10,AGTGTCAAGGAGCGTT-1,CSF,-0.07157349201915446
MS,CSF_10,AGTGTCACAAGACGTG-1,CSF,0.24458241953741236
MS,CSF_10,AGTGTCAGTGATGTGG-1,CSF,-0.2748667345493258
MS,CSF_10,AGTTGGTAGTACATGA-1,CSF,-0.4909662266757428
MS,CSF_10,AGTTGGTTCGCCCTTA-1,CSF,0.10863876121682443
MS,CSF_10,ATAACGCGTTCGGGCT-1,CSF,-0.25728104112794725
MS,CSF_10,ATAACGCTCACCCGAG-1,CSF,-0.18516828751426834
MS,CSF_10,ATAACGCTCGCACTCT-1,CSF,-0.21845243807728096
MS,CSF_10,ATAACGCTCGCCCTTA-1,CSF,-0.1266588564646323
MS,CSF_10,ATAAGAGCAGGGATTG-1,CSF,-0.07157349201915446
MS,CSF_10,ATAAGAGGTATCGCAT-1,CSF,0.14526933497867142
MS,CSF_10,ATAAGAGTCCAGAAGG-1,CSF,0.33421470757638316
MS,CSF_10,ATAGACCCACTACAGT-1,CSF,0.20729445022852852
MS,CSF_10,ATAGACCTCTTTAGGG-1,CSF,-0.17345521860655283
MS,CSF_10,ATCACGAAGCTGTCTA-1,CSF,-0.1901968595300192
MS,CSF_10,ATCACGAAGGGAACGG-1,CSF,0.5629163338423387
MS,CSF_10,ATCATCTGTACATCCA-1,CSF,-0.23497239364239877
MS,CSF_10,ATCATGGCACTATCTT-1,CSF,-0.4138360628742101
MS,CSF_10,ATCATGGTCAACCATG-1,CSF,-0.07157349201915446
MS,CSF_10,ATCATGGTCCTAGAAC-1,CSF,0.05731946257773576
MS,CSF_10,ATCCGAAAGTTTGCGT-1,CSF,-0.17623015227239858
MS,CSF_10,ATCCGAAGTGCAACTT-1,CSF,-0.07157349201915446
MS,CSF_10,ATCCGAATCTTCGAGA-1,CSF,-0.21361971533254867
MS,CSF_10,ATCGAGTAGCTAACAA-1,CSF,-0.17548916512293328
MS,CSF_10,ATCTACTGTCGAGTTT-1,CSF,-0.07157349201915446
MS,CSF_10,ATCTACTTCCCTGACT-1,CSF,-0.389687426252591
MS,CSF_10,ATCTGCCGTCTAGCCG-1,CSF,-0.5384699716497938
MS,CSF_10,ATCTGCCTCAATCACG-1,CSF,-0.22675649982202759
MS,CSF_10,ATCTGCCTCCTAGGGC-1,CSF,0.029120041178819785
MS,CSF_10,ATGCGATAGAGTACCG-1,CSF,0.08510696888933662
MS,CSF_10,ATGCGATGTCGGCACT-1,CSF,-0.014733532936073934
MS,CSF_10,ATGGGAGAGGCATTGG-1,CSF,-0.20109117021631695
MS,CSF_10,ATGTGTGAGCCAGTTT-1,CSF,0.21525010111507767
MS,CSF_10,ATGTGTGTCTTGAGGT-1,CSF,-0.07157349201915446
MS,CSF_10,ATTACTCGTCTAGGTT-1,CSF,0.005998585026174326
MS,CSF_10,ATTATCCTCGTAGGTT-1,CSF,-0.5198530978412702
MS,CSF_10,ATTATCCTCTGTCTAT-1,CSF,-0.6883638597389232
MS,CSF_10,ATTTCTGAGATGTAAC-1,CSF,0.2865444677100227
MS,CSF_10,CAACCTCCAGACACTT-1,CSF,-0.19394874821370234
MS,CSF_10,CAACTAGCATGTCTCC-1,CSF,-0.07157349201915446
MS,CSF_10,CAAGATCTCAACACGT-1,CSF,-0.2327338392645298
MS,CSF_10,CAAGATCTCTATGTGG-1,CSF,-0.07157349201915446
MS,CSF_10,CAAGATCTCTTGCATT-1,CSF,0.11435246785769485
MS,CSF_10,CAAGGCCGTACCTACA-1,CSF,0.17042355573832
MS,CSF_10,CAAGTTGGTGCACCAC-1,CSF,-0.197468281814509
MS,CSF_10,CAAGTTGTCTCCCTGA-1,CSF,-0.2992921128505647
MS,CSF_10,CACACAACACCAACCG-1,CSF,-0.37941231572280215
MS,CSF_10,CACACAACAGCATGAG-1,CSF,-0.3661902714027044
MS,CSF_10,CACACAAGTCTAGTCA-1,CSF,0.07159889033906487
MS,CSF_10,CACACAAGTTGCCTCT-1,CSF,1.0319718124114536
MS,CSF_10,CACAGGCAGGACAGCT-1,CSF,-0.21341496424023548
MS,CSF_10,CACAGTACAGCCTTGG-1,CSF,-0.07157349201915446
MS,CSF_10,CACATAGTCTATCCCG-1,CSF,-0.19255088381472696
MS,CSF_10,CACATTTCAACTGGCC-1,CSF,-0.28751002688174154
MS,CSF_10,CACATTTTCAACGGGA-1,CSF,-0.7021095861168324
MS,CSF_10,CACCACTGTAAGTGTA-1,CSF,0.2701624792470023
MS,CSF_10,CACCAGGCACACTGCG-1,CSF,0.1131350799246
MS,CSF_10,CACCAGGGTAAAGGAG-1,CSF,0.1444702868692298
MS,CSF_10,CACCAGGGTTGCGCAC-1,CSF,-0.07157349201915446
MS,CSF_10,CACTCCAAGATGAGAG-1,CSF,0.44013307673025864
MS,CSF_10,CACTCCAGTTTAGGAA-1,CSF,0.09391946194361368
MS,CSF_10,CACTCCATCAAACCAC-1,CSF,0.0812658737355838
MS,CSF_10,CAGAGAGAGACCTTTG-1,CSF,0.360954310101195
MS,CSF_10,CAGAGAGAGTCAAGGC-1,CSF,0.41064813182584053
MS,CSF_10,CAGAGAGTCCGAAGAG-1,CSF,-0.05470034917676484
MS,CSF_10,CAGATCAAGCTCAACT-1,CSF,-0.5634181174158888
MS,CSF_10,CAGATCAGTCCGAAGA-1,CSF,-0.07157349201915446
MS,CSF_10,CAGATCAGTCTTCGTC-1,CSF,-0.261396724257342
MS,CSF_10,CAGCAGCAGGAGTCTG-1,CSF,-0.2561015296804124
MS,CSF_10,CAGCAGCAGTAACCCT-1,CSF,-0.07157349201915446
MS,CSF_10,CAGCAGCAGTGTCCAT-1,CSF,-0.25219289517861665
MS,CSF_10,CAGCAGCCACCAGGTC-1,CSF,-0.32892819402033024
MS,CSF_10,CAGCAGCCATAGTAAG-1,CSF,-0.12865073579069727
MS,CSF_10,CAGCATAAGCGCCTCA-1,CSF,-0.052749884764355194
MS,CSF_10,CAGCATAAGTTGAGTA-1,CSF,-0.4054622032144793
MS,CSF_10,CAGCATAGTTATCCGA-1,CSF,-0.6543020821959266
MS,CSF_10,CAGCATATCATGTCCC-1,CSF,0.1566011372805851
MS,CSF_10,CAGCCGAAGCTGAACG-1,CSF,-0.4890073511012613
MS,CSF_10,CAGCCGAGTGTCAATC-1,CSF,-0.26481278260870483
MS,CSF_10,CAGCCGATCACAATGC-1,CSF,-0.17771984186778408
MS,CSF_10,CAGCGACGTCTGCAAT-1,CSF,0.13440833183836026
MS,CSF_10,CAGCGACGTGTCTGAT-1,CSF,-0.07440734940474135
MS,CSF_10,CAGCTAAAGTTGAGTA-1,CSF,0.0713900644760529
MS,CSF_10,CAGCTGGCATTTCAGG-1,CSF,0.43621839850105554
MS,CSF_10,CAGCTGGCATTTGCCC-1,CSF,-0.5776730978984421
MS,CSF_10,CAGCTGGTCGTCACGG-1,CSF,-0.13090314119430882
MS,CSF_10,CAGGTGCGTAAGAGGA-1,CSF,-0.19240698807546744
MS,CSF_10,CAGGTGCTCTGTCCGT-1,CSF,-0.07157349201915446
MS,CSF_10,CAGTAACGTAAGAGGA-1,CSF,-0.20113954030333506
MS,CSF_10,CAGTCCTAGGGAACGG-1,CSF,-0.07157349201915446
MS,CSF_10,CAGTCCTGTGTCGCTG-1,CSF,-0.1844237355707765
MS,CSF_10,CATATGGTCCGCGGTA-1,CSF,0.2252660298777359
MS,CSF_10,CATATTCCACCTCGGA-1,CSF,-0.18113612544592755
MS,CSF_10,CATATTCGTGTCGCTG-1,CSF,-0.21913390763408197
MS,CSF_10,CATCAAGTCACGCGGT-1-1,CSF,0.13871271359646328
MS,CSF_10,CATCAGAAGTGAACAT-1,CSF,0.16069395046110163
MS,CSF_10,CATCAGAGTCCAACTA-1,CSF,-0.3269247628633819
MS,CSF_10,CATCCACGTATTCGTG-1,CSF,-0.41655280706867953
MS,CSF_10,CATCCACGTTGTCGCG-1,CSF,0.40138314541624664
MS,CSF_10,CATCGAAAGTTCGCGC-1,CSF,-0.31589218266716024
MS,CSF_10,CATCGAACACTTAAGC-1,CSF,-0.07157349201915446
MS,CSF_10,CATGACATCATATCGG-1,CSF,-0.07157349201915446
MS,CSF_10,CATGACATCGCGTTTC-1,CSF,-0.034525328048745606
MS,CSF_10,CATGCCTAGATCGATA-1,CSF,-0.0056903677404099295
MS,CSF_10,CATGCCTTCTGAGGGA-1,CSF,0.06550678529231276
MS,CSF_10,CATGGCGCAATCCAAC-1,CSF,0.3890766501089356
MS,CSF_10,CATTATCGTCGCATAT-1,CSF,0.2396430946840951
MS,CSF_10,CATTCGCGTTTCCACC-1,CSF,-0.28061142263877764
MS,CSF_10,CCAATCCGTCCGAAGA-1,CSF,-0.22018145281231774
MS,CSF_10,CCAATCCGTTACGGAG-1-1,CSF,-0.07157349201915446
MS,CSF_10,CCAATCCTCACCCGAG-1,CSF,0.16159684599579752
MS,CSF_10,CCACCTAGTCTCATCC-1,CSF,-0.19475851305499411
MS,CSF_10,CCACCTATCTAGCACA-1,CSF,-0.19409698009689041
MS,CSF_10,CCAGCGAGTCTTGATG-1,CSF,-0.2459277527793997
MS,CSF_10,CCATGTCGTACTTAGC-1,CSF,0.05860012477851921
MS,CSF_10,CCATTCGGTGTAACGG-1,CSF,-0.2799067051004351
MS,CSF_10,CCCAATCTCCGTTGTC-1,CSF,0.021344787201972797
MS,CSF_10,CCCAATCTCTACGAGT-1,CSF,0.08168214584769136
MS,CSF_10,CCCTCCTAGAACAACT-1,CSF,-0.34194993603990165
MS,CSF_10,CCGGGATAGCTATGCT-1,CSF,-0.07157349201915446
MS,CSF_10,CCGGGATGTACTCTCC-1,CSF,-0.38460266043864155
MS,CSF_10,CCGGGATGTCCTGCTT-1,CSF,-0.07157349201915446
MS,CSF_10,CCGGTAGAGGTGTGGT-1,CSF,-0.6833885455922176
MS,CSF_10,CCGGTAGGTGACAAAT-1,CSF,-0.3025067425494558
MS,CSF_10,CCGGTAGTCTTGTTTG-1,CSF,-0.07157349201915446
MS,CSF_10,CCTAAAGAGATAGCAT-1,CSF,-0.17432571957495532
MS,CSF_10,CCTAAAGCAGGATTGG-1,CSF,-0.9646877989190958
MS,CSF_10,CCTAAAGCATCACAAC-1,CSF,-0.07157349201915446
MS,CSF_10,CCTAAAGTCAACGAAA-1,CSF,0.4287863942716527
MS,CSF_10,CCTAAAGTCAGTCAGT-1,CSF,0.29700884440295877
MS,CSF_10,CCTACACAGACAGAGA-1,CSF,-0.3101959697806818
MS,CSF_10,CCTACACAGGGAGTAA-1,CSF,-0.18807833202506213
MS,CSF_10,CCTACACAGTGGAGAA-1,CSF,-0.18622663796963596
MS,CSF_10,CCTACCAGTGCCTGCA-1,CSF,-0.07157349201915446
MS,CSF_10,CCTACCATCAGCAACT-1,CSF,0.17702027161857822
MS,CSF_10,CCTACCATCGCAGGCT-1,CSF,0.3323305571014613
MS,CSF_10,CCTACCATCGGAATCT-1,CSF,-0.49313130307156694
MS,CSF_10,CCTAGCTGTCAGAAGC-1,CSF,-0.33739141001862577
MS,CSF_10,CCTATTAGTGCGGTAA-1,CSF,0.03704226106259748
MS,CSF_10,CCTCAGTGTGGTGTAG-1,CSF,0.32855364902532264
MS,CSF_10,CCTCTGAGTCTACCTC-1,CSF,-0.23769606415964756
MS,CSF_10,CCTTACGGTGACTACT-1,CSF,-0.09717564666037512
MS,CSF_10,CCTTCGACAAGCGAGT-1,CSF,-0.12876001832782044
MS,CSF_10,CCTTCGACAGCTTAAC-1,CSF,-0.18495243397158667
MS,CSF_10,CCTTTCTTCTGGGCCA-1,CSF,-0.07157349201915446
MS,CSF_10,CGAACATCAGCGTTCG-1,CSF,-0.007029901856050093
MS,CSF_10,CGAACATTCTAACTCT-1,CSF,-0.5606184227837091
MS,CSF_10,CGAATGTCATCCCATC-1,CSF,-0.18664651120268308
MS,CSF_10,CGACCTTAGTAACCCT-1,CSF,-0.30434847824083555
MS,CSF_10,CGACCTTTCTTGCCGT-1,CSF,0.09665686849104957
MS,CSF_10,CGACTTCAGCGGATCA-1,CSF,-0.07157349201915446
MS,CSF_10,CGACTTCCAGCTTAAC-1,CSF,0.5849968191663688
MS,CSF_10,CGAGCACCAACTGGCC-1,CSF,-0.3640011508993198
MS,CSF_10,CGAGCACGTTCCGGCA-1,CSF,-0.16652560892702556
MS,CSF_10,CGAGCCACAGTATGCT-1,CSF,-0.19958916810146418
MS,CSF_10,CGATGTATCACTCCTG-1,CSF,0.18824033892145686
MS,CSF_10,CGATTGAGTCTGGAGA-1,CSF,0.3337167846237053
MS,CSF_10,CGATTGATCTTAGCCC-1,CSF,-0.42159377051506564
MS,CSF_10,CGCCAAGAGTGCAAGC-1,CSF,-0.07157349201915446
MS,CSF_10,CGCCAAGAGTGTGGCA-1,CSF,0.2657283238992338
MS,CSF_10,CGCCAAGGTGGCTCCA-1,CSF,-0.07157349201915446
MS,CSF_10,CGCGGTAAGGACAGAA-1,CSF,0.34469656133393745
MS,CSF_10,CGCGTTTAGTGACATA-1,CSF,-0.4823885144180661
MS,CSF_10,CGCGTTTCATCACCCT-1,CSF,0.21573173011985092
MS,CSF_10,CGCTATCGTATGAAAC-1,CSF,-0.07157349201915446
MS,CSF_10,CGCTGGAAGTCGATAA-1,CSF,-0.0263677194428619
MS,CSF_10,CGCTGGACACCACGTG-1,CSF,-0.07157349201915446
MS,CSF_10,CGCTTCAGTTGTACAC-1,CSF,0.5181652803093272
MS,CSF_10,CGGACACAGTCCAGGA-1,CSF,0.02704567721918221
MS,CSF_10,CGGACACCATGGATGG-1,CSF,0.20089135422961693
MS,CSF_10,CGGACGTCAAATCCGT-1,CSF,-0.18305809113015922
MS,CSF_10,CGGACGTCACCAGTTA-1,CSF,-0.07157349201915446
MS,CSF_10,CGGACTGAGTTGCAGG-1,CSF,0.03255067753463958
MS,CSF_10,CGGAGCTAGTATGACA-1,CSF,0.03658455001947144
MS,CSF_10,CGGAGCTGTGCAGTAG-1,CSF,0.13604046970401765
MS,CSF_10,CGGAGCTTCAGAGGTG-1,CSF,0.09808977685867368
MS,CSF_10,CGGAGCTTCCGGCACA-1,CSF,0.5098099251532576
MS,CSF_10,CGGCTAGCAATGCCAT-1,CSF,0.07070121910650086
MS,CSF_10,CGGCTAGTCTGGTTCC-1,CSF,-0.1860089775967396
MS,CSF_10,CGGGTCAAGTCAAGCG-1,CSF,-0.3895322912166548
MS,CSF_10,CGGGTCACAAACTGCT-1,CSF,-0.19865673655889662
MS,CSF_10,CGGGTCAGTGTTGAGG-1,CSF,0.1839873911474905
MS,CSF_10,CGTAGCGCAACACGCC-1,CSF,-0.35698552025047736
MS,CSF_10,CGTAGCGGTTCACGGC-1,CSF,0.20422879313766198
MS,CSF_10,CGTAGGCCATCCCATC-1,CSF,0.24145573025889724
MS,CSF_10,CGTAGGCCATTCACTT-1,CSF,0.14149927096376022
MS,CSF_10,CGTAGGCTCGACCAGC-1,CSF,0.018499914122746337
MS,CSF_10,CGTAGGCTCGGAGCAA-1,CSF,0.4338917087517106
MS,CSF_10,CGTCAGGGTCAAAGCG-1,CSF,-0.08150696526958374
MS,CSF_10,CGTCTACAGGCTATCT-1,CSF,0.0664258820084275
MS,CSF_10,CGTCTACCATGTAAGA-1,CSF,-0.07157349201915446
MS,CSF_10,CGTGAGCGTACATCCA-1,CSF,-0.07157349201915446
MS,CSF_10,CGTGAGCTCTGGAGCC-1,CSF,-0.35952551095593865
MS,CSF_10,CGTGTAAGTAAGTGTA-1,CSF,0.4118781826871154
MS,CSF_10,CGTGTAATCCTCGCAT-1,CSF,-0.2304125167319501
MS,CSF_10,CGTGTCTGTGACAAAT-1,CSF,0.36649658762223897
MS,CSF_10,CGTTAGAAGTTATCGC-1,CSF,0.28386857478877486
MS,CSF_10,CGTTAGACACAACGTT-1,CSF,-0.07157349201915446
MS,CSF_10,CTAACTTAGTCGATAA-1,CSF,-0.2823542714517004
MS,CSF_10,CTAAGACGTACCCAAT-1,CSF,-0.9439296025742617
MS,CSF_10,CTAATGGGTGAAGGCT-1,CSF,0.1572799106976644
MS,CSF_10,CTACACCAGATAGTCA-1,CSF,-0.7127428749548486
MS,CSF_10,CTACACCCAAAGGCGT-1,CSF,0.26329169903783317
MS,CSF_10,CTACACCTCCCTCTTT-1,CSF,0.17855396599893725
MS,CSF_10,CTACATTCATACTACG-1,CSF,0.25954098147913957
MS,CSF_10,CTACGTCCAGATGGGT-1,CSF,0.1304925824364644
MS,CSF_10,CTACGTCGTCCATGAT-1,CSF,-0.292494504626604
MS,CSF_10,CTACGTCTCTCGGACG-1,CSF,-0.07157349201915446
MS,CSF_10,CTACGTCTCTGTTTGT-1,CSF,0.14881609716698277
MS,CSF_10,CTAGAGTGTGCAACGA-1,CSF,0.07812854593160226
MS,CSF_10,CTAGAGTTCCGCAGTG-1,CSF,-0.3722349877888115
MS,CSF_10,CTAGCCTAGTGAACGC-1,CSF,0.23905991612286617
MS,CSF_10,CTAGTGAGTAGTAGTA-1,CSF,0.5137357776025032
MS,CSF_10,CTAGTGATCGTCGTTC-1,CSF,-0.21471775344612926
MS,CSF_10,CTCACACAGTACGCCC-1,CSF,-0.230652821412029
MS,CSF_10,CTCACACCAGTTCATG-1,CSF,0.3375224424088082
MS,CSF_10,CTCACACGTAATCACC-1,CSF,-0.01979894449863495
MS,CSF_10,CTCAGAAGTTGGGACA-1,CSF,-0.03139908705984803
MS,CSF_10,CTCAGAATCGTTGACA-1,CSF,0.619190226999257
MS,CSF_10,CTCATTATCTGTCCGT-1,CSF,-0.4758601745777116
MS,CSF_10,CTCCTAGCAGCCACCA-1,CSF,0.28745570331649084
MS,CSF_10,CTCCTAGGTTCGGGCT-1,CSF,-0.260693225054411
MS,CSF_10,CTCGAAACAAGTTAAG-1,CSF,-0.07157349201915446
MS,CSF_10,CTCGAAAGTCGCTTTC-1,CSF,-0.1820959489717847
MS,CSF_10,CTCGAGGGTGGCCCTA-1,CSF,-0.4024975318458356
MS,CSF_10,CTCGGAGAGCCCAACC-1,CSF,-0.07157349201915446
MS,CSF_10,CTCGGAGCATCGTCGG-1,CSF,-0.492306992625947
MS,CSF_10,CTCGGAGGTACAAGTA-1,CSF,0.14985485092112857
MS,CSF_10,CTCGGAGGTAGAGTGC-1,CSF,-0.5574736043558284
MS,CSF_10,CTCGGAGGTGGTTTCA-1,CSF,0.12327675645797088
MS,CSF_10,CTCGGGAAGGATGCGT-1,CSF,-0.44147085871107006
MS,CSF_10,CTCGGGAAGGCAGTCA-1,CSF,-0.20834074114587037
MS,CSF_10,CTCGGGACATGGGAAC-1,CSF,0.003847235382483557
MS,CSF_10,CTCGTACCACTGTGTA-1,CSF,-0.43848172271645386
MS,CSF_10,CTCGTCATCAGTCCCT-1,CSF,-0.6883183513079878
MS,CSF_10,CTCTAATAGCGTCTAT-1,CSF,-0.18319466962653924
MS,CSF_10,CTCTAATAGTACGTTC-1,CSF,-0.14844566447556193
MS,CSF_10,CTCTAATAGTCCAGGA-1,CSF,-0.07157349201915446
MS,CSF_10,CTCTAATGTTGGACCC-1,CSF,-0.07157349201915446
MS,CSF_10,CTCTAATTCAGCGATT-1,CSF,-0.6595289971051858
MS,CSF_10,CTCTAATTCATTGCGA-1,CSF,-0.07219782068537918
MS,CSF_10,CTCTAATTCTATGTGG-1,CSF,0.03216775205868513
MS,CSF_10,CTCTGGTTCGGATGGA-1,CSF,-0.22066606621310633
MS,CSF_10,CTGAAACAGCGTGAAC-1,CSF,-0.4580615845532718
MS,CSF_10,CTGAAACCAAGTTCTG-1,CSF,-0.04406447917427422
MS,CSF_10,CTGAAGTCACCAGGTC-1,CSF,-0.244985041804626
MS,CSF_10,CTGATCCGTGCTTCTC-1,CSF,0.06314101992947858
MS,CSF_10,CTGCGGACAGTGGGAT-1,CSF,0.34699437537029115
MS,CSF_10,CTGGTCTCACGAAATA-1,CSF,0.28652679753049176
MS,CSF_10,CTGGTCTTCTAACTTC-1,CSF,0.29987097601077917
MS,CSF_10,CTGTGCTTCCCGACTT-1,CSF,-0.3199339646772342
MS,CSF_10,CTTAGGATCGCCAGCA-1,CSF,0.6606716779628331
MS,CSF_10,CTTGGCTCAAGCCGCT-1,CSF,0.2929730367589131
MS,CSF_10,CTTGGCTGTAAGTGTA-1,CSF,-0.23671614581863992
MS,CSF_10,CTTGGCTGTCAGAAGC-1,CSF,-0.2473131295247239
MS,CSF_10,CTTGGCTGTCGGCATC-1,CSF,0.02537800741606214
MS,CSF_10,CTTGGCTGTTACGTCA-1,CSF,0.4076885489561975
MS,CSF_10,CTTGGCTTCCATGAGT-1,CSF,0.12742691376727075
MS,CSF_10,CTTTGCGCACCCTATC-1,CSF,0.17564907433415172
MS,CSF_10,GAAACTCAGTGTTGAA-1,CSF,0.12070139923410338
MS,CSF_10,GAAATGATCAGATAAG-1,CSF,-0.17033883598003174
MS,CSF_10,GAACATCAGCGCCTTG-1,CSF,-0.03150939099148934
MS,CSF_10,GAACATCCACTTGGAT-1,CSF,-0.17741784187769086
MS,CSF_10,GAACGGAAGGTAAACT-1,CSF,0.1952332491930085
MS,CSF_10,GAACGGAGTACCGAGA-1,CSF,-0.17572572948730766
MS,CSF_10,GAACGGAGTCAACTGT-1,CSF,-0.18779619158596864
MS,CSF_10,GAAGCAGAGGTAAACT-1,CSF,-0.053488911600357576
MS,CSF_10,GAAGCAGCATACTCTT-1,CSF,-0.07157349201915446
MS,CSF_10,GAAGCAGCATATGAGA-1,CSF,0.12056692528818579
MS,CSF_10,GAAGCAGGTCAAACTC-1,CSF,-0.061536146724499856
MS,CSF_10,GAATAAGGTATAGGGC-1,CSF,0.15152530418764593
MS,CSF_10,GAATGAACAATACGCT-1,CSF,0.07389806329320917
MS,CSF_10,GAATGAATCAAGGTAA-1,CSF,-0.320610925073343
MS,CSF_10,GACACGCAGAGGTACC-1,CSF,-0.07157349201915446
MS,CSF_10,GACACGCAGGTGTTAA-1,CSF,0.047787065091054605
MS,CSF_10,GACACGCGTTGAGTTC-1,CSF,-0.07157349201915446
MS,CSF_10,GACAGAGGTCCCTACT-1,CSF,-0.2884599420011134
MS,CSF_10,GACCAATAGTAGGCCA-1,CSF,-0.02800255513967252
MS,CSF_10,GACCAATGTTGTGGCC-1,CSF,-0.2126905760474083
MS,CSF_10,GACCAATTCAATCACG-1,CSF,0.7925834215406493
MS,CSF_10,GACCTGGAGGAGCGAG-1,CSF,-0.03848563389645739
MS,CSF_10,GACGCGTCAAATACAG-1,CSF,-0.2553330686175143
MS,CSF_10,GACGCGTCACCGATAT-1,CSF,-0.27706247755697877
MS,CSF_10,GACGGCTCAGACGCAA-1,CSF,-0.3414149952039504
MS,CSF_10,GACGGCTCAGAGTGTG-1,CSF,-0.07157349201915446
MS,CSF_10,GACGGCTCATTCTTAC-1,CSF,0.42383246027601035
MS,CSF_10,GACGTTATCTGATTCT-1,CSF,0.42458964218842005
MS,CSF_10,GACTAACGTTCTGTTT-1,CSF,-0.1438951247192572
MS,CSF_10,GACTACAAGATACACA-1,CSF,-0.33520288947240345
MS,CSF_10,GACTACAGTCAGCTAT-1,CSF,0.09792348685992547
MS,CSF_10,GACTGCGCACGACTCG-1,CSF,0.19188174314592374
MS,CSF_10,GACTGCGGTCTCGTTC-1,CSF,-0.252081960107149
MS,CSF_10,GAGCAGAAGACGACGT-1,CSF,-0.5719177588551011
MS,CSF_10,GAGCAGAGTCAAACTC-1,CSF,-0.3941896117261833
MS,CSF_10,GAGCAGATCAGTTGAC-1,CSF,0.1557655327855583
MS,CSF_10,GAGCAGATCATTGCCC-1,CSF,0.2914611087647701
MS,CSF_10,GAGGTGAAGTCAATAG-1,CSF,-0.07157349201915446
MS,CSF_10,GAGGTGACACGAAGCA-1,CSF,0.24490704585125483
MS,CSF_10,GAGTCCGAGCATGGCA-1,CSF,0.24499578608250414
MS,CSF_10,GAGTCCGAGGGTCGAT-1,CSF,-0.18749696754278608
MS,CSF_10,GAGTCCGCATGACATC-1,CSF,-0.17028696285081207
MS,CSF_10,GAGTCCGGTCGGCACT-1,CSF,0.2364022657903555
MS,CSF_10,GATCAGTCAAACCCAT-1,CSF,0.4021984827932399
MS,CSF_10,GATCGATAGATGTTAG-1,CSF,0.1126781720535553
MS,CSF_10,GATCGATTCACAATGC-1,CSF,-0.44090726045874157
MS,CSF_10,GATCGATTCGGATGTT-1,CSF,0.015462475099571493
MS,CSF_10,GATCGCGCACGCTTTC-1,CSF,-0.07157349201915446
MS,CSF_10,GATCGCGCATGCGCAC-1,CSF,-0.18968809534643621
MS,CSF_10,GATCTAGCATCTGGTA-1,CSF,-0.03315043139545617
MS,CSF_10,GATCTAGCATTCCTGC-1,CSF,-0.5862387789985289
MS,CSF_10,GATCTAGGTACCATCA-1,CSF,0.07277642491550175
MS,CSF_10,GATGCTACAGGTCTCG-1,CSF,-0.24753231000688247
MS,CSF_10,GATTCAGAGAGCTGGT-1,CSF,-0.07157349201915446
MS,CSF_10,GATTCAGCAGCCAATT-1,CSF,-0.18841900036982132
MS,CSF_10,GCAAACTAGGTGCTAG-1,CSF,0.036826240489352076
MS,CSF_10,GCAAACTCATGGATGG-1,CSF,-0.2034878633617663
MS,CSF_10,GCAATCAAGGTTCCTA-1,CSF,-0.22671289447026402
MS,CSF_10,GCACTCTAGATCCGAG-1,CSF,-0.07157349201915446
MS,CSF_10,GCACTCTTCAAAGACA-1,CSF,-0.4972152410038001
MS,CSF_10,GCACTCTTCAGAGACG-1,CSF,-0.07157349201915446
MS,CSF_10,GCAGCCAAGCTAACAA-1,CSF,0.41703814594567573
MS,CSF_10,GCAGCCACACGGCCAT-1,CSF,-0.07157349201915446
MS,CSF_10,GCAGTTAAGCTAGTGG-1-1,CSF,0.06119562325085507
MS,CSF_10,GCATGCGCACAAGACG-1,CSF,-0.2032232494506298
MS,CSF_10,GCATGCGCACTGAAGG-1,CSF,0.10275928159215766
MS,CSF_10,GCATGCGGTAAATGAC-1,CSF,-0.626077884773574
MS,CSF_10,GCATGCGGTATAAACG-1,CSF,-0.23499389368937798
MS,CSF_10,GCATGCGGTCTGCCAG-1,CSF,-0.21406859018680705
MS,CSF_10,GCATGCGGTGCAGACA-1,CSF,0.010494159825864324
MS,CSF_10,GCATGCGTCAACACTG-1,CSF,0.23698686030925767
MS,CSF_10,GCATGTAAGGCAGTCA-1,CSF,-0.19842612797843578
MS,CSF_10,GCATGTACATGTAGTC-1,CSF,-0.3887180163592222
MS,CSF_10,GCCAAATTCCACTGGG-1,CSF,0.45733804206828915
MS,CSF_10,GCCTCTACAAGACGTG-1,CSF,-0.09222768193946705
MS,CSF_10,GCGACCATCACATACG-1,CSF,-0.6411887636142366
MS,CSF_10,GCGACCATCGGATGTT-1,CSF,0.5839771532978935
MS,CSF_10,GCGAGAACAAAGAATC-1,CSF,-0.17821442661799172
MS,CSF_10,GCGAGAACAGACGCTC-1,CSF,0.31774286203114716
MS,CSF_10,GCGAGAAGTCTTGCGG-1,CSF,0.15489718960760296
MS,CSF_10,GCGCAACGTCTCGTTC-1,CSF,-0.44216970090702884
MS,CSF_10,GCGCAGTAGGTGCTAG-1,CSF,-0.07157349201915446
MS,CSF_10,GCGCAGTCACAAGACG-1,CSF,-0.16783253902450207
MS,CSF_10,GCGCCAAGTCAAAGCG-1,CSF,0.14234405092811891
MS,CSF_10,GCGGGTTCAAGTTCTG-1,CSF,-0.03704653258195288
MS,CSF_10,GCGGGTTTCCAGAGGA-1,CSF,-0.36770695371768636
MS,CSF_10,GCGGGTTTCTGGCGTG-1,CSF,-0.41019478744378113
MS,CSF_10,GCTCCTAGTTGGGACA-1,CSF,-0.39280052725529563
MS,CSF_10,GCTCCTATCTGGTTCC-1,CSF,-0.24608158447312883
MS,CSF_10,GCTCTGTAGAGATGAG-1,CSF,-0.07157349201915446
MS,CSF_10,GCTCTGTTCGAGCCCA-1,CSF,-0.07157349201915446
MS,CSF_10,GCTCTGTTCTATGTGG-1,CSF,0.022502656714724494
MS,CSF_10,GCTGCAGAGGTGCAAC-1,CSF,-0.32308272786003667
MS,CSF_10,GCTGCAGGTCAAGCGA-1,CSF,-0.0008896839115345763
MS,CSF_10,GCTGCAGGTTGCCTCT-1,CSF,-0.07157349201915446
MS,CSF_10,GCTGCAGTCAACACAC-1,CSF,0.375559203631869
MS,CSF_10,GCTGGGTCACGCGAAA-1,CSF,0.12211063172404565
MS,CSF_10,GCTTCCAAGTCCGTAT-1,CSF,-0.474388968902979
MS,CSF_10,GCTTGAAGTAATCGTC-1,CSF,0.11171723396452252
MS,CSF_10,GGAAAGCCATAGTAAG-1,CSF,-0.07966931107479329
MS,CSF_10,GGAAAGCTCGGTTCGG-1,CSF,0.019909061161941986
MS,CSF_10,GGAACTTAGACGCTTT-1,CSF,-0.1500668756802499
MS,CSF_10,GGAACTTCAAAGCAAT-1,CSF,-0.4967868806869219
MS,CSF_10,GGAACTTCACCCTATC-1,CSF,-0.008655571222537604
MS,CSF_10,GGAACTTCAGTCAGCC-1,CSF,0.111048158787215
MS,CSF_10,GGAACTTGTACTCAAC-1,CSF,-0.07157349201915446
MS,CSF_10,GGAATAAGTCAGAATA-1,CSF,-0.3047833577430919
MS,CSF_10,GGAATAATCACCTTAT-1,CSF,-0.2489747157884666
MS,CSF_10,GGACAAGCATGCAACT-1,CSF,0.22231422313107124
MS,CSF_10,GGACAAGGTAGAAAGG-1,CSF,0.14194541666431543
MS,CSF_10,GGACAGATCTCGAGTA-1,CSF,-0.326892454131864
MS,CSF_10,GGACATTAGTTTGCGT-1,CSF,-0.5328221660089942
MS,CSF_10,GGACGTCAGGCCCGTT-1,CSF,-0.2410349888031029
MS,CSF_10,GGAGCAAAGTAGATGT-1,CSF,0.35283631235485824
MS,CSF_10,GGAGCAAAGTTGAGAT-1,CSF,-0.47080151916994645
MS,CSF_10,GGATGTTCATACAGCT-1,CSF,-0.07157349201915446
MS,CSF_10,GGATGTTGTTGAACTC-1,CSF,-0.10312038986273246
MS,CSF_10,GGCAATTGTACGACCC-1,CSF,-0.6803076305769086
MS,CSF_10,GGCAATTGTTAGTGGG-1,CSF,0.5322729137612094
MS,CSF_10,GGCAATTGTTTGACTG-1,CSF,-0.6576271228570475
MS,CSF_10,GGCCGATAGTGTTAGA-1,CSF,0.1017272161008381
MS,CSF_10,GGCCGATGTTGTTTGG-1-1,CSF,-0.07157349201915446
MS,CSF_10,GGCCGATGTTTACTCT-1,CSF,0.25244667301756474
MS,CSF_10,GGCGACTGTTAAGACA-1,CSF,-0.07157349201915446
MS,CSF_10,GGCGACTGTTTAGGAA-1,CSF,-0.2910918697580619
MS,CSF_10,GGCGTGTCAAGTAGTA-1,CSF,-0.2745292179388111
MS,CSF_10,GGCGTGTGTTGCCTCT-1,CSF,0.9420569616447118
MS,CSF_10,GGCGTGTTCCCAAGTA-1,CSF,-0.07157349201915446
MS,CSF_10,GGCGTGTTCCGGGTGT-1,CSF,0.24117503799131315
MS,CSF_10,GGCGTGTTCGATGAGG-1,CSF,-0.173600013674834
MS,CSF_10,GGCTCGACATTAACCG-1,CSF,0.14390068377093287
MS,CSF_10,GGCTCGAGTATGGTTC-1,CSF,-0.05605830537438324
MS,CSF_10,GGCTGGTGTGAGTATA-1,CSF,-0.1618101336779943
MS,CSF_10,GGGAATGAGATCGATA-1,CSF,-0.2040973425179867
MS,CSF_10,GGGAATGGTTCCTCCA-1,CSF,-0.07157349201915446
MS,CSF_10,GGGAATGTCAGATAAG-1,CSF,0.08995687798817824
MS,CSF_10,GGGAATGTCCCTAATT-1,CSF,0.03663102709531556
MS,CSF_10,GGGACCTGTTACCGAT-1,CSF,0.45750395740283833
MS,CSF_10,GGGAGATAGATCACGG-1,CSF,-0.42828370242662445
MS,CSF_10,GGGATGACATGCCACG-1,CSF,-0.23603472883016002
MS,CSF_10,GGGCACTCAACGATCT-1,CSF,0.08420302520775864
MS,CSF_10,GGGCACTGTGCCTGCA-1,CSF,-0.07157349201915446
MS,CSF_10,GGGCACTTCTTCAACT-1,CSF,-0.4371600033047007
MS,CSF_10,GGGCATCCACCGCTAG-1,CSF,0.33925459688114035
MS,CSF_10,GGGCATCGTCTTGATG-1,CSF,-0.27505143276618654
MS,CSF_10,GGGCATCTCAAACAAG-1,CSF,-0.19774656951667954
MS,CSF_10,GGGTTGCAGTTGCAGG-1,CSF,-0.46156655907652944
MS,CSF_10,GGTATTGAGAGTAATC-1,CSF,0.09085494088552319
MS,CSF_10,GGTGAAGCAGCCTTTC-1,CSF,-0.17182757702677617
MS,CSF_10,GGTGAAGTCTGAGTGT-1,CSF,0.2429357334589873
MS,CSF_10,GGTGCGTAGAAGCCCA-1,CSF,-0.3581997830282565
MS,CSF_10,GGTGCGTCAAGACGTG-1,CSF,-0.36933651694336794
MS,CSF_10,GTAACGTTCCCTCAGT-1,CSF,-0.5129288884875454
MS,CSF_10,GTACGTAGTGCACTTA-1,CSF,0.25991233602707714
MS,CSF_10,GTACGTAGTTAAGTAG-1,CSF,-0.40459887378398474
MS,CSF_10,GTACTTTAGATCCCGC-1,CSF,-0.07157349201915446
MS,CSF_10,GTAGGCCAGCTAGGCA-1,CSF,-0.20984835415066772
MS,CSF_10,GTAGGCCCAGTTCCCT-1,CSF,0.36755088635064653
MS,CSF_10,GTAGGCCGTCTACCTC-1,CSF,-0.07157349201915446
MS,CSF_10,GTAGTCATCTGTTTGT-1,CSF,-0.45708215079807474
MS,CSF_10,GTATCTTCAGCAGTTT-1,CSF,-0.2459471438135197
MS,CSF_10,GTATTCTGTAATCACC-1,CSF,-0.07157349201915446
MS,CSF_10,GTCAAGTAGATTACCC-1,CSF,-0.07440242910747295
MS,CSF_10,GTCAAGTTCCAGATCA-1,CSF,-0.07157349201915446
MS,CSF_10,GTCAAGTTCTCCTATA-1,CSF,0.12368781804094295
MS,CSF_10,GTCACGGAGACAATAC-1,CSF,-0.054883917525575455
MS,CSF_10,GTCACGGGTGAGGGAG-1,CSF,-0.07157349201915446
MS,CSF_10,GTCATTTCACGAGAGT-1,CSF,0.1571815967638322
MS,CSF_10,GTCATTTTCCATGAGT-1,CSF,-0.02338026371397398
MS,CSF_10,GTCGGGTCAATGAATG-1,CSF,0.1579420386690616
MS,CSF_10,GTCTCGTGTGTTAAGA-1,CSF,0.47406054469419
MS,CSF_10,GTCTCGTTCTTGCATT-1,CSF,-0.08021363946848238
MS,CSF_10,GTCTTCGTCTCGCATC-1-1,CSF,-0.014077029666443705
MS,CSF_10,GTGCAGCAGACACGAC-1,CSF,-0.07157349201915446
MS,CSF_10,GTGCATACAAGCTGTT-1,CSF,0.28242221290134173
MS,CSF_10,GTGCATACATTGTGCA-1,CSF,-0.3205175629149468
MS,CSF_10,GTGCATATCGCACTCT-1,CSF,-0.17839773010658794
MS,CSF_10,GTGCGGTAGAAACGCC-1,CSF,0.04722049276994235
MS,CSF_10,GTGCGGTGTAGCGCTC-1,CSF,-0.07157349201915446
MS,CSF_10,GTGCGGTTCAACACCA-1,CSF,0.34263363338887015
MS,CSF_10,GTGCGGTTCTGCGACG-1,CSF,0.1710913963376841
MS,CSF_10,GTGCTTCAGTCCGGTC-1,CSF,-0.19778566346039245
MS,CSF_10,GTGCTTCCATCGACGC-1,CSF,0.19390706841944766
MS,CSF_10,GTGGGTCAGTTCGCGC-1,CSF,-0.07157349201915446
MS,CSF_10,GTGTTAGTCAACACAC-1,CSF,-0.23517783980112364
MS,CSF_10,GTTAAGCCAAGGACAC-1,CSF,-0.27442174178801826
MS,CSF_10,GTTAAGCCACGAAGCA-1,CSF,0.0441356810729124
MS,CSF_10,GTTACAGAGATGCCAG-1,CSF,0.19539448130938533
MS,CSF_10,GTTACAGCACAACGTT-1,CSF,0.18100304890131858
MS,CSF_10,GTTACAGTCGGAGGTA-1,CSF,-0.2972390950449522
MS,CSF_10,GTTCATTAGGTCGGAT-1,CSF,0.11142430149808288
MS,CSF_10,GTTCATTGTATAGTAG-1,CSF,-0.36811985671587777
MS,CSF_10,GTTCGGGGTGAGTATA-1,CSF,0.41355435708011806
MS,CSF_10,GTTCGGGGTGCGGTAA-1,CSF,-0.2181741620257164
MS,CSF_10,GTTCTCGAGTCGTACT-1,CSF,-0.8948362376025585
MS,CSF_10,GTTCTCGTCGTAGGAG-1,CSF,-0.2616758635227442
MS,CSF_10,GTTTCTACAAGGACTG-1,CSF,-0.18472262838074222
MS,CSF_10,TAAACCGGTGGTACAG-1,CSF,-0.4006743124698791
MS,CSF_10,TAAGAGAAGATCCGAG-1,CSF,-0.21386193715033672
MS,CSF_10,TAAGAGAAGGATCGCA-1,CSF,0.4613808386918497
MS,CSF_10,TAAGAGATCCAGGGCT-1,CSF,-0.07157349201915446
MS,CSF_10,TAAGCGTCAGGGTTAG-1,CSF,-0.21125182943958773
MS,CSF_10,TAAGTGCAGTGCCAGA-1,CSF,-0.037962357178782
MS,CSF_10,TACACGAGTCTTGCGG-1,CSF,0.20642170518453704
MS,CSF_10,TACACGATCATTGCCC-1,CSF,-0.13660932238591403
MS,CSF_10,TACAGTGCATCTGGTA-1,CSF,-0.553935536740077
MS,CSF_10,TACCTATTCAGCTGGC-1,CSF,0.10358403891063804
MS,CSF_10,TACCTTAAGTAGTGCG-1,CSF,-0.5140270684302568
MS,CSF_10,TACGGGCAGCAGATCG-1,CSF,-0.053897023228197845
MS,CSF_10,TACGGGCGTGATAAGT-1,CSF,-0.3012456247964261
MS,CSF_10,TACGGTAGTAATAGCA-1,CSF,-0.24470917472191062
MS,CSF_10,TACGGTATCTTGCAAG-1,CSF,-0.07157349201915446
MS,CSF_10,TACTCATCAAAGGAAG-1,CSF,-0.6901344764211793
MS,CSF_10,TACTCATCAATTCCTT-1,CSF,0.198020861525885
MS,CSF_10,TACTCATGTCCATCCT-1,CSF,-0.07157349201915446
MS,CSF_10,TACTCGCAGTAGGCCA-1,CSF,0.09308469316187905
MS,CSF_10,TACTCGCGTTACAGAA-1,CSF,0.6486832225969029
MS,CSF_10,TACTTACAGCTAGTTC-1,CSF,-0.1934855938403311
MS,CSF_10,TACTTACCAGACGCTC-1,CSF,-0.6021437974266798
MS,CSF_10,TACTTGTAGTGTTTGC-1,CSF,0.1637229070986251
MS,CSF_10,TACTTGTCAAGAAAGG-1,CSF,-0.2732968496997764
MS,CSF_10,TAGACCACAGTCGATT-1,CSF,-0.6022956487269802
MS,CSF_10,TAGACCACATGTAAGA-1,CSF,-0.1760497411572641
MS,CSF_10,TAGACCAGTTGAACTC-1,CSF,-0.053377008948243564
MS,CSF_10,TAGAGCTGTAAACGCG-1,CSF,-0.17372022525470637
MS,CSF_10,TAGAGCTGTTCACGGC-1,CSF,-0.07157349201915446
MS,CSF_10,TAGGCATGTGGTCTCG-1,CSF,0.0626773319523382
MS,CSF_10,TAGTGGTGTTGCGCAC-1,CSF,-0.07157349201915446
MS,CSF_10,TAGTTGGCATCGATGT-1,CSF,-0.4195816561082534
MS,CSF_10,TAGTTGGGTCTCAACA-1,CSF,-0.2368398922524153
MS,CSF_10,TAGTTGGGTTGATTGC-1,CSF,-0.545625631898768
MS,CSF_10,TAGTTGGTCGAGCCCA-1,CSF,-0.16223612319560862
MS,CSF_10,TATCAGGCACCGTTGG-1,CSF,0.26189297356824665
MS,CSF_10,TATCTCAAGGCTCATT-1,CSF,0.01728230323527427
MS,CSF_10,TATCTCAGTGATGCCC-1,CSF,0.12609437332926446
MS,CSF_10,TATTACCGTGTCGCTG-1,CSF,-0.6696232775521344
MS,CSF_10,TCAACGAAGACGCAAC-1,CSF,-0.24726105564810014
MS,CSF_10,TCAACGACATTATCTC-1,CSF,-0.4312293684191544
MS,CSF_10,TCAACGATCCTGCAGG-1,CSF,-0.22476348478055233
MS,CSF_10,TCAACGATCTCAAGTG-1,CSF,-0.16033167825930666
MS,CSF_10,TCAATCTCAAGACACG-1,CSF,0.15238330335343958
MS,CSF_10,TCACGAAGTCTAACGT-1,CSF,0.051684594518737706
MS,CSF_10,TCACGAATCTAGAGTC-1,CSF,-0.18204583238235092
MS,CSF_10,TCAGATGGTACAGCAG-1,CSF,-0.07157349201915446
MS,CSF_10,TCAGCAAGTAGCTTGT-1,CSF,-0.8320525106899286
MS,CSF_10,TCAGCAAGTCAAACTC-1,CSF,-0.2406197895024531
MS,CSF_10,TCAGCAAGTGGTGTAG-1,CSF,-0.07157349201915446
MS,CSF_10,TCAGCAATCCCATTAT-1,CSF,-0.07157349201915446
MS,CSF_10,TCAGCTCTCTTGGGTA-1,CSF,-0.27692650328910257
MS,CSF_10,TCAGGATAGCGTTGCC-1,CSF,-0.16106640372094555
MS,CSF_10,TCAGGATCAATTGCTG-1,CSF,-0.027928301352132583
MS,CSF_10,TCAGGATCACCAACCG-1,CSF,-0.22737063146709083
MS,CSF_10,TCAGGATCATTCACTT-1,CSF,0.025161826215957972
MS,CSF_10,TCAGGATTCACCGGGT-1,CSF,0.2009448736956147
MS,CSF_10,TCAGGATTCCCATTTA-1,CSF,-0.2546896129631499
MS,CSF_10,TCAGGTACAGGAATGC-1,CSF,-0.6431295596001247
MS,CSF_10,TCAGGTAGTGGCAAAC-1,CSF,0.6608371637625313
MS,CSF_10,TCAGGTATCTGATTCT-1,CSF,-0.25474786985981995
MS,CSF_10,TCAGGTATCTGCAGTA-1,CSF,-0.23078579590855405
MS,CSF_10,TCATTACAGACGACGT-1,CSF,-0.27173644012770054
MS,CSF_10,TCATTACCACATGGGA-1,CSF,-0.6241214620022738
MS,CSF_10,TCATTTGAGGAATGGA-1,CSF,-0.24581974951087732
MS,CSF_10,TCATTTGAGTCAATAG-1,CSF,-0.01994977161338296
MS,CSF_10,TCCACACCAAACCCAT-1,CSF,-0.07157349201915446
MS,CSF_10,TCCACACCACGTCTCT-1,CSF,-0.07157349201915446
MS,CSF_10,TCCACACCAGATCTGT-1,CSF,0.26606801863320995
MS,CSF_10,TCCACACGTCGAAAGC-1,CSF,-0.4581822552588988
MS,CSF_10,TCCCGATAGTGGGCTA-1,CSF,0.16943112448374706
MS,CSF_10,TCCCGATGTATAGGGC-1,CSF,-0.07157349201915446
MS,CSF_10,TCCCGATTCCTGTACC-1,CSF,-0.27125665306023233
MS,CSF_10,TCGAGGCAGATCCCGC-1,CSF,0.13070479091468304
MS,CSF_10,TCGAGGCAGATTACCC-1,CSF,-0.1765917863845563
MS,CSF_10,TCGAGGCAGCGTTCCG-1,CSF,-0.4346311362329422
MS,CSF_10,TCGAGGCGTCCGAATT-1,CSF,-0.07157349201915446
MS,CSF_10,TCGAGGCGTCTCTCTG-1,CSF,-0.2910087166601407
MS,CSF_10,TCGAGGCGTTCGAATC-1,CSF,0.04362387125318763
MS,CSF_10,TCGAGGCTCTTGCAAG-1,CSF,0.48467464339395916
MS,CSF_10,TCGCGTTAGCCAGTAG-1,CSF,-0.07157349201915446
MS,CSF_10,TCGCGTTCATTTGCCC-1,CSF,-0.08189251431283609
MS,CSF_10,TCGGGACCAAGAAGAG-1,CSF,-0.11811161988690595
MS,CSF_10,TCGGGACTCACCAGGC-1,CSF,0.14730543142761857
MS,CSF_10,TCGGGACTCCGCGGTA-1,CSF,-0.3732318889076164
MS,CSF_10,TCGGTAAGTACGCACC-1,CSF,-0.008653275477185942
MS,CSF_10,TCGGTAAGTTAGGGTG-1-1,CSF,0.32841701709191057
MS,CSF_10,TCGGTAAGTTCACGGC-1,CSF,0.045374725621969474
MS,CSF_10,TCGTACCGTGGCAAAC-1,CSF,0.1164075686110727
MS,CSF_10,TCGTAGAGTCTACCTC-1,CSF,-0.2944939688461888
MS,CSF_10,TCTATTGCATGTAAGA-1,CSF,-0.057361420734055354
MS,CSF_10,TCTATTGGTCCAAGTT-1,CSF,-0.010632635543853566
MS,CSF_10,TCTCATAAGTGCAAGC-1,CSF,0.03446775258396211
MS,CSF_10,TCTCATACAATAGCAA-1,CSF,-0.6431670693785703
MS,CSF_10,TCTCATACATCTATGG-1,CSF,-0.012371467238829346
MS,CSF_10,TCTCATAGTTAAGGGC-1,CSF,-0.28512886667221293
MS,CSF_10,TCTCTAACATGCAACT-1,CSF,0.029993755623509366
MS,CSF_10,TCTCTAAGTAAGTGTA-1,CSF,-0.07157349201915446
MS,CSF_10,TCTCTAAGTATCACCA-1,CSF,0.3645662552512642
MS,CSF_10,TCTCTAAGTCTTCTCG-1,CSF,-0.07157349201915446
MS,CSF_10,TCTCTAATCAATAAGG-1,CSF,0.10963038266412282
MS,CSF_10,TCTGAGAAGTGAACAT-1,CSF,-0.34284088371663257
MS,CSF_10,TCTGAGATCCGGCACA-1,CSF,-0.13399061956748712
MS,CSF_10,TCTTTCCAGCCGGTAA-1,CSF,0.16580241267772644
MS,CSF_10,TGAAAGAGTGTGAAAT-1,CSF,0.6913620452455109
MS,CSF_10,TGACAACAGAAGGGTA-1,CSF,-0.07157349201915446
MS,CSF_10,TGACAACAGAGCTATA-1,CSF,0.44314083810311855
MS,CSF_10,TGACAACGTACCGAGA-1,CSF,0.3846404006758281
MS,CSF_10,TGACAACTCGGAGCAA-1,CSF,-0.07157349201915446
MS,CSF_10,TGACGGCCAACGATCT-1,CSF,-0.5124777536585157
MS,CSF_10,TGACGGCCAGTGGGAT-1,CSF,-0.17254650536977975
MS,CSF_10,TGACTTTAGTTTAGGA-1,CSF,0.1304413061712603
MS,CSF_10,TGACTTTGTGAGCGAT-1,CSF,-0.09041715026919754
MS,CSF_10,TGACTTTGTTAAGAAC-1,CSF,0.006960113774209258
MS,CSF_10,TGAGAGGAGGGCTTCC-1,CSF,-0.07157349201915446
MS,CSF_10,TGAGAGGGTCGACTAT-1,CSF,-0.36780036819722906
MS,CSF_10,TGAGGGAGTGCACTTA-1,CSF,0.04169145972768743
MS,CSF_10,TGATTTCGTCGAGATG-1,CSF,0.1877919829706624
MS,CSF_10,TGCACCTCACTCAGGC-1,CSF,-0.18841900036982132
MS,CSF_10,TGCCAAATCGCGCCAA-1,CSF,-0.24607479908778743
MS,CSF_10,TGCCCATAGTCCGTAT-1,CSF,-0.4906808397902284
MS,CSF_10,TGCCCATGTCTGCAAT-1,CSF,0.12688574281113815
MS,CSF_10,TGCGCAGGTATGAATG-1,CSF,-0.22478171264484464
MS,CSF_10,TGCGCAGGTCGCATCG-1,CSF,-0.07157349201915446
MS,CSF_10,TGCGGGTCATCGGAAG-1,CSF,0.1683128277636818
MS,CSF_10,TGCGGGTGTGATGATA-1,CSF,-0.5623012290092393
MS,CSF_10,TGCGGGTGTGTTTGGT-1,CSF,0.27160200802201
MS,CSF_10,TGCGGGTGTTTGTTTC-1,CSF,-0.07157349201915446
MS,CSF_10,TGCGTGGCACCGATAT-1,CSF,-0.5651427927144781
MS,CSF_10,TGCGTGGTCCTATGTT-1,CSF,0.5861678042753339
MS,CSF_10,TGCTACCAGAGGTTAT-1,CSF,-0.22380347791444005
MS,CSF_10,TGCTACCGTAATAGCA-1,CSF,0.2607175261063337
MS,CSF_10,TGCTACCTCTGATTCT-1,CSF,-0.33010046759614337
MS,CSF_10,TGCTGCTTCAGATAAG-1,CSF,0.12731695182185304
MS,CSF_10,TGGACGCAGAAGGTTT-1,CSF,-0.07157349201915446
MS,CSF_10,TGGACGCGTGCTTCTC-1,CSF,0.37148526056210096
MS,CSF_10,TGGACGCTCTATGTGG-1,CSF,0.20353544166519003
MS,CSF_10,TGGCGCACATTCTTAC-1,CSF,-0.3484415961725861
MS,CSF_10,TGGCGCATCTACCTGC-1,CSF,-0.5751379548277573
MS,CSF_10,TGGCTGGGTTAAAGAC-1,CSF,-0.4667180692014095
MS,CSF_10,TGGCTGGTCAACGGCC-1,CSF,1.0335773852286454
MS,CSF_10,TGGCTGGTCGGTCCGA-1,CSF,0.2729374118558683
MS,CSF_10,TGGGCGTCAAACCCAT-1,CSF,-0.3110537627336503
MS,CSF_10,TGGGCGTGTCTAAAGA-1,CSF,-0.8106679499165281
MS,CSF_10,TGGTTAGAGGCCCTTG-1,CSF,0.19288066918558577
MS,CSF_10,TGGTTCCGTGCGATAG-1,CSF,-0.3784318735828099
MS,CSF_10,TGGTTCCTCCTAGGGC-1,CSF,0.004350190310626326
MS,CSF_10,TGGTTCCTCGGTCTAA-1,CSF,-0.31043373430134447
MS,CSF_10,TGTATTCAGTGCAAGC-1,CSF,-0.22447250141830816
MS,CSF_10,TGTCCCAGTACTCTCC-1,CSF,-0.07157349201915446
MS,CSF_10,TGTGGTAGTAGCAAAT-1,CSF,-0.14895330743267346
MS,CSF_10,TGTGGTATCGGACAAG-1,CSF,0.6223763961101242
MS,CSF_10,TTAGGACGTACTCGCG-1,CSF,-0.1642336356649254
MS,CSF_10,TTAGGACGTGACCAAG-1,CSF,0.37409514828428003
MS,CSF_10,TTAGGCAAGAATTGTG-1,CSF,-0.17020927360542507
MS,CSF_10,TTAGGCAAGCCGTCGT-1,CSF,-0.013340803064676285
MS,CSF_10,TTAGTTCAGATCGGGT-1,CSF,-0.18539738055540597
MS,CSF_10,TTAGTTCGTAAATGTG-1,CSF,-0.07157349201915446
MS,CSF_10,TTATGCTAGACAGACC-1,CSF,-0.5109564191159789
MS,CSF_10,TTATGCTCACAGGCCT-1,CSF,0.2946670967060231
MS,CSF_10,TTCCCAGAGAGTACCG-1,CSF,-0.6183909566545385
MS,CSF_10,TTCCCAGAGCCTATGT-1,CSF,-0.3282423110325313
MS,CSF_10,TTCCCAGAGGCTAGAC-1-1,CSF,-0.2670912054210282
MS,CSF_10,TTCGAAGGTGACGCCT-1,CSF,-0.36496468808916527
MS,CSF_10,TTCGAAGTCTTGCATT-1,CSF,-0.0022165711405800165
MS,CSF_10,TTCGGTCCATAAAGGT-1,CSF,-0.553064543939389
MS,CSF_10,TTCGGTCTCAAACGGG-1,CSF,0.04374498348475485
MS,CSF_10,TTCTACAAGAAGGGTA-1,CSF,0.05799103465914086
MS,CSF_10,TTCTACAAGACTTGAA-1,CSF,-0.20750665575657173
MS,CSF_10,TTCTACAAGCTAGTGG-1,CSF,0.12978772175090927
MS,CSF_10,TTCTACAAGTGGCACA-1,CSF,-0.07157349201915446
MS,CSF_10,TTCTCAAAGTGGAGAA-1,CSF,-0.21031032023303983
MS,CSF_10,TTCTTAGAGCGTAATA-1,CSF,0.25115917104541996
MS,CSF_10,TTCTTAGAGGTGATTA-1,CSF,-0.17425489589078857
MS,CSF_10,TTCTTAGAGTGAACGC-1,CSF,0.11527368616380948
MS,CSF_10,TTCTTAGCACAGAGGT-1,CSF,-0.25024647714313414
MS,CSF_10,TTCTTAGTCTGGAGCC-1,CSF,-0.07157349201915446
MS,CSF_10,TTGACTTTCTCCAGGG-1,CSF,0.17766993829859654
MS,CSF_10,TTGCCGTGTTCCACTC-1,CSF,-0.07157349201915446
MS,CSF_10,TTGCCGTTCAACGGGA-1,CSF,-0.07157349201915446
MS,CSF_10,TTGCGTCAGCGATGAC-1,CSF,-0.25435944999654286
MS,CSF_10,TTGCGTCTCCGCGCAA-1,CSF,-0.7522004155708053
MS,CSF_10,TTGGAACGTATAGGGC-1,CSF,-0.18723660819703752
MS,CSF_10,TTGGCAAAGATATGGT-1,CSF,0.060249479447196816
MS,CSF_10,TTGGCAAAGCGTAATA-1,CSF,-0.422263946256525
MS,CSF_10,TTGGCAAGTCTGATCA-1,CSF,-0.17134935826279457
MS,CSF_10,TTGGCAAGTTTGGGCC-1,CSF,0.2763485338168406
MS,CSF_10,TTGTAGGAGGTTACCT-1,CSF,-0.07157349201915446
MS,CSF_10,TTGTAGGAGTACGATA-1,CSF,-0.22041503528829498
MS,CSF_10,TTTATGCCAGCCTGTG-1,CSF,-0.46931013020696505
MS,CSF_10,TTTATGCTCGCTTAGA-1,CSF,-0.07157349201915446
MS,CSF_10,TTTCCTCAGCAATATG-1,CSF,-0.07157349201915446
MS,CSF_10,TTTCCTCTCAGAGGTG-1,CSF,-0.12511050765794984
MS,CSF_10,TTTGCGCTCTGATTCT-1,CSF,-0.07157349201915446
MS,CSF_10,TTTGGTTCAGCGAACA-1,CSF,0.1391764784026408
MS,CSF_10,TTTGGTTCATCGACGC-1,CSF,-0.21899431339398287
MS,CSF_10,TTTGTCACATATGAGA-1,CSF,-0.17657116493229763
MS,CSF_10,TTTGTCATCACTATTC-1,CSF,0.2851803507921943
MS,CSF_16,AAACCTGAGACCTAGG-1,CSF,-0.45059762320898283
MS,CSF_16,AAACCTGAGCTTATCG-1,CSF,-0.07157349201915446
MS,CSF_16,AAACCTGCACGCGAAA-1,CSF,0.106292471439839
MS,CSF_16,AAACCTGGTCAACTGT-1,CSF,0.041355297583495196
MS,CSF_16,AAACCTGGTCTGCAAT-1,CSF,0.06590038388589556
MS,CSF_16,AAACCTGGTCTTTCAT-1,CSF,0.8165040677192689
MS,CSF_16,AAACCTGTCTGAGGGA-1,CSF,-0.1576727989667314
MS,CSF_16,AAACGGGAGCTCTCGG-1,CSF,-0.10612738440430813
MS,CSF_16,AAACGGGAGTGTTAGA-1,CSF,0.06649476683616573
MS,CSF_16,AAACGGGCAATGGAAT-1,CSF,0.31766359954435897
MS,CSF_16,AAAGATGAGTACGTAA-1,CSF,0.04960624835502993
MS,CSF_16,AAAGATGCAAATCCGT-1,CSF,0.7941890289595743
MS,CSF_16,AAAGATGTCCGAACGC-1,CSF,0.44512491028036305
MS,CSF_16,AAAGATGTCTTTACGT-1,CSF,-0.07157349201915446
MS,CSF_16,AAAGCAACACCAGTTA-1,CSF,-0.0011451635428835999
MS,CSF_16,AAAGCAAGTCGACTGC-1,CSF,0.23247361457117893
MS,CSF_16,AAAGTAGGTGTAATGA-1,CSF,-0.07157349201915446
MS,CSF_16,AAATGCCAGGAATCGC-1,CSF,-0.07157349201915446
MS,CSF_16,AAATGCCCACTGAAGG-1,CSF,0.5993692798544045
MS,CSF_16,AAATGCCGTCCGTGAC-1,CSF,0.10343436181462765
MS,CSF_16,AAATGCCGTTTAGCTG-1,CSF,0.33042651044954435
MS,CSF_16,AACACGTGTCTTCAAG-1,CSF,0.8558240480306285
MS,CSF_16,AACACGTTCTTGAGGT-1,CSF,-0.07157349201915446
MS,CSF_16,AACCATGAGCTAGTGG-1,CSF,-0.07157349201915446
MS,CSF_16,AACCATGAGTACACCT-1,CSF,-0.07157349201915446
MS,CSF_16,AACCATGGTATAGGTA-1,CSF,0.11151545112300587
MS,CSF_16,AACGTTGGTCACCCAG-1,CSF,-0.07157349201915446
MS,CSF_16,AACGTTGTCCAATGGT-1,CSF,0.2501210220890434
MS,CSF_16,AACTCAGAGATGAGAG-1,CSF,0.21970855590174962
MS,CSF_16,AACTCAGTCAACACTG-1,CSF,-0.19497464562208824
MS,CSF_16,AACTCCCCATGTTCCC-1,CSF,0.029871105485870065
MS,CSF_16,AACTCCCTCACTATTC-1,CSF,0.01453449116332277
MS,CSF_16,AACTCTTAGCTAGTGG-1,CSF,0.22089161056825635
MS,CSF_16,AACTCTTCAGGCGATA-1,CSF,-0.3149058026157521
MS,CSF_16,AACTCTTTCAGCAACT-1,CSF,-0.3979498799732015
MS,CSF_16,AACTGGTCAGCTGTGC-1,CSF,-0.07157349201915446
MS,CSF_16,AACTGGTGTAGTACCT-1,CSF,-0.07157349201915446
MS,CSF_16,AACTGGTTCTGCGGCA-1,CSF,0.30227517637088114
MS,CSF_16,AAGACCTAGACTCGGA-1,CSF,0.0721625377526649
MS,CSF_16,AAGACCTGTTGGGACA-1,CSF,-0.23362914402475385
MS,CSF_16,AAGGCAGGTGATAAGT-1,CSF,-0.15780741013855118
MS,CSF_16,AAGGTTCAGGATGCGT-1,CSF,-0.07157349201915446
MS,CSF_16,AAGGTTCAGTGTTGAA-1,CSF,0.4228537665626983
MS,CSF_16,AAGTCTGAGGCAGGTT-1,CSF,0.09138299952945086
MS,CSF_16,AAGTCTGCAAGCCTAT-1,CSF,0.03335304552955002
MS,CSF_16,AAGTCTGCAGGGATTG-1,CSF,-0.25100495067677564
MS,CSF_16,AAGTCTGTCAACGAAA-1,CSF,-0.3288340747550308
MS,CSF_16,AATCCAGAGCGCCTTG-1,CSF,-0.07157349201915446
MS,CSF_16,AATCCAGCAGTCTTCC-1,CSF,0.155536305831493
MS,CSF_16,AATCGGTAGGAGTTTA-1,CSF,-0.03911358932964843
MS,CSF_16,AATCGGTAGTTCGCGC-1-1,CSF,-0.2901090111420977
MS,CSF_16,AATCGGTCACCCATGG-1,CSF,0.15947593711212352
MS,CSF_16,AATCGGTTCTGCAGTA-1,CSF,0.3242720448593808
MS,CSF_16,ACACCAAAGAGCAATT-1,CSF,-0.07157349201915446
MS,CSF_16,ACACCAATCTCGCATC-1,CSF,0.17361329212148346
MS,CSF_16,ACACCCTAGTTTGCGT-1,CSF,-0.07157349201915446
MS,CSF_16,ACACCCTCAAGTCATC-1,CSF,-0.24117598095953907
MS,CSF_16,ACACCCTCACTTAACG-1,CSF,0.37873941929502486
MS,CSF_16,ACACCCTGTAAGGGCT-1,CSF,-0.1920704949799746
MS,CSF_16,ACACCCTGTCTAGCGC-1,CSF,-0.15423791050886385
MS,CSF_16,ACACCGGCAAAGGTGC-1,CSF,0.08165695108881017
MS,CSF_16,ACACTGAAGACTAGGC-1,CSF,0.29474514848592953
MS,CSF_16,ACACTGACAGTGGGAT-1,CSF,-0.5201823414813121
MS,CSF_16,ACACTGACATAGACTC-1,CSF,-0.07157349201915446
MS,CSF_16,ACACTGAGTACGACCC-1,CSF,-0.09966397489659083
MS,CSF_16,ACACTGATCCGCATCT-1,CSF,0.4353797811617201
MS,CSF_16,ACACTGATCTCTAAGG-1,CSF,0.05913129583727
MS,CSF_16,ACAGCTAAGCGTTGCC-1,CSF,-0.07157349201915446
MS,CSF_16,ACAGCTAAGTCGATAA-1,CSF,-0.1560610347412555
MS,CSF_16,ACATACGGTAACGTTC-1,CSF,-0.27519132152055903
MS,CSF_16,ACATCAGCACGTAAGG-1,CSF,-0.12739376212042072
MS,CSF_16,ACATCAGGTTCCGTCT-1,CSF,-0.07157349201915446
MS,CSF_16,ACATCAGTCGGATGTT-1,CSF,0.4891628702059236
MS,CSF_16,ACATGGTAGAAACCAT-1,CSF,-0.2000968184994396
MS,CSF_16,ACCAGTAAGAACTGTA-1,CSF,0.26737990767879294
MS,CSF_16,ACCAGTAAGCGATTCT-1,CSF,0.4031833409017244
MS,CSF_16,ACCCACTTCAGAGCTT-1,CSF,-0.22314119081893205
MS,CSF_16,ACCCACTTCATCGCTC-1,CSF,0.5183925113410095
MS,CSF_16,ACCCACTTCATGCTCC-1,CSF,-0.06898876171496923
MS,CSF_16,ACCCACTTCGGTCTAA-1,CSF,-0.07157349201915446
MS,CSF_16,ACCGTAACACAGATTC-1,CSF,0.0054038127048342864
MS,CSF_16,ACCGTAAGTGCGGTAA-1,CSF,0.3187573375361631
MS,CSF_16,ACCGTAATCCTTTACA-1,CSF,-0.05096727656214599
MS,CSF_16,ACCTTTACATGCTAGT-1,CSF,0.10956979520354714
MS,CSF_16,ACGAGCCAGAAGGTTT-1,CSF,0.09112948696506804
MS,CSF_16,ACGAGCCAGATGTCGG-1,CSF,0.11911488978628622
MS,CSF_16,ACGAGGACAAGCGTAG-1,CSF,0.2978203605174447
MS,CSF_16,ACGAGGACAATGGAAT-1,CSF,-0.1604446488609644
MS,CSF_16,ACGAGGAGTGCTAGCC-1,CSF,0.2810730524197627
MS,CSF_16,ACGAGGATCAGGCGAA-1,CSF,0.2062752779618273
MS,CSF_16,ACGAGGATCCCTCAGT-1,CSF,-0.07157349201915446
MS,CSF_16,ACGATACAGCAGCCTC-1,CSF,0.04957062035599823
MS,CSF_16,ACGATACCAATAGCGG-1,CSF,0.27155362150654233
MS,CSF_16,ACGATGTGTCAACATC-1,CSF,0.27115715373345545
MS,CSF_16,ACGATGTTCGCATGAT-1,CSF,0.0907471194318592
MS,CSF_16,ACGATGTTCGGCGGTT-1,CSF,0.7130111818886753
MS,CSF_16,ACGATGTTCGGCTTGG-1,CSF,0.3271395940471455
MS,CSF_16,ACGATGTTCTCGGACG-1,CSF,-0.2504003753887963
MS,CSF_16,ACGATGTTCTCTGCTG-1,CSF,0.39042936493319724
MS,CSF_16,ACGCAGCCATGCAACT-1,CSF,0.18886431373586626
MS,CSF_16,ACGCCAGAGGAGTTGC-1,CSF,-0.07157349201915446
MS,CSF_16,ACGCCAGCATGCATGT-1,CSF,-0.13383958223204312
MS,CSF_16,ACGCCGAGTCAAAGAT-1,CSF,0.2167598572428338
MS,CSF_16,ACGCCGATCAACCAAC-1,CSF,0.14763752291270002
MS,CSF_16,ACGGAGATCGCATGAT-1,CSF,-0.14216163185190372
MS,CSF_16,ACGGCCAAGGCAATTA-1,CSF,0.444984060941459
MS,CSF_16,ACGGCCATCAAGGTAA-1,CSF,0.09407594624154028
MS,CSF_16,ACGGGCTAGCTAGTGG-1,CSF,0.040246487484635426
MS,CSF_16,ACGGGCTGTCTAGAGG-1,CSF,-0.42363317110993587
MS,CSF_16,ACGGGCTGTTCAACCA-1,CSF,0.07526110620544481
MS,CSF_16,ACGGGTCGTAGGGACT-1,CSF,0.528252740630119
MS,CSF_16,ACGTCAACAACTGCTA-1,CSF,0.251198900239977
MS,CSF_16,ACGTCAACAATGAATG-1,CSF,-0.07157349201915446
MS,CSF_16,ACGTCAATCAAGCCTA-1,CSF,0.8515162502243617
MS,CSF_16,ACTATCTAGCTAACTC-1,CSF,0.2745739466817531
MS,CSF_16,ACTATCTTCTGATTCT-1,CSF,-0.07157349201915446
MS,CSF_16,ACTGAACCAGTGAGTG-1,CSF,0.8162332466252241
MS,CSF_16,ACTGAGTTCACCTTAT-1,CSF,0.1270770517802311
MS,CSF_16,ACTGAGTTCGTTACAG-1,CSF,0.09419974735777244
MS,CSF_16,ACTGATGCACGAGAGT-1,CSF,0.13085348871483024
MS,CSF_16,ACTGCTCCACATAACC-1,CSF,-0.07157349201915446
MS,CSF_16,ACTGTCCAGACTAAGT-1,CSF,0.107435830502671
MS,CSF_16,ACTGTCCAGCCATCGC-1,CSF,0.37970450353377955
MS,CSF_16,ACTTACTTCCTACAGA-1,CSF,0.07158412636565371
MS,CSF_16,ACTTGTTAGCCAGTAG-1,CSF,0.14998777159004648
MS,CSF_16,ACTTGTTGTAACGCGA-1,CSF,0.08300246849085889
MS,CSF_16,ACTTGTTTCCTAGTGA-1,CSF,-0.42837982044069406
MS,CSF_16,ACTTTCACAGTCAGAG-1,CSF,0.5180366325139677
MS,CSF_16,ACTTTCATCTCTAAGG-1,CSF,-0.2882055218027225
MS,CSF_16,AGAATAGTCATAACCG-1,CSF,0.14241030525610096
MS,CSF_16,AGACGTTTCCCGGATG-1,CSF,-0.356871981522315
MS,CSF_16,AGACGTTTCGTCTGAA-1,CSF,0.6887870223141636
MS,CSF_16,AGACGTTTCTGCCAGG-1,CSF,-0.1953002935766144
MS,CSF_16,AGAGCGAAGGGCACTA-1,CSF,-0.05570206314499182
MS,CSF_16,AGAGCGATCACCACCT-1,CSF,0.010747765653046677
MS,CSF_16,AGAGCTTGTTCGGCAC-1,CSF,-0.036410512708114386
MS,CSF_16,AGAGTGGAGAGTACAT-1,CSF,-0.1749078996716953
MS,CSF_16,AGAGTGGCAGCGTTCG-1,CSF,-0.33577239483410554
MS,CSF_16,AGAGTGGGTTGGAGGT-1,CSF,-0.26123149911995386
MS,CSF_16,AGATCTGGTACTTGAC-1,CSF,0.19541505961081812
MS,CSF_16,AGATTGCCAGGGTTAG-1,CSF,-0.2467121725301164
MS,CSF_16,AGATTGCGTATAGGTA-1,CSF,-0.07157349201915446
MS,CSF_16,AGATTGCGTGCAGGTA-1,CSF,0.27494424992081784
MS,CSF_16,AGATTGCTCCTCAACC-1,CSF,0.04680311800960286
MS,CSF_16,AGCATACCAAGAGTCG-1,CSF,0.16394850789002238
MS,CSF_16,AGCATACCAAGGTTTC-1,CSF,0.8582390547558397
MS,CSF_16,AGCATACCAGCATACT-1,CSF,-0.23728273969157238
MS,CSF_16,AGCATACGTCACCCAG-1,CSF,0.026423418391205857
MS,CSF_16,AGCCTAACAATGCCAT-1,CSF,0.31296319115565563
MS,CSF_16,AGCGGTCAGATCACGG-1,CSF,0.20234325110731152
MS,CSF_16,AGCGGTCAGCGTGAGT-1,CSF,-0.05792449573986448
MS,CSF_16,AGCGGTCAGCTGTCTA-1,CSF,0.1980338358821682
MS,CSF_16,AGCGGTCCAAGCGAGT-1,CSF,0.10016679000498485
MS,CSF_16,AGCGGTCCACGGTTTA-1,CSF,-0.007089501524716181
MS,CSF_16,AGCGTATCAATGCCAT-1,CSF,-0.07157349201915446
MS,CSF_16,AGCGTCGAGTACCGGA-1,CSF,-0.19586529371802333
MS,CSF_16,AGCGTCGGTCACTTCC-1,CSF,0.15827398804219378
MS,CSF_16,AGCGTCGTCCAGAGGA-1,CSF,0.4054940714912423
MS,CSF_16,AGCTCCTCACAAGACG-1,CSF,-0.2324800821716009
MS,CSF_16,AGCTCCTCACTTAACG-1,CSF,-0.4059668399864958
MS,CSF_16,AGCTCCTCATCCGGGT-1,CSF,-0.07157349201915446
MS,CSF_16,AGCTCCTGTCCAAGTT-1,CSF,0.14955942438288902
MS,CSF_16,AGCTCCTGTTCACGGC-1,CSF,0.050391578478027776
MS,CSF_16,AGCTCCTTCGTGTAGT-1,CSF,-0.1908101629242877
MS,CSF_16,AGCTCTCTCATGTCCC-1,CSF,-0.5042254020956219
MS,CSF_16,AGCTTGACAAGGTTTC-1,CSF,-0.16979327499437624
MS,CSF_16,AGCTTGACAGGGATTG-1,CSF,-0.07157349201915446
MS,CSF_16,AGGCCACAGAACTGTA-1,CSF,0.3633440390519829
MS,CSF_16,AGGCCACGTAAATGAC-1,CSF,0.08299472660001615
MS,CSF_16,AGGCCGTAGAGTCTGG-1,CSF,0.20468976461226326
MS,CSF_16,AGGCCGTAGTATGACA-1,CSF,-0.20228876900496134
MS,CSF_16,AGGCCGTGTACAGTTC-1,CSF,-0.016741342729021644
MS,CSF_16,AGGCCGTGTGCGGTAA-1,CSF,0.2617306320781772
MS,CSF_16,AGGCCGTTCCGTCATC-1,CSF,0.24372861071266141
MS,CSF_16,AGGGAGTAGTATGACA-1,CSF,0.7625422715466972
MS,CSF_16,AGGGAGTCAATCGGTT-1,CSF,-0.12784836134498043
MS,CSF_16,AGGGATGAGAGAACAG-1,CSF,0.16568402539665966
MS,CSF_16,AGGGATGAGGGATACC-1,CSF,0.10943932365440157
MS,CSF_16,AGGGATGGTAACGTTC-1,CSF,0.25456334854416696
MS,CSF_16,AGGGATGGTGTCGCTG-1,CSF,-0.07723146690061049
MS,CSF_16,AGGGTGAAGGGTCGAT-1,CSF,0.14293562625069503
MS,CSF_16,AGGGTGAGTGCGGTAA-1,CSF,0.03181533749361899
MS,CSF_16,AGGGTGATCCAGGGCT-1,CSF,0.19774498447558267
MS,CSF_16,AGGTCATCAATGACCT-1,CSF,-0.16560794235602957
MS,CSF_16,AGGTCATCAGGAATCG-1,CSF,-0.31208548243365175
MS,CSF_16,AGGTCATGTAGAAAGG-1,CSF,0.07414132174520242
MS,CSF_16,AGGTCATGTTACTGAC-1,CSF,0.25854241954834684
MS,CSF_16,AGGTCCGAGGGATCTG-1,CSF,0.015089640448205235
MS,CSF_16,AGGTCCGCACCTTGTC-1,CSF,0.18916347528977662
MS,CSF_16,AGGTCCGTCCAATGGT-1,CSF,0.16084859182488825
MS,CSF_16,AGGTCCGTCCACGACG-1,CSF,0.2781634606121114
MS,CSF_16,AGTAGTCGTTGGTAAA-1,CSF,-0.2359966582192481
MS,CSF_16,AGTCTTTGTCATGCAT-1,CSF,-0.34266929853752576
MS,CSF_16,AGTGAGGAGTAGTGCG-1,CSF,0.857025029863278
MS,CSF_16,AGTGAGGCAGGCTGAA-1,CSF,0.2023934359303167
MS,CSF_16,AGTGAGGGTAAGAGAG-1,CSF,0.22031205640273596
MS,CSF_16,AGTGAGGTCCCTCAGT-1,CSF,0.915425730346522
MS,CSF_16,AGTGGGAAGGCTATCT-1,CSF,0.29342968279488396
MS,CSF_16,AGTGGGACACACCGAC-1,CSF,0.49740671406369535
MS,CSF_16,AGTGGGACAGCCTATA-1,CSF,0.13115874407458655
MS,CSF_16,AGTGGGACATCCAACA-1,CSF,0.06850822747855513
MS,CSF_16,AGTGGGAGTCAATACC-1,CSF,0.1721795203518775
MS,CSF_16,AGTGGGAGTGATGATA-1,CSF,-0.025416008801535463
MS,CSF_16,AGTGTCAAGAGCAATT-1,CSF,0.41979778106478605
MS,CSF_16,AGTTGGTTCACCATAG-1,CSF,0.024868952305478826
MS,CSF_16,ATAACGCCAAGTAGTA-1,CSF,0.08276319556414004
MS,CSF_16,ATAACGCGTCAATGTC-1,CSF,0.6826325098719392
MS,CSF_16,ATAACGCGTCGCGAAA-1,CSF,-0.2025197956247818
MS,CSF_16,ATAAGAGAGGGATACC-1,CSF,-0.21441065006733576
MS,CSF_16,ATAAGAGCATGGTCTA-1,CSF,0.03237852848526338
MS,CSF_16,ATCACGACAGGAACGT-1,CSF,0.11988402288178125
MS,CSF_16,ATCACGAGTACATCCA-1,CSF,0.0969038968143345
MS,CSF_16,ATCATCTCAGCTGCTG-1,CSF,0.12286772852924407
MS,CSF_16,ATCATCTTCAACGGCC-1,CSF,-0.31663317318114453
MS,CSF_16,ATCATCTTCAGCTCTC-1,CSF,0.09181189871011573
MS,CSF_16,ATCATCTTCCCTTGTG-1,CSF,0.07837387944577215
MS,CSF_16,ATCATCTTCTCAACTT-1,CSF,-0.14733252100364133
MS,CSF_16,ATCATGGCAGCCTATA-1,CSF,-0.1492796704497175
MS,CSF_16,ATCATGGCATACGCCG-1,CSF,0.043065724522622174
MS,CSF_16,ATCATGGGTCCTCCAT-1,CSF,0.2993072397524778
MS,CSF_16,ATCATGGGTCTGCAAT-1,CSF,0.484999940474159
MS,CSF_16,ATCCACCGTTACCGAT-1,CSF,0.15665610315817632
MS,CSF_16,ATCCACCGTTCCACGG-1,CSF,0.19744116297541428
MS,CSF_16,ATCCGAACAGAGCCAA-1,CSF,-0.07157349201915446
MS,CSF_16,ATCCGAATCATCGGAT-1,CSF,0.09722055495208275
MS,CSF_16,ATCGAGTTCAGTTTGG-1,CSF,0.340683540983232
MS,CSF_16,ATCTACTCACACTGCG-1,CSF,0.17440301075004877
MS,CSF_16,ATCTGCCGTCTTGATG-1,CSF,-0.07802184702221726
MS,CSF_16,ATGAGGGGTCCTAGCG-1,CSF,0.13334764023947115
MS,CSF_16,ATGCGATAGTGCAAGC-1,CSF,-0.037130839143831626
MS,CSF_16,ATGCGATCAAGCTGGA-1,CSF,-0.07157349201915446
MS,CSF_16,ATGCGATGTCTCGTTC-1,CSF,-0.07157349201915446
MS,CSF_16,ATGCGATTCCACGTTC-1,CSF,0.17782060255448237
MS,CSF_16,ATGGGAGCATTGAGCT-1,CSF,0.12371725958678448
MS,CSF_16,ATGGGAGGTATTAGCC-1,CSF,-0.2983153795492693
MS,CSF_16,ATGGGAGTCGAATCCA-1-1,CSF,0.2003168424703324
MS,CSF_16,ATGTGTGGTTCTGTTT-1,CSF,-0.07157349201915446
MS,CSF_16,ATTACTCGTGCCTGGT-1,CSF,-0.25282403119084323
MS,CSF_16,ATTATCCTCATTCACT-1,CSF,-0.12938816396234262
MS,CSF_16,ATTATCCTCGAGCCCA-1,CSF,0.5462147019046927
MS,CSF_16,ATTATCCTCGTTACAG-1,CSF,-0.3422274760394904
MS,CSF_16,ATTCTACGTCGCATCG-1,CSF,0.059161727847527476
MS,CSF_16,ATTCTACGTTGGAGGT-1,CSF,0.15092309253720132
MS,CSF_16,ATTGGACTCGCGGATC-1,CSF,0.2265911761207997
MS,CSF_16,ATTGGACTCTCGCATC-1,CSF,0.32679248484650564
MS,CSF_16,ATTGGTGAGGACATTA-1,CSF,-0.07157349201915446
MS,CSF_16,ATTGGTGAGGTAAACT-1,CSF,0.13482029096006712
MS,CSF_16,ATTGGTGAGTAGGTGC-1,CSF,-0.26535761707901656
MS,CSF_16,ATTGGTGCAAGTAGTA-1,CSF,0.24712180529647185
MS,CSF_16,ATTGGTGCACAGCGTC-1,CSF,-0.07268851298992773
MS,CSF_16,ATTGGTGGTCAATGTC-1,CSF,-0.24730904030835538
MS,CSF_16,ATTGGTGTCTTTAGGG-1,CSF,0.3169783666911859
MS,CSF_16,CAACCAAAGACTAGAT-1,CSF,-0.09082702857490547
MS,CSF_16,CAACCAAAGCGTTTAC-1,CSF,0.1730926168498549
MS,CSF_16,CAACCTCCACGACTCG-1,CSF,-0.0415503781691917
MS,CSF_16,CAACCTCCATGGAATA-1,CSF,-0.07157349201915446
MS,CSF_16,CAACCTCGTCGGATCC-1,CSF,0.15058970494887683
MS,CSF_16,CAACTAGCAAGTTAAG-1,CSF,1.0724187265672918
MS,CSF_16,CAACTAGCAGATCGGA-1,CSF,0.18045707730966973
MS,CSF_16,CAACTAGCATAAGACA-1,CSF,0.05742040671500709
MS,CSF_16,CAACTAGTCACAGGCC-1,CSF,-0.07157349201915446
MS,CSF_16,CAACTAGTCATACGGT-1,CSF,0.3106616895549369
MS,CSF_16,CAAGAAAGTATTCGTG-1,CSF,-0.07157349201915446
MS,CSF_16,CAAGGCCAGTAGCGGT-1,CSF,0.014421187964733215
MS,CSF_16,CAAGGCCGTCGACTGC-1,CSF,0.09199123210548486
MS,CSF_16,CAAGGCCGTCTCCCTA-1,CSF,-0.04239704642112961
MS,CSF_16,CAAGTTGAGTTTAGGA-1,CSF,0.3590775920285267
MS,CSF_16,CAAGTTGCACTTAAGC-1,CSF,0.09499010563911717
MS,CSF_16,CAAGTTGCATGAGCGA-1,CSF,0.19869878681892708
MS,CSF_16,CAAGTTGTCAAACCGT-1,CSF,0.31711046769510265
MS,CSF_16,CACAAACAGATGAGAG-1,CSF,0.21006695905784195
MS,CSF_16,CACAAACCACGGCCAT-1,CSF,-0.15098884388560227
MS,CSF_16,CACAAACTCACAGTAC-1,CSF,0.18508107640573673
MS,CSF_16,CACACAAAGGTGCACA-1,CSF,0.18488330746151901
MS,CSF_16,CACACAACAAGAGGCT-1,CSF,0.18496021926334502
MS,CSF_16,CACACAACATCATCCC-1,CSF,0.12190459074844036
MS,CSF_16,CACACAAGTATTAGCC-1,CSF,0.5901320037594775
MS,CSF_16,CACACAAGTGTCCTCT-1,CSF,0.1549872252789748
MS,CSF_16,CACACCTAGTACGCCC-1,CSF,0.02122207782266131
MS,CSF_16,CACACTCGTGATAAAC-1,CSF,0.032319995075648686
MS,CSF_16,CACACTCTCAACCAAC-1,CSF,-0.09629656086851515
MS,CSF_16,CACACTCTCCCTCAGT-1,CSF,-0.09254164460345607
MS,CSF_16,CACACTCTCTACGAGT-1,CSF,0.4655484330206878
MS,CSF_16,CACACTCTCTGCAAGT-1,CSF,-0.011089227211355135
MS,CSF_16,CACAGGCGTGCGATAG-1,CSF,-0.07157349201915446
MS,CSF_16,CACAGGCTCGAACGGA-1-1,CSF,0.6650352254345223
MS,CSF_16,CACAGTACACGAGGTA-1,CSF,-0.8503771542313049
MS,CSF_16,CACAGTATCCAAGCCG-1,CSF,0.26141533388153754
MS,CSF_16,CACAGTATCCAGGGCT-1,CSF,0.1417820394508323
MS,CSF_16,CACAGTATCCCTTGTG-1,CSF,0.214388184591958
MS,CSF_16,CACAGTATCGTGGGAA-1,CSF,0.013481898296557878
MS,CSF_16,CACATAGGTTTGACAC-1,CSF,0.12745055456308024
MS,CSF_16,CACATTTCACCGAAAG-1,CSF,0.36037783279169383
MS,CSF_16,CACATTTCACGGTAGA-1,CSF,0.4607194125109941
MS,CSF_16,CACATTTCACTGTTAG-1,CSF,-0.1501203654472961
MS,CSF_16,CACATTTTCACCATAG-1,CSF,-0.19526061313059953
MS,CSF_16,CACATTTTCATTGCCC-1,CSF,-0.34561323997670834
MS,CSF_16,CACCACTAGAGTAAGG-1,CSF,0.45837976851574186
MS,CSF_16,CACCACTCATCACAAC-1-1,CSF,0.2697012640868503
MS,CSF_16,CACCACTGTCATGCAT-1,CSF,-0.07157349201915446
MS,CSF_16,CACCAGGAGCTGTCTA-1,CSF,-0.6179241915852866
MS,CSF_16,CACCAGGAGGGTCTCC-1,CSF,0.250150602656085
MS,CSF_16,CACCAGGCAGGGTACA-1,CSF,-0.1634926483903261
MS,CSF_16,CACCAGGCATTCTTAC-1,CSF,-0.05773943040970748
MS,CSF_16,CACCAGGGTACCATCA-1,CSF,0.6314212781427789
MS,CSF_16,CACCAGGTCGCAGGCT-1,CSF,0.03968199070325459
MS,CSF_16,CACCAGGTCGGCGCTA-1,CSF,-0.1454036897581894
MS,CSF_16,CACCTTGAGAACAATC-1,CSF,-0.07157349201915446
MS,CSF_16,CACCTTGAGGTGGGTT-1,CSF,0.7571349415810299
MS,CSF_16,CACCTTGCATGTCCTC-1,CSF,0.10717448094015306
MS,CSF_16,CACCTTGTCGGAATCT-1,CSF,-0.46309414842329893
MS,CSF_16,CACTCCAGTCAACTGT-1,CSF,0.5983484112635409
MS,CSF_16,CACTCCATCGTTGACA-1,CSF,-0.1169461464002669
MS,CSF_16,CAGAATCAGATAGTCA-1,CSF,-0.16162357814102743
MS,CSF_16,CAGAATCCAGTTCCCT-1,CSF,0.6099139728284158
MS,CSF_16,CAGAATCCATAGACTC-1,CSF,0.07153744724645823
MS,CSF_16,CAGAATCCATGCATGT-1,CSF,-0.14399764490249686
MS,CSF_16,CAGAATCTCTCCCTGA-1,CSF,-0.11597915795454097
MS,CSF_16,CAGAATCTCTTACCTA-1,CSF,0.0019689622089163394
MS,CSF_16,CAGAGAGAGCTCAACT-1,CSF,0.2554861143328787
MS,CSF_16,CAGAGAGCAATCTACG-1,CSF,-0.5893615501130742
MS,CSF_16,CAGAGAGCATTACCTT-1,CSF,-0.07157349201915446
MS,CSF_16,CAGAGAGGTCTTGATG-1,CSF,0.2473546473488081
MS,CSF_16,CAGATCAAGTCCGGTC-1,CSF,0.25107149875043405
MS,CSF_16,CAGCAGCAGAGTAATC-1,CSF,0.3026902265253317
MS,CSF_16,CAGCAGCCAAGAAGAG-1,CSF,0.170988393039805
MS,CSF_16,CAGCAGCCAGCAGTTT-1,CSF,0.10877762139089257
MS,CSF_16,CAGCATAAGCGGATCA-1,CSF,0.3802529187021292
MS,CSF_16,CAGCATAGTGCCTTGG-1,CSF,-0.07157349201915446
MS,CSF_16,CAGCCGAGTGCTTCTC-1,CSF,0.27512518447286755
MS,CSF_16,CAGCGACAGCCGCCTA-1,CSF,-0.1540100722425796
MS,CSF_16,CAGCGACCATACCATG-1,CSF,-0.3307907639449037
MS,CSF_16,CAGCGACGTTGTCTTT-1,CSF,-0.07157349201915446
MS,CSF_16,CAGCGACTCATCTGCC-1,CSF,0.30795626885316424
MS,CSF_16,CAGCTAAGTTCCCTTG-1,CSF,0.08122192284874817
MS,CSF_16,CAGCTGGAGAAACCGC-1,CSF,0.37576961554609417
MS,CSF_16,CAGCTGGCAGTTAACC-1,CSF,0.4189296309999264
MS,CSF_16,CAGCTGGCATCCGCGA-1,CSF,0.09933770390617794
MS,CSF_16,CAGCTGGGTTCGTTGA-1,CSF,0.10594528421937785
MS,CSF_16,CAGCTGGTCCTTGACC-1,CSF,-0.14620967011025326
MS,CSF_16,CAGCTGGTCGGCGCTA-1,CSF,-0.19342275990284752
MS,CSF_16,CAGGTGCCACTGCCAG-1,CSF,-0.17502559528724232
MS,CSF_16,CAGGTGCCATAAGACA-1,CSF,0.1421550311641178
MS,CSF_16,CAGGTGCTCCAGTAGT-1,CSF,-0.013455302330812392
MS,CSF_16,CAGGTGCTCCGTAGGC-1,CSF,0.059373885417144515
MS,CSF_16,CAGTAACCAAGCTGGA-1,CSF,0.05997312156122801
MS,CSF_16,CAGTAACGTGACAAAT-1,CSF,0.11011416287213135
MS,CSF_16,CAGTCCTAGAGTCTGG-1,CSF,0.4857743060541197
MS,CSF_16,CAGTCCTAGTGTTTGC-1,CSF,0.46268528416814453
MS,CSF_16,CAGTCCTCAGATCTGT-1,CSF,-0.07157349201915446
MS,CSF_16,CAGTCCTTCAATCACG-1,CSF,-0.13603011729464604
MS,CSF_16,CATATGGGTATAGTAG-1,CSF,0.06675859641723843
MS,CSF_16,CATATGGGTTATGCGT-1,CSF,0.07063744648956395
MS,CSF_16,CATCAAGAGGGATGGG-1,CSF,0.39547180636604534
MS,CSF_16,CATCAAGAGTGCTGCC-1,CSF,0.1380729313009111
MS,CSF_16,CATCAAGCACCACCAG-1,CSF,-0.20307271773008578
MS,CSF_16,CATCAAGTCAGGCCCA-1,CSF,0.07528329431757745
MS,CSF_16,CATCAAGTCATTTGGG-1,CSF,-0.07157349201915446
MS,CSF_16,CATCAAGTCGAACTGT-1,CSF,-0.006888096676419336
MS,CSF_16,CATCAGAGTGGAAAGA-1,CSF,0.4291381145324058
MS,CSF_16,CATCAGATCCATGAGT-1,CSF,0.1330129564829641
MS,CSF_16,CATCCACAGAGTGACC-1,CSF,0.39587112930949636
MS,CSF_16,CATCCACTCACGATGT-1,CSF,0.4338047007341238
MS,CSF_16,CATCGAAAGAGACTTA-1,CSF,-0.07157349201915446
MS,CSF_16,CATCGAACAAGTCTAC-1,CSF,-0.07157349201915446
MS,CSF_16,CATCGAACACATCCGG-1,CSF,0.19033522548627838
MS,CSF_16,CATCGAACACGTCAGC-1,CSF,0.22161226833401823
MS,CSF_16,CATCGAACAGTCCTTC-1,CSF,-0.021745974883476193
MS,CSF_16,CATCGGGAGTTGCAGG-1,CSF,0.09394229210212823
MS,CSF_16,CATGACACAGAGTGTG-1,CSF,0.3809474789024468
MS,CSF_16,CATGACACATGCTAGT-1,CSF,0.28915114470433506
MS,CSF_16,CATGACAGTCAACATC-1,CSF,0.1846226974540098
MS,CSF_16,CATGACATCTGGCGAC-1,CSF,-0.07157349201915446
MS,CSF_16,CATGCCTAGTGTGGCA-1,CSF,-0.21251242171052193
MS,CSF_16,CATGGCGGTGTGCGTC-1,CSF,-0.07157349201915446
MS,CSF_16,CATGGCGGTGTTGAGG-1,CSF,-0.2648402115442833
MS,CSF_16,CATTATCAGGTACTCT-1,CSF,0.029926082937060006
MS,CSF_16,CATTATCCAGCATACT-1,CSF,0.5111097891933168
MS,CSF_16,CATTATCGTTAGTGGG-1,CSF,-0.07157349201915446
MS,CSF_16,CATTATCTCACTTCAT-1,CSF,0.3463271629300695
MS,CSF_16,CCAATCCGTAGCTGCC-1,CSF,0.2526553581296597
MS,CSF_16,CCAATCCTCCAAGTAC-1,CSF,0.2713827404760455
MS,CSF_16,CCAATCCTCGGTTAAC-1,CSF,0.3670750099141986
MS,CSF_16,CCACCTAAGATCCGAG-1,CSF,-0.07157349201915446
MS,CSF_16,CCACCTACATGAAGTA-1,CSF,0.19850173434537172
MS,CSF_16,CCACCTAGTAAATGTG-1,CSF,0.39379791033690853
MS,CSF_16,CCACCTAGTACAAGTA-1,CSF,0.12256051707873218
MS,CSF_16,CCACGGAGTAAGGGCT-1,CSF,0.25448383148150144
MS,CSF_16,CCACGGAGTCTAGCCG-1,CSF,-0.07157349201915446
MS,CSF_16,CCACTACAGCCAGAAC-1,CSF,-0.15777852258710107
MS,CSF_16,CCACTACGTAGCGTGA-1,CSF,0.07636356327208309
MS,CSF_16,CCACTACGTCGACTAT-1,CSF,0.05098499630236243
MS,CSF_16,CCACTACTCCTAGTGA-1,CSF,-0.06013290466507353
MS,CSF_16,CCACTACTCTGCCAGG-1,CSF,0.15881629039210904
MS,CSF_16,CCAGCGAGTCGTCTTC-1,CSF,0.32435471960358786
MS,CSF_16,CCATGTCAGACCTTTG-1,CSF,0.2688707764836861
MS,CSF_16,CCATGTCAGTCACGCC-1,CSF,0.39189600102048233
MS,CSF_16,CCATGTCGTAGCTGCC-1,CSF,-0.34413049661503015
MS,CSF_16,CCATGTCTCAGTTAGC-1,CSF,0.15569653867311997
MS,CSF_16,CCATTCGCACAGATTC-1,CSF,0.15122375042902306
MS,CSF_16,CCATTCGCAGAGTGTG-1-1,CSF,0.3601995776861792
MS,CSF_16,CCATTCGCAGCGAACA-1,CSF,0.4220738562744867
MS,CSF_16,CCATTCGGTATAATGG-1,CSF,0.006102283746762828
MS,CSF_16,CCATTCGGTATCAGTC-1,CSF,-0.007127968836062311
MS,CSF_16,CCATTCGGTCGCCATG-1,CSF,0.31127133493911396
MS,CSF_16,CCATTCGTCATCACCC-1,CSF,-0.07157349201915446
MS,CSF_16,CCCAATCAGAGTACCG-1,CSF,0.19267164913857912
MS,CSF_16,CCCAGTTAGCTGCAAG-1,CSF,-0.07577649562044407
MS,CSF_16,CCCAGTTTCACCGTAA-1,CSF,0.05928235309204828
MS,CSF_16,CCCAGTTTCGTTACAG-1,CSF,0.10072891626410903
MS,CSF_16,CCCATACAGCTCCTTC-1,CSF,0.0998417810582078
MS,CSF_16,CCCATACAGGATATAC-1,CSF,-0.11839566910002093
MS,CSF_16,CCCATACCAATCTGCA-1,CSF,0.21362005489415914
MS,CSF_16,CCCATACGTGCAGACA-1,CSF,-0.05652482646759348
MS,CSF_16,CCCATACTCGGCGGTT-1,CSF,-0.24659657073509691
MS,CSF_16,CCCTCCTCATCACGAT-1,CSF,-0.03966115387296449
MS,CSF_16,CCCTCCTTCAAACCAC-1,CSF,0.1781676196434329
MS,CSF_16,CCGGGATCACATTAGC-1,CSF,0.08264655913901744
MS,CSF_16,CCGGGATGTTACGCGC-1,CSF,0.07594019142324414
MS,CSF_16,CCGGGATTCTCTTATG-1,CSF,-0.1669458844705994
MS,CSF_16,CCGGTAGCAACCGCCA-1,CSF,-0.013688302208005505
MS,CSF_16,CCGTACTCAGGCTCAC-1,CSF,-0.051974632306751145
MS,CSF_16,CCGTACTGTAGAGTGC-1,CSF,0.3035837399735614
MS,CSF_16,CCGTACTTCTGTTTGT-1,CSF,0.29170536339609754
MS,CSF_16,CCGTTCAAGAGGGATA-1,CSF,-0.07157349201915446
MS,CSF_16,CCGTTCATCGGGAGTA-1,CSF,0.25742505364958
MS,CSF_16,CCTAAAGGTGACTACT-1,CSF,-0.07418259307902074
MS,CSF_16,CCTACACAGATAGCAT-1,CSF,-0.3631673562723066
MS,CSF_16,CCTACACAGCTCCTCT-1,CSF,0.056585941077390026
MS,CSF_16,CCTACCACACGCTTTC-1,CSF,0.3254389165879487
MS,CSF_16,CCTACCACATAAAGGT-1,CSF,0.06393290212017556
MS,CSF_16,CCTACCAGTCTTTCAT-1,CSF,0.3119238195728758
MS,CSF_16,CCTACCAGTGGACGAT-1,CSF,0.06046337090456041
MS,CSF_16,CCTACCATCGAGAGCA-1,CSF,0.24173747263500425
MS,CSF_16,CCTACCATCGGGAGTA-1,CSF,-0.19386422680113022
MS,CSF_16,CCTAGCTAGCTGAAAT-1,CSF,0.2733638679708136
MS,CSF_16,CCTAGCTCAATACGCT-1,CSF,0.12554831107473208
MS,CSF_16,CCTAGCTCAGCATACT-1,CSF,0.5533557791317604
MS,CSF_16,CCTAGCTGTAGCTTGT-1,CSF,-0.2823063026082505
MS,CSF_16,CCTATTAAGCTCCTCT-1,CSF,-0.12688028081169098
MS,CSF_16,CCTATTAGTGGCCCTA-1,CSF,0.5092068408151748
MS,CSF_16,CCTCAGTCATTTCAGG-1,CSF,0.15472166412900115
MS,CSF_16,CCTCTGACATGACGGA-1,CSF,0.04195910126210318
MS,CSF_16,CCTCTGAGTGCGATAG-1,CSF,-0.1153438015247668
MS,CSF_16,CCTCTGATCCGCAAGC-1,CSF,0.5592660748172834
MS,CSF_16,CCTTACGCATTGGTAC-1,CSF,0.14738259902937823
MS,CSF_16,CCTTACGTCACAGGCC-1,CSF,-0.07157349201915446
MS,CSF_16,CCTTACGTCAGTGTTG-1,CSF,0.03982388105172398
MS,CSF_16,CCTTCCCAGTTGTCGT-1,CSF,0.21747589523944583
MS,CSF_16,CCTTCCCCAGTCGTGC-1,CSF,0.11481499021423426
MS,CSF_16,CCTTCCCGTTGGTGGA-1,CSF,-0.07157349201915446
MS,CSF_16,CCTTCGAAGTATCTCG-1,CSF,-0.12397432270948228
MS,CSF_16,CCTTTCTTCCTTTCGG-1,CSF,0.14994811240498615
MS,CSF_16,CGAACATAGTGGGTTG-1,CSF,-0.15133316950018422
MS,CSF_16,CGAACATCAACTTGAC-1,CSF,-0.16202615466432338
MS,CSF_16,CGAACATGTCCAGTTA-1-1,CSF,0.34976341626698737
MS,CSF_16,CGAACATGTTACAGAA-1,CSF,0.5610304726201296
MS,CSF_16,CGAACATTCACAATGC-1,CSF,0.3157780081809731
MS,CSF_16,CGAACATTCGGTGTCG-1,CSF,-0.17460273068820203
MS,CSF_16,CGAATGTCACCGAAAG-1,CSF,0.015198161501545099
MS,CSF_16,CGAATGTGTCGAGATG-1,CSF,0.0833030104354487
MS,CSF_16,CGAATGTGTCGCCATG-1,CSF,0.10225537519439797
MS,CSF_16,CGAATGTTCTCCAGGG-1,CSF,-0.03411737300496969
MS,CSF_16,CGACCTTGTGCACCAC-1,CSF,0.10748042373156338
MS,CSF_16,CGACCTTTCACCGGGT-1,CSF,0.1616669818817012
MS,CSF_16,CGACCTTTCAGAGCTT-1,CSF,-0.4929924799281227
MS,CSF_16,CGACTTCTCTTCCTTC-1,CSF,0.10243640345742396
MS,CSF_16,CGAGAAGAGGCTAGGT-1,CSF,0.21053313750717187
MS,CSF_16,CGAGAAGAGTGGAGTC-1-1,CSF,-0.2641134437904222
MS,CSF_16,CGAGAAGCACCTATCC-1,CSF,-0.47664093221125603
MS,CSF_16,CGAGAAGGTATGGTTC-1,CSF,0.12767325638750723
MS,CSF_16,CGAGCACTCCTTAATC-1,CSF,-0.007271099264493716
MS,CSF_16,CGAGCACTCGCAAGCC-1,CSF,0.40583820924567887
MS,CSF_16,CGAGCCAAGCTGAAAT-1,CSF,-0.07157349201915446
MS,CSF_16,CGAGCCACAATACGCT-1,CSF,0.7347452629062496
MS,CSF_16,CGAGCCACACGAGGTA-1,CSF,-0.0028302123429969233
MS,CSF_16,CGAGCCAGTAACGACG-1,CSF,-0.053228206118548164
MS,CSF_16,CGAGCCAGTCTTCGTC-1,CSF,0.06247465508409313
MS,CSF_16,CGAGCCATCCAGAAGG-1,CSF,0.38557315616276217
MS,CSF_16,CGAGCCATCGAATGGG-1,CSF,-0.07157349201915446
MS,CSF_16,CGATCGGCACAGGAGT-1,CSF,0.23798200646298376
MS,CSF_16,CGATCGGTCACATAGC-1,CSF,0.8362226988282601
MS,CSF_16,CGATCGGTCTGCGGCA-1,CSF,0.2854940231164317
MS,CSF_16,CGATGGCTCTCGATGA-1,CSF,0.1058256673447128
MS,CSF_16,CGATGTACACATTCGA-1,CSF,0.04450422608451956
MS,CSF_16,CGATGTAGTGCTAGCC-1,CSF,0.5068193319472184
MS,CSF_16,CGATGTAGTGGTCTCG-1,CSF,-0.07157349201915446
MS,CSF_16,CGATGTAGTTCCTCCA-1,CSF,0.07088614788788414
MS,CSF_16,CGATTGAAGTGCAAGC-1-1,CSF,-0.07157349201915446
MS,CSF_16,CGATTGACAAATTGCC-1,CSF,-0.15789417316660356
MS,CSF_16,CGATTGACACCATCCT-1,CSF,0.2974556516733142
MS,CSF_16,CGATTGACAGTCCTTC-1,CSF,-0.04407355230768706
MS,CSF_16,CGCCAAGAGGTGCACA-1,CSF,-0.034609424767960174
MS,CSF_16,CGCCAAGGTTCGGCAC-1,CSF,0.08682311971059857
MS,CSF_16,CGCCAAGTCTGTCAAG-1,CSF,-0.16663118387840367
MS,CSF_16,CGCGGTAAGGTCATCT-1,CSF,0.5336228029070631
MS,CSF_16,CGCGGTACACAGACTT-1,CSF,-0.07157349201915446
MS,CSF_16,CGCGGTACACCAGATT-1,CSF,-0.0746622945748774
MS,CSF_16,CGCGGTAGTCGAACAG-1,CSF,-0.07157349201915446
MS,CSF_16,CGCGGTAGTCTGGTCG-1,CSF,0.07428789094236742
MS,CSF_16,CGCGGTATCCACGTGG-1,CSF,0.023416633358342494
MS,CSF_16,CGCGGTATCCGTAGGC-1,CSF,0.17945157205139725
MS,CSF_16,CGCGTTTAGTGGCACA-1,CSF,0.02137229133418875
MS,CSF_16,CGCGTTTGTGTGAAAT-1,CSF,-0.05953900202159892
MS,CSF_16,CGCGTTTTCAAACAAG-1,CSF,0.4492065848773489
MS,CSF_16,CGCGTTTTCCTGCCAT-1,CSF,0.568044888607273
MS,CSF_16,CGCTATCAGAAGCCCA-1,CSF,-0.07157349201915446
MS,CSF_16,CGCTATCAGTACGTTC-1,CSF,0.1633124364608539
MS,CSF_16,CGCTATCGTGATAAGT-1,CSF,0.19532459805997182
MS,CSF_16,CGCTATCGTTCTCATT-1,CSF,-0.11372945486201894
MS,CSF_16,CGCTATCTCGGGAGTA-1,CSF,0.7624153230350114
MS,CSF_16,CGCTGGACACGTTGGC-1,CSF,0.22692025158362292
MS,CSF_16,CGCTTCACACCTGGTG-1,CSF,-0.1528315795881205
MS,CSF_16,CGGACACAGCATGGCA-1,CSF,-0.07157349201915446
MS,CSF_16,CGGACACCATGCCTTC-1-1,CSF,0.18288216076049477
MS,CSF_16,CGGACACGTATGAATG-1,CSF,0.28139626299681225
MS,CSF_16,CGGACGTCACCAGATT-1,CSF,-0.07157349201915446
MS,CSF_16,CGGACGTGTTCCATGA-1,CSF,0.27608622801132315
MS,CSF_16,CGGACGTTCCAGTAGT-1,CSF,0.10825051172965619
MS,CSF_16,CGGACTGGTAAACACA-1,CSF,0.03671299024747143
MS,CSF_16,CGGACTGGTTATCGGT-1,CSF,0.8765183662164208
MS,CSF_16,CGGACTGGTTCCAACA-1,CSF,-0.45775970607869265
MS,CSF_16,CGGAGCTAGTTACGGG-1,CSF,-0.34683144570743313
MS,CSF_16,CGGAGCTCACTCTGTC-1,CSF,0.48990238817658815
MS,CSF_16,CGGAGCTGTTCGCGAC-1,CSF,0.21290727289360614
MS,CSF_16,CGGAGTCTCAGGCGAA-1,CSF,0.17993076948797163
MS,CSF_16,CGGAGTCTCTTGCCGT-1,CSF,0.10583756323634808
MS,CSF_16,CGGCTAGAGCGCCTCA-1,CSF,-0.26008227801151224
MS,CSF_16,CGGCTAGGTCTCACCT-1,CSF,0.03443060448808912
MS,CSF_16,CGGGTCAGTGAGTATA-1,CSF,0.6074292894270696
MS,CSF_16,CGGTTAAGTTCCTCCA-1,CSF,0.08928887733902964
MS,CSF_16,CGTAGCGTCTGTTGAG-1,CSF,-0.17752402721708999
MS,CSF_16,CGTAGGCAGTGTGGCA-1,CSF,0.06696624811556114
MS,CSF_16,CGTAGGCGTACGCACC-1,CSF,-0.01624260957460604
MS,CSF_16,CGTAGGCGTTGGAGGT-1,CSF,-0.07157349201915446
MS,CSF_16,CGTAGGCTCCTTGGTC-1,CSF,0.22589729126166416
MS,CSF_16,CGTCACTAGGTGATAT-1,CSF,-0.07157349201915446
MS,CSF_16,CGTCACTCAAGTCTGT-1,CSF,0.19479067964894645
MS,CSF_16,CGTCACTCAGCGTAAG-1,CSF,-0.1446867304418134
MS,CSF_16,CGTCACTGTTGAGGTG-1,CSF,0.12401217284911485
MS,CSF_16,CGTCACTTCGGTTCGG-1,CSF,0.3590496197379659
MS,CSF_16,CGTCAGGCACGAGGTA-1,CSF,-0.163452136058131
MS,CSF_16,CGTCAGGCAGTATGCT-1,CSF,0.12630962845700042
MS,CSF_16,CGTCAGGCATTGTGCA-1,CSF,-0.2210052181333603
MS,CSF_16,CGTCAGGGTGCAGGTA-1,CSF,0.4914206505865239
MS,CSF_16,CGTCAGGGTGGTCCGT-1,CSF,-0.19608505190129252
MS,CSF_16,CGTCCATCAAGAAAGG-1,CSF,-0.07157349201915446
MS,CSF_16,CGTCCATCAGCCTGTG-1,CSF,-0.14169979476014163
MS,CSF_16,CGTCCATGTAAGTGTA-1,CSF,0.4725272053115884
MS,CSF_16,CGTCCATGTGGTCCGT-1,CSF,-0.02451745239347152
MS,CSF_16,CGTCCATTCATCATTC-1,CSF,-0.07157349201915446
MS,CSF_16,CGTCCATTCGTACGGC-1,CSF,0.11615006921990281
MS,CSF_16,CGTCTACCAGATCGGA-1,CSF,-0.029046636225338412
MS,CSF_16,CGTCTACTCAGTGCAT-1,CSF,0.1790682643852585
MS,CSF_16,CGTCTACTCCAATGGT-1,CSF,0.01814506842865483
MS,CSF_16,CGTGAGCAGGGCTCTC-1,CSF,0.16821248948325065
MS,CSF_16,CGTGAGCCAGGTTTCA-1,CSF,0.43647830275297184
MS,CSF_16,CGTGTAAGTACCCAAT-1,CSF,-0.17027401464324757
MS,CSF_16,CGTGTAAGTACTTGAC-1,CSF,-0.058204015951621994
MS,CSF_16,CGTGTAAGTAGCGCTC-1,CSF,-0.24544744337523186
MS,CSF_16,CGTGTAAGTGATGCCC-1,CSF,0.3337562959356663
MS,CSF_16,CGTGTAATCACCAGGC-1,CSF,0.45273314285269367
MS,CSF_16,CGTGTAATCGGCTACG-1,CSF,-0.012538719988240172
MS,CSF_16,CGTGTCTAGTGTCCCG-1,CSF,0.45356529273361346
MS,CSF_16,CGTGTCTCAAATTGCC-1,CSF,-0.28967704260608
MS,CSF_16,CGTGTCTTCCAGAAGG-1,CSF,0.364820563547215
MS,CSF_16,CGTTAGAGTGCGGTAA-1,CSF,0.5840014643104128
MS,CSF_16,CGTTAGAGTTAGATGA-1,CSF,-0.07157349201915446
MS,CSF_16,CGTTAGAGTTGAACTC-1,CSF,0.2526974718147605
MS,CSF_16,CGTTAGATCTAGAGTC-1,CSF,-0.24882002155956648
MS,CSF_16,CGTTCTGAGCTCCTCT-1,CSF,-0.05598037848678705
MS,CSF_16,CGTTCTGAGGATATAC-1,CSF,0.5451408258270322
MS,CSF_16,CGTTCTGGTACCGTTA-1,CSF,0.23483058520263558
MS,CSF_16,CGTTGGGCATCTATGG-1,CSF,-0.40210375988795505
MS,CSF_16,CGTTGGGGTCATATGC-1,CSF,-0.0804007306805812
MS,CSF_16,CGTTGGGTCCACTCCA-1,CSF,0.3555179382835209
MS,CSF_16,CGTTGGGTCGGCTTGG-1,CSF,0.07971629490887029
MS,CSF_16,CTAACTTAGGCGTACA-1,CSF,0.22219183007682403
MS,CSF_16,CTAACTTCACCAGGCT-1,CSF,0.4519541373213931
MS,CSF_16,CTAACTTGTAGGACAC-1,CSF,-0.3045064626114141
MS,CSF_16,CTAACTTGTCTCGTTC-1,CSF,-0.18782681264304427
MS,CSF_16,CTAAGACCAACTTGAC-1,CSF,0.0049708929156991
MS,CSF_16,CTAAGACCACCTCGGA-1,CSF,0.6987985678420038
MS,CSF_16,CTAAGACTCTAACTTC-1,CSF,-0.07157349201915446
MS,CSF_16,CTAATGGAGAAGGACA-1,CSF,0.41810013626676307
MS,CSF_16,CTAATGGCACAAGTAA-1,CSF,0.3850636172778623
MS,CSF_16,CTAATGGGTCTAGAGG-1,CSF,0.08105840974467779
MS,CSF_16,CTAATGGGTTTGACAC-1,CSF,0.35970717105427946
MS,CSF_16,CTACACCAGTGCGTGA-1,CSF,0.14056426026005364
MS,CSF_16,CTACACCCAACTGCTA-1,CSF,0.17967836217417643
MS,CSF_16,CTACACCGTCGGCACT-1,CSF,-0.07157349201915446
MS,CSF_16,CTACACCGTGCACCAC-1,CSF,0.2691202217681567
MS,CSF_16,CTACACCGTGCACGAA-1,CSF,0.48031911768258645
MS,CSF_16,CTACACCTCATGGTCA-1,CSF,0.15626782330392994
MS,CSF_16,CTACACCTCTCTGTCG-1,CSF,0.1309246121968965
MS,CSF_16,CTACATTAGGGTTCCC-1,CSF,0.011324960658761731
MS,CSF_16,CTACATTCAGTTCATG-1-1,CSF,-0.14933358116508874
MS,CSF_16,CTACATTTCCGTACAA-1,CSF,0.1426895165959344
MS,CSF_16,CTACCCAAGATATGCA-1,CSF,-0.1750687860912346
MS,CSF_16,CTACCCAAGTCCGTAT-1,CSF,0.27716502251856884
MS,CSF_16,CTACCCACACTGTCGG-1,CSF,0.1855633038067172
MS,CSF_16,CTACCCAGTCTCAACA-1,CSF,0.12672456704868465
MS,CSF_16,CTACCCAGTTGGACCC-1,CSF,-0.17132282949334265
MS,CSF_16,CTACCCATCAAGGTAA-1,CSF,0.32208407863249944
MS,CSF_16,CTACCCATCCGCAAGC-1,CSF,-0.3649500349133019
MS,CSF_16,CTACGTCAGGTGATAT-1,CSF,0.18401225722612355
MS,CSF_16,CTACGTCGTTATGCGT-1,CSF,-0.07157349201915446
MS,CSF_16,CTACGTCTCGCATGGC-1,CSF,-0.20534385460425458
MS,CSF_16,CTACGTCTCTCTGCTG-1,CSF,0.0010046613962674414
MS,CSF_16,CTAGCCTTCTGTCAAG-1,CSF,-0.07157349201915446
MS,CSF_16,CTAGTGAAGTTGTCGT-1,CSF,-0.34503800122195655
MS,CSF_16,CTAGTGACAAGTTCTG-1,CSF,-0.04120237115281528
MS,CSF_16,CTAGTGAGTCTAAACC-1,CSF,0.3678612025225187
MS,CSF_16,CTAGTGAGTCTAGTCA-1,CSF,0.2928258485000426
MS,CSF_16,CTCACACCAGGACGTA-1,CSF,0.38728809720964447
MS,CSF_16,CTCAGAAGTCGGCATC-1,CSF,-0.07157349201915446
MS,CSF_16,CTCAGAATCCGTTGTC-1,CSF,0.1304534250924136
MS,CSF_16,CTCATTATCATGTCCC-1,CSF,0.2823142598808016
MS,CSF_16,CTCGAAATCAGAGGTG-1,CSF,-0.37529839087381084
MS,CSF_16,CTCGAGGAGATAGGAG-1,CSF,0.14292697931281198
MS,CSF_16,CTCGAGGAGCCACGCT-1,CSF,-0.18363255993910443
MS,CSF_16,CTCGAGGAGCTGATAA-1,CSF,0.04069288107477696
MS,CSF_16,CTCGAGGAGGTGCTAG-1,CSF,0.2804525483732319
MS,CSF_16,CTCGAGGAGTGGGTTG-1,CSF,-0.4131958828848951
MS,CSF_16,CTCGAGGCACAAGCCC-1,CSF,-0.20282262661405692
MS,CSF_16,CTCGAGGGTGTAATGA-1,CSF,-0.14564989073563123
MS,CSF_16,CTCGAGGTCAGTTTGG-1,CSF,0.007453908488580249
MS,CSF_16,CTCGGAGAGACTGTAA-1,CSF,0.16896092408652974
MS,CSF_16,CTCGGAGAGCTAGCCC-1,CSF,-0.14361878957494859
MS,CSF_16,CTCGGAGGTCACAAGG-1,CSF,0.08434609687089878
MS,CSF_16,CTCGGGAAGGCCGAAT-1,CSF,-0.2769733469553593
MS,CSF_16,CTCGGGACATTGGGCC-1,CSF,-0.07157349201915446
MS,CSF_16,CTCGGGAGTGATGCCC-1,CSF,0.46671808884528565
MS,CSF_16,CTCGGGATCAACTCTT-1,CSF,0.4965326977022165
MS,CSF_16,CTCGGGATCACAACGT-1,CSF,0.2071925270209681
MS,CSF_16,CTCGGGATCTGGCGTG-1,CSF,0.32410000123220073
MS,CSF_16,CTCGTACAGTGGAGTC-1,CSF,0.0004568226729285696
MS,CSF_16,CTCGTACGTGGTAACG-1-1,CSF,0.16099313795425996
MS,CSF_16,CTCGTACGTTAGGGTG-1,CSF,0.3249899694399082
MS,CSF_16,CTCGTCAGTTACGCGC-1,CSF,-0.1654476846551915
MS,CSF_16,CTCGTCAGTTCCTCCA-1,CSF,0.31392754765433584
MS,CSF_16,CTCTACGCATGGTCTA-1,CSF,0.023334355453594142
MS,CSF_16,CTGAAACAGCCCGAAA-1,CSF,0.39042645707899665
MS,CSF_16,CTGAAACCACGGTAGA-1,CSF,0.2708928599010073
MS,CSF_16,CTGAAGTGTGACCAAG-1,CSF,-0.4174871780637062
MS,CSF_16,CTGAAGTGTGATGATA-1,CSF,0.1658385248972428
MS,CSF_16,CTGATAGAGAAGAAGC-1,CSF,0.20997595557660434
MS,CSF_16,CTGATAGGTCTCTTAT-1,CSF,0.5009202616867838
MS,CSF_16,CTGATAGTCGCGCCAA-1,CSF,-0.13983914628766872
MS,CSF_16,CTGCCTACATTACGAC-1,CSF,-0.09699586365475289
MS,CSF_16,CTGCCTAGTGGCAAAC-1,CSF,0.08905177725666595
MS,CSF_16,CTGCTGTAGAACAACT-1,CSF,0.062494633862806175
MS,CSF_16,CTGCTGTAGAGGGATA-1,CSF,0.11359934728615542
MS,CSF_16,CTGCTGTAGATTACCC-1,CSF,0.2621154924074261
MS,CSF_16,CTGCTGTCAACTTGAC-1,CSF,0.28408401533327726
MS,CSF_16,CTGCTGTCAATGACCT-1,CSF,0.18300130691735506
MS,CSF_16,CTGCTGTGTGCGCTTG-1,CSF,-0.07157349201915446
MS,CSF_16,CTGGTCTCACGGACAA-1,CSF,0.32380863720921466
MS,CSF_16,CTGGTCTGTCGGCATC-1-1,CSF,0.13590160134806503
MS,CSF_16,CTGGTCTTCTGGCGTG-1,CSF,-0.14982555284449944
MS,CSF_16,CTGTGCTCAATGGAAT-1,CSF,0.31730401955054593
MS,CSF_16,CTGTGCTCAGCTTCGG-1,CSF,0.1539497617551863
MS,CSF_16,CTGTTTACAAGTTCTG-1,CSF,0.11793003064768752
MS,CSF_16,CTGTTTAGTCTTGCGG-1,CSF,-0.2548259489061229
MS,CSF_16,CTGTTTAGTTCTGTTT-1,CSF,0.37444010214538087
MS,CSF_16,CTTAACTCAGGTTTCA-1,CSF,0.30943658679390496
MS,CSF_16,CTTAACTTCCTGCTTG-1,CSF,0.1244564806221374
MS,CSF_16,CTTACCGGTCTTCTCG-1,CSF,-0.05887057725992141
MS,CSF_16,CTTACCGGTTACGTCA-1,CSF,0.01422641522220772
MS,CSF_16,CTTACCGTCACCCTCA-1,CSF,0.7982472614799676
MS,CSF_16,CTTCTCTCAGCTGTGC-1,CSF,0.2543426728913333
MS,CSF_16,CTTCTCTGTGGTCCGT-1,CSF,0.3672157275336793
MS,CSF_16,CTTCTCTTCAACTCTT-1,CSF,0.06998894808572022
MS,CSF_16,CTTCTCTTCCCGACTT-1,CSF,0.31226608723364785
MS,CSF_16,CTTGGCTAGAGGTTGC-1,CSF,-0.07157349201915446
MS,CSF_16,CTTGGCTCACGGCTAC-1,CSF,-0.07157349201915446
MS,CSF_16,CTTTGCGGTCTCCATC-1,CSF,0.490632409449598
MS,CSF_16,CTTTGCGTCAGCATGT-1,CSF,0.4788522905113471
MS,CSF_16,GAAACTCCACCCATGG-1,CSF,0.4880396099552116
MS,CSF_16,GAAACTCGTAGCGATG-1,CSF,-0.01688478392819846
MS,CSF_16,GAAACTCGTCAGGACA-1,CSF,0.16971861179534228
MS,CSF_16,GAAATGAGTAGAGCTG-1,CSF,0.12849922677448442
MS,CSF_16,GAAATGATCGCAAGCC-1,CSF,0.5479281961030148
MS,CSF_16,GAACATCTCGTCACGG-1,CSF,0.38280949798429686
MS,CSF_16,GAACCTAAGATGCCAG-1,CSF,0.09953776523467942
MS,CSF_16,GAACCTACAGCGTAAG-1,CSF,-0.04256338299965477
MS,CSF_16,GAACGGACAGGATCGA-1,CSF,0.2884910356314126
MS,CSF_16,GAACGGACATGGTCTA-1,CSF,-0.058190792731568845
MS,CSF_16,GAACGGAGTGACGCCT-1,CSF,0.09298151501712061
MS,CSF_16,GAACGGATCTTGTACT-1,CSF,0.12509139551339613
MS,CSF_16,GAAGCAGCAGCCTTTC-1,CSF,0.24881864522864497
MS,CSF_16,GAAGCAGCATCACAAC-1,CSF,0.2775950384946487
MS,CSF_16,GAAGCAGCATTCTCAT-1,CSF,-0.04979018222107904
MS,CSF_16,GAAGCAGGTCAAAGCG-1,CSF,0.13828499698203464
MS,CSF_16,GAAGCAGGTGTCCTCT-1,CSF,0.44256099959873935
MS,CSF_16,GAATAAGAGTCAAGGC-1,CSF,0.5192569179175083
MS,CSF_16,GAATGAAAGGATATAC-1,CSF,0.0025225912910675774
MS,CSF_16,GAATGAACATACCATG-1,CSF,0.19990515072224785
MS,CSF_16,GACACGCAGCTCCTTC-1,CSF,0.3850284626450048
MS,CSF_16,GACACGCAGGAGTAGA-1,CSF,-0.03658468905672493
MS,CSF_16,GACACGCCAATTGCTG-1,CSF,-0.07157349201915446
MS,CSF_16,GACACGCCACCGCTAG-1,CSF,-0.07157349201915446
MS,CSF_16,GACACGCCAGGGATTG-1,CSF,0.13945800835283115
MS,CSF_16,GACACGCTCGCGATCG-1,CSF,-0.18011479291545388
MS,CSF_16,GACAGAGAGTCGTACT-1,CSF,0.2281740086548258
MS,CSF_16,GACAGAGTCTAACTGG-1,CSF,0.04720869995249844
MS,CSF_16,GACCAATAGCACCGTC-1,CSF,0.16577309926458586
MS,CSF_16,GACCAATTCTCCCTGA-1,CSF,0.3018403947503286
MS,CSF_16,GACCTGGAGGTAGCTG-1,CSF,0.16005339546244352
MS,CSF_16,GACCTGGAGGTGATAT-1,CSF,-0.37238023182985536
MS,CSF_16,GACCTGGAGTGGAGTC-1,CSF,0.06825008713570717
MS,CSF_16,GACGGCTCAGAGTGTG-1-1,CSF,-0.07157349201915446
MS,CSF_16,GACGTGCAGAGCTTCT-1,CSF,-0.07779658108692414
MS,CSF_16,GACGTGCAGCAAATCA-1,CSF,-0.28163474537359207
MS,CSF_16,GACGTGCCAAGTTCTG-1,CSF,0.34926081316484486
MS,CSF_16,GACGTGCCACCCTATC-1,CSF,-0.00949700971217011
MS,CSF_16,GACGTGCCACGGCCAT-1,CSF,0.13791354274675188
MS,CSF_16,GACGTGCTCCACTCCA-1,CSF,-0.017039690456214483
MS,CSF_16,GACGTTAGTTGAGGTG-1,CSF,0.6123257780166714
MS,CSF_16,GACTAACAGAAGAAGC-1,CSF,0.25400671142799025
MS,CSF_16,GACTAACAGGTAAACT-1,CSF,-0.22584247196548374
MS,CSF_16,GACTAACCACAAGTAA-1,CSF,0.29736625005039147
MS,CSF_16,GACTACAAGGACACCA-1,CSF,0.8174483586301654
MS,CSF_16,GACTACACATCACGTA-1,CSF,-0.07157349201915446
MS,CSF_16,GACTACAGTCTCTCGT-1,CSF,-0.07157349201915446
MS,CSF_16,GACTACATCCATGAGT-1,CSF,0.4650329060260427
MS,CSF_16,GACTACATCGGTTAAC-1,CSF,0.07044736040470687
MS,CSF_16,GACTGCGCACAGGAGT-1,CSF,0.14478809494165606
MS,CSF_16,GACTGCGGTTCCATGA-1,CSF,-0.07157349201915446
MS,CSF_16,GAGCAGAAGCCTCGTG-1,CSF,-0.3809437076278206
MS,CSF_16,GAGCAGAAGGTGCTTT-1,CSF,0.5519218897843133
MS,CSF_16,GAGCAGATCGGGAGTA-1,CSF,0.26903469497871013
MS,CSF_16,GAGGTGACATTAGCCA-1,CSF,-0.05943047513833223
MS,CSF_16,GAGGTGAGTAGAGTGC-1,CSF,-0.14999458716125671
MS,CSF_16,GAGTCCGAGGGTGTGT-1,CSF,-0.43328174595289426
MS,CSF_16,GAGTCCGCAAACGTGG-1,CSF,-0.07157349201915446
MS,CSF_16,GAGTCCGTCGAACTGT-1,CSF,0.1875740820756775
MS,CSF_16,GAGTCCGTCGCTTAGA-1-1,CSF,1.107095328353071
MS,CSF_16,GATCAGTAGACAAAGG-1,CSF,-0.07157349201915446
MS,CSF_16,GATCAGTAGAGTACCG-1,CSF,0.2416844307559307
MS,CSF_16,GATCAGTGTCTAAACC-1,CSF,-0.07157349201915446
MS,CSF_16,GATCGATGTAAGTAGT-1,CSF,0.4274244494787632
MS,CSF_16,GATCGCGTCCTGCAGG-1,CSF,-0.07157349201915446
MS,CSF_16,GATCGTAAGACGCAAC-1,CSF,-0.1089822769409475
MS,CSF_16,GATCGTAAGGCACATG-1,CSF,0.13411649219431637
MS,CSF_16,GATCGTACAGGCTCAC-1,CSF,0.18291950168422338
MS,CSF_16,GATCGTAGTGTGCCTG-1,CSF,-0.05917611192624212
MS,CSF_16,GATCGTATCACAAACC-1,CSF,-0.3559832286255053
MS,CSF_16,GATGAAAAGTTCCACA-1,CSF,0.2052451438955028
MS,CSF_16,GATGAGGAGCCTATGT-1,CSF,-0.07157349201915446
MS,CSF_16,GATGCTAAGGCTCTTA-1,CSF,-0.06024289941962898
MS,CSF_16,GATGCTACAATCTGCA-1,CSF,0.25567175915506846
MS,CSF_16,GATGCTAGTCTTCAAG-1,CSF,-0.07157349201915446
MS,CSF_16,GATTCAGAGCGTGAGT-1,CSF,0.2512858866986917
MS,CSF_16,GATTCAGCAAGGCTCC-1,CSF,0.11910477787907837
MS,CSF_16,GATTCAGGTAACGACG-1,CSF,-0.17769138029051867
MS,CSF_16,GATTCAGGTAGTACCT-1,CSF,-0.12663920409523238
MS,CSF_16,GCAAACTAGTTTAGGA-1,CSF,-0.17639689941392064
MS,CSF_16,GCAAACTCAAGCTGGA-1,CSF,-0.006703962536150632
MS,CSF_16,GCAAACTCATGAGCGA-1,CSF,0.2675110854827603
MS,CSF_16,GCAATCACATGCAATC-1,CSF,-0.03415188353936222
MS,CSF_16,GCAATCAGTCGCCATG-1,CSF,-0.39803047046046797
MS,CSF_16,GCAATCATCGGAAACG-1,CSF,-0.01036410280478424
MS,CSF_16,GCACATAAGAAGAAGC-1,CSF,-0.059561409334697904
MS,CSF_16,GCACATAAGCGTCAAG-1,CSF,-0.05165767951112995
MS,CSF_16,GCACATACATCACCCT-1,CSF,-0.3874316495982783
MS,CSF_16,GCACTCTAGATGAGAG-1,CSF,-0.4228558882524548
MS,CSF_16,GCACTCTAGCGGATCA-1,CSF,0.33656522235317393
MS,CSF_16,GCACTCTGTAAGAGGA-1-1,CSF,0.2820458186153738
MS,CSF_16,GCACTCTGTCATGCCG-1,CSF,0.4568936665896754
MS,CSF_16,GCACTCTTCGCGATCG-1,CSF,0.27092691831494137
MS,CSF_16,GCAGCCATCCAAGTAC-1,CSF,-0.09854926785588639
MS,CSF_16,GCAGCCATCTATCGCC-1,CSF,0.426817451513073
MS,CSF_16,GCAGTTAAGCGATTCT-1,CSF,-0.06134173272025685
MS,CSF_16,GCAGTTAAGTAGCGGT-1,CSF,0.10663874854642943
MS,CSF_16,GCAGTTAAGTTGCAGG-1,CSF,0.15527031894436621
MS,CSF_16,GCAGTTAGTAAGGATT-1,CSF,-0.1615006589387137
MS,CSF_16,GCAGTTATCCAACCAA-1,CSF,0.023070448327842014
MS,CSF_16,GCATACAAGCGTCTAT-1,CSF,-0.7756590759605001
MS,CSF_16,GCATACACACATGACT-1,CSF,-0.17291606126598902
MS,CSF_16,GCATACATCGCCGTGA-1-1,CSF,0.12124662038381498
MS,CSF_16,GCATGATCACCAACCG-1,CSF,-0.3049640423107806
MS,CSF_16,GCATGATGTAAACACA-1,CSF,-0.33307798188131
MS,CSF_16,GCATGATTCCAATGGT-1,CSF,0.04192417753686505
MS,CSF_16,GCATGATTCTGTTTGT-1,CSF,0.44845093130188124
MS,CSF_16,GCATGTACACAACGTT-1,CSF,-0.07157349201915446
MS,CSF_16,GCATGTACACCGTTGG-1,CSF,0.5923519676304815
MS,CSF_16,GCATGTAGTCCTCCAT-1,CSF,-0.17925831006954107
MS,CSF_16,GCCAAATCATAGAAAC-1,CSF,-0.22117523536112849
MS,CSF_16,GCCTCTACACTCGACG-1,CSF,-0.07157349201915446
MS,CSF_16,GCCTCTACATCGGAAG-1,CSF,0.0011488516147003683
MS,CSF_16,GCGACCAGTACTCAAC-1,CSF,0.396038470248355
MS,CSF_16,GCGACCAGTGTCCTCT-1,CSF,0.08603022742548949
MS,CSF_16,GCGACCAGTGTTCGAT-1,CSF,0.09534262115219584
MS,CSF_16,GCGACCATCTGTCAAG-1,CSF,0.3883389931647991
MS,CSF_16,GCGAGAAAGAAGGGTA-1,CSF,-0.1980108725743151
MS,CSF_16,GCGAGAAAGTGAAGTT-1,CSF,-0.024129020870996824
MS,CSF_16,GCGAGAATCACAAACC-1,CSF,0.6015389743717244
MS,CSF_16,GCGAGAATCTTGACGA-1,CSF,0.10134903309576175
MS,CSF_16,GCGCAACAGAGCTGGT-1,CSF,-0.15786523542830241
MS,CSF_16,GCGCAACCAAACTGTC-1,CSF,-0.042689221028988644
MS,CSF_16,GCGCAACCAGCTGTAT-1,CSF,0.45772301081956074
MS,CSF_16,GCGCAACGTAGCTGCC-1,CSF,0.05724733483610394
MS,CSF_16,GCGCAACTCCACGCAG-1,CSF,0.451716033801758
MS,CSF_16,GCGCAGTGTGGTAACG-1,CSF,0.11969399113800468
MS,CSF_16,GCGCCAAAGACTTGAA-1,CSF,-0.07157349201915446
MS,CSF_16,GCGCCAAAGCACCGCT-1-1,CSF,-0.33197133004735024
MS,CSF_16,GCGCCAAGTATGCTTG-1,CSF,0.13571623694937057
MS,CSF_16,GCGCGATAGTGGGCTA-1,CSF,0.665643989557772
MS,CSF_16,GCGCGATCACTTCTGC-1,CSF,0.1092613648788315
MS,CSF_16,GCGGGTTAGACTGTAA-1,CSF,0.4967249186565947
MS,CSF_16,GCGGGTTAGCACAGGT-1,CSF,0.3527824270681609
MS,CSF_16,GCGGGTTCAAGGTTTC-1,CSF,0.4811815973326321
MS,CSF_16,GCGGGTTCAATGTAAG-1,CSF,0.4291495180791938
MS,CSF_16,GCGGGTTCACGGTAGA-1,CSF,-0.22199610151606053
MS,CSF_16,GCGGGTTCAGATCGGA-1,CSF,1.0353313233433563
MS,CSF_16,GCGGGTTGTGGTACAG-1,CSF,-0.14831537025674887
MS,CSF_16,GCGGGTTTCTTGTATC-1,CSF,-0.12616995291819058
MS,CSF_16,GCTCCTAAGGAGCGAG-1,CSF,0.19892200200697702
MS,CSF_16,GCTCCTAAGTCCCACG-1,CSF,0.0703678464185193
MS,CSF_16,GCTCCTACATCCCATC-1,CSF,-0.07157349201915446
MS,CSF_16,GCTCCTAGTCCAGTAT-1,CSF,-0.29809672686431515
MS,CSF_16,GCTCCTAGTGTCGCTG-1,CSF,0.19811340595365218
MS,CSF_16,GCTCCTATCTCGAGTA-1,CSF,0.4136013106746187
MS,CSF_16,GCTCTGTAGTCGAGTG-1,CSF,-0.1808149597114768
MS,CSF_16,GCTCTGTCAAGTTAAG-1,CSF,-0.13831734340557975
MS,CSF_16,GCTGCAGAGACCTTTG-1,CSF,-0.16539894423362017
MS,CSF_16,GCTGCAGAGGCTCAGA-1,CSF,-0.18787126107773214
MS,CSF_16,GCTGCAGCACACATGT-1,CSF,0.3891917409285699
MS,CSF_16,GCTGCAGGTTAAAGTG-1,CSF,0.4784108371432298
MS,CSF_16,GCTGCAGTCAAAGTAG-1,CSF,-0.07157349201915446
MS,CSF_16,GCTGCAGTCACTTATC-1,CSF,0.15187349377715612
MS,CSF_16,GCTGCTTAGATCTGAA-1,CSF,-0.07846449128241771
MS,CSF_16,GCTGCTTAGCTTATCG-1,CSF,-0.07157349201915446
MS,CSF_16,GCTGCTTAGTGAATTG-1,CSF,0.14357003731552412
MS,CSF_16,GCTGCTTGTCTTCGTC-1,CSF,-0.34971768518868757
MS,CSF_16,GCTGCTTTCCTTTCTC-1,CSF,0.07655544073255381
MS,CSF_16,GCTGCTTTCGGAATCT-1,CSF,0.014253300747266714
MS,CSF_16,GCTGGGTAGCTCCTCT-1,CSF,0.1351211563911223
MS,CSF_16,GCTTCCAGTGATGTGG-1,CSF,0.03731707722586979
MS,CSF_16,GCTTCCATCTAACTTC-1,CSF,-0.029501205571595225
MS,CSF_16,GCTTGAAAGACCTTTG-1,CSF,0.16608507213942492
MS,CSF_16,GCTTGAACAAGGGTCA-1,CSF,0.3544669395249191
MS,CSF_16,GCTTGAACAAGTACCT-1,CSF,0.6405141570161769
MS,CSF_16,GCTTGAAGTGCGGTAA-1,CSF,0.13184081304956272
MS,CSF_16,GGAAAGCAGAGGTTGC-1,CSF,-0.10117433788447026
MS,CSF_16,GGAAAGCTCAGATAAG-1,CSF,0.6833061384988384
MS,CSF_16,GGAACTTCAGGGATTG-1,CSF,-0.19377287067048413
MS,CSF_16,GGAACTTGTAATAGCA-1,CSF,0.07085526677122879
MS,CSF_16,GGAATAAAGAATTGTG-1,CSF,0.3600583227306961
MS,CSF_16,GGAATAAAGATCTGCT-1,CSF,0.09367714009466761
MS,CSF_16,GGAATAACACACGCTG-1,CSF,-0.13034754411429414
MS,CSF_16,GGAATAACATGCCCGA-1,CSF,-0.07157349201915446
MS,CSF_16,GGAATAATCGTAGGTT-1,CSF,0.3284887329277334
MS,CSF_16,GGAATAATCTGATTCT-1,CSF,-0.07157349201915446
MS,CSF_16,GGACAGACAATTCCTT-1,CSF,0.5654500036603912
MS,CSF_16,GGACAGACACACATGT-1,CSF,0.12891485127132568
MS,CSF_16,GGACAGAGTAAGGGCT-1,CSF,-0.3214332411397587
MS,CSF_16,GGACAGATCAACCATG-1,CSF,-0.2024593321508951
MS,CSF_16,GGACATTCATCATCCC-1,CSF,-0.35065744038880975
MS,CSF_16,GGACATTTCCTGCAGG-1,CSF,0.23877768672615543
MS,CSF_16,GGACGTCCACGGTAGA-1,CSF,-0.18107063160533965
MS,CSF_16,GGACGTCGTCTCTTTA-1,CSF,0.22576148839094415
MS,CSF_16,GGACGTCTCATTGCCC-1,CSF,0.08719845617542668
MS,CSF_16,GGAGCAATCTGGCGTG-1,CSF,-0.1050050012276
MS,CSF_16,GGATGTTGTCGCGAAA-1,CSF,-0.07157349201915446
MS,CSF_16,GGCCGATAGACCTAGG-1,CSF,0.26194453600010653
MS,CSF_16,GGCCGATCAAATTGCC-1,CSF,0.14914625627628036
MS,CSF_16,GGCCGATCACCAGTTA-1,CSF,0.24207064934280428
MS,CSF_16,GGCCGATGTCGGCTCA-1,CSF,0.9130617316446671
MS,CSF_16,GGCCGATTCACAACGT-1,CSF,0.11824375471008833
MS,CSF_16,GGCCGATTCCCAAGAT-1,CSF,0.39901889657235373
MS,CSF_16,GGCGACTCAATAGAGT-1,CSF,-0.054242185726438054
MS,CSF_16,GGCGACTCACGGATAG-1,CSF,0.23572216617882705
MS,CSF_16,GGCGTGTAGAGTGACC-1,CSF,0.6572058397497775
MS,CSF_16,GGCGTGTGTCCGTGAC-1,CSF,-0.07157349201915446
MS,CSF_16,GGCGTGTTCGTACCGG-1,CSF,0.06905161032924573
MS,CSF_16,GGCGTGTTCTCGCATC-1,CSF,0.2527421444300895
MS,CSF_16,GGCTCGAAGTGGTAAT-1,CSF,-0.07157349201915446
MS,CSF_16,GGCTCGAGTATTACCG-1,CSF,-0.15653968541295335
MS,CSF_16,GGCTCGAGTCGGCTCA-1,CSF,0.1309871017480369
MS,CSF_16,GGCTCGATCTCAAGTG-1,CSF,0.6576059575261516
MS,CSF_16,GGCTCGATCTCGCATC-1,CSF,-0.07157349201915446
MS,CSF_16,GGCTGGTAGGGTTCCC-1,CSF,-0.16026530088418584
MS,CSF_16,GGCTGGTGTTGTGGCC-1,CSF,-0.17020781935649806
MS,CSF_16,GGCTGGTTCAGAGCTT-1,CSF,0.2097037036737939
MS,CSF_16,GGCTGGTTCCCGACTT-1,CSF,0.20206049285148486
MS,CSF_16,GGGAATGAGCTAGGCA-1,CSF,0.1303545147454985
MS,CSF_16,GGGAATGAGCTTTGGT-1,CSF,0.42861002174262836
MS,CSF_16,GGGAATGAGTACTTGC-1,CSF,-0.47483522157198965
MS,CSF_16,GGGAATGCAGCTCGCA-1,CSF,-0.16961808253771826
MS,CSF_16,GGGAATGCATCTACGA-1,CSF,0.0822111128409031
MS,CSF_16,GGGAATGGTGGTCTCG-1,CSF,0.12009865841100956
MS,CSF_16,GGGAATGTCGCTTAGA-1,CSF,0.20638806469180418
MS,CSF_16,GGGACCTAGGACAGAA-1,CSF,-0.07157349201915446
MS,CSF_16,GGGACCTAGGGAACGG-1,CSF,-0.22260356474296294
MS,CSF_16,GGGACCTGTTCTGAAC-1,CSF,-0.16403128228159172
MS,CSF_16,GGGAGATCATGAGCGA-1,CSF,0.0008585949610003965
MS,CSF_16,GGGAGATTCAGTGCAT-1,CSF,-0.17084046629830293
MS,CSF_16,GGGATGAAGAAACCGC-1,CSF,0.24630680562040144
MS,CSF_16,GGGATGACAGTATAAG-1,CSF,0.269802931735262
MS,CSF_16,GGGATGAGTGTTAAGA-1,CSF,0.07937756121114804
MS,CSF_16,GGGATGATCATATCGG-1,CSF,-0.07157349201915446
MS,CSF_16,GGGCACTGTAGGACAC-1,CSF,-0.24060034522173845
MS,CSF_16,GGGTCTGAGTTCCACA-1,CSF,-0.009889515890471165
MS,CSF_16,GGGTCTGCACTTAACG-1,CSF,0.11854211290961666
MS,CSF_16,GGGTCTGGTATGGTTC-1,CSF,0.13925043450235736
MS,CSF_16,GGGTCTGTCTGCGTAA-1,CSF,-0.10375637924795841
MS,CSF_16,GGGTTGCTCCAGAGGA-1-1,CSF,0.013906757008162882
MS,CSF_16,GGTATTGGTCACCTAA-1,CSF,0.17227087469399763
MS,CSF_16,GGTATTGTCAGCATGT-1,CSF,0.5242993326122181
MS,CSF_16,GGTGAAGGTTCCATGA-1,CSF,0.06383347970786403
MS,CSF_16,GGTGAAGTCATGCTCC-1,CSF,-0.2139055520867786
MS,CSF_16,GGTGCGTCAGTTCATG-1,CSF,-0.4378070141477265
MS,CSF_16,GGTGCGTGTCTGCGGT-1,CSF,-0.07157349201915446
MS,CSF_16,GTAACGTCACGGTAAG-1,CSF,0.012024368965820249
MS,CSF_16,GTAACGTCACTTAACG-1,CSF,-0.07157349201915446
MS,CSF_16,GTAACGTCAGACACTT-1,CSF,-0.039070573401208786
MS,CSF_16,GTAACGTTCGACCAGC-1,CSF,-0.03166547515353822
MS,CSF_16,GTAACGTTCGCAAGCC-1,CSF,-0.3994445266660476
MS,CSF_16,GTAACGTTCTTTACAC-1,CSF,0.2909297970654237
MS,CSF_16,GTAACTGGTAGCGCTC-1,CSF,-0.21323701129629966
MS,CSF_16,GTAACTGGTCTAGTGT-1,CSF,0.03183597970362986
MS,CSF_16,GTACGTATCCCACTTG-1,CSF,0.14372380925471617
MS,CSF_16,GTACGTATCTGTACGA-1,CSF,0.11791348223318444
MS,CSF_16,GTACTCCAGTAGCCGA-1,CSF,0.11646564248584404
MS,CSF_16,GTACTCCAGTATTGGA-1,CSF,0.48832803511869777
MS,CSF_16,GTACTCCCACCCATTC-1,CSF,-0.07157349201915446
MS,CSF_16,GTACTCCCAGCTGTGC-1,CSF,0.33613808425267905
MS,CSF_16,GTACTCCGTCGCGTGT-1,CSF,0.47905053725575264
MS,CSF_16,GTACTTTGTGCTGTAT-1,CSF,0.35307270924519013
MS,CSF_16,GTAGGCCCACCAGTTA-1,CSF,0.07212724497925069
MS,CSF_16,GTAGGCCGTGCAGGTA-1-1,CSF,0.7617809125035261
MS,CSF_16,GTAGGCCTCACCACCT-1,CSF,0.19496571162970103
MS,CSF_16,GTAGTCAGTTACAGAA-1,CSF,0.017012573733530066
MS,CSF_16,GTAGTCATCCGCATCT-1,CSF,-0.1665613018154747
MS,CSF_16,GTATCTTGTAATTGGA-1,CSF,0.34313662162428854
MS,CSF_16,GTATCTTTCATCGATG-1,CSF,0.44424249374456354
MS,CSF_16,GTATCTTTCCCAACGG-1,CSF,0.09464813955009455
MS,CSF_16,GTATTCTCAAACGCGA-1,CSF,0.27396730555491794
MS,CSF_16,GTCAAGTAGCCATCGC-1,CSF,-0.07157349201915446
MS,CSF_16,GTCAAGTGTAGCCTCG-1,CSF,0.08090578801145502
MS,CSF_16,GTCAAGTTCCGCAGTG-1,CSF,0.5922825398748223
MS,CSF_16,GTCACAAAGGCGATAC-1,CSF,-0.2474610460567577
MS,CSF_16,GTCACAACACATCCAA-1,CSF,-0.07157349201915446
MS,CSF_16,GTCACAACACCTTGTC-1,CSF,0.11343977928265492
MS,CSF_16,GTCACAAGTAATCGTC-1,CSF,-0.01972194005046013
MS,CSF_16,GTCACGGAGGGAAACA-1,CSF,-0.0007968906571653564
MS,CSF_16,GTCACGGGTACTCTCC-1,CSF,0.4116508221439184
MS,CSF_16,GTCACGGGTAGCGCTC-1,CSF,0.2036052556368247
MS,CSF_16,GTCACGGTCGGCTACG-1,CSF,-0.07157349201915446
MS,CSF_16,GTCACGGTCGTTGACA-1,CSF,0.11174405935347183
MS,CSF_16,GTCATTTAGTACGCGA-1,CSF,-0.18495680469473472
MS,CSF_16,GTCATTTCACGGCGTT-1,CSF,0.2843206873077638
MS,CSF_16,GTCATTTTCCTTGCCA-1,CSF,0.12018630553972022
MS,CSF_16,GTCCTCAGTGCAACGA-1,CSF,0.3334536623039587
MS,CSF_16,GTCGGGTCAACTTGAC-1,CSF,-0.23178673308672243
MS,CSF_16,GTCGTAAAGCAGCCTC-1,CSF,-0.07157349201915446
MS,CSF_16,GTCGTAAAGCCCAGCT-1,CSF,0.0065211844383556965
MS,CSF_16,GTCGTAAAGTACGCGA-1,CSF,-0.1655033128090122
MS,CSF_16,GTCGTAACAAGTCTGT-1,CSF,0.14208863514878342
MS,CSF_16,GTCGTAACAGTCAGCC-1,CSF,0.42548006370545677
MS,CSF_16,GTCGTAAGTGACTACT-1,CSF,-0.16483513511183276
MS,CSF_16,GTCGTAATCGTTACGA-1,CSF,-0.054515402349684376
MS,CSF_16,GTCTCGTTCACAACGT-1,CSF,0.5370393185542961
MS,CSF_16,GTCTCGTTCACCAGGC-1,CSF,-0.2016951595329439
MS,CSF_16,GTCTTCGAGATCGATA-1,CSF,0.7087828402628192
MS,CSF_16,GTCTTCGGTAACGACG-1,CSF,0.9722932561788534
MS,CSF_16,GTGAAGGCAAGAGTCG-1,CSF,0.47579067954342513
MS,CSF_16,GTGAAGGTCTTCCTTC-1-1,CSF,-0.15802953714118878
MS,CSF_16,GTGCAGCAGGTAGCTG-1,CSF,-0.3077073953351747
MS,CSF_16,GTGCAGCCACATGTGT-1,CSF,-0.36466606880362423
MS,CSF_16,GTGCAGCCAGAAGCAC-1,CSF,0.14209895778179588
MS,CSF_16,GTGCAGCGTGCCTGTG-1,CSF,0.10624361323628743
MS,CSF_16,GTGCAGCGTTCACGGC-1,CSF,-0.07157349201915446
MS,CSF_16,GTGCAGCTCCTATTCA-1,CSF,0.2604037198633297
MS,CSF_16,GTGCATAAGCACAGGT-1,CSF,0.8143936113432468
MS,CSF_16,GTGCATAAGTACTTGC-1,CSF,0.6691970929990724
MS,CSF_16,GTGCATACACATCTTT-1,CSF,-0.1840247804866391
MS,CSF_16,GTGCATATCAGTGTTG-1,CSF,0.389744995092875
MS,CSF_16,GTGCATATCTTCAACT-1,CSF,0.11782654691010287
MS,CSF_16,GTGCGGTAGCAGACTG-1,CSF,0.1329343301998615
MS,CSF_16,GTGCGGTAGGATCGCA-1,CSF,0.5129501719813899
MS,CSF_16,GTGCGGTCACGCATCG-1,CSF,0.5805057772682153
MS,CSF_16,GTGCGGTGTCTAGTGT-1,CSF,0.11384937108716395
MS,CSF_16,GTGCTTCAGTGCCATT-1,CSF,0.22057265334497148
MS,CSF_16,GTGCTTCCAACGCACC-1,CSF,0.10425904401217294
MS,CSF_16,GTGCTTCCAAGTAATG-1,CSF,0.1614886948079269
MS,CSF_16,GTGCTTCCATTACGAC-1,CSF,0.14025268274087213
MS,CSF_16,GTGCTTCTCAAGGTAA-1,CSF,-0.2686103893388358
MS,CSF_16,GTGGGTCGTCTGCCAG-1,CSF,0.006460193451758823
MS,CSF_16,GTGTTAGAGATGTCGG-1,CSF,0.25600165661869917
MS,CSF_16,GTGTTAGGTAAATGTG-1,CSF,0.3907429668315269
MS,CSF_16,GTGTTAGGTATGAAAC-1,CSF,0.30781068868942735
MS,CSF_16,GTGTTAGGTGTGTGCC-1,CSF,0.7604321535818734
MS,CSF_16,GTGTTAGGTTAAAGTG-1,CSF,0.6886178581213492
MS,CSF_16,GTTAAGCAGGCATGTG-1,CSF,-0.04872861967832506
MS,CSF_16,GTTAAGCCAGGTCGTC-1,CSF,0.4823219092235281
MS,CSF_16,GTTAAGCCATTGCGGC-1,CSF,-0.3696634838544762
MS,CSF_16,GTTAAGCGTTAGGGTG-1,CSF,0.09365468417752416
MS,CSF_16,GTTACAGAGACCTTTG-1,CSF,-0.2805646251757482
MS,CSF_16,GTTACAGCAAGCCTAT-1,CSF,-0.727835889987669
MS,CSF_16,GTTACAGCAGGGTATG-1,CSF,0.3570763853422127
MS,CSF_16,GTTACAGGTTAGTGGG-1,CSF,0.10945639038500898
MS,CSF_16,GTTCGGGAGCACCGCT-1,CSF,0.2968731098899236
MS,CSF_16,GTTCGGGAGCCTCGTG-1,CSF,0.4076450439767438
MS,CSF_16,GTTCGGGAGTTTCCTT-1,CSF,0.06329818688360152
MS,CSF_16,GTTCGGGCATATGAGA-1,CSF,-0.07157349201915446
MS,CSF_16,GTTCGGGGTTGGTTTG-1,CSF,-0.07157349201915446
MS,CSF_16,GTTCGGGTCAGTACGT-1,CSF,0.5690425805866303
MS,CSF_16,GTTCTCGCACAGGAGT-1,CSF,-0.015695780103070513
MS,CSF_16,GTTCTCGCAGCGTTCG-1,CSF,-0.3105805221506447
MS,CSF_16,GTTCTCGTCATGCATG-1,CSF,-0.6241002100101575
MS,CSF_16,GTTCTCGTCCTCCTAG-1,CSF,0.3117455989715256
MS,CSF_16,TAAACCGAGGACATTA-1,CSF,0.47171140393992206
MS,CSF_16,TAAACCGCAAGGACAC-1-1,CSF,0.5116932621666117
MS,CSF_16,TAAACCGGTACTCGCG-1,CSF,0.11718494683484389
MS,CSF_16,TAAACCGGTGTTGAGG-1,CSF,0.6062946758792899
MS,CSF_16,TAAACCGGTTAAAGTG-1,CSF,0.08851036737840255
MS,CSF_16,TAAACCGGTTCATGGT-1,CSF,-0.07157349201915446
MS,CSF_16,TAAACCGTCGGTTCGG-1,CSF,0.48705063873365
MS,CSF_16,TAAGAGAAGAAACGCC-1,CSF,-0.14229291718406611
MS,CSF_16,TAAGAGAAGAGAACAG-1,CSF,0.31632819802942763
MS,CSF_16,TAAGAGACATAGAAAC-1,CSF,-0.14665700366736384
MS,CSF_16,TAAGCGTAGGCAGGTT-1,CSF,0.3377571172204016
MS,CSF_16,TAAGCGTAGTGTCCCG-1,CSF,0.24981370474270229
MS,CSF_16,TAAGCGTGTACTCAAC-1,CSF,0.09018242801551533
MS,CSF_16,TAAGCGTGTCAGTGGA-1,CSF,-0.07157349201915446
MS,CSF_16,TAAGCGTGTTCCGGCA-1,CSF,0.32192778089732993
MS,CSF_16,TAAGCGTTCACCGGGT-1,CSF,0.281670834157353
MS,CSF_16,TAAGTGCAGCGGCTTC-1-1,CSF,-0.07157349201915446
MS,CSF_16,TAAGTGCAGGATGTAT-1,CSF,-0.05950213640138383
MS,CSF_16,TAAGTGCTCACGACTA-1,CSF,-0.07157349201915446
MS,CSF_16,TACACGAGTACCGCTG-1,CSF,0.04791546624642662
MS,CSF_16,TACACGATCTCTAAGG-1,CSF,-0.17566323930425806
MS,CSF_16,TACAGTGAGATGGCGT-1,CSF,0.27154597555771137
MS,CSF_16,TACAGTGAGCGTAATA-1,CSF,0.2682093823435377
MS,CSF_16,TACAGTGCAACAACCT-1,CSF,-0.1645276402756013
MS,CSF_16,TACAGTGCAGTCCTTC-1,CSF,-0.03982977517052143
MS,CSF_16,TACAGTGCATCTGGTA-1-1,CSF,-0.07157349201915446
MS,CSF_16,TACAGTGTCACCTTAT-1,CSF,-0.07157349201915446
MS,CSF_16,TACCTATAGGACAGCT-1,CSF,0.1958336683132656
MS,CSF_16,TACCTATAGTGTGAAT-1,CSF,0.41606573982886547
MS,CSF_16,TACCTATGTTCAGGCC-1,CSF,-0.20276846883328745
MS,CSF_16,TACCTATTCCGTTGTC-1,CSF,0.06506167220163009
MS,CSF_16,TACCTTAAGAAGAAGC-1,CSF,-0.05176256893660539
MS,CSF_16,TACCTTACATAAGACA-1,CSF,-0.03295970356756266
MS,CSF_16,TACCTTAGTTGTCGCG-1,CSF,0.04263297437207595
MS,CSF_16,TACCTTATCACGCGGT-1,CSF,0.07097425029151798
MS,CSF_16,TACGGATAGTCCTCCT-1,CSF,0.03892772788603004
MS,CSF_16,TACGGATGTAGCTCCG-1,CSF,-0.07157349201915446
MS,CSF_16,TACGGATGTAGCTGCC-1,CSF,-0.00954419182721357
MS,CSF_16,TACGGGCAGACTAGAT-1,CSF,-0.18550475030448932
MS,CSF_16,TACGGGCAGTTACGGG-1,CSF,-0.07157349201915446
MS,CSF_16,TACGGTAAGAGCTATA-1,CSF,0.0681895103139332
MS,CSF_16,TACGGTAAGCCACTAT-1,CSF,0.26917175709650243
MS,CSF_16,TACGGTATCAACACGT-1,CSF,0.027901065134840804
MS,CSF_16,TACGGTATCTGTTGAG-1,CSF,0.5755325150543358
MS,CSF_16,TACTCATAGGTAGCTG-1,CSF,-0.35932877138762204
MS,CSF_16,TACTCATTCCCTCTTT-1,CSF,0.08866572842492025
MS,CSF_16,TACTCATTCTTCGAGA-1,CSF,-0.2829679734588721
MS,CSF_16,TACTCGCGTAAGGGAA-1,CSF,-0.30601794255785614
MS,CSF_16,TACTCGCGTGGCGAAT-1,CSF,0.4359721303390402
MS,CSF_16,TACTCGCTCCACTCCA-1,CSF,-0.23335863746602595
MS,CSF_16,TACTTACAGCCCTAAT-1,CSF,-0.08994602108289383
MS,CSF_16,TACTTACCAAGCTGTT-1,CSF,0.12862375720463393
MS,CSF_16,TACTTACGTAAAGGAG-1,CSF,0.03789329714216438
MS,CSF_16,TACTTACGTATAGTAG-1,CSF,-0.12816263948017118
MS,CSF_16,TACTTGTTCACCGTAA-1,CSF,0.3865297022303554
MS,CSF_16,TACTTGTTCGTAGGTT-1,CSF,0.10560267291676294
MS,CSF_16,TAGACCACAAGTCTAC-1,CSF,0.14374562588333228
MS,CSF_16,TAGACCAGTCGCATCG-1,CSF,-0.05619456877922261
MS,CSF_16,TAGACCAGTTAGATGA-1,CSF,0.1381560265895855
MS,CSF_16,TAGAGCTCAAGTAATG-1-1,CSF,0.590625371454282
MS,CSF_16,TAGAGCTCACGTCAGC-1,CSF,0.31884850071850984
MS,CSF_16,TAGAGCTCAGCTATTG-1,CSF,-0.24049143208892992
MS,CSF_16,TAGAGCTGTTTCCACC-1,CSF,-0.24235016152309022
MS,CSF_16,TAGAGCTTCGTCACGG-1,CSF,0.6486832225969029
MS,CSF_16,TAGCCGGCAGGGAGAG-1,CSF,-0.19171892025606166
MS,CSF_16,TAGCCGGCATTCCTCG-1,CSF,0.22816003851680997
MS,CSF_16,TAGCCGGGTCGCGGTT-1,CSF,-0.2640465906054022
MS,CSF_16,TAGGCATAGCAGATCG-1,CSF,0.5280608759660498
MS,CSF_16,TAGGCATCAAGCTGAG-1,CSF,-0.45689490357870477
MS,CSF_16,TAGGCATCACAACTGT-1,CSF,0.05465088003918115
MS,CSF_16,TAGGCATGTTCAGGCC-1,CSF,0.31812468458806664
MS,CSF_16,TAGGCATGTTCCACTC-1,CSF,0.1324555997885377
MS,CSF_16,TAGGCATTCTTGTACT-1,CSF,-0.057658183702747924
MS,CSF_16,TAGTGGTAGACCGGAT-1,CSF,0.01413457926344895
MS,CSF_16,TAGTGGTGTTCGCGAC-1,CSF,0.17691271018417148
MS,CSF_16,TAGTGGTTCGGTTAAC-1,CSF,0.07585900601153162
MS,CSF_16,TAGTGGTTCTGTTTGT-1,CSF,0.07823827555525045
MS,CSF_16,TAGTTGGAGAGATGAG-1,CSF,0.16137692836281955
MS,CSF_16,TAGTTGGAGCACACAG-1,CSF,0.08781562425233749
MS,CSF_16,TAGTTGGTCAGAGCTT-1,CSF,0.13271359096425264
MS,CSF_16,TATCAGGAGCATCATC-1,CSF,-0.15441408643070273
MS,CSF_16,TATCAGGGTGTCCTCT-1,CSF,0.3740312980322901
MS,CSF_16,TATCAGGTCTATCGCC-1,CSF,0.32831350526913544
MS,CSF_16,TATCTCAAGTATGACA-1,CSF,0.2680742124287322
MS,CSF_16,TATCTCAAGTGTCCCG-1,CSF,0.21912033096170372
MS,CSF_16,TATCTCACAATCCGAT-1,CSF,0.12143242423914648
MS,CSF_16,TATCTCAGTCAGAATA-1,CSF,0.16421602811219232
MS,CSF_16,TATCTCATCTTGAGAC-1,CSF,0.5253526078489591
MS,CSF_16,TATGCCCAGTACTTGC-1,CSF,0.40241862787369687
MS,CSF_16,TATGCCCAGTGAACAT-1,CSF,-0.12736828934582275
MS,CSF_16,TATGCCCCATCGTCGG-1,CSF,0.4930515423836412
MS,CSF_16,TATGCCCGTGTGCCTG-1,CSF,-0.2583357141659393
MS,CSF_16,TATTACCAGCTACCGC-1,CSF,0.03410482751550953
MS,CSF_16,TATTACCCATTTGCTT-1,CSF,0.09750046972918706
MS,CSF_16,TATTACCGTCTGATTG-1,CSF,0.18888994827734384
MS,CSF_16,TATTACCGTTTAAGCC-1,CSF,-0.1895296616556206
MS,CSF_16,TCAACGAAGACTAAGT-1,CSF,-0.18821383070078126
MS,CSF_16,TCAACGAGTAGAGTGC-1,CSF,-0.07157349201915446
MS,CSF_16,TCAACGATCACAACGT-1,CSF,-0.00302351445473121
MS,CSF_16,TCAATCTAGATAGTCA-1,CSF,-0.1460970501987561
MS,CSF_16,TCAATCTCAAACTGCT-1,CSF,0.42772686199902615
MS,CSF_16,TCAATCTGTTTAGCTG-1,CSF,0.08058504957027612
MS,CSF_16,TCACAAGAGGACGAAA-1,CSF,0.10975283632787591
MS,CSF_16,TCACGAAAGGCGACAT-1,CSF,-0.07157349201915446
MS,CSF_16,TCACGAAGTAAGCACG-1,CSF,-0.28523883078214274
MS,CSF_16,TCACGAATCGTTTATC-1,CSF,0.0995969160124799
MS,CSF_16,TCAGATGGTAAACGCG-1,CSF,0.3208097204067385
MS,CSF_16,TCAGCAAAGAGACTTA-1,CSF,0.392025647421701
MS,CSF_16,TCAGCAATCAAACCAC-1,CSF,0.058049819762685674
MS,CSF_16,TCAGCAATCTGCGGCA-1,CSF,0.37050993401925664
MS,CSF_16,TCAGCTCAGGAGTTTA-1,CSF,-0.07157349201915446
MS,CSF_16,TCAGCTCCACCGGAAA-1,CSF,-0.03350594013780327
MS,CSF_16,TCAGCTCTCACCTCGT-1,CSF,0.2973223470474255
MS,CSF_16,TCAGCTCTCTATCCTA-1,CSF,0.16043109112485876
MS,CSF_16,TCAGGATAGTAGTGCG-1,CSF,0.04647189773402237
MS,CSF_16,TCAGGATGTCGCATAT-1,CSF,0.16291624799292093
MS,CSF_16,TCAGGATGTCGCTTTC-1,CSF,0.25146271088462474
MS,CSF_16,TCAGGTACAAGCCCAC-1,CSF,-0.24676572971242466
MS,CSF_16,TCAGGTAGTCGTGGCT-1,CSF,0.12662157207900943
MS,CSF_16,TCAGGTATCCCGGATG-1,CSF,0.8991131677955896
MS,CSF_16,TCAGGTATCGGTCTAA-1,CSF,0.4537297386678543
MS,CSF_16,TCATTACGTAAACCTC-1-1,CSF,0.18131866619659479
MS,CSF_16,TCATTACGTTGCGCAC-1,CSF,0.17886359073443067
MS,CSF_16,TCATTACTCCTCTAGC-1,CSF,0.4828150036825566
MS,CSF_16,TCATTACTCTTGTCAT-1,CSF,0.09236534800218396
MS,CSF_16,TCCACACAGATCGGGT-1,CSF,0.20756699514618804
MS,CSF_16,TCCACACGTCTCATCC-1,CSF,-0.058603182235108076
MS,CSF_16,TCCCGATAGGCAGGTT-1,CSF,-1.4375637900386287e-05
MS,CSF_16,TCCCGATAGTACGCGA-1,CSF,0.10330458044500623
MS,CSF_16,TCCCGATAGTGACTCT-1,CSF,-0.30992898844575645
MS,CSF_16,TCCCGATTCGTCCGTT-1,CSF,0.27429727028683404
MS,CSF_16,TCGAGGCAGCCACTAT-1,CSF,0.5906724297265901
MS,CSF_16,TCGAGGCCACCTTGTC-1,CSF,0.24089121866928825
MS,CSF_16,TCGAGGCCATGGATGG-1,CSF,0.33259483880984153
MS,CSF_16,TCGAGGCGTAAGAGAG-1,CSF,-0.20802847698396723
MS,CSF_16,TCGAGGCTCAGCTCGG-1,CSF,0.22117027137938125
MS,CSF_16,TCGCGAGAGGACGAAA-1,CSF,-0.07157349201915446
MS,CSF_16,TCGCGAGGTCTTGTCC-1,CSF,0.21953532166805287
MS,CSF_16,TCGCGAGTCCCTAATT-1,CSF,0.36268634746572165
MS,CSF_16,TCGCGTTTCCTATGTT-1,CSF,0.24112491726323512
MS,CSF_16,TCGGGACTCCGCAAGC-1,CSF,0.23490784759367697
MS,CSF_16,TCGGTAAAGCCACGCT-1,CSF,-0.2384916848689744
MS,CSF_16,TCGGTAACATGTCGAT-1,CSF,-0.16041380402232427
MS,CSF_16,TCGGTAATCGGTGTCG-1,CSF,0.1418369843043593
MS,CSF_16,TCGTACCAGTACGTTC-1,CSF,-0.07157349201915446
MS,CSF_16,TCGTACCCAGGGTTAG-1,CSF,0.058493886644708795
MS,CSF_16,TCGTACCTCGGCCGAT-1,CSF,0.49875392704868016
MS,CSF_16,TCGTACCTCTTAGAGC-1,CSF,-0.07157349201915446
MS,CSF_16,TCGTAGAAGAACAATC-1,CSF,0.2961743385289566
MS,CSF_16,TCGTAGACAGTCGATT-1,CSF,-0.5431635983461665
MS,CSF_16,TCGTAGAGTGTCAATC-1,CSF,-0.07461023920222701
MS,CSF_16,TCGTAGAGTTCTGAAC-1,CSF,0.12184455526433073
MS,CSF_16,TCTATTGAGGACACCA-1,CSF,0.27172336323401053
MS,CSF_16,TCTATTGTCCGCATCT-1-1,CSF,0.14961989333608844
MS,CSF_16,TCTCATATCCAGAAGG-1,CSF,0.05425417598675685
MS,CSF_16,TCTCTAACACATCCAA-1,CSF,0.28699767474611815
MS,CSF_16,TCTCTAATCTGGTTCC-1,CSF,0.3384403473639087
MS,CSF_16,TCTGAGACACGGTTTA-1,CSF,0.1741592868725625
MS,CSF_16,TCTGAGACATCGATGT-1,CSF,-0.04206157368245435
MS,CSF_16,TCTGGAAAGGTGACCA-1,CSF,0.006171249494167015
MS,CSF_16,TCTGGAAGTACGACCC-1,CSF,0.05284149483430227
MS,CSF_16,TCTTCGGCAATAACGA-1,CSF,0.3182304477625327
MS,CSF_16,TCTTCGGCATTCCTGC-1,CSF,0.5659421182382326
MS,CSF_16,TCTTTCCAGTAGGTGC-1,CSF,0.10168022869487624
MS,CSF_16,TCTTTCCAGTCAAGCG-1,CSF,0.22990060447639626
MS,CSF_16,TCTTTCCCATATACCG-1,CSF,0.1352211397349089
MS,CSF_16,TCTTTCCGTGGCAAAC-1,CSF,0.08446045524541675
MS,CSF_16,TCTTTCCGTTCCACAA-1,CSF,0.483601154844172
MS,CSF_16,TGAAAGAAGAGACGAA-1,CSF,0.18426391472502476
MS,CSF_16,TGAAAGAAGATGTAAC-1,CSF,0.11275555364489262
MS,CSF_16,TGAAAGAAGTGCGATG-1,CSF,0.19951104789526866
MS,CSF_16,TGAAAGACACCTGGTG-1,CSF,0.5836610023255213
MS,CSF_16,TGAAAGAGTGTCCTCT-1,CSF,0.31470970944804344
MS,CSF_16,TGACAACCACAGCCCA-1-1,CSF,-0.012388513508139536
MS,CSF_16,TGACAACTCACTTCAT-1,CSF,-0.250518736436453
MS,CSF_16,TGACAACTCAGCGATT-1,CSF,-0.010711961985945989
MS,CSF_16,TGACGGCAGTTAAGTG-1,CSF,-0.05378991119045127
MS,CSF_16,TGACGGCCACCGAATT-1-1,CSF,0.36098737416253923
MS,CSF_16,TGACTAGGTAAGTTCC-1,CSF,0.45720118669578197
MS,CSF_16,TGACTAGTCGCACTCT-1,CSF,0.2633888176543789
MS,CSF_16,TGACTAGTCTCTGAGA-1,CSF,0.05962704142754577
MS,CSF_16,TGAGAGGAGCTGAACG-1,CSF,0.027434534926506826
MS,CSF_16,TGAGAGGAGGGAGTAA-1,CSF,-0.1274480552336257
MS,CSF_16,TGAGCATCATGCTGGC-1,CSF,0.1212466133925644
MS,CSF_16,TGAGCATGTCTGATTG-1,CSF,-0.07157349201915446
MS,CSF_16,TGAGCCGAGTAGCGGT-1,CSF,0.0032072200110166505
MS,CSF_16,TGAGCCGCACCTCGTT-1,CSF,0.4070179692552105
MS,CSF_16,TGAGCCGGTCAGTGGA-1,CSF,-0.2688074633042262
MS,CSF_16,TGAGGGAGTGTTCTTT-1,CSF,0.17715101650530976
MS,CSF_16,TGATTTCCACCCATGG-1,CSF,-0.34135329512795515
MS,CSF_16,TGATTTCCACGGACAA-1,CSF,0.4821075743429607
MS,CSF_16,TGATTTCTCCACGCAG-1,CSF,0.3385502367228983
MS,CSF_16,TGCACCTAGTGGACGT-1,CSF,-0.07157349201915446
MS,CSF_16,TGCACCTGTACAGTGG-1,CSF,0.1320837904908978
MS,CSF_16,TGCCAAACAGGAACGT-1,CSF,0.5108761983101636
MS,CSF_16,TGCCAAAGTAGAAAGG-1,CSF,0.16874466141801628
MS,CSF_16,TGCCAAAGTGCACTTA-1,CSF,0.2839225111801467
MS,CSF_16,TGCCAAAGTGGCGAAT-1,CSF,0.1289629179220796
MS,CSF_16,TGCCAAAGTTATGTGC-1,CSF,0.0498065130746863
MS,CSF_16,TGCCCATCAATACGCT-1,CSF,0.2824803258507357
MS,CSF_16,TGCCCATCATGCTAGT-1,CSF,0.0830237054644755
MS,CSF_16,TGCCCATGTCCGTTAA-1,CSF,0.7479561807078923
MS,CSF_16,TGCCCATGTGCACGAA-1,CSF,-0.07157349201915446
MS,CSF_16,TGCCCATGTGCAGTAG-1,CSF,-0.0931103015865703
MS,CSF_16,TGCCCTACAAGTTAAG-1,CSF,0.3364207152087763
MS,CSF_16,TGCCCTATCAGCTGGC-1,CSF,0.4932248584133891
MS,CSF_16,TGCGCAGAGGTAGCTG-1,CSF,0.16385610550046362
MS,CSF_16,TGCGCAGCACGCCAGT-1,CSF,0.4076791766696698
MS,CSF_16,TGCGCAGCATTGCGGC-1,CSF,0.2716405593495234
MS,CSF_16,TGCGCAGTCTCTGCTG-1,CSF,0.21392177008690977
MS,CSF_16,TGCGGGTGTGCAACTT-1,CSF,0.46928024811351127
MS,CSF_16,TGCGGGTTCGCATGGC-1,CSF,-0.07157349201915446
MS,CSF_16,TGCGTGGCAGTAAGCG-1,CSF,0.18541363809157427
MS,CSF_16,TGCGTGGGTTAAGTAG-1,CSF,-0.20909206037176403
MS,CSF_16,TGCTACCAGCGAAGGG-1,CSF,-0.16751193111022403
MS,CSF_16,TGCTACCAGTGCTGCC-1,CSF,0.13697485176365523
MS,CSF_16,TGCTGCTCATTTCACT-1,CSF,0.3330478272140662
MS,CSF_16,TGGACGCAGTATTGGA-1,CSF,0.0854869192538753
MS,CSF_16,TGGACGCAGTTGTCGT-1,CSF,0.31557197458332126
MS,CSF_16,TGGACGCTCGAGCCCA-1,CSF,-0.3286088536029675
MS,CSF_16,TGGCCAGAGACTGGGT-1,CSF,0.5561530992474372
MS,CSF_16,TGGCCAGAGATCGGGT-1,CSF,0.2374946401000139
MS,CSF_16,TGGCCAGCACCTGGTG-1,CSF,0.2678372665284091
MS,CSF_16,TGGCCAGTCACTGGGC-1,CSF,0.3169488631189919
MS,CSF_16,TGGCGCAAGCTACCTA-1,CSF,0.07401026052422979
MS,CSF_16,TGGCGCACACCGATAT-1,CSF,0.33835080321923616
MS,CSF_16,TGGGAAGAGATGCCTT-1,CSF,0.3879995150857087
MS,CSF_16,TGGGAAGAGTGAATTG-1,CSF,-0.5739067561543626
MS,CSF_16,TGGGAAGCAATCTGCA-1,CSF,-0.3169176820870122
MS,CSF_16,TGGGAAGTCAGCACAT-1,CSF,-0.15014083720937355
MS,CSF_16,TGGGCGTCAGGACCCT-1,CSF,-0.07157349201915446
MS,CSF_16,TGGGCGTCATATGAGA-1,CSF,-0.22325122447335002
MS,CSF_16,TGGGCGTTCGGCTACG-1,CSF,0.4668945468578539
MS,CSF_16,TGGTTAGCATGTTGAC-1,CSF,-0.056490006188039676
MS,CSF_16,TGGTTAGGTAAACACA-1,CSF,0.2389498435470234
MS,CSF_16,TGGTTAGGTAGAAGGA-1,CSF,-0.24871810677913167
MS,CSF_16,TGGTTAGTCGATAGAA-1,CSF,0.05634060029017547
MS,CSF_16,TGGTTAGTCTAACTCT-1,CSF,0.06902298750205475
MS,CSF_16,TGGTTCCCAAAGGAAG-1,CSF,0.06581885960542679
MS,CSF_16,TGTATTCCATGGGACA-1,CSF,0.16836283277170988
MS,CSF_16,TGTATTCGTCTACCTC-1,CSF,-0.07858638863251081
MS,CSF_16,TGTATTCTCACCACCT-1,CSF,0.3556179858039202
MS,CSF_16,TGTCCCAAGACACTAA-1,CSF,0.23213717142490126
MS,CSF_16,TGTCCCAAGGCATTGG-1,CSF,-0.07157349201915446
MS,CSF_16,TGTCCCAAGTGTTAGA-1,CSF,-0.31175037499289676
MS,CSF_16,TGTCCCAGTCTTCTCG-1,CSF,0.1510305401814133
MS,CSF_16,TGTCCCATCATGTCCC-1,CSF,-0.1624359326238321
MS,CSF_16,TGTCCCATCGCAAACT-1,CSF,0.3480537429714822
MS,CSF_16,TGTCCCATCGCCATAA-1,CSF,0.1374649503043164
MS,CSF_16,TGTGTTTCAAGCCCAC-1,CSF,-0.013326224240885087
MS,CSF_16,TGTGTTTGTCTGGTCG-1,CSF,0.42064821686616416
MS,CSF_16,TGTGTTTTCGCGCCAA-1,CSF,0.3976195794955521
MS,CSF_16,TGTTCCGCAATTCCTT-1,CSF,-0.07157349201915446
MS,CSF_16,TGTTCCGTCACATAGC-1,CSF,-0.11557844303798058
MS,CSF_16,TGTTCCGTCTTGTACT-1,CSF,0.09398168941849926
MS,CSF_16,TTAACTCAGGACAGAA-1,CSF,0.30547217659414294
MS,CSF_16,TTAACTCTCCCTAATT-1,CSF,0.1484597899659262
MS,CSF_16,TTAGGACAGAGCTGGT-1,CSF,0.07246775761883469
MS,CSF_16,TTAGGACGTCACCTAA-1,CSF,0.15111708104025112
MS,CSF_16,TTAGGCAGTCCGAATT-1,CSF,0.36279601371572284
MS,CSF_16,TTAGGCATCTCGAGTA-1,CSF,0.12605372683005414
MS,CSF_16,TTAGGCATCTTACCGC-1,CSF,-0.05755587720995037
MS,CSF_16,TTAGTTCAGGCTACGA-1,CSF,0.13867582375191723
MS,CSF_16,TTAGTTCGTCCGAATT-1,CSF,0.03655620338234848
MS,CSF_16,TTATGCTAGGACAGCT-1,CSF,-0.10887380185989781
MS,CSF_16,TTATGCTAGGCCCTTG-1,CSF,0.09543837704924914
MS,CSF_16,TTATGCTCACAGACTT-1,CSF,-0.06746150469462306
MS,CSF_16,TTATGCTGTCAAAGCG-1,CSF,0.0003477967545671582
MS,CSF_16,TTCCCAGAGCAGACTG-1,CSF,0.08260346987494552
MS,CSF_16,TTCCCAGGTCCCTTGT-1,CSF,0.08958404904531259
MS,CSF_16,TTCCCAGGTGCTCTTC-1,CSF,-0.17984288055659928
MS,CSF_16,TTCGAAGAGGACTGGT-1-1,CSF,0.2808738493746405
MS,CSF_16,TTCGAAGTCGCGATCG-1,CSF,1.1029026458571158
MS,CSF_16,TTCGGTCCATCCCATC-1,CSF,0.4079016222675373
MS,CSF_16,TTCGGTCGTACTCAAC-1,CSF,-0.0002768465985355041
MS,CSF_16,TTCGGTCGTAGCGTCC-1,CSF,-0.2223161932518993
MS,CSF_16,TTCGGTCGTTCTGAAC-1,CSF,0.5813067222823808
MS,CSF_16,TTCTACACACGGACAA-1,CSF,-0.07157349201915446
MS,CSF_16,TTCTACAGTTTAGGAA-1,CSF,-0.07157349201915446
MS,CSF_16,TTCTACATCCGCATCT-1,CSF,0.24250511852097661
MS,CSF_16,TTCTCAAAGCCTCGTG-1,CSF,0.1360861716070772
MS,CSF_16,TTCTCAATCGGAGGTA-1,CSF,0.29476464047361745
MS,CSF_16,TTCTCAATCGTACCGG-1,CSF,0.17540751024029697
MS,CSF_16,TTCTCCTAGAAGCCCA-1,CSF,0.3322688880476204
MS,CSF_16,TTCTCCTCACTCAGGC-1,CSF,0.5353776250953952
MS,CSF_16,TTCTTAGAGGCATTGG-1,CSF,0.3280433991216481
MS,CSF_16,TTCTTAGCACGACGAA-1,CSF,-0.07157349201915446
MS,CSF_16,TTGAACGAGGACATTA-1,CSF,0.004515838207208388
MS,CSF_16,TTGAACGGTAAGCACG-1,CSF,0.4775289604662952
MS,CSF_16,TTGACTTGTAGCCTAT-1,CSF,0.03642737522757101
MS,CSF_16,TTGCCGTAGCGATTCT-1,CSF,0.10808457313305433
MS,CSF_16,TTGCCGTGTCATATCG-1,CSF,0.6706457963912315
MS,CSF_16,TTGCCGTTCCTTGGTC-1,CSF,-0.012764939346180507
MS,CSF_16,TTGGAACAGGAGCGAG-1,CSF,0.11904088604960485
MS,CSF_16,TTGGAACAGGTACTCT-1,CSF,0.18387453230542544
MS,CSF_16,TTGGCAAGTAAGTGTA-1,CSF,0.07865106252544786
MS,CSF_16,TTGGCAATCATGGTCA-1,CSF,0.6010972561249258
MS,CSF_16,TTGTAGGGTACGAAAT-1,CSF,0.6092792152117081
MS,CSF_16,TTTACTGCAGCTCCGA-1,CSF,0.34966392803793767
MS,CSF_16,TTTACTGCATCGTCGG-1,CSF,0.2641392050251648
MS,CSF_16,TTTACTGGTAATTGGA-1,CSF,-0.18102155890240718
MS,CSF_16,TTTACTGGTAGAGCTG-1,CSF,0.044898134486741216
MS,CSF_16,TTTATGCAGTGCTGCC-1,CSF,0.03075512685365304
MS,CSF_16,TTTATGCGTCTGCGGT-1,CSF,-0.0037106352854707836
MS,CSF_16,TTTCCTCAGGAGTACC-1,CSF,-0.0005992291074827794
MS,CSF_16,TTTCCTCTCCTGTAGA-1,CSF,0.09428005632489302
MS,CSF_16,TTTGCGCAGCTAAGAT-1,CSF,0.17480897507852075
MS,CSF_16,TTTGCGCAGTGAACGC-1,CSF,0.06357753303468495
MS,CSF_16,TTTGCGCCATGTTGAC-1,CSF,-0.07157349201915446
MS,CSF_16,TTTGCGCGTGCTGTAT-1,CSF,0.20315104928464134
MS,CSF_16,TTTGCGCTCCCGACTT-1,CSF,0.5172601809774302
MS,CSF_16,TTTGGTTCAAAGGTGC-1,CSF,0.3970778430139303
MS,CSF_16,TTTGGTTCAAGACACG-1,CSF,-0.22409270740448978
MS,CSF_16,TTTGGTTGTCGAATCT-1,CSF,0.4998639775667725
MS,CSF_16,TTTGTCACACGGTTTA-1,CSF,-0.07157349201915446
MS,CSF_16,TTTGTCACATCCAACA-1,CSF,0.11925807435998102
MS,CSF_22,AAACCTGTCATGGTCA-1,CSF,-0.07157349201915446
MS,CSF_22,AAACGGGGTGACGGTA-1,CSF,-0.0631010925293281
MS,CSF_22,AAAGATGAGCGATGAC-1,CSF,0.1272589097450469
MS,CSF_22,AAAGTAGAGATCGGGT-1,CSF,-0.07157349201915446
MS,CSF_22,AAATGCCGTCCTGCTT-1,CSF,-0.018746205154374956
MS,CSF_22,AAATGCCGTCTTTCAT-1,CSF,-0.22098430783110692
MS,CSF_22,AACACGTTCACGCATA-1,CSF,-0.07157349201915446
MS,CSF_22,AACCATGTCCGCAGTG-1,CSF,-0.07157349201915446
MS,CSF_22,AACCGCGAGTACCGGA-1,CSF,-0.28104896312750155
MS,CSF_22,AACCGCGAGTGCTGCC-1,CSF,0.02177864375432397
MS,CSF_22,AACCGCGCATACTCTT-1,CSF,0.09126474676421137
MS,CSF_22,AACGTTGCATAGGATA-1,CSF,-0.07157349201915446
MS,CSF_22,AACGTTGTCTTAGAGC-1,CSF,0.13756257269028604
MS,CSF_22,AACTCAGCACCACGTG-1,CSF,-0.354700422889097
MS,CSF_22,AACTGGTCAATCACAC-1,CSF,-0.17640086914713088
MS,CSF_22,AACTGGTGTACTTGAC-1,CSF,0.3920179360260808
MS,CSF_22,AAGACCTGTATCGCAT-1-1,CSF,-0.07157349201915446
MS,CSF_22,AAGACCTGTCGAAAGC-1,CSF,0.6606929978026059
MS,CSF_22,AATCGGTGTTAGATGA-1,CSF,-0.16366282045873484
MS,CSF_22,ACACCCTAGATGTTAG-1,CSF,-0.27643602339967793
MS,CSF_22,ACACCCTCACGTTGGC-1,CSF,0.41613154134279295
MS,CSF_22,ACACCGGCAATCGGTT-1,CSF,0.5523776250506947
MS,CSF_22,ACAGCCGAGTTCGCAT-1,CSF,-0.20417400795161278
MS,CSF_22,ACAGCCGGTATTCTCT-1,CSF,-0.07157349201915446
MS,CSF_22,ACATCAGCACCTATCC-1,CSF,-0.17346913040165704
MS,CSF_22,ACATGGTCATTGGGCC-1,CSF,0.0939613505728213
MS,CSF_22,ACCAGTAAGGGAGTAA-1,CSF,0.07018234031810021
MS,CSF_22,ACCGTAAGTAGCCTCG-1,CSF,0.03973125841882146
MS,CSF_22,ACCTTTAAGTGGGTTG-1,CSF,-0.3098627259809762
MS,CSF_22,ACCTTTATCAACACAC-1,CSF,0.17824043047074137
MS,CSF_22,ACGATGTCAAGGACTG-1,CSF,-0.459076272043414
MS,CSF_22,ACGCCAGAGTACACCT-1,CSF,-0.27481999288795006
MS,CSF_22,ACGCCAGCACAGGTTT-1,CSF,0.0850066226230519
MS,CSF_22,ACGGAGATCACTCTTA-1,CSF,-0.1553753449054971
MS,CSF_22,ACGGCCAAGCCCAGCT-1,CSF,0.08202555163143992
MS,CSF_22,ACTATCTAGGCCCTCA-1,CSF,0.5698231886941375
MS,CSF_22,ACTATCTCACAGTCGC-1,CSF,0.6453685124134662
MS,CSF_22,ACTGATGTCTGTCTAT-1,CSF,0.11007585000514664
MS,CSF_22,ACTGTCCAGGGAAACA-1,CSF,-0.2299214484320386
MS,CSF_22,ACTTTCATCATCACCC-1,CSF,-0.0313305489065846
MS,CSF_22,AGAATAGGTGTTGGGA-1,CSF,0.11442511741982744
MS,CSF_22,AGACGTTAGATTACCC-1,CSF,-0.16684788880956905
MS,CSF_22,AGATCTGGTAATAGCA-1,CSF,0.7953328532322027
MS,CSF_22,AGCATACCACAGGCCT-1,CSF,-0.061070262500005655
MS,CSF_22,AGCGTATGTCCGTTAA-1,CSF,-0.07157349201915446
MS,CSF_22,AGCGTATGTCGCGTGT-1,CSF,-0.18322887698419804
MS,CSF_22,AGCTCTCAGGTAGCCA-1,CSF,-0.3454895490749103
MS,CSF_22,AGCTTGAAGGTTCCTA-1,CSF,-0.005944020521316921
MS,CSF_22,AGGCCACAGGACTGGT-1,CSF,0.139183885491507
MS,CSF_22,AGGCCGTAGATACACA-1,CSF,0.1385895215745836
MS,CSF_22,AGGGTGAAGAGATGAG-1,CSF,-0.06939764329569871
MS,CSF_22,AGTAGTCGTGCAGTAG-1,CSF,0.05749908054948828
MS,CSF_22,AGTAGTCTCGTGGTCG-1,CSF,0.2766442007823832
MS,CSF_22,AGTCTTTAGAATGTTG-1,CSF,-0.062205190675607
MS,CSF_22,AGTGTCAAGGATCGCA-1,CSF,0.3058382549125134
MS,CSF_22,AGTGTCAAGTCAAGCG-1,CSF,-0.07157349201915446
MS,CSF_22,AGTGTCACAAAGCAAT-1,CSF,-0.07157349201915446
MS,CSF_22,AGTTGGTAGGCTAGGT-1,CSF,-0.0691160430630081
MS,CSF_22,ATAACGCAGCGTCTAT-1,CSF,0.12595038709665846
MS,CSF_22,ATAACGCGTAACGACG-1,CSF,-0.07157349201915446
MS,CSF_22,ATCATCTAGGTGACCA-1,CSF,0.45963942870692526
MS,CSF_22,ATCCACCTCCAATGGT-1-1,CSF,0.580348222701456
MS,CSF_22,ATCCGAACATCAGTAC-1,CSF,0.07748107282634373
MS,CSF_22,ATCTGCCTCCAGAAGG-1,CSF,0.41767044341669257
MS,CSF_22,ATGGGAGTCGGAAACG-1,CSF,-0.07157349201915446
MS,CSF_22,ATGTGTGAGAGTCGGT-1,CSF,-0.07157349201915446
MS,CSF_22,ATTATCCGTCCGAGTC-1,CSF,-0.07157349201915446
MS,CSF_22,ATTGGACGTAAATGTG-1,CSF,-0.07157349201915446
MS,CSF_22,ATTGGACGTCCAGTTA-1,CSF,0.48791807725907904
MS,CSF_22,ATTGGACTCCAATGGT-1,CSF,0.18266154050161346
MS,CSF_22,ATTGGACTCCACGCAG-1,CSF,0.6486832225969029
MS,CSF_22,CAAGGCCTCTGGTATG-1,CSF,-0.07157349201915446
MS,CSF_22,CAAGTTGCAAGTTCTG-1,CSF,0.09843143379416161
MS,CSF_22,CACAAACAGATCCCAT-1,CSF,0.8359804729453797
MS,CSF_22,CACAGTAAGAGCCCAA-1,CSF,-0.18742244006901368
MS,CSF_22,CACATAGGTTCAGTAC-1,CSF,-0.32466315961690423
MS,CSF_22,CACATTTTCCGTTGCT-1,CSF,0.3962856953665744
MS,CSF_22,CACATTTTCTAGCACA-1,CSF,0.7668782577760246
MS,CSF_22,CACCACTTCAAACGGG-1,CSF,0.48681617518673226
MS,CSF_22,CACCTTGTCTCCGGTT-1,CSF,-0.18072822679553502
MS,CSF_22,CAGATCACAAAGAATC-1,CSF,0.036640643905328105
MS,CSF_22,CAGATCACATCAGTCA-1,CSF,0.10491491362625185
MS,CSF_22,CAGCAGCCACTCTGTC-1,CSF,0.030585770253943583
MS,CSF_22,CAGCAGCGTTATCGGT-1,CSF,-0.07157349201915446
MS,CSF_22,CAGCTAAAGACGCACA-1,CSF,0.09416500571026973
MS,CSF_22,CAGCTGGAGAGCCCAA-1,CSF,-0.15463546063057496
MS,CSF_22,CAGGTGCCATTACCTT-1,CSF,-0.057066022493674255
MS,CSF_22,CAGGTGCGTCTAGCCG-1,CSF,-0.07157349201915446
MS,CSF_22,CAGTCCTTCGCATGAT-1,CSF,0.5274723371266944
MS,CSF_22,CATATGGTCGACGGAA-1,CSF,-0.07157349201915446
MS,CSF_22,CATATTCTCTTACCTA-1,CSF,-0.11925520191687448
MS,CSF_22,CATCAAGTCCCAAGAT-1,CSF,-0.07157349201915446
MS,CSF_22,CATCAGAGTTCAGGCC-1,CSF,0.2064403006982142
MS,CSF_22,CATGCCTTCTAACTGG-1,CSF,0.31570836046205514
MS,CSF_22,CATGGCGTCCTAGGGC-1,CSF,-0.07157349201915446
MS,CSF_22,CATTATCGTGGTCCGT-1,CSF,0.4515079597297458
MS,CSF_22,CCACGGAGTGCCTGTG-1,CSF,-0.16474378500559667
MS,CSF_22,CCACGGATCGAATCCA-1,CSF,0.16453915205435235
MS,CSF_22,CCACTACAGCCAGGAT-1,CSF,0.08655076729487823
MS,CSF_22,CCAGCGACATTACCTT-1,CSF,0.2514731292628314
MS,CSF_22,CCATTCGGTTGCGTTA-1,CSF,0.06070320880308871
MS,CSF_22,CCCAATCGTTATCCGA-1,CSF,-0.07157349201915446
MS,CSF_22,CCGTTCAAGTACGCGA-1,CSF,-0.26645807943365557
MS,CSF_22,CCGTTCAAGTCTCGGC-1,CSF,0.029182052787997983
MS,CSF_22,CCTAAAGCACCGAAAG-1,CSF,0.17702027161857822
MS,CSF_22,CCTACACAGTCAAGCG-1,CSF,-0.1685644722378256
MS,CSF_22,CCTAGCTAGGAGTACC-1,CSF,0.34996344135155216
MS,CSF_22,CCTAGCTCAGAGTGTG-1,CSF,0.19819425911685098
MS,CSF_22,CCTCTGAAGGCTCATT-1,CSF,-0.11195906350833038
MS,CSF_22,CCTTTCTGTAGCGATG-1,CSF,0.7851745186155724
MS,CSF_22,CGAATGTCATACCATG-1,CSF,0.2031120842052664
MS,CSF_22,CGACTTCTCGCTTGTC-1,CSF,-0.3204866240700829
MS,CSF_22,CGAGCACAGTTGCAGG-1,CSF,-0.07157349201915446
MS,CSF_22,CGATGGCCACGACTCG-1,CSF,-0.07157349201915446
MS,CSF_22,CGATGTAGTTAAGACA-1,CSF,0.25365136318496645
MS,CSF_22,CGCGGTAGTGCTCTTC-1,CSF,-0.07157349201915446
MS,CSF_22,CGCGGTAGTTGATTGC-1,CSF,0.05641340753286101
MS,CSF_22,CGCGGTATCGGAATCT-1,CSF,-0.2383502698375016
MS,CSF_22,CGCTGGAAGACGCACA-1,CSF,0.10753901879377074
MS,CSF_22,CGCTGGAAGGCAGGTT-1,CSF,-0.17720618385217715
MS,CSF_22,CGCTGGAAGTAGGTGC-1,CSF,-0.09204557718172357
MS,CSF_22,CGCTGGAGTCCGAACC-1,CSF,-0.14401089423116753
MS,CSF_22,CGCTTCAGTGGTACAG-1,CSF,0.3542818798003279
MS,CSF_22,CGGACACCAATGGACG-1,CSF,-0.18418482717759055
MS,CSF_22,CGGACGTAGTCCATAC-1,CSF,0.16007537389016585
MS,CSF_22,CGGACGTTCTTAGCCC-1,CSF,-0.23309447193862676
MS,CSF_22,CGGGTCAGTCGATTGT-1,CSF,0.20672684892268492
MS,CSF_22,CGTAGCGTCTTATCTG-1,CSF,-0.07157349201915446
MS,CSF_22,CGTCACTCACATGTGT-1,CSF,-0.1781508409116545
MS,CSF_22,CGTCTACAGTCGATAA-1,CSF,-0.1954937805346241
MS,CSF_22,CGTGTAAGTGAAATCA-1,CSF,-0.028068232510510747
MS,CSF_22,CGTGTCTAGCTTTGGT-1-1,CSF,0.49719754609177963
MS,CSF_22,CGTTAGAAGTCTCGGC-1,CSF,-0.07157349201915446
MS,CSF_22,CGTTAGAGTAATTGGA-1,CSF,-0.1522183063059626
MS,CSF_22,CGTTAGAGTGTGACGA-1,CSF,0.20282366380480443
MS,CSF_22,CGTTAGATCACTATTC-1,CSF,0.06852398941872802
MS,CSF_22,CGTTCTGAGCCAGTTT-1,CSF,0.03223571207818605
MS,CSF_22,CTAAGACTCCGTACAA-1,CSF,0.6486832225969029
MS,CSF_22,CTAGAGTGTACGACCC-1,CSF,-0.24480934767655693
MS,CSF_22,CTCACACAGGACTGGT-1,CSF,0.0342254865516985
MS,CSF_22,CTCACACGTTGCCTCT-1,CSF,0.015281423379134042
MS,CSF_22,CTCACACTCAACGGGA-1,CSF,-0.06066431257864868
MS,CSF_22,CTCCTAGCATGCTGGC-1,CSF,0.033554853839991
MS,CSF_22,CTCGAAAAGACGCAAC-1,CSF,-0.2691148885472308
MS,CSF_22,CTCGAAAAGCTAAACA-1,CSF,0.007343208800891153
MS,CSF_22,CTCGAAAAGCTAGTTC-1,CSF,-0.3263923393578822
MS,CSF_22,CTCGAGGAGATATGCA-1,CSF,0.33354879794226433
MS,CSF_22,CTCGTCAGTCTAACGT-1,CSF,0.4438778390779377
MS,CSF_22,CTCTAATCAGGATTGG-1,CSF,-0.2942168261183398
MS,CSF_22,CTGGTCTTCATCGCTC-1,CSF,0.08363341274427595
MS,CSF_22,CTTACCGTCACCAGGC-1,CSF,0.03635650655322157
MS,CSF_22,CTTGGCTCACCATCCT-1,CSF,-0.13786692516842963
MS,CSF_22,GAACCTATCCACGACG-1,CSF,-0.5911711281570355
MS,CSF_22,GAAGCAGAGAAGATTC-1,CSF,-0.20386375104011156
MS,CSF_22,GACACGCAGCAAATCA-1,CSF,0.15303438690598536
MS,CSF_22,GACAGAGCATACGCCG-1,CSF,0.22215402669040227
MS,CSF_22,GACGCGTGTCCAGTTA-1,CSF,0.4151722763379005
MS,CSF_22,GACGTTAAGCCCAATT-1,CSF,0.3281191853749482
MS,CSF_22,GACGTTACACTTCTGC-1,CSF,0.2211895808726522
MS,CSF_22,GACTACAAGGGCTTCC-1,CSF,0.03256305232146451
MS,CSF_22,GAGCAGACAATAGCAA-1,CSF,0.14235927997127812
MS,CSF_22,GAGGTGATCAAACCAC-1,CSF,0.11384399586776775
MS,CSF_22,GAGGTGATCCAACCAA-1,CSF,0.1411594034675345
MS,CSF_22,GAGGTGATCCTTTACA-1,CSF,0.16022451607672764
MS,CSF_22,GAGTCCGGTAGGGTAC-1,CSF,-0.27019917571954355
MS,CSF_22,GATCGCGCATGCCTTC-1,CSF,-0.22782135556076552
MS,CSF_22,GATCGCGTCAACTCTT-1,CSF,0.1261748493824936
MS,CSF_22,GATGAGGTCGCCCTTA-1,CSF,-0.0719003491220648
MS,CSF_22,GATGCTAAGCCACGTC-1,CSF,-0.2149028024032294
MS,CSF_22,GATGCTAAGGACATTA-1,CSF,-0.1247976504974566
MS,CSF_22,GCACTCTCAGTCGTGC-1,CSF,0.655043408040633
MS,CSF_22,GCAGTTAAGCGATCCC-1,CSF,0.15668572838874573
MS,CSF_22,GCATGCGTCTGTCCGT-1,CSF,-0.07157349201915446
MS,CSF_22,GCCAAATTCTTACCGC-1,CSF,-0.015151427330917535
MS,CSF_22,GCGCAGTAGATCCTGT-1,CSF,-0.3025513309550027
MS,CSF_22,GCGCCAAAGAGGACGG-1,CSF,-0.07157349201915446
MS,CSF_22,GCGCGATCACATAACC-1,CSF,0.3506778209280224
MS,CSF_22,GCTCCTATCAAACCGT-1,CSF,-0.27304763103986884
MS,CSF_22,GCTCTGTGTTGATTGC-1,CSF,-0.5159560813170814
MS,CSF_22,GCTGCGACATCAGTCA-1,CSF,0.22361745246245412
MS,CSF_22,GCTTGAACACCGGAAA-1,CSF,0.42781826183837207
MS,CSF_22,GGAAAGCCAACACGCC-1,CSF,0.2221888516809014
MS,CSF_22,GGAATAAAGCCCAATT-1,CSF,-0.19338497549231612
MS,CSF_22,GGAATAATCCAAAGTC-1,CSF,0.18893978876057543
MS,CSF_22,GGACATTAGGCTATCT-1,CSF,0.07468215212915966
MS,CSF_22,GGATGTTTCCGTACAA-1,CSF,-0.16172956273302247
MS,CSF_22,GGCGACTAGCCTCGTG-1,CSF,-0.18191244576969612
MS,CSF_22,GGCTCGACACTCAGGC-1,CSF,0.39496642080636807
MS,CSF_22,GGGCATCGTAAGTAGT-1,CSF,-0.07157349201915446
MS,CSF_22,GGGTTGCGTAGTACCT-1,CSF,-0.15057979643567435
MS,CSF_22,GGTATTGCAAACCCAT-1,CSF,0.8888490911249756
MS,CSF_22,GGTATTGCAATGGAAT-1,CSF,-0.07157349201915446
MS,CSF_22,GTAACGTAGAATGTGT-1,CSF,-0.28165083517831185
MS,CSF_22,GTACTCCAGACTACAA-1,CSF,-0.3363861319529381
MS,CSF_22,GTACTTTTCGTTTGCC-1,CSF,-0.37011090251831297
MS,CSF_22,GTATTCTCACAGACAG-1,CSF,0.08237794340904069
MS,CSF_22,GTCAAGTAGACTAAGT-1,CSF,-0.07157349201915446
MS,CSF_22,GTCACAAGTGCATCTA-1,CSF,0.20253469236029126
MS,CSF_22,GTCACGGTCCTATGTT-1,CSF,0.2014373425407841
MS,CSF_22,GTCGTAACATTTCACT-1,CSF,-0.34406897881202575
MS,CSF_22,GTCGTAAGTGATAAAC-1,CSF,-0.12617275091176194
MS,CSF_22,GTCTCGTAGCCACGCT-1,CSF,0.3437167464016378
MS,CSF_22,GTCTTCGAGGCGCTCT-1,CSF,0.16980164844909337
MS,CSF_22,GTGCATACAACTGCTA-1,CSF,0.3345271113954246
MS,CSF_22,GTGCGGTGTACGACCC-1,CSF,-0.18033988094230197
MS,CSF_22,GTGCGGTGTCAGATAA-1-1,CSF,0.1893909483712902
MS,CSF_22,GTGCGGTGTCATATGC-1,CSF,-0.12298511880229766
MS,CSF_22,GTGGGTCAGACAGACC-1,CSF,0.5536359453723314
MS,CSF_22,GTTAAGCCACATCCGG-1,CSF,0.402778026506748
MS,CSF_22,GTTACAGCATCCTTGC-1,CSF,-0.16768259651582038
MS,CSF_22,GTTCATTAGAACAATC-1,CSF,0.44212203592436
MS,CSF_22,GTTTCTAAGAGGTACC-1,CSF,0.3703072122730222
MS,CSF_22,GTTTCTACAGGGTTAG-1,CSF,0.14920466498377996
MS,CSF_22,TACGGGCTCTTGTTTG-1,CSF,-0.7932034855254491
MS,CSF_22,TACGGGCTCTTTACAC-1,CSF,-0.07157349201915446
MS,CSF_22,TACGGTAAGACTAAGT-1,CSF,-0.17646991501963
MS,CSF_22,TACTCATCAGGGTACA-1,CSF,-0.44616498432254625
MS,CSF_22,TACTCATCATACTCTT-1,CSF,0.16930086409231926
MS,CSF_22,TACTCATTCTAGAGTC-1,CSF,-0.1448493007083394
MS,CSF_22,TAGCCGGTCGGCGGTT-1,CSF,-0.07157349201915446
MS,CSF_22,TAGTGGTGTATGCTTG-1,CSF,0.003268175487270494
MS,CSF_22,TATCTCAGTTTGCATG-1,CSF,0.39153082367538533
MS,CSF_22,TCACAAGGTCCTAGCG-1,CSF,-0.43366625034317935
MS,CSF_22,TCACAAGGTGATGATA-1,CSF,-0.15270474235952447
MS,CSF_22,TCACGAATCTGGTGTA-1,CSF,0.019120024226121263
MS,CSF_22,TCAGATGGTTCAGTAC-1,CSF,0.2379277226450132
MS,CSF_22,TCAGCAAAGTAGTGCG-1,CSF,0.025781850053806923
MS,CSF_22,TCAGCTCCAGTGAGTG-1,CSF,-0.04372968059377342
MS,CSF_22,TCAGGATAGACTAGGC-1,CSF,-0.09602205628074534
MS,CSF_22,TCATTACAGTTCGCGC-1,CSF,0.2530330681372865
MS,CSF_22,TCGAGGCCACAACGTT-1,CSF,-0.3751227471607107
MS,CSF_22,TCGCGAGAGGCTATCT-1,CSF,0.287597031039368
MS,CSF_22,TCGTACCGTGTTTGTG-1,CSF,0.1227068452927643
MS,CSF_22,TCTATTGGTACACCGC-1,CSF,0.09955144434428066
MS,CSF_22,TCTCTAACAGGGCATA-1,CSF,-0.13760636740868293
MS,CSF_22,TCTTCGGGTAGAAGGA-1,CSF,0.6329819150814349
MS,CSF_22,TCTTTCCGTGTTTGTG-1,CSF,0.5937811986968777
MS,CSF_22,TGAGGGACAAAGTGCG-1,CSF,-0.07157349201915446
MS,CSF_22,TGAGGGACACGCTTTC-1,CSF,-0.3339781404554535
MS,CSF_22,TGCACCTCAGATCTGT-1,CSF,0.1491246981937758
MS,CSF_22,TGCGGGTTCGAGCCCA-1,CSF,-0.07157349201915446
MS,CSF_22,TGCGTGGCAGGAATCG-1,CSF,0.08137350742027061
MS,CSF_22,TGGCGCAAGAGGACGG-1,CSF,0.08960451473073576
MS,CSF_22,TGGCTGGAGCTGGAAC-1,CSF,0.22105205711441764
MS,CSF_22,TGGCTGGGTATGGTTC-1,CSF,0.24240374885177982
MS,CSF_22,TGGCTGGGTGACCAAG-1,CSF,0.19898306655025597
MS,CSF_22,TGGGAAGAGCTGGAAC-1,CSF,0.2748985675886388
MS,CSF_22,TGGGCGTAGCGTAGTG-1,CSF,-0.2785225699212192
MS,CSF_22,TGTGTTTCACGACGAA-1,CSF,0.17291625612819952
MS,CSF_22,TGTTCCGTCCGCAAGC-1,CSF,-0.07157349201915446
MS,CSF_22,TTAACTCAGCGTCTAT-1,CSF,0.30891821742704034
MS,CSF_22,TTAACTCCAGCGATCC-1,CSF,-0.07157349201915446
MS,CSF_22,TTAACTCGTGGTAACG-1,CSF,0.004329252009947636
MS,CSF_22,TTAGGACTCCGTACAA-1,CSF,0.06452576550269232
MS,CSF_22,TTAGGCAAGAACTGTA-1,CSF,0.19161459471619016
MS,CSF_22,TTAGTTCAGACACGAC-1,CSF,0.5208510035913332
MS,CSF_22,TTCCCAGAGAAACCTA-1,CSF,0.36194442324426224
MS,CSF_22,TTCCCAGAGACTGGGT-1,CSF,-0.14257635045636166
MS,CSF_22,TTCCCAGTCATGCAAC-1,CSF,-0.316983479705462
MS,CSF_22,TTCTACATCCTCCTAG-1,CSF,0.3736708251226198
MS,CSF_22,TTCTTAGCATTACCTT-1,CSF,-0.18165628606189102
MS,CSF_22,TTGAACGGTAACGCGA-1,CSF,0.34154490010767663
MS,CSF_22,TTGACTTGTCATACTG-1,CSF,0.32900378227502486
MS,CSF_22,TTGACTTGTCATATCG-1,CSF,-0.011125150226036036
MS,CSF_22,TTGCCGTTCTATCCTA-1,CSF,-0.17778291106941846
MS,CSF_22,TTGGAACCAAAGGTGC-1,CSF,-0.47474124519741095
MS,CSF_22,TTGTAGGAGTCGTACT-1,CSF,-0.07157349201915446
MS,CSF_22,TTTACTGCATTTCAGG-1-1,CSF,0.20526264360022292
MS,CSF_22,TTTACTGTCCTACAGA-1,CSF,-0.19126997485338068
MS,CSF_22,TTTGGTTGTGCAACTT-1,CSF,-0.07157349201915446
MS,CSF_22,TTTGTCAGTACAGTGG-1,CSF,0.09317512616453869
MS,CSF_24,AAACCTGAGTCTCGGC-1,CSF,-0.42764042363688054
MS,CSF_24,AAACCTGGTGTCGCTG-1,CSF,-0.07157349201915446
MS,CSF_24,AAACGGGCATTGCGGC-1,CSF,0.2719051628887654
MS,CSF_24,AAAGTAGAGCCCTAAT-1,CSF,-0.11117894305951523
MS,CSF_24,AACACGTAGTTGAGTA-1-1,CSF,0.3461685586037476
MS,CSF_24,AACACGTGTACTCTCC-1-1,CSF,-0.21637296597979175
MS,CSF_24,AACACGTGTCGTCTTC-1,CSF,-0.21986375255233112
MS,CSF_24,AACACGTTCATGTAGC-1,CSF,-0.07157349201915446
MS,CSF_24,AACACGTTCCAAACAC-1,CSF,-0.07157349201915446
MS,CSF_24,AACCATGCAGGTCCAC-1,CSF,0.4571244876869623
MS,CSF_24,AACCGCGGTTCAGTAC-1,CSF,-0.24749568921401321
MS,CSF_24,AACGTTGGTCTGGAGA-1,CSF,0.2955628441687917
MS,CSF_24,AACGTTGTCACTTCAT-1,CSF,0.28291376589692424
MS,CSF_24,AACTCAGGTCTTGATG-1,CSF,0.27793091785435775
MS,CSF_24,AACTCAGGTTCACCTC-1-1,CSF,0.23021339896040813
MS,CSF_24,AACTGGTGTTCCACAA-1-1,CSF,-0.07157349201915446
MS,CSF_24,AACTGGTTCGGAAACG-1,CSF,-0.07157349201915446
MS,CSF_24,AACTTTCAGTGCGATG-1,CSF,0.26203176951464474
MS,CSF_24,AACTTTCTCATAAAGG-1,CSF,-0.4940330496394875
MS,CSF_24,AAGACCTTCGTAGGAG-1,CSF,0.1525596201441631
MS,CSF_24,AAGGCAGTCACTTACT-1,CSF,-0.05433448063852829
MS,CSF_24,AAGGTTCAGGGATACC-1,CSF,-0.07157349201915446
MS,CSF_24,AAGGTTCGTGAGTATA-1,CSF,0.1822638611005535
MS,CSF_24,AAGGTTCTCCGAACGC-1,CSF,0.2473301854942401
MS,CSF_24,AAGTCTGAGGCTCTTA-1,CSF,0.21888620615858687
MS,CSF_24,AAGTCTGCACCAGGTC-1,CSF,-0.24868156435425814
MS,CSF_24,AAGTCTGGTTACGACT-1,CSF,-0.3389240184753525
MS,CSF_24,AAGTCTGTCCCTAATT-1,CSF,0.1705294597044877
MS,CSF_24,AATCCAGCAAAGGAAG-1,CSF,-0.07157349201915446
MS,CSF_24,AATCCAGGTACAAGTA-1,CSF,0.8756645107793644
MS,CSF_24,AATCGGTGTCGCGTGT-1,CSF,-0.1760318049030247
MS,CSF_24,ACACCAATCAGTTAGC-1,CSF,0.2731723201753477
MS,CSF_24,ACACCCTAGTATCGAA-1,CSF,0.04025130210821685
MS,CSF_24,ACACCCTAGTTAAGTG-1,CSF,0.42780991809382357
MS,CSF_24,ACACCGGTCAACCATG-1,CSF,-0.27442120809803344
MS,CSF_24,ACAGCCGGTTCAGACT-1,CSF,0.7254460006783316
MS,CSF_24,ACAGCTACAATAGAGT-1,CSF,0.027633032175677395
MS,CSF_24,ACAGCTAGTAAGTGTA-1,CSF,-0.07157349201915446
MS,CSF_24,ACAGCTAGTTTAAGCC-1,CSF,-0.5238140146880814
MS,CSF_24,ACATACGAGAAAGTGG-1,CSF,-0.07157349201915446
MS,CSF_24,ACATACGAGCTACCGC-1,CSF,0.17733287423146063
MS,CSF_24,ACATGGTTCGATAGAA-1,CSF,0.13525489648667557
MS,CSF_24,ACCAGTAAGCGATGAC-1,CSF,-0.07157349201915446
MS,CSF_24,ACCAGTAGTACAGTTC-1,CSF,0.199599147722793
MS,CSF_24,ACCCACTAGACAGACC-1,CSF,-0.36991820387707375
MS,CSF_24,ACCGTAAGTCATGCCG-1,CSF,0.1775763153661984
MS,CSF_24,ACCTTTAAGGAATTAC-1,CSF,0.6418592090704968
MS,CSF_24,ACCTTTACAATCTGCA-1,CSF,-0.4906543366262133
MS,CSF_24,ACCTTTAGTAAGTTCC-1,CSF,0.15412100178055188
MS,CSF_24,ACCTTTAGTAGTACCT-1,CSF,-0.07157349201915446
MS,CSF_24,ACGAGCCAGGATGTAT-1,CSF,-0.2881777181800362
MS,CSF_24,ACGAGGACACATTAGC-1,CSF,-0.07157349201915446
MS,CSF_24,ACGAGGATCAGGATCT-1,CSF,-0.07157349201915446
MS,CSF_24,ACGCAGCCATGACATC-1,CSF,0.343084453426608
MS,CSF_24,ACGCCAGAGTGCCATT-1,CSF,0.004116346285481885
MS,CSF_24,ACGCCAGCAACTGCTA-1,CSF,-0.15607388604254896
MS,CSF_24,ACGCCAGCAATCTGCA-1,CSF,0.23038255410383254
MS,CSF_24,ACGCCAGGTCCAGTAT-1,CSF,0.6960139296828762
MS,CSF_24,ACGCCGACAAATACAG-1,CSF,-0.025623804181681864
MS,CSF_24,ACGCCGAGTCGAGTTT-1,CSF,-0.048243946718352734
MS,CSF_24,ACGCCGAGTCTAACGT-1,CSF,0.03053742851153407
MS,CSF_24,ACGCCGATCATGTCCC-1,CSF,0.2600625234783243
MS,CSF_24,ACGCCGATCCATGAGT-1,CSF,-0.07157349201915446
MS,CSF_24,ACGGAGACAAGTCATC-1,CSF,0.04512998816829845
MS,CSF_24,ACGGAGACAGCGATCC-1,CSF,-0.07157349201915446
MS,CSF_24,ACGGAGACATTCACTT-1,CSF,-0.07157349201915446
MS,CSF_24,ACGGAGAGTACAGCAG-1,CSF,0.18312235234307703
MS,CSF_24,ACGGAGAGTTCAGCGC-1,CSF,-0.07157349201915446
MS,CSF_24,ACGGAGATCGCGTTTC-1,CSF,-0.07157349201915446
MS,CSF_24,ACGGCCAGTGGCCCTA-1,CSF,-0.11770711867796343
MS,CSF_24,ACGGGCTAGGAGTCTG-1,CSF,-0.2796361874663173
MS,CSF_24,ACGGGCTAGGGCTTCC-1,CSF,-0.07157349201915446
MS,CSF_24,ACGGGCTGTCATCGGC-1,CSF,-0.5778734051578637
MS,CSF_24,ACGGGTCCAATGACCT-1,CSF,-0.025645053885448466
MS,CSF_24,ACGTCAAAGTGGACGT-1,CSF,0.18328862889694775
MS,CSF_24,ACGTCAAAGTTAGCGG-1,CSF,0.18671685942863062
MS,CSF_24,ACGTCAAGTACCGGCT-1,CSF,-0.2132282478571818
MS,CSF_24,ACGTCAAGTCATGCCG-1,CSF,-0.28533943540099893
MS,CSF_24,ACGTCAATCGCCTGAG-1,CSF,0.512631512725539
MS,CSF_24,ACTGAACCAGGAACGT-1,CSF,0.4131262590585221
MS,CSF_24,ACTGAACCAGTTTACG-1,CSF,-0.07157349201915446
MS,CSF_24,ACTGAACGTACTCGCG-1-1,CSF,-0.2877961844762969
MS,CSF_24,ACTGAACGTGAAGGCT-1,CSF,-0.07157349201915446
MS,CSF_24,ACTGAACTCCGGGTGT-1,CSF,0.2473301854942401
MS,CSF_24,ACTGAGTAGCGACGTA-1,CSF,-0.07157349201915446
MS,CSF_24,ACTGAGTGTTCGGCAC-1,CSF,-0.20591429723513327
MS,CSF_24,ACTGATGGTCCGACGT-1,CSF,0.02463563623830927
MS,CSF_24,ACTGCTCGTAATCACC-1,CSF,0.803894864492223
MS,CSF_24,ACTGTCCTCAGCGATT-1,CSF,0.1529515945486024
MS,CSF_24,ACTTGTTCATCCGTGG-1,CSF,-0.05476833566228518
MS,CSF_24,ACTTGTTGTCTCTCGT-1,CSF,-0.07157349201915446
MS,CSF_24,ACTTTCAAGACACGAC-1,CSF,0.1934975033286032
MS,CSF_24,AGAATAGGTACTTGAC-1,CSF,-0.01700868951002605
MS,CSF_24,AGACGTTAGAGTCTGG-1,CSF,-0.07157349201915446
MS,CSF_24,AGACGTTCAGTATGCT-1,CSF,-0.47996725055907674
MS,CSF_24,AGACGTTTCAGGCAAG-1-1,CSF,0.24914756776360372
MS,CSF_24,AGAGCGAGTCCAAGTT-1,CSF,0.038684539696024
MS,CSF_24,AGAGCTTAGAAGGCCT-1,CSF,-0.3649247648920443
MS,CSF_24,AGAGCTTGTAGGGTAC-1,CSF,0.4416102423983667
MS,CSF_24,AGAGCTTGTATCACCA-1-1,CSF,0.07668333083474317
MS,CSF_24,AGAGCTTGTGATAAGT-1,CSF,0.03944852490309625
MS,CSF_24,AGAGCTTGTTAGATGA-1,CSF,-0.18021502898376682
MS,CSF_24,AGAGCTTTCATGCAAC-1,CSF,0.13835910057141948
MS,CSF_24,AGAGCTTTCCAAATGC-1,CSF,0.20725064109985578
MS,CSF_24,AGAGCTTTCCGCAAGC-1,CSF,-0.20575783456912103
MS,CSF_24,AGAGTGGAGGCCCGTT-1,CSF,-0.07157349201915446
MS,CSF_24,AGAGTGGCACTTAACG-1,CSF,0.27098979934502526
MS,CSF_24,AGATCTGTCGTTACGA-1,CSF,0.04183023819038591
MS,CSF_24,AGATTGCAGCTCCTCT-1,CSF,0.17038338981280057
MS,CSF_24,AGATTGCAGGGAACGG-1,CSF,-0.07157349201915446
MS,CSF_24,AGCAGCCGTCAATACC-1,CSF,-0.07157349201915446
MS,CSF_24,AGCATACGTAAGGGAA-1,CSF,-0.3086525610989274
MS,CSF_24,AGCCTAACAGGCTCAC-1,CSF,-0.7814067515770217
MS,CSF_24,AGCCTAAGTCCAGTTA-1,CSF,-0.07157349201915446
MS,CSF_24,AGCCTAATCTGCCCTA-1,CSF,0.1748244513805724
MS,CSF_24,AGCGTATAGACTCGGA-1,CSF,-0.07157349201915446
MS,CSF_24,AGCGTATAGCTAGGCA-1,CSF,-0.001297480688298182
MS,CSF_24,AGCGTCGAGCTGAAAT-1,CSF,-0.4399902553223943
MS,CSF_24,AGCGTCGCAAGTTGTC-1,CSF,0.2370027813087749
MS,CSF_24,AGCTCCTCAGGATCGA-1,CSF,0.19391826804823725
MS,CSF_24,AGCTCCTGTCAGAATA-1,CSF,-0.07157349201915446
MS,CSF_24,AGCTCCTTCATTATCC-1,CSF,0.026120110928537832
MS,CSF_24,AGCTCTCTCAAACGGG-1,CSF,0.012568740332671
MS,CSF_24,AGCTTGAAGACTGTAA-1,CSF,0.3316366841628482
MS,CSF_24,AGCTTGATCTACGAGT-1,CSF,0.16159133874495582
MS,CSF_24,AGGCCACAGTATCTCG-1,CSF,0.1645579438568275
MS,CSF_24,AGGCCGTAGGTAGCCA-1,CSF,-0.07157349201915446
MS,CSF_24,AGGGATGCAGATGAGC-1,CSF,-0.886295432688421
MS,CSF_24,AGGGTGAGTCGTGGCT-1,CSF,0.04736860577855673
MS,CSF_24,AGGGTGATCTGATTCT-1,CSF,0.5769168089003521
MS,CSF_24,AGGTCATAGGGAGTAA-1,CSF,0.18987872242573128
MS,CSF_24,AGGTCATGTGCAGACA-1,CSF,0.10725100835224026
MS,CSF_24,AGGTCCGCACCAGATT-1,CSF,0.2508532082047155
MS,CSF_24,AGTAGTCGTTCACGGC-1,CSF,0.49140153802738057
MS,CSF_24,AGTCTTTCATCTCGCT-1,CSF,0.4031429829471703
MS,CSF_24,AGTCTTTTCGTTACGA-1,CSF,-0.07157349201915446
MS,CSF_24,AGTGAGGGTTGACGTT-1,CSF,-0.07157349201915446
MS,CSF_24,AGTGTCAAGTTCCACA-1,CSF,-0.6404392282439565
MS,CSF_24,AGTTGGTTCCTCAATT-1,CSF,-0.07157349201915446
MS,CSF_24,ATAAGAGAGGATTCGG-1,CSF,-0.07157349201915446
MS,CSF_24,ATAGACCCACTTACGA-1,CSF,-0.5723726812473781
MS,CSF_24,ATCATGGCACGCCAGT-1,CSF,-0.07577055128269719
MS,CSF_24,ATCATGGGTCTGCGGT-1,CSF,0.1614558277338318
MS,CSF_24,ATCCACCCATTCTCAT-1,CSF,0.23938008737041544
MS,CSF_24,ATCTGCCTCCTAAGTG-1,CSF,-0.07157349201915446
MS,CSF_24,ATGAGGGAGGACTGGT-1,CSF,-0.07157349201915446
MS,CSF_24,ATGAGGGCAGGGCATA-1,CSF,-0.20105334729654162
MS,CSF_24,ATGAGGGTCTAGCACA-1,CSF,-0.3915022470929444
MS,CSF_24,ATGCGATCAGCTGCTG-1,CSF,-0.5651359629571049
MS,CSF_24,ATGCGATTCGTGGGAA-1,CSF,-0.4188521565034983
MS,CSF_24,ATGGGAGCATCACGAT-1,CSF,-0.07157349201915446
MS,CSF_24,ATGTGTGCAATAGCAA-1,CSF,-0.04758994023174339
MS,CSF_24,ATGTGTGCAGATCGGA-1,CSF,-0.25945328863824174
MS,CSF_24,ATTACTCGTAGCTAAA-1,CSF,0.44175313761248247
MS,CSF_24,ATTATCCCACCAGGCT-1,CSF,0.1972848687339098
MS,CSF_24,ATTGGACCAGCGTAAG-1,CSF,0.19120501639493984
MS,CSF_24,ATTGGACGTATTCGTG-1,CSF,0.42466919202197245
MS,CSF_24,ATTGGTGAGTGGGTTG-1,CSF,-0.07157349201915446
MS,CSF_24,ATTGGTGCACTGCCAG-1,CSF,-0.07157349201915446
MS,CSF_24,ATTGGTGCAGTTCCCT-1,CSF,-0.7632288656008125
MS,CSF_24,ATTGGTGCATCACCCT-1,CSF,-0.07157349201915446
MS,CSF_24,ATTGGTGGTTAGATGA-1,CSF,0.019496489650919543
MS,CSF_24,ATTTCTGAGCTGCAAG-1,CSF,0.11103804869980975
MS,CSF_24,ATTTCTGCAATGGATA-1,CSF,-0.24167780862102622
MS,CSF_24,ATTTCTGGTCATTAGC-1,CSF,-0.07157349201915446
MS,CSF_24,CAACCAAAGGACTGGT-1,CSF,1.008639144616915
MS,CSF_24,CAACCAACAACGATCT-1,CSF,-0.5594393939486026
MS,CSF_24,CAACCTCGTCAAACTC-1,CSF,-0.1954284874414403
MS,CSF_24,CAACTAGTCCTAGTGA-1,CSF,-0.07157349201915446
MS,CSF_24,CAAGATCAGAAACCAT-1,CSF,-0.2855404182917568
MS,CSF_24,CAAGATCCACTAAGTC-1,CSF,-0.07157349201915446
MS,CSF_24,CAAGATCGTGCAACTT-1,CSF,-0.26317687193794664
MS,CSF_24,CAAGATCTCGTCACGG-1,CSF,-0.045108134327884755
MS,CSF_24,CAAGGCCTCAGCCTAA-1,CSF,-0.2417255865032022
MS,CSF_24,CAAGGCCTCGGCGCTA-1,CSF,-0.07157349201915446
MS,CSF_24,CAAGTTGGTCACCTAA-1,CSF,0.27088644610003787
MS,CSF_24,CAAGTTGTCCACGCAG-1,CSF,0.5012301264751841
MS,CSF_24,CAAGTTGTCCTAAGTG-1,CSF,0.24065221886864638
MS,CSF_24,CACAAACGTAGCTAAA-1,CSF,-0.07157349201915446
MS,CSF_24,CACAAACGTCCTGCTT-1,CSF,-0.4292899438877657
MS,CSF_24,CACAAACGTTGCTCCT-1,CSF,0.312076925272752
MS,CSF_24,CACACAACAACTGCTA-1,CSF,0.1318443925927252
MS,CSF_24,CACACAACAGGGATTG-1,CSF,-0.24254335112854739
MS,CSF_24,CACACTCCATTTGCCC-1,CSF,0.6141424740635975
MS,CSF_24,CACACTCGTGACCAAG-1,CSF,0.12358114462088708
MS,CSF_24,CACACTCTCATCGATG-1,CSF,-0.07157349201915446
MS,CSF_24,CACAGTAGTTCCACAA-1,CSF,-0.4122208781202002
MS,CSF_24,CACAGTATCGCTTAGA-1,CSF,0.1972948913366799
MS,CSF_24,CACATAGCAAGTTAAG-1,CSF,-0.26267285543047064
MS,CSF_24,CACATTTAGAGTAATC-1,CSF,0.2664406024154152
MS,CSF_24,CACATTTCAAACTGCT-1,CSF,-0.21797852364304987
MS,CSF_24,CACATTTCATTGTGCA-1,CSF,0.3362363187780317
MS,CSF_24,CACATTTTCACTGGGC-1,CSF,-0.2090616250739965
MS,CSF_24,CACCACTGTAAACGCG-1,CSF,0.12750936956598244
MS,CSF_24,CACCACTTCGGAAACG-1,CSF,-0.07157349201915446
MS,CSF_24,CAGAATCGTTACGTCA-1,CSF,-0.21694592918320618
MS,CSF_24,CAGATCAAGGATATAC-1,CSF,-0.36633941387118857
MS,CSF_24,CAGCAGCCATTCCTCG-1,CSF,0.2837249546196878
MS,CSF_24,CAGCATACAAACTGTC-1,CSF,-0.13088637852454268
MS,CSF_24,CAGCGACCACCTGGTG-1,CSF,-0.07157349201915446
MS,CSF_24,CAGCGACGTACTTGAC-1,CSF,0.037062912479513335
MS,CSF_24,CAGCTAAAGCAACGGT-1,CSF,0.273608863045723
MS,CSF_24,CAGCTAAGTTACGGAG-1,CSF,-0.07157349201915446
MS,CSF_24,CAGCTGGCAGACACTT-1,CSF,-0.07157349201915446
MS,CSF_24,CAGCTGGCAGTGGAGT-1,CSF,-0.07157349201915446
MS,CSF_24,CAGCTGGCAGTTAACC-1-1,CSF,0.23224908150654114
MS,CSF_24,CAGCTGGTCACCACCT-1,CSF,0.18654281604847225
MS,CSF_24,CAGGTGCAGTGTCCAT-1,CSF,-0.40500240155539563
MS,CSF_24,CAGGTGCGTAGCGTGA-1,CSF,-0.07157349201915446
MS,CSF_24,CAGTCCTAGCACGCCT-1,CSF,0.5454106346491865
MS,CSF_24,CAGTCCTCATGGTCTA-1,CSF,-0.07157349201915446
MS,CSF_24,CATATGGAGACTTGAA-1,CSF,-0.03656530941829385
MS,CSF_24,CATATTCCAGCATGAG-1,CSF,0.21788541163735628
MS,CSF_24,CATATTCCAGGTGGAT-1,CSF,-0.18855960508662667
MS,CSF_24,CATCAAGCATGCTAGT-1,CSF,-0.5209852285779097
MS,CSF_24,CATCAGAAGCTGTCTA-1,CSF,-0.29080712884813387
MS,CSF_24,CATCCACGTGAAGGCT-1,CSF,-0.07157349201915446
MS,CSF_24,CATCCACTCTCTGAGA-1,CSF,0.14054591207159045
MS,CSF_24,CATCGAACACCAGATT-1,CSF,-0.29159783282569485
MS,CSF_24,CATCGAACATTTCAGG-1,CSF,-0.07157349201915446
MS,CSF_24,CATCGAATCGGCGCAT-1,CSF,-0.07157349201915446
MS,CSF_24,CATCGGGCACAAGACG-1,CSF,-0.267657483895746
MS,CSF_24,CATGACACACATTTCT-1,CSF,-0.39424316351415334
MS,CSF_24,CATGACAGTATAGGGC-1,CSF,0.866939796650291
MS,CSF_24,CATGACATCTGTGCAA-1,CSF,0.1904697742043247
MS,CSF_24,CATGGCGCATCTACGA-1,CSF,-0.07157349201915446
MS,CSF_24,CATGGCGTCTTGGGTA-1,CSF,-0.07157349201915446
MS,CSF_24,CATTATCCATCCGCGA-1,CSF,0.9241613677962801
MS,CSF_24,CATTATCTCACATAGC-1,CSF,-0.2074388332460963
MS,CSF_24,CATTATCTCCGAGCCA-1,CSF,-0.3953284419346251
MS,CSF_24,CATTCGCTCACATACG-1,CSF,-0.028914260395111167
MS,CSF_24,CCAATCCAGTAGCGGT-1,CSF,0.3707647980992639
MS,CSF_24,CCAATCCTCCAGGGCT-1,CSF,-0.21154254179283635
MS,CSF_24,CCAATCCTCTACCAGA-1,CSF,0.2520840811614405
MS,CSF_24,CCACGGACATTCACTT-1,CSF,0.08923459000866385
MS,CSF_24,CCACTACGTCATATGC-1,CSF,0.0032275170775020972
MS,CSF_24,CCACTACGTTCATGGT-1,CSF,-0.07157349201915446
MS,CSF_24,CCAGCGAAGTGCGATG-1,CSF,-0.21543029631961502
MS,CSF_24,CCAGCGATCTAACTTC-1,CSF,-0.2168500421856374
MS,CSF_24,CCATTCGAGCGAAGGG-1,CSF,0.11130108575049948
MS,CSF_24,CCATTCGTCGTTTAGG-1,CSF,-0.07157349201915446
MS,CSF_24,CCCAATCAGAGCCCAA-1,CSF,-0.07157349201915446
MS,CSF_24,CCCAATCGTACCGCTG-1,CSF,-0.567081250764991
MS,CSF_24,CCCAATCGTCGATTGT-1,CSF,-0.07157349201915446
MS,CSF_24,CCCAGTTGTGTCGCTG-1,CSF,-0.15271656574314255
MS,CSF_24,CCCTCCTCAAGCGAGT-1,CSF,-0.27855285838342553
MS,CSF_24,CCCTCCTCACACATGT-1,CSF,0.6652853350216
MS,CSF_24,CCCTCCTCATTTCACT-1,CSF,-0.47930457687905015
MS,CSF_24,CCCTCCTGTAGCTAAA-1,CSF,0.12338289548634562
MS,CSF_24,CCCTCCTTCTTGAGGT-1,CSF,1.1667142241233108
MS,CSF_24,CCGGGATGTTCGTCTC-1,CSF,-0.6215221793402171
MS,CSF_24,CCGTACTCAACGCACC-1,CSF,-0.16514487831899016
MS,CSF_24,CCGTGGACACATAACC-1,CSF,-0.07157349201915446
MS,CSF_24,CCGTTCAGTCAAAGAT-1,CSF,0.15813513782396899
MS,CSF_24,CCGTTCATCCAGAGGA-1,CSF,0.14791983626922273
MS,CSF_24,CCTACACTCATAAAGG-1,CSF,0.16510328539251642
MS,CSF_24,CCTACCACAGTAGAGC-1,CSF,-0.02358677033343131
MS,CSF_24,CCTACCAGTGAGTATA-1,CSF,0.5591511810584052
MS,CSF_24,CCTACCATCAGGTAAA-1,CSF,0.11826172340073655
MS,CSF_24,CCTAGCTAGTCTTGCA-1,CSF,-0.26209673045544163
MS,CSF_24,CCTAGCTCAGCCTGTG-1,CSF,0.2648607549101663
MS,CSF_24,CCTAGCTTCCGCTGTT-1,CSF,0.1356771387312242
MS,CSF_24,CCTAGCTTCGGTCTAA-1,CSF,-0.3390910963454514
MS,CSF_24,CCTATTATCCTCCTAG-1-1,CSF,0.1188950678303855
MS,CSF_24,CCTCAGTGTGTGGCTC-1-1,CSF,0.15546282551704738
MS,CSF_24,CCTTACGCAAGGTTCT-1,CSF,0.018164757194381837
MS,CSF_24,CCTTACGTCTGCAAGT-1,CSF,-0.26799372343187083
MS,CSF_24,CCTTCCCCAAGCGTAG-1-1,CSF,0.0002978395294095699
MS,CSF_24,CCTTCGACACCCATTC-1,CSF,0.18481094121687078
MS,CSF_24,CCTTCGACATTATCTC-1,CSF,0.16436497778126308
MS,CSF_24,CCTTCGATCAGGATCT-1,CSF,-0.05632602386079159
MS,CSF_24,CCTTTCTAGGAGTAGA-1,CSF,0.25806673001942754
MS,CSF_24,CCTTTCTCACACATGT-1,CSF,-0.07157349201915446
MS,CSF_24,CGAACATAGGGCTCTC-1,CSF,-0.05143683676731138
MS,CSF_24,CGAACATCATGATCCA-1,CSF,-0.07157349201915446
MS,CSF_24,CGAACATGTAGCCTCG-1-1,CSF,-0.2223336984255369
MS,CSF_24,CGAACATGTTCGCTAA-1,CSF,-0.05580462911673924
MS,CSF_24,CGAACATTCATACGGT-1,CSF,0.5823398285882907
MS,CSF_24,CGAATGTCAGTAACGG-1,CSF,-0.2757497016506116
MS,CSF_24,CGAATGTGTATCGCAT-1,CSF,0.24506963074396682
MS,CSF_24,CGAATGTTCGAATCCA-1,CSF,-0.07157349201915446
MS,CSF_24,CGAATGTTCTGCGACG-1,CSF,-0.19161566935256857
MS,CSF_24,CGACCTTAGAGCTGGT-1,CSF,-0.21053145741734205
MS,CSF_24,CGACCTTGTATGAATG-1,CSF,-0.4246582992947275
MS,CSF_24,CGACTTCTCCGTAGTA-1,CSF,0.20981306247758294
MS,CSF_24,CGAGAAGAGGGCTTGA-1,CSF,0.2197056246826002
MS,CSF_24,CGAGCACTCAGCTCTC-1,CSF,-0.07157349201915446
MS,CSF_24,CGAGCCATCCGGCACA-1,CSF,-0.20784700290548436
MS,CSF_24,CGATCGGCAGCTGTTA-1,CSF,0.22278140687931222
MS,CSF_24,CGATGTACACGTAAGG-1,CSF,0.2868478139363761
MS,CSF_24,CGATTGACATGAACCT-1,CSF,-0.3063496863881274
MS,CSF_24,CGATTGAGTAGAGCTG-1,CSF,0.552820358251939
MS,CSF_24,CGCCAAGAGCGATAGC-1,CSF,-0.07157349201915446
MS,CSF_24,CGCGGTAAGGGATACC-1,CSF,0.15039102811614027
MS,CSF_24,CGCGGTAGTATATGGA-1,CSF,-0.07157349201915446
MS,CSF_24,CGCTGGAGTATTCGTG-1,CSF,-0.3833540976442355
MS,CSF_24,CGCTGGATCATCTGTT-1,CSF,-0.1822633723068048
MS,CSF_24,CGGACACCATTCCTCG-1,CSF,-0.07157349201915446
MS,CSF_24,CGGACGTGTCCGACGT-1,CSF,-0.5641242270166378
MS,CSF_24,CGGACGTTCGATAGAA-1,CSF,0.19261476152534884
MS,CSF_24,CGGACTGAGCTGCGAA-1,CSF,-0.07157349201915446
MS,CSF_24,CGGACTGCAAGAGTCG-1,CSF,-0.07157349201915446
MS,CSF_24,CGGACTGGTGCAGGTA-1,CSF,0.18136205297820712
MS,CSF_24,CGGAGCTAGGCATTGG-1,CSF,-0.032301961455260354
MS,CSF_24,CGGAGCTCACTGAAGG-1,CSF,0.5194366089947594
MS,CSF_24,CGGAGCTTCGCACTCT-1,CSF,-0.07157349201915446
MS,CSF_24,CGGAGTCAGCAGGCTA-1,CSF,0.14840679959611128
MS,CSF_24,CGGAGTCTCCAAACTG-1,CSF,-0.07157349201915446
MS,CSF_24,CGGCTAGTCCAAACAC-1,CSF,-0.07386881487058443
MS,CSF_24,CGTCACTCATACAGCT-1,CSF,-0.2160255525222548
MS,CSF_24,CGTCACTGTCTAGAGG-1,CSF,0.13630213369455527
MS,CSF_24,CGTCCATCATCACAAC-1,CSF,0.05936613173115436
MS,CSF_24,CGTGAGCTCATCGGAT-1,CSF,-0.07157349201915446
MS,CSF_24,CGTGTAACAACAACCT-1,CSF,0.35706065314680624
MS,CSF_24,CGTTAGACACCATCCT-1,CSF,-0.5020536185552399
MS,CSF_24,CTAACTTTCCCACTTG-1,CSF,-0.2123348917968224
MS,CSF_24,CTAACTTTCTCTGAGA-1,CSF,-0.07157349201915446
MS,CSF_24,CTAAGACAGAGTACCG-1,CSF,-0.07157349201915446
MS,CSF_24,CTAAGACAGGCTAGCA-1,CSF,0.21973538775729334
MS,CSF_24,CTAAGACCAAGTTCTG-1,CSF,-0.07157349201915446
MS,CSF_24,CTAAGACTCCTCAACC-1,CSF,-0.3864664852493002
MS,CSF_24,CTAATGGAGTTGAGTA-1,CSF,0.28301988561875185
MS,CSF_24,CTAATGGCATACGCCG-1,CSF,0.28516753191146915
MS,CSF_24,CTACACCAGTAAGTAC-1,CSF,0.0008994061982888292
MS,CSF_24,CTACACCCAACCGCCA-1,CSF,0.2305921161333017
MS,CSF_24,CTACACCCAGTGACAG-1,CSF,-0.07157349201915446
MS,CSF_24,CTACCCACAGCTGCTG-1,CSF,0.1646137144164965
MS,CSF_24,CTACGTCAGTCATCCA-1,CSF,0.21773845313568785
MS,CSF_24,CTAGAGTAGAGGTAGA-1,CSF,-0.07157349201915446
MS,CSF_24,CTAGAGTAGCAACGGT-1,CSF,-0.07157349201915446
MS,CSF_24,CTAGAGTGTGCTCTTC-1,CSF,0.7708322471024776
MS,CSF_24,CTAGCCTCAGCTCGAC-1,CSF,0.2894328349436098
MS,CSF_24,CTAGTGAAGAGGGATA-1,CSF,0.1567049480296605
MS,CSF_24,CTAGTGAGTCACAAGG-1,CSF,0.4785039084466261
MS,CSF_24,CTAGTGATCAACACTG-1,CSF,-0.23129824439095367
MS,CSF_24,CTCACACAGATATGGT-1,CSF,-0.07157349201915446
MS,CSF_24,CTCACACTCCTCCTAG-1,CSF,0.30782712016545416
MS,CSF_24,CTCAGAAGTCACTGGC-1,CSF,-0.5572111278422642
MS,CSF_24,CTCAGAAGTGGCCCTA-1,CSF,-0.2084234490763599
MS,CSF_24,CTCAGAATCTGTCAAG-1,CSF,-0.41407470465158097
MS,CSF_24,CTCCTAGCACATGTGT-1,CSF,-0.2751534036410623
MS,CSF_24,CTCGAAAAGCCAGGAT-1,CSF,0.26203700794449836
MS,CSF_24,CTCGAAATCACGCGGT-1,CSF,-0.15770159618184962
MS,CSF_24,CTCGAGGTCAAACCGT-1,CSF,-0.20182126845029133
MS,CSF_24,CTCGAGGTCAATAAGG-1,CSF,0.42488695449527786
MS,CSF_24,CTCGGAGCAACGATGG-1,CSF,0.16852760088243798
MS,CSF_24,CTCGGGACAATAAGCA-1,CSF,0.2016301997278473
MS,CSF_24,CTCGGGATCCACGTGG-1,CSF,0.164043700064103
MS,CSF_24,CTCGTACTCCAGGGCT-1,CSF,-0.2684548423876044
MS,CSF_24,CTCGTCAGTACCGTTA-1,CSF,-0.13023055003782108
MS,CSF_24,CTCGTCATCCGTACAA-1,CSF,0.2893797775244224
MS,CSF_24,CTCTAATCACCACCAG-1,CSF,0.18536159881815384
MS,CSF_24,CTCTACGCACAAGTAA-1,CSF,-0.07157349201915446
MS,CSF_24,CTCTACGGTAAGCACG-1,CSF,-0.07157349201915446
MS,CSF_24,CTCTACGTCCGTTGTC-1,CSF,-0.2474695719767397
MS,CSF_24,CTCTACGTCTCAAGTG-1,CSF,0.3605927233728723
MS,CSF_24,CTCTGGTCACAGACAG-1,CSF,-0.07157349201915446
MS,CSF_24,CTGAAGTCAGCTGTAT-1,CSF,-0.07157349201915446
MS,CSF_24,CTGAAGTGTAACGCGA-1,CSF,-0.4489145909241277
MS,CSF_24,CTGATAGAGGACTGGT-1,CSF,-0.49979897855448957
MS,CSF_24,CTGATAGAGGATTCGG-1,CSF,0.6056484143945536
MS,CSF_24,CTGATCCAGCTACCTA-1,CSF,-0.07157349201915446
MS,CSF_24,CTGATCCCACAACTGT-1,CSF,-0.042624846108496546
MS,CSF_24,CTGATCCCACATGACT-1,CSF,-0.07157349201915446
MS,CSF_24,CTGATCCTCCCTAACC-1,CSF,-0.2205396690619387
MS,CSF_24,CTGCCTAAGTGTCCAT-1,CSF,-0.07157349201915446
MS,CSF_24,CTGCCTACAGGGTACA-1,CSF,-0.07157349201915446
MS,CSF_24,CTGCTGTAGCTACCTA-1,CSF,0.18794684333883355
MS,CSF_24,CTGCTGTGTGTGGCTC-1,CSF,-0.07157349201915446
MS,CSF_24,CTGGTCTCAGCGTAAG-1,CSF,-0.06108488308372633
MS,CSF_24,CTGTGCTAGCCGGTAA-1,CSF,-0.18613582988139094
MS,CSF_24,CTGTGCTGTTCGCTAA-1,CSF,0.09419474301059308
MS,CSF_24,CTTAACTCAGCCAATT-1,CSF,-0.049974514791114304
MS,CSF_24,CTTAACTCAGTAAGAT-1,CSF,-0.07157349201915446
MS,CSF_24,CTTACCGCAAGTCATC-1,CSF,-0.43599632412270356
MS,CSF_24,CTTACCGCATTGGGCC-1,CSF,0.5983396495034047
MS,CSF_24,CTTTGCGGTGAGCGAT-1,CSF,-0.7381442258892508
MS,CSF_24,CTTTGCGTCTCTGCTG-1,CSF,-0.07157349201915446
MS,CSF_24,GAAACTCAGCGTTGCC-1,CSF,0.21518360162879763
MS,CSF_24,GAAACTCCACTTAACG-1,CSF,0.7421453967763207
MS,CSF_24,GAAATGACAGTGGAGT-1,CSF,0.43128085714213055
MS,CSF_24,GAAATGACATGACGGA-1,CSF,-0.07157349201915446
MS,CSF_24,GAAATGATCTACTCAT-1,CSF,-0.1717895370957665
MS,CSF_24,GAAATGATCTCGTATT-1,CSF,-0.41260753405908107
MS,CSF_24,GAACATCAGAAGGTGA-1,CSF,0.22587325207172398
MS,CSF_24,GAACATCGTCTCGTTC-1,CSF,0.1874013144576481
MS,CSF_24,GAACCTAAGTACACCT-1,CSF,-0.20219001131951395
MS,CSF_24,GAACCTAGTGTTGGGA-1,CSF,-0.0197483596888745
MS,CSF_24,GAACCTATCTGCTGTC-1,CSF,-0.07157349201915446
MS,CSF_24,GAATAAGCAGGCTGAA-1,CSF,0.2955380878025116
MS,CSF_24,GAATGAAAGGTAGCTG-1,CSF,-0.3920634176417037
MS,CSF_24,GACACGCTCAGCCTAA-1,CSF,-0.07157349201915446
MS,CSF_24,GACAGAGAGTAATCCC-1,CSF,0.12399283903256268
MS,CSF_24,GACAGAGGTTCCATGA-1,CSF,-0.20706053480043846
MS,CSF_24,GACAGAGTCACCACCT-1,CSF,0.004853833920043936
MS,CSF_24,GACCAATAGTGTCTCA-1,CSF,-0.07157349201915446
MS,CSF_24,GACCTGGAGTGAAGTT-1,CSF,-0.07157349201915446
MS,CSF_24,GACCTGGTCCATGAGT-1,CSF,-0.07157349201915446
MS,CSF_24,GACGCGTTCTTTAGTC-1,CSF,0.23249478129030235
MS,CSF_24,GACGGCTCAGTTCCCT-1,CSF,0.07182586919568676
MS,CSF_24,GACGGCTGTGCCTGCA-1,CSF,0.24503707433605312
MS,CSF_24,GACGTGCGTAGCAAAT-1,CSF,0.1468414784296306
MS,CSF_24,GACGTTACATACTACG-1,CSF,-0.5178784112829898
MS,CSF_24,GACGTTATCTCTGAGA-1,CSF,-0.05373987805437029
MS,CSF_24,GACTAACCAAGGTTTC-1,CSF,0.36188455550322624
MS,CSF_24,GACTAACCAGGTCCAC-1,CSF,0.2820431903382901
MS,CSF_24,GACTACAAGCTGCCCA-1,CSF,0.19090748966205467
MS,CSF_24,GACTACACATTCACTT-1,CSF,0.5209255872278244
MS,CSF_24,GACTGCGCACCGAAAG-1,CSF,0.3026272451562576
MS,CSF_24,GACTGCGGTAAGTTCC-1,CSF,0.5422400589873753
MS,CSF_24,GACTGCGTCAACCATG-1,CSF,-0.21530575263011084
MS,CSF_24,GACTGCGTCAGCATGT-1,CSF,-0.20776512807672182
MS,CSF_24,GAGCAGATCCGTACAA-1,CSF,-0.07157349201915446
MS,CSF_24,GAGGTGATCGGCGGTT-1,CSF,-0.2174599529487766
MS,CSF_24,GATCAGTCAGATGAGC-1,CSF,-0.30728505306840537
MS,CSF_24,GATCAGTGTAGCCTAT-1,CSF,0.00173808703093454
MS,CSF_24,GATCAGTTCCTTGACC-1,CSF,-0.45392627790111334
MS,CSF_24,GATCGATCAAGGACAC-1,CSF,0.25040959168777893
MS,CSF_24,GATCGATCAATGGACG-1,CSF,-0.30780868993320104
MS,CSF_24,GATCGATGTAAATGAC-1-1,CSF,-0.2203754710684855
MS,CSF_24,GATCGCGCATGCCACG-1,CSF,0.2332686272571935
MS,CSF_24,GATCGCGTCAGCTCGG-1,CSF,0.29591393257795706
MS,CSF_24,GATCGTAGTTCCATGA-1,CSF,0.6486832225969029
MS,CSF_24,GATCTAGAGAATTCCC-1,CSF,-0.042839660722133625
MS,CSF_24,GATCTAGAGATGAGAG-1-1,CSF,-0.07157349201915446
MS,CSF_24,GATGAAAAGCTGCGAA-1-1,CSF,-0.2724116941708746
MS,CSF_24,GATGAAATCGTTACGA-1,CSF,0.24433020654869772
MS,CSF_24,GATGAGGGTGTGAAAT-1,CSF,0.15236775810368305
MS,CSF_24,GATGAGGTCTCGCATC-1,CSF,-0.3731512401696112
MS,CSF_24,GATGCTAAGAAACGCC-1,CSF,0.02360998013323995
MS,CSF_24,GATGCTAAGATGAGAG-1-1,CSF,0.16719427136918305
MS,CSF_24,GATTCAGCACCAGCAC-1,CSF,-0.21608856713240207
MS,CSF_24,GCAAACTAGCTCAACT-1,CSF,-0.07157349201915446
MS,CSF_24,GCAATCAAGCTACCGC-1,CSF,0.02685168314062571
MS,CSF_24,GCACATACAGGGAGAG-1,CSF,0.2175122900821053
MS,CSF_24,GCACTCTAGCCACTAT-1,CSF,0.136807143142164
MS,CSF_24,GCACTCTAGGATGTAT-1,CSF,-0.07157349201915446
MS,CSF_24,GCACTCTGTGGTCCGT-1,CSF,0.4247470712171966
MS,CSF_24,GCACTCTTCGAGGTAG-1,CSF,-0.37372462630133063
MS,CSF_24,GCAGCCAAGGGTGTTG-1,CSF,-0.4477343489670506
MS,CSF_24,GCAGCCAAGTGTCCAT-1,CSF,0.2704114580509827
MS,CSF_24,GCAGCCATCAAGGTAA-1,CSF,-0.061106746140181536
MS,CSF_24,GCAGTTACACACAGAG-1,CSF,0.6573588139510707
MS,CSF_24,GCAGTTACATGCCTTC-1,CSF,0.21244743519648404
MS,CSF_24,GCATGATAGCAAATCA-1,CSF,0.3991632969763494
MS,CSF_24,GCATGATAGTAGGCCA-1,CSF,0.9666573059526797
MS,CSF_24,GCATGATTCCACTGGG-1,CSF,0.21220156692357856
MS,CSF_24,GCATGCGCAGCTGCAC-1,CSF,-0.07157349201915446
MS,CSF_24,GCATGCGTCACGACTA-1,CSF,-0.27164270646095456
MS,CSF_24,GCATGCGTCCGAACGC-1,CSF,0.31558016275399536
MS,CSF_24,GCATGTAAGTGACTCT-1,CSF,-0.5048529566146788
MS,CSF_24,GCCAAATCACCATGTA-1,CSF,-0.07157349201915446
MS,CSF_24,GCCTCTAAGGTGACCA-1,CSF,-0.07157349201915446
MS,CSF_24,GCCTCTAGTAGCTTGT-1,CSF,0.44262333398722825
MS,CSF_24,GCGAGAATCCACTGGG-1,CSF,-0.07157349201915446
MS,CSF_24,GCGAGAATCGACGGAA-1,CSF,0.28709701330150894
MS,CSF_24,GCGCAACAGCAGCGTA-1,CSF,-0.20607283749752187
MS,CSF_24,GCGCAACCAAGGTTTC-1,CSF,-0.2011637404028994
MS,CSF_24,GCGCCAAAGTACGCGA-1,CSF,-0.07157349201915446
MS,CSF_24,GCGCCAATCTTAGCCC-1,CSF,-0.41781541592328825
MS,CSF_24,GCGCGATAGCTGCAAG-1,CSF,0.43960079821171577
MS,CSF_24,GCGCGATGTTCTGAAC-1,CSF,0.09588106042125157
MS,CSF_24,GCGGGTTCAACGATCT-1,CSF,-0.41363144824636283
MS,CSF_24,GCGGGTTTCCGTCATC-1,CSF,0.39426864777297865
MS,CSF_24,GCTCCTACAGTATCTG-1,CSF,0.5633549461799382
MS,CSF_24,GCTGCGACAAATACAG-1,CSF,0.5668616349231076
MS,CSF_24,GCTGCGAGTTAGATGA-1,CSF,-0.13825059234581147
MS,CSF_24,GCTGCTTGTAAAGGAG-1,CSF,0.061274384938699064
MS,CSF_24,GCTGCTTTCGTGGACC-1,CSF,0.6416570174056485
MS,CSF_24,GCTGGGTCAGCTGCAC-1,CSF,-0.07157349201915446
MS,CSF_24,GCTTCCACAGCTGCTG-1,CSF,-0.07157349201915446
MS,CSF_24,GCTTGAAAGCCCAATT-1,CSF,-0.07157349201915446
MS,CSF_24,GCTTGAACAGGCTCAC-1,CSF,-0.19152826312752733
MS,CSF_24,GCTTGAAGTCAACTGT-1,CSF,0.12583675182403625
MS,CSF_24,GGAAAGCTCCGCAGTG-1,CSF,-0.07157349201915446
MS,CSF_24,GGAACTTTCCCACTTG-1,CSF,-0.7120929745941487
MS,CSF_24,GGACGTCTCCAGAAGG-1,CSF,0.363785490331675
MS,CSF_24,GGATGTTCAAACTGTC-1,CSF,0.03163674414671039
MS,CSF_24,GGATGTTGTAGAGTGC-1,CSF,-0.24120191682486475
MS,CSF_24,GGATGTTGTATTAGCC-1,CSF,-0.07157349201915446
MS,CSF_24,GGATTACAGAATGTTG-1,CSF,-0.28330002555681105
MS,CSF_24,GGCAATTTCCGCGTTT-1,CSF,-0.07157349201915446
MS,CSF_24,GGCCGATGTTTGTGTG-1,CSF,-0.07157349201915446
MS,CSF_24,GGCCGATTCTTCAACT-1,CSF,0.777784481327805
MS,CSF_24,GGCGACTAGCTATGCT-1,CSF,-0.3540919191584641
MS,CSF_24,GGCGACTTCATAGCAC-1,CSF,-0.07157349201915446
MS,CSF_24,GGCTCGAAGACCTAGG-1,CSF,-0.2089501199283887
MS,CSF_24,GGCTCGATCCGTAGGC-1,CSF,-0.17989500256202007
MS,CSF_24,GGCTGGTAGTTAGGTA-1-1,CSF,-0.07157349201915446
MS,CSF_24,GGGAATGAGACAGACC-1,CSF,0.2646716650918231
MS,CSF_24,GGGAATGAGTCGATAA-1,CSF,0.15356389336429194
MS,CSF_24,GGGACCTAGTACGCCC-1,CSF,-0.07157349201915446
MS,CSF_24,GGGACCTAGTCGATAA-1,CSF,-0.1968391394500569
MS,CSF_24,GGGAGATCACTGAAGG-1,CSF,-0.4516716733189638
MS,CSF_24,GGGAGATGTACCGGCT-1,CSF,0.5507194858265773
MS,CSF_24,GGGAGATTCAAGGTAA-1,CSF,0.13913248674795126
MS,CSF_24,GGGATGAGTGATAAGT-1,CSF,0.34458385026966526
MS,CSF_24,GGGCACTGTCTGGTCG-1,CSF,0.5248536959253495
MS,CSF_24,GGGCACTTCCACGACG-1,CSF,-0.01829039268468399
MS,CSF_24,GGGCATCAGTCAAGCG-1,CSF,-0.5623012290092393
MS,CSF_24,GGGTCTGTCAGCCTAA-1,CSF,-0.07157349201915446
MS,CSF_24,GGGTTGCCACACTGCG-1,CSF,0.022003554618819084
MS,CSF_24,GGGTTGCCATACCATG-1,CSF,-0.07157349201915446
MS,CSF_24,GGGTTGCGTTCCGTCT-1,CSF,-0.23207346060399967
MS,CSF_24,GGTGAAGGTCAACTGT-1,CSF,0.40771348356168885
MS,CSF_24,GGTGCGTAGACAAGCC-1,CSF,0.1605708746023056
MS,CSF_24,GGTGCGTGTTACCGAT-1,CSF,-0.29093842685547117
MS,CSF_24,GGTGTTATCTGGCGAC-1,CSF,0.14421518917306836
MS,CSF_24,GTAACTGCAAGCCATT-1,CSF,0.13078715137132274
MS,CSF_24,GTAACTGTCTTACCTA-1,CSF,0.0725423996343747
MS,CSF_24,GTACGTATCTACTATC-1,CSF,-0.07157349201915446
MS,CSF_24,GTACTCCGTCGGCTCA-1-1,CSF,0.16185244469216928
MS,CSF_24,GTACTCCTCTTGCCGT-1,CSF,0.2293861677800178
MS,CSF_24,GTACTTTCACGGATAG-1,CSF,-0.34665852616140613
MS,CSF_24,GTAGGCCAGTAATCCC-1,CSF,-0.20806590791228613
MS,CSF_24,GTAGTCAGTAAGAGAG-1,CSF,-0.5584247945053742
MS,CSF_24,GTAGTCAGTACAGTGG-1,CSF,0.16633121260698158
MS,CSF_24,GTATCTTAGAGGTTGC-1,CSF,0.35857245316354763
MS,CSF_24,GTATCTTCACAAGCCC-1,CSF,0.2697180231147591
MS,CSF_24,GTATCTTCACCAGCAC-1,CSF,-0.07157349201915446
MS,CSF_24,GTATCTTGTGACTCAT-1,CSF,0.008563665759736407
MS,CSF_24,GTATTCTAGACCCACC-1,CSF,0.2089628418890451
MS,CSF_24,GTATTCTCAAGCGATG-1,CSF,-0.07157349201915446
MS,CSF_24,GTCAAGTGTGACGCCT-1,CSF,-0.2781743685779644
MS,CSF_24,GTCACAATCTCGTATT-1,CSF,0.6079032599558162
MS,CSF_24,GTCACGGGTATCGCAT-1,CSF,0.23774522018800365
MS,CSF_24,GTCGGGTCACATGGGA-1,CSF,-0.4403737550789764
MS,CSF_24,GTCGGGTCATGTCCTC-1-1,CSF,0.5348952285910504
MS,CSF_24,GTCGGGTGTCATCGGC-1,CSF,-0.2143800360882104
MS,CSF_24,GTCTTCGCATCGACGC-1,CSF,0.2551668991866159
MS,CSF_24,GTCTTCGGTAGCGTAG-1,CSF,0.1254879629150801
MS,CSF_24,GTGAAGGCATCTACGA-1,CSF,-0.22609038497217807
MS,CSF_24,GTGAAGGCATGGGACA-1,CSF,-0.40792924697132465
MS,CSF_24,GTGCAGCTCACCTCGT-1,CSF,-0.46888753414834566
MS,CSF_24,GTGCATAAGTGTTGAA-1,CSF,0.23970567849942734
MS,CSF_24,GTGCATAGTAGCTCCG-1,CSF,0.3024926533435027
MS,CSF_24,GTGCGGTGTTTCGCTC-1,CSF,-0.07157349201915446
MS,CSF_24,GTGCTTCAGAATGTTG-1,CSF,0.16172286397691127
MS,CSF_24,GTGGGTCAGGAGCGTT-1,CSF,-0.21047422433243293
MS,CSF_24,GTGGGTCAGGAGTACC-1,CSF,-0.07157349201915446
MS,CSF_24,GTGGGTCTCACAAACC-1,CSF,0.16400399665915888
MS,CSF_24,GTGTGCGTCAGTCAGT-1,CSF,0.30206941951193045
MS,CSF_24,GTGTTAGCAGATCTGT-1,CSF,0.601349643061961
MS,CSF_24,GTGTTAGGTCAACTGT-1,CSF,-0.07157349201915446
MS,CSF_24,GTGTTAGTCTCGCATC-1,CSF,-0.24007878840445612
MS,CSF_24,GTTAAGCAGAACAATC-1,CSF,-0.07157349201915446
MS,CSF_24,GTTAAGCCAGTTCCCT-1,CSF,-0.2131682645328365
MS,CSF_24,GTTAAGCCATCGATTG-1,CSF,0.17072458106053282
MS,CSF_24,GTTAAGCTCACAACGT-1,CSF,-0.07157349201915446
MS,CSF_24,GTTACAGCATAACCTG-1,CSF,-0.19224835658867065
MS,CSF_24,GTTCATTAGATAGGAG-1,CSF,0.9006320302933384
MS,CSF_24,GTTCTCGAGCTACCGC-1,CSF,0.19599090582693332
MS,CSF_24,GTTCTCGGTCGCATAT-1,CSF,0.5154951299868579
MS,CSF_24,TAAACCGCACGAAACG-1,CSF,-0.40714275990591203
MS,CSF_24,TAAACCGGTGGTACAG-1-1,CSF,-0.21343871143564114
MS,CSF_24,TAAGAGAAGGATCGCA-1-1,CSF,-0.21010356432550112
MS,CSF_24,TAAGAGATCGCGTAGC-1,CSF,0.16578384613053407
MS,CSF_24,TAAGCGTAGTGGGTTG-1,CSF,-0.31041696008315256
MS,CSF_24,TACACGACATTTGCTT-1,CSF,-0.07157349201915446
MS,CSF_24,TACACGAGTATATCCG-1,CSF,-0.11948589115069821
MS,CSF_24,TACAGTGCATGCCTAA-1,CSF,-0.41831595091470647
MS,CSF_24,TACAGTGGTACAAGTA-1,CSF,0.17077459411167822
MS,CSF_24,TACCTTAAGGTTACCT-1,CSF,0.48393644651082546
MS,CSF_24,TACGGATCAGGTCCAC-1,CSF,0.23505796467617612
MS,CSF_24,TACGGATGTCTAGCGC-1,CSF,-0.30024305737593016
MS,CSF_24,TACGGGCCAGACACTT-1,CSF,-0.07157349201915446
MS,CSF_24,TACGGTAAGAGTACCG-1,CSF,-0.07157349201915446
MS,CSF_24,TACGGTATCGACCAGC-1,CSF,0.26957869325037287
MS,CSF_24,TACTCATAGGCTCATT-1,CSF,0.6232273201755466
MS,CSF_24,TACTCATGTCGGCTCA-1,CSF,-0.07157349201915446
MS,CSF_24,TACTCGCAGCGATATA-1,CSF,0.2915831067872955
MS,CSF_24,TACTCGCCAGGGATTG-1,CSF,0.5777032977866315
MS,CSF_24,TACTTACTCGTTACAG-1,CSF,0.42491281462519703
MS,CSF_24,TACTTGTAGAGCCCAA-1,CSF,-0.39351461240226854
MS,CSF_24,TACTTGTTCGAGAACG-1,CSF,0.5377971169776508
MS,CSF_24,TAGACCATCTATCCCG-1-1,CSF,-0.07157349201915446
MS,CSF_24,TAGAGCTAGATATGCA-1,CSF,0.12734778185993614
MS,CSF_24,TAGAGCTGTAATCGTC-1,CSF,-0.07157349201915446
MS,CSF_24,TAGAGCTGTGTCAATC-1,CSF,0.31573350553029217
MS,CSF_24,TAGCCGGTCCGAATGT-1,CSF,-0.07157349201915446
MS,CSF_24,TAGCCGGTCGTTGACA-1,CSF,-0.5216015819096144
MS,CSF_24,TAGGCATAGAAGGACA-1,CSF,-0.19335343517291786
MS,CSF_24,TAGGCATAGGCAAAGA-1,CSF,0.17786274220262732
MS,CSF_24,TAGGCATGTCAAAGCG-1,CSF,-0.7094971292448526
MS,CSF_24,TAGTTGGGTCGTTGTA-1,CSF,-0.07157349201915446
MS,CSF_24,TAGTTGGTCGTCGTTC-1,CSF,-0.07157349201915446
MS,CSF_24,TATCAGGTCGGCTACG-1,CSF,-0.07157349201915446
MS,CSF_24,TATGCCCTCAACGGCC-1,CSF,0.20889745782403527
MS,CSF_24,TATTACCCATAGTAAG-1,CSF,0.2300621401763458
MS,CSF_24,TATTACCGTCCAGTGC-1,CSF,-0.003347117993383283
MS,CSF_24,TATTACCTCACGAAGG-1,CSF,0.32229732333039546
MS,CSF_24,TCAACGAGTTGTTTGG-1,CSF,-0.07157349201915446
MS,CSF_24,TCACAAGAGCTAGCCC-1-1,CSF,0.046315409940315244
MS,CSF_24,TCACAAGCACCGAATT-1,CSF,-0.20870002881235988
MS,CSF_24,TCACAAGGTGTGACGA-1,CSF,0.15846462802186778
MS,CSF_24,TCACGAACACAAGACG-1,CSF,0.15873835171820622
MS,CSF_24,TCACGAATCTTATCTG-1,CSF,0.6209417156112905
MS,CSF_24,TCAGATGCAAGGACTG-1,CSF,-0.07157349201915446
MS,CSF_24,TCAGATGCAGTCACTA-1,CSF,0.06711939308601236
MS,CSF_24,TCAGATGTCGGCTACG-1,CSF,0.19177984897752037
MS,CSF_24,TCAGCAAGTGTGCCTG-1,CSF,0.3107929869958101
MS,CSF_24,TCAGCAATCTGTCTCG-1,CSF,0.12968964428062216
MS,CSF_24,TCAGCTCAGGGATACC-1,CSF,0.33634408593980053
MS,CSF_24,TCAGCTCCAAGTCATC-1,CSF,0.19854453064830363
MS,CSF_24,TCAGGATAGACTGTAA-1,CSF,-0.26873820986286384
MS,CSF_24,TCAGGATAGATGTCGG-1,CSF,-0.07157349201915446
MS,CSF_24,TCAGGTAAGAGGACGG-1,CSF,-0.07157349201915446
MS,CSF_24,TCAGGTAGTGACGGTA-1,CSF,-0.607629917985348
MS,CSF_24,TCATTTGGTTACAGAA-1,CSF,-0.6393936747801029
MS,CSF_24,TCCACACCATTGAGCT-1,CSF,-0.4069940726820534
MS,CSF_24,TCCACACTCTGTGCAA-1,CSF,0.4775194414951485
MS,CSF_24,TCGAGGCAGCTGATAA-1,CSF,0.48115766421124334
MS,CSF_24,TCGAGGCAGTGCCATT-1,CSF,-0.07157349201915446
MS,CSF_24,TCGAGGCCACGGACAA-1,CSF,-0.45689118290767616
MS,CSF_24,TCGCGAGGTAAAGGAG-1,CSF,0.18747894936805506
MS,CSF_24,TCGCGTTAGTACATGA-1,CSF,-0.22684021667597554
MS,CSF_24,TCGGGACAGGCGCTCT-1,CSF,-0.07157349201915446
MS,CSF_24,TCGGGACCAGTATCTG-1,CSF,-0.07157349201915446
MS,CSF_24,TCGGTAAAGATCACGG-1,CSF,0.22700709175445707
MS,CSF_24,TCGTACCGTAGCCTCG-1,CSF,-0.2035384015207487
MS,CSF_24,TCTATTGAGTAGTGCG-1,CSF,-0.07157349201915446
MS,CSF_24,TCTATTGCAAGAGTCG-1,CSF,-0.25732307524691994
MS,CSF_24,TCTATTGCAAGGACTG-1,CSF,0.09692146014222688
MS,CSF_24,TCTATTGCAGGTTTCA-1,CSF,-0.21254210326733533
MS,CSF_24,TCTATTGGTACTTGAC-1,CSF,-0.07157349201915446
MS,CSF_24,TCTATTGGTCCAGTGC-1,CSF,-0.07157349201915446
MS,CSF_24,TCTCATACAGTCGTGC-1,CSF,0.7941651254757295
MS,CSF_24,TCTCTAACAAGCTGAG-1,CSF,-0.07157349201915446
MS,CSF_24,TCTGGAACACAGAGGT-1,CSF,0.19180261221641987
MS,CSF_24,TCTTCGGAGAGCCTAG-1,CSF,-0.07157349201915446
MS,CSF_24,TCTTCGGCATCCGTGG-1,CSF,-0.221257722451667
MS,CSF_24,TCTTCGGTCGCCGTGA-1,CSF,0.2562332853904639
MS,CSF_24,TCTTTCCTCGTGACAT-1,CSF,-0.6255703484210032
MS,CSF_24,TGACGGCAGTTAGCGG-1,CSF,-0.18912659003599255
MS,CSF_24,TGACGGCCAGTATGCT-1,CSF,-0.07157349201915446
MS,CSF_24,TGACGGCGTCAAGCGA-1,CSF,0.2992438868592191
MS,CSF_24,TGACGGCGTCCTGCTT-1,CSF,-0.07157349201915446
MS,CSF_24,TGACTTTGTTTGACTG-1,CSF,0.14850195697873847
MS,CSF_24,TGAGAGGCATGAAGTA-1-1,CSF,-0.23814652125970945
MS,CSF_24,TGAGCATTCCAACCAA-1,CSF,-0.5899496556171178
MS,CSF_24,TGAGCATTCGCGTAGC-1,CSF,0.8672040943347108
MS,CSF_24,TGAGGGAAGACAGAGA-1,CSF,-0.2166905885225601
MS,CSF_24,TGAGGGAAGAGTGAGA-1,CSF,-0.14631786937764807
MS,CSF_24,TGATTTCTCATGTCTT-1,CSF,0.14940239265110147
MS,CSF_24,TGCACCTGTTAGATGA-1-1,CSF,-0.3879181594934734
MS,CSF_24,TGCCAAAAGGAGCGTT-1,CSF,-0.3307421022141593
MS,CSF_24,TGCCAAAGTGCGATAG-1,CSF,-0.2144412941585718
MS,CSF_24,TGCCAAATCTTCGGTC-1,CSF,-0.2829387251918953
MS,CSF_24,TGCCCATGTCCTCTTG-1,CSF,-0.07157349201915446
MS,CSF_24,TGCCCTACAAGGTGTG-1,CSF,0.3433712439432199
MS,CSF_24,TGCCCTACACCTTGTC-1,CSF,-0.07157349201915446
MS,CSF_24,TGCGCAGGTAACGTTC-1,CSF,0.1356588288064336
MS,CSF_24,TGCGCAGTCTAGCACA-1,CSF,0.26319157737573456
MS,CSF_24,TGCGGGTGTATCTGCA-1,CSF,-0.07157349201915446
MS,CSF_24,TGCGGGTGTGAGCGAT-1,CSF,0.446288488986193
MS,CSF_24,TGCGTGGCAGGCAGTA-1,CSF,0.07995085494548905
MS,CSF_24,TGCTACCAGCCCAACC-1,CSF,0.3865213510105202
MS,CSF_24,TGCTACCAGCGCCTCA-1,CSF,0.20391172801095456
MS,CSF_24,TGCTACCAGTGAAGAG-1,CSF,-0.3088299632899828
MS,CSF_24,TGCTACCCAGCTCGAC-1,CSF,-0.26796004439951376
MS,CSF_24,TGCTACCTCGTACGGC-1,CSF,-0.07157349201915446
MS,CSF_24,TGGCCAGGTCATCGGC-1,CSF,0.1899970374481288
MS,CSF_24,TGGCGCACATGGTAGG-1,CSF,0.3024904282460042
MS,CSF_24,TGGCGCACATGTCGAT-1,CSF,-0.20823065126946144
MS,CSF_24,TGGCGCAGTCTAGTCA-1,CSF,-0.2691129397216825
MS,CSF_24,TGGCGCATCACTCCTG-1,CSF,-0.07157349201915446
MS,CSF_24,TGGCTGGCATGCTAGT-1,CSF,-0.23471325059046041
MS,CSF_24,TGGCTGGGTCTGATTG-1,CSF,0.11936476222208929
MS,CSF_24,TGGGAAGCAGTATAAG-1,CSF,-0.4213188534037097
MS,CSF_24,TGGGCGTTCCAAAGTC-1,CSF,0.29298382348441826
MS,CSF_24,TGGTTAGTCGCAAACT-1,CSF,-0.37019568459064667
MS,CSF_24,TGGTTCCCAAGCGCTC-1,CSF,-0.07157349201915446
MS,CSF_24,TGGTTCCGTCAGCTAT-1,CSF,-0.20113954030333506
MS,CSF_24,TGTATTCAGGTTCCTA-1,CSF,0.4165858345820005
MS,CSF_24,TGTCCCAGTCAGGACA-1,CSF,0.16816081320040646
MS,CSF_24,TGTGTTTAGCTAACTC-1,CSF,-0.4201056817443137
MS,CSF_24,TGTGTTTGTAGCTAAA-1,CSF,0.3251571099229669
MS,CSF_24,TTAGGACCAACACGCC-1,CSF,0.20591415384359849
MS,CSF_24,TTAGGACCATTCCTCG-1,CSF,0.1758320314517196
MS,CSF_24,TTAGGACTCTTACCTA-1,CSF,0.7862752144614386
MS,CSF_24,TTAGGCACATGAAGTA-1,CSF,-0.07157349201915446
MS,CSF_24,TTAGTTCAGGGATGGG-1,CSF,0.1992491720902618
MS,CSF_24,TTAGTTCGTCGTGGCT-1,CSF,-0.21778352765207654
MS,CSF_24,TTAGTTCTCACCATAG-1,CSF,-0.07157349201915446
MS,CSF_24,TTCCCAGAGACATAAC-1,CSF,0.15397427935623623
MS,CSF_24,TTCCCAGCAGGACCCT-1,CSF,0.41153053140515006
MS,CSF_24,TTCCCAGCATGCTGGC-1,CSF,-0.282397673040467
MS,CSF_24,TTCCCAGTCAACGGGA-1,CSF,-0.5142765099669674
MS,CSF_24,TTCCCAGTCGTTGCCT-1,CSF,-0.2102173579915157
MS,CSF_24,TTCCCAGTCTCCTATA-1,CSF,-0.26148250362311426
MS,CSF_24,TTCGAAGCAAACAACA-1-1,CSF,-0.07157349201915446
MS,CSF_24,TTCGAAGTCCGAGCCA-1,CSF,-0.07157349201915446
MS,CSF_24,TTCGGTCAGGTGCTAG-1,CSF,0.19373794938771827
MS,CSF_24,TTCTACAAGGATGGTC-1,CSF,0.17106929665512552
MS,CSF_24,TTCTACACAGCTTCGG-1,CSF,-0.07157349201915446
MS,CSF_24,TTCTACAGTACATCCA-1,CSF,-0.28467832254142156
MS,CSF_24,TTCTACATCACAATGC-1,CSF,-0.07157349201915446
MS,CSF_24,TTCTCAACATGCTAGT-1,CSF,-0.07157349201915446
MS,CSF_24,TTCTCAATCCACGACG-1,CSF,-0.07157349201915446
MS,CSF_24,TTCTCAATCGCTAGCG-1,CSF,-0.1372935523296356
MS,CSF_24,TTCTCCTAGCCCTAAT-1-1,CSF,-0.053862758795390646
MS,CSF_24,TTCTCCTCAAGTTCTG-1,CSF,-0.2825056178255047
MS,CSF_24,TTCTCCTGTCGCGAAA-1,CSF,-0.07157349201915446
MS,CSF_24,TTCTCCTGTCTGCAAT-1,CSF,-0.21119386362665363
MS,CSF_24,TTCTTAGGTTTGTTTC-1,CSF,-0.4467927784188098
MS,CSF_24,TTGACTTTCTAACCGA-1,CSF,-0.9538939927361882
MS,CSF_24,TTGACTTTCTCCGGTT-1,CSF,-0.07157349201915446
MS,CSF_24,TTGCCGTAGCTAGGCA-1,CSF,0.045876833875171004
MS,CSF_24,TTGCCGTAGGGCTTGA-1,CSF,-0.07157349201915446
MS,CSF_24,TTGCCGTTCACAAACC-1,CSF,-0.2897202308216952
MS,CSF_24,TTGGAACAGGCATGGT-1,CSF,0.6529899810340873
MS,CSF_24,TTGGAACCAAACCTAC-1,CSF,-0.6667712424309228
MS,CSF_24,TTGGAACGTCTTGCGG-1,CSF,-0.07157349201915446
MS,CSF_24,TTTACTGAGCGAGAAA-1,CSF,-0.4147391487259431
MS,CSF_24,TTTACTGCATGCCTAA-1,CSF,-0.8798164844995257
MS,CSF_24,TTTATGCAGCGTAATA-1,CSF,0.2743475730030726
MS,CSF_24,TTTATGCCACCGTTGG-1,CSF,0.11050985441612769
MS,CSF_24,TTTCCTCTCTTACCTA-1,CSF,-0.20962245309683306
MS,CSF_24,TTTGCGCTCTGACCTC-1,CSF,0.6634876579562422
MS,CSF_24,TTTGGTTCAAATCCGT-1,CSF,0.2756576077182284
MS,CSF_24,TTTGGTTCAGTCAGAG-1,CSF,-0.07157349201915446
MS,CSF_24,TTTGTCAAGAAACGCC-1,CSF,0.10680048687513626
MS,CSF_24,TTTGTCACAAGAAAGG-1,CSF,0.1958366408536904
MS,CSF_24,TTTGTCAGTAAGTTCC-1,CSF,0.21801004929398063
MS,CSF_24,TTTGTCAGTCTCGTTC-1,CSF,-0.060383282634447415
MS,CSF_24,TTTGTCAGTGCACCAC-1,CSF,-0.07157349201915446
MS,CSF_25,AAAGTAGAGCGGATCA-1,CSF,0.16388601755425625
MS,CSF_25,AACACGTCAATTCCTT-1,CSF,0.5545663615931571
MS,CSF_25,AACGTTGGTGACGGTA-1,CSF,-0.07157349201915446
MS,CSF_25,AACTCAGGTCCTAGCG-1,CSF,0.011649327170782296
MS,CSF_25,AACTGGTGTCAAAGCG-1,CSF,-0.07157349201915446
MS,CSF_25,AAGCCGCTCGGTGTCG-1,CSF,-0.29501405955997023
MS,CSF_25,AAGGTTCTCACTGGGC-1,CSF,-0.07157349201915446
MS,CSF_25,AAGTCTGAGGGTTTCT-1,CSF,-0.07157349201915446
MS,CSF_25,AATCCAGGTTCCGTCT-1,CSF,0.3758712000817381
MS,CSF_25,AATCGGTCATGGTCTA-1,CSF,-0.07157349201915446
MS,CSF_25,AATCGGTTCAGTGCAT-1,CSF,-0.07157349201915446
MS,CSF_25,ACACCAATCACATAGC-1,CSF,0.29308743244337815
MS,CSF_25,ACACCCTGTGGTCTCG-1,CSF,0.26828595392581506
MS,CSF_25,ACAGCTAAGTAGGCCA-1,CSF,-0.053936244809795135
MS,CSF_25,ACAGCTATCAAGAAGT-1,CSF,-0.27238461715065615
MS,CSF_25,ACATCAGGTAAGTAGT-1,CSF,0.2995419617248057
MS,CSF_25,ACCCACTTCTGAAAGA-1,CSF,-0.15324890641940453
MS,CSF_25,ACGATACAGAAGGGTA-1,CSF,-0.027496734562200316
MS,CSF_25,ACGATGTTCACTTATC-1,CSF,-0.07157349201915446
MS,CSF_25,ACGCCGATCGTCGTTC-1,CSF,-0.2892031386077279
MS,CSF_25,ACGGAGAGTAGTGAAT-1,CSF,0.1407241258732302
MS,CSF_25,ACTGAGTGTCATCCCT-1,CSF,-0.7852065852574884
MS,CSF_25,ACTGAGTTCGTGGGAA-1,CSF,0.4289773222663194
MS,CSF_25,ACTGATGCAAGTACCT-1,CSF,0.2272007007729458
MS,CSF_25,ACTTTCAAGGTTACCT-1,CSF,-0.43117704018242003
MS,CSF_25,ACTTTCACAGGATTGG-1,CSF,0.2762401032419318
MS,CSF_25,AGACGTTAGTTAACGA-1,CSF,-0.2251291662518624
MS,CSF_25,AGAGTGGAGGCGATAC-1,CSF,-0.07157349201915446
MS,CSF_25,AGAGTGGCATTCACTT-1,CSF,0.2434793312429151
MS,CSF_25,AGAGTGGCATTCTTAC-1,CSF,0.4117275773820173
MS,CSF_25,AGAGTGGGTAGCGTCC-1,CSF,-0.07157349201915446
MS,CSF_25,AGCATACGTCGCATCG-1,CSF,-0.19131015444631144
MS,CSF_25,AGCATACTCTCCCTGA-1,CSF,-0.07157349201915446
MS,CSF_25,AGCCTAAGTTTAGGAA-1,CSF,-0.24362983874269814
MS,CSF_25,AGCGTATAGCAGCCTC-1,CSF,-0.07157349201915446
MS,CSF_25,AGCTCTCTCCTAGGGC-1,CSF,0.6395858178168518
MS,CSF_25,AGCTTGACACGTTGGC-1,CSF,0.39071292117271067
MS,CSF_25,AGCTTGATCTGGTTCC-1,CSF,-0.07157349201915446
MS,CSF_25,AGGCCACAGAGTCGGT-1,CSF,0.13843394340395423
MS,CSF_25,AGGCCACTCGCGCCAA-1,CSF,-0.07157349201915446
MS,CSF_25,AGGCCGTAGAGTAAGG-1,CSF,0.23693040723450462
MS,CSF_25,AGGGATGAGACAGAGA-1,CSF,0.13812134032392318
MS,CSF_25,AGGTCATCAAAGGTGC-1,CSF,-0.07157349201915446
MS,CSF_25,AGGTCATGTTACGACT-1,CSF,0.5515005388691472
MS,CSF_25,AGGTCCGAGATGGGTC-1,CSF,0.35054854311553324
MS,CSF_25,AGTAGTCCAGAGTGTG-1,CSF,-0.2357348155060304
MS,CSF_25,ATAACGCAGTCTTGCA-1,CSF,-0.2069529040797298
MS,CSF_25,ATAACGCCATCGGGTC-1,CSF,0.18268252447324956
MS,CSF_25,ATAGACCTCGAGAGCA-1,CSF,-0.07157349201915446
MS,CSF_25,ATCACGAAGCAGCCTC-1,CSF,-0.07157349201915446
MS,CSF_25,ATCACGAGTCCTAGCG-1,CSF,-0.22450879654896957
MS,CSF_25,ATCATCTAGAAGATTC-1,CSF,-0.07157349201915446
MS,CSF_25,ATCCGAAAGTACGACG-1,CSF,0.5118958819465723
MS,CSF_25,ATCCGAATCAGCTTAG-1,CSF,-0.07157349201915446
MS,CSF_25,ATCTACTAGAGATGAG-1,CSF,0.18284740424144658
MS,CSF_25,ATCTACTTCGGCGCTA-1-1,CSF,-0.32179877205861607
MS,CSF_25,ATCTGCCCAAGCGAGT-1,CSF,-0.07157349201915446
MS,CSF_25,ATCTGCCGTAGAGTGC-1,CSF,0.5860798049343392
MS,CSF_25,ATCTGCCTCTCGCATC-1,CSF,0.31722352528942377
MS,CSF_25,ATGAGGGGTCGACTGC-1,CSF,0.18110212149348506
MS,CSF_25,ATGCGATGTTCAGACT-1,CSF,-0.3206529721747217
MS,CSF_25,ATGTGTGGTTGGTAAA-1,CSF,0.5499810462759022
MS,CSF_25,ATTATCCGTGTAACGG-1-1,CSF,0.03137077613443141
MS,CSF_25,ATTCTACGTCGTGGCT-1,CSF,-0.07157349201915446
MS,CSF_25,ATTGGTGAGTCTCGGC-1,CSF,0.41734082765803376
MS,CSF_25,CAACCAACATACAGCT-1,CSF,0.04486669043419186
MS,CSF_25,CAACCAACATATGCTG-1,CSF,-0.07157349201915446
MS,CSF_25,CAACTAGGTACCATCA-1,CSF,0.8157631201325282
MS,CSF_25,CAACTAGTCATTCACT-1,CSF,-0.20973529321267811
MS,CSF_25,CAAGAAAAGCTGTCTA-1,CSF,-0.29593465217699194
MS,CSF_25,CAAGATCGTCTTTCAT-1,CSF,0.5587513553372961
MS,CSF_25,CAAGTTGCAGCATGAG-1,CSF,-0.3124897028393279
MS,CSF_25,CAAGTTGCATGACATC-1,CSF,-0.07157349201915446
MS,CSF_25,CACAAACTCAGCTGGC-1,CSF,-0.7173721861616217
MS,CSF_25,CACACAACAGACAAAT-1,CSF,-0.07157349201915446
MS,CSF_25,CACACAAGTCACACGC-1,CSF,-0.07157349201915446
MS,CSF_25,CACACCTAGGAGTTTA-1,CSF,0.7482639461647281
MS,CSF_25,CACACTCAGTAGGCCA-1,CSF,0.26393226608278747
MS,CSF_25,CACAGGCCATCGACGC-1,CSF,-0.29846709185534
MS,CSF_25,CACATTTCACATCCAA-1,CSF,0.1824547102545404
MS,CSF_25,CACTCCAAGTGTGGCA-1,CSF,-0.07157349201915446
MS,CSF_25,CACTCCACAATCCGAT-1,CSF,0.1184104354638967
MS,CSF_25,CAGATCAAGAGACGAA-1,CSF,-0.2578315585099794
MS,CSF_25,CAGCAGCGTAGCTAAA-1,CSF,0.1435436240853066
MS,CSF_25,CAGCAGCTCGTCACGG-1,CSF,0.22730808132194394
MS,CSF_25,CAGCCGAAGGCCGAAT-1,CSF,-0.24613240101716002
MS,CSF_25,CAGGTGCGTCGCCATG-1,CSF,-0.07157349201915446
MS,CSF_25,CAGTCCTCAAGCGTAG-1,CSF,0.23491623591649372
MS,CSF_25,CATATGGCAATCTGCA-1,CSF,0.28039399682465393
MS,CSF_25,CATCAGAAGTGTGAAT-1,CSF,0.33569903604421303
MS,CSF_25,CATCGAAGTAGAAGGA-1,CSF,0.1281542824223995
MS,CSF_25,CATGGCGAGACTCGGA-1,CSF,0.13634640783004018
MS,CSF_25,CATGGCGGTAACGCGA-1,CSF,-0.07157349201915446
MS,CSF_25,CATGGCGTCAATCACG-1,CSF,-0.2960272006675432
MS,CSF_25,CATTATCGTCAGGACA-1,CSF,-0.38768103295252043
MS,CSF_25,CATTCGCCACATGTGT-1,CSF,0.18869284388956
MS,CSF_25,CATTCGCGTAAGGGAA-1,CSF,0.13134526898771487
MS,CSF_25,CCACCTAGTCTAGCGC-1,CSF,0.18711436605796083
MS,CSF_25,CCACCTAGTTCAGCGC-1-1,CSF,-0.07157349201915446
MS,CSF_25,CCACGGACAAGGACTG-1,CSF,0.2982746846375603
MS,CSF_25,CCACGGAGTCTCTCTG-1,CSF,0.263442782604461
MS,CSF_25,CCACGGAGTGACTCAT-1,CSF,-0.07157349201915446
MS,CSF_25,CCAGCGACAGTGGAGT-1,CSF,-0.07157349201915446
MS,CSF_25,CCATGTCAGATGAGAG-1,CSF,0.23114943953141268
MS,CSF_25,CCATTCGCAGTATCTG-1,CSF,-0.07157349201915446
MS,CSF_25,CCCTCCTGTCAGTGGA-1,CSF,-0.23411826362480068
MS,CSF_25,CCGTACTCACACGCTG-1,CSF,0.1850151269475846
MS,CSF_25,CCGTGGACAAGTAGTA-1,CSF,0.49325233775902616
MS,CSF_25,CCTCAGTTCAACACCA-1,CSF,-0.47995118006340837
MS,CSF_25,CCTCTGACACCCATGG-1,CSF,-0.22282602139672406
MS,CSF_25,CCTTACGGTAGCGTGA-1,CSF,0.28014974315204716
MS,CSF_25,CCTTTCTGTGAAAGAG-1,CSF,-0.07157349201915446
MS,CSF_25,CGAACATGTCGTCTTC-1,CSF,0.2646877039924585
MS,CSF_25,CGAATGTCAATGGTCT-1,CSF,-0.07157349201915446
MS,CSF_25,CGAATGTCAGCTGTAT-1,CSF,0.19214149472039363
MS,CSF_25,CGACCTTCATTGAGCT-1,CSF,-0.07157349201915446
MS,CSF_25,CGAGAAGTCGTACGGC-1,CSF,-0.07157349201915446
MS,CSF_25,CGAGCCATCATTGCGA-1,CSF,-0.07157349201915446
MS,CSF_25,CGATGTAGTCGCATAT-1,CSF,0.15321657167197758
MS,CSF_25,CGCTGGACAGTGGAGT-1,CSF,-0.25184046528096776
MS,CSF_25,CGCTTCATCTACTTAC-1,CSF,0.5096015078709347
MS,CSF_25,CGGACACAGATCCGAG-1,CSF,0.31982262999291067
MS,CSF_25,CGGACACTCGGCTACG-1,CSF,0.2466773393907354
MS,CSF_25,CGGACGTGTAGAGTGC-1,CSF,-0.2972390950449522
MS,CSF_25,CGGAGTCCAAGTCTGT-1-1,CSF,0.4673532415143596
MS,CSF_25,CGGAGTCGTCCGTGAC-1,CSF,0.7672881117877633
MS,CSF_25,CGTAGCGCAAGTCTGT-1,CSF,0.5007846137743337
MS,CSF_25,CGTAGGCTCTGCAGTA-1,CSF,0.16619116969841055
MS,CSF_25,CGTCACTGTTCGGGCT-1,CSF,-0.07157349201915446
MS,CSF_25,CGTCCATTCATCTGTT-1,CSF,-0.28206658860634765
MS,CSF_25,CGTCTACCAAACGCGA-1,CSF,0.8502723989911988
MS,CSF_25,CGTTCTGAGATGCGAC-1,CSF,0.3652152300888497
MS,CSF_25,CGTTGGGAGCGCTCCA-1,CSF,-0.05611296869494168
MS,CSF_25,CTAAGACCATCACCCT-1,CSF,0.6227249272825582
MS,CSF_25,CTACACCCAAGTTCTG-1,CSF,-0.07157349201915446
MS,CSF_25,CTACATTGTACCGAGA-1,CSF,-0.07157349201915446
MS,CSF_25,CTAGAGTCATGGATGG-1,CSF,-0.4187848542726334
MS,CSF_25,CTAGAGTTCGCTGATA-1,CSF,-0.07157349201915446
MS,CSF_25,CTAGTGAGTCTGCGGT-1,CSF,-0.23073314044840978
MS,CSF_25,CTAGTGATCCTTTCGG-1,CSF,-0.07157349201915446
MS,CSF_25,CTCACACTCGCCGTGA-1,CSF,-0.07157349201915446
MS,CSF_25,CTCAGAAAGCTTTGGT-1,CSF,0.571308750721723
MS,CSF_25,CTCCTAGGTACCATCA-1,CSF,0.4997166388650806
MS,CSF_25,CTCCTAGTCCGCAAGC-1,CSF,-0.21154254179283635
MS,CSF_25,CTCCTAGTCGCTGATA-1,CSF,0.2879476638307123
MS,CSF_25,CTCGAGGGTAGCGCTC-1,CSF,0.1842919259154625
MS,CSF_25,CTCGAGGTCAGTACGT-1,CSF,0.5667729874983977
MS,CSF_25,CTCGTACGTGCCTGTG-1,CSF,0.30888399518229537
MS,CSF_25,CTCGTACGTTTCCACC-1,CSF,-0.07157349201915446
MS,CSF_25,CTCGTCAGTCAATACC-1,CSF,0.25131172431647314
MS,CSF_25,CTCTAATCAGGCTGAA-1,CSF,-0.053392217620587226
MS,CSF_25,CTCTAATGTCTCTTAT-1,CSF,-0.07157349201915446
MS,CSF_25,CTCTAATTCTTTACGT-1,CSF,0.15719478622816613
MS,CSF_25,CTGAAGTAGCGTGTCC-1,CSF,-0.07157349201915446
MS,CSF_25,CTGAAGTCAGAAGCAC-1,CSF,0.2303178789221498
MS,CSF_25,CTGAAGTGTCAAAGCG-1,CSF,-0.05383915639107243
MS,CSF_25,CTGATCCTCACATACG-1,CSF,-0.07157349201915446
MS,CSF_25,CTGCCTAAGGGTATCG-1,CSF,-0.28488282668017856
MS,CSF_25,CTGCGGACATCTCGCT-1,CSF,-0.07157349201915446
MS,CSF_25,CTGCTGTAGTTAGGTA-1,CSF,-0.35980604209597516
MS,CSF_25,CTGTGCTAGTCAAGCG-1,CSF,-0.23769606415964756
MS,CSF_25,CTTAACTAGACGCAAC-1,CSF,-0.07157349201915446
MS,CSF_25,CTTAACTGTACAGACG-1,CSF,-0.21546148242884205
MS,CSF_25,CTTTGCGAGAAACGAG-1,CSF,0.22144123070822555
MS,CSF_25,CTTTGCGTCCAGATCA-1,CSF,0.35387386176392127
MS,CSF_25,GAAACTCCATTAGGCT-1,CSF,-0.3319435154304644
MS,CSF_25,GAAACTCTCTCTAAGG-1,CSF,-0.4518685143869332
MS,CSF_25,GAAATGAAGCTAACAA-1,CSF,0.18001373865419537
MS,CSF_25,GAACATCCATCGTCGG-1,CSF,-0.07157349201915446
MS,CSF_25,GAACATCCATTAGCCA-1,CSF,-0.6716258915980193
MS,CSF_25,GAAGCAGAGGGATGGG-1,CSF,-0.16474378500559667
MS,CSF_25,GAAGCAGTCTTAACCT-1,CSF,0.08043875611851369
MS,CSF_25,GAATAAGTCACAGGCC-1,CSF,0.14846300724114878
MS,CSF_25,GAATAAGTCTGGTGTA-1,CSF,0.7057293755492214
MS,CSF_25,GAATGAAGTGCTGTAT-1,CSF,0.3052622307830055
MS,CSF_25,GACACGCAGTGGTAAT-1,CSF,-0.07157349201915446
MS,CSF_25,GACCAATCACGTAAGG-1,CSF,-0.07157349201915446
MS,CSF_25,GACCTGGAGATGTAAC-1,CSF,0.19055155986269043
MS,CSF_25,GACCTGGAGCCGCCTA-1,CSF,-0.07157349201915446
MS,CSF_25,GACCTGGGTCCCGACA-1,CSF,0.1899948065723156
MS,CSF_25,GACGTGCGTAGGGACT-1,CSF,0.07787175801854421
MS,CSF_25,GAGCAGACACCGCTAG-1,CSF,-0.5884053924034113
MS,CSF_25,GAGGTGAAGACCGGAT-1,CSF,0.09917837576966994
MS,CSF_25,GAGTCCGCAAGAGTCG-1,CSF,-0.07157349201915446
MS,CSF_25,GATCGATAGACTAGGC-1,CSF,0.5956599037452645
MS,CSF_25,GATCGATAGGCTAGGT-1,CSF,1.0324257009835367
MS,CSF_25,GATCGATCAAATACAG-1-1,CSF,-0.07157349201915446
MS,CSF_25,GATCGATGTCCAGTAT-1,CSF,0.5338395588921582
MS,CSF_25,GATGAAACACGGCGTT-1,CSF,-0.07157349201915446
MS,CSF_25,GATGAGGAGCAGCGTA-1,CSF,-0.07157349201915446
MS,CSF_25,GATGAGGGTTCGTCTC-1,CSF,-0.07157349201915446
MS,CSF_25,GCAAACTCAGTCCTTC-1,CSF,-0.07157349201915446
MS,CSF_25,GCAATCAAGCCTCGTG-1,CSF,0.23778419094419817
MS,CSF_25,GCAATCAGTCAGCTAT-1,CSF,0.3743391063750279
MS,CSF_25,GCAATCATCTTGTATC-1,CSF,0.247198559233443
MS,CSF_25,GCACATAAGCGTGAAC-1,CSF,-0.07157349201915446
MS,CSF_25,GCACTCTCACGGCCAT-1,CSF,-0.20801110387096658
MS,CSF_25,GCACTCTGTAGGACAC-1,CSF,0.4007978757489834
MS,CSF_25,GCACTCTGTCTGCAAT-1,CSF,-0.07157349201915446
MS,CSF_25,GCAGCCAAGTGAACGC-1,CSF,-0.07157349201915446
MS,CSF_25,GCAGCCATCCGTCAAA-1,CSF,0.4133171766531336
MS,CSF_25,GCAGTTAGTCTAGCCG-1,CSF,0.36506916456192867
MS,CSF_25,GCATACAAGTTTAGGA-1,CSF,-0.22112064260545589
MS,CSF_25,GCATGTACAGATGGCA-1,CSF,0.3418588323188806
MS,CSF_25,GCATGTAGTACCGTAT-1,CSF,-0.07157349201915446
MS,CSF_25,GCGAGAACAGGAATGC-1,CSF,0.17602601244313226
MS,CSF_25,GCGCAACTCACGATGT-1,CSF,-0.07433099967638847
MS,CSF_25,GCGCAGTAGACAAGCC-1,CSF,-0.07157349201915446
MS,CSF_25,GCGCAGTCATCGATGT-1,CSF,-0.19388567359279493
MS,CSF_25,GCGCCAAGTCCAGTAT-1,CSF,-0.47599545897180745
MS,CSF_25,GCGGGTTTCATTATCC-1,CSF,0.5987089866006681
MS,CSF_25,GCTCCTAAGGCGTACA-1,CSF,0.20683625489787863
MS,CSF_25,GCTCCTACAATAACGA-1,CSF,0.042743851220733445
MS,CSF_25,GCTGCAGAGTCGATAA-1,CSF,0.2578195643905165
MS,CSF_25,GCTGCGAAGCTTCGCG-1,CSF,0.17165652332591114
MS,CSF_25,GCTGCTTAGATATGGT-1,CSF,-0.43494992092168017
MS,CSF_25,GCTGCTTAGGTGGGTT-1,CSF,-0.07157349201915446
MS,CSF_25,GCTTCCAAGGGTGTTG-1,CSF,-1.2815514348612573
MS,CSF_25,GCTTGAAGTATAGGTA-1,CSF,-0.07157349201915446
MS,CSF_25,GGAATAAAGCTCCTTC-1,CSF,0.08991135769792469
MS,CSF_25,GGAATAAAGTTAACGA-1,CSF,-0.266212152613211
MS,CSF_25,GGACAAGAGAGCTGCA-1,CSF,-0.07157349201915446
MS,CSF_25,GGACAAGGTCAGAGGT-1,CSF,-0.2840270487858412
MS,CSF_25,GGACAAGTCAGCACAT-1,CSF,0.07880857278127319
MS,CSF_25,GGACAGAAGAGGTACC-1,CSF,-0.30987885694808515
MS,CSF_25,GGACAGACACAGCGTC-1,CSF,-0.07157349201915446
MS,CSF_25,GGACAGATCCCGGATG-1,CSF,-0.07157349201915446
MS,CSF_25,GGACATTCACGCATCG-1,CSF,-0.07157349201915446
MS,CSF_25,GGACATTGTGTTCTTT-1,CSF,-0.04777286760123278
MS,CSF_25,GGACGTCAGTTAACGA-1,CSF,0.6529899810340873
MS,CSF_25,GGACGTCGTTATCACG-1,CSF,-0.22314464767651288
MS,CSF_25,GGCAATTAGTGTACGG-1,CSF,0.16572579415254848
MS,CSF_25,GGCAATTGTCAGGACA-1,CSF,-0.07157349201915446
MS,CSF_25,GGCGTGTGTTCTGAAC-1,CSF,0.03797993057481993
MS,CSF_25,GGCTCGATCGTTGACA-1,CSF,-0.07157349201915446
MS,CSF_25,GGGAATGCAAGACACG-1,CSF,-0.18443267972896052
MS,CSF_25,GGGAGATAGATCTGCT-1,CSF,-0.19197766967705737
MS,CSF_25,GGGAGATGTAATCGTC-1,CSF,0.03599741957947135
MS,CSF_25,GGGATGAGTCCTGCTT-1,CSF,-0.5629130828440039
MS,CSF_25,GGGCACTTCACGGTTA-1,CSF,-0.07157349201915446
MS,CSF_25,GGGCACTTCTCGTTTA-1,CSF,-0.30339707688666934
MS,CSF_25,GGGCATCAGAACTGTA-1,CSF,-0.07157349201915446
MS,CSF_25,GGGCATCGTGCACCAC-1,CSF,-0.23195042252002626
MS,CSF_25,GGGTTGCCACGTTGGC-1,CSF,0.4123397313463797
MS,CSF_25,GGGTTGCTCTTTAGTC-1,CSF,-0.07157349201915446
MS,CSF_25,GGTATTGAGCAATATG-1,CSF,0.05364466723040596
MS,CSF_25,GGTATTGTCGGCTACG-1,CSF,-0.07157349201915446
MS,CSF_25,GGTGAAGGTTAAGAAC-1,CSF,-0.07157349201915446
MS,CSF_25,GGTGTTAAGATGAGAG-1,CSF,-0.07157349201915446
MS,CSF_25,GTAACTGTCCTTGGTC-1-1,CSF,0.21205624557673156
MS,CSF_25,GTACGTATCGCATGGC-1,CSF,-0.07157349201915446
MS,CSF_25,GTAGTCATCTGCTGCT-1,CSF,-0.32179877205861607
MS,CSF_25,GTATCTTCAAGTAATG-1,CSF,-0.07157349201915446
MS,CSF_25,GTATCTTCATAAAGGT-1,CSF,0.03205167254331816
MS,CSF_25,GTATTCTAGAGCTTCT-1,CSF,-0.13384585475591576
MS,CSF_25,GTATTCTGTCGAGATG-1,CSF,-0.2889456778760054
MS,CSF_25,GTCACGGGTAGAAAGG-1,CSF,0.6621581998645587
MS,CSF_25,GTCATTTCACAGGAGT-1,CSF,0.14356664594676488
MS,CSF_25,GTCATTTTCTATCCCG-1,CSF,-0.20834074114587037
MS,CSF_25,GTCGTAACATGCCACG-1,CSF,-0.07157349201915446
MS,CSF_25,GTCTCGTCAACAACCT-1,CSF,0.13212002966687045
MS,CSF_25,GTCTTCGTCACAGGCC-1,CSF,-0.07157349201915446
MS,CSF_25,GTCTTCGTCTTGAGGT-1,CSF,-0.40500240155539563
MS,CSF_25,GTGCAGCCACGGTGTC-1,CSF,-0.07157349201915446
MS,CSF_25,GTGCTTCGTCAGAAGC-1,CSF,-0.07157349201915446
MS,CSF_25,GTGGGTCAGGCGACAT-1,CSF,0.15475892499885066
MS,CSF_25,GTGTGCGGTTAGGGTG-1,CSF,-0.07157349201915446
MS,CSF_25,GTGTTAGGTGACCAAG-1,CSF,-0.07157349201915446
MS,CSF_25,GTTCGGGCAAGAGGCT-1,CSF,0.507808782603125
MS,CSF_25,GTTCGGGTCGTCTGCT-1,CSF,0.28958106221974955
MS,CSF_25,TAAACCGCAACACGCC-1,CSF,0.11995355483544445
MS,CSF_25,TAAGCGTAGCCACCTG-1,CSF,0.3011591095837258
MS,CSF_25,TAAGCGTCATGCCCGA-1,CSF,0.1636605152935435
MS,CSF_25,TAAGCGTGTCTAGTGT-1,CSF,-0.7759678139155058
MS,CSF_25,TAAGTGCAGTTGAGTA-1,CSF,0.16788484084759311
MS,CSF_25,TAAGTGCCATGGATGG-1,CSF,-0.07157349201915446
MS,CSF_25,TAAGTGCGTTAGAACA-1,CSF,-0.21119386362665363
MS,CSF_25,TACACGAAGAACTGTA-1,CSF,-0.2131382929454042
MS,CSF_25,TACACGAAGGAATCGC-1,CSF,0.3178090768359754
MS,CSF_25,TACACGAAGGTACTCT-1,CSF,-0.07157349201915446
MS,CSF_25,TACAGTGCATGTAAGA-1,CSF,0.19783279655393762
MS,CSF_25,TACAGTGGTGAAAGAG-1,CSF,-0.002622661830362409
MS,CSF_25,TACAGTGTCGCATGAT-1,CSF,0.18213481571555654
MS,CSF_25,TACGGATTCACGACTA-1,CSF,0.3442293645442082
MS,CSF_25,TACGGATTCAGCTCGG-1,CSF,-0.21572717161816954
MS,CSF_25,TACGGATTCTCTGTCG-1,CSF,-0.07157349201915446
MS,CSF_25,TACGGTATCATGGTCA-1,CSF,-0.48213283805824086
MS,CSF_25,TACTCATAGAGCAATT-1,CSF,0.5236995560326518
MS,CSF_25,TACTCATTCAACACTG-1,CSF,-0.07157349201915446
MS,CSF_25,TACTTGTAGACTACAA-1,CSF,-0.07157349201915446
MS,CSF_25,TAGCCGGTCGAATGGG-1,CSF,0.44632641724676475
MS,CSF_25,TAGGCATTCATGCAAC-1,CSF,0.5390645618223145
MS,CSF_25,TAGTGGTCAACACCCG-1,CSF,0.3041176369099926
MS,CSF_25,TAGTTGGAGCAGGTCA-1,CSF,0.4800684967959315
MS,CSF_25,TATCAGGAGCAGATCG-1,CSF,-0.19209996499563564
MS,CSF_25,TATTACCAGGGCTTCC-1,CSF,-0.07157349201915446
MS,CSF_25,TATTACCTCGTGGACC-1,CSF,0.2517543606233731
MS,CSF_25,TCAATCTCACACCGCA-1,CSF,-0.07157349201915446
MS,CSF_25,TCAATCTCAGACACTT-1,CSF,-0.21177617162172896
MS,CSF_25,TCAATCTCAGATCCAT-1,CSF,0.20426421223658472
MS,CSF_25,TCACAAGGTACAGCAG-1,CSF,-0.20384257398744232
MS,CSF_25,TCACGAACAGTCAGAG-1,CSF,-0.07157349201915446
MS,CSF_25,TCAGATGCAAGTACCT-1,CSF,-0.3452974879356935
MS,CSF_25,TCAGCAACACATGACT-1,CSF,-0.07157349201915446
MS,CSF_25,TCAGCAATCGTTTAGG-1,CSF,0.2621532571195715
MS,CSF_25,TCAGCTCTCGGAGCAA-1,CSF,0.5311780045614437
MS,CSF_25,TCAGCTCTCTACGAGT-1,CSF,-0.2788295916509775
MS,CSF_25,TCAGGTACAGGGAGAG-1,CSF,0.0772789117985365
MS,CSF_25,TCCCGATCAATGTAAG-1,CSF,-0.07157349201915446
MS,CSF_25,TCGAGGCAGATCTGAA-1,CSF,-0.24346974017425158
MS,CSF_25,TCGAGGCAGTACGATA-1,CSF,-0.21619912402854832
MS,CSF_25,TCGTAGACAACGCACC-1,CSF,-0.07157349201915446
MS,CSF_25,TCTATTGTCAACGGGA-1,CSF,-0.2532213665242967
MS,CSF_25,TCTGAGACAGGTCGTC-1,CSF,-0.07157349201915446
MS,CSF_25,TCTGAGATCAAGATCC-1,CSF,0.2073198536227791
MS,CSF_25,TGAAAGAGTAAGCACG-1,CSF,-0.07157349201915446
MS,CSF_25,TGACTAGCAAACCTAC-1,CSF,-0.22631435885093337
MS,CSF_25,TGAGAGGCATGGTCTA-1,CSF,-0.07157349201915446
MS,CSF_25,TGAGGGAGTAGAGGAA-1,CSF,0.1815188575241292
MS,CSF_25,TGATTTCAGCAGGTCA-1,CSF,-0.38371905432770637
MS,CSF_25,TGCCCTACATAGACTC-1,CSF,0.32721491474194686
MS,CSF_25,TGCCCTATCTCTGCTG-1,CSF,-0.07157349201915446
MS,CSF_25,TGCGCAGGTACAGCAG-1,CSF,0.2105817707738033
MS,CSF_25,TGCTACCAGTATCGAA-1,CSF,-0.48615698321238093
MS,CSF_25,TGCTGCTCAACGATGG-1,CSF,0.49382390409552723
MS,CSF_25,TGCTGCTCAGCGATCC-1,CSF,-0.07157349201915446
MS,CSF_25,TGGCCAGAGAAACGAG-1,CSF,0.2800078755640398
MS,CSF_25,TGGCCAGAGTGAAGTT-1,CSF,-0.19312215491108248
MS,CSF_25,TGGCTGGAGGACAGCT-1,CSF,0.007545145931728725
MS,CSF_25,TGGGCGTAGGTCATCT-1,CSF,0.15952209115499708
MS,CSF_25,TGGGCGTCACGGTGTC-1,CSF,-0.1848583923402885
MS,CSF_25,TGTTCCGTCACTCCTG-1,CSF,0.4589987937974026
MS,CSF_25,TTAGGACAGTTGTAGA-1,CSF,-0.5414520116775885
MS,CSF_25,TTAGGCAGTTCGTTGA-1,CSF,-0.07157349201915446
MS,CSF_25,TTATGCTTCTAACGGT-1,CSF,-0.4597530778833096
MS,CSF_25,TTCGAAGTCTTGTATC-1,CSF,0.1312903773757028
MS,CSF_25,TTCTACAGTAGCTTGT-1,CSF,-0.07157349201915446
MS,CSF_25,TTGACTTCAAGCCTAT-1,CSF,0.604186669568365
MS,CSF_25,TTGCCGTGTTAGATGA-1,CSF,-0.07157349201915446
MS,CSF_25,TTGCGTCGTACCGTAT-1,CSF,-0.24815185217905725
MS,CSF_25,TTGGAACCAATTGCTG-1,CSF,0.6580531255684917
MS,CSF_25,TTGGCAAAGGCAGGTT-1,CSF,-0.07157349201915446
MS,CSF_25,TTGGCAATCAACGGCC-1,CSF,-0.07157349201915446
MS,CSF_25,TTTACTGCACCTCGTT-1,CSF,-0.07157349201915446
MS,CSF_25,TTTATGCGTTCGAATC-1,CSF,0.40457716134787397
MS,CSF_25,TTTGCGCTCTACCAGA-1,CSF,0.26604307123675036
MS,CSF_25,TTTGTCAAGGTCATCT-1,CSF,0.24234621488722144
MS,CSF_25,TTTGTCATCCTCAATT-1,CSF,-0.07157349201915446
MS,CSF_27,AAACCTGAGTCTCGGC-1-1,CSF,-0.42764042363688054
MS,CSF_27,AAACCTGGTGTCGCTG-1-1,CSF,-0.07157349201915446
MS,CSF_27,AAACGGGCATTGCGGC-1-1,CSF,0.2719051628887654
MS,CSF_27,AAAGTAGAGCCCTAAT-1-1,CSF,-0.11117894305951523
MS,CSF_27,AACACGTAGTTGAGTA-1-2,CSF,0.3461685586037476
MS,CSF_27,AACACGTGTACTCTCC-1-2,CSF,-0.21637296597979175
MS,CSF_27,AACACGTGTCGTCTTC-1-1,CSF,-0.21986375255233112
MS,CSF_27,AACACGTTCATGTAGC-1-1,CSF,-0.07157349201915446
MS,CSF_27,AACACGTTCCAAACAC-1-1,CSF,-0.07157349201915446
MS,CSF_27,AACCATGCAGGTCCAC-1-1,CSF,0.4571244876869623
MS,CSF_27,AACCGCGGTTCAGTAC-1-1,CSF,-0.24749568921401321
MS,CSF_27,AACGTTGGTCTGGAGA-1-1,CSF,0.2955628441687917
MS,CSF_27,AACGTTGTCACTTCAT-1-1,CSF,0.28291376589692424
MS,CSF_27,AACTCAGGTCTTGATG-1-1,CSF,0.27793091785435775
MS,CSF_27,AACTCAGGTTCACCTC-1-2,CSF,0.23021339896040813
MS,CSF_27,AACTGGTGTTCCACAA-1-2,CSF,-0.07157349201915446
MS,CSF_27,AACTGGTTCGGAAACG-1-1,CSF,-0.07157349201915446
MS,CSF_27,AACTTTCAGTGCGATG-1-1,CSF,0.26203176951464474
MS,CSF_27,AACTTTCTCATAAAGG-1-1,CSF,-0.4940330496394875
MS,CSF_27,AAGACCTTCGTAGGAG-1-1,CSF,0.1525596201441631
MS,CSF_27,AAGGCAGTCACTTACT-1-1,CSF,-0.05433448063852829
MS,CSF_27,AAGGTTCAGGGATACC-1-1,CSF,-0.07157349201915446
MS,CSF_27,AAGGTTCGTGAGTATA-1-1,CSF,0.1822638611005535
MS,CSF_27,AAGGTTCTCCGAACGC-1-1,CSF,0.2473301854942401
MS,CSF_27,AAGTCTGAGGCTCTTA-1-1,CSF,0.21888620615858687
MS,CSF_27,AAGTCTGCACCAGGTC-1-1,CSF,-0.24868156435425814
MS,CSF_27,AAGTCTGGTTACGACT-1-1,CSF,-0.3389240184753525
MS,CSF_27,AAGTCTGTCCCTAATT-1-1,CSF,0.1705294597044877
MS,CSF_27,AATCCAGCAAAGGAAG-1-1,CSF,-0.07157349201915446
MS,CSF_27,AATCCAGGTACAAGTA-1-1,CSF,0.8756645107793644
MS,CSF_27,AATCGGTGTCGCGTGT-1-1,CSF,-0.1760318049030247
MS,CSF_27,ACACCAATCAGTTAGC-1-1,CSF,0.2731723201753477
MS,CSF_27,ACACCCTAGTATCGAA-1-1,CSF,0.04025130210821685
MS,CSF_27,ACACCCTAGTTAAGTG-1-1,CSF,0.42780991809382357
MS,CSF_27,ACACCGGTCAACCATG-1-1,CSF,-0.27442120809803344
MS,CSF_27,ACAGCCGGTTCAGACT-1-1,CSF,0.7254460006783316
MS,CSF_27,ACAGCTACAATAGAGT-1-1,CSF,0.027633032175677395
MS,CSF_27,ACAGCTAGTAAGTGTA-1-1,CSF,-0.07157349201915446
MS,CSF_27,ACAGCTAGTTTAAGCC-1-1,CSF,-0.5238140146880814
MS,CSF_27,ACATACGAGAAAGTGG-1-1,CSF,-0.07157349201915446
MS,CSF_27,ACATACGAGCTACCGC-1-1,CSF,0.17733287423146063
MS,CSF_27,ACATGGTTCGATAGAA-1-1,CSF,0.13525489648667557
MS,CSF_27,ACCAGTAAGCGATGAC-1-1,CSF,-0.07157349201915446
MS,CSF_27,ACCAGTAGTACAGTTC-1-1,CSF,0.199599147722793
MS,CSF_27,ACCCACTAGACAGACC-1-1,CSF,-0.36991820387707375
MS,CSF_27,ACCGTAAGTCATGCCG-1-1,CSF,0.1775763153661984
MS,CSF_27,ACCTTTAAGGAATTAC-1-1,CSF,0.6418592090704968
MS,CSF_27,ACCTTTACAATCTGCA-1-1,CSF,-0.4906543366262133
MS,CSF_27,ACCTTTAGTAAGTTCC-1-1,CSF,0.15412100178055188
MS,CSF_27,ACCTTTAGTAGTACCT-1-1,CSF,-0.07157349201915446
MS,CSF_27,ACGAGCCAGGATGTAT-1-1,CSF,-0.2881777181800362
MS,CSF_27,ACGAGGACACATTAGC-1-1,CSF,-0.07157349201915446
MS,CSF_27,ACGAGGATCAGGATCT-1-1,CSF,-0.07157349201915446
MS,CSF_27,ACGCAGCCATGACATC-1-1,CSF,0.343084453426608
MS,CSF_27,ACGCCAGAGTGCCATT-1-1,CSF,0.004116346285481885
MS,CSF_27,ACGCCAGCAACTGCTA-1-1,CSF,-0.15607388604254896
MS,CSF_27,ACGCCAGCAATCTGCA-1-1,CSF,0.23038255410383254
MS,CSF_27,ACGCCAGGTCCAGTAT-1-1,CSF,0.6960139296828762
MS,CSF_27,ACGCCGACAAATACAG-1-1,CSF,-0.025623804181681864
MS,CSF_27,ACGCCGAGTCGAGTTT-1-1,CSF,-0.048243946718352734
MS,CSF_27,ACGCCGAGTCTAACGT-1-1,CSF,0.03053742851153407
MS,CSF_27,ACGCCGATCATGTCCC-1-1,CSF,0.2600625234783243
MS,CSF_27,ACGCCGATCCATGAGT-1-1,CSF,-0.07157349201915446
MS,CSF_27,ACGGAGACAAGTCATC-1-1,CSF,0.04512998816829845
MS,CSF_27,ACGGAGACAGCGATCC-1-1,CSF,-0.07157349201915446
MS,CSF_27,ACGGAGACATTCACTT-1-1,CSF,-0.07157349201915446
MS,CSF_27,ACGGAGAGTACAGCAG-1-1,CSF,0.18312235234307703
MS,CSF_27,ACGGAGAGTTCAGCGC-1-1,CSF,-0.07157349201915446
MS,CSF_27,ACGGAGATCGCGTTTC-1-1,CSF,-0.07157349201915446
MS,CSF_27,ACGGCCAGTGGCCCTA-1-1,CSF,-0.11770711867796343
MS,CSF_27,ACGGGCTAGGAGTCTG-1-1,CSF,-0.2796361874663173
MS,CSF_27,ACGGGCTAGGGCTTCC-1-1,CSF,-0.07157349201915446
MS,CSF_27,ACGGGCTGTCATCGGC-1-1,CSF,-0.5778734051578637
MS,CSF_27,ACGGGTCCAATGACCT-1-1,CSF,-0.025645053885448466
MS,CSF_27,ACGTCAAAGTGGACGT-1-1,CSF,0.18328862889694775
MS,CSF_27,ACGTCAAAGTTAGCGG-1-1,CSF,0.18671685942863062
MS,CSF_27,ACGTCAAGTACCGGCT-1-1,CSF,-0.2132282478571818
MS,CSF_27,ACGTCAAGTCATGCCG-1-1,CSF,-0.28533943540099893
MS,CSF_27,ACGTCAATCGCCTGAG-1-1,CSF,0.512631512725539
MS,CSF_27,ACTGAACCAGGAACGT-1-1,CSF,0.4131262590585221
MS,CSF_27,ACTGAACCAGTTTACG-1-1,CSF,-0.07157349201915446
MS,CSF_27,ACTGAACGTACTCGCG-1-2,CSF,-0.2877961844762969
MS,CSF_27,ACTGAACGTGAAGGCT-1-1,CSF,-0.07157349201915446
MS,CSF_27,ACTGAACTCCGGGTGT-1-1,CSF,0.2473301854942401
MS,CSF_27,ACTGAGTAGCGACGTA-1-1,CSF,-0.07157349201915446
MS,CSF_27,ACTGAGTGTTCGGCAC-1-1,CSF,-0.20591429723513327
MS,CSF_27,ACTGATGGTCCGACGT-1-1,CSF,0.02463563623830927
MS,CSF_27,ACTGCTCGTAATCACC-1-1,CSF,0.803894864492223
MS,CSF_27,ACTGTCCTCAGCGATT-1-1,CSF,0.1529515945486024
MS,CSF_27,ACTTGTTCATCCGTGG-1-1,CSF,-0.05476833566228518
MS,CSF_27,ACTTGTTGTCTCTCGT-1-1,CSF,-0.07157349201915446
MS,CSF_27,ACTTTCAAGACACGAC-1-1,CSF,0.1934975033286032
MS,CSF_27,AGAATAGGTACTTGAC-1-1,CSF,-0.01700868951002605
MS,CSF_27,AGACGTTAGAGTCTGG-1-1,CSF,-0.07157349201915446
MS,CSF_27,AGACGTTCAGTATGCT-1-1,CSF,-0.47996725055907674
MS,CSF_27,AGACGTTTCAGGCAAG-1-2,CSF,0.24914756776360372
MS,CSF_27,AGAGCGAGTCCAAGTT-1-1,CSF,0.038684539696024
MS,CSF_27,AGAGCTTAGAAGGCCT-1-1,CSF,-0.3649247648920443
MS,CSF_27,AGAGCTTGTAGGGTAC-1-1,CSF,0.4416102423983667
MS,CSF_27,AGAGCTTGTATCACCA-1-2,CSF,0.07668333083474317
MS,CSF_27,AGAGCTTGTGATAAGT-1-1,CSF,0.03944852490309625
MS,CSF_27,AGAGCTTGTTAGATGA-1-1,CSF,-0.18021502898376682
MS,CSF_27,AGAGCTTTCATGCAAC-1-1,CSF,0.13835910057141948
MS,CSF_27,AGAGCTTTCCAAATGC-1-1,CSF,0.20725064109985578
MS,CSF_27,AGAGCTTTCCGCAAGC-1-1,CSF,-0.20575783456912103
MS,CSF_27,AGAGTGGAGGCCCGTT-1-1,CSF,-0.07157349201915446
MS,CSF_27,AGAGTGGCACTTAACG-1-1,CSF,0.27098979934502526
MS,CSF_27,AGATCTGTCGTTACGA-1-1,CSF,0.04183023819038591
MS,CSF_27,AGATTGCAGCTCCTCT-1-1,CSF,0.17038338981280057
MS,CSF_27,AGATTGCAGGGAACGG-1-1,CSF,-0.07157349201915446
MS,CSF_27,AGCAGCCGTCAATACC-1-1,CSF,-0.07157349201915446
MS,CSF_27,AGCATACGTAAGGGAA-1-1,CSF,-0.3086525610989274
MS,CSF_27,AGCCTAACAGGCTCAC-1-1,CSF,-0.7814067515770217
MS,CSF_27,AGCCTAAGTCCAGTTA-1-1,CSF,-0.07157349201915446
MS,CSF_27,AGCCTAATCTGCCCTA-1-1,CSF,0.1748244513805724
MS,CSF_27,AGCGTATAGACTCGGA-1-1,CSF,-0.07157349201915446
MS,CSF_27,AGCGTATAGCTAGGCA-1-1,CSF,-0.001297480688298182
MS,CSF_27,AGCGTCGAGCTGAAAT-1-1,CSF,-0.4399902553223943
MS,CSF_27,AGCGTCGCAAGTTGTC-1-1,CSF,0.2370027813087749
MS,CSF_27,AGCTCCTCAGGATCGA-1-1,CSF,0.19391826804823725
MS,CSF_27,AGCTCCTGTCAGAATA-1-1,CSF,-0.07157349201915446
MS,CSF_27,AGCTCCTTCATTATCC-1-1,CSF,0.026120110928537832
MS,CSF_27,AGCTCTCTCAAACGGG-1-1,CSF,0.012568740332671
MS,CSF_27,AGCTTGAAGACTGTAA-1-1,CSF,0.3316366841628482
MS,CSF_27,AGCTTGATCTACGAGT-1-1,CSF,0.16159133874495582
MS,CSF_27,AGGCCACAGTATCTCG-1-1,CSF,0.1645579438568275
MS,CSF_27,AGGCCGTAGGTAGCCA-1-1,CSF,-0.07157349201915446
MS,CSF_27,AGGGATGCAGATGAGC-1-1,CSF,-0.886295432688421
MS,CSF_27,AGGGTGAGTCGTGGCT-1-1,CSF,0.04736860577855673
MS,CSF_27,AGGGTGATCTGATTCT-1-1,CSF,0.5769168089003521
MS,CSF_27,AGGTCATAGGGAGTAA-1-1,CSF,0.18987872242573128
MS,CSF_27,AGGTCATGTGCAGACA-1-1,CSF,0.10725100835224026
MS,CSF_27,AGGTCCGCACCAGATT-1-1,CSF,0.2508532082047155
MS,CSF_27,AGTAGTCGTTCACGGC-1-1,CSF,0.49140153802738057
MS,CSF_27,AGTCTTTCATCTCGCT-1-1,CSF,0.4031429829471703
MS,CSF_27,AGTCTTTTCGTTACGA-1-1,CSF,-0.07157349201915446
MS,CSF_27,AGTGAGGGTTGACGTT-1-1,CSF,-0.07157349201915446
MS,CSF_27,AGTGTCAAGTTCCACA-1-1,CSF,-0.6404392282439565
MS,CSF_27,AGTTGGTTCCTCAATT-1-1,CSF,-0.07157349201915446
MS,CSF_27,ATAAGAGAGGATTCGG-1-1,CSF,-0.07157349201915446
MS,CSF_27,ATAGACCCACTTACGA-1-1,CSF,-0.5723726812473781
MS,CSF_27,ATCATGGCACGCCAGT-1-1,CSF,-0.07577055128269719
MS,CSF_27,ATCATGGGTCTGCGGT-1-1,CSF,0.1614558277338318
MS,CSF_27,ATCCACCCATTCTCAT-1-1,CSF,0.23938008737041544
MS,CSF_27,ATCTGCCTCCTAAGTG-1-1,CSF,-0.07157349201915446
MS,CSF_27,ATGAGGGAGGACTGGT-1-1,CSF,-0.07157349201915446
MS,CSF_27,ATGAGGGCAGGGCATA-1-1,CSF,-0.20105334729654162
MS,CSF_27,ATGAGGGTCTAGCACA-1-1,CSF,-0.3915022470929444
MS,CSF_27,ATGCGATCAGCTGCTG-1-1,CSF,-0.5651359629571049
MS,CSF_27,ATGCGATTCGTGGGAA-1-1,CSF,-0.4188521565034983
MS,CSF_27,ATGGGAGCATCACGAT-1-1,CSF,-0.07157349201915446
MS,CSF_27,ATGTGTGCAATAGCAA-1-1,CSF,-0.04758994023174339
MS,CSF_27,ATGTGTGCAGATCGGA-1-1,CSF,-0.25945328863824174
MS,CSF_27,ATTACTCGTAGCTAAA-1-1,CSF,0.44175313761248247
MS,CSF_27,ATTATCCCACCAGGCT-1-1,CSF,0.1972848687339098
MS,CSF_27,ATTGGACCAGCGTAAG-1-1,CSF,0.19120501639493984
MS,CSF_27,ATTGGACGTATTCGTG-1-1,CSF,0.42466919202197245
MS,CSF_27,ATTGGTGAGTGGGTTG-1-1,CSF,-0.07157349201915446
MS,CSF_27,ATTGGTGCACTGCCAG-1-1,CSF,-0.07157349201915446
MS,CSF_27,ATTGGTGCAGTTCCCT-1-1,CSF,-0.7632288656008125
MS,CSF_27,ATTGGTGCATCACCCT-1-1,CSF,-0.07157349201915446
MS,CSF_27,ATTGGTGGTTAGATGA-1-1,CSF,0.019496489650919543
MS,CSF_27,ATTTCTGAGCTGCAAG-1-1,CSF,0.11103804869980975
MS,CSF_27,ATTTCTGCAATGGATA-1-1,CSF,-0.24167780862102622
MS,CSF_27,ATTTCTGGTCATTAGC-1-1,CSF,-0.07157349201915446
MS,CSF_27,CAACCAAAGGACTGGT-1-1,CSF,1.008639144616915
MS,CSF_27,CAACCAACAACGATCT-1-1,CSF,-0.5594393939486026
MS,CSF_27,CAACCTCGTCAAACTC-1-1,CSF,-0.1954284874414403
MS,CSF_27,CAACTAGTCCTAGTGA-1-1,CSF,-0.07157349201915446
MS,CSF_27,CAAGATCAGAAACCAT-1-1,CSF,-0.2855404182917568
MS,CSF_27,CAAGATCCACTAAGTC-1-1,CSF,-0.07157349201915446
MS,CSF_27,CAAGATCGTGCAACTT-1-1,CSF,-0.26317687193794664
MS,CSF_27,CAAGATCTCGTCACGG-1-1,CSF,-0.045108134327884755
MS,CSF_27,CAAGGCCTCAGCCTAA-1-1,CSF,-0.2417255865032022
MS,CSF_27,CAAGGCCTCGGCGCTA-1-1,CSF,-0.07157349201915446
MS,CSF_27,CAAGTTGGTCACCTAA-1-1,CSF,0.27088644610003787
MS,CSF_27,CAAGTTGTCCACGCAG-1-1,CSF,0.5012301264751841
MS,CSF_27,CAAGTTGTCCTAAGTG-1-1,CSF,0.24065221886864638
MS,CSF_27,CACAAACGTAGCTAAA-1-1,CSF,-0.07157349201915446
MS,CSF_27,CACAAACGTCCTGCTT-1-1,CSF,-0.4292899438877657
MS,CSF_27,CACAAACGTTGCTCCT-1-1,CSF,0.312076925272752
MS,CSF_27,CACACAACAACTGCTA-1-1,CSF,0.1318443925927252
MS,CSF_27,CACACAACAGGGATTG-1-1,CSF,-0.24254335112854739
MS,CSF_27,CACACTCCATTTGCCC-1-1,CSF,0.6141424740635975
MS,CSF_27,CACACTCGTGACCAAG-1-1,CSF,0.12358114462088708
MS,CSF_27,CACACTCTCATCGATG-1-1,CSF,-0.07157349201915446
MS,CSF_27,CACAGTAGTTCCACAA-1-1,CSF,-0.4122208781202002
MS,CSF_27,CACAGTATCGCTTAGA-1-1,CSF,0.1972948913366799
MS,CSF_27,CACATAGCAAGTTAAG-1-1,CSF,-0.26267285543047064
MS,CSF_27,CACATTTAGAGTAATC-1-1,CSF,0.2664406024154152
MS,CSF_27,CACATTTCAAACTGCT-1-1,CSF,-0.21797852364304987
MS,CSF_27,CACATTTCATTGTGCA-1-1,CSF,0.3362363187780317
MS,CSF_27,CACATTTTCACTGGGC-1-1,CSF,-0.2090616250739965
MS,CSF_27,CACCACTGTAAACGCG-1-1,CSF,0.12750936956598244
MS,CSF_27,CACCACTTCGGAAACG-1-1,CSF,-0.07157349201915446
MS,CSF_27,CAGAATCGTTACGTCA-1-1,CSF,-0.21694592918320618
MS,CSF_27,CAGATCAAGGATATAC-1-1,CSF,-0.36633941387118857
MS,CSF_27,CAGCAGCCATTCCTCG-1-1,CSF,0.2837249546196878
MS,CSF_27,CAGCATACAAACTGTC-1-1,CSF,-0.13088637852454268
MS,CSF_27,CAGCGACCACCTGGTG-1-1,CSF,-0.07157349201915446
MS,CSF_27,CAGCGACGTACTTGAC-1-1,CSF,0.037062912479513335
MS,CSF_27,CAGCTAAAGCAACGGT-1-1,CSF,0.273608863045723
MS,CSF_27,CAGCTAAGTTACGGAG-1-1,CSF,-0.07157349201915446
MS,CSF_27,CAGCTGGCAGACACTT-1-1,CSF,-0.07157349201915446
MS,CSF_27,CAGCTGGCAGTGGAGT-1-1,CSF,-0.07157349201915446
MS,CSF_27,CAGCTGGCAGTTAACC-1-2,CSF,0.23224908150654114
MS,CSF_27,CAGCTGGTCACCACCT-1-1,CSF,0.18654281604847225
MS,CSF_27,CAGGTGCAGTGTCCAT-1-1,CSF,-0.40500240155539563
MS,CSF_27,CAGGTGCGTAGCGTGA-1-1,CSF,-0.07157349201915446
MS,CSF_27,CAGTCCTAGCACGCCT-1-1,CSF,0.5454106346491865
MS,CSF_27,CAGTCCTCATGGTCTA-1-1,CSF,-0.07157349201915446
MS,CSF_27,CATATGGAGACTTGAA-1-1,CSF,-0.03656530941829385
MS,CSF_27,CATATTCCAGCATGAG-1-1,CSF,0.21788541163735628
MS,CSF_27,CATATTCCAGGTGGAT-1-1,CSF,-0.18855960508662667
MS,CSF_27,CATCAAGCATGCTAGT-1-1,CSF,-0.5209852285779097
MS,CSF_27,CATCAGAAGCTGTCTA-1-1,CSF,-0.29080712884813387
MS,CSF_27,CATCCACGTGAAGGCT-1-1,CSF,-0.07157349201915446
MS,CSF_27,CATCCACTCTCTGAGA-1-1,CSF,0.14054591207159045
MS,CSF_27,CATCGAACACCAGATT-1-1,CSF,-0.29159783282569485
MS,CSF_27,CATCGAACATTTCAGG-1-1,CSF,-0.07157349201915446
MS,CSF_27,CATCGAATCGGCGCAT-1-1,CSF,-0.07157349201915446
MS,CSF_27,CATCGGGCACAAGACG-1-1,CSF,-0.267657483895746
MS,CSF_27,CATGACACACATTTCT-1-1,CSF,-0.39424316351415334
MS,CSF_27,CATGACAGTATAGGGC-1-1,CSF,0.866939796650291
MS,CSF_27,CATGACATCTGTGCAA-1-1,CSF,0.1904697742043247
MS,CSF_27,CATGGCGCATCTACGA-1-1,CSF,-0.07157349201915446
MS,CSF_27,CATGGCGTCTTGGGTA-1-1,CSF,-0.07157349201915446
MS,CSF_27,CATTATCCATCCGCGA-1-1,CSF,0.9241613677962801
MS,CSF_27,CATTATCTCACATAGC-1-1,CSF,-0.2074388332460963
MS,CSF_27,CATTATCTCCGAGCCA-1-1,CSF,-0.3953284419346251
MS,CSF_27,CATTCGCTCACATACG-1-1,CSF,-0.028914260395111167
MS,CSF_27,CCAATCCAGTAGCGGT-1-1,CSF,0.3707647980992639
MS,CSF_27,CCAATCCTCCAGGGCT-1-1,CSF,-0.21154254179283635
MS,CSF_27,CCAATCCTCTACCAGA-1-1,CSF,0.2520840811614405
MS,CSF_27,CCACGGACATTCACTT-1-1,CSF,0.08923459000866385
MS,CSF_27,CCACTACGTCATATGC-1-1,CSF,0.0032275170775020972
MS,CSF_27,CCACTACGTTCATGGT-1-1,CSF,-0.07157349201915446
MS,CSF_27,CCAGCGAAGTGCGATG-1-1,CSF,-0.21543029631961502
MS,CSF_27,CCAGCGATCTAACTTC-1-1,CSF,-0.2168500421856374
MS,CSF_27,CCATTCGAGCGAAGGG-1-1,CSF,0.11130108575049948
MS,CSF_27,CCATTCGTCGTTTAGG-1-1,CSF,-0.07157349201915446
MS,CSF_27,CCCAATCAGAGCCCAA-1-1,CSF,-0.07157349201915446
MS,CSF_27,CCCAATCGTACCGCTG-1-1,CSF,-0.567081250764991
MS,CSF_27,CCCAATCGTCGATTGT-1-1,CSF,-0.07157349201915446
MS,CSF_27,CCCAGTTGTGTCGCTG-1-1,CSF,-0.15271656574314255
MS,CSF_27,CCCTCCTCAAGCGAGT-1-1,CSF,-0.27855285838342553
MS,CSF_27,CCCTCCTCACACATGT-1-1,CSF,0.6652853350216
MS,CSF_27,CCCTCCTCATTTCACT-1-1,CSF,-0.47930457687905015
MS,CSF_27,CCCTCCTGTAGCTAAA-1-1,CSF,0.12338289548634562
MS,CSF_27,CCCTCCTTCTTGAGGT-1-1,CSF,1.1667142241233108
MS,CSF_27,CCGGGATGTTCGTCTC-1-1,CSF,-0.6215221793402171
MS,CSF_27,CCGTACTCAACGCACC-1-1,CSF,-0.16514487831899016
MS,CSF_27,CCGTGGACACATAACC-1-1,CSF,-0.07157349201915446
MS,CSF_27,CCGTTCAGTCAAAGAT-1-1,CSF,0.15813513782396899
MS,CSF_27,CCGTTCATCCAGAGGA-1-1,CSF,0.14791983626922273
MS,CSF_27,CCTACACTCATAAAGG-1-1,CSF,0.16510328539251642
MS,CSF_27,CCTACCACAGTAGAGC-1-1,CSF,-0.02358677033343131
MS,CSF_27,CCTACCAGTGAGTATA-1-1,CSF,0.5591511810584052
MS,CSF_27,CCTACCATCAGGTAAA-1-1,CSF,0.11826172340073655
MS,CSF_27,CCTAGCTAGTCTTGCA-1-1,CSF,-0.26209673045544163
MS,CSF_27,CCTAGCTCAGCCTGTG-1-1,CSF,0.2648607549101663
MS,CSF_27,CCTAGCTTCCGCTGTT-1-1,CSF,0.1356771387312242
MS,CSF_27,CCTAGCTTCGGTCTAA-1-1,CSF,-0.3390910963454514
MS,CSF_27,CCTATTATCCTCCTAG-1-2,CSF,0.1188950678303855
MS,CSF_27,CCTCAGTGTGTGGCTC-1-2,CSF,0.15546282551704738
MS,CSF_27,CCTTACGCAAGGTTCT-1-1,CSF,0.018164757194381837
MS,CSF_27,CCTTACGTCTGCAAGT-1-1,CSF,-0.26799372343187083
MS,CSF_27,CCTTCCCCAAGCGTAG-1-2,CSF,0.0002978395294095699
MS,CSF_27,CCTTCGACACCCATTC-1-1,CSF,0.18481094121687078
MS,CSF_27,CCTTCGACATTATCTC-1-1,CSF,0.16436497778126308
MS,CSF_27,CCTTCGATCAGGATCT-1-1,CSF,-0.05632602386079159
MS,CSF_27,CCTTTCTAGGAGTAGA-1-1,CSF,0.25806673001942754
MS,CSF_27,CCTTTCTCACACATGT-1-1,CSF,-0.07157349201915446
MS,CSF_27,CGAACATAGGGCTCTC-1-1,CSF,-0.05143683676731138
MS,CSF_27,CGAACATCATGATCCA-1-1,CSF,-0.07157349201915446
MS,CSF_27,CGAACATGTAGCCTCG-1-2,CSF,-0.2223336984255369
MS,CSF_27,CGAACATGTTCGCTAA-1-1,CSF,-0.05580462911673924
MS,CSF_27,CGAACATTCATACGGT-1-1,CSF,0.5823398285882907
MS,CSF_27,CGAATGTCAGTAACGG-1-1,CSF,-0.2757497016506116
MS,CSF_27,CGAATGTGTATCGCAT-1-1,CSF,0.24506963074396682
MS,CSF_27,CGAATGTTCGAATCCA-1-1,CSF,-0.07157349201915446
MS,CSF_27,CGAATGTTCTGCGACG-1-1,CSF,-0.19161566935256857
MS,CSF_27,CGACCTTAGAGCTGGT-1-1,CSF,-0.21053145741734205
MS,CSF_27,CGACCTTGTATGAATG-1-1,CSF,-0.4246582992947275
MS,CSF_27,CGACTTCTCCGTAGTA-1-1,CSF,0.20981306247758294
MS,CSF_27,CGAGAAGAGGGCTTGA-1-1,CSF,0.2197056246826002
MS,CSF_27,CGAGCACTCAGCTCTC-1-1,CSF,-0.07157349201915446
MS,CSF_27,CGAGCCATCCGGCACA-1-1,CSF,-0.20784700290548436
MS,CSF_27,CGATCGGCAGCTGTTA-1-1,CSF,0.22278140687931222
MS,CSF_27,CGATGTACACGTAAGG-1-1,CSF,0.2868478139363761
MS,CSF_27,CGATTGACATGAACCT-1-1,CSF,-0.3063496863881274
MS,CSF_27,CGATTGAGTAGAGCTG-1-1,CSF,0.552820358251939
MS,CSF_27,CGCCAAGAGCGATAGC-1-1,CSF,-0.07157349201915446
MS,CSF_27,CGCGGTAAGGGATACC-1-1,CSF,0.15039102811614027
MS,CSF_27,CGCGGTAGTATATGGA-1-1,CSF,-0.07157349201915446
MS,CSF_27,CGCTGGAGTATTCGTG-1-1,CSF,-0.3833540976442355
MS,CSF_27,CGCTGGATCATCTGTT-1-1,CSF,-0.1822633723068048
MS,CSF_27,CGGACACCATTCCTCG-1-1,CSF,-0.07157349201915446
MS,CSF_27,CGGACGTGTCCGACGT-1-1,CSF,-0.5641242270166378
MS,CSF_27,CGGACGTTCGATAGAA-1-1,CSF,0.19261476152534884
MS,CSF_27,CGGACTGAGCTGCGAA-1-1,CSF,-0.07157349201915446
MS,CSF_27,CGGACTGCAAGAGTCG-1-1,CSF,-0.07157349201915446
MS,CSF_27,CGGACTGGTGCAGGTA-1-1,CSF,0.18136205297820712
MS,CSF_27,CGGAGCTAGGCATTGG-1-1,CSF,-0.032301961455260354
MS,CSF_27,CGGAGCTCACTGAAGG-1-1,CSF,0.5194366089947594
MS,CSF_27,CGGAGCTTCGCACTCT-1-1,CSF,-0.07157349201915446
MS,CSF_27,CGGAGTCAGCAGGCTA-1-1,CSF,0.14840679959611128
MS,CSF_27,CGGAGTCTCCAAACTG-1-1,CSF,-0.07157349201915446
MS,CSF_27,CGGCTAGTCCAAACAC-1-1,CSF,-0.07386881487058443
MS,CSF_27,CGTCACTCATACAGCT-1-1,CSF,-0.2160255525222548
MS,CSF_27,CGTCACTGTCTAGAGG-1-1,CSF,0.13630213369455527
MS,CSF_27,CGTCCATCATCACAAC-1-1,CSF,0.05936613173115436
MS,CSF_27,CGTGAGCTCATCGGAT-1-1,CSF,-0.07157349201915446
MS,CSF_27,CGTGTAACAACAACCT-1-1,CSF,0.35706065314680624
MS,CSF_27,CGTTAGACACCATCCT-1-1,CSF,-0.5020536185552399
MS,CSF_27,CTAACTTTCCCACTTG-1-1,CSF,-0.2123348917968224
MS,CSF_27,CTAACTTTCTCTGAGA-1-1,CSF,-0.07157349201915446
MS,CSF_27,CTAAGACAGAGTACCG-1-1,CSF,-0.07157349201915446
MS,CSF_27,CTAAGACAGGCTAGCA-1-1,CSF,0.21973538775729334
MS,CSF_27,CTAAGACCAAGTTCTG-1-1,CSF,-0.07157349201915446
MS,CSF_27,CTAAGACTCCTCAACC-1-1,CSF,-0.3864664852493002
MS,CSF_27,CTAATGGAGTTGAGTA-1-1,CSF,0.28301988561875185
MS,CSF_27,CTAATGGCATACGCCG-1-1,CSF,0.28516753191146915
MS,CSF_27,CTACACCAGTAAGTAC-1-1,CSF,0.0008994061982888292
MS,CSF_27,CTACACCCAACCGCCA-1-1,CSF,0.2305921161333017
MS,CSF_27,CTACACCCAGTGACAG-1-1,CSF,-0.07157349201915446
MS,CSF_27,CTACCCACAGCTGCTG-1-1,CSF,0.1646137144164965
MS,CSF_27,CTACGTCAGTCATCCA-1-1,CSF,0.21773845313568785
MS,CSF_27,CTAGAGTAGAGGTAGA-1-1,CSF,-0.07157349201915446
MS,CSF_27,CTAGAGTAGCAACGGT-1-1,CSF,-0.07157349201915446
MS,CSF_27,CTAGAGTGTGCTCTTC-1-1,CSF,0.7708322471024776
MS,CSF_27,CTAGCCTCAGCTCGAC-1-1,CSF,0.2894328349436098
MS,CSF_27,CTAGTGAAGAGGGATA-1-1,CSF,0.1567049480296605
MS,CSF_27,CTAGTGAGTCACAAGG-1-1,CSF,0.4785039084466261
MS,CSF_27,CTAGTGATCAACACTG-1-2,CSF,-0.23129824439095367
MS,CSF_27,CTCACACAGATATGGT-1-1,CSF,-0.07157349201915446
MS,CSF_27,CTCACACTCCTCCTAG-1-1,CSF,0.30782712016545416
MS,CSF_27,CTCAGAAGTCACTGGC-1-1,CSF,-0.5572111278422642
MS,CSF_27,CTCAGAAGTGGCCCTA-1-1,CSF,-0.2084234490763599
MS,CSF_27,CTCAGAATCTGTCAAG-1-1,CSF,-0.41407470465158097
MS,CSF_27,CTCCTAGCACATGTGT-1-1,CSF,-0.2751534036410623
MS,CSF_27,CTCGAAAAGCCAGGAT-1-1,CSF,0.26203700794449836
MS,CSF_27,CTCGAAATCACGCGGT-1-1,CSF,-0.15770159618184962
MS,CSF_27,CTCGAGGTCAAACCGT-1-1,CSF,-0.20182126845029133
MS,CSF_27,CTCGAGGTCAATAAGG-1-1,CSF,0.42488695449527786
MS,CSF_27,CTCGGAGCAACGATGG-1-1,CSF,0.16852760088243798
MS,CSF_27,CTCGGGACAATAAGCA-1-1,CSF,0.2016301997278473
MS,CSF_27,CTCGGGATCCACGTGG-1-1,CSF,0.164043700064103
MS,CSF_27,CTCGTACTCCAGGGCT-1-1,CSF,-0.2684548423876044
MS,CSF_27,CTCGTCAGTACCGTTA-1-1,CSF,-0.13023055003782108
MS,CSF_27,CTCGTCATCCGTACAA-1-1,CSF,0.2893797775244224
MS,CSF_27,CTCTAATCACCACCAG-1-1,CSF,0.18536159881815384
MS,CSF_27,CTCTACGCACAAGTAA-1-1,CSF,-0.07157349201915446
MS,CSF_27,CTCTACGGTAAGCACG-1-1,CSF,-0.07157349201915446
MS,CSF_27,CTCTACGTCCGTTGTC-1-1,CSF,-0.2474695719767397
MS,CSF_27,CTCTACGTCTCAAGTG-1-1,CSF,0.3605927233728723
MS,CSF_27,CTCTGGTCACAGACAG-1-1,CSF,-0.07157349201915446
MS,CSF_27,CTGAAGTCAGCTGTAT-1-1,CSF,-0.07157349201915446
MS,CSF_27,CTGAAGTGTAACGCGA-1-1,CSF,-0.4489145909241277
MS,CSF_27,CTGATAGAGGACTGGT-1-1,CSF,-0.49979897855448957
MS,CSF_27,CTGATAGAGGATTCGG-1-1,CSF,0.6056484143945536
MS,CSF_27,CTGATCCAGCTACCTA-1-1,CSF,-0.07157349201915446
MS,CSF_27,CTGATCCCACAACTGT-1-1,CSF,-0.042624846108496546
MS,CSF_27,CTGATCCCACATGACT-1-1,CSF,-0.07157349201915446
MS,CSF_27,CTGATCCTCCCTAACC-1-1,CSF,-0.2205396690619387
MS,CSF_27,CTGCCTAAGTGTCCAT-1-1,CSF,-0.07157349201915446
MS,CSF_27,CTGCCTACAGGGTACA-1-1,CSF,-0.07157349201915446
MS,CSF_27,CTGCTGTAGCTACCTA-1-1,CSF,0.18794684333883355
MS,CSF_27,CTGCTGTGTGTGGCTC-1-1,CSF,-0.07157349201915446
MS,CSF_27,CTGGTCTCAGCGTAAG-1-1,CSF,-0.06108488308372633
MS,CSF_27,CTGTGCTAGCCGGTAA-1-1,CSF,-0.18613582988139094
MS,CSF_27,CTGTGCTGTTCGCTAA-1-1,CSF,0.09419474301059308
MS,CSF_27,CTTAACTCAGCCAATT-1-1,CSF,-0.049974514791114304
MS,CSF_27,CTTAACTCAGTAAGAT-1-1,CSF,-0.07157349201915446
MS,CSF_27,CTTACCGCAAGTCATC-1-1,CSF,-0.43599632412270356
MS,CSF_27,CTTACCGCATTGGGCC-1-1,CSF,0.5983396495034047
MS,CSF_27,CTTTGCGGTGAGCGAT-1-1,CSF,-0.7381442258892508
MS,CSF_27,CTTTGCGTCTCTGCTG-1-1,CSF,-0.07157349201915446
MS,CSF_27,GAAACTCAGCGTTGCC-1-1,CSF,0.21518360162879763
MS,CSF_27,GAAACTCCACTTAACG-1-1,CSF,0.7421453967763207
MS,CSF_27,GAAATGACAGTGGAGT-1-1,CSF,0.43128085714213055
MS,CSF_27,GAAATGACATGACGGA-1-1,CSF,-0.07157349201915446
MS,CSF_27,GAAATGATCTACTCAT-1-1,CSF,-0.1717895370957665
MS,CSF_27,GAAATGATCTCGTATT-1-1,CSF,-0.41260753405908107
MS,CSF_27,GAACATCAGAAGGTGA-1-1,CSF,0.22587325207172398
MS,CSF_27,GAACATCGTCTCGTTC-1-1,CSF,0.1874013144576481
MS,CSF_27,GAACCTAAGTACACCT-1-1,CSF,-0.20219001131951395
MS,CSF_27,GAACCTAGTGTTGGGA-1-1,CSF,-0.0197483596888745
MS,CSF_27,GAACCTATCTGCTGTC-1-1,CSF,-0.07157349201915446
MS,CSF_27,GAATAAGCAGGCTGAA-1-1,CSF,0.2955380878025116
MS,CSF_27,GAATGAAAGGTAGCTG-1-1,CSF,-0.3920634176417037
MS,CSF_27,GACACGCTCAGCCTAA-1-1,CSF,-0.07157349201915446
MS,CSF_27,GACAGAGAGTAATCCC-1-1,CSF,0.12399283903256268
MS,CSF_27,GACAGAGGTTCCATGA-1-1,CSF,-0.20706053480043846
MS,CSF_27,GACAGAGTCACCACCT-1-1,CSF,0.004853833920043936
MS,CSF_27,GACCAATAGTGTCTCA-1-1,CSF,-0.07157349201915446
MS,CSF_27,GACCTGGAGTGAAGTT-1-1,CSF,-0.07157349201915446
MS,CSF_27,GACCTGGTCCATGAGT-1-1,CSF,-0.07157349201915446
MS,CSF_27,GACGCGTTCTTTAGTC-1-1,CSF,0.23249478129030235
MS,CSF_27,GACGGCTCAGTTCCCT-1-1,CSF,0.07182586919568676
MS,CSF_27,GACGGCTGTGCCTGCA-1-1,CSF,0.24503707433605312
MS,CSF_27,GACGTGCGTAGCAAAT-1-1,CSF,0.1468414784296306
MS,CSF_27,GACGTTACATACTACG-1-1,CSF,-0.5178784112829898
MS,CSF_27,GACGTTATCTCTGAGA-1-1,CSF,-0.05373987805437029
MS,CSF_27,GACTAACCAAGGTTTC-1-1,CSF,0.36188455550322624
MS,CSF_27,GACTAACCAGGTCCAC-1-1,CSF,0.2820431903382901
MS,CSF_27,GACTACAAGCTGCCCA-1-2,CSF,0.19090748966205467
MS,CSF_27,GACTACACATTCACTT-1-1,CSF,0.5209255872278244
MS,CSF_27,GACTGCGCACCGAAAG-1-1,CSF,0.3026272451562576
MS,CSF_27,GACTGCGGTAAGTTCC-1-1,CSF,0.5422400589873753
MS,CSF_27,GACTGCGTCAACCATG-1-1,CSF,-0.21530575263011084
MS,CSF_27,GACTGCGTCAGCATGT-1-1,CSF,-0.20776512807672182
MS,CSF_27,GAGCAGATCCGTACAA-1-1,CSF,-0.07157349201915446
MS,CSF_27,GAGGTGATCGGCGGTT-1-1,CSF,-0.2174599529487766
MS,CSF_27,GATCAGTCAGATGAGC-1-1,CSF,-0.30728505306840537
MS,CSF_27,GATCAGTGTAGCCTAT-1-1,CSF,0.00173808703093454
MS,CSF_27,GATCAGTTCCTTGACC-1-1,CSF,-0.45392627790111334
MS,CSF_27,GATCGATCAAGGACAC-1-1,CSF,0.25040959168777893
MS,CSF_27,GATCGATCAATGGACG-1-1,CSF,-0.30780868993320104
MS,CSF_27,GATCGATGTAAATGAC-1-2,CSF,-0.2203754710684855
MS,CSF_27,GATCGCGCATGCCACG-1-1,CSF,0.2332686272571935
MS,CSF_27,GATCGCGTCAGCTCGG-1-1,CSF,0.29591393257795706
MS,CSF_27,GATCGTAGTTCCATGA-1-1,CSF,0.6486832225969029
MS,CSF_27,GATCTAGAGAATTCCC-1-1,CSF,-0.042839660722133625
MS,CSF_27,GATCTAGAGATGAGAG-1-2,CSF,-0.07157349201915446
MS,CSF_27,GATGAAAAGCTGCGAA-1-2,CSF,-0.2724116941708746
MS,CSF_27,GATGAAATCGTTACGA-1-1,CSF,0.24433020654869772
MS,CSF_27,GATGAGGGTGTGAAAT-1-1,CSF,0.15236775810368305
MS,CSF_27,GATGAGGTCTCGCATC-1-1,CSF,-0.3731512401696112
MS,CSF_27,GATGCTAAGAAACGCC-1-1,CSF,0.02360998013323995
MS,CSF_27,GATGCTAAGATGAGAG-1-2,CSF,0.16719427136918305
MS,CSF_27,GATTCAGCACCAGCAC-1-1,CSF,-0.21608856713240207
MS,CSF_27,GCAAACTAGCTCAACT-1-1,CSF,-0.07157349201915446
MS,CSF_27,GCAATCAAGCTACCGC-1-1,CSF,0.02685168314062571
MS,CSF_27,GCACATACAGGGAGAG-1-1,CSF,0.2175122900821053
MS,CSF_27,GCACTCTAGCCACTAT-1-1,CSF,0.136807143142164
MS,CSF_27,GCACTCTAGGATGTAT-1-1,CSF,-0.07157349201915446
MS,CSF_27,GCACTCTGTGGTCCGT-1-1,CSF,0.4247470712171966
MS,CSF_27,GCACTCTTCGAGGTAG-1-1,CSF,-0.37372462630133063
MS,CSF_27,GCAGCCAAGGGTGTTG-1-1,CSF,-0.4477343489670506
MS,CSF_27,GCAGCCAAGTGTCCAT-1-1,CSF,0.2704114580509827
MS,CSF_27,GCAGCCATCAAGGTAA-1-1,CSF,-0.061106746140181536
MS,CSF_27,GCAGTTACACACAGAG-1-1,CSF,0.6573588139510707
MS,CSF_27,GCAGTTACATGCCTTC-1-1,CSF,0.21244743519648404
MS,CSF_27,GCATGATAGCAAATCA-1-1,CSF,0.3991632969763494
MS,CSF_27,GCATGATAGTAGGCCA-1-1,CSF,0.9666573059526797
MS,CSF_27,GCATGATTCCACTGGG-1-1,CSF,0.21220156692357856
MS,CSF_27,GCATGCGCAGCTGCAC-1-1,CSF,-0.07157349201915446
MS,CSF_27,GCATGCGTCACGACTA-1-1,CSF,-0.27164270646095456
MS,CSF_27,GCATGCGTCCGAACGC-1-1,CSF,0.31558016275399536
MS,CSF_27,GCATGTAAGTGACTCT-1-1,CSF,-0.5048529566146788
MS,CSF_27,GCCAAATCACCATGTA-1-1,CSF,-0.07157349201915446
MS,CSF_27,GCCTCTAAGGTGACCA-1-1,CSF,-0.07157349201915446
MS,CSF_27,GCCTCTAGTAGCTTGT-1-1,CSF,0.44262333398722825
MS,CSF_27,GCGAGAATCCACTGGG-1-1,CSF,-0.07157349201915446
MS,CSF_27,GCGAGAATCGACGGAA-1-1,CSF,0.28709701330150894
MS,CSF_27,GCGCAACAGCAGCGTA-1-1,CSF,-0.20607283749752187
MS,CSF_27,GCGCAACCAAGGTTTC-1-1,CSF,-0.2011637404028994
MS,CSF_27,GCGCCAAAGTACGCGA-1-1,CSF,-0.07157349201915446
MS,CSF_27,GCGCCAATCTTAGCCC-1-1,CSF,-0.41781541592328825
MS,CSF_27,GCGCGATAGCTGCAAG-1-1,CSF,0.43960079821171577
MS,CSF_27,GCGCGATGTTCTGAAC-1-1,CSF,0.09588106042125157
MS,CSF_27,GCGGGTTCAACGATCT-1-1,CSF,-0.41363144824636283
MS,CSF_27,GCGGGTTTCCGTCATC-1-1,CSF,0.39426864777297865
MS,CSF_27,GCTCCTACAGTATCTG-1-1,CSF,0.5633549461799382
MS,CSF_27,GCTGCGACAAATACAG-1-1,CSF,0.5668616349231076
MS,CSF_27,GCTGCGAGTTAGATGA-1-1,CSF,-0.13825059234581147
MS,CSF_27,GCTGCTTGTAAAGGAG-1-1,CSF,0.061274384938699064
MS,CSF_27,GCTGCTTTCGTGGACC-1-1,CSF,0.6416570174056485
MS,CSF_27,GCTGGGTCAGCTGCAC-1-1,CSF,-0.07157349201915446
MS,CSF_27,GCTTCCACAGCTGCTG-1-1,CSF,-0.07157349201915446
MS,CSF_27,GCTTGAAAGCCCAATT-1-1,CSF,-0.07157349201915446
MS,CSF_27,GCTTGAACAGGCTCAC-1-1,CSF,-0.19152826312752733
MS,CSF_27,GCTTGAAGTCAACTGT-1-1,CSF,0.12583675182403625
MS,CSF_27,GGAAAGCTCCGCAGTG-1-1,CSF,-0.07157349201915446
MS,CSF_27,GGAACTTTCCCACTTG-1-1,CSF,-0.7120929745941487
MS,CSF_27,GGACGTCTCCAGAAGG-1-1,CSF,0.363785490331675
MS,CSF_27,GGATGTTCAAACTGTC-1-1,CSF,0.03163674414671039
MS,CSF_27,GGATGTTGTAGAGTGC-1-1,CSF,-0.24120191682486475
MS,CSF_27,GGATGTTGTATTAGCC-1-1,CSF,-0.07157349201915446
MS,CSF_27,GGATTACAGAATGTTG-1-1,CSF,-0.28330002555681105
MS,CSF_27,GGCAATTTCCGCGTTT-1-1,CSF,-0.07157349201915446
MS,CSF_27,GGCCGATGTTTGTGTG-1-1,CSF,-0.07157349201915446
MS,CSF_27,GGCCGATTCTTCAACT-1-1,CSF,0.777784481327805
MS,CSF_27,GGCGACTAGCTATGCT-1-1,CSF,-0.3540919191584641
MS,CSF_27,GGCGACTTCATAGCAC-1-1,CSF,-0.07157349201915446
MS,CSF_27,GGCTCGAAGACCTAGG-1-1,CSF,-0.2089501199283887
MS,CSF_27,GGCTCGATCCGTAGGC-1-1,CSF,-0.17989500256202007
MS,CSF_27,GGCTGGTAGTTAGGTA-1-2,CSF,-0.07157349201915446
MS,CSF_27,GGGAATGAGACAGACC-1-1,CSF,0.2646716650918231
MS,CSF_27,GGGAATGAGTCGATAA-1-1,CSF,0.15356389336429194
MS,CSF_27,GGGACCTAGTACGCCC-1-1,CSF,-0.07157349201915446
MS,CSF_27,GGGACCTAGTCGATAA-1-1,CSF,-0.1968391394500569
MS,CSF_27,GGGAGATCACTGAAGG-1-1,CSF,-0.4516716733189638
MS,CSF_27,GGGAGATGTACCGGCT-1-1,CSF,0.5507194858265773
MS,CSF_27,GGGAGATTCAAGGTAA-1-1,CSF,0.13913248674795126
MS,CSF_27,GGGATGAGTGATAAGT-1-1,CSF,0.34458385026966526
MS,CSF_27,GGGCACTGTCTGGTCG-1-1,CSF,0.5248536959253495
MS,CSF_27,GGGCACTTCCACGACG-1-1,CSF,-0.01829039268468399
MS,CSF_27,GGGCATCAGTCAAGCG-1-1,CSF,-0.5623012290092393
MS,CSF_27,GGGTCTGTCAGCCTAA-1-1,CSF,-0.07157349201915446
MS,CSF_27,GGGTTGCCACACTGCG-1-1,CSF,0.022003554618819084
MS,CSF_27,GGGTTGCCATACCATG-1-1,CSF,-0.07157349201915446
MS,CSF_27,GGGTTGCGTTCCGTCT-1-1,CSF,-0.23207346060399967
MS,CSF_27,GGTGAAGGTCAACTGT-1-1,CSF,0.40771348356168885
MS,CSF_27,GGTGCGTAGACAAGCC-1-1,CSF,0.1605708746023056
MS,CSF_27,GGTGCGTGTTACCGAT-1-1,CSF,-0.29093842685547117
MS,CSF_27,GGTGTTATCTGGCGAC-1-1,CSF,0.14421518917306836
MS,CSF_27,GTAACTGCAAGCCATT-1-1,CSF,0.13078715137132274
MS,CSF_27,GTAACTGTCTTACCTA-1-1,CSF,0.0725423996343747
MS,CSF_27,GTACGTATCTACTATC-1-1,CSF,-0.07157349201915446
MS,CSF_27,GTACTCCGTCGGCTCA-1-2,CSF,0.16185244469216928
MS,CSF_27,GTACTCCTCTTGCCGT-1-1,CSF,0.2293861677800178
MS,CSF_27,GTACTTTCACGGATAG-1-1,CSF,-0.34665852616140613
MS,CSF_27,GTAGGCCAGTAATCCC-1-1,CSF,-0.20806590791228613
MS,CSF_27,GTAGTCAGTAAGAGAG-1-1,CSF,-0.5584247945053742
MS,CSF_27,GTAGTCAGTACAGTGG-1-1,CSF,0.16633121260698158
MS,CSF_27,GTATCTTAGAGGTTGC-1-1,CSF,0.35857245316354763
MS,CSF_27,GTATCTTCACAAGCCC-1-1,CSF,0.2697180231147591
MS,CSF_27,GTATCTTCACCAGCAC-1-1,CSF,-0.07157349201915446
MS,CSF_27,GTATCTTGTGACTCAT-1-1,CSF,0.008563665759736407
MS,CSF_27,GTATTCTAGACCCACC-1-1,CSF,0.2089628418890451
MS,CSF_27,GTATTCTCAAGCGATG-1-1,CSF,-0.07157349201915446
MS,CSF_27,GTCAAGTGTGACGCCT-1-1,CSF,-0.2781743685779644
MS,CSF_27,GTCACAATCTCGTATT-1-1,CSF,0.6079032599558162
MS,CSF_27,GTCACGGGTATCGCAT-1-1,CSF,0.23774522018800365
MS,CSF_27,GTCGGGTCACATGGGA-1-1,CSF,-0.4403737550789764
MS,CSF_27,GTCGGGTCATGTCCTC-1-2,CSF,0.5348952285910504
MS,CSF_27,GTCGGGTGTCATCGGC-1-1,CSF,-0.2143800360882104
MS,CSF_27,GTCTTCGCATCGACGC-1-1,CSF,0.2551668991866159
MS,CSF_27,GTCTTCGGTAGCGTAG-1-1,CSF,0.1254879629150801
MS,CSF_27,GTGAAGGCATCTACGA-1-1,CSF,-0.22609038497217807
MS,CSF_27,GTGAAGGCATGGGACA-1-1,CSF,-0.40792924697132465
MS,CSF_27,GTGCAGCTCACCTCGT-1-1,CSF,-0.46888753414834566
MS,CSF_27,GTGCATAAGTGTTGAA-1-1,CSF,0.23970567849942734
MS,CSF_27,GTGCATAGTAGCTCCG-1-1,CSF,0.3024926533435027
MS,CSF_27,GTGCGGTGTTTCGCTC-1-1,CSF,-0.07157349201915446
MS,CSF_27,GTGCTTCAGAATGTTG-1-1,CSF,0.16172286397691127
MS,CSF_27,GTGGGTCAGGAGCGTT-1-1,CSF,-0.21047422433243293
MS,CSF_27,GTGGGTCAGGAGTACC-1-1,CSF,-0.07157349201915446
MS,CSF_27,GTGGGTCTCACAAACC-1-1,CSF,0.16400399665915888
MS,CSF_27,GTGTGCGTCAGTCAGT-1-1,CSF,0.30206941951193045
MS,CSF_27,GTGTTAGCAGATCTGT-1-1,CSF,0.601349643061961
MS,CSF_27,GTGTTAGGTCAACTGT-1-1,CSF,-0.07157349201915446
MS,CSF_27,GTGTTAGTCTCGCATC-1-1,CSF,-0.24007878840445612
MS,CSF_27,GTTAAGCAGAACAATC-1-1,CSF,-0.07157349201915446
MS,CSF_27,GTTAAGCCAGTTCCCT-1-1,CSF,-0.2131682645328365
MS,CSF_27,GTTAAGCCATCGATTG-1-1,CSF,0.17072458106053282
MS,CSF_27,GTTAAGCTCACAACGT-1-1,CSF,-0.07157349201915446
MS,CSF_27,GTTACAGCATAACCTG-1-1,CSF,-0.19224835658867065
MS,CSF_27,GTTCATTAGATAGGAG-1-1,CSF,0.9006320302933384
MS,CSF_27,GTTCTCGAGCTACCGC-1-1,CSF,0.19599090582693332
MS,CSF_27,GTTCTCGGTCGCATAT-1-1,CSF,0.5154951299868579
MS,CSF_27,TAAACCGCACGAAACG-1-1,CSF,-0.40714275990591203
MS,CSF_27,TAAACCGGTGGTACAG-1-2,CSF,-0.21343871143564114
MS,CSF_27,TAAGAGAAGGATCGCA-1-2,CSF,-0.21010356432550112
MS,CSF_27,TAAGAGATCGCGTAGC-1-1,CSF,0.16578384613053407
MS,CSF_27,TAAGCGTAGTGGGTTG-1-1,CSF,-0.31041696008315256
MS,CSF_27,TACACGACATTTGCTT-1-1,CSF,-0.07157349201915446
MS,CSF_27,TACACGAGTATATCCG-1-1,CSF,-0.11948589115069821
MS,CSF_27,TACAGTGCATGCCTAA-1-1,CSF,-0.41831595091470647
MS,CSF_27,TACAGTGGTACAAGTA-1-1,CSF,0.17077459411167822
MS,CSF_27,TACCTTAAGGTTACCT-1-1,CSF,0.48393644651082546
MS,CSF_27,TACGGATCAGGTCCAC-1-1,CSF,0.23505796467617612
MS,CSF_27,TACGGATGTCTAGCGC-1-1,CSF,-0.30024305737593016
MS,CSF_27,TACGGGCCAGACACTT-1-1,CSF,-0.07157349201915446
MS,CSF_27,TACGGTAAGAGTACCG-1-1,CSF,-0.07157349201915446
MS,CSF_27,TACGGTATCGACCAGC-1-1,CSF,0.26957869325037287
MS,CSF_27,TACTCATAGGCTCATT-1-1,CSF,0.6232273201755466
MS,CSF_27,TACTCATGTCGGCTCA-1-1,CSF,-0.07157349201915446
MS,CSF_27,TACTCGCAGCGATATA-1-1,CSF,0.2915831067872955
MS,CSF_27,TACTCGCCAGGGATTG-1-1,CSF,0.5777032977866315
MS,CSF_27,TACTTACTCGTTACAG-1-1,CSF,0.42491281462519703
MS,CSF_27,TACTTGTAGAGCCCAA-1-1,CSF,-0.39351461240226854
MS,CSF_27,TACTTGTTCGAGAACG-1-1,CSF,0.5377971169776508
MS,CSF_27,TAGACCATCTATCCCG-1-2,CSF,-0.07157349201915446
MS,CSF_27,TAGAGCTAGATATGCA-1-1,CSF,0.12734778185993614
MS,CSF_27,TAGAGCTGTAATCGTC-1-1,CSF,-0.07157349201915446
MS,CSF_27,TAGAGCTGTGTCAATC-1-1,CSF,0.31573350553029217
MS,CSF_27,TAGCCGGTCCGAATGT-1-1,CSF,-0.07157349201915446
MS,CSF_27,TAGCCGGTCGTTGACA-1-1,CSF,-0.5216015819096144
MS,CSF_27,TAGGCATAGAAGGACA-1-1,CSF,-0.19335343517291786
MS,CSF_27,TAGGCATAGGCAAAGA-1-1,CSF,0.17786274220262732
MS,CSF_27,TAGGCATGTCAAAGCG-1-1,CSF,-0.7094971292448526
MS,CSF_27,TAGTTGGGTCGTTGTA-1-1,CSF,-0.07157349201915446
MS,CSF_27,TAGTTGGTCGTCGTTC-1-1,CSF,-0.07157349201915446
MS,CSF_27,TATCAGGTCGGCTACG-1-1,CSF,-0.07157349201915446
MS,CSF_27,TATGCCCTCAACGGCC-1-1,CSF,0.20889745782403527
MS,CSF_27,TATTACCCATAGTAAG-1-1,CSF,0.2300621401763458
MS,CSF_27,TATTACCGTCCAGTGC-1-1,CSF,-0.003347117993383283
MS,CSF_27,TATTACCTCACGAAGG-1-1,CSF,0.32229732333039546
MS,CSF_27,TCAACGAGTTGTTTGG-1-1,CSF,-0.07157349201915446
MS,CSF_27,TCACAAGAGCTAGCCC-1-2,CSF,0.046315409940315244
MS,CSF_27,TCACAAGCACCGAATT-1-1,CSF,-0.20870002881235988
MS,CSF_27,TCACAAGGTGTGACGA-1-1,CSF,0.15846462802186778
MS,CSF_27,TCACGAACACAAGACG-1-1,CSF,0.15873835171820622
MS,CSF_27,TCACGAATCTTATCTG-1-1,CSF,0.6209417156112905
MS,CSF_27,TCAGATGCAAGGACTG-1-1,CSF,-0.07157349201915446
MS,CSF_27,TCAGATGCAGTCACTA-1-1,CSF,0.06711939308601236
MS,CSF_27,TCAGATGTCGGCTACG-1-1,CSF,0.19177984897752037
MS,CSF_27,TCAGCAAGTGTGCCTG-1-1,CSF,0.3107929869958101
MS,CSF_27,TCAGCAATCTGTCTCG-1-1,CSF,0.12968964428062216
MS,CSF_27,TCAGCTCAGGGATACC-1-1,CSF,0.33634408593980053
MS,CSF_27,TCAGCTCCAAGTCATC-1-1,CSF,0.19854453064830363
MS,CSF_27,TCAGGATAGACTGTAA-1-1,CSF,-0.26873820986286384
MS,CSF_27,TCAGGATAGATGTCGG-1-1,CSF,-0.07157349201915446
MS,CSF_27,TCAGGTAAGAGGACGG-1-1,CSF,-0.07157349201915446
MS,CSF_27,TCAGGTAGTGACGGTA-1-1,CSF,-0.607629917985348
MS,CSF_27,TCATTTGGTTACAGAA-1-1,CSF,-0.6393936747801029
MS,CSF_27,TCCACACCATTGAGCT-1-1,CSF,-0.4069940726820534
MS,CSF_27,TCCACACTCTGTGCAA-1-1,CSF,0.4775194414951485
MS,CSF_27,TCGAGGCAGCTGATAA-1-1,CSF,0.48115766421124334
MS,CSF_27,TCGAGGCAGTGCCATT-1-1,CSF,-0.07157349201915446
MS,CSF_27,TCGAGGCCACGGACAA-1-1,CSF,-0.45689118290767616
MS,CSF_27,TCGCGAGGTAAAGGAG-1-1,CSF,0.18747894936805506
MS,CSF_27,TCGCGTTAGTACATGA-1-1,CSF,-0.22684021667597554
MS,CSF_27,TCGGGACAGGCGCTCT-1-1,CSF,-0.07157349201915446
MS,CSF_27,TCGGGACCAGTATCTG-1-1,CSF,-0.07157349201915446
MS,CSF_27,TCGGTAAAGATCACGG-1-1,CSF,0.22700709175445707
MS,CSF_27,TCGTACCGTAGCCTCG-1-1,CSF,-0.2035384015207487
MS,CSF_27,TCTATTGAGTAGTGCG-1-1,CSF,-0.07157349201915446
MS,CSF_27,TCTATTGCAAGAGTCG-1-1,CSF,-0.25732307524691994
MS,CSF_27,TCTATTGCAAGGACTG-1-1,CSF,0.09692146014222688
MS,CSF_27,TCTATTGCAGGTTTCA-1-1,CSF,-0.21254210326733533
MS,CSF_27,TCTATTGGTACTTGAC-1-1,CSF,-0.07157349201915446
MS,CSF_27,TCTATTGGTCCAGTGC-1-1,CSF,-0.07157349201915446
MS,CSF_27,TCTCATACAGTCGTGC-1-1,CSF,0.7941651254757295
MS,CSF_27,TCTCTAACAAGCTGAG-1-1,CSF,-0.07157349201915446
MS,CSF_27,TCTGGAACACAGAGGT-1-1,CSF,0.19180261221641987
MS,CSF_27,TCTTCGGAGAGCCTAG-1-1,CSF,-0.07157349201915446
MS,CSF_27,TCTTCGGCATCCGTGG-1-1,CSF,-0.221257722451667
MS,CSF_27,TCTTCGGTCGCCGTGA-1-1,CSF,0.2562332853904639
MS,CSF_27,TCTTTCCTCGTGACAT-1-1,CSF,-0.6255703484210032
MS,CSF_27,TGACGGCAGTTAGCGG-1-1,CSF,-0.18912659003599255
MS,CSF_27,TGACGGCCAGTATGCT-1-1,CSF,-0.07157349201915446
MS,CSF_27,TGACGGCGTCAAGCGA-1-1,CSF,0.2992438868592191
MS,CSF_27,TGACGGCGTCCTGCTT-1-1,CSF,-0.07157349201915446
MS,CSF_27,TGACTTTGTTTGACTG-1-1,CSF,0.14850195697873847
MS,CSF_27,TGAGAGGCATGAAGTA-1-2,CSF,-0.23814652125970945
MS,CSF_27,TGAGCATTCCAACCAA-1-1,CSF,-0.5899496556171178
MS,CSF_27,TGAGCATTCGCGTAGC-1-1,CSF,0.8672040943347108
MS,CSF_27,TGAGGGAAGACAGAGA-1-1,CSF,-0.2166905885225601
MS,CSF_27,TGAGGGAAGAGTGAGA-1-1,CSF,-0.14631786937764807
MS,CSF_27,TGATTTCTCATGTCTT-1-1,CSF,0.14940239265110147
MS,CSF_27,TGCACCTGTTAGATGA-1-2,CSF,-0.3879181594934734
MS,CSF_27,TGCCAAAAGGAGCGTT-1-1,CSF,-0.3307421022141593
MS,CSF_27,TGCCAAAGTGCGATAG-1-1,CSF,-0.2144412941585718
MS,CSF_27,TGCCAAATCTTCGGTC-1-1,CSF,-0.2829387251918953
MS,CSF_27,TGCCCATGTCCTCTTG-1-1,CSF,-0.07157349201915446
MS,CSF_27,TGCCCTACAAGGTGTG-1-1,CSF,0.3433712439432199
MS,CSF_27,TGCCCTACACCTTGTC-1-1,CSF,-0.07157349201915446
MS,CSF_27,TGCGCAGGTAACGTTC-1-1,CSF,0.1356588288064336
MS,CSF_27,TGCGCAGTCTAGCACA-1-1,CSF,0.26319157737573456
MS,CSF_27,TGCGGGTGTATCTGCA-1-1,CSF,-0.07157349201915446
MS,CSF_27,TGCGGGTGTGAGCGAT-1-1,CSF,0.446288488986193
MS,CSF_27,TGCGTGGCAGGCAGTA-1-1,CSF,0.07995085494548905
MS,CSF_27,TGCTACCAGCCCAACC-1-1,CSF,0.3865213510105202
MS,CSF_27,TGCTACCAGCGCCTCA-1-1,CSF,0.20391172801095456
MS,CSF_27,TGCTACCAGTGAAGAG-1-1,CSF,-0.3088299632899828
MS,CSF_27,TGCTACCCAGCTCGAC-1-1,CSF,-0.26796004439951376
MS,CSF_27,TGCTACCTCGTACGGC-1-1,CSF,-0.07157349201915446
MS,CSF_27,TGGCCAGGTCATCGGC-1-1,CSF,0.1899970374481288
MS,CSF_27,TGGCGCACATGGTAGG-1-1,CSF,0.3024904282460042
MS,CSF_27,TGGCGCACATGTCGAT-1-1,CSF,-0.20823065126946144
MS,CSF_27,TGGCGCAGTCTAGTCA-1-1,CSF,-0.2691129397216825
MS,CSF_27,TGGCGCATCACTCCTG-1-1,CSF,-0.07157349201915446
MS,CSF_27,TGGCTGGCATGCTAGT-1-1,CSF,-0.23471325059046041
MS,CSF_27,TGGCTGGGTCTGATTG-1-1,CSF,0.11936476222208929
MS,CSF_27,TGGGAAGCAGTATAAG-1-1,CSF,-0.4213188534037097
MS,CSF_27,TGGGCGTTCCAAAGTC-1-1,CSF,0.29298382348441826
MS,CSF_27,TGGTTAGTCGCAAACT-1-1,CSF,-0.37019568459064667
MS,CSF_27,TGGTTCCCAAGCGCTC-1-1,CSF,-0.07157349201915446
MS,CSF_27,TGGTTCCGTCAGCTAT-1-1,CSF,-0.20113954030333506
MS,CSF_27,TGTATTCAGGTTCCTA-1-1,CSF,0.4165858345820005
MS,CSF_27,TGTCCCAGTCAGGACA-1-1,CSF,0.16816081320040646
MS,CSF_27,TGTGTTTAGCTAACTC-1-1,CSF,-0.4201056817443137
MS,CSF_27,TGTGTTTGTAGCTAAA-1-1,CSF,0.3251571099229669
MS,CSF_27,TTAGGACCAACACGCC-1-1,CSF,0.20591415384359849
MS,CSF_27,TTAGGACCATTCCTCG-1-1,CSF,0.1758320314517196
MS,CSF_27,TTAGGACTCTTACCTA-1-1,CSF,0.7862752144614386
MS,CSF_27,TTAGGCACATGAAGTA-1-1,CSF,-0.07157349201915446
MS,CSF_27,TTAGTTCAGGGATGGG-1-1,CSF,0.1992491720902618
MS,CSF_27,TTAGTTCGTCGTGGCT-1-1,CSF,-0.21778352765207654
MS,CSF_27,TTAGTTCTCACCATAG-1-1,CSF,-0.07157349201915446
MS,CSF_27,TTCCCAGAGACATAAC-1-1,CSF,0.15397427935623623
MS,CSF_27,TTCCCAGCAGGACCCT-1-1,CSF,0.41153053140515006
MS,CSF_27,TTCCCAGCATGCTGGC-1-1,CSF,-0.282397673040467
MS,CSF_27,TTCCCAGTCAACGGGA-1-1,CSF,-0.5142765099669674
MS,CSF_27,TTCCCAGTCGTTGCCT-1-1,CSF,-0.2102173579915157
MS,CSF_27,TTCCCAGTCTCCTATA-1-1,CSF,-0.26148250362311426
MS,CSF_27,TTCGAAGCAAACAACA-1-2,CSF,-0.07157349201915446
MS,CSF_27,TTCGAAGTCCGAGCCA-1-1,CSF,-0.07157349201915446
MS,CSF_27,TTCGGTCAGGTGCTAG-1-1,CSF,0.19373794938771827
MS,CSF_27,TTCTACAAGGATGGTC-1-1,CSF,0.17106929665512552
MS,CSF_27,TTCTACACAGCTTCGG-1-1,CSF,-0.07157349201915446
MS,CSF_27,TTCTACAGTACATCCA-1-1,CSF,-0.28467832254142156
MS,CSF_27,TTCTACATCACAATGC-1-1,CSF,-0.07157349201915446
MS,CSF_27,TTCTCAACATGCTAGT-1-1,CSF,-0.07157349201915446
MS,CSF_27,TTCTCAATCCACGACG-1-1,CSF,-0.07157349201915446
MS,CSF_27,TTCTCAATCGCTAGCG-1-1,CSF,-0.1372935523296356
MS,CSF_27,TTCTCCTAGCCCTAAT-1-2,CSF,-0.053862758795390646
MS,CSF_27,TTCTCCTCAAGTTCTG-1-1,CSF,-0.2825056178255047
MS,CSF_27,TTCTCCTGTCGCGAAA-1-1,CSF,-0.07157349201915446
MS,CSF_27,TTCTCCTGTCTGCAAT-1-1,CSF,-0.21119386362665363
MS,CSF_27,TTCTTAGGTTTGTTTC-1-1,CSF,-0.4467927784188098
MS,CSF_27,TTGACTTTCTAACCGA-1-1,CSF,-0.9538939927361882
MS,CSF_27,TTGACTTTCTCCGGTT-1-1,CSF,-0.07157349201915446
MS,CSF_27,TTGCCGTAGCTAGGCA-1-1,CSF,0.045876833875171004
MS,CSF_27,TTGCCGTAGGGCTTGA-1-1,CSF,-0.07157349201915446
MS,CSF_27,TTGCCGTTCACAAACC-1-1,CSF,-0.2897202308216952
MS,CSF_27,TTGGAACAGGCATGGT-1-1,CSF,0.6529899810340873
MS,CSF_27,TTGGAACCAAACCTAC-1-1,CSF,-0.6667712424309228
MS,CSF_27,TTGGAACGTCTTGCGG-1-1,CSF,-0.07157349201915446
MS,CSF_27,TTTACTGAGCGAGAAA-1-1,CSF,-0.4147391487259431
MS,CSF_27,TTTACTGCATGCCTAA-1-1,CSF,-0.8798164844995257
MS,CSF_27,TTTATGCAGCGTAATA-1-1,CSF,0.2743475730030726
MS,CSF_27,TTTATGCCACCGTTGG-1-1,CSF,0.11050985441612769
MS,CSF_27,TTTCCTCTCTTACCTA-1-1,CSF,-0.20962245309683306
MS,CSF_27,TTTGCGCTCTGACCTC-1-1,CSF,0.6634876579562422
MS,CSF_27,TTTGGTTCAAATCCGT-1-1,CSF,0.2756576077182284
MS,CSF_27,TTTGGTTCAGTCAGAG-1-1,CSF,-0.07157349201915446
MS,CSF_27,TTTGTCAAGAAACGCC-1-1,CSF,0.10680048687513626
MS,CSF_27,TTTGTCACAAGAAAGG-1-1,CSF,0.1958366408536904
MS,CSF_27,TTTGTCAGTAAGTTCC-1-1,CSF,0.21801004929398063
MS,CSF_27,TTTGTCAGTCTCGTTC-1-1,CSF,-0.060383282634447415
MS,CSF_27,TTTGTCAGTGCACCAC-1-1,CSF,-0.07157349201915446
MS,CSF_28,AAACGGGCAGCCTTGG-1,CSF,-0.07157349201915446
MS,CSF_28,AAACGGGTCGACAGCC-1,CSF,0.14399899070161085
MS,CSF_28,AAAGTAGGTTCCACAA-1,CSF,-0.07157349201915446
MS,CSF_28,AAAGTAGTCGATCCCT-1,CSF,-0.26628114949600046
MS,CSF_28,AAATGCCAGCGGATCA-1,CSF,-0.07157349201915446
MS,CSF_28,AAATGCCAGGCGTACA-1,CSF,-0.33060949203673023
MS,CSF_28,AAATGCCCAGCCTATA-1,CSF,0.07253053970784697
MS,CSF_28,AAATGCCGTAGCTGCC-1,CSF,-0.07157349201915446
MS,CSF_28,AAATGCCGTGTTCGAT-1,CSF,0.08690122757411942
MS,CSF_28,AACACGTGTAAGTAGT-1,CSF,-0.5967150085034686
MS,CSF_28,AACACGTTCAGCTCGG-1,CSF,-0.07157349201915446
MS,CSF_28,AACCATGAGACAGACC-1,CSF,-0.07157349201915446
MS,CSF_28,AACCGCGAGATTACCC-1,CSF,-0.5753678838266237
MS,CSF_28,AACCGCGTCTCAAGTG-1-1,CSF,0.24406622129889197
MS,CSF_28,AACGTTGCAACTTGAC-1,CSF,0.3218503194257615
MS,CSF_28,AACTCAGAGCTCTCGG-1,CSF,-0.039553650976613106
MS,CSF_28,AACTCTTAGCGTCTAT-1,CSF,-0.050752897255130706
MS,CSF_28,AACTGGTAGCTAACAA-1,CSF,-0.07157349201915446
MS,CSF_28,AACTTTCAGCTAAACA-1,CSF,-0.07157349201915446
MS,CSF_28,AACTTTCCACGCATCG-1,CSF,-0.3008751831679483
MS,CSF_28,AAGACCTGTGACTACT-1,CSF,-0.07157349201915446
MS,CSF_28,AAGCCGCGTAGATTAG-1,CSF,-0.5037079437465959
MS,CSF_28,AAGGAGCCACGTTGGC-1,CSF,0.2668729715969554
MS,CSF_28,AAGGAGCGTTACGTCA-1,CSF,0.16315909926570438
MS,CSF_28,AAGGTTCAGCTAGGCA-1,CSF,-0.48572317933108866
MS,CSF_28,AAGGTTCTCTTCATGT-1,CSF,-0.07157349201915446
MS,CSF_28,AAGTCTGGTACGACCC-1,CSF,0.6372839902592696
MS,CSF_28,AAGTCTGTCAGGATCT-1,CSF,0.5836484758910078
MS,CSF_28,AATCGGTCATGGATGG-1,CSF,-0.07157349201915446
MS,CSF_28,AATCGGTGTGAAGGCT-1,CSF,-0.07157349201915446
MS,CSF_28,AATCGGTGTGCAGTAG-1,CSF,-0.043377975593393105
MS,CSF_28,AATCGGTTCGTCGTTC-1,CSF,0.30766619613767626
MS,CSF_28,AATCGGTTCTGCAAGT-1,CSF,0.47882559597111063
MS,CSF_28,ACACCCTAGATGTCGG-1,CSF,-0.07157349201915446
MS,CSF_28,ACACCCTAGTGCCAGA-1,CSF,0.3871832618554844
MS,CSF_28,ACACCCTCACCCAGTG-1,CSF,0.323021774030861
MS,CSF_28,ACACCCTGTAAGCACG-1,CSF,-0.07157349201915446
MS,CSF_28,ACACCCTGTGCAGGTA-1,CSF,0.0073113462069268175
MS,CSF_28,ACACCCTGTTATCGGT-1,CSF,-0.07157349201915446
MS,CSF_28,ACACCCTTCAGTTGAC-1,CSF,0.4458953860261615
MS,CSF_28,ACACCCTTCCGCGGTA-1,CSF,-0.07157349201915446
MS,CSF_28,ACACCGGAGATATGCA-1,CSF,0.8734288601992105
MS,CSF_28,ACACCGGAGATGCCTT-1,CSF,-0.0845640033649457
MS,CSF_28,ACACCGGTCCAGATCA-1,CSF,0.04899799550182227
MS,CSF_28,ACACTGAAGAAGGCCT-1-1,CSF,0.5294039492257154
MS,CSF_28,ACAGCCGAGCTACCTA-1,CSF,0.8699785467092835
MS,CSF_28,ACAGCTACATGCCACG-1-1,CSF,0.24514916011498608
MS,CSF_28,ACATACGGTCTTGCGG-1,CSF,0.18540904985290493
MS,CSF_28,ACATACGGTGCGATAG-1,CSF,-0.48453907296765186
MS,CSF_28,ACATCAGGTTTGACTG-1,CSF,-0.07157349201915446
MS,CSF_28,ACATCAGTCGCTTAGA-1,CSF,-0.07157349201915446
MS,CSF_28,ACATCAGTCGGACAAG-1,CSF,-0.07157349201915446
MS,CSF_28,ACATCAGTCGGTCCGA-1,CSF,0.5751693731699474
MS,CSF_28,ACATGGTCATGCATGT-1,CSF,0.057669342561006705
MS,CSF_28,ACATGGTGTTTAGCTG-1,CSF,-0.5032300666212622
MS,CSF_28,ACATGGTTCGGTTCGG-1,CSF,0.19542628222583996
MS,CSF_28,ACCAGTAGTAGCGTGA-1-2,CSF,0.6321996154805267
MS,CSF_28,ACCAGTATCGCGGATC-1,CSF,-0.07157349201915446
MS,CSF_28,ACCCACTCAAAGCAAT-1,CSF,-0.07157349201915446
MS,CSF_28,ACCCACTTCTACTCAT-1,CSF,0.12032036493913516
MS,CSF_28,ACCGTAAAGTAGGTGC-1,CSF,-0.07157349201915446
MS,CSF_28,ACCGTAACAGACGCCT-1-2,CSF,0.31375715765253903
MS,CSF_28,ACCGTAAGTCCAGTTA-1,CSF,0.6486832225969029
MS,CSF_28,ACCTTTAAGACTAGGC-1,CSF,0.8417954355556329
MS,CSF_28,ACCTTTACACGGTAGA-1,CSF,0.2455508747430971
MS,CSF_28,ACGAGCCTCAGTTAGC-1,CSF,-0.07157349201915446
MS,CSF_28,ACGAGGATCCAGATCA-1,CSF,-0.07157349201915446
MS,CSF_28,ACGATACCACGGTAGA-1,CSF,0.46409320896216394
MS,CSF_28,ACGATGTTCTAACTCT-1,CSF,-0.07157349201915446
MS,CSF_28,ACGCAGCAGAAGGTTT-1,CSF,0.18688537625697127
MS,CSF_28,ACGCAGCAGCCAGAAC-1,CSF,-0.1385869341056281
MS,CSF_28,ACGCAGCCAAGCCGTC-1-1,CSF,-0.43298518578548817
MS,CSF_28,ACGCCGACACACCGAC-1,CSF,-0.336334457748142
MS,CSF_28,ACGCCGAGTGTCCTCT-1,CSF,0.13780982174527884
MS,CSF_28,ACGCCGATCAACACAC-1,CSF,0.12174931477086991
MS,CSF_28,ACGGAGAGTACCGGCT-1,CSF,0.1850389036293382
MS,CSF_28,ACGGAGATCTCCAGGG-1,CSF,-0.2532213665242967
MS,CSF_28,ACGGCCAAGCAGACTG-1,CSF,0.37873170644999343
MS,CSF_28,ACGGCCACATCTCGCT-1,CSF,-0.07157349201915446
MS,CSF_28,ACGGGCTAGCCAGTTT-1,CSF,0.05395814656119254
MS,CSF_28,ACGGGCTCATCCTTGC-1,CSF,-0.07157349201915446
MS,CSF_28,ACGGGCTTCATGTGGT-1,CSF,-0.07157349201915446
MS,CSF_28,ACTATCTAGATGCGAC-1,CSF,0.19475382100967592
MS,CSF_28,ACTATCTCAGATCCAT-1,CSF,0.13301618338648852
MS,CSF_28,ACTATCTGTATCACCA-1,CSF,-0.07157349201915446
MS,CSF_28,ACTGAGTCATAGTAAG-1,CSF,-0.39269854530723064
MS,CSF_28,ACTGAGTGTATATGAG-1,CSF,0.21992257755665184
MS,CSF_28,ACTGCTCAGATTACCC-1,CSF,0.25775953436679044
MS,CSF_28,ACTGTCCGTGTGGCTC-1,CSF,-0.21272030673795564
MS,CSF_28,ACTGTCCTCATCTGCC-1,CSF,0.3804411029266766
MS,CSF_28,ACTTACTAGACGCACA-1,CSF,-0.07157349201915446
MS,CSF_28,ACTTACTAGCGCCTCA-1,CSF,0.17489779863836116
MS,CSF_28,ACTTACTAGGAATTAC-1,CSF,-0.07157349201915446
MS,CSF_28,ACTTACTGTAGCGTAG-1,CSF,-0.07157349201915446
MS,CSF_28,ACTTACTGTCTCTCTG-1,CSF,0.35166031232308265
MS,CSF_28,ACTTACTGTGCGATAG-1,CSF,-0.4213188534037097
MS,CSF_28,ACTTACTTCTGCCCTA-1,CSF,0.5044102248755638
MS,CSF_28,ACTTGTTGTATCAGTC-1,CSF,0.01530439969861676
MS,CSF_28,AGAATAGTCACTTCAT-1,CSF,0.25277132451700873
MS,CSF_28,AGACGTTGTATCACCA-1,CSF,-0.7441665255634051
MS,CSF_28,AGAGCGACAATAGCAA-1-1,CSF,-0.1823473047964594
MS,CSF_28,AGAGCGAGTCTAGTGT-1,CSF,-0.07157349201915446
MS,CSF_28,AGAGCTTCAATGGATA-1,CSF,-0.07157349201915446
MS,CSF_28,AGAGTGGAGGTCGGAT-1,CSF,-0.07157349201915446
MS,CSF_28,AGAGTGGGTTGACGTT-1,CSF,-0.07157349201915446
MS,CSF_28,AGAGTGGTCAGCCTAA-1,CSF,0.4925095128340956
MS,CSF_28,AGATCTGCACTTCTGC-1,CSF,-0.23698189523218863
MS,CSF_28,AGATTGCAGTGCGATG-1,CSF,0.313741778610752
MS,CSF_28,AGATTGCTCAAAGTAG-1,CSF,-0.07157349201915446
MS,CSF_28,AGCAGCCAGATCGATA-1,CSF,-0.07157349201915446
MS,CSF_28,AGCATACAGTTCGATC-1,CSF,-0.07157349201915446
MS,CSF_28,AGCCTAAAGTGTCCAT-1,CSF,0.09705730893796397
MS,CSF_28,AGCCTAACAAAGTCAA-1,CSF,-0.07157349201915446
MS,CSF_28,AGCCTAACAAATTGCC-1,CSF,0.0514896003087678
MS,CSF_28,AGCCTAAGTTAAGACA-1,CSF,0.10956386708024028
MS,CSF_28,AGCGGTCAGCGAAGGG-1-2,CSF,-0.07157349201915446
MS,CSF_28,AGCGTATCACCGTTGG-1,CSF,0.2162591318724662
MS,CSF_28,AGCGTATTCACCTTAT-1,CSF,0.022298094048969097
MS,CSF_28,AGCTCCTAGGTGATAT-1,CSF,-0.07157349201915446
MS,CSF_28,AGCTCCTCAAGTTGTC-1,CSF,-0.07157349201915446
MS,CSF_28,AGCTCCTCATTCACTT-1,CSF,-0.16535917295417946
MS,CSF_28,AGCTCTCCACAGGTTT-1,CSF,0.21062338707627898
MS,CSF_28,AGCTCTCGTCTTGTCC-1,CSF,-0.44246607247220276
MS,CSF_28,AGCTCTCTCGTAGATC-1,CSF,-1.195763840529916
MS,CSF_28,AGCTTGAGTGCACCAC-1,CSF,-0.07157349201915446
MS,CSF_28,AGGGAGTCACCCAGTG-1,CSF,-0.4017470273396356
MS,CSF_28,AGGGAGTGTAGCGCAA-1,CSF,-0.07157349201915446
MS,CSF_28,AGGGATGGTCGTTGTA-1,CSF,-0.07157349201915446
MS,CSF_28,AGGTCATAGGATGGAA-1,CSF,-0.07157349201915446
MS,CSF_28,AGGTCATGTTCAGCGC-1,CSF,-0.07157349201915446
MS,CSF_28,AGGTCCGAGTCACGCC-1,CSF,-0.07157349201915446
MS,CSF_28,AGGTCCGCAGTAAGCG-1,CSF,-0.8971830420634223
MS,CSF_28,AGGTCCGTCCAGGGCT-1,CSF,-0.07157349201915446
MS,CSF_28,AGGTCCGTCCTTGACC-1,CSF,0.2537441646481656
MS,CSF_28,AGTAGTCGTAGGAGTC-1,CSF,0.28605878034749754
MS,CSF_28,AGTAGTCGTGAAAGAG-1,CSF,0.9462358590643485
MS,CSF_28,AGTCTTTAGTCAATAG-1,CSF,-1.086095252319605
MS,CSF_28,AGTGAGGAGCTGAACG-1,CSF,-0.2459726588085809
MS,CSF_28,AGTGAGGCATACTCTT-1,CSF,0.21627451811343873
MS,CSF_28,AGTGAGGTCGTAGGAG-1,CSF,-0.07157349201915446
MS,CSF_28,AGTGGGACAAAGGTGC-1,CSF,0.24551514890738677
MS,CSF_28,AGTGGGACAAAGTCAA-1,CSF,-0.04687779909510786
MS,CSF_28,AGTGGGACATGAGCGA-1,CSF,-0.07157349201915446
MS,CSF_28,AGTGTCAAGCCGCCTA-1,CSF,-0.07157349201915446
MS,CSF_28,AGTGTCAAGCGATGAC-1,CSF,0.037678010532454294
MS,CSF_28,AGTGTCAGTCCAGTAT-1,CSF,-0.07157349201915446
MS,CSF_28,ATAAGAGAGACACGAC-1,CSF,0.19325077714185518
MS,CSF_28,ATAAGAGAGCAGCCTC-1-1,CSF,-0.300118549763767
MS,CSF_28,ATCACGAAGACAGGCT-1,CSF,-0.22339363468181914
MS,CSF_28,ATCACGAGTGTTAAGA-1,CSF,-0.00676928670360125
MS,CSF_28,ATCACGATCCCTGACT-1,CSF,0.5592840091066663
MS,CSF_28,ATCATCTTCACAATGC-1,CSF,0.22132787800924664
MS,CSF_28,ATCATCTTCTGGTATG-1,CSF,-0.23707073599587344
MS,CSF_28,ATCATGGAGCGGATCA-1,CSF,0.2755600451124294
MS,CSF_28,ATCATGGGTAATCGTC-1,CSF,0.4204506789961889
MS,CSF_28,ATCCACCAGACCACGA-1,CSF,0.0329342659329533
MS,CSF_28,ATCCACCTCATCGATG-1,CSF,-0.07157349201915446
MS,CSF_28,ATCCGAACAAGCGTAG-1,CSF,-0.1644822713622745
MS,CSF_28,ATCGAGTTCACCCTCA-1,CSF,-0.29019687255764637
MS,CSF_28,ATGAGGGGTTCGCGAC-1,CSF,0.16787458492849663
MS,CSF_28,ATGAGGGTCAGCTCTC-1,CSF,-0.2521374114432521
MS,CSF_28,ATGCGATTCTTGGGTA-1,CSF,0.061136943243658814
MS,CSF_28,ATGGGAGCAGGGATTG-1,CSF,-0.2280209225705649
MS,CSF_28,ATGTGTGTCGAATGGG-1,CSF,-0.07157349201915446
MS,CSF_28,ATTACTCAGCCTCGTG-1,CSF,0.3740842905214855
MS,CSF_28,ATTATCCAGCGTGAAC-1,CSF,0.640696433899053
MS,CSF_28,ATTATCCTCCACGTGG-1,CSF,-0.07157349201915446
MS,CSF_28,ATTCTACAGGCGCTCT-1,CSF,-0.2278672905822065
MS,CSF_28,ATTCTACGTGTCGCTG-1,CSF,0.058115217878011105
MS,CSF_28,ATTGGACAGGCTAGGT-1,CSF,-0.22373430723245155
MS,CSF_28,ATTGGTGCATCAGTCA-1,CSF,-0.720621982493222
MS,CSF_28,ATTTCTGAGTTTAGGA-1,CSF,-0.24366645255553002
MS,CSF_28,ATTTCTGCAGGGTACA-1,CSF,-0.07157349201915446
MS,CSF_28,ATTTCTGTCGTCACGG-1,CSF,-0.10905093526568858
MS,CSF_28,CAACCAACATGATCCA-1,CSF,0.5160087749670857
MS,CSF_28,CAACCTCGTGATAAAC-1,CSF,-0.35403485470471097
MS,CSF_28,CAACCTCGTGCCTGGT-1,CSF,-0.44527142002375053
MS,CSF_28,CAACTAGCATCCCATC-1,CSF,-0.07157349201915446
MS,CSF_28,CAAGAAAAGGGCTTGA-1,CSF,-0.07157349201915446
MS,CSF_28,CAAGAAACAGTAGAGC-1,CSF,-0.4790815985537904
MS,CSF_28,CAAGGCCAGGCATGGT-1,CSF,-0.07157349201915446
MS,CSF_28,CAAGGCCCACATCCGG-1,CSF,-0.6409431931960322
MS,CSF_28,CAAGGCCGTCTGCGGT-1,CSF,-0.07157349201915446
MS,CSF_28,CAAGGCCTCTGCTGTC-1,CSF,-0.4206333511316414
MS,CSF_28,CAAGTTGGTATTCTCT-1,CSF,0.3541225368878174
MS,CSF_28,CACACAAAGCAGCCTC-1,CSF,-0.07157349201915446
MS,CSF_28,CACACAACATTGGCGC-1,CSF,-0.21972947261372808
MS,CSF_28,CACACCTCATGGGACA-1,CSF,-0.07157349201915446
MS,CSF_28,CACACCTTCCCTAATT-1,CSF,-0.07157349201915446
MS,CSF_28,CACACTCGTCGCTTTC-1,CSF,-0.07157349201915446
MS,CSF_28,CACACTCGTGATGCCC-1,CSF,-0.1168072875195885
MS,CSF_28,CACAGGCGTATATCCG-1,CSF,0.321497549895005
MS,CSF_28,CACAGTAAGTAAGTAC-1,CSF,-0.07157349201915446
MS,CSF_28,CACAGTAGTTCACCTC-1,CSF,-0.019003304181535063
MS,CSF_28,CACATTTCATAGAAAC-1,CSF,-0.07157349201915446
MS,CSF_28,CACCACTAGTAGCGGT-1,CSF,-0.2180331399355655
MS,CSF_28,CACCACTAGTGAAGAG-1,CSF,-0.07157349201915446
MS,CSF_28,CACCACTCACGACGAA-1,CSF,0.18235354720015087
MS,CSF_28,CACCACTGTATGAAAC-1,CSF,-0.07157349201915446
MS,CSF_28,CACCACTGTCGTCTTC-1,CSF,0.6598665514920647
MS,CSF_28,CACCAGGAGCGTTCCG-1,CSF,-0.07157349201915446
MS,CSF_28,CACCAGGGTAGCAAAT-1,CSF,-0.07157349201915446
MS,CSF_28,CACCAGGGTAGCGTCC-1,CSF,-0.07157349201915446
MS,CSF_28,CACCAGGTCCTGTACC-1,CSF,0.3296337407911111
MS,CSF_28,CACCTTGGTTCAGACT-1,CSF,0.22153585192587796
MS,CSF_28,CACTCCACACCGAAAG-1,CSF,0.3850047988286918
MS,CSF_28,CACTCCATCAAACAAG-1,CSF,-0.2563994589028384
MS,CSF_28,CAGAATCAGATCGGGT-1,CSF,-0.07157349201915446
MS,CSF_28,CAGAATCCACCCTATC-1,CSF,-0.07157349201915446
MS,CSF_28,CAGAATCGTCGACTAT-1,CSF,-0.07157349201915446
MS,CSF_28,CAGAATCTCGTTTATC-1,CSF,0.24789840138426733
MS,CSF_28,CAGAGAGCATGGATGG-1,CSF,0.12199757818303296
MS,CSF_28,CAGATCAAGCGTTCCG-1,CSF,0.371557054366193
MS,CSF_28,CAGATCAGTAAGAGAG-1,CSF,-0.13919057829858153
MS,CSF_28,CAGCAGCGTGCTCTTC-1,CSF,-0.07157349201915446
MS,CSF_28,CAGCATAAGAAGGTGA-1,CSF,-0.07157349201915446
MS,CSF_28,CAGCATAAGGACAGAA-1,CSF,-0.0774358320721342
MS,CSF_28,CAGCATATCGCCCTTA-1,CSF,-0.07157349201915446
MS,CSF_28,CAGCCGAAGGAGTACC-1,CSF,0.00530028059900957
MS,CSF_28,CAGCCGAGTCCAGTAT-1,CSF,0.8561504949896298
MS,CSF_28,CAGCCGATCGATCCCT-1,CSF,-0.07157349201915446
MS,CSF_28,CAGCGACAGACTAGAT-1,CSF,-0.07157349201915446
MS,CSF_28,CAGCGACGTTGTACAC-1,CSF,0.3267465472931224
MS,CSF_28,CAGCTAAAGAAGGACA-1,CSF,-0.2121431278390551
MS,CSF_28,CAGCTAACATTTCACT-1,CSF,-0.07157349201915446
MS,CSF_28,CAGCTGGTCAGTACGT-1,CSF,-0.5677146448041024
MS,CSF_28,CAGGTGCGTTGGAGGT-1,CSF,-0.07157349201915446
MS,CSF_28,CAGTAACCAGGATCGA-1,CSF,-0.3212449857491955
MS,CSF_28,CAGTAACCATAGACTC-1,CSF,-0.2538220429068473
MS,CSF_28,CAGTCCTTCTGGCGTG-1,CSF,-0.22653917586878594
MS,CSF_28,CATATTCCAATGTAAG-1,CSF,-0.04767759865276836
MS,CSF_28,CATATTCCATTGGCGC-1,CSF,-0.5792673318585556
MS,CSF_28,CATATTCTCCATGAGT-1,CSF,-0.07157349201915446
MS,CSF_28,CATCAAGGTACTCAAC-1,CSF,0.2187648101008877
MS,CSF_28,CATCAAGTCCGCATAA-1,CSF,-0.07157349201915446
MS,CSF_28,CATCAGAAGCCCAATT-1,CSF,0.39625327169111463
MS,CSF_28,CATCCACCAATCCGAT-1,CSF,-0.07157349201915446
MS,CSF_28,CATCCACGTCATACTG-1,CSF,-0.35486955687942523
MS,CSF_28,CATCCACTCGAGCCCA-1,CSF,-0.07157349201915446
MS,CSF_28,CATCGAATCAAGAAGT-1,CSF,0.13041809141695337
MS,CSF_28,CATCGAATCTGAGGGA-1,CSF,-0.07157349201915446
MS,CSF_28,CATCGGGGTAGCGCTC-1,CSF,-0.07157349201915446
MS,CSF_28,CATGACAAGTCAAGGC-1,CSF,-0.2246541978937598
MS,CSF_28,CATGACAGTCCCGACA-1,CSF,0.11862779402423536
MS,CSF_28,CATGACATCAACACCA-1,CSF,-0.2175568537207361
MS,CSF_28,CATGCCTAGGGTGTGT-1,CSF,0.17598624399316246
MS,CSF_28,CATGCCTCACTGTGTA-1,CSF,-0.1282406230581316
MS,CSF_28,CATGCCTCAGACAGGT-1,CSF,-0.07157349201915446
MS,CSF_28,CATGCCTTCCGGCACA-1,CSF,-0.5627742684442644
MS,CSF_28,CATGGCGAGACTAAGT-1,CSF,0.14466102591525903
MS,CSF_28,CATGGCGAGATCCGAG-1,CSF,-0.07157349201915446
MS,CSF_28,CATTATCAGGTAAACT-1,CSF,-0.15077212604903448
MS,CSF_28,CATTCGCGTCTGCCAG-1,CSF,0.4247206324934146
MS,CSF_28,CCAATCCTCTGACCTC-1,CSF,-0.23546693841172703
MS,CSF_28,CCACCTAAGTCTCGGC-1,CSF,0.2818788607991947
MS,CSF_28,CCACGGACATACGCCG-1,CSF,0.35877842402967025
MS,CSF_28,CCACGGACATTTCAGG-1,CSF,-0.26440853756106697
MS,CSF_28,CCACGGATCTCTGTCG-1,CSF,-0.28692199758564935
MS,CSF_28,CCACTACAGCCCAATT-1,CSF,-0.07157349201915446
MS,CSF_28,CCACTACGTGAACCTT-1,CSF,0.16880611770903028
MS,CSF_28,CCAGCGAAGAGCCCAA-1,CSF,0.1617005872517063
MS,CSF_28,CCATTCGGTTCCACAA-1,CSF,-0.22957869231427683
MS,CSF_28,CCCAATCCATTTCACT-1,CSF,-0.6897142842168581
MS,CSF_28,CCCAGTTAGCGTCTAT-1,CSF,0.19841691505890122
MS,CSF_28,CCCAGTTTCTCTTATG-1,CSF,0.18717168462305325
MS,CSF_28,CCCTCCTAGTGTACGG-1,CSF,-0.07157349201915446
MS,CSF_28,CCCTCCTGTTATGCGT-1,CSF,0.21506424246759748
MS,CSF_28,CCCTCCTTCAACGGCC-1,CSF,-0.07157349201915446
MS,CSF_28,CCGGGATGTACAAGTA-1,CSF,-0.21624639474150614
MS,CSF_28,CCGGGATGTTACTGAC-1,CSF,-0.5086330118799687
MS,CSF_28,CCGGTAGCACGGTAGA-1,CSF,-0.07157349201915446
MS,CSF_28,CCGGTAGTCCAAATGC-1,CSF,-0.41385221901489905
MS,CSF_28,CCGTACTCATGGGAAC-1,CSF,-0.07157349201915446
MS,CSF_28,CCGTGGAGTTACCGAT-1,CSF,0.03865223375304521
MS,CSF_28,CCGTTCAAGCTCTCGG-1,CSF,-0.3618673653999762
MS,CSF_28,CCTACACCACTTAAGC-1,CSF,0.28854636357852975
MS,CSF_28,CCTACCACATCTCGCT-1,CSF,-0.07157349201915446
MS,CSF_28,CCTACCAGTCAATGTC-1,CSF,-0.07157349201915446
MS,CSF_28,CCTAGCTCATGCCTTC-1,CSF,-0.07157349201915446
MS,CSF_28,CCTATTAGTCACCCAG-1,CSF,-0.562378231654004
MS,CSF_28,CCTTACGCATGCATGT-1,CSF,0.2515858163561148
MS,CSF_28,CCTTACGGTCAATACC-1,CSF,0.30489700522920204
MS,CSF_28,CCTTCCCAGAGTACCG-1,CSF,0.02366573423071096
MS,CSF_28,CCTTCCCAGGCTAGGT-1,CSF,-0.5669760315408735
MS,CSF_28,CCTTCCCCAAGCCGCT-1,CSF,-0.24684601039012163
MS,CSF_28,CCTTCCCGTGTAACGG-1,CSF,-0.22564485622088687
MS,CSF_28,CCTTCGAAGATGTTAG-1,CSF,0.4197396982068846
MS,CSF_28,CCTTCGAGTCGAGATG-1,CSF,0.31599039482229835
MS,CSF_28,CCTTCGATCAACACAC-1,CSF,-0.7066320512352818
MS,CSF_28,CGACCTTAGGTGGGTT-1,CSF,0.4990622981069079
MS,CSF_28,CGACTTCAGAGTCTGG-1,CSF,0.19689720859936793
MS,CSF_28,CGACTTCCAACACCTA-1,CSF,-0.47891607679150755
MS,CSF_28,CGACTTCCATGGTAGG-1,CSF,-0.28841690327976716
MS,CSF_28,CGAGAAGCATGACATC-1,CSF,0.28060510482124734
MS,CSF_28,CGAGAAGGTGAAAGAG-1,CSF,0.5142211469337042
MS,CSF_28,CGAGAAGTCTGGAGCC-1,CSF,-0.6190883485249354
MS,CSF_28,CGAGCACAGGCATTGG-1,CSF,-0.07157349201915446
MS,CSF_28,CGAGCACTCAATAAGG-1-2,CSF,0.285811367612416
MS,CSF_28,CGAGCCAGTAAGCACG-1,CSF,0.18797759360433103
MS,CSF_28,CGATCGGCAACTGCTA-1,CSF,-0.2207098526737652
MS,CSF_28,CGATGGCCAGGATTGG-1,CSF,-0.07157349201915446
MS,CSF_28,CGATGGCGTCGACTGC-1,CSF,-0.07157349201915446
MS,CSF_28,CGATGTAAGCCACGCT-1,CSF,0.6154787996373721
MS,CSF_28,CGATTGAGTCGAATCT-1,CSF,-0.39466556238636114
MS,CSF_28,CGCGGTAAGCCACGCT-1,CSF,-0.07157349201915446
MS,CSF_28,CGCGGTAAGCCAGTAG-1,CSF,-0.07157349201915446
MS,CSF_28,CGCGGTACATAAGACA-1,CSF,-0.07157349201915446
MS,CSF_28,CGCTATCCAGACACTT-1,CSF,-0.23536055882296816
MS,CSF_28,CGCTATCGTACAGACG-1,CSF,-0.7083188228485964
MS,CSF_28,CGCTGGATCGAATGCT-1,CSF,0.2455708753430969
MS,CSF_28,CGCTTCAGTCAACATC-1,CSF,0.07900099644059985
MS,CSF_28,CGCTTCATCAAACGGG-1,CSF,-0.07157349201915446
MS,CSF_28,CGGACACAGAGCTGCA-1,CSF,-0.9835749017124057
MS,CSF_28,CGGACACCAGTGACAG-1,CSF,0.32211477341364153
MS,CSF_28,CGGACACGTCATCCCT-1,CSF,-0.07157349201915446
MS,CSF_28,CGGACGTAGACACGAC-1,CSF,0.37568449785202745
MS,CSF_28,CGGACGTAGCCACCTG-1,CSF,-0.07157349201915446
MS,CSF_28,CGGACGTCAGTTAACC-1,CSF,0.23465097754453992
MS,CSF_28,CGGACTGCATCAGTCA-1,CSF,-0.07157349201915446
MS,CSF_28,CGGACTGGTCTCGTTC-1,CSF,-0.07157349201915446
MS,CSF_28,CGGAGCTGTCCAGTGC-1,CSF,0.08129058468688476
MS,CSF_28,CGGAGTCAGTAAGTAC-1,CSF,-0.37198371606054526
MS,CSF_28,CGGAGTCGTAGCGCAA-1,CSF,-0.07157349201915446
MS,CSF_28,CGGCTAGAGAATCTCC-1,CSF,-0.24430996843411568
MS,CSF_28,CGGCTAGAGATGTAAC-1,CSF,0.08629843833252827
MS,CSF_28,CGGTTAAAGAAAGTGG-1,CSF,0.39589064187240197
MS,CSF_28,CGTAGCGGTAAACCTC-1,CSF,0.08074260571602691
MS,CSF_28,CGTAGCGTCAGTGCAT-1,CSF,0.5453423245232042
MS,CSF_28,CGTAGCGTCCGATATG-1-1,CSF,-0.27206585701612507
MS,CSF_28,CGTAGCGTCGAATGGG-1,CSF,-0.07157349201915446
MS,CSF_28,CGTCACTCACGGCCAT-1,CSF,-0.07157349201915446
MS,CSF_28,CGTCACTGTCTGATTG-1,CSF,-0.23172546497899085
MS,CSF_28,CGTCACTTCAAACAAG-1,CSF,-0.23649553445890328
MS,CSF_28,CGTCAGGGTGGCAAAC-1,CSF,0.7593566536749387
MS,CSF_28,CGTCCATAGACTGGGT-1,CSF,0.2244563796848098
MS,CSF_28,CGTCTACAGCCACTAT-1,CSF,0.3478000867328791
MS,CSF_28,CGTCTACAGGCATGGT-1,CSF,-0.026538551148012974
MS,CSF_28,CGTCTACAGGGCTTCC-1,CSF,-0.07157349201915446
MS,CSF_28,CGTGAGCCAGGACCCT-1,CSF,-0.07157349201915446
MS,CSF_28,CGTGAGCGTCACACGC-1,CSF,-0.22887281425460723
MS,CSF_28,CGTGTAACACTTAACG-1,CSF,-0.07157349201915446
MS,CSF_28,CGTGTCTGTAAACCTC-1,CSF,0.15613725514646865
MS,CSF_28,CGTTAGAAGACCGGAT-1,CSF,-0.07157349201915446
MS,CSF_28,CGTTAGAAGCGGCTTC-1,CSF,-0.07157349201915446
MS,CSF_28,CGTTAGAGTAACGCGA-1,CSF,0.1623194293980645
MS,CSF_28,CGTTAGATCAACTCTT-1,CSF,0.19347817809092227
MS,CSF_28,CGTTAGATCCGCAGTG-1,CSF,-0.2417255865032022
MS,CSF_28,CGTTCTGCACGACGAA-1,CSF,-0.07157349201915446
MS,CSF_28,CGTTCTGGTCAGATAA-1,CSF,0.07171605234774898
MS,CSF_28,CGTTGGGCACCAACCG-1,CSF,0.27247173276077624
MS,CSF_28,CGTTGGGTCAGTTTGG-1,CSF,-0.07157349201915446
MS,CSF_28,CTAACTTCAGTAGAGC-1,CSF,-0.07157349201915446
MS,CSF_28,CTAACTTGTATGGTTC-1,CSF,-0.17424075323616967
MS,CSF_28,CTAACTTTCAACCATG-1,CSF,-0.2752581919873225
MS,CSF_28,CTAAGACAGCCTATGT-1,CSF,-0.26077812113160526
MS,CSF_28,CTAAGACGTCGCCATG-1-1,CSF,0.2666412438744322
MS,CSF_28,CTAAGACTCCTCATTA-1,CSF,-0.254283360441471
MS,CSF_28,CTAATGGAGTCATGCT-1,CSF,0.36142120119154875
MS,CSF_28,CTACACCCATGGTCAT-1,CSF,-0.19418186613671448
MS,CSF_28,CTACATTGTTCGCGAC-1,CSF,-0.07157349201915446
MS,CSF_28,CTACCCAAGATGCGAC-1,CSF,-0.07157349201915446
MS,CSF_28,CTACCCAAGCTATGCT-1,CSF,-0.07157349201915446
MS,CSF_28,CTACCCACAAGGTGTG-1,CSF,0.7932478731474871
MS,CSF_28,CTACCCAGTTGAGTTC-1,CSF,-0.290621430972641
MS,CSF_28,CTACGTCCATGGGACA-1,CSF,0.20158281767167577
MS,CSF_28,CTAGAGTCAAGTCTAC-1,CSF,0.047225824484195246
MS,CSF_28,CTAGAGTGTTCCACTC-1,CSF,0.29873533787806517
MS,CSF_28,CTAGCCTAGAAGGGTA-1,CSF,0.07102430943484335
MS,CSF_28,CTAGCCTCAAACCCAT-1,CSF,0.31835154082765266
MS,CSF_28,CTAGTGATCTGCCAGG-1,CSF,0.6019784683765907
MS,CSF_28,CTCAGAAAGGCATTGG-1,CSF,-0.07157349201915446
MS,CSF_28,CTCAGAACATGTCGAT-1,CSF,0.18872368738447637
MS,CSF_28,CTCAGAAGTAAACACA-1,CSF,-0.07157349201915446
MS,CSF_28,CTCATTACAGCCTTGG-1,CSF,-0.07157349201915446
MS,CSF_28,CTCATTATCCGAATGT-1,CSF,-0.07157349201915446
MS,CSF_28,CTCCTAGAGGATGGTC-1,CSF,-0.23352719300553634
MS,CSF_28,CTCCTAGAGGCTAGAC-1,CSF,-0.07157349201915446
MS,CSF_28,CTCCTAGGTCCAGTAT-1,CSF,0.23451871166674362
MS,CSF_28,CTCGAAACACCAGGTC-1,CSF,0.3189524308265293
MS,CSF_28,CTCGAAACATGTAGTC-1-1,CSF,0.07884770773884239
MS,CSF_28,CTCGAAATCCATTCTA-1,CSF,-0.291749350337322
MS,CSF_28,CTCGAGGGTTACAGAA-1,CSF,-0.2616113633818066
MS,CSF_28,CTCGGAGAGACAAGCC-1,CSF,0.27388191651326166
MS,CSF_28,CTCGGAGAGCGATTCT-1,CSF,-0.7995379888141728
MS,CSF_28,CTCGGGACACATCTTT-1,CSF,-0.07157349201915446
MS,CSF_28,CTCGGGATCAGGTAAA-1,CSF,-0.6623345449802712
MS,CSF_28,CTCGTACCACGAAGCA-1,CSF,0.14641736701870478
MS,CSF_28,CTCGTACCATACGCCG-1,CSF,-0.07157349201915446
MS,CSF_28,CTCTGGTAGCTGTTCA-1,CSF,-0.399408972612094
MS,CSF_28,CTCTGGTCATGAGCGA-1,CSF,0.29575287833644076
MS,CSF_28,CTGATCCAGTGATCGG-1,CSF,-0.07157349201915446
MS,CSF_28,CTGATCCTCAAACCAC-1,CSF,-0.758337476234563
MS,CSF_28,CTGCCTAAGCCAGAAC-1,CSF,0.3685053001062858
MS,CSF_28,CTGCGGACATGCGCAC-1,CSF,0.4918068859974775
MS,CSF_28,CTGCGGAGTCCAACTA-1,CSF,0.760589402598496
MS,CSF_28,CTGCTGTAGTCTTGCA-1,CSF,-0.07157349201915446
MS,CSF_28,CTGGTCTCAATGAAAC-1,CSF,0.05559661731438444
MS,CSF_28,CTGGTCTCACACAGAG-1,CSF,-0.07157349201915446
MS,CSF_28,CTGTGCTAGAGATGAG-1,CSF,0.16778331169148689
MS,CSF_28,CTGTGCTTCATCACCC-1,CSF,0.026887703600540287
MS,CSF_28,CTGTGCTTCGGCTTGG-1,CSF,0.9895643752639208
MS,CSF_28,CTGTTTAAGCACGCCT-1,CSF,-0.4948678122005642
MS,CSF_28,CTTACCGCAGGCTGAA-1,CSF,-0.07157349201915446
MS,CSF_28,CTTACCGGTCGAGTTT-1,CSF,0.19632875993300228
MS,CSF_28,CTTACCGTCGTTTAGG-1,CSF,-0.07157349201915446
MS,CSF_28,CTTAGGATCGTTTAGG-1,CSF,-0.07157349201915446
MS,CSF_28,CTTCTCTCAGCTGTAT-1,CSF,-0.07157349201915446
MS,CSF_28,CTTCTCTGTGTAACGG-1,CSF,-0.008493623020885743
MS,CSF_28,CTTGGCTCATTCCTGC-1,CSF,-0.5052209528814423
MS,CSF_28,CTTGGCTGTTACGCGC-1,CSF,0.3144659791311697
MS,CSF_28,CTTTGCGAGCTGTTCA-1,CSF,-0.07157349201915446
MS,CSF_28,CTTTGCGCATAGAAAC-1,CSF,0.16760054147588316
MS,CSF_28,CTTTGCGGTCATCGGC-1,CSF,0.07722692420617816
MS,CSF_28,CTTTGCGTCTGCTTGC-1,CSF,-0.07157349201915446
MS,CSF_28,GAAACTCCAATCGGTT-1,CSF,-0.4363610572635132
MS,CSF_28,GAAACTCCATGGGACA-1,CSF,0.2406647392878623
MS,CSF_28,GAAATGAAGCACCGCT-1,CSF,-0.007253728552182275
MS,CSF_28,GAAATGAAGCCGATTT-1,CSF,-0.07157349201915446
MS,CSF_28,GAAATGAGTGTAAGTA-1,CSF,-0.34601172130210955
MS,CSF_28,GAAATGATCGAATGGG-1,CSF,-0.07157349201915446
MS,CSF_28,GAACCTAAGAAGAAGC-1,CSF,-0.9121364256859673
MS,CSF_28,GAACCTAAGTTAGGTA-1,CSF,0.05369142349611707
MS,CSF_28,GAACCTACAAAGCGGT-1,CSF,0.1243493080237854
MS,CSF_28,GAACCTAGTTATGTGC-1,CSF,-0.2687761185331274
MS,CSF_28,GAACGGAAGCGAGAAA-1,CSF,-0.3854897045966234
MS,CSF_28,GAACGGAAGCTGAAAT-1,CSF,-0.07157349201915446
MS,CSF_28,GAATGAACACTTGGAT-1,CSF,-0.07157349201915446
MS,CSF_28,GAATGAAGTCTAGTCA-1,CSF,-0.24163005081359062
MS,CSF_28,GACAGAGCATCCTAGA-1,CSF,0.3063892508612969
MS,CSF_28,GACAGAGTCGCGTTTC-1,CSF,-0.45675147989489007
MS,CSF_28,GACAGAGTCTACCTGC-1,CSF,0.022707655414380055
MS,CSF_28,GACCTGGGTCCGTTAA-1,CSF,-0.8465783223117336
MS,CSF_28,GACGCGTCATCGATGT-1,CSF,-0.1036724153610602
MS,CSF_28,GACGGCTCAATCCGAT-1,CSF,0.6944771281818426
MS,CSF_28,GACGTGCCAAACGTGG-1,CSF,-0.24700134873141488
MS,CSF_28,GACGTGCCAGTACACT-1,CSF,-0.07157349201915446
MS,CSF_28,GACGTGCGTCTAGAGG-1,CSF,0.5319606611054815
MS,CSF_28,GACGTTACACCACCAG-1,CSF,0.04681316098088948
MS,CSF_28,GACGTTACAGGCTCAC-1,CSF,-0.07157349201915446
MS,CSF_28,GACTAACCACCAGATT-1,CSF,-0.4456623834690861
MS,CSF_28,GACTACACAAGACACG-1,CSF,0.2819213296387332
MS,CSF_28,GACTACACAAGACGTG-1,CSF,-0.07157349201915446
MS,CSF_28,GACTGCGTCCAGATCA-1,CSF,0.05472688477947948
MS,CSF_28,GACTGCGTCCTTGCCA-1,CSF,-0.07157349201915446
MS,CSF_28,GAGCAGAAGCCAGTTT-1,CSF,-0.07157349201915446
MS,CSF_28,GAGCAGAGTGCTGTAT-1,CSF,-0.07157349201915446
MS,CSF_28,GAGCAGAGTGTTGGGA-1,CSF,0.38656229280521365
MS,CSF_28,GAGCAGATCAGCTGGC-1,CSF,0.9290952093367656
MS,CSF_28,GAGGTGAAGTGGTAAT-1,CSF,0.2486173641892437
MS,CSF_28,GAGGTGAAGTTGTAGA-1,CSF,0.5962528185072041
MS,CSF_28,GAGGTGACAAGGTTTC-1,CSF,0.3380349657670294
MS,CSF_28,GAGGTGACACCAGATT-1,CSF,-0.07157349201915446
MS,CSF_28,GAGGTGAGTGACAAAT-1,CSF,-0.32228642841017713
MS,CSF_28,GATCGATCACTGTTAG-1,CSF,-0.24972685608741124
MS,CSF_28,GATCGCGAGCAACGGT-1,CSF,-0.32416377868243773
MS,CSF_28,GATCGCGAGGGATACC-1,CSF,0.6696958434685334
MS,CSF_28,GATCGCGCACCGCTAG-1-1,CSF,0.043921145007308406
MS,CSF_28,GATCGCGTCTTTAGGG-1,CSF,-0.07157349201915446
MS,CSF_28,GATCTAGAGTTACGGG-1,CSF,-0.07157349201915446
MS,CSF_28,GATCTAGGTCTAACGT-1,CSF,-0.23901126077761425
MS,CSF_28,GATGAAAGTAGCGCTC-1,CSF,0.36247842099132
MS,CSF_28,GATGAGGAGATCGATA-1,CSF,0.18345517137984158
MS,CSF_28,GATGAGGAGGTGATTA-1,CSF,-0.07157349201915446
MS,CSF_28,GATGCTAAGAAGGGTA-1,CSF,-0.20489467105759443
MS,CSF_28,GATGCTATCTCCAGGG-1,CSF,0.19258457327363457
MS,CSF_28,GATTCAGCAAGACACG-1,CSF,0.6909943436344833
MS,CSF_28,GATTCAGTCGCCAAAT-1,CSF,-0.36002045627547485
MS,CSF_28,GATTCAGTCTTGCAAG-1,CSF,-0.07157349201915446
MS,CSF_28,GCAAACTAGACTACAA-1,CSF,0.11979934867429277
MS,CSF_28,GCAAACTAGTTACCCA-1,CSF,0.017264646103443266
MS,CSF_28,GCAAACTGTGCCTGCA-1-2,CSF,-0.4958494816128138
MS,CSF_28,GCAATCATCGCACTCT-1,CSF,-0.07157349201915446
MS,CSF_28,GCACATACACACAGAG-1,CSF,0.410822723067111
MS,CSF_28,GCACATAGTACTCGCG-1,CSF,-0.3368969089282468
MS,CSF_28,GCACATATCTTCGGTC-1,CSF,0.23864975707487496
MS,CSF_28,GCACTCTAGTAGCGGT-1,CSF,-0.07157349201915446
MS,CSF_28,GCACTCTCAGCCAGAA-1,CSF,1.0491958351797328
MS,CSF_28,GCAGCCACAAGCCGTC-1,CSF,-0.04525376206892441
MS,CSF_28,GCATGCGGTTATGCGT-1,CSF,-0.07157349201915446
MS,CSF_28,GCATGTAGTTCAACCA-1,CSF,-0.329031664200007
MS,CSF_28,GCCTCTATCAATAAGG-1,CSF,0.14940239265110147
MS,CSF_28,GCCTCTATCCAAATGC-1,CSF,0.719828528188283
MS,CSF_28,GCGACCAGTGCCTTGG-1,CSF,0.1738485139729149
MS,CSF_28,GCGAGAATCATATCGG-1,CSF,-0.07157349201915446
MS,CSF_28,GCGAGAATCATTTGGG-1,CSF,-0.07157349201915446
MS,CSF_28,GCGCAGTAGCTAGCCC-1,CSF,-0.07157349201915446
MS,CSF_28,GCGCAGTCATGGGACA-1,CSF,-0.07157349201915446
MS,CSF_28,GCGCAGTGTGGCCCTA-1,CSF,-0.18860925872205786
MS,CSF_28,GCGCCAAAGGGTGTGT-1,CSF,-0.07157349201915446
MS,CSF_28,GCGCCAATCACATAGC-1,CSF,-0.07157349201915446
MS,CSF_28,GCGCCAATCTGTCAAG-1,CSF,0.06728596155201708
MS,CSF_28,GCGCGATCAAGTACCT-1,CSF,-0.07157349201915446
MS,CSF_28,GCGCGATCATAGACTC-1,CSF,-0.07157349201915446
MS,CSF_28,GCGGGTTAGGCGCTCT-1,CSF,-0.07157349201915446
MS,CSF_28,GCGGGTTCATCGGGTC-1,CSF,0.17599997060653833
MS,CSF_28,GCGGGTTGTAGCCTCG-1,CSF,-0.07157349201915446
MS,CSF_28,GCTCCTAAGACAATAC-1,CSF,-0.05206625528355746
MS,CSF_28,GCTCCTAGTCATATCG-1,CSF,0.08768427971980129
MS,CSF_28,GCTCTGTGTGCCTGGT-1,CSF,-0.017101717217160202
MS,CSF_28,GCTGCAGCATGGGAAC-1,CSF,-0.2488412990637012
MS,CSF_28,GCTGCAGGTTACGGAG-1,CSF,-0.07157349201915446
MS,CSF_28,GCTGCAGTCAGCAACT-1,CSF,-0.23698189523218863
MS,CSF_28,GCTGCGAAGCGTAGTG-1,CSF,-0.23411826362480068
MS,CSF_28,GCTGCGAAGTGGACGT-1,CSF,0.06966482153937635
MS,CSF_28,GCTGCTTCAGTAAGAT-1,CSF,0.7885544654419013
MS,CSF_28,GCTGCTTCATGGGACA-1,CSF,0.6437418164554831
MS,CSF_28,GCTGCTTTCGGACAAG-1,CSF,0.1382942005109794
MS,CSF_28,GCTGGGTAGAGTAATC-1,CSF,0.5639740478601358
MS,CSF_28,GCTGGGTCACAAGCCC-1,CSF,-0.07157349201915446
MS,CSF_28,GCTTCCAAGGATGGTC-1,CSF,0.22555051714797786
MS,CSF_28,GCTTCCACAGCCTTGG-1,CSF,0.09224709420787498
MS,CSF_28,GCTTCCAGTAGAGGAA-1,CSF,-0.09233027370379658
MS,CSF_28,GCTTGAAAGACGCAAC-1-2,CSF,-0.07157349201915446
MS,CSF_28,GCTTGAAGTCCATGAT-1,CSF,-0.30097280214292843
MS,CSF_28,GCTTGAAGTTAGATGA-1,CSF,-0.07157349201915446
MS,CSF_28,GGAAAGCCAGCTGCAC-1,CSF,0.7151459808950394
MS,CSF_28,GGAAAGCGTCATGCCG-1,CSF,0.19031030638612115
MS,CSF_28,GGAAAGCGTGCACGAA-1,CSF,0.3551379496619637
MS,CSF_28,GGAACTTCAATGGATA-1,CSF,-0.07157349201915446
MS,CSF_28,GGAACTTGTCAGAAGC-1,CSF,-0.07157349201915446
MS,CSF_28,GGAATAAAGCGTCAAG-1,CSF,-0.2052585458022676
MS,CSF_28,GGACAGAAGATGTTAG-1,CSF,-0.38663199131238246
MS,CSF_28,GGACAGAGTTGACGTT-1,CSF,-0.07157349201915446
MS,CSF_28,GGACGTCAGGATGCGT-1,CSF,-0.00486178843789561
MS,CSF_28,GGAGCAAAGCTACCTA-1,CSF,0.24487062830189668
MS,CSF_28,GGAGCAATCCCGACTT-1,CSF,-0.6868572458739609
MS,CSF_28,GGAGCAATCTCGCTTG-1,CSF,-0.13031237972810517
MS,CSF_28,GGATGTTCAGACGCAA-1,CSF,-0.07157349201915446
MS,CSF_28,GGATGTTGTGAGGGTT-1,CSF,-0.07157349201915446
MS,CSF_28,GGATTACAGTTGAGAT-1,CSF,0.17023656651205482
MS,CSF_28,GGATTACGTAGATTAG-1,CSF,-0.12853607509446405
MS,CSF_28,GGATTACTCCGCGCAA-1,CSF,0.3046868846645922
MS,CSF_28,GGCAATTTCAAAGACA-1,CSF,0.31728046112244707
MS,CSF_28,GGCCGATGTACCATCA-1,CSF,0.82157316844368
MS,CSF_28,GGCGACTAGCAAATCA-1,CSF,0.24495998982228556
MS,CSF_28,GGCGACTGTAATCGTC-1,CSF,-0.07157349201915446
MS,CSF_28,GGCGACTTCCGTTGCT-1,CSF,-0.28051096988948704
MS,CSF_28,GGCGTGTCACGACGAA-1,CSF,-0.07157349201915446
MS,CSF_28,GGCGTGTTCTATCCTA-1,CSF,-0.07157349201915446
MS,CSF_28,GGCTCGAAGTAAGTAC-1,CSF,-0.3214355115383779
MS,CSF_28,GGCTCGAAGTGAACGC-1,CSF,0.5050192569022618
MS,CSF_28,GGCTCGACAAGACACG-1,CSF,-0.07157349201915446
MS,CSF_28,GGCTCGATCGTTACAG-1,CSF,-0.41951577300238335
MS,CSF_28,GGGAATGGTTAGGGTG-1,CSF,-0.07157349201915446
MS,CSF_28,GGGACCTAGGCAGTCA-1,CSF,-0.7809708451644458
MS,CSF_28,GGGACCTGTCACTGGC-1,CSF,0.13728384036484184
MS,CSF_28,GGGAGATGTCGAATCT-1,CSF,-0.047168557352361286
MS,CSF_28,GGGAGATGTGTCGCTG-1,CSF,0.3769226564618919
MS,CSF_28,GGGAGATTCGTAGGAG-1,CSF,0.38114219504646174
MS,CSF_28,GGGCACTAGTGGGTTG-1,CSF,0.34944678856216166
MS,CSF_28,GGGCACTGTGACAAAT-1,CSF,0.6529899810340873
MS,CSF_28,GGGCACTTCAACGAAA-1,CSF,-0.05732853395314224
MS,CSF_28,GGGCATCCATAGAAAC-1,CSF,-0.48570600420512167
MS,CSF_28,GGGCATCTCATTATCC-1,CSF,0.15403835104015898
MS,CSF_28,GGGTCTGAGCAGACTG-1,CSF,-0.22142996372438553
MS,CSF_28,GGGTCTGAGTCGTACT-1,CSF,-0.25347814252888207
MS,CSF_28,GGGTCTGGTCACACGC-1,CSF,0.08248972982417972
MS,CSF_28,GGGTTGCCACCCAGTG-1,CSF,0.06477917925877516
MS,CSF_28,GGGTTGCCATACGCCG-1-1,CSF,-0.4721875106085268
MS,CSF_28,GGGTTGCGTCCATGAT-1,CSF,-0.07157349201915446
MS,CSF_28,GGTATTGGTTGTTTGG-1,CSF,0.02732019900693155
MS,CSF_28,GGTGAAGGTGTAACGG-1,CSF,-0.07157349201915446
MS,CSF_28,GGTGTTAAGAACAACT-1,CSF,0.3905138848252104
MS,CSF_28,GGTGTTAGTTCAGTAC-1,CSF,0.5449352778041627
MS,CSF_28,GTAACGTAGAGTAAGG-1,CSF,-0.07275961901710491
MS,CSF_28,GTAACGTCACCACGTG-1,CSF,-0.07157349201915446
MS,CSF_28,GTAACGTGTCATATCG-1,CSF,-0.07157349201915446
MS,CSF_28,GTACGTAGTGTCCTCT-1,CSF,-0.34543296017034475
MS,CSF_28,GTACTTTAGCTATGCT-1,CSF,-0.610494097379567
MS,CSF_28,GTAGGCCGTCCATGAT-1,CSF,-0.07157349201915446
MS,CSF_28,GTAGTCAGTGGTTTCA-1,CSF,-0.07157349201915446
MS,CSF_28,GTAGTCATCAGCTTAG-1,CSF,-0.07157349201915446
MS,CSF_28,GTATTCTAGATGTGGC-1,CSF,-0.07157349201915446
MS,CSF_28,GTATTCTGTGCTTCTC-1,CSF,-0.07157349201915446
MS,CSF_28,GTCAAGTAGTGGTAGC-1,CSF,-0.07157349201915446
MS,CSF_28,GTCAAGTCATGTTCCC-1,CSF,-0.07157349201915446
MS,CSF_28,GTCAAGTTCGCAGGCT-1,CSF,0.07818942826030555
MS,CSF_28,GTCACGGAGGGTATCG-1,CSF,-0.07157349201915446
MS,CSF_28,GTCACGGCAGTCGTGC-1,CSF,0.07350321828328456
MS,CSF_28,GTCATTTGTACTTCTT-1,CSF,0.16719751376989941
MS,CSF_28,GTCATTTTCACATAGC-1,CSF,-0.32512972393655304
MS,CSF_28,GTCCTCAGTAGTACCT-1,CSF,0.9570885364692135
MS,CSF_28,GTCGGGTTCAAAGACA-1,CSF,0.24812062699672438
MS,CSF_28,GTCGTAACATTAGGCT-1,CSF,-0.07157349201915446
MS,CSF_28,GTCGTAAGTCCCTTGT-1,CSF,0.18327001158308046
MS,CSF_28,GTCGTAAGTTACGTCA-1,CSF,0.5405103949590503
MS,CSF_28,GTCGTAATCGTCACGG-1,CSF,0.29068661425444897
MS,CSF_28,GTCTCGTGTTAAGATG-1,CSF,0.20136984353660248
MS,CSF_28,GTCTCGTTCTACTTAC-1,CSF,0.008650333743927176
MS,CSF_28,GTCTTCGTCCACGTTC-1,CSF,-0.07157349201915446
MS,CSF_28,GTGCAGCAGGACAGCT-1,CSF,-0.39628541134920586
MS,CSF_28,GTGCAGCGTCTAACGT-1,CSF,0.3598895027616806
MS,CSF_28,GTGCAGCTCCTATTCA-1-1,CSF,0.1581780911903658
MS,CSF_28,GTGCATACAAGAGTCG-1,CSF,0.18063211975370225
MS,CSF_28,GTGCATACAATTCCTT-1,CSF,0.34904630405481896
MS,CSF_28,GTGCATATCTATGTGG-1-2,CSF,-0.24926917208080174
MS,CSF_28,GTGCGGTGTACTCAAC-1,CSF,-0.23101503999061837
MS,CSF_28,GTGCTTCTCGAATGCT-1,CSF,-0.07727793553961153
MS,CSF_28,GTGGGTCAGATGCGAC-1,CSF,-0.22177594183798313
MS,CSF_28,GTGGGTCCAGGGCATA-1,CSF,0.574287174430836
MS,CSF_28,GTGGGTCCATGACGGA-1,CSF,-0.07157349201915446
MS,CSF_28,GTGGGTCTCAACACAC-1-1,CSF,-0.2393398539401568
MS,CSF_28,GTGGGTCTCTGCGTAA-1,CSF,-0.07157349201915446
MS,CSF_28,GTGTTAGCAACGATCT-1,CSF,-0.07157349201915446
MS,CSF_28,GTTAAGCAGAACAATC-1-2,CSF,0.29679976958352045
MS,CSF_28,GTTAAGCGTGCATCTA-1,CSF,-0.09447600067445047
MS,CSF_28,GTTACAGTCCAAGCCG-1,CSF,-0.07157349201915446
MS,CSF_28,GTTCATTAGCAGGTCA-1,CSF,0.12205789927368302
MS,CSF_28,GTTCATTAGTATCGAA-1,CSF,-0.24554164989014535
MS,CSF_28,GTTCGGGGTCCAACTA-1,CSF,-0.07157349201915446
MS,CSF_28,GTTCTCGGTTATCGGT-1,CSF,0.047310721177409164
MS,CSF_28,GTTCTCGTCAGCGACC-1,CSF,-0.1927469171007093
MS,CSF_28,GTTCTCGTCGAATCCA-1,CSF,-0.07157349201915446
MS,CSF_28,GTTTCTAGTCAACTGT-1,CSF,0.22403120217071168
MS,CSF_28,TAAGCGTGTAGGGACT-1,CSF,-0.07157349201915446
MS,CSF_28,TAAGCGTTCCTACAGA-1,CSF,-0.23407585573568437
MS,CSF_28,TAAGTGCAGATAGCAT-1,CSF,-0.07157349201915446
MS,CSF_28,TAAGTGCGTTGGTGGA-1,CSF,-0.07157349201915446
MS,CSF_28,TAAGTGCGTTGTCTTT-1,CSF,-0.3082506865807094
MS,CSF_28,TACACGACATGCCTTC-1,CSF,-0.3715660442365745
MS,CSF_28,TACCTTAAGATATACG-1,CSF,-0.5283773626181646
MS,CSF_28,TACCTTAAGTTGTAGA-1,CSF,-0.274658840537639
MS,CSF_28,TACGGATTCCCAGGTG-1,CSF,-0.07157349201915446
MS,CSF_28,TACGGTACAGACGCCT-1,CSF,-0.21823952538049163
MS,CSF_28,TACGGTAGTAATCGTC-1,CSF,0.04776020697020069
MS,CSF_28,TACGGTATCATGTGGT-1-1,CSF,-0.07157349201915446
MS,CSF_28,TACTCATCAACGCACC-1,CSF,0.29045847521063634
MS,CSF_28,TACTCGCAGACCTTTG-1,CSF,-0.07157349201915446
MS,CSF_28,TACTCGCAGAGTTGGC-1,CSF,0.1510300526630909
MS,CSF_28,TACTTACGTACGAAAT-1,CSF,-0.09507380999381494
MS,CSF_28,TACTTACTCTGCGGCA-1-1,CSF,-0.36333256502002964
MS,CSF_28,TAGACCAAGAGTGACC-1,CSF,-0.13327690240147844
MS,CSF_28,TAGACCACAATGCCAT-1,CSF,-0.19037415963732104
MS,CSF_28,TAGACCACATGTAGTC-1,CSF,-0.3286410425034095
MS,CSF_28,TAGACCAGTCCGAGTC-1,CSF,0.18896461431718342
MS,CSF_28,TAGACCAGTCCGTCAG-1,CSF,0.6421136345543942
MS,CSF_28,TAGAGCTGTTGTCTTT-1,CSF,-0.07157349201915446
MS,CSF_28,TAGCCGGTCTGTTTGT-1,CSF,-0.1667162570989289
MS,CSF_28,TAGTGGTTCTAGCACA-1,CSF,-0.42678676266733523
MS,CSF_28,TAGTTGGCAAAGTGCG-1,CSF,0.9670057216032852
MS,CSF_28,TATCAGGAGAGTGACC-1,CSF,-0.3402651847554626
MS,CSF_28,TATCTCACACCCATGG-1,CSF,0.26093515720945165
MS,CSF_28,TATCTCATCGCCTGAG-1,CSF,0.1097363510527409
MS,CSF_28,TATGCCCCACGCTTTC-1,CSF,-0.557740415043391
MS,CSF_28,TATGCCCTCTTGTTTG-1,CSF,-0.07157349201915446
MS,CSF_28,TATTACCAGAACTCGG-1,CSF,-0.07157349201915446
MS,CSF_28,TATTACCAGCTAAACA-1,CSF,-0.07157349201915446
MS,CSF_28,TATTACCGTAACGCGA-1,CSF,-0.3297517701867011
MS,CSF_28,TATTACCTCTTACCGC-1-1,CSF,-0.23658368264404397
MS,CSF_28,TCAACGACACATTCGA-1,CSF,-0.07157349201915446
MS,CSF_28,TCACGAACAAAGGCGT-1,CSF,0.03427123986903372
MS,CSF_28,TCACGAACAAGGGTCA-1,CSF,-0.06411555784157054
MS,CSF_28,TCAGATGAGACAAGCC-1,CSF,0.06069763386649618
MS,CSF_28,TCAGCAACAAGTAGTA-1,CSF,-0.07157349201915446
MS,CSF_28,TCAGCAATCAGGTTCA-1,CSF,0.2568982079894311
MS,CSF_28,TCAGCTCCAGCAGTTT-1,CSF,-0.07157349201915446
MS,CSF_28,TCAGCTCGTGAGTATA-1,CSF,-0.07157349201915446
MS,CSF_28,TCAGGATGTCAACATC-1,CSF,-0.20850627745529193
MS,CSF_28,TCAGGTAAGCGATTCT-1,CSF,0.3693262949936056
MS,CSF_28,TCAGGTACAGCCTGTG-1,CSF,-0.07157349201915446
MS,CSF_28,TCAGGTAGTGCACTTA-1,CSF,-0.07157349201915446
MS,CSF_28,TCAGGTATCTAACTTC-1,CSF,-0.0898337386375502
MS,CSF_28,TCATTACAGGCCCGTT-1,CSF,0.45674565878388446
MS,CSF_28,TCATTACCAGGACCCT-1,CSF,-0.07157349201915446
MS,CSF_28,TCATTACCATGGGAAC-1,CSF,0.13108551629244672
MS,CSF_28,TCATTTGAGTGCTGCC-1,CSF,-0.07157349201915446
MS,CSF_28,TCATTTGCATCGATTG-1,CSF,-0.07157349201915446
MS,CSF_28,TCCACACGTAGGACAC-1,CSF,0.1652626231668823
MS,CSF_28,TCCACACGTTCGCGAC-1-1,CSF,-0.07157349201915446
MS,CSF_28,TCCCGATAGAAGGTTT-1,CSF,0.251508174828813
MS,CSF_28,TCCCGATAGATGTGTA-1,CSF,0.2956232455873802
MS,CSF_28,TCCCGATCAGACGCCT-1,CSF,-0.07157349201915446
MS,CSF_28,TCGCGAGGTTGGGACA-1-1,CSF,0.034207850494593836
MS,CSF_28,TCGCGTTAGCGGCTTC-1,CSF,0.33384506804703423
MS,CSF_28,TCGCGTTGTCAAGCGA-1,CSF,-0.07157349201915446
MS,CSF_28,TCGTACCAGCGTTTAC-1,CSF,-0.22339363468181914
MS,CSF_28,TCGTACCCAGTCACTA-1,CSF,0.1887551190824846
MS,CSF_28,TCGTAGAAGTGGTCCC-1,CSF,0.2516424474670371
MS,CSF_28,TCGTAGACACAGTCGC-1,CSF,-0.257301196167319
MS,CSF_28,TCTATTGGTCAAAGCG-1,CSF,0.2829139232732799
MS,CSF_28,TCTCTAAAGCGCTCCA-1,CSF,-0.07157349201915446
MS,CSF_28,TCTCTAACACGAGGTA-1,CSF,0.11028229175014895
MS,CSF_28,TCTCTAAGTTACGACT-1,CSF,0.24298041044069096
MS,CSF_28,TCTCTAAGTTGGAGGT-1,CSF,0.09515031966684143
MS,CSF_28,TCTGAGAAGGTGTTAA-1,CSF,0.2344300560664454
MS,CSF_28,TCTGAGACATTTGCTT-1,CSF,0.36171770918398044
MS,CSF_28,TCTGAGAGTACAGTTC-1,CSF,0.19503178375281216
MS,CSF_28,TCTGAGAGTCCAGTAT-1,CSF,-0.07157349201915446
MS,CSF_28,TCTGAGATCTGTACGA-1,CSF,0.2499194503636848
MS,CSF_28,TCTTCGGCAGCCTGTG-1,CSF,-0.07157349201915446
MS,CSF_28,TCTTTCCGTGCCTTGG-1,CSF,-0.07157349201915446
MS,CSF_28,TGAAAGAAGAGTAATC-1,CSF,-0.07157349201915446
MS,CSF_28,TGACAACAGCGTAATA-1,CSF,0.08083778648966412
MS,CSF_28,TGACAACAGCTAACTC-1,CSF,-0.07157349201915446
MS,CSF_28,TGACAACCAATGGAAT-1,CSF,-0.3112298251555978
MS,CSF_28,TGACAACCAGTTCCCT-1,CSF,-0.26528742977096087
MS,CSF_28,TGACAACGTAAGGGCT-1,CSF,0.35663784244209007
MS,CSF_28,TGACAACGTGACTCAT-1,CSF,0.1939113205108882
MS,CSF_28,TGACTTTGTCAACTGT-1,CSF,-0.47304716163642946
MS,CSF_28,TGAGAGGCAAGTCTAC-1,CSF,0.29742449361469825
MS,CSF_28,TGAGCCGCATTGAGCT-1,CSF,-0.07157349201915446
MS,CSF_28,TGAGCCGTCTGGGCCA-1,CSF,-0.23832760545557866
MS,CSF_28,TGAGGGACAGAGTGTG-1,CSF,-0.14980409665397174
MS,CSF_28,TGAGGGACATCACCCT-1,CSF,-0.07157349201915446
MS,CSF_28,TGAGGGATCCTTGACC-1,CSF,-0.3175837253317673
MS,CSF_28,TGATTTCAGTTTGCGT-1,CSF,0.4565064971962185
MS,CSF_28,TGCCAAAAGAAAGTGG-1,CSF,-0.07157349201915446
MS,CSF_28,TGCCAAAAGCCAGGAT-1,CSF,-0.07157349201915446
MS,CSF_28,TGCGCAGTCGTTACAG-1,CSF,-0.22895085480795144
MS,CSF_28,TGCGGGTCAGTAGAGC-1,CSF,-0.07157349201915446
MS,CSF_28,TGCGTGGCATACCATG-1,CSF,-0.07157349201915446
MS,CSF_28,TGCGTGGGTCGCTTCT-1,CSF,-0.07157349201915446
MS,CSF_28,TGCGTGGTCCGTCATC-1,CSF,0.26537458181221923
MS,CSF_28,TGCTACCTCGGTGTTA-1,CSF,0.21657664894093248
MS,CSF_28,TGCTGCTCACATCCAA-1,CSF,0.2848055539169047
MS,CSF_28,TGGACGCCACCGAAAG-1,CSF,-0.14969685541260855
MS,CSF_28,TGGACGCTCGCCTGTT-1,CSF,-0.2994566654977061
MS,CSF_28,TGGCCAGAGGCGTACA-1,CSF,-0.07157349201915446
MS,CSF_28,TGGCCAGCACCGGAAA-1,CSF,0.12435892800484938
MS,CSF_28,TGGCCAGGTGTATGGG-1,CSF,-0.6707728338019939
MS,CSF_28,TGGCTGGCACGAAACG-1,CSF,0.4794993992015044
MS,CSF_28,TGGCTGGCAGTGGGAT-1,CSF,-0.046942992901401616
MS,CSF_28,TGGCTGGGTTCCACAA-1,CSF,-0.24206105549019513
MS,CSF_28,TGGGAAGTCTTTAGGG-1,CSF,0.4819052712014233
MS,CSF_28,TGGGCGTGTGAAATCA-1,CSF,0.500832568537412
MS,CSF_28,TGGGCGTTCCTGTAGA-1,CSF,-0.221257722451667
MS,CSF_28,TGGTTAGCAAGTCATC-1,CSF,-0.07157349201915446
MS,CSF_28,TGGTTAGGTACGAAAT-1,CSF,0.15323683619200898
MS,CSF_28,TGGTTCCCAGTGGAGT-1,CSF,0.4473732189713486
MS,CSF_28,TGTCCCAAGCTGTTCA-1,CSF,-0.8341362468899024
MS,CSF_28,TGTCCCACAAGTTCTG-1,CSF,0.3565073849251699
MS,CSF_28,TGTGGTAGTCCTCTTG-1,CSF,0.22144578642230275
MS,CSF_28,TGTTCCGAGTGGTAAT-1,CSF,-0.07157349201915446
MS,CSF_28,TGTTCCGCATGAGCGA-1,CSF,0.1727963698407283
MS,CSF_28,TTAACTCAGCGGCTTC-1,CSF,0.21402916589821755
MS,CSF_28,TTAACTCGTTAGATGA-1,CSF,0.12188471329449702
MS,CSF_28,TTAGTTCCAGTCAGAG-1,CSF,-0.35938857843284844
MS,CSF_28,TTATGCTCAGTACACT-1,CSF,0.33791541106787853
MS,CSF_28,TTATGCTGTAAACCTC-1,CSF,-0.07157349201915446
MS,CSF_28,TTCGAAGAGAACAATC-1,CSF,0.19269529299944774
MS,CSF_28,TTCGAAGAGTCCATAC-1,CSF,0.8607104191654329
MS,CSF_28,TTCGGTCAGATATACG-1,CSF,-0.3126552630657297
MS,CSF_28,TTCGGTCTCACCACCT-1,CSF,0.26355474322935324
MS,CSF_28,TTCTACAAGCTCAACT-1,CSF,-0.07157349201915446
MS,CSF_28,TTCTACAGTAGCAAAT-1,CSF,-0.47124107184621666
MS,CSF_28,TTCTCAAAGAAAGTGG-1,CSF,-0.4604287775101259
MS,CSF_28,TTCTCAACACAGTCGC-1,CSF,0.23438632364876888
MS,CSF_28,TTCTTAGAGGCCGAAT-1,CSF,-0.07157349201915446
MS,CSF_28,TTCTTAGAGTGGAGAA-1,CSF,0.2685182192425209
MS,CSF_28,TTCTTAGTCACATACG-1,CSF,-0.23001405320955032
MS,CSF_28,TTGAACGAGACTAGGC-1,CSF,-0.07157349201915446
MS,CSF_28,TTGACTTAGAGCTTCT-1,CSF,0.5431914789925211
MS,CSF_28,TTGACTTCATGTTGAC-1,CSF,-0.07157349201915446
MS,CSF_28,TTGACTTTCTTGTCAT-1,CSF,-0.2569390679250615
MS,CSF_28,TTGCCGTGTCTTCGTC-1,CSF,-0.07157349201915446
MS,CSF_28,TTGCCGTTCCACGTGG-1,CSF,-0.07157349201915446
MS,CSF_28,TTGCGTCAGGCTAGAC-1,CSF,-0.07157349201915446
MS,CSF_28,TTGCGTCCAAGAAAGG-1,CSF,0.7248051077577384
MS,CSF_28,TTGGCAACATCACGAT-1-1,CSF,-0.26942076510544843
MS,CSF_28,TTGGCAAGTAACGTTC-1,CSF,-0.23021297381227385
MS,CSF_28,TTGGCAAGTGGGTATG-1,CSF,-0.3179238829285402
MS,CSF_28,TTGTAGGAGATCACGG-1,CSF,-0.45546224066407565
MS,CSF_28,TTGTAGGCATTAGCCA-1,CSF,0.23026106262737195
MS,CSF_28,TTTATGCGTCATGCAT-1,CSF,0.45474929481232634
MS,CSF_28,TTTCCTCTCTATCCCG-1,CSF,0.7956162057234492
MS,CSF_28,TTTGCGCAGGCCCGTT-1,CSF,0.3708345472527084
MS,CSF_28,TTTGCGCGTCATACTG-1,CSF,-0.07157349201915446
MS,CSF_28,TTTGCGCTCAGGCCCA-1,CSF,-0.07157349201915446
MS,CSF_28,TTTGCGCTCCTGCCAT-1,CSF,-0.07157349201915446
MS,CSF_28,TTTGGTTCATACTCTT-1,CSF,-0.07157349201915446
MS,CSF_28,TTTGGTTGTCAAACTC-1,CSF,-0.07157349201915446
MS,CSF_28,TTTGTCAAGAAAGTGG-1,CSF,-0.22307369350653344
MS,CSF_29,AAACCTGGTATATGGA-1,CSF,0.30823779735455464
MS,CSF_29,AAACGGGAGCCAGAAC-1,CSF,-0.8006233663286532
MS,CSF_29,AAATGCCGTGATAAAC-1,CSF,-0.07157349201915446
MS,CSF_29,AACACGTTCCGCAGTG-1,CSF,-0.36702206449279245
MS,CSF_29,AACCATGAGGAATCGC-1,CSF,0.6102341959165104
MS,CSF_29,AACCATGAGTGACATA-1,CSF,-0.07157349201915446
MS,CSF_29,AACGTTGCACAAGACG-1,CSF,-0.5937649785506592
MS,CSF_29,AACTCAGTCAGGTAAA-1,CSF,-0.07157349201915446
MS,CSF_29,AACTCCCAGATCGGGT-1,CSF,-0.07157349201915446
MS,CSF_29,AACTGGTGTGCAGTAG-1,CSF,-0.07157349201915446
MS,CSF_29,AACTTTCCATTCCTGC-1,CSF,0.2262057564853104
MS,CSF_29,AACTTTCGTGGTCCGT-1,CSF,0.16931402327356787
MS,CSF_29,AAGGAGCAGATCCGAG-1,CSF,-0.07157349201915446
MS,CSF_29,AAGGCAGCAAGAAGAG-1,CSF,-0.07157349201915446
MS,CSF_29,AAGTCTGCACATCTTT-1,CSF,-0.07157349201915446
MS,CSF_29,AATCCAGAGCTGCAAG-1,CSF,-0.15196291963838643
MS,CSF_29,AATCGGTCACCGGAAA-1,CSF,0.3764708885275843
MS,CSF_29,ACACCAAAGCGATATA-1,CSF,-0.07157349201915446
MS,CSF_29,ACACCAATCCGTTGTC-1,CSF,-0.3017997490488904
MS,CSF_29,ACACCCTAGACTGGGT-1,CSF,-0.07157349201915446
MS,CSF_29,ACATACGAGCCACCTG-1,CSF,-0.2848279866692077
MS,CSF_29,ACATGGTAGTCACGCC-1,CSF,-0.001098887599022277
MS,CSF_29,ACATGGTCACGACTCG-1,CSF,0.10947793900131307
MS,CSF_29,ACATGGTTCGAACGGA-1,CSF,0.06898605294310978
MS,CSF_29,ACCAGTAAGATGAGAG-1,CSF,-0.07157349201915446
MS,CSF_29,ACGAGCCTCATGGTCA-1,CSF,-0.07157349201915446
MS,CSF_29,ACGAGGAAGCGTGAAC-1,CSF,-0.24873476241634487
MS,CSF_29,ACGATACAGCCTATGT-1,CSF,-0.4426864268780248
MS,CSF_29,ACGCAGCGTCACAAGG-1,CSF,-0.07157349201915446
MS,CSF_29,ACGCAGCGTTCTGGTA-1,CSF,-0.07157349201915446
MS,CSF_29,ACGCCGAAGCGAAGGG-1,CSF,0.2764297988773455
MS,CSF_29,ACGCCGAAGTTACGGG-1,CSF,-0.07157349201915446
MS,CSF_29,ACGGAGATCAGTCCCT-1,CSF,-0.40005356700466493
MS,CSF_29,ACGGCCAAGACCACGA-1,CSF,-0.2488412990637012
MS,CSF_29,ACGGGCTCAGACTCGC-1,CSF,0.5439403534911007
MS,CSF_29,ACGGGTCCAAAGTGCG-1,CSF,-0.009998689873474884
MS,CSF_29,ACGTCAACATAGAAAC-1,CSF,-0.30112266820433903
MS,CSF_29,ACTATCTGTACCTACA-1,CSF,0.28293752887292106
MS,CSF_29,ACTGAGTAGCCTTGAT-1,CSF,-0.6378230489551234
MS,CSF_29,ACTGCTCTCACAGTAC-1-1,CSF,-0.043617545651546234
MS,CSF_29,ACTTACTTCGAGCCCA-1,CSF,-0.07157349201915446
MS,CSF_29,ACTTGTTTCGGCATCG-1,CSF,-0.07157349201915446
MS,CSF_29,AGACGTTGTCTTCGTC-1,CSF,-0.26909890028418115
MS,CSF_29,AGAGCTTGTCCATGAT-1,CSF,-0.3635979179347383
MS,CSF_29,AGAGTGGAGGTTACCT-1,CSF,-0.07157349201915446
MS,CSF_29,AGAGTGGGTAGCTCCG-1,CSF,-0.07157349201915446
MS,CSF_29,AGATCTGCAGTCGTGC-1,CSF,-0.07157349201915446
MS,CSF_29,AGATCTGTCCAGTAGT-1,CSF,-0.07157349201915446
MS,CSF_29,AGATTGCCACATCCAA-1,CSF,-0.37230651544052
MS,CSF_29,AGATTGCCATTGGTAC-1,CSF,-0.07157349201915446
MS,CSF_29,AGCAGCCTCTTTACAC-1,CSF,-0.07157349201915446
MS,CSF_29,AGCCTAATCGGCTTGG-1,CSF,-0.24788861210805982
MS,CSF_29,AGCCTAATCGGTGTCG-1,CSF,-0.07157349201915446
MS,CSF_29,AGCGGTCCATACCATG-1,CSF,-0.07157349201915446
MS,CSF_29,AGCGGTCTCGACGGAA-1,CSF,-0.07157349201915446
MS,CSF_29,AGCGTATGTAGCTAAA-1,CSF,-0.07157349201915446
MS,CSF_29,AGCGTATTCTCGCATC-1,CSF,0.17760087001160815
MS,CSF_29,AGCTCCTAGTGATCGG-1,CSF,-0.07157349201915446
MS,CSF_29,AGCTCTCAGGATGGTC-1,CSF,-0.07157349201915446
MS,CSF_29,AGGGAGTTCTGGCGAC-1,CSF,-0.07157349201915446
MS,CSF_29,AGGGATGAGTACATGA-1-1,CSF,0.27141291459809924
MS,CSF_29,AGGGTGACAGTTTACG-1,CSF,-0.07157349201915446
MS,CSF_29,AGGTCATGTGCAGACA-1-2,CSF,-0.21180544059324685
MS,CSF_29,AGGTCATTCTACCAGA-1,CSF,-0.264106894511665
MS,CSF_29,AGTGAGGAGGCAGGTT-1,CSF,-0.07157349201915446
MS,CSF_29,AGTGAGGGTAGCTCCG-1,CSF,-0.3280252925540647
MS,CSF_29,AGTGAGGGTGTTGGGA-1,CSF,-0.2664193440089835
MS,CSF_29,AGTGTCAGTAAGGATT-1,CSF,-0.07157349201915446
MS,CSF_29,AGTGTCATCATAGCAC-1,CSF,-0.2810644493056121
MS,CSF_29,ATAAGAGTCTCACATT-1,CSF,0.270045440391069
MS,CSF_29,ATCACGACAGTATCTG-1,CSF,-0.07157349201915446
MS,CSF_29,ATCTACTAGCACGCCT-1,CSF,0.206964743834424
MS,CSF_29,ATCTACTGTTGAGGTG-1,CSF,0.1544690964479398
MS,CSF_29,ATGGGAGCAAACCCAT-1,CSF,-0.07157349201915446
MS,CSF_29,ATGTGTGAGTCATCCA-1,CSF,0.2627682582993721
MS,CSF_29,ATTATCCGTACAGCAG-1,CSF,-0.07157349201915446
MS,CSF_29,ATTATCCTCGGACAAG-1-1,CSF,-0.19201840132534945
MS,CSF_29,ATTGGACAGGAATGGA-1,CSF,-0.5348001279812342
MS,CSF_29,ATTGGACCATGCATGT-1,CSF,-0.2582765475048833
MS,CSF_29,ATTGGACGTTCAGTAC-1,CSF,-0.5318275131494036
MS,CSF_29,CAACCAATCAAGGTAA-1,CSF,-0.5423517688435406
MS,CSF_29,CAACCTCAGGATGGAA-1,CSF,-0.07157349201915446
MS,CSF_29,CAAGAAACAGTATGCT-1,CSF,-0.2064978097146332
MS,CSF_29,CAAGTTGAGCTAGTTC-1,CSF,-0.07157349201915446
MS,CSF_29,CAAGTTGCATCCCATC-1,CSF,-0.07157349201915446
MS,CSF_29,CACACAAAGCCACGCT-1,CSF,0.2214851129316031
MS,CSF_29,CACACAACAACACCCG-1,CSF,0.16816081320040646
MS,CSF_29,CACAGGCCACACGCTG-1,CSF,-0.07157349201915446
MS,CSF_29,CACAGTAGTAGAGCTG-1,CSF,-0.07157349201915446
MS,CSF_29,CACAGTAGTGTTTGTG-1,CSF,0.08921286678493574
MS,CSF_29,CACAGTATCCCATTTA-1,CSF,-0.07157349201915446
MS,CSF_29,CACATTTTCCCACTTG-1,CSF,0.46317054440565314
MS,CSF_29,CACTCCAGTTCCATGA-1,CSF,0.2211035684076205
MS,CSF_29,CAGAGAGGTAAGAGAG-1,CSF,-0.07157349201915446
MS,CSF_29,CAGATCAAGCGTTGCC-1,CSF,-0.07157349201915446
MS,CSF_29,CAGCGACAGGCTACGA-1,CSF,-0.07157349201915446
MS,CSF_29,CAGCTGGAGGCAGGTT-1,CSF,-0.07157349201915446
MS,CSF_29,CAGCTGGTCGGAGCAA-1,CSF,-0.07157349201915446
MS,CSF_29,CAGTCCTGTGCATCTA-1,CSF,0.13267055038246958
MS,CSF_29,CATATTCCATGCAACT-1,CSF,-0.07157349201915446
MS,CSF_29,CATATTCGTGTGACGA-1,CSF,-0.4957792020929941
MS,CSF_29,CATCAAGGTGTGGTTT-1,CSF,0.18507238736030535
MS,CSF_29,CATCCACAGTGTCCCG-1,CSF,-0.07157349201915446
MS,CSF_29,CATCGAAGTCTTGCGG-1,CSF,-0.07157349201915446
MS,CSF_29,CATGACAAGCCAACAG-1-1,CSF,-0.07157349201915446
MS,CSF_29,CATGACAGTGGTCTCG-1,CSF,0.36767058523759255
MS,CSF_29,CATGCCTAGGAGCGTT-1,CSF,-0.07157349201915446
MS,CSF_29,CATGCCTGTGGGTCAA-1,CSF,-0.07157349201915446
MS,CSF_29,CCAATCCGTACCTACA-1,CSF,-0.07157349201915446
MS,CSF_29,CCACCTAAGCGAAGGG-1,CSF,-0.07157349201915446
MS,CSF_29,CCACCTAGTGAGGCTA-1,CSF,-0.07157349201915446
MS,CSF_29,CCACCTATCACCATAG-1,CSF,-0.2788826462188824
MS,CSF_29,CCACGGACAGCATGAG-1,CSF,-0.07157349201915446
MS,CSF_29,CCACGGAGTCATGCAT-1-1,CSF,-0.04350089741283704
MS,CSF_29,CCAGCGAAGGTGGGTT-1-1,CSF,-0.22568185396746263
MS,CSF_29,CCAGCGAGTCTGCAAT-1,CSF,-0.26404004562609945
MS,CSF_29,CCAGCGAGTGTTGGGA-1,CSF,-0.07157349201915446
MS,CSF_29,CCATGTCGTACAGCAG-1,CSF,-0.07157349201915446
MS,CSF_29,CCATGTCTCTTGCATT-1,CSF,0.04596250582072519
MS,CSF_29,CCATTCGCATTACCTT-1,CSF,-0.07157349201915446
MS,CSF_29,CCCAATCAGAGCCCAA-1-2,CSF,-0.07157349201915446
MS,CSF_29,CCCTCCTAGAGTGAGA-1,CSF,0.5822926468920552
MS,CSF_29,CCCTCCTAGGAGTCTG-1,CSF,-0.1868854006135631
MS,CSF_29,CCGGGATAGTGTTTGC-1,CSF,-0.6043315822206828
MS,CSF_29,CCGGGATTCATAAAGG-1,CSF,-0.2665242711249548
MS,CSF_29,CCGTACTGTCTCCATC-1,CSF,0.15359637094445183
MS,CSF_29,CCGTGGAGTTCGTGAT-1,CSF,-0.07157349201915446
MS,CSF_29,CCGTTCAAGATCTGCT-1,CSF,-0.07157349201915446
MS,CSF_29,CCGTTCATCGTTGACA-1,CSF,-0.1661174830976952
MS,CSF_29,CCTACCAGTCAAGCGA-1,CSF,-0.4508476519641067
MS,CSF_29,CCTAGCTCAGTGACAG-1,CSF,-0.07157349201915446
MS,CSF_29,CCTTCGAGTATTCGTG-1,CSF,-0.07157349201915446
MS,CSF_29,CCTTTCTGTCATACTG-1,CSF,-0.4427537649611573
MS,CSF_29,CGACTTCAGCAACGGT-1,CSF,-0.07157349201915446
MS,CSF_29,CGAGCACAGCCCAATT-1,CSF,0.21805836701871537
MS,CSF_29,CGAGCACCAACGATGG-1,CSF,-0.07157349201915446
MS,CSF_29,CGAGCACCATTGCGGC-1,CSF,-0.07157349201915446
MS,CSF_29,CGATCGGGTCGGGTCT-1,CSF,-0.07157349201915446
MS,CSF_29,CGATTGAAGCGATAGC-1,CSF,-0.07157349201915446
MS,CSF_29,CGATTGACAGGACCCT-1,CSF,-0.23182761529556759
MS,CSF_29,CGCCAAGCACAAGTAA-1,CSF,-0.07157349201915446
MS,CSF_29,CGCCAAGTCAACGGGA-1,CSF,-0.07157349201915446
MS,CSF_29,CGCGGTAAGACGACGT-1,CSF,-0.07157349201915446
MS,CSF_29,CGCGGTAAGCAACGGT-1-1,CSF,-0.07157349201915446
MS,CSF_29,CGCGTTTCACGTAAGG-1,CSF,-0.04908150162165224
MS,CSF_29,CGCGTTTCAGCGTTCG-1,CSF,-0.07157349201915446
MS,CSF_29,CGCTTCAAGCGGCTTC-1,CSF,0.1780315691736316
MS,CSF_29,CGGACTGGTCCGAACC-1,CSF,-0.07157349201915446
MS,CSF_29,CGGAGCTGTTGCGCAC-1,CSF,-0.6670562833420496
MS,CSF_29,CGGGTCACAAGACGTG-1,CSF,0.1956825990999562
MS,CSF_29,CGGTTAAGTAGATTAG-1,CSF,-0.07157349201915446
MS,CSF_29,CGGTTAATCTATGTGG-1,CSF,-0.19073026663957196
MS,CSF_29,CGTAGCGAGGGTTCCC-1,CSF,-0.2990732781053544
MS,CSF_29,CGTAGGCTCCGCAGTG-1,CSF,-0.07157349201915446
MS,CSF_29,CGTCAGGCAACTGCGC-1,CSF,0.5066041547869466
MS,CSF_29,CGTCAGGCAATAACGA-1,CSF,0.4955786266513954
MS,CSF_29,CGTCCATAGACTAGGC-1,CSF,0.2439499432761872
MS,CSF_29,CGTCTACCAATCCGAT-1,CSF,0.25695966196468517
MS,CSF_29,CGTGTCTAGCTCAACT-1,CSF,-0.8593358351353058
MS,CSF_29,CGTGTCTCATGGGAAC-1,CSF,0.11344414382853242
MS,CSF_29,CGTTAGAGTAAGTTCC-1,CSF,-0.07157349201915446
MS,CSF_29,CGTTAGATCCACGTGG-1,CSF,-0.07157349201915446
MS,CSF_29,CGTTGGGCATATACCG-1,CSF,-0.07157349201915446
MS,CSF_29,CTAACTTAGCGATATA-1,CSF,-0.07157349201915446
MS,CSF_29,CTAACTTTCGCATGAT-1,CSF,-0.07157349201915446
MS,CSF_29,CTAAGACAGCTATGCT-1,CSF,0.012717720449958447
MS,CSF_29,CTACACCCAAGCCTAT-1,CSF,-0.07157349201915446
MS,CSF_29,CTACACCTCAGTGCAT-1,CSF,-0.21481020766308787
MS,CSF_29,CTACCCAAGATGCGAC-1-1,CSF,-0.2639732569647551
MS,CSF_29,CTAGTGAAGTGTCTCA-1,CSF,-0.07157349201915446
MS,CSF_29,CTCACACGTATAAACG-1,CSF,0.23377118023927826
MS,CSF_29,CTCAGAACAAGTCTAC-1,CSF,-0.07157349201915446
MS,CSF_29,CTCGAGGAGGCGACAT-1,CSF,-0.07157349201915446
MS,CSF_29,CTCGAGGCAAGCGAGT-1,CSF,-0.26838363728336984
MS,CSF_29,CTCGTACCAGTCGATT-1,CSF,-0.07157349201915446
MS,CSF_29,CTCGTACGTTTGACAC-1-1,CSF,-0.07157349201915446
MS,CSF_29,CTCGTCATCATCACCC-1,CSF,-0.07157349201915446
MS,CSF_29,CTCGTCATCGTATCAG-1,CSF,-0.07157349201915446
MS,CSF_29,CTCTAATAGAGCAATT-1,CSF,0.21646153497627538
MS,CSF_29,CTCTACGTCCAAACAC-1,CSF,-0.07157349201915446
MS,CSF_29,CTGAAGTAGCTTTGGT-1,CSF,-0.07157349201915446
MS,CSF_29,CTGATAGCAAGTACCT-1,CSF,-0.07157349201915446
MS,CSF_29,CTGATAGTCACGCGGT-1,CSF,-0.07157349201915446
MS,CSF_29,CTGATCCGTGCATCTA-1,CSF,-0.24521162539963462
MS,CSF_29,CTGCCTAAGCTCCTCT-1,CSF,-0.3040440448025166
MS,CSF_29,CTGCGGAGTCTCACCT-1,CSF,-0.07157349201915446
MS,CSF_29,CTGCGGATCACAAACC-1,CSF,0.2385526511128567
MS,CSF_29,CTGCTGTTCACCCTCA-1,CSF,-0.07157349201915446
MS,CSF_29,CTGCTGTTCGGTCTAA-1,CSF,-0.3332273523680936
MS,CSF_29,CTGCTGTTCGTAGGAG-1,CSF,0.05507578434400705
MS,CSF_29,CTGGTCTAGTGTCTCA-1,CSF,-0.07157349201915446
MS,CSF_29,CTTAACTAGTGGTAGC-1,CSF,-0.07157349201915446
MS,CSF_29,CTTCTCTAGAGGTACC-1,CSF,-0.07157349201915446
MS,CSF_29,CTTGGCTTCCGAATGT-1,CSF,-0.3507605853348151
MS,CSF_29,GAAACTCCAATCCAAC-1,CSF,-0.07157349201915446
MS,CSF_29,GAAACTCCATGGTAGG-1,CSF,-0.3293781463778988
MS,CSF_29,GAAACTCGTTCGTTGA-1,CSF,0.27075601758584644
MS,CSF_29,GAAACTCGTTGTACAC-1,CSF,-0.07157349201915446
MS,CSF_29,GAAACTCTCAGCTTAG-1,CSF,-0.07157349201915446
MS,CSF_29,GAACCTAAGACAGGCT-1,CSF,0.31658287158226894
MS,CSF_29,GAACCTACACATTTCT-1,CSF,-0.1908529826720375
MS,CSF_29,GAACGGAAGTGGAGTC-1,CSF,-0.5466370204801952
MS,CSF_29,GAACGGATCTAACTGG-1,CSF,0.5346495944600808
MS,CSF_29,GAAGCAGAGCCGCCTA-1,CSF,-0.07157349201915446
MS,CSF_29,GAAGCAGGTCCGAATT-1,CSF,-0.07157349201915446
MS,CSF_29,GAATAAGCAAAGAATC-1,CSF,0.1892566829857127
MS,CSF_29,GAATAAGCAATAAGCA-1,CSF,-0.07157349201915446
MS,CSF_29,GACAGAGGTGTATGGG-1,CSF,-0.07157349201915446
MS,CSF_29,GACGCGTAGGAATGGA-1,CSF,-0.07157349201915446
MS,CSF_29,GACGCGTAGTCGTACT-1,CSF,-0.04838854475028498
MS,CSF_29,GACGCGTGTGCAACTT-1,CSF,-0.07157349201915446
MS,CSF_29,GACGCGTGTTGGGACA-1,CSF,-0.07157349201915446
MS,CSF_29,GACGTTACAACTGGCC-1,CSF,-0.13441485213798565
MS,CSF_29,GACTAACGTCAGGACA-1,CSF,-0.07157349201915446
MS,CSF_29,GACTACACAGACACTT-1,CSF,-0.23805617489049388
MS,CSF_29,GACTGCGTCCCTTGTG-1,CSF,-0.07157349201915446
MS,CSF_29,GAGCAGAGTCAGAAGC-1,CSF,-0.07157349201915446
MS,CSF_29,GAGGTGAAGCCCTAAT-1,CSF,-0.5542283123543447
MS,CSF_29,GAGGTGACAGACGCAA-1,CSF,0.1233756998551543
MS,CSF_29,GAGTCCGTCCAAATGC-1,CSF,-0.2991826252163681
MS,CSF_29,GATCGCGCAAGGTGTG-1,CSF,-0.5063942715647505
MS,CSF_29,GATCGTAAGTGCGTGA-1,CSF,-0.07157349201915446
MS,CSF_29,GATCTAGAGTGTCCCG-1,CSF,0.7987779812639931
MS,CSF_29,GATCTAGTCGCAAACT-1,CSF,-0.07157349201915446
MS,CSF_29,GATGAGGCACCCATTC-1-1,CSF,-0.07157349201915446
MS,CSF_29,GATGCTAGTAAATACG-1,CSF,-0.07157349201915446
MS,CSF_29,GATTCAGCACCAGGCT-1,CSF,0.19571479463280225
MS,CSF_29,GCACATATCACCGTAA-1,CSF,-0.07157349201915446
MS,CSF_29,GCAGCCAGTTGACGTT-1,CSF,-0.26404004562609945
MS,CSF_29,GCATGTACAGGTTTCA-1,CSF,-0.15182951409985154
MS,CSF_29,GCCAAATCACAGCCCA-1,CSF,-0.07157349201915446
MS,CSF_29,GCGAGAAGTCCAGTGC-1,CSF,1.3287293760240406
MS,CSF_29,GCGAGAAGTGAGGCTA-1,CSF,-0.21942847195601928
MS,CSF_29,GCGCAGTAGGTGTGGT-1-1,CSF,-0.07157349201915446
MS,CSF_29,GCTGCAGAGTTTAGGA-1,CSF,-0.07157349201915446
MS,CSF_29,GCTGCAGGTATATGAG-1,CSF,-0.07157349201915446
MS,CSF_29,GCTGCAGGTCCTCTTG-1,CSF,-0.07157349201915446
MS,CSF_29,GCTGCAGGTGCACTTA-1,CSF,0.06369756548082972
MS,CSF_29,GCTGCAGTCCTTAATC-1,CSF,-0.07157349201915446
MS,CSF_29,GCTGCGAGTGCTTCTC-1,CSF,-0.07157349201915446
MS,CSF_29,GCTGCGAGTTAGATGA-1-2,CSF,-0.07157349201915446
MS,CSF_29,GCTGCGATCGCTAGCG-1,CSF,-0.46153415889512067
MS,CSF_29,GCTGCTTTCATGTGGT-1,CSF,-0.07157349201915446
MS,CSF_29,GGAACTTGTGACCAAG-1,CSF,-0.33195455863686946
MS,CSF_29,GGAATAAAGATACACA-1,CSF,-0.3599325570789528
MS,CSF_29,GGAATAACATGGAATA-1,CSF,0.280995848819458
MS,CSF_29,GGACATTGTTAGATGA-1,CSF,-0.07157349201915446
MS,CSF_29,GGACGTCAGAGCCCAA-1,CSF,-0.07157349201915446
MS,CSF_29,GGACGTCTCATCTGCC-1,CSF,-0.07157349201915446
MS,CSF_29,GGAGCAAGTAACGCGA-1,CSF,-0.07157349201915446
MS,CSF_29,GGATTACAGCGCTTAT-1,CSF,0.32220913920749145
MS,CSF_29,GGATTACAGTACGCCC-1,CSF,-0.03881565035342539
MS,CSF_29,GGCAATTAGCCTATGT-1,CSF,-0.04578479139882431
MS,CSF_29,GGCAATTTCAGGCCCA-1,CSF,0.08936095110255593
MS,CSF_29,GGCCGATCAAATTGCC-1-1,CSF,0.7011438685250735
MS,CSF_29,GGCGACTAGAGTGACC-1,CSF,0.33256261951907046
MS,CSF_29,GGCTCGATCGCGTAGC-1,CSF,-0.07157349201915446
MS,CSF_29,GGCTGGTCAGCTTAAC-1,CSF,-0.7400945425652284
MS,CSF_29,GGGACCTGTAGGGTAC-1,CSF,-0.5953426177899086
MS,CSF_29,GGGAGATTCTACTCAT-1,CSF,0.06604345192363384
MS,CSF_29,GGGTTGCCACCCTATC-1,CSF,0.3526811900595857
MS,CSF_29,GGGTTGCGTACGACCC-1,CSF,-0.07157349201915446
MS,CSF_29,GGTGAAGGTTGAACTC-1,CSF,-0.2671144921199039
MS,CSF_29,GGTGCGTAGAGGGATA-1,CSF,-1.391440494072407
MS,CSF_29,GGTGCGTGTTACGTCA-1,CSF,-0.5384660361872706
MS,CSF_29,GTAACGTGTCCGTCAG-1,CSF,-0.5642523196924376
MS,CSF_29,GTACTCCAGTTTCCTT-1,CSF,-0.07157349201915446
MS,CSF_29,GTACTTTAGTTAGCGG-1,CSF,-0.5933832367967515
MS,CSF_29,GTAGGCCCACATCCAA-1,CSF,-0.07157349201915446
MS,CSF_29,GTATCTTAGACTTGAA-1,CSF,0.2928724167094366
MS,CSF_29,GTATCTTTCGGTTCGG-1,CSF,-0.07157349201915446
MS,CSF_29,GTATTCTAGACTACAA-1,CSF,-0.07157349201915446
MS,CSF_29,GTATTCTAGGATGTAT-1,CSF,-0.07157349201915446
MS,CSF_29,GTATTCTGTACCGGCT-1,CSF,0.029476830250085722
MS,CSF_29,GTCATTTTCAACTCTT-1,CSF,0.32939831175784456
MS,CSF_29,GTCCTCACAGTACACT-1,CSF,-0.12571669150948503
MS,CSF_29,GTCGTAAGTCACTTCC-1,CSF,-0.31089348600621625
MS,CSF_29,GTCTCGTAGTGGGATC-1,CSF,0.2232326655758325
MS,CSF_29,GTCTCGTCAATGGACG-1,CSF,0.0559296542104335
MS,CSF_29,GTCTTCGGTACATCCA-1,CSF,0.3665717032118021
MS,CSF_29,GTGAAGGAGCGATATA-1,CSF,0.2289210698768607
MS,CSF_29,GTGCAGCGTTGCCTCT-1,CSF,-0.07157349201915446
MS,CSF_29,GTGCTTCCATGCTAGT-1,CSF,0.1058348597509873
MS,CSF_29,GTGTGCGTCCACGAAT-1,CSF,-0.261289665666735
MS,CSF_29,GTGTTAGGTGATGTGG-1,CSF,-0.07157349201915446
MS,CSF_29,GTTACAGTCCTTAATC-1,CSF,-0.07157349201915446
MS,CSF_29,GTTCATTAGGGAAACA-1,CSF,0.3784247486728477
MS,CSF_29,GTTCATTGTGATAAAC-1,CSF,-0.07157349201915446
MS,CSF_29,GTTCGGGCAGCGAACA-1,CSF,-0.07157349201915446
MS,CSF_29,GTTCTCGTCAGTCAGT-1,CSF,-0.07157349201915446
MS,CSF_29,GTTTCTAAGAGCTTCT-1,CSF,-0.07157349201915446
MS,CSF_29,TAAACCGAGAATTGTG-1,CSF,-0.18498787592578067
MS,CSF_29,TAAACCGCAGGATTGG-1,CSF,-0.3963226948420723
MS,CSF_29,TACACGAAGCTCTCGG-1,CSF,-0.07157349201915446
MS,CSF_29,TACGGATTCACCACCT-1,CSF,-0.07157349201915446
MS,CSF_29,TACGGGCTCGTCGTTC-1-1,CSF,0.15429792291770456
MS,CSF_29,TACGGTAAGGCATTGG-1-2,CSF,0.09013913853802855
MS,CSF_29,TACTCATTCACTCCTG-1,CSF,-0.07157349201915446
MS,CSF_29,TACTTACGTGCGCTTG-1,CSF,-0.07157349201915446
MS,CSF_29,TAGACCAAGGCTCATT-1,CSF,-0.22132655873653317
MS,CSF_29,TAGCCGGCAATGTAAG-1,CSF,-0.8929158539516795
MS,CSF_29,TAGGCATCATCGATGT-1,CSF,-0.07157349201915446
MS,CSF_29,TAGGCATGTCGACTGC-1,CSF,-0.07157349201915446
MS,CSF_29,TAGTGGTAGGTAGCTG-1,CSF,-0.07157349201915446
MS,CSF_29,TAGTGGTCATACTCTT-1,CSF,-0.07157349201915446
MS,CSF_29,TAGTTGGCACATTTCT-1,CSF,0.30556777816088
MS,CSF_29,TATCAGGCAGGCTGAA-1,CSF,0.12019453278371531
MS,CSF_29,TATCAGGGTTGAGTTC-1,CSF,-0.07157349201915446
MS,CSF_29,TATCTCAAGTAGCGGT-1,CSF,-0.07157349201915446
MS,CSF_29,TATGCCCAGAATGTTG-1,CSF,-0.1382028442488963
MS,CSF_29,TATGCCCTCATTATCC-1,CSF,-0.25521561131137493
MS,CSF_29,TATGCCCTCCATGCTC-1,CSF,-0.29788124001980354
MS,CSF_29,TCACAAGGTCATTAGC-1,CSF,-0.3651551884400227
MS,CSF_29,TCACGAACAAGACACG-1,CSF,-0.07157349201915446
MS,CSF_29,TCAGATGGTAAGTTCC-1,CSF,-0.4195972167174054
MS,CSF_29,TCAGCAAGTACCCAAT-1,CSF,0.176398585643345
MS,CSF_29,TCAGGATTCGCGTAGC-1,CSF,0.19983408987530016
MS,CSF_29,TCAGGTAAGAGTCTGG-1,CSF,-0.07157349201915446
MS,CSF_29,TCATTACAGGTGCAAC-1,CSF,-0.07157349201915446
MS,CSF_29,TCCCGATTCTTGCAAG-1,CSF,-0.07157349201915446
MS,CSF_29,TCGAGGCTCAAGGCTT-1,CSF,-0.07157349201915446
MS,CSF_29,TCGGGACCAGGTCTCG-1,CSF,-0.07157349201915446
MS,CSF_29,TCGGTAAGTGTGAATA-1,CSF,-0.07157349201915446
MS,CSF_29,TCGTACCCAGCTCCGA-1,CSF,0.30845100778717427
MS,CSF_29,TCTATTGGTCTCAACA-1,CSF,0.27354759760673153
MS,CSF_29,TCTCTAACAATGAAAC-1,CSF,0.041806792650146085
MS,CSF_29,TCTCTAATCGGACAAG-1,CSF,-0.07157349201915446
MS,CSF_29,TCTGGAAAGCGAGAAA-1,CSF,-0.07157349201915446
MS,CSF_29,TCTTCGGAGCGCCTTG-1,CSF,-0.07157349201915446
MS,CSF_29,TCTTTCCAGCCGTCGT-1,CSF,0.08382973460201569
MS,CSF_29,TCTTTCCGTGCACCAC-1,CSF,-0.07157349201915446
MS,CSF_29,TGACGGCCATCGATTG-1,CSF,-0.07157349201915446
MS,CSF_29,TGACGGCTCCTCAACC-1,CSF,-0.07157349201915446
MS,CSF_29,TGACGGCTCGGTTAAC-1,CSF,-0.07157349201915446
MS,CSF_29,TGACTAGAGCTGATAA-1,CSF,-0.07157349201915446
MS,CSF_29,TGAGCATTCTGCGGCA-1,CSF,-0.07157349201915446
MS,CSF_29,TGAGGGATCTGCGACG-1,CSF,0.19325077714185518
MS,CSF_29,TGCCCTACAAACTGTC-1,CSF,0.33597000467447946
MS,CSF_29,TGCGCAGGTAGCTAAA-1,CSF,-0.07157349201915446
MS,CSF_29,TGCTACCAGTAGCGGT-1,CSF,-0.07157349201915446
MS,CSF_29,TGCTGCTGTCTCGTTC-1,CSF,-0.07157349201915446
MS,CSF_29,TGGCGCAAGTGCCATT-1,CSF,-0.19753613443709508
MS,CSF_29,TGGCTGGAGTCCCACG-1,CSF,0.36520862952977573
MS,CSF_29,TGGCTGGGTCCAACTA-1,CSF,-0.38017117698205233
MS,CSF_29,TGGGCGTGTGGTTTCA-1,CSF,-0.26077812113160526
MS,CSF_29,TGGTTAGGTCTGGTCG-1,CSF,-0.07157349201915446
MS,CSF_29,TGGTTCCGTCTAAACC-1,CSF,-0.24278585399270122
MS,CSF_29,TGTATTCTCCGAATGT-1,CSF,-0.07157349201915446
MS,CSF_29,TGTATTCTCTCTGCTG-1,CSF,0.7088168591608979
MS,CSF_29,TGTGGTAGTAGCGTGA-1,CSF,-0.07157349201915446
MS,CSF_29,TGTGTTTGTCAAGCGA-1,CSF,0.41500543332655526
MS,CSF_29,TTAACTCTCTGTACGA-1,CSF,-1.018526645168947
MS,CSF_29,TTAGGACCACTAGTAC-1,CSF,-0.07157349201915446
MS,CSF_29,TTAGGCAAGTCATGCT-1,CSF,-0.07157349201915446
MS,CSF_29,TTAGGCAGTGACCAAG-1,CSF,-0.07157349201915446
MS,CSF_29,TTAGTTCAGGAGTAGA-1,CSF,0.6990443539733227
MS,CSF_29,TTAGTTCCACCAACCG-1,CSF,-0.49894631323692307
MS,CSF_29,TTATGCTCAGGGAGAG-1,CSF,-0.07157349201915446
MS,CSF_29,TTCTACAAGCAGCGTA-1,CSF,-0.2565788467831429
MS,CSF_29,TTCTACAAGGCATGGT-1,CSF,-0.07157349201915446
MS,CSF_29,TTCTACATCCTCAACC-1,CSF,-0.04792660184453655
MS,CSF_29,TTCTCAAGTGGCCCTA-1-1,CSF,-0.470822846872069
MS,CSF_29,TTGAACGGTAAATGTG-1,CSF,0.07054143005340945
MS,CSF_29,TTGACTTGTAGCTCCG-1,CSF,-0.33889019249552776
MS,CSF_29,TTGCGTCAGTACGATA-1,CSF,0.2720871519040922
MS,CSF_29,TTGCGTCGTTAAAGTG-1,CSF,-0.6638362563914499
MS,CSF_29,TTGGCAATCTGAGGGA-1-1,CSF,-0.07157349201915446
MS,CSF_29,TTTATGCCATCACGAT-1,CSF,-0.07157349201915446
MS,CSF_29,TTTCCTCCAACTGGCC-1,CSF,0.5277960561464109
MS,CSF_29,TTTCCTCGTTTCCACC-1,CSF,-0.07157349201915446
MS,CSF_29,TTTCCTCTCGGAAATA-1,CSF,-0.07157349201915446
MS,CSF_29,TTTGCGCAGTGTACGG-1,CSF,-0.3270936213736292
MS,CSF_29,TTTGGTTAGCCTCGTG-1,CSF,-0.6696863601726007
MS,CSF_29,TTTGGTTCAAATTGCC-1,CSF,0.2726929749566097
MS,CSF_29,TTTGTCATCTACCAGA-1,CSF,-0.2409652757849107
MS,CSF_31,AAACCTGAGTACGACG-1-1,CSF,-0.07157349201915446
MS,CSF_31,AAACCTGAGTATTGGA-1,CSF,-0.16605255770663213
MS,CSF_31,AAACCTGCACGGTAAG-1,CSF,0.4591787190256085
MS,CSF_31,AAACCTGGTACACCGC-1,CSF,-0.1006838658940993
MS,CSF_31,AAACCTGGTAGATTAG-1,CSF,0.25176841734976396
MS,CSF_31,AAACCTGTCTAACTTC-1,CSF,-0.24802887431930506
MS,CSF_31,AAACCTGTCTGTCTAT-1,CSF,0.06562905408404753
MS,CSF_31,AAACGGGCAATGGACG-1,CSF,-0.13519605062367387
MS,CSF_31,AAACGGGCATGATCCA-1,CSF,0.59946257832872
MS,CSF_31,AAACGGGCATGGTAGG-1,CSF,0.06376796853190665
MS,CSF_31,AAACGGGTCCCTAATT-1,CSF,-0.07157349201915446
MS,CSF_31,AAACGGGTCTCGGACG-1,CSF,0.004053433742742307
MS,CSF_31,AAAGATGCAAGCCGTC-1,CSF,-0.2192420689509064
MS,CSF_31,AAAGATGCAGCTATTG-1,CSF,0.1950892736729369
MS,CSF_31,AAAGATGCATATGGTC-1,CSF,-0.43575855172203404
MS,CSF_31,AAAGATGGTTGATTGC-1,CSF,0.1906406847140984
MS,CSF_31,AAAGATGTCGCCTGTT-1,CSF,0.3427313869269964
MS,CSF_31,AAAGATGTCTCCCTGA-1,CSF,0.2051942842410313
MS,CSF_31,AAAGCAAAGCGGCTTC-1,CSF,-0.22177852581038776
MS,CSF_31,AAAGCAAAGGTCATCT-1,CSF,-0.3374499719348761
MS,CSF_31,AAAGCAACAGCTGTTA-1,CSF,0.07046998709568401
MS,CSF_31,AAAGCAACATTTGCTT-1,CSF,0.0925675986098916
MS,CSF_31,AAAGCAAGTAAGAGGA-1,CSF,-0.1887237550039868
MS,CSF_31,AAAGCAAGTCGGGTCT-1,CSF,0.02573673766684324
MS,CSF_31,AAAGCAAGTGCGGTAA-1,CSF,-0.7957775191378402
MS,CSF_31,AAAGTAGAGACGCTTT-1,CSF,0.13614255493121336
MS,CSF_31,AAAGTAGAGCATCATC-1,CSF,-0.17776764422933658
MS,CSF_31,AAAGTAGAGGGTATCG-1,CSF,0.1158498598387792
MS,CSF_31,AAAGTAGCAATCCGAT-1,CSF,0.22271912131301924
MS,CSF_31,AAAGTAGGTAAAGGAG-1,CSF,-0.16417876041689006
MS,CSF_31,AAAGTAGGTACAGTGG-1,CSF,-0.17781346482432261
MS,CSF_31,AAAGTAGGTCTTCAAG-1,CSF,-0.018022838267919776
MS,CSF_31,AAAGTAGTCGTACCGG-1,CSF,-0.2882283211683548
MS,CSF_31,AAATGCCAGCTCCCAG-1,CSF,-0.256440017174377
MS,CSF_31,AAATGCCAGTGAAGAG-1,CSF,-0.07157349201915446
MS,CSF_31,AAATGCCGTCCGAAGA-1,CSF,-0.5610984081155804
MS,CSF_31,AAATGCCTCAAACCGT-1,CSF,0.13360350101539484
MS,CSF_31,AAATGCCTCAGGTTCA-1,CSF,0.16306922800168921
MS,CSF_31,AACACGTAGTCTCGGC-1-1,CSF,0.1755755557631268
MS,CSF_31,AACACGTAGTGGGCTA-1,CSF,-0.1773043777531979
MS,CSF_31,AACACGTAGTGTTTGC-1,CSF,-0.18000264537815294
MS,CSF_31,AACACGTCATCTACGA-1,CSF,-0.2424466109545112
MS,CSF_31,AACACGTGTACACCGC-1,CSF,0.2135020303828768
MS,CSF_31,AACACGTTCAATAAGG-1,CSF,-0.3685473996821415
MS,CSF_31,AACACGTTCTCGTATT-1,CSF,-0.1586345898171487
MS,CSF_31,AACCATGGTATTCGTG-1,CSF,0.400030746151978
MS,CSF_31,AACCATGGTTCATGGT-1,CSF,0.1922057849511583
MS,CSF_31,AACCGCGAGTCCCACG-1,CSF,0.2401622968155894
MS,CSF_31,AACCGCGCAGTCCTTC-1,CSF,0.22773098839698783
MS,CSF_31,AACCGCGCATGACATC-1,CSF,-0.027930372965060242
MS,CSF_31,AACCGCGCATTGAGCT-1,CSF,-0.3005342781381635
MS,CSF_31,AACCGCGTCTACTATC-1,CSF,0.20652918000671225
MS,CSF_31,AACGTTGCACTCTGTC-1,CSF,0.3225904616343453
MS,CSF_31,AACGTTGGTGAGTGAC-1,CSF,0.2326461655660071
MS,CSF_31,AACGTTGTCACAGGCC-1,CSF,0.0389106204370769
MS,CSF_31,AACGTTGTCAGTCAGT-1,CSF,-0.05838313908196229
MS,CSF_31,AACGTTGTCCAATGGT-1-1,CSF,0.1453336585765808
MS,CSF_31,AACGTTGTCTTGTCAT-1,CSF,-0.05407241512613573
MS,CSF_31,AACTCAGGTCGGCATC-1,CSF,0.08466004392528137
MS,CSF_31,AACTCAGTCAACGGCC-1,CSF,0.1768783822508773
MS,CSF_31,AACTCCCCAATACGCT-1,CSF,0.2813420435687356
MS,CSF_31,AACTCCCGTAGGAGTC-1,CSF,0.5460058244408209
MS,CSF_31,AACTCCCGTCTGCGGT-1,CSF,-0.315095929142195
MS,CSF_31,AACTCCCGTTTAAGCC-1,CSF,0.0905130194485754
MS,CSF_31,AACTCCCTCCAGATCA-1,CSF,0.26570043721944936
MS,CSF_31,AACTCCCTCCGTTGTC-1,CSF,-0.17105531093345183
MS,CSF_31,AACTCTTAGGCTACGA-1,CSF,0.0720855530854121
MS,CSF_31,AACTCTTCAGCTTCGG-1,CSF,0.048451516685834646
MS,CSF_31,AACTCTTCATCCAACA-1,CSF,-0.03240713834546789
MS,CSF_31,AACTCTTCATTAACCG-1,CSF,0.28621098455905764
MS,CSF_31,AACTCTTGTACCGTAT-1,CSF,-0.7439765192374185
MS,CSF_31,AACTCTTTCGTCTGCT-1,CSF,-0.41762306441089786
MS,CSF_31,AACTCTTTCGTTTAGG-1,CSF,-0.6195543325524522
MS,CSF_31,AACTCTTTCTTACCTA-1,CSF,0.21292531999113665
MS,CSF_31,AACTGGTAGTGAAGAG-1,CSF,0.016044515451479533
MS,CSF_31,AACTGGTCATGCAATC-1-1,CSF,-0.07157349201915446
MS,CSF_31,AACTGGTGTCGCGGTT-1,CSF,-0.20910343617886443
MS,CSF_31,AACTGGTGTTGTGGCC-1,CSF,0.08827815533287585
MS,CSF_31,AACTGGTTCCAAGTAC-1,CSF,-0.21983014743688464
MS,CSF_31,AACTGGTTCCCATTTA-1,CSF,-0.07157349201915446
MS,CSF_31,AACTGGTTCTTGGGTA-1,CSF,-0.17424075323616967
MS,CSF_31,AACTTTCAGTGTGGCA-1,CSF,-0.44863077125430023
MS,CSF_31,AACTTTCGTACACCGC-1,CSF,-0.07157349201915446
MS,CSF_31,AACTTTCGTATCACCA-1,CSF,0.1047777325922336
MS,CSF_31,AACTTTCTCAACACTG-1,CSF,-0.2931432667599167
MS,CSF_31,AAGACCTCACCATCCT-1,CSF,-0.4100776969623294
MS,CSF_31,AAGACCTGTGACAAAT-1,CSF,-0.07157349201915446
MS,CSF_31,AAGACCTGTTATCGGT-1,CSF,0.015739890396360305
MS,CSF_31,AAGACCTTCATGTCTT-1,CSF,0.14990869700212947
MS,CSF_31,AAGACCTTCCATGCTC-1,CSF,0.24324984441893185
MS,CSF_31,AAGCCGCCAGCGATCC-1,CSF,0.23763038654981397
MS,CSF_31,AAGCCGCTCCTCAATT-1,CSF,0.08382798296027207
MS,CSF_31,AAGGAGCAGAAGCCCA-1,CSF,-0.07157349201915446
MS,CSF_31,AAGGAGCAGAGTAATC-1,CSF,0.549937051799129
MS,CSF_31,AAGGAGCGTAAACGCG-1,CSF,-0.07157349201915446
MS,CSF_31,AAGGAGCGTGTATGGG-1,CSF,0.36732042865904047
MS,CSF_31,AAGGAGCTCGGAAATA-1,CSF,-0.19615115802146293
MS,CSF_31,AAGGAGCTCTGAGGGA-1,CSF,0.05663644136577606
MS,CSF_31,AAGGCAGAGACTCGGA-1,CSF,-0.07157349201915446
MS,CSF_31,AAGGCAGAGATGGGTC-1,CSF,0.12966295367384442
MS,CSF_31,AAGGCAGAGGTGTTAA-1,CSF,-0.0451847377903678
MS,CSF_31,AAGGCAGCAGGACGTA-1,CSF,0.012952182695326655
MS,CSF_31,AAGGCAGCAGGGTACA-1,CSF,0.026439704452525
MS,CSF_31,AAGGCAGGTTGTCGCG-1,CSF,-0.19044656922598024
MS,CSF_31,AAGGCAGTCCTATTCA-1,CSF,0.009204584009413541
MS,CSF_31,AAGGTTCCAATAGAGT-1,CSF,0.44111081691843257
MS,CSF_31,AAGTCTGAGGACAGCT-1,CSF,-0.1972706594850712
MS,CSF_31,AAGTCTGCAACCGCCA-1,CSF,-0.07157349201915446
MS,CSF_31,AAGTCTGTCGATGAGG-1,CSF,0.24826037359705472
MS,CSF_31,AATCCAGCAGTATAAG-1,CSF,0.3072359920509138
MS,CSF_31,AATCCAGGTAGCGATG-1,CSF,-0.4409776941482325
MS,CSF_31,AATCCAGTCAGAGCTT-1,CSF,-0.17157558051247582
MS,CSF_31,AATCCAGTCGCCTGTT-1,CSF,0.6276573629352802
MS,CSF_31,AATCCAGTCGTTGACA-1,CSF,-0.29226659609872824
MS,CSF_31,AATCCAGTCTTATCTG-1,CSF,0.3105488772056761
MS,CSF_31,AATCGGTTCAAGGTAA-1,CSF,0.3170291669926521
MS,CSF_31,AATCGGTTCCACGTGG-1,CSF,-0.07157349201915446
MS,CSF_31,ACACCAAAGATTACCC-1,CSF,0.22250972384768072
MS,CSF_31,ACACCAAAGGCTAGCA-1,CSF,0.08499190419514888
MS,CSF_31,ACACCAAAGTAGGCCA-1,CSF,-0.07157349201915446
MS,CSF_31,ACACCAAAGTGGTAGC-1,CSF,0.06008046899832764
MS,CSF_31,ACACCAAGTAGAAAGG-1,CSF,-0.2651580226949948
MS,CSF_31,ACACCAATCCCAAGAT-1,CSF,0.2350199553438846
MS,CSF_31,ACACCCTAGAAGGTTT-1,CSF,-0.042846828030105276
MS,CSF_31,ACACCCTAGGATGCGT-1,CSF,-0.5606959140334437
MS,CSF_31,ACACCCTTCACGGTTA-1,CSF,-0.1942351898702632
MS,CSF_31,ACACCCTTCGAATGGG-1,CSF,0.11810686987888627
MS,CSF_31,ACACCGGAGTGTGAAT-1,CSF,-0.20022778574338984
MS,CSF_31,ACACCGGGTCCTCCAT-1,CSF,0.16994439380880627
MS,CSF_31,ACACTGAAGGGTGTTG-1,CSF,-0.519091408068448
MS,CSF_31,ACACTGAAGGTGTTAA-1,CSF,-0.11084946932219938
MS,CSF_31,ACACTGAAGTACGACG-1,CSF,0.019889302482093165
MS,CSF_31,ACACTGACACGTGAGA-1,CSF,-0.20075545405840295
MS,CSF_31,ACACTGAGTCGGCACT-1,CSF,-6.703749887057178e-05
MS,CSF_31,ACACTGAGTTTAAGCC-1,CSF,-0.44780485289644484
MS,CSF_31,ACACTGAGTTTAGCTG-1,CSF,-0.4543776903397076
MS,CSF_31,ACAGCCGAGCTCCCAG-1,CSF,-0.18259996547926072
MS,CSF_31,ACAGCCGCAATACGCT-1,CSF,-0.07157349201915446
MS,CSF_31,ACAGCCGGTAGCACGA-1,CSF,0.0355157466022134
MS,CSF_31,ACAGCCGTCCATTCTA-1,CSF,-0.2260158976478865
MS,CSF_31,ACAGCCGTCCGCGGTA-1,CSF,-0.3201814250594616
MS,CSF_31,ACAGCTAAGACAGACC-1,CSF,0.044794973645898226
MS,CSF_31,ACAGCTAAGGAGCGTT-1,CSF,-0.3219505301996075
MS,CSF_31,ACAGCTAGTATGAATG-1,CSF,0.10515791600103475
MS,CSF_31,ACATACGAGCTCAACT-1,CSF,-0.07157349201915446
MS,CSF_31,ACATACGCAGATGAGC-1,CSF,0.25938100809250486
MS,CSF_31,ACATACGCATACTCTT-1,CSF,0.3834240986615001
MS,CSF_31,ACATACGGTCATTAGC-1,CSF,0.051534606871242436
MS,CSF_31,ACATACGGTCTGGAGA-1,CSF,0.039628599818223746
MS,CSF_31,ACATACGGTTCTGTTT-1,CSF,0.4766304840488149
MS,CSF_31,ACATCAGGTGATAAAC-1,CSF,-0.19647495784296845
MS,CSF_31,ACATCAGTCACAATGC-1,CSF,-0.12224593494483153
MS,CSF_31,ACATGGTAGTCCTCCT-1,CSF,-0.011088403848945763
MS,CSF_31,ACATGGTCATTGAGCT-1,CSF,-0.18537949396170061
MS,CSF_31,ACATGGTGTCCATGAT-1,CSF,0.3550724365160076
MS,CSF_31,ACATGGTGTGTCAATC-1,CSF,-0.19629467234065462
MS,CSF_31,ACATGGTTCCGCGCAA-1,CSF,0.3122379643360849
MS,CSF_31,ACCAGTAAGACCACGA-1,CSF,-0.07157349201915446
MS,CSF_31,ACCAGTACATCGATGT-1,CSF,0.21845807399557143
MS,CSF_31,ACCAGTAGTCTTCGTC-1,CSF,-0.07157349201915446
MS,CSF_31,ACCCACTAGCAGCGTA-1,CSF,0.12369990830191836
MS,CSF_31,ACCCACTAGGCTAGCA-1,CSF,0.09511155110942214
MS,CSF_31,ACCCACTAGGTGCTAG-1,CSF,0.262239565092938
MS,CSF_31,ACCCACTGTATCGCAT-1,CSF,-0.5055073854612948
MS,CSF_31,ACCCACTGTCGCGGTT-1,CSF,-0.45167746999777464
MS,CSF_31,ACCCACTTCAATCTCT-1,CSF,-0.0019501100549943948
MS,CSF_31,ACCCACTTCTTGTCAT-1,CSF,0.2528331922707081
MS,CSF_31,ACCGTAAAGCACACAG-1,CSF,0.12004540024394757
MS,CSF_31,ACCGTAACACAGAGGT-1,CSF,-0.19230444630145274
MS,CSF_31,ACCGTAAGTAAACACA-1,CSF,0.722064281316145
MS,CSF_31,ACCGTAAGTAGCTTGT-1,CSF,-0.2898357185023945
MS,CSF_31,ACCGTAAGTCACTGGC-1,CSF,-0.6822513744728499
MS,CSF_31,ACCTTTAAGCAGCGTA-1,CSF,-0.46331630092169107
MS,CSF_31,ACCTTTACACAACGCC-1,CSF,-0.3079832508889663
MS,CSF_31,ACCTTTAGTACAGTTC-1,CSF,0.6454610221469599
MS,CSF_31,ACCTTTAGTCCCGACA-1,CSF,0.02540334583833265
MS,CSF_31,ACGAGCCAGATGAGAG-1,CSF,-0.23321116222240557
MS,CSF_31,ACGAGCCAGTATGACA-1,CSF,0.1366844481893055
MS,CSF_31,ACGAGCCCAAACGTGG-1,CSF,-0.044609530805160155
MS,CSF_31,ACGAGCCGTTAAAGAC-1,CSF,-0.11754793375804838
MS,CSF_31,ACGAGCCTCAGTCCCT-1,CSF,0.27903412186424076
MS,CSF_31,ACGAGCCTCCTAGGGC-1,CSF,0.5071590907213036
MS,CSF_31,ACGAGCCTCGCCTGAG-1,CSF,-0.24521162539963462
MS,CSF_31,ACGAGGACAGCTTCGG-1,CSF,0.19001990528126247
MS,CSF_31,ACGAGGAGTTCGCTAA-1,CSF,0.11341835439372175
MS,CSF_31,ACGAGGATCCGTAGGC-1,CSF,0.15340366745594178
MS,CSF_31,ACGATACAGACCGGAT-1,CSF,-0.21942848199338946
MS,CSF_31,ACGATACAGTTGTCGT-1,CSF,0.4640854514614026
MS,CSF_31,ACGATACCAAAGCGGT-1,CSF,-0.07157349201915446
MS,CSF_31,ACGATACCACCGGAAA-1,CSF,0.04318541008130462
MS,CSF_31,ACGATGTAGCTATGCT-1,CSF,0.39453569487551515
MS,CSF_31,ACGATGTCAAGCCCAC-1,CSF,-0.2288104621108935
MS,CSF_31,ACGATGTGTCGAATCT-1,CSF,0.1960406387000073
MS,CSF_31,ACGATGTTCAGCAACT-1,CSF,-0.3907658144247832
MS,CSF_31,ACGCAGCAGAGAACAG-1,CSF,-0.4842621786570863
MS,CSF_31,ACGCAGCAGGGATCTG-1-1,CSF,0.7605602781805268
MS,CSF_31,ACGCAGCAGGTGGGTT-1,CSF,0.02241531075975497
MS,CSF_31,ACGCAGCCAGTTTACG-1,CSF,0.30414224789875693
MS,CSF_31,ACGCAGCCATTGGCGC-1,CSF,0.30332666151879234
MS,CSF_31,ACGCAGCGTCTTCGTC-1,CSF,0.08783845658567928
MS,CSF_31,ACGCAGCTCAACGGGA-1,CSF,-0.07157349201915446
MS,CSF_31,ACGCAGCTCATGCATG-1,CSF,0.1819194112896505
MS,CSF_31,ACGCAGCTCTATCCCG-1,CSF,0.038354827256059286
MS,CSF_31,ACGCCAGAGCATCATC-1,CSF,-0.24662764415370406
MS,CSF_31,ACGCCAGAGCCGGTAA-1-1,CSF,-0.16819864783017222
MS,CSF_31,ACGCCAGAGTCGTACT-1,CSF,0.2540842089317393
MS,CSF_31,ACGCCAGCACTGAAGG-1,CSF,0.22097336640720616
MS,CSF_31,ACGCCAGCAGCTGTGC-1,CSF,-0.060191181491125616
MS,CSF_31,ACGCCAGCATGAGCGA-1,CSF,0.1601972194278182
MS,CSF_31,ACGCCAGCATTGAGCT-1,CSF,0.09539047966308768
MS,CSF_31,ACGCCAGGTAAGGGCT-1,CSF,-0.21845647877762278
MS,CSF_31,ACGCCAGGTCGCATAT-1,CSF,0.19117987764410613
MS,CSF_31,ACGCCAGGTCGGATCC-1,CSF,0.010123610377566943
MS,CSF_31,ACGCCAGGTGATAAAC-1,CSF,-0.07157349201915446
MS,CSF_31,ACGCCAGGTGCCTGTG-1,CSF,-0.09791174215122711
MS,CSF_31,ACGCCAGGTTGTCGCG-1,CSF,-0.07157349201915446
MS,CSF_31,ACGCCAGTCATTCACT-1,CSF,0.4254400088673564
MS,CSF_31,ACGCCAGTCCCTTGCA-1,CSF,0.04640021345704627
MS,CSF_31,ACGCCAGTCGCACTCT-1,CSF,-0.07157349201915446
MS,CSF_31,ACGCCGAAGCTAAACA-1,CSF,0.11513850943646421
MS,CSF_31,ACGCCGACACATAACC-1,CSF,-0.21413564619845804
MS,CSF_31,ACGCCGACACGTTGGC-1,CSF,0.10524880544790449
MS,CSF_31,ACGCCGACATGAAGTA-1,CSF,0.563745871621415
MS,CSF_31,ACGCCGAGTAGCCTCG-1,CSF,-0.02689510297603693
MS,CSF_31,ACGCCGAGTCTTCTCG-1,CSF,-0.38635503334100246
MS,CSF_31,ACGGAGACATCGGGTC-1,CSF,0.1319606738337134
MS,CSF_31,ACGGCCAGTTGATTGC-1,CSF,-0.18792766106091424
MS,CSF_31,ACGGCCAGTTTGTGTG-1,CSF,-0.07157349201915446
MS,CSF_31,ACGGGCTAGAGACTTA-1,CSF,-0.2000852149369974
MS,CSF_31,ACGGGCTGTCGAAAGC-1,CSF,0.18425004476433404
MS,CSF_31,ACGGGCTTCAGTTAGC-1,CSF,0.36557881256213387
MS,CSF_31,ACGGGCTTCCGATATG-1,CSF,-0.21549267857543933
MS,CSF_31,ACGGGTCAGGTGCACA-1,CSF,-0.15293335350331452
MS,CSF_31,ACGGGTCAGTGAACGC-1,CSF,0.07399568116207107
MS,CSF_31,ACGGGTCAGTGTTGAA-1,CSF,-0.3948911219992351
MS,CSF_31,ACGGGTCCACCATGTA-1,CSF,0.046358610291305516
MS,CSF_31,ACGGGTCGTCCAGTAT-1,CSF,0.03514091747757105
MS,CSF_31,ACGGGTCGTCTTGCGG-1,CSF,0.2110002966312273
MS,CSF_31,ACGGGTCTCAATCACG-1,CSF,0.1063499690559163
MS,CSF_31,ACGGGTCTCTGCTGTC-1-1,CSF,-0.1927364848271884
MS,CSF_31,ACGTCAAAGCATCATC-1,CSF,0.6273571033096302
MS,CSF_31,ACGTCAACAAATTGCC-1,CSF,-0.21262181911284497
MS,CSF_31,ACGTCAACATCGGGTC-1,CSF,-0.07157349201915446
MS,CSF_31,ACTATCTGTCAATGTC-1,CSF,-0.1260513329295023
MS,CSF_31,ACTATCTGTCATGCAT-1,CSF,-0.3959450984535861
MS,CSF_31,ACTATCTGTTCTCATT-1,CSF,0.019873251808529224
MS,CSF_31,ACTATCTTCGAGGTAG-1,CSF,-0.266133463580766
MS,CSF_31,ACTATCTTCGCGTAGC-1,CSF,0.013006085537916903
MS,CSF_31,ACTATCTTCTTGAGGT-1,CSF,-0.29816436099201626
MS,CSF_31,ACTGAACAGCTAACAA-1,CSF,0.3885173821718722
MS,CSF_31,ACTGAACCAGGAACGT-1-2,CSF,-0.33575973185848795
MS,CSF_31,ACTGAACCAGGCTGAA-1,CSF,0.475916044434309
MS,CSF_31,ACTGAACGTTCCGTCT-1,CSF,-0.23318567400836532
MS,CSF_31,ACTGAACTCAAAGACA-1,CSF,-0.5105671353837743
MS,CSF_31,ACTGAACTCTCAAGTG-1,CSF,0.1285487839348411
MS,CSF_31,ACTGAGTTCGGTGTTA-1,CSF,0.23097895467890256
MS,CSF_31,ACTGATGCAGTGACAG-1,CSF,-0.07157349201915446
MS,CSF_31,ACTGCTCAGGATGCGT-1,CSF,-0.29455721377281197
MS,CSF_31,ACTGCTCCAACTGCTA-1,CSF,0.016121861493267997
MS,CSF_31,ACTGCTCGTGTTAAGA-1,CSF,-0.19039204018854688
MS,CSF_31,ACTGCTCTCAATCTCT-1,CSF,-0.05881166009224786
MS,CSF_31,ACTGTCCAGGAACTGC-1,CSF,-0.05798763110929659
MS,CSF_31,ACTGTCCGTAGGAGTC-1,CSF,-0.27808722737161456
MS,CSF_31,ACTGTCCGTATTAGCC-1,CSF,-0.054331925828975725
MS,CSF_31,ACTTACTAGATATACG-1,CSF,0.07374986000014545
MS,CSF_31,ACTTACTCACGAGGTA-1,CSF,-0.07157349201915446
MS,CSF_31,ACTTACTGTAAAGTCA-1,CSF,0.030138850297321534
MS,CSF_31,ACTTACTGTGAGGGAG-1,CSF,-0.004423790577004546
MS,CSF_31,ACTTACTTCAGAGCTT-1,CSF,0.714331664953873
MS,CSF_31,ACTTGTTAGATGTAAC-1,CSF,0.04460222673778081
MS,CSF_31,ACTTGTTAGCGTCAAG-1,CSF,-0.0016534441740226177
MS,CSF_31,ACTTGTTCACAGGAGT-1,CSF,-0.15277913014114058
MS,CSF_31,ACTTGTTCACATGACT-1,CSF,-0.028984284700353666
MS,CSF_31,ACTTGTTTCCGTAGGC-1,CSF,-0.31613261854403485
MS,CSF_31,ACTTTCATCGGAAATA-1,CSF,-0.23531113036304477
MS,CSF_31,AGAATAGAGTAAGTAC-1,CSF,-0.38441865027082667
MS,CSF_31,AGAATAGGTGCCTGGT-1,CSF,0.6744107605747283
MS,CSF_31,AGACGTTGTAGAGTGC-1,CSF,-0.07157349201915446
MS,CSF_31,AGACGTTGTCTAGAGG-1,CSF,0.09504231445190826
MS,CSF_31,AGACGTTTCATACGGT-1,CSF,-0.022532623791307684
MS,CSF_31,AGAGCGACAGATTGCT-1,CSF,0.10578678965281556
MS,CSF_31,AGAGCGAGTCTGGAGA-1,CSF,-0.05328046350072365
MS,CSF_31,AGAGCGATCTTGTCAT-1,CSF,-0.0582325556905429
MS,CSF_31,AGAGCTTGTGCGCTTG-1,CSF,-0.07157349201915446
MS,CSF_31,AGAGTGGCAACACCTA-1,CSF,-0.5670326737282051
MS,CSF_31,AGAGTGGCAGATCTGT-1,CSF,0.12330133972266757
MS,CSF_31,AGAGTGGCAGTTCCCT-1,CSF,-0.12672236499441686
MS,CSF_31,AGAGTGGGTCATATGC-1,CSF,-0.22863262698783754
MS,CSF_31,AGAGTGGTCTTATCTG-1,CSF,-0.07496990681866754
MS,CSF_31,AGATCTGAGCCAGGAT-1,CSF,0.10221344812959465
MS,CSF_31,AGATCTGAGGGTGTTG-1,CSF,0.4385882606211865
MS,CSF_31,AGATCTGCAACACCTA-1,CSF,0.1879686855583859
MS,CSF_31,AGATCTGGTATAGTAG-1,CSF,-0.3716114068101507
MS,CSF_31,AGATCTGTCATTATCC-1,CSF,-0.25846099421977126
MS,CSF_31,AGATCTGTCTATCCCG-1,CSF,-0.3124560386356166
MS,CSF_31,AGATTGCAGTGTGGCA-1,CSF,-0.07157349201915446
MS,CSF_31,AGATTGCTCTCGAGTA-1,CSF,0.11207513720083627
MS,CSF_31,AGATTGCTCTCGCATC-1,CSF,-0.07157349201915446
MS,CSF_31,AGCAGCCAGGAGTTTA-1,CSF,0.043220810862559404
MS,CSF_31,AGCAGCCAGGGAAACA-1,CSF,-0.22179689619167345
MS,CSF_31,AGCAGCCCAAGCGCTC-1,CSF,-0.07157349201915446
MS,CSF_31,AGCAGCCCAGCTGTTA-1,CSF,0.25857305230658434
MS,CSF_31,AGCAGCCGTAGCTAAA-1,CSF,-0.17872375392821788
MS,CSF_31,AGCAGCCGTATTCGTG-1,CSF,0.2595341136592576
MS,CSF_31,AGCAGCCGTGTTTGGT-1,CSF,-0.4671114937555011
MS,CSF_31,AGCATACAGACAGACC-1,CSF,-0.07157349201915446
MS,CSF_31,AGCATACAGTGGACGT-1,CSF,-0.07157349201915446
MS,CSF_31,AGCATACCATATGGTC-1,CSF,-0.3080443065773997
MS,CSF_31,AGCATACGTAATCGTC-1,CSF,0.4320984624226713
MS,CSF_31,AGCCTAAAGCGCCTTG-1,CSF,-0.16771218005826813
MS,CSF_31,AGCCTAACACCGAAAG-1,CSF,0.21726421203713095
MS,CSF_31,AGCCTAACACTGCCAG-1,CSF,-0.05787702785841642
MS,CSF_31,AGCCTAACATCTCGCT-1,CSF,-0.4843866313956825
MS,CSF_31,AGCCTAAGTAAATGTG-1,CSF,-0.23393471023586107
MS,CSF_31,AGCCTAAGTGTCCTCT-1,CSF,0.3703158801815444
MS,CSF_31,AGCCTAAGTGTTGAGG-1,CSF,0.34778028449879966
MS,CSF_31,AGCCTAATCATGTCTT-1,CSF,0.1816382970162333
MS,CSF_31,AGCCTAATCCGAATGT-1,CSF,0.3235306062194998
MS,CSF_31,AGCGGTCCAATGGAGC-1,CSF,0.032771130388315535
MS,CSF_31,AGCGGTCCATCACAAC-1,CSF,0.08463185047817469
MS,CSF_31,AGCGGTCTCAGGCAAG-1,CSF,-0.07157349201915446
MS,CSF_31,AGCGGTCTCCAGAGGA-1,CSF,0.40118459133146805
MS,CSF_31,AGCGTATAGAACTGTA-1,CSF,-0.07157349201915446
MS,CSF_31,AGCGTATAGCGAGAAA-1,CSF,-0.07157349201915446
MS,CSF_31,AGCGTATAGGCCCTTG-1,CSF,0.048061936733306714
MS,CSF_31,AGCGTATAGTTAAGTG-1,CSF,-0.23335863746602595
MS,CSF_31,AGCGTATCAAGTTCTG-1,CSF,0.18499104572732628
MS,CSF_31,AGCGTATGTAGCTAAA-1-1,CSF,0.4388670804211213
MS,CSF_31,AGCGTATGTATCAGTC-1,CSF,-0.07157349201915446
MS,CSF_31,AGCGTATTCTCACATT-1,CSF,0.2710641242639983
MS,CSF_31,AGCGTCGCAAGCCGCT-1,CSF,0.44327634221372664
MS,CSF_31,AGCGTCGCACGGTAGA-1,CSF,-0.2628039836348293
MS,CSF_31,AGCGTCGTCAAAGTAG-1,CSF,-0.07157349201915446
MS,CSF_31,AGCTCCTAGCAGCGTA-1,CSF,0.185773770200072
MS,CSF_31,AGCTCCTAGCCGGTAA-1,CSF,-0.07157349201915446
MS,CSF_31,AGCTCCTCAAAGAATC-1,CSF,-0.3337418178770051
MS,CSF_31,AGCTCCTTCACCATAG-1,CSF,-0.6346415035339568
MS,CSF_31,AGCTCTCAGAAGGGTA-1,CSF,-0.005184382887039608
MS,CSF_31,AGCTCTCAGTTGTAGA-1,CSF,0.19279102136436466
MS,CSF_31,AGCTCTCCAAACTGTC-1,CSF,-0.07157349201915446
MS,CSF_31,AGCTCTCCAAAGCAAT-1,CSF,0.34572616781953186
MS,CSF_31,AGCTCTCCACTACAGT-1,CSF,-0.07157349201915446
MS,CSF_31,AGCTCTCCACTTAAGC-1,CSF,0.12471033939864529
MS,CSF_31,AGCTCTCTCAACGGGA-1,CSF,-0.27106231802023434
MS,CSF_31,AGCTCTCTCCTGCTTG-1,CSF,-0.24944124445296012
MS,CSF_31,AGCTCTCTCTCTTGAT-1,CSF,-0.17058606644555213
MS,CSF_31,AGCTTGAAGAGACTTA-1,CSF,0.23994882977643422
MS,CSF_31,AGCTTGATCAGGCGAA-1,CSF,-0.16267664093653683
MS,CSF_31,AGCTTGATCCGTCAAA-1,CSF,0.5331072657503318
MS,CSF_31,AGGCCACCACAAGACG-1,CSF,-0.17559032784708864
MS,CSF_31,AGGCCACGTAAGGGAA-1,CSF,0.08538622771901785
MS,CSF_31,AGGCCACGTCCGAATT-1,CSF,-0.4958616231300298
MS,CSF_31,AGGCCACGTTCCACAA-1,CSF,0.40980489709149454
MS,CSF_31,AGGCCACTCGTCCGTT-1,CSF,-0.17486754685599373
MS,CSF_31,AGGCCACTCTTCTGGC-1,CSF,-0.02435443089742687
MS,CSF_31,AGGCCGTAGGGATGGG-1,CSF,-0.43013834831860687
MS,CSF_31,AGGCCGTAGGGTTCCC-1,CSF,-0.20673827499263536
MS,CSF_31,AGGCCGTGTGGTACAG-1-1,CSF,-0.17291606126598902
MS,CSF_31,AGGCCGTTCCATGAGT-1,CSF,-0.4455400847975196
MS,CSF_31,AGGGAGTCACGTGAGA-1,CSF,-0.2429143460636867
MS,CSF_31,AGGGAGTGTATCGCAT-1,CSF,-0.07157349201915446
MS,CSF_31,AGGGAGTTCCACGAAT-1,CSF,-0.30965267679548786
MS,CSF_31,AGGGATGAGATGTGTA-1,CSF,0.019564653592644737
MS,CSF_31,AGGGATGCAACTGGCC-1,CSF,-0.07157349201915446
MS,CSF_31,AGGGATGCAGCTATTG-1-1,CSF,-0.07157349201915446
MS,CSF_31,AGGGATGCAGTCTTCC-1,CSF,-0.1898831716363712
MS,CSF_31,AGGGTGAAGTGGCACA-1,CSF,0.23119367808160898
MS,CSF_31,AGGTCATAGGGATCTG-1,CSF,0.12073733423558371
MS,CSF_31,AGGTCATCAATCACAC-1,CSF,-0.24932285193665832
MS,CSF_31,AGGTCCGAGCGCCTTG-1,CSF,-0.07157349201915446
MS,CSF_31,AGGTCCGGTAGCGATG-1,CSF,-0.3252488538980415
MS,CSF_31,AGGTCCGGTTGTGGAG-1-1,CSF,-0.2587040969605349
MS,CSF_31,AGGTCCGTCTTGAGGT-1,CSF,-0.2953839521346296
MS,CSF_31,AGTAGTCAGGATATAC-1,CSF,-0.24758463481424822
MS,CSF_31,AGTCTTTAGCCTATGT-1,CSF,0.02860992876263735
MS,CSF_31,AGTCTTTCACTATCTT-1,CSF,-0.07157349201915446
MS,CSF_31,AGTCTTTTCGTCACGG-1,CSF,0.6278625203742721
MS,CSF_31,AGTGAGGGTGCACTTA-1,CSF,-0.6152530563539944
MS,CSF_31,AGTGAGGTCCCTAACC-1,CSF,0.11842099867188682
MS,CSF_31,AGTGAGGTCGTGGTCG-1,CSF,-0.7436749422805216
MS,CSF_31,AGTGGGAAGAGCCCAA-1,CSF,-0.07157349201915446
MS,CSF_31,AGTGGGACAGCTTCGG-1,CSF,-0.07157349201915446
MS,CSF_31,AGTGGGACATAGTAAG-1,CSF,0.0022134176121362814
MS,CSF_31,AGTGTCAAGCAGACTG-1,CSF,-0.07157349201915446
MS,CSF_31,AGTGTCACATCGTCGG-1,CSF,-0.030643868902072286
MS,CSF_31,AGTTGGTCAGCTTAAC-1,CSF,-0.21972947261372808
MS,CSF_31,AGTTGGTTCCAAGCCG-1,CSF,0.06577407258317555
MS,CSF_31,AGTTGGTTCGCGTAGC-1,CSF,0.3932897523252679
MS,CSF_31,ATAACGCAGATGTAAC-1,CSF,-0.07157349201915446
MS,CSF_31,ATAACGCAGCGTCAAG-1,CSF,-0.21759501976463533
MS,CSF_31,ATAACGCAGGTCGGAT-1,CSF,-0.27418327209114185
MS,CSF_31,ATAACGCAGTAGGCCA-1,CSF,-0.20994591051004066
MS,CSF_31,ATAACGCCACACCGAC-1,CSF,0.07503037586052616
MS,CSF_31,ATAACGCCACACTGCG-1,CSF,-0.23182761529556759
MS,CSF_31,ATAACGCCAGCATACT-1,CSF,-0.026795418803095234
MS,CSF_31,ATAACGCGTTAAGAAC-1,CSF,-0.07157349201915446
MS,CSF_31,ATAAGAGAGTGCAAGC-1,CSF,-0.43809784709373034
MS,CSF_31,ATAAGAGGTTCACCTC-1,CSF,0.22141546738734164
MS,CSF_31,ATAAGAGTCTGTTTGT-1,CSF,0.1349402682138939
MS,CSF_31,ATAGACCAGATCCTGT-1,CSF,-0.05831131434087113
MS,CSF_31,ATAGACCCATGCAACT-1,CSF,0.16274860015850237
MS,CSF_31,ATAGACCGTCGTTGTA-1,CSF,-0.2599399150015453
MS,CSF_31,ATAGACCGTCTGGTCG-1,CSF,-0.2579702270409659
MS,CSF_31,ATAGACCTCGGAAATA-1-1,CSF,-0.1747102736235953
MS,CSF_31,ATCACGACAAAGGTGC-1,CSF,-0.07157349201915446
MS,CSF_31,ATCACGAGTGATGATA-1,CSF,0.37441261519662106
MS,CSF_31,ATCACGAGTTCCATGA-1,CSF,-0.268466736450531
MS,CSF_31,ATCATCTAGCCGGTAA-1,CSF,0.4116318264071994
MS,CSF_31,ATCATCTAGGGAACGG-1,CSF,-0.25914900042878436
MS,CSF_31,ATCATCTGTCAAAGAT-1,CSF,0.3038117718515839
MS,CSF_31,ATCATCTGTCGCGGTT-1,CSF,0.1663679829620143
MS,CSF_31,ATCATCTGTGGTTTCA-1,CSF,0.17816998531814296
MS,CSF_31,ATCATCTTCAACCATG-1,CSF,-0.14635912765843914
MS,CSF_31,ATCATGGAGGTGATAT-1,CSF,-0.16141243202139416
MS,CSF_31,ATCATGGAGTGGACGT-1,CSF,0.5306126550585464
MS,CSF_31,ATCATGGCACCTTGTC-1,CSF,0.09906832676684353
MS,CSF_31,ATCATGGCAGCGAACA-1,CSF,0.25816204975066714
MS,CSF_31,ATCATGGCATGATCCA-1,CSF,-0.3993010841417174
MS,CSF_31,ATCATGGGTGTGGCTC-1,CSF,-0.1662175319233222
MS,CSF_31,ATCATGGGTTACGTCA-1,CSF,0.2758125263062307
MS,CSF_31,ATCATGGGTTAGTGGG-1,CSF,-0.07157349201915446
MS,CSF_31,ATCCACCCAACGATCT-1,CSF,0.5699228157344488
MS,CSF_31,ATCCACCCAATGAAAC-1,CSF,-0.07157349201915446
MS,CSF_31,ATCCACCGTGAACCTT-1,CSF,-0.18216836674806863
MS,CSF_31,ATCCACCGTTCAGCGC-1,CSF,-0.20071774993257874
MS,CSF_31,ATCCACCTCCGTAGGC-1,CSF,0.21369470887238423
MS,CSF_31,ATCCGAAAGGCTCAGA-1,CSF,0.33804604091695306
MS,CSF_31,ATCCGAACAAGGACTG-1,CSF,0.0858368193992309
MS,CSF_31,ATCCGAATCTCGGACG-1,CSF,-0.5143935989119722
MS,CSF_31,ATCGAGTAGGATGGTC-1,CSF,0.08256470995713192
MS,CSF_31,ATCGAGTAGTAAGTAC-1,CSF,-0.09213398766867673
MS,CSF_31,ATCGAGTCATCGATGT-1,CSF,0.17030535647524175
MS,CSF_31,ATCGAGTTCGCATGAT-1,CSF,-0.03647809688165326
MS,CSF_31,ATCGAGTTCTCGATGA-1,CSF,-0.14947536552131463
MS,CSF_31,ATCTACTCAACACCCG-1,CSF,-0.07157349201915446
MS,CSF_31,ATCTACTCAGGGTACA-1,CSF,0.38971302199549773
MS,CSF_31,ATCTACTGTCACCCAG-1,CSF,-0.23014119640084812
MS,CSF_31,ATCTACTGTGTTTGTG-1,CSF,-0.04372278387946242
MS,CSF_31,ATCTGCCCAGACGCTC-1,CSF,-0.5861001366721013
MS,CSF_31,ATCTGCCTCGGAGCAA-1,CSF,-0.19645474613376715
MS,CSF_31,ATGAGGGAGATATACG-1-1,CSF,-0.19957153244201395
MS,CSF_31,ATGAGGGAGCTTATCG-1,CSF,0.10683193614374517
MS,CSF_31,ATGCGATAGGCAGTCA-1,CSF,-0.014069991570336282
MS,CSF_31,ATGCGATCAGCGTCCA-1,CSF,-0.16214550131694924
MS,CSF_31,ATGCGATTCGTTACAG-1,CSF,-0.6512274222861097
MS,CSF_31,ATGCGATTCTTTACAC-1,CSF,-0.07157349201915446
MS,CSF_31,ATGGGAGGTACAAGTA-1,CSF,-0.07157349201915446
MS,CSF_31,ATGGGAGTCATCGGAT-1,CSF,0.11138630103318554
MS,CSF_31,ATGGGAGTCTTAGAGC-1,CSF,0.2479883680012493
MS,CSF_31,ATTACTCAGGCACATG-1,CSF,-0.058608345774986415
MS,CSF_31,ATTACTCAGGCGACAT-1,CSF,0.14508508807137524
MS,CSF_31,ATTACTCCAAAGCGGT-1,CSF,-0.357329445177156
MS,CSF_31,ATTACTCCAGTAAGCG-1,CSF,0.3012300139779551
MS,CSF_31,ATTATCCAGTGCCATT-1,CSF,-0.16774101825565094
MS,CSF_31,ATTATCCTCCTAGAAC-1,CSF,-0.07157349201915446
MS,CSF_31,ATTATCCTCCTTTCTC-1,CSF,0.300978074081859
MS,CSF_31,ATTCTACAGGATGCGT-1,CSF,-0.6871010747446674
MS,CSF_31,ATTCTACCAGATAATG-1,CSF,0.024289199587779094
MS,CSF_31,ATTCTACGTCGAAAGC-1,CSF,-0.1932764250826282
MS,CSF_31,ATTCTACGTCTGCCAG-1,CSF,0.10667984650030594
MS,CSF_31,ATTGGACAGACAAGCC-1,CSF,-0.08577994179194408
MS,CSF_31,ATTGGACCACAGGTTT-1,CSF,0.11655849452499116
MS,CSF_31,ATTGGACCATGAACCT-1,CSF,-0.07157349201915446
MS,CSF_31,ATTGGACGTCTGCAAT-1,CSF,-0.17902065933888303
MS,CSF_31,ATTGGACGTCTTGCGG-1,CSF,-0.07421100316789417
MS,CSF_31,ATTGGACGTGCGAAAC-1,CSF,-0.17496806108122703
MS,CSF_31,ATTGGTGCAGGAACGT-1,CSF,-0.21219535883858306
MS,CSF_31,ATTGGTGTCTACTATC-1,CSF,-0.03003465770877984
MS,CSF_31,ATTTCTGAGCGTCAAG-1,CSF,-0.07157349201915446
MS,CSF_31,ATTTCTGAGCGTGTCC-1,CSF,-0.16196138113820727
MS,CSF_31,ATTTCTGCAAGCGTAG-1,CSF,0.4692771921044333
MS,CSF_31,ATTTCTGCATCTATGG-1,CSF,-0.07157349201915446
MS,CSF_31,ATTTCTGGTAAATACG-1,CSF,-0.22941604524087905
MS,CSF_31,ATTTCTGGTTATCACG-1-3,CSF,-0.1779205535270402
MS,CSF_31,ATTTCTGTCTTGCCGT-1,CSF,-0.07157349201915446
MS,CSF_31,CAACCAAAGAACAACT-1,CSF,0.12420950965363328
MS,CSF_31,CAACCAAAGAGTACCG-1,CSF,-0.029227003100535616
MS,CSF_31,CAACCAACAGTAACGG-1,CSF,-0.07157349201915446
MS,CSF_31,CAACCAATCTCGTATT-1,CSF,0.3548157421709376
MS,CSF_31,CAACCTCAGTCCGGTC-1,CSF,-0.20882003617198525
MS,CSF_31,CAACCTCAGTTTCCTT-1,CSF,-0.07157349201915446
MS,CSF_31,CAACCTCCACGGCGTT-1,CSF,0.18848121005871982
MS,CSF_31,CAACCTCCAGACAAGC-1,CSF,0.014608242126144184
MS,CSF_31,CAACCTCTCAAACAAG-1,CSF,0.06767768365540676
MS,CSF_31,CAACCTCTCCATGAGT-1,CSF,-0.07157349201915446
MS,CSF_31,CAACCTCTCGCAAGCC-1,CSF,0.2820632754177307
MS,CSF_31,CAACCTCTCGGCGCTA-1,CSF,0.08333377034475122
MS,CSF_31,CAACTAGAGAAGGTGA-1,CSF,0.25760548510377346
MS,CSF_31,CAACTAGCACGAAACG-1,CSF,0.2642640136707678
MS,CSF_31,CAACTAGCAGCTCCGA-1,CSF,0.0947013109909005
MS,CSF_31,CAACTAGGTAATTGGA-1,CSF,0.11014027690020216
MS,CSF_31,CAACTAGGTATGAAAC-1,CSF,-0.07157349201915446
MS,CSF_31,CAACTAGGTTAAGTAG-1,CSF,-0.2590018478758997
MS,CSF_31,CAACTAGTCAGTTGAC-1,CSF,0.16804516691809596
MS,CSF_31,CAACTAGTCTCAAACG-1,CSF,-0.07157349201915446
MS,CSF_31,CAAGAAAGTCGCCATG-1,CSF,0.3956091255577718
MS,CSF_31,CAAGAAATCAAAGACA-1,CSF,0.11868339198941144
MS,CSF_31,CAAGAAATCCAAATGC-1,CSF,0.20749109587174366
MS,CSF_31,CAAGATCAGGATGTAT-1,CSF,0.04237201834134298
MS,CSF_31,CAAGATCCATGTCTCC-1,CSF,-0.07238524139539329
MS,CSF_31,CAAGATCTCACGCGGT-1,CSF,-0.13121442650076126
MS,CSF_31,CAAGATCTCAGGCAAG-1,CSF,0.4695472183360714
MS,CSF_31,CAAGATCTCCCTGACT-1,CSF,-0.399583117682651
MS,CSF_31,CAAGGCCAGATCTGAA-1-1,CSF,-0.3913207820834164
MS,CSF_31,CAAGGCCAGATGCGAC-1,CSF,0.12612983528902724
MS,CSF_31,CAAGGCCAGTGCCATT-1,CSF,-0.15855600724581345
MS,CSF_31,CAAGGCCGTACAGCAG-1,CSF,-0.07157349201915446
MS,CSF_31,CAAGGCCGTCACCCAG-1,CSF,-0.21010356432550112
MS,CSF_31,CAAGGCCGTCATTAGC-1,CSF,0.005389078279793014
MS,CSF_31,CAAGGCCTCCTTTCTC-1,CSF,-0.07157349201915446
MS,CSF_31,CAAGGCCTCTTCAACT-1,CSF,0.04616865082524191
MS,CSF_31,CAAGTTGAGGATGCGT-1,CSF,-0.25155709207041527
MS,CSF_31,CACAAACAGACTGGGT-1,CSF,0.040769259748383184
MS,CSF_31,CACAAACAGAGTTGGC-1,CSF,0.17954446166358107
MS,CSF_31,CACAAACAGTGAACAT-1,CSF,0.33722125649114915
MS,CSF_31,CACAAACCAACACCCG-1,CSF,0.12155416004215679
MS,CSF_31,CACAAACCATGCCTAA-1,CSF,0.02619977706930308
MS,CSF_31,CACAAACCATTACGAC-1,CSF,-0.23902632765999923
MS,CSF_31,CACAAACTCCATGAGT-1,CSF,0.3141846519629783
MS,CSF_31,CACAAACTCGTATCAG-1,CSF,-0.43041207418218447
MS,CSF_31,CACACAAAGGGTCTCC-1,CSF,0.2335874972922626
MS,CSF_31,CACACAACAATGTAAG-1,CSF,0.16629360194318238
MS,CSF_31,CACACAACATGCTAGT-1,CSF,-0.07157349201915446
MS,CSF_31,CACACAATCATTATCC-1,CSF,-0.07157349201915446
MS,CSF_31,CACACAATCCCATTAT-1,CSF,-0.37950515583916783
MS,CSF_31,CACACCTAGAGTAAGG-1,CSF,-0.07157349201915446
MS,CSF_31,CACACCTCATCGTCGG-1,CSF,0.37902635598708734
MS,CSF_31,CACACCTGTCGAACAG-1,CSF,-0.3932012128836572
MS,CSF_31,CACACCTGTCGACTAT-1,CSF,-0.11711493898340772
MS,CSF_31,CACACCTGTGGCAAAC-1,CSF,-0.16505286574632055
MS,CSF_31,CACACCTGTTACTGAC-1,CSF,-0.30122194723466966
MS,CSF_31,CACACCTTCCCAAGTA-1,CSF,0.270063594006444
MS,CSF_31,CACACCTTCTGTGCAA-1,CSF,0.10648232799233458
MS,CSF_31,CACACTCAGAAACGCC-1,CSF,0.06034552075918224
MS,CSF_31,CACACTCAGCCCAATT-1,CSF,-0.12424121665921103
MS,CSF_31,CACACTCAGCGTAGTG-1,CSF,0.13857322182794124
MS,CSF_31,CACACTCCACGCGAAA-1,CSF,-0.07157349201915446
MS,CSF_31,CACACTCGTACTCAAC-1,CSF,-0.00032572677020903384
MS,CSF_31,CACACTCGTGCTCTTC-1,CSF,0.07560770036560815
MS,CSF_31,CACACTCGTTCCACAA-1,CSF,-0.07157349201915446
MS,CSF_31,CACAGGCAGTGGTAAT-1,CSF,-0.22238722693632207
MS,CSF_31,CACAGGCCAACGATGG-1,CSF,-0.3319240602703829
MS,CSF_31,CACAGGCCACAGATTC-1,CSF,-0.15826266510157108
MS,CSF_31,CACAGGCTCCGCTGTT-1,CSF,0.008253428857180571
MS,CSF_31,CACAGTAAGGACATTA-1,CSF,-0.07157349201915446
MS,CSF_31,CACAGTAGTTAAGATG-1,CSF,-0.059328257079599225
MS,CSF_31,CACAGTAGTTGAGGTG-1,CSF,-0.07157349201915446
MS,CSF_31,CACAGTATCGTCACGG-1,CSF,-0.2210002839806481
MS,CSF_31,CACAGTATCTAACGGT-1,CSF,-0.8364959003130045
MS,CSF_31,CACATAGCACTCAGGC-1,CSF,0.1794505184215958
MS,CSF_31,CACATAGGTCATCCCT-1,CSF,0.5390103280874639
MS,CSF_31,CACATTTCAGCTGCAC-1,CSF,-0.16632854194386745
MS,CSF_31,CACATTTTCCTATTCA-1,CSF,-0.07157349201915446
MS,CSF_31,CACATTTTCGGAGCAA-1,CSF,-0.056250781809586106
MS,CSF_31,CACATTTTCTAAGCCA-1,CSF,-0.47240829681667434
MS,CSF_31,CACATTTTCTATCGCC-1,CSF,-0.07157349201915446
MS,CSF_31,CACCACTAGATATGGT-1,CSF,0.36126672273479815
MS,CSF_31,CACCACTAGCACCGCT-1,CSF,-0.2140979672810077
MS,CSF_31,CACCACTAGGGTGTGT-1,CSF,0.39092894978565246
MS,CSF_31,CACCACTCACTGTTAG-1,CSF,-0.029923610810479704
MS,CSF_31,CACCACTTCCCTCTTT-1,CSF,-0.07157349201915446
MS,CSF_31,CACCAGGGTGTCAATC-1,CSF,0.08619632532474375
MS,CSF_31,CACCAGGGTGTGAATA-1,CSF,-0.07157349201915446
MS,CSF_31,CACCAGGTCACTTATC-1,CSF,-0.15255534539008472
MS,CSF_31,CACCAGGTCTCTGTCG-1,CSF,-0.4521535224566794
MS,CSF_31,CACCAGGTCTTGTACT-1,CSF,-0.2282328014182231
MS,CSF_31,CACCTTGGTAACGTTC-1,CSF,0.34102711155749266
MS,CSF_31,CACCTTGGTCGCATCG-1,CSF,-0.07157349201915446
MS,CSF_31,CACCTTGTCGTTTATC-1,CSF,0.011351481751294745
MS,CSF_31,CACTCCAAGTGCAAGC-1,CSF,-0.07157349201915446
MS,CSF_31,CACTCCAAGTTTCCTT-1,CSF,-0.16065084655708659
MS,CSF_31,CACTCCAGTTCTGTTT-1,CSF,0.0326698988484621
MS,CSF_31,CACTCCATCGGAGGTA-1,CSF,0.37696346648961515
MS,CSF_31,CAGAATCAGACAGACC-1-1,CSF,-0.5015848700802809
MS,CSF_31,CAGAATCAGATCTGCT-1,CSF,-0.5931258801947442
MS,CSF_31,CAGAATCCAGGGCATA-1,CSF,0.6486832225969029
MS,CSF_31,CAGAATCGTACTTCTT-1,CSF,-0.1852723851842426
MS,CSF_31,CAGAATCGTAGCTCCG-1,CSF,0.20871022846051693
MS,CSF_31,CAGAGAGAGACTGGGT-1-1,CSF,-0.3286164365007388
MS,CSF_31,CAGAGAGCAGCCTGTG-1,CSF,0.1438642194071797
MS,CSF_31,CAGAGAGGTTATCGGT-1,CSF,-0.07157349201915446
MS,CSF_31,CAGATCACAATCCGAT-1,CSF,-0.07157349201915446
MS,CSF_31,CAGATCAGTCTAGGTT-1,CSF,-0.07157349201915446
MS,CSF_31,CAGATCATCGGACAAG-1,CSF,0.32671433544661976
MS,CSF_31,CAGCAGCAGACGCACA-1,CSF,-0.3547491548644034
MS,CSF_31,CAGCAGCCACATGGGA-1,CSF,0.06964129907376507
MS,CSF_31,CAGCATAAGACTTTCG-1,CSF,0.13842462378332013
MS,CSF_31,CAGCATAAGTCGTACT-1,CSF,0.07960742356679544
MS,CSF_31,CAGCATACAAACAACA-1,CSF,-0.07693296276144297
MS,CSF_31,CAGCATACATCGGACC-1-1,CSF,-0.22806058062412168
MS,CSF_31,CAGCATAGTATATGGA-1,CSF,0.22757005918154652
MS,CSF_31,CAGCATATCAGTGCAT-1,CSF,0.1659271913936673
MS,CSF_31,CAGCATATCCTACAGA-1,CSF,0.042717340082745824
MS,CSF_31,CAGCCGAAGCAATCTC-1,CSF,-0.07157349201915446
MS,CSF_31,CAGCCGAGTTGGTGGA-1,CSF,-0.06855231979553858
MS,CSF_31,CAGCCGATCCTGCCAT-1,CSF,0.012624417851464412
MS,CSF_31,CAGCCGATCGTAGATC-1,CSF,-0.284978086411745
MS,CSF_31,CAGCGACAGCAGCGTA-1,CSF,-0.06084362190593481
MS,CSF_31,CAGCGACCAAGTCTGT-1,CSF,-0.1636961846772964
MS,CSF_31,CAGCGACCACCATGTA-1,CSF,-0.22873649672985255
MS,CSF_31,CAGCGACCAGCCTTGG-1,CSF,-0.4951292315399485
MS,CSF_31,CAGCGACCATACAGCT-1,CSF,0.17333841114227652
MS,CSF_31,CAGCTAAGTAGATTAG-1,CSF,0.14502842936428348
MS,CSF_31,CAGCTAAGTGTGGCTC-1,CSF,-0.15443175220226363
MS,CSF_31,CAGCTAATCGAGAGCA-1,CSF,-0.6179941997804976
MS,CSF_31,CAGCTAATCTCCAGGG-1,CSF,0.9669829956414474
MS,CSF_31,CAGCTGGAGCTTTGGT-1,CSF,0.1584415892092871
MS,CSF_31,CAGCTGGAGTCATGCT-1,CSF,0.033467775982313916
MS,CSF_31,CAGCTGGAGTGTTTGC-1,CSF,0.08676780056972504
MS,CSF_31,CAGCTGGGTATGGTTC-1,CSF,-0.2331640799005577
MS,CSF_31,CAGCTGGGTTACAGAA-1,CSF,-0.03075639196497948
MS,CSF_31,CAGCTGGTCGAATCCA-1,CSF,-0.6631212023226805
MS,CSF_31,CAGGTGCAGCCTCGTG-1,CSF,-0.07157349201915446
MS,CSF_31,CAGGTGCAGCGTGAAC-1,CSF,0.32346905468403603
MS,CSF_31,CAGGTGCAGTGAACAT-1,CSF,-0.07157349201915446
MS,CSF_31,CAGGTGCCAACACCCG-1,CSF,0.42317915159474573
MS,CSF_31,CAGGTGCCAAGTAATG-1,CSF,-0.2531359886533326
MS,CSF_31,CAGGTGCGTAGGCTGA-1,CSF,0.039079359869560314
MS,CSF_31,CAGGTGCGTATCAGTC-1,CSF,0.19841537082369168
MS,CSF_31,CAGGTGCGTGATGCCC-1,CSF,-0.196571763982535
MS,CSF_31,CAGTAACAGATCCCAT-1,CSF,-0.2662983936980127
MS,CSF_31,CAGTCCTCATTGCGGC-1,CSF,-0.25414806358763603
MS,CSF_31,CATATGGAGACTAGGC-1,CSF,-0.07157349201915446
MS,CSF_31,CATATGGTCATCTGTT-1,CSF,0.19374213486052247
MS,CSF_31,CATATGGTCGTTTAGG-1,CSF,-0.0037650582603660577
MS,CSF_31,CATATTCCAAGAGGCT-1,CSF,-0.026066073368069907
MS,CSF_31,CATATTCGTCATGCAT-1,CSF,0.3244099354196916
MS,CSF_31,CATCAAGAGACAAAGG-1,CSF,-0.03363116106719212
MS,CSF_31,CATCAAGAGCTAAACA-1,CSF,0.3296872926331808
MS,CSF_31,CATCAAGCACATTAGC-1,CSF,-0.41049343523499576
MS,CSF_31,CATCAAGGTGCTAGCC-1,CSF,-0.18310927168083474
MS,CSF_31,CATCAAGGTTGACGTT-1,CSF,-0.07157349201915446
MS,CSF_31,CATCAAGGTTGTGGCC-1,CSF,-0.18798410119357722
MS,CSF_31,CATCAAGTCACAAACC-1,CSF,0.1581531375295218
MS,CSF_31,CATCAGAAGATCTGCT-1,CSF,-0.07157349201915446
MS,CSF_31,CATCAGAAGCCACCTG-1,CSF,0.32348656910455914
MS,CSF_31,CATCAGAAGGGTGTGT-1,CSF,-0.22264710141302832
MS,CSF_31,CATCAGAAGTTAGGTA-1,CSF,-0.07157349201915446
MS,CSF_31,CATCAGAGTACCTACA-1,CSF,-0.022464301737847685
MS,CSF_31,CATCAGATCACCCTCA-1,CSF,0.22856388260363714
MS,CSF_31,CATCAGATCTCTTATG-1,CSF,0.25482704251173144
MS,CSF_31,CATCAGATCTTACCTA-1,CSF,-0.0515077119427806
MS,CSF_31,CATCAGATCTTTCCTC-1,CSF,-0.1560943397115379
MS,CSF_31,CATCCACAGGAGTAGA-1,CSF,-0.4927413743807393
MS,CSF_31,CATCCACCAAGCCTAT-1,CSF,-0.07157349201915446
MS,CSF_31,CATCCACCAGCAGTTT-1,CSF,0.39164173055801127
MS,CSF_31,CATCCACTCAGGCAAG-1,CSF,-0.3840694764594711
MS,CSF_31,CATCGAAGTCAAGCGA-1,CSF,-0.4638764254985756
MS,CSF_31,CATCGAAGTCTAGCGC-1,CSF,0.36279387471035174
MS,CSF_31,CATCGAAGTTCGTCTC-1,CSF,0.36499674111675445
MS,CSF_31,CATCGAATCATGTCTT-1,CSF,0.37663784653948224
MS,CSF_31,CATCGAATCGAACGGA-1,CSF,-0.35974265775054687
MS,CSF_31,CATCGGGGTCGAAAGC-1,CSF,-0.09663766458799895
MS,CSF_31,CATCGGGTCAAGAAGT-1,CSF,0.15329756142468964
MS,CSF_31,CATCGGGTCGATCCCT-1,CSF,-0.07157349201915446
MS,CSF_31,CATGACACAAGCCATT-1,CSF,-0.07157349201915446
MS,CSF_31,CATGACAGTGCGAAAC-1,CSF,0.2911450713191706
MS,CSF_31,CATGACATCCTCAACC-1,CSF,0.11197271404528496
MS,CSF_31,CATGCCTAGGATGGTC-1,CSF,-0.18815383312374448
MS,CSF_31,CATGCCTAGGTAAACT-1,CSF,0.6293155467132324
MS,CSF_31,CATGCCTCAGGACCCT-1,CSF,0.37215870865241396
MS,CSF_31,CATGCCTCATAAGACA-1,CSF,0.20489198321589713
MS,CSF_31,CATGGCGAGCGTCTAT-1,CSF,-0.590848313538529
MS,CSF_31,CATGGCGCAAGCTGTT-1,CSF,0.1544106542183716
MS,CSF_31,CATGGCGCACTGAAGG-1,CSF,0.43298445313869166
MS,CSF_31,CATGGCGTCTGATTCT-1,CSF,-0.07157349201915446
MS,CSF_31,CATTATCAGTCCGTAT-1,CSF,0.09862249255389073
MS,CSF_31,CATTATCCAAAGTGCG-1,CSF,1.0949977184078015
MS,CSF_31,CATTATCCAGCTCGCA-1,CSF,0.18012411213632282
MS,CSF_31,CATTATCTCCTACAGA-1,CSF,-0.01751835229376694
MS,CSF_31,CATTATCTCTCGGACG-1-1,CSF,0.06130331722067555
MS,CSF_31,CATTATCTCTTCCTTC-1,CSF,0.41428855436485273
MS,CSF_31,CATTATCTCTTGTCAT-1,CSF,0.10057963784978187
MS,CSF_31,CATTCGCAGTGCAAGC-1,CSF,0.3902933621128864
MS,CSF_31,CATTCGCGTACCGGCT-1,CSF,-0.23863109889132408
MS,CSF_31,CATTCGCGTGCGATAG-1,CSF,0.19315898468434506
MS,CSF_31,CATTCGCTCGGTGTCG-1,CSF,0.4006108976443648
MS,CSF_31,CCAATCCAGGAATGGA-1,CSF,-0.4113255633269753
MS,CSF_31,CCAATCCAGGCAAAGA-1,CSF,0.18268898432971628
MS,CSF_31,CCAATCCCACGGTAGA-1,CSF,-0.08978634527423991
MS,CSF_31,CCAATCCGTGAGTGAC-1,CSF,-0.07157349201915446
MS,CSF_31,CCAATCCTCACGATGT-1,CSF,-0.1698741559263893
MS,CSF_31,CCAATCCTCATTTGGG-1,CSF,0.057422468038637695
MS,CSF_31,CCACCTAAGAGGACGG-1,CSF,-0.20389523528459558
MS,CSF_31,CCACCTACACGACTCG-1,CSF,0.3183987795254191
MS,CSF_31,CCACCTACACTCAGGC-1,CSF,0.018829958366389867
MS,CSF_31,CCACCTATCCACTCCA-1,CSF,-0.07157349201915446
MS,CSF_31,CCACCTATCGAGAGCA-1,CSF,-0.3152186933594766
MS,CSF_31,CCACCTATCTATCGCC-1,CSF,0.09608587101060492
MS,CSF_31,CCACGGAAGCGTTGCC-1,CSF,-0.804794627758835
MS,CSF_31,CCACGGAGTTTGTTTC-1,CSF,-0.1764579982770933
MS,CSF_31,CCACGGATCATAACCG-1,CSF,-0.21549267857543933
MS,CSF_31,CCACGGATCGGCCGAT-1,CSF,-0.21309335563899623
MS,CSF_31,CCACTACAGCGGATCA-1,CSF,-0.07157349201915446
MS,CSF_31,CCACTACCATCACCCT-1,CSF,-0.19449076620477462
MS,CSF_31,CCACTACGTACCCAAT-1,CSF,0.23692639009448954
MS,CSF_31,CCACTACGTTGGTAAA-1,CSF,-0.16485800024115985
MS,CSF_31,CCACTACTCCTAGAAC-1,CSF,0.09463920342877892
MS,CSF_31,CCAGCGACAAACGCGA-1,CSF,0.3486870000543597
MS,CSF_31,CCAGCGATCCAGTAGT-1,CSF,-0.31822502011479753
MS,CSF_31,CCATGTCCACCACGTG-1,CSF,-0.8299410834528012
MS,CSF_31,CCATGTCCATGCCTTC-1,CSF,-0.07157349201915446
MS,CSF_31,CCATGTCGTCCTAGCG-1,CSF,-0.07157349201915446
MS,CSF_31,CCATGTCTCGTGGACC-1,CSF,0.15807697079887534
MS,CSF_31,CCATTCGAGAGCAATT-1,CSF,-0.20316051460726928
MS,CSF_31,CCATTCGAGTACGACG-1,CSF,0.25264931632771737
MS,CSF_31,CCATTCGGTTCACCTC-1,CSF,-0.19283988981504072
MS,CSF_31,CCATTCGTCACTTACT-1,CSF,-0.22550637707196386
MS,CSF_31,CCCAATCCACGCATCG-1,CSF,0.09414165782858931
MS,CSF_31,CCCAGTTCACTTACGA-1,CSF,0.20407941004966487
MS,CSF_31,CCCAGTTGTAGCGTGA-1,CSF,-0.09688537866491549
MS,CSF_31,CCCAGTTGTCTCTTTA-1,CSF,0.20244608783214593
MS,CSF_31,CCCAGTTGTTGAGGTG-1,CSF,-0.07157349201915446
MS,CSF_31,CCCAGTTTCCTCTAGC-1,CSF,0.26886077374517303
MS,CSF_31,CCCTCCTAGGCGTACA-1,CSF,-0.17295730482016153
MS,CSF_31,CCCTCCTCAAATCCGT-1,CSF,0.2148222183538023
MS,CSF_31,CCCTCCTCACATCCGG-1,CSF,-0.09906766940183788
MS,CSF_31,CCCTCCTCAGAGCCAA-1,CSF,-0.14777046854919498
MS,CSF_31,CCCTCCTTCTTAGCCC-1,CSF,0.08240997578509905
MS,CSF_31,CCGGGATAGCAAATCA-1,CSF,0.0724292506448505
MS,CSF_31,CCGGGATAGTCACGCC-1-1,CSF,-0.07157349201915446
MS,CSF_31,CCGGGATCACGAAGCA-1,CSF,-0.2537837403021448
MS,CSF_31,CCGGGATCATACAGCT-1,CSF,0.13571139005414518
MS,CSF_31,CCGGTAGAGGTGATTA-1,CSF,0.022423812061000414
MS,CSF_31,CCGGTAGAGTGACATA-1,CSF,-0.20279181467125754
MS,CSF_31,CCGGTAGAGTGGGCTA-1,CSF,0.17862979956815522
MS,CSF_31,CCGGTAGCACGGATAG-1,CSF,-0.07157349201915446
MS,CSF_31,CCGGTAGGTGTGACGA-1,CSF,-0.18876197730972757
MS,CSF_31,CCGTACTCACAGGTTT-1,CSF,0.05822844328944924
MS,CSF_31,CCGTACTCACTGTGTA-1,CSF,-0.38865542848469564
MS,CSF_31,CCGTACTGTCCAGTGC-1,CSF,0.20244702911066748
MS,CSF_31,CCGTACTTCACCTTAT-1,CSF,-0.10054857313572084
MS,CSF_31,CCGTGGAAGGAGCGTT-1,CSF,0.2569338578862689
MS,CSF_31,CCGTGGAAGGCTAGGT-1,CSF,0.38037334703597736
MS,CSF_31,CCGTGGACACACGCTG-1,CSF,-0.017993245321752078
MS,CSF_31,CCGTGGAGTTTACTCT-1,CSF,0.44829172747604823
MS,CSF_31,CCGTTCACAGATGGGT-1,CSF,-0.003913306922454186
MS,CSF_31,CCGTTCACAGCCTATA-1,CSF,-0.07157349201915446
MS,CSF_31,CCGTTCATCGGTTCGG-1,CSF,-0.22398037962374737
MS,CSF_31,CCTAAAGAGCTGAACG-1,CSF,0.020409260137503722
MS,CSF_31,CCTAAAGGTGCACTTA-1,CSF,-0.18695913513508935
MS,CSF_31,CCTAAAGTCTCTTGAT-1,CSF,0.12618667254004176
MS,CSF_31,CCTACACCACAGACAG-1,CSF,-0.07157349201915446
MS,CSF_31,CCTACACCACCTCGGA-1,CSF,-0.49624410944883335
MS,CSF_31,CCTACACCACGTGAGA-1,CSF,-0.14558040199195157
MS,CSF_31,CCTACACCAGTGACAG-1,CSF,0.1457599192372043
MS,CSF_31,CCTACACTCCGGGTGT-1,CSF,0.6664299117145233
MS,CSF_31,CCTACCACAGTATCTG-1,CSF,0.22375901829971337
MS,CSF_31,CCTACCAGTCATCGGC-1,CSF,0.05599173049436403
MS,CSF_31,CCTACCAGTCCAAGTT-1,CSF,-0.35732192894236653
MS,CSF_31,CCTAGCTAGCGCTTAT-1,CSF,-0.2620367476039003
MS,CSF_31,CCTAGCTAGGGCTCTC-1,CSF,-0.05218225738207433
MS,CSF_31,CCTAGCTCACCTATCC-1,CSF,-0.07157349201915446
MS,CSF_31,CCTAGCTCATCGACGC-1,CSF,-0.2675701084282512
MS,CSF_31,CCTATTAAGAGTGAGA-1,CSF,-0.07157349201915446
MS,CSF_31,CCTATTACATACTACG-1,CSF,-0.07157349201915446
MS,CSF_31,CCTATTAGTACTTCTT-1,CSF,0.30469558008336156
MS,CSF_31,CCTATTAGTTCGTGAT-1,CSF,-0.21756051455110928
MS,CSF_31,CCTATTAGTTTACTCT-1,CSF,0.39934827304899595
MS,CSF_31,CCTATTATCACGACTA-1,CSF,-0.019770903769229933
MS,CSF_31,CCTATTATCCGAAGAG-1,CSF,0.3237453692618336
MS,CSF_31,CCTCAGTAGATGGGTC-1,CSF,0.7690857312581659
MS,CSF_31,CCTCAGTCACAACGTT-1,CSF,-0.18950452147556301
MS,CSF_31,CCTCAGTCACAACTGT-1,CSF,-0.10918270200272336
MS,CSF_31,CCTCAGTCAGCTGCAC-1-1,CSF,0.019368034954724184
MS,CSF_31,CCTCAGTGTCCTCTTG-1,CSF,0.20472599326942895
MS,CSF_31,CCTCAGTGTCGGGTCT-1,CSF,0.292752519257815
MS,CSF_31,CCTCAGTTCGACAGCC-1,CSF,0.261970164325896
MS,CSF_31,CCTCTGAAGGCGACAT-1,CSF,0.09580096664636327
MS,CSF_31,CCTCTGACACCTCGTT-1,CSF,-0.07361638458366107
MS,CSF_31,CCTCTGACATCGACGC-1,CSF,-0.07157349201915446
MS,CSF_31,CCTCTGAGTAGCACGA-1,CSF,0.29478174436348664
MS,CSF_31,CCTCTGATCTTCGAGA-1,CSF,-0.19897632953547179
MS,CSF_31,CCTTACGAGCCACCTG-1-1,CSF,0.18932627808575614
MS,CSF_31,CCTTACGCATCCCACT-1,CSF,-0.4750809618859502
MS,CSF_31,CCTTACGGTTGAGGTG-1,CSF,0.13781003959762747
MS,CSF_31,CCTTCCCAGCTTTGGT-1,CSF,-0.07157349201915446
MS,CSF_31,CCTTCCCAGGTGCAAC-1,CSF,-0.014955344410387214
MS,CSF_31,CCTTCCCTCAGAAATG-1,CSF,0.15648706122134706
MS,CSF_31,CCTTCGACACCACGTG-1,CSF,-0.6828042255997531
MS,CSF_31,CCTTCGATCCGGGTGT-1,CSF,0.10220132099392731
MS,CSF_31,CCTTTCTGTTCCACTC-1,CSF,-0.1383018894583064
MS,CSF_31,CCTTTCTTCTGAGTGT-1,CSF,-0.2071953467196624
MS,CSF_31,CGAACATGTACTCAAC-1,CSF,-0.7967781248579229
MS,CSF_31,CGAACATGTCGTTGTA-1,CSF,-0.07157349201915446
MS,CSF_31,CGAACATGTTCACCTC-1,CSF,0.47662460652359007
MS,CSF_31,CGAACATTCAGTTAGC-1-1,CSF,0.15546291753802408
MS,CSF_31,CGAATGTCAGTGGAGT-1,CSF,-0.011025221944163983
MS,CSF_31,CGAATGTCATCGATTG-1,CSF,-0.18305956902933218
MS,CSF_31,CGAATGTTCGCGGATC-1,CSF,-0.07157349201915446
MS,CSF_31,CGACCTTAGTTGTCGT-1,CSF,-0.16876366589946823
MS,CSF_31,CGACCTTCAATCAGAA-1,CSF,0.18654635417755341
MS,CSF_31,CGACCTTCACCAACCG-1,CSF,-0.30448084838437073
MS,CSF_31,CGACCTTGTTCGGGCT-1,CSF,-0.11755619664954528
MS,CSF_31,CGACCTTTCCAAGTAC-1,CSF,-0.013305741079039353
MS,CSF_31,CGACCTTTCGGTCCGA-1,CSF,0.09473605193393413
MS,CSF_31,CGACTTCAGAGCTATA-1-1,CSF,-0.2347789409968275
MS,CSF_31,CGACTTCAGCGATATA-1,CSF,-0.07157349201915446
MS,CSF_31,CGACTTCAGGCGCTCT-1,CSF,0.22232535244243007
MS,CSF_31,CGACTTCTCGACCAGC-1,CSF,0.003291023324312311
MS,CSF_31,CGAGAAGAGGATGTAT-1,CSF,-0.6602915020824468
MS,CSF_31,CGAGAAGCATCACAAC-1-1,CSF,-0.20421238081790666
MS,CSF_31,CGAGAAGTCTACCTGC-1-1,CSF,-0.5456249999864469
MS,CSF_31,CGAGCACCAAGGACTG-1,CSF,-0.2268493389610026
MS,CSF_31,CGAGCACCAGCTGGCT-1,CSF,-0.07157349201915446
MS,CSF_31,CGAGCACGTACCGTAT-1,CSF,-0.07157349201915446
MS,CSF_31,CGAGCACTCAGCCTAA-1,CSF,-0.19013790001743477
MS,CSF_31,CGAGCCAGTCTACCTC-1,CSF,0.3204185814366761
MS,CSF_31,CGAGCCAGTGAGGCTA-1,CSF,-0.07157349201915446
MS,CSF_31,CGAGCCATCACCTTAT-1,CSF,-0.07157349201915446
MS,CSF_31,CGAGCCATCATCGGAT-1,CSF,0.08138739289030235
MS,CSF_31,CGATCGGAGGTGACCA-1,CSF,-0.3800831508587117
MS,CSF_31,CGATCGGCAGACACTT-1,CSF,0.012878777560076984
MS,CSF_31,CGATCGGGTTAAGTAG-1,CSF,-0.07157349201915446
MS,CSF_31,CGATCGGGTTCGTCTC-1,CSF,0.3909379963575493
MS,CSF_31,CGATCGGTCGGAAATA-1,CSF,-0.13794207392408445
MS,CSF_31,CGATGGCAGTTAGCGG-1,CSF,-0.4151666328657777
MS,CSF_31,CGATGGCCAAGGTTTC-1,CSF,-0.05769942815892071
MS,CSF_31,CGATGGCGTTACGACT-1,CSF,0.00487074904832114
MS,CSF_31,CGATGGCTCGTGGACC-1,CSF,-0.1428835419779031
MS,CSF_31,CGATGGCTCGTTTAGG-1-1,CSF,0.24598385985532292
MS,CSF_31,CGATTGAGTTGCCTCT-1,CSF,0.3491152076258455
MS,CSF_31,CGCCAAGAGTCGTACT-1,CSF,-0.3881967729476522
MS,CSF_31,CGCCAAGGTACACCGC-1-2,CSF,-0.15760566903480003
MS,CSF_31,CGCCAAGTCCAATGGT-1,CSF,0.5072530577095671
MS,CSF_31,CGCCAAGTCTGGCGAC-1,CSF,-0.033426216013170765
MS,CSF_31,CGCGGTAAGAATGTGT-1,CSF,-0.20673827499263536
MS,CSF_31,CGCGGTAAGACAAGCC-1,CSF,0.0007694079155113728
MS,CSF_31,CGCGGTACACGGCCAT-1,CSF,0.1137588648303817
MS,CSF_31,CGCGGTACACGTCAGC-1,CSF,-0.26000920605254335
MS,CSF_31,CGCGGTATCCCAACGG-1,CSF,0.28090658970402177
MS,CSF_31,CGCGGTATCCCAAGTA-1,CSF,0.526049952883015
MS,CSF_31,CGCGTTTCATCCGCGA-1,CSF,-0.10358426768713301
MS,CSF_31,CGCGTTTCATTTGCCC-1,CSF,-0.07157349201915446
MS,CSF_31,CGCGTTTGTAAAGTCA-1,CSF,-0.07157349201915446
MS,CSF_31,CGCGTTTGTAAGCACG-1,CSF,-0.13782990463676442
MS,CSF_31,CGCGTTTTCAACTCTT-1,CSF,-0.22133924042297703
MS,CSF_31,CGCTATCAGTTACCCA-1,CSF,-0.1863722802113111
MS,CSF_31,CGCTATCGTATATCCG-1,CSF,0.2225419295645748
MS,CSF_31,CGCTATCTCACCTCGT-1,CSF,-0.07157349201915446
MS,CSF_31,CGCTATCTCAGCCTAA-1,CSF,0.11771449260306563
MS,CSF_31,CGCTGGAAGCGTAGTG-1,CSF,0.027050171125196778
MS,CSF_31,CGCTGGAAGGTGTTAA-1,CSF,-0.26344956840215017
MS,CSF_31,CGCTGGAGTTAAGAAC-1,CSF,-0.215821231814361
MS,CSF_31,CGCTGGATCACCGTAA-1,CSF,-0.22734580268734783
MS,CSF_31,CGCTTCAAGACAAAGG-1,CSF,0.5954381834745905
MS,CSF_31,CGCTTCAAGACGCAAC-1,CSF,-0.1686401540724995
MS,CSF_31,CGCTTCACATATACGC-1,CSF,-0.4472306070429034
MS,CSF_31,CGCTTCAGTAAACCTC-1,CSF,-0.039906180555139885
MS,CSF_31,CGGACGTAGAATTCCC-1,CSF,-0.2958456921182893
MS,CSF_31,CGGACGTAGTATGACA-1,CSF,0.2801973129253898
MS,CSF_31,CGGACGTTCTTGTTTG-1,CSF,-0.07157349201915446
MS,CSF_31,CGGACTGAGAGTACCG-1,CSF,-0.07157349201915446
MS,CSF_31,CGGACTGAGATCTGCT-1,CSF,-0.22542331138572116
MS,CSF_31,CGGACTGAGCTACCTA-1,CSF,0.23920618243219158
MS,CSF_31,CGGACTGAGGGATACC-1,CSF,-0.49880427925013926
MS,CSF_31,CGGACTGCAGGAATCG-1,CSF,0.16745457615819462
MS,CSF_31,CGGACTGCATCAGTCA-1-1,CSF,-0.07157349201915446
MS,CSF_31,CGGACTGGTCTGGTCG-1,CSF,0.18367779125635333
MS,CSF_31,CGGACTGTCACGATGT-1,CSF,0.005176959395738653
MS,CSF_31,CGGACTGTCAGCGATT-1,CSF,0.1933244505520094
MS,CSF_31,CGGAGCTAGCGTTTAC-1,CSF,0.1725741446162568
MS,CSF_31,CGGAGCTAGCTTCGCG-1,CSF,0.02997718757550183
MS,CSF_31,CGGAGCTCACTAAGTC-1,CSF,0.2899353701377064
MS,CSF_31,CGGAGTCGTTGCTCCT-1,CSF,-0.40782841771393497
MS,CSF_31,CGGAGTCTCGTGGGAA-1,CSF,0.0812880095978359
MS,CSF_31,CGGCTAGAGGCTAGAC-1,CSF,0.06702699131776933
MS,CSF_31,CGGCTAGCAATAACGA-1,CSF,-0.2632067505139773
MS,CSF_31,CGGCTAGCATGAGCGA-1,CSF,0.4367822382092915
MS,CSF_31,CGGCTAGGTTACGCGC-1,CSF,-0.17425489589078857
MS,CSF_31,CGGCTAGTCAAGCCTA-1,CSF,0.3675786801325954
MS,CSF_31,CGGGTCAAGCGTTGCC-1,CSF,-0.5646492877139094
MS,CSF_31,CGGGTCAAGGCAATTA-1,CSF,0.218412212348939
MS,CSF_31,CGGGTCACACAAGCCC-1,CSF,-0.38144349624497964
MS,CSF_31,CGGGTCACACCTTGTC-1,CSF,0.3386574368631528
MS,CSF_31,CGGGTCACACTTAAGC-1,CSF,0.2879446493890668
MS,CSF_31,CGGGTCAGTCTTGCGG-1,CSF,0.37604764063028984
MS,CSF_31,CGGGTCAGTTCACGGC-1,CSF,0.006439075073369224
MS,CSF_31,CGGTTAAAGGACGAAA-1,CSF,0.40141671404597373
MS,CSF_31,CGGTTAAAGTGCGATG-1,CSF,0.044577881063134726
MS,CSF_31,CGGTTAACAAAGTCAA-1-1,CSF,0.10388604894602184
MS,CSF_31,CGGTTAAGTAGTACCT-1,CSF,-0.1008584360439229
MS,CSF_31,CGGTTAATCATGTCCC-1,CSF,-0.4105144131583808
MS,CSF_31,CGTAGCGAGATCACGG-1-1,CSF,0.07765007214567723
MS,CSF_31,CGTAGCGAGGTGCAAC-1,CSF,-0.05999744900344693
MS,CSF_31,CGTAGCGAGTAACCCT-1,CSF,-0.18500027313017245
MS,CSF_31,CGTAGCGAGTAGCGGT-1,CSF,-0.07157349201915446
MS,CSF_31,CGTAGCGCACACATGT-1,CSF,-0.17446768813913544
MS,CSF_31,CGTAGCGCATTCTCAT-1,CSF,0.12722009135815518
MS,CSF_31,CGTAGCGGTGACGGTA-1,CSF,0.19656457639694105
MS,CSF_31,CGTAGCGGTTAAGACA-1,CSF,-0.13431736262472538
MS,CSF_31,CGTAGCGTCGCCTGTT-1,CSF,-0.2348181167505921
MS,CSF_31,CGTAGCGTCTAACTTC-1,CSF,0.013797974317282349
MS,CSF_31,CGTAGGCAGCGCTCCA-1,CSF,-0.039595059445849685
MS,CSF_31,CGTAGGCCATTATCTC-1,CSF,-0.07157349201915446
MS,CSF_31,CGTAGGCGTACCATCA-1,CSF,0.25669468496182585
MS,CSF_31,CGTAGGCGTATGGTTC-1,CSF,-0.24140298531198573
MS,CSF_31,CGTAGGCGTCCAGTAT-1,CSF,-0.07157349201915446
MS,CSF_31,CGTAGGCTCGTAGGAG-1,CSF,-0.07157349201915446
MS,CSF_31,CGTCACTAGATATGGT-1,CSF,-0.2336840556488009
MS,CSF_31,CGTCACTGTCTGATTG-1-1,CSF,0.03303476592640773
MS,CSF_31,CGTCACTTCAGGCGAA-1,CSF,-0.22411074455874821
MS,CSF_31,CGTCACTTCTGGTTCC-1,CSF,0.09622166522518992
MS,CSF_31,CGTCACTTCTTGAGGT-1,CSF,0.6487125145739993
MS,CSF_31,CGTCAGGAGTATCTCG-1,CSF,-0.2321761930880483
MS,CSF_31,CGTCAGGCAGGCTGAA-1,CSF,-0.07157349201915446
MS,CSF_31,CGTCAGGGTTGGACCC-1,CSF,-0.07157349201915446
MS,CSF_31,CGTCAGGGTTTCCACC-1,CSF,0.18396135550524426
MS,CSF_31,CGTCAGGTCGCGGATC-1,CSF,-0.6835792746717876
MS,CSF_31,CGTCCATAGAGTTGGC-1,CSF,-0.3672209380305599
MS,CSF_31,CGTCCATCACAAGACG-1,CSF,0.003310443683440372
MS,CSF_31,CGTCCATGTGCAGTAG-1,CSF,0.3333565887562053
MS,CSF_31,CGTCCATGTGCGAAAC-1,CSF,-0.5894458241255001
MS,CSF_31,CGTCCATTCCATGAAC-1,CSF,-0.04504389587390404
MS,CSF_31,CGTCCATTCCGCGGTA-1,CSF,-0.6124001515192402
MS,CSF_31,CGTCCATTCGACGGAA-1,CSF,-0.07157349201915446
MS,CSF_31,CGTCCATTCGTTTGCC-1,CSF,0.13393817674028402
MS,CSF_31,CGTCTACAGAGCCCAA-1,CSF,-0.1690725213549636
MS,CSF_31,CGTCTACCAGCCTTGG-1,CSF,-0.7617066208539383
MS,CSF_31,CGTCTACTCTTTAGTC-1,CSF,-0.37771379721036424
MS,CSF_31,CGTGAGCAGAAACGCC-1,CSF,0.0026765591756628404
MS,CSF_31,CGTGAGCAGACGCACA-1,CSF,-0.07157349201915446
MS,CSF_31,CGTGAGCCACGGTAAG-1,CSF,0.23577419004798802
MS,CSF_31,CGTGAGCGTAATCACC-1,CSF,0.14232154938206779
MS,CSF_31,CGTGAGCGTAGCCTCG-1,CSF,0.17252216592333372
MS,CSF_31,CGTGAGCGTTCGAATC-1,CSF,0.38851974491209723
MS,CSF_31,CGTGTAACAAGCCCAC-1,CSF,-0.25751826103884146
MS,CSF_31,CGTGTAACAGAGCCAA-1,CSF,0.07509554223734838
MS,CSF_31,CGTGTAACATTAGCCA-1,CSF,0.050585160013312494
MS,CSF_31,CGTGTAAGTCGCTTTC-1,CSF,0.507896590637832
MS,CSF_31,CGTGTAAGTGGTGTAG-1,CSF,0.3524826991005486
MS,CSF_31,CGTGTCTAGACTAGAT-1,CSF,-0.26338313104707695
MS,CSF_31,CGTGTCTAGATCTGAA-1,CSF,-0.20776767168699983
MS,CSF_31,CGTGTCTAGGACGAAA-1,CSF,0.2589665028960133
MS,CSF_31,CGTGTCTAGTCACGCC-1,CSF,-0.3550150765472792
MS,CSF_31,CGTGTCTCAATTCCTT-1,CSF,0.1596034745161836
MS,CSF_31,CGTGTCTCAGGCAGTA-1,CSF,0.16909607413107144
MS,CSF_31,CGTGTCTGTCAGCTAT-1,CSF,-0.2591416282933751
MS,CSF_31,CGTGTCTGTTCTCATT-1,CSF,-0.25353652495339357
MS,CSF_31,CGTTAGAGTCTCCATC-1,CSF,-0.20207912849085882
MS,CSF_31,CGTTAGAGTGCACTTA-1,CSF,0.2763025522258801
MS,CSF_31,CGTTAGATCATGTAGC-1,CSF,-0.23805617489049388
MS,CSF_31,CGTTCTGAGCCATCGC-1,CSF,-0.07157349201915446
MS,CSF_31,CGTTCTGAGGAATCGC-1,CSF,-0.07157349201915446
MS,CSF_31,CGTTCTGGTTGGGACA-1,CSF,0.21637020173588598
MS,CSF_31,CGTTCTGTCCTAGAAC-1,CSF,-0.4536721567046958
MS,CSF_31,CGTTGGGAGAGTCTGG-1,CSF,0.11613341446481233
MS,CSF_31,CGTTGGGAGCGTTCCG-1,CSF,0.2125833015243274
MS,CSF_31,CTAACTTCACGGACAA-1,CSF,0.3931286172489852
MS,CSF_31,CTAACTTCAGGTGCCT-1,CSF,0.4243658443997177
MS,CSF_31,CTAAGACCACCAGCAC-1,CSF,0.5352792318975128
MS,CSF_31,CTAAGACCATCGACGC-1,CSF,-0.31655466694161305
MS,CSF_31,CTAAGACGTCGTTGTA-1,CSF,0.16108714788490536
MS,CSF_31,CTAAGACTCGTTGACA-1,CSF,-0.33978242017896215
MS,CSF_31,CTAAGACTCTACTCAT-1,CSF,-0.07157349201915446
MS,CSF_31,CTAATGGAGGCATGTG-1,CSF,0.19262728131862433
MS,CSF_31,CTAATGGGTAGAAAGG-1,CSF,0.32263102671434846
MS,CSF_31,CTAATGGTCGTGGACC-1,CSF,-0.10007735587373416
MS,CSF_31,CTACACCAGAGTCTGG-1,CSF,-0.719887032314518
MS,CSF_31,CTACACCAGGCATGGT-1,CSF,-0.2658674136958485
MS,CSF_31,CTACACCCAAACTGCT-1,CSF,0.43532501157786113
MS,CSF_31,CTACACCCAAGGTTCT-1,CSF,0.07799856670001848
MS,CSF_31,CTACACCCACGAAACG-1,CSF,0.5836216691176938
MS,CSF_31,CTACACCGTGCAGGTA-1,CSF,0.0431493261626032
MS,CSF_31,CTACACCGTGTTCTTT-1,CSF,-0.07157349201915446
MS,CSF_31,CTACACCTCCTTCAAT-1,CSF,-0.07157349201915446
MS,CSF_31,CTACACCTCTGTCTAT-1-1,CSF,-0.07157349201915446
MS,CSF_31,CTACCCAAGACTAGAT-1,CSF,-0.47252074405262584
MS,CSF_31,CTACCCAAGCCACGTC-1,CSF,0.37310434619015637
MS,CSF_31,CTACCCAAGGGAAACA-1,CSF,0.03531701828602785
MS,CSF_31,CTACCCACACACGCTG-1,CSF,-0.07157349201915446
MS,CSF_31,CTACCCACAGTCTTCC-1,CSF,-0.43920702530524874
MS,CSF_31,CTACCCACATGACATC-1,CSF,0.365655140763843
MS,CSF_31,CTACCCAGTACCGGCT-1,CSF,-0.08692732107766435
MS,CSF_31,CTACCCATCTGGTATG-1,CSF,-0.5532342997431547
MS,CSF_31,CTACGTCAGAGTACCG-1,CSF,0.12364998830268427
MS,CSF_31,CTACGTCTCTAGCACA-1,CSF,-0.004283022902536381
MS,CSF_31,CTAGAGTAGCCTCGTG-1,CSF,-0.012100343517162396
MS,CSF_31,CTAGAGTAGCTAGTTC-1,CSF,-0.20281749945825553
MS,CSF_31,CTAGAGTCATAACCTG-1,CSF,-0.5079077342070893
MS,CSF_31,CTAGAGTTCAACGGCC-1,CSF,0.5585903491358347
MS,CSF_31,CTAGAGTTCCTTGACC-1,CSF,-0.014019987480484133
MS,CSF_31,CTAGAGTTCGATAGAA-1,CSF,0.02606074123030211
MS,CSF_31,CTAGAGTTCTCTGAGA-1,CSF,-0.5034635805399307
MS,CSF_31,CTAGAGTTCTGCGGCA-1,CSF,0.34760842731021613
MS,CSF_31,CTAGCCTAGATATGGT-1,CSF,0.01988392758874851
MS,CSF_31,CTAGCCTAGTACGATA-1,CSF,0.25525882327440624
MS,CSF_31,CTAGCCTCATCCAACA-1,CSF,0.20522979436684016
MS,CSF_31,CTAGCCTCATGTCTCC-1,CSF,0.33988076638418196
MS,CSF_31,CTAGCCTGTTCAGACT-1,CSF,-0.07157349201915446
MS,CSF_31,CTAGTGAAGAGTAATC-1,CSF,-0.16084770949891808
MS,CSF_31,CTAGTGATCACAAACC-1,CSF,0.050880242801632294
MS,CSF_31,CTCACACAGCTGCGAA-1,CSF,0.1655763750374352
MS,CSF_31,CTCACACAGGCCCTTG-1,CSF,-0.1819186076425073
MS,CSF_31,CTCACACAGTCAATAG-1,CSF,-0.6002531412605698
MS,CSF_31,CTCACACCAAACTGCT-1,CSF,-0.26027037072241294
MS,CSF_31,CTCACACCAGACGTAG-1,CSF,0.16838112986564932
MS,CSF_31,CTCACACCATTGGTAC-1,CSF,0.009884296977794638
MS,CSF_31,CTCACACTCACTCCTG-1,CSF,0.11278157246943395
MS,CSF_31,CTCACACTCCAGAGGA-1,CSF,0.09546285620180238
MS,CSF_31,CTCACACTCGGTGTTA-1,CSF,0.01860162383557133
MS,CSF_31,CTCACACTCTAACTCT-1,CSF,0.6327684367542635
MS,CSF_31,CTCAGAAAGATCACGG-1,CSF,0.020872380344557375
MS,CSF_31,CTCAGAAAGCCACTAT-1,CSF,-0.2916031972180809
MS,CSF_31,CTCAGAAAGGTGTTAA-1,CSF,0.2809983388545138
MS,CSF_31,CTCAGAAGTCCGACGT-1,CSF,-0.394342154896313
MS,CSF_31,CTCAGAAGTCCGTTAA-1,CSF,0.15974408248660105
MS,CSF_31,CTCAGAAGTTCAGACT-1,CSF,-0.20133345225832627
MS,CSF_31,CTCAGAATCCCTGACT-1,CSF,-0.18321176326799843
MS,CSF_31,CTCATTAAGTTACGGG-1,CSF,0.2992229995192431
MS,CSF_31,CTCATTACAGCTCGCA-1,CSF,-0.2093413465068706
MS,CSF_31,CTCATTACATGGTCAT-1,CSF,0.6815481622100952
MS,CSF_31,CTCATTACATGGTTGT-1,CSF,0.2359182007963762
MS,CSF_31,CTCATTAGTGATAAAC-1,CSF,-0.30470926317813446
MS,CSF_31,CTCATTAGTGCCTTGG-1,CSF,-0.007807178553046801
MS,CSF_31,CTCATTATCACAATGC-1,CSF,-0.07157349201915446
MS,CSF_31,CTCCTAGAGAACAATC-1-2,CSF,0.05405200252671432
MS,CSF_31,CTCCTAGAGAAGGCCT-1,CSF,-0.07157349201915446
MS,CSF_31,CTCCTAGGTCTAACGT-1,CSF,-0.17136263770357582
MS,CSF_31,CTCCTAGGTTCCAACA-1,CSF,-0.5687798277908739
MS,CSF_31,CTCGAAACAAGCCGTC-1,CSF,0.039162572487355586
MS,CSF_31,CTCGAAAGTACATCCA-1,CSF,0.12763074297331647
MS,CSF_31,CTCGAAAGTAGGAGTC-1,CSF,0.22542168002419238
MS,CSF_31,CTCGAAAGTGACTCAT-1,CSF,0.5299896832649301
MS,CSF_31,CTCGAGGAGCGTAGTG-1,CSF,-0.26116140815025496
MS,CSF_31,CTCGAGGAGCTATGCT-1,CSF,0.13899970943086135
MS,CSF_31,CTCGAGGAGTGGCACA-1,CSF,0.12118948024287386
MS,CSF_31,CTCGAGGCAAACGCGA-1,CSF,-0.07157349201915446
MS,CSF_31,CTCGAGGCAAGCCCAC-1,CSF,-0.15150626502757994
MS,CSF_31,CTCGAGGCACATTCGA-1,CSF,0.11007585000514664
MS,CSF_31,CTCGAGGCAGCCTATA-1,CSF,0.4274094531562359
MS,CSF_31,CTCGGAGCAGGAACGT-1,CSF,0.6937338534589133
MS,CSF_31,CTCGGAGGTAGCACGA-1-1,CSF,-0.07157349201915446
MS,CSF_31,CTCGGAGGTCTTGATG-1,CSF,0.18499643996476575
MS,CSF_31,CTCGGAGGTTACGTCA-1,CSF,-0.000231318364311593
MS,CSF_31,CTCGGAGTCTTTAGGG-1,CSF,-0.07157349201915446
MS,CSF_31,CTCGGGAAGATGGGTC-1,CSF,-0.36249741351639797
MS,CSF_31,CTCGGGAAGGATGTAT-1,CSF,-0.30710245083044047
MS,CSF_31,CTCGGGATCGGTCTAA-1,CSF,-0.5749238409218937
MS,CSF_31,CTCGTACCATCATCCC-1,CSF,-0.41540339651705416
MS,CSF_31,CTCGTACTCAAACCGT-1,CSF,-0.2354038500006625
MS,CSF_31,CTCGTACTCACTCTTA-1,CSF,0.251079205730556
MS,CSF_31,CTCGTCACACAACTGT-1,CSF,0.11223065963464207
MS,CSF_31,CTCGTCACACCTCGGA-1,CSF,0.13339692840647702
MS,CSF_31,CTCTAATAGCCGATTT-1,CSF,-0.17924987087424113
MS,CSF_31,CTCTAATTCGCATGAT-1,CSF,0.12041996069743499
MS,CSF_31,CTCTACGCATACCATG-1,CSF,-0.07157349201915446
MS,CSF_31,CTCTACGTCAACGGCC-1,CSF,-0.32005522199918346
MS,CSF_31,CTCTACGTCTATCCCG-1,CSF,-0.07157349201915446
MS,CSF_31,CTCTACGTCTCTGAGA-1,CSF,-0.07157349201915446
MS,CSF_31,CTCTGGTAGATCGGGT-1,CSF,0.3736357588234527
MS,CSF_31,CTCTGGTAGGAGTACC-1,CSF,0.3901451089776278
MS,CSF_31,CTCTGGTAGGCTCTTA-1,CSF,0.29279389160865915
MS,CSF_31,CTCTGGTCATTAACCG-1,CSF,0.25040903987703517
MS,CSF_31,CTCTGGTGTCTCATCC-1,CSF,-0.07157349201915446
MS,CSF_31,CTGAAACAGCGATTCT-1,CSF,-0.45753278535630443
MS,CSF_31,CTGAAACAGCGTCTAT-1,CSF,-0.23949661276375034
MS,CSF_31,CTGAAACGTAGAGGAA-1,CSF,-0.16725870171259327
MS,CSF_31,CTGAAACGTTCAGTAC-1,CSF,0.5453670328816979
MS,CSF_31,CTGAAACTCACCGGGT-1,CSF,0.2692816825494044
MS,CSF_31,CTGAAACTCAGAGGTG-1,CSF,0.40960960466527074
MS,CSF_31,CTGAAGTAGCCTCGTG-1,CSF,-0.3913650899246141
MS,CSF_31,CTGAAGTCATTGGCGC-1,CSF,0.5017266319840654
MS,CSF_31,CTGAAGTGTATTACCG-1,CSF,0.5122585518168613
MS,CSF_31,CTGAAGTGTCGGATCC-1-1,CSF,-0.07157349201915446
MS,CSF_31,CTGAAGTGTGTGTGCC-1,CSF,0.22930186113123735
MS,CSF_31,CTGAAGTTCGTGACAT-1,CSF,-0.3721113534647297
MS,CSF_31,CTGATAGAGGGTCTCC-1,CSF,-0.08647656122487624
MS,CSF_31,CTGATAGGTAACGTTC-1,CSF,-0.07157349201915446
MS,CSF_31,CTGATAGGTACAGCAG-1,CSF,-0.05439358102684707
MS,CSF_31,CTGATAGGTACAGTGG-1,CSF,0.2432229096904357
MS,CSF_31,CTGATAGGTGCGATAG-1,CSF,-0.4632888249986049
MS,CSF_31,CTGATAGTCATTTGGG-1,CSF,0.4613179114843033
MS,CSF_31,CTGATCCAGATCCGAG-1,CSF,-0.35995338793165155
MS,CSF_31,CTGATCCAGCCACGCT-1,CSF,0.1392554525609189
MS,CSF_31,CTGATCCAGCCGTCGT-1,CSF,0.2045449906227977
MS,CSF_31,CTGATCCAGTTCGCAT-1,CSF,-0.2717707420450229
MS,CSF_31,CTGATCCGTACTTAGC-1,CSF,-0.07157349201915446
MS,CSF_31,CTGATCCGTCAGAGGT-1,CSF,-0.38947045417291487
MS,CSF_31,CTGATCCGTCTGATTG-1,CSF,0.5245888935632272
MS,CSF_31,CTGATCCTCTCGCTTG-1,CSF,0.5985365059764582
MS,CSF_31,CTGATCCTCTTAACCT-1,CSF,-0.07157349201915446
MS,CSF_31,CTGCCTAAGACGCAAC-1,CSF,-0.0590434448928197
MS,CSF_31,CTGCCTACAGTGGGAT-1,CSF,-0.1963057335226206
MS,CSF_31,CTGCCTAGTCGCATAT-1,CSF,0.09581223946717007
MS,CSF_31,CTGCCTAGTGAAGGCT-1,CSF,-0.2997898267738089
MS,CSF_31,CTGCCTATCACATAGC-1,CSF,-0.07157349201915446
MS,CSF_31,CTGCCTATCATCGCTC-1,CSF,0.26421827109480167
MS,CSF_31,CTGCCTATCCCGACTT-1,CSF,0.018702075911728615
MS,CSF_31,CTGCGGAAGACAAGCC-1,CSF,0.22653323647736187
MS,CSF_31,CTGCGGAAGACTAGGC-1,CSF,-0.07157349201915446
MS,CSF_31,CTGCGGAAGTAGGTGC-1,CSF,0.4715774963697636
MS,CSF_31,CTGCGGAAGTGTGAAT-1,CSF,0.008158682385253777
MS,CSF_31,CTGCGGACATACTCTT-1,CSF,0.007727963196762976
MS,CSF_31,CTGCGGATCCAAACTG-1,CSF,0.02974201635551697
MS,CSF_31,CTGCGGATCGGAAACG-1,CSF,-0.16255537288247848
MS,CSF_31,CTGCGGATCGGTGTTA-1,CSF,0.4003834729024009
MS,CSF_31,CTGCTGTAGACCGGAT-1,CSF,-0.12440173207734721
MS,CSF_31,CTGCTGTAGCTAACTC-1,CSF,-0.07157349201915446
MS,CSF_31,CTGCTGTAGGCATGTG-1,CSF,-0.27401634868073815
MS,CSF_31,CTGCTGTAGTATTGGA-1,CSF,0.5420409601823063
MS,CSF_31,CTGCTGTAGTTGAGAT-1,CSF,-0.07157349201915446
MS,CSF_31,CTGCTGTCAAGGGTCA-1,CSF,0.49480350686830893
MS,CSF_31,CTGCTGTCAATACGCT-1,CSF,0.014237808936959948
MS,CSF_31,CTGCTGTGTCCAACTA-1,CSF,-0.07157349201915446
MS,CSF_31,CTGGTCTAGACACGAC-1,CSF,0.6053531823847538
MS,CSF_31,CTGGTCTAGCCACGTC-1,CSF,-0.07157349201915446
MS,CSF_31,CTGGTCTAGGGTGTGT-1,CSF,-0.525506449468745
MS,CSF_31,CTGGTCTCACCGAATT-1,CSF,-0.03945947327138359
MS,CSF_31,CTGGTCTGTAATCACC-1,CSF,-0.07157349201915446
MS,CSF_31,CTGGTCTGTGCTTCTC-1,CSF,-0.022450831626826335
MS,CSF_31,CTGTGCTAGTCCCACG-1,CSF,-0.07157349201915446
MS,CSF_31,CTGTTTATCGCGATCG-1-1,CSF,-0.2064978097146332
MS,CSF_31,CTTACCGAGAGCTGCA-1,CSF,-0.07157349201915446
MS,CSF_31,CTTACCGAGCGGATCA-1,CSF,-0.07157349201915446
MS,CSF_31,CTTACCGGTGGTAACG-1,CSF,0.11590351598935268
MS,CSF_31,CTTACCGTCGCATGGC-1,CSF,-0.16379643793090434
MS,CSF_31,CTTAGGAAGCGTCTAT-1,CSF,-0.3281273746826366
MS,CSF_31,CTTAGGAAGTGGCACA-1,CSF,0.442663013854934
MS,CSF_31,CTTAGGAAGTGGTAAT-1-1,CSF,0.0010586649914455873
MS,CSF_31,CTTAGGACAGATGAGC-1,CSF,-0.03428210589985962
MS,CSF_31,CTTAGGAGTCATCCCT-1,CSF,-0.19046378096432978
MS,CSF_31,CTTAGGATCACGATGT-1,CSF,0.11617233010355785
MS,CSF_31,CTTCTCTAGGCCCTTG-1,CSF,0.26717951678170004
MS,CSF_31,CTTCTCTCACTTAACG-1,CSF,0.11097201444358833
MS,CSF_31,CTTCTCTGTCAAAGAT-1,CSF,-0.05322153875052514
MS,CSF_31,CTTCTCTGTGCAGTAG-1,CSF,0.4179406459355426
MS,CSF_31,CTTCTCTGTGTTTGGT-1,CSF,0.4938447990655716
MS,CSF_31,CTTCTCTGTTGCTCCT-1,CSF,0.27734399266432547
MS,CSF_31,CTTCTCTTCAAGGTAA-1,CSF,-0.22168926914626258
MS,CSF_31,CTTCTCTTCCTGCAGG-1,CSF,0.057314154187042235
MS,CSF_31,CTTGGCTAGACGACGT-1,CSF,0.5074907372033897
MS,CSF_31,CTTGGCTAGATCCGAG-1,CSF,0.32884604212157287
MS,CSF_31,CTTGGCTTCCACGTGG-1,CSF,-0.4506497712288032
MS,CSF_31,CTTGGCTTCCGCAGTG-1,CSF,-0.07157349201915446
MS,CSF_31,CTTGGCTTCCTTTCGG-1,CSF,-0.05635460156380001
MS,CSF_31,CTTGGCTTCTAACTTC-1,CSF,-0.3909296412966567
MS,CSF_31,CTTTGCGGTAGAAAGG-1,CSF,0.29657855476611034
MS,CSF_31,CTTTGCGGTCATATGC-1,CSF,-0.07157349201915446
MS,CSF_31,CTTTGCGTCTAACTTC-1,CSF,-0.07157349201915446
MS,CSF_31,GAAACTCAGCTGGAAC-1,CSF,-0.3827446236068949
MS,CSF_31,GAAACTCAGGATATAC-1,CSF,-0.21884753908066207
MS,CSF_31,GAAACTCAGTCTTGCA-1,CSF,-0.19174159973913044
MS,CSF_31,GAAACTCGTAACGACG-1,CSF,0.19207088452716942
MS,CSF_31,GAAACTCGTCCAACTA-1,CSF,-0.21975232459339558
MS,CSF_31,GAAACTCGTGGTAACG-1,CSF,0.044666745505394956
MS,CSF_31,GAAACTCTCTGGCGTG-1,CSF,0.1207942083328947
MS,CSF_31,GAAATGAAGGATGCGT-1,CSF,0.5301222079048862
MS,CSF_31,GAAATGAGTAAGTTCC-1,CSF,-0.2937610099802802
MS,CSF_31,GAAATGAGTTGCGTTA-1,CSF,0.36065866211682535
MS,CSF_31,GAAATGATCAAGCCTA-1,CSF,0.05396594165096523
MS,CSF_31,GAAATGATCGTACGGC-1,CSF,0.5053036318818227
MS,CSF_31,GAACATCCAACACCCG-1,CSF,-0.2353333724560829
MS,CSF_31,GAACATCCACATGACT-1,CSF,-0.07157349201915446
MS,CSF_31,GAACATCCACGAGAGT-1,CSF,-0.37791086244309374
MS,CSF_31,GAACATCGTAAGAGGA-1,CSF,-0.3827841976782271
MS,CSF_31,GAACATCGTAGAGGAA-1,CSF,0.26340739876722014
MS,CSF_31,GAACATCGTCGAATCT-1,CSF,-0.19914888900550462
MS,CSF_31,GAACATCGTTCTGAAC-1,CSF,-0.19017120220059303
MS,CSF_31,GAACATCTCGTGGGAA-1,CSF,0.35706285181359615
MS,CSF_31,GAACCTAAGGGCATGT-1,CSF,-0.07157349201915446
MS,CSF_31,GAACCTAGTACAGTTC-1,CSF,-0.1530609585907312
MS,CSF_31,GAACGGAAGAAGGTGA-1,CSF,-0.0737717040445919
MS,CSF_31,GAACGGAAGTGACTCT-1,CSF,-0.07157349201915446
MS,CSF_31,GAACGGACAGATTGCT-1,CSF,-0.18718098109136116
MS,CSF_31,GAACGGAGTGTTGGGA-1,CSF,0.3850636172778623
MS,CSF_31,GAACGGATCGCGGATC-1,CSF,-0.2422036520624662
MS,CSF_31,GAACGGATCTATGTGG-1,CSF,0.321955711733279
MS,CSF_31,GAAGCAGTCTGTTTGT-1,CSF,-0.04188915650687408
MS,CSF_31,GAATAAGAGGCATTGG-1,CSF,0.41195139690351507
MS,CSF_31,GAATAAGAGGCTACGA-1,CSF,-0.38561998010218607
MS,CSF_31,GAATAAGCACCAGGCT-1,CSF,-0.32168413181594585
MS,CSF_31,GAATAAGCATAGACTC-1,CSF,0.17629534466707586
MS,CSF_31,GAATAAGGTTATCGGT-1,CSF,0.1964265367161575
MS,CSF_31,GAATAAGTCCGCGGTA-1,CSF,-0.08749780291969263
MS,CSF_31,GAATGAAAGTTTCCTT-1,CSF,-0.2146214877135483
MS,CSF_31,GAATGAACAAAGGCGT-1,CSF,0.1374649503043164
MS,CSF_31,GAATGAACAGTAAGAT-1,CSF,-0.1710846728104876
MS,CSF_31,GAATGAACATGACATC-1,CSF,0.09574208862929609
MS,CSF_31,GAATGAAGTAATCGTC-1,CSF,-0.33061417458720804
MS,CSF_31,GAATGAAGTCCAACTA-1,CSF,0.27193257177204083
MS,CSF_31,GAATGAATCGGTCTAA-1,CSF,0.1680945065938279
MS,CSF_31,GACACGCAGAGATGAG-1,CSF,0.44811576471419984
MS,CSF_31,GACACGCAGCTAAGAT-1,CSF,0.35285875976498116
MS,CSF_31,GACACGCCACGGATAG-1,CSF,0.14678319956315677
MS,CSF_31,GACACGCGTAAATGTG-1,CSF,-0.07157349201915446
MS,CSF_31,GACACGCGTACTTAGC-1,CSF,0.09875579133674396
MS,CSF_31,GACACGCGTGGTACAG-1,CSF,0.1219668501023493
MS,CSF_31,GACACGCGTTACGCGC-1,CSF,-0.07157349201915446
MS,CSF_31,GACACGCTCTCGCATC-1,CSF,0.19128203673184702
MS,CSF_31,GACAGAGAGAGCTTCT-1,CSF,0.12045349711036643
MS,CSF_31,GACAGAGAGATATGGT-1,CSF,1.014539039527455
MS,CSF_31,GACAGAGAGTATCGAA-1,CSF,0.09702312109727873
MS,CSF_31,GACAGAGTCGATGAGG-1,CSF,0.3435127853616103
MS,CSF_31,GACCAATAGAATGTGT-1,CSF,-0.1822466098985624
MS,CSF_31,GACCAATAGATCACGG-1,CSF,-0.15893068220082723
MS,CSF_31,GACCAATCACGCGAAA-1,CSF,-0.05570660387082994
MS,CSF_31,GACCAATTCAAACCGT-1,CSF,-0.02238787656380703
MS,CSF_31,GACCTGGAGCTGCCCA-1,CSF,-0.17818203900088317
MS,CSF_31,GACCTGGGTCTCTCTG-1,CSF,-0.23494373695046336
MS,CSF_31,GACCTGGTCGGTCCGA-1,CSF,0.04345024654557082
MS,CSF_31,GACGCGTAGATGCCTT-1,CSF,0.06766642797412636
MS,CSF_31,GACGCGTCAGGAACGT-1,CSF,-0.07157349201915446
MS,CSF_31,GACGCGTGTCAAAGCG-1,CSF,-0.1716824283183085
MS,CSF_31,GACGCGTGTCTCAACA-1,CSF,-0.29580652528678186
MS,CSF_31,GACGCGTGTCTCTCTG-1,CSF,-0.07157349201915446
MS,CSF_31,GACGCGTGTTTACTCT-1,CSF,-0.07157349201915446
MS,CSF_31,GACGGCTAGGCAGTCA-1,CSF,0.6620342884721259
MS,CSF_31,GACGGCTCAAGTACCT-1,CSF,0.014587603943280307
MS,CSF_31,GACGGCTTCAAGATCC-1,CSF,-0.18166332827857717
MS,CSF_31,GACGGCTTCATGTCTT-1,CSF,0.6529899810340873
MS,CSF_31,GACGTGCAGTAGATGT-1,CSF,0.5518826490834092
MS,CSF_31,GACGTGCCAACTGGCC-1,CSF,-0.28309559089628017
MS,CSF_31,GACGTGCCAGCTCCGA-1-2,CSF,-0.2675231745266115
MS,CSF_31,GACGTGCCATCACAAC-1,CSF,-0.23560620338399613
MS,CSF_31,GACGTTAAGCCACGCT-1,CSF,0.1769536053617764
MS,CSF_31,GACGTTAAGGCTAGGT-1,CSF,-0.07157349201915446
MS,CSF_31,GACGTTACACATGGGA-1,CSF,0.36241166817932247
MS,CSF_31,GACGTTACATAAAGGT-1,CSF,0.2754697625299141
MS,CSF_31,GACGTTATCCAGATCA-1,CSF,0.24824506275050123
MS,CSF_31,GACGTTATCCGATATG-1,CSF,-0.07157349201915446
MS,CSF_31,GACGTTATCCGTAGTA-1,CSF,0.01293797306121029
MS,CSF_31,GACTAACAGGAGTACC-1,CSF,0.1405930186768806
MS,CSF_31,GACTAACCACGTTGGC-1,CSF,-0.07157349201915446
MS,CSF_31,GACTAACCAGGGTATG-1,CSF,-0.35502959381236737
MS,CSF_31,GACTAACTCTAACGGT-1,CSF,0.15580524822693084
MS,CSF_31,GACTAACTCTGCGTAA-1,CSF,0.21641001648374805
MS,CSF_31,GACTAACTCTGTTTGT-1,CSF,0.294686440838345
MS,CSF_31,GACTAACTCTTTACAC-1,CSF,0.13845310735285327
MS,CSF_31,GACTACAAGCTTTGGT-1,CSF,-0.22194398883900504
MS,CSF_31,GACTACACAATACGCT-1,CSF,0.2574642106383081
MS,CSF_31,GACTACAGTTTCGCTC-1,CSF,0.10958803183550432
MS,CSF_31,GACTACATCCGGCACA-1,CSF,-0.34857106363523477
MS,CSF_31,GACTACATCTGGTTCC-1,CSF,-0.2330230510362752
MS,CSF_31,GACTACATCTTGAGGT-1,CSF,0.628336084978627
MS,CSF_31,GACTGCGCACGGCCAT-1,CSF,0.09296423697111825
MS,CSF_31,GACTGCGGTGCAACTT-1,CSF,-0.07157349201915446
MS,CSF_31,GAGCAGAAGAGACGAA-1,CSF,0.016199624562797
MS,CSF_31,GAGCAGACACAACGTT-1,CSF,0.1563177542072911
MS,CSF_31,GAGCAGACAGCTTCGG-1,CSF,0.5097025899679952
MS,CSF_31,GAGGTGAAGATGCCTT-1,CSF,0.12504429231620814
MS,CSF_31,GAGGTGACATGCCTAA-1,CSF,0.12511228394427273
MS,CSF_31,GAGTCCGAGACATAAC-1,CSF,0.3575860040252697
MS,CSF_31,GAGTCCGAGGGTATCG-1,CSF,-0.017632007103510903
MS,CSF_31,GAGTCCGGTCATATGC-1,CSF,0.18381989443403857
MS,CSF_31,GAGTCCGGTGTAATGA-1,CSF,0.1172989265464675
MS,CSF_31,GAGTCCGTCAGAGGTG-1,CSF,-0.0941694550809739
MS,CSF_31,GAGTCCGTCGGCGCAT-1,CSF,0.032042410556342306
MS,CSF_31,GATCAGTTCGCGCCAA-1,CSF,-0.17279254138824576
MS,CSF_31,GATCGATAGATGCCAG-1,CSF,-0.011779658851152397
MS,CSF_31,GATCGATAGTCCTCCT-1,CSF,-0.20656450803964566
MS,CSF_31,GATCGATCAGCTGTAT-1,CSF,-0.07157349201915446
MS,CSF_31,GATCGATGTTCCGGCA-1,CSF,-0.07157349201915446
MS,CSF_31,GATCGATTCGCCTGTT-1,CSF,-0.28877477433148163
MS,CSF_31,GATCGCGAGAAGCCCA-1,CSF,-0.2809234697207842
MS,CSF_31,GATCGCGCAATGGAAT-1,CSF,-0.1020374353674496
MS,CSF_31,GATCGCGCAGTCTTCC-1,CSF,0.2480507077637216
MS,CSF_31,GATCGCGGTACCGAGA-1,CSF,0.342189188744819
MS,CSF_31,GATCGCGGTTCCTCCA-1,CSF,-0.27658090052440665
MS,CSF_31,GATCGCGTCACCTTAT-1,CSF,-0.0025960681873790636
MS,CSF_31,GATCGTACATCGTCGG-1,CSF,0.36392013295509973
MS,CSF_31,GATCGTAGTTTGTTTC-1-1,CSF,-0.3715544262506998
MS,CSF_31,GATCGTATCAACGCTA-1,CSF,0.5584886419391237
MS,CSF_31,GATCTAGAGAATGTTG-1,CSF,0.13450589793439163
MS,CSF_31,GATCTAGGTCAAGCGA-1,CSF,0.5680629422815211
MS,CSF_31,GATCTAGGTCTAGCCG-1,CSF,-0.18670153606614712
MS,CSF_31,GATCTAGTCCGTTGCT-1,CSF,0.16753573514155823
MS,CSF_31,GATGAAAAGAGCAATT-1,CSF,-0.19743439565269677
MS,CSF_31,GATGAAAAGCACCGCT-1,CSF,0.6299120087784444
MS,CSF_31,GATGAAAAGCTCAACT-1,CSF,-0.41703807062222464
MS,CSF_31,GATGAAAAGGCAGGTT-1,CSF,-0.07157349201915446
MS,CSF_31,GATGAAACAAGCGAGT-1,CSF,-0.03695345703402101
MS,CSF_31,GATGAAAGTTATTCTC-1,CSF,0.4362615724963664
MS,CSF_31,GATGAGGCAGATAATG-1,CSF,0.6486832225969029
MS,CSF_31,GATGAGGTCTACTCAT-1,CSF,-0.22520256954017187
MS,CSF_31,GATGAGGTCTTGAGAC-1,CSF,-0.22945672569047204
MS,CSF_31,GATGCTAAGACTAGAT-1,CSF,-0.1551810067572743
MS,CSF_31,GATGCTAAGTTTAGGA-1,CSF,-0.9055399969696413
MS,CSF_31,GATGCTACATCACAAC-1,CSF,0.36575073215898496
MS,CSF_31,GATGCTAGTTATGCGT-1,CSF,0.24559055960755977
MS,CSF_31,GATTCAGAGCTAGTGG-1,CSF,-0.2530109631700586
MS,CSF_31,GATTCAGCATACGCTA-1,CSF,-0.23513377251700554
MS,CSF_31,GATTCAGGTAACGACG-1-1,CSF,0.09099061681534037
MS,CSF_31,GATTCAGGTACAAGTA-1,CSF,-0.43880921908290177
MS,CSF_31,GATTCAGGTCAGATAA-1,CSF,-0.5622209989320706
MS,CSF_31,GATTCAGGTGCTAGCC-1,CSF,0.2502794729146015
MS,CSF_31,GATTCAGTCACATGCA-1,CSF,0.08711366487426345
MS,CSF_31,GCAAACTCATTTGCCC-1,CSF,-0.13909308660157954
MS,CSF_31,GCAAACTGTCATTAGC-1,CSF,0.10025567217009992
MS,CSF_31,GCAATCAAGAGCTTCT-1,CSF,0.1981592225799303
MS,CSF_31,GCAATCAAGCGTTTAC-1,CSF,0.34198830380235135
MS,CSF_31,GCAATCAAGTCATCCA-1,CSF,0.13952905091165815
MS,CSF_31,GCAATCACACGTGAGA-1,CSF,0.4383159564413181
MS,CSF_31,GCAATCACAGGCTGAA-1,CSF,-0.017555324842227753
MS,CSF_31,GCAATCACAGTACACT-1,CSF,0.1707734014016444
MS,CSF_31,GCAATCATCCCTAATT-1,CSF,0.47660468678480494
MS,CSF_31,GCAATCATCGGTTAAC-1,CSF,0.06816339509964399
MS,CSF_31,GCACATACATCGATTG-1,CSF,-0.07157349201915446
MS,CSF_31,GCACATATCGGCGGTT-1,CSF,-0.37130332365136903
MS,CSF_31,GCACTCTTCCGAAGAG-1,CSF,0.57296004746881
MS,CSF_31,GCACTCTTCGGTGTTA-1,CSF,-0.07157349201915446
MS,CSF_31,GCAGCCAAGCCACCTG-1,CSF,-0.15901992445932028
MS,CSF_31,GCAGCCAAGTTCCACA-1,CSF,0.19245629456727117
MS,CSF_31,GCAGCCAGTGGTCTCG-1,CSF,0.24857572237584183
MS,CSF_31,GCAGCCATCCACGTGG-1,CSF,0.4997991926318246
MS,CSF_31,GCAGCCATCTAAGCCA-1,CSF,0.12325995030461008
MS,CSF_31,GCAGTTAAGATGGGTC-1,CSF,0.1716378210898591
MS,CSF_31,GCAGTTAAGCCCTAAT-1,CSF,-0.07157349201915446
MS,CSF_31,GCAGTTATCCGCATCT-1,CSF,-0.5959327333501416
MS,CSF_31,GCAGTTATCCTACAGA-1,CSF,0.15709047097527615
MS,CSF_31,GCATACAAGGGCATGT-1,CSF,0.14431191595645362
MS,CSF_31,GCATACAAGGTCATCT-1,CSF,-0.4153480005385671
MS,CSF_31,GCATACAAGTTAGCGG-1,CSF,-0.2406807929521872
MS,CSF_31,GCATACACAGCTGTGC-1,CSF,-0.16844655079949636
MS,CSF_31,GCATACAGTAAATGAC-1,CSF,-0.07157349201915446
MS,CSF_31,GCATACATCAGCCTAA-1,CSF,-0.025328598778882678
MS,CSF_31,GCATACATCCGATATG-1,CSF,0.0475893945883341
MS,CSF_31,GCATACATCTGCTGCT-1,CSF,0.11037608053996752
MS,CSF_31,GCATGATAGAGGGCTT-1,CSF,-0.5317313134812532
MS,CSF_31,GCATGATAGCCAGTAG-1,CSF,-0.3159986886593545
MS,CSF_31,GCATGATGTGATGATA-1,CSF,-0.0026446613869715347
MS,CSF_31,GCATGATTCTACTATC-1,CSF,1.110343575651752
MS,CSF_31,GCATGATTCTTCGAGA-1,CSF,0.03748466322053449
MS,CSF_31,GCATGCGAGAACAACT-1,CSF,0.12915104181182976
MS,CSF_31,GCATGCGAGCGTAGTG-1,CSF,-0.1920963438919876
MS,CSF_31,GCATGCGGTACACCGC-1,CSF,0.17684410283763016
MS,CSF_31,GCATGCGGTACCGTTA-1,CSF,-0.2860260016969261
MS,CSF_31,GCATGTAAGCAGGCTA-1,CSF,0.033405010380801695
MS,CSF_31,GCATGTAAGCGACGTA-1,CSF,0.2614913710732947
MS,CSF_31,GCATGTACACAGGCCT-1,CSF,-0.07157349201915446
MS,CSF_31,GCATGTACAGACTCGC-1,CSF,-0.6762722676280587
MS,CSF_31,GCATGTACAGGGATTG-1,CSF,1.011088708712119
MS,CSF_31,GCATGTACATCTATGG-1,CSF,0.11020421914312355
MS,CSF_31,GCATGTAGTACCCAAT-1,CSF,-0.5054871775255609
MS,CSF_31,GCATGTAGTCACTGGC-1,CSF,0.5339640209297668
MS,CSF_31,GCATGTAGTCCAACTA-1,CSF,0.15814923080787904
MS,CSF_31,GCATGTAGTCTCTTAT-1,CSF,-0.168672863485077
MS,CSF_31,GCATGTAGTTACGCGC-1,CSF,0.7761638892862769
MS,CSF_31,GCATGTATCTGATACG-1,CSF,0.5416899999124868
MS,CSF_31,GCCAAATAGAAGGGTA-1,CSF,-0.07157349201915446
MS,CSF_31,GCCAAATCAGTAAGAT-1,CSF,-0.16968196036170316
MS,CSF_31,GCCAAATCATACTACG-1,CSF,-0.3767471356662596
MS,CSF_31,GCCAAATCATCAGTAC-1,CSF,-0.24071381958653396
MS,CSF_31,GCCAAATGTTTGGCGC-1,CSF,-0.5352128531874067
MS,CSF_31,GCCAAATTCACAGGCC-1-2,CSF,0.23027433646192672
MS,CSF_31,GCCAAATTCCTCAATT-1,CSF,-0.07616315787088375
MS,CSF_31,GCCAAATTCTGGTGTA-1,CSF,-0.9874346544115082
MS,CSF_31,GCCTCTAGTACCCAAT-1,CSF,-0.17616263423773537
MS,CSF_31,GCCTCTAGTATGGTTC-1,CSF,0.26420327048040576
MS,CSF_31,GCCTCTAGTTTGTGTG-1,CSF,-0.1884760025952157
MS,CSF_31,GCCTCTATCCACGAAT-1,CSF,0.07802496013937363
MS,CSF_31,GCGACCAAGGCATTGG-1,CSF,0.11736556608827967
MS,CSF_31,GCGACCACAAAGCGGT-1,CSF,0.27388292726601404
MS,CSF_31,GCGACCACAACTGCGC-1,CSF,0.12926345163119332
MS,CSF_31,GCGACCACACCAACCG-1,CSF,0.0772056767299766
MS,CSF_31,GCGACCACATCGGACC-1,CSF,0.031306424687803966
MS,CSF_31,GCGACCACATTGTGCA-1,CSF,0.2201555853463855
MS,CSF_31,GCGACCAGTTTGGGCC-1,CSF,0.4535786622783671
MS,CSF_31,GCGACCATCCATGAGT-1,CSF,0.1062066629367091
MS,CSF_31,GCGACCATCCTTGACC-1,CSF,0.27340730921698614
MS,CSF_31,GCGAGAAGTCCAGTAT-1,CSF,-0.07157349201915446
MS,CSF_31,GCGCAACAGACAAAGG-1,CSF,0.30616344188793715
MS,CSF_31,GCGCAACTCCGAACGC-1,CSF,-0.3734042105108353
MS,CSF_31,GCGCAACTCGAATGGG-1,CSF,-0.16452277745395566
MS,CSF_31,GCGCAGTAGATCGGGT-1,CSF,-0.18003922648517903
MS,CSF_31,GCGCAGTAGCGTCAAG-1,CSF,0.28889476884006043
MS,CSF_31,GCGCAGTAGCTAACTC-1,CSF,0.4784794591699672
MS,CSF_31,GCGCAGTGTATTCTCT-1,CSF,-0.07157349201915446
MS,CSF_31,GCGCAGTGTCAGAATA-1,CSF,0.30723791945164297
MS,CSF_31,GCGCAGTGTCCGTCAG-1,CSF,0.37623427310375396
MS,CSF_31,GCGCAGTTCAGAGGTG-1,CSF,0.024115545927309783
MS,CSF_31,GCGCAGTTCAGCAACT-1,CSF,0.4108213944304562
MS,CSF_31,GCGCAGTTCAGGCCCA-1,CSF,-0.035061109068864046
MS,CSF_31,GCGCCAAAGGGCATGT-1,CSF,-0.3035813357837566
MS,CSF_31,GCGCCAACACTTCTGC-1,CSF,0.10482624103874923
MS,CSF_31,GCGCCAAGTAGCGTAG-1-1,CSF,-0.3278885507011616
MS,CSF_31,GCGCGATAGAGTGAGA-1,CSF,-0.4014139427493525
MS,CSF_31,GCGCGATAGCCCTAAT-1,CSF,-0.07157349201915446
MS,CSF_31,GCGCGATAGTAGTGCG-1,CSF,0.11328744071949491
MS,CSF_31,GCGCGATCAAGTAATG-1,CSF,-0.07157349201915446
MS,CSF_31,GCGCGATGTAAATACG-1,CSF,-0.23314248579275013
MS,CSF_31,GCGCGATGTCTTGTCC-1,CSF,-0.07157349201915446
MS,CSF_31,GCGCGATTCTCCAACC-1,CSF,-0.5233551283667898
MS,CSF_31,GCGGGTTAGCTAGTTC-1,CSF,-0.16950333532153422
MS,CSF_31,GCGGGTTGTACCATCA-1,CSF,-0.2723363536701155
MS,CSF_31,GCGGGTTGTGAAGGCT-1,CSF,0.21456607622908516
MS,CSF_31,GCGGGTTGTGTTCGAT-1,CSF,0.7817204844336489
MS,CSF_31,GCGGGTTTCACATAGC-1,CSF,-0.09476963536601515
MS,CSF_31,GCTCCTAAGATCTGAA-1,CSF,-0.3818038770944243
MS,CSF_31,GCTCCTAAGGATGCGT-1,CSF,0.49416434890583305
MS,CSF_31,GCTCCTACACGAGAGT-1,CSF,0.08881439588522153
MS,CSF_31,GCTCCTAGTCAGCTAT-1,CSF,0.3048234098423158
MS,CSF_31,GCTCCTATCGACAGCC-1,CSF,-0.40698424120707627
MS,CSF_31,GCTCTGTGTATAGGTA-1,CSF,0.49587692915202297
MS,CSF_31,GCTGCAGAGAGTCTGG-1,CSF,-0.07157349201915446
MS,CSF_31,GCTGCAGCACTTAACG-1,CSF,-0.006461028415078261
MS,CSF_31,GCTGCAGGTATTCGTG-1,CSF,-0.21934364030849687
MS,CSF_31,GCTGCAGGTGGGTCAA-1,CSF,0.07554162645985123
MS,CSF_31,GCTGCGAAGGATTCGG-1,CSF,-0.16469279930096822
MS,CSF_31,GCTGCGACAGCAGTTT-1,CSF,-0.23299810581289768
MS,CSF_31,GCTGCGAGTACCAGTT-1,CSF,0.014528636720682544
MS,CSF_31,GCTGCGAGTTGTCGCG-1,CSF,-0.17020927360542507
MS,CSF_31,GCTGCGATCTGCCAGG-1,CSF,-0.1440065380858786
MS,CSF_31,GCTGCTTAGCATGGCA-1,CSF,0.372499754118106
MS,CSF_31,GCTGCTTAGCGATATA-1,CSF,-0.15806830146492065
MS,CSF_31,GCTGCTTAGTGTCCAT-1-1,CSF,0.21727192537380954
MS,CSF_31,GCTGCTTCAGACGCCT-1,CSF,0.16006565696451672
MS,CSF_31,GCTGGGTAGTGGTAGC-1,CSF,-0.3202878957584422
MS,CSF_31,GCTGGGTCACAACGTT-1,CSF,0.8001324966668621
MS,CSF_31,GCTGGGTCACTCGACG-1,CSF,0.5094433480034125
MS,CSF_31,GCTGGGTCAGCTGTTA-1,CSF,0.2141403477973869
MS,CSF_31,GCTGGGTGTGTGAATA-1,CSF,-0.07157349201915446
MS,CSF_31,GCTGGGTGTGTTAAGA-1,CSF,0.03574029168059399
MS,CSF_31,GCTGGGTGTGTTTGGT-1,CSF,0.4255464499148219
MS,CSF_31,GCTGGGTTCATCGATG-1,CSF,0.5535275818472956
MS,CSF_31,GCTGGGTTCTCTGTCG-1,CSF,0.2954130084854156
MS,CSF_31,GCTTCCACAGTAAGCG-1,CSF,0.07786982123543994
MS,CSF_31,GCTTCCAGTAAACGCG-1,CSF,0.13084481957911828
MS,CSF_31,GCTTCCAGTAAAGTCA-1,CSF,0.5183060313144764
MS,CSF_31,GCTTCCAGTCAGTGGA-1,CSF,-0.15637237372658172
MS,CSF_31,GCTTCCAGTCGAGATG-1,CSF,0.18715726103698183
MS,CSF_31,GCTTCCATCGCACTCT-1,CSF,0.5181505167053475
MS,CSF_31,GCTTGAACACCAACCG-1,CSF,0.01915715063059853
MS,CSF_31,GCTTGAACATCTACGA-1,CSF,0.2966826509963378
MS,CSF_31,GCTTGAAGTAGCCTCG-1,CSF,-0.07157349201915446
MS,CSF_31,GCTTGAAGTCTGCAAT-1,CSF,0.20185346183454747
MS,CSF_31,GCTTGAATCGTTACAG-1,CSF,-0.07157349201915446
MS,CSF_31,GGAAAGCGTGAGGGAG-1,CSF,-0.07157349201915446
MS,CSF_31,GGAAAGCTCTCTTATG-1,CSF,-0.2519158328936704
MS,CSF_31,GGAACTTCAGTGGGAT-1,CSF,0.08878560092617849
MS,CSF_31,GGAACTTGTAGAGTGC-1,CSF,-0.48785272187469475
MS,CSF_31,GGAACTTTCGTCTGCT-1,CSF,-0.16617033620861812
MS,CSF_31,GGAATAACACATCCGG-1,CSF,-0.20471362701120607
MS,CSF_31,GGAATAACAGATGAGC-1,CSF,-0.2178890916618831
MS,CSF_31,GGAATAAGTTGATTCG-1,CSF,-0.0035350003407132063
MS,CSF_31,GGAATAATCAAGAAGT-1,CSF,0.1343740216991254
MS,CSF_31,GGACAAGAGAATCTCC-1,CSF,-0.07157349201915446
MS,CSF_31,GGACAAGAGGCAGGTT-1,CSF,0.45413111773094883
MS,CSF_31,GGACAAGCAAGTCTGT-1,CSF,0.12319476780662428
MS,CSF_31,GGACAAGCAAGTTCTG-1,CSF,-0.0872352669163625
MS,CSF_31,GGACAAGCATTTGCCC-1,CSF,-0.07157349201915446
MS,CSF_31,GGACAAGGTCAAAGCG-1,CSF,-0.07157349201915446
MS,CSF_31,GGACAGAAGTACATGA-1,CSF,-0.056881747635045006
MS,CSF_31,GGACAGACAAGGGTCA-1,CSF,-0.0020648656037998148
MS,CSF_31,GGACAGACAGAGTGTG-1,CSF,-0.15513389219715865
MS,CSF_31,GGACAGAGTTGCGCAC-1,CSF,-0.17313648191569173
MS,CSF_31,GGACAGATCTTTACGT-1-1,CSF,-0.355081590794691
MS,CSF_31,GGACATTGTACGCTGC-1,CSF,0.4694676244711409
MS,CSF_31,GGAGCAACACAGTCGC-1,CSF,0.15186234711077232
MS,CSF_31,GGAGCAACAGTCTTCC-1,CSF,-0.07416036203177946
MS,CSF_31,GGAGCAACATAAGACA-1,CSF,0.6911431701904549
MS,CSF_31,GGAGCAAGTCGGCATC-1,CSF,0.049565314256115836
MS,CSF_31,GGAGCAATCAGTGCAT-1,CSF,-0.17893382380621564
MS,CSF_31,GGATGTTAGATGCCAG-1,CSF,0.06564518341062002
MS,CSF_31,GGATGTTCAGCTTAAC-1,CSF,0.1657887175170086
MS,CSF_31,GGATGTTGTTCCACAA-1,CSF,-0.16140190282004907
MS,CSF_31,GGATGTTTCCTGCAGG-1,CSF,-0.17729677111827763
MS,CSF_31,GGATTACTCCGCGGTA-1,CSF,-0.07157349201915446
MS,CSF_31,GGCAATTAGTGGAGTC-1,CSF,-0.24088660287724356
MS,CSF_31,GGCAATTAGTTTCCTT-1,CSF,-0.17348304219676122
MS,CSF_31,GGCAATTCAATACGCT-1,CSF,0.05490818644683336
MS,CSF_31,GGCAATTCAGGACCCT-1,CSF,1.7502890043577444
MS,CSF_31,GGCAATTGTTCTCATT-1,CSF,0.47453005468907866
MS,CSF_31,GGCAATTTCTACGAGT-1,CSF,-0.07999701279926588
MS,CSF_31,GGCAATTTCTCGCTTG-1,CSF,-0.6447067262165314
MS,CSF_31,GGCCGATAGATTACCC-1,CSF,0.0992896931516061
MS,CSF_31,GGCCGATAGCGTGAAC-1,CSF,-0.08523956229435221
MS,CSF_31,GGCCGATAGTATCTCG-1-1,CSF,-0.05672481861559423
MS,CSF_31,GGCCGATCACATTCGA-1,CSF,0.1015685057146422
MS,CSF_31,GGCCGATCATATGAGA-1,CSF,-0.1875716054276308
MS,CSF_31,GGCCGATGTAAGTGGC-1,CSF,0.548848364867753
MS,CSF_31,GGCCGATTCAAAGACA-1,CSF,-0.22493499146537227
MS,CSF_31,GGCCGATTCCGAATGT-1,CSF,-0.003332949679394816
MS,CSF_31,GGCGACTAGGCTAGCA-1,CSF,-0.07157349201915446
MS,CSF_31,GGCGACTGTGCTGTAT-1,CSF,-0.6530727766593368
MS,CSF_31,GGCGACTTCCGAACGC-1-1,CSF,-0.32443618332152635
MS,CSF_31,GGCGACTTCCTGTACC-1,CSF,0.10003695468453876
MS,CSF_31,GGCGTGTCAATGAATG-1,CSF,0.25546869769487757
MS,CSF_31,GGCGTGTCACACATGT-1,CSF,-0.20443031219979854
MS,CSF_31,GGCGTGTCACAGGTTT-1,CSF,-0.2307231681360228
MS,CSF_31,GGCGTGTCAGCATGAG-1,CSF,0.035284312245790046
MS,CSF_31,GGCGTGTCATGATCCA-1,CSF,0.3387078462331431
MS,CSF_31,GGCGTGTGTAAATGTG-1,CSF,-0.07157349201915446
MS,CSF_31,GGCGTGTGTCGACTAT-1,CSF,0.009340425897538251
MS,CSF_31,GGCGTGTGTTGCCTCT-1-1,CSF,-0.3306011202803157
MS,CSF_31,GGCTCGAAGGATGGTC-1,CSF,0.23769348395936518
MS,CSF_31,GGCTCGAAGTCGATAA-1,CSF,0.2564086108819569
MS,CSF_31,GGCTCGACAATCAGAA-1,CSF,-0.07157349201915446
MS,CSF_31,GGCTCGATCGTAGGAG-1,CSF,-0.07157349201915446
MS,CSF_31,GGCTGGTCACTGCCAG-1,CSF,0.09385169026682551
MS,CSF_31,GGCTGGTCAGCTCGCA-1,CSF,-0.07157349201915446
MS,CSF_31,GGCTGGTCATCACAAC-1,CSF,-0.09035070709281001
MS,CSF_31,GGCTGGTGTCCTCCAT-1,CSF,-0.07157349201915446
MS,CSF_31,GGCTGGTGTGCGAAAC-1,CSF,-0.07157349201915446
MS,CSF_31,GGCTGGTTCAGAGCTT-1-1,CSF,0.1556487267805285
MS,CSF_31,GGGAATGAGATCTGCT-1,CSF,-0.07157349201915446
MS,CSF_31,GGGAATGAGTGTACGG-1,CSF,0.5045811715852189
MS,CSF_31,GGGAATGGTAACGACG-1,CSF,-0.24948415247585332
MS,CSF_31,GGGAATGGTAATCGTC-1,CSF,0.563754397631607
MS,CSF_31,GGGAATGTCACTTACT-1,CSF,-0.09345144002461472
MS,CSF_31,GGGAATGTCGCAAGCC-1,CSF,-0.07157349201915446
MS,CSF_31,GGGACCTAGGTGATAT-1,CSF,-0.3838151011900593
MS,CSF_31,GGGACCTCATCACGTA-1,CSF,-0.6069540978639044
MS,CSF_31,GGGACCTCATGCTAGT-1,CSF,-0.05391852097667915
MS,CSF_31,GGGACCTGTAATCGTC-1,CSF,-0.2802275411356013
MS,CSF_31,GGGACCTGTACTTAGC-1,CSF,-0.08194297718714046
MS,CSF_31,GGGACCTGTGTTGGGA-1,CSF,0.3137992083979518
MS,CSF_31,GGGACCTTCCGTACAA-1,CSF,0.2860530759866787
MS,CSF_31,GGGAGATCACCGAAAG-1,CSF,0.5989398494361923
MS,CSF_31,GGGAGATGTAACGACG-1,CSF,0.7131142783325062
MS,CSF_31,GGGAGATGTGTGTGCC-1,CSF,-0.07157349201915446
MS,CSF_31,GGGATGACATGGGAAC-1,CSF,-0.18941623317443265
MS,CSF_31,GGGATGAGTGAGGCTA-1,CSF,0.014015002103897525
MS,CSF_31,GGGATGAGTGCACTTA-1,CSF,-0.2505449067410573
MS,CSF_31,GGGATGATCATTTGGG-1,CSF,-0.21697791828204965
MS,CSF_31,GGGCACTAGATCCTGT-1,CSF,-0.07157349201915446
MS,CSF_31,GGGCACTCAAACAACA-1,CSF,-0.09072753678547439
MS,CSF_31,GGGCACTCACCGCTAG-1,CSF,0.07846922836334522
MS,CSF_31,GGGCACTCACGGACAA-1,CSF,-0.1647095977226783
MS,CSF_31,GGGCACTGTGCAACTT-1,CSF,0.22023334942942338
MS,CSF_31,GGGCATCAGACTACAA-1,CSF,0.21407515144276099
MS,CSF_31,GGGCATCAGGTGCAAC-1,CSF,0.29860952624647036
MS,CSF_31,GGGCATCAGTCAAGGC-1,CSF,-0.3549344271596944
MS,CSF_31,GGGCATCTCCTTGCCA-1,CSF,0.24521818680857965
MS,CSF_31,GGGTCTGAGTAATCCC-1,CSF,0.14664137448652217
MS,CSF_31,GGGTCTGGTACACCGC-1,CSF,-0.6450017244512278
MS,CSF_31,GGGTCTGGTATTCGTG-1,CSF,0.0028378790475807997
MS,CSF_31,GGGTCTGTCCAAACAC-1,CSF,0.1208226720496171
MS,CSF_31,GGGTTGCAGCGATTCT-1,CSF,0.004977590212302342
MS,CSF_31,GGGTTGCAGTGAATTG-1,CSF,-0.18043667130318916
MS,CSF_31,GGGTTGCCAGAAGCAC-1,CSF,-0.07157349201915446
MS,CSF_31,GGGTTGCGTAAACACA-1,CSF,0.4972868267361628
MS,CSF_31,GGGTTGCGTACGAAAT-1-1,CSF,-0.006290642763036369
MS,CSF_31,GGTATTGCAAGGTGTG-1,CSF,0.19760191621862283
MS,CSF_31,GGTATTGCAATGGACG-1,CSF,-0.5320416852013351
MS,CSF_31,GGTATTGCATAAGACA-1,CSF,0.31757972566734977
MS,CSF_31,GGTATTGGTGACGCCT-1,CSF,0.074706046231131
MS,CSF_31,GGTATTGGTGTGAAAT-1-1,CSF,-0.17919341251748203
MS,CSF_31,GGTATTGTCGAGAACG-1,CSF,-0.2842891150819052
MS,CSF_31,GGTGAAGAGAAGGGTA-1,CSF,0.18647804372398719
MS,CSF_31,GGTGAAGCACATGTGT-1,CSF,-0.2464849862585867
MS,CSF_31,GGTGAAGTCTGCAGTA-1,CSF,-0.14217080968000664
MS,CSF_31,GGTGCGTAGCCACGTC-1,CSF,0.2610323791315466
MS,CSF_31,GGTGCGTAGGATGGAA-1,CSF,-0.08947629392550903
MS,CSF_31,GGTGCGTCACAAGCCC-1,CSF,-0.23935585373412357
MS,CSF_31,GGTGCGTGTGCAACTT-1,CSF,-0.29879034445317065
MS,CSF_31,GGTGTTAAGGCGCTCT-1,CSF,-0.07157349201915446
MS,CSF_31,GGTGTTAGTAAGTGGC-1,CSF,0.04255008545420406
MS,CSF_31,GGTGTTAGTACTTGAC-1,CSF,-0.39923173194180744
MS,CSF_31,GGTGTTATCTCAAGTG-1,CSF,0.1686485114080186
MS,CSF_31,GTAACGTAGGCTAGAC-1,CSF,-0.2584256869151992
MS,CSF_31,GTAACGTGTTCCTCCA-1,CSF,-0.1716824283183085
MS,CSF_31,GTAACGTTCGATCCCT-1,CSF,-0.08968110784142756
MS,CSF_31,GTAACTGCAAACTGTC-1,CSF,-0.14996321034199575
MS,CSF_31,GTAACTGGTCCTAGCG-1,CSF,0.7618762848298505
MS,CSF_31,GTACGTAAGAAGCCCA-1,CSF,0.12547362386526154
MS,CSF_31,GTACGTACACTTACGA-1,CSF,-0.07157349201915446
MS,CSF_31,GTACGTACAGTGGGAT-1,CSF,-0.21491309070768957
MS,CSF_31,GTACTCCAGAAAGTGG-1,CSF,-0.3351187619248292
MS,CSF_31,GTACTTTCAACGCACC-1,CSF,-0.077586213395167
MS,CSF_31,GTACTTTCAGACGCCT-1,CSF,0.30557689368059776
MS,CSF_31,GTACTTTCAGCTATTG-1,CSF,0.003876613771775561
MS,CSF_31,GTACTTTTCGTGGGAA-1,CSF,-0.44435080054030435
MS,CSF_31,GTAGGCCAGCACGCCT-1,CSF,0.06335365552196498
MS,CSF_31,GTAGGCCGTTGAGGTG-1,CSF,0.11899278041478371
MS,CSF_31,GTAGGCCTCATGCTCC-1,CSF,0.0799934638653917
MS,CSF_31,GTAGGCCTCCGAAGAG-1,CSF,0.04431059261517726
MS,CSF_31,GTAGTCAGTCTCCCTA-1,CSF,-0.07157349201915446
MS,CSF_31,GTAGTCAGTTTACTCT-1,CSF,-0.34568587026267666
MS,CSF_31,GTAGTCATCCGTTGTC-1,CSF,-0.03030516762063739
MS,CSF_31,GTATCTTAGCTACCGC-1,CSF,0.49386724970556245
MS,CSF_31,GTATCTTAGTTTGCGT-1,CSF,-0.07157349201915446
MS,CSF_31,GTATTCTAGAAGAAGC-1,CSF,-0.07157349201915446
MS,CSF_31,GTATTCTAGACTTGAA-1,CSF,0.4065952642050142
MS,CSF_31,GTATTCTAGCGAAGGG-1,CSF,-0.08497643217969318
MS,CSF_31,GTATTCTAGCTAACAA-1,CSF,-0.007269941122722516
MS,CSF_31,GTATTCTGTTCGGGCT-1,CSF,0.35029904230627434
MS,CSF_31,GTATTCTTCCTACAGA-1,CSF,-0.07380891345809007
MS,CSF_31,GTCAAGTAGAATGTTG-1,CSF,-0.29713422248378835
MS,CSF_31,GTCACAAAGCCCAGCT-1,CSF,0.11204787331064091
MS,CSF_31,GTCACAAAGCGGCTTC-1,CSF,-0.02865234669546138
MS,CSF_31,GTCACAAAGGCGACAT-1,CSF,0.22393417254078618
MS,CSF_31,GTCACAAAGTGCTGCC-1,CSF,-0.07157349201915446
MS,CSF_31,GTCACAAGTCTAGAGG-1,CSF,-0.368894005024248
MS,CSF_31,GTCACAAGTTTGACTG-1,CSF,0.07055149482067676
MS,CSF_31,GTCACGGAGGACACCA-1,CSF,0.16944039437603706
MS,CSF_31,GTCACGGAGTGCGATG-1,CSF,0.2744735921254787
MS,CSF_31,GTCACGGCACAGTCGC-1,CSF,0.06357964405501049
MS,CSF_31,GTCACGGCAGCTTAAC-1,CSF,-0.4709517865264189
MS,CSF_31,GTCACGGTCTACTCAT-1,CSF,-0.07157349201915446
MS,CSF_31,GTCACGGTCTGATTCT-1,CSF,0.32786282210984136
MS,CSF_31,GTCATTTAGAGCTATA-1-1,CSF,-0.07157349201915446
MS,CSF_31,GTCATTTAGGTGCTTT-1,CSF,-0.07157349201915446
MS,CSF_31,GTCATTTCATAAAGGT-1,CSF,-0.1320835297717803
MS,CSF_31,GTCATTTCATGAGCGA-1,CSF,0.3497199034858958
MS,CSF_31,GTCATTTGTCTGCGGT-1,CSF,-0.1734274150910849
MS,CSF_31,GTCATTTTCCTTGCCA-1-1,CSF,0.07726109775037349
MS,CSF_31,GTCATTTTCGCAAGCC-1,CSF,-0.2945528520100167
MS,CSF_31,GTCCTCAAGGACAGCT-1,CSF,-0.12880970136800612
MS,CSF_31,GTCCTCACACACCGCA-1,CSF,0.08489868806701094
MS,CSF_31,GTCCTCACACGAGAGT-1,CSF,-0.07157349201915446
MS,CSF_31,GTCCTCACATTATCTC-1,CSF,0.12159457035626031
MS,CSF_31,GTCCTCATCAGTCCCT-1-1,CSF,0.18025886277448677
MS,CSF_31,GTCCTCATCATATCGG-1,CSF,0.1181614478764085
MS,CSF_31,GTCGGGTGTGTTAAGA-1,CSF,-0.27494484536426145
MS,CSF_31,GTCGGGTTCAATAAGG-1,CSF,0.02445519207445456
MS,CSF_31,GTCGGGTTCCACGACG-1,CSF,-0.34895841261766225
MS,CSF_31,GTCGTAAAGCTAGCCC-1,CSF,-0.15842441185371212
MS,CSF_31,GTCGTAAAGGACAGAA-1,CSF,0.2987113770680633
MS,CSF_31,GTCGTAAAGGATGCGT-1,CSF,0.05520014893640647
MS,CSF_31,GTCGTAAAGGGATACC-1,CSF,-0.07157349201915446
MS,CSF_31,GTCGTAACATGCATGT-1,CSF,0.1889925189862965
MS,CSF_31,GTCGTAACATTCCTCG-1,CSF,0.19720773120021168
MS,CSF_31,GTCGTAAGTTGCTCCT-1,CSF,-0.18385123692135558
MS,CSF_31,GTCGTAATCGGATGTT-1,CSF,0.10392215343379266
MS,CSF_31,GTCGTAATCTGATTCT-1,CSF,-0.17489624369740994
MS,CSF_31,GTCGTAATCTGCGGCA-1,CSF,0.11384399586776775
MS,CSF_31,GTCTCGTAGAAGGGTA-1,CSF,0.08910573832834275
MS,CSF_31,GTCTCGTAGCTGTTCA-1-1,CSF,-0.4679488375066065
MS,CSF_31,GTCTCGTAGGGTGTGT-1,CSF,-0.21471209531546367
MS,CSF_31,GTCTCGTAGTTATCGC-1,CSF,-0.07157349201915446
MS,CSF_31,GTCTCGTCAATACGCT-1,CSF,0.38540819126636844
MS,CSF_31,GTCTCGTGTTGATTCG-1,CSF,0.1032729328149403
MS,CSF_31,GTCTTCGAGACACGAC-1,CSF,0.21440457613710168
MS,CSF_31,GTCTTCGAGTGTACCT-1,CSF,0.16994345574000685
MS,CSF_31,GTCTTCGCACTGAAGG-1,CSF,-0.20455658644044164
MS,CSF_31,GTCTTCGTCCAAAGTC-1,CSF,-0.6264255379481476
MS,CSF_31,GTCTTCGTCCTGCCAT-1,CSF,-0.20567734503670282
MS,CSF_31,GTCTTCGTCTCTTATG-1,CSF,-0.5102606255322092
MS,CSF_31,GTGAAGGCAATGGAGC-1,CSF,0.30032511483919516
MS,CSF_31,GTGAAGGCATAGACTC-1,CSF,0.12596173748275846
MS,CSF_31,GTGAAGGCATGCCCGA-1,CSF,-0.07157349201915446
MS,CSF_31,GTGAAGGGTAAGTGTA-1,CSF,0.2280354644564365
MS,CSF_31,GTGCAGCCAGAAGCAC-1-1,CSF,0.0001021414863287313
MS,CSF_31,GTGCAGCGTTGTACAC-1,CSF,-0.19346464584871317
MS,CSF_31,GTGCAGCTCCAGTATG-1,CSF,0.19985056768995646
MS,CSF_31,GTGCAGCTCGACGGAA-1,CSF,-0.02722140229440059
MS,CSF_31,GTGCATAAGCGAAGGG-1,CSF,-0.20896982024810512
MS,CSF_31,GTGCATACAACACCTA-1,CSF,0.13123285419643713
MS,CSF_31,GTGCATAGTCACTGGC-1,CSF,-0.3723186051409063
MS,CSF_31,GTGCGGTAGAGGGATA-1,CSF,-0.05808246307246861
MS,CSF_31,GTGCGGTAGAGTACAT-1,CSF,-0.23294164293988479
MS,CSF_31,GTGCGGTAGTAGGTGC-1,CSF,-0.24951109277748365
MS,CSF_31,GTGCGGTCATTAACCG-1,CSF,-0.19322477293008136
MS,CSF_31,GTGCGGTGTAGCTCCG-1,CSF,0.4907082409235216
MS,CSF_31,GTGCTTCCACGACGAA-1,CSF,-0.07157349201915446
MS,CSF_31,GTGCTTCCACTGTTAG-1,CSF,0.14108640505673437
MS,CSF_31,GTGCTTCTCTAACCGA-1,CSF,-0.3609531298763971
MS,CSF_31,GTGGGTCAGAGCTGGT-1,CSF,-0.07157349201915446
MS,CSF_31,GTGGGTCCACAGCGTC-1,CSF,-0.17346913040165704
MS,CSF_31,GTGGGTCCAGAGCCAA-1,CSF,-0.4153136185054719
MS,CSF_31,GTGTGCGTCGCCCTTA-1,CSF,0.411063316882268
MS,CSF_31,GTGTGCGTCGTTTGCC-1,CSF,-0.6314306709825527
MS,CSF_31,GTGTTAGAGAGTACAT-1,CSF,-0.2159783367328103
MS,CSF_31,GTGTTAGAGGCCCGTT-1,CSF,0.1484187293860822
MS,CSF_31,GTGTTAGAGGCCCTCA-1,CSF,0.10308950985090229
MS,CSF_31,GTGTTAGCACCAGCAC-1,CSF,0.010024121079874286
MS,CSF_31,GTGTTAGCAGTTCCCT-1,CSF,-0.0017193330813165542
MS,CSF_31,GTTAAGCCAATCAGAA-1,CSF,-0.18241455517683317
MS,CSF_31,GTTAAGCCACACAGAG-1,CSF,-0.07157349201915446
MS,CSF_31,GTTAAGCCAGTGGAGT-1-1,CSF,-0.1821628480442013
MS,CSF_31,GTTAAGCCATCCGTGG-1,CSF,0.4548942137043812
MS,CSF_31,GTTAAGCTCGCCTGTT-1,CSF,-0.07157349201915446
MS,CSF_31,GTTACAGAGTACGTTC-1,CSF,0.27076872569446897
MS,CSF_31,GTTACAGCAAGTCATC-1,CSF,0.3258401965976879
MS,CSF_31,GTTACAGCATACAGCT-1,CSF,0.9967312048233004
MS,CSF_31,GTTACAGGTGCGAAAC-1,CSF,0.3246740141338309
MS,CSF_31,GTTACAGGTTTGCATG-1,CSF,0.3947601759638676
MS,CSF_31,GTTACAGTCTTAGAGC-1,CSF,-0.16175079177100615
MS,CSF_31,GTTCATTAGAGTACCG-1,CSF,0.4988105131339809
MS,CSF_31,GTTCATTAGGTTCCTA-1,CSF,-0.32979021221672117
MS,CSF_31,GTTCATTAGTACTTGC-1,CSF,-0.17665209702857965
MS,CSF_31,GTTCATTCACAGAGGT-1,CSF,0.2075469624121317
MS,CSF_31,GTTCATTGTGATAAAC-1-1,CSF,0.24374736448432602
MS,CSF_31,GTTCATTTCAGAAATG-1,CSF,-0.3431728533434738
MS,CSF_31,GTTCATTTCTATCCTA-1,CSF,-0.10993478058438215
MS,CSF_31,GTTCGGGAGCCTCGTG-1-1,CSF,-0.07157349201915446
MS,CSF_31,GTTCGGGCAGACGCCT-1,CSF,-0.03900679230458082
MS,CSF_31,GTTCGGGGTAGCGCTC-1,CSF,-0.07157349201915446
MS,CSF_31,GTTCGGGTCCTCGCAT-1,CSF,-0.16587650223323566
MS,CSF_31,GTTCTCGCACAACGCC-1,CSF,0.03716099087475012
MS,CSF_31,GTTCTCGCATGGTAGG-1,CSF,-0.07157349201915446
MS,CSF_31,GTTCTCGGTACGCACC-1,CSF,-0.15210176050012889
MS,CSF_31,GTTCTCGGTGCGGTAA-1,CSF,0.31012366419404247
MS,CSF_31,GTTTCTAAGCAGACTG-1,CSF,0.22983481542374135
MS,CSF_31,GTTTCTAAGGAGTACC-1,CSF,-0.3969828482058476
MS,CSF_31,GTTTCTAAGTATCTCG-1,CSF,-0.338790069662454
MS,CSF_31,GTTTCTACATTATCTC-1,CSF,-0.07157349201915446
MS,CSF_31,GTTTCTAGTCAAAGAT-1,CSF,-0.07157349201915446
MS,CSF_31,GTTTCTATCTTCATGT-1,CSF,0.255411764332767
MS,CSF_31,TAAACCGGTCCTCCAT-1,CSF,-0.07157349201915446
MS,CSF_31,TAAACCGGTCTGGAGA-1,CSF,-0.1663120939880239
MS,CSF_31,TAAACCGTCCAAACAC-1,CSF,0.10456287678541484
MS,CSF_31,TAAGAGAAGAGAGCTC-1,CSF,-0.3414646791120623
MS,CSF_31,TAAGAGAAGATGAGAG-1,CSF,0.1828485835927117
MS,CSF_31,TAAGAGACAGTCACTA-1,CSF,0.1048678796463586
MS,CSF_31,TAAGAGAGTCTGATCA-1-1,CSF,0.30933412523945797
MS,CSF_31,TAAGCGTAGCTAGCCC-1,CSF,-0.1755611993987536
MS,CSF_31,TAAGCGTCAATAGCGG-1,CSF,-0.07157349201915446
MS,CSF_31,TAAGCGTCACATTCGA-1,CSF,0.5684739882467704
MS,CSF_31,TAAGTGCAGGCCCGTT-1,CSF,-0.07157349201915446
MS,CSF_31,TAAGTGCAGTACGATA-1,CSF,-0.3626365545797756
MS,CSF_31,TAAGTGCGTACAGTGG-1,CSF,-0.07157349201915446
MS,CSF_31,TAAGTGCTCAAAGACA-1,CSF,-0.3629421044458119
MS,CSF_31,TAAGTGCTCTCAAGTG-1,CSF,-0.2791198126337317
MS,CSF_31,TACACGATCCAGGGCT-1,CSF,-0.5156407081219369
MS,CSF_31,TACACGATCTAACGGT-1,CSF,0.04312639905043604
MS,CSF_31,TACAGTGAGAAGGGTA-1,CSF,-0.15710103021037133
MS,CSF_31,TACAGTGGTATTCTCT-1,CSF,0.17662702632089777
MS,CSF_31,TACAGTGGTTATGTGC-1,CSF,-0.15529827837206492
MS,CSF_31,TACAGTGTCGAGAACG-1,CSF,-0.07157349201915446
MS,CSF_31,TACCTATAGGATATAC-1,CSF,-0.07157349201915446
MS,CSF_31,TACCTATCAATGGAGC-1,CSF,-0.16320686932983589
MS,CSF_31,TACCTATGTGATGTCT-1,CSF,-0.254903255401639
MS,CSF_31,TACCTTACAAGACACG-1,CSF,0.14529634816202636
MS,CSF_31,TACCTTACAATACGCT-1,CSF,-0.2847991588484909
MS,CSF_31,TACCTTACACCATGTA-1,CSF,0.11950479784241567
MS,CSF_31,TACCTTAGTACGAAAT-1,CSF,0.4055052334565467
MS,CSF_31,TACCTTATCGCTAGCG-1,CSF,0.20420893214193706
MS,CSF_31,TACCTTATCGGAAATA-1,CSF,0.0687617077332003
MS,CSF_31,TACGGATGTATCTGCA-1,CSF,0.30265048090555297
MS,CSF_31,TACGGATTCACTCCTG-1,CSF,-0.20135774269422244
MS,CSF_31,TACGGATTCCTCAATT-1,CSF,0.1118704331194237
MS,CSF_31,TACGGATTCTCGTTTA-1,CSF,-0.03210591618418711
MS,CSF_31,TACGGGCAGCAGACTG-1,CSF,-0.47439341478545555
MS,CSF_31,TACGGGCAGTGTTGAA-1,CSF,-0.31211450055672285
MS,CSF_31,TACGGGCCACGAGAGT-1,CSF,-0.07157349201915446
MS,CSF_31,TACGGGCCACTGCCAG-1,CSF,-0.07157349201915446
MS,CSF_31,TACGGGCGTCTCTCGT-1,CSF,-0.24788861210805982
MS,CSF_31,TACGGTAAGAAACCTA-1-2,CSF,-0.4870625842760617
MS,CSF_31,TACGGTAAGCACCGCT-1,CSF,0.3241716565226981
MS,CSF_31,TACGGTAAGGCTCATT-1,CSF,0.7303388069236331
MS,CSF_31,TACGGTAAGTGGAGAA-1,CSF,0.5090132975285473
MS,CSF_31,TACGGTACAGTCGTGC-1,CSF,0.4938537503893487
MS,CSF_31,TACGGTAGTCGCGTGT-1,CSF,-1.0441651869808979
MS,CSF_31,TACGGTAGTGACTACT-1-1,CSF,-0.23670277584340432
MS,CSF_31,TACGGTAGTTCTGGTA-1,CSF,-0.22393066409989953
MS,CSF_31,TACGGTATCAGTCAGT-1,CSF,-0.40405058453919807
MS,CSF_31,TACTCATGTGGTTTCA-1,CSF,-0.5071552880917969
MS,CSF_31,TACTCGCAGCCTTGAT-1,CSF,0.4520536609206291
MS,CSF_31,TACTCGCAGGGCTTCC-1,CSF,-0.4364517155797412
MS,CSF_31,TACTCGCCAGCTATTG-1,CSF,-0.28576979250477424
MS,CSF_31,TACTCGCCAGCTGCAC-1,CSF,-0.4194900407874912
MS,CSF_31,TACTCGCCAGTAACGG-1,CSF,-0.1688712419702419
MS,CSF_31,TACTCGCTCAGTACGT-1,CSF,0.2531137825630317
MS,CSF_31,TACTTACAGGGTTCCC-1,CSF,-0.07157349201915446
MS,CSF_31,TACTTACAGTGGTAAT-1,CSF,-0.8931920689173288
MS,CSF_31,TACTTACCAACGATGG-1,CSF,-0.18694067641128226
MS,CSF_31,TACTTACCAATGGTCT-1,CSF,-0.5059594885507095
MS,CSF_31,TACTTACCATTGGGCC-1,CSF,0.8683891489624435
MS,CSF_31,TACTTGTCAGTAGAGC-1,CSF,0.3685965940493319
MS,CSF_31,TACTTGTGTCTGCGGT-1,CSF,-0.5058223832043468
MS,CSF_31,TACTTGTTCCAGGGCT-1,CSF,-0.18657907734351098
MS,CSF_31,TAGACCAAGGGATACC-1,CSF,-0.057932472532706565
MS,CSF_31,TAGACCAGTATGGTTC-1,CSF,-0.2797941098327504
MS,CSF_31,TAGACCAGTGATGTCT-1-1,CSF,0.08866572842492025
MS,CSF_31,TAGACCATCGTGGACC-1,CSF,0.4247244593576408
MS,CSF_31,TAGACCATCGTTGCCT-1,CSF,0.19217030882719247
MS,CSF_31,TAGACCATCTATCGCC-1,CSF,-0.07157349201915446
MS,CSF_31,TAGACCATCTTACCTA-1,CSF,0.8602717324831403
MS,CSF_31,TAGAGCTCAAATTGCC-1,CSF,-0.09625578628790868
MS,CSF_31,TAGAGCTCAGCCAATT-1,CSF,-0.07157349201915446
MS,CSF_31,TAGAGCTCAGTGGAGT-1,CSF,-0.22174163583974918
MS,CSF_31,TAGAGCTGTAGCGATG-1,CSF,0.39733737282586434
MS,CSF_31,TAGAGCTGTCAACATC-1,CSF,-0.40238280290037476
MS,CSF_31,TAGAGCTTCTGAGGGA-1,CSF,-0.07157349201915446
MS,CSF_31,TAGCCGGAGCGGCTTC-1,CSF,-0.24521393224944182
MS,CSF_31,TAGCCGGAGGCAAAGA-1,CSF,0.19576792899875745
MS,CSF_31,TAGCCGGAGGCCCTCA-1,CSF,-0.4607559220415562
MS,CSF_31,TAGCCGGAGGTTCCTA-1,CSF,-0.17481021339738254
MS,CSF_31,TAGCCGGCACCGATAT-1,CSF,0.15471658372848118
MS,CSF_31,TAGCCGGGTGTAACGG-1,CSF,-0.13431187875705214
MS,CSF_31,TAGCCGGTCGAGCCCA-1,CSF,-0.07157349201915446
MS,CSF_31,TAGGCATAGATCCCGC-1,CSF,-0.09715156256029102
MS,CSF_31,TAGGCATCATGACATC-1,CSF,0.35205534435177543
MS,CSF_31,TAGGCATGTACTCTCC-1,CSF,-0.03684289923281466
MS,CSF_31,TAGTGGTAGGTGCTTT-1,CSF,0.8654523940814057
MS,CSF_31,TAGTGGTAGTGGGATC-1,CSF,0.535946228854208
MS,CSF_31,TAGTGGTCAACTGCTA-1,CSF,-0.49255766034231746
MS,CSF_31,TAGTGGTCATAACCTG-1,CSF,0.07078324797395343
MS,CSF_31,TAGTGGTGTCAGGACA-1,CSF,0.16883238448197574
MS,CSF_31,TAGTGGTTCACATAGC-1,CSF,0.9548995549539768
MS,CSF_31,TAGTGGTTCCTAGGGC-1,CSF,0.0007226366004052005
MS,CSF_31,TAGTTGGAGATCTGCT-1,CSF,-0.07157349201915446
MS,CSF_31,TAGTTGGCAATGACCT-1,CSF,-0.17407128227762772
MS,CSF_31,TAGTTGGTCAAACGGG-1,CSF,-0.17536919853935323
MS,CSF_31,TAGTTGGTCGCGATCG-1,CSF,0.48495888299813955
MS,CSF_31,TATCAGGAGATAGGAG-1,CSF,0.051595912390102514
MS,CSF_31,TATCAGGAGCAGCGTA-1,CSF,0.29441667761851376
MS,CSF_31,TATCAGGAGCCAGTTT-1,CSF,0.09209203579409182
MS,CSF_31,TATCAGGAGCGTGAAC-1,CSF,0.038706883045524325
MS,CSF_31,TATCAGGAGTCCAGGA-1,CSF,-0.22024823051731657
MS,CSF_31,TATCAGGAGTCTCCTC-1,CSF,0.40573035994771617
MS,CSF_31,TATCAGGCAGGGTATG-1,CSF,0.2336820526044843
MS,CSF_31,TATCAGGGTAATTGGA-1,CSF,0.15936709584180844
MS,CSF_31,TATCAGGGTTATCCGA-1,CSF,-0.021141242101491757
MS,CSF_31,TATCAGGGTTGATTGC-1,CSF,-0.2058088646984995
MS,CSF_31,TATCAGGTCTAGCACA-1,CSF,-0.1651794369846061
MS,CSF_31,TATCTCAAGAAACGAG-1,CSF,0.8234480565113269
MS,CSF_31,TATCTCAAGACAGGCT-1,CSF,0.5449235292585654
MS,CSF_31,TATCTCACACACCGAC-1,CSF,0.11001325341043919
MS,CSF_31,TATCTCAGTAGGGTAC-1,CSF,-0.07157349201915446
MS,CSF_31,TATCTCATCTCGTATT-1,CSF,0.5005658492290409
MS,CSF_31,TATGCCCAGACAATAC-1,CSF,-0.2564985788395866
MS,CSF_31,TATGCCCAGGCAGTCA-1,CSF,-0.33076139951499534
MS,CSF_31,TATGCCCGTGGTAACG-1,CSF,-0.28112652281948974
MS,CSF_31,TATGCCCGTTCGAATC-1,CSF,-0.07157349201915446
MS,CSF_31,TATTACCAGATATGGT-1,CSF,-0.07157349201915446
MS,CSF_31,TATTACCCAGTAGAGC-1,CSF,-0.07157349201915446
MS,CSF_31,TATTACCCATTACCTT-1,CSF,-0.16614675842600643
MS,CSF_31,TATTACCGTTTGACTG-1-1,CSF,0.5805632810825019
MS,CSF_31,TCAACGAGTACTTGAC-1,CSF,-0.2312286907355571
MS,CSF_31,TCAACGAGTGACGGTA-1,CSF,0.5254720510983409
MS,CSF_31,TCAACGATCATCACCC-1,CSF,-0.49357829355831884
MS,CSF_31,TCAATCTCAGGTCTCG-1,CSF,-0.1784751483429794
MS,CSF_31,TCAATCTCAGTGACAG-1,CSF,0.5026192900587518
MS,CSF_31,TCAATCTTCTGCAAGT-1,CSF,0.022770801308025057
MS,CSF_31,TCACAAGCAATGAAAC-1,CSF,0.5805042907653446
MS,CSF_31,TCACAAGCAGCCTTGG-1,CSF,-0.07157349201915446
MS,CSF_31,TCACAAGCATGAAGTA-1,CSF,0.018568204407781334
MS,CSF_31,TCACAAGGTACAGTTC-1,CSF,0.1478085144584044
MS,CSF_31,TCACAAGGTGCATCTA-1,CSF,0.12431157633376413
MS,CSF_31,TCACAAGTCCTGCCAT-1,CSF,-0.12883500962736416
MS,CSF_31,TCACAAGTCGTATCAG-1,CSF,0.5197780145891455
MS,CSF_31,TCACGAAAGTGGGCTA-1,CSF,-0.23704111571639835
MS,CSF_31,TCACGAAGTACCGCTG-1,CSF,0.07858840226233853
MS,CSF_31,TCAGATGAGGACAGCT-1,CSF,0.39387903183006384
MS,CSF_31,TCAGATGAGGTGCTAG-1,CSF,-0.26599624416022216
MS,CSF_31,TCAGATGCAATGGAAT-1,CSF,0.06778241686715476
MS,CSF_31,TCAGCAAGTAGCGATG-1,CSF,0.12860152461695878
MS,CSF_31,TCAGCAAGTTCCCTTG-1,CSF,-0.07157349201915446
MS,CSF_31,TCAGCAATCACTATTC-1,CSF,-0.07157349201915446
MS,CSF_31,TCAGCAATCCGTAGTA-1,CSF,-0.07157349201915446
MS,CSF_31,TCAGCAATCCTTTCTC-1,CSF,-0.07157349201915446
MS,CSF_31,TCAGCAATCTCGATGA-1,CSF,0.1853811007402846
MS,CSF_31,TCAGCTCCAGGCGATA-1,CSF,0.40821740888837704
MS,CSF_31,TCAGCTCGTATAGGGC-1,CSF,-0.41970328149207486
MS,CSF_31,TCAGCTCGTCATGCAT-1,CSF,-0.23947131144735043
MS,CSF_31,TCAGGATAGAGTACAT-1-1,CSF,0.09069801478547342
MS,CSF_31,TCAGGATAGGTGTGGT-1,CSF,-0.2040395391077017
MS,CSF_31,TCAGGATCAATGAATG-1,CSF,0.12200690408641283
MS,CSF_31,TCAGGTACACTCTGTC-1,CSF,0.18253424341635793
MS,CSF_31,TCAGGTACAGACAAAT-1-1,CSF,0.32090862465495257
MS,CSF_31,TCAGGTACAGTGACAG-1,CSF,0.2750808985706325
MS,CSF_31,TCAGGTACATACTCTT-1,CSF,-0.3009393347901074
MS,CSF_31,TCAGGTAGTACCGCTG-1,CSF,0.37808471337290234
MS,CSF_31,TCAGGTAGTGATGCCC-1,CSF,-0.5084782986439615
MS,CSF_31,TCAGGTAGTTGGTTTG-1,CSF,0.298736720870176
MS,CSF_31,TCAGGTATCCGCATAA-1,CSF,0.1805475980952958
MS,CSF_31,TCATTACGTAGCACGA-1,CSF,0.4047610888820475
MS,CSF_31,TCATTACGTCGTGGCT-1,CSF,-0.07157349201915446
MS,CSF_31,TCATTACGTCTTCGTC-1-1,CSF,-0.47836080124403785
MS,CSF_31,TCATTACGTGTTGAGG-1,CSF,-0.1686334064832334
MS,CSF_31,TCATTTGAGAGGACGG-1,CSF,0.5680921130499116
MS,CSF_31,TCATTTGCACTAAGTC-1,CSF,-0.07157349201915446
MS,CSF_31,TCATTTGCATTCGACA-1,CSF,0.08602933973162576
MS,CSF_31,TCATTTGTCACATACG-1,CSF,0.6753649312869324
MS,CSF_31,TCATTTGTCGAGAGCA-1,CSF,2.1449151946097344e-05
MS,CSF_31,TCCACACCAATCTGCA-1,CSF,-0.668458957744759
MS,CSF_31,TCCACACCACCCAGTG-1,CSF,-0.5705867981654454
MS,CSF_31,TCCACACGTCAGATAA-1,CSF,-0.4705463250917815
MS,CSF_31,TCCACACTCTCTGAGA-1,CSF,0.313736195499484
MS,CSF_31,TCCCGATAGTGCAAGC-1,CSF,-0.8589656596895566
MS,CSF_31,TCCCGATCAGGTCGTC-1,CSF,-0.5262146150681115
MS,CSF_31,TCGAGGCAGGTCGGAT-1,CSF,-0.07157349201915446
MS,CSF_31,TCGAGGCGTCCATGAT-1,CSF,0.35478066570564987
MS,CSF_31,TCGAGGCGTGCTCTTC-1,CSF,-0.07157349201915446
MS,CSF_31,TCGAGGCGTTACGCGC-1,CSF,-0.025251499254898883
MS,CSF_31,TCGAGGCTCATGTGGT-1,CSF,0.5244577453488185
MS,CSF_31,TCGCGAGAGCTTTGGT-1,CSF,-0.1645389925413032
MS,CSF_31,TCGCGAGCACTGTCGG-1,CSF,0.044281887423103905
MS,CSF_31,TCGCGAGCAGGTTTCA-1,CSF,-0.07157349201915446
MS,CSF_31,TCGCGAGGTAAGCACG-1-1,CSF,-0.6765638089972701
MS,CSF_31,TCGCGAGTCTTGTTTG-1,CSF,-0.32192017209155693
MS,CSF_31,TCGCGTTCAAGCGAGT-1,CSF,0.2619822886348209
MS,CSF_31,TCGCGTTCAAGCTGAG-1,CSF,-0.11365351105102271
MS,CSF_31,TCGCGTTCAAGCTGTT-1,CSF,-0.07157349201915446
MS,CSF_31,TCGCGTTGTCTAAAGA-1,CSF,0.09049345860098366
MS,CSF_31,TCGCGTTTCTTTAGTC-1,CSF,-0.16519094984823132
MS,CSF_31,TCGGGACAGCCAGAAC-1,CSF,0.10342374322187851
MS,CSF_31,TCGGGACCAGCTGCTG-1,CSF,1.0417045421472322
MS,CSF_31,TCGGGACTCCTTCAAT-1,CSF,0.1122803568648753
MS,CSF_31,TCGGGACTCGCAAACT-1,CSF,-0.42032543017038143
MS,CSF_31,TCGGGACTCTGTCAAG-1,CSF,-0.07157349201915446
MS,CSF_31,TCGGTAACACTTCTGC-1,CSF,0.19810201011652445
MS,CSF_31,TCGGTAAGTAGAGCTG-1-1,CSF,0.4268048064369712
MS,CSF_31,TCGGTAATCAGAGGTG-1,CSF,-0.02212330281370268
MS,CSF_31,TCGTACCAGACACGAC-1,CSF,0.4375781285468873
MS,CSF_31,TCGTACCAGCCACCTG-1-1,CSF,-0.15830166028481768
MS,CSF_31,TCGTACCAGGCTAGCA-1-1,CSF,0.11299528982905209
MS,CSF_31,TCGTACCTCCCGACTT-1,CSF,0.5553127365839384
MS,CSF_31,TCGTAGAAGTGGGTTG-1,CSF,0.17279129947346195
MS,CSF_31,TCGTAGACATCAGTCA-1,CSF,-0.07157349201915446
MS,CSF_31,TCGTAGACATGGGAAC-1,CSF,-0.1551449976916637
MS,CSF_31,TCGTAGACATTGGCGC-1,CSF,-0.3780587217240399
MS,CSF_31,TCGTAGACATTGTGCA-1,CSF,-0.7229299629238347
MS,CSF_31,TCGTAGAGTGTTGAGG-1,CSF,0.3142181840236791
MS,CSF_31,TCGTAGATCCGTCAAA-1,CSF,0.03642119485901204
MS,CSF_31,TCTATTGAGCGCTCCA-1,CSF,0.22391916248109653
MS,CSF_31,TCTATTGAGGAATCGC-1,CSF,0.37174129331303657
MS,CSF_31,TCTATTGAGTGAACGC-1,CSF,0.18283510094718686
MS,CSF_31,TCTATTGTCTTGTACT-1,CSF,0.005064290547870649
MS,CSF_31,TCTCATAAGTCTCCTC-1,CSF,0.20364287579089316
MS,CSF_31,TCTCATACACTAGTAC-1,CSF,-0.19529526033018474
MS,CSF_31,TCTCATAGTGTTGGGA-1,CSF,0.1506331364042328
MS,CSF_31,TCTCATATCACGACTA-1,CSF,0.46704078295624135
MS,CSF_31,TCTCATATCTATCCTA-1,CSF,-0.12831973598369792
MS,CSF_31,TCTCTAAAGACACGAC-1,CSF,-0.024821687096811706
MS,CSF_31,TCTCTAAAGCCAACAG-1,CSF,0.03643197782209102
MS,CSF_31,TCTCTAAAGCGACGTA-1,CSF,0.11021774981247077
MS,CSF_31,TCTGAGACACAACGCC-1,CSF,0.19729858451298035
MS,CSF_31,TCTGAGACAGCAGTTT-1,CSF,0.21203880773324396
MS,CSF_31,TCTGAGACATCCCACT-1,CSF,-0.4439433537727847
MS,CSF_31,TCTGAGAGTAAATACG-1,CSF,0.2601485246118308
MS,CSF_31,TCTGAGAGTAGCTCCG-1,CSF,-0.2700530675420263
MS,CSF_31,TCTGAGATCACCATAG-1,CSF,0.10141028283971236
MS,CSF_31,TCTGGAAAGGAGTTTA-1,CSF,0.2986964037367289
MS,CSF_31,TCTGGAACACGACGAA-1,CSF,0.1113583125153688
MS,CSF_31,TCTGGAACACTAGTAC-1,CSF,-0.4800420531654365
MS,CSF_31,TCTGGAACACTTGGAT-1,CSF,0.0305820989933905
MS,CSF_31,TCTGGAAGTAGCTTGT-1,CSF,0.02115551128149316
MS,CSF_31,TCTGGAAGTCTTCGTC-1,CSF,-0.07157349201915446
MS,CSF_31,TCTGGAATCTTACCTA-1,CSF,-0.17185660680347659
MS,CSF_31,TCTTCGGAGAGAACAG-1-1,CSF,0.2600354891549501
MS,CSF_31,TCTTCGGAGTGGTAAT-1,CSF,-0.07157349201915446
MS,CSF_31,TCTTCGGCAAGTTCTG-1,CSF,0.4342073740740519
MS,CSF_31,TCTTCGGTCACAATGC-1,CSF,0.19905758880977867
MS,CSF_31,TCTTCGGTCCGAACGC-1,CSF,-0.3620064224139314
MS,CSF_31,TCTTCGGTCCTATTCA-1,CSF,-0.22108597301008853
MS,CSF_31,TCTTCGGTCCTGCCAT-1,CSF,-0.07157349201915446
MS,CSF_31,TCTTTCCAGTTTGCGT-1,CSF,0.008909198623507466
MS,CSF_31,TCTTTCCGTAAACACA-1,CSF,0.13786840135282963
MS,CSF_31,TCTTTCCTCAGTTAGC-1,CSF,-0.07157349201915446
MS,CSF_31,TGAAAGAAGAAGGTGA-1,CSF,-0.03618745010109635
MS,CSF_31,TGAAAGAAGTGGAGTC-1,CSF,0.19792889047887868
MS,CSF_31,TGAAAGACATCGGTTA-1,CSF,-0.4186749008742612
MS,CSF_31,TGAAAGAGTTATTCTC-1,CSF,0.5623330269301394
MS,CSF_31,TGAAAGATCTGCGACG-1,CSF,-0.08470407430460361
MS,CSF_31,TGACAACAGAAGATTC-1,CSF,0.6648767254375015
MS,CSF_31,TGACAACAGGATGGTC-1,CSF,-0.07157349201915446
MS,CSF_31,TGACAACCAAATACAG-1,CSF,-0.2210345515625281
MS,CSF_31,TGACAACCACGGCGTT-1,CSF,-0.07157349201915446
MS,CSF_31,TGACAACCATCACGTA-1,CSF,-0.12428044495475118
MS,CSF_31,TGACAACCATGTAGTC-1,CSF,0.20127764586789315
MS,CSF_31,TGACAACGTGAGCGAT-1,CSF,-0.23601286743785344
MS,CSF_31,TGACGGCCAATCCGAT-1,CSF,-0.23317102696118064
MS,CSF_31,TGACGGCGTAAACGCG-1,CSF,0.4912043355889965
MS,CSF_31,TGACGGCTCCAAGCCG-1-1,CSF,-0.07157349201915446
MS,CSF_31,TGACTAGAGAGTAATC-1,CSF,-0.07157349201915446
MS,CSF_31,TGACTAGAGCAGACTG-1,CSF,0.05178453879849876
MS,CSF_31,TGACTAGCACCCATTC-1,CSF,0.4346640128604344
MS,CSF_31,TGACTAGGTAAATACG-1,CSF,-0.037656064536300056
MS,CSF_31,TGACTAGGTGCCTGGT-1,CSF,0.01105581120652729
MS,CSF_31,TGACTAGGTTATGTGC-1,CSF,0.14022091555227392
MS,CSF_31,TGACTAGTCACAAACC-1,CSF,0.055447966363172556
MS,CSF_31,TGACTAGTCCCTTGTG-1,CSF,-0.11663891200342488
MS,CSF_31,TGACTTTAGACCTTTG-1,CSF,0.059911287203476334
MS,CSF_31,TGACTTTGTCCTCCAT-1,CSF,-0.07157349201915446
MS,CSF_31,TGACTTTTCGTCCGTT-1,CSF,0.20160939944552173
MS,CSF_31,TGAGAGGAGAACTGTA-1,CSF,-0.24104262976095653
MS,CSF_31,TGAGAGGAGTGTTTGC-1-1,CSF,-0.19209996499563564
MS,CSF_31,TGAGAGGGTAGCGTGA-1,CSF,0.2822055510575841
MS,CSF_31,TGAGAGGTCGTTACGA-1,CSF,-0.3177693613754484
MS,CSF_31,TGAGAGGTCTACTATC-1-1,CSF,0.05425004495359265
MS,CSF_31,TGAGCATAGCAGCGTA-1,CSF,-0.1697459285220199
MS,CSF_31,TGAGCATAGCGAGAAA-1,CSF,0.27287584186630315
MS,CSF_31,TGAGCATAGGGATGGG-1,CSF,0.11628433300105838
MS,CSF_31,TGAGCATAGTTGAGTA-1,CSF,-0.10352855662889197
MS,CSF_31,TGAGCATCACACATGT-1,CSF,-0.2259043523527978
MS,CSF_31,TGAGCATCATTACCTT-1,CSF,0.42595976749086834
MS,CSF_31,TGAGCCGAGGAATGGA-1,CSF,-0.24718117154930286
MS,CSF_31,TGAGCCGAGGTCATCT-1,CSF,-0.331689467695018
MS,CSF_31,TGAGCCGAGTGGGTTG-1,CSF,0.3428819297191419
MS,CSF_31,TGAGCCGAGTTGTCGT-1,CSF,0.1537278308607923
MS,CSF_31,TGAGCCGCACCCAGTG-1,CSF,0.41624612384255466
MS,CSF_31,TGAGCCGGTAACGTTC-1,CSF,0.3807080583865708
MS,CSF_31,TGAGCCGGTATAGTAG-1,CSF,-0.07157349201915446
MS,CSF_31,TGAGCCGGTCGCTTCT-1,CSF,0.31037582008332265
MS,CSF_31,TGAGCCGTCAGGTTCA-1,CSF,0.8135989864565282
MS,CSF_31,TGAGGGATCTGAGTGT-1,CSF,-0.40260330276186423
MS,CSF_31,TGATTTCAGCAGGTCA-1-1,CSF,-0.07157349201915446
MS,CSF_31,TGATTTCCACGTCTCT-1,CSF,-0.1656312290549053
MS,CSF_31,TGATTTCGTACCGGCT-1,CSF,0.3785108454481558
MS,CSF_31,TGATTTCTCAATCACG-1,CSF,-0.05289058188092356
MS,CSF_31,TGATTTCTCACAACGT-1,CSF,0.14910191536213085
MS,CSF_31,TGATTTCTCCCTTGTG-1-2,CSF,-0.07134998729974486
MS,CSF_31,TGCACCTAGCGTGAGT-1,CSF,0.8069924330130621
MS,CSF_31,TGCACCTCAGATGGCA-1,CSF,0.10261000022959096
MS,CSF_31,TGCACCTGTCTTGCGG-1,CSF,-0.24043417774193868
MS,CSF_31,TGCACCTTCATGTGGT-1,CSF,-0.04050824029803013
MS,CSF_31,TGCCAAAAGCAACGGT-1,CSF,-0.041424043873284404
MS,CSF_31,TGCCAAATCATCTGTT-1,CSF,-0.23074962154789622
MS,CSF_31,TGCCAAATCGGTCCGA-1,CSF,0.10428239258040492
MS,CSF_31,TGCCAAATCTACTATC-1,CSF,-0.25307869246053866
MS,CSF_31,TGCCCATTCTCTGAGA-1,CSF,-0.07157349201915446
MS,CSF_31,TGCCCTAAGCCTATGT-1,CSF,0.21416580775050556
MS,CSF_31,TGCCCTAGTACTTGAC-1,CSF,-0.17825869245450768
MS,CSF_31,TGCCCTAGTAGCTGCC-1,CSF,0.8130658343764994
MS,CSF_31,TGCCCTAGTGCACTTA-1,CSF,0.10940369026865494
MS,CSF_31,TGCCCTAGTTGGAGGT-1,CSF,-0.34044100498649305
MS,CSF_31,TGCCCTATCATCTGCC-1,CSF,-0.07157349201915446
MS,CSF_31,TGCGCAGAGGCTAGCA-1,CSF,0.15246485587334943
MS,CSF_31,TGCGCAGAGGTAGCCA-1,CSF,-0.07157349201915446
MS,CSF_31,TGCGCAGAGTACATGA-1,CSF,0.29438559099056644
MS,CSF_31,TGCGCAGAGTTATCGC-1,CSF,0.1852797468628988
MS,CSF_31,TGCGCAGCAGCCTGTG-1,CSF,-0.5401721175393149
MS,CSF_31,TGCGCAGTCGTCCGTT-1,CSF,-0.18352056296235658
MS,CSF_31,TGCGGGTCAGGTCCAC-1,CSF,-0.21272030673795564
MS,CSF_31,TGCGGGTGTAGTACCT-1,CSF,0.23284745987180333
MS,CSF_31,TGCGGGTGTCGGCACT-1,CSF,-0.07157349201915446
MS,CSF_31,TGCTACCAGCTTATCG-1,CSF,0.37219371445219124
MS,CSF_31,TGCTACCAGGGATACC-1,CSF,-0.07157349201915446
MS,CSF_31,TGCTACCCAGGTGGAT-1,CSF,-0.3670940855408719
MS,CSF_31,TGCTGCTAGATGTGGC-1,CSF,0.05603979117236405
MS,CSF_31,TGCTGCTAGCTGAAAT-1,CSF,-0.052616440280872805
MS,CSF_31,TGCTGCTAGGAGCGTT-1,CSF,0.25025528392276875
MS,CSF_31,TGCTGCTCAGCTCCGA-1,CSF,-0.07157349201915446
MS,CSF_31,TGCTGCTGTATCAGTC-1,CSF,-0.2207098526737652
MS,CSF_31,TGCTGCTTCACCCTCA-1,CSF,0.12297882811785966
MS,CSF_31,TGGACGCAGCACACAG-1,CSF,-0.39529696260111674
MS,CSF_31,TGGACGCTCAAGCCTA-1,CSF,-0.3169878011931395
MS,CSF_31,TGGACGCTCTCGATGA-1,CSF,0.19885444743088435
MS,CSF_31,TGGACGCTCTTGAGGT-1,CSF,-0.16978157736484123
MS,CSF_31,TGGCCAGAGGCTCAGA-1,CSF,0.10047683933813645
MS,CSF_31,TGGCCAGAGGCTCATT-1,CSF,0.16128901839396684
MS,CSF_31,TGGCCAGAGTCTCGGC-1,CSF,0.7184088480688474
MS,CSF_31,TGGCCAGCACATCCGG-1,CSF,-0.4842367486932369
MS,CSF_31,TGGCCAGTCAGTTGAC-1,CSF,0.13234088624773002
MS,CSF_31,TGGCCAGTCCTTGACC-1,CSF,-0.07157349201915446
MS,CSF_31,TGGCCAGTCTGGAGCC-1,CSF,-0.2079016463488806
MS,CSF_31,TGGCGCAAGGAGTTTA-1,CSF,0.12089872972698767
MS,CSF_31,TGGCGCAAGGCATTGG-1,CSF,0.24383550374790364
MS,CSF_31,TGGCGCATCAGGCAAG-1-1,CSF,-0.19529526033018474
MS,CSF_31,TGGCGCATCGTTTGCC-1,CSF,0.0357041099871623
MS,CSF_31,TGGCTGGCAAAGGAAG-1,CSF,0.19463050890841904
MS,CSF_31,TGGCTGGCAGCTGTAT-1,CSF,0.40997457918910685
MS,CSF_31,TGGCTGGGTCCGACGT-1,CSF,-0.1797525377960635
MS,CSF_31,TGGCTGGTCAAGAAGT-1,CSF,-0.37025385543413264
MS,CSF_31,TGGGAAGGTGGAAAGA-1,CSF,-0.07157349201915446
MS,CSF_31,TGGGAAGTCTATGTGG-1,CSF,-0.2442055862325748
MS,CSF_31,TGGGCGTAGATGAGAG-1,CSF,0.34878542928131934
MS,CSF_31,TGGGCGTAGTTGCAGG-1,CSF,-0.07157349201915446
MS,CSF_31,TGGGCGTCATGGAATA-1,CSF,0.13350740717999507
MS,CSF_31,TGGGCGTCATGTCTCC-1,CSF,-0.07157349201915446
MS,CSF_31,TGGGCGTGTGTAATGA-1,CSF,-0.27841588842960757
MS,CSF_31,TGGGCGTGTTCCCTTG-1,CSF,-0.07157349201915446
MS,CSF_31,TGGTTAGCAATCTGCA-1,CSF,0.4681863199309454
MS,CSF_31,TGGTTAGGTCCAACTA-1-1,CSF,-0.1554068375495176
MS,CSF_31,TGGTTAGGTCTTTCAT-1,CSF,-0.19018512949470706
MS,CSF_31,TGGTTCCAGACTACAA-1,CSF,0.2498795080471204
MS,CSF_31,TGGTTCCAGGGTATCG-1-2,CSF,0.0012800294605055226
MS,CSF_31,TGGTTCCCAGGACCCT-1,CSF,-0.07157349201915446
MS,CSF_31,TGGTTCCCATCGGTTA-1,CSF,-0.887394226025079
MS,CSF_31,TGGTTCCCATTTCAGG-1,CSF,-0.23307776826785037
MS,CSF_31,TGGTTCCGTTATGTGC-1,CSF,-0.07157349201915446
MS,CSF_31,TGGTTCCGTTGCCTCT-1,CSF,-0.22788155364524756
MS,CSF_31,TGGTTCCTCTTTAGGG-1,CSF,-0.3395694493471077
MS,CSF_31,TGTATTCAGCGCCTTG-1,CSF,-0.07157349201915446
MS,CSF_31,TGTATTCAGGGTTCCC-1,CSF,-0.07157349201915446
MS,CSF_31,TGTATTCGTCGCGAAA-1,CSF,-0.37977575998739843
MS,CSF_31,TGTATTCGTGGGTCAA-1,CSF,-0.029885705695845272
MS,CSF_31,TGTCCCAAGCGACGTA-1,CSF,-0.10917857165941289
MS,CSF_31,TGTCCCACAAGTTCTG-1-1,CSF,-0.12128550809816888
MS,CSF_31,TGTCCCACAGTCAGAG-1,CSF,0.1678090115924849
MS,CSF_31,TGTCCCATCAGTTTGG-1,CSF,-0.07157349201915446
MS,CSF_31,TGTCCCATCCCGGATG-1,CSF,0.42397947722279133
MS,CSF_31,TGTCCCATCTGTCTCG-1,CSF,0.4204911049439412
MS,CSF_31,TGTGGTACAGCTCGCA-1,CSF,-0.0967351272757929
MS,CSF_31,TGTGGTAGTCACACGC-1,CSF,0.16252444386064305
MS,CSF_31,TGTGGTATCAGCACAT-1,CSF,0.20832845769109737
MS,CSF_31,TGTGGTATCAGCTCGG-1,CSF,-0.07157349201915446
MS,CSF_31,TGTGGTATCGGCGGTT-1,CSF,-0.5331022736035711
MS,CSF_31,TGTGTTTAGATCTGCT-1,CSF,-0.07157349201915446
MS,CSF_31,TGTGTTTAGTCATCCA-1,CSF,0.3557555910956717
MS,CSF_31,TGTGTTTGTTAAGATG-1,CSF,-0.208279454493411
MS,CSF_31,TGTGTTTTCAACCATG-1-1,CSF,-0.4060659640468602
MS,CSF_31,TGTGTTTTCACATAGC-1,CSF,0.31765122557723713
MS,CSF_31,TGTGTTTTCGCGGATC-1,CSF,-0.34731450121629226
MS,CSF_31,TGTTCCGAGCGAGAAA-1,CSF,-0.07157349201915446
MS,CSF_31,TGTTCCGAGCGTAATA-1,CSF,0.1793618394434803
MS,CSF_31,TGTTCCGAGTCAAGCG-1,CSF,0.11774077941773708
MS,CSF_31,TGTTCCGCAACTGCTA-1,CSF,0.19575303376178724
MS,CSF_31,TGTTCCGCATCACGTA-1,CSF,-0.1717493374280953
MS,CSF_31,TGTTCCGGTAGGCATG-1,CSF,-0.2353377081601026
MS,CSF_31,TTAACTCAGGACAGCT-1,CSF,-0.07157349201915446
MS,CSF_31,TTAACTCAGTCGTACT-1,CSF,-0.2358467063557131
MS,CSF_31,TTAACTCAGTGACTCT-1,CSF,0.39253459701540944
MS,CSF_31,TTAACTCCACTGTGTA-1,CSF,-0.35847777378302975
MS,CSF_31,TTAACTCCAGACAGGT-1,CSF,-0.33523458925336275
MS,CSF_31,TTAACTCCATTGGCGC-1,CSF,0.46003996531224883
MS,CSF_31,TTAGGACAGATTACCC-1,CSF,-0.2816275532852485
MS,CSF_31,TTAGGACCAAGCGTAG-1,CSF,-0.40203322143021003
MS,CSF_31,TTAGGACCACAACGTT-1,CSF,-0.07157349201915446
MS,CSF_31,TTAGGACGTATTACCG-1,CSF,0.18162803334978897
MS,CSF_31,TTAGGACGTGTGACGA-1,CSF,-0.028412145633311625
MS,CSF_31,TTAGGCAAGATGTGTA-1,CSF,-0.9141701787775841
MS,CSF_31,TTAGGCAAGCGGCTTC-1,CSF,-0.03393652121512346
MS,CSF_31,TTAGGCACACGCATCG-1,CSF,0.37054444460529196
MS,CSF_31,TTAGGCACATTCTTAC-1,CSF,0.09554392255535916
MS,CSF_31,TTAGGCAGTGCGATAG-1,CSF,0.23639246307478823
MS,CSF_31,TTAGTTCAGCCCAGCT-1,CSF,0.1313521410904269
MS,CSF_31,TTAGTTCCACATCTTT-1,CSF,-0.32298787463106804
MS,CSF_31,TTAGTTCGTCACACGC-1,CSF,-0.15828215767450926
MS,CSF_31,TTAGTTCTCACGATGT-1,CSF,0.33857553774930665
MS,CSF_31,TTAGTTCTCCGCATCT-1,CSF,0.23263898869917585
MS,CSF_31,TTATGCTCAGGGTATG-1,CSF,0.45900262720810253
MS,CSF_31,TTATGCTGTCTGCCAG-1,CSF,-0.07402969169317
MS,CSF_31,TTATGCTGTGAGGGTT-1,CSF,-0.2235899857177702
MS,CSF_31,TTATGCTGTTAAAGTG-1,CSF,-0.362366528642509
MS,CSF_31,TTCCCAGGTGCCTGCA-1,CSF,-0.39681168760493735
MS,CSF_31,TTCCCAGTCAATCACG-1,CSF,0.10727515184212721
MS,CSF_31,TTCCCAGTCATTGCGA-1,CSF,-0.07157349201915446
MS,CSF_31,TTCCCAGTCGATGAGG-1,CSF,0.34883786861200144
MS,CSF_31,TTCCCAGTCGGCGCTA-1,CSF,0.19797230915250624
MS,CSF_31,TTCCCAGTCTTGTATC-1,CSF,-0.3018574519529901
MS,CSF_31,TTCGAAGGTAACGACG-1,CSF,-0.07157349201915446
MS,CSF_31,TTCGAAGGTCGCATAT-1,CSF,-0.07157349201915446
MS,CSF_31,TTCGAAGTCAACCAAC-1,CSF,-0.2101319901579218
MS,CSF_31,TTCGAAGTCACATAGC-1,CSF,-0.18280874587958104
MS,CSF_31,TTCGAAGTCGAATGGG-1,CSF,0.07713954132799315
MS,CSF_31,TTCGGTCCACCAGGTC-1,CSF,-0.2537060864885939
MS,CSF_31,TTCGGTCCATCATCCC-1,CSF,0.6486832225969029
MS,CSF_31,TTCGGTCTCGGCTTGG-1,CSF,-0.1796201111622686
MS,CSF_31,TTCTACAAGTGTGGCA-1,CSF,-0.3385415361231666
MS,CSF_31,TTCTACAGTAATCGTC-1,CSF,0.1689202116373787
MS,CSF_31,TTCTACAGTTATCGGT-1,CSF,-0.19178619493310442
MS,CSF_31,TTCTACATCTTGCCGT-1,CSF,-0.19005937767032074
MS,CSF_31,TTCTCAAAGACACTAA-1,CSF,0.22019498327120288
MS,CSF_31,TTCTCAAAGATTACCC-1,CSF,-0.004599650610873688
MS,CSF_31,TTCTCAACACAGGAGT-1,CSF,0.29202403704914454
MS,CSF_31,TTCTCAATCCCTTGTG-1,CSF,-0.20962245309683306
MS,CSF_31,TTCTCAATCTCAAGTG-1,CSF,-0.21512175733746597
MS,CSF_31,TTCTCCTAGCCTTGAT-1,CSF,0.4532818222409652
MS,CSF_31,TTCTCCTAGCTATGCT-1,CSF,-0.01376090522997805
MS,CSF_31,TTCTCCTGTGATGTGG-1,CSF,-0.04661870475331442
MS,CSF_31,TTCTCCTTCACAATGC-1,CSF,-0.03693378351512756
MS,CSF_31,TTCTCCTTCGGTGTTA-1,CSF,-0.19129716102903496
MS,CSF_31,TTCTCCTTCGTTACGA-1,CSF,0.5057297538670332
MS,CSF_31,TTCTTAGAGACACGAC-1,CSF,0.4394830173127447
MS,CSF_31,TTCTTAGAGATGCGAC-1,CSF,-0.01792872093371332
MS,CSF_31,TTCTTAGAGTCTCAAC-1,CSF,0.5484865553418016
MS,CSF_31,TTCTTAGCATACTCTT-1,CSF,-0.18896524429677708
MS,CSF_31,TTGAACGAGATAGGAG-1,CSF,-0.12345606484772584
MS,CSF_31,TTGAACGAGTATGACA-1,CSF,-0.3803872116798882
MS,CSF_31,TTGAACGTCCAAACTG-1,CSF,-0.21492253427833782
MS,CSF_31,TTGAACGTCCGAATGT-1,CSF,-0.31366303459088046
MS,CSF_31,TTGAACGTCGGAGCAA-1,CSF,0.1376372260163963
MS,CSF_31,TTGAACGTCTATCCCG-1,CSF,-0.07157349201915446
MS,CSF_31,TTGAACGTCTGCCCTA-1,CSF,0.2490292207205051
MS,CSF_31,TTGACTTGTCTAGTCA-1,CSF,-0.26882979838898396
MS,CSF_31,TTGACTTTCAAAGACA-1,CSF,-0.25672870472030423
MS,CSF_31,TTGACTTTCGTCGTTC-1,CSF,0.7802232089349778
MS,CSF_31,TTGCCGTGTAAAGGAG-1,CSF,-0.07157349201915446
MS,CSF_31,TTGCCGTGTAACGCGA-1,CSF,-0.04355667218557529
MS,CSF_31,TTGCCGTGTCTAGTGT-1,CSF,-0.2003230504240059
MS,CSF_31,TTGCCGTGTTGTCTTT-1,CSF,-0.18154750706378117
MS,CSF_31,TTGCGTCAGGTAGCCA-1,CSF,-0.17624808658127306
MS,CSF_31,TTGCGTCAGTACGCCC-1,CSF,-0.07157349201915446
MS,CSF_31,TTGCGTCAGTTCGCAT-1,CSF,-0.07157349201915446
MS,CSF_31,TTGCGTCCAGATGAGC-1,CSF,-0.07157349201915446
MS,CSF_31,TTGCGTCGTAATCACC-1,CSF,-0.4069197751746896
MS,CSF_31,TTGCGTCTCAACGAAA-1,CSF,-0.7893395528669218
MS,CSF_31,TTGCGTCTCTTGAGAC-1,CSF,0.4760698387451606
MS,CSF_31,TTGGAACAGTGTTTGC-1,CSF,-0.7416022594393084
MS,CSF_31,TTGGAACCATTATCTC-1,CSF,0.10355063205539469
MS,CSF_31,TTGGAACGTATATCCG-1,CSF,-0.3227493900421016
MS,CSF_31,TTGGAACTCAGCACAT-1,CSF,0.6486832225969029
MS,CSF_31,TTGGCAAAGAAACCAT-1,CSF,-0.40325823495064494
MS,CSF_31,TTGGCAAAGAAGGTGA-1,CSF,0.17224854000982265
MS,CSF_31,TTGGCAAAGCAGGTCA-1,CSF,-0.07157349201915446
MS,CSF_31,TTGGCAAAGCTCAACT-1-2,CSF,-0.20955204094484467
MS,CSF_31,TTGGCAAAGGGATACC-1,CSF,0.06889874218718083
MS,CSF_31,TTGGCAACATCGTCGG-1,CSF,-0.07157349201915446
MS,CSF_31,TTGTAGGCAGTAACGG-1,CSF,-0.2422768743935167
MS,CSF_31,TTGTAGGCAGTCACTA-1,CSF,-0.07157349201915446
MS,CSF_31,TTGTAGGGTCAACTGT-1,CSF,-0.6012663621922673
MS,CSF_31,TTGTAGGGTCGGATCC-1,CSF,-0.4644577833960331
MS,CSF_31,TTTACTGAGTAGTGCG-1,CSF,-0.07157349201915446
MS,CSF_31,TTTACTGCAATGCCAT-1,CSF,-0.40531371725845267
MS,CSF_31,TTTACTGTCAAGGCTT-1,CSF,-0.21477937286181797
MS,CSF_31,TTTATGCAGCAAATCA-1,CSF,-0.20448984580145016
MS,CSF_31,TTTATGCAGTCAAGGC-1,CSF,0.45915726026112663
MS,CSF_31,TTTATGCAGTGAAGAG-1,CSF,-0.6649792947186267
MS,CSF_31,TTTATGCGTAACGTTC-1,CSF,0.029980614851666403
MS,CSF_31,TTTATGCGTCTCAACA-1,CSF,-0.3170086195323688
MS,CSF_31,TTTATGCGTTAAGACA-1,CSF,0.25353187970150504
MS,CSF_31,TTTATGCTCGCCATAA-1,CSF,-0.06045830308991821
MS,CSF_31,TTTCCTCAGTTAGCGG-1,CSF,-0.07157349201915446
MS,CSF_31,TTTCCTCCAGGTGCCT-1,CSF,0.22001819207974688
MS,CSF_31,TTTCCTCGTCTTGCGG-1,CSF,0.6788595198389012
MS,CSF_31,TTTCCTCTCTGAGGGA-1,CSF,-0.02581288071012771
MS,CSF_31,TTTGCGCAGCCACCTG-1,CSF,0.03664974641010225
MS,CSF_31,TTTGCGCGTACATGTC-1,CSF,-0.06390464189501392
MS,CSF_31,TTTGCGCTCTTTACGT-1,CSF,-0.49440884275748853
MS,CSF_31,TTTGGTTAGGTGATTA-1,CSF,-0.2895075592127819
MS,CSF_31,TTTGGTTGTAATCACC-1,CSF,-0.6975168463129812
MS,CSF_31,TTTGGTTTCAATAAGG-1,CSF,0.5380384530959154
MS,CSF_31,TTTGGTTTCTGATACG-1-1,CSF,-0.19571200300025193
MS,CSF_31,TTTGTCACAAGCCGCT-1,CSF,0.5144300075521987
MS,CSF_31,TTTGTCACACCACGTG-1,CSF,0.09439507345561693
MS,CSF_31,TTTGTCACACGAAAGC-1,CSF,0.055408697290780885
MS,CSF_31,TTTGTCATCTGTCTCG-1,CSF,0.24032660231744046
HC,CSF_32,AAACCTGAGAAACCGC-1,CSF,-0.2870563935487614
HC,CSF_32,AAACCTGGTTCAGCGC-1,CSF,-0.0309851368321746
HC,CSF_32,AAACGGGGTACTCTCC-1,CSF,-0.10503772671265452
HC,CSF_32,AAACGGGTCTAAGCCA-1,CSF,-0.07157349201915446
HC,CSF_32,AAAGATGTCGAATGGG-1,CSF,-0.022911271392661414
HC,CSF_32,AAAGCAAAGTGAATTG-1,CSF,-0.11322522766360432
HC,CSF_32,AAAGTAGCAATGGAGC-1,CSF,-0.43805373189924435
HC,CSF_32,AAAGTAGGTACAGACG-1,CSF,-0.20865733262957908
HC,CSF_32,AAAGTAGTCTGATTCT-1,CSF,0.016126765803866544
HC,CSF_32,AAATGCCAGAGAGCTC-1,CSF,-0.07157349201915446
HC,CSF_32,AAATGCCGTCGAATCT-1,CSF,-0.3776940896534051
HC,CSF_32,AAATGCCTCTAACTCT-1,CSF,0.0028536574824936894
HC,CSF_32,AACCATGCAATGGAGC-1,CSF,-0.4392249651782182
HC,CSF_32,AACCATGGTCACTTCC-1,CSF,-0.17207190839437475
HC,CSF_32,AACGTTGCAACAACCT-1,CSF,-0.2679569715574834
HC,CSF_32,AACGTTGCAGCTCGCA-1-1,CSF,0.19777607310683823
HC,CSF_32,AACGTTGGTAGTGAAT-1,CSF,-0.2673560249668701
HC,CSF_32,AACGTTGGTCTTGCGG-1,CSF,0.13064453508044505
HC,CSF_32,AACTCAGCACAGGAGT-1,CSF,-0.23062726335710337
HC,CSF_32,AACTCAGCAGCGATCC-1,CSF,-0.4039902935946603
HC,CSF_32,AACTCAGGTGGTCCGT-1,CSF,-0.3179177892529654
HC,CSF_32,AACTCCCCACGACGAA-1,CSF,-0.5475732458542691
HC,CSF_32,AACTCTTGTGTATGGG-1,CSF,-0.07157349201915446
HC,CSF_32,AACTGGTCAGTGACAG-1,CSF,-0.2510815306579119
HC,CSF_32,AACTTTCTCAACGGGA-1,CSF,-0.36307580820274704
HC,CSF_32,AAGACCTCAAGCCTAT-1,CSF,-0.5641771963807068
HC,CSF_32,AAGACCTCACATCTTT-1,CSF,-0.07157349201915446
HC,CSF_32,AAGCCGCAGGAGTACC-1,CSF,-0.4702139401001458
HC,CSF_32,AAGCCGCAGGGTGTTG-1,CSF,-0.28464996031614004
HC,CSF_32,AAGCCGCGTTGTGGCC-1,CSF,-0.07157349201915446
HC,CSF_32,AAGGAGCCAGGGTACA-1,CSF,-0.07157349201915446
HC,CSF_32,AAGGAGCTCATATCGG-1,CSF,-0.24181439113485276
HC,CSF_32,AAGGCAGAGTGTACGG-1,CSF,0.19082178689059473
HC,CSF_32,AAGGCAGGTGCCTGGT-1,CSF,0.018912491201251984
HC,CSF_32,AAGGTTCCATGCGCAC-1,CSF,0.14178575887975547
HC,CSF_32,AAGTCTGTCAACGAAA-1-1,CSF,0.8123698437027392
HC,CSF_32,AAGTCTGTCGAGAACG-1,CSF,0.1648809581424044
HC,CSF_32,AATCCAGAGGACAGAA-1,CSF,-0.4397151790455221
HC,CSF_32,AATCCAGCACATCCAA-1,CSF,-0.07157349201915446
HC,CSF_32,AATCCAGTCGACAGCC-1,CSF,-0.07157349201915446
HC,CSF_32,AATCGGTAGGAGTTGC-1,CSF,0.09216340207960838
HC,CSF_32,AATCGGTCAACACGCC-1-1,CSF,-0.07157349201915446
HC,CSF_32,AATCGGTCACCACGTG-1,CSF,-0.4960115031715139
HC,CSF_32,AATCGGTGTAACGACG-1,CSF,-0.07157349201915446
HC,CSF_32,AATCGGTGTGCAGACA-1-1,CSF,-0.5976086488568909
HC,CSF_32,ACACCAATCTGAGGGA-1,CSF,-0.4645474255456041
HC,CSF_32,ACACCCTCAGTATGCT-1,CSF,-0.42817984748410043
HC,CSF_32,ACACCCTGTCAATGTC-1,CSF,-0.1544088102195065
HC,CSF_32,ACACCGGAGAGACGAA-1,CSF,-0.07157349201915446
HC,CSF_32,ACACCGGAGGCGCTCT-1,CSF,-0.273961705027418
HC,CSF_32,ACACCGGAGTACGTAA-1,CSF,-0.17475537937353255
HC,CSF_32,ACACCGGTCCCTAACC-1,CSF,0.3949422826096539
HC,CSF_32,ACACCGGTCTAAGCCA-1,CSF,-0.022769142718582262
HC,CSF_32,ACACTGACACCCAGTG-1,CSF,-0.07157349201915446
HC,CSF_32,ACACTGAGTTACGGAG-1,CSF,-0.07157349201915446
HC,CSF_32,ACACTGAGTTCCACAA-1,CSF,-0.3846858924029509
HC,CSF_32,ACAGCCGCAAGAGGCT-1,CSF,0.017689171215720563
HC,CSF_32,ACAGCCGTCGTGGGAA-1,CSF,-0.6153754662888293
HC,CSF_32,ACAGCTAAGTCCGTAT-1,CSF,-0.07157349201915446
HC,CSF_32,ACAGCTAAGTGGTCCC-1,CSF,-0.075262740954262
HC,CSF_32,ACAGCTAGTTCGCGAC-1,CSF,0.031903031525038025
HC,CSF_32,ACATCAGCACATCCGG-1,CSF,-0.07157349201915446
HC,CSF_32,ACATGGTCATCGGTTA-1,CSF,-0.5096676911582771
HC,CSF_32,ACATGGTTCAATAAGG-1,CSF,-0.1969509457167709
HC,CSF_32,ACCAGTAAGAGTACAT-1,CSF,-0.5211273130913308
HC,CSF_32,ACCAGTACAGCATACT-1,CSF,0.16530043838729483
HC,CSF_32,ACCAGTACATTCTTAC-1,CSF,-0.5103594935440567
HC,CSF_32,ACCAGTACATTGTGCA-1,CSF,0.10484965560147462
HC,CSF_32,ACCCACTCAATCCGAT-1,CSF,0.07655540151849324
HC,CSF_32,ACCCACTGTACGCACC-1,CSF,-0.3190277603550601
HC,CSF_32,ACCGTAAAGGAGTTGC-1,CSF,-0.22287899863666624
HC,CSF_32,ACCGTAACATTTCAGG-1,CSF,0.40591191530329257
HC,CSF_32,ACCTTTAAGATCACGG-1,CSF,0.07578327138817084
HC,CSF_32,ACCTTTAGTCTGATTG-1,CSF,-0.8715520069584588
HC,CSF_32,ACCTTTATCACTTCAT-1,CSF,0.07149079772878109
HC,CSF_32,ACGAGCCAGCAGACTG-1,CSF,0.1122481569465837
HC,CSF_32,ACGAGCCGTTCCGTCT-1,CSF,-0.07157349201915446
HC,CSF_32,ACGAGCCTCGCGATCG-1,CSF,0.2702973593615637
HC,CSF_32,ACGAGGAAGCTCTCGG-1,CSF,0.3872626067612976
HC,CSF_32,ACGAGGATCAACCAAC-1,CSF,-0.19884193607654985
HC,CSF_32,ACGAGGATCTGAGGGA-1,CSF,-0.5704634683439623
HC,CSF_32,ACGATACGTAAATACG-1,CSF,-0.07157349201915446
HC,CSF_32,ACGATGTAGTTCCACA-1,CSF,0.21026719059624582
HC,CSF_32,ACGATGTCAAGGGTCA-1,CSF,-0.20579569566879047
HC,CSF_32,ACGATGTGTTTAAGCC-1,CSF,0.787156297755285
HC,CSF_32,ACGCAGCAGCGGCTTC-1,CSF,0.30134256765666606
HC,CSF_32,ACGCAGCAGCTCCTTC-1,CSF,-0.47316231325835906
HC,CSF_32,ACGCAGCCAGACGTAG-1,CSF,-0.1838573066953655
HC,CSF_32,ACGCCAGAGCTATGCT-1,CSF,-0.07157349201915446
HC,CSF_32,ACGCCAGCAGCTATTG-1,CSF,-0.40225827663400443
HC,CSF_32,ACGCCAGGTCATACTG-1,CSF,-0.030414631924187523
HC,CSF_32,ACGCCAGGTCGCGAAA-1,CSF,-0.18287093432531604
HC,CSF_32,ACGCCAGTCACCTTAT-1,CSF,-0.8170232125017073
HC,CSF_32,ACGCCGACAATGTAAG-1,CSF,-0.8150486516577328
HC,CSF_32,ACGCCGACAGTGGAGT-1,CSF,0.6410678946493836
HC,CSF_32,ACGCCGACATGCATGT-1,CSF,-0.4855639310640226
HC,CSF_32,ACGCCGAGTACCGAGA-1-1,CSF,-0.07157349201915446
HC,CSF_32,ACGCCGATCCGCGTTT-1,CSF,-0.7466424803398387
HC,CSF_32,ACGGAGAGTGTGCCTG-1,CSF,0.17141043040469237
HC,CSF_32,ACGGAGATCATCGCTC-1,CSF,-0.07157349201915446
HC,CSF_32,ACGGCCACAAGACGTG-1,CSF,-0.49532028220315594
HC,CSF_32,ACGGCCACACAACTGT-1,CSF,-0.462827302533338
HC,CSF_32,ACGGCCACACAGACTT-1,CSF,0.15921496340958266
HC,CSF_32,ACGGCCACAGGTCCAC-1,CSF,-0.001490054168069101
HC,CSF_32,ACGGCCATCACATGCA-1,CSF,-0.18520414370118307
HC,CSF_32,ACGGCCATCACGAAGG-1,CSF,0.10240538041264487
HC,CSF_32,ACGGGCTAGCCACCTG-1,CSF,-0.5536342494981661
HC,CSF_32,ACGGGCTTCCCAAGAT-1,CSF,0.1417899224189683
HC,CSF_32,ACGGGCTTCGGAAACG-1,CSF,-0.14428564042975772
HC,CSF_32,ACGGGTCCACGTCAGC-1,CSF,-0.16743624941558352
HC,CSF_32,ACGTCAAAGCCCTAAT-1,CSF,0.19790730507761706
HC,CSF_32,ACTATCTCAACTGCTA-1,CSF,-0.17196412711311299
HC,CSF_32,ACTATCTCAGTGACAG-1,CSF,-0.07157349201915446
HC,CSF_32,ACTATCTGTGATAAAC-1,CSF,0.3003261124247528
HC,CSF_32,ACTATCTTCGCTTGTC-1,CSF,-0.21546148242884205
HC,CSF_32,ACTATCTTCTGAGGGA-1,CSF,0.17106817384258344
HC,CSF_32,ACTGAACAGTACGACG-1,CSF,-0.2891388002982231
HC,CSF_32,ACTGAACCAGTCCTTC-1,CSF,-0.2391488731231254
HC,CSF_32,ACTGAACGTTGCGCAC-1,CSF,-0.1951032465346863
HC,CSF_32,ACTGAACTCGTCCAGG-1,CSF,0.6241190066484602
HC,CSF_32,ACTGAGTAGTCAATAG-1,CSF,-0.3836266409602322
HC,CSF_32,ACTGAGTGTTCCGTCT-1,CSF,-1.283390390114527
HC,CSF_32,ACTGAGTTCTGTGCAA-1,CSF,-0.4170960454477318
HC,CSF_32,ACTGATGGTTCTGAAC-1,CSF,-0.08192955233296814
HC,CSF_32,ACTGCTCAGCCAGGAT-1,CSF,-0.22753700652241257
HC,CSF_32,ACTGCTCCAAAGGCGT-1,CSF,-0.07157349201915446
HC,CSF_32,ACTTACTAGTCCCACG-1,CSF,-0.4763259339191998
HC,CSF_32,ACTTGTTGTCAGGACA-1,CSF,0.5906404415164712
HC,CSF_32,ACTTTCAAGAGGGATA-1,CSF,0.031051962803722726
HC,CSF_32,ACTTTCAGTACGCACC-1,CSF,-0.07157349201915446
HC,CSF_32,AGAATAGCACTAAGTC-1,CSF,0.27110904916646705
HC,CSF_32,AGAATAGTCATTTGGG-1,CSF,0.3316810342327778
HC,CSF_32,AGAGCGAAGGTGCACA-1,CSF,-0.19214079701762973
HC,CSF_32,AGAGCGAAGTAGTGCG-1,CSF,-0.07157349201915446
HC,CSF_32,AGAGCGAAGTTCGATC-1,CSF,-0.23294164293988479
HC,CSF_32,AGAGCGAGTTCGCGAC-1,CSF,0.05009003843894561
HC,CSF_32,AGAGCTTAGGCCGAAT-1,CSF,0.526538366889677
HC,CSF_32,AGAGCTTTCGGCGCTA-1,CSF,-0.18372752349861435
HC,CSF_32,AGATCTGGTTAAGATG-1,CSF,-0.6004252960208568
HC,CSF_32,AGATTGCCACACATGT-1,CSF,-0.07157349201915446
HC,CSF_32,AGATTGCCATTTGCTT-1,CSF,-0.1695670425102256
HC,CSF_32,AGATTGCGTAGAGGAA-1,CSF,-0.1684336769995152
HC,CSF_32,AGCAGCCCATTCACTT-1,CSF,-0.07157349201915446
HC,CSF_32,AGCATACAGCGATATA-1,CSF,-0.1922225513979498
HC,CSF_32,AGCATACTCATGTGGT-1,CSF,-0.6395535469152159
HC,CSF_32,AGCATACTCTGGTATG-1,CSF,-0.07157349201915446
HC,CSF_32,AGCATACTCTGGTGTA-1,CSF,-0.17602949290566983
HC,CSF_32,AGCCTAAAGACAAGCC-1,CSF,0.1407908311661899
HC,CSF_32,AGCCTAAGTATAAACG-1,CSF,-0.055101041523716136
HC,CSF_32,AGCCTAATCCTGCCAT-1,CSF,-0.24483424530360956
HC,CSF_32,AGCCTAATCGACAGCC-1,CSF,-0.6065731487325234
HC,CSF_32,AGCGTCGAGCAGACTG-1,CSF,-0.4248150659505943
HC,CSF_32,AGCGTCGCAATGACCT-1,CSF,0.0489684003549808
HC,CSF_32,AGCGTCGGTAGCAAAT-1,CSF,-0.2890807749451286
HC,CSF_32,AGCTCCTAGAAACGCC-1,CSF,0.05492469289186538
HC,CSF_32,AGCTCCTTCACGCGGT-1,CSF,-0.5792426490274378
HC,CSF_32,AGCTCTCAGCGTGTCC-1,CSF,0.6690438784024845
HC,CSF_32,AGCTCTCAGGCATTGG-1,CSF,-0.27943574546666106
HC,CSF_32,AGCTCTCGTGAGGGTT-1-1,CSF,-0.17377621370571011
HC,CSF_32,AGCTCTCTCAGTTTGG-1,CSF,0.8716391525510992
HC,CSF_32,AGCTTGAAGGATGGAA-1,CSF,0.0761995273721608
HC,CSF_32,AGCTTGAAGTACATGA-1,CSF,-0.22697238876683556
HC,CSF_32,AGCTTGACAAGGACAC-1,CSF,-0.3708386081205485
HC,CSF_32,AGCTTGATCCAGTAGT-1,CSF,-0.23586005851385186
HC,CSF_32,AGGCCACAGGCTCATT-1,CSF,-0.427020094688496
HC,CSF_32,AGGCCACCACACATGT-1,CSF,-0.18346896084213243
HC,CSF_32,AGGCCGTTCGTGTAGT-1,CSF,0.16019181709216154
HC,CSF_32,AGGGAGTCATGTTGAC-1,CSF,0.19899241194228884
HC,CSF_32,AGGGATGAGATATGGT-1,CSF,-0.19615115802146293
HC,CSF_32,AGGGATGAGCTAACAA-1,CSF,-0.2644645260120707
HC,CSF_32,AGGGTGACATTCACTT-1,CSF,-0.07157349201915446
HC,CSF_32,AGGTCATCACGAAGCA-1,CSF,-0.8154901742873035
HC,CSF_32,AGGTCATTCACCCGAG-1,CSF,0.2021007352524506
HC,CSF_32,AGTAGTCGTCCGAGTC-1,CSF,-0.07255659094737407
HC,CSF_32,AGTCTTTAGCTAGCCC-1,CSF,-0.19710570763948437
HC,CSF_32,AGTCTTTAGTTACCCA-1,CSF,-0.42676096137146097
HC,CSF_32,AGTGAGGAGTGTTGAA-1,CSF,-0.29676152133962336
HC,CSF_32,AGTGAGGCAATGAATG-1,CSF,0.21861417023593388
HC,CSF_32,AGTGAGGCACACAGAG-1,CSF,-0.2123053417789388
HC,CSF_32,AGTGAGGTCTGATTCT-1,CSF,-0.4211539604250646
HC,CSF_32,AGTGGGAAGGCTCTTA-1,CSF,-0.36875241027408234
HC,CSF_32,AGTGGGAAGGTTACCT-1,CSF,0.27176214364859763
HC,CSF_32,AGTGGGAAGTGGGATC-1,CSF,0.06961071609708235
HC,CSF_32,AGTGTCAGTACCAGTT-1,CSF,-0.07157349201915446
HC,CSF_32,AGTTGGTGTATTCGTG-1,CSF,0.684108806069778
HC,CSF_32,ATAACGCAGCTAGGCA-1,CSF,0.13184719379962148
HC,CSF_32,ATAACGCGTGTCCTCT-1,CSF,-0.3953220006879808
HC,CSF_32,ATAAGAGGTGTTTGTG-1,CSF,-0.41262841249552046
HC,CSF_32,ATAGACCAGCTACCTA-1,CSF,-0.7303369007583858
HC,CSF_32,ATAGACCCACACCGAC-1,CSF,-0.07157349201915446
HC,CSF_32,ATAGACCGTGAACCTT-1,CSF,0.12062369271322926
HC,CSF_32,ATAGACCTCACCGGGT-1,CSF,0.12362897050668244
HC,CSF_32,ATCACGAAGTTGCAGG-1,CSF,-0.259878793794675
HC,CSF_32,ATCACGACATCCGGGT-1,CSF,-0.264106894511665
HC,CSF_32,ATCACGAGTCTTTCAT-1-1,CSF,-0.23901126077761425
HC,CSF_32,ATCATCTCAAGGACAC-1,CSF,0.4180516698410585
HC,CSF_32,ATCATGGAGATCACGG-1,CSF,-0.16148620669240124
HC,CSF_32,ATCCGAACAGGTGCCT-1,CSF,-0.07157349201915446
HC,CSF_32,ATCCGAATCAACTCTT-1,CSF,-0.32906277936739337
HC,CSF_32,ATCTACTAGGTGTTAA-1-1,CSF,0.09824567838777158
HC,CSF_32,ATCTGCCAGTACGCCC-1,CSF,-0.28792318958148183
HC,CSF_32,ATCTGCCGTAGAAGGA-1,CSF,0.6378196646860176
HC,CSF_32,ATGCGATAGTACTTGC-1,CSF,-0.07157349201915446
HC,CSF_32,ATGCGATGTCAGCTAT-1,CSF,-0.3649625371793877
HC,CSF_32,ATGCGATGTTCGGGCT-1,CSF,-0.24012872431966573
HC,CSF_32,ATGGGAGTCTGTGCAA-1,CSF,-0.13081230121655463
HC,CSF_32,ATGTGTGGTCGGCATC-1,CSF,0.18481996024231173
HC,CSF_32,ATGTGTGGTGAGCGAT-1,CSF,-0.48023311143024733
HC,CSF_32,ATTACTCCACTCGACG-1,CSF,-0.07157349201915446
HC,CSF_32,ATTACTCCATCGGGTC-1,CSF,-0.15818185825762043
HC,CSF_32,ATTATCCCAATCACAC-1,CSF,-0.3754698001422195
HC,CSF_32,ATTATCCCAATCGAAA-1,CSF,-0.27378207625022855
HC,CSF_32,ATTATCCTCGACGGAA-1,CSF,-0.016097418652668068
HC,CSF_32,ATTCTACAGGCCCTTG-1,CSF,0.4034224140945598
HC,CSF_32,ATTCTACCAACTTGAC-1,CSF,1.0462877772014554
HC,CSF_32,ATTGGACCACGGCGTT-1,CSF,-0.07157349201915446
HC,CSF_32,ATTGGACGTGTGAATA-1,CSF,0.3168251623042422
HC,CSF_32,ATTGGACTCTGTCCGT-1,CSF,-0.3418022706035231
HC,CSF_32,ATTGGTGTCAAACCGT-1,CSF,-0.4576504925048881
HC,CSF_32,ATTTCTGTCGAATGCT-1,CSF,-0.048138112077556076
HC,CSF_32,CAACCAACAATTGCTG-1,CSF,-0.22528189035853943
HC,CSF_32,CAACCTCCAAGGACTG-1,CSF,0.21733053272884145
HC,CSF_32,CAACCTCGTTGCGCAC-1,CSF,-0.07157349201915446
HC,CSF_32,CAACTAGAGCTAGGCA-1,CSF,-0.07157349201915446
HC,CSF_32,CAACTAGAGTACGACG-1,CSF,0.19463286412497086
HC,CSF_32,CAACTAGGTTACGTCA-1,CSF,-0.24033069316580752
HC,CSF_32,CAAGATCAGGCCGAAT-1,CSF,-0.32796277537732077
HC,CSF_32,CAAGATCAGGTGGGTT-1,CSF,-0.07157349201915446
HC,CSF_32,CAAGATCCACTGAAGG-1,CSF,-0.33962133274829526
HC,CSF_32,CAAGATCCAGGGTTAG-1,CSF,-0.1933390883848183
HC,CSF_32,CAAGATCGTTGACGTT-1-1,CSF,0.2152474916378708
HC,CSF_32,CAAGATCGTTGAGGTG-1,CSF,0.40456721936286494
HC,CSF_32,CAAGGCCAGAACAATC-1,CSF,0.3573370817411652
HC,CSF_32,CAAGGCCAGATCTGCT-1,CSF,-0.1652255486633281
HC,CSF_32,CAAGGCCGTAACGCGA-1,CSF,0.01640691870790487
HC,CSF_32,CAAGGCCGTCATATCG-1,CSF,-0.7139759378331663
HC,CSF_32,CACAAACGTTCAGCGC-1-1,CSF,-0.20637796351438498
HC,CSF_32,CACACAAGTACTCTCC-1,CSF,-0.09537018532625133
HC,CSF_32,CACACCTGTGATGTCT-1,CSF,-0.25188232111472286
HC,CSF_32,CACACCTTCCTAAGTG-1,CSF,-0.17315663051000163
HC,CSF_32,CACACTCCATAGACTC-1,CSF,-0.2664250159872675
HC,CSF_32,CACACTCTCCAGTATG-1,CSF,-0.549719966471802
HC,CSF_32,CACAGGCCAAGGACAC-1,CSF,0.12778251767966384
HC,CSF_32,CACAGGCCACCAACCG-1,CSF,-0.07157349201915446
HC,CSF_32,CACAGGCCAGCTATTG-1,CSF,-0.019137236189460855
HC,CSF_32,CACAGGCGTAGGAGTC-1,CSF,-0.3056284950261721
HC,CSF_32,CACATAGAGTACCGGA-1,CSF,-0.42000926271145544
HC,CSF_32,CACATAGCATGTAAGA-1,CSF,-0.1973779454826636
HC,CSF_32,CACATTTAGGTCATCT-1,CSF,-0.34218885067738886
HC,CSF_32,CACATTTGTCCAGTTA-1,CSF,-0.12512240298388574
HC,CSF_32,CACCACTCACTTGGAT-1,CSF,-0.7888261264552707
HC,CSF_32,CACCACTGTTCCAACA-1,CSF,-0.2742861622089241
HC,CSF_32,CACCAGGAGCTAACAA-1,CSF,-0.34441653029616204
HC,CSF_32,CACCAGGCAGTCCTTC-1,CSF,-0.07157349201915446
HC,CSF_32,CACCAGGGTAGTGAAT-1,CSF,-0.07157349201915446
HC,CSF_32,CACCTTGTCTTGTACT-1,CSF,-0.2594129262457222
HC,CSF_32,CACTCCAGTGAGGGAG-1,CSF,-0.28325415125485
HC,CSF_32,CACTCCAGTGGAAAGA-1,CSF,0.23646071158799975
HC,CSF_32,CACTCCATCTGTACGA-1,CSF,0.15047055862266165
HC,CSF_32,CAGAATCAGGCGACAT-1,CSF,-0.07157349201915446
HC,CSF_32,CAGAATCCATCGTCGG-1,CSF,0.3351791152147771
HC,CSF_32,CAGAATCTCCTTTCGG-1,CSF,-0.18322887698419804
HC,CSF_32,CAGAGAGCAATAGAGT-1,CSF,-0.19933112738823297
HC,CSF_32,CAGAGAGGTCGCATCG-1,CSF,-0.41105693070742316
HC,CSF_32,CAGAGAGTCGCCAGCA-1,CSF,0.44576098951922644
HC,CSF_32,CAGAGAGTCGTTACGA-1,CSF,0.1148781218401402
HC,CSF_32,CAGAGAGTCTTTACAC-1,CSF,-0.2392867765523725
HC,CSF_32,CAGATCAAGTCGAGTG-1,CSF,-0.07157349201915446
HC,CSF_32,CAGATCATCATCTGCC-1,CSF,-0.2507671149314918
HC,CSF_32,CAGCATAGTTACTGAC-1,CSF,-0.4626975580040277
HC,CSF_32,CAGCATATCCTCAATT-1,CSF,-0.07157349201915446
HC,CSF_32,CAGCGACTCAAGCCTA-1,CSF,-0.20816194547040795
HC,CSF_32,CAGCGACTCCTACAGA-1,CSF,0.3193090676143472
HC,CSF_32,CAGCTAAAGGGTATCG-1,CSF,0.06528599083011018
HC,CSF_32,CAGCTAACAGTCACTA-1,CSF,0.09496472107806861
HC,CSF_32,CAGCTAATCCTGCTTG-1,CSF,0.1404294326132631
HC,CSF_32,CAGCTAATCTTGGGTA-1,CSF,-0.16854611147456014
HC,CSF_32,CAGCTGGAGCCACGCT-1,CSF,0.12325099597528885
HC,CSF_32,CAGCTGGAGGCTACGA-1,CSF,-0.07157349201915446
HC,CSF_32,CAGCTGGCATAGACTC-1,CSF,0.13446349916621075
HC,CSF_32,CAGGTGCAGTGGCACA-1,CSF,0.121605988466246
HC,CSF_32,CAGGTGCCAGATAATG-1,CSF,-0.05666023422644657
HC,CSF_32,CAGGTGCTCTTTAGGG-1,CSF,-0.07157349201915446
HC,CSF_32,CAGTAACCACAACGCC-1,CSF,-0.26552597791125393
HC,CSF_32,CAGTAACTCCACTCCA-1,CSF,0.12516000740146788
HC,CSF_32,CATATGGGTTCCTCCA-1,CSF,-0.263242877684415
HC,CSF_32,CATATTCCACAGGCCT-1,CSF,-0.6209287407452628
HC,CSF_32,CATATTCCATGGTTGT-1,CSF,-0.23700409789508217
HC,CSF_32,CATCAAGGTCCAGTGC-1,CSF,-0.046667892409167765
HC,CSF_32,CATCAGATCAACACCA-1,CSF,-0.2092572835314034
HC,CSF_32,CATCCACCACTACAGT-1,CSF,-0.07157349201915446
HC,CSF_32,CATCCACCAGATGAGC-1,CSF,-0.18466975151450207
HC,CSF_32,CATCCACCAGGGATTG-1,CSF,-0.19367457744655162
HC,CSF_32,CATCCACTCAATCTCT-1,CSF,-0.07157349201915446
HC,CSF_32,CATCGAAAGGATGGAA-1,CSF,-0.2652430261282476
HC,CSF_32,CATCGGGGTTTGACAC-1,CSF,-0.7907257510882933
HC,CSF_32,CATGACAGTTCCAACA-1,CSF,-0.4269584330171144
HC,CSF_32,CATGACAGTTCCCGAG-1,CSF,-0.40359919320219195
HC,CSF_32,CATGACATCTTGGGTA-1,CSF,-0.022642345883524047
HC,CSF_32,CATGCCTCACTTGGAT-1,CSF,-0.07157349201915446
HC,CSF_32,CATGGCGGTAAAGTCA-1,CSF,0.24270998652580447
HC,CSF_32,CATGGCGTCAACACTG-1,CSF,0.23297371883286094
HC,CSF_32,CATTATCCAGCCTGTG-1,CSF,-0.36986999377592195
HC,CSF_32,CATTCGCAGCTAGCCC-1,CSF,-0.5137747753966723
HC,CSF_32,CATTCGCGTCCCTTGT-1,CSF,0.050627696672168744
HC,CSF_32,CCACCTAAGCAGATCG-1,CSF,-0.9253671918287786
HC,CSF_32,CCACCTACAAATCCGT-1,CSF,0.018441443773781232
HC,CSF_32,CCACCTACATTTCAGG-1,CSF,0.05614743624746702
HC,CSF_32,CCACGGACAGCGTTCG-1,CSF,-0.04100645448580847
HC,CSF_32,CCACTACCAGCTGTTA-1,CSF,-0.07157349201915446
HC,CSF_32,CCAGCGACAGTCTTCC-1,CSF,-0.20073757624298777
HC,CSF_32,CCAGCGACATCGGAAG-1,CSF,-0.5053692795963675
HC,CSF_32,CCAGCGATCCCTAACC-1,CSF,-0.36924160837833175
HC,CSF_32,CCCAATCTCCGCGGTA-1,CSF,0.19199807701014487
HC,CSF_32,CCCAGTTGTGACTACT-1,CSF,-0.005186337869029477
HC,CSF_32,CCCATACTCTGAGTGT-1,CSF,-0.3083434720308848
HC,CSF_32,CCCTCCTAGGACTGGT-1,CSF,0.398617092940277
HC,CSF_32,CCCTCCTCAGCTCGAC-1,CSF,-0.07157349201915446
HC,CSF_32,CCCTCCTTCCAGGGCT-1,CSF,0.1353672564293531
HC,CSF_32,CCCTCCTTCGCCTGTT-1,CSF,0.13853837555387757
HC,CSF_32,CCGGGATCAAGACGTG-1,CSF,-0.3990093488040838
HC,CSF_32,CCGGGATCACGACTCG-1,CSF,0.2723123306492848
HC,CSF_32,CCGGGATCACGTCTCT-1,CSF,-0.011345504935392532
HC,CSF_32,CCGGGATCAGCGAACA-1,CSF,-0.07157349201915446
HC,CSF_32,CCGGGATCATGAACCT-1,CSF,-0.07157349201915446
HC,CSF_32,CCGGGATGTGTGGCTC-1,CSF,0.04899966788826111
HC,CSF_32,CCGGTAGCAACACCCG-1,CSF,0.010934433115509765
HC,CSF_32,CCGTACTAGGGTATCG-1,CSF,-0.07157349201915446
HC,CSF_32,CCGTACTCATACAGCT-1,CSF,-0.45878969442988765
HC,CSF_32,CCGTACTGTCAGTGGA-1,CSF,-0.07157349201915446
HC,CSF_32,CCGTGGAGTAATCGTC-1,CSF,0.5070539740568293
HC,CSF_32,CCGTTCAAGACGACGT-1,CSF,-0.07157349201915446
HC,CSF_32,CCGTTCACAGCTGTTA-1,CSF,-0.22268494615849216
HC,CSF_32,CCGTTCAGTTAAGACA-1,CSF,0.5022028760937937
HC,CSF_32,CCTAAAGCACAAGCCC-1,CSF,0.1688908491297662
HC,CSF_32,CCTAAAGCAGTCACTA-1,CSF,-0.43764412433072725
HC,CSF_32,CCTATTACATCCCATC-1,CSF,-0.8270293718883789
HC,CSF_32,CCTATTATCCGCATCT-1,CSF,-0.22320730084445703
HC,CSF_32,CCTCTGACAATGTTGC-1,CSF,-0.37356663395591844
HC,CSF_32,CCTCTGACACCAGTTA-1,CSF,-0.046613120492895184
HC,CSF_32,CCTCTGACACGTCTCT-1,CSF,-0.2092572835314034
HC,CSF_32,CCTCTGAGTCAAACTC-1,CSF,-0.49793823337236753
HC,CSF_32,CCTCTGATCCACGAAT-1,CSF,-0.7373130894465791
HC,CSF_32,CCTCTGATCCGCGGTA-1,CSF,-0.07157349201915446
HC,CSF_32,CCTTCCCAGGGTGTGT-1,CSF,-0.1847755654712036
HC,CSF_32,CCTTCCCGTATAAACG-1,CSF,-0.07157349201915446
HC,CSF_32,CCTTCCCTCCCAACGG-1,CSF,-0.5174288090909777
HC,CSF_32,CCTTTCTCATGTTCCC-1-1,CSF,-0.35429079445748485
HC,CSF_32,CGAACATAGCGCCTTG-1,CSF,-0.07157349201915446
HC,CSF_32,CGAACATCACCGGAAA-1,CSF,0.2789394278784719
HC,CSF_32,CGAACATGTGTTAAGA-1,CSF,-0.41728057835106613
HC,CSF_32,CGAATGTAGATACACA-1,CSF,0.022857376072523885
HC,CSF_32,CGACCTTGTAGAAAGG-1,CSF,0.08394493680657525
HC,CSF_32,CGACCTTTCATTCACT-1,CSF,-0.4703982238645839
HC,CSF_32,CGACCTTTCGTCTGAA-1,CSF,-0.34979451260470656
HC,CSF_32,CGACTTCGTATCACCA-1,CSF,-0.7396029182816439
HC,CSF_32,CGACTTCGTGAGGCTA-1,CSF,-0.2442602433021199
HC,CSF_32,CGAGCACAGTCAAGCG-1,CSF,-0.1484696448950046
HC,CSF_32,CGAGCACCAAGTCTAC-1,CSF,-0.1934448127179622
HC,CSF_32,CGAGCACCAGTAAGAT-1,CSF,0.0259781982652173
HC,CSF_32,CGAGCACTCTGAAAGA-1,CSF,-0.127471341904156
HC,CSF_32,CGAGCCAGTAGAAGGA-1,CSF,0.23098190486641498
HC,CSF_32,CGAGCCATCCGTTGCT-1,CSF,-0.24154793960805657
HC,CSF_32,CGATCGGGTAAATGAC-1,CSF,-0.3269894194640477
HC,CSF_32,CGATGTAGTGTTTGGT-1,CSF,0.4596721669406948
HC,CSF_32,CGATGTATCGTATCAG-1,CSF,0.24689382907788948
HC,CSF_32,CGATTGAAGCGATATA-1,CSF,-0.19204156263891448
HC,CSF_32,CGATTGATCTCGTATT-1,CSF,-0.07157349201915446
HC,CSF_32,CGCCAAGGTAATAGCA-1,CSF,-0.3457344361756625
HC,CSF_32,CGCGGTATCTCGTTTA-1,CSF,0.37440080641107487
HC,CSF_32,CGCTGGACAAACTGCT-1,CSF,-0.14508880340461164
HC,CSF_32,CGGACACCAAGTCTAC-1,CSF,0.24176914289626827
HC,CSF_32,CGGACGTCATACCATG-1,CSF,0.05824650182771569
HC,CSF_32,CGGACGTTCAGCGACC-1,CSF,-0.3046600783614809
HC,CSF_32,CGGACTGGTAACGACG-1,CSF,-0.4005357650464251
HC,CSF_32,CGGAGCTTCTACCTGC-1,CSF,-0.17483887008931792
HC,CSF_32,CGGAGTCCACACCGCA-1,CSF,0.6803587377433642
HC,CSF_32,CGGCTAGAGAAACGAG-1,CSF,-0.19730397807171482
HC,CSF_32,CGGCTAGCAGGGTTAG-1,CSF,-0.8055175560871666
HC,CSF_32,CGGGTCAAGCAATCTC-1,CSF,0.009728683940091623
HC,CSF_32,CGGGTCACAAATCCGT-1,CSF,-0.07157349201915446
HC,CSF_32,CGGGTCATCGCACTCT-1,CSF,-0.42135633826811253
HC,CSF_32,CGGTTAAAGAAAGTGG-1-1,CSF,-0.19025588930419504
HC,CSF_32,CGGTTAAAGAATTGTG-1,CSF,-0.9956157521505425
HC,CSF_32,CGGTTAAAGTGTGGCA-1,CSF,0.5789909066874955
HC,CSF_32,CGTAGCGCACGGCGTT-1,CSF,0.11113143794164582
HC,CSF_32,CGTAGCGCACGGTGTC-1,CSF,-0.07157349201915446
HC,CSF_32,CGTAGCGCATCCCACT-1,CSF,-0.47548637837465596
HC,CSF_32,CGTAGGCAGACCGGAT-1,CSF,0.46119650924130173
HC,CSF_32,CGTAGGCTCTGCAGTA-1-1,CSF,-0.21510393122739804
HC,CSF_32,CGTCACTGTACGAAAT-1,CSF,0.16530884781615038
HC,CSF_32,CGTCACTGTATGGTTC-1,CSF,-0.32197544693457475
HC,CSF_32,CGTCCATTCCTCGCAT-1,CSF,-0.25641074444158757
HC,CSF_32,CGTCTACGTCCGCTGA-1,CSF,0.04646905922422722
HC,CSF_32,CGTCTACGTGACTACT-1,CSF,-0.19065118101761
HC,CSF_32,CGTGAGCGTACCGAGA-1,CSF,-0.5640874741747182
HC,CSF_32,CGTGTAAAGAGCTGCA-1,CSF,-0.20455891098686557
HC,CSF_32,CGTGTCTCACATTCGA-1,CSF,0.023110105298700643
HC,CSF_32,CGTTAGACAACACCTA-1,CSF,-0.2469711042270335
HC,CSF_32,CGTTAGACAAGCCGTC-1,CSF,-0.2488412990637012
HC,CSF_32,CGTTAGAGTAAACGCG-1,CSF,-0.07157349201915446
HC,CSF_32,CGTTAGATCAAGAAGT-1,CSF,-0.17456763176210963
HC,CSF_32,CGTTCTGCATGATCCA-1,CSF,0.3981943712446571
HC,CSF_32,CGTTCTGCATTTGCCC-1-1,CSF,-0.32419317468322933
HC,CSF_32,CGTTCTGTCAGCTCTC-1,CSF,-0.2441609134865708
HC,CSF_32,CGTTGGGAGGGCTCTC-1,CSF,-0.2249826206468688
HC,CSF_32,CGTTGGGTCATGCATG-1,CSF,-0.21425772069489174
HC,CSF_32,CTAAGACCATTCGACA-1,CSF,-0.03842451194219404
HC,CSF_32,CTAAGACGTTAGATGA-1,CSF,-0.6481680774733156
HC,CSF_32,CTAAGACGTTGGAGGT-1,CSF,-0.4221805037353503
HC,CSF_32,CTAATGGTCTACTTAC-1,CSF,-0.07157349201915446
HC,CSF_32,CTACACCGTATATGAG-1,CSF,0.2860389871934394
HC,CSF_32,CTACATTAGCTAACTC-1-1,CSF,0.2512917983585017
HC,CSF_32,CTACATTCAGTATGCT-1,CSF,-0.07157349201915446
HC,CSF_32,CTACATTTCTGCGACG-1,CSF,-0.4166150351047384
HC,CSF_32,CTACCCAAGCCAGAAC-1,CSF,-0.07157349201915446
HC,CSF_32,CTACCCACATTATCTC-1,CSF,-0.07157349201915446
HC,CSF_32,CTACCCAGTAGCAAAT-1,CSF,-0.15535587708899048
HC,CSF_32,CTACCCAGTGAAAGAG-1,CSF,-0.07157349201915446
HC,CSF_32,CTACCCATCCCTGACT-1,CSF,-0.4566265015032028
HC,CSF_32,CTACGTCCATGGATGG-1,CSF,0.05613887721339915
HC,CSF_32,CTACGTCTCATGTCCC-1,CSF,-0.4234002092262244
HC,CSF_32,CTAGAGTCAATCCGAT-1,CSF,0.30948712756534036
HC,CSF_32,CTAGAGTTCTTGTCAT-1,CSF,-0.30275355840320267
HC,CSF_32,CTAGCCTAGGCCCGTT-1,CSF,-0.07157349201915446
HC,CSF_32,CTAGCCTAGTCCCACG-1,CSF,0.11279567281065815
HC,CSF_32,CTAGCCTCAAGGACTG-1,CSF,-0.07157349201915446
HC,CSF_32,CTAGCCTCAAGGTTCT-1,CSF,-0.41838961869178387
HC,CSF_32,CTAGCCTCAGCCTATA-1,CSF,-0.3465911004942827
HC,CSF_32,CTAGTGAGTCGCTTCT-1,CSF,0.03114970713183537
HC,CSF_32,CTCACACCAATCCAAC-1,CSF,-0.17402583233973332
HC,CSF_32,CTCAGAAAGGACACCA-1,CSF,-0.27263334628139724
HC,CSF_32,CTCAGAAGTTAAGGGC-1,CSF,-0.07414353264583941
HC,CSF_32,CTCAGAATCTCACATT-1,CSF,-0.2903014764002498
HC,CSF_32,CTCATTAAGGACAGCT-1,CSF,-0.07157349201915446
HC,CSF_32,CTCATTATCACGACTA-1,CSF,0.18932350547394755
HC,CSF_32,CTCCTAGAGCTCCTTC-1,CSF,0.03199643905958806
HC,CSF_32,CTCCTAGTCTTGACGA-1,CSF,0.5098568659324095
HC,CSF_32,CTCGAAAAGGTGATAT-1,CSF,-0.15142633320324497
HC,CSF_32,CTCGAAACATCTACGA-1,CSF,-0.2360710226428937
HC,CSF_32,CTCGAAAGTGATAAAC-1,CSF,-0.2587262872636446
HC,CSF_32,CTCGAGGGTAGCCTCG-1,CSF,-0.12391407109865682
HC,CSF_32,CTCGGAGAGGTGCTAG-1,CSF,-0.5599071692242099
HC,CSF_32,CTCGGAGGTATTAGCC-1,CSF,-0.566691246509763
HC,CSF_32,CTCGGGACAGGTGCCT-1,CSF,0.168809840011664
HC,CSF_32,CTCGGGAGTACAGACG-1,CSF,0.26271493358701903
HC,CSF_32,CTCGGGAGTTCACGGC-1,CSF,-0.07157349201915446
HC,CSF_32,CTCGTACTCCATGAGT-1,CSF,-0.9007534996677202
HC,CSF_32,CTCGTCAAGCGTTCCG-1,CSF,-0.02614891562498072
HC,CSF_32,CTCGTCAGTCCAGTGC-1,CSF,-0.2548142022917212
HC,CSF_32,CTCGTCATCGACAGCC-1,CSF,-0.2005140615790078
HC,CSF_32,CTCTAATAGCAGCCTC-1,CSF,-0.07157349201915446
HC,CSF_32,CTCTAATGTGCGGTAA-1,CSF,-0.21372555940136082
HC,CSF_32,CTCTACGAGCAGGCTA-1,CSF,-0.5813970541485166
HC,CSF_32,CTCTACGCACGTGAGA-1,CSF,-0.24491004337595143
HC,CSF_32,CTCTACGGTCATATGC-1,CSF,-0.3214083695965929
HC,CSF_32,CTCTGGTTCGTACCGG-1,CSF,-0.1619422488510231
HC,CSF_32,CTGAAACAGGTAGCTG-1,CSF,-0.4800540382262654
HC,CSF_32,CTGAAACGTTAAGACA-1,CSF,0.34144190052877516
HC,CSF_32,CTGAAGTGTTCGTTGA-1,CSF,0.16620191740592485
HC,CSF_32,CTGATAGTCCATTCTA-1-1,CSF,-0.07157349201915446
HC,CSF_32,CTGATCCCAATTGCTG-1,CSF,-0.07157349201915446
HC,CSF_32,CTGATCCCACAGGAGT-1,CSF,-0.13388236954379615
HC,CSF_32,CTGATCCGTTGGTTTG-1,CSF,0.029312488579942998
HC,CSF_32,CTGATCCTCCCGGATG-1,CSF,-0.07157349201915446
HC,CSF_32,CTGCCTAGTCCGACGT-1,CSF,0.5824093624608441
HC,CSF_32,CTGCCTAGTGATAAGT-1,CSF,0.21531221338714643
HC,CSF_32,CTGCGGAAGCTCAACT-1,CSF,0.0038864143095472654
HC,CSF_32,CTGCGGAAGTACACCT-1,CSF,-0.07157349201915446
HC,CSF_32,CTGCGGAGTCGACTAT-1,CSF,-0.029738238377401718
HC,CSF_32,CTGCGGATCTCGATGA-1,CSF,-0.074285708401063
HC,CSF_32,CTGCTGTAGGCATTGG-1,CSF,-0.2087740142681412
HC,CSF_32,CTGCTGTCAACGCACC-1-1,CSF,0.09016298419865516
HC,CSF_32,CTGCTGTCACGAGGTA-1,CSF,-0.3502221555023503
HC,CSF_32,CTGCTGTTCCACGCAG-1,CSF,-0.295130677532704
HC,CSF_32,CTGTGCTCAATCGGTT-1,CSF,-0.5653182415874465
HC,CSF_32,CTGTGCTCAGGGCATA-1,CSF,-0.4205407436488255
HC,CSF_32,CTGTGCTGTGACAAAT-1,CSF,-0.04723811972270312
HC,CSF_32,CTGTGCTGTTTGGCGC-1,CSF,0.2925081277390351
HC,CSF_32,CTGTGCTTCGCTGATA-1,CSF,0.4024223068780105
HC,CSF_32,CTGTTTACAGGTCCAC-1,CSF,0.4440237302519447
HC,CSF_32,CTGTTTACATGCATGT-1,CSF,-0.3180340420147217
HC,CSF_32,CTGTTTAGTCCAGTTA-1,CSF,-0.08634200770204234
HC,CSF_32,CTGTTTAGTCTGGAGA-1,CSF,0.14708364799081572
HC,CSF_32,CTTAACTCACTAGTAC-1,CSF,0.2417822045114883
HC,CSF_32,CTTAACTCAGGCTCAC-1,CSF,0.035801197980999636
HC,CSF_32,CTTAACTGTACCATCA-1,CSF,0.4563333093214218
HC,CSF_32,CTTAACTGTGGTGTAG-1,CSF,0.17426411903832736
HC,CSF_32,CTTAACTTCCAGAGGA-1,CSF,-0.26974898060288094
HC,CSF_32,CTTAACTTCGAGGTAG-1,CSF,-0.10517200195082353
HC,CSF_32,CTTACCGGTAGGGACT-1,CSF,-0.19283988981504072
HC,CSF_32,CTTACCGGTGGTGTAG-1,CSF,-0.21019067942061564
HC,CSF_32,CTTAGGACAGTGGGAT-1,CSF,-0.43894205687901794
HC,CSF_32,CTTAGGAGTAGAAGGA-1,CSF,-0.4956234951207075
HC,CSF_32,CTTAGGAGTGAACCTT-1,CSF,-0.17254650536977975
HC,CSF_32,CTTCTCTCATCTATGG-1,CSF,-0.07157349201915446
HC,CSF_32,CTTCTCTGTGGCTCCA-1,CSF,-0.37522286254091036
HC,CSF_32,CTTCTCTTCGTGTAGT-1-1,CSF,0.12490623769006773
HC,CSF_32,CTTGGCTAGATATGCA-1,CSF,-0.3189974366797777
HC,CSF_32,CTTGGCTAGTTAACGA-1,CSF,0.6182064380543283
HC,CSF_32,CTTTGCGAGGCGCTCT-1,CSF,-0.5512371638591025
HC,CSF_32,CTTTGCGTCCAGGGCT-1,CSF,-0.573372772910405
HC,CSF_32,GAACATCTCAGCAACT-1,CSF,-0.254196617488159
HC,CSF_32,GAACCTAGTAAACCTC-1,CSF,-0.37438016863459334
HC,CSF_32,GAACCTAGTTGTGGCC-1,CSF,-0.3342229850407084
HC,CSF_32,GAACGGACAACGATCT-1,CSF,-0.03825290619740277
HC,CSF_32,GAACGGATCCGCGGTA-1,CSF,-0.07157349201915446
HC,CSF_32,GAAGCAGCAGGTCCAC-1,CSF,-0.5645277172766345
HC,CSF_32,GAAGCAGGTATAATGG-1,CSF,-0.2103267775477305
HC,CSF_32,GAATAAGGTCCCTACT-1,CSF,-0.07157349201915446
HC,CSF_32,GAATGAAAGTTGTAGA-1,CSF,-0.5004798760524621
HC,CSF_32,GAATGAATCCCAAGAT-1,CSF,-0.11791766587970785
HC,CSF_32,GACACGCAGTGCGATG-1,CSF,-0.07157349201915446
HC,CSF_32,GACCAATAGGGTCGAT-1,CSF,-0.2512296712292506
HC,CSF_32,GACCAATAGTGACTCT-1,CSF,-0.43683700009897564
HC,CSF_32,GACCAATGTATGAAAC-1,CSF,0.02514137317934449
HC,CSF_32,GACCAATGTCACCTAA-1,CSF,0.07735945747137861
HC,CSF_32,GACCAATTCCGATATG-1,CSF,-0.07157349201915446
HC,CSF_32,GACCAATTCCGCTGTT-1,CSF,-0.3695861421849811
HC,CSF_32,GACCTGGAGTGGTCCC-1-1,CSF,-0.22612765372774943
HC,CSF_32,GACGCGTCAAGCGCTC-1,CSF,0.3312284252022866
HC,CSF_32,GACGCGTTCGCTTGTC-1,CSF,-0.07157349201915446
HC,CSF_32,GACGTGCAGAACAATC-1,CSF,0.43728506972738723
HC,CSF_32,GACGTGCGTCTCTCTG-1,CSF,-0.27320464245989884
HC,CSF_32,GACGTTACAAGGTGTG-1,CSF,0.2913741079857913
HC,CSF_32,GACTAACAGAACTGTA-1,CSF,-0.49240192335172167
HC,CSF_32,GACTAACCATATACCG-1,CSF,-0.4824073767082369
HC,CSF_32,GACTACACACCGATAT-1,CSF,-0.17338573992999354
HC,CSF_32,GACTACACAGTAACGG-1,CSF,-0.41688868967732257
HC,CSF_32,GACTGCGAGTCTCAAC-1,CSF,-0.398531660584069
HC,CSF_32,GACTGCGCAGCTTCGG-1,CSF,0.01283853980868457
HC,CSF_32,GACTGCGTCTATCGCC-1,CSF,-0.024142718878807146
HC,CSF_32,GAGCAGAAGCTTTGGT-1,CSF,-0.07157349201915446
HC,CSF_32,GAGCAGAAGTGACTCT-1,CSF,0.3266799506596046
HC,CSF_32,GAGCAGAGTTTCCACC-1,CSF,0.3583720946961502
HC,CSF_32,GAGCAGATCTTGCATT-1,CSF,-0.2853464959965276
HC,CSF_32,GAGGTGACACGCTTTC-1,CSF,0.6823248458308132
HC,CSF_32,GAGGTGACATCACAAC-1,CSF,0.36548875535227293
HC,CSF_32,GAGTCCGAGCTAGCCC-1,CSF,-0.35046037779248307
HC,CSF_32,GAGTCCGTCCAATGGT-1,CSF,-0.6009963461514091
HC,CSF_32,GATCAGTCAGGTCGTC-1,CSF,-0.965640710766072
HC,CSF_32,GATCAGTTCCAAGCCG-1,CSF,-0.06895584486128745
HC,CSF_32,GATCGATAGTAATCCC-1,CSF,-0.19067102489850538
HC,CSF_32,GATCGATAGTACGATA-1,CSF,-0.07157349201915446
HC,CSF_32,GATCGATCACATAACC-1,CSF,0.24233931569075265
HC,CSF_32,GATCGATTCGCCATAA-1,CSF,-0.1813990142089678
HC,CSF_32,GATCGATTCTTCCTTC-1-1,CSF,0.1404035757092673
HC,CSF_32,GATCGCGCATCCAACA-1,CSF,0.6310223947364931
HC,CSF_32,GATCGTACAGCTATTG-1,CSF,-0.10294736023840091
HC,CSF_32,GATCGTATCATCATTC-1,CSF,0.009769788187322489
HC,CSF_32,GATGAAAAGTGTACCT-1,CSF,0.02510751626366928
HC,CSF_32,GATGAAAGTTATTCTC-1-1,CSF,0.47063874410152734
HC,CSF_32,GATGAGGAGGGTGTTG-1,CSF,-0.5380650333411977
HC,CSF_32,GATGAGGAGTTCGCAT-1,CSF,0.5521062753864558
HC,CSF_32,GATGAGGTCAAGGTAA-1,CSF,-0.055262075298309433
HC,CSF_32,GATGCTAAGAGTCTGG-1,CSF,-0.25117256143498473
HC,CSF_32,GATGCTACAAGTACCT-1,CSF,-0.2737437013731813
HC,CSF_32,GATTCAGGTCGGCATC-1,CSF,-0.6945802500452718
HC,CSF_32,GCAAACTAGGTAGCTG-1,CSF,-0.1862994089036225
HC,CSF_32,GCAAACTGTTGCGTTA-1,CSF,-0.2420334299189455
HC,CSF_32,GCAATCACATACTCTT-1,CSF,-0.2459277527793997
HC,CSF_32,GCAATCATCGTTTATC-1,CSF,-0.07157349201915446
HC,CSF_32,GCACATAAGAACAATC-1,CSF,0.24651600745122565
HC,CSF_32,GCACATACATTAACCG-1,CSF,-0.0550567148410057
HC,CSF_32,GCACATATCCATTCTA-1,CSF,-0.25827945019975623
HC,CSF_32,GCACTCTGTGTGGTTT-1,CSF,0.13438590863785813
HC,CSF_32,GCACTCTGTTTGTTGG-1,CSF,-0.2847191780102069
HC,CSF_32,GCACTCTTCTCAACTT-1,CSF,-0.056589780204247986
HC,CSF_32,GCAGCCAAGTGAACGC-1-1,CSF,-0.2604016673207354
HC,CSF_32,GCAGCCAGTATGGTTC-1,CSF,-0.5184868679569068
HC,CSF_32,GCAGTTACAATAGAGT-1,CSF,0.23129786053157556
HC,CSF_32,GCAGTTATCTACCAGA-1,CSF,-0.5305150681206897
HC,CSF_32,GCATACAAGCCACGCT-1,CSF,-0.29003984566822044
HC,CSF_32,GCATACACAAGTAGTA-1,CSF,-0.508457669267027
HC,CSF_32,GCATACATCTTGAGGT-1,CSF,-0.18860925872205786
HC,CSF_32,GCATGATAGAACTGTA-1,CSF,0.21361945353545225
HC,CSF_32,GCATGATGTATAAACG-1,CSF,-0.1719372269609635
HC,CSF_32,GCATGCGAGTGGCACA-1,CSF,-0.19392759947468033
HC,CSF_32,GCATGCGGTAATTGGA-1,CSF,0.21874699194176325
HC,CSF_32,GCCAAATCAAGAAAGG-1,CSF,0.05337255796724373
HC,CSF_32,GCGACCAGTAAGGGCT-1,CSF,-0.12691344488333434
HC,CSF_32,GCGAGAAAGAAACCGC-1,CSF,-0.16796023692469003
HC,CSF_32,GCGCAACAGGGATGGG-1,CSF,-0.2883791426930558
HC,CSF_32,GCGCAACCAATCCGAT-1,CSF,-0.18022720142438015
HC,CSF_32,GCGCAACTCCATGAGT-1,CSF,-0.17973136537362125
HC,CSF_32,GCGCAGTCAAGCTGAG-1,CSF,-0.17963725183235826
HC,CSF_32,GCGCAGTCAATCCGAT-1,CSF,-0.07157349201915446
HC,CSF_32,GCGCAGTTCCCTAATT-1,CSF,-0.07157349201915446
HC,CSF_32,GCGCCAAAGATGTCGG-1,CSF,-0.26903575210868164
HC,CSF_32,GCGCCAACAGCATACT-1,CSF,0.0790982785591271
HC,CSF_32,GCGCCAACATGAAGTA-1-1,CSF,0.09058851191082924
HC,CSF_32,GCGCGATAGAACAACT-1,CSF,-0.2235363761235051
HC,CSF_32,GCGCGATAGCTAGCCC-1,CSF,-0.36467547859053356
HC,CSF_32,GCGCGATCAAACCCAT-1,CSF,-0.49445052135632755
HC,CSF_32,GCGGGTTAGAGACGAA-1,CSF,0.11775833741680941
HC,CSF_32,GCGGGTTAGGAGTACC-1,CSF,-0.07157349201915446
HC,CSF_32,GCGGGTTGTCCATGAT-1,CSF,-0.21637296597979175
HC,CSF_32,GCGGGTTGTCTCAACA-1,CSF,0.061374367090673634
HC,CSF_32,GCTCCTAGTCTCGTTC-1,CSF,0.24390897300281184
HC,CSF_32,GCTCTGTAGCCACCTG-1,CSF,-0.412713320911348
HC,CSF_32,GCTGCAGTCAACCAAC-1,CSF,-0.16762767202605838
HC,CSF_32,GCTGCAGTCCTTTCGG-1,CSF,0.09698754967133787
HC,CSF_32,GCTGCAGTCGGATGTT-1,CSF,0.19514195173458612
HC,CSF_32,GCTGCGACAAACTGTC-1,CSF,-0.8075684937418031
HC,CSF_32,GCTGCGAGTTAGATGA-1-3,CSF,-0.22179689619167345
HC,CSF_32,GCTGCTTAGCTAGTGG-1,CSF,0.12647816897440248
HC,CSF_32,GCTGCTTAGTGGTAGC-1,CSF,0.18082307932793978
HC,CSF_32,GCTGCTTGTTGGTGGA-1,CSF,-0.013183879069707765
HC,CSF_32,GCTGCTTGTTGTACAC-1,CSF,0.06678036169024416
HC,CSF_32,GCTGGGTCATGCATGT-1,CSF,-0.33503686613449035
HC,CSF_32,GCTGGGTTCCCTTGTG-1,CSF,0.14384528530665616
HC,CSF_32,GCTTCCAAGACCCACC-1,CSF,-0.22592293152504736
HC,CSF_32,GCTTGAAAGAACTGTA-1,CSF,-0.07157349201915446
HC,CSF_32,GCTTGAAGTCTTCAAG-1,CSF,-0.15973333222576014
HC,CSF_32,GCTTGAAGTGTCGCTG-1,CSF,-0.288369707565063
HC,CSF_32,GGAAAGCTCCACGTTC-1,CSF,0.13401599293245672
HC,CSF_32,GGAAAGCTCCCTCAGT-1,CSF,-0.5011087113817484
HC,CSF_32,GGAAAGCTCTACCAGA-1,CSF,0.10520174519920734
HC,CSF_32,GGAACTTAGGATGTAT-1,CSF,-0.24561641246526356
HC,CSF_32,GGAACTTCAAAGCAAT-1-1,CSF,-0.07157349201915446
HC,CSF_32,GGAACTTTCCGCATAA-1,CSF,0.24874546744013445
HC,CSF_32,GGAACTTTCGGTCTAA-1,CSF,0.09635959930934543
HC,CSF_32,GGAATAACACAAGACG-1,CSF,-0.17207190839437475
HC,CSF_32,GGAATAAGTTCGAATC-1,CSF,0.10143138330902234
HC,CSF_32,GGACAAGCATCATCCC-1,CSF,0.15934535247794115
HC,CSF_32,GGACAAGGTGAACCTT-1,CSF,0.2732722385794125
HC,CSF_32,GGACAGAGTGTCAATC-1,CSF,0.22402124920175323
HC,CSF_32,GGACATTCACCATCCT-1,CSF,-0.1829219040912172
HC,CSF_32,GGACATTCAGCCACCA-1,CSF,-0.1720988988828561
HC,CSF_32,GGACATTGTCTGCCAG-1,CSF,-0.3540449194858671
HC,CSF_32,GGACATTTCGGCGCTA-1,CSF,-0.2031616676956078
HC,CSF_32,GGATTACAGAAGATTC-1,CSF,-0.07157349201915446
HC,CSF_32,GGATTACAGTGTCCCG-1,CSF,0.07288219935812501
HC,CSF_32,GGATTACGTTACTGAC-1,CSF,0.43925573505773136
HC,CSF_32,GGATTACTCTTTACGT-1,CSF,-0.7427175043600014
HC,CSF_32,GGCAATTGTAAACGCG-1,CSF,-0.26362643406454367
HC,CSF_32,GGCCGATAGGGCTTCC-1,CSF,-0.07157349201915446
HC,CSF_32,GGCCGATCACTCAGGC-1,CSF,-0.39305578524334966
HC,CSF_32,GGCCGATCAGTTAACC-1,CSF,-0.5386856657367285
HC,CSF_32,GGCCGATGTACACCGC-1,CSF,-0.39988792101851267
HC,CSF_32,GGCGTGTGTTTACTCT-1,CSF,-0.07157349201915446
HC,CSF_32,GGCGTGTTCGTCTGCT-1,CSF,-0.13232473469078215
HC,CSF_32,GGCTCGACACTGCCAG-1,CSF,-0.22389471023982507
HC,CSF_32,GGCTCGATCAGAGCTT-1,CSF,0.013320732460126121
HC,CSF_32,GGCTCGATCTGCAGTA-1,CSF,0.24417208835526397
HC,CSF_32,GGCTGGTAGGGCATGT-1,CSF,-0.35592354926475117
HC,CSF_32,GGGAATGGTCATTAGC-1,CSF,-0.20150368605700378
HC,CSF_32,GGGAATGGTGAGGGAG-1,CSF,-0.17361171465702588
HC,CSF_32,GGGACCTAGTAGCGGT-1,CSF,-0.6618948563110154
HC,CSF_32,GGGACCTGTGGCGAAT-1,CSF,0.1339049710695942
HC,CSF_32,GGGACCTTCAGTTGAC-1,CSF,-0.07157349201915446
HC,CSF_32,GGGCACTCAAGAAGAG-1,CSF,-0.1887237550039868
HC,CSF_32,GGGCATCCAAGAGTCG-1,CSF,-0.6298301648979702
HC,CSF_32,GGGCATCGTTGCTCCT-1,CSF,-0.07157349201915446
HC,CSF_32,GGTATTGAGGCTATCT-1,CSF,-0.12147238828475694
HC,CSF_32,GGTATTGAGTGGAGAA-1,CSF,-0.5237697575870841
HC,CSF_32,GGTATTGCAACTGCGC-1,CSF,-0.4031064536154701
HC,CSF_32,GGTATTGCAAGACACG-1,CSF,0.094208684996853
HC,CSF_32,GGTATTGTCTTGTATC-1,CSF,0.06272813014095525
HC,CSF_32,GGTGAAGAGAGCCCAA-1,CSF,-0.5510514742174731
HC,CSF_32,GGTGAAGTCTAACTCT-1,CSF,-0.08216577684328011
HC,CSF_32,GGTGCGTTCTAACTCT-1,CSF,0.22983481542374135
HC,CSF_32,GGTGTTACAGGACCCT-1,CSF,0.10773775710548152
HC,CSF_32,GGTGTTACATACTACG-1,CSF,-0.07157349201915446
HC,CSF_32,GGTGTTATCCGAATGT-1,CSF,0.016504104980072137
HC,CSF_32,GTAACGTAGATGGCGT-1,CSF,-0.6546523801215004
HC,CSF_32,GTAACGTTCCGAAGAG-1,CSF,-0.20092221116365547
HC,CSF_32,GTAACTGAGCCCGAAA-1,CSF,0.5383760807279234
HC,CSF_32,GTAACTGCAAGGACAC-1,CSF,-0.232858433140885
HC,CSF_32,GTAACTGTCCTCTAGC-1,CSF,-0.07435537545905617
HC,CSF_32,GTACGTAGTGGCTCCA-1,CSF,-0.5688715518636019
HC,CSF_32,GTACTCCAGGGAACGG-1,CSF,-0.07157349201915446
HC,CSF_32,GTACTCCAGTCAAGGC-1,CSF,-0.7042652571293709
HC,CSF_32,GTAGTCAGTTAGTGGG-1,CSF,-0.33023957934088727
HC,CSF_32,GTAGTCATCTTTACAC-1,CSF,-0.37792591127545044
HC,CSF_32,GTATCTTAGTGGGATC-1,CSF,-0.18555854057141813
HC,CSF_32,GTATCTTCATCAGTAC-1,CSF,-0.17663647275670913
HC,CSF_32,GTATTCTTCAAGGCTT-1,CSF,-0.27727599846187634
HC,CSF_32,GTATTCTTCAGTACGT-1,CSF,0.01825200541689987
HC,CSF_32,GTCAAGTAGAAACGCC-1,CSF,-0.26170113885814067
HC,CSF_32,GTCAAGTAGGGTTTCT-1,CSF,-0.19017720635915772
HC,CSF_32,GTCAAGTCAATGGACG-1,CSF,-0.18144845829459785
HC,CSF_32,GTCAAGTCAGACACTT-1,CSF,-0.07157349201915446
HC,CSF_32,GTCAAGTCATCCCACT-1,CSF,-0.31844627355331123
HC,CSF_32,GTCAAGTCATTAACCG-1,CSF,-0.024903570069468133
HC,CSF_32,GTCAAGTTCTACTATC-1,CSF,-0.23037255796116382
HC,CSF_32,GTCACAAAGGGCTCTC-1,CSF,0.5835213740372147
HC,CSF_32,GTCACAACATAGGATA-1,CSF,-0.07157349201915446
HC,CSF_32,GTCACAATCAATACCG-1,CSF,0.009451769067029983
HC,CSF_32,GTCACGGAGATGCCAG-1,CSF,-0.317550163884373
HC,CSF_32,GTCACGGAGTCCGTAT-1,CSF,0.20523257587121696
HC,CSF_32,GTCACGGTCAGGATCT-1,CSF,-0.3353932444088234
HC,CSF_32,GTCCTCAAGAATCTCC-1,CSF,-0.233382091403992
HC,CSF_32,GTCCTCACATTACGAC-1,CSF,-0.07157349201915446
HC,CSF_32,GTCTCGTAGCTACCGC-1,CSF,0.041297542922689834
HC,CSF_32,GTCTCGTCACCATGTA-1,CSF,-0.07157349201915446
HC,CSF_32,GTCTCGTTCTGAGGGA-1,CSF,0.532683024761375
HC,CSF_32,GTCTTCGAGATGGCGT-1,CSF,-0.126670782187588
HC,CSF_32,GTCTTCGAGGATCGCA-1,CSF,0.08840648245988984
HC,CSF_32,GTCTTCGGTATATGGA-1,CSF,0.16043109112485876
HC,CSF_32,GTCTTCGGTGGAAAGA-1,CSF,-0.05830762319087559
HC,CSF_32,GTGAAGGAGAATGTGT-1,CSF,0.17683415828726398
HC,CSF_32,GTGAAGGCAATGAAAC-1,CSF,0.17874971353480978
HC,CSF_32,GTGAAGGGTATCAGTC-1,CSF,0.4587035359649185
HC,CSF_32,GTGCAGCAGGGCATGT-1,CSF,-0.7913159002952932
HC,CSF_32,GTGCAGCTCTCGTTTA-1,CSF,-0.017959395969524054
HC,CSF_32,GTGCATAAGAGGACGG-1,CSF,0.2605668080556837
HC,CSF_32,GTGCATACATTCGACA-1,CSF,-0.22596009990691662
HC,CSF_32,GTGCTTCCAAATCCGT-1,CSF,-0.18082581010866844
HC,CSF_32,GTGCTTCTCTGCGACG-1,CSF,-0.039316719504945606
HC,CSF_32,GTGGGTCAGATGCCAG-1,CSF,0.40407381645403634
HC,CSF_32,GTGGGTCAGATGGCGT-1,CSF,-0.47401198820752416
HC,CSF_32,GTGGGTCAGCTCCTCT-1,CSF,-0.7530157593694697
HC,CSF_32,GTGTGCGCAACAACCT-1,CSF,-0.3728946647341691
HC,CSF_32,GTGTGCGGTCGCTTTC-1,CSF,-0.07157349201915446
HC,CSF_32,GTTAAGCGTGCAACTT-1,CSF,0.1370870993539723
HC,CSF_32,GTTAAGCTCCAACCAA-1,CSF,0.2495872549743514
HC,CSF_32,GTTACAGAGCGCCTTG-1,CSF,0.4124470228557309
HC,CSF_32,GTTACAGCATGGTCAT-1,CSF,-0.07157349201915446
HC,CSF_32,GTTCATTAGGCTACGA-1,CSF,-0.07157349201915446
HC,CSF_32,GTTCGGGTCGGGAGTA-1,CSF,-0.07157349201915446
HC,CSF_32,GTTCTCGAGTAGATGT-1,CSF,-0.4063478451094863
HC,CSF_32,GTTCTCGGTTCGTTGA-1,CSF,-0.17788085425401892
HC,CSF_32,GTTCTCGTCCCATTTA-1,CSF,-0.07157349201915446
HC,CSF_32,GTTCTCGTCCGTACAA-1,CSF,-0.07157349201915446
HC,CSF_32,GTTTCTATCCACGTTC-1,CSF,-0.26698048355280657
HC,CSF_32,TAAACCGAGTACACCT-1,CSF,-0.7441527206169252
HC,CSF_32,TAAGAGAAGGCTATCT-1,CSF,-0.3878886690987087
HC,CSF_32,TAAGCGTCACAGGCCT-1,CSF,0.11693587343518097
HC,CSF_32,TAAGCGTTCCGAACGC-1,CSF,-0.039882818315070505
HC,CSF_32,TAAGTGCAGAGTCTGG-1,CSF,-0.35855065479974485
HC,CSF_32,TAAGTGCGTAAGGGAA-1,CSF,-0.20201609802305617
HC,CSF_32,TAAGTGCGTAGCCTCG-1,CSF,-0.1859004936995635
HC,CSF_32,TAAGTGCGTCAAGCGA-1,CSF,0.45207931581330946
HC,CSF_32,TACACGAAGGGTTTCT-1,CSF,-0.5357326147652912
HC,CSF_32,TACACGACATGGATGG-1,CSF,-0.07157349201915446
HC,CSF_32,TACACGATCACTTCAT-1,CSF,0.14947631874436032
HC,CSF_32,TACAGTGAGTACGTAA-1,CSF,-0.1623712216981202
HC,CSF_32,TACCTATGTACTTAGC-1,CSF,-0.5087947204722184
HC,CSF_32,TACCTATGTCTTGTCC-1,CSF,-0.32896697835783095
HC,CSF_32,TACCTATTCCAAGCCG-1,CSF,-0.19526624048956212
HC,CSF_32,TACGGATAGCTAGTTC-1,CSF,-0.07157349201915446
HC,CSF_32,TACGGATTCCCGACTT-1-1,CSF,-0.07157349201915446
HC,CSF_32,TACGGATTCCTAGGGC-1,CSF,0.07496041037362829
HC,CSF_32,TACGGGCCATGCCTAA-1,CSF,0.15717708982926393
HC,CSF_32,TACGGGCTCTACTTAC-1,CSF,-0.46744399877339066
HC,CSF_32,TACGGTACAATGCCAT-1,CSF,-0.6957135252595243
HC,CSF_32,TACGGTAGTAGAAGGA-1,CSF,-0.17927213561200017
HC,CSF_32,TACGGTATCCTTGCCA-1,CSF,-0.31097057448363064
HC,CSF_32,TACTCATCAAGGGTCA-1,CSF,-0.07157349201915446
HC,CSF_32,TACTCGCAGAATTCCC-1,CSF,-0.07157349201915446
HC,CSF_32,TACTCGCAGATAGCAT-1,CSF,-0.07157349201915446
HC,CSF_32,TACTCGCGTCCAACTA-1,CSF,0.06144170810504067
HC,CSF_32,TACTTACAGCCGATTT-1,CSF,-1.019141385693007
HC,CSF_32,TACTTACCACCATCCT-1,CSF,-0.21261628947052078
HC,CSF_32,TACTTACTCTAGCACA-1,CSF,0.1917996957448959
HC,CSF_32,TACTTGTGTTTCCACC-1,CSF,-0.3729775940259253
HC,CSF_32,TACTTGTTCACTTACT-1,CSF,-0.07157349201915446
HC,CSF_32,TACTTGTTCCTAGTGA-1,CSF,-0.07157349201915446
HC,CSF_32,TAGACCAAGGACCACA-1,CSF,-0.2026855663239071
HC,CSF_32,TAGACCAGTATGGTTC-1-1,CSF,-0.012142459342859053
HC,CSF_32,TAGACCATCATTGCCC-1,CSF,-0.28512886667221293
HC,CSF_32,TAGACCATCTTAGAGC-1,CSF,0.22130974547052754
HC,CSF_32,TAGAGCTCACGGACAA-1,CSF,-0.4589111163327847
HC,CSF_32,TAGAGCTCATAAGACA-1,CSF,-0.07157349201915446
HC,CSF_32,TAGTGGTAGATACACA-1-2,CSF,-0.07157349201915446
HC,CSF_32,TAGTGGTCAAGCGCTC-1,CSF,-0.733899688142469
HC,CSF_32,TAGTGGTCAGCTTAAC-1-1,CSF,-0.20031539383725924
HC,CSF_32,TAGTTGGGTTAGGGTG-1,CSF,-0.3749328235890328
HC,CSF_32,TAGTTGGTCGGTGTTA-1,CSF,-0.7526211264567416
HC,CSF_32,TATCAGGAGGCAATTA-1,CSF,-0.16791233466251793
HC,CSF_32,TATCAGGAGTCTCGGC-1,CSF,-0.25742234722569385
HC,CSF_32,TATCAGGGTACGCACC-1,CSF,-0.07157349201915446
HC,CSF_32,TATCTCAGTGTCTGAT-1,CSF,-0.9143411221959112
HC,CSF_32,TATGCCCAGTACGTTC-1,CSF,-0.07157349201915446
HC,CSF_32,TATTACCAGATCCCGC-1,CSF,-0.26443678353900024
HC,CSF_32,TATTACCGTTAAGTAG-1,CSF,-0.5112493550474767
HC,CSF_32,TATTACCTCATCACCC-1,CSF,-0.16899359463703054
HC,CSF_32,TATTACCTCCATGCTC-1,CSF,-0.27675179461000393
HC,CSF_32,TATTACCTCTGAAAGA-1,CSF,-0.02077827595300284
HC,CSF_32,TCAACGACAGGGTACA-1,CSF,-0.07157349201915446
HC,CSF_32,TCAACGAGTAAGGATT-1,CSF,0.03431739648104477
HC,CSF_32,TCAACGAGTGCCTGCA-1,CSF,-0.27673918588633606
HC,CSF_32,TCAATCTAGGATGTAT-1,CSF,-0.0045592088389746445
HC,CSF_32,TCAATCTCATTACGAC-1-1,CSF,0.23502553444699487
HC,CSF_32,TCAATCTTCACGCATA-1,CSF,-0.028707714408980504
HC,CSF_32,TCACAAGTCTGTCTAT-1,CSF,-0.23579468512170645
HC,CSF_32,TCACGAAGTGTTTGGT-1,CSF,-0.25757422301159566
HC,CSF_32,TCACGAATCTCGTTTA-1,CSF,-0.07157349201915446
HC,CSF_32,TCAGCAAAGGTGCACA-1,CSF,0.1912803851712884
HC,CSF_32,TCAGCTCAGGCACATG-1,CSF,0.4341603281192735
HC,CSF_32,TCAGCTCAGTGAATTG-1,CSF,-0.19764941619722917
HC,CSF_32,TCAGCTCGTAAACGCG-1,CSF,-0.07157349201915446
HC,CSF_32,TCAGCTCTCGGCTTGG-1,CSF,0.4675407902987831
HC,CSF_32,TCAGGATCACGGTAGA-1,CSF,-0.07157349201915446
HC,CSF_32,TCAGGTAAGGGAACGG-1,CSF,0.13270557152211826
HC,CSF_32,TCAGGTAGTTCCCGAG-1-2,CSF,-0.1932088910135573
HC,CSF_32,TCATTACAGAGGTACC-1-1,CSF,-0.3315855299524147
HC,CSF_32,TCATTACTCCGTAGGC-1,CSF,0.013951837548042276
HC,CSF_32,TCATTTGAGGGCTCTC-1,CSF,-0.1963278558865525
HC,CSF_32,TCCACACAGAATTGTG-1,CSF,-0.07157349201915446
HC,CSF_32,TCCACACAGGAATTAC-1,CSF,-0.07157349201915446
HC,CSF_32,TCCACACCAGGTCGTC-1,CSF,0.05105989628002215
HC,CSF_32,TCCACACGTGTCAATC-1,CSF,-0.24973586964585537
HC,CSF_32,TCCCGATAGCGTTGCC-1,CSF,-0.07157349201915446
HC,CSF_32,TCCCGATCACAACTGT-1,CSF,-0.3178573843279747
HC,CSF_32,TCCCGATGTCATGCAT-1,CSF,-0.26931804324677777
HC,CSF_32,TCCCGATGTGCGATAG-1,CSF,-0.02637457939776606
HC,CSF_32,TCGAGGCCAATGACCT-1,CSF,-0.3627993543574207
HC,CSF_32,TCGAGGCCACCCATGG-1,CSF,-0.16753626169560107
HC,CSF_32,TCGCGAGAGCCACGCT-1,CSF,0.011546314981599859
HC,CSF_32,TCGCGAGCAAAGAATC-1,CSF,-0.029577533288252886
HC,CSF_32,TCGCGAGCAGGTTTCA-1-1,CSF,-0.16873096461827658
HC,CSF_32,TCGCGAGTCGGATGGA-1-1,CSF,-0.8755908257998745
HC,CSF_32,TCGCGTTAGTTTGCGT-1,CSF,-0.07157349201915446
HC,CSF_32,TCGCGTTCAAGCGAGT-1-1,CSF,-0.19482298308382112
HC,CSF_32,TCGGGACAGACAAAGG-1,CSF,-0.6479239049897971
HC,CSF_32,TCGGGACCATTTCAGG-1,CSF,-0.2324474199103746
HC,CSF_32,TCGGGACTCGACCAGC-1,CSF,0.25531006792068295
HC,CSF_32,TCGGTAACAGGACGTA-1,CSF,0.09112742333149179
HC,CSF_32,TCGTACCTCCTCGCAT-1,CSF,-0.4354746147424861
HC,CSF_32,TCGTACCTCCTTTCTC-1,CSF,-0.30257809593068646
HC,CSF_32,TCGTACCTCTACCTGC-1,CSF,-0.1653072042557428
HC,CSF_32,TCGTAGAAGAAGGACA-1,CSF,0.2687757557606059
HC,CSF_32,TCGTAGAAGACACGAC-1,CSF,-0.4856489780504166
HC,CSF_32,TCGTAGAAGCTAGTGG-1,CSF,-0.4189977576956584
HC,CSF_32,TCGTAGACATAGGATA-1,CSF,-0.2591187233188877
HC,CSF_32,TCGTAGATCCATGAGT-1,CSF,-0.49688158507066194
HC,CSF_32,TCGTAGATCGTACCGG-1,CSF,0.08306338521807091
HC,CSF_32,TCTATTGCAAGTAGTA-1,CSF,-0.07863366906553994
HC,CSF_32,TCTATTGTCGGACAAG-1,CSF,0.002847462321827754
HC,CSF_32,TCTATTGTCTAACGGT-1,CSF,0.013435650650299249
HC,CSF_32,TCTCATATCGCCCTTA-1,CSF,-0.23168465303173716
HC,CSF_32,TCTTCGGAGGTCATCT-1,CSF,0.2798893589356685
HC,CSF_32,TCTTCGGTCAGTTTGG-1,CSF,0.5268339547132098
HC,CSF_32,TGAAAGAGTCATATGC-1-1,CSF,0.2406388778707082
HC,CSF_32,TGACAACGTTTGCATG-1,CSF,-0.07157349201915446
HC,CSF_32,TGACGGCAGAGCAATT-1,CSF,-0.14275173665198376
HC,CSF_32,TGACGGCGTCCCGACA-1,CSF,-0.1898831716363712
HC,CSF_32,TGACGGCTCCACGACG-1,CSF,-0.49832272294802665
HC,CSF_32,TGACTAGAGTTAGCGG-1,CSF,-0.4276391735592309
HC,CSF_32,TGACTAGTCCGTTGCT-1,CSF,-0.2553815780693707
HC,CSF_32,TGACTTTGTGCCTTGG-1,CSF,-0.26655738317023514
HC,CSF_32,TGAGAGGCATGCTAGT-1,CSF,0.13461271029084299
HC,CSF_32,TGAGCATAGGATATAC-1,CSF,0.39418220324357023
HC,CSF_32,TGAGCATCAGCTATTG-1,CSF,-0.34374753838251415
HC,CSF_32,TGAGCCGAGACTGGGT-1,CSF,-0.18748764282586564
HC,CSF_32,TGAGCCGAGAGTACAT-1,CSF,0.0737383522974228
HC,CSF_32,TGAGCCGGTGCACCAC-1,CSF,-0.07157349201915446
HC,CSF_32,TGAGGGACACGACGAA-1,CSF,-0.07157349201915446
HC,CSF_32,TGATTTCGTAGCTAAA-1,CSF,-0.7247640556630381
HC,CSF_32,TGATTTCTCTTCGGTC-1,CSF,-0.20877020765297286
HC,CSF_32,TGCACCTAGCCCTAAT-1,CSF,-0.22403864612856536
HC,CSF_32,TGCACCTAGTTGTCGT-1,CSF,-0.2765656799049717
HC,CSF_32,TGCACCTCACTCGACG-1,CSF,0.3020866895834121
HC,CSF_32,TGCACCTCAGACGCCT-1,CSF,0.2853306415783667
HC,CSF_32,TGCACCTGTATTCTCT-1,CSF,-0.2808797197226072
HC,CSF_32,TGCACCTTCAGAGCTT-1,CSF,0.18565138024899422
HC,CSF_32,TGCCAAACATCCAACA-1,CSF,0.3399164837436645
HC,CSF_32,TGCCCATCACGTTGGC-1,CSF,-0.41950186336431017
HC,CSF_32,TGCCCATCATGTCCTC-1,CSF,-0.07157349201915446
HC,CSF_32,TGCCCATGTAAATGTG-1,CSF,-0.3798645787645146
HC,CSF_32,TGCCCATTCATACGGT-1,CSF,0.086878141852751
HC,CSF_32,TGCCCATTCGCCGTGA-1,CSF,-0.38504820727703565
HC,CSF_32,TGCCCATTCTCGATGA-1,CSF,-0.2696039807528989
HC,CSF_32,TGCCCTAGTACAGTTC-1-1,CSF,-0.2740325893885848
HC,CSF_32,TGCGGGTAGATATGGT-1,CSF,0.11690112073342572
HC,CSF_32,TGCGGGTTCGTAGATC-1,CSF,-0.27675179461000393
HC,CSF_32,TGCGTGGCACGACTCG-1,CSF,-0.23742731357240757
HC,CSF_32,TGCGTGGTCCAGAGGA-1,CSF,-0.035172414597541314
HC,CSF_32,TGCGTGGTCGACGGAA-1,CSF,-0.10804884232141508
HC,CSF_32,TGCGTGGTCTGACCTC-1,CSF,-0.017880918177300895
HC,CSF_32,TGCTACCCACAACTGT-1,CSF,0.1433854825734627
HC,CSF_32,TGCTGCTAGCAATCTC-1,CSF,-0.07175438772928308
HC,CSF_32,TGCTGCTAGTGGACGT-1,CSF,0.1319431305200392
HC,CSF_32,TGCTGCTCACCACGTG-1-1,CSF,0.12078346652759252
HC,CSF_32,TGCTGCTGTACTTGAC-1,CSF,-0.07157349201915446
HC,CSF_32,TGCTGCTGTCCGACGT-1,CSF,0.3430759861324992
HC,CSF_32,TGGACGCCATTGGCGC-1,CSF,-0.5724136482613381
HC,CSF_32,TGGCGCAAGCATGGCA-1,CSF,-0.32702968143100614
HC,CSF_32,TGGCGCATCCGCAAGC-1,CSF,0.2574863325865362
HC,CSF_32,TGGCTGGAGAGGGATA-1,CSF,-0.30049324663475235
HC,CSF_32,TGGCTGGTCTGCTGTC-1,CSF,-0.24789928024256547
HC,CSF_32,TGGGAAGCAGCCTGTG-1,CSF,-0.07157349201915446
HC,CSF_32,TGGGAAGGTACTCTCC-1,CSF,0.01974408044945048
HC,CSF_32,TGGGCGTAGAATCTCC-1,CSF,-0.04304277674016747
HC,CSF_32,TGGGCGTAGATCCCAT-1,CSF,-0.009408830806567292
HC,CSF_32,TGGGCGTGTGTGGTTT-1,CSF,0.40985833196495125
HC,CSF_32,TGGGCGTTCAGCATGT-1,CSF,-0.7469072739008933
HC,CSF_32,TGGGCGTTCTGGAGCC-1,CSF,0.13096616562966043
HC,CSF_32,TGGTTAGGTCTCACCT-1,CSF,0.00513623532959833
HC,CSF_32,TGGTTCCGTATCGCAT-1,CSF,-0.07157349201915446
HC,CSF_32,TGTCCCAAGACACGAC-1,CSF,0.23829384895069236
HC,CSF_32,TGTCCCAGTGATGTCT-1,CSF,-0.07157349201915446
HC,CSF_32,TGTGTTTGTTCACCTC-1,CSF,-0.07157349201915446
HC,CSF_32,TGTGTTTTCATCACCC-1,CSF,-0.2231370466340949
HC,CSF_32,TGTGTTTTCTGCAAGT-1,CSF,-0.07157349201915446
HC,CSF_32,TTAGGACAGAAGGCCT-1,CSF,0.4246284687743835
HC,CSF_32,TTAGGCAAGCGTAGTG-1,CSF,0.28434354219984753
HC,CSF_32,TTAGGCAAGGCTAGCA-1,CSF,-0.07157349201915446
HC,CSF_32,TTAGGCAGTCAGATAA-1,CSF,0.24817966253559745
HC,CSF_32,TTATGCTGTCATGCCG-1,CSF,0.06183553256513831
HC,CSF_32,TTCGGTCAGCGATAGC-1,CSF,-0.6804596583233647
HC,CSF_32,TTCGGTCCACCAGATT-1,CSF,-0.07157349201915446
HC,CSF_32,TTCGGTCCACCGAAAG-1,CSF,-0.18990939907824775
HC,CSF_32,TTCGGTCGTCCGTTAA-1,CSF,-0.07157349201915446
HC,CSF_32,TTCTACAAGCGTGAAC-1,CSF,-0.9205716119639876
HC,CSF_32,TTCTACAGTCTCCCTA-1,CSF,-0.45165074280712136
HC,CSF_32,TTCTACATCCCACTTG-1-1,CSF,-0.03240563268161199
HC,CSF_32,TTCTACATCTCAAACG-1,CSF,0.08372822339368634
HC,CSF_32,TTCTACATCTTTACAC-1,CSF,-0.07157349201915446
HC,CSF_32,TTCTCCTAGAGTCGGT-1,CSF,-0.07157349201915446
HC,CSF_32,TTCTCCTAGTAAGTAC-1,CSF,-0.17238073252949887
HC,CSF_32,TTCTCCTGTACTCTCC-1,CSF,-0.026935945552333362
HC,CSF_32,TTCTCCTTCCAGAGGA-1,CSF,-0.14852668948776376
HC,CSF_32,TTCTTAGCAAGCGTAG-1,CSF,-0.07157349201915446
HC,CSF_32,TTCTTAGCAGTTAACC-1,CSF,0.030146243065498797
HC,CSF_32,TTCTTAGGTGAAAGAG-1,CSF,0.06909523400640752
HC,CSF_32,TTCTTAGGTGACTCAT-1,CSF,-0.07157349201915446
HC,CSF_32,TTGAACGAGGGTATCG-1,CSF,-0.40876502506727574
HC,CSF_32,TTGAACGAGTGGAGAA-1,CSF,0.16001134782273496
HC,CSF_32,TTGAACGCACGAGAGT-1,CSF,-0.07157349201915446
HC,CSF_32,TTGACTTCAAACGCGA-1,CSF,-0.28338050532244363
HC,CSF_32,TTGACTTGTTGCCTCT-1,CSF,-0.07157349201915446
HC,CSF_32,TTGCCGTAGACCCACC-1,CSF,-0.4900277546342526
HC,CSF_32,TTGCCGTCATACTCTT-1,CSF,-0.17527090861505354
HC,CSF_32,TTGCCGTTCAACTCTT-1,CSF,-0.2823759776730169
HC,CSF_32,TTGCGTCAGGCAGGTT-1,CSF,-0.17393053827261262
HC,CSF_32,TTGGAACAGTCGTTTG-1,CSF,-0.07157349201915446
HC,CSF_32,TTGGAACCATTACCTT-1,CSF,-0.19639426312782904
HC,CSF_32,TTGGAACGTCAGATAA-1,CSF,-0.552558445739673
HC,CSF_32,TTGTAGGCAGCTGTGC-1-1,CSF,-0.17795876025175117
HC,CSF_32,TTGTAGGGTCAGTGGA-1-1,CSF,0.3122689648243559
HC,CSF_32,TTGTAGGGTTACGCGC-1,CSF,-0.07157349201915446
HC,CSF_32,TTTACTGAGACCTAGG-1,CSF,-0.5291789314407581
HC,CSF_32,TTTACTGCACTATCTT-1,CSF,0.20606731990337332
HC,CSF_32,TTTACTGCACTTCTGC-1,CSF,-0.017255526407503465
HC,CSF_32,TTTACTGGTTAAGAAC-1,CSF,0.2895223221895837
HC,CSF_32,TTTACTGTCGGAAATA-1-1,CSF,-0.26718900677369956
HC,CSF_32,TTTATGCAGTCCCACG-1,CSF,-0.25081641262316856
HC,CSF_32,TTTATGCGTGTGAATA-1,CSF,0.2551008161872822
HC,CSF_32,TTTATGCTCCTACAGA-1,CSF,-0.13360775969026648
HC,CSF_32,TTTGGTTTCCTGCCAT-1,CSF,-0.11532583216390317
HC,CSF_32,TTTGTCACAATGAAAC-1,CSF,-0.11790155407203566
HC,CSF_32,TTTGTCAGTCCGTGAC-1,CSF,0.16600475991088137
HC,CSF_32,TTTGTCAGTTACGACT-1,CSF,-0.3168889069686949
MS,MS19270_CSF,GSM4104122_AAACCTGGTCTCCACT-1,CSF,0.12304275306040684
MS,MS19270_CSF,GSM4104122_AAACGGGGTCCGAACC-1,CSF,0.022673832981959956
MS,MS19270_CSF,GSM4104122_AAACGGGTCCTTGACC-1,CSF,-0.18271832614871858
MS,MS19270_CSF,GSM4104122_AAAGATGAGAGTCTGG-1,CSF,-0.19049270097944263
MS,MS19270_CSF,GSM4104122_AAAGCAAGTGAGGGAG-1,CSF,-0.38913363433028525
MS,MS19270_CSF,GSM4104122_AAAGCAAGTTCCACGG-1,CSF,-0.07157349201915446
MS,MS19270_CSF,GSM4104122_AAAGTAGAGCAGACTG-1,CSF,-0.5053692795963675
MS,MS19270_CSF,GSM4104122_AAAGTAGCATCTCCCA-1,CSF,-0.23416400210942775
MS,MS19270_CSF,GSM4104122_AAATGCCAGTAGTGCG-1,CSF,0.34587703791192986
MS,MS19270_CSF,GSM4104122_AAATGCCCACCGTTGG-1,CSF,0.10682284127315318
MS,MS19270_CSF,GSM4104122_AAATGCCGTCATACTG-1,CSF,0.585307995796563
MS,MS19270_CSF,GSM4104122_AACACGTCAAACAACA-1,CSF,-0.43882877168227236
MS,MS19270_CSF,GSM4104122_AACACGTTCTGAGGGA-1,CSF,0.30481791484251863
MS,MS19270_CSF,GSM4104122_AACCATGAGTAACCCT-1,CSF,-0.07157349201915446
MS,MS19270_CSF,GSM4104122_AACCATGTCTTAGCCC-1,CSF,-0.3015733662012859
MS,MS19270_CSF,GSM4104122_AACCGCGGTGGCGAAT-1,CSF,-0.6409010938872202
MS,MS19270_CSF,GSM4104122_AACCGCGTCTTGGGTA-1,CSF,0.6059110972728351
MS,MS19270_CSF,GSM4104122_AACTCCCAGGTAGCCA-1,CSF,0.35040960760657375
MS,MS19270_CSF,GSM4104122_AACTCTTAGGTTCCTA-1,CSF,-0.07157349201915446
MS,MS19270_CSF,GSM4104122_AACTCTTAGTCTTGCA-1,CSF,0.23155905365858548
MS,MS19270_CSF,GSM4104122_AACTCTTCAATAACGA-1,CSF,-0.10305034772491757
MS,MS19270_CSF,GSM4104122_AACTCTTGTCGAAAGC-1,CSF,-0.4720491620964244
MS,MS19270_CSF,GSM4104122_AACTCTTGTGCCTGCA-1,CSF,-0.207520226281089
MS,MS19270_CSF,GSM4104122_AACTCTTTCTTCTGGC-1,CSF,-0.342428850336062
MS,MS19270_CSF,GSM4104122_AACTGGTGTAGTACCT-1,CSF,0.18098124209298952
MS,MS19270_CSF,GSM4104122_AACTTTCAGAGGGATA-1,CSF,0.6264209616637232
MS,MS19270_CSF,GSM4104122_AAGACCTCACTGCCAG-1,CSF,-0.3804708307490511
MS,MS19270_CSF,GSM4104122_AAGACCTTCGCCTGTT-1,CSF,-0.14982235090722332
MS,MS19270_CSF,GSM4104122_AAGCCGCGTTGCCTCT-1,CSF,-0.07157349201915446
MS,MS19270_CSF,GSM4104122_AAGGAGCCATTGAGCT-1,CSF,0.2970040978580733
MS,MS19270_CSF,GSM4104122_AAGGAGCTCAGTCAGT-1,CSF,-0.23357245503342852
MS,MS19270_CSF,GSM4104122_AAGGCAGCATCCGCGA-1,CSF,-0.07157349201915446
MS,MS19270_CSF,GSM4104122_AAGGCAGTCTAACCGA-1,CSF,-0.8110015075047546
MS,MS19270_CSF,GSM4104122_AAGGCAGTCTTTAGGG-1,CSF,-0.2033365299311849
MS,MS19270_CSF,GSM4104122_AAGGTTCTCTCTGAGA-1,CSF,-0.05024593346267075
MS,MS19270_CSF,GSM4104122_AAGTCTGGTGTGCGTC-1,CSF,-0.07157349201915446
MS,MS19270_CSF,GSM4104122_AAGTCTGTCTCAACTT-1,CSF,-0.07157349201915446
MS,MS19270_CSF,GSM4104122_AATCCAGCACCTATCC-1,CSF,0.2535378114732753
MS,MS19270_CSF,GSM4104122_AATCCAGTCGATAGAA-1,CSF,-0.07157349201915446
MS,MS19270_CSF,GSM4104122_ACACCAAAGATCTGCT-1,CSF,-0.07157349201915446
MS,MS19270_CSF,GSM4104122_ACACCCTGTGAGTGAC-1,CSF,-0.25347814252888207
MS,MS19270_CSF,GSM4104122_ACACCCTGTGCCTGGT-1,CSF,-0.20328618248223643
MS,MS19270_CSF,GSM4104122_ACACCCTGTGCGATAG-1,CSF,-0.1302909536083215
MS,MS19270_CSF,GSM4104122_ACACCGGTCGGTGTTA-1,CSF,0.09329876449815377
MS,MS19270_CSF,GSM4104122_ACACTGAAGTGGTAAT-1,CSF,-0.20196846648434824
MS,MS19270_CSF,GSM4104122_ACAGCCGGTTCTGGTA-1,CSF,-0.07157349201915446
MS,MS19270_CSF,GSM4104122_ACAGCCGTCTGATACG-1,CSF,-0.07157349201915446
MS,MS19270_CSF,GSM4104122_ACATACGCACTGTCGG-1,CSF,-0.07157349201915446
MS,MS19270_CSF,GSM4104122_ACATGGTCAGTCCTTC-1,CSF,0.1939513085899333
MS,MS19270_CSF,GSM4104122_ACCAGTATCATCGATG-1,CSF,0.010469734833434956
MS,MS19270_CSF,GSM4104122_ACCAGTATCTCTAGGA-1,CSF,-0.07157349201915446
MS,MS19270_CSF,GSM4104122_ACCCACTAGCTCAACT-1,CSF,-0.07157349201915446
MS,MS19270_CSF,GSM4104122_ACCCACTGTCTAGTCA-1,CSF,-0.3344745809500282
MS,MS19270_CSF,GSM4104122_ACCGTAACAGGTGGAT-1,CSF,-0.2002992116697689
MS,MS19270_CSF,GSM4104122_ACCGTAAGTCCATGAT-1,CSF,0.15433473631970557
MS,MS19270_CSF,GSM4104122_ACCTTTACACCCATTC-1,CSF,0.34228768870455173
MS,MS19270_CSF,GSM4104122_ACGAGCCCAACACGCC-1,CSF,-0.07157349201915446
MS,MS19270_CSF,GSM4104122_ACGAGCCCATTAGCCA-1,CSF,-0.15033358930256183
MS,MS19270_CSF,GSM4104122_ACGAGCCTCACCCGAG-1,CSF,0.18245129257596007
MS,MS19270_CSF,GSM4104122_ACGAGCCTCCTGTAGA-1,CSF,-0.02193987702980204
MS,MS19270_CSF,GSM4104122_ACGAGGACACGGTAAG-1,CSF,0.11921586768363601
MS,MS19270_CSF,GSM4104122_ACGAGGACAGCTCGCA-1,CSF,-0.35259812923588424
MS,MS19270_CSF,GSM4104122_ACGATACTCGAATCCA-1,CSF,0.44696538429525595
MS,MS19270_CSF,GSM4104122_ACGATGTGTAGCGATG-1,CSF,-0.07157349201915446
MS,MS19270_CSF,GSM4104122_ACGATGTGTGCGATAG-1,CSF,-0.07157349201915446
MS,MS19270_CSF,GSM4104122_ACGCCAGAGCGGCTTC-1,CSF,-0.2059803029816016
MS,MS19270_CSF,GSM4104122_ACGCCAGGTATTCGTG-1,CSF,-0.17825869245450768
MS,MS19270_CSF,GSM4104122_ACGCCGAGTGAAATCA-1,CSF,-0.18745968874984456
MS,MS19270_CSF,GSM4104122_ACGGAGAGTTTAAGCC-1,CSF,-0.07157349201915446
MS,MS19270_CSF,GSM4104122_ACGGCCACATTGCGGC-1,CSF,-0.07157349201915446
MS,MS19270_CSF,GSM4104122_ACGGGCTAGTTCGATC-1,CSF,-0.21402169984910038
MS,MS19270_CSF,GSM4104122_ACGGGTCAGGGAGTAA-1,CSF,-0.1337301629668189
MS,MS19270_CSF,GSM4104122_ACGTCAAAGAATTCCC-1,CSF,-0.07157349201915446
MS,MS19270_CSF,GSM4104122_ACTATCTAGCGATATA-1,CSF,0.2895747821994444
MS,MS19270_CSF,GSM4104122_ACTATCTCACATTAGC-1,CSF,-0.017719735102104093
MS,MS19270_CSF,GSM4104122_ACTATCTGTCATCCCT-1,CSF,0.03880305962752877
MS,MS19270_CSF,GSM4104122_ACTATCTTCTACCAGA-1,CSF,0.012134455823220116
MS,MS19270_CSF,GSM4104122_ACTGAACCACGACTCG-1,CSF,-0.07157349201915446
MS,MS19270_CSF,GSM4104122_ACTGAACTCACGCATA-1,CSF,-0.46835629435713777
MS,MS19270_CSF,GSM4104122_ACTGAGTGTGCAACTT-1,CSF,0.032219616314192394
MS,MS19270_CSF,GSM4104122_ACTGATGCATCAGTAC-1,CSF,-0.24710511506459462
MS,MS19270_CSF,GSM4104122_ACTGCTCAGGAGTAGA-1,CSF,-0.2701127750485925
MS,MS19270_CSF,GSM4104122_ACTGCTCCAATGGTCT-1,CSF,-0.4803211617731543
MS,MS19270_CSF,GSM4104122_ACTGTCCCATGCAATC-1,CSF,0.23664915432508632
MS,MS19270_CSF,GSM4104122_ACTGTCCCATTGGGCC-1,CSF,-0.07157349201915446
MS,MS19270_CSF,GSM4104122_ACTGTCCGTTAAAGTG-1,CSF,-0.5821787689458126
MS,MS19270_CSF,GSM4104122_ACTGTCCGTTCCCTTG-1,CSF,0.38915854685090195
MS,MS19270_CSF,GSM4104122_ACTGTCCTCCTCAACC-1,CSF,-0.07157349201915446
MS,MS19270_CSF,GSM4104122_ACTTACTAGCGTGAAC-1,CSF,0.25499693930456374
MS,MS19270_CSF,GSM4104122_ACTTGTTGTTATGTGC-1,CSF,-0.03339624029815353
MS,MS19270_CSF,GSM4104122_ACTTGTTTCTTTCCTC-1,CSF,0.11717740902895926
MS,MS19270_CSF,GSM4104122_ACTTTCAAGCAAATCA-1,CSF,0.23205096946681295
MS,MS19270_CSF,GSM4104122_AGAATAGCAGGATTGG-1,CSF,-0.37782452089632523
MS,MS19270_CSF,GSM4104122_AGAATAGTCATCTGCC-1,CSF,-0.44687931601323644
MS,MS19270_CSF,GSM4104122_AGAATAGTCCCACTTG-1,CSF,-0.07157349201915446
MS,MS19270_CSF,GSM4104122_AGACGTTCATACAGCT-1,CSF,0.047616500555982176
MS,MS19270_CSF,GSM4104122_AGACGTTCATCGATGT-1,CSF,0.06618471601158361
MS,MS19270_CSF,GSM4104122_AGACGTTTCAGTCAGT-1,CSF,0.57850235818398
MS,MS19270_CSF,GSM4104122_AGACGTTTCCTAAGTG-1,CSF,-0.26011248288908767
MS,MS19270_CSF,GSM4104122_AGACGTTTCGGATGTT-1,CSF,-0.07157349201915446
MS,MS19270_CSF,GSM4104122_AGAGCGACACAGTCGC-1,CSF,-0.25726391419537215
MS,MS19270_CSF,GSM4104122_AGAGCGACACCGTTGG-1,CSF,-0.3807426848550679
MS,MS19270_CSF,GSM4104122_AGAGCGACAGACGCAA-1,CSF,-0.07157349201915446
MS,MS19270_CSF,GSM4104122_AGAGCGATCAACTCTT-1,CSF,0.7472608400044501
MS,MS19270_CSF,GSM4104122_AGAGCTTCAAGGTTTC-1,CSF,0.31994365156282784
MS,MS19270_CSF,GSM4104122_AGAGCTTTCTTTACAC-1,CSF,-0.12508520021038538
MS,MS19270_CSF,GSM4104122_AGAGTGGAGTGGGATC-1,CSF,-0.663697189001574
MS,MS19270_CSF,GSM4104122_AGAGTGGTCCTTGCCA-1,CSF,-0.07157349201915446
MS,MS19270_CSF,GSM4104122_AGATCTGAGCTGTCTA-1,CSF,0.08185419043652489
MS,MS19270_CSF,GSM4104122_AGATTGCTCAACGAAA-1,CSF,-0.3211128738825567
MS,MS19270_CSF,GSM4104122_AGCAGCCTCGTCTGCT-1,CSF,-0.22947519530419327
MS,MS19270_CSF,GSM4104122_AGCAGCCTCTGCGACG-1,CSF,-0.25057208972147826
MS,MS19270_CSF,GSM4104122_AGCGGTCAGAGCTGGT-1,CSF,0.37041445435383213
MS,MS19270_CSF,GSM4104122_AGCGGTCAGATAGCAT-1,CSF,-0.07157349201915446
MS,MS19270_CSF,GSM4104122_AGCGGTCAGGTTCCTA-1,CSF,-0.07157349201915446
MS,MS19270_CSF,GSM4104122_AGCGGTCAGTCGTACT-1,CSF,0.043506723398815436
MS,MS19270_CSF,GSM4104122_AGCGGTCCAGCGAACA-1,CSF,0.2927728941054391
MS,MS19270_CSF,GSM4104122_AGCGGTCCATGAACCT-1,CSF,0.5633427647398126
MS,MS19270_CSF,GSM4104122_AGCGTATCAATTGCTG-1,CSF,-0.20286006600492174
MS,MS19270_CSF,GSM4104122_AGCGTCGAGCCCTAAT-1,CSF,-0.286978983733888
MS,MS19270_CSF,GSM4104122_AGCGTCGCATTCCTCG-1,CSF,-0.24051807079279522
MS,MS19270_CSF,GSM4104122_AGCGTCGGTGGTACAG-1,CSF,-0.2362137155835173
MS,MS19270_CSF,GSM4104122_AGCTCCTGTGCCTGTG-1,CSF,-0.5547559274763932
MS,MS19270_CSF,GSM4104122_AGCTCTCCACACGCTG-1,CSF,-0.25679208374975765
MS,MS19270_CSF,GSM4104122_AGCTCTCCAGCTGCTG-1,CSF,-0.1755393681185576
MS,MS19270_CSF,GSM4104122_AGCTCTCCAGTAAGCG-1,CSF,0.0678266003847726
MS,MS19270_CSF,GSM4104122_AGCTTGAAGATCTGCT-1,CSF,0.5449646715096144
MS,MS19270_CSF,GSM4104122_AGCTTGAGTTTGTTGG-1,CSF,0.0854763183957494
MS,MS19270_CSF,GSM4104122_AGGGATGTCATTATCC-1,CSF,-0.7762151850603775
MS,MS19270_CSF,GSM4104122_AGGTCATAGCAATCTC-1,CSF,-0.32085440018937617
MS,MS19270_CSF,GSM4104122_AGGTCCGAGGTGCAAC-1,CSF,-0.4174871780637062
MS,MS19270_CSF,GSM4104122_AGGTCCGGTAGAGGAA-1,CSF,-0.025061741591914117
MS,MS19270_CSF,GSM4104122_AGTAGTCAGCGTGTCC-1,CSF,-0.2199844329029734
MS,MS19270_CSF,GSM4104122_AGTAGTCTCCATGCTC-1,CSF,-0.19426689269972136
MS,MS19270_CSF,GSM4104122_AGTAGTCTCTACTTAC-1,CSF,-0.07157349201915446
MS,MS19270_CSF,GSM4104122_AGTCTTTGTGATGCCC-1,CSF,-0.19842612797843578
MS,MS19270_CSF,GSM4104122_AGTGAGGGTAAACGCG-1,CSF,-0.3282423978644578
MS,MS19270_CSF,GSM4104122_AGTGAGGGTGATAAAC-1,CSF,-0.07157349201915446
MS,MS19270_CSF,GSM4104122_AGTGTCAAGACACTAA-1,CSF,0.0806227219461186
MS,MS19270_CSF,GSM4104122_AGTGTCACAATGGACG-1,CSF,-0.7246947494871405
MS,MS19270_CSF,GSM4104122_AGTGTCATCATCTGTT-1,CSF,-0.07157349201915446
MS,MS19270_CSF,GSM4104122_AGTTGGTGTCTAGTCA-1,CSF,0.06001138458885945
MS,MS19270_CSF,GSM4104122_ATAACGCAGCCAGGAT-1,CSF,-0.07157349201915446
MS,MS19270_CSF,GSM4104122_ATAACGCCATCCGCGA-1,CSF,0.12165703272667103
MS,MS19270_CSF,GSM4104122_ATAAGAGCACCCAGTG-1,CSF,-0.07157349201915446
MS,MS19270_CSF,GSM4104122_ATAAGAGGTTTAAGCC-1,CSF,-0.07157349201915446
MS,MS19270_CSF,GSM4104122_ATAGACCAGGCTAGAC-1,CSF,-0.29004722808570144
MS,MS19270_CSF,GSM4104122_ATAGACCAGGTGCAAC-1,CSF,-0.07157349201915446
MS,MS19270_CSF,GSM4104122_ATAGACCCATGAAGTA-1,CSF,-0.6630126791893668
MS,MS19270_CSF,GSM4104122_ATCACGAAGATGTTAG-1,CSF,0.038471993436102685
MS,MS19270_CSF,GSM4104122_ATCACGACACTCAGGC-1,CSF,0.24438689847467115
MS,MS19270_CSF,GSM4104122_ATCACGACATCACAAC-1,CSF,0.27673087130376717
MS,MS19270_CSF,GSM4104122_ATCATCTCAAGAGTCG-1,CSF,-0.07157349201915446
MS,MS19270_CSF,GSM4104122_ATCATCTCATTTCAGG-1,CSF,-0.07157349201915446
MS,MS19270_CSF,GSM4104122_ATCCACCAGACCTTTG-1,CSF,0.14035572397989965
MS,MS19270_CSF,GSM4104122_ATCCACCAGCTGAAAT-1,CSF,-0.07157349201915446
MS,MS19270_CSF,GSM4104122_ATCCACCAGTTCGCGC-1,CSF,-0.9938154183560209
MS,MS19270_CSF,GSM4104122_ATCCACCCACTCGACG-1,CSF,-0.10088157842432095
MS,MS19270_CSF,GSM4104122_ATCCGAACATGTCTCC-1,CSF,-0.07157349201915446
MS,MS19270_CSF,GSM4104122_ATCGAGTGTAGCGTGA-1,CSF,-0.26449657954193234
MS,MS19270_CSF,GSM4104122_ATCGAGTTCTCAACTT-1,CSF,-0.1928405502908571
MS,MS19270_CSF,GSM4104122_ATCTACTCATCGACGC-1,CSF,0.676924019259569
MS,MS19270_CSF,GSM4104122_ATCTACTGTCGTTGTA-1,CSF,-0.07157349201915446
MS,MS19270_CSF,GSM4104122_ATCTACTGTGCATCTA-1,CSF,-0.07157349201915446
MS,MS19270_CSF,GSM4104122_ATCTGCCAGGACGAAA-1,CSF,-0.3141743557932021
MS,MS19270_CSF,GSM4104122_ATCTGCCCAATCACAC-1,CSF,0.15321112113485455
MS,MS19270_CSF,GSM4104122_ATCTGCCTCTGCCCTA-1,CSF,0.001961160341593406
MS,MS19270_CSF,GSM4104122_ATGAGGGAGATGGGTC-1,CSF,0.3183951046580199
MS,MS19270_CSF,GSM4104122_ATGCGATAGGAGTACC-1,CSF,-0.5510918233962453
MS,MS19270_CSF,GSM4104122_ATGCGATTCAGAGGTG-1,CSF,-0.2446091422904472
MS,MS19270_CSF,GSM4104122_ATGGGAGCAAGTAGTA-1,CSF,-0.7726487442521398
MS,MS19270_CSF,GSM4104122_ATGTGTGTCAACCATG-1,CSF,0.04845213699285516
MS,MS19270_CSF,GSM4104122_ATTACTCTCCGAGCCA-1,CSF,-0.17529641100269888
MS,MS19270_CSF,GSM4104122_ATTATCCCATGGTAGG-1,CSF,0.7997751529729237
MS,MS19270_CSF,GSM4104122_ATTATCCGTGCACGAA-1,CSF,-0.07157349201915446
MS,MS19270_CSF,GSM4104122_ATTATCCGTTGCGTTA-1,CSF,0.13063513187729567
MS,MS19270_CSF,GSM4104122_ATTCTACTCAAACAAG-1,CSF,0.029663739084734384
MS,MS19270_CSF,GSM4104122_ATTGGTGGTCACCCAG-1,CSF,-0.005842817969745261
MS,MS19270_CSF,GSM4104122_CAACCAAAGGTCGGAT-1,CSF,0.4936221524675547
MS,MS19270_CSF,GSM4104122_CAACCAACATACGCTA-1,CSF,0.00774001517848424
MS,MS19270_CSF,GSM4104122_CAACCAATCTAACTGG-1,CSF,0.32416581831642916
MS,MS19270_CSF,GSM4104122_CAACCTCTCAGTTTGG-1,CSF,-0.2729542285675584
MS,MS19270_CSF,GSM4104122_CAAGATCCAGTAACGG-1,CSF,-0.1724920124869366
MS,MS19270_CSF,GSM4104122_CAAGGCCCAGCCTGTG-1,CSF,-0.30363616622686457
MS,MS19270_CSF,GSM4104122_CACAAACAGAATCTCC-1,CSF,-0.8751998310499352
MS,MS19270_CSF,GSM4104122_CACACAACAAACGTGG-1,CSF,-0.28147000502978253
MS,MS19270_CSF,GSM4104122_CACACAACAGCTGCAC-1,CSF,0.48160092113834185
MS,MS19270_CSF,GSM4104122_CACACAAGTGCATCTA-1,CSF,-0.07157349201915446
MS,MS19270_CSF,GSM4104122_CACACAAGTTAGATGA-1,CSF,0.4044337677467786
MS,MS19270_CSF,GSM4104122_CACACCTAGGTACTCT-1,CSF,-0.07157349201915446
MS,MS19270_CSF,GSM4104122_CACACCTCATGTCCTC-1,CSF,-0.20486877464246542
MS,MS19270_CSF,GSM4104122_CACACCTGTTTACTCT-1,CSF,-0.22523930631512235
MS,MS19270_CSF,GSM4104122_CACACTCAGGCCCGTT-1,CSF,0.13654033286797593
MS,MS19270_CSF,GSM4104122_CACAGGCCACGAAACG-1,CSF,-0.07157349201915446
MS,MS19270_CSF,GSM4104122_CACAGGCTCATGTAGC-1,CSF,-0.07157349201915446
MS,MS19270_CSF,GSM4104122_CACAGTAAGGGAGTAA-1,CSF,-0.38683501303671897
MS,MS19270_CSF,GSM4104122_CACATTTCAACGCACC-1,CSF,-0.01860222410540271
MS,MS19270_CSF,GSM4104122_CACATTTGTCGTCTTC-1,CSF,-0.3148578925144007
MS,MS19270_CSF,GSM4104122_CACATTTTCCCAAGTA-1,CSF,-0.2782791995221553
MS,MS19270_CSF,GSM4104122_CACATTTTCGCAAGCC-1,CSF,-0.07157349201915446
MS,MS19270_CSF,GSM4104122_CACCACTCACCGAATT-1,CSF,0.1207880751031786
MS,MS19270_CSF,GSM4104122_CACCAGGAGACGCAAC-1,CSF,0.22122676849063463
MS,MS19270_CSF,GSM4104122_CACCAGGCACCGATAT-1,CSF,0.05639495008035118
MS,MS19270_CSF,GSM4104122_CACCTTGCAAACCCAT-1,CSF,-0.21861124934866513
MS,MS19270_CSF,GSM4104122_CACCTTGGTGGTAACG-1,CSF,-0.2981348698276444
MS,MS19270_CSF,GSM4104122_CACCTTGTCGTACCGG-1,CSF,0.06488876632601917
MS,MS19270_CSF,GSM4104122_CACTCCAAGTTTAGGA-1,CSF,0.024473272222541236
MS,MS19270_CSF,GSM4104122_CAGAATCCACTTAAGC-1,CSF,-0.07157349201915446
MS,MS19270_CSF,GSM4104122_CAGAATCCATGCCTTC-1,CSF,-0.07157349201915446
MS,MS19270_CSF,GSM4104122_CAGATCAAGATACACA-1,CSF,-0.07157349201915446
MS,MS19270_CSF,GSM4104122_CAGATCACAGTGGAGT-1,CSF,0.6486832225969029
MS,MS19270_CSF,GSM4104122_CAGATCAGTCCGTTAA-1,CSF,0.04812661559642596
MS,MS19270_CSF,GSM4104122_CAGATCATCAACCATG-1,CSF,-0.3067095471722215
MS,MS19270_CSF,GSM4104122_CAGCAGCTCACTATTC-1,CSF,0.11190634906822797
MS,MS19270_CSF,GSM4104122_CAGCAGCTCGCCTGAG-1,CSF,-0.0017732255358427246
MS,MS19270_CSF,GSM4104122_CAGCATAGTAGAGCTG-1,CSF,0.34980959928168887
MS,MS19270_CSF,GSM4104122_CAGCCGAAGTGCTGCC-1,CSF,0.232009969373491
MS,MS19270_CSF,GSM4104122_CAGCCGAAGTGTCCCG-1,CSF,0.07157090194798164
MS,MS19270_CSF,GSM4104122_CAGCGACCAATGGATA-1,CSF,-0.07157349201915446
MS,MS19270_CSF,GSM4104122_CAGCGACTCACCAGGC-1,CSF,-0.07157349201915446
MS,MS19270_CSF,GSM4104122_CAGCGACTCAGTTCGA-1,CSF,-0.1840743949381602
MS,MS19270_CSF,GSM4104122_CAGCTAACAATAAGCA-1,CSF,0.4271747733517861
MS,MS19270_CSF,GSM4104122_CAGCTGGAGTACGTTC-1,CSF,-0.07157349201915446
MS,MS19270_CSF,GSM4104122_CAGGTGCCACTCTGTC-1,CSF,0.31030735449104874
MS,MS19270_CSF,GSM4104122_CAGTAACAGTCAAGGC-1,CSF,-0.07157349201915446
MS,MS19270_CSF,GSM4104122_CAGTAACTCGTCCGTT-1,CSF,-0.07157349201915446
MS,MS19270_CSF,GSM4104122_CATATGGAGCTGTTCA-1,CSF,-0.15073975650659396
MS,MS19270_CSF,GSM4104122_CATATGGCACATGACT-1,CSF,-0.348298329264992
MS,MS19270_CSF,GSM4104122_CATATGGCACGTCAGC-1,CSF,-0.5594207039744685
MS,MS19270_CSF,GSM4104122_CATATTCCAGTCTTCC-1,CSF,-0.9844092494473882
MS,MS19270_CSF,GSM4104122_CATCAAGCAAGCCATT-1,CSF,0.2670625688566677
MS,MS19270_CSF,GSM4104122_CATCAGAAGAAGGTGA-1,CSF,-0.07157349201915446
MS,MS19270_CSF,GSM4104122_CATCAGAGTCTCTTTA-1,CSF,-0.20489467105759443
MS,MS19270_CSF,GSM4104122_CATCCACAGAATTGTG-1,CSF,-0.16231737120697015
MS,MS19270_CSF,GSM4104122_CATCCACGTCGTGGCT-1,CSF,-0.6266494908173906
MS,MS19270_CSF,GSM4104122_CATCGAAAGATGTGTA-1,CSF,-0.40119044464535353
MS,MS19270_CSF,GSM4104122_CATCGAAAGTGGGTTG-1,CSF,-0.07157349201915446
MS,MS19270_CSF,GSM4104122_CATCGGGAGATGTCGG-1,CSF,-0.07157349201915446
MS,MS19270_CSF,GSM4104122_CATGACAGTCAGAAGC-1,CSF,-0.07157349201915446
MS,MS19270_CSF,GSM4104122_CATGACAGTTCCACTC-1,CSF,-0.49243485535471726
MS,MS19270_CSF,GSM4104122_CATGCCTAGGGTCGAT-1,CSF,0.046223374579674605
MS,MS19270_CSF,GSM4104122_CATGGCGAGAACTGTA-1,CSF,-0.1964829432935906
MS,MS19270_CSF,GSM4104122_CATGGCGTCATGCTCC-1,CSF,0.13652046976699955
MS,MS19270_CSF,GSM4104122_CATTATCGTCCGTGAC-1,CSF,0.06570441025166894
MS,MS19270_CSF,GSM4104122_CATTATCGTCCTCCAT-1,CSF,0.7448199123447333
MS,MS19270_CSF,GSM4104122_CATTATCTCACTCCTG-1,CSF,-0.07157349201915446
MS,MS19270_CSF,GSM4104122_CATTCGCAGACTACAA-1,CSF,0.1627165437683495
MS,MS19270_CSF,GSM4104122_CCACCTACACGTCAGC-1,CSF,-0.07354816875318179
MS,MS19270_CSF,GSM4104122_CCACCTATCACGATGT-1,CSF,0.3267392683536797
MS,MS19270_CSF,GSM4104122_CCACCTATCGATCCCT-1,CSF,-0.4944178708870716
MS,MS19270_CSF,GSM4104122_CCACGGACATTTGCTT-1,CSF,-0.07157349201915446
MS,MS19270_CSF,GSM4104122_CCACGGATCGTACGGC-1,CSF,0.6085363064175792
MS,MS19270_CSF,GSM4104122_CCACTACAGCGATATA-1,CSF,-0.0037797204316233346
MS,MS19270_CSF,GSM4104122_CCACTACGTAAGTGGC-1,CSF,-0.23474349141487277
MS,MS19270_CSF,GSM4104122_CCAGCGAGTGACAAAT-1,CSF,0.09563173600100276
MS,MS19270_CSF,GSM4104122_CCATGTCCAACGCACC-1,CSF,0.018511698600702724
MS,MS19270_CSF,GSM4104122_CCATGTCCACCAGTTA-1,CSF,-0.07157349201915446
MS,MS19270_CSF,GSM4104122_CCATGTCCACTCTGTC-1,CSF,-0.19363252086539248
MS,MS19270_CSF,GSM4104122_CCATGTCGTTATCGGT-1,CSF,-0.2442087079972636
MS,MS19270_CSF,GSM4104122_CCATGTCTCAACACCA-1,CSF,0.06529751424698116
MS,MS19270_CSF,GSM4104122_CCATGTCTCAACGAAA-1,CSF,-0.12429964159024585
MS,MS19270_CSF,GSM4104122_CCATGTCTCTGGTTCC-1,CSF,0.09126889731269718
MS,MS19270_CSF,GSM4104122_CCATTCGTCCACGTGG-1,CSF,-0.07157349201915446
MS,MS19270_CSF,GSM4104122_CCCAGTTCACAAGTAA-1,CSF,0.28186449703928
MS,MS19270_CSF,GSM4104122_CCCAGTTTCCCTAACC-1,CSF,-0.22841496348508214
MS,MS19270_CSF,GSM4104122_CCCAGTTTCTAACTGG-1,CSF,-0.07157349201915446
MS,MS19270_CSF,GSM4104122_CCCATACCAATCTGCA-1,CSF,-0.19269518104879463
MS,MS19270_CSF,GSM4104122_CCGGGATTCAAGGTAA-1,CSF,-0.07157349201915446
MS,MS19270_CSF,GSM4104122_CCGGTAGGTGTGCCTG-1,CSF,-0.07157349201915446
MS,MS19270_CSF,GSM4104122_CCGTACTTCAATACCG-1,CSF,-0.07157349201915446
MS,MS19270_CSF,GSM4104122_CCGTGGACACGTCAGC-1,CSF,0.17115181001290752
MS,MS19270_CSF,GSM4104122_CCGTTCAAGGTACTCT-1,CSF,0.2154797307764658
MS,MS19270_CSF,GSM4104122_CCGTTCACAAGAGTCG-1,CSF,0.022857486188094165
MS,MS19270_CSF,GSM4104122_CCTAAAGTCTTTAGGG-1,CSF,-0.24726105564810014
MS,MS19270_CSF,GSM4104122_CCTACACAGCGTAGTG-1,CSF,0.11602898646872872
MS,MS19270_CSF,GSM4104122_CCTACACTCGGAGCAA-1,CSF,-0.4464729400331557
MS,MS19270_CSF,GSM4104122_CCTACCACAAGCGTAG-1,CSF,0.2183425238207921
MS,MS19270_CSF,GSM4104122_CCTACCATCTGTCAAG-1,CSF,-0.07157349201915446
MS,MS19270_CSF,GSM4104122_CCTATTACAGTCGATT-1,CSF,-0.4718400692469264
MS,MS19270_CSF,GSM4104122_CCTATTAGTAGCGTCC-1,CSF,-0.48755668653544376
MS,MS19270_CSF,GSM4104122_CCTCAGTAGACGCTTT-1,CSF,-0.2034878633617663
MS,MS19270_CSF,GSM4104122_CCTCAGTGTCATGCCG-1,CSF,0.16851726252495455
MS,MS19270_CSF,GSM4104122_CCTCAGTTCTGTGCAA-1,CSF,-0.240240069548318
MS,MS19270_CSF,GSM4104122_CCTTACGAGACAGAGA-1,CSF,-0.07157349201915446
MS,MS19270_CSF,GSM4104122_CCTTACGTCCGTCAAA-1,CSF,-0.3624869842357877
MS,MS19270_CSF,GSM4104122_CCTTCCCCAGGTTTCA-1,CSF,-0.07157349201915446
MS,MS19270_CSF,GSM4104122_CCTTTCTAGGGCTCTC-1,CSF,0.02555798893073529
MS,MS19270_CSF,GSM4104122_CCTTTCTCAAGTAGTA-1,CSF,-0.12146276774331652
MS,MS19270_CSF,GSM4104122_CCTTTCTCACATTTCT-1,CSF,-0.07157349201915446
MS,MS19270_CSF,GSM4104122_CCTTTCTCATGCATGT-1,CSF,-0.5227171486120253
MS,MS19270_CSF,GSM4104122_CCTTTCTGTCACACGC-1,CSF,-0.25666872139595887
MS,MS19270_CSF,GSM4104122_CCTTTCTGTCAGAAGC-1,CSF,-0.37879270110327706
MS,MS19270_CSF,GSM4104122_CGAACATCAAAGCAAT-1,CSF,-0.22379549157362413
MS,MS19270_CSF,GSM4104122_CGAACATGTTAAGACA-1,CSF,-0.39889262038677525
MS,MS19270_CSF,GSM4104122_CGAATGTCAATACGCT-1,CSF,0.16354724895884948
MS,MS19270_CSF,GSM4104122_CGAATGTCAATTCCTT-1,CSF,0.084729776865726
MS,MS19270_CSF,GSM4104122_CGAATGTCATCACGTA-1,CSF,-0.8539072713429358
MS,MS19270_CSF,GSM4104122_CGACCTTGTGCCTGTG-1,CSF,0.033641403338492776
MS,MS19270_CSF,GSM4104122_CGACCTTTCCGCAAGC-1,CSF,-0.07157349201915446
MS,MS19270_CSF,GSM4104122_CGAGAAGAGGCTAGCA-1,CSF,0.41770472792210994
MS,MS19270_CSF,GSM4104122_CGAGAAGAGTGTACGG-1,CSF,0.39729599467250504
MS,MS19270_CSF,GSM4104122_CGAGAAGCATATACCG-1,CSF,-0.2737437013731813
MS,MS19270_CSF,GSM4104122_CGAGAAGGTCAATACC-1,CSF,-0.07157349201915446
MS,MS19270_CSF,GSM4104122_CGAGCACGTCACTTCC-1,CSF,-0.07157349201915446
MS,MS19270_CSF,GSM4104122_CGAGCCAGTTAGGGTG-1,CSF,-0.0017120012854132671
MS,MS19270_CSF,GSM4104122_CGATCGGAGATCGATA-1,CSF,-0.07157349201915446
MS,MS19270_CSF,GSM4104122_CGATCGGGTGGTCCGT-1,CSF,0.0797935560733487
MS,MS19270_CSF,GSM4104122_CGATGGCAGAGGTTGC-1,CSF,-0.05246321354943858
MS,MS19270_CSF,GSM4104122_CGATGGCAGCGGATCA-1,CSF,0.13562591415506947
MS,MS19270_CSF,GSM4104122_CGATGGCGTGCAGGTA-1,CSF,-0.07157349201915446
MS,MS19270_CSF,GSM4104122_CGATGGCGTTATCGGT-1,CSF,-0.2641738036214519
MS,MS19270_CSF,GSM4104122_CGATGTATCAACCAAC-1,CSF,-0.20020399717600387
MS,MS19270_CSF,GSM4104122_CGCCAAGTCGGAATCT-1,CSF,-0.2191954142572284
MS,MS19270_CSF,GSM4104122_CGCGTTTTCTGCGTAA-1,CSF,-0.6789017593276191
MS,MS19270_CSF,GSM4104122_CGCTATCGTGTCTGAT-1,CSF,-0.33297976513323974
MS,MS19270_CSF,GSM4104122_CGCTATCTCACCAGGC-1,CSF,-0.07424846632053071
MS,MS19270_CSF,GSM4104122_CGCTATCTCGAGCCCA-1,CSF,0.009705408587474975
MS,MS19270_CSF,GSM4104122_CGCTGGAGTGTCAATC-1,CSF,-0.4835580322335577
MS,MS19270_CSF,GSM4104122_CGCTGGAGTTGTGGCC-1,CSF,-0.33970835511574743
MS,MS19270_CSF,GSM4104122_CGGACACGTGTAATGA-1,CSF,0.2820167955257054
MS,MS19270_CSF,GSM4104122_CGGACACTCTTCGGTC-1,CSF,-0.07157349201915446
MS,MS19270_CSF,GSM4104122_CGGAGCTCAAGCGCTC-1,CSF,-0.07157349201915446
MS,MS19270_CSF,GSM4104122_CGGAGTCCAAACCCAT-1,CSF,-0.24762639584882326
MS,MS19270_CSF,GSM4104122_CGGCTAGAGGTACTCT-1,CSF,-0.07157349201915446
MS,MS19270_CSF,GSM4104122_CGGCTAGCACGACTCG-1,CSF,-0.07157349201915446
MS,MS19270_CSF,GSM4104122_CGGGTCAAGGACACCA-1,CSF,0.26842688616835003
MS,MS19270_CSF,GSM4104122_CGGTTAACATAGTAAG-1,CSF,0.2985516569535868
MS,MS19270_CSF,GSM4104122_CGGTTAATCGGAGCAA-1,CSF,-0.21190982414674764
MS,MS19270_CSF,GSM4104122_CGTAGCGGTGCCTGGT-1,CSF,-0.07157349201915446
MS,MS19270_CSF,GSM4104122_CGTAGCGTCGTACGGC-1,CSF,-0.07157349201915446
MS,MS19270_CSF,GSM4104122_CGTCACTAGACCTAGG-1,CSF,-0.07157349201915446
MS,MS19270_CSF,GSM4104122_CGTCACTGTTAGGGTG-1,CSF,0.1347859296411396
MS,MS19270_CSF,GSM4104122_CGTCAGGCACAGGAGT-1,CSF,-0.5711109471111568
MS,MS19270_CSF,GSM4104122_CGTCAGGCATCCGTGG-1,CSF,-0.07157349201915446
MS,MS19270_CSF,GSM4104122_CGTCCATGTTGCTCCT-1,CSF,-0.4285474877981284
MS,MS19270_CSF,GSM4104122_CGTCCATTCACAACGT-1,CSF,-0.07157349201915446
MS,MS19270_CSF,GSM4104122_CGTCTACCATATGGTC-1,CSF,-0.07157349201915446
MS,MS19270_CSF,GSM4104122_CGTCTACTCAGATAAG-1,CSF,-0.07157349201915446
MS,MS19270_CSF,GSM4104122_CGTGAGCTCGATCCCT-1,CSF,-0.41831595091470647
MS,MS19270_CSF,GSM4104122_CGTGTAAGTTTAGCTG-1,CSF,0.09549477687123396
MS,MS19270_CSF,GSM4104122_CGTGTCTAGAACTCGG-1,CSF,-0.07157349201915446
MS,MS19270_CSF,GSM4104122_CGTGTCTGTCATTAGC-1,CSF,-0.29940139777905495
MS,MS19270_CSF,GSM4104122_CGTTAGAAGGAATCGC-1,CSF,-0.3901238089119576
MS,MS19270_CSF,GSM4104122_CGTTCTGAGTTTAGGA-1,CSF,-0.6326550304693035
MS,MS19270_CSF,GSM4104122_CGTTCTGCATAAGACA-1,CSF,-0.07157349201915446
MS,MS19270_CSF,GSM4104122_CGTTCTGGTCAATGTC-1,CSF,0.07396623797759842
MS,MS19270_CSF,GSM4104122_CGTTGGGTCGGCTTGG-1,CSF,0.548208277827048
MS,MS19270_CSF,GSM4104122_CTAACTTAGGAGTTTA-1,CSF,0.07615186360921615
MS,MS19270_CSF,GSM4104122_CTAACTTCAACTGCTA-1,CSF,0.5131153388359875
MS,MS19270_CSF,GSM4104122_CTAACTTCAAGGTTTC-1,CSF,-0.6608713589713594
MS,MS19270_CSF,GSM4104122_CTAAGACAGGCATGGT-1,CSF,-0.21664121559122457
MS,MS19270_CSF,GSM4104122_CTAAGACGTAGAAGGA-1,CSF,-0.07157349201915446
MS,MS19270_CSF,GSM4104122_CTAAGACGTATGAAAC-1,CSF,0.12050677295470345
MS,MS19270_CSF,GSM4104122_CTAAGACGTCTAGTGT-1,CSF,-0.07157349201915446
MS,MS19270_CSF,GSM4104122_CTAAGACGTTGTCTTT-1,CSF,-0.09803592449139605
MS,MS19270_CSF,GSM4104122_CTAATGGGTCAGTGGA-1,CSF,0.07826480235609704
MS,MS19270_CSF,GSM4104122_CTAATGGTCTGCAGTA-1,CSF,-0.07157349201915446
MS,MS19270_CSF,GSM4104122_CTACACCCAAACTGCT-1,CSF,-0.30153521856928783
MS,MS19270_CSF,GSM4104122_CTACATTGTTCCCGAG-1,CSF,-0.07157349201915446
MS,MS19270_CSF,GSM4104122_CTACCCAAGGCAAAGA-1,CSF,-0.12760955449601427
MS,MS19270_CSF,GSM4104122_CTACCCACAGCCTTGG-1,CSF,0.20678362995402783
MS,MS19270_CSF,GSM4104122_CTACCCATCCGGGTGT-1,CSF,-0.44695494932179575
MS,MS19270_CSF,GSM4104122_CTACGTCGTACTTCTT-1,CSF,-0.07157349201915446
MS,MS19270_CSF,GSM4104122_CTACGTCGTTGGACCC-1,CSF,0.2075689930264571
MS,MS19270_CSF,GSM4104122_CTAGAGTCATATGAGA-1,CSF,-0.07157349201915446
MS,MS19270_CSF,GSM4104122_CTAGAGTGTTAGGGTG-1,CSF,-0.782632495456933
MS,MS19270_CSF,GSM4104122_CTAGCCTAGAGTACCG-1,CSF,-0.2843485563882594
MS,MS19270_CSF,GSM4104122_CTAGCCTTCTGAGTGT-1,CSF,0.2421663633776845
MS,MS19270_CSF,GSM4104122_CTAGTGACATGGGACA-1,CSF,-0.07157349201915446
MS,MS19270_CSF,GSM4104122_CTAGTGATCGCCATAA-1,CSF,0.1928174991995932
MS,MS19270_CSF,GSM4104122_CTAGTGATCTCTAGGA-1,CSF,-0.5462745579529684
MS,MS19270_CSF,GSM4104122_CTCACACTCACCTTAT-1,CSF,-0.2464849862585867
MS,MS19270_CSF,GSM4104122_CTCAGAAAGAGGTTGC-1,CSF,0.07821157456572363
MS,MS19270_CSF,GSM4104122_CTCAGAACAGACGCCT-1,CSF,-0.2622267545490778
MS,MS19270_CSF,GSM4104122_CTCAGAATCATGCATG-1,CSF,-0.7149395002302902
MS,MS19270_CSF,GSM4104122_CTCAGAATCTCCCTGA-1,CSF,-0.07157349201915446
MS,MS19270_CSF,GSM4104122_CTCATTAAGGAACTGC-1,CSF,0.1575506509879903
MS,MS19270_CSF,GSM4104122_CTCATTACACGTAAGG-1,CSF,-0.07157349201915446
MS,MS19270_CSF,GSM4104122_CTCATTAGTCCGACGT-1,CSF,-0.07157349201915446
MS,MS19270_CSF,GSM4104122_CTCCTAGAGTCACGCC-1,CSF,-0.07157349201915446
MS,MS19270_CSF,GSM4104122_CTCCTAGCAAGTCATC-1,CSF,-0.07157349201915446
MS,MS19270_CSF,GSM4104122_CTCGAGGCACCGAATT-1,CSF,-0.1517463190468109
MS,MS19270_CSF,GSM4104122_CTCGGAGTCACGACTA-1,CSF,-0.07157349201915446
MS,MS19270_CSF,GSM4104122_CTCGGGAAGTAGTGCG-1,CSF,-0.07157349201915446
MS,MS19270_CSF,GSM4104122_CTCGGGAGTCCATGAT-1,CSF,-0.07157349201915446
MS,MS19270_CSF,GSM4104122_CTCGGGAGTGAGGGTT-1,CSF,-0.07157349201915446
MS,MS19270_CSF,GSM4104122_CTCGTACTCACTTATC-1,CSF,-0.44585040124595804
MS,MS19270_CSF,GSM4104122_CTCGTACTCTTGGGTA-1,CSF,-0.0011667591863854878
MS,MS19270_CSF,GSM4104122_CTCGTCAGTGGACGAT-1,CSF,-0.27622260259136333
MS,MS19270_CSF,GSM4104122_CTCTAATTCGTTACAG-1,CSF,-0.07156052634974787
MS,MS19270_CSF,GSM4104122_CTCTAATTCTTGAGAC-1,CSF,-0.1962173544779652
MS,MS19270_CSF,GSM4104122_CTCTGGTGTATATGAG-1,CSF,0.06115301736555022
MS,MS19270_CSF,GSM4104122_CTCTGGTGTCTCTTTA-1,CSF,-0.07157349201915446
MS,MS19270_CSF,GSM4104122_CTCTGGTGTTCCACGG-1,CSF,-0.19523309999302896
MS,MS19270_CSF,GSM4104122_CTCTGGTGTTGGTGGA-1,CSF,0.10503769148045121
MS,MS19270_CSF,GSM4104122_CTGAAACAGGAACTGC-1,CSF,-0.011100497959760425
MS,MS19270_CSF,GSM4104122_CTGAAACGTATGGTTC-1,CSF,-0.18333161950561686
MS,MS19270_CSF,GSM4104122_CTGATAGAGAGGTACC-1,CSF,-0.2761565715768648
MS,MS19270_CSF,GSM4104122_CTGATCCTCGGGAGTA-1,CSF,-0.21688198109762985
MS,MS19270_CSF,GSM4104122_CTGCCTAAGCTCCTTC-1,CSF,-0.26893133642597816
MS,MS19270_CSF,GSM4104122_CTGCCTACATCGGACC-1,CSF,-0.1995086277353711
MS,MS19270_CSF,GSM4104122_CTGCCTATCTAACTGG-1,CSF,-0.20248680631910684
MS,MS19270_CSF,GSM4104122_CTGCGGACATGCAATC-1,CSF,-0.35522791260102726
MS,MS19270_CSF,GSM4104122_CTGCTGTAGATCTGCT-1,CSF,-0.07157349201915446
MS,MS19270_CSF,GSM4104122_CTGCTGTGTTTGTTGG-1,CSF,-0.2620210085346148
MS,MS19270_CSF,GSM4104122_CTGGTCTAGATGCGAC-1,CSF,-0.5621535116818779
MS,MS19270_CSF,GSM4104122_CTGGTCTAGTAGATGT-1,CSF,-0.07157349201915446
MS,MS19270_CSF,GSM4104122_CTGGTCTCACAGCGTC-1,CSF,-0.3073895406868292
MS,MS19270_CSF,GSM4104122_CTGTGCTAGCCGATTT-1,CSF,-0.5202587660291152
MS,MS19270_CSF,GSM4104122_CTGTGCTTCATCACCC-1,CSF,-0.07157349201915446
MS,MS19270_CSF,GSM4104122_CTGTTTAAGACAGAGA-1,CSF,-0.15920951550339635
MS,MS19270_CSF,GSM4104122_CTGTTTATCCAGATCA-1,CSF,-0.3739089871916086
MS,MS19270_CSF,GSM4104122_CTTAACTCATTACGAC-1,CSF,-0.07157349201915446
MS,MS19270_CSF,GSM4104122_CTTAACTGTAACGTTC-1,CSF,0.1606856595108006
MS,MS19270_CSF,GSM4104122_CTTAACTGTGTAACGG-1,CSF,0.052389463208953706
MS,MS19270_CSF,GSM4104122_CTTACCGGTTACGCGC-1,CSF,0.4333222106463677
MS,MS19270_CSF,GSM4104122_CTTAGGAAGAAACCTA-1,CSF,-0.07157349201915446
MS,MS19270_CSF,GSM4104122_CTTAGGAGTCTCAACA-1,CSF,-0.20363959828715594
MS,MS19270_CSF,GSM4104122_CTTAGGATCGAACGGA-1,CSF,0.2259728349443142
MS,MS19270_CSF,GSM4104122_CTTCTCTCACGAAACG-1,CSF,-0.29480819465222907
MS,MS19270_CSF,GSM4104122_GAAACTCAGCCAGTAG-1,CSF,0.0419631673933496
MS,MS19270_CSF,GSM4104122_GAAACTCCACTTAACG-1,CSF,-0.5983893731943403
MS,MS19270_CSF,GSM4104122_GAAATGACAGTAGAGC-1,CSF,-0.07157349201915446
MS,MS19270_CSF,GSM4104122_GAAATGATCAGGCAAG-1,CSF,0.12813797444010164
MS,MS19270_CSF,GSM4104122_GAACATCAGCACCGTC-1,CSF,0.06203226241059413
MS,MS19270_CSF,GSM4104122_GAACATCTCACAAACC-1,CSF,-0.07157349201915446
MS,MS19270_CSF,GSM4104122_GAACGGACAGTCAGAG-1,CSF,-0.5837141683952785
MS,MS19270_CSF,GSM4104122_GAAGCAGGTCAATACC-1,CSF,-0.34067002719601297
MS,MS19270_CSF,GSM4104122_GAATAAGTCTTCCTTC-1,CSF,-0.07157349201915446
MS,MS19270_CSF,GSM4104122_GAATGAACACCTTGTC-1,CSF,-0.07157349201915446
MS,MS19270_CSF,GSM4104122_GAATGAATCCAAACAC-1,CSF,-0.7301210625584854
MS,MS19270_CSF,GSM4104122_GAATGAATCTACTCAT-1,CSF,-0.18721804909952838
MS,MS19270_CSF,GSM4104122_GACAGAGCACCGGAAA-1,CSF,-0.002892111752364352
MS,MS19270_CSF,GSM4104122_GACAGAGCACGACTCG-1,CSF,-0.27990926844345415
MS,MS19270_CSF,GSM4104122_GACAGAGGTCGCGGTT-1,CSF,-0.22875595919068012
MS,MS19270_CSF,GSM4104122_GACAGAGGTCTGATTG-1,CSF,-0.07157349201915446
MS,MS19270_CSF,GSM4104122_GACCAATAGTTTCCTT-1,CSF,0.10833178847728216
MS,MS19270_CSF,GSM4104122_GACCTGGGTTGTTTGG-1,CSF,-0.4132441054773924
MS,MS19270_CSF,GSM4104122_GACGCGTAGCCACTAT-1,CSF,0.09056584442991598
MS,MS19270_CSF,GSM4104122_GACGCGTTCTTTACGT-1,CSF,-0.6115248751245285
MS,MS19270_CSF,GSM4104122_GACGGCTAGACATAAC-1,CSF,0.08334364308726867
MS,MS19270_CSF,GSM4104122_GACGGCTAGCCAGGAT-1,CSF,-0.4690549133892691
MS,MS19270_CSF,GSM4104122_GACGTGCAGTCCATAC-1,CSF,0.08288578531937663
MS,MS19270_CSF,GSM4104122_GACGTTACATTTGCCC-1,CSF,-0.2118933478815026
MS,MS19270_CSF,GSM4104122_GACGTTATCTTGAGAC-1,CSF,0.06741965162935677
MS,MS19270_CSF,GSM4104122_GAGCAGACAGTAAGAT-1,CSF,0.0693414112251939
MS,MS19270_CSF,GSM4104122_GAGCAGATCTGACCTC-1,CSF,-0.07157349201915446
MS,MS19270_CSF,GSM4104122_GAGGTGATCCATGCTC-1,CSF,-0.24077659329979628
MS,MS19270_CSF,GSM4104122_GAGTCCGAGCTTCGCG-1,CSF,-0.13382897235300234
MS,MS19270_CSF,GSM4104122_GAGTCCGGTACAGCAG-1,CSF,-0.25306492407228093
MS,MS19270_CSF,GSM4104122_GAGTCCGGTTGCTCCT-1,CSF,0.18613817629162868
MS,MS19270_CSF,GSM4104122_GATCAGTAGGACCACA-1,CSF,0.028891000327367067
MS,MS19270_CSF,GSM4104122_GATCAGTGTCCGAACC-1,CSF,0.08895682705937626
MS,MS19270_CSF,GSM4104122_GATCGTAAGATGCGAC-1,CSF,-0.27546787265090583
MS,MS19270_CSF,GSM4104122_GATCGTACAAAGCGGT-1,CSF,-0.276605688862609
MS,MS19270_CSF,GSM4104122_GATCGTACAATCACAC-1,CSF,0.23969657522970575
MS,MS19270_CSF,GSM4104122_GATGAAAAGCCGGTAA-1,CSF,-0.2031856281075223
MS,MS19270_CSF,GSM4104122_GATGAAAAGTTCGCGC-1,CSF,-0.927847295811088
MS,MS19270_CSF,GSM4104122_GATGAAATCAGTGCAT-1,CSF,-0.29019687255764637
MS,MS19270_CSF,GSM4104122_GATGAGGCAGCGATCC-1,CSF,-0.18540929491383937
MS,MS19270_CSF,GSM4104122_GATGCTAGTGCGAAAC-1,CSF,-0.5689124956514481
MS,MS19270_CSF,GSM4104122_GATTCAGGTCAAAGCG-1,CSF,-0.2523725262007967
MS,MS19270_CSF,GSM4104122_GCAAACTAGACGCACA-1,CSF,-0.07157349201915446
MS,MS19270_CSF,GSM4104122_GCAAACTAGGACCACA-1,CSF,-0.013739179376222694
MS,MS19270_CSF,GSM4104122_GCAAACTCAAGTACCT-1,CSF,-0.07157349201915446
MS,MS19270_CSF,GSM4104122_GCAAACTGTGAGTATA-1,CSF,0.13874819060762406
MS,MS19270_CSF,GSM4104122_GCAAACTGTTATCCGA-1,CSF,0.3520867069327068
MS,MS19270_CSF,GSM4104122_GCAATCAGTGCACGAA-1,CSF,-0.7490433972737094
MS,MS19270_CSF,GSM4104122_GCACTCTAGTGGTCCC-1,CSF,-0.24547656346053298
MS,MS19270_CSF,GSM4104122_GCACTCTGTCGCGAAA-1,CSF,-0.5355165344484593
MS,MS19270_CSF,GSM4104122_GCAGTTACAATGTAAG-1,CSF,-0.18338308110265808
MS,MS19270_CSF,GSM4104122_GCATACAAGGATGCGT-1,CSF,-0.2064445012414742
MS,MS19270_CSF,GSM4104122_GCATACAAGTCAAGGC-1,CSF,-0.3926755268742972
MS,MS19270_CSF,GSM4104122_GCATACACAGACGTAG-1,CSF,-0.07157349201915446
MS,MS19270_CSF,GSM4104122_GCATACATCAACGAAA-1,CSF,-0.07157349201915446
MS,MS19270_CSF,GSM4104122_GCATGATGTCTCCACT-1,CSF,0.1892866122033437
MS,MS19270_CSF,GSM4104122_GCATGCGTCCCTGACT-1,CSF,-0.15437878499969163
MS,MS19270_CSF,GSM4104122_GCATGCGTCCTTTACA-1,CSF,-0.07157349201915446
MS,MS19270_CSF,GSM4104122_GCATGTAAGACTGTAA-1,CSF,-0.13636189158510048
MS,MS19270_CSF,GSM4104122_GCATGTACACGTCAGC-1,CSF,-0.18883851225754103
MS,MS19270_CSF,GSM4104122_GCATGTAGTGCCTGGT-1,CSF,-0.2560281145535213
MS,MS19270_CSF,GSM4104122_GCATGTATCTTAGAGC-1,CSF,-0.3874595990159066
MS,MS19270_CSF,GSM4104122_GCCAAATAGCACCGTC-1,CSF,-0.05871264781232279
MS,MS19270_CSF,GSM4104122_GCCAAATGTAGCTAAA-1,CSF,-0.07157349201915446
MS,MS19270_CSF,GSM4104122_GCCAAATTCGTTGACA-1,CSF,-0.07157349201915446
MS,MS19270_CSF,GSM4104122_GCCTCTATCAGCTCTC-1,CSF,-0.6457865335218946
MS,MS19270_CSF,GSM4104122_GCGACCACAGCGTTCG-1,CSF,-0.2495649533060039
MS,MS19270_CSF,GSM4104122_GCGAGAACATCCGCGA-1,CSF,-0.07157349201915446
MS,MS19270_CSF,GSM4104122_GCGAGAATCCCTGACT-1,CSF,-0.07157349201915446
MS,MS19270_CSF,GSM4104122_GCGCAACTCAGTGCAT-1,CSF,0.005977745336062569
MS,MS19270_CSF,GSM4104122_GCGCAGTCAAGCGCTC-1,CSF,-0.5942573108738479
MS,MS19270_CSF,GSM4104122_GCGCCAAAGTTCGCAT-1,CSF,-0.24905489430166447
MS,MS19270_CSF,GSM4104122_GCGCCAAGTCAGGACA-1,CSF,-0.5647092179942438
MS,MS19270_CSF,GSM4104122_GCGCGATAGCCTCGTG-1,CSF,0.07187669767492101
MS,MS19270_CSF,GSM4104122_GCGCGATAGGCAAAGA-1,CSF,-0.31413278626826824
MS,MS19270_CSF,GSM4104122_GCGCGATCACCCATTC-1,CSF,-0.40792924697132465
MS,MS19270_CSF,GSM4104122_GCGGGTTAGACTAAGT-1,CSF,-0.07157349201915446
MS,MS19270_CSF,GSM4104122_GCTCCTATCACAATGC-1,CSF,-0.07157349201915446
MS,MS19270_CSF,GSM4104122_GCTGCGAAGAACAACT-1,CSF,-0.07157349201915446
MS,MS19270_CSF,GSM4104122_GCTGCGAGTCTCCACT-1,CSF,0.11897280508633513
MS,MS19270_CSF,GSM4104122_GCTGCTTGTGTTTGTG-1,CSF,-0.07157349201915446
MS,MS19270_CSF,GSM4104122_GCTTCCAAGTGTTAGA-1,CSF,-0.15275543107905992
MS,MS19270_CSF,GSM4104122_GCTTCCACAAGGTGTG-1,CSF,-0.07157349201915446
MS,MS19270_CSF,GSM4104122_GCTTCCAGTCGAGTTT-1,CSF,0.1380824876567171
MS,MS19270_CSF,GSM4104122_GCTTCCATCATCATTC-1,CSF,-0.5043788070139017
MS,MS19270_CSF,GSM4104122_GCTTGAAGTGATGATA-1,CSF,0.6600095464639544
MS,MS19270_CSF,GSM4104122_GGAAAGCAGACGCAAC-1,CSF,0.06568366292768098
MS,MS19270_CSF,GSM4104122_GGAAAGCGTTTAGGAA-1,CSF,0.13250470260848304
MS,MS19270_CSF,GSM4104122_GGAACTTGTGATAAGT-1,CSF,-0.07157349201915446
MS,MS19270_CSF,GSM4104122_GGAATAACATCCGGGT-1,CSF,-0.767091543900138
MS,MS19270_CSF,GSM4104122_GGACAAGGTATGAAAC-1,CSF,-0.19352752997304773
MS,MS19270_CSF,GSM4104122_GGACAAGGTGACGGTA-1,CSF,0.058248375942007456
MS,MS19270_CSF,GSM4104122_GGACAGAAGCTCTCGG-1,CSF,0.17834293914485547
MS,MS19270_CSF,GSM4104122_GGACATTCAAAGAATC-1,CSF,-0.2951906852175414
MS,MS19270_CSF,GSM4104122_GGACATTGTCAGCTAT-1,CSF,-0.49639316055691696
MS,MS19270_CSF,GSM4104122_GGACGTCCACGCGAAA-1,CSF,-0.07157349201915446
MS,MS19270_CSF,GSM4104122_GGACGTCGTCTCCATC-1,CSF,-0.17963599028193294
MS,MS19270_CSF,GSM4104122_GGAGCAAAGCACCGTC-1,CSF,-0.07157349201915446
MS,MS19270_CSF,GSM4104122_GGAGCAATCCTTGCCA-1,CSF,-0.07157349201915446
MS,MS19270_CSF,GSM4104122_GGATGTTAGTACGTTC-1,CSF,0.16813173448469762
MS,MS19270_CSF,GSM4104122_GGATTACCATTCTCAT-1,CSF,-0.20625835821102165
MS,MS19270_CSF,GSM4104122_GGATTACGTAGCGTCC-1,CSF,-0.35429030363869973
MS,MS19270_CSF,GSM4104122_GGATTACTCCGTACAA-1,CSF,-0.1666208535329012
MS,MS19270_CSF,GSM4104122_GGATTACTCTACGAGT-1,CSF,-0.07157349201915446
MS,MS19270_CSF,GSM4104122_GGATTACTCTAGCACA-1,CSF,-0.2027353617174943
MS,MS19270_CSF,GSM4104122_GGCAATTTCTGCGACG-1,CSF,-0.07157349201915446
MS,MS19270_CSF,GSM4104122_GGCCGATAGACTTTCG-1,CSF,-0.40546210305926034
MS,MS19270_CSF,GSM4104122_GGCCGATCAGATCCAT-1,CSF,0.1415408971814261
MS,MS19270_CSF,GSM4104122_GGCCGATGTATAAACG-1,CSF,-0.2923732119525536
MS,MS19270_CSF,GSM4104122_GGCGACTAGTATTGGA-1,CSF,-0.07157349201915446
MS,MS19270_CSF,GSM4104122_GGCGACTCAATCTGCA-1,CSF,-0.2275039478181542
MS,MS19270_CSF,GSM4104122_GGCTGGTAGCCCAGCT-1,CSF,-0.07157349201915446
MS,MS19270_CSF,GSM4104122_GGCTGGTTCACTATTC-1,CSF,-0.2652756359849744
MS,MS19270_CSF,GSM4104122_GGGAATGAGCGATGAC-1,CSF,0.6356430486327046
MS,MS19270_CSF,GSM4104122_GGGAATGAGGAGTAGA-1,CSF,0.29418467025352557
MS,MS19270_CSF,GSM4104122_GGGAATGGTGTCAATC-1,CSF,-0.536590558404684
MS,MS19270_CSF,GSM4104122_GGGAATGTCAACGCTA-1,CSF,-0.2609858927606756
MS,MS19270_CSF,GSM4104122_GGGACCTAGAGACGAA-1,CSF,0.4851892759006396
MS,MS19270_CSF,GSM4104122_GGGATGAAGCAGATCG-1,CSF,-0.4368653927302999
MS,MS19270_CSF,GSM4104122_GGGATGAAGTACGCGA-1,CSF,0.1560111329688118
MS,MS19270_CSF,GSM4104122_GGGATGACAATAGCAA-1,CSF,0.10880928185555717
MS,MS19270_CSF,GSM4104122_GGGATGACAGACGCAA-1,CSF,-0.24824161083985738
MS,MS19270_CSF,GSM4104122_GGGATGACATGCATGT-1,CSF,-0.07157349201915446
MS,MS19270_CSF,GSM4104122_GGGATGAGTGCGATAG-1,CSF,-0.508092368672875
MS,MS19270_CSF,GSM4104122_GGGATGATCTTCGAGA-1,CSF,-0.16178265038403694
MS,MS19270_CSF,GSM4104122_GGGCACTCAAGCCGTC-1,CSF,0.24159271981267544
MS,MS19270_CSF,GSM4104122_GGGCACTGTACGCTGC-1,CSF,0.018090059178079616
MS,MS19270_CSF,GSM4104122_GGGCACTGTTTAAGCC-1,CSF,0.36459916526459313
MS,MS19270_CSF,GSM4104122_GGGTCTGAGTGAACGC-1,CSF,-0.1696436276448901
MS,MS19270_CSF,GSM4104122_GGGTCTGCAATTCCTT-1,CSF,-0.07157349201915446
MS,MS19270_CSF,GSM4104122_GGGTCTGTCTCTAGGA-1,CSF,0.072709487627608
MS,MS19270_CSF,GSM4104122_GGGTTGCAGATCTGCT-1,CSF,-0.3542557584064685
MS,MS19270_CSF,GSM4104122_GGTATTGCACTTAAGC-1,CSF,-0.1410739268287526
MS,MS19270_CSF,GSM4104122_GGTATTGGTAATTGGA-1,CSF,0.11845262206363272
MS,MS19270_CSF,GSM4104122_GGTATTGTCGCAAGCC-1,CSF,-0.14038059562123267
MS,MS19270_CSF,GSM4104122_GGTGAAGCACGTAAGG-1,CSF,-0.2017478149751308
MS,MS19270_CSF,GSM4104122_GGTGAAGTCGTCCAGG-1,CSF,-0.5408710276510933
MS,MS19270_CSF,GSM4104122_GGTGCGTGTTACCGAT-1,CSF,-0.2886296152291524
MS,MS19270_CSF,GSM4104122_GTAACGTAGAGGGCTT-1,CSF,0.12875142467733033
MS,MS19270_CSF,GSM4104122_GTAACGTAGCCAGAAC-1,CSF,-0.235620687309202
MS,MS19270_CSF,GSM4104122_GTAACTGCATGAACCT-1,CSF,-0.218765001785466
MS,MS19270_CSF,GSM4104122_GTAACTGTCGCTTAGA-1,CSF,-0.254196617488159
MS,MS19270_CSF,GSM4104122_GTACGTATCGTTGCCT-1,CSF,-0.30374766092057587
MS,MS19270_CSF,GSM4104122_GTACTCCAGATGTTAG-1,CSF,-0.07157349201915446
MS,MS19270_CSF,GSM4104122_GTACTCCAGTAGCGGT-1,CSF,-0.05813909047804845
MS,MS19270_CSF,GSM4104122_GTACTCCGTGATGCCC-1,CSF,-0.07157349201915446
MS,MS19270_CSF,GSM4104122_GTACTCCTCATGCAAC-1,CSF,-0.07157349201915446
MS,MS19270_CSF,GSM4104122_GTAGGCCGTGAAGGCT-1,CSF,0.027890625299179787
MS,MS19270_CSF,GSM4104122_GTAGGCCTCATTCACT-1,CSF,-0.07157349201915446
MS,MS19270_CSF,GSM4104122_GTAGGCCTCGCTTAGA-1,CSF,-0.2289299752382416
MS,MS19270_CSF,GSM4104122_GTAGTCACAAAGTCAA-1,CSF,-0.8069257763325359
MS,MS19270_CSF,GSM4104122_GTAGTCAGTAACGTTC-1,CSF,-0.26655738317023514
MS,MS19270_CSF,GSM4104122_GTAGTCAGTCTAGCCG-1,CSF,-0.07236179256254231
MS,MS19270_CSF,GSM4104122_GTATCTTCATGTCCTC-1,CSF,-0.24051527794541366
MS,MS19270_CSF,GSM4104122_GTATCTTGTCTTCAAG-1,CSF,-0.37222284008737155
MS,MS19270_CSF,GSM4104122_GTATCTTTCCGTTGTC-1,CSF,-0.44334723050363184
MS,MS19270_CSF,GSM4104122_GTATTCTCAAGCCGTC-1,CSF,-0.07157349201915446
MS,MS19270_CSF,GSM4104122_GTATTCTTCGGATGTT-1,CSF,0.2308878746312041
MS,MS19270_CSF,GSM4104122_GTCACGGCAAGTACCT-1,CSF,0.19379982371420873
MS,MS19270_CSF,GSM4104122_GTCATTTAGGGTCTCC-1,CSF,-0.07157349201915446
MS,MS19270_CSF,GSM4104122_GTCATTTAGTGGACGT-1,CSF,-0.01575743865598927
MS,MS19270_CSF,GSM4104122_GTCATTTCACGAGAGT-1,CSF,0.05665084295897059
MS,MS19270_CSF,GSM4104122_GTCATTTTCCTCCTAG-1,CSF,-0.21879799462132996
MS,MS19270_CSF,GSM4104122_GTCCTCACAAGCTGGA-1,CSF,-0.4104358844436125
MS,MS19270_CSF,GSM4104122_GTCCTCATCCCTCTTT-1,CSF,-0.18764635372354777
MS,MS19270_CSF,GSM4104122_GTCGGGTGTCGAGTTT-1,CSF,-0.07157349201915446
MS,MS19270_CSF,GSM4104122_GTCGTAACACGACGAA-1,CSF,-0.07157349201915446
MS,MS19270_CSF,GSM4104122_GTCGTAACATAGTAAG-1,CSF,-0.07157349201915446
MS,MS19270_CSF,GSM4104122_GTCTCGTTCAGATAAG-1,CSF,-0.4175153025931539
MS,MS19270_CSF,GSM4104122_GTGAAGGGTGCGAAAC-1,CSF,-0.39936011127003074
MS,MS19270_CSF,GSM4104122_GTGAAGGGTTACCGAT-1,CSF,-0.8014209666204533
MS,MS19270_CSF,GSM4104122_GTGCATAGTGAGCGAT-1,CSF,-0.07157349201915446
MS,MS19270_CSF,GSM4104122_GTGCATAGTGCGATAG-1,CSF,0.16875953112581216
MS,MS19270_CSF,GSM4104122_GTGCATAGTTTCGCTC-1,CSF,-0.12810582803904602
MS,MS19270_CSF,GSM4104122_GTGCGGTAGAAACCAT-1,CSF,-0.07157349201915446
MS,MS19270_CSF,GSM4104122_GTGCGGTCACCGGAAA-1,CSF,-0.6915715134322399
MS,MS19270_CSF,GSM4104122_GTGCGGTCAGGACCCT-1,CSF,0.20346454405521439
MS,MS19270_CSF,GSM4104122_GTGGGTCTCAAACCAC-1,CSF,-0.409247799278031
MS,MS19270_CSF,GSM4104122_GTGTGCGAGCGAAGGG-1,CSF,-0.18759025507214636
MS,MS19270_CSF,GSM4104122_GTGTGCGCATGCCTTC-1,CSF,-0.36816101200871815
MS,MS19270_CSF,GSM4104122_GTGTGCGGTGTCGCTG-1,CSF,0.3267384850354852
MS,MS19270_CSF,GSM4104122_GTGTTAGTCTGCAAGT-1,CSF,-0.07157349201915446
MS,MS19270_CSF,GSM4104122_GTTAAGCAGCCACGTC-1,CSF,-0.34314643488340785
MS,MS19270_CSF,GSM4104122_GTTACAGCACCGGAAA-1,CSF,-0.6174191849670636
MS,MS19270_CSF,GSM4104122_GTTACAGGTCGGATCC-1,CSF,-0.40564563088103445
MS,MS19270_CSF,GSM4104122_GTTCATTAGCTCTCGG-1,CSF,0.12848883456490487
MS,MS19270_CSF,GSM4104122_GTTCATTAGTATTGGA-1,CSF,0.47917959923802156
MS,MS19270_CSF,GSM4104122_GTTCGGGAGAAGGACA-1,CSF,-0.3482522661200019
MS,MS19270_CSF,GSM4104122_GTTCGGGTCTGCGTAA-1,CSF,0.4543858868075162
MS,MS19270_CSF,GSM4104122_GTTCTCGAGACGCAAC-1,CSF,-0.020679230616694872
MS,MS19270_CSF,GSM4104122_GTTTCTAAGCTGCAAG-1,CSF,-0.07157349201915446
MS,MS19270_CSF,GSM4104122_GTTTCTAGTTCTCATT-1,CSF,-0.07157349201915446
MS,MS19270_CSF,GSM4104122_TAAACCGGTGCAGGTA-1,CSF,-0.4570782326401431
MS,MS19270_CSF,GSM4104122_TAAGAGAGTTCGTCTC-1,CSF,-0.07157349201915446
MS,MS19270_CSF,GSM4104122_TAAGAGATCACGATGT-1,CSF,0.16815409739278486
MS,MS19270_CSF,GSM4104122_TAAGCGTAGAAACGCC-1,CSF,-0.5233131306771455
MS,MS19270_CSF,GSM4104122_TAAGCGTGTGGGTCAA-1,CSF,0.19474818729252805
MS,MS19270_CSF,GSM4104122_TAAGCGTGTTTCGCTC-1,CSF,0.18083426272657466
MS,MS19270_CSF,GSM4104122_TAAGTGCCAGCTCCGA-1,CSF,0.3897091850532001
MS,MS19270_CSF,GSM4104122_TAAGTGCGTTGTGGAG-1,CSF,0.28436862150238074
MS,MS19270_CSF,GSM4104122_TAAGTGCTCGTCACGG-1,CSF,0.033233830496007935
MS,MS19270_CSF,GSM4104122_TACAGTGCAAAGAATC-1,CSF,-0.482116584837903
MS,MS19270_CSF,GSM4104122_TACCTATGTTTGTTGG-1,CSF,-0.022527306049642697
MS,MS19270_CSF,GSM4104122_TACCTTACAATCAGAA-1,CSF,-0.29252908479975887
MS,MS19270_CSF,GSM4104122_TACCTTAGTTGTGGAG-1,CSF,-0.25103649200228434
MS,MS19270_CSF,GSM4104122_TACGGGCCAGCGATCC-1,CSF,-0.07157349201915446
MS,MS19270_CSF,GSM4104122_TACGGGCTCCTTTCGG-1,CSF,-0.07157349201915446
MS,MS19270_CSF,GSM4104122_TACGGTAGTGAAGGCT-1,CSF,-0.07157349201915446
MS,MS19270_CSF,GSM4104122_TACTCATCATCGTCGG-1,CSF,0.1073460943387662
MS,MS19270_CSF,GSM4104122_TACTCATGTAGGCTGA-1,CSF,0.19304554470139104
MS,MS19270_CSF,GSM4104122_TACTCATTCTGCAGTA-1,CSF,0.20268125642573892
MS,MS19270_CSF,GSM4104122_TACTCGCGTACAGCAG-1,CSF,0.17290439631656337
MS,MS19270_CSF,GSM4104122_TAGACCAAGCGGCTTC-1,CSF,0.5173984262948396
MS,MS19270_CSF,GSM4104122_TAGACCACACCGGAAA-1,CSF,1.0926200446301644
MS,MS19270_CSF,GSM4104122_TAGAGCTCAGTGAGTG-1,CSF,-0.41364235393220017
MS,MS19270_CSF,GSM4104122_TAGCCGGTCCGCGCAA-1,CSF,-0.20130917185980027
MS,MS19270_CSF,GSM4104122_TAGGCATCAGCCTTTC-1,CSF,0.1826276238128881
MS,MS19270_CSF,GSM4104122_TAGGCATGTGCAACGA-1,CSF,-0.07157349201915446
MS,MS19270_CSF,GSM4104122_TAGGCATTCTAACGGT-1,CSF,0.15643441287115128
MS,MS19270_CSF,GSM4104122_TAGTGGTAGCTACCGC-1,CSF,-0.20117920043359058
MS,MS19270_CSF,GSM4104122_TAGTGGTGTCTAGGTT-1,CSF,-0.07157349201915446
MS,MS19270_CSF,GSM4104122_TATCTCACAAGCGTAG-1,CSF,-0.18372752349861435
MS,MS19270_CSF,GSM4104122_TATGCCCAGAGCAATT-1,CSF,-0.8842502840773072
MS,MS19270_CSF,GSM4104122_TATGCCCGTCTTCAAG-1,CSF,-0.3555028651912234
MS,MS19270_CSF,GSM4104122_TATTACCCAAATACAG-1,CSF,-0.07157349201915446
MS,MS19270_CSF,GSM4104122_TCAACGACAAAGAATC-1,CSF,-0.07157349201915446
MS,MS19270_CSF,GSM4104122_TCAATCTGTCACTTCC-1,CSF,-0.07157349201915446
MS,MS19270_CSF,GSM4104122_TCAATCTTCAGTGCAT-1,CSF,-0.16537577798318695
MS,MS19270_CSF,GSM4104122_TCAATCTTCGTTTGCC-1,CSF,-0.19593112882919822
MS,MS19270_CSF,GSM4104122_TCACAAGAGACACGAC-1,CSF,-0.07157349201915446
MS,MS19270_CSF,GSM4104122_TCACAAGTCGTCCAGG-1,CSF,0.14994811240498615
MS,MS19270_CSF,GSM4104122_TCACGAACAAGAGTCG-1,CSF,0.12062805135961789
MS,MS19270_CSF,GSM4104122_TCAGATGCACAAGACG-1,CSF,-0.07157349201915446
MS,MS19270_CSF,GSM4104122_TCAGCAAAGGCATGTG-1,CSF,-0.19051248463611675
MS,MS19270_CSF,GSM4104122_TCAGCTCAGCTAGGCA-1,CSF,-0.250487668674213
MS,MS19270_CSF,GSM4104122_TCAGCTCGTAGGAGTC-1,CSF,-0.07157349201915446
MS,MS19270_CSF,GSM4104122_TCAGCTCTCCGTCAAA-1,CSF,0.28344117208340686
MS,MS19270_CSF,GSM4104122_TCAGGTAAGATGTCGG-1,CSF,-0.07157349201915446
MS,MS19270_CSF,GSM4104122_TCAGGTAGTGAGGGAG-1,CSF,-0.07157349201915446
MS,MS19270_CSF,GSM4104122_TCAGGTAGTGTGACCC-1,CSF,-0.43357443913495686
MS,MS19270_CSF,GSM4104122_TCATTTGCAAGGGTCA-1,CSF,0.2061757809010574
MS,MS19270_CSF,GSM4104122_TCCACACAGCAATCTC-1,CSF,-0.07157349201915446
MS,MS19270_CSF,GSM4104122_TCCACACCAATCTGCA-1,CSF,0.44692696874655985
MS,MS19270_CSF,GSM4104122_TCCACACCATGTAAGA-1,CSF,0.13471673120661037
MS,MS19270_CSF,GSM4104122_TCCACACGTTGACGTT-1,CSF,-0.14758121190652657
MS,MS19270_CSF,GSM4104122_TCCCGATGTTCAGTAC-1,CSF,0.1850564843361766
MS,MS19270_CSF,GSM4104122_TCGAGGCCAGTACACT-1,CSF,-0.5151101396987148
MS,MS19270_CSF,GSM4104122_TCGCGAGAGCAGCGTA-1,CSF,-0.26737114767604686
MS,MS19270_CSF,GSM4104122_TCGCGAGGTGGCAAAC-1,CSF,0.2259287922022532
MS,MS19270_CSF,GSM4104122_TCGCGAGTCTGCGTAA-1,CSF,0.48771126495889033
MS,MS19270_CSF,GSM4104122_TCGCGTTAGAGGTACC-1,CSF,-0.07157349201915446
MS,MS19270_CSF,GSM4104122_TCGGGACAGATCCCGC-1,CSF,-0.07157349201915446
MS,MS19270_CSF,GSM4104122_TCGGTAAAGGGTGTTG-1,CSF,0.2065475249094503
MS,MS19270_CSF,GSM4104122_TCGGTAATCCGCTGTT-1,CSF,-0.07157349201915446
MS,MS19270_CSF,GSM4104122_TCGTAGAAGTGAACAT-1,CSF,-0.07157349201915446
MS,MS19270_CSF,GSM4104122_TCTCTAACAATAGCGG-1,CSF,-0.19977759965232347
MS,MS19270_CSF,GSM4104122_TCTGAGACACTTCTGC-1,CSF,-0.6423480640881394
MS,MS19270_CSF,GSM4104122_TCTGAGACAGCCTATA-1,CSF,-0.07157349201915446
MS,MS19270_CSF,GSM4104122_TCTGGAAAGCGAGAAA-1,CSF,-0.2017690820836979
MS,MS19270_CSF,GSM4104122_TCTGGAAAGTGCCATT-1,CSF,-0.07157349201915446
MS,MS19270_CSF,GSM4104122_TCTGGAATCTCATTCA-1,CSF,-0.5093566585948129
MS,MS19270_CSF,GSM4104122_TCTTCGGAGACAAAGG-1,CSF,-0.2960735316115265
MS,MS19270_CSF,GSM4104122_TCTTCGGGTATATCCG-1,CSF,0.06760475004055498
MS,MS19270_CSF,GSM4104122_TCTTCGGTCTGGGCCA-1,CSF,0.0690081905471156
MS,MS19270_CSF,GSM4104122_TCTTTCCGTAAGTGGC-1,CSF,-0.07157349201915446
MS,MS19270_CSF,GSM4104122_TGAAAGACAAAGGAAG-1,CSF,-0.07157349201915446
MS,MS19270_CSF,GSM4104122_TGAAAGACACATCCAA-1,CSF,0.22613206555431237
MS,MS19270_CSF,GSM4104122_TGAAAGACAGCCTATA-1,CSF,-0.11793915652222686
MS,MS19270_CSF,GSM4104122_TGACAACGTCGAACAG-1,CSF,-0.07157349201915446
MS,MS19270_CSF,GSM4104122_TGACAACTCGCAGGCT-1,CSF,-0.4871065632420907
MS,MS19270_CSF,GSM4104122_TGACTAGAGAGGGATA-1,CSF,0.17859577077381342
MS,MS19270_CSF,GSM4104122_TGACTAGAGGGTCTCC-1,CSF,-0.2559438710829867
MS,MS19270_CSF,GSM4104122_TGACTAGGTTCACGGC-1,CSF,-0.07157349201915446
MS,MS19270_CSF,GSM4104122_TGACTTTTCAGCTCTC-1,CSF,-0.1998248054043978
MS,MS19270_CSF,GSM4104122_TGAGAGGAGACGCTTT-1,CSF,-0.07157349201915446
MS,MS19270_CSF,GSM4104122_TGAGCATAGAGTGACC-1,CSF,-0.18350335890982514
MS,MS19270_CSF,GSM4104122_TGAGCATAGGTGGGTT-1,CSF,-0.07157349201915446
MS,MS19270_CSF,GSM4104122_TGAGCATCAGGCGATA-1,CSF,0.17189090089359407
MS,MS19270_CSF,GSM4104122_TGAGCATCATGTCCTC-1,CSF,-0.8870051569791267
MS,MS19270_CSF,GSM4104122_TGAGCATGTGTGGCTC-1,CSF,0.22420384149118475
MS,MS19270_CSF,GSM4104122_TGAGCATTCACTTATC-1,CSF,-0.4002032895082602
MS,MS19270_CSF,GSM4104122_TGAGCCGCAATCAGAA-1,CSF,-0.26527608754262916
MS,MS19270_CSF,GSM4104122_TGAGGGAAGGGCACTA-1,CSF,0.2595293670034336
MS,MS19270_CSF,GSM4104122_TGAGGGAAGTACACCT-1,CSF,-0.3024495928825804
MS,MS19270_CSF,GSM4104122_TGAGGGAAGTTCGATC-1,CSF,-0.28111487356276854
MS,MS19270_CSF,GSM4104122_TGAGGGACAACGATCT-1,CSF,-0.2455149748019714
MS,MS19270_CSF,GSM4104122_TGAGGGACAAGCGCTC-1,CSF,-0.07157349201915446
MS,MS19270_CSF,GSM4104122_TGATTTCAGAACTCGG-1,CSF,-0.45238530001334515
MS,MS19270_CSF,GSM4104122_TGATTTCGTACCAGTT-1,CSF,0.16465312133040141
MS,MS19270_CSF,GSM4104122_TGATTTCGTCTGCCAG-1,CSF,-0.12653639429648683
MS,MS19270_CSF,GSM4104122_TGCCAAAAGAATAGGG-1,CSF,-0.02181904755330654
MS,MS19270_CSF,GSM4104122_TGCCAAAGTTCAGTAC-1,CSF,-0.9977424403139219
MS,MS19270_CSF,GSM4104122_TGCCCATCAAGAGGCT-1,CSF,-0.07157349201915446
MS,MS19270_CSF,GSM4104122_TGCCCTAAGGAGTACC-1,CSF,0.351075640879425
MS,MS19270_CSF,GSM4104122_TGCCCTATCACCACCT-1,CSF,-0.07157349201915446
MS,MS19270_CSF,GSM4104122_TGCGCAGCAAGAAGAG-1,CSF,0.2748620195531547
MS,MS19270_CSF,GSM4104122_TGCGCAGCACAGCCCA-1,CSF,-0.1918556554048449
MS,MS19270_CSF,GSM4104122_TGCGCAGCATCCGTGG-1,CSF,-1.3214833804781418
MS,MS19270_CSF,GSM4104122_TGCGCAGTCTGCTTGC-1,CSF,0.3044490818333923
MS,MS19270_CSF,GSM4104122_TGCGTGGAGGGCTTGA-1,CSF,-0.28632765554833434
MS,MS19270_CSF,GSM4104122_TGCTGCTAGAGGGATA-1,CSF,0.07781520173420922
MS,MS19270_CSF,GSM4104122_TGGACGCTCCGAACGC-1,CSF,-0.47072709154427683
MS,MS19270_CSF,GSM4104122_TGGCCAGCACGCGAAA-1,CSF,-0.0027666483387478063
MS,MS19270_CSF,GSM4104122_TGGCGCAAGCAGCGTA-1,CSF,0.021701802754708007
MS,MS19270_CSF,GSM4104122_TGGCGCAGTATCAGTC-1,CSF,0.014186369216551007
MS,MS19270_CSF,GSM4104122_TGGCGCAGTGAGTGAC-1,CSF,0.5334474616694237
MS,MS19270_CSF,GSM4104122_TGGCGCAGTGATAAAC-1,CSF,-0.1933182006174216
MS,MS19270_CSF,GSM4104122_TGGCGCAGTGCGATAG-1,CSF,-0.20784700290548436
MS,MS19270_CSF,GSM4104122_TGGCGCATCACTATTC-1,CSF,-0.3365098997493095
MS,MS19270_CSF,GSM4104122_TGGCTGGCAGCTGTGC-1,CSF,-0.3466422435816409
MS,MS19270_CSF,GSM4104122_TGGCTGGGTACCAGTT-1,CSF,-0.2618913658610465
MS,MS19270_CSF,GSM4104122_TGGGAAGGTCAGAATA-1,CSF,-0.3815080912645154
MS,MS19270_CSF,GSM4104122_TGTATTCCAAGGTTCT-1,CSF,-0.07157349201915446
MS,MS19270_CSF,GSM4104122_TGTCCCAAGAGCTATA-1,CSF,-0.3201508923221055
MS,MS19270_CSF,GSM4104122_TGTCCCACACTGCCAG-1,CSF,-0.18478439835698407
MS,MS19270_CSF,GSM4104122_TGTCCCAGTGTGGTTT-1,CSF,-0.48884778974054016
MS,MS19270_CSF,GSM4104122_TGTCCCATCCCTTGCA-1,CSF,-0.07157349201915446
MS,MS19270_CSF,GSM4104122_TGTGGTAGTATCACCA-1,CSF,-0.3945215548577705
MS,MS19270_CSF,GSM4104122_TGTGGTAGTCACCCAG-1,CSF,-0.221257722451667
MS,MS19270_CSF,GSM4104122_TGTGTTTGTAGGACAC-1,CSF,0.2341832258599347
MS,MS19270_CSF,GSM4104122_TGTTCCGAGTGGTAAT-1,CSF,0.038470681902238645
MS,MS19270_CSF,GSM4104122_TGTTCCGGTCCGAATT-1,CSF,-0.19073732117267753
MS,MS19270_CSF,GSM4104122_TTAACTCAGGTGGGTT-1,CSF,-0.010682630852661199
MS,MS19270_CSF,GSM4104122_TTAGGACAGATGCCTT-1,CSF,-0.07157349201915446
MS,MS19270_CSF,GSM4104122_TTAGGACTCGAACTGT-1,CSF,0.48114926218105275
MS,MS19270_CSF,GSM4104122_TTAGGACTCTAACGGT-1,CSF,0.20350797669240445
MS,MS19270_CSF,GSM4104122_TTAGGCACATGGTTGT-1,CSF,-0.6044794476422329
MS,MS19270_CSF,GSM4104122_TTAGTTCAGACCTTTG-1,CSF,-0.07157349201915446
MS,MS19270_CSF,GSM4104122_TTAGTTCCACGGCCAT-1,CSF,0.13681328942190396
MS,MS19270_CSF,GSM4104122_TTAGTTCCACGGCTAC-1,CSF,0.16280105883591256
MS,MS19270_CSF,GSM4104122_TTAGTTCCAGCGTAAG-1,CSF,0.361132446974663
MS,MS19270_CSF,GSM4104122_TTAGTTCGTTATTCTC-1,CSF,-0.38894167840525434
MS,MS19270_CSF,GSM4104122_TTATGCTCAAGTAGTA-1,CSF,-0.40665416035795676
MS,MS19270_CSF,GSM4104122_TTATGCTCAGGACCCT-1,CSF,-0.260207175439602
MS,MS19270_CSF,GSM4104122_TTATGCTTCGCAAGCC-1,CSF,-0.22321934417523284
MS,MS19270_CSF,GSM4104122_TTCCCAGTCCAGAGGA-1,CSF,0.024089649755722812
MS,MS19270_CSF,GSM4104122_TTCGAAGCAGTGGAGT-1,CSF,-0.35185242078722123
MS,MS19270_CSF,GSM4104122_TTCGAAGGTTCGCTAA-1,CSF,-0.25945328863824174
MS,MS19270_CSF,GSM4104122_TTCGGTCAGCAGGCTA-1,CSF,0.04459883956772402
MS,MS19270_CSF,GSM4104122_TTCGGTCCATATGGTC-1,CSF,0.29305361501225835
MS,MS19270_CSF,GSM4104122_TTCGGTCGTAGAAAGG-1,CSF,-0.07157349201915446
MS,MS19270_CSF,GSM4104122_TTCGGTCTCATACGGT-1,CSF,-0.3991846119705529
MS,MS19270_CSF,GSM4104122_TTCTACACATGTTCCC-1,CSF,-0.25641074444158757
MS,MS19270_CSF,GSM4104122_TTCTACAGTTCTGTTT-1,CSF,-0.43524988855375224
MS,MS19270_CSF,GSM4104122_TTCTACATCTGAGGGA-1,CSF,-0.07157349201915446
MS,MS19270_CSF,GSM4104122_TTCTCAAAGGCATGTG-1,CSF,-0.8891870187636081
MS,MS19270_CSF,GSM4104122_TTCTCAACATGCAATC-1,CSF,0.18115622211183996
MS,MS19270_CSF,GSM4104122_TTCTCAATCGTAGGAG-1,CSF,-0.38927186957821575
MS,MS19270_CSF,GSM4104122_TTCTCCTAGGATGCGT-1,CSF,-0.07157349201915446
MS,MS19270_CSF,GSM4104122_TTCTCCTCATCCGCGA-1,CSF,-0.07157349201915446
MS,MS19270_CSF,GSM4104122_TTCTCCTTCACAAACC-1,CSF,0.38451511260233034
MS,MS19270_CSF,GSM4104122_TTCTCCTTCGAATGGG-1,CSF,-0.2108761105980726
MS,MS19270_CSF,GSM4104122_TTCTTAGAGCGATATA-1,CSF,-0.07157349201915446
MS,MS19270_CSF,GSM4104122_TTCTTAGCACAAGTAA-1,CSF,-0.45879932856498157
MS,MS19270_CSF,GSM4104122_TTCTTAGGTCTGCAAT-1,CSF,0.29372290474120044
MS,MS19270_CSF,GSM4104122_TTGAACGCACACAGAG-1,CSF,0.09220170082660506
MS,MS19270_CSF,GSM4104122_TTGACTTAGTAGATGT-1,CSF,-0.07157349201915446
MS,MS19270_CSF,GSM4104122_TTGACTTTCGGAGGTA-1,CSF,-0.41398224519214494
MS,MS19270_CSF,GSM4104122_TTGCCGTAGCTAAACA-1,CSF,0.13081896501982912
MS,MS19270_CSF,GSM4104122_TTGCCGTCAAGTCTGT-1,CSF,0.4463724205602263
MS,MS19270_CSF,GSM4104122_TTGCCGTCATGAAGTA-1,CSF,-0.5422801946496483
MS,MS19270_CSF,GSM4104122_TTGCCGTGTCTTCGTC-1,CSF,-0.5816668481895649
MS,MS19270_CSF,GSM4104122_TTGCCGTTCTACTATC-1,CSF,-0.34248368859513023
MS,MS19270_CSF,GSM4104122_TTGCCGTTCTGCCCTA-1,CSF,-0.07157349201915446
MS,MS19270_CSF,GSM4104122_TTGGAACAGGTAGCTG-1,CSF,-0.7555153751362782
MS,MS19270_CSF,GSM4104122_TTGGAACCAAGCGCTC-1,CSF,-0.37809625512416417
MS,MS19270_CSF,GSM4104122_TTGGAACCAATGACCT-1,CSF,-0.07157349201915446
MS,MS19270_CSF,GSM4104122_TTGGAACCACTGCCAG-1,CSF,-0.43681089377919324
MS,MS19270_CSF,GSM4104122_TTGGAACGTCTCATCC-1,CSF,0.15521615789495707
MS,MS19270_CSF,GSM4104122_TTGGAACTCATTTGGG-1,CSF,-0.17247840181293855
MS,MS19270_CSF,GSM4104122_TTGGCAACAGTTCCCT-1,CSF,-0.07157349201915446
MS,MS19270_CSF,GSM4104122_TTGGCAATCTGCTGCT-1,CSF,-0.07157349201915446
MS,MS19270_CSF,GSM4104122_TTGTAGGTCGCTAGCG-1,CSF,-0.07157349201915446
MS,MS19270_CSF,GSM4104122_TTGTAGGTCGGATGTT-1,CSF,-0.5049716245271282
MS,MS19270_CSF,GSM4104122_TTTATGCTCTGGCGAC-1,CSF,0.12430314208866813
MS,MS19270_CSF,GSM4104122_TTTCCTCAGGTGCAAC-1,CSF,-0.25460234806658727
MS,MS19270_CSF,GSM4104122_TTTCCTCCACAAGCCC-1,CSF,-0.2865990753114128
MS,MS19270_CSF,GSM4104122_TTTCCTCTCCGAACGC-1,CSF,0.14002380892951619
MS,MS19270_CSF,GSM4104122_TTTGGTTCACGGCCAT-1,CSF,0.16764786840524917
MS,MS19270_CSF,GSM4104122_TTTGGTTGTAAGGGCT-1,CSF,-0.07157349201915446
MS,MS19270_CSF,GSM4104122_TTTGGTTGTTTGTTTC-1,CSF,0.1928452559239762
MS,MS19270_CSF,GSM4104122_TTTGTCATCAACACAC-1,CSF,0.13083060507059072
MS,MS19270_CSF,GSM4104122_TTTGTCATCCCAAGTA-1,CSF,0.32957174161342523
MS,MS49131_CSF,GSM4104125_AAACCTGCAACAACCT-1,CSF,-0.07157349201915446
MS,MS49131_CSF,GSM4104125_AAAGCAATCGCCTGTT-1,CSF,-0.07157349201915446
MS,MS49131_CSF,GSM4104125_AAAGTAGAGTTAGCGG-1,CSF,-0.21762152449696717
MS,MS49131_CSF,GSM4104125_AAAGTAGCAATACGCT-1,CSF,-0.07157349201915446
MS,MS49131_CSF,GSM4104125_AACACGTGTGTCTGAT-1,CSF,0.21524269799721835
MS,MS49131_CSF,GSM4104125_AACTCAGAGATGCGAC-1,CSF,0.3276821089994352
MS,MS49131_CSF,GSM4104125_AACTGGTCAGTTCATG-1,CSF,0.29739766374339416
MS,MS49131_CSF,GSM4104125_AACTTTCTCGGAATCT-1,CSF,-0.5212721120859387
MS,MS49131_CSF,GSM4104125_AAGGAGCAGATCCTGT-1,CSF,-0.882361086995365
MS,MS49131_CSF,GSM4104125_AAGGTTCCAATTCCTT-1,CSF,-0.030348490696554795
MS,MS49131_CSF,GSM4104125_AATCCAGCACGACGAA-1,CSF,-0.5459462867740518
MS,MS49131_CSF,GSM4104125_AATCGGTTCAGAGCTT-1,CSF,-0.1893775090001816
MS,MS49131_CSF,GSM4104125_ACACCCTTCCTGCTTG-1,CSF,-1.1756060874094412
MS,MS49131_CSF,GSM4104125_ACACTGATCTCGAGTA-1,CSF,0.15263688888570184
MS,MS49131_CSF,GSM4104125_ACAGCTAGTTTGGGCC-1,CSF,-0.7837133933434327
MS,MS49131_CSF,GSM4104125_ACCGTAACAGCAGTTT-1,CSF,-0.07157349201915446
MS,MS49131_CSF,GSM4104125_ACGAGGAGTCATGCCG-1,CSF,-0.07157349201915446
MS,MS49131_CSF,GSM4104125_ACGATACGTCCAAGTT-1,CSF,-0.22076100311233007
MS,MS49131_CSF,GSM4104125_ACGCAGCCAAGGACTG-1,CSF,-0.1536199134302096
MS,MS49131_CSF,GSM4104125_ACGCCAGAGTGCTGCC-1,CSF,-0.5061023317220786
MS,MS49131_CSF,GSM4104125_ACGCCAGGTGCACGAA-1,CSF,-0.1962945869633342
MS,MS49131_CSF,GSM4104125_ACGCCAGTCCGCATCT-1,CSF,-0.07912239477608608
MS,MS49131_CSF,GSM4104125_ACGCCGAAGCTATGCT-1,CSF,-0.1987492510000765
MS,MS49131_CSF,GSM4104125_ACGGCCAGTAGCCTCG-1,CSF,0.3291304764992799
MS,MS49131_CSF,GSM4104125_ACGGGCTGTCCAACTA-1,CSF,-0.38542944047630573
MS,MS49131_CSF,GSM4104125_ACGGGTCCATGAGCGA-1,CSF,0.44945330416826684
MS,MS49131_CSF,GSM4104125_ACTATCTCAATTGCTG-1,CSF,-0.26221591418925627
MS,MS49131_CSF,GSM4104125_ACTGATGGTGTGTGCC-1,CSF,-0.3909948503756918
MS,MS49131_CSF,GSM4104125_ACTTACTGTCTCCACT-1,CSF,-0.19715278719422408
MS,MS49131_CSF,GSM4104125_ACTTGTTGTTAAGATG-1,CSF,-0.29599167864696935
MS,MS49131_CSF,GSM4104125_AGACGTTAGTCCGTAT-1,CSF,0.22252202581012107
MS,MS49131_CSF,GSM4104125_AGAGTGGGTGCGAAAC-1,CSF,-0.3394957233743865
MS,MS49131_CSF,GSM4104125_AGCAGCCCACCGATAT-1,CSF,-0.20319399927427328
MS,MS49131_CSF,GSM4104125_AGCAGCCGTCGGGTCT-1,CSF,-0.4632792664785675
MS,MS49131_CSF,GSM4104125_AGCAGCCTCTGGGCCA-1,CSF,0.3371389174953536
MS,MS49131_CSF,GSM4104125_AGCATACGTCCAGTGC-1,CSF,-0.1643803820173231
MS,MS49131_CSF,GSM4104125_AGCTCCTCATCTCCCA-1,CSF,-0.5598807768296207
MS,MS49131_CSF,GSM4104125_AGCTTGAGTCCCTTGT-1,CSF,0.11714733240760053
MS,MS49131_CSF,GSM4104125_AGGGTGAAGGCGACAT-1,CSF,-0.7514159685506121
MS,MS49131_CSF,GSM4104125_AGGTCATGTTACGTCA-1,CSF,-0.07157349201915446
MS,MS49131_CSF,GSM4104125_AGTAGTCAGCTCCTTC-1,CSF,-0.07157349201915446
MS,MS49131_CSF,GSM4104125_AGTGGGATCCTACAGA-1,CSF,-0.24381440339235233
MS,MS49131_CSF,GSM4104125_ATAACGCGTCGAACAG-1,CSF,-0.07157349201915446
MS,MS49131_CSF,GSM4104125_ATAGACCCAACACCTA-1,CSF,-0.07157349201915446
MS,MS49131_CSF,GSM4104125_ATCACGAGTCGACTAT-1,CSF,-0.2386543615611003
MS,MS49131_CSF,GSM4104125_ATCCACCTCGTCCGTT-1,CSF,0.05692134644184421
MS,MS49131_CSF,GSM4104125_ATGAGGGTCGTAGATC-1,CSF,-0.43127085136709226
MS,MS49131_CSF,GSM4104125_ATTATCCGTCTAAAGA-1,CSF,-0.47943126082641774
MS,MS49131_CSF,GSM4104125_ATTATCCTCAGGATCT-1,CSF,-0.07157349201915446
MS,MS49131_CSF,GSM4104125_ATTGGACGTCATATGC-1,CSF,-0.44821214212805277
MS,MS49131_CSF,GSM4104125_ATTTCTGCAATCTGCA-1,CSF,-0.07157349201915446
MS,MS49131_CSF,GSM4104125_ATTTCTGTCCATGAAC-1,CSF,-0.9682048955088556
MS,MS49131_CSF,GSM4104125_CAACCTCTCTGTCTAT-1,CSF,-0.5064857082287313
MS,MS49131_CSF,GSM4104125_CAACTAGCAGTACACT-1,CSF,-0.07157349201915446
MS,MS49131_CSF,GSM4104125_CAAGATCTCATGTCCC-1,CSF,-0.07157349201915446
MS,MS49131_CSF,GSM4104125_CACAGTACATTCCTCG-1,CSF,-0.44151124691991955
MS,MS49131_CSF,GSM4104125_CACAGTATCTTGGGTA-1,CSF,-0.3901021085968016
MS,MS49131_CSF,GSM4104125_CACCAGGCAATAGCAA-1,CSF,-0.5126299436104972
MS,MS49131_CSF,GSM4104125_CACCTTGAGATCGGGT-1,CSF,-0.07157349201915446
MS,MS49131_CSF,GSM4104125_CAGAATCCAGCGTTCG-1,CSF,-0.07157349201915446
MS,MS49131_CSF,GSM4104125_CAGAATCTCTTGTTTG-1,CSF,0.5175961370721869
MS,MS49131_CSF,GSM4104125_CAGCAGCTCACTTACT-1,CSF,-0.07157349201915446
MS,MS49131_CSF,GSM4104125_CAGCAGCTCAGAGCTT-1,CSF,-0.5941137934191855
MS,MS49131_CSF,GSM4104125_CAGCCGACATAACCTG-1,CSF,-0.07157349201915446
MS,MS49131_CSF,GSM4104125_CAGCTAAAGAGGACGG-1,CSF,-0.47877829491060225
MS,MS49131_CSF,GSM4104125_CAGCTAAGTACCAGTT-1,CSF,-0.25203599325256204
MS,MS49131_CSF,GSM4104125_CAGCTAAGTAGCGTGA-1,CSF,-0.07157349201915446
MS,MS49131_CSF,GSM4104125_CAGGTGCAGAGCTGCA-1,CSF,-0.5368399511297522
MS,MS49131_CSF,GSM4104125_CATATGGCAAGTCTAC-1,CSF,-0.02466381470124766
MS,MS49131_CSF,GSM4104125_CATATGGCATCGATGT-1,CSF,-0.019514452585469227
MS,MS49131_CSF,GSM4104125_CATATTCAGGACTGGT-1,CSF,-0.18244821047913068
MS,MS49131_CSF,GSM4104125_CATATTCTCCTGCAGG-1,CSF,-0.8970458929018655
MS,MS49131_CSF,GSM4104125_CATCAAGGTCACCTAA-1,CSF,-0.4706436932056057
MS,MS49131_CSF,GSM4104125_CATCAAGGTTCGCTAA-1,CSF,-0.5255988124249594
MS,MS49131_CSF,GSM4104125_CATCAAGTCTCAACTT-1,CSF,-0.05344220344684101
MS,MS49131_CSF,GSM4104125_CATCCACCAGACGCCT-1,CSF,0.06177393417470571
MS,MS49131_CSF,GSM4104125_CATGACATCCGCATAA-1,CSF,-0.1893581569504263
MS,MS49131_CSF,GSM4104125_CATGGCGGTCCTAGCG-1,CSF,-0.5437745843414733
MS,MS49131_CSF,GSM4104125_CATTATCCATTCGACA-1,CSF,-0.2737437013731813
MS,MS49131_CSF,GSM4104125_CCAATCCCATGGGAAC-1,CSF,-0.2644645260120707
MS,MS49131_CSF,GSM4104125_CCATTCGAGGACGAAA-1,CSF,-0.4780685387935913
MS,MS49131_CSF,GSM4104125_CCATTCGAGGCGCTCT-1,CSF,-0.8599728153735532
MS,MS49131_CSF,GSM4104125_CCTAAAGCAAGCTGGA-1,CSF,-0.07157349201915446
MS,MS49131_CSF,GSM4104125_CCTACACCACAGATTC-1,CSF,0.19027409186586358
MS,MS49131_CSF,GSM4104125_CCTACACGTTGATTGC-1,CSF,-0.5122442579754696
MS,MS49131_CSF,GSM4104125_CCTACACTCGAATGCT-1,CSF,-0.07157349201915446
MS,MS49131_CSF,GSM4104125_CCTACCACAGCCAGAA-1,CSF,-0.615298818045569
MS,MS49131_CSF,GSM4104125_CCTAGCTAGGCACATG-1,CSF,-0.38279317579435573
MS,MS49131_CSF,GSM4104125_CCTAGCTTCTGAGGGA-1,CSF,-0.4835744359868389
MS,MS49131_CSF,GSM4104125_CCTTCGATCACCCTCA-1,CSF,-0.07157349201915446
MS,MS49131_CSF,GSM4104125_CGAACATGTGTTAAGA-1,CSF,-0.07157349201915446
MS,MS49131_CSF,GSM4104125_CGAGAAGGTAGAGTGC-1,CSF,-0.07157349201915446
MS,MS49131_CSF,GSM4104125_CGAGCCACAGGTCCAC-1,CSF,0.10477571905582171
MS,MS49131_CSF,GSM4104125_CGAGCCAGTCGACTGC-1,CSF,-0.07157349201915446
MS,MS49131_CSF,GSM4104125_CGATGTAAGGAGTACC-1,CSF,-0.22771404001391593
MS,MS49131_CSF,GSM4104125_CGATGTACAAACGTGG-1,CSF,0.30988318430942036
MS,MS49131_CSF,GSM4104125_CGATTGAAGCCGCCTA-1,CSF,-0.07157349201915446
MS,MS49131_CSF,GSM4104125_CGCCAAGCAACGATGG-1,CSF,0.07874397611361017
MS,MS49131_CSF,GSM4104125_CGCTATCCAGCCACCA-1,CSF,-0.5845133619183204
MS,MS49131_CSF,GSM4104125_CGGACACAGAAGAAGC-1,CSF,-0.25556858547200545
MS,MS49131_CSF,GSM4104125_CGGAGTCTCTCATTCA-1,CSF,-0.28357947300840863
MS,MS49131_CSF,GSM4104125_CGGCTAGGTTACGCGC-1,CSF,-0.20950984384050267
MS,MS49131_CSF,GSM4104125_CGGGTCAGTTCCACAA-1,CSF,0.3634177831699596
MS,MS49131_CSF,GSM4104125_CGGTTAATCACGGTTA-1,CSF,-0.19448007640550627
MS,MS49131_CSF,GSM4104125_CGTAGCGCAACGATCT-1,CSF,-0.22883383914610106
MS,MS49131_CSF,GSM4104125_CGTCACTAGTGAACAT-1,CSF,-0.2118933478815026
MS,MS49131_CSF,GSM4104125_CGTCAGGTCTCTAAGG-1,CSF,-0.3835040106740815
MS,MS49131_CSF,GSM4104125_CGTCCATAGCGTTCCG-1,CSF,0.16111547019383982
MS,MS49131_CSF,GSM4104125_CGTCCATCACGAGAGT-1,CSF,-0.3272821025822011
MS,MS49131_CSF,GSM4104125_CGTCCATGTCACACGC-1,CSF,-0.7340874034919895
MS,MS49131_CSF,GSM4104125_CGTGTCTCATTGGGCC-1,CSF,-0.3982203277556869
MS,MS49131_CSF,GSM4104125_CTAACTTAGAACTCGG-1,CSF,-1.3644189064296293
MS,MS49131_CSF,GSM4104125_CTAATGGCATGAACCT-1,CSF,-0.07157349201915446
MS,MS49131_CSF,GSM4104125_CTACCCAAGTCGAGTG-1,CSF,-0.07157349201915446
MS,MS49131_CSF,GSM4104125_CTAGTGACAGTGGAGT-1,CSF,-0.1908499811718911
MS,MS49131_CSF,GSM4104125_CTCGAAAAGTACGATA-1,CSF,-0.7013204603163433
MS,MS49131_CSF,GSM4104125_CTCGAGGTCGGAGCAA-1,CSF,-0.07157349201915446
MS,MS49131_CSF,GSM4104125_CTCGTACGTCAGGACA-1,CSF,-0.023158229565511033
MS,MS49131_CSF,GSM4104125_CTCGTCAGTCCGAGTC-1,CSF,-0.1986336305326846
MS,MS49131_CSF,GSM4104125_CTCTACGAGTAGTGCG-1,CSF,-0.07157349201915446
MS,MS49131_CSF,GSM4104125_CTCTGGTAGTGTCCCG-1,CSF,-0.1051372751424944
MS,MS49131_CSF,GSM4104125_CTGAAACCAAGTCATC-1,CSF,-0.004294946195715291
MS,MS49131_CSF,GSM4104125_CTGAAGTCATATACCG-1,CSF,-0.07157349201915446
MS,MS49131_CSF,GSM4104125_CTGCTGTCATTCTTAC-1,CSF,0.07927202283630745
MS,MS49131_CSF,GSM4104125_CTTAACTTCGGAGCAA-1,CSF,-0.36677359001319415
MS,MS49131_CSF,GSM4104125_CTTCTCTCAGTGAGTG-1,CSF,-0.3112842559149627
MS,MS49131_CSF,GSM4104125_GAAACTCCAAGCCGTC-1,CSF,-0.28004914923463164
MS,MS49131_CSF,GSM4104125_GAAACTCGTGTAATGA-1,CSF,-0.07157349201915446
MS,MS49131_CSF,GSM4104125_GAACATCGTCAAGCGA-1,CSF,0.16500848121574466
MS,MS49131_CSF,GSM4104125_GAACGGATCCTTGACC-1,CSF,-0.07157349201915446
MS,MS49131_CSF,GSM4104125_GAACGGATCTAACTCT-1,CSF,0.09656852746380874
MS,MS49131_CSF,GSM4104125_GAATGAAAGGGTGTGT-1,CSF,0.26951363609822254
MS,MS49131_CSF,GSM4104125_GACCTGGTCGAACGGA-1,CSF,0.6704297824164301
MS,MS49131_CSF,GSM4104125_GACGTGCGTAGAAGGA-1,CSF,-0.20432764997734137
MS,MS49131_CSF,GSM4104125_GACGTTAAGGTGATTA-1,CSF,-0.07157349201915446
MS,MS49131_CSF,GSM4104125_GACGTTAGTTGGTTTG-1,CSF,-0.33827676474208557
MS,MS49131_CSF,GSM4104125_GACTACAGTACGCACC-1,CSF,0.05170305178196396
MS,MS49131_CSF,GSM4104125_GACTACATCTGGAGCC-1,CSF,0.08641315386147688
MS,MS49131_CSF,GSM4104125_GATCGCGAGAAGGTTT-1,CSF,-0.30111944120059864
MS,MS49131_CSF,GSM4104125_GATGAGGTCGGTTAAC-1,CSF,-0.30013703859968477
MS,MS49131_CSF,GSM4104125_GCACTCTCACGCGAAA-1,CSF,-0.5826981472194126
MS,MS49131_CSF,GSM4104125_GCATGCGTCATCACCC-1,CSF,-0.4213583410730037
MS,MS49131_CSF,GSM4104125_GCATGTAGTCAAAGAT-1,CSF,-0.710187592501258
MS,MS49131_CSF,GSM4104125_GCGACCAAGCGGATCA-1,CSF,-0.4513164834147836
MS,MS49131_CSF,GSM4104125_GCGACCACAACACCCG-1,CSF,-0.3053722654663876
MS,MS49131_CSF,GSM4104125_GCGAGAAAGTTGCAGG-1,CSF,-0.5258811956644369
MS,MS49131_CSF,GSM4104125_GCGAGAACAACACCTA-1,CSF,-0.1958433620641253
MS,MS49131_CSF,GSM4104125_GCGCAACAGAGTTGGC-1,CSF,-0.56262039080682
MS,MS49131_CSF,GSM4104125_GCGCGATGTATGCTTG-1,CSF,-0.07157349201915446
MS,MS49131_CSF,GSM4104125_GCTTGAATCCTTGCCA-1,CSF,-0.23992135088273558
MS,MS49131_CSF,GSM4104125_GGAAAGCCAATGGACG-1,CSF,-0.07157349201915446
MS,MS49131_CSF,GSM4104125_GGACAGAAGACCTAGG-1,CSF,0.2551143284299037
MS,MS49131_CSF,GSM4104125_GGACAGAAGCTCCTTC-1,CSF,-0.7299631076940628
MS,MS49131_CSF,GSM4104125_GGAGCAACACACGCTG-1,CSF,-0.07157349201915446
MS,MS49131_CSF,GSM4104125_GGCGACTTCAGCTGGC-1,CSF,-0.2936051452732169
MS,MS49131_CSF,GSM4104125_GGGAGATAGGCTAGCA-1,CSF,-0.19445871688170996
MS,MS49131_CSF,GSM4104125_GGGCACTCAATCACAC-1,CSF,-0.2566035385181736
MS,MS49131_CSF,GSM4104125_GGGCATCTCTGGAGCC-1,CSF,-0.15694994771404502
MS,MS49131_CSF,GSM4104125_GGTATTGGTATCGCAT-1,CSF,-0.40566303387498354
MS,MS49131_CSF,GSM4104125_GGTATTGTCGCTTGTC-1,CSF,0.2271298235769771
MS,MS49131_CSF,GSM4104125_GTAACGTAGCGATAGC-1,CSF,0.3561709114046877
MS,MS49131_CSF,GSM4104125_GTAACTGGTGCCTGTG-1,CSF,-0.4003327969755964
MS,MS49131_CSF,GSM4104125_GTACTCCGTTTAAGCC-1,CSF,-0.07157349201915446
MS,MS49131_CSF,GSM4104125_GTAGTCACAGCTGGCT-1,CSF,-0.24171738774584156
MS,MS49131_CSF,GSM4104125_GTCAAGTAGTACGCCC-1,CSF,0.30912543970776085
MS,MS49131_CSF,GSM4104125_GTCTCGTTCCGTACAA-1,CSF,0.15881219718357717
MS,MS49131_CSF,GSM4104125_GTCTTCGGTCTAGCCG-1,CSF,-0.4500378252704391
MS,MS49131_CSF,GSM4104125_GTGCATAAGTGGCACA-1,CSF,-0.07157349201915446
MS,MS49131_CSF,GSM4104125_GTGCGGTGTTATCGGT-1,CSF,-0.07157349201915446
MS,MS49131_CSF,GSM4104125_GTGCTTCAGACAAAGG-1,CSF,-0.2878808437466664
MS,MS49131_CSF,GSM4104125_GTGCTTCTCGTGGTCG-1,CSF,-0.20306018105469967
MS,MS49131_CSF,GSM4104125_GTGTTAGCATATGCTG-1,CSF,-0.4991632868700985
MS,MS49131_CSF,GSM4104125_GTTAAGCCAAAGCGGT-1,CSF,-0.4147391487259431
MS,MS49131_CSF,GSM4104125_GTTACAGCAGCTCGCA-1,CSF,-0.7006684714951834
MS,MS49131_CSF,GSM4104125_GTTTCTACACTTAAGC-1,CSF,0.1407418071597927
MS,MS49131_CSF,GSM4104125_TAAGCGTTCTCTAGGA-1,CSF,-0.21186403876050391
MS,MS49131_CSF,GSM4104125_TACAGTGTCCCACTTG-1,CSF,-0.1850233580294555
MS,MS49131_CSF,GSM4104125_TACCTATTCTCGCTTG-1,CSF,-0.07157349201915446
MS,MS49131_CSF,GSM4104125_TACGGGCCAGTCAGCC-1,CSF,0.148782756031235
MS,MS49131_CSF,GSM4104125_TACGGTACACAGCCCA-1,CSF,-0.20373853599412595
MS,MS49131_CSF,GSM4104125_TACTCATGTCCCGACA-1,CSF,-0.31467229661765744
MS,MS49131_CSF,GSM4104125_TAGACCAAGCCTATGT-1,CSF,0.5069281776927321
MS,MS49131_CSF,GSM4104125_TAGACCAGTCAGAAGC-1,CSF,0.12230777566781435
MS,MS49131_CSF,GSM4104125_TATCTCACAATCCAAC-1,CSF,-0.7061180096187811
MS,MS49131_CSF,GSM4104125_TATTACCGTATTACCG-1,CSF,-0.28330002555681105
MS,MS49131_CSF,GSM4104125_TCACAAGGTGTTCGAT-1,CSF,-0.21549267857543933
MS,MS49131_CSF,GSM4104125_TCACGAAAGGTGGGTT-1,CSF,-0.16818635919421301
MS,MS49131_CSF,GSM4104125_TCACGAAGTGAACCTT-1,CSF,0.28158688352585864
MS,MS49131_CSF,GSM4104125_TCACGAAGTGTTCTTT-1,CSF,-0.21627801245765202
MS,MS49131_CSF,GSM4104125_TCAGATGTCTTCGGTC-1,CSF,0.6030693363029309
MS,MS49131_CSF,GSM4104125_TCAGCTCCATCAGTCA-1,CSF,-0.049067035986117724
MS,MS49131_CSF,GSM4104125_TCATTTGTCCAGTAGT-1,CSF,-0.19760407739601302
MS,MS49131_CSF,GSM4104125_TCGCGAGCACTTCGAA-1,CSF,-0.07157349201915446
MS,MS49131_CSF,GSM4104125_TCGGGACGTACTTGAC-1,CSF,0.2797596951732645
MS,MS49131_CSF,GSM4104125_TCGGTAAGTACCGTTA-1,CSF,0.2878204892335052
MS,MS49131_CSF,GSM4104125_TCTATTGTCCGTTGTC-1,CSF,-0.19288130400450673
MS,MS49131_CSF,GSM4104125_TCTGGAATCATTTGGG-1,CSF,-0.1775696069151911
MS,MS49131_CSF,GSM4104125_TCTTCGGAGCACAGGT-1,CSF,-0.18931948296302625
MS,MS49131_CSF,GSM4104125_TCTTCGGGTCGCGAAA-1,CSF,-0.07157349201915446
MS,MS49131_CSF,GSM4104125_TGAAAGACATCATCCC-1,CSF,-0.23561379544550212
MS,MS49131_CSF,GSM4104125_TGACAACAGCGACGTA-1,CSF,0.1871797947420746
MS,MS49131_CSF,GSM4104125_TGACTAGGTCCGCTGA-1,CSF,0.1653550902441297
MS,MS49131_CSF,GSM4104125_TGAGAGGGTCTAGAGG-1,CSF,0.16413971075581626
MS,MS49131_CSF,GSM4104125_TGAGAGGTCGATGAGG-1,CSF,0.045254360365324084
MS,MS49131_CSF,GSM4104125_TGAGCATCACACCGAC-1,CSF,-0.2738020508589348
MS,MS49131_CSF,GSM4104125_TGAGCCGGTAGAGCTG-1,CSF,-0.4640497847514477
MS,MS49131_CSF,GSM4104125_TGATTTCTCAGCATGT-1,CSF,-0.3561764782908923
MS,MS49131_CSF,GSM4104125_TGCCCTATCGCCGTGA-1,CSF,-0.4023180707592115
MS,MS49131_CSF,GSM4104125_TGCGTGGGTCCGCTGA-1,CSF,-0.2656024149367334
MS,MS49131_CSF,GSM4104125_TGCTGCTAGCCAGAAC-1,CSF,-0.07157349201915446
MS,MS49131_CSF,GSM4104125_TGCTGCTAGCTGTCTA-1,CSF,0.2686830932134519
MS,MS49131_CSF,GSM4104125_TGGACGCAGTCCAGGA-1,CSF,-0.07157349201915446
MS,MS49131_CSF,GSM4104125_TGGACGCCACCAGATT-1,CSF,0.04377519782686929
MS,MS49131_CSF,GSM4104125_TGGCGCACACTAAGTC-1,CSF,-0.07157349201915446
MS,MS49131_CSF,GSM4104125_TGGCTGGAGAGACTAT-1,CSF,-0.07157349201915446
MS,MS49131_CSF,GSM4104125_TGGCTGGGTAAATGTG-1,CSF,-0.6676163799316448
MS,MS49131_CSF,GSM4104125_TGGGAAGTCAACGAAA-1,CSF,-0.31565262478997536
MS,MS49131_CSF,GSM4104125_TGGGAAGTCCGAATGT-1,CSF,-0.03661573894807498
MS,MS49131_CSF,GSM4104125_TGTATTCGTCCATCCT-1,CSF,0.21671053335128024
MS,MS49131_CSF,GSM4104125_TGTATTCTCAAGATCC-1,CSF,-0.07157349201915446
MS,MS49131_CSF,GSM4104125_TTAACTCCAAAGGTGC-1,CSF,-0.19975401183234162
MS,MS49131_CSF,GSM4104125_TTAACTCTCAGGTAAA-1,CSF,0.2308292953730482
MS,MS49131_CSF,GSM4104125_TTAGGACGTTGGTAAA-1,CSF,-0.18154750706378117
MS,MS49131_CSF,GSM4104125_TTAGTTCAGCGTTGCC-1,CSF,0.015281254983438103
MS,MS49131_CSF,GSM4104125_TTAGTTCGTTCTCATT-1,CSF,0.2949667747683127
MS,MS49131_CSF,GSM4104125_TTATGCTTCGCTAGCG-1,CSF,-0.5268578987754909
MS,MS49131_CSF,GSM4104125_TTCCCAGGTACCCAAT-1,CSF,-0.07157349201915446
MS,MS49131_CSF,GSM4104125_TTCTCCTAGTCGATAA-1,CSF,-0.07157349201915446
MS,MS49131_CSF,GSM4104125_TTGCCGTTCTTGAGAC-1,CSF,0.3293879130471385
MS,MS49131_CSF,GSM4104125_TTGGAACAGTGACTCT-1,CSF,-0.2739745528612804
MS,MS49131_CSF,GSM4104125_TTGTAGGGTACGACCC-1,CSF,0.13528132106646382
MS,MS49131_CSF,GSM4104125_TTGTAGGTCCTCTAGC-1,CSF,-0.34199167660370133
MS,MS49131_CSF,GSM4104125_TTTACTGTCTGCCCTA-1,CSF,-0.27439508852617717
MS,MS49131_CSF,GSM4104125_TTTATGCCAAGTAGTA-1,CSF,-0.07157349201915446
MS,MS49131_CSF,GSM4104125_TTTCCTCCAGATGGGT-1,CSF,0.0026401052260778706
MS,MS49131_CSF,GSM4104125_TTTGCGCAGCCAGGAT-1,CSF,-0.07157349201915446
MS,MS49131_CSF,GSM4104125_TTTGTCAAGATATGGT-1,CSF,-0.07157349201915446
MS,MS49131_CSF,GSM4104125_TTTGTCATCGCGTAGC-1,CSF,-0.45627894977795236
MS,MS58637_CSF,GSM4104123_AAACCTGCACGGCCAT-1,CSF,-0.07157349201915446
MS,MS58637_CSF,GSM4104123_AAACGGGAGCTGGAAC-1,CSF,0.3152610058506792
MS,MS58637_CSF,GSM4104123_AAAGCAACATCCCACT-1,CSF,-0.07157349201915446
MS,MS58637_CSF,GSM4104123_AAAGTAGTCGATGAGG-1,CSF,0.4225238896942926
MS,MS58637_CSF,GSM4104123_AAAGTAGTCGGCATCG-1,CSF,0.2043256468578436
MS,MS58637_CSF,GSM4104123_AACACGTTCTTGAGAC-1,CSF,0.6311296746415052
MS,MS58637_CSF,GSM4104123_AACCATGTCAGAGGTG-1,CSF,0.10286528647848378
MS,MS58637_CSF,GSM4104123_AACTCAGGTACAGCAG-1,CSF,-0.07157349201915446
MS,MS58637_CSF,GSM4104123_AACTCTTGTACGACCC-1,CSF,-0.6831117469894206
MS,MS58637_CSF,GSM4104123_AACTCTTTCGAGAACG-1,CSF,-0.07157349201915446
MS,MS58637_CSF,GSM4104123_AACTGGTTCCCAACGG-1,CSF,0.6486832225969029
MS,MS58637_CSF,GSM4104123_AACTTTCAGTGTTAGA-1,CSF,0.2526682435491409
MS,MS58637_CSF,GSM4104123_AAGCCGCCAGGTCCAC-1,CSF,-0.07157349201915446
MS,MS58637_CSF,GSM4104123_AAGGAGCAGCTCTCGG-1,CSF,0.07731715801754012
MS,MS58637_CSF,GSM4104123_AAGGCAGAGCGTGAAC-1,CSF,0.07490831462910139
MS,MS58637_CSF,GSM4104123_AAGGCAGAGTTGAGAT-1,CSF,0.202246911710142
MS,MS58637_CSF,GSM4104123_AATCCAGCAAGAGTCG-1,CSF,0.12906107794413252
MS,MS58637_CSF,GSM4104123_ACAGCCGCATTATCTC-1,CSF,-0.07157349201915446
MS,MS58637_CSF,GSM4104123_ACAGCCGTCATCGATG-1,CSF,-0.8425986889624758
MS,MS58637_CSF,GSM4104123_ACAGCTATCACATACG-1,CSF,-0.6336105790618101
MS,MS58637_CSF,GSM4104123_ACCCACTAGACGCTTT-1,CSF,-0.07157349201915446
MS,MS58637_CSF,GSM4104123_ACCCACTCATGTAAGA-1,CSF,-0.07157349201915446
MS,MS58637_CSF,GSM4104123_ACGATGTGTTGCCTCT-1,CSF,-0.30185646019054896
MS,MS58637_CSF,GSM4104123_ACGATGTTCTAACGGT-1,CSF,-0.07157349201915446
MS,MS58637_CSF,GSM4104123_ACGCAGCAGCGATAGC-1,CSF,-0.07157349201915446
MS,MS58637_CSF,GSM4104123_ACGCCGACACAGGAGT-1,CSF,0.11927803319947815
MS,MS58637_CSF,GSM4104123_ACGGGTCTCCTGCAGG-1,CSF,-0.18640875601463622
MS,MS58637_CSF,GSM4104123_ACGTCAAGTTCATGGT-1,CSF,-0.07157349201915446
MS,MS58637_CSF,GSM4104123_ACGTCAATCGGTCCGA-1,CSF,0.6864766451121832
MS,MS58637_CSF,GSM4104123_ACTATCTCATGAGCGA-1,CSF,-0.07157349201915446
MS,MS58637_CSF,GSM4104123_ACTGAGTCACAAGTAA-1,CSF,-0.07157349201915446
MS,MS58637_CSF,GSM4104123_ACTGCTCGTCCTCTTG-1,CSF,0.16733849026653566
MS,MS58637_CSF,GSM4104123_ACTTTCAAGTCGTTTG-1,CSF,-0.07157349201915446
MS,MS58637_CSF,GSM4104123_ACTTTCAGTATTCGTG-1,CSF,-0.07157349201915446
MS,MS58637_CSF,GSM4104123_AGAATAGAGACTACAA-1,CSF,0.781320906655717
MS,MS58637_CSF,GSM4104123_AGACGTTAGATACACA-1,CSF,0.34678917199390275
MS,MS58637_CSF,GSM4104123_AGAGCGACACGCGAAA-1,CSF,-0.07157349201915446
MS,MS58637_CSF,GSM4104123_AGAGCTTGTTTAGCTG-1,CSF,-0.07157349201915446
MS,MS58637_CSF,GSM4104123_AGAGTGGAGAGGTTAT-1,CSF,-0.07157349201915446
MS,MS58637_CSF,GSM4104123_AGCATACTCGGACAAG-1,CSF,0.12584807767419884
MS,MS58637_CSF,GSM4104123_AGCGGTCAGGCAGTCA-1,CSF,-0.00763562205861666
MS,MS58637_CSF,GSM4104123_AGCTCTCGTGGAAAGA-1,CSF,-0.2780201952213844
MS,MS58637_CSF,GSM4104123_AGCTTGAGTTCGGGCT-1,CSF,-0.07157349201915446
MS,MS58637_CSF,GSM4104123_AGGGAGTCAACGATGG-1,CSF,-0.07157349201915446
MS,MS58637_CSF,GSM4104123_AGGGAGTCAGCTATTG-1,CSF,0.8115414069295207
MS,MS58637_CSF,GSM4104123_AGGGTGAGTTCCACTC-1,CSF,-0.2043478263000055
MS,MS58637_CSF,GSM4104123_AGGTCATCAGTCAGCC-1,CSF,0.3186527603975729
MS,MS58637_CSF,GSM4104123_AGTGGGAAGAATGTTG-1,CSF,0.41120345538954134
MS,MS58637_CSF,GSM4104123_AGTTGGTGTCCGAAGA-1,CSF,0.15030065988607635
MS,MS58637_CSF,GSM4104123_ATCATGGAGATGCGAC-1,CSF,-0.3015607353422241
MS,MS58637_CSF,GSM4104123_ATCATGGCAAGGTGTG-1,CSF,-0.07157349201915446
MS,MS58637_CSF,GSM4104123_ATCATGGGTTCCAACA-1,CSF,-0.25821515894870933
MS,MS58637_CSF,GSM4104123_ATCCACCCATTATCTC-1,CSF,-0.07157349201915446
MS,MS58637_CSF,GSM4104123_ATCTACTCAAGGTTTC-1,CSF,0.39182807749413123
MS,MS58637_CSF,GSM4104123_ATGAGGGGTCTCACCT-1,CSF,0.2241116863965719
MS,MS58637_CSF,GSM4104123_ATGCGATGTAGAGTGC-1,CSF,-0.07157349201915446
MS,MS58637_CSF,GSM4104123_ATGTGTGTCAGCTCTC-1,CSF,-0.07157349201915446
MS,MS58637_CSF,GSM4104123_ATTACTCTCCGGCACA-1,CSF,-0.3019547427616512
MS,MS58637_CSF,GSM4104123_ATTATCCCAGTAAGCG-1,CSF,-0.07157349201915446
MS,MS58637_CSF,GSM4104123_ATTATCCGTCAAGCGA-1,CSF,-0.2571198811119351
MS,MS58637_CSF,GSM4104123_ATTGGACAGTAGGTGC-1,CSF,-0.07157349201915446
MS,MS58637_CSF,GSM4104123_ATTGGACTCCAACCAA-1,CSF,0.24269605773284722
MS,MS58637_CSF,GSM4104123_CAACCTCCATCCTAGA-1,CSF,-0.07157349201915446
MS,MS58637_CSF,GSM4104123_CAAGATCCAAGCCCAC-1,CSF,0.6529899810340873
MS,MS58637_CSF,GSM4104123_CAAGATCGTAGCTAAA-1,CSF,-0.07157349201915446
MS,MS58637_CSF,GSM4104123_CAAGTTGCAAACAACA-1,CSF,0.3606352856860569
MS,MS58637_CSF,GSM4104123_CAAGTTGCAGCGTCCA-1,CSF,0.07730623676468397
MS,MS58637_CSF,GSM4104123_CAAGTTGGTCCGAAGA-1,CSF,-0.3982349964551671
MS,MS58637_CSF,GSM4104123_CAAGTTGTCACTTATC-1,CSF,-0.2444095391465497
MS,MS58637_CSF,GSM4104123_CACACAATCGTCACGG-1,CSF,-0.6521320200179698
MS,MS58637_CSF,GSM4104123_CACACTCTCTTCAACT-1,CSF,-0.07157349201915446
MS,MS58637_CSF,GSM4104123_CACATAGGTCCAGTAT-1,CSF,-1.046283650547832
MS,MS58637_CSF,GSM4104123_CACATAGTCCGTAGGC-1,CSF,0.4216350082823011
MS,MS58637_CSF,GSM4104123_CACATTTCAGAGTGTG-1,CSF,0.8287463322555894
MS,MS58637_CSF,GSM4104123_CACCAGGGTAGGAGTC-1,CSF,-0.17503953438914754
MS,MS58637_CSF,GSM4104123_CACCTTGAGGACTGGT-1,CSF,-0.45905410504665534
MS,MS58637_CSF,GSM4104123_CAGAATCGTCCGTTAA-1,CSF,-0.07157349201915446
MS,MS58637_CSF,GSM4104123_CAGATCAAGAACAATC-1,CSF,-0.07157349201915446
MS,MS58637_CSF,GSM4104123_CAGATCATCGGTTCGG-1,CSF,-0.07157349201915446
MS,MS58637_CSF,GSM4104123_CAGCAGCCAGCCTATA-1,CSF,0.266588078117203
MS,MS58637_CSF,GSM4104123_CAGCATAAGGCCATAG-1,CSF,0.3338324416173653
MS,MS58637_CSF,GSM4104123_CAGTCCTCAGGGTATG-1,CSF,-0.07157349201915446
MS,MS58637_CSF,GSM4104123_CAGTCCTTCTTGCATT-1,CSF,-0.07157349201915446
MS,MS58637_CSF,GSM4104123_CATCAAGGTACCTACA-1,CSF,-0.07157349201915446
MS,MS58637_CSF,GSM4104123_CATCAGAAGGGATACC-1,CSF,-0.31460798275757923
MS,MS58637_CSF,GSM4104123_CCACCTAGTGTTTGTG-1,CSF,-0.3175837253317673
MS,MS58637_CSF,GSM4104123_CCACGGAGTGAGCGAT-1,CSF,0.36030649959136934
MS,MS58637_CSF,GSM4104123_CCAGCGAGTGAGTGAC-1,CSF,0.42774347491223264
MS,MS58637_CSF,GSM4104123_CCATGTCTCCTGCCAT-1,CSF,-0.07157349201915446
MS,MS58637_CSF,GSM4104123_CCCAATCGTAAATGTG-1,CSF,-0.07157349201915446
MS,MS58637_CSF,GSM4104123_CCCATACAGCCAGGAT-1,CSF,-0.38306747656697676
MS,MS58637_CSF,GSM4104123_CCCTCCTTCACCAGGC-1,CSF,0.10395159739292112
MS,MS58637_CSF,GSM4104123_CCGGTAGAGTACACCT-1,CSF,-0.30567983165606133
MS,MS58637_CSF,GSM4104123_CCGGTAGCATACTCTT-1,CSF,0.16414356848002276
MS,MS58637_CSF,GSM4104123_CCGGTAGGTAAGCACG-1,CSF,0.2699044994683417
MS,MS58637_CSF,GSM4104123_CCTCAGTTCCTCCTAG-1,CSF,0.3178988359282407
MS,MS58637_CSF,GSM4104123_CCTTCCCGTCTGGAGA-1,CSF,-0.07157349201915446
MS,MS58637_CSF,GSM4104123_CCTTCGACACTAGTAC-1,CSF,0.35407373819079957
MS,MS58637_CSF,GSM4104123_CGAACATTCGTCCGTT-1,CSF,0.21513855748065153
MS,MS58637_CSF,GSM4104123_CGATGTAAGTGGAGAA-1,CSF,-0.07157349201915446
MS,MS58637_CSF,GSM4104123_CGCCAAGCAATGGATA-1,CSF,0.22529705059776653
MS,MS58637_CSF,GSM4104123_CGCCAAGTCCTTAATC-1,CSF,-0.2597663943644178
MS,MS58637_CSF,GSM4104123_CGCTGGACACAGGTTT-1,CSF,-0.07157349201915446
MS,MS58637_CSF,GSM4104123_CGCTGGACATCTGGTA-1,CSF,0.358650652202559
MS,MS58637_CSF,GSM4104123_CGGACGTTCTACGAGT-1,CSF,0.34285576514773647
MS,MS58637_CSF,GSM4104123_CGGAGCTAGAGACTTA-1,CSF,0.4879859485992903
MS,MS58637_CSF,GSM4104123_CGTCAGGTCTGGCGTG-1,CSF,-0.07157349201915446
MS,MS58637_CSF,GSM4104123_CGTCCATTCCACGAAT-1,CSF,-0.8641902419996802
MS,MS58637_CSF,GSM4104123_CGTGTCTAGTCGAGTG-1,CSF,-0.2319094600122195
MS,MS58637_CSF,GSM4104123_CGTTAGACACATGACT-1,CSF,-0.07157349201915446
MS,MS58637_CSF,GSM4104123_CGTTAGAGTTTCGCTC-1,CSF,-0.21586831711799284
MS,MS58637_CSF,GSM4104123_CGTTGGGTCGCGCCAA-1,CSF,-1.123995917930883
MS,MS58637_CSF,GSM4104123_CTAAGACGTGTGAATA-1,CSF,-0.07157349201915446
MS,MS58637_CSF,GSM4104123_CTACCCAAGCCAGTTT-1,CSF,-0.21827222713261962
MS,MS58637_CSF,GSM4104123_CTACCCATCACAACGT-1,CSF,-0.07157349201915446
MS,MS58637_CSF,GSM4104123_CTACGTCTCCAACCAA-1,CSF,-0.2924845358151596
MS,MS58637_CSF,GSM4104123_CTAGCCTTCACTTCAT-1,CSF,0.40048675468456313
MS,MS58637_CSF,GSM4104123_CTAGCCTTCGCGCCAA-1,CSF,0.1678373894672483
MS,MS58637_CSF,GSM4104123_CTCACACAGCAATATG-1,CSF,-0.07157349201915446
MS,MS58637_CSF,GSM4104123_CTCCTAGAGTCCTCCT-1,CSF,-0.07157349201915446
MS,MS58637_CSF,GSM4104123_CTCCTAGCATAGAAAC-1,CSF,0.04119127882472603
MS,MS58637_CSF,GSM4104123_CTCCTAGTCTAGCACA-1,CSF,-0.18521236940340777
MS,MS58637_CSF,GSM4104123_CTCGAGGAGGCTCTTA-1,CSF,-0.5525241141934413
MS,MS58637_CSF,GSM4104123_CTCGAGGCATTGGGCC-1,CSF,0.42134214121831903
MS,MS58637_CSF,GSM4104123_CTCGAGGTCTCTTATG-1,CSF,-0.07157349201915446
MS,MS58637_CSF,GSM4104123_CTCGGGATCAGCATGT-1,CSF,-0.07157349201915446
MS,MS58637_CSF,GSM4104123_CTCGTACTCCGATATG-1,CSF,-0.07157349201915446
MS,MS58637_CSF,GSM4104123_CTCGTCAGTCTCTCGT-1,CSF,-0.07157349201915446
MS,MS58637_CSF,GSM4104123_CTCGTCATCAGCACAT-1,CSF,0.06526813455878969
MS,MS58637_CSF,GSM4104123_CTGAAACCACCGGAAA-1,CSF,-0.4724585907527768
MS,MS58637_CSF,GSM4104123_CTGAAACTCGAGAACG-1,CSF,0.14195257132937972
MS,MS58637_CSF,GSM4104123_CTGAAGTTCGTAGGAG-1,CSF,-0.07157349201915446
MS,MS58637_CSF,GSM4104123_CTGAAGTTCGTCTGAA-1,CSF,-0.3154570702044114
MS,MS58637_CSF,GSM4104123_CTGTTTAGTAAGAGGA-1,CSF,-0.22875595919068012
MS,MS58637_CSF,GSM4104123_CTTAACTTCGTATCAG-1,CSF,-0.07157349201915446
MS,MS58637_CSF,GSM4104123_CTTACCGTCACTATTC-1,CSF,-0.07157349201915446
MS,MS58637_CSF,GSM4104123_CTTAGGAAGTGGACGT-1,CSF,-0.5842712013438408
MS,MS58637_CSF,GSM4104123_CTTAGGACATCTACGA-1,CSF,-0.07157349201915446
MS,MS58637_CSF,GSM4104123_CTTAGGAGTGACCAAG-1,CSF,0.333633418777507
MS,MS58637_CSF,GSM4104123_CTTAGGAGTTCGAATC-1,CSF,-0.07157349201915446
MS,MS58637_CSF,GSM4104123_CTTTGCGAGTGTGGCA-1,CSF,-0.07157349201915446
MS,MS58637_CSF,GSM4104123_CTTTGCGTCTTGGGTA-1,CSF,0.755835777879473
MS,MS58637_CSF,GSM4104123_GAAACTCCAGTCGATT-1,CSF,0.3636644712171953
MS,MS58637_CSF,GSM4104123_GAAATGACATTAGGCT-1,CSF,-0.07157349201915446
MS,MS58637_CSF,GSM4104123_GAATAAGAGATGTAAC-1,CSF,-0.2669748923750922
MS,MS58637_CSF,GSM4104123_GAATGAACATATGGTC-1,CSF,-0.6369632888804244
MS,MS58637_CSF,GSM4104123_GACAGAGGTCGTCTTC-1,CSF,-0.07157349201915446
MS,MS58637_CSF,GSM4104123_GACCAATAGTACGACG-1,CSF,-0.07157349201915446
MS,MS58637_CSF,GSM4104123_GACCAATAGTTGCAGG-1,CSF,-0.07157349201915446
MS,MS58637_CSF,GSM4104123_GACCAATGTCTCTTAT-1,CSF,-0.07157349201915446
MS,MS58637_CSF,GSM4104123_GACCTGGGTGACTCAT-1,CSF,-0.07157349201915446
MS,MS58637_CSF,GSM4104123_GACGTTACACCGATAT-1,CSF,-0.07157349201915446
MS,MS58637_CSF,GSM4104123_GACTAACAGCTGAAAT-1,CSF,-0.225533983429602
MS,MS58637_CSF,GSM4104123_GACTGCGAGAGGTAGA-1,CSF,-0.07157349201915446
MS,MS58637_CSF,GSM4104123_GACTGCGGTACAGTTC-1,CSF,-0.2475740810753146
MS,MS58637_CSF,GSM4104123_GAGGTGAGTTCCACAA-1,CSF,-0.28030160917002883
MS,MS58637_CSF,GSM4104123_GATCGCGGTCCTCCAT-1,CSF,-0.32556981930550194
MS,MS58637_CSF,GSM4104123_GATCGTAAGCAGCCTC-1,CSF,-0.07157349201915446
MS,MS58637_CSF,GSM4104123_GATGAAAGTTGGAGGT-1,CSF,-0.07157349201915446
MS,MS58637_CSF,GSM4104123_GATGCTAGTAGTGAAT-1,CSF,-0.23211453352287872
MS,MS58637_CSF,GSM4104123_GATTCAGGTAGCTAAA-1,CSF,0.6529899810340873
MS,MS58637_CSF,GSM4104123_GCAAACTCATTAGCCA-1,CSF,-0.3903167373469939
MS,MS58637_CSF,GSM4104123_GCAAACTTCACCGGGT-1,CSF,-0.7119064040213084
MS,MS58637_CSF,GSM4104123_GCAATCATCGTTTGCC-1,CSF,-0.2448594943781013
MS,MS58637_CSF,GSM4104123_GCACTCTTCTGCTGCT-1,CSF,-0.07157349201915446
MS,MS58637_CSF,GSM4104123_GCAGCCATCCAATGGT-1,CSF,-0.40131885423948804
MS,MS58637_CSF,GSM4104123_GCATACACAATAGCAA-1,CSF,-0.21122284151443557
MS,MS58637_CSF,GSM4104123_GCATACACAGTCGTGC-1,CSF,-0.07157349201915446
MS,MS58637_CSF,GSM4104123_GCATGTATCCCTCAGT-1,CSF,0.11923236929393163
MS,MS58637_CSF,GSM4104123_GCCTCTAAGGGTATCG-1,CSF,0.3331876770636744
MS,MS58637_CSF,GSM4104123_GCCTCTACAAGGACTG-1,CSF,-0.07157349201915446
MS,MS58637_CSF,GSM4104123_GCGACCATCCACGAAT-1,CSF,0.3919617962572741
MS,MS58637_CSF,GSM4104123_GCGAGAACACCAACCG-1,CSF,-0.07157349201915446
MS,MS58637_CSF,GSM4104123_GCGCAACCAGACGCCT-1,CSF,-0.493065118528928
MS,MS58637_CSF,GSM4104123_GCGCAACGTGTCAATC-1,CSF,-0.4784501556717781
MS,MS58637_CSF,GSM4104123_GCGCAGTCACCAGGTC-1,CSF,-0.07157349201915446
MS,MS58637_CSF,GSM4104123_GCGCAGTCATCGACGC-1,CSF,-0.07157349201915446
MS,MS58637_CSF,GSM4104123_GCGCGATTCCGCATAA-1,CSF,-0.33761646214592506
MS,MS58637_CSF,GSM4104123_GCTGCGATCGTTTAGG-1,CSF,-0.5944612638165612
MS,MS58637_CSF,GSM4104123_GCTGCTTTCATTTGGG-1,CSF,-0.07157349201915446
MS,MS58637_CSF,GSM4104123_GCTTGAAAGAGGTACC-1,CSF,-0.28374360384637415
MS,MS58637_CSF,GSM4104123_GCTTGAAAGGGTATCG-1,CSF,-0.36341619047683466
MS,MS58637_CSF,GSM4104123_GGAATAACAAGCCATT-1,CSF,-0.07157349201915446
MS,MS58637_CSF,GSM4104123_GGACGTCGTGGTTTCA-1,CSF,0.05330595722949021
MS,MS58637_CSF,GSM4104123_GGAGCAAAGTGAAGAG-1,CSF,-0.18550475030448932
MS,MS58637_CSF,GSM4104123_GGATTACAGACCGGAT-1,CSF,-0.22212393746299194
MS,MS58637_CSF,GSM4104123_GGATTACTCAGCCTAA-1,CSF,-0.07157349201915446
MS,MS58637_CSF,GSM4104123_GGCAATTAGAGTCGGT-1,CSF,0.12229356260740978
MS,MS58637_CSF,GSM4104123_GGCAATTGTTTCGCTC-1,CSF,-0.07157349201915446
MS,MS58637_CSF,GSM4104123_GGCGTGTCATCACCCT-1,CSF,-0.24012055078319472
MS,MS58637_CSF,GSM4104123_GGCGTGTGTTCAGGCC-1,CSF,-0.07157349201915446
MS,MS58637_CSF,GSM4104123_GGCTCGAGTCGAATCT-1,CSF,-0.6851847218383549
MS,MS58637_CSF,GSM4104123_GGCTGGTCAGGAATCG-1,CSF,-0.07157349201915446
MS,MS58637_CSF,GSM4104123_GGGATGACATGTTCCC-1,CSF,-0.07157349201915446
MS,MS58637_CSF,GSM4104123_GGGATGAGTCATTAGC-1,CSF,-0.07157349201915446
MS,MS58637_CSF,GSM4104123_GGGCATCCATCTCCCA-1,CSF,0.1267099342706468
MS,MS58637_CSF,GSM4104123_GGTATTGGTATTCGTG-1,CSF,-0.07157349201915446
MS,MS58637_CSF,GSM4104123_GGTGAAGAGGTGATAT-1,CSF,-0.07157349201915446
MS,MS58637_CSF,GSM4104123_GGTGAAGTCACATGCA-1,CSF,0.16561692892181007
MS,MS58637_CSF,GSM4104123_GGTGCGTTCGAGCCCA-1,CSF,0.4255375826819919
MS,MS58637_CSF,GSM4104123_GGTGTTAAGTCGTTTG-1,CSF,-0.07157349201915446
MS,MS58637_CSF,GSM4104123_GGTGTTACATTGCGGC-1,CSF,-0.07157349201915446
MS,MS58637_CSF,GSM4104123_GTAACTGTCTCCTATA-1,CSF,-0.24679431793356568
MS,MS58637_CSF,GSM4104123_GTACTCCCATCATCCC-1,CSF,-0.07157349201915446
MS,MS58637_CSF,GSM4104123_GTACTTTTCTGTCTCG-1,CSF,0.1129250129350525
MS,MS58637_CSF,GSM4104123_GTAGGCCAGCCACGCT-1,CSF,0.20601217607369623
MS,MS58637_CSF,GSM4104123_GTAGGCCGTTCGCTAA-1,CSF,-0.07157349201915446
MS,MS58637_CSF,GSM4104123_GTAGGCCTCTCTGTCG-1,CSF,-0.523740191850003
MS,MS58637_CSF,GSM4104123_GTAGTCAAGCGCCTCA-1,CSF,-0.07157349201915446
MS,MS58637_CSF,GSM4104123_GTATTCTCAGTAGAGC-1,CSF,-0.07157349201915446
MS,MS58637_CSF,GSM4104123_GTCAAGTGTAGCAAAT-1,CSF,-0.07157349201915446
MS,MS58637_CSF,GSM4104123_GTCAAGTTCTTTACGT-1,CSF,-0.07157349201915446
MS,MS58637_CSF,GSM4104123_GTCACGGCACGAAAGC-1,CSF,0.056420429532066683
MS,MS58637_CSF,GSM4104123_GTCGGGTCACGCATCG-1,CSF,0.21351521891320147
MS,MS58637_CSF,GSM4104123_GTCGTAAGTCATCGGC-1,CSF,-0.31057897259041717
MS,MS58637_CSF,GSM4104123_GTGAAGGTCATCTGTT-1,CSF,0.4304757562181206
MS,MS58637_CSF,GSM4104123_GTGGGTCAGAGTAATC-1,CSF,-0.07157349201915446
MS,MS58637_CSF,GSM4104123_GTGGGTCTCCGCTGTT-1,CSF,-0.07157349201915446
MS,MS58637_CSF,GSM4104123_GTGTGCGAGTGCGATG-1,CSF,-0.2858296464994063
MS,MS58637_CSF,GSM4104123_GTGTGCGTCCCAACGG-1,CSF,-0.3297517701867011
MS,MS58637_CSF,GSM4104123_GTGTTAGGTCTACCTC-1,CSF,-0.07157349201915446
MS,MS58637_CSF,GSM4104123_GTTAAGCTCTGGTTCC-1,CSF,-0.07157349201915446
MS,MS58637_CSF,GSM4104123_GTTCATTGTACTTGAC-1,CSF,-0.3107954482563083
MS,MS58637_CSF,GSM4104123_GTTCTCGGTGACTCAT-1,CSF,0.2080617629208228
MS,MS58637_CSF,GSM4104123_GTTTCTACACAACGCC-1,CSF,-0.6798970474346641
MS,MS58637_CSF,GSM4104123_GTTTCTATCGGAAACG-1,CSF,-0.3188116897428936
MS,MS58637_CSF,GSM4104123_TAAGCGTTCCTTGGTC-1,CSF,0.4774416666021298
MS,MS58637_CSF,GSM4104123_TACCTTATCAGTCCCT-1,CSF,-0.3133203389067206
MS,MS58637_CSF,GSM4104123_TACGGATTCGGCGCAT-1,CSF,-0.07157349201915446
MS,MS58637_CSF,GSM4104123_TACTTGTCACGGTGTC-1,CSF,-0.48962894095676013
MS,MS58637_CSF,GSM4104123_TAGTGGTTCTGCGACG-1,CSF,-0.07157349201915446
MS,MS58637_CSF,GSM4104123_TATCAGGTCGCGGATC-1,CSF,-0.3943219756442709
MS,MS58637_CSF,GSM4104123_TATTACCAGCGTTGCC-1,CSF,-0.07157349201915446
MS,MS58637_CSF,GSM4104123_TATTACCCAGGCTGAA-1,CSF,-0.46213315056867754
MS,MS58637_CSF,GSM4104123_TCACAAGCAAATTGCC-1,CSF,-0.07157349201915446
MS,MS58637_CSF,GSM4104123_TCACGAAAGTTTCCTT-1,CSF,0.23403441183814871
MS,MS58637_CSF,GSM4104123_TCACGAACAACGATCT-1,CSF,-0.07157349201915446
MS,MS58637_CSF,GSM4104123_TCAGCAATCTGTTTGT-1,CSF,-0.24391321126465076
MS,MS58637_CSF,GSM4104123_TCAGCTCGTCATATCG-1,CSF,-0.23837295429416502
MS,MS58637_CSF,GSM4104123_TCATTTGAGAGCTATA-1,CSF,-0.07157349201915446
MS,MS58637_CSF,GSM4104123_TCCCGATAGAAAGTGG-1,CSF,-0.2461259294516119
MS,MS58637_CSF,GSM4104123_TCCCGATCAATTCCTT-1,CSF,-0.24104547516726252
MS,MS58637_CSF,GSM4104123_TCGAGGCCAAAGTCAA-1,CSF,-0.3098252037709968
MS,MS58637_CSF,GSM4104123_TCGAGGCGTAAACACA-1,CSF,-0.07157349201915446
MS,MS58637_CSF,GSM4104123_TCGTACCTCGTAGGAG-1,CSF,-0.07157349201915446
MS,MS58637_CSF,GSM4104123_TCGTAGATCCATTCTA-1,CSF,-0.07157349201915446
MS,MS58637_CSF,GSM4104123_TCTCTAAAGACACGAC-1,CSF,-0.07157349201915446
MS,MS58637_CSF,GSM4104123_TCTTTCCTCGATAGAA-1,CSF,0.6529899810340873
MS,MS58637_CSF,GSM4104123_TGAAAGATCGGGAGTA-1,CSF,-0.07157349201915446
MS,MS58637_CSF,GSM4104123_TGACAACTCAAACCAC-1,CSF,0.36853211894386273
MS,MS58637_CSF,GSM4104123_TGAGGGAAGGTCATCT-1,CSF,0.06960414171725356
MS,MS58637_CSF,GSM4104123_TGAGGGAGTCACAAGG-1,CSF,0.24565481140642362
MS,MS58637_CSF,GSM4104123_TGATTTCAGTGTGGCA-1,CSF,0.19190774305856628
MS,MS58637_CSF,GSM4104123_TGCACCTGTGCTGTAT-1,CSF,-0.07157349201915446
MS,MS58637_CSF,GSM4104123_TGCCCATTCGTAGGTT-1,CSF,-0.3435217155296725
MS,MS58637_CSF,GSM4104123_TGCCCATTCTGGTGTA-1,CSF,0.07496208987186868
MS,MS58637_CSF,GSM4104123_TGCCCTAGTCTGCAAT-1,CSF,-0.22050569256379463
MS,MS58637_CSF,GSM4104123_TGCCCTATCACTCCTG-1,CSF,-0.24356802610329936
MS,MS58637_CSF,GSM4104123_TGCGCAGGTTACGCGC-1,CSF,-0.23618794928633996
MS,MS58637_CSF,GSM4104123_TGCGGGTCATCGACGC-1,CSF,-0.07157349201915446
MS,MS58637_CSF,GSM4104123_TGCGGGTGTGCAGTAG-1,CSF,0.30148925503758334
MS,MS58637_CSF,GSM4104123_TGGCCAGAGCAATCTC-1,CSF,-0.07157349201915446
MS,MS58637_CSF,GSM4104123_TGGCCAGGTTCGCGAC-1,CSF,-0.2639268058214436
MS,MS58637_CSF,GSM4104123_TGGCGCAAGCCTATGT-1,CSF,-0.07157349201915446
MS,MS58637_CSF,GSM4104123_TGGGAAGGTACCGAGA-1,CSF,-0.07157349201915446
MS,MS58637_CSF,GSM4104123_TGGGCGTAGATGTGTA-1,CSF,0.23397901936210339
MS,MS58637_CSF,GSM4104123_TGGGCGTCAAGTAGTA-1,CSF,-0.07157349201915446
MS,MS58637_CSF,GSM4104123_TGGTTCCGTAATAGCA-1,CSF,0.1764702941107559
MS,MS58637_CSF,GSM4104123_TGTATTCAGAATGTTG-1,CSF,-0.07157349201915446
MS,MS58637_CSF,GSM4104123_TGTCCCATCCAATGGT-1,CSF,0.4130464537955292
MS,MS58637_CSF,GSM4104123_TGTGGTATCCACTGGG-1,CSF,-0.07157349201915446
MS,MS58637_CSF,GSM4104123_TTAACTCAGGCACATG-1,CSF,-0.07157349201915446
MS,MS58637_CSF,GSM4104123_TTAGGACCACTCGACG-1,CSF,-0.2391488731231254
MS,MS58637_CSF,GSM4104123_TTAGGCAAGAATAGGG-1,CSF,-0.07157349201915446
MS,MS58637_CSF,GSM4104123_TTCCCAGGTCATACTG-1,CSF,0.33304980964327285
MS,MS58637_CSF,GSM4104123_TTCTCAACACCCTATC-1,CSF,0.11219907172623393
MS,MS58637_CSF,GSM4104123_TTCTCAATCCTATTCA-1,CSF,-0.07157349201915446
MS,MS58637_CSF,GSM4104123_TTCTCCTTCCGATATG-1,CSF,-0.07157349201915446
MS,MS58637_CSF,GSM4104123_TTGAACGAGGTGCAAC-1,CSF,0.055221702907748985
MS,MS58637_CSF,GSM4104123_TTGCCGTAGACAAGCC-1,CSF,-0.07157349201915446
MS,MS58637_CSF,GSM4104123_TTGCGTCCACTGTCGG-1,CSF,-0.1547754629856495
MS,MS58637_CSF,GSM4104123_TTGCGTCGTGGACGAT-1,CSF,-0.07157349201915446
MS,MS58637_CSF,GSM4104123_TTGGAACAGCGTTTAC-1,CSF,0.40945520401332436
MS,MS58637_CSF,GSM4104123_TTGGAACTCCTGTACC-1,CSF,-0.33014673338434325
MS,MS58637_CSF,GSM4104123_TTTACTGCAAATCCGT-1,CSF,-0.21099145001909875
MS,MS58637_CSF,GSM4104123_TTTCCTCAGCTGAAAT-1,CSF,0.36898158495971317
MS,MS60249_CSF,GSM4104126_AAACCTGCACCGCTAG-1,CSF,0.39736788056317307
MS,MS60249_CSF,GSM4104126_AAACCTGGTAGCTCCG-1,CSF,-0.23937888949874414
MS,MS60249_CSF,GSM4104126_AAACCTGTCTGAAAGA-1,CSF,-0.35958157587883327
MS,MS60249_CSF,GSM4104126_AAACGGGAGACTGGGT-1,CSF,-0.07157349201915446
MS,MS60249_CSF,GSM4104126_AAACGGGCACATCCAA-1,CSF,-0.07157349201915446
MS,MS60249_CSF,GSM4104126_AAACGGGGTTACGCGC-1,CSF,-0.07157349201915446
MS,MS60249_CSF,GSM4104126_AAAGATGAGCCGATTT-1,CSF,0.0535995520946745
MS,MS60249_CSF,GSM4104126_AAAGATGAGCTAGTCT-1,CSF,0.2644646546112791
MS,MS60249_CSF,GSM4104126_AAAGATGCAACGATGG-1,CSF,-0.4834690929942682
MS,MS60249_CSF,GSM4104126_AAAGATGCAGGAATGC-1,CSF,-0.07157349201915446
MS,MS60249_CSF,GSM4104126_AAAGATGGTACATGTC-1,CSF,-0.07157349201915446
MS,MS60249_CSF,GSM4104126_AAAGATGTCCGCATCT-1,CSF,-0.07157349201915446
MS,MS60249_CSF,GSM4104126_AAAGCAACATGACGGA-1,CSF,-0.005079820597001687
MS,MS60249_CSF,GSM4104126_AAAGCAAGTAAGTGGC-1,CSF,0.059859248666702745
MS,MS60249_CSF,GSM4104126_AAAGCAAGTACAAGTA-1,CSF,-0.07157349201915446
MS,MS60249_CSF,GSM4104126_AAAGCAAGTTACAGAA-1,CSF,-0.32435209620736183
MS,MS60249_CSF,GSM4104126_AAAGTAGAGCTAAGAT-1,CSF,-0.07157349201915446
MS,MS60249_CSF,GSM4104126_AAAGTAGCACATAACC-1,CSF,0.2663829952835215
MS,MS60249_CSF,GSM4104126_AAAGTAGGTCACTGGC-1,CSF,-0.37605117793977066
MS,MS60249_CSF,GSM4104126_AAAGTAGGTGAGTGAC-1,CSF,-0.27439508852617717
MS,MS60249_CSF,GSM4104126_AAAGTAGTCTCTTGAT-1,CSF,0.09120451124519335
MS,MS60249_CSF,GSM4104126_AAATGCCAGGATCGCA-1,CSF,0.2678988687058509
MS,MS60249_CSF,GSM4104126_AAATGCCTCTGTCTAT-1,CSF,-0.07157349201915446
MS,MS60249_CSF,GSM4104126_AACACGTCAGCTTCGG-1,CSF,0.11395083656242878
MS,MS60249_CSF,GSM4104126_AACACGTTCAACACAC-1,CSF,-0.11297590012188066
MS,MS60249_CSF,GSM4104126_AACACGTTCTGCAGTA-1,CSF,0.2810346096324956
MS,MS60249_CSF,GSM4104126_AACACGTTCTGTCTCG-1,CSF,-0.07157349201915446
MS,MS60249_CSF,GSM4104126_AACCATGGTACCGGCT-1,CSF,-0.6656928629736345
MS,MS60249_CSF,GSM4104126_AACCATGGTCTTCAAG-1,CSF,0.044700606774402275
MS,MS60249_CSF,GSM4104126_AACCATGTCCACGTTC-1,CSF,0.6669852536142941
MS,MS60249_CSF,GSM4104126_AACCGCGAGATCGATA-1,CSF,0.2275080223450022
MS,MS60249_CSF,GSM4104126_AACCGCGGTACTCGCG-1,CSF,-0.07157349201915446
MS,MS60249_CSF,GSM4104126_AACGTTGCAGATCTGT-1,CSF,-0.07157349201915446
MS,MS60249_CSF,GSM4104126_AACGTTGCATCACAAC-1,CSF,0.238257944323788
MS,MS60249_CSF,GSM4104126_AACGTTGGTAGCGTCC-1,CSF,0.2683473435201932
MS,MS60249_CSF,GSM4104126_AACGTTGTCAACTCTT-1,CSF,-0.15321465582199592
MS,MS60249_CSF,GSM4104126_AACGTTGTCACTTACT-1,CSF,-0.07157349201915446
MS,MS60249_CSF,GSM4104126_AACTCAGCACCGATAT-1,CSF,-0.07157349201915446
MS,MS60249_CSF,GSM4104126_AACTCAGGTCTGCGGT-1,CSF,-0.07157349201915446
MS,MS60249_CSF,GSM4104126_AACTCAGGTCTTCAAG-1,CSF,0.12484101629085051
MS,MS60249_CSF,GSM4104126_AACTCAGTCAATAAGG-1,CSF,0.3468710794515003
MS,MS60249_CSF,GSM4104126_AACTCAGTCGCTTGTC-1,CSF,0.3969085651939007
MS,MS60249_CSF,GSM4104126_AACTCAGTCGTTTAGG-1,CSF,0.4084677197858694
MS,MS60249_CSF,GSM4104126_AACTCCCAGAGCCTAG-1,CSF,-0.07157349201915446
MS,MS60249_CSF,GSM4104126_AACTCCCAGCATCATC-1,CSF,0.3458370272769441
MS,MS60249_CSF,GSM4104126_AACTCCCCAGTAAGAT-1,CSF,-0.07157349201915446
MS,MS60249_CSF,GSM4104126_AACTCCCCATAGACTC-1,CSF,-0.3000494231894154
MS,MS60249_CSF,GSM4104126_AACTCCCCATGGTAGG-1,CSF,-0.5326080704106939
MS,MS60249_CSF,GSM4104126_AACTCCCGTAGAGCTG-1,CSF,-0.07157349201915446
MS,MS60249_CSF,GSM4104126_AACTCCCGTCACTTCC-1,CSF,0.2029762833394586
MS,MS60249_CSF,GSM4104126_AACTCCCGTCATGCCG-1,CSF,-0.07157349201915446
MS,MS60249_CSF,GSM4104126_AACTCTTAGATCACGG-1,CSF,-0.07157349201915446
MS,MS60249_CSF,GSM4104126_AACTCTTCATGGAATA-1,CSF,0.24470506596594513
MS,MS60249_CSF,GSM4104126_AACTCTTTCAACGGCC-1,CSF,0.05958723060618798
MS,MS60249_CSF,GSM4104126_AACTTTCAGTTGAGAT-1,CSF,-0.07157349201915446
MS,MS60249_CSF,GSM4104126_AACTTTCTCTTAGCCC-1,CSF,0.17044413721991827
MS,MS60249_CSF,GSM4104126_AAGACCTAGACAGAGA-1,CSF,-0.07157349201915446
MS,MS60249_CSF,GSM4104126_AAGACCTAGCATGGCA-1,CSF,-0.21784845939993297
MS,MS60249_CSF,GSM4104126_AAGACCTCACGACGAA-1,CSF,-0.07157349201915446
MS,MS60249_CSF,GSM4104126_AAGACCTCAGACGCTC-1,CSF,0.16437224341634393
MS,MS60249_CSF,GSM4104126_AAGACCTTCCGAGCCA-1,CSF,-0.07157349201915446
MS,MS60249_CSF,GSM4104126_AAGCCGCCATGTTCCC-1,CSF,0.4074017027261823
MS,MS60249_CSF,GSM4104126_AAGCCGCGTATCGCAT-1,CSF,0.08133752800078743
MS,MS60249_CSF,GSM4104126_AAGCCGCGTCCGAGTC-1,CSF,-0.2648851924843152
MS,MS60249_CSF,GSM4104126_AAGCCGCGTTGAACTC-1,CSF,-0.07157349201915446
MS,MS60249_CSF,GSM4104126_AAGCCGCTCACAGTAC-1,CSF,-0.07157349201915446
MS,MS60249_CSF,GSM4104126_AAGCCGCTCACGAAGG-1,CSF,-0.5423175796486414
MS,MS60249_CSF,GSM4104126_AAGGAGCGTAGCCTCG-1,CSF,-0.07157349201915446
MS,MS60249_CSF,GSM4104126_AAGGAGCGTCCTCTTG-1,CSF,-0.07157349201915446
MS,MS60249_CSF,GSM4104126_AAGGAGCGTGATGTCT-1,CSF,-0.07157349201915446
MS,MS60249_CSF,GSM4104126_AAGGCAGAGTGTCCCG-1,CSF,-0.29503426842538266
MS,MS60249_CSF,GSM4104126_AAGGCAGCACATGGGA-1,CSF,0.26415105311505366
MS,MS60249_CSF,GSM4104126_AAGGCAGGTTTAGCTG-1,CSF,-0.07157349201915446
MS,MS60249_CSF,GSM4104126_AAGGCAGTCACTTATC-1,CSF,0.21792883542860375
MS,MS60249_CSF,GSM4104126_AAGGTTCGTAAGAGGA-1,CSF,-0.2508988595820328
MS,MS60249_CSF,GSM4104126_AAGGTTCGTGAGGCTA-1,CSF,-0.22702911998323444
MS,MS60249_CSF,GSM4104126_AAGGTTCTCGTTTAGG-1,CSF,-0.6643347283047355
MS,MS60249_CSF,GSM4104126_AAGGTTCTCTTGACGA-1,CSF,0.20397884264594954
MS,MS60249_CSF,GSM4104126_AAGTCTGAGCGTCTAT-1,CSF,0.11063463260449231
MS,MS60249_CSF,GSM4104126_AAGTCTGAGCTGTTCA-1,CSF,-0.24480934767655693
MS,MS60249_CSF,GSM4104126_AATCCAGAGATTACCC-1,CSF,-0.07157349201915446
MS,MS60249_CSF,GSM4104126_AATCCAGAGCTCAACT-1,CSF,-0.07157349201915446
MS,MS60249_CSF,GSM4104126_AATCCAGGTGTATGGG-1,CSF,-0.07157349201915446
MS,MS60249_CSF,GSM4104126_AATCCAGTCTCGTATT-1,CSF,0.23840877011944453
MS,MS60249_CSF,GSM4104126_AATCGGTCAGGGTATG-1,CSF,-0.07157349201915446
MS,MS60249_CSF,GSM4104126_AATCGGTGTGGGTATG-1,CSF,0.31117036980585633
MS,MS60249_CSF,GSM4104126_ACACCAAAGTCGTACT-1,CSF,-0.07157349201915446
MS,MS60249_CSF,GSM4104126_ACACCAACAGCATGAG-1,CSF,-0.07157349201915446
MS,MS60249_CSF,GSM4104126_ACACCAACAGTTCCCT-1,CSF,-0.07157349201915446
MS,MS60249_CSF,GSM4104126_ACACCCTAGACGCAAC-1,CSF,0.10761388962770599
MS,MS60249_CSF,GSM4104126_ACACCCTAGTGCCAGA-1,CSF,0.1996181063180368
MS,MS60249_CSF,GSM4104126_ACACCCTCACATGGGA-1,CSF,-0.07157349201915446
MS,MS60249_CSF,GSM4104126_ACACCCTGTAAGAGGA-1,CSF,-0.07157349201915446
MS,MS60249_CSF,GSM4104126_ACACCCTGTAGCTGCC-1,CSF,-0.07157349201915446
MS,MS60249_CSF,GSM4104126_ACACCCTTCGTGGTCG-1,CSF,-0.07157349201915446
MS,MS60249_CSF,GSM4104126_ACACCCTTCTGAAAGA-1,CSF,-0.07157349201915446
MS,MS60249_CSF,GSM4104126_ACACCGGCATGCCACG-1,CSF,0.24955344159051096
MS,MS60249_CSF,GSM4104126_ACACCGGCATTAGCCA-1,CSF,-0.2616758635227442
MS,MS60249_CSF,GSM4104126_ACACCGGGTCCTAGCG-1,CSF,-0.14964055907675466
MS,MS60249_CSF,GSM4104126_ACACTGAAGGCTAGGT-1,CSF,-0.07157349201915446
MS,MS60249_CSF,GSM4104126_ACACTGACAACGATGG-1,CSF,0.458102020759157
MS,MS60249_CSF,GSM4104126_ACACTGACACACAGAG-1,CSF,-0.07157349201915446
MS,MS60249_CSF,GSM4104126_ACACTGACAGATGGCA-1,CSF,-0.2610973898030872
MS,MS60249_CSF,GSM4104126_ACACTGACAGGTGCCT-1,CSF,0.23653119530679742
MS,MS60249_CSF,GSM4104126_ACACTGACAGTCAGCC-1,CSF,0.08286042993624605
MS,MS60249_CSF,GSM4104126_ACACTGAGTAGCTAAA-1,CSF,-0.07157349201915446
MS,MS60249_CSF,GSM4104126_ACACTGATCGTAGGTT-1,CSF,-0.07157349201915446
MS,MS60249_CSF,GSM4104126_ACACTGATCTGCAGTA-1,CSF,1.0140075091581076
MS,MS60249_CSF,GSM4104126_ACACTGATCTTGACGA-1,CSF,-0.25545072667105784
MS,MS60249_CSF,GSM4104126_ACAGCCGAGTAAGTAC-1,CSF,-0.41818219468376944
MS,MS60249_CSF,GSM4104126_ACAGCCGCAGTAAGCG-1,CSF,-0.07157349201915446
MS,MS60249_CSF,GSM4104126_ACAGCCGCATTCTTAC-1,CSF,-0.4193530008337529
MS,MS60249_CSF,GSM4104126_ACAGCTAAGCACCGCT-1,CSF,0.10855840328040564
MS,MS60249_CSF,GSM4104126_ACAGCTACACATCCGG-1,CSF,-0.04633007122874279
MS,MS60249_CSF,GSM4104126_ACAGCTACATCACAAC-1,CSF,0.4012712401258288
MS,MS60249_CSF,GSM4104126_ACATACGAGTGGTCCC-1,CSF,-0.07157349201915446
MS,MS60249_CSF,GSM4104126_ACATACGGTAAGCACG-1,CSF,-0.345189273121194
MS,MS60249_CSF,GSM4104126_ACATACGGTCTCACCT-1,CSF,-0.07157349201915446
MS,MS60249_CSF,GSM4104126_ACATACGGTGGTCTCG-1,CSF,-0.07157349201915446
MS,MS60249_CSF,GSM4104126_ACATACGTCAGCAACT-1,CSF,-0.07157349201915446
MS,MS60249_CSF,GSM4104126_ACATACGTCTTGTATC-1,CSF,0.14932591650423824
MS,MS60249_CSF,GSM4104126_ACATCAGTCCTCTAGC-1,CSF,-0.07157349201915446
MS,MS60249_CSF,GSM4104126_ACATGGTAGATCTGCT-1,CSF,0.2373978203135951
MS,MS60249_CSF,GSM4104126_ACATGGTAGCAGCGTA-1,CSF,0.10888073341263602
MS,MS60249_CSF,GSM4104126_ACATGGTAGGCTAGCA-1,CSF,-0.22725657682945094
MS,MS60249_CSF,GSM4104126_ACATGGTCAAACGCGA-1,CSF,-0.3287710769395472
MS,MS60249_CSF,GSM4104126_ACATGGTCAAGCGATG-1,CSF,0.3434208739306555
MS,MS60249_CSF,GSM4104126_ACATGGTTCGTTACGA-1,CSF,-0.07157349201915446
MS,MS60249_CSF,GSM4104126_ACCAGTACAATGGATA-1,CSF,-0.07157349201915446
MS,MS60249_CSF,GSM4104126_ACCAGTACAGTTCATG-1,CSF,0.5986949133245414
MS,MS60249_CSF,GSM4104126_ACCAGTAGTATAGTAG-1,CSF,-0.07157349201915446
MS,MS60249_CSF,GSM4104126_ACCAGTAGTCACACGC-1,CSF,-0.1592666509817667
MS,MS60249_CSF,GSM4104126_ACCCACTGTAGCAAAT-1,CSF,-0.03673084355230065
MS,MS60249_CSF,GSM4104126_ACCCACTGTGCACTTA-1,CSF,0.7401346430921992
MS,MS60249_CSF,GSM4104126_ACCCACTTCTTTACGT-1,CSF,-0.2544571675439415
MS,MS60249_CSF,GSM4104126_ACCGTAACAGTAACGG-1,CSF,0.22155434894691892
MS,MS60249_CSF,GSM4104126_ACCGTAATCCTTGGTC-1,CSF,0.23408465068085269
MS,MS60249_CSF,GSM4104126_ACCGTAATCTGGTGTA-1,CSF,-0.35888308019957754
MS,MS60249_CSF,GSM4104126_ACCTTTAAGAGGTACC-1,CSF,0.11887772974612977
MS,MS60249_CSF,GSM4104126_ACCTTTAAGATGTCGG-1,CSF,0.2700812409809498
MS,MS60249_CSF,GSM4104126_ACCTTTAAGTCAATAG-1,CSF,-0.07157349201915446
MS,MS60249_CSF,GSM4104126_ACCTTTAGTCCATCCT-1,CSF,-0.25393707116939707
MS,MS60249_CSF,GSM4104126_ACCTTTAGTTAAGATG-1,CSF,0.4673060634482985
MS,MS60249_CSF,GSM4104126_ACCTTTATCCTCTAGC-1,CSF,-0.07157349201915446
MS,MS60249_CSF,GSM4104126_ACGAGCCAGGTGCTAG-1,CSF,-0.22451334747586285
MS,MS60249_CSF,GSM4104126_ACGAGCCCAAGTTCTG-1,CSF,-0.07157349201915446
MS,MS60249_CSF,GSM4104126_ACGAGCCCACGAAAGC-1,CSF,0.2757508129950536
MS,MS60249_CSF,GSM4104126_ACGAGCCCAGGAATCG-1,CSF,-0.07157349201915446
MS,MS60249_CSF,GSM4104126_ACGAGCCGTGTCTGAT-1,CSF,0.08906079089400414
MS,MS60249_CSF,GSM4104126_ACGAGCCTCATGTCCC-1,CSF,-0.07157349201915446
MS,MS60249_CSF,GSM4104126_ACGAGGAAGAGTCGGT-1,CSF,-0.07157349201915446
MS,MS60249_CSF,GSM4104126_ACGAGGAGTCGAACAG-1,CSF,-0.07157349201915446
MS,MS60249_CSF,GSM4104126_ACGAGGATCACAATGC-1,CSF,0.19828944169918886
MS,MS60249_CSF,GSM4104126_ACGAGGATCTTGTTTG-1,CSF,0.5073285733816639
MS,MS60249_CSF,GSM4104126_ACGATACAGCGTTCCG-1,CSF,-0.07157349201915446
MS,MS60249_CSF,GSM4104126_ACGATACCAATAGAGT-1,CSF,-0.07157349201915446
MS,MS60249_CSF,GSM4104126_ACGATACGTACAGTTC-1,CSF,-0.014508613332884668
MS,MS60249_CSF,GSM4104126_ACGATACGTCAGAGGT-1,CSF,0.3179906144662704
MS,MS60249_CSF,GSM4104126_ACGATACGTTAGAACA-1,CSF,0.2139663647946039
MS,MS60249_CSF,GSM4104126_ACGCAGCCACTATCTT-1,CSF,0.36710204467838203
MS,MS60249_CSF,GSM4104126_ACGCAGCGTACTTGAC-1,CSF,-0.07157349201915446
MS,MS60249_CSF,GSM4104126_ACGCAGCGTCTCCCTA-1,CSF,-0.07157349201915446
MS,MS60249_CSF,GSM4104126_ACGCAGCGTTGCGTTA-1,CSF,0.20149589196755877
MS,MS60249_CSF,GSM4104126_ACGCAGCTCACTCCTG-1,CSF,-0.07157349201915446
MS,MS60249_CSF,GSM4104126_ACGCAGCTCGTTTAGG-1,CSF,-0.07157349201915446
MS,MS60249_CSF,GSM4104126_ACGCCAGCAGGTCGTC-1,CSF,0.934953020067441
MS,MS60249_CSF,GSM4104126_ACGCCAGTCAATCTCT-1,CSF,-0.04645855808212483
MS,MS60249_CSF,GSM4104126_ACGCCAGTCCAATGGT-1,CSF,-0.07157349201915446
MS,MS60249_CSF,GSM4104126_ACGCCAGTCCGTTGCT-1,CSF,-0.07157349201915446
MS,MS60249_CSF,GSM4104126_ACGCCGAAGATGGGTC-1,CSF,-0.07157349201915446
MS,MS60249_CSF,GSM4104126_ACGCCGAGTTAAGAAC-1,CSF,-0.12472157302094244
MS,MS60249_CSF,GSM4104126_ACGGAGAAGGCCATAG-1,CSF,-0.07157349201915446
MS,MS60249_CSF,GSM4104126_ACGGAGACACCCAGTG-1,CSF,0.10259416529894314
MS,MS60249_CSF,GSM4104126_ACGGAGAGTCTTCTCG-1,CSF,-0.07157349201915446
MS,MS60249_CSF,GSM4104126_ACGGAGAGTGATAAGT-1,CSF,0.2505660340169924
MS,MS60249_CSF,GSM4104126_ACGGAGAGTGCACGAA-1,CSF,0.004073368741954678
MS,MS60249_CSF,GSM4104126_ACGGAGAGTTAGATGA-1,CSF,-0.07157349201915446
MS,MS60249_CSF,GSM4104126_ACGGAGATCATTATCC-1,CSF,-0.07157349201915446
MS,MS60249_CSF,GSM4104126_ACGGAGATCGCCATAA-1,CSF,-0.07157349201915446
MS,MS60249_CSF,GSM4104126_ACGGCCAAGGCAAAGA-1,CSF,0.11181509956441091
MS,MS60249_CSF,GSM4104126_ACGGCCACAAGGTTTC-1,CSF,-0.24684601039012163
MS,MS60249_CSF,GSM4104126_ACGGCCAGTACACCGC-1,CSF,-0.2251291662518624
MS,MS60249_CSF,GSM4104126_ACGGGCTAGCGTGAGT-1,CSF,-0.07157349201915446
MS,MS60249_CSF,GSM4104126_ACGGGCTAGGCCCTCA-1,CSF,-0.07157349201915446
MS,MS60249_CSF,GSM4104126_ACGGGCTGTACATCCA-1,CSF,-0.07157349201915446
MS,MS60249_CSF,GSM4104126_ACGGGCTTCGAGAGCA-1,CSF,0.1723564108557403
MS,MS60249_CSF,GSM4104126_ACGGGCTTCGCATGGC-1,CSF,-0.07157349201915446
MS,MS60249_CSF,GSM4104126_ACGGGCTTCGGCGCAT-1,CSF,0.13488938641688636
MS,MS60249_CSF,GSM4104126_ACGGGCTTCTACTATC-1,CSF,0.3492907235855263
MS,MS60249_CSF,GSM4104126_ACGGGCTTCTTATCTG-1,CSF,-0.07157349201915446
MS,MS60249_CSF,GSM4104126_ACGGGTCAGTGACATA-1,CSF,-0.07157349201915446
MS,MS60249_CSF,GSM4104126_ACGGGTCGTCAACATC-1,CSF,-0.07157349201915446
MS,MS60249_CSF,GSM4104126_ACGTCAACATTGGTAC-1,CSF,-0.20066976126562844
MS,MS60249_CSF,GSM4104126_ACTATCTTCAAGAAGT-1,CSF,0.25069457062192463
MS,MS60249_CSF,GSM4104126_ACTATCTTCACTTATC-1,CSF,-0.035407138576792625
MS,MS60249_CSF,GSM4104126_ACTATCTTCGAGAACG-1,CSF,0.16662903853506777
MS,MS60249_CSF,GSM4104126_ACTGAACTCAACACAC-1,CSF,0.24679626211627953
MS,MS60249_CSF,GSM4104126_ACTGAACTCGTAGGTT-1,CSF,0.34486728515067416
MS,MS60249_CSF,GSM4104126_ACTGAGTCAAGGACTG-1,CSF,-0.07157349201915446
MS,MS60249_CSF,GSM4104126_ACTGAGTTCATCGGAT-1,CSF,-0.07157349201915446
MS,MS60249_CSF,GSM4104126_ACTGAGTTCGCCAGCA-1,CSF,-0.1917643354107194
MS,MS60249_CSF,GSM4104126_ACTGATGAGCTCCTCT-1,CSF,0.5095966445374445
MS,MS60249_CSF,GSM4104126_ACTGATGCATGCCCGA-1,CSF,0.24298041044069096
MS,MS60249_CSF,GSM4104126_ACTGATGGTAGGGACT-1,CSF,-0.07157349201915446
MS,MS60249_CSF,GSM4104126_ACTGATGTCGATCCCT-1,CSF,0.0628291196769178
MS,MS60249_CSF,GSM4104126_ACTGATGTCTATCCTA-1,CSF,0.3001374248526615
MS,MS60249_CSF,GSM4104126_ACTGCTCAGCGCCTCA-1,CSF,0.33112870360027685
MS,MS60249_CSF,GSM4104126_ACTGCTCCAGTATGCT-1,CSF,0.16172286397691127
MS,MS60249_CSF,GSM4104126_ACTGCTCCATACGCTA-1,CSF,-0.07157349201915446
MS,MS60249_CSF,GSM4104126_ACTGCTCGTCATCGGC-1,CSF,0.6760375616626366
MS,MS60249_CSF,GSM4104126_ACTGCTCGTCATGCAT-1,CSF,0.18006379918348653
MS,MS60249_CSF,GSM4104126_ACTGCTCGTCTTGCGG-1,CSF,-0.07157349201915446
MS,MS60249_CSF,GSM4104126_ACTGCTCTCAAACCGT-1,CSF,-0.2128394302475491
MS,MS60249_CSF,GSM4104126_ACTGCTCTCCCTAACC-1,CSF,-0.2516455194768455
MS,MS60249_CSF,GSM4104126_ACTGTCCAGCGTGAGT-1,CSF,-0.25663874980852663
MS,MS60249_CSF,GSM4104126_ACTGTCCCAAACAACA-1,CSF,-0.13230321379655974
MS,MS60249_CSF,GSM4104126_ACTGTCCCACGAGGTA-1,CSF,0.19639538669542914
MS,MS60249_CSF,GSM4104126_ACTGTCCGTACTTCTT-1,CSF,0.9123600875642248
MS,MS60249_CSF,GSM4104126_ACTGTCCGTTCGCGAC-1,CSF,-0.07157349201915446
MS,MS60249_CSF,GSM4104126_ACTGTCCTCATGTCTT-1,CSF,0.10187328648853371
MS,MS60249_CSF,GSM4104126_ACTGTCCTCCCAAGAT-1,CSF,-0.07157349201915446
MS,MS60249_CSF,GSM4104126_ACTTACTTCAAAGTAG-1,CSF,0.233744589297312
MS,MS60249_CSF,GSM4104126_ACTTACTTCACAGTAC-1,CSF,-0.07157349201915446
MS,MS60249_CSF,GSM4104126_ACTTACTTCTAAGCCA-1,CSF,0.23778419094419817
MS,MS60249_CSF,GSM4104126_ACTTACTTCTTACCGC-1,CSF,0.1970859829554943
MS,MS60249_CSF,GSM4104126_ACTTGTTTCGTATCAG-1,CSF,-0.002387071943436284
MS,MS60249_CSF,GSM4104126_ACTTTCAAGAAGGACA-1,CSF,-0.07157349201915446
MS,MS60249_CSF,GSM4104126_ACTTTCAAGAGTACCG-1,CSF,0.1772983964173173
MS,MS60249_CSF,GSM4104126_ACTTTCAAGTGACATA-1,CSF,-0.3581027115864436
MS,MS60249_CSF,GSM4104126_ACTTTCACATATACGC-1,CSF,-0.07157349201915446
MS,MS60249_CSF,GSM4104126_ACTTTCATCTTTAGTC-1,CSF,-0.07157349201915446
MS,MS60249_CSF,GSM4104126_AGAATAGCACACCGAC-1,CSF,0.14585352028552045
MS,MS60249_CSF,GSM4104126_AGAATAGCAGGCTGAA-1,CSF,-0.004015187984822303
MS,MS60249_CSF,GSM4104126_AGAATAGGTGATGCCC-1,CSF,-0.07157349201915446
MS,MS60249_CSF,GSM4104126_AGAATAGTCAAGCCTA-1,CSF,-0.07157349201915446
MS,MS60249_CSF,GSM4104126_AGACGTTAGCCAGAAC-1,CSF,0.04934758611113726
MS,MS60249_CSF,GSM4104126_AGACGTTAGGTAAACT-1,CSF,-0.07157349201915446
MS,MS60249_CSF,GSM4104126_AGACGTTGTATGAATG-1,CSF,0.23955668939423272
MS,MS60249_CSF,GSM4104126_AGAGCGACATGCTGGC-1,CSF,0.45241720365126886
MS,MS60249_CSF,GSM4104126_AGAGCGATCGCTAGCG-1,CSF,-0.07157349201915446
MS,MS60249_CSF,GSM4104126_AGAGCGATCTCAAGTG-1,CSF,-0.045806487614087975
MS,MS60249_CSF,GSM4104126_AGAGCTTAGCCTATGT-1,CSF,0.4174195531691943
MS,MS60249_CSF,GSM4104126_AGAGCTTCAATCCAAC-1,CSF,-0.19774020421073382
MS,MS60249_CSF,GSM4104126_AGAGCTTTCCTAGTGA-1,CSF,-0.07157349201915446
MS,MS60249_CSF,GSM4104126_AGAGCTTTCCTCCTAG-1,CSF,-0.07157349201915446
MS,MS60249_CSF,GSM4104126_AGAGCTTTCTGCGTAA-1,CSF,-0.07157349201915446
MS,MS60249_CSF,GSM4104126_AGAGTGGTCAACGGCC-1,CSF,0.3967427142358003
MS,MS60249_CSF,GSM4104126_AGATCTGAGCTGTTCA-1,CSF,-0.07157349201915446
MS,MS60249_CSF,GSM4104126_AGATCTGAGTCAAGGC-1,CSF,-0.35019793975914115
MS,MS60249_CSF,GSM4104126_AGATCTGCAACGCACC-1,CSF,-0.07157349201915446
MS,MS60249_CSF,GSM4104126_AGATCTGCACCCATGG-1,CSF,-0.07157349201915446
MS,MS60249_CSF,GSM4104126_AGATCTGCAGGTCGTC-1,CSF,-0.07157349201915446
MS,MS60249_CSF,GSM4104126_AGATCTGGTTTAGCTG-1,CSF,-0.4700116370414353
MS,MS60249_CSF,GSM4104126_AGATCTGTCGTTACGA-1,CSF,0.03165394632618814
MS,MS60249_CSF,GSM4104126_AGATTGCAGTTGAGTA-1,CSF,-0.39046009095086465
MS,MS60249_CSF,GSM4104126_AGATTGCCAGTAACGG-1,CSF,-0.07157349201915446
MS,MS60249_CSF,GSM4104126_AGATTGCTCACTTCAT-1,CSF,0.1992491720902618
MS,MS60249_CSF,GSM4104126_AGATTGCTCAGTTTGG-1,CSF,-0.07157349201915446
MS,MS60249_CSF,GSM4104126_AGATTGCTCTCGTTTA-1,CSF,0.7286306623408448
MS,MS60249_CSF,GSM4104126_AGCAGCCAGGCCCTCA-1,CSF,-0.07157349201915446
MS,MS60249_CSF,GSM4104126_AGCAGCCAGTACGATA-1,CSF,-0.23828227669173266
MS,MS60249_CSF,GSM4104126_AGCATACAGCCCAACC-1,CSF,0.39909932575194057
MS,MS60249_CSF,GSM4104126_AGCATACGTCCGAATT-1,CSF,-0.07157349201915446
MS,MS60249_CSF,GSM4104126_AGCCTAAAGGTGACCA-1,CSF,-0.07157349201915446
MS,MS60249_CSF,GSM4104126_AGCCTAACAGTCACTA-1,CSF,0.24931342860168412
MS,MS60249_CSF,GSM4104126_AGCCTAAGTTCGAATC-1,CSF,-0.32394491534178044
MS,MS60249_CSF,GSM4104126_AGCGGTCCAGCCTTTC-1,CSF,-0.20143066418876207
MS,MS60249_CSF,GSM4104126_AGCGGTCTCCCATTAT-1,CSF,-0.07157349201915446
MS,MS60249_CSF,GSM4104126_AGCGTATAGTGGGCTA-1,CSF,0.32737101629802723
MS,MS60249_CSF,GSM4104126_AGCGTATCACACATGT-1,CSF,0.1950892736729369
MS,MS60249_CSF,GSM4104126_AGCGTATGTCTCCCTA-1,CSF,-0.07157349201915446
MS,MS60249_CSF,GSM4104126_AGCGTATTCACTTACT-1,CSF,-0.07157349201915446
MS,MS60249_CSF,GSM4104126_AGCGTATTCATACGGT-1,CSF,-0.07157349201915446
MS,MS60249_CSF,GSM4104126_AGCGTATTCTTGCATT-1,CSF,-0.24044772890239827
MS,MS60249_CSF,GSM4104126_AGCGTCGCACGAAATA-1,CSF,-0.07157349201915446
MS,MS60249_CSF,GSM4104126_AGCGTCGCAGCCAATT-1,CSF,-0.07157349201915446
MS,MS60249_CSF,GSM4104126_AGCGTCGTCCGTCAAA-1,CSF,0.31971703544084873
MS,MS60249_CSF,GSM4104126_AGCGTCGTCTGTACGA-1,CSF,0.1740501601159913
MS,MS60249_CSF,GSM4104126_AGCTCCTAGATCACGG-1,CSF,-0.07157349201915446
MS,MS60249_CSF,GSM4104126_AGCTCCTCACGGCTAC-1,CSF,-0.18242576691935217
MS,MS60249_CSF,GSM4104126_AGCTCCTCATAGACTC-1,CSF,-0.25393707116939707
MS,MS60249_CSF,GSM4104126_AGCTCCTTCGCTAGCG-1,CSF,-0.07157349201915446
MS,MS60249_CSF,GSM4104126_AGCTCTCAGACAAGCC-1,CSF,0.24137751844314434
MS,MS60249_CSF,GSM4104126_AGCTCTCAGACTAGGC-1,CSF,-0.07157349201915446
MS,MS60249_CSF,GSM4104126_AGCTCTCCAGTATGCT-1,CSF,-0.07157349201915446
MS,MS60249_CSF,GSM4104126_AGCTCTCCATTGGGCC-1,CSF,-0.40877140070222373
MS,MS60249_CSF,GSM4104126_AGCTCTCGTCTTGTCC-1,CSF,-0.24571799065173858
MS,MS60249_CSF,GSM4104126_AGCTCTCTCCAGAAGG-1,CSF,-0.07157349201915446
MS,MS60249_CSF,GSM4104126_AGCTCTCTCGAGGTAG-1,CSF,-0.22702911998323444
MS,MS60249_CSF,GSM4104126_AGCTTGAAGACTGGGT-1,CSF,-0.07157349201915446
MS,MS60249_CSF,GSM4104126_AGCTTGAAGGAGCGAG-1,CSF,-0.07157349201915446
MS,MS60249_CSF,GSM4104126_AGGCCACAGCAATCTC-1,CSF,0.26613753225907055
MS,MS60249_CSF,GSM4104126_AGGCCACAGGATGCGT-1,CSF,-0.41550322350679975
MS,MS60249_CSF,GSM4104126_AGGCCACCAGGTGGAT-1,CSF,-0.19406734022875302
MS,MS60249_CSF,GSM4104126_AGGCCGTAGGCAATTA-1,CSF,0.24757316358124642
MS,MS60249_CSF,GSM4104126_AGGCCGTAGTCTCAAC-1,CSF,-0.30963008234327366
MS,MS60249_CSF,GSM4104126_AGGCCGTCAAGGACAC-1,CSF,-0.07157349201915446
MS,MS60249_CSF,GSM4104126_AGGCCGTCACAGACAG-1,CSF,-0.07157349201915446
MS,MS60249_CSF,GSM4104126_AGGCCGTTCGAGAGCA-1,CSF,-0.07157349201915446
MS,MS60249_CSF,GSM4104126_AGGGAGTAGCGATCCC-1,CSF,-0.07157349201915446
MS,MS60249_CSF,GSM4104126_AGGGAGTGTTCTGTTT-1,CSF,-0.07157349201915446
MS,MS60249_CSF,GSM4104126_AGGGATGAGCGACGTA-1,CSF,-0.07157349201915446
MS,MS60249_CSF,GSM4104126_AGGGATGTCTAACTGG-1,CSF,0.7494439110995648
MS,MS60249_CSF,GSM4104126_AGGGTGAGTACCCAAT-1,CSF,-0.07157349201915446
MS,MS60249_CSF,GSM4104126_AGGTCATAGAGTACAT-1,CSF,0.11813387309524899
MS,MS60249_CSF,GSM4104126_AGGTCATTCTGCTGCT-1,CSF,0.2121129957259201
MS,MS60249_CSF,GSM4104126_AGGTCCGAGACTAGGC-1,CSF,-0.43409359863199265
MS,MS60249_CSF,GSM4104126_AGGTCCGAGCGTGTCC-1,CSF,-0.07157349201915446
MS,MS60249_CSF,GSM4104126_AGGTCCGAGGACAGCT-1,CSF,-0.09577353724082283
MS,MS60249_CSF,GSM4104126_AGGTCCGCAGATCGGA-1,CSF,-0.07157349201915446
MS,MS60249_CSF,GSM4104126_AGGTCCGGTACGAAAT-1,CSF,-0.2692788703319576
MS,MS60249_CSF,GSM4104126_AGGTCCGGTCTTGATG-1,CSF,-0.07157349201915446
MS,MS60249_CSF,GSM4104126_AGTAGTCAGAACTCGG-1,CSF,0.06721752317202487
MS,MS60249_CSF,GSM4104126_AGTAGTCAGAGTAAGG-1,CSF,-0.07157349201915446
MS,MS60249_CSF,GSM4104126_AGTAGTCAGCAACGGT-1,CSF,-0.07157349201915446
MS,MS60249_CSF,GSM4104126_AGTAGTCCAAGCGAGT-1,CSF,-0.07157349201915446
MS,MS60249_CSF,GSM4104126_AGTAGTCCACCACCAG-1,CSF,-0.07157349201915446
MS,MS60249_CSF,GSM4104126_AGTAGTCGTTCGGGCT-1,CSF,0.14244405630701745
MS,MS60249_CSF,GSM4104126_AGTAGTCTCCAATGGT-1,CSF,-0.07157349201915446
MS,MS60249_CSF,GSM4104126_AGTAGTCTCGGCTACG-1,CSF,-0.07157349201915446
MS,MS60249_CSF,GSM4104126_AGTCTTTCACCTCGGA-1,CSF,-0.5593433105318614
MS,MS60249_CSF,GSM4104126_AGTCTTTTCTTGAGGT-1,CSF,-0.07157349201915446
MS,MS60249_CSF,GSM4104126_AGTGAGGAGTGTTAGA-1,CSF,-0.07157349201915446
MS,MS60249_CSF,GSM4104126_AGTGAGGCACATCTTT-1,CSF,0.634117500861552
MS,MS60249_CSF,GSM4104126_AGTGAGGCACGCCAGT-1,CSF,-0.07157349201915446
MS,MS60249_CSF,GSM4104126_AGTGAGGCATGAAGTA-1,CSF,-0.07157349201915446
MS,MS60249_CSF,GSM4104126_AGTGAGGGTGCTTCTC-1,CSF,-0.07157349201915446
MS,MS60249_CSF,GSM4104126_AGTGGGAAGATATACG-1,CSF,-0.07157349201915446
MS,MS60249_CSF,GSM4104126_AGTGGGACAATCCGAT-1,CSF,-0.07157349201915446
MS,MS60249_CSF,GSM4104126_AGTGGGACACAGATTC-1,CSF,-0.07157349201915446
MS,MS60249_CSF,GSM4104126_AGTGGGACAGTACACT-1,CSF,-0.23063974003759138
MS,MS60249_CSF,GSM4104126_AGTTGGTAGAGGACGG-1,CSF,-0.07157349201915446
MS,MS60249_CSF,GSM4104126_AGTTGGTGTTGAACTC-1,CSF,0.4028713517079012
MS,MS60249_CSF,GSM4104126_AGTTGGTTCTCCAACC-1,CSF,-0.36350700560689414
MS,MS60249_CSF,GSM4104126_ATAACGCTCAGGCAAG-1,CSF,-0.07157349201915446
MS,MS60249_CSF,GSM4104126_ATAAGAGAGCGCTTAT-1,CSF,-0.23462934644090103
MS,MS60249_CSF,GSM4104126_ATAAGAGCAATACGCT-1,CSF,-0.23805617489049388
MS,MS60249_CSF,GSM4104126_ATAAGAGGTTCAACCA-1,CSF,-0.18466975151450207
MS,MS60249_CSF,GSM4104126_ATAGACCAGAGCCTAG-1,CSF,-0.18951315402113253
MS,MS60249_CSF,GSM4104126_ATAGACCGTCTGCGGT-1,CSF,-0.07157349201915446
MS,MS60249_CSF,GSM4104126_ATAGACCTCATGCATG-1,CSF,0.7640742058847325
MS,MS60249_CSF,GSM4104126_ATCACGAAGCCATCGC-1,CSF,0.09824386420467521
MS,MS60249_CSF,GSM4104126_ATCACGAAGCCGCCTA-1,CSF,-0.07157349201915446
MS,MS60249_CSF,GSM4104126_ATCACGACATGAGCGA-1,CSF,-0.27196081550126405
MS,MS60249_CSF,GSM4104126_ATCATCTAGGCCCGTT-1,CSF,-0.5395092580749455
MS,MS60249_CSF,GSM4104126_ATCATCTAGTCTCAAC-1,CSF,-0.07157349201915446
MS,MS60249_CSF,GSM4104126_ATCATCTCATGTTGAC-1,CSF,-0.26880621591280857
MS,MS60249_CSF,GSM4104126_ATCATCTGTTATCCGA-1,CSF,-0.07157349201915446
MS,MS60249_CSF,GSM4104126_ATCATGGAGAGGGCTT-1,CSF,-0.24342065743394894
MS,MS60249_CSF,GSM4104126_ATCATGGCACTATCTT-1,CSF,0.8389313378700864
MS,MS60249_CSF,GSM4104126_ATCATGGCAGCTGCAC-1,CSF,0.10430649003183397
MS,MS60249_CSF,GSM4104126_ATCATGGGTCAGTGGA-1,CSF,0.3842845566251199
MS,MS60249_CSF,GSM4104126_ATCATGGGTCGAGTTT-1,CSF,-0.07157349201915446
MS,MS60249_CSF,GSM4104126_ATCATGGGTTCGCGAC-1,CSF,-0.22412877167563647
MS,MS60249_CSF,GSM4104126_ATCATGGTCCAGAAGG-1,CSF,0.3920665037416097
MS,MS60249_CSF,GSM4104126_ATCCACCAGCTGGAAC-1,CSF,0.6486832225969029
MS,MS60249_CSF,GSM4104126_ATCCGAACATCGATGT-1,CSF,-0.23531731783212484
MS,MS60249_CSF,GSM4104126_ATCCGAAGTCCTCTTG-1,CSF,-0.24234999122891748
MS,MS60249_CSF,GSM4104126_ATCGAGTAGTGGCACA-1,CSF,-0.07157349201915446
MS,MS60249_CSF,GSM4104126_ATCGAGTCAGGTCGTC-1,CSF,-0.2214674691631649
MS,MS60249_CSF,GSM4104126_ATCGAGTCATCAGTCA-1,CSF,0.0687346662647174
MS,MS60249_CSF,GSM4104126_ATCGAGTGTGACGCCT-1,CSF,-0.07157349201915446
MS,MS60249_CSF,GSM4104126_ATCGAGTGTTTAGGAA-1,CSF,-0.5906119174838923
MS,MS60249_CSF,GSM4104126_ATCTACTAGAATTCCC-1,CSF,-0.21539913028512833
MS,MS60249_CSF,GSM4104126_ATCTACTAGACAATAC-1,CSF,-0.07157349201915446
MS,MS60249_CSF,GSM4104126_ATCTACTCAACCGCCA-1,CSF,-0.31365458588826156
MS,MS60249_CSF,GSM4104126_ATCTACTCAGATCTGT-1,CSF,-0.3290967142775504
MS,MS60249_CSF,GSM4104126_ATCTACTCAGCAGTTT-1,CSF,0.4229255276362252
MS,MS60249_CSF,GSM4104126_ATCTGCCGTCTCTCTG-1,CSF,-0.07157349201915446
MS,MS60249_CSF,GSM4104126_ATCTGCCTCAATAAGG-1,CSF,-0.5505036582313412
MS,MS60249_CSF,GSM4104126_ATCTGCCTCGCTGATA-1,CSF,0.6670827772601641
MS,MS60249_CSF,GSM4104126_ATCTGCCTCTATCCCG-1,CSF,-0.4383802132225178
MS,MS60249_CSF,GSM4104126_ATGAGGGAGATCCCGC-1,CSF,-0.07157349201915446
MS,MS60249_CSF,GSM4104126_ATGAGGGCAAGCTGAG-1,CSF,-0.5639377021372092
MS,MS60249_CSF,GSM4104126_ATGAGGGCATCCGTGG-1,CSF,-0.07157349201915446
MS,MS60249_CSF,GSM4104126_ATGAGGGGTTACCGAT-1,CSF,0.2045317126808684
MS,MS60249_CSF,GSM4104126_ATGAGGGGTTCTGTTT-1,CSF,0.3121013230160089
MS,MS60249_CSF,GSM4104126_ATGCGATAGGCCGAAT-1,CSF,-0.013394454807112701
MS,MS60249_CSF,GSM4104126_ATGCGATCAACACGCC-1,CSF,-0.07157349201915446
MS,MS60249_CSF,GSM4104126_ATGCGATGTCAACTGT-1,CSF,-0.07157349201915446
MS,MS60249_CSF,GSM4104126_ATGGGAGAGAAACCAT-1,CSF,0.37600493379012834
MS,MS60249_CSF,GSM4104126_ATGGGAGAGATGCGAC-1,CSF,-0.03269727833530416
MS,MS60249_CSF,GSM4104126_ATGGGAGCACATCTTT-1,CSF,0.3076372885052242
MS,MS60249_CSF,GSM4104126_ATGGGAGGTACTTCTT-1,CSF,-0.07157349201915446
MS,MS60249_CSF,GSM4104126_ATGGGAGTCCATGCTC-1,CSF,-0.15470137079347618
MS,MS60249_CSF,GSM4104126_ATGTGTGAGGCCGAAT-1,CSF,0.463335655327624
MS,MS60249_CSF,GSM4104126_ATGTGTGCAACTGCGC-1,CSF,0.9388354415753318
MS,MS60249_CSF,GSM4104126_ATGTGTGCAACTTGAC-1,CSF,-0.41724944306234085
MS,MS60249_CSF,GSM4104126_ATGTGTGGTGCAGACA-1,CSF,0.23131064509820312
MS,MS60249_CSF,GSM4104126_ATGTGTGTCCCTCAGT-1,CSF,-0.07157349201915446
MS,MS60249_CSF,GSM4104126_ATTACTCCAATGCCAT-1,CSF,0.21518809244238507
MS,MS60249_CSF,GSM4104126_ATTACTCCAGTCAGCC-1,CSF,0.05311409774707131
MS,MS60249_CSF,GSM4104126_ATTACTCCATGCCCGA-1,CSF,-0.07157349201915446
MS,MS60249_CSF,GSM4104126_ATTACTCGTCAGATAA-1,CSF,0.18858414208176127
MS,MS60249_CSF,GSM4104126_ATTATCCAGATGTAAC-1,CSF,0.39983562332996075
MS,MS60249_CSF,GSM4104126_ATTATCCCACTTCGAA-1,CSF,0.3390337507213844
MS,MS60249_CSF,GSM4104126_ATTATCCCAGGTGCCT-1,CSF,-0.07157349201915446
MS,MS60249_CSF,GSM4104126_ATTATCCGTCAGATAA-1,CSF,-0.07157349201915446
MS,MS60249_CSF,GSM4104126_ATTATCCGTTCCACTC-1,CSF,0.0606352520943589
MS,MS60249_CSF,GSM4104126_ATTCTACAGATCGATA-1,CSF,-0.07157349201915446
MS,MS60249_CSF,GSM4104126_ATTCTACAGTCAAGGC-1,CSF,0.2072504053767862
MS,MS60249_CSF,GSM4104126_ATTCTACTCCCTTGTG-1,CSF,0.09286386323939144
MS,MS60249_CSF,GSM4104126_ATTGGACAGTTTGCGT-1,CSF,0.47449408270258386
MS,MS60249_CSF,GSM4104126_ATTGGACCATCGGAAG-1,CSF,-0.13325265654537452
MS,MS60249_CSF,GSM4104126_ATTGGTGGTCAATGTC-1,CSF,0.0349733644643893
MS,MS60249_CSF,GSM4104126_ATTTCTGCAGTGGAGT-1,CSF,-0.2907675750828264
MS,MS60249_CSF,GSM4104126_ATTTCTGTCGGAGGTA-1,CSF,0.021778209490069367
MS,MS60249_CSF,GSM4104126_CAACCAACAGGCTCAC-1,CSF,-0.07157349201915446
MS,MS60249_CSF,GSM4104126_CAACCAAGTCATGCCG-1,CSF,-0.15791909840700838
MS,MS60249_CSF,GSM4104126_CAACCAATCAACCAAC-1,CSF,0.5692229055378879
MS,MS60249_CSF,GSM4104126_CAACCTCCAGGGTACA-1,CSF,-0.2337798235762271
MS,MS60249_CSF,GSM4104126_CAACCTCGTTCAGCGC-1,CSF,-0.07157349201915446
MS,MS60249_CSF,GSM4104126_CAACCTCTCGCTGATA-1,CSF,-0.023906679795360153
MS,MS60249_CSF,GSM4104126_CAACTAGAGTACATGA-1,CSF,-0.20013270173543746
MS,MS60249_CSF,GSM4104126_CAACTAGCACGAAGCA-1,CSF,-0.18134960023544838
MS,MS60249_CSF,GSM4104126_CAACTAGGTAAACACA-1,CSF,-0.07157349201915446
MS,MS60249_CSF,GSM4104126_CAACTAGTCGTGACAT-1,CSF,0.036788976562186715
MS,MS60249_CSF,GSM4104126_CAACTAGTCTTGTACT-1,CSF,-0.07157349201915446
MS,MS60249_CSF,GSM4104126_CAAGAAACACATGGGA-1,CSF,-0.3493197901747194
MS,MS60249_CSF,GSM4104126_CAAGAAAGTAATTGGA-1,CSF,-0.07157349201915446
MS,MS60249_CSF,GSM4104126_CAAGAAAGTGTCGCTG-1,CSF,-0.2715128075195322
MS,MS60249_CSF,GSM4104126_CAAGAAATCCCAACGG-1,CSF,0.3689438907243404
MS,MS60249_CSF,GSM4104126_CAAGATCCACTTCTGC-1,CSF,-0.2222986981156319
MS,MS60249_CSF,GSM4104126_CAAGGCCAGAGTAATC-1,CSF,0.1795518889727428
MS,MS60249_CSF,GSM4104126_CAAGGCCAGATGTCGG-1,CSF,0.28153997239195366
MS,MS60249_CSF,GSM4104126_CAAGGCCAGTACATGA-1,CSF,-0.07157349201915446
MS,MS60249_CSF,GSM4104126_CAAGGCCCATCGGTTA-1,CSF,0.3667459762437021
MS,MS60249_CSF,GSM4104126_CAAGGCCGTTTGTTTC-1,CSF,-0.26252020710439233
MS,MS60249_CSF,GSM4104126_CAAGGCCTCTACTCAT-1,CSF,-0.07157349201915446
MS,MS60249_CSF,GSM4104126_CAAGTTGAGGACTGGT-1,CSF,0.2438736583665237
MS,MS60249_CSF,GSM4104126_CAAGTTGAGGTGTTAA-1,CSF,0.45147358109355684
MS,MS60249_CSF,GSM4104126_CAAGTTGAGTAACCCT-1,CSF,0.5403667601119604
MS,MS60249_CSF,GSM4104126_CAAGTTGGTATGCTTG-1,CSF,-0.07157349201915446
MS,MS60249_CSF,GSM4104126_CACAAACAGAGTAAGG-1,CSF,-0.24711567313196733
MS,MS60249_CSF,GSM4104126_CACAAACAGTTCGATC-1,CSF,-0.07157349201915446
MS,MS60249_CSF,GSM4104126_CACAAACCAACTGGCC-1,CSF,0.6356960013326542
MS,MS60249_CSF,GSM4104126_CACAAACGTCGCATAT-1,CSF,0.24164753695436283
MS,MS60249_CSF,GSM4104126_CACAAACTCTACCAGA-1,CSF,-0.01019585906849106
MS,MS60249_CSF,GSM4104126_CACAAACTCTATCGCC-1,CSF,0.36826620338182087
MS,MS60249_CSF,GSM4104126_CACAAACTCTGCCCTA-1,CSF,0.14001650721310235
MS,MS60249_CSF,GSM4104126_CACACAAAGATTACCC-1,CSF,0.26271221980149023
MS,MS60249_CSF,GSM4104126_CACACAACAAATTGCC-1,CSF,0.6443408646571688
MS,MS60249_CSF,GSM4104126_CACACCTAGTATCTCG-1,CSF,-0.07157349201915446
MS,MS60249_CSF,GSM4104126_CACACCTGTCAAAGAT-1,CSF,-0.07157349201915446
MS,MS60249_CSF,GSM4104126_CACACTCAGGCAGGTT-1,CSF,-0.07157349201915446
MS,MS60249_CSF,GSM4104126_CACACTCCATGTCTCC-1,CSF,0.21618407015353933
MS,MS60249_CSF,GSM4104126_CACACTCGTACTTCTT-1,CSF,-0.07157349201915446
MS,MS60249_CSF,GSM4104126_CACACTCGTCCATCCT-1,CSF,-0.22142996372438553
MS,MS60249_CSF,GSM4104126_CACACTCTCCACTCCA-1,CSF,0.3642738491089762
MS,MS60249_CSF,GSM4104126_CACACTCTCTCGCTTG-1,CSF,-0.07157349201915446
MS,MS60249_CSF,GSM4104126_CACAGGCAGTACGTAA-1,CSF,-0.07157349201915446
MS,MS60249_CSF,GSM4104126_CACAGGCCATGTTCCC-1,CSF,-0.009953067086756964
MS,MS60249_CSF,GSM4104126_CACAGGCGTAAGGGCT-1,CSF,-0.07157349201915446
MS,MS60249_CSF,GSM4104126_CACAGGCGTATCACCA-1,CSF,-0.07157349201915446
MS,MS60249_CSF,GSM4104126_CACAGGCGTTCATGGT-1,CSF,-0.07157349201915446
MS,MS60249_CSF,GSM4104126_CACAGGCGTTTAGCTG-1,CSF,-0.07157349201915446
MS,MS60249_CSF,GSM4104126_CACAGGCTCTTGAGAC-1,CSF,-0.07157349201915446
MS,MS60249_CSF,GSM4104126_CACAGTAAGAAGGACA-1,CSF,0.1391633340873144
MS,MS60249_CSF,GSM4104126_CACAGTAGTTCCATGA-1,CSF,-0.07157349201915446
MS,MS60249_CSF,GSM4104126_CACAGTATCATCTGTT-1,CSF,-0.07157349201915446
MS,MS60249_CSF,GSM4104126_CACAGTATCCTTTCTC-1,CSF,0.3271646976786983
MS,MS60249_CSF,GSM4104126_CACAGTATCGGTGTCG-1,CSF,-0.07157349201915446
MS,MS60249_CSF,GSM4104126_CACATAGCACTGCCAG-1,CSF,0.09194654841968217
MS,MS60249_CSF,GSM4104126_CACATAGCATGAAGTA-1,CSF,0.08879542600031035
MS,MS60249_CSF,GSM4104126_CACATAGGTACAGTGG-1,CSF,-0.23211453352287872
MS,MS60249_CSF,GSM4104126_CACATAGGTTCGTTGA-1,CSF,-0.2767106439375901
MS,MS60249_CSF,GSM4104126_CACATAGTCCAAATGC-1,CSF,-0.2901376944456207
MS,MS60249_CSF,GSM4104126_CACATAGTCGCCTGTT-1,CSF,0.17400138606051854
MS,MS60249_CSF,GSM4104126_CACATTTAGCCCAACC-1,CSF,-0.07157349201915446
MS,MS60249_CSF,GSM4104126_CACATTTCAAGACGTG-1,CSF,-0.07157349201915446
MS,MS60249_CSF,GSM4104126_CACATTTCAATCTGCA-1,CSF,0.05607071046868173
MS,MS60249_CSF,GSM4104126_CACATTTGTCCGAAGA-1,CSF,-0.07157349201915446
MS,MS60249_CSF,GSM4104126_CACCACTAGACAGACC-1,CSF,0.005645701261865842
MS,MS60249_CSF,GSM4104126_CACCACTGTATCACCA-1,CSF,-0.36278252571989394
MS,MS60249_CSF,GSM4104126_CACCACTGTTGAGTTC-1,CSF,-0.07157349201915446
MS,MS60249_CSF,GSM4104126_CACCAGGCACGTGAGA-1,CSF,-0.07157349201915446
MS,MS60249_CSF,GSM4104126_CACCAGGCAGAGTGTG-1,CSF,-0.07157349201915446
MS,MS60249_CSF,GSM4104126_CACCAGGTCGCGGATC-1,CSF,-0.07157349201915446
MS,MS60249_CSF,GSM4104126_CACCTTGAGCCACGCT-1,CSF,0.11593036184335069
MS,MS60249_CSF,GSM4104126_CACCTTGAGGCAGTCA-1,CSF,-0.28742806904949614
MS,MS60249_CSF,GSM4104126_CACCTTGCACGCTTTC-1,CSF,0.11030114183419479
MS,MS60249_CSF,GSM4104126_CACCTTGGTCAATACC-1,CSF,0.4540484864432978
MS,MS60249_CSF,GSM4104126_CACCTTGGTCAGCTAT-1,CSF,-0.07157349201915446
MS,MS60249_CSF,GSM4104126_CACCTTGGTCGCGTGT-1,CSF,-0.24622822243580558
MS,MS60249_CSF,GSM4104126_CACTCCAAGAAGATTC-1,CSF,0.22447246267523457
MS,MS60249_CSF,GSM4104126_CACTCCAAGCATGGCA-1,CSF,0.33377809964599015
MS,MS60249_CSF,GSM4104126_CACTCCAAGTCCATAC-1,CSF,0.38438880671578646
MS,MS60249_CSF,GSM4104126_CACTCCACAATCCGAT-1,CSF,-0.0007221269458856451
MS,MS60249_CSF,GSM4104126_CACTCCAGTAATTGGA-1,CSF,-0.07157349201915446
MS,MS60249_CSF,GSM4104126_CACTCCAGTACGCTGC-1,CSF,-0.04609244405370838
MS,MS60249_CSF,GSM4104126_CACTCCATCCCAAGAT-1,CSF,-0.07157349201915446
MS,MS60249_CSF,GSM4104126_CACTCCATCGTGGACC-1,CSF,-0.07157349201915446
MS,MS60249_CSF,GSM4104126_CACTCCATCTTACCTA-1,CSF,0.5729381155169335
MS,MS60249_CSF,GSM4104126_CAGAATCAGCACAGGT-1,CSF,-0.07157349201915446
MS,MS60249_CSF,GSM4104126_CAGAATCCAGTCGTGC-1,CSF,-0.07157349201915446
MS,MS60249_CSF,GSM4104126_CAGAATCTCCGTTGCT-1,CSF,-0.07157349201915446
MS,MS60249_CSF,GSM4104126_CAGAGAGTCAGGCCCA-1,CSF,-0.025001888253488907
MS,MS60249_CSF,GSM4104126_CAGAGAGTCCTCAATT-1,CSF,-0.07157349201915446
MS,MS60249_CSF,GSM4104126_CAGATCAAGCCAACAG-1,CSF,-0.07157349201915446
MS,MS60249_CSF,GSM4104126_CAGATCATCAGTCCCT-1,CSF,-0.07157349201915446
MS,MS60249_CSF,GSM4104126_CAGCAGCAGAGACTAT-1,CSF,-0.07157349201915446
MS,MS60249_CSF,GSM4104126_CAGCAGCAGCCCAGCT-1,CSF,-0.15061438479623357
MS,MS60249_CSF,GSM4104126_CAGCAGCAGCTAACAA-1,CSF,0.4749265907457841
MS,MS60249_CSF,GSM4104126_CAGCAGCGTAGAAAGG-1,CSF,0.21673963436723445
MS,MS60249_CSF,GSM4104126_CAGCAGCGTCAATACC-1,CSF,-0.07157349201915446
MS,MS60249_CSF,GSM4104126_CAGCAGCGTGATGTCT-1,CSF,0.5747471508361209
MS,MS60249_CSF,GSM4104126_CAGCAGCTCATCACCC-1,CSF,-0.07157349201915446
MS,MS60249_CSF,GSM4104126_CAGCATAAGCCGTCGT-1,CSF,0.8040515793576075
MS,MS60249_CSF,GSM4104126_CAGCATAAGCTAACAA-1,CSF,-0.07157349201915446
MS,MS60249_CSF,GSM4104126_CAGCATACAAGCCATT-1,CSF,-0.07157349201915446
MS,MS60249_CSF,GSM4104126_CAGCATAGTGCACTTA-1,CSF,-0.07157349201915446
MS,MS60249_CSF,GSM4104126_CAGCCGAAGCTGCCCA-1,CSF,-0.07157349201915446
MS,MS60249_CSF,GSM4104126_CAGCCGAAGGGTATCG-1,CSF,-0.5026369795893154
MS,MS60249_CSF,GSM4104126_CAGCCGAGTGCCTGGT-1,CSF,-0.07157349201915446
MS,MS60249_CSF,GSM4104126_CAGCCGAGTTCCACAA-1,CSF,-0.07157349201915446
MS,MS60249_CSF,GSM4104126_CAGCCGATCAGGTTCA-1,CSF,0.35840273746853074
MS,MS60249_CSF,GSM4104126_CAGCCGATCGGCGCAT-1,CSF,-0.07157349201915446
MS,MS60249_CSF,GSM4104126_CAGCGACAGATGTTAG-1,CSF,0.3191472993484514
MS,MS60249_CSF,GSM4104126_CAGCGACCAGTGGGAT-1,CSF,-0.07157349201915446
MS,MS60249_CSF,GSM4104126_CAGCGACGTCTCAACA-1,CSF,0.01629298521907607
MS,MS60249_CSF,GSM4104126_CAGCGACTCATCATTC-1,CSF,-0.07157349201915446
MS,MS60249_CSF,GSM4104126_CAGCGACTCGCCATAA-1,CSF,0.17716779899377738
MS,MS60249_CSF,GSM4104126_CAGCTAAAGATGCCTT-1,CSF,-0.10888983872744548
MS,MS60249_CSF,GSM4104126_CAGCTAAAGTAGCCGA-1,CSF,0.01342033534566107
MS,MS60249_CSF,GSM4104126_CAGCTAAAGTATGACA-1,CSF,-0.07157349201915446
MS,MS60249_CSF,GSM4104126_CAGCTAACACACGCTG-1,CSF,0.12791003084122346
MS,MS60249_CSF,GSM4104126_CAGCTAACATTCGACA-1,CSF,0.3638496812906081
MS,MS60249_CSF,GSM4104126_CAGCTAAGTCGAATCT-1,CSF,-0.4720016825042915
MS,MS60249_CSF,GSM4104126_CAGCTAAGTCTAACGT-1,CSF,-0.35736368907974597
MS,MS60249_CSF,GSM4104126_CAGCTAATCAGTTTGG-1,CSF,-0.07157349201915446
MS,MS60249_CSF,GSM4104126_CAGCTGGAGCAGGTCA-1,CSF,0.26225716608802624
MS,MS60249_CSF,GSM4104126_CAGCTGGAGGTAGCTG-1,CSF,-0.21662692148334953
MS,MS60249_CSF,GSM4104126_CAGCTGGAGTGTCTCA-1,CSF,-0.19352752997304773
MS,MS60249_CSF,GSM4104126_CAGCTGGGTCGTTGTA-1,CSF,0.04820819034406992
MS,MS60249_CSF,GSM4104126_CAGCTGGTCCCTAATT-1,CSF,-0.07157349201915446
MS,MS60249_CSF,GSM4104126_CAGGTGCAGCTAACAA-1,CSF,-0.06050405766516765
MS,MS60249_CSF,GSM4104126_CAGGTGCAGCTTATCG-1,CSF,-0.07157349201915446
MS,MS60249_CSF,GSM4104126_CAGGTGCAGGGATGGG-1,CSF,-0.07157349201915446
MS,MS60249_CSF,GSM4104126_CAGGTGCAGGTAGCTG-1,CSF,0.2834601944056871
MS,MS60249_CSF,GSM4104126_CAGGTGCGTTCTCATT-1,CSF,-0.07157349201915446
MS,MS60249_CSF,GSM4104126_CAGTAACAGACCACGA-1,CSF,-0.07157349201915446
MS,MS60249_CSF,GSM4104126_CAGTAACAGATCTGCT-1,CSF,0.3130202066655467
MS,MS60249_CSF,GSM4104126_CAGTAACAGATGGCGT-1,CSF,-0.1366833028230103
MS,MS60249_CSF,GSM4104126_CAGTAACCAAGACACG-1,CSF,-0.22583010592539113
MS,MS60249_CSF,GSM4104126_CAGTCCTAGTACATGA-1,CSF,-0.3496776212882088
MS,MS60249_CSF,GSM4104126_CAGTCCTTCGTCGTTC-1,CSF,-0.19220210527484213
MS,MS60249_CSF,GSM4104126_CAGTCCTTCTTGACGA-1,CSF,-0.07157349201915446
MS,MS60249_CSF,GSM4104126_CATATGGGTAGGGACT-1,CSF,-0.07157349201915446
MS,MS60249_CSF,GSM4104126_CATATTCGTGCTAGCC-1,CSF,-0.39203258791032314
MS,MS60249_CSF,GSM4104126_CATATTCGTTGAGTTC-1,CSF,-0.07157349201915446
MS,MS60249_CSF,GSM4104126_CATATTCTCCAAACTG-1,CSF,0.6612186056528875
MS,MS60249_CSF,GSM4104126_CATATTCTCTTGGGTA-1,CSF,-0.07157349201915446
MS,MS60249_CSF,GSM4104126_CATCAAGCAGATCCAT-1,CSF,0.05781096725111174
MS,MS60249_CSF,GSM4104126_CATCAAGGTAGTGAAT-1,CSF,-0.19888832880163757
MS,MS60249_CSF,GSM4104126_CATCAGACAGATGGCA-1,CSF,0.2669866508251722
MS,MS60249_CSF,GSM4104126_CATCAGATCAACGCTA-1,CSF,0.2710641242639983
MS,MS60249_CSF,GSM4104126_CATCCACCAACTTGAC-1,CSF,-0.07157349201915446
MS,MS60249_CSF,GSM4104126_CATCCACCAGGGATTG-1,CSF,-0.07157349201915446
MS,MS60249_CSF,GSM4104126_CATCCACGTCTAGTGT-1,CSF,-0.15675341751318236
MS,MS60249_CSF,GSM4104126_CATCCACGTTGGTAAA-1,CSF,0.12852078708932074
MS,MS60249_CSF,GSM4104126_CATCGAAAGGCGATAC-1,CSF,-0.26278212224252273
MS,MS60249_CSF,GSM4104126_CATCGGGCAAAGAATC-1,CSF,-0.07157349201915446
MS,MS60249_CSF,GSM4104126_CATCGGGGTCCCTTGT-1,CSF,-0.44160642979547193
MS,MS60249_CSF,GSM4104126_CATCGGGTCGCTAGCG-1,CSF,0.2687429364469619
MS,MS60249_CSF,GSM4104126_CATCGGGTCTCTAGGA-1,CSF,-0.2644943842093124
MS,MS60249_CSF,GSM4104126_CATGACAGTAAGTAGT-1,CSF,-0.17938257679636624
MS,MS60249_CSF,GSM4104126_CATGACATCTAGAGTC-1,CSF,-0.07157349201915446
MS,MS60249_CSF,GSM4104126_CATGCCTCACCAGGTC-1,CSF,-0.2499704429875472
MS,MS60249_CSF,GSM4104126_CATGCCTCAGGACGTA-1,CSF,0.19361509988495623
MS,MS60249_CSF,GSM4104126_CATGCCTGTCAAAGCG-1,CSF,0.08642050062422506
MS,MS60249_CSF,GSM4104126_CATGCCTTCGAGAGCA-1,CSF,-0.07157349201915446
MS,MS60249_CSF,GSM4104126_CATGGCGAGTACCGGA-1,CSF,-0.07157349201915446
MS,MS60249_CSF,GSM4104126_CATGGCGCATTGGTAC-1,CSF,-0.07157349201915446
MS,MS60249_CSF,GSM4104126_CATGGCGGTCGCTTCT-1,CSF,0.7787215734354219
MS,MS60249_CSF,GSM4104126_CATTATCCAGACGCCT-1,CSF,-0.42542082270415343
MS,MS60249_CSF,GSM4104126_CATTATCGTAGGCTGA-1,CSF,-0.07157349201915446
MS,MS60249_CSF,GSM4104126_CATTATCGTCGCTTTC-1,CSF,0.3261773901523819
MS,MS60249_CSF,GSM4104126_CATTCGCAGCAAATCA-1,CSF,0.35317268385433626
MS,MS60249_CSF,GSM4104126_CATTCGCCAACCGCCA-1,CSF,0.0822845013683131
MS,MS60249_CSF,GSM4104126_CATTCGCCACAGACTT-1,CSF,-0.07157349201915446
MS,MS60249_CSF,GSM4104126_CATTCGCGTGTTCGAT-1,CSF,0.2214259368513281
MS,MS60249_CSF,GSM4104126_CCAATCCAGACCTAGG-1,CSF,0.20546622740841766
MS,MS60249_CSF,GSM4104126_CCAATCCAGTATCTCG-1,CSF,-0.07157349201915446
MS,MS60249_CSF,GSM4104126_CCAATCCCACTCTGTC-1,CSF,-0.07157349201915446
MS,MS60249_CSF,GSM4104126_CCAATCCGTGCCTTGG-1,CSF,-0.1569596958635815
MS,MS60249_CSF,GSM4104126_CCAATCCGTTCCGTCT-1,CSF,-0.04294042743161166
MS,MS60249_CSF,GSM4104126_CCAATCCTCAGAAATG-1,CSF,0.2122474003379449
MS,MS60249_CSF,GSM4104126_CCAATCCTCTACCTGC-1,CSF,0.08829011288173838
MS,MS60249_CSF,GSM4104126_CCACCTAAGATCCCAT-1,CSF,-0.07157349201915446
MS,MS60249_CSF,GSM4104126_CCACCTACAAGAAAGG-1,CSF,0.19228867503538266
MS,MS60249_CSF,GSM4104126_CCACCTATCACATAGC-1,CSF,0.7383809503758919
MS,MS60249_CSF,GSM4104126_CCACCTATCATAACCG-1,CSF,-0.5882146194297878
MS,MS60249_CSF,GSM4104126_CCACGGACAATGTTGC-1,CSF,0.39986552959088356
MS,MS60249_CSF,GSM4104126_CCACGGACACTGTTAG-1,CSF,0.04611104960518144
MS,MS60249_CSF,GSM4104126_CCACTACAGACAATAC-1,CSF,-0.07157349201915446
MS,MS60249_CSF,GSM4104126_CCACTACCACTTAAGC-1,CSF,-0.22215884743656508
MS,MS60249_CSF,GSM4104126_CCACTACCATATACCG-1,CSF,-0.07157349201915446
MS,MS60249_CSF,GSM4104126_CCACTACGTGGCGAAT-1,CSF,0.14536985702413668
MS,MS60249_CSF,GSM4104126_CCACTACTCTACTATC-1,CSF,-0.07157349201915446
MS,MS60249_CSF,GSM4104126_CCAGCGAAGACTGTAA-1,CSF,-0.07157349201915446
MS,MS60249_CSF,GSM4104126_CCAGCGAGTAGAAGGA-1,CSF,0.09390250293266163
MS,MS60249_CSF,GSM4104126_CCAGCGATCCCAAGAT-1,CSF,0.3375988598139343
MS,MS60249_CSF,GSM4104126_CCATGTCGTCTAAAGA-1,CSF,-0.07157349201915446
MS,MS60249_CSF,GSM4104126_CCATTCGAGATGTAAC-1,CSF,-0.07157349201915446
MS,MS60249_CSF,GSM4104126_CCATTCGCACGAAATA-1,CSF,0.4312718611505712
MS,MS60249_CSF,GSM4104126_CCATTCGGTATGCTTG-1,CSF,-0.1842312890718352
MS,MS60249_CSF,GSM4104126_CCATTCGGTCTCCACT-1,CSF,-0.07157349201915446
MS,MS60249_CSF,GSM4104126_CCCAATCAGACTCGGA-1,CSF,-0.21119386362665363
MS,MS60249_CSF,GSM4104126_CCCAATCAGCGTCAAG-1,CSF,-0.23692358590546286
MS,MS60249_CSF,GSM4104126_CCCAATCAGCTATGCT-1,CSF,-0.19973043404972998
MS,MS60249_CSF,GSM4104126_CCCAATCAGTCCGGTC-1,CSF,-0.33993189913050964
MS,MS60249_CSF,GSM4104126_CCCAATCCACACAGAG-1,CSF,-0.07157349201915446
MS,MS60249_CSF,GSM4104126_CCCAATCCAGGTTTCA-1,CSF,0.6663959448374818
MS,MS60249_CSF,GSM4104126_CCCAGTTAGATATGGT-1,CSF,0.3128532896199581
MS,MS60249_CSF,GSM4104126_CCCAGTTCAACTTGAC-1,CSF,0.12420745296975437
MS,MS60249_CSF,GSM4104126_CCCAGTTCAGCTGCTG-1,CSF,-0.07157349201915446
MS,MS60249_CSF,GSM4104126_CCCAGTTCAGGATCGA-1,CSF,0.017034774311440275
MS,MS60249_CSF,GSM4104126_CCCAGTTGTAGCTAAA-1,CSF,-0.07157349201915446
MS,MS60249_CSF,GSM4104126_CCCAGTTGTATGAATG-1,CSF,1.1917803201746124
MS,MS60249_CSF,GSM4104126_CCCAGTTGTCGTGGCT-1,CSF,0.5313713302753948
MS,MS60249_CSF,GSM4104126_CCCATACCAGTCAGCC-1,CSF,0.3242038728826936
MS,MS60249_CSF,GSM4104126_CCCATACTCGCTAGCG-1,CSF,0.09509962471853069
MS,MS60249_CSF,GSM4104126_CCCATACTCGTAGGAG-1,CSF,-0.07157349201915446
MS,MS60249_CSF,GSM4104126_CCCTCCTCAGCTCCGA-1,CSF,-0.2539946655996336
MS,MS60249_CSF,GSM4104126_CCCTCCTGTTGAGGTG-1,CSF,-0.07157349201915446
MS,MS60249_CSF,GSM4104126_CCCTCCTTCGTACCGG-1,CSF,-0.07157349201915446
MS,MS60249_CSF,GSM4104126_CCCTCCTTCTGATTCT-1,CSF,-0.2173632328494808
MS,MS60249_CSF,GSM4104126_CCGGGATCAAAGTCAA-1,CSF,-0.07157349201915446
MS,MS60249_CSF,GSM4104126_CCGGGATCAAGCCGCT-1,CSF,-0.07157349201915446
MS,MS60249_CSF,GSM4104126_CCGGGATTCAGTCCCT-1,CSF,0.3823849338061112
MS,MS60249_CSF,GSM4104126_CCGGTAGGTCAGAGGT-1,CSF,0.8592182594981341
MS,MS60249_CSF,GSM4104126_CCGGTAGTCCTAGAAC-1,CSF,-0.07157349201915446
MS,MS60249_CSF,GSM4104126_CCGTACTAGTGCCATT-1,CSF,0.28493278878620193
MS,MS60249_CSF,GSM4104126_CCGTACTGTATTCTCT-1,CSF,-0.07157349201915446
MS,MS60249_CSF,GSM4104126_CCGTACTTCATTGCGA-1,CSF,-0.07157349201915446
MS,MS60249_CSF,GSM4104126_CCGTGGACATACTCTT-1,CSF,0.5149433365490693
MS,MS60249_CSF,GSM4104126_CCGTGGACATCGGACC-1,CSF,-0.07157349201915446
MS,MS60249_CSF,GSM4104126_CCGTGGAGTCAGAATA-1,CSF,-0.07157349201915446
MS,MS60249_CSF,GSM4104126_CCGTGGATCACCGTAA-1,CSF,-0.07157349201915446
MS,MS60249_CSF,GSM4104126_CCGTGGATCGGCGCAT-1,CSF,0.6166594437199019
MS,MS60249_CSF,GSM4104126_CCGTTCACAAGCCGTC-1,CSF,0.3317549585663185
MS,MS60249_CSF,GSM4104126_CCGTTCACAGATGGGT-1,CSF,-0.09583349130121785
MS,MS60249_CSF,GSM4104126_CCGTTCAGTGACAAAT-1,CSF,0.3348584485530992
MS,MS60249_CSF,GSM4104126_CCGTTCAGTGCAGGTA-1,CSF,0.2399016502225407
MS,MS60249_CSF,GSM4104126_CCTAAAGAGCTTTGGT-1,CSF,0.22153585192587796
MS,MS60249_CSF,GSM4104126_CCTAAAGAGGTACTCT-1,CSF,-0.04715956176347575
MS,MS60249_CSF,GSM4104126_CCTAAAGCAAGACGTG-1,CSF,0.02486595948874058
MS,MS60249_CSF,GSM4104126_CCTAAAGCAGACAAAT-1,CSF,-0.3232653894301486
MS,MS60249_CSF,GSM4104126_CCTAAAGCAGATCCAT-1,CSF,0.1751969120478448
MS,MS60249_CSF,GSM4104126_CCTACACAGTCTTGCA-1,CSF,-0.07157349201915446
MS,MS60249_CSF,GSM4104126_CCTACACCAAGAAAGG-1,CSF,0.27840250503771785
MS,MS60249_CSF,GSM4104126_CCTACACCATCGTCGG-1,CSF,-0.304195276157704
MS,MS60249_CSF,GSM4104126_CCTACCAAGTGTTAGA-1,CSF,-0.07157349201915446
MS,MS60249_CSF,GSM4104126_CCTACCACATTCTCAT-1,CSF,-0.07157349201915446
MS,MS60249_CSF,GSM4104126_CCTACCAGTAGGCATG-1,CSF,-0.01849102026581173
MS,MS60249_CSF,GSM4104126_CCTAGCTAGAGGACGG-1,CSF,0.08720189640558278
MS,MS60249_CSF,GSM4104126_CCTAGCTAGCTGATAA-1,CSF,0.49077593826834853
MS,MS60249_CSF,GSM4104126_CCTAGCTAGGTCGGAT-1,CSF,0.4804654538034728
MS,MS60249_CSF,GSM4104126_CCTAGCTCAATGGAAT-1,CSF,0.3715382011718003
MS,MS60249_CSF,GSM4104126_CCTAGCTGTATAGTAG-1,CSF,-0.07157349201915446
MS,MS60249_CSF,GSM4104126_CCTAGCTTCAGAGGTG-1,CSF,-0.07157349201915446
MS,MS60249_CSF,GSM4104126_CCTAGCTTCTTCCTTC-1,CSF,-0.07157349201915446
MS,MS60249_CSF,GSM4104126_CCTATTAAGAGGGATA-1,CSF,0.13753382503172584
MS,MS60249_CSF,GSM4104126_CCTATTAAGCTGATAA-1,CSF,-0.07157349201915446
MS,MS60249_CSF,GSM4104126_CCTATTACACCCTATC-1,CSF,-0.07157349201915446
MS,MS60249_CSF,GSM4104126_CCTATTAGTACCGCTG-1,CSF,-0.07157349201915446
MS,MS60249_CSF,GSM4104126_CCTATTATCCTGCCAT-1,CSF,-0.07157349201915446
MS,MS60249_CSF,GSM4104126_CCTCAGTCATCACAAC-1,CSF,0.20570837796549027
MS,MS60249_CSF,GSM4104126_CCTCAGTCATTGTGCA-1,CSF,-0.07157349201915446
MS,MS60249_CSF,GSM4104126_CCTCAGTTCACTCCTG-1,CSF,-0.07157349201915446
MS,MS60249_CSF,GSM4104126_CCTCTGAAGGACCACA-1,CSF,-0.07157349201915446
MS,MS60249_CSF,GSM4104126_CCTCTGAGTACATGTC-1,CSF,-0.07157349201915446
MS,MS60249_CSF,GSM4104126_CCTCTGAGTCATGCAT-1,CSF,-0.07157349201915446
MS,MS60249_CSF,GSM4104126_CCTTACGAGCCCGAAA-1,CSF,0.17778099062722982
MS,MS60249_CSF,GSM4104126_CCTTACGTCTCTAGGA-1,CSF,-0.07157349201915446
MS,MS60249_CSF,GSM4104126_CCTTCCCCAATACGCT-1,CSF,-0.07157349201915446
MS,MS60249_CSF,GSM4104126_CCTTCCCCATTCACTT-1,CSF,-0.07157349201915446
MS,MS60249_CSF,GSM4104126_CCTTCCCTCTCTGAGA-1,CSF,0.8575445012242898
MS,MS60249_CSF,GSM4104126_CCTTCGACAATAGCAA-1,CSF,-0.03621433264622366
MS,MS60249_CSF,GSM4104126_CCTTCGACAGTTCCCT-1,CSF,-0.07157349201915446
MS,MS60249_CSF,GSM4104126_CCTTCGAGTTTGACTG-1,CSF,0.15651663506598082
MS,MS60249_CSF,GSM4104126_CCTTTCTGTCTGATCA-1,CSF,0.42591341405782057
MS,MS60249_CSF,GSM4104126_CGAACATAGCGATATA-1,CSF,0.047810077298254865
MS,MS60249_CSF,GSM4104126_CGAACATCACCAGATT-1,CSF,-0.04624101334486386
MS,MS60249_CSF,GSM4104126_CGAACATCACCCTATC-1,CSF,-0.07157349201915446
MS,MS60249_CSF,GSM4104126_CGAACATCATGGTTGT-1,CSF,0.3812474628902218
MS,MS60249_CSF,GSM4104126_CGAACATCATTACGAC-1,CSF,0.5029631053013192
MS,MS60249_CSF,GSM4104126_CGAACATGTATCTGCA-1,CSF,-0.07157349201915446
MS,MS60249_CSF,GSM4104126_CGAACATGTGAAAGAG-1,CSF,-0.07157349201915446
MS,MS60249_CSF,GSM4104126_CGAACATTCCACTGGG-1,CSF,-0.07157349201915446
MS,MS60249_CSF,GSM4104126_CGAATGTAGTGGGATC-1,CSF,-0.750054483642369
MS,MS60249_CSF,GSM4104126_CGAATGTCAGACGCAA-1,CSF,0.16725606883796312
MS,MS60249_CSF,GSM4104126_CGAATGTTCATCGCTC-1,CSF,-0.49279904327970697
MS,MS60249_CSF,GSM4104126_CGAATGTTCGGTCCGA-1,CSF,0.4492465276160464
MS,MS60249_CSF,GSM4104126_CGACCTTAGGAACTGC-1,CSF,-0.2757972151193989
MS,MS60249_CSF,GSM4104126_CGACCTTCAGCATACT-1,CSF,0.020403822552312285
MS,MS60249_CSF,GSM4104126_CGACCTTGTCTTGATG-1,CSF,-0.22887281425460723
MS,MS60249_CSF,GSM4104126_CGACTTCAGGCAGTCA-1,CSF,0.24981490293004244
MS,MS60249_CSF,GSM4104126_CGACTTCGTGGCCCTA-1,CSF,0.3520540911802636
MS,MS60249_CSF,GSM4104126_CGAGAAGAGACGACGT-1,CSF,-0.07157349201915446
MS,MS60249_CSF,GSM4104126_CGAGAAGAGATATGGT-1,CSF,0.16245258042340918
MS,MS60249_CSF,GSM4104126_CGAGAAGCAATCCAAC-1,CSF,0.2146734880618255
MS,MS60249_CSF,GSM4104126_CGAGAAGCACAGCCCA-1,CSF,-0.2583357141659393
MS,MS60249_CSF,GSM4104126_CGAGAAGTCAACGAAA-1,CSF,-0.07157349201915446
MS,MS60249_CSF,GSM4104126_CGAGCACAGTGTACTC-1,CSF,-0.07157349201915446
MS,MS60249_CSF,GSM4104126_CGAGCACCACGGATAG-1,CSF,-0.2342881561528912
MS,MS60249_CSF,GSM4104126_CGAGCACCAGGATCGA-1,CSF,-0.20938342316277017
MS,MS60249_CSF,GSM4104126_CGAGCACTCACCATAG-1,CSF,-0.169704914055997
MS,MS60249_CSF,GSM4104126_CGAGCACTCTGGCGTG-1,CSF,-0.07157349201915446
MS,MS60249_CSF,GSM4104126_CGAGCCAGTATTCGTG-1,CSF,-0.05996532727197236
MS,MS60249_CSF,GSM4104126_CGAGCCAGTCGCGAAA-1,CSF,-0.07157349201915446
MS,MS60249_CSF,GSM4104126_CGATGGCGTTCAACCA-1,CSF,0.15447341651269975
MS,MS60249_CSF,GSM4104126_CGATGTAGTTGTCGCG-1,CSF,0.2678673441387965
MS,MS60249_CSF,GSM4104126_CGATGTATCAAACGGG-1,CSF,0.5769116077815067
MS,MS60249_CSF,GSM4104126_CGATGTATCAACGGGA-1,CSF,-0.07157349201915446
MS,MS60249_CSF,GSM4104126_CGATGTATCGGCGCAT-1,CSF,-0.07157349201915446
MS,MS60249_CSF,GSM4104126_CGATTGAGTCCGACGT-1,CSF,-0.07157349201915446
MS,MS60249_CSF,GSM4104126_CGATTGAGTTGAGGTG-1,CSF,-0.07157349201915446
MS,MS60249_CSF,GSM4104126_CGATTGATCAAAGACA-1,CSF,-0.19437337916022665
MS,MS60249_CSF,GSM4104126_CGATTGATCGGTTCGG-1,CSF,-0.3468840136931366
MS,MS60249_CSF,GSM4104126_CGCCAAGAGATGGCGT-1,CSF,-0.5941790737541971
MS,MS60249_CSF,GSM4104126_CGCCAAGAGGCTAGGT-1,CSF,0.1461388468097741
MS,MS60249_CSF,GSM4104126_CGCCAAGAGTGGAGAA-1,CSF,0.3141127434157987
MS,MS60249_CSF,GSM4104126_CGCCAAGGTGTGGTTT-1,CSF,-0.07157349201915446
MS,MS60249_CSF,GSM4104126_CGCCAAGTCATGTGGT-1,CSF,0.4453496641416173
MS,MS60249_CSF,GSM4104126_CGCCAAGTCGGTCTAA-1,CSF,-0.5233379947310531
MS,MS60249_CSF,GSM4104126_CGCGGTAAGGCAGGTT-1,CSF,0.24849953569011538
MS,MS60249_CSF,GSM4104126_CGCGGTACATACTACG-1,CSF,-0.07157349201915446
MS,MS60249_CSF,GSM4104126_CGCGGTACATGTAAGA-1,CSF,0.4404364999820226
MS,MS60249_CSF,GSM4104126_CGCGGTAGTCGAATCT-1,CSF,-0.07157349201915446
MS,MS60249_CSF,GSM4104126_CGCGGTATCAGGCAAG-1,CSF,-0.07157349201915446
MS,MS60249_CSF,GSM4104126_CGCGTTTAGTATCGAA-1,CSF,-0.07157349201915446
MS,MS60249_CSF,GSM4104126_CGCGTTTCAAAGAATC-1,CSF,-0.04951234866432308
MS,MS60249_CSF,GSM4104126_CGCTATCAGAGCTGGT-1,CSF,-0.03317798001478288
MS,MS60249_CSF,GSM4104126_CGCTATCAGCTGGAAC-1,CSF,0.11190474555277444
MS,MS60249_CSF,GSM4104126_CGCTATCCAATGCCAT-1,CSF,-0.15828035872163598
MS,MS60249_CSF,GSM4104126_CGCTGGAAGGCCCTTG-1,CSF,-0.07157349201915446
MS,MS60249_CSF,GSM4104126_CGCTGGAAGGTTACCT-1,CSF,-0.07157349201915446
MS,MS60249_CSF,GSM4104126_CGCTGGAAGTTCGCGC-1,CSF,-0.07157349201915446
MS,MS60249_CSF,GSM4104126_CGCTGGACACCAGGCT-1,CSF,-0.07157349201915446
MS,MS60249_CSF,GSM4104126_CGCTGGACATATGCTG-1,CSF,-0.4998461750494726
MS,MS60249_CSF,GSM4104126_CGCTTCACAAAGGCGT-1,CSF,0.10120735513202242
MS,MS60249_CSF,GSM4104126_CGCTTCACACAGGTTT-1,CSF,-0.07157349201915446
MS,MS60249_CSF,GSM4104126_CGCTTCACAGTAAGCG-1,CSF,0.1782979332250759
MS,MS60249_CSF,GSM4104126_CGCTTCAGTTACAGAA-1,CSF,-0.37361838616888227
MS,MS60249_CSF,GSM4104126_CGCTTCATCGAACGGA-1,CSF,-0.07157349201915446
MS,MS60249_CSF,GSM4104126_CGCTTCATCTAGCACA-1,CSF,-0.07157349201915446
MS,MS60249_CSF,GSM4104126_CGGACACAGCAGACTG-1,CSF,0.08629534812564711
MS,MS60249_CSF,GSM4104126_CGGACACAGGGCACTA-1,CSF,-0.31166617840984034
MS,MS60249_CSF,GSM4104126_CGGACACCACATGGGA-1,CSF,-0.4344554503146143
MS,MS60249_CSF,GSM4104126_CGGACACGTCAGATAA-1,CSF,-0.07157349201915446
MS,MS60249_CSF,GSM4104126_CGGACACTCAGAGGTG-1,CSF,-0.07157349201915446
MS,MS60249_CSF,GSM4104126_CGGACACTCTGCAAGT-1,CSF,-0.07157349201915446
MS,MS60249_CSF,GSM4104126_CGGACGTAGGCCCTTG-1,CSF,-0.07157349201915446
MS,MS60249_CSF,GSM4104126_CGGACGTAGTTTGCGT-1,CSF,0.34809393339915023
MS,MS60249_CSF,GSM4104126_CGGACGTGTATGAAAC-1,CSF,-0.07157349201915446
MS,MS60249_CSF,GSM4104126_CGGACGTGTCTTCAAG-1,CSF,0.004064800536265349
MS,MS60249_CSF,GSM4104126_CGGACGTTCACGCATA-1,CSF,-0.19367457744655162
MS,MS60249_CSF,GSM4104126_CGGACGTTCTTGACGA-1,CSF,-0.26610783352145617
MS,MS60249_CSF,GSM4104126_CGGACTGCATATGAGA-1,CSF,0.016533659917582676
MS,MS60249_CSF,GSM4104126_CGGACTGCATCAGTAC-1,CSF,-0.21694592918320618
MS,MS60249_CSF,GSM4104126_CGGACTGGTGGGTCAA-1,CSF,0.02340114301149322
MS,MS60249_CSF,GSM4104126_CGGACTGGTGGTGTAG-1,CSF,0.7819060997769375
MS,MS60249_CSF,GSM4104126_CGGACTGGTTCGGCAC-1,CSF,-0.07157349201915446
MS,MS60249_CSF,GSM4104126_CGGAGCTGTTCACCTC-1,CSF,0.3480528887739847
MS,MS60249_CSF,GSM4104126_CGGAGTCAGGAATGGA-1,CSF,-0.07157349201915446
MS,MS60249_CSF,GSM4104126_CGGAGTCCAAGTCTGT-1,CSF,-0.22867816957159107
MS,MS60249_CSF,GSM4104126_CGGAGTCCAATGGAAT-1,CSF,-0.07157349201915446
MS,MS60249_CSF,GSM4104126_CGGCTAGCAGCGTAAG-1,CSF,-0.5292633175735018
MS,MS60249_CSF,GSM4104126_CGGCTAGCATGGGACA-1,CSF,0.09792167173304507
MS,MS60249_CSF,GSM4104126_CGGCTAGGTCGTGGCT-1,CSF,-0.07157349201915446
MS,MS60249_CSF,GSM4104126_CGGGTCAAGCTAAACA-1,CSF,0.8461414283953985
MS,MS60249_CSF,GSM4104126_CGGGTCACAAGGACAC-1,CSF,0.1403284592641473
MS,MS60249_CSF,GSM4104126_CGGGTCACACGTCTCT-1,CSF,-0.07157349201915446
MS,MS60249_CSF,GSM4104126_CGGGTCAGTCGAGTTT-1,CSF,-0.07157349201915446
MS,MS60249_CSF,GSM4104126_CGGGTCATCAGTACGT-1,CSF,-0.07157349201915446
MS,MS60249_CSF,GSM4104126_CGGGTCATCGGCGGTT-1,CSF,0.35182864895945043
MS,MS60249_CSF,GSM4104126_CGGGTCATCTCTTGAT-1,CSF,0.16373604334201167
MS,MS60249_CSF,GSM4104126_CGGTTAAAGTGGACGT-1,CSF,-0.5693558657435138
MS,MS60249_CSF,GSM4104126_CGGTTAAAGTTGTCGT-1,CSF,-0.07157349201915446
MS,MS60249_CSF,GSM4104126_CGGTTAAGTCTAGCGC-1,CSF,0.21706406560027242
MS,MS60249_CSF,GSM4104126_CGGTTAAGTTCTGGTA-1,CSF,-0.18141548553347428
MS,MS60249_CSF,GSM4104126_CGGTTAATCCGTACAA-1,CSF,0.055950172556715465
MS,MS60249_CSF,GSM4104126_CGTAGCGAGACACGAC-1,CSF,0.1654259091099986
MS,MS60249_CSF,GSM4104126_CGTAGCGAGTGGTAAT-1,CSF,0.1846786648370467
MS,MS60249_CSF,GSM4104126_CGTAGCGCATATACCG-1,CSF,-0.07157349201915446
MS,MS60249_CSF,GSM4104126_CGTAGCGTCACCCTCA-1,CSF,-0.07157349201915446
MS,MS60249_CSF,GSM4104126_CGTAGGCTCCACGCAG-1,CSF,0.03607464267395433
MS,MS60249_CSF,GSM4104126_CGTAGGCTCTCCAGGG-1,CSF,-0.07157349201915446
MS,MS60249_CSF,GSM4104126_CGTAGGCTCTTAGCCC-1,CSF,0.358650652202559
MS,MS60249_CSF,GSM4104126_CGTCACTAGAAACCAT-1,CSF,0.17402868714938122
MS,MS60249_CSF,GSM4104126_CGTCACTCAACTGGCC-1,CSF,0.2706073825217855
MS,MS60249_CSF,GSM4104126_CGTCACTCACAGATTC-1,CSF,0.14305222940992077
MS,MS60249_CSF,GSM4104126_CGTCACTGTTCAGTAC-1,CSF,-0.07157349201915446
MS,MS60249_CSF,GSM4104126_CGTCAGGAGGCCCTCA-1,CSF,-0.07157349201915446
MS,MS60249_CSF,GSM4104126_CGTCAGGAGGCTCAGA-1,CSF,0.44124900075134504
MS,MS60249_CSF,GSM4104126_CGTCAGGCAAGTAGTA-1,CSF,-0.2327753437903277
MS,MS60249_CSF,GSM4104126_CGTCAGGCACAACGTT-1,CSF,-0.07157349201915446
MS,MS60249_CSF,GSM4104126_CGTCAGGGTAAAGGAG-1,CSF,-0.07157349201915446
MS,MS60249_CSF,GSM4104126_CGTCCATCAGAGCCAA-1,CSF,-0.28729281819050445
MS,MS60249_CSF,GSM4104126_CGTCCATCATGAACCT-1,CSF,-0.07157349201915446
MS,MS60249_CSF,GSM4104126_CGTCTACCATACGCCG-1,CSF,0.1633954596928857
MS,MS60249_CSF,GSM4104126_CGTCTACGTCGAATCT-1,CSF,-0.07157349201915446
MS,MS60249_CSF,GSM4104126_CGTGAGCAGAGTCTGG-1,CSF,-0.24186914097187473
MS,MS60249_CSF,GSM4104126_CGTGAGCCACACAGAG-1,CSF,-0.07157349201915446
MS,MS60249_CSF,GSM4104126_CGTGAGCGTCACCTAA-1,CSF,-0.07157349201915446
MS,MS60249_CSF,GSM4104126_CGTGAGCGTCGCTTCT-1,CSF,0.4127910060391745
MS,MS60249_CSF,GSM4104126_CGTGTAACATCCCACT-1,CSF,0.02135855967482641
MS,MS60249_CSF,GSM4104126_CGTGTAACATGGTCTA-1,CSF,-0.07157349201915446
MS,MS60249_CSF,GSM4104126_CGTGTAAGTAGCCTAT-1,CSF,-0.07157349201915446
MS,MS60249_CSF,GSM4104126_CGTGTAATCTGCGACG-1,CSF,0.2540363152995667
MS,MS60249_CSF,GSM4104126_CGTGTCTAGAGAACAG-1,CSF,-0.07157349201915446
MS,MS60249_CSF,GSM4104126_CGTGTCTAGTGCGATG-1,CSF,0.67950257356965
MS,MS60249_CSF,GSM4104126_CGTGTCTGTGCACTTA-1,CSF,-0.48463028967874083
MS,MS60249_CSF,GSM4104126_CGTGTCTTCAACGGCC-1,CSF,0.21608995532163894
MS,MS60249_CSF,GSM4104126_CGTGTCTTCTTTAGGG-1,CSF,-0.07157349201915446
MS,MS60249_CSF,GSM4104126_CGTTAGAAGTAAGTAC-1,CSF,-0.09684237677298611
MS,MS60249_CSF,GSM4104126_CGTTAGACAGGGCATA-1,CSF,-0.07157349201915446
MS,MS60249_CSF,GSM4104126_CGTTAGAGTACTTGAC-1,CSF,-0.07157349201915446
MS,MS60249_CSF,GSM4104126_CGTTAGAGTCGCGAAA-1,CSF,0.06365082666095533
MS,MS60249_CSF,GSM4104126_CGTTCTGAGACAGGCT-1,CSF,-0.1865183440225349
MS,MS60249_CSF,GSM4104126_CGTTCTGCACTTAAGC-1,CSF,-0.07157349201915446
MS,MS60249_CSF,GSM4104126_CGTTCTGCAGCCAATT-1,CSF,-0.32301204775196923
MS,MS60249_CSF,GSM4104126_CGTTCTGCAGGAATGC-1,CSF,0.39023647207448187
MS,MS60249_CSF,GSM4104126_CGTTCTGGTTCGCTAA-1,CSF,-0.07157349201915446
MS,MS60249_CSF,GSM4104126_CGTTGGGAGTTTGCGT-1,CSF,0.4396108844041415
MS,MS60249_CSF,GSM4104126_CGTTGGGCAGCTGCTG-1,CSF,-0.19323468969731564
MS,MS60249_CSF,GSM4104126_CGTTGGGGTTACGTCA-1,CSF,0.8541798753302446
MS,MS60249_CSF,GSM4104126_CGTTGGGTCTACCAGA-1,CSF,-0.07157349201915446
MS,MS60249_CSF,GSM4104126_CTAACTTAGGGAACGG-1,CSF,-0.07157349201915446
MS,MS60249_CSF,GSM4104126_CTAACTTAGTACGACG-1,CSF,0.10284183554039096
MS,MS60249_CSF,GSM4104126_CTAACTTCAATTCCTT-1,CSF,-0.07157349201915446
MS,MS60249_CSF,GSM4104126_CTAACTTCACAGAGGT-1,CSF,-0.07157349201915446
MS,MS60249_CSF,GSM4104126_CTAACTTCATTAACCG-1,CSF,-0.07157349201915446
MS,MS60249_CSF,GSM4104126_CTAACTTGTCTGATTG-1,CSF,-0.07157349201915446
MS,MS60249_CSF,GSM4104126_CTAACTTGTTGAGGTG-1,CSF,-0.07157349201915446
MS,MS60249_CSF,GSM4104126_CTAAGACGTTCCCTTG-1,CSF,-0.07157349201915446
MS,MS60249_CSF,GSM4104126_CTAAGACTCCTTTCTC-1,CSF,-0.6056160377632366
MS,MS60249_CSF,GSM4104126_CTAAGACTCGGCGCTA-1,CSF,-0.07157349201915446
MS,MS60249_CSF,GSM4104126_CTAATGGGTATCGCAT-1,CSF,-0.07157349201915446
MS,MS60249_CSF,GSM4104126_CTAATGGTCCTTCAAT-1,CSF,-0.07157349201915446
MS,MS60249_CSF,GSM4104126_CTAATGGTCTGATACG-1,CSF,-0.339729104102887
MS,MS60249_CSF,GSM4104126_CTACACCAGCCGTCGT-1,CSF,-0.07157349201915446
MS,MS60249_CSF,GSM4104126_CTACACCAGGAATTAC-1,CSF,0.2953893573982916
MS,MS60249_CSF,GSM4104126_CTACACCAGGCACATG-1,CSF,-0.07157349201915446
MS,MS60249_CSF,GSM4104126_CTACACCAGTTTGCGT-1,CSF,-0.07157349201915446
MS,MS60249_CSF,GSM4104126_CTACACCCAGACTCGC-1,CSF,0.30301532468176934
MS,MS60249_CSF,GSM4104126_CTACACCGTCTCCCTA-1,CSF,0.2070087261757824
MS,MS60249_CSF,GSM4104126_CTACACCGTGTGCGTC-1,CSF,-0.07157349201915446
MS,MS60249_CSF,GSM4104126_CTACATTAGTACACCT-1,CSF,-0.4177358831975225
MS,MS60249_CSF,GSM4104126_CTACATTAGTCTCCTC-1,CSF,0.31339863217052316
MS,MS60249_CSF,GSM4104126_CTACATTCATATACGC-1,CSF,0.30072301246606886
MS,MS60249_CSF,GSM4104126_CTACCCAAGTGTGAAT-1,CSF,-0.07157349201915446
MS,MS60249_CSF,GSM4104126_CTACCCAGTATAGTAG-1,CSF,0.0838351533127891
MS,MS60249_CSF,GSM4104126_CTACCCAGTTATCCGA-1,CSF,-0.07157349201915446
MS,MS60249_CSF,GSM4104126_CTACCCAGTTCCGTCT-1,CSF,-0.5568949361847719
MS,MS60249_CSF,GSM4104126_CTACCCATCAAAGTAG-1,CSF,-0.2185016814155069
MS,MS60249_CSF,GSM4104126_CTACCCATCAATAAGG-1,CSF,-0.2068991740370222
MS,MS60249_CSF,GSM4104126_CTACCCATCGGCTTGG-1,CSF,-0.07157349201915446
MS,MS60249_CSF,GSM4104126_CTACCCATCTTCAACT-1,CSF,-0.07157349201915446
MS,MS60249_CSF,GSM4104126_CTACGTCAGCTGCGAA-1,CSF,-0.22623961055501646
MS,MS60249_CSF,GSM4104126_CTACGTCGTCGAATCT-1,CSF,0.2862066654770153
MS,MS60249_CSF,GSM4104126_CTACGTCTCGGCGCAT-1,CSF,-0.300829415463181
MS,MS60249_CSF,GSM4104126_CTAGAGTCACCATGTA-1,CSF,-0.07157349201915446
MS,MS60249_CSF,GSM4104126_CTAGAGTGTTGGTAAA-1,CSF,0.17472853420928672
MS,MS60249_CSF,GSM4104126_CTAGAGTTCGGTCCGA-1,CSF,0.3854347861805178
MS,MS60249_CSF,GSM4104126_CTAGCCTAGGGAACGG-1,CSF,-0.21425772069489174
MS,MS60249_CSF,GSM4104126_CTAGCCTCAAAGTGCG-1,CSF,-0.07157349201915446
MS,MS60249_CSF,GSM4104126_CTAGCCTGTAATAGCA-1,CSF,-0.07157349201915446
MS,MS60249_CSF,GSM4104126_CTAGCCTGTGTGCGTC-1,CSF,-0.07157349201915446
MS,MS60249_CSF,GSM4104126_CTAGTGACAATGGAGC-1,CSF,-0.2834472005438466
MS,MS60249_CSF,GSM4104126_CTAGTGAGTCGAATCT-1,CSF,-0.07157349201915446
MS,MS60249_CSF,GSM4104126_CTAGTGAGTGACGGTA-1,CSF,-0.7107777661955179
MS,MS60249_CSF,GSM4104126_CTCACACAGCTGAAAT-1,CSF,-0.07157349201915446
MS,MS60249_CSF,GSM4104126_CTCACACCAACTGGCC-1,CSF,-0.34696170712227775
MS,MS60249_CSF,GSM4104126_CTCACACGTTAAAGTG-1,CSF,0.3534747839783107
MS,MS60249_CSF,GSM4104126_CTCACACGTTATGCGT-1,CSF,-0.07157349201915446
MS,MS60249_CSF,GSM4104126_CTCACACTCACAGGCC-1,CSF,0.1258032891146968
MS,MS60249_CSF,GSM4104126_CTCAGAACAGTAAGAT-1,CSF,-0.07157349201915446
MS,MS60249_CSF,GSM4104126_CTCAGAAGTACCGTTA-1,CSF,0.22630428252381612
MS,MS60249_CSF,GSM4104126_CTCAGAATCACCATAG-1,CSF,-0.07157349201915446
MS,MS60249_CSF,GSM4104126_CTCAGAATCTGCTTGC-1,CSF,-0.04643280620565433
MS,MS60249_CSF,GSM4104126_CTCAGAATCTTACCGC-1,CSF,-0.21976301750495336
MS,MS60249_CSF,GSM4104126_CTCATTACATACGCCG-1,CSF,-0.07157349201915446
MS,MS60249_CSF,GSM4104126_CTCCTAGGTCAGTGGA-1,CSF,-0.07157349201915446
MS,MS60249_CSF,GSM4104126_CTCCTAGTCGTTTATC-1,CSF,0.47533827682517843
MS,MS60249_CSF,GSM4104126_CTCGAAAAGCGATAGC-1,CSF,-0.3204895933423044
MS,MS60249_CSF,GSM4104126_CTCGAAACAACGCACC-1,CSF,0.20441420778146144
MS,MS60249_CSF,GSM4104126_CTCGAAATCGTCTGCT-1,CSF,-0.07157349201915446
MS,MS60249_CSF,GSM4104126_CTCGAGGCAAGGTGTG-1,CSF,-0.07157349201915446
MS,MS60249_CSF,GSM4104126_CTCGAGGCAGCCAATT-1,CSF,0.29277098047997063
MS,MS60249_CSF,GSM4104126_CTCGAGGCATGAGCGA-1,CSF,0.19660012319896605
MS,MS60249_CSF,GSM4104126_CTCGAGGGTACAGTTC-1,CSF,-0.07157349201915446
MS,MS60249_CSF,GSM4104126_CTCGGAGAGTCGTACT-1,CSF,0.3616321294772929
MS,MS60249_CSF,GSM4104126_CTCGGAGGTTGTCTTT-1,CSF,-0.07157349201915446
MS,MS60249_CSF,GSM4104126_CTCGGGAGTATATGAG-1,CSF,-0.6961188014053876
MS,MS60249_CSF,GSM4104126_CTCGTACGTCGCGTGT-1,CSF,-0.07157349201915446
MS,MS60249_CSF,GSM4104126_CTCGTACGTCGTCTTC-1,CSF,0.262531598438006
MS,MS60249_CSF,GSM4104126_CTCGTCAAGCGTCAAG-1,CSF,-0.07157349201915446
MS,MS60249_CSF,GSM4104126_CTCGTCACAAGAAAGG-1,CSF,-0.07157349201915446
MS,MS60249_CSF,GSM4104126_CTCGTCACATCCGTGG-1,CSF,-0.07157349201915446
MS,MS60249_CSF,GSM4104126_CTCGTCATCGAACTGT-1,CSF,0.3493285518479083
MS,MS60249_CSF,GSM4104126_CTCTAATGTCCTAGCG-1,CSF,-0.23698189523218863
MS,MS60249_CSF,GSM4104126_CTCTACGTCTGATTCT-1,CSF,0.1761767246675196
MS,MS60249_CSF,GSM4104126_CTCTGGTCAACGATCT-1,CSF,0.331200773746274
MS,MS60249_CSF,GSM4104126_CTCTGGTGTAAGGATT-1,CSF,-0.07157349201915446
MS,MS60249_CSF,GSM4104126_CTCTGGTTCTGATACG-1,CSF,-0.17811238774639898
MS,MS60249_CSF,GSM4104126_CTGAAACGTTATCACG-1,CSF,-0.07157349201915446
MS,MS60249_CSF,GSM4104126_CTGAAACTCCGAGCCA-1,CSF,0.581339748942879
MS,MS60249_CSF,GSM4104126_CTGAAGTAGTTGTAGA-1,CSF,0.06261831996476619
MS,MS60249_CSF,GSM4104126_CTGAAGTCAAACTGCT-1,CSF,-0.07157349201915446
MS,MS60249_CSF,GSM4104126_CTGAAGTTCTTGAGAC-1,CSF,0.21886913440644257
MS,MS60249_CSF,GSM4104126_CTGATAGAGATAGTCA-1,CSF,0.11206525756374572
MS,MS60249_CSF,GSM4104126_CTGATAGGTAGGACAC-1,CSF,0.35261243768287853
MS,MS60249_CSF,GSM4104126_CTGATAGGTCCGCTGA-1,CSF,-0.3261768074499622
MS,MS60249_CSF,GSM4104126_CTGATAGTCCTTGACC-1,CSF,0.39244218307293055
MS,MS60249_CSF,GSM4104126_CTGATAGTCGACAGCC-1,CSF,-0.07157349201915446
MS,MS60249_CSF,GSM4104126_CTGATAGTCGAGAACG-1,CSF,0.17865351542175717
MS,MS60249_CSF,GSM4104126_CTGATCCCAGCTATTG-1,CSF,0.09432832095187611
MS,MS60249_CSF,GSM4104126_CTGATCCGTACGCTGC-1,CSF,-0.07157349201915446
MS,MS60249_CSF,GSM4104126_CTGATCCGTTAAAGTG-1,CSF,-0.07157349201915446
MS,MS60249_CSF,GSM4104126_CTGATCCTCAGCGACC-1,CSF,0.2470319019488875
MS,MS60249_CSF,GSM4104126_CTGATCCTCCTGTAGA-1,CSF,-0.07157349201915446
MS,MS60249_CSF,GSM4104126_CTGATCCTCTTGTCAT-1,CSF,-0.07157349201915446
MS,MS60249_CSF,GSM4104126_CTGCCTAAGTCATCCA-1,CSF,-0.07157349201915446
MS,MS60249_CSF,GSM4104126_CTGCCTACAACTTGAC-1,CSF,0.6486832225969029
MS,MS60249_CSF,GSM4104126_CTGCCTAGTAAGTGGC-1,CSF,-0.07157349201915446
MS,MS60249_CSF,GSM4104126_CTGCCTATCCACGTGG-1,CSF,-0.19545023842267462
MS,MS60249_CSF,GSM4104126_CTGCGGAAGAACTGTA-1,CSF,-0.07157349201915446
MS,MS60249_CSF,GSM4104126_CTGCGGAAGATGCGAC-1,CSF,0.3719546872624882
MS,MS60249_CSF,GSM4104126_CTGCGGACACACTGCG-1,CSF,-0.09750190427296526
MS,MS60249_CSF,GSM4104126_CTGCGGATCCTCAATT-1,CSF,-0.07157349201915446
MS,MS60249_CSF,GSM4104126_CTGCGGATCGTAGGAG-1,CSF,-0.07157349201915446
MS,MS60249_CSF,GSM4104126_CTGCTGTAGCGAGAAA-1,CSF,-0.07157349201915446
MS,MS60249_CSF,GSM4104126_CTGCTGTAGCTAAGAT-1,CSF,0.3182914589973908
MS,MS60249_CSF,GSM4104126_CTGCTGTCACCAGCAC-1,CSF,0.5771183871777972
MS,MS60249_CSF,GSM4104126_CTGCTGTGTGCGATAG-1,CSF,-0.07157349201915446
MS,MS60249_CSF,GSM4104126_CTGCTGTTCACAGGCC-1,CSF,0.3654638447686099
MS,MS60249_CSF,GSM4104126_CTGGTCTCAACACGCC-1,CSF,0.7044856767534038
MS,MS60249_CSF,GSM4104126_CTGTGCTCACTTGGAT-1,CSF,-0.07157349201915446
MS,MS60249_CSF,GSM4104126_CTGTGCTGTTGACGTT-1,CSF,-0.34797703518000384
MS,MS60249_CSF,GSM4104126_CTGTGCTTCATCATTC-1,CSF,-0.2689749167292819
MS,MS60249_CSF,GSM4104126_CTGTGCTTCATCTGCC-1,CSF,-0.07157349201915446
MS,MS60249_CSF,GSM4104126_CTGTGCTTCATGTCTT-1,CSF,0.6431873198023267
MS,MS60249_CSF,GSM4104126_CTGTTTAAGAGACTTA-1,CSF,-0.2838245048024065
MS,MS60249_CSF,GSM4104126_CTGTTTAAGTGAACAT-1,CSF,-0.07157349201915446
MS,MS60249_CSF,GSM4104126_CTGTTTACAAGCGATG-1,CSF,0.6448663620073607
MS,MS60249_CSF,GSM4104126_CTGTTTACAGGGTATG-1,CSF,-0.01980811502323684
MS,MS60249_CSF,GSM4104126_CTGTTTAGTGAAATCA-1,CSF,-0.5977287880803944
MS,MS60249_CSF,GSM4104126_CTTAACTAGCCACGCT-1,CSF,0.16299882167153829
MS,MS60249_CSF,GSM4104126_CTTAACTAGGATGGTC-1,CSF,-0.20476529939302163
MS,MS60249_CSF,GSM4104126_CTTAACTCACAGCCCA-1,CSF,-0.07157349201915446
MS,MS60249_CSF,GSM4104126_CTTAACTCACCTATCC-1,CSF,0.06445041670347615
MS,MS60249_CSF,GSM4104126_CTTACCGAGAATTGTG-1,CSF,-0.07157349201915446
MS,MS60249_CSF,GSM4104126_CTTACCGAGGCATTGG-1,CSF,0.49744115371701464
MS,MS60249_CSF,GSM4104126_CTTACCGCAACTGCTA-1,CSF,0.26046498701093146
MS,MS60249_CSF,GSM4104126_CTTACCGCATGAAGTA-1,CSF,-0.07157349201915446
MS,MS60249_CSF,GSM4104126_CTTACCGCATGCAACT-1,CSF,-0.07157349201915446
MS,MS60249_CSF,GSM4104126_CTTACCGGTCTGCAAT-1,CSF,-0.07157349201915446
MS,MS60249_CSF,GSM4104126_CTTACCGGTGTGTGCC-1,CSF,-0.22623961055501646
MS,MS60249_CSF,GSM4104126_CTTACCGTCATAAAGG-1,CSF,-0.005446682145804872
MS,MS60249_CSF,GSM4104126_CTTACCGTCATCATTC-1,CSF,-0.07157349201915446
MS,MS60249_CSF,GSM4104126_CTTAGGATCCTATTCA-1,CSF,-0.2522321033916281
MS,MS60249_CSF,GSM4104126_CTTAGGATCTCCCTGA-1,CSF,-0.07157349201915446
MS,MS60249_CSF,GSM4104126_CTTCTCTAGATCCCAT-1,CSF,0.049502668313494355
MS,MS60249_CSF,GSM4104126_CTTCTCTAGGCCCTCA-1,CSF,0.5569208409181481
MS,MS60249_CSF,GSM4104126_CTTCTCTTCCCAAGAT-1,CSF,0.19471901423229956
MS,MS60249_CSF,GSM4104126_CTTGGCTAGGTGCTTT-1,CSF,0.22093575075376323
MS,MS60249_CSF,GSM4104126_CTTGGCTCAGCTCGAC-1,CSF,-0.07157349201915446
MS,MS60249_CSF,GSM4104126_CTTGGCTTCATAAAGG-1,CSF,-0.07157349201915446
MS,MS60249_CSF,GSM4104126_CTTGGCTTCTATCCCG-1,CSF,-0.04348842171317523
MS,MS60249_CSF,GSM4104126_CTTTGCGCAGGCGATA-1,CSF,-0.07157349201915446
MS,MS60249_CSF,GSM4104126_CTTTGCGGTAAATACG-1,CSF,0.0013289173177992403
MS,MS60249_CSF,GSM4104126_CTTTGCGTCAAGCCTA-1,CSF,-0.07157349201915446
MS,MS60249_CSF,GSM4104126_CTTTGCGTCCAGAAGG-1,CSF,-0.07157349201915446
MS,MS60249_CSF,GSM4104126_GAAACTCAGTCTTGCA-1,CSF,-0.44478384119090786
MS,MS60249_CSF,GSM4104126_GAAACTCCAATGGAGC-1,CSF,-0.07157349201915446
MS,MS60249_CSF,GSM4104126_GAAACTCGTTATCGGT-1,CSF,0.1093572019915794
MS,MS60249_CSF,GSM4104126_GAAACTCTCTGTCTCG-1,CSF,-0.07157349201915446
MS,MS60249_CSF,GSM4104126_GAAATGAAGCGATGAC-1,CSF,-0.7100536351987626
MS,MS60249_CSF,GSM4104126_GAAATGATCTATCCTA-1,CSF,0.34754643724493256
MS,MS60249_CSF,GSM4104126_GAACATCAGCGCTTAT-1,CSF,-0.1670159545362823
MS,MS60249_CSF,GSM4104126_GAACATCTCCTCATTA-1,CSF,-0.23819173961248316
MS,MS60249_CSF,GSM4104126_GAACCTAAGTCGAGTG-1,CSF,-0.1750543824649904
MS,MS60249_CSF,GSM4104126_GAACCTACAAGTAGTA-1,CSF,0.41772023184829327
MS,MS60249_CSF,GSM4104126_GAACCTAGTGTCTGAT-1,CSF,-0.20313542118175665
MS,MS60249_CSF,GSM4104126_GAACGGAAGAGATGAG-1,CSF,-0.07157349201915446
MS,MS60249_CSF,GSM4104126_GAACGGAAGATAGTCA-1,CSF,0.4097362609993847
MS,MS60249_CSF,GSM4104126_GAACGGAAGCAATATG-1,CSF,-0.07157349201915446
MS,MS60249_CSF,GSM4104126_GAACGGAGTGAGCGAT-1,CSF,-0.4488864001078922
MS,MS60249_CSF,GSM4104126_GAACGGATCACCGTAA-1,CSF,-0.07157349201915446
MS,MS60249_CSF,GSM4104126_GAAGCAGAGGGAAACA-1,CSF,-0.07157349201915446
MS,MS60249_CSF,GSM4104126_GAAGCAGAGGGATGGG-1,CSF,0.17369970886409183
MS,MS60249_CSF,GSM4104126_GAAGCAGCAATGGAAT-1,CSF,-0.2945694244541195
MS,MS60249_CSF,GSM4104126_GAAGCAGCAGCTGTTA-1,CSF,-0.25128495706433995
MS,MS60249_CSF,GSM4104126_GAAGCAGCAGCTTAAC-1,CSF,0.18890852720121037
MS,MS60249_CSF,GSM4104126_GAAGCAGCATGGTTGT-1,CSF,-0.3272623123874646
MS,MS60249_CSF,GSM4104126_GAAGCAGGTCATGCCG-1,CSF,-0.07157349201915446
MS,MS60249_CSF,GSM4104126_GAATAAGGTACACCGC-1,CSF,0.13164662176404837
MS,MS60249_CSF,GSM4104126_GAATAAGTCAAACCAC-1,CSF,-0.07157349201915446
MS,MS60249_CSF,GSM4104126_GAATAAGTCGCCATAA-1,CSF,0.22162386076889717
MS,MS60249_CSF,GSM4104126_GAATGAACAGACGCCT-1,CSF,-0.07157349201915446
MS,MS60249_CSF,GSM4104126_GAATGAATCGGCCGAT-1,CSF,0.31454775818833064
MS,MS60249_CSF,GSM4104126_GACACGCAGACTACAA-1,CSF,0.3340472063769536
MS,MS60249_CSF,GSM4104126_GACACGCCAGCCACCA-1,CSF,-0.1798588299378551
MS,MS60249_CSF,GSM4104126_GACACGCGTATGGTTC-1,CSF,0.5764253383432455
MS,MS60249_CSF,GSM4104126_GACAGAGAGGACTGGT-1,CSF,-0.07157349201915446
MS,MS60249_CSF,GSM4104126_GACAGAGCAAGCCGTC-1,CSF,-0.08742453545560327
MS,MS60249_CSF,GSM4104126_GACAGAGCAATAGAGT-1,CSF,-0.07157349201915446
MS,MS60249_CSF,GSM4104126_GACAGAGCACGCATCG-1,CSF,0.2477287004548436
MS,MS60249_CSF,GSM4104126_GACAGAGCAGATGAGC-1,CSF,-0.07157349201915446
MS,MS60249_CSF,GSM4104126_GACAGAGTCCGCATAA-1,CSF,-0.07157349201915446
MS,MS60249_CSF,GSM4104126_GACCTGGGTCCCGACA-1,CSF,-0.07157349201915446
MS,MS60249_CSF,GSM4104126_GACCTGGTCCGGGTGT-1,CSF,-0.07157349201915446
MS,MS60249_CSF,GSM4104126_GACCTGGTCTGTCTAT-1,CSF,-0.07157349201915446
MS,MS60249_CSF,GSM4104126_GACCTGGTCTTACCGC-1,CSF,-0.07157349201915446
MS,MS60249_CSF,GSM4104126_GACGCGTAGAGTGACC-1,CSF,0.17146785523117075
MS,MS60249_CSF,GSM4104126_GACGCGTAGCGACGTA-1,CSF,0.3981536910443414
MS,MS60249_CSF,GSM4104126_GACGCGTCACAAGACG-1,CSF,-0.11705255036817354
MS,MS60249_CSF,GSM4104126_GACGCGTCATATGAGA-1,CSF,-0.07157349201915446
MS,MS60249_CSF,GSM4104126_GACGCGTCATTACCTT-1,CSF,0.4468691680890438
MS,MS60249_CSF,GSM4104126_GACGCGTGTCTCTCGT-1,CSF,-0.07157349201915446
MS,MS60249_CSF,GSM4104126_GACGGCTAGTATCTCG-1,CSF,-0.07157349201915446
MS,MS60249_CSF,GSM4104126_GACGGCTCACTAAGTC-1,CSF,-0.07157349201915446
MS,MS60249_CSF,GSM4104126_GACGTGCCACAGGTTT-1,CSF,-0.23505844401716658
MS,MS60249_CSF,GSM4104126_GACGTGCGTTGAACTC-1,CSF,-0.22922474452873645
MS,MS60249_CSF,GSM4104126_GACGTTACAACGATCT-1,CSF,-0.07157349201915446
MS,MS60249_CSF,GSM4104126_GACGTTACAGCGTCCA-1,CSF,-0.15270116998385927
MS,MS60249_CSF,GSM4104126_GACGTTATCGCAGGCT-1,CSF,0.2630279064403304
MS,MS60249_CSF,GSM4104126_GACTAACAGTGTACGG-1,CSF,-0.23344321032903076
MS,MS60249_CSF,GSM4104126_GACTACAAGACTAGAT-1,CSF,-0.07157349201915446
MS,MS60249_CSF,GSM4104126_GACTACAAGGGTTCCC-1,CSF,0.3707647980992639
MS,MS60249_CSF,GSM4104126_GACTACACAAGTAGTA-1,CSF,0.367380625227968
MS,MS60249_CSF,GSM4104126_GACTACACACAAGTAA-1,CSF,-0.23510152441008664
MS,MS60249_CSF,GSM4104126_GACTACACACGAGGTA-1,CSF,0.3208764560765415
MS,MS60249_CSF,GSM4104126_GACTACACAGATCTGT-1,CSF,0.3778563598834247
MS,MS60249_CSF,GSM4104126_GACTACAGTGCACTTA-1,CSF,-0.1975166004936717
MS,MS60249_CSF,GSM4104126_GACTGCGGTTGTTTGG-1,CSF,0.31225681616280054
MS,MS60249_CSF,GSM4104126_GAGCAGAAGCGATTCT-1,CSF,-0.07157349201915446
MS,MS60249_CSF,GSM4104126_GAGCAGACACGCCAGT-1,CSF,0.09474156228489115
MS,MS60249_CSF,GSM4104126_GAGCAGACACGGTAAG-1,CSF,-0.07157349201915446
MS,MS60249_CSF,GSM4104126_GAGCAGACATTGGGCC-1,CSF,0.2180495038596912
MS,MS60249_CSF,GSM4104126_GAGCAGAGTAAGTAGT-1,CSF,-0.07157349201915446
MS,MS60249_CSF,GSM4104126_GAGCAGAGTATTCTCT-1,CSF,-0.07157349201915446
MS,MS60249_CSF,GSM4104126_GAGGTGAAGAGTAATC-1,CSF,0.38547970852183483
MS,MS60249_CSF,GSM4104126_GAGGTGACAGACACTT-1,CSF,-0.07157349201915446
MS,MS60249_CSF,GSM4104126_GAGGTGATCGTTACAG-1,CSF,-0.07157349201915446
MS,MS60249_CSF,GSM4104126_GAGTCCGAGTGTCCAT-1,CSF,0.6529899810340873
MS,MS60249_CSF,GSM4104126_GAGTCCGCAAGCGAGT-1,CSF,-0.07157349201915446
MS,MS60249_CSF,GSM4104126_GAGTCCGCACACATGT-1,CSF,0.009676383102942467
MS,MS60249_CSF,GSM4104126_GAGTCCGGTCATCCCT-1,CSF,-0.29505987211576906
MS,MS60249_CSF,GSM4104126_GAGTCCGGTCTAGTCA-1,CSF,-0.07157349201915446
MS,MS60249_CSF,GSM4104126_GAGTCCGGTCTGATCA-1,CSF,-0.07157349201915446
MS,MS60249_CSF,GSM4104126_GAGTCCGGTGTTGGGA-1,CSF,-0.1827771854194283
MS,MS60249_CSF,GSM4104126_GAGTCCGTCCCTTGTG-1,CSF,-0.07157349201915446
MS,MS60249_CSF,GSM4104126_GATCAGTCACCTGGTG-1,CSF,-0.2168500421856374
MS,MS60249_CSF,GSM4104126_GATCAGTTCGTGGTCG-1,CSF,-0.5298411650449605
MS,MS60249_CSF,GSM4104126_GATCGATAGCTAAACA-1,CSF,-0.07157349201915446
MS,MS60249_CSF,GSM4104126_GATCGATCATGTCGAT-1,CSF,-0.23373764654662546
MS,MS60249_CSF,GSM4104126_GATCGATGTGGTCCGT-1,CSF,0.2021145740378248
MS,MS60249_CSF,GSM4104126_GATCGATTCGCCATAA-1,CSF,0.3947768367459141
MS,MS60249_CSF,GSM4104126_GATCGCGAGGCTAGGT-1,CSF,0.11778543499656251
MS,MS60249_CSF,GSM4104126_GATCGCGAGTGCGATG-1,CSF,-0.07157349201915446
MS,MS60249_CSF,GSM4104126_GATCGCGGTAGCTAAA-1,CSF,-0.5195426477851998
MS,MS60249_CSF,GSM4104126_GATCGCGGTCATTAGC-1,CSF,-0.160972534234788
MS,MS60249_CSF,GSM4104126_GATCGCGGTTGAGGTG-1,CSF,0.11080288206836635
MS,MS60249_CSF,GSM4104126_GATCGTACAAATCCGT-1,CSF,-0.28467832254142156
MS,MS60249_CSF,GSM4104126_GATCGTAGTAAACGCG-1,CSF,-0.07157349201915446
MS,MS60249_CSF,GSM4104126_GATCGTAGTGTGAAAT-1,CSF,-0.07157349201915446
MS,MS60249_CSF,GSM4104126_GATCGTAGTTAGTGGG-1,CSF,-0.07157349201915446
MS,MS60249_CSF,GSM4104126_GATCTAGCAGCGAACA-1,CSF,-0.07157349201915446
MS,MS60249_CSF,GSM4104126_GATCTAGCATCTACGA-1,CSF,0.34276245273856903
MS,MS60249_CSF,GSM4104126_GATCTAGGTATAGTAG-1,CSF,-0.07157349201915446
MS,MS60249_CSF,GSM4104126_GATCTAGGTTCCGTCT-1,CSF,-0.2121578727358863
MS,MS60249_CSF,GSM4104126_GATGAAAAGGCACATG-1,CSF,-0.07157349201915446
MS,MS60249_CSF,GSM4104126_GATGAAAGTTACTGAC-1,CSF,-0.07157349201915446
MS,MS60249_CSF,GSM4104126_GATGAAATCCAGAGGA-1,CSF,-0.07157349201915446
MS,MS60249_CSF,GSM4104126_GATGAGGAGAACAATC-1,CSF,0.24100654908572233
MS,MS60249_CSF,GSM4104126_GATGAGGAGGTGGGTT-1,CSF,-0.22616494255806113
MS,MS60249_CSF,GSM4104126_GATGAGGTCCACGTTC-1,CSF,-0.07157349201915446
MS,MS60249_CSF,GSM4104126_GATGAGGTCTTGTACT-1,CSF,-0.3600495819887643
MS,MS60249_CSF,GSM4104126_GATGCTAAGAGCAATT-1,CSF,0.22352675088672272
MS,MS60249_CSF,GSM4104126_GATGCTACACCCTATC-1,CSF,-0.23302496314995685
MS,MS60249_CSF,GSM4104126_GATGCTATCCAAGTAC-1,CSF,-0.07157349201915446
MS,MS60249_CSF,GSM4104126_GATTCAGAGTTTAGGA-1,CSF,-0.07157349201915446
MS,MS60249_CSF,GSM4104126_GATTCAGCACGCATCG-1,CSF,-0.07157349201915446
MS,MS60249_CSF,GSM4104126_GATTCAGCACTCAGGC-1,CSF,-0.5665294560515922
MS,MS60249_CSF,GSM4104126_GATTCAGGTCTGATCA-1,CSF,-0.2680287560224004
MS,MS60249_CSF,GSM4104126_GCAAACTAGAGTACCG-1,CSF,0.008717181435444032
MS,MS60249_CSF,GSM4104126_GCAAACTAGTCGATAA-1,CSF,-0.07157349201915446
MS,MS60249_CSF,GSM4104126_GCAAACTCACAGATTC-1,CSF,-0.07157349201915446
MS,MS60249_CSF,GSM4104126_GCAAACTCAGATAATG-1,CSF,-0.07157349201915446
MS,MS60249_CSF,GSM4104126_GCAAACTGTCGCTTTC-1,CSF,-0.07157349201915446
MS,MS60249_CSF,GSM4104126_GCAAACTGTCTAGCGC-1,CSF,0.40578844018757515
MS,MS60249_CSF,GSM4104126_GCAAACTGTTTGCATG-1,CSF,-0.18838103903570583
MS,MS60249_CSF,GSM4104126_GCAATCAAGAATGTTG-1,CSF,-0.043667850958900134
MS,MS60249_CSF,GSM4104126_GCAATCAAGGTAAACT-1,CSF,-0.18753427644783827
MS,MS60249_CSF,GSM4104126_GCAATCACACGGTTTA-1,CSF,-0.6781222996756753
MS,MS60249_CSF,GSM4104126_GCAATCACATGAGCGA-1,CSF,-0.07157349201915446
MS,MS60249_CSF,GSM4104126_GCACATAGTCGCGGTT-1,CSF,-0.07157349201915446
MS,MS60249_CSF,GSM4104126_GCACATAGTGACTCAT-1,CSF,-0.6430014887550891
MS,MS60249_CSF,GSM4104126_GCACATATCACCAGGC-1,CSF,-0.07157349201915446
MS,MS60249_CSF,GSM4104126_GCACTCTAGACAGAGA-1,CSF,-0.18857114682738935
MS,MS60249_CSF,GSM4104126_GCACTCTAGACTGGGT-1,CSF,-0.07157349201915446
MS,MS60249_CSF,GSM4104126_GCACTCTAGCGATTCT-1,CSF,-0.07157349201915446
MS,MS60249_CSF,GSM4104126_GCACTCTAGGAATGGA-1,CSF,-0.07157349201915446
MS,MS60249_CSF,GSM4104126_GCACTCTAGGAGTTTA-1,CSF,-0.07157349201915446
MS,MS60249_CSF,GSM4104126_GCACTCTTCGAGCCCA-1,CSF,-0.2025116086608835
MS,MS60249_CSF,GSM4104126_GCACTCTTCGATAGAA-1,CSF,-0.07157349201915446
MS,MS60249_CSF,GSM4104126_GCAGCCAGTCATGCAT-1,CSF,0.21221808463880457
MS,MS60249_CSF,GSM4104126_GCAGCCAGTCCAACTA-1,CSF,-0.07157349201915446
MS,MS60249_CSF,GSM4104126_GCAGCCATCAGATAAG-1,CSF,-0.07157349201915446
MS,MS60249_CSF,GSM4104126_GCAGTTAAGTCGATAA-1,CSF,-0.24317574560094593
MS,MS60249_CSF,GSM4104126_GCAGTTACAAGACGTG-1,CSF,-0.07157349201915446
MS,MS60249_CSF,GSM4104126_GCAGTTAGTCTAGTCA-1,CSF,-0.07157349201915446
MS,MS60249_CSF,GSM4104126_GCAGTTATCCCTTGCA-1,CSF,-0.19670528108100246
MS,MS60249_CSF,GSM4104126_GCAGTTATCTGACCTC-1,CSF,-0.07157349201915446
MS,MS60249_CSF,GSM4104126_GCATACACAACCGCCA-1,CSF,0.22474498772723456
MS,MS60249_CSF,GSM4104126_GCATACAGTTGCGTTA-1,CSF,0.2299589738395665
MS,MS60249_CSF,GSM4104126_GCATACATCACTTACT-1,CSF,-0.07157349201915446
MS,MS60249_CSF,GSM4104126_GCATACATCGTAGGTT-1,CSF,-0.07157349201915446
MS,MS60249_CSF,GSM4104126_GCATGATCACTTCTGC-1,CSF,0.10593800768321159
MS,MS60249_CSF,GSM4104126_GCATGATTCTTGTCAT-1,CSF,0.6962165870152417
MS,MS60249_CSF,GSM4104126_GCATGCGAGCTGAAAT-1,CSF,0.6008368241008251
MS,MS60249_CSF,GSM4104126_GCATGCGCACACTGCG-1,CSF,-0.15076435832941945
MS,MS60249_CSF,GSM4104126_GCATGCGCAGGATCGA-1,CSF,0.2142501552791415
MS,MS60249_CSF,GSM4104126_GCATGCGGTAAAGTCA-1,CSF,-0.07157349201915446
MS,MS60249_CSF,GSM4104126_GCATGCGGTGGCCCTA-1,CSF,-0.12300152193322202
MS,MS60249_CSF,GSM4104126_GCATGCGGTTCCCTTG-1,CSF,-0.07157349201915446
MS,MS60249_CSF,GSM4104126_GCATGTAAGACTTTCG-1,CSF,0.46533085984350475
MS,MS60249_CSF,GSM4104126_GCATGTAGTACTCTCC-1,CSF,-0.07157349201915446
MS,MS60249_CSF,GSM4104126_GCCAAATCACGTTGGC-1,CSF,0.2586793293506803
MS,MS60249_CSF,GSM4104126_GCCAAATCAGGACGTA-1,CSF,-0.01647083822897309
MS,MS60249_CSF,GSM4104126_GCCAAATGTCGCGGTT-1,CSF,0.11923685801105989
MS,MS60249_CSF,GSM4104126_GCCAAATGTCGTTGTA-1,CSF,-0.07157349201915446
MS,MS60249_CSF,GSM4104126_GCCAAATTCACCACCT-1,CSF,-0.07157349201915446
MS,MS60249_CSF,GSM4104126_GCCTCTAAGATGGCGT-1,CSF,-0.24421055831960495
MS,MS60249_CSF,GSM4104126_GCCTCTACAGTCCTTC-1,CSF,-0.07157349201915446
MS,MS60249_CSF,GSM4104126_GCCTCTAGTACAGTTC-1,CSF,-0.07157349201915446
MS,MS60249_CSF,GSM4104126_GCCTCTAGTGCTGTAT-1,CSF,-0.07157349201915446
MS,MS60249_CSF,GSM4104126_GCGACCACAAGTTCTG-1,CSF,-0.07157349201915446
MS,MS60249_CSF,GSM4104126_GCGACCACACGAAAGC-1,CSF,-0.07157349201915446
MS,MS60249_CSF,GSM4104126_GCGACCAGTACCGTTA-1,CSF,-0.07157349201915446
MS,MS60249_CSF,GSM4104126_GCGACCAGTTGGGACA-1,CSF,0.060572150500130116
MS,MS60249_CSF,GSM4104126_GCGACCATCTCGATGA-1,CSF,-0.22845372068518283
MS,MS60249_CSF,GSM4104126_GCGAGAAAGGCGATAC-1,CSF,-0.05095083815316045
MS,MS60249_CSF,GSM4104126_GCGAGAACAGCTGTGC-1,CSF,-0.17519861947483686
MS,MS60249_CSF,GSM4104126_GCGAGAACATCGATTG-1,CSF,-0.25056969406352864
MS,MS60249_CSF,GSM4104126_GCGAGAACATCTCGCT-1,CSF,-0.6727615946673872
MS,MS60249_CSF,GSM4104126_GCGAGAAGTTCTGTTT-1,CSF,0.24581155208694566
MS,MS60249_CSF,GSM4104126_GCGAGAATCACTATTC-1,CSF,-0.07157349201915446
MS,MS60249_CSF,GSM4104126_GCGAGAATCTATCGCC-1,CSF,-0.07157349201915446
MS,MS60249_CSF,GSM4104126_GCGAGAATCTGGTTCC-1,CSF,0.232377329276733
MS,MS60249_CSF,GSM4104126_GCGCAACAGGCCCTTG-1,CSF,0.0962721506447862
MS,MS60249_CSF,GSM4104126_GCGCAACCAAGCGATG-1,CSF,-0.07157349201915446
MS,MS60249_CSF,GSM4104126_GCGCAACTCAACACTG-1,CSF,-0.07157349201915446
MS,MS60249_CSF,GSM4104126_GCGCAGTAGACTAGAT-1,CSF,-0.07157349201915446
MS,MS60249_CSF,GSM4104126_GCGCAGTGTCAAAGCG-1,CSF,-0.26278212224252273
MS,MS60249_CSF,GSM4104126_GCGCAGTTCAGAGACG-1,CSF,-0.07157349201915446
MS,MS60249_CSF,GSM4104126_GCGCCAAAGTTCGCAT-1,CSF,0.19274697964888762
MS,MS60249_CSF,GSM4104126_GCGCCAACACTGTGTA-1,CSF,-0.07157349201915446
MS,MS60249_CSF,GSM4104126_GCGCCAAGTCTCTTTA-1,CSF,0.1902883108321256
MS,MS60249_CSF,GSM4104126_GCGCCAATCGAGCCCA-1,CSF,-0.2308940696049072
MS,MS60249_CSF,GSM4104126_GCGCCAATCGTGTAGT-1,CSF,-0.07157349201915446
MS,MS60249_CSF,GSM4104126_GCGCGATAGTTACCCA-1,CSF,-0.2569992720715513
MS,MS60249_CSF,GSM4104126_GCGCGATCAAACAACA-1,CSF,0.13156090709837806
MS,MS60249_CSF,GSM4104126_GCGCGATCAAGCCTAT-1,CSF,0.5375824176804209
MS,MS60249_CSF,GSM4104126_GCGCGATCAATAGCGG-1,CSF,0.08169616338869741
MS,MS60249_CSF,GSM4104126_GCGCGATTCACTTCAT-1,CSF,-0.07157349201915446
MS,MS60249_CSF,GSM4104126_GCGCGATTCAGGCCCA-1,CSF,0.05978593661328917
MS,MS60249_CSF,GSM4104126_GCGCGATTCCATGAGT-1,CSF,-0.07157349201915446
MS,MS60249_CSF,GSM4104126_GCGGGTTCAGCCAGAA-1,CSF,-0.07157349201915446
MS,MS60249_CSF,GSM4104126_GCGGGTTCATGTCCTC-1,CSF,-0.07157349201915446
MS,MS60249_CSF,GSM4104126_GCGGGTTGTAAACCTC-1,CSF,-0.24124935343645376
MS,MS60249_CSF,GSM4104126_GCGGGTTGTTAGTGGG-1,CSF,0.22410165827207867
MS,MS60249_CSF,GSM4104126_GCGGGTTTCACCGTAA-1,CSF,-0.07157349201915446
MS,MS60249_CSF,GSM4104126_GCGGGTTTCATCGCTC-1,CSF,-0.07157349201915446
MS,MS60249_CSF,GSM4104126_GCGGGTTTCCTTGCCA-1,CSF,-0.07157349201915446
MS,MS60249_CSF,GSM4104126_GCTCCTAAGTGGAGTC-1,CSF,0.01857562244642907
MS,MS60249_CSF,GSM4104126_GCTCCTAGTCGAAAGC-1,CSF,0.041925187168737055
MS,MS60249_CSF,GSM4104126_GCTCCTATCTTGTACT-1,CSF,-0.07157349201915446
MS,MS60249_CSF,GSM4104126_GCTCTGTAGAAGGTGA-1,CSF,-0.25846099421977126
MS,MS60249_CSF,GSM4104126_GCTCTGTAGAGTGAGA-1,CSF,-0.3086847225431159
MS,MS60249_CSF,GSM4104126_GCTCTGTAGTACCGGA-1,CSF,-0.07157349201915446
MS,MS60249_CSF,GSM4104126_GCTCTGTCAGTGGAGT-1,CSF,0.09488673016352063
MS,MS60249_CSF,GSM4104126_GCTCTGTCATGACGGA-1,CSF,0.21485910768740674
MS,MS60249_CSF,GSM4104126_GCTCTGTTCAGGCGAA-1,CSF,0.06344647314781775
MS,MS60249_CSF,GSM4104126_GCTGCAGAGAATGTGT-1,CSF,-0.07157349201915446
MS,MS60249_CSF,GSM4104126_GCTGCAGAGGCCATAG-1,CSF,0.2935587450231427
MS,MS60249_CSF,GSM4104126_GCTGCAGCACCAGGCT-1,CSF,-0.07157349201915446
MS,MS60249_CSF,GSM4104126_GCTGCAGTCACATACG-1,CSF,0.38636000262931336
MS,MS60249_CSF,GSM4104126_GCTGCAGTCGTTTGCC-1,CSF,-0.07157349201915446
MS,MS60249_CSF,GSM4104126_GCTGCAGTCTGCGTAA-1,CSF,-0.07157349201915446
MS,MS60249_CSF,GSM4104126_GCTGCAGTCTGGTGTA-1,CSF,-0.07157349201915446
MS,MS60249_CSF,GSM4104126_GCTGCTTGTCCAGTTA-1,CSF,-0.24684601039012163
MS,MS60249_CSF,GSM4104126_GCTGCTTGTCTCAACA-1,CSF,-0.07157349201915446
MS,MS60249_CSF,GSM4104126_GCTGGGTAGAACTCGG-1,CSF,-0.07157349201915446
MS,MS60249_CSF,GSM4104126_GCTGGGTAGAGGACGG-1,CSF,-0.07157349201915446
MS,MS60249_CSF,GSM4104126_GCTGGGTTCACCATAG-1,CSF,-0.07157349201915446
MS,MS60249_CSF,GSM4104126_GCTTCCAAGCGTTCCG-1,CSF,0.20757890018572875
MS,MS60249_CSF,GSM4104126_GCTTCCAGTTAAGGGC-1,CSF,0.05209408562077446
MS,MS60249_CSF,GSM4104126_GCTTGAAAGAATTGTG-1,CSF,-0.07157349201915446
MS,MS60249_CSF,GSM4104126_GCTTGAAAGAGTCTGG-1,CSF,-0.07157349201915446
MS,MS60249_CSF,GSM4104126_GCTTGAAAGCCTCGTG-1,CSF,0.3549160327544634
MS,MS60249_CSF,GSM4104126_GCTTGAACACTACAGT-1,CSF,0.1277128353849498
MS,MS60249_CSF,GSM4104126_GGAAAGCCAGACAAGC-1,CSF,-0.07157349201915446
MS,MS60249_CSF,GSM4104126_GGAACTTAGGGCATGT-1,CSF,-0.07157349201915446
MS,MS60249_CSF,GSM4104126_GGAACTTCAATCGGTT-1,CSF,-0.07157349201915446
MS,MS60249_CSF,GSM4104126_GGAACTTGTTCAGCGC-1,CSF,0.931641999167942
MS,MS60249_CSF,GSM4104126_GGAACTTTCGAATCCA-1,CSF,-0.4709391225863548
MS,MS60249_CSF,GSM4104126_GGAACTTTCGCGTTTC-1,CSF,-0.07157349201915446
MS,MS60249_CSF,GSM4104126_GGAATAAAGCCGGTAA-1,CSF,-0.2753367645212875
MS,MS60249_CSF,GSM4104126_GGAATAAAGGATGGTC-1,CSF,0.17496972007867242
MS,MS60249_CSF,GSM4104126_GGAATAAAGTGTCCCG-1,CSF,0.07905203002861992
MS,MS60249_CSF,GSM4104126_GGAATAACACTATCTT-1,CSF,-0.07157349201915446
MS,MS60249_CSF,GSM4104126_GGAATAACATCGGACC-1,CSF,-0.07157349201915446
MS,MS60249_CSF,GSM4104126_GGAATAATCACCTCGT-1,CSF,-0.23796595900709097
MS,MS60249_CSF,GSM4104126_GGAATAATCTGTACGA-1,CSF,-0.2526825203422092
MS,MS60249_CSF,GSM4104126_GGACAAGAGCCAGTAG-1,CSF,-0.07157349201915446
MS,MS60249_CSF,GSM4104126_GGACAAGCAGATTGCT-1,CSF,-0.07157349201915446
MS,MS60249_CSF,GSM4104126_GGACAAGGTGCACGAA-1,CSF,-0.07157349201915446
MS,MS60249_CSF,GSM4104126_GGACAAGGTTCGCTAA-1,CSF,-0.07157349201915446
MS,MS60249_CSF,GSM4104126_GGACAAGTCCTAGAAC-1,CSF,0.36609471461223414
MS,MS60249_CSF,GSM4104126_GGACAGAAGAATGTTG-1,CSF,0.24583617499586033
MS,MS60249_CSF,GSM4104126_GGACAGAAGGACACCA-1,CSF,0.31230718952325814
MS,MS60249_CSF,GSM4104126_GGACAGAAGTGCGTGA-1,CSF,0.41895795565153005
MS,MS60249_CSF,GSM4104126_GGACAGAGTACCGCTG-1,CSF,0.18851530840208935
MS,MS60249_CSF,GSM4104126_GGACAGATCAACGGCC-1,CSF,-0.07157349201915446
MS,MS60249_CSF,GSM4104126_GGACAGATCACAAACC-1,CSF,-0.1889535304827206
MS,MS60249_CSF,GSM4104126_GGACAGATCTTGCAAG-1,CSF,0.26066269557323324
MS,MS60249_CSF,GSM4104126_GGACATTTCGGGAGTA-1,CSF,0.029385924455667737
MS,MS60249_CSF,GSM4104126_GGACATTTCGTATCAG-1,CSF,-0.2883225519998397
MS,MS60249_CSF,GSM4104126_GGACGTCCATGCTGGC-1,CSF,-0.07157349201915446
MS,MS60249_CSF,GSM4104126_GGACGTCGTGTATGGG-1,CSF,-0.07157349201915446
MS,MS60249_CSF,GSM4104126_GGACGTCTCCGAATGT-1,CSF,-0.07157349201915446
MS,MS60249_CSF,GSM4104126_GGAGCAAAGCTAGCCC-1,CSF,-0.33772302336685106
MS,MS60249_CSF,GSM4104126_GGAGCAAAGTAGCGGT-1,CSF,-0.07157349201915446
MS,MS60249_CSF,GSM4104126_GGAGCAACAATGTAAG-1,CSF,-0.07157349201915446
MS,MS60249_CSF,GSM4104126_GGAGCAACAGACAAAT-1,CSF,-0.4598984227725501
MS,MS60249_CSF,GSM4104126_GGATGTTAGTACGTTC-1,CSF,-0.4282628989982701
MS,MS60249_CSF,GSM4104126_GGATGTTGTAGCTGCC-1,CSF,-0.3689145641612604
MS,MS60249_CSF,GSM4104126_GGATGTTTCCAGGGCT-1,CSF,-0.07157349201915446
MS,MS60249_CSF,GSM4104126_GGATGTTTCTAACTGG-1,CSF,-0.1839062631771608
MS,MS60249_CSF,GSM4104126_GGATTACAGCCCGAAA-1,CSF,-0.07157349201915446
MS,MS60249_CSF,GSM4104126_GGATTACAGGCGACAT-1,CSF,-0.07157349201915446
MS,MS60249_CSF,GSM4104126_GGATTACTCGGTGTCG-1,CSF,-0.07157349201915446
MS,MS60249_CSF,GSM4104126_GGCAATTCATCTATGG-1,CSF,0.2581465805283278
MS,MS60249_CSF,GSM4104126_GGCAATTGTGGTAACG-1,CSF,-0.18505885017050053
MS,MS60249_CSF,GSM4104126_GGCCGATGTTACCAGT-1,CSF,-0.19014783852728925
MS,MS60249_CSF,GSM4104126_GGCCGATTCCAAACAC-1,CSF,-0.31415816761017223
MS,MS60249_CSF,GSM4104126_GGCCGATTCGCGGATC-1,CSF,-0.07157349201915446
MS,MS60249_CSF,GSM4104126_GGCCGATTCTGCAAGT-1,CSF,0.36616479545759334
MS,MS60249_CSF,GSM4104126_GGCGACTAGAGGGATA-1,CSF,-0.07157349201915446
MS,MS60249_CSF,GSM4104126_GGCGACTAGGAACTGC-1,CSF,-0.2605872705745266
MS,MS60249_CSF,GSM4104126_GGCGACTGTCTGGTCG-1,CSF,-0.07157349201915446
MS,MS60249_CSF,GSM4104126_GGCGACTTCGTCCAGG-1,CSF,-0.07157349201915446
MS,MS60249_CSF,GSM4104126_GGCGTGTCAAGACACG-1,CSF,-0.24283447501397445
MS,MS60249_CSF,GSM4104126_GGCGTGTCAGGCTCAC-1,CSF,-0.07157349201915446
MS,MS60249_CSF,GSM4104126_GGCGTGTCATTCCTCG-1,CSF,-0.07157349201915446
MS,MS60249_CSF,GSM4104126_GGCGTGTGTACCGAGA-1,CSF,-0.07157349201915446
MS,MS60249_CSF,GSM4104126_GGCTCGAAGTGTGGCA-1,CSF,-0.07157349201915446
MS,MS60249_CSF,GSM4104126_GGCTCGACACATTTCT-1,CSF,-0.05372554312864074
MS,MS60249_CSF,GSM4104126_GGCTCGACATACTACG-1,CSF,-0.15723370416974158
MS,MS60249_CSF,GSM4104126_GGCTCGAGTCCCTACT-1,CSF,-0.07157349201915446
MS,MS60249_CSF,GSM4104126_GGCTCGATCTATGTGG-1,CSF,0.16577827999235595
MS,MS60249_CSF,GSM4104126_GGCTGGTAGGACATTA-1,CSF,-0.07157349201915446
MS,MS60249_CSF,GSM4104126_GGGAATGCAAGGGTCA-1,CSF,-0.014088848998641632
MS,MS60249_CSF,GSM4104126_GGGAATGGTCTAGCCG-1,CSF,0.011140184909238928
MS,MS60249_CSF,GSM4104126_GGGACCTCAAGACGTG-1,CSF,0.4975907416732506
MS,MS60249_CSF,GSM4104126_GGGACCTGTGGTCTCG-1,CSF,-0.07157349201915446
MS,MS60249_CSF,GSM4104126_GGGACCTTCGTCCGTT-1,CSF,-0.07157349201915446
MS,MS60249_CSF,GSM4104126_GGGAGATAGACAAGCC-1,CSF,-0.07157349201915446
MS,MS60249_CSF,GSM4104126_GGGAGATAGGTAAACT-1,CSF,-0.07157349201915446
MS,MS60249_CSF,GSM4104126_GGGATGAAGATGCCTT-1,CSF,0.30853252278893667
MS,MS60249_CSF,GSM4104126_GGGATGAAGGTGACCA-1,CSF,-0.07157349201915446
MS,MS60249_CSF,GSM4104126_GGGATGACACCCATGG-1,CSF,-0.18582830493304886
MS,MS60249_CSF,GSM4104126_GGGATGAGTCCAACTA-1,CSF,-0.07157349201915446
MS,MS60249_CSF,GSM4104126_GGGATGAGTTAAGATG-1,CSF,-0.07157349201915446
MS,MS60249_CSF,GSM4104126_GGGATGAGTTGCGTTA-1,CSF,-0.07157349201915446
MS,MS60249_CSF,GSM4104126_GGGCACTAGCAGCCTC-1,CSF,0.26331348658705894
MS,MS60249_CSF,GSM4104126_GGGCACTCAGGACCCT-1,CSF,-0.07157349201915446
MS,MS60249_CSF,GSM4104126_GGGCACTGTAAGTTCC-1,CSF,-0.07157349201915446
MS,MS60249_CSF,GSM4104126_GGGCACTTCCAGTATG-1,CSF,-0.07157349201915446
MS,MS60249_CSF,GSM4104126_GGGCATCCACAACTGT-1,CSF,0.19463805854536798
MS,MS60249_CSF,GSM4104126_GGGCATCCATCATCCC-1,CSF,0.40474267160795757
MS,MS60249_CSF,GSM4104126_GGGTCTGAGACACGAC-1,CSF,-0.34496027514072275
MS,MS60249_CSF,GSM4104126_GGGTCTGAGCTAAACA-1,CSF,-0.07157349201915446
MS,MS60249_CSF,GSM4104126_GGGTCTGCACGGTGTC-1,CSF,-0.24049143208892992
MS,MS60249_CSF,GSM4104126_GGGTCTGGTAGCGTCC-1,CSF,-0.07157349201915446
MS,MS60249_CSF,GSM4104126_GGGTCTGTCGTTTATC-1,CSF,-0.07157349201915446
MS,MS60249_CSF,GSM4104126_GGGTTGCCAAGCGATG-1,CSF,-0.22414681886726512
MS,MS60249_CSF,GSM4104126_GGGTTGCCAGATGGGT-1,CSF,-0.07157349201915446
MS,MS60249_CSF,GSM4104126_GGGTTGCTCCACTGGG-1,CSF,-0.07157349201915446
MS,MS60249_CSF,GSM4104126_GGGTTGCTCGTCACGG-1,CSF,-0.07157349201915446
MS,MS60249_CSF,GSM4104126_GGTATTGAGCTCCCAG-1,CSF,0.25946954212129913
MS,MS60249_CSF,GSM4104126_GGTATTGCATGCTGGC-1,CSF,-0.07157349201915446
MS,MS60249_CSF,GSM4104126_GGTATTGGTGCCTGGT-1,CSF,-0.22942113571416828
MS,MS60249_CSF,GSM4104126_GGTATTGTCACTTCAT-1,CSF,-0.07157349201915446
MS,MS60249_CSF,GSM4104126_GGTGAAGAGGGTTCCC-1,CSF,0.80602795458396
MS,MS60249_CSF,GSM4104126_GGTGAAGGTCTCATCC-1,CSF,-0.07157349201915446
MS,MS60249_CSF,GSM4104126_GGTGAAGGTTGATTGC-1,CSF,0.25948493957300917
MS,MS60249_CSF,GSM4104126_GGTGAAGTCCCGACTT-1,CSF,-0.20167446187367236
MS,MS60249_CSF,GSM4104126_GGTGAAGTCTCTAGGA-1,CSF,0.3438855529923706
MS,MS60249_CSF,GSM4104126_GGTGCGTAGACTAGAT-1,CSF,-0.23129824439095367
MS,MS60249_CSF,GSM4104126_GGTGCGTAGCGGATCA-1,CSF,-0.2561015296804124
MS,MS60249_CSF,GSM4104126_GGTGCGTAGGCTAGAC-1,CSF,-0.07157349201915446
MS,MS60249_CSF,GSM4104126_GGTGCGTCAACGATGG-1,CSF,-0.6421229839493944
MS,MS60249_CSF,GSM4104126_GGTGCGTGTAGCGTCC-1,CSF,0.701064901356426
MS,MS60249_CSF,GSM4104126_GGTGCGTTCACAGGCC-1,CSF,-0.15215170333596703
MS,MS60249_CSF,GSM4104126_GGTGCGTTCCCTTGTG-1,CSF,0.16294351747833494
MS,MS60249_CSF,GSM4104126_GGTGCGTTCTTCATGT-1,CSF,-0.07157349201915446
MS,MS60249_CSF,GSM4104126_GGTGCGTTCTTGAGGT-1,CSF,-0.3175837253317673
MS,MS60249_CSF,GSM4104126_GGTGTTAAGAGGGCTT-1,CSF,0.20393244716850406
MS,MS60249_CSF,GSM4104126_GGTGTTATCAGTGTTG-1,CSF,-0.25521561131137493
MS,MS60249_CSF,GSM4104126_GGTGTTATCATTGCCC-1,CSF,-0.07157349201915446
MS,MS60249_CSF,GSM4104126_GGTGTTATCTATCCCG-1,CSF,-0.07157349201915446
MS,MS60249_CSF,GSM4104126_GTAACGTAGAGTCGGT-1,CSF,-0.07157349201915446
MS,MS60249_CSF,GSM4104126_GTAACGTAGTGTACCT-1,CSF,-0.22914636270480523
MS,MS60249_CSF,GSM4104126_GTAACGTCAAGGACTG-1,CSF,-0.07157349201915446
MS,MS60249_CSF,GSM4104126_GTAACGTCATAACCTG-1,CSF,-0.07157349201915446
MS,MS60249_CSF,GSM4104126_GTAACGTGTAAGTAGT-1,CSF,0.6486832225969029
MS,MS60249_CSF,GSM4104126_GTAACGTGTCAATGTC-1,CSF,0.5347662851049284
MS,MS60249_CSF,GSM4104126_GTAACGTGTTATCACG-1,CSF,-0.07157349201915446
MS,MS60249_CSF,GSM4104126_GTAACGTTCGCTTAGA-1,CSF,-0.07157349201915446
MS,MS60249_CSF,GSM4104126_GTAACGTTCTTCATGT-1,CSF,-0.27474971888747546
MS,MS60249_CSF,GSM4104126_GTAACTGAGTCCGTAT-1,CSF,0.19765436835437913
MS,MS60249_CSF,GSM4104126_GTAACTGAGTGCGTGA-1,CSF,0.8893634464165381
MS,MS60249_CSF,GSM4104126_GTAACTGGTCCAACTA-1,CSF,-0.07157349201915446
MS,MS60249_CSF,GSM4104126_GTAACTGGTCTAAACC-1,CSF,-0.07157349201915446
MS,MS60249_CSF,GSM4104126_GTAACTGGTTTGCATG-1,CSF,-0.07157349201915446
MS,MS60249_CSF,GSM4104126_GTAACTGTCATGTCCC-1,CSF,-0.07157349201915446
MS,MS60249_CSF,GSM4104126_GTACGTAAGCGGCTTC-1,CSF,-0.07157349201915446
MS,MS60249_CSF,GSM4104126_GTACGTAAGTTCGCGC-1,CSF,0.22069629911182545
MS,MS60249_CSF,GSM4104126_GTACGTACAGATCTGT-1,CSF,-0.2271806641985902
MS,MS60249_CSF,GSM4104126_GTACGTAGTCGTTGTA-1,CSF,0.07404347190334172
MS,MS60249_CSF,GSM4104126_GTACTCCCAATCGGTT-1,CSF,-0.07157349201915446
MS,MS60249_CSF,GSM4104126_GTACTCCCATCTATGG-1,CSF,-0.07157349201915446
MS,MS60249_CSF,GSM4104126_GTACTCCGTGCGGTAA-1,CSF,-0.07157349201915446
MS,MS60249_CSF,GSM4104126_GTACTCCTCAATACCG-1,CSF,-0.07157349201915446
MS,MS60249_CSF,GSM4104126_GTACTCCTCCAGTATG-1,CSF,-0.07157349201915446
MS,MS60249_CSF,GSM4104126_GTACTCCTCGCATGGC-1,CSF,0.13432429027246853
MS,MS60249_CSF,GSM4104126_GTACTTTCAGTGAGTG-1,CSF,-0.07157349201915446
MS,MS60249_CSF,GSM4104126_GTACTTTCATCGTCGG-1,CSF,-0.21102032753317865
MS,MS60249_CSF,GSM4104126_GTACTTTGTGTAATGA-1,CSF,0.057078839508373946
MS,MS60249_CSF,GSM4104126_GTAGGCCAGCTAAACA-1,CSF,-0.07157349201915446
MS,MS60249_CSF,GSM4104126_GTAGTCACACGGTAAG-1,CSF,0.25790586916968017
MS,MS60249_CSF,GSM4104126_GTAGTCAGTATCTGCA-1,CSF,-0.07157349201915446
MS,MS60249_CSF,GSM4104126_GTAGTCATCAATCACG-1,CSF,-0.07157349201915446
MS,MS60249_CSF,GSM4104126_GTAGTCATCAGCAACT-1,CSF,-0.0045108620385628006
MS,MS60249_CSF,GSM4104126_GTATCTTAGGATATAC-1,CSF,-0.07157349201915446
MS,MS60249_CSF,GSM4104126_GTATCTTCAATAGCGG-1,CSF,-0.23335933806359743
MS,MS60249_CSF,GSM4104126_GTATCTTCAGCTGCAC-1,CSF,-0.07157349201915446
MS,MS60249_CSF,GSM4104126_GTATCTTGTCGCTTCT-1,CSF,-0.30287959017095817
MS,MS60249_CSF,GSM4104126_GTATCTTTCTTCCTTC-1,CSF,-0.06054744206844948
MS,MS60249_CSF,GSM4104126_GTATTCTGTGCGATAG-1,CSF,-0.2463308724764585
MS,MS60249_CSF,GSM4104126_GTCAAGTAGTCCCACG-1,CSF,-0.24322466774332527
MS,MS60249_CSF,GSM4104126_GTCACAAGTCGGATCC-1,CSF,-0.07157349201915446
MS,MS60249_CSF,GSM4104126_GTCACAAGTTCGTCTC-1,CSF,-0.07157349201915446
MS,MS60249_CSF,GSM4104126_GTCACGGAGAATTCCC-1,CSF,-0.07157349201915446
MS,MS60249_CSF,GSM4104126_GTCACGGTCAGCACAT-1,CSF,-0.07157349201915446
MS,MS60249_CSF,GSM4104126_GTCATTTAGAGAACAG-1,CSF,-0.07157349201915446
MS,MS60249_CSF,GSM4104126_GTCATTTAGTCGTTTG-1,CSF,-0.03163737530949944
MS,MS60249_CSF,GSM4104126_GTCATTTCACAGGCCT-1,CSF,-0.07157349201915446
MS,MS60249_CSF,GSM4104126_GTCATTTCAGGGTATG-1,CSF,-0.37502893981494706
MS,MS60249_CSF,GSM4104126_GTCATTTTCGGAATCT-1,CSF,-0.07496477002574971
MS,MS60249_CSF,GSM4104126_GTCCTCAAGAAGATTC-1,CSF,0.09815225301062193
MS,MS60249_CSF,GSM4104126_GTCCTCAAGTAATCCC-1,CSF,0.09064628976290681
MS,MS60249_CSF,GSM4104126_GTCCTCAAGTAGTGCG-1,CSF,-0.07157349201915446
MS,MS60249_CSF,GSM4104126_GTCCTCACAATTCCTT-1,CSF,0.14798607985130005
MS,MS60249_CSF,GSM4104126_GTCCTCACACTGCCAG-1,CSF,-0.022100806897096086
MS,MS60249_CSF,GSM4104126_GTCCTCACATGCTAGT-1,CSF,0.4942082511892872
MS,MS60249_CSF,GSM4104126_GTCCTCATCCAATGGT-1,CSF,0.13142249599295666
MS,MS60249_CSF,GSM4104126_GTCGGGTAGATGTCGG-1,CSF,0.2000250708382095
MS,MS60249_CSF,GSM4104126_GTCGGGTCAACTGGCC-1,CSF,-0.07157349201915446
MS,MS60249_CSF,GSM4104126_GTCGGGTCAAGCGTAG-1,CSF,0.29070665398271317
MS,MS60249_CSF,GSM4104126_GTCGGGTCAGACAGGT-1,CSF,-0.07157349201915446
MS,MS60249_CSF,GSM4104126_GTCGGGTCATAGAAAC-1,CSF,-0.06616827662667371
MS,MS60249_CSF,GSM4104126_GTCGGGTGTCTGCGGT-1,CSF,0.07716420277035696
MS,MS60249_CSF,GSM4104126_GTCGGGTGTGATGATA-1,CSF,0.13732736085789882
MS,MS60249_CSF,GSM4104126_GTCGGGTGTGCAGGTA-1,CSF,-0.07157349201915446
MS,MS60249_CSF,GSM4104126_GTCGGGTTCTTTACAC-1,CSF,-0.0582152680852342
MS,MS60249_CSF,GSM4104126_GTCGTAAAGGATTCGG-1,CSF,-0.07157349201915446
MS,MS60249_CSF,GSM4104126_GTCGTAACATCGTCGG-1,CSF,-0.07157349201915446
MS,MS60249_CSF,GSM4104126_GTCGTAAGTCGCTTCT-1,CSF,-0.282397673040467
MS,MS60249_CSF,GSM4104126_GTCGTAAGTTAGTGGG-1,CSF,-0.5231140615200099
MS,MS60249_CSF,GSM4104126_GTCTCGTAGCGAGAAA-1,CSF,0.5098859953848432
MS,MS60249_CSF,GSM4104126_GTCTCGTCAGACACTT-1,CSF,0.33565337857281563
MS,MS60249_CSF,GSM4104126_GTCTCGTCAGTCAGAG-1,CSF,-0.07157349201915446
MS,MS60249_CSF,GSM4104126_GTCTCGTGTCATATCG-1,CSF,-0.07157349201915446
MS,MS60249_CSF,GSM4104126_GTCTCGTGTTATCACG-1,CSF,0.39578790380712403
MS,MS60249_CSF,GSM4104126_GTCTCGTTCCGTCATC-1,CSF,-0.24346974017425158
MS,MS60249_CSF,GSM4104126_GTCTCGTTCTGCAGTA-1,CSF,0.25710938967214836
MS,MS60249_CSF,GSM4104126_GTCTTCGAGAGACTTA-1,CSF,0.2027105093848784
MS,MS60249_CSF,GSM4104126_GTCTTCGGTATAGGGC-1,CSF,-0.07157349201915446
MS,MS60249_CSF,GSM4104126_GTCTTCGGTCAACATC-1,CSF,-0.07157349201915446
MS,MS60249_CSF,GSM4104126_GTCTTCGGTTTAGCTG-1,CSF,-0.07157349201915446
MS,MS60249_CSF,GSM4104126_GTCTTCGTCGATAGAA-1,CSF,0.2534251981358792
MS,MS60249_CSF,GSM4104126_GTGAAGGAGAATAGGG-1,CSF,-0.36081501576515745
MS,MS60249_CSF,GSM4104126_GTGAAGGAGGAGCGTT-1,CSF,-0.07157349201915446
MS,MS60249_CSF,GSM4104126_GTGAAGGAGGTGACCA-1,CSF,-0.3110858622435661
MS,MS60249_CSF,GSM4104126_GTGAAGGCATTCGACA-1,CSF,0.3157818050490504
MS,MS60249_CSF,GSM4104126_GTGAAGGGTGAGGCTA-1,CSF,0.1369543515805152
MS,MS60249_CSF,GSM4104126_GTGCAGCTCGAATGGG-1,CSF,-0.07157349201915446
MS,MS60249_CSF,GSM4104126_GTGCATAAGAATGTTG-1,CSF,0.1937989837034634
MS,MS60249_CSF,GSM4104126_GTGCATAAGCTAAGAT-1,CSF,0.3335521805944354
MS,MS60249_CSF,GSM4104126_GTGCATAAGTTGTAGA-1,CSF,-0.07157349201915446
MS,MS60249_CSF,GSM4104126_GTGCATACAGACGTAG-1,CSF,-0.07157349201915446
MS,MS60249_CSF,GSM4104126_GTGCATACAGGGTTAG-1,CSF,-0.07157349201915446
MS,MS60249_CSF,GSM4104126_GTGCATAGTATAAACG-1,CSF,-0.07157349201915446
MS,MS60249_CSF,GSM4104126_GTGCATAGTCACTGGC-1,CSF,-0.07157349201915446
MS,MS60249_CSF,GSM4104126_GTGCATATCTGGCGTG-1,CSF,0.3752323901805831
MS,MS60249_CSF,GSM4104126_GTGCGGTCATCGACGC-1,CSF,-0.0978740610715519
MS,MS60249_CSF,GSM4104126_GTGCGGTGTTCGGCAC-1,CSF,-0.07157349201915446
MS,MS60249_CSF,GSM4104126_GTGCGGTGTTGTGGCC-1,CSF,-0.2642407930302003
MS,MS60249_CSF,GSM4104126_GTGCTTCAGTGGCACA-1,CSF,0.1789909671867833
MS,MS60249_CSF,GSM4104126_GTGCTTCCAGTATAAG-1,CSF,0.5045867832124566
MS,MS60249_CSF,GSM4104126_GTGCTTCGTGTGAAAT-1,CSF,-0.07157349201915446
MS,MS60249_CSF,GSM4104126_GTGCTTCTCAGTCAGT-1,CSF,-0.07157349201915446
MS,MS60249_CSF,GSM4104126_GTGCTTCTCATAGCAC-1,CSF,-0.24342065743394894
MS,MS60249_CSF,GSM4104126_GTGCTTCTCCGCATCT-1,CSF,-0.07157349201915446
MS,MS60249_CSF,GSM4104126_GTGCTTCTCTTGACGA-1,CSF,-0.07157349201915446
MS,MS60249_CSF,GSM4104126_GTGGGTCCAATAGCAA-1,CSF,-0.07157349201915446
MS,MS60249_CSF,GSM4104126_GTGGGTCGTTAAAGAC-1,CSF,-0.07157349201915446
MS,MS60249_CSF,GSM4104126_GTGGGTCTCACTGGGC-1,CSF,-0.07157349201915446
MS,MS60249_CSF,GSM4104126_GTGTGCGCATAGACTC-1,CSF,-0.07157349201915446
MS,MS60249_CSF,GSM4104126_GTGTGCGTCGTTTATC-1,CSF,-0.07157349201915446
MS,MS60249_CSF,GSM4104126_GTGTGCGTCTTTAGGG-1,CSF,0.4579599963329008
MS,MS60249_CSF,GSM4104126_GTGTTAGAGAGGTTGC-1,CSF,-0.07157349201915446
MS,MS60249_CSF,GSM4104126_GTGTTAGCAAGCCTAT-1,CSF,-0.07157349201915446
MS,MS60249_CSF,GSM4104126_GTGTTAGCATCTACGA-1,CSF,-0.4481716966933104
MS,MS60249_CSF,GSM4104126_GTGTTAGTCATGCTCC-1,CSF,-0.24259177140241656
MS,MS60249_CSF,GSM4104126_GTGTTAGTCCAAGTAC-1,CSF,-0.17386032686802835
MS,MS60249_CSF,GSM4104126_GTTAAGCAGAGAGCTC-1,CSF,-0.07157349201915446
MS,MS60249_CSF,GSM4104126_GTTAAGCAGTAGCCGA-1,CSF,0.15789725880163255
MS,MS60249_CSF,GSM4104126_GTTAAGCGTATAGTAG-1,CSF,-0.07157349201915446
MS,MS60249_CSF,GSM4104126_GTTAAGCGTCTCTCTG-1,CSF,0.17547152137519584
MS,MS60249_CSF,GSM4104126_GTTAAGCTCGAGCCCA-1,CSF,-0.20177228608369072
MS,MS60249_CSF,GSM4104126_GTTACAGAGATTACCC-1,CSF,0.013486876335709818
MS,MS60249_CSF,GSM4104126_GTTACAGGTAGCGTAG-1,CSF,-0.07157349201915446
MS,MS60249_CSF,GSM4104126_GTTACAGGTCCGAACC-1,CSF,-0.07157349201915446
MS,MS60249_CSF,GSM4104126_GTTACAGTCGACGGAA-1,CSF,-0.07157349201915446
MS,MS60249_CSF,GSM4104126_GTTACAGTCGCCTGTT-1,CSF,-0.07157349201915446
MS,MS60249_CSF,GSM4104126_GTTACAGTCGCGATCG-1,CSF,-0.07157349201915446
MS,MS60249_CSF,GSM4104126_GTTCATTAGCGGATCA-1,CSF,0.3463580252351721
MS,MS60249_CSF,GSM4104126_GTTCATTAGTGGACGT-1,CSF,-0.07157349201915446
MS,MS60249_CSF,GSM4104126_GTTCATTGTCTACCTC-1,CSF,-0.7114049471585393
MS,MS60249_CSF,GSM4104126_GTTCGGGAGTAGGCCA-1,CSF,-0.11622236455691658
MS,MS60249_CSF,GSM4104126_GTTCGGGGTATCGCAT-1,CSF,0.35305816822434233
MS,MS60249_CSF,GSM4104126_GTTCGGGGTTTGGCGC-1,CSF,0.256702817480821
MS,MS60249_CSF,GSM4104126_GTTCTCGCACACCGAC-1,CSF,-0.13898240261795605
MS,MS60249_CSF,GSM4104126_GTTCTCGCAGTCCTTC-1,CSF,-0.07157349201915446
MS,MS60249_CSF,GSM4104126_GTTCTCGGTCGTGGCT-1,CSF,-0.07157349201915446
MS,MS60249_CSF,GSM4104126_GTTCTCGGTCTTGATG-1,CSF,0.24228183441001366
MS,MS60249_CSF,GSM4104126_GTTCTCGTCAAAGTAG-1,CSF,0.12237352681127256
MS,MS60249_CSF,GSM4104126_GTTCTCGTCACTTCAT-1,CSF,-0.07157349201915446
MS,MS60249_CSF,GSM4104126_GTTCTCGTCGCATGGC-1,CSF,-0.07157349201915446
MS,MS60249_CSF,GSM4104126_GTTTCTAAGACTAGAT-1,CSF,0.5735119857232867
MS,MS60249_CSF,GSM4104126_GTTTCTAAGCTTATCG-1,CSF,-0.142971956924492
MS,MS60249_CSF,GSM4104126_GTTTCTAAGTGATCGG-1,CSF,-0.07157349201915446
MS,MS60249_CSF,GSM4104126_GTTTCTACAGCGATCC-1,CSF,-0.07157349201915446
MS,MS60249_CSF,GSM4104126_GTTTCTAGTCTAGTGT-1,CSF,0.15885630328721562
MS,MS60249_CSF,GSM4104126_TAAACCGAGATATGCA-1,CSF,-0.7493051934178566
MS,MS60249_CSF,GSM4104126_TAAACCGCAAGCGCTC-1,CSF,0.32347207460274896
MS,MS60249_CSF,GSM4104126_TAAACCGCAGTGACAG-1,CSF,-0.07157349201915446
MS,MS60249_CSF,GSM4104126_TAAACCGTCAGCTCTC-1,CSF,0.08376473769857642
MS,MS60249_CSF,GSM4104126_TAAGAGAAGCACGCCT-1,CSF,-0.07157349201915446
MS,MS60249_CSF,GSM4104126_TAAGAGAAGCTAGCCC-1,CSF,-0.07157349201915446
MS,MS60249_CSF,GSM4104126_TAAGAGAAGCTAGGCA-1,CSF,-0.07157349201915446
MS,MS60249_CSF,GSM4104126_TAAGAGAAGGTGTTAA-1,CSF,-0.07157349201915446
MS,MS60249_CSF,GSM4104126_TAAGAGAAGTTAACGA-1,CSF,-0.44497867908486965
MS,MS60249_CSF,GSM4104126_TAAGAGACACATGACT-1,CSF,-0.07157349201915446
MS,MS60249_CSF,GSM4104126_TAAGAGATCTCTTGAT-1,CSF,-0.06194723538190618
MS,MS60249_CSF,GSM4104126_TAAGCGTGTCTCCCTA-1,CSF,-0.07157349201915446
MS,MS60249_CSF,GSM4104126_TAAGCGTTCAAACGGG-1,CSF,-0.15234350744321518
MS,MS60249_CSF,GSM4104126_TAAGCGTTCAAGAAGT-1,CSF,-0.07157349201915446
MS,MS60249_CSF,GSM4104126_TAAGCGTTCACTCCTG-1,CSF,-0.07157349201915446
MS,MS60249_CSF,GSM4104126_TAAGTGCAGGCGTACA-1,CSF,-0.07157349201915446
MS,MS60249_CSF,GSM4104126_TAAGTGCCAGTTAACC-1,CSF,-0.27019494882893735
MS,MS60249_CSF,GSM4104126_TAAGTGCGTACTCAAC-1,CSF,-0.07157349201915446
MS,MS60249_CSF,GSM4104126_TAAGTGCGTCCGCTGA-1,CSF,0.3386716640330762
MS,MS60249_CSF,GSM4104126_TACACGAAGTACGTTC-1,CSF,-0.07157349201915446
MS,MS60249_CSF,GSM4104126_TACACGAGTGCGAAAC-1,CSF,0.09291899033503052
MS,MS60249_CSF,GSM4104126_TACACGATCGGAATCT-1,CSF,-0.07157349201915446
MS,MS60249_CSF,GSM4104126_TACAGTGGTAGGAGTC-1,CSF,-0.45074619886764117
MS,MS60249_CSF,GSM4104126_TACAGTGGTAGTGAAT-1,CSF,-0.22425518231599878
MS,MS60249_CSF,GSM4104126_TACAGTGTCCAGAAGG-1,CSF,-0.07157349201915446
MS,MS60249_CSF,GSM4104126_TACCTATAGGAACTGC-1,CSF,-0.07157349201915446
MS,MS60249_CSF,GSM4104126_TACCTATTCACGAAGG-1,CSF,-0.48481608966294465
MS,MS60249_CSF,GSM4104126_TACCTATTCCCTCAGT-1,CSF,-0.07157349201915446
MS,MS60249_CSF,GSM4104126_TACCTATTCTCTAAGG-1,CSF,-0.07157349201915446
MS,MS60249_CSF,GSM4104126_TACCTATTCTGTCCGT-1,CSF,-0.3807532979365823
MS,MS60249_CSF,GSM4104126_TACCTTAAGAGGTAGA-1,CSF,-0.07157349201915446
MS,MS60249_CSF,GSM4104126_TACCTTACACATAACC-1,CSF,-0.2463308724764585
MS,MS60249_CSF,GSM4104126_TACCTTAGTTGTACAC-1,CSF,0.44493428933389606
MS,MS60249_CSF,GSM4104126_TACCTTATCGAACTGT-1,CSF,-0.1845641684173152
MS,MS60249_CSF,GSM4104126_TACGGATCAATAACGA-1,CSF,-0.07157349201915446
MS,MS60249_CSF,GSM4104126_TACGGATGTAGAAAGG-1,CSF,0.059054139234826934
MS,MS60249_CSF,GSM4104126_TACGGATGTGCGATAG-1,CSF,-0.07157349201915446
MS,MS60249_CSF,GSM4104126_TACGGGCCAGACAAGC-1,CSF,-0.07157349201915446
MS,MS60249_CSF,GSM4104126_TACGGGCCATTATCTC-1,CSF,-0.07157349201915446
MS,MS60249_CSF,GSM4104126_TACGGGCGTCTAACGT-1,CSF,-0.07157349201915446
MS,MS60249_CSF,GSM4104126_TACGGGCGTTATTCTC-1,CSF,-0.25200802913917075
MS,MS60249_CSF,GSM4104126_TACGGGCTCACGCATA-1,CSF,-0.07157349201915446
MS,MS60249_CSF,GSM4104126_TACGGTACACCGCTAG-1,CSF,-0.07157349201915446
MS,MS60249_CSF,GSM4104126_TACGGTACATGTCGAT-1,CSF,0.8263397747423297
MS,MS60249_CSF,GSM4104126_TACGGTAGTAGCGATG-1,CSF,-0.07157349201915446
MS,MS60249_CSF,GSM4104126_TACTCATAGAGGTTGC-1,CSF,-0.23910297222917773
MS,MS60249_CSF,GSM4104126_TACTCATAGCGAAGGG-1,CSF,-0.07157349201915446
MS,MS60249_CSF,GSM4104126_TACTCATGTTGGTAAA-1,CSF,-0.07157349201915446
MS,MS60249_CSF,GSM4104126_TACTCATTCACGCGGT-1,CSF,-0.1237826985997558
MS,MS60249_CSF,GSM4104126_TACTCGCAGCTAAACA-1,CSF,0.14274811133514134
MS,MS60249_CSF,GSM4104126_TACTCGCAGCTAGCCC-1,CSF,-0.33741169614468725
MS,MS60249_CSF,GSM4104126_TACTCGCGTAAATACG-1,CSF,-0.07157349201915446
MS,MS60249_CSF,GSM4104126_TACTCGCGTAAGAGGA-1,CSF,0.13979346071975657
MS,MS60249_CSF,GSM4104126_TACTCGCGTAGAGCTG-1,CSF,0.3031776676612963
MS,MS60249_CSF,GSM4104126_TACTCGCGTCGGCATC-1,CSF,-0.07157349201915446
MS,MS60249_CSF,GSM4104126_TACTCGCGTTTGGGCC-1,CSF,-0.3059369035966455
MS,MS60249_CSF,GSM4104126_TACTCGCTCACGGTTA-1,CSF,-0.07157349201915446
MS,MS60249_CSF,GSM4104126_TACTCGCTCGACAGCC-1,CSF,-0.07157349201915446
MS,MS60249_CSF,GSM4104126_TACTCGCTCTTCTGGC-1,CSF,-0.07157349201915446
MS,MS60249_CSF,GSM4104126_TACTTACAGCGAAGGG-1,CSF,-0.5701394882546598
MS,MS60249_CSF,GSM4104126_TACTTGTAGCACACAG-1,CSF,-0.07157349201915446
MS,MS60249_CSF,GSM4104126_TACTTGTAGCGTGAAC-1,CSF,-0.056780193686783595
MS,MS60249_CSF,GSM4104126_TACTTGTTCCAGGGCT-1,CSF,0.05695277539692296
MS,MS60249_CSF,GSM4104126_TAGACCACAAGCCGCT-1,CSF,-0.05352438716519743
MS,MS60249_CSF,GSM4104126_TAGACCACAGCTTAAC-1,CSF,-0.07157349201915446
MS,MS60249_CSF,GSM4104126_TAGACCAGTCATGCAT-1,CSF,-0.07157349201915446
MS,MS60249_CSF,GSM4104126_TAGACCAGTTGAACTC-1,CSF,0.11726997604148638
MS,MS60249_CSF,GSM4104126_TAGACCATCACTTACT-1,CSF,-0.07157349201915446
MS,MS60249_CSF,GSM4104126_TAGAGCTCAAGTTAAG-1,CSF,-0.2397486461423575
MS,MS60249_CSF,GSM4104126_TAGAGCTGTGCGAAAC-1,CSF,0.3247380502725493
MS,MS60249_CSF,GSM4104126_TAGAGCTTCGTCACGG-1,CSF,-0.07157349201915446
MS,MS60249_CSF,GSM4104126_TAGCCGGCACACTGCG-1,CSF,-0.3341152379306041
MS,MS60249_CSF,GSM4104126_TAGCCGGCATGGTAGG-1,CSF,-0.225533983429602
MS,MS60249_CSF,GSM4104126_TAGGCATAGATCTGAA-1,CSF,0.07961604546127742
MS,MS60249_CSF,GSM4104126_TAGGCATCAATGGTCT-1,CSF,-0.07157349201915446
MS,MS60249_CSF,GSM4104126_TAGGCATTCGTGACAT-1,CSF,-0.07157349201915446
MS,MS60249_CSF,GSM4104126_TAGTGGTGTAGCGCTC-1,CSF,-0.3078825541099493
MS,MS60249_CSF,GSM4104126_TAGTGGTTCTTGCCGT-1,CSF,-0.23998083058994052
MS,MS60249_CSF,GSM4104126_TAGTTGGAGCCAGTTT-1,CSF,-0.07157349201915446
MS,MS60249_CSF,GSM4104126_TAGTTGGAGTCCGGTC-1,CSF,-0.5162987037542794
MS,MS60249_CSF,GSM4104126_TAGTTGGGTCCGACGT-1,CSF,0.1502464840928796
MS,MS60249_CSF,GSM4104126_TAGTTGGGTTATCACG-1,CSF,0.1444468631224572
MS,MS60249_CSF,GSM4104126_TATCAGGAGACACGAC-1,CSF,0.19059826962544127
MS,MS60249_CSF,GSM4104126_TATCAGGGTCGTTGTA-1,CSF,0.09765222219851065
MS,MS60249_CSF,GSM4104126_TATCAGGGTGTCGCTG-1,CSF,-0.2881352589478054
MS,MS60249_CSF,GSM4104126_TATCAGGGTGTTAAGA-1,CSF,-0.07157349201915446
MS,MS60249_CSF,GSM4104126_TATGCCCAGAGAGCTC-1,CSF,0.07373710344528786
MS,MS60249_CSF,GSM4104126_TATGCCCAGTGTTGAA-1,CSF,0.31987863389051174
MS,MS60249_CSF,GSM4104126_TATGCCCCATGCCCGA-1,CSF,0.3801330822385203
MS,MS60249_CSF,GSM4104126_TATGCCCGTTCCAACA-1,CSF,0.18631507075727066
MS,MS60249_CSF,GSM4104126_TATGCCCTCAGGCGAA-1,CSF,-0.07157349201915446
MS,MS60249_CSF,GSM4104126_TATGCCCTCCAAATGC-1,CSF,-0.07157349201915446
MS,MS60249_CSF,GSM4104126_TATGCCCTCCCTAATT-1,CSF,0.17038302248940057
MS,MS60249_CSF,GSM4104126_TATGCCCTCGCGCCAA-1,CSF,-0.24077659329979628
MS,MS60249_CSF,GSM4104126_TATTACCAGATGGCGT-1,CSF,0.4362672791126728
MS,MS60249_CSF,GSM4104126_TATTACCAGGTACTCT-1,CSF,-0.07157349201915446
MS,MS60249_CSF,GSM4104126_TATTACCAGTTCGCGC-1,CSF,-0.07157349201915446
MS,MS60249_CSF,GSM4104126_TATTACCGTTCACGGC-1,CSF,-0.07157349201915446
MS,MS60249_CSF,GSM4104126_TATTACCTCAAACCGT-1,CSF,0.25032205813940556
MS,MS60249_CSF,GSM4104126_TATTACCTCACCTTAT-1,CSF,-0.07157349201915446
MS,MS60249_CSF,GSM4104126_TCAACGAAGATCGGGT-1,CSF,-0.07157349201915446
MS,MS60249_CSF,GSM4104126_TCAACGAAGCAAATCA-1,CSF,-0.07157349201915446
MS,MS60249_CSF,GSM4104126_TCAACGAAGGAGTCTG-1,CSF,-0.38989771673505963
MS,MS60249_CSF,GSM4104126_TCAACGACAAATCCGT-1,CSF,-0.2890331375861355
MS,MS60249_CSF,GSM4104126_TCAACGACAGCTGTAT-1,CSF,-0.2764458136299831
MS,MS60249_CSF,GSM4104126_TCAACGAGTAGCGCTC-1,CSF,-0.3509219012579569
MS,MS60249_CSF,GSM4104126_TCAACGAGTATTCGTG-1,CSF,-0.07157349201915446
MS,MS60249_CSF,GSM4104126_TCAACGAGTCCATGAT-1,CSF,0.36286380869410884
MS,MS60249_CSF,GSM4104126_TCAACGAGTGGCCCTA-1,CSF,0.26750611643606403
MS,MS60249_CSF,GSM4104126_TCAATCTAGAAGGCCT-1,CSF,-0.07157349201915446
MS,MS60249_CSF,GSM4104126_TCAATCTAGGGCACTA-1,CSF,-0.07157349201915446
MS,MS60249_CSF,GSM4104126_TCAATCTAGGGTGTTG-1,CSF,0.26954708886480927
MS,MS60249_CSF,GSM4104126_TCAATCTCAGCTGTAT-1,CSF,-0.07157349201915446
MS,MS60249_CSF,GSM4104126_TCAATCTCAGTCCTTC-1,CSF,-0.07157349201915446
MS,MS60249_CSF,GSM4104126_TCACAAGAGAGTGACC-1,CSF,0.13698432062419588
MS,MS60249_CSF,GSM4104126_TCACAAGCAAGTTGTC-1,CSF,-0.07157349201915446
MS,MS60249_CSF,GSM4104126_TCACAAGGTCGAACAG-1,CSF,-0.07157349201915446
MS,MS60249_CSF,GSM4104126_TCACAAGGTGTTGGGA-1,CSF,-0.07157349201915446
MS,MS60249_CSF,GSM4104126_TCACGAACAAGCCATT-1,CSF,-0.07157349201915446
MS,MS60249_CSF,GSM4104126_TCACGAAGTCTTCAAG-1,CSF,-0.2895185107468787
MS,MS60249_CSF,GSM4104126_TCACGAATCTGCGGCA-1,CSF,-0.07157349201915446
MS,MS60249_CSF,GSM4104126_TCAGATGAGATATGGT-1,CSF,-0.3466358787651978
MS,MS60249_CSF,GSM4104126_TCAGATGCAATGGATA-1,CSF,0.3953528787939139
MS,MS60249_CSF,GSM4104126_TCAGATGGTGTATGGG-1,CSF,-0.2338642579343919
MS,MS60249_CSF,GSM4104126_TCAGCAATCACCCTCA-1,CSF,0.4776427156553117
MS,MS60249_CSF,GSM4104126_TCAGCAATCACGGTTA-1,CSF,0.41288749496703253
MS,MS60249_CSF,GSM4104126_TCAGCAATCGCGGATC-1,CSF,-0.07157349201915446
MS,MS60249_CSF,GSM4104126_TCAGCTCAGTGGGCTA-1,CSF,-0.19041364665170768
MS,MS60249_CSF,GSM4104126_TCAGCTCCAATGACCT-1,CSF,-0.07157349201915446
MS,MS60249_CSF,GSM4104126_TCAGCTCCACGGACAA-1,CSF,-0.07157349201915446
MS,MS60249_CSF,GSM4104126_TCAGCTCCACTAGTAC-1,CSF,0.0193276872643628
MS,MS60249_CSF,GSM4104126_TCAGCTCGTGGTAACG-1,CSF,0.1923433517193002
MS,MS60249_CSF,GSM4104126_TCAGCTCTCGCAAGCC-1,CSF,0.8956313529652195
MS,MS60249_CSF,GSM4104126_TCAGGATAGGCTACGA-1,CSF,-0.07157349201915446
MS,MS60249_CSF,GSM4104126_TCAGGATCATACAGCT-1,CSF,-0.3023504187430469
MS,MS60249_CSF,GSM4104126_TCAGGATCATAGACTC-1,CSF,-0.07157349201915446
MS,MS60249_CSF,GSM4104126_TCAGGATGTCCGTGAC-1,CSF,0.5350416184520694
MS,MS60249_CSF,GSM4104126_TCAGGATGTCTCATCC-1,CSF,0.03167497125987979
MS,MS60249_CSF,GSM4104126_TCAGGATTCCCTAATT-1,CSF,0.28994995945356417
MS,MS60249_CSF,GSM4104126_TCAGGTAAGACGCTTT-1,CSF,-0.07157349201915446
MS,MS60249_CSF,GSM4104126_TCAGGTAAGTGCCAGA-1,CSF,-0.07157349201915446
MS,MS60249_CSF,GSM4104126_TCAGGTAGTGTCGCTG-1,CSF,-0.07157349201915446
MS,MS60249_CSF,GSM4104126_TCAGGTAGTTATCCGA-1,CSF,-0.27913599146723617
MS,MS60249_CSF,GSM4104126_TCAGGTAGTTCCCTTG-1,CSF,0.17608888525568409
MS,MS60249_CSF,GSM4104126_TCAGGTATCACGATGT-1,CSF,0.048409591651148456
MS,MS60249_CSF,GSM4104126_TCAGGTATCCTGCAGG-1,CSF,0.6186728716846656
MS,MS60249_CSF,GSM4104126_TCATTACCAAGTTAAG-1,CSF,-0.07157349201915446
MS,MS60249_CSF,GSM4104126_TCATTACGTACCGAGA-1,CSF,0.04656313307983262
MS,MS60249_CSF,GSM4104126_TCATTACGTGGCAAAC-1,CSF,-0.07157349201915446
MS,MS60249_CSF,GSM4104126_TCATTACTCCAAGCCG-1,CSF,-0.07157349201915446
MS,MS60249_CSF,GSM4104126_TCATTACTCGCTTGTC-1,CSF,0.0379997785765716
MS,MS60249_CSF,GSM4104126_TCATTACTCTGCTTGC-1,CSF,-0.07157349201915446
MS,MS60249_CSF,GSM4104126_TCATTACTCTTGCAAG-1,CSF,-0.07157349201915446
MS,MS60249_CSF,GSM4104126_TCCACACCAATGACCT-1,CSF,-0.21627801245765202
MS,MS60249_CSF,GSM4104126_TCCACACCATTGGGCC-1,CSF,-0.07157349201915446
MS,MS60249_CSF,GSM4104126_TCCACACGTGTTTGTG-1,CSF,-0.07157349201915446
MS,MS60249_CSF,GSM4104126_TCCACACTCCGTAGGC-1,CSF,-0.07157349201915446
MS,MS60249_CSF,GSM4104126_TCCCGATAGGATGGTC-1,CSF,-0.21252727807154245
MS,MS60249_CSF,GSM4104126_TCCCGATCATAAGACA-1,CSF,0.5454696014235187
MS,MS60249_CSF,GSM4104126_TCGAGGCAGACACGAC-1,CSF,-0.22993877170715185
MS,MS60249_CSF,GSM4104126_TCGAGGCAGTGTACGG-1,CSF,-0.07157349201915446
MS,MS60249_CSF,GSM4104126_TCGAGGCCACTACAGT-1,CSF,-0.07157349201915446
MS,MS60249_CSF,GSM4104126_TCGAGGCGTCCGAATT-1,CSF,-0.07157349201915446
MS,MS60249_CSF,GSM4104126_TCGCGAGAGCACACAG-1,CSF,0.22085750664552137
MS,MS60249_CSF,GSM4104126_TCGCGAGAGGTGTTAA-1,CSF,-0.07157349201915446
MS,MS60249_CSF,GSM4104126_TCGCGAGCACGGCGTT-1,CSF,0.2528284167597766
MS,MS60249_CSF,GSM4104126_TCGCGTTAGATCCCGC-1,CSF,-0.07157349201915446
MS,MS60249_CSF,GSM4104126_TCGCGTTCATTAACCG-1,CSF,-0.2402138581766208
MS,MS60249_CSF,GSM4104126_TCGCGTTGTGTTCGAT-1,CSF,-0.07157349201915446
MS,MS60249_CSF,GSM4104126_TCGGGACAGAAGGACA-1,CSF,-0.07157349201915446
MS,MS60249_CSF,GSM4104126_TCGGGACAGTGACTCT-1,CSF,-0.07157349201915446
MS,MS60249_CSF,GSM4104126_TCGGGACCAACTTGAC-1,CSF,-0.07157349201915446
MS,MS60249_CSF,GSM4104126_TCGGGACCAGACACTT-1,CSF,0.36499674111675445
MS,MS60249_CSF,GSM4104126_TCGGGACGTAAAGTCA-1,CSF,-0.07157349201915446
MS,MS60249_CSF,GSM4104126_TCGGGACGTTTGGCGC-1,CSF,-0.07157349201915446
MS,MS60249_CSF,GSM4104126_TCGGTAACACCGGAAA-1,CSF,-0.07157349201915446
MS,MS60249_CSF,GSM4104126_TCGGTAATCGCTTAGA-1,CSF,-0.07157349201915446
MS,MS60249_CSF,GSM4104126_TCGTACCAGGGATCTG-1,CSF,-0.07157349201915446
MS,MS60249_CSF,GSM4104126_TCGTACCCACGGTAGA-1,CSF,-0.07157349201915446
MS,MS60249_CSF,GSM4104126_TCGTACCCATGGTCAT-1,CSF,0.14608719857486951
MS,MS60249_CSF,GSM4104126_TCGTACCGTTCCATGA-1,CSF,0.04680638845230791
MS,MS60249_CSF,GSM4104126_TCGTACCTCCTTGCCA-1,CSF,0.027706466536895822
MS,MS60249_CSF,GSM4104126_TCGTAGAAGAATGTGT-1,CSF,-0.07157349201915446
MS,MS60249_CSF,GSM4104126_TCGTAGACAAATTGCC-1,CSF,-0.07157349201915446
MS,MS60249_CSF,GSM4104126_TCGTAGACAGTAAGCG-1,CSF,-0.24788861210805982
MS,MS60249_CSF,GSM4104126_TCGTAGACATCGACGC-1,CSF,0.15119771080686004
MS,MS60249_CSF,GSM4104126_TCGTAGAGTCCGCTGA-1,CSF,0.19363833057343943
MS,MS60249_CSF,GSM4104126_TCGTAGAGTCTCACCT-1,CSF,-0.21502648287889592
MS,MS60249_CSF,GSM4104126_TCTATTGAGCAGGTCA-1,CSF,0.271053690469836
MS,MS60249_CSF,GSM4104126_TCTATTGGTCCTAGCG-1,CSF,-0.07157349201915446
MS,MS60249_CSF,GSM4104126_TCTATTGGTCTGGAGA-1,CSF,-0.231420007728911
MS,MS60249_CSF,GSM4104126_TCTATTGTCTACCAGA-1,CSF,0.07959625399619652
MS,MS60249_CSF,GSM4104126_TCTCATAAGCTGAAAT-1,CSF,-0.07157349201915446
MS,MS60249_CSF,GSM4104126_TCTCATAGTAAACCTC-1,CSF,-0.07157349201915446
MS,MS60249_CSF,GSM4104126_TCTCATAGTCCTCCAT-1,CSF,0.46209565905261957
MS,MS60249_CSF,GSM4104126_TCTCATAGTTCGCTAA-1,CSF,-0.07157349201915446
MS,MS60249_CSF,GSM4104126_TCTCATAGTTGCGTTA-1,CSF,-0.07157349201915446
MS,MS60249_CSF,GSM4104126_TCTCTAAAGCCACGCT-1,CSF,-0.07157349201915446
MS,MS60249_CSF,GSM4104126_TCTCTAAAGCCGATTT-1,CSF,-0.07157349201915446
MS,MS60249_CSF,GSM4104126_TCTCTAACAGCGAACA-1,CSF,-0.07157349201915446
MS,MS60249_CSF,GSM4104126_TCTCTAAGTAAAGTCA-1,CSF,0.1892009149189296
MS,MS60249_CSF,GSM4104126_TCTCTAAGTAGGGTAC-1,CSF,-0.07157349201915446
MS,MS60249_CSF,GSM4104126_TCTCTAAGTCTCTTTA-1,CSF,-0.07157349201915446
MS,MS60249_CSF,GSM4104126_TCTGAGAAGAGTCGGT-1,CSF,0.06387016001257997
MS,MS60249_CSF,GSM4104126_TCTGAGACACATAACC-1,CSF,-0.15046240322540824
MS,MS60249_CSF,GSM4104126_TCTGAGACAGTAGAGC-1,CSF,-0.07157349201915446
MS,MS60249_CSF,GSM4104126_TCTGAGAGTGACTCAT-1,CSF,0.35340254180836783
MS,MS60249_CSF,GSM4104126_TCTGAGATCATTGCGA-1,CSF,-0.7117103973700388
MS,MS60249_CSF,GSM4104126_TCTGAGATCCGCTGTT-1,CSF,-0.07157349201915446
MS,MS60249_CSF,GSM4104126_TCTGGAAAGTAGGTGC-1,CSF,0.2774491227234945
MS,MS60249_CSF,GSM4104126_TCTGGAAGTGTGCGTC-1,CSF,-0.07157349201915446
MS,MS60249_CSF,GSM4104126_TCTGGAATCCCATTAT-1,CSF,0.04468959681792929
MS,MS60249_CSF,GSM4104126_TCTGGAATCCGTACAA-1,CSF,-0.26987003128755377
MS,MS60249_CSF,GSM4104126_TCTGGAATCCTTTACA-1,CSF,0.22031118462730634
MS,MS60249_CSF,GSM4104126_TCTTCGGAGATGCGAC-1,CSF,-0.307757711180459
MS,MS60249_CSF,GSM4104126_TCTTCGGAGCCACGTC-1,CSF,-0.07157349201915446
MS,MS60249_CSF,GSM4104126_TCTTCGGGTGTTTGTG-1,CSF,-0.07157349201915446
MS,MS60249_CSF,GSM4104126_TCTTTCCAGTAGCCGA-1,CSF,0.20546652853953326
MS,MS60249_CSF,GSM4104126_TCTTTCCCAAGGTTTC-1,CSF,-0.07157349201915446
MS,MS60249_CSF,GSM4104126_TCTTTCCGTTATTCTC-1,CSF,0.3375173825052905
MS,MS60249_CSF,GSM4104126_TGAAAGAAGCGTGAAC-1,CSF,-0.07157349201915446
MS,MS60249_CSF,GSM4104126_TGAAAGATCAACGGGA-1,CSF,0.8039301967253004
MS,MS60249_CSF,GSM4104126_TGAAAGATCGGCGGTT-1,CSF,-0.07157349201915446
MS,MS60249_CSF,GSM4104126_TGAAAGATCTTCGGTC-1,CSF,-0.47076754645273844
MS,MS60249_CSF,GSM4104126_TGACAACAGCAGCGTA-1,CSF,0.17562463649071963
MS,MS60249_CSF,GSM4104126_TGACAACAGCCGCCTA-1,CSF,-0.07157349201915446
MS,MS60249_CSF,GSM4104126_TGACAACTCGAATGGG-1,CSF,-0.07157349201915446
MS,MS60249_CSF,GSM4104126_TGACGGCTCGTGACAT-1,CSF,-0.2637732924755302
MS,MS60249_CSF,GSM4104126_TGACTAGCATGCCACG-1,CSF,-0.21425772069489174
MS,MS60249_CSF,GSM4104126_TGACTAGTCCTGTACC-1,CSF,-0.4524809523028409
MS,MS60249_CSF,GSM4104126_TGACTTTAGAATTCCC-1,CSF,0.34810468218089413
MS,MS60249_CSF,GSM4104126_TGACTTTCATGGTCAT-1,CSF,-0.33215201378354303
MS,MS60249_CSF,GSM4104126_TGACTTTGTCTTCTCG-1,CSF,-0.07157349201915446
MS,MS60249_CSF,GSM4104126_TGACTTTGTTGTTTGG-1,CSF,0.23271015669576597
MS,MS60249_CSF,GSM4104126_TGACTTTTCAGTGCAT-1,CSF,0.0468707361796864
MS,MS60249_CSF,GSM4104126_TGACTTTTCTTGTTTG-1,CSF,0.5549502056717344
MS,MS60249_CSF,GSM4104126_TGAGAGGGTCACAAGG-1,CSF,0.9505088337874772
MS,MS60249_CSF,GSM4104126_TGAGAGGGTGGAAAGA-1,CSF,-0.23562067727183184
MS,MS60249_CSF,GSM4104126_TGAGAGGTCGTCCAGG-1,CSF,-0.07157349201915446
MS,MS60249_CSF,GSM4104126_TGAGCATCACGGTAAG-1,CSF,-0.21976301750495336
MS,MS60249_CSF,GSM4104126_TGAGCATGTCGTCTTC-1,CSF,0.037176660992113274
MS,MS60249_CSF,GSM4104126_TGAGCATGTGGTGTAG-1,CSF,0.26631308872550497
MS,MS60249_CSF,GSM4104126_TGAGCATGTTTGCATG-1,CSF,0.3987692499738141
MS,MS60249_CSF,GSM4104126_TGAGCATTCATCATTC-1,CSF,0.35623151501127953
MS,MS60249_CSF,GSM4104126_TGAGCATTCGGACAAG-1,CSF,-0.24167780862102622
MS,MS60249_CSF,GSM4104126_TGAGCCGAGGGTTCCC-1,CSF,-0.07157349201915446
MS,MS60249_CSF,GSM4104126_TGAGGGACATGCATGT-1,CSF,0.051802608827542874
MS,MS60249_CSF,GSM4104126_TGAGGGATCCGTAGTA-1,CSF,-0.07157349201915446
MS,MS60249_CSF,GSM4104126_TGAGGGATCCTATGTT-1,CSF,-0.07157349201915446
MS,MS60249_CSF,GSM4104126_TGATTTCAGACATAAC-1,CSF,-0.07157349201915446
MS,MS60249_CSF,GSM4104126_TGATTTCAGGGATACC-1,CSF,-0.4950961629545549
MS,MS60249_CSF,GSM4104126_TGATTTCCAATGTTGC-1,CSF,-0.3154988938565312
MS,MS60249_CSF,GSM4104126_TGATTTCCACACGCTG-1,CSF,0.7020554440935347
MS,MS60249_CSF,GSM4104126_TGCACCTCAAAGCAAT-1,CSF,-0.07157349201915446
MS,MS60249_CSF,GSM4104126_TGCACCTTCCAGTATG-1,CSF,-0.09688889454532046
MS,MS60249_CSF,GSM4104126_TGCACCTTCTTAGAGC-1,CSF,-0.07157349201915446
MS,MS60249_CSF,GSM4104126_TGCCAAAAGCAATCTC-1,CSF,-0.2990732781053544
MS,MS60249_CSF,GSM4104126_TGCCAAAAGCTATGCT-1,CSF,-0.261289665666735
MS,MS60249_CSF,GSM4104126_TGCCAAAAGGGTCTCC-1,CSF,-0.07157349201915446
MS,MS60249_CSF,GSM4104126_TGCCAAACATGTTCCC-1,CSF,-0.07157349201915446
MS,MS60249_CSF,GSM4104126_TGCCAAAGTCACTTCC-1,CSF,-0.3563887906516773
MS,MS60249_CSF,GSM4104126_TGCCAAATCGGCTTGG-1,CSF,0.1017216830834942
MS,MS60249_CSF,GSM4104126_TGCCAAATCTTGAGAC-1,CSF,-0.07157349201915446
MS,MS60249_CSF,GSM4104126_TGCCCATAGATATGGT-1,CSF,-0.07157349201915446
MS,MS60249_CSF,GSM4104126_TGCCCATGTGGTACAG-1,CSF,0.256190691049654
MS,MS60249_CSF,GSM4104126_TGCCCATTCCTAGAAC-1,CSF,-0.11050533311168864
MS,MS60249_CSF,GSM4104126_TGCCCATTCCTCAATT-1,CSF,0.21150281976646695
MS,MS60249_CSF,GSM4104126_TGCCCATTCGCCAGCA-1,CSF,-0.07157349201915446
MS,MS60249_CSF,GSM4104126_TGCCCATTCGGTTAAC-1,CSF,0.15307373429493767
MS,MS60249_CSF,GSM4104126_TGCCCTACACTGTCGG-1,CSF,-0.07157349201915446
MS,MS60249_CSF,GSM4104126_TGCCCTATCCCTCTTT-1,CSF,0.0959469541629593
MS,MS60249_CSF,GSM4104126_TGCGCAGGTTGGGACA-1,CSF,-0.07157349201915446
MS,MS60249_CSF,GSM4104126_TGCGCAGTCACAGGCC-1,CSF,0.15978222579710252
MS,MS60249_CSF,GSM4104126_TGCGCAGTCGGCTACG-1,CSF,-0.07157349201915446
MS,MS60249_CSF,GSM4104126_TGCGGGTAGAATCTCC-1,CSF,0.33466133845979223
MS,MS60249_CSF,GSM4104126_TGCGGGTGTAAGTGGC-1,CSF,-0.07157349201915446
MS,MS60249_CSF,GSM4104126_TGCGGGTTCGAATGGG-1,CSF,-0.23302496314995685
MS,MS60249_CSF,GSM4104126_TGCGGGTTCGTTACGA-1,CSF,0.3254714102533877
MS,MS60249_CSF,GSM4104126_TGCGTGGAGAAGATTC-1,CSF,-0.07157349201915446
MS,MS60249_CSF,GSM4104126_TGCGTGGAGTTAGCGG-1,CSF,-0.22527606316481322
MS,MS60249_CSF,GSM4104126_TGCGTGGTCAGGATCT-1,CSF,-0.07157349201915446
MS,MS60249_CSF,GSM4104126_TGCGTGGTCCGTAGGC-1,CSF,0.02242558216416249
MS,MS60249_CSF,GSM4104126_TGCTACCAGGAATGGA-1,CSF,0.30082468058232326
MS,MS60249_CSF,GSM4104126_TGCTACCAGTGTACTC-1,CSF,-0.29842068844410335
MS,MS60249_CSF,GSM4104126_TGCTACCCACGCATCG-1,CSF,-0.24148701828816876
MS,MS60249_CSF,GSM4104126_TGCTACCGTCCAGTGC-1,CSF,-0.07157349201915446
MS,MS60249_CSF,GSM4104126_TGCTGCTAGGTGTTAA-1,CSF,-0.07157349201915446
MS,MS60249_CSF,GSM4104126_TGCTGCTAGTGATCGG-1,CSF,0.6486832225969029
MS,MS60249_CSF,GSM4104126_TGCTGCTGTATATGAG-1,CSF,-0.07157349201915446
MS,MS60249_CSF,GSM4104126_TGCTGCTGTTCCGGCA-1,CSF,0.48088441017436384
MS,MS60249_CSF,GSM4104126_TGCTGCTGTTGGTAAA-1,CSF,0.0007525592266405574
MS,MS60249_CSF,GSM4104126_TGGACGCGTGCGCTTG-1,CSF,-0.07157349201915446
MS,MS60249_CSF,GSM4104126_TGGACGCGTTGATTGC-1,CSF,0.13309810768796057
MS,MS60249_CSF,GSM4104126_TGGACGCTCTTGTACT-1,CSF,-0.07157349201915446
MS,MS60249_CSF,GSM4104126_TGGCCAGAGATGTCGG-1,CSF,-0.07157349201915446
MS,MS60249_CSF,GSM4104126_TGGCCAGAGATGTGGC-1,CSF,0.3737083713735577
MS,MS60249_CSF,GSM4104126_TGGCCAGGTACAGTTC-1,CSF,-0.20201762952361252
MS,MS60249_CSF,GSM4104126_TGGCGCAAGAGACTAT-1,CSF,-0.3226047357059261
MS,MS60249_CSF,GSM4104126_TGGCGCACATTCTCAT-1,CSF,0.15292375304440423
MS,MS60249_CSF,GSM4104126_TGGCGCAGTGCACGAA-1,CSF,0.3719337092542826
MS,MS60249_CSF,GSM4104126_TGGCGCATCCCAGGTG-1,CSF,-0.07157349201915446
MS,MS60249_CSF,GSM4104126_TGGCTGGCAACGATCT-1,CSF,-0.07157349201915446
MS,MS60249_CSF,GSM4104126_TGGGAAGAGGGATACC-1,CSF,-0.24101253172383602
MS,MS60249_CSF,GSM4104126_TGGGAAGGTAAGGATT-1,CSF,-0.07157349201915446
MS,MS60249_CSF,GSM4104126_TGGGAAGGTATTCGTG-1,CSF,-0.07157349201915446
MS,MS60249_CSF,GSM4104126_TGGGCGTAGCTTCGCG-1,CSF,0.3613414940840792
MS,MS60249_CSF,GSM4104126_TGGGCGTAGTCGTTTG-1,CSF,-0.07157349201915446
MS,MS60249_CSF,GSM4104126_TGGGCGTGTCAAGCGA-1,CSF,-0.07157349201915446
MS,MS60249_CSF,GSM4104126_TGGGCGTGTCCATCCT-1,CSF,0.39316378542848957
MS,MS60249_CSF,GSM4104126_TGGGCGTGTTCGAATC-1,CSF,0.2244342633336181
MS,MS60249_CSF,GSM4104126_TGGGCGTTCGGCGCAT-1,CSF,-0.21762152449696717
MS,MS60249_CSF,GSM4104126_TGGTTAGCAAGTCTAC-1,CSF,0.2171899817614278
MS,MS60249_CSF,GSM4104126_TGGTTAGCAGCAGTTT-1,CSF,-0.05178215721668381
MS,MS60249_CSF,GSM4104126_TGGTTAGCAGGTCCAC-1,CSF,-0.07157349201915446
MS,MS60249_CSF,GSM4104126_TGGTTAGCATTGAGCT-1,CSF,-0.07157349201915446
MS,MS60249_CSF,GSM4104126_TGGTTCCAGAGTAATC-1,CSF,0.20456871573993052
MS,MS60249_CSF,GSM4104126_TGGTTCCAGCGCCTTG-1,CSF,-0.4971210397054678
MS,MS60249_CSF,GSM4104126_TGGTTCCGTCCAGTGC-1,CSF,-0.07157349201915446
MS,MS60249_CSF,GSM4104126_TGGTTCCGTTATCCGA-1,CSF,-0.07157349201915446
MS,MS60249_CSF,GSM4104126_TGGTTCCTCCATTCTA-1,CSF,0.1059509075454678
MS,MS60249_CSF,GSM4104126_TGGTTCCTCCCATTTA-1,CSF,-0.07157349201915446
MS,MS60249_CSF,GSM4104126_TGTATTCCAATAAGCA-1,CSF,-0.07157349201915446
MS,MS60249_CSF,GSM4104126_TGTATTCCAGAGTGTG-1,CSF,-0.16202776296444407
MS,MS60249_CSF,GSM4104126_TGTATTCGTCGCTTCT-1,CSF,-0.07157349201915446
MS,MS60249_CSF,GSM4104126_TGTATTCTCGGCGCTA-1,CSF,-0.07157349201915446
MS,MS60249_CSF,GSM4104126_TGTCCCAAGATGTTAG-1,CSF,-0.07157349201915446
MS,MS60249_CSF,GSM4104126_TGTCCCAAGGCGCTCT-1,CSF,-0.2060463890270316
MS,MS60249_CSF,GSM4104126_TGTCCCACAATAGCGG-1,CSF,-0.07157349201915446
MS,MS60249_CSF,GSM4104126_TGTCCCAGTAAGCACG-1,CSF,-0.07157349201915446
MS,MS60249_CSF,GSM4104126_TGTCCCAGTGTGGTTT-1,CSF,0.23991459998229825
MS,MS60249_CSF,GSM4104126_TGTCCCAGTTAAAGTG-1,CSF,-0.07157349201915446
MS,MS60249_CSF,GSM4104126_TGTGGTATCACAGGCC-1,CSF,-0.07157349201915446
MS,MS60249_CSF,GSM4104126_TGTGGTATCACTGGGC-1,CSF,-0.07157349201915446
MS,MS60249_CSF,GSM4104126_TGTGTTTAGGCTAGGT-1,CSF,-0.2678254416675007
MS,MS60249_CSF,GSM4104126_TGTTCCGAGCCACGCT-1,CSF,0.041790692449056865
MS,MS60249_CSF,GSM4104126_TGTTCCGCATCCGGGT-1,CSF,0.012794802494980242
MS,MS60249_CSF,GSM4104126_TGTTCCGGTACAAGTA-1,CSF,-0.07157349201915446
MS,MS60249_CSF,GSM4104126_TGTTCCGTCCGAATGT-1,CSF,-0.07157349201915446
MS,MS60249_CSF,GSM4104126_TTAACTCAGACCCACC-1,CSF,-0.07157349201915446
MS,MS60249_CSF,GSM4104126_TTAACTCAGGCTAGAC-1,CSF,0.3596649619817409
MS,MS60249_CSF,GSM4104126_TTAACTCGTCTGCCAG-1,CSF,0.27368211414203264
MS,MS60249_CSF,GSM4104126_TTAACTCTCGTAGATC-1,CSF,-0.24254335112854739
MS,MS60249_CSF,GSM4104126_TTAGGACAGGGATGGG-1,CSF,-0.07157349201915446
MS,MS60249_CSF,GSM4104126_TTAGGACCAATGGAGC-1,CSF,-0.2222986981156319
MS,MS60249_CSF,GSM4104126_TTAGGACCACGTGAGA-1,CSF,0.5079877541801888
MS,MS60249_CSF,GSM4104126_TTAGGACCATTTGCTT-1,CSF,-0.07157349201915446
MS,MS60249_CSF,GSM4104126_TTAGGACGTAGCCTAT-1,CSF,-0.07157349201915446
MS,MS60249_CSF,GSM4104126_TTAGGACGTGTTCGAT-1,CSF,-0.07157349201915446
MS,MS60249_CSF,GSM4104126_TTAGGACTCCAAAGTC-1,CSF,-0.07157349201915446
MS,MS60249_CSF,GSM4104126_TTAGGACTCTTGACGA-1,CSF,-0.07157349201915446
MS,MS60249_CSF,GSM4104126_TTAGGACTCTTTAGTC-1,CSF,-0.07157349201915446
MS,MS60249_CSF,GSM4104126_TTAGGCAAGCCTTGAT-1,CSF,-0.22177594183798313
MS,MS60249_CSF,GSM4104126_TTAGGCAAGGTGACCA-1,CSF,-0.07157349201915446
MS,MS60249_CSF,GSM4104126_TTAGGCACAAGCGCTC-1,CSF,-0.2021160559758432
MS,MS60249_CSF,GSM4104126_TTAGTTCAGGAGTACC-1,CSF,0.2748378677111827
MS,MS60249_CSF,GSM4104126_TTAGTTCCATGGAATA-1,CSF,-0.07157349201915446
MS,MS60249_CSF,GSM4104126_TTAGTTCTCGGGAGTA-1,CSF,-0.2045846668788117
MS,MS60249_CSF,GSM4104126_TTATGCTAGCTGTCTA-1,CSF,-0.07157349201915446
MS,MS60249_CSF,GSM4104126_TTATGCTTCTCCCTGA-1,CSF,-0.2694074536131295
MS,MS60249_CSF,GSM4104126_TTCCCAGAGATAGCAT-1,CSF,-0.14986591353889972
MS,MS60249_CSF,GSM4104126_TTCCCAGGTATAATGG-1,CSF,-0.07157349201915446
MS,MS60249_CSF,GSM4104126_TTCCCAGGTCCAACTA-1,CSF,-0.24736524355082848
MS,MS60249_CSF,GSM4104126_TTCCCAGTCATATCGG-1,CSF,-0.07157349201915446
MS,MS60249_CSF,GSM4104126_TTCGAAGAGTAGTGCG-1,CSF,-0.07157349201915446
MS,MS60249_CSF,GSM4104126_TTCGAAGCACCAGATT-1,CSF,-0.35003772541089123
MS,MS60249_CSF,GSM4104126_TTCGAAGTCCGTTGTC-1,CSF,0.5335805651563632
MS,MS60249_CSF,GSM4104126_TTCGGTCAGGCTCATT-1,CSF,0.1580596781685118
MS,MS60249_CSF,GSM4104126_TTCGGTCAGGGCACTA-1,CSF,-0.07157349201915446
MS,MS60249_CSF,GSM4104126_TTCGGTCCACACTGCG-1,CSF,0.3016574079274082
MS,MS60249_CSF,GSM4104126_TTCGGTCCACCACCAG-1,CSF,0.4116534506763738
MS,MS60249_CSF,GSM4104126_TTCGGTCGTCTCTCTG-1,CSF,0.4655438594886855
MS,MS60249_CSF,GSM4104126_TTCGGTCTCCCAAGTA-1,CSF,-0.4175818658646108
MS,MS60249_CSF,GSM4104126_TTCGGTCTCTTACCGC-1,CSF,0.08679318753855206
MS,MS60249_CSF,GSM4104126_TTCGGTCTCTTACCTA-1,CSF,0.8916179868841241
MS,MS60249_CSF,GSM4104126_TTCTACAAGCTCCTTC-1,CSF,-0.24411128872827706
MS,MS60249_CSF,GSM4104126_TTCTACACAGGGTATG-1,CSF,-0.07157349201915446
MS,MS60249_CSF,GSM4104126_TTCTACATCCGCAGTG-1,CSF,-0.19780840814127704
MS,MS60249_CSF,GSM4104126_TTCTCAAAGATGCCTT-1,CSF,0.35318395478721026
MS,MS60249_CSF,GSM4104126_TTCTCAACATTACCTT-1,CSF,-0.07157349201915446
MS,MS60249_CSF,GSM4104126_TTCTCCTAGCGTTTAC-1,CSF,-0.07157349201915446
MS,MS60249_CSF,GSM4104126_TTCTCCTAGGATTCGG-1,CSF,-0.07157349201915446
MS,MS60249_CSF,GSM4104126_TTCTCCTCATCATCCC-1,CSF,0.20631074333364957
MS,MS60249_CSF,GSM4104126_TTCTCCTCATTTCAGG-1,CSF,0.2188974175788362
MS,MS60249_CSF,GSM4104126_TTCTCCTTCCCATTAT-1,CSF,-0.07157349201915446
MS,MS60249_CSF,GSM4104126_TTCTTAGCATCAGTCA-1,CSF,-0.07157349201915446
MS,MS60249_CSF,GSM4104126_TTCTTAGCATCTCGCT-1,CSF,-0.2827132687865598
MS,MS60249_CSF,GSM4104126_TTCTTAGGTCACTGGC-1,CSF,-0.07157349201915446
MS,MS60249_CSF,GSM4104126_TTCTTAGGTTCCCGAG-1,CSF,-0.255274309852334
MS,MS60249_CSF,GSM4104126_TTGAACGGTGAGGGTT-1,CSF,-0.20904663660710351
MS,MS60249_CSF,GSM4104126_TTGAACGTCGTAGGTT-1,CSF,-0.24177340453485904
MS,MS60249_CSF,GSM4104126_TTGACTTAGCCGATTT-1,CSF,0.02381036059708528
MS,MS60249_CSF,GSM4104126_TTGACTTGTACCAGTT-1,CSF,-0.07157349201915446
MS,MS60249_CSF,GSM4104126_TTGACTTTCTGCGACG-1,CSF,-0.28527647111423476
MS,MS60249_CSF,GSM4104126_TTGCCGTAGATAGTCA-1,CSF,-0.07157349201915446
MS,MS60249_CSF,GSM4104126_TTGCCGTGTGGTTTCA-1,CSF,-0.30421951810844117
MS,MS60249_CSF,GSM4104126_TTGCGTCCAATCGAAA-1,CSF,0.2455708753430969
MS,MS60249_CSF,GSM4104126_TTGCGTCGTTCTCATT-1,CSF,-0.19699573246262578
MS,MS60249_CSF,GSM4104126_TTGCGTCTCCTGCAGG-1,CSF,0.6529899810340873
MS,MS60249_CSF,GSM4104126_TTGGAACAGATCCTGT-1,CSF,0.4273752023383266
MS,MS60249_CSF,GSM4104126_TTGGAACTCGTTGCCT-1,CSF,-0.18826825070109512
MS,MS60249_CSF,GSM4104126_TTGGCAACACGTTGGC-1,CSF,-0.07157349201915446
MS,MS60249_CSF,GSM4104126_TTGGCAACAGCGTCCA-1,CSF,0.37808242428993866
MS,MS60249_CSF,GSM4104126_TTGGCAACAGGTTTCA-1,CSF,-0.07157349201915446
MS,MS60249_CSF,GSM4104126_TTGGCAATCAACACAC-1,CSF,0.4828793402489315
MS,MS60249_CSF,GSM4104126_TTGTAGGCACGAGAGT-1,CSF,-0.07157349201915446
MS,MS60249_CSF,GSM4104126_TTGTAGGGTATGAATG-1,CSF,-0.07157349201915446
MS,MS60249_CSF,GSM4104126_TTTACTGAGAAACGAG-1,CSF,-0.07157349201915446
MS,MS60249_CSF,GSM4104126_TTTACTGAGGCTAGGT-1,CSF,-0.07157349201915446
MS,MS60249_CSF,GSM4104126_TTTACTGCAATAGCAA-1,CSF,-0.07157349201915446
MS,MS60249_CSF,GSM4104126_TTTACTGTCAGAAATG-1,CSF,0.23756483936231376
MS,MS60249_CSF,GSM4104126_TTTATGCGTTCCATGA-1,CSF,-0.07157349201915446
MS,MS60249_CSF,GSM4104126_TTTATGCGTTCCCTTG-1,CSF,-0.07157349201915446
MS,MS60249_CSF,GSM4104126_TTTATGCTCAGCTCTC-1,CSF,0.18254268724511732
MS,MS60249_CSF,GSM4104126_TTTATGCTCAGTTTGG-1,CSF,-0.07157349201915446
MS,MS60249_CSF,GSM4104126_TTTATGCTCCGTCATC-1,CSF,-0.07157349201915446
MS,MS60249_CSF,GSM4104126_TTTCCTCAGAGGGCTT-1,CSF,0.24939191183689172
MS,MS60249_CSF,GSM4104126_TTTCCTCAGAGTGAGA-1,CSF,0.469208572367314
MS,MS60249_CSF,GSM4104126_TTTCCTCCAAGTAATG-1,CSF,-0.07157349201915446
MS,MS60249_CSF,GSM4104126_TTTCCTCGTATAAACG-1,CSF,-0.7474046497368325
MS,MS60249_CSF,GSM4104126_TTTCCTCGTCGGCTCA-1,CSF,0.9579191497073055
MS,MS60249_CSF,GSM4104126_TTTGCGCAGAATGTTG-1,CSF,-0.07157349201915446
MS,MS60249_CSF,GSM4104126_TTTGCGCAGAGCCCAA-1,CSF,-0.07157349201915446
MS,MS60249_CSF,GSM4104126_TTTGCGCAGAGTCTGG-1,CSF,0.19435005263758395
MS,MS60249_CSF,GSM4104126_TTTGCGCAGTATTGGA-1,CSF,-0.07157349201915446
MS,MS60249_CSF,GSM4104126_TTTGCGCAGTTATCGC-1,CSF,-0.23420315970199493
MS,MS60249_CSF,GSM4104126_TTTGCGCGTTACCGAT-1,CSF,-0.07157349201915446
MS,MS60249_CSF,GSM4104126_TTTGCGCTCAGCAACT-1,CSF,0.21417644474227013
MS,MS60249_CSF,GSM4104126_TTTGGTTGTAACGCGA-1,CSF,0.13169952758822095
MS,MS60249_CSF,GSM4104126_TTTGGTTGTAAGGGCT-1,CSF,0.2508363698282105
MS,MS60249_CSF,GSM4104126_TTTGGTTGTACAAGTA-1,CSF,-0.02306371620474144
MS,MS60249_CSF,GSM4104126_TTTGGTTGTCACCTAA-1,CSF,0.2982699581236271
MS,MS60249_CSF,GSM4104126_TTTGTCAAGAATTCCC-1,CSF,-0.25195212098712866
MS,MS71658_CSF,GSM4104124_AAACGGGGTACAGTGG-1,CSF,-0.20733047983473288
MS,MS71658_CSF,GSM4104124_AAAGATGGTTCACCTC-1,CSF,-0.07157349201915446
MS,MS71658_CSF,GSM4104124_AAAGATGTCCTTGCCA-1,CSF,0.399607258302833
MS,MS71658_CSF,GSM4104124_AAATGCCAGCGATAGC-1,CSF,0.3695321361469381
MS,MS71658_CSF,GSM4104124_AAATGCCCAAGGCTCC-1,CSF,-0.07157349201915446
MS,MS71658_CSF,GSM4104124_AACCGCGAGGGATGGG-1,CSF,0.10336565033344054
MS,MS71658_CSF,GSM4104124_AACTCAGCAGTAGAGC-1,CSF,-0.19514649756289984
MS,MS71658_CSF,GSM4104124_AACTCTTTCCTAGGGC-1,CSF,-0.07157349201915446
MS,MS71658_CSF,GSM4104124_AAGACCTAGTGCGTGA-1,CSF,-0.07157349201915446
MS,MS71658_CSF,GSM4104124_AAGGAGCGTCCAGTTA-1,CSF,-0.07157349201915446
MS,MS71658_CSF,GSM4104124_AAGGCAGCATTCTTAC-1,CSF,-0.07157349201915446
MS,MS71658_CSF,GSM4104124_AAGGCAGTCCGGCACA-1,CSF,-0.07157349201915446
MS,MS71658_CSF,GSM4104124_AAGGTTCAGTTCGCAT-1,CSF,-0.07157349201915446
MS,MS71658_CSF,GSM4104124_AAGGTTCCATGAACCT-1,CSF,-0.06553806470699645
MS,MS71658_CSF,GSM4104124_AAGGTTCTCTACCTGC-1,CSF,-0.3093971285280742
MS,MS71658_CSF,GSM4104124_AATCCAGGTTCGCGAC-1,CSF,-0.33890762099767907
MS,MS71658_CSF,GSM4104124_ACACCCTAGCGCCTCA-1,CSF,-0.07157349201915446
MS,MS71658_CSF,GSM4104124_ACACCCTCACGACTCG-1,CSF,0.5540706138495195
MS,MS71658_CSF,GSM4104124_ACACCGGCATGATCCA-1,CSF,-0.07157349201915446
MS,MS71658_CSF,GSM4104124_ACACCGGGTCGGATCC-1,CSF,-0.32621343352148474
MS,MS71658_CSF,GSM4104124_ACACTGATCAAAGACA-1,CSF,-0.18728375951052703
MS,MS71658_CSF,GSM4104124_ACAGCTATCGAGAGCA-1,CSF,-0.2758974260835429
MS,MS71658_CSF,GSM4104124_ACAGCTATCTCTGCTG-1,CSF,-0.07157349201915446
MS,MS71658_CSF,GSM4104124_ACCGTAATCGACGGAA-1,CSF,0.24261410829542468
MS,MS71658_CSF,GSM4104124_ACCTTTAGTCAGGACA-1,CSF,-0.17578012448029576
MS,MS71658_CSF,GSM4104124_ACGGCCATCATCGATG-1,CSF,0.5587967082506358
MS,MS71658_CSF,GSM4104124_ACGGGTCCACGTAAGG-1,CSF,-0.07157349201915446
MS,MS71658_CSF,GSM4104124_ACTGAACCAAGAAAGG-1,CSF,-0.07157349201915446
MS,MS71658_CSF,GSM4104124_ACTGAACGTCTAGTCA-1,CSF,-0.07157349201915446
MS,MS71658_CSF,GSM4104124_ACTGAACTCATTCACT-1,CSF,0.2561162606187405
MS,MS71658_CSF,GSM4104124_ACTGATGCAGTGAGTG-1,CSF,-0.07157349201915446
MS,MS71658_CSF,GSM4104124_ACTTGTTCAGTATCTG-1,CSF,-0.26511273249801776
MS,MS71658_CSF,GSM4104124_ACTTGTTGTGCAACTT-1,CSF,-0.07157349201915446
MS,MS71658_CSF,GSM4104124_ACTTGTTTCAGTTGAC-1,CSF,0.1980752617778126
MS,MS71658_CSF,GSM4104124_ACTTGTTTCCACGACG-1,CSF,0.20603694748101267
MS,MS71658_CSF,GSM4104124_ACTTGTTTCTGCTGTC-1,CSF,-0.07157349201915446
MS,MS71658_CSF,GSM4104124_AGAATAGTCCAAGTAC-1,CSF,-0.07157349201915446
MS,MS71658_CSF,GSM4104124_AGACGTTCATAGACTC-1,CSF,-0.07157349201915446
MS,MS71658_CSF,GSM4104124_AGACGTTCATGGTAGG-1,CSF,-0.07157349201915446
MS,MS71658_CSF,GSM4104124_AGAGTGGGTCTCACCT-1,CSF,-0.4239083939081283
MS,MS71658_CSF,GSM4104124_AGAGTGGTCAACGGCC-1,CSF,-0.07157349201915446
MS,MS71658_CSF,GSM4104124_AGATTGCAGGGCTCTC-1,CSF,-0.07157349201915446
MS,MS71658_CSF,GSM4104124_AGCCTAAAGTAGTGCG-1,CSF,-0.1724920124869366
MS,MS71658_CSF,GSM4104124_AGCTTGAAGTTATCGC-1,CSF,-0.26076944949404596
MS,MS71658_CSF,GSM4104124_AGGCCGTGTTGAGTTC-1,CSF,-0.07157349201915446
MS,MS71658_CSF,GSM4104124_AGGGAGTTCGAGAACG-1,CSF,-0.07157349201915446
MS,MS71658_CSF,GSM4104124_AGGGAGTTCGTCACGG-1,CSF,-0.07157349201915446
MS,MS71658_CSF,GSM4104124_AGGGATGTCTTGCATT-1,CSF,-0.07157349201915446
MS,MS71658_CSF,GSM4104124_AGGTCATGTGTCAATC-1,CSF,-0.3922856712769073
MS,MS71658_CSF,GSM4104124_AGTGAGGTCTTAGAGC-1,CSF,-0.060479871005186904
MS,MS71658_CSF,GSM4104124_AGTGTCACATTCTTAC-1,CSF,-0.07157349201915446
MS,MS71658_CSF,GSM4104124_ATAGACCAGGGAAACA-1,CSF,-0.07157349201915446
MS,MS71658_CSF,GSM4104124_ATAGACCCAGCGTAAG-1,CSF,-0.07157349201915446
MS,MS71658_CSF,GSM4104124_ATCATCTGTCATATGC-1,CSF,0.15254558211962732
MS,MS71658_CSF,GSM4104124_ATCATCTGTGACCAAG-1,CSF,-0.07157349201915446
MS,MS71658_CSF,GSM4104124_ATCATGGAGAGGGCTT-1,CSF,-0.07157349201915446
MS,MS71658_CSF,GSM4104124_ATGGGAGCAATAACGA-1,CSF,-0.07157349201915446
MS,MS71658_CSF,GSM4104124_ATTACTCTCGAACTGT-1,CSF,0.12957281978418772
MS,MS71658_CSF,GSM4104124_ATTATCCTCCCTTGTG-1,CSF,-0.05295792051910748
MS,MS71658_CSF,GSM4104124_ATTCTACAGCAGCGTA-1,CSF,0.28416528428369026
MS,MS71658_CSF,GSM4104124_ATTCTACAGGCCCGTT-1,CSF,0.20869189132433816
MS,MS71658_CSF,GSM4104124_ATTCTACAGGCTAGCA-1,CSF,-0.07157349201915446
MS,MS71658_CSF,GSM4104124_CAACCAAAGACAAAGG-1,CSF,-0.07343782942199908
MS,MS71658_CSF,GSM4104124_CAACTAGGTTCCGGCA-1,CSF,-0.07157349201915446
MS,MS71658_CSF,GSM4104124_CAACTAGTCACCGGGT-1,CSF,0.1589547008554921
MS,MS71658_CSF,GSM4104124_CAAGAAATCTGTCCGT-1,CSF,-0.4584532415964294
MS,MS71658_CSF,GSM4104124_CAAGATCCATCGGACC-1,CSF,0.09428746547340762
MS,MS71658_CSF,GSM4104124_CAAGGCCAGAGAACAG-1,CSF,-0.07157349201915446
MS,MS71658_CSF,GSM4104124_CAAGGCCTCTATCCTA-1,CSF,-0.07157349201915446
MS,MS71658_CSF,GSM4104124_CACAAACAGTCGCCGT-1,CSF,0.2998144099226997
MS,MS71658_CSF,GSM4104124_CACAGGCAGACCACGA-1,CSF,-0.07157349201915446
MS,MS71658_CSF,GSM4104124_CACCAGGAGAAACGCC-1,CSF,-0.07157349201915446
MS,MS71658_CSF,GSM4104124_CACCTTGGTATAAACG-1,CSF,-0.07157349201915446
MS,MS71658_CSF,GSM4104124_CACTCCACACTATCTT-1,CSF,-0.41241705974997356
MS,MS71658_CSF,GSM4104124_CACTCCAGTCGGGTCT-1,CSF,-0.07157349201915446
MS,MS71658_CSF,GSM4104124_CACTCCAGTTGGTAAA-1,CSF,-0.13790512833194743
MS,MS71658_CSF,GSM4104124_CACTCCATCCTATGTT-1,CSF,-0.3509861542578735
MS,MS71658_CSF,GSM4104124_CAGAATCTCTGGGCCA-1,CSF,-0.07157349201915446
MS,MS71658_CSF,GSM4104124_CAGATCAAGACACGAC-1,CSF,-0.07157349201915446
MS,MS71658_CSF,GSM4104124_CAGCAGCCAACTGCGC-1,CSF,-0.07157349201915446
MS,MS71658_CSF,GSM4104124_CAGCAGCCAGAGCCAA-1,CSF,-0.07157349201915446
MS,MS71658_CSF,GSM4104124_CAGCATAGTCCGCTGA-1,CSF,-0.07157349201915446
MS,MS71658_CSF,GSM4104124_CAGTAACAGTCATGCT-1,CSF,-0.3426621363160434
MS,MS71658_CSF,GSM4104124_CAGTCCTTCAGCTGGC-1,CSF,-0.20082590259653807
MS,MS71658_CSF,GSM4104124_CATCAAGGTGGCGAAT-1,CSF,-0.07157349201915446
MS,MS71658_CSF,GSM4104124_CATCAGATCCCAGGTG-1,CSF,-0.07157349201915446
MS,MS71658_CSF,GSM4104124_CATCGAAGTGATGATA-1,CSF,-0.1935065619066894
MS,MS71658_CSF,GSM4104124_CATGACACAAGGTTTC-1,CSF,-0.07157349201915446
MS,MS71658_CSF,GSM4104124_CATGACACAGCTTAAC-1,CSF,0.13283620949243435
MS,MS71658_CSF,GSM4104124_CATGCCTCACCATGTA-1,CSF,-0.07157349201915446
MS,MS71658_CSF,GSM4104124_CATGCCTCAGGACGTA-1,CSF,-0.07157349201915446
MS,MS71658_CSF,GSM4104124_CATGCCTTCAGCAACT-1,CSF,-0.07157349201915446
MS,MS71658_CSF,GSM4104124_CATGGCGCACGTCAGC-1,CSF,0.035793685791989036
MS,MS71658_CSF,GSM4104124_CATGGCGGTCTCTTTA-1,CSF,-0.07157349201915446
MS,MS71658_CSF,GSM4104124_CATGGCGTCCGCGCAA-1,CSF,0.039491048892622706
MS,MS71658_CSF,GSM4104124_CATTATCAGTACGACG-1,CSF,-0.07157349201915446
MS,MS71658_CSF,GSM4104124_CCAATCCTCCACGCAG-1,CSF,-0.07157349201915446
MS,MS71658_CSF,GSM4104124_CCACGGATCAACACAC-1,CSF,0.2876282713610251
MS,MS71658_CSF,GSM4104124_CCATGTCGTTTACTCT-1,CSF,0.04509265483567488
MS,MS71658_CSF,GSM4104124_CCATTCGGTGACAAAT-1,CSF,-0.6223787555452723
MS,MS71658_CSF,GSM4104124_CCCTCCTGTTCGTTGA-1,CSF,-0.07157349201915446
MS,MS71658_CSF,GSM4104124_CCGTACTAGGGTCGAT-1,CSF,-0.1392769556379844
MS,MS71658_CSF,GSM4104124_CCGTGGACAAGAGGCT-1,CSF,-0.07157349201915446
MS,MS71658_CSF,GSM4104124_CCGTTCATCTTCCTTC-1,CSF,-0.07157349201915446
MS,MS71658_CSF,GSM4104124_CCTACCAGTAGAGCTG-1,CSF,0.6361432434882889
MS,MS71658_CSF,GSM4104124_CCTCTGAGTCATACTG-1,CSF,-0.3622239346371131
MS,MS71658_CSF,GSM4104124_CCTTCCCAGCGATTCT-1,CSF,-0.4874722874930787
MS,MS71658_CSF,GSM4104124_CCTTCGAGTACTTGAC-1,CSF,0.16155410167235637
MS,MS71658_CSF,GSM4104124_CCTTTCTCAAGAGGCT-1,CSF,-0.07157349201915446
MS,MS71658_CSF,GSM4104124_CCTTTCTCAGCTGCAC-1,CSF,-0.07157349201915446
MS,MS71658_CSF,GSM4104124_CGAATGTAGTATGACA-1,CSF,-0.07157349201915446
MS,MS71658_CSF,GSM4104124_CGAGAAGCAGGAATGC-1,CSF,-0.07157349201915446
MS,MS71658_CSF,GSM4104124_CGAGAAGGTCCGCTGA-1,CSF,-0.07157349201915446
MS,MS71658_CSF,GSM4104124_CGATGGCAGTGAAGTT-1,CSF,-0.07157349201915446
MS,MS71658_CSF,GSM4104124_CGATGTAGTGTGCGTC-1,CSF,-0.2872479241727408
MS,MS71658_CSF,GSM4104124_CGCCAAGAGACGCACA-1,CSF,-0.2640454684240643
MS,MS71658_CSF,GSM4104124_CGCCAAGCAAAGGAAG-1,CSF,-0.07157349201915446
MS,MS71658_CSF,GSM4104124_CGCTATCAGCCTTGAT-1,CSF,0.2244154751469243
MS,MS71658_CSF,GSM4104124_CGCTGGAAGACACTAA-1,CSF,-0.3799104650301281
MS,MS71658_CSF,GSM4104124_CGGACGTTCGTCTGCT-1,CSF,-0.07157349201915446
MS,MS71658_CSF,GSM4104124_CGGACTGGTTCAGTAC-1,CSF,-0.07157349201915446
MS,MS71658_CSF,GSM4104124_CGGAGTCCACCAGCAC-1,CSF,0.2620790470518459
MS,MS71658_CSF,GSM4104124_CGGAGTCCATCACGTA-1,CSF,-0.07157349201915446
MS,MS71658_CSF,GSM4104124_CGGCTAGAGGTGTTAA-1,CSF,-0.07157349201915446
MS,MS71658_CSF,GSM4104124_CGGCTAGCACATTAGC-1,CSF,-0.07157349201915446
MS,MS71658_CSF,GSM4104124_CGTAGCGCACCGCTAG-1,CSF,-0.07157349201915446
MS,MS71658_CSF,GSM4104124_CGTAGCGTCAACGGCC-1,CSF,-0.3940406722623123
MS,MS71658_CSF,GSM4104124_CGTCAGGCATACTACG-1,CSF,-0.07157349201915446
MS,MS71658_CSF,GSM4104124_CGTGTAAAGTCCCACG-1,CSF,0.28079864793133097
MS,MS71658_CSF,GSM4104124_CTAACTTCACCCATTC-1,CSF,0.2126126737792951
MS,MS71658_CSF,GSM4104124_CTAACTTTCTTTACAC-1,CSF,0.10857139818296939
MS,MS71658_CSF,GSM4104124_CTAATGGTCAACGGCC-1,CSF,0.33624033693275324
MS,MS71658_CSF,GSM4104124_CTAATGGTCCCAACGG-1,CSF,0.12417088737785784
MS,MS71658_CSF,GSM4104124_CTACCCAAGATGAGAG-1,CSF,0.33889047905988806
MS,MS71658_CSF,GSM4104124_CTACCCACATGCAATC-1,CSF,-0.07157349201915446
MS,MS71658_CSF,GSM4104124_CTACGTCGTACGCACC-1,CSF,-0.36864166710766105
MS,MS71658_CSF,GSM4104124_CTCAGAAGTCTCTCGT-1,CSF,-0.07157349201915446
MS,MS71658_CSF,GSM4104124_CTCGAGGAGACCCACC-1,CSF,0.34961986072968515
MS,MS71658_CSF,GSM4104124_CTCGGAGAGCTAAACA-1,CSF,-0.07157349201915446
MS,MS71658_CSF,GSM4104124_CTCGGAGCAAGCTGTT-1,CSF,-0.2466910333941558
MS,MS71658_CSF,GSM4104124_CTCGGAGCATTCCTGC-1,CSF,0.0205003902431112
MS,MS71658_CSF,GSM4104124_CTCGGGACAGAGTGTG-1,CSF,-0.07157349201915446
MS,MS71658_CSF,GSM4104124_CTCGTACAGATCCCAT-1,CSF,0.23644970283688327
MS,MS71658_CSF,GSM4104124_CTCGTACGTCCGAACC-1,CSF,-0.07157349201915446
MS,MS71658_CSF,GSM4104124_CTCGTACGTTGCTCCT-1,CSF,0.1846786648370467
MS,MS71658_CSF,GSM4104124_CTCTGGTCATGACATC-1,CSF,0.06335505913137106
MS,MS71658_CSF,GSM4104124_CTGATAGGTAAGAGAG-1,CSF,-0.27449121838201623
MS,MS71658_CSF,GSM4104124_CTGATCCAGCGTTCCG-1,CSF,-0.3884473816942329
MS,MS71658_CSF,GSM4104124_CTGGTCTAGCGATTCT-1,CSF,0.24547717827612806
MS,MS71658_CSF,GSM4104124_CTGGTCTCACCCTATC-1,CSF,0.06424387222822604
MS,MS71658_CSF,GSM4104124_CTGGTCTGTCGCATAT-1,CSF,-0.07157349201915446
MS,MS71658_CSF,GSM4104124_CTGGTCTGTTAAGGGC-1,CSF,0.2116269419906003
MS,MS71658_CSF,GSM4104124_CTGTGCTAGAAACCTA-1,CSF,0.44437122676338203
MS,MS71658_CSF,GSM4104124_CTGTGCTGTCATATCG-1,CSF,-0.1810052180637134
MS,MS71658_CSF,GSM4104124_CTGTGCTTCCAGAGGA-1,CSF,-0.07157349201915446
MS,MS71658_CSF,GSM4104124_CTTAACTTCTTTACAC-1,CSF,-0.07157349201915446
MS,MS71658_CSF,GSM4104124_CTTACCGAGCGATCCC-1,CSF,-0.32324400023452193
MS,MS71658_CSF,GSM4104124_CTTACCGAGTCAAGGC-1,CSF,-0.07157349201915446
MS,MS71658_CSF,GSM4104124_CTTACCGCAGGCTCAC-1,CSF,-0.07157349201915446
MS,MS71658_CSF,GSM4104124_CTTTGCGAGTGCCATT-1,CSF,-0.07157349201915446
MS,MS71658_CSF,GSM4104124_GAAATGAGTACAGCAG-1,CSF,0.25012848900439316
MS,MS71658_CSF,GSM4104124_GAACATCAGGATGGAA-1,CSF,-0.07157349201915446
MS,MS71658_CSF,GSM4104124_GAACCTAGTGCATCTA-1,CSF,-0.07157349201915446
MS,MS71658_CSF,GSM4104124_GAACGGAGTCAGTGGA-1,CSF,-0.07157349201915446
MS,MS71658_CSF,GSM4104124_GACACGCAGGAGTCTG-1,CSF,-0.3397564515509692
MS,MS71658_CSF,GSM4104124_GACAGAGAGGGATACC-1,CSF,-0.24630521695821436
MS,MS71658_CSF,GSM4104124_GACAGAGCACAGGTTT-1,CSF,-0.07157349201915446
MS,MS71658_CSF,GSM4104124_GACAGAGGTGTTCGAT-1,CSF,0.15377236212021547
MS,MS71658_CSF,GSM4104124_GACCAATAGATGTGTA-1,CSF,-0.07157349201915446
MS,MS71658_CSF,GSM4104124_GACGGCTCATCCGGGT-1,CSF,0.2531841138679613
MS,MS71658_CSF,GSM4104124_GACTAACTCACGAAGG-1,CSF,-0.07157349201915446
MS,MS71658_CSF,GSM4104124_GACTACAAGGACACCA-1,CSF,-0.09186172777869418
MS,MS71658_CSF,GSM4104124_GAGCAGAGTGTGACGA-1,CSF,0.3530048465665461
MS,MS71658_CSF,GSM4104124_GATCGATCACACTGCG-1,CSF,-0.3183055553881967
MS,MS71658_CSF,GSM4104124_GATCGCGAGACGCACA-1,CSF,0.1326848177970069
MS,MS71658_CSF,GSM4104124_GATCGTAGTCGAATCT-1,CSF,-0.5543927142233483
MS,MS71658_CSF,GSM4104124_GATGAAAAGGCTCTTA-1,CSF,-0.07157349201915446
MS,MS71658_CSF,GSM4104124_GATGAAAGTGTAACGG-1,CSF,-0.07157349201915446
MS,MS71658_CSF,GSM4104124_GATGCTAAGGTGATTA-1,CSF,-0.07157349201915446
MS,MS71658_CSF,GSM4104124_GATGCTATCAACACAC-1,CSF,-0.2794601889706582
MS,MS71658_CSF,GSM4104124_GATGCTATCTCCCTGA-1,CSF,-0.07157349201915446
MS,MS71658_CSF,GSM4104124_GCACTCTGTCTTTCAT-1,CSF,0.013951837548042276
MS,MS71658_CSF,GSM4104124_GCATACACATGGTTGT-1,CSF,0.3121250050817184
MS,MS71658_CSF,GSM4104124_GCATACAGTAAGAGAG-1,CSF,-0.07157349201915446
MS,MS71658_CSF,GSM4104124_GCATGTATCAACGGGA-1,CSF,0.15114292125841078
MS,MS71658_CSF,GSM4104124_GCCAAATAGCTCTCGG-1,CSF,-0.1842836941816757
MS,MS71658_CSF,GSM4104124_GCCTCTATCACGCATA-1,CSF,-0.43912402451731214
MS,MS71658_CSF,GSM4104124_GCGCCAAAGAGGTACC-1,CSF,-0.4527524355061588
MS,MS71658_CSF,GSM4104124_GCGGGTTGTGATGTCT-1,CSF,-0.4027513691953062
MS,MS71658_CSF,GSM4104124_GCTGCGAAGTACGCGA-1,CSF,0.2213782275924928
MS,MS71658_CSF,GSM4104124_GCTGCGACAGCTGTTA-1,CSF,-0.07157349201915446
MS,MS71658_CSF,GSM4104124_GGAAAGCAGCTAAACA-1,CSF,-0.36091703157010213
MS,MS71658_CSF,GSM4104124_GGAAAGCAGTTTGCGT-1,CSF,-0.1730745151655492
MS,MS71658_CSF,GSM4104124_GGAATAAGTATGCTTG-1,CSF,-0.25933084128410344
MS,MS71658_CSF,GSM4104124_GGACAGAAGAAACGCC-1,CSF,0.6026377044205896
MS,MS71658_CSF,GSM4104124_GGACAGATCTATGTGG-1,CSF,-0.07157349201915446
MS,MS71658_CSF,GSM4104124_GGACATTAGCCGATTT-1,CSF,-0.07157349201915446
MS,MS71658_CSF,GSM4104124_GGACATTCACACGCTG-1,CSF,-0.07157349201915446
MS,MS71658_CSF,GSM4104124_GGACATTGTCCGTTAA-1,CSF,0.22509498453551066
MS,MS71658_CSF,GSM4104124_GGACGTCGTGAAATCA-1,CSF,-0.3818147557821887
MS,MS71658_CSF,GSM4104124_GGAGCAAAGACTGTAA-1,CSF,-0.07157349201915446
MS,MS71658_CSF,GSM4104124_GGATGTTAGCTAGTTC-1,CSF,0.13698432062419588
MS,MS71658_CSF,GSM4104124_GGCGACTAGTTGAGAT-1,CSF,0.28237754437665746
MS,MS71658_CSF,GSM4104124_GGCTCGAAGTATTGGA-1,CSF,-0.17197758722655795
MS,MS71658_CSF,GSM4104124_GGGCACTGTACAAGTA-1,CSF,-0.07157349201915446
MS,MS71658_CSF,GSM4104124_GGGTTGCGTACCCAAT-1,CSF,-0.07157349201915446
MS,MS71658_CSF,GSM4104124_GGTATTGAGATGGCGT-1,CSF,-0.18334877337129726
MS,MS71658_CSF,GSM4104124_GGTGCGTAGGCAGTCA-1,CSF,0.042309475978174395
MS,MS71658_CSF,GSM4104124_GGTGTTAGTCGAGTTT-1,CSF,-0.07157349201915446
MS,MS71658_CSF,GSM4104124_GTAACTGAGACTAGAT-1,CSF,0.04169951892240632
MS,MS71658_CSF,GSM4104124_GTACGTAAGGCAGTCA-1,CSF,-0.01812996567333585
MS,MS71658_CSF,GSM4104124_GTACGTACAAAGGCGT-1,CSF,-0.07157349201915446
MS,MS71658_CSF,GSM4104124_GTACTCCAGGTGCTTT-1,CSF,-0.34360354543975513
MS,MS71658_CSF,GSM4104124_GTACTCCTCACGCGGT-1,CSF,-0.07157349201915446
MS,MS71658_CSF,GSM4104124_GTAGGCCTCACGCATA-1,CSF,-0.07157349201915446
MS,MS71658_CSF,GSM4104124_GTAGTCAAGAGGGCTT-1,CSF,-0.5562781647466306
MS,MS71658_CSF,GSM4104124_GTAGTCATCGTCGTTC-1,CSF,-0.07157349201915446
MS,MS71658_CSF,GSM4104124_GTATTCTCACAGTCGC-1,CSF,-0.07157349201915446
MS,MS71658_CSF,GSM4104124_GTATTCTTCTGCGACG-1,CSF,-0.17639866738181129
MS,MS71658_CSF,GSM4104124_GTCAAGTGTGCAGTAG-1,CSF,-0.07157349201915446
MS,MS71658_CSF,GSM4104124_GTCACAAAGTACCGGA-1,CSF,-0.07157349201915446
MS,MS71658_CSF,GSM4104124_GTCCTCACACATCTTT-1,CSF,-0.18719952011412988
MS,MS71658_CSF,GSM4104124_GTCCTCACATGGAATA-1,CSF,-0.07157349201915446
MS,MS71658_CSF,GSM4104124_GTCTCGTGTGGCCCTA-1,CSF,-0.07157349201915446
MS,MS71658_CSF,GSM4104124_GTCTTCGCAATGACCT-1,CSF,-0.2598177373863278
MS,MS71658_CSF,GSM4104124_GTGCTTCTCGGATGGA-1,CSF,0.19070470312635918
MS,MS71658_CSF,GSM4104124_GTGGGTCAGGATTCGG-1,CSF,-0.2674647160410982
MS,MS71658_CSF,GSM4104124_GTGTGCGGTAATAGCA-1,CSF,-0.07157349201915446
MS,MS71658_CSF,GSM4104124_GTTAAGCAGACCCACC-1,CSF,0.25665589892087154
MS,MS71658_CSF,GSM4104124_GTTACAGAGTTATCGC-1,CSF,-0.07157349201915446
MS,MS71658_CSF,GSM4104124_GTTCTCGGTTAAGGGC-1,CSF,0.06999526009058152
MS,MS71658_CSF,GSM4104124_GTTTCTATCGCCATAA-1,CSF,-0.18270140314255287
MS,MS71658_CSF,GSM4104124_TAAACCGCATGCCTTC-1,CSF,-0.5250072275743177
MS,MS71658_CSF,GSM4104124_TAAACCGTCTCCTATA-1,CSF,-0.3926197470102383
MS,MS71658_CSF,GSM4104124_TAAGCGTAGTGTGAAT-1,CSF,-0.03407203193235602
MS,MS71658_CSF,GSM4104124_TAAGCGTCATGGTCAT-1,CSF,-0.07157349201915446
MS,MS71658_CSF,GSM4104124_TAAGTGCGTCATGCCG-1,CSF,-0.07157349201915446
MS,MS71658_CSF,GSM4104124_TACAGTGAGTGCAAGC-1,CSF,0.31395590958837716
MS,MS71658_CSF,GSM4104124_TACAGTGTCAACACTG-1,CSF,1.04364601797531
MS,MS71658_CSF,GSM4104124_TACTTACGTCGCATCG-1,CSF,-0.07157349201915446
MS,MS71658_CSF,GSM4104124_TACTTACTCAGAAATG-1,CSF,-0.07157349201915446
MS,MS71658_CSF,GSM4104124_TAGACCACAATAGAGT-1,CSF,-0.2960735316115265
MS,MS71658_CSF,GSM4104124_TAGAGCTAGCGTGTCC-1,CSF,-0.07157349201915446
MS,MS71658_CSF,GSM4104124_TAGTGGTAGTTGTCGT-1,CSF,-0.3832970636687873
MS,MS71658_CSF,GSM4104124_TAGTTGGTCCTATTCA-1,CSF,0.2441156882187869
MS,MS71658_CSF,GSM4104124_TATTACCGTTACTGAC-1,CSF,-0.6510113618448832
MS,MS71658_CSF,GSM4104124_TCAGCTCGTAGCCTAT-1,CSF,0.20387106364953583
MS,MS71658_CSF,GSM4104124_TCAGCTCTCGTTTAGG-1,CSF,-0.2175777671578723
MS,MS71658_CSF,GSM4104124_TCAGGTAGTCCCTACT-1,CSF,0.6302906327663358
MS,MS71658_CSF,GSM4104124_TCATTTGAGTCAAGCG-1,CSF,-0.07157349201915446
MS,MS71658_CSF,GSM4104124_TCATTTGGTCTGGTCG-1,CSF,-0.2548644840268621
MS,MS71658_CSF,GSM4104124_TCATTTGTCTATCCCG-1,CSF,-0.2899799109028323
MS,MS71658_CSF,GSM4104124_TCCACACGTAGCTTGT-1,CSF,0.009908721784512381
MS,MS71658_CSF,GSM4104124_TCCACACGTCTGGTCG-1,CSF,0.12865430588444166
MS,MS71658_CSF,GSM4104124_TCGCGTTAGTAACCCT-1,CSF,-0.07157349201915446
MS,MS71658_CSF,GSM4104124_TCGCGTTAGTACGCGA-1,CSF,-0.07157349201915446
MS,MS71658_CSF,GSM4104124_TCGCGTTTCATGTAGC-1,CSF,-0.18864740072883704
MS,MS71658_CSF,GSM4104124_TCGGGACCAAAGCGGT-1,CSF,-0.23575717099648388
MS,MS71658_CSF,GSM4104124_TCGGGACGTCGCATAT-1,CSF,-0.07157349201915446
MS,MS71658_CSF,GSM4104124_TCGTACCGTCGAGATG-1,CSF,-0.07157349201915446
MS,MS71658_CSF,GSM4104124_TCGTAGAGTGGTTTCA-1,CSF,0.09395129008261878
MS,MS71658_CSF,GSM4104124_TCTCATAGTGCACGAA-1,CSF,-0.07157349201915446
MS,MS71658_CSF,GSM4104124_TGAAAGAAGCAGGCTA-1,CSF,-0.07157349201915446
MS,MS71658_CSF,GSM4104124_TGAAAGAAGGACATTA-1,CSF,0.18799056380151116
MS,MS71658_CSF,GSM4104124_TGAAAGATCCAAATGC-1,CSF,-0.3343556404511327
MS,MS71658_CSF,GSM4104124_TGAAAGATCTTGTTTG-1,CSF,-0.07157349201915446
MS,MS71658_CSF,GSM4104124_TGACTTTTCGCCAGCA-1,CSF,0.16686050220029935
MS,MS71658_CSF,GSM4104124_TGAGCATAGATGTTAG-1,CSF,-0.07157349201915446
MS,MS71658_CSF,GSM4104124_TGAGCCGGTACATGTC-1,CSF,-0.19092971804079997
MS,MS71658_CSF,GSM4104124_TGAGCCGTCGTGGACC-1,CSF,0.14960292334262362
MS,MS71658_CSF,GSM4104124_TGCACCTCAAGCGCTC-1,CSF,-0.3378943248801059
MS,MS71658_CSF,GSM4104124_TGCCCATCACCTTGTC-1,CSF,-0.07157349201915446
MS,MS71658_CSF,GSM4104124_TGCCCATTCGCGATCG-1,CSF,0.06327673501892853
MS,MS71658_CSF,GSM4104124_TGGACGCGTGATGATA-1,CSF,-0.20502435388064358
MS,MS71658_CSF,GSM4104124_TGGCTGGAGTTGAGAT-1,CSF,0.0014051164249936265
MS,MS71658_CSF,GSM4104124_TGTATTCTCTTGAGGT-1,CSF,0.29605278428833265
MS,MS71658_CSF,GSM4104124_TGTCCCAGTAGATTAG-1,CSF,-0.07157349201915446
MS,MS71658_CSF,GSM4104124_TGTGGTAAGTTTGCGT-1,CSF,-0.07157349201915446
MS,MS71658_CSF,GSM4104124_TGTGTTTTCTGATACG-1,CSF,0.11582744463475073
MS,MS71658_CSF,GSM4104124_TTAACTCGTAGCGCAA-1,CSF,-0.5295698629771862
MS,MS71658_CSF,GSM4104124_TTAGTTCGTTGGTAAA-1,CSF,-0.07157349201915446
MS,MS71658_CSF,GSM4104124_TTCCCAGGTGCATCTA-1,CSF,-0.07157349201915446
MS,MS71658_CSF,GSM4104124_TTCGAAGCATGTTGAC-1,CSF,-0.33627723029615814
MS,MS71658_CSF,GSM4104124_TTCGGTCTCCTTGGTC-1,CSF,-0.07157349201915446
MS,MS71658_CSF,GSM4104124_TTCTCCTGTTATCGGT-1,CSF,-0.07157349201915446
MS,MS71658_CSF,GSM4104124_TTGCCGTGTGTTTGGT-1,CSF,-0.07157349201915446
MS,MS71658_CSF,GSM4104124_TTGGAACTCGTATCAG-1,CSF,-0.07157349201915446
MS,MS71658_CSF,GSM4104124_TTTCCTCAGCGTGAGT-1,CSF,0.19680527704895992
MS,MS71658_CSF,GSM4104124_TTTCCTCGTCTACCTC-1,CSF,-0.2889456778760054
MS,MS71658_CSF,GSM4104124_TTTCCTCGTGGAAAGA-1,CSF,-0.07157349201915446
MS,MS71658_CSF,GSM4104124_TTTGCGCGTCAAAGAT-1,CSF,-0.22350796599142544
MS,MS71658_CSF,GSM4104124_TTTGTCATCCTCGCAT-1,CSF,-0.47655409721582026
MS,MS74594_CSF,GSM4104127_AAACCTGCATGAACCT-1,CSF,-0.6474755745044882
MS,MS74594_CSF,GSM4104127_AAACCTGGTGTCCTCT-1,CSF,-0.3108294676590485
MS,MS74594_CSF,GSM4104127_AAAGCAAGTAGGCTGA-1,CSF,-0.2945430778918673
MS,MS74594_CSF,GSM4104127_AACCGCGAGAATCTCC-1,CSF,-0.07157349201915446
MS,MS74594_CSF,GSM4104127_AACTCAGCATGGTCTA-1,CSF,-0.20740268867598793
MS,MS74594_CSF,GSM4104127_AACTTTCTCAAACAAG-1,CSF,0.3884171534197451
MS,MS74594_CSF,GSM4104127_AAGACCTAGACAAGCC-1,CSF,-0.07157349201915446
MS,MS74594_CSF,GSM4104127_AAGGAGCGTAAGTGTA-1,CSF,-0.26517785501368657
MS,MS74594_CSF,GSM4104127_AAGGTTCGTGAAGGCT-1,CSF,-0.1767409015563224
MS,MS74594_CSF,GSM4104127_ACACCGGGTAGCAAAT-1,CSF,-0.35387556768015843
MS,MS74594_CSF,GSM4104127_ACACTGATCCTTGGTC-1,CSF,0.09450232807506606
MS,MS74594_CSF,GSM4104127_ACAGCCGCAGATGGCA-1,CSF,0.6195079199047864
MS,MS74594_CSF,GSM4104127_ACCAGTAAGTTCGCAT-1,CSF,-0.07157349201915446
MS,MS74594_CSF,GSM4104127_ACCCACTTCGCCTGTT-1,CSF,-0.20669162764328822
MS,MS74594_CSF,GSM4104127_ACGAGCCAGAGTCTGG-1,CSF,-0.1616659458806629
MS,MS74594_CSF,GSM4104127_ACGCCAGGTTTGTTTC-1,CSF,0.08029397638708498
MS,MS74594_CSF,GSM4104127_ACGCCGATCAGTTGAC-1,CSF,0.7403171805237699
MS,MS74594_CSF,GSM4104127_ACGGAGAGTTGAGTTC-1,CSF,-0.07157349201915446
MS,MS74594_CSF,GSM4104127_ACGGAGATCAAACAAG-1,CSF,-0.21525491830234098
MS,MS74594_CSF,GSM4104127_ACGTCAAGTTACAGAA-1,CSF,0.360392310688387
MS,MS74594_CSF,GSM4104127_ACTTGTTCAATGCCAT-1,CSF,-0.22699129917230185
MS,MS74594_CSF,GSM4104127_ACTTGTTTCCTGTACC-1,CSF,0.2770798728460828
MS,MS74594_CSF,GSM4104127_AGAGCGAAGAATTCCC-1,CSF,-0.07157349201915446
MS,MS74594_CSF,GSM4104127_AGATCTGTCTACTCAT-1,CSF,-0.07157349201915446
MS,MS74594_CSF,GSM4104127_AGGCCACCAAGAAGAG-1,CSF,0.016753130192327603
MS,MS74594_CSF,GSM4104127_AGTGAGGCATAAGACA-1,CSF,-0.07157349201915446
MS,MS74594_CSF,GSM4104127_AGTGGGAAGTCCAGGA-1,CSF,-0.5891492115446907
MS,MS74594_CSF,GSM4104127_AGTGGGAGTTAGAACA-1,CSF,-0.5158262315402256
MS,MS74594_CSF,GSM4104127_AGTGTCATCATAACCG-1,CSF,-0.07157349201915446
MS,MS74594_CSF,GSM4104127_ATCGAGTAGCTAGTTC-1,CSF,-0.07157349201915446
MS,MS74594_CSF,GSM4104127_ATTACTCCAAGGACTG-1,CSF,-0.24362018302898866
MS,MS74594_CSF,GSM4104127_ATTACTCCAGGGTATG-1,CSF,-0.17488189025801673
MS,MS74594_CSF,GSM4104127_ATTGGACAGCGCTTAT-1,CSF,0.1860939710298898
MS,MS74594_CSF,GSM4104127_ATTGGTGTCCCGGATG-1,CSF,-0.07157349201915446
MS,MS74594_CSF,GSM4104127_CAAGGCCGTTGGAGGT-1,CSF,0.12400001678511878
MS,MS74594_CSF,GSM4104127_CACACTCTCGGTGTCG-1,CSF,-0.07157349201915446
MS,MS74594_CSF,GSM4104127_CACAGTAGTGCCTGCA-1,CSF,0.11546596814330878
MS,MS74594_CSF,GSM4104127_CACATAGAGCTTCGCG-1,CSF,0.33719032825319534
MS,MS74594_CSF,GSM4104127_CAGAGAGCATCGGGTC-1,CSF,-0.07157349201915446
MS,MS74594_CSF,GSM4104127_CAGCAGCCACATTTCT-1,CSF,-0.07157349201915446
MS,MS74594_CSF,GSM4104127_CAGCATAAGGGAAACA-1,CSF,-0.07157349201915446
MS,MS74594_CSF,GSM4104127_CAGCATAGTGCACCAC-1,CSF,-0.17146898364089827
MS,MS74594_CSF,GSM4104127_CAGCGACAGTAGTGCG-1,CSF,-0.5522304481172527
MS,MS74594_CSF,GSM4104127_CATATGGTCCTGCCAT-1,CSF,-0.18731085462444422
MS,MS74594_CSF,GSM4104127_CATATGGTCTCGTATT-1,CSF,0.4122143659199885
MS,MS74594_CSF,GSM4104127_CATCCACAGCAGGCTA-1,CSF,-0.07157349201915446
MS,MS74594_CSF,GSM4104127_CATCCACCAAGCGAGT-1,CSF,-0.2713968284652279
MS,MS74594_CSF,GSM4104127_CATGACACAAGAGGCT-1,CSF,-0.19608505190129252
MS,MS74594_CSF,GSM4104127_CCACCTACAGCCTTGG-1,CSF,0.17886295122906062
MS,MS74594_CSF,GSM4104127_CCACGGACATTGGGCC-1,CSF,0.3775153540968287
MS,MS74594_CSF,GSM4104127_CCACTACCACCGATAT-1,CSF,0.119768672688815
MS,MS74594_CSF,GSM4104127_CCCTCCTAGATCCGAG-1,CSF,-0.14769945004517018
MS,MS74594_CSF,GSM4104127_CCGTTCACACGTCTCT-1,CSF,-0.07157349201915446
MS,MS74594_CSF,GSM4104127_CCTACCAAGGAGTTTA-1,CSF,-0.07157349201915446
MS,MS74594_CSF,GSM4104127_CCTACCACACGGTGTC-1,CSF,-0.1486119081070929
MS,MS74594_CSF,GSM4104127_CCTTCGAAGGGTATCG-1,CSF,-0.07157349201915446
MS,MS74594_CSF,GSM4104127_CGACCTTAGACTGGGT-1,CSF,-0.42046195633655603
MS,MS74594_CSF,GSM4104127_CGACCTTTCTCCGGTT-1,CSF,-0.4890729020615317
MS,MS74594_CSF,GSM4104127_CGACTTCGTATGAATG-1,CSF,0.27699212848313104
MS,MS74594_CSF,GSM4104127_CGAGAAGTCTCCCTGA-1,CSF,-0.2020113137383952
MS,MS74594_CSF,GSM4104127_CGAGCACTCGCTTGTC-1,CSF,-0.07157349201915446
MS,MS74594_CSF,GSM4104127_CGCCAAGTCTCGGACG-1,CSF,-0.22925663176264413
MS,MS74594_CSF,GSM4104127_CGCGGTATCAGTTGAC-1,CSF,-0.26185746529500736
MS,MS74594_CSF,GSM4104127_CGCTATCAGTCCATAC-1,CSF,-0.26964435337786435
MS,MS74594_CSF,GSM4104127_CGCTATCAGTGACATA-1,CSF,-0.2513403031236506
MS,MS74594_CSF,GSM4104127_CGGACGTTCGTGGGAA-1,CSF,-0.07157349201915446
MS,MS74594_CSF,GSM4104127_CGGAGCTTCCGATATG-1,CSF,-0.07157349201915446
MS,MS74594_CSF,GSM4104127_CGGCTAGGTCGTGGCT-1,CSF,-0.4637708847901654
MS,MS74594_CSF,GSM4104127_CGGTTAAAGAGCAATT-1,CSF,-0.16834722098394725
MS,MS74594_CSF,GSM4104127_CGTGAGCTCTGTCTCG-1,CSF,-0.24220537279900323
MS,MS74594_CSF,GSM4104127_CGTTAGACAAGTAGTA-1,CSF,-0.07157349201915446
MS,MS74594_CSF,GSM4104127_CTACACCCACCGAATT-1,CSF,-0.7345591107398227
MS,MS74594_CSF,GSM4104127_CTACATTTCGTGGTCG-1,CSF,-0.22887281425460723
MS,MS74594_CSF,GSM4104127_CTAGAGTCAAATTGCC-1,CSF,-0.07157349201915446
MS,MS74594_CSF,GSM4104127_CTAGTGATCCCACTTG-1,CSF,-0.3096475140666643
MS,MS74594_CSF,GSM4104127_CTCATTACAGGAATGC-1,CSF,-0.24919751865194328
MS,MS74594_CSF,GSM4104127_CTCGAAATCTCATTCA-1,CSF,-0.4414095745412846
MS,MS74594_CSF,GSM4104127_CTCGAGGCAGCGTAAG-1,CSF,-0.1880406216252018
MS,MS74594_CSF,GSM4104127_CTCGTCATCACCCTCA-1,CSF,0.5482449178464969
MS,MS74594_CSF,GSM4104127_CTCTGGTGTCGCATAT-1,CSF,-0.3065440704071136
MS,MS74594_CSF,GSM4104127_CTGAAGTAGTGCTGCC-1,CSF,-0.24923341896813136
MS,MS74594_CSF,GSM4104127_CTGCCTAGTCCCTACT-1,CSF,-0.07157349201915446
MS,MS74594_CSF,GSM4104127_CTGTGCTGTGCCTGGT-1,CSF,0.024292900641634158
MS,MS74594_CSF,GSM4104127_CTTAGGATCCACGTGG-1,CSF,-0.19243654389080828
MS,MS74594_CSF,GSM4104127_GAACCTAAGCCGTCGT-1,CSF,-0.07157349201915446
MS,MS74594_CSF,GSM4104127_GAATGAAAGTGTACCT-1,CSF,-0.4226260952709208
MS,MS74594_CSF,GSM4104127_GACACGCCACTCAGGC-1,CSF,-0.7009690921493991
MS,MS74594_CSF,GSM4104127_GACGCGTAGTTAACGA-1,CSF,-0.9957734904165984
MS,MS74594_CSF,GSM4104127_GATGAGGGTACTCAAC-1,CSF,-0.07157349201915446
MS,MS74594_CSF,GSM4104127_GCAAACTGTGGTAACG-1,CSF,-0.1731226704942896
MS,MS74594_CSF,GSM4104127_GCAAACTGTTTAGGAA-1,CSF,0.0889652785909352
MS,MS74594_CSF,GSM4104127_GCGGGTTTCAACTCTT-1,CSF,0.12928055613459963
MS,MS74594_CSF,GSM4104127_GCGGGTTTCGGAGCAA-1,CSF,0.17561965171282432
MS,MS74594_CSF,GSM4104127_GCTCCTAAGGTGATTA-1,CSF,-0.07157349201915446
MS,MS74594_CSF,GSM4104127_GCTGCGAGTGCGGTAA-1,CSF,-0.3835485090916087
MS,MS74594_CSF,GSM4104127_GCTGGGTAGTACCGGA-1,CSF,-0.07157349201915446
MS,MS74594_CSF,GSM4104127_GCTGGGTGTATAGGTA-1,CSF,-0.07157349201915446
MS,MS74594_CSF,GSM4104127_GCTTCCATCAGGCGAA-1,CSF,-0.25890717234074856
MS,MS74594_CSF,GSM4104127_GGAAAGCGTGTGAATA-1,CSF,-0.07157349201915446
MS,MS74594_CSF,GSM4104127_GGAAAGCGTTACAGAA-1,CSF,0.4354865836153934
MS,MS74594_CSF,GSM4104127_GGACGTCTCGTTACGA-1,CSF,-0.6746910289496064
MS,MS74594_CSF,GSM4104127_GGATTACCACGAAAGC-1,CSF,-0.27894879248853366
MS,MS74594_CSF,GSM4104127_GGGAATGAGACGCACA-1,CSF,0.15977887448630154
MS,MS74594_CSF,GSM4104127_GGGATGAGTTGAGTTC-1,CSF,-0.07157349201915446
MS,MS74594_CSF,GSM4104127_GGGTTGCTCTCACATT-1,CSF,-0.13613050724011508
MS,MS74594_CSF,GSM4104127_GGTGTTACACGCATCG-1,CSF,-0.07157349201915446
MS,MS74594_CSF,GSM4104127_GGTGTTAGTCTTGATG-1,CSF,-0.30360814999874636
MS,MS74594_CSF,GSM4104127_GTAGGCCAGGCGTACA-1,CSF,-0.07157349201915446
MS,MS74594_CSF,GSM4104127_GTCACAACAATCCGAT-1,CSF,-0.36532115322804903
MS,MS74594_CSF,GSM4104127_GTGTGCGGTTCAGGCC-1,CSF,0.03598587996203465
MS,MS74594_CSF,GSM4104127_GTGTTAGTCGGCATCG-1,CSF,-0.1969115013020655
MS,MS74594_CSF,GSM4104127_TACAGTGAGATAGCAT-1,CSF,0.08260019255667402
MS,MS74594_CSF,GSM4104127_TACGGGCCACCGAATT-1,CSF,0.5215312091907222
MS,MS74594_CSF,GSM4104127_TACTCATTCTGAAAGA-1,CSF,-0.07157349201915446
MS,MS74594_CSF,GSM4104127_TACTCGCCAGAAGCAC-1,CSF,-0.3482818356583474
MS,MS74594_CSF,GSM4104127_TAGACCAGTGGACGAT-1,CSF,-0.07157349201915446
MS,MS74594_CSF,GSM4104127_TAGTGGTAGAGAACAG-1,CSF,-0.06087226979483321
MS,MS74594_CSF,GSM4104127_TCGTAGAAGTGATCGG-1,CSF,0.30050298597637026
MS,MS74594_CSF,GSM4104127_TCTATTGGTCTTGCGG-1,CSF,-0.33575973185848795
MS,MS74594_CSF,GSM4104127_TCTTTCCCAGTCGTGC-1,CSF,-0.07157349201915446
MS,MS74594_CSF,GSM4104127_TGAAAGACACCCATTC-1,CSF,-0.263242877684415
MS,MS74594_CSF,GSM4104127_TGACGGCAGGACATTA-1,CSF,-0.16474378500559667
MS,MS74594_CSF,GSM4104127_TGACTAGGTGCAGACA-1,CSF,-0.07157349201915446
MS,MS74594_CSF,GSM4104127_TGAGCCGAGGGATCTG-1,CSF,-0.7223572660441783
MS,MS74594_CSF,GSM4104127_TGAGCCGGTTGGTGGA-1,CSF,-0.07157349201915446
MS,MS74594_CSF,GSM4104127_TGCCAAAAGAAGAAGC-1,CSF,-0.45627333949268706
MS,MS74594_CSF,GSM4104127_TGCGCAGTCGGCCGAT-1,CSF,-0.28613065444561886
MS,MS74594_CSF,GSM4104127_TGGCCAGAGAAGGCCT-1,CSF,0.1204685388597515
MS,MS74594_CSF,GSM4104127_TGGTTAGTCATCTGTT-1,CSF,0.00522562760482294
MS,MS74594_CSF,GSM4104127_TGTCCCAAGGGATCTG-1,CSF,-0.07157349201915446
MS,MS74594_CSF,GSM4104127_TGTTCCGAGGCGTACA-1,CSF,-0.07157349201915446
MS,MS74594_CSF,GSM4104127_TTATGCTAGCCAGGAT-1,CSF,0.022862062150764823
MS,MS74594_CSF,GSM4104127_TTCCCAGAGGCTAGAC-1,CSF,-0.17485321349134095
MS,MS74594_CSF,GSM4104127_TTCGGTCGTCCTGCTT-1,CSF,0.17293689492577316
MS,MS74594_CSF,GSM4104127_TTGCGTCGTAATAGCA-1,CSF,0.03602226605436714
MS,MS74594_CSF,GSM4104127_TTTGCGCTCAATCACG-1,CSF,-0.17166905854119538
MS,MS74594_CSF,GSM4104127_TTTGGTTTCACCTTAT-1,CSF,-0.07157349201915446
HC,PST45044_CSF,GSM4104132_AAACGGGAGATGTCGG-1,CSF,-0.017601904097198473
HC,PST45044_CSF,GSM4104132_AAAGATGAGCTGGAAC-1,CSF,-0.28911723196578965
HC,PST45044_CSF,GSM4104132_AAAGTAGCAAGCGAGT-1,CSF,-0.07157349201915446
HC,PST45044_CSF,GSM4104132_AAATGCCAGGTAGCTG-1,CSF,-0.1988187497513762
HC,PST45044_CSF,GSM4104132_AAATGCCCATCATCCC-1,CSF,-0.45460300494517586
HC,PST45044_CSF,GSM4104132_AAATGCCCATGACGGA-1,CSF,-0.8356961370767204
HC,PST45044_CSF,GSM4104132_AAATGCCTCTCAAGTG-1,CSF,0.1332452747624398
HC,PST45044_CSF,GSM4104132_AACACGTCACGAAACG-1,CSF,-0.18131669773591624
HC,PST45044_CSF,GSM4104132_AACCGCGAGTCCGTAT-1,CSF,-0.44002420555696425
HC,PST45044_CSF,GSM4104132_AACCGCGTCCCACTTG-1,CSF,-0.7463464684642398
HC,PST45044_CSF,GSM4104132_AACGTTGGTACTCGCG-1,CSF,-0.48024991189587196
HC,PST45044_CSF,GSM4104132_AACTCAGAGCTGTTCA-1,CSF,-0.5524355627802027
HC,PST45044_CSF,GSM4104132_AACTCTTTCCCAAGAT-1,CSF,-0.17232892529584506
HC,PST45044_CSF,GSM4104132_AACTGGTCACCAGATT-1,CSF,-0.183224824622483
HC,PST45044_CSF,GSM4104132_AACTGGTGTCATGCCG-1,CSF,-0.4121604356435013
HC,PST45044_CSF,GSM4104132_AAGACCTTCATAGCAC-1,CSF,0.20192919571442255
HC,PST45044_CSF,GSM4104132_AAGACCTTCCTTGACC-1,CSF,-0.38662185632621815
HC,PST45044_CSF,GSM4104132_AAGGAGCTCCTTGCCA-1,CSF,-0.8255238847024301
HC,PST45044_CSF,GSM4104132_AAGGAGCTCGCCTGAG-1,CSF,-0.07157349201915446
HC,PST45044_CSF,GSM4104132_AAGGCAGAGAGCCCAA-1,CSF,-0.415115615346981
HC,PST45044_CSF,GSM4104132_AAGGTTCAGTACGCGA-1,CSF,-0.07157349201915446
HC,PST45044_CSF,GSM4104132_AAGGTTCTCGAATGCT-1,CSF,-0.4680965187807621
HC,PST45044_CSF,GSM4104132_AATCCAGCAGCAGTTT-1,CSF,-0.07157349201915446
HC,PST45044_CSF,GSM4104132_AATCCAGTCTATGTGG-1,CSF,-0.07157349201915446
HC,PST45044_CSF,GSM4104132_AATCGGTCACAGCGTC-1,CSF,-0.20376638031021585
HC,PST45044_CSF,GSM4104132_AATCGGTCACCAACCG-1,CSF,-0.07157349201915446
HC,PST45044_CSF,GSM4104132_AATCGGTGTCGAATCT-1,CSF,0.14084272620492128
HC,PST45044_CSF,GSM4104132_AATCGGTTCAGCTCGG-1,CSF,-0.2285901050015561
HC,PST45044_CSF,GSM4104132_AATCGGTTCCGCAGTG-1,CSF,-0.07157349201915446
HC,PST45044_CSF,GSM4104132_ACACCAACACGACTCG-1,CSF,-0.17850615377954276
HC,PST45044_CSF,GSM4104132_ACACCAACATCACGTA-1,CSF,-0.25407472528624553
HC,PST45044_CSF,GSM4104132_ACACCGGCAGGCGATA-1,CSF,-0.4379008226576004
HC,PST45044_CSF,GSM4104132_ACACTGAGTTAGTGGG-1,CSF,-0.4356421103526015
HC,PST45044_CSF,GSM4104132_ACAGCTAGTAGCGTAG-1,CSF,0.03835434053479571
HC,PST45044_CSF,GSM4104132_ACAGCTAGTCCGAACC-1,CSF,-0.6854312783376381
HC,PST45044_CSF,GSM4104132_ACATACGAGTGGTCCC-1,CSF,0.04276030807461138
HC,PST45044_CSF,GSM4104132_ACATACGCATTAGGCT-1,CSF,-0.6853402935193771
HC,PST45044_CSF,GSM4104132_ACATACGTCTTCATGT-1,CSF,-0.5347233040085024
HC,PST45044_CSF,GSM4104132_ACATCAGAGAAGAAGC-1,CSF,-0.07157349201915446
HC,PST45044_CSF,GSM4104132_ACATCAGAGTGTGAAT-1,CSF,-0.4590936569818022
HC,PST45044_CSF,GSM4104132_ACATCAGCATCACCCT-1,CSF,0.10693270955042562
HC,PST45044_CSF,GSM4104132_ACATGGTCAAGCGAGT-1,CSF,0.0035859287232596466
HC,PST45044_CSF,GSM4104132_ACATGGTGTATAGGGC-1,CSF,-0.4236658605984887
HC,PST45044_CSF,GSM4104132_ACCAGTAGTTGGTAAA-1,CSF,-0.5398870626769973
HC,PST45044_CSF,GSM4104132_ACCCACTAGGCTACGA-1,CSF,-0.3295893563765912
HC,PST45044_CSF,GSM4104132_ACCCACTCATAGAAAC-1,CSF,-0.25518628211563577
HC,PST45044_CSF,GSM4104132_ACCCACTTCCACGACG-1,CSF,-0.07157349201915446
HC,PST45044_CSF,GSM4104132_ACCGTAAAGGCGCTCT-1,CSF,-0.2554797030627234
HC,PST45044_CSF,GSM4104132_ACCGTAACACGACTCG-1,CSF,0.008658906713151822
HC,PST45044_CSF,GSM4104132_ACCTTTAAGGGTATCG-1,CSF,-0.2304925145724843
HC,PST45044_CSF,GSM4104132_ACCTTTAAGTGTGAAT-1,CSF,-0.1956464388980726
HC,PST45044_CSF,GSM4104132_ACGAGCCAGTATGACA-1,CSF,-0.6901475005034109
HC,PST45044_CSF,GSM4104132_ACGAGCCCAAACTGCT-1,CSF,-1.1229463987038706
HC,PST45044_CSF,GSM4104132_ACGAGCCGTAAGAGGA-1,CSF,-0.7616392261079493
HC,PST45044_CSF,GSM4104132_ACGATGTAGGTCATCT-1,CSF,-0.8335271953791498
HC,PST45044_CSF,GSM4104132_ACGATGTTCCACGTGG-1,CSF,-0.5427377910208299
HC,PST45044_CSF,GSM4104132_ACGCAGCAGATGGGTC-1,CSF,-0.6147842311959172
HC,PST45044_CSF,GSM4104132_ACGCAGCGTCCAGTGC-1,CSF,-0.05253175342476298
HC,PST45044_CSF,GSM4104132_ACGCCAGTCGAGCCCA-1,CSF,0.02534915851451886
HC,PST45044_CSF,GSM4104132_ACGCCGAAGCTGCGAA-1,CSF,-0.6822346029713017
HC,PST45044_CSF,GSM4104132_ACGCCGACAATGAAAC-1,CSF,0.27197140368549283
HC,PST45044_CSF,GSM4104132_ACGCCGATCTGAGTGT-1,CSF,-0.07157349201915446
HC,PST45044_CSF,GSM4104132_ACGGAGACATTACCTT-1,CSF,-0.16957980000775624
HC,PST45044_CSF,GSM4104132_ACGGCCAAGGTTCCTA-1,CSF,0.09348411186062269
HC,PST45044_CSF,GSM4104132_ACGGCCACATGTAGTC-1,CSF,-0.24040089453302155
HC,PST45044_CSF,GSM4104132_ACGGGCTAGATGCCTT-1,CSF,-0.2543412359180733
HC,PST45044_CSF,GSM4104132_ACGGGCTCATTTCACT-1,CSF,-0.44646893511585656
HC,PST45044_CSF,GSM4104132_ACGGGCTTCAGCTGGC-1,CSF,-0.07157349201915446
HC,PST45044_CSF,GSM4104132_ACGGGTCAGCTAGGCA-1,CSF,-0.6698979713672693
HC,PST45044_CSF,GSM4104132_ACGGGTCCAGTAAGAT-1,CSF,-0.3989837127928465
HC,PST45044_CSF,GSM4104132_ACGTCAAAGATATGCA-1,CSF,-0.4332440641431815
HC,PST45044_CSF,GSM4104132_ACGTCAAAGGACTGGT-1,CSF,-0.6337749966471599
HC,PST45044_CSF,GSM4104132_ACGTCAAGTAAGTGGC-1,CSF,-0.1666446922871382
HC,PST45044_CSF,GSM4104132_ACTATCTAGGTAAACT-1,CSF,-0.21691395012173292
HC,PST45044_CSF,GSM4104132_ACTATCTCAATGAATG-1,CSF,-0.38857230132914794
HC,PST45044_CSF,GSM4104132_ACTATCTCATCGACGC-1,CSF,-0.38880420620547884
HC,PST45044_CSF,GSM4104132_ACTATCTGTCAACTGT-1,CSF,-0.07157349201915446
HC,PST45044_CSF,GSM4104132_ACTATCTGTGTTTGTG-1,CSF,-0.3088091859336584
HC,PST45044_CSF,GSM4104132_ACTGAGTAGGTGCACA-1,CSF,-0.3023504187430469
HC,PST45044_CSF,GSM4104132_ACTGATGGTCCTAGCG-1,CSF,-0.7552103421205647
HC,PST45044_CSF,GSM4104132_ACTGATGTCACAATGC-1,CSF,-0.750958431119314
HC,PST45044_CSF,GSM4104132_ACTGATGTCGTCACGG-1,CSF,-0.4871477394033007
HC,PST45044_CSF,GSM4104132_ACTGCTCCACCATCCT-1,CSF,-0.7839265459890993
HC,PST45044_CSF,GSM4104132_ACTGCTCTCTTCATGT-1,CSF,-0.021196297515286337
HC,PST45044_CSF,GSM4104132_ACTTACTGTCCTGCTT-1,CSF,-0.8374785508603654
HC,PST45044_CSF,GSM4104132_ACTTACTTCGCGGATC-1,CSF,-0.21182497331566585
HC,PST45044_CSF,GSM4104132_ACTTGTTTCCACGACG-1,CSF,-0.07157349201915446
HC,PST45044_CSF,GSM4104132_ACTTTCAAGTATCTCG-1,CSF,-0.07157349201915446
HC,PST45044_CSF,GSM4104132_ACTTTCAGTTCAGTAC-1,CSF,-0.07157349201915446
HC,PST45044_CSF,GSM4104132_ACTTTCATCGTTTGCC-1,CSF,-0.4149435779952295
HC,PST45044_CSF,GSM4104132_AGACGTTCAGACGCAA-1,CSF,-0.2712527794070004
HC,PST45044_CSF,GSM4104132_AGACGTTGTTCACGGC-1,CSF,-0.6511581318865584
HC,PST45044_CSF,GSM4104132_AGAGCGATCGTGACAT-1,CSF,-0.2599234992828671
HC,PST45044_CSF,GSM4104132_AGAGTGGAGTTACGGG-1,CSF,-0.6432834474316904
HC,PST45044_CSF,GSM4104132_AGAGTGGCAGATGGCA-1,CSF,-0.07157349201915446
HC,PST45044_CSF,GSM4104132_AGATCTGCACTTCGAA-1,CSF,-0.44051652192563967
HC,PST45044_CSF,GSM4104132_AGCAGCCGTCAGAAGC-1,CSF,-0.33070675386765813
HC,PST45044_CSF,GSM4104132_AGCAGCCGTTATGCGT-1,CSF,-0.4467927784188098
HC,PST45044_CSF,GSM4104132_AGCAGCCTCTCTGTCG-1,CSF,0.39818173956749975
HC,PST45044_CSF,GSM4104132_AGCATACAGCGTCAAG-1,CSF,-0.07157349201915446
HC,PST45044_CSF,GSM4104132_AGCATACCAGATGGCA-1,CSF,-0.25553909567834304
HC,PST45044_CSF,GSM4104132_AGCCTAATCCAGAGGA-1,CSF,-0.6491500962044264
HC,PST45044_CSF,GSM4104132_AGCGGTCGTGCGCTTG-1,CSF,-0.14008839940551737
HC,PST45044_CSF,GSM4104132_AGCGGTCTCCTAGTGA-1,CSF,-0.743044521037655
HC,PST45044_CSF,GSM4104132_AGCGTATAGGGAACGG-1,CSF,0.9810532552876754
HC,PST45044_CSF,GSM4104132_AGCGTATAGTACGACG-1,CSF,-0.7273605518363648
HC,PST45044_CSF,GSM4104132_AGCGTATAGTCAAGGC-1,CSF,-0.2093413465068706
HC,PST45044_CSF,GSM4104132_AGCGTCGTCACTATTC-1,CSF,-0.07157349201915446
HC,PST45044_CSF,GSM4104132_AGCTCCTGTAAGTAGT-1,CSF,-0.46530398828533154
HC,PST45044_CSF,GSM4104132_AGCTCCTTCTGTCTAT-1,CSF,-0.5524041585945545
HC,PST45044_CSF,GSM4104132_AGCTCTCCACGAGGTA-1,CSF,-0.07157349201915446
HC,PST45044_CSF,GSM4104132_AGGCCACGTGTGGCTC-1,CSF,0.11836350862810563
HC,PST45044_CSF,GSM4104132_AGGCCGTAGGCCATAG-1,CSF,-0.6642063533744225
HC,PST45044_CSF,GSM4104132_AGGCCGTGTAAATGTG-1,CSF,-0.31403253301466033
HC,PST45044_CSF,GSM4104132_AGGCCGTGTGTGCCTG-1,CSF,-0.3592890772092785
HC,PST45044_CSF,GSM4104132_AGGCCGTGTTCGGCAC-1,CSF,0.13978516698195803
HC,PST45044_CSF,GSM4104132_AGGGAGTGTTTGACTG-1,CSF,-0.2045331751696598
HC,PST45044_CSF,GSM4104132_AGGGAGTTCTACGAGT-1,CSF,0.1585170330879584
HC,PST45044_CSF,GSM4104132_AGGGATGGTACCGCTG-1,CSF,-0.4806488602658453
HC,PST45044_CSF,GSM4104132_AGGTCATAGTCATGCT-1,CSF,-0.07157349201915446
HC,PST45044_CSF,GSM4104132_AGGTCCGAGTGCCAGA-1,CSF,-0.07157349201915446
HC,PST45044_CSF,GSM4104132_AGGTCCGCACATCCAA-1,CSF,0.06491610900805309
HC,PST45044_CSF,GSM4104132_AGGTCCGGTAAGTGGC-1,CSF,-0.135673588548549
HC,PST45044_CSF,GSM4104132_AGTAGTCCACCTCGGA-1,CSF,-0.2009945605280934
HC,PST45044_CSF,GSM4104132_AGTCTTTAGTTTAGGA-1,CSF,-0.9407683822794951
HC,PST45044_CSF,GSM4104132_AGTCTTTCATACTACG-1,CSF,-0.4760250912750615
HC,PST45044_CSF,GSM4104132_AGTGAGGAGTCGTTTG-1,CSF,-0.3482877820984069
HC,PST45044_CSF,GSM4104132_AGTGGGAAGTACGATA-1,CSF,-0.07157349201915446
HC,PST45044_CSF,GSM4104132_AGTGTCACACTGTTAG-1,CSF,-0.6749117961769217
HC,PST45044_CSF,GSM4104132_AGTGTCAGTGTGCCTG-1,CSF,0.2700301188471101
HC,PST45044_CSF,GSM4104132_AGTTGGTAGTACATGA-1,CSF,-0.05757490554988842
HC,PST45044_CSF,GSM4104132_ATAGACCTCGCTTGTC-1,CSF,-0.5841037017270486
HC,PST45044_CSF,GSM4104132_ATCACGACAAGACACG-1,CSF,0.09516568143093258
HC,PST45044_CSF,GSM4104132_ATCACGAGTACTCAAC-1,CSF,-0.5436211256080216
HC,PST45044_CSF,GSM4104132_ATCACGATCTCTAGGA-1,CSF,-0.20599351216079143
HC,PST45044_CSF,GSM4104132_ATCATCTAGATGTAAC-1,CSF,-0.1803640609671259
HC,PST45044_CSF,GSM4104132_ATCATCTAGGCTACGA-1,CSF,-0.39788161507650444
HC,PST45044_CSF,GSM4104132_ATCATCTTCTGCTGCT-1,CSF,-0.27925115464233313
HC,PST45044_CSF,GSM4104132_ATCATGGTCAAACAAG-1,CSF,-0.5057835620515998
HC,PST45044_CSF,GSM4104132_ATCATGGTCTCTAAGG-1,CSF,-0.20179677726699102
HC,PST45044_CSF,GSM4104132_ATCCACCAGAGTCGGT-1,CSF,-0.5356523954739498
HC,PST45044_CSF,GSM4104132_ATCCACCCACATCCAA-1,CSF,0.1921436663400284
HC,PST45044_CSF,GSM4104132_ATCCACCCATTGAGCT-1,CSF,-0.6220911606850061
HC,PST45044_CSF,GSM4104132_ATCCACCTCAGGTAAA-1,CSF,-0.3900240408243416
HC,PST45044_CSF,GSM4104132_ATCCGAAAGCCGGTAA-1,CSF,-0.07157349201915446
HC,PST45044_CSF,GSM4104132_ATCTACTAGGTGCACA-1,CSF,-0.07408716947035442
HC,PST45044_CSF,GSM4104132_ATCTACTGTAGGCATG-1,CSF,-0.06466481651989645
HC,PST45044_CSF,GSM4104132_ATCTGCCGTGTAATGA-1,CSF,0.22258682034571228
HC,PST45044_CSF,GSM4104132_ATCTGCCTCATCTGCC-1,CSF,-0.8217726270228108
HC,PST45044_CSF,GSM4104132_ATGAGGGAGTCAAGGC-1,CSF,-0.563593433433927
HC,PST45044_CSF,GSM4104132_ATGAGGGCAATGAATG-1,CSF,-0.5039456213667862
HC,PST45044_CSF,GSM4104132_ATGAGGGCACGTCAGC-1,CSF,-0.41703932229787277
HC,PST45044_CSF,GSM4104132_ATGCGATTCTTTACAC-1,CSF,-0.6420503394682134
HC,PST45044_CSF,GSM4104132_ATGTGTGCACACCGAC-1,CSF,-0.45584356966033157
HC,PST45044_CSF,GSM4104132_ATGTGTGCAGACGCCT-1,CSF,-0.6743526394867569
HC,PST45044_CSF,GSM4104132_ATGTGTGTCGGTTCGG-1,CSF,0.5605263294232863
HC,PST45044_CSF,GSM4104132_ATTACTCCACCGAATT-1,CSF,-0.07157349201915446
HC,PST45044_CSF,GSM4104132_ATTATCCGTGGTTTCA-1,CSF,0.09893416945808227
HC,PST45044_CSF,GSM4104132_ATTCTACTCTCGCATC-1,CSF,-0.07157349201915446
HC,PST45044_CSF,GSM4104132_ATTGGACCAGTCTTCC-1,CSF,-0.07157349201915446
HC,PST45044_CSF,GSM4104132_ATTGGACTCAAGCCTA-1,CSF,-0.07157349201915446
HC,PST45044_CSF,GSM4104132_CAACCAAGTCCCGACA-1,CSF,0.0457510203839551
HC,PST45044_CSF,GSM4104132_CAACCTCCAATCCAAC-1,CSF,0.4112551615228371
HC,PST45044_CSF,GSM4104132_CAACCTCGTGCAGTAG-1,CSF,-0.01424734880308644
HC,PST45044_CSF,GSM4104132_CAACTAGAGATGAGAG-1,CSF,-1.007700259920861
HC,PST45044_CSF,GSM4104132_CAACTAGAGCGCCTTG-1,CSF,-0.46158089940789937
HC,PST45044_CSF,GSM4104132_CAACTAGCAGACGCAA-1,CSF,0.09583407141382319
HC,PST45044_CSF,GSM4104132_CAACTAGTCTTTAGGG-1,CSF,-0.6741214042684832
HC,PST45044_CSF,GSM4104132_CAAGAAATCAAGAAGT-1,CSF,-0.4465498237898422
HC,PST45044_CSF,GSM4104132_CAAGAAATCGCGTAGC-1,CSF,-0.40836546334942575
HC,PST45044_CSF,GSM4104132_CAAGATCGTACCGGCT-1,CSF,-0.07157349201915446
HC,PST45044_CSF,GSM4104132_CAAGGCCAGTGAAGTT-1,CSF,-0.5118594174640813
HC,PST45044_CSF,GSM4104132_CAAGGCCCACCCAGTG-1,CSF,-0.28933528250404766
HC,PST45044_CSF,GSM4104132_CAAGGCCGTGTATGGG-1,CSF,-0.3472306531740678
HC,PST45044_CSF,GSM4104132_CAAGGCCTCCCTCTTT-1,CSF,-0.788223681362937
HC,PST45044_CSF,GSM4104132_CAAGGCCTCGCGTTTC-1,CSF,-0.2632459842466296
HC,PST45044_CSF,GSM4104132_CAAGTTGCAGGCTGAA-1,CSF,0.06504955699062707
HC,PST45044_CSF,GSM4104132_CAAGTTGGTCAGAAGC-1,CSF,0.1044274507956452
HC,PST45044_CSF,GSM4104132_CACAAACAGACGCAAC-1,CSF,-0.16949327329803282
HC,PST45044_CSF,GSM4104132_CACAAACCATAGACTC-1,CSF,-0.015949928172844702
HC,PST45044_CSF,GSM4104132_CACACAACAGGTGGAT-1,CSF,-0.16523708160169367
HC,PST45044_CSF,GSM4104132_CACACCTAGATCTGAA-1,CSF,-0.18489930617109135
HC,PST45044_CSF,GSM4104132_CACACCTAGGCTCATT-1,CSF,0.27036991440901925
HC,PST45044_CSF,GSM4104132_CACACTCCAGCTTAAC-1,CSF,-0.9387905280897272
HC,PST45044_CSF,GSM4104132_CACACTCGTGTCCTCT-1,CSF,-0.3315414567945479
HC,PST45044_CSF,GSM4104132_CACACTCTCAATACCG-1,CSF,-0.40841340173212776
HC,PST45044_CSF,GSM4104132_CACAGGCCACAAGCCC-1,CSF,0.26580194539290386
HC,PST45044_CSF,GSM4104132_CACAGGCGTGTCGCTG-1,CSF,-0.024648850045816163
HC,PST45044_CSF,GSM4104132_CACAGGCTCTAACTGG-1,CSF,-0.2889885420990052
HC,PST45044_CSF,GSM4104132_CACATAGCACGTTGGC-1,CSF,-0.21227581183579552
HC,PST45044_CSF,GSM4104132_CACCACTTCACCTTAT-1,CSF,-0.2989277563121217
HC,PST45044_CSF,GSM4104132_CACCAGGAGTTAGCGG-1,CSF,-0.161985023842111
HC,PST45044_CSF,GSM4104132_CACCAGGCACCAGATT-1,CSF,-0.07157349201915446
HC,PST45044_CSF,GSM4104132_CACCAGGTCTACCTGC-1,CSF,-0.07157349201915446
HC,PST45044_CSF,GSM4104132_CACCTTGAGGTAGCCA-1,CSF,-0.21665874998426973
HC,PST45044_CSF,GSM4104132_CACCTTGTCTCGCATC-1,CSF,-1.0463159521838397
HC,PST45044_CSF,GSM4104132_CACCTTGTCTTACCGC-1,CSF,-0.8645151969384017
HC,PST45044_CSF,GSM4104132_CACTCCATCTTTACAC-1,CSF,-0.22036996724388205
HC,PST45044_CSF,GSM4104132_CAGAATCTCGGTTAAC-1,CSF,-0.3144390368083479
HC,PST45044_CSF,GSM4104132_CAGAGAGCACGGCTAC-1,CSF,0.059097107888087475
HC,PST45044_CSF,GSM4104132_CAGAGAGTCACCCTCA-1,CSF,0.012675011720303966
HC,PST45044_CSF,GSM4104132_CAGATCATCTTGCAAG-1,CSF,-0.7077296341988608
HC,PST45044_CSF,GSM4104132_CAGCAGCCAAACTGCT-1,CSF,-0.796790283516947
HC,PST45044_CSF,GSM4104132_CAGCATAAGGTCGGAT-1,CSF,-0.628471399724002
HC,PST45044_CSF,GSM4104132_CAGCATACAATGGAGC-1,CSF,-0.3008162966672336
HC,PST45044_CSF,GSM4104132_CAGCATACATATGCTG-1,CSF,-0.18488161028741987
HC,PST45044_CSF,GSM4104132_CAGCCGACAATAGCGG-1,CSF,0.45792626336869324
HC,PST45044_CSF,GSM4104132_CAGCCGAGTCTACCTC-1,CSF,-0.18557647735197455
HC,PST45044_CSF,GSM4104132_CAGCGACCATCCAACA-1,CSF,-0.1736712930749568
HC,PST45044_CSF,GSM4104132_CAGCGACGTCTGATCA-1,CSF,-0.5287536154694054
HC,PST45044_CSF,GSM4104132_CAGCTAAGTGCGGTAA-1,CSF,-0.5719130413399162
HC,PST45044_CSF,GSM4104132_CAGTAACCAAAGCGGT-1,CSF,-0.15043670320667824
HC,PST45044_CSF,GSM4104132_CAGTCCTGTTCTGAAC-1,CSF,-0.19670528108100246
HC,PST45044_CSF,GSM4104132_CATATGGAGATAGTCA-1,CSF,-0.28097929225679247
HC,PST45044_CSF,GSM4104132_CATATGGTCACAATGC-1,CSF,-0.9658132063069262
HC,PST45044_CSF,GSM4104132_CATATTCAGGCACATG-1,CSF,-0.18994836435585297
HC,PST45044_CSF,GSM4104132_CATATTCAGTAGCGGT-1,CSF,-0.40748569330876855
HC,PST45044_CSF,GSM4104132_CATATTCTCCAGATCA-1,CSF,-0.07157349201915446
HC,PST45044_CSF,GSM4104132_CATCCACCACGAAACG-1,CSF,-0.760875817683669
HC,PST45044_CSF,GSM4104132_CATGCCTAGCCGGTAA-1,CSF,-0.8548641159889712
HC,PST45044_CSF,GSM4104132_CATGCCTAGTGAATTG-1,CSF,-0.07157349201915446
HC,PST45044_CSF,GSM4104132_CATGCCTCACGAAATA-1,CSF,0.24156565171370753
HC,PST45044_CSF,GSM4104132_CCAATCCGTCGATTGT-1,CSF,-0.07157349201915446
HC,PST45044_CSF,GSM4104132_CCACTACAGCTCCTCT-1,CSF,-0.5131969952247768
HC,PST45044_CSF,GSM4104132_CCACTACAGTGGTCCC-1,CSF,-0.07157349201915446
HC,PST45044_CSF,GSM4104132_CCACTACCATGCCTAA-1,CSF,-0.025148680926580718
HC,PST45044_CSF,GSM4104132_CCAGCGACACTAAGTC-1,CSF,-0.3282745977480756
HC,PST45044_CSF,GSM4104132_CCAGCGAGTGAGGGAG-1,CSF,-0.9864278756079518
HC,PST45044_CSF,GSM4104132_CCATGTCTCCGAATGT-1,CSF,-0.26367352101569214
HC,PST45044_CSF,GSM4104132_CCATTCGAGAGTACAT-1,CSF,-0.07157349201915446
HC,PST45044_CSF,GSM4104132_CCATTCGGTACTCAAC-1,CSF,-0.17853717929084656
HC,PST45044_CSF,GSM4104132_CCATTCGGTCGCGAAA-1,CSF,0.05171613016202113
HC,PST45044_CSF,GSM4104132_CCCAATCAGCGTAGTG-1,CSF,0.16174646145651414
HC,PST45044_CSF,GSM4104132_CCCAGTTAGCGTGAAC-1,CSF,-0.23200930729567262
HC,PST45044_CSF,GSM4104132_CCCAGTTCAGGGATTG-1,CSF,-0.2867603557758674
HC,PST45044_CSF,GSM4104132_CCCAGTTCATGGTCTA-1,CSF,-0.053957608080282715
HC,PST45044_CSF,GSM4104132_CCCAGTTGTGTTCGAT-1,CSF,-0.20956612337524236
HC,PST45044_CSF,GSM4104132_CCCATACGTTCCTCCA-1,CSF,-0.7578978822736356
HC,PST45044_CSF,GSM4104132_CCCATACTCTTCGGTC-1,CSF,-0.8717646109568237
HC,PST45044_CSF,GSM4104132_CCCTCCTGTCCTGCTT-1,CSF,0.24979301375873783
HC,PST45044_CSF,GSM4104132_CCCTCCTTCAGTGTTG-1,CSF,-0.4405779858088981
HC,PST45044_CSF,GSM4104132_CCGGGATAGTGCCAGA-1,CSF,-0.20039459679882743
HC,PST45044_CSF,GSM4104132_CCGGGATGTCCGAATT-1,CSF,-0.350612519181618
HC,PST45044_CSF,GSM4104132_CCGGGATGTGTTGGGA-1,CSF,-0.5435233833378705
HC,PST45044_CSF,GSM4104132_CCGGTAGAGGTGTTAA-1,CSF,-0.6404810688153236
HC,PST45044_CSF,GSM4104132_CCGGTAGCAGGCGATA-1,CSF,-0.45571673964832804
HC,PST45044_CSF,GSM4104132_CCGGTAGTCTCCTATA-1,CSF,0.421895938326911
HC,PST45044_CSF,GSM4104132_CCGTACTCAGCTGTTA-1,CSF,0.16203536038467475
HC,PST45044_CSF,GSM4104132_CCGTACTCAGGAATCG-1,CSF,-0.2605872705745266
HC,PST45044_CSF,GSM4104132_CCGTGGAAGAATGTTG-1,CSF,-0.28971873012062066
HC,PST45044_CSF,GSM4104132_CCGTGGAAGTTGTAGA-1,CSF,-0.19774020421073382
HC,PST45044_CSF,GSM4104132_CCGTTCACAAAGGAAG-1,CSF,-0.07157349201915446
HC,PST45044_CSF,GSM4104132_CCTAAAGCAATCTGCA-1,CSF,-0.20875551539485332
HC,PST45044_CSF,GSM4104132_CCTACACTCGCAAACT-1,CSF,-0.311908328118629
HC,PST45044_CSF,GSM4104132_CCTACCAGTCGTCTTC-1,CSF,0.3146871057449464
HC,PST45044_CSF,GSM4104132_CCTACCATCATCACCC-1,CSF,0.24943068514113165
HC,PST45044_CSF,GSM4104132_CCTACCATCTGAGTGT-1,CSF,-0.21971668540571615
HC,PST45044_CSF,GSM4104132_CCTAGCTAGCGGATCA-1,CSF,0.45429106116160717
HC,PST45044_CSF,GSM4104132_CCTAGCTCAATGTAAG-1,CSF,-0.25787667235167877
HC,PST45044_CSF,GSM4104132_CCTATTAAGTGAATTG-1,CSF,-0.5317009763201942
HC,PST45044_CSF,GSM4104132_CCTATTAGTCTAACGT-1,CSF,-0.07157349201915446
HC,PST45044_CSF,GSM4104132_CCTCAGTAGCTATGCT-1,CSF,-0.5300871210922465
HC,PST45044_CSF,GSM4104132_CCTCAGTGTAGCGTAG-1,CSF,-0.2558641458750631
HC,PST45044_CSF,GSM4104132_CCTCTGAAGATCCTGT-1,CSF,-0.07157349201915446
HC,PST45044_CSF,GSM4104132_CCTCTGAAGTACGTAA-1,CSF,-0.07157349201915446
HC,PST45044_CSF,GSM4104132_CCTCTGAGTATGAATG-1,CSF,-0.07157349201915446
HC,PST45044_CSF,GSM4104132_CCTCTGATCCTAGAAC-1,CSF,-0.07157349201915446
HC,PST45044_CSF,GSM4104132_CCTTACGCAAGCCCAC-1,CSF,-0.28165738293052534
HC,PST45044_CSF,GSM4104132_CCTTCGACAGTCCTTC-1,CSF,0.21376057143232785
HC,PST45044_CSF,GSM4104132_CCTTCGAGTCGATTGT-1,CSF,-0.8312412321494123
HC,PST45044_CSF,GSM4104132_CCTTCGATCTAAGCCA-1,CSF,-0.07157349201915446
HC,PST45044_CSF,GSM4104132_CCTTTCTAGAATAGGG-1,CSF,-0.07157349201915446
HC,PST45044_CSF,GSM4104132_CCTTTCTCAGTGAGTG-1,CSF,-0.3516509170415709
HC,PST45044_CSF,GSM4104132_CCTTTCTCATCTCGCT-1,CSF,-0.41331890418426137
HC,PST45044_CSF,GSM4104132_CGAACATCACTAGTAC-1,CSF,0.01993406138157375
HC,PST45044_CSF,GSM4104132_CGAACATGTCGGGTCT-1,CSF,-0.506276546141405
HC,PST45044_CSF,GSM4104132_CGAATGTCAAGAGTCG-1,CSF,-0.07157349201915446
HC,PST45044_CSF,GSM4104132_CGACTTCAGGCCGAAT-1,CSF,-0.1972202282846318
HC,PST45044_CSF,GSM4104132_CGACTTCCACCAGTTA-1,CSF,0.2065574071282304
HC,PST45044_CSF,GSM4104132_CGAGAAGCAGGGATTG-1,CSF,0.046143164074000556
HC,PST45044_CSF,GSM4104132_CGAGAAGGTAGCGTCC-1,CSF,-0.2644421226017731
HC,PST45044_CSF,GSM4104132_CGAGAAGTCCTTGGTC-1,CSF,0.07504998623891908
HC,PST45044_CSF,GSM4104132_CGAGCACAGCTCCTTC-1,CSF,-0.07157349201915446
HC,PST45044_CSF,GSM4104132_CGAGCACTCAAAGACA-1,CSF,-0.07157349201915446
HC,PST45044_CSF,GSM4104132_CGAGCACTCAATCTCT-1,CSF,-0.9500385441849277
HC,PST45044_CSF,GSM4104132_CGAGCCAAGGAGTACC-1,CSF,-0.6501534863488531
HC,PST45044_CSF,GSM4104132_CGAGCCACACGCCAGT-1,CSF,-0.45178410872749325
HC,PST45044_CSF,GSM4104132_CGATCGGGTTGGTAAA-1,CSF,-0.20346260933833044
HC,PST45044_CSF,GSM4104132_CGATGGCCAATGAATG-1,CSF,-1.0717384050551952
HC,PST45044_CSF,GSM4104132_CGATGGCCAGCATGAG-1,CSF,-0.7911553848641282
HC,PST45044_CSF,GSM4104132_CGATGTAAGTCGTACT-1,CSF,-0.5122810279753013
HC,PST45044_CSF,GSM4104132_CGATGTACATCAGTCA-1,CSF,-0.27517973990179984
HC,PST45044_CSF,GSM4104132_CGATGTATCAACCAAC-1,CSF,-0.3905642058309973
HC,PST45044_CSF,GSM4104132_CGATTGACACAGGTTT-1,CSF,-0.6234733938471226
HC,PST45044_CSF,GSM4104132_CGCCAAGTCATACGGT-1,CSF,-0.4064865936044263
HC,PST45044_CSF,GSM4104132_CGCGGTAAGGGTCTCC-1,CSF,-0.07157349201915446
HC,PST45044_CSF,GSM4104132_CGCGGTAGTCTCATCC-1,CSF,0.09458240776284252
HC,PST45044_CSF,GSM4104132_CGCTATCGTCGACTGC-1,CSF,-0.5877592491648338
HC,PST45044_CSF,GSM4104132_CGCTATCTCAAAGTAG-1,CSF,-0.5730446030955549
HC,PST45044_CSF,GSM4104132_CGCTGGAAGCACAGGT-1,CSF,-0.3844062702270677
HC,PST45044_CSF,GSM4104132_CGCTGGAAGTTCCACA-1,CSF,-0.4563220571705435
HC,PST45044_CSF,GSM4104132_CGCTGGAGTCGGCTCA-1,CSF,-0.22350066316031553
HC,PST45044_CSF,GSM4104132_CGCTGGATCTATGTGG-1,CSF,0.21680197379554422
HC,PST45044_CSF,GSM4104132_CGGACTGAGTTTAGGA-1,CSF,-0.22942113571416828
HC,PST45044_CSF,GSM4104132_CGGCTAGTCTCAAACG-1,CSF,-0.07157349201915446
HC,PST45044_CSF,GSM4104132_CGGGTCACACAGGTTT-1,CSF,-0.19069087881677096
HC,PST45044_CSF,GSM4104132_CGGGTCATCAGCTCGG-1,CSF,0.021863176862719973
HC,PST45044_CSF,GSM4104132_CGGGTCATCATGCTCC-1,CSF,-0.699640443882061
HC,PST45044_CSF,GSM4104132_CGGTTAACAACTGGCC-1,CSF,-0.36612836505850244
HC,PST45044_CSF,GSM4104132_CGGTTAAGTTCAGACT-1,CSF,-0.0164695459664875
HC,PST45044_CSF,GSM4104132_CGTAGCGCAGTGGAGT-1,CSF,-0.3249902338082523
HC,PST45044_CSF,GSM4104132_CGTAGCGTCCGTAGTA-1,CSF,-0.07157349201915446
HC,PST45044_CSF,GSM4104132_CGTCACTAGGGATCTG-1,CSF,-0.2916419606198942
HC,PST45044_CSF,GSM4104132_CGTCTACCACCAACCG-1,CSF,-0.22331990447789332
HC,PST45044_CSF,GSM4104132_CGTCTACTCTCTGCTG-1,CSF,-0.07157349201915446
HC,PST45044_CSF,GSM4104132_CGTGTAACAGACAAAT-1,CSF,-0.2690270327135131
HC,PST45044_CSF,GSM4104132_CGTGTAATCCCGACTT-1,CSF,-0.2520265411703074
HC,PST45044_CSF,GSM4104132_CGTTAGAGTGGTCTCG-1,CSF,0.1592778639514935
HC,PST45044_CSF,GSM4104132_CGTTCTGAGCGATAGC-1,CSF,-0.4485408584289131
HC,PST45044_CSF,GSM4104132_CGTTCTGTCTGCAGTA-1,CSF,-0.3271040280028578
HC,PST45044_CSF,GSM4104132_CGTTGGGTCGGCGCTA-1,CSF,0.1682321912641445
HC,PST45044_CSF,GSM4104132_CTAACTTGTGTGTGCC-1,CSF,-0.07157349201915446
HC,PST45044_CSF,GSM4104132_CTAACTTTCTCGGACG-1,CSF,-0.42600921681267134
HC,PST45044_CSF,GSM4104132_CTAACTTTCTGGTATG-1,CSF,-0.07157349201915446
HC,PST45044_CSF,GSM4104132_CTAAGACCAAGTAGTA-1,CSF,-0.3118732130694462
HC,PST45044_CSF,GSM4104132_CTAATGGGTCAGAAGC-1,CSF,0.17189582505048412
HC,PST45044_CSF,GSM4104132_CTACATTAGGCGCTCT-1,CSF,-0.1916327153752207
HC,PST45044_CSF,GSM4104132_CTACCCACAGCCAATT-1,CSF,-0.6573449914719875
HC,PST45044_CSF,GSM4104132_CTACGTCCACCATCCT-1,CSF,-0.8009533684771116
HC,PST45044_CSF,GSM4104132_CTACGTCCACGGTAGA-1,CSF,-1.2571860909971826
HC,PST45044_CSF,GSM4104132_CTACGTCTCCCTGACT-1,CSF,0.030419698196816575
HC,PST45044_CSF,GSM4104132_CTAGAGTAGACTACAA-1,CSF,-0.4126741561224633
HC,PST45044_CSF,GSM4104132_CTAGAGTAGGAGCGAG-1,CSF,-0.07157349201915446
HC,PST45044_CSF,GSM4104132_CTAGAGTGTTGGACCC-1,CSF,-0.5294928725281707
HC,PST45044_CSF,GSM4104132_CTAGAGTTCAACACGT-1,CSF,0.18638666582876898
HC,PST45044_CSF,GSM4104132_CTAGCCTTCTGTGCAA-1,CSF,-0.16812455196331857
HC,PST45044_CSF,GSM4104132_CTCACACCATGTTGAC-1,CSF,-0.3451721466233165
HC,PST45044_CSF,GSM4104132_CTCACACGTGACTCAT-1,CSF,-0.07157349201915446
HC,PST45044_CSF,GSM4104132_CTCACACGTTTCCACC-1,CSF,-0.962080810932911
HC,PST45044_CSF,GSM4104132_CTCAGAAAGACCGGAT-1,CSF,-0.4629331206311153
HC,PST45044_CSF,GSM4104132_CTCAGAATCTGCAGTA-1,CSF,-0.9388152432636149
HC,PST45044_CSF,GSM4104132_CTCCTAGAGGCCCTCA-1,CSF,-0.5497096946674593
HC,PST45044_CSF,GSM4104132_CTCCTAGAGTCCAGGA-1,CSF,-0.20499839724129337
HC,PST45044_CSF,GSM4104132_CTCCTAGCATCCGGGT-1,CSF,-0.2590173656502367
HC,PST45044_CSF,GSM4104132_CTCCTAGTCCCTTGCA-1,CSF,-0.4394989781308368
HC,PST45044_CSF,GSM4104132_CTCCTAGTCGCGTTTC-1,CSF,-0.5480336600284584
HC,PST45044_CSF,GSM4104132_CTCGGGAAGCTACCTA-1,CSF,-0.07157349201915446
HC,PST45044_CSF,GSM4104132_CTCGGGACACCAGGTC-1,CSF,-0.2927170921857484
HC,PST45044_CSF,GSM4104132_CTCGTCAAGCCGGTAA-1,CSF,-0.6988438087440546
HC,PST45044_CSF,GSM4104132_CTCGTCAAGGTGGGTT-1,CSF,-0.42566229741590034
HC,PST45044_CSF,GSM4104132_CTCGTCAGTGCAGTAG-1,CSF,0.0017685337562343775
HC,PST45044_CSF,GSM4104132_CTCTACGAGCAGGCTA-1,CSF,-0.07157349201915446
HC,PST45044_CSF,GSM4104132_CTCTACGAGCATGGCA-1,CSF,-0.12256860092859741
HC,PST45044_CSF,GSM4104132_CTCTGGTCAAAGCGGT-1,CSF,-0.28874478919628144
HC,PST45044_CSF,GSM4104132_CTGAAACAGCCAGGAT-1,CSF,-0.7079973850984815
HC,PST45044_CSF,GSM4104132_CTGAAACCAAGTTGTC-1,CSF,-0.6166300922313714
HC,PST45044_CSF,GSM4104132_CTGAAACCATTACCTT-1,CSF,-0.4572582313710022
HC,PST45044_CSF,GSM4104132_CTGAAGTTCCACTCCA-1,CSF,-0.7460707543431945
HC,PST45044_CSF,GSM4104132_CTGATAGCACACAGAG-1,CSF,0.6055148118915042
HC,PST45044_CSF,GSM4104132_CTGATAGGTCCGTGAC-1,CSF,-0.07157349201915446
HC,PST45044_CSF,GSM4104132_CTGATCCCAAGTACCT-1,CSF,-0.44929323745129723
HC,PST45044_CSF,GSM4104132_CTGATCCCAATAGCAA-1,CSF,-0.6521000390813824
HC,PST45044_CSF,GSM4104132_CTGCCTAAGGTGCTTT-1,CSF,-0.38247190472367304
HC,PST45044_CSF,GSM4104132_CTGCCTACATGCGCAC-1,CSF,-0.07157349201915446
HC,PST45044_CSF,GSM4104132_CTGCGGAAGAAGGGTA-1,CSF,-0.5319622212631064
HC,PST45044_CSF,GSM4104132_CTGCGGAGTACTTCTT-1,CSF,0.3288725160840111
HC,PST45044_CSF,GSM4104132_CTGCTGTGTATATGAG-1,CSF,-0.13840712580070938
HC,PST45044_CSF,GSM4104132_CTGGTCTCACGGCTAC-1,CSF,-0.07157349201915446
HC,PST45044_CSF,GSM4104132_CTGGTCTCATGCAACT-1,CSF,-0.8513105224367055
HC,PST45044_CSF,GSM4104132_CTGTGCTCAGTTCATG-1,CSF,-0.07157349201915446
HC,PST45044_CSF,GSM4104132_CTGTTTACAGCGTTCG-1,CSF,-0.1740149324812966
HC,PST45044_CSF,GSM4104132_CTTAACTCAGTTTACG-1,CSF,-0.20331135620671065
HC,PST45044_CSF,GSM4104132_CTTAACTGTAGCGCAA-1,CSF,-0.10084736797916485
HC,PST45044_CSF,GSM4104132_CTTACCGCAGGACCCT-1,CSF,-0.07157349201915446
HC,PST45044_CSF,GSM4104132_CTTTGCGTCCAGTATG-1,CSF,-0.07157349201915446
HC,PST45044_CSF,GSM4104132_CTTTGCGTCTGTACGA-1,CSF,0.14659808784302789
HC,PST45044_CSF,GSM4104132_GAAATGAAGTCCCACG-1,CSF,0.13860806810200485
HC,PST45044_CSF,GSM4104132_GAAATGACAAGCGAGT-1,CSF,-0.23014119640084812
HC,PST45044_CSF,GSM4104132_GAACATCCATACGCTA-1,CSF,-0.6849549304993829
HC,PST45044_CSF,GSM4104132_GAACATCCATCCTTGC-1,CSF,-0.07157349201915446
HC,PST45044_CSF,GSM4104132_GAACATCCATGCATGT-1,CSF,-0.02188992832570343
HC,PST45044_CSF,GSM4104132_GAACATCTCTGCGGCA-1,CSF,-0.20652447900726797
HC,PST45044_CSF,GSM4104132_GAACCTACAGCCTATA-1,CSF,0.19056907543858864
HC,PST45044_CSF,GSM4104132_GAACGGAAGATCGATA-1,CSF,0.660497636925098
HC,PST45044_CSF,GSM4104132_GAAGCAGAGACGCAAC-1,CSF,-0.6721083514449694
HC,PST45044_CSF,GSM4104132_GAAGCAGAGGACAGAA-1,CSF,-0.55168416835918
HC,PST45044_CSF,GSM4104132_GAAGCAGCAACTGCGC-1,CSF,-0.022954943986223938
HC,PST45044_CSF,GSM4104132_GAAGCAGCATGGTTGT-1,CSF,-0.049527484846138815
HC,PST45044_CSF,GSM4104132_GAATGAAAGTCTCCTC-1,CSF,-0.3783414765472382
HC,PST45044_CSF,GSM4104132_GAATGAACATGTAGTC-1,CSF,-0.7144651053738561
HC,PST45044_CSF,GSM4104132_GAATGAAGTCAACTGT-1,CSF,-0.22659551562774682
HC,PST45044_CSF,GSM4104132_GACACGCCAAACCCAT-1,CSF,0.06328725737346728
HC,PST45044_CSF,GSM4104132_GACACGCTCCGCGTTT-1,CSF,0.13880712055793942
HC,PST45044_CSF,GSM4104132_GACCAATAGCCCAGCT-1,CSF,-0.4885897482009086
HC,PST45044_CSF,GSM4104132_GACCTGGAGTATGACA-1,CSF,-0.27360292926680896
HC,PST45044_CSF,GSM4104132_GACCTGGCAGGGTACA-1,CSF,0.1281016955514567
HC,PST45044_CSF,GSM4104132_GACCTGGCAGTCGATT-1,CSF,-0.07157349201915446
HC,PST45044_CSF,GSM4104132_GACCTGGGTGCAGTAG-1,CSF,-0.07157349201915446
HC,PST45044_CSF,GSM4104132_GACGCGTAGCGCCTCA-1,CSF,0.3058995091452254
HC,PST45044_CSF,GSM4104132_GACGCGTAGTGTCCCG-1,CSF,-0.9087474498068808
HC,PST45044_CSF,GSM4104132_GACGCGTGTGACGCCT-1,CSF,-0.25626455897357875
HC,PST45044_CSF,GSM4104132_GACGCGTGTTGAGGTG-1,CSF,-0.1656849859306635
HC,PST45044_CSF,GSM4104132_GACGCGTTCACAAACC-1,CSF,0.09500136747393571
HC,PST45044_CSF,GSM4104132_GACGCGTTCGTGACAT-1,CSF,-1.0485204662916097
HC,PST45044_CSF,GSM4104132_GACGTGCCATAGACTC-1,CSF,-0.3538954445524257
HC,PST45044_CSF,GSM4104132_GACGTTAAGTCTTGCA-1,CSF,-0.004889295086157351
HC,PST45044_CSF,GSM4104132_GACGTTAGTATGCTTG-1,CSF,-0.6119345839748452
HC,PST45044_CSF,GSM4104132_GACGTTATCAAGATCC-1,CSF,-0.3738976336835104
HC,PST45044_CSF,GSM4104132_GACTAACAGTTGTCGT-1,CSF,0.28396144216807045
HC,PST45044_CSF,GSM4104132_GACTAACGTAGCGCAA-1,CSF,-0.6372530514210512
HC,PST45044_CSF,GSM4104132_GACTAACTCTTAACCT-1,CSF,-0.07157349201915446
HC,PST45044_CSF,GSM4104132_GACTACACACCACGTG-1,CSF,-0.8632005075715833
HC,PST45044_CSF,GSM4104132_GACTGCGGTGTCTGAT-1,CSF,-0.30679846321781507
HC,PST45044_CSF,GSM4104132_GAGGTGACACAGACAG-1,CSF,-0.4559951030867683
HC,PST45044_CSF,GSM4104132_GAGTCCGGTAGCTTGT-1,CSF,0.038495558078264706
HC,PST45044_CSF,GSM4104132_GAGTCCGGTTTAGGAA-1,CSF,-0.6472274087730184
HC,PST45044_CSF,GSM4104132_GATCAGTTCCTCTAGC-1,CSF,-0.2298871591676463
HC,PST45044_CSF,GSM4104132_GATCGATCACGCTTTC-1,CSF,0.08235553231525979
HC,PST45044_CSF,GSM4104132_GATCGCGGTCTCAACA-1,CSF,-1.1696465350227476
HC,PST45044_CSF,GSM4104132_GATCGTAGTCACCCAG-1,CSF,-0.5264659082329256
HC,PST45044_CSF,GSM4104132_GATCGTAGTCGACTGC-1,CSF,-0.48961589449177406
HC,PST45044_CSF,GSM4104132_GATCGTATCAACCAAC-1,CSF,0.04982317527670776
HC,PST45044_CSF,GSM4104132_GATCTAGAGCCAGTAG-1,CSF,-0.7765837834688789
HC,PST45044_CSF,GSM4104132_GATCTAGCATGCATGT-1,CSF,-1.084547867702074
HC,PST45044_CSF,GSM4104132_GATCTAGGTTGTGGCC-1,CSF,-0.5760863832904842
HC,PST45044_CSF,GSM4104132_GATGAAAGTCTCTCTG-1,CSF,-0.4947398079114778
HC,PST45044_CSF,GSM4104132_GATGAGGGTGGTGTAG-1,CSF,-0.27556539845141653
HC,PST45044_CSF,GSM4104132_GATGAGGGTTAAGATG-1,CSF,-0.6920155366226383
HC,PST45044_CSF,GSM4104132_GATGCTACACCTATCC-1,CSF,-0.2076289410377798
HC,PST45044_CSF,GSM4104132_GCAAACTAGCAGACTG-1,CSF,-0.07157349201915446
HC,PST45044_CSF,GSM4104132_GCAAACTGTATTCGTG-1,CSF,0.2963446391295916
HC,PST45044_CSF,GSM4104132_GCAATCAAGATGCCAG-1,CSF,-0.9927187800334881
HC,PST45044_CSF,GSM4104132_GCAATCAAGTACCGGA-1,CSF,-0.07157349201915446
HC,PST45044_CSF,GSM4104132_GCAATCATCATCATTC-1,CSF,0.18774670148123698
HC,PST45044_CSF,GSM4104132_GCACATAAGAGTGACC-1,CSF,-0.05982526618102209
HC,PST45044_CSF,GSM4104132_GCAGCCACACATTTCT-1,CSF,-0.1869222477995858
HC,PST45044_CSF,GSM4104132_GCAGCCACAGCTCGAC-1,CSF,-1.0024208533048908
HC,PST45044_CSF,GSM4104132_GCAGTTATCTTGCCGT-1,CSF,-0.16314356722328757
HC,PST45044_CSF,GSM4104132_GCATACAAGATGAGAG-1,CSF,-0.43008539728312656
HC,PST45044_CSF,GSM4104132_GCATACATCTTCCTTC-1,CSF,-0.572281736799276
HC,PST45044_CSF,GSM4104132_GCATGATCACGAGAGT-1,CSF,-0.0045951836269897085
HC,PST45044_CSF,GSM4104132_GCATGATCATCACAAC-1,CSF,-0.7807357244346876
HC,PST45044_CSF,GSM4104132_GCATGATGTTAAGGGC-1,CSF,-0.4689809903457952
HC,PST45044_CSF,GSM4104132_GCATGCGAGGGTCGAT-1,CSF,-0.20697875845685895
HC,PST45044_CSF,GSM4104132_GCATGCGTCTGTCAAG-1,CSF,-0.07157349201915446
HC,PST45044_CSF,GSM4104132_GCATGTACAACGCACC-1,CSF,-0.9129647115636735
HC,PST45044_CSF,GSM4104132_GCCAAATCACAGAGGT-1,CSF,-0.23893112241389722
HC,PST45044_CSF,GSM4104132_GCGCAACAGTTAACGA-1,CSF,-0.28486912511136053
HC,PST45044_CSF,GSM4104132_GCGCAACCACTTAACG-1,CSF,-0.20053799066957664
HC,PST45044_CSF,GSM4104132_GCGCAGTTCTTCAACT-1,CSF,-0.07157349201915446
HC,PST45044_CSF,GSM4104132_GCGCCAAAGGCATGGT-1,CSF,0.08745804823949797
HC,PST45044_CSF,GSM4104132_GCGCGATAGCAGCGTA-1,CSF,-0.07157349201915446
HC,PST45044_CSF,GSM4104132_GCGCGATCAGGATCGA-1,CSF,-0.5582306620151216
HC,PST45044_CSF,GSM4104132_GCGGGTTCAAGTCTAC-1,CSF,-0.43676633611220916
HC,PST45044_CSF,GSM4104132_GCTCCTACAGCTGTGC-1,CSF,-0.21646807006248453
HC,PST45044_CSF,GSM4104132_GCTCCTACATCGACGC-1,CSF,0.10582250135669193
HC,PST45044_CSF,GSM4104132_GCTCCTATCTCCCTGA-1,CSF,-0.664517310892378
HC,PST45044_CSF,GSM4104132_GCTCTGTCAGCATACT-1,CSF,-0.7531377334591957
HC,PST45044_CSF,GSM4104132_GCTGCAGAGGGATGGG-1,CSF,-0.6094059397169836
HC,PST45044_CSF,GSM4104132_GCTGCGACACGCGAAA-1,CSF,-0.2821808254666302
HC,PST45044_CSF,GSM4104132_GCTGCGAGTTCCAACA-1,CSF,0.09850738726649437
HC,PST45044_CSF,GSM4104132_GCTGCGATCTTCGGTC-1,CSF,-0.5909952792111856
HC,PST45044_CSF,GSM4104132_GCTGGGTCAGTACACT-1,CSF,-0.4992249160424739
HC,PST45044_CSF,GSM4104132_GCTTCCACAATCCAAC-1,CSF,0.11202855662260458
HC,PST45044_CSF,GSM4104132_GCTTGAAGTTGGACCC-1,CSF,-0.37980900654738325
HC,PST45044_CSF,GSM4104132_GCTTGAATCTCGCTTG-1,CSF,-0.07157349201915446
HC,PST45044_CSF,GSM4104132_GGAAAGCAGGAGTACC-1,CSF,-0.07157349201915446
HC,PST45044_CSF,GSM4104132_GGAAAGCGTCTAGCGC-1,CSF,-0.9366984723463908
HC,PST45044_CSF,GSM4104132_GGAAAGCTCGCCTGAG-1,CSF,-0.6334047711298175
HC,PST45044_CSF,GSM4104132_GGAACTTGTTTAGCTG-1,CSF,-0.4672259519890704
HC,PST45044_CSF,GSM4104132_GGAATAAAGCGATAGC-1,CSF,-0.30794006893869214
HC,PST45044_CSF,GSM4104132_GGAATAAAGTTTGCGT-1,CSF,-0.17028696285081207
HC,PST45044_CSF,GSM4104132_GGAATAAGTCCAGTTA-1,CSF,-0.46122781176615807
HC,PST45044_CSF,GSM4104132_GGAATAAGTGAGGGTT-1,CSF,-1.0077362775379473
HC,PST45044_CSF,GSM4104132_GGACAGACATTCCTGC-1,CSF,-0.07157349201915446
HC,PST45044_CSF,GSM4104132_GGACAGATCAGCCTAA-1,CSF,0.0980617724795596
HC,PST45044_CSF,GSM4104132_GGACATTTCGTGGTCG-1,CSF,-0.6362179105730419
HC,PST45044_CSF,GSM4104132_GGAGCAAGTAGCTAAA-1,CSF,-0.8931462268252676
HC,PST45044_CSF,GSM4104132_GGATGTTAGAAACCTA-1,CSF,0.04151775440090834
HC,PST45044_CSF,GSM4104132_GGATGTTAGCGTGTCC-1,CSF,-0.8290799882169424
HC,PST45044_CSF,GSM4104132_GGATGTTGTCGCGAAA-1,CSF,0.11140009469634994
HC,PST45044_CSF,GSM4104132_GGATTACGTTGACGTT-1,CSF,-0.29684056547694476
HC,PST45044_CSF,GSM4104132_GGATTACTCGTGGACC-1,CSF,-0.7258761155740877
HC,PST45044_CSF,GSM4104132_GGCAATTAGAATTCCC-1,CSF,-0.21301856719359846
HC,PST45044_CSF,GSM4104132_GGCAATTAGGAGTTTA-1,CSF,-0.8503936003637228
HC,PST45044_CSF,GSM4104132_GGCCGATGTAGCGATG-1,CSF,-0.5114281274144877
HC,PST45044_CSF,GSM4104132_GGCGACTAGCCAACAG-1,CSF,0.1728961084108798
HC,PST45044_CSF,GSM4104132_GGCTCGATCTAGCACA-1,CSF,-0.4087404425672666
HC,PST45044_CSF,GSM4104132_GGGAATGCAATCTGCA-1,CSF,0.5037496916804537
HC,PST45044_CSF,GSM4104132_GGGAATGTCAGTTAGC-1,CSF,-0.5486567649103468
HC,PST45044_CSF,GSM4104132_GGGACCTAGTTGTCGT-1,CSF,-0.24780983882669064
HC,PST45044_CSF,GSM4104132_GGGACCTCAAGCGAGT-1,CSF,-0.07157349201915446
HC,PST45044_CSF,GSM4104132_GGGATGATCAACACCA-1,CSF,-0.3482830197387329
HC,PST45044_CSF,GSM4104132_GGGCACTGTGCCTGCA-1,CSF,-0.18891516765379696
HC,PST45044_CSF,GSM4104132_GGGCACTGTTTAGGAA-1,CSF,-0.16519094984823132
HC,PST45044_CSF,GSM4104132_GGGTCTGAGAGGTACC-1,CSF,-0.26041808066235034
HC,PST45044_CSF,GSM4104132_GGTATTGCATACTACG-1,CSF,-0.4801585871176929
HC,PST45044_CSF,GSM4104132_GGTATTGTCACCTTAT-1,CSF,0.14780932626753307
HC,PST45044_CSF,GSM4104132_GGTGCGTAGAAGGCCT-1,CSF,-0.274399694187599
HC,PST45044_CSF,GSM4104132_GGTGTTAAGTGGGATC-1,CSF,0.2925238303565761
HC,PST45044_CSF,GSM4104132_GGTGTTATCTTCTGGC-1,CSF,-0.22302006551209377
HC,PST45044_CSF,GSM4104132_GTAACTGAGGCTAGAC-1,CSF,-0.48548987642066715
HC,PST45044_CSF,GSM4104132_GTAACTGTCGAGCCCA-1,CSF,-0.07157349201915446
HC,PST45044_CSF,GSM4104132_GTACTCCGTTCGTTGA-1,CSF,-0.22153354938490155
HC,PST45044_CSF,GSM4104132_GTACTTTAGTAGCGGT-1,CSF,-0.07157349201915446
HC,PST45044_CSF,GSM4104132_GTAGTCACATTAACCG-1,CSF,-0.2025409478735772
HC,PST45044_CSF,GSM4104132_GTATTCTCAAAGCGGT-1,CSF,-0.203022601140652
HC,PST45044_CSF,GSM4104132_GTCACGGAGTGTTTGC-1,CSF,0.3075078723351652
HC,PST45044_CSF,GSM4104132_GTCACGGGTACCGAGA-1,CSF,-0.17941418447514193
HC,PST45044_CSF,GSM4104132_GTCACGGTCACATAGC-1,CSF,0.23531601258422657
HC,PST45044_CSF,GSM4104132_GTCATTTCACCTGGTG-1,CSF,-0.02599755289294146
HC,PST45044_CSF,GSM4104132_GTCGGGTGTCAAACTC-1,CSF,-0.7282871821911446
HC,PST45044_CSF,GSM4104132_GTCGTAAAGAATAGGG-1,CSF,-0.6101866192673401
HC,PST45044_CSF,GSM4104132_GTCTCGTCACGGTAAG-1,CSF,-1.051776311813353
HC,PST45044_CSF,GSM4104132_GTCTCGTTCAATCTCT-1,CSF,0.1523853779536473
HC,PST45044_CSF,GSM4104132_GTCTTCGAGCTAGGCA-1,CSF,-0.6709027937954363
HC,PST45044_CSF,GSM4104132_GTCTTCGGTGCACGAA-1,CSF,-0.07157349201915446
HC,PST45044_CSF,GSM4104132_GTCTTCGTCAGTTGAC-1,CSF,-0.07157349201915446
HC,PST45044_CSF,GSM4104132_GTGAAGGTCTGAGGGA-1,CSF,-0.6194015247622194
HC,PST45044_CSF,GSM4104132_GTGCAGCAGCCTTGAT-1,CSF,-0.07157349201915446
HC,PST45044_CSF,GSM4104132_GTGCAGCGTATTACCG-1,CSF,-0.4204728422903191
HC,PST45044_CSF,GSM4104132_GTGCATAAGTCGATAA-1,CSF,-0.1901968595300192
HC,PST45044_CSF,GSM4104132_GTGCATAGTCGAGTTT-1,CSF,-0.5776987758017939
HC,PST45044_CSF,GSM4104132_GTGCTTCAGCACACAG-1,CSF,0.032560428912220246
HC,PST45044_CSF,GSM4104132_GTGTGCGAGGCTCAGA-1,CSF,-0.5406162432276059
HC,PST45044_CSF,GSM4104132_GTGTTAGAGATCACGG-1,CSF,-0.07157349201915446
HC,PST45044_CSF,GSM4104132_GTGTTAGCACGAGAGT-1,CSF,-0.2741675313408426
HC,PST45044_CSF,GSM4104132_GTTAAGCAGCTGGAAC-1,CSF,0.6466665467814662
HC,PST45044_CSF,GSM4104132_GTTACAGAGTCAAGGC-1,CSF,0.05958333924800758
HC,PST45044_CSF,GSM4104132_GTTCATTCAGGAATCG-1,CSF,-0.01482700988563655
HC,PST45044_CSF,GSM4104132_GTTCGGGGTTGTCGCG-1,CSF,-0.5053589728087032
HC,PST45044_CSF,GSM4104132_GTTCTCGAGGGAAACA-1,CSF,-0.7848976678443981
HC,PST45044_CSF,GSM4104132_GTTTCTACACCAGATT-1,CSF,-0.40589073694408156
HC,PST45044_CSF,GSM4104132_GTTTCTATCTCTTATG-1,CSF,-0.07157349201915446
HC,PST45044_CSF,GSM4104132_GTTTCTATCTGTACGA-1,CSF,-0.2875877562766095
HC,PST45044_CSF,GSM4104132_TAAACCGAGCCCAACC-1,CSF,-0.07157349201915446
HC,PST45044_CSF,GSM4104132_TAAACCGAGTACGATA-1,CSF,0.003222467976927252
HC,PST45044_CSF,GSM4104132_TAAGAGAAGTTGCAGG-1,CSF,-0.21691395012173292
HC,PST45044_CSF,GSM4104132_TAAGCGTAGTCCGGTC-1,CSF,-0.09907690261125933
HC,PST45044_CSF,GSM4104132_TAAGTGCGTATCACCA-1,CSF,0.19004312257430914
HC,PST45044_CSF,GSM4104132_TACAGTGAGTACTTGC-1,CSF,-0.18405769571789785
HC,PST45044_CSF,GSM4104132_TACAGTGGTTTGTTTC-1,CSF,-0.3617978753967684
HC,PST45044_CSF,GSM4104132_TACAGTGTCAACACTG-1,CSF,-0.5958942726757938
HC,PST45044_CSF,GSM4104132_TACAGTGTCCGCAGTG-1,CSF,0.3316994874791357
HC,PST45044_CSF,GSM4104132_TACCTATAGATCTGCT-1,CSF,-0.17559032784708864
HC,PST45044_CSF,GSM4104132_TACCTATAGTCTCCTC-1,CSF,-0.07157349201915446
HC,PST45044_CSF,GSM4104132_TACCTTAAGACTAGAT-1,CSF,-0.41586147947410995
HC,PST45044_CSF,GSM4104132_TACCTTAAGGACTGGT-1,CSF,-0.73764281039252
HC,PST45044_CSF,GSM4104132_TACCTTACAAAGTCAA-1,CSF,-0.07157349201915446
HC,PST45044_CSF,GSM4104132_TACCTTATCCCTCAGT-1,CSF,0.17354677368546187
HC,PST45044_CSF,GSM4104132_TACGGATAGTCACGCC-1,CSF,-0.7542578842510074
HC,PST45044_CSF,GSM4104132_TACTCATCAGACGTAG-1,CSF,-0.23407649170404396
HC,PST45044_CSF,GSM4104132_TACTCATTCGCGTAGC-1,CSF,-0.42474509186901155
HC,PST45044_CSF,GSM4104132_TACTCGCAGATACACA-1,CSF,0.128042611063083
HC,PST45044_CSF,GSM4104132_TACTCGCCAGGAATGC-1,CSF,-0.07157349201915446
HC,PST45044_CSF,GSM4104132_TACTCGCGTTACTGAC-1,CSF,0.12245616876060081
HC,PST45044_CSF,GSM4104132_TACTCGCTCTGTCCGT-1,CSF,-0.44273013221975344
HC,PST45044_CSF,GSM4104132_TACTTACAGCTCAACT-1,CSF,-0.6895731108537222
HC,PST45044_CSF,GSM4104132_TACTTGTGTCTCTCGT-1,CSF,-0.4905354688825828
HC,PST45044_CSF,GSM4104132_TACTTGTTCACTCCTG-1,CSF,-0.07157349201915446
HC,PST45044_CSF,GSM4104132_TAGACCAAGAAGGCCT-1,CSF,0.02056443875336424
HC,PST45044_CSF,GSM4104132_TAGACCAGTGCTGTAT-1,CSF,-0.07157349201915446
HC,PST45044_CSF,GSM4104132_TAGAGCTAGCTGTCTA-1,CSF,0.02919687349504493
HC,PST45044_CSF,GSM4104132_TAGCCGGAGTGACTCT-1,CSF,-0.21447194828717797
HC,PST45044_CSF,GSM4104132_TAGCCGGCAAGCTGAG-1,CSF,-0.07157349201915446
HC,PST45044_CSF,GSM4104132_TAGCCGGCATCTGGTA-1,CSF,-0.23733798097758269
HC,PST45044_CSF,GSM4104132_TAGGCATGTCATGCCG-1,CSF,0.2965205189833549
HC,PST45044_CSF,GSM4104132_TAGTGGTGTTAGGGTG-1,CSF,-0.5586801274618325
HC,PST45044_CSF,GSM4104132_TAGTGGTTCGGGAGTA-1,CSF,-0.16334171749823587
HC,PST45044_CSF,GSM4104132_TAGTTGGAGTTGAGAT-1,CSF,0.13054322576444083
HC,PST45044_CSF,GSM4104132_TAGTTGGCAATCTGCA-1,CSF,-0.9619527564196312
HC,PST45044_CSF,GSM4104132_TAGTTGGTCCGTCAAA-1,CSF,-0.07157349201915446
HC,PST45044_CSF,GSM4104132_TATCAGGGTAAAGGAG-1,CSF,-0.18648179795761832
HC,PST45044_CSF,GSM4104132_TATCAGGGTGATAAGT-1,CSF,-0.4052721970000758
HC,PST45044_CSF,GSM4104132_TATCTCACACGTTGGC-1,CSF,-1.0301086308603187
HC,PST45044_CSF,GSM4104132_TATCTCAGTCATTAGC-1,CSF,-0.9386670208205377
HC,PST45044_CSF,GSM4104132_TATGCCCCATTGGCGC-1,CSF,-0.2648527446238962
HC,PST45044_CSF,GSM4104132_TATTACCCAGGCAGTA-1,CSF,-0.8217251119601828
HC,PST45044_CSF,GSM4104132_TATTACCGTGGTACAG-1,CSF,-0.13022762733952659
HC,PST45044_CSF,GSM4104132_TCAATCTCAATCAGAA-1,CSF,-0.30927154735478346
HC,PST45044_CSF,GSM4104132_TCAATCTCACCGCTAG-1,CSF,-0.25291134271242377
HC,PST45044_CSF,GSM4104132_TCACGAAAGGTTCCTA-1,CSF,-0.07157349201915446
HC,PST45044_CSF,GSM4104132_TCACGAAAGTTCGATC-1,CSF,-0.012715885118445914
HC,PST45044_CSF,GSM4104132_TCAGATGAGCATGGCA-1,CSF,-0.7728360863404522
HC,PST45044_CSF,GSM4104132_TCAGCAAGTACAAGTA-1,CSF,-0.37717115600709017
HC,PST45044_CSF,GSM4104132_TCAGCAAGTCAACATC-1,CSF,-0.07514090135221715
HC,PST45044_CSF,GSM4104132_TCAGCTCAGTCAAGCG-1,CSF,0.04237244730579009
HC,PST45044_CSF,GSM4104132_TCAGCTCCAAGCTGAG-1,CSF,-0.4335427521177152
HC,PST45044_CSF,GSM4104132_TCAGCTCTCCTCAATT-1,CSF,-0.5349257099692208
HC,PST45044_CSF,GSM4104132_TCAGCTCTCTAAGCCA-1,CSF,-0.2271806641985902
HC,PST45044_CSF,GSM4104132_TCAGGTACATCGGAAG-1,CSF,-0.24180930750032248
HC,PST45044_CSF,GSM4104132_TCATTACAGTGGAGAA-1,CSF,-1.0132257202433248
HC,PST45044_CSF,GSM4104132_TCATTACGTTACAGAA-1,CSF,-0.29288636765624537
HC,PST45044_CSF,GSM4104132_TCATTACTCAGGATCT-1,CSF,-0.1739727153022142
HC,PST45044_CSF,GSM4104132_TCCACACAGGAGCGTT-1,CSF,-0.3069028082853551
HC,PST45044_CSF,GSM4104132_TCCACACAGGGATACC-1,CSF,-0.2776402205349023
HC,PST45044_CSF,GSM4104132_TCCCGATAGATCGATA-1,CSF,-0.07157349201915446
HC,PST45044_CSF,GSM4104132_TCCCGATAGCAAATCA-1,CSF,0.23080702606525832
HC,PST45044_CSF,GSM4104132_TCCCGATCACGAAACG-1,CSF,-0.7418648851205681
HC,PST45044_CSF,GSM4104132_TCGCGAGCAAGTTAAG-1,CSF,-0.04085380757896299
HC,PST45044_CSF,GSM4104132_TCGCGTTAGCAAATCA-1,CSF,-0.08007028762852496
HC,PST45044_CSF,GSM4104132_TCGCGTTAGTTGAGAT-1,CSF,-0.15770159618184962
HC,PST45044_CSF,GSM4104132_TCGCGTTCAATGGACG-1,CSF,-0.3904078891175968
HC,PST45044_CSF,GSM4104132_TCGCGTTGTTTAGCTG-1,CSF,-0.10008473723051385
HC,PST45044_CSF,GSM4104132_TCGCGTTTCCTATGTT-1,CSF,-0.07157349201915446
HC,PST45044_CSF,GSM4104132_TCGGTAACACGAGGTA-1,CSF,-0.572448381529325
HC,PST45044_CSF,GSM4104132_TCGGTAACATGGATGG-1,CSF,-0.4766113094294127
HC,PST45044_CSF,GSM4104132_TCGGTAAGTTTGGGCC-1,CSF,0.03779539710989758
HC,PST45044_CSF,GSM4104132_TCGGTAATCTCGGACG-1,CSF,0.25564682451456877
HC,PST45044_CSF,GSM4104132_TCGTAGACAGCCTGTG-1,CSF,0.10742639383155438
HC,PST45044_CSF,GSM4104132_TCGTAGATCGCTTAGA-1,CSF,0.23646526276059113
HC,PST45044_CSF,GSM4104132_TCTCTAAAGCCCAATT-1,CSF,-0.3266272352723999
HC,PST45044_CSF,GSM4104132_TCTCTAACACAGGCCT-1,CSF,-0.7625140290361233
HC,PST45044_CSF,GSM4104132_TCTCTAAGTTGAACTC-1,CSF,-0.5816788874274765
HC,PST45044_CSF,GSM4104132_TCTGAGACACTAGTAC-1,CSF,-0.7722746959759074
HC,PST45044_CSF,GSM4104132_TCTGGAAAGATATGGT-1,CSF,-0.5661934811562145
HC,PST45044_CSF,GSM4104132_TCTTTCCAGCCTCGTG-1,CSF,-0.48458724985063223
HC,PST45044_CSF,GSM4104132_TCTTTCCTCCCAAGAT-1,CSF,-0.3288143189446294
HC,PST45044_CSF,GSM4104132_TCTTTCCTCTTCATGT-1,CSF,-0.2426439904258766
HC,PST45044_CSF,GSM4104132_TGACAACCAAGTTCTG-1,CSF,-0.6553218445045907
HC,PST45044_CSF,GSM4104132_TGACAACCATCCGGGT-1,CSF,-0.402409732333166
HC,PST45044_CSF,GSM4104132_TGACAACTCATCATTC-1,CSF,0.2757508129950536
HC,PST45044_CSF,GSM4104132_TGACAACTCTACTCAT-1,CSF,0.13988530503427204
HC,PST45044_CSF,GSM4104132_TGACGGCAGGGTTCCC-1,CSF,-0.37857226859985776
HC,PST45044_CSF,GSM4104132_TGACGGCGTTACTGAC-1,CSF,-0.07157349201915446
HC,PST45044_CSF,GSM4104132_TGACTTTAGTGGGATC-1,CSF,-0.25616101113624745
HC,PST45044_CSF,GSM4104132_TGAGCATTCATCGCTC-1,CSF,-0.07157349201915446
HC,PST45044_CSF,GSM4104132_TGAGCCGAGGCGATAC-1,CSF,-0.35512871862827317
HC,PST45044_CSF,GSM4104132_TGAGCCGCAAGACACG-1,CSF,-0.36215258687802887
HC,PST45044_CSF,GSM4104132_TGAGGGACAGCTCGCA-1,CSF,-1.1185584683003478
HC,PST45044_CSF,GSM4104132_TGAGGGAGTTTGACTG-1,CSF,-0.7349080217015481
HC,PST45044_CSF,GSM4104132_TGATTTCTCACCTTAT-1,CSF,-0.6953740492210042
HC,PST45044_CSF,GSM4104132_TGCCAAACAAGGACTG-1,CSF,0.25764793994622215
HC,PST45044_CSF,GSM4104132_TGCCAAACATCGGTTA-1,CSF,-0.513183216676684
HC,PST45044_CSF,GSM4104132_TGCCAAAGTGATGCCC-1,CSF,-0.050888585613685734
HC,PST45044_CSF,GSM4104132_TGCCAAATCAGTTTGG-1,CSF,-0.2036142840394988
HC,PST45044_CSF,GSM4104132_TGCCCATCACGTGAGA-1,CSF,-0.19597505236121546
HC,PST45044_CSF,GSM4104132_TGCCCATGTCTCCATC-1,CSF,-0.4493774258234548
HC,PST45044_CSF,GSM4104132_TGCCCTATCTTCGGTC-1,CSF,-0.07157349201915446
HC,PST45044_CSF,GSM4104132_TGCGCAGAGGTCATCT-1,CSF,0.2527181627133594
HC,PST45044_CSF,GSM4104132_TGCGGGTCATGCCACG-1,CSF,-0.45692698405693133
HC,PST45044_CSF,GSM4104132_TGCGGGTGTTTGTTTC-1,CSF,0.12197532918570382
HC,PST45044_CSF,GSM4104132_TGCGGGTTCTGTCTAT-1,CSF,-0.25464113246505954
HC,PST45044_CSF,GSM4104132_TGCTACCTCACGGTTA-1,CSF,-0.07157349201915446
HC,PST45044_CSF,GSM4104132_TGGACGCAGGGCACTA-1,CSF,-0.19380093790006292
HC,PST45044_CSF,GSM4104132_TGGACGCGTCGACTGC-1,CSF,0.0640631673682621
HC,PST45044_CSF,GSM4104132_TGGCCAGTCGAATGGG-1,CSF,-0.07157349201915446
HC,PST45044_CSF,GSM4104132_TGGGAAGCAAACGTGG-1,CSF,-0.8718283779443817
HC,PST45044_CSF,GSM4104132_TGGGAAGGTAGAGCTG-1,CSF,-0.07157349201915446
HC,PST45044_CSF,GSM4104132_TGGGAAGGTCAATGTC-1,CSF,-0.07157349201915446
HC,PST45044_CSF,GSM4104132_TGGGCGTTCGCAAACT-1,CSF,-0.07157349201915446
HC,PST45044_CSF,GSM4104132_TGGTTAGAGCGTGTCC-1,CSF,0.18073352771955764
HC,PST45044_CSF,GSM4104132_TGGTTAGCATTAACCG-1,CSF,-0.07157349201915446
HC,PST45044_CSF,GSM4104132_TGGTTAGGTCTCGTTC-1,CSF,-0.7560434239291658
HC,PST45044_CSF,GSM4104132_TGTCCCATCATATCGG-1,CSF,0.4692245795685908
HC,PST45044_CSF,GSM4104132_TGTGGTAAGGGAGTAA-1,CSF,-0.7955757478101341
HC,PST45044_CSF,GSM4104132_TGTGGTAGTTCCACGG-1,CSF,0.33000971011040364
HC,PST45044_CSF,GSM4104132_TGTGTTTCATTGCGGC-1,CSF,-0.24943035217155426
HC,PST45044_CSF,GSM4104132_TGTTCCGAGGCAATTA-1,CSF,-0.28809279971557455
HC,PST45044_CSF,GSM4104132_TGTTCCGCAATCTGCA-1,CSF,0.18869353017118812
HC,PST45044_CSF,GSM4104132_TGTTCCGCAGCAGTTT-1,CSF,-0.18479323124276448
HC,PST45044_CSF,GSM4104132_TGTTCCGTCTCGATGA-1,CSF,-0.08718969541804514
HC,PST45044_CSF,GSM4104132_TTAACTCCACTCGACG-1,CSF,-0.07157349201915446
HC,PST45044_CSF,GSM4104132_TTAACTCGTCGGGTCT-1,CSF,-0.18617213504942257
HC,PST45044_CSF,GSM4104132_TTAGGACCATGAAGTA-1,CSF,-0.2745551143539401
HC,PST45044_CSF,GSM4104132_TTATGCTTCGCAGGCT-1,CSF,-0.07157349201915446
HC,PST45044_CSF,GSM4104132_TTCCCAGGTGTGGTTT-1,CSF,-0.22153354938490155
HC,PST45044_CSF,GSM4104132_TTCGAAGTCTGCGTAA-1,CSF,-0.1905131820712699
HC,PST45044_CSF,GSM4104132_TTCTACACATCCAACA-1,CSF,-0.07157349201915446
HC,PST45044_CSF,GSM4104132_TTCTACATCCAGGGCT-1,CSF,0.3273398010556778
HC,PST45044_CSF,GSM4104132_TTCTCAACAAACTGTC-1,CSF,-0.07157349201915446
HC,PST45044_CSF,GSM4104132_TTCTCAACACTTCTGC-1,CSF,-0.07157349201915446
HC,PST45044_CSF,GSM4104132_TTCTCAATCTCTTGAT-1,CSF,-0.4322181501785492
HC,PST45044_CSF,GSM4104132_TTCTCCTCAACGCACC-1,CSF,-0.564082919176899
HC,PST45044_CSF,GSM4104132_TTCTCCTCACATGGGA-1,CSF,-0.1697075355809856
HC,PST45044_CSF,GSM4104132_TTCTTAGTCGGATGGA-1,CSF,-0.22101740773421788
HC,PST45044_CSF,GSM4104132_TTCTTAGTCGTTTATC-1,CSF,-0.00398175060502713
HC,PST45044_CSF,GSM4104132_TTGAACGAGGTGCACA-1,CSF,-0.24359261766030174
HC,PST45044_CSF,GSM4104132_TTGACTTCAAGAGGCT-1,CSF,0.2769473755590389
HC,PST45044_CSF,GSM4104132_TTGACTTTCTGGTTCC-1,CSF,-0.15814593048608644
HC,PST45044_CSF,GSM4104132_TTGCCGTAGAAGGTTT-1,CSF,0.1304516983720285
HC,PST45044_CSF,GSM4104132_TTGCCGTAGACCCACC-1,CSF,-0.23245513545945956
HC,PST45044_CSF,GSM4104132_TTGCCGTTCGGCGGTT-1,CSF,-0.49342256751427055
HC,PST45044_CSF,GSM4104132_TTGCGTCCATCGACGC-1,CSF,-0.4556915054957481
HC,PST45044_CSF,GSM4104132_TTGGAACAGATCGATA-1,CSF,-0.458980771506785
HC,PST45044_CSF,GSM4104132_TTGGAACGTAGCACGA-1,CSF,-0.28324893468125817
HC,PST45044_CSF,GSM4104132_TTGGAACGTGACAAAT-1,CSF,0.0423492149550685
HC,PST45044_CSF,GSM4104132_TTGGAACTCCCTGACT-1,CSF,0.23519746106025416
HC,PST45044_CSF,GSM4104132_TTGGCAAAGCTGTCTA-1,CSF,-0.07157349201915446
HC,PST45044_CSF,GSM4104132_TTGGCAATCACTATTC-1,CSF,-0.16803826069166586
HC,PST45044_CSF,GSM4104132_TTTACTGAGATGTAAC-1,CSF,-0.21248282255890436
HC,PST45044_CSF,GSM4104132_TTTATGCGTTGGTAAA-1,CSF,0.4741616277991943
HC,PST45044_CSF,GSM4104132_TTTCCTCTCCCTCAGT-1,CSF,-0.0895725655266619
HC,PST45044_CSF,GSM4104132_TTTGCGCGTTCCCTTG-1,CSF,-0.4725744887094342
HC,PST45044_CSF,GSM4104132_TTTGGTTGTCGGCTCA-1,CSF,-0.19955782139431388
HC,PST45044_CSF,GSM4104132_TTTGTCAAGCCACGTC-1,CSF,-0.19538937807265627
HC,PST45044_CSF,GSM4104132_TTTGTCAAGTACGTTC-1,CSF,-0.21605704978995824
HC,PST45044_CSF,GSM4104132_TTTGTCAGTGGTCTCG-1,CSF,-0.2529134626897748
HC,PST83775_CSF,GSM4104128_AATCCAGTCTTACCGC-1,CSF,0.20041164069136366
HC,PST83775_CSF,GSM4104128_ACAGCCGAGAAACCGC-1,CSF,0.10400269270732068
HC,PST83775_CSF,GSM4104128_ACGAGCCCATATGCTG-1,CSF,-0.07157349201915446
HC,PST83775_CSF,GSM4104128_ACGCAGCCAGATCTGT-1,CSF,-0.3760598965310005
HC,PST83775_CSF,GSM4104128_ACTGAACGTAAATGAC-1,CSF,0.12478944154315015
HC,PST83775_CSF,GSM4104128_ACTGTCCAGTCAATAG-1,CSF,-0.07157349201915446
HC,PST83775_CSF,GSM4104128_ACTTACTTCCCTTGTG-1,CSF,-0.07157349201915446
HC,PST83775_CSF,GSM4104128_AGCAGCCCAAGTAGTA-1,CSF,-0.07157349201915446
HC,PST83775_CSF,GSM4104128_AGCGGTCAGACAATAC-1,CSF,-0.07157349201915446
HC,PST83775_CSF,GSM4104128_AGCGTCGCACTTGGAT-1,CSF,-0.17178176738165338
HC,PST83775_CSF,GSM4104128_AGCTCTCTCAAACCGT-1,CSF,0.17095368393760366
HC,PST83775_CSF,GSM4104128_ATCATGGGTTGCCTCT-1,CSF,0.02045904685708234
HC,PST83775_CSF,GSM4104128_ATTGGTGCATTACCTT-1,CSF,-0.07157349201915446
HC,PST83775_CSF,GSM4104128_ATTTCTGAGAGGACGG-1,CSF,-0.19983140520376055
HC,PST83775_CSF,GSM4104128_CACCTTGGTCAACTGT-1,CSF,0.22764732507720983
HC,PST83775_CSF,GSM4104128_CAGATCACATGAGCGA-1,CSF,-0.07157349201915446
HC,PST83775_CSF,GSM4104128_CAGATCAGTCAATACC-1,CSF,-0.3342525298013238
HC,PST83775_CSF,GSM4104128_CAGCCGACAAGGACAC-1,CSF,-0.2626435199785392
HC,PST83775_CSF,GSM4104128_CAGCGACAGAGTGACC-1,CSF,0.11173237990016542
HC,PST83775_CSF,GSM4104128_CATATGGTCGGATGGA-1,CSF,-0.2262938650926975
HC,PST83775_CSF,GSM4104128_CATATTCCACAGGTTT-1,CSF,0.22772035971628832
HC,PST83775_CSF,GSM4104128_CATCAAGCACAACGCC-1,CSF,-0.07157349201915446
HC,PST83775_CSF,GSM4104128_CATCAAGCAGCGTTCG-1,CSF,-0.1962173544779652
HC,PST83775_CSF,GSM4104128_CATCAAGCATTGCGGC-1,CSF,0.47819690820442207
HC,PST83775_CSF,GSM4104128_CATTATCCACTGTTAG-1,CSF,-0.07157349201915446
HC,PST83775_CSF,GSM4104128_CCCATACAGGCATGTG-1,CSF,-0.07157349201915446
HC,PST83775_CSF,GSM4104128_CGAACATAGGCATGTG-1,CSF,-0.07157349201915446
HC,PST83775_CSF,GSM4104128_CGGAGCTAGGATATAC-1,CSF,-0.07157349201915446
HC,PST83775_CSF,GSM4104128_CGTCACTTCCAAATGC-1,CSF,0.33760795414820466
HC,PST83775_CSF,GSM4104128_CTACATTAGCACGCCT-1,CSF,0.43201365352475685
HC,PST83775_CSF,GSM4104128_CTAGTGAAGCCTTGAT-1,CSF,-0.5864173782466487
HC,PST83775_CSF,GSM4104128_CTCGAAATCTGCCCTA-1,CSF,-0.07157349201915446
HC,PST83775_CSF,GSM4104128_CTCGGGAAGCGCCTCA-1,CSF,-0.18047720430637654
HC,PST83775_CSF,GSM4104128_CTCGTCAAGAGGGATA-1,CSF,-0.19111025962920428
HC,PST83775_CSF,GSM4104128_CTCTGGTCAAAGCGGT-1,CSF,0.07465760873417689
HC,PST83775_CSF,GSM4104128_CTGCCTATCTGGTGTA-1,CSF,-0.07157349201915446
HC,PST83775_CSF,GSM4104128_CTGCTGTTCGCAAACT-1,CSF,0.6046825164230395
HC,PST83775_CSF,GSM4104128_CTGTTTAGTGTTTGGT-1,CSF,-0.2309530894954476
HC,PST83775_CSF,GSM4104128_GAAACTCAGTTGTCGT-1,CSF,-0.2945940085240269
HC,PST83775_CSF,GSM4104128_GAAATGAGTTCGTGAT-1,CSF,0.020021319879678787
HC,PST83775_CSF,GSM4104128_GAACATCGTATATGAG-1,CSF,-0.07157349201915446
HC,PST83775_CSF,GSM4104128_GAACATCGTCTAGCGC-1,CSF,0.011525778675783274
HC,PST83775_CSF,GSM4104128_GACTAACCATGAACCT-1,CSF,-0.22765967216198943
HC,PST83775_CSF,GSM4104128_GAGTCCGAGCTAGCCC-1,CSF,-0.052852647959842805
HC,PST83775_CSF,GSM4104128_GATCGATGTGGTACAG-1,CSF,-0.07157349201915446
HC,PST83775_CSF,GSM4104128_GCCAAATAGGCTACGA-1,CSF,0.30504415235803284
HC,PST83775_CSF,GSM4104128_GCGCAGTAGCGACGTA-1,CSF,-0.4006451127216208
HC,PST83775_CSF,GSM4104128_GGAAAGCCACCACCAG-1,CSF,0.027251913469360924
HC,PST83775_CSF,GSM4104128_GGAATAAGTAGCGCAA-1,CSF,-0.2363195893965791
HC,PST83775_CSF,GSM4104128_GGCGTGTAGTGGAGAA-1,CSF,-0.27651987641539566
HC,PST83775_CSF,GSM4104128_GGGATGATCTTAGAGC-1,CSF,-0.2362960355141972
HC,PST83775_CSF,GSM4104128_GTCAAGTCAGAGTGTG-1,CSF,0.0892304699288778
HC,PST83775_CSF,GSM4104128_GTCACGGAGTTGTCGT-1,CSF,-0.07157349201915446
HC,PST83775_CSF,GSM4104128_GTTAAGCCAATGGACG-1,CSF,0.04983869539812109
HC,PST83775_CSF,GSM4104128_TAAACCGGTACCGTAT-1,CSF,-0.07157349201915446
HC,PST83775_CSF,GSM4104128_TACCTTATCACTTCAT-1,CSF,-0.2733738238662723
HC,PST83775_CSF,GSM4104128_TACTCATGTCTGCAAT-1,CSF,-0.24938475398430654
HC,PST83775_CSF,GSM4104128_TACTCGCAGCGCTTAT-1,CSF,-0.07157349201915446
HC,PST83775_CSF,GSM4104128_TACTTGTGTTGGTGGA-1,CSF,-0.044690596744540616
HC,PST83775_CSF,GSM4104128_TATCAGGCAATAGCGG-1,CSF,-0.2083842013059271
HC,PST83775_CSF,GSM4104128_TCGCGAGCAGTGAGTG-1,CSF,-0.27343545523945184
HC,PST83775_CSF,GSM4104128_TCTCATAAGACAAGCC-1,CSF,-0.18784032232560918
HC,PST83775_CSF,GSM4104128_TCTCATAAGCCACGTC-1,CSF,-0.022788516939398522
HC,PST83775_CSF,GSM4104128_TCTGGAATCCTAGGGC-1,CSF,-0.31598228052848576
HC,PST83775_CSF,GSM4104128_TGAAAGATCTATCCTA-1,CSF,-0.07157349201915446
HC,PST83775_CSF,GSM4104128_TGACTTTTCTGCCAGG-1,CSF,-0.07157349201915446
HC,PST83775_CSF,GSM4104128_TGCGCAGCAATCCGAT-1,CSF,-0.07157349201915446
HC,PST83775_CSF,GSM4104128_TGGCTGGGTCATCGGC-1,CSF,-0.2828186373290463
HC,PST83775_CSF,GSM4104128_TGTATTCAGCTCCCAG-1,CSF,0.18197601357478144
HC,PST83775_CSF,GSM4104128_TGTATTCCACCATCCT-1,CSF,-0.28657769684916723
HC,PST83775_CSF,GSM4104128_TGTGGTAAGCAGACTG-1,CSF,-0.07157349201915446
HC,PST83775_CSF,GSM4104128_TTAACTCTCCCTAATT-1,CSF,-0.07157349201915446
HC,PST83775_CSF,GSM4104128_TTGACTTAGCCTCGTG-1,CSF,-0.2079016463488806
HC,PTC32190_CSF,GSM4104129_AAAGCAAGTCAATGTC-1,CSF,-0.46783120570401493
HC,PTC32190_CSF,GSM4104129_AAATGCCAGGTAAACT-1,CSF,-0.1616659458806629
HC,PTC32190_CSF,GSM4104129_AACACGTAGACTAGAT-1,CSF,-0.381364350472988
HC,PTC32190_CSF,GSM4104129_AACACGTAGCCACGTC-1,CSF,0.2159262857977891
HC,PTC32190_CSF,GSM4104129_AACACGTCATGTCTCC-1,CSF,-0.07157349201915446
HC,PTC32190_CSF,GSM4104129_AACTCAGTCTAACTGG-1,CSF,-0.28947729414998763
HC,PTC32190_CSF,GSM4104129_AACTCCCGTCGGCACT-1,CSF,-1.023935374144386
HC,PTC32190_CSF,GSM4104129_AACTCTTCAAGGCTCC-1,CSF,-0.07157349201915446
HC,PTC32190_CSF,GSM4104129_AAGGTTCTCACATGCA-1,CSF,-0.07157349201915446
HC,PTC32190_CSF,GSM4104129_ACACCCTTCCCAAGTA-1,CSF,-0.07157349201915446
HC,PTC32190_CSF,GSM4104129_ACACCGGGTTGGTAAA-1,CSF,-0.2587423434306193
HC,PTC32190_CSF,GSM4104129_ACAGCCGCACAAGACG-1,CSF,-0.57359009112046
HC,PTC32190_CSF,GSM4104129_ACAGCTATCTCAACTT-1,CSF,-0.07157349201915446
HC,PTC32190_CSF,GSM4104129_ACCGTAAGTAAGTGGC-1,CSF,-0.07157349201915446
HC,PTC32190_CSF,GSM4104129_ACCGTAAGTGCTGTAT-1,CSF,-0.07157349201915446
HC,PTC32190_CSF,GSM4104129_ACCTTTATCCTAGGGC-1,CSF,0.10737341331496938
HC,PTC32190_CSF,GSM4104129_ACGAGGAGTTATGTGC-1,CSF,-0.24010956830416802
HC,PTC32190_CSF,GSM4104129_ACGATGTAGCGATCCC-1,CSF,-0.3978606937742724
HC,PTC32190_CSF,GSM4104129_ACGATGTTCATCATTC-1,CSF,0.17909655293539664
HC,PTC32190_CSF,GSM4104129_ACGCCAGTCGCCCTTA-1,CSF,0.04216995706725633
HC,PTC32190_CSF,GSM4104129_ACGGGTCCACGAGAGT-1,CSF,-0.200251584348146
HC,PTC32190_CSF,GSM4104129_ACTGTCCGTAATCGTC-1,CSF,-0.16921144859597156
HC,PTC32190_CSF,GSM4104129_AGAGCGAGTCAGCTAT-1,CSF,0.190848073209034
HC,PTC32190_CSF,GSM4104129_AGCATACAGTAATCCC-1,CSF,-0.28025947228990805
HC,PTC32190_CSF,GSM4104129_AGGGATGGTCTCCACT-1,CSF,-0.4771894235879078
HC,PTC32190_CSF,GSM4104129_AGTAGTCAGCCCAATT-1,CSF,-0.15616899151122654
HC,PTC32190_CSF,GSM4104129_AGTGGGATCCCTCAGT-1,CSF,-0.20586156089207597
HC,PTC32190_CSF,GSM4104129_ATAACGCTCACTTCAT-1,CSF,-0.07157349201915446
HC,PTC32190_CSF,GSM4104129_ATCACGACATTTCAGG-1,CSF,-0.07157349201915446
HC,PTC32190_CSF,GSM4104129_ATCACGAGTCAGTGGA-1,CSF,-0.218010556493347
HC,PTC32190_CSF,GSM4104129_ATCATCTCATATACCG-1,CSF,-0.07157349201915446
HC,PTC32190_CSF,GSM4104129_ATCCGAATCCGATATG-1,CSF,-0.07157349201915446
HC,PTC32190_CSF,GSM4104129_ATGTGTGCACCAGGCT-1,CSF,-0.3910435853898327
HC,PTC32190_CSF,GSM4104129_CAAGGCCGTATAAACG-1,CSF,0.18896461431718342
HC,PTC32190_CSF,GSM4104129_CAAGGCCGTATTAGCC-1,CSF,0.31377584731949765
HC,PTC32190_CSF,GSM4104129_CAAGTTGAGAACTCGG-1,CSF,-0.3343556404511327
HC,PTC32190_CSF,GSM4104129_CACACTCGTCCGAACC-1,CSF,-0.07157349201915446
HC,PTC32190_CSF,GSM4104129_CACATAGAGCACAGGT-1,CSF,-0.26284562377666765
HC,PTC32190_CSF,GSM4104129_CACCACTGTGCTTCTC-1,CSF,-0.4439433537727847
HC,PTC32190_CSF,GSM4104129_CACCACTTCCGCAAGC-1,CSF,0.232109020021847
HC,PTC32190_CSF,GSM4104129_CAGATCAAGTCGAGTG-1,CSF,-0.2180436661756806
HC,PTC32190_CSF,GSM4104129_CAGCAGCGTGTTCTTT-1,CSF,0.1811369038967757
HC,PTC32190_CSF,GSM4104129_CAGCATAGTCTTCTCG-1,CSF,-0.43051555878806624
HC,PTC32190_CSF,GSM4104129_CAGCATATCGGCTTGG-1,CSF,0.19168281925997052
HC,PTC32190_CSF,GSM4104129_CATATTCTCCAAAGTC-1,CSF,-0.7045096603301405
HC,PTC32190_CSF,GSM4104129_CATCAAGTCTATCGCC-1,CSF,-0.11796019493527561
HC,PTC32190_CSF,GSM4104129_CATCGAACACCGATAT-1,CSF,-0.20562481947841982
HC,PTC32190_CSF,GSM4104129_CATCGAATCGTTACAG-1,CSF,-0.23793663692012842
HC,PTC32190_CSF,GSM4104129_CATCGGGAGCGTCTAT-1,CSF,-0.07157349201915446
HC,PTC32190_CSF,GSM4104129_CATCGGGAGGTTACCT-1,CSF,-0.19375878094520171
HC,PTC32190_CSF,GSM4104129_CATTCGCAGTGTGAAT-1,CSF,-0.3684204804544945
HC,PTC32190_CSF,GSM4104129_CATTCGCTCGGCCGAT-1,CSF,-0.18182789268467772
HC,PTC32190_CSF,GSM4104129_CCACGGAAGTTCGCGC-1,CSF,-0.19760407739601302
HC,PTC32190_CSF,GSM4104129_CCACTACCAGGAATGC-1,CSF,-0.028007230782574007
HC,PTC32190_CSF,GSM4104129_CCGGTAGCAATCGGTT-1,CSF,-0.043587851084725994
HC,PTC32190_CSF,GSM4104129_CCGGTAGTCTCACATT-1,CSF,-0.07157349201915446
HC,PTC32190_CSF,GSM4104129_CCGTTCACAATCTACG-1,CSF,0.16147962752715753
HC,PTC32190_CSF,GSM4104129_CCTAAAGGTTCATGGT-1,CSF,-0.018729666912560346
HC,PTC32190_CSF,GSM4104129_CCTCAGTAGCTGATAA-1,CSF,0.690485057975521
HC,PTC32190_CSF,GSM4104129_CCTTCCCTCTTGCATT-1,CSF,-0.17177613720654275
HC,PTC32190_CSF,GSM4104129_CGACCTTAGAATTGTG-1,CSF,0.11986055931123571
HC,PTC32190_CSF,GSM4104129_CGACCTTTCGCGCCAA-1,CSF,-0.27817453461782055
HC,PTC32190_CSF,GSM4104129_CGAGAAGAGGTCATCT-1,CSF,-0.07157349201915446
HC,PTC32190_CSF,GSM4104129_CGAGAAGTCCATGAAC-1,CSF,0.004734849806154803
HC,PTC32190_CSF,GSM4104129_CGATCGGAGTCAAGCG-1,CSF,-0.5831441092586179
HC,PTC32190_CSF,GSM4104129_CGATCGGGTCATATCG-1,CSF,0.05520390271171015
HC,PTC32190_CSF,GSM4104129_CGATGGCTCTAACTCT-1,CSF,-0.07157349201915446
HC,PTC32190_CSF,GSM4104129_CGGAGTCGTGATAAAC-1,CSF,-0.07157349201915446
HC,PTC32190_CSF,GSM4104129_CGTGAGCTCGTGACAT-1,CSF,0.07916229804478038
HC,PTC32190_CSF,GSM4104129_CGTTGGGCAGTTTACG-1,CSF,-0.07157349201915446
HC,PTC32190_CSF,GSM4104129_CTACACCAGCCTTGAT-1,CSF,0.19908246582631042
HC,PTC32190_CSF,GSM4104129_CTACATTAGGGAGTAA-1,CSF,-0.07157349201915446
HC,PTC32190_CSF,GSM4104129_CTACATTTCTAACTTC-1,CSF,0.2798359316245546
HC,PTC32190_CSF,GSM4104129_CTAGTGAAGATATACG-1,CSF,-0.2159940753292918
HC,PTC32190_CSF,GSM4104129_CTCGAAACACCGTTGG-1,CSF,-0.07157349201915446
HC,PTC32190_CSF,GSM4104129_CTCGAGGCAGCTCCGA-1,CSF,-0.13315490622431264
HC,PTC32190_CSF,GSM4104129_CTCGGAGGTAATTGGA-1,CSF,0.0868110839791891
HC,PTC32190_CSF,GSM4104129_CTCTGGTAGTCCATAC-1,CSF,-0.07157349201915446
HC,PTC32190_CSF,GSM4104129_CTGGTCTCACAAGTAA-1,CSF,-0.08523632972147607
HC,PTC32190_CSF,GSM4104129_CTTAACTAGACAGAGA-1,CSF,-0.07157349201915446
HC,PTC32190_CSF,GSM4104129_CTTACCGAGACCTAGG-1,CSF,-0.42331289891549273
HC,PTC32190_CSF,GSM4104129_CTTACCGCATTTGCCC-1,CSF,-0.0942285164213247
HC,PTC32190_CSF,GSM4104129_GAAACTCTCCAAACAC-1,CSF,0.043791239182375104
HC,PTC32190_CSF,GSM4104129_GAACGGATCTGCGACG-1,CSF,0.2108756464024637
HC,PTC32190_CSF,GSM4104129_GAATAAGCAAGGACAC-1,CSF,0.5780233868324557
HC,PTC32190_CSF,GSM4104129_GACCTGGAGACTAAGT-1,CSF,-0.07157349201915446
HC,PTC32190_CSF,GSM4104129_GAGCAGAGTGATGCCC-1,CSF,-0.04783829368745118
HC,PTC32190_CSF,GSM4104129_GATGAAACAACACCTA-1,CSF,-0.07157349201915446
HC,PTC32190_CSF,GSM4104129_GCACATACATCAGTAC-1,CSF,-0.07157349201915446
HC,PTC32190_CSF,GSM4104129_GCAGTTAAGGAACTGC-1,CSF,-0.07157349201915446
HC,PTC32190_CSF,GSM4104129_GCATACATCCGCATCT-1,CSF,-0.17293376780022005
HC,PTC32190_CSF,GSM4104129_GCATGATCACACCGCA-1,CSF,0.11625315212493197
HC,PTC32190_CSF,GSM4104129_GCATGATTCTGGCGAC-1,CSF,-0.4853712459773954
HC,PTC32190_CSF,GSM4104129_GCCAAATGTAGTAGTA-1,CSF,0.11020094101755055
HC,PTC32190_CSF,GSM4104129_GCGCGATGTCCTGCTT-1,CSF,-0.07157349201915446
HC,PTC32190_CSF,GSM4104129_GCTGCAGAGGAGTAGA-1,CSF,-0.406813675927148
HC,PTC32190_CSF,GSM4104129_GCTGCAGAGTGCAAGC-1,CSF,-0.07157349201915446
HC,PTC32190_CSF,GSM4104129_GCTGCGACACGAAACG-1,CSF,-0.07157349201915446
HC,PTC32190_CSF,GSM4104129_GCTGCGATCGTGACAT-1,CSF,-0.07157349201915446
HC,PTC32190_CSF,GSM4104129_GCTTCCAAGCCAGGAT-1,CSF,0.06572410200565072
HC,PTC32190_CSF,GSM4104129_GGAATAAAGTGGTCCC-1,CSF,-0.07157349201915446
HC,PTC32190_CSF,GSM4104129_GGACAGAAGAGGGATA-1,CSF,-0.07157349201915446
HC,PTC32190_CSF,GSM4104129_GGCGACTTCGTATCAG-1,CSF,0.6002229964515445
HC,PTC32190_CSF,GSM4104129_GGCGTGTCAAGTTAAG-1,CSF,-0.07157349201915446
HC,PTC32190_CSF,GSM4104129_GGCTCGACAGACTCGC-1,CSF,-0.07157349201915446
HC,PTC32190_CSF,GSM4104129_GGCTCGATCGTAGGTT-1,CSF,-0.07415226420875524
HC,PTC32190_CSF,GSM4104129_GGCTGGTAGCGTTCCG-1,CSF,-0.22036996724388205
HC,PTC32190_CSF,GSM4104129_GGGCATCTCTGCGACG-1,CSF,-0.07157349201915446
HC,PTC32190_CSF,GSM4104129_GGGTTGCCATGCTGGC-1,CSF,-0.016445185264336797
HC,PTC32190_CSF,GSM4104129_GTACGTAAGCCCAATT-1,CSF,0.07079151692516118
HC,PTC32190_CSF,GSM4104129_GTACTCCCATATACGC-1,CSF,-0.07157349201915446
HC,PTC32190_CSF,GSM4104129_GTACTTTTCCGTCATC-1,CSF,-0.17552984127979857
HC,PTC32190_CSF,GSM4104129_GTAGGCCTCTTGTATC-1,CSF,-0.07157349201915446
HC,PTC32190_CSF,GSM4104129_GTCACGGGTAGAGCTG-1,CSF,-0.18617213504942257
HC,PTC32190_CSF,GSM4104129_GTCTCGTAGGTGCAAC-1,CSF,0.23823857000556117
HC,PTC32190_CSF,GSM4104129_GTCTCGTGTCAATACC-1,CSF,-0.07157349201915446
HC,PTC32190_CSF,GSM4104129_GTGAAGGGTACGCTGC-1,CSF,-0.3729409629462167
HC,PTC32190_CSF,GSM4104129_GTGCGGTAGTACGATA-1,CSF,-0.2810756218574288
HC,PTC32190_CSF,GSM4104129_GTTAAGCGTCGAATCT-1,CSF,-0.2923509860591462
HC,PTC32190_CSF,GSM4104129_GTTAAGCGTGAAATCA-1,CSF,-0.07157349201915446
HC,PTC32190_CSF,GSM4104129_GTTACAGCACATCCAA-1,CSF,-0.17979506252494246
HC,PTC32190_CSF,GSM4104129_GTTCATTTCGCATGGC-1,CSF,-0.07157349201915446
HC,PTC32190_CSF,GSM4104129_TAAACCGCACGCATCG-1,CSF,-0.07157349201915446
HC,PTC32190_CSF,GSM4104129_TAAGAGAAGCCAGTAG-1,CSF,0.410271105596466
HC,PTC32190_CSF,GSM4104129_TAAGTGCAGGCCCGTT-1,CSF,-0.3238829517541104
HC,PTC32190_CSF,GSM4104129_TACAGTGCAAGCGATG-1,CSF,-0.3054243263862931
HC,PTC32190_CSF,GSM4104129_TACCTTACAACAACCT-1,CSF,-0.07157349201915446
HC,PTC32190_CSF,GSM4104129_TACCTTAGTCCAAGTT-1,CSF,-0.18545103029915191
HC,PTC32190_CSF,GSM4104129_TACCTTATCACGAAGG-1,CSF,-0.07157349201915446
HC,PTC32190_CSF,GSM4104129_TAGACCAAGAAACCAT-1,CSF,-0.07157349201915446
HC,PTC32190_CSF,GSM4104129_TAGCCGGAGTATCTCG-1,CSF,-0.07157349201915446
HC,PTC32190_CSF,GSM4104129_TAGGCATAGGCTAGGT-1,CSF,-0.276366016536853
HC,PTC32190_CSF,GSM4104129_TAGGCATGTTACGCGC-1,CSF,0.5395039082094482
HC,PTC32190_CSF,GSM4104129_TATCAGGAGCGTAATA-1,CSF,0.25777556389184386
HC,PTC32190_CSF,GSM4104129_TATCTCAAGAAACGAG-1,CSF,0.17519484292648665
HC,PTC32190_CSF,GSM4104129_TCAACGACATGCTGGC-1,CSF,-0.11153168104117087
HC,PTC32190_CSF,GSM4104129_TCAGCAACATTTGCTT-1,CSF,-0.07157349201915446
HC,PTC32190_CSF,GSM4104129_TCAGCTCTCACTTCAT-1,CSF,0.17004338973872257
HC,PTC32190_CSF,GSM4104129_TCGTAGAGTAGATTAG-1,CSF,-0.07157349201915446
HC,PTC32190_CSF,GSM4104129_TGACGGCCATCCAACA-1,CSF,-0.07157349201915446
HC,PTC32190_CSF,GSM4104129_TGACGGCTCTTGTTTG-1,CSF,-0.2340334779586787
HC,PTC32190_CSF,GSM4104129_TGCCAAAGTGATAAGT-1,CSF,-0.4310957230549052
HC,PTC32190_CSF,GSM4104129_TGCGTGGTCTGTCTCG-1,CSF,-0.38678159450274724
HC,PTC32190_CSF,GSM4104129_TGCTACCGTGTAATGA-1,CSF,-0.07157349201915446
HC,PTC32190_CSF,GSM4104129_TGCTACCGTTTAAGCC-1,CSF,-0.07157349201915446
HC,PTC32190_CSF,GSM4104129_TGGCCAGCATCACGTA-1,CSF,0.09528550702311041
HC,PTC32190_CSF,GSM4104129_TGGGAAGTCAGCTGGC-1,CSF,-0.04530398946126383
HC,PTC32190_CSF,GSM4104129_TGTATTCTCAGCTCTC-1,CSF,-0.07157349201915446
HC,PTC32190_CSF,GSM4104129_TGTGTTTCATCGGTTA-1,CSF,-0.5308015945116086
HC,PTC32190_CSF,GSM4104129_TGTTCCGCAAGAAGAG-1,CSF,0.1241174765003363
HC,PTC32190_CSF,GSM4104129_TTAACTCTCTCCAGGG-1,CSF,-0.267657483895746
HC,PTC32190_CSF,GSM4104129_TTATGCTCACGCCAGT-1,CSF,-0.20369027696932118
HC,PTC32190_CSF,GSM4104129_TTCGGTCCAGGTCCAC-1,CSF,-0.07157349201915446
HC,PTC32190_CSF,GSM4104129_TTCTACAAGACGCTTT-1,CSF,-0.07157349201915446
HC,PTC32190_CSF,GSM4104129_TTGTAGGAGCAAATCA-1,CSF,-0.2934663027351157
HC,PTC41540_CSF,GSM4104131_AAACGGGCACTTAAGC-1,CSF,-0.19344369785709523
HC,PTC41540_CSF,GSM4104131_AACTCAGCACCACGTG-1,CSF,-0.07157349201915446
HC,PTC41540_CSF,GSM4104131_AAGGCAGTCCGTCAAA-1,CSF,0.0993990583043173
HC,PTC41540_CSF,GSM4104131_ACGATGTCATGCAATC-1,CSF,-0.18191244576969612
HC,PTC41540_CSF,GSM4104131_ACGCCAGGTGACTACT-1,CSF,-0.07157349201915446
HC,PTC41540_CSF,GSM4104131_ACGGAGAGTGCTGTAT-1,CSF,-0.07157349201915446
HC,PTC41540_CSF,GSM4104131_ACGGGTCCAGCATACT-1,CSF,0.02575035351453427
HC,PTC41540_CSF,GSM4104131_ACGTCAAGTCGGCTCA-1,CSF,-0.07157349201915446
HC,PTC41540_CSF,GSM4104131_ACTGTCCTCTCTGCTG-1,CSF,0.161145180312039
HC,PTC41540_CSF,GSM4104131_AGCAGCCCACGCCAGT-1,CSF,-0.07157349201915446
HC,PTC41540_CSF,GSM4104131_AGCGTATGTCGGATCC-1,CSF,-0.07157349201915446
HC,PTC41540_CSF,GSM4104131_AGCTTGAGTGAGCGAT-1,CSF,-0.21016042602771265
HC,PTC41540_CSF,GSM4104131_AGTCTTTAGAGCTGGT-1,CSF,-0.6226103418351122
HC,PTC41540_CSF,GSM4104131_AGTTGGTCACATGGGA-1,CSF,-0.347296482265319
HC,PTC41540_CSF,GSM4104131_ATAAGAGTCGTACCGG-1,CSF,-0.2232823537337838
HC,PTC41540_CSF,GSM4104131_ATCCACCCAAGCTGGA-1,CSF,0.13348609206716847
HC,PTC41540_CSF,GSM4104131_ATCTGCCCACCAGATT-1,CSF,-0.07157349201915446
HC,PTC41540_CSF,GSM4104131_ATGAGGGCAAGTAGTA-1,CSF,0.2702310863721364
HC,PTC41540_CSF,GSM4104131_ATGAGGGCACAGAGGT-1,CSF,0.22088900017155014
HC,PTC41540_CSF,GSM4104131_ATTGGTGAGTGAACAT-1,CSF,-0.07157349201915446
HC,PTC41540_CSF,GSM4104131_CAGTCCTCAGTAAGCG-1,CSF,-0.07157349201915446
HC,PTC41540_CSF,GSM4104131_CATATTCTCGATCCCT-1,CSF,-0.19715278719422408
HC,PTC41540_CSF,GSM4104131_CATCAGAAGATCACGG-1,CSF,-0.05077289473050125
HC,PTC41540_CSF,GSM4104131_CCACGGAGTGCACCAC-1,CSF,-0.07157349201915446
HC,PTC41540_CSF,GSM4104131_CCATTCGCAGTAACGG-1,CSF,-0.18821054426540298
HC,PTC41540_CSF,GSM4104131_CCCTCCTGTTGCGTTA-1,CSF,-0.5708679129281196
HC,PTC41540_CSF,GSM4104131_CCTTACGTCTTAACCT-1,CSF,-0.571453143730099
HC,PTC41540_CSF,GSM4104131_CCTTCCCGTAGAAAGG-1,CSF,-0.5624555134900803
HC,PTC41540_CSF,GSM4104131_CCTTCGACACGGCTAC-1,CSF,-0.2913335034505286
HC,PTC41540_CSF,GSM4104131_CCTTTCTAGGGAACGG-1,CSF,0.2477956850644614
HC,PTC41540_CSF,GSM4104131_CGACTTCTCGCCATAA-1,CSF,0.2794887067335391
HC,PTC41540_CSF,GSM4104131_CGGACACGTTATCCGA-1,CSF,-0.4117815370442753
HC,PTC41540_CSF,GSM4104131_CGTCACTGTATCACCA-1,CSF,0.112976802320944
HC,PTC41540_CSF,GSM4104131_CTACACCAGCCACGTC-1,CSF,-0.36090512431731575
HC,PTC41540_CSF,GSM4104131_CTACACCGTAAGTGTA-1,CSF,-0.2731697163687593
HC,PTC41540_CSF,GSM4104131_CTACCCACATTACCTT-1,CSF,-0.07157349201915446
HC,PTC41540_CSF,GSM4104131_CTCGGAGCAGGGTATG-1,CSF,-0.25745268015845346
HC,PTC41540_CSF,GSM4104131_CTGCGGAGTACCATCA-1,CSF,-0.07157349201915446
HC,PTC41540_CSF,GSM4104131_CTGGTCTAGACGCTTT-1,CSF,-0.07157349201915446
HC,PTC41540_CSF,GSM4104131_CTGGTCTGTTGGTTTG-1,CSF,-0.2677582293994635
HC,PTC41540_CSF,GSM4104131_GACGTTACATTCTCAT-1,CSF,-0.2808375846642377
HC,PTC41540_CSF,GSM4104131_GACTGCGTCTTATCTG-1,CSF,-0.17141577554144133
HC,PTC41540_CSF,GSM4104131_GCACATACACTTGGAT-1,CSF,-0.07157349201915446
HC,PTC41540_CSF,GSM4104131_GCACTCTCACCGAATT-1,CSF,-0.2743998362368681
HC,PTC41540_CSF,GSM4104131_GCATGATCACAGAGGT-1,CSF,-0.07157349201915446
HC,PTC41540_CSF,GSM4104131_GCTTGAACAAGGACAC-1,CSF,-0.23766064381081264
HC,PTC41540_CSF,GSM4104131_GGCCGATCAGCTGTGC-1,CSF,-0.056871342674263206
HC,PTC41540_CSF,GSM4104131_GGGCACTTCAGCTCTC-1,CSF,-0.07157349201915446
HC,PTC41540_CSF,GSM4104131_GGGTCTGAGGGAGTAA-1,CSF,-0.26245488389909793
HC,PTC41540_CSF,GSM4104131_GGGTTGCAGCGTCTAT-1,CSF,-0.07157349201915446
HC,PTC41540_CSF,GSM4104131_GGTGTTAGTATCAGTC-1,CSF,-1.2496003606213661
HC,PTC41540_CSF,GSM4104131_GGTGTTAGTCGTTGTA-1,CSF,0.013886949627345118
HC,PTC41540_CSF,GSM4104131_GTAACTGAGTTCCACA-1,CSF,-0.5326080704106939
HC,PTC41540_CSF,GSM4104131_GTACTCCTCATGTGGT-1,CSF,-0.07157349201915446
HC,PTC41540_CSF,GSM4104131_GTACTTTGTCTAGTCA-1,CSF,-0.26374002863067075
HC,PTC41540_CSF,GSM4104131_GTCCTCACATCCTAGA-1,CSF,0.24674673512728695
HC,PTC41540_CSF,GSM4104131_GTCTCGTCAAACGTGG-1,CSF,0.1201319640741019
HC,PTC41540_CSF,GSM4104131_GTGCTTCCATCACGTA-1,CSF,-0.2824121469283027
HC,PTC41540_CSF,GSM4104131_TAAACCGCAAGCGCTC-1,CSF,0.2587584356895011
HC,PTC41540_CSF,GSM4104131_TACTTACGTTGCGCAC-1,CSF,-0.07157349201915446
HC,PTC41540_CSF,GSM4104131_TAGACCAGTCCCTTGT-1,CSF,-0.06861470581777232
HC,PTC41540_CSF,GSM4104131_TAGAGCTTCTTCGGTC-1,CSF,-0.07157349201915446
HC,PTC41540_CSF,GSM4104131_TATTACCAGATATACG-1,CSF,-0.4278984897122399
HC,PTC41540_CSF,GSM4104131_TCAGATGCAAAGGCGT-1,CSF,-0.07157349201915446
HC,PTC41540_CSF,GSM4104131_TCAGCAACACAACTGT-1,CSF,0.4359212455047322
HC,PTC41540_CSF,GSM4104131_TCGCGAGGTCACACGC-1,CSF,0.08560329395154657
HC,PTC41540_CSF,GSM4104131_TCGCGAGTCCAAAGTC-1,CSF,-0.2651854300149373
HC,PTC41540_CSF,GSM4104131_TCTTTCCTCCATGAGT-1,CSF,-0.1796682015433128
HC,PTC41540_CSF,GSM4104131_TGACTAGTCCTTGGTC-1,CSF,-0.19696736422209019
HC,PTC41540_CSF,GSM4104131_TGAGCCGAGGCATGTG-1,CSF,0.4932413164245169
HC,PTC41540_CSF,GSM4104131_TGCGCAGCAAGACACG-1,CSF,-0.1778287517391449
HC,PTC41540_CSF,GSM4104131_TGGCCAGAGAGGTTAT-1,CSF,0.4484969844442345
HC,PTC41540_CSF,GSM4104131_TGGGCGTGTCTAGAGG-1,CSF,-0.25930049937568356
HC,PTC41540_CSF,GSM4104131_TTGCGTCAGTCTCAAC-1,CSF,0.24678295457444857
HC,PTC41540_CSF,GSM4104131_TTGGAACAGTTAGGTA-1,CSF,-0.35609222694397724
HC,PTC41540_CSF,GSM4104131_TTTGGTTTCTGATACG-1,CSF,-0.3378943248801059
HC,PTC85037_CSF,GSM4104133_ACTTTCAAGCGAAGGG-1,CSF,-0.07157349201915446
HC,PTC85037_CSF,GSM4104133_AGCAGCCTCATGTCTT-1,CSF,-0.07157349201915446
HC,PTC85037_CSF,GSM4104133_AGCGGTCAGGTGATTA-1,CSF,-0.07157349201915446
HC,PTC85037_CSF,GSM4104133_AGGGTGACATACGCTA-1,CSF,-0.2950896014117497
HC,PTC85037_CSF,GSM4104133_AGGTCATAGAAACGCC-1,CSF,-0.07157349201915446
HC,PTC85037_CSF,GSM4104133_AGTAGTCCAATAAGCA-1,CSF,0.4252079439780602
HC,PTC85037_CSF,GSM4104133_ATAGACCGTAAGTGGC-1,CSF,-0.07157349201915446
HC,PTC85037_CSF,GSM4104133_ATCATCTCATCGGGTC-1,CSF,-0.18305809113015922
HC,PTC85037_CSF,GSM4104133_ATCCGAAGTAAATGTG-1,CSF,-0.2193082117160173
HC,PTC85037_CSF,GSM4104133_ATCTACTGTATGAATG-1,CSF,-0.1918150542423655
HC,PTC85037_CSF,GSM4104133_ATCTGCCGTCACTGGC-1,CSF,-0.17104511553450955
HC,PTC85037_CSF,GSM4104133_ATTGGTGCAAGAAAGG-1,CSF,-0.3935817605024562
HC,PTC85037_CSF,GSM4104133_CAAGGCCAGAAACCTA-1,CSF,-0.07157349201915446
HC,PTC85037_CSF,GSM4104133_CACACTCAGAATGTTG-1,CSF,0.15003015101989536
HC,PTC85037_CSF,GSM4104133_CATCAGAAGTGGAGTC-1,CSF,-0.07157349201915446
HC,PTC85037_CSF,GSM4104133_CATGACAAGTTCGATC-1,CSF,-0.07157349201915446
HC,PTC85037_CSF,GSM4104133_CCAGCGAGTAGCACGA-1,CSF,-0.3411431723435766
HC,PTC85037_CSF,GSM4104133_CCATGTCCAGCTTAAC-1,CSF,-0.07157349201915446
HC,PTC85037_CSF,GSM4104133_CCTCAGTAGTAGATGT-1,CSF,-0.23298328798886553
HC,PTC85037_CSF,GSM4104133_CGAATGTAGTCTCGGC-1,CSF,-0.17905202612077378
HC,PTC85037_CSF,GSM4104133_CGAGCACAGATGTGGC-1,CSF,-0.3503173844824682
HC,PTC85037_CSF,GSM4104133_CGTAGCGCAGCTGTTA-1,CSF,-0.43708815198146095
HC,PTC85037_CSF,GSM4104133_CGTGAGCCATAGACTC-1,CSF,-0.24280205430821217
HC,PTC85037_CSF,GSM4104133_CTAACTTAGCGACGTA-1,CSF,-0.25480614683123043
HC,PTC85037_CSF,GSM4104133_CTACATTTCTGTCTCG-1,CSF,-0.07157349201915446
HC,PTC85037_CSF,GSM4104133_CTACCCAGTAAGTAGT-1,CSF,0.02114237125943847
HC,PTC85037_CSF,GSM4104133_CTGATCCGTAAGGATT-1,CSF,-0.44870741817495674
HC,PTC85037_CSF,GSM4104133_CTGCGGACAAGTCTGT-1,CSF,-0.07157349201915446
HC,PTC85037_CSF,GSM4104133_CTGTTTAGTTCGTCTC-1,CSF,-0.659417437882578
HC,PTC85037_CSF,GSM4104133_CTTAGGAAGTTACCCA-1,CSF,-0.26628114949600046
HC,PTC85037_CSF,GSM4104133_GACACGCGTACAAGTA-1,CSF,-0.21553949287007562
HC,PTC85037_CSF,GSM4104133_GACTAACTCACAAACC-1,CSF,-0.07157349201915446
HC,PTC85037_CSF,GSM4104133_GATCGCGAGAGTGACC-1,CSF,-0.07157349201915446
HC,PTC85037_CSF,GSM4104133_GATCGTAAGATCACGG-1,CSF,0.25621820233605247
HC,PTC85037_CSF,GSM4104133_GCGACCAAGAGATGAG-1,CSF,-0.07157349201915446
HC,PTC85037_CSF,GSM4104133_GCGACCAGTTGATTGC-1,CSF,0.3152085371538571
HC,PTC85037_CSF,GSM4104133_GCGCCAACACCCAGTG-1,CSF,-0.18874286615685718
HC,PTC85037_CSF,GSM4104133_GGAAAGCAGTCCGGTC-1,CSF,-0.26938707318276794
HC,PTC85037_CSF,GSM4104133_GGAAAGCGTTCGTGAT-1,CSF,-0.4863884087667432
HC,PTC85037_CSF,GSM4104133_GGGACCTAGTGAAGTT-1,CSF,-0.24894799630898076
HC,PTC85037_CSF,GSM4104133_GTATCTTGTTCCACAA-1,CSF,-0.07157349201915446
HC,PTC85037_CSF,GSM4104133_GTCTTCGTCCTCATTA-1,CSF,0.12921779728386257
HC,PTC85037_CSF,GSM4104133_GTGAAGGCAGGCTCAC-1,CSF,-0.07157349201915446
HC,PTC85037_CSF,GSM4104133_GTGTGCGGTTGTCGCG-1,CSF,-0.7423245334838097
HC,PTC85037_CSF,GSM4104133_GTTAAGCGTGTCGCTG-1,CSF,0.30901196704327677
HC,PTC85037_CSF,GSM4104133_TACCTATCAAACAACA-1,CSF,-0.07157349201915446
HC,PTC85037_CSF,GSM4104133_TACCTATTCTCGTTTA-1,CSF,-0.07157349201915446
HC,PTC85037_CSF,GSM4104133_TCATTACGTGAGCGAT-1,CSF,-0.151483937170966
HC,PTC85037_CSF,GSM4104133_TCTTCGGGTTGGGACA-1,CSF,-0.1961070738915224
HC,PTC85037_CSF,GSM4104133_TGACGGCAGCCGGTAA-1,CSF,0.06829716937476342
HC,PTC85037_CSF,GSM4104133_TGACGGCCAGGCGATA-1,CSF,-0.07157349201915446
HC,PTC85037_CSF,GSM4104133_TGAGAGGGTAGGACAC-1,CSF,-0.7964095398200366
HC,PTC85037_CSF,GSM4104133_TGTTCCGAGTTACGGG-1,CSF,-0.20513022197356243
HC,PTC85037_CSF,GSM4104133_TTAGGACTCAGCTGGC-1,CSF,-0.07157349201915446
HC,PTC85037_CSF,GSM4104133_TTAGTTCAGTTAGGTA-1,CSF,-0.07157349201915446
HC,PTC85037_CSF,GSM4104133_TTGCGTCTCAAGCCTA-1,CSF,-0.21729884311961545
