cxcr3_group,condition,patient,cell_id,zinc_signature
CXCR3+,HC,CSF_2,AACGTTGAGATAGCAT-1,-0.0722064630055994
CXCR3-,HC,CSF_2,ACCGTAACACCACGTG-1,-0.3469165822280208
CXCR3-,HC,CSF_2,AGCATACGTGTAACGG-1,0.5113458798079956
CXCR3+,HC,CSF_2,AGGCCACTCCAACCAA-1,0.33895318111901257
CXCR3+,HC,CSF_2,ATCACGAGTTTGACAC-1,-0.2141853084667281
CXCR3+,HC,CSF_2,ATCATCTCATAGAAAC-1,0.1124477612042877
CXCR3-,HC,CSF_2,ATCTACTCAGCTGTAT-1,-0.10056797643315316
CXCR3-,HC,CSF_2,CAACCAACAACACGCC-1,-0.28108839532878316
CXCR3+,HC,CSF_2,CAACCAAGTCTCAACA-1,-0.3838651415469937
CXCR3+,HC,CSF_2,CAAGGCCGTTCGTCTC-1,-0.10056797643315316
CXCR3+,HC,CSF_2,CACAGTACAGATGGCA-1,-0.10056797643315316
CXCR3+,HC,CSF_2,CAGCTGGTCAAGAAGT-1,-0.10056797643315316
CXCR3-,HC,CSF_2,CCCAATCGTATTCGTG-1,-0.5248104575401333
CXCR3-,HC,CSF_2,CCTTACGGTGTGACGA-1,-0.10056797643315316
CXCR3-,HC,CSF_2,CGGTTAAAGACACTAA-1,-0.10056797643315316
CXCR3+,HC,CSF_2,CTAGAGTAGAAACCAT-1,0.14137240460793493
CXCR3+,HC,CSF_2,CTAGAGTGTTGAGGTG-1,-0.46679759157325773
CXCR3-,HC,CSF_2,CTCAGAAGTAGAGCTG-1,-0.10056797643315316
CXCR3+,HC,CSF_2,CTGGTCTGTAGTGAAT-1,-0.09251015922715503
CXCR3-,HC,CSF_2,GAACATCCATACCATG-1,-0.29136828162441436
CXCR3-,HC,CSF_2,GACACGCTCGGTTCGG-1,-0.10056797643315316
CXCR3+,HC,CSF_2,GACCAATAGCGATGAC-1,-0.30887774931086653
CXCR3+,HC,CSF_2,GACGTGCCAGCCACCA-1,-0.29905749717142466
CXCR3-,HC,CSF_2,GACGTGCGTCTCCCTA-1,-0.5300826481167109
CXCR3+,HC,CSF_2,GACGTGCTCTCGGACG-1,-0.10056797643315316
CXCR3-,HC,CSF_2,GATCAGTCAATCCGAT-1,-0.10056797643315316
CXCR3-,HC,CSF_2,GATCGTAGTCCTCTTG-1,-0.050411933099939535
CXCR3-,HC,CSF_2,GCAGCCAGTTTCCACC-1,-0.8981046365948578
CXCR3-,HC,CSF_2,GCATGATCACATTTCT-1,-0.3976498526373153
CXCR3-,HC,CSF_2,GCCTCTATCGCCCTTA-1,-0.2827492627913629
CXCR3-,HC,CSF_2,GGAATAATCTGCCAGG-1,0.1868823649478288
CXCR3-,HC,CSF_2,GGGACCTGTAGGAGTC-1,-0.20045547223316235
CXCR3+,HC,CSF_2,GGTGCGTCACTGCCAG-1,0.2425919498285942
CXCR3+,HC,CSF_2,GTAACGTCAAAGGAAG-1,-0.10056797643315316
CXCR3+,HC,CSF_2,GTAGGCCCACTTCTGC-1,0.5113023289125462
CXCR3-,HC,CSF_2,GTCAAGTCATACTCTT-1,-0.10056797643315316
CXCR3+,HC,CSF_2,GTCATTTCACCGTTGG-1,-0.4342936853878753
CXCR3-,HC,CSF_2,GTCGTAACACGGCGTT-1,0.028608336540408823
CXCR3-,HC,CSF_2,GTCTCGTCAAATCCGT-1,-0.41403586159677924
CXCR3-,HC,CSF_2,GTCTCGTTCTGTTTGT-1,-0.6055878828465049
CXCR3+,HC,CSF_2,GTGCTTCAGGTGCACA-1,-0.10100127392147011
CXCR3-,HC,CSF_2,GTTCATTAGCTAGGCA-1,-0.47373029249603277
CXCR3-,HC,CSF_2,TAAGTGCAGGCATGGT-1,-0.30361728594328
CXCR3-,HC,CSF_2,TAAGTGCTCTAACTCT-1,0.0896969233690974
CXCR3-,HC,CSF_2,TACCTTACATCACAAC-1,0.37224852353506505
CXCR3+,HC,CSF_2,TAGAGCTAGGCTCTTA-1,0.22140161682898166
CXCR3-,HC,CSF_2,TCAACGAAGTCGTACT-1,-0.10056797643315316
CXCR3+,HC,CSF_2,TCAGATGGTAGCCTCG-1,-0.30083454612706145
CXCR3+,HC,CSF_2,TCAGCTCAGAGCTGCA-1,-0.01640653093358094
CXCR3-,HC,CSF_2,TCAGCTCTCCGCAGTG-1,0.5944775410988424
CXCR3-,HC,CSF_2,TCAGGATAGATGTGGC-1,0.07038877409773202
CXCR3-,HC,CSF_2,TCGCGTTAGCCCAGCT-1,-0.22959049490423675
CXCR3+,HC,CSF_2,TCGGGACAGGAATTAC-1,-0.10056797643315316
CXCR3-,HC,CSF_2,TCGGGACTCCTCGCAT-1,-0.22053326983855337
CXCR3-,HC,CSF_2,TCTCATATCTCGTTTA-1,0.07663228437223328
CXCR3-,HC,CSF_2,TGACGGCTCAGATAAG-1,-0.01109538601743124
CXCR3-,HC,CSF_2,TGACTAGGTTCCAACA-1,-0.41317147017609185
CXCR3-,HC,CSF_2,TGCGGGTAGTGTGAAT-1,-0.3836817659774145
CXCR3+,HC,CSF_2,TGGCCAGCATCCCATC-1,0.11213974012113057
CXCR3-,HC,CSF_2,TGTCCCAAGCAATATG-1,-0.28643367993444285
CXCR3+,HC,CSF_2,TGTGTTTTCTTTAGGG-1,-0.02565644560755616
CXCR3-,HC,CSF_2,TGTTCCGAGCACGCCT-1,-0.3137883509088068
CXCR3+,HC,CSF_2,TTGACTTTCGAATCCA-1,-0.10056797643315316
CXCR3-,HC,CSF_2,TTTCCTCAGCAGGTCA-1,-0.03857634779735376
CXCR3-,HC,CSF_3,AAACGGGCAATGAATG-1,-0.10056797643315316
CXCR3-,HC,CSF_3,AAAGTAGTCTAGCACA-1,-0.10056797643315316
CXCR3-,HC,CSF_3,AAATGCCCAGCTGCTG-1,-0.29370042874530256
CXCR3-,HC,CSF_3,AAATGCCGTTAAGACA-1,-0.10056797643315316
CXCR3+,HC,CSF_3,AACCATGAGTGACATA-1,-0.10056797643315316
CXCR3-,HC,CSF_3,AACTCTTTCGGTGTTA-1,-0.10056797643315316
CXCR3-,HC,CSF_3,AAGCCGCTCAGTTGAC-1,-0.10056797643315316
CXCR3-,HC,CSF_3,AAGGAGCAGTATTGGA-1,-0.10056797643315316
CXCR3-,HC,CSF_3,AAGGAGCTCTGGGCCA-1,-0.10056797643315316
CXCR3-,HC,CSF_3,ACAGCCGTCATGCTCC-1,-0.10056797643315316
CXCR3-,HC,CSF_3,ACAGCTAAGTTGAGAT-1,-0.10056797643315316
CXCR3-,HC,CSF_3,ACATACGAGCGCCTTG-1,-0.10056797643315316
CXCR3-,HC,CSF_3,ACATCAGTCAACGAAA-1,-0.10056797643315316
CXCR3+,HC,CSF_3,ACATGGTCACGACTCG-1,0.08660832961414822
CXCR3-,HC,CSF_3,ACATGGTTCTAAGCCA-1,-0.10056797643315316
CXCR3-,HC,CSF_3,ACGAGGAGTCGGCATC-1,-1.5677060883025133
CXCR3-,HC,CSF_3,ACGAGGAGTCTCTCGT-1,0.1847096820982073
CXCR3-,HC,CSF_3,ACGAGGATCCTTCAAT-1,0.24815978134843059
CXCR3-,HC,CSF_3,ACGAGGATCTCGAGTA-1,-0.10056797643315316
CXCR3-,HC,CSF_3,ACGATGTTCGTCGTTC-1,-0.10056797643315316
CXCR3-,HC,CSF_3,ACGCAGCAGTCTCAAC-1,0.11552008917509006
CXCR3-,HC,CSF_3,ACGGCCAAGACAATAC-1,-0.10056797643315316
CXCR3-,HC,CSF_3,ACGGGCTGTCTGCAAT-1,0.5126400024908111
CXCR3-,HC,CSF_3,ACGGGTCGTGTGACGA-1,-0.10056797643315316
CXCR3-,HC,CSF_3,ACGTCAATCACTTCAT-1,-0.10056797643315316
CXCR3-,HC,CSF_3,ACTGAACAGGATATAC-1,-0.35707321272704856
CXCR3+,HC,CSF_3,ACTTACTTCGAGCCCA-1,-0.10056797643315316
CXCR3-,HC,CSF_3,AGACGTTAGTGAAGTT-1,0.5680991997930881
CXCR3-,HC,CSF_3,AGACGTTTCTCGTTTA-1,-0.10056797643315316
CXCR3-,HC,CSF_3,AGATCTGCAGACTCGC-1,-0.10056797643315316
CXCR3+,HC,CSF_3,AGATTGCCATTGGTAC-1,-0.10056797643315316
CXCR3-,HC,CSF_3,AGCCTAATCCCTTGCA-1,-0.5337045916319818
CXCR3+,HC,CSF_3,AGCTCTCAGGATGGTC-1,-0.10056797643315316
CXCR3-,HC,CSF_3,AGCTTGAGTCTCCACT-1,-0.10056797643315316
CXCR3-,HC,CSF_3,AGGCCGTCAAGTTGTC-1,-0.2593775538297997
CXCR3-,HC,CSF_3,AGGGAGTAGAATTGTG-1,-0.10056797643315316
CXCR3-,HC,CSF_3,AGGTCCGGTCCCGACA-1,-0.29748508311198957
CXCR3-,HC,CSF_3,AGTAGTCAGTCCAGGA-1,-0.10056797643315316
CXCR3-,HC,CSF_3,AGTTGGTCACTGAAGG-1,-0.290816037610771
CXCR3-,HC,CSF_3,ATAGACCAGTACTTGC-1,-0.13018590714023962
CXCR3-,HC,CSF_3,ATCCGAAAGCTGAACG-1,0.23374287601401247
CXCR3-,HC,CSF_3,ATCTACTCAGCCTGTG-1,0.003722378613535455
CXCR3-,HC,CSF_3,ATGAGGGGTAGTACCT-1,-0.345330144016441
CXCR3-,HC,CSF_3,ATTCTACTCGTGACAT-1,-0.10056797643315316
CXCR3-,HC,CSF_3,ATTGGACAGCGATAGC-1,-0.10056797643315316
CXCR3-,HC,CSF_3,ATTGGACTCGTGGGAA-1,-0.6873105432212803
CXCR3-,HC,CSF_3,CAACCTCCAGGCGATA-1,-0.10056797643315316
CXCR3-,HC,CSF_3,CAACCTCGTGACTCAT-1,-0.10056797643315316
CXCR3-,HC,CSF_3,CAAGTTGGTACTCAAC-1,-0.10056797643315316
CXCR3-,HC,CSF_3,CAAGTTGGTGCCTTGG-1,-0.10056797643315316
CXCR3-,HC,CSF_3,CACACAATCCGCTGTT-1,-0.10056797643315316
CXCR3-,HC,CSF_3,CACACCTTCGGCGGTT-1,-0.4789215682423242
CXCR3-,HC,CSF_3,CACACTCAGACTACAA-1,-0.6847369942790318
CXCR3-,HC,CSF_3,CACACTCGTCTAGAGG-1,-0.10056797643315316
CXCR3+,HC,CSF_3,CACAGGCCACACGCTG-1,-0.10056797643315316
CXCR3-,HC,CSF_3,CACAGGCGTTCGTCTC-1,-0.10056797643315316
CXCR3-,HC,CSF_3,CACAGGCTCTCGTATT-1,-0.4361833038868905
CXCR3-,HC,CSF_3,CACAGTAGTCGCATCG-1,0.06683826213535547
CXCR3-,HC,CSF_3,CAGAGAGGTACCGAGA-1,0.29084770092410567
CXCR3-,HC,CSF_3,CAGCAGCTCACGGTTA-1,-0.22360435154880637
CXCR3-,HC,CSF_3,CAGCAGCTCGCGCCAA-1,0.40216534180139324
CXCR3-,HC,CSF_3,CAGCTAAAGCTAGTCT-1,-0.3114832730759337
CXCR3-,HC,CSF_3,CAGCTAAAGGCTCATT-1,-0.10056797643315316
CXCR3-,HC,CSF_3,CAGCTAAGTACGCTGC-1,-0.10056797643315316
CXCR3+,HC,CSF_3,CATATTCCATGCAACT-1,-0.10056797643315316
CXCR3-,HC,CSF_3,CATCCACCAGGTTTCA-1,-0.10056797643315316
CXCR3-,HC,CSF_3,CATCCACTCGGCCGAT-1,-0.10056797643315316
CXCR3+,HC,CSF_3,CATCGAATCTGCGACG-1,-0.0031475638561516933
CXCR3-,HC,CSF_3,CATCGGGCAGCCTTTC-1,-0.10056797643315316
CXCR3-,HC,CSF_3,CATGACAAGTGAATTG-1,-0.049645763701047216
CXCR3-,HC,CSF_3,CATTCGCCAGACGCTC-1,-0.10056797643315316
CXCR3-,HC,CSF_3,CCATGTCGTTAAGGGC-1,-0.10056797643315316
CXCR3+,HC,CSF_3,CCGGGATTCATAAAGG-1,-0.33901116020911054
CXCR3-,HC,CSF_3,CCGTACTGTTGCGTTA-1,0.5953783505687946
CXCR3-,HC,CSF_3,CCGTACTTCAGGATCT-1,-0.2345422077189978
CXCR3-,HC,CSF_3,CCGTTCATCGTACCGG-1,-0.10056797643315316
CXCR3-,HC,CSF_3,CCTCAGTAGTGACATA-1,-0.3932726628422097
CXCR3-,HC,CSF_3,CCTCTGACATTCGACA-1,-0.10056797643315316
CXCR3+,HC,CSF_3,CCTTCCCAGGTGTGGT-1,-0.21106716332863945
CXCR3-,HC,CSF_3,CGACCTTCAGCTTAAC-1,0.28859283221860765
CXCR3-,HC,CSF_3,CGACTTCCACGAAATA-1,0.08417346404981105
CXCR3-,HC,CSF_3,CGAGAAGAGGACTGGT-1,0.6285123636515442
CXCR3+,HC,CSF_3,CGAGCACAGCCCAATT-1,0.19376421312923942
CXCR3-,HC,CSF_3,CGATCGGCAAACCTAC-1,-0.10056797643315316
CXCR3-,HC,CSF_3,CGATGGCGTCATGCAT-1,-0.10056797643315316
CXCR3-,HC,CSF_3,CGATGTAGTATCTGCA-1,0.204833125987427
CXCR3-,HC,CSF_3,CGATGTAGTCTCACCT-1,0.22411933571630932
CXCR3+,HC,CSF_3,CGATTGACAGGACCCT-1,-0.28818393199082165
CXCR3-,HC,CSF_3,CGCCAAGAGAAGGGTA-1,-0.10056797643315316
CXCR3+,HC,CSF_3,CGCCAAGCACAAGTAA-1,-0.10056797643315316
CXCR3-,HC,CSF_3,CGCGTTTGTGTTAAGA-1,-0.35724442703360504
CXCR3-,HC,CSF_3,CGCTATCCAGCCTGTG-1,0.18670301727760658
CXCR3-,HC,CSF_3,CGCTTCACATATGCTG-1,-0.10056797643315316
CXCR3-,HC,CSF_3,CGGACGTGTTCTCATT-1,-0.34949841917822944
CXCR3-,HC,CSF_3,CGGAGCTAGTCCGTAT-1,-0.10056797643315316
CXCR3-,HC,CSF_3,CGGCTAGGTCAAACTC-1,-0.10056797643315316
CXCR3-,HC,CSF_3,CGGCTAGTCCCGGATG-1,-0.10056797643315316
CXCR3+,HC,CSF_3,CGGTTAAGTAGATTAG-1,-0.10056797643315316
CXCR3-,HC,CSF_3,CGGTTAAGTCTAGTCA-1,-0.10056797643315316
CXCR3-,HC,CSF_3,CGTCCATGTAGCGTGA-1,-0.10056797643315316
CXCR3-,HC,CSF_3,CGTCTACGTCAACATC-1,-0.22589701230813658
CXCR3-,HC,CSF_3,CTAAGACGTGCGGTAA-1,0.10909801879951656
CXCR3-,HC,CSF_3,CTACACCAGCCCAACC-1,-0.3174420949994668
CXCR3-,HC,CSF_3,CTACGTCAGTACCGGA-1,-0.10056797643315316
CXCR3-,HC,CSF_3,CTAGTGATCTCTAAGG-1,-0.10056797643315316
CXCR3-,HC,CSF_3,CTCATTATCATTTGGG-1,-0.10056797643315316
CXCR3-,HC,CSF_3,CTCATTATCCAAAGTC-1,-0.10056797643315316
CXCR3-,HC,CSF_3,CTCGGAGCAAACAACA-1,-0.25659182538008973
CXCR3+,HC,CSF_3,CTCGTACCAGTCGATT-1,-0.10056797643315316
CXCR3-,HC,CSF_3,CTCGTACGTCGAATCT-1,-0.10056797643315316
CXCR3-,HC,CSF_3,CTCTACGTCAACACCA-1,0.2275141256157218
CXCR3+,HC,CSF_3,CTCTACGTCCAAACAC-1,-0.10056797643315316
CXCR3-,HC,CSF_3,CTGAAACCAAACAACA-1,0.29385290971054046
CXCR3+,HC,CSF_3,CTGAAGTAGCTTTGGT-1,-0.10056797643315316
CXCR3-,HC,CSF_3,CTGATCCCACCAGTTA-1,-0.10056797643315316
CXCR3-,HC,CSF_3,CTGCTGTTCCCAAGAT-1,-0.10056797643315316
CXCR3-,HC,CSF_3,CTTAACTAGTTAGCGG-1,0.3257438850319901
CXCR3+,HC,CSF_3,CTTACCGGTCCAACTA-1,-0.10056797643315316
CXCR3-,HC,CSF_3,CTTCTCTCAAGAAGAG-1,0.1477380434595698
CXCR3-,HC,CSF_3,CTTGGCTTCAGCAACT-1,-0.10056797643315316
CXCR3-,HC,CSF_3,GAACATCTCTCTAGGA-1,-0.10056797643315316
CXCR3-,HC,CSF_3,GAACCTAGTCTGCAAT-1,0.1614521560956196
CXCR3-,HC,CSF_3,GAAGCAGAGAGCTGCA-1,0.36092444554775643
CXCR3-,HC,CSF_3,GAATGAAGTACGCTGC-1,-0.10056797643315316
CXCR3+,HC,CSF_3,GACGCGTGTTGGGACA-1,-0.10056797643315316
CXCR3-,HC,CSF_3,GACGGCTTCTCAAGTG-1,-0.10056797643315316
CXCR3-,HC,CSF_3,GACTAACAGGACTGGT-1,-0.10056797643315316
CXCR3-,HC,CSF_3,GAGCAGAGTTCCCTTG-1,-0.10056797643315316
CXCR3-,HC,CSF_3,GATCAGTGTACGACCC-1,-0.10056797643315316
CXCR3-,HC,CSF_3,GATCGATGTAAGGATT-1,-0.10056797643315316
CXCR3-,HC,CSF_3,GATCTAGTCGCGCCAA-1,0.26601539172197985
CXCR3-,HC,CSF_3,GCAATCAGTCCCTTGT-1,-0.4909076929114085
CXCR3-,HC,CSF_3,GCACATAGTCGTGGCT-1,-0.4096975715252521
CXCR3-,HC,CSF_3,GCAGTTAGTGTGACCC-1,-0.10056797643315316
CXCR3-,HC,CSF_3,GCATGATCATACTACG-1,0.2489055796241555
CXCR3-,HC,CSF_3,GCATGATGTTCCGGCA-1,-0.10056797643315316
CXCR3-,HC,CSF_3,GCGACCACAGCTGCTG-1,0.28027744922498365
CXCR3-,HC,CSF_3,GCGCCAAAGTGGTAGC-1,-0.10056797643315316
CXCR3-,HC,CSF_3,GCGGGTTCATGTCCTC-1,-0.31115797764462994
CXCR3-,HC,CSF_3,GCTCCTAAGCAGACTG-1,-0.3079394300259276
CXCR3-,HC,CSF_3,GCTCCTACAATGTAAG-1,-0.10056797643315316
CXCR3-,HC,CSF_3,GCTCTGTGTACAGTGG-1,0.07012370368458613
CXCR3+,HC,CSF_3,GCTGCAGAGTTTAGGA-1,-0.10056797643315316
CXCR3+,HC,CSF_3,GCTGCAGTCCTTAATC-1,-0.10056797643315316
CXCR3+,HC,CSF_3,GCTGCGAGTGCTTCTC-1,-0.10056797643315316
CXCR3-,HC,CSF_3,GCTGCGATCTTCGGTC-1,-0.6007455092140119
CXCR3-,HC,CSF_3,GCTGGGTGTGTAAGTA-1,-0.10056797643315316
CXCR3-,HC,CSF_3,GGAACTTCAGTGGAGT-1,-0.10056797643315316
CXCR3-,HC,CSF_3,GGACAAGTCTTGGGTA-1,-0.25085752788904286
CXCR3+,HC,CSF_3,GGCAATTAGCCTATGT-1,-0.12388547860745977
CXCR3+,HC,CSF_3,GGCAATTTCAGGCCCA-1,0.049428265510601484
CXCR3-,HC,CSF_3,GGCCGATAGTATCTCG-1,-0.29237077397514666
CXCR3+,HC,CSF_3,GGCCGATCAAATTGCC-1,0.6964177871448551
CXCR3-,HC,CSF_3,GGCCGATCAGTCGATT-1,-0.5707006808486886
CXCR3-,HC,CSF_3,GGCGACTAGGCTCTTA-1,-0.10056797643315316
CXCR3-,HC,CSF_3,GGCGACTAGTGAATTG-1,0.241600772363218
CXCR3-,HC,CSF_3,GGGAGATTCCCAAGTA-1,-0.1359447074825147
CXCR3-,HC,CSF_3,GGGTCTGGTAAATGTG-1,-0.10056797643315316
CXCR3+,HC,CSF_3,GGTGCGTAGAGGGATA-1,-1.6346290032897848
CXCR3-,HC,CSF_3,GGTGCGTAGGTCATCT-1,-0.30064431461363367
CXCR3-,HC,CSF_3,GTAACTGCAGTACACT-1,-0.30729537348779334
CXCR3-,HC,CSF_3,GTACTTTGTTGGTAAA-1,-0.10056797643315316
CXCR3-,HC,CSF_3,GTACTTTTCGAGAGCA-1,-0.30828999112039035
CXCR3-,HC,CSF_3,GTATTCTAGAAACCTA-1,-0.10056797643315316
CXCR3-,HC,CSF_3,GTCACAAAGTCACGCC-1,-0.10056797643315316
CXCR3-,HC,CSF_3,GTCTCGTAGAAGAAGC-1,-0.10056797643315316
CXCR3-,HC,CSF_3,GTCTTCGAGCAGATCG-1,-0.10056797643315316
CXCR3-,HC,CSF_3,GTGCTTCGTCCGAATT-1,-0.46576683297423604
CXCR3-,HC,CSF_3,GTGCTTCTCGGCGGTT-1,-0.10056797643315316
CXCR3-,HC,CSF_3,GTGTGCGAGTACTTGC-1,-0.10056797643315316
CXCR3-,HC,CSF_3,GTGTTAGGTCAGAAGC-1,-0.10056797643315316
CXCR3-,HC,CSF_3,GTGTTAGTCCTGCCAT-1,-0.3335004702870496
CXCR3-,HC,CSF_3,GTTAAGCGTCTGATCA-1,-0.10056797643315316
CXCR3-,HC,CSF_3,GTTACAGGTCATCCCT-1,-0.8653419580536684
CXCR3-,HC,CSF_3,GTTCATTGTTCCATGA-1,0.2574694055596946
CXCR3-,HC,CSF_3,TAAGCGTAGAGACTAT-1,-0.10056797643315316
CXCR3-,HC,CSF_3,TACACGACAAGCTGTT-1,-0.10056797643315316
CXCR3-,HC,CSF_3,TACACGAGTTGTCGCG-1,-0.25613890067057665
CXCR3-,HC,CSF_3,TACCTATCAACGATGG-1,-0.11842991128260792
CXCR3-,HC,CSF_3,TACGGATTCAAGAAGT-1,-0.10056797643315316
CXCR3+,HC,CSF_3,TACGGGCTCGTCGTTC-1,0.14158665191774142
CXCR3-,HC,CSF_3,TAGAGCTCACCCATTC-1,0.33247987967739556
CXCR3-,HC,CSF_3,TAGTGGTAGCACAGGT-1,-0.10056797643315316
CXCR3+,HC,CSF_3,TAGTTGGCACATTTCT-1,0.2900808283378503
CXCR3-,HC,CSF_3,TATCAGGAGCTGTCTA-1,-0.10056797643315316
CXCR3+,HC,CSF_3,TCACAAGGTCATTAGC-1,-0.4596460714991279
CXCR3-,HC,CSF_3,TCACGAACACTGTGTA-1,-0.10056797643315316
CXCR3-,HC,CSF_3,TCAGCAACACCAGGCT-1,-0.10056797643315316
CXCR3-,HC,CSF_3,TCAGCAACACTGCCAG-1,-0.10056797643315316
CXCR3-,HC,CSF_3,TCAGCTCTCTTGCATT-1,0.24021208686733964
CXCR3+,HC,CSF_3,TCATTACAGGTGCAAC-1,-0.10056797643315316
CXCR3-,HC,CSF_3,TCGGGACCACAAGACG-1,-1.025790538350385
CXCR3-,HC,CSF_3,TCGTAGACATTCACTT-1,-0.35268514399011736
CXCR3+,HC,CSF_3,TCTCTAACAATGAAAC-1,0.016647903846699657
CXCR3-,HC,CSF_3,TCTGAGATCAACCAAC-1,-0.10056797643315316
CXCR3-,HC,CSF_3,TCTGGAAAGGGAAACA-1,-0.6138808223243825
CXCR3+,HC,CSF_3,TCTTTCCAGCCGTCGT-1,0.060092459901613805
CXCR3-,HC,CSF_3,TGACGGCAGTCTCCTC-1,0.22194450630684434
CXCR3-,HC,CSF_3,TGACGGCAGTGCGATG-1,-0.10056797643315316
CXCR3-,HC,CSF_3,TGACGGCTCCGCGGTA-1,0.07431532405765333
CXCR3+,HC,CSF_3,TGACTAGAGCTGATAA-1,-0.10056797643315316
CXCR3-,HC,CSF_3,TGACTTTCACCTCGGA-1,-0.10056797643315316
CXCR3-,HC,CSF_3,TGAGCATTCCAACCAA-1,-0.10056797643315316
CXCR3-,HC,CSF_3,TGAGGGAGTATTCGTG-1,-0.10056797643315316
CXCR3-,HC,CSF_3,TGATTTCTCCTCAATT-1,-0.10056797643315316
CXCR3-,HC,CSF_3,TGCACCTCACGCGAAA-1,-0.3067414946185255
CXCR3-,HC,CSF_3,TGCCAAATCAACCATG-1,0.14666507663901532
CXCR3-,HC,CSF_3,TGCGCAGAGCCTATGT-1,-0.10056797643315316
CXCR3+,HC,CSF_3,TGCGCAGGTAGCTAAA-1,-0.10056797643315316
CXCR3-,HC,CSF_3,TGCTACCTCGTAGGAG-1,-0.10056797643315316
CXCR3-,HC,CSF_3,TGCTGCTAGACTACAA-1,-0.10056797643315316
CXCR3+,HC,CSF_3,TGCTGCTGTCTCGTTC-1,-0.10056797643315316
CXCR3-,HC,CSF_3,TGGGAAGGTAAATACG-1,-0.317723981669726
CXCR3-,HC,CSF_3,TGGGAAGTCGTGACAT-1,-0.10056797643315316
CXCR3-,HC,CSF_3,TGGGCGTGTATAAACG-1,-0.10056797643315316
CXCR3-,HC,CSF_3,TGGTTCCTCACGAAGG-1,-0.10056797643315316
CXCR3-,HC,CSF_3,TGTATTCAGTGCGATG-1,-0.10056797643315316
CXCR3-,HC,CSF_3,TGTATTCCAACACGCC-1,-0.5015590494961847
CXCR3-,HC,CSF_3,TGTCCCATCACTCTTA-1,0.27827741434063424
CXCR3-,HC,CSF_3,TGTGGTACATTAGGCT-1,-0.10056797643315316
CXCR3-,HC,CSF_3,TTAGTTCAGCTAGTGG-1,-0.10056797643315316
CXCR3-,HC,CSF_3,TTATGCTCATGAACCT-1,-0.10056797643315316
CXCR3-,HC,CSF_3,TTCGAAGCAGAAGCAC-1,-0.10056797643315316
CXCR3-,HC,CSF_3,TTCTCAACATGACGGA-1,-0.4652948712165509
CXCR3+,HC,CSF_3,TTGACTTGTAGCTCCG-1,-0.42752150506449377
CXCR3-,HC,CSF_3,TTGCCGTGTACAAGTA-1,-0.10056797643315316
CXCR3-,HC,CSF_3,TTTCCTCAGTTCCACA-1,0.21937654598413342
CXCR3+,HC,CSF_3,TTTGTCATCTACCAGA-1,-0.29888175909953596
CXCR3+,HC,CSF_32,AAACCTGAGAAACCGC-1,-0.42038745633344415
CXCR3+,HC,CSF_32,AAAGTAGGTACAGACG-1,-0.3075217398063121
CXCR3-,HC,CSF_32,AAATGCCGTCGGATCC-1,-0.10056797643315316
CXCR3-,HC,CSF_32,AACCATGGTTGGTGGA-1,0.10790879211298054
CXCR3-,HC,CSF_32,AACCGCGCAGGTTTCA-1,-0.08491590495399412
CXCR3-,HC,CSF_32,AACTCAGAGGTTCCTA-1,-0.6787164704247747
CXCR3+,HC,CSF_32,AACTCTTGTGTATGGG-1,-0.10056797643315316
CXCR3-,HC,CSF_32,AACTCTTTCTGATACG-1,-0.10056797643315316
CXCR3-,HC,CSF_32,AACTGGTCATTGTGCA-1,-0.11793566683314131
CXCR3-,HC,CSF_32,AAGACCTTCTGCAGTA-1,0.060408552766010884
CXCR3+,HC,CSF_32,AAGGCAGAGTGTACGG-1,0.16819998437107003
CXCR3+,HC,CSF_32,AAGGTTCCATGCGCAC-1,0.10329502991483507
CXCR3-,HC,CSF_32,AATCGGTGTTTGTGTG-1,0.24550476354769277
CXCR3-,HC,CSF_32,ACACCCTTCTCGCTTG-1,-1.1433529491781391
CXCR3-,HC,CSF_32,ACACCGGTCTGCGGCA-1,-0.7018742783373383
CXCR3-,HC,CSF_32,ACACTGACACGAAAGC-1,-0.46343699595259175
CXCR3+,HC,CSF_32,ACAGCCGTCGTGGGAA-1,-0.7369415421679534
CXCR3-,HC,CSF_32,ACAGCTAGTGCAACTT-1,-0.27294931821545904
CXCR3+,HC,CSF_32,ACAGCTAGTTCGCGAC-1,-0.022249400542052915
CXCR3-,HC,CSF_32,ACCAGTAAGTCACGCC-1,-0.02654125095654877
CXCR3+,HC,CSF_32,ACCGTAAAGGAGTTGC-1,-0.27770742610720583
CXCR3-,HC,CSF_32,ACGAGCCTCACCTTAT-1,-0.12296193442949056
CXCR3+,HC,CSF_32,ACGATGTCAAGGGTCA-1,-0.25770731537763114
CXCR3-,HC,CSF_32,ACGATGTGTTCTGAAC-1,-0.1541286823246399
CXCR3-,HC,CSF_32,ACGCCAGAGTGCAAGC-1,-0.1546778162965531
CXCR3-,HC,CSF_32,ACGGGCTAGCTAAACA-1,-0.21767569483631857
CXCR3-,HC,CSF_32,ACGGGCTCAATCACAC-1,0.1797017573979313
CXCR3+,HC,CSF_32,ACGGGCTTCCCAAGAT-1,0.06658463852513205
CXCR3+,HC,CSF_32,ACGGGCTTCGGAAACG-1,-0.2219940449735973
CXCR3-,HC,CSF_32,ACGTCAAAGATATGCA-1,0.6084704452143581
CXCR3-,HC,CSF_32,ACTATCTGTCGGATCC-1,-0.23956036155567176
CXCR3+,HC,CSF_32,ACTGAACTCGTCCAGG-1,0.5930046412611503
CXCR3+,HC,CSF_32,ACTGAGTTCTGTGCAA-1,-0.5048907496278876
CXCR3-,HC,CSF_32,ACTGCTCAGATGCCAG-1,-0.43560614135911957
CXCR3-,HC,CSF_32,ACTGCTCCAGTATCTG-1,-0.28891017286517334
CXCR3-,HC,CSF_32,ACTGCTCGTGGCTCCA-1,-0.10056797643315316
CXCR3-,HC,CSF_32,ACTGTCCCACAGCGTC-1,0.01562480459121691
CXCR3+,HC,CSF_32,AGAATAGCACTAAGTC-1,0.21582507606110837
CXCR3-,HC,CSF_32,AGAGCGAAGAAACCTA-1,-0.44589240843879346
CXCR3-,HC,CSF_32,AGAGTGGTCTGCCAGG-1,-0.7368663180689176
CXCR3+,HC,CSF_32,AGATTGCCACACATGT-1,-0.10056797643315316
CXCR3-,HC,CSF_32,AGCAGCCTCTTGCATT-1,-0.5531546769700239
CXCR3-,HC,CSF_32,AGCCTAAAGGCTACGA-1,-0.36535140953922546
CXCR3+,HC,CSF_32,AGCCTAAGTATAAACG-1,-0.13801279660752352
CXCR3-,HC,CSF_32,AGCCTAATCAGCTTAG-1,-0.2343306869559219
CXCR3-,HC,CSF_32,AGCGGTCTCCGAGCCA-1,-0.26273407105867014
CXCR3-,HC,CSF_32,AGCGTATAGACTAAGT-1,-1.0452517980942557
CXCR3-,HC,CSF_32,AGCTCCTTCGCCCTTA-1,-0.9148719753417751
CXCR3-,HC,CSF_32,AGCTCTCGTCCATCCT-1,-0.10056797643315316
CXCR3-,HC,CSF_32,AGCTCTCGTCGATTGT-1,-0.10056797643315316
CXCR3-,HC,CSF_32,AGCTCTCTCCGAGCCA-1,0.2527012723548593
CXCR3-,HC,CSF_32,AGGCCACCAAACCCAT-1,-0.29664778256030955
CXCR3+,HC,CSF_32,AGGCCACCACACATGT-1,-0.23156850781783436
CXCR3-,HC,CSF_32,AGGTCCGCAGTGAGTG-1,-0.2936296001255564
CXCR3+,HC,CSF_32,AGTGAGGCACACAGAG-1,-0.2653284202224105
CXCR3-,HC,CSF_32,AGTGAGGTCTTCGAGA-1,0.20118944109910095
CXCR3+,HC,CSF_32,AGTGGGAAGGCTCTTA-1,-0.44824730776360827
CXCR3-,HC,CSF_32,AGTGTCAAGTCCATAC-1,-0.38100325152293824
CXCR3+,HC,CSF_32,AGTTGGTGTATTCGTG-1,0.73381351381647
CXCR3-,HC,CSF_32,AGTTGGTGTCTCATCC-1,0.18998975552836286
CXCR3-,HC,CSF_32,AGTTGGTTCAGAGCTT-1,-0.6709888421224147
CXCR3-,HC,CSF_32,ATCGAGTGTCCAGTAT-1,0.1892677331940449
CXCR3-,HC,CSF_32,ATCTGCCCACAGGCCT-1,-0.10056797643315316
CXCR3+,HC,CSF_32,ATGCGATGTTCGGGCT-1,-0.36686688408717977
CXCR3+,HC,CSF_32,ATGGGAGTCTGTGCAA-1,-0.18377275913991456
CXCR3+,HC,CSF_32,ATTATCCCAATCGAAA-1,-0.337301708937745
CXCR3+,HC,CSF_32,ATTCTACAGGCCCTTG-1,0.38547592146264625
CXCR3-,HC,CSF_32,ATTGGACGTAACGTTC-1,0.5997491807857672
CXCR3-,HC,CSF_32,ATTGGACGTAAGAGAG-1,0.2895996004158012
CXCR3-,HC,CSF_32,CAACCAAAGCAGGCTA-1,-0.12587130261264065
CXCR3+,HC,CSF_32,CAAGGCCGTAACGCGA-1,-0.030824381821933828
CXCR3-,HC,CSF_32,CAAGGCCGTGGGTCAA-1,0.2561467725844199
CXCR3-,HC,CSF_32,CAAGTTGAGGTAGCCA-1,-0.08275542263497371
CXCR3-,HC,CSF_32,CAAGTTGGTTCCCGAG-1,-0.33937622718582544
CXCR3-,HC,CSF_32,CAAGTTGTCCACTCCA-1,-0.566940361952989
CXCR3-,HC,CSF_32,CACACAAAGTCAAGGC-1,-0.24174488924095244
CXCR3-,HC,CSF_32,CACACAAAGTGAAGAG-1,0.0206277807465986
CXCR3-,HC,CSF_32,CACACCTGTGTAAGTA-1,-0.22504611638944924
CXCR3-,HC,CSF_32,CACACCTTCGGTGTTA-1,-0.35825293700029764
CXCR3-,HC,CSF_32,CACACTCCAACGATGG-1,0.0674368116707204
CXCR3+,HC,CSF_32,CACACTCCATAGACTC-1,-0.3388897618174506
CXCR3+,HC,CSF_32,CACAGGCCAAGGACAC-1,0.07964575707460594
CXCR3-,HC,CSF_32,CACATAGCACTAAGTC-1,-0.10056797643315316
CXCR3-,HC,CSF_32,CACATAGTCTCTTATG-1,-0.20157781789237234
CXCR3-,HC,CSF_32,CACATTTAGTATGACA-1,-0.2143462875185824
CXCR3+,HC,CSF_32,CACCACTGTTCCAACA-1,-0.34850468483452096
CXCR3-,HC,CSF_32,CACCAGGGTCAATGTC-1,0.08998021363632525
CXCR3-,HC,CSF_32,CACCTTGAGGCACATG-1,0.2669937502433542
CXCR3-,HC,CSF_32,CACCTTGGTGGCTCCA-1,0.0018492288742822818
CXCR3+,HC,CSF_32,CAGAATCAGGCCCTTG-1,0.03974679414708067
CXCR3+,HC,CSF_32,CAGAATCAGGCGACAT-1,-0.10056797643315316
CXCR3-,HC,CSF_32,CAGATCAGTTCACGGC-1,-0.10056797643315316
CXCR3+,HC,CSF_32,CAGATCATCATCTGCC-1,-0.3711553222021821
CXCR3-,HC,CSF_32,CAGCAGCCACTGAAGG-1,0.46059465347610157
CXCR3-,HC,CSF_32,CAGCCGACACCAGGTC-1,0.011342987128396225
CXCR3-,HC,CSF_32,CAGTCCTAGACACGAC-1,0.0727917816515423
CXCR3-,HC,CSF_32,CATCAGAGTGGTCCGT-1,-0.12014724811213098
CXCR3+,HC,CSF_32,CATCCACCAGATGAGC-1,-0.232974321813851
CXCR3-,HC,CSF_32,CATGGCGAGTGAATTG-1,0.25300108430242924
CXCR3+,HC,CSF_32,CATTCGCAGCTAGCCC-1,-0.6180487850887557
CXCR3-,HC,CSF_32,CCACTACGTCGCTTCT-1,-0.36670922807611855
CXCR3-,HC,CSF_32,CCATTCGAGCTAGTTC-1,0.4089534077360413
CXCR3-,HC,CSF_32,CCATTCGGTATTACCG-1,0.08905374984251216
CXCR3-,HC,CSF_32,CCCAGTTAGTACGACG-1,-0.34322478385231825
CXCR3+,HC,CSF_32,CCCAGTTGTGACTACT-1,-0.07288031831019484
CXCR3+,HC,CSF_32,CCCTCCTAGGACTGGT-1,0.3768356436210472
CXCR3+,HC,CSF_32,CCCTCCTTCGCCTGTT-1,0.1108336946337567
CXCR3-,HC,CSF_32,CCGGTAGAGAGGTTGC-1,0.07185411031766928
CXCR3-,HC,CSF_32,CCGTACTAGCCTATGT-1,0.10958540715529581
CXCR3+,HC,CSF_32,CCTATTATCCGCATCT-1,-0.28603042141655083
CXCR3-,HC,CSF_32,CCTCAGTGTTCTCATT-1,-0.10056797643315316
CXCR3+,HC,CSF_32,CCTCTGACAATGTTGC-1,-0.5023570127724756
CXCR3-,HC,CSF_32,CCTTACGTCTATCGCC-1,0.5682031525063584
CXCR3-,HC,CSF_32,CCTTCCCAGTACGATA-1,-0.2652592999374987
CXCR3+,HC,CSF_32,CCTTCCCTCCCAACGG-1,-0.6616669412489696
CXCR3-,HC,CSF_32,CCTTTCTGTGCACTTA-1,-0.26190976141055244
CXCR3-,HC,CSF_32,CGAACATAGCACACAG-1,-0.24926833024895823
CXCR3+,HC,CSF_32,CGAACATAGCGCCTTG-1,-0.10056797643315316
CXCR3-,HC,CSF_32,CGAACATCATCCAACA-1,0.13272779039999746
CXCR3-,HC,CSF_32,CGAACATGTTGGACCC-1,0.11110449659440522
CXCR3+,HC,CSF_32,CGAGCACAGTCAAGCG-1,-0.21931175620622256
CXCR3+,HC,CSF_32,CGAGCACTCTGAAAGA-1,-0.2362193298563015
CXCR3-,HC,CSF_32,CGAGCCAAGGACACCA-1,-0.39047915996087884
CXCR3-,HC,CSF_32,CGAGCCACAATAACGA-1,-0.1586159326444268
CXCR3-,HC,CSF_32,CGATGGCAGCTTTGGT-1,-0.7390615016838936
CXCR3-,HC,CSF_32,CGATGGCCACCGATAT-1,-0.7154049337485757
CXCR3-,HC,CSF_32,CGATGTACACGGTAAG-1,-0.41697142121380376
CXCR3+,HC,CSF_32,CGATTGAAGCGATATA-1,-0.26728565690606704
CXCR3-,HC,CSF_32,CGATTGAAGGGTATCG-1,-0.32911304892784987
CXCR3-,HC,CSF_32,CGATTGAGTCCTAGCG-1,-0.19525612148503013
CXCR3+,HC,CSF_32,CGCCAAGGTAATAGCA-1,-0.4304015353861515
CXCR3-,HC,CSF_32,CGCGTTTTCAAGCCTA-1,-0.10056797643315316
CXCR3-,HC,CSF_32,CGCTTCAGTTGAGTTC-1,-0.2452651940473647
CXCR3-,HC,CSF_32,CGGACACCACGCCAGT-1,0.7850572605438423
CXCR3-,HC,CSF_32,CGGACACGTTGTCGCG-1,-0.02005622480931549
CXCR3-,HC,CSF_32,CGGAGCTGTCCTCCAT-1,-0.010620048374142179
CXCR3-,HC,CSF_32,CGGCTAGTCGCCAAAT-1,-0.04979415831164348
CXCR3+,HC,CSF_32,CGTAGCGCACGGTGTC-1,-0.10056797643315316
CXCR3-,HC,CSF_32,CGTAGCGGTGTCCTCT-1,-0.343818889202269
CXCR3+,HC,CSF_32,CGTCACTGTACGAAAT-1,0.13776850149100248
CXCR3+,HC,CSF_32,CGTCACTGTATGGTTC-1,-0.43283334276046187
CXCR3-,HC,CSF_32,CGTCAGGCACCTGGTG-1,0.23303608482075452
CXCR3+,HC,CSF_32,CGTCCATTCCTCGCAT-1,-0.32664136352172995
CXCR3-,HC,CSF_32,CGTTAGAGTACAGTGG-1,-0.2948706673670201
CXCR3+,HC,CSF_32,CGTTCTGCATGATCCA-1,0.38316910603298615
CXCR3-,HC,CSF_32,CGTTGGGGTCTGCAAT-1,-0.37174816736289035
CXCR3-,HC,CSF_32,CTAACTTCAAACTGCT-1,-0.5725588093226273
CXCR3-,HC,CSF_32,CTAACTTGTTCCACTC-1,0.4092901290521015
CXCR3+,HC,CSF_32,CTAAGACGTTGGAGGT-1,-0.5223711578600923
CXCR3-,HC,CSF_32,CTAATGGAGTGACATA-1,-0.2914390132626437
CXCR3-,HC,CSF_32,CTAATGGTCTGGTTCC-1,-0.20463583169910823
CXCR3-,HC,CSF_32,CTACACCGTTGATTGC-1,0.29802252341827046
CXCR3+,HC,CSF_32,CTACATTAGCTAACTC-1,0.18027346952630083
CXCR3+,HC,CSF_32,CTACATTTCTGCGACG-1,-0.5042433571959168
CXCR3-,HC,CSF_32,CTACCCATCGCGTAGC-1,-1.3617716446829904
CXCR3+,HC,CSF_32,CTAGAGTTCTTGTCAT-1,-0.3786927264373414
CXCR3-,HC,CSF_32,CTAGTGAGTTGAGGTG-1,-0.10056797643315316
CXCR3-,HC,CSF_32,CTAGTGATCTGTCAAG-1,0.21912258639392215
CXCR3-,HC,CSF_32,CTCACACGTTTGTTTC-1,-0.2494577588434462
CXCR3-,HC,CSF_32,CTCAGAACAAGCTGAG-1,0.1818145264670203
CXCR3+,HC,CSF_32,CTCAGAATCTCACATT-1,-0.3943860897749535
CXCR3-,HC,CSF_32,CTCGAAATCGTCACGG-1,0.2586564404161165
CXCR3-,HC,CSF_32,CTCGTACCAAGAGGCT-1,0.062476100249730715
CXCR3-,HC,CSF_32,CTCGTACCACTCGACG-1,-0.20794313859701224
CXCR3-,HC,CSF_32,CTCTAATTCAACCAAC-1,0.20135339063793248
CXCR3+,HC,CSF_32,CTCTGGTTCGTACCGG-1,-0.24006167306121862
CXCR3-,HC,CSF_32,CTGAAACCAGCTTCGG-1,-0.10056797643315316
CXCR3-,HC,CSF_32,CTGAAACTCGGTTCGG-1,-0.10056797643315316
CXCR3+,HC,CSF_32,CTGCTGTTCCACGCAG-1,-0.40203981659390464
CXCR3-,HC,CSF_32,CTGTGCTAGCGATATA-1,-0.10056797643315316
CXCR3+,HC,CSF_32,CTGTGCTCAGGCTCAC-1,-0.43259953703439014
CXCR3-,HC,CSF_32,CTGTTTAAGGAGTTTA-1,0.058424566372825545
CXCR3+,HC,CSF_32,CTGTTTACATGCATGT-1,-0.4179296374285015
CXCR3-,HC,CSF_32,CTGTTTATCACTCTTA-1,0.4712318969446781
CXCR3-,HC,CSF_32,CTTAACTAGCTGAACG-1,-0.10056797643315316
CXCR3-,HC,CSF_32,CTTAGGAAGCACACAG-1,-1.3027302355449835
CXCR3-,HC,CSF_32,CTTCTCTCACTTGGAT-1,0.1295779822909415
CXCR3+,HC,CSF_32,CTTGGCTAGTTAACGA-1,0.6739180613622388
CXCR3-,HC,CSF_32,CTTGGCTCATCCTAGA-1,-0.10056797643315316
CXCR3-,HC,CSF_32,GAAATGATCTCTGCTG-1,0.2491300928616623
CXCR3+,HC,CSF_32,GAACGGACAACGATCT-1,-0.1026640053498136
CXCR3+,HC,CSF_32,GAAGCAGGTATAATGG-1,-0.2975895082362996
CXCR3-,HC,CSF_32,GAATGAATCTTACCGC-1,0.230450698363066
CXCR3-,HC,CSF_32,GACAGAGCAGGCTCAC-1,0.08232230646741977
CXCR3-,HC,CSF_32,GACCAATCATTGAGCT-1,-0.12141798355367739
CXCR3-,HC,CSF_32,GACCAATGTAAGGGCT-1,-0.10056797643315316
CXCR3+,HC,CSF_32,GACCAATTCCGCTGTT-1,-0.44922271798110386
CXCR3-,HC,CSF_32,GACGTGCAGCCGATTT-1,-0.10056797643315316
CXCR3-,HC,CSF_32,GACTAACAGATGTCGG-1,-0.24049024208361405
CXCR3+,HC,CSF_32,GACTGCGCAGCTTCGG-1,-0.03365309754751189
CXCR3-,HC,CSF_32,GAGGTGATCTAAGCCA-1,-0.4263048940141997
CXCR3-,HC,CSF_32,GAGTCCGCATCGATGT-1,-0.16832614176213356
CXCR3-,HC,CSF_32,GAGTCCGGTCGCATAT-1,-0.2208904503247296
CXCR3+,HC,CSF_32,GAGTCCGTCCAATGGT-1,-0.7201534925496711
CXCR3+,HC,CSF_32,GATCGATAGTAATCCC-1,-0.24000025423594867
CXCR3+,HC,CSF_32,GATCGATCACATAACC-1,0.21258353924500106
CXCR3-,HC,CSF_32,GATGCTAAGACTGTAA-1,-0.10056797643315316
CXCR3+,HC,CSF_32,GCACATAAGAACAATC-1,0.24045279659429855
CXCR3-,HC,CSF_32,GCACATAGTACCTACA-1,-0.6001920085253923
CXCR3-,HC,CSF_32,GCAGCCAAGTCACGCC-1,-0.2610375993581586
CXCR3-,HC,CSF_32,GCAGCCAGTCTAGCCG-1,-0.035243962045148076
CXCR3+,HC,CSF_32,GCATGCGGTAATTGGA-1,0.24359607199481445
CXCR3-,HC,CSF_32,GCATGCGTCATCGGAT-1,-0.10056797643315316
CXCR3-,HC,CSF_32,GCATGTACAGTCGATT-1,-0.3851670945176019
CXCR3-,HC,CSF_32,GCATGTAGTTACCAGT-1,-0.25815579815111966
CXCR3-,HC,CSF_32,GCGAGAATCTTAGCCC-1,-0.1743859846632996
CXCR3-,HC,CSF_32,GCGCAACAGCCAGGAT-1,0.5438815848106808
CXCR3+,HC,CSF_32,GCGCAACTCCATGAGT-1,-0.22719275428977553
CXCR3-,HC,CSF_32,GCGCCAATCGTACGGC-1,0.022135399671053442
CXCR3-,HC,CSF_32,GCGCGATCACACGCTG-1,0.30358335126787506
CXCR3-,HC,CSF_32,GCGGGTTTCCTATGTT-1,0.31949377256844097
CXCR3-,HC,CSF_32,GCTCCTAAGGGAAACA-1,0.05878942853836829
CXCR3-,HC,CSF_32,GCTTCCACACTGAAGG-1,0.11811378734091844
CXCR3-,HC,CSF_32,GCTTCCAGTGAGTATA-1,-0.1202837532320239
CXCR3-,HC,CSF_32,GGAATAACAGCGTCCA-1,-0.2179576515273038
CXCR3+,HC,CSF_32,GGAATAAGTTCGAATC-1,0.05430701249884927
CXCR3-,HC,CSF_32,GGACAAGGTCTTCTCG-1,-0.31503865272430964
CXCR3-,HC,CSF_32,GGACGTCCAAAGTGCG-1,-0.10056797643315316
CXCR3-,HC,CSF_32,GGACGTCGTGGCGAAT-1,0.38298843274724964
CXCR3-,HC,CSF_32,GGATGTTCAAAGGTGC-1,-0.4528280309623588
CXCR3+,HC,CSF_32,GGATTACTCTTTACGT-1,-0.9558801654969586
CXCR3+,HC,CSF_32,GGCCGATCACTCAGGC-1,-0.5059215756306921
CXCR3-,HC,CSF_32,GGCGACTCATACTCTT-1,-0.0050241082752651945
CXCR3-,HC,CSF_32,GGCTCGACAAACTGTC-1,-0.11892252361106993
CXCR3-,HC,CSF_32,GGGAATGGTCTAGCCG-1,-0.6295556847672543
CXCR3+,HC,CSF_32,GGGACCTAGTAGCGGT-1,-0.8518748931007735
CXCR3-,HC,CSF_32,GGGAGATTCGTATCAG-1,-0.25357268376832537
CXCR3-,HC,CSF_32,GGGTTGCTCTGCGGCA-1,0.03140137043022441
CXCR3-,HC,CSF_32,GGTGTTAAGTACGCCC-1,-0.35987442586297436
CXCR3-,HC,CSF_32,GTAACGTGTTCGGCAC-1,-0.38299167676053425
CXCR3+,HC,CSF_32,GTAACGTTCCGAAGAG-1,-0.25200173081211397
CXCR3+,HC,CSF_32,GTAACTGAGCCCGAAA-1,0.5423189119434663
CXCR3-,HC,CSF_32,GTACTTTCAGGATTGG-1,-0.10056797643315316
CXCR3-,HC,CSF_32,GTAGTCACAGCGTAAG-1,-0.10056797643315316
CXCR3+,HC,CSF_32,GTATCTTAGGTGGGTT-1,-0.16129113390479777
CXCR3+,HC,CSF_32,GTATCTTAGTGGGATC-1,-0.2340148629543425
CXCR3-,HC,CSF_32,GTATCTTGTTACGTCA-1,-0.5552055837632385
CXCR3-,HC,CSF_32,GTATCTTTCTTTAGGG-1,0.20189338923443145
CXCR3-,HC,CSF_32,GTATTCTAGACCCACC-1,0.11770863880034795
CXCR3+,HC,CSF_32,GTCACAAAGGGCTCTC-1,0.5695034102931754
CXCR3-,HC,CSF_32,GTCACAACAGGTTTCA-1,0.2688649715787694
CXCR3+,HC,CSF_32,GTCACGGTCAGGATCT-1,-0.40921932909714837
CXCR3-,HC,CSF_32,GTCATTTTCTTGTACT-1,0.0638227943601997
CXCR3+,HC,CSF_32,GTCCTCAAGAATCTCC-1,-0.3183059577778385
CXCR3-,HC,CSF_32,GTCGTAATCCAGAAGG-1,-0.21783220844984125
CXCR3-,HC,CSF_32,GTCTTCGCACGAAATA-1,-0.21229223289065904
CXCR3-,HC,CSF_32,GTGCTTCGTGAGTGAC-1,-0.10056797643315316
CXCR3-,HC,CSF_32,GTGCTTCTCGAGGTAG-1,0.3061578716705896
CXCR3-,HC,CSF_32,GTGTTAGAGACGCACA-1,-0.24807382829748306
CXCR3+,HC,CSF_32,GTTTCTATCCACGTTC-1,-0.3687039312813769
CXCR3-,HC,CSF_32,TAAACCGGTTAAGAAC-1,-0.6918168960883024
CXCR3+,HC,CSF_32,TACACGACATGGATGG-1,-0.10056797643315316
CXCR3-,HC,CSF_32,TACACGACATGGGACA-1,-0.10056797643315316
CXCR3+,HC,CSF_32,TACACGATCACTTCAT-1,0.12183878204367778
CXCR3-,HC,CSF_32,TACCTATGTGAAATCA-1,-0.10056797643315316
CXCR3-,HC,CSF_32,TACCTTATCACGCATA-1,-0.4076976648433824
CXCR3-,HC,CSF_32,TACCTTATCGGACAAG-1,-0.5994329544661203
CXCR3+,HC,CSF_32,TACTCATCAAGGGTCA-1,-0.10056797643315316
CXCR3+,HC,CSF_32,TACTTACCACCATCCT-1,-0.26569245920681767
CXCR3-,HC,CSF_32,TACTTACCATTCTTAC-1,-0.6444701086846812
CXCR3-,HC,CSF_32,TAGAGCTAGAAGGTGA-1,0.30629647002612803
CXCR3-,HC,CSF_32,TAGAGCTAGTGAAGAG-1,-0.3087467054323823
CXCR3+,HC,CSF_32,TAGTTGGGTTAGGGTG-1,-0.4640979403038052
CXCR3+,HC,CSF_32,TATCAGGGTACGCACC-1,-0.10056797643315316
CXCR3-,HC,CSF_32,TATCAGGGTCAGGACA-1,-0.5159343587738104
CXCR3-,HC,CSF_32,TATCTCAGTGCGCTTG-1,0.6201161534748908
CXCR3-,HC,CSF_32,TCAACGAGTCTTGCGG-1,-0.27312312485790763
CXCR3+,HC,CSF_32,TCAATCTAGGATGTAT-1,-0.04236406308372668
CXCR3+,HC,CSF_32,TCAATCTCATTACGAC-1,0.21945768171806243
CXCR3+,HC,CSF_32,TCACGAAGTGTTTGGT-1,-0.402791671859954
CXCR3-,HC,CSF_32,TCACGAAGTTAGAACA-1,-0.10056797643315316
CXCR3+,HC,CSF_32,TCAGCTCAGGCACATG-1,0.40314907669443106
CXCR3-,HC,CSF_32,TCAGGATGTCGCTTCT-1,-0.10056797643315316
CXCR3+,HC,CSF_32,TCAGGTAAGGGAACGG-1,0.10496508505181039
CXCR3+,HC,CSF_32,TCCACACAGAATTGTG-1,-0.10056797643315316
CXCR3+,HC,CSF_32,TCCACACAGGAATTAC-1,-0.10056797643315316
CXCR3+,HC,CSF_32,TCCACACGTGTCAATC-1,-0.3091498465246011
CXCR3+,HC,CSF_32,TCCCGATAGCGTTGCC-1,-0.10056797643315316
CXCR3-,HC,CSF_32,TCGCGTTTCAGCTTAG-1,0.08765581894735273
CXCR3-,HC,CSF_32,TCGGTAAGTGAAATCA-1,-0.030844231005330243
CXCR3+,HC,CSF_32,TCGTAGATCGTACCGG-1,0.05768781769316416
CXCR3-,HC,CSF_32,TCTATTGGTGTCTGAT-1,-0.10056797643315316
CXCR3-,HC,CSF_32,TCTCATAAGAATTCCC-1,-0.35772426557824566
CXCR3-,HC,CSF_32,TCTGAGAAGCCGATTT-1,-0.45925538857342313
CXCR3-,HC,CSF_32,TGAAAGAGTAACGCGA-1,-0.10056797643315316
CXCR3-,HC,CSF_32,TGAAAGATCGTCTGAA-1,-0.039139816188069214
CXCR3+,HC,CSF_32,TGACGGCAGAGCAATT-1,-0.23081825100825418
CXCR3-,HC,CSF_32,TGACGGCAGTACGCGA-1,-0.34098301629831845
CXCR3-,HC,CSF_32,TGACGGCTCTGTTGAG-1,0.06189784760095074
CXCR3+,HC,CSF_32,TGACTAGTCCGTTGCT-1,-0.3639333761093076
CXCR3-,HC,CSF_32,TGACTTTCAGGGTACA-1,0.29521098471102597
CXCR3-,HC,CSF_32,TGAGAGGCACCAGGCT-1,-0.03289387177112178
CXCR3+,HC,CSF_32,TGAGCATAGGATATAC-1,0.3708546190843531
CXCR3+,HC,CSF_32,TGAGCCGAGAGTACAT-1,0.050502841872642326
CXCR3-,HC,CSF_32,TGATTTCGTCGCGAAA-1,-0.22604957857457814
CXCR3-,HC,CSF_32,TGATTTCGTTTAGGAA-1,-0.17170575926786727
CXCR3+,HC,CSF_32,TGCACCTCAGACGCCT-1,0.2644955588189633
CXCR3+,HC,CSF_32,TGCCCATTCGCCGTGA-1,-0.467312293391638
CXCR3-,HC,CSF_32,TGCGCAGGTCGCTTCT-1,-0.3319874142816112
CXCR3+,HC,CSF_32,TGCGTGGTCCAGAGGA-1,-0.08891277341345809
CXCR3-,HC,CSF_32,TGCTGCTCACAAGCCC-1,-0.34196129982754464
CXCR3-,HC,CSF_32,TGGACGCAGGAACTGC-1,-0.46469285999337046
CXCR3-,HC,CSF_32,TGGCGCAGTCAATACC-1,-0.2253467732951111
CXCR3+,HC,CSF_32,TGGCGCATCCGCAAGC-1,0.2140839447049192
CXCR3-,HC,CSF_32,TGGCTGGTCGGCTTGG-1,-0.4934978406626846
CXCR3-,HC,CSF_32,TGGGAAGTCATGTAGC-1,-0.35271419932776216
CXCR3-,HC,CSF_32,TGGGCGTAGTTGCAGG-1,0.1834348021212558
CXCR3-,HC,CSF_32,TGGGCGTCAGTCCTTC-1,-0.10056797643315316
CXCR3+,HC,CSF_32,TGGGCGTTCAGCATGT-1,-0.9526057380173102
CXCR3+,HC,CSF_32,TGGTTAGGTCTCACCT-1,-0.10986472315408582
CXCR3+,HC,CSF_32,TGGTTCCAGCTGTCTA-1,-0.5149788809616599
CXCR3-,HC,CSF_32,TGTGGTAAGCTAAGAT-1,-0.28072931748889013
CXCR3-,HC,CSF_32,TGTGGTATCCCATTTA-1,-0.23767579381473972
CXCR3+,HC,CSF_32,TTAGGACAGAAGGCCT-1,0.4861380090783478
CXCR3-,HC,CSF_32,TTCCCAGCAAACTGTC-1,0.2284677657208373
CXCR3-,HC,CSF_32,TTCGGTCCAATGGATA-1,-0.010866848454660207
CXCR3+,HC,CSF_32,TTCGGTCGTCCGTTAA-1,-0.10056797643315316
CXCR3+,HC,CSF_32,TTCTACATCTTTACAC-1,-0.10056797643315316
CXCR3-,HC,CSF_32,TTCTCCTAGTTAACGA-1,-0.29008221659343364
CXCR3-,HC,CSF_32,TTCTTAGTCCATGCTC-1,-0.10056797643315316
CXCR3+,HC,CSF_32,TTGCCGTTCAACTCTT-1,-0.3880188388280313
CXCR3-,HC,CSF_32,TTGCGTCCACCGTTGG-1,0.13137640081314403
CXCR3-,HC,CSF_32,TTGGAACAGCTAGTCT-1,0.04032317332655001
CXCR3+,HC,CSF_32,TTGGAACAGTCGTTTG-1,-0.10056797643315316
CXCR3+,HC,CSF_32,TTGGAACGTCAGATAA-1,-0.6782405047104346
CXCR3-,HC,CSF_32,TTGGCAAAGTGTGGCA-1,-0.10056797643315316
CXCR3-,HC,CSF_32,TTGGCAACAAGTTAAG-1,-0.02823220550726075
CXCR3-,HC,CSF_32,TTGTAGGAGAGCTGCA-1,0.5016142027940018
CXCR3-,HC,CSF_32,TTGTAGGGTCTAGCCG-1,-0.22953220918285583
CXCR3-,HC,CSF_32,TTTACTGTCCAATGGT-1,-0.2508830797542799
CXCR3-,HC,CSF_32,TTTCCTCTCTCGTTTA-1,-0.4828717794666811
CXCR3-,HC,PST45044_CSF,GSM4104132_AAACCTGAGGGTCTCC-1,-0.31861666518788756
CXCR3-,HC,PST45044_CSF,GSM4104132_AAACCTGCACAACGCC-1,-0.47449701592556676
CXCR3-,HC,PST45044_CSF,GSM4104132_AAACCTGGTCTAGTGT-1,-0.0025059068562565284
CXCR3+,HC,PST45044_CSF,GSM4104132_AAACGGGAGATGTCGG-1,-0.0837950838382402
CXCR3-,HC,PST45044_CSF,GSM4104132_AAACGGGCAGGTGGAT-1,-0.5251203913633034
CXCR3-,HC,PST45044_CSF,GSM4104132_AAACGGGGTTAAGAAC-1,-0.5935229547187623
CXCR3-,HC,PST45044_CSF,GSM4104132_AAACGGGTCAACTCTT-1,-0.25759952204653697
CXCR3-,HC,PST45044_CSF,GSM4104132_AAACGGGTCCTGTACC-1,0.19509689121249885
CXCR3-,HC,PST45044_CSF,GSM4104132_AACACGTAGAGACGAA-1,-1.1509479217075724
CXCR3-,HC,PST45044_CSF,GSM4104132_AACCATGCACGACTCG-1,-0.4606361190987838
CXCR3-,HC,PST45044_CSF,GSM4104132_AACCATGGTCCGTCAG-1,-0.0938005206098068
CXCR3-,HC,PST45044_CSF,GSM4104132_AACTCAGGTGGCTCCA-1,-0.08357456798949647
CXCR3-,HC,PST45044_CSF,GSM4104132_AACTCTTGTTTGCATG-1,-0.34759186502909095
CXCR3-,HC,PST45044_CSF,GSM4104132_AACTGGTAGCTTATCG-1,-0.10056797643315316
CXCR3-,HC,PST45044_CSF,GSM4104132_AACTGGTGTACCGGCT-1,-0.10056797643315316
CXCR3-,HC,PST45044_CSF,GSM4104132_AACTTTCTCTGCTGCT-1,-0.5373734161936959
CXCR3-,HC,PST45044_CSF,GSM4104132_AAGACCTAGCACAGGT-1,-0.4400879629460573
CXCR3-,HC,PST45044_CSF,GSM4104132_AAGACCTAGTGCCAGA-1,-0.35866042316427055
CXCR3-,HC,PST45044_CSF,GSM4104132_AAGACCTCACTTAAGC-1,-0.424106048585791
CXCR3-,HC,PST45044_CSF,GSM4104132_AAGACCTGTATTAGCC-1,0.1344299492102787
CXCR3+,HC,PST45044_CSF,GSM4104132_AAGACCTTCATAGCAC-1,0.19265169334936136
CXCR3-,HC,PST45044_CSF,GSM4104132_AAGCCGCCATCGATTG-1,-0.10056797643315316
CXCR3-,HC,PST45044_CSF,GSM4104132_AAGCCGCTCTGTGCAA-1,-0.33048321962845734
CXCR3-,HC,PST45044_CSF,GSM4104132_AAGGAGCCACTGCCAG-1,-0.10056797643315316
CXCR3+,HC,PST45044_CSF,GSM4104132_AAGGCAGAGAGCCCAA-1,-0.5615771579864439
CXCR3+,HC,PST45044_CSF,GSM4104132_AAGGTTCAGTACGCGA-1,-0.10056797643315316
CXCR3-,HC,PST45044_CSF,GSM4104132_AAGGTTCCAGCTCGAC-1,-0.1246716390022506
CXCR3-,HC,PST45044_CSF,GSM4104132_AAGTCTGCAGTAGAGC-1,-0.6995566315620085
CXCR3-,HC,PST45044_CSF,GSM4104132_AATCCAGTCCGCGCAA-1,-0.3627951535842315
CXCR3-,HC,PST45044_CSF,GSM4104132_AATCCAGTCGGAGGTA-1,-1.042555437165884
CXCR3+,HC,PST45044_CSF,GSM4104132_AATCCAGTCTATGTGG-1,-0.10056797643315316
CXCR3+,HC,PST45044_CSF,GSM4104132_AATCGGTCACCAACCG-1,-0.10056797643315316
CXCR3-,HC,PST45044_CSF,GSM4104132_AATCGGTGTAACGACG-1,-0.10056797643315316
CXCR3+,HC,PST45044_CSF,GSM4104132_ACACCAACACGACTCG-1,-0.2257583497372831
CXCR3-,HC,PST45044_CSF,GSM4104132_ACACCCTAGTGGGTTG-1,0.29904876834537003
CXCR3-,HC,PST45044_CSF,GSM4104132_ACACCCTTCGATGAGG-1,-0.34872025779318
CXCR3-,HC,PST45044_CSF,GSM4104132_ACACCGGTCAGCTCGG-1,-0.0009556055372628158
CXCR3-,HC,PST45044_CSF,GSM4104132_ACAGCTAGTCAAAGAT-1,-0.7400342980072241
CXCR3-,HC,PST45044_CSF,GSM4104132_ACAGCTAGTGCAGTAG-1,-0.7990665632938451
CXCR3+,HC,PST45044_CSF,GSM4104132_ACATCAGAGTGTGAAT-1,-0.5927320013847849
CXCR3+,HC,PST45044_CSF,GSM4104132_ACATCAGCATCACCCT-1,0.058096078458388524
CXCR3-,HC,PST45044_CSF,GSM4104132_ACATGGTGTAGCTTGT-1,0.6241208368372131
CXCR3+,HC,PST45044_CSF,GSM4104132_ACATGGTGTATAGGGC-1,-0.5226352296824365
CXCR3-,HC,PST45044_CSF,GSM4104132_ACATGGTTCTTGCCGT-1,-0.4042145528812266
CXCR3+,HC,PST45044_CSF,GSM4104132_ACCGTAACACGACTCG-1,-0.05502066713852621
CXCR3-,HC,PST45044_CSF,GSM4104132_ACCTTTATCAACGGGA-1,-0.2865960582512438
CXCR3+,HC,PST45044_CSF,GSM4104132_ACGAGCCAGTATGACA-1,-0.8368196066399726
CXCR3-,HC,PST45044_CSF,GSM4104132_ACGAGCCCACGAAGCA-1,-0.029083941461976588
CXCR3-,HC,PST45044_CSF,GSM4104132_ACGATACGTCATGCAT-1,-0.12716924437122462
CXCR3-,HC,PST45044_CSF,GSM4104132_ACGATACTCCTCATTA-1,0.17114285068090157
CXCR3-,HC,PST45044_CSF,GSM4104132_ACGATGTGTCTAACGT-1,-0.30948417094787556
CXCR3-,HC,PST45044_CSF,GSM4104132_ACGATGTTCTTCTGGC-1,-0.9297065900271008
CXCR3-,HC,PST45044_CSF,GSM4104132_ACGCCAGAGATCCGAG-1,-0.3762910021632334
CXCR3-,HC,PST45044_CSF,GSM4104132_ACGCCGAAGCTCCCAG-1,-0.10056797643315316
CXCR3-,HC,PST45044_CSF,GSM4104132_ACGCCGAAGGGCACTA-1,-0.5019279614486215
CXCR3+,HC,PST45044_CSF,GSM4104132_ACGCCGATCTGAGTGT-1,-0.10056797643315316
CXCR3+,HC,PST45044_CSF,GSM4104132_ACGGGCTAGATGCCTT-1,-0.31454153427771353
CXCR3+,HC,PST45044_CSF,GSM4104132_ACGGGCTTCAGCTGGC-1,-0.10056797643315316
CXCR3-,HC,PST45044_CSF,GSM4104132_ACGTCAATCTCGGACG-1,-0.10056797643315316
CXCR3+,HC,PST45044_CSF,GSM4104132_ACTATCTCAATGAATG-1,-0.47151290146867403
CXCR3+,HC,PST45044_CSF,GSM4104132_ACTATCTGTCAACTGT-1,-0.10056797643315316
CXCR3+,HC,PST45044_CSF,GSM4104132_ACTGATGTCGTCACGG-1,-0.5979662215690636
CXCR3+,HC,PST45044_CSF,GSM4104132_ACTTACTGTCCTGCTT-1,-1.0448776116382397
CXCR3-,HC,PST45044_CSF,GSM4104132_ACTTTCAAGGCTCATT-1,-0.283055105790445
CXCR3+,HC,PST45044_CSF,GSM4104132_ACTTTCAAGTATCTCG-1,-0.10056797643315316
CXCR3-,HC,PST45044_CSF,GSM4104132_ACTTTCACATTCTTAC-1,0.05890097716202796
CXCR3-,HC,PST45044_CSF,GSM4104132_ACTTTCAGTACTCAAC-1,-0.7670451704279799
CXCR3+,HC,PST45044_CSF,GSM4104132_ACTTTCAGTTCAGTAC-1,-0.10056797643315316
CXCR3-,HC,PST45044_CSF,GSM4104132_AGACGTTTCACATGCA-1,-0.10056797643315316
CXCR3-,HC,PST45044_CSF,GSM4104132_AGAGCGATCGCATGAT-1,-0.04821010994346987
CXCR3-,HC,PST45044_CSF,GSM4104132_AGAGCTTCATGGTCAT-1,-0.10056797643315316
CXCR3-,HC,PST45044_CSF,GSM4104132_AGAGCTTGTGACGCCT-1,-0.22908728700887912
CXCR3-,HC,PST45044_CSF,GSM4104132_AGATCTGCACCAGGTC-1,-0.36665571435437055
CXCR3-,HC,PST45044_CSF,GSM4104132_AGCAGCCCAGTCAGCC-1,0.10518692054411265
CXCR3-,HC,PST45044_CSF,GSM4104132_AGCCTAATCGGCTACG-1,-0.10056797643315316
CXCR3-,HC,PST45044_CSF,GSM4104132_AGCGGTCAGATGGGTC-1,-0.10056797643315316
CXCR3-,HC,PST45044_CSF,GSM4104132_AGCGGTCGTTGAGTTC-1,-0.10056797643315316
CXCR3-,HC,PST45044_CSF,GSM4104132_AGCGTATCATTCCTGC-1,-0.2633523109956806
CXCR3-,HC,PST45044_CSF,GSM4104132_AGCGTCGGTACCGAGA-1,-0.5450497970519321
CXCR3+,HC,PST45044_CSF,GSM4104132_AGCTCTCTCTTGTACT-1,-0.1555575399869689
CXCR3-,HC,PST45044_CSF,GSM4104132_AGCTTGACAGCCTTTC-1,-0.10056797643315316
CXCR3-,HC,PST45044_CSF,GSM4104132_AGGCCACTCGGTGTCG-1,-0.10056797643315316
CXCR3+,HC,PST45044_CSF,GSM4104132_AGGCCGTGTAAATGTG-1,-0.3844245395588712
CXCR3-,HC,PST45044_CSF,GSM4104132_AGGCCGTTCTCTAAGG-1,-0.10056797643315316
CXCR3+,HC,PST45044_CSF,GSM4104132_AGGGAGTGTTTGACTG-1,-0.25622923178756357
CXCR3+,HC,PST45044_CSF,GSM4104132_AGGGATGGTACCGCTG-1,-0.6163667509125149
CXCR3-,HC,PST45044_CSF,GSM4104132_AGGGTGAAGGAATTAC-1,-0.3789228994937927
CXCR3+,HC,PST45044_CSF,GSM4104132_AGGTCCGAGTGCCAGA-1,-0.10056797643315316
CXCR3-,HC,PST45044_CSF,GSM4104132_AGGTCCGCACCACGTG-1,0.19499054548749623
CXCR3-,HC,PST45044_CSF,GSM4104132_AGTAGTCTCTAACCGA-1,-0.10056797643315316
CXCR3-,HC,PST45044_CSF,GSM4104132_AGTTGGTAGCTGATAA-1,-0.0745964310149718
CXCR3-,HC,PST45044_CSF,GSM4104132_AGTTGGTCAGTCGTGC-1,-0.15386904386835157
CXCR3-,HC,PST45044_CSF,GSM4104132_ATAGACCAGATTACCC-1,0.28584960763012823
CXCR3-,HC,PST45044_CSF,GSM4104132_ATAGACCAGCTGAAAT-1,0.10824206650558509
CXCR3-,HC,PST45044_CSF,GSM4104132_ATAGACCTCCTTAATC-1,0.19011544642847175
CXCR3-,HC,PST45044_CSF,GSM4104132_ATCACGAGTCTTGTCC-1,-0.10056797643315316
CXCR3-,HC,PST45044_CSF,GSM4104132_ATCACGATCCTGTACC-1,-0.27449280405689885
CXCR3-,HC,PST45044_CSF,GSM4104132_ATCATCTGTTGAGGTG-1,-0.34752723956571074
CXCR3-,HC,PST45044_CSF,GSM4104132_ATCATCTTCCTCCTAG-1,-0.10056797643315316
CXCR3-,HC,PST45044_CSF,GSM4104132_ATCATGGAGGCGACAT-1,-0.10056797643315316
CXCR3-,HC,PST45044_CSF,GSM4104132_ATCCACCAGCTGTTCA-1,-0.9699342201422596
CXCR3-,HC,PST45044_CSF,GSM4104132_ATCTACTAGATCCCAT-1,-0.10056797643315316
CXCR3-,HC,PST45044_CSF,GSM4104132_ATGAGGGTCAACACGT-1,-0.10056797643315316
CXCR3-,HC,PST45044_CSF,GSM4104132_ATGAGGGTCGTAGGTT-1,-0.10056797643315316
CXCR3-,HC,PST45044_CSF,GSM4104132_ATGCGATAGCGGATCA-1,-0.4084108977313502
CXCR3-,HC,PST45044_CSF,GSM4104132_ATGCGATGTTACGCGC-1,-0.2531691256546836
CXCR3-,HC,PST45044_CSF,GSM4104132_ATGGGAGCACGTTGGC-1,0.4783710885020932
CXCR3-,HC,PST45044_CSF,GSM4104132_ATGGGAGTCACGCATA-1,-0.8701416102775446
CXCR3-,HC,PST45044_CSF,GSM4104132_ATGTGTGAGTCCCACG-1,-0.10056797643315316
CXCR3-,HC,PST45044_CSF,GSM4104132_ATTATCCCAATGGATA-1,-0.39679257432624204
CXCR3-,HC,PST45044_CSF,GSM4104132_ATTCTACGTCGGCTCA-1,-0.5260719197030567
CXCR3-,HC,PST45044_CSF,GSM4104132_ATTGGACGTAGATTAG-1,-0.38797465641844486
CXCR3-,HC,PST45044_CSF,GSM4104132_ATTGGACGTGGCAAAC-1,0.012892415007542204
CXCR3-,HC,PST45044_CSF,GSM4104132_CAACCAATCTAACTTC-1,-0.37174816736289035
CXCR3-,HC,PST45044_CSF,GSM4104132_CAACCTCCATCGACGC-1,-0.5292833504416348
CXCR3-,HC,PST45044_CSF,GSM4104132_CAACCTCCATGCCTTC-1,-0.5903321427306726
CXCR3+,HC,PST45044_CSF,GSM4104132_CAACCTCGTGCAGTAG-1,-0.06494347954697374
CXCR3-,HC,PST45044_CSF,GSM4104132_CAACTAGAGAATGTTG-1,-0.10056797643315316
CXCR3+,HC,PST45044_CSF,GSM4104132_CAAGGCCAGTGAAGTT-1,-0.6157555011322832
CXCR3+,HC,PST45044_CSF,GSM4104132_CAAGTTGCAGGCTGAA-1,0.03689375383719927
CXCR3-,HC,PST45044_CSF,GSM4104132_CACAAACAGCGTAGTG-1,0.10974013064113586
CXCR3-,HC,PST45044_CSF,GSM4104132_CACAAACCAATCACAC-1,-0.19784317318244435
CXCR3-,HC,PST45044_CSF,GSM4104132_CACACCTAGTGTCCCG-1,-0.10056797643315316
CXCR3-,HC,PST45044_CSF,GSM4104132_CACACTCCAAAGCGGT-1,-0.5317720444809937
CXCR3+,HC,PST45044_CSF,GSM4104132_CACACTCTCAATACCG-1,-0.4946479981995539
CXCR3+,HC,PST45044_CSF,GSM4104132_CACAGGCCACAAGCCC-1,0.26112907002168656
CXCR3-,HC,PST45044_CSF,GSM4104132_CACAGGCGTTCACCTC-1,-0.22349970752685128
CXCR3-,HC,PST45044_CSF,GSM4104132_CACAGTACATGCTAGT-1,-0.6345351868538176
CXCR3-,HC,PST45044_CSF,GSM4104132_CACATTTGTATTAGCC-1,-0.10056797643315316
CXCR3-,HC,PST45044_CSF,GSM4104132_CACATTTTCTCGTTTA-1,-0.8606209670036764
CXCR3+,HC,PST45044_CSF,GSM4104132_CACCAGGCACCAGATT-1,-0.10056797643315316
CXCR3+,HC,PST45044_CSF,GSM4104132_CACCTTGTCTTACCGC-1,-1.0895957906305425
CXCR3+,HC,PST45044_CSF,GSM4104132_CAGAGAGCACGGCTAC-1,0.024286705171475544
CXCR3-,HC,PST45044_CSF,GSM4104132_CAGATCAAGGACATTA-1,-0.2765787160619721
CXCR3+,HC,PST45044_CSF,GSM4104132_CAGCATAAGGTCGGAT-1,-0.8397330885307983
CXCR3+,HC,PST45044_CSF,GSM4104132_CAGCCGAGTCTACCTC-1,-0.23403586226565457
CXCR3-,HC,PST45044_CSF,GSM4104132_CAGCTAAAGCTTTGGT-1,-0.016663267235851955
CXCR3-,HC,PST45044_CSF,GSM4104132_CAGCTGGCAAGGCTCC-1,-0.6934458767610719
CXCR3-,HC,PST45044_CSF,GSM4104132_CAGCTGGGTACGCTGC-1,0.0706885894470459
CXCR3-,HC,PST45044_CSF,GSM4104132_CAGCTGGGTTATCGGT-1,-0.10056797643315316
CXCR3-,HC,PST45044_CSF,GSM4104132_CAGTAACAGCTGGAAC-1,0.12757896034307062
CXCR3-,HC,PST45044_CSF,GSM4104132_CAGTAACAGTACGACG-1,-0.2872798922494351
CXCR3+,HC,PST45044_CSF,GSM4104132_CAGTAACCAAAGCGGT-1,-0.1928963135940805
CXCR3-,HC,PST45044_CSF,GSM4104132_CAGTAACTCTGCCAGG-1,-0.1770076143347382
CXCR3-,HC,PST45044_CSF,GSM4104132_CAGTCCTCAAGCCCAC-1,-0.10056797643315316
CXCR3+,HC,PST45044_CSF,GSM4104132_CATATGGAGATAGTCA-1,-0.34572777954871675
CXCR3-,HC,PST45044_CSF,GSM4104132_CATATGGCATGAGCGA-1,-0.10056797643315316
CXCR3-,HC,PST45044_CSF,GSM4104132_CATATGGTCAGTCCCT-1,-0.5178137468285089
CXCR3-,HC,PST45044_CSF,GSM4104132_CATCAAGCAAGTAATG-1,-0.9935341759157348
CXCR3-,HC,PST45044_CSF,GSM4104132_CATCAAGCAATAGCGG-1,-0.4281361436373102
CXCR3-,HC,PST45044_CSF,GSM4104132_CATCAAGGTACTTAGC-1,-0.5211350592909474
CXCR3-,HC,PST45044_CSF,GSM4104132_CATCAAGGTCCGCTGA-1,-0.23077779250382502
CXCR3-,HC,PST45044_CSF,GSM4104132_CATCAGAAGCCTTGAT-1,-0.5336980952682432
CXCR3-,HC,PST45044_CSF,GSM4104132_CATCAGACAAGCCATT-1,-0.9346558766688078
CXCR3-,HC,PST45044_CSF,GSM4104132_CATCAGATCCAGTAGT-1,-0.5454685720833473
CXCR3-,HC,PST45044_CSF,GSM4104132_CATCCACCAGCTCGCA-1,-0.10056797643315316
CXCR3-,HC,PST45044_CSF,GSM4104132_CATCGAAAGAAGAAGC-1,-0.2943280020667118
CXCR3-,HC,PST45044_CSF,GSM4104132_CATCGAAAGAGCTGGT-1,-0.385044814264163
CXCR3-,HC,PST45044_CSF,GSM4104132_CATGACAAGCAGACTG-1,-0.751320191907418
CXCR3-,HC,PST45044_CSF,GSM4104132_CATGACACAATCAGAA-1,-0.13209882060598008
CXCR3-,HC,PST45044_CSF,GSM4104132_CATGACAGTACTTCTT-1,-0.10056797643315316
CXCR3+,HC,PST45044_CSF,GSM4104132_CATGCCTAGCCGGTAA-1,-1.0628612982233132
CXCR3-,HC,PST45044_CSF,GSM4104132_CATGCCTTCTTTCCTC-1,-0.007005256857874168
CXCR3-,HC,PST45044_CSF,GSM4104132_CATGGCGTCGCAGGCT-1,-0.4448555757643054
CXCR3-,HC,PST45044_CSF,GSM4104132_CATTATCTCGTAGATC-1,-0.738954111248721
CXCR3-,HC,PST45044_CSF,GSM4104132_CCAATCCAGCTTTGGT-1,-0.5397144107877543
CXCR3-,HC,PST45044_CSF,GSM4104132_CCAGCGAGTATGCTTG-1,-0.24716923344965316
CXCR3+,HC,PST45044_CSF,GSM4104132_CCATTCGAGAGTACAT-1,-0.10056797643315316
CXCR3+,HC,PST45044_CSF,GSM4104132_CCATTCGGTCGCGAAA-1,0.00782779698015333
CXCR3-,HC,PST45044_CSF,GSM4104132_CCATTCGTCAATCACG-1,-0.1199198619628943
CXCR3+,HC,PST45044_CSF,GSM4104132_CCCAGTTTCCGAGCCA-1,0.40741793421857136
CXCR3-,HC,PST45044_CSF,GSM4104132_CCCATACCAACAACCT-1,-0.2443597089140971
CXCR3+,HC,PST45044_CSF,GSM4104132_CCCATACGTTCCTCCA-1,-0.9957053518872946
CXCR3+,HC,PST45044_CSF,GSM4104132_CCCATACTCTTCGGTC-1,-1.0528598072736488
CXCR3-,HC,PST45044_CSF,GSM4104132_CCCTCCTTCGGATGTT-1,-0.26786495371091007
CXCR3-,HC,PST45044_CSF,GSM4104132_CCGGGATAGAGACGAA-1,0.2009627267974649
CXCR3+,HC,PST45044_CSF,GSM4104132_CCGGGATAGTGCCAGA-1,-0.25138403142816473
CXCR3-,HC,PST45044_CSF,GSM4104132_CCGGGATGTAGTAGTA-1,-1.1601386940460792
CXCR3+,HC,PST45044_CSF,GSM4104132_CCGGGATGTGTTGGGA-1,-0.6666776687507271
CXCR3-,HC,PST45044_CSF,GSM4104132_CCGGTAGAGACGACGT-1,-0.18682664891511885
CXCR3+,HC,PST45044_CSF,GSM4104132_CCGGTAGTCTCCTATA-1,0.3835179825303508
CXCR3-,HC,PST45044_CSF,GSM4104132_CCGTACTCAGTCTTCC-1,0.13511787749709023
CXCR3-,HC,PST45044_CSF,GSM4104132_CCGTGGACAGACTCGC-1,-0.76858979234965
CXCR3-,HC,PST45044_CSF,GSM4104132_CCGTGGATCTACCTGC-1,-0.36554735863752835
CXCR3+,HC,PST45044_CSF,GSM4104132_CCTAAAGCAATCTGCA-1,-0.26117249552295513
CXCR3-,HC,PST45044_CSF,GSM4104132_CCTAAAGGTCCGTTAA-1,-0.10056797643315316
CXCR3-,HC,PST45044_CSF,GSM4104132_CCTACACAGTACCGGA-1,-0.7961656610968352
CXCR3-,HC,PST45044_CSF,GSM4104132_CCTACACAGTCCTCCT-1,0.13143574649205772
CXCR3-,HC,PST45044_CSF,GSM4104132_CCTACACGTAGAGCTG-1,-0.2871853777218007
CXCR3-,HC,PST45044_CSF,GSM4104132_CCTAGCTGTGACTCAT-1,-0.08966663201612514
CXCR3+,HC,PST45044_CSF,GSM4104132_CCTATTACATTCACTT-1,-0.5299056622458853
CXCR3-,HC,PST45044_CSF,GSM4104132_CCTCTGAGTAGAAAGG-1,-0.9946120919112319
CXCR3+,HC,PST45044_CSF,GSM4104132_CCTCTGAGTATGAATG-1,-0.10056797643315316
CXCR3-,HC,PST45044_CSF,GSM4104132_CCTTCCCCACTCTGTC-1,-0.10056797643315316
CXCR3+,HC,PST45044_CSF,GSM4104132_CCTTTCTCAGTGAGTG-1,-0.4431290743289143
CXCR3-,HC,PST45044_CSF,GSM4104132_CCTTTCTCATAGACTC-1,-0.23541750413891305
CXCR3-,HC,PST45044_CSF,GSM4104132_CCTTTCTGTGTTCGAT-1,0.30411009535769573
CXCR3-,HC,PST45044_CSF,GSM4104132_CCTTTCTTCCCTAATT-1,-0.07852398476351423
CXCR3-,HC,PST45044_CSF,GSM4104132_CGAACATAGAATAGGG-1,-0.10056797643315316
CXCR3-,HC,PST45044_CSF,GSM4104132_CGAACATAGGGTTTCT-1,-0.11330531890717366
CXCR3+,HC,PST45044_CSF,GSM4104132_CGAACATGTCGGGTCT-1,-0.6235442007455038
CXCR3-,HC,PST45044_CSF,GSM4104132_CGACCTTAGCGTGAAC-1,-1.4205878389007363
CXCR3+,HC,PST45044_CSF,GSM4104132_CGACTTCAGGCCGAAT-1,-0.2476676703766881
CXCR3-,HC,PST45044_CSF,GSM4104132_CGACTTCCATATGGTC-1,-0.03411908748705377
CXCR3+,HC,PST45044_CSF,GSM4104132_CGAGAAGCAGGGATTG-1,-0.01058432806063847
CXCR3+,HC,PST45044_CSF,GSM4104132_CGAGCACTCAAAGACA-1,-0.10056797643315316
CXCR3+,HC,PST45044_CSF,GSM4104132_CGATGGCCAATGAATG-1,-1.3199047661284935
CXCR3+,HC,PST45044_CSF,GSM4104132_CGATGTACATCAGTCA-1,-0.3389380100585934
CXCR3-,HC,PST45044_CSF,GSM4104132_CGATGTAGTCCGTCAG-1,-0.9896875294311285
CXCR3+,HC,PST45044_CSF,GSM4104132_CGATTGACACAGGTTT-1,-0.7836008371852785
CXCR3-,HC,PST45044_CSF,GSM4104132_CGATTGATCCGCAGTG-1,-1.158434098607317
CXCR3-,HC,PST45044_CSF,GSM4104132_CGCCAAGAGTGGCACA-1,-0.34760885719705803
CXCR3-,HC,PST45044_CSF,GSM4104132_CGCGTTTAGTGCTGCC-1,-0.3917572828478105
CXCR3-,HC,PST45044_CSF,GSM4104132_CGCTATCCATGATCCA-1,-0.38743094439444675
CXCR3+,HC,PST45044_CSF,GSM4104132_CGCTGGAAGTTCCACA-1,-0.5634456811199962
CXCR3-,HC,PST45044_CSF,GSM4104132_CGCTGGAGTGTTGGGA-1,-0.6042288185203886
CXCR3+,HC,PST45044_CSF,GSM4104132_CGCTGGATCTATGTGG-1,0.16879206426312962
CXCR3-,HC,PST45044_CSF,GSM4104132_CGCTTCAAGCCACTAT-1,-0.46894166293542094
CXCR3-,HC,PST45044_CSF,GSM4104132_CGGACACAGGTAGCCA-1,0.08982522646026504
CXCR3-,HC,PST45044_CSF,GSM4104132_CGGACACTCCCAAGAT-1,-0.32715778420060554
CXCR3-,HC,PST45044_CSF,GSM4104132_CGGACGTAGATCGGGT-1,-0.3176886812045993
CXCR3-,HC,PST45044_CSF,GSM4104132_CGGACGTCATCGATGT-1,-0.5431435809604387
CXCR3-,HC,PST45044_CSF,GSM4104132_CGGACTGAGAAACCGC-1,-0.5142544016097332
CXCR3-,HC,PST45044_CSF,GSM4104132_CGGAGTCAGACGCACA-1,-0.7528010038319971
CXCR3-,HC,PST45044_CSF,GSM4104132_CGGCTAGGTCGTGGCT-1,0.2614015470213475
CXCR3-,HC,PST45044_CSF,GSM4104132_CGGGTCACATGTCCTC-1,-0.597049706078613
CXCR3+,HC,PST45044_CSF,GSM4104132_CGGGTCATCAGCTCGG-1,-0.0662737495134569
CXCR3+,HC,PST45044_CSF,GSM4104132_CGGTTAACAACTGGCC-1,-0.46083635825946295
CXCR3+,HC,PST45044_CSF,GSM4104132_CGGTTAAGTTCAGACT-1,-0.08768655576252961
CXCR3+,HC,PST45044_CSF,GSM4104132_CGTAGCGCAGTGGAGT-1,-0.4200984468391452
CXCR3+,HC,PST45044_CSF,GSM4104132_CGTAGCGTCCGTAGTA-1,-0.10056797643315316
CXCR3-,HC,PST45044_CSF,GSM4104132_CGTCACTTCATTGCCC-1,-0.09089216395301901
CXCR3-,HC,PST45044_CSF,GSM4104132_CGTCAGGAGTTCCACA-1,-0.3759310321630548
CXCR3-,HC,PST45044_CSF,GSM4104132_CGTCAGGTCGCATGAT-1,-0.258404570070804
CXCR3-,HC,PST45044_CSF,GSM4104132_CGTCCATAGTCAATAG-1,-0.10056797643315316
CXCR3-,HC,PST45044_CSF,GSM4104132_CGTCCATCAGGGTACA-1,-0.10056797643315316
CXCR3+,HC,PST45044_CSF,GSM4104132_CGTCTACCACCAACCG-1,-0.2861681462770744
CXCR3+,HC,PST45044_CSF,GSM4104132_CGTCTACTCTCTGCTG-1,-0.10056797643315316
CXCR3-,HC,PST45044_CSF,GSM4104132_CGTGAGCCAGTTCATG-1,0.3595038655289641
CXCR3-,HC,PST45044_CSF,GSM4104132_CGTGTCTTCAGTCAGT-1,-0.24157768207774094
CXCR3-,HC,PST45044_CSF,GSM4104132_CGTTAGACATCGGACC-1,-0.7151651700867798
CXCR3-,HC,PST45044_CSF,GSM4104132_CGTTAGAGTCATATGC-1,0.14944731682932602
CXCR3+,HC,PST45044_CSF,GSM4104132_CGTTCTGTCTGCAGTA-1,-0.4184007991226842
CXCR3-,HC,PST45044_CSF,GSM4104132_CGTTGGGTCCTCAACC-1,-0.2971865494461709
CXCR3-,HC,PST45044_CSF,GSM4104132_CGTTGGGTCGCCCTTA-1,-0.43453020883499666
CXCR3-,HC,PST45044_CSF,GSM4104132_CTAACTTAGACTGTAA-1,-0.26352038774425146
CXCR3-,HC,PST45044_CSF,GSM4104132_CTAATGGCACTTCGAA-1,0.17573051946908302
CXCR3-,HC,PST45044_CSF,GSM4104132_CTAATGGGTCACTTCC-1,-0.49184657906517915
CXCR3-,HC,PST45044_CSF,GSM4104132_CTACACCAGGTGATAT-1,0.16517901379117086
CXCR3-,HC,PST45044_CSF,GSM4104132_CTACACCCATGTCTCC-1,-0.09483936969556088
CXCR3-,HC,PST45044_CSF,GSM4104132_CTACATTCACGGCGTT-1,-0.2233604916112868
CXCR3-,HC,PST45044_CSF,GSM4104132_CTACCCAAGACTCGGA-1,0.1316139052358636
CXCR3-,HC,PST45044_CSF,GSM4104132_CTACGTCCAATCGGTT-1,-0.8479241814371227
CXCR3-,HC,PST45044_CSF,GSM4104132_CTACGTCTCTGCGGCA-1,-0.5611147115888413
CXCR3-,HC,PST45044_CSF,GSM4104132_CTAGCCTCAGTCACTA-1,-0.8010854940752087
CXCR3-,HC,PST45044_CSF,GSM4104132_CTCACACGTGCAACTT-1,-0.504677972072455
CXCR3+,HC,PST45044_CSF,GSM4104132_CTCAGAATCTGCAGTA-1,-1.170961995570147
CXCR3-,HC,PST45044_CSF,GSM4104132_CTCATTACATCACGAT-1,-0.10056797643315316
CXCR3-,HC,PST45044_CSF,GSM4104132_CTCATTAGTAAGTGGC-1,0.10158224245803635
CXCR3-,HC,PST45044_CSF,GSM4104132_CTCCTAGAGGCAAAGA-1,-0.479206727251597
CXCR3-,HC,PST45044_CSF,GSM4104132_CTCCTAGGTTCCCTTG-1,-0.3529453258560324
CXCR3+,HC,PST45044_CSF,GSM4104132_CTCCTAGTCCCTTGCA-1,-0.5447074389461204
CXCR3-,HC,PST45044_CSF,GSM4104132_CTCGAGGGTGATGTGG-1,-0.23205360718564197
CXCR3-,HC,PST45044_CSF,GSM4104132_CTCGAGGTCACAACGT-1,-0.4762420417569989
CXCR3-,HC,PST45044_CSF,GSM4104132_CTCGGGAGTATCAGTC-1,-0.3486067416503293
CXCR3-,HC,PST45044_CSF,GSM4104132_CTCTAATAGGCTATCT-1,0.25928933245031727
CXCR3-,HC,PST45044_CSF,GSM4104132_CTCTAATTCCCAACGG-1,-0.10056797643315316
CXCR3-,HC,PST45044_CSF,GSM4104132_CTCTAATTCGTCCGTT-1,-0.8592958972122291
CXCR3+,HC,PST45044_CSF,GSM4104132_CTCTACGAGCAGGCTA-1,-0.10056797643315316
CXCR3+,HC,PST45044_CSF,GSM4104132_CTCTACGAGCATGGCA-1,-0.19573739320690756
CXCR3-,HC,PST45044_CSF,GSM4104132_CTCTACGGTCGCTTTC-1,-0.30890878824183815
CXCR3-,HC,PST45044_CSF,GSM4104132_CTGAAACAGTACGCGA-1,-0.3295840510249999
CXCR3-,HC,PST45044_CSF,GSM4104132_CTGAAACTCAACCAAC-1,-0.10056797643315316
CXCR3-,HC,PST45044_CSF,GSM4104132_CTGAAGTTCAGTTAGC-1,0.37025244978376
CXCR3-,HC,PST45044_CSF,GSM4104132_CTGATAGCAAGTCATC-1,-0.4674790990050634
CXCR3-,HC,PST45044_CSF,GSM4104132_CTGATAGTCCCTTGCA-1,-0.2478523162516999
CXCR3+,HC,PST45044_CSF,GSM4104132_CTGATCCCAATAGCAA-1,-0.7963683792820271
CXCR3-,HC,PST45044_CSF,GSM4104132_CTGATCCCATTTCACT-1,-0.5545547043275396
CXCR3-,HC,PST45044_CSF,GSM4104132_CTGCGGATCCTACAGA-1,-0.06508978201612511
CXCR3+,HC,PST45044_CSF,GSM4104132_CTGGTCTCACGGCTAC-1,-0.10056797643315316
CXCR3-,HC,PST45044_CSF,GSM4104132_CTGTGCTCACGTCAGC-1,-0.10056797643315316
CXCR3-,HC,PST45044_CSF,GSM4104132_CTGTGCTTCTCGATGA-1,-0.03313895296181757
CXCR3+,HC,PST45044_CSF,GSM4104132_CTGTTTACAGCGTTCG-1,-0.22050029610182056
CXCR3-,HC,PST45044_CSF,GSM4104132_CTTAACTCATCTGGTA-1,0.388256085754565
CXCR3-,HC,PST45044_CSF,GSM4104132_CTTACCGCAGCCAATT-1,-0.20787569110878706
CXCR3+,HC,PST45044_CSF,GSM4104132_CTTACCGCAGGACCCT-1,-0.10056797643315316
CXCR3-,HC,PST45044_CSF,GSM4104132_CTTACCGGTAGCGTGA-1,-0.5045799668383236
CXCR3-,HC,PST45044_CSF,GSM4104132_CTTAGGATCCGCATCT-1,-0.34068490065909784
CXCR3-,HC,PST45044_CSF,GSM4104132_CTTCTCTCAAGTCTGT-1,-0.10056797643315316
CXCR3-,HC,PST45044_CSF,GSM4104132_CTTGGCTTCGCCATAA-1,-0.3084331898668203
CXCR3-,HC,PST45044_CSF,GSM4104132_CTTTGCGGTTACGACT-1,-0.10056797643315316
CXCR3+,HC,PST45044_CSF,GSM4104132_CTTTGCGTCCAGTATG-1,-0.10056797643315316
CXCR3-,HC,PST45044_CSF,GSM4104132_GAAACTCTCAGTTTGG-1,-0.10056797643315316
CXCR3-,HC,PST45044_CSF,GSM4104132_GAAATGAAGTTGTAGA-1,-0.08945804816812321
CXCR3-,HC,PST45044_CSF,GSM4104132_GAAATGACAAACCTAC-1,-0.10056797643315316
CXCR3+,HC,PST45044_CSF,GSM4104132_GAAATGACAAGCGAGT-1,-0.29451122944419456
CXCR3-,HC,PST45044_CSF,GSM4104132_GAAATGATCCTATGTT-1,0.14565722422290023
CXCR3+,HC,PST45044_CSF,GSM4104132_GAACATCCATACGCTA-1,-0.8517174281785567
CXCR3-,HC,PST45044_CSF,GSM4104132_GAACCTACAATGTAAG-1,0.11146672770667077
CXCR3-,HC,PST45044_CSF,GSM4104132_GAACCTAGTGGACGAT-1,-0.10056797643315316
CXCR3-,HC,PST45044_CSF,GSM4104132_GAAGCAGGTCATTAGC-1,-0.2671863128448879
CXCR3-,HC,PST45044_CSF,GSM4104132_GAATGAAGTGTTTGTG-1,-0.06595872284200012
CXCR3-,HC,PST45044_CSF,GSM4104132_GACACGCAGGTTCCTA-1,-0.8128737622126951
CXCR3-,HC,PST45044_CSF,GSM4104132_GACAGAGGTGTGCCTG-1,-0.3169511788106746
CXCR3-,HC,PST45044_CSF,GSM4104132_GACCAATAGTCCTCCT-1,-0.9097411904662638
CXCR3-,HC,PST45044_CSF,GSM4104132_GACCAATAGTGGGCTA-1,-0.8649729993160747
CXCR3-,HC,PST45044_CSF,GSM4104132_GACCAATCACATTCGA-1,0.5654843621345675
CXCR3-,HC,PST45044_CSF,GSM4104132_GACCAATGTTGGGACA-1,-0.39742058157436216
CXCR3-,HC,PST45044_CSF,GSM4104132_GACCTGGCAATGCCAT-1,-0.22725879277006622
CXCR3+,HC,PST45044_CSF,GSM4104132_GACCTGGCAGTCGATT-1,-0.10056797643315316
CXCR3+,HC,PST45044_CSF,GSM4104132_GACCTGGGTGCAGTAG-1,-0.10056797643315316
CXCR3-,HC,PST45044_CSF,GSM4104132_GACGCGTTCCTACAGA-1,-0.47964638967008527
CXCR3-,HC,PST45044_CSF,GSM4104132_GACGGCTAGAGGTTGC-1,-1.0023283539463377
CXCR3+,HC,PST45044_CSF,GSM4104132_GACGTGCCATAGACTC-1,-0.4308656578873745
CXCR3-,HC,PST45044_CSF,GSM4104132_GACTAACGTCTAGAGG-1,-0.4599557602741385
CXCR3-,HC,PST45044_CSF,GSM4104132_GACTACACAGGACGTA-1,-0.08689049567826841
CXCR3-,HC,PST45044_CSF,GSM4104132_GACTGCGAGCAGACTG-1,0.1414493699325047
CXCR3-,HC,PST45044_CSF,GSM4104132_GACTGCGCACGTCTCT-1,-0.20674251562522178
CXCR3-,HC,PST45044_CSF,GSM4104132_GACTGCGGTCTAAACC-1,-1.013141865031031
CXCR3+,HC,PST45044_CSF,GSM4104132_GACTGCGGTGTCTGAT-1,-0.381553348648149
CXCR3-,HC,PST45044_CSF,GSM4104132_GAGCAGACATCCGGGT-1,-0.10056797643315316
CXCR3-,HC,PST45044_CSF,GSM4104132_GAGTCCGTCTGTGCAA-1,-0.379350340988445
CXCR3-,HC,PST45044_CSF,GSM4104132_GATCAGTCAATGCCAT-1,-0.04168948421904195
CXCR3-,HC,PST45044_CSF,GSM4104132_GATCGCGGTACGAAAT-1,-1.0600221771241736
CXCR3-,HC,PST45044_CSF,GSM4104132_GATCGCGTCACAAACC-1,0.12599264457420656
CXCR3+,HC,PST45044_CSF,GSM4104132_GATCGTATCAACCAAC-1,-0.006031067165362665
CXCR3-,HC,PST45044_CSF,GSM4104132_GATGAAAGTTGTCTTT-1,0.23162302974197121
CXCR3-,HC,PST45044_CSF,GSM4104132_GATGAGGGTGTAATGA-1,-0.20196732863840108
CXCR3+,HC,PST45044_CSF,GSM4104132_GATGAGGGTTAAGATG-1,-0.8782010528546494
CXCR3-,HC,PST45044_CSF,GSM4104132_GATTCAGTCAACGAAA-1,-1.2179912115947342
CXCR3+,HC,PST45044_CSF,GSM4104132_GCAAACTAGCAGACTG-1,-0.10056797643315316
CXCR3-,HC,PST45044_CSF,GSM4104132_GCAATCAGTACCGCTG-1,-0.6534610034977826
CXCR3-,HC,PST45044_CSF,GSM4104132_GCAATCAGTCTAGTCA-1,0.14297726711382105
CXCR3-,HC,PST45044_CSF,GSM4104132_GCACATACACAGATTC-1,-0.3658729210656366
CXCR3-,HC,PST45044_CSF,GSM4104132_GCACATACAGACAGGT-1,-0.6227830067692318
CXCR3-,HC,PST45044_CSF,GSM4104132_GCACATAGTAAGAGAG-1,-0.5162169768428491
CXCR3-,HC,PST45044_CSF,GSM4104132_GCACATATCCTCCTAG-1,-0.10056797643315316
CXCR3-,HC,PST45044_CSF,GSM4104132_GCACTCTCACAACGTT-1,0.13102730476814176
CXCR3-,HC,PST45044_CSF,GSM4104132_GCACTCTGTGGTCCGT-1,0.23597119706577882
CXCR3+,HC,PST45044_CSF,GSM4104132_GCAGCCACACATTTCT-1,-0.23561140992288615
CXCR3-,HC,PST45044_CSF,GSM4104132_GCAGTTAAGATAGTCA-1,-0.5316399239006558
CXCR3-,HC,PST45044_CSF,GSM4104132_GCATGATAGAGTACCG-1,-0.4659617054253186
CXCR3-,HC,PST45044_CSF,GSM4104132_GCATGCGAGGGTATCG-1,-0.6632240936048174
CXCR3+,HC,PST45044_CSF,GSM4104132_GCATGCGAGGGTCGAT-1,-0.3506045264530108
CXCR3-,HC,PST45044_CSF,GSM4104132_GCATGTACAGACAGGT-1,0.21043715569148938
CXCR3+,HC,PST45044_CSF,GSM4104132_GCCAAATTCAAGGCTT-1,-0.2429410915051016
CXCR3-,HC,PST45044_CSF,GSM4104132_GCCTCTAAGCGATGAC-1,0.31238465142857436
CXCR3-,HC,PST45044_CSF,GSM4104132_GCCTCTACATGGGAAC-1,-0.522223597777577
CXCR3-,HC,PST45044_CSF,GSM4104132_GCGAGAACACCGTTGG-1,-0.10056797643315316
CXCR3-,HC,PST45044_CSF,GSM4104132_GCGAGAATCCTCATTA-1,-0.3259745840565728
CXCR3-,HC,PST45044_CSF,GSM4104132_GCGCAACGTACGACCC-1,-0.5361864122500817
CXCR3-,HC,PST45044_CSF,GSM4104132_GCGCAGTAGGGAAACA-1,0.039638619097038155
CXCR3+,HC,PST45044_CSF,GSM4104132_GCGCCAAAGGCATGGT-1,0.04323683371161476
CXCR3-,HC,PST45044_CSF,GSM4104132_GCGCCAACATTTCAGG-1,-0.5300468612363741
CXCR3-,HC,PST45044_CSF,GSM4104132_GCTCCTACAAGCGATG-1,-0.5514930028618837
CXCR3+,HC,PST45044_CSF,GSM4104132_GCTCCTACAGCTGTGC-1,-0.2702018938571405
CXCR3-,HC,PST45044_CSF,GSM4104132_GCTCTGTAGTGCCAGA-1,-0.10056797643315316
CXCR3-,HC,PST45044_CSF,GSM4104132_GCTCTGTGTTGAGGTG-1,-0.36663290058981524
CXCR3-,HC,PST45044_CSF,GSM4104132_GCTGCAGCACATCTTT-1,-0.5688610458546364
CXCR3-,HC,PST45044_CSF,GSM4104132_GCTGGGTAGATATACG-1,-0.10056797643315316
CXCR3+,HC,PST45044_CSF,GSM4104132_GCTGGGTCAGTACACT-1,-0.6186304520985754
CXCR3-,HC,PST45044_CSF,GSM4104132_GCTTCCAAGAATTGTG-1,-0.3013527530040765
CXCR3-,HC,PST45044_CSF,GSM4104132_GCTTCCAGTACCCAAT-1,-1.115509696527025
CXCR3-,HC,PST45044_CSF,GSM4104132_GCTTGAACACAGACAG-1,-0.24519766016817593
CXCR3-,HC,PST45044_CSF,GSM4104132_GGAACTTCACGGTAGA-1,-0.10056797643315316
CXCR3-,HC,PST45044_CSF,GSM4104132_GGAACTTGTCCGTGAC-1,-0.7037123407495626
CXCR3+,HC,PST45044_CSF,GSM4104132_GGAATAAAGCGATAGC-1,-0.38966658582282154
CXCR3-,HC,PST45044_CSF,GSM4104132_GGAATAAAGCGGATCA-1,-0.10056797643315316
CXCR3-,HC,PST45044_CSF,GSM4104132_GGAATAAAGTTCGCAT-1,0.16935294346337582
CXCR3+,HC,PST45044_CSF,GSM4104132_GGAATAAAGTTTGCGT-1,-0.2161358119299723
CXCR3-,HC,PST45044_CSF,GSM4104132_GGAATAACATAGACTC-1,-0.026490770502967775
CXCR3+,HC,PST45044_CSF,GSM4104132_GGAATAAGTCCAGTTA-1,-0.570884305061645
CXCR3+,HC,PST45044_CSF,GSM4104132_GGAATAAGTGAGGGTT-1,-1.2356001354391162
CXCR3-,HC,PST45044_CSF,GSM4104132_GGAATAATCAGTTAGC-1,-0.10056797643315316
CXCR3-,HC,PST45044_CSF,GSM4104132_GGACAGACAGCTTCGG-1,-0.10056797643315316
CXCR3-,HC,PST45044_CSF,GSM4104132_GGACAGAGTCGAAAGC-1,-0.10056797643315316
CXCR3+,HC,PST45044_CSF,GSM4104132_GGATGTTAGAAACCTA-1,-0.010918587674701774
CXCR3+,HC,PST45044_CSF,GSM4104132_GGCAATTAGGAGTTTA-1,-1.0434291603325776
CXCR3-,HC,PST45044_CSF,GSM4104132_GGCCGATGTATCGCAT-1,-0.29855242676146865
CXCR3-,HC,PST45044_CSF,GSM4104132_GGCCGATTCGCCTGTT-1,-0.5340992414683494
CXCR3-,HC,PST45044_CSF,GSM4104132_GGCGACTAGCCTATGT-1,0.061525991265595104
CXCR3-,HC,PST45044_CSF,GSM4104132_GGCGACTGTGGTTTCA-1,-0.10056797643315316
CXCR3-,HC,PST45044_CSF,GSM4104132_GGCTGGTCAATTGCTG-1,-0.21164878672938206
CXCR3-,HC,PST45044_CSF,GSM4104132_GGGAATGAGTCTTGCA-1,-0.4067655700924679
CXCR3-,HC,PST45044_CSF,GSM4104132_GGGAATGCATCGACGC-1,-0.3770554095364134
CXCR3-,HC,PST45044_CSF,GSM4104132_GGGAATGTCCGCAGTG-1,-0.10056797643315316
CXCR3-,HC,PST45044_CSF,GSM4104132_GGGACCTTCGAGCCCA-1,0.12120952330681121
CXCR3-,HC,PST45044_CSF,GSM4104132_GGGAGATAGTCAATAG-1,-0.3309537828193802
CXCR3-,HC,PST45044_CSF,GSM4104132_GGGAGATCAACGATCT-1,-0.868655744445741
CXCR3-,HC,PST45044_CSF,GSM4104132_GGGAGATGTCCCGACA-1,-0.43538666357351113
CXCR3-,HC,PST45044_CSF,GSM4104132_GGGATGAGTCGGGTCT-1,-0.16627131591965252
CXCR3+,HC,PST45044_CSF,GSM4104132_GGGCACTGTTTAGGAA-1,-0.21016970429126655
CXCR3-,HC,PST45044_CSF,GSM4104132_GGGCACTTCAACACTG-1,-0.10056797643315316
CXCR3-,HC,PST45044_CSF,GSM4104132_GGGCACTTCAACTCTT-1,-0.11143535117645623
CXCR3-,HC,PST45044_CSF,GSM4104132_GGGCATCAGAGTCTGG-1,0.6493931743329634
CXCR3-,HC,PST45044_CSF,GSM4104132_GGGTCTGGTATCACCA-1,-0.6086929067677456
CXCR3-,HC,PST45044_CSF,GSM4104132_GGTATTGTCAGTTAGC-1,-0.10056797643315316
CXCR3-,HC,PST45044_CSF,GSM4104132_GGTGAAGCATGTCCTC-1,-0.2525603776058357
CXCR3-,HC,PST45044_CSF,GSM4104132_GTAACTGAGCGACGTA-1,-0.4409569866951152
CXCR3-,HC,PST45044_CSF,GSM4104132_GTAACTGTCATTATCC-1,-0.1361675948568907
CXCR3-,HC,PST45044_CSF,GSM4104132_GTACGTAAGGAGTACC-1,-0.28022194170285974
CXCR3-,HC,PST45044_CSF,GSM4104132_GTACGTATCACGCGGT-1,-0.392498217673202
CXCR3-,HC,PST45044_CSF,GSM4104132_GTACGTATCGCCAGCA-1,-0.10056797643315316
CXCR3-,HC,PST45044_CSF,GSM4104132_GTAGGCCAGGATGGAA-1,-0.7489300066929024
CXCR3+,HC,PST45044_CSF,GSM4104132_GTAGGCCGTTCCCTTG-1,-0.21355364871241583
CXCR3-,HC,PST45044_CSF,GSM4104132_GTATCTTAGGAGTAGA-1,0.15059271305804406
CXCR3-,HC,PST45044_CSF,GSM4104132_GTATCTTCAATGTTGC-1,-0.2791494806606295
CXCR3-,HC,PST45044_CSF,GSM4104132_GTATCTTTCGAGCCCA-1,-0.3711747739003054
CXCR3-,HC,PST45044_CSF,GSM4104132_GTCACAAAGATAGGAG-1,0.013012002037058592
CXCR3-,HC,PST45044_CSF,GSM4104132_GTCACAACAGGGTTAG-1,-0.24356590674373368
CXCR3+,HC,PST45044_CSF,GSM4104132_GTCACGGGTACCGAGA-1,-0.2268214178390422
CXCR3-,HC,PST45044_CSF,GSM4104132_GTCATTTAGGTTACCT-1,-1.091857050876402
CXCR3-,HC,PST45044_CSF,GSM4104132_GTCATTTAGTAGATGT-1,-0.5259620359720157
CXCR3-,HC,PST45044_CSF,GSM4104132_GTCCTCACAATGACCT-1,-0.2945829051200088
CXCR3-,HC,PST45044_CSF,GSM4104132_GTCCTCATCCAAGCCG-1,-0.24193655055460628
CXCR3-,HC,PST45044_CSF,GSM4104132_GTCGTAATCTGATTCT-1,-0.28922059525065685
CXCR3-,HC,PST45044_CSF,GSM4104132_GTCTCGTAGTTGTAGA-1,-0.2449997237385509
CXCR3-,HC,PST45044_CSF,GSM4104132_GTCTTCGAGATACACA-1,-0.36990688256208476
CXCR3+,HC,PST45044_CSF,GSM4104132_GTCTTCGTCAGTTGAC-1,-0.10056797643315316
CXCR3-,HC,PST45044_CSF,GSM4104132_GTGCAGCAGGACAGCT-1,-0.3457890422423055
CXCR3-,HC,PST45044_CSF,GSM4104132_GTGCAGCCAAACAACA-1,-0.5720103668966957
CXCR3-,HC,PST45044_CSF,GSM4104132_GTGCAGCCACACAGAG-1,-0.3444018795564459
CXCR3+,HC,PST45044_CSF,GSM4104132_GTGCATAAGTCGATAA-1,-0.23944512974440937
CXCR3-,HC,PST45044_CSF,GSM4104132_GTGCGGTAGCGTCTAT-1,-0.23114740523201066
CXCR3-,HC,PST45044_CSF,GSM4104132_GTGCGGTTCCAATGGT-1,0.3657800260638898
CXCR3+,HC,PST45044_CSF,GSM4104132_GTGTTAGCACGAGAGT-1,-0.337752976734614
CXCR3-,HC,PST45044_CSF,GSM4104132_GTTAAGCGTAGAAAGG-1,-0.25127236021641414
CXCR3-,HC,PST45044_CSF,GSM4104132_GTTACAGAGGCATTGG-1,-0.7497368207503384
CXCR3-,HC,PST45044_CSF,GSM4104132_GTTACAGCATATGAGA-1,-0.10056797643315316
CXCR3-,HC,PST45044_CSF,GSM4104132_GTTCATTGTTCGTCTC-1,-0.6368305546873135
CXCR3-,HC,PST45044_CSF,GSM4104132_GTTCGGGGTCACAAGG-1,-0.6799832955339304
CXCR3+,HC,PST45044_CSF,GSM4104132_GTTCTCGAGGGAAACA-1,-0.9468576927774802
CXCR3-,HC,PST45044_CSF,GSM4104132_GTTTCTAGTCCCTTGT-1,-0.043296487263460616
CXCR3-,HC,PST45044_CSF,GSM4104132_GTTTCTATCATTTGGG-1,-0.9374990080875858
CXCR3+,HC,PST45044_CSF,GSM4104132_GTTTCTATCTCTTATG-1,-0.10056797643315316
CXCR3+,HC,PST45044_CSF,GSM4104132_GTTTCTATCTGTACGA-1,-0.35346457449974517
CXCR3-,HC,PST45044_CSF,GSM4104132_TAAACCGCATACCATG-1,-0.10056797643315316
CXCR3-,HC,PST45044_CSF,GSM4104132_TAAGAGAAGTGTCCAT-1,0.05817991692403633
CXCR3-,HC,PST45044_CSF,GSM4104132_TAAGCGTAGTGTCCCG-1,-0.5880857543174247
CXCR3-,HC,PST45044_CSF,GSM4104132_TACAGTGAGAGACGAA-1,-0.3828299166135119
CXCR3-,HC,PST45044_CSF,GSM4104132_TACAGTGAGCACAGGT-1,-0.26352038774425146
CXCR3-,HC,PST45044_CSF,GSM4104132_TACAGTGTCTTTAGGG-1,-0.10056797643315316
CXCR3-,HC,PST45044_CSF,GSM4104132_TACCTTACAGCTGTTA-1,-0.10056797643315316
CXCR3-,HC,PST45044_CSF,GSM4104132_TACGGATAGATCACGG-1,-0.2580597309272522
CXCR3-,HC,PST45044_CSF,GSM4104132_TACGGATCACGCCAGT-1,-0.2905683115437486
CXCR3-,HC,PST45044_CSF,GSM4104132_TACGGTAGTCTAGGTT-1,-0.25409530456927204
CXCR3-,HC,PST45044_CSF,GSM4104132_TACGGTATCCGCGCAA-1,-0.24217699090645609
CXCR3+,HC,PST45044_CSF,GSM4104132_TACTCGCGTTACTGAC-1,0.08457530189251203
CXCR3-,HC,PST45044_CSF,GSM4104132_TACTCGCGTTCAGGCC-1,-0.28137992010265117
CXCR3-,HC,PST45044_CSF,GSM4104132_TACTTACCAAACGTGG-1,-0.1903601913959536
CXCR3-,HC,PST45044_CSF,GSM4104132_TACTTACGTCATACTG-1,-0.3283989175314141
CXCR3-,HC,PST45044_CSF,GSM4104132_TAGACCACATCACCCT-1,-0.2665402947709533
CXCR3-,HC,PST45044_CSF,GSM4104132_TAGACCAGTTCGCGAC-1,-0.8854143290479158
CXCR3+,HC,PST45044_CSF,GSM4104132_TAGCCGGCATCTGGTA-1,-0.29463513899733507
CXCR3-,HC,PST45044_CSF,GSM4104132_TAGCCGGGTAAGTGTA-1,-0.3556161102862245
CXCR3-,HC,PST45044_CSF,GSM4104132_TAGGCATAGAGCTATA-1,-0.14590139742240285
CXCR3-,HC,PST45044_CSF,GSM4104132_TAGTGGTCACGAAACG-1,-1.1149963500497253
CXCR3-,HC,PST45044_CSF,GSM4104132_TAGTGGTTCGACAGCC-1,-0.25568910176789567
CXCR3-,HC,PST45044_CSF,GSM4104132_TAGTTGGCACATGGGA-1,-0.4434220906060373
CXCR3-,HC,PST45044_CSF,GSM4104132_TAGTTGGCACTACAGT-1,-0.36706534378200917
CXCR3-,HC,PST45044_CSF,GSM4104132_TATCAGGAGACGACGT-1,-0.010859681448680134
CXCR3+,HC,PST45044_CSF,GSM4104132_TATCAGGGTAAAGGAG-1,-0.23509575755596754
CXCR3-,HC,PST45044_CSF,GSM4104132_TATCTCACAATGTTGC-1,-0.23898642346737223
CXCR3-,HC,PST45044_CSF,GSM4104132_TATCTCAGTTATTCTC-1,-0.38806121562578133
CXCR3-,HC,PST45044_CSF,GSM4104132_TATGCCCCATACAGCT-1,-0.10056797643315316
CXCR3-,HC,PST45044_CSF,GSM4104132_TCAACGAAGAGACTTA-1,-0.3075479461752097
CXCR3-,HC,PST45044_CSF,GSM4104132_TCAATCTCATCGGAAG-1,-0.6244134893258416
CXCR3-,HC,PST45044_CSF,GSM4104132_TCACGAATCACCAGGC-1,-0.5872199382842757
CXCR3-,HC,PST45044_CSF,GSM4104132_TCACGAATCCACTGGG-1,-0.10056797643315316
CXCR3-,HC,PST45044_CSF,GSM4104132_TCAGCAACAGGTTTCA-1,-0.174690949376612
CXCR3+,HC,PST45044_CSF,GSM4104132_TCAGCTCAGTCAAGCG-1,0.01604460290440552
CXCR3-,HC,PST45044_CSF,GSM4104132_TCAGGATCAGATCCAT-1,-0.03921916164455698
CXCR3-,HC,PST45044_CSF,GSM4104132_TCAGGATGTATCAGTC-1,-0.10056797643315316
CXCR3-,HC,PST45044_CSF,GSM4104132_TCAGGATGTGCACCAC-1,-0.5581360053345856
CXCR3-,HC,PST45044_CSF,GSM4104132_TCATTTGCACGACTCG-1,-0.10056797643315316
CXCR3-,HC,PST45044_CSF,GSM4104132_TCCACACCATAGAAAC-1,0.28811584040825583
CXCR3-,HC,PST45044_CSF,GSM4104132_TCCCGATAGTATCGAA-1,-0.10056797643315316
CXCR3-,HC,PST45044_CSF,GSM4104132_TCCCGATTCGGAATCT-1,-0.4395990698474201
CXCR3-,HC,PST45044_CSF,GSM4104132_TCGAGGCTCGGAGCAA-1,-0.6672822744038903
CXCR3-,HC,PST45044_CSF,GSM4104132_TCGGTAAAGATCTGAA-1,-0.10056797643315316
CXCR3+,HC,PST45044_CSF,GSM4104132_TCGGTAACATGGATGG-1,-0.6057673684380738
CXCR3+,HC,PST45044_CSF,GSM4104132_TCGTAGACAGCCTGTG-1,0.11588456038171303
CXCR3-,HC,PST45044_CSF,GSM4104132_TCTATTGGTAGGACAC-1,-0.10056797643315316
CXCR3-,HC,PST45044_CSF,GSM4104132_TCTATTGGTCGTCTTC-1,-0.42304473033171724
CXCR3-,HC,PST45044_CSF,GSM4104132_TCTGAGACAACTGGCC-1,-0.5743627776502045
CXCR3-,HC,PST45044_CSF,GSM4104132_TCTGGAACATCCTTGC-1,-0.8112806363341127
CXCR3+,HC,PST45044_CSF,GSM4104132_TCTTTCCAGCCTCGTG-1,-0.5948908472810829
CXCR3+,HC,PST45044_CSF,GSM4104132_TCTTTCCTCCCAAGAT-1,-0.45549424587882736
CXCR3+,HC,PST45044_CSF,GSM4104132_TGACAACCATCCGGGT-1,-0.49560822275977695
CXCR3-,HC,PST45044_CSF,GSM4104132_TGACAACCATGGTCAT-1,0.5137754712890176
CXCR3-,HC,PST45044_CSF,GSM4104132_TGACGGCCACAGTCGC-1,-0.2952485557619417
CXCR3-,HC,PST45044_CSF,GSM4104132_TGACGGCGTATAGTAG-1,-0.10056797643315316
CXCR3-,HC,PST45044_CSF,GSM4104132_TGACGGCTCCCTAATT-1,-0.10056797643315316
CXCR3-,HC,PST45044_CSF,GSM4104132_TGACTAGAGCGATTCT-1,-0.10056797643315316
CXCR3-,HC,PST45044_CSF,GSM4104132_TGACTAGTCAGCTCTC-1,-0.24430008301219028
CXCR3-,HC,PST45044_CSF,GSM4104132_TGACTTTTCGGTGTCG-1,-0.16621598385702668
CXCR3-,HC,PST45044_CSF,GSM4104132_TGAGAGGAGAAACGCC-1,0.24687752915165012
CXCR3-,HC,PST45044_CSF,GSM4104132_TGAGAGGCAAGCCTAT-1,0.42815823999240743
CXCR3+,HC,PST45044_CSF,GSM4104132_TGAGCATTCATCGCTC-1,-0.10056797643315316
CXCR3+,HC,PST45044_CSF,GSM4104132_TGAGCCGCAAGACACG-1,-0.45597360668859277
CXCR3-,HC,PST45044_CSF,GSM4104132_TGAGCCGGTGAAAGAG-1,-0.20022982930953065
CXCR3+,HC,PST45044_CSF,GSM4104132_TGAGGGACAGCTCGCA-1,-1.3617147869658386
CXCR3-,HC,PST45044_CSF,GSM4104132_TGAGGGAGTCCGTGAC-1,-0.5195920102074664
CXCR3-,HC,PST45044_CSF,GSM4104132_TGCACCTTCGCCTGAG-1,-0.321632859504731
CXCR3-,HC,PST45044_CSF,GSM4104132_TGCCAAATCCTATGTT-1,0.1950316486577234
CXCR3-,HC,PST45044_CSF,GSM4104132_TGCCCATGTCCAGTTA-1,0.02880769754116813
CXCR3+,HC,PST45044_CSF,GSM4104132_TGCCCTATCTTCGGTC-1,-0.10056797643315316
CXCR3-,HC,PST45044_CSF,GSM4104132_TGCGCAGTCTGTCTCG-1,-0.33708584551742177
CXCR3-,HC,PST45044_CSF,GSM4104132_TGCGGGTCAAATTGCC-1,-0.23645914988783398
CXCR3-,HC,PST45044_CSF,GSM4104132_TGCGTGGCAACAACCT-1,0.28295660809472495
CXCR3-,HC,PST45044_CSF,GSM4104132_TGGACGCAGTCGATAA-1,-0.10056797643315316
CXCR3-,HC,PST45044_CSF,GSM4104132_TGGCGCAAGGTGCACA-1,-0.3756579830141247
CXCR3-,HC,PST45044_CSF,GSM4104132_TGGCTGGTCACGATGT-1,-0.832241893265037
CXCR3-,HC,PST45044_CSF,GSM4104132_TGGCTGGTCCTAGGGC-1,0.13253556885145915
CXCR3+,HC,PST45044_CSF,GSM4104132_TGGTTAGAGCGTGTCC-1,0.15764370299141214
CXCR3+,HC,PST45044_CSF,GSM4104132_TGGTTAGCATTAACCG-1,-0.10056797643315316
CXCR3-,HC,PST45044_CSF,GSM4104132_TGGTTCCGTAGCGTGA-1,-0.5915726562719881
CXCR3-,HC,PST45044_CSF,GSM4104132_TGGTTCCGTTCCAACA-1,0.011672199608714478
CXCR3-,HC,PST45044_CSF,GSM4104132_TGTATTCGTCGGCACT-1,-0.2785607478700681
CXCR3+,HC,PST45044_CSF,GSM4104132_TGTGGTAAGGGAGTAA-1,-0.990499389147354
CXCR3-,HC,PST45044_CSF,GSM4104132_TGTGGTATCGAGGTAG-1,-0.10056797643315316
CXCR3-,HC,PST45044_CSF,GSM4104132_TGTGTTTGTAAACACA-1,0.018201887484106578
CXCR3+,HC,PST45044_CSF,GSM4104132_TGTTCCGCAATCTGCA-1,0.16602003959112013
CXCR3-,HC,PST45044_CSF,GSM4104132_TTAGGACAGGGTATCG-1,-0.6523256112047296
CXCR3-,HC,PST45044_CSF,GSM4104132_TTAGGACTCGCCAAAT-1,-0.38309753195752716
CXCR3-,HC,PST45044_CSF,GSM4104132_TTAGGCAAGAAGGTTT-1,-0.3118754560729835
CXCR3-,HC,PST45044_CSF,GSM4104132_TTAGTTCCAACTGCGC-1,-0.5022785633193828
CXCR3+,HC,PST45044_CSF,GSM4104132_TTATGCTTCGCAGGCT-1,-0.10056797643315316
CXCR3-,HC,PST45044_CSF,GSM4104132_TTATGCTTCTACTTAC-1,0.008032281057816797
CXCR3-,HC,PST45044_CSF,GSM4104132_TTCCCAGGTCTGCCAG-1,0.11072862141127805
CXCR3-,HC,PST45044_CSF,GSM4104132_TTCGAAGAGGGTTCCC-1,-0.22816904909828484
CXCR3-,HC,PST45044_CSF,GSM4104132_TTCGGTCCAGGATTGG-1,-0.3735771281491373
CXCR3-,HC,PST45044_CSF,GSM4104132_TTCTACAGTATCACCA-1,-0.10056797643315316
CXCR3-,HC,PST45044_CSF,GSM4104132_TTCTCAAAGAACTCGG-1,-0.10056797643315316
CXCR3+,HC,PST45044_CSF,GSM4104132_TTCTCAATCTCTTGAT-1,-0.5320054606185833
CXCR3-,HC,PST45044_CSF,GSM4104132_TTGAACGAGGGTCGAT-1,-0.26081604778371165
CXCR3-,HC,PST45044_CSF,GSM4104132_TTGACTTAGATGCCTT-1,0.10123840024026706
CXCR3-,HC,PST45044_CSF,GSM4104132_TTGACTTGTCTTGCGG-1,-0.2203378381550399
CXCR3+,HC,PST45044_CSF,GSM4104132_TTGCCGTAGACCCACC-1,-0.2973413950825653
CXCR3-,HC,PST45044_CSF,GSM4104132_TTGCGTCCATCGGAAG-1,-0.4104426745233332
CXCR3+,HC,PST45044_CSF,GSM4104132_TTGGCAATCACTATTC-1,-0.2135031657569617
CXCR3-,HC,PST45044_CSF,GSM4104132_TTTCCTCAGAATGTTG-1,-0.36722355598331546
CXCR3-,HC,PST45044_CSF,GSM4104132_TTTGCGCTCAATCTCT-1,-0.10056797643315316
CXCR3-,HC,PST45044_CSF,GSM4104132_TTTGGTTGTGATGCCC-1,0.04672809929744889
CXCR3-,HC,PST45044_CSF,GSM4104132_TTTGGTTTCCGCATCT-1,-0.10056797643315316
CXCR3-,HC,PST45044_CSF,GSM4104132_TTTGTCAAGACACTAA-1,-0.3935571992039745
CXCR3+,HC,PST45044_CSF,GSM4104132_TTTGTCAAGTACGTTC-1,-0.26972069587229625
CXCR3-,HC,PST45044_CSF,GSM4104132_TTTGTCACAATCGGTT-1,-0.6546546975157305
CXCR3-,HC,PST83775_CSF,GSM4104128_AAAGCAACAAGACGTG-1,-0.32057027493186613
CXCR3-,HC,PST83775_CSF,GSM4104128_AAATGCCCAAGCGAGT-1,-0.10056797643315316
CXCR3-,HC,PST83775_CSF,GSM4104128_AACTTTCGTATGAAAC-1,-0.26964696913521075
CXCR3-,HC,PST83775_CSF,GSM4104128_AATCCAGAGCACCGCT-1,0.1949322067816597
CXCR3-,HC,PST83775_CSF,GSM4104128_AATCCAGCAACACCTA-1,-0.10056797643315316
CXCR3-,HC,PST83775_CSF,GSM4104128_ACACCCTTCATGTAGC-1,-0.10056797643315316
CXCR3+,HC,PST83775_CSF,GSM4104128_ACAGCCGAGAAACCGC-1,0.08482046647172968
CXCR3-,HC,PST83775_CSF,GSM4104128_ACCTTTATCACTCCTG-1,0.08339903204416739
CXCR3+,HC,PST83775_CSF,GSM4104128_ACGAGCCCATATGCTG-1,-0.10056797643315316
CXCR3-,HC,PST83775_CSF,GSM4104128_ACGAGGAGTTTCCACC-1,-0.10056797643315316
CXCR3-,HC,PST83775_CSF,GSM4104128_ACGCCGAGTCCGCTGA-1,-0.501134200577261
CXCR3-,HC,PST83775_CSF,GSM4104128_ACGCCGAGTCGGCTCA-1,-0.10056797643315316
CXCR3-,HC,PST83775_CSF,GSM4104128_ACTGAACAGGCATTGG-1,-0.24091343637476145
CXCR3-,HC,PST83775_CSF,GSM4104128_ACTGATGAGGGTATCG-1,-0.39829876392230557
CXCR3+,HC,PST83775_CSF,GSM4104128_ACTGTCCAGTCAATAG-1,-0.10056797643315316
CXCR3+,HC,PST83775_CSF,GSM4104128_ACTTACTTCCCTTGTG-1,-0.10056797643315316
CXCR3-,HC,PST83775_CSF,GSM4104128_ACTTTCACATATACGC-1,0.052084291759478485
CXCR3-,HC,PST83775_CSF,GSM4104128_AGACGTTTCGAATGGG-1,-0.10056797643315316
CXCR3-,HC,PST83775_CSF,GSM4104128_AGATCTGTCCTACAGA-1,-0.406109716221891
CXCR3+,HC,PST83775_CSF,GSM4104128_AGCAGCCCAAGTAGTA-1,-0.10056797643315316
CXCR3+,HC,PST83775_CSF,GSM4104128_AGCGGTCAGACAATAC-1,-0.10056797643315316
CXCR3-,HC,PST83775_CSF,GSM4104128_AGGTCATAGGCTCAGA-1,-0.10056797643315316
CXCR3-,HC,PST83775_CSF,GSM4104128_AGTGAGGCATCACGTA-1,-0.3622694293358763
CXCR3-,HC,PST83775_CSF,GSM4104128_AGTGTCACATGGTCAT-1,-0.5053666688050884
CXCR3-,HC,PST83775_CSF,GSM4104128_ATAAGAGCATGACATC-1,-0.30722889483769084
CXCR3-,HC,PST83775_CSF,GSM4104128_ATCACGAAGCAGACTG-1,-0.10056797643315316
CXCR3-,HC,PST83775_CSF,GSM4104128_ATCCGAACACCGATAT-1,-0.7931950655694665
CXCR3-,HC,PST83775_CSF,GSM4104128_ATCCGAATCTAACGGT-1,-0.10056797643315316
CXCR3-,HC,PST83775_CSF,GSM4104128_ATCTGCCAGCTAACTC-1,0.06257781667739529
CXCR3-,HC,PST83775_CSF,GSM4104128_ATGCGATTCGCGGATC-1,0.3027410461286101
CXCR3-,HC,PST83775_CSF,GSM4104128_ATTGGACCACGTCAGC-1,-0.10056797643315316
CXCR3+,HC,PST83775_CSF,GSM4104128_ATTTCTGAGAGGACGG-1,-0.25487064014667504
CXCR3-,HC,PST83775_CSF,GSM4104128_CACAAACGTCAGAAGC-1,-0.10056797643315316
CXCR3-,HC,PST83775_CSF,GSM4104128_CACACAAAGAAGATTC-1,0.029046318895450618
CXCR3-,HC,PST83775_CSF,GSM4104128_CACAGTAAGTCAATAG-1,-0.10056797643315316
CXCR3+,HC,PST83775_CSF,GSM4104128_CACATAGAGTCTCCTC-1,-0.7293892566820102
CXCR3-,HC,PST83775_CSF,GSM4104128_CACTCCAAGTGTACGG-1,-0.22908728700887912
CXCR3+,HC,PST83775_CSF,GSM4104128_CAGCCGACAAGGACAC-1,-0.33426463566051495
CXCR3-,HC,PST83775_CSF,GSM4104128_CAGCTAAGTTGTGGCC-1,-0.10056797643315316
CXCR3-,HC,PST83775_CSF,GSM4104128_CAGTCCTAGGACTGGT-1,-0.10056797643315316
CXCR3+,HC,PST83775_CSF,GSM4104128_CATCAAGCACAACGCC-1,-0.10056797643315316
CXCR3-,HC,PST83775_CSF,GSM4104128_CCATGTCCATGTTGAC-1,-0.32089298574212954
CXCR3-,HC,PST83775_CSF,GSM4104128_CCCATACAGCTGCAAG-1,-0.10056797643315316
CXCR3-,HC,PST83775_CSF,GSM4104128_CCGGGATTCGTCGTTC-1,-0.22032152547408415
CXCR3-,HC,PST83775_CSF,GSM4104128_CCTACCAAGCGCTTAT-1,-0.42485243068236794
CXCR3-,HC,PST83775_CSF,GSM4104128_CCTACCACATGAGCGA-1,-0.10056797643315316
CXCR3-,HC,PST83775_CSF,GSM4104128_CCTAGCTTCGCGATCG-1,0.9837172674293531
CXCR3-,HC,PST83775_CSF,GSM4104128_CGAATGTAGACTTGAA-1,0.2639857432821368
CXCR3-,HC,PST83775_CSF,GSM4104128_CGAATGTGTCTGCCAG-1,-0.10056797643315316
CXCR3-,HC,PST83775_CSF,GSM4104128_CGACTTCCAAACGCGA-1,-0.08389325352731548
CXCR3-,HC,PST83775_CSF,GSM4104128_CGCCAAGGTCAGGACA-1,0.003750707774642132
CXCR3-,HC,PST83775_CSF,GSM4104128_CGCTGGACATCCCACT-1,-0.10056797643315316
CXCR3-,HC,PST83775_CSF,GSM4104128_CGTAGGCAGAGCAATT-1,-0.5163444365422479
CXCR3-,HC,PST83775_CSF,GSM4104128_CGTCAGGAGTAGGCCA-1,0.06955054607076049
CXCR3-,HC,PST83775_CSF,GSM4104128_CGTTGGGCATTCGACA-1,0.47375026807154647
CXCR3-,HC,PST83775_CSF,GSM4104128_CTACCCATCAACACCA-1,-0.10056797643315316
CXCR3-,HC,PST83775_CSF,GSM4104128_CTCGAAATCGTGTAGT-1,-0.3664870816536279
CXCR3-,HC,PST83775_CSF,GSM4104128_CTCGAGGGTATGGTTC-1,0.049233036675643285
CXCR3+,HC,PST83775_CSF,GSM4104128_CTCGGGAAGCGCCTCA-1,-0.2775532194851279
CXCR3+,HC,PST83775_CSF,GSM4104128_CTCTGGTCAAAGCGGT-1,0.03915463552555805
CXCR3-,HC,PST83775_CSF,GSM4104128_CTGAAGTCATCTCGCT-1,-0.24051368563485495
CXCR3-,HC,PST83775_CSF,GSM4104128_CTGCCTATCTCCCTGA-1,-0.7254278325057936
CXCR3+,HC,PST83775_CSF,GSM4104128_CTGCCTATCTGGTGTA-1,-0.10056797643315316
CXCR3-,HC,PST83775_CSF,GSM4104128_CTGTTTAAGTAAGTAC-1,-0.10056797643315316
CXCR3-,HC,PST83775_CSF,GSM4104128_GAAACTCGTCCGAATT-1,-0.3581120192137578
CXCR3+,HC,PST83775_CSF,GSM4104128_GAAATGAGTTCGTGAT-1,-0.027959183444211475
CXCR3-,HC,PST83775_CSF,GSM4104128_GAGCAGATCATACGGT-1,-0.37481640757397094
CXCR3-,HC,PST83775_CSF,GSM4104128_GAGTCCGAGGCTAGGT-1,-0.355701176699066
CXCR3-,HC,PST83775_CSF,GSM4104128_GATCTAGAGCCGTCGT-1,-0.2280941617727771
CXCR3-,HC,PST83775_CSF,GSM4104128_GATGAGGGTCTTCAAG-1,-0.35364169730588985
CXCR3-,HC,PST83775_CSF,GSM4104128_GCATACAAGCTCAACT-1,-0.1985304653329217
CXCR3-,HC,PST83775_CSF,GSM4104128_GCATGCGCAAGTCTAC-1,-0.10056797643315316
CXCR3-,HC,PST83775_CSF,GSM4104128_GCCTCTACAAATTGCC-1,-0.3441579090601047
CXCR3-,HC,PST83775_CSF,GSM4104128_GCGCAACGTCGTTGTA-1,0.24404107225906976
CXCR3+,HC,PST83775_CSF,GSM4104128_GCGCAGTAGCGACGTA-1,-0.5030535950621877
CXCR3-,HC,PST83775_CSF,GSM4104128_GCTGCTTCATAAGACA-1,-0.10056797643315316
CXCR3-,HC,PST83775_CSF,GSM4104128_GGACATTAGACAGAGA-1,-0.10056797643315316
CXCR3-,HC,PST83775_CSF,GSM4104128_GGACATTGTCTTCTCG-1,0.1514980967247464
CXCR3-,HC,PST83775_CSF,GSM4104128_GGATGTTAGCATGGCA-1,-0.26968382075259995
CXCR3-,HC,PST83775_CSF,GSM4104128_GGGAATGCAGATCGGA-1,-0.2694359131465864
CXCR3-,HC,PST83775_CSF,GSM4104128_GGGAGATGTTTGGGCC-1,0.11235330314516408
CXCR3-,HC,PST83775_CSF,GSM4104128_GGGTCTGCAGTTCATG-1,-0.15544495853525694
CXCR3-,HC,PST83775_CSF,GSM4104128_GTACTTTGTCTACCTC-1,-0.10626151793569727
CXCR3-,HC,PST83775_CSF,GSM4104128_GTATTCTTCTGATACG-1,-0.1570066574243041
CXCR3-,HC,PST83775_CSF,GSM4104128_GTGTGCGGTCACCTAA-1,-0.4142020564929677
CXCR3+,HC,PST83775_CSF,GSM4104128_GTTAAGCCAATGGACG-1,0.024981991758839275
CXCR3-,HC,PST83775_CSF,GSM4104128_GTTTCTACATCCAACA-1,-0.27805484230826966
CXCR3-,HC,PST83775_CSF,GSM4104128_TACACGAAGATCGATA-1,-0.10056797643315316
CXCR3-,HC,PST83775_CSF,GSM4104128_TACACGAGTTAAGAAC-1,0.05569844912263587
CXCR3-,HC,PST83775_CSF,GSM4104128_TACACGATCGACGGAA-1,0.06594831342885735
CXCR3-,HC,PST83775_CSF,GSM4104128_TACGGGCGTACTTGAC-1,0.20709111009598255
CXCR3-,HC,PST83775_CSF,GSM4104128_TACTTGTAGGCATGTG-1,-0.10056797643315316
CXCR3-,HC,PST83775_CSF,GSM4104128_TAGAGCTCAAACCCAT-1,-0.10056797643315316
CXCR3-,HC,PST83775_CSF,GSM4104128_TAGCCGGGTCTCATCC-1,-0.10056797643315316
CXCR3+,HC,PST83775_CSF,GSM4104128_TATCAGGCAATAGCGG-1,-0.26790037308534187
CXCR3-,HC,PST83775_CSF,GSM4104128_TCAATCTTCAATAAGG-1,-0.35571103760700823
CXCR3-,HC,PST83775_CSF,GSM4104128_TCGGTAAAGGATGCGT-1,-0.4330646257885968
CXCR3-,HC,PST83775_CSF,GSM4104128_TCTATTGTCTGCCAGG-1,-0.10056797643315316
CXCR3+,HC,PST83775_CSF,GSM4104128_TCTCATAAGACAAGCC-1,-0.252823938617046
CXCR3-,HC,PST83775_CSF,GSM4104128_TCTGAGAGTAGCGCAA-1,-0.8268491620180531
CXCR3-,HC,PST83775_CSF,GSM4104128_TGACAACCAGGGTATG-1,-0.27967929316752066
CXCR3-,HC,PST83775_CSF,GSM4104128_TGAGCATCAGACAGGT-1,-0.4732359241393852
CXCR3-,HC,PST83775_CSF,GSM4104128_TGATTTCTCCATGCTC-1,0.46077341476132416
CXCR3-,HC,PST83775_CSF,GSM4104128_TGCCAAAGTCTTGATG-1,0.05930427145591945
CXCR3+,HC,PST83775_CSF,GSM4104128_TGGCTGGGTCATCGGC-1,-0.3589407063906438
CXCR3-,HC,PST83775_CSF,GSM4104128_TGGCTGGTCCATTCTA-1,-0.10056797643315316
CXCR3+,HC,PST83775_CSF,GSM4104128_TTAACTCTCCCTAATT-1,-0.10056797643315316
CXCR3-,HC,PST83775_CSF,GSM4104128_TTCGAAGCACAAGTAA-1,-0.22630568321404906
CXCR3-,HC,PTC32190_CSF,GSM4104129_AAACGGGTCCCTTGCA-1,-0.37814987450287424
CXCR3-,HC,PTC32190_CSF,GSM4104129_AAAGCAACACGAAGCA-1,0.45716461651759627
CXCR3-,HC,PTC32190_CSF,GSM4104129_AAAGTAGGTTACGTCA-1,-0.10056797643315316
CXCR3+,HC,PTC32190_CSF,GSM4104129_AACACGTAGACTAGAT-1,-0.5363374627233138
CXCR3+,HC,PTC32190_CSF,GSM4104129_AACACGTAGCCACGTC-1,0.18752413536341672
CXCR3+,HC,PTC32190_CSF,GSM4104129_AACTCAGTCTAACTGG-1,-0.3753205594967664
CXCR3-,HC,PTC32190_CSF,GSM4104129_AACTCTTGTTGATTCG-1,-0.10056797643315316
CXCR3-,HC,PTC32190_CSF,GSM4104129_AAGACCTAGCTTTGGT-1,-0.10056797643315316
CXCR3-,HC,PTC32190_CSF,GSM4104129_AATCGGTTCCTAAGTG-1,-0.10056797643315316
CXCR3-,HC,PTC32190_CSF,GSM4104129_ACACCCTCATAGACTC-1,0.03697478579120477
CXCR3-,HC,PTC32190_CSF,GSM4104129_ACAGCCGTCCGTAGGC-1,-0.19435254003863026
CXCR3-,HC,PTC32190_CSF,GSM4104129_ACAGCTAGTCAGCTAT-1,0.377535086660968
CXCR3-,HC,PTC32190_CSF,GSM4104129_ACCAGTAAGCTGAAAT-1,0.06575824813423567
CXCR3+,HC,PTC32190_CSF,GSM4104129_ACCGTAAGTAAGTGGC-1,-0.10056797643315316
CXCR3+,HC,PTC32190_CSF,GSM4104129_ACCGTAAGTGCTGTAT-1,-0.10056797643315316
CXCR3-,HC,PTC32190_CSF,GSM4104129_ACGAGCCAGTCCCACG-1,-0.10056797643315316
CXCR3-,HC,PTC32190_CSF,GSM4104129_ACGATACGTCTAGCCG-1,-0.4402778863805139
CXCR3-,HC,PTC32190_CSF,GSM4104129_ACGATGTCAATCGGTT-1,0.050236667110765035
CXCR3-,HC,PTC32190_CSF,GSM4104129_ACGGAGATCTACTATC-1,0.13435284794356137
CXCR3-,HC,PTC32190_CSF,GSM4104129_ACGGCCATCTTCGAGA-1,0.29167346039647146
CXCR3-,HC,PTC32190_CSF,GSM4104129_ACGGGTCTCACCTCGT-1,-0.10056797643315316
CXCR3-,HC,PTC32190_CSF,GSM4104129_ACTGATGCACATTTCT-1,0.1599442791767627
CXCR3-,HC,PTC32190_CSF,GSM4104129_ACTGCTCCAACTGCTA-1,-0.10056797643315316
CXCR3-,HC,PTC32190_CSF,GSM4104129_ACTGTCCAGCATGGCA-1,-0.5977473259710945
CXCR3+,HC,PTC32190_CSF,GSM4104129_ACTGTCCGTAATCGTC-1,-0.21487666408084177
CXCR3-,HC,PTC32190_CSF,GSM4104129_AGAATAGTCAACCATG-1,-0.25753800475794236
CXCR3-,HC,PTC32190_CSF,GSM4104129_AGACGTTTCGACAGCC-1,-0.26964696913521075
CXCR3-,HC,PTC32190_CSF,GSM4104129_AGCGTATCAGGACCCT-1,-0.10056797643315316
CXCR3-,HC,PTC32190_CSF,GSM4104129_AGCTCTCAGAAGGACA-1,-0.2508830797542799
CXCR3-,HC,PTC32190_CSF,GSM4104129_AGCTTGAGTACCGTTA-1,-0.31670684882701483
CXCR3-,HC,PTC32190_CSF,GSM4104129_AGGCCACAGAGGGCTT-1,-0.10056797643315316
CXCR3-,HC,PTC32190_CSF,GSM4104129_AGGCCACGTGACAAAT-1,-0.10056797643315316
CXCR3-,HC,PTC32190_CSF,GSM4104129_AGGTCATAGTGAAGAG-1,-0.10056797643315316
CXCR3-,HC,PTC32190_CSF,GSM4104129_AGTAGTCAGCCCAGCT-1,-0.2417209756435714
CXCR3-,HC,PTC32190_CSF,GSM4104129_AGTGAGGCAGATCTGT-1,-0.10056797643315316
CXCR3-,HC,PTC32190_CSF,GSM4104129_AGTGGGAGTACTTCTT-1,-0.10056797643315316
CXCR3-,HC,PTC32190_CSF,GSM4104129_AGTTGGTGTAAGGGCT-1,-0.22700678053441775
CXCR3-,HC,PTC32190_CSF,GSM4104129_ATCATGGCAGATTGCT-1,-0.3797202196368782
CXCR3-,HC,PTC32190_CSF,GSM4104129_ATCCACCAGATAGGAG-1,-0.24091343637476145
CXCR3-,HC,PTC32190_CSF,GSM4104129_ATCGAGTAGCTCCTTC-1,-0.10056797643315316
CXCR3-,HC,PTC32190_CSF,GSM4104129_ATTACTCGTCAAACTC-1,0.9107213161827081
CXCR3-,HC,PTC32190_CSF,GSM4104129_CAACCAAAGACTAGGC-1,-0.10056797643315316
CXCR3-,HC,PTC32190_CSF,GSM4104129_CAACCTCCACACCGAC-1,0.09633483976201838
CXCR3-,HC,PTC32190_CSF,GSM4104129_CAAGATCCAAGTTCTG-1,-0.10056797643315316
CXCR3+,HC,PTC32190_CSF,GSM4104129_CAAGTTGAGAACTCGG-1,-0.4219753203740671
CXCR3-,HC,PTC32190_CSF,GSM4104129_CAAGTTGAGGCATTGG-1,-0.5568564454746384
CXCR3-,HC,PTC32190_CSF,GSM4104129_CACACTCAGTGGTAGC-1,0.06281727117574727
CXCR3+,HC,PTC32190_CSF,GSM4104129_CACACTCGTCCGAACC-1,-0.10056797643315316
CXCR3-,HC,PTC32190_CSF,GSM4104129_CACACTCTCGCCAGCA-1,-0.10056797643315316
CXCR3+,HC,PTC32190_CSF,GSM4104129_CACATAGAGCACAGGT-1,-0.33068086920934986
CXCR3-,HC,PTC32190_CSF,GSM4104129_CAGAGAGCAAGCCTAT-1,-0.10056797643315316
CXCR3-,HC,PTC32190_CSF,GSM4104129_CAGAGAGGTCCGAGTC-1,-0.10056797643315316
CXCR3-,HC,PTC32190_CSF,GSM4104129_CAGCAGCGTACAGACG-1,-0.10056797643315316
CXCR3+,HC,PTC32190_CSF,GSM4104129_CAGCAGCGTGTTCTTT-1,0.15152955372506735
CXCR3+,HC,PTC32190_CSF,GSM4104129_CAGCATAGTCTTCTCG-1,-0.5206185089817316
CXCR3-,HC,PTC32190_CSF,GSM4104129_CAGCATATCTTAACCT-1,-0.10056797643315316
CXCR3-,HC,PTC32190_CSF,GSM4104129_CAGCCGAGTTCCACAA-1,-0.2735596740509417
CXCR3-,HC,PTC32190_CSF,GSM4104129_CAGCTGGTCAACACAC-1,-0.10056797643315316
CXCR3-,HC,PTC32190_CSF,GSM4104129_CAGTAACAGGAGTCTG-1,-0.2686229853700067
CXCR3-,HC,PTC32190_CSF,GSM4104129_CATCAAGGTTTGTGTG-1,-0.10056797643315316
CXCR3+,HC,PTC32190_CSF,GSM4104129_CATCGGGAGCGTCTAT-1,-0.10056797643315316
CXCR3-,HC,PTC32190_CSF,GSM4104129_CATCGGGTCGGAATCT-1,-0.09462378007336729
CXCR3-,HC,PTC32190_CSF,GSM4104129_CATTATCGTTGGTAAA-1,-0.21250155478658908
CXCR3+,HC,PTC32190_CSF,GSM4104129_CATTCGCAGTGTGAAT-1,-0.44785897221679155
CXCR3-,HC,PTC32190_CSF,GSM4104129_CCAATCCTCAACCATG-1,-0.2602689258277087
CXCR3-,HC,PTC32190_CSF,GSM4104129_CCATTCGCAACTGCTA-1,0.19302446899683634
CXCR3-,HC,PTC32190_CSF,GSM4104129_CCCAATCCAGAAGCAC-1,-0.10056797643315316
CXCR3-,HC,PTC32190_CSF,GSM4104129_CCCAGTTCACGCATCG-1,-0.716706246267935
CXCR3-,HC,PTC32190_CSF,GSM4104129_CCCATACAGTGGGTTG-1,-0.10056797643315316
CXCR3-,HC,PTC32190_CSF,GSM4104129_CCCTCCTGTGTGAAAT-1,-0.3080089740354905
CXCR3-,HC,PTC32190_CSF,GSM4104129_CCGTGGAAGCAGCGTA-1,-0.7687572176654285
CXCR3-,HC,PTC32190_CSF,GSM4104129_CCGTGGATCCCAAGAT-1,-0.10056797643315316
CXCR3-,HC,PTC32190_CSF,GSM4104129_CCGTTCAAGTATCTCG-1,0.044820136798595436
CXCR3-,HC,PTC32190_CSF,GSM4104129_CCTCTGAAGAGGGATA-1,-0.10056797643315316
CXCR3-,HC,PTC32190_CSF,GSM4104129_CCTTCGAAGTTAACGA-1,0.0644837031481871
CXCR3+,HC,PTC32190_CSF,GSM4104129_CGACCTTAGAATTGTG-1,0.09204122178972418
CXCR3+,HC,PTC32190_CSF,GSM4104129_CGAGAAGAGGTCATCT-1,-0.10056797643315316
CXCR3-,HC,PTC32190_CSF,GSM4104129_CGAGAAGGTAAAGTCA-1,-0.8180350071909885
CXCR3-,HC,PTC32190_CSF,GSM4104129_CGAGAAGTCAGCTGGC-1,-0.10056797643315316
CXCR3-,HC,PTC32190_CSF,GSM4104129_CGAGCACAGCTCCCAG-1,0.22860235254830727
CXCR3-,HC,PTC32190_CSF,GSM4104129_CGAGCACTCAGCATGT-1,-0.10056797643315316
CXCR3-,HC,PTC32190_CSF,GSM4104129_CGAGCCATCTACTATC-1,-0.10056797643315316
CXCR3+,HC,PTC32190_CSF,GSM4104129_CGATCGGGTCATATCG-1,0.01939759116954278
CXCR3+,HC,PTC32190_CSF,GSM4104129_CGATGGCTCTAACTCT-1,-0.10056797643315316
CXCR3-,HC,PTC32190_CSF,GSM4104129_CGGACGTAGCTGATAA-1,-0.10056797643315316
CXCR3-,HC,PTC32190_CSF,GSM4104129_CGGACGTGTTATCGGT-1,0.16294767834228102
CXCR3-,HC,PTC32190_CSF,GSM4104129_CGGACTGGTCTAGCCG-1,-0.208354644623312
CXCR3-,HC,PTC32190_CSF,GSM4104129_CGGGTCAAGACTAAGT-1,-0.10056797643315316
CXCR3-,HC,PTC32190_CSF,GSM4104129_CGGTTAAGTGTGACGA-1,-0.10056797643315316
CXCR3-,HC,PTC32190_CSF,GSM4104129_CGGTTAATCGGTTAAC-1,-0.5866578568625497
CXCR3-,HC,PTC32190_CSF,GSM4104129_CGTCAGGCATGCCCGA-1,0.1994139567993511
CXCR3-,HC,PTC32190_CSF,GSM4104129_CGTGTAACAGCTGTTA-1,-0.10056797643315316
CXCR3-,HC,PTC32190_CSF,GSM4104129_CGTGTAATCTAACTCT-1,-0.489239860766301
CXCR3-,HC,PTC32190_CSF,GSM4104129_CGTTGGGAGGGCTTCC-1,-0.10056797643315316
CXCR3-,HC,PTC32190_CSF,GSM4104129_CTAATGGCAGATAATG-1,0.1988949607512345
CXCR3-,HC,PTC32190_CSF,GSM4104129_CTAATGGCAGCAGTTT-1,-0.08995435775309417
CXCR3-,HC,PTC32190_CSF,GSM4104129_CTACACCAGCAGCCTC-1,-0.10056797643315316
CXCR3+,HC,PTC32190_CSF,GSM4104129_CTACACCAGCCTTGAT-1,0.18194058871261928
CXCR3-,HC,PTC32190_CSF,GSM4104129_CTACCCACATCAGTCA-1,-0.5507181737754211
CXCR3-,HC,PTC32190_CSF,GSM4104129_CTACGTCTCCAGTAGT-1,0.13489966614715088
CXCR3-,HC,PTC32190_CSF,GSM4104129_CTACGTCTCCGGCACA-1,-0.10056797643315316
CXCR3-,HC,PTC32190_CSF,GSM4104129_CTACGTCTCGGCTACG-1,-0.10056797643315316
CXCR3-,HC,PTC32190_CSF,GSM4104129_CTAGAGTTCCTTGCCA-1,0.16602336902621964
CXCR3-,HC,PTC32190_CSF,GSM4104129_CTAGTGAGTATCGCAT-1,-0.25847192647811434
CXCR3-,HC,PTC32190_CSF,GSM4104129_CTCGAGGTCCGAGCCA-1,0.19638444694941054
CXCR3-,HC,PTC32190_CSF,GSM4104129_CTGGTCTCATATGCTG-1,-0.33788364317372704
CXCR3-,HC,PTC32190_CSF,GSM4104129_CTGTTTACACTGTGTA-1,-0.10056797643315316
CXCR3+,HC,PTC32190_CSF,GSM4104129_CTTACCGAGACCTAGG-1,-0.5120794070232061
CXCR3-,HC,PTC32190_CSF,GSM4104129_CTTACCGTCCATGCTC-1,-0.10056797643315316
CXCR3-,HC,PTC32190_CSF,GSM4104129_GAACATCCAGATCTGT-1,-0.24002349801758
CXCR3-,HC,PTC32190_CSF,GSM4104129_GAACGGAGTTGCCTCT-1,-0.10056797643315316
CXCR3-,HC,PTC32190_CSF,GSM4104129_GACGCGTCACATTCGA-1,-0.10056797643315316
CXCR3-,HC,PTC32190_CSF,GSM4104129_GACGGCTTCTGGGCCA-1,-0.3135693899774811
CXCR3-,HC,PTC32190_CSF,GSM4104129_GACGTGCCAGAAGCAC-1,-0.2587481620481138
CXCR3-,HC,PTC32190_CSF,GSM4104129_GACTACAGTTTGGGCC-1,-0.08510777596679764
CXCR3-,HC,PTC32190_CSF,GSM4104129_GACTACATCCCGACTT-1,-0.0501621634742163
CXCR3-,HC,PTC32190_CSF,GSM4104129_GACTGCGAGTTTAGGA-1,-0.039165979146479804
CXCR3-,HC,PTC32190_CSF,GSM4104129_GACTGCGCAGCTATTG-1,0.13714256540405184
CXCR3-,HC,PTC32190_CSF,GSM4104129_GACTGCGGTATAGGGC-1,-0.10056797643315316
CXCR3-,HC,PTC32190_CSF,GSM4104129_GATGAAAAGATAGTCA-1,-0.10056797643315316
CXCR3-,HC,PTC32190_CSF,GSM4104129_GCAAACTAGTACACCT-1,0.08318081187931972
CXCR3+,HC,PTC32190_CSF,GSM4104129_GCACATACATCAGTAC-1,-0.10056797643315316
CXCR3-,HC,PTC32190_CSF,GSM4104129_GCACTCTGTTGATTGC-1,-0.10056797643315316
CXCR3-,HC,PTC32190_CSF,GSM4104129_GCATACACAGCTGTGC-1,-0.4256019561524643
CXCR3-,HC,PTC32190_CSF,GSM4104129_GCATGCGTCAGAGCTT-1,-0.37621049978628557
CXCR3+,HC,PTC32190_CSF,GSM4104129_GCCAAATGTAGTAGTA-1,0.08232230646741977
CXCR3-,HC,PTC32190_CSF,GSM4104129_GCGAGAAGTCCTCTTG-1,-0.10056797643315316
CXCR3-,HC,PTC32190_CSF,GSM4104129_GCGCCAAAGTGTACTC-1,-0.10056797643315316
CXCR3-,HC,PTC32190_CSF,GSM4104129_GCGCGATAGTCGATAA-1,-0.39011521055166387
CXCR3-,HC,PTC32190_CSF,GSM4104129_GCTGCGAGTCTAAACC-1,-0.10056797643315316
CXCR3-,HC,PTC32190_CSF,GSM4104129_GCTGCGAGTTTACTCT-1,0.44160280542351277
CXCR3-,HC,PTC32190_CSF,GSM4104129_GCTGCTTCAAGCCGTC-1,-0.10056797643315316
CXCR3-,HC,PTC32190_CSF,GSM4104129_GGAACTTTCTGCGGCA-1,-0.10056797643315316
CXCR3-,HC,PTC32190_CSF,GSM4104129_GGAATAACAGTAAGCG-1,-0.10056797643315316
CXCR3-,HC,PTC32190_CSF,GSM4104129_GGAATAATCGACCAGC-1,-0.23896357922496003
CXCR3-,HC,PTC32190_CSF,GSM4104129_GGACATTCAGCCACCA-1,-0.40384629700658453
CXCR3-,HC,PTC32190_CSF,GSM4104129_GGACATTGTCAACATC-1,0.029626718507599674
CXCR3-,HC,PTC32190_CSF,GSM4104129_GGATTACGTGCATCTA-1,0.08171995105479699
CXCR3-,HC,PTC32190_CSF,GSM4104129_GGCGACTAGCTATGCT-1,-0.2536107401876328
CXCR3+,HC,PTC32190_CSF,GSM4104129_GGCTCGACAGACTCGC-1,-0.10056797643315316
CXCR3-,HC,PTC32190_CSF,GSM4104129_GGCTGGTAGAGGGATA-1,-0.33193472570887944
CXCR3-,HC,PTC32190_CSF,GSM4104129_GGGACCTAGATGTGTA-1,0.2459416193793739
CXCR3-,HC,PTC32190_CSF,GSM4104129_GGGACCTCAATCCAAC-1,-0.4870595035548088
CXCR3-,HC,PTC32190_CSF,GSM4104129_GGGTCTGCATGTCTCC-1,-1.659214642451211
CXCR3-,HC,PTC32190_CSF,GSM4104129_GGGTCTGGTTATGCGT-1,-0.3064660475803866
CXCR3+,HC,PTC32190_CSF,GSM4104129_GGGTTGCCATGCTGGC-1,-0.06077078404669121
CXCR3-,HC,PTC32190_CSF,GSM4104129_GGGTTGCTCGGAGGTA-1,-0.23336752716125564
CXCR3-,HC,PTC32190_CSF,GSM4104129_GGTGCGTCAAGTCATC-1,-0.32457737190492125
CXCR3-,HC,PTC32190_CSF,GSM4104129_GGTGTTAGTTCTGTTT-1,-0.3337207564280975
CXCR3-,HC,PTC32190_CSF,GSM4104129_GTAACTGGTCAAAGCG-1,0.192959756471683
CXCR3-,HC,PTC32190_CSF,GSM4104129_GTAGTCATCGCCAAAT-1,-0.10056797643315316
CXCR3-,HC,PTC32190_CSF,GSM4104129_GTATTCTGTAGCCTCG-1,0.15442884598300596
CXCR3+,HC,PTC32190_CSF,GSM4104129_GTCACGGGTAGAGCTG-1,-0.2347332227192089
CXCR3-,HC,PTC32190_CSF,GSM4104129_GTCATTTGTCTCGTTC-1,-0.5682917810295115
CXCR3-,HC,PTC32190_CSF,GSM4104129_GTGCATACAAGTAGTA-1,0.2818649017019093
CXCR3-,HC,PTC32190_CSF,GSM4104129_GTGCTTCAGAGAGCTC-1,0.14717461200542736
CXCR3+,HC,PTC32190_CSF,GSM4104129_GTTACAGCACATCCAA-1,-0.22726732710991326
CXCR3-,HC,PTC32190_CSF,GSM4104129_GTTACAGGTACCATCA-1,-0.10056797643315316
CXCR3-,HC,PTC32190_CSF,GSM4104129_TAAGAGACACGAAATA-1,-0.3318215103653272
CXCR3-,HC,PTC32190_CSF,GSM4104129_TAAGAGACAGTATGCT-1,0.1480284811104904
CXCR3+,HC,PTC32190_CSF,GSM4104129_TACCTTACAACAACCT-1,-0.10056797643315316
CXCR3-,HC,PTC32190_CSF,GSM4104129_TACCTTACAGTGACAG-1,0.024432901450192824
CXCR3+,HC,PTC32190_CSF,GSM4104129_TACCTTAGTCCAAGTT-1,-0.23388899634915886
CXCR3+,HC,PTC32190_CSF,GSM4104129_TACCTTATCACGAAGG-1,-0.10056797643315316
CXCR3-,HC,PTC32190_CSF,GSM4104129_TACTCATAGGCCCGTT-1,-0.10056797643315316
CXCR3-,HC,PTC32190_CSF,GSM4104129_TAGAGCTGTCTCCATC-1,0.196971200931094
CXCR3-,HC,PTC32190_CSF,GSM4104129_TAGTTGGAGCCAGTTT-1,-0.31556520076177297
CXCR3-,HC,PTC32190_CSF,GSM4104129_TCAATCTAGCGCCTCA-1,-0.3397303795131069
CXCR3-,HC,PTC32190_CSF,GSM4104129_TCAGCAAAGGACACCA-1,-0.10056797643315316
CXCR3+,HC,PTC32190_CSF,GSM4104129_TCAGCTCTCACTTCAT-1,0.14253210711561198
CXCR3-,HC,PTC32190_CSF,GSM4104129_TCAGGATAGCGTCTAT-1,0.06352043547297682
CXCR3-,HC,PTC32190_CSF,GSM4104129_TCAGGTATCATCGATG-1,-0.24086626724459556
CXCR3-,HC,PTC32190_CSF,GSM4104129_TCATTACTCACAACGT-1,-0.10056797643315316
CXCR3-,HC,PTC32190_CSF,GSM4104129_TCATTTGAGTTGTCGT-1,0.07959748627100696
CXCR3-,HC,PTC32190_CSF,GSM4104129_TCATTTGGTCTAGTCA-1,-0.10056797643315316
CXCR3-,HC,PTC32190_CSF,GSM4104129_TCCACACGTAGGCTGA-1,-0.10056797643315316
CXCR3-,HC,PTC32190_CSF,GSM4104129_TCCCGATGTCTCAACA-1,-0.40500979327872777
CXCR3-,HC,PTC32190_CSF,GSM4104129_TCGAGGCCATTAGCCA-1,-0.10056797643315316
CXCR3-,HC,PTC32190_CSF,GSM4104129_TCTATTGGTCTCTTAT-1,-0.06832028649168057
CXCR3-,HC,PTC32190_CSF,GSM4104129_TCTGGAACAATGTTGC-1,0.059898679022463215
CXCR3-,HC,PTC32190_CSF,GSM4104129_TGAGCCGTCCCAACGG-1,0.07225679076224086
CXCR3-,HC,PTC32190_CSF,GSM4104129_TGATTTCTCGTTTAGG-1,0.3037492530668998
CXCR3-,HC,PTC32190_CSF,GSM4104129_TGCACCTCAATGCCAT-1,-0.10056797643315316
CXCR3+,HC,PTC32190_CSF,GSM4104129_TGCTACCGTGTAATGA-1,-0.10056797643315316
CXCR3-,HC,PTC32190_CSF,GSM4104129_TGCTGCTAGAAGCCCA-1,-0.32416732889228583
CXCR3-,HC,PTC32190_CSF,GSM4104129_TGCTGCTAGTGGAGAA-1,-0.10056797643315316
CXCR3+,HC,PTC32190_CSF,GSM4104129_TGGCCAGCATCACGTA-1,0.04613382970570971
CXCR3-,HC,PTC32190_CSF,GSM4104129_TGGCTGGCAAGTTGTC-1,-0.2692492881341751
CXCR3-,HC,PTC32190_CSF,GSM4104129_TGGTTCCGTTAAGAAC-1,-0.10056797643315316
CXCR3-,HC,PTC32190_CSF,GSM4104129_TGTGTTTAGGAGTCTG-1,-0.10056797643315316
CXCR3+,HC,PTC32190_CSF,GSM4104129_TGTTCCGCAAGAAGAG-1,0.1092304779959333
CXCR3-,HC,PTC32190_CSF,GSM4104129_TGTTCCGTCGCTAGCG-1,0.18207589346240574
CXCR3-,HC,PTC32190_CSF,GSM4104129_TTCCCAGCATCCCATC-1,-0.20722312605239082
CXCR3-,HC,PTC32190_CSF,GSM4104129_TTCGAAGGTAGAGCTG-1,0.11305996942708085
CXCR3-,HC,PTC32190_CSF,GSM4104129_TTCGGTCAGCAATATG-1,-0.10056797643315316
CXCR3-,HC,PTC32190_CSF,GSM4104129_TTCTCAATCTGTCCGT-1,-0.10056797643315316
CXCR3-,HC,PTC32190_CSF,GSM4104129_TTGCCGTTCGTTTGCC-1,-0.6850093533695313
CXCR3-,HC,PTC32190_CSF,GSM4104129_TTGGAACCAAACAACA-1,-0.10056797643315316
CXCR3-,HC,PTC32190_CSF,GSM4104129_TTGGCAACAGACTCGC-1,-0.10056797643315316
CXCR3-,HC,PTC32190_CSF,GSM4104129_TTGGCAAGTATTCGTG-1,-0.3113769671222594
CXCR3-,HC,PTC32190_CSF,GSM4104129_TTGTAGGAGGGTTCCC-1,-0.10056797643315316
CXCR3+,HC,PTC41540_CSF,GSM4104131_AAACGGGCACTTAAGC-1,-0.24324633412418642
CXCR3-,HC,PTC41540_CSF,GSM4104131_AAAGATGCATACCATG-1,-1.120911902544974
CXCR3-,HC,PTC41540_CSF,GSM4104131_AACCGCGCATTTGCTT-1,-0.10056797643315316
CXCR3+,HC,PTC41540_CSF,GSM4104131_AACTCAGCACCACGTG-1,-0.10056797643315316
CXCR3-,HC,PTC41540_CSF,GSM4104131_ACACCGGTCACATAGC-1,-0.5678777027226884
CXCR3-,HC,PTC41540_CSF,GSM4104131_ACGAGGACAAAGTCAA-1,-0.10056797643315316
CXCR3-,HC,PTC41540_CSF,GSM4104131_ACGATGTTCACCAGGC-1,0.19701336003613226
CXCR3-,HC,PTC41540_CSF,GSM4104131_ACGGAGACAGGGTATG-1,-0.23541750413891305
CXCR3+,HC,PTC41540_CSF,GSM4104131_ACGGAGAGTGCTGTAT-1,-0.10056797643315316
CXCR3+,HC,PTC41540_CSF,GSM4104131_ACGTCAAGTCGGCTCA-1,-0.10056797643315316
CXCR3-,HC,PTC41540_CSF,GSM4104131_ACTTTCAGTGCAACGA-1,-0.4692234332846308
CXCR3-,HC,PTC41540_CSF,GSM4104131_AGATTGCCAAGCGATG-1,-0.3521635102860651
CXCR3+,HC,PTC41540_CSF,GSM4104131_AGTTGGTCACATGGGA-1,-0.4322807790639303
CXCR3-,HC,PTC41540_CSF,GSM4104131_CACACTCGTCCTAGCG-1,-0.10056797643315316
CXCR3-,HC,PTC41540_CSF,GSM4104131_CACATAGCACCTATCC-1,-0.24292039915809088
CXCR3-,HC,PTC41540_CSF,GSM4104131_CACATTTGTACAGTTC-1,-0.10056797643315316
CXCR3-,HC,PTC41540_CSF,GSM4104131_CAGATCACACTCGACG-1,-0.02111911727937867
CXCR3-,HC,PTC41540_CSF,GSM4104131_CATCGAAGTAATAGCA-1,-0.20563521618167277
CXCR3-,HC,PTC41540_CSF,GSM4104131_CATTATCGTAGAGTGC-1,0.25558584466991563
CXCR3-,HC,PTC41540_CSF,GSM4104131_CCACCTACACGACGAA-1,-0.10056797643315316
CXCR3-,HC,PTC41540_CSF,GSM4104131_CCATTCGAGTCGTACT-1,-0.10056797643315316
CXCR3+,HC,PTC41540_CSF,GSM4104131_CCCTCCTGTTGCGTTA-1,-0.7216292337881881
CXCR3-,HC,PTC41540_CSF,GSM4104131_CCGTACTAGTAGCGGT-1,-0.10056797643315316
CXCR3-,HC,PTC41540_CSF,GSM4104131_CCTAAAGCAGGGCATA-1,-0.10056797643315316
CXCR3-,HC,PTC41540_CSF,GSM4104131_CCTCTGAGTATGAAAC-1,-0.10056797643315316
CXCR3+,HC,PTC41540_CSF,GSM4104131_CCTTTCTAGGGAACGG-1,0.21802667599352063
CXCR3-,HC,PTC41540_CSF,GSM4104131_CGACTTCTCCGCAAGC-1,-0.2600449370907648
CXCR3-,HC,PTC41540_CSF,GSM4104131_CGAGCCAAGGGAAACA-1,0.06065896843843255
CXCR3-,HC,PTC41540_CSF,GSM4104131_CGGGTCATCAGCACAT-1,-0.21566755196513618
CXCR3-,HC,PTC41540_CSF,GSM4104131_CGTAGCGAGTACGACG-1,-0.24084269443066608
CXCR3-,HC,PTC41540_CSF,GSM4104131_CGTTAGATCCTCGCAT-1,0.21019659798843013
CXCR3-,HC,PTC41540_CSF,GSM4104131_CGTTGGGAGTCTCAAC-1,-0.10056797643315316
CXCR3+,HC,PTC41540_CSF,GSM4104131_CTACCCACATTACCTT-1,-0.10056797643315316
CXCR3-,HC,PTC41540_CSF,GSM4104131_CTCAGAATCTTCATGT-1,-0.1639802733200614
CXCR3-,HC,PTC41540_CSF,GSM4104131_CTGATAGCACGAAGCA-1,0.13688863399572157
CXCR3-,HC,PTC41540_CSF,GSM4104131_CTGCGGACACCACGTG-1,-0.10056797643315316
CXCR3-,HC,PTC41540_CSF,GSM4104131_CTTAACTCATCACCCT-1,-0.2522482626777108
CXCR3-,HC,PTC41540_CSF,GSM4104131_CTTACCGTCACGAAGG-1,-0.10056797643315316
CXCR3-,HC,PTC41540_CSF,GSM4104131_GAACGGATCAACGAAA-1,-0.10056797643315316
CXCR3-,HC,PTC41540_CSF,GSM4104131_GAATAAGAGCGATAGC-1,-0.34648313511944523
CXCR3-,HC,PTC41540_CSF,GSM4104131_GACACGCCACATGACT-1,-0.09075950942576443
CXCR3+,HC,PTC41540_CSF,GSM4104131_GACGTTACATTCTCAT-1,-0.34556187676354416
CXCR3-,HC,PTC41540_CSF,GSM4104131_GCGCAACGTGCTCTTC-1,-0.3406386604960309
CXCR3-,HC,PTC41540_CSF,GSM4104131_GGATTACTCTAACCGA-1,-0.32656979652472085
CXCR3+,HC,PTC41540_CSF,GSM4104131_GGCCGATCAGCTGTGC-1,-0.13398858610799427
CXCR3-,HC,PTC41540_CSF,GSM4104131_GGCCGATGTGGTGTAG-1,-0.41848726430391003
CXCR3-,HC,PTC41540_CSF,GSM4104131_GGGTCTGAGAAACCGC-1,-0.2723140931926027
CXCR3+,HC,PTC41540_CSF,GSM4104131_GGTGTTAGTCGTTGTA-1,-0.03282200493524934
CXCR3-,HC,PTC41540_CSF,GSM4104131_GTACGTAGTCTGATTG-1,-0.3320296244249984
CXCR3-,HC,PTC41540_CSF,GSM4104131_GTACTTTGTCTCCACT-1,0.3194017721316481
CXCR3+,HC,PTC41540_CSF,GSM4104131_GTCCTCACATCCTAGA-1,0.22860074413152512
CXCR3-,HC,PTC41540_CSF,GSM4104131_GTGCATAGTATATCCG-1,-0.10056797643315316
CXCR3-,HC,PTC41540_CSF,GSM4104131_GTGGGTCGTCGGCATC-1,0.4457862679451571
CXCR3-,HC,PTC41540_CSF,GSM4104131_GTTAAGCAGTCTCAAC-1,-0.10056797643315316
CXCR3-,HC,PTC41540_CSF,GSM4104131_GTTCATTCAGTAACGG-1,-0.10056797643315316
CXCR3-,HC,PTC41540_CSF,GSM4104131_TAGACCAGTTGCGCAC-1,-0.10056797643315316
CXCR3-,HC,PTC41540_CSF,GSM4104131_TAGACCATCGAATCCA-1,-0.10056797643315316
CXCR3+,HC,PTC41540_CSF,GSM4104131_TAGAGCTTCTTCGGTC-1,-0.10056797643315316
CXCR3-,HC,PTC41540_CSF,GSM4104131_TATCTCAGTATGAATG-1,0.2255118677092727
CXCR3-,HC,PTC41540_CSF,GSM4104131_TCGTAGATCCTCGCAT-1,-0.2404924925217615
CXCR3-,HC,PTC41540_CSF,GSM4104131_TCTTTCCCATAGAAAC-1,-1.294659454219055
CXCR3+,HC,PTC41540_CSF,GSM4104131_TCTTTCCTCCATGAGT-1,-0.2753561796096852
CXCR3-,HC,PTC41540_CSF,GSM4104131_TGACAACAGGGATCTG-1,0.08219644756490704
CXCR3-,HC,PTC41540_CSF,GSM4104131_TGACTTTCACTCAGGC-1,-0.10056797643315316
CXCR3-,HC,PTC41540_CSF,GSM4104131_TGAGAGGTCGCCGTGA-1,-0.2345210203892297
CXCR3-,HC,PTC41540_CSF,GSM4104131_TGAGCCGCAATAGCAA-1,-0.2908670783763853
CXCR3-,HC,PTC41540_CSF,GSM4104131_TGAGCCGGTACCGTAT-1,-0.10056797643315316
CXCR3-,HC,PTC41540_CSF,GSM4104131_TGGGAAGAGGGTCTCC-1,-0.4363828749365298
CXCR3-,HC,PTC41540_CSF,GSM4104131_TGGGAAGGTCTAGCCG-1,-0.25079996384554454
CXCR3-,HC,PTC41540_CSF,GSM4104131_TGGGCGTCACACCGCA-1,-0.31126625277301784
CXCR3-,HC,PTC41540_CSF,GSM4104131_TGGTTAGCACACATGT-1,-0.3644610342341444
CXCR3-,HC,PTC41540_CSF,GSM4104131_TTAACTCGTCAACATC-1,-0.042520858485012844
CXCR3-,HC,PTC41540_CSF,GSM4104131_TTGCGTCGTATCGCAT-1,-0.2383500985051188
CXCR3-,HC,PTC41540_CSF,GSM4104131_TTGTAGGCAGTGACAG-1,-0.3409321357057979
CXCR3-,HC,PTC41540_CSF,GSM4104131_TTTATGCCACATGACT-1,-0.2307293696972516
CXCR3+,HC,PTC41540_CSF,GSM4104131_TTTGGTTTCTGATACG-1,-0.4121454249015392
CXCR3-,HC,PTC85037_CSF,GSM4104133_AAACGGGTCGTTGCCT-1,-0.28089412223751103
CXCR3-,HC,PTC85037_CSF,GSM4104133_AAAGATGTCGAATCCA-1,-0.34305802423766496
CXCR3-,HC,PTC85037_CSF,GSM4104133_AAATGCCGTTCGTCTC-1,0.42221701588206717
CXCR3-,HC,PTC85037_CSF,GSM4104133_AATCGGTCAAGCTGGA-1,-0.5875579664103018
CXCR3-,HC,PTC85037_CSF,GSM4104133_ACCAGTAAGCTAAACA-1,-0.45664907232317237
CXCR3-,HC,PTC85037_CSF,GSM4104133_ACCTTTACACTGTGTA-1,0.07129568917813327
CXCR3-,HC,PTC85037_CSF,GSM4104133_ACTGATGAGAGTACCG-1,-0.22841691895492394
CXCR3+,HC,PTC85037_CSF,GSM4104133_ACTTTCAAGCGAAGGG-1,-0.10056797643315316
CXCR3-,HC,PTC85037_CSF,GSM4104133_AGACGTTAGTTACCCA-1,-0.10056797643315316
CXCR3-,HC,PTC85037_CSF,GSM4104133_AGCCTAAAGACGCACA-1,-0.10056797643315316
CXCR3-,HC,PTC85037_CSF,GSM4104133_AGCCTAAAGGAGTACC-1,-0.10056797643315316
CXCR3+,HC,PTC85037_CSF,GSM4104133_AGCGGTCAGGTGATTA-1,-0.10056797643315316
CXCR3+,HC,PTC85037_CSF,GSM4104133_AGGTCATAGAAACGCC-1,-0.10056797643315316
CXCR3-,HC,PTC85037_CSF,GSM4104133_AGTGGGAAGAAGGCCT-1,-0.10056797643315316
CXCR3-,HC,PTC85037_CSF,GSM4104133_AGTGTCACAATGCCAT-1,-0.10056797643315316
CXCR3-,HC,PTC85037_CSF,GSM4104133_ATAAGAGTCATCATTC-1,-0.300482284771456
CXCR3+,HC,PTC85037_CSF,GSM4104133_ATCATGGAGAAACCTA-1,-0.4063977462084358
CXCR3-,HC,PTC85037_CSF,GSM4104133_ATCATGGGTAGCCTAT-1,-0.10056797643315316
CXCR3+,HC,PTC85037_CSF,GSM4104133_ATCCGAAGTAAATGTG-1,-0.28126146778694355
CXCR3+,HC,PTC85037_CSF,GSM4104133_ATCTGCCGTCACTGGC-1,-0.21702341180760643
CXCR3-,HC,PTC85037_CSF,GSM4104133_ATTGGACTCTGTCAAG-1,-0.10056797643315316
CXCR3-,HC,PTC85037_CSF,GSM4104133_CAAGATCCAGTCCTTC-1,-0.33523532745189843
CXCR3+,HC,PTC85037_CSF,GSM4104133_CAAGGCCAGAAACCTA-1,-0.10056797643315316
CXCR3-,HC,PTC85037_CSF,GSM4104133_CACACAAGTATTACCG-1,-0.3858146357448173
CXCR3-,HC,PTC85037_CSF,GSM4104133_CACAGGCGTCTGATCA-1,-0.10056797643315316
CXCR3-,HC,PTC85037_CSF,GSM4104133_CACCACTAGGGATCTG-1,-0.3336482520198841
CXCR3-,HC,PTC85037_CSF,GSM4104133_CACCTTGTCACCAGGC-1,-0.333024787911582
CXCR3+,HC,PTC85037_CSF,GSM4104133_CATCAGAAGTGGAGTC-1,-0.10056797643315316
CXCR3-,HC,PTC85037_CSF,GSM4104133_CATTATCTCGCGCCAA-1,0.24211376842609125
CXCR3-,HC,PTC85037_CSF,GSM4104133_CGAACATTCGCTTGTC-1,-0.24458483751293095
CXCR3-,HC,PTC85037_CSF,GSM4104133_CGTGAGCCAGCTGGCT-1,-0.10056797643315316
CXCR3-,HC,PTC85037_CSF,GSM4104133_CTAAGACCAATCTACG-1,0.23145747031871824
CXCR3+,HC,PTC85037_CSF,GSM4104133_CTACATTTCTGTCTCG-1,-0.10056797643315316
CXCR3-,HC,PTC85037_CSF,GSM4104133_CTCGTACCAATTGCTG-1,-0.10056797643315316
CXCR3-,HC,PTC85037_CSF,GSM4104133_CTGAAGTTCGTGGTCG-1,0.4807634868737431
CXCR3-,HC,PTC85037_CSF,GSM4104133_CTTAGGAGTCGCTTCT-1,-0.10056797643315316
CXCR3-,HC,PTC85037_CSF,GSM4104133_CTTGGCTCACATCCAA-1,-0.40411750202001295
CXCR3-,HC,PTC85037_CSF,GSM4104133_GAACATCCAATGCCAT-1,-0.22053326983855337
CXCR3+,HC,PTC85037_CSF,GSM4104133_GACACGCGTACAAGTA-1,-0.2691147711441582
CXCR3-,HC,PTC85037_CSF,GSM4104133_GACGCGTAGACGCTTT-1,0.12431865435261379
CXCR3+,HC,PTC85037_CSF,GSM4104133_GATCGTAAGATCACGG-1,0.25085442885564496
CXCR3-,HC,PTC85037_CSF,GSM4104133_GCAAACTAGACTGGGT-1,-0.10056797643315316
CXCR3-,HC,PTC85037_CSF,GSM4104133_GCACTCTTCTTGAGAC-1,-0.10056797643315316
CXCR3-,HC,PTC85037_CSF,GSM4104133_GCGCCAAGTTAAGGGC-1,0.013148245950136559
CXCR3-,HC,PTC85037_CSF,GSM4104133_GCTGGGTGTGTTCTTT-1,-0.10056797643315316
CXCR3+,HC,PTC85037_CSF,GSM4104133_GGAAAGCAGTCCGGTC-1,-0.3321563018597739
CXCR3-,HC,PTC85037_CSF,GSM4104133_GGCGACTGTGTGAATA-1,-0.27197024268991576
CXCR3-,HC,PTC85037_CSF,GSM4104133_GGGCATCAGGTAAACT-1,-0.3173145606267293
CXCR3-,HC,PTC85037_CSF,GSM4104133_GGGCATCCAAAGGAAG-1,-0.10056797643315316
CXCR3-,HC,PTC85037_CSF,GSM4104133_GGGTTGCGTCGCATCG-1,-0.006846967474671823
CXCR3-,HC,PTC85037_CSF,GSM4104133_GTAACTGCATTCCTGC-1,-0.28992555231578737
CXCR3-,HC,PTC85037_CSF,GSM4104133_GTAGGCCGTCTGGTCG-1,-0.4446499624661823
CXCR3-,HC,PTC85037_CSF,GSM4104133_GTATTCTGTCTAAAGA-1,-0.4308626455882107
CXCR3-,HC,PTC85037_CSF,GSM4104133_GTATTCTTCCTACAGA-1,-0.6094347318848932
CXCR3-,HC,PTC85037_CSF,GSM4104133_GTCTTCGGTAGCTAAA-1,-0.10056797643315316
CXCR3-,HC,PTC85037_CSF,GSM4104133_GTTCGGGAGGCCCTTG-1,-0.10056797643315316
CXCR3-,HC,PTC85037_CSF,GSM4104133_TACAGTGAGTACACCT-1,-0.10056797643315316
CXCR3+,HC,PTC85037_CSF,GSM4104133_TACCTATCAAACAACA-1,-0.10056797643315316
CXCR3-,HC,PTC85037_CSF,GSM4104133_TACTCGCCAGACGCCT-1,-0.10056797643315316
CXCR3-,HC,PTC85037_CSF,GSM4104133_TAGTGGTAGCTGTCTA-1,-0.10056797643315316
CXCR3+,HC,PTC85037_CSF,GSM4104133_TCATTACGTGAGCGAT-1,-0.1941223525682129
CXCR3-,HC,PTC85037_CSF,GSM4104133_TCGTAGAAGTCGATAA-1,0.09067429254623995
CXCR3+,HC,PTC85037_CSF,GSM4104133_TCTTCGGGTTGGGACA-1,-0.24636445570191676
CXCR3-,HC,PTC85037_CSF,GSM4104133_TCTTTCCAGCGTGTCC-1,-0.10056797643315316
CXCR3-,HC,PTC85037_CSF,GSM4104133_TGACAACTCTCGTTTA-1,-0.2868137749031941
CXCR3+,HC,PTC85037_CSF,GSM4104133_TGACGGCCAGGCGATA-1,-0.10056797643315316
CXCR3-,HC,PTC85037_CSF,GSM4104133_TGCGGGTTCTCTGTCG-1,-0.10056797643315316
CXCR3-,HC,PTC85037_CSF,GSM4104133_TGGGAAGGTTGTGGAG-1,-0.10056797643315316
CXCR3-,HC,PTC85037_CSF,GSM4104133_TTAGGCAAGTAACCCT-1,-0.10056797643315316
CXCR3-,HC,PTC85037_CSF,GSM4104133_TTAGTTCAGTGGGCTA-1,-0.3524375013451394
CXCR3-,HC,PTC85037_CSF,GSM4104133_TTGGAACCAGACTCGC-1,-0.10056797643315316
CXCR3-,HC,PTC85037_CSF,GSM4104133_TTTGCGCCATTACGAC-1,-1.0838918311976138
CXCR3-,HC,PTC85037_CSF,GSM4104133_TTTGCGCGTCTCTTAT-1,-0.364152634370233
