cxcr3_group,condition,patient,cell_id,zinc_signature
CXCR3-,HC,PB_2,AAACCTGCAAAGGAAG-1,-0.10056797643315316
CXCR3-,HC,PB_2,AAACCTGCAAGACACG-1,-0.24319732006292036
CXCR3-,HC,PB_2,AAACGGGAGGGTTCCC-1,-0.10056797643315316
CXCR3-,HC,PB_2,AAACGGGCATACGCCG-1,0.006849682291572822
CXCR3-,HC,PB_2,AAACGGGCATCGACGC-1,-0.22550477159581556
CXCR3-,HC,PB_2,AAACGGGGTGCGCTTG-1,-0.10056797643315316
CXCR3-,HC,PB_2,AAACGGGTCCTCATTA-1,-0.2195689466796902
CXCR3-,HC,PB_2,AAAGATGAGTTGAGTA-1,0.11867094063536618
CXCR3-,HC,PB_2,AAAGATGCAGATGAGC-1,0.15534062688861455
CXCR3-,HC,PB_2,AAAGATGCAGTCGATT-1,-0.10056797643315316
CXCR3+,HC,PB_2,AAAGATGCATCACAAC-1,-0.4141410524016302
CXCR3-,HC,PB_2,AAAGATGGTAAGCACG-1,0.1011722708567445
CXCR3-,HC,PB_2,AAAGATGTCAACGAAA-1,-0.04629910786394378
CXCR3-,HC,PB_2,AAAGTAGGTTGCCTCT-1,-0.10056797643315316
CXCR3-,HC,PB_2,AAATGCCAGCGCTTAT-1,-0.44337742067439095
CXCR3-,HC,PB_2,AAATGCCTCATGCATG-1,0.21269577892515462
CXCR3-,HC,PB_2,AAATGCCTCATGGTCA-1,-0.1903621531521753
CXCR3-,HC,PB_2,AACACGTGTCAGATAA-1,0.5995604062768507
CXCR3+,HC,PB_2,AACACGTTCATCGATG-1,0.013074137828421444
CXCR3-,HC,PB_2,AACCATGAGAGCTGCA-1,-0.10056797643315316
CXCR3+,HC,PB_2,AACCGCGAGATGCCAG-1,0.0961591263666872
CXCR3-,HC,PB_2,AACCGCGAGGCCCTTG-1,0.08725368222373293
CXCR3-,HC,PB_2,AACCGCGCAACACCCG-1,0.7160254683432662
CXCR3-,HC,PB_2,AACGTTGAGAGTCGGT-1,-0.10056797643315316
CXCR3-,HC,PB_2,AACGTTGAGTGGCACA-1,-0.10056797643315316
CXCR3-,HC,PB_2,AACGTTGGTACGCTGC-1-1,-0.23805695422980255
CXCR3-,HC,PB_2,AACGTTGGTCCATCCT-1,0.0638842813427292
CXCR3-,HC,PB_2,AACGTTGTCTCAACTT-1,0.14671217677415482
CXCR3-,HC,PB_2,AACTCAGCATTTGCTT-1,0.12240985204612849
CXCR3-,HC,PB_2,AACTCAGGTATAAACG-1,-0.05528162993575029
CXCR3+,HC,PB_2,AACTCAGGTTTGTTGG-1,-0.1920644052201241
CXCR3-,HC,PB_2,AACTCCCAGCGATATA-1,0.1912486206346566
CXCR3-,HC,PB_2,AACTCCCTCGTAGATC-1,0.05064246039623526
CXCR3-,HC,PB_2,AACTCTTAGAACTCGG-1,-0.1992377589512877
CXCR3-,HC,PB_2,AACTCTTAGGAGTACC-1,0.08629730607283569
CXCR3-,HC,PB_2,AACTCTTGTGGTCCGT-1,-0.10056797643315316
CXCR3+,HC,PB_2,AACTGGTAGAACTGTA-1,0.19731212147102
CXCR3-,HC,PB_2,AACTGGTGTACTCGCG-1,-0.10056797643315316
CXCR3-,HC,PB_2,AACTGGTTCAAGGCTT-1,-0.10056797643315316
CXCR3-,HC,PB_2,AACTGGTTCTTGCAAG-1,0.18794755391330945
CXCR3-,HC,PB_2,AACTTTCAGGAGTTTA-1,-0.31219012329589724
CXCR3-,HC,PB_2,AACTTTCTCCGTTGTC-1,0.41711306008952675
CXCR3-,HC,PB_2,AACTTTCTCTCCCTGA-1,0.08846590594537639
CXCR3+,HC,PB_2,AAGACCTTCCTTGACC-1,-0.025617873865180423
CXCR3-,HC,PB_2,AAGCCGCAGCACCGTC-1,0.1634705199853168
CXCR3-,HC,PB_2,AAGCCGCAGGGCATGT-1,-0.37830927689088795
CXCR3-,HC,PB_2,AAGCCGCCACATTTCT-1,0.19166094045807677
CXCR3-,HC,PB_2,AAGCCGCTCAGCATGT-1,-0.3959885168334131
CXCR3-,HC,PB_2,AAGCCGCTCTTAACCT-1,-0.10056797643315316
CXCR3-,HC,PB_2,AAGGAGCAGTGTGAAT-1,-0.10056797643315316
CXCR3+,HC,PB_2,AAGGAGCGTACAGACG-1,0.10848898743991366
CXCR3-,HC,PB_2,AAGGAGCTCCTCTAGC-1,-0.10056797643315316
CXCR3-,HC,PB_2,AAGGTTCAGGTGTTAA-1,-0.48763352076734595
CXCR3-,HC,PB_2,AAGGTTCTCATACGGT-1,-0.10056797643315316
CXCR3-,HC,PB_2,AAGGTTCTCCACTCCA-1,0.07132235287003723
CXCR3+,HC,PB_2,AAGGTTCTCTTGCATT-1,-0.8759136753507715
CXCR3-,HC,PB_2,AAGTCTGAGATCTGCT-1,-0.09779350323260931
CXCR3-,HC,PB_2,AAGTCTGAGTGGGATC-1,-0.05788287382669932
CXCR3+,HC,PB_2,AAGTCTGCACCGTTGG-1,-0.025073507489869935
CXCR3-,HC,PB_2,AAGTCTGGTCCGAGTC-1,-0.25255429355218934
CXCR3-,HC,PB_2,AATCCAGAGTTGTCGT-1,-0.10056797643315316
CXCR3-,HC,PB_2,AATCCAGCAACACGCC-1,0.28845553254194156
CXCR3-,HC,PB_2,AATCCAGTCCACTGGG-1,-0.35999550789805285
CXCR3-,HC,PB_2,AATCCAGTCTGATACG-1,-0.10056797643315316
CXCR3-,HC,PB_2,AATCGGTTCAAGGTAA-1,0.0712397273537503
CXCR3-,HC,PB_2,ACACCAAAGTGCGATG-1,0.23353230546092293
CXCR3-,HC,PB_2,ACACCAAGTCCTCTTG-1,0.27003380980005526
CXCR3-,HC,PB_2,ACACCAAGTGTTCGAT-1,0.2538630916767871
CXCR3-,HC,PB_2,ACACCAATCGATGAGG-1,0.18719389034677045
CXCR3-,HC,PB_2,ACACCAATCGTAGGTT-1,-0.5399380051813388
CXCR3-,HC,PB_2,ACACCCTGTCTAGGTT-1,0.4954412061810389
CXCR3-,HC,PB_2,ACACCCTTCTCCAACC-1,0.2904215949793529
CXCR3-,HC,PB_2,ACACCGGAGATGTGTA-1,-0.005009719892021258
CXCR3-,HC,PB_2,ACACCGGCATTCCTCG-1,-0.4896684304146755
CXCR3-,HC,PB_2,ACACCGGGTCGCGAAA-1,-0.07401336690100073
CXCR3+,HC,PB_2,ACACCGGGTGACCAAG-1,-0.740112361238842
CXCR3+,HC,PB_2,ACACTGAAGGGAACGG-1,-0.223186985829797
CXCR3-,HC,PB_2,ACACTGACAACACCTA-1,0.08435529992802475
CXCR3-,HC,PB_2,ACACTGACAGACGTAG-1,0.5022569158151124
CXCR3-,HC,PB_2,ACACTGACAGCTGGCT-1,-0.10056797643315316
CXCR3-,HC,PB_2,ACACTGAGTAATTGGA-1,-0.10056797643315316
CXCR3-,HC,PB_2,ACAGCCGTCGAACTGT-1,-0.3347058312457462
CXCR3-,HC,PB_2,ACAGCCGTCTTGAGAC-1,0.16377430834292386
CXCR3-,HC,PB_2,ACATACGGTCCGTGAC-1,0.22072373080023036
CXCR3+,HC,PB_2,ACATACGGTCCTCTTG-1,0.053716181858700605
CXCR3-,HC,PB_2,ACATACGTCCATGAGT-1,0.1757855133552503
CXCR3+,HC,PB_2,ACATCAGTCTAACCGA-1,-0.2028173600782822
CXCR3-,HC,PB_2,ACATGGTCAGTAGAGC-1,0.40052524138737483
CXCR3-,HC,PB_2,ACATGGTGTCTAAACC-1,-0.38362694047412244
CXCR3-,HC,PB_2,ACCAGTACATGCCACG-1-1,-0.10056797643315316
CXCR3-,HC,PB_2,ACCAGTATCAGGATCT-1,-0.10056797643315316
CXCR3+,HC,PB_2,ACCCACTCAGGGTATG-1,0.13816763708606436
CXCR3+,HC,PB_2,ACCGTAAAGCGTGAAC-1,0.6319593841374056
CXCR3-,HC,PB_2,ACGAGCCAGATCCTGT-1,0.14091763688347986
CXCR3-,HC,PB_2,ACGAGCCTCGCTGATA-1,-0.37806466711888415
CXCR3+,HC,PB_2,ACGAGGAGTGAGTATA-1,-0.4836092732346165
CXCR3-,HC,PB_2,ACGATACCATATGCTG-1,-0.20806930311392255
CXCR3+,HC,PB_2,ACGATGTAGACCGGAT-1,-0.16539540098989727
CXCR3-,HC,PB_2,ACGATGTTCCCAAGTA-1,-0.10056797643315316
CXCR3-,HC,PB_2,ACGCAGCAGCTCCCAG-1,0.025476280674537683
CXCR3-,HC,PB_2,ACGCAGCAGGGTATCG-1,0.14518154773839895
CXCR3-,HC,PB_2,ACGCAGCTCCATGAGT-1,0.21914206265454478
CXCR3-,HC,PB_2,ACGCCAGAGCAGCCTC-1,0.4060412635846006
CXCR3-,HC,PB_2,ACGCCAGGTTGGAGGT-1,-0.10056797643315316
CXCR3+,HC,PB_2,ACGCCAGTCCACGTTC-1,-0.11995268847508711
CXCR3-,HC,PB_2,ACGCCGAGTCCATGAT-1,-0.1964803684082531
CXCR3+,HC,PB_2,ACGGAGAGTAAGGGAA-1,0.24085875370722734
CXCR3-,HC,PB_2,ACGGCCAAGCGATATA-1,0.12044741362708808
CXCR3-,HC,PB_2,ACGGCCAGTGTGCGTC-1,0.10417803342977427
CXCR3-,HC,PB_2,ACGGCCATCCAGATCA-1,0.18189320147900506
CXCR3-,HC,PB_2,ACGGGCTCACTATCTT-1,-0.19704913011343403
CXCR3-,HC,PB_2,ACGGGCTCAGGGAGAG-1,-0.4310380207236621
CXCR3-,HC,PB_2,ACGGGCTTCAACACGT-1,-0.10056797643315316
CXCR3-,HC,PB_2,ACGGGTCCATCTATGG-1,1.0136105476557844
CXCR3-,HC,PB_2,ACTATCTAGAACTCGG-1,0.18283735089542738
CXCR3-,HC,PB_2,ACTATCTAGCAAATCA-1,0.4769660751654069
CXCR3-,HC,PB_2,ACTATCTGTTCCAACA-1,0.1577059364449203
CXCR3-,HC,PB_2,ACTGAACGTAGAAGGA-1,-0.10056797643315316
CXCR3-,HC,PB_2,ACTGAACGTCCGAGTC-1,-0.10056797643315316
CXCR3+,HC,PB_2,ACTGAACGTTACAGAA-1,-0.03723080917881148
CXCR3-,HC,PB_2,ACTGAGTAGTACGACG-1,0.19936935246218374
CXCR3-,HC,PB_2,ACTGAGTAGTTAACGA-1,0.18577006776975488
CXCR3-,HC,PB_2,ACTGAGTCACAACGCC-1,0.24372968934981015
CXCR3-,HC,PB_2,ACTGAGTCACCGCTAG-1,-0.10056797643315316
CXCR3-,HC,PB_2,ACTGAGTGTATATGGA-1,-0.19155073601092648
CXCR3+,HC,PB_2,ACTGATGAGAGTTGGC-1,0.1982372722567995
CXCR3-,HC,PB_2,ACTGATGAGTTATCGC-1,-0.20019178530404189
CXCR3-,HC,PB_2,ACTGCTCAGAAGAAGC-1,-0.11859434528486372
CXCR3-,HC,PB_2,ACTGCTCAGTTCGCAT-1,0.4701350605660491
CXCR3-,HC,PB_2,ACTGCTCGTCGCATAT-1,-0.10056797643315316
CXCR3-,HC,PB_2,ACTGTCCAGAGCAATT-1,-0.10056797643315316
CXCR3-,HC,PB_2,ACTGTCCAGCCTATGT-1,0.15463326447588358
CXCR3-,HC,PB_2,ACTTACTGTTGCTCCT-1,0.4456050739427068
CXCR3-,HC,PB_2,ACTTGTTTCTGTACGA-1,-0.2300393889680979
CXCR3-,HC,PB_2,ACTTTCACAGTTCCCT-1,0.2546135306356142
CXCR3-,HC,PB_2,AGAATAGCAACAACCT-1,0.009358004679589835
CXCR3+,HC,PB_2,AGACGTTTCCGTAGTA-1,-0.303483892160032
CXCR3+,HC,PB_2,AGACGTTTCTGATTCT-1,0.07159241336357533
CXCR3-,HC,PB_2,AGAGCGAAGAGATGAG-1,0.01607064316906034
CXCR3-,HC,PB_2,AGAGCGAAGTGAAGAG-1,-0.10056797643315316
CXCR3-,HC,PB_2,AGAGCGAGTCCAGTAT-1,0.23904439130807123
CXCR3-,HC,PB_2,AGAGCTTCAGCTTCGG-1,-0.3001842414734517
CXCR3-,HC,PB_2,AGAGCTTGTAAAGGAG-1,-0.10056797643315316
CXCR3+,HC,PB_2,AGAGCTTTCGGCTACG-1,0.15882542267886
CXCR3-,HC,PB_2,AGAGTGGAGCCGATTT-1,-0.24750985238512646
CXCR3-,HC,PB_2,AGAGTGGCAAAGTCAA-1,0.13375473736554672
CXCR3-,HC,PB_2,AGAGTGGCACAAGCCC-1,0.19381290076062685
CXCR3-,HC,PB_2,AGATCTGTCTTGCATT-1,-0.3153182986458626
CXCR3-,HC,PB_2,AGATTGCGTCTAACGT-1,0.07848470109954378
CXCR3-,HC,PB_2,AGATTGCGTTCACGGC-1,-0.10056797643315316
CXCR3-,HC,PB_2,AGATTGCTCCGCGCAA-1,-0.10056797643315316
CXCR3+,HC,PB_2,AGCAGCCAGATCCCGC-1,-0.25285890035235814
CXCR3+,HC,PB_2,AGCAGCCCATCGTCGG-1,-0.047865338705318235
CXCR3-,HC,PB_2,AGCAGCCTCAAGAAGT-1,0.12148395115026925
CXCR3-,HC,PB_2,AGCATACAGTGTGAAT-1,-0.10056797643315316
CXCR3-,HC,PB_2,AGCATACTCACGACTA-1,-0.2060924770668289
CXCR3-,HC,PB_2,AGCATACTCCTTAATC-1,-0.20213545510584893
CXCR3+,HC,PB_2,AGCCTAAGTCTCCCTA-1,0.2264439857130549
CXCR3+,HC,PB_2,AGCGGTCAGCCTTGAT-1,-0.3139293178815947
CXCR3+,HC,PB_2,AGCTCTCTCGTGGACC-1,-0.18894757935763473
CXCR3-,HC,PB_2,AGCTTGAAGCGCCTCA-1,0.3120116037030912
CXCR3-,HC,PB_2,AGCTTGAAGGCTACGA-1,-0.10056797643315316
CXCR3-,HC,PB_2,AGCTTGAAGTGCTGCC-1,-0.10056797643315316
CXCR3+,HC,PB_2,AGCTTGAGTATAGGTA-1,0.5974162182287612
CXCR3-,HC,PB_2,AGGCCACAGTCTCAAC-1,-0.10056797643315316
CXCR3-,HC,PB_2,AGGCCACCATGCCTTC-1,-0.10056797643315316
CXCR3-,HC,PB_2,AGGGAGTTCGTAGGAG-1,0.05182749576419897
CXCR3+,HC,PB_2,AGGGATGAGAGTACCG-1,0.11948917238177749
CXCR3-,HC,PB_2,AGGGTGAGTAGCGCAA-1,-0.10056797643315316
CXCR3-,HC,PB_2,AGGGTGAGTTCCAACA-1,-0.2302160088052663
CXCR3-,HC,PB_2,AGGTCATCAAGCCGTC-1,0.021605518562934325
CXCR3-,HC,PB_2,AGGTCATCACCATGTA-1,0.19121642008874343
CXCR3-,HC,PB_2,AGGTCATCAGATTGCT-1,-0.5257051009933935
CXCR3-,HC,PB_2,AGGTCATGTAAGAGGA-1,0.09193728123804665
CXCR3-,HC,PB_2,AGGTCCGAGATCGGGT-1,-0.5570516329949092
CXCR3-,HC,PB_2,AGGTCCGGTATAGTAG-1,-0.3485436461898833
CXCR3-,HC,PB_2,AGGTCCGGTCAGGACA-1,-0.2519829289665072
CXCR3-,HC,PB_2,AGTAGTCCATCGATTG-1,-0.330715154335704
CXCR3-,HC,PB_2,AGTAGTCGTGACGCCT-1,-0.10056797643315316
CXCR3-,HC,PB_2,AGTAGTCTCGTTACGA-1,0.22175411914466053
CXCR3+,HC,PB_2,AGTCTTTCAATCCAAC-1,0.212589096102334
CXCR3-,HC,PB_2,AGTCTTTTCAGTCAGT-1,-0.10056797643315316
CXCR3-,HC,PB_2,AGTGAGGGTCTTGCGG-1,-0.11481257810440891
CXCR3-,HC,PB_2,AGTGAGGTCCGCGTTT-1,-0.10056797643315316
CXCR3-,HC,PB_2,AGTGGGACACGAAATA-1,0.14427185814611537
CXCR3-,HC,PB_2,AGTGGGATCGGAATCT-1,-0.1430198810181873
CXCR3-,HC,PB_2,AGTGTCAAGGGCTCTC-1,-0.10056797643315316
CXCR3-,HC,PB_2,AGTGTCACACAACTGT-1,0.08376915387714615
CXCR3-,HC,PB_2,AGTGTCATCATACGGT-1,-0.10056797643315316
CXCR3-,HC,PB_2,AGTTGGTTCGATCCCT-1,-0.10056797643315316
CXCR3-,HC,PB_2,AGTTGGTTCTACTCAT-1,0.18153009571483825
CXCR3-,HC,PB_2,ATAACGCAGGCTAGAC-1,-0.36464216443279635
CXCR3-,HC,PB_2,ATAACGCGTAGCTTGT-1,-0.23020688438454998
CXCR3-,HC,PB_2,ATAACGCTCAGCTCGG-1,0.11695988544438544
CXCR3+,HC,PB_2,ATAACGCTCTCCAGGG-1,-0.10056797643315316
CXCR3-,HC,PB_2,ATAAGAGAGGCATGGT-1,-0.2157427946010237
CXCR3-,HC,PB_2,ATAAGAGGTACATGTC-1,-0.08708792039913496
CXCR3-,HC,PB_2,ATAAGAGGTGATAAGT-1,-0.10056797643315316
CXCR3-,HC,PB_2,ATCACGAAGATCGATA-1,-0.10056797643315316
CXCR3-,HC,PB_2,ATCACGACAGTCCTTC-1,-0.10056797643315316
CXCR3+,HC,PB_2,ATCACGACATGAACCT-1,0.048815080268091546
CXCR3-,HC,PB_2,ATCACGAGTACGCACC-1,0.05799502918353732
CXCR3-,HC,PB_2,ATCATCTCATGACGGA-1,-0.10056797643315316
CXCR3-,HC,PB_2,ATCATCTGTCTGATCA-1,-0.3112410378770293
CXCR3+,HC,PB_2,ATCATCTGTGCGATAG-1,0.1167731610871073
CXCR3+,HC,PB_2,ATCATCTTCAGTTAGC-1,0.02106408951611532
CXCR3-,HC,PB_2,ATCATGGGTCTCCACT-1,0.11125523967307095
CXCR3-,HC,PB_2,ATCATGGTCATAGCAC-1,0.48124814446576014
CXCR3-,HC,PB_2,ATCATGGTCGATCCCT-1,-0.32165243846333086
CXCR3-,HC,PB_2,ATCCACCCAAAGGAAG-1,-0.023375968190288882
CXCR3-,HC,PB_2,ATCCACCCAACTTGAC-1,-0.0713850968176989
CXCR3-,HC,PB_2,ATCCACCCACTGAAGG-1,-0.5197971141614591
CXCR3-,HC,PB_2,ATCCACCGTGTTGGGA-1,0.40042069256580604
CXCR3-,HC,PB_2,ATCCACCGTTCAGCGC-1-1,-0.10056797643315316
CXCR3-,HC,PB_2,ATCCGAAAGTGTACTC-1,-0.045304791368393604
CXCR3-,HC,PB_2,ATCCGAACAGTCTTCC-1,0.09407530271374791
CXCR3-,HC,PB_2,ATCCGAAGTATATCCG-1,-0.10056797643315316
CXCR3-,HC,PB_2,ATCCGAAGTATATGAG-1,0.33853052426843255
CXCR3+,HC,PB_2,ATCCGAAGTTATTCTC-1,-0.0255725804677743
CXCR3+,HC,PB_2,ATCCGAAGTTCAGCGC-1,-0.10056797643315316
CXCR3-,HC,PB_2,ATCGAGTGTACAGTGG-1,0.20428248163761628
CXCR3+,HC,PB_2,ATCTACTGTATCACCA-1,-0.10056797643315316
CXCR3-,HC,PB_2,ATCTACTGTGATGTCT-1,0.06784745940754086
CXCR3-,HC,PB_2,ATCTACTTCATCTGTT-1,-0.3392460961194237
CXCR3+,HC,PB_2,ATCTGCCAGAAGCCCA-1,-0.10056797643315316
CXCR3-,HC,PB_2,ATCTGCCGTCTGGAGA-1,-0.04856522972828668
CXCR3-,HC,PB_2,ATCTGCCGTCTTTCAT-1,0.48485543253464364
CXCR3+,HC,PB_2,ATCTGCCTCTGAGGGA-1,-0.41366999787881914
CXCR3-,HC,PB_2,ATGAGGGCAAGACGTG-1,-0.10056797643315316
CXCR3-,HC,PB_2,ATGAGGGGTATGAATG-1,-0.10056797643315316
CXCR3-,HC,PB_2,ATGCGATCAAATACAG-1,-0.0973460703836146
CXCR3-,HC,PB_2,ATGCGATCATCCTTGC-1,0.17501427317813859
CXCR3-,HC,PB_2,ATGCGATTCAGTCCCT-1,0.24744115177559073
CXCR3-,HC,PB_2,ATGGGAGGTAAGGATT-1,0.24209603753696157
CXCR3-,HC,PB_2,ATGTGTGAGCGAGAAA-1,-0.7271170736059567
CXCR3-,HC,PB_2,ATGTGTGGTTACGTCA-1,-0.27128880885320633
CXCR3-,HC,PB_2,ATGTGTGGTTTAAGCC-1,-0.10056797643315316
CXCR3-,HC,PB_2,ATTACTCCACTACAGT-1,-0.08839824546544614
CXCR3-,HC,PB_2,ATTACTCCAGAGTGTG-1,-0.10056797643315316
CXCR3-,HC,PB_2,ATTATCCAGTGTGAAT-1,0.7634291885577127
CXCR3-,HC,PB_2,ATTATCCAGTTAGGTA-1,-0.040232940973157376
CXCR3-,HC,PB_2,ATTATCCGTATATCCG-1,0.21083355623254413
CXCR3-,HC,PB_2,ATTATCCGTCTTCTCG-1,0.30899040102130215
CXCR3-,HC,PB_2,ATTATCCTCCGGGTGT-1,-0.10056797643315316
CXCR3+,HC,PB_2,ATTCTACGTAGGGTAC-1,-0.2721419505449194
CXCR3-,HC,PB_2,ATTGGACCATACCATG-1,-0.22667357657680562
CXCR3-,HC,PB_2,ATTGGACTCGGAAACG-1,0.36405980961470413
CXCR3-,HC,PB_2,ATTGGACTCTGGAGCC-1,-0.10056797643315316
CXCR3-,HC,PB_2,ATTGGTGCAGCGTAAG-1,-0.023320865628778702
CXCR3-,HC,PB_2,ATTGGTGTCGTCGTTC-1,0.6201161534748908
CXCR3+,HC,PB_2,ATTTCTGAGACCCACC-1,-0.10056797643315316
CXCR3-,HC,PB_2,ATTTCTGGTACACCGC-1,-0.10056797643315316
CXCR3-,HC,PB_2,ATTTCTGGTCTTCTCG-1,-0.10056797643315316
CXCR3-,HC,PB_2,ATTTCTGGTGGCCCTA-1,0.23605300691131573
CXCR3-,HC,PB_2,CAACCAAAGCTAACTC-1,-0.11215905360602223
CXCR3-,HC,PB_2,CAACCAAGTAGCAAAT-1,-0.10056797643315316
CXCR3-,HC,PB_2,CAACCAAGTTGGTTTG-1,-0.10056797643315316
CXCR3-,HC,PB_2,CAACCAATCACTTATC-1,0.07436477181774534
CXCR3-,HC,PB_2,CAACCAATCCGCAGTG-1,0.520827982996506
CXCR3-,HC,PB_2,CAACCAATCTTACCGC-1,0.2888228761458663
CXCR3+,HC,PB_2,CAACCTCCAAGTTAAG-1,0.06852698140109513
CXCR3+,HC,PB_2,CAACCTCCACCCATTC-1,-0.10056797643315316
CXCR3-,HC,PB_2,CAACCTCGTGTAATGA-1,0.3611662717087983
CXCR3-,HC,PB_2,CAACCTCGTTATGCGT-1,-0.10056797643315316
CXCR3-,HC,PB_2,CAACTAGAGCCACCTG-1,-0.10056797643315316
CXCR3-,HC,PB_2,CAACTAGGTAAATGTG-1,0.27173995254166294
CXCR3-,HC,PB_2,CAACTAGGTACGACCC-1,-0.21798918035835063
CXCR3-,HC,PB_2,CAAGAAAAGGTGGGTT-1,0.22598572775635364
CXCR3-,HC,PB_2,CAAGAAATCGGGAGTA-1,-0.22695111532026827
CXCR3-,HC,PB_2,CAAGATCCAATCACAC-1,-0.10056797643315316
CXCR3-,HC,PB_2,CAAGATCTCCAGAGGA-1,0.23612506957388746
CXCR3-,HC,PB_2,CAAGATCTCGTACGGC-1,-0.014038452052244759
CXCR3-,HC,PB_2,CAAGGCCAGGCCCTTG-1,0.025857838877410905
CXCR3-,HC,PB_2,CAAGGCCTCCCTCAGT-1,-0.10056797643315316
CXCR3+,HC,PB_2,CAAGGCCTCTGCAAGT-1,0.3470803251693642
CXCR3+,HC,PB_2,CAAGTTGGTGACCAAG-1,-0.5151814623242424
CXCR3-,HC,PB_2,CACAAACAGGACCACA-1,0.46014561588069186
CXCR3+,HC,PB_2,CACAAACGTAATCACC-1,-0.4234485437905004
CXCR3-,HC,PB_2,CACAAACGTGAAATCA-1,-0.6265125226367397
CXCR3-,HC,PB_2,CACAAACGTGGTCCGT-1,0.200221852519926
CXCR3+,HC,PB_2,CACACAACACAGGAGT-1,-0.10056797643315316
CXCR3+,HC,PB_2,CACACAACACCCTATC-1,-0.624442725176632
CXCR3-,HC,PB_2,CACACAAGTTCGTGAT-1,0.1509443690182572
CXCR3-,HC,PB_2,CACACCTCACCCTATC-1,-0.31616678455248987
CXCR3-,HC,PB_2,CACACCTGTTCGTCTC-1,-0.4505171080126401
CXCR3-,HC,PB_2,CACACTCCAGGGTACA-1,-0.10056797643315316
CXCR3-,HC,PB_2,CACACTCGTTTGTTTC-1,-0.10056797643315316
CXCR3-,HC,PB_2,CACACTCTCAGCCTAA-1,-0.11564145030633054
CXCR3-,HC,PB_2,CACACTCTCGGATGGA-1,0.36626667923348905
CXCR3-,HC,PB_2,CACAGGCAGAACTGTA-1,-0.6747275277918999
CXCR3-,HC,PB_2,CACAGGCGTGTAATGA-1,-0.10056797643315316
CXCR3-,HC,PB_2,CACAGTAAGAAGAAGC-1,0.2519737987597783
CXCR3-,HC,PB_2,CACAGTAAGACCACGA-1,0.10847979774554499
CXCR3-,HC,PB_2,CACAGTAGTATAGGTA-1,0.09030030280948562
CXCR3-,HC,PB_2,CACAGTATCAGGCGAA-1,0.15282903294226896
CXCR3-,HC,PB_2,CACATAGAGATATGCA-1,0.5915678696213603
CXCR3-,HC,PB_2,CACATAGGTCGACTAT-1,-0.10056797643315316
CXCR3-,HC,PB_2,CACATAGGTGCAGACA-1,-0.30746261695749155
CXCR3-,HC,PB_2,CACATTTAGATTACCC-1,-0.10056797643315316
CXCR3-,HC,PB_2,CACATTTCACGAAAGC-1,-0.39543371281215445
CXCR3-,HC,PB_2,CACCACTGTCTCCATC-1,-0.3523454271936716
CXCR3+,HC,PB_2,CACCACTTCTAGAGTC-1,0.30647198626701205
CXCR3+,HC,PB_2,CACCAGGAGCTCTCGG-1,-0.05764028784801472
CXCR3-,HC,PB_2,CACCAGGAGCTGCCCA-1,0.17699980765012097
CXCR3-,HC,PB_2,CACCAGGCATAACCTG-1,0.17317832462642693
CXCR3-,HC,PB_2,CACCTTGCATATGAGA-1,-0.26841499368703614
CXCR3-,HC,PB_2,CACCTTGGTCCCGACA-1,0.17651722288683405
CXCR3-,HC,PB_2,CACCTTGGTCCGTGAC-1,-0.24595315357811565
CXCR3-,HC,PB_2,CACCTTGTCTGTTTGT-1,-0.1720299958709322
CXCR3-,HC,PB_2,CACTCCAAGGCTACGA-1,-0.23398713186804102
CXCR3+,HC,PB_2,CACTCCAAGGCTCATT-1,-0.05169155787011592
CXCR3+,HC,PB_2,CACTCCAGTTAAGATG-1,-0.21167658995857302
CXCR3+,HC,PB_2,CACTCCATCAAACCAC-1-1,-0.28323210937768817
CXCR3-,HC,PB_2,CACTCCATCACCGTAA-1,-0.059817943615286744
CXCR3-,HC,PB_2,CACTCCATCAGGCGAA-1,-0.10056797643315316
CXCR3-,HC,PB_2,CACTCCATCGAGCCCA-1,-0.292632833536813
CXCR3-,HC,PB_2,CACTCCATCTTACCGC-1,-0.3625740511847057
CXCR3-,HC,PB_2,CAGAATCAGGTCATCT-1,-0.10056797643315316
CXCR3-,HC,PB_2,CAGAATCTCACATAGC-1,0.058994047638118614
CXCR3+,HC,PB_2,CAGAGAGTCGCCTGAG-1,0.3006348593661224
CXCR3-,HC,PB_2,CAGATCAAGCTGTTCA-1,0.012653921301033346
CXCR3-,HC,PB_2,CAGATCAAGGGTGTGT-1,-0.10056797643315316
CXCR3-,HC,PB_2,CAGCAGCAGAGCCCAA-1,-0.3658796637578532
CXCR3-,HC,PB_2,CAGCAGCAGGGTCTCC-1,0.12167821114701972
CXCR3-,HC,PB_2,CAGCAGCCACCTCGTT-1,0.2302236014530988
CXCR3-,HC,PB_2,CAGCAGCCATAACCTG-1,0.16774744550621254
CXCR3-,HC,PB_2,CAGCAGCCATCACGTA-1,-0.10056797643315316
CXCR3-,HC,PB_2,CAGCAGCGTAGAGCTG-1,-0.10056797643315316
CXCR3-,HC,PB_2,CAGCAGCGTCAGAGGT-1,0.1513208135222071
CXCR3-,HC,PB_2,CAGCAGCTCTCTTATG-1,0.09047050769496279
CXCR3-,HC,PB_2,CAGCATACAAAGGCGT-1,-0.2607202373615625
CXCR3-,HC,PB_2,CAGCATACATATACGC-1,0.36220957924130637
CXCR3-,HC,PB_2,CAGCATAGTCCTAGCG-1,0.28311557374520596
CXCR3-,HC,PB_2,CAGCATAGTGCATCTA-1-1,-0.4086111026853628
CXCR3-,HC,PB_2,CAGCATAGTTACCAGT-1,-0.10056797643315316
CXCR3-,HC,PB_2,CAGCATAGTTCGCGAC-1,-0.10056797643315316
CXCR3-,HC,PB_2,CAGCGACAGGGAACGG-1,-0.10056797643315316
CXCR3-,HC,PB_2,CAGCGACCACCGGAAA-1,-0.10056797643315316
CXCR3-,HC,PB_2,CAGCTAACAGGTCCAC-1,-0.05403901739445462
CXCR3-,HC,PB_2,CAGCTGGCACCTATCC-1,-0.10056797643315316
CXCR3-,HC,PB_2,CAGCTGGGTTCGTTGA-1-1,0.026785071435057897
CXCR3-,HC,PB_2,CAGCTGGTCCCTCTTT-1,-0.10056797643315316
CXCR3-,HC,PB_2,CAGCTGGTCGGCTTGG-1,0.4229995887478696
CXCR3-,HC,PB_2,CAGCTGGTCTCCCTGA-1,0.17388577976039862
CXCR3-,HC,PB_2,CAGGTGCTCGCTAGCG-1,-0.21167658995857302
CXCR3-,HC,PB_2,CAGTAACCAGTGGAGT-1,-0.10056797643315316
CXCR3-,HC,PB_2,CAGTCCTCACCCATTC-1,0.03574444088849824
CXCR3-,HC,PB_2,CAGTCCTTCCCTTGCA-1,-0.42003486086089825
CXCR3+,HC,PB_2,CATATGGAGACTCGGA-1,0.16988596647636336
CXCR3-,HC,PB_2,CATATGGCACACATGT-1,0.21100003037997958
CXCR3-,HC,PB_2,CATATTCAGGTTACCT-1,0.18951509375611758
CXCR3-,HC,PB_2,CATATTCCAGGGTACA-1,-0.2107943486069368
CXCR3-,HC,PB_2,CATATTCGTGTGGCTC-1,-0.10056797643315316
CXCR3-,HC,PB_2,CATATTCTCGTGGTCG-1,-0.10056797643315316
CXCR3-,HC,PB_2,CATCAAGAGTACACCT-1,0.16983084931939946
CXCR3-,HC,PB_2,CATCAAGCAAACTGTC-1,-0.4103029683964813
CXCR3-,HC,PB_2,CATCAAGGTCAAACTC-1,0.18372554774648484
CXCR3-,HC,PB_2,CATCAAGTCGGCCGAT-1,-0.2575882365371925
CXCR3-,HC,PB_2,CATCAAGTCTGGTGTA-1,0.39212006013510187
CXCR3-,HC,PB_2,CATCAGAGTCGCTTTC-1,-0.10056797643315316
CXCR3-,HC,PB_2,CATCAGAGTGCTTCTC-1,-0.3655213630948716
CXCR3+,HC,PB_2,CATCCACAGAGTTGGC-1,0.05944558699269866
CXCR3-,HC,PB_2,CATCCACAGGGTGTTG-1,-0.10056797643315316
CXCR3-,HC,PB_2,CATCCACCACTTACGA-1,-0.10056797643315316
CXCR3-,HC,PB_2,CATCCACGTCGCGTGT-1,-0.10056797643315316
CXCR3-,HC,PB_2,CATCGAAGTCGACTAT-1,0.2704609748887159
CXCR3-,HC,PB_2,CATCGAATCGCCTGTT-1,0.04049974343823938
CXCR3-,HC,PB_2,CATCGGGGTTAAAGAC-1,-0.246287133111859
CXCR3-,HC,PB_2,CATGCCTGTAGCGTAG-1,-0.10056797643315316
CXCR3-,HC,PB_2,CATGCCTTCGCGTAGC-1,0.4998493650821438
CXCR3-,HC,PB_2,CATGGCGCATTGGCGC-1-1,-0.10056797643315316
CXCR3-,HC,PB_2,CATGGCGGTTCCACAA-1,-0.10056797643315316
CXCR3-,HC,PB_2,CATGGCGGTTCCGGCA-1,0.08352184284793503
CXCR3-,HC,PB_2,CATGGCGTCTGCAGTA-1,0.2672094966171396
CXCR3-,HC,PB_2,CATTATCGTCTCCCTA-1,-0.10056797643315316
CXCR3-,HC,PB_2,CATTATCTCCCTCAGT-1,-0.10056797643315316
CXCR3+,HC,PB_2,CATTCGCAGCAAATCA-1,0.04267585703091296
CXCR3-,HC,PB_2,CATTCGCGTAATTGGA-1,0.04850174010472622
CXCR3-,HC,PB_2,CATTCGCGTGAACCTT-1,-0.4546636346693118
CXCR3+,HC,PB_2,CATTCGCTCCGCATCT-1,0.08495935554453286
CXCR3-,HC,PB_2,CCAATCCAGATCCGAG-1,-0.10056797643315316
CXCR3-,HC,PB_2,CCAATCCAGTGACATA-1,0.08749586574703498
CXCR3-,HC,PB_2,CCAATCCCATTTCAGG-1,0.19859757675144316
CXCR3-,HC,PB_2,CCAATCCGTACCAGTT-1,0.2949922748597243
CXCR3+,HC,PB_2,CCACCTATCTCTTGAT-1,-0.11764103961741582
CXCR3-,HC,PB_2,CCACGGACACCTCGGA-1,-0.2711440060073339
CXCR3-,HC,PB_2,CCACTACAGCCTTGAT-1,-0.21797345731496195
CXCR3-,HC,PB_2,CCACTACAGCGACGTA-1,0.23184571453134964
CXCR3-,HC,PB_2,CCACTACCAGGGTTAG-1,-0.32272481541465536
CXCR3+,HC,PB_2,CCACTACCATGAGCGA-1,-0.5557397466176246
CXCR3-,HC,PB_2,CCACTACTCTCCTATA-1,-0.10056797643315316
CXCR3-,HC,PB_2,CCAGCGACAAGAGTCG-1,-0.23236631407025002
CXCR3-,HC,PB_2,CCAGCGAGTTTGGGCC-1,-0.10056797643315316
CXCR3-,HC,PB_2,CCATGTCAGAATGTTG-1,0.10130831890972931
CXCR3-,HC,PB_2,CCATGTCAGATCCCGC-1,-0.10056797643315316
CXCR3-,HC,PB_2,CCATGTCCACATGGGA-1,0.15264615848346347
CXCR3-,HC,PB_2,CCATGTCCAGACACTT-1,-0.3469630223474526
CXCR3-,HC,PB_2,CCATGTCCAGCCTATA-1,-0.10056797643315316
CXCR3-,HC,PB_2,CCATGTCCAGTGAGTG-1,-0.346934503860498
CXCR3-,HC,PB_2,CCATGTCCATCGGTTA-1,0.004769794212999604
CXCR3+,HC,PB_2,CCATGTCGTAAGTTCC-1,0.28393823929381107
CXCR3-,HC,PB_2,CCATGTCGTAGCTGCC-1,0.09826358146491833
CXCR3-,HC,PB_2,CCATGTCTCACGGTTA-1,-0.6128654811032322
CXCR3-,HC,PB_2,CCATGTCTCATGTCTT-1,0.5413170537563653
CXCR3-,HC,PB_2,CCATGTCTCATGTGGT-1,-0.10056797643315316
CXCR3-,HC,PB_2,CCATGTCTCCCAACGG-1,-0.23102764922664917
CXCR3-,HC,PB_2,CCATTCGAGATAGGAG-1,-0.4559767219425912
CXCR3-,HC,PB_2,CCATTCGGTATAGTAG-1,-0.5423528667692363
CXCR3-,HC,PB_2,CCATTCGGTGACGCCT-1,0.2431480354885089
CXCR3-,HC,PB_2,CCCAATCAGCTGATAA-1,-0.10056797643315316
CXCR3-,HC,PB_2,CCCAGTTCACGCATCG-1,-0.10056797643315316
CXCR3-,HC,PB_2,CCCAGTTTCCATGAGT-1,0.08405349245166975
CXCR3-,HC,PB_2,CCCTCCTCAATACGCT-1,0.08036101630256165
CXCR3-,HC,PB_2,CCCTCCTCAGCCACCA-1,-0.10056797643315316
CXCR3+,HC,PB_2,CCCTCCTCAGTCCTTC-1,0.019098919785973938
CXCR3-,HC,PB_2,CCCTCCTGTATGCTTG-1,-0.2835440423779865
CXCR3-,HC,PB_2,CCCTCCTTCCACGTTC-1,0.08652071172095668
CXCR3-,HC,PB_2,CCCTCCTTCCTCAATT-1,-0.015219737517999805
CXCR3-,HC,PB_2,CCGGGATAGGGAACGG-1,0.12314996134359017
CXCR3-,HC,PB_2,CCGGGATCACATCCGG-1,-0.12608579013498672
CXCR3-,HC,PB_2,CCGGGATCATACCATG-1,-0.25522758696517095
CXCR3-,HC,PB_2,CCGGGATTCAGCAACT-1,0.1554080443619348
CXCR3-,HC,PB_2,CCGGGATTCAGGATCT-1,0.21075719793842573
CXCR3-,HC,PB_2,CCGGTAGGTACAAGTA-1,-0.041577901266173285
CXCR3+,HC,PB_2,CCGGTAGTCTCCAACC-1,0.002051976752575715
CXCR3-,HC,PB_2,CCGTACTGTAGCACGA-1,-0.05171095020380894
CXCR3-,HC,PB_2,CCGTACTTCGCGCCAA-1,0.09878249006397917
CXCR3+,HC,PB_2,CCGTGGAGTAGTAGTA-1,0.28443985134553484
CXCR3-,HC,PB_2,CCGTTCATCCGCGTTT-1,0.18304949398051532
CXCR3-,HC,PB_2,CCTAAAGCAGACTCGC-1,-0.10056797643315316
CXCR3-,HC,PB_2,CCTAAAGTCATTCACT-1,-0.10056797643315316
CXCR3-,HC,PB_2,CCTACACAGTTAGGTA-1,0.16444461941981192
CXCR3-,HC,PB_2,CCTACACCAGAAGCAC-1,-0.23630609111344153
CXCR3-,HC,PB_2,CCTACACTCAGCTCGG-1,-0.10056797643315316
CXCR3-,HC,PB_2,CCTACACTCAGTCAGT-1,-0.10056797643315316
CXCR3-,HC,PB_2,CCTACCATCGGCGCAT-1,-0.10056797643315316
CXCR3+,HC,PB_2,CCTACCATCTAAGCCA-1,0.06436421229925124
CXCR3-,HC,PB_2,CCTAGCTCAAGCCATT-1,0.2218568036142943
CXCR3-,HC,PB_2,CCTAGCTCATCACGTA-1,-0.6577809280816842
CXCR3-,HC,PB_2,CCTATTAAGAAACCTA-1,-0.10056797643315316
CXCR3-,HC,PB_2,CCTATTACATTAGGCT-1,-0.10056797643315316
CXCR3-,HC,PB_2,CCTCAGTAGAATCTCC-1,-0.10056797643315316
CXCR3-,HC,PB_2,CCTCAGTAGCAAATCA-1,-0.10056797643315316
CXCR3-,HC,PB_2,CCTCAGTAGTGCGATG-1,0.46655649925451737
CXCR3-,HC,PB_2,CCTCAGTCACAACGCC-1,-0.10056797643315316
CXCR3-,HC,PB_2,CCTTACGAGTCCTCCT-1,0.4488063938430048
CXCR3-,HC,PB_2,CCTTACGGTCCATCCT-1,-0.03581861483013533
CXCR3-,HC,PB_2,CCTTCCCAGGCCCTTG-1,0.150973293414823
CXCR3+,HC,PB_2,CCTTCCCCAAGCTGGA-1,-0.10056797643315316
CXCR3-,HC,PB_2,CCTTCCCGTCATATCG-1,0.38619574023848274
CXCR3+,HC,PB_2,CCTTCCCGTGACAAAT-1,-0.5261915312975096
CXCR3-,HC,PB_2,CCTTCCCTCTGCGTAA-1,0.5821617390503219
CXCR3+,HC,PB_2,CCTTCGAAGGATGTAT-1,0.09272971780092247
CXCR3-,HC,PB_2,CCTTCGAAGTATCGAA-1,-0.10056797643315316
CXCR3-,HC,PB_2,CCTTCGATCTACGAGT-1,0.20608468837506866
CXCR3-,HC,PB_2,CCTTTCTAGACAGAGA-1,-0.03300884086700958
CXCR3+,HC,PB_2,CCTTTCTAGCTGCGAA-1,-0.07977165629921043
CXCR3-,HC,PB_2,CCTTTCTCATTTGCCC-1,0.20006847309161405
CXCR3-,HC,PB_2,CCTTTCTGTGTGACGA-1,-0.23080318416296589
CXCR3-,HC,PB_2,CCTTTCTTCCGTTGCT-1,-0.19015045680821027
CXCR3-,HC,PB_2,CGAACATCAAGGACAC-1,0.7637672018497988
CXCR3-,HC,PB_2,CGAACATGTTACCAGT-1,-0.10056797643315316
CXCR3-,HC,PB_2,CGAACATTCGGAGCAA-1,0.3467084203463449
CXCR3-,HC,PB_2,CGAATGTCATCACGAT-1,0.5064017702928326
CXCR3-,HC,PB_2,CGACCTTAGTGGAGTC-1,-0.10056797643315316
CXCR3-,HC,PB_2,CGACCTTAGTGTACTC-1,-0.15942867547522396
CXCR3-,HC,PB_2,CGACCTTGTCTCTCTG-1,-0.10056797643315316
CXCR3-,HC,PB_2,CGACTTCCACCTCGTT-1,0.7248685858767613
CXCR3-,HC,PB_2,CGACTTCCATCACAAC-1,-0.14012826471362508
CXCR3+,HC,PB_2,CGACTTCTCAGCCTAA-1,-0.10056797643315316
CXCR3-,HC,PB_2,CGACTTCTCTAGCACA-1,-0.10056797643315316
CXCR3-,HC,PB_2,CGAGAAGAGGCATGGT-1,-0.10056797643315316
CXCR3-,HC,PB_2,CGAGCACAGCATGGCA-1,-0.10056797643315316
CXCR3-,HC,PB_2,CGAGCACAGGGCATGT-1,0.27867566612717637
CXCR3+,HC,PB_2,CGAGCACCACCTCGGA-1,0.02319805900533067
CXCR3-,HC,PB_2,CGAGCACCACGAAATA-1,-0.10056797643315316
CXCR3-,HC,PB_2,CGAGCACCAGCTGTGC-1,-0.10056797643315316
CXCR3-,HC,PB_2,CGAGCACTCAAGCCTA-1,-0.10056797643315316
CXCR3-,HC,PB_2,CGAGCCAAGGCCCGTT-1,-0.2260313407843396
CXCR3-,HC,PB_2,CGAGCCACACATGTGT-1,-0.10056797643315316
CXCR3-,HC,PB_2,CGAGCCACAGAGTGTG-1,-0.10056797643315316
CXCR3-,HC,PB_2,CGAGCCATCATCATTC-1,0.29640471545631863
CXCR3-,HC,PB_2,CGATCGGAGATAGTCA-1,-0.10056797643315316
CXCR3-,HC,PB_2,CGATCGGTCAGAGCTT-1,0.05742768029055884
CXCR3-,HC,PB_2,CGATCGGTCTCAACTT-1,-0.7308925220040334
CXCR3+,HC,PB_2,CGATGGCAGGTGATTA-1,0.09954090475472936
CXCR3-,HC,PB_2,CGATGGCCAGGCAGTA-1,0.6248720486333942
CXCR3-,HC,PB_2,CGATGTAAGGCAGGTT-1,-0.4743047481790167
CXCR3-,HC,PB_2,CGATGTAAGTTAACGA-1,0.04909233639131483
CXCR3-,HC,PB_2,CGATGTAGTCGCTTCT-1,-0.10056797643315316
CXCR3+,HC,PB_2,CGATGTAGTCTCACCT-1-2,-0.10056797643315316
CXCR3-,HC,PB_2,CGATTGAAGAGTCTGG-1,0.4728903609427874
CXCR3-,HC,PB_2,CGATTGACAGCCTTTC-1,-0.28776817985306546
CXCR3+,HC,PB_2,CGATTGAGTGACAAAT-1,0.3594734065858228
CXCR3-,HC,PB_2,CGCCAAGGTTTAAGCC-1,-0.10056797643315316
CXCR3-,HC,PB_2,CGCGGTAGTTCTGTTT-1,-0.10056797643315316
CXCR3-,HC,PB_2,CGCGGTATCACCGGGT-1,-0.10056797643315316
CXCR3-,HC,PB_2,CGCGGTATCGTTGCCT-1,-0.10056797643315316
CXCR3-,HC,PB_2,CGCGTTTCAGTTAACC-1,-0.28904270408968985
CXCR3-,HC,PB_2,CGCGTTTCATCGACGC-1,0.1845895286276462
CXCR3-,HC,PB_2,CGCGTTTGTTACCGAT-1,0.3640720218076119
CXCR3-,HC,PB_2,CGCTATCAGCTGAACG-1,0.26610696902113745
CXCR3-,HC,PB_2,CGCTTCACACCAACCG-1,-0.15117511468453032
CXCR3-,HC,PB_2,CGCTTCACAGGACCCT-1,-0.10056797643315316
CXCR3-,HC,PB_2,CGGACACGTGGGTATG-1,-0.01082255040754906
CXCR3-,HC,PB_2,CGGACGTCACGCCAGT-1,0.09853738881014411
CXCR3-,HC,PB_2,CGGACGTTCCCGGATG-1,0.09986068013631508
CXCR3-,HC,PB_2,CGGAGCTCAGGGTTAG-1,-0.07867848795436272
CXCR3-,HC,PB_2,CGGAGCTGTGTGCCTG-1,0.28905723358593854
CXCR3-,HC,PB_2,CGGAGTCGTCAGCTAT-1,-0.19275013704047433
CXCR3-,HC,PB_2,CGGCTAGAGCCTTGAT-1,-0.10056797643315316
CXCR3-,HC,PB_2,CGGGTCACAATGACCT-1,0.6425940295504152
CXCR3+,HC,PB_2,CGGGTCACATGCCACG-1,-0.14211799590419946
CXCR3-,HC,PB_2,CGGGTCAGTCTCACCT-1,-0.10056797643315316
CXCR3-,HC,PB_2,CGGTTAAAGAAACCAT-1,0.2959799582040385
CXCR3-,HC,PB_2,CGGTTAAAGACAATAC-1,0.4615556403105735
CXCR3-,HC,PB_2,CGGTTAATCGCGTTTC-1,0.5919700765434622
CXCR3-,HC,PB_2,CGTAGCGAGCAACGGT-1,0.16792567189977872
CXCR3-,HC,PB_2,CGTAGCGAGGCCCTTG-1,-0.10056797643315316
CXCR3-,HC,PB_2,CGTAGCGCAGTGAGTG-1,0.0926511489487608
CXCR3+,HC,PB_2,CGTAGCGGTCCGACGT-1,-0.1942468912930506
CXCR3-,HC,PB_2,CGTAGCGGTGATGTGG-1,0.10007792805715322
CXCR3-,HC,PB_2,CGTAGGCGTGTAACGG-1,-0.8262390537205121
CXCR3-,HC,PB_2,CGTCACTCAGTGGGAT-1,-0.16360661248297254
CXCR3-,HC,PB_2,CGTCACTTCAGGTTCA-1,-0.2250369111701986
CXCR3-,HC,PB_2,CGTCAGGCAGACGCTC-1,0.8645411021471919
CXCR3-,HC,PB_2,CGTCAGGGTCCAGTTA-1,0.2212651251636944
CXCR3-,HC,PB_2,CGTCCATAGTGAAGAG-1,0.018573140873343323
CXCR3-,HC,PB_2,CGTCCATCAACACCCG-1,0.10490819030500244
CXCR3-,HC,PB_2,CGTCCATCAAGCCCAC-1,0.08871048649882386
CXCR3-,HC,PB_2,CGTCCATTCATCACCC-1,-0.01758342800430606
CXCR3-,HC,PB_2,CGTCCATTCTTTAGTC-1,-0.20874643983229615
CXCR3-,HC,PB_2,CGTGAGCAGCTCCTTC-1,0.017220898508073172
CXCR3-,HC,PB_2,CGTGAGCGTAAGTGTA-1,-0.10056797643315316
CXCR3-,HC,PB_2,CGTGTAAAGGGAAACA-1,-0.10056797643315316
CXCR3+,HC,PB_2,CGTGTCTAGATCGATA-1,0.10002842750332022
CXCR3-,HC,PB_2,CGTGTCTAGGCTACGA-1,0.09889288834236291
CXCR3-,HC,PB_2,CGTGTCTCAAACTGCT-1,0.6782233408093615
CXCR3-,HC,PB_2,CGTGTCTCAAGCCTAT-1,-0.10056797643315316
CXCR3-,HC,PB_2,CGTGTCTGTAAGTGGC-1,-0.2774118687147079
CXCR3+,HC,PB_2,CGTTAGAAGCAGCCTC-1,-0.6211433840099224
CXCR3-,HC,PB_2,CGTTAGACATACGCTA-1,-0.10056797643315316
CXCR3-,HC,PB_2,CGTTAGAGTGGTCCGT-1,0.10142571696492479
CXCR3+,HC,PB_2,CGTTCTGAGTGCGATG-1,0.0882620701162438
CXCR3-,HC,PB_2,CTAACTTAGGCTCATT-1,-0.10056797643315316
CXCR3-,HC,PB_2,CTAACTTCAGGATTGG-1,0.11502886020662517
CXCR3-,HC,PB_2,CTAACTTCATCGATTG-1,-0.10056797643315316
CXCR3-,HC,PB_2,CTAAGACCAGACAGGT-1,-0.10056797643315316
CXCR3-,HC,PB_2,CTAAGACCATTCTTAC-1,0.5411667786608304
CXCR3-,HC,PB_2,CTAATGGGTTGCGTTA-1,-0.10056797643315316
CXCR3-,HC,PB_2,CTAATGGGTTGCTCCT-1,0.018219514633664242
CXCR3-,HC,PB_2,CTACACCCAAACGTGG-1,-0.10056797643315316
CXCR3-,HC,PB_2,CTACACCGTAGGACAC-1,0.07041235399484841
CXCR3-,HC,PB_2,CTACACCGTCCAAGTT-1,-0.10056797643315316
CXCR3-,HC,PB_2,CTACACCGTGGTCTCG-1,-0.10056797643315316
CXCR3+,HC,PB_2,CTACACCTCCGCTGTT-1,0.07535453837505882
CXCR3-,HC,PB_2,CTACATTAGACGCACA-1,0.16879143822617682
CXCR3-,HC,PB_2,CTACATTAGTTGTCGT-1,0.288868715726577
CXCR3-,HC,PB_2,CTACATTCAGTAACGG-1,0.13921110672567646
CXCR3-,HC,PB_2,CTACATTCATTTGCTT-1,-0.1982717553774734
CXCR3-,HC,PB_2,CTACATTGTACGACCC-1,0.1136378185489446
CXCR3-,HC,PB_2,CTACATTGTATGAATG-1,-0.03437525067071613
CXCR3+,HC,PB_2,CTACATTTCTAACGGT-1,-0.3229408068394185
CXCR3-,HC,PB_2,CTACCCAAGCGTTGCC-1,-0.10056797643315316
CXCR3-,HC,PB_2,CTACCCAAGGCAAAGA-1,-0.10056797643315316
CXCR3-,HC,PB_2,CTACCCACAGCTCGAC-1,-0.10056797643315316
CXCR3+,HC,PB_2,CTACCCAGTCTTCGTC-1,-0.4156783417084743
CXCR3-,HC,PB_2,CTACCCATCCTCCTAG-1,-0.2064562226724957
CXCR3-,HC,PB_2,CTACCCATCTTTAGGG-1,-0.10056797643315316
CXCR3+,HC,PB_2,CTACGTCAGACTTGAA-1,-0.2902141583175692
CXCR3-,HC,PB_2,CTACGTCTCTATGTGG-1,0.19409240428175822
CXCR3+,HC,PB_2,CTAGAGTAGCCGATTT-1,-0.10056797643315316
CXCR3-,HC,PB_2,CTAGAGTAGCGGCTTC-1,0.27042657219165506
CXCR3-,HC,PB_2,CTAGAGTGTACTTAGC-1,0.3726089217208222
CXCR3-,HC,PB_2,CTAGAGTGTTTGGCGC-1,0.28147169962221413
CXCR3-,HC,PB_2,CTAGCCTCATGAAGTA-1,-0.2601088633658278
CXCR3+,HC,PB_2,CTAGCCTTCAGTGTTG-1,-0.22196492515007588
CXCR3+,HC,PB_2,CTAGCCTTCTACGAGT-1,-0.27951501832150544
CXCR3-,HC,PB_2,CTAGCCTTCTCTGAGA-1,-0.03837092067536406
CXCR3-,HC,PB_2,CTAGTGAGTATAGTAG-1,0.32496464530989405
CXCR3-,HC,PB_2,CTAGTGAGTCGCATCG-1,0.037035573943075925
CXCR3-,HC,PB_2,CTAGTGAGTTACAGAA-1,-0.11124410308178505
CXCR3-,HC,PB_2,CTAGTGATCAGCTCGG-1,0.4991025217386588
CXCR3-,HC,PB_2,CTAGTGATCGGACAAG-1,0.16822595697036785
CXCR3-,HC,PB_2,CTCACACGTTCAACCA-1,0.17196950882159076
CXCR3-,HC,PB_2,CTCATTACATGCCTAA-1,0.6143106454724078
CXCR3-,HC,PB_2,CTCATTAGTGCTAGCC-1,-0.10056797643315316
CXCR3-,HC,PB_2,CTCCTAGAGGCACATG-1,0.017800938168531892
CXCR3-,HC,PB_2,CTCCTAGTCAGTCAGT-1,-0.10056797643315316
CXCR3-,HC,PB_2,CTCGAAAAGACAAAGG-1,0.12452011688022581
CXCR3+,HC,PB_2,CTCGAAAAGATGTGGC-1,-0.06405819702834335
CXCR3+,HC,PB_2,CTCGAAAGTCCGAAGA-1,-0.07664907612738756
CXCR3-,HC,PB_2,CTCGAAAGTGCGGTAA-1,0.44775312199116535
CXCR3-,HC,PB_2,CTCGAAATCCGGGTGT-1,0.11263134342710777
CXCR3-,HC,PB_2,CTCGAGGAGCTTCGCG-1,0.056377949785291995
CXCR3-,HC,PB_2,CTCGAGGCAGCTGCAC-1,-0.10056797643315316
CXCR3-,HC,PB_2,CTCGAGGCATTGGGCC-1,-0.05365694230150083
CXCR3-,HC,PB_2,CTCGAGGGTCTACCTC-1,0.10446030753997024
CXCR3+,HC,PB_2,CTCGGAGCAGCGATCC-1,-0.10056797643315316
CXCR3-,HC,PB_2,CTCGGGAAGACCGGAT-1,-0.10056797643315316
CXCR3-,HC,PB_2,CTCGGGAAGCTAGGCA-1,-0.23667850867029722
CXCR3-,HC,PB_2,CTCGTACAGTACGCGA-1,0.18178366191373094
CXCR3-,HC,PB_2,CTCGTACCAAACGTGG-1,-0.038727829864076094
CXCR3-,HC,PB_2,CTCGTACGTATGAATG-1,-0.10056797643315316
CXCR3-,HC,PB_2,CTCGTACGTTGATTGC-1,-0.10056797643315316
CXCR3-,HC,PB_2,CTCGTCAGTTCTGAAC-1,0.020479162382261076
CXCR3-,HC,PB_2,CTCGTCATCCCTCAGT-1,-0.16972695393749396
CXCR3-,HC,PB_2,CTCGTCATCCCTCTTT-1,-0.19658140482608236
CXCR3-,HC,PB_2,CTCTAATCACTGAAGG-1,-0.10056797643315316
CXCR3+,HC,PB_2,CTCTACGAGAAACGCC-1,0.3641790144051784
CXCR3-,HC,PB_2,CTCTACGCACGTAAGG-1,-0.3154947839238731
CXCR3-,HC,PB_2,CTCTGGTAGGTAGCCA-1,0.4466309728216663
CXCR3-,HC,PB_2,CTCTGGTCAAGGTTTC-1,0.004025745439216315
CXCR3-,HC,PB_2,CTCTGGTCATGCTAGT-1,0.1515581187358508
CXCR3-,HC,PB_2,CTGAAACCAAGCCTAT-1,0.16113433956547854
CXCR3+,HC,PB_2,CTGAAACCACGGCTAC-1,0.7024282872607157
CXCR3-,HC,PB_2,CTGAAGTGTAGCCTAT-1,-0.17815319361797366
CXCR3-,HC,PB_2,CTGAAGTTCCGCATCT-1,0.1736612939753989
CXCR3-,HC,PB_2,CTGATAGAGTTCGATC-1,-0.10056797643315316
CXCR3-,HC,PB_2,CTGATAGTCAGAGGTG-1,0.1971197301856534
CXCR3-,HC,PB_2,CTGCCTAGTACAAGTA-1,-0.3364915739389897
CXCR3-,HC,PB_2,CTGCGGAAGGCTATCT-1,-0.33129492230344654
CXCR3-,HC,PB_2,CTGCGGACACGTAAGG-1,-0.10056797643315316
CXCR3-,HC,PB_2,CTGCGGAGTACAGCAG-1,-0.013402584498670735
CXCR3-,HC,PB_2,CTGCGGAGTGATGCCC-1,-0.10056797643315316
CXCR3+,HC,PB_2,CTGCGGATCGGATGGA-1,-0.2021841139182469
CXCR3-,HC,PB_2,CTGCTGTAGGGAGTAA-1,-0.5779028159013199
CXCR3-,HC,PB_2,CTGCTGTGTCTTGCGG-1,-0.10056797643315316
CXCR3-,HC,PB_2,CTGCTGTGTTCCGTCT-1,0.4330418047248425
CXCR3+,HC,PB_2,CTGCTGTGTTGCGTTA-1,-0.32080866965456634
CXCR3-,HC,PB_2,CTGGTCTCATGCCCGA-1,0.22743946351300975
CXCR3+,HC,PB_2,CTGGTCTGTTCAACCA-1,0.07443322861420872
CXCR3-,HC,PB_2,CTGGTCTTCGGAGGTA-1,0.4507259873165017
CXCR3-,HC,PB_2,CTGGTCTTCTCAAACG-1,-0.10056797643315316
CXCR3-,HC,PB_2,CTGTGCTAGTGAACAT-1,-0.36437236311131393
CXCR3-,HC,PB_2,CTGTGCTCAAACAACA-1,-0.10056797643315316
CXCR3-,HC,PB_2,CTGTTTACAGGCTCAC-1,0.010226381215731908
CXCR3-,HC,PB_2,CTGTTTAGTTGGTAAA-1,0.24890408708507625
CXCR3-,HC,PB_2,CTGTTTATCCACGCAG-1,-0.21945568906221657
CXCR3+,HC,PB_2,CTTAACTCAGGACCCT-1,0.14015110187945898
CXCR3-,HC,PB_2,CTTAACTCATTGGGCC-1,0.24193742535724252
CXCR3-,HC,PB_2,CTTACCGCACCACCAG-1,-0.11104787971411598
CXCR3-,HC,PB_2,CTTACCGTCCGTAGTA-1,-0.1992377589512877
CXCR3-,HC,PB_2,CTTAGGATCCCACTTG-1,-0.10056797643315316
CXCR3-,HC,PB_2,CTTCTCTAGGCGACAT-1,-0.1865381580965903
CXCR3-,HC,PB_2,CTTGGCTCAGGATCGA-1,-0.10056797643315316
CXCR3-,HC,PB_2,CTTGGCTCATGAACCT-1,-0.10056797643315316
CXCR3-,HC,PB_2,CTTGGCTGTAAACACA-1,0.047976614684875345
CXCR3-,HC,PB_2,CTTGGCTTCGGTTAAC-1,-0.10056797643315316
CXCR3-,HC,PB_2,CTTTGCGAGGTCGGAT-1,-0.10056797643315316
CXCR3-,HC,PB_2,CTTTGCGAGTGTGAAT-1,0.15041564324304327
CXCR3-,HC,PB_2,CTTTGCGGTACGACCC-1,0.48768317652634047
CXCR3-,HC,PB_2,CTTTGCGGTCTCACCT-1,-0.10056797643315316
CXCR3-,HC,PB_2,GAAACTCAGCCCAGCT-1,-0.10056797643315316
CXCR3-,HC,PB_2,GAAACTCAGTTGTCGT-1,-0.10056797643315316
CXCR3+,HC,PB_2,GAAACTCCATGGGACA-1,-0.11211177392134519
CXCR3+,HC,PB_2,GAAATGAAGTACGCGA-1,-0.03529666447010301
CXCR3+,HC,PB_2,GAAATGACATGCAATC-1,-0.1925536264555905
CXCR3-,HC,PB_2,GAAATGAGTACCGCTG-1,0.19741324706476857
CXCR3-,HC,PB_2,GAAATGATCTTGCAAG-1,-0.10056797643315316
CXCR3-,HC,PB_2,GAACATCGTAAGTGGC-1,0.05923660686467813
CXCR3+,HC,PB_2,GAACCTAAGCTTCGCG-1,-0.24737869520236355
CXCR3-,HC,PB_2,GAACCTACAGTTTACG-1,-0.10056797643315316
CXCR3-,HC,PB_2,GAACCTACATCCGTGG-1,-0.35568444439697794
CXCR3+,HC,PB_2,GAACCTAGTACTTCTT-1,0.16098625995929502
CXCR3-,HC,PB_2,GAATAAGCACGTCTCT-1,-0.0393465391252925
CXCR3-,HC,PB_2,GAATAAGGTGACTCAT-1,-0.10056797643315316
CXCR3-,HC,PB_2,GACAGAGCACTAAGTC-1,-0.10056797643315316
CXCR3+,HC,PB_2,GACAGAGGTAGCAAAT-1,0.1644930988204882
CXCR3-,HC,PB_2,GACAGAGGTGATGATA-1,0.05290597204211193
CXCR3+,HC,PB_2,GACAGAGTCACCTTAT-1,-0.4251616196951657
CXCR3-,HC,PB_2,GACCAATAGTGTGGCA-1,-0.10056797643315316
CXCR3-,HC,PB_2,GACCAATGTTGATTCG-1,-0.039538230404676473
CXCR3+,HC,PB_2,GACCTGGAGTGTCTCA-1,-0.40481735741546643
CXCR3-,HC,PB_2,GACCTGGTCCCTTGCA-1,-0.10056797643315316
CXCR3+,HC,PB_2,GACGCGTCAACCGCCA-1,0.1052490899637343
CXCR3-,HC,PB_2,GACGCGTCAACGCACC-1,-0.5253850738070185
CXCR3-,HC,PB_2,GACGCGTGTAAAGTCA-1,-0.10056797643315316
CXCR3-,HC,PB_2,GACGGCTAGGCGCTCT-1,-0.3746352390383971
CXCR3-,HC,PB_2,GACGGCTCACAGATTC-1,-0.22926096905767146
CXCR3+,HC,PB_2,GACGGCTCAGGTGCCT-1,0.0030573130728382297
CXCR3-,HC,PB_2,GACGGCTTCAACGCTA-1,-0.010535089864020044
CXCR3-,HC,PB_2,GACGTGCCAAGTCTAC-1,0.12413909082414594
CXCR3-,HC,PB_2,GACGTTACAGATTGCT-1,0.024781878576215468
CXCR3-,HC,PB_2,GACGTTAGTCGATTGT-1,0.09134846777016038
CXCR3-,HC,PB_2,GACTAACAGGACCACA-1,-0.26666469319373665
CXCR3-,HC,PB_2,GACTAACAGTCCGTAT-1,-0.10056797643315316
CXCR3-,HC,PB_2,GACTAACCACGTGAGA-1,-0.10056797643315316
CXCR3-,HC,PB_2,GACTAACGTCGAGTTT-1-1,0.09698844525032924
CXCR3+,HC,PB_2,GACTACAAGGCAGGTT-1,0.019230060709489818
CXCR3+,HC,PB_2,GACTACATCCGCAGTG-1,-0.006574083793623485
CXCR3-,HC,PB_2,GACTACATCTCTTATG-1,0.19830049409409728
CXCR3-,HC,PB_2,GACTGCGAGTGATCGG-1,-0.42507415021372974
CXCR3-,HC,PB_2,GAGCAGACAGGGAGAG-1,0.4367626840255167
CXCR3-,HC,PB_2,GAGCAGAGTAGCCTCG-1,-0.10056797643315316
CXCR3-,HC,PB_2,GAGCAGAGTAGCTCCG-1,-0.10056797643315316
CXCR3+,HC,PB_2,GAGCAGAGTATATGGA-1,0.048018735036168665
CXCR3-,HC,PB_2,GAGGTGAAGTCCCACG-1,-0.10056797643315316
CXCR3-,HC,PB_2,GAGGTGACACAGCGTC-1,0.05038055053573005
CXCR3-,HC,PB_2,GAGGTGAGTAAGTTCC-1,0.4416311062430319
CXCR3+,HC,PB_2,GAGTCCGGTTATCCGA-1,0.12389733027587382
CXCR3-,HC,PB_2,GAGTCCGTCCGCATCT-1,-0.10056797643315316
CXCR3-,HC,PB_2,GATCAGTAGTATTGGA-1,-0.2869705357190306
CXCR3-,HC,PB_2,GATCGATGTTTAGGAA-1,-0.10056797643315316
CXCR3-,HC,PB_2,GATCGATTCTCGAGTA-1,-0.10056797643315316
CXCR3-,HC,PB_2,GATCGCGTCATCGATG-1,0.04643779755191916
CXCR3-,HC,PB_2,GATCGTACACGCATCG-1,0.20034797136087892
CXCR3-,HC,PB_2,GATCGTACATGGATGG-1,-0.22396660753060807
CXCR3-,HC,PB_2,GATCGTAGTTACGGAG-1,0.4500802428886903
CXCR3-,HC,PB_2,GATCTAGTCGTACCGG-1,0.4383148938979023
CXCR3-,HC,PB_2,GATGAAAAGTAGCGGT-1,0.1836451532348942
CXCR3-,HC,PB_2,GATGAAAAGTGCGTGA-1,0.35294146055409925
CXCR3-,HC,PB_2,GATGAAACATGTAGTC-1,0.17825742449554718
CXCR3-,HC,PB_2,GATGCTACAAGCTGGA-1,-0.07760044886988551
CXCR3+,HC,PB_2,GATGCTACATGAACCT-1,-0.10056797643315316
CXCR3-,HC,PB_2,GATGCTAGTTTGTGTG-1,-0.1915846778761892
CXCR3-,HC,PB_2,GATGCTATCAAACCAC-1,-0.10056797643315316
CXCR3-,HC,PB_2,GATTCAGAGTCAATAG-1,-0.5651201543281215
CXCR3-,HC,PB_2,GATTCAGCATACTCTT-1,0.19111424606045269
CXCR3-,HC,PB_2,GCAAACTAGATATGCA-1,-0.25726238709562754
CXCR3+,HC,PB_2,GCAAACTAGGGTCGAT-1,-0.3856164623126613
CXCR3-,HC,PB_2,GCAAACTCATATACCG-1,-0.10056797643315316
CXCR3-,HC,PB_2,GCAATCAAGCTGCGAA-1,-0.10056797643315316
CXCR3-,HC,PB_2,GCACATAGTCATATGC-1,-0.10056797643315316
CXCR3-,HC,PB_2,GCACATAGTGCTCTTC-1,0.11580249176927063
CXCR3-,HC,PB_2,GCACTCTAGGGCACTA-1,-0.10056797643315316
CXCR3+,HC,PB_2,GCACTCTGTTCAACCA-1,-0.8418685232335645
CXCR3-,HC,PB_2,GCACTCTGTTGACGTT-1,-0.10056797643315316
CXCR3-,HC,PB_2,GCAGCCAAGATGCCAG-1,0.2778284410049635
CXCR3-,HC,PB_2,GCAGCCAGTCTCACCT-1,-0.10056797643315316
CXCR3-,HC,PB_2,GCAGCCATCGACGGAA-1,-0.10056797643315316
CXCR3-,HC,PB_2,GCAGTTACAAGTAGTA-1,0.014943822855176783
CXCR3-,HC,PB_2,GCAGTTATCCTCCTAG-1,0.038175230364567284
CXCR3-,HC,PB_2,GCATGATTCATGTAGC-1,0.16748773061975594
CXCR3-,HC,PB_2,GCATGCGGTTGTGGCC-1,-0.10056797643315316
CXCR3-,HC,PB_2,GCATGCGTCCTTGACC-1,0.008695129419899536
CXCR3-,HC,PB_2,GCATGTACACATCCGG-1,0.025177130920271375
CXCR3+,HC,PB_2,GCATGTACAGTCACTA-1,0.11489233499351326
CXCR3-,HC,PB_2,GCATGTAGTGGTCCGT-1,0.03397817762367507
CXCR3-,HC,PB_2,GCCTCTAAGCTGCGAA-1,-0.10056797643315316
CXCR3-,HC,PB_2,GCCTCTACATGATCCA-1,0.10537794079749203
CXCR3-,HC,PB_2,GCCTCTATCGACCAGC-1,0.22896530237353516
CXCR3-,HC,PB_2,GCGACCAGTTACGTCA-1,0.22829262579634715
CXCR3-,HC,PB_2,GCGAGAACACCCAGTG-1,-0.10056797643315316
CXCR3-,HC,PB_2,GCGCAACGTCAATACC-1,-0.464501129778509
CXCR3-,HC,PB_2,GCGCAACTCCAGTATG-1,-0.4724817610692151
CXCR3-,HC,PB_2,GCGCAGTAGCCAGTAG-1,0.0626605020709119
CXCR3+,HC,PB_2,GCGCAGTGTATGAAAC-1,0.4125269668811738
CXCR3-,HC,PB_2,GCGCCAACAAAGTCAA-1,-0.10056797643315316
CXCR3+,HC,PB_2,GCGCCAAGTAAACGCG-1,-0.10056797643315316
CXCR3-,HC,PB_2,GCGCCAATCACTATTC-1,-0.2775006506544626
CXCR3-,HC,PB_2,GCGCGATAGACCCACC-1,0.1538174414646534
CXCR3-,HC,PB_2,GCGCGATCAAACCTAC-1,0.4183946725867827
CXCR3-,HC,PB_2,GCGCGATTCCATGCTC-1,-0.131479749686325
CXCR3+,HC,PB_2,GCGGGTTCAGACGTAG-1,0.4322207459822597
CXCR3-,HC,PB_2,GCGGGTTCAGCGTTCG-1,-0.2417529071764226
CXCR3-,HC,PB_2,GCTCCTACAAACAACA-1,-0.25571209938885275
CXCR3-,HC,PB_2,GCTCCTAGTTGTGGAG-1,-0.10056797643315316
CXCR3-,HC,PB_2,GCTCCTATCAGCGACC-1,0.23858773129181657
CXCR3-,HC,PB_2,GCTCTGTAGATGTTAG-1,-0.04349007174403828
CXCR3-,HC,PB_2,GCTCTGTCAGTTTACG-1,0.35149348361235033
CXCR3-,HC,PB_2,GCTGCAGGTGCCTGGT-1,-0.10056797643315316
CXCR3-,HC,PB_2,GCTGCGAAGCTTATCG-1,0.39336064319228126
CXCR3-,HC,PB_2,GCTGCGACAAACTGTC-1,-0.10056797643315316
CXCR3-,HC,PB_2,GCTGCGATCATGCAAC-1,0.14643147398670298
CXCR3-,HC,PB_2,GCTGCTTAGAGGGATA-1,-0.01691308266260216
CXCR3-,HC,PB_2,GCTGCTTTCATTTGGG-1,-0.10056797643315316
CXCR3-,HC,PB_2,GCTGCTTTCGCCTGAG-1,-0.10056797643315316
CXCR3-,HC,PB_2,GCTGGGTCACACTGCG-1,0.6425942104622724
CXCR3-,HC,PB_2,GCTGGGTCATCACCCT-1,0.1295171406330015
CXCR3-,HC,PB_2,GCTTCCAAGAATAGGG-1,0.27811754691202617
CXCR3-,HC,PB_2,GCTTCCATCCCATTAT-1,-0.10056797643315316
CXCR3+,HC,PB_2,GCTTCCATCGCGTTTC-1,-0.2810678955773625
CXCR3-,HC,PB_2,GCTTGAACACCATCCT-1,0.23407234008079789
CXCR3-,HC,PB_2,GCTTGAATCTATCCTA-1,0.584259966788647
CXCR3-,HC,PB_2,GGAAAGCCAGCGTCCA-1,-0.02578837665954795
CXCR3-,HC,PB_2,GGAAAGCCAGTAAGAT-1,-0.04863151727347089
CXCR3-,HC,PB_2,GGAAAGCTCCCTAACC-1,0.4318714130320293
CXCR3-,HC,PB_2,GGAACTTCAAATTGCC-1,0.12782965310527056
CXCR3-,HC,PB_2,GGAACTTTCCTAGTGA-1,0.08075223608220515
CXCR3-,HC,PB_2,GGAATAACAAGGACTG-1,-0.3347448778442267
CXCR3-,HC,PB_2,GGAATAACATCCGCGA-1,0.23589921636148908
CXCR3-,HC,PB_2,GGAATAATCTCGCATC-1,-0.036072243535089914
CXCR3+,HC,PB_2,GGACAAGCAACTGCGC-1,-0.10056797643315316
CXCR3-,HC,PB_2,GGACAGACAACACCCG-1,-0.10056797643315316
CXCR3-,HC,PB_2,GGACAGATCAACGGCC-1,-0.10056797643315316
CXCR3-,HC,PB_2,GGACATTGTGACGCCT-1,-0.2489031693256707
CXCR3-,HC,PB_2,GGACATTGTGTTCTTT-1,0.011594720184941898
CXCR3-,HC,PB_2,GGACATTTCATTGCGA-1,-0.07489323207666808
CXCR3-,HC,PB_2,GGACATTTCTTTACGT-1,0.1042107194101322
CXCR3-,HC,PB_2,GGACGTCCACACCGCA-1,0.12955362758687589
CXCR3+,HC,PB_2,GGAGCAAAGCCAACAG-1,0.26412158534646135
CXCR3-,HC,PB_2,GGAGCAATCTGCGACG-1,-0.10056797643315316
CXCR3-,HC,PB_2,GGATGTTAGACTACAA-1,-0.10056797643315316
CXCR3-,HC,PB_2,GGCAATTCAGACGCCT-1,-0.10056797643315316
CXCR3+,HC,PB_2,GGCAATTGTCTCTTAT-1,-0.5315578652767234
CXCR3-,HC,PB_2,GGCCGATCAAACTGTC-1,-0.047875299512538015
CXCR3-,HC,PB_2,GGCCGATCATTGGTAC-1,0.43657831253975427
CXCR3-,HC,PB_2,GGCGACTAGTGTGAAT-1,0.16558507150218407
CXCR3-,HC,PB_2,GGCGACTCAATCGGTT-1,-0.3108292378682943
CXCR3-,HC,PB_2,GGCGACTGTCATTAGC-1,0.08678357909228322
CXCR3-,HC,PB_2,GGCGACTTCCTCTAGC-1,-0.11827524534048313
CXCR3-,HC,PB_2,GGCTCGAGTATATCCG-1,-0.21873328690054475
CXCR3+,HC,PB_2,GGCTGGTAGTTTGCGT-1,0.22169740556779896
CXCR3-,HC,PB_2,GGCTGGTCACGCGAAA-1,0.12509007739909497
CXCR3-,HC,PB_2,GGCTGGTCATATGAGA-1,-0.30608465268994184
CXCR3-,HC,PB_2,GGCTGGTTCCTTCAAT-1,0.45117934767011175
CXCR3-,HC,PB_2,GGGAATGAGGCCCTTG-1,-0.10056797643315316
CXCR3-,HC,PB_2,GGGAATGGTTCACGGC-1,0.17599955807609483
CXCR3-,HC,PB_2,GGGAATGTCAGAAATG-1,0.15594243885676087
CXCR3-,HC,PB_2,GGGACCTAGGATGTAT-1,-0.11313482921133895
CXCR3+,HC,PB_2,GGGACCTTCTGATACG-1,0.047438934206227655
CXCR3-,HC,PB_2,GGGAGATAGTTAACGA-1,-0.2672255589147608
CXCR3-,HC,PB_2,GGGAGATAGTTGAGAT-1,0.0025816739647410397
CXCR3-,HC,PB_2,GGGAGATGTACTTGAC-1,0.08973760201913605
CXCR3-,HC,PB_2,GGGAGATTCCAGTAGT-1,-0.10056797643315316
CXCR3-,HC,PB_2,GGGAGATTCTTGCCGT-1,0.98491548531346
CXCR3-,HC,PB_2,GGGATGAGTATCACCA-1,-0.3566541140943366
CXCR3-,HC,PB_2,GGGATGAGTCCCTTGT-1,-0.16980770904194126
CXCR3-,HC,PB_2,GGGATGATCCACGACG-1,0.29745672248600774
CXCR3-,HC,PB_2,GGGCACTAGTGTTGAA-1,-0.25983234697272
CXCR3+,HC,PB_2,GGGCACTGTCATCCCT-1,-0.5324629377793049
CXCR3-,HC,PB_2,GGGCACTTCCAGAGGA-1,0.16517998681013513
CXCR3-,HC,PB_2,GGGCATCTCACTTCAT-1,0.20654041083556018
CXCR3-,HC,PB_2,GGGTCTGAGAGCTGCA-1,-0.10056797643315316
CXCR3-,HC,PB_2,GGGTCTGCAAAGGTGC-1,-0.2561335560869099
CXCR3-,HC,PB_2,GGGTCTGCACCCATTC-1,-0.10056797643315316
CXCR3-,HC,PB_2,GGGTCTGTCGAGAGCA-1,-0.015421111228167647
CXCR3-,HC,PB_2,GGGTTGCAGAGTAAGG-1,0.09887579276103865
CXCR3-,HC,PB_2,GGGTTGCAGCCTTGAT-1,-0.10056797643315316
CXCR3-,HC,PB_2,GGGTTGCCAACCGCCA-1,0.13529943952704407
CXCR3-,HC,PB_2,GGGTTGCTCATTATCC-1,0.08139551914534936
CXCR3-,HC,PB_2,GGTATTGCACGACTCG-1,-0.10056797643315316
CXCR3-,HC,PB_2,GGTATTGTCTTCATGT-1,0.24672448968522923
CXCR3-,HC,PB_2,GGTGCGTCAACTGCTA-1,-0.10056797643315316
CXCR3-,HC,PB_2,GGTGTTATCCGTCATC-1,-0.10056797643315316
CXCR3-,HC,PB_2,GTAACGTAGAAACCGC-1,0.08899672785158239
CXCR3+,HC,PB_2,GTAACGTGTAGGGTAC-1,0.3305990591231139
CXCR3-,HC,PB_2,GTAACGTGTGAGGGTT-1,-0.3592968365000378
CXCR3-,HC,PB_2,GTAACGTTCAACACTG-1,-0.10056797643315316
CXCR3-,HC,PB_2,GTAACGTTCAGGTAAA-1,-0.023204236524892848
CXCR3+,HC,PB_2,GTACGTACATCTCGCT-1,-0.10056797643315316
CXCR3-,HC,PB_2,GTACGTATCACTGGGC-1,0.0709118601733115
CXCR3-,HC,PB_2,GTACTCCCAGTCAGCC-1,-0.1744449872696316
CXCR3-,HC,PB_2,GTACTCCGTCTAGTGT-1,-0.2645490582390989
CXCR3-,HC,PB_2,GTACTTTCACGCATCG-1,0.16695400705112476
CXCR3-,HC,PB_2,GTACTTTGTGCGAAAC-1,-0.10056797643315316
CXCR3-,HC,PB_2,GTACTTTTCACTTACT-1,0.16408729209159098
CXCR3-,HC,PB_2,GTACTTTTCCCTAACC-1,-0.4254902373345471
CXCR3-,HC,PB_2,GTACTTTTCCCTCTTT-1,-0.10056797643315316
CXCR3-,HC,PB_2,GTACTTTTCCGGCACA-1,-0.10102756005338467
CXCR3-,HC,PB_2,GTACTTTTCCTCGCAT-1,-0.3355805364284485
CXCR3-,HC,PB_2,GTACTTTTCTCTGTCG-1,-0.10056797643315316
CXCR3-,HC,PB_2,GTAGGCCAGGTGATTA-1,0.1373738313091303
CXCR3-,HC,PB_2,GTAGGCCCAACCGCCA-1,0.4346110255368317
CXCR3-,HC,PB_2,GTAGGCCCAAGTCTAC-1,0.7567842347882847
CXCR3-,HC,PB_2,GTAGGCCCAGTATCTG-1,-0.10056797643315316
CXCR3+,HC,PB_2,GTAGGCCGTCACTGGC-1,-0.08833374804077972
CXCR3-,HC,PB_2,GTAGGCCGTCTAAAGA-1,0.14587543534447553
CXCR3-,HC,PB_2,GTAGGCCTCCGAGCCA-1,-0.18327317546992722
CXCR3-,HC,PB_2,GTAGGCCTCCGGGTGT-1,-0.10056797643315316
CXCR3-,HC,PB_2,GTAGGCCTCTGGGCCA-1,0.06390668275104312
CXCR3-,HC,PB_2,GTAGTCAAGCCACGCT-1,-0.10056797643315316
CXCR3-,HC,PB_2,GTAGTCAAGGTAGCCA-1,-0.10056797643315316
CXCR3-,HC,PB_2,GTAGTCAGTTATGCGT-1,-0.10056797643315316
CXCR3-,HC,PB_2,GTATCTTCAGCTCCGA-1,0.5493035533172848
CXCR3-,HC,PB_2,GTATCTTGTAAAGTCA-1,-0.10056797643315316
CXCR3-,HC,PB_2,GTATCTTTCTGGAGCC-1,-0.04997442049383342
CXCR3+,HC,PB_2,GTCAAGTGTATATGAG-1,0.3381784423398081
CXCR3-,HC,PB_2,GTCAAGTGTCGAGATG-1,-0.19535439050620917
CXCR3-,HC,PB_2,GTCAAGTTCGGTTCGG-1,-0.10056797643315316
CXCR3-,HC,PB_2,GTCACAAAGTGCAAGC-1,-0.46744467720652233
CXCR3-,HC,PB_2,GTCACAACATAGAAAC-1,-0.12523565220499985
CXCR3+,HC,PB_2,GTCACAAGTCTAGAGG-1,-0.21813369712562838
CXCR3-,HC,PB_2,GTCACGGCAGCTGTTA-1,-0.10056797643315316
CXCR3-,HC,PB_2,GTCACGGCAGGCTGAA-1,-0.38232789000478634
CXCR3-,HC,PB_2,GTCACGGGTTCCACGG-1,-0.10056797643315316
CXCR3-,HC,PB_2,GTCATTTAGGTACTCT-1,0.17859714915150451
CXCR3-,HC,PB_2,GTCATTTCAAACGTGG-1,0.16438845170995137
CXCR3+,HC,PB_2,GTCATTTTCCCTTGTG-1,0.05942532098785131
CXCR3-,HC,PB_2,GTCCTCAAGCCCAACC-1,0.21362408152701612
CXCR3-,HC,PB_2,GTCCTCAGTGTGCGTC-1,-0.09125143885678996
CXCR3+,HC,PB_2,GTCCTCATCGTAGGAG-1,0.7859833005590442
CXCR3-,HC,PB_2,GTCGGGTAGATCCGAG-1,-0.10056797643315316
CXCR3+,HC,PB_2,GTCGGGTCACTGCCAG-1,-0.10056797643315316
CXCR3-,HC,PB_2,GTCGGGTCAGTGAGTG-1,-0.4731758920358461
CXCR3-,HC,PB_2,GTCGTAACACAGATTC-1,-0.1672412910713594
CXCR3-,HC,PB_2,GTCGTAAGTCTAAAGA-1,-0.10056797643315316
CXCR3-,HC,PB_2,GTCGTAAGTGCTTCTC-1,0.44920413126970754
CXCR3-,HC,PB_2,GTCGTAATCTGCAGTA-1,0.16704974688393737
CXCR3+,HC,PB_2,GTCTCGTAGACAAGCC-1,0.3642601117180685
CXCR3-,HC,PB_2,GTCTCGTAGATATGCA-1,-0.10056797643315316
CXCR3-,HC,PB_2,GTCTCGTGTCATACTG-1,-0.10056797643315316
CXCR3-,HC,PB_2,GTGAAGGAGATCGGGT-1,-0.3003335906126751
CXCR3-,HC,PB_2,GTGAAGGTCAATACCG-1,0.14889368822200083
CXCR3-,HC,PB_2,GTGAAGGTCAGCTGGC-1,0.44150095987268895
CXCR3-,HC,PB_2,GTGCAGCCAAGTAGTA-1,-0.31821853799580513
CXCR3+,HC,PB_2,GTGCATACAAAGCAAT-1,-0.7424476228989038
CXCR3-,HC,PB_2,GTGCATAGTGACTACT-1,-0.5570016159427117
CXCR3-,HC,PB_2,GTGCATATCGGCGCTA-1,-0.10056797643315316
CXCR3-,HC,PB_2,GTGCGGTGTCAATGTC-1,-0.28393016718729014
CXCR3-,HC,PB_2,GTGCGGTTCCGTACAA-1,-0.2448006889745944
CXCR3-,HC,PB_2,GTGCTTCAGATCCGAG-1,-0.6075110998261744
CXCR3-,HC,PB_2,GTGCTTCGTTACGCGC-1,-0.2152034871621011
CXCR3+,HC,PB_2,GTGGGTCTCACAATGC-1,-0.24236609280137694
CXCR3-,HC,PB_2,GTGTGCGAGAAGATTC-1,-0.10056797643315316
CXCR3-,HC,PB_2,GTGTGCGAGTGGTAGC-1,-0.10583420080491361
CXCR3-,HC,PB_2,GTGTGCGGTCAGAATA-1,0.22614677863947819
CXCR3-,HC,PB_2,GTGTGCGTCCACTCCA-1,-0.10056797643315316
CXCR3-,HC,PB_2,GTGTTAGCATCACGAT-1,-0.10056797643315316
CXCR3+,HC,PB_2,GTGTTAGCATGAGCGA-1,-0.10056797643315316
CXCR3-,HC,PB_2,GTGTTAGGTCTCCACT-1,-0.23372162466979823
CXCR3-,HC,PB_2,GTGTTAGTCCAAACTG-1,-0.03481559447939291
CXCR3-,HC,PB_2,GTGTTAGTCGTCTGAA-1,-0.2853224985936989
CXCR3-,HC,PB_2,GTTAAGCAGCTACCTA-1,-0.10056797643315316
CXCR3-,HC,PB_2,GTTAAGCCATACCATG-1,-0.4113217324023283
CXCR3+,HC,PB_2,GTTAAGCGTAGGGACT-1,-0.44703819268358685
CXCR3+,HC,PB_2,GTTAAGCGTCAGAATA-1,0.18117515201281792
CXCR3-,HC,PB_2,GTTAAGCGTTTGGCGC-1,0.5000509233345959
CXCR3-,HC,PB_2,GTTACAGGTAAGCACG-1,-0.10056797643315316
CXCR3-,HC,PB_2,GTTACAGGTCCTCTTG-1,-0.47856849839571164
CXCR3-,HC,PB_2,GTTCATTAGGAGTTTA-1,-0.10056797643315316
CXCR3-,HC,PB_2,GTTCATTCACATGACT-1,-0.10056797643315316
CXCR3-,HC,PB_2,GTTCATTCAGCTGTTA-1,-0.3685510128212514
CXCR3+,HC,PB_2,GTTCATTGTATAGTAG-1,-0.10056797643315316
CXCR3-,HC,PB_2,GTTCATTTCAAACCAC-1,-0.09897530333064376
CXCR3-,HC,PB_2,GTTCGGGCACGGTGTC-1,0.2051875367643888
CXCR3-,HC,PB_2,GTTCGGGCAGGGTACA-1,0.18635221221603546
CXCR3+,HC,PB_2,GTTCGGGTCTGAGGGA-1,0.05499591107161343
CXCR3+,HC,PB_2,GTTCTCGAGCCAGTTT-1,0.08296868347398977
CXCR3+,HC,PB_2,GTTCTCGAGTGTCCCG-1,0.5476681610344347
CXCR3-,HC,PB_2,GTTCTCGTCTCACATT-1,-0.5246765456821934
CXCR3-,HC,PB_2,GTTTCTAAGTATCGAA-1,-0.10056797643315316
CXCR3-,HC,PB_2,GTTTCTACAAACCTAC-1,0.2508220585164507
CXCR3-,HC,PB_2,GTTTCTACAGGGAGAG-1,0.2030628265292738
CXCR3+,HC,PB_2,GTTTCTATCAGCTCTC-1,0.1642681592942268
CXCR3-,HC,PB_2,TAAACCGCACTACAGT-1,-0.057673694147900724
CXCR3-,HC,PB_2,TAAGAGAAGTAGGCCA-1,0.23440489057094022
CXCR3-,HC,PB_2,TAAGAGAGTGTGACCC-1,-0.32357583122846656
CXCR3-,HC,PB_2,TAAGCGTAGCTAACAA-1,-0.10056797643315316
CXCR3-,HC,PB_2,TAAGCGTAGGAGCGAG-1,-0.10056797643315316
CXCR3-,HC,PB_2,TAAGCGTCATACTCTT-1,-0.20889088501116998
CXCR3-,HC,PB_2,TAAGCGTGTAGGGACT-1,0.11393499279839936
CXCR3+,HC,PB_2,TAAGCGTTCCGCGCAA-1,-0.18999703289254719
CXCR3-,HC,PB_2,TAAGCGTTCGGAATCT-1,0.13413571194155924
CXCR3+,HC,PB_2,TAAGCGTTCGTCTGAA-1,-0.2729711484384932
CXCR3+,HC,PB_2,TAAGTGCGTAGATTAG-1,-0.22106365815196627
CXCR3-,HC,PB_2,TAAGTGCGTCAAAGAT-1,0.46942553412790483
CXCR3+,HC,PB_2,TAAGTGCTCATGGTCA-1,-0.012390159285226207
CXCR3-,HC,PB_2,TACACGATCGGCCGAT-1,-0.10056797643315316
CXCR3-,HC,PB_2,TACAGTGAGGATCGCA-1,-0.07740027352732846
CXCR3-,HC,PB_2,TACCTATCATGACGGA-1,-0.15840807057088963
CXCR3+,HC,PB_2,TACCTATGTTAAAGTG-1,-0.11826149544795549
CXCR3-,HC,PB_2,TACCTATTCAGGCCCA-1,0.13323667771340128
CXCR3-,HC,PB_2,TACCTATTCCTCCTAG-1,-0.4599873924287663
CXCR3+,HC,PB_2,TACCTTACAAAGAATC-1,-0.10056797643315316
CXCR3-,HC,PB_2,TACCTTATCTGGTGTA-1,0.65036065541067
CXCR3-,HC,PB_2,TACGGATAGGTGATTA-1,-0.10056797643315316
CXCR3+,HC,PB_2,TACGGATCAGACAAGC-1,-0.27324525082958545
CXCR3-,HC,PB_2,TACGGATGTCATCGGC-1,-0.10056797643315316
CXCR3-,HC,PB_2,TACGGATGTTGGAGGT-1,-0.10056797643315316
CXCR3+,HC,PB_2,TACGGGCAGAGGTAGA-1,-0.10056797643315316
CXCR3-,HC,PB_2,TACGGGCAGCTCCCAG-1,-0.10056797643315316
CXCR3-,HC,PB_2,TACGGGCAGGTAGCTG-1,-0.26784544957600925
CXCR3-,HC,PB_2,TACGGTAAGACACTAA-1,-0.0915191822893808
CXCR3-,HC,PB_2,TACGGTAAGCTCCTTC-1,0.1704143509170922
CXCR3-,HC,PB_2,TACGGTACAAATACAG-1,-0.10056797643315316
CXCR3-,HC,PB_2,TACTCATCAGCTGTAT-1,0.1406132964533471
CXCR3-,HC,PB_2,TACTCGCCACCGAAAG-1,-0.3640304844450612
CXCR3-,HC,PB_2,TACTCGCCATCCCACT-1,-0.2243465132709832
CXCR3-,HC,PB_2,TACTTACAGAAACCGC-1,0.25312597545721705
CXCR3+,HC,PB_2,TACTTACAGGACATTA-1,0.05463510765284076
CXCR3-,HC,PB_2,TACTTACTCAACGAAA-1,-0.10910596172398612
CXCR3-,HC,PB_2,TACTTACTCCTTTACA-1,-0.10056797643315316
CXCR3+,HC,PB_2,TACTTGTAGATAGCAT-1,-0.07258675810826097
CXCR3-,HC,PB_2,TACTTGTAGTATCTCG-1,-0.24962809228236374
CXCR3-,HC,PB_2,TACTTGTCATCTCGCT-1,-0.10056797643315316
CXCR3-,HC,PB_2,TACTTGTGTACCAGTT-1,0.1998429334756393
CXCR3-,HC,PB_2,TACTTGTGTGCGATAG-1,-0.10056797643315316
CXCR3-,HC,PB_2,TACTTGTTCCTATTCA-1,-0.10056797643315316
CXCR3-,HC,PB_2,TACTTGTTCCTCCTAG-1,-0.10056797643315316
CXCR3-,HC,PB_2,TAGACCAGTCTAGCGC-1,-0.10056797643315316
CXCR3-,HC,PB_2,TAGACCAGTCTGCAAT-1,-0.1976918342527743
CXCR3+,HC,PB_2,TAGAGCTCACTGTTAG-1,-0.10934204658072122
CXCR3-,HC,PB_2,TAGAGCTGTGGCCCTA-1,0.16490923588821507
CXCR3-,HC,PB_2,TAGAGCTTCCAATGGT-1,0.08830326962621125
CXCR3-,HC,PB_2,TAGCCGGAGTCCGGTC-1,-0.10056797643315316
CXCR3-,HC,PB_2,TAGCCGGAGTTCGCAT-1,-0.40057715735206273
CXCR3-,HC,PB_2,TAGCCGGCAGCATGAG-1,0.03706860853970435
CXCR3-,HC,PB_2,TAGCCGGTCGTAGGTT-1,-0.10056797643315316
CXCR3-,HC,PB_2,TAGGCATAGCGATATA-1,-0.10056797643315316
CXCR3-,HC,PB_2,TAGGCATGTTGTTTGG-1,-0.10056797643315316
CXCR3+,HC,PB_2,TAGTGGTAGGTAAACT-1,-0.10056797643315316
CXCR3-,HC,PB_2,TAGTGGTTCTCTTGAT-1,-0.10056797643315316
CXCR3-,HC,PB_2,TAGTTGGCACCAGGCT-1,-0.20416715718347664
CXCR3-,HC,PB_2,TAGTTGGCATTCACTT-1,0.06849113968876021
CXCR3-,HC,PB_2,TAGTTGGGTGCGATAG-1,0.1389924737028411
CXCR3+,HC,PB_2,TAGTTGGTCACTTACT-1,-0.11148356816462558
CXCR3+,HC,PB_2,TATCAGGTCTGAGGGA-1,-0.33346876178280194
CXCR3-,HC,PB_2,TATCTCAAGATCCCAT-1,0.19437085080748615
CXCR3+,HC,PB_2,TATCTCAAGTGAAGAG-1,-0.10056797643315316
CXCR3-,HC,PB_2,TATGCCCCAACGATGG-1,0.6464942916053127
CXCR3-,HC,PB_2,TATGCCCCAATCCGAT-1,-0.10056797643315316
CXCR3-,HC,PB_2,TATGCCCGTAAGAGGA-1,-0.2899771815178724
CXCR3-,HC,PB_2,TATGCCCTCCGCTGTT-1,-0.23734148524869822
CXCR3-,HC,PB_2,TATGCCCTCGGCGGTT-1,0.0964582004314112
CXCR3-,HC,PB_2,TATTACCTCAGCAACT-1,0.36383651043088083
CXCR3-,HC,PB_2,TCAACGAAGCTCCCAG-1,-0.10056797643315316
CXCR3-,HC,PB_2,TCAACGACAGTGGAGT-1,0.21714092928975154
CXCR3-,HC,PB_2,TCAACGAGTCAAACTC-1,-0.025272078758155705
CXCR3+,HC,PB_2,TCAACGAGTCGAACAG-1,-0.27035063995819686
CXCR3-,HC,PB_2,TCAACGATCCTTAATC-1,-0.3212734910414255
CXCR3-,HC,PB_2,TCAATCTAGCGTTGCC-1,-0.008862942167860972
CXCR3+,HC,PB_2,TCAATCTAGGTGCACA-1,-0.10056797643315316
CXCR3-,HC,PB_2,TCAATCTCAATGGACG-1,-0.33985624639340445
CXCR3-,HC,PB_2,TCAATCTGTTCCACAA-1,-0.10056797643315316
CXCR3-,HC,PB_2,TCAATCTTCACGCATA-1,0.14627581931976869
CXCR3-,HC,PB_2,TCACAAGAGCTCAACT-1,-0.3488466178660245
CXCR3-,HC,PB_2,TCACAAGCATACTCTT-1,-0.10056797643315316
CXCR3+,HC,PB_2,TCACAAGCATTGTGCA-1,-0.10056797643315316
CXCR3-,HC,PB_2,TCACAAGGTGATGATA-1-1,-0.10056797643315316
CXCR3-,HC,PB_2,TCACAAGTCAATCTCT-1,-0.22773562232820987
CXCR3+,HC,PB_2,TCAGATGAGTGAAGAG-1,0.01932331591145347
CXCR3-,HC,PB_2,TCAGATGGTGAGCGAT-1,-0.10056797643315316
CXCR3-,HC,PB_2,TCAGCAAAGTCTCCTC-1,-0.08299503286626249
CXCR3-,HC,PB_2,TCAGCTCGTACTCGCG-1,0.5253852340973928
CXCR3-,HC,PB_2,TCAGCTCGTAGGAGTC-1,-0.10056797643315316
CXCR3-,HC,PB_2,TCAGCTCGTTGTCGCG-1,0.5908376543443801
CXCR3-,HC,PB_2,TCAGCTCTCAGCACAT-1,-0.10056797643315316
CXCR3-,HC,PB_2,TCAGCTCTCCATGAAC-1,-0.10056797643315316
CXCR3-,HC,PB_2,TCAGCTCTCCGTCATC-1,-0.039100028084647236
CXCR3-,HC,PB_2,TCAGCTCTCGCCTGAG-1,-0.001141819228132977
CXCR3-,HC,PB_2,TCAGGATAGTGCCAGA-1,-0.2064289008405012
CXCR3-,HC,PB_2,TCAGGATCACCAGGCT-1,-0.10056797643315316
CXCR3-,HC,PB_2,TCAGGATGTAAGGGCT-1,-0.33090888643748634
CXCR3-,HC,PB_2,TCAGGATGTCAAACTC-1-1,0.0785808661734364
CXCR3+,HC,PB_2,TCAGGTAGTGCAACTT-1,-0.42635031580357624
CXCR3-,HC,PB_2,TCATTACGTGACCAAG-1,0.7104533354267416
CXCR3-,HC,PB_2,TCATTTGCACCAGCAC-1,-0.10056797643315316
CXCR3-,HC,PB_2,TCATTTGGTGACGGTA-1,-0.45153283132129624
CXCR3+,HC,PB_2,TCCACACGTAAAGTCA-1,-0.10056797643315316
CXCR3-,HC,PB_2,TCCACACTCCTATGTT-1,-0.026945273014816768
CXCR3-,HC,PB_2,TCCCGATGTGTGGTTT-1,0.1733850019535422
CXCR3-,HC,PB_2,TCGAGGCCATATACGC-1,-0.10056797643315316
CXCR3-,HC,PB_2,TCGAGGCTCTCGTATT-1,-0.06276192452028713
CXCR3-,HC,PB_2,TCGCGAGCACCATGTA-1,-0.3809961080606996
CXCR3-,HC,PB_2,TCGCGTTTCTCGCTTG-1,-0.10056797643315316
CXCR3-,HC,PB_2,TCGGGACGTTTGACAC-1,-0.10056797643315316
CXCR3-,HC,PB_2,TCGGGACTCGTTTATC-1,-0.11011282153381774
CXCR3-,HC,PB_2,TCGGTAACAAGTAGTA-1,0.11086875481694672
CXCR3-,HC,PB_2,TCGGTAACAGTAACGG-1,0.46810390320369716
CXCR3-,HC,PB_2,TCGTACCAGAGATGAG-1,-0.22268587105520224
CXCR3-,HC,PB_2,TCGTACCAGCTGAACG-1,-0.21483224472059584
CXCR3-,HC,PB_2,TCGTACCCACACCGCA-1,0.0977896249357064
CXCR3-,HC,PB_2,TCGTACCCATCCCATC-1,-0.10056797643315316
CXCR3-,HC,PB_2,TCGTAGATCTACTATC-1,0.2547793174510032
CXCR3-,HC,PB_2,TCTCATAAGCCTATGT-1,0.9409834461087667
CXCR3-,HC,PB_2,TCTCATAAGGCATGTG-1,-0.10056797643315316
CXCR3-,HC,PB_2,TCTCTAAAGCATCATC-1,-0.18231440573910856
CXCR3-,HC,PB_2,TCTCTAAAGGATGTAT-1,-0.17719913057303627
CXCR3+,HC,PB_2,TCTCTAAAGTGTACCT-1,-0.10056797643315316
CXCR3-,HC,PB_2,TCTCTAAGTCTCTTAT-1,-0.26808376846859694
CXCR3-,HC,PB_2,TCTCTAAGTTAGATGA-1,-0.10056797643315316
CXCR3-,HC,PB_2,TCTGAGAAGTTAACGA-1,-0.20335362396844722
CXCR3-,HC,PB_2,TCTGGAAAGGCGATAC-1,0.030300565628169605
CXCR3-,HC,PB_2,TCTGGAAAGTGTTGAA-1,0.24923100660588032
CXCR3-,HC,PB_2,TCTTCGGAGACAGAGA-1-1,0.0626996585714236
CXCR3-,HC,PB_2,TCTTCGGAGCATCATC-1,-0.005150815840894195
CXCR3-,HC,PB_2,TCTTCGGAGGCAAAGA-1,-0.19140681375838353
CXCR3-,HC,PB_2,TCTTCGGAGGGATCTG-1,0.021052981716870662
CXCR3-,HC,PB_2,TCTTCGGGTGGCGAAT-1,-0.04981910229855567
CXCR3-,HC,PB_2,TCTTCGGTCGACCAGC-1,-0.10056797643315316
CXCR3-,HC,PB_2,TCTTTCCCAGACACTT-1,0.14809476715211606
CXCR3-,HC,PB_2,TCTTTCCTCTTGAGAC-1,0.1918141596990617
CXCR3+,HC,PB_2,TGAAAGACACGGATAG-1,0.46123375634840397
CXCR3-,HC,PB_2,TGAAAGACAGACTCGC-1,-0.10056797643315316
CXCR3-,HC,PB_2,TGAAAGAGTACTCGCG-1,-0.10056797643315316
CXCR3-,HC,PB_2,TGAAAGATCCAGTAGT-1,-0.10056797643315316
CXCR3-,HC,PB_2,TGACAACAGAGGGATA-1,0.1081610495319528
CXCR3-,HC,PB_2,TGACAACAGATCCGAG-1,0.09363129589670183
CXCR3-,HC,PB_2,TGACAACGTTTGGGCC-1,-0.10056797643315316
CXCR3-,HC,PB_2,TGACAACTCCCAAGTA-1,0.03449744008798087
CXCR3-,HC,PB_2,TGACGGCGTAAGTGGC-1,-0.15526828327216563
CXCR3-,HC,PB_2,TGACTAGAGGGTCGAT-1,-0.10056797643315316
CXCR3-,HC,PB_2,TGACTAGTCACAGGCC-1,0.05080699383911009
CXCR3-,HC,PB_2,TGACTAGTCAGGATCT-1,-0.413545411497534
CXCR3-,HC,PB_2,TGACTAGTCGTTGACA-1,0.3509787699529799
CXCR3-,HC,PB_2,TGACTAGTCTCGATGA-1,-0.18406810035920212
CXCR3-,HC,PB_2,TGACTAGTCTGACCTC-1,0.4002143098577823
CXCR3-,HC,PB_2,TGACTTTAGAATTGTG-1,-0.10056797643315316
CXCR3-,HC,PB_2,TGACTTTAGGCAATTA-1,0.08895578256621405
CXCR3-,HC,PB_2,TGACTTTCACATGGGA-1,-0.2698104906876879
CXCR3-,HC,PB_2,TGACTTTGTCTCCATC-1,0.006895327537447593
CXCR3+,HC,PB_2,TGACTTTTCACGAAGG-1,0.08390670774635067
CXCR3-,HC,PB_2,TGAGAGGGTATCTGCA-1,-0.13063196213568687
CXCR3-,HC,PB_2,TGAGAGGTCACCTCGT-1,0.07913599766584409
CXCR3-,HC,PB_2,TGAGCATGTGACAAAT-1,0.46383241490248356
CXCR3+,HC,PB_2,TGAGCATTCCACGCAG-1,0.08750688240830441
CXCR3-,HC,PB_2,TGAGCCGAGCACGCCT-1,-0.7705939792349447
CXCR3-,HC,PB_2,TGAGCCGCAATGACCT-1,-0.10056797643315316
CXCR3-,HC,PB_2,TGAGCCGCATTAGGCT-1,-0.01423448393988297
CXCR3-,HC,PB_2,TGAGCCGGTTGACGTT-1,0.3025456670350268
CXCR3-,HC,PB_2,TGATTTCCATCTGGTA-1,0.17025146678895892
CXCR3-,HC,PB_2,TGATTTCTCTTGAGGT-1,-0.2958120567018479
CXCR3-,HC,PB_2,TGCACCTAGTCACGCC-1,-0.10056797643315316
CXCR3-,HC,PB_2,TGCACCTCATACCATG-1,-0.22361307090470647
CXCR3-,HC,PB_2,TGCACCTTCGATGAGG-1,-0.562686593277934
CXCR3-,HC,PB_2,TGCCAAACACCCATGG-1,-0.0949626122416503
CXCR3-,HC,PB_2,TGCCAAACATCCTTGC-1,-0.10056797643315316
CXCR3-,HC,PB_2,TGCCCATGTGCGAAAC-1,-0.10056797643315316
CXCR3+,HC,PB_2,TGCCCATGTTTAAGCC-1,-0.10056797643315316
CXCR3-,HC,PB_2,TGCCCTATCAAACCGT-1,0.17962019992189848
CXCR3-,HC,PB_2,TGCCCTATCCGGGTGT-1,-0.21367427633611133
CXCR3+,HC,PB_2,TGCGCAGCAATGTTGC-1,-0.031417473702447886
CXCR3-,HC,PB_2,TGCGGGTAGAGTACCG-1,-0.21787924831731864
CXCR3-,HC,PB_2,TGCGGGTTCCTGCCAT-1,-0.10056797643315316
CXCR3-,HC,PB_2,TGCGTGGGTTCCACAA-1,0.3461213021506477
CXCR3-,HC,PB_2,TGCGTGGTCCAAACTG-1,0.4410179964374163
CXCR3-,HC,PB_2,TGCTACCAGGCGCTCT-1,-0.10056797643315316
CXCR3-,HC,PB_2,TGCTACCCACGGACAA-1,0.1955381590671458
CXCR3-,HC,PB_2,TGCTACCCAGAGTGTG-1,0.27923887473251313
CXCR3-,HC,PB_2,TGCTACCGTATGCTTG-1,0.1248536251250473
CXCR3-,HC,PB_2,TGCTACCGTCTTTCAT-1,-0.08522310773678375
CXCR3-,HC,PB_2,TGCTGCTAGTTTAGGA-1,-0.10056797643315316
CXCR3-,HC,PB_2,TGGACGCAGCTACCTA-1,0.34725465573579173
CXCR3-,HC,PB_2,TGGCCAGTCCAGAAGG-1,-0.171815456943216
CXCR3+,HC,PB_2,TGGCCAGTCTGGAGCC-1,0.03073594608606386
CXCR3-,HC,PB_2,TGGCGCAAGCCACGCT-1,0.31517310931173104
CXCR3-,HC,PB_2,TGGCGCACACGTGAGA-1,-0.4059721060369796
CXCR3-,HC,PB_2,TGGCGCAGTTTAAGCC-1,-0.10056797643315316
CXCR3-,HC,PB_2,TGGCTGGGTCGACTGC-1,0.07532869431343947
CXCR3-,HC,PB_2,TGGGAAGAGACTGGGT-1,-0.10056797643315316
CXCR3-,HC,PB_2,TGGGAAGAGCCCAGCT-1,-0.10056797643315316
CXCR3+,HC,PB_2,TGGGAAGTCAAACGGG-1,-0.46441402781978003
CXCR3-,HC,PB_2,TGGGCGTAGTGGAGTC-1,-0.10056797643315316
CXCR3+,HC,PB_2,TGGGCGTTCTCTGCTG-1,-0.10056797643315316
CXCR3-,HC,PB_2,TGGTTAGGTACCGTTA-1,-0.20504843408259313
CXCR3-,HC,PB_2,TGGTTCCAGACGCACA-1,0.10035492637649093
CXCR3-,HC,PB_2,TGGTTCCAGTTCCACA-1,-0.10056797643315316
CXCR3-,HC,PB_2,TGGTTCCGTGTTGAGG-1,-0.10056797643315316
CXCR3-,HC,PB_2,TGGTTCCGTTATCGGT-1,0.06724267127504503
CXCR3-,HC,PB_2,TGGTTCCGTTGGTTTG-1,-0.10056797643315316
CXCR3-,HC,PB_2,TGGTTCCTCTTAGAGC-1,-0.10056797643315316
CXCR3-,HC,PB_2,TGTATTCAGACGACGT-1,0.14351262953477567
CXCR3-,HC,PB_2,TGTATTCGTCGAGATG-1,0.08114684227458015
CXCR3-,HC,PB_2,TGTATTCGTTAGGGTG-1,-0.10056797643315316
CXCR3-,HC,PB_2,TGTCCCAAGATCCCAT-1,-0.2834337599475469
CXCR3-,HC,PB_2,TGTCCCACAGTAACGG-1,0.10851519702519596
CXCR3-,HC,PB_2,TGTCCCATCCACGACG-1,-0.22265259037303917
CXCR3-,HC,PB_2,TGTGGTACAAGAAGAG-1,0.08600110264326474
CXCR3-,HC,PB_2,TGTGGTAGTGCCTGCA-1,0.14500763356441906
CXCR3-,HC,PB_2,TGTGGTAGTTGTACAC-1,0.18289729628965906
CXCR3-,HC,PB_2,TGTGTTTGTAAGAGAG-1,-0.24775553375143916
CXCR3-,HC,PB_2,TGTGTTTGTGTGAATA-1,0.045429000131287825
CXCR3-,HC,PB_2,TGTGTTTTCGCGTAGC-1,0.12102433706554509
CXCR3-,HC,PB_2,TGTTCCGCAATACGCT-1,-0.30592503608763916
CXCR3+,HC,PB_2,TGTTCCGCACGACTCG-1,-0.350115192870108
CXCR3-,HC,PB_2,TGTTCCGGTAGCGTCC-1,0.143364947457012
CXCR3-,HC,PB_2,TGTTCCGGTCGCCATG-1,0.05468121033477068
CXCR3+,HC,PB_2,TGTTCCGTCTCACATT-1,-0.10056797643315316
CXCR3-,HC,PB_2,TTAACTCAGATCCCAT-1,0.059336708640999214
CXCR3-,HC,PB_2,TTAACTCTCGCATGGC-1,0.24637887504753023
CXCR3-,HC,PB_2,TTAACTCTCTAAGCCA-1,-0.10056797643315316
CXCR3-,HC,PB_2,TTAGGACGTGGGTATG-1,-0.1627990439758112
CXCR3-,HC,PB_2,TTAGGACTCTCGGACG-1,0.11446494329889768
CXCR3-,HC,PB_2,TTAGGCACAGACGCAA-1,0.08866018240661924
CXCR3-,HC,PB_2,TTAGGCACATCGGGTC-1,-0.10056797643315316
CXCR3-,HC,PB_2,TTAGGCATCCAGTAGT-1,0.059405003071081604
CXCR3-,HC,PB_2,TTAGTTCCAGGACCCT-1,-0.10056797643315316
CXCR3-,HC,PB_2,TTATGCTAGTGGAGTC-1,0.27401153960290164
CXCR3-,HC,PB_2,TTATGCTGTCGACTAT-1,0.22127788599880857
CXCR3-,HC,PB_2,TTCCCAGCACCGCTAG-1,0.6241208368372131
CXCR3+,HC,PB_2,TTCCCAGCAGCTTCGG-1,-0.11123845598297354
CXCR3-,HC,PB_2,TTCCCAGTCAGGTAAA-1,-0.10056797643315316
CXCR3-,HC,PB_2,TTCGAAGAGCTCAACT-1,0.28065920941690153
CXCR3-,HC,PB_2,TTCGAAGAGGAATGGA-1,0.15628805396073522
CXCR3+,HC,PB_2,TTCGAAGCAGTCTTCC-1,0.21840548931082107
CXCR3-,HC,PB_2,TTCGAAGGTAGCGTAG-1,0.2688821862852396
CXCR3-,HC,PB_2,TTCGGTCAGAGTGAGA-1,-0.10056797643315316
CXCR3-,HC,PB_2,TTCGGTCGTACCAGTT-1,0.0873607231095539
CXCR3+,HC,PB_2,TTCGGTCGTTAGATGA-1,-0.3272864201773298
CXCR3-,HC,PB_2,TTCTACAAGGTTACCT-1,0.1312671892850645
CXCR3-,HC,PB_2,TTCTACACAATGTTGC-1,-0.10056797643315316
CXCR3-,HC,PB_2,TTCTACAGTAGAAAGG-1,0.34454278308452135
CXCR3+,HC,PB_2,TTCTACATCATGTCCC-1,-0.10056797643315316
CXCR3-,HC,PB_2,TTCTCAACACGGTGTC-1,-0.10056797643315316
CXCR3-,HC,PB_2,TTCTCAATCGGCTACG-1,-0.2082878699289394
CXCR3-,HC,PB_2,TTCTCCTCATTGGGCC-1,-0.36376604866982903
CXCR3-,HC,PB_2,TTCTCCTGTTGATTGC-1,-0.10056797643315316
CXCR3+,HC,PB_2,TTCTTAGGTACGACCC-1,-0.13009696689310563
CXCR3-,HC,PB_2,TTGAACGAGAATGTTG-1,0.3082847353004153
CXCR3-,HC,PB_2,TTGAACGCAGGTTTCA-1,0.5143590221012295
CXCR3-,HC,PB_2,TTGAACGTCCGTCATC-1,0.061054508149239815
CXCR3-,HC,PB_2,TTGACTTAGCTAACTC-1,-0.11363274197335714
CXCR3-,HC,PB_2,TTGACTTCAATGTTGC-1,0.10380699754389003
CXCR3-,HC,PB_2,TTGACTTCAGGGTATG-1,-0.10056797643315316
CXCR3-,HC,PB_2,TTGACTTGTCTCGTTC-1,0.17686438140026356
CXCR3-,HC,PB_2,TTGACTTGTGAGCGAT-1,-0.30415856763488247
CXCR3-,HC,PB_2,TTGACTTGTTTGGCGC-1,-0.10056797643315316
CXCR3-,HC,PB_2,TTGACTTTCCTCAACC-1,-0.10056797643315316
CXCR3-,HC,PB_2,TTGCCGTTCGCATGAT-1,0.1387228948698759
CXCR3-,HC,PB_2,TTGCGTCAGATATACG-1,-0.10056797643315316
CXCR3-,HC,PB_2,TTGCGTCGTACCATCA-1,-0.10056797643315316
CXCR3-,HC,PB_2,TTGCGTCGTAGCTCCG-1,-0.10056797643315316
CXCR3-,HC,PB_2,TTGCGTCGTGGGTCAA-1,-0.10056797643315316
CXCR3-,HC,PB_2,TTGGAACGTTGTCGCG-1,-0.10056797643315316
CXCR3-,HC,PB_2,TTGGAACTCTTGCCGT-1,0.6241208368372131
CXCR3-,HC,PB_2,TTGGCAAAGGAGTCTG-1,-0.10056797643315316
CXCR3-,HC,PB_2,TTGGCAAGTTCCCTTG-1,-0.20651651744102864
CXCR3-,HC,PB_2,TTGGCAATCTGAGTGT-1,-0.39730988371797327
CXCR3+,HC,PB_2,TTGTAGGCATACTACG-1,-0.1490817880562429
CXCR3-,HC,PB_2,TTGTAGGCATCCGTGG-1,-0.10056797643315316
CXCR3-,HC,PB_2,TTGTAGGGTCGAATCT-1,-0.22350811600876733
CXCR3-,HC,PB_2,TTGTAGGTCGAATGCT-1,0.04649407494846825
CXCR3-,HC,PB_2,TTTACTGAGATAGGAG-1,0.13181777372465878
CXCR3+,HC,PB_2,TTTACTGCAATGACCT-1,-0.011663657536370902
CXCR3-,HC,PB_2,TTTACTGTCATTCACT-1,0.15572880304516376
CXCR3-,HC,PB_2,TTTATGCAGCGTTCCG-1,0.09524882691983975
CXCR3-,HC,PB_2,TTTATGCGTGAGGGAG-1,-0.10056797643315316
CXCR3-,HC,PB_2,TTTATGCTCACCCGAG-1,-0.2707613427731693
CXCR3-,HC,PB_2,TTTATGCTCGGACAAG-1,-0.3764222702377292
CXCR3-,HC,PB_2,TTTCCTCCATCCGGGT-1,0.19251244723419886
CXCR3-,HC,PB_2,TTTCCTCTCTAACCGA-1,-0.10056797643315316
CXCR3-,HC,PB_2,TTTGCGCAGTGTCCCG-1,-0.10056797643315316
CXCR3-,HC,PB_2,TTTGCGCCACCGTTGG-1,-0.16115705561068636
CXCR3-,HC,PB_2,TTTGCGCCAGCTCGCA-1,-0.10056797643315316
CXCR3-,HC,PB_2,TTTGCGCCATCGGACC-1,0.35289021037433377
CXCR3-,HC,PB_2,TTTGCGCGTAATTGGA-1,0.14323798329920118
CXCR3-,HC,PB_2,TTTGCGCGTCGCCATG-1,-0.10056797643315316
CXCR3-,HC,PB_2,TTTGCGCTCTATCCTA-1,-0.10056797643315316
CXCR3-,HC,PB_2,TTTGGTTAGGACGAAA-1,0.21374322633969303
CXCR3-,HC,PB_2,TTTGGTTTCCACGTGG-1,-0.5718942818778732
CXCR3-,HC,PB_2,TTTGGTTTCCTGCCAT-1,-0.10056797643315316
CXCR3-,HC,PB_2,TTTGGTTTCGCAAACT-1,-0.10056797643315316
CXCR3-,HC,PB_2,TTTGTCACAAGGTTCT-1,-0.20879622715206908
CXCR3-,HC,PB_2,TTTGTCAGTCGGGTCT-1,-0.10056797643315316
CXCR3-,HC,PB_3,AAACCTGAGTTCCACA-1,-0.10056797643315316
CXCR3-,HC,PB_3,AAACCTGTCTGCCAGG-1,0.3127339706679851
CXCR3+,HC,PB_3,AAACGGGCAAGCCTAT-1,0.5791616138260435
CXCR3+,HC,PB_3,AAACGGGCACCATCCT-1,0.3778998890668511
CXCR3-,HC,PB_3,AAACGGGCACCGAAAG-1,0.02919590484166688
CXCR3+,HC,PB_3,AAACGGGCACGTAAGG-1,-0.050833585417657624
CXCR3-,HC,PB_3,AAACGGGCAGTAAGAT-1,-0.10056797643315316
CXCR3-,HC,PB_3,AAACGGGTCTAACGGT-1,0.4711234215785333
CXCR3-,HC,PB_3,AAACGGGTCTCAAGTG-1,-0.274631267898639
CXCR3-,HC,PB_3,AAACGGGTCTGGTTCC-1,-0.10056797643315316
CXCR3-,HC,PB_3,AAAGATGAGCCAGAAC-1,-0.10056797643315316
CXCR3+,HC,PB_3,AAAGATGCACAGCCCA-1,0.0694727750511327
CXCR3-,HC,PB_3,AAAGATGGTGTGGCTC-1,-0.5365148132916046
CXCR3-,HC,PB_3,AAAGCAAAGTCGCCGT-1,0.1864499358029072
CXCR3-,HC,PB_3,AAAGCAAAGTGTCCAT-1,0.02428840493777548
CXCR3-,HC,PB_3,AAAGTAGAGGATGGTC-1,0.11604568831527329
CXCR3-,HC,PB_3,AAAGTAGGTTCGCTAA-1,0.2844718656623568
CXCR3+,HC,PB_3,AACACGTCATACGCCG-1,-0.10056797643315316
CXCR3-,HC,PB_3,AACACGTGTGCTGTAT-1-1,-0.10056797643315316
CXCR3-,HC,PB_3,AACACGTTCGACCAGC-1,0.2513035786017594
CXCR3-,HC,PB_3,AACCATGAGACGACGT-1,-0.2641969604072568
CXCR3-,HC,PB_3,AACCATGGTTACTGAC-1,-0.29506749918821573
CXCR3-,HC,PB_3,AACCGCGAGGTTACCT-1,0.1501990657325662
CXCR3-,HC,PB_3,AACCGCGCAGGATTGG-1,-0.10056797643315316
CXCR3-,HC,PB_3,AACCGCGGTATGAAAC-1,-0.10056797643315316
CXCR3-,HC,PB_3,AACCGCGGTGCAGGTA-1,0.44237921963537363
CXCR3-,HC,PB_3,AACGTTGAGTAACCCT-1,-0.10056797643315316
CXCR3-,HC,PB_3,AACGTTGCACCATCCT-1,0.13262929901709195
CXCR3-,HC,PB_3,AACGTTGCAGACTCGC-1,0.19291282118217973
CXCR3+,HC,PB_3,AACGTTGTCCACGAAT-1,0.4225217163438696
CXCR3-,HC,PB_3,AACGTTGTCTTTACAC-1,0.0073337546809004095
CXCR3-,HC,PB_3,AACTCAGCACGAAGCA-1,0.0913214291727293
CXCR3+,HC,PB_3,AACTCAGGTGTGAATA-1,0.1470875547734661
CXCR3-,HC,PB_3,AACTCCCCACGGCCAT-1,-0.10056797643315316
CXCR3-,HC,PB_3,AACTCCCCACGTTGGC-1,-0.10056797643315316
CXCR3-,HC,PB_3,AACTCCCCAGGCGATA-1,0.050819527280273155
CXCR3+,HC,PB_3,AACTCCCGTAAGGGCT-1,-0.03709849366052611
CXCR3-,HC,PB_3,AACTCCCGTGTCCTCT-1,-0.10056797643315316
CXCR3-,HC,PB_3,AACTCCCGTTCTCATT-1,0.19293104870047656
CXCR3-,HC,PB_3,AACTCCCTCACTCTTA-1,-0.027739036226710843
CXCR3-,HC,PB_3,AACTCTTAGATGAGAG-1,0.27772596228117863
CXCR3-,HC,PB_3,AACTGGTAGTGTTAGA-1,-0.10056797643315316
CXCR3-,HC,PB_3,AACTGGTCAGTCGTGC-1,-0.10056797643315316
CXCR3-,HC,PB_3,AACTGGTTCTGCGTAA-1,-0.2507722781278886
CXCR3+,HC,PB_3,AACTGGTTCTTCTGGC-1,0.17735477872399605
CXCR3-,HC,PB_3,AACTGGTTCTTGTATC-1,-0.10056797643315316
CXCR3-,HC,PB_3,AACTTTCAGCTGCAAG-1,-0.10056797643315316
CXCR3-,HC,PB_3,AACTTTCCACGAAAGC-1,-0.31259960915652746
CXCR3-,HC,PB_3,AACTTTCGTGTCTGAT-1,0.033967662418887774
CXCR3-,HC,PB_3,AACTTTCTCTCGTTTA-1,0.2344163383421063
CXCR3-,HC,PB_3,AAGACCTAGGATGGTC-1,0.2889611810297466
CXCR3-,HC,PB_3,AAGACCTCAGGTTTCA-1,0.6958305209146926
CXCR3-,HC,PB_3,AAGCCGCAGACCGGAT-1,-0.4233843897471544
CXCR3-,HC,PB_3,AAGCCGCTCAGTTGAC-1-2,0.20721573573350316
CXCR3-,HC,PB_3,AAGGAGCAGATCACGG-1,-0.10056797643315316
CXCR3-,HC,PB_3,AAGGAGCAGATGAGAG-1,0.21703948923274816
CXCR3-,HC,PB_3,AAGGAGCGTTATGTGC-1,-0.30161695758917784
CXCR3-,HC,PB_3,AAGGAGCGTTGAACTC-1,0.08171995105479699
CXCR3-,HC,PB_3,AAGGAGCTCCTGCCAT-1,0.04415789492945193
CXCR3-,HC,PB_3,AAGGCAGAGGTCATCT-1,-0.09812831477923124
CXCR3-,HC,PB_3,AAGGCAGGTAATAGCA-1,0.27312833193577685
CXCR3-,HC,PB_3,AAGGTTCTCACCCGAG-1,-0.3297481916329086
CXCR3-,HC,PB_3,AAGGTTCTCTAACGGT-1,0.13285083793444113
CXCR3-,HC,PB_3,AAGTCTGCACTTACGA-1,-0.039550295811439984
CXCR3-,HC,PB_3,AAGTCTGTCCCAAGAT-1,-0.2301767129479482
CXCR3+,HC,PB_3,AATCCAGAGACACGAC-1,-0.1781811522617338
CXCR3-,HC,PB_3,AATCCAGAGCTAGTGG-1,0.04542346217361621
CXCR3+,HC,PB_3,AATCCAGAGGGCTTCC-1,0.8922978803302738
CXCR3-,HC,PB_3,AATCCAGCAGCCTATA-1,0.32294070717400675
CXCR3-,HC,PB_3,AATCCAGCAGTTCATG-1,-0.10056797643315316
CXCR3-,HC,PB_3,AATCCAGGTGCTTCTC-1,-0.5558372635651863
CXCR3-,HC,PB_3,AATCCAGTCATCACCC-1,-0.09084172405888655
CXCR3-,HC,PB_3,AATCGGTCAAGCGAGT-1,-0.01719122821410454
CXCR3-,HC,PB_3,AATCGGTCAAGCGCTC-1,0.011592256110941343
CXCR3+,HC,PB_3,AATCGGTGTGCTAGCC-1,-0.18246794387594176
CXCR3-,HC,PB_3,AATCGGTGTGTTCGAT-1,-0.10056797643315316
CXCR3-,HC,PB_3,AATCGGTGTTCGTCTC-1,-0.3969058370300222
CXCR3-,HC,PB_3,AATCGGTTCAGGATCT-1,-0.10056797643315316
CXCR3-,HC,PB_3,AATCGGTTCCTCCTAG-1,0.13362365989236108
CXCR3-,HC,PB_3,ACACCAAAGATGGCGT-1,-0.10056797643315316
CXCR3-,HC,PB_3,ACACCAAAGCTAGTCT-1,-0.10056797643315316
CXCR3+,HC,PB_3,ACACCAAAGCTTTGGT-1,-0.10056797643315316
CXCR3-,HC,PB_3,ACACCAAAGGATTCGG-1,-0.04710167938501353
CXCR3-,HC,PB_3,ACACCAAAGTGACATA-1,-0.25600525955959086
CXCR3-,HC,PB_3,ACACCAAGTGTCGCTG-1,0.12128963221259381
CXCR3-,HC,PB_3,ACACCCTAGGAGTACC-1,-0.10056797643315316
CXCR3-,HC,PB_3,ACACCCTCATTAGGCT-1,-0.10056797643315316
CXCR3-,HC,PB_3,ACACCCTGTAAATGAC-1,-0.21210954945828245
CXCR3-,HC,PB_3,ACACCCTGTTGTCTTT-1,0.1363894912109616
CXCR3-,HC,PB_3,ACACCCTTCAAAGACA-1,0.0884387879669498
CXCR3-,HC,PB_3,ACACCGGAGATATGCA-1,0.09696465534127387
CXCR3-,HC,PB_3,ACACCGGCATGTCCTC-1,0.45675894674083467
CXCR3-,HC,PB_3,ACACCGGTCACCCTCA-1,-0.22674744432773317
CXCR3+,HC,PB_3,ACACTGACACCTCGTT-1,0.2938650543216269
CXCR3-,HC,PB_3,ACAGCCGCAGGCTGAA-1,-0.27743253437857296
CXCR3-,HC,PB_3,ACAGCCGGTTTGGGCC-1,0.09831812579800624
CXCR3-,HC,PB_3,ACAGCTAAGCGCCTTG-1,-0.10056797643315316
CXCR3-,HC,PB_3,ACAGCTAAGGCAAAGA-1,0.10446030753997024
CXCR3-,HC,PB_3,ACAGCTAGTAGCGTGA-1,0.15145078195450123
CXCR3-,HC,PB_3,ACAGCTAGTCTCACCT-1,0.15044386502479057
CXCR3-,HC,PB_3,ACATACGAGAGGTTGC-1,0.4083449331926491
CXCR3-,HC,PB_3,ACATACGGTCCGTTAA-1,-0.10056797643315316
CXCR3+,HC,PB_3,ACATACGGTTCCCGAG-1,0.030917938968199245
CXCR3+,HC,PB_3,ACATACGTCCAAATGC-1,0.14461171174532853
CXCR3-,HC,PB_3,ACATACGTCGGAGCAA-1,0.007313523508599136
CXCR3+,HC,PB_3,ACATACGTCTACCAGA-1,-0.2745307677202243
CXCR3-,HC,PB_3,ACATCAGCAAGGTGTG-1,0.12695940610531237
CXCR3-,HC,PB_3,ACATCAGCAGACAGGT-1,0.33575326285960444
CXCR3-,HC,PB_3,ACATGGTAGCCTTGAT-1,0.28231806956464167
CXCR3-,HC,PB_3,ACATGGTCAATAGAGT-1,0.5112943619775364
CXCR3-,HC,PB_3,ACCAGTAGTAAGCACG-1,0.36609629975055524
CXCR3-,HC,PB_3,ACCAGTATCTCCAACC-1,-0.10056797643315316
CXCR3-,HC,PB_3,ACCCACTAGAATTCCC-1,-0.10056797643315316
CXCR3-,HC,PB_3,ACCCACTAGATCGGGT-1,0.1736068646228068
CXCR3-,HC,PB_3,ACCCACTTCGAATGGG-1,-0.06922458161818311
CXCR3-,HC,PB_3,ACCGTAACACTGTCGG-1,-0.10056797643315316
CXCR3-,HC,PB_3,ACCGTAACAGCGAACA-1,-0.22004075549288457
CXCR3-,HC,PB_3,ACCGTAACAGTCAGCC-1,0.053818878393694876
CXCR3-,HC,PB_3,ACCGTAAGTGATGTCT-1,-0.10056797643315316
CXCR3-,HC,PB_3,ACCGTAATCGTTTAGG-1,0.10894203232222191
CXCR3+,HC,PB_3,ACCGTAATCTAACTGG-1,0.020308053261781405
CXCR3-,HC,PB_3,ACCGTAATCTGTCAAG-1,-0.032456725196762175
CXCR3-,HC,PB_3,ACCTTTAAGTGTCCAT-1,0.09264058507923902
CXCR3-,HC,PB_3,ACCTTTAGTACATCCA-1,-0.10056797643315316
CXCR3+,HC,PB_3,ACCTTTAGTCTCACCT-1,-0.10056797643315316
CXCR3+,HC,PB_3,ACCTTTATCGACAGCC-1,-0.10056797643315316
CXCR3-,HC,PB_3,ACGAGCCTCCTTCAAT-1,-0.10056797643315316
CXCR3-,HC,PB_3,ACGAGGAAGAATTGTG-1,-0.10056797643315316
CXCR3+,HC,PB_3,ACGAGGAGTAGATTAG-1,-0.2939057235115808
CXCR3+,HC,PB_3,ACGATACCAGTGAGTG-1,0.0930022364056639
CXCR3-,HC,PB_3,ACGATACGTACACCGC-1,-0.10056797643315316
CXCR3-,HC,PB_3,ACGATGTAGTGTCTCA-1,-0.21201147433113623
CXCR3-,HC,PB_3,ACGATGTCAACGATGG-1,0.10622326009551637
CXCR3-,HC,PB_3,ACGATGTGTAGCTCCG-1,-0.43921435612773246
CXCR3+,HC,PB_3,ACGATGTGTGGGTATG-1,-0.30353994504888554
CXCR3+,HC,PB_3,ACGATGTTCGTGGTCG-1,-0.46727448696803286
CXCR3-,HC,PB_3,ACGCAGCAGCGTTGCC-1,-0.10056797643315316
CXCR3+,HC,PB_3,ACGCAGCCACGTAAGG-1,0.0774367995273514
CXCR3-,HC,PB_3,ACGCAGCTCCACGACG-1,0.12528508754891032
CXCR3-,HC,PB_3,ACGCAGCTCTCTGCTG-1,-0.35604883272886445
CXCR3+,HC,PB_3,ACGCCAGAGACAGACC-1,0.05941600809420216
CXCR3-,HC,PB_3,ACGCCAGAGCCTATGT-1,0.24908696543484846
CXCR3-,HC,PB_3,ACGCCAGTCATCGATG-1,0.2103359866256831
CXCR3-,HC,PB_3,ACGCCAGTCGTTTGCC-1,0.3262113446250979
CXCR3-,HC,PB_3,ACGCCGAGTAAGCACG-1,0.07090835397713342
CXCR3-,HC,PB_3,ACGCCGAGTGGAAAGA-1,0.04540878129706592
CXCR3-,HC,PB_3,ACGGAGAAGCGCCTTG-1,-0.10056797643315316
CXCR3-,HC,PB_3,ACGGAGACACGGTGTC-1,-0.1804992403107724
CXCR3+,HC,PB_3,ACGGAGAGTCGAGTTT-1,0.125311448190429
CXCR3-,HC,PB_3,ACGGAGATCTCCAACC-1,-0.1464449969909903
CXCR3-,HC,PB_3,ACGGCCAAGACTGGGT-1,0.2967999354640661
CXCR3-,HC,PB_3,ACGGCCAGTAGGACAC-1,0.013382009384497105
CXCR3-,HC,PB_3,ACGGCCAGTGATGTCT-1,0.010692894350554523
CXCR3-,HC,PB_3,ACGGGCTAGAGCTGCA-1,-0.10056797643315316
CXCR3-,HC,PB_3,ACGGGCTCATGTCGAT-1,0.29998801550920845
CXCR3-,HC,PB_3,ACGGGCTTCCCTCTTT-1,-0.11560004640486639
CXCR3+,HC,PB_3,ACGGGCTTCCTTTACA-1,0.10250371708908257
CXCR3+,HC,PB_3,ACGGGTCGTTAGAACA-1,-0.20475771054489877
CXCR3-,HC,PB_3,ACGGGTCTCGCCCTTA-1,-0.00024635747101577266
CXCR3-,HC,PB_3,ACGTCAAAGCCAGTTT-1,0.08006164016560627
CXCR3-,HC,PB_3,ACGTCAAAGCTTCGCG-1,0.24583559164624105
CXCR3-,HC,PB_3,ACGTCAATCCAAAGTC-1,0.1868823649478288
CXCR3-,HC,PB_3,ACTATCTCAATACGCT-1,-0.10056797643315316
CXCR3-,HC,PB_3,ACTATCTGTAGCTTGT-1,0.34818987258449996
CXCR3-,HC,PB_3,ACTGAACTCGTAGGTT-1,-0.29371272159398043
CXCR3-,HC,PB_3,ACTGAGTAGCGTTCCG-1,0.1921842512442277
CXCR3-,HC,PB_3,ACTGAGTAGGCAAAGA-1,0.3222078290232496
CXCR3-,HC,PB_3,ACTGAGTCACATGACT-1,0.17912066738647875
CXCR3-,HC,PB_3,ACTGAGTTCAGAGCTT-1,0.19043924861674982
CXCR3-,HC,PB_3,ACTGATGAGCGAAGGG-1,-0.43181109283092756
CXCR3-,HC,PB_3,ACTGATGGTTCAACCA-1,0.1716401809770989
CXCR3-,HC,PB_3,ACTGCTCAGCCACCTG-1,-0.23416203440082933
CXCR3-,HC,PB_3,ACTGCTCAGGGTTCCC-1,-0.4306361733976278
CXCR3-,HC,PB_3,ACTGCTCCAGCGAACA-1,0.050052821196804986
CXCR3-,HC,PB_3,ACTGCTCCAGGCGATA-1,-0.10056797643315316
CXCR3-,HC,PB_3,ACTGTCCAGCTGAAAT-1,0.5182282080262713
CXCR3-,HC,PB_3,ACTTACTTCGCAGGCT-1,-0.09121611652685761
CXCR3-,HC,PB_3,ACTTGTTCAAGTTCTG-1,-0.21243321147924912
CXCR3-,HC,PB_3,ACTTTCAAGTACGCCC-1,-0.03020707973301478
CXCR3-,HC,PB_3,ACTTTCATCCCTAATT-1,0.22276838044168823
CXCR3+,HC,PB_3,AGAATAGAGACCTAGG-1,-0.11985032981505717
CXCR3-,HC,PB_3,AGAATAGAGGAGCGAG-1,0.1513129384019629
CXCR3-,HC,PB_3,AGAATAGAGTCTCGGC-1,-0.10056797643315316
CXCR3+,HC,PB_3,AGAATAGGTTATCGGT-1,0.18993540581161708
CXCR3-,HC,PB_3,AGAATAGTCCGTTGCT-1,0.2580890801505197
CXCR3-,HC,PB_3,AGAATAGTCTTCGGTC-1,0.6640704064995636
CXCR3-,HC,PB_3,AGAGCGAGTGATGTCT-1,-0.10056797643315316
CXCR3+,HC,PB_3,AGAGCTTAGATGTCGG-1,0.2943470788522649
CXCR3-,HC,PB_3,AGAGCTTAGCAATCTC-1,-0.10056797643315316
CXCR3+,HC,PB_3,AGAGCTTCACATCTTT-1,0.06081845461127773
CXCR3-,HC,PB_3,AGAGCTTTCATTGCGA-1,-0.10496130585156428
CXCR3-,HC,PB_3,AGAGCTTTCCCTGACT-1,0.22122990158764363
CXCR3-,HC,PB_3,AGAGCTTTCTCAAGTG-1,-0.1294826158201893
CXCR3-,HC,PB_3,AGAGTGGTCATATCGG-1,-0.13579735598520845
CXCR3+,HC,PB_3,AGATCTGAGTACACCT-1,-0.21302960602189522
CXCR3-,HC,PB_3,AGATCTGCATGAACCT-1,0.3953462363122324
CXCR3+,HC,PB_3,AGATCTGTCACCGTAA-1,0.3490654141180515
CXCR3-,HC,PB_3,AGATCTGTCTGCTTGC-1,-0.1605921752146442
CXCR3-,HC,PB_3,AGATTGCGTGCGATAG-1,-0.05150589893096637
CXCR3-,HC,PB_3,AGATTGCGTTATGCGT-1,-0.3703595569842955
CXCR3-,HC,PB_3,AGCAGCCTCGTTTGCC-1,-0.28435032077663003
CXCR3-,HC,PB_3,AGCAGCCTCTTGTTTG-1,-0.10056797643315316
CXCR3-,HC,PB_3,AGCATACAGTGCGATG-1,0.24074610134730776
CXCR3-,HC,PB_3,AGCCTAAAGAGCTATA-1,-0.006437217391950324
CXCR3+,HC,PB_3,AGCCTAATCGGATGTT-1,0.0024887706452522856
CXCR3-,HC,PB_3,AGCCTAATCGGCTACG-1,-0.008053770148932651
CXCR3-,HC,PB_3,AGCGGTCAGTGGTCCC-1,0.28650070631437785
CXCR3-,HC,PB_3,AGCGGTCCACCAGTTA-1,0.05678837988747376
CXCR3-,HC,PB_3,AGCGGTCGTATTACCG-1,-0.2082506939194137
CXCR3-,HC,PB_3,AGCGTATAGAAGAAGC-1,-1.1191979518878008
CXCR3-,HC,PB_3,AGCGTATAGATAGCAT-1,-0.028460980257989172
CXCR3+,HC,PB_3,AGCGTATAGGATCGCA-1,-0.02871486027423236
CXCR3-,HC,PB_3,AGCGTATCACGCTTTC-1,0.11023983594920292
CXCR3-,HC,PB_3,AGCGTATCAGCCTATA-1,0.17945022642529324
CXCR3-,HC,PB_3,AGCGTATTCAGCAACT-1,-0.3779778800293553
CXCR3-,HC,PB_3,AGCGTATTCATAACCG-1,0.13442587422791485
CXCR3-,HC,PB_3,AGCGTATTCCTTGCCA-1,-0.10056797643315316
CXCR3-,HC,PB_3,AGCGTCGAGGCGCTCT-1,-0.10056797643315316
CXCR3-,HC,PB_3,AGCGTCGCATTCGACA-1,0.2053479065188528
CXCR3-,HC,PB_3,AGCTCCTAGATGGGTC-1,-0.10056797643315316
CXCR3+,HC,PB_3,AGCTCCTCATTTGCTT-1,0.7501188390470191
CXCR3-,HC,PB_3,AGCTCCTGTGGGTATG-1,-0.16081142536696474
CXCR3-,HC,PB_3,AGCTCCTTCTGTTGAG-1,-0.10056797643315316
CXCR3-,HC,PB_3,AGCTTGAGTACCCAAT-1,0.09733951688835094
CXCR3+,HC,PB_3,AGCTTGAGTCCCTTGT-1,0.3081136721627336
CXCR3+,HC,PB_3,AGCTTGATCGCCAAAT-1,-0.6251388493227097
CXCR3+,HC,PB_3,AGCTTGATCGTCCAGG-1,0.45275473485834666
CXCR3-,HC,PB_3,AGGCCACCACAGTCGC-1,-0.10056797643315316
CXCR3+,HC,PB_3,AGGCCACCACGAAATA-1,-0.030750827823202535
CXCR3-,HC,PB_3,AGGCCGTAGCGAGAAA-1,0.20302430275216135
CXCR3-,HC,PB_3,AGGCCGTGTCGTTGTA-1,-0.11110404712962006
CXCR3-,HC,PB_3,AGGCCGTTCAAACCAC-1,-0.10056797643315316
CXCR3-,HC,PB_3,AGGGATGCAGACGCCT-1,0.10638842116223371
CXCR3-,HC,PB_3,AGGGTGAGTAGAGCTG-1,0.3842352924327579
CXCR3-,HC,PB_3,AGGGTGAGTCGTGGCT-1,-0.6846638898723693
CXCR3-,HC,PB_3,AGGGTGAGTTATCCGA-1,-0.2770408576352513
CXCR3-,HC,PB_3,AGGTCCGAGCTGATAA-1,0.04967821709540803
CXCR3+,HC,PB_3,AGTAGTCCATCAGTCA-1,-0.11042397549764234
CXCR3+,HC,PB_3,AGTAGTCTCCTGCAGG-1,-0.02316172238524986
CXCR3-,HC,PB_3,AGTAGTCTCTTTAGTC-1,0.39976908121983445
CXCR3-,HC,PB_3,AGTCTTTAGTGAACAT-1,0.39295040669838427
CXCR3-,HC,PB_3,AGTCTTTCATCTCGCT-1,0.02275197710309651
CXCR3-,HC,PB_3,AGTCTTTGTCCTCTTG-1,-0.10056797643315316
CXCR3-,HC,PB_3,AGTCTTTGTCTCTCTG-1,-0.10056797643315316
CXCR3-,HC,PB_3,AGTCTTTTCGTAGGAG-1,-0.21751186025416278
CXCR3+,HC,PB_3,AGTGAGGTCCCTTGCA-1,-0.27478984971517845
CXCR3-,HC,PB_3,AGTGAGGTCGTGGACC-1,-0.10056797643315316
CXCR3-,HC,PB_3,AGTGGGAAGCTCCTCT-1,-0.10056797643315316
CXCR3-,HC,PB_3,AGTTGGTAGAATGTTG-1,-0.20262071627554265
CXCR3-,HC,PB_3,AGTTGGTCAATAGAGT-1,0.12893379536488084
CXCR3+,HC,PB_3,AGTTGGTTCCATGAAC-1,0.060463569953012844
CXCR3-,HC,PB_3,ATAACGCGTTCCGTCT-1,0.018231368273162334
CXCR3-,HC,PB_3,ATAAGAGAGGATATAC-1,0.185720330500244
CXCR3-,HC,PB_3,ATAAGAGAGTCTTGCA-1,0.12724508710264787
CXCR3-,HC,PB_3,ATAAGAGGTTGGGACA-1,-0.11042206135649653
CXCR3-,HC,PB_3,ATAGACCCAAGCCGCT-1,0.421836459460553
CXCR3-,HC,PB_3,ATAGACCGTTAGTGGG-1,0.6183035505111775
CXCR3-,HC,PB_3,ATAGACCTCAAGCCTA-1,-0.10056797643315316
CXCR3-,HC,PB_3,ATCACGAAGATAGTCA-1,-0.23291761456791013
CXCR3-,HC,PB_3,ATCACGACACGACTCG-1,-0.15472495305776232
CXCR3-,HC,PB_3,ATCATCTAGGGTATCG-1,-0.10056797643315316
CXCR3-,HC,PB_3,ATCATCTCATGTCGAT-1,-0.10056797643315316
CXCR3+,HC,PB_3,ATCATCTGTGAGGGTT-1,0.0015426605659467946
CXCR3-,HC,PB_3,ATCATCTGTTCAACCA-1,-0.10056797643315316
CXCR3+,HC,PB_3,ATCATCTGTTGTGGCC-1,-0.21241908659273706
CXCR3-,HC,PB_3,ATCATGGAGAAGGTTT-1,-0.10056797643315316
CXCR3-,HC,PB_3,ATCATGGAGTCTTGCA-1,0.10267431544401853
CXCR3-,HC,PB_3,ATCATGGCATGGGAAC-1,0.08510777280969904
CXCR3+,HC,PB_3,ATCATGGGTCGCATCG-1,0.031139207884036773
CXCR3+,HC,PB_3,ATCATGGTCAAGGTAA-1,-0.24137525670747725
CXCR3-,HC,PB_3,ATCATGGTCATCACCC-1,-0.04072931759603994
CXCR3-,HC,PB_3,ATCATGGTCTGCGGCA-1,0.6039830645177465
CXCR3-,HC,PB_3,ATCCACCAGATATACG-1,-0.10056797643315316
CXCR3-,HC,PB_3,ATCCACCAGGGTATCG-1,-0.2147878723649639
CXCR3-,HC,PB_3,ATCCACCCAAGGTGTG-1,-0.10056797643315316
CXCR3+,HC,PB_3,ATCCACCGTAAGTAGT-1,-0.4833903346611246
CXCR3-,HC,PB_3,ATCCGAAGTCTGATTG-1,0.10913890341086904
CXCR3-,HC,PB_3,ATCCGAATCATGCAAC-1,0.004086314331644358
CXCR3-,HC,PB_3,ATCCGAATCCCAAGTA-1,0.15595690881793312
CXCR3-,HC,PB_3,ATCCGAATCGGTTCGG-1,-0.10056797643315316
CXCR3-,HC,PB_3,ATCCGAATCTTAACCT-1,0.12069264401574695
CXCR3-,HC,PB_3,ATCGAGTAGTGAAGTT-1,-0.49937373649188155
CXCR3-,HC,PB_3,ATCGAGTAGTTCGCGC-1,-0.18432500567177776
CXCR3-,HC,PB_3,ATCGAGTCAGATGAGC-1,-0.7233780794336827
CXCR3-,HC,PB_3,ATCGAGTCATCCAACA-1,0.340942436436861
CXCR3-,HC,PB_3,ATCGAGTGTAAGGGAA-1,0.5410808016122345
CXCR3-,HC,PB_3,ATCGAGTTCAAGGCTT-1,0.09930090909884748
CXCR3-,HC,PB_3,ATCTACTAGCATCATC-1,-0.10056797643315316
CXCR3+,HC,PB_3,ATCTGCCCACAGGAGT-1,-0.22108032128763527
CXCR3-,HC,PB_3,ATCTGCCGTATAGGGC-1,0.35870006279199834
CXCR3-,HC,PB_3,ATGAGGGAGCAGCCTC-1,-0.10056797643315316
CXCR3-,HC,PB_3,ATGAGGGCATTCTCAT-1,-0.24670067970597948
CXCR3-,HC,PB_3,ATGAGGGTCGGATGTT-1,0.2526089156675337
CXCR3-,HC,PB_3,ATGAGGGTCTCTTATG-1,0.11027466359036156
CXCR3-,HC,PB_3,ATGAGGGTCTTATCTG-1,-0.10056797643315316
CXCR3-,HC,PB_3,ATGCGATCACGAGAGT-1,-0.10056797643315316
CXCR3-,HC,PB_3,ATGCGATTCAGTCCCT-1-1,-0.2821997087541699
CXCR3-,HC,PB_3,ATGGGAGCAACCGCCA-1,-0.10056797643315316
CXCR3-,HC,PB_3,ATGGGAGGTAATCACC-1,0.17265609728758355
CXCR3-,HC,PB_3,ATGGGAGTCAACCATG-1,0.42430679371426144
CXCR3-,HC,PB_3,ATGTGTGAGCACACAG-1,0.051920262146863995
CXCR3-,HC,PB_3,ATGTGTGGTATTCGTG-1,0.08251311080925679
CXCR3-,HC,PB_3,ATGTGTGGTTATCGGT-1,-0.10056797643315316
CXCR3-,HC,PB_3,ATTACTCCACGACTCG-1,0.11253941112702935
CXCR3-,HC,PB_3,ATTACTCCACTGTTAG-1,-0.10056797643315316
CXCR3-,HC,PB_3,ATTACTCTCAATCACG-1,0.04468736176646393
CXCR3-,HC,PB_3,ATTACTCTCATGCAAC-1,-0.10056797643315316
CXCR3-,HC,PB_3,ATTATCCAGCGACGTA-1,-0.23118738265623204
CXCR3-,HC,PB_3,ATTATCCAGTCTCCTC-1,0.2797110594125346
CXCR3-,HC,PB_3,ATTATCCAGTGGAGAA-1,0.4574294840485916
CXCR3-,HC,PB_3,ATTATCCCATTCCTGC-1,0.2441079964971212
CXCR3-,HC,PB_3,ATTATCCGTCCGCTGA-1,-0.10056797643315316
CXCR3-,HC,PB_3,ATTATCCGTTCAGTAC-1,0.10064341857340801
CXCR3-,HC,PB_3,ATTCTACGTTCACGGC-1,-0.10056797643315316
CXCR3-,HC,PB_3,ATTGGACAGAGAACAG-1,0.016467462100881347
CXCR3-,HC,PB_3,ATTGGACCAGCCAGAA-1,0.13619948674185492
CXCR3-,HC,PB_3,ATTGGACTCACGACTA-1,-0.29964592371549414
CXCR3-,HC,PB_3,ATTGGTGAGGCAAAGA-1,-0.2313726730498064
CXCR3-,HC,PB_3,ATTGGTGCAATCTGCA-1,0.5605216991269683
CXCR3+,HC,PB_3,ATTTCTGGTGCTAGCC-1,-0.19098913630634767
CXCR3+,HC,PB_3,ATTTCTGTCCTGTAGA-1,-0.3496505740685411
CXCR3-,HC,PB_3,ATTTCTGTCGGGAGTA-1,-0.2325018901895209
CXCR3-,HC,PB_3,CAACCAAAGATCGGGT-1,-0.2801857040727639
CXCR3-,HC,PB_3,CAACCAAAGGCCGAAT-1,-0.10056797643315316
CXCR3+,HC,PB_3,CAACTAGAGGAGCGAG-1,-0.17965324539212
CXCR3-,HC,PB_3,CAACTAGTCCGAACGC-1,-0.10056797643315316
CXCR3-,HC,PB_3,CAAGAAAAGCCCGAAA-1,-0.2505512976862418
CXCR3-,HC,PB_3,CAAGAAACAGTACACT-1,-0.03187146466875996
CXCR3-,HC,PB_3,CAAGAAAGTCCTCTTG-1,-0.10056797643315316
CXCR3-,HC,PB_3,CAAGAAATCACATACG-1,0.08170704660290218
CXCR3-,HC,PB_3,CAAGATCAGCCCAGCT-1,-0.0423634022642201
CXCR3-,HC,PB_3,CAAGATCGTCGGCACT-1,0.525495529929195
CXCR3-,HC,PB_3,CAAGATCTCGGAATCT-1,-0.27227580793448597
CXCR3-,HC,PB_3,CAAGGCCCAATAACGA-1,-0.21913340192620986
CXCR3-,HC,PB_3,CAAGGCCCACAGAGGT-1,-0.10056797643315316
CXCR3-,HC,PB_3,CAAGGCCTCGATGAGG-1,0.07340520176695074
CXCR3-,HC,PB_3,CAAGGCCTCTGCGTAA-1,-0.22453746364396232
CXCR3-,HC,PB_3,CAAGTTGAGATATGCA-1,-0.10056797643315316
CXCR3-,HC,PB_3,CAAGTTGAGGTGTTAA-1,-0.10056797643315316
CXCR3-,HC,PB_3,CAAGTTGCAGGGAGAG-1,0.4258766957103073
CXCR3-,HC,PB_3,CAAGTTGTCGCCGTGA-1,-0.10056797643315316
CXCR3-,HC,PB_3,CACAAACAGGTGGGTT-1,-0.10056797643315316
CXCR3+,HC,PB_3,CACACAACACGGCCAT-1,-0.10056797643315316
CXCR3-,HC,PB_3,CACACAATCTTTCCTC-1,0.0871467844407005
CXCR3-,HC,PB_3,CACACCTAGAAACCGC-1,0.18470324053928638
CXCR3-,HC,PB_3,CACACCTAGACACGAC-1,0.25253816717211613
CXCR3-,HC,PB_3,CACACCTCATCGGGTC-1,-0.3288126848122189
CXCR3-,HC,PB_3,CACACCTTCGTCGTTC-1,0.09995371483670858
CXCR3-,HC,PB_3,CACACTCCAGCTTCGG-1,0.1886062825188679
CXCR3-,HC,PB_3,CACACTCCATCCGTGG-1,-0.10056797643315316
CXCR3+,HC,PB_3,CACACTCGTGGGTCAA-1,-0.10056797643315316
CXCR3-,HC,PB_3,CACAGGCCAGACGCTC-1,-0.10056797643315316
CXCR3-,HC,PB_3,CACAGGCCAGGACGTA-1,0.14789343616720732
CXCR3-,HC,PB_3,CACAGGCGTCCCTTGT-1,0.0459716670500533
CXCR3-,HC,PB_3,CACAGGCTCCTGCCAT-1,-0.10056797643315316
CXCR3-,HC,PB_3,CACATAGAGACCTAGG-1,-0.10056797643315316
CXCR3-,HC,PB_3,CACATAGAGTACGACG-1,-0.10056797643315316
CXCR3-,HC,PB_3,CACATAGTCAGCACAT-1,0.1918693728167595
CXCR3-,HC,PB_3,CACATAGTCGAGAACG-1,0.07231598708220008
CXCR3-,HC,PB_3,CACATAGTCGGATGTT-1,0.2589939373084965
CXCR3-,HC,PB_3,CACATTTCATTCCTCG-1,-0.2835983003023842
CXCR3-,HC,PB_3,CACATTTTCGCAGGCT-1,0.13907953768812636
CXCR3-,HC,PB_3,CACATTTTCTCTAGGA-1,0.22237050622444773
CXCR3-,HC,PB_3,CACATTTTCTTTAGGG-1,-0.2839952185037749
CXCR3-,HC,PB_3,CACCACTCAGCTCGCA-1,0.21310337073594413
CXCR3-,HC,PB_3,CACCACTCATCACGTA-1,0.05287092476488666
CXCR3+,HC,PB_3,CACCACTTCGTACCGG-1,-0.3315802685796682
CXCR3-,HC,PB_3,CACCAGGCACACAGAG-1,-0.10056797643315316
CXCR3-,HC,PB_3,CACCAGGTCGTCTGCT-1,0.6520406987209674
CXCR3-,HC,PB_3,CACCAGGTCTCACATT-1,0.15302508141591023
CXCR3-,HC,PB_3,CACCTTGAGACAAGCC-1,-0.28963793699779583
CXCR3-,HC,PB_3,CACCTTGAGCCGTCGT-1,0.3340642386116092
CXCR3+,HC,PB_3,CACCTTGCAAGACGTG-1,0.19772358819102748
CXCR3-,HC,PB_3,CACCTTGGTAGCCTCG-1,0.7029299646256971
CXCR3-,HC,PB_3,CACCTTGGTTGTCTTT-1,-0.03940062588529902
CXCR3-,HC,PB_3,CACTCCACACTTACGA-1,0.19330453212696502
CXCR3-,HC,PB_3,CAGAATCTCTGACCTC-1,-0.28255645019473113
CXCR3-,HC,PB_3,CAGAGAGAGTGACTCT-1,0.28983224195736623
CXCR3-,HC,PB_3,CAGAGAGTCAGGTAAA-1,-0.011485436874741859
CXCR3-,HC,PB_3,CAGAGAGTCGTAGATC-1,-0.10056797643315316
CXCR3-,HC,PB_3,CAGAGAGTCTTCAACT-1,-0.3214146743536658
CXCR3-,HC,PB_3,CAGCAGCCACAACGTT-1,-0.2011101524971894
CXCR3-,HC,PB_3,CAGCAGCGTTCCGGCA-1,-0.34109730250731196
CXCR3-,HC,PB_3,CAGCAGCTCAGATAAG-1,-0.10056797643315316
CXCR3-,HC,PB_3,CAGCCGAAGCCCTAAT-1,-0.10056797643315316
CXCR3-,HC,PB_3,CAGCCGAGTAACGCGA-1,-0.10056797643315316
CXCR3-,HC,PB_3,CAGCCGATCGGAAACG-1,-0.33330321666940843
CXCR3-,HC,PB_3,CAGCCGATCGGATGTT-1,-0.10056797643315316
CXCR3-,HC,PB_3,CAGCCGATCTACCTGC-1,0.045449247382704616
CXCR3-,HC,PB_3,CAGCGACAGCTCTCGG-1,-0.10056797643315316
CXCR3-,HC,PB_3,CAGCGACAGGGAGTAA-1,-0.9993035164017742
CXCR3-,HC,PB_3,CAGCGACCATTTCAGG-1,0.16393461531436287
CXCR3+,HC,PB_3,CAGCGACGTAACGACG-1,-0.10220800987094945
CXCR3+,HC,PB_3,CAGCTAACATGAGCGA-1,-0.10056797643315316
CXCR3-,HC,PB_3,CAGCTAAGTGGTCCGT-1,0.33654976178023766
CXCR3-,HC,PB_3,CAGCTGGCATGGGAAC-1,-0.10056797643315316
CXCR3-,HC,PB_3,CAGCTGGGTCTCATCC-1,0.5052019892666083
CXCR3-,HC,PB_3,CAGGTGCAGATAGGAG-1,-0.10056797643315316
CXCR3-,HC,PB_3,CAGTAACAGGCTCAGA-1,0.10968443613906675
CXCR3-,HC,PB_3,CAGTAACGTATATGAG-1,-0.062451538368908203
CXCR3+,HC,PB_3,CAGTCCTCAGCGTAAG-1,-0.24507964413200714
CXCR3+,HC,PB_3,CAGTCCTGTCTTGCGG-1,-0.10629440977118908
CXCR3-,HC,PB_3,CAGTCCTTCGCGTTTC-1,0.08408602631650344
CXCR3-,HC,PB_3,CATATGGTCCGAGCCA-1,0.06857525779453241
CXCR3-,HC,PB_3,CATATGGTCCGTTGCT-1,0.11470144691229577
CXCR3-,HC,PB_3,CATATTCAGGGCTTGA-1,-0.4699986668102176
CXCR3-,HC,PB_3,CATATTCGTAAGGATT-1,-0.10056797643315316
CXCR3-,HC,PB_3,CATATTCGTTGCGCAC-1,-0.18039754933471594
CXCR3+,HC,PB_3,CATCAAGGTGTATGGG-1,-0.2622039647729414
CXCR3-,HC,PB_3,CATCAAGGTGTCCTCT-1,0.3215610337042282
CXCR3-,HC,PB_3,CATCAAGTCGGAAATA-1,-0.10056797643315316
CXCR3+,HC,PB_3,CATCAGACAAGGTTTC-1,-0.1920948496716323
CXCR3-,HC,PB_3,CATCAGAGTTTAAGCC-1,0.10951156797052171
CXCR3-,HC,PB_3,CATCCACAGACCACGA-1,-0.20669219718591672
CXCR3-,HC,PB_3,CATCCACAGCAGGCTA-1,0.12562130688131518
CXCR3-,HC,PB_3,CATCCACCATGGTCAT-1,0.5131166127999051
CXCR3-,HC,PB_3,CATCCACGTAGGGACT-1,-0.10056797643315316
CXCR3-,HC,PB_3,CATCGAAAGCGCCTCA-1,-0.11075584804568829
CXCR3+,HC,PB_3,CATCGAACATCACAAC-1,-0.06906391789265445
CXCR3-,HC,PB_3,CATCGGGAGGACACCA-1,-0.10056797643315316
CXCR3-,HC,PB_3,CATCGGGGTACCGTTA-1,-0.10056797643315316
CXCR3-,HC,PB_3,CATCGGGGTCACAAGG-1,-0.7435669341521837
CXCR3-,HC,PB_3,CATCGGGGTCTCTTTA-1,-0.10056797643315316
CXCR3-,HC,PB_3,CATGACACACCAGCAC-1,-0.10056797643315316
CXCR3-,HC,PB_3,CATGACACAGGCTGAA-1,-0.036033290380298136
CXCR3-,HC,PB_3,CATGCCTAGAACTGTA-1,0.09258224207204356
CXCR3+,HC,PB_3,CATGCCTCAGCCTGTG-1,-0.0836409504696259
CXCR3-,HC,PB_3,CATGCCTGTTCCACTC-1,-0.10056797643315316
CXCR3-,HC,PB_3,CATGGCGGTATATGGA-1,-0.10056797643315316
CXCR3-,HC,PB_3,CATGGCGTCGGATGGA-1,0.22150489826390146
CXCR3-,HC,PB_3,CATTATCGTTTAGCTG-1,-0.2085370930326185
CXCR3-,HC,PB_3,CATTCGCGTTGGACCC-1,-0.049956481252559505
CXCR3-,HC,PB_3,CCAATCCAGGACATTA-1,0.08977860571241693
CXCR3-,HC,PB_3,CCAATCCTCACAGTAC-1,0.1727870592595099
CXCR3-,HC,PB_3,CCACCTACAACAACCT-1,0.17388267655359763
CXCR3-,HC,PB_3,CCACCTAGTGTGAAAT-1,-0.20893034538463717
CXCR3-,HC,PB_3,CCACCTAGTTCCATGA-1,-0.10056797643315316
CXCR3-,HC,PB_3,CCACCTATCACGCATA-1,0.04125040708516899
CXCR3-,HC,PB_3,CCACCTATCTTGTTTG-1,-0.0503034836578895
CXCR3-,HC,PB_3,CCACGGATCGCTGATA-1,-0.002769046803422762
CXCR3-,HC,PB_3,CCACTACAGATAGCAT-1,-0.10056797643315316
CXCR3-,HC,PB_3,CCACTACCAGATGGCA-1,0.20226875030063315
CXCR3-,HC,PB_3,CCACTACGTACCGGCT-1,0.09262005131489207
CXCR3-,HC,PB_3,CCAGCGAAGGAATTAC-1,-0.10056797643315316
CXCR3-,HC,PB_3,CCAGCGACACCTCGGA-1,-0.10056797643315316
CXCR3-,HC,PB_3,CCAGCGACACGTAAGG-1,-0.10056797643315316
CXCR3-,HC,PB_3,CCATGTCTCAAGGTAA-1,0.14421908548552761
CXCR3-,HC,PB_3,CCATGTCTCGATAGAA-1,-0.41914115533389024
CXCR3-,HC,PB_3,CCATTCGAGACCACGA-1,0.2768463939255415
CXCR3-,HC,PB_3,CCATTCGAGCCCTAAT-1,0.20118314275188512
CXCR3-,HC,PB_3,CCATTCGGTCCGTGAC-1,-0.10056797643315316
CXCR3-,HC,PB_3,CCCAATCAGCCTTGAT-1,-0.10056797643315316
CXCR3-,HC,PB_3,CCCAATCTCTCCAACC-1,0.285019512894093
CXCR3-,HC,PB_3,CCCTCCTCACCGATAT-1,-0.24129629541338257
CXCR3-,HC,PB_3,CCCTCCTTCAAACCAC-1-1,-0.21765133405909812
CXCR3-,HC,PB_3,CCGGGATAGGACTGGT-1,-0.2814783086549581
CXCR3-,HC,PB_3,CCGGGATTCCCTTGCA-1,0.06231079581124237
CXCR3-,HC,PB_3,CCGGTAGAGTCTCAAC-1,0.5071358377215142
CXCR3-,HC,PB_3,CCGGTAGCACCGAAAG-1,-0.10056797643315316
CXCR3-,HC,PB_3,CCGTACTAGTCAATAG-1,-0.2637901942287083
CXCR3-,HC,PB_3,CCGTACTCAAGAAGAG-1,0.09474475544634305
CXCR3-,HC,PB_3,CCGTACTGTTCGGGCT-1,-0.34201043557048066
CXCR3-,HC,PB_3,CCGTACTTCATGTCCC-1,0.2886636407594816
CXCR3-,HC,PB_3,CCGTGGAAGTGTTAGA-1,0.3260687616894185
CXCR3-,HC,PB_3,CCGTGGACACCCATTC-1,0.406213214965029
CXCR3+,HC,PB_3,CCGTGGATCGCTTAGA-1,0.09808116118523887
CXCR3-,HC,PB_3,CCGTTCAGTACCGTTA-1,0.15675147992226648
CXCR3-,HC,PB_3,CCGTTCAGTCCGTCAG-1,0.1614221102998
CXCR3+,HC,PB_3,CCGTTCATCATGTCCC-1,-0.2853679709796723
CXCR3-,HC,PB_3,CCGTTCATCTCTGCTG-1,0.2379129173221481
CXCR3-,HC,PB_3,CCGTTCATCTGATACG-1,-0.10056797643315316
CXCR3-,HC,PB_3,CCTAAAGCACAGACTT-1,-0.10056797643315316
CXCR3-,HC,PB_3,CCTACACAGAGTGAGA-1,-0.22291050469014978
CXCR3-,HC,PB_3,CCTACACAGTATCGAA-1,-0.045999778220873457
CXCR3-,HC,PB_3,CCTACACCAGCTGGCT-1,0.3583228068196811
CXCR3-,HC,PB_3,CCTACACTCTTGAGAC-1,-0.10056797643315316
CXCR3+,HC,PB_3,CCTACCACATGTTGAC-1,-0.21382132823808844
CXCR3-,HC,PB_3,CCTACCAGTGCATCTA-1,-0.4334754620832907
CXCR3-,HC,PB_3,CCTACCAGTGTGCGTC-1,-0.30311648745433895
CXCR3-,HC,PB_3,CCTAGCTAGAGGTAGA-1,-0.2948063442444749
CXCR3-,HC,PB_3,CCTAGCTCACCACGTG-1,-0.1167190089497917
CXCR3-,HC,PB_3,CCTATTAGTTGTCGCG-1,0.039359919049995536
CXCR3-,HC,PB_3,CCTCAGTAGCGTGAGT-1,-0.22849312518539883
CXCR3+,HC,PB_3,CCTCAGTAGCTAGTGG-1,-0.195700091815573
CXCR3-,HC,PB_3,CCTCAGTAGGAGTTGC-1,0.19289531939630924
CXCR3-,HC,PB_3,CCTCAGTGTCTGATCA-1,-0.10056797643315316
CXCR3-,HC,PB_3,CCTCAGTGTGAGGGTT-1,-0.10056797643315316
CXCR3-,HC,PB_3,CCTCAGTGTGGTTTCA-1,-0.22373388892900145
CXCR3-,HC,PB_3,CCTCTGAGTGATAAGT-1,-0.04869573642989071
CXCR3-,HC,PB_3,CCTTACGAGTTACCCA-1,-0.10056797643315316
CXCR3-,HC,PB_3,CCTTACGCAGCCACCA-1,-0.10056797643315316
CXCR3-,HC,PB_3,CCTTACGGTGTTCTTT-1,-0.10056797643315316
CXCR3-,HC,PB_3,CCTTCCCCAGCCACCA-1,0.9281789824674459
CXCR3-,HC,PB_3,CCTTCCCTCCTTTCTC-1,0.24839542629884193
CXCR3-,HC,PB_3,CCTTCCCTCGACCAGC-1,-0.23667850867029722
CXCR3+,HC,PB_3,CCTTCGACACTTCTGC-1,-0.3425254296053253
CXCR3+,HC,PB_3,CCTTCGAGTGTCAATC-1,-0.10056797643315316
CXCR3-,HC,PB_3,CCTTCGAGTTGCCTCT-1,0.8282558452086307
CXCR3-,HC,PB_3,CCTTCGATCCACGTGG-1,0.13793363744187487
CXCR3+,HC,PB_3,CCTTTCTCACAACTGT-1,-0.06890684259655336
CXCR3+,HC,PB_3,CCTTTCTGTCAGAGGT-1,0.3518361522114208
CXCR3-,HC,PB_3,CGAACATCATTACCTT-1,-0.10056797643315316
CXCR3-,HC,PB_3,CGAATGTCAGACACTT-1,-0.3833452697712296
CXCR3-,HC,PB_3,CGACCTTAGTCCGGTC-1,-0.3825440023848886
CXCR3+,HC,PB_3,CGACCTTCATGAACCT-1,-0.027631968726804308
CXCR3-,HC,PB_3,CGACTTCTCAACGCTA-1,-0.035696748229857765
CXCR3-,HC,PB_3,CGAGAAGTCTTGACGA-1,-0.428536153629445
CXCR3-,HC,PB_3,CGAGCACGTACCGAGA-1,-0.10056797643315316
CXCR3+,HC,PB_3,CGAGCACGTTCAACCA-1,-0.428039949551692
CXCR3-,HC,PB_3,CGAGCCACACATCTTT-1,-0.10056797643315316
CXCR3-,HC,PB_3,CGATCGGCAATGTAAG-1,-0.09386007720033511
CXCR3-,HC,PB_3,CGATCGGCACTATCTT-1,0.3348722254293833
CXCR3-,HC,PB_3,CGATCGGGTTCAGACT-1,-0.10056797643315316
CXCR3-,HC,PB_3,CGATCGGTCGTATCAG-1,0.10537595204016126
CXCR3-,HC,PB_3,CGATGTAAGGCCCTCA-1,-0.10056797643315316
CXCR3-,HC,PB_3,CGATGTAGTCGTGGCT-1,0.11506554818403471
CXCR3-,HC,PB_3,CGATTGACAACTTGAC-1,0.2584721532035056
CXCR3+,HC,PB_3,CGCCAAGCACAGCCCA-1,0.1913241043005111
CXCR3-,HC,PB_3,CGCCAAGTCAGGCAAG-1,-0.46831596919664026
CXCR3-,HC,PB_3,CGCGGTAAGTACATGA-1,0.21927050950848262
CXCR3-,HC,PB_3,CGCGTTTAGCGTTTAC-1,0.11054508226333473
CXCR3-,HC,PB_3,CGCGTTTCAGGATTGG-1,0.2026387037036113
CXCR3-,HC,PB_3,CGCGTTTCATATACCG-1,0.25222574659060015
CXCR3-,HC,PB_3,CGCTATCAGAACAACT-1,-0.17789305958514984
CXCR3-,HC,PB_3,CGCTGGACAAATACAG-1,0.5203933059834085
CXCR3-,HC,PB_3,CGCTGGACAATCAGAA-1,-0.10056797643315316
CXCR3-,HC,PB_3,CGCTGGACACCCTATC-1,0.12242524915198992
CXCR3-,HC,PB_3,CGCTGGACAGGTCCAC-1,-0.5608440675983157
CXCR3-,HC,PB_3,CGCTGGAGTTGGGACA-1,0.10207184067442662
CXCR3-,HC,PB_3,CGCTTCAAGCCCAACC-1,-0.10056797643315316
CXCR3-,HC,PB_3,CGCTTCACAAGCCGCT-1,-0.10056797643315316
CXCR3-,HC,PB_3,CGGACGTGTCCGAGTC-1,0.13916598605477906
CXCR3-,HC,PB_3,CGGACGTGTCCTCTTG-1,0.3987165047419799
CXCR3-,HC,PB_3,CGGACGTGTGAACCTT-1,0.4775032037875042
CXCR3-,HC,PB_3,CGGACTGCACCGAATT-1,0.001959722931336965
CXCR3-,HC,PB_3,CGGACTGGTATGAATG-1,0.10465433372413722
CXCR3-,HC,PB_3,CGGAGCTGTTCCGGCA-1,0.025342305791905686
CXCR3-,HC,PB_3,CGGAGCTTCTCATTCA-1,-0.31956667262496985
CXCR3+,HC,PB_3,CGGCTAGAGGAATCGC-1,-0.013619224346206259
CXCR3-,HC,PB_3,CGGCTAGAGGATTCGG-1,-0.10056797643315316
CXCR3-,HC,PB_3,CGGCTAGCACACCGCA-1,0.16743872752160474
CXCR3-,HC,PB_3,CGGCTAGGTTTAAGCC-1,0.12132233779825809
CXCR3-,HC,PB_3,CGGGTCACACGGTAGA-1,0.2204915445043886
CXCR3-,HC,PB_3,CGTAGCGAGCCCAATT-1,0.9710412606623643
CXCR3-,HC,PB_3,CGTAGCGAGGGCACTA-1,0.06443360682230216
CXCR3-,HC,PB_3,CGTAGCGGTTACTGAC-1,-0.10056797643315316
CXCR3-,HC,PB_3,CGTAGGCGTGAGTGAC-1,0.20024435385103947
CXCR3-,HC,PB_3,CGTAGGCTCAAAGACA-1,-0.22254975602872376
CXCR3-,HC,PB_3,CGTCACTCACACGCTG-1,-0.10056797643315316
CXCR3-,HC,PB_3,CGTCACTCATGGTAGG-1,-0.10056797643315316
CXCR3-,HC,PB_3,CGTCAGGAGCACCGTC-1,0.03507410779525815
CXCR3-,HC,PB_3,CGTCCATGTGGCCCTA-1,-0.10056797643315316
CXCR3-,HC,PB_3,CGTCCATTCATAAAGG-1,0.13337906231640767
CXCR3-,HC,PB_3,CGTCCATTCCGCGTTT-1,0.1526102062392672
CXCR3+,HC,PB_3,CGTCTACGTCTACCTC-1,0.2432157697397596
CXCR3-,HC,PB_3,CGTCTACGTGTTCGAT-1,0.25990711304773834
CXCR3-,HC,PB_3,CGTGAGCAGTGGTAAT-1,0.1763557234022948
CXCR3-,HC,PB_3,CGTGAGCAGTGGTCCC-1,-0.25191714600919063
CXCR3-,HC,PB_3,CGTGTAAAGAGCTGCA-1,0.2206058551336019
CXCR3-,HC,PB_3,CGTGTAAAGTTAGGTA-1,-0.10056797643315316
CXCR3+,HC,PB_3,CGTGTAATCGGTGTTA-1,0.020959340007040608
CXCR3-,HC,PB_3,CGTGTCTAGACATAAC-1,0.39532320247497127
CXCR3-,HC,PB_3,CGTGTCTAGAGAACAG-1,0.05297444672642385
CXCR3-,HC,PB_3,CGTGTCTAGCCAGTAG-1,-0.2508553587831634
CXCR3-,HC,PB_3,CGTGTCTAGGATGCGT-1,-0.5741239171460527
CXCR3-,HC,PB_3,CGTGTCTAGTCGTTTG-1,0.15541359961909304
CXCR3-,HC,PB_3,CGTGTCTCACATGACT-1,-0.10056797643315316
CXCR3-,HC,PB_3,CGTGTCTGTATCGCAT-1,0.44096009457477975
CXCR3-,HC,PB_3,CGTTAGACACGCGAAA-1,0.07505199395010455
CXCR3-,HC,PB_3,CGTTAGAGTCCGTTAA-1,0.09865490020425091
CXCR3-,HC,PB_3,CGTTCTGAGTGGTAAT-1,-0.10056797643315316
CXCR3-,HC,PB_3,CGTTCTGCACATTTCT-1,-0.10056797643315316
CXCR3-,HC,PB_3,CGTTCTGCAGATCTGT-1,-0.10869607653158045
CXCR3-,HC,PB_3,CGTTCTGCAGGAATGC-1,-0.10056797643315316
CXCR3-,HC,PB_3,CGTTCTGCATCCCATC-1,-0.10056797643315316
CXCR3-,HC,PB_3,CGTTGGGAGACTGTAA-1,-0.3022235585864325
CXCR3-,HC,PB_3,CGTTGGGAGCGTAATA-1,-0.48349925765259927
CXCR3-,HC,PB_3,CGTTGGGCAGGGCATA-1,0.5167057889348338
CXCR3+,HC,PB_3,CGTTGGGGTGAGTGAC-1,0.30774043215680313
CXCR3-,HC,PB_3,CGTTGGGGTTCGCTAA-1,-0.10056797643315316
CXCR3-,HC,PB_3,CGTTGGGTCTTGAGGT-1,0.0419967409119507
CXCR3-,HC,PB_3,CTAAGACTCTCTAAGG-1,-0.27064096109539637
CXCR3-,HC,PB_3,CTAATGGAGACTTTCG-1,0.1129101018293254
CXCR3-,HC,PB_3,CTAATGGAGGGATCTG-1,0.03942624210375621
CXCR3-,HC,PB_3,CTAATGGCAGGATCGA-1,0.22635652479889076
CXCR3-,HC,PB_3,CTAATGGCATTTCAGG-1,0.10854549604063611
CXCR3+,HC,PB_3,CTACACCAGATACACA-1,0.52796518546179
CXCR3-,HC,PB_3,CTACACCCATCCGGGT-1,-0.34047931395894077
CXCR3-,HC,PB_3,CTACATTCACATTCGA-1,0.13033873803884669
CXCR3-,HC,PB_3,CTACATTCACGGTAGA-1,-0.10056797643315316
CXCR3-,HC,PB_3,CTACATTGTGTAAGTA-1,0.18809421105484025
CXCR3-,HC,PB_3,CTACATTTCGCCTGAG-1,-0.11763780799861161
CXCR3-,HC,PB_3,CTACCCATCGCCTGAG-1,-0.10056797643315316
CXCR3-,HC,PB_3,CTACCCATCGCGCCAA-1,0.35829845607996785
CXCR3-,HC,PB_3,CTACCCATCTGGCGTG-1,-0.10056797643315316
CXCR3-,HC,PB_3,CTACCCATCTTGAGGT-1,0.03211204280558493
CXCR3-,HC,PB_3,CTACGTCAGCTAAGAT-1,0.39295620523624697
CXCR3-,HC,PB_3,CTACGTCGTTAAGATG-1,-0.20431296463822463
CXCR3-,HC,PB_3,CTACGTCTCATGTCCC-1,0.2747752306805585
CXCR3-,HC,PB_3,CTACGTCTCCTTAATC-1,0.2661622625220178
CXCR3-,HC,PB_3,CTACGTCTCTGCAGTA-1,-0.19947441543170916
CXCR3-,HC,PB_3,CTAGAGTAGGAGTCTG-1,-0.3236592307793296
CXCR3-,HC,PB_3,CTAGAGTCAGAGTGTG-1,-0.23380524587813428
CXCR3-,HC,PB_3,CTAGAGTGTTTGGGCC-1,-0.10056797643315316
CXCR3-,HC,PB_3,CTAGAGTTCCTGCAGG-1,-0.10056797643315316
CXCR3-,HC,PB_3,CTAGAGTTCTTGCCGT-1,0.33336922440845634
CXCR3-,HC,PB_3,CTAGCCTGTATGCTTG-1,0.27965938679692076
CXCR3-,HC,PB_3,CTAGCCTGTCCTCTTG-1,-0.6287280076054653
CXCR3-,HC,PB_3,CTAGTGAAGCTCCTTC-1,0.010270095053846415
CXCR3-,HC,PB_3,CTAGTGACACATCTTT-1,-0.10056797643315316
CXCR3-,HC,PB_3,CTAGTGACAGTACACT-1,0.1334298273616199
CXCR3-,HC,PB_3,CTAGTGAGTCAACATC-1,-0.19607851421186934
CXCR3-,HC,PB_3,CTCACACAGTCGCCGT-1,0.07223537592275213
CXCR3-,HC,PB_3,CTCACACCAAGCCGCT-1,0.00482424355288686
CXCR3-,HC,PB_3,CTCACACCAGCTTCGG-1,0.17254875343647155
CXCR3+,HC,PB_3,CTCACACCAGGTCGTC-1,-0.29544954093979137
CXCR3-,HC,PB_3,CTCACACGTCGGATCC-1,-0.05596246945980863
CXCR3-,HC,PB_3,CTCACACGTGCAACGA-1,-0.4123056712615685
CXCR3-,HC,PB_3,CTCACACGTTACCAGT-1,-0.10056797643315316
CXCR3-,HC,PB_3,CTCAGAAAGGATGGTC-1,-0.24149802594382766
CXCR3-,HC,PB_3,CTCAGAAAGTTAGCGG-1,-0.24727384221814774
CXCR3-,HC,PB_3,CTCAGAACAGTTAACC-1,-0.2813915049412546
CXCR3+,HC,PB_3,CTCAGAACATCACAAC-1,-0.06474539775389634
CXCR3+,HC,PB_3,CTCAGAAGTAGCGCAA-1,0.3655722618364466
CXCR3-,HC,PB_3,CTCAGAAGTCCAGTTA-1,-0.10056797643315316
CXCR3-,HC,PB_3,CTCAGAATCAACACAC-1,-0.10056797643315316
CXCR3-,HC,PB_3,CTCATTATCGGTGTCG-1,0.08844751387167601
CXCR3-,HC,PB_3,CTCCTAGAGAGAGCTC-1,-0.10056797643315316
CXCR3-,HC,PB_3,CTCCTAGCAGCGATCC-1,-0.10056797643315316
CXCR3-,HC,PB_3,CTCCTAGGTACATCCA-1,-0.28914779685469816
CXCR3-,HC,PB_3,CTCCTAGTCACCTCGT-1,0.0917711911726405
CXCR3-,HC,PB_3,CTCCTAGTCTGTTGAG-1,-0.0281603746415946
CXCR3+,HC,PB_3,CTCGAAAAGATAGGAG-1,-0.20308935128785727
CXCR3-,HC,PB_3,CTCGAAAAGCGTTCCG-1,-0.10056797643315316
CXCR3-,HC,PB_3,CTCGAAAAGGGTATCG-1,0.08174847183015665
CXCR3-,HC,PB_3,CTCGAGGCAAAGTGCG-1,0.12068780982391715
CXCR3-,HC,PB_3,CTCGAGGTCTGCGACG-1,-0.10056797643315316
CXCR3-,HC,PB_3,CTCGGAGAGTGCCAGA-1,-0.10056797643315316
CXCR3-,HC,PB_3,CTCGGGAAGAAAGTGG-1,-0.10056797643315316
CXCR3-,HC,PB_3,CTCGGGATCTAACTGG-1,-0.10056797643315316
CXCR3-,HC,PB_3,CTCGTACGTTCCGGCA-1,-0.3358468165214098
CXCR3-,HC,PB_3,CTCGTCAAGGGCATGT-1,0.18867953531105539
CXCR3+,HC,PB_3,CTCGTCAAGTGGGTTG-1,0.0995336886170589
CXCR3-,HC,PB_3,CTCGTCACAATAAGCA-1,0.12420982153468618
CXCR3-,HC,PB_3,CTCGTCACACCGGAAA-1,-0.10056797643315316
CXCR3-,HC,PB_3,CTCTAATAGACAGGCT-1,-0.5606205657660771
CXCR3+,HC,PB_3,CTCTAATTCTAACTGG-1,-0.3723339119524084
CXCR3-,HC,PB_3,CTCTACGAGGCTACGA-1,-0.10056797643315316
CXCR3+,HC,PB_3,CTCTACGAGTCCGTAT-1,0.6057975802376608
CXCR3-,HC,PB_3,CTCTACGAGTGAAGAG-1,0.06248450352886771
CXCR3-,HC,PB_3,CTCTGGTTCACGGTTA-1,-0.15321463652854678
CXCR3-,HC,PB_3,CTGAAACCAAGCTGGA-1,-0.11464446299234086
CXCR3-,HC,PB_3,CTGAAGTGTGCACTTA-1,0.10989231082725616
CXCR3-,HC,PB_3,CTGAAGTTCCTTAATC-1,-0.1272179923554187
CXCR3-,HC,PB_3,CTGATAGGTACCATCA-1,-0.03253124216985918
CXCR3-,HC,PB_3,CTGATAGTCTGCGTAA-1,0.027866924284443737
CXCR3-,HC,PB_3,CTGATCCAGATATACG-1,0.10361921703388173
CXCR3-,HC,PB_3,CTGATCCGTTGAACTC-1,-0.2253964494628137
CXCR3-,HC,PB_3,CTGATCCTCTTCATGT-1,0.06588267279164735
CXCR3-,HC,PB_3,CTGCCTAAGCAATCTC-1,0.17891514403789324
CXCR3-,HC,PB_3,CTGCCTACATCCCACT-1,-0.39208062155064066
CXCR3-,HC,PB_3,CTGCCTATCCGCAAGC-1,-0.10056797643315316
CXCR3-,HC,PB_3,CTGCCTATCGGACAAG-1,0.05820556138362939
CXCR3-,HC,PB_3,CTGCTGTAGACTTGAA-1,-0.36060588836408736
CXCR3-,HC,PB_3,CTGCTGTGTCGACTGC-1,-0.1738828778061992
CXCR3-,HC,PB_3,CTGGTCTCATAACCTG-1,0.16307482352152874
CXCR3-,HC,PB_3,CTGGTCTGTAGCGTCC-1,0.3175820253902904
CXCR3-,HC,PB_3,CTGGTCTGTATATGGA-1,0.23628814631377937
CXCR3-,HC,PB_3,CTGTGCTAGTTCGATC-1,-0.22406010828631398
CXCR3-,HC,PB_3,CTGTGCTGTGTGCGTC-1,-0.10056797643315316
CXCR3-,HC,PB_3,CTGTGCTTCAAGATCC-1,-0.02013008969367981
CXCR3-,HC,PB_3,CTGTGCTTCCTCAACC-1,-0.10056797643315316
CXCR3-,HC,PB_3,CTGTTTAAGAAGGACA-1,0.32294236896807316
CXCR3-,HC,PB_3,CTGTTTAGTTGCCTCT-1,0.6671330018011631
CXCR3-,HC,PB_3,CTTAACTAGGCTCATT-1,0.0036147698502916803
CXCR3-,HC,PB_3,CTTAACTTCGAACGGA-1,0.14895932394036432
CXCR3+,HC,PB_3,CTTACCGGTACGCTGC-1,0.15301173072997767
CXCR3-,HC,PB_3,CTTACCGGTCAGCTAT-1,1.04023577546715
CXCR3-,HC,PB_3,CTTAGGAAGGCTAGAC-1,0.03227365347771321
CXCR3-,HC,PB_3,CTTAGGACAAAGAATC-1,0.2521852590884909
CXCR3-,HC,PB_3,CTTAGGACATCGATGT-1,-0.10056797643315316
CXCR3-,HC,PB_3,CTTAGGAGTAACGCGA-1,-0.16061253487755206
CXCR3+,HC,PB_3,CTTAGGAGTTGAGTTC-1,0.010872804063046455
CXCR3-,HC,PB_3,CTTCTCTGTTTGGGCC-1,-0.10056797643315316
CXCR3-,HC,PB_3,CTTCTCTTCTGCAAGT-1,0.2559318218105644
CXCR3-,HC,PB_3,CTTGGCTCACCACGTG-1,0.20226875030063315
CXCR3-,HC,PB_3,CTTGGCTGTACTCGCG-1,-0.10056797643315316
CXCR3-,HC,PB_3,CTTTGCGAGTAGCGGT-1,-0.3758503104045182
CXCR3-,HC,PB_3,CTTTGCGAGTCCCACG-1,-0.10056797643315316
CXCR3-,HC,PB_3,CTTTGCGTCACCTTAT-1,-0.638841080944082
CXCR3-,HC,PB_3,GAAATGAAGGTGCTTT-1,-0.10056797643315316
CXCR3+,HC,PB_3,GAAATGACAGCTGTAT-1,-0.10056797643315316
CXCR3-,HC,PB_3,GAAATGATCTATCCTA-1,0.7038755868804882
CXCR3-,HC,PB_3,GAAATGATCTTGGGTA-1,0.27176657537522786
CXCR3-,HC,PB_3,GAACATCAGCCGGTAA-1,0.07978593428054458
CXCR3-,HC,PB_3,GAACATCAGGGCTTGA-1,0.6965434245664834
CXCR3+,HC,PB_3,GAACCTAGTTAAGACA-1,0.5335491628851984
CXCR3-,HC,PB_3,GAACGGACAAAGTCAA-1,0.23133270299602435
CXCR3-,HC,PB_3,GAAGCAGCAATCCGAT-1,-0.28411852642680924
CXCR3-,HC,PB_3,GAATAAGCAAGACACG-1,-0.3487965560467394
CXCR3-,HC,PB_3,GAATAAGCAGCTCCGA-1,-0.10056797643315316
CXCR3-,HC,PB_3,GAATAAGCATCCGTGG-1,-0.2853679709796723
CXCR3-,HC,PB_3,GAATAAGGTGCGCTTG-1,0.008289843380914106
CXCR3-,HC,PB_3,GACACGCCAAACGCGA-1,0.11737245566526623
CXCR3-,HC,PB_3,GACACGCGTTGTGGCC-1,0.4817527241037279
CXCR3-,HC,PB_3,GACAGAGCAGTCAGCC-1,-0.3125131031066181
CXCR3-,HC,PB_3,GACAGAGGTCCATCCT-1,-0.40737458206198696
CXCR3+,HC,PB_3,GACAGAGTCTAGCACA-1,-0.432803913115601
CXCR3+,HC,PB_3,GACAGAGTCTCTTATG-1,0.06774566625848656
CXCR3-,HC,PB_3,GACCAATGTCATCCCT-1,-0.04093542152730061
CXCR3-,HC,PB_3,GACCAATTCTCGTTTA-1,0.2760680954369757
CXCR3+,HC,PB_3,GACCTGGAGGCCCTTG-1,-0.10056797643315316
CXCR3-,HC,PB_3,GACCTGGAGGGTGTGT-1,0.2212882974751096
CXCR3-,HC,PB_3,GACCTGGCATCACGAT-1,-0.10056797643315316
CXCR3-,HC,PB_3,GACCTGGTCACGCGGT-1,-0.10056797643315316
CXCR3-,HC,PB_3,GACGCGTAGTGACATA-1,-0.03321864537185616
CXCR3-,HC,PB_3,GACGCGTTCCAAACTG-1,-0.10056797643315316
CXCR3+,HC,PB_3,GACGCGTTCCCTGACT-1,0.4423243611569633
CXCR3-,HC,PB_3,GACGGCTAGCGTGAGT-1,0.07660896341102925
CXCR3-,HC,PB_3,GACGTGCAGTGGACGT-1,-0.10056797643315316
CXCR3-,HC,PB_3,GACGTGCCACGCCAGT-1,0.05420400945022285
CXCR3-,HC,PB_3,GACGTTAAGAAACGAG-1,-0.035816951735335466
CXCR3-,HC,PB_3,GACGTTACACGAAAGC-1,0.10578814000152488
CXCR3-,HC,PB_3,GACGTTAGTTCGGCAC-1,0.3397922182629426
CXCR3-,HC,PB_3,GACTACAGTCCGAGTC-1,-0.10056797643315316
CXCR3-,HC,PB_3,GACTACAGTGCCTGCA-1,0.7642186930639664
CXCR3-,HC,PB_3,GACTACATCCCAAGAT-1,-0.19810401941235423
CXCR3-,HC,PB_3,GACTACATCCGTAGTA-1,-0.21577367190541571
CXCR3-,HC,PB_3,GACTACATCGAGGTAG-1,-0.3172975114033537
CXCR3-,HC,PB_3,GACTGCGAGACTAAGT-1,-0.10056797643315316
CXCR3-,HC,PB_3,GAGCAGAAGGATGCGT-1,-0.10056797643315316
CXCR3-,HC,PB_3,GAGCAGAGTGTATGGG-1,0.078999864755376
CXCR3-,HC,PB_3,GAGCAGATCATCGGAT-1,0.1510417180844686
CXCR3-,HC,PB_3,GAGGTGACACTTAAGC-1,0.2741130613597688
CXCR3+,HC,PB_3,GAGGTGAGTCTCACCT-1,-0.10056797643315316
CXCR3+,HC,PB_3,GAGGTGATCACCGGGT-1,-0.10056797643315316
CXCR3+,HC,PB_3,GATCGATAGTAACCCT-1,-0.37717496608662415
CXCR3-,HC,PB_3,GATCGATCAAATACAG-1,0.017097039041224584
CXCR3-,HC,PB_3,GATCGATCAATGAATG-1,-0.1152594017579234
CXCR3-,HC,PB_3,GATCGATGTTTGTGTG-1,-0.10056797643315316
CXCR3-,HC,PB_3,GATCGCGAGACTTGAA-1,0.05618057526421105
CXCR3-,HC,PB_3,GATCGCGGTGAAAGAG-1,0.2504515567180542
CXCR3+,HC,PB_3,GATCGCGTCCTCAATT-1,-0.1894331428960058
CXCR3-,HC,PB_3,GATCGTAAGCTAGTGG-1,0.0975794631515903
CXCR3-,HC,PB_3,GATCGTAAGGCCCGTT-1,0.355132451465699
CXCR3-,HC,PB_3,GATCGTAAGGCGCTCT-1,0.22973968219775973
CXCR3-,HC,PB_3,GATCGTAAGTGTCCAT-1,-0.10056797643315316
CXCR3-,HC,PB_3,GATCTAGAGTACACCT-1,0.12488140685123608
CXCR3+,HC,PB_3,GATCTAGAGTCAAGGC-1,-0.10056797643315316
CXCR3-,HC,PB_3,GATCTAGGTCCAGTAT-1,-0.03111955071772659
CXCR3+,HC,PB_3,GATCTAGGTCGGATCC-1,0.07807292191828981
CXCR3-,HC,PB_3,GATCTAGTCTTCGAGA-1,-0.10056797643315316
CXCR3-,HC,PB_3,GATGAAACAGAGCCAA-1,-0.3836672330852027
CXCR3+,HC,PB_3,GATGAAAGTAAATACG-1,0.06922914410576031
CXCR3-,HC,PB_3,GATGAAAGTATAAACG-1,-0.10056797643315316
CXCR3-,HC,PB_3,GATGCTACACGGATAG-1,-0.2849382124007277
CXCR3-,HC,PB_3,GATGCTACAGTTTACG-1,0.0758848096375183
CXCR3-,HC,PB_3,GATGCTAGTCTCTTTA-1,0.24447041070259415
CXCR3-,HC,PB_3,GATGCTAGTCTTCTCG-1,0.09253485044144864
CXCR3+,HC,PB_3,GATGCTATCAGCTCGG-1,-0.2733826586712961
CXCR3-,HC,PB_3,GATGCTATCGAACGGA-1,-0.3178189082821734
CXCR3-,HC,PB_3,GATTCAGAGATGCCTT-1,0.4661986398970655
CXCR3-,HC,PB_3,GATTCAGAGCGAGAAA-1,0.22763134254394865
CXCR3-,HC,PB_3,GATTCAGCACGCCAGT-1,0.3474853544422133
CXCR3-,HC,PB_3,GATTCAGGTGTATGGG-1,0.09935539956830229
CXCR3-,HC,PB_3,GATTCAGTCTTGACGA-1,-0.10056797643315316
CXCR3-,HC,PB_3,GATTCAGTCTTTAGGG-1,-0.10056797643315316
CXCR3-,HC,PB_3,GCAAACTCATAGTAAG-1,0.034398205364064266
CXCR3-,HC,PB_3,GCAAACTGTAAGTTCC-1,0.07240086738587038
CXCR3-,HC,PB_3,GCAAACTGTCAGAAGC-1,-0.10056797643315316
CXCR3-,HC,PB_3,GCAAACTTCCCTAACC-1,-0.0915899608169836
CXCR3+,HC,PB_3,GCAAACTTCTTATCTG-1,-0.11379820746609147
CXCR3-,HC,PB_3,GCAATCAAGAGACTAT-1,-0.20688115573426455
CXCR3-,HC,PB_3,GCAATCACACACCGAC-1,-0.10056797643315316
CXCR3-,HC,PB_3,GCAATCACATATACGC-1,-0.3506564302133141
CXCR3-,HC,PB_3,GCAATCACATGCCTTC-1,0.1393693174913874
CXCR3-,HC,PB_3,GCAATCAGTCAGAATA-1,0.09439698816921425
CXCR3-,HC,PB_3,GCAATCATCAGTTAGC-1,0.18148946952391784
CXCR3-,HC,PB_3,GCAATCATCTTGCATT-1,-0.30841523491443834
CXCR3-,HC,PB_3,GCACATAAGAATGTTG-1,0.07686192732111044
CXCR3-,HC,PB_3,GCACATACAATCTACG-1,0.03753614511907361
CXCR3-,HC,PB_3,GCACATAGTGTGGCTC-1,-0.10056797643315316
CXCR3-,HC,PB_3,GCACTCTAGCATCATC-1,0.057673857594472806
CXCR3-,HC,PB_3,GCACTCTGTCAGATAA-1,0.20444444525320776
CXCR3-,HC,PB_3,GCAGCCAAGTTGAGTA-1,-0.5774648403670671
CXCR3-,HC,PB_3,GCAGCCACAGTTTACG-1,-0.4068367789980526
CXCR3-,HC,PB_3,GCAGTTAAGTCTTGCA-1,0.06833228017612662
CXCR3-,HC,PB_3,GCAGTTAAGTGGAGTC-1,-0.10056797643315316
CXCR3-,HC,PB_3,GCAGTTACAGCTCGCA-1,-0.1323361567439588
CXCR3-,HC,PB_3,GCATACAGTGCAACTT-1,0.42004251298777756
CXCR3-,HC,PB_3,GCATACAGTTCTGAAC-1,-0.10056797643315316
CXCR3-,HC,PB_3,GCATGATAGCCATCGC-1,-0.36233704217120305
CXCR3-,HC,PB_3,GCATGATCAGCGTAAG-1,-0.03456879472344305
CXCR3-,HC,PB_3,GCATGATGTCAACTGT-1,0.05644805255060711
CXCR3-,HC,PB_3,GCATGCGAGGAATCGC-1,0.42780293678029635
CXCR3-,HC,PB_3,GCATGTAAGGTGCAAC-1,-0.10056797643315316
CXCR3-,HC,PB_3,GCATGTACATCATCCC-1,0.2448526160616611
CXCR3-,HC,PB_3,GCATGTACATTGTGCA-1,0.1905293549124351
CXCR3-,HC,PB_3,GCATGTACATTTGCCC-1,0.031525234837622006
CXCR3-,HC,PB_3,GCATGTATCTGGCGTG-1,0.04496379995513384
CXCR3-,HC,PB_3,GCCAAATAGAATAGGG-1,0.37608893391493065
CXCR3-,HC,PB_3,GCCAAATAGAGAACAG-1,0.3758730926251593
CXCR3-,HC,PB_3,GCCAAATCAGGAATGC-1,0.26454098316456764
CXCR3-,HC,PB_3,GCCAAATGTCACTGGC-1,-0.10056797643315316
CXCR3-,HC,PB_3,GCCAAATGTTACGGAG-1,-0.2246796996059774
CXCR3+,HC,PB_3,GCCAAATTCAGCAACT-1,-0.028436480819260052
CXCR3-,HC,PB_3,GCGACCAAGGGCACTA-1,-0.10056797643315316
CXCR3-,HC,PB_3,GCGACCAAGTGCCATT-1,-0.2285503533029644
CXCR3-,HC,PB_3,GCGACCAAGTGTACTC-1,0.17643713708243602
CXCR3-,HC,PB_3,GCGACCACAAGTTAAG-1,-0.10056797643315316
CXCR3+,HC,PB_3,GCGACCACATTGTGCA-1,0.039543307634542155
CXCR3-,HC,PB_3,GCGAGAACAAATTGCC-1,0.19666874010442395
CXCR3-,HC,PB_3,GCGAGAAGTGCGATAG-1,-0.3375044868426138
CXCR3-,HC,PB_3,GCGAGAATCGATAGAA-1,0.28397775177118534
CXCR3-,HC,PB_3,GCGCAACAGCAATCTC-1,-0.10056797643315316
CXCR3-,HC,PB_3,GCGCAACAGTTGTAGA-1,0.49994399768088466
CXCR3-,HC,PB_3,GCGCAACCAGCGTCCA-1,-0.10056797643315316
CXCR3-,HC,PB_3,GCGCAACGTAAAGGAG-1,-0.4497543857272838
CXCR3+,HC,PB_3,GCGCCAAAGCCCAGCT-1,0.14101516473366066
CXCR3+,HC,PB_3,GCGCCAAAGTCACGCC-1,-0.28635209644325194
CXCR3-,HC,PB_3,GCGCCAAAGTGAATTG-1,-0.2271462079707453
CXCR3+,HC,PB_3,GCGCCAACATGCCACG-1,0.12009089383418114
CXCR3-,HC,PB_3,GCGCCAAGTTCCCGAG-1,-0.24983834345198735
CXCR3-,HC,PB_3,GCGCCAATCTAAGCCA-1,0.24495791568909997
CXCR3-,HC,PB_3,GCGCCAATCTGCTGCT-1,-0.10056797643315316
CXCR3-,HC,PB_3,GCGCGATCAGCTGCAC-1,-0.10056797643315316
CXCR3-,HC,PB_3,GCGCGATTCATTCACT-1,0.10098499527875913
CXCR3-,HC,PB_3,GCGGGTTGTAATCGTC-1,-0.27279544076145074
CXCR3+,HC,PB_3,GCGGGTTGTAGGCTGA-1,0.01086056166925553
CXCR3-,HC,PB_3,GCTCCTATCCACTCCA-1,-0.10056797643315316
CXCR3-,HC,PB_3,GCTCCTATCTGCCAGG-1,0.07339914687241147
CXCR3-,HC,PB_3,GCTCTGTAGAGCTGGT-1,-0.10056797643315316
CXCR3+,HC,PB_3,GCTCTGTGTACATCCA-1,-0.10056797643315316
CXCR3+,HC,PB_3,GCTCTGTGTCTCTTAT-1,0.05987281074129548
CXCR3-,HC,PB_3,GCTCTGTTCCGCGGTA-1,-0.6223986045268005
CXCR3-,HC,PB_3,GCTCTGTTCTCCCTGA-1,0.33749699488374235
CXCR3-,HC,PB_3,GCTGCAGAGGTGTGGT-1-1,0.23918000658580393
CXCR3-,HC,PB_3,GCTGCAGGTGCTGTAT-1,-0.23033407264452319
CXCR3-,HC,PB_3,GCTGCGAAGATCGGGT-1,-0.19285913294439316
CXCR3-,HC,PB_3,GCTGCGAGTTGGTTTG-1,0.2723796969502302
CXCR3-,HC,PB_3,GCTGCGATCCACTCCA-1,0.16354946291058411
CXCR3-,HC,PB_3,GCTGCGATCTTGAGAC-1,-0.10056797643315316
CXCR3-,HC,PB_3,GCTGCTTAGACACGAC-1,-0.10056797643315316
CXCR3-,HC,PB_3,GCTGCTTAGCGATATA-1,-0.4410266537829094
CXCR3-,HC,PB_3,GCTGCTTGTATGCTTG-1,0.09246382529831346
CXCR3-,HC,PB_3,GCTGCTTGTGAAGGCT-1,-0.11184678537629407
CXCR3-,HC,PB_3,GCTGGGTCACAGCGTC-1,-0.10056797643315316
CXCR3-,HC,PB_3,GCTGGGTGTGAACCTT-1,-0.10056797643315316
CXCR3-,HC,PB_3,GCTTCCAAGCCCAATT-1,0.13123169515868935
CXCR3-,HC,PB_3,GCTTCCAAGGCGATAC-1,0.11714308945209705
CXCR3-,HC,PB_3,GCTTCCACACGGCTAC-1,-0.011249494876727424
CXCR3-,HC,PB_3,GCTTCCAGTCCGTGAC-1,0.4093410301098614
CXCR3-,HC,PB_3,GCTTGAACATCCTTGC-1,0.1935499601467066
CXCR3-,HC,PB_3,GCTTGAAGTTCTCATT-1,-0.10056797643315316
CXCR3-,HC,PB_3,GGAAAGCAGAGTCTGG-1,0.23031357482180978
CXCR3-,HC,PB_3,GGAAAGCAGGATATAC-1,0.010143588182561796
CXCR3+,HC,PB_3,GGAAAGCTCAACGGCC-1,-0.10056797643315316
CXCR3+,HC,PB_3,GGAACTTCACGCCAGT-1,-0.06533887285511505
CXCR3-,HC,PB_3,GGAACTTCATATACGC-1,-0.2349888925660002
CXCR3-,HC,PB_3,GGAACTTCATTCCTGC-1,0.044446346252276885
CXCR3-,HC,PB_3,GGACAAGCAAGGACTG-1,0.010121402644091235
CXCR3-,HC,PB_3,GGACAAGCAGCGTTCG-1,0.17778562683044338
CXCR3-,HC,PB_3,GGACAAGTCAAACCAC-1,-0.06553819610044116
CXCR3-,HC,PB_3,GGACAGAAGCACACAG-1,-0.03495370786681181
CXCR3+,HC,PB_3,GGACATTAGCTAGTCT-1,0.3122042809902593
CXCR3-,HC,PB_3,GGACATTCAATGCCAT-1,0.09770492013687677
CXCR3-,HC,PB_3,GGACATTGTCTCGTTC-1,-0.29745396298585575
CXCR3-,HC,PB_3,GGAGCAAAGATGCCTT-1,0.08744111110101101
CXCR3-,HC,PB_3,GGATGTTAGCTCCCAG-1,-0.10056797643315316
CXCR3-,HC,PB_3,GGATGTTCATTGCGGC-1,-0.10056797643315316
CXCR3-,HC,PB_3,GGATGTTGTACTCTCC-1,0.22393907465325752
CXCR3+,HC,PB_3,GGATGTTGTGGTCCGT-1,0.04373622629836175
CXCR3-,HC,PB_3,GGATGTTTCTGAGGGA-1,-0.10056797643315316
CXCR3-,HC,PB_3,GGATTACAGGAGTTTA-1,-0.2300393889680979
CXCR3-,HC,PB_3,GGATTACGTAGCTCCG-1,-0.10056797643315316
CXCR3-,HC,PB_3,GGATTACTCGCATGGC-1,-0.22407772326541678
CXCR3-,HC,PB_3,GGCAATTGTGAGGCTA-1,-0.10056797643315316
CXCR3-,HC,PB_3,GGCAATTGTTTGTGTG-1,-0.30250894042835036
CXCR3-,HC,PB_3,GGCAATTTCGCCAAAT-1,0.02202300248890199
CXCR3-,HC,PB_3,GGCAATTTCTGCCAGG-1,0.21306784689321473
CXCR3-,HC,PB_3,GGCCGATAGCTTCGCG-1,-0.27554805764157764
CXCR3-,HC,PB_3,GGCCGATAGTGTGGCA-1,-0.2028173600782822
CXCR3-,HC,PB_3,GGCCGATCACCACCAG-1,0.21725131015095986
CXCR3-,HC,PB_3,GGCCGATGTCCTCTTG-1,-0.10056797643315316
CXCR3+,HC,PB_3,GGCCGATGTGCCTGTG-1,0.3375407329131268
CXCR3-,HC,PB_3,GGCCGATTCAGTCCCT-1,0.31459886122899156
CXCR3-,HC,PB_3,GGCGACTAGTGGTCCC-1,-0.2919172626351001
CXCR3-,HC,PB_3,GGCGACTCAGAAGCAC-1,0.007152638251401825
CXCR3-,HC,PB_3,GGCGACTCAGGGTTAG-1,-0.10056797643315316
CXCR3-,HC,PB_3,GGCGACTGTCATGCCG-1,-0.27609181876767835
CXCR3-,HC,PB_3,GGCGACTTCACAGGCC-1,-0.2608483634558482
CXCR3-,HC,PB_3,GGCGACTTCCGCTGTT-1,-0.27413801323029946
CXCR3-,HC,PB_3,GGCGTGTGTTCGTTGA-1,0.17316120516710323
CXCR3+,HC,PB_3,GGCGTGTTCCAGTAGT-1,0.29034418980063065
CXCR3-,HC,PB_3,GGCTCGAAGCCGATTT-1,-0.10056797643315316
CXCR3-,HC,PB_3,GGCTGGTAGCCCAATT-1,-0.08155900328811025
CXCR3-,HC,PB_3,GGCTGGTAGGGTCGAT-1,-0.10056797643315316
CXCR3+,HC,PB_3,GGCTGGTCAGCCTGTG-1,-0.09917682583877531
CXCR3-,HC,PB_3,GGCTGGTGTTGCGTTA-1,-0.32175061284292333
CXCR3-,HC,PB_3,GGCTGGTGTTTGACAC-1,0.05550289412127542
CXCR3-,HC,PB_3,GGGAATGCAACACCCG-1,-0.10056797643315316
CXCR3-,HC,PB_3,GGGAATGTCTGTTGAG-1,-0.2438107858572472
CXCR3-,HC,PB_3,GGGACCTAGCGTAATA-1,-0.19310136534715236
CXCR3-,HC,PB_3,GGGACCTGTGATGATA-1,-0.10056797643315316
CXCR3-,HC,PB_3,GGGAGATAGACTGGGT-1,-0.10056797643315316
CXCR3-,HC,PB_3,GGGAGATTCCACGACG-1,0.29866173639114013
CXCR3-,HC,PB_3,GGGCACTAGACTCGGA-1,-0.32550557717061845
CXCR3-,HC,PB_3,GGGCACTAGCAAATCA-1,-0.005720905144209342
CXCR3-,HC,PB_3,GGGCATCAGTGAACAT-1,-0.10056797643315316
CXCR3-,HC,PB_3,GGGCATCGTTTCGCTC-1,-0.10056797643315316
CXCR3-,HC,PB_3,GGGCATCTCTGATACG-1,0.1737320454416344
CXCR3-,HC,PB_3,GGGTCTGAGAGCTGCA-1-1,-0.03792418465364722
CXCR3-,HC,PB_3,GGGTCTGAGATACACA-1,0.03857182237802924
CXCR3-,HC,PB_3,GGGTCTGGTAGGCATG-1,-0.10056797643315316
CXCR3-,HC,PB_3,GGGTTGCAGCCCGAAA-1,0.611217267202571
CXCR3-,HC,PB_3,GGGTTGCCAAGTTGTC-1,0.2119482247176095
CXCR3-,HC,PB_3,GGGTTGCCACCCATGG-1,-0.020074400031596145
CXCR3-,HC,PB_3,GGGTTGCGTAGCGTCC-1,0.15772705188052574
CXCR3-,HC,PB_3,GGTATTGAGGGTTCCC-1,0.34224264854701986
CXCR3-,HC,PB_3,GGTATTGCACTTGGAT-1,-0.5393193981948156
CXCR3-,HC,PB_3,GGTATTGGTACAGTGG-1,-0.09879093401496362
CXCR3-,HC,PB_3,GGTATTGGTAGGGTAC-1,-0.5031428423543672
CXCR3+,HC,PB_3,GGTATTGGTCAAGCGA-1,-0.2070328513748505
CXCR3-,HC,PB_3,GGTGAAGAGTTAGCGG-1,-0.10056797643315316
CXCR3-,HC,PB_3,GGTGAAGTCCGAATGT-1,-0.10056797643315316
CXCR3-,HC,PB_3,GGTGCGTCAGGCTGAA-1,-0.10056797643315316
CXCR3-,HC,PB_3,GGTGCGTGTACGCACC-1,0.2039934626154978
CXCR3-,HC,PB_3,GGTGCGTTCCTGCCAT-1,-0.10056797643315316
CXCR3+,HC,PB_3,GGTGTTAAGCTCCTTC-1,-0.2458938545921399
CXCR3-,HC,PB_3,GGTGTTAAGTGGTAGC-1,0.019160315741271194
CXCR3-,HC,PB_3,GGTGTTACAGCTCGAC-1,-0.10056797643315316
CXCR3-,HC,PB_3,GTAACGTAGCCCTAAT-1,-0.10056797643315316
CXCR3-,HC,PB_3,GTAACGTAGCCGGTAA-1,-0.10056797643315316
CXCR3-,HC,PB_3,GTAACGTAGCGATGAC-1,1.0114460800636471
CXCR3-,HC,PB_3,GTAACTGCAAAGGCGT-1,0.3242757218377288
CXCR3-,HC,PB_3,GTAACTGCACGTGAGA-1,-0.6519389009346395
CXCR3-,HC,PB_3,GTAACTGCATGGAATA-1,-0.10056797643315316
CXCR3-,HC,PB_3,GTACGTAAGCAGATCG-1,-0.05335612857257425
CXCR3-,HC,PB_3,GTACGTAGTTTAAGCC-1,-0.34622847858019323
CXCR3-,HC,PB_3,GTACGTATCACGACTA-1,0.31773729022718683
CXCR3+,HC,PB_3,GTACTCCGTTGTGGCC-1,-0.1607223331957184
CXCR3+,HC,PB_3,GTACTCCTCCAAACTG-1,-0.4903309742706262
CXCR3-,HC,PB_3,GTACTCCTCGACAGCC-1,0.25892892838835196
CXCR3-,HC,PB_3,GTACTTTCAATGACCT-1,-0.31482749895009804
CXCR3-,HC,PB_3,GTACTTTCACGTTGGC-1,-0.0370892233503383
CXCR3-,HC,PB_3,GTAGGCCCATAGACTC-1,-0.10056797643315316
CXCR3-,HC,PB_3,GTAGGCCGTGCACCAC-1,-0.035128999191013865
CXCR3-,HC,PB_3,GTAGGCCGTTAGTGGG-1,0.42611246225896854
CXCR3-,HC,PB_3,GTAGGCCGTTCGCTAA-1,-0.21370541485992284
CXCR3-,HC,PB_3,GTAGTCAAGCTAGGCA-1,-0.7153523038408715
CXCR3-,HC,PB_3,GTAGTCACAAAGGCGT-1,-0.1486132897892583
CXCR3-,HC,PB_3,GTAGTCACATCCAACA-1,0.13247006986289966
CXCR3-,HC,PB_3,GTAGTCAGTCTAAAGA-1,-0.10056797643315316
CXCR3-,HC,PB_3,GTATCTTGTTCGGCAC-1,0.441315886940553
CXCR3-,HC,PB_3,GTATTCTTCCACGCAG-1,-0.2939420774344046
CXCR3+,HC,PB_3,GTCAAGTCAGCAGTTT-1,-0.1968553359654192
CXCR3-,HC,PB_3,GTCACAAAGGCGTACA-1,0.1674125428332771
CXCR3-,HC,PB_3,GTCACAATCAACACCA-1,-0.07165554352066437
CXCR3-,HC,PB_3,GTCACAATCACATGCA-1,-0.005284954326996526
CXCR3-,HC,PB_3,GTCACGGAGAAGGTGA-1,-0.10056797643315316
CXCR3-,HC,PB_3,GTCACGGAGACGACGT-1,-0.11624526166099698
CXCR3-,HC,PB_3,GTCACGGAGGGAAACA-1,-0.10056797643315316
CXCR3-,HC,PB_3,GTCACGGGTAATCACC-1,0.44599025676556975
CXCR3-,HC,PB_3,GTCACGGTCCTCCTAG-1,-0.10056797643315316
CXCR3-,HC,PB_3,GTCATTTCATCCTTGC-1,-0.24894491500221513
CXCR3-,HC,PB_3,GTCCTCAGTACAGACG-1,-0.2556393238816518
CXCR3-,HC,PB_3,GTCCTCAGTCACTTCC-1,-0.3276787225112952
CXCR3-,HC,PB_3,GTCCTCAGTCTCTCGT-1,-0.10056797643315316
CXCR3-,HC,PB_3,GTCGGGTTCTGTGCAA-1,-0.10056797643315316
CXCR3-,HC,PB_3,GTCGTAACAACACCTA-1,0.7313089347323981
CXCR3-,HC,PB_3,GTCGTAACATCCCATC-1,0.4936649740331832
CXCR3+,HC,PB_3,GTCGTAACATGTCCTC-1,0.13688382467467566
CXCR3-,HC,PB_3,GTCGTAAGTTAGTGGG-1,0.11322705752168959
CXCR3-,HC,PB_3,GTCTCGTTCACGCGGT-1,-0.10056797643315316
CXCR3-,HC,PB_3,GTCTTCGAGAGCTATA-1,0.8357830037608018
CXCR3-,HC,PB_3,GTCTTCGAGCTAACAA-1,-0.10056797643315316
CXCR3-,HC,PB_3,GTCTTCGGTTAGGGTG-1,-0.10056797643315316
CXCR3-,HC,PB_3,GTCTTCGTCTGTTTGT-1,-0.10056797643315316
CXCR3-,HC,PB_3,GTGAAGGGTGGCGAAT-1,-0.10056797643315316
CXCR3+,HC,PB_3,GTGCAGCAGCGCTTAT-1,0.18696016303748925
CXCR3-,HC,PB_3,GTGCAGCAGTGTCTCA-1,0.06776361906131044
CXCR3+,HC,PB_3,GTGCAGCCAGGATTGG-1,0.17038272618900363
CXCR3-,HC,PB_3,GTGCATAAGAATAGGG-1,-0.07609847401033078
CXCR3-,HC,PB_3,GTGCATAAGTGTGAAT-1,-0.24277852437010475
CXCR3-,HC,PB_3,GTGCATAAGTTAACGA-1,0.033624914379387354
CXCR3-,HC,PB_3,GTGCGGTCATCCTAGA-1,-0.050677131777700245
CXCR3-,HC,PB_3,GTGCTTCAGCTGAAAT-1,-0.044732237589809494
CXCR3-,HC,PB_3,GTGCTTCCAAGAGTCG-1,-0.21956612449482346
CXCR3-,HC,PB_3,GTGCTTCTCCAAACTG-1,0.03776511155267202
CXCR3-,HC,PB_3,GTGCTTCTCCTTCAAT-1,0.2993668393114331
CXCR3-,HC,PB_3,GTGGGTCAGTACACCT-1,-0.19530522367994751
CXCR3+,HC,PB_3,GTGGGTCCATGCAATC-1,-0.23584928852327205
CXCR3-,HC,PB_3,GTGGGTCGTGCTAGCC-1,-0.10056797643315316
CXCR3-,HC,PB_3,GTGTGCGAGCGTAATA-1,0.01443831469084389
CXCR3-,HC,PB_3,GTGTGCGGTCTAGGTT-1,0.2848387888416703
CXCR3+,HC,PB_3,GTGTGCGGTTTGTTGG-1,-0.2333883032006511
CXCR3+,HC,PB_3,GTGTGCGTCTTCAACT-1,0.006330202825658231
CXCR3-,HC,PB_3,GTGTTAGGTCGGCACT-1,0.09976773487516437
CXCR3-,HC,PB_3,GTTAAGCAGAGCTTCT-1,-0.10056797643315316
CXCR3-,HC,PB_3,GTTAAGCCAGTCGATT-1,0.11250030426822484
CXCR3-,HC,PB_3,GTTAAGCGTCAGAATA-1-1,-0.04309097248803971
CXCR3+,HC,PB_3,GTTACAGAGCCAGTAG-1,0.10129821919850006
CXCR3-,HC,PB_3,GTTACAGAGTGCCAGA-1,-0.10056797643315316
CXCR3+,HC,PB_3,GTTACAGCACCAACCG-1,0.15692886517402987
CXCR3-,HC,PB_3,GTTACAGCAGCGAACA-1,0.5612886882420728
CXCR3-,HC,PB_3,GTTACAGGTTTCCACC-1,0.1609326168493092
CXCR3-,HC,PB_3,GTTCATTCAGATTGCT-1,0.10441012346892302
CXCR3-,HC,PB_3,GTTCATTGTCTGCCAG-1,0.507452718179809
CXCR3-,HC,PB_3,GTTTCTACATCCCATC-1,0.13555304033446264
CXCR3-,HC,PB_3,TAAGAGACAAGTAGTA-1,0.375788860500125
CXCR3-,HC,PB_3,TAAGAGAGTTAGATGA-1,-0.10056797643315316
CXCR3+,HC,PB_3,TAAGAGATCCTACAGA-1,0.3405471137894843
CXCR3-,HC,PB_3,TAAGCGTAGTGTTGAA-1,0.1235483131056919
CXCR3-,HC,PB_3,TAAGCGTGTGTTCTTT-1,-0.10056797643315316
CXCR3-,HC,PB_3,TAAGTGCCAGGTCCAC-1,0.2608916275230335
CXCR3-,HC,PB_3,TAAGTGCCATATGCTG-1,-0.10056797643315316
CXCR3+,HC,PB_3,TAAGTGCGTGGTCTCG-1,-0.10056797643315316
CXCR3-,HC,PB_3,TAAGTGCTCGGCGCAT-1,-0.25796984789806887
CXCR3-,HC,PB_3,TACACGAAGTGAACGC-1,0.06446363298209568
CXCR3-,HC,PB_3,TACACGAGTCTAGCCG-1,0.4371743106335529
CXCR3-,HC,PB_3,TACACGAGTTGGTGGA-1,-0.10056797643315316
CXCR3-,HC,PB_3,TACAGTGCACTACAGT-1,0.17903144882147992
CXCR3-,HC,PB_3,TACAGTGTCCTTGACC-1,0.026590403277763845
CXCR3-,HC,PB_3,TACAGTGTCGAACGGA-1,0.0619232188909701
CXCR3-,HC,PB_3,TACAGTGTCGAGGTAG-1,-0.3911858415360231
CXCR3-,HC,PB_3,TACAGTGTCGGAAATA-1,0.1330022657332268
CXCR3-,HC,PB_3,TACCTATGTCCAAGTT-1,-0.10056797643315316
CXCR3+,HC,PB_3,TACCTATTCACTTACT-1,0.12520606174048948
CXCR3-,HC,PB_3,TACCTATTCCCTGACT-1,-0.02378371593711142
CXCR3+,HC,PB_3,TACCTATTCTTGTCAT-1,0.05901318169140405
CXCR3-,HC,PB_3,TACCTTAAGATGTGTA-1,0.6098865456870672
CXCR3-,HC,PB_3,TACCTTACACGAAAGC-1,-0.20444475382477442
CXCR3-,HC,PB_3,TACCTTACAGTCAGAG-1,-0.10056797643315316
CXCR3-,HC,PB_3,TACGGATAGAGTCGGT-1,0.12735807185810927
CXCR3-,HC,PB_3,TACGGATCATTAGCCA-1,0.2756505281438474
CXCR3-,HC,PB_3,TACGGATGTTGAGGTG-1,0.0479421865006743
CXCR3-,HC,PB_3,TACGGGCAGCCTATGT-1,-0.10056797643315316
CXCR3-,HC,PB_3,TACGGGCCACCATGTA-1,0.03087071485307491
CXCR3-,HC,PB_3,TACGGGCCAGCTATTG-1,-0.231227989351581
CXCR3-,HC,PB_3,TACGGGCGTAAGTGGC-1,-0.10056797643315316
CXCR3-,HC,PB_3,TACGGGCGTTAGAACA-1,-0.046836019520293135
CXCR3-,HC,PB_3,TACGGGCGTTAGGGTG-1,0.4667984610995518
CXCR3-,HC,PB_3,TACGGGCTCGAATGGG-1,-0.1298949795816374
CXCR3-,HC,PB_3,TACGGGCTCGCGTTTC-1,0.2746491714208421
CXCR3-,HC,PB_3,TACGGTAAGGAGCGAG-1,-0.10056797643315316
CXCR3-,HC,PB_3,TACGGTATCACAATGC-1,0.04369828391926584
CXCR3-,HC,PB_3,TACTTACCATGCCTAA-1,0.6529656217204033
CXCR3-,HC,PB_3,TACTTACGTAACGCGA-1-1,-0.2086678246153529
CXCR3-,HC,PB_3,TACTTGTCAATAGCGG-1,-0.4190356232139726
CXCR3-,HC,PB_3,TACTTGTCAATTGCTG-1,-0.10056797643315316
CXCR3-,HC,PB_3,TACTTGTCATCCGTGG-1,0.540299318705832
CXCR3-,HC,PB_3,TACTTGTGTCTCAACA-1,-0.10056797643315316
CXCR3+,HC,PB_3,TAGACCAAGATCCGAG-1,0.47102241079260326
CXCR3+,HC,PB_3,TAGACCAAGTGATCGG-1,0.1315668240109825
CXCR3-,HC,PB_3,TAGACCAAGTGGGCTA-1,0.17285758780109375
CXCR3-,HC,PB_3,TAGAGCTAGTGGAGAA-1,-0.5941817968337023
CXCR3-,HC,PB_3,TAGAGCTTCTCCAACC-1,-0.3018251628070054
CXCR3-,HC,PB_3,TAGCCGGCATGAGCGA-1,0.4685918431252856
CXCR3-,HC,PB_3,TAGCCGGGTATAAACG-1,-0.24967097898364457
CXCR3+,HC,PB_3,TAGGCATCAAAGTGCG-1,-0.10056797643315316
CXCR3-,HC,PB_3,TAGGCATTCACCACCT-1,-0.2567782534702668
CXCR3-,HC,PB_3,TAGTGGTAGACGCTTT-1,-0.04343997490580415
CXCR3-,HC,PB_3,TAGTGGTGTAGGGTAC-1,-0.06273977544274377
CXCR3-,HC,PB_3,TAGTGGTGTATGCTTG-1,-0.47478570971920514
CXCR3-,HC,PB_3,TAGTGGTTCTGCTTGC-1,-0.08478971117497643
CXCR3-,HC,PB_3,TAGTTGGAGCCACGCT-1,-0.35926061261117864
CXCR3+,HC,PB_3,TAGTTGGAGGTGCTAG-1,-0.9370634346194476
CXCR3-,HC,PB_3,TAGTTGGAGTGCCATT-1,-0.11732861759343505
CXCR3-,HC,PB_3,TAGTTGGTCCCTAATT-1,0.6719301420766178
CXCR3-,HC,PB_3,TATCAGGAGTTCGCAT-1,0.14161544694284195
CXCR3-,HC,PB_3,TATCAGGGTGTAAGTA-1,0.2178772104495974
CXCR3-,HC,PB_3,TATCAGGTCAACTCTT-1,-0.11637635464698888
CXCR3-,HC,PB_3,TATCAGGTCGGCCGAT-1,-0.10056797643315316
CXCR3-,HC,PB_3,TATGCCCAGCCGTCGT-1,-0.05402251521452158
CXCR3+,HC,PB_3,TATGCCCGTGAAAGAG-1,-0.06587022146852957
CXCR3-,HC,PB_3,TATGCCCTCTGGTATG-1,-0.10056797643315316
CXCR3-,HC,PB_3,TCAACGACATCGGGTC-1,-0.06448648587427805
CXCR3-,HC,PB_3,TCAACGAGTAGCGCTC-1,-0.034606819737200735
CXCR3+,HC,PB_3,TCAATCTCACCTGGTG-1,-0.10056797643315316
CXCR3-,HC,PB_3,TCAATCTCACCTTGTC-1,-0.01108350235978133
CXCR3-,HC,PB_3,TCACAAGTCGGCCGAT-1,0.26377021120969124
CXCR3-,HC,PB_3,TCACGAACAAGACACG-1,1.053309093152482
CXCR3-,HC,PB_3,TCACGAACATCCGGGT-1,0.09212566038664657
CXCR3-,HC,PB_3,TCACGAACATGCAATC-1,0.24887294699182494
CXCR3-,HC,PB_3,TCACGAATCAATCACG-1,-0.19502114541955978
CXCR3-,HC,PB_3,TCAGATGAGTTACGGG-1,-0.354014986958064
CXCR3+,HC,PB_3,TCAGATGAGTTAGGTA-1,-0.17206816958398458
CXCR3-,HC,PB_3,TCAGATGAGTTGAGAT-1,0.17811761175540822
CXCR3-,HC,PB_3,TCAGATGCAATCCGAT-1,-0.5608270428179114
CXCR3-,HC,PB_3,TCAGATGCACGCATCG-1,-0.10056797643315316
CXCR3-,HC,PB_3,TCAGATGGTCAAAGAT-1,0.18582948357979065
CXCR3-,HC,PB_3,TCAGATGTCCGTTGCT-1,-0.16663087763821302
CXCR3+,HC,PB_3,TCAGCAAAGCTGAAAT-1,-0.03570774896803963
CXCR3+,HC,PB_3,TCAGCAACACTTAACG-1,-0.25612256203506717
CXCR3-,HC,PB_3,TCAGCTCAGCCCAACC-1,-0.10056797643315316
CXCR3-,HC,PB_3,TCAGCTCCACTACAGT-1,-0.2659886000262775
CXCR3-,HC,PB_3,TCAGCTCGTCCCGACA-1,-0.23819208074394757
CXCR3-,HC,PB_3,TCAGCTCTCTGTTTGT-1,-0.06474139338774278
CXCR3-,HC,PB_3,TCAGGATTCCCTGACT-1,-0.10056797643315316
CXCR3+,HC,PB_3,TCAGGATTCGCTGATA-1,-0.10056797643315316
CXCR3+,HC,PB_3,TCAGGTAAGGCGATAC-1,0.08220443147729954
CXCR3-,HC,PB_3,TCAGGTACAACGATCT-1,-0.5914916741739996
CXCR3-,HC,PB_3,TCATTACCAGTTCATG-1,-0.018124362903753948
CXCR3-,HC,PB_3,TCATTACCATCCGTGG-1,-0.4237819976512941
CXCR3-,HC,PB_3,TCATTACGTAGAGTGC-1,-0.10056797643315316
CXCR3+,HC,PB_3,TCATTACGTATAGGGC-1,-0.16493983788988548
CXCR3-,HC,PB_3,TCATTACGTCGGCACT-1,-0.3174292940515417
CXCR3+,HC,PB_3,TCATTACTCACATACG-1-1,0.5149089911178003
CXCR3-,HC,PB_3,TCATTACTCCTTGCCA-1,0.11279473098559212
CXCR3-,HC,PB_3,TCATTTGCAATGGAAT-1,-0.10056797643315316
CXCR3+,HC,PB_3,TCATTTGGTCCAGTTA-1,-0.10056797643315316
CXCR3-,HC,PB_3,TCATTTGGTGGTAACG-1,-0.06217765334710594
CXCR3+,HC,PB_3,TCATTTGTCTTCCTTC-1,-0.10056797643315316
CXCR3-,HC,PB_3,TCCACACAGCAGGCTA-1,0.09266633054572335
CXCR3-,HC,PB_3,TCCACACCACCAGGTC-1,0.21632392018484095
CXCR3-,HC,PB_3,TCCACACGTGAAATCA-1,0.1829566311247799
CXCR3-,HC,PB_3,TCCACACGTGTAACGG-1,-0.19771715660600028
CXCR3-,HC,PB_3,TCCACACTCCAGATCA-1,-0.2160297107649827
CXCR3+,HC,PB_3,TCCCGATAGTCAATAG-1,-0.19229610580212228
CXCR3-,HC,PB_3,TCCCGATCACAAGCCC-1,-0.2650523738754429
CXCR3-,HC,PB_3,TCCCGATCAGGTGCCT-1,0.17718343323983352
CXCR3-,HC,PB_3,TCCCGATCATCAGTCA-1,-0.10056797643315316
CXCR3-,HC,PB_3,TCCCGATTCTGCTTGC-1,-0.022253695102822064
CXCR3+,HC,PB_3,TCGAGGCCAGGCAGTA-1,-0.10056797643315316
CXCR3+,HC,PB_3,TCGAGGCGTACAAGTA-1,0.31247119311291216
CXCR3-,HC,PB_3,TCGAGGCGTCCATCCT-1,0.4380460732730634
CXCR3-,HC,PB_3,TCGAGGCGTTATCGGT-1,-0.10056797643315316
CXCR3-,HC,PB_3,TCGCGAGCAATGAATG-1,0.40355470015090233
CXCR3-,HC,PB_3,TCGCGAGCAGGACCCT-1,-0.10056797643315316
CXCR3-,HC,PB_3,TCGCGAGCAGTAAGCG-1,-0.10056797643315316
CXCR3-,HC,PB_3,TCGCGAGGTTCACCTC-1,-0.3369424761751211
CXCR3-,HC,PB_3,TCGCGTTAGCGCCTCA-1,0.09088836783747241
CXCR3-,HC,PB_3,TCGCGTTAGGGTCTCC-1,-0.2349492989781603
CXCR3-,HC,PB_3,TCGCGTTCAGTATGCT-1,-0.6225050192661009
CXCR3-,HC,PB_3,TCGGGACGTGTCCTCT-1,-0.40980931648670055
CXCR3-,HC,PB_3,TCGGGACTCATACGGT-1,-0.10056797643315316
CXCR3-,HC,PB_3,TCGGGACTCTGATTCT-1,0.5025531786110514
CXCR3+,HC,PB_3,TCGGTAAAGCCATCGC-1,-0.10056797643315316
CXCR3-,HC,PB_3,TCGGTAACAATACGCT-1,-0.10056797643315316
CXCR3-,HC,PB_3,TCGTAGAGTCCGTCAG-1,0.06462233840520362
CXCR3+,HC,PB_3,TCTATTGGTGTAATGA-1,0.3391868052973351
CXCR3-,HC,PB_3,TCTCATATCTAACCGA-1,-0.18715772003836997
CXCR3-,HC,PB_3,TCTCTAAAGGCTCATT-1,0.165789345247737
CXCR3-,HC,PB_3,TCTCTAACAGCCTATA-1,-0.2694172288503019
CXCR3-,HC,PB_3,TCTGAGAAGAATGTGT-1,0.42341431668826995
CXCR3-,HC,PB_3,TCTGAGAGTCAGATAA-1,-0.042683269189252124
CXCR3-,HC,PB_3,TCTTCGGGTGATGATA-1,-0.2797005627553633
CXCR3-,HC,PB_3,TCTTCGGTCTAACCGA-1,0.41070294717285066
CXCR3-,HC,PB_3,TCTTTCCCAAGCGAGT-1,-0.09882784957627798
CXCR3-,HC,PB_3,TCTTTCCCAGCATACT-1,-0.19448737864951443
CXCR3-,HC,PB_3,TGAAAGAAGAACTCGG-1,-0.04000126925816484
CXCR3-,HC,PB_3,TGAAAGAAGATATGCA-1,-0.10056797643315316
CXCR3-,HC,PB_3,TGAAAGAAGGGAGTAA-1,0.0437481438020131
CXCR3-,HC,PB_3,TGAAAGATCATGTGGT-1,0.09483245956786376
CXCR3-,HC,PB_3,TGAAAGATCTGATTCT-1,0.159935073793365
CXCR3-,HC,PB_3,TGACAACGTCATTAGC-1,-0.10056797643315316
CXCR3-,HC,PB_3,TGACGGCAGAGGGATA-1,0.14195689571258102
CXCR3-,HC,PB_3,TGACGGCAGGCAATTA-1,0.27391478489712134
CXCR3-,HC,PB_3,TGACGGCAGGTTCCTA-1,0.26314982940913295
CXCR3-,HC,PB_3,TGACGGCTCAAACCAC-1,0.13743784903478215
CXCR3-,HC,PB_3,TGACGGCTCAGCAACT-1,-0.6788610110701189
CXCR3-,HC,PB_3,TGACGGCTCGAACTGT-1,0.1559027757506754
CXCR3+,HC,PB_3,TGACGGCTCTCAAACG-1,-0.3848412745480837
CXCR3-,HC,PB_3,TGACTAGAGTCCAGGA-1,-0.10056797643315316
CXCR3-,HC,PB_3,TGACTAGCAGGCTGAA-1,-0.2913325345038951
CXCR3-,HC,PB_3,TGAGAGGTCCAGATCA-1,-0.10056797643315316
CXCR3+,HC,PB_3,TGAGAGGTCTGAAAGA-1,-0.11889397126420267
CXCR3-,HC,PB_3,TGAGCATAGCTTATCG-1,-0.10056797643315316
CXCR3+,HC,PB_3,TGAGCATCAAGTCTAC-1,0.10241579461247985
CXCR3-,HC,PB_3,TGAGCATCAGATGAGC-1,0.13503151059986687
CXCR3-,HC,PB_3,TGAGCATGTCCAGTAT-1,0.08790382049606675
CXCR3-,HC,PB_3,TGAGCATTCTACCTGC-1,-0.15153138127127797
CXCR3-,HC,PB_3,TGAGCCGAGGGTTCCC-1,0.13786307602274556
CXCR3-,HC,PB_3,TGAGCCGTCTCGAGTA-1,-0.10056797643315316
CXCR3+,HC,PB_3,TGAGGGAAGAGTCGGT-1,-0.10056797643315316
CXCR3-,HC,PB_3,TGAGGGATCAGCGATT-1,-0.10056797643315316
CXCR3-,HC,PB_3,TGATTTCTCTAACTGG-1,0.10097927704070343
CXCR3-,HC,PB_3,TGCACCTAGCGCCTCA-1,0.07953117754079356
CXCR3-,HC,PB_3,TGCACCTGTTTGACAC-1,-0.10056797643315316
CXCR3-,HC,PB_3,TGCACCTTCCAAACAC-1,0.48326595916355697
CXCR3-,HC,PB_3,TGCCAAACAATAACGA-1,-0.10056797643315316
CXCR3-,HC,PB_3,TGCCAAATCACGGTTA-1,-0.2707426231856371
CXCR3-,HC,PB_3,TGCGCAGCACAACTGT-1,-0.09024297327830229
CXCR3-,HC,PB_3,TGCGCAGCAGACAAGC-1,-0.10056797643315316
CXCR3-,HC,PB_3,TGCGCAGCATGACGGA-1,-0.10056797643315316
CXCR3-,HC,PB_3,TGCGCAGGTTCCATGA-1,0.6552692945256818
CXCR3-,HC,PB_3,TGCGGGTCAACGATGG-1,-0.10056797643315316
CXCR3-,HC,PB_3,TGCGGGTCATCTACGA-1,0.5651304744013006
CXCR3-,HC,PB_3,TGCGGGTGTGCTCTTC-1,-0.42407352726149056
CXCR3-,HC,PB_3,TGCGTGGGTCTCGTTC-1,0.35235634105187047
CXCR3+,HC,PB_3,TGCTGCTGTGCAGGTA-1,0.3854637990504588
CXCR3-,HC,PB_3,TGCTGCTTCCATGAGT-1,0.48032890888284563
CXCR3-,HC,PB_3,TGGACGCAGCACACAG-1,0.03375292489060347
CXCR3+,HC,PB_3,TGGACGCCATCACGTA-1,0.17842801029856734
CXCR3-,HC,PB_3,TGGACGCGTGCTAGCC-1,-0.015859650140728654
CXCR3-,HC,PB_3,TGGCCAGAGGAGTAGA-1,-0.10056797643315316
CXCR3-,HC,PB_3,TGGCCAGCAACTGCGC-1,-0.10056797643315316
CXCR3-,HC,PB_3,TGGCCAGCACTGTTAG-1,0.07074832526540449
CXCR3+,HC,PB_3,TGGCCAGGTTATCGGT-1,0.20292338488718314
CXCR3-,HC,PB_3,TGGCCAGTCACTTATC-1,-0.10056797643315316
CXCR3-,HC,PB_3,TGGCGCAAGAACAATC-1,0.5188172137953377
CXCR3-,HC,PB_3,TGGCGCAAGAATTGTG-1,-0.10056797643315316
CXCR3-,HC,PB_3,TGGCGCAAGGATGGAA-1,-0.23648105403796585
CXCR3+,HC,PB_3,TGGCGCAGTACGCACC-1,-0.10056797643315316
CXCR3-,HC,PB_3,TGGCGCATCGAATGGG-1,-0.10056797643315316
CXCR3-,HC,PB_3,TGGCGCATCGTGGTCG-1,-0.10056797643315316
CXCR3-,HC,PB_3,TGGCTGGCAATGGTCT-1,-0.28826120354813184
CXCR3-,HC,PB_3,TGGCTGGGTCGTCTTC-1,-0.10056797643315316
CXCR3+,HC,PB_3,TGGCTGGGTGCTGTAT-1,0.11147351795017747
CXCR3+,HC,PB_3,TGGGAAGAGGTAGCTG-1,0.2167116156299375
CXCR3-,HC,PB_3,TGGGAAGTCACTCTTA-1,-0.951453743271539
CXCR3-,HC,PB_3,TGGGAAGTCCTAAGTG-1,1.1399545509720457
CXCR3-,HC,PB_3,TGGGCGTAGCGTGAGT-1,0.05625358764137916
CXCR3-,HC,PB_3,TGGGCGTAGCGTTCCG-1-1,-0.048975600559622835
CXCR3-,HC,PB_3,TGGGCGTGTATAATGG-1,0.4615322295196371
CXCR3-,HC,PB_3,TGGGCGTTCAAACGGG-1,-0.10056797643315316
CXCR3-,HC,PB_3,TGGTTAGCACACTGCG-1,-0.10056797643315316
CXCR3-,HC,PB_3,TGGTTAGGTACCAGTT-1,0.2903137041328706
CXCR3-,HC,PB_3,TGGTTAGTCCTTTCTC-1,0.2743215516826179
CXCR3-,HC,PB_3,TGGTTCCAGAGGTACC-1,-0.10056797643315316
CXCR3-,HC,PB_3,TGGTTCCAGGGAACGG-1,-0.10056797643315316
CXCR3-,HC,PB_3,TGGTTCCGTAGCTCCG-1,0.19027272269679138
CXCR3-,HC,PB_3,TGGTTCCGTCGCATAT-1,-0.10056797643315316
CXCR3-,HC,PB_3,TGTATTCGTCCGTGAC-1,0.43123729745891987
CXCR3-,HC,PB_3,TGTATTCTCTTGCCGT-1,0.12827898058973639
CXCR3-,HC,PB_3,TGTCCCAAGCTGTCTA-1,0.26893434293960794
CXCR3-,HC,PB_3,TGTCCCAGTGTCCTCT-1,-0.10056797643315316
CXCR3-,HC,PB_3,TGTGGTAAGGAGTTTA-1,0.08397321571695011
CXCR3-,HC,PB_3,TGTGGTACATGTCTCC-1,-0.10056797643315316
CXCR3-,HC,PB_3,TGTGGTAGTACCGCTG-1,-0.10056797643315316
CXCR3+,HC,PB_3,TGTGGTAGTAGCTCCG-1,0.16228057574476523
CXCR3-,HC,PB_3,TGTGTTTCAATGAAAC-1,0.21310886427950232
CXCR3-,HC,PB_3,TGTGTTTCAGGTCTCG-1,0.18161176056995568
CXCR3-,HC,PB_3,TGTGTTTCATACTACG-1,-0.16576885798766677
CXCR3-,HC,PB_3,TGTGTTTGTCGCATCG-1,-0.26795345772851514
CXCR3-,HC,PB_3,TGTTCCGGTTCACCTC-1,0.006581437145060772
CXCR3-,HC,PB_3,TGTTCCGTCAATCTCT-1,0.28263382167240986
CXCR3-,HC,PB_3,TTAACTCAGACGACGT-1,-0.10056797643315316
CXCR3-,HC,PB_3,TTAACTCCAAGCCGCT-1,-0.02830368436165406
CXCR3-,HC,PB_3,TTAACTCGTCTAGTCA-1,-0.27515069240444134
CXCR3-,HC,PB_3,TTAGGACAGACCGGAT-1,0.3880603749138193
CXCR3-,HC,PB_3,TTAGGACAGGGCTTGA-1,0.0024397123392387705
CXCR3-,HC,PB_3,TTAGGACCAGCATACT-1,-0.13584826891641721
CXCR3-,HC,PB_3,TTAGGACCATACGCCG-1,0.10582298626905184
CXCR3-,HC,PB_3,TTAGGACTCGCCAGCA-1,0.151257410729718
CXCR3-,HC,PB_3,TTAGGCACATACCATG-1,-0.2962241811586007
CXCR3+,HC,PB_3,TTAGTTCAGGGTCGAT-1,-0.07502647043325382
CXCR3-,HC,PB_3,TTAGTTCCAAGGACTG-1,-0.10056797643315316
CXCR3-,HC,PB_3,TTAGTTCCACCACCAG-1,-0.18813414100976572
CXCR3-,HC,PB_3,TTAGTTCGTCTAGTGT-1,-0.041151523709993344
CXCR3-,HC,PB_3,TTATGCTAGTACGACG-1,-0.19714809600218233
CXCR3-,HC,PB_3,TTATGCTGTAGCGTGA-1,-0.086376253424461
CXCR3-,HC,PB_3,TTATGCTTCAACGCTA-1,-0.22801848434420993
CXCR3-,HC,PB_3,TTATGCTTCACCGGGT-1,0.2218117182735732
CXCR3-,HC,PB_3,TTCCCAGCAGTCAGAG-1,-0.02426677993449663
CXCR3-,HC,PB_3,TTCCCAGCATTCCTGC-1,-0.3861821527956798
CXCR3-,HC,PB_3,TTCCCAGGTTCACCTC-1,0.14107902351302282
CXCR3-,HC,PB_3,TTCGGTCAGGATCGCA-1,-0.20021649042849354
CXCR3+,HC,PB_3,TTCTACAAGGCTACGA-1,-0.10056797643315316
CXCR3+,HC,PB_3,TTCTACACACGTCAGC-1,-0.37334841405388186
CXCR3-,HC,PB_3,TTCTCAAAGGATCGCA-1,0.05364546082712012
CXCR3+,HC,PB_3,TTCTCAACAGGGAGAG-1,0.2695327460005549
CXCR3+,HC,PB_3,TTCTCAAGTAAATGTG-1,0.10070160578526709
CXCR3-,HC,PB_3,TTCTCAATCACTGGGC-1,0.2083538133276424
CXCR3-,HC,PB_3,TTCTCAATCGTTGCCT-1,0.39678331344082224
CXCR3-,HC,PB_3,TTCTCCTTCTGGAGCC-1,-0.10056797643315316
CXCR3+,HC,PB_3,TTCTTAGAGAAGGTTT-1,0.26488122229585226
CXCR3-,HC,PB_3,TTCTTAGAGGGATACC-1,-0.21222189048578274
CXCR3-,HC,PB_3,TTCTTAGCAGGGTTAG-1,0.19166094045807677
CXCR3-,HC,PB_3,TTCTTAGTCACAAACC-1,-0.10056797643315316
CXCR3-,HC,PB_3,TTCTTAGTCCGAGCCA-1,-0.10056797643315316
CXCR3-,HC,PB_3,TTGAACGCACCTCGTT-1,0.2895922388990329
CXCR3-,HC,PB_3,TTGAACGTCAATACCG-1,0.3746209200481387
CXCR3+,HC,PB_3,TTGACTTCATGGATGG-1,-0.248770422123831
CXCR3-,HC,PB_3,TTGACTTTCACGAAGG-1,0.03805854594044083
CXCR3-,HC,PB_3,TTGCCGTCACCGCTAG-1,-0.10056797643315316
CXCR3-,HC,PB_3,TTGCCGTCATGAAGTA-1,-0.2972368779426917
CXCR3-,HC,PB_3,TTGCGTCTCGTAGATC-1,-0.10056797643315316
CXCR3-,HC,PB_3,TTGCGTCTCTAACTGG-1,-0.25422662370968163
CXCR3+,HC,PB_3,TTGCGTCTCTCTTATG-1,0.2068413328385412
CXCR3-,HC,PB_3,TTGGCAAAGGCTCATT-1,-0.13800384127606385
CXCR3-,HC,PB_3,TTGGCAATCACTGGGC-1,-0.10056797643315316
CXCR3-,HC,PB_3,TTGTAGGCACGTTGGC-1,-0.10056797643315316
CXCR3-,HC,PB_3,TTGTAGGGTGTTTGGT-1,-0.10056797643315316
CXCR3-,HC,PB_3,TTGTAGGTCCAGAAGG-1,-0.10056797643315316
CXCR3-,HC,PB_3,TTTACTGAGACGCTTT-1,-0.27801321377540245
CXCR3-,HC,PB_3,TTTACTGCAAATACAG-1,-0.1826151238138145
CXCR3-,HC,PB_3,TTTACTGCAGGAATGC-1,-0.10056797643315316
CXCR3-,HC,PB_3,TTTACTGCATAGGATA-1,0.05690922010182743
CXCR3-,HC,PB_3,TTTACTGGTAGCGCTC-1,-0.23082861993974824
CXCR3-,HC,PB_3,TTTACTGGTTATGTGC-1,0.18021145179704273
CXCR3-,HC,PB_3,TTTACTGTCCCTTGCA-1,0.4569460976548582
CXCR3-,HC,PB_3,TTTATGCAGACCTAGG-1,-0.10056797643315316
CXCR3-,HC,PB_3,TTTATGCGTGAAGGCT-1,0.17489757134159095
CXCR3-,HC,PB_3,TTTATGCGTGGACGAT-1,0.06797113555058544
CXCR3-,HC,PB_3,TTTATGCTCTTCGGTC-1,0.19122859995434194
CXCR3-,HC,PB_3,TTTCCTCGTCGACTGC-1,-0.10056797643315316
CXCR3-,HC,PB_3,TTTGCGCAGTACGACG-1,0.05399246207618259
CXCR3+,HC,PB_3,TTTGCGCGTCTTCAAG-1,0.39818128342851594
CXCR3+,HC,PB_3,TTTGGTTCATTTCACT-1,0.06207584408634203
CXCR3-,HC,PB_3,TTTGGTTGTTAAGAAC-1,0.09847127458934564
CXCR3-,HC,PB_3,TTTGGTTTCTACCTGC-1,0.18395635869408852
CXCR3-,HC,PB_3,TTTGTCACATGGTCTA-1,-0.23912366518914796
CXCR3-,HC,PB_32,AAACCTGCACACTGCG-1,0.17251393671934714
CXCR3+,HC,PB_32,AAACCTGCAGGACCCT-1,0.14640769721506036
CXCR3+,HC,PB_32,AAACCTGCATGAAGTA-1,-0.09183726354774414
CXCR3-,HC,PB_32,AAACCTGGTCTTCTCG-1,0.08369407191042637
CXCR3-,HC,PB_32,AAACCTGTCTCACATT-1,-0.10056797643315316
CXCR3-,HC,PB_32,AAACGGGAGACGCACA-1,-0.10056797643315316
CXCR3-,HC,PB_32,AAACGGGCACCCAGTG-1,-0.22507119102533288
CXCR3-,HC,PB_32,AAACGGGGTACATGTC-1,0.4674099975567136
CXCR3-,HC,PB_32,AAACGGGTCAGGCCCA-1,0.200306325410917
CXCR3-,HC,PB_32,AAAGATGAGCACCGTC-1,-0.03554896711958045
CXCR3-,HC,PB_32,AAAGATGCAGTCAGAG-1,-0.10056797643315316
CXCR3-,HC,PB_32,AAAGCAAGTACCATCA-1,-0.10056797643315316
CXCR3-,HC,PB_32,AAAGCAAGTGTGAATA-1,-0.22674744432773317
CXCR3-,HC,PB_32,AAAGCAAGTTAAAGAC-1,0.07692007402590124
CXCR3-,HC,PB_32,AAAGTAGGTTACGCGC-1,-0.2551830853468505
CXCR3-,HC,PB_32,AAATGCCAGAGCTTCT-1,-0.2913295493833597
CXCR3-,HC,PB_32,AAATGCCAGGAATGGA-1,-0.5314892277853157
CXCR3+,HC,PB_32,AAATGCCTCAAGGTAA-1,0.14006364249383801
CXCR3+,HC,PB_32,AAATGCCTCTAGAGTC-1,0.42174282115530254
CXCR3-,HC,PB_32,AACACGTCAGGAACGT-1,-0.10056797643315316
CXCR3-,HC,PB_32,AACCATGAGGGTGTGT-1,-0.10056797643315316
CXCR3-,HC,PB_32,AACCGCGCACAGCCCA-1,-0.10056797643315316
CXCR3-,HC,PB_32,AACCGCGTCGTAGGAG-1,-0.10056797643315316
CXCR3-,HC,PB_32,AACGTTGAGCTAACAA-1,-0.5699299306336478
CXCR3+,HC,PB_32,AACGTTGCAGGATTGG-1,-0.5324711704093504
CXCR3-,HC,PB_32,AACGTTGGTGTATGGG-1,-0.10056797643315316
CXCR3-,HC,PB_32,AACGTTGTCTATCCCG-1,0.11845815544719558
CXCR3-,HC,PB_32,AACTCAGCATGCCTAA-1,0.13075349773248005
CXCR3-,HC,PB_32,AACTCAGGTAAGTTCC-1,0.5503036132529119
CXCR3-,HC,PB_32,AACTCAGGTTTGACTG-1,-0.10056797643315316
CXCR3-,HC,PB_32,AACTCCCAGAATTCCC-1,-0.10056797643315316
CXCR3-,HC,PB_32,AACTCCCAGGAGCGAG-1,-0.5301122710432941
CXCR3-,HC,PB_32,AACTCCCCAATCGAAA-1,0.29249206051548265
CXCR3-,HC,PB_32,AACTCCCTCGTCCGTT-1,0.1838575336484942
CXCR3-,HC,PB_32,AACTCTTGTAGCCTCG-1,-0.10056797643315316
CXCR3-,HC,PB_32,AACTCTTGTCCATCCT-1,0.15380921292081373
CXCR3-,HC,PB_32,AACTGGTCAGGAATCG-1,0.1153526382124105
CXCR3-,HC,PB_32,AACTGGTGTGTGGTTT-1,0.9050564776398616
CXCR3-,HC,PB_32,AACTGGTTCTCGCTTG-1,-0.10056797643315316
CXCR3-,HC,PB_32,AACTTTCAGAGACTAT-1,-0.2032014465305676
CXCR3-,HC,PB_32,AACTTTCTCCTGCTTG-1,0.4469847129854027
CXCR3-,HC,PB_32,AACTTTCTCTGGCGAC-1,0.16379367547295298
CXCR3-,HC,PB_32,AAGACCTCAGATTGCT-1,-0.10056797643315316
CXCR3-,HC,PB_32,AAGACCTGTATTCTCT-1,-0.10056797643315316
CXCR3-,HC,PB_32,AAGACCTTCGCCGTGA-1,0.40041853877352024
CXCR3-,HC,PB_32,AAGCCGCAGAAGATTC-1,0.17870519964110818
CXCR3-,HC,PB_32,AAGCCGCAGGCTAGAC-1,0.33475362515189816
CXCR3-,HC,PB_32,AAGCCGCCAAGACGTG-1,0.15851493326830698
CXCR3-,HC,PB_32,AAGCCGCCAATAGCAA-1,0.06564601565267227
CXCR3-,HC,PB_32,AAGGAGCAGGTTACCT-1,0.7422711044864198
CXCR3-,HC,PB_32,AAGGAGCCACCAGGCT-1,-0.10056797643315316
CXCR3-,HC,PB_32,AAGGAGCTCGTGGTCG-1,-0.5858326582790657
CXCR3-,HC,PB_32,AAGGCAGTCGGTGTCG-1,0.2389850893027098
CXCR3+,HC,PB_32,AATCCAGAGAGCCCAA-1,-0.10056797643315316
CXCR3-,HC,PB_32,AATCCAGCATAGACTC-1,0.4002178170305633
CXCR3-,HC,PB_32,AATCCAGTCACTCTTA-1,-0.6855020804119144
CXCR3-,HC,PB_32,AATCGGTAGGCAAAGA-1,-0.40294255477334934
CXCR3-,HC,PB_32,AATCGGTAGTTCGATC-1,-0.10056797643315316
CXCR3-,HC,PB_32,AATCGGTCAAAGGAAG-1,-0.5727826342737135
CXCR3-,HC,PB_32,AATCGGTCAGTCCTTC-1,-0.3195812279787607
CXCR3-,HC,PB_32,AATCGGTGTCATGCAT-1,-0.39247277181000706
CXCR3-,HC,PB_32,ACACCAAAGAGGTTGC-1,0.6241208368372131
CXCR3-,HC,PB_32,ACACCAAGTCTAGTGT-1,-0.8668637933223982
CXCR3-,HC,PB_32,ACACCCTAGACTCGGA-1,0.5079851575150859
CXCR3-,HC,PB_32,ACACCCTAGGATTCGG-1,0.12475126834380293
CXCR3-,HC,PB_32,ACACCCTCACTTAACG-1,0.33732717717485045
CXCR3-,HC,PB_32,ACACCCTCACTTAAGC-1,0.1743597009744669
CXCR3-,HC,PB_32,ACACCGGAGGATATAC-1,-0.10056797643315316
CXCR3-,HC,PB_32,ACACCGGTCAAAGTAG-1,-0.10056797643315316
CXCR3+,HC,PB_32,ACACTGATCAACGCTA-1,-0.003544258799623564
CXCR3-,HC,PB_32,ACACTGATCCAGGGCT-1,-0.10056797643315316
CXCR3-,HC,PB_32,ACAGCCGAGATGGGTC-1,-0.10056797643315316
CXCR3-,HC,PB_32,ACAGCCGCACCAGATT-1,0.4628841865420959
CXCR3-,HC,PB_32,ACAGCCGTCTAACTCT-1,0.15258151828805225
CXCR3-,HC,PB_32,ACAGCTAAGTGTACTC-1,-0.33021291728138813
CXCR3-,HC,PB_32,ACATACGGTACAGCAG-1,0.34246083340357075
CXCR3-,HC,PB_32,ACATCAGAGCGTGAGT-1,0.4195942495000885
CXCR3+,HC,PB_32,ACATGGTCAGCGAACA-1,0.04662515487780296
CXCR3-,HC,PB_32,ACATGGTGTCATATCG-1,-0.23807945768876312
CXCR3-,HC,PB_32,ACCAGTAAGCTGAAAT-1,0.23162720376283483
CXCR3-,HC,PB_32,ACCAGTAAGGAACTGC-1,-0.10056797643315316
CXCR3-,HC,PB_32,ACCAGTATCAGCTGGC-1,0.3159823889762933
CXCR3+,HC,PB_32,ACCCACTCAGCTGCAC-1,-0.10056797643315316
CXCR3-,HC,PB_32,ACCGTAATCTGATTCT-1-2,-0.20064316165693172
CXCR3-,HC,PB_32,ACCTTTAAGTACGTAA-1,0.1407446343550757
CXCR3-,HC,PB_32,ACCTTTACAAGGACAC-1,-1.360246931733468
CXCR3-,HC,PB_32,ACCTTTAGTGGAAAGA-1,-0.6098378500178068
CXCR3-,HC,PB_32,ACGAGCCAGTGCCATT-1,-0.06363744373645187
CXCR3-,HC,PB_32,ACGAGCCAGTGTCTCA-1,-0.698755583815112
CXCR3-,HC,PB_32,ACGAGCCCACAAGCCC-1-1,-0.10056797643315316
CXCR3-,HC,PB_32,ACGAGCCCAGCATGAG-1,-0.10056797643315316
CXCR3-,HC,PB_32,ACGAGGACAGCTGCTG-1,0.5820561287307026
CXCR3-,HC,PB_32,ACGAGGACATAGTAAG-1-1,0.41997752229507856
CXCR3-,HC,PB_32,ACGAGGAGTCGTGGCT-1,0.15630397961468248
CXCR3+,HC,PB_32,ACGATACCAGTGAGTG-1-1,0.11323537747299327
CXCR3-,HC,PB_32,ACGATACGTCCAAGTT-1,0.8901000541991376
CXCR3-,HC,PB_32,ACGATACTCAAAGACA-1,-0.015277290826623355
CXCR3-,HC,PB_32,ACGATGTAGATCACGG-1,-0.10056797643315316
CXCR3-,HC,PB_32,ACGCAGCCAGCGTTCG-1,-0.10056797643315316
CXCR3-,HC,PB_32,ACGCAGCCATGCAACT-1,0.577276615943685
CXCR3+,HC,PB_32,ACGCAGCTCAGTTGAC-1,-0.22676243060828075
CXCR3-,HC,PB_32,ACGCAGCTCCTTCAAT-1,-0.13826073298507863
CXCR3-,HC,PB_32,ACGCCAGCACCAGATT-1,-0.2025860973773192
CXCR3-,HC,PB_32,ACGCCAGCACGTCAGC-1,0.04237557767642809
CXCR3-,HC,PB_32,ACGCCGAGTCCGAAGA-1,-0.6149521138951624
CXCR3-,HC,PB_32,ACGGAGATCTGTTGAG-1,-0.10056797643315316
CXCR3+,HC,PB_32,ACGGCCACAGCAGTTT-1,-0.10056797643315316
CXCR3-,HC,PB_32,ACGGGCTAGGGATGGG-1,-0.23285071143014013
CXCR3-,HC,PB_32,ACGGGCTCACCAGTTA-1,0.5403345105584029
CXCR3-,HC,PB_32,ACGGGCTGTCTCTCGT-1,-0.10056797643315316
CXCR3+,HC,PB_32,ACGGGCTGTTAAGACA-1,-0.5534216639297164
CXCR3-,HC,PB_32,ACGGGCTTCCGCAGTG-1,0.21450026074298575
CXCR3-,HC,PB_32,ACGGGCTTCGTCCAGG-1,-0.10056797643315316
CXCR3-,HC,PB_32,ACGGGTCAGCTACCTA-1,-0.6336066982595947
CXCR3+,HC,PB_32,ACGGGTCCATAAGACA-1,0.058031788712341145
CXCR3-,HC,PB_32,ACGGGTCTCTCCAACC-1,-0.10056797643315316
CXCR3-,HC,PB_32,ACGTCAACACTCGACG-1,-0.1524438618864418
CXCR3-,HC,PB_32,ACGTCAAGTTGCCTCT-1,-0.2661170783527977
CXCR3-,HC,PB_32,ACGTCAATCAACCATG-1,-0.052370517948975785
CXCR3-,HC,PB_32,ACTATCTAGATGCCAG-1,-0.10056797643315316
CXCR3-,HC,PB_32,ACTATCTAGGAATGGA-1,-0.10056797643315316
CXCR3-,HC,PB_32,ACTATCTCAGACTCGC-1,-0.10056797643315316
CXCR3-,HC,PB_32,ACTGAACAGAGGTTAT-1,0.6620954988651943
CXCR3-,HC,PB_32,ACTGAACAGGTTACCT-1,-0.10056797643315316
CXCR3-,HC,PB_32,ACTGAGTCACTTGGAT-1,-0.35047541247115577
CXCR3-,HC,PB_32,ACTGAGTGTAAACGCG-1,0.43182050825595747
CXCR3-,HC,PB_32,ACTGAGTTCGAACGGA-1,-0.10056797643315316
CXCR3-,HC,PB_32,ACTGATGTCAATAAGG-1,-0.14895439879742225
CXCR3-,HC,PB_32,ACTGCTCGTCTAAAGA-1,-0.10056797643315316
CXCR3-,HC,PB_32,ACTGTCCGTACAAGTA-1,-0.10056797643315316
CXCR3+,HC,PB_32,ACTGTCCGTTCCATGA-1,0.01325121973913473
CXCR3-,HC,PB_32,ACTTACTCACGGCCAT-1,-0.10056797643315316
CXCR3-,HC,PB_32,ACTTACTGTACAGACG-1,-0.10056797643315316
CXCR3-,HC,PB_32,ACTTACTGTCCGAAGA-1,0.1059820963075027
CXCR3-,HC,PB_32,ACTTACTGTTGCTCCT-1-1,0.2446384549764295
CXCR3-,HC,PB_32,ACTTGTTGTTTGTTTC-1,0.2328134480447345
CXCR3-,HC,PB_32,ACTTGTTTCTGCTGTC-1,-0.7753179198233794
CXCR3-,HC,PB_32,ACTTTCATCGCAAGCC-1,-0.09196140824472174
CXCR3+,HC,PB_32,AGAATAGAGAAGGGTA-1,-0.47329328401668
CXCR3-,HC,PB_32,AGAATAGAGAAGGTGA-1,-0.10056797643315316
CXCR3-,HC,PB_32,AGAATAGAGTTGTAGA-1,0.4176957632541564
CXCR3-,HC,PB_32,AGACGTTCACCGAATT-1,0.027077743272876802
CXCR3+,HC,PB_32,AGACGTTCATTAGCCA-1,0.39309661482801006
CXCR3-,HC,PB_32,AGACGTTGTGAGTGAC-1,-0.2735507023293121
CXCR3-,HC,PB_32,AGACGTTTCAGCTCGG-1,-0.10056797643315316
CXCR3-,HC,PB_32,AGAGCTTCATTGGGCC-1,0.08040213612227151
CXCR3-,HC,PB_32,AGAGTGGGTCAACATC-1,0.43939346605713775
CXCR3-,HC,PB_32,AGATCTGAGCTCCTCT-1,0.16970670686121497
CXCR3-,HC,PB_32,AGATCTGCAGGCGATA-1,0.2069939635411484
CXCR3-,HC,PB_32,AGATTGCAGAGCTATA-1,-0.23516907227199035
CXCR3-,HC,PB_32,AGATTGCTCACTCCTG-1,-0.25016421998480987
CXCR3+,HC,PB_32,AGCAGCCGTGAAGGCT-1,0.5031774038671691
CXCR3-,HC,PB_32,AGCCTAACAGACAAAT-1,-0.2074779968207438
CXCR3-,HC,PB_32,AGCCTAATCCACGAAT-1,-0.10056797643315316
CXCR3-,HC,PB_32,AGCCTAATCGCAAACT-1,-0.10056797643315316
CXCR3-,HC,PB_32,AGCGGTCCACAACGTT-1,0.22448381911600007
CXCR3-,HC,PB_32,AGCGGTCGTTACGTCA-1,-0.10056797643315316
CXCR3+,HC,PB_32,AGCGGTCGTTGACGTT-1,0.41505570110678197
CXCR3-,HC,PB_32,AGCGGTCTCCATGCTC-1,0.1369818117808612
CXCR3-,HC,PB_32,AGCGGTCTCTACTTAC-1,0.17782683930084725
CXCR3-,HC,PB_32,AGCGTATAGAGAACAG-1,0.23679139519121462
CXCR3-,HC,PB_32,AGCGTATGTGGTAACG-1,-0.10056797643315316
CXCR3-,HC,PB_32,AGCGTCGTCACCTCGT-1,-0.10056797643315316
CXCR3-,HC,PB_32,AGCTCCTAGCTGATAA-1,0.024951318233884714
CXCR3-,HC,PB_32,AGCTCCTTCCAACCAA-1,-0.10056797643315316
CXCR3-,HC,PB_32,AGCTCCTTCGTGGACC-1-1,0.49087482909300434
CXCR3-,HC,PB_32,AGCTCTCAGAGACTAT-1,-0.20286375363231685
CXCR3-,HC,PB_32,AGCTCTCCAGGTCTCG-1,-0.24921431019629933
CXCR3-,HC,PB_32,AGCTTGATCCAATGGT-1,-0.10056797643315316
CXCR3-,HC,PB_32,AGCTTGATCCGCATAA-1,-0.10056797643315316
CXCR3-,HC,PB_32,AGGCCACCAAGAAAGG-1,0.7618116195890563
CXCR3-,HC,PB_32,AGGCCGTCACGTTGGC-1,0.1947068000950549
CXCR3-,HC,PB_32,AGGCCGTCATGTTGAC-1,0.06196015804397324
CXCR3-,HC,PB_32,AGGCCGTTCAGAGGTG-1,-0.10056797643315316
CXCR3-,HC,PB_32,AGGGAGTAGTATTGGA-1,-0.10056797643315316
CXCR3-,HC,PB_32,AGGGAGTCACCAGGTC-1,0.2699021117053811
CXCR3-,HC,PB_32,AGGGAGTTCGGCGGTT-1,-0.10056797643315316
CXCR3-,HC,PB_32,AGGGATGCAGGACCCT-1,-0.10056797643315316
CXCR3-,HC,PB_32,AGGGATGGTTGAGTTC-1,-0.34091246237267914
CXCR3-,HC,PB_32,AGGGTGAGTTCCGGCA-1,0.13137534863769695
CXCR3-,HC,PB_32,AGGGTGATCACGCATA-1,-0.10056797643315316
CXCR3-,HC,PB_32,AGGGTGATCTGCGTAA-1,0.5691132434171879
CXCR3-,HC,PB_32,AGGTCATGTCTGCAAT-1,-0.10056797643315316
CXCR3-,HC,PB_32,AGGTCATTCCTTTACA-1,-0.10056797643315316
CXCR3-,HC,PB_32,AGGTCATTCTATGTGG-1,-0.10056797643315316
CXCR3-,HC,PB_32,AGGTCCGAGATCGGGT-1-1,-0.05653061704495794
CXCR3-,HC,PB_32,AGGTCCGAGATGTAAC-1,-0.13918703034980537
CXCR3-,HC,PB_32,AGTAGTCCAAGAAGAG-1,-0.10056797643315316
CXCR3-,HC,PB_32,AGTAGTCGTCACTGGC-1,0.7623132746310194
CXCR3+,HC,PB_32,AGTAGTCTCGTAGATC-1,-0.202738943289698
CXCR3-,HC,PB_32,AGTCTTTAGAAGGTTT-1,-0.22146491303952134
CXCR3-,HC,PB_32,AGTCTTTGTAGCTGCC-1,-0.21939106946909684
CXCR3-,HC,PB_32,AGTCTTTGTCATCCCT-1,0.34579528093748985
CXCR3-,HC,PB_32,AGTCTTTGTCTAGTGT-1,0.20346902212459833
CXCR3-,HC,PB_32,AGTCTTTTCGGTCCGA-1,-0.05052266976233545
CXCR3-,HC,PB_32,AGTGAGGAGCGATTCT-1,0.25846705854954716
CXCR3-,HC,PB_32,AGTGAGGTCCAAGCCG-1,-0.10056797643315316
CXCR3-,HC,PB_32,AGTGAGGTCGCCTGTT-1,-0.2826225691302515
CXCR3-,HC,PB_32,AGTGAGGTCTACGAGT-1,-0.10056797643315316
CXCR3-,HC,PB_32,AGTGGGAGTGACTCAT-1-1,0.437367112216963
CXCR3+,HC,PB_32,AGTTGGTGTAATCGTC-1,-0.14863778525726165
CXCR3-,HC,PB_32,AGTTGGTGTGACAAAT-1,-0.5012339697415653
CXCR3-,HC,PB_32,AGTTGGTTCGTTTATC-1,-0.3223036949868477
CXCR3+,HC,PB_32,ATAACGCAGTTAGCGG-1,0.07391990762642524
CXCR3-,HC,PB_32,ATAAGAGAGACGCTTT-1,-0.09894330582052453
CXCR3-,HC,PB_32,ATAAGAGAGGCTAGCA-1,-0.25066691243588357
CXCR3-,HC,PB_32,ATAAGAGGTCGGCTCA-1,-0.10056797643315316
CXCR3-,HC,PB_32,ATAAGAGTCGTCCAGG-1,0.11041884222865518
CXCR3-,HC,PB_32,ATAAGAGTCGTTGCCT-1,0.4291697072079956
CXCR3-,HC,PB_32,ATAGACCCAGCTCGAC-1,0.021787376471921163
CXCR3-,HC,PB_32,ATAGACCGTACTTCTT-1,-0.3036440156106384
CXCR3-,HC,PB_32,ATAGACCGTGTATGGG-1,-0.10056797643315316
CXCR3-,HC,PB_32,ATAGACCGTTCCCTTG-1,-0.37293725859067994
CXCR3-,HC,PB_32,ATCACGACAAGCCCAC-1-1,-0.47723311382423766
CXCR3-,HC,PB_32,ATCATCTAGATAGGAG-1-1,0.35960435252638956
CXCR3-,HC,PB_32,ATCATCTAGTTACGGG-1,-0.10056797643315316
CXCR3-,HC,PB_32,ATCATCTTCCCGACTT-1,0.1209999210300786
CXCR3-,HC,PB_32,ATCATCTTCGAGAGCA-1,-0.5625938579197312
CXCR3-,HC,PB_32,ATCATGGCATCGATTG-1,-0.32037626508131795
CXCR3-,HC,PB_32,ATCATGGGTGCAACGA-1,0.1227090381762849
CXCR3-,HC,PB_32,ATCATGGGTTGGGACA-1,-0.019107131429409483
CXCR3-,HC,PB_32,ATCATGGTCTGAAAGA-1,-0.10056797643315316
CXCR3-,HC,PB_32,ATCCACCCATACGCCG-1,-0.10056797643315316
CXCR3-,HC,PB_32,ATCCACCGTTTGTTGG-1,-0.10056797643315316
CXCR3-,HC,PB_32,ATCCACCTCTATGTGG-1,-0.10056797643315316
CXCR3-,HC,PB_32,ATCCGAATCCGAGCCA-1,-0.6001920085253923
CXCR3-,HC,PB_32,ATCGAGTGTGATGATA-1,-0.8281526658233551
CXCR3+,HC,PB_32,ATCGAGTGTGCACTTA-1,-0.034948267704144595
CXCR3-,HC,PB_32,ATCGAGTTCAGTGTTG-1,-0.45390482117039693
CXCR3-,HC,PB_32,ATCGAGTTCATAACCG-1,0.5438479717934704
CXCR3-,HC,PB_32,ATCGAGTTCCTTCAAT-1,-0.31113314002779785
CXCR3-,HC,PB_32,ATCTGCCCACTCGACG-1,0.4581006358036822
CXCR3-,HC,PB_32,ATCTGCCCAGCAGTTT-1,0.33784887914105494
CXCR3-,HC,PB_32,ATGAGGGCACATTCGA-1,0.2708947907468612
CXCR3-,HC,PB_32,ATGAGGGCAGCCTTTC-1,0.15182504121215765
CXCR3-,HC,PB_32,ATGAGGGCAGGACGTA-1,-0.10056797643315316
CXCR3-,HC,PB_32,ATGAGGGGTACAGTTC-1,-0.4158557702625578
CXCR3-,HC,PB_32,ATGAGGGTCATTTGGG-1,-0.10056797643315316
CXCR3-,HC,PB_32,ATGCGATCATGCCACG-1,0.2819848505553565
CXCR3-,HC,PB_32,ATGGGAGAGAGCTGGT-1,0.15264615848346347
CXCR3-,HC,PB_32,ATGGGAGTCGCTAGCG-1,0.16497302035273056
CXCR3-,HC,PB_32,ATGTGTGCATCACCCT-1,-0.10056797643315316
CXCR3-,HC,PB_32,ATGTGTGTCTATCCCG-1,-0.25024868198120115
CXCR3-,HC,PB_32,ATTACTCAGAGTTGGC-1,0.4294877917610748
CXCR3-,HC,PB_32,ATTACTCTCAGCATGT-1,0.8750064123947753
CXCR3-,HC,PB_32,ATTATCCCATCATCCC-1,0.4761753631468304
CXCR3-,HC,PB_32,ATTATCCCATGTAGTC-1,0.24322480075417582
CXCR3-,HC,PB_32,ATTATCCGTATTAGCC-1,-0.93183448206816
CXCR3-,HC,PB_32,ATTATCCTCCTCGCAT-1,0.15486982084466502
CXCR3-,HC,PB_32,ATTCTACAGCCGTCGT-1,-0.10056797643315316
CXCR3-,HC,PB_32,ATTCTACAGTCCCACG-1,0.25277261273887575
CXCR3-,HC,PB_32,ATTCTACGTTGAGTTC-1,-0.10056797643315316
CXCR3-,HC,PB_32,ATTGGTGGTACACCGC-1,0.18854921181938508
CXCR3-,HC,PB_32,ATTGGTGTCCATGCTC-1,0.5272381519786487
CXCR3-,HC,PB_32,ATTTCTGAGCCAGAAC-1,0.28096387584781335
CXCR3-,HC,PB_32,ATTTCTGAGTAGGTGC-1,0.06143513632261276
CXCR3-,HC,PB_32,ATTTCTGGTCATATCG-1,-0.49105015324044954
CXCR3-,HC,PB_32,CAACCAAAGCGTAATA-1,-0.10056797643315316
CXCR3-,HC,PB_32,CAACCTCGTAGAAGGA-1,-0.10056797643315316
CXCR3-,HC,PB_32,CAACCTCGTAGCGTGA-1,-0.4835949581159875
CXCR3-,HC,PB_32,CAACTAGAGTACGCCC-1,-0.10056797643315316
CXCR3-,HC,PB_32,CAACTAGCATGGTCAT-1,0.6659422856762444
CXCR3-,HC,PB_32,CAACTAGTCAATAAGG-1,0.15675147992226648
CXCR3-,HC,PB_32,CAAGAAAAGCAGCGTA-1,0.4195285279493702
CXCR3-,HC,PB_32,CAAGATCAGCCAGGAT-1,0.06854472730308607
CXCR3-,HC,PB_32,CAAGATCAGCCTCGTG-1,-0.273441624170493
CXCR3-,HC,PB_32,CAAGATCAGTATCTCG-1,-0.10056797643315316
CXCR3-,HC,PB_32,CAAGATCTCCTTTACA-1,-0.10056797643315316
CXCR3-,HC,PB_32,CAAGGCCAGGGTTCCC-1,0.4105130361921042
CXCR3-,HC,PB_32,CAAGGCCCAGTAAGCG-1,0.8436431864461106
CXCR3-,HC,PB_32,CAAGGCCGTGATAAGT-1,-0.10056797643315316
CXCR3-,HC,PB_32,CAAGGCCTCTTACCGC-1,0.40601449065881473
CXCR3-,HC,PB_32,CAAGTTGGTCTCTCGT-1,0.10346717450071398
CXCR3+,HC,PB_32,CAAGTTGGTGAGGCTA-1,0.023595649951332454
CXCR3-,HC,PB_32,CAAGTTGTCCTCCTAG-1,-0.5326141651254453
CXCR3-,HC,PB_32,CACAAACCACTTCTGC-1,-0.10056797643315316
CXCR3-,HC,PB_32,CACAAACGTTCCACGG-1,-0.28648043777423615
CXCR3-,HC,PB_32,CACAAACTCTGGTATG-1,-0.10056797643315316
CXCR3-,HC,PB_32,CACACAAAGATCCGAG-1,-0.10056797643315316
CXCR3+,HC,PB_32,CACACAACACTAGTAC-1-1,-0.5149163692416135
CXCR3-,HC,PB_32,CACACAAGTACGCTGC-1,-0.10056797643315316
CXCR3-,HC,PB_32,CACACAAGTTTGGCGC-1,1.1255930859736438
CXCR3-,HC,PB_32,CACACCTAGGAATGGA-1,-0.18611613972085678
CXCR3-,HC,PB_32,CACACCTGTACAGTGG-1,0.07672637924901868
CXCR3+,HC,PB_32,CACACCTGTCACCCAG-1,0.03515341552976276
CXCR3-,HC,PB_32,CACACTCAGAAGGGTA-1,-0.10056797643315316
CXCR3-,HC,PB_32,CACACTCAGGCGATAC-1,0.2554969325390727
CXCR3-,HC,PB_32,CACACTCAGTGGAGAA-1,-0.24459784394077208
CXCR3-,HC,PB_32,CACACTCCAATGAAAC-1,0.07453471777946519
CXCR3-,HC,PB_32,CACACTCGTCCATCCT-1,-0.10056797643315316
CXCR3-,HC,PB_32,CACAGGCAGGCTCTTA-1,-0.10056797643315316
CXCR3+,HC,PB_32,CACAGGCCATCCGGGT-1,0.5399837028922229
CXCR3-,HC,PB_32,CACAGGCTCAGCACAT-1,-0.30929760552876306
CXCR3-,HC,PB_32,CACAGGCTCAGTTCGA-1,-0.5143760735103627
CXCR3-,HC,PB_32,CACAGGCTCCTAGAAC-1,-0.10056797643315316
CXCR3-,HC,PB_32,CACAGGCTCGCAGGCT-1,-0.515602748416214
CXCR3-,HC,PB_32,CACAGTAAGTGAACGC-1,-0.10056797643315316
CXCR3-,HC,PB_32,CACAGTACATCTACGA-1,-0.1831627842388679
CXCR3-,HC,PB_32,CACAGTAGTCTAAACC-1,-0.20188771457340998
CXCR3-,HC,PB_32,CACAGTAGTGTAAGTA-1,-0.10056797643315316
CXCR3-,HC,PB_32,CACATAGAGTCCGTAT-1,0.39493334575507083
CXCR3-,HC,PB_32,CACATTTAGGGCTTGA-1,-0.10056797643315316
CXCR3-,HC,PB_32,CACCAGGCATTTGCCC-1,-0.10056797643315316
CXCR3-,HC,PB_32,CACCTTGAGCAGATCG-1,0.20823607208718725
CXCR3-,HC,PB_32,CACCTTGTCTTAGCCC-1,0.35076046516326753
CXCR3+,HC,PB_32,CACTCCAGTGGACGAT-1,0.22433183020553057
CXCR3-,HC,PB_32,CACTCCAGTGGCTCCA-1,-0.22872239019026613
CXCR3-,HC,PB_32,CAGAATCAGAAGGTGA-1-1,-0.12415783551566857
CXCR3-,HC,PB_32,CAGAATCCACAAGTAA-1,-0.10056797643315316
CXCR3-,HC,PB_32,CAGAATCCATACGCCG-1,0.5118188039578381
CXCR3-,HC,PB_32,CAGAATCCATCCCATC-1,0.5489019099465935
CXCR3-,HC,PB_32,CAGAGAGGTAGGGACT-1,-0.10056797643315316
CXCR3-,HC,PB_32,CAGAGAGTCGCAGGCT-1,-0.24372438841707958
CXCR3-,HC,PB_32,CAGATCACAGTCACTA-1,0.24841334273857024
CXCR3-,HC,PB_32,CAGATCAGTAAGGATT-1,-0.08791226974063
CXCR3-,HC,PB_32,CAGATCAGTCAACATC-1,0.5146487996545733
CXCR3-,HC,PB_32,CAGATCAGTTGTACAC-1,-0.10056797643315316
CXCR3-,HC,PB_32,CAGCAGCCACTTGGAT-1,-0.5621758792258039
CXCR3-,HC,PB_32,CAGCAGCGTAGGAGTC-1,0.24827383851825635
CXCR3-,HC,PB_32,CAGCATACATCGGAAG-1,-0.23276313657883288
CXCR3-,HC,PB_32,CAGCATATCAGAGGTG-1,-0.25967159825784464
CXCR3-,HC,PB_32,CAGCCGAAGCCCGAAA-1,0.14760452524913723
CXCR3-,HC,PB_32,CAGCCGAGTACGAAAT-1-1,-0.10056797643315316
CXCR3-,HC,PB_32,CAGCCGATCTCGCTTG-1,0.14382827381711574
CXCR3-,HC,PB_32,CAGCGACGTGTTTGTG-1,-0.10056797643315316
CXCR3-,HC,PB_32,CAGCTAAAGAGTTGGC-1,-0.10056797643315316
CXCR3-,HC,PB_32,CAGCTAACACAAGTAA-1,0.1378914947036162
CXCR3-,HC,PB_32,CAGCTAACAGGCTCAC-1,-0.27711492620348493
CXCR3-,HC,PB_32,CAGCTGGCAAGCGCTC-1,0.20035757358643455
CXCR3-,HC,PB_32,CAGCTGGCAGGTGCCT-1,-0.10056797643315316
CXCR3-,HC,PB_32,CAGCTGGGTGCAGACA-1,-0.10056797643315316
CXCR3-,HC,PB_32,CAGCTGGTCAGAGCTT-1,0.004008086373942264
CXCR3-,HC,PB_32,CAGGTGCCAAACCTAC-1,-0.10056797643315316
CXCR3-,HC,PB_32,CAGGTGCCATGGATGG-1,-0.10056797643315316
CXCR3-,HC,PB_32,CAGGTGCTCCGCAAGC-1,-0.10056797643315316
CXCR3-,HC,PB_32,CAGTAACCATAACCTG-1,-0.3637591725271157
CXCR3-,HC,PB_32,CAGTAACGTTTAGGAA-1,-0.10056797643315316
CXCR3-,HC,PB_32,CAGTCCTAGCTCCTCT-1,-0.5579253526499198
CXCR3+,HC,PB_32,CAGTCCTTCTCCGGTT-1,-0.39934189485360466
CXCR3-,HC,PB_32,CATATGGAGGGTTCCC-1,-0.10056797643315316
CXCR3-,HC,PB_32,CATATGGCAATAGCAA-1,0.24832525547597287
CXCR3-,HC,PB_32,CATATTCAGTACCGGA-1,-0.10056797643315316
CXCR3-,HC,PB_32,CATATTCAGTAGTGCG-1,-0.5870172626871559
CXCR3+,HC,PB_32,CATATTCGTGTAATGA-1,-0.10056797643315316
CXCR3-,HC,PB_32,CATCAAGAGAATAGGG-1,-0.10056797643315316
CXCR3-,HC,PB_32,CATCAAGAGGTGCTAG-1,-0.10056797643315316
CXCR3-,HC,PB_32,CATCAAGCAAGCTGTT-1-1,-0.601137928870286
CXCR3-,HC,PB_32,CATCAAGCATCCTTGC-1,0.22121522945915423
CXCR3-,HC,PB_32,CATCAGAAGTTTCCTT-1,-0.10056797643315316
CXCR3+,HC,PB_32,CATCAGATCATATCGG-1,-0.025915149934240395
CXCR3-,HC,PB_32,CATCAGATCTCGTTTA-1,-0.10056797643315316
CXCR3-,HC,PB_32,CATCCACAGGTGTTAA-1,0.1459352135239567
CXCR3-,HC,PB_32,CATCCACCACATCCAA-1,0.19326218981862445
CXCR3-,HC,PB_32,CATCCACGTCAGGACA-1,0.003048231348945036
CXCR3-,HC,PB_32,CATCCACTCCTTTCGG-1,-0.28734783272085346
CXCR3-,HC,PB_32,CATCGAACAGTCGTGC-1,0.0031940865646526034
CXCR3-,HC,PB_32,CATCGAAGTTGGAGGT-1,-0.10056797643315316
CXCR3-,HC,PB_32,CATCGGGCAGACTCGC-1,-0.10056797643315316
CXCR3-,HC,PB_32,CATCGGGTCAGAGACG-1,-0.10056797643315316
CXCR3-,HC,PB_32,CATGACACAAGCTGAG-1,-0.10056797643315316
CXCR3-,HC,PB_32,CATGACATCAAACCGT-1,-0.10056797643315316
CXCR3+,HC,PB_32,CATGGCGCACCCATTC-1,0.23273384174033224
CXCR3-,HC,PB_32,CATGGCGCAGCCAATT-1-1,-0.10056797643315316
CXCR3-,HC,PB_32,CATGGCGGTCTCAACA-1,-0.10056797643315316
CXCR3-,HC,PB_32,CATTATCAGCCGGTAA-1,-0.10056797643315316
CXCR3-,HC,PB_32,CATTATCGTCTCCATC-1,-0.10056797643315316
CXCR3-,HC,PB_32,CATTATCGTTGTGGAG-1,0.0764917264515255
CXCR3-,HC,PB_32,CATTATCTCACAAACC-1,-0.2920420589581732
CXCR3-,HC,PB_32,CATTCGCAGCTGCCCA-1,-0.10056797643315316
CXCR3-,HC,PB_32,CATTCGCGTATATCCG-1,-0.2154449601351043
CXCR3-,HC,PB_32,CATTCGCGTTCGCTAA-1,0.11650230576000653
CXCR3-,HC,PB_32,CCAATCCGTTACGGAG-1,-0.10056797643315316
CXCR3-,HC,PB_32,CCAATCCGTTCTGAAC-1,0.0924164959704757
CXCR3-,HC,PB_32,CCAATCCTCGGTTAAC-1,-0.10056797643315316
CXCR3-,HC,PB_32,CCACCTACAAACGCGA-1,-0.10056797643315316
CXCR3+,HC,PB_32,CCACCTATCAGCGACC-1,0.1409908553340294
CXCR3-,HC,PB_32,CCACGGAAGGGCTTGA-1,-0.10056797643315316
CXCR3-,HC,PB_32,CCACGGACAAGCGATG-1,-0.10056797643315316
CXCR3+,HC,PB_32,CCACGGATCGTGGTCG-1,-0.10056797643315316
CXCR3+,HC,PB_32,CCACTACAGGAATTAC-1,0.21110801832941176
CXCR3-,HC,PB_32,CCACTACCAAGGTTTC-1,-0.10056797643315316
CXCR3-,HC,PB_32,CCACTACGTCGCATAT-1,0.22310242390905158
CXCR3-,HC,PB_32,CCAGCGACAATTGCTG-1,-0.10056797643315316
CXCR3-,HC,PB_32,CCATGTCTCATCATTC-1,-0.1905269696420622
CXCR3-,HC,PB_32,CCATTCGAGTTAAGTG-1,0.09521356018156957
CXCR3-,HC,PB_32,CCCAATCAGACGCAAC-1,0.08990273587455777
CXCR3-,HC,PB_32,CCCAATCCACGTCTCT-1,-0.10056797643315316
CXCR3-,HC,PB_32,CCCAGTTGTCAGATAA-1,-0.10056797643315316
CXCR3-,HC,PB_32,CCCTCCTTCTGATTCT-1,-0.3182552748219587
CXCR3-,HC,PB_32,CCGGGATGTTACCAGT-1,-0.22058276569711316
CXCR3-,HC,PB_32,CCGGGATTCAGGCAAG-1,-0.10056797643315316
CXCR3-,HC,PB_32,CCGGTAGCACAGGTTT-1,-0.2964155092601452
CXCR3-,HC,PB_32,CCGGTAGTCCGTAGTA-1,0.08884752406310348
CXCR3-,HC,PB_32,CCGTACTTCCTGTACC-1,-0.4310885809334199
CXCR3-,HC,PB_32,CCGTTCAAGACTAAGT-1,-0.038473913360849536
CXCR3-,HC,PB_32,CCGTTCAAGAGTGAGA-1,-0.10056797643315316
CXCR3+,HC,PB_32,CCGTTCACACAGGAGT-1,-0.1163542669246648
CXCR3+,HC,PB_32,CCGTTCAGTCTCCCTA-1,-0.7567674124762566
CXCR3-,HC,PB_32,CCTAAAGGTAAACCTC-1,0.3007475554481302
CXCR3-,HC,PB_32,CCTAAAGGTCTGATCA-1,-0.10056797643315316
CXCR3-,HC,PB_32,CCTACACAGGGTTTCT-1,-0.10056797643315316
CXCR3-,HC,PB_32,CCTACACCATCACGAT-1,-0.22941580225624306
CXCR3-,HC,PB_32,CCTACACGTTACGTCA-1,-0.17047973302492356
CXCR3-,HC,PB_32,CCTACACTCCACGCAG-1,-0.10056797643315316
CXCR3-,HC,PB_32,CCTAGCTAGATGTGGC-1,-0.10056797643315316
CXCR3-,HC,PB_32,CCTAGCTAGCTACCGC-1,0.3414537730133293
CXCR3-,HC,PB_32,CCTAGCTCAGTAAGCG-1,-0.3076978974999268
CXCR3-,HC,PB_32,CCTATTACACCATCCT-1,-0.10056797643315316
CXCR3-,HC,PB_32,CCTATTACACGGTAAG-1,0.3012720565616271
CXCR3-,HC,PB_32,CCTATTATCATGTAGC-1,-0.23884949902674107
CXCR3-,HC,PB_32,CCTCAGTAGACCGGAT-1,0.46327278828118856
CXCR3-,HC,PB_32,CCTCAGTTCAAAGACA-1,-0.10056797643315316
CXCR3-,HC,PB_32,CCTCAGTTCCAGGGCT-1-1,-0.10056797643315316
CXCR3-,HC,PB_32,CCTCAGTTCCGCATCT-1,0.7711512333528203
CXCR3-,HC,PB_32,CCTCTGAAGGATTCGG-1,-0.10056797643315316
CXCR3-,HC,PB_32,CCTCTGAAGTCCATAC-1,-0.026196570839425837
CXCR3-,HC,PB_32,CCTCTGATCATTGCGA-1,0.389377065704774
CXCR3+,HC,PB_32,CCTCTGATCGGCTTGG-1,-0.3232040851018042
CXCR3-,HC,PB_32,CCTCTGATCTGCGACG-1,-0.10056797643315316
CXCR3-,HC,PB_32,CCTTACGGTTCGCTAA-1,0.2809959111298901
CXCR3-,HC,PB_32,CCTTACGTCAGAAATG-1,0.480383533774325
CXCR3-,HC,PB_32,CCTTCCCCAAGCGAGT-1,-0.10056797643315316
CXCR3-,HC,PB_32,CCTTCGACACTTGGAT-1,-0.10056797643315316
CXCR3+,HC,PB_32,CCTTCGATCAGCATGT-1,0.009246322834411045
CXCR3+,HC,PB_32,CCTTCGATCAGTTCGA-1,0.2210095745841647
CXCR3-,HC,PB_32,CCTTCGATCCTGCTTG-1,0.15865682407161477
CXCR3-,HC,PB_32,CCTTTCTAGACAAAGG-1,-0.10056797643315316
CXCR3-,HC,PB_32,CGAACATCATCACCCT-1,-0.3001842414734517
CXCR3-,HC,PB_32,CGAACATTCCCAGGTG-1,-0.10056797643315316
CXCR3-,HC,PB_32,CGAACATTCGTGGTCG-1,0.24370245988838762
CXCR3+,HC,PB_32,CGAATGTCATCGATTG-1,0.4742083298612415
CXCR3-,HC,PB_32,CGAATGTGTTGCGCAC-1-1,0.18952926681926538
CXCR3-,HC,PB_32,CGAATGTTCTCTAGGA-1,0.39110822973431825
CXCR3-,HC,PB_32,CGACCTTAGCCTCGTG-1,-0.08352142994704606
CXCR3-,HC,PB_32,CGACCTTCACGACGAA-1,-0.19244872661141793
CXCR3-,HC,PB_32,CGACTTCAGCACCGTC-1,0.023190456402654134
CXCR3-,HC,PB_32,CGACTTCAGCGTTGCC-1,-0.3472359930963692
CXCR3-,HC,PB_32,CGACTTCCATCCTAGA-1,-0.2879087380692292
CXCR3-,HC,PB_32,CGACTTCGTGGTAACG-1,-0.10056797643315316
CXCR3-,HC,PB_32,CGACTTCTCACTTACT-1,0.07890126380656934
CXCR3-,HC,PB_32,CGAGAAGCAACGATGG-1,-0.10056797643315316
CXCR3-,HC,PB_32,CGAGCACAGTAATCCC-1,0.27557575765308
CXCR3-,HC,PB_32,CGAGCACAGTACCGGA-1,-0.10056797643315316
CXCR3-,HC,PB_32,CGAGCCAAGCAGATCG-1,-0.10056797643315316
CXCR3-,HC,PB_32,CGAGCCACAGGTCGTC-1,0.12258427561302834
CXCR3-,HC,PB_32,CGAGCCACATGTTCCC-1,-0.30355843616653083
CXCR3-,HC,PB_32,CGAGCCAGTCGGCACT-1,-0.10056797643315316
CXCR3+,HC,PB_32,CGAGCCAGTCTGGTCG-1,-0.10056797643315316
CXCR3-,HC,PB_32,CGATCGGAGAAAGTGG-1,-0.10056797643315316
CXCR3-,HC,PB_32,CGATCGGCAGTTCCCT-1,-0.10056797643315316
CXCR3-,HC,PB_32,CGATCGGGTAGCTGCC-1,0.35817747872352124
CXCR3-,HC,PB_32,CGATGGCAGTCTCAAC-1,-0.10056797643315316
CXCR3-,HC,PB_32,CGATGGCGTCATGCCG-1,0.15020671568203323
CXCR3-,HC,PB_32,CGATGTAAGGCCCTCA-1-1,0.049449789269215914
CXCR3-,HC,PB_32,CGATTGAAGGCTAGCA-1,-0.1544892343742305
CXCR3-,HC,PB_32,CGATTGAGTTCTGGTA-1,-0.3049235441668089
CXCR3-,HC,PB_32,CGATTGATCAGGTTCA-1,-0.03963536297688903
CXCR3-,HC,PB_32,CGCCAAGAGAGCCCAA-1,0.010943948082636148
CXCR3-,HC,PB_32,CGCCAAGAGTTCGATC-1,-0.10056797643315316
CXCR3-,HC,PB_32,CGCCAAGCACACCGAC-1,0.36983321279724396
CXCR3+,HC,PB_32,CGCCAAGCACAGGCCT-1,-0.5185755130280277
CXCR3-,HC,PB_32,CGCCAAGGTATTACCG-1,0.07984907454717402
CXCR3-,HC,PB_32,CGCCAAGGTGCTCTTC-1,0.17330475755711902
CXCR3-,HC,PB_32,CGCCAAGTCGCTTGTC-1,0.5210221309423152
CXCR3-,HC,PB_32,CGCGGTAAGCTTTGGT-1,-0.10056797643315316
CXCR3-,HC,PB_32,CGCGGTAAGGAGTTGC-1,-0.3216079112858899
CXCR3-,HC,PB_32,CGCGGTAAGTGCCATT-1,-0.5438145881578392
CXCR3-,HC,PB_32,CGCGGTAGTGCCTGTG-1,-0.3059825750021781
CXCR3-,HC,PB_32,CGCGGTATCCCTAACC-1,0.27615287171033065
CXCR3-,HC,PB_32,CGCGTTTCACCACCAG-1-1,-0.10056797643315316
CXCR3-,HC,PB_32,CGCGTTTTCACAAACC-1,-0.10056797643315316
CXCR3-,HC,PB_32,CGCTATCAGAAGAAGC-1,-0.2065164184567053
CXCR3-,HC,PB_32,CGCTATCAGAGCAATT-1,-0.004525752034274141
CXCR3-,HC,PB_32,CGCTATCTCGTCACGG-1,-0.17155787196688183
CXCR3-,HC,PB_32,CGCTATCTCGTTTATC-1,-0.10056797643315316
CXCR3-,HC,PB_32,CGCTGGAAGAATTGTG-1,-0.01011632140503173
CXCR3-,HC,PB_32,CGCTGGAAGCGACGTA-1,-0.10056797643315316
CXCR3+,HC,PB_32,CGCTGGACATATGCTG-1,-0.7412612617797656
CXCR3-,HC,PB_32,CGCTGGAGTGGTGTAG-1,-0.0808733970816884
CXCR3-,HC,PB_32,CGCTGGAGTTACCGAT-1,0.09716578422346635
CXCR3-,HC,PB_32,CGCTTCACACCTATCC-1,-0.11876493277531726
CXCR3-,HC,PB_32,CGCTTCATCAACCATG-1,0.5140991405262595
CXCR3-,HC,PB_32,CGGACGTAGTGGTAAT-1,-0.29526485981131906
CXCR3-,HC,PB_32,CGGACGTCACATGGGA-1,0.2109925959055963
CXCR3-,HC,PB_32,CGGACTGAGGTGACCA-1-1,-0.10056797643315316
CXCR3-,HC,PB_32,CGGACTGAGTGCGATG-1,-0.10056797643315316
CXCR3+,HC,PB_32,CGGACTGCACAGCGTC-1,-0.5729167307901497
CXCR3-,HC,PB_32,CGGACTGCATGACATC-1,0.2646137800652831
CXCR3-,HC,PB_32,CGGACTGTCTGTCCGT-1,-0.14938560846043045
CXCR3-,HC,PB_32,CGGAGCTGTACTTCTT-1,-0.10056797643315316
CXCR3-,HC,PB_32,CGGAGCTTCACATAGC-1-1,0.05138966352593514
CXCR3+,HC,PB_32,CGGAGCTTCCTCGCAT-1,-0.13957872246117378
CXCR3-,HC,PB_32,CGGAGTCCAAGGTGTG-1,-0.10056797643315316
CXCR3-,HC,PB_32,CGGCTAGAGGTGCACA-1,-0.12397665306028462
CXCR3-,HC,PB_32,CGGCTAGCAGGGATTG-1,-0.10056797643315316
CXCR3-,HC,PB_32,CGGGTCATCTCCAACC-1,-0.09353173234822923
CXCR3-,HC,PB_32,CGGTTAAAGTTATCGC-1,0.1833278930185467
CXCR3-,HC,PB_32,CGGTTAACAAATTGCC-1,-0.10056797643315316
CXCR3-,HC,PB_32,CGGTTAATCACTTATC-1,-0.05923580948198675
CXCR3-,HC,PB_32,CGTAGCGAGTCCAGGA-1,-0.10056797643315316
CXCR3-,HC,PB_32,CGTAGCGCAGACAGGT-1,-0.10056797643315316
CXCR3-,HC,PB_32,CGTAGCGTCTTGTCAT-1,0.20638748894453388
CXCR3-,HC,PB_32,CGTAGGCAGCAAATCA-1,-0.0036512372308646107
CXCR3-,HC,PB_32,CGTAGGCCAACTTGAC-1,0.5327922141364678
CXCR3-,HC,PB_32,CGTAGGCGTTTGGGCC-1,0.8716088355827546
CXCR3-,HC,PB_32,CGTCACTCAATCCGAT-1,-0.09313746325953384
CXCR3-,HC,PB_32,CGTCACTGTCTTCGTC-1,-0.10056797643315316
CXCR3-,HC,PB_32,CGTCAGGCAACACGCC-1,-0.10056797643315316
CXCR3-,HC,PB_32,CGTCAGGCACATCCGG-1,0.8008486939077191
CXCR3-,HC,PB_32,CGTCAGGTCACCATAG-1,-0.10056797643315316
CXCR3-,HC,PB_32,CGTCCATGTAGGCTGA-1,-0.10056797643315316
CXCR3-,HC,PB_32,CGTCCATGTTCCAACA-1,0.34725812659434213
CXCR3-,HC,PB_32,CGTCCATTCGGGAGTA-1,-0.2679553362220261
CXCR3-,HC,PB_32,CGTCTACAGGGCTCTC-1,-0.36440088193459524
CXCR3-,HC,PB_32,CGTCTACGTTCCACGG-1,-0.10056797643315316
CXCR3-,HC,PB_32,CGTGAGCAGACGCAAC-1,-0.10056797643315316
CXCR3-,HC,PB_32,CGTGTAATCTCCTATA-1,-0.10056797643315316
CXCR3-,HC,PB_32,CGTGTCTCAGGTGCCT-1,0.21951053746691188
CXCR3-,HC,PB_32,CGTTAGACAGCCTGTG-1,-0.10056797643315316
CXCR3-,HC,PB_32,CGTTAGAGTCCGAAGA-1,0.09448815210417552
CXCR3-,HC,PB_32,CGTTCTGGTACGCACC-1,-0.10056797643315316
CXCR3-,HC,PB_32,CGTTCTGTCAAACCGT-1,0.5510263359962572
CXCR3-,HC,PB_32,CTAACTTAGAGGACGG-1,-0.10056797643315316
CXCR3-,HC,PB_32,CTAACTTAGAGTCGGT-1,-0.10056797643315316
CXCR3-,HC,PB_32,CTAACTTAGTGAATTG-1,0.19762711065429053
CXCR3-,HC,PB_32,CTAACTTGTAAGTGGC-1,0.30140654017584234
CXCR3-,HC,PB_32,CTAACTTGTTAAAGTG-1,-0.10056797643315316
CXCR3-,HC,PB_32,CTAAGACAGACCACGA-1,-0.14934912003129228
CXCR3-,HC,PB_32,CTAAGACAGATAGGAG-1,-0.10056797643315316
CXCR3-,HC,PB_32,CTAAGACGTGGCAAAC-1,-0.2361098821033816
CXCR3-,HC,PB_32,CTAATGGAGAGATGAG-1,-0.10056797643315316
CXCR3+,HC,PB_32,CTAATGGTCACGACTA-1,-0.38238042452311166
CXCR3-,HC,PB_32,CTAATGGTCGCGGATC-1,0.2023135711986936
CXCR3-,HC,PB_32,CTACACCAGATGCGAC-1,-0.2769381039125244
CXCR3-,HC,PB_32,CTACACCCACCGGAAA-1,0.1672413293148384
CXCR3-,HC,PB_32,CTACACCTCAGCAACT-1,0.07497682741585242
CXCR3-,HC,PB_32,CTACATTCACGCATCG-1,-0.10056797643315316
CXCR3-,HC,PB_32,CTACATTGTGAGTGAC-1,-0.10056797643315316
CXCR3-,HC,PB_32,CTACATTGTTAAGATG-1,-0.24458813838759336
CXCR3-,HC,PB_32,CTACCCACACAGCGTC-1,-0.24579960125527603
CXCR3-,HC,PB_32,CTACGTCCAGCTGTGC-1,-0.33148293726167516
CXCR3-,HC,PB_32,CTACGTCCAGTGAGTG-1,-0.10056797643315316
CXCR3-,HC,PB_32,CTACGTCGTCCGAGTC-1,0.11292523132737552
CXCR3-,HC,PB_32,CTAGCCTAGCTAAGAT-1,-0.10056797643315316
CXCR3+,HC,PB_32,CTAGCCTCAAGGTTTC-1,-0.7352295004694855
CXCR3-,HC,PB_32,CTAGCCTCAATGTTGC-1,-0.10056797643315316
CXCR3-,HC,PB_32,CTAGCCTCATGAACCT-1,0.13245976540040846
CXCR3-,HC,PB_32,CTAGCCTTCGAATGCT-1,-0.36926567219099204
CXCR3+,HC,PB_32,CTAGTGAAGCACACAG-1,0.39637554265141534
CXCR3-,HC,PB_32,CTAGTGAAGCCGGTAA-1,0.27184055530959883
CXCR3-,HC,PB_32,CTAGTGAAGGCATGTG-1,0.06918942723703266
CXCR3-,HC,PB_32,CTAGTGACACTCAGGC-1,0.13184957138685138
CXCR3-,HC,PB_32,CTCACACCATCCGGGT-1,0.06508006392077839
CXCR3-,HC,PB_32,CTCAGAAAGTGACATA-1,-0.08056560913764574
CXCR3-,HC,PB_32,CTCAGAACATTTCAGG-1,-0.339655439738539
CXCR3+,HC,PB_32,CTCAGAAGTTCGCGAC-1,0.8302485838053372
CXCR3-,HC,PB_32,CTCAGAATCCGCATAA-1-1,-0.10056797643315316
CXCR3+,HC,PB_32,CTCATTAAGACTGGGT-1,0.3639967660253097
CXCR3-,HC,PB_32,CTCCTAGCATTCCTCG-1,0.11965085698631431
CXCR3+,HC,PB_32,CTCCTAGGTAGCGATG-1,-0.38781952226003796
CXCR3-,HC,PB_32,CTCCTAGGTCCGTGAC-1,0.1446665416371873
CXCR3+,HC,PB_32,CTCCTAGGTCCTCCAT-1,-0.10056797643315316
CXCR3-,HC,PB_32,CTCGAAACACGTCTCT-1,-0.10056797643315316
CXCR3-,HC,PB_32,CTCGAAAGTAAAGTCA-1,-0.36414642075488285
CXCR3-,HC,PB_32,CTCGAAAGTACCCAAT-1,-0.2452651940473647
CXCR3+,HC,PB_32,CTCGAAAGTCCCTACT-1,-0.429268383568623
CXCR3+,HC,PB_32,CTCGAAAGTGTCTGAT-1,0.09875502285605302
CXCR3-,HC,PB_32,CTCGAAAGTTTAGGAA-1,-0.10056797643315316
CXCR3-,HC,PB_32,CTCGAGGCATTACGAC-1,-0.10056797643315316
CXCR3-,HC,PB_32,CTCGAGGTCTGAAAGA-1,0.3246024855220035
CXCR3-,HC,PB_32,CTCGGAGCACAGAGGT-1,-0.10056797643315316
CXCR3-,HC,PB_32,CTCGGGATCCCAGGTG-1,-0.36303476091819464
CXCR3+,HC,PB_32,CTCGTACAGATACACA-1,-0.10056797643315316
CXCR3+,HC,PB_32,CTCGTACAGTACCGGA-1,0.463006652294936
CXCR3-,HC,PB_32,CTCGTACCACCATGTA-1,-0.10056797643315316
CXCR3-,HC,PB_32,CTCGTACCATAAAGGT-1,-0.10056797643315316
CXCR3-,HC,PB_32,CTCGTACCATGCCACG-1,-0.10056797643315316
CXCR3-,HC,PB_32,CTCGTACCATGTAGTC-1,-0.10056797643315316
CXCR3-,HC,PB_32,CTCGTACGTACCGCTG-1,0.06673930461320489
CXCR3-,HC,PB_32,CTCGTCACAAGTACCT-1,-0.10056797643315316
CXCR3-,HC,PB_32,CTCGTCAGTGTAATGA-1,-0.10056797643315316
CXCR3-,HC,PB_32,CTCGTCATCAATCTCT-1,0.3510827896076082
CXCR3-,HC,PB_32,CTCTAATGTCCATCCT-1,-0.10056797643315316
CXCR3-,HC,PB_32,CTCTACGCACAGCCCA-1,0.7915357865394004
CXCR3-,HC,PB_32,CTCTACGGTAAATGAC-1,-0.030303672851280043
CXCR3-,HC,PB_32,CTCTACGGTATGAAAC-1,0.2033478586339888
CXCR3-,HC,PB_32,CTCTACGTCTCCAGGG-1,0.02931603707370543
CXCR3+,HC,PB_32,CTCTGGTCAATCGAAA-1,-0.10056797643315316
CXCR3+,HC,PB_32,CTCTGGTCAATCTACG-1,-0.24129658757755168
CXCR3-,HC,PB_32,CTGAAACGTCAGGACA-1,-0.10056797643315316
CXCR3-,HC,PB_32,CTGAAACTCCCGACTT-1,0.0546575584435604
CXCR3-,HC,PB_32,CTGAAGTCACAGACTT-1,-0.5070765759676404
CXCR3-,HC,PB_32,CTGAAGTCATGCCCGA-1,0.10876603740622694
CXCR3-,HC,PB_32,CTGAAGTGTGCCTGCA-1,-0.10056797643315316
CXCR3-,HC,PB_32,CTGATCCTCATTGCCC-1,-0.10056797643315316
CXCR3-,HC,PB_32,CTGCGGACAACGCACC-1,-0.10056797643315316
CXCR3-,HC,PB_32,CTGCGGACACACCGCA-1,-0.10056797643315316
CXCR3-,HC,PB_32,CTGCGGAGTCCGACGT-1,-0.10056797643315316
CXCR3-,HC,PB_32,CTGCGGAGTCGCATAT-1,0.2679869414370629
CXCR3-,HC,PB_32,CTGCGGATCAAACCAC-1,-0.10056797643315316
CXCR3-,HC,PB_32,CTGCGGATCGCGCCAA-1,0.17039780424267945
CXCR3-,HC,PB_32,CTGCGGATCTGCGTAA-1,0.5317377844765312
CXCR3-,HC,PB_32,CTGCTGTAGCTACCTA-1,-0.10056797643315316
CXCR3-,HC,PB_32,CTGCTGTAGTCGCCGT-1,-0.01074773066748764
CXCR3+,HC,PB_32,CTGCTGTTCACCTCGT-1,-0.10056797643315316
CXCR3-,HC,PB_32,CTGGTCTAGGCTCTTA-1,-0.5439953951744625
CXCR3-,HC,PB_32,CTGGTCTCACACATGT-1,1.0914578841252645
CXCR3-,HC,PB_32,CTGGTCTGTCTGGTCG-1,-0.2954231243467139
CXCR3-,HC,PB_32,CTGGTCTTCCGTAGGC-1,-0.10056797643315316
CXCR3-,HC,PB_32,CTGTGCTCATCCCACT-1,1.1638948546699843
CXCR3+,HC,PB_32,CTGTGCTGTAACGTTC-1,0.41392622750651314
CXCR3-,HC,PB_32,CTGTTTAAGATGTGGC-1,0.443626110898729
CXCR3-,HC,PB_32,CTGTTTAGTTCAGACT-1,-0.10056797643315316
CXCR3-,HC,PB_32,CTGTTTATCGTAGGTT-1,0.09098525626595864
CXCR3-,HC,PB_32,CTTAACTAGCCTCGTG-1,-0.35183229458513854
CXCR3-,HC,PB_32,CTTACCGAGAAGGTGA-1,0.1511747537805476
CXCR3+,HC,PB_32,CTTACCGAGAGTCTGG-1,0.4335275115926906
CXCR3-,HC,PB_32,CTTACCGGTTGATTGC-1,-0.10056797643315316
CXCR3-,HC,PB_32,CTTAGGAAGTGCGATG-1,-0.10056797643315316
CXCR3-,HC,PB_32,CTTAGGACACCTCGGA-1,0.07750573492320537
CXCR3-,HC,PB_32,CTTCTCTGTCAAAGAT-1,-0.005523030451705467
CXCR3-,HC,PB_32,CTTCTCTGTGTTCGAT-1,-0.23819208074394757
CXCR3-,HC,PB_32,CTTCTCTTCTGTTTGT-1,-0.2920863758148783
CXCR3-,HC,PB_32,CTTGGCTAGCTATGCT-1,0.1807362585696493
CXCR3-,HC,PB_32,CTTGGCTTCAGGTTCA-1,-0.10056797643315316
CXCR3-,HC,PB_32,CTTTGCGCAAATACAG-1,0.15679656631641475
CXCR3-,HC,PB_32,CTTTGCGCACGCCAGT-1,-0.015401751253508298
CXCR3-,HC,PB_32,GAAACTCAGTACGCGA-1,0.24441389108864003
CXCR3-,HC,PB_32,GAAACTCGTATAGTAG-1,-0.10056797643315316
CXCR3-,HC,PB_32,GAAATGAAGGACATTA-1,-0.10056797643315316
CXCR3-,HC,PB_32,GAACATCCATCTGGTA-1,0.3970174525806188
CXCR3-,HC,PB_32,GAACCTAAGGATTCGG-1,0.09387324979504345
CXCR3-,HC,PB_32,GAACCTACAGCTGCTG-1,-0.3359847336622202
CXCR3-,HC,PB_32,GAACCTATCATCGCTC-1,-0.10056797643315316
CXCR3-,HC,PB_32,GAACCTATCCGCAGTG-1,0.5134655954040439
CXCR3-,HC,PB_32,GAACGGAAGAGTCTGG-1,0.25203183279586167
CXCR3-,HC,PB_32,GAACGGAAGATCCCAT-1-1,-0.10056797643315316
CXCR3-,HC,PB_32,GAACGGACAGTAAGAT-1,-0.10056797643315316
CXCR3-,HC,PB_32,GAACGGAGTGAGGCTA-1,0.2841101628284696
CXCR3-,HC,PB_32,GAACGGATCGAATGGG-1,-0.2514861417508351
CXCR3-,HC,PB_32,GAAGCAGCAACTTGAC-1,-0.10056797643315316
CXCR3-,HC,PB_32,GAAGCAGGTGTGACGA-1,-0.10056797643315316
CXCR3-,HC,PB_32,GAAGCAGGTTAAGAAC-1,-0.10056797643315316
CXCR3+,HC,PB_32,GAATAAGGTACCGCTG-1,0.2604990378458965
CXCR3-,HC,PB_32,GAATGAACAAGTTGTC-1,-0.10056797643315316
CXCR3-,HC,PB_32,GAATGAACAGCATGAG-1,0.13144117839497166
CXCR3-,HC,PB_32,GAATGAATCTTGCAAG-1,-0.10056797643315316
CXCR3-,HC,PB_32,GACACGCAGGAGCGTT-1,-0.10056797643315316
CXCR3-,HC,PB_32,GACACGCCAGACTCGC-1,-0.0935592027521132
CXCR3-,HC,PB_32,GACACGCTCGGATGGA-1,0.017803409656485383
CXCR3-,HC,PB_32,GACAGAGAGCGCCTTG-1,-0.10056797643315316
CXCR3-,HC,PB_32,GACAGAGAGGCTACGA-1,-0.10056797643315316
CXCR3-,HC,PB_32,GACAGAGCAGCGTTCG-1,-0.8281526658233551
CXCR3-,HC,PB_32,GACAGAGGTATGGTTC-1,0.6874960203203951
CXCR3-,HC,PB_32,GACAGAGTCCAAACTG-1-1,-0.12396915663340012
CXCR3+,HC,PB_32,GACAGAGTCCACGTGG-1,-0.36433482377617077
CXCR3-,HC,PB_32,GACCAATGTTAGATGA-1,-0.10056797643315316
CXCR3-,HC,PB_32,GACCTGGAGGAGTTTA-1,0.5760425377892983
CXCR3-,HC,PB_32,GACCTGGAGTGTGAAT-1,0.1818537074820232
CXCR3-,HC,PB_32,GACCTGGTCATGCAAC-1,0.5396795468865597
CXCR3-,HC,PB_32,GACGCGTGTTAGTGGG-1,-0.6109603973205299
CXCR3-,HC,PB_32,GACGCGTGTTTGCATG-1,-0.10056797643315316
CXCR3-,HC,PB_32,GACGGCTAGAGCAATT-1,0.6664554177324465
CXCR3-,HC,PB_32,GACGGCTAGCGTGAAC-1,-0.10056797643315316
CXCR3-,HC,PB_32,GACGGCTTCGGTGTTA-1,0.23705970793620962
CXCR3-,HC,PB_32,GACGTGCAGACTCGGA-1,0.10343959250432036
CXCR3-,HC,PB_32,GACGTGCAGCAGGTCA-1,-0.10056797643315316
CXCR3-,HC,PB_32,GACGTGCAGTTACCCA-1,-0.34693217877367116
CXCR3-,HC,PB_32,GACGTTAAGGAGTTTA-1,-0.10056797643315316
CXCR3-,HC,PB_32,GACTACAAGTTACCCA-1,-0.10056797643315316
CXCR3-,HC,PB_32,GACTACACAGTTCCCT-1,-0.10056797643315316
CXCR3-,HC,PB_32,GACTACAGTCGTCTTC-1-1,0.4656414047222023
CXCR3-,HC,PB_32,GACTACATCGTTTAGG-1,-0.10056797643315316
CXCR3-,HC,PB_32,GACTGCGCAAGCGATG-1,-0.10056797643315316
CXCR3-,HC,PB_32,GACTGCGGTCACCTAA-1,0.34500820869247395
CXCR3-,HC,PB_32,GACTGCGGTGTTCGAT-1,0.15322351720671396
CXCR3-,HC,PB_32,GACTGCGTCATTTGGG-1,-0.10056797643315316
CXCR3-,HC,PB_32,GACTGCGTCTTGAGAC-1,-0.20097358068915286
CXCR3-,HC,PB_32,GAGCAGAAGCGATAGC-1,0.18879074113406707
CXCR3-,HC,PB_32,GAGCAGACAACACCTA-1,0.0913214291727293
CXCR3-,HC,PB_32,GAGCAGAGTCTAGCCG-1,-0.10056797643315316
CXCR3-,HC,PB_32,GAGCAGATCGTACGGC-1-1,0.20529854927494368
CXCR3-,HC,PB_32,GAGGTGAGTCGCTTCT-1,-0.3108971205218332
CXCR3-,HC,PB_32,GAGGTGAGTGACGGTA-1,0.8808708316137739
CXCR3+,HC,PB_32,GAGTCCGGTAGCGTGA-1,0.06510772301912104
CXCR3-,HC,PB_32,GATCAGTAGCTTTGGT-1,-0.10056797643315316
CXCR3-,HC,PB_32,GATCAGTCATCGGTTA-1,-0.10056797643315316
CXCR3-,HC,PB_32,GATCGATAGGCATGGT-1,-0.10056797643315316
CXCR3-,HC,PB_32,GATCGCGCAAGCGTAG-1,-0.46077950293312714
CXCR3-,HC,PB_32,GATCGCGGTCTTCAAG-1,-0.10056797643315316
CXCR3-,HC,PB_32,GATCGCGTCTACGAGT-1,-0.36977195574754024
CXCR3+,HC,PB_32,GATCGTACATGCGCAC-1,-0.07258183490474195
CXCR3-,HC,PB_32,GATCTAGAGGATGGTC-1,-0.10056797643315316
CXCR3+,HC,PB_32,GATCTAGAGGTGATTA-1,-0.3107115948322828
CXCR3+,HC,PB_32,GATCTAGCATGCAATC-1,-0.5729105118259122
CXCR3-,HC,PB_32,GATCTAGGTACCAGTT-1,-0.10056797643315316
CXCR3-,HC,PB_32,GATCTAGTCCCAAGAT-1,-0.14940146588145575
CXCR3-,HC,PB_32,GATCTAGTCTACGAGT-1,-0.0026884892184997028
CXCR3-,HC,PB_32,GATGAAAAGAAACCTA-1,-0.10056797643315316
CXCR3-,HC,PB_32,GATGAAAAGGCTCATT-1,1.175906132008716
CXCR3-,HC,PB_32,GATGAAACATGCTAGT-1,-0.10056797643315316
CXCR3-,HC,PB_32,GATGAAAGTAGCGCTC-1-1,0.23689211876352045
CXCR3-,HC,PB_32,GATGAAAGTCATACTG-1,-0.10056797643315316
CXCR3-,HC,PB_32,GATGAAATCGTGGTCG-1,-0.10056797643315316
CXCR3-,HC,PB_32,GATGAGGCAGCGTAAG-1,-0.10056797643315316
CXCR3-,HC,PB_32,GATGAGGCAGGTGGAT-1,0.11688763061801284
CXCR3-,HC,PB_32,GATGAGGGTTCTCATT-1,-0.10056797643315316
CXCR3+,HC,PB_32,GATGCTACAATCCGAT-1,0.09861343970902163
CXCR3-,HC,PB_32,GATGCTACAGCTGCAC-1,0.09300924060274
CXCR3-,HC,PB_32,GCAAACTCAGGTCCAC-1,-0.10056797643315316
CXCR3-,HC,PB_32,GCAATCAAGAGTACAT-1,-0.1710120170360627
CXCR3-,HC,PB_32,GCAATCAAGGATGGTC-1,-0.10056797643315316
CXCR3-,HC,PB_32,GCAATCATCAAACCAC-1,-0.10056797643315316
CXCR3-,HC,PB_32,GCAATCATCAATACCG-1,-0.01146189497024722
CXCR3-,HC,PB_32,GCAATCATCATTCACT-1,0.13536936868447444
CXCR3-,HC,PB_32,GCACTCTAGTATCTCG-1,-0.10056797643315316
CXCR3+,HC,PB_32,GCAGCCACAAGGACAC-1,-0.34700675112995516
CXCR3-,HC,PB_32,GCAGTTAAGAGGTTAT-1,-0.10521570080395495
CXCR3-,HC,PB_32,GCAGTTAAGGTGACCA-1,-0.15028562417013253
CXCR3-,HC,PB_32,GCAGTTACACAGCGTC-1,0.740364720600719
CXCR3-,HC,PB_32,GCATACAAGTTCGCAT-1,-0.2329124872441118
CXCR3-,HC,PB_32,GCATACAGTGCACTTA-1,0.3839187704872301
CXCR3+,HC,PB_32,GCATGATAGAGACGAA-1,0.08397634216080314
CXCR3-,HC,PB_32,GCATGATAGTCCGTAT-1,-0.10056797643315316
CXCR3-,HC,PB_32,GCATGATCAGACTCGC-1,0.3919203659615276
CXCR3-,HC,PB_32,GCATGATGTTAGTGGG-1,-0.026413562015332476
CXCR3-,HC,PB_32,GCATGATTCAACCATG-1,-0.8322290339141584
CXCR3-,HC,PB_32,GCATGCGGTCAGAATA-1,-0.1951580639846142
CXCR3-,HC,PB_32,GCATGCGTCCGCGGTA-1,0.22901385896041213
CXCR3-,HC,PB_32,GCCTCTAGTATATGAG-1,0.26865232584905385
CXCR3-,HC,PB_32,GCCTCTAGTCTGATCA-1,-0.10056797643315316
CXCR3+,HC,PB_32,GCCTCTAGTTGGTTTG-1,0.2348021516001594
CXCR3-,HC,PB_32,GCGACCACACCTCGTT-1,0.38088386628052256
CXCR3-,HC,PB_32,GCGACCACAGGGTTAG-1,-0.11543842623722296
CXCR3-,HC,PB_32,GCGACCAGTCTCTCGT-1,-0.36022534795770206
CXCR3-,HC,PB_32,GCGACCATCCGTACAA-1,-0.10056797643315316
CXCR3-,HC,PB_32,GCGAGAAAGGTGCTAG-1,-0.10056797643315316
CXCR3-,HC,PB_32,GCGCAACAGGTGCTAG-1,-0.10056797643315316
CXCR3-,HC,PB_32,GCGCAACCAGATGAGC-1,-0.10056797643315316
CXCR3-,HC,PB_32,GCGCAACGTTATCCGA-1,-0.10056797643315316
CXCR3-,HC,PB_32,GCGCAGTTCACATAGC-1,-0.21328736757401026
CXCR3+,HC,PB_32,GCGCAGTTCGTTGACA-1,-0.10056797643315316
CXCR3-,HC,PB_32,GCGCCAACAAGAAAGG-1,-0.11207527947829383
CXCR3-,HC,PB_32,GCGCCAATCCAAATGC-1,-0.594836149678078
CXCR3-,HC,PB_32,GCGCCAATCTTAGCCC-1,0.08020972048868391
CXCR3-,HC,PB_32,GCGCGATAGATCGGGT-1,0.20292656643951743
CXCR3-,HC,PB_32,GCGCGATAGCAGACTG-1,-0.10852089457813262
CXCR3-,HC,PB_32,GCTCCTAAGCACCGCT-1,-0.10056797643315316
CXCR3-,HC,PB_32,GCTCCTACATAGACTC-1,-0.24637622227498815
CXCR3-,HC,PB_32,GCTCCTAGTGCAACTT-1,-0.36937622390213215
CXCR3-,HC,PB_32,GCTCTGTAGAAGGACA-1,-0.10056797643315316
CXCR3-,HC,PB_32,GCTCTGTAGGATTCGG-1,0.36420101193918797
CXCR3-,HC,PB_32,GCTCTGTAGGTGTTAA-1,-0.10056797643315316
CXCR3-,HC,PB_32,GCTCTGTTCTCTGTCG-1,0.2732275261237165
CXCR3-,HC,PB_32,GCTCTGTTCTGGTGTA-1,-0.10056797643315316
CXCR3-,HC,PB_32,GCTGCAGAGGACATTA-1,-0.17395623701076368
CXCR3-,HC,PB_32,GCTGCAGTCACAGGCC-1,-0.24268501677475043
CXCR3+,HC,PB_32,GCTGCAGTCATGTAGC-1,0.25324613653276123
CXCR3-,HC,PB_32,GCTGCGAGTCACTTCC-1,0.1199634915513774
CXCR3-,HC,PB_32,GCTGCGAGTCGTTGTA-1,-0.10056797643315316
CXCR3-,HC,PB_32,GCTGCGATCAACACGT-1,-0.35713025282615807
CXCR3-,HC,PB_32,GCTGCGATCCAATGGT-1,-0.10056797643315316
CXCR3-,HC,PB_32,GCTGCGATCTATCGCC-1,0.06514571883680344
CXCR3-,HC,PB_32,GCTGGGTAGAGGTAGA-1,-0.10056797643315316
CXCR3+,HC,PB_32,GCTGGGTCATATACGC-1,0.3445695720527543
CXCR3-,HC,PB_32,GCTGGGTTCCGCAGTG-1,0.4705000337795794
CXCR3-,HC,PB_32,GCTTCCATCCACGTGG-1,0.7612398115060514
CXCR3-,HC,PB_32,GCTTCCATCTTGACGA-1,0.03157157541849517
CXCR3-,HC,PB_32,GCTTGAAAGGTGCTAG-1,0.10703162211257082
CXCR3-,HC,PB_32,GCTTGAATCACTCCTG-1,-0.10056797643315316
CXCR3-,HC,PB_32,GGAAAGCAGACCTAGG-1,-0.10056797643315316
CXCR3-,HC,PB_32,GGAAAGCGTAAGAGAG-1,-0.31842522955803704
CXCR3-,HC,PB_32,GGAAAGCGTCAATGTC-1,-0.10056797643315316
CXCR3-,HC,PB_32,GGAACTTCACGTGAGA-1,0.18666830922823266
CXCR3+,HC,PB_32,GGAACTTGTGACTCAT-1,0.32924930942082437
CXCR3-,HC,PB_32,GGAATAAAGCGTGAGT-1,-0.10056797643315316
CXCR3-,HC,PB_32,GGACAGAAGACTAAGT-1-1,0.26665462765334236
CXCR3-,HC,PB_32,GGACATTAGGCGACAT-1,-0.10056797643315316
CXCR3-,HC,PB_32,GGACATTAGGTGCTAG-1,0.10774487714097289
CXCR3-,HC,PB_32,GGACATTCACAGGCCT-1,0.01334313853586544
CXCR3+,HC,PB_32,GGACATTGTGTTGAGG-1,-0.9385200065639694
CXCR3-,HC,PB_32,GGACATTTCGCATGGC-1,0.214757136199095
CXCR3-,HC,PB_32,GGACGTCCACATCTTT-1,0.13860930192501453
CXCR3-,HC,PB_32,GGACGTCCAGTCACTA-1,0.7235817795428231
CXCR3-,HC,PB_32,GGACGTCTCCATGAGT-1,-0.8822872342249459
CXCR3+,HC,PB_32,GGACGTCTCTGTGCAA-1,1.002545944139348
CXCR3-,HC,PB_32,GGAGCAAGTAGCACGA-1,-0.10056797643315316
CXCR3-,HC,PB_32,GGAGCAAGTCGCGGTT-1,-0.35627883475016336
CXCR3-,HC,PB_32,GGAGCAATCTCCAGGG-1,-0.10056797643315316
CXCR3-,HC,PB_32,GGATGTTAGACCACGA-1,-0.10056797643315316
CXCR3-,HC,PB_32,GGATGTTAGAGTCTGG-1,0.41860537069681475
CXCR3-,HC,PB_32,GGATTACCAGCTGTGC-1,-0.10056797643315316
CXCR3-,HC,PB_32,GGATTACTCCCAGGTG-1,-0.10056797643315316
CXCR3+,HC,PB_32,GGCAATTAGATATACG-1,0.0716749621696408
CXCR3-,HC,PB_32,GGCAATTCACAGCCCA-1,0.4204497215287882
CXCR3-,HC,PB_32,GGCAATTGTATATGAG-1,-0.42859416742473055
CXCR3-,HC,PB_32,GGCAATTTCTATCGCC-1,-0.7277426798835925
CXCR3-,HC,PB_32,GGCCGATAGCTGATAA-1,-0.10056797643315316
CXCR3-,HC,PB_32,GGCCGATAGGACTGGT-1,-0.10056797643315316
CXCR3-,HC,PB_32,GGCCGATAGTGACATA-1,-0.1942660750511462
CXCR3-,HC,PB_32,GGCCGATGTTCGGGCT-1,-0.10056797643315316
CXCR3-,HC,PB_32,GGCCGATTCTCGGACG-1,0.09019259929301979
CXCR3-,HC,PB_32,GGCGACTAGATGGGTC-1,-0.10056797643315316
CXCR3-,HC,PB_32,GGCGACTAGTCGATAA-1,-0.19061053963759425
CXCR3-,HC,PB_32,GGCGACTCACGACGAA-1,0.2620026118317309
CXCR3-,HC,PB_32,GGCTCGAAGCTAAGAT-1,-0.10056797643315316
CXCR3-,HC,PB_32,GGCTCGAAGGCCCTTG-1,0.2094845992620192
CXCR3-,HC,PB_32,GGCTCGAGTCACTGGC-1,-0.10056797643315316
CXCR3-,HC,PB_32,GGCTGGTAGATCTGAA-1,-0.10056797643315316
CXCR3-,HC,PB_32,GGCTGGTAGCGGATCA-1,-0.10056797643315316
CXCR3-,HC,PB_32,GGCTGGTAGTCGTACT-1,0.6623328906387311
CXCR3-,HC,PB_32,GGCTGGTAGTGACATA-1,0.12373795290676229
CXCR3+,HC,PB_32,GGCTGGTAGTGACTCT-1,-0.10056797643315316
CXCR3-,HC,PB_32,GGCTGGTTCAGCTTAG-1,0.18222125388614488
CXCR3-,HC,PB_32,GGGAATGAGCTCCTCT-1,-0.29421825507561944
CXCR3-,HC,PB_32,GGGAATGTCACGCATA-1,-0.050260217204463276
CXCR3+,HC,PB_32,GGGAATGTCGCAAACT-1,-0.35121606575610775
CXCR3-,HC,PB_32,GGGACCTAGAAGGACA-1,-0.051812713039117005
CXCR3-,HC,PB_32,GGGAGATAGTACGTTC-1,0.4452260523007659
CXCR3-,HC,PB_32,GGGATGAAGCCTCGTG-1,-0.10056797643315316
CXCR3-,HC,PB_32,GGGATGATCTACCTGC-1,-0.10056797643315316
CXCR3-,HC,PB_32,GGGCACTGTGAGTGAC-1,0.13947385150574326
CXCR3+,HC,PB_32,GGGCATCAGGCAATTA-1,0.11876651553678944
CXCR3-,HC,PB_32,GGGTCTGAGCCCTAAT-1,-0.24027976717320002
CXCR3+,HC,PB_32,GGGTCTGGTAACGACG-1,-0.388037045480551
CXCR3-,HC,PB_32,GGGTCTGGTACCATCA-1,-0.10056797643315316
CXCR3-,HC,PB_32,GGGTCTGTCCGAACGC-1,0.09276636297246306
CXCR3-,HC,PB_32,GGTATTGTCCAAGTAC-1,0.16178615604163651
CXCR3-,HC,PB_32,GGTGAAGCAGACTCGC-1-1,-0.10056797643315316
CXCR3-,HC,PB_32,GGTGAAGGTAGCTTGT-1,0.4055717723934295
CXCR3-,HC,PB_32,GGTGAAGTCGGCCGAT-1,0.06328961770498993
CXCR3-,HC,PB_32,GGTGCGTAGCTAGCCC-1,-0.10056797643315316
CXCR3+,HC,PB_32,GGTGCGTCAGTTTACG-1,-0.978971617885426
CXCR3+,HC,PB_32,GGTGCGTTCGCCCTTA-1-1,-0.10056797643315316
CXCR3-,HC,PB_32,GGTGCGTTCGGAAACG-1,0.1299457246255319
CXCR3-,HC,PB_32,GGTGCGTTCTCAAGTG-1,-0.37607748370406174
CXCR3-,HC,PB_32,GGTGTTACACATTCGA-1-1,-0.10056797643315316
CXCR3-,HC,PB_32,GGTGTTATCGCCTGAG-1,0.11732758347248395
CXCR3+,HC,PB_32,GTAACTGTCATCTGCC-1,-0.10056797643315316
CXCR3-,HC,PB_32,GTACTCCAGTGTGAAT-1,-0.10056797643315316
CXCR3-,HC,PB_32,GTACTCCTCGGCGGTT-1,-0.5318185348135785
CXCR3-,HC,PB_32,GTACTCCTCTCTGTCG-1,-0.4945136630259407
CXCR3-,HC,PB_32,GTACTCCTCTGTCAAG-1,0.1679814205933646
CXCR3-,HC,PB_32,GTACTCCTCTTGTACT-1,-0.430590126005011
CXCR3-,HC,PB_32,GTACTTTTCGTACGGC-1,-0.41608153603925346
CXCR3-,HC,PB_32,GTAGGCCAGCAGGTCA-1,-0.10056797643315316
CXCR3-,HC,PB_32,GTAGGCCCATCATCCC-1,-0.04234166729492344
CXCR3-,HC,PB_32,GTAGTCAAGGCTAGGT-1,-0.04054612416021032
CXCR3-,HC,PB_32,GTAGTCATCACTCTTA-1,-0.19929143822049497
CXCR3-,HC,PB_32,GTAGTCATCGTCTGCT-1,-0.48546523281382326
CXCR3-,HC,PB_32,GTATCTTAGTCGATAA-1,-0.2674619955081469
CXCR3-,HC,PB_32,GTATCTTTCCTGCCAT-1,-0.2681767705691445
CXCR3-,HC,PB_32,GTATTCTAGTGTTTGC-1,-0.3352572197487741
CXCR3-,HC,PB_32,GTATTCTAGTTCGATC-1,0.3186044751567235
CXCR3-,HC,PB_32,GTCAAGTAGCCTCGTG-1,-0.10056797643315316
CXCR3-,HC,PB_32,GTCAAGTAGGCGATAC-1,-0.10056797643315316
CXCR3-,HC,PB_32,GTCAAGTGTAGCGCAA-1,-0.3367410849063658
CXCR3-,HC,PB_32,GTCAAGTGTAGGAGTC-1,-0.10056797643315316
CXCR3+,HC,PB_32,GTCAAGTTCCACGAAT-1,-0.10056797643315316
CXCR3-,HC,PB_32,GTCAAGTTCCCAAGTA-1,-0.10056797643315316
CXCR3-,HC,PB_32,GTCAAGTTCTTACCGC-1,0.10437594875927811
CXCR3-,HC,PB_32,GTCACAAAGCCGCCTA-1,-0.10056797643315316
CXCR3-,HC,PB_32,GTCACAAAGGTCATCT-1-1,0.304966068615046
CXCR3-,HC,PB_32,GTCACAACAGCATGAG-1,0.09229639194952297
CXCR3-,HC,PB_32,GTCACAATCAGGCCCA-1,0.36391235883309864
CXCR3-,HC,PB_32,GTCACAATCCACGTGG-1,0.21620609269686092
CXCR3-,HC,PB_32,GTCACAATCGGTTAAC-1,0.16990194739008885
CXCR3+,HC,PB_32,GTCATTTCATGTTCCC-1,0.07253233177843352
CXCR3-,HC,PB_32,GTCCTCAAGACGCACA-1,-0.10056797643315316
CXCR3-,HC,PB_32,GTCCTCACAATGGACG-1,-0.08972801447659733
CXCR3-,HC,PB_32,GTCCTCACATTGCGGC-1,0.5067453185587992
CXCR3-,HC,PB_32,GTCGGGTAGCGATGAC-1,0.203702449167716
CXCR3-,HC,PB_32,GTCGGGTAGTGACTCT-1,-0.10056797643315316
CXCR3-,HC,PB_32,GTCGGGTGTGTGAAAT-1,0.12507460441712484
CXCR3-,HC,PB_32,GTCGGGTTCGTTGACA-1,-0.10056797643315316
CXCR3-,HC,PB_32,GTCGTAACATTTCAGG-1,-0.965052094094319
CXCR3-,HC,PB_32,GTCGTAAGTCGACTGC-1,0.059154862793678396
CXCR3-,HC,PB_32,GTCGTAATCACCGGGT-1,-0.10056797643315316
CXCR3-,HC,PB_32,GTCTTCGAGAGGACGG-1,0.1868045538324452
CXCR3-,HC,PB_32,GTCTTCGCACCAGTTA-1,0.21508476595566645
CXCR3-,HC,PB_32,GTGCAGCTCGATGAGG-1,-0.1884174436940222
CXCR3-,HC,PB_32,GTGCATACACCTATCC-1,-0.10056797643315316
CXCR3-,HC,PB_32,GTGCATAGTAAGTGTA-1,0.5420671808243805
CXCR3-,HC,PB_32,GTGCATATCAACACTG-1,0.13241162490744615
CXCR3-,HC,PB_32,GTGCGGTTCTGAGTGT-1,-0.10056797643315316
CXCR3+,HC,PB_32,GTGCTTCAGCATGGCA-1,0.012329578427345864
CXCR3-,HC,PB_32,GTGCTTCTCCCGGATG-1,0.2796888984791434
CXCR3-,HC,PB_32,GTGCTTCTCTGAAAGA-1,0.552096301400282
CXCR3-,HC,PB_32,GTGGGTCCACGGTAAG-1,-0.37009293829023887
CXCR3-,HC,PB_32,GTGGGTCCATTTCAGG-1,-0.10056797643315316
CXCR3-,HC,PB_32,GTGGGTCTCCGAATGT-1,-0.10056797643315316
CXCR3-,HC,PB_32,GTGGGTCTCTCCTATA-1,-0.7115485715074745
CXCR3+,HC,PB_32,GTGTTAGAGTCTCGGC-1,-0.10056797643315316
CXCR3-,HC,PB_32,GTGTTAGCAGACAGGT-1,0.19488376566419705
CXCR3-,HC,PB_32,GTGTTAGTCATGCAAC-1,-0.018925686012754222
CXCR3-,HC,PB_32,GTTAAGCAGTGTACGG-1,0.37847429745406364
CXCR3-,HC,PB_32,GTTAAGCCACGAGAGT-1,0.28898728410826874
CXCR3+,HC,PB_32,GTTACAGTCCAAATGC-1,-0.10056797643315316
CXCR3-,HC,PB_32,GTTCATTGTATATGAG-1,-0.10056797643315316
CXCR3-,HC,PB_32,GTTCATTGTCGTCTTC-1,-0.5083337811549266
CXCR3-,HC,PB_32,GTTCATTGTTATCGGT-1,0.09011001388280541
CXCR3+,HC,PB_32,GTTCGGGCAATGAATG-1,-0.19577948848422427
CXCR3-,HC,PB_32,GTTCGGGGTCAACATC-1,-0.10056797643315316
CXCR3-,HC,PB_32,GTTCGGGGTCCAAGTT-1,-0.10056797643315316
CXCR3-,HC,PB_32,GTTCGGGGTGTCGCTG-1,-0.43811039881377084
CXCR3-,HC,PB_32,GTTCGGGTCTGGGCCA-1,-0.5763004621308621
CXCR3-,HC,PB_32,GTTCTCGCACCTTGTC-1,0.12970938959082495
CXCR3-,HC,PB_32,GTTCTCGCAGTATGCT-1,-0.10056797643315316
CXCR3+,HC,PB_32,GTTCTCGCATCCAACA-1,0.1504213276183877
CXCR3-,HC,PB_32,GTTCTCGCATGACATC-1,-0.10056797643315316
CXCR3-,HC,PB_32,GTTCTCGTCTACGAGT-1,0.1287233154063293
CXCR3-,HC,PB_32,GTTTCTAAGATGTGTA-1,0.3184513881164697
CXCR3-,HC,PB_32,GTTTCTACAATAGCAA-1,-0.10056797643315316
CXCR3-,HC,PB_32,GTTTCTACACATGACT-1,-0.10056797643315316
CXCR3-,HC,PB_32,GTTTCTAGTAGCTGCC-1,-0.10056797643315316
CXCR3-,HC,PB_32,GTTTCTATCCAAACTG-1,-0.10056797643315316
CXCR3-,HC,PB_32,TAAACCGCAGCGTTCG-1,-0.10056797643315316
CXCR3-,HC,PB_32,TAAACCGGTATCGCAT-1,0.7190035379230587
CXCR3-,HC,PB_32,TAAGAGAAGGCCCTCA-1,-0.10056797643315316
CXCR3-,HC,PB_32,TAAGAGACAAGCGCTC-1,-0.5468625562432001
CXCR3-,HC,PB_32,TAAGAGACACCATCCT-1,-0.10056797643315316
CXCR3-,HC,PB_32,TAAGCGTAGACACTAA-1,-0.10056797643315316
CXCR3-,HC,PB_32,TAAGCGTGTACAGACG-1,0.18292123991944303
CXCR3-,HC,PB_32,TAAGTGCAGATGCCTT-1,0.5565066615839138
CXCR3-,HC,PB_32,TAAGTGCCAGTTTACG-1,-0.10056797643315316
CXCR3-,HC,PB_32,TAAGTGCTCCCTCAGT-1,0.444184959662232
CXCR3-,HC,PB_32,TAAGTGCTCGCACTCT-1,0.6429047331564252
CXCR3-,HC,PB_32,TAAGTGCTCTCAACTT-1,-0.10056797643315316
CXCR3-,HC,PB_32,TACACGAAGACAGAGA-1,-0.10056797643315316
CXCR3-,HC,PB_32,TACACGACACCCAGTG-1,-0.3135693899774811
CXCR3-,HC,PB_32,TACACGACATTCTCAT-1,0.11023983594920292
CXCR3-,HC,PB_32,TACAGTGCACAGGAGT-1,0.6086962444370274
CXCR3-,HC,PB_32,TACAGTGCACAGTCGC-1,0.2276218078949213
CXCR3-,HC,PB_32,TACAGTGGTTGCGTTA-1,0.42659560736979296
CXCR3-,HC,PB_32,TACAGTGGTTTGGGCC-1-1,0.21544043779750024
CXCR3-,HC,PB_32,TACCTATGTACCTACA-1,-0.10056797643315316
CXCR3-,HC,PB_32,TACCTATGTTGCTCCT-1,0.4698335029191107
CXCR3-,HC,PB_32,TACCTATTCACTCTTA-1,-0.10056797643315316
CXCR3-,HC,PB_32,TACCTTAAGGTGCAAC-1,-0.10056797643315316
CXCR3-,HC,PB_32,TACCTTACACCACGTG-1,-0.10056797643315316
CXCR3-,HC,PB_32,TACCTTACATCGTCGG-1,0.042106620121544994
CXCR3-,HC,PB_32,TACGGATAGGAGTCTG-1,-0.10056797643315316
CXCR3-,HC,PB_32,TACGGATGTACGAAAT-1,0.07748199774815785
CXCR3-,HC,PB_32,TACGGATGTGTAACGG-1,-0.6715132227285728
CXCR3-,HC,PB_32,TACGGTAAGACTAGAT-1-1,-0.38647576109470766
CXCR3-,HC,PB_32,TACTCATCATCGTCGG-1,0.03305483140621368
CXCR3-,HC,PB_32,TACTCGCAGTTTAGGA-1,0.20401478358494948
CXCR3+,HC,PB_32,TACTCGCCACAGAGGT-1,-0.10056797643315316
CXCR3-,HC,PB_32,TACTCGCGTTACAGAA-1,0.00945872073396641
CXCR3-,HC,PB_32,TACTTACCACGTCAGC-1,-0.10056797643315316
CXCR3-,HC,PB_32,TACTTACCAGACTCGC-1,0.12617213294517862
CXCR3-,HC,PB_32,TACTTACGTAGCTGCC-1,-0.021605966102513956
CXCR3-,HC,PB_32,TACTTACGTGTAACGG-1,-0.10056797643315316
CXCR3-,HC,PB_32,TACTTGTAGGCTATCT-1,0.2025959175377807
CXCR3-,HC,PB_32,TACTTGTCACTCTGTC-1,-0.10056797643315316
CXCR3-,HC,PB_32,TACTTGTGTGTAACGG-1,0.48235034264463034
CXCR3-,HC,PB_32,TAGACCAAGCAGCGTA-1,0.13565161771596518
CXCR3-,HC,PB_32,TAGACCAGTAACGACG-1,-0.10056797643315316
CXCR3-,HC,PB_32,TAGAGCTCACCTCGGA-1,-0.5174326138383807
CXCR3-,HC,PB_32,TAGAGCTTCAAAGTAG-1-1,0.11667932065800062
CXCR3-,HC,PB_32,TAGCCGGCACTCAGGC-1,-0.10056797643315316
CXCR3-,HC,PB_32,TAGCCGGGTAAGGGCT-1,0.28233819834871404
CXCR3-,HC,PB_32,TAGGCATAGATCACGG-1,-0.21670030209085445
CXCR3+,HC,PB_32,TAGTGGTAGATATGGT-1,-0.40143114563646715
CXCR3-,HC,PB_32,TAGTGGTGTAAATGTG-1,-0.1712288919904739
CXCR3-,HC,PB_32,TAGTGGTGTGCGATAG-1,-0.10056797643315316
CXCR3-,HC,PB_32,TAGTGGTTCCACGAAT-1,-0.10056797643315316
CXCR3-,HC,PB_32,TATCAGGAGCGGCTTC-1,-0.10056797643315316
CXCR3-,HC,PB_32,TATCAGGTCCATGAAC-1,0.07918443795976171
CXCR3+,HC,PB_32,TATCAGGTCGTGACAT-1,-0.10056797643315316
CXCR3+,HC,PB_32,TATCAGGTCTCTAAGG-1,-0.4896327008440724
CXCR3-,HC,PB_32,TATGCCCAGTTGTCGT-1,0.18600249582110567
CXCR3-,HC,PB_32,TATGCCCCATGCCCGA-1,-0.5657698506799876
CXCR3-,HC,PB_32,TATGCCCGTGAGGGAG-1,0.149957958770199
CXCR3-,HC,PB_32,TATGCCCTCGAGAACG-1,0.1042426861286301
CXCR3-,HC,PB_32,TATTACCTCCATGAAC-1,-0.27830993124967407
CXCR3-,HC,PB_32,TCAACGAGTGAGGGTT-1,-0.29375205156264655
CXCR3-,HC,PB_32,TCAACGATCCATGAGT-1,-0.24034985105269915
CXCR3-,HC,PB_32,TCAATCTCAAATTGCC-1,0.3910626176576824
CXCR3-,HC,PB_32,TCAATCTGTAGCGTGA-1,0.19379881685427133
CXCR3-,HC,PB_32,TCAATCTTCCGAATGT-1,0.02952260436941304
CXCR3-,HC,PB_32,TCAATCTTCTTTACAC-1,0.2047117120328876
CXCR3-,HC,PB_32,TCACAAGAGCAGCCTC-1,0.9569864174185984
CXCR3-,HC,PB_32,TCACAAGCAGCGTAAG-1,0.20680665805356938
CXCR3-,HC,PB_32,TCACGAACACGACTCG-1,0.08350395689582124
CXCR3-,HC,PB_32,TCACGAAGTCTCACCT-1,-0.10056797643315316
CXCR3-,HC,PB_32,TCAGATGCAATGGATA-1,-0.10056797643315316
CXCR3-,HC,PB_32,TCAGCAACAGACACTT-1,0.13895337427262797
CXCR3-,HC,PB_32,TCAGCAACATTCCTGC-1,-0.2201061624132891
CXCR3-,HC,PB_32,TCAGCTCAGATTACCC-1,0.4867708603747862
CXCR3-,HC,PB_32,TCAGCTCGTGACGGTA-1,0.5435187917449185
CXCR3-,HC,PB_32,TCAGCTCTCGAGAACG-1,-0.30716194828252213
CXCR3+,HC,PB_32,TCAGGATTCCCAACGG-1,-0.9709518449492662
CXCR3+,HC,PB_32,TCAGGATTCTGCGACG-1,0.0055923813369312
CXCR3-,HC,PB_32,TCAGGTAAGCGCTCCA-1,0.23547178441711555
CXCR3-,HC,PB_32,TCAGGTACAGCTGCAC-1,-0.10056797643315316
CXCR3+,HC,PB_32,TCAGGTACATTGTGCA-1,-0.10056797643315316
CXCR3-,HC,PB_32,TCAGGTAGTAGCTCCG-1,-0.1884778450915739
CXCR3-,HC,PB_32,TCATTACAGTGCAAGC-1,-0.44665642377785053
CXCR3-,HC,PB_32,TCATTACCATCACGAT-1,-0.211079019438541
CXCR3-,HC,PB_32,TCATTACGTACCGAGA-1,-0.45564594195196734
CXCR3-,HC,PB_32,TCATTACGTAGCCTCG-1,-0.5551537404197834
CXCR3-,HC,PB_32,TCATTTGGTTAAGTAG-1,0.0367269547498728
CXCR3-,HC,PB_32,TCCACACCAAGCCTAT-1,-0.10056797643315316
CXCR3-,HC,PB_32,TCCCGATAGACGACGT-1,0.17086109611933922
CXCR3-,HC,PB_32,TCCCGATAGCAAATCA-1,0.3120427738045536
CXCR3-,HC,PB_32,TCCCGATAGGGAAACA-1,-0.11191664509595121
CXCR3-,HC,PB_32,TCCCGATTCCAAACAC-1,0.4927042591909188
CXCR3-,HC,PB_32,TCGAGGCAGATAGTCA-1,-0.10056797643315316
CXCR3+,HC,PB_32,TCGAGGCAGATGCGAC-1,-0.10056797643315316
CXCR3-,HC,PB_32,TCGCGAGAGGGCATGT-1,-0.10056797643315316
CXCR3-,HC,PB_32,TCGCGAGAGTCCTCCT-1,-0.18009079371727282
CXCR3+,HC,PB_32,TCGCGAGCACAGCGTC-1,-0.8036994702792558
CXCR3-,HC,PB_32,TCGCGAGGTACCATCA-1,0.46540309505044963
CXCR3-,HC,PB_32,TCGCGAGGTAGTGAAT-1,-0.10056797643315316
CXCR3-,HC,PB_32,TCGCGAGGTCTTTCAT-1,-0.2922126449140074
CXCR3-,HC,PB_32,TCGCGAGTCATGTAGC-1,-0.3669111374269382
CXCR3-,HC,PB_32,TCGCGTTAGTCATGCT-1,-0.10056797643315316
CXCR3-,HC,PB_32,TCGGGACAGCCACGTC-1,0.21667491483808557
CXCR3-,HC,PB_32,TCGGGACAGTGTACGG-1,0.05691902142872653
CXCR3+,HC,PB_32,TCGGGACCAAAGGCGT-1,-0.20689043373568333
CXCR3+,HC,PB_32,TCGGGACTCCGCATAA-1,0.2127574158775604
CXCR3-,HC,PB_32,TCGGTAACAAGCTGTT-1,-0.21029131697888173
CXCR3-,HC,PB_32,TCGGTAACACATGGGA-1,-0.8519098078388506
CXCR3-,HC,PB_32,TCGGTAATCGCCGTGA-1,0.10720847859589036
CXCR3-,HC,PB_32,TCGTACCCACAACTGT-1-1,-0.09205199905130644
CXCR3-,HC,PB_32,TCTATTGTCAACTCTT-1,-0.10056797643315316
CXCR3-,HC,PB_32,TCTCATACAGACGCTC-1,-0.10056797643315316
CXCR3-,HC,PB_32,TCTCATAGTAGCGTGA-1,-0.10056797643315316
CXCR3-,HC,PB_32,TCTCATATCTGCTGCT-1,-0.2153279711017603
CXCR3-,HC,PB_32,TCTCTAACACTTCTGC-1,0.12608613121440146
CXCR3-,HC,PB_32,TCTCTAAGTAAGAGAG-1,0.03740011041941417
CXCR3-,HC,PB_32,TCTCTAAGTACCAGTT-1,-0.10056797643315316
CXCR3-,HC,PB_32,TCTGAGAAGCAGACTG-1,-0.10056797643315316
CXCR3-,HC,PB_32,TCTGAGAAGGTCATCT-1,-0.47914271377775697
CXCR3-,HC,PB_32,TCTGAGATCACATGCA-1,-0.41806991276138017
CXCR3-,HC,PB_32,TCTGAGATCGCACTCT-1,-0.26836937197507865
CXCR3-,HC,PB_32,TCTGGAACACCGAAAG-1-2,-0.10056797643315316
CXCR3-,HC,PB_32,TCTTCGGCAGGACGTA-1,-0.10056797643315316
CXCR3-,HC,PB_32,TCTTCGGCATCGGACC-1,0.20249132113500629
CXCR3-,HC,PB_32,TCTTCGGCATTACGAC-1,0.25447379177729074
CXCR3-,HC,PB_32,TCTTCGGTCAAGGTAA-1,0.08121150182995691
CXCR3-,HC,PB_32,TCTTCGGTCAGTTGAC-1,0.08446861362542755
CXCR3-,HC,PB_32,TCTTCGGTCCAAACTG-1,-0.10056797643315316
CXCR3-,HC,PB_32,TCTTCGGTCCACTCCA-1,-0.3103880969070592
CXCR3-,HC,PB_32,TCTTTCCCACGAAGCA-1,-0.10056797643315316
CXCR3-,HC,PB_32,TGAAAGAGTGATAAAC-1,0.33103721713564804
CXCR3-,HC,PB_32,TGAAAGATCGGTTAAC-1,-0.53384601772696
CXCR3+,HC,PB_32,TGACAACCACGACGAA-1,0.3157079443239791
CXCR3-,HC,PB_32,TGACAACGTAGCGATG-1,0.22517347429352963
CXCR3+,HC,PB_32,TGACAACGTGCTCTTC-1,-0.10056797643315316
CXCR3+,HC,PB_32,TGACGGCCACACATGT-1,0.39168437662664873
CXCR3-,HC,PB_32,TGACTAGAGACCGGAT-1,-0.32900640516296814
CXCR3-,HC,PB_32,TGACTAGAGTGCAAGC-1,-0.10056797643315316
CXCR3-,HC,PB_32,TGACTAGAGTTAAGTG-1-1,-0.08666661206927419
CXCR3-,HC,PB_32,TGACTTTAGTCCCACG-1,0.4120915125408738
CXCR3+,HC,PB_32,TGACTTTGTGCGGTAA-1,-0.04556308796442059
CXCR3-,HC,PB_32,TGAGAGGAGACTCGGA-1,0.8637517622720329
CXCR3-,HC,PB_32,TGAGAGGCACCGAAAG-1,-0.10056797643315316
CXCR3-,HC,PB_32,TGAGAGGGTTGCGCAC-1,-0.10056797643315316
CXCR3-,HC,PB_32,TGAGCATAGGCAGTCA-1,-0.10056797643315316
CXCR3-,HC,PB_32,TGAGCATGTCAGAATA-1,0.15965022367028978
CXCR3-,HC,PB_32,TGAGGGAAGAGACTTA-1,0.10902722095881272
CXCR3-,HC,PB_32,TGAGGGATCCGTCAAA-1,0.2753117771578722
CXCR3-,HC,PB_32,TGAGGGATCTTTAGGG-1,0.5813119535435273
CXCR3-,HC,PB_32,TGATTTCAGACAAAGG-1-1,-0.24212882292824228
CXCR3-,HC,PB_32,TGATTTCCATCGGAAG-1,-0.5179602133979556
CXCR3+,HC,PB_32,TGCACCTCAATCCGAT-1,-1.210714993291938
CXCR3-,HC,PB_32,TGCACCTCAATCTGCA-1,-0.10056797643315316
CXCR3-,HC,PB_32,TGCACCTCAGCCTTTC-1-1,0.6081140460368812
CXCR3-,HC,PB_32,TGCACCTCATCCGGGT-1,-0.6371921084888303
CXCR3-,HC,PB_32,TGCACCTGTTTCGCTC-1,-0.10056797643315316
CXCR3-,HC,PB_32,TGCACCTTCGAACGGA-1,0.07040631614495518
CXCR3+,HC,PB_32,TGCCCATAGATCGGGT-1,-0.10056797643315316
CXCR3-,HC,PB_32,TGCCCATGTCTCTCGT-1,0.23150544304353218
CXCR3-,HC,PB_32,TGCCCTAAGCCGATTT-1,-0.10056797643315316
CXCR3+,HC,PB_32,TGCCCTATCCTTAATC-1,-0.10056797643315316
CXCR3-,HC,PB_32,TGCGCAGTCTGTCAAG-1,-0.10056797643315316
CXCR3-,HC,PB_32,TGCGGGTGTGTGCGTC-1,-0.10056797643315316
CXCR3-,HC,PB_32,TGCTACCAGTCTTGCA-1,-0.10056797643315316
CXCR3-,HC,PB_32,TGCTACCCAGATTGCT-1,-0.3799747146424733
CXCR3-,HC,PB_32,TGCTGCTAGATATGCA-1,-0.10056797643315316
CXCR3-,HC,PB_32,TGCTGCTAGTGACTCT-1,-0.4425718730494223
CXCR3-,HC,PB_32,TGCTGCTCAAAGGAAG-1,0.512651303867369
CXCR3-,HC,PB_32,TGCTGCTCACGGACAA-1,0.43939161133959065
CXCR3-,HC,PB_32,TGCTGCTGTCCGTGAC-1,0.1627141566804804
CXCR3-,HC,PB_32,TGGACGCCAGGTCGTC-1,-0.10056797643315316
CXCR3-,HC,PB_32,TGGACGCTCACCCGAG-1,-0.018722390197907317
CXCR3-,HC,PB_32,TGGCCAGAGTGCCATT-1,-0.10056797643315316
CXCR3-,HC,PB_32,TGGCCAGGTTGTTTGG-1,-0.45767639861717296
CXCR3-,HC,PB_32,TGGCGCAAGATGCGAC-1,-0.10056797643315316
CXCR3-,HC,PB_32,TGGCGCAAGTTTAGGA-1,-0.321343396294384
CXCR3-,HC,PB_32,TGGCGCAGTAGGGACT-1,0.24667836031347282
CXCR3-,HC,PB_32,TGGGAAGCAACTTGAC-1,0.287845721993126
CXCR3-,HC,PB_32,TGGGAAGCACCAGCAC-1,-0.10056797643315316
CXCR3-,HC,PB_32,TGGGAAGGTTCTCATT-1,0.36753842705856693
CXCR3-,HC,PB_32,TGGGAAGTCAACCAAC-1,-0.10056797643315316
CXCR3-,HC,PB_32,TGGGCGTGTAAGGGAA-1,-0.10056797643315316
CXCR3-,HC,PB_32,TGGTTAGAGGTAGCTG-1,-0.4261055755083429
CXCR3+,HC,PB_32,TGGTTAGCAAACGTGG-1,0.7442675782755988
CXCR3-,HC,PB_32,TGGTTAGCAGTATGCT-1,-0.23814700331910538
CXCR3-,HC,PB_32,TGGTTCCCAAATTGCC-1,0.5762991770016914
CXCR3-,HC,PB_32,TGGTTCCCATTTGCCC-1,-0.10056797643315316
CXCR3-,HC,PB_32,TGGTTCCGTCACACGC-1,0.7570649852803707
CXCR3-,HC,PB_32,TGTATTCGTCGACTGC-1,-0.06622248178258114
CXCR3-,HC,PB_32,TGTATTCTCTGCGACG-1,0.005853917962579328
CXCR3-,HC,PB_32,TGTCCCAAGCCACTAT-1,-0.08681303764609723
CXCR3-,HC,PB_32,TGTCCCATCAACCAAC-1,-0.10056797643315316
CXCR3-,HC,PB_32,TGTGGTAAGTATCTCG-1,0.18801098059333693
CXCR3-,HC,PB_32,TGTGGTATCTTACCTA-1,-0.10056797643315316
CXCR3-,HC,PB_32,TGTGTTTGTCCGTCAG-1,-0.10056797643315316
CXCR3-,HC,PB_32,TGTTCCGAGACTCGGA-1,-0.10056797643315316
CXCR3-,HC,PB_32,TGTTCCGAGCTTATCG-1,-0.10056797643315316
CXCR3-,HC,PB_32,TTAACTCAGGTGCAAC-1,-0.09220039606317743
CXCR3-,HC,PB_32,TTAACTCGTCTCCATC-1,0.06625924815588656
CXCR3-,HC,PB_32,TTAGGACCAGTCAGCC-1,0.33936196782211325
CXCR3-,HC,PB_32,TTAGGACCATTGTGCA-1,0.8672914987496828
CXCR3-,HC,PB_32,TTAGGCACACGAAGCA-1,-0.6934930237872292
CXCR3-,HC,PB_32,TTAGGCACATGAAGTA-1,-0.27212285492047505
CXCR3-,HC,PB_32,TTAGGCATCAGATAAG-1,-0.4314321586279406
CXCR3-,HC,PB_32,TTAGGCATCCGCGTTT-1,-0.015220340637486809
CXCR3-,HC,PB_32,TTAGTTCAGACTAGGC-1,-0.571194263434753
CXCR3+,HC,PB_32,TTAGTTCAGGCGCTCT-1,0.39228746706667816
CXCR3-,HC,PB_32,TTATGCTAGAGTAATC-1,-0.10056797643315316
CXCR3-,HC,PB_32,TTATGCTTCAAACGGG-1,-0.10056797643315316
CXCR3-,HC,PB_32,TTATGCTTCATAACCG-1,-0.8657180976507448
CXCR3-,HC,PB_32,TTCCCAGGTGCATCTA-1,-0.10056797643315316
CXCR3-,HC,PB_32,TTCGAAGAGCCACGCT-1-1,0.18127256359252084
CXCR3-,HC,PB_32,TTCGAAGGTGAAATCA-1,-0.10056797643315316
CXCR3-,HC,PB_32,TTCTCAAAGTTCGCAT-1,0.31742508007237985
CXCR3-,HC,PB_32,TTCTCAACACCAGGTC-1,-0.1045790945139498
CXCR3-,HC,PB_32,TTCTCAACATCACCCT-1,-0.10056797643315316
CXCR3-,HC,PB_32,TTCTCAATCCTGCTTG-1,-0.10056797643315316
CXCR3-,HC,PB_32,TTCTCCTAGAGTTGGC-1,-0.28761165081516626
CXCR3-,HC,PB_32,TTCTCCTGTACTCGCG-1,-0.44813196644368214
CXCR3-,HC,PB_32,TTCTTAGAGCTAGTGG-1,-0.10056797643315316
CXCR3-,HC,PB_32,TTCTTAGTCCCAACGG-1,-0.10056797643315316
CXCR3-,HC,PB_32,TTCTTAGTCTACTTAC-1,-0.10056797643315316
CXCR3-,HC,PB_32,TTGACTTAGGCGCTCT-1,-0.10056797643315316
CXCR3-,HC,PB_32,TTGACTTCACTTCGAA-1,-0.10056797643315316
CXCR3-,HC,PB_32,TTGACTTTCTGCGACG-1,-0.10056797643315316
CXCR3-,HC,PB_32,TTGCCGTAGAATGTGT-1,-0.5732364879343127
CXCR3-,HC,PB_32,TTGCCGTCAGCTGTAT-1,-0.2200936772925657
CXCR3-,HC,PB_32,TTGCCGTGTGTGTGCC-1,-0.10056797643315316
CXCR3-,HC,PB_32,TTGGAACCAATGAATG-1,-0.10056797643315316
CXCR3-,HC,PB_32,TTGGAACTCCTTTCGG-1,-0.10056797643315316
CXCR3-,HC,PB_32,TTGGCAAAGTACGCGA-1,-0.10056797643315316
CXCR3-,HC,PB_32,TTGTAGGAGAGGTTGC-1,-0.10056797643315316
CXCR3-,HC,PB_32,TTGTAGGAGCGATAGC-1,-0.10056797643315316
CXCR3-,HC,PB_32,TTGTAGGCACATTTCT-1,-0.10056797643315316
CXCR3-,HC,PB_32,TTGTAGGGTATAGTAG-1,-0.22111364755897325
CXCR3-,HC,PB_32,TTGTAGGTCTTCATGT-1,-0.0884453979532055
CXCR3-,HC,PB_32,TTTACTGCAGATCTGT-1,-0.10056797643315316
CXCR3+,HC,PB_32,TTTACTGCAGGACGTA-1,-0.27203851871833196
CXCR3-,HC,PB_32,TTTACTGCAGGGTATG-1,-0.7207016392684505
CXCR3-,HC,PB_32,TTTATGCGTCTGGAGA-1,0.40372282800771725
CXCR3-,HC,PB_32,TTTCCTCAGGACACCA-1,0.2933189787549392
CXCR3-,HC,PB_32,TTTCCTCGTAGGCATG-1,0.16545522776733262
CXCR3-,HC,PB_32,TTTCCTCGTGATAAGT-1,-0.36349263641455337
CXCR3-,HC,PB_32,TTTCCTCGTTAGATGA-1,0.04717455331474512
CXCR3+,HC,PB_32,TTTGCGCGTAAGCACG-1,-0.10056797643315316
CXCR3-,HC,PB_32,TTTGCGCTCCATGAAC-1,-0.10056797643315316
CXCR3-,HC,PB_32,TTTGGTTCACCTCGGA-1,-0.10056797643315316
CXCR3-,HC,PB_32,TTTGTCACAAGCGCTC-1,0.32739124782684964
CXCR3-,HC,PB_32,TTTGTCACACTTAAGC-1,0.21905808286009304
CXCR3-,HC,PB_32,TTTGTCATCACATAGC-1,-0.3586963046995839
CXCR3-,HC,PST83775_PB,GSM4104139_AAACCTGCACGTCAGC-1,-0.3271797209070392
CXCR3-,HC,PST83775_PB,GSM4104139_AAACGGGCATTCCTGC-1,-0.003354976082887159
CXCR3-,HC,PST83775_PB,GSM4104139_AAAGCAACAATAAGCA-1,-0.10056797643315316
CXCR3-,HC,PST83775_PB,GSM4104139_AAAGCAAGTCGAGATG-1,-0.18556775959136543
CXCR3-,HC,PST83775_PB,GSM4104139_AAAGTAGAGCCAGGAT-1,-0.10056797643315316
CXCR3-,HC,PST83775_PB,GSM4104139_AAAGTAGTCCTGTAGA-1,-0.10056797643315316
CXCR3-,HC,PST83775_PB,GSM4104139_AAATGCCAGTACGCGA-1,-0.20525543065156995
CXCR3-,HC,PST83775_PB,GSM4104139_AAATGCCGTCCGAAGA-1,0.10948119639671025
CXCR3+,HC,PST83775_PB,GSM4104139_AAATGCCGTTACGTCA-1,-0.33322669625344786
CXCR3-,HC,PST83775_PB,GSM4104139_AACACGTAGTAACCCT-1,-0.10056797643315316
CXCR3-,HC,PST83775_PB,GSM4104139_AACCATGAGAAACGCC-1,-0.13426626905309774
CXCR3-,HC,PST83775_PB,GSM4104139_AACCATGAGCGATGAC-1,-0.10056797643315316
CXCR3-,HC,PST83775_PB,GSM4104139_AACCATGGTACCGTAT-1,-0.45446255251849993
CXCR3-,HC,PST83775_PB,GSM4104139_AACCGCGAGGAGTAGA-1,-0.10056797643315316
CXCR3-,HC,PST83775_PB,GSM4104139_AACCGCGAGGGCTTGA-1,-0.10056797643315316
CXCR3-,HC,PST83775_PB,GSM4104139_AACGTTGAGGATGGAA-1,-0.7497109429539528
CXCR3-,HC,PST83775_PB,GSM4104139_AACGTTGCATCACGAT-1,-0.10056797643315316
CXCR3-,HC,PST83775_PB,GSM4104139_AACGTTGGTAGCGCTC-1,-0.10056797643315316
CXCR3-,HC,PST83775_PB,GSM4104139_AACGTTGTCCTCAATT-1,-0.10056797643315316
CXCR3-,HC,PST83775_PB,GSM4104139_AACGTTGTCTTTACAC-1,-0.10056797643315316
CXCR3-,HC,PST83775_PB,GSM4104139_AACTCAGGTACAGTTC-1,-0.10056797643315316
CXCR3-,HC,PST83775_PB,GSM4104139_AACTCTTTCACGCATA-1,0.25180253876406306
CXCR3-,HC,PST83775_PB,GSM4104139_AACTTTCAGTTAACGA-1,-0.10056797643315316
CXCR3-,HC,PST83775_PB,GSM4104139_AAGACCTCACAGCGTC-1,0.267695839640015
CXCR3-,HC,PST83775_PB,GSM4104139_AAGACCTCAGTCAGAG-1,-0.5176309602983077
CXCR3-,HC,PST83775_PB,GSM4104139_AAGCCGCAGACAGGCT-1,0.0913925726250117
CXCR3-,HC,PST83775_PB,GSM4104139_AAGCCGCGTGCGCTTG-1,0.4132956762874915
CXCR3-,HC,PST83775_PB,GSM4104139_AAGGAGCAGGGTCTCC-1,-0.10056797643315316
CXCR3-,HC,PST83775_PB,GSM4104139_AAGGAGCGTACCGCTG-1,-0.10056797643315316
CXCR3-,HC,PST83775_PB,GSM4104139_AAGGCAGGTCTCCATC-1,0.19660870112586462
CXCR3-,HC,PST83775_PB,GSM4104139_AAGGTTCAGTTAACGA-1,-0.10056797643315316
CXCR3-,HC,PST83775_PB,GSM4104139_AAGTCTGCAAGGCTCC-1,-0.5679161579539375
CXCR3-,HC,PST83775_PB,GSM4104139_AAGTCTGGTCCCGACA-1,-0.10056797643315316
CXCR3-,HC,PST83775_PB,GSM4104139_AATCGGTAGTTGTCGT-1,-0.10056797643315316
CXCR3-,HC,PST83775_PB,GSM4104139_AATCGGTCATTAACCG-1,-0.10056797643315316
CXCR3-,HC,PST83775_PB,GSM4104139_AATCGGTGTTCGTTGA-1,-0.10056797643315316
CXCR3-,HC,PST83775_PB,GSM4104139_AATCGGTTCACCTTAT-1,-0.10056797643315316
CXCR3-,HC,PST83775_PB,GSM4104139_AATCGGTTCATGTCTT-1,-0.10056797643315316
CXCR3-,HC,PST83775_PB,GSM4104139_ACACCAAAGAATAGGG-1,-0.10056797643315316
CXCR3-,HC,PST83775_PB,GSM4104139_ACACCAATCACATACG-1,-0.1323605799507897
CXCR3+,HC,PST83775_PB,GSM4104139_ACACCCTTCGGCCGAT-1,-0.10056797643315316
CXCR3-,HC,PST83775_PB,GSM4104139_ACACCGGGTAGCGTGA-1,-0.10056797643315316
CXCR3-,HC,PST83775_PB,GSM4104139_ACACTGAGTGGTAACG-1,-0.10056797643315316
CXCR3-,HC,PST83775_PB,GSM4104139_ACAGCCGAGTCGATAA-1,-0.21196948745966565
CXCR3-,HC,PST83775_PB,GSM4104139_ACAGCTATCTTGGGTA-1,0.20821658177823185
CXCR3-,HC,PST83775_PB,GSM4104139_ACATACGCACCCATTC-1,-0.10056797643315316
CXCR3-,HC,PST83775_PB,GSM4104139_ACATACGCATACAGCT-1,-0.10056797643315316
CXCR3-,HC,PST83775_PB,GSM4104139_ACATACGGTCTCTCGT-1,-0.24488628985377467
CXCR3-,HC,PST83775_PB,GSM4104139_ACATCAGAGTGATCGG-1,-0.10056797643315316
CXCR3-,HC,PST83775_PB,GSM4104139_ACATCAGGTCATATCG-1,-0.10056797643315316
CXCR3-,HC,PST83775_PB,GSM4104139_ACATGGTAGTAACCCT-1,-0.10056797643315316
CXCR3-,HC,PST83775_PB,GSM4104139_ACATGGTTCACGGTTA-1,-0.7227771789975652
CXCR3-,HC,PST83775_PB,GSM4104139_ACATGGTTCGCTTAGA-1,-0.10056797643315316
CXCR3-,HC,PST83775_PB,GSM4104139_ACCCACTCAAGTAATG-1,-0.35735353336454
CXCR3-,HC,PST83775_PB,GSM4104139_ACCCACTGTTCATGGT-1,0.2489314973886927
CXCR3-,HC,PST83775_PB,GSM4104139_ACCCACTTCCAGAAGG-1,-0.10056797643315316
CXCR3-,HC,PST83775_PB,GSM4104139_ACCGTAAGTAGCAAAT-1,-0.10056797643315316
CXCR3-,HC,PST83775_PB,GSM4104139_ACCTTTATCCGAAGAG-1,-0.10056797643315316
CXCR3-,HC,PST83775_PB,GSM4104139_ACCTTTATCTGGAGCC-1,0.2235234196278341
CXCR3-,HC,PST83775_PB,GSM4104139_ACGAGCCGTGTTTGTG-1,-0.10056797643315316
CXCR3-,HC,PST83775_PB,GSM4104139_ACGATGTTCAACACTG-1,-0.2334506548211445
CXCR3-,HC,PST83775_PB,GSM4104139_ACGCAGCTCTGCCAGG-1,-0.10056797643315316
CXCR3-,HC,PST83775_PB,GSM4104139_ACGCCAGCATATGGTC-1,-0.10056797643315316
CXCR3-,HC,PST83775_PB,GSM4104139_ACGCCGAAGCAAATCA-1,-0.10056797643315316
CXCR3-,HC,PST83775_PB,GSM4104139_ACGGAGAAGTTAGCGG-1,0.19319862540312727
CXCR3-,HC,PST83775_PB,GSM4104139_ACGGAGAGTATCTGCA-1,0.20069670426280886
CXCR3-,HC,PST83775_PB,GSM4104139_ACGGCCACATATACCG-1,-0.10056797643315316
CXCR3-,HC,PST83775_PB,GSM4104139_ACGGCCAGTGCTGTAT-1,-0.10056797643315316
CXCR3-,HC,PST83775_PB,GSM4104139_ACGGCCATCAAAGTAG-1,-0.10056797643315316
CXCR3-,HC,PST83775_PB,GSM4104139_ACGGGTCAGAAGAAGC-1,0.4608498514587476
CXCR3+,HC,PST83775_PB,GSM4104139_ACGGGTCAGCAGACTG-1,-0.22906803861943922
CXCR3-,HC,PST83775_PB,GSM4104139_ACGGGTCCAGATCGGA-1,-0.10056797643315316
CXCR3-,HC,PST83775_PB,GSM4104139_ACGTCAAAGATGTGGC-1,-0.10056797643315316
CXCR3-,HC,PST83775_PB,GSM4104139_ACGTCAATCACCACCT-1,-0.10056797643315316
CXCR3-,HC,PST83775_PB,GSM4104139_ACTGATGCAAGGACAC-1,-0.10056797643315316
CXCR3-,HC,PST83775_PB,GSM4104139_ACTGCTCAGCAAATCA-1,-0.10056797643315316
CXCR3-,HC,PST83775_PB,GSM4104139_ACTGCTCCATCCGGGT-1,-0.10056797643315316
CXCR3-,HC,PST83775_PB,GSM4104139_ACTGCTCGTTTGACAC-1,0.17031257579517023
CXCR3-,HC,PST83775_PB,GSM4104139_ACTGCTCTCACGACTA-1,-0.09457987949148214
CXCR3-,HC,PST83775_PB,GSM4104139_ACTGTCCCAGTACACT-1,-0.10056797643315316
CXCR3-,HC,PST83775_PB,GSM4104139_ACTTGTTTCGTACGGC-1,-0.10056797643315316
CXCR3-,HC,PST83775_PB,GSM4104139_ACTTTCATCCAATGGT-1,-0.10056797643315316
CXCR3-,HC,PST83775_PB,GSM4104139_AGAATAGAGAAACCAT-1,-0.3418438223706328
CXCR3-,HC,PST83775_PB,GSM4104139_AGAATAGCAATGGACG-1,-0.10056797643315316
CXCR3-,HC,PST83775_PB,GSM4104139_AGAATAGCATTGGTAC-1,-0.10056797643315316
CXCR3-,HC,PST83775_PB,GSM4104139_AGAATAGGTAGTACCT-1,-0.10056797643315316
CXCR3-,HC,PST83775_PB,GSM4104139_AGACGTTGTACGCTGC-1,-0.10056797643315316
CXCR3-,HC,PST83775_PB,GSM4104139_AGAGCGAAGCGTAATA-1,0.10678969926912234
CXCR3-,HC,PST83775_PB,GSM4104139_AGAGCGAGTTGTCGCG-1,-0.10056797643315316
CXCR3-,HC,PST83775_PB,GSM4104139_AGAGCGATCAGAGGTG-1,-0.057132923496366735
CXCR3-,HC,PST83775_PB,GSM4104139_AGAGTGGAGGAGTTGC-1,-0.3086034648912689
CXCR3-,HC,PST83775_PB,GSM4104139_AGAGTGGCAGCCAATT-1,0.26469159849427565
CXCR3-,HC,PST83775_PB,GSM4104139_AGATCTGAGTCGAGTG-1,-0.28550967110738595
CXCR3-,HC,PST83775_PB,GSM4104139_AGATCTGGTCGCATCG-1,0.2437314395688625
CXCR3-,HC,PST83775_PB,GSM4104139_AGATCTGTCACTTATC-1,-0.10056797643315316
CXCR3-,HC,PST83775_PB,GSM4104139_AGCAGCCAGATGTCGG-1,-0.10056797643315316
CXCR3-,HC,PST83775_PB,GSM4104139_AGCAGCCTCAATCACG-1,-0.2407014690678524
CXCR3-,HC,PST83775_PB,GSM4104139_AGCCTAAGTCGGGTCT-1,0.14423801961069158
CXCR3-,HC,PST83775_PB,GSM4104139_AGCTCTCCACATCCGG-1,-0.10056797643315316
CXCR3-,HC,PST83775_PB,GSM4104139_AGCTCTCTCTTACCTA-1,-0.4499289592144147
CXCR3-,HC,PST83775_PB,GSM4104139_AGGCCACTCACTTACT-1,-0.2750904588299929
CXCR3-,HC,PST83775_PB,GSM4104139_AGGCCGTAGTACGTTC-1,0.4565274779376577
CXCR3-,HC,PST83775_PB,GSM4104139_AGGGAGTTCGGAGGTA-1,-0.10056797643315316
CXCR3-,HC,PST83775_PB,GSM4104139_AGGGATGAGTTACGGG-1,-0.10056797643315316
CXCR3-,HC,PST83775_PB,GSM4104139_AGGGATGCAGTGGAGT-1,-0.10056797643315316
CXCR3-,HC,PST83775_PB,GSM4104139_AGGTCATCAATGACCT-1,-0.10056797643315316
CXCR3-,HC,PST83775_PB,GSM4104139_AGGTCATCACGACGAA-1,-0.10056797643315316
CXCR3-,HC,PST83775_PB,GSM4104139_AGGTCCGGTTAAGAAC-1,-0.10056797643315316
CXCR3-,HC,PST83775_PB,GSM4104139_AGTGAGGGTGCTAGCC-1,-0.10056797643315316
CXCR3-,HC,PST83775_PB,GSM4104139_AGTGAGGTCTCGTATT-1,-0.10056797643315316
CXCR3-,HC,PST83775_PB,GSM4104139_AGTGGGACATACCATG-1,-0.10056797643315316
CXCR3-,HC,PST83775_PB,GSM4104139_AGTGGGAGTCAGCTAT-1,0.5911664088674938
CXCR3-,HC,PST83775_PB,GSM4104139_AGTGGGATCCGATATG-1,-0.10056797643315316
CXCR3-,HC,PST83775_PB,GSM4104139_AGTGTCATCGCTTGTC-1,0.8930803537350018
CXCR3-,HC,PST83775_PB,GSM4104139_ATAAGAGCAAATTGCC-1,-0.23416402280301138
CXCR3-,HC,PST83775_PB,GSM4104139_ATAAGAGTCTTGTACT-1,-0.10056797643315316
CXCR3-,HC,PST83775_PB,GSM4104139_ATAGACCCATTCTTAC-1,-0.10056797643315316
CXCR3-,HC,PST83775_PB,GSM4104139_ATAGACCGTTTGACTG-1,0.19093795792313717
CXCR3-,HC,PST83775_PB,GSM4104139_ATAGACCTCCCTAACC-1,-0.45035502128043625
CXCR3-,HC,PST83775_PB,GSM4104139_ATCACGATCCCTCTTT-1,0.1360523917596837
CXCR3-,HC,PST83775_PB,GSM4104139_ATCACGATCTCATTCA-1,-0.10056797643315316
CXCR3-,HC,PST83775_PB,GSM4104139_ATCATCTCACGACGAA-1,-0.10056797643315316
CXCR3-,HC,PST83775_PB,GSM4104139_ATCATGGCAAGAGGCT-1,-0.10056797643315316
CXCR3-,HC,PST83775_PB,GSM4104139_ATCATGGTCTTTCCTC-1,0.15690989699638824
CXCR3-,HC,PST83775_PB,GSM4104139_ATCCACCGTCTGCAAT-1,0.17797410306451603
CXCR3-,HC,PST83775_PB,GSM4104139_ATCCGAAAGAGTAAGG-1,0.26128470705523343
CXCR3-,HC,PST83775_PB,GSM4104139_ATCGAGTTCCCTAACC-1,0.22191391506647168
CXCR3-,HC,PST83775_PB,GSM4104139_ATGAGGGAGACGACGT-1,-0.10056797643315316
CXCR3-,HC,PST83775_PB,GSM4104139_ATGAGGGGTTTAGCTG-1,-0.10056797643315316
CXCR3-,HC,PST83775_PB,GSM4104139_ATGCGATGTCTCTTAT-1,-0.10056797643315316
CXCR3-,HC,PST83775_PB,GSM4104139_ATGGGAGGTTGGGACA-1,0.09260930408449387
CXCR3-,HC,PST83775_PB,GSM4104139_ATGTGTGCACAGTCGC-1,-0.10056797643315316
CXCR3-,HC,PST83775_PB,GSM4104139_ATTACTCAGTGACTCT-1,-0.10056797643315316
CXCR3-,HC,PST83775_PB,GSM4104139_ATTACTCTCCAGGGCT-1,0.14389487591970931
CXCR3-,HC,PST83775_PB,GSM4104139_ATTATCCTCGTAGGTT-1,-0.7398319016814845
CXCR3-,HC,PST83775_PB,GSM4104139_ATTATCCTCTCGTATT-1,-0.10056797643315316
CXCR3-,HC,PST83775_PB,GSM4104139_ATTGGACCAGCCTTGG-1,0.16298506167266094
CXCR3-,HC,PST83775_PB,GSM4104139_ATTGGACTCATGGTCA-1,-0.32639111679630745
CXCR3-,HC,PST83775_PB,GSM4104139_ATTGGTGCAATGAATG-1,-0.39700133635408663
CXCR3-,HC,PST83775_PB,GSM4104139_ATTGGTGCACATGGGA-1,-0.10056797643315316
CXCR3-,HC,PST83775_PB,GSM4104139_ATTGGTGGTAAGGGAA-1,-0.21828872901232663
CXCR3-,HC,PST83775_PB,GSM4104139_ATTTCTGGTGCAGACA-1,-0.10056797643315316
CXCR3-,HC,PST83775_PB,GSM4104139_ATTTCTGGTGTCAATC-1,0.174932203207762
CXCR3-,HC,PST83775_PB,GSM4104139_CAACCAAAGAAACGAG-1,-0.10056797643315316
CXCR3-,HC,PST83775_PB,GSM4104139_CAACCAAGTCTTGTCC-1,-0.4366926514037074
CXCR3-,HC,PST83775_PB,GSM4104139_CAAGATCGTATATCCG-1,0.08879656337710266
CXCR3-,HC,PST83775_PB,GSM4104139_CACACAAAGCCGCCTA-1,-0.10056797643315316
CXCR3-,HC,PST83775_PB,GSM4104139_CACACAACAATCTACG-1,-0.35795534207951507
CXCR3-,HC,PST83775_PB,GSM4104139_CACACAACAGGGTACA-1,-0.10056797643315316
CXCR3-,HC,PST83775_PB,GSM4104139_CACACAAGTCTTCAAG-1,-0.036864459154437416
CXCR3-,HC,PST83775_PB,GSM4104139_CACACCTTCCTTTCTC-1,-0.10056797643315316
CXCR3-,HC,PST83775_PB,GSM4104139_CACACTCTCGGGAGTA-1,-0.10056797643315316
CXCR3-,HC,PST83775_PB,GSM4104139_CACACTCTCGGTCTAA-1,-0.10056797643315316
CXCR3-,HC,PST83775_PB,GSM4104139_CACAGGCCAAGTCTAC-1,-0.10056797643315316
CXCR3-,HC,PST83775_PB,GSM4104139_CACAGGCTCAGTGTTG-1,-0.10056797643315316
CXCR3-,HC,PST83775_PB,GSM4104139_CACATAGCAAGAAAGG-1,0.43395363460618214
CXCR3-,HC,PST83775_PB,GSM4104139_CACCACTAGGAGTAGA-1,0.2215525629795279
CXCR3-,HC,PST83775_PB,GSM4104139_CACCACTAGGCTAGGT-1,0.5829652465088235
CXCR3-,HC,PST83775_PB,GSM4104139_CACCACTGTCTAGAGG-1,0.07411362932415437
CXCR3-,HC,PST83775_PB,GSM4104139_CACCACTGTGCTAGCC-1,-0.10056797643315316
CXCR3-,HC,PST83775_PB,GSM4104139_CACCACTTCGAACGGA-1,-0.2482498460235941
CXCR3-,HC,PST83775_PB,GSM4104139_CACCTTGTCTTTAGTC-1,0.09156129081268939
CXCR3-,HC,PST83775_PB,GSM4104139_CACTCCACAATGCCAT-1,0.23879804952020006
CXCR3-,HC,PST83775_PB,GSM4104139_CACTCCACACGGATAG-1,-0.10056797643315316
CXCR3-,HC,PST83775_PB,GSM4104139_CACTCCATCGAACGGA-1,-0.10056797643315316
CXCR3-,HC,PST83775_PB,GSM4104139_CAGAATCAGATCACGG-1,-0.10056797643315316
CXCR3-,HC,PST83775_PB,GSM4104139_CAGAATCCAATGAATG-1,-0.10056797643315316
CXCR3-,HC,PST83775_PB,GSM4104139_CAGAATCTCTATGTGG-1,-0.10056797643315316
CXCR3-,HC,PST83775_PB,GSM4104139_CAGAGAGAGTACGCGA-1,-0.10056797643315316
CXCR3-,HC,PST83775_PB,GSM4104139_CAGAGAGTCATAAAGG-1,-0.3874055878356373
CXCR3-,HC,PST83775_PB,GSM4104139_CAGATCACAGATCGGA-1,-0.10056797643315316
CXCR3+,HC,PST83775_PB,GSM4104139_CAGATCAGTAGCGCAA-1,-0.23488222734564237
CXCR3-,HC,PST83775_PB,GSM4104139_CAGCAGCAGATCACGG-1,-0.10056797643315316
CXCR3-,HC,PST83775_PB,GSM4104139_CAGCAGCAGCTAGTTC-1,-0.10056797643315316
CXCR3-,HC,PST83775_PB,GSM4104139_CAGCAGCGTTCACCTC-1,-0.10056797643315316
CXCR3-,HC,PST83775_PB,GSM4104139_CAGCATAAGGTGATAT-1,-0.10056797643315316
CXCR3-,HC,PST83775_PB,GSM4104139_CAGCATAAGTGGACGT-1,-0.10056797643315316
CXCR3-,HC,PST83775_PB,GSM4104139_CAGCATATCAATCTCT-1,0.16718720444734816
CXCR3-,HC,PST83775_PB,GSM4104139_CAGCATATCCGTTGTC-1,-0.10056797643315316
CXCR3-,HC,PST83775_PB,GSM4104139_CAGCCGAGTACCTACA-1,0.26656152631910135
CXCR3-,HC,PST83775_PB,GSM4104139_CAGCCGAGTCGATTGT-1,0.2737645717862784
CXCR3-,HC,PST83775_PB,GSM4104139_CAGCGACTCCACGCAG-1,0.07276169860492744
CXCR3-,HC,PST83775_PB,GSM4104139_CAGCTAACACCTTGTC-1,-0.10056797643315316
CXCR3-,HC,PST83775_PB,GSM4104139_CAGCTGGCATCAGTCA-1,-0.10056797643315316
CXCR3-,HC,PST83775_PB,GSM4104139_CAGCTGGGTCGTTGTA-1,-0.2040029104530158
CXCR3-,HC,PST83775_PB,GSM4104139_CAGCTGGTCTATCGCC-1,-0.10056797643315316
CXCR3-,HC,PST83775_PB,GSM4104139_CAGGTGCCACCTGGTG-1,0.09897999171806773
CXCR3-,HC,PST83775_PB,GSM4104139_CAGTCCTCACATGACT-1,-0.4834880228750102
CXCR3-,HC,PST83775_PB,GSM4104139_CATCAAGAGATGCCTT-1,-0.47211662543346644
CXCR3-,HC,PST83775_PB,GSM4104139_CATCAAGGTACGCACC-1,-0.10056797643315316
CXCR3-,HC,PST83775_PB,GSM4104139_CATCCACGTGTGCCTG-1,-0.20406398327332392
CXCR3-,HC,PST83775_PB,GSM4104139_CATGCCTCATTTCACT-1,-0.3328960573654712
CXCR3-,HC,PST83775_PB,GSM4104139_CATGCCTGTTGGTAAA-1,-0.10056797643315316
CXCR3-,HC,PST83775_PB,GSM4104139_CATGCCTTCATTGCGA-1,-0.11654690758762125
CXCR3-,HC,PST83775_PB,GSM4104139_CATTCGCGTTAAGGGC-1,-0.10056797643315316
CXCR3-,HC,PST83775_PB,GSM4104139_CCAATCCGTACTTGAC-1,0.48748501368230873
CXCR3+,HC,PST83775_PB,GSM4104139_CCACCTAAGTGGTAAT-1,-0.23469071879698417
CXCR3-,HC,PST83775_PB,GSM4104139_CCACGGAGTAGCGCTC-1,-0.28021307756429625
CXCR3-,HC,PST83775_PB,GSM4104139_CCACGGAGTCTTGCGG-1,-0.10056797643315316
CXCR3-,HC,PST83775_PB,GSM4104139_CCACGGAGTGTTCGAT-1,0.2169243383947963
CXCR3-,HC,PST83775_PB,GSM4104139_CCACTACAGAAACCGC-1,-0.10056797643315316
CXCR3-,HC,PST83775_PB,GSM4104139_CCACTACGTCTGATTG-1,0.192936092534821
CXCR3-,HC,PST83775_PB,GSM4104139_CCCAATCTCACCTCGT-1,-0.10056797643315316
CXCR3-,HC,PST83775_PB,GSM4104139_CCCAGTTTCGCAGGCT-1,-0.10056797643315316
CXCR3-,HC,PST83775_PB,GSM4104139_CCCATACAGACGCTTT-1,0.2266794857641954
CXCR3-,HC,PST83775_PB,GSM4104139_CCCATACTCTTAGCCC-1,-0.10056797643315316
CXCR3-,HC,PST83775_PB,GSM4104139_CCCTCCTCATTCCTCG-1,-0.10056797643315316
CXCR3-,HC,PST83775_PB,GSM4104139_CCGGGATCAAGCTGAG-1,0.4123814294203751
CXCR3-,HC,PST83775_PB,GSM4104139_CCGGGATTCACCCGAG-1,-0.10056797643315316
CXCR3-,HC,PST83775_PB,GSM4104139_CCGGTAGAGAGCTATA-1,-0.3762748065240839
CXCR3-,HC,PST83775_PB,GSM4104139_CCGTACTTCAAACCGT-1,-0.10056797643315316
CXCR3-,HC,PST83775_PB,GSM4104139_CCGTACTTCGCGTAGC-1,-0.10056797643315316
CXCR3-,HC,PST83775_PB,GSM4104139_CCGTGGACAGCTGCTG-1,-0.10056797643315316
CXCR3-,HC,PST83775_PB,GSM4104139_CCGTGGATCTATCCCG-1,-0.10056797643315316
CXCR3-,HC,PST83775_PB,GSM4104139_CCGTTCAAGAAACCTA-1,-0.10056797643315316
CXCR3-,HC,PST83775_PB,GSM4104139_CCGTTCATCCTTCAAT-1,-0.17056854118043324
CXCR3-,HC,PST83775_PB,GSM4104139_CCTACACCATCACGTA-1,-0.10056797643315316
CXCR3-,HC,PST83775_PB,GSM4104139_CCTACACTCTGTTGAG-1,-0.10056797643315316
CXCR3-,HC,PST83775_PB,GSM4104139_CCTACCACAATGCCAT-1,0.10932812346826246
CXCR3-,HC,PST83775_PB,GSM4104139_CCTACCATCCGTAGTA-1,0.21631492544182476
CXCR3-,HC,PST83775_PB,GSM4104139_CCTAGCTCACTCAGGC-1,-0.10056797643315316
CXCR3-,HC,PST83775_PB,GSM4104139_CCTATTAGTATAAACG-1,-0.10056797643315316
CXCR3-,HC,PST83775_PB,GSM4104139_CCTATTAGTGGCGAAT-1,-0.21995832139796662
CXCR3-,HC,PST83775_PB,GSM4104139_CCTCAGTAGACCCACC-1,-0.10056797643315316
CXCR3-,HC,PST83775_PB,GSM4104139_CCTCTGAGTTACAGAA-1,-0.33657501464342837
CXCR3-,HC,PST83775_PB,GSM4104139_CCTCTGAGTTGGTGGA-1,-0.10056797643315316
CXCR3-,HC,PST83775_PB,GSM4104139_CCTTACGAGTGACATA-1,-0.014632933591975436
CXCR3-,HC,PST83775_PB,GSM4104139_CCTTACGCAGACAAGC-1,0.2712408765339491
CXCR3-,HC,PST83775_PB,GSM4104139_CCTTACGGTGTGACCC-1,-0.2520299570828311
CXCR3-,HC,PST83775_PB,GSM4104139_CCTTACGTCCGATATG-1,0.1295689384086544
CXCR3-,HC,PST83775_PB,GSM4104139_CCTTCCCGTTACGACT-1,-0.10056797643315316
CXCR3-,HC,PST83775_PB,GSM4104139_CCTTTCTAGATCCCAT-1,-0.10056797643315316
CXCR3-,HC,PST83775_PB,GSM4104139_CGAACATGTAAATACG-1,-0.10056797643315316
CXCR3-,HC,PST83775_PB,GSM4104139_CGAATGTAGACTCGGA-1,-0.28230759024211827
CXCR3-,HC,PST83775_PB,GSM4104139_CGAATGTAGCGATAGC-1,0.3068570722882037
CXCR3-,HC,PST83775_PB,GSM4104139_CGACCTTAGAGTCTGG-1,-0.10056797643315316
CXCR3-,HC,PST83775_PB,GSM4104139_CGACCTTCACAAGACG-1,-0.033551948984405715
CXCR3-,HC,PST83775_PB,GSM4104139_CGACCTTCATCGGACC-1,0.11598766677762933
CXCR3-,HC,PST83775_PB,GSM4104139_CGACTTCAGAGTAAGG-1,-0.33036201708607854
CXCR3-,HC,PST83775_PB,GSM4104139_CGAGAAGAGCTACCGC-1,-0.469869979082964
CXCR3-,HC,PST83775_PB,GSM4104139_CGAGAAGCACGTAAGG-1,-0.10056797643315316
CXCR3-,HC,PST83775_PB,GSM4104139_CGAGAAGCATGGGAAC-1,-0.10056797643315316
CXCR3-,HC,PST83775_PB,GSM4104139_CGAGCACAGTGGGTTG-1,-0.10056797643315316
CXCR3-,HC,PST83775_PB,GSM4104139_CGAGCACGTAAATACG-1,-0.3952185367442042
CXCR3-,HC,PST83775_PB,GSM4104139_CGAGCACTCCTCTAGC-1,-0.10056797643315316
CXCR3-,HC,PST83775_PB,GSM4104139_CGATCGGCAGTAAGCG-1,-0.10056797643315316
CXCR3-,HC,PST83775_PB,GSM4104139_CGATGGCAGCAGACTG-1,-0.10056797643315316
CXCR3-,HC,PST83775_PB,GSM4104139_CGATGGCAGTCTCCTC-1,0.27762845071755077
CXCR3-,HC,PST83775_PB,GSM4104139_CGATGGCGTACTTCTT-1,-0.10056797643315316
CXCR3-,HC,PST83775_PB,GSM4104139_CGATGTAAGGCTAGGT-1,-0.10056797643315316
CXCR3-,HC,PST83775_PB,GSM4104139_CGATGTACACGCTTTC-1,-0.10056797643315316
CXCR3-,HC,PST83775_PB,GSM4104139_CGATGTAGTCATCCCT-1,0.18008027222675546
CXCR3-,HC,PST83775_PB,GSM4104139_CGATGTATCGAACTGT-1,-0.10056797643315316
CXCR3-,HC,PST83775_PB,GSM4104139_CGATTGACACTTCTGC-1,0.011770168296308328
CXCR3-,HC,PST83775_PB,GSM4104139_CGATTGATCGCTTAGA-1,-0.43595150776667524
CXCR3-,HC,PST83775_PB,GSM4104139_CGCCAAGAGCTGCGAA-1,-0.10056797643315316
CXCR3-,HC,PST83775_PB,GSM4104139_CGCCAAGTCTTGCATT-1,-0.10056797643315316
CXCR3-,HC,PST83775_PB,GSM4104139_CGCGGTATCTCGCATC-1,0.19678348010001073
CXCR3-,HC,PST83775_PB,GSM4104139_CGCGTTTTCAGCTGGC-1,0.10411534069351516
CXCR3-,HC,PST83775_PB,GSM4104139_CGCGTTTTCGGAAATA-1,-0.5292650795541227
CXCR3-,HC,PST83775_PB,GSM4104139_CGCTATCAGGAGTTTA-1,0.20667735708606338
CXCR3-,HC,PST83775_PB,GSM4104139_CGCTATCTCCTAGTGA-1,-0.10056797643315316
CXCR3-,HC,PST83775_PB,GSM4104139_CGCTGGAAGTTCCACA-1,-0.10056797643315316
CXCR3-,HC,PST83775_PB,GSM4104139_CGCTGGATCTTGACGA-1,-0.10056797643315316
CXCR3-,HC,PST83775_PB,GSM4104139_CGCTTCAAGAGTACAT-1,-0.10056797643315316
CXCR3-,HC,PST83775_PB,GSM4104139_CGCTTCACAGTCTTCC-1,0.13536936868447444
CXCR3-,HC,PST83775_PB,GSM4104139_CGGACACAGTCCTCCT-1,-0.10056797643315316
CXCR3-,HC,PST83775_PB,GSM4104139_CGGACGTAGTAATCCC-1,-0.7437516634613263
CXCR3-,HC,PST83775_PB,GSM4104139_CGGAGTCCATATGAGA-1,0.05146203430949232
CXCR3-,HC,PST83775_PB,GSM4104139_CGGAGTCGTATCAGTC-1,-0.10056797643315316
CXCR3-,HC,PST83775_PB,GSM4104139_CGGAGTCGTCGAATCT-1,-0.10056797643315316
CXCR3-,HC,PST83775_PB,GSM4104139_CGGAGTCTCAACACTG-1,-0.10056797643315316
CXCR3-,HC,PST83775_PB,GSM4104139_CGGAGTCTCCATGAAC-1,-0.33756377119152436
CXCR3-,HC,PST83775_PB,GSM4104139_CGGCTAGTCATGTCCC-1,0.19668925624034378
CXCR3-,HC,PST83775_PB,GSM4104139_CGGTTAAGTCAAAGAT-1,0.0939304648039063
CXCR3-,HC,PST83775_PB,GSM4104139_CGGTTAATCAGGCGAA-1,-0.3948972575545201
CXCR3+,HC,PST83775_PB,GSM4104139_CGTCACTAGGCTATCT-1,-0.10056797643315316
CXCR3-,HC,PST83775_PB,GSM4104139_CGTCACTAGTAAGTAC-1,0.5469190243167968
CXCR3-,HC,PST83775_PB,GSM4104139_CGTCACTAGTGGGATC-1,-0.10056797643315316
CXCR3-,HC,PST83775_PB,GSM4104139_CGTCAGGTCTTTAGTC-1,-0.10056797643315316
CXCR3-,HC,PST83775_PB,GSM4104139_CGTCTACTCTTCCTTC-1,0.23454863199740641
CXCR3-,HC,PST83775_PB,GSM4104139_CGTGTAAGTCAGATAA-1,0.2810403638604318
CXCR3-,HC,PST83775_PB,GSM4104139_CGTGTCTCATCAGTCA-1,0.21725131015095986
CXCR3-,HC,PST83775_PB,GSM4104139_CGTGTCTTCCGCTGTT-1,-0.10056797643315316
CXCR3-,HC,PST83775_PB,GSM4104139_CGTTAGATCATTGCGA-1,-0.10056797643315316
CXCR3-,HC,PST83775_PB,GSM4104139_CGTTGGGGTAGGCATG-1,-0.10056797643315316
CXCR3-,HC,PST83775_PB,GSM4104139_CGTTGGGTCACAATGC-1,-0.4279559737845539
CXCR3-,HC,PST83775_PB,GSM4104139_CTAACTTAGGCTAGAC-1,-0.10056797643315316
CXCR3-,HC,PST83775_PB,GSM4104139_CTAACTTGTACACCGC-1,-0.10056797643315316
CXCR3-,HC,PST83775_PB,GSM4104139_CTAATGGAGGCAATTA-1,-0.10056797643315316
CXCR3-,HC,PST83775_PB,GSM4104139_CTACACCGTGCTGTAT-1,0.2406145483364492
CXCR3-,HC,PST83775_PB,GSM4104139_CTACCCATCATCTGTT-1,-0.10056797643315316
CXCR3-,HC,PST83775_PB,GSM4104139_CTACCCATCCTTTCGG-1,-0.10056797643315316
CXCR3-,HC,PST83775_PB,GSM4104139_CTACGTCGTAGGCATG-1,-0.10056797643315316
CXCR3-,HC,PST83775_PB,GSM4104139_CTACGTCGTTAGTGGG-1,-0.03280069382109872
CXCR3-,HC,PST83775_PB,GSM4104139_CTAGCCTAGTCCAGGA-1,0.19793045118887673
CXCR3-,HC,PST83775_PB,GSM4104139_CTAGCCTAGTGGGCTA-1,0.011734616691113515
CXCR3-,HC,PST83775_PB,GSM4104139_CTAGCCTGTGTATGGG-1,-0.11585047042404029
CXCR3-,HC,PST83775_PB,GSM4104139_CTAGCCTTCCGTACAA-1,-0.10056797643315316
CXCR3-,HC,PST83775_PB,GSM4104139_CTAGTGAGTGATGTGG-1,0.11646422833896784
CXCR3-,HC,PST83775_PB,GSM4104139_CTAGTGATCCGTTGCT-1,-0.10056797643315316
CXCR3-,HC,PST83775_PB,GSM4104139_CTAGTGATCGGTTCGG-1,-0.10056797643315316
CXCR3-,HC,PST83775_PB,GSM4104139_CTCACACAGCTAGCCC-1,0.2688384716852167
CXCR3-,HC,PST83775_PB,GSM4104139_CTCACACTCTAACCGA-1,-0.28806911146993197
CXCR3-,HC,PST83775_PB,GSM4104139_CTCACACTCTGCAGTA-1,-0.29491727110247506
CXCR3-,HC,PST83775_PB,GSM4104139_CTCATTATCGAACGGA-1,-0.10056797643315316
CXCR3-,HC,PST83775_PB,GSM4104139_CTCCTAGGTCCTAGCG-1,-0.10056797643315316
CXCR3-,HC,PST83775_PB,GSM4104139_CTCGAAAGTGATGTCT-1,-0.3194004160712865
CXCR3-,HC,PST83775_PB,GSM4104139_CTCGAAATCTGCCCTA-1,-0.010713716632704009
CXCR3-,HC,PST83775_PB,GSM4104139_CTCGAGGAGAGAACAG-1,-0.20502414444829992
CXCR3-,HC,PST83775_PB,GSM4104139_CTCGAGGGTGGGTATG-1,-0.10056797643315316
CXCR3+,HC,PST83775_PB,GSM4104139_CTCGTACAGCACCGCT-1,-0.10056797643315316
CXCR3-,HC,PST83775_PB,GSM4104139_CTCGTACCAGATGGCA-1,0.1027124834741081
CXCR3-,HC,PST83775_PB,GSM4104139_CTCGTCACAGATCTGT-1,-0.10056797643315316
CXCR3-,HC,PST83775_PB,GSM4104139_CTCTAATAGCCTTGAT-1,0.525853461509355
CXCR3-,HC,PST83775_PB,GSM4104139_CTCTAATTCGAATCCA-1,0.11491886782579076
CXCR3-,HC,PST83775_PB,GSM4104139_CTCTACGGTTGGGACA-1,-0.10056797643315316
CXCR3-,HC,PST83775_PB,GSM4104139_CTCTACGGTTTAGCTG-1,-0.10056797643315316
CXCR3-,HC,PST83775_PB,GSM4104139_CTCTGGTCATACGCTA-1,-0.2231523434292666
CXCR3-,HC,PST83775_PB,GSM4104139_CTCTGGTTCGCGGATC-1,-0.10056797643315316
CXCR3-,HC,PST83775_PB,GSM4104139_CTGAAACAGTCTCCTC-1,-0.3788528232516
CXCR3-,HC,PST83775_PB,GSM4104139_CTGAAGTCACCGGAAA-1,-0.1937415348749962
CXCR3-,HC,PST83775_PB,GSM4104139_CTGAAGTTCTTGACGA-1,-0.10056797643315316
CXCR3-,HC,PST83775_PB,GSM4104139_CTGATAGCACTTGGAT-1,-0.40435406373325933
CXCR3-,HC,PST83775_PB,GSM4104139_CTGATAGGTGTGGTTT-1,-0.10056797643315316
CXCR3-,HC,PST83775_PB,GSM4104139_CTGATAGGTGTTGAGG-1,-0.10056797643315316
CXCR3-,HC,PST83775_PB,GSM4104139_CTGCGGAAGCTAGTTC-1,-0.10056797643315316
CXCR3-,HC,PST83775_PB,GSM4104139_CTGCGGATCGAACGGA-1,-0.10056797643315316
CXCR3-,HC,PST83775_PB,GSM4104139_CTGCTGTCAACCGCCA-1,-0.3877626506691151
CXCR3-,HC,PST83775_PB,GSM4104139_CTGGTCTAGTGAAGTT-1,-0.25992476425654704
CXCR3-,HC,PST83775_PB,GSM4104139_CTGTGCTGTCGCGGTT-1,-0.10056797643315316
CXCR3-,HC,PST83775_PB,GSM4104139_CTTAACTAGACACGAC-1,-0.10056797643315316
CXCR3-,HC,PST83775_PB,GSM4104139_CTTACCGAGCCAGAAC-1,0.18999341244164375
CXCR3-,HC,PST83775_PB,GSM4104139_CTTACCGCAAGACGTG-1,0.22836010891335481
CXCR3-,HC,PST83775_PB,GSM4104139_CTTAGGAAGAGCTGCA-1,-0.22503866715064905
CXCR3-,HC,PST83775_PB,GSM4104139_CTTAGGATCCTGCTTG-1,0.10824249666613442
CXCR3-,HC,PST83775_PB,GSM4104139_CTTCTCTGTTAAGAAC-1,-0.10056797643315316
CXCR3+,HC,PST83775_PB,GSM4104139_CTTGGCTGTAGGGACT-1,-0.20005705723673697
CXCR3-,HC,PST83775_PB,GSM4104139_CTTGGCTTCAGCATGT-1,-0.10056797643315316
CXCR3-,HC,PST83775_PB,GSM4104139_CTTTGCGTCACATGCA-1,-0.10056797643315316
CXCR3-,HC,PST83775_PB,GSM4104139_GAAACTCGTATATCCG-1,-0.10056797643315316
CXCR3+,HC,PST83775_PB,GSM4104139_GAAATGAAGTCAATAG-1,-0.10056797643315316
CXCR3-,HC,PST83775_PB,GSM4104139_GAAATGACAGTAACGG-1,0.015789289808139872
CXCR3-,HC,PST83775_PB,GSM4104139_GAAATGATCTCCGGTT-1,-0.10056797643315316
CXCR3-,HC,PST83775_PB,GSM4104139_GAAATGATCTGCGTAA-1,-0.15134557867997175
CXCR3-,HC,PST83775_PB,GSM4104139_GAACATCGTAGCGTAG-1,-0.10056797643315316
CXCR3-,HC,PST83775_PB,GSM4104139_GAACATCGTGAGGGAG-1,0.12999057872878264
CXCR3-,HC,PST83775_PB,GSM4104139_GAACATCTCCTTTCTC-1,-0.10056797643315316
CXCR3-,HC,PST83775_PB,GSM4104139_GAACCTATCAAAGTAG-1,0.27714676149286277
CXCR3-,HC,PST83775_PB,GSM4104139_GAACCTATCAACCAAC-1,-0.10056797643315316
CXCR3-,HC,PST83775_PB,GSM4104139_GAACGGAAGTGCCAGA-1,-0.10056797643315316
CXCR3-,HC,PST83775_PB,GSM4104139_GAACGGACAAGGACTG-1,-0.10056797643315316
CXCR3-,HC,PST83775_PB,GSM4104139_GAATAAGTCGTTTATC-1,-0.10056797643315316
CXCR3-,HC,PST83775_PB,GSM4104139_GACCTGGGTGCACTTA-1,-0.10056797643315316
CXCR3-,HC,PST83775_PB,GSM4104139_GACGCGTAGATGCCAG-1,-0.10056797643315316
CXCR3-,HC,PST83775_PB,GSM4104139_GACGGCTTCTAACTCT-1,-0.9861088533205812
CXCR3-,HC,PST83775_PB,GSM4104139_GACGTGCAGCGCTTAT-1,-0.10056797643315316
CXCR3+,HC,PST83775_PB,GSM4104139_GACGTGCTCACGCATA-1,0.03509691944871083
CXCR3-,HC,PST83775_PB,GSM4104139_GACTAACCACAACGTT-1,-0.10056797643315316
CXCR3-,HC,PST83775_PB,GSM4104139_GACTACAGTCTTGTCC-1,0.09046905230763522
CXCR3-,HC,PST83775_PB,GSM4104139_GACTGCGTCGCAGGCT-1,-0.31043563919841954
CXCR3-,HC,PST83775_PB,GSM4104139_GAGCAGACACGAGGTA-1,-0.5088574021822433
CXCR3-,HC,PST83775_PB,GSM4104139_GAGGTGAAGACGACGT-1,-0.2601088633658278
CXCR3-,HC,PST83775_PB,GSM4104139_GAGGTGAAGGACATTA-1,-0.10056797643315316
CXCR3-,HC,PST83775_PB,GSM4104139_GAGGTGATCTAGAGTC-1,-0.10056797643315316
CXCR3-,HC,PST83775_PB,GSM4104139_GAGTCCGAGTATCGAA-1,-0.031712322088092146
CXCR3-,HC,PST83775_PB,GSM4104139_GAGTCCGCAAGGACAC-1,-0.10056797643315316
CXCR3-,HC,PST83775_PB,GSM4104139_GAGTCCGTCCTGCTTG-1,-0.08839549468297761
CXCR3-,HC,PST83775_PB,GSM4104139_GATCAGTCACTTGGAT-1,-0.18419634709723237
CXCR3-,HC,PST83775_PB,GSM4104139_GATCAGTGTAACGACG-1,0.1413706648435155
CXCR3-,HC,PST83775_PB,GSM4104139_GATCGATGTTGTACAC-1,-0.10056797643315316
CXCR3-,HC,PST83775_PB,GSM4104139_GATCGCGGTTCCACTC-1,-0.6405826485483113
CXCR3-,HC,PST83775_PB,GSM4104139_GATCGCGTCCTTGACC-1,-0.10056797643315316
CXCR3-,HC,PST83775_PB,GSM4104139_GATCGTAGTAAGGATT-1,0.1899000386289424
CXCR3-,HC,PST83775_PB,GSM4104139_GATCTAGAGGACTGGT-1,-0.10056797643315316
CXCR3-,HC,PST83775_PB,GSM4104139_GATCTAGAGTGGAGTC-1,-0.10056797643315316
CXCR3-,HC,PST83775_PB,GSM4104139_GATGAGGTCTAACTGG-1,-0.416892219750767
CXCR3-,HC,PST83775_PB,GSM4104139_GCAAACTGTCGTCTTC-1,-0.10056797643315316
CXCR3-,HC,PST83775_PB,GSM4104139_GCAATCACAAGTTCTG-1,-0.10056797643315316
CXCR3-,HC,PST83775_PB,GSM4104139_GCAATCATCGCGTTTC-1,-0.10056797643315316
CXCR3-,HC,PST83775_PB,GSM4104139_GCAATCATCTTCTGGC-1,-0.09406183623556048
CXCR3-,HC,PST83775_PB,GSM4104139_GCACATACACTATCTT-1,-0.10056797643315316
CXCR3-,HC,PST83775_PB,GSM4104139_GCACATACACTGCCAG-1,-0.08459515431756313
CXCR3-,HC,PST83775_PB,GSM4104139_GCACATATCGCATGGC-1,-0.18644244495129844
CXCR3-,HC,PST83775_PB,GSM4104139_GCACTCTAGCGGCTTC-1,-0.16591247098725986
CXCR3-,HC,PST83775_PB,GSM4104139_GCACTCTCATCTCCCA-1,-0.2812831241345989
CXCR3-,HC,PST83775_PB,GSM4104139_GCAGCCAAGAGACTTA-1,-0.10056797643315316
CXCR3-,HC,PST83775_PB,GSM4104139_GCAGCCAGTAGAAGGA-1,-0.2434673968239078
CXCR3-,HC,PST83775_PB,GSM4104139_GCAGCCATCAAACCGT-1,0.24157419838937974
CXCR3+,HC,PST83775_PB,GSM4104139_GCAGCCATCCCTCTTT-1,0.011882861232772629
CXCR3-,HC,PST83775_PB,GSM4104139_GCAGTTAAGCTAACAA-1,-0.14938855063475504
CXCR3-,HC,PST83775_PB,GSM4104139_GCATACAAGCTGCGAA-1,0.3098595815891598
CXCR3-,HC,PST83775_PB,GSM4104139_GCATACATCACCGGGT-1,-0.10056797643315316
CXCR3-,HC,PST83775_PB,GSM4104139_GCATACATCGACGGAA-1,-0.10056797643315316
CXCR3-,HC,PST83775_PB,GSM4104139_GCATGCGCAAGTTGTC-1,-0.31821973933376196
CXCR3-,HC,PST83775_PB,GSM4104139_GCATGCGTCACGCATA-1,-0.10056797643315316
CXCR3-,HC,PST83775_PB,GSM4104139_GCATGTACATCAGTAC-1,-0.10056797643315316
CXCR3-,HC,PST83775_PB,GSM4104139_GCCAAATCACTTCGAA-1,-0.10056797643315316
CXCR3-,HC,PST83775_PB,GSM4104139_GCCAAATTCGGCTACG-1,-0.12192214008911638
CXCR3-,HC,PST83775_PB,GSM4104139_GCCTCTACAAACTGCT-1,-0.10056797643315316
CXCR3-,HC,PST83775_PB,GSM4104139_GCCTCTAGTTATTCTC-1,-0.10056797643315316
CXCR3-,HC,PST83775_PB,GSM4104139_GCCTCTAGTTGCGCAC-1,-0.10056797643315316
CXCR3-,HC,PST83775_PB,GSM4104139_GCGAGAAAGGATGTAT-1,-0.2247247024529861
CXCR3-,HC,PST83775_PB,GSM4104139_GCGAGAAGTTGCGTTA-1,-0.3325786107315283
CXCR3-,HC,PST83775_PB,GSM4104139_GCGAGAATCAACGCTA-1,-0.10056797643315316
CXCR3-,HC,PST83775_PB,GSM4104139_GCGCAGTGTAGCAAAT-1,-0.10056797643315316
CXCR3-,HC,PST83775_PB,GSM4104139_GCGCAGTTCCGAGCCA-1,-0.10056797643315316
CXCR3-,HC,PST83775_PB,GSM4104139_GCGCCAAAGGACCACA-1,-0.10056797643315316
CXCR3-,HC,PST83775_PB,GSM4104139_GCGCGATGTACTTGAC-1,-0.10056797643315316
CXCR3-,HC,PST83775_PB,GSM4104139_GCGGGTTGTACTTCTT-1,-0.10056797643315316
CXCR3-,HC,PST83775_PB,GSM4104139_GCGGGTTTCCAAACAC-1,-0.10056797643315316
CXCR3-,HC,PST83775_PB,GSM4104139_GCTGCGAGTCGCATCG-1,-0.10056797643315316
CXCR3-,HC,PST83775_PB,GSM4104139_GCTGCTTGTAGCGCAA-1,0.22146022461536877
CXCR3-,HC,PST83775_PB,GSM4104139_GCTGCTTTCCTTCAAT-1,-0.2752109656062415
CXCR3-,HC,PST83775_PB,GSM4104139_GCTGGGTTCACTATTC-1,-0.10056797643315316
CXCR3-,HC,PST83775_PB,GSM4104139_GCTGGGTTCGCCGTGA-1,-0.10056797643315316
CXCR3-,HC,PST83775_PB,GSM4104139_GCTTGAAGTCTGGAGA-1,-0.10056797643315316
CXCR3-,HC,PST83775_PB,GSM4104139_GCTTGAATCGTGGTCG-1,-0.10056797643315316
CXCR3-,HC,PST83775_PB,GSM4104139_GGAAAGCGTTCTGGTA-1,-0.347586739324844
CXCR3-,HC,PST83775_PB,GSM4104139_GGAAAGCTCTGCCCTA-1,-0.10056797643315316
CXCR3-,HC,PST83775_PB,GSM4104139_GGAACTTAGGGATCTG-1,0.22936737651070066
CXCR3-,HC,PST83775_PB,GSM4104139_GGAATAACATTTCAGG-1,-0.10056797643315316
CXCR3-,HC,PST83775_PB,GSM4104139_GGACAAGGTTGGACCC-1,0.038160111427129446
CXCR3-,HC,PST83775_PB,GSM4104139_GGACGTCGTGAAAGAG-1,-0.10056797643315316
CXCR3-,HC,PST83775_PB,GSM4104139_GGAGCAACATTACGAC-1,-0.10056797643315316
CXCR3-,HC,PST83775_PB,GSM4104139_GGATGTTCACTGAAGG-1,-0.05284486995416789
CXCR3-,HC,PST83775_PB,GSM4104139_GGATGTTCATCGGGTC-1,-0.10056797643315316
CXCR3-,HC,PST83775_PB,GSM4104139_GGATTACTCGAATGCT-1,-0.22904876672769228
CXCR3-,HC,PST83775_PB,GSM4104139_GGATTACTCGCGGATC-1,-0.22929964210385384
CXCR3-,HC,PST83775_PB,GSM4104139_GGCAATTGTTCACCTC-1,0.10193064408456287
CXCR3-,HC,PST83775_PB,GSM4104139_GGCAATTTCTGTACGA-1,-0.10056797643315316
CXCR3-,HC,PST83775_PB,GSM4104139_GGCCGATAGAGACTAT-1,0.18262557124685325
CXCR3-,HC,PST83775_PB,GSM4104139_GGCCGATTCAGAGACG-1,-0.18392617045144014
CXCR3-,HC,PST83775_PB,GSM4104139_GGCGTGTTCTGGTATG-1,-0.10056797643315316
CXCR3-,HC,PST83775_PB,GSM4104139_GGCTCGAGTAGCCTAT-1,-0.10056797643315316
CXCR3-,HC,PST83775_PB,GSM4104139_GGGAATGAGACCCACC-1,-0.10056797643315316
CXCR3-,HC,PST83775_PB,GSM4104139_GGGAATGGTAAAGGAG-1,-0.21606000523871657
CXCR3-,HC,PST83775_PB,GSM4104139_GGGACCTGTAGCGTCC-1,-0.10056797643315316
CXCR3-,HC,PST83775_PB,GSM4104139_GGGACCTGTCAGAATA-1,-0.10056797643315316
CXCR3-,HC,PST83775_PB,GSM4104139_GGGAGATAGTGGAGTC-1,-0.10056797643315316
CXCR3-,HC,PST83775_PB,GSM4104139_GGGATGAAGCCTATGT-1,0.23974466425447963
CXCR3-,HC,PST83775_PB,GSM4104139_GGGCACTAGACGCACA-1,-0.10056797643315316
CXCR3-,HC,PST83775_PB,GSM4104139_GGGCACTAGTACCGGA-1,-0.10056797643315316
CXCR3+,HC,PST83775_PB,GSM4104139_GGGCACTAGTCCATAC-1,-0.10056797643315316
CXCR3-,HC,PST83775_PB,GSM4104139_GGGCATCTCTTGAGGT-1,-0.3900728143102863
CXCR3-,HC,PST83775_PB,GSM4104139_GGGTCTGAGATGTCGG-1,-0.37594986825341997
CXCR3-,HC,PST83775_PB,GSM4104139_GGGTCTGAGGAGCGAG-1,-0.10056797643315316
CXCR3-,HC,PST83775_PB,GSM4104139_GGGTCTGCAATAGCAA-1,0.13714256540405184
CXCR3-,HC,PST83775_PB,GSM4104139_GGGTCTGTCATGCATG-1,-0.10056797643315316
CXCR3-,HC,PST83775_PB,GSM4104139_GGGTTGCAGACACTAA-1,-0.4623263931388989
CXCR3-,HC,PST83775_PB,GSM4104139_GGTATTGAGCTGTTCA-1,-0.10056797643315316
CXCR3-,HC,PST83775_PB,GSM4104139_GGTATTGCAACACGCC-1,-0.3285203934667373
CXCR3-,HC,PST83775_PB,GSM4104139_GGTGCGTAGGAATGGA-1,-0.10056797643315316
CXCR3-,HC,PST83775_PB,GSM4104139_GGTGCGTCATAGTAAG-1,-0.10056797643315316
CXCR3-,HC,PST83775_PB,GSM4104139_GGTGCGTTCTTGAGAC-1,-0.10056797643315316
CXCR3-,HC,PST83775_PB,GSM4104139_GGTGTTATCCGAATGT-1,-0.10056797643315316
CXCR3-,HC,PST83775_PB,GSM4104139_GTAACGTGTAAATACG-1,0.3116990199729182
CXCR3-,HC,PST83775_PB,GSM4104139_GTAACGTTCACCTCGT-1,-0.18195414291797268
CXCR3-,HC,PST83775_PB,GSM4104139_GTAACTGCACAACTGT-1,-0.4242320001086061
CXCR3-,HC,PST83775_PB,GSM4104139_GTACGTAAGGCTAGGT-1,-0.18528249731895202
CXCR3-,HC,PST83775_PB,GSM4104139_GTACGTACATCCAACA-1,-0.10056797643315316
CXCR3-,HC,PST83775_PB,GSM4104139_GTACTCCAGTCCTCCT-1,-0.10056797643315316
CXCR3-,HC,PST83775_PB,GSM4104139_GTACTCCTCGCAAACT-1,-0.10056797643315316
CXCR3-,HC,PST83775_PB,GSM4104139_GTACTTTTCCCAAGTA-1,-0.43069351080804047
CXCR3-,HC,PST83775_PB,GSM4104139_GTAGGCCTCCGAATGT-1,-0.10056797643315316
CXCR3-,HC,PST83775_PB,GSM4104139_GTAGTCAAGCTAACAA-1,-0.05763712971888072
CXCR3-,HC,PST83775_PB,GSM4104139_GTAGTCAGTCACTGGC-1,0.23705556286524715
CXCR3-,HC,PST83775_PB,GSM4104139_GTAGTCAGTTACGGAG-1,-0.10056797643315316
CXCR3-,HC,PST83775_PB,GSM4104139_GTAGTCATCCTTTCTC-1,-0.10056797643315316
CXCR3-,HC,PST83775_PB,GSM4104139_GTATCTTGTCATTAGC-1,-0.2942314709683703
CXCR3-,HC,PST83775_PB,GSM4104139_GTATCTTTCTGCAGTA-1,-0.10056797643315316
CXCR3-,HC,PST83775_PB,GSM4104139_GTATTCTCACCAGGTC-1,0.5399783423893826
CXCR3-,HC,PST83775_PB,GSM4104139_GTATTCTCACGGTGTC-1,-0.10056797643315316
CXCR3-,HC,PST83775_PB,GSM4104139_GTATTCTGTCTGCGGT-1,-0.10056797643315316
CXCR3-,HC,PST83775_PB,GSM4104139_GTCAAGTTCGAGCCCA-1,-0.10056797643315316
CXCR3-,HC,PST83775_PB,GSM4104139_GTCACAACAGCCAATT-1,0.12000220085567495
CXCR3-,HC,PST83775_PB,GSM4104139_GTCACAACATCGATGT-1,-0.5636839737637996
CXCR3-,HC,PST83775_PB,GSM4104139_GTCACGGTCCCACTTG-1,0.29257311358800536
CXCR3-,HC,PST83775_PB,GSM4104139_GTCATTTGTGTCTGAT-1,-0.10056797643315316
CXCR3-,HC,PST83775_PB,GSM4104139_GTCATTTTCTCAAACG-1,-0.10056797643315316
CXCR3-,HC,PST83775_PB,GSM4104139_GTCGGGTCACATAACC-1,-0.10056797643315316
CXCR3-,HC,PST83775_PB,GSM4104139_GTCGGGTTCCAAATGC-1,0.19909430138547796
CXCR3-,HC,PST83775_PB,GSM4104139_GTCGTAACAGCCAGAA-1,-0.10056797643315316
CXCR3-,HC,PST83775_PB,GSM4104139_GTCTCGTTCCGCAGTG-1,0.1916387905874736
CXCR3-,HC,PST83775_PB,GSM4104139_GTCTTCGCAAGAAGAG-1,0.20612714149585085
CXCR3-,HC,PST83775_PB,GSM4104139_GTCTTCGTCGCCAAAT-1,0.23273314313768362
CXCR3-,HC,PST83775_PB,GSM4104139_GTGAAGGAGGATATAC-1,0.20140363492488841
CXCR3-,HC,PST83775_PB,GSM4104139_GTGAAGGGTGCAGACA-1,-0.10056797643315316
CXCR3-,HC,PST83775_PB,GSM4104139_GTGAAGGTCTTACCGC-1,-0.10056797643315316
CXCR3-,HC,PST83775_PB,GSM4104139_GTGCATAGTAGCTGCC-1,-0.10056797643315316
CXCR3-,HC,PST83775_PB,GSM4104139_GTGCATAGTCCCTACT-1,-0.035865260955533156
CXCR3-,HC,PST83775_PB,GSM4104139_GTGCGGTAGGTAGCCA-1,-0.10056797643315316
CXCR3-,HC,PST83775_PB,GSM4104139_GTGCTTCCAAGTCATC-1,0.0257888701201266
CXCR3-,HC,PST83775_PB,GSM4104139_GTGCTTCCACACCGAC-1,-0.10056797643315316
CXCR3-,HC,PST83775_PB,GSM4104139_GTGCTTCGTCCGTTAA-1,-0.10056797643315316
CXCR3-,HC,PST83775_PB,GSM4104139_GTGGGTCCAGCTGTTA-1,-0.10056797643315316
CXCR3-,HC,PST83775_PB,GSM4104139_GTGTTAGAGCTAGTCT-1,-0.10056797643315316
CXCR3-,HC,PST83775_PB,GSM4104139_GTGTTAGCAAGTTAAG-1,-0.10056797643315316
CXCR3-,HC,PST83775_PB,GSM4104139_GTGTTAGCAATGGATA-1,-0.10056797643315316
CXCR3-,HC,PST83775_PB,GSM4104139_GTGTTAGTCTCCCTGA-1,0.25075179768866623
CXCR3-,HC,PST83775_PB,GSM4104139_GTTAAGCGTCGAATCT-1,-0.10056797643315316
CXCR3-,HC,PST83775_PB,GSM4104139_GTTACAGAGTGATCGG-1,0.27570719940552746
CXCR3-,HC,PST83775_PB,GSM4104139_GTTCATTCACTTAAGC-1,0.5656524099735701
CXCR3-,HC,PST83775_PB,GSM4104139_GTTCGGGGTCCGAGTC-1,-0.10056797643315316
CXCR3-,HC,PST83775_PB,GSM4104139_GTTCTCGGTGATAAAC-1,0.2613965874755379
CXCR3-,HC,PST83775_PB,GSM4104139_GTTCTCGTCAGTGTTG-1,-0.10056797643315316
CXCR3-,HC,PST83775_PB,GSM4104139_GTTTCTACAGCTGTTA-1,-0.07720793583373305
CXCR3-,HC,PST83775_PB,GSM4104139_TAAGCGTCATGAGCGA-1,-0.10056797643315316
CXCR3-,HC,PST83775_PB,GSM4104139_TAAGTGCTCGTCGTTC-1,0.47425651199116786
CXCR3-,HC,PST83775_PB,GSM4104139_TACACGATCCCATTTA-1,-0.10056797643315316
CXCR3-,HC,PST83775_PB,GSM4104139_TACACGATCCCTAATT-1,-0.10056797643315316
CXCR3-,HC,PST83775_PB,GSM4104139_TACAGTGGTCCGTCAG-1,0.6585647294480278
CXCR3-,HC,PST83775_PB,GSM4104139_TACCTATCACGGTAGA-1,-0.2190371129743963
CXCR3-,HC,PST83775_PB,GSM4104139_TACCTTAAGTAGGTGC-1,-0.10056797643315316
CXCR3-,HC,PST83775_PB,GSM4104139_TACCTTATCCGATATG-1,-0.10056797643315316
CXCR3-,HC,PST83775_PB,GSM4104139_TACGGATCAGGTGCCT-1,-0.10056797643315316
CXCR3-,HC,PST83775_PB,GSM4104139_TACGGGCAGGATGGAA-1,-0.10056797643315316
CXCR3-,HC,PST83775_PB,GSM4104139_TACGGTATCGAATCCA-1,0.13840096226810583
CXCR3-,HC,PST83775_PB,GSM4104139_TACTCATCATCACGAT-1,-0.10056797643315316
CXCR3-,HC,PST83775_PB,GSM4104139_TACTCATGTTTGTTGG-1,-0.10056797643315316
CXCR3-,HC,PST83775_PB,GSM4104139_TACTCGCAGTTGAGAT-1,-0.10056797643315316
CXCR3-,HC,PST83775_PB,GSM4104139_TACTCGCCAAAGCAAT-1,-0.10056797643315316
CXCR3-,HC,PST83775_PB,GSM4104139_TACTCGCTCCTGTAGA-1,-0.10056797643315316
CXCR3-,HC,PST83775_PB,GSM4104139_TACTTACGTATAATGG-1,0.1294987855041191
CXCR3-,HC,PST83775_PB,GSM4104139_TACTTGTAGCGATCCC-1,-0.10056797643315316
CXCR3-,HC,PST83775_PB,GSM4104139_TACTTGTTCCGCTGTT-1,-0.10056797643315316
CXCR3-,HC,PST83775_PB,GSM4104139_TAGACCACAAGTTCTG-1,-0.10056797643315316
CXCR3-,HC,PST83775_PB,GSM4104139_TAGACCACAATAGCGG-1,0.19962645133628198
CXCR3-,HC,PST83775_PB,GSM4104139_TAGACCACACGAAACG-1,-0.10056797643315316
CXCR3-,HC,PST83775_PB,GSM4104139_TAGACCATCTCACATT-1,0.11518979434300523
CXCR3-,HC,PST83775_PB,GSM4104139_TAGAGCTCAATCGGTT-1,-0.10056797643315316
CXCR3-,HC,PST83775_PB,GSM4104139_TAGAGCTTCGTTACAG-1,-0.10056797643315316
CXCR3-,HC,PST83775_PB,GSM4104139_TAGGCATAGTCATGCT-1,-0.2206984558033622
CXCR3-,HC,PST83775_PB,GSM4104139_TAGGCATCACGTCAGC-1,-0.024164929624701847
CXCR3-,HC,PST83775_PB,GSM4104139_TAGTTGGTCAGTTAGC-1,0.07090452729996012
CXCR3-,HC,PST83775_PB,GSM4104139_TATCTCACAGGCTCAC-1,-0.10056797643315316
CXCR3-,HC,PST83775_PB,GSM4104139_TATGCCCAGAAGGCCT-1,0.10865861708000965
CXCR3-,HC,PST83775_PB,GSM4104139_TATTACCAGAAACGAG-1,0.21560463122618018
CXCR3-,HC,PST83775_PB,GSM4104139_TATTACCCATCAGTAC-1,-0.295146495517868
CXCR3-,HC,PST83775_PB,GSM4104139_TCAACGAGTAGAGTGC-1,-0.10056797643315316
CXCR3-,HC,PST83775_PB,GSM4104139_TCAACGAGTTCGCGAC-1,-0.10056797643315316
CXCR3-,HC,PST83775_PB,GSM4104139_TCACGAAAGGCGCTCT-1,-0.20645006362135973
CXCR3-,HC,PST83775_PB,GSM4104139_TCACGAAAGTGTACTC-1,-0.10056797643315316
CXCR3-,HC,PST83775_PB,GSM4104139_TCAGATGTCGGTGTCG-1,-0.10056797643315316
CXCR3-,HC,PST83775_PB,GSM4104139_TCAGCAAAGCGATGAC-1,-0.10056797643315316
CXCR3-,HC,PST83775_PB,GSM4104139_TCAGCTCTCCCTTGCA-1,-0.10056797643315316
CXCR3-,HC,PST83775_PB,GSM4104139_TCAGCTCTCTCTGTCG-1,-0.25005685615139833
CXCR3-,HC,PST83775_PB,GSM4104139_TCAGGATCACTTCGAA-1,0.18394443043613481
CXCR3-,HC,PST83775_PB,GSM4104139_TCAGGATTCTGTGCAA-1,-0.10056797643315316
CXCR3-,HC,PST83775_PB,GSM4104139_TCAGGTAAGATAGGAG-1,-0.10056797643315316
CXCR3-,HC,PST83775_PB,GSM4104139_TCAGGTACAGAGTGTG-1,-0.10056797643315316
CXCR3-,HC,PST83775_PB,GSM4104139_TCAGGTAGTTGTCTTT-1,-0.22897180842339315
CXCR3-,HC,PST83775_PB,GSM4104139_TCAGGTATCCATTCTA-1,-0.10056797643315316
CXCR3-,HC,PST83775_PB,GSM4104139_TCATTACAGATGTTAG-1,-0.10056797643315316
CXCR3-,HC,PST83775_PB,GSM4104139_TCATTTGTCTTAGAGC-1,-0.10056797643315316
CXCR3-,HC,PST83775_PB,GSM4104139_TCCACACTCGCTAGCG-1,-0.10056797643315316
CXCR3+,HC,PST83775_PB,GSM4104139_TCCCGATAGCTGATAA-1,-0.10056797643315316
CXCR3-,HC,PST83775_PB,GSM4104139_TCCCGATAGGAGCGTT-1,-0.10056797643315316
CXCR3-,HC,PST83775_PB,GSM4104139_TCCCGATAGTAGGCCA-1,-0.10056797643315316
CXCR3-,HC,PST83775_PB,GSM4104139_TCCCGATGTGATGCCC-1,-0.0012811386579387898
CXCR3-,HC,PST83775_PB,GSM4104139_TCCCGATTCGGTTCGG-1,-0.10056797643315316
CXCR3-,HC,PST83775_PB,GSM4104139_TCGAGGCGTAGTAGTA-1,-0.5686053226726173
CXCR3-,HC,PST83775_PB,GSM4104139_TCGAGGCTCCATTCTA-1,-0.2438128572346248
CXCR3-,HC,PST83775_PB,GSM4104139_TCGAGGCTCGCAAACT-1,0.4411609146729495
CXCR3-,HC,PST83775_PB,GSM4104139_TCGCGAGAGCTGAACG-1,-0.10056797643315316
CXCR3-,HC,PST83775_PB,GSM4104139_TCGCGAGCAATGTAAG-1,0.1073612518065139
CXCR3-,HC,PST83775_PB,GSM4104139_TCGCGAGTCTCTTATG-1,-0.10056797643315316
CXCR3-,HC,PST83775_PB,GSM4104139_TCGGGACAGAGCCTAG-1,-0.10056797643315316
CXCR3-,HC,PST83775_PB,GSM4104139_TCGGGACAGTGAATTG-1,-0.10056797643315316
CXCR3-,HC,PST83775_PB,GSM4104139_TCGTACCGTAAGTAGT-1,0.08677369758315244
CXCR3-,HC,PST83775_PB,GSM4104139_TCGTACCTCCTCGCAT-1,-0.10056797643315316
CXCR3-,HC,PST83775_PB,GSM4104139_TCGTAGACAGGCAGTA-1,-0.10056797643315316
CXCR3-,HC,PST83775_PB,GSM4104139_TCGTAGAGTGCAGTAG-1,-0.2264341585753107
CXCR3-,HC,PST83775_PB,GSM4104139_TCTATTGCACACCGAC-1,-0.10056797643315316
CXCR3-,HC,PST83775_PB,GSM4104139_TCTATTGGTAATCGTC-1,-0.20848489440875276
CXCR3-,HC,PST83775_PB,GSM4104139_TCTATTGGTGGCAAAC-1,-0.5594261617192166
CXCR3-,HC,PST83775_PB,GSM4104139_TCTCATACAAGCGATG-1,-0.10056797643315316
CXCR3-,HC,PST83775_PB,GSM4104139_TCTCTAACACCGTTGG-1,0.08397634216080314
CXCR3-,HC,PST83775_PB,GSM4104139_TCTCTAATCCTTTCTC-1,-0.10056797643315316
CXCR3-,HC,PST83775_PB,GSM4104139_TCTGGAAGTAAGGATT-1,-0.10056797643315316
CXCR3-,HC,PST83775_PB,GSM4104139_TCTTTCCTCTCGAGTA-1,-0.10056797643315316
CXCR3-,HC,PST83775_PB,GSM4104139_TGAAAGACATTAGGCT-1,-0.24706161658680412
CXCR3-,HC,PST83775_PB,GSM4104139_TGAAAGAGTCCGTTAA-1,-0.416062033910176
CXCR3-,HC,PST83775_PB,GSM4104139_TGACTAGCAAAGGTGC-1,0.17349222993539457
CXCR3-,HC,PST83775_PB,GSM4104139_TGACTAGTCAAAGTAG-1,-0.10056797643315316
CXCR3-,HC,PST83775_PB,GSM4104139_TGACTTTGTGTTTGTG-1,-0.211787967391486
CXCR3-,HC,PST83775_PB,GSM4104139_TGAGAGGAGAACTCGG-1,-0.10056797643315316
CXCR3-,HC,PST83775_PB,GSM4104139_TGAGCATAGAATGTTG-1,0.22832603711719188
CXCR3-,HC,PST83775_PB,GSM4104139_TGAGCATGTCTCCATC-1,0.28756939409888965
CXCR3-,HC,PST83775_PB,GSM4104139_TGATTTCTCGGATGTT-1,0.2610746405569025
CXCR3-,HC,PST83775_PB,GSM4104139_TGCCCATAGCGACGTA-1,-0.31098107006599124
CXCR3-,HC,PST83775_PB,GSM4104139_TGCCCATAGTATCTCG-1,-0.10056797643315316
CXCR3-,HC,PST83775_PB,GSM4104139_TGCCCATAGTTCGCGC-1,-0.10056797643315316
CXCR3-,HC,PST83775_PB,GSM4104139_TGCCCATCACAGAGGT-1,0.3460360020680028
CXCR3-,HC,PST83775_PB,GSM4104139_TGCCCTACACCAGATT-1,-0.18946760586919043
CXCR3-,HC,PST83775_PB,GSM4104139_TGCCCTATCTCGCTTG-1,0.2450292514189599
CXCR3-,HC,PST83775_PB,GSM4104139_TGCGCAGAGCAATCTC-1,-0.10056797643315316
CXCR3-,HC,PST83775_PB,GSM4104139_TGCGCAGGTCCATGAT-1,-0.10056797643315316
CXCR3-,HC,PST83775_PB,GSM4104139_TGCGTGGCACGAAAGC-1,-0.10056797643315316
CXCR3-,HC,PST83775_PB,GSM4104139_TGCGTGGTCTAACCGA-1,-0.10056797643315316
CXCR3-,HC,PST83775_PB,GSM4104139_TGCTACCGTCGCATAT-1,0.019888107093839542
CXCR3-,HC,PST83775_PB,GSM4104139_TGCTACCTCCCATTAT-1,-0.10056797643315316
CXCR3-,HC,PST83775_PB,GSM4104139_TGCTACCTCGTGTAGT-1,-0.31025429043784847
CXCR3-,HC,PST83775_PB,GSM4104139_TGGCCAGTCAGGTTCA-1,-0.471981692696488
CXCR3-,HC,PST83775_PB,GSM4104139_TGGGAAGCAAGCTGTT-1,-0.10056797643315316
CXCR3-,HC,PST83775_PB,GSM4104139_TGGTTCCCAAGAAGAG-1,-0.17739427697173785
CXCR3-,HC,PST83775_PB,GSM4104139_TGGTTCCGTACAGCAG-1,-0.10056797643315316
CXCR3-,HC,PST83775_PB,GSM4104139_TGTATTCGTTATTCTC-1,-0.10056797643315316
CXCR3-,HC,PST83775_PB,GSM4104139_TGTATTCTCTGCCAGG-1,-0.10056797643315316
CXCR3-,HC,PST83775_PB,GSM4104139_TGTCCCATCTAACTTC-1,-0.10056797643315316
CXCR3-,HC,PST83775_PB,GSM4104139_TGTGGTAGTAACGACG-1,-0.21281580553503948
CXCR3-,HC,PST83775_PB,GSM4104139_TGTTCCGGTCCAGTTA-1,-0.10056797643315316
CXCR3-,HC,PST83775_PB,GSM4104139_TTAACTCAGCTTATCG-1,-0.10056797643315316
CXCR3+,HC,PST83775_PB,GSM4104139_TTAACTCGTTGGTTTG-1,-0.10056797643315316
CXCR3-,HC,PST83775_PB,GSM4104139_TTAACTCGTTTGGGCC-1,-0.10056797643315316
CXCR3-,HC,PST83775_PB,GSM4104139_TTAACTCTCGCTTGTC-1,0.23931528017327772
CXCR3-,HC,PST83775_PB,GSM4104139_TTAGGCAGTCAGAGGT-1,-0.10056797643315316
CXCR3-,HC,PST83775_PB,GSM4104139_TTCCCAGTCAGAAATG-1,-0.34760670269752947
CXCR3-,HC,PST83775_PB,GSM4104139_TTCTACAGTGAGCGAT-1,-0.10056797643315316
CXCR3-,HC,PST83775_PB,GSM4104139_TTCTACATCAACGGGA-1,-0.10056797643315316
CXCR3-,HC,PST83775_PB,GSM4104139_TTCTCAACACTTCGAA-1,-0.10056797643315316
CXCR3-,HC,PST83775_PB,GSM4104139_TTCTCAAGTGGTTTCA-1,-0.10056797643315316
CXCR3-,HC,PST83775_PB,GSM4104139_TTCTCCTCATGTAGTC-1,-0.10056797643315316
CXCR3-,HC,PST83775_PB,GSM4104139_TTCTCCTGTGTGGCTC-1,-0.10056797643315316
CXCR3+,HC,PST83775_PB,GSM4104139_TTCTTAGTCCAACCAA-1,0.21826835795411734
CXCR3-,HC,PST83775_PB,GSM4104139_TTGAACGGTGGAAAGA-1,-0.2511300679767938
CXCR3-,HC,PST83775_PB,GSM4104139_TTGACTTTCTCGTTTA-1,-0.10056797643315316
CXCR3-,HC,PST83775_PB,GSM4104139_TTGCCGTAGCTGAAAT-1,-0.10056797643315316
CXCR3-,HC,PST83775_PB,GSM4104139_TTGCCGTCACTAAGTC-1,-0.10056797643315316
CXCR3-,HC,PST83775_PB,GSM4104139_TTGCCGTTCAACGGCC-1,-0.44578430773708294
CXCR3-,HC,PST83775_PB,GSM4104139_TTGCCGTTCCAGTATG-1,0.18860584266145194
CXCR3-,HC,PST83775_PB,GSM4104139_TTGCGTCCATCCGGGT-1,-0.10056797643315316
CXCR3-,HC,PST83775_PB,GSM4104139_TTGGAACCACGACGAA-1,-0.10056797643315316
CXCR3-,HC,PST83775_PB,GSM4104139_TTGGAACGTTATCACG-1,-0.10056797643315316
CXCR3-,HC,PST83775_PB,GSM4104139_TTGGCAAAGGTGATTA-1,-0.10056797643315316
CXCR3-,HC,PST83775_PB,GSM4104139_TTGGCAACAAAGCGGT-1,0.02594541972181021
CXCR3-,HC,PST83775_PB,GSM4104139_TTGGCAACATTGTGCA-1,-0.40511304275669957
CXCR3-,HC,PST83775_PB,GSM4104139_TTGTAGGCAAGTACCT-1,-0.10056797643315316
CXCR3-,HC,PST83775_PB,GSM4104139_TTTACTGCAGTCACTA-1,-0.10056797643315316
CXCR3+,HC,PST83775_PB,GSM4104139_TTTACTGGTTGAACTC-1,-0.5225472697238385
CXCR3-,HC,PST83775_PB,GSM4104139_TTTACTGTCACAAACC-1,-0.5141428154370102
CXCR3-,HC,PST83775_PB,GSM4104139_TTTACTGTCGTAGGAG-1,-0.10056797643315316
CXCR3-,HC,PST83775_PB,GSM4104139_TTTCCTCAGTCTCGGC-1,0.46479963956838455
CXCR3-,HC,PST83775_PB,GSM4104139_TTTGGTTAGGGATGGG-1,-0.10056797643315316
CXCR3-,HC,PST83775_PB,GSM4104139_TTTGGTTTCACTATTC-1,-0.3164291810716526
CXCR3-,HC,PST95809_PB,GSM4104141_AAACCTGTCGTCTGCT-1,-0.5441745214396629
CXCR3-,HC,PST95809_PB,GSM4104141_AAACGGGAGCCATCGC-1,-0.10056797643315316
CXCR3-,HC,PST95809_PB,GSM4104141_AAAGTAGAGGCATGGT-1,-0.10056797643315316
CXCR3-,HC,PST95809_PB,GSM4104141_AAATGCCAGGCAAAGA-1,-0.10056797643315316
CXCR3-,HC,PST95809_PB,GSM4104141_AACACGTGTCGCGTGT-1,-0.25750726374037536
CXCR3-,HC,PST95809_PB,GSM4104141_AACGTTGCAGTGAGTG-1,-0.10056797643315316
CXCR3-,HC,PST95809_PB,GSM4104141_AACTCAGGTGCACGAA-1,-0.10056797643315316
CXCR3-,HC,PST95809_PB,GSM4104141_AACTGGTCACCGCTAG-1,-0.2592511936761689
CXCR3-,HC,PST95809_PB,GSM4104141_AACTGGTGTTTGTTTC-1,0.26186520049007717
CXCR3-,HC,PST95809_PB,GSM4104141_AACTGGTTCACAACGT-1,-0.5378112640155502
CXCR3-,HC,PST95809_PB,GSM4104141_AAGACCTTCCCAAGTA-1,-0.25871685697517854
CXCR3-,HC,PST95809_PB,GSM4104141_AAGGAGCCAGCTATTG-1,-0.10056797643315316
CXCR3-,HC,PST95809_PB,GSM4104141_AAGGTTCTCGTGTAGT-1,-0.8821987480353793
CXCR3-,HC,PST95809_PB,GSM4104141_AAGTCTGAGCGATAGC-1,-0.4760367345736883
CXCR3-,HC,PST95809_PB,GSM4104141_AATCGGTGTAGGACAC-1,0.1630895113676669
CXCR3-,HC,PST95809_PB,GSM4104141_AATCGGTGTTACGGAG-1,-0.10056797643315316
CXCR3-,HC,PST95809_PB,GSM4104141_ACACCCTGTAATCGTC-1,-0.10056797643315316
CXCR3-,HC,PST95809_PB,GSM4104141_ACACCCTTCCGCGCAA-1,-0.10056797643315316
CXCR3-,HC,PST95809_PB,GSM4104141_ACAGCTAAGATACACA-1,-0.3232040851018042
CXCR3-,HC,PST95809_PB,GSM4104141_ACAGCTAGTCAACATC-1,-0.1716244006616799
CXCR3-,HC,PST95809_PB,GSM4104141_ACATCAGGTCATGCAT-1,-0.10056797643315316
CXCR3-,HC,PST95809_PB,GSM4104141_ACCCACTGTCGGCACT-1,-0.8303947148221484
CXCR3-,HC,PST95809_PB,GSM4104141_ACCGTAAAGGACAGAA-1,-0.4342947110701986
CXCR3-,HC,PST95809_PB,GSM4104141_ACCGTAATCTATCCCG-1,-0.10056797643315316
CXCR3-,HC,PST95809_PB,GSM4104141_ACGAGCCAGAGATGAG-1,-0.19468072037811932
CXCR3-,HC,PST95809_PB,GSM4104141_ACGAGCCAGTTTAGGA-1,0.19881277397649053
CXCR3-,HC,PST95809_PB,GSM4104141_ACGATGTTCGTCTGCT-1,-0.47447655697435065
CXCR3-,HC,PST95809_PB,GSM4104141_ACGATGTTCTGTTTGT-1,-0.10056797643315316
CXCR3-,HC,PST95809_PB,GSM4104141_ACGCAGCGTATATCCG-1,-0.0949865464511419
CXCR3-,HC,PST95809_PB,GSM4104141_ACGCCAGTCAGCATGT-1,-0.10056797643315316
CXCR3-,HC,PST95809_PB,GSM4104141_ACGGGCTAGCACCGCT-1,-0.27212285492047505
CXCR3-,HC,PST95809_PB,GSM4104141_ACGGGTCTCAAACCAC-1,-0.10056797643315316
CXCR3-,HC,PST95809_PB,GSM4104141_ACTATCTTCTAACTTC-1,0.3751275454840727
CXCR3-,HC,PST95809_PB,GSM4104141_ACTTGTTTCCTCGCAT-1,-0.10056797643315316
CXCR3-,HC,PST95809_PB,GSM4104141_ACTTTCAAGTAGCGGT-1,-0.10056797643315316
CXCR3+,HC,PST95809_PB,GSM4104141_ACTTTCATCTCTAGGA-1,-0.2709488324273291
CXCR3-,HC,PST95809_PB,GSM4104141_AGATTGCTCGGCTACG-1,-0.5002126221891429
CXCR3-,HC,PST95809_PB,GSM4104141_AGCAGCCCAGGAATGC-1,-0.10056797643315316
CXCR3-,HC,PST95809_PB,GSM4104141_AGCATACAGTCTCAAC-1,-0.10056797643315316
CXCR3-,HC,PST95809_PB,GSM4104141_AGCATACGTGACAAAT-1,0.17096494433754175
CXCR3-,HC,PST95809_PB,GSM4104141_AGCATACGTGTTTGTG-1,-0.10056797643315316
CXCR3-,HC,PST95809_PB,GSM4104141_AGCTCCTTCCATGCTC-1,-0.10056797643315316
CXCR3-,HC,PST95809_PB,GSM4104141_AGCTCTCCAATTGCTG-1,-0.10056797643315316
CXCR3-,HC,PST95809_PB,GSM4104141_AGCTTGACAGCATACT-1,-0.692227307585027
CXCR3-,HC,PST95809_PB,GSM4104141_AGCTTGAGTAAACACA-1,-0.10056797643315316
CXCR3-,HC,PST95809_PB,GSM4104141_AGCTTGAGTCATGCAT-1,0.15398569655263677
CXCR3-,HC,PST95809_PB,GSM4104141_AGGCCACGTCAAAGCG-1,-0.09151991590986579
CXCR3-,HC,PST95809_PB,GSM4104141_AGGGATGAGCCGGTAA-1,-0.10056797643315316
CXCR3-,HC,PST95809_PB,GSM4104141_AGGGTGAGTAGCTTGT-1,-0.3069256821985506
CXCR3-,HC,PST95809_PB,GSM4104141_AGGTCATGTGGGTATG-1,-0.10056797643315316
CXCR3-,HC,PST95809_PB,GSM4104141_AGGTCCGTCCTTTACA-1,0.07329488285893539
CXCR3-,HC,PST95809_PB,GSM4104141_AGTCTTTAGAGTGAGA-1,-0.10056797643315316
CXCR3-,HC,PST95809_PB,GSM4104141_AGTGAGGTCCGCATAA-1,-0.6563004743376545
CXCR3-,HC,PST95809_PB,GSM4104141_AGTGGGACAGATCCAT-1,-0.2574458404610088
CXCR3-,HC,PST95809_PB,GSM4104141_ATAACGCGTATGGTTC-1,-0.10056797643315316
CXCR3-,HC,PST95809_PB,GSM4104141_ATCATCTAGGCATTGG-1,-0.10056797643315316
CXCR3-,HC,PST95809_PB,GSM4104141_ATCATGGAGGGTATCG-1,-0.38873778014209076
CXCR3-,HC,PST95809_PB,GSM4104141_ATCTACTAGTCCCACG-1,-0.23500712434265683
CXCR3-,HC,PST95809_PB,GSM4104141_ATCTGCCAGCACCGCT-1,-0.10056797643315316
CXCR3-,HC,PST95809_PB,GSM4104141_ATGAGGGCATCCGTGG-1,-0.10056797643315316
CXCR3-,HC,PST95809_PB,GSM4104141_ATTACTCGTTCAACCA-1,-0.36221925551249134
CXCR3-,HC,PST95809_PB,GSM4104141_ATTATCCCACGTAAGG-1,-0.45857827288262204
CXCR3-,HC,PST95809_PB,GSM4104141_ATTCTACCATTAACCG-1,-0.10056797643315316
CXCR3+,HC,PST95809_PB,GSM4104141_ATTGGACAGACAAAGG-1,-0.6058375621485705
CXCR3-,HC,PST95809_PB,GSM4104141_CAACCAAGTAAGTGTA-1,-0.9260486247452518
CXCR3-,HC,PST95809_PB,GSM4104141_CAACCTCGTAGAAAGG-1,-0.10056797643315316
CXCR3-,HC,PST95809_PB,GSM4104141_CAACTAGAGACTGTAA-1,-0.303823612696507
CXCR3-,HC,PST95809_PB,GSM4104141_CAAGAAAAGGAGTCTG-1,-0.2690356036230003
CXCR3-,HC,PST95809_PB,GSM4104141_CAAGAAATCCTGCCAT-1,0.12707042322602544
CXCR3-,HC,PST95809_PB,GSM4104141_CAAGGCCCATGCAACT-1,-0.10056797643315316
CXCR3-,HC,PST95809_PB,GSM4104141_CAAGGCCGTTAGGGTG-1,-0.10056797643315316
CXCR3-,HC,PST95809_PB,GSM4104141_CACACAATCCACGACG-1,-0.10056797643315316
CXCR3-,HC,PST95809_PB,GSM4104141_CAGAGAGAGAGACGAA-1,-0.10056797643315316
CXCR3-,HC,PST95809_PB,GSM4104141_CAGAGAGTCTAGCACA-1,-0.10056797643315316
CXCR3-,HC,PST95809_PB,GSM4104141_CAGATCATCCTGCTTG-1,-0.10056797643315316
CXCR3-,HC,PST95809_PB,GSM4104141_CAGCCGAGTGTGAAAT-1,0.8384120782496749
CXCR3-,HC,PST95809_PB,GSM4104141_CAGGTGCCATGACGGA-1,-0.6036187428324702
CXCR3-,HC,PST95809_PB,GSM4104141_CAGTAACCAGACACTT-1,-0.10056797643315316
CXCR3-,HC,PST95809_PB,GSM4104141_CAGTAACTCGTACGGC-1,-0.10056797643315316
CXCR3-,HC,PST95809_PB,GSM4104141_CAGTCCTAGTGTTAGA-1,-0.2376311159291167
CXCR3-,HC,PST95809_PB,GSM4104141_CAGTCCTGTCATATCG-1,0.29383099137651886
CXCR3-,HC,PST95809_PB,GSM4104141_CATCAAGAGAAACCTA-1,0.1999699638754029
CXCR3-,HC,PST95809_PB,GSM4104141_CATCGAAGTATAGTAG-1,-0.10056797643315316
CXCR3-,HC,PST95809_PB,GSM4104141_CATGCCTGTCCGCTGA-1,-0.5698225208307148
CXCR3-,HC,PST95809_PB,GSM4104141_CATGGCGTCACAGGCC-1,-0.10056797643315316
CXCR3-,HC,PST95809_PB,GSM4104141_CCAATCCGTTCCATGA-1,-0.10056797643315316
CXCR3-,HC,PST95809_PB,GSM4104141_CCAATCCTCGTTTATC-1,-0.10056797643315316
CXCR3-,HC,PST95809_PB,GSM4104141_CCACTACGTCCGAACC-1,0.1837307557257384
CXCR3-,HC,PST95809_PB,GSM4104141_CCAGCGACACCATCCT-1,-0.10056797643315316
CXCR3-,HC,PST95809_PB,GSM4104141_CCAGCGACATGTCCTC-1,-0.10056797643315316
CXCR3-,HC,PST95809_PB,GSM4104141_CCATGTCGTAAGTAGT-1,-0.2553017954995501
CXCR3-,HC,PST95809_PB,GSM4104141_CCCAATCTCTTGACGA-1,0.168982940342047
CXCR3-,HC,PST95809_PB,GSM4104141_CCCAGTTGTTAGAACA-1,-0.21575785957981614
CXCR3-,HC,PST95809_PB,GSM4104141_CCCATACAGGGTCGAT-1,-0.10056797643315316
CXCR3-,HC,PST95809_PB,GSM4104141_CCCTCCTCAATGACCT-1,-0.10056797643315316
CXCR3+,HC,PST95809_PB,GSM4104141_CCGTACTGTACTCTCC-1,-0.4083391755746564
CXCR3-,HC,PST95809_PB,GSM4104141_CCTAAAGAGCCATCGC-1,-0.3530842197234284
CXCR3-,HC,PST95809_PB,GSM4104141_CCTAAAGGTCACCCAG-1,0.04572783683287599
CXCR3-,HC,PST95809_PB,GSM4104141_CCTACCATCGTTACGA-1,-0.10056797643315316
CXCR3-,HC,PST95809_PB,GSM4104141_CCTAGCTAGTGCTGCC-1,-0.10056797643315316
CXCR3-,HC,PST95809_PB,GSM4104141_CCTATTAAGATATACG-1,-0.10056797643315316
CXCR3-,HC,PST95809_PB,GSM4104141_CCTATTATCAGCCTAA-1,0.27060615272236366
CXCR3-,HC,PST95809_PB,GSM4104141_CCTCAGTCATCCGTGG-1,-0.21794203473049167
CXCR3-,HC,PST95809_PB,GSM4104141_CCTCTGACAATAAGCA-1,-0.10056797643315316
CXCR3-,HC,PST95809_PB,GSM4104141_CCTCTGACATGTCTCC-1,-0.10056797643315316
CXCR3-,HC,PST95809_PB,GSM4104141_CCTCTGATCTGATACG-1,-0.33426463566051495
CXCR3-,HC,PST95809_PB,GSM4104141_CCTTCCCGTGAAAGAG-1,0.1351162179775172
CXCR3-,HC,PST95809_PB,GSM4104141_CCTTCGACATAGTAAG-1,-0.0836639931324625
CXCR3-,HC,PST95809_PB,GSM4104141_CGAATGTGTTGCCTCT-1,-0.10056797643315316
CXCR3-,HC,PST95809_PB,GSM4104141_CGACCTTGTTCCCGAG-1,-0.10056797643315316
CXCR3-,HC,PST95809_PB,GSM4104141_CGAGAAGGTATATGAG-1,-0.8131100424127743
CXCR3-,HC,PST95809_PB,GSM4104141_CGAGAAGTCCATGAGT-1,-0.10056797643315316
CXCR3-,HC,PST95809_PB,GSM4104141_CGATGGCCATTCCTGC-1,-0.39713475650740165
CXCR3-,HC,PST95809_PB,GSM4104141_CGATTGACAGCTCGAC-1,0.17957382852093579
CXCR3-,HC,PST95809_PB,GSM4104141_CGCGTTTAGCCTTGAT-1,-0.10056797643315316
CXCR3-,HC,PST95809_PB,GSM4104141_CGCTTCACAATGACCT-1,0.21575332373301936
CXCR3-,HC,PST95809_PB,GSM4104141_CGGACGTTCATAGCAC-1,-0.10056797643315316
CXCR3-,HC,PST95809_PB,GSM4104141_CGGACGTTCCGATATG-1,-0.563637789807762
CXCR3-,HC,PST95809_PB,GSM4104141_CGGAGCTAGTTGAGTA-1,-0.22637905741652942
CXCR3-,HC,PST95809_PB,GSM4104141_CGGGTCAAGACAGGCT-1,-0.10056797643315316
CXCR3-,HC,PST95809_PB,GSM4104141_CGGGTCAAGATATGGT-1,-0.10056797643315316
CXCR3+,HC,PST95809_PB,GSM4104141_CGTAGCGAGTCGTACT-1,-0.41278058597980244
CXCR3-,HC,PST95809_PB,GSM4104141_CGTCTACTCATAGCAC-1,-0.10056797643315316
CXCR3-,HC,PST95809_PB,GSM4104141_CGTCTACTCGCTGATA-1,-0.238712880116101
CXCR3-,HC,PST95809_PB,GSM4104141_CGTGAGCCATCTCCCA-1,-0.10056797643315316
CXCR3-,HC,PST95809_PB,GSM4104141_CGTGAGCTCATAGCAC-1,-0.3194368063021939
CXCR3-,HC,PST95809_PB,GSM4104141_CGTTCTGAGGTGCACA-1,-0.6524010336254474
CXCR3-,HC,PST95809_PB,GSM4104141_CTAAGACAGCTTCGCG-1,-0.10056797643315316
CXCR3-,HC,PST95809_PB,GSM4104141_CTACACCTCTTGCATT-1,-0.10056797643315316
CXCR3-,HC,PST95809_PB,GSM4104141_CTACATTGTCCAGTGC-1,-0.10056797643315316
CXCR3-,HC,PST95809_PB,GSM4104141_CTACCCATCGCGGATC-1,0.16729726104454976
CXCR3-,HC,PST95809_PB,GSM4104141_CTAGAGTAGCTCTCGG-1,-0.10056797643315316
CXCR3-,HC,PST95809_PB,GSM4104141_CTAGAGTCACGACGAA-1,0.3500234616187539
CXCR3-,HC,PST95809_PB,GSM4104141_CTAGCCTAGAGCTATA-1,-0.10056797643315316
CXCR3-,HC,PST95809_PB,GSM4104141_CTCACACTCGTTACAG-1,-0.10056797643315316
CXCR3-,HC,PST95809_PB,GSM4104141_CTCATTAAGTCTCAAC-1,-0.10056797643315316
CXCR3-,HC,PST95809_PB,GSM4104141_CTCGGAGCATCTCGCT-1,-0.10056797643315316
CXCR3-,HC,PST95809_PB,GSM4104141_CTCTAATAGTGCCATT-1,-0.10056797643315316
CXCR3-,HC,PST95809_PB,GSM4104141_CTCTACGGTGGTACAG-1,-0.10056797643315316
CXCR3-,HC,PST95809_PB,GSM4104141_CTGAAACCACCAGCAC-1,-0.10056797643315316
CXCR3-,HC,PST95809_PB,GSM4104141_CTGCTGTGTTGGTAAA-1,-0.10056797643315316
CXCR3-,HC,PST95809_PB,GSM4104141_CTGCTGTTCCCAAGAT-1,-0.10056797643315316
CXCR3-,HC,PST95809_PB,GSM4104141_CTGCTGTTCGCCGTGA-1,-0.10056797643315316
CXCR3-,HC,PST95809_PB,GSM4104141_CTTAACTTCTGTGCAA-1,0.1753843603787105
CXCR3-,HC,PST95809_PB,GSM4104141_CTTAGGAAGCGATATA-1,-0.2762334789231717
CXCR3-,HC,PST95809_PB,GSM4104141_CTTAGGATCCTTGACC-1,-0.4595194543984763
CXCR3-,HC,PST95809_PB,GSM4104141_CTTCTCTAGAAGGACA-1,-0.10056797643315316
CXCR3-,HC,PST95809_PB,GSM4104141_CTTCTCTAGGTAGCTG-1,0.20925133589374312
CXCR3-,HC,PST95809_PB,GSM4104141_CTTGGCTAGAGCCTAG-1,-0.40650164316800946
CXCR3-,HC,PST95809_PB,GSM4104141_CTTGGCTTCTATCCCG-1,0.12636055564553156
CXCR3-,HC,PST95809_PB,GSM4104141_GAATGAACACCCAGTG-1,-0.8690378682070833
CXCR3-,HC,PST95809_PB,GSM4104141_GAATGAAGTGCCTGGT-1,-0.10056797643315316
CXCR3-,HC,PST95809_PB,GSM4104141_GACAGAGGTGTTTGGT-1,-0.10056797643315316
CXCR3-,HC,PST95809_PB,GSM4104141_GACTACATCTGTGCAA-1,-0.2335755460805873
CXCR3-,HC,PST95809_PB,GSM4104141_GAGCAGAGTTATGCGT-1,-0.5100362965513228
CXCR3-,HC,PST95809_PB,GSM4104141_GAGGTGACACGCCAGT-1,-0.10056797643315316
CXCR3-,HC,PST95809_PB,GSM4104141_GAGTCCGAGAAACCTA-1,-0.10056797643315316
CXCR3-,HC,PST95809_PB,GSM4104141_GATCAGTCAAGTAGTA-1,-0.10056797643315316
CXCR3-,HC,PST95809_PB,GSM4104141_GATCGATGTACAAGTA-1,-0.10056797643315316
CXCR3-,HC,PST95809_PB,GSM4104141_GATCGCGAGAGCCTAG-1,-0.10056797643315316
CXCR3-,HC,PST95809_PB,GSM4104141_GATCGCGCACTTCTGC-1,-0.02987598628355889
CXCR3-,HC,PST95809_PB,GSM4104141_GATCTAGAGTCTCAAC-1,-0.10056797643315316
CXCR3-,HC,PST95809_PB,GSM4104141_GCAATCATCATCGGAT-1,-0.10056797643315316
CXCR3-,HC,PST95809_PB,GSM4104141_GCACATAAGTATTGGA-1,-0.10056797643315316
CXCR3-,HC,PST95809_PB,GSM4104141_GCACTCTCAGGATCGA-1,0.49847473029788253
CXCR3-,HC,PST95809_PB,GSM4104141_GCACTCTTCGCCAGCA-1,-0.10056797643315316
CXCR3-,HC,PST95809_PB,GSM4104141_GCACTCTTCTGTACGA-1,-0.2232563176354719
CXCR3-,HC,PST95809_PB,GSM4104141_GCAGCCACAAGCTGTT-1,-0.10056797643315316
CXCR3-,HC,PST95809_PB,GSM4104141_GCAGTTAAGAAACCGC-1,-0.10056797643315316
CXCR3-,HC,PST95809_PB,GSM4104141_GCATACAAGCGTGAAC-1,-0.10056797643315316
CXCR3-,HC,PST95809_PB,GSM4104141_GCATACATCCTCATTA-1,-0.10056797643315316
CXCR3-,HC,PST95809_PB,GSM4104141_GCATACATCGATAGAA-1,-0.10056797643315316
CXCR3-,HC,PST95809_PB,GSM4104141_GCCTCTACACAGCGTC-1,-0.3170911350489098
CXCR3-,HC,PST95809_PB,GSM4104141_GCGAGAAAGCCATCGC-1,-0.10056797643315316
CXCR3-,HC,PST95809_PB,GSM4104141_GCGAGAAAGGGCTTGA-1,-0.10056797643315316
CXCR3-,HC,PST95809_PB,GSM4104141_GCGCGATCACCCTATC-1,-0.10056797643315316
CXCR3-,HC,PST95809_PB,GSM4104141_GCGGGTTCAAAGGTGC-1,-0.10056797643315316
CXCR3+,HC,PST95809_PB,GSM4104141_GCTCCTATCAACACCA-1,-0.23118738265623204
CXCR3-,HC,PST95809_PB,GSM4104141_GCTCTGTCAATGGACG-1,-0.32860091986015166
CXCR3-,HC,PST95809_PB,GSM4104141_GCTGCGATCACGACTA-1,-0.10056797643315316
CXCR3-,HC,PST95809_PB,GSM4104141_GCTGCTTGTAACGTTC-1,-0.10056797643315316
CXCR3-,HC,PST95809_PB,GSM4104141_GCTGCTTGTCAGTGGA-1,-0.2268214178390422
CXCR3-,HC,PST95809_PB,GSM4104141_GCTGGGTCAATTCCTT-1,-0.10056797643315316
CXCR3-,HC,PST95809_PB,GSM4104141_GCTTCCAGTTGTGGCC-1,0.27738742478354944
CXCR3-,HC,PST95809_PB,GSM4104141_GGAAAGCCATTATCTC-1,-0.23626242382701987
CXCR3-,HC,PST95809_PB,GSM4104141_GGACAAGGTTCTGGTA-1,0.34593284682140923
CXCR3-,HC,PST95809_PB,GSM4104141_GGAGCAAGTCGAGATG-1,-0.10056797643315316
CXCR3-,HC,PST95809_PB,GSM4104141_GGAGCAATCCAAACAC-1,-0.10056797643315316
CXCR3-,HC,PST95809_PB,GSM4104141_GGCAATTCACACATGT-1,-0.10056797643315316
CXCR3-,HC,PST95809_PB,GSM4104141_GGCCGATCATATGGTC-1,-0.10056797643315316
CXCR3-,HC,PST95809_PB,GSM4104141_GGCGACTGTGTGGCTC-1,0.23775808564653086
CXCR3-,HC,PST95809_PB,GSM4104141_GGGAATGCATGTAGTC-1,-0.3966559788452394
CXCR3-,HC,PST95809_PB,GSM4104141_GGGAATGGTTTGTTGG-1,-0.2447605055066655
CXCR3-,HC,PST95809_PB,GSM4104141_GGGACCTGTGAGTATA-1,0.13959934067961552
CXCR3-,HC,PST95809_PB,GSM4104141_GGGAGATCATGCCTAA-1,0.4024448597454845
CXCR3-,HC,PST95809_PB,GSM4104141_GGGAGATTCGGAGCAA-1,-0.29359731237330294
CXCR3-,HC,PST95809_PB,GSM4104141_GGGATGACAGCTCGCA-1,-0.12001614419728744
CXCR3-,HC,PST95809_PB,GSM4104141_GGGCACTTCAGGTAAA-1,-0.10056797643315316
CXCR3-,HC,PST95809_PB,GSM4104141_GGGTCTGCATCTGGTA-1,-0.10056797643315316
CXCR3-,HC,PST95809_PB,GSM4104141_GGGTTGCCAAGCCGTC-1,0.41878643788540426
CXCR3-,HC,PST95809_PB,GSM4104141_GGTGAAGCATACAGCT-1,-0.39721908915699455
CXCR3-,HC,PST95809_PB,GSM4104141_GGTGTTAAGGATGGTC-1,-0.020891508784305488
CXCR3-,HC,PST95809_PB,GSM4104141_GGTGTTATCTTACCGC-1,-0.10056797643315316
CXCR3-,HC,PST95809_PB,GSM4104141_GTACTCCTCTGCAGTA-1,-0.4041933586994078
CXCR3-,HC,PST95809_PB,GSM4104141_GTACTTTGTCCAGTTA-1,-0.25704793465220244
CXCR3-,HC,PST95809_PB,GSM4104141_GTCAAGTGTCAGCTAT-1,-0.23332601033592523
CXCR3+,HC,PST95809_PB,GSM4104141_GTCATTTCAAAGAATC-1,-0.254769327231967
CXCR3-,HC,PST95809_PB,GSM4104141_GTCCTCAAGCGATCCC-1,-0.10056797643315316
CXCR3-,HC,PST95809_PB,GSM4104141_GTCTCGTTCCCTCAGT-1,-0.10056797643315316
CXCR3-,HC,PST95809_PB,GSM4104141_GTCTCGTTCCTCAATT-1,-0.10056797643315316
CXCR3-,HC,PST95809_PB,GSM4104141_GTGAAGGAGGTACTCT-1,0.48345870061022994
CXCR3-,HC,PST95809_PB,GSM4104141_GTGAAGGCAGACGCAA-1,-0.2533241056465937
CXCR3-,HC,PST95809_PB,GSM4104141_GTGAAGGCAGTTCCCT-1,-0.3528194005530336
CXCR3+,HC,PST95809_PB,GSM4104141_GTGCATACAAACAACA-1,-0.39333414663423455
CXCR3-,HC,PST95809_PB,GSM4104141_GTGCATAGTCTAGTGT-1,-0.10056797643315316
CXCR3-,HC,PST95809_PB,GSM4104141_GTGCTTCAGGATTCGG-1,-0.22728597619052446
CXCR3-,HC,PST95809_PB,GSM4104141_GTGCTTCAGTTTAGGA-1,-0.10056797643315316
CXCR3-,HC,PST95809_PB,GSM4104141_GTGGGTCTCTCGAGTA-1,0.22288744101057537
CXCR3-,HC,PST95809_PB,GSM4104141_GTGTGCGTCGACGGAA-1,-0.10056797643315316
CXCR3-,HC,PST95809_PB,GSM4104141_GTTACAGAGAGAGCTC-1,-0.10056797643315316
CXCR3-,HC,PST95809_PB,GSM4104141_GTTACAGTCAGCGATT-1,-0.2706490840037435
CXCR3-,HC,PST95809_PB,GSM4104141_GTTCATTGTCAGCTAT-1,0.11578359239503581
CXCR3+,HC,PST95809_PB,GSM4104141_TAAACCGTCTTGCAAG-1,-0.7303432163493478
CXCR3-,HC,PST95809_PB,GSM4104141_TAAGCGTGTTTGACTG-1,-0.10056797643315316
CXCR3-,HC,PST95809_PB,GSM4104141_TAAGCGTTCTTTACAC-1,-0.10056797643315316
CXCR3-,HC,PST95809_PB,GSM4104141_TAAGTGCTCGAATGCT-1,-0.10056797643315316
CXCR3-,HC,PST95809_PB,GSM4104141_TACACGAAGAGACTAT-1,-0.10056797643315316
CXCR3-,HC,PST95809_PB,GSM4104141_TACAGTGTCTCTTGAT-1,-0.023521662957688254
CXCR3-,HC,PST95809_PB,GSM4104141_TACCTTAGTGTTTGTG-1,0.2833917714005655
CXCR3-,HC,PST95809_PB,GSM4104141_TACGGATCAGCTCGCA-1,-0.10056797643315316
CXCR3-,HC,PST95809_PB,GSM4104141_TACGGTACACGGTTTA-1,-0.10056797643315316
CXCR3-,HC,PST95809_PB,GSM4104141_TACTCATTCCTGCTTG-1,-0.10056797643315316
CXCR3-,HC,PST95809_PB,GSM4104141_TACTTGTGTGTTGAGG-1,-0.10056797643315316
CXCR3-,HC,PST95809_PB,GSM4104141_TAGACCAAGAAGGACA-1,-0.2501389849632393
CXCR3-,HC,PST95809_PB,GSM4104141_TAGACCAGTAACGACG-1,-0.10056797643315316
CXCR3-,HC,PST95809_PB,GSM4104141_TAGAGCTCACAAGTAA-1,-0.10056797643315316
CXCR3-,HC,PST95809_PB,GSM4104141_TAGCCGGCATGGAATA-1,-0.10056797643315316
CXCR3-,HC,PST95809_PB,GSM4104141_TAGCCGGTCCCAGGTG-1,-0.37012524242649103
CXCR3-,HC,PST95809_PB,GSM4104141_TAGTTGGAGATGAGAG-1,-0.10056797643315316
CXCR3-,HC,PST95809_PB,GSM4104141_TATCTCAAGGTCATCT-1,-0.10056797643315316
CXCR3-,HC,PST95809_PB,GSM4104141_TATGCCCCAAGCTGGA-1,-0.10056797643315316
CXCR3+,HC,PST95809_PB,GSM4104141_TATTACCGTACGAAAT-1,0.01371205015120209
CXCR3-,HC,PST95809_PB,GSM4104141_TCACAAGAGAAACCAT-1,-0.10056797643315316
CXCR3-,HC,PST95809_PB,GSM4104141_TCACAAGTCATGCAAC-1,-0.10056797643315316
CXCR3-,HC,PST95809_PB,GSM4104141_TCACGAATCACAAACC-1,-0.10056797643315316
CXCR3-,HC,PST95809_PB,GSM4104141_TCAGCTCCATACTACG-1,-0.10056797643315316
CXCR3-,HC,PST95809_PB,GSM4104141_TCAGGATAGCCCGAAA-1,-0.10056797643315316
CXCR3+,HC,PST95809_PB,GSM4104141_TCATTACAGATACACA-1,0.3304979613926549
CXCR3-,HC,PST95809_PB,GSM4104141_TCCACACTCAACGGGA-1,-0.10056797643315316
CXCR3-,HC,PST95809_PB,GSM4104141_TCGCGAGAGGGTCGAT-1,0.24544462420346283
CXCR3+,HC,PST95809_PB,GSM4104141_TCGCGAGCAAACCTAC-1,-0.793551660555139
CXCR3-,HC,PST95809_PB,GSM4104141_TCGCGTTAGGTCGGAT-1,-0.39768428880586504
CXCR3-,HC,PST95809_PB,GSM4104141_TCTCATAAGCTCCTCT-1,-0.10056797643315316
CXCR3-,HC,PST95809_PB,GSM4104141_TCTGAGATCAGCTCTC-1,-0.2929304109096315
CXCR3-,HC,PST95809_PB,GSM4104141_TCTGGAAAGACCGGAT-1,-0.10056797643315316
CXCR3-,HC,PST95809_PB,GSM4104141_TGACAACTCGTACCGG-1,-0.5590374948827581
CXCR3-,HC,PST95809_PB,GSM4104141_TGACGGCAGTGTACCT-1,-0.9181389753859397
CXCR3-,HC,PST95809_PB,GSM4104141_TGACGGCTCCAAACAC-1,-0.10056797643315316
CXCR3-,HC,PST95809_PB,GSM4104141_TGACTAGCAAACAACA-1,0.5698603838152738
CXCR3-,HC,PST95809_PB,GSM4104141_TGACTTTTCTCTTGAT-1,-0.10056797643315316
CXCR3-,HC,PST95809_PB,GSM4104141_TGAGAGGCAGTCACTA-1,-0.08681788566827431
CXCR3-,HC,PST95809_PB,GSM4104141_TGAGAGGGTCCAGTAT-1,0.1447042925728363
CXCR3-,HC,PST95809_PB,GSM4104141_TGAGAGGTCAATAAGG-1,-0.10056797643315316
CXCR3-,HC,PST95809_PB,GSM4104141_TGATTTCTCGATAGAA-1,-0.10056797643315316
CXCR3-,HC,PST95809_PB,GSM4104141_TGCACCTAGCTAGTCT-1,-0.3449707572452173
CXCR3-,HC,PST95809_PB,GSM4104141_TGCACCTGTGGCTCCA-1,-0.32803662946887907
CXCR3-,HC,PST95809_PB,GSM4104141_TGCGTGGGTTTGACAC-1,-0.22395459467899959
CXCR3-,HC,PST95809_PB,GSM4104141_TGGCCAGGTTTCGCTC-1,-0.10056797643315316
CXCR3+,HC,PST95809_PB,GSM4104141_TGGGAAGGTCTGGTCG-1,-0.6276243297299201
CXCR3-,HC,PST95809_PB,GSM4104141_TGTCCCAGTCGAGATG-1,-0.10056797643315316
CXCR3-,HC,PST95809_PB,GSM4104141_TGTGGTACAGCTCGCA-1,-0.10056797643315316
CXCR3-,HC,PST95809_PB,GSM4104141_TGTGTTTGTGATAAGT-1,0.6480513799709884
CXCR3-,HC,PST95809_PB,GSM4104141_TGTTCCGAGGGATCTG-1,-0.10056797643315316
CXCR3-,HC,PST95809_PB,GSM4104141_TTAGGACAGTACGACG-1,-0.10056797643315316
CXCR3-,HC,PST95809_PB,GSM4104141_TTAGTTCGTGGTCTCG-1,0.21742570284230128
CXCR3-,HC,PST95809_PB,GSM4104141_TTATGCTAGATCGATA-1,-1.0055898059881319
CXCR3-,HC,PST95809_PB,GSM4104141_TTCCCAGAGCATGGCA-1,-0.10056797643315316
CXCR3-,HC,PST95809_PB,GSM4104141_TTCCCAGTCCACTCCA-1,-0.10056797643315316
CXCR3-,HC,PST95809_PB,GSM4104141_TTCGAAGCAAGCCATT-1,-0.10056797643315316
CXCR3-,HC,PST95809_PB,GSM4104141_TTCGGTCAGATGAGAG-1,-0.35952948958087777
CXCR3-,HC,PST95809_PB,GSM4104141_TTCGGTCAGCGAAGGG-1,-0.041303960928672646
CXCR3-,HC,PST95809_PB,GSM4104141_TTCGGTCTCGTACGGC-1,-0.71233445898762
CXCR3-,HC,PST95809_PB,GSM4104141_TTCTCAAAGTTGAGTA-1,-0.4099866250666549
CXCR3-,HC,PST95809_PB,GSM4104141_TTGACTTGTACATCCA-1,-0.10056797643315316
CXCR3-,HC,PST95809_PB,GSM4104141_TTGACTTTCCTCGCAT-1,-0.10056797643315316
CXCR3-,HC,PST95809_PB,GSM4104141_TTGCGTCGTTAAGATG-1,-0.2240249135815688
CXCR3-,HC,PST95809_PB,GSM4104141_TTGTAGGGTTGCCTCT-1,-0.10056797643315316
CXCR3-,HC,PST95809_PB,GSM4104141_TTTACTGCAGTCGTGC-1,-0.2894719171706515
CXCR3-,HC,PST95809_PB,GSM4104141_TTTACTGGTAGAGGAA-1,-0.7038307319424403
CXCR3-,HC,PST95809_PB,GSM4104141_TTTGCGCGTCGCTTCT-1,-0.10056797643315316
CXCR3-,HC,PTC32190_PB,GSM4104140_AAACCTGTCAACACAC-1,-0.10056797643315316
CXCR3-,HC,PTC32190_PB,GSM4104140_AAACCTGTCGCGTTTC-1,-0.10056797643315316
CXCR3-,HC,PTC32190_PB,GSM4104140_AAAGCAACAGGATCGA-1,-0.10056797643315316
CXCR3-,HC,PTC32190_PB,GSM4104140_AAAGTAGGTCTTCGTC-1,-0.10056797643315316
CXCR3-,HC,PTC32190_PB,GSM4104140_AAAGTAGTCAAACAAG-1,0.15668583963561547
CXCR3-,HC,PTC32190_PB,GSM4104140_AAATGCCAGGACCACA-1,-0.10056797643315316
CXCR3-,HC,PTC32190_PB,GSM4104140_AACCGCGCAGTTTACG-1,-0.015166194933550712
CXCR3-,HC,PTC32190_PB,GSM4104140_AACTCCCAGCCGGTAA-1,-0.10056797643315316
CXCR3-,HC,PTC32190_PB,GSM4104140_AACTCCCTCTGCCCTA-1,-0.10056797643315316
CXCR3-,HC,PTC32190_PB,GSM4104140_AAGGAGCCAAGTCTAC-1,0.18451592519601892
CXCR3-,HC,PTC32190_PB,GSM4104140_AAGGCAGTCACTTATC-1,-0.10056797643315316
CXCR3-,HC,PTC32190_PB,GSM4104140_AAGGTTCGTCACCTAA-1,-0.2364372574888556
CXCR3-,HC,PTC32190_PB,GSM4104140_AATCCAGAGCTATGCT-1,-0.10056797643315316
CXCR3-,HC,PTC32190_PB,GSM4104140_ACACCAAAGACTGTAA-1,-0.10056797643315316
CXCR3-,HC,PTC32190_PB,GSM4104140_ACACCCTAGCTAGTCT-1,0.3296590959097962
CXCR3-,HC,PTC32190_PB,GSM4104140_ACACCCTAGGATTCGG-1,-0.10056797643315316
CXCR3-,HC,PTC32190_PB,GSM4104140_ACACCCTTCGGTCCGA-1,0.5175535712492408
CXCR3-,HC,PTC32190_PB,GSM4104140_ACACCGGCAAGAAGAG-1,0.2808978090580089
CXCR3-,HC,PTC32190_PB,GSM4104140_ACACCGGCAAGACGTG-1,-0.10056797643315316
CXCR3-,HC,PTC32190_PB,GSM4104140_ACACCGGGTACAGTGG-1,-0.16579570349784717
CXCR3-,HC,PTC32190_PB,GSM4104140_ACAGCCGGTACGACCC-1,-0.10056797643315316
CXCR3-,HC,PTC32190_PB,GSM4104140_ACAGCCGGTATTCTCT-1,-0.10056797643315316
CXCR3-,HC,PTC32190_PB,GSM4104140_ACATCAGGTGTGGTTT-1,-0.10056797643315316
CXCR3-,HC,PTC32190_PB,GSM4104140_ACATGGTTCCTTTCGG-1,-0.10056797643315316
CXCR3-,HC,PTC32190_PB,GSM4104140_ACCAGTAGTATCTGCA-1,-0.10056797643315316
CXCR3-,HC,PTC32190_PB,GSM4104140_ACCGTAATCTCCAACC-1,-0.10056797643315316
CXCR3-,HC,PTC32190_PB,GSM4104140_ACGAGCCAGTTGTAGA-1,-0.10056797643315316
CXCR3-,HC,PTC32190_PB,GSM4104140_ACGAGCCGTAGCTCCG-1,-0.10056797643315316
CXCR3-,HC,PTC32190_PB,GSM4104140_ACGAGCCTCTTGCCGT-1,-0.10056797643315316
CXCR3-,HC,PTC32190_PB,GSM4104140_ACGCCAGCAAAGGAAG-1,-0.29380370963345104
CXCR3-,HC,PTC32190_PB,GSM4104140_ACGCCAGCAATGTTGC-1,-0.10056797643315316
CXCR3-,HC,PTC32190_PB,GSM4104140_ACGCCAGCATCAGTAC-1,-0.10056797643315316
CXCR3-,HC,PTC32190_PB,GSM4104140_ACGCCGAGTTGCCTCT-1,-1.1094627260590264
CXCR3-,HC,PTC32190_PB,GSM4104140_ACGGAGATCACCTTAT-1,-0.10056797643315316
CXCR3-,HC,PTC32190_PB,GSM4104140_ACGGAGATCTGGCGTG-1,-0.10056797643315316
CXCR3-,HC,PTC32190_PB,GSM4104140_ACGGCCAAGCAATATG-1,-0.10056797643315316
CXCR3-,HC,PTC32190_PB,GSM4104140_ACGGGCTGTGATAAAC-1,-0.10056797643315316
CXCR3-,HC,PTC32190_PB,GSM4104140_ACGGGTCTCCTGTACC-1,-0.10056797643315316
CXCR3-,HC,PTC32190_PB,GSM4104140_ACTATCTCAAACTGCT-1,-0.10056797643315316
CXCR3-,HC,PTC32190_PB,GSM4104140_ACTATCTTCCGCATCT-1,0.11760660864758257
CXCR3-,HC,PTC32190_PB,GSM4104140_ACTGAACAGAAACGAG-1,-0.2155100818317838
CXCR3-,HC,PTC32190_PB,GSM4104140_ACTGAACAGGAATCGC-1,-0.2435412528236818
CXCR3-,HC,PTC32190_PB,GSM4104140_ACTGAACCAAAGTCAA-1,0.2143875503762826
CXCR3-,HC,PTC32190_PB,GSM4104140_ACTGAACGTCTCCATC-1,-0.10056797643315316
CXCR3-,HC,PTC32190_PB,GSM4104140_ACTGTCCGTGTTGAGG-1,-0.28072931748889013
CXCR3-,HC,PTC32190_PB,GSM4104140_ACTTTCATCTTCGGTC-1,-0.5199087223959885
CXCR3-,HC,PTC32190_PB,GSM4104140_AGAATAGCAGTACACT-1,-0.10056797643315316
CXCR3-,HC,PTC32190_PB,GSM4104140_AGAGCTTAGGGATCTG-1,-0.10056797643315316
CXCR3-,HC,PTC32190_PB,GSM4104140_AGAGTGGCAAACCTAC-1,-0.10056797643315316
CXCR3-,HC,PTC32190_PB,GSM4104140_AGATCTGAGAGTACCG-1,-0.10056797643315316
CXCR3-,HC,PTC32190_PB,GSM4104140_AGATCTGGTCGCCATG-1,-0.10056797643315316
CXCR3-,HC,PTC32190_PB,GSM4104140_AGATTGCTCAGCCTAA-1,-0.10056797643315316
CXCR3-,HC,PTC32190_PB,GSM4104140_AGCAGCCCACATTCGA-1,-0.10056797643315316
CXCR3-,HC,PTC32190_PB,GSM4104140_AGCATACCACTTCTGC-1,-0.10056797643315316
CXCR3-,HC,PTC32190_PB,GSM4104140_AGCATACCAGTCAGAG-1,-0.10056797643315316
CXCR3-,HC,PTC32190_PB,GSM4104140_AGCATACTCCAGTAGT-1,0.37941367454352537
CXCR3-,HC,PTC32190_PB,GSM4104140_AGCCTAAAGCGGCTTC-1,-0.10056797643315316
CXCR3-,HC,PTC32190_PB,GSM4104140_AGCGGTCAGAACAATC-1,-0.10056797643315316
CXCR3-,HC,PTC32190_PB,GSM4104140_AGCGGTCCAAAGTCAA-1,-0.10056797643315316
CXCR3+,HC,PTC32190_PB,GSM4104140_AGCGGTCTCCTGCAGG-1,-0.004264306121619733
CXCR3-,HC,PTC32190_PB,GSM4104140_AGCGTATGTGAGGCTA-1,-0.10056797643315316
CXCR3-,HC,PTC32190_PB,GSM4104140_AGCGTCGGTTCAACCA-1,-0.10056797643315316
CXCR3-,HC,PTC32190_PB,GSM4104140_AGCTCTCGTTGACGTT-1,-0.10056797643315316
CXCR3-,HC,PTC32190_PB,GSM4104140_AGCTTGACAAATCCGT-1,-0.23778765304494637
CXCR3-,HC,PTC32190_PB,GSM4104140_AGCTTGACAGACTCGC-1,-0.10056797643315316
CXCR3-,HC,PTC32190_PB,GSM4104140_AGGCCACGTATGCTTG-1,-0.2372859492972373
CXCR3-,HC,PTC32190_PB,GSM4104140_AGGCCGTAGGATGCGT-1,-0.10056797643315316
CXCR3-,HC,PTC32190_PB,GSM4104140_AGGGAGTCAAAGGCGT-1,0.19534675642957433
CXCR3+,HC,PTC32190_PB,GSM4104140_AGGGATGCATAGGATA-1,0.5285035700154143
CXCR3-,HC,PTC32190_PB,GSM4104140_AGGGTGAAGGATATAC-1,-0.10056797643315316
CXCR3-,HC,PTC32190_PB,GSM4104140_AGGGTGAGTCCTAGCG-1,-0.10056797643315316
CXCR3-,HC,PTC32190_PB,GSM4104140_AGGTCCGAGACTTTCG-1,-1.438154710697074
CXCR3-,HC,PTC32190_PB,GSM4104140_AGTAGTCCATACTACG-1,-0.2646746447972033
CXCR3-,HC,PTC32190_PB,GSM4104140_AGTAGTCGTGCATCTA-1,-0.10056797643315316
CXCR3-,HC,PTC32190_PB,GSM4104140_AGTGGGATCACAGGCC-1,-0.10056797643315316
CXCR3-,HC,PTC32190_PB,GSM4104140_AGTGGGATCTATGTGG-1,0.2119740589509214
CXCR3-,HC,PTC32190_PB,GSM4104140_AGTTGGTAGCTTCGCG-1,0.00797206050631202
CXCR3-,HC,PTC32190_PB,GSM4104140_AGTTGGTGTCTGATCA-1,-0.10056797643315316
CXCR3-,HC,PTC32190_PB,GSM4104140_ATAAGAGTCAGGCAAG-1,-0.10056797643315316
CXCR3-,HC,PTC32190_PB,GSM4104140_ATAGACCTCTGAAAGA-1,-0.10056797643315316
CXCR3-,HC,PTC32190_PB,GSM4104140_ATCACGAGTCAGAATA-1,0.15554565487117497
CXCR3-,HC,PTC32190_PB,GSM4104140_ATCATGGGTTCTGTTT-1,-0.10056797643315316
CXCR3-,HC,PTC32190_PB,GSM4104140_ATCCACCGTTGGGACA-1,0.12556995849385755
CXCR3-,HC,PTC32190_PB,GSM4104140_ATCCGAACATTCTTAC-1,-0.10056797643315316
CXCR3-,HC,PTC32190_PB,GSM4104140_ATGGGAGAGTGGTAAT-1,-0.10056797643315316
CXCR3-,HC,PTC32190_PB,GSM4104140_ATGGGAGGTGACGCCT-1,-0.10056797643315316
CXCR3-,HC,PTC32190_PB,GSM4104140_ATTACTCTCTGTTGAG-1,-0.10056797643315316
CXCR3-,HC,PTC32190_PB,GSM4104140_ATTGGACAGCAATATG-1,-0.10056797643315316
CXCR3-,HC,PTC32190_PB,GSM4104140_ATTGGACCATAGACTC-1,-0.08698750163840259
CXCR3-,HC,PTC32190_PB,GSM4104140_ATTGGTGCAATAACGA-1,-0.10056797643315316
CXCR3-,HC,PTC32190_PB,GSM4104140_CAACCAAAGGCTCATT-1,-0.10056797643315316
CXCR3-,HC,PTC32190_PB,GSM4104140_CAACCAATCTGTCAAG-1,-0.10056797643315316
CXCR3-,HC,PTC32190_PB,GSM4104140_CAACCTCTCAACGAAA-1,-0.2252885008918655
CXCR3-,HC,PTC32190_PB,GSM4104140_CAACTAGGTCAGAATA-1,-0.7669762966652518
CXCR3-,HC,PTC32190_PB,GSM4104140_CAAGATCCAAAGCAAT-1,0.18910712773614607
CXCR3+,HC,PTC32190_PB,GSM4104140_CAAGATCCAATCTACG-1,0.06664070936755871
CXCR3-,HC,PTC32190_PB,GSM4104140_CAAGGCCCATGCTGGC-1,-0.10056797643315316
CXCR3-,HC,PTC32190_PB,GSM4104140_CACACCTTCTGGAGCC-1,-0.10056797643315316
CXCR3-,HC,PTC32190_PB,GSM4104140_CACATTTCACGGCCAT-1,0.09742421995508281
CXCR3-,HC,PTC32190_PB,GSM4104140_CACCAGGGTTGTTTGG-1,-0.10056797643315316
CXCR3-,HC,PTC32190_PB,GSM4104140_CACCTTGAGGATGGAA-1,-0.10056797643315316
CXCR3+,HC,PTC32190_PB,GSM4104140_CACCTTGCAATCACAC-1,-0.10056797643315316
CXCR3-,HC,PTC32190_PB,GSM4104140_CACCTTGGTAAATACG-1,-0.10056797643315316
CXCR3-,HC,PTC32190_PB,GSM4104140_CACCTTGTCACTCCTG-1,-0.10056797643315316
CXCR3-,HC,PTC32190_PB,GSM4104140_CACTCCATCCATGCTC-1,0.09417922400673498
CXCR3-,HC,PTC32190_PB,GSM4104140_CAGAGAGGTAGCCTCG-1,-0.10056797643315316
CXCR3-,HC,PTC32190_PB,GSM4104140_CAGATCACACCTCGTT-1,-0.10056797643315316
CXCR3-,HC,PTC32190_PB,GSM4104140_CAGCAGCAGGTAGCCA-1,-0.1862200073666171
CXCR3-,HC,PTC32190_PB,GSM4104140_CAGCATATCGGTGTTA-1,-0.246004412109701
CXCR3-,HC,PTC32190_PB,GSM4104140_CAGCCGATCCGAATGT-1,-0.10056797643315316
CXCR3-,HC,PTC32190_PB,GSM4104140_CAGCTAAAGCGTCTAT-1,-0.10056797643315316
CXCR3-,HC,PTC32190_PB,GSM4104140_CAGCTGGCATGTAAGA-1,-0.10056797643315316
CXCR3-,HC,PTC32190_PB,GSM4104140_CAGTAACTCCAGTAGT-1,0.41807778962869696
CXCR3-,HC,PTC32190_PB,GSM4104140_CATATGGCAAGCGATG-1,-0.10056797643315316
CXCR3-,HC,PTC32190_PB,GSM4104140_CATCAGAAGGCCATAG-1,-0.10056797643315316
CXCR3-,HC,PTC32190_PB,GSM4104140_CATCAGAGTACCATCA-1,-0.2657686296122743
CXCR3-,HC,PTC32190_PB,GSM4104140_CATCCACCAGGGAGAG-1,-0.10056797643315316
CXCR3-,HC,PTC32190_PB,GSM4104140_CATCGGGTCCGGCACA-1,-0.10056797643315316
CXCR3-,HC,PTC32190_PB,GSM4104140_CATGACAAGTACTTGC-1,-0.27262117433597494
CXCR3-,HC,PTC32190_PB,GSM4104140_CATGCCTGTAGCAAAT-1,-0.10056797643315316
CXCR3-,HC,PTC32190_PB,GSM4104140_CATGGCGGTCTCTCTG-1,-0.34597728003991834
CXCR3-,HC,PTC32190_PB,GSM4104140_CCACCTAGTTGGGACA-1,-0.373075346809365
CXCR3-,HC,PTC32190_PB,GSM4104140_CCACTACCAAACCCAT-1,-0.10056797643315316
CXCR3-,HC,PTC32190_PB,GSM4104140_CCACTACTCTTCAACT-1,-0.10056797643315316
CXCR3-,HC,PTC32190_PB,GSM4104140_CCCAATCGTATATGGA-1,-0.4572929947478374
CXCR3-,HC,PTC32190_PB,GSM4104140_CCCATACTCTTGAGGT-1,0.21135889729493304
CXCR3-,HC,PTC32190_PB,GSM4104140_CCGTACTAGTCCCACG-1,0.023765125747782525
CXCR3-,HC,PTC32190_PB,GSM4104140_CCGTTCACAGTTCATG-1,-0.03691124692014679
CXCR3-,HC,PTC32190_PB,GSM4104140_CCTAAAGGTCAGATAA-1,-0.10056797643315316
CXCR3-,HC,PTC32190_PB,GSM4104140_CCTAAAGTCAACACTG-1,-0.10056797643315316
CXCR3-,HC,PTC32190_PB,GSM4104140_CCTACACAGAAACGAG-1,0.2125552958725684
CXCR3-,HC,PTC32190_PB,GSM4104140_CCTACCAGTCAGATAA-1,-0.10056797643315316
CXCR3-,HC,PTC32190_PB,GSM4104140_CCTCAGTGTTTGGCGC-1,-0.5644948507296293
CXCR3-,HC,PTC32190_PB,GSM4104140_CCTCTGACACTGTTAG-1,-0.10056797643315316
CXCR3-,HC,PTC32190_PB,GSM4104140_CCTTACGGTTATCACG-1,-0.10056797643315316
CXCR3-,HC,PTC32190_PB,GSM4104140_CCTTACGGTTTGCATG-1,-0.10056797643315316
CXCR3-,HC,PTC32190_PB,GSM4104140_CCTTCCCCATCCGTGG-1,-0.706686159607507
CXCR3-,HC,PTC32190_PB,GSM4104140_CGAACATGTGTTCGAT-1,-0.10056797643315316
CXCR3-,HC,PTC32190_PB,GSM4104140_CGAACATTCACTATTC-1,-0.3186063830133841
CXCR3-,HC,PTC32190_PB,GSM4104140_CGATGGCCACCACGTG-1,-0.10056797643315316
CXCR3-,HC,PTC32190_PB,GSM4104140_CGATGGCCAGTCAGAG-1,-0.10056797643315316
CXCR3-,HC,PTC32190_PB,GSM4104140_CGATGGCGTGGCTCCA-1,-1.0758773454747377
CXCR3-,HC,PTC32190_PB,GSM4104140_CGATGTAGTGTGTGCC-1,-0.10056797643315316
CXCR3-,HC,PTC32190_PB,GSM4104140_CGATTGACAAGCTGGA-1,-0.22177325502847767
CXCR3-,HC,PTC32190_PB,GSM4104140_CGATTGACACCCAGTG-1,-0.10056797643315316
CXCR3-,HC,PTC32190_PB,GSM4104140_CGCGTTTCAAGACGTG-1,-0.10056797643315316
CXCR3-,HC,PTC32190_PB,GSM4104140_CGCGTTTCATCGGACC-1,-0.6367661561051631
CXCR3-,HC,PTC32190_PB,GSM4104140_CGCTATCCATAAAGGT-1,-0.10056797643315316
CXCR3-,HC,PTC32190_PB,GSM4104140_CGCTATCCATTTGCTT-1,-0.10056797643315316
CXCR3-,HC,PTC32190_PB,GSM4104140_CGCTTCATCAGATAAG-1,-0.31857575228032575
CXCR3-,HC,PTC32190_PB,GSM4104140_CGGACACCAAAGCAAT-1,-0.3170911350489098
CXCR3-,HC,PTC32190_PB,GSM4104140_CGGACGTCATTACCTT-1,-0.10056797643315316
CXCR3-,HC,PTC32190_PB,GSM4104140_CGTAGGCAGATCGATA-1,-0.5070320396680961
CXCR3-,HC,PTC32190_PB,GSM4104140_CGTAGGCAGCGCTTAT-1,-0.10056797643315316
CXCR3-,HC,PTC32190_PB,GSM4104140_CGTCACTTCCTTTCTC-1,-0.10056797643315316
CXCR3-,HC,PTC32190_PB,GSM4104140_CGTGTCTAGATGCCTT-1,-0.10056797643315316
CXCR3-,HC,PTC32190_PB,GSM4104140_CGTTCTGTCAAGCCTA-1,-0.10056797643315316
CXCR3-,HC,PTC32190_PB,GSM4104140_CGTTGGGGTCAACTGT-1,-0.10056797643315316
CXCR3-,HC,PTC32190_PB,GSM4104140_CGTTGGGTCCTAGTGA-1,-0.2782682146547341
CXCR3-,HC,PTC32190_PB,GSM4104140_CTAACTTGTCATATGC-1,-0.10056797643315316
CXCR3-,HC,PTC32190_PB,GSM4104140_CTAAGACCAGCTTAAC-1,0.04681050934621451
CXCR3-,HC,PTC32190_PB,GSM4104140_CTACACCTCCGCGGTA-1,0.3076754540491917
CXCR3-,HC,PTC32190_PB,GSM4104140_CTACATTAGAAGCCCA-1,-0.10056797643315316
CXCR3-,HC,PTC32190_PB,GSM4104140_CTACCCAGTTATGCGT-1,-0.10056797643315316
CXCR3-,HC,PTC32190_PB,GSM4104140_CTACGTCAGACAGAGA-1,-0.10056797643315316
CXCR3-,HC,PTC32190_PB,GSM4104140_CTAGAGTGTCTACCTC-1,-0.10056797643315316
CXCR3-,HC,PTC32190_PB,GSM4104140_CTAGAGTGTTCCGTCT-1,-0.10056797643315316
CXCR3-,HC,PTC32190_PB,GSM4104140_CTAGTGACACGACTCG-1,-0.10056797643315316
CXCR3-,HC,PTC32190_PB,GSM4104140_CTCACACAGAAGCCCA-1,-0.10056797643315316
CXCR3-,HC,PTC32190_PB,GSM4104140_CTCAGAAGTACAGTTC-1,-0.3257151336188539
CXCR3-,HC,PTC32190_PB,GSM4104140_CTCATTAGTTGGTTTG-1,0.1449016030881031
CXCR3-,HC,PTC32190_PB,GSM4104140_CTCCTAGCAATGCCAT-1,-0.7084454968674974
CXCR3-,HC,PTC32190_PB,GSM4104140_CTCGAAAGTCCCTACT-1,-0.10056797643315316
CXCR3-,HC,PTC32190_PB,GSM4104140_CTCGAAATCAGCCTAA-1,0.4085375443947087
CXCR3-,HC,PTC32190_PB,GSM4104140_CTCGAGGAGACTACAA-1,-0.3190768919726667
CXCR3-,HC,PTC32190_PB,GSM4104140_CTCTACGCAAAGCAAT-1,-0.4599821048309011
CXCR3-,HC,PTC32190_PB,GSM4104140_CTCTGGTTCTTCTGGC-1,-0.43678718838711156
CXCR3-,HC,PTC32190_PB,GSM4104140_CTGAAACTCGCCCTTA-1,-0.23630609111344153
CXCR3-,HC,PTC32190_PB,GSM4104140_CTGAAGTCACCATCCT-1,0.6102011328760806
CXCR3-,HC,PTC32190_PB,GSM4104140_CTGCGGATCCCAACGG-1,-0.27508815274688303
CXCR3-,HC,PTC32190_PB,GSM4104140_CTGTTTAGTCCGTCAG-1,-0.7867944716294065
CXCR3-,HC,PTC32190_PB,GSM4104140_CTGTTTAGTTGATTCG-1,-0.22803740370135173
CXCR3-,HC,PTC32190_PB,GSM4104140_CTTAACTGTAAGGATT-1,-0.20664193750237916
CXCR3-,HC,PTC32190_PB,GSM4104140_CTTACCGAGTAGGCCA-1,0.5975461418213751
CXCR3-,HC,PTC32190_PB,GSM4104140_CTTACCGCATGTAAGA-1,-0.10056797643315316
CXCR3-,HC,PTC32190_PB,GSM4104140_CTTGGCTAGACAAGCC-1,-0.10056797643315316
CXCR3-,HC,PTC32190_PB,GSM4104140_CTTGGCTCACAGTCGC-1,0.10953997265004316
CXCR3-,HC,PTC32190_PB,GSM4104140_GAAATGACATGAGCGA-1,-0.10056797643315316
CXCR3-,HC,PTC32190_PB,GSM4104140_GAAATGAGTAAGTAGT-1,-0.2576302983175645
CXCR3-,HC,PTC32190_PB,GSM4104140_GAAATGAGTCTGCAAT-1,-0.10056797643315316
CXCR3+,HC,PTC32190_PB,GSM4104140_GAACATCCATCAGTAC-1,-0.10056797643315316
CXCR3-,HC,PTC32190_PB,GSM4104140_GAACGGAAGCCAGTAG-1,0.08919217003570405
CXCR3-,HC,PTC32190_PB,GSM4104140_GAACGGATCTGTTTGT-1,-0.10056797643315316
CXCR3-,HC,PTC32190_PB,GSM4104140_GAATGAACATCGGAAG-1,-0.10056797643315316
CXCR3-,HC,PTC32190_PB,GSM4104140_GAATGAAGTAAGCACG-1,-0.7807109883387884
CXCR3-,HC,PTC32190_PB,GSM4104140_GAATGAAGTAGCGCTC-1,-0.2622424733029747
CXCR3-,HC,PTC32190_PB,GSM4104140_GAATGAAGTTGTGGAG-1,0.19383059806708067
CXCR3-,HC,PTC32190_PB,GSM4104140_GACCAATAGCATGGCA-1,-0.10056797643315316
CXCR3-,HC,PTC32190_PB,GSM4104140_GACCTGGGTACTTAGC-1,-0.10056797643315316
CXCR3-,HC,PTC32190_PB,GSM4104140_GACGCGTCAGCCACCA-1,0.014131942116950917
CXCR3-,HC,PTC32190_PB,GSM4104140_GACGGCTCAATAAGCA-1,-0.4565580468418791
CXCR3-,HC,PTC32190_PB,GSM4104140_GACGGCTGTTTGTTTC-1,-0.10056797643315316
CXCR3-,HC,PTC32190_PB,GSM4104140_GACGTGCCATGCGCAC-1,-0.10056797643315316
CXCR3-,HC,PTC32190_PB,GSM4104140_GACGTTACATGACGGA-1,-0.10056797643315316
CXCR3-,HC,PTC32190_PB,GSM4104140_GACTACACACAGGCCT-1,-0.25409530456927204
CXCR3-,HC,PTC32190_PB,GSM4104140_GACTACACATCCTTGC-1,-0.2888572965889204
CXCR3-,HC,PTC32190_PB,GSM4104140_GACTGCGAGAGATGAG-1,-0.08986715348442023
CXCR3-,HC,PTC32190_PB,GSM4104140_GACTGCGGTCCCGACA-1,-0.24155383898728086
CXCR3-,HC,PTC32190_PB,GSM4104140_GAGCAGAAGAACTCGG-1,-0.3552125115788836
CXCR3-,HC,PTC32190_PB,GSM4104140_GAGCAGAAGGCACATG-1,-0.10056797643315316
CXCR3-,HC,PTC32190_PB,GSM4104140_GATCAGTGTAACGCGA-1,-0.10056797643315316
CXCR3-,HC,PTC32190_PB,GSM4104140_GATCGATTCCGCATAA-1,-0.10056797643315316
CXCR3-,HC,PTC32190_PB,GSM4104140_GATCGCGTCGATGAGG-1,-0.38947640745494866
CXCR3-,HC,PTC32190_PB,GSM4104140_GATGAAAAGGCGCTCT-1,0.43953039374235114
CXCR3-,HC,PTC32190_PB,GSM4104140_GATGAGGCAGCGTCCA-1,-0.3177475074790414
CXCR3-,HC,PTC32190_PB,GSM4104140_GATTCAGCATGGTTGT-1,-0.10056797643315316
CXCR3-,HC,PTC32190_PB,GSM4104140_GATTCAGTCTGAGTGT-1,-0.10056797643315316
CXCR3-,HC,PTC32190_PB,GSM4104140_GCAAACTGTACCGTTA-1,-0.10056797643315316
CXCR3-,HC,PTC32190_PB,GSM4104140_GCACATACACCGGAAA-1,-0.10056797643315316
CXCR3-,HC,PTC32190_PB,GSM4104140_GCACTCTGTAGCCTAT-1,-0.10056797643315316
CXCR3-,HC,PTC32190_PB,GSM4104140_GCAGCCACACAAGACG-1,0.28442659754288485
CXCR3-,HC,PTC32190_PB,GSM4104140_GCAGTTAAGCTGCAAG-1,-0.10056797643315316
CXCR3-,HC,PTC32190_PB,GSM4104140_GCAGTTACAGACAGGT-1,-0.10056797643315316
CXCR3-,HC,PTC32190_PB,GSM4104140_GCATACACATTTGCTT-1,-0.10056797643315316
CXCR3-,HC,PTC32190_PB,GSM4104140_GCATGTAAGGCAATTA-1,-0.10056797643315316
CXCR3-,HC,PTC32190_PB,GSM4104140_GCCAAATCATTGTGCA-1,-0.10056797643315316
CXCR3-,HC,PTC32190_PB,GSM4104140_GCCAAATGTTACGACT-1,0.2050442580460286
CXCR3-,HC,PTC32190_PB,GSM4104140_GCCTCTAAGTACGTTC-1,-0.10056797643315316
CXCR3-,HC,PTC32190_PB,GSM4104140_GCGACCAAGCGTTCCG-1,-0.10056797643315316
CXCR3-,HC,PTC32190_PB,GSM4104140_GCGACCAGTGCGATAG-1,-0.10056797643315316
CXCR3-,HC,PTC32190_PB,GSM4104140_GCGCAACCAATCACAC-1,-0.10056797643315316
CXCR3-,HC,PTC32190_PB,GSM4104140_GCGCAACGTCAAAGCG-1,-0.10056797643315316
CXCR3-,HC,PTC32190_PB,GSM4104140_GCGCAACGTCTCAACA-1,-0.10056797643315316
CXCR3-,HC,PTC32190_PB,GSM4104140_GCTGCGAAGTGAACGC-1,-0.3622949437540681
CXCR3-,HC,PTC32190_PB,GSM4104140_GCTGCGAGTTCTGGTA-1,0.2883320637921772
CXCR3-,HC,PTC32190_PB,GSM4104140_GCTGCTTGTTGGTAAA-1,-0.10056797643315316
CXCR3-,HC,PTC32190_PB,GSM4104140_GCTGCTTGTTGTGGCC-1,-0.10056797643315316
CXCR3-,HC,PTC32190_PB,GSM4104140_GCTTCCACACAACGTT-1,-0.10056797643315316
CXCR3-,HC,PTC32190_PB,GSM4104140_GCTTGAATCATGTCTT-1,-0.10056797643315316
CXCR3-,HC,PTC32190_PB,GSM4104140_GGAATAACACCAGTTA-1,-0.10056797643315316
CXCR3-,HC,PTC32190_PB,GSM4104140_GGAATAAGTGTGAATA-1,-0.10056797643315316
CXCR3-,HC,PTC32190_PB,GSM4104140_GGAATAATCCATTCTA-1,-0.10056797643315316
CXCR3-,HC,PTC32190_PB,GSM4104140_GGACGTCGTCAGGACA-1,-0.10056797643315316
CXCR3-,HC,PTC32190_PB,GSM4104140_GGAGCAACACCACGTG-1,-0.3975478752577772
CXCR3-,HC,PTC32190_PB,GSM4104140_GGATTACCAGGTTTCA-1,-0.10056797643315316
CXCR3-,HC,PTC32190_PB,GSM4104140_GGCCGATAGGTTCCTA-1,-0.10056797643315316
CXCR3-,HC,PTC32190_PB,GSM4104140_GGCGACTTCAGTCAGT-1,-0.2591565851393064
CXCR3-,HC,PTC32190_PB,GSM4104140_GGCTGGTAGTCGTACT-1,0.14615808134709965
CXCR3-,HC,PTC32190_PB,GSM4104140_GGCTGGTTCCATGCTC-1,-0.10056797643315316
CXCR3-,HC,PTC32190_PB,GSM4104140_GGGACCTAGGCTACGA-1,-0.10056797643315316
CXCR3+,HC,PTC32190_PB,GSM4104140_GGGACCTAGGTGTTAA-1,-0.37796397504083706
CXCR3-,HC,PTC32190_PB,GSM4104140_GGGACCTCATACAGCT-1,-0.10056797643315316
CXCR3-,HC,PTC32190_PB,GSM4104140_GGGATGAAGTTAAGTG-1,-0.10056797643315316
CXCR3-,HC,PTC32190_PB,GSM4104140_GGTATTGGTCTTGCGG-1,-0.10056797643315316
CXCR3-,HC,PTC32190_PB,GSM4104140_GGTGCGTAGGCCATAG-1,-0.2483030317443542
CXCR3-,HC,PTC32190_PB,GSM4104140_GGTGTTACATTCTTAC-1,-0.10056797643315316
CXCR3-,HC,PTC32190_PB,GSM4104140_GGTGTTATCACCGGGT-1,-0.10056797643315316
CXCR3-,HC,PTC32190_PB,GSM4104140_GTACGTACAGTCAGAG-1,-0.6652154808779052
CXCR3-,HC,PTC32190_PB,GSM4104140_GTACGTACATATGCTG-1,-0.3620420469724653
CXCR3-,HC,PTC32190_PB,GSM4104140_GTACTTTAGAAGATTC-1,-0.10056797643315316
CXCR3-,HC,PTC32190_PB,GSM4104140_GTACTTTAGGACTGGT-1,-0.43494327552261697
CXCR3-,HC,PTC32190_PB,GSM4104140_GTACTTTGTGCGAAAC-1,0.3268267527190071
CXCR3+,HC,PTC32190_PB,GSM4104140_GTAGGCCGTCAGGACA-1,-0.10056797643315316
CXCR3-,HC,PTC32190_PB,GSM4104140_GTATCTTAGTCGTACT-1,-0.10056797643315316
CXCR3-,HC,PTC32190_PB,GSM4104140_GTCACAACACCAGCAC-1,0.032474697750993334
CXCR3-,HC,PTC32190_PB,GSM4104140_GTCACAAGTCTTGCGG-1,-0.10056797643315316
CXCR3-,HC,PTC32190_PB,GSM4104140_GTCATTTTCGATGAGG-1,-0.10056797643315316
CXCR3-,HC,PTC32190_PB,GSM4104140_GTCTCGTGTCTAGCGC-1,-0.10056797643315316
CXCR3-,HC,PTC32190_PB,GSM4104140_GTCTCGTTCCAAACTG-1,-0.10056797643315316
CXCR3-,HC,PTC32190_PB,GSM4104140_GTGAAGGAGCTGCAAG-1,-0.10056797643315316
CXCR3-,HC,PTC32190_PB,GSM4104140_GTGCGGTCATTCGACA-1,-0.10056797643315316
CXCR3-,HC,PTC32190_PB,GSM4104140_GTGCGGTGTCTTGCGG-1,-0.10056797643315316
CXCR3-,HC,PTC32190_PB,GSM4104140_GTGGGTCAGACGCTTT-1,-0.10056797643315316
CXCR3-,HC,PTC32190_PB,GSM4104140_GTGGGTCCAAGTCATC-1,-0.10056797643315316
CXCR3-,HC,PTC32190_PB,GSM4104140_GTGTGCGTCACCATAG-1,-0.10056797643315316
CXCR3-,HC,PTC32190_PB,GSM4104140_GTGTTAGCAATGACCT-1,-0.10056797643315316
CXCR3-,HC,PTC32190_PB,GSM4104140_GTGTTAGGTCGACTAT-1,-0.10056797643315316
CXCR3-,HC,PTC32190_PB,GSM4104140_GTTCATTTCCAGAAGG-1,-0.10056797643315316
CXCR3-,HC,PTC32190_PB,GSM4104140_GTTTCTAGTTGCCTCT-1,-0.01878912849153266
CXCR3-,HC,PTC32190_PB,GSM4104140_TAAACCGAGAGACTAT-1,-0.10056797643315316
CXCR3-,HC,PTC32190_PB,GSM4104140_TAAGTGCAGCCCGAAA-1,-0.10056797643315316
CXCR3-,HC,PTC32190_PB,GSM4104140_TAAGTGCCATGTTGAC-1,0.21424753332369084
CXCR3-,HC,PTC32190_PB,GSM4104140_TACACGAGTCACCTAA-1,-0.10056797643315316
CXCR3-,HC,PTC32190_PB,GSM4104140_TACACGATCTAACGGT-1,-0.2766194455600178
CXCR3-,HC,PTC32190_PB,GSM4104140_TACAGTGCACAGGCCT-1,-0.10056797643315316
CXCR3-,HC,PTC32190_PB,GSM4104140_TACCTATAGCTGTCTA-1,0.30422851255395816
CXCR3-,HC,PTC32190_PB,GSM4104140_TACCTTACACCGCTAG-1,-0.10056797643315316
CXCR3-,HC,PTC32190_PB,GSM4104140_TACCTTACATTGTGCA-1,0.2110453201598564
CXCR3-,HC,PTC32190_PB,GSM4104140_TACGGATAGACAAGCC-1,-0.10056797643315316
CXCR3-,HC,PTC32190_PB,GSM4104140_TACTTACCAATGGAAT-1,-0.0828634665086011
CXCR3-,HC,PTC32190_PB,GSM4104140_TACTTACGTAAATACG-1,-0.10056797643315316
CXCR3-,HC,PTC32190_PB,GSM4104140_TACTTGTCATCATCCC-1,-0.5249356601122906
CXCR3-,HC,PTC32190_PB,GSM4104140_TAGAGCTCATGTAAGA-1,-0.10056797643315316
CXCR3-,HC,PTC32190_PB,GSM4104140_TAGAGCTTCGGTCTAA-1,0.2011411063077542
CXCR3-,HC,PTC32190_PB,GSM4104140_TAGGCATCATGCCTTC-1,-0.10056797643315316
CXCR3-,HC,PTC32190_PB,GSM4104140_TAGTGGTCAAGAGGCT-1,-0.2574458404610088
CXCR3-,HC,PTC32190_PB,GSM4104140_TAGTGGTCAGCTGGCT-1,0.12222142785844473
CXCR3-,HC,PTC32190_PB,GSM4104140_TAGTTGGGTGGACGAT-1,-0.10056797643315316
CXCR3-,HC,PTC32190_PB,GSM4104140_TATCAGGTCCCTTGTG-1,-0.5753302496978572
CXCR3-,HC,PTC32190_PB,GSM4104140_TATCTCAGTGCCTGCA-1,-0.10056797643315316
CXCR3-,HC,PTC32190_PB,GSM4104140_TATGCCCTCCCAACGG-1,-0.006351660704249085
CXCR3-,HC,PTC32190_PB,GSM4104140_TATTACCCAGCTGGCT-1,-0.10056797643315316
CXCR3-,HC,PTC32190_PB,GSM4104140_TATTACCTCAGCTCTC-1,-0.10056797643315316
CXCR3-,HC,PTC32190_PB,GSM4104140_TCAATCTGTTTACTCT-1,-0.10056797643315316
CXCR3-,HC,PTC32190_PB,GSM4104140_TCACAAGGTGGCGAAT-1,-0.10056797643315316
CXCR3-,HC,PTC32190_PB,GSM4104140_TCAGATGCAACACCTA-1,-0.12416594451530394
CXCR3-,HC,PTC32190_PB,GSM4104140_TCAGATGTCGTGGGAA-1,-0.10056797643315316
CXCR3-,HC,PTC32190_PB,GSM4104140_TCAGCAAAGATATGGT-1,-0.10056797643315316
CXCR3-,HC,PTC32190_PB,GSM4104140_TCAGCAACAGCATGAG-1,-0.10056797643315316
CXCR3-,HC,PTC32190_PB,GSM4104140_TCAGCTCTCTGAGTGT-1,-0.10056797643315316
CXCR3-,HC,PTC32190_PB,GSM4104140_TCAGGATGTAGCGTAG-1,-0.393611262336171
CXCR3-,HC,PTC32190_PB,GSM4104140_TCAGGATTCCTCAATT-1,-0.10056797643315316
CXCR3-,HC,PTC32190_PB,GSM4104140_TCAGGTATCCGTAGTA-1,-0.10056797643315316
CXCR3-,HC,PTC32190_PB,GSM4104140_TCATTACGTGAGTATA-1,-0.10056797643315316
CXCR3-,HC,PTC32190_PB,GSM4104140_TCATTACTCACCGGGT-1,-0.10056797643315316
CXCR3-,HC,PTC32190_PB,GSM4104140_TCCACACAGGCAGGTT-1,-0.10056797643315316
CXCR3-,HC,PTC32190_PB,GSM4104140_TCGAGGCCAAGTCTGT-1,0.3370436973622956
CXCR3-,HC,PTC32190_PB,GSM4104140_TCGAGGCCAGTTAACC-1,-0.09567822477679692
CXCR3-,HC,PTC32190_PB,GSM4104140_TCGCGAGTCGAACGGA-1,-0.10056797643315316
CXCR3-,HC,PTC32190_PB,GSM4104140_TCGCGTTAGCATCATC-1,-0.10056797643315316
CXCR3-,HC,PTC32190_PB,GSM4104140_TCGGTAATCTTTACAC-1,-0.22734198218812557
CXCR3-,HC,PTC32190_PB,GSM4104140_TCTATTGGTTCCTCCA-1,-0.10056797643315316
CXCR3-,HC,PTC32190_PB,GSM4104140_TCTCATACATTTCAGG-1,-0.10056797643315316
CXCR3-,HC,PTC32190_PB,GSM4104140_TCTCATAGTAGCACGA-1,-0.2930837752140151
CXCR3-,HC,PTC32190_PB,GSM4104140_TCTGGAAAGCGTGAAC-1,-0.10056797643315316
CXCR3-,HC,PTC32190_PB,GSM4104140_TCTGGAAGTTTACTCT-1,-0.5979239909172792
CXCR3+,HC,PTC32190_PB,GSM4104140_TCTTTCCTCAGTACGT-1,-0.10056797643315316
CXCR3-,HC,PTC32190_PB,GSM4104140_TGAAAGACACTACAGT-1,-0.10056797643315316
CXCR3-,HC,PTC32190_PB,GSM4104140_TGACTAGGTTGGACCC-1,-0.10056797643315316
CXCR3-,HC,PTC32190_PB,GSM4104140_TGAGAGGAGGAGTAGA-1,-0.10056797643315316
CXCR3-,HC,PTC32190_PB,GSM4104140_TGAGAGGGTGCTCTTC-1,-0.10056797643315316
CXCR3-,HC,PTC32190_PB,GSM4104140_TGAGAGGGTGGTACAG-1,-0.10056797643315316
CXCR3-,HC,PTC32190_PB,GSM4104140_TGAGCCGCAGACAAAT-1,-0.47294009776870116
CXCR3-,HC,PTC32190_PB,GSM4104140_TGAGCCGGTAAACGCG-1,-0.2735117120019851
CXCR3-,HC,PTC32190_PB,GSM4104140_TGAGCCGTCAATCACG-1,0.15081437776815967
CXCR3-,HC,PTC32190_PB,GSM4104140_TGCACCTCACCGCTAG-1,-0.10056797643315316
CXCR3-,HC,PTC32190_PB,GSM4104140_TGCACCTTCTGCAGTA-1,-0.10056797643315316
CXCR3-,HC,PTC32190_PB,GSM4104140_TGCCAAAAGCCCAGCT-1,-0.10056797643315316
CXCR3-,HC,PTC32190_PB,GSM4104140_TGCCAAACATCGGACC-1,-0.10056797643315316
CXCR3-,HC,PTC32190_PB,GSM4104140_TGCCAAAGTTCAACCA-1,-0.4642495155571571
CXCR3-,HC,PTC32190_PB,GSM4104140_TGCCCATGTCGAGTTT-1,-0.10056797643315316
CXCR3-,HC,PTC32190_PB,GSM4104140_TGCCCATTCTTTACGT-1,0.16735920666413498
CXCR3-,HC,PTC32190_PB,GSM4104140_TGCGGGTTCAATAAGG-1,-0.10056797643315316
CXCR3-,HC,PTC32190_PB,GSM4104140_TGCTGCTCATGATCCA-1,0.09153315322689452
CXCR3-,HC,PTC32190_PB,GSM4104140_TGCTGCTGTAGCGCAA-1,-0.10056797643315316
CXCR3-,HC,PTC32190_PB,GSM4104140_TGGACGCGTTCCATGA-1,-0.10056797643315316
CXCR3-,HC,PTC32190_PB,GSM4104140_TGGCCAGCAGTAAGAT-1,-0.10056797643315316
CXCR3-,HC,PTC32190_PB,GSM4104140_TGGCCAGTCCAAAGTC-1,-0.3760301030531327
CXCR3-,HC,PTC32190_PB,GSM4104140_TGGGAAGGTACGAAAT-1,-0.10056797643315316
CXCR3-,HC,PTC32190_PB,GSM4104140_TGGTTAGCATGGTCTA-1,0.11744468570690307
CXCR3-,HC,PTC32190_PB,GSM4104140_TGTATTCCAAGTTCTG-1,-0.10056797643315316
CXCR3-,HC,PTC32190_PB,GSM4104140_TGTATTCGTCAGATAA-1,-0.10056797643315316
CXCR3-,HC,PTC32190_PB,GSM4104140_TGTTCCGGTCCAACTA-1,-0.10056797643315316
CXCR3-,HC,PTC32190_PB,GSM4104140_TTAACTCAGACGCACA-1,-0.10056797643315316
CXCR3-,HC,PTC32190_PB,GSM4104140_TTAGGACGTATCAGTC-1,-0.10056797643315316
CXCR3-,HC,PTC32190_PB,GSM4104140_TTAGGCACAGACTCGC-1,-0.10056797643315316
CXCR3-,HC,PTC32190_PB,GSM4104140_TTAGTTCAGGACTGGT-1,-0.2898791181418797
CXCR3-,HC,PTC32190_PB,GSM4104140_TTATGCTTCCGGCACA-1,-0.10056797643315316
CXCR3-,HC,PTC32190_PB,GSM4104140_TTATGCTTCTGAAAGA-1,-0.10056797643315316
CXCR3-,HC,PTC32190_PB,GSM4104140_TTCGGTCAGGATCGCA-1,-0.10056797643315316
CXCR3-,HC,PTC32190_PB,GSM4104140_TTCTACATCAGCCTAA-1,-0.10056797643315316
CXCR3-,HC,PTC32190_PB,GSM4104140_TTCTCAAAGACCTTTG-1,-0.10056797643315316
CXCR3-,HC,PTC32190_PB,GSM4104140_TTCTCCTGTTCCGTCT-1,-0.10056797643315316
CXCR3-,HC,PTC32190_PB,GSM4104140_TTCTTAGAGCCACGTC-1,-0.10056797643315316
CXCR3-,HC,PTC32190_PB,GSM4104140_TTCTTAGAGCGTGAAC-1,-0.3079155288628249
CXCR3-,HC,PTC32190_PB,GSM4104140_TTGCCGTCATGCGCAC-1,-0.10056797643315316
CXCR3-,HC,PTC32190_PB,GSM4104140_TTGCCGTGTTCCAACA-1,-0.10056797643315316
CXCR3-,HC,PTC32190_PB,GSM4104140_TTGTAGGGTTAGAACA-1,-0.10056797643315316
CXCR3-,HC,PTC32190_PB,GSM4104140_TTTCCTCTCAGCTTAG-1,0.34081265303023045
CXCR3-,HC,PTC41540_PB,GSM4104142_AAACCTGCAAGGACAC-1,-0.090533269722921
CXCR3-,HC,PTC41540_PB,GSM4104142_AAACCTGCAAGGGTCA-1,-0.10056797643315316
CXCR3-,HC,PTC41540_PB,GSM4104142_AAACGGGAGATTACCC-1,-0.10056797643315316
CXCR3-,HC,PTC41540_PB,GSM4104142_AAAGTAGAGAGCAATT-1,-0.10056797643315316
CXCR3-,HC,PTC41540_PB,GSM4104142_AAATGCCCATTCACTT-1,-0.10056797643315316
CXCR3-,HC,PTC41540_PB,GSM4104142_AAATGCCTCGCGTTTC-1,-0.10056797643315316
CXCR3-,HC,PTC41540_PB,GSM4104142_AAATGCCTCGGTCCGA-1,-0.265605606431268
CXCR3-,HC,PTC41540_PB,GSM4104142_AACACGTAGCGACGTA-1,0.42148994413680996
CXCR3+,HC,PTC41540_PB,GSM4104142_AACACGTAGCTCTCGG-1,-0.020554286709235696
CXCR3-,HC,PTC41540_PB,GSM4104142_AACACGTAGTCTCCTC-1,-0.10056797643315316
CXCR3-,HC,PTC41540_PB,GSM4104142_AACACGTGTTCCGGCA-1,-0.5778633188102246
CXCR3-,HC,PTC41540_PB,GSM4104142_AACACGTTCCCTCTTT-1,-0.10056797643315316
CXCR3-,HC,PTC41540_PB,GSM4104142_AACCATGCAATAGCGG-1,-0.10056797643315316
CXCR3-,HC,PTC41540_PB,GSM4104142_AACCATGGTTCCGGCA-1,0.34038376523338165
CXCR3-,HC,PTC41540_PB,GSM4104142_AACCGCGTCCACTCCA-1,-0.10056797643315316
CXCR3-,HC,PTC41540_PB,GSM4104142_AACGTTGTCAGTCCCT-1,-0.10056797643315316
CXCR3-,HC,PTC41540_PB,GSM4104142_AACTCAGGTCAGTGGA-1,-0.10056797643315316
CXCR3-,HC,PTC41540_PB,GSM4104142_AACTCCCAGCGCCTCA-1,-0.10056797643315316
CXCR3-,HC,PTC41540_PB,GSM4104142_AACTCCCGTAGAGCTG-1,-0.10056797643315316
CXCR3-,HC,PTC41540_PB,GSM4104142_AACTCCCGTATAATGG-1,-0.42283194772099103
CXCR3-,HC,PTC41540_PB,GSM4104142_AACTCCCGTCTCTTTA-1,-0.26626851250274797
CXCR3-,HC,PTC41540_PB,GSM4104142_AACTCTTAGCAGGTCA-1,-0.10056797643315316
CXCR3-,HC,PTC41540_PB,GSM4104142_AACTCTTCATGCCTAA-1,-0.10056797643315316
CXCR3-,HC,PTC41540_PB,GSM4104142_AACTGGTCAGACAGGT-1,-0.37068335171102035
CXCR3-,HC,PTC41540_PB,GSM4104142_AACTGGTCAGCCTTGG-1,-0.1931948986534692
CXCR3-,HC,PTC41540_PB,GSM4104142_AACTGGTTCCAAATGC-1,-0.10056797643315316
CXCR3-,HC,PTC41540_PB,GSM4104142_AACTGGTTCTGGGCCA-1,-0.10056797643315316
CXCR3-,HC,PTC41540_PB,GSM4104142_AAGCCGCGTTGAACTC-1,0.40462815055916185
CXCR3-,HC,PTC41540_PB,GSM4104142_AAGCCGCTCCCGACTT-1,-0.10056797643315316
CXCR3-,HC,PTC41540_PB,GSM4104142_AAGCCGCTCGGATGGA-1,-0.10056797643315316
CXCR3-,HC,PTC41540_PB,GSM4104142_AAGGAGCCAACTTGAC-1,-0.10056797643315316
CXCR3-,HC,PTC41540_PB,GSM4104142_AAGGAGCTCTTCCTTC-1,-0.10056797643315316
CXCR3-,HC,PTC41540_PB,GSM4104142_AAGGCAGCAGCGTTCG-1,-0.43318629441829165
CXCR3-,HC,PTC41540_PB,GSM4104142_AAGGCAGCATACTCTT-1,-0.22926096905767146
CXCR3-,HC,PTC41540_PB,GSM4104142_AAGGCAGGTGTTTGGT-1,-0.10056797643315316
CXCR3-,HC,PTC41540_PB,GSM4104142_AAGTCTGGTAAAGTCA-1,-0.10056797643315316
CXCR3-,HC,PTC41540_PB,GSM4104142_AATCCAGAGAACTGTA-1,-0.34463882365578785
CXCR3-,HC,PTC41540_PB,GSM4104142_AATCCAGAGAGCTGCA-1,-0.5024323867286417
CXCR3-,HC,PTC41540_PB,GSM4104142_AATCCAGCAATGGAGC-1,-0.5169470430199828
CXCR3-,HC,PTC41540_PB,GSM4104142_AATCCAGCAATGGTCT-1,-0.10056797643315316
CXCR3-,HC,PTC41540_PB,GSM4104142_AATCCAGTCTACCAGA-1,0.15284865435877218
CXCR3-,HC,PTC41540_PB,GSM4104142_AATCGGTCATTTCACT-1,-0.10056797643315316
CXCR3-,HC,PTC41540_PB,GSM4104142_ACACCAACACAACGTT-1,-0.45941922978936656
CXCR3-,HC,PTC41540_PB,GSM4104142_ACACCAAGTCTAGCCG-1,-0.10056797643315316
CXCR3-,HC,PTC41540_PB,GSM4104142_ACACCAAGTGGTTTCA-1,-0.4163845152857267
CXCR3-,HC,PTC41540_PB,GSM4104142_ACACCCTGTGTGACCC-1,-0.3383368445476246
CXCR3-,HC,PTC41540_PB,GSM4104142_ACACCGGAGAGCTGGT-1,-0.10056797643315316
CXCR3-,HC,PTC41540_PB,GSM4104142_ACACCGGAGCTGAACG-1,-0.10056797643315316
CXCR3-,HC,PTC41540_PB,GSM4104142_ACACTGAAGTGTGGCA-1,-0.10056797643315316
CXCR3-,HC,PTC41540_PB,GSM4104142_ACACTGAGTTCAACCA-1,-0.10056797643315316
CXCR3-,HC,PTC41540_PB,GSM4104142_ACAGCCGTCTCTGTCG-1,-0.26700176097910416
CXCR3-,HC,PTC41540_PB,GSM4104142_ACAGCTAAGAAACCTA-1,0.4993958645685076
CXCR3-,HC,PTC41540_PB,GSM4104142_ACAGCTAGTACCGCTG-1,-0.10056797643315316
CXCR3-,HC,PTC41540_PB,GSM4104142_ACATACGCAAAGAATC-1,-0.10056797643315316
CXCR3-,HC,PTC41540_PB,GSM4104142_ACATACGTCACTCTTA-1,-0.10056797643315316
CXCR3-,HC,PTC41540_PB,GSM4104142_ACATCAGCAAAGTGCG-1,-0.10056797643315316
CXCR3-,HC,PTC41540_PB,GSM4104142_ACATCAGCAAGTAATG-1,-0.10056797643315316
CXCR3-,HC,PTC41540_PB,GSM4104142_ACATCAGTCTGCTGTC-1,-0.30498055778934624
CXCR3-,HC,PTC41540_PB,GSM4104142_ACATGGTTCTCTTGAT-1,-0.10056797643315316
CXCR3-,HC,PTC41540_PB,GSM4104142_ACCAGTAAGAGATGAG-1,0.36598046128625905
CXCR3-,HC,PTC41540_PB,GSM4104142_ACCAGTAAGCTTATCG-1,-0.33254062791500927
CXCR3-,HC,PTC41540_PB,GSM4104142_ACCAGTAGTAGCGTAG-1,-0.10056797643315316
CXCR3-,HC,PTC41540_PB,GSM4104142_ACCAGTAGTGAGGCTA-1,-0.3743879498578392
CXCR3-,HC,PTC41540_PB,GSM4104142_ACCAGTATCTGTTTGT-1,-0.10056797643315316
CXCR3-,HC,PTC41540_PB,GSM4104142_ACCCACTAGAATTCCC-1,-0.10056797643315316
CXCR3-,HC,PTC41540_PB,GSM4104142_ACCGTAACAGGGTACA-1,0.1628994562675068
CXCR3-,HC,PTC41540_PB,GSM4104142_ACCGTAACATACGCTA-1,-0.10056797643315316
CXCR3-,HC,PTC41540_PB,GSM4104142_ACCGTAATCAGTTGAC-1,-0.10056797643315316
CXCR3-,HC,PTC41540_PB,GSM4104142_ACCGTAATCTATGTGG-1,-0.38505594350753075
CXCR3-,HC,PTC41540_PB,GSM4104142_ACCTTTAGTGACAAAT-1,0.0869600174138194
CXCR3-,HC,PTC41540_PB,GSM4104142_ACCTTTAGTTTAAGCC-1,-0.10056797643315316
CXCR3-,HC,PTC41540_PB,GSM4104142_ACCTTTATCTTTAGGG-1,-0.4807599430137435
CXCR3-,HC,PTC41540_PB,GSM4104142_ACGAGCCAGATGTCGG-1,-0.10056797643315316
CXCR3-,HC,PTC41540_PB,GSM4104142_ACGAGCCGTCCTCTTG-1,-0.10056797643315316
CXCR3-,HC,PTC41540_PB,GSM4104142_ACGAGCCGTCGGATCC-1,0.33108398580004705
CXCR3-,HC,PTC41540_PB,GSM4104142_ACGAGCCTCCTCCTAG-1,-0.10056797643315316
CXCR3-,HC,PTC41540_PB,GSM4104142_ACGAGGATCACCAGGC-1,-0.23654678999066844
CXCR3-,HC,PTC41540_PB,GSM4104142_ACGATACGTGCTCTTC-1,-0.10056797643315316
CXCR3-,HC,PTC41540_PB,GSM4104142_ACGATACTCTAACTTC-1,-0.10056797643315316
CXCR3-,HC,PTC41540_PB,GSM4104142_ACGATGTAGGTGCACA-1,0.03270193425426276
CXCR3-,HC,PTC41540_PB,GSM4104142_ACGATGTAGTACGCCC-1,-0.10056797643315316
CXCR3-,HC,PTC41540_PB,GSM4104142_ACGATGTCATACTACG-1,-0.10056797643315316
CXCR3-,HC,PTC41540_PB,GSM4104142_ACGATGTCATGACGGA-1,-0.10056797643315316
CXCR3-,HC,PTC41540_PB,GSM4104142_ACGATGTCATGGTTGT-1,0.22037119879053244
CXCR3-,HC,PTC41540_PB,GSM4104142_ACGATGTGTGACAAAT-1,-0.10056797643315316
CXCR3-,HC,PTC41540_PB,GSM4104142_ACGATGTTCTAACTTC-1,-0.10056797643315316
CXCR3-,HC,PTC41540_PB,GSM4104142_ACGCAGCCAATGCCAT-1,-0.10056797643315316
CXCR3-,HC,PTC41540_PB,GSM4104142_ACGCAGCTCCTAAGTG-1,-0.10056797643315316
CXCR3-,HC,PTC41540_PB,GSM4104142_ACGCAGCTCGCACTCT-1,-0.10056797643315316
CXCR3-,HC,PTC41540_PB,GSM4104142_ACGCAGCTCGTAGATC-1,-0.30273931026036577
CXCR3-,HC,PTC41540_PB,GSM4104142_ACGCAGCTCTGGAGCC-1,-0.10056797643315316
CXCR3-,HC,PTC41540_PB,GSM4104142_ACGCCAGCACCGGAAA-1,-0.2560186393656144
CXCR3-,HC,PTC41540_PB,GSM4104142_ACGCCAGTCCGTCAAA-1,-0.10056797643315316
CXCR3-,HC,PTC41540_PB,GSM4104142_ACGCCGAGTATTCTCT-1,-0.10056797643315316
CXCR3-,HC,PTC41540_PB,GSM4104142_ACGCCGAGTTGTACAC-1,-0.10056797643315316
CXCR3-,HC,PTC41540_PB,GSM4104142_ACGGAGACAATGCCAT-1,-0.3009978702567256
CXCR3-,HC,PTC41540_PB,GSM4104142_ACGGAGACACCTCGTT-1,-0.10056797643315316
CXCR3-,HC,PTC41540_PB,GSM4104142_ACGGAGACATTGCGGC-1,-0.10056797643315316
CXCR3-,HC,PTC41540_PB,GSM4104142_ACGGAGATCTCAACTT-1,-0.26295063306659944
CXCR3-,HC,PTC41540_PB,GSM4104142_ACGGCCAAGTTGAGTA-1,-0.10056797643315316
CXCR3-,HC,PTC41540_PB,GSM4104142_ACGGCCACACATCCAA-1,-0.10056797643315316
CXCR3-,HC,PTC41540_PB,GSM4104142_ACGGCCAGTATCACCA-1,-0.10056797643315316
CXCR3-,HC,PTC41540_PB,GSM4104142_ACGGCCATCACCTCGT-1,-0.43799964984672635
CXCR3-,HC,PTC41540_PB,GSM4104142_ACGGGCTAGAATTGTG-1,-0.2637564096623837
CXCR3-,HC,PTC41540_PB,GSM4104142_ACGGGTCAGATCGGGT-1,-0.10056797643315316
CXCR3-,HC,PTC41540_PB,GSM4104142_ACGGGTCAGTCTCGGC-1,-0.10056797643315316
CXCR3-,HC,PTC41540_PB,GSM4104142_ACGGGTCGTCTCATCC-1,0.2406034820330116
CXCR3-,HC,PTC41540_PB,GSM4104142_ACGGGTCGTTACGCGC-1,-0.10056797643315316
CXCR3-,HC,PTC41540_PB,GSM4104142_ACGGGTCGTTCAGCGC-1,-0.308687274118061
CXCR3-,HC,PTC41540_PB,GSM4104142_ACGTCAACATCCGTGG-1,-0.10056797643315316
CXCR3-,HC,PTC41540_PB,GSM4104142_ACGTCAAGTAAATGTG-1,0.2009381063156976
CXCR3-,HC,PTC41540_PB,GSM4104142_ACTATCTAGCAGACTG-1,-0.10056797643315316
CXCR3-,HC,PTC41540_PB,GSM4104142_ACTATCTAGCTGCAAG-1,0.36267520008589477
CXCR3-,HC,PTC41540_PB,GSM4104142_ACTATCTAGTAGGCCA-1,-0.10056797643315316
CXCR3-,HC,PTC41540_PB,GSM4104142_ACTGAACAGCCAGTTT-1,-0.10056797643315316
CXCR3-,HC,PTC41540_PB,GSM4104142_ACTGAACAGTTCGCGC-1,-0.10056797643315316
CXCR3-,HC,PTC41540_PB,GSM4104142_ACTGAACTCGCGCCAA-1,-0.7616728397123522
CXCR3-,HC,PTC41540_PB,GSM4104142_ACTGAACTCGGATGGA-1,-0.10056797643315316
CXCR3-,HC,PTC41540_PB,GSM4104142_ACTGAGTAGCGCCTTG-1,-0.10056797643315316
CXCR3-,HC,PTC41540_PB,GSM4104142_ACTGAGTCAGCATACT-1,-0.29943686008876824
CXCR3-,HC,PTC41540_PB,GSM4104142_ACTGAGTCAGGGTTAG-1,-0.10056797643315316
CXCR3-,HC,PTC41540_PB,GSM4104142_ACTGATGTCACGACTA-1,-0.10056797643315316
CXCR3-,HC,PTC41540_PB,GSM4104142_ACTGCTCAGTGCGATG-1,-0.10056797643315316
CXCR3-,HC,PTC41540_PB,GSM4104142_ACTGCTCAGTGTACTC-1,0.32151753784471676
CXCR3-,HC,PTC41540_PB,GSM4104142_ACTGCTCTCCACTGGG-1,-0.10056797643315316
CXCR3-,HC,PTC41540_PB,GSM4104142_ACTGTCCCAGTCTTCC-1,-0.3730733013107083
CXCR3-,HC,PTC41540_PB,GSM4104142_ACTGTCCGTCATCGGC-1,-0.10056797643315316
CXCR3-,HC,PTC41540_PB,GSM4104142_ACTTACTAGTCGTACT-1,-0.10056797643315316
CXCR3-,HC,PTC41540_PB,GSM4104142_ACTTACTCACCTTGTC-1,-0.10056797643315316
CXCR3-,HC,PTC41540_PB,GSM4104142_AGACGTTCATTACGAC-1,-0.23533153269987617
CXCR3-,HC,PTC41540_PB,GSM4104142_AGAGCGACAAACTGTC-1,-0.10056797643315316
CXCR3-,HC,PTC41540_PB,GSM4104142_AGAGCGATCCTGTACC-1,-0.10056797643315316
CXCR3-,HC,PTC41540_PB,GSM4104142_AGAGCTTGTGTGACCC-1,-0.10056797643315316
CXCR3-,HC,PTC41540_PB,GSM4104142_AGAGTGGAGACCTAGG-1,-0.10056797643315316
CXCR3-,HC,PTC41540_PB,GSM4104142_AGAGTGGAGCGTTGCC-1,-0.10056797643315316
CXCR3-,HC,PTC41540_PB,GSM4104142_AGATCTGAGTGCAAGC-1,-0.263285200158018
CXCR3-,HC,PTC41540_PB,GSM4104142_AGATCTGGTTATTCTC-1,-0.10056797643315316
CXCR3-,HC,PTC41540_PB,GSM4104142_AGATTGCCATGCTAGT-1,-0.4028962247567662
CXCR3-,HC,PTC41540_PB,GSM4104142_AGCAGCCCAGACAAGC-1,-0.10056797643315316
CXCR3-,HC,PTC41540_PB,GSM4104142_AGCAGCCGTCAGTGGA-1,-0.10056797643315316
CXCR3-,HC,PTC41540_PB,GSM4104142_AGCATACTCCGAGCCA-1,-0.10056797643315316
CXCR3-,HC,PTC41540_PB,GSM4104142_AGCATACTCTGTCCGT-1,-0.38797425750250447
CXCR3-,HC,PTC41540_PB,GSM4104142_AGCCTAACACGCATCG-1,-0.10056797643315316
CXCR3-,HC,PTC41540_PB,GSM4104142_AGCCTAAGTTCCAACA-1,-0.22071500142749612
CXCR3-,HC,PTC41540_PB,GSM4104142_AGCCTAATCCAATGGT-1,-0.10056797643315316
CXCR3-,HC,PTC41540_PB,GSM4104142_AGCGGTCAGACATAAC-1,-0.24000025423594867
CXCR3-,HC,PTC41540_PB,GSM4104142_AGCGGTCAGTTACGGG-1,-0.10056797643315316
CXCR3+,HC,PTC41540_PB,GSM4104142_AGCGGTCGTACCATCA-1,-0.10056797643315316
CXCR3-,HC,PTC41540_PB,GSM4104142_AGCGGTCGTCCATCCT-1,-0.10056797643315316
CXCR3-,HC,PTC41540_PB,GSM4104142_AGCGGTCTCCAGATCA-1,-0.10056797643315316
CXCR3-,HC,PTC41540_PB,GSM4104142_AGCGGTCTCTTGTCAT-1,-0.11126401338542093
CXCR3-,HC,PTC41540_PB,GSM4104142_AGCGTATTCCTCATTA-1,-0.10056797643315316
CXCR3-,HC,PTC41540_PB,GSM4104142_AGCGTATTCGTACCGG-1,-0.10056797643315316
CXCR3-,HC,PTC41540_PB,GSM4104142_AGCTCTCCATTATCTC-1,-0.10056797643315316
CXCR3+,HC,PTC41540_PB,GSM4104142_AGCTCTCCATTGGTAC-1,-0.29643334751116457
CXCR3-,HC,PTC41540_PB,GSM4104142_AGCTCTCGTGCACGAA-1,-0.26986839612069075
CXCR3-,HC,PTC41540_PB,GSM4104142_AGCTCTCTCTTGTCAT-1,-0.616348977596876
CXCR3-,HC,PTC41540_PB,GSM4104142_AGCTTGACACAGTCGC-1,0.15791891503726818
CXCR3-,HC,PTC41540_PB,GSM4104142_AGGCCGTCACCAGTTA-1,-0.10056797643315316
CXCR3-,HC,PTC41540_PB,GSM4104142_AGGCCGTCACTGTTAG-1,-0.4455257602202077
CXCR3-,HC,PTC41540_PB,GSM4104142_AGGCCGTGTGAGGGAG-1,-0.23128743197716695
CXCR3-,HC,PTC41540_PB,GSM4104142_AGGGAGTGTTCGCTAA-1,-0.24798455198208286
CXCR3-,HC,PTC41540_PB,GSM4104142_AGGGAGTTCATAACCG-1,-0.3537199035630848
CXCR3-,HC,PTC41540_PB,GSM4104142_AGGGATGAGAGGTTGC-1,-0.10056797643315316
CXCR3-,HC,PTC41540_PB,GSM4104142_AGGGATGTCAGAGACG-1,-0.05091478659109586
CXCR3-,HC,PTC41540_PB,GSM4104142_AGGGATGTCGGCTACG-1,-0.10056797643315316
CXCR3-,HC,PTC41540_PB,GSM4104142_AGGGTGACAGTCACTA-1,-0.10056797643315316
CXCR3-,HC,PTC41540_PB,GSM4104142_AGGGTGATCATGTCTT-1,-0.10056797643315316
CXCR3-,HC,PTC41540_PB,GSM4104142_AGGTCATCACCAGCAC-1,-0.10056797643315316
CXCR3-,HC,PTC41540_PB,GSM4104142_AGGTCCGAGACTGTAA-1,-0.10056797643315316
CXCR3-,HC,PTC41540_PB,GSM4104142_AGTCTTTGTAAGGGAA-1,0.2423283262206523
CXCR3-,HC,PTC41540_PB,GSM4104142_AGTCTTTGTAGCAAAT-1,-0.10082621473672503
CXCR3-,HC,PTC41540_PB,GSM4104142_AGTCTTTTCCTGTACC-1,0.03590612081076837
CXCR3-,HC,PTC41540_PB,GSM4104142_AGTGAGGAGACTCGGA-1,-0.10056797643315316
CXCR3-,HC,PTC41540_PB,GSM4104142_AGTGAGGGTTCGGGCT-1,-0.10056797643315316
CXCR3-,HC,PTC41540_PB,GSM4104142_AGTGAGGTCAGGCAAG-1,-0.10056797643315316
CXCR3-,HC,PTC41540_PB,GSM4104142_AGTGAGGTCATGTCTT-1,0.3211450113051581
CXCR3-,HC,PTC41540_PB,GSM4104142_AGTGGGATCACAATGC-1,-0.7193678977040238
CXCR3-,HC,PTC41540_PB,GSM4104142_AGTGGGATCCGGCACA-1,-0.6154226496869347
CXCR3-,HC,PTC41540_PB,GSM4104142_AGTGTCACAAGGCTCC-1,-0.10056797643315316
CXCR3-,HC,PTC41540_PB,GSM4104142_AGTGTCATCCCAGGTG-1,-0.10056797643315316
CXCR3-,HC,PTC41540_PB,GSM4104142_AGTTGGTAGCGTAATA-1,-0.10056797643315316
CXCR3-,HC,PTC41540_PB,GSM4104142_AGTTGGTTCACGATGT-1,-0.3500736851468749
CXCR3-,HC,PTC41540_PB,GSM4104142_ATAACGCAGGGATCTG-1,-0.30686424716803057
CXCR3-,HC,PTC41540_PB,GSM4104142_ATAAGAGAGATGTAAC-1,0.28300840348601947
CXCR3-,HC,PTC41540_PB,GSM4104142_ATAAGAGCACAGGAGT-1,-0.10056797643315316
CXCR3-,HC,PTC41540_PB,GSM4104142_ATAGACCAGATCGGGT-1,-0.10056797643315316
CXCR3-,HC,PTC41540_PB,GSM4104142_ATAGACCAGGAATCGC-1,-0.32888629818619414
CXCR3-,HC,PTC41540_PB,GSM4104142_ATAGACCCAATAGAGT-1,-0.10056797643315316
CXCR3-,HC,PTC41540_PB,GSM4104142_ATCACGATCCAAAGTC-1,-0.2777695192023221
CXCR3-,HC,PTC41540_PB,GSM4104142_ATCATCTAGTGATCGG-1,-0.25674350926952216
CXCR3-,HC,PTC41540_PB,GSM4104142_ATCATCTTCATATCGG-1,-0.10056797643315316
CXCR3-,HC,PTC41540_PB,GSM4104142_ATCATCTTCCGTTGTC-1,-0.10056797643315316
CXCR3-,HC,PTC41540_PB,GSM4104142_ATCCACCGTCTAACGT-1,-0.10056797643315316
CXCR3-,HC,PTC41540_PB,GSM4104142_ATCCACCTCTTTAGTC-1,-0.10056797643315316
CXCR3-,HC,PTC41540_PB,GSM4104142_ATCCGAAAGATTACCC-1,0.0847629174062275
CXCR3-,HC,PTC41540_PB,GSM4104142_ATCCGAAAGTTAGCGG-1,0.24397417398076923
CXCR3-,HC,PTC41540_PB,GSM4104142_ATCGAGTAGAGATGAG-1,-0.10056797643315316
CXCR3-,HC,PTC41540_PB,GSM4104142_ATCGAGTAGGGTTTCT-1,-0.10056797643315316
CXCR3-,HC,PTC41540_PB,GSM4104142_ATCGAGTCAAGCCCAC-1,-0.10056797643315316
CXCR3-,HC,PTC41540_PB,GSM4104142_ATCTACTAGAGCAATT-1,-0.10056797643315316
CXCR3-,HC,PTC41540_PB,GSM4104142_ATCTACTAGTCTCGGC-1,-0.10056797643315316
CXCR3-,HC,PTC41540_PB,GSM4104142_ATCTGCCGTAAATGTG-1,-0.10056797643315316
CXCR3-,HC,PTC41540_PB,GSM4104142_ATGAGGGAGCTGGAAC-1,-0.10056797643315316
CXCR3-,HC,PTC41540_PB,GSM4104142_ATGCGATCAGATGGCA-1,-0.10056797643315316
CXCR3-,HC,PTC41540_PB,GSM4104142_ATGCGATCATACGCTA-1,-0.6202187810355847
CXCR3-,HC,PTC41540_PB,GSM4104142_ATGGGAGAGCGTGAGT-1,-0.10056797643315316
CXCR3-,HC,PTC41540_PB,GSM4104142_ATGGGAGAGCTGATAA-1,-0.10056797643315316
CXCR3-,HC,PTC41540_PB,GSM4104142_ATGGGAGCAGTCAGAG-1,0.24031495441098175
CXCR3-,HC,PTC41540_PB,GSM4104142_ATGGGAGGTAACGTTC-1,0.3416660232677756
CXCR3-,HC,PTC41540_PB,GSM4104142_ATGTGTGAGGGATACC-1,-0.10056797643315316
CXCR3-,HC,PTC41540_PB,GSM4104142_ATGTGTGTCTCTAAGG-1,-0.10056797643315316
CXCR3-,HC,PTC41540_PB,GSM4104142_ATTACTCAGCGTTTAC-1,-0.10056797643315316
CXCR3-,HC,PTC41540_PB,GSM4104142_ATTACTCTCATTATCC-1,0.18179291167231135
CXCR3-,HC,PTC41540_PB,GSM4104142_ATTCTACAGATCCGAG-1,-0.10056797643315316
CXCR3-,HC,PTC41540_PB,GSM4104142_ATTCTACAGGCGCTCT-1,-0.20200653725645615
CXCR3-,HC,PTC41540_PB,GSM4104142_ATTCTACCAGGACCCT-1,-0.10056797643315316
CXCR3-,HC,PTC41540_PB,GSM4104142_ATTCTACGTGCCTGCA-1,-0.10056797643315316
CXCR3-,HC,PTC41540_PB,GSM4104142_ATTGGACGTTAGTGGG-1,-0.10056797643315316
CXCR3-,HC,PTC41540_PB,GSM4104142_ATTGGTGAGCACGCCT-1,-0.10056797643315316
CXCR3-,HC,PTC41540_PB,GSM4104142_ATTGGTGCAACCGCCA-1,-0.10056797643315316
CXCR3-,HC,PTC41540_PB,GSM4104142_ATTGGTGGTGGGTCAA-1,-0.25936174852833654
CXCR3-,HC,PTC41540_PB,GSM4104142_ATTGGTGTCATCATTC-1,-0.10056797643315316
CXCR3-,HC,PTC41540_PB,GSM4104142_ATTGGTGTCCGATATG-1,-0.10056797643315316
CXCR3-,HC,PTC41540_PB,GSM4104142_ATTTCTGGTATTCTCT-1,-0.10056797643315316
CXCR3-,HC,PTC41540_PB,GSM4104142_CAACCAAAGGACAGAA-1,-0.10056797643315316
CXCR3-,HC,PTC41540_PB,GSM4104142_CAACCAAAGGGTGTGT-1,-0.10056797643315316
CXCR3-,HC,PTC41540_PB,GSM4104142_CAACCAACAGATAATG-1,-0.10056797643315316
CXCR3-,HC,PTC41540_PB,GSM4104142_CAACCTCAGGCCCGTT-1,-0.6244218914806149
CXCR3-,HC,PTC41540_PB,GSM4104142_CAACCTCAGGGCATGT-1,0.09156129081268939
CXCR3-,HC,PTC41540_PB,GSM4104142_CAACCTCGTGTGGCTC-1,-0.2748891469622891
CXCR3-,HC,PTC41540_PB,GSM4104142_CAACCTCTCCCGACTT-1,-0.29611284655049047
CXCR3-,HC,PTC41540_PB,GSM4104142_CAACTAGAGCTAAGAT-1,-0.10056797643315316
CXCR3-,HC,PTC41540_PB,GSM4104142_CAACTAGCATCGTCGG-1,-0.10056797643315316
CXCR3-,HC,PTC41540_PB,GSM4104142_CAACTAGGTAAAGGAG-1,0.006399591106299951
CXCR3-,HC,PTC41540_PB,GSM4104142_CAACTAGGTTCCGGCA-1,-0.275876490630867
CXCR3-,HC,PTC41540_PB,GSM4104142_CAAGAAAGTGGTAACG-1,-0.02436312010984251
CXCR3-,HC,PTC41540_PB,GSM4104142_CAAGATCGTATAGGTA-1,0.1361646405604573
CXCR3-,HC,PTC41540_PB,GSM4104142_CAAGGCCCACACGCTG-1,-0.5535967270196153
CXCR3-,HC,PTC41540_PB,GSM4104142_CAAGGCCCACATTCGA-1,-0.2960063223439748
CXCR3-,HC,PTC41540_PB,GSM4104142_CAAGGCCTCGTGGGAA-1,-0.34684940802238706
CXCR3-,HC,PTC41540_PB,GSM4104142_CAAGGCCTCTTTACGT-1,-0.18047282246191423
CXCR3-,HC,PTC41540_PB,GSM4104142_CAAGTTGCACATGGGA-1,-0.10056797643315316
CXCR3-,HC,PTC41540_PB,GSM4104142_CAAGTTGTCGGCTTGG-1,-0.10056797643315316
CXCR3-,HC,PTC41540_PB,GSM4104142_CACAAACAGTACGCGA-1,-0.10056797643315316
CXCR3-,HC,PTC41540_PB,GSM4104142_CACAAACTCTACCTGC-1,-0.10056797643315316
CXCR3-,HC,PTC41540_PB,GSM4104142_CACACAAAGCTACCGC-1,-0.11320294727010283
CXCR3-,HC,PTC41540_PB,GSM4104142_CACACAAGTGCCTTGG-1,-0.22537842319333823
CXCR3-,HC,PTC41540_PB,GSM4104142_CACACAATCGGCGCTA-1,-0.27756401020635585
CXCR3-,HC,PTC41540_PB,GSM4104142_CACACAATCGTTGACA-1,-0.10056797643315316
CXCR3-,HC,PTC41540_PB,GSM4104142_CACACCTCATACGCCG-1,-0.10056797643315316
CXCR3-,HC,PTC41540_PB,GSM4104142_CACACCTTCTCGATGA-1,-0.10056797643315316
CXCR3-,HC,PTC41540_PB,GSM4104142_CACACTCAGCTCCCAG-1,-0.10056797643315316
CXCR3-,HC,PTC41540_PB,GSM4104142_CACACTCAGTGAAGAG-1,-0.25342130584050204
CXCR3-,HC,PTC41540_PB,GSM4104142_CACAGGCCAAGAAGAG-1,-0.10056797643315316
CXCR3-,HC,PTC41540_PB,GSM4104142_CACAGTAGTTCATGGT-1,-0.10056797643315316
CXCR3-,HC,PTC41540_PB,GSM4104142_CACATAGAGGTTCCTA-1,-0.10056797643315316
CXCR3-,HC,PTC41540_PB,GSM4104142_CACATAGCAGCTGTAT-1,-0.10056797643315316
CXCR3-,HC,PTC41540_PB,GSM4104142_CACATAGGTATAGTAG-1,-0.10056797643315316
CXCR3-,HC,PTC41540_PB,GSM4104142_CACATTTGTGACTACT-1,-0.06724779724996478
CXCR3-,HC,PTC41540_PB,GSM4104142_CACCACTCAAGCTGTT-1,-0.23626242382701987
CXCR3-,HC,PTC41540_PB,GSM4104142_CACCACTTCCAGTATG-1,-0.754141869828051
CXCR3-,HC,PTC41540_PB,GSM4104142_CACCAGGTCGAACGGA-1,-0.10056797643315316
CXCR3-,HC,PTC41540_PB,GSM4104142_CACCAGGTCTACTATC-1,-0.10056797643315316
CXCR3-,HC,PTC41540_PB,GSM4104142_CACCTTGAGAGACTTA-1,-0.10056797643315316
CXCR3-,HC,PTC41540_PB,GSM4104142_CACCTTGAGAGCTGGT-1,-0.10056797643315316
CXCR3-,HC,PTC41540_PB,GSM4104142_CACTCCAAGTGAACGC-1,-0.10056797643315316
CXCR3-,HC,PTC41540_PB,GSM4104142_CAGAATCTCCTAGTGA-1,-0.10056797643315316
CXCR3-,HC,PTC41540_PB,GSM4104142_CAGAATCTCGGCTACG-1,0.23401736762551772
CXCR3-,HC,PTC41540_PB,GSM4104142_CAGAGAGCAAGTAGTA-1,-0.10056797643315316
CXCR3-,HC,PTC41540_PB,GSM4104142_CAGAGAGCACTCGACG-1,-0.10056797643315316
CXCR3-,HC,PTC41540_PB,GSM4104142_CAGAGAGTCACGATGT-1,-0.10056797643315316
CXCR3-,HC,PTC41540_PB,GSM4104142_CAGAGAGTCGCGGATC-1,-0.10056797643315316
CXCR3-,HC,PTC41540_PB,GSM4104142_CAGATCACATTGGTAC-1,-0.10056797643315316
CXCR3-,HC,PTC41540_PB,GSM4104142_CAGCAGCAGGCATGGT-1,-0.10056797643315316
CXCR3-,HC,PTC41540_PB,GSM4104142_CAGCAGCCAGTCAGCC-1,0.012239478271254307
CXCR3-,HC,PTC41540_PB,GSM4104142_CAGCAGCTCGCGCCAA-1,-0.10056797643315316
CXCR3-,HC,PTC41540_PB,GSM4104142_CAGCATAGTACATGTC-1,0.07099022347100648
CXCR3-,HC,PTC41540_PB,GSM4104142_CAGCATATCGGAGCAA-1,0.16704974688393737
CXCR3-,HC,PTC41540_PB,GSM4104142_CAGCCGATCTGGTATG-1,-0.10056797643315316
CXCR3-,HC,PTC41540_PB,GSM4104142_CAGCGACAGGCATTGG-1,-1.3216948805236584
CXCR3-,HC,PTC41540_PB,GSM4104142_CAGCGACCACTACAGT-1,-0.1574300882123696
CXCR3+,HC,PTC41540_PB,GSM4104142_CAGCGACTCAGGCAAG-1,-0.10056797643315316
CXCR3-,HC,PTC41540_PB,GSM4104142_CAGCGACTCGTTACGA-1,-1.3245862280147382
CXCR3-,HC,PTC41540_PB,GSM4104142_CAGCGACTCTGGGCCA-1,-0.10056797643315316
CXCR3-,HC,PTC41540_PB,GSM4104142_CAGCTAAAGGTGCACA-1,-0.10056797643315316
CXCR3-,HC,PTC41540_PB,GSM4104142_CAGCTAAAGTTGAGTA-1,-0.5453588950913882
CXCR3-,HC,PTC41540_PB,GSM4104142_CAGCTAACAATGGAGC-1,-0.03477120778868226
CXCR3-,HC,PTC41540_PB,GSM4104142_CAGGTGCGTCATACTG-1,-0.10056797643315316
CXCR3-,HC,PTC41540_PB,GSM4104142_CAGGTGCTCCGGGTGT-1,0.2711001094116886
CXCR3-,HC,PTC41540_PB,GSM4104142_CAGTAACAGCGCCTTG-1,-0.10056797643315316
CXCR3-,HC,PTC41540_PB,GSM4104142_CAGTAACCACATCCAA-1,-0.2901245057293548
CXCR3-,HC,PTC41540_PB,GSM4104142_CAGTAACCATTAGGCT-1,-0.22425408457720808
CXCR3-,HC,PTC41540_PB,GSM4104142_CAGTAACGTCGACTGC-1,0.017701895672173347
CXCR3-,HC,PTC41540_PB,GSM4104142_CAGTAACGTCTCACCT-1,-0.10056797643315316
CXCR3-,HC,PTC41540_PB,GSM4104142_CATATGGAGCGGCTTC-1,-0.10056797643315316
CXCR3-,HC,PTC41540_PB,GSM4104142_CATATGGGTGACTCAT-1,-0.318664498364234
CXCR3-,HC,PTC41540_PB,GSM4104142_CATATGGTCAGCACAT-1,-0.10056797643315316
CXCR3-,HC,PTC41540_PB,GSM4104142_CATATGGTCTTGAGAC-1,-0.10056797643315316
CXCR3-,HC,PTC41540_PB,GSM4104142_CATATTCCAAACAACA-1,-0.10056797643315316
CXCR3-,HC,PTC41540_PB,GSM4104142_CATATTCCAAACCCAT-1,-0.10056797643315316
CXCR3-,HC,PTC41540_PB,GSM4104142_CATATTCGTTTAAGCC-1,-0.10056797643315316
CXCR3-,HC,PTC41540_PB,GSM4104142_CATCAAGCATCCGCGA-1,-0.13703992424913164
CXCR3-,HC,PTC41540_PB,GSM4104142_CATCAAGGTCTCTCTG-1,-0.10056797643315316
CXCR3-,HC,PTC41540_PB,GSM4104142_CATCAGACACCTCGGA-1,-0.10056797643315316
CXCR3-,HC,PTC41540_PB,GSM4104142_CATCAGAGTATATGAG-1,-0.10056797643315316
CXCR3-,HC,PTC41540_PB,GSM4104142_CATCCACTCGAATGCT-1,-0.2679736836858219
CXCR3-,HC,PTC41540_PB,GSM4104142_CATCGAAGTGCTAGCC-1,-0.10056797643315316
CXCR3-,HC,PTC41540_PB,GSM4104142_CATCGAATCCCACTTG-1,-0.1315853455279486
CXCR3-,HC,PTC41540_PB,GSM4104142_CATCGAATCGTTGACA-1,0.1628268917035667
CXCR3-,HC,PTC41540_PB,GSM4104142_CATGACACAACACCTA-1,-0.10056797643315316
CXCR3-,HC,PTC41540_PB,GSM4104142_CATGGCGCAAACTGTC-1,-0.2645549005429953
CXCR3-,HC,PTC41540_PB,GSM4104142_CATGGCGCAGATAATG-1,-0.22947397046608892
CXCR3-,HC,PTC41540_PB,GSM4104142_CATGGCGTCGGGAGTA-1,-0.10056797643315316
CXCR3-,HC,PTC41540_PB,GSM4104142_CATTATCAGATGTGTA-1,-0.10056797643315316
CXCR3-,HC,PTC41540_PB,GSM4104142_CATTATCCACCGTTGG-1,-0.10056797643315316
CXCR3-,HC,PTC41540_PB,GSM4104142_CATTCGCAGGCCCGTT-1,0.09347684050723655
CXCR3-,HC,PTC41540_PB,GSM4104142_CATTCGCCAGTATCTG-1,-0.10056797643315316
CXCR3-,HC,PTC41540_PB,GSM4104142_CATTCGCGTGAAGGCT-1,-0.10056797643315316
CXCR3-,HC,PTC41540_PB,GSM4104142_CCACCTAAGACACTAA-1,-0.10056797643315316
CXCR3-,HC,PTC41540_PB,GSM4104142_CCACCTAAGCGCTCCA-1,-0.09939796461879961
CXCR3-,HC,PTC41540_PB,GSM4104142_CCACCTACAAATTGCC-1,0.24431994137227683
CXCR3-,HC,PTC41540_PB,GSM4104142_CCACCTACATCTCCCA-1,-0.22473313210096105
CXCR3-,HC,PTC41540_PB,GSM4104142_CCACCTATCTTATCTG-1,-0.10056797643315316
CXCR3-,HC,PTC41540_PB,GSM4104142_CCACGGAAGAGGTAGA-1,-0.10056797643315316
CXCR3-,HC,PTC41540_PB,GSM4104142_CCACGGACATGATCCA-1,-0.10056797643315316
CXCR3-,HC,PTC41540_PB,GSM4104142_CCACGGATCAGCTCTC-1,0.018979166603446167
CXCR3-,HC,PTC41540_PB,GSM4104142_CCACTACCAGCGTTCG-1,-0.2703320261310462
CXCR3-,HC,PTC41540_PB,GSM4104142_CCACTACCATGTTCCC-1,-0.10056797643315316
CXCR3-,HC,PTC41540_PB,GSM4104142_CCAGCGAAGTGACATA-1,-0.10056797643315316
CXCR3-,HC,PTC41540_PB,GSM4104142_CCAGCGAGTGTGCCTG-1,-0.10056797643315316
CXCR3-,HC,PTC41540_PB,GSM4104142_CCATGTCCAGCTGCAC-1,-0.10056797643315316
CXCR3-,HC,PTC41540_PB,GSM4104142_CCATTCGAGGGCTCTC-1,0.2869941758665746
CXCR3-,HC,PTC41540_PB,GSM4104142_CCATTCGTCTCCGGTT-1,-0.10056797643315316
CXCR3-,HC,PTC41540_PB,GSM4104142_CCCAATCAGCTGCAAG-1,-0.10056797643315316
CXCR3-,HC,PTC41540_PB,GSM4104142_CCCAATCAGTTCGATC-1,-0.10056797643315316
CXCR3-,HC,PTC41540_PB,GSM4104142_CCCATACAGCGTTGCC-1,-0.10056797643315316
CXCR3-,HC,PTC41540_PB,GSM4104142_CCCATACCAAACGCGA-1,-0.22528833885057487
CXCR3-,HC,PTC41540_PB,GSM4104142_CCCATACCAAGCGCTC-1,-0.10056797643315316
CXCR3-,HC,PTC41540_PB,GSM4104142_CCCTCCTGTGGCGAAT-1,-0.10056797643315316
CXCR3-,HC,PTC41540_PB,GSM4104142_CCCTCCTTCACGACTA-1,-0.8764142500917453
CXCR3-,HC,PTC41540_PB,GSM4104142_CCCTCCTTCGAACTGT-1,-0.07435567086094788
CXCR3-,HC,PTC41540_PB,GSM4104142_CCGGGATGTAGGACAC-1,-0.10056797643315316
CXCR3-,HC,PTC41540_PB,GSM4104142_CCGTACTTCCAAACTG-1,-0.10056797643315316
CXCR3-,HC,PTC41540_PB,GSM4104142_CCGTGGAGTAGATTAG-1,-0.10056797643315316
CXCR3-,HC,PTC41540_PB,GSM4104142_CCTAAAGAGTGTGAAT-1,-0.26440126596208113
CXCR3-,HC,PTC41540_PB,GSM4104142_CCTACACAGAAACGAG-1,-0.2417209756435714
CXCR3-,HC,PTC41540_PB,GSM4104142_CCTACACGTGAACCTT-1,0.22059921286814418
CXCR3-,HC,PTC41540_PB,GSM4104142_CCTACCATCTTGACGA-1,-0.5732269195597807
CXCR3+,HC,PTC41540_PB,GSM4104142_CCTAGCTAGACTAGAT-1,-0.10278926526205576
CXCR3-,HC,PTC41540_PB,GSM4104142_CCTAGCTGTGTCTGAT-1,-0.10056797643315316
CXCR3-,HC,PTC41540_PB,GSM4104142_CCTAGCTTCAGTTCGA-1,-0.10056797643315316
CXCR3-,HC,PTC41540_PB,GSM4104142_CCTCAGTCAAGTTAAG-1,-0.10056797643315316
CXCR3-,HC,PTC41540_PB,GSM4104142_CCTCTGAAGACTTGAA-1,-0.10056797643315316
CXCR3-,HC,PTC41540_PB,GSM4104142_CCTCTGAAGCGTGAAC-1,-0.10056797643315316
CXCR3-,HC,PTC41540_PB,GSM4104142_CCTCTGACAAAGGTGC-1,0.0404306376389023
CXCR3-,HC,PTC41540_PB,GSM4104142_CCTCTGAGTACGCTGC-1,-0.08838623308922212
CXCR3-,HC,PTC41540_PB,GSM4104142_CCTTACGCATGTTCCC-1,-0.10056797643315316
CXCR3-,HC,PTC41540_PB,GSM4104142_CCTTCCCCAAAGTCAA-1,0.30853571485178005
CXCR3-,HC,PTC41540_PB,GSM4104142_CCTTCCCCAGGGTTAG-1,-0.10056797643315316
CXCR3-,HC,PTC41540_PB,GSM4104142_CCTTCCCCATACGCCG-1,-0.10056797643315316
CXCR3-,HC,PTC41540_PB,GSM4104142_CCTTCGACATAGAAAC-1,-0.3514314839296733
CXCR3-,HC,PTC41540_PB,GSM4104142_CCTTTCTGTCTCCCTA-1,-0.2761048555075564
CXCR3-,HC,PTC41540_PB,GSM4104142_CGAACATGTAGCGATG-1,0.1560809539187574
CXCR3-,HC,PTC41540_PB,GSM4104142_CGAACATGTAGTGAAT-1,-0.32217696377861454
CXCR3-,HC,PTC41540_PB,GSM4104142_CGAACATTCACATGCA-1,0.33814371252014747
CXCR3-,HC,PTC41540_PB,GSM4104142_CGAATGTCAGGGTTAG-1,-0.10056797643315316
CXCR3-,HC,PTC41540_PB,GSM4104142_CGAATGTGTCTTTCAT-1,-0.3033933741370431
CXCR3+,HC,PTC41540_PB,GSM4104142_CGAATGTTCAAACGGG-1,-0.10056797643315316
CXCR3-,HC,PTC41540_PB,GSM4104142_CGACCTTGTTCAGTAC-1,-0.10056797643315316
CXCR3-,HC,PTC41540_PB,GSM4104142_CGAGAAGCATATACGC-1,-0.32469223279172305
CXCR3-,HC,PTC41540_PB,GSM4104142_CGAGAAGGTCCGAATT-1,-0.6176156015681123
CXCR3-,HC,PTC41540_PB,GSM4104142_CGAGAAGGTGGGTATG-1,-0.10056797643315316
CXCR3-,HC,PTC41540_PB,GSM4104142_CGAGCACAGTCTTGCA-1,-0.10056797643315316
CXCR3-,HC,PTC41540_PB,GSM4104142_CGAGCCACAGACTCGC-1,-0.10056797643315316
CXCR3-,HC,PTC41540_PB,GSM4104142_CGAGCCATCCCAAGTA-1,-0.10056797643315316
CXCR3+,HC,PTC41540_PB,GSM4104142_CGATCGGGTTATCGGT-1,-0.17638200628422968
CXCR3-,HC,PTC41540_PB,GSM4104142_CGATGGCAGTTGAGTA-1,-0.10056797643315316
CXCR3-,HC,PTC41540_PB,GSM4104142_CGATTGAAGAAACCTA-1,-0.10056797643315316
CXCR3-,HC,PTC41540_PB,GSM4104142_CGATTGAAGCTGAACG-1,-0.10056797643315316
CXCR3-,HC,PTC41540_PB,GSM4104142_CGCCAAGAGTGACTCT-1,-0.10056797643315316
CXCR3-,HC,PTC41540_PB,GSM4104142_CGCCAAGCAGGCTGAA-1,-0.10056797643315316
CXCR3-,HC,PTC41540_PB,GSM4104142_CGCCAAGCATTCCTGC-1,-0.10056797643315316
CXCR3-,HC,PTC41540_PB,GSM4104142_CGCCAAGTCAAACCGT-1,-0.283055105790445
CXCR3-,HC,PTC41540_PB,GSM4104142_CGCGGTAGTGGGTATG-1,-0.10056797643315316
CXCR3-,HC,PTC41540_PB,GSM4104142_CGCGGTATCCTCATTA-1,-0.10056797643315316
CXCR3-,HC,PTC41540_PB,GSM4104142_CGCGTTTCAAAGGCGT-1,0.30923445522018583
CXCR3-,HC,PTC41540_PB,GSM4104142_CGCTATCAGTCTTGCA-1,-0.10056797643315316
CXCR3-,HC,PTC41540_PB,GSM4104142_CGCTGGATCCCTTGTG-1,-0.22051678297018698
CXCR3-,HC,PTC41540_PB,GSM4104142_CGCTTCACACCTTGTC-1,0.16137100697225298
CXCR3-,HC,PTC41540_PB,GSM4104142_CGCTTCAGTCTCTTTA-1,-0.10056797643315316
CXCR3-,HC,PTC41540_PB,GSM4104142_CGCTTCATCGTGACAT-1,-0.10056797643315316
CXCR3-,HC,PTC41540_PB,GSM4104142_CGGACACAGATATACG-1,-0.004363617010325838
CXCR3-,HC,PTC41540_PB,GSM4104142_CGGACACAGTGTACGG-1,-0.10056797643315316
CXCR3-,HC,PTC41540_PB,GSM4104142_CGGACACGTACTCTCC-1,-0.10056797643315316
CXCR3-,HC,PTC41540_PB,GSM4104142_CGGACACGTGGTACAG-1,-0.10056797643315316
CXCR3-,HC,PTC41540_PB,GSM4104142_CGGACGTCAACTGCTA-1,-0.22450196340922607
CXCR3-,HC,PTC41540_PB,GSM4104142_CGGACTGGTAGGCATG-1,-0.2180206264451279
CXCR3-,HC,PTC41540_PB,GSM4104142_CGGAGCTAGAAGAAGC-1,-0.10056797643315316
CXCR3-,HC,PTC41540_PB,GSM4104142_CGGAGCTGTCTCTCTG-1,-0.34031372234198753
CXCR3-,HC,PTC41540_PB,GSM4104142_CGGAGTCAGGTTACCT-1,-0.10056797643315316
CXCR3-,HC,PTC41540_PB,GSM4104142_CGGAGTCCAAATTGCC-1,-0.44947715667280747
CXCR3-,HC,PTC41540_PB,GSM4104142_CGGAGTCGTCGAAAGC-1,-0.24720843529774328
CXCR3-,HC,PTC41540_PB,GSM4104142_CGGAGTCTCCTCAACC-1,-0.10056797643315316
CXCR3-,HC,PTC41540_PB,GSM4104142_CGGCTAGCACAGACAG-1,-0.10056797643315316
CXCR3-,HC,PTC41540_PB,GSM4104142_CGGCTAGCATCCTTGC-1,-0.4570613299222167
CXCR3-,HC,PTC41540_PB,GSM4104142_CGGCTAGTCAGTACGT-1,-0.10056797643315316
CXCR3-,HC,PTC41540_PB,GSM4104142_CGGGTCAAGGAGCGAG-1,-0.5587326728864949
CXCR3-,HC,PTC41540_PB,GSM4104142_CGGTTAAAGCCCAACC-1,-0.10056797643315316
CXCR3-,HC,PTC41540_PB,GSM4104142_CGGTTAAAGCGCTTAT-1,-0.10056797643315316
CXCR3-,HC,PTC41540_PB,GSM4104142_CGGTTAACATGTCTCC-1,-0.15509394898047635
CXCR3-,HC,PTC41540_PB,GSM4104142_CGTAGCGAGGCAAAGA-1,-0.10056797643315316
CXCR3-,HC,PTC41540_PB,GSM4104142_CGTAGCGGTGATGTGG-1,-0.38121343057635076
CXCR3-,HC,PTC41540_PB,GSM4104142_CGTAGCGTCGGTTCGG-1,-0.10056797643315316
CXCR3-,HC,PTC41540_PB,GSM4104142_CGTAGGCAGAGTTGGC-1,-0.10056797643315316
CXCR3-,HC,PTC41540_PB,GSM4104142_CGTCACTCACAAGCCC-1,-0.10056797643315316
CXCR3-,HC,PTC41540_PB,GSM4104142_CGTCACTTCAGCGATT-1,-0.8486231284226372
CXCR3-,HC,PTC41540_PB,GSM4104142_CGTCACTTCAGTTAGC-1,-0.31552666412824404
CXCR3-,HC,PTC41540_PB,GSM4104142_CGTCAGGCAGTCACTA-1,-0.10056797643315316
CXCR3-,HC,PTC41540_PB,GSM4104142_CGTCAGGTCAGTACGT-1,-0.10056797643315316
CXCR3-,HC,PTC41540_PB,GSM4104142_CGTCAGGTCTTTACGT-1,-0.10056797643315316
CXCR3-,HC,PTC41540_PB,GSM4104142_CGTCCATAGACTTTCG-1,-0.10056797643315316
CXCR3-,HC,PTC41540_PB,GSM4104142_CGTCCATAGCACGCCT-1,-0.22593304527041194
CXCR3-,HC,PTC41540_PB,GSM4104142_CGTCTACGTGATGTGG-1,-0.10056797643315316
CXCR3-,HC,PTC41540_PB,GSM4104142_CGTGAGCGTGACGCCT-1,-0.10056797643315316
CXCR3-,HC,PTC41540_PB,GSM4104142_CGTGTAACACCTATCC-1,-0.10056797643315316
CXCR3-,HC,PTC41540_PB,GSM4104142_CGTGTAACATCTCGCT-1,0.18618841727143678
CXCR3-,HC,PTC41540_PB,GSM4104142_CGTGTAAGTAATAGCA-1,-0.7204358858874633
CXCR3-,HC,PTC41540_PB,GSM4104142_CGTGTAAGTCAGAATA-1,-0.31200662244839755
CXCR3-,HC,PTC41540_PB,GSM4104142_CGTGTCTCAGCGTTCG-1,-0.10056797643315316
CXCR3-,HC,PTC41540_PB,GSM4104142_CGTGTCTCAGTCTTCC-1,-0.08148391386553873
CXCR3-,HC,PTC41540_PB,GSM4104142_CGTGTCTTCATCACCC-1,-0.10056797643315316
CXCR3-,HC,PTC41540_PB,GSM4104142_CGTTCTGAGATCCCGC-1,-0.21836178963522
CXCR3-,HC,PTC41540_PB,GSM4104142_CGTTCTGAGTTCCACA-1,-0.7220426774897426
CXCR3-,HC,PTC41540_PB,GSM4104142_CGTTCTGAGTTGTAGA-1,-0.31591021726448537
CXCR3-,HC,PTC41540_PB,GSM4104142_CGTTGGGCAAGACGTG-1,0.11586859977045827
CXCR3-,HC,PTC41540_PB,GSM4104142_CGTTGGGTCAAACAAG-1,-0.10056797643315316
CXCR3-,HC,PTC41540_PB,GSM4104142_CGTTGGGTCTAACGGT-1,-0.10056797643315316
CXCR3-,HC,PTC41540_PB,GSM4104142_CTAACTTAGGTAAACT-1,0.21188777830364725
CXCR3-,HC,PTC41540_PB,GSM4104142_CTAACTTCATCCCATC-1,0.16295846453984758
CXCR3-,HC,PTC41540_PB,GSM4104142_CTACACCCATGCTAGT-1,-0.10056797643315316
CXCR3-,HC,PTC41540_PB,GSM4104142_CTACACCCATGGTAGG-1,-0.10056797643315316
CXCR3-,HC,PTC41540_PB,GSM4104142_CTACATTAGGCAATTA-1,-0.10056797643315316
CXCR3-,HC,PTC41540_PB,GSM4104142_CTACATTCAAGTCTGT-1,-0.10056797643315316
CXCR3-,HC,PTC41540_PB,GSM4104142_CTACATTCACAGACAG-1,-0.4872065101972795
CXCR3-,HC,PTC41540_PB,GSM4104142_CTACATTCAGAGTGTG-1,-0.10056797643315316
CXCR3-,HC,PTC41540_PB,GSM4104142_CTACATTGTAAGTTCC-1,-0.10056797643315316
CXCR3-,HC,PTC41540_PB,GSM4104142_CTACATTTCGTTTATC-1,-0.10056797643315316
CXCR3-,HC,PTC41540_PB,GSM4104142_CTACCCAGTTAAAGTG-1,-0.10056797643315316
CXCR3-,HC,PTC41540_PB,GSM4104142_CTACCCATCCGAATGT-1,-0.5254196164282994
CXCR3-,HC,PTC41540_PB,GSM4104142_CTAGAGTAGCTGAAAT-1,-0.10056797643315316
CXCR3-,HC,PTC41540_PB,GSM4104142_CTAGAGTAGGATCGCA-1,-0.10056797643315316
CXCR3-,HC,PTC41540_PB,GSM4104142_CTAGCCTAGGCCATAG-1,0.1409348653414267
CXCR3-,HC,PTC41540_PB,GSM4104142_CTAGCCTCAACGATCT-1,-0.10056797643315316
CXCR3-,HC,PTC41540_PB,GSM4104142_CTAGCCTGTGCTAGCC-1,-0.14706270305069777
CXCR3-,HC,PTC41540_PB,GSM4104142_CTAGTGAAGTGTCCCG-1,-0.10056797643315316
CXCR3-,HC,PTC41540_PB,GSM4104142_CTAGTGACACAACTGT-1,0.0726277186191656
CXCR3-,HC,PTC41540_PB,GSM4104142_CTAGTGACATCCCATC-1,-0.10056797643315316
CXCR3-,HC,PTC41540_PB,GSM4104142_CTAGTGATCATCTGCC-1,-0.10056797643315316
CXCR3+,HC,PTC41540_PB,GSM4104142_CTCACACAGAAGATTC-1,-0.10056797643315316
CXCR3-,HC,PTC41540_PB,GSM4104142_CTCACACGTTAAGACA-1,0.25735080837169383
CXCR3-,HC,PTC41540_PB,GSM4104142_CTCAGAAGTCACCTAA-1,-0.10056797643315316
CXCR3-,HC,PTC41540_PB,GSM4104142_CTCATTAGTGAGGCTA-1,-0.8033895394114622
CXCR3-,HC,PTC41540_PB,GSM4104142_CTCATTATCGATAGAA-1,-0.10056797643315316
CXCR3-,HC,PTC41540_PB,GSM4104142_CTCCTAGAGATAGCAT-1,-0.10056797643315316
CXCR3-,HC,PTC41540_PB,GSM4104142_CTCCTAGAGGTCGGAT-1,-0.10056797643315316
CXCR3-,HC,PTC41540_PB,GSM4104142_CTCCTAGCAACACGCC-1,0.15416666073569285
CXCR3-,HC,PTC41540_PB,GSM4104142_CTCCTAGCACATCCAA-1,-0.018191221812987428
CXCR3-,HC,PTC41540_PB,GSM4104142_CTCCTAGGTGACTACT-1,-0.10056797643315316
CXCR3-,HC,PTC41540_PB,GSM4104142_CTCGAAACATGATCCA-1,-0.3169406869157738
CXCR3-,HC,PTC41540_PB,GSM4104142_CTCGAAAGTGGACGAT-1,-0.10056797643315316
CXCR3-,HC,PTC41540_PB,GSM4104142_CTCGAGGAGTGTTAGA-1,-0.10056797643315316
CXCR3+,HC,PTC41540_PB,GSM4104142_CTCGAGGGTCTCATCC-1,-0.17932673371642854
CXCR3-,HC,PTC41540_PB,GSM4104142_CTCGGAGAGCTTTGGT-1,-0.10056797643315316
CXCR3-,HC,PTC41540_PB,GSM4104142_CTCGGAGTCGGCGGTT-1,-0.19808309648353997
CXCR3-,HC,PTC41540_PB,GSM4104142_CTCGGAGTCTATGTGG-1,-0.10056797643315316
CXCR3-,HC,PTC41540_PB,GSM4104142_CTCGGGACAGATCGGA-1,-0.23889510525349092
CXCR3-,HC,PTC41540_PB,GSM4104142_CTCGGGATCAACGCTA-1,0.2646354099947291
CXCR3-,HC,PTC41540_PB,GSM4104142_CTCGTACAGCATCATC-1,-0.10056797643315316
CXCR3+,HC,PTC41540_PB,GSM4104142_CTCGTACCAGGTGCCT-1,0.13654609531698
CXCR3-,HC,PTC41540_PB,GSM4104142_CTCGTCATCACTGGGC-1,-0.10056797643315316
CXCR3-,HC,PTC41540_PB,GSM4104142_CTCTAATGTTATGTGC-1,-0.10056797643315316
CXCR3-,HC,PTC41540_PB,GSM4104142_CTCTAATGTTCGTTGA-1,-0.28767458004856067
CXCR3-,HC,PTC41540_PB,GSM4104142_CTCTACGGTAGCCTAT-1,-0.10056797643315316
CXCR3-,HC,PTC41540_PB,GSM4104142_CTCTGGTAGAATCTCC-1,-0.10056797643315316
CXCR3-,HC,PTC41540_PB,GSM4104142_CTCTGGTCAAGACACG-1,-0.3478640217442487
CXCR3-,HC,PTC41540_PB,GSM4104142_CTCTGGTCATTTGCTT-1,-0.10056797643315316
CXCR3+,HC,PTC41540_PB,GSM4104142_CTCTGGTTCATGTCTT-1,0.017470052253267785
CXCR3-,HC,PTC41540_PB,GSM4104142_CTGAAACAGCAGCCTC-1,0.14294668585814874
CXCR3-,HC,PTC41540_PB,GSM4104142_CTGAAACCACCAACCG-1,0.14970880139966875
CXCR3-,HC,PTC41540_PB,GSM4104142_CTGAAGTAGCAACGGT-1,-0.10056797643315316
CXCR3-,HC,PTC41540_PB,GSM4104142_CTGAAGTCAATCGAAA-1,-0.10056797643315316
CXCR3-,HC,PTC41540_PB,GSM4104142_CTGAAGTCATGTTCCC-1,-0.20468529993700577
CXCR3-,HC,PTC41540_PB,GSM4104142_CTGAAGTGTATAGGTA-1,-0.10056797643315316
CXCR3-,HC,PTC41540_PB,GSM4104142_CTGAAGTTCCTAGAAC-1,-0.10056797643315316
CXCR3-,HC,PTC41540_PB,GSM4104142_CTGAAGTTCGTAGGTT-1,-0.10056797643315316
CXCR3-,HC,PTC41540_PB,GSM4104142_CTGATAGCACGTCTCT-1,-0.10056797643315316
CXCR3-,HC,PTC41540_PB,GSM4104142_CTGATCCGTCCCTACT-1,-0.10056797643315316
CXCR3-,HC,PTC41540_PB,GSM4104142_CTGATCCGTCCTCTTG-1,-0.10056797643315316
CXCR3-,HC,PTC41540_PB,GSM4104142_CTGATCCTCGGTGTTA-1,-0.10056797643315316
CXCR3-,HC,PTC41540_PB,GSM4104142_CTGCCTACAGATGAGC-1,-0.10056797643315316
CXCR3-,HC,PTC41540_PB,GSM4104142_CTGCCTAGTCTAGCCG-1,-0.10056797643315316
CXCR3-,HC,PTC41540_PB,GSM4104142_CTGCCTATCCGCATCT-1,-0.10056797643315316
CXCR3+,HC,PTC41540_PB,GSM4104142_CTGCGGACAGCAGTTT-1,0.3966669145457905
CXCR3-,HC,PTC41540_PB,GSM4104142_CTGCGGATCTCACATT-1,-0.10056797643315316
CXCR3-,HC,PTC41540_PB,GSM4104142_CTGCTGTAGCCTCGTG-1,-0.10056797643315316
CXCR3-,HC,PTC41540_PB,GSM4104142_CTGCTGTAGGATGGAA-1,-0.10056797643315316
CXCR3+,HC,PTC41540_PB,GSM4104142_CTGCTGTTCAACGAAA-1,-0.10056797643315316
CXCR3-,HC,PTC41540_PB,GSM4104142_CTGCTGTTCCTTGGTC-1,-0.10056797643315316
CXCR3-,HC,PTC41540_PB,GSM4104142_CTGGTCTGTCTCTCTG-1,-0.10056797643315316
CXCR3-,HC,PTC41540_PB,GSM4104142_CTGGTCTGTGTTGGGA-1,-0.5434012970920904
CXCR3-,HC,PTC41540_PB,GSM4104142_CTGTGCTGTAAGCACG-1,-0.10056797643315316
CXCR3-,HC,PTC41540_PB,GSM4104142_CTGTGCTTCAACACTG-1,-0.10056797643315316
CXCR3-,HC,PTC41540_PB,GSM4104142_CTGTTTAAGTCTCAAC-1,-0.10056797643315316
CXCR3-,HC,PTC41540_PB,GSM4104142_CTGTTTAGTCTAGAGG-1,-0.21164878672938206
CXCR3-,HC,PTC41540_PB,GSM4104142_CTTAACTAGCGTCTAT-1,-0.7066798698127282
CXCR3+,HC,PTC41540_PB,GSM4104142_CTTAACTCATCCAACA-1,0.5057005696941521
CXCR3-,HC,PTC41540_PB,GSM4104142_CTTAACTGTACATGTC-1,-0.3377830031512632
CXCR3-,HC,PTC41540_PB,GSM4104142_CTTACCGAGTGGGATC-1,-0.10056797643315316
CXCR3-,HC,PTC41540_PB,GSM4104142_CTTACCGCACATAACC-1,-0.2687319655676048
CXCR3-,HC,PTC41540_PB,GSM4104142_CTTAGGAAGTCACGCC-1,-0.10056797643315316
CXCR3-,HC,PTC41540_PB,GSM4104142_CTTCTCTAGCGTCTAT-1,-0.10056797643315316
CXCR3-,HC,PTC41540_PB,GSM4104142_CTTCTCTAGGGTGTTG-1,-0.10056797643315316
CXCR3-,HC,PTC41540_PB,GSM4104142_CTTGGCTCACTTCTGC-1,-0.10056797643315316
CXCR3-,HC,PTC41540_PB,GSM4104142_CTTGGCTTCACGCATA-1,0.1396941462770171
CXCR3-,HC,PTC41540_PB,GSM4104142_GAAACTCCATCGGAAG-1,-0.10056797643315316
CXCR3-,HC,PTC41540_PB,GSM4104142_GAAACTCTCAAAGTAG-1,-0.10056797643315316
CXCR3-,HC,PTC41540_PB,GSM4104142_GAAACTCTCTCCGGTT-1,-0.2568001256044933
CXCR3-,HC,PTC41540_PB,GSM4104142_GAAATGAGTGCCTTGG-1,-0.10056797643315316
CXCR3-,HC,PTC41540_PB,GSM4104142_GAAATGAGTGGTCTCG-1,-0.12680892285664616
CXCR3-,HC,PTC41540_PB,GSM4104142_GAACATCCAGAAGCAC-1,-0.10056797643315316
CXCR3-,HC,PTC41540_PB,GSM4104142_GAACATCGTCGATTGT-1,-0.10056797643315316
CXCR3-,HC,PTC41540_PB,GSM4104142_GAACCTATCGAATGCT-1,-0.10056797643315316
CXCR3-,HC,PTC41540_PB,GSM4104142_GAACGGAAGTACGTTC-1,-0.2256314137771305
CXCR3-,HC,PTC41540_PB,GSM4104142_GAAGCAGCAGCTGCTG-1,-0.10056797643315316
CXCR3-,HC,PTC41540_PB,GSM4104142_GAAGCAGGTGCCTGGT-1,0.10323254029811828
CXCR3-,HC,PTC41540_PB,GSM4104142_GAAGCAGTCCACGCAG-1,-0.10056797643315316
CXCR3-,HC,PTC41540_PB,GSM4104142_GAAGCAGTCCAGAAGG-1,-0.250496161274
CXCR3-,HC,PTC41540_PB,GSM4104142_GAAGCAGTCGCGATCG-1,0.08382223834540417
CXCR3-,HC,PTC41540_PB,GSM4104142_GACACGCAGAAACGCC-1,-0.24921431019629933
CXCR3-,HC,PTC41540_PB,GSM4104142_GACACGCAGATATACG-1,-0.24967495541366466
CXCR3-,HC,PTC41540_PB,GSM4104142_GACAGAGAGCGTGAGT-1,-0.10056797643315316
CXCR3-,HC,PTC41540_PB,GSM4104142_GACAGAGCACTACAGT-1,-0.10056797643315316
CXCR3-,HC,PTC41540_PB,GSM4104142_GACAGAGTCTGGTTCC-1,-0.15976825640687667
CXCR3-,HC,PTC41540_PB,GSM4104142_GACCAATCAGCCACCA-1,-0.2759302639093023
CXCR3-,HC,PTC41540_PB,GSM4104142_GACCAATGTATCACCA-1,-0.10056797643315316
CXCR3-,HC,PTC41540_PB,GSM4104142_GACCAATGTTCAGACT-1,-0.19284385386019856
CXCR3-,HC,PTC41540_PB,GSM4104142_GACCTGGAGCCACTAT-1,-0.8428478678284489
CXCR3-,HC,PTC41540_PB,GSM4104142_GACGCGTAGTTAAGTG-1,-0.10056797643315316
CXCR3-,HC,PTC41540_PB,GSM4104142_GACGCGTGTCGCTTTC-1,-0.6166502121420887
CXCR3-,HC,PTC41540_PB,GSM4104142_GACGCGTGTTCCAACA-1,-0.10056797643315316
CXCR3-,HC,PTC41540_PB,GSM4104142_GACGGCTTCCGAAGAG-1,0.009100350840135052
CXCR3-,HC,PTC41540_PB,GSM4104142_GACGGCTTCCTAGGGC-1,-0.10056797643315316
CXCR3-,HC,PTC41540_PB,GSM4104142_GACGGCTTCTGACCTC-1,0.10416410169155844
CXCR3-,HC,PTC41540_PB,GSM4104142_GACGTGCCACCCAGTG-1,-0.10056797643315316
CXCR3-,HC,PTC41540_PB,GSM4104142_GACGTGCTCGGCATCG-1,-0.10056797643315316
CXCR3-,HC,PTC41540_PB,GSM4104142_GACGTTACACACCGAC-1,0.17848349521836088
CXCR3-,HC,PTC41540_PB,GSM4104142_GACGTTAGTAAGGGAA-1,0.006839583451637298
CXCR3-,HC,PTC41540_PB,GSM4104142_GACTAACAGCATGGCA-1,-0.3081460288973166
CXCR3-,HC,PTC41540_PB,GSM4104142_GACTACACAGGACGTA-1,-0.05045631513799612
CXCR3-,HC,PTC41540_PB,GSM4104142_GACTACATCCCTAATT-1,-0.2141988792802089
CXCR3-,HC,PTC41540_PB,GSM4104142_GACTACATCGAGGTAG-1,-0.10056797643315316
CXCR3-,HC,PTC41540_PB,GSM4104142_GACTGCGCAGGTCTCG-1,-0.22156569093197348
CXCR3-,HC,PTC41540_PB,GSM4104142_GACTGCGCATGAAGTA-1,-0.10056797643315316
CXCR3-,HC,PTC41540_PB,GSM4104142_GAGCAGACACAGACAG-1,-0.10056797643315316
CXCR3-,HC,PTC41540_PB,GSM4104142_GAGTCCGGTTCGTCTC-1,-0.10056797643315316
CXCR3-,HC,PTC41540_PB,GSM4104142_GATCAGTCAGGAATGC-1,-0.12377929946694045
CXCR3-,HC,PTC41540_PB,GSM4104142_GATCAGTGTTAAGTAG-1,-0.10056797643315316
CXCR3-,HC,PTC41540_PB,GSM4104142_GATCAGTTCGTTTGCC-1,0.16001680875389399
CXCR3-,HC,PTC41540_PB,GSM4104142_GATCGATCATGCAACT-1,-0.10056797643315316
CXCR3-,HC,PTC41540_PB,GSM4104142_GATCGATGTAAGGATT-1,-0.04236988013476561
CXCR3-,HC,PTC41540_PB,GSM4104142_GATCGATTCGATGAGG-1,0.2718939380897106
CXCR3-,HC,PTC41540_PB,GSM4104142_GATCGCGCACATAACC-1,-0.10056797643315316
CXCR3-,HC,PTC41540_PB,GSM4104142_GATCGCGCACGTCTCT-1,-0.3764647805217072
CXCR3-,HC,PTC41540_PB,GSM4104142_GATCGCGGTGTCAATC-1,-0.10056797643315316
CXCR3-,HC,PTC41540_PB,GSM4104142_GATCGCGTCCTAAGTG-1,-0.10056797643315316
CXCR3-,HC,PTC41540_PB,GSM4104142_GATCGTAAGTATTGGA-1,-0.10056797643315316
CXCR3-,HC,PTC41540_PB,GSM4104142_GATCGTACAAAGCGGT-1,-0.10056797643315316
CXCR3+,HC,PTC41540_PB,GSM4104142_GATCTAGAGTCCGGTC-1,-0.10056797643315316
CXCR3-,HC,PTC41540_PB,GSM4104142_GATGAAAAGAGCTGGT-1,-0.11618466550691908
CXCR3-,HC,PTC41540_PB,GSM4104142_GATGAGGTCAAACCGT-1,0.2465709056247591
CXCR3-,HC,PTC41540_PB,GSM4104142_GATGCTACACCGGAAA-1,-0.012536359620176993
CXCR3-,HC,PTC41540_PB,GSM4104142_GATGCTACATGGTAGG-1,-0.10056797643315316
CXCR3-,HC,PTC41540_PB,GSM4104142_GATTCAGAGCAGGCTA-1,-0.10056797643315316
CXCR3-,HC,PTC41540_PB,GSM4104142_GATTCAGCATTGGCGC-1,-0.3280098603411964
CXCR3-,HC,PTC41540_PB,GSM4104142_GATTCAGGTGAAATCA-1,-0.10056797643315316
CXCR3-,HC,PTC41540_PB,GSM4104142_GCAAACTCAGCTCCGA-1,-0.2926080664420562
CXCR3-,HC,PTC41540_PB,GSM4104142_GCAAACTCAGGTCGTC-1,-0.3303839223813467
CXCR3-,HC,PTC41540_PB,GSM4104142_GCAAACTGTAGTGAAT-1,-0.10056797643315316
CXCR3-,HC,PTC41540_PB,GSM4104142_GCAAACTGTTCGTGAT-1,-0.1220262972828096
CXCR3-,HC,PTC41540_PB,GSM4104142_GCAATCACACAGACTT-1,-0.10056797643315316
CXCR3-,HC,PTC41540_PB,GSM4104142_GCAATCACAGACGCCT-1,0.11121147255366289
CXCR3-,HC,PTC41540_PB,GSM4104142_GCAATCAGTCTGATTG-1,-0.35334008392654465
CXCR3-,HC,PTC41540_PB,GSM4104142_GCACATAGTCATCGGC-1,-0.10056797643315316
CXCR3-,HC,PTC41540_PB,GSM4104142_GCACATATCTCCAGGG-1,-0.10056797643315316
CXCR3-,HC,PTC41540_PB,GSM4104142_GCACTCTTCACAATGC-1,0.045385768458111535
CXCR3-,HC,PTC41540_PB,GSM4104142_GCAGCCAAGTGAAGAG-1,-0.10056797643315316
CXCR3-,HC,PTC41540_PB,GSM4104142_GCAGCCAGTTGGTGGA-1,-0.10056797643315316
CXCR3-,HC,PTC41540_PB,GSM4104142_GCAGCCATCGAGAACG-1,-0.10056797643315316
CXCR3-,HC,PTC41540_PB,GSM4104142_GCAGCCATCGGCATCG-1,-0.18041037221239678
CXCR3-,HC,PTC41540_PB,GSM4104142_GCATACAAGAAGGGTA-1,0.1784286504051133
CXCR3-,HC,PTC41540_PB,GSM4104142_GCATACACACCTGGTG-1,-0.32804726270217965
CXCR3-,HC,PTC41540_PB,GSM4104142_GCATACAGTAAATACG-1,-0.10056797643315316
CXCR3-,HC,PTC41540_PB,GSM4104142_GCATACAGTCCGTCAG-1,0.32012584464252136
CXCR3-,HC,PTC41540_PB,GSM4104142_GCATGATGTTAAGAAC-1,0.20440334776873753
CXCR3-,HC,PTC41540_PB,GSM4104142_GCATGCGTCTGGTATG-1,-0.5519920129626773
CXCR3-,HC,PTC41540_PB,GSM4104142_GCATGCGTCTTAGAGC-1,-0.23167932119537912
CXCR3-,HC,PTC41540_PB,GSM4104142_GCATGTAGTGTTGGGA-1,-0.2581868446986778
CXCR3-,HC,PTC41540_PB,GSM4104142_GCATGTATCGGCGCAT-1,-0.10056797643315316
CXCR3-,HC,PTC41540_PB,GSM4104142_GCCAAATTCACTATTC-1,-0.10056797643315316
CXCR3-,HC,PTC41540_PB,GSM4104142_GCCTCTACACTTAACG-1,0.054049001374870446
CXCR3-,HC,PTC41540_PB,GSM4104142_GCCTCTACAGGGAGAG-1,-0.10056797643315316
CXCR3-,HC,PTC41540_PB,GSM4104142_GCCTCTAGTCTCTTAT-1,-0.25613941300425996
CXCR3-,HC,PTC41540_PB,GSM4104142_GCCTCTAGTGCTAGCC-1,-1.2750831998201466
CXCR3-,HC,PTC41540_PB,GSM4104142_GCGACCAGTGAGTGAC-1,-0.10056797643315316
CXCR3-,HC,PTC41540_PB,GSM4104142_GCGACCATCGGTGTTA-1,-0.6458068088794232
CXCR3-,HC,PTC41540_PB,GSM4104142_GCGAGAATCCAAGTAC-1,-0.10056797643315316
CXCR3-,HC,PTC41540_PB,GSM4104142_GCGAGAATCGTGACAT-1,-0.10056797643315316
CXCR3-,HC,PTC41540_PB,GSM4104142_GCGAGAATCGTGGGAA-1,-0.10056797643315316
CXCR3-,HC,PTC41540_PB,GSM4104142_GCGCAGTAGACATAAC-1,-0.08943797345793955
CXCR3-,HC,PTC41540_PB,GSM4104142_GCGCAGTCAAGCTGGA-1,0.1775506176487937
CXCR3-,HC,PTC41540_PB,GSM4104142_GCGCAGTCAGTATAAG-1,-0.10056797643315316
CXCR3-,HC,PTC41540_PB,GSM4104142_GCGCAGTTCAACACCA-1,-0.10056797643315316
CXCR3-,HC,PTC41540_PB,GSM4104142_GCGCGATGTCGGGTCT-1,-0.10056797643315316
CXCR3-,HC,PTC41540_PB,GSM4104142_GCGCGATTCAACTCTT-1,-0.35163382385889513
CXCR3-,HC,PTC41540_PB,GSM4104142_GCGGGTTGTCCCGACA-1,0.29637452259459307
CXCR3-,HC,PTC41540_PB,GSM4104142_GCGGGTTTCACAGTAC-1,-0.041465816134449315
CXCR3-,HC,PTC41540_PB,GSM4104142_GCTGCAGAGATGGCGT-1,0.04430904967663686
CXCR3-,HC,PTC41540_PB,GSM4104142_GCTGCAGCACGGCGTT-1,-0.10056797643315316
CXCR3-,HC,PTC41540_PB,GSM4104142_GCTGCAGCAGTAGAGC-1,-0.10056797643315316
CXCR3-,HC,PTC41540_PB,GSM4104142_GCTGCGAGTGTTTGGT-1,-0.10056797643315316
CXCR3-,HC,PTC41540_PB,GSM4104142_GCTGCGATCAGAAATG-1,0.1286685231472297
CXCR3-,HC,PTC41540_PB,GSM4104142_GCTGGGTGTGTGGTTT-1,0.10314485335739719
CXCR3-,HC,PTC41540_PB,GSM4104142_GCTGGGTTCACTGGGC-1,-0.596048038923311
CXCR3-,HC,PTC41540_PB,GSM4104142_GCTTGAACATTCGACA-1,-0.5183669383083591
CXCR3-,HC,PTC41540_PB,GSM4104142_GCTTGAAGTAACGACG-1,-0.23887229626453926
CXCR3-,HC,PTC41540_PB,GSM4104142_GGAAAGCAGTCTCAAC-1,-0.29903400704433664
CXCR3-,HC,PTC41540_PB,GSM4104142_GGAAAGCCATGTAAGA-1,0.36592742369388503
CXCR3-,HC,PTC41540_PB,GSM4104142_GGAAAGCGTGGCTCCA-1,-0.2697022583124481
CXCR3-,HC,PTC41540_PB,GSM4104142_GGAAAGCTCCAGTAGT-1,-0.10056797643315316
CXCR3-,HC,PTC41540_PB,GSM4104142_GGAACTTGTGAAAGAG-1,-0.10056797643315316
CXCR3-,HC,PTC41540_PB,GSM4104142_GGAACTTTCGTAGATC-1,-0.10056797643315316
CXCR3-,HC,PTC41540_PB,GSM4104142_GGAATAAAGATTACCC-1,-0.10056797643315316
CXCR3-,HC,PTC41540_PB,GSM4104142_GGAATAACACTTCGAA-1,-0.7216410677881332
CXCR3-,HC,PTC41540_PB,GSM4104142_GGAATAATCATCTGCC-1,-0.2279617967797056
CXCR3-,HC,PTC41540_PB,GSM4104142_GGACAAGAGTACGCGA-1,-0.10056797643315316
CXCR3-,HC,PTC41540_PB,GSM4104142_GGACAGAGTCGCGAAA-1,-0.10056797643315316
CXCR3-,HC,PTC41540_PB,GSM4104142_GGACATTAGCTGTTCA-1,-0.10056797643315316
CXCR3-,HC,PTC41540_PB,GSM4104142_GGACGTCCACTAAGTC-1,-0.10056797643315316
CXCR3-,HC,PTC41540_PB,GSM4104142_GGACGTCGTCCTCCAT-1,-0.008994025195702391
CXCR3-,HC,PTC41540_PB,GSM4104142_GGACGTCTCATCTGCC-1,-0.42905227125875367
CXCR3-,HC,PTC41540_PB,GSM4104142_GGAGCAACAGTTCCCT-1,-0.3748404003574756
CXCR3-,HC,PTC41540_PB,GSM4104142_GGATGTTCACATCCGG-1,-0.1562997465998334
CXCR3-,HC,PTC41540_PB,GSM4104142_GGATGTTCACCATCCT-1,-0.38039408192538027
CXCR3-,HC,PTC41540_PB,GSM4104142_GGATGTTCATAACCTG-1,-0.21568259344162158
CXCR3-,HC,PTC41540_PB,GSM4104142_GGATTACGTCTGATCA-1,-0.10056797643315316
CXCR3-,HC,PTC41540_PB,GSM4104142_GGCCGATGTTCACCTC-1,-0.10056797643315316
CXCR3-,HC,PTC41540_PB,GSM4104142_GGCGACTGTATTCTCT-1,-0.10056797643315316
CXCR3-,HC,PTC41540_PB,GSM4104142_GGCGACTGTTTGACTG-1,-0.28252186194673057
CXCR3-,HC,PTC41540_PB,GSM4104142_GGCGACTTCGCCTGTT-1,-0.10056797643315316
CXCR3-,HC,PTC41540_PB,GSM4104142_GGCGTGTAGTTATCGC-1,-1.2943739094468827
CXCR3-,HC,PTC41540_PB,GSM4104142_GGCGTGTCAGGTCTCG-1,-0.10056797643315316
CXCR3-,HC,PTC41540_PB,GSM4104142_GGCGTGTCAGTGACAG-1,-0.2779508006966154
CXCR3-,HC,PTC41540_PB,GSM4104142_GGCTCGATCACCACCT-1,-0.10056797643315316
CXCR3-,HC,PTC41540_PB,GSM4104142_GGCTGGTGTACAAGTA-1,0.19528318684970974
CXCR3-,HC,PTC41540_PB,GSM4104142_GGCTGGTGTGGTGTAG-1,-0.10056797643315316
CXCR3-,HC,PTC41540_PB,GSM4104142_GGCTGGTTCTTTAGTC-1,0.5041486521295812
CXCR3-,HC,PTC41540_PB,GSM4104142_GGGACCTAGAGGGCTT-1,-0.10056797643315316
CXCR3-,HC,PTC41540_PB,GSM4104142_GGGACCTCATCACCCT-1,-0.24870344054885693
CXCR3-,HC,PTC41540_PB,GSM4104142_GGGACCTGTGAAATCA-1,-0.10056797643315316
CXCR3-,HC,PTC41540_PB,GSM4104142_GGGAGATAGAGAGCTC-1,-0.7595710808739874
CXCR3-,HC,PTC41540_PB,GSM4104142_GGGAGATCACTGTGTA-1,-0.10056797643315316
CXCR3-,HC,PTC41540_PB,GSM4104142_GGGAGATCATCTACGA-1,0.11718313801367851
CXCR3-,HC,PTC41540_PB,GSM4104142_GGGATGAAGCCCAGCT-1,-0.10056797643315316
CXCR3-,HC,PTC41540_PB,GSM4104142_GGGATGACAAATTGCC-1,-0.10056797643315316
CXCR3-,HC,PTC41540_PB,GSM4104142_GGGATGAGTCGACTAT-1,-0.10056797643315316
CXCR3-,HC,PTC41540_PB,GSM4104142_GGGCACTCAATCTACG-1,0.5695842707298696
CXCR3-,HC,PTC41540_PB,GSM4104142_GGGCACTTCCTTAATC-1,-0.5863608450323173
CXCR3-,HC,PTC41540_PB,GSM4104142_GGGCACTTCTCTGCTG-1,-0.23183075831058794
CXCR3-,HC,PTC41540_PB,GSM4104142_GGGCATCAGAGAGCTC-1,0.6201161534748908
CXCR3-,HC,PTC41540_PB,GSM4104142_GGGCATCAGATCGGGT-1,0.13776850149100248
CXCR3-,HC,PTC41540_PB,GSM4104142_GGGTCTGTCCATGCTC-1,-0.2688355916104626
CXCR3-,HC,PTC41540_PB,GSM4104142_GGTATTGGTCTAACGT-1,0.32015262194432326
CXCR3-,HC,PTC41540_PB,GSM4104142_GGTGAAGGTCTGATCA-1,-0.10056797643315316
CXCR3-,HC,PTC41540_PB,GSM4104142_GGTGCGTAGTTGAGTA-1,-0.10056797643315316
CXCR3-,HC,PTC41540_PB,GSM4104142_GGTGCGTGTACGCACC-1,-0.10056797643315316
CXCR3-,HC,PTC41540_PB,GSM4104142_GGTGCGTTCTCGTTTA-1,-0.10056797643315316
CXCR3-,HC,PTC41540_PB,GSM4104142_GTAACGTGTCGCCATG-1,-0.8661492419452929
CXCR3-,HC,PTC41540_PB,GSM4104142_GTAACTGCAGTCAGCC-1,-0.10056797643315316
CXCR3-,HC,PTC41540_PB,GSM4104142_GTAACTGGTGATGTGG-1,-0.10056797643315316
CXCR3-,HC,PTC41540_PB,GSM4104142_GTACGTAAGGCCCGTT-1,-0.10056797643315316
CXCR3-,HC,PTC41540_PB,GSM4104142_GTACGTACACGAGAGT-1,-0.21159322727561408
CXCR3-,HC,PTC41540_PB,GSM4104142_GTACGTACATATACCG-1,-0.20568444176370196
CXCR3-,HC,PTC41540_PB,GSM4104142_GTACGTATCCAAGTAC-1,-0.10056797643315316
CXCR3-,HC,PTC41540_PB,GSM4104142_GTACTTTAGTTAAGTG-1,0.2800296202108835
CXCR3-,HC,PTC41540_PB,GSM4104142_GTACTTTCACGTAAGG-1,-0.47621113664684556
CXCR3-,HC,PTC41540_PB,GSM4104142_GTACTTTCATTCGACA-1,-0.10056797643315316
CXCR3-,HC,PTC41540_PB,GSM4104142_GTACTTTTCAAACAAG-1,-0.10056797643315316
CXCR3-,HC,PTC41540_PB,GSM4104142_GTAGGCCTCTAGAGTC-1,-0.10056797643315316
CXCR3-,HC,PTC41540_PB,GSM4104142_GTATCTTAGTTGTAGA-1,-0.9283670127148002
CXCR3-,HC,PTC41540_PB,GSM4104142_GTATTCTAGACAGACC-1,-0.10056797643315316
CXCR3-,HC,PTC41540_PB,GSM4104142_GTATTCTAGTCTCCTC-1,-0.10056797643315316
CXCR3-,HC,PTC41540_PB,GSM4104142_GTATTCTCAATAACGA-1,-0.10056797643315316
CXCR3-,HC,PTC41540_PB,GSM4104142_GTATTCTGTGTGACCC-1,0.030344243690444774
CXCR3-,HC,PTC41540_PB,GSM4104142_GTATTCTGTGTTGGGA-1,-0.5086707428476623
CXCR3-,HC,PTC41540_PB,GSM4104142_GTCAAGTCATCCGTGG-1,-0.10056797643315316
CXCR3-,HC,PTC41540_PB,GSM4104142_GTCAAGTTCCGCGGTA-1,-0.10056797643315316
CXCR3-,HC,PTC41540_PB,GSM4104142_GTCAAGTTCTCCCTGA-1,-0.10056797643315316
CXCR3-,HC,PTC41540_PB,GSM4104142_GTCACAAAGAGTGACC-1,0.30656371181236
CXCR3-,HC,PTC41540_PB,GSM4104142_GTCACAAAGATGCCTT-1,0.3046990377681235
CXCR3-,HC,PTC41540_PB,GSM4104142_GTCACAAAGGCAAAGA-1,-0.10056797643315316
CXCR3-,HC,PTC41540_PB,GSM4104142_GTCACAAGTTTAGGAA-1,0.1516911894553766
CXCR3-,HC,PTC41540_PB,GSM4104142_GTCATTTCACGGCGTT-1,-0.10056797643315316
CXCR3-,HC,PTC41540_PB,GSM4104142_GTCATTTGTACACCGC-1,-0.10056797643315316
CXCR3-,HC,PTC41540_PB,GSM4104142_GTCCTCACAGCGAACA-1,0.22720257946988529
CXCR3-,HC,PTC41540_PB,GSM4104142_GTCCTCAGTTTGTTTC-1,-0.10056797643315316
CXCR3-,HC,PTC41540_PB,GSM4104142_GTCGGGTCACATGGGA-1,-0.10056797643315316
CXCR3-,HC,PTC41540_PB,GSM4104142_GTCGGGTTCTGTACGA-1,-0.10056797643315316
CXCR3-,HC,PTC41540_PB,GSM4104142_GTCGGGTTCTTGTTTG-1,-0.3952216169100821
CXCR3-,HC,PTC41540_PB,GSM4104142_GTCGTAATCCTCAATT-1,-0.10056797643315316
CXCR3-,HC,PTC41540_PB,GSM4104142_GTCTCGTGTTCCCTTG-1,-0.10056797643315316
CXCR3-,HC,PTC41540_PB,GSM4104142_GTCTTCGTCTGCAAGT-1,-0.10056797643315316
CXCR3-,HC,PTC41540_PB,GSM4104142_GTGAAGGCACATTCGA-1,-0.3353157639955321
CXCR3-,HC,PTC41540_PB,GSM4104142_GTGAAGGGTGAGGGAG-1,-0.7464899945461968
CXCR3-,HC,PTC41540_PB,GSM4104142_GTGAAGGTCCTTGGTC-1,0.20760926155910667
CXCR3-,HC,PTC41540_PB,GSM4104142_GTGAAGGTCGAGAACG-1,0.2550911258251031
CXCR3-,HC,PTC41540_PB,GSM4104142_GTGCAGCAGCCCTAAT-1,-0.10056797643315316
CXCR3-,HC,PTC41540_PB,GSM4104142_GTGCAGCTCCTTGCCA-1,-0.10056797643315316
CXCR3-,HC,PTC41540_PB,GSM4104142_GTGCATACACACGCTG-1,-0.10056797643315316
CXCR3-,HC,PTC41540_PB,GSM4104142_GTGCATAGTACTTGAC-1,-0.23792215674795567
CXCR3-,HC,PTC41540_PB,GSM4104142_GTGCATAGTAGTAGTA-1,-0.10056797643315316
CXCR3-,HC,PTC41540_PB,GSM4104142_GTGCATATCCTCAACC-1,-0.10056797643315316
CXCR3-,HC,PTC41540_PB,GSM4104142_GTGCATATCGCCGTGA-1,0.26571754221473537
CXCR3-,HC,PTC41540_PB,GSM4104142_GTGCGGTAGACGCACA-1,-0.6643137415273903
CXCR3-,HC,PTC41540_PB,GSM4104142_GTGCGGTAGGTAGCCA-1,-0.21671563734617744
CXCR3-,HC,PTC41540_PB,GSM4104142_GTGCGGTCAGTGGAGT-1,-0.10056797643315316
CXCR3-,HC,PTC41540_PB,GSM4104142_GTGCGGTTCATAACCG-1,-0.10056797643315316
CXCR3-,HC,PTC41540_PB,GSM4104142_GTGCTTCAGTAGGCCA-1,-0.10056797643315316
CXCR3-,HC,PTC41540_PB,GSM4104142_GTGCTTCCAGGATCGA-1,-0.10056797643315316
CXCR3-,HC,PTC41540_PB,GSM4104142_GTGCTTCTCCACTGGG-1,-0.10056797643315316
CXCR3-,HC,PTC41540_PB,GSM4104142_GTGTGCGAGGTAGCCA-1,-0.10056797643315316
CXCR3-,HC,PTC41540_PB,GSM4104142_GTGTGCGGTGCCTGGT-1,-0.10056797643315316
CXCR3-,HC,PTC41540_PB,GSM4104142_GTGTGCGTCCACGAAT-1,0.10709182503140775
CXCR3-,HC,PTC41540_PB,GSM4104142_GTGTTAGAGCGTCAAG-1,-0.10056797643315316
CXCR3-,HC,PTC41540_PB,GSM4104142_GTGTTAGAGTACTTGC-1,-0.10056797643315316
CXCR3-,HC,PTC41540_PB,GSM4104142_GTGTTAGGTCCCTTGT-1,-0.17114357119954243
CXCR3-,HC,PTC41540_PB,GSM4104142_GTTAAGCTCGGAGCAA-1,-0.2028521552438082
CXCR3-,HC,PTC41540_PB,GSM4104142_GTTACAGCATCAGTAC-1,0.17824090369464546
CXCR3-,HC,PTC41540_PB,GSM4104142_GTTCATTAGAGTACCG-1,-0.10056797643315316
CXCR3-,HC,PTC41540_PB,GSM4104142_GTTCATTAGATATGCA-1,-0.26062242402742264
CXCR3-,HC,PTC41540_PB,GSM4104142_GTTCATTAGTGGGATC-1,-0.10056797643315316
CXCR3-,HC,PTC41540_PB,GSM4104142_GTTCATTAGTTAACGA-1,0.11368135068627451
CXCR3-,HC,PTC41540_PB,GSM4104142_GTTCATTTCAAGGTAA-1,0.004188503464540154
CXCR3-,HC,PTC41540_PB,GSM4104142_GTTCATTTCATGCATG-1,-0.10056797643315316
CXCR3-,HC,PTC41540_PB,GSM4104142_GTTCATTTCATGTCCC-1,-0.10056797643315316
CXCR3-,HC,PTC41540_PB,GSM4104142_GTTCATTTCTGTTTGT-1,-0.4624555504274152
CXCR3-,HC,PTC41540_PB,GSM4104142_GTTCGGGCACGAGGTA-1,-0.10056797643315316
CXCR3-,HC,PTC41540_PB,GSM4104142_GTTCTCGCACCGAATT-1,-0.10056797643315316
CXCR3-,HC,PTC41540_PB,GSM4104142_GTTCTCGGTCTAGGTT-1,-0.10056797643315316
CXCR3-,HC,PTC41540_PB,GSM4104142_GTTTCTATCGCCAAAT-1,-0.10056797643315316
CXCR3-,HC,PTC41540_PB,GSM4104142_TAAACCGCACACTGCG-1,-0.3557079167083145
CXCR3-,HC,PTC41540_PB,GSM4104142_TAAGAGATCACAATGC-1,-0.570139968991432
CXCR3-,HC,PTC41540_PB,GSM4104142_TAAGTGCAGACCGGAT-1,0.18851755208998508
CXCR3-,HC,PTC41540_PB,GSM4104142_TAAGTGCCAAAGCAAT-1,-0.10056797643315316
CXCR3-,HC,PTC41540_PB,GSM4104142_TAAGTGCCAATAACGA-1,-0.10056797643315316
CXCR3-,HC,PTC41540_PB,GSM4104142_TAAGTGCCAGTATGCT-1,-0.7865215153564922
CXCR3-,HC,PTC41540_PB,GSM4104142_TAAGTGCCATTAGCCA-1,-0.10056797643315316
CXCR3-,HC,PTC41540_PB,GSM4104142_TAAGTGCTCACGGTTA-1,-0.223186985829797
CXCR3-,HC,PTC41540_PB,GSM4104142_TAAGTGCTCCACTCCA-1,-0.0037938858168288713
CXCR3-,HC,PTC41540_PB,GSM4104142_TACACGAAGAGGACGG-1,-0.10056797643315316
CXCR3-,HC,PTC41540_PB,GSM4104142_TACAGTGAGCTCTCGG-1,-0.10056797643315316
CXCR3-,HC,PTC41540_PB,GSM4104142_TACAGTGCAGCCAATT-1,-0.009235972285372016
CXCR3-,HC,PTC41540_PB,GSM4104142_TACAGTGGTTCCTCCA-1,-0.10056797643315316
CXCR3-,HC,PTC41540_PB,GSM4104142_TACCTTAAGCGTGTCC-1,-0.10056797643315316
CXCR3-,HC,PTC41540_PB,GSM4104142_TACCTTAGTGCGAAAC-1,-0.10056797643315316
CXCR3-,HC,PTC41540_PB,GSM4104142_TACCTTATCCTTGACC-1,-0.10056797643315316
CXCR3-,HC,PTC41540_PB,GSM4104142_TACGGATAGGGTGTTG-1,-0.6646381084800369
CXCR3-,HC,PTC41540_PB,GSM4104142_TACGGATGTACTTCTT-1,-0.10056797643315316
CXCR3-,HC,PTC41540_PB,GSM4104142_TACGGGCCACTAAGTC-1,-0.10056797643315316
CXCR3-,HC,PTC41540_PB,GSM4104142_TACGGGCCATGTTCCC-1,-0.25894219416651815
CXCR3-,HC,PTC41540_PB,GSM4104142_TACGGGCGTCGGCTCA-1,-0.10056797643315316
CXCR3-,HC,PTC41540_PB,GSM4104142_TACGGGCTCGCTGATA-1,-0.34155285854143014
CXCR3-,HC,PTC41540_PB,GSM4104142_TACGGTAGTGTCCTCT-1,-0.10056797643315316
CXCR3-,HC,PTC41540_PB,GSM4104142_TACGGTATCCAAATGC-1,-0.258884030934373
CXCR3-,HC,PTC41540_PB,GSM4104142_TACTCATAGCCAGAAC-1,-0.5451866899575408
CXCR3-,HC,PTC41540_PB,GSM4104142_TACTCATCACTGTGTA-1,0.19726921183893836
CXCR3-,HC,PTC41540_PB,GSM4104142_TACTCATTCCTGCCAT-1,-0.10056797643315316
CXCR3-,HC,PTC41540_PB,GSM4104142_TACTCATTCGCCAAAT-1,-0.10056797643315316
CXCR3-,HC,PTC41540_PB,GSM4104142_TACTCGCAGTGCGTGA-1,-0.24646772483891186
CXCR3-,HC,PTC41540_PB,GSM4104142_TACTCGCTCGGTCTAA-1,-0.10056797643315316
CXCR3-,HC,PTC41540_PB,GSM4104142_TACTTACCAACTTGAC-1,-0.40055491969951756
CXCR3-,HC,PTC41540_PB,GSM4104142_TACTTACCAGCTCGCA-1,-0.8657602120369733
CXCR3-,HC,PTC41540_PB,GSM4104142_TACTTGTGTAAGAGAG-1,-0.3327160328034869
CXCR3-,HC,PTC41540_PB,GSM4104142_TACTTGTGTCTCATCC-1,-0.10056797643315316
CXCR3-,HC,PTC41540_PB,GSM4104142_TAGACCAAGATGAGAG-1,-0.10056797643315316
CXCR3-,HC,PTC41540_PB,GSM4104142_TAGACCAAGGACACCA-1,0.09835706542449077
CXCR3-,HC,PTC41540_PB,GSM4104142_TAGACCAAGGTAGCCA-1,-0.10056797643315316
CXCR3-,HC,PTC41540_PB,GSM4104142_TAGAGCTAGTTCGCGC-1,-0.5278736856790135
CXCR3-,HC,PTC41540_PB,GSM4104142_TAGAGCTCAATCGAAA-1,-0.10056797643315316
CXCR3-,HC,PTC41540_PB,GSM4104142_TAGAGCTGTGTCGCTG-1,-0.2494577588434462
CXCR3-,HC,PTC41540_PB,GSM4104142_TAGAGCTTCGCCAAAT-1,-0.35138351286067
CXCR3-,HC,PTC41540_PB,GSM4104142_TAGCCGGCACGTAAGG-1,-0.10056797643315316
CXCR3-,HC,PTC41540_PB,GSM4104142_TAGCCGGGTGTGACCC-1,-0.27822652156210115
CXCR3-,HC,PTC41540_PB,GSM4104142_TAGCCGGGTTCAGCGC-1,-0.10056797643315316
CXCR3-,HC,PTC41540_PB,GSM4104142_TAGCCGGTCTCATTCA-1,-0.8244298717377999
CXCR3-,HC,PTC41540_PB,GSM4104142_TAGGCATAGGCAAAGA-1,-0.1918763663501051
CXCR3-,HC,PTC41540_PB,GSM4104142_TAGGCATCAGTAACGG-1,-0.33982288024539875
CXCR3-,HC,PTC41540_PB,GSM4104142_TAGTGGTCAAGTAGTA-1,0.25984170495001385
CXCR3-,HC,PTC41540_PB,GSM4104142_TAGTGGTGTCCGAATT-1,0.508676902596716
CXCR3-,HC,PTC41540_PB,GSM4104142_TAGTTGGCACGAGAGT-1,-0.31096067226897833
CXCR3-,HC,PTC41540_PB,GSM4104142_TAGTTGGTCGGAGGTA-1,-0.4328664371608459
CXCR3-,HC,PTC41540_PB,GSM4104142_TATCAGGGTCTCCATC-1,-0.10056797643315316
CXCR3-,HC,PTC41540_PB,GSM4104142_TATCAGGTCCCGACTT-1,-0.10056797643315316
CXCR3-,HC,PTC41540_PB,GSM4104142_TATCAGGTCTCATTCA-1,-0.27227580793448597
CXCR3-,HC,PTC41540_PB,GSM4104142_TATCTCACACCCATGG-1,-0.10056797643315316
CXCR3-,HC,PTC41540_PB,GSM4104142_TATCTCACACCGCTAG-1,-0.10056797643315316
CXCR3-,HC,PTC41540_PB,GSM4104142_TATGCCCCAAAGGCGT-1,0.30896706406613017
CXCR3-,HC,PTC41540_PB,GSM4104142_TATGCCCCAAGCCGTC-1,-0.27200836343188345
CXCR3-,HC,PTC41540_PB,GSM4104142_TATGCCCTCCACGACG-1,-0.10056797643315316
CXCR3-,HC,PTC41540_PB,GSM4104142_TATGCCCTCTTGTACT-1,-0.10056797643315316
CXCR3-,HC,PTC41540_PB,GSM4104142_TATTACCGTAGTAGTA-1,-0.32757641051033953
CXCR3-,HC,PTC41540_PB,GSM4104142_TATTACCGTCTAGAGG-1,0.21810332140055838
CXCR3-,HC,PTC41540_PB,GSM4104142_TCAACGAAGCGTGTCC-1,-0.36685259248296526
CXCR3-,HC,PTC41540_PB,GSM4104142_TCAACGAAGGGTATCG-1,-0.20162707398868646
CXCR3-,HC,PTC41540_PB,GSM4104142_TCAACGAGTACTTCTT-1,-0.10056797643315316
CXCR3-,HC,PTC41540_PB,GSM4104142_TCAACGATCCTCGCAT-1,-0.10056797643315316
CXCR3-,HC,PTC41540_PB,GSM4104142_TCAATCTCAGCGTTCG-1,-0.22678441345665742
CXCR3-,HC,PTC41540_PB,GSM4104142_TCAATCTGTTGTACAC-1,0.22409810845018205
CXCR3-,HC,PTC41540_PB,GSM4104142_TCAATCTTCTAGCACA-1,-0.10056797643315316
CXCR3-,HC,PTC41540_PB,GSM4104142_TCACAAGTCACTTATC-1,-0.10056797643315316
CXCR3-,HC,PTC41540_PB,GSM4104142_TCACGAACACCAACCG-1,-0.10056797643315316
CXCR3-,HC,PTC41540_PB,GSM4104142_TCACGAATCGGGAGTA-1,-0.10056797643315316
CXCR3-,HC,PTC41540_PB,GSM4104142_TCAGATGAGCCCAACC-1,-0.10056797643315316
CXCR3-,HC,PTC41540_PB,GSM4104142_TCAGATGAGTAACCCT-1,-0.10056797643315316
CXCR3-,HC,PTC41540_PB,GSM4104142_TCAGATGCACAACTGT-1,-0.2787962804807638
CXCR3-,HC,PTC41540_PB,GSM4104142_TCAGATGTCTCGCATC-1,-0.10056797643315316
CXCR3-,HC,PTC41540_PB,GSM4104142_TCAGCAACAGATTGCT-1,-0.10056797643315316
CXCR3-,HC,PTC41540_PB,GSM4104142_TCAGGATCACTTCGAA-1,-0.10056797643315316
CXCR3-,HC,PTC41540_PB,GSM4104142_TCAGGATCATGCAACT-1,-0.10056797643315316
CXCR3-,HC,PTC41540_PB,GSM4104142_TCAGGATGTTAAAGTG-1,-0.10056797643315316
CXCR3-,HC,PTC41540_PB,GSM4104142_TCAGGTAAGCTGCAAG-1,-0.22800903641679257
CXCR3-,HC,PTC41540_PB,GSM4104142_TCATTACTCACCGGGT-1,-0.29354579531634045
CXCR3-,HC,PTC41540_PB,GSM4104142_TCATTTGCATGCTGGC-1,-0.10056797643315316
CXCR3-,HC,PTC41540_PB,GSM4104142_TCATTTGTCTTAGCCC-1,-0.10056797643315316
CXCR3-,HC,PTC41540_PB,GSM4104142_TCCACACCAATACGCT-1,-0.10056797643315316
CXCR3-,HC,PTC41540_PB,GSM4104142_TCCACACCACTCTGTC-1,-0.2057090721814468
CXCR3-,HC,PTC41540_PB,GSM4104142_TCGAGGCTCGCGGATC-1,-0.23616511565977058
CXCR3-,HC,PTC41540_PB,GSM4104142_TCGCGAGGTCTCTTAT-1,-0.10056797643315316
CXCR3-,HC,PTC41540_PB,GSM4104142_TCGCGAGTCTTCCTTC-1,0.4157881471804467
CXCR3-,HC,PTC41540_PB,GSM4104142_TCGCGTTAGCCAACAG-1,-0.10056797643315316
CXCR3-,HC,PTC41540_PB,GSM4104142_TCGCGTTCAAAGGTGC-1,-0.10056797643315316
CXCR3+,HC,PTC41540_PB,GSM4104142_TCGCGTTCAAGGACTG-1,-0.10056797643315316
CXCR3-,HC,PTC41540_PB,GSM4104142_TCGCGTTCACTTCGAA-1,-0.2356059697957452
CXCR3-,HC,PTC41540_PB,GSM4104142_TCGCGTTGTTACCAGT-1,-0.10056797643315316
CXCR3-,HC,PTC41540_PB,GSM4104142_TCGCGTTTCACTTACT-1,-0.10056797643315316
CXCR3-,HC,PTC41540_PB,GSM4104142_TCGCGTTTCTCAACTT-1,-0.10056797643315316
CXCR3-,HC,PTC41540_PB,GSM4104142_TCGTACCGTTACTGAC-1,-0.10056797643315316
CXCR3-,HC,PTC41540_PB,GSM4104142_TCGTACCGTTTACTCT-1,-0.10056797643315316
CXCR3-,HC,PTC41540_PB,GSM4104142_TCGTAGAAGCGCTTAT-1,-0.10056797643315316
CXCR3-,HC,PTC41540_PB,GSM4104142_TCGTAGACATGCTGGC-1,-0.10056797643315316
CXCR3-,HC,PTC41540_PB,GSM4104142_TCGTAGAGTATAGGTA-1,-0.2473196599656607
CXCR3+,HC,PTC41540_PB,GSM4104142_TCTATTGAGAATCTCC-1,-0.23597944429948475
CXCR3-,HC,PTC41540_PB,GSM4104142_TCTATTGCACAAGCCC-1,0.017685903635652176
CXCR3-,HC,PTC41540_PB,GSM4104142_TCTATTGTCCAACCAA-1,-0.10056797643315316
CXCR3-,HC,PTC41540_PB,GSM4104142_TCTCATACACAGACAG-1,0.05807165387931095
CXCR3-,HC,PTC41540_PB,GSM4104142_TCTCATAGTACCATCA-1,-0.10056797643315316
CXCR3-,HC,PTC41540_PB,GSM4104142_TCTCATATCAACGGCC-1,-0.10056797643315316
CXCR3-,HC,PTC41540_PB,GSM4104142_TCTCTAAAGCGATTCT-1,-1.3775578795138566
CXCR3-,HC,PTC41540_PB,GSM4104142_TCTCTAAAGGTACTCT-1,-0.10056797643315316
CXCR3-,HC,PTC41540_PB,GSM4104142_TCTCTAAGTTCCAACA-1,-0.10056797643315316
CXCR3-,HC,PTC41540_PB,GSM4104142_TCTGGAAAGTAGATGT-1,-0.10056797643315316
CXCR3-,HC,PTC41540_PB,GSM4104142_TCTGGAACACTCAGGC-1,-0.10056797643315316
CXCR3-,HC,PTC41540_PB,GSM4104142_TCTGGAATCAGTACGT-1,-0.46290355604282574
CXCR3-,HC,PTC41540_PB,GSM4104142_TCTTCGGCATTAGCCA-1,-0.19957157396888206
CXCR3-,HC,PTC41540_PB,GSM4104142_TGAAAGAAGACTTGAA-1,-0.3147325518156385
CXCR3-,HC,PTC41540_PB,GSM4104142_TGAAAGACAAGTCATC-1,-0.10056797643315316
CXCR3-,HC,PTC41540_PB,GSM4104142_TGAAAGACATGAGCGA-1,-0.321353583954881
CXCR3-,HC,PTC41540_PB,GSM4104142_TGACAACAGGGTTCCC-1,-0.10056797643315316
CXCR3-,HC,PTC41540_PB,GSM4104142_TGACAACAGTGGGCTA-1,-0.10056797643315316
CXCR3-,HC,PTC41540_PB,GSM4104142_TGACAACCAGCCTATA-1,-0.10056797643315316
CXCR3-,HC,PTC41540_PB,GSM4104142_TGACAACGTCATGCAT-1,-0.10056797643315316
CXCR3-,HC,PTC41540_PB,GSM4104142_TGACAACTCATGGTCA-1,-0.10056797643315316
CXCR3-,HC,PTC41540_PB,GSM4104142_TGACTAGAGCACAGGT-1,-0.10056797643315316
CXCR3-,HC,PTC41540_PB,GSM4104142_TGACTAGCAATAGCAA-1,-0.10056797643315316
CXCR3-,HC,PTC41540_PB,GSM4104142_TGACTAGGTATGAAAC-1,-0.10056797643315316
CXCR3-,HC,PTC41540_PB,GSM4104142_TGACTTTGTCAAAGCG-1,-0.10056797643315316
CXCR3-,HC,PTC41540_PB,GSM4104142_TGAGCATTCAGTACGT-1,0.42138495979098956
CXCR3-,HC,PTC41540_PB,GSM4104142_TGAGCATTCTTCGAGA-1,-0.23301559186495782
CXCR3-,HC,PTC41540_PB,GSM4104142_TGAGCCGAGAGCTATA-1,-0.47552157194086336
CXCR3-,HC,PTC41540_PB,GSM4104142_TGAGCCGGTGGTGTAG-1,-0.03966728860983092
CXCR3-,HC,PTC41540_PB,GSM4104142_TGAGGGAGTCTTGTCC-1,-0.10056797643315316
CXCR3-,HC,PTC41540_PB,GSM4104142_TGATTTCTCTTGAGGT-1,-0.10056797643315316
CXCR3-,HC,PTC41540_PB,GSM4104142_TGCACCTAGAAGCCCA-1,-0.10056797643315316
CXCR3-,HC,PTC41540_PB,GSM4104142_TGCACCTCAAGCCCAC-1,0.16866495689086633
CXCR3-,HC,PTC41540_PB,GSM4104142_TGCACCTTCTAGCACA-1,-0.10056797643315316
CXCR3-,HC,PTC41540_PB,GSM4104142_TGCCAAAAGACTAGAT-1,0.22715014464350552
CXCR3-,HC,PTC41540_PB,GSM4104142_TGCCCATAGTTCGCGC-1,0.13584491859504963
CXCR3-,HC,PTC41540_PB,GSM4104142_TGCCCATCACTTGGAT-1,0.40549532794628806
CXCR3-,HC,PTC41540_PB,GSM4104142_TGCCCTAAGGCGACAT-1,0.12288398093820463
CXCR3-,HC,PTC41540_PB,GSM4104142_TGCCCTATCCAAGTAC-1,-0.10056797643315316
CXCR3-,HC,PTC41540_PB,GSM4104142_TGCGCAGAGCAATCTC-1,-0.3149834951610072
CXCR3-,HC,PTC41540_PB,GSM4104142_TGCGCAGAGTGCTGCC-1,-0.10056797643315316
CXCR3-,HC,PTC41540_PB,GSM4104142_TGCGCAGCAATCTGCA-1,-0.10056797643315316
CXCR3-,HC,PTC41540_PB,GSM4104142_TGCGTGGAGAAGCCCA-1,-0.10056797643315316
CXCR3-,HC,PTC41540_PB,GSM4104142_TGCGTGGAGCGCTTAT-1,-0.10056797643315316
CXCR3-,HC,PTC41540_PB,GSM4104142_TGCGTGGTCTACGAGT-1,-0.10056797643315316
CXCR3-,HC,PTC41540_PB,GSM4104142_TGCTACCCATGAGCGA-1,-0.10056797643315316
CXCR3-,HC,PTC41540_PB,GSM4104142_TGCTACCCATTACGAC-1,-0.10056797643315316
CXCR3-,HC,PTC41540_PB,GSM4104142_TGCTGCTAGGGTCTCC-1,0.08067644552083121
CXCR3-,HC,PTC41540_PB,GSM4104142_TGCTGCTAGTTTAGGA-1,-0.18409856574892378
CXCR3-,HC,PTC41540_PB,GSM4104142_TGCTGCTCATACAGCT-1,0.5995287563502346
CXCR3+,HC,PTC41540_PB,GSM4104142_TGCTGCTTCGCTTGTC-1,-0.2598058128681075
CXCR3-,HC,PTC41540_PB,GSM4104142_TGGACGCGTAAGTGTA-1,-0.37675937963960454
CXCR3-,HC,PTC41540_PB,GSM4104142_TGGCCAGCAGGGTACA-1,-0.2434673968239078
CXCR3-,HC,PTC41540_PB,GSM4104142_TGGCCAGGTAGCGCAA-1,-0.10056797643315316
CXCR3-,HC,PTC41540_PB,GSM4104142_TGGCCAGGTCCAACTA-1,-0.10056797643315316
CXCR3-,HC,PTC41540_PB,GSM4104142_TGGCCAGTCCGCGGTA-1,-0.10056797643315316
CXCR3-,HC,PTC41540_PB,GSM4104142_TGGCCAGTCGTACGGC-1,-0.10056797643315316
CXCR3-,HC,PTC41540_PB,GSM4104142_TGGCGCAAGTGAAGAG-1,-0.10056797643315316
CXCR3-,HC,PTC41540_PB,GSM4104142_TGGCGCACAAGGTTTC-1,-0.10056797643315316
CXCR3-,HC,PTC41540_PB,GSM4104142_TGGCGCAGTAGGAGTC-1,-0.10056797643315316
CXCR3-,HC,PTC41540_PB,GSM4104142_TGGCTGGAGTCGTTTG-1,-0.10056797643315316
CXCR3-,HC,PTC41540_PB,GSM4104142_TGGCTGGCAACTGCGC-1,-0.10056797643315316
CXCR3-,HC,PTC41540_PB,GSM4104142_TGGCTGGCAAGCCGTC-1,-0.0004074537424023163
CXCR3-,HC,PTC41540_PB,GSM4104142_TGGGAAGAGTTAAGTG-1,-0.348513978044567
CXCR3-,HC,PTC41540_PB,GSM4104142_TGGGAAGGTCTTGTCC-1,-0.10056797643315316
CXCR3-,HC,PTC41540_PB,GSM4104142_TGGGAAGGTGAGTGAC-1,-0.10056797643315316
CXCR3-,HC,PTC41540_PB,GSM4104142_TGGGCGTGTATAGGGC-1,-0.3402645977776846
CXCR3-,HC,PTC41540_PB,GSM4104142_TGGTTAGTCCGAATGT-1,-0.41559406361421763
CXCR3-,HC,PTC41540_PB,GSM4104142_TGGTTCCTCTAACTGG-1,-0.20749078207575639
CXCR3-,HC,PTC41540_PB,GSM4104142_TGTATTCCATTACCTT-1,-0.10056797643315316
CXCR3-,HC,PTC41540_PB,GSM4104142_TGTATTCTCACCCGAG-1,-0.10056797643315316
CXCR3-,HC,PTC41540_PB,GSM4104142_TGTATTCTCTATCCCG-1,0.304966068615046
CXCR3-,HC,PTC41540_PB,GSM4104142_TGTCCCAAGTAGTGCG-1,-0.4647581213539338
CXCR3-,HC,PTC41540_PB,GSM4104142_TGTGGTACATCGGGTC-1,-0.10056797643315316
CXCR3-,HC,PTC41540_PB,GSM4104142_TGTGTTTTCAGTTAGC-1,-0.10056797643315316
CXCR3-,HC,PTC41540_PB,GSM4104142_TGTTCCGCACCCATTC-1,-0.10056797643315316
CXCR3-,HC,PTC41540_PB,GSM4104142_TGTTCCGTCCAAGTAC-1,0.2738464488409
CXCR3-,HC,PTC41540_PB,GSM4104142_TTAACTCAGCTAGTCT-1,-0.10056797643315316
CXCR3-,HC,PTC41540_PB,GSM4104142_TTAACTCTCGATCCCT-1,-0.10056797643315316
CXCR3-,HC,PTC41540_PB,GSM4104142_TTAACTCTCTCGATGA-1,-0.453643161114451
CXCR3-,HC,PTC41540_PB,GSM4104142_TTAGGACGTCGTCTTC-1,-0.335782595607661
CXCR3-,HC,PTC41540_PB,GSM4104142_TTAGGACGTGTGCGTC-1,-0.10056797643315316
CXCR3-,HC,PTC41540_PB,GSM4104142_TTAGGCAAGCTTTGGT-1,-0.5726422735324963
CXCR3-,HC,PTC41540_PB,GSM4104142_TTAGGCACATCATCCC-1,-0.014995047045909824
CXCR3-,HC,PTC41540_PB,GSM4104142_TTAGGCAGTGCCTGGT-1,-0.10056797643315316
CXCR3-,HC,PTC41540_PB,GSM4104142_TTATGCTAGCGTAATA-1,-0.10056797643315316
CXCR3-,HC,PTC41540_PB,GSM4104142_TTATGCTCACGGTTTA-1,-0.10056797643315316
CXCR3-,HC,PTC41540_PB,GSM4104142_TTATGCTGTTACGGAG-1,-0.10056797643315316
CXCR3+,HC,PTC41540_PB,GSM4104142_TTCCCAGCAATAGCGG-1,0.16077349954696293
CXCR3-,HC,PTC41540_PB,GSM4104142_TTCCCAGTCGGTGTCG-1,-0.1098285670698459
CXCR3-,HC,PTC41540_PB,GSM4104142_TTCGAAGCACCTTGTC-1,-0.10056797643315316
CXCR3+,HC,PTC41540_PB,GSM4104142_TTCGAAGTCCAATGGT-1,-0.41036048695572475
CXCR3-,HC,PTC41540_PB,GSM4104142_TTCGGTCCAAGCGATG-1,0.14156104736833988
CXCR3-,HC,PTC41540_PB,GSM4104142_TTCTACAAGTCCGTAT-1,-0.26448657933652175
CXCR3-,HC,PTC41540_PB,GSM4104142_TTCTACACACTGTTAG-1,-0.10056797643315316
CXCR3-,HC,PTC41540_PB,GSM4104142_TTCTACACATGGGAAC-1,-0.10056797643315316
CXCR3-,HC,PTC41540_PB,GSM4104142_TTCTACAGTAACGACG-1,0.3420607964995767
CXCR3-,HC,PTC41540_PB,GSM4104142_TTCTCCTCAAGGCTCC-1,0.37690535488319143
CXCR3-,HC,PTC41540_PB,GSM4104142_TTCTTAGCACAGAGGT-1,-0.10056797643315316
CXCR3-,HC,PTC41540_PB,GSM4104142_TTCTTAGGTAGAAAGG-1,-0.10056797643315316
CXCR3-,HC,PTC41540_PB,GSM4104142_TTCTTAGTCTTTAGGG-1,-0.10056797643315316
CXCR3-,HC,PTC41540_PB,GSM4104142_TTGAACGTCCTGTACC-1,-0.2729296303643072
CXCR3-,HC,PTC41540_PB,GSM4104142_TTGACTTAGGATGCGT-1,-0.10056797643315316
CXCR3-,HC,PTC41540_PB,GSM4104142_TTGACTTTCGAATGGG-1,0.22384403754364365
CXCR3-,HC,PTC41540_PB,GSM4104142_TTGCCGTAGCGACGTA-1,-0.10056797643315316
CXCR3-,HC,PTC41540_PB,GSM4104142_TTGCCGTGTCTAGCCG-1,-0.10056797643315316
CXCR3-,HC,PTC41540_PB,GSM4104142_TTGCCGTGTGTTGAGG-1,-0.10056797643315316
CXCR3-,HC,PTC41540_PB,GSM4104142_TTGCCGTTCACCGTAA-1,0.044027855120723144
CXCR3-,HC,PTC41540_PB,GSM4104142_TTGCGTCCACAGCGTC-1,-1.1227865394953116
CXCR3-,HC,PTC41540_PB,GSM4104142_TTGCGTCCAGGATCGA-1,-0.17405312649877872
CXCR3-,HC,PTC41540_PB,GSM4104142_TTTACTGTCAAAGTAG-1,-0.47505617546297607
CXCR3-,HC,PTC41540_PB,GSM4104142_TTTGCGCAGGCTAGAC-1,-0.10056797643315316
CXCR3-,HC,PTC41540_PB,GSM4104142_TTTGCGCCAAGAAAGG-1,-0.2797431371845091
CXCR3-,HC,PTC41540_PB,GSM4104142_TTTGCGCGTGTTTGGT-1,-0.10056797643315316
CXCR3-,HC,PTC41540_PB,GSM4104142_TTTGCGCGTTTCCACC-1,-0.22897180842339315
CXCR3-,HC,PTC41540_PB,GSM4104142_TTTGGTTGTAGAGTGC-1,-0.10056797643315316
CXCR3-,HC,PTC41540_PB,GSM4104142_TTTGTCAGTATATGGA-1,-0.10056797643315316
CXCR3-,HC,PTC85037_PB,GSM4104143_AAACCTGAGGTCATCT-1,-0.5556141100094013
CXCR3-,HC,PTC85037_PB,GSM4104143_AAACGGGAGAGGTAGA-1,-0.10056797643315316
CXCR3-,HC,PTC85037_PB,GSM4104143_AAAGATGAGATCTGAA-1,-0.10056797643315316
CXCR3-,HC,PTC85037_PB,GSM4104143_AAATGCCAGCTCCCAG-1,-0.36734546227378934
CXCR3-,HC,PTC85037_PB,GSM4104143_AACTCAGCAGTAAGAT-1,-0.30225589130750924
CXCR3-,HC,PTC85037_PB,GSM4104143_AACTCCCTCGCCAAAT-1,0.31011377117797345
CXCR3-,HC,PTC85037_PB,GSM4104143_AATCCAGAGGAGTAGA-1,-0.10056797643315316
CXCR3-,HC,PTC85037_PB,GSM4104143_ACACCAAAGAGTAAGG-1,-0.10056797643315316
CXCR3-,HC,PTC85037_PB,GSM4104143_ACACCAACACCTTGTC-1,-0.2156224627891405
CXCR3-,HC,PTC85037_PB,GSM4104143_ACACCCTCACAGCCCA-1,-0.10056797643315316
CXCR3-,HC,PTC85037_PB,GSM4104143_ACACCGGTCTTCAACT-1,-0.2711745133303776
CXCR3-,HC,PTC85037_PB,GSM4104143_ACATGGTCAGACAAAT-1,-0.10056797643315316
CXCR3-,HC,PTC85037_PB,GSM4104143_ACGAGCCAGTCGCCGT-1,-0.10056797643315316
CXCR3-,HC,PTC85037_PB,GSM4104143_ACGATACGTTCCTCCA-1,-0.10056797643315316
CXCR3-,HC,PTC85037_PB,GSM4104143_ACGCAGCGTGCCTGCA-1,0.15935194075415646
CXCR3-,HC,PTC85037_PB,GSM4104143_ACGCCAGAGATGTCGG-1,-0.10056797643315316
CXCR3-,HC,PTC85037_PB,GSM4104143_ACGGAGAAGCCCAACC-1,-0.10056797643315316
CXCR3-,HC,PTC85037_PB,GSM4104143_ACGGGCTAGTGTACGG-1,-0.028979883975397698
CXCR3-,HC,PTC85037_PB,GSM4104143_ACGGGCTCATTATCTC-1,-0.21595405683872254
CXCR3-,HC,PTC85037_PB,GSM4104143_ACGGGTCAGGAATGGA-1,-0.10056797643315316
CXCR3-,HC,PTC85037_PB,GSM4104143_ACTTACTCAAGCGAGT-1,-0.10056797643315316
CXCR3-,HC,PTC85037_PB,GSM4104143_ACTTGTTAGACAGGCT-1,-0.10056797643315316
CXCR3-,HC,PTC85037_PB,GSM4104143_ACTTGTTTCGAACTGT-1,-0.10056797643315316
CXCR3-,HC,PTC85037_PB,GSM4104143_ACTTTCATCTTGCAAG-1,-0.2866990092294146
CXCR3-,HC,PTC85037_PB,GSM4104143_AGATCTGAGCGACGTA-1,-0.10056797643315316
CXCR3-,HC,PTC85037_PB,GSM4104143_AGATCTGCATCACAAC-1,0.17154647754196795
CXCR3-,HC,PTC85037_PB,GSM4104143_AGATTGCCAGGGAGAG-1,-0.10336452863648597
CXCR3-,HC,PTC85037_PB,GSM4104143_AGATTGCGTGATGCCC-1,-0.10056797643315316
CXCR3-,HC,PTC85037_PB,GSM4104143_AGCAGCCGTAAGTGGC-1,-0.10056797643315316
CXCR3-,HC,PTC85037_PB,GSM4104143_AGCGTATAGCCCAGCT-1,-0.21929431047114312
CXCR3-,HC,PTC85037_PB,GSM4104143_AGGCCGTAGCCACTAT-1,-0.10056797643315316
CXCR3-,HC,PTC85037_PB,GSM4104143_AGGCCGTCACCAGCAC-1,0.35215133578921287
CXCR3-,HC,PTC85037_PB,GSM4104143_AGGGATGGTACTCTCC-1,-0.10056797643315316
CXCR3-,HC,PTC85037_PB,GSM4104143_AGGGATGTCCAACCAA-1,0.17182165147480152
CXCR3-,HC,PTC85037_PB,GSM4104143_AGTGAGGCAAGGTTTC-1,-0.02098813341279306
CXCR3-,HC,PTC85037_PB,GSM4104143_AGTGTCAAGTACCGGA-1,-0.1718185434342518
CXCR3-,HC,PTC85037_PB,GSM4104143_ATAGACCCATCACAAC-1,-0.6236044049377395
CXCR3-,HC,PTC85037_PB,GSM4104143_ATAGACCTCTAACTTC-1,-0.10056797643315316
CXCR3-,HC,PTC85037_PB,GSM4104143_ATCATCTAGCCAGGAT-1,-0.5436412781289011
CXCR3-,HC,PTC85037_PB,GSM4104143_ATCATGGCATTCACTT-1,0.2232239765316669
CXCR3-,HC,PTC85037_PB,GSM4104143_ATCGAGTCAAACTGCT-1,-0.10056797643315316
CXCR3-,HC,PTC85037_PB,GSM4104143_ATCTGCCGTCAGATAA-1,0.1560809539187574
CXCR3-,HC,PTC85037_PB,GSM4104143_ATGAGGGGTTCATGGT-1,-0.10056797643315316
CXCR3-,HC,PTC85037_PB,GSM4104143_ATGGGAGTCCCATTAT-1,0.17903842689534338
CXCR3-,HC,PTC85037_PB,GSM4104143_ATTCTACAGAAGATTC-1,0.03246346219073891
CXCR3-,HC,PTC85037_PB,GSM4104143_ATTGGTGGTCATATGC-1,-0.45429832071160187
CXCR3-,HC,PTC85037_PB,GSM4104143_CAACCAAGTAGATTAG-1,-0.3469630223474526
CXCR3-,HC,PTC85037_PB,GSM4104143_CAAGTTGAGTTTCCTT-1,-0.10056797643315316
CXCR3-,HC,PTC85037_PB,GSM4104143_CACACCTGTGTTCGAT-1,-0.10056797643315316
CXCR3-,HC,PTC85037_PB,GSM4104143_CACACCTGTTTGACTG-1,-0.005616020654603664
CXCR3-,HC,PTC85037_PB,GSM4104143_CACACTCCACTCTGTC-1,-0.10056797643315316
CXCR3-,HC,PTC85037_PB,GSM4104143_CACAGGCCAGGGTATG-1,-0.3425027224740981
CXCR3-,HC,PTC85037_PB,GSM4104143_CACCTTGGTAGCAAAT-1,-0.27822652156210115
CXCR3-,HC,PTC85037_PB,GSM4104143_CACCTTGGTGTCCTCT-1,-0.10056797643315316
CXCR3-,HC,PTC85037_PB,GSM4104143_CACCTTGTCATGTCCC-1,-0.10056797643315316
CXCR3-,HC,PTC85037_PB,GSM4104143_CACCTTGTCCGAACGC-1,-0.11495689094135644
CXCR3-,HC,PTC85037_PB,GSM4104143_CAGCAGCAGGTTACCT-1,-0.10056797643315316
CXCR3-,HC,PTC85037_PB,GSM4104143_CAGGTGCTCGGTCCGA-1,-0.30417861504386945
CXCR3+,HC,PTC85037_PB,GSM4104143_CATCAGAAGTATCTCG-1,-0.21700798254305537
CXCR3-,HC,PTC85037_PB,GSM4104143_CATCAGAGTGCGGTAA-1,0.4802887495518728
CXCR3-,HC,PTC85037_PB,GSM4104143_CATCGGGCACATCCAA-1,0.29126131441106146
CXCR3-,HC,PTC85037_PB,GSM4104143_CATCGGGGTAGGGTAC-1,-0.10056797643315316
CXCR3-,HC,PTC85037_PB,GSM4104143_CATTCGCAGGCGATAC-1,-0.32766794877883765
CXCR3-,HC,PTC85037_PB,GSM4104143_CATTCGCGTTAAGACA-1,-0.10056797643315316
CXCR3-,HC,PTC85037_PB,GSM4104143_CCACCTAGTACGAAAT-1,-0.8318375988881038
CXCR3-,HC,PTC85037_PB,GSM4104143_CCACGGACATGAACCT-1,-0.10056797643315316
CXCR3-,HC,PTC85037_PB,GSM4104143_CCACGGATCTTTACAC-1,-0.44892394046437484
CXCR3-,HC,PTC85037_PB,GSM4104143_CCACTACCAAGCGATG-1,-0.10056797643315316
CXCR3-,HC,PTC85037_PB,GSM4104143_CCAGCGAAGGCATGGT-1,-0.10056797643315316
CXCR3-,HC,PTC85037_PB,GSM4104143_CCCAATCTCCCAAGTA-1,-0.04486382073461998
CXCR3-,HC,PTC85037_PB,GSM4104143_CCCAGTTGTTACTGAC-1,0.1184200117285683
CXCR3-,HC,PTC85037_PB,GSM4104143_CCCATACCATACGCCG-1,0.1594517074896195
CXCR3-,HC,PTC85037_PB,GSM4104143_CCGTACTGTTCCGGCA-1,-0.2704251305202601
CXCR3-,HC,PTC85037_PB,GSM4104143_CCTAGCTTCCTCAACC-1,-0.10056797643315316
CXCR3-,HC,PTC85037_PB,GSM4104143_CCTATTATCGAATGGG-1,0.33906921422685427
CXCR3-,HC,PTC85037_PB,GSM4104143_CCTATTATCTAACTGG-1,-0.10056797643315316
CXCR3-,HC,PTC85037_PB,GSM4104143_CCTTACGTCGCCAAAT-1,-0.5373313614838697
CXCR3-,HC,PTC85037_PB,GSM4104143_CCTTCGAAGCAGGTCA-1,-0.2267289715144245
CXCR3-,HC,PTC85037_PB,GSM4104143_CCTTCGACAAACTGTC-1,-0.10056797643315316
CXCR3-,HC,PTC85037_PB,GSM4104143_CCTTTCTCAGCTGCAC-1,0.6158629236621812
CXCR3-,HC,PTC85037_PB,GSM4104143_CGAGCCAAGAGATGAG-1,-0.18115507806341963
CXCR3-,HC,PTC85037_PB,GSM4104143_CGATGTAGTTAAGTAG-1,-0.10056797643315316
CXCR3-,HC,PTC85037_PB,GSM4104143_CGATTGAAGAGACGAA-1,-0.10056797643315316
CXCR3-,HC,PTC85037_PB,GSM4104143_CGCCAAGGTCCTCCAT-1,-0.10056797643315316
CXCR3-,HC,PTC85037_PB,GSM4104143_CGCCAAGTCACTCCTG-1,-0.2160297107649827
CXCR3-,HC,PTC85037_PB,GSM4104143_CGCTATCGTAGAGTGC-1,-0.34117148129821917
CXCR3-,HC,PTC85037_PB,GSM4104143_CGCTATCTCCCAAGAT-1,-0.10056797643315316
CXCR3-,HC,PTC85037_PB,GSM4104143_CGCTGGATCTACCTGC-1,0.04076573843654759
CXCR3-,HC,PTC85037_PB,GSM4104143_CGGACACTCGGTGTCG-1,0.34849414124973815
CXCR3-,HC,PTC85037_PB,GSM4104143_CGGACGTAGGCTATCT-1,-0.23823718167109678
CXCR3-,HC,PTC85037_PB,GSM4104143_CGGACGTCAAGCGTAG-1,-0.4544019636516836
CXCR3-,HC,PTC85037_PB,GSM4104143_CGGACTGAGCCTATGT-1,-0.5275720230491797
CXCR3-,HC,PTC85037_PB,GSM4104143_CGGAGTCGTACTTCTT-1,-0.26440126596208113
CXCR3-,HC,PTC85037_PB,GSM4104143_CGTAGCGTCGCAGGCT-1,-0.3828299166135119
CXCR3-,HC,PTC85037_PB,GSM4104143_CGTAGGCTCAGGATCT-1,-0.10056797643315316
CXCR3-,HC,PTC85037_PB,GSM4104143_CGTGAGCAGTCGTACT-1,-0.10056797643315316
CXCR3-,HC,PTC85037_PB,GSM4104143_CGTGTAAAGATGTCGG-1,-0.10056797643315316
CXCR3-,HC,PTC85037_PB,GSM4104143_CGTGTAATCACTCTTA-1,-0.08938155985617056
CXCR3-,HC,PTC85037_PB,GSM4104143_CTAACTTGTATTCGTG-1,-0.10056797643315316
CXCR3-,HC,PTC85037_PB,GSM4104143_CTAAGACCAATACGCT-1,0.41058703143056163
CXCR3-,HC,PTC85037_PB,GSM4104143_CTAAGACGTCTGATTG-1,-0.10056797643315316
CXCR3-,HC,PTC85037_PB,GSM4104143_CTCACACTCAGGCCCA-1,0.1477380434595698
CXCR3-,HC,PTC85037_PB,GSM4104143_CTCCTAGCACTATCTT-1,-0.10056797643315316
CXCR3-,HC,PTC85037_PB,GSM4104143_CTCGAAACATGCAACT-1,-0.10056797643315316
CXCR3-,HC,PTC85037_PB,GSM4104143_CTCGAGGGTTAAGAAC-1,-0.319451236718697
CXCR3-,HC,PTC85037_PB,GSM4104143_CTCGGAGAGTTGAGAT-1,-0.10056797643315316
CXCR3-,HC,PTC85037_PB,GSM4104143_CTCGGAGTCGTTGCCT-1,-0.24401115795000847
CXCR3-,HC,PTC85037_PB,GSM4104143_CTCGTCAGTTACGGAG-1,-0.10056797643315316
CXCR3-,HC,PTC85037_PB,GSM4104143_CTCGTCATCCCATTAT-1,-0.3358900625901976
CXCR3-,HC,PTC85037_PB,GSM4104143_CTCTAATTCCGAGCCA-1,0.2432623203745032
CXCR3-,HC,PTC85037_PB,GSM4104143_CTCTACGTCTCCAGGG-1,-0.10669887629958709
CXCR3-,HC,PTC85037_PB,GSM4104143_CTGAAACCAGCTGTGC-1,0.5658577973344188
CXCR3-,HC,PTC85037_PB,GSM4104143_CTGAAGTCACTGTTAG-1,-0.10056797643315316
CXCR3-,HC,PTC85037_PB,GSM4104143_CTGATAGGTAAGAGAG-1,0.7555150472887359
CXCR3-,HC,PTC85037_PB,GSM4104143_CTGATAGTCAAAGACA-1,-0.25619910182997874
CXCR3-,HC,PTC85037_PB,GSM4104143_CTGCCTATCAAGATCC-1,-0.4781219387627126
CXCR3-,HC,PTC85037_PB,GSM4104143_CTTAACTCATTCGACA-1,-0.10056797643315316
CXCR3+,HC,PTC85037_PB,GSM4104143_CTTAACTTCTGACCTC-1,-1.255495105377225
CXCR3-,HC,PTC85037_PB,GSM4104143_CTTACCGGTATTCTCT-1,0.1817531896611037
CXCR3-,HC,PTC85037_PB,GSM4104143_GAACGGATCAGTTGAC-1,-0.10056797643315316
CXCR3-,HC,PTC85037_PB,GSM4104143_GAACGGATCCTAGAAC-1,-0.10056797643315316
CXCR3-,HC,PTC85037_PB,GSM4104143_GAACGGATCTGAGTGT-1,-0.2610945501217616
CXCR3-,HC,PTC85037_PB,GSM4104143_GAAGCAGGTTCCTCCA-1,-0.6092853881757477
CXCR3-,HC,PTC85037_PB,GSM4104143_GAATAAGCAGTATAAG-1,0.6395469482138416
CXCR3-,HC,PTC85037_PB,GSM4104143_GAATGAACATTGTGCA-1,-0.10056797643315316
CXCR3-,HC,PTC85037_PB,GSM4104143_GACACGCCACGTGAGA-1,-0.10056797643315316
CXCR3-,HC,PTC85037_PB,GSM4104143_GACTACATCCACGAAT-1,0.22259270549002322
CXCR3+,HC,PTC85037_PB,GSM4104143_GACTGCGCAGATCCAT-1,0.20480697851012547
CXCR3-,HC,PTC85037_PB,GSM4104143_GAGTCCGCAAGCTGTT-1,-0.22191992945435818
CXCR3-,HC,PTC85037_PB,GSM4104143_GATCGATAGATGCGAC-1,-0.19903436411085992
CXCR3-,HC,PTC85037_PB,GSM4104143_GATCGCGGTTTAAGCC-1,-0.10056797643315316
CXCR3-,HC,PTC85037_PB,GSM4104143_GATCGTAGTCATACTG-1,0.2589092598269935
CXCR3-,HC,PTC85037_PB,GSM4104143_GATGAAAAGAGGTACC-1,-0.404922879971742
CXCR3-,HC,PTC85037_PB,GSM4104143_GATGAAAAGTGGTCCC-1,0.6826068120381914
CXCR3-,HC,PTC85037_PB,GSM4104143_GATGAAAGTTCACCTC-1,-0.5676552248585977
CXCR3-,HC,PTC85037_PB,GSM4104143_GCAAACTAGACACTAA-1,-0.10056797643315316
CXCR3+,HC,PTC85037_PB,GSM4104143_GCACATATCGGATGGA-1,-0.12871993672164259
CXCR3-,HC,PTC85037_PB,GSM4104143_GCACTCTTCTGTCAAG-1,-0.22845500444343111
CXCR3-,HC,PTC85037_PB,GSM4104143_GCAGCCAGTAAGTTCC-1,0.25955796731196573
CXCR3-,HC,PTC85037_PB,GSM4104143_GCCTCTACAGCCACCA-1,-0.10056797643315316
CXCR3-,HC,PTC85037_PB,GSM4104143_GCCTCTATCTCTGCTG-1,-0.10056797643315316
CXCR3-,HC,PTC85037_PB,GSM4104143_GCGAGAAGTGTTTGGT-1,-0.10056797643315316
CXCR3-,HC,PTC85037_PB,GSM4104143_GCGCAACCAGTGGAGT-1,-0.10056797643315316
CXCR3-,HC,PTC85037_PB,GSM4104143_GCGCAGTGTCAGAGGT-1,-0.10056797643315316
CXCR3-,HC,PTC85037_PB,GSM4104143_GCGGGTTGTGTCAATC-1,-0.22453746364396232
CXCR3-,HC,PTC85037_PB,GSM4104143_GCTCCTAAGATAGCAT-1,-0.10056797643315316
CXCR3-,HC,PTC85037_PB,GSM4104143_GCTGGGTAGGTGACCA-1,-0.5807379297586753
CXCR3-,HC,PTC85037_PB,GSM4104143_GGAACTTCATGCCTAA-1,-0.10056797643315316
CXCR3-,HC,PTC85037_PB,GSM4104143_GGAATAAAGCGTCTAT-1,0.03759165142706739
CXCR3-,HC,PTC85037_PB,GSM4104143_GGACAAGCAAGCCGTC-1,0.11283719882544826
CXCR3-,HC,PTC85037_PB,GSM4104143_GGATGTTAGATGCCAG-1,-0.2550941996217446
CXCR3-,HC,PTC85037_PB,GSM4104143_GGATTACCACATGGGA-1,-0.10056797643315316
CXCR3-,HC,PTC85037_PB,GSM4104143_GGCAATTCACGTAAGG-1,-0.10056797643315316
CXCR3-,HC,PTC85037_PB,GSM4104143_GGGATGAGTAAGGATT-1,0.7646287324097878
CXCR3-,HC,PTC85037_PB,GSM4104143_GGGTTGCTCTGCAAGT-1,-0.5491329496331366
CXCR3-,HC,PTC85037_PB,GSM4104143_GGTATTGTCCACGTGG-1,-0.22899103331052606
CXCR3+,HC,PTC85037_PB,GSM4104143_GGTGAAGCAAATCCGT-1,-0.10056797643315316
CXCR3-,HC,PTC85037_PB,GSM4104143_GGTGCGTAGAAACGCC-1,-0.5734676000487681
CXCR3-,HC,PTC85037_PB,GSM4104143_GGTGTTAAGGAATTAC-1,-0.10056797643315316
CXCR3-,HC,PTC85037_PB,GSM4104143_GTAACTGGTATGAAAC-1,-0.10056797643315316
CXCR3-,HC,PTC85037_PB,GSM4104143_GTACTCCTCAAAGACA-1,-0.3104054233428163
CXCR3-,HC,PTC85037_PB,GSM4104143_GTCACAAGTGTAATGA-1,-0.10056797643315316
CXCR3-,HC,PTC85037_PB,GSM4104143_GTCATTTAGCTGATAA-1,-0.19953916428751742
CXCR3-,HC,PTC85037_PB,GSM4104143_GTCCTCAGTCGCTTCT-1,-0.08377597122951151
CXCR3-,HC,PTC85037_PB,GSM4104143_GTCGTAACATCGACGC-1,-0.30058772105835746
CXCR3-,HC,PTC85037_PB,GSM4104143_GTCTTCGGTTCGCTAA-1,0.47786517947010015
CXCR3-,HC,PTC85037_PB,GSM4104143_GTGCATAAGAGCTTCT-1,0.029336857137827427
CXCR3-,HC,PTC85037_PB,GSM4104143_GTGCATACATATGAGA-1,-0.10056797643315316
CXCR3+,HC,PTC85037_PB,GSM4104143_GTTAAGCAGGGAAACA-1,-0.07873033393790578
CXCR3-,HC,PTC85037_PB,GSM4104143_GTTAAGCAGGTGGGTT-1,-0.4647557083398644
CXCR3-,HC,PTC85037_PB,GSM4104143_GTTCTCGAGGCGTACA-1,0.23656751359429556
CXCR3-,HC,PTC85037_PB,GSM4104143_GTTCTCGCAAGTTCTG-1,0.3252961551062162
CXCR3-,HC,PTC85037_PB,GSM4104143_GTTTCTATCGCCATAA-1,-0.10056797643315316
CXCR3-,HC,PTC85037_PB,GSM4104143_TAAGTGCTCCAAAGTC-1,-0.48495690940589714
CXCR3-,HC,PTC85037_PB,GSM4104143_TACCTATAGTACATGA-1,-0.10056797643315316
CXCR3-,HC,PTC85037_PB,GSM4104143_TACCTTATCAACGGGA-1,0.029792790023959008
CXCR3-,HC,PTC85037_PB,GSM4104143_TACGGATAGAAACGCC-1,-0.10056797643315316
CXCR3-,HC,PTC85037_PB,GSM4104143_TACGGGCCACTGTGTA-1,-0.10056797643315316
CXCR3-,HC,PTC85037_PB,GSM4104143_TACGGTATCACGCATA-1,-0.10056797643315316
CXCR3-,HC,PTC85037_PB,GSM4104143_TACTCATAGAGCCCAA-1,-0.10056797643315316
CXCR3-,HC,PTC85037_PB,GSM4104143_TACTCATTCGAATCCA-1,-0.23541750413891305
CXCR3-,HC,PTC85037_PB,GSM4104143_TACTCGCCATGACATC-1,-0.10056797643315316
CXCR3-,HC,PTC85037_PB,GSM4104143_TACTTACAGTCAAGCG-1,-0.31438523789244516
CXCR3+,HC,PTC85037_PB,GSM4104143_TACTTACGTTCCCGAG-1,0.1048666124454527
CXCR3+,HC,PTC85037_PB,GSM4104143_TAGTTGGAGGACCACA-1,-0.280506963012273
CXCR3-,HC,PTC85037_PB,GSM4104143_TAGTTGGAGGGAGTAA-1,-0.31351352443871017
CXCR3-,HC,PTC85037_PB,GSM4104143_TATCAGGAGGATATAC-1,0.12886961072738695
CXCR3-,HC,PTC85037_PB,GSM4104143_TCAGCAAAGTGTTTGC-1,-0.3578210553845551
CXCR3-,HC,PTC85037_PB,GSM4104143_TCAGCAACAAGGTTCT-1,-0.10056797643315316
CXCR3-,HC,PTC85037_PB,GSM4104143_TCAGCTCAGGCAGGTT-1,-0.10056797643315316
CXCR3+,HC,PTC85037_PB,GSM4104143_TCATTACGTAGCCTCG-1,-0.10056797643315316
CXCR3-,HC,PTC85037_PB,GSM4104143_TCATTTGTCGAGAGCA-1,-0.2685141696885576
CXCR3-,HC,PTC85037_PB,GSM4104143_TCGAGGCGTTACGTCA-1,0.20678115714716558
CXCR3-,HC,PTC85037_PB,GSM4104143_TCGCGAGGTGGTACAG-1,-0.27341435369520267
CXCR3-,HC,PTC85037_PB,GSM4104143_TCGTAGAGTGCCTGGT-1,-0.23696488428119503
CXCR3-,HC,PTC85037_PB,GSM4104143_TCGTAGAGTTCACGGC-1,-0.10056797643315316
CXCR3-,HC,PTC85037_PB,GSM4104143_TCGTAGATCAGTGCAT-1,0.1961134890449414
CXCR3-,HC,PTC85037_PB,GSM4104143_TCTATTGGTAGCTCCG-1,0.19374776628435564
CXCR3-,HC,PTC85037_PB,GSM4104143_TCTCATATCATGCAAC-1,-0.23430958188422832
CXCR3-,HC,PTC85037_PB,GSM4104143_TGAAAGAAGCACACAG-1,-0.5707818389792102
CXCR3-,HC,PTC85037_PB,GSM4104143_TGAGAGGCAGATCTGT-1,-0.10056797643315316
CXCR3-,HC,PTC85037_PB,GSM4104143_TGAGGGACAGCCTTGG-1,-0.10056797643315316
CXCR3-,HC,PTC85037_PB,GSM4104143_TGCCAAACACAGACAG-1,-0.10056797643315316
CXCR3-,HC,PTC85037_PB,GSM4104143_TGCCAAAGTAGCTGCC-1,-0.10056797643315316
CXCR3-,HC,PTC85037_PB,GSM4104143_TGCGTGGAGTGCGATG-1,-0.34023629758865337
CXCR3-,HC,PTC85037_PB,GSM4104143_TGCTACCGTGGTCCGT-1,0.19287371834521366
CXCR3-,HC,PTC85037_PB,GSM4104143_TGGCCAGAGTGAAGTT-1,-0.20778560676602373
CXCR3-,HC,PTC85037_PB,GSM4104143_TGGCGCAAGATGGCGT-1,-0.041436509908533634
CXCR3-,HC,PTC85037_PB,GSM4104143_TGGGCGTAGTGCGTGA-1,-0.10056797643315316
CXCR3-,HC,PTC85037_PB,GSM4104143_TGGTTCCAGGACAGAA-1,0.2437736868238757
CXCR3-,HC,PTC85037_PB,GSM4104143_TGGTTCCTCCGTTGCT-1,-0.10056797643315316
CXCR3-,HC,PTC85037_PB,GSM4104143_TGTATTCGTACCTACA-1,-0.2363279365078059
CXCR3-,HC,PTC85037_PB,GSM4104143_TGTCCCAAGCGTAGTG-1,-0.10056797643315316
CXCR3+,HC,PTC85037_PB,GSM4104143_TTAGGACCAAGCTGGA-1,-0.10056797643315316
CXCR3-,HC,PTC85037_PB,GSM4104143_TTAGTTCTCGTAGGAG-1,-0.10056797643315316
CXCR3-,HC,PTC85037_PB,GSM4104143_TTATGCTTCGCCAGCA-1,-0.24063098564913407
CXCR3-,HC,PTC85037_PB,GSM4104143_TTCCCAGGTGGAAAGA-1,-0.10056797643315316
CXCR3-,HC,PTC85037_PB,GSM4104143_TTCGGTCTCACGAAGG-1,-0.05715898267108096
CXCR3-,HC,PTC85037_PB,GSM4104143_TTCGGTCTCGTTGCCT-1,-0.10056797643315316
CXCR3-,HC,PTC85037_PB,GSM4104143_TTCTCAACAGGCTGAA-1,-0.29611284655049047
CXCR3-,HC,PTC85037_PB,GSM4104143_TTCTCCTTCCTTTACA-1,-0.3724063058378088
CXCR3+,HC,PTC85037_PB,GSM4104143_TTCTTAGTCTCGTATT-1,-1.3151440054500927
CXCR3-,HC,PTC85037_PB,GSM4104143_TTGAACGTCCGGCACA-1,-0.10056797643315316
CXCR3-,HC,PTC85037_PB,GSM4104143_TTGACTTCAAGGGTCA-1,-0.37355027914070266
CXCR3-,HC,PTC85037_PB,GSM4104143_TTGCCGTCAATAACGA-1,-0.10056797643315316
CXCR3-,HC,PTC85037_PB,GSM4104143_TTTGTCACACTGAAGG-1,-0.10056797643315316
