tissue,condition,group_label,subject_id,cell_id,zinc_signature
CSF,MS,MS,6,AACCATGAGCACGCCT-1,0.6310539157954728
CSF,MS,MS,6,AACCATGCAAGAAAGG-1,0.01749354146941105
CSF,MS,MS,6,AACGTTGTCCTAGTGA-1,-0.30405527223520673
CSF,MS,MS,6,ACACCAAAGTCCAGGA-1,-0.039500778167150793
CSF,MS,MS,6,ACATACGGTTGCGCAC-1,0.17991735420250413
CSF,MS,MS,6,ACATCAGCATATACGC-1,-0.03939301434643875
CSF,MS,MS,6,ACGCCAGTCACTTCAT-1,-0.30405527223520673
CSF,MS,MS,6,ACGCCGAGTGCAACTT-1,0.335568277214405
CSF,MS,MS,6,ACTATCTTCTGACCTC-1,-0.15179702224528077
CSF,MS,MS,6,ACTGATGAGAGGTTAT-1,-0.30405527223520673
CSF,MS,MS,6,AGCAGCCCATGAGCGA-1,0.2235854931484313
CSF,MS,MS,6,AGCTCCTTCTTACCTA-1,0.5015614822806006
CSF,MS,MS,6,AGGCCGTAGTGCCAGA-1,-0.018823229936104715
CSF,MS,MS,6,AGTAGTCGTGCGATAG-1,0.388495750822235
CSF,MS,MS,6,ATAACGCGTGTTAAGA-1,-0.30405527223520673
CSF,MS,MS,6,ATCATCTAGAGTAATC-1,-0.014325846630967587
CSF,MS,MS,6,ATGAGGGGTAAACGCG-1,0.03417401804092535
CSF,MS,MS,6,CAACCAATCGTGACAT-1,0.2471715119050164
CSF,MS,MS,6,CAACTAGCAAGCGAGT-1,0.39105482434143063
CSF,MS,MS,6,CAAGTTGTCCAAAGTC-1,0.5339375619434175
CSF,MS,MS,6,CACACCTCACGGTGTC-1,0.41181246768989405
CSF,MS,MS,6,CACACCTTCCTGTACC-1,0.10554582219631263
CSF,MS,MS,6,CACAGGCCACCGCTAG-1,0.4884602534604974
CSF,MS,MS,6,CACAGGCTCACGATGT-1,-0.13696999215698294
CSF,MS,MS,6,CAGCATACACGGTAGA-1,-0.30405527223520673
CSF,MS,MS,6,CATCAAGGTTTCGCTC-1,0.1600073206109395
CSF,MS,MS,6,CATGCCTTCAGTCAGT-1,0.20204398045223343
CSF,MS,MS,6,CCAGCGATCAACACGT-1,0.5156137470093741
CSF,MS,MS,6,CCCTCCTAGATGTTAG-1,-0.05856924520586824
CSF,MS,MS,6,CCTAGCTCATGGAATA-1,-0.035357576477367876
CSF,MS,MS,6,CCTCTGACAAGTACCT-1,-0.17677465075036045
CSF,MS,MS,6,CGAGCCAGTACAGTTC-1,0.1826692362516453
CSF,MS,MS,6,CGATGGCTCAAAGACA-1,-0.011620417806290686
CSF,MS,MS,6,CGATGTAAGGATGCGT-1,-0.30405527223520673
CSF,MS,MS,6,CGATGTAGTCGGATCC-1,0.746522224008768
CSF,MS,MS,6,CGCCAAGCATCCGCGA-1,-0.007179961066981171
CSF,MS,MS,6,CGCTGGAAGACTAGAT-1,0.30900161568093826
CSF,MS,MS,6,CGGAGTCTCAACCATG-1,0.6981258265615524
CSF,MS,MS,6,CGTAGCGAGCAAATCA-1,0.4085595168185642
CSF,MS,MS,6,CGTCAGGGTCACCCAG-1,0.13883905402248586
CSF,MS,MS,6,CGTCCATGTGACCAAG-1,0.229054927813076
CSF,MS,MS,6,CGTGTAAGTCTTCGTC-1,-0.12874357915322893
CSF,MS,MS,6,CGTGTCTGTAGAGCTG-1,-0.19316867325294207
CSF,MS,MS,6,CTCGTCACAATCCGAT-1,0.34009058613804755
CSF,MS,MS,6,CTGATCCGTTCTGTTT-1,-0.17899183489122938
CSF,MS,MS,6,CTGCCTAAGCTGTCTA-1,0.008277178199896373
CSF,MS,MS,6,GAATAAGCATCACCCT-1,0.43114462484250116
CSF,MS,MS,6,GAGCAGAAGCCAGTAG-1,0.4687749571458762
CSF,MS,MS,6,GAGGTGAAGAGTCTGG-1,-0.09542955674572674
CSF,MS,MS,6,GAGGTGATCAGCGATT-1,0.0738686228519423
CSF,MS,MS,6,GATCGATAGCGAAGGG-1,0.015623013007316167
CSF,MS,MS,6,GATCTAGAGTATGACA-1,-0.04642856979599435
CSF,MS,MS,6,GATCTAGGTAGCGTGA-1,-0.30405527223520673
CSF,MS,MS,6,GATGCTATCGCACTCT-1,0.6096147021633376
CSF,MS,MS,6,GCATGCGAGGATTCGG-1,0.08161740363135558
CSF,MS,MS,6,GCGCCAACACTGTGTA-1,-0.14249748419704716
CSF,MS,MS,6,GCTTCCACATCACAAC-1,0.6005799092147102
CSF,MS,MS,6,GGACGTCTCACAAACC-1,0.3876851573663204
CSF,MS,MS,6,GGCCGATCAACTGCTA-1,0.06159158099410822
CSF,MS,MS,6,GGGACCTTCATAGCAC-1,0.11961066628187102
CSF,MS,MS,6,GGGTTGCTCACCACCT-1,0.34601053128068227
CSF,MS,MS,6,GTAACGTGTCATCGGC-1,-0.30405527223520673
CSF,MS,MS,6,GTACTTTGTCACAAGG-1,0.038337146129339125
CSF,MS,MS,6,GTGCATAGTCCCTTGT-1,-0.30405527223520673
CSF,MS,MS,6,GTTCATTGTTCACCTC-1,0.11633855766914214
CSF,MS,MS,6,GTTTCTACAGGTCTCG-1,0.05926547642400791
CSF,MS,MS,6,GTTTCTATCGGCGGTT-1,0.6060935263439063
CSF,MS,MS,6,TACGGTAGTTAAGACA-1,-0.30405527223520673
CSF,MS,MS,6,TACTTACGTAACGCGA-1,-0.0017055307609450954
CSF,MS,MS,6,TAGAGCTGTTCATGGT-1,0.3447956319358573
CSF,MS,MS,6,TCGGGACGTCCGCTGA-1,-0.05726904623080913
CSF,MS,MS,6,TCGGTAAGTTAGGGTG-1,0.17736852902969696
CSF,MS,MS,6,TCGTAGATCCTCCTAG-1,-0.15329507047280072
CSF,MS,MS,6,TGAGCATCACTGTTAG-1,0.14735581227888245
CSF,MS,MS,6,TGAGCCGCAGACGCAA-1,0.2867770735712999
CSF,MS,MS,6,TGCGTGGCAGACAGGT-1,0.11159105615014486
CSF,MS,MS,6,TGCTGCTAGTCCCACG-1,0.38636171410252546
CSF,MS,MS,6,TGGCGCAAGTGTCTCA-1,0.014977942236975366
CSF,MS,MS,6,TGGTTAGAGAAACCTA-1,-0.13811460768368158
CSF,MS,MS,6,TTCGAAGCATGCGCAC-1,0.06634210525375575
CSF,MS,MS,6,TTTCCTCTCTTGCAAG-1,0.7632318994936275
CSF,MS,MS,7,AAACGGGCACCGGAAA-1,0.2536238896118749
CSF,MS,MS,7,AAAGATGTCTAGAGTC-1,0.8059844149266954
CSF,MS,MS,7,AACTCAGAGCCACGTC-1,0.3843420325454355
CSF,MS,MS,7,AAGGTTCCACCAGGCT-1,0.07648101948166552
CSF,MS,MS,7,AAGTCTGCATGTCGAT-1,-0.07989620222496896
CSF,MS,MS,7,ACCCACTTCTGCTGTC-1,-0.0010020740112813684
CSF,MS,MS,7,ACCTTTACATAGAAAC-1,-0.30405527223520673
CSF,MS,MS,7,ACGAGCCAGGAGCGAG-1,0.0279778526971381
CSF,MS,MS,7,ACGATACAGCACACAG-1,0.2260511129547685
CSF,MS,MS,7,ACGATACGTTGAGTTC-1,0.007622476246972717
CSF,MS,MS,7,ACGATGTTCCTTTCGG-1,-0.08247470353598095
CSF,MS,MS,7,ACGTCAAGTCATACTG-1,0.06629133162990543
CSF,MS,MS,7,ACTGATGCACAGACAG-1,0.17283544220792985
CSF,MS,MS,7,AGCTCCTTCCGTACAA-1,0.13585336040473422
CSF,MS,MS,7,AGCTTGAAGTGGAGAA-1,-0.08090856319984897
CSF,MS,MS,7,AGGGTGAAGTGCAAGC-1,0.2329085222619267
CSF,MS,MS,7,ATAGACCTCTGCTGCT-1,-0.0034039372729490957
CSF,MS,MS,7,ATCACGAGTAAGCACG-1,0.07834967886492715
CSF,MS,MS,7,ATCCGAACAAGTCATC-1,0.21577949953447645
CSF,MS,MS,7,ATCTACTGTCTAGAGG-1,0.4026917640842185
CSF,MS,MS,7,ATCTGCCGTCTGATTG-1,-0.30405527223520673
CSF,MS,MS,7,ATTACTCGTTAAGAAC-1,0.24547167540735687
CSF,MS,MS,7,CAAGAAAGTGGGTCAA-1,-0.30405527223520673
CSF,MS,MS,7,CAAGTTGTCCTATGTT-1,0.5925022763490464
CSF,MS,MS,7,CACACTCCATTACCTT-1,0.32800333657395464
CSF,MS,MS,7,CAGAATCCACATTCGA-1,0.11619106975477873
CSF,MS,MS,7,CAGCTAACAGCTTCGG-1,0.2544807582518416
CSF,MS,MS,7,CATCAGATCTGTCTAT-1,-0.30405527223520673
CSF,MS,MS,7,CCAGCGAAGCCGCCTA-1,0.16746423340243474
CSF,MS,MS,7,CCTATTATCTGTCCGT-1,-0.30405527223520673
CSF,MS,MS,7,CGATGTATCCAATGGT-1,0.6080002420610865
CSF,MS,MS,7,CGCCAAGTCACGCATA-1,0.5074671485883055
CSF,MS,MS,7,CGCGGTAAGACTGGGT-1,-0.16135238988681014
CSF,MS,MS,7,CGGGTCAAGCTGCGAA-1,0.11892123838093963
CSF,MS,MS,7,CGTAGGCTCCTAGAAC-1,0.3412478241648718
CSF,MS,MS,7,CGTTCTGAGCCAGTAG-1,0.7408043202436689
CSF,MS,MS,7,CTACCCAAGTAGTGCG-1,0.16298039687496185
CSF,MS,MS,7,CTAGTGACAGCCTTTC-1,0.6802993109660961
CSF,MS,MS,7,CTCACACCACAAGTAA-1,0.5810823489767183
CSF,MS,MS,7,CTGAAACAGAACTGTA-1,-0.30405527223520673
CSF,MS,MS,7,CTGGTCTCACCTCGTT-1,0.03197556748030011
CSF,MS,MS,7,CTTAGGATCCCTAATT-1,0.47229398406356105
CSF,MS,MS,7,GCATACAGTCCGAAGA-1,0.2530669753362539
CSF,MS,MS,7,GCGCAACTCGTACCGG-1,0.18204888536402983
CSF,MS,MS,7,GGGTTGCAGCTGAACG-1,-0.046004506966849545
CSF,MS,MS,7,GGTGAAGTCCGCGGTA-1,0.6030823253418885
CSF,MS,MS,7,GTCACAATCCGAAGAG-1,0.4166288576728373
CSF,MS,MS,7,GTCCTCACAGCTCGAC-1,0.5693211364570887
CSF,MS,MS,7,GTGAAGGAGGCCATAG-1,0.9050385081098474
CSF,MS,MS,7,GTGGGTCTCAACGCTA-1,-0.17333581669119294
CSF,MS,MS,7,GTTAAGCGTACCCAAT-1,0.25813790528603825
CSF,MS,MS,7,GTTCGGGCATGCCACG-1,0.4145197302017551
CSF,MS,MS,7,TAAACCGCAAGCGAGT-1,-0.09078122163986617
CSF,MS,MS,7,TAAGCGTCATCGGTTA-1,0.1594956171986786
CSF,MS,MS,7,TACTCATTCTTACCGC-1,-0.06942454966403681
CSF,MS,MS,7,TAGTGGTGTCCTCTTG-1,0.31505618907265126
CSF,MS,MS,7,TATCAGGTCTCAAACG-1,0.01257633076199213
CSF,MS,MS,7,TATTACCTCGCCTGAG-1,0.10577251078798099
CSF,MS,MS,7,TCAACGAAGCCACGCT-1,0.6402292619067037
CSF,MS,MS,7,TCAGGATCACTTGGAT-1,0.014317398360754059
CSF,MS,MS,7,TCTGAGATCGGTTCGG-1,-0.09872700185166602
CSF,MS,MS,7,TCTGGAATCTTTAGGG-1,-0.1827871429542296
CSF,MS,MS,7,TGACTAGCATCAGTCA-1,-0.08412120030100863
CSF,MS,MS,7,TGCCAAACAACTGCGC-1,0.03470665353393819
CSF,MS,MS,7,TGCGGGTCACCAGGTC-1,0.29468355144194985
CSF,MS,MS,7,TTAACTCTCCGTAGGC-1,0.028892062434699835
CSF,MS,MS,7,TTCTACACACAACGTT-1,0.14440064656457194
CSF,MS,MS,7,TTCTCCTTCCGTCATC-1,-0.12132690100462247
CSF,MS,MS,7,TTGCCGTAGAAGGTGA-1,0.7569064610884927
CSF,MS,MS,7,TTGTAGGCATCACGTA-1,-0.033492797623580275
CSF,MS,MS,8,AAACGGGAGGCCATAG-1,1.1388941623197735
CSF,MS,MS,8,AAACGGGCACGGCTAC-1,0.39133045826477325
CSF,MS,MS,8,AACCATGGTTATTCTC-1,0.04827350438422922
CSF,MS,MS,8,AACTCAGAGGCACATG-1,0.0037159269062964706
CSF,MS,MS,8,AACTTTCAGAGCCCAA-1,-0.1200809756461885
CSF,MS,MS,8,AAGTCTGCATGTCGAT-1-1,-0.05623374054789222
CSF,MS,MS,8,AATCCAGTCAACGCTA-1,0.13144868855333258
CSF,MS,MS,8,ACACCAATCAAACCAC-1,-0.013693044460063348
CSF,MS,MS,8,ACACCGGCAGCCTTTC-1,0.020816109952180178
CSF,MS,MS,8,ACACCGGGTTGAGTTC-1,0.32172668984263947
CSF,MS,MS,8,ACACTGACAGACGCTC-1,0.025634711300515773
CSF,MS,MS,8,ACACTGATCTGCTGCT-1,0.12552185317825743
CSF,MS,MS,8,ACAGCTATCCGCGCAA-1,0.30861567517148414
CSF,MS,MS,8,ACATGGTAGACAGAGA-1,-0.19648924370324308
CSF,MS,MS,8,ACATGGTCAACTTGAC-1,0.19305481806360136
CSF,MS,MS,8,ACCGTAATCGAATGCT-1,0.22272811367517303
CSF,MS,MS,8,ACCGTAATCTTTACGT-1,0.0808125917894645
CSF,MS,MS,8,ACGAGCCTCGGCTACG-1,0.5281783118907303
CSF,MS,MS,8,ACGATGTCACAGCCCA-1,-0.21421923722098907
CSF,MS,MS,8,ACGATGTGTTAAGACA-1,0.6360566758664066
CSF,MS,MS,8,ACGTCAACACATCCAA-1,-0.15093479253571093
CSF,MS,MS,8,ACGTCAACATGTTCCC-1,-0.30405527223520673
CSF,MS,MS,8,ACTATCTTCGCTTAGA-1,-0.1551546746054311
CSF,MS,MS,8,ACTGAGTGTTCAGCGC-1,-0.10657303914753136
CSF,MS,MS,8,ACTGCTCTCCTATGTT-1,-0.008425574735859824
CSF,MS,MS,8,ACTGCTCTCTGACCTC-1,-0.30405527223520673
CSF,MS,MS,8,ACTGTCCGTTAAGACA-1,-0.30405527223520673
CSF,MS,MS,8,ACTTGTTCAGGAATGC-1,-0.16142592860543953
CSF,MS,MS,8,ACTTTCAAGGAATTAC-1,-0.30405527223520673
CSF,MS,MS,8,AGAGCTTAGACTTTCG-1,-0.30405527223520673
CSF,MS,MS,8,AGATCTGAGATGTGGC-1,-0.1040389773858968
CSF,MS,MS,8,AGCAGCCGTCTAGCGC-1,0.20978871155648168
CSF,MS,MS,8,AGCATACGTCTCCATC-1,0.3848400075728584
CSF,MS,MS,8,AGCGTATTCAGGATCT-1,0.03354756209241209
CSF,MS,MS,8,AGGGAGTTCAGAGGTG-1,0.36205932219811837
CSF,MS,MS,8,AGGGTGATCCATGAAC-1,-0.30405527223520673
CSF,MS,MS,8,AGGTCATCACGGCGTT-1,0.10730195265346192
CSF,MS,MS,8,AGGTCATGTCACTGGC-1,-0.1169070125870061
CSF,MS,MS,8,AGGTCATGTTAGAACA-1,-0.04786236363512553
CSF,MS,MS,8,AGTAGTCAGATACACA-1,0.4970950129397841
CSF,MS,MS,8,AGTGTCAGTGTTAAGA-1,0.235218076542045
CSF,MS,MS,8,AGTTGGTGTCTCACCT-1,0.14691658617505596
CSF,MS,MS,8,ATAACGCAGCACAGGT-1,0.03859409823730375
CSF,MS,MS,8,ATAACGCAGTACACCT-1,-0.30405527223520673
CSF,MS,MS,8,ATAACGCCAAGAAAGG-1,0.08070569952613396
CSF,MS,MS,8,ATAAGAGGTAGGACAC-1,0.31006394338698395
CSF,MS,MS,8,ATCACGACAAGTAGTA-1,0.6800877471764216
CSF,MS,MS,8,ATCACGAGTTAGGGTG-1,0.5497117762970829
CSF,MS,MS,8,ATCATCTAGAGACGAA-1,-0.30405527223520673
CSF,MS,MS,8,ATCCACCTCAACACGT-1,0.7081985684332087
CSF,MS,MS,8,ATCTACTTCTGAAAGA-1,0.49183324017337654
CSF,MS,MS,8,ATGAGGGAGATCCTGT-1,0.17926624264316202
CSF,MS,MS,8,ATGCGATAGACAATAC-1,0.023899541660474064
CSF,MS,MS,8,ATTACTCCATGGTCTA-1,0.17512552017819732
CSF,MS,MS,8,ATTCTACAGACCTTTG-1,0.35408660410260373
CSF,MS,MS,8,ATTGGACCAGGAACGT-1,0.022181790066251046
CSF,MS,MS,8,CAACCAATCGCGGATC-1,0.8946647243751948
CSF,MS,MS,8,CAAGATCTCTGTACGA-1,0.093648952712131
CSF,MS,MS,8,CAAGTTGCAAGGTGTG-1,0.07413660253563174
CSF,MS,MS,8,CAAGTTGCATCAGTAC-1,0.25279491403265825
CSF,MS,MS,8,CAAGTTGTCTGCAGTA-1,0.014993731657021845
CSF,MS,MS,8,CACAAACCAGCTGGCT-1,0.5970024954242162
CSF,MS,MS,8,CACACCTCAAGGACTG-1,0.16689792815671015
CSF,MS,MS,8,CACACTCCACGGCGTT-1,0.6925159545464732
CSF,MS,MS,8,CACAGTACACCAACCG-1,0.3944541959285794
CSF,MS,MS,8,CACAGTATCGGCGCAT-1,0.1866914399955711
CSF,MS,MS,8,CACATAGTCATCTGCC-1,-0.07524181229214634
CSF,MS,MS,8,CACATAGTCTCTGTCG-1,0.650423108245959
CSF,MS,MS,8,CACCACTTCCGGGTGT-1,-0.16347341433855406
CSF,MS,MS,8,CACCAGGTCAGTTTGG-1,-0.30405527223520673
CSF,MS,MS,8,CACCAGGTCGGATGTT-1,0.004941787338965474
CSF,MS,MS,8,CAGCATAGTCGGCATC-1,-0.30405527223520673
CSF,MS,MS,8,CAGCCGATCAACACTG-1,-0.18315833562883857
CSF,MS,MS,8,CAGCGACTCTGATACG-1,0.5841786345596462
CSF,MS,MS,8,CAGCTAATCACCCTCA-1,0.2889026965059811
CSF,MS,MS,8,CAGCTGGAGGATTCGG-1,-0.30405527223520673
CSF,MS,MS,8,CATCAGAGTGATAAAC-1,-0.0962365135543666
CSF,MS,MS,8,CATGCCTTCTACTATC-1,-0.009533958610721625
CSF,MS,MS,8,CATTATCTCGTTTGCC-1,0.43230399205433684
CSF,MS,MS,8,CATTCGCGTAGCGTCC-1,0.6598603818804474
CSF,MS,MS,8,CCACTACCACAGCCCA-1,-0.1751298770478355
CSF,MS,MS,8,CCAGCGATCCAAAGTC-1,0.25523907921435157
CSF,MS,MS,8,CCATTCGGTGGTACAG-1,-0.014214162628548401
CSF,MS,MS,8,CCCAATCGTTAGATGA-1,0.11750432174624303
CSF,MS,MS,8,CCGGGATGTAGATTAG-1,-0.30405527223520673
CSF,MS,MS,8,CCGTTCACACCGAAAG-1,-0.051503970063182684
CSF,MS,MS,8,CCGTTCATCATGCAAC-1,0.5745036142820327
CSF,MS,MS,8,CCTACACTCCTCAATT-1,-0.03173164949298172
CSF,MS,MS,8,CCTACCAGTCGAATCT-1,0.3731342135998292
CSF,MS,MS,8,CCTACCAGTGCTTCTC-1,0.697334574963968
CSF,MS,MS,8,CCTCAGTCACTGTTAG-1,0.20361875276190775
CSF,MS,MS,8,CCTTCCCCAACACGCC-1,0.6143142247275927
CSF,MS,MS,8,CGACCTTGTTCTGTTT-1,-0.1598878671278864
CSF,MS,MS,8,CGAGCCACATACGCCG-1,-0.07108647354086346
CSF,MS,MS,8,CGATTGAAGCGTAATA-1,0.5173175169840781
CSF,MS,MS,8,CGCTGGATCTGGCGAC-1,0.9162565458749705
CSF,MS,MS,8,CGGACACAGCTTTGGT-1,0.7169865793142269
CSF,MS,MS,8,CGGACGTCAGCCAATT-1,0.19223709131156377
CSF,MS,MS,8,CGGACTGAGCCCAATT-1,-0.06198553193555539
CSF,MS,MS,8,CGGGTCAGTAGAGTGC-1,0.06330148075345568
CSF,MS,MS,8,CGGTTAAAGCAGATCG-1,-0.1376144532883301
CSF,MS,MS,8,CGGTTAATCTCTAGGA-1,0.5507567850320846
CSF,MS,MS,8,CGTAGGCCACAAGCCC-1,0.1418833246267636
CSF,MS,MS,8,CGTCACTCACGTCTCT-1,-0.0009743304008833022
CSF,MS,MS,8,CTAAGACGTGACGCCT-1,0.3130092668905429
CSF,MS,MS,8,CTACGTCAGCATGGCA-1,0.39670759982079284
CSF,MS,MS,8,CTAGTGATCGGCCGAT-1,0.8316623921670212
CSF,MS,MS,8,CTCACACGTAAGGGCT-1,0.7505790171084554
CSF,MS,MS,8,CTCACACTCACATACG-1,0.007929512077044445
CSF,MS,MS,8,CTCAGAAAGCTGGAAC-1,-0.30405527223520673
CSF,MS,MS,8,CTCCTAGGTCACTTCC-1,-0.1151837999348405
CSF,MS,MS,8,CTCTAATGTAGCAAAT-1,-0.30405527223520673
CSF,MS,MS,8,CTCTACGCATCACGAT-1,0.2316688058817818
CSF,MS,MS,8,CTGCCTAGTGATAAAC-1,0.056301252949758185
CSF,MS,MS,8,CTGCTGTAGCCAGTAG-1,0.16554453133611388
CSF,MS,MS,8,CTGGTCTCAGGTCTCG-1,-0.30405527223520673
CSF,MS,MS,8,CTGTGCTTCGGTTAAC-1,-0.13708059384461005
CSF,MS,MS,8,CTGTTTACAGTAAGCG-1,0.38537636475786957
CSF,MS,MS,8,CTTAGGATCACCTTAT-1,0.08941094796789095
CSF,MS,MS,8,CTTCTCTAGCGAGAAA-1,0.0026654964454201663
CSF,MS,MS,8,CTTGGCTCACTCTGTC-1,0.4537700040329909
CSF,MS,MS,8,CTTGGCTGTGTCGCTG-1,0.6549814699619196
CSF,MS,MS,8,GAAACTCCAAACTGTC-1,-0.13764984322266138
CSF,MS,MS,8,GAAATGACACTGCCAG-1,0.3292316994192635
CSF,MS,MS,8,GAAATGAGTCATGCAT-1,0.006627090564462376
CSF,MS,MS,8,GAACATCTCATGTAGC-1,0.034012851439853546
CSF,MS,MS,8,GAACATCTCTTGACGA-1,0.8948961974242513
CSF,MS,MS,8,GAACGGAGTGAAATCA-1,-0.30405527223520673
CSF,MS,MS,8,GAATAAGAGTGAAGTT-1,-0.1554034896565964
CSF,MS,MS,8,GACACGCCATTCGACA-1,0.14931420113978192
CSF,MS,MS,8,GACAGAGAGAGTAAGG-1,-0.11313417549178821
CSF,MS,MS,8,GACGGCTTCCACGTTC-1,0.46398250851429
CSF,MS,MS,8,GATCGATCATAGACTC-1,0.963804379260308
CSF,MS,MS,8,GATTCAGTCACCAGGC-1,0.19687899803693062
CSF,MS,MS,8,GCAAACTGTCTGCAAT-1,-0.30405527223520673
CSF,MS,MS,8,GCAAACTGTGCAACGA-1,0.5536585429923775
CSF,MS,MS,8,GCATGCGTCTATGTGG-1,0.25099010820887885
CSF,MS,MS,8,GCCAAATTCACAGGCC-1,0.5741585869907313
CSF,MS,MS,8,GCCTCTATCCCATTTA-1,0.4669373131650771
CSF,MS,MS,8,GCGACCAGTAAGAGAG-1,-0.1971324665926035
CSF,MS,MS,8,GCGAGAAAGCGGATCA-1,0.5673471893816032
CSF,MS,MS,8,GCGCAGTAGATCACGG-1,-0.03278331784511901
CSF,MS,MS,8,GCTCCTAGTATAAACG-1,0.004806767614709916
CSF,MS,MS,8,GCTCTGTCAGCCTGTG-1,-0.13908704454968782
CSF,MS,MS,8,GCTCTGTTCAACGAAA-1,-0.04140319223920603
CSF,MS,MS,8,GCTGCAGCATGCAACT-1,0.07482169122836033
CSF,MS,MS,8,GCTGCAGTCACAACGT-1,0.290778266025638
CSF,MS,MS,8,GCTTCCAGTAGCGCAA-1,0.7717409557933201
CSF,MS,MS,8,GCTTCCAGTGAGGCTA-1,0.6118180446736687
CSF,MS,MS,8,GGACAAGGTTTCGCTC-1,-0.06381480974061525
CSF,MS,MS,8,GGACAGACAGGGAGAG-1,0.3667300511109615
CSF,MS,MS,8,GGACGTCCATTGGCGC-1,0.13086319765008883
CSF,MS,MS,8,GGCAATTTCCAAATGC-1,-0.20197351516761713
CSF,MS,MS,8,GGCTGGTGTTCATGGT-1,-0.30405527223520673
CSF,MS,MS,8,GGGATGAGTTACCAGT-1,0.3582683769965319
CSF,MS,MS,8,GGGCACTTCAAGGTAA-1,0.0942604755438485
CSF,MS,MS,8,GGGCATCTCCACGCAG-1,0.35317383293809873
CSF,MS,MS,8,GGGTCTGGTAGCGATG-1,0.054922473631038256
CSF,MS,MS,8,GGTGAAGGTGCAACTT-1,-0.17000524773698936
CSF,MS,MS,8,GGTGCGTTCACCACCT-1,-0.007385550540921033
CSF,MS,MS,8,GTAGGCCCACATCTTT-1,-0.30405527223520673
CSF,MS,MS,8,GTCACAACACTGTTAG-1,0.004888947364720088
CSF,MS,MS,8,GTCACGGAGAGACTAT-1,0.24329559245762014
CSF,MS,MS,8,GTCATTTTCGTACCGG-1,0.3406389279347279
CSF,MS,MS,8,GTCTCGTGTTCCCTTG-1,0.1838913211359581
CSF,MS,MS,8,GTCTTCGAGAGTCGGT-1,0.10137511671801558
CSF,MS,MS,8,GTCTTCGGTGAACCTT-1,0.16483130274799546
CSF,MS,MS,8,GTGCGGTGTCCCTTGT-1,0.2983416704765021
CSF,MS,MS,8,GTGCTTCCAGAGTGTG-1,0.14891168619050085
CSF,MS,MS,8,GTGCTTCCATGTTCCC-1,-0.13807364857379104
CSF,MS,MS,8,GTGCTTCTCACGACTA-1,0.3545356142442138
CSF,MS,MS,8,GTTAAGCTCGCAAGCC-1,0.2536624670693848
CSF,MS,MS,8,GTTTCTAAGCTGAACG-1,0.7893445901038064
CSF,MS,MS,8,GTTTCTACACCACGTG-1,0.015684692627791565
CSF,MS,MS,8,GTTTCTATCCGTACAA-1,-0.30405527223520673
CSF,MS,MS,8,TAAGCGTGTCTGCCAG-1,0.13838577933988278
CSF,MS,MS,8,TACCTTATCCAAAGTC-1,0.42063354103515943
CSF,MS,MS,8,TACGGATTCCCGACTT-1,0.035646203995299115
CSF,MS,MS,8,TACGGTATCCTCAATT-1,0.11387804213224166
CSF,MS,MS,8,TACTCATAGAGCTATA-1,-0.1654921446225723
CSF,MS,MS,8,TACTCATCAGGACGTA-1,0.059057739898379244
CSF,MS,MS,8,TACTTACTCTCTAGGA-1,0.1176100827074694
CSF,MS,MS,8,TATCAGGCATCTCCCA-1,0.29867152896783006
CSF,MS,MS,8,TATCAGGTCTACTATC-1,0.15761613070340122
CSF,MS,MS,8,TCAACGAGTTGTGGCC-1,0.7467782407145462
CSF,MS,MS,8,TCAATCTTCCGCTGTT-1,0.26241949101909084
CSF,MS,MS,8,TCACGAAAGTGTTAGA-1,0.00945454684552205
CSF,MS,MS,8,TCAGCTCAGGAATCGC-1,0.41654823196749563
CSF,MS,MS,8,TCAGGATGTCTTGTCC-1,0.44006221261827355
CSF,MS,MS,8,TCAGGTATCTGAGTGT-1,-0.30405527223520673
CSF,MS,MS,8,TCATTTGAGACTTGAA-1,-0.0791309427609568
CSF,MS,MS,8,TCCACACCAAGTAGTA-1,-0.30405527223520673
CSF,MS,MS,8,TCCCGATAGCGCCTCA-1,0.41609476393703326
CSF,MS,MS,8,TCCCGATCACACATGT-1,0.006161277175443839
CSF,MS,MS,8,TCGGGACCACGACGAA-1,0.2890476179743247
CSF,MS,MS,8,TCGGGACTCTTGCAAG-1,-0.30405527223520673
CSF,MS,MS,8,TCGGTAAGTTCAACCA-1,-0.20116398182990974
CSF,MS,MS,8,TCGTACCAGCATGGCA-1,0.07275246036184128
CSF,MS,MS,8,TCGTACCAGCCCAGCT-1,0.20239002585989171
CSF,MS,MS,8,TCGTAGAAGTGGGCTA-1,0.07810738442309098
CSF,MS,MS,8,TCTATTGCAAGTAATG-1,-0.30405527223520673
CSF,MS,MS,8,TCTATTGGTGGCCCTA-1,-0.19488348383035214
CSF,MS,MS,8,TCTGAGAGTTTGACTG-1,-0.053630191068899324
CSF,MS,MS,8,TGACAACGTGCAGACA-1,0.4987922308819193
CSF,MS,MS,8,TGACGGCAGGACCACA-1,-0.30405527223520673
CSF,MS,MS,8,TGACGGCAGGTGACCA-1,1.5098814004752352
CSF,MS,MS,8,TGACGGCCACAGATTC-1,0.5695205266878621
CSF,MS,MS,8,TGACTAGAGGGAGTAA-1,0.06668353444609734
CSF,MS,MS,8,TGAGGGATCCTCCTAG-1,-0.30405527223520673
CSF,MS,MS,8,TGCACCTTCAGGCAAG-1,0.364493109919312
CSF,MS,MS,8,TGCCCTAGTGTAAGTA-1,0.45585652087271233
CSF,MS,MS,8,TGCGCAGAGTAAGTAC-1,-0.0769596041802426
CSF,MS,MS,8,TGCGCAGTCAATCTCT-1,0.36464936114893814
CSF,MS,MS,8,TGCGGGTGTTCCGGCA-1,0.3467112842142858
CSF,MS,MS,8,TGCGGGTTCCAAAGTC-1,-0.30405527223520673
CSF,MS,MS,8,TGCGTGGAGTTACCCA-1,0.13670107633799827
CSF,MS,MS,8,TGCTACCTCGGAAACG-1,0.3047195648944137
CSF,MS,MS,8,TGCTGCTTCTCGGACG-1,0.45909765364044575
CSF,MS,MS,8,TGGACGCGTAGAGGAA-1,0.2801064891944919
CSF,MS,MS,8,TGGCCAGTCGTGGGAA-1,0.370678861541807
CSF,MS,MS,8,TGGTTAGGTGCACCAC-1,-0.01623585356921228
CSF,MS,MS,8,TGGTTCCAGACTAAGT-1,0.17963970101529705
CSF,MS,MS,8,TGGTTCCCAGAGTGTG-1,1.0755359313524648
CSF,MS,MS,8,TGTATTCTCAACGCTA-1,-0.30405527223520673
CSF,MS,MS,8,TGTGGTAGTGTTCTTT-1,0.192688651225821
CSF,MS,MS,8,TGTTCCGGTCCGCTGA-1,-0.30405527223520673
CSF,MS,MS,8,TGTTCCGTCAACGGCC-1,0.764984396373402
CSF,MS,MS,8,TTAGGACCAGGGTATG-1,0.4907292637010315
CSF,MS,MS,8,TTAGTTCAGTGGAGAA-1,0.7251406111774382
CSF,MS,MS,8,TTAGTTCTCTATGTGG-1,0.1812153246657168
CSF,MS,MS,8,TTCGAAGAGCTGATAA-1,0.3443263314858309
CSF,MS,MS,8,TTCGAAGCAGACGTAG-1,0.2072132300358342
CSF,MS,MS,8,TTCTACACAGACGCCT-1,0.05966911518686232
CSF,MS,MS,8,TTCTCAATCAAACCGT-1,-0.025772551923377574
CSF,MS,MS,8,TTCTCCTTCTCTGAGA-1,-0.20092640875951492
CSF,MS,MS,8,TTGACTTAGGCATTGG-1,-0.08156781875399913
CSF,MS,MS,8,TTGACTTTCACCTTAT-1,0.13195200497200232
CSF,MS,MS,8,TTGGAACCACGAGAGT-1,-0.30405527223520673
CSF,MS,MS,8,TTGGCAAAGATGCCAG-1,-0.30405527223520673
CSF,MS,MS,8,TTTATGCAGTCCGTAT-1,-0.30405527223520673
CSF,MS,MS,8,TTTATGCCACCGAATT-1,0.00637002539590485
CSF,MS,MS,8,TTTATGCGTGGAAAGA-1,-0.09748212082146293
CSF,MS,MS,8,TTTGCGCGTTCGTTGA-1,1.044020157258264
CSF,MS,MS,8,TTTGTCATCTTACCTA-1,-0.009474844443693073
CSF,MS,MS,9,AACCGCGGTTTCGCTC-1,0.473567259292951
CSF,MS,MS,9,AACGTTGAGGACATTA-1,0.49427498560467403
CSF,MS,MS,9,AAGACCTGTCCTAGCG-1,0.15716334805462645
CSF,MS,MS,9,AATCCAGTCAACACCA-1,-0.18972182314364286
CSF,MS,MS,9,ACACCCTTCCTTTACA-1,0.6998114299921987
CSF,MS,MS,9,ACAGCCGAGTAGGTGC-1,-0.12330827925983182
CSF,MS,MS,9,ACAGCTAGTCTCCACT-1,-0.05344718279002113
CSF,MS,MS,9,ACATACGGTAAGTGTA-1,0.37081670139138373
CSF,MS,MS,9,ACCAGTACATGCCACG-1,-0.01492609426367202
CSF,MS,MS,9,ACCTTTAGTTCTCATT-1,0.16785776493343588
CSF,MS,MS,9,ACGATACCACACCGCA-1,-0.09099172371801302
CSF,MS,MS,9,ACGCAGCGTGACGGTA-1,0.265368936946686
CSF,MS,MS,9,ACGCCAGAGCGATGAC-1,-0.30405527223520673
CSF,MS,MS,9,ACGGCCAGTCTGATTG-1,0.14644599588175256
CSF,MS,MS,9,ACGGGTCGTGCTTCTC-1,0.43659248746555457
CSF,MS,MS,9,ACTGATGTCAGAAATG-1,0.15488066435832584
CSF,MS,MS,9,ACTTGTTTCCCTCAGT-1,-0.0023884125180290944
CSF,MS,MS,9,ACTTTCACAGCATACT-1,-0.30405527223520673
CSF,MS,MS,9,AGCTCTCCAGCCTTGG-1,0.5279977482093287
CSF,MS,MS,9,AGGCCACAGCCAGTAG-1,0.8282491627458768
CSF,MS,MS,9,AGGGTGAGTCTGGAGA-1,0.17063298464451757
CSF,MS,MS,9,AGTAGTCAGTTAACGA-1,0.8441230450899238
CSF,MS,MS,9,ATCATCTAGTGTCCCG-1,-0.30405527223520673
CSF,MS,MS,9,ATCCACCGTACTCGCG-1,0.19636035306278218
CSF,MS,MS,9,ATCGAGTAGAGCCCAA-1,-0.17969558608650976
CSF,MS,MS,9,ATGAGGGGTTCAGGCC-1,0.14634851823589218
CSF,MS,MS,9,ATGCGATGTCCCTTGT-1,-0.05095812898291174
CSF,MS,MS,9,ATGTGTGCAGCTCCGA-1,0.7124782839077276
CSF,MS,MS,9,ATTCTACCACGTGAGA-1,-0.012683737025519235
CSF,MS,MS,9,ATTGGTGGTACCGTAT-1,0.29660084914289314
CSF,MS,MS,9,ATTGGTGTCCCTAACC-1,0.04501899192606167
CSF,MS,MS,9,CAACCTCAGACCGGAT-1,0.11703180540435434
CSF,MS,MS,9,CACCACTGTTGGTAAA-1,-0.30405527223520673
CSF,MS,MS,9,CAGCTAAAGACTAAGT-1,0.22041430227877207
CSF,MS,MS,9,CATCGAAAGATAGCAT-1,-0.30405527223520673
CSF,MS,MS,9,CATCGAAGTTTGTTGG-1,0.5969486321453061
CSF,MS,MS,9,CATGGCGCACAGATTC-1,0.2923053506784518
CSF,MS,MS,9,CATTCGCGTATGCTTG-1,0.6083952541693802
CSF,MS,MS,9,CCAGCGAGTGAGCGAT-1,0.5976320573049883
CSF,MS,MS,9,CCCTCCTAGGGTTTCT-1,-0.008608191190793353
CSF,MS,MS,9,CCGGGATTCACCTCGT-1,-0.06283929054654305
CSF,MS,MS,9,CCGGTAGTCTCTGCTG-1,0.2420258429504884
CSF,MS,MS,9,CCGTGGAAGACACGAC-1,-0.30405527223520673
CSF,MS,MS,9,CGAGCACGTCTGCGGT-1,-0.16456486147602586
CSF,MS,MS,9,CGAGCCACACTGAAGG-1,-0.11577772386975901
CSF,MS,MS,9,CGATTGATCGTTTATC-1,0.05511733106801085
CSF,MS,MS,9,CGCTTCAAGAGTAAGG-1,0.2832674470658424
CSF,MS,MS,9,CGGACACCACATGTGT-1,0.5724716895259855
CSF,MS,MS,9,CGGAGCTAGCGCTTAT-1,0.08727442864216708
CSF,MS,MS,9,CGTAGCGAGAAGGACA-1,0.44362128783968074
CSF,MS,MS,9,CTACACCCATCTCGCT-1,-0.30405527223520673
CSF,MS,MS,9,CTCGAAAAGGCTCTTA-1,0.23776557065357024
CSF,MS,MS,9,CTCGAGGCAATGGACG-1,0.4323419572684727
CSF,MS,MS,9,CTGATAGCACCGAATT-1,0.3361133137028318
CSF,MS,MS,9,CTGATAGCAGCCAATT-1,0.07319674645155383
CSF,MS,MS,9,CTGATAGTCAACACTG-1,-0.30405527223520673
CSF,MS,MS,9,CTTACCGTCCAAGTAC-1,0.7429976313844057
CSF,MS,MS,9,GACCAATAGGCATTGG-1,0.06715878570800542
CSF,MS,MS,9,GACTACAAGAAACCTA-1,0.0881823199722428
CSF,MS,MS,9,GACTACAAGACAGAGA-1,0.21306050519147565
CSF,MS,MS,9,GAGGTGATCTTGGGTA-1,-0.02429181198830385
CSF,MS,MS,9,GATCGTAAGTATCTCG-1,-0.30405527223520673
CSF,MS,MS,9,GATGAGGCACCACGTG-1,0.06583381247826754
CSF,MS,MS,9,GCAGCCATCTACTTAC-1,0.7477968525523387
CSF,MS,MS,9,GCGACCATCCAGAGGA-1,0.33226293938298357
CSF,MS,MS,9,GCTCCTAGTGGACGAT-1,0.24218322564423025
CSF,MS,MS,9,GCTCTGTGTGAGGCTA-1,0.5513103276353075
CSF,MS,MS,9,GGATGTTCACTGTGTA-1,0.1320558761010127
CSF,MS,MS,9,GGCTCGAAGAGGGCTT-1,1.370759589608358
CSF,MS,MS,9,GGTATTGAGCTACCGC-1,0.17933254512083327
CSF,MS,MS,9,GGTATTGAGGACAGAA-1,-0.1425753000433014
CSF,MS,MS,9,GGTATTGTCTTCTGGC-1,0.9164757751463851
CSF,MS,MS,9,GGTGAAGTCACCGTAA-1,-0.30405527223520673
CSF,MS,MS,9,GGTGCGTGTACTCAAC-1,0.37390373911097846
CSF,MS,MS,9,GTAACGTAGGGCACTA-1,0.24520500452926225
CSF,MS,MS,9,GTACGTACATTATCTC-1,-0.1749863774093905
CSF,MS,MS,9,GTACGTATCATGTCTT-1,0.13941185644377702
CSF,MS,MS,9,GTAGTCATCCTAAGTG-1,-0.13392199474529323
CSF,MS,MS,9,GTCACAATCCGAACGC-1,0.498833353849127
CSF,MS,MS,9,GTCGTAACAGGGTTAG-1,0.3511197434404845
CSF,MS,MS,9,GTCGTAAGTTCCGTCT-1,-0.10473541184697137
CSF,MS,MS,9,GTGCGGTAGACACTAA-1,0.11618116740317215
CSF,MS,MS,9,GTGTTAGGTCTGCGGT-1,0.36073375288465115
CSF,MS,MS,9,TAAACCGTCGGATGGA-1,1.1782709669450997
CSF,MS,MS,9,TACACGAGTAGTAGTA-1,0.49853742302735615
CSF,MS,MS,9,TACAGTGTCACCACCT-1,0.767777686581835
CSF,MS,MS,9,TACCTATAGGCCATAG-1,0.3232129176276481
CSF,MS,MS,9,TACGGGCGTCAAAGCG-1,0.7936038986817637
CSF,MS,MS,9,TAGCCGGCATCCGCGA-1,-0.30405527223520673
CSF,MS,MS,9,TAGCCGGGTACCGTTA-1,-0.004870903180197054
CSF,MS,MS,9,TCAGCTCAGGCGTACA-1,-0.19613982266607227
CSF,MS,MS,9,TCAGGTAAGAGATGAG-1,-0.08768926040871393
CSF,MS,MS,9,TCGAGGCAGCCCAATT-1,-0.026645185107412
CSF,MS,MS,9,TCGCGAGAGATCCCGC-1,-0.12630976348087714
CSF,MS,MS,9,TCGCGTTCAAGGCTCC-1,0.631973097508797
CSF,MS,MS,9,TCGTAGATCAACGGGA-1,0.25349316445760267
CSF,MS,MS,9,TCTCTAACACTAAGTC-1,0.28053689457029246
CSF,MS,MS,9,TGACTAGCATGCCCGA-1,0.07175129859730496
CSF,MS,MS,9,TGAGCATAGAGTGAGA-1,0.0671762274127299
CSF,MS,MS,9,TGCCAAAGTTATCGGT-1,-0.17082288785358807
CSF,MS,MS,9,TGCGCAGAGGACCACA-1,0.24366852085794496
CSF,MS,MS,9,TGCTACCAGCAATATG-1,-0.16305987548105635
CSF,MS,MS,9,TGTATTCAGTACGCGA-1,0.27997829070497693
CSF,MS,MS,9,TTAGTTCGTACCCAAT-1,0.533907459037936
CSF,MS,MS,9,TTCGAAGAGGACTGGT-1,0.4043139506458579
CSF,MS,MS,9,TTGGCAAGTGCGAAAC-1,0.51345549989276
CSF,MS,MS,9,TTGTAGGGTAAAGTCA-1,0.1582735329907385
CSF,MS,MS,9,TTTACTGAGTGTACCT-1,-0.07339686024021755
CSF,MS,MS,9,TTTGCGCGTCATCGGC-1,0.17965282076796546
CSF,MS,MS,10,AAACGGGAGAAGATTC-1,-0.30405527223520673
CSF,MS,MS,10,AACCGCGAGTGAAGTT-1,0.3418378241613035
CSF,MS,MS,10,AACCGCGCACAGTCGC-1,0.27161104756205784
CSF,MS,MS,10,AAGCCGCCATAGGATA-1,-0.11024892652305097
CSF,MS,MS,10,AATCGGTGTTACTGAC-1,-0.17518805700883489
CSF,MS,MS,10,ACATACGCAGACACTT-1,0.2786449905394674
CSF,MS,MS,10,ACGATACCATTTCACT-1,0.5608745280354084
CSF,MS,MS,10,ACGATACGTCAAACTC-1,0.47229139772553197
CSF,MS,MS,10,ACTGAGTCACAGACTT-1,-0.020383283642423953
CSF,MS,MS,10,ACTGATGGTGCACTTA-1,0.053633136430827726
CSF,MS,MS,10,ACTGTCCGTCCGACGT-1,0.3590437806233699
CSF,MS,MS,10,ACTGTCCTCATTATCC-1,-0.07280173830303265
CSF,MS,MS,10,AGACGTTTCGGACAAG-1,-0.11279417383168273
CSF,MS,MS,10,AGCATACAGCTCCTCT-1,0.4083955855881981
CSF,MS,MS,10,AGCCTAACATGTCCTC-1,0.5439452488353077
CSF,MS,MS,10,AGGGATGGTTATCACG-1,0.21609113243825348
CSF,MS,MS,10,AGTAGTCTCTGGTTCC-1,-0.30405527223520673
CSF,MS,MS,10,ATAACGCTCGCACTCT-1,-0.13209817526574244
CSF,MS,MS,10,ATAAGAGGTATCGCAT-1,0.12909794232062086
CSF,MS,MS,10,ATAGACCTCTTTAGGG-1,-0.18477823213939507
CSF,MS,MS,10,ATCATGGCACTATCTT-1,0.10620295156873102
CSF,MS,MS,10,ATCTGCCTCAATCACG-1,0.45899970810223756
CSF,MS,MS,10,ATGCGATGTCGGCACT-1,0.17324999128495072
CSF,MS,MS,10,CAACTAGCATGTCTCC-1,-0.30405527223520673
CSF,MS,MS,10,CACACAAGTCTAGTCA-1,0.06914598889394871
CSF,MS,MS,10,CACATAGTCTATCCCG-1,-0.16242216789722017
CSF,MS,MS,10,CACTCCAAGATGAGAG-1,0.3009832613302633
CSF,MS,MS,10,CACTCCATCAAACCAC-1,0.06147309485851899
CSF,MS,MS,10,CAGATCAGTCCGAAGA-1,-0.30405527223520673
CSF,MS,MS,10,CAGTAACGTAAGAGGA-1,-0.1523670818805726
CSF,MS,MS,10,CATCGAAAGTTCGCGC-1,-0.010123897352117122
CSF,MS,MS,10,CATTATCGTCCAACTA-1,-0.30405527223520673
CSF,MS,MS,10,CCACCTATCTAGCACA-1,-0.16061209071835142
CSF,MS,MS,10,CCCAGTTTCTGGGCCA-1,0.03096756081311891
CSF,MS,MS,10,CCGGGATAGCTATGCT-1,-0.30405527223520673
CSF,MS,MS,10,CCGGGATGTCCTGCTT-1,-0.30405527223520673
CSF,MS,MS,10,CCGGTAGGTGACAAAT-1,-0.0338789131656574
CSF,MS,MS,10,CCGGTAGTCTTGTTTG-1,-0.30405527223520673
CSF,MS,MS,10,CCTAAAGAGATAGCAT-1,-0.18375910160058823
CSF,MS,MS,10,CCTACACAGTGGAGAA-1,-0.1698262171856231
CSF,MS,MS,10,CCTACCAGTGCCTGCA-1,-0.30405527223520673
CSF,MS,MS,10,CGACTTCCAGCTTAAC-1,0.36336145700979566
CSF,MS,MS,10,CGAGCACGTTCCGGCA-1,-0.1928910052467909
CSF,MS,MS,10,CGCTTCAGTTGTACAC-1,0.569431468670044
CSF,MS,MS,10,CGGACACAGTCCAGGA-1,0.15548169058365527
CSF,MS,MS,10,CGGACACCATGGATGG-1,0.6217953364338158
CSF,MS,MS,10,CGGACGTCACCAGTTA-1,-0.30405527223520673
CSF,MS,MS,10,CGGACTGGTCTCCACT-1,-0.025406379944951714
CSF,MS,MS,10,CGGCTAGCAATGCCAT-1,-0.012321606677420046
CSF,MS,MS,10,CGTAGCGGTTCACGGC-1,-0.016175011021577684
CSF,MS,MS,10,CGTAGGCCATTCACTT-1,0.19859846473654844
CSF,MS,MS,10,CGTAGGCTCGACCAGC-1,0.040805631481468284
CSF,MS,MS,10,CGTAGGCTCGGAGCAA-1,0.7430880668844467
CSF,MS,MS,10,CGTTAGACACAACGTT-1,-0.30405527223520673
CSF,MS,MS,10,CTAACTTAGTCGATAA-1,-0.057285725605714245
CSF,MS,MS,10,CTACACCTCCCTCTTT-1,0.10774862774265666
CSF,MS,MS,10,CTAGAGTTCCGCAGTG-1,0.0476984403761872
CSF,MS,MS,10,CTCCTAGGTTCGGGCT-1,-0.08264518491395778
CSF,MS,MS,10,CTCGGAGCATCGTCGG-1,0.19886530899732588
CSF,MS,MS,10,CTCGTACCACTGTGTA-1,0.12529254275242077
CSF,MS,MS,10,CTCTAATAGTACGTTC-1,0.4196345994240915
CSF,MS,MS,10,CTCTAATGTTGGACCC-1,-0.30405527223520673
CSF,MS,MS,10,CTGAAGTCACCAGGTC-1,-0.1010353876134545
CSF,MS,MS,10,CTGATCCGTGCTTCTC-1,0.05326442158492699
CSF,MS,MS,10,CTTGGCTCAAGCCGCT-1,0.2839928074035758
CSF,MS,MS,10,CTTGGCTGTCGGCATC-1,0.23425323333601478
CSF,MS,MS,10,CTTGGCTTCCATGAGT-1,0.413883189435983
CSF,MS,MS,10,GAAACTCAGTGTTGAA-1,0.8009162334088237
CSF,MS,MS,10,GAACATCAGCGCCTTG-1,0.08155033982153034
CSF,MS,MS,10,GAACGGAGTACCGAGA-1,-0.17666726582042694
CSF,MS,MS,10,GACACGCAGGTGTTAA-1,0.25491936903511536
CSF,MS,MS,10,GACCAATGTTGTGGCC-1,-0.1388438191744575
CSF,MS,MS,10,GACGGCTCAGACGCAA-1,0.019226992181093503
CSF,MS,MS,10,GAGGTGAAGTCAATAG-1,-0.30405527223520673
CSF,MS,MS,10,GATCAGTCAAACCCAT-1,0.18963197503252743
CSF,MS,MS,10,GATCGCGCACGCTTTC-1,-0.30405527223520673
CSF,MS,MS,10,GCAGCCAAGCTAACAA-1,0.21398087298808946
CSF,MS,MS,10,GCATGCGTCAACACTG-1,0.018017602461847897
CSF,MS,MS,10,GCCAAATTCCACTGGG-1,0.39551456958964704
CSF,MS,MS,10,GCGCAGTAGGTGCTAG-1,-0.30405527223520673
CSF,MS,MS,10,GCTCCTAGTTGGGACA-1,0.4494256489755261
CSF,MS,MS,10,GCTCTGTAGAGATGAG-1,-0.30405527223520673
CSF,MS,MS,10,GCTGCAGGTTGCCTCT-1,-0.30405527223520673
CSF,MS,MS,10,GCTGGGTCACGCGAAA-1,0.014880024850899402
CSF,MS,MS,10,GGAACTTCAGTCAGCC-1,-0.11419599161408722
CSF,MS,MS,10,GGACATTAGTTTGCGT-1,0.27125532753211556
CSF,MS,MS,10,GGGAATGTCAGATAAG-1,0.08766380339026726
CSF,MS,MS,10,GGGCATCCACCGCTAG-1,0.3685573812586802
CSF,MS,MS,10,GGTGAAGCAGCCTTTC-1,0.42310909485947346
CSF,MS,MS,10,GTATCTTCAGCAGTTT-1,-0.09990901604776815
CSF,MS,MS,10,GTCACGGAGACAATAC-1,-0.12484475133827122
CSF,MS,MS,10,GTCATTTTCCATGAGT-1,0.1713178363775454
CSF,MS,MS,10,GTGCGGTTCAACACCA-1,0.10914733033614606
CSF,MS,MS,10,TAAACCGGTGGTACAG-1,0.08105115588339841
CSF,MS,MS,10,TACACGAGTCTTGCGG-1,-0.013886066633339784
CSF,MS,MS,10,TACGGTATCTTGCAAG-1,-0.30405527223520673
CSF,MS,MS,10,TACTTACAGCTAGTTC-1,-0.1613278652294468
CSF,MS,MS,10,TAGTGGTGTTGCGCAC-1,-0.30405527223520673
CSF,MS,MS,10,TAGTTGGTCGAGCCCA-1,0.22601759685504116
CSF,MS,MS,10,TATCAGGCACCGTTGG-1,0.053451002139427155
CSF,MS,MS,10,TCAGCAAGTGGTGTAG-1,-0.30405527223520673
CSF,MS,MS,10,TCAGGATCACCAACCG-1,-0.12165728712839786
CSF,MS,MS,10,TCAGGATTCCCATTTA-1,-0.08967385535482195
CSF,MS,MS,10,TCAGGTATCTGCAGTA-1,-0.10932361325019181
CSF,MS,MS,10,TCCACACCAGATCTGT-1,0.29768262479329005
CSF,MS,MS,10,TCGAGGCGTTCGAATC-1,-0.03964947426647945
CSF,MS,MS,10,TCGTACCGTGGCAAAC-1,-0.10784211610897894
CSF,MS,MS,10,TCTCATAAGTGCAAGC-1,0.11207787263854427
CSF,MS,MS,10,TCTCATACATCTATGG-1,0.2829133117913109
CSF,MS,MS,10,TCTGAGATCCGGCACA-1,0.22687035958617344
CSF,MS,MS,10,TGACAACAGAGCTATA-1,0.8426546042835777
CSF,MS,MS,10,TGACTTTAGTTTAGGA-1,0.1596175272085651
CSF,MS,MS,10,TGAGAGGAGGGCTTCC-1,-0.30405527223520673
CSF,MS,MS,10,TGATTTCGTCGAGATG-1,0.13058522760217287
CSF,MS,MS,10,TGCACCTCACTCAGGC-1,-0.1672595302372317
CSF,MS,MS,10,TGCTACCGTAATAGCA-1,0.896776287795492
CSF,MS,MS,10,TGCTGCTTCAGATAAG-1,-0.0972824365756146
CSF,MS,MS,10,TGGGCGTGTCTAAAGA-1,1.0061092200594863
CSF,MS,MS,10,TGGTTCCGTGCGATAG-1,0.05944095551548223
CSF,MS,MS,10,TGGTTCCTCGGTCTAA-1,-0.024411967686891183
CSF,MS,MS,10,TGTGGTAGTAGCAAAT-1,0.2179414308917218
CSF,MS,MS,10,TTCCCAGAGGCTAGAC-1,-0.07515481165191286
CSF,MS,MS,10,TTCTCAAAGTGGAGAA-1,0.032421861189026395
CSF,MS,MS,10,TTGCCGTTCAACGGGA-1,-0.30405527223520673
CSF,MS,MS,10,TTGCGTCAGCGATGAC-1,-0.08049081165916742
CSF,MS,MS,10,TTGGCAAAGATATGGT-1,0.1707389441105406
CSF,MS,MS,10,TTGGCAAGTCTGATCA-1,-0.18724364764688708
CSF,MS,MS,10,TTGTAGGAGTACGATA-1,-0.12200803129568662
CSF,MS,MS,16,AAACCTGAGCTTATCG-1,-0.30405527223520673
CSF,MS,MS,16,AAAGATGCAAATCCGT-1,0.5890451455894993
CSF,MS,MS,16,AAAGATGTCCGAACGC-1,0.22579253905277236
CSF,MS,MS,16,AAAGCAAGTCGACTGC-1,0.008023017676805118
CSF,MS,MS,16,AACACGTGTCTTCAAG-1,0.6918888480662048
CSF,MS,MS,16,AACACGTTCTTGAGGT-1,-0.30405527223520673
CSF,MS,MS,16,AACCATGGTATAGGTA-1,-0.11668155769581556
CSF,MS,MS,16,AACTCAGAGATGAGAG-1,0.17559233487933618
CSF,MS,MS,16,AACTCCCCATGTTCCC-1,-0.20198794171748588
CSF,MS,MS,16,AATCCAGTCTTGCATT-1,0.35055899754270886
CSF,MS,MS,16,AATCGGTAGTTCGCGC-1,0.8708895165420032
CSF,MS,MS,16,AATCGGTCACCCATGG-1,-0.07158751122008877
CSF,MS,MS,16,ACACCCTCAAGTCATC-1,-0.09251187897122377
CSF,MS,MS,16,ACACCGGCAAAGGTGC-1,0.42470648441705966
CSF,MS,MS,16,ACACTGACAGTGGGAT-1,0.25387120412686925
CSF,MS,MS,16,ACACTGACATAGACTC-1,-0.30405527223520673
CSF,MS,MS,16,ACACTGAGTACGACCC-1,-0.06511512943030182
CSF,MS,MS,16,ACCAGTAAGCGATTCT-1,0.18540478990799267
CSF,MS,MS,16,ACCCACTAGCGACGTA-1,0.748373879192967
CSF,MS,MS,16,ACCCACTTCGGTCTAA-1,-0.30405527223520673
CSF,MS,MS,16,ACCGTAACACAGATTC-1,0.23744597289564995
CSF,MS,MS,16,ACCGTAAGTGCGGTAA-1,0.10295168616090578
CSF,MS,MS,16,ACCGTAATCCTTTACA-1,-0.02571286854795634
CSF,MS,MS,16,ACGAGGACAAGCGTAG-1,0.15274231916082695
CSF,MS,MS,16,ACGAGGATCAGGCGAA-1,-0.01970409723763205
CSF,MS,MS,16,ACGATACTCTCATTCA-1,0.3706182285319875
CSF,MS,MS,16,ACGATGTGTCAACATC-1,0.04815407583785631
CSF,MS,MS,16,ACGATGTTCGGCGGTT-1,0.5275536139354039
CSF,MS,MS,16,ACGATGTTCTCGGACG-1,0.15238559769162288
CSF,MS,MS,16,ACGCCGAGTCAAAGAT-1,-0.0066805166199060805
CSF,MS,MS,16,ACGCCGATCAACCAAC-1,0.07360870183581861
CSF,MS,MS,16,ACGGCCAAGGCAATTA-1,0.6434812284755927
CSF,MS,MS,16,ACGGGTCGTAGGGACT-1,0.3091070943218256
CSF,MS,MS,16,ACGTCAACAACTGCTA-1,0.027229842561789157
CSF,MS,MS,16,ACGTCAACAATGAATG-1,-0.30405527223520673
CSF,MS,MS,16,ACTATCTAGCTAACTC-1,0.05403606657980044
CSF,MS,MS,16,ACTATCTTCAGAGACG-1,0.024613077396713794
CSF,MS,MS,16,ACTGAGTTCACCTTAT-1,-0.1058864898433952
CSF,MS,MS,16,ACTGCTCCACATAACC-1,-0.30405527223520673
CSF,MS,MS,16,ACTTACTTCCTACAGA-1,0.08308707352525078
CSF,MS,MS,16,ACTTGTTGTAACGCGA-1,-0.1433531838784075
CSF,MS,MS,16,AGACGTTGTAACGACG-1,0.015949061474406317
CSF,MS,MS,16,AGACGTTTCCCGGATG-1,0.47563413041012736
CSF,MS,MS,16,AGACGTTTCGTCTGAA-1,1.1105557141848688
CSF,MS,MS,16,AGATCTGGTACTTGAC-1,-0.02796763327714589
CSF,MS,MS,16,AGCATACCAAGGTTTC-1,0.6708180421004943
CSF,MS,MS,16,AGCATACCAGCATACT-1,0.8594035826022148
CSF,MS,MS,16,AGCCTAACAATGCCAT-1,0.09441189340914305
CSF,MS,MS,16,AGCGGTCCAAGCGAGT-1,0.277669718340924
CSF,MS,MS,16,AGCGTCGGTCACTTCC-1,0.18539674786967547
CSF,MS,MS,16,AGCTCCTCACTTAACG-1,0.087282447136624
CSF,MS,MS,16,AGCTCCTGTTCACGGC-1,-0.18134150069664404
CSF,MS,MS,16,AGCTTGACAAGGTTTC-1,0.2702158897626767
CSF,MS,MS,16,AGGCCACGTAAATGAC-1,0.6852037720633924
CSF,MS,MS,16,AGGGATGTCTTTACGT-1,0.3465901350558907
CSF,MS,MS,16,AGGGTGATCCAGGGCT-1,-0.02854899966031082
CSF,MS,MS,16,AGGTCCGTCCAATGGT-1,0.19389831727033902
CSF,MS,MS,16,AGTGGGAGTCAATACC-1,0.46947512513132494
CSF,MS,MS,16,AGTGGGAGTGATGATA-1,0.5057508488966971
CSF,MS,MS,16,AGTGTCAAGAGCAATT-1,0.2049879432609441
CSF,MS,MS,16,AGTTGGTTCACCATAG-1,0.08652341708811968
CSF,MS,MS,16,ATAACGCGTCGCGAAA-1,0.10581408117220346
CSF,MS,MS,16,ATCACGAAGGATGGAA-1,0.6474071580470225
CSF,MS,MS,16,ATCACGACAGGAACGT-1,-0.10500994607538479
CSF,MS,MS,16,ATCATCTTCTCAACTT-1,-0.21536112618487774
CSF,MS,MS,16,ATCCACCGTTACCGAT-1,-0.06678052104614329
CSF,MS,MS,16,ATCCGAATCATCGGAT-1,-0.1313109927044663
CSF,MS,MS,16,ATGGGAGGTATTAGCC-1,-0.03554433192464907
CSF,MS,MS,16,ATGGGAGTCGAATCCA-1,-0.01256419126372946
CSF,MS,MS,16,ATTATCCCATGGGACA-1,0.2694380490273341
CSF,MS,MS,16,ATTATCCTCGAGCCCA-1,0.3604317208600775
CSF,MS,MS,16,ATTGGTGAGGTAAACT-1,0.7866278578907852
CSF,MS,MS,16,ATTGGTGGTCAATGTC-1,1.2594092270960355
CSF,MS,MS,16,ATTGGTGTCGCACTCT-1,-0.004996944617589831
CSF,MS,MS,16,CAACTAGCAGATCGGA-1,0.344593260598774
CSF,MS,MS,16,CAACTAGTCACAGGCC-1,-0.30405527223520673
CSF,MS,MS,16,CAAGAAAGTATTCGTG-1,-0.30405527223520673
CSF,MS,MS,16,CAAGGCCGTCGACTGC-1,-0.13666269570453196
CSF,MS,MS,16,CAAGTTGCATGAGCGA-1,0.10635417428673584
CSF,MS,MS,16,CACACTCTCAACCAAC-1,0.29111748306522806
CSF,MS,MS,16,CACACTCTCTGCAAGT-1,0.019139355540204423
CSF,MS,MS,16,CACAGGCGTGCGATAG-1,-0.30405527223520673
CSF,MS,MS,16,CACAGTATCGTGGGAA-1,-0.2184777565351954
CSF,MS,MS,16,CACATTTCACTGTTAG-1,-0.21209728442811834
CSF,MS,MS,16,CACATTTTCATTGCCC-1,0.016632287208577838
CSF,MS,MS,16,CACCACTCATCACAAC-1,0.3475699996644169
CSF,MS,MS,16,CACCAGGCAGGGTACA-1,0.1886458845111174
CSF,MS,MS,16,CACCTTGAGAACAATC-1,-0.30405527223520673
CSF,MS,MS,16,CACCTTGAGGTGGGTT-1,0.5480625757393378
CSF,MS,MS,16,CAGAATCCAGTTCCCT-1,0.4043606680901365
CSF,MS,MS,16,CAGAGAGAGCTCAACT-1,0.33300658878737294
CSF,MS,MS,16,CAGCAGCAGAGTAATC-1,0.27036248812934727
CSF,MS,MS,16,CAGCAGCCAGCAGTTT-1,-0.11580619515039359
CSF,MS,MS,16,CAGCATAGTGCCTTGG-1,-0.30405527223520673
CSF,MS,MS,16,CAGCGACGTTGTCTTT-1,-0.30405527223520673
CSF,MS,MS,16,CAGCTGGAGAAACCGC-1,0.16178453936881537
CSF,MS,MS,16,CAGCTGGGTTCGTTGA-1,-0.01913657681959508
CSF,MS,MS,16,CAGGTGCTCCGTAGGC-1,0.10018752703504177
CSF,MS,MS,16,CAGTCCTAGAGTCTGG-1,0.2691967717678968
CSF,MS,MS,16,CATCAGATCCATGAGT-1,-0.09136068883870622
CSF,MS,MS,16,CATCGAACAAGTCTAC-1,-0.30405527223520673
CSF,MS,MS,16,CATGACACAGAGTGTG-1,0.16402168815138823
CSF,MS,MS,16,CATGACACATGCTAGT-1,0.17911319987067872
CSF,MS,MS,16,CCACTACGTAGCGTGA-1,-0.1526560938237856
CSF,MS,MS,16,CCACTACGTCGACTAT-1,-0.1807444400871969
CSF,MS,MS,16,CCAGCGAGTCGTCTTC-1,0.10218730821488262
CSF,MS,MS,16,CCATGTCAGTCACGCC-1,0.292691913841269
CSF,MS,MS,16,CCATTCGCAGCGAACA-1,0.2033990148386022
CSF,MS,MS,16,CCATTCGGTATCAGTC-1,-0.13606791231350143
CSF,MS,MS,16,CCATTCGTCATCACCC-1,-0.30405527223520673
CSF,MS,MS,16,CCCAATCAGTGATCGG-1,0.25295164714240936
CSF,MS,MS,16,CCCATACAGCTCCTTC-1,-0.12862842289045565
CSF,MS,MS,16,CCCATACCAATCTGCA-1,-0.01234174284057908
CSF,MS,MS,16,CCCTCCTTCAAACCAC-1,0.28029005419039466
CSF,MS,MS,16,CCGGTAGCAACCGCCA-1,0.11982175520782021
CSF,MS,MS,16,CCGTACTGTAGAGTGC-1,0.3712005821398314
CSF,MS,MS,16,CCTACACAGATAGCAT-1,0.03716135363050256
CSF,MS,MS,16,CCTACCACATAAAGGT-1,-0.16317851201944716
CSF,MS,MS,16,CCTACCAGTGGACGAT-1,0.24279114199081317
CSF,MS,MS,16,CCTAGCTCAATACGCT-1,-0.09912117178824077
CSF,MS,MS,16,CCTAGCTGTCGACTAT-1,0.14985233981439558
CSF,MS,MS,16,CCTCAGTCATTTCAGG-1,0.06916784393103541
CSF,MS,MS,16,CCTCTGATCCGCAAGC-1,0.7085954988102302
CSF,MS,MS,16,CCTTCCCAGTTGTCGT-1,0.211127296876186
CSF,MS,MS,16,CCTTCCCGTTGGTGGA-1,-0.30405527223520673
CSF,MS,MS,16,CGAACATCAACTTGAC-1,0.35971668844996824
CSF,MS,MS,16,CGACCTTCAGGGTACA-1,0.3483892748526181
CSF,MS,MS,16,CGACCTTGTGCACCAC-1,-0.12090789642362638
CSF,MS,MS,16,CGACCTTTCAGAGCTT-1,0.7326664977092409
CSF,MS,MS,16,CGACTTCTCTTCCTTC-1,-0.12597307938131344
CSF,MS,MS,16,CGAGAAGAGGCTAGGT-1,-0.012369375626409496
CSF,MS,MS,16,CGAGAAGCACCTATCC-1,0.19987672701554113
CSF,MS,MS,16,CGAGAAGCATGTAGTC-1,0.776648108285446
CSF,MS,MS,16,CGAGCCAGTCTTCGTC-1,0.06191845047002601
CSF,MS,MS,16,CGATCGGCACAGGAGT-1,0.23083381628144453
CSF,MS,MS,16,CGATCGGTCTGCGGCA-1,0.06126325837927508
CSF,MS,MS,16,CGATTGAAGAAACCAT-1,0.28348447235952756
CSF,MS,MS,16,CGCGGTAAGGTCATCT-1,0.5456492547591006
CSF,MS,MS,16,CGCGGTACACAGACTT-1,-0.30405527223520673
CSF,MS,MS,16,CGCGGTATCCGTAGGC-1,0.6763542134647248
CSF,MS,MS,16,CGCTATCAGTACGTTC-1,0.28900482932327015
CSF,MS,MS,16,CGCTATCTCGGGAGTA-1,0.680505129437358
CSF,MS,MS,16,CGCTTCACACCTGGTG-1,-0.2089231568527869
CSF,MS,MS,16,CGGACTGTCACCTCGT-1,1.2299294870872153
CSF,MS,MS,16,CGGAGCTCAGACGCAA-1,0.2132865567031334
CSF,MS,MS,16,CGGAGTCTCTTGCCGT-1,-0.11961309259048854
CSF,MS,MS,16,CGTAGGCAGTGTGGCA-1,-0.1600249489779572
CSF,MS,MS,16,CGTCCATCAAGAAAGG-1,-0.30405527223520673
CSF,MS,MS,16,CGTCCATCAGCCTGTG-1,-0.22195558562818427
CSF,MS,MS,16,CGTGAGCAGGGCTCTC-1,0.07104611635824673
CSF,MS,MS,16,CGTGTAAGTACCCAAT-1,-0.18850259572640807
CSF,MS,MS,16,CGTTAGAGTGCGGTAA-1,0.3715949884055627
CSF,MS,MS,16,CGTTAGAGTTGAACTC-1,0.024955500145335794
CSF,MS,MS,16,CGTTAGATCTAGAGTC-1,-0.09664534297935701
CSF,MS,MS,16,CGTTCTGAGGATATAC-1,0.3257576801598142
CSF,MS,MS,16,CTAACTTCACCAGGCT-1,0.5935947870061159
CSF,MS,MS,16,CTACACCAGTGCGTGA-1,0.10666301087754103
CSF,MS,MS,16,CTACACCGTCGGCACT-1,-0.30405527223520673
CSF,MS,MS,16,CTACCCACACTGTCGG-1,0.2688018713919921
CSF,MS,MS,16,CTACCCATCAAGGTAA-1,0.24088861960401006
CSF,MS,MS,16,CTAGCCTTCTGTCAAG-1,-0.30405527223520673
CSF,MS,MS,16,CTAGTGAGTCTAAACC-1,0.26330717937097464
CSF,MS,MS,16,CTCACACCAGGACGTA-1,0.1683440507032958
CSF,MS,MS,16,CTCGAGGAGATAGGAG-1,-0.08823805730109112
CSF,MS,MS,16,CTCGAGGAGCCACGCT-1,-0.1728632087995603
CSF,MS,MS,16,CTCGAGGGTGTAATGA-1,0.12904366489021055
CSF,MS,MS,16,CTCGGGACATTGGGCC-1,-0.30405527223520673
CSF,MS,MS,16,CTCGGGAGTGATGCCC-1,0.2501858610970954
CSF,MS,MS,16,CTCGGGAGTTATCACG-1,-0.03323987845849717
CSF,MS,MS,16,CTCTAATCACAGATTC-1,0.1748932283876384
CSF,MS,MS,16,CTGAAGTGTGATGATA-1,-0.06453241621308288
CSF,MS,MS,16,CTGATAGAGAAGAAGC-1,-0.002208746573650428
CSF,MS,MS,16,CTGATAGGTCTCTTAT-1,0.2871881671057838
CSF,MS,MS,16,CTGCCTACATTACGAC-1,0.2916498546996685
CSF,MS,MS,16,CTGCCTAGTGGCAAAC-1,-0.029289480296533738
CSF,MS,MS,16,CTGCTGTAGATTACCC-1,0.4174314304504492
CSF,MS,MS,16,CTGGTCTCACGGACAA-1,0.10259624680235162
CSF,MS,MS,16,CTGTTTAGTCTTGCGG-1,0.37563374989458087
CSF,MS,MS,16,CTTACCGGTCTTCTCG-1,0.013688950162318922
CSF,MS,MS,16,CTTCTCTTCAACTCTT-1,-0.15688245388313207
CSF,MS,MS,16,CTTTGCGGTCTCCATC-1,0.5941057446901503
CSF,MS,MS,16,GAAACTCCACCCATGG-1,0.32452946700300445
CSF,MS,MS,16,GAACCTAAGATGCCAG-1,0.49172570370594043
CSF,MS,MS,16,GAAGCAGAGGAGTTGC-1,-0.11602663790592607
CSF,MS,MS,16,GAAGCAGCAGCCTTTC-1,0.02782347202665106
CSF,MS,MS,16,GAAGCAGGTCAAAGCG-1,0.06587688213096284
CSF,MS,MS,16,GAATAAGAGTCAAGGC-1,0.30578344063279844
CSF,MS,MS,16,GACACGCAGGAGTAGA-1,0.042847189426296096
CSF,MS,MS,16,GACCAATGTACTTCTT-1,0.4428248792601088
CSF,MS,MS,16,GACCAATTCTCCCTGA-1,0.18179183860700185
CSF,MS,MS,16,GACCTGGAGGTGATAT-1,0.05262101094698239
CSF,MS,MS,16,GACCTGGAGTGGAGTC-1,-0.04016185136894268
CSF,MS,MS,16,GACGGCTCAGAGTGTG-1,-0.30405527223520673
CSF,MS,MS,16,GACGTGCCACGGCCAT-1,-0.09328226960616072
CSF,MS,MS,16,GACGTGCTCCACTCCA-1,0.33903258523725466
CSF,MS,MS,16,GACGTTAGTTGAGGTG-1,0.6685436874138798
CSF,MS,MS,16,GACTAACCATCTCCCA-1,0.2536402738684588
CSF,MS,MS,16,GACTACAGTCTCTCGT-1,-0.30405527223520673
CSF,MS,MS,16,GACTGCGCACAGGAGT-1,0.18350442440568923
CSF,MS,MS,16,GAGGTGACATTAGCCA-1,-0.014133226624610615
CSF,MS,MS,16,GAGTCCGTCGAACTGT-1,-0.03610687326005767
CSF,MS,MS,16,GATCGTATCACAAACC-1,0.02875464794858207
CSF,MS,MS,16,GATTCAGCAAGGCTCC-1,0.2598732941089218
CSF,MS,MS,16,GATTCAGGTAGTACCT-1,0.12699444867210835
CSF,MS,MS,16,GCAAACTCATGAGCGA-1,0.33790830121853543
CSF,MS,MS,16,GCAATCAAGACCTAGG-1,0.3333792248189691
CSF,MS,MS,16,GCACATAAGAAGAAGC-1,-0.017259361622468106
CSF,MS,MS,16,GCACTCTAGAGTTGGC-1,0.07918960285084778
CSF,MS,MS,16,GCACTCTGTAAGAGGA-1,0.060515635977623154
CSF,MS,MS,16,GCAGCCACAAAGGCGT-1,-0.019450020838074757
CSF,MS,MS,16,GCAGCCATCCAAGTAC-1,0.4516047820825418
CSF,MS,MS,16,GCATACACACATGACT-1,-0.1854094453498742
CSF,MS,MS,16,GCATGCGTCATTCACT-1,0.47031457398100557
CSF,MS,MS,16,GCCTCTACATCGGAAG-1,-0.025625775448370525
CSF,MS,MS,16,GCGAGAATCACAAACC-1,0.7805292692755116
CSF,MS,MS,16,GCGCAACTCCACGCAG-1,0.23845582032203255
CSF,MS,MS,16,GCGCAACTCTGCTGTC-1,0.2947647170850221
CSF,MS,MS,16,GCGCAGTGTGGTAACG-1,-0.1104606167856651
CSF,MS,MS,16,GCGCCAAAGCACCGCT-1,0.02427758805820996
CSF,MS,MS,16,GCGCCAAGTATGCTTG-1,-0.09198577870284992
CSF,MS,MS,16,GCGGGTTAGACTGTAA-1,0.27413190335132936
CSF,MS,MS,16,GCGGGTTAGCACAGGT-1,0.2963814503953532
CSF,MS,MS,16,GCGGGTTTCTTGTATC-1,-0.03515290979347431
CSF,MS,MS,16,GCTCTGTAGTCGAGTG-1,-0.17616188685088296
CSF,MS,MS,16,GCTGCAGAGGCTCAGA-1,-0.1679007906839569
CSF,MS,MS,16,GCTGCAGGTTAAAGTG-1,0.9658615153967797
CSF,MS,MS,16,GCTGCTTTCCTTTCTC-1,-0.15245972591708531
CSF,MS,MS,16,GCTGCTTTCGGAATCT-1,-0.21482700679844344
CSF,MS,MS,16,GCTTGAACAAGGGTCA-1,0.2771775986411051
CSF,MS,MS,16,GCTTGAAGTGCGGTAA-1,-0.09173301665826149
CSF,MS,MS,16,GGAAAGCTCAGATAAG-1,0.4751532742449081
CSF,MS,MS,16,GGAACTTCAGGGATTG-1,0.28561455019824233
CSF,MS,MS,16,GGAATAAAGAATTGTG-1,0.13592678452127896
CSF,MS,MS,16,GGAATAATCAAGGCTT-1,0.18711151257592804
CSF,MS,MS,16,GGACAGAGTAAGGGCT-1,0.007592154045424571
CSF,MS,MS,16,GGACATTCATCATCCC-1,0.37653464924421437
CSF,MS,MS,16,GGCCGATAGACCTAGG-1,0.03979181621183912
CSF,MS,MS,16,GGCGTGTTCGTACCGG-1,-0.15785694004814843
CSF,MS,MS,16,GGCTCGATCTCAAGTG-1,0.4508120579755489
CSF,MS,MS,16,GGCTCGATCTCGCATC-1,-0.30405527223520673
CSF,MS,MS,16,GGGAATGAGCTAGGCA-1,-0.10088769984465541
CSF,MS,MS,16,GGGAATGCAGCTCGCA-1,-0.18927052185675522
CSF,MS,MS,16,GGGAGATCATGAGCGA-1,0.4100045049073981
CSF,MS,MS,16,GGGATGAAGAAACCGC-1,0.23762580878942016
CSF,MS,MS,16,GGGATGACAGTATAAG-1,0.3408803556506554
CSF,MS,MS,16,GGTATTGGTCACCTAA-1,0.9288145059753957
CSF,MS,MS,16,GGTGCGTAGATTACCC-1,0.02755687337137622
CSF,MS,MS,16,GGTGCGTGTCTGCGGT-1,-0.30405527223520673
CSF,MS,MS,16,GTAACGTAGTTAGGTA-1,0.09209265988111577
CSF,MS,MS,16,GTAACTGGTAGCGCTC-1,-0.13078743141771804
CSF,MS,MS,16,GTACGTATCCCACTTG-1,-0.07932963845711613
CSF,MS,MS,16,GTACTCCAGTAGCCGA-1,0.27488383341998973
CSF,MS,MS,16,GTACTCCCACCCATTC-1,-0.30405527223520673
CSF,MS,MS,16,GTACTCCCAGCTGTGC-1,0.1113677458658148
CSF,MS,MS,16,GTACTTTGTGCTGTAT-1,0.3538696515141985
CSF,MS,MS,16,GTCATTTAGTACGCGA-1,0.06662659832475544
CSF,MS,MS,16,GTCATTTTCCTTGCCA-1,0.0578590005097863
CSF,MS,MS,16,GTCATTTTCTCTAGGA-1,0.07417565584733816
CSF,MS,MS,16,GTCCTCAGTGCAACGA-1,0.2527889837347076
CSF,MS,MS,16,GTCTCGTTCACCAGGC-1,0.31464933306582904
CSF,MS,MS,16,GTCTTCGGTAACGACG-1,0.9802136619219308
CSF,MS,MS,16,GTCTTCGGTCGAGTTT-1,0.5179059523509799
CSF,MS,MS,16,GTGCAGCCACATGTGT-1,0.06550203590186339
CSF,MS,MS,16,GTGCATAAGACTGTAA-1,0.35687125414795423
CSF,MS,MS,16,GTGCATAAGTACTTGC-1,0.4897199137872816
CSF,MS,MS,16,GTGCATATCAGTGTTG-1,0.17636652700057054
CSF,MS,MS,16,GTGCGGTGTCTAGTGT-1,0.045899105615104525
CSF,MS,MS,16,GTGCTTCAGACCTAGG-1,0.29058702900354766
CSF,MS,MS,16,GTGCTTCCAAGTAATG-1,0.06581443262633646
CSF,MS,MS,16,GTGTTAGAGATGTCGG-1,0.16883512794060818
CSF,MS,MS,16,GTGTTAGGTTAAAGTG-1,0.7955371727338724
CSF,MS,MS,16,GTTAAGCGTGCCTGCA-1,0.6618861716819311
CSF,MS,MS,16,GTTAAGCGTTAGGGTG-1,-0.13496031440095843
CSF,MS,MS,16,GTTACAGCAGGGTATG-1,0.334514389512782
CSF,MS,MS,16,GTTCATTTCGGCGCAT-1,0.39478589434007194
CSF,MS,MS,16,TAAACCGAGGACATTA-1,0.2622583967387103
CSF,MS,MS,16,TAAACCGCAAGGACAC-1,0.2983065170324499
CSF,MS,MS,16,TAAGAGACATAGAAAC-1,0.14798753967907285
CSF,MS,MS,16,TAAGCGTTCACCGGGT-1,0.057334294523333953
CSF,MS,MS,16,TAAGTGCTCACGACTA-1,-0.30405527223520673
CSF,MS,MS,16,TACACGAGTACCGCTG-1,-0.1838328129178719
CSF,MS,MS,16,TACAGTGAGCGTAATA-1,0.05095104363133623
CSF,MS,MS,16,TACAGTGCAGTCCTTC-1,0.010673229019924133
CSF,MS,MS,16,TACCTATAGGACAGCT-1,-0.03500659258420357
CSF,MS,MS,16,TACCTTACATAAGACA-1,0.2574462189921269
CSF,MS,MS,16,TACCTTATCACGCGGT-1,-0.16063247903759287
CSF,MS,MS,16,TACTCATAGGTAGCTG-1,0.05207146562537828
CSF,MS,MS,16,TACTTACAGCCCTAAT-1,0.00046132859372743126
CSF,MS,MS,16,TACTTGTTCACCGTAA-1,0.3012726514599925
CSF,MS,MS,16,TAGACCACAAGTCTAC-1,0.10648799492496498
CSF,MS,MS,16,TAGACCAGTTAGATGA-1,-0.09303829723956447
CSF,MS,MS,16,TAGAGCTCAAGTAATG-1,0.424360152836837
CSF,MS,MS,16,TAGAGCTTCGTCACGG-1,0.4166288576728373
CSF,MS,MS,16,TAGGCATAGCAGATCG-1,0.33409075239479735
CSF,MS,MS,16,TAGGCATCAAGCTGAG-1,0.1682684355265744
CSF,MS,MS,16,TAGGCATCACAACTGT-1,-0.17282839760106125
CSF,MS,MS,16,TAGGCATTCTTGTACT-1,0.04401514343098224
CSF,MS,MS,16,TAGTGGTTCTGTTTGT-1,0.33675810778927423
CSF,MS,MS,16,TAGTTGGAGAGATGAG-1,-0.061872600909981874
CSF,MS,MS,16,TAGTTGGAGCACACAG-1,-0.1383492739566829
CSF,MS,MS,16,TATCAGGTCTATCGCC-1,0.10696484354206728
CSF,MS,MS,16,TATCTCAAGTATGACA-1,0.04518216785871149
CSF,MS,MS,16,TATTACCAGCTACCGC-1,-0.014907139769660729
CSF,MS,MS,16,TATTACCGTTTAAGCC-1,-0.15978375527516459
CSF,MS,MS,16,TCAACGAAGACTAAGT-1,0.12719506357284047
CSF,MS,MS,16,TCACGAAGTCGCTTCT-1,0.12400567421535202
CSF,MS,MS,16,TCACGAATCGTTTATC-1,0.0037177503103769027
CSF,MS,MS,16,TCAGGATGTCGCATAT-1,-0.06407784457960337
CSF,MS,MS,16,TCAGGATGTCGCTTTC-1,0.027500208800826376
CSF,MS,MS,16,TCAGGTACAAGCCCAC-1,0.470106411320735
CSF,MS,MS,16,TCAGGTATCGGTCTAA-1,0.22853896935908827
CSF,MS,MS,16,TCATTACTCAAGATCC-1,0.12112493064890852
CSF,MS,MS,16,TCATTACTCTTGTCAT-1,-0.1362798244943447
CSF,MS,MS,16,TCCACACAGATCGGGT-1,-0.015471608679703779
CSF,MS,MS,16,TCCCGATAGGCAGGTT-1,-0.023238876166211304
CSF,MS,MS,16,TCCCGATAGTGACTCT-1,0.3612050431919819
CSF,MS,MS,16,TCCCGATTCGTCCGTT-1,0.05552298055869947
CSF,MS,MS,16,TCGAGGCGTAAGAGAG-1,0.19010582567480577
CSF,MS,MS,16,TCGAGGCTCAGCTCGG-1,0.08925648659914183
CSF,MS,MS,16,TCGCGAGTCCCTAATT-1,0.37517195971002
CSF,MS,MS,16,TCGGTAACATGTCGAT-1,-0.20004634137127703
CSF,MS,MS,16,TCGTACCCAGGGTTAG-1,0.10837752337671061
CSF,MS,MS,16,TCGTAGAGTTCTGAAC-1,-0.10216703210064669
CSF,MS,MS,16,TCTGAGAGTCGGGTCT-1,0.39991051525110405
CSF,MS,MS,16,TCTTTCCAGTAGGTGC-1,0.33881930595562293
CSF,MS,MS,16,TGAAAGAAGATGTAAC-1,-0.036767942563889204
CSF,MS,MS,16,TGAAAGACACCTGGTG-1,0.4012241740352909
CSF,MS,MS,16,TGACAACTCAGCGATT-1,0.14161666078041474
CSF,MS,MS,16,TGACTAGGTAAGTTCC-1,0.41818081906367516
CSF,MS,MS,16,TGACTTTTCAGCTCTC-1,0.5238341008347026
CSF,MS,MS,16,TGAGCATCATGCTGGC-1,0.0686107907017368
CSF,MS,MS,16,TGAGCCGAGCTCCCAG-1,0.09734503607532975
CSF,MS,MS,16,TGAGCCGCACCTCGTT-1,0.19192805777998828
CSF,MS,MS,16,TGCACCTGTACAGTGG-1,0.12062443568180833
CSF,MS,MS,16,TGCCAAACAGGAACGT-1,0.7219725201329336
CSF,MS,MS,16,TGCCAAAGTTATGTGC-1,-0.17786475568282503
CSF,MS,MS,16,TGCCCATCATGCTAGT-1,0.32242082202141376
CSF,MS,MS,16,TGCCCATGTGCAGTAG-1,0.06850127012307641
CSF,MS,MS,16,TGCCCTACAAGTTAAG-1,0.12180588001609582
CSF,MS,MS,16,TGCCCTATCAGCTGGC-1,0.27672961569037413
CSF,MS,MS,16,TGCGCAGCACGCCAGT-1,0.18803423184442986
CSF,MS,MS,16,TGCGCAGTCTCTGCTG-1,0.43124273875837676
CSF,MS,MS,16,TGGCCAGCACCTGGTG-1,0.2704498477749042
CSF,MS,MS,16,TGGGAAGAGATGCCTT-1,0.36719386435541657
CSF,MS,MS,16,TGGTTCCAGTCCGTAT-1,0.27988025339753314
CSF,MS,MS,16,TGTCCCATCGCAAACT-1,0.12646367660260646
CSF,MS,MS,16,TGTTCCGTCACATAGC-1,0.2507265988215268
CSF,MS,MS,16,TTAACTCTCCCTAATT-1,0.06467880597857113
CSF,MS,MS,16,TTAGGACGTCACCTAA-1,0.25624347297070565
CSF,MS,MS,16,TTATGCTAGGCCCTTG-1,0.17751441243297686
CSF,MS,MS,16,TTCCCAGGTCCCTTGT-1,-0.13584029536579453
CSF,MS,MS,16,TTGAACGGTAAGCACG-1,0.2608567541462658
CSF,MS,MS,16,TTGCCGTAGCGATTCT-1,0.6167442362246273
CSF,MS,MS,16,TTGCCGTTCCTTGGTC-1,-0.0788970208738522
CSF,MS,MS,16,TTGTAGGGTACGAAAT-1,0.6160635150852245
CSF,MS,MS,16,TTTACTGCAGCTCCGA-1,0.13238876331368168
CSF,MS,MS,16,TTTACTGGTAATTGGA-1,-0.17592001285830564
CSF,MS,MS,16,TTTATGCAGTGCTGCC-1,-0.08830535850371153
CSF,MS,MS,16,TTTCCTCAGGAGTACC-1,0.21566937039116815
CSF,MS,MS,16,TTTGCGCCATGTTGAC-1,-0.30405527223520673
CSF,MS,MS,16,TTTGGTTGTCGAATCT-1,0.2866585853393969
CSF,MS,MS,22,AACCGCGAGTGCTGCC-1,0.06228254269229973
CSF,MS,MS,22,AACGTTGCATAGGATA-1,-0.30405527223520673
CSF,MS,MS,22,AACTCAGCACCACGTG-1,0.4702610507642988
CSF,MS,MS,22,ACACCGGCAATCGGTT-1,0.35932743106919335
CSF,MS,MS,22,ACGCCAGCACAGGTTT-1,-0.14651396686507964
CSF,MS,MS,22,AGCAGCCAGAGCCCAA-1,0.23451877722226477
CSF,MS,MS,22,AGCATACCACAGGCCT-1,0.05618891690317671
CSF,MS,MS,22,ATAACGCAGCGTCTAT-1,-0.10190880557816603
CSF,MS,MS,22,ATTGGACTCCACGCAG-1,0.4166288576728373
CSF,MS,MS,22,CAGCAGCGTTATCGGT-1,-0.30405527223520673
CSF,MS,MS,22,CATATGGTCGACGGAA-1,-0.30405527223520673
CSF,MS,MS,22,CATATTCTCTTACCTA-1,-0.06919798019419152
CSF,MS,MS,22,CATCAGAGTTCAGGCC-1,-0.01656664712182467
CSF,MS,MS,22,CCGTTCAAGTCTCGGC-1,0.11778834566543979
CSF,MS,MS,22,CGCTGGAAGTAGGTGC-1,0.1481448111227659
CSF,MS,MS,22,CGGAGTCGTCTTGATG-1,0.17905798255725713
CSF,MS,MS,22,CGTGTAAGTGAAATCA-1,0.2290927683882043
CSF,MS,MS,22,CTCTAATCAGGATTGG-1,0.34187658570056223
CSF,MS,MS,22,GACGCGTGTCCAGTTA-1,1.0440924475077933
CSF,MS,MS,22,GAGGTGATCCAACCAA-1,-0.08200634509662728
CSF,MS,MS,22,GAGTCCGGTAGGGTAC-1,-0.07167659174359145
CSF,MS,MS,22,GATCGCGCATGCCTTC-1,0.3664318859068283
CSF,MS,MS,22,GATCGCGTCAACTCTT-1,0.06916136689340437
CSF,MS,MS,22,GCCAAATTCTTACCGC-1,0.3571818796021823
CSF,MS,MS,22,GCGCGATCACATAACC-1,0.13061430209765984
CSF,MS,MS,22,GGAAAGCCAACACGCC-1,-0.011005352259175967
CSF,MS,MS,22,GGACATTAGGCTATCT-1,-0.15200324958527853
CSF,MS,MS,22,GGTATTGCAAACCCAT-1,0.7492247907639513
CSF,MS,MS,22,GTATTCTCACAGACAG-1,0.25703381898729366
CSF,MS,MS,22,GTTCATTAGAACAATC-1,0.45164662714420317
CSF,MS,MS,22,TACGGGCTCTTTACAC-1,-0.30405527223520673
CSF,MS,MS,22,TAGCCGGTCGGCGGTT-1,-0.30405527223520673
CSF,MS,MS,22,TCACAAGGTGATGATA-1,-0.20907165030404293
CSF,MS,MS,22,TCGCGAGAGGCTATCT-1,0.3012032132389192
CSF,MS,MS,22,TCTCTAACAGGGCATA-1,0.08395927961944845
CSF,MS,MS,22,TCTTCGGGTAGAAGGA-1,0.42057068477627446
CSF,MS,MS,22,TGCGGGTTCGAGCCCA-1,-0.30405527223520673
CSF,MS,MS,22,TGCGTGGCAGGAATCG-1,-0.15016938449530745
CSF,MS,MS,22,TTAACTCCAGCGATCC-1,-0.30405527223520673
CSF,MS,MS,22,TTCCCAGAGAAACCTA-1,0.1607152242147904
CSF,MS,MS,22,TTCCCAGAGACTGGGT-1,0.1054121419293007
CSF,MS,MS,22,TTCTACAGTTCGAATC-1,0.9161175749041041
CSF,MS,MS,22,TTGACTTGTCATACTG-1,0.5147149738298166
CSF,MS,MS,22,TTTGGTTGTGCAACTT-1,-0.30405527223520673
CSF,MS,MS,24,AAACCTGAGTCTCGGC-1,0.12431655017106875
CSF,MS,MS,24,AAGGTTCGTGAGTATA-1,0.4234779802240131
CSF,MS,MS,24,AATCCAGGTACAAGTA-1,0.9772895493738748
CSF,MS,MS,24,ACACCGGTCAACCATG-1,0.19062065579611304
CSF,MS,MS,24,ACAGCTACAATAGAGT-1,0.07577328153927711
CSF,MS,MS,24,ACCGTAAGTCATGCCG-1,-0.04920950013761922
CSF,MS,MS,24,ACGCAGCCATGACATC-1,0.35009829866828474
CSF,MS,MS,24,ACGCCAGGTCCAGTAT-1,0.6190848827879728
CSF,MS,MS,24,ACTGAGTGTTCGGCAC-1,-0.14677708166092288
CSF,MS,MS,24,AGAATAGGTACTTGAC-1,0.15189400852812307
CSF,MS,MS,24,AGCCTAATCTGCCCTA-1,0.2521658542267092
CSF,MS,MS,24,AGCTCCTCAGGATCGA-1,0.05920990286328344
CSF,MS,MS,24,AGGCCACAGTATCTCG-1,0.23075487080830578
CSF,MS,MS,24,AGGGTGATCTGATTCT-1,0.36002208904646965
CSF,MS,MS,24,AGGTCATAGGGAGTAA-1,0.3074667831971139
CSF,MS,MS,24,AGGTCCGCACCAGATT-1,0.025917075907719
CSF,MS,MS,24,ATCATCTCAGCCACCA-1,0.03479169592712698
CSF,MS,MS,24,ATCATGGGTCTGCGGT-1,-0.06959546674019593
CSF,MS,MS,24,ATTACTCGTAGCTAAA-1,0.5212552386635864
CSF,MS,MS,24,ATTGGTGCAGTTCCCT-1,0.5173335323791974
CSF,MS,MS,24,ATTGGTGGTTAGATGA-1,-0.21242624370165833
CSF,MS,MS,24,ATTTCTGCAATGGATA-1,-0.10490729868386646
CSF,MS,MS,24,CAAGATCCACTAAGTC-1,-0.30405527223520673
CSF,MS,MS,24,CACATTTAGAGTAATC-1,0.09561040436724333
CSF,MS,MS,24,CACCACTGTAAACGCG-1,0.20692249126002737
CSF,MS,MS,24,CACCACTTCGGAAACG-1,-0.30405527223520673
CSF,MS,MS,24,CATCGAACATTTCAGG-1,-0.30405527223520673
CSF,MS,MS,24,CCATTCGTCGTTTAGG-1,-0.30405527223520673
CSF,MS,MS,24,CCCAATCAGAGCCCAA-1,-0.30405527223520673
CSF,MS,MS,24,CCCTCCTGTAGCTAAA-1,-0.10056132464721763
CSF,MS,MS,24,CCTAGCTTCCGCTGTT-1,-0.08186381220085125
CSF,MS,MS,24,CCTTCGACACCCATTC-1,0.3097604457700226
CSF,MS,MS,24,CCTTTCTAGGAGTAGA-1,0.06139409225095608
CSF,MS,MS,24,CGAATGTCAGTAACGG-1,-0.054328517106873774
CSF,MS,MS,24,CGAATGTTCGAATCCA-1,-0.30405527223520673
CSF,MS,MS,24,CGATCGGCAGCTGTTA-1,-0.002811680716696812
CSF,MS,MS,24,CGATTGACATGAACCT-1,-0.016901850654059993
CSF,MS,MS,24,CGCGGTAGTATATGGA-1,-0.30405527223520673
CSF,MS,MS,24,CGGAGCTCACTGAAGG-1,0.2875758722718422
CSF,MS,MS,24,CGGAGCTTCGCACTCT-1,-0.30405527223520673
CSF,MS,MS,24,CTACACCCAACCGCCA-1,0.5507218053029793
CSF,MS,MS,24,CTACACCCAGTGACAG-1,-0.30405527223520673
CSF,MS,MS,24,CTCACACAGATATGGT-1,-0.30405527223520673
CSF,MS,MS,24,CTCGGGACAATAAGCA-1,-0.02666045484760628
CSF,MS,MS,24,CTCTACGGTAAGCACG-1,-0.30405527223520673
CSF,MS,MS,24,CTGCTGTGTGTGGCTC-1,-0.30405527223520673
CSF,MS,MS,24,CTGGTCTCAGCGTAAG-1,0.15007428155061955
CSF,MS,MS,24,CTTAACTCAGTAAGAT-1,-0.30405527223520673
CSF,MS,MS,24,GAAATGACAGTGGAGT-1,0.2217840845705544
CSF,MS,MS,24,GACAGAGTCACCACCT-1,0.017370416230015864
CSF,MS,MS,24,GACCTGGAGTGAAGTT-1,-0.30405527223520673
CSF,MS,MS,24,GACGCGTTCTTTAGTC-1,0.35438012497378824
CSF,MS,MS,24,GACGTTATCTCTGAGA-1,0.14202563983730118
CSF,MS,MS,24,GACTAACCAAGGTTTC-1,0.20846271649423512
CSF,MS,MS,24,GATCTAGAGAATTCCC-1,0.029378503433870527
CSF,MS,MS,24,GATCTAGCAATGGACG-1,0.2230075362936295
CSF,MS,MS,24,GATGCTAAGATGAGAG-1,0.4328697879807324
CSF,MS,MS,24,GCACTCTTCGAGGTAG-1,0.04944121716869321
CSF,MS,MS,24,GCGGGTTTCCGTCATC-1,0.4094069011107358
CSF,MS,MS,24,GGACATTCACAGTCGC-1,0.33087722843809836
CSF,MS,MS,24,GGATGTTCAAACTGTC-1,-0.19675462576386563
CSF,MS,MS,24,GGGAGATTCAAGGTAA-1,-0.09205584293275562
CSF,MS,MS,24,GGTGAAGTCTGTACGA-1,0.8054802146590768
CSF,MS,MS,24,GGTGCGTAGACAAGCC-1,-0.07048585229043385
CSF,MS,MS,24,GTACTTTCACGGATAG-1,0.017775701816424263
CSF,MS,MS,24,GTATCTTAGAGGTTGC-1,0.14920681271479547
CSF,MS,MS,24,GTATCTTCACAAGCCC-1,0.05218213337904471
CSF,MS,MS,24,GTGTGCGTCAGTCAGT-1,0.0859502670989953
CSF,MS,MS,24,GTGTTAGGTCAACTGT-1,-0.30405527223520673
CSF,MS,MS,24,GTGTTAGTCTCGCATC-1,0.3228818386260973
CSF,MS,MS,24,GTTACAGCAAACAACA-1,-0.20647077072707384
CSF,MS,MS,24,GTTCTCGGTCGCATAT-1,0.292019371390597
CSF,MS,MS,24,TAAACCGGTGGTACAG-1-1,-0.1379679469480206
CSF,MS,MS,24,TAAGAGATCGCGTAGC-1,0.3304647828822323
CSF,MS,MS,24,TACCTTAAGGTTACCT-1,0.7070977149627414
CSF,MS,MS,24,TAGCCGGTCGTTGACA-1,0.24249251416070788
CSF,MS,MS,24,TAGGCATAGAAGGACA-1,0.4079496963777869
CSF,MS,MS,24,TCACAAGAGCTAGCCC-1-1,0.15857113036612244
CSF,MS,MS,24,TCCACACCATTGAGCT-1,0.08836423007723866
CSF,MS,MS,24,TCTCATACAGTCGTGC-1,0.7705144930835789
CSF,MS,MS,24,TGCCAAAGTGCGATAG-1,-0.13679418298025173
CSF,MS,MS,24,TGCGGGTGTATCTGCA-1,-0.30405527223520673
CSF,MS,MS,24,TGCTACCAGCCCAACC-1,0.16698885810427613
CSF,MS,MS,24,TGGCTGGCATGCTAGT-1,-0.10451996587424923
CSF,MS,MS,24,TTAGGACTCTTACCTA-1,0.5844868796598136
CSF,MS,MS,24,TTCTACAGTACATCCA-1,-0.043407971922605114
CSF,MS,MS,24,TTCTCCTGTCGCGAAA-1,-0.30405527223520673
CSF,MS,MS,24,TTGGAACAGGCATGGT-1,0.42063354103515943
CSF,MS,MS,25,AATCGGTTCAGTGCAT-1,-0.30405527223520673
CSF,MS,MS,25,ACACCCTGTGGTCTCG-1,0.05068735079609835
CSF,MS,MS,25,ACAGCTAAGTAGGCCA-1,0.3728278447688247
CSF,MS,MS,25,ACGGAGAGTAGTGAAT-1,-0.0904544332898544
CSF,MS,MS,25,ACTGAGTTCGTGGGAA-1,0.21199761142455875
CSF,MS,MS,25,AGCGTATAGCAGCCTC-1,-0.30405527223520673
CSF,MS,MS,25,AGGTCATGTTACGACT-1,0.3379307675539085
CSF,MS,MS,25,ATAGACCTCGAGAGCA-1,-0.30405527223520673
CSF,MS,MS,25,ATGTGTGGTTGGTAAA-1,0.3317799525754005
CSF,MS,MS,25,CAACCAACATATGCTG-1,-0.30405527223520673
CSF,MS,MS,25,CAAGAAAAGCTGTCTA-1,-0.02964041947553104
CSF,MS,MS,25,CAGCAGCGTAGCTAAA-1,0.18155220885789541
CSF,MS,MS,25,CTAGTGAGTCTGCGGT-1,-0.1177206624556382
CSF,MS,MS,25,CTGAAGTCAGAAGCAC-1,-0.0003106954302388403
CSF,MS,MS,25,CTGCGGACATCTCGCT-1,-0.30405527223520673
CSF,MS,MS,25,CTTTGCGTCCAGATCA-1,0.1358915145832653
CSF,MS,MS,25,GAAGCAGAGGGATGGG-1,-0.19497705826570624
CSF,MS,MS,25,GAATAAGTCACAGGCC-1,-0.0752983243295885
CSF,MS,MS,25,GATCGATAGACTAGGC-1,0.8643538703001262
CSF,MS,MS,25,GCAATCAGTCAGCTAT-1,0.14077591214948593
CSF,MS,MS,25,GCATACAAGTTTAGGA-1,-0.12114500701862982
CSF,MS,MS,25,GCATGTAGTACCGTAT-1,-0.30405527223520673
CSF,MS,MS,25,GCGCCAAGTCCAGTAT-1,0.20587607811907813
CSF,MS,MS,25,GGACAAGTCAGCACAT-1,-0.14771329134050792
CSF,MS,MS,25,GTACGTATCGCATGGC-1,-0.30405527223520673
CSF,MS,MS,25,GTGTTAGGTGACCAAG-1,-0.30405527223520673
CSF,MS,MS,25,GTTCGGGCAAGAGGCT-1,0.5437524689680265
CSF,MS,MS,25,TACAGTGGTGAAAGAG-1,0.7463117951887996
CSF,MS,MS,25,TACAGTGTCGCATGAT-1,-0.04878953766153663
CSF,MS,MS,25,TATTACCTCGTGGACC-1,0.032086654181661296
CSF,MS,MS,25,TCAATCTCACACCGCA-1,-0.30405527223520673
CSF,MS,MS,25,TCAGCAATCGTTTAGG-1,0.03172010905367611
CSF,MS,MS,25,TCAGGTACAGGGAGAG-1,0.19834020778165964
CSF,MS,MS,25,TGCTACCAGTATCGAA-1,0.2186886357966388
CSF,MS,MS,25,TGTTCCGTCACTCCTG-1,0.23721497276059145
CSF,MS,MS,25,TTCGAAGTCTTGTATC-1,-0.09230755709574191
CSF,MS,MS,25,TTTACTGCACCTCGTT-1,-0.30405527223520673
CSF,MS,MS,25,TTTGCGCTCTACCAGA-1,0.03274251334396172
CSF,MS,MS,25,TTTGTCATCCTCAATT-1,-0.30405527223520673
CSF,MS,MS,27,AAACCTGAGTCTCGGC-1-1,0.12431655017106875
CSF,MS,MS,27,AAGGTTCGTGAGTATA-1-1,0.4234779802240131
CSF,MS,MS,27,AATCCAGGTACAAGTA-1-1,0.9772895493738748
CSF,MS,MS,27,ACACCGGTCAACCATG-1-1,0.19062065579611304
CSF,MS,MS,27,ACAGCTACAATAGAGT-1-1,0.07577328153927711
CSF,MS,MS,27,ACCGTAAGTCATGCCG-1-1,-0.04920950013761922
CSF,MS,MS,27,ACGCAGCCATGACATC-1-1,0.35009829866828474
CSF,MS,MS,27,ACGCCAGGTCCAGTAT-1-1,0.6190848827879728
CSF,MS,MS,27,ACTGAGTGTTCGGCAC-1-1,-0.14677708166092288
CSF,MS,MS,27,AGAATAGGTACTTGAC-1-1,0.15189400852812307
CSF,MS,MS,27,AGCCTAATCTGCCCTA-1-1,0.2521658542267092
CSF,MS,MS,27,AGCTCCTCAGGATCGA-1-1,0.05920990286328344
CSF,MS,MS,27,AGGCCACAGTATCTCG-1-1,0.23075487080830578
CSF,MS,MS,27,AGGGTGATCTGATTCT-1-1,0.36002208904646965
CSF,MS,MS,27,AGGTCATAGGGAGTAA-1-1,0.3074667831971139
CSF,MS,MS,27,AGGTCCGCACCAGATT-1-1,0.025917075907719
CSF,MS,MS,27,ATCATCTCAGCCACCA-1-1,0.03479169592712698
CSF,MS,MS,27,ATCATGGGTCTGCGGT-1-1,-0.06959546674019593
CSF,MS,MS,27,ATTACTCGTAGCTAAA-1-1,0.5212552386635864
CSF,MS,MS,27,ATTGGTGCAGTTCCCT-1-1,0.5173335323791974
CSF,MS,MS,27,ATTGGTGGTTAGATGA-1-1,-0.21242624370165833
CSF,MS,MS,27,ATTTCTGCAATGGATA-1-1,-0.10490729868386646
CSF,MS,MS,27,CAAGATCCACTAAGTC-1-1,-0.30405527223520673
CSF,MS,MS,27,CACATTTAGAGTAATC-1-1,0.09561040436724333
CSF,MS,MS,27,CACCACTGTAAACGCG-1-1,0.20692249126002737
CSF,MS,MS,27,CACCACTTCGGAAACG-1-1,-0.30405527223520673
CSF,MS,MS,27,CATCGAACATTTCAGG-1-1,-0.30405527223520673
CSF,MS,MS,27,CCATTCGTCGTTTAGG-1-1,-0.30405527223520673
CSF,MS,MS,27,CCCAATCAGAGCCCAA-1-1,-0.30405527223520673
CSF,MS,MS,27,CCCTCCTGTAGCTAAA-1-1,-0.10056132464721763
CSF,MS,MS,27,CCTAGCTTCCGCTGTT-1-1,-0.08186381220085125
CSF,MS,MS,27,CCTTCGACACCCATTC-1-1,0.3097604457700226
CSF,MS,MS,27,CCTTTCTAGGAGTAGA-1-1,0.06139409225095608
CSF,MS,MS,27,CGAATGTCAGTAACGG-1-1,-0.054328517106873774
CSF,MS,MS,27,CGAATGTTCGAATCCA-1-1,-0.30405527223520673
CSF,MS,MS,27,CGATCGGCAGCTGTTA-1-1,-0.002811680716696812
CSF,MS,MS,27,CGATTGACATGAACCT-1-1,-0.016901850654059993
CSF,MS,MS,27,CGCGGTAGTATATGGA-1-1,-0.30405527223520673
CSF,MS,MS,27,CGGAGCTCACTGAAGG-1-1,0.2875758722718422
CSF,MS,MS,27,CGGAGCTTCGCACTCT-1-1,-0.30405527223520673
CSF,MS,MS,27,CTACACCCAACCGCCA-1-1,0.5507218053029793
CSF,MS,MS,27,CTACACCCAGTGACAG-1-1,-0.30405527223520673
CSF,MS,MS,27,CTCACACAGATATGGT-1-1,-0.30405527223520673
CSF,MS,MS,27,CTCGGGACAATAAGCA-1-1,-0.02666045484760628
CSF,MS,MS,27,CTCTACGGTAAGCACG-1-1,-0.30405527223520673
CSF,MS,MS,27,CTGCTGTGTGTGGCTC-1-1,-0.30405527223520673
CSF,MS,MS,27,CTGGTCTCAGCGTAAG-1-1,0.15007428155061955
CSF,MS,MS,27,CTTAACTCAGTAAGAT-1-1,-0.30405527223520673
CSF,MS,MS,27,GAAATGACAGTGGAGT-1-1,0.2217840845705544
CSF,MS,MS,27,GACAGAGTCACCACCT-1-1,0.017370416230015864
CSF,MS,MS,27,GACCTGGAGTGAAGTT-1-1,-0.30405527223520673
CSF,MS,MS,27,GACGCGTTCTTTAGTC-1-1,0.35438012497378824
CSF,MS,MS,27,GACGTTATCTCTGAGA-1-1,0.14202563983730118
CSF,MS,MS,27,GACTAACCAAGGTTTC-1-1,0.20846271649423512
CSF,MS,MS,27,GATCTAGAGAATTCCC-1-1,0.029378503433870527
CSF,MS,MS,27,GATCTAGCAATGGACG-1-1,0.2230075362936295
CSF,MS,MS,27,GATGCTAAGATGAGAG-1-1,0.4328697879807324
CSF,MS,MS,27,GCACTCTTCGAGGTAG-1-1,0.04944121716869321
CSF,MS,MS,27,GCGGGTTTCCGTCATC-1-1,0.4094069011107358
CSF,MS,MS,27,GGACATTCACAGTCGC-1-1,0.33087722843809836
CSF,MS,MS,27,GGATGTTCAAACTGTC-1-1,-0.19675462576386563
CSF,MS,MS,27,GGGAGATTCAAGGTAA-1-1,-0.09205584293275562
CSF,MS,MS,27,GGTGAAGTCTGTACGA-1-1,0.8054802146590768
CSF,MS,MS,27,GGTGCGTAGACAAGCC-1-1,-0.07048585229043385
CSF,MS,MS,27,GTACTTTCACGGATAG-1-1,0.017775701816424263
CSF,MS,MS,27,GTATCTTAGAGGTTGC-1-1,0.14920681271479547
CSF,MS,MS,27,GTATCTTCACAAGCCC-1-1,0.05218213337904471
CSF,MS,MS,27,GTGTGCGTCAGTCAGT-1-1,0.0859502670989953
CSF,MS,MS,27,GTGTTAGGTCAACTGT-1-1,-0.30405527223520673
CSF,MS,MS,27,GTGTTAGTCTCGCATC-1-1,0.3228818386260973
CSF,MS,MS,27,GTTACAGCAAACAACA-1-1,-0.20647077072707384
CSF,MS,MS,27,GTTCTCGGTCGCATAT-1-1,0.292019371390597
CSF,MS,MS,27,TAAACCGGTGGTACAG-1-2,-0.1379679469480206
CSF,MS,MS,27,TAAGAGATCGCGTAGC-1-1,0.3304647828822323
CSF,MS,MS,27,TACCTTAAGGTTACCT-1-1,0.7070977149627414
CSF,MS,MS,27,TAGCCGGTCGTTGACA-1-1,0.24249251416070788
CSF,MS,MS,27,TAGGCATAGAAGGACA-1-1,0.4079496963777869
CSF,MS,MS,27,TCACAAGAGCTAGCCC-1-2,0.15857113036612244
CSF,MS,MS,27,TCCACACCATTGAGCT-1-1,0.08836423007723866
CSF,MS,MS,27,TCTCATACAGTCGTGC-1-1,0.7705144930835789
CSF,MS,MS,27,TGCCAAAGTGCGATAG-1-1,-0.13679418298025173
CSF,MS,MS,27,TGCGGGTGTATCTGCA-1-1,-0.30405527223520673
CSF,MS,MS,27,TGCTACCAGCCCAACC-1-1,0.16698885810427613
CSF,MS,MS,27,TGGCTGGCATGCTAGT-1-1,-0.10451996587424923
CSF,MS,MS,27,TTAGGACTCTTACCTA-1-1,0.5844868796598136
CSF,MS,MS,27,TTCTACAGTACATCCA-1-1,-0.043407971922605114
CSF,MS,MS,27,TTCTCCTGTCGCGAAA-1-1,-0.30405527223520673
CSF,MS,MS,27,TTGGAACAGGCATGGT-1-1,0.42063354103515943
CSF,MS,MS,28,AAATGCCCAGCCTATA-1,0.035725872845542135
CSF,MS,MS,28,AACACGTGTAAGTAGT-1,0.9105132893027965
CSF,MS,MS,28,AACCGCGAGATTACCC-1,0.30204235316383515
CSF,MS,MS,28,AACCGCGTCTCAAGTG-1,0.8752929320684562
CSF,MS,MS,28,AACGTTGCAACTTGAC-1,0.08841441944970359
CSF,MS,MS,28,AAGTCTGGTACGACCC-1,0.42455665924612357
CSF,MS,MS,28,ACACCCTAGATGTCGG-1,-0.30405527223520673
CSF,MS,MS,28,ACACCCTAGTGCCAGA-1,0.1535889183649819
CSF,MS,MS,28,ACACCCTGTGCAGGTA-1,0.1640138698207287
CSF,MS,MS,28,ACACCGGAGATGCCTT-1,0.9234424573659703
CSF,MS,MS,28,ACATGGTCATGCATGT-1,0.19077225390500271
CSF,MS,MS,28,ACCGTAACAGACGCCT-1-2,0.08034088497240009
CSF,MS,MS,28,ACGATACCACGGTAGA-1,0.24536541235687265
CSF,MS,MS,28,ACGCAGCAGCCAGAAC-1,0.6276592266176574
CSF,MS,MS,28,ACGCCGATCAACACAC-1,-0.10620819424261659
CSF,MS,MS,28,ACGGAGAGTACCGGCT-1,0.16809298229059838
CSF,MS,MS,28,ACGGCCAAGCAGACTG-1,1.194804236958216
CSF,MS,MS,28,ACTGTCCTCATCTGCC-1,0.14686311032006044
CSF,MS,MS,28,ACTTTCAAGTGTCCAT-1,0.5020194430501245
CSF,MS,MS,28,AGCCTAAAGTGTCCAT-1,0.23969500814039885
CSF,MS,MS,28,AGCCTAACAAAGTCAA-1,-0.30405527223520673
CSF,MS,MS,28,AGCTTGAGTGCACCAC-1,-0.30405527223520673
CSF,MS,MS,28,AGGCCGTAGGCTACGA-1,-0.01795702315354018
CSF,MS,MS,28,AGTAGTCGTAGGAGTC-1,0.06194655268369022
CSF,MS,MS,28,AGTGGGACAAAGGTGC-1,0.15832251332053754
CSF,MS,MS,28,ATCCACCAGACCACGA-1,-0.03163941644590727
CSF,MS,MS,28,ATTCTACGTGTCGCTG-1,0.1373853415094091
CSF,MS,MS,28,CAACCTCGTGATAAAC-1,0.041421606192080476
CSF,MS,MS,28,CAACCTCGTGCCTGGT-1,0.13314615002974575
CSF,MS,MS,28,CACACTCGTCGCTTTC-1,-0.30405527223520673
CSF,MS,MS,28,CACATTTCAAATTGCC-1,0.2693871753021057
CSF,MS,MS,28,CAGAATCGTCGACTAT-1,-0.30405527223520673
CSF,MS,MS,28,CAGCAGCGTGCTCTTC-1,-0.30405527223520673
CSF,MS,MS,28,CATCAAGTCCGCATAA-1,-0.30405527223520673
CSF,MS,MS,28,CATCAGAAGCCCAATT-1,0.1731045010171482
CSF,MS,MS,28,CATGGCGAGATCCGAG-1,-0.30405527223520673
CSF,MS,MS,28,CATTATCAGGTAAACT-1,0.1053869682656295
CSF,MS,MS,28,CCAGCGAAGAGCCCAA-1,-0.06934920472898318
CSF,MS,MS,28,CCCAGTTAGCGTCTAT-1,-0.03240748818751498
CSF,MS,MS,28,CCTATTAGTCACCCAG-1,0.29834143228730875
CSF,MS,MS,28,CCTTCCCGTGTAACGG-1,-0.12367772170614566
CSF,MS,MS,28,CGAGCACAGGCATTGG-1,-0.30405527223520673
CSF,MS,MS,28,CGATCGGCAACTGCTA-1,-0.1294553290914902
CSF,MS,MS,28,CGATGGCCAGGATTGG-1,-0.30405527223520673
CSF,MS,MS,28,CGCGGTAAGCCACGCT-1,-0.30405527223520673
CSF,MS,MS,28,CGCTATCCAGACACTT-1,-0.1123031574182769
CSF,MS,MS,28,CGGAGTCAGTAAGTAC-1,0.05735788836755013
CSF,MS,MS,28,CGTAGCGTCCGATATG-1,-0.058834206426054414
CSF,MS,MS,28,CGTCTACAGCCACTAT-1,0.12566817392664456
CSF,MS,MS,28,CGTCTACAGGGCTTCC-1,-0.30405527223520673
CSF,MS,MS,28,CTAACTTCAGTAGAGC-1,-0.30405527223520673
CSF,MS,MS,28,CTAAGACAGTGGAGTC-1,-0.07239818339047446
CSF,MS,MS,28,CTACGTCCATGGGACA-1,0.5207622277757166
CSF,MS,MS,28,CTCGGGATCAGGTAAA-1,0.4327947500278851
CSF,MS,MS,28,CTCTACGAGGCCCTCA-1,0.37157060844829004
CSF,MS,MS,28,CTGCCTAAGCCAGAAC-1,0.9647915577926274
CSF,MS,MS,28,CTGCGGAGTCCAACTA-1,0.5960925291078695
CSF,MS,MS,28,CTGCGGATCAGTTTGG-1,0.7825523870219139
CSF,MS,MS,28,CTGGTCTCACACAGAG-1,-0.30405527223520673
CSF,MS,MS,28,CTGTTTAAGCACGCCT-1,0.22967202728281277
CSF,MS,MS,28,GAACCTACAAAGCGGT-1,-0.10036769352161742
CSF,MS,MS,28,GACAGAGTCGCGTTTC-1,0.14657704735943947
CSF,MS,MS,28,GACTACACAAGACACG-1,0.06148680850047794
CSF,MS,MS,28,GACTACACAAGACGTG-1,-0.30405527223520673
CSF,MS,MS,28,GACTGCGTCCAGATCA-1,0.09643267505031398
CSF,MS,MS,28,GAGCAGAGTGTTGGGA-1,0.16969398173901679
CSF,MS,MS,28,GATCGTAAGGCAGTCA-1,0.03550038294973225
CSF,MS,MS,28,GATGAAAGTAGCGCTC-1,0.14478932097557737
CSF,MS,MS,28,GATGAGGAGATCGATA-1,-0.03891935676789219
CSF,MS,MS,28,GATTCAGTCGCCAAAT-1,0.048742561265426275
CSF,MS,MS,28,GCAAACTGTGCCTGCA-1,0.22102987809868008
CSF,MS,MS,28,GCGCCAATCTGTCAAG-1,0.22759106711513216
CSF,MS,MS,28,GCGGGTTCATCGGGTC-1,0.5939685022134311
CSF,MS,MS,28,GCTGCAGTCAGCAACT-1,-0.1104049935927405
CSF,MS,MS,28,GGAACTTGTCAGAAGC-1,-0.30405527223520673
CSF,MS,MS,28,GGGACCTGTCACTGGC-1,0.15638029915021262
CSF,MS,MS,28,GGGAGATTCGTAGGAG-1,0.1676905743418246
CSF,MS,MS,28,GGGTCTGAGCAGACTG-1,-0.12861226608563708
CSF,MS,MS,28,GGGTTGCCACCCAGTG-1,0.22337926634696803
CSF,MS,MS,28,GGGTTGCCATACGCCG-1-1,1.0568107466380723
CSF,MS,MS,28,GTATTCTGTGCTTCTC-1,-0.30405527223520673
CSF,MS,MS,28,GTCACGGCAGTCGTGC-1,0.07410991824037891
CSF,MS,MS,28,GTCGTAAGTCCCTTGT-1,-0.043247748434564234
CSF,MS,MS,28,GTCGTAAGTTACGTCA-1,0.319571724036325
CSF,MS,MS,28,GTCGTAATCGTCACGG-1,1.1418390339697968
CSF,MS,MS,28,GTGCAGCAGGACAGCT-1,0.07583581711473202
CSF,MS,MS,28,GTGGGTCAGATGCGAC-1,-0.12820721557550016
CSF,MS,MS,28,GTGTTAGCAACGATCT-1,-0.30405527223520673
CSF,MS,MS,28,GTTAAGCGTGCATCTA-1,0.3549612367956661
CSF,MS,MS,28,GTTACAGTCCAAGCCG-1,-0.30405527223520673
CSF,MS,MS,28,GTTCTCGTCAGCGACC-1,-0.1590980066450462
CSF,MS,MS,28,TAAGTGCGTTGGTGGA-1,-0.30405527223520673
CSF,MS,MS,28,TACGGTACAGACGCCT-1,-0.13234744073387392
CSF,MS,MS,28,TACGGTAGTAATCGTC-1,-0.17999216063844106
CSF,MS,MS,28,TACTCATGTCGGGTCT-1,0.32984018746324695
CSF,MS,MS,28,TACTTACTCTGCGGCA-1,0.03728320495623738
CSF,MS,MS,28,TAGACCAAGAGTGACC-1,0.1831181024327652
CSF,MS,MS,28,TATCTCATCGCCTGAG-1,-0.11850229347036205
CSF,MS,MS,28,TATGCCCTCTTGTTTG-1,-0.30405527223520673
CSF,MS,MS,28,TCAGCTCCAGCAGTTT-1,-0.30405527223520673
CSF,MS,MS,28,TCAGGATGTCAACATC-1,-0.14374254603806808
CSF,MS,MS,28,TCATTACAGGCCCGTT-1,0.3003286861721068
CSF,MS,MS,28,TCATTTGCATCGATTG-1,-0.30405527223520673
CSF,MS,MS,28,TCGTAGACACAGTCGC-1,-0.08661636972917333
CSF,MS,MS,28,TCTATTGGTCAAAGCG-1,0.06595591042525002
CSF,MS,MS,28,TCTCTAACACGAGGTA-1,0.6057610914829246
CSF,MS,MS,28,TCTGAGACATTTGCTT-1,0.14821068383909772
CSF,MS,MS,28,TGACAACGTGACTCAT-1,-0.02694430799520978
CSF,MS,MS,28,TGCACCTAGGACTGGT-1,0.3541883690770736
CSF,MS,MS,28,TGCGTGGCATACCATG-1,-0.30405527223520673
CSF,MS,MS,28,TGGCTGGGTTCCACAA-1,-0.10445861614076837
CSF,MS,MS,28,TGGGCGTGTGAAATCA-1,0.2860782162023424
CSF,MS,MS,28,TGTGGTAGTCCTCTTG-1,-0.009237250612448844
CSF,MS,MS,28,TTAACTCAGCGGCTTC-1,-0.016699399183927186
CSF,MS,MS,28,TTCGAAGAGAACAATC-1,-0.03360189020164744
CSF,MS,MS,28,TTCTCAAAGAAAGTGG-1,0.16376308579449858
CSF,MS,MS,28,TTCTTAGTCACATACG-1,-0.11856252684383392
CSF,MS,MS,28,TTGCGTCAGGCTAGAC-1,-0.30405527223520673
CSF,MS,MS,29,AACCATGAGTGACATA-1-1,-0.30405527223520673
CSF,MS,MS,29,ACATGGTCACGACTCG-1-1,-0.11687896618790536
CSF,MS,MS,29,ACTTACTTCGAGCCCA-1-1,-0.30405527223520673
CSF,MS,MS,29,AGATTGCCATTGGTAC-1-1,-0.30405527223520673
CSF,MS,MS,29,AGCTCTCAGGATGGTC-1-1,-0.30405527223520673
CSF,MS,MS,29,CACAGGCCACACGCTG-1-1,-0.30405527223520673
CSF,MS,MS,29,CATATTCCATGCAACT-1-1,-0.30405527223520673
CSF,MS,MS,29,CATCGAATCTGCGACG-1-1,0.48833810600180977
CSF,MS,MS,29,CCGGGATTCATAAAGG-1-1,-0.0656120884592494
CSF,MS,MS,29,CCTTCCCAGGTGTGGT-1-1,0.3850929799802664
CSF,MS,MS,29,CGAGCACAGCCCAATT-1-1,-0.009723082672814156
CSF,MS,MS,29,CGATTGACAGGACCCT-1-1,-0.11643931667753822
CSF,MS,MS,29,CGCCAAGCACAAGTAA-1-1,-0.30405527223520673
CSF,MS,MS,29,CGGTTAAGTAGATTAG-1-1,-0.30405527223520673
CSF,MS,MS,29,CTCGTACCAGTCGATT-1-1,-0.30405527223520673
CSF,MS,MS,29,CTCTACGTCCAAACAC-1-1,-0.30405527223520673
CSF,MS,MS,29,CTGAAGTAGCTTTGGT-1-1,-0.30405527223520673
CSF,MS,MS,29,CTTACCGGTCCAACTA-1-1,-0.30405527223520673
CSF,MS,MS,29,GACGCGTGTTGGGACA-1-1,-0.30405527223520673
CSF,MS,MS,29,GCTGCAGAGTTTAGGA-1-1,-0.30405527223520673
CSF,MS,MS,29,GCTGCAGTCCTTAATC-1-1,-0.30405527223520673
CSF,MS,MS,29,GCTGCGAGTGCTTCTC-1-1,-0.30405527223520673
CSF,MS,MS,29,GGCAATTAGCCTATGT-1-1,0.34101011476925847
CSF,MS,MS,29,GGCAATTTCAGGCCCA-1-1,0.06503068992701469
CSF,MS,MS,29,GGCCGATCAAATTGCC-1-1,0.4929304913428016
CSF,MS,MS,29,GGTGCGTAGAGGGATA-1-1,1.2300057546214247
CSF,MS,MS,29,TACGGGCTCGTCGTTC-1-1,-0.06190064388431214
CSF,MS,MS,29,TAGTTGGCACATTTCT-1-1,0.0865935325357967
CSF,MS,MS,29,TCACAAGGTCATTAGC-1-1,0.055022822830768016
CSF,MS,MS,29,TCATTACAGGTGCAAC-1-1,-0.30405527223520673
CSF,MS,MS,29,TCTCTAACAATGAAAC-1-1,-0.18683939195535387
CSF,MS,MS,29,TCTTTCCAGCCGTCGT-1-1,-0.14339483590043978
CSF,MS,MS,29,TGACTAGAGCTGATAA-1-1,-0.30405527223520673
CSF,MS,MS,29,TGCGCAGGTAGCTAAA-1-1,-0.30405527223520673
CSF,MS,MS,29,TGCTGCTGTCTCGTTC-1-1,-0.30405527223520673
CSF,MS,MS,29,TTGACTTGTAGCTCCG-1-1,0.022898256396133854
CSF,MS,MS,29,TTTGTCATCTACCAGA-1-1,-0.10574148956882391
CSF,MS,MS,31,AAACCTGTCTGTCTAT-1,-0.16601048754083456
CSF,MS,MS,31,AAACGGGCATGGTAGG-1,0.048733463474604256
CSF,MS,MS,31,AAAGATGTCGCCTGTT-1,0.11068496534322846
CSF,MS,MS,31,AAAGCAACATTTGCTT-1,-0.1334089701697468
CSF,MS,MS,31,AAAGTAGAGGGTATCG-1,-0.11548139377040909
CSF,MS,MS,31,AAATGCCGTCCGAAGA-1,0.27612404365690535
CSF,MS,MS,31,AACACGTCATCTACGA-1,-0.10400723083236432
CSF,MS,MS,31,AACCATGGTTCATGGT-1,0.4881736925905957
CSF,MS,MS,31,AACCGCGCAGTCCTTC-1,0.0045186743111039285
CSF,MS,MS,31,AACGTTGTCCAATGGT-1,0.10532038762875584
CSF,MS,MS,31,AACTCAGGTCGGCATC-1,-0.14416545331368708
CSF,MS,MS,31,AACTCTTAGGCTACGA-1,-0.1595143543433326
CSF,MS,MS,31,AACTCTTCATCCAACA-1,-0.017251037418877818
CSF,MS,MS,31,AACTCTTGTACCGTAT-1,0.9186800482908003
CSF,MS,MS,31,AACTGGTCATGCAATC-1,-0.30405527223520673
CSF,MS,MS,31,AACTTTCAGTGTGGCA-1,0.16259187020924445
CSF,MS,MS,31,AACTTTCTCAACACTG-1,0.8519715368158012
CSF,MS,MS,31,AAGACCTCACCATCCT-1,0.09205478634884
CSF,MS,MS,31,AAGACCTTCCATGCTC-1,0.018135773055201105
CSF,MS,MS,31,AAGGAGCGTAAACGCG-1,-0.30405527223520673
CSF,MS,MS,31,AAGGAGCGTGTATGGG-1,0.4034184379325829
CSF,MS,MS,31,ACACTGAAGTACGACG-1,0.7104066597051281
CSF,MS,MS,31,ACAGCCGAGCTCCCAG-1,-0.1740721087163068
CSF,MS,MS,31,ACAGCTAAGTTCCACA-1,0.15758859105375672
CSF,MS,MS,31,ACATACGCATACTCTT-1,0.15142043767318972
CSF,MS,MS,31,ACCAGTAAGACCACGA-1,-0.30405527223520673
CSF,MS,MS,31,ACCAGTAAGAGCTTCT-1,0.11141957888878054
CSF,MS,MS,31,ACCCACTAGGCTAGCA-1,0.08916654857816274
CSF,MS,MS,31,ACGAGCCAGATGAGAG-1,0.826373746938743
CSF,MS,MS,31,ACGAGCCAGTATGACA-1,0.1455592912874112
CSF,MS,MS,31,ACGAGCCGTTAAAGAC-1,0.43648435751331327
CSF,MS,MS,31,ACGAGCCTCCTAGGGC-1,0.28805049987678955
CSF,MS,MS,31,ACGAGGACAATTCCTT-1,0.5364539428120179
CSF,MS,MS,31,ACGAGGACAGCTTCGG-1,-0.04085604428033534
CSF,MS,MS,31,ACGATGTTCAGCAACT-1,0.06945645282267372
CSF,MS,MS,31,ACGCAGCAGAGAACAG-1,0.1788393466006642
CSF,MS,MS,31,ACGCAGCAGGGATCTG-1,0.830555498125424
CSF,MS,MS,31,ACGCCAGAGCATCATC-1,0.6691077300958775
CSF,MS,MS,31,ACGCCAGAGTCGTACT-1,0.03586368080272146
CSF,MS,MS,31,ACGCCAGCACTGAAGG-1,-0.0016117069048739202
CSF,MS,MS,31,ACGCCAGCATTGAGCT-1,-0.13318389665432145
CSF,MS,MS,31,ACGCCAGGTCGGATCC-1,0.2934485960631491
CSF,MS,MS,31,ACGCCGACACATAACC-1,-0.13715201735560867
CSF,MS,MS,31,ACGGCCAGTTTGTGTG-1,-0.30405527223520673
CSF,MS,MS,31,ACGGGCTAGAGACTTA-1,-0.15360142304465568
CSF,MS,MS,31,ACGGGCTTCAGTTAGC-1,0.13355639944285966
CSF,MS,MS,31,ACGGGTCGTCCAGTAT-1,-0.19311157563902404
CSF,MS,MS,31,ACTATCTTCGAGGTAG-1,-0.06892932204303266
CSF,MS,MS,31,ACTGAACAGCTAACAA-1,0.16012628709486373
CSF,MS,MS,31,ACTGAACCACATCCGG-1,-0.0356725929620254
CSF,MS,MS,31,ACTGATGCAGTGACAG-1,-0.30405527223520673
CSF,MS,MS,31,ACTGCTCGTGTTAAGA-1,0.41455006862594507
CSF,MS,MS,31,ACTGCTCTCAATCTCT-1,0.007066685430533305
CSF,MS,MS,31,ACTTACTAGATATACG-1,0.08894388512221174
CSF,MS,MS,31,ACTTACTTCAGAGCTT-1,0.4914120783504451
CSF,MS,MS,31,AGAATAGGTGCCTGGT-1,0.4675467055420189
CSF,MS,MS,31,AGACGTTGTAGAGTGC-1,-0.30405527223520673
CSF,MS,MS,31,AGAGCTTGTGCGCTTG-1,-0.30405527223520673
CSF,MS,MS,31,AGCAGCCAGGAGTTTA-1,-0.1885562871542228
CSF,MS,MS,31,AGCAGCCCAGCTGTTA-1,0.12189608952642107
CSF,MS,MS,31,AGCGTATGTAGCTAAA-1,0.23394912350421368
CSF,MS,MS,31,AGCGTCGCAAGCCGCT-1,0.22262362707928546
CSF,MS,MS,31,AGCTCTCAGTTGTAGA-1,-0.03364696152668863
CSF,MS,MS,31,AGCTCTCCAAAGCAAT-1,0.5272954390798968
CSF,MS,MS,31,AGGCCACGTTCCACAA-1,0.35734299509296513
CSF,MS,MS,31,AGGCCACTCTTCTGGC-1,0.7809654069894105
CSF,MS,MS,31,AGGGATGCAACTGGCC-1,-0.30405527223520673
CSF,MS,MS,31,AGGGATGCAGCTATTG-1,-0.30405527223520673
CSF,MS,MS,31,AGGTCCGGTAGCGATG-1,-0.00018052109498058387
CSF,MS,MS,31,AGGTCCGGTTGTGGAG-1,0.2629407065852855
CSF,MS,MS,31,AGGTCCGTCTTGAGGT-1,-0.03725447428762133
CSF,MS,MS,31,AGTGAGGGTGCACTTA-1,0.37575817465255884
CSF,MS,MS,31,AGTTGGTCACCGAATT-1,-0.1586438532203947
CSF,MS,MS,31,ATAACGCCAGCATACT-1,0.13990458097239636
CSF,MS,MS,31,ATCACGAGTGATGATA-1,0.395679878934227
CSF,MS,MS,31,ATCATCTAGCGATAGC-1,0.5044036337652293
CSF,MS,MS,31,ATCATCTAGGGAACGG-1,-0.07463273989788761
CSF,MS,MS,31,ATCATCTGTGGTTTCA-1,-0.05277870677031519
CSF,MS,MS,31,ATCATGGCACCTTGTC-1,0.08760895497700906
CSF,MS,MS,31,ATCATGGGTTACGTCA-1,0.2646892656515884
CSF,MS,MS,31,ATCCACCCAATGAAAC-1,-0.30405527223520673
CSF,MS,MS,31,ATCCACCGTTCAGCGC-1,-0.15286088885312685
CSF,MS,MS,31,ATCCGAACAAGGACTG-1,0.22071722148167755
CSF,MS,MS,31,ATCGAGTAGTAAGTAC-1,0.08192202313577286
CSF,MS,MS,31,ATGAGGGAGCTTATCG-1,-0.11959187496961535
CSF,MS,MS,31,ATGGGAGGTACAAGTA-1,-0.30405527223520673
CSF,MS,MS,31,ATTACTCAGGCACATG-1,0.020248274604628826
CSF,MS,MS,31,ATTACTCAGGCGACAT-1,-0.08232630137719234
CSF,MS,MS,31,ATTATCCTCCTTTCTC-1,0.3023389869174253
CSF,MS,MS,31,ATTCTACAGGATGCGT-1,0.45227082124858536
CSF,MS,MS,31,ATTTCTGGTAAATACG-1,-0.1193901093028056
CSF,MS,MS,31,ATTTCTGGTTATCACG-1,-0.1795504847288199
CSF,MS,MS,31,CAACCTCCACGGCGTT-1,0.15001379797601846
CSF,MS,MS,31,CAACCTCTCGGCGCTA-1,-0.1481970882002319
CSF,MS,MS,31,CAACTAGGTAATTGGA-1,-0.11808891467676379
CSF,MS,MS,31,CAAGATCTCCCTGACT-1,0.08908159096862676
CSF,MS,MS,31,CAAGGCCGTCACCCAG-1,-0.14187253797632776
CSF,MS,MS,31,CAAGTTGAGGATGCGT-1,-0.08391835962307179
CSF,MS,MS,31,CACACAACATGCTAGT-1,-0.30405527223520673
CSF,MS,MS,31,CACACTCAGCCCAATT-1,0.1596192923592332
CSF,MS,MS,31,CACACTCGTGCTCTTC-1,-0.1510410201805155
CSF,MS,MS,31,CACAGGCAGTGGTAAT-1,-0.11959585496210699
CSF,MS,MS,31,CACATTTTCGGAGCAA-1,0.06178392010524065
CSF,MS,MS,31,CACATTTTCTAAGCCA-1,0.6189041627243254
CSF,MS,MS,31,CACATTTTCTATCGCC-1,-0.30405527223520673
CSF,MS,MS,31,CACCACTGTCGCGAAA-1,0.8232243802309076
CSF,MS,MS,31,CACCAGGTCACTTATC-1,0.16316942335589932
CSF,MS,MS,31,CACCTTGGTAACGTTC-1,0.10897889909210204
CSF,MS,MS,31,CACTCCAAGTGCAAGC-1,-0.30405527223520673
CSF,MS,MS,31,CAGATCAGTCTAGGTT-1,-0.30405527223520673
CSF,MS,MS,31,CAGATCATCGGACAAG-1,0.31623461341745085
CSF,MS,MS,31,CAGCATAAGTCGTACT-1,-0.14688278063822713
CSF,MS,MS,31,CAGGTGCCAACACCCG-1,0.43631644855280893
CSF,MS,MS,31,CATATGGAGACTAGGC-1,-0.30405527223520673
CSF,MS,MS,31,CATATGGTCGTTTAGG-1,0.14940013873007382
CSF,MS,MS,31,CATCAAGAGCTAAACA-1,0.11105111170735993
CSF,MS,MS,31,CATCAAGGTGCTAGCC-1,-0.17347584343634923
CSF,MS,MS,31,CATCAGAAGTTAGGTA-1,-0.30405527223520673
CSF,MS,MS,31,CATCAGATCACCCTCA-1,0.017719195889998436
CSF,MS,MS,31,CATCAGATCTTTCCTC-1,0.6882338500867136
CSF,MS,MS,31,CATCGAAGTCTAGCGC-1,0.1451155254961695
CSF,MS,MS,31,CATCGAATCATGTCTT-1,0.7439172497441112
CSF,MS,MS,31,CATGACATCCTCAACC-1,-0.11938234001005846
CSF,MS,MS,31,CATGCCTAGGTAAACT-1,0.7118807096313572
CSF,MS,MS,31,CATGGCGCAAGCTGTT-1,-0.07042620076318133
CSF,MS,MS,31,CATTATCAGTCCGTAT-1,0.08014680734521494
CSF,MS,MS,31,CATTCGCAGCTAACTC-1,0.6030074957707295
CSF,MS,MS,31,CATTCGCAGTGCAAGC-1,0.17562938306696813
CSF,MS,MS,31,CCACCTATCCACTCCA-1,-0.30405527223520673
CSF,MS,MS,31,CCACTACAGCGGATCA-1,-0.30405527223520673
CSF,MS,MS,31,CCAGCGACAAACGCGA-1,0.1258610231064093
CSF,MS,MS,31,CCATGTCGTATCGCAT-1,-0.30405527223520673
CSF,MS,MS,31,CCATGTCTCGTGGACC-1,-0.06903037381469779
CSF,MS,MS,31,CCCAGTTCACTTACGA-1,-0.00853037780365497
CSF,MS,MS,31,CCCAGTTGTTGAGGTG-1,-0.30405527223520673
CSF,MS,MS,31,CCGGTAGCACGGATAG-1,-0.30405527223520673
CSF,MS,MS,31,CCGTACTCACTGTGTA-1,0.06690925073521474
CSF,MS,MS,31,CCGTGGACAGCATACT-1,-0.11174389652070414
CSF,MS,MS,31,CCGTGGAGTCGGCACT-1,-0.30405527223520673
CSF,MS,MS,31,CCGTTCAAGAGTGACC-1,0.2850350839960395
CSF,MS,MS,31,CCTACACCAGTGACAG-1,0.7335328219303302
CSF,MS,MS,31,CCTAGCTAGCGCTTAT-1,0.3218231676675866
CSF,MS,MS,31,CCTATTACATACTACG-1,-0.30405527223520673
CSF,MS,MS,31,CCTATTAGTACTTCTT-1,0.3641267652273328
CSF,MS,MS,31,CCTCAGTGTCGGGTCT-1,0.059387186403790086
CSF,MS,MS,31,CCTTACGCATCCCACT-1,0.18139062254661445
CSF,MS,MS,31,CGAATGTCAGTGGAGT-1,0.0833906643948346
CSF,MS,MS,31,CGAATGTTCGCGGATC-1,-0.30405527223520673
CSF,MS,MS,31,CGACCTTCAATCAGAA-1,0.4442847347528976
CSF,MS,MS,31,CGAGAAGGTATAATGG-1,0.42656478145692184
CSF,MS,MS,31,CGAGCACCAGCTGGCT-1,-0.30405527223520673
CSF,MS,MS,31,CGAGCCAGTCTACCTC-1,0.1012960635804432
CSF,MS,MS,31,CGAGCCAGTGAGGCTA-1,-0.30405527223520673
CSF,MS,MS,31,CGATGGCTCGTTTAGG-1,0.02740859999469106
CSF,MS,MS,31,CGCCAAGGTACACCGC-1,-0.2033339380848452
CSF,MS,MS,31,CGCTATCTCAGCCTAA-1,0.2640929511877649
CSF,MS,MS,31,CGCTGGAAGGTGTTAA-1,0.5183118368389995
CSF,MS,MS,31,CGCTGGAGTTAAGAAC-1,-0.13517863439649178
CSF,MS,MS,31,CGGACTGAGATCTGCT-1,-0.12393709316629077
CSF,MS,MS,31,CGGACTGAGGGATACC-1,0.20331096682242844
CSF,MS,MS,31,CGGCTAGCATGAGCGA-1,0.7382669107618695
CSF,MS,MS,31,CGGGTCAAGCGTTGCC-1,0.3040718310350865
CSF,MS,MS,31,CGGGTCAGTTCACGGC-1,-0.005371281686409657
CSF,MS,MS,31,CGGTTAAAGGACGAAA-1,0.4879794484940692
CSF,MS,MS,31,CGTAGCGGTGACGGTA-1,0.44905883358041876
CSF,MS,MS,31,CGTAGGCGTACCATCA-1,0.04787796561375427
CSF,MS,MS,31,CGTCACTAGATATGGT-1,-0.10577876832551937
CSF,MS,MS,31,CGTCACTTCTTGAGGT-1,0.45421457131079757
CSF,MS,MS,31,CGTCAGGCAGGCTGAA-1,-0.30405527223520673
CSF,MS,MS,31,CGTCAGGGTTGGACCC-1,-0.30405527223520673
CSF,MS,MS,31,CGTGAGCAGACGCACA-1,-0.30405527223520673
CSF,MS,MS,31,CGTGAGCCACGGTAAG-1,0.27601163569442827
CSF,MS,MS,31,CGTGAGCGTTCGAATC-1,0.9897520983962552
CSF,MS,MS,31,CGTGTAACAGAGCCAA-1,-0.1564858879175063
CSF,MS,MS,31,CGTTAGAGTGCACTTA-1,0.05177377704340902
CSF,MS,MS,31,CTAAGACTCTACTCAT-1,-0.30405527223520673
CSF,MS,MS,31,CTAATGGGTAGAAAGG-1,0.10741231136392418
CSF,MS,MS,31,CTACCCAAGGGAAACA-1,-0.058715710029169865
CSF,MS,MS,31,CTAGAGTAGCCTCGTG-1,0.3680861480049966
CSF,MS,MS,31,CTAGCCTCATGTCTCC-1,1.0445556269986818
CSF,MS,MS,31,CTAGCCTGTTCAGACT-1,-0.30405527223520673
CSF,MS,MS,31,CTCACACCAAGCCATT-1,-0.30405527223520673
CSF,MS,MS,31,CTCACACTCCAGAGGA-1,0.07933352839846212
CSF,MS,MS,31,CTCAGAAAGATCACGG-1,0.08852415550137986
CSF,MS,MS,31,CTCATTACAGCTCGCA-1,-0.1427648970711311
CSF,MS,MS,31,CTCATTACATGGTTGT-1,0.0026907008459861365
CSF,MS,MS,31,CTCATTAGTGATAAAC-1,-0.01890824290714453
CSF,MS,MS,31,CTCATTATCACAATGC-1,-0.30405527223520673
CSF,MS,MS,31,CTCCTAGAGAAGGCCT-1,-0.30405527223520673
CSF,MS,MS,31,CTCGAAAGTACATCCA-1,-0.10018912487569434
CSF,MS,MS,31,CTCGAGGCAGCCTATA-1,0.20317943816445702
CSF,MS,MS,31,CTCGTACTCAAACCGT-1,-0.11225247469321323
CSF,MS,MS,31,CTCGTACTCACTCTTA-1,0.6952342200459265
CSF,MS,MS,31,CTCTACGCATACCATG-1,-0.30405527223520673
CSF,MS,MS,31,CTGAAACAGCGATTCT-1,0.18259668961591574
CSF,MS,MS,31,CTGATAGAGGGTCTCC-1,0.5721108795775642
CSF,MS,MS,31,CTGATAGGTACAGTGG-1,0.39217928654215817
CSF,MS,MS,31,CTGCCTATCGAATCCA-1,0.21052980184165643
CSF,MS,MS,31,CTGCGGATCCAAACTG-1,0.1680458554109458
CSF,MS,MS,31,CTGGTCTAGTGCAAGC-1,0.7668523991966492
CSF,MS,MS,31,CTTAGGATCACGATGT-1,-0.1151569439731129
CSF,MS,MS,31,CTTCTCTGTGCAGTAG-1,0.2089208839481267
CSF,MS,MS,31,CTTCTCTTCCTGCAGG-1,-1.8744601150620455e-07
CSF,MS,MS,31,CTTGGCTTCCTTTCGG-1,0.07662228131406161
CSF,MS,MS,31,GAAACTCAGCTGGAAC-1,0.06740319119836129
CSF,MS,MS,31,GAACATCGTTCTGAAC-1,0.2292252727536493
CSF,MS,MS,31,GAACGGATCGCGGATC-1,-0.09535849864166183
CSF,MS,MS,31,GAACGGATCTATGTGG-1,0.10833546918500059
CSF,MS,MS,31,GACACGCCACGGATAG-1,-0.08435816505920433
CSF,MS,MS,31,GACACGCGTGGTACAG-1,0.13284458831276397
CSF,MS,MS,31,GACACGCGTTACGCGC-1,-0.30405527223520673
CSF,MS,MS,31,GACAGAGAGAGCTTCT-1,-0.11084949637479354
CSF,MS,MS,31,GACCAATCACGCGAAA-1,0.09283096467301286
CSF,MS,MS,31,GACGCGTCAGGAACGT-1,-0.30405527223520673
CSF,MS,MS,31,GACGGCTTCAAGATCC-1,-0.1751686676055529
CSF,MS,MS,31,GACGTGCCAACTGGCC-1,-0.056588654040818774
CSF,MS,MS,31,GACGTGCCATCACAAC-1,-0.11201557143856819
CSF,MS,MS,31,GACGTGCTCCACGTGG-1,0.13168150640234672
CSF,MS,MS,31,GACGTTAAGGCTAGGT-1,-0.30405527223520673
CSF,MS,MS,31,GACGTTATCCGTAGTA-1,0.30062404590830905
CSF,MS,MS,31,GACTAACCACGTTGGC-1,-0.30405527223520673
CSF,MS,MS,31,GACTAACTCTGTTTGT-1,0.764375173606628
CSF,MS,MS,31,GACTAACTCTTTACAC-1,0.3429582147498565
CSF,MS,MS,31,GACTACAGTTTCGCTC-1,-0.11865408375433138
CSF,MS,MS,31,GAGCAGACACAACGTT-1,0.21901023114908763
CSF,MS,MS,31,GAGCAGACATTAGGCT-1,-0.04867635338766333
CSF,MS,MS,31,GAGTCCGTCAGAGGTG-1,0.07462498930750026
CSF,MS,MS,31,GATCGCGCAATGGAAT-1,0.2845019979099391
CSF,MS,MS,31,GATCGCGTCACCTTAT-1,-0.03337010240495083
CSF,MS,MS,31,GATGAAAAGGCAGGTT-1,-0.30405527223520673
CSF,MS,MS,31,GATGAAACAAGCGAGT-1,0.31279996309542846
CSF,MS,MS,31,GATGAAAGTTATTCTC-1,0.21881448730460493
CSF,MS,MS,31,GATGCTAGTTATGCGT-1,0.7437289466803892
CSF,MS,MS,31,GATTCAGAGCTAGTGG-1,-0.09163911826686741
CSF,MS,MS,31,GCAATCACAGGCTGAA-1,0.1491433755409184
CSF,MS,MS,31,GCAATCACAGTACACT-1,-0.06022069573645927
CSF,MS,MS,31,GCAATCATCGGTTAAC-1,0.13903872717146346
CSF,MS,MS,31,GCAATCATCTGATACG-1,0.03079891541944058
CSF,MS,MS,31,GCACATACATCGATTG-1,-0.30405527223520673
CSF,MS,MS,31,GCACATAGTCGATTGT-1,0.29654980440969153
CSF,MS,MS,31,GCAGCCATCCACGTGG-1,0.28703276347833756
CSF,MS,MS,31,GCATACAAGGTCATCT-1,0.42339896140128364
CSF,MS,MS,31,GCATGATTCTTCGAGA-1,0.15408220300714648
CSF,MS,MS,31,GCATGCGAGAACAACT-1,0.1272091503166823
CSF,MS,MS,31,GCATGCGCACAAGCCC-1,0.2280992492566972
CSF,MS,MS,31,GCATGTACAGGGATTG-1,0.8897000824392608
CSF,MS,MS,31,GCATGTAGTCACTGGC-1,0.32445355917085184
CSF,MS,MS,31,GCATGTATCTGATACG-1,0.721836853467674
CSF,MS,MS,31,GCCAAATCATACTACG-1,0.44146629560679845
CSF,MS,MS,31,GCCAAATCATCAGTAC-1,-0.10603587946641158
CSF,MS,MS,31,GCCAAATGTTTGGCGC-1,0.2385286108150848
CSF,MS,MS,31,GCCAAATTCTGGTGTA-1,0.8042561116284351
CSF,MS,MS,31,GCCTCTAGTATGGTTC-1,0.7174425779743742
CSF,MS,MS,31,GCCTCTAGTTTGTGTG-1,-0.16719279543648122
CSF,MS,MS,31,GCGCAGTAGCTAACTC-1,0.2787868085464784
CSF,MS,MS,31,GCGCAGTTCAGAGGTG-1,0.10229653988132015
CSF,MS,MS,31,GCGCCAAGTAGCGTAG-1,-0.004183906070393476
CSF,MS,MS,31,GCTGCTTCAGACGCCT-1,-0.07099417128314342
CSF,MS,MS,31,GCTGGGTCATGCTAGT-1,-0.14860460930274547
CSF,MS,MS,31,GCTGGGTTCTCTGTCG-1,0.06331686394262136
CSF,MS,MS,31,GCTTGAACATCTACGA-1,0.07675120218568178
CSF,MS,MS,31,GCTTGAAGTAGCCTCG-1,-0.30405527223520673
CSF,MS,MS,31,GGAATAATCAAGAAGT-1,-0.0932880353759958
CSF,MS,MS,31,GGACAAGAGGCAGGTT-1,0.23721306879839302
CSF,MS,MS,31,GGACAAGGTCAAAGCG-1,-0.30405527223520673
CSF,MS,MS,31,GGACAGACAAGGGTCA-1,-0.031285526705210356
CSF,MS,MS,31,GGACAGACAGAGTGTG-1,0.5064611092339132
CSF,MS,MS,31,GGATGTTAGATGCCAG-1,-0.1671693754676807
CSF,MS,MS,31,GGATGTTGTTCCACAA-1,-0.19888953431801476
CSF,MS,MS,31,GGATTACTCCGCGGTA-1,-0.30405527223520673
CSF,MS,MS,31,GGCCGATAGATTACCC-1,0.08811704434593177
CSF,MS,MS,31,GGCCGATTCCGAATGT-1,-0.03626181509485231
CSF,MS,MS,31,GGCGACTAGGCTAGCA-1,-0.30405527223520673
CSF,MS,MS,31,GGCGTGTCAATGAATG-1,0.030640580207580932
CSF,MS,MS,31,GGCGTGTCATGATCCA-1,0.13580350764433613
CSF,MS,MS,31,GGCGTGTGTCGACTAT-1,0.027654271481246377
CSF,MS,MS,31,GGCTGGTGTGCGAAAC-1,-0.30405527223520673
CSF,MS,MS,31,GGGAATGAGATCTGCT-1,-0.30405527223520673
CSF,MS,MS,31,GGGACCTGTACTTAGC-1,0.5470977346598022
CSF,MS,MS,31,GGGAGATCACCGAAAG-1,0.38922614947031126
CSF,MS,MS,31,GGGCACTCACGGACAA-1,-0.19501708269454163
CSF,MS,MS,31,GGGCATCTCCTTGCCA-1,0.3182304488509386
CSF,MS,MS,31,GGGTCTGAGTAATCCC-1,-0.08073359369376412
CSF,MS,MS,31,GGGTCTGGTACACCGC-1,0.8882326735812783
CSF,MS,MS,31,GGGTCTGGTATTCGTG-1,-0.012045894447706469
CSF,MS,MS,31,GTAACGTTCGATCCCT-1,0.10860605095286122
CSF,MS,MS,31,GTAACTGGTCCTAGCG-1,0.8430723065671675
CSF,MS,MS,31,GTACGTACACTTACGA-1,-0.30405527223520673
CSF,MS,MS,31,GTACTCCAGAAAGTGG-1,0.013006935825305448
CSF,MS,MS,31,GTAGGCCTCATGCTCC-1,-0.1464814408569985
CSF,MS,MS,31,GTAGTCAGTCTCCCTA-1,-0.30405527223520673
CSF,MS,MS,31,GTATTCTTCCTACAGA-1,0.2964472729846025
CSF,MS,MS,31,GTCACAAAGCGGCTTC-1,0.09586246550364975
CSF,MS,MS,31,GTCACAAAGGCGACAT-1,0.17658192385411575
CSF,MS,MS,31,GTCCTCACATTATCTC-1,-0.10970141847810895
CSF,MS,MS,31,GTCGGGTGTGTTAAGA-1,-0.06596023910407221
CSF,MS,MS,31,GTCGGGTTCCACGACG-1,0.029656941378531063
CSF,MS,MS,31,GTCTCGTAGTTATCGC-1,-0.30405527223520673
CSF,MS,MS,31,GTCTCGTGTTGATTCG-1,-0.12813552616396354
CSF,MS,MS,31,GTGAAGGCAATGGAGC-1,0.6927323682692171
CSF,MS,MS,31,GTGAAGGGTAAGTGTA-1,0.18921379035616304
CSF,MS,MS,31,GTGCAGCAGCGTCAAG-1,0.022548727051896315
CSF,MS,MS,31,GTGCAGCTCCAGTATG-1,-0.03328946210625784
CSF,MS,MS,31,GTGCATAAGCGAAGGG-1,0.28467476340137843
CSF,MS,MS,31,GTGCGGTCATTAACCG-1,0.9122948902333391
CSF,MS,MS,31,GTGCGGTGTAGCTCCG-1,0.2749066269777625
CSF,MS,MS,31,GTGGGTCAGAGCTGGT-1,-0.30405527223520673
CSF,MS,MS,31,GTTAAGCCACACAGAG-1,-0.30405527223520673
CSF,MS,MS,31,GTTACAGCAAGTCATC-1,0.09751540191750988
CSF,MS,MS,31,GTTACAGTCTTAGAGC-1,-0.19848107597336165
CSF,MS,MS,31,GTTCATTAGTACTTGC-1,0.6829409210426391
CSF,MS,MS,31,GTTCGGGGTAGAAAGG-1,0.0010336380184440865
CSF,MS,MS,31,GTTTCTACATTATCTC-1,-0.30405527223520673
CSF,MS,MS,31,TAAACCGGTCCTCCAT-1,-0.30405527223520673
CSF,MS,MS,31,TAAGTGCAGGCCCGTT-1,-0.30405527223520673
CSF,MS,MS,31,TACACGAAGCCAGTTT-1,0.2241154439214665
CSF,MS,MS,31,TACACGAAGTTAAGTG-1,0.16889032689686442
CSF,MS,MS,31,TACACGATCTAACGGT-1,0.27877796010258604
CSF,MS,MS,31,TACAGTGAGAAGGGTA-1,-0.20392473907842332
CSF,MS,MS,31,TACCTATAGGATATAC-1,-0.30405527223520673
CSF,MS,MS,31,TACGGGCAGCAGACTG-1,0.16734139344627078
CSF,MS,MS,31,TACGGTAGTGACTACT-1,-0.10208658890755777
CSF,MS,MS,31,TACTCGCTCAGTACGT-1,0.9830353156734629
CSF,MS,MS,31,TAGACCATCTTACCTA-1,0.7473353086849093
CSF,MS,MS,31,TAGCCGGAGCGGCTTC-1,-0.09167664214879488
CSF,MS,MS,31,TAGCCGGAGGCAAAGA-1,0.25459214786970813
CSF,MS,MS,31,TAGTGGTAGTGGGATC-1,0.3177260221907314
CSF,MS,MS,31,TAGTTGGCAATGACCT-1,-0.18405698159076664
CSF,MS,MS,31,TATCAGGAGATAGGAG-1,-0.013489924791606942
CSF,MS,MS,31,TATCAGGAGCAGCGTA-1,0.20870351338319634
CSF,MS,MS,31,TATCTCAAGACAGGCT-1,0.8744660222331232
CSF,MS,MS,31,TATCTCAGTAGGGTAC-1,-0.30405527223520673
CSF,MS,MS,31,TATTACCAGATATGGT-1,-0.30405527223520673
CSF,MS,MS,31,TATTACCCATTACCTT-1,-0.19333454078465412
CSF,MS,MS,31,TCAACGAGTACTTGAC-1,0.5401416943790484
CSF,MS,MS,31,TCACAAGTCCTGCCAT-1,0.19045346248057468
CSF,MS,MS,31,TCAGGATAGGTGTGGT-1,0.3117301415088657
CSF,MS,MS,31,TCAGGATCAATGAATG-1,0.292349680076841
CSF,MS,MS,31,TCAGGTAGTGATGCCC-1,0.21667975994411057
CSF,MS,MS,31,TCATTTGCATTCGACA-1,0.05768132752254995
CSF,MS,MS,31,TCCCGATAGTGCAAGC-1,0.6503066472970456
CSF,MS,MS,31,TCGCGTTCAAGCGAGT-1,0.03725872586043636
CSF,MS,MS,31,TCGCGTTCAAGCTGTT-1,-0.30405527223520673
CSF,MS,MS,31,TCGGGACCAGCTGCTG-1,0.8397875066503653
CSF,MS,MS,31,TCGGGACTCCTTCAAT-1,-0.11907280867846658
CSF,MS,MS,31,TCGGTAAGTAGAGCTG-1,0.2025647923002933
CSF,MS,MS,31,TCTCATATCACGACTA-1,0.2454329142191965
CSF,MS,MS,31,TCTCTAAAGACACGAC-1,-0.12505826982913584
CSF,MS,MS,31,TCTGAGATCACCATAG-1,0.14685405726583184
CSF,MS,MS,31,TCTTCGGAGAGAACAG-1,0.30905111233120236
CSF,MS,MS,31,TCTTTCCAGGCAGGTT-1,0.278017680819649
CSF,MS,MS,31,TGAAAGATCTGCGACG-1,0.3823650055017182
CSF,MS,MS,31,TGACTAGGTTATGTGC-1,0.5543829257921004
CSF,MS,MS,31,TGACTTTAGACCTTTG-1,-0.17176335379863242
CSF,MS,MS,31,TGACTTTTCGTCCGTT-1,-0.020975875061095186
CSF,MS,MS,31,TGAGCATCATTACCTT-1,0.20820769253514657
CSF,MS,MS,31,TGAGCCGAGTGGGTTG-1,0.12212867348824727
CSF,MS,MS,31,TGATTTCTCAATCACG-1,0.6843019314168632
CSF,MS,MS,31,TGCACCTTCATGTGGT-1,0.04245011558040663
CSF,MS,MS,31,TGCCAAATCATCTGTT-1,0.20983257231114952
CSF,MS,MS,31,TGCCAAATCGGTCCGA-1,-0.12122989750204581
CSF,MS,MS,31,TGCCCTAGTGCACTTA-1,-0.12196713412789396
CSF,MS,MS,31,TGCCCTAGTTGGAGGT-1,0.674195126817632
CSF,MS,MS,31,TGCGCAGAGGCTAGCA-1,0.20302088913477354
CSF,MS,MS,31,TGCGCAGTCGTCCGTT-1,-0.17299432817036037
CSF,MS,MS,31,TGCTGCTAGCTGAAAT-1,-0.03600746218842432
CSF,MS,MS,31,TGCTGCTCAGCTCCGA-1,-0.30405527223520673
CSF,MS,MS,31,TGGCCAGTCAGTTGAC-1,0.42348868796674993
CSF,MS,MS,31,TGGGAAGGTGGAAAGA-1,-0.30405527223520673
CSF,MS,MS,31,TGGGCGTCATGGAATA-1,-0.09084664215680185
CSF,MS,MS,31,TGGTTCCGTTATGTGC-1,-0.30405527223520673
CSF,MS,MS,31,TGTATTCAGGGTTCCC-1,-0.30405527223520673
CSF,MS,MS,31,TGTATTCGTGGGTCAA-1,0.10926540387661517
CSF,MS,MS,31,TGTCCCAAGCGACGTA-1,0.32893063197328626
CSF,MS,MS,31,TGTCCCACAAGTTCTG-1,-0.013406405669912283
CSF,MS,MS,31,TGTCCCATCTGTCTCG-1,0.20140638557288856
CSF,MS,MS,31,TGTGGTATCGGCGGTT-1,0.2521553955318314
CSF,MS,MS,31,TGTGTTTAGTCATCCA-1,0.36523605752035593
CSF,MS,MS,31,TGTTCCGGTAGGCATG-1,-0.09756671646830087
CSF,MS,MS,31,TTAACTCAGGACAGCT-1,-0.30405527223520673
CSF,MS,MS,31,TTAGGACCAAGCGTAG-1,0.08256036802605783
CSF,MS,MS,31,TTAGGACCACAACGTT-1,-0.30405527223520673
CSF,MS,MS,31,TTAGGCAAGATGTGTA-1,1.3546492143171525
CSF,MS,MS,31,TTAGGCACACGCATCG-1,0.15313023822377408
CSF,MS,MS,31,TTAGGCAGTGCGATAG-1,0.40223176392828747
CSF,MS,MS,31,TTAGTTCGTCACACGC-1,-0.20254194559212138
CSF,MS,MS,31,TTCCCAGTCATTGCGA-1,-0.30405527223520673
CSF,MS,MS,31,TTCCCAGTCGGCGCTA-1,0.2905914836196857
CSF,MS,MS,31,TTCTCAAAGATTACCC-1,0.19297999266763574
CSF,MS,MS,31,TTCTTAGAGACACGAC-1,0.4037540371388807
CSF,MS,MS,31,TTCTTAGCATACTCTT-1,0.3705375634699171
CSF,MS,MS,31,TTGAACGTCTATCCCG-1,-0.30405527223520673
CSF,MS,MS,31,TTGAACGTCTGCCCTA-1,0.02405040223357743
CSF,MS,MS,31,TTGCCGTGTAAAGGAG-1,-0.30405527223520673
CSF,MS,MS,31,TTGCCGTGTAACGCGA-1,-0.0618976120006148
CSF,MS,MS,31,TTGCCGTGTCTAGTGT-1,-0.15332297946237322
CSF,MS,MS,31,TTGCGTCGTAATCACC-1,0.08827730699456693
CSF,MS,MS,31,TTGGCAAAGGGATACC-1,0.20547997693618372
CSF,MS,MS,31,TTTATGCGTCTCAACA-1,-0.008780750735333258
CSF,MS,MS,31,TTTCCTCCAGGTGCCT-1,0.008557441121725105
CSF,MS,MS,31,TTTCCTCGTCTTGCGG-1,0.4555083397837256
CSF,MS,MS,31,TTTCCTCTCTGAGGGA-1,0.1977330373228309
CSF,MS,MS,31,TTTGCGCTCTTTACGT-1,0.19991075568346472
CSF,MS,MS,31,TTTGTCACAAGCCGCT-1,0.2916390661630442
CSF,MS,MS,31,TTTGTCACACCACGTG-1,0.07688270885674282
PB,MS,MS,6,AAACGGGTCTGGCGAC-1,-0.30405527223520673
PB,MS,MS,6,AACACGTAGATCTGCT-1,0.0833973765995958
PB,MS,MS,6,AACGTTGGTACGCTGC-1-2,0.22213676620256248
PB,MS,MS,6,AACGTTGTCAGGCAAG-1,0.18262399169932594
PB,MS,MS,6,AACTCTTGTACTTCTT-1,-0.2013750325468455
PB,MS,MS,6,AACTCTTTCATGTGGT-1,0.5886922983482529
PB,MS,MS,6,AACTTTCGTTAAAGTG-1,-0.10196002129909519
PB,MS,MS,6,AAGACCTGTTATCACG-1,0.26172606055965597
PB,MS,MS,6,AATCCAGTCGAGAGCA-1,0.12906261320281034
PB,MS,MS,6,ACACTGAGTAAGGGCT-1,0.07184997493112535
PB,MS,MS,6,ACATCAGTCGTAGGAG-1,0.05093615821624549
PB,MS,MS,6,ACCAGTATCATGCTCC-1,-0.12895257802258836
PB,MS,MS,6,ACGAGGAAGCGTCAAG-1,0.2792310628831967
PB,MS,MS,6,ACGAGGATCTCAAGTG-1,0.0722821275374499
PB,MS,MS,6,ACGATACAGTCTTGCA-1,-0.18234675396322322
PB,MS,MS,6,ACGATACGTGCTTCTC-1,-0.30405527223520673
PB,MS,MS,6,ACGCCAGCAGTTAACC-1,0.29988664921605895
PB,MS,MS,6,ACGCCGAAGTTCCACA-1,0.188436410964004
PB,MS,MS,6,ACGGAGATCCCGACTT-1,-0.024257981316955786
PB,MS,MS,6,ACGGCCACAAAGGCGT-1,-0.0902183577643126
PB,MS,MS,6,ACGGGCTCACGGCTAC-1,0.33770372616269884
PB,MS,MS,6,ACGTCAACAATAACGA-1,0.011994892241442377
PB,MS,MS,6,ACGTCAATCACCTCGT-1,0.2819758094359444
PB,MS,MS,6,ACTATCTGTCTGGAGA-1,0.18280475687741585
PB,MS,MS,6,ACTATCTGTTTGTTGG-1,0.08980419747967405
PB,MS,MS,6,ACTGATGAGCTGCGAA-1,0.3462240907281946
PB,MS,MS,6,ACTGATGTCTATGTGG-1,0.16508323434000327
PB,MS,MS,6,ACTTGTTCAGTCGATT-1,-0.30405527223520673
PB,MS,MS,6,AGAATAGCAAAGGAAG-1,0.23516422530502235
PB,MS,MS,6,AGATCTGTCGTTGACA-1,-0.30405527223520673
PB,MS,MS,6,AGATTGCCAGACGTAG-1,0.628562610465192
PB,MS,MS,6,AGGTCATAGATAGCAT-1,0.02675768340873625
PB,MS,MS,6,AGGTCCGAGGGCTTCC-1,0.2418270566631926
PB,MS,MS,6,AGTGAGGAGGAGTTTA-1,0.6351313394801638
PB,MS,MS,6,ATAACGCGTAGGAGTC-1,-0.10357458877405047
PB,MS,MS,6,ATAAGAGTCGAGCCCA-1,-0.07654185497396113
PB,MS,MS,6,ATCACGAGTACGACCC-1,-0.015555370159335866
PB,MS,MS,6,ATCATCTTCACTCCTG-1,0.1953729800871705
PB,MS,MS,6,ATCATGGGTTCCGGCA-1,-0.11198228016095386
PB,MS,MS,6,ATGAGGGGTAAGAGAG-1,0.0766103079347901
PB,MS,MS,6,ATGCGATGTCCCTTGT-1-1,0.5735688002265433
PB,MS,MS,6,ATTACTCCAGTGGGAT-1,-0.019328827219008558
PB,MS,MS,6,ATTATCCGTCTTCAAG-1,0.26850881345560346
PB,MS,MS,6,ATTGGTGAGACTGGGT-1,0.4594469962955023
PB,MS,MS,6,CAACCAAAGTCCATAC-1,0.5632484169293595
PB,MS,MS,6,CAAGGCCTCGCAGGCT-1,0.36631983550271185
PB,MS,MS,6,CAAGTTGCACGAGGTA-1,0.408381752939219
PB,MS,MS,6,CACACCTGTGCAGACA-1,0.21028249545374286
PB,MS,MS,6,CAGAGAGAGTGCGTGA-1,0.29285557845344984
PB,MS,MS,6,CAGCTAACAAGGTTTC-1,0.3905373285206143
PB,MS,MS,6,CATCGGGTCGATAGAA-1,-0.10758890454810868
PB,MS,MS,6,CATGACACAATGTTGC-1,0.08293271844747509
PB,MS,MS,6,CCACTACAGTGGTAGC-1,0.38730097181038214
PB,MS,MS,6,CCACTACCAGACTCGC-1,0.28721190137357444
PB,MS,MS,6,CCCTCCTCATTCGACA-1,1.1553682152468927
PB,MS,MS,6,CCGGGATTCCTCAACC-1,0.5068580374128746
PB,MS,MS,6,CCGTACTAGTACACCT-1,-0.30405527223520673
PB,MS,MS,6,CCTAGCTAGGGTGTGT-1,0.2621495982770617
PB,MS,MS,6,CCTTACGAGCTAACAA-1,-0.006708974876146063
PB,MS,MS,6,CGAACATCATCCGCGA-1,0.00966355671475505
PB,MS,MS,6,CGAGAAGTCTCAAGTG-1,0.11574579193339683
PB,MS,MS,6,CGAGAAGTCTCCAACC-1,0.07291364255835767
PB,MS,MS,6,CGAGCCAAGTTGTAGA-1,-0.07853249946568665
PB,MS,MS,6,CGATCGGGTTCCCTTG-1,-0.1862078892258718
PB,MS,MS,6,CGATTGAAGTCCATAC-1,0.08251493522133865
PB,MS,MS,6,CGCCAAGAGTGTTAGA-1,-0.11280420242422727
PB,MS,MS,6,CGCTTCAAGTTCCACA-1,-0.30405527223520673
PB,MS,MS,6,CGCTTCACACGGCCAT-1,0.3219224182438814
PB,MS,MS,6,CGGACACTCTACTATC-1,-0.30405527223520673
PB,MS,MS,6,CGGAGCTGTAAGTGGC-1,0.1978655898123351
PB,MS,MS,6,CGGCTAGTCGGTCCGA-1,0.05445503047221367
PB,MS,MS,6,CGGGTCAAGCCAGGAT-1,0.6454844509033196
PB,MS,MS,6,CGGGTCACACGTTGGC-1,0.12707875855323172
PB,MS,MS,6,CGGGTCAGTATCGCAT-1,-0.15024843171014646
PB,MS,MS,6,CGGTTAAAGCTCCTCT-1,0.09846672118381783
PB,MS,MS,6,CGTCACTAGCTAAACA-1,-0.10238709153725636
PB,MS,MS,6,CGTCCATTCAAGATCC-1,0.3527733827640568
PB,MS,MS,6,CGTGAGCCAGCGATCC-1,-0.15825879296644313
PB,MS,MS,6,CGTTCTGTCGTTTAGG-1,-0.30405527223520673
PB,MS,MS,6,CTAACTTAGAAGGACA-1,0.18269319587484406
PB,MS,MS,6,CTAAGACTCGTGGTCG-1,0.40958492132883917
PB,MS,MS,6,CTACATTGTAAACGCG-1,0.5476556191855224
PB,MS,MS,6,CTACCCATCGGACAAG-1,-0.30405527223520673
PB,MS,MS,6,CTACGTCTCAGCTCTC-1,-0.009564753226780964
PB,MS,MS,6,CTCATTAGTAAAGGAG-1,-0.30405527223520673
PB,MS,MS,6,CTCATTATCGACCAGC-1,-0.30405527223520673
PB,MS,MS,6,CTCCTAGCAGCTGGCT-1,0.7767611484624732
PB,MS,MS,6,CTCGAGGTCGGACAAG-1,0.11488449491366585
PB,MS,MS,6,CTCGGAGTCCTTTACA-1,-0.30405527223520673
PB,MS,MS,6,CTCGTACGTTTCCACC-1,-0.30405527223520673
PB,MS,MS,6,CTGCCTAAGTGGTAAT-1,0.21330304542024647
PB,MS,MS,6,CTGGTCTCATAGACTC-1,0.8953527517772487
PB,MS,MS,6,GAAACTCCACGAAATA-1,-0.09654416881553417
PB,MS,MS,6,GACACGCAGTTATCGC-1,-0.1296433636944998
PB,MS,MS,6,GACGGCTGTCACCTAA-1,0.25198706529743625
PB,MS,MS,6,GACGTTAAGGTGCTTT-1,0.3273793555444286
PB,MS,MS,6,GACTACAAGATGTTAG-1,-0.06620538154054953
PB,MS,MS,6,GACTACATCTCTTATG-1-1,-0.11942623928784825
PB,MS,MS,6,GAGGTGAGTCCGACGT-1,-0.30405527223520673
PB,MS,MS,6,GATCAGTAGTACGACG-1,-0.1545568265524155
PB,MS,MS,6,GATCGCGAGAGGTAGA-1,-0.17893746230396537
PB,MS,MS,6,GATGAGGCAGTTTACG-1,0.1811622154089386
PB,MS,MS,6,GCAGCCACATGTTGAC-1,0.04239807247150384
PB,MS,MS,6,GCAGTTAGTAGCGTAG-1,-0.30405527223520673
PB,MS,MS,6,GCATACAGTCTTCGTC-1,-0.18838111230148144
PB,MS,MS,6,GCGACCAGTGAAATCA-1,-0.08625286775528104
PB,MS,MS,6,GCGACCATCCCTAACC-1,-0.30405527223520673
PB,MS,MS,6,GCTCCTACATTTCACT-1,0.21713966441764848
PB,MS,MS,6,GCTGCAGGTCTCCATC-1,-0.1634545375788123
PB,MS,MS,6,GCTGCTTGTCATCCCT-1,0.03450069237305142
PB,MS,MS,6,GCTTGAACATATGAGA-1,-0.08664312305937094
PB,MS,MS,6,GGAACTTTCGTTACAG-1,0.35409022323183
PB,MS,MS,6,GGAATAAGTATAGGGC-1,-0.30405527223520673
PB,MS,MS,6,GGCCGATAGAAAGTGG-1,-0.07345591563573495
PB,MS,MS,6,GGCGACTCAGTTCCCT-1,0.2988786817631823
PB,MS,MS,6,GGGAATGAGTATCTCG-1,-0.0928522536210581
PB,MS,MS,6,GGGAATGCAAGGACAC-1,0.3210671458622499
PB,MS,MS,6,GGGACCTGTTGGTTTG-1,0.009712556524841027
PB,MS,MS,6,GGGAGATTCCTAGAAC-1,0.5082750137231686
PB,MS,MS,6,GGGATGAAGAATAGGG-1,0.21080925273315115
PB,MS,MS,6,GGGTTGCTCAACGGGA-1,0.371163302974728
PB,MS,MS,6,GGTATTGGTAAGTGTA-1,-0.1512795401530314
PB,MS,MS,6,GTACGTAGTGCTGTAT-1,0.0064057706497492
PB,MS,MS,6,GTACTTTTCTATCGCC-1,0.3058946437019799
PB,MS,MS,6,GTCATTTTCAGCGACC-1,0.21609743200454481
PB,MS,MS,6,GTCTTCGGTACAGTTC-1,0.6369340364637502
PB,MS,MS,6,GTGGGTCGTAGCTGCC-1,0.09543030073512257
PB,MS,MS,6,GTGGGTCTCCATGAAC-1,-0.20060845779915132
PB,MS,MS,6,GTGTTAGTCATACGGT-1,-0.30405527223520673
PB,MS,MS,6,TACACGACACCTCGTT-1,-0.30405527223520673
PB,MS,MS,6,TAGAGCTTCACGATGT-1,-0.14508579213533612
PB,MS,MS,6,TATTACCGTCATACTG-1,0.4733355703151626
PB,MS,MS,6,TCAACGATCATCTGCC-1,0.10000567063402477
PB,MS,MS,6,TCACAAGTCGTTTATC-1,0.12061617481573739
PB,MS,MS,6,TCAGATGAGCGATATA-1,0.2688677258365878
PB,MS,MS,6,TCAGCAATCAACACAC-1,-0.30405527223520673
PB,MS,MS,6,TCAGGATAGTGAACAT-1,-0.01920017951309505
PB,MS,MS,6,TCAGGTAGTTGAACTC-1,-0.04641126054423111
PB,MS,MS,6,TCATTTGGTTTGCATG-1,0.07563288746427399
PB,MS,MS,6,TCGGGACAGCCAGGAT-1,0.06371192877358892
PB,MS,MS,6,TCGGTAAAGTGTCCAT-1,0.06811168706397233
PB,MS,MS,6,TCGGTAACAATCAGAA-1,0.5376082422929883
PB,MS,MS,6,TCGGTAACATGCAACT-1,-0.05915568848518048
PB,MS,MS,6,TCGTACCGTGGTTTCA-1,-0.1327067676387935
PB,MS,MS,6,TCGTAGAGTCATTAGC-1,0.05379524145613891
PB,MS,MS,6,TCTCATAAGCTAGTGG-1,-0.30405527223520673
PB,MS,MS,6,TCTTCGGGTCTCCACT-1,0.199832123226553
PB,MS,MS,6,TGAAAGAAGACCCACC-1,0.39104657809201493
PB,MS,MS,6,TGAGCCGAGCAATCTC-1,0.08495694683453144
PB,MS,MS,6,TGAGGGAGTCCCGACA-1,0.26532481773189864
PB,MS,MS,6,TGCCAAATCAAGGTAA-1,0.4494648011964193
PB,MS,MS,6,TGCTGCTAGTAATCCC-1,-0.09063341873235355
PB,MS,MS,6,TGCTGCTCACATTTCT-1,0.6123563725917187
PB,MS,MS,6,TGGTTCCTCCAGTAGT-1,0.06682739410970596
PB,MS,MS,6,TGGTTCCTCCCAGGTG-1,0.23269030524069464
PB,MS,MS,6,TTAACTCAGAGACGAA-1,-0.07884534478524244
PB,MS,MS,6,TTAGGACCAGTCAGAG-1,0.17829850297928726
PB,MS,MS,6,TTAGGCAAGCGCTTAT-1,-0.2344008031694115
PB,MS,MS,6,TTAGTTCCAATGGAAT-1,0.20335306564770686
PB,MS,MS,6,TTCGAAGAGAAGCCCA-1,0.3875050614849341
PB,MS,MS,6,TTCGGTCAGAACAACT-1,0.005195043543676543
PB,MS,MS,6,TTCTACACAATGGATA-1,0.6641678749838865
PB,MS,MS,6,TTCTCAAAGCCGGTAA-1,0.25077185121750784
PB,MS,MS,6,TTCTCCTGTCTGCGGT-1,0.10414206504214263
PB,MS,MS,6,TTCTCCTTCCATGAGT-1,0.4996758094442564
PB,MS,MS,6,TTGAACGAGCCAGAAC-1,-0.02627538853379796
PB,MS,MS,6,TTGAACGAGGCATGTG-1,0.3136012977455435
PB,MS,MS,6,TTGGAACCAAGGTGTG-1,0.2453148480461098
PB,MS,MS,6,TTTATGCTCGGTGTTA-1,-0.07984155763107825
PB,MS,MS,7,AAACCTGAGAAACCAT-1,0.428841887474453
PB,MS,MS,7,AACTCTTCAATGGACG-1,-0.040962542680977244
PB,MS,MS,7,ACACCCTCACAGTCGC-1,-0.30405527223520673
PB,MS,MS,7,ACACCGGCAGGGATTG-1,0.06020067427413679
PB,MS,MS,7,ACACCGGGTTCGCTAA-1,-0.16804822652989015
PB,MS,MS,7,ACAGCCGCAGCATGAG-1,0.6948188800744468
PB,MS,MS,7,ACAGCCGGTCCAACTA-1,0.12650479194047776
PB,MS,MS,7,ACGAGCCCAGCTGTAT-1,0.6967827863202986
PB,MS,MS,7,ACGATACGTAGAAGGA-1,0.17122421047299152
PB,MS,MS,7,ACGCCAGGTGCGGTAA-1,0.12937639205740445
PB,MS,MS,7,ACGGGCTCAGTTCCCT-1,0.5021408732936752
PB,MS,MS,7,ACTATCTGTCGACTGC-1,-0.30405527223520673
PB,MS,MS,7,ACTGTCCGTTACCAGT-1,-0.14199583959092577
PB,MS,MS,7,ACTTGTTAGCAGGCTA-1,0.1312722029419122
PB,MS,MS,7,ACTTGTTTCGCGATCG-1,-0.06511313291923139
PB,MS,MS,7,AGACGTTGTTTGACTG-1,-0.00707515152249646
PB,MS,MS,7,AGAGCTTGTTGGACCC-1,-0.013492180422663234
PB,MS,MS,7,AGCATACTCTATCCCG-1,0.4480076542554898
PB,MS,MS,7,AGGCCACAGCACACAG-1,-0.205663592515903
PB,MS,MS,7,AGTGAGGAGGAGTCTG-1,1.2191001445394014
PB,MS,MS,7,AGTGGGATCCTTGACC-1,0.43688528137206895
PB,MS,MS,7,ATAGACCGTTACGCGC-1,-0.04630077044250637
PB,MS,MS,7,ATTGGACTCAGCCTAA-1,0.4074001317090343
PB,MS,MS,7,CAACCAAGTTCCACAA-1,-0.30405527223520673
PB,MS,MS,7,CAACTAGTCCTTTCTC-1,-0.04267457399411578
PB,MS,MS,7,CATTCGCGTCCTCTTG-1,0.7199640019913085
PB,MS,MS,7,CCAGCGAAGGATGGTC-1,0.30504675389588404
PB,MS,MS,7,CCAGCGACATGTAAGA-1,-0.09875568733594313
PB,MS,MS,7,CCGGTAGGTTACGTCA-1,0.30263011817516716
PB,MS,MS,7,CCGTACTAGCGTTCCG-1,0.16631314637248493
PB,MS,MS,7,CCTACACCAATAAGCA-1,-0.16932872169166518
PB,MS,MS,7,CCTACCAAGCGTTCCG-1,0.995998096090997
PB,MS,MS,7,CCTTACGGTCGGATCC-1,1.1249307251348373
PB,MS,MS,7,CGACCTTTCCGGGTGT-1,-0.1575787800382118
PB,MS,MS,7,CGATTGATCGACGGAA-1,-0.30405527223520673
PB,MS,MS,7,CGGACACAGATGTTAG-1,0.4111085706106175
PB,MS,MS,7,CGGACACAGCTCCTTC-1,0.6425907510625927
PB,MS,MS,7,CGGACTGCAAGTACCT-1-3,0.448388768357069
PB,MS,MS,7,CGGGTCAGTTATCACG-1,-0.30405527223520673
PB,MS,MS,7,CGTCTACAGTGACATA-1,0.34237134468957475
PB,MS,MS,7,CTAGCCTTCCGTTGCT-1,0.4344030249027053
PB,MS,MS,7,CTCGGAGTCCGCGCAA-1,0.03222407747748409
PB,MS,MS,7,CTCTACGCATGTAAGA-1,-0.15404314010590742
PB,MS,MS,7,CTCTGGTCACAGAGGT-1,-0.18544162000816872
PB,MS,MS,7,CTGAAGTGTTTCCACC-1,0.19631715384596546
PB,MS,MS,7,CTGCGGAAGGTGTGGT-1,1.3138337894219627
PB,MS,MS,7,CTGGTCTTCTGCAGTA-1,0.28878595489804776
PB,MS,MS,7,CTGTGCTCAGCTGCAC-1,0.2213989062172311
PB,MS,MS,7,CTTAACTAGATGTGTA-1,-0.30405527223520673
PB,MS,MS,7,GAACATCTCTACCTGC-1,0.08431566611766736
PB,MS,MS,7,GAATGAACATGAAGTA-1,0.4399311044527487
PB,MS,MS,7,GACCTGGAGGAATCGC-1,0.08878441191817066
PB,MS,MS,7,GACTGCGAGTACGCCC-1,0.2064246713753039
PB,MS,MS,7,GATCAGTGTCACCCAG-1,-0.15148285458399416
PB,MS,MS,7,GATTCAGCATTAACCG-1,0.1058637965547926
PB,MS,MS,7,GCAATCAAGGAGTTGC-1,-0.30405527223520673
PB,MS,MS,7,GCAGTTACAGCCTATA-1,-0.10733301740538467
PB,MS,MS,7,GCATACAAGCGACGTA-1,-0.03479149873571165
PB,MS,MS,7,GCATACAAGGCTCATT-1,-0.30405527223520673
PB,MS,MS,7,GCATGCGTCGCCTGTT-1,0.5250107794853925
PB,MS,MS,7,GCCTCTACAGTATCTG-1,-0.2159037063200513
PB,MS,MS,7,GCGAGAATCCTTCAAT-1,-0.0638857554951786
PB,MS,MS,7,GCGCAGTAGATGCCTT-1,-0.30405527223520673
PB,MS,MS,7,GCGCAGTCATCGATTG-1,0.5128386832000944
PB,MS,MS,7,GCGCGATTCTGGAGCC-1,0.18613918961562362
PB,MS,MS,7,GCTTGAACACATGTGT-1,0.0454375889349729
PB,MS,MS,7,GGACAAGCACTTACGA-1,-0.1362635549504967
PB,MS,MS,7,GGACGTCGTTCCACAA-1,-0.30405527223520673
PB,MS,MS,7,GGATTACCATTGCGGC-1,-0.19093231122955426
PB,MS,MS,7,GGCCGATGTGTCGCTG-1,-0.09450809734684391
PB,MS,MS,7,GGCTGGTTCTAAGCCA-1,0.7429913681582169
PB,MS,MS,7,GGGAGATCACAGGCCT-1,0.03260005081541473
PB,MS,MS,7,GTACTTTCAGACTCGC-1,-0.10375082812806734
PB,MS,MS,7,GTCATTTGTTCAGTAC-1,-0.30405527223520673
PB,MS,MS,7,GTCCTCACAACGCACC-1,0.18186967790053873
PB,MS,MS,7,GTCGGGTCATCGTCGG-1,-0.1059779948357429
PB,MS,MS,7,GTGAAGGGTTAGATGA-1,0.3827497661490753
PB,MS,MS,7,GTGAAGGTCGAATGCT-1,0.07047471316464458
PB,MS,MS,7,GTGCTTCCAGGACCCT-1,0.2794380610427284
PB,MS,MS,7,GTTAAGCCATGCATGT-1,0.3605333469950057
PB,MS,MS,7,GTTCGGGAGGAATCGC-1,0.6292504865090213
PB,MS,MS,7,TACCTATTCACAATGC-1,0.6152189023695634
PB,MS,MS,7,TACCTTATCGCTTGTC-1,-0.30405527223520673
PB,MS,MS,7,TACGGATGTGACAAAT-1,-0.1721029909218554
PB,MS,MS,7,TATTACCCAATGGATA-1,-0.1892256559526761
PB,MS,MS,7,TCAACGAGTAATCACC-1,0.389260230430942
PB,MS,MS,7,TCCACACTCTCGCTTG-1,0.17603442806114636
PB,MS,MS,7,TCGGTAATCAACGCTA-1,0.5002062268976917
PB,MS,MS,7,TCGGTAATCATTGCGA-1,0.5553436736347407
PB,MS,MS,7,TCTATTGTCTGCGACG-1,0.3459304136057066
PB,MS,MS,7,TCTGGAACAAGTTGTC-1,0.4539482990600964
PB,MS,MS,7,TCTTCGGCAAAGTGCG-1,-0.0693964242112209
PB,MS,MS,7,TGAGCATGTTAAGGGC-1,-0.30405527223520673
PB,MS,MS,7,TGATTTCGTACTTGAC-1,1.290611596848791
PB,MS,MS,7,TGCACCTAGAGTAAGG-1,-0.20222133887106583
PB,MS,MS,7,TGCACCTTCAATCTCT-1,-0.10152491867413398
PB,MS,MS,7,TGCGGGTCATCCCACT-1,0.06910666902154464
PB,MS,MS,7,TGGTTAGTCACCTCGT-1,-0.036528998337417455
PB,MS,MS,7,TGTATTCGTGCACTTA-1,0.5239764062322705
PB,MS,MS,7,TGTGGTAAGGCTCTTA-1,0.3221643940963566
PB,MS,MS,7,TTAGGCAGTCACAAGG-1,0.2138914676117658
PB,MS,MS,7,TTAGTTCGTCAGCTAT-1,1.3538533797949721
PB,MS,MS,7,TTATGCTCATCAGTAC-1,-0.13083725314787717
PB,MS,MS,7,TTGAACGGTTCTCATT-1,-0.10970014765440397
PB,MS,MS,7,TTGGAACCAGGAATGC-1,-0.08081622794028132
PB,MS,MS,7,TTGGAACGTCACTGGC-1,0.09399600643281322
PB,MS,MS,7,TTGGCAAGTCATGCCG-1,-0.30405527223520673
PB,MS,MS,7,TTTGGTTTCAGTCAGT-1,0.08700781110888778
PB,MS,MS,8,AAACCTGAGTCTCGGC-1-2,0.12431655017106875
PB,MS,MS,8,AAGGTTCGTGAGTATA-1-2,0.4234779802240131
PB,MS,MS,8,AATCCAGGTACAAGTA-1-2,0.9772895493738748
PB,MS,MS,8,ACACCGGTCAACCATG-1-2,0.19062065579611304
PB,MS,MS,8,ACAGCTACAATAGAGT-1-2,0.07577328153927711
PB,MS,MS,8,ACCGTAAGTCATGCCG-1-2,-0.04920950013761922
PB,MS,MS,8,ACGCAGCCATGACATC-1-2,0.35009829866828474
PB,MS,MS,8,ACGCCAGGTCCAGTAT-1-2,0.6190848827879728
PB,MS,MS,8,ACTGAGTGTTCGGCAC-1-2,-0.14677708166092288
PB,MS,MS,8,AGAATAGGTACTTGAC-1-2,0.15189400852812307
PB,MS,MS,8,AGCCTAATCTGCCCTA-1-2,0.2521658542267092
PB,MS,MS,8,AGCTCCTCAGGATCGA-1-2,0.05920990286328344
PB,MS,MS,8,AGGCCACAGTATCTCG-1-2,0.23075487080830578
PB,MS,MS,8,AGGGTGATCTGATTCT-1-2,0.36002208904646965
PB,MS,MS,8,AGGTCATAGGGAGTAA-1-2,0.3074667831971139
PB,MS,MS,8,AGGTCCGCACCAGATT-1-2,0.025917075907719
PB,MS,MS,8,ATCATCTCAGCCACCA-1-2,0.03479169592712698
PB,MS,MS,8,ATCATGGGTCTGCGGT-1-2,-0.06959546674019593
PB,MS,MS,8,ATTACTCGTAGCTAAA-1-2,0.5212552386635864
PB,MS,MS,8,ATTGGTGCAGTTCCCT-1-2,0.5173335323791974
PB,MS,MS,8,ATTGGTGGTTAGATGA-1-2,-0.21242624370165833
PB,MS,MS,8,ATTTCTGCAATGGATA-1-2,-0.10490729868386646
PB,MS,MS,8,CAAGATCCACTAAGTC-1-2,-0.30405527223520673
PB,MS,MS,8,CACATTTAGAGTAATC-1-2,0.09561040436724333
PB,MS,MS,8,CACCACTGTAAACGCG-1-2,0.20692249126002737
PB,MS,MS,8,CACCACTTCGGAAACG-1-2,-0.30405527223520673
PB,MS,MS,8,CATCGAACATTTCAGG-1-2,-0.30405527223520673
PB,MS,MS,8,CCATTCGTCGTTTAGG-1-2,-0.30405527223520673
PB,MS,MS,8,CCCAATCAGAGCCCAA-1-2,-0.30405527223520673
PB,MS,MS,8,CCCTCCTGTAGCTAAA-1-2,-0.10056132464721763
PB,MS,MS,8,CCTAGCTTCCGCTGTT-1-2,-0.08186381220085125
PB,MS,MS,8,CCTTCGACACCCATTC-1-2,0.3097604457700226
PB,MS,MS,8,CCTTTCTAGGAGTAGA-1-2,0.06139409225095608
PB,MS,MS,8,CGAATGTCAGTAACGG-1-2,-0.054328517106873774
PB,MS,MS,8,CGAATGTTCGAATCCA-1-2,-0.30405527223520673
PB,MS,MS,8,CGATCGGCAGCTGTTA-1-2,-0.002811680716696812
PB,MS,MS,8,CGATTGACATGAACCT-1-2,-0.016901850654059993
PB,MS,MS,8,CGCGGTAGTATATGGA-1-2,-0.30405527223520673
PB,MS,MS,8,CGGAGCTCACTGAAGG-1-2,0.2875758722718422
PB,MS,MS,8,CGGAGCTTCGCACTCT-1-2,-0.30405527223520673
PB,MS,MS,8,CTACACCCAACCGCCA-1-2,0.5507218053029793
PB,MS,MS,8,CTACACCCAGTGACAG-1-2,-0.30405527223520673
PB,MS,MS,8,CTCACACAGATATGGT-1-2,-0.30405527223520673
PB,MS,MS,8,CTCGGGACAATAAGCA-1-2,-0.02666045484760628
PB,MS,MS,8,CTCTACGGTAAGCACG-1-2,-0.30405527223520673
PB,MS,MS,8,CTGCTGTGTGTGGCTC-1-2,-0.30405527223520673
PB,MS,MS,8,CTGGTCTCAGCGTAAG-1-2,0.15007428155061955
PB,MS,MS,8,CTTAACTCAGTAAGAT-1-2,-0.30405527223520673
PB,MS,MS,8,GAAATGACAGTGGAGT-1-2,0.2217840845705544
PB,MS,MS,8,GACAGAGTCACCACCT-1-2,0.017370416230015864
PB,MS,MS,8,GACCTGGAGTGAAGTT-1-2,-0.30405527223520673
PB,MS,MS,8,GACGCGTTCTTTAGTC-1-2,0.35438012497378824
PB,MS,MS,8,GACGTTATCTCTGAGA-1-2,0.14202563983730118
PB,MS,MS,8,GACTAACCAAGGTTTC-1-2,0.20846271649423512
PB,MS,MS,8,GATCTAGAGAATTCCC-1-2,0.029378503433870527
PB,MS,MS,8,GATCTAGCAATGGACG-1-2,0.2230075362936295
PB,MS,MS,8,GATGCTAAGATGAGAG-1-2,0.4328697879807324
PB,MS,MS,8,GCACTCTTCGAGGTAG-1-2,0.04944121716869321
PB,MS,MS,8,GCGGGTTTCCGTCATC-1-2,0.4094069011107358
PB,MS,MS,8,GGACATTCACAGTCGC-1-2,0.33087722843809836
PB,MS,MS,8,GGATGTTCAAACTGTC-1-2,-0.19675462576386563
PB,MS,MS,8,GGGAGATTCAAGGTAA-1-2,-0.09205584293275562
PB,MS,MS,8,GGTGAAGTCTGTACGA-1-2,0.8054802146590768
PB,MS,MS,8,GGTGCGTAGACAAGCC-1-2,-0.07048585229043385
PB,MS,MS,8,GTACTTTCACGGATAG-1-2,0.017775701816424263
PB,MS,MS,8,GTATCTTAGAGGTTGC-1-2,0.14920681271479547
PB,MS,MS,8,GTATCTTCACAAGCCC-1-2,0.05218213337904471
PB,MS,MS,8,GTGTGCGTCAGTCAGT-1-2,0.0859502670989953
PB,MS,MS,8,GTGTTAGGTCAACTGT-1-2,-0.30405527223520673
PB,MS,MS,8,GTGTTAGTCTCGCATC-1-2,0.3228818386260973
PB,MS,MS,8,GTTACAGCAAACAACA-1-2,-0.20647077072707384
PB,MS,MS,8,GTTCTCGGTCGCATAT-1-2,0.292019371390597
PB,MS,MS,8,TAAACCGGTGGTACAG-1-3,-0.1379679469480206
PB,MS,MS,8,TAAGAGATCGCGTAGC-1-2,0.3304647828822323
PB,MS,MS,8,TACCTTAAGGTTACCT-1-2,0.7070977149627414
PB,MS,MS,8,TAGCCGGTCGTTGACA-1-2,0.24249251416070788
PB,MS,MS,8,TAGGCATAGAAGGACA-1-2,0.4079496963777869
PB,MS,MS,8,TCACAAGAGCTAGCCC-1-3,0.15857113036612244
PB,MS,MS,8,TCCACACCATTGAGCT-1-2,0.08836423007723866
PB,MS,MS,8,TCTCATACAGTCGTGC-1-3,0.7705144930835789
PB,MS,MS,8,TGCCAAAGTGCGATAG-1-2,-0.13679418298025173
PB,MS,MS,8,TGCGGGTGTATCTGCA-1-2,-0.30405527223520673
PB,MS,MS,8,TGCTACCAGCCCAACC-1-2,0.16698885810427613
PB,MS,MS,8,TGGCTGGCATGCTAGT-1-2,-0.10451996587424923
PB,MS,MS,8,TTAGGACTCTTACCTA-1-2,0.5844868796598136
PB,MS,MS,8,TTCTACAGTACATCCA-1-2,-0.043407971922605114
PB,MS,MS,8,TTCTCCTGTCGCGAAA-1-2,-0.30405527223520673
PB,MS,MS,8,TTGGAACAGGCATGGT-1-2,0.42063354103515943
PB,MS,MS,9,AAACCTGAGGAGTAGA-1,-0.30405527223520673
PB,MS,MS,9,ACACCAAAGCAGATCG-1,-0.30405527223520673
PB,MS,MS,9,ACGCCGACACAGGAGT-1,0.6563540748314122
PB,MS,MS,9,CGCTTCATCCGAGCCA-1,0.3806860154460523
PB,MS,MS,9,CGTGAGCGTCCAACTA-1,-0.05134102460534166
PB,MS,MS,9,CTCTGGTTCGTACGGC-1,-0.30405527223520673
PB,MS,MS,9,CTGAAACGTCTAGTCA-1,-0.10579676699490774
PB,MS,MS,9,CTGCCTAAGCGCTTAT-1,-0.0035170565100574353
PB,MS,MS,9,CTTAACTCAATTGCTG-1,-0.0823618860479947
PB,MS,MS,9,CTTGGCTCAGCCTGTG-1,0.30658422406630864
PB,MS,MS,9,GACAGAGTCCCAGGTG-1,0.18700535093552437
PB,MS,MS,9,GACGTTATCATGTCCC-1,0.113438478376253
PB,MS,MS,9,GATGAAACAGCCTATA-1,-0.30405527223520673
PB,MS,MS,9,GCTGCAGTCGCCATAA-1,0.3194897582666494
PB,MS,MS,9,GCTGCGAGTCAGAAGC-1,-0.16323609979353634
PB,MS,MS,9,GGAAAGCTCACGACTA-1,0.0014017654772044816
PB,MS,MS,9,GGCGACTCATAACCTG-1,0.5634763502834239
PB,MS,MS,9,GGCTCGAAGGCCATAG-1,-0.04325796258308228
PB,MS,MS,9,GTCTTCGGTTGAGGTG-1,0.2862885786500241
PB,MS,MS,9,GTGTTAGCATTAACCG-1,-0.30405527223520673
PB,MS,MS,9,GTTACAGAGTAGTGCG-1,0.2788368104591573
PB,MS,MS,9,TCAACGAGTGGCGAAT-1,0.30444670695675397
PB,MS,MS,9,TCCCGATGTAGAGCTG-1,-0.029239480460041815
PB,MS,MS,9,TCGAGGCCACAGCCCA-1,-0.07228612114584701
PB,MS,MS,9,TGGCGCAGTTAAGTAG-1,-0.10959177391233735
PB,MS,MS,9,TTCCCAGCACATGACT-1,-0.04828792082575014
PB,MS,MS,10,AAACCTGGTGAGGCTA-1,-0.17479898806746372
PB,MS,MS,10,AAACGGGAGGCATGGT-1,-0.12116559536347436
PB,MS,MS,10,AAACGGGTCGGTTCGG-1,-0.1350867286249353
PB,MS,MS,10,AAAGATGCACGAAGCA-1,-0.16119831719520142
PB,MS,MS,10,AAATGCCTCTGGCGTG-1,0.4655842586927455
PB,MS,MS,10,AACACGTCAAACTGCT-1,-0.20908152714856326
PB,MS,MS,10,AACACGTGTAAACCTC-1,0.01855169293314729
PB,MS,MS,10,AACTTTCGTAGAGCTG-1,0.08868816999727573
PB,MS,MS,10,AAGACCTGTTATCCGA-1,0.29705500422624714
PB,MS,MS,10,AAGGAGCCATTCTCAT-1,-0.10214200775878556
PB,MS,MS,10,ACACCAAGTCGGCACT-1,-0.20023844922876397
PB,MS,MS,10,ACACCGGAGGCATGTG-1,-0.11858764753545192
PB,MS,MS,10,ACACCGGAGGTAGCCA-1,-0.30405527223520673
PB,MS,MS,10,ACCGTAATCCAGTAGT-1,0.6725084443532978
PB,MS,MS,10,ACGAGGACATGTCCTC-1,0.474265468894452
PB,MS,MS,10,ACGATGTGTAGCCTCG-1,0.07551908565290323
PB,MS,MS,10,ACGCAGCGTTGGTGGA-1,-0.18577823180029704
PB,MS,MS,10,ACGCAGCTCGAGAGCA-1,0.044706785154072594
PB,MS,MS,10,ACGCCAGTCAGTCCCT-1,-0.05613960988118979
PB,MS,MS,10,ACGGGTCCACCACCAG-1,0.4797931599181466
PB,MS,MS,10,ACGTCAAGTGTGTGCC-1,-0.11624423300388904
PB,MS,MS,10,ACTGAACGTTCCGGCA-1,-0.30405527223520673
PB,MS,MS,10,ACTTTCAAGGTGCTAG-1,0.737781640198083
PB,MS,MS,10,ACTTTCAAGGTGCTTT-1,0.09327220696879603
PB,MS,MS,10,AGATTGCAGACTGTAA-1,-0.13390054721486216
PB,MS,MS,10,AGCAGCCAGACGACGT-1,-0.30405527223520673
PB,MS,MS,10,AGCATACGTGTCGCTG-1,0.4077906372385035
PB,MS,MS,10,AGGGAGTGTCGAACAG-1,-0.30405527223520673
PB,MS,MS,10,AGGGATGAGACTGGGT-1,-0.30405527223520673
PB,MS,MS,10,AGGGATGTCAGAGGTG-1,0.14415777185913164
PB,MS,MS,10,AGGGTGATCGCAGGCT-1,0.03377863009069242
PB,MS,MS,10,AGGTCATGTGTCAATC-1,0.3401309789834134
PB,MS,MS,10,AGTAGTCGTTCATGGT-1,-0.2114751431081445
PB,MS,MS,10,AGTCTTTCACGGCTAC-1,-0.30405527223520673
PB,MS,MS,10,AGTGAGGTCTAACTCT-1,0.23913916154990128
PB,MS,MS,10,AGTGTCACAAGCCGTC-1,-0.18100144665659976
PB,MS,MS,10,ATAACGCGTAACGTTC-1,0.31267329358820933
PB,MS,MS,10,ATCATGGCAACTGCGC-1,0.11461142934565685
PB,MS,MS,10,ATCCACCAGGCTATCT-1,-0.30405527223520673
PB,MS,MS,10,ATCGAGTCAGCCTGTG-1,-0.30405527223520673
PB,MS,MS,10,ATCGAGTGTGACAAAT-1,-0.30405527223520673
PB,MS,MS,10,ATCTGCCCAAACAACA-1,0.5910745724542331
PB,MS,MS,10,ATGAGGGCAGGGCATA-1,0.03710455640334968
PB,MS,MS,10,ATGCGATGTGCCTGGT-1,0.2958419922185126
PB,MS,MS,10,ATGGGAGGTAGCTTGT-1,-0.08503455227880959
PB,MS,MS,10,ATTCTACGTGGTTTCA-1,0.687222698229643
PB,MS,MS,10,ATTGGTGAGGCTCTTA-1,0.11934243398488271
PB,MS,MS,10,ATTGGTGTCGTTACAG-1,0.09072741099471326
PB,MS,MS,10,CAACCTCGTAGCTGCC-1,-0.11338187907237145
PB,MS,MS,10,CAAGGCCAGTAGGCCA-1,0.7076956228916514
PB,MS,MS,10,CAAGGCCCACTTCTGC-1,-0.042642930704345945
PB,MS,MS,10,CACACCTGTTGTTTGG-1,0.018769443897040033
PB,MS,MS,10,CACAGTATCCGCGTTT-1,-0.30405527223520673
PB,MS,MS,10,CACCACTAGCGATGAC-1,0.22976740298726042
PB,MS,MS,10,CACCTTGTCGTATCAG-1,-0.029773821548321613
PB,MS,MS,10,CACTCCAAGGAGTTGC-1,0.20917476053112663
PB,MS,MS,10,CACTCCATCCTAGGGC-1,0.8194939445440054
PB,MS,MS,10,CAGAGAGAGTGTCTCA-1,-0.30405527223520673
PB,MS,MS,10,CAGCAGCGTTCAGCGC-1-1,0.6575292657283442
PB,MS,MS,10,CAGCAGCTCCGTAGTA-1,0.3159569785345183
PB,MS,MS,10,CAGCCGAGTCAGCTAT-1,0.2713236215305202
PB,MS,MS,10,CAGCTAAGTAGTACCT-1,-0.30405527223520673
PB,MS,MS,10,CAGGTGCTCGGTTAAC-1,0.09161862203331628
PB,MS,MS,10,CATCAAGCAATACGCT-1,-0.07337975839340836
PB,MS,MS,10,CATCAGAAGTCAAGGC-1,0.23782592104301864
PB,MS,MS,10,CATGCCTGTCAGATAA-1,0.12565428689078859
PB,MS,MS,10,CATTCGCGTGTTGAGG-1,-0.03365883318959665
PB,MS,MS,10,CCAATCCGTCCAGTGC-1,-0.1226526685859727
PB,MS,MS,10,CCACCTAGTCCGACGT-1,0.05511541194355588
PB,MS,MS,10,CCACCTAGTTTGGGCC-1,-0.30405527223520673
PB,MS,MS,10,CCCTCCTCAGTTCCCT-1,0.15926212902165318
PB,MS,MS,10,CCTAGCTGTGGTTTCA-1,0.12992941717571163
PB,MS,MS,10,CGACCTTGTCTCATCC-1,-0.04676561751919529
PB,MS,MS,10,CGACTTCGTCAACTGT-1,-0.030032352233987352
PB,MS,MS,10,CGATGGCCAAGCGCTC-1,-0.18733679904071504
PB,MS,MS,10,CGATGGCTCACTCCTG-1,-0.097512932345951
PB,MS,MS,10,CGCTATCCAGTGAGTG-1,0.22637332847738703
PB,MS,MS,10,CGGACACTCCGCGGTA-1,-0.10626505046205084
PB,MS,MS,10,CGTCCATAGGTGCAAC-1,0.4458799354328646
PB,MS,MS,10,CGTGTCTGTGACGCCT-1,0.16797804154306517
PB,MS,MS,10,CGTTCTGGTCTAGCGC-1,0.1584085480388579
PB,MS,MS,10,CTAATGGTCTGATACG-1,-0.13507148578201453
PB,MS,MS,10,CTACACCCACCCAGTG-1,0.11055160644199812
PB,MS,MS,10,CTACGTCTCACGAAGG-1,0.02982477157597044
PB,MS,MS,10,CTAGAGTAGATAGCAT-1,-0.11625922807277542
PB,MS,MS,10,CTAGCCTCATGTCGAT-1,-0.10505034322200783
PB,MS,MS,10,CTCACACCACATGTGT-1,0.19508141372636076
PB,MS,MS,10,CTCAGAAGTACAGCAG-1,-0.30405527223520673
PB,MS,MS,10,CTCGAAAGTAGTACCT-1,-0.006992074167692379
PB,MS,MS,10,CTCTGGTAGTTTGCGT-1,0.1666486722259357
PB,MS,MS,10,CTGATCCCAAGCCATT-1,0.008697927136440086
PB,MS,MS,10,GAAATGATCACGCGGT-1,0.5442157645492516
PB,MS,MS,10,GAACCTAAGCACACAG-1,-0.30405527223520673
PB,MS,MS,10,GAACCTATCCCAGGTG-1,-0.30405527223520673
PB,MS,MS,10,GAATAAGTCGTGGACC-1,-0.30405527223520673
PB,MS,MS,10,GACCTGGCAAGACGTG-1,-0.20603529325239495
PB,MS,MS,10,GACGTGCAGTGAACGC-1,0.42712632833822284
PB,MS,MS,10,GACGTTAAGCGTCAAG-1,0.017721203950846625
PB,MS,MS,10,GATCGATAGCGTCAAG-1,0.37707143323963876
PB,MS,MS,10,GATTCAGGTAAAGTCA-1,0.17161808505856055
PB,MS,MS,10,GCAAACTCAAGTCTGT-1,0.41002594577402957
PB,MS,MS,10,GCAATCACAGAAGCAC-1,0.16614953132521856
PB,MS,MS,10,GCAGCCAAGGATGGAA-1,0.17883684382859263
PB,MS,MS,10,GCATGATCATCCCACT-1,0.3342735493688495
PB,MS,MS,10,GCGACCAAGGCCGAAT-1,-0.30405527223520673
PB,MS,MS,10,GCGAGAAGTTATCACG-1,-0.21871103338990205
PB,MS,MS,10,GCGAGAATCATGCTCC-1,-0.30405527223520673
PB,MS,MS,10,GCGCAGTAGCTGTCTA-1,0.32707260627948614
PB,MS,MS,10,GCGCAGTTCAACTCTT-1,-0.1415222713438275
PB,MS,MS,10,GCTGCAGGTCCGAATT-1,-0.30405527223520673
PB,MS,MS,10,GCTGCAGGTCTCCCTA-1,0.3807707755625797
PB,MS,MS,10,GCTGCGAGTCAGAATA-1,0.05920263290532197
PB,MS,MS,10,GCTTCCAAGATGCGAC-1,0.25131059669470196
PB,MS,MS,10,GCTTGAATCGTCACGG-1,0.10728690892289174
PB,MS,MS,10,GGCTCGACAACCGCCA-1,0.5546306692301318
PB,MS,MS,10,GGGAATGCACGTCAGC-1,-0.17530426416583808
PB,MS,MS,10,GGGAGATCATAGGATA-1,0.27142099308327994
PB,MS,MS,10,GGGCACTCAAGTAGTA-1,0.5573015510007505
PB,MS,MS,10,GGGCATCAGTGTCCCG-1,-0.04711756927958588
PB,MS,MS,10,GGGTTGCAGAAGGGTA-1,0.13649338979458323
PB,MS,MS,10,GGTGCGTAGCTGCAAG-1,0.17753606067704308
PB,MS,MS,10,GTAACGTAGCTGTCTA-1,-0.21194133191108527
PB,MS,MS,10,GTAACTGGTTTAAGCC-1,-0.20215360108305871
PB,MS,MS,10,GTCCTCACAAGGACTG-1,-0.06507721698633259
PB,MS,MS,10,GTCGTAACACAAGCCC-1,-0.17002805499821155
PB,MS,MS,10,GTCTCGTGTATTACCG-1,0.21091994342609136
PB,MS,MS,10,GTGCAGCAGGCAAAGA-1,0.062377614470446825
PB,MS,MS,10,GTGTTAGTCTAACCGA-1,0.4734492929023421
PB,MS,MS,10,GTTACAGAGCTGCGAA-1,0.7460220586296885
PB,MS,MS,10,GTTCATTCACGGCTAC-1,-0.30405527223520673
PB,MS,MS,10,GTTCTCGAGCGCTTAT-1,-0.033538393350319766
PB,MS,MS,10,GTTCTCGCATGGTAGG-1,-0.17014457943635936
PB,MS,MS,10,GTTTCTAGTCGTTGTA-1,-0.30405527223520673
PB,MS,MS,10,TAAGAGAAGGAGTTGC-1,-0.30405527223520673
PB,MS,MS,10,TACCTATAGATGTCGG-1,-0.16890383389361646
PB,MS,MS,10,TACGGGCTCTGCGTAA-1,0.08337910354853857
PB,MS,MS,10,TAGCCGGTCTTCCTTC-1,0.17645529576790153
PB,MS,MS,10,TAGGCATAGGCATTGG-1,-0.30405527223520673
PB,MS,MS,10,TATCAGGTCTCCGGTT-1,0.6993162950312103
PB,MS,MS,10,TATGCCCAGTGGACGT-1,0.11732050878602593
PB,MS,MS,10,TATTACCGTTAAGACA-1,1.4168671364444771
PB,MS,MS,10,TCAACGAGTAAGAGAG-1,0.2080621207611198
PB,MS,MS,10,TCACGAAGTTGCCTCT-1,0.14456098190523167
PB,MS,MS,10,TCAGATGAGGGATGGG-1,-0.20892709074767252
PB,MS,MS,10,TCAGCTCAGGTGATAT-1,-0.30405527223520673
PB,MS,MS,10,TCATTACGTCTCTTTA-1,0.0006189152216211477
PB,MS,MS,10,TCGAGGCAGCGTTCCG-1,0.8315401791656384
PB,MS,MS,10,TCGGTAACAATGTTGC-1,0.17488220638331303
PB,MS,MS,10,TCTCATACAATCCGAT-1,-0.15604019868715366
PB,MS,MS,10,TCTCATAGTGAGGGAG-1,0.04185564169989521
PB,MS,MS,10,TGACAACCACGGACAA-1,-0.06171303190629274
PB,MS,MS,10,TGACTAGAGTTAAGTG-1,-0.30405527223520673
PB,MS,MS,10,TGACTAGCAGATCTGT-1,0.1558532913067503
PB,MS,MS,10,TGATTTCAGACAAAGG-1,0.28568700095566213
PB,MS,MS,10,TGATTTCTCAACGGGA-1,0.1586836936088891
PB,MS,MS,10,TGGACGCTCTCACATT-1,-0.10843038851365917
PB,MS,MS,10,TGGCGCATCAGCGATT-1,0.2823072815855063
PB,MS,MS,10,TGGCTGGAGAGGTACC-1,0.018683329358416212
PB,MS,MS,10,TGGGCGTTCTGCTTGC-1,0.08743707061987636
PB,MS,MS,10,TGGTTAGAGAATTGTG-1,0.48348513593184694
PB,MS,MS,10,TGGTTAGAGTGTTGAA-1,0.6489611554871066
PB,MS,MS,10,TGGTTAGCAAAGGTGC-1,0.11437470950255801
PB,MS,MS,10,TGTATTCAGGGATACC-1,-0.041743820485487304
PB,MS,MS,10,TTAACTCTCCTGTACC-1,-0.095286677682819
PB,MS,MS,10,TTAGGACAGGTGATTA-1,-0.30405527223520673
PB,MS,MS,10,TTAGGCATCGTAGGAG-1,0.6032720059783002
PB,MS,MS,10,TTCGGTCCAAGGTTCT-1,0.31946677376155336
PB,MS,MS,10,TTCTCAAGTCCGAGTC-1,-0.12258836122075424
PB,MS,MS,10,TTCTCCTCACAGGAGT-1,1.014364493389918
PB,MS,MS,10,TTCTCCTTCCTGCAGG-1,-0.30405527223520673
PB,MS,MS,10,TTCTTAGAGGCATGGT-1,-0.25400387939527025
PB,MS,MS,10,TTGGAACTCATCACCC-1,-0.30405527223520673
PB,MS,MS,10,TTGGCAAGTCTAGCGC-1,0.4973207738964028
PB,MS,MS,10,TTTATGCAGGGAAACA-1,0.5929704983256101
PB,MS,MS,10,TTTATGCGTATCGCAT-1,-0.30405527223520673
PB,MS,MS,10,TTTCCTCGTAAGAGGA-1,0.16770510259558583
PB,MS,MS,10,TTTGCGCCAAACTGCT-1,0.4557088857542534
PB,MS,MS,10,TTTGCGCTCTTGTTTG-1,-0.12977384410722206
PB,MS,MS,16,AAACCTGTCTTCAACT-1,0.15939161362061122
PB,MS,MS,16,AAACGGGGTTCATGGT-1,0.8822976271492353
PB,MS,MS,16,AAAGCAATCCGGCACA-1,0.582380088921942
PB,MS,MS,16,AAAGTAGAGCTGAAAT-1,0.0018018029632707838
PB,MS,MS,16,AAAGTAGTCTATCCTA-1,0.018827463231172896
PB,MS,MS,16,AACCGCGAGCGCCTTG-1,-0.18854809619277638
PB,MS,MS,16,AACCGCGTCGAGGTAG-1,0.1595399789465785
PB,MS,MS,16,AACGTTGGTGGTCCGT-1,0.24469559474970495
PB,MS,MS,16,AACTCAGCACCTTGTC-1,0.19109348925673972
PB,MS,MS,16,AAGACCTGTTACCAGT-1,0.44706400724122586
PB,MS,MS,16,AAGGAGCTCTTGGGTA-1,0.7156710134789742
PB,MS,MS,16,AAGGCAGGTAAACGCG-1,0.3294812912877528
PB,MS,MS,16,AAGGTTCCACCCATGG-1,0.027148745738386503
PB,MS,MS,16,AAGTCTGCACTATCTT-1,0.03609040099985753
PB,MS,MS,16,AATCCAGGTTCGCTAA-1,0.20651297872150343
PB,MS,MS,16,AATCGGTTCTTGAGAC-1,0.1106398907221654
PB,MS,MS,16,ACACCAAGTCGAGTTT-1,0.08393417343583987
PB,MS,MS,16,ACACCAAGTTCCATGA-1,0.093125448348204
PB,MS,MS,16,ACACCGGAGTGCGATG-1,0.2969636524695168
PB,MS,MS,16,ACACCGGCAAAGCAAT-1,0.22188101661844137
PB,MS,MS,16,ACACCGGCATCCGTGG-1,0.5343088457813511
PB,MS,MS,16,ACACTGAGTAAGTGTA-1,0.1229145904740165
PB,MS,MS,16,ACAGCCGTCGCGGATC-1,0.489290972618211
PB,MS,MS,16,ACAGCTATCTTCGGTC-1,0.3041044984573721
PB,MS,MS,16,ACATACGAGAAACCTA-1,-0.0992622811965111
PB,MS,MS,16,ACATCAGGTTATGCGT-1,0.2117868248714791
PB,MS,MS,16,ACATGGTGTAAAGTCA-1,1.3688204807435087
PB,MS,MS,16,ACATGGTGTTTAAGCC-1,0.41742463146439107
PB,MS,MS,16,ACCTTTAAGAGTAATC-1,0.028446515045591227
PB,MS,MS,16,ACCTTTAAGTCAAGCG-1,0.28125200461731403
PB,MS,MS,16,ACCTTTAGTAGCTGCC-1,0.7684033727371643
PB,MS,MS,16,ACGAGCCCAATCAGAA-1,0.5471386363750608
PB,MS,MS,16,ACGAGCCTCACTATTC-1,-0.18193634492708838
PB,MS,MS,16,ACGATGTTCGCAGGCT-1,0.0821983513791914
PB,MS,MS,16,ACGCAGCAGCTGATAA-1,0.7694054128094047
PB,MS,MS,16,ACGCCAGAGATGTGGC-1,0.023003588854712115
PB,MS,MS,16,ACGCCAGTCGACGGAA-1,0.40555474619033693
PB,MS,MS,16,ACGCCGAAGCTAGTGG-1,0.9380632665435024
PB,MS,MS,16,ACGCCGATCTTGAGGT-1,0.12000322156168221
PB,MS,MS,16,ACGGAGAAGATGCGAC-1,0.28103643541650086
PB,MS,MS,16,ACGGAGATCAGGCAAG-1,-0.09871981208719137
PB,MS,MS,16,ACGGCCACACCGAAAG-1,-0.013862936765051207
PB,MS,MS,16,ACGTCAATCTTCGGTC-1,0.5531736860490009
PB,MS,MS,16,ACTATCTAGAATTGTG-1,-0.06375827606993376
PB,MS,MS,16,ACTGAACCACAGAGGT-1,-0.09003585727702772
PB,MS,MS,16,ACTGATGGTCTGCAAT-1,0.3190043685252492
PB,MS,MS,16,ACTTGTTGTTATGCGT-1,0.0032497256741445785
PB,MS,MS,16,ACTTTCATCAGCACAT-1,0.5068880266948738
PB,MS,MS,16,AGAATAGAGTACTTGC-1,-0.03573444222385935
PB,MS,MS,16,AGAATAGCATCACGAT-1,0.18394321306014044
PB,MS,MS,16,AGAATAGGTACGCTGC-1,1.208974329273963
PB,MS,MS,16,AGAGCGACACTGTGTA-1,-0.1946348236858504
PB,MS,MS,16,AGAGCGAGTTCGGGCT-1,-0.10104919561642081
PB,MS,MS,16,AGAGCGATCTCGGACG-1,-0.1753419457983136
PB,MS,MS,16,AGAGCTTTCTTCAACT-1,-0.09559695240179003
PB,MS,MS,16,AGATCTGAGAAAGTGG-1,-0.21165785327864275
PB,MS,MS,16,AGCATACAGGGTATCG-1,-0.30405527223520673
PB,MS,MS,16,AGCATACGTTCCCGAG-1,0.2901909014498318
PB,MS,MS,16,AGCATACTCTTGAGAC-1,0.19992907823760456
PB,MS,MS,16,AGCCTAACAGTATGCT-1,0.7314017158380064
PB,MS,MS,16,AGCCTAACATCTCCCA-1,0.4104701730782905
PB,MS,MS,16,AGCGGTCCATGGATGG-1,0.02179397132240035
PB,MS,MS,16,AGCGGTCGTCTTCAAG-1,0.8194424993349364
PB,MS,MS,16,AGCGGTCGTGTGCCTG-1-1,-0.15006553872970413
PB,MS,MS,16,AGCGTATGTCGAGATG-1,0.7006851647982144
PB,MS,MS,16,AGCGTATTCAACGCTA-1,0.1615331163828723
PB,MS,MS,16,AGCTCTCGTGACGCCT-1,-0.18848743673838758
PB,MS,MS,16,AGGCCACTCGATCCCT-1,-0.03527741069546359
PB,MS,MS,16,AGGGATGTCTGTACGA-1,0.5010783640872115
PB,MS,MS,16,AGGGTGATCAAACCGT-1,-0.07909775583313551
PB,MS,MS,16,AGGTCCGCAAGCCTAT-1,0.29390837351446086
PB,MS,MS,16,AGTAGTCGTTACGGAG-1,-0.07850348902386041
PB,MS,MS,16,AGTCTTTAGAGCTATA-1,0.8165378027205182
PB,MS,MS,16,AGTGAGGGTACCTACA-1,-0.0616095874230412
PB,MS,MS,16,AGTGGGAAGTCAATAG-1,0.8252051530486356
PB,MS,MS,16,AGTGGGAGTGGCTCCA-1,0.33892245392525366
PB,MS,MS,16,AGTGTCAAGGAATCGC-1,0.3488107054262642
PB,MS,MS,16,AGTGTCAAGTTAAGTG-1,0.735365469431429
PB,MS,MS,16,AGTGTCAGTTCTGTTT-1,0.26608228663483047
PB,MS,MS,16,AGTGTCAGTTGCCTCT-1,0.21865324328213148
PB,MS,MS,16,ATAAGAGAGATCTGAA-1,0.2610217896391114
PB,MS,MS,16,ATAAGAGTCAGGCCCA-1,0.1895077622662272
PB,MS,MS,16,ATAGACCTCCGCGTTT-1,0.7105396075224303
PB,MS,MS,16,ATAGACCTCTCGCATC-1,1.016500469168966
PB,MS,MS,16,ATCCACCCATCTGGTA-1,0.5958097891125379
PB,MS,MS,16,ATCCACCGTTCACGGC-1,0.08295577492349944
PB,MS,MS,16,ATCCGAAGTACGCTGC-1,0.5795114197779613
PB,MS,MS,16,ATCCGAATCAGAAATG-1,0.3068107235513969
PB,MS,MS,16,ATCTGCCGTAAGCACG-1,-0.16997161744698538
PB,MS,MS,16,ATTATCCCATTGTGCA-1,0.42998014928622125
PB,MS,MS,16,ATTCTACAGGAATCGC-1,0.8224592850502752
PB,MS,MS,16,ATTCTACGTAAGGGAA-1,0.5038192488804685
PB,MS,MS,16,ATTGGTGAGACCACGA-1,-0.30405527223520673
PB,MS,MS,16,CAACCAACAGATCCAT-1,-0.30405527223520673
PB,MS,MS,16,CAACCAACAGTATCTG-1,0.12128183386139528
PB,MS,MS,16,CAACCTCAGTGACATA-1,1.0856159128073541
PB,MS,MS,16,CAACCTCCATCTACGA-1,-0.10114004097850135
PB,MS,MS,16,CAACTAGCAGGCTCAC-1,0.01908168985700127
PB,MS,MS,16,CAACTAGGTCATTAGC-1-1,0.15506984524788356
PB,MS,MS,16,CAAGAAAAGCTAGTGG-1,0.9034141589917193
PB,MS,MS,16,CAAGATCAGTATTGGA-1,0.22305158679984283
PB,MS,MS,16,CAAGGCCGTCTCACCT-1,0.10032685407490971
PB,MS,MS,16,CAAGTTGCAAGGCTCC-1,0.47050286982218437
PB,MS,MS,16,CACAAACGTGTCGCTG-1,0.7756661458245259
PB,MS,MS,16,CACACAAAGAGGTTGC-1,0.554568621294567
PB,MS,MS,16,CACAGGCAGGGTCTCC-1,-0.1309041894772124
PB,MS,MS,16,CACATTTAGACTTTCG-1-1,0.1411298157078486
PB,MS,MS,16,CACCACTCAGGTGGAT-1,0.02702656884903019
PB,MS,MS,16,CACCACTTCTAGAGTC-1-1,0.026200688400960664
PB,MS,MS,16,CACCAGGAGACAAAGG-1,0.4119231222104363
PB,MS,MS,16,CACCAGGGTGGTCCGT-1,0.33303211048833486
PB,MS,MS,16,CACTCCAGTTAAAGAC-1,0.030932812935748406
PB,MS,MS,16,CAGAATCGTTACGTCA-1,1.0066902126776964
PB,MS,MS,16,CAGATCAAGACTGGGT-1,0.49355576188154066
PB,MS,MS,16,CAGCAGCCAATGTTGC-1,0.8139520161726251
PB,MS,MS,16,CAGCAGCGTATTCTCT-1,0.13726509979104007
PB,MS,MS,16,CAGCAGCTCTTTAGGG-1,1.0837046004802784
PB,MS,MS,16,CAGCATAAGCCCAACC-1,-0.05702750715542228
PB,MS,MS,16,CAGCATAGTTCTCATT-1,0.2537212308949463
PB,MS,MS,16,CAGCATATCCCTAATT-1,0.6172642268714374
PB,MS,MS,16,CATCAGAAGAGGACGG-1,-0.10256843629535094
PB,MS,MS,16,CATCAGACAGATGAGC-1,0.3393538679998217
PB,MS,MS,16,CATCAGACATCCTTGC-1,0.12991274631408037
PB,MS,MS,16,CATTATCAGCAGCCTC-1,-0.18111483353676197
PB,MS,MS,16,CATTATCCAGTCCTTC-1,0.6703383002821034
PB,MS,MS,16,CATTCGCTCCGTCAAA-1,0.03795497330010987
PB,MS,MS,16,CATTCGCTCGCGATCG-1,-0.30405527223520673
PB,MS,MS,16,CCAATCCCACGGACAA-1,0.19005129730220527
PB,MS,MS,16,CCACCTAGTCGACTAT-1,0.48445925864504663
PB,MS,MS,16,CCAGCGACATCGGGTC-1,0.7375769440717594
PB,MS,MS,16,CCATTCGGTGAACCTT-1,0.5536857761345897
PB,MS,MS,16,CCATTCGTCGTGGACC-1,0.03598710978244478
PB,MS,MS,16,CCCTCCTAGACCCACC-1,0.5756343192661916
PB,MS,MS,16,CCGTGGAGTTCAACCA-1,-0.07055446967582822
PB,MS,MS,16,CCTAAAGGTCTGCCAG-1,-0.20974831697627636
PB,MS,MS,16,CCTACACCACCTCGTT-1,-0.016010998822427562
PB,MS,MS,16,CCTACACGTTATCCGA-1,0.8245361028765423
PB,MS,MS,16,CCTACACTCATAACCG-1,0.21742368304855794
PB,MS,MS,16,CCTACCAAGGAGCGTT-1,-0.018270648496175483
PB,MS,MS,16,CCTATTAAGTTCGCAT-1,-0.12316554671978434
PB,MS,MS,16,CCTATTAGTTTAGGAA-1,0.3655959455185263
PB,MS,MS,16,CCTCTGAAGCTAGTCT-1,0.11357089163020677
PB,MS,MS,16,CCTCTGATCCCTTGCA-1,1.0019678708444133
PB,MS,MS,16,CCTTCCCAGAGCAATT-1-1,0.3137420423927469
PB,MS,MS,16,CCTTCCCAGGCACATG-1,-0.02868437869144052
PB,MS,MS,16,CCTTTCTCACACAGAG-1,0.15573778448154943
PB,MS,MS,16,CCTTTCTGTGAGCGAT-1,0.2528917188587013
PB,MS,MS,16,CGAACATGTACTCTCC-1,-0.13538284307587325
PB,MS,MS,16,CGAATGTCAAATCCGT-1,1.0397313884679205
PB,MS,MS,16,CGACCTTAGTCATGCT-1,0.4058356552781173
PB,MS,MS,16,CGACCTTTCCGAGCCA-1,-0.08577303828901946
PB,MS,MS,16,CGACTTCAGATCCGAG-1,0.7307269975312828
PB,MS,MS,16,CGAGCCAGTCATGCCG-1,-0.025384877772315913
PB,MS,MS,16,CGATGTAAGCATCATC-1,0.5557597914280323
PB,MS,MS,16,CGATGTACATTCCTGC-1,0.4174815857250859
PB,MS,MS,16,CGATGTATCGTACGGC-1,0.05927298553893761
PB,MS,MS,16,CGATTGAAGGCTCTTA-1,0.3702125230213521
PB,MS,MS,16,CGCCAAGAGATCCCGC-1,1.0486231078796566
PB,MS,MS,16,CGCCAAGAGGTGTGGT-1,0.13797946568175473
PB,MS,MS,16,CGCCAAGCAGACGCCT-1,0.5144216929431219
PB,MS,MS,16,CGCGGTAGTTGACGTT-1,0.24524716611416947
PB,MS,MS,16,CGCGTTTGTCTTGTCC-1,0.6029262407566065
PB,MS,MS,16,CGCGTTTTCATGTGGT-1,0.34511342932613587
PB,MS,MS,16,CGCTATCCAATGGAAT-1-1,0.6524526159038635
PB,MS,MS,16,CGCTATCGTTCCACGG-1,-0.30405527223520673
PB,MS,MS,16,CGCTGGAGTATTCGTG-1,0.26474791095601585
PB,MS,MS,16,CGCTGGATCATTGCCC-1,0.13376214953623386
PB,MS,MS,16,CGCTTCACAATCGGTT-1,-0.09047060706471496
PB,MS,MS,16,CGCTTCATCATTTGGG-1,0.09495675468299747
PB,MS,MS,16,CGGACACGTCCCTACT-1,0.19078184795818265
PB,MS,MS,16,CGGACGTGTTGCGTTA-1,-0.30405527223520673
PB,MS,MS,16,CGGAGCTGTTATCCGA-1,-0.03945468757667509
PB,MS,MS,16,CGGCTAGAGACCGGAT-1,0.13265155345855492
PB,MS,MS,16,CGGCTAGGTTCCGGCA-1,0.3141649728411366
PB,MS,MS,16,CGGGTCAAGGGAGTAA-1,0.40480149405487975
PB,MS,MS,16,CGGGTCACACCTCGTT-1,0.7960926283904447
PB,MS,MS,16,CGGGTCAGTTGGTAAA-1,0.38512503242334617
PB,MS,MS,16,CGGTTAAGTCCCGACA-1,-0.006305573799938092
PB,MS,MS,16,CGTAGGCCATTAGCCA-1,0.2452984161719567
PB,MS,MS,16,CGTAGGCGTACTTGAC-1,0.01679354302595956
PB,MS,MS,16,CGTCCATAGGAGTACC-1,0.48687850437605806
PB,MS,MS,16,CGTGAGCAGTGCTGCC-1,0.02896227645781489
PB,MS,MS,16,CGTGAGCCACTCAGGC-1,0.7502329366946515
PB,MS,MS,16,CGTTAGACAAGCGCTC-1,0.6860651091165902
PB,MS,MS,16,CGTTAGATCTACTATC-1,0.6527604294970993
PB,MS,MS,16,CGTTAGATCTTATCTG-1,0.6258554035156568
PB,MS,MS,16,CGTTGGGTCGCTAGCG-1,-0.30405527223520673
PB,MS,MS,16,CTAACTTAGATGTCGG-1,-0.09674922487971184
PB,MS,MS,16,CTACCCAAGCCAGTTT-1,-0.30405527223520673
PB,MS,MS,16,CTAGAGTAGTACATGA-1,-0.13239066339855604
PB,MS,MS,16,CTAGCCTAGAAGATTC-1,-0.30405527223520673
PB,MS,MS,16,CTAGTGAAGCTAGCCC-1,-0.13536555882819387
PB,MS,MS,16,CTAGTGAGTAGGCTGA-1,0.45048023789176334
PB,MS,MS,16,CTAGTGATCCTTGCCA-1,0.44841148322602786
PB,MS,MS,16,CTCACACCAAGCCTAT-1,-0.055770396174872956
PB,MS,MS,16,CTCACACTCGGTTAAC-1,0.3531610477757617
PB,MS,MS,16,CTCAGAAAGAGACGAA-1-1,0.7623351231127037
PB,MS,MS,16,CTCGAGGAGCGCCTTG-1,-0.11271192206970139
PB,MS,MS,16,CTCGAGGCATCCGGGT-1,0.24341909863796626
PB,MS,MS,16,CTCGTCAAGGACACCA-1,0.1301722787834768
PB,MS,MS,16,CTCGTCACATTGCGGC-1,-0.03833120760044517
PB,MS,MS,16,CTGAAACAGTGTCCCG-1,-0.04794814151972721
PB,MS,MS,16,CTGAAGTCAATGAAAC-1,-0.30405527223520673
PB,MS,MS,16,CTGATAGGTATTCTCT-1,0.021043261456214473
PB,MS,MS,16,CTGCGGACATGCTGGC-1,0.04229396314425597
PB,MS,MS,16,CTGCTGTCACAACTGT-1,0.2613090356007105
PB,MS,MS,16,CTGGTCTCATGAAGTA-1,0.5024932503642895
PB,MS,MS,16,CTTACCGCAAGACGTG-1,-0.01589315609099583
PB,MS,MS,16,CTTAGGAAGAATCTCC-1,0.21293976537877585
PB,MS,MS,16,CTTAGGAAGGGAAACA-1,0.41356786529489387
PB,MS,MS,16,CTTGGCTCAACTGCGC-1,-0.07725674080353363
PB,MS,MS,16,CTTTGCGCAAGGGTCA-1,0.3873234528188698
PB,MS,MS,16,GAACATCTCCGCATCT-1,0.7540412382960471
PB,MS,MS,16,GAACGGAAGACAGACC-1,0.1730738044088476
PB,MS,MS,16,GAACGGACAGGCGATA-1,1.0260457821802924
PB,MS,MS,16,GAAGCAGAGTAACCCT-1,-0.1934723583129516
PB,MS,MS,16,GAAGCAGTCACTTCAT-1,-0.11441242897816029
PB,MS,MS,16,GAAGCAGTCGCGCCAA-1,0.00867203279654998
PB,MS,MS,16,GAATAAGCATCGGAAG-1,0.8306658222060473
PB,MS,MS,16,GAATAAGGTTGAGGTG-1,-0.06841878684845722
PB,MS,MS,16,GACACGCTCCTCAACC-1,0.10123324687196537
PB,MS,MS,16,GACAGAGCAAGCGTAG-1,0.11472072139157614
PB,MS,MS,16,GACAGAGGTTTCCACC-1,0.5988024094667911
PB,MS,MS,16,GACAGAGTCCGTTGTC-1,0.42776437529644357
PB,MS,MS,16,GACCAATAGTGGCACA-1,-0.30405527223520673
PB,MS,MS,16,GACCTGGCACATTAGC-1,0.4906879287390072
PB,MS,MS,16,GACGCGTCAGTCGTGC-1,0.2654179008074395
PB,MS,MS,16,GACGGCTAGGAGTACC-1,0.33126400184134563
PB,MS,MS,16,GACGGCTAGTACATGA-1,0.5329481884938085
PB,MS,MS,16,GACGGCTCACAGATTC-1-1,0.04375900835644954
PB,MS,MS,16,GACGGCTTCACCTTAT-1,-0.11312809917497026
PB,MS,MS,16,GACGGCTTCCGTAGGC-1,0.7102913019035635
PB,MS,MS,16,GACGTGCAGTCACGCC-1,0.1030151031577982
PB,MS,MS,16,GACTACACATGGTCAT-1,0.1794582847596252
PB,MS,MS,16,GAGGTGATCGCCATAA-1-1,0.15444741624039995
PB,MS,MS,16,GATCAGTTCTTCAACT-1,-0.15852554311944542
PB,MS,MS,16,GATCGCGAGCGTTTAC-1,-0.040876926599158724
PB,MS,MS,16,GATCGTAAGAGTAATC-1,0.013280323496780865
PB,MS,MS,16,GATGAAATCTACCTGC-1,-0.0791443232940192
PB,MS,MS,16,GATGAGGCAAACTGCT-1,0.7199017496724268
PB,MS,MS,16,GATGCTAGTTCCGGCA-1,0.0277745061450109
PB,MS,MS,16,GATTCAGTCAGCGACC-1,0.419859742819317
PB,MS,MS,16,GCAGCCAGTCTCTCGT-1,-0.051302837861205756
PB,MS,MS,16,GCAGCCATCCGTCAAA-1,-0.23048436132078295
PB,MS,MS,16,GCAGTTAAGTTGAGTA-1,0.26501375791724247
PB,MS,MS,16,GCAGTTATCAAACGGG-1,0.35950561214027427
PB,MS,MS,16,GCATACAAGAGGTACC-1,0.16003389847306368
PB,MS,MS,16,GCATACACAGTATGCT-1,0.4222339023063233
PB,MS,MS,16,GCATGCGTCAACACAC-1,0.8026862084127363
PB,MS,MS,16,GCATGTACAGCTGTGC-1,0.5718219623776283
PB,MS,MS,16,GCATGTAGTCCCGACA-1,-0.13559787150177607
PB,MS,MS,16,GCCAAATAGGTCATCT-1,0.2142108847117849
PB,MS,MS,16,GCCTCTATCATACGGT-1,-0.12767221299824685
PB,MS,MS,16,GCGACCAAGAAGAAGC-1,-0.08871813226945748
PB,MS,MS,16,GCGAGAAAGCAGGTCA-1-1,0.46710894382165796
PB,MS,MS,16,GCGAGAATCAGATAAG-1,0.14307483360182213
PB,MS,MS,16,GCGCGATAGGGAAACA-1,-0.006186823213625022
PB,MS,MS,16,GCGCGATGTTCATGGT-1,0.358704050688366
PB,MS,MS,16,GCGGGTTAGGATCGCA-1,-0.22186858596321582
PB,MS,MS,16,GCTCCTACAAATCCGT-1,-0.1210748036374408
PB,MS,MS,16,GCTGCAGCATGAACCT-1,0.46252961770562784
PB,MS,MS,16,GCTGCGAAGGTAGCCA-1-1,1.0841931770664464
PB,MS,MS,16,GCTGCTTGTAAAGGAG-1,0.10736437431435761
PB,MS,MS,16,GCTTCCAAGCTTCGCG-1,0.5838662150098275
PB,MS,MS,16,GGAAAGCCATCACCCT-1,-0.004657868678058856
PB,MS,MS,16,GGAATAACAGGAACGT-1,-0.13830796657466513
PB,MS,MS,16,GGACGTCTCCTATTCA-1,0.6237297081101006
PB,MS,MS,16,GGAGCAATCGTAGGAG-1,-0.009166522270009627
PB,MS,MS,16,GGATGTTTCACGATGT-1,0.38792311754538894
PB,MS,MS,16,GGATTACGTTGATTGC-1,0.5419929541396357
PB,MS,MS,16,GGCAATTCAATCCGAT-1,0.5291127189868522
PB,MS,MS,16,GGCCGATAGAAACCTA-1,0.0033890374835462106
PB,MS,MS,16,GGCCGATGTCGAATCT-1,0.062217884485105866
PB,MS,MS,16,GGCCGATTCGCACTCT-1,-0.09972989069428985
PB,MS,MS,16,GGCGACTAGGAGTACC-1,0.6170572281803979
PB,MS,MS,16,GGCGACTTCGAACTGT-1,1.065087956498659
PB,MS,MS,16,GGCTCGAAGGAGCGAG-1,0.45103385389386863
PB,MS,MS,16,GGGAATGTCGGATGGA-1,-0.00917271705234928
PB,MS,MS,16,GGGATGACACAGTCGC-1,0.5314639695403277
PB,MS,MS,16,GGGCATCAGAATGTGT-1,0.24042773435836245
PB,MS,MS,16,GGGCATCAGAGGTAGA-1,0.7528805697157254
PB,MS,MS,16,GGGTTGCTCAGTACGT-1,0.7604136581103375
PB,MS,MS,16,GGTATTGGTCAATACC-1,0.814445383951563
PB,MS,MS,16,GGTATTGTCAGGATCT-1,-0.08783172102919365
PB,MS,MS,16,GGTGAAGAGAAGAAGC-1,-0.09262587046496916
PB,MS,MS,16,GGTGTTAAGAGGTTGC-1,-0.30405527223520673
PB,MS,MS,16,GGTGTTAAGCTCTCGG-1,1.2994182720515333
PB,MS,MS,16,GGTGTTAAGTAACCCT-1,-0.30405527223520673
PB,MS,MS,16,GGTGTTATCTGCGGCA-1,1.2706236542332128
PB,MS,MS,16,GTAACGTAGCTACCTA-1,0.6026044840828652
PB,MS,MS,16,GTAACGTAGGCCCGTT-1,-0.08078767568222016
PB,MS,MS,16,GTAACGTGTCGAGATG-1,-0.05103421827998692
PB,MS,MS,16,GTAACGTTCTGACCTC-1,1.2163281826237824
PB,MS,MS,16,GTACGTAAGTACATGA-1,-0.30405527223520673
PB,MS,MS,16,GTACTCCTCGTTGCCT-1,0.27555229047108637
PB,MS,MS,16,GTAGTCATCTTCATGT-1,0.2056712985839513
PB,MS,MS,16,GTATCTTAGCACCGCT-1,0.3396619690058818
PB,MS,MS,16,GTATCTTTCTTCTGGC-1,0.0387294505544881
PB,MS,MS,16,GTATTCTCAGGTCTCG-1-1,0.44229574601831667
PB,MS,MS,16,GTATTCTTCAGCACAT-1,0.5535086822043708
PB,MS,MS,16,GTATTCTTCGTGTAGT-1,0.028657409727225303
PB,MS,MS,16,GTCAAGTAGCTCCCAG-1,-0.014390871876313605
PB,MS,MS,16,GTCACGGGTCCTCCAT-1,0.1645136200410891
PB,MS,MS,16,GTCCTCACAAGCGAGT-1,0.8020446638789023
PB,MS,MS,16,GTCTCGTTCTGCAAGT-1,0.16622978787309148
PB,MS,MS,16,GTCTTCGAGGGATCTG-1,0.19969151403747798
PB,MS,MS,16,GTGCAGCGTACCGCTG-1,0.43699089447526307
PB,MS,MS,16,GTGCATAAGAACAACT-1,-0.011552638672959827
PB,MS,MS,16,GTGCATATCCTACAGA-1,0.19415434784048832
PB,MS,MS,16,GTGCTTCCAAGCGCTC-1,0.44125040098009743
PB,MS,MS,16,GTGTTAGAGGCACATG-1,0.016970354619288856
PB,MS,MS,16,GTGTTAGCACGTAAGG-1,0.34355369404586117
PB,MS,MS,16,GTGTTAGGTCGTTGTA-1,-0.30405527223520673
PB,MS,MS,16,GTTAAGCAGGCTAGGT-1,0.7249355438044177
PB,MS,MS,16,GTTAAGCCAGCTCGAC-1,0.04107445925471741
PB,MS,MS,16,GTTACAGAGCCAACAG-1,0.18278013131374468
PB,MS,MS,16,GTTCATTCATGGTTGT-1,-0.12134072401514162
PB,MS,MS,16,GTTCGGGAGGACACCA-1,0.3012814607297521
PB,MS,MS,16,GTTCGGGAGGCATGTG-1,0.42409069429810015
PB,MS,MS,16,GTTCTCGCAGCAGTTT-1,-0.164854926949124
PB,MS,MS,16,GTTCTCGTCGCCGTGA-1,0.09953769815269643
PB,MS,MS,16,TAAGCGTAGTGCCAGA-1,0.47136093170046944
PB,MS,MS,16,TAAGCGTCACCGCTAG-1,0.0491183935597554
PB,MS,MS,16,TACACGACACTGAAGG-1,0.5257695414838698
PB,MS,MS,16,TACAGTGGTAAATGTG-1,-0.0038991882866697336
PB,MS,MS,16,TACGGATTCTCATTCA-1,0.2308331884966473
PB,MS,MS,16,TACGGTACAGTATCTG-1,0.4008434498374421
PB,MS,MS,16,TACTCATTCGAGGTAG-1,0.16798324690368957
PB,MS,MS,16,TACTCATTCTGTTGAG-1,0.8674186384899427
PB,MS,MS,16,TACTCGCTCGGACAAG-1,-0.1059899559585171
PB,MS,MS,16,TACTTGTAGGACAGCT-1,1.5719530727735458
PB,MS,MS,16,TAGACCAAGATGCCTT-1,0.3556126085136674
PB,MS,MS,16,TAGACCATCGTATCAG-1,0.09865826855437303
PB,MS,MS,16,TAGAGCTTCAAACCAC-1,-0.30405527223520673
PB,MS,MS,16,TAGCCGGCAGCGTTCG-1,-0.20958256695609936
PB,MS,MS,16,TAGCCGGGTAGATTAG-1,1.4041667275558922
PB,MS,MS,16,TAGGCATAGACAAGCC-1,0.24427492137511697
PB,MS,MS,16,TAGGCATAGAGTACAT-1,0.6303482733512586
PB,MS,MS,16,TAGGCATTCGTTTGCC-1,0.1272058456867003
PB,MS,MS,16,TATGCCCAGACTAAGT-1,0.47204252278866177
PB,MS,MS,16,TATGCCCGTCAACATC-1,-0.11930272025191112
PB,MS,MS,16,TATTACCCAGGGAGAG-1,0.8216911729518109
PB,MS,MS,16,TATTACCTCCTCTAGC-1,0.3558405169307024
PB,MS,MS,16,TCAACGATCAACGGGA-1,0.45087941081924743
PB,MS,MS,16,TCACAAGCATCCGGGT-1,-0.30405527223520673
PB,MS,MS,16,TCATTTGAGACAAGCC-1,0.288980959227438
PB,MS,MS,16,TCATTTGAGGTAAACT-1,0.2064959884397404
PB,MS,MS,16,TCCACACTCTATCCCG-1,0.6412593272410516
PB,MS,MS,16,TCCCGATGTAACGACG-1,0.4982840851034634
PB,MS,MS,16,TCGCGAGGTTTACTCT-1,0.12706439249928012
PB,MS,MS,16,TCGGTAAAGTGCGTGA-1,-0.1213753382466463
PB,MS,MS,16,TCGTACCCAGCTGGCT-1,-0.01652797921914703
PB,MS,MS,16,TCGTACCCATCGTCGG-1,-0.12346084241707181
PB,MS,MS,16,TCGTAGACAGCGTAAG-1,-0.18451708625507082
PB,MS,MS,16,TCGTAGATCATATCGG-1,0.3733779413641555
PB,MS,MS,16,TCTATTGGTCGCCATG-1-1,0.24956612464306646
PB,MS,MS,16,TCTTCGGGTACAGTGG-1,0.1582066343180179
PB,MS,MS,16,TCTTCGGTCAACCATG-1,0.14223064458446957
PB,MS,MS,16,TGACAACGTTCCGGCA-1,0.28501227633270465
PB,MS,MS,16,TGACAACTCAGTCCCT-1,0.20690045397801424
PB,MS,MS,16,TGACAACTCGCCAGCA-1,0.7936643742661259
PB,MS,MS,16,TGACGGCTCTTGCATT-1,0.1574457827256062
PB,MS,MS,16,TGACTAGAGCGCCTCA-1,0.7020470420496243
PB,MS,MS,16,TGACTAGAGTCATGCT-1,0.2660682515545156
PB,MS,MS,16,TGACTAGAGTTGTCGT-1,0.17870245195769136
PB,MS,MS,16,TGACTTTAGGGATCTG-1,-0.036528998337417455
PB,MS,MS,16,TGATTTCGTCATCGGC-1,0.5077639939824011
PB,MS,MS,16,TGCCAAATCCTGCTTG-1,-0.04644646413190852
PB,MS,MS,16,TGCCCTAGTAGCTGCC-1,-0.16915498536306325
PB,MS,MS,16,TGCGGGTCAGCGAACA-1,0.2584025993810018
PB,MS,MS,16,TGGCCAGAGAGATGAG-1,0.13733087215768006
PB,MS,MS,16,TGGCGCATCCGTAGTA-1,0.7655895685255162
PB,MS,MS,16,TGGCGCATCGGCGGTT-1,0.4151762920892375
PB,MS,MS,16,TGGGAAGAGATGTAAC-1,0.6256039032559889
PB,MS,MS,16,TGTCCCAAGACTGTAA-1,-0.30405527223520673
PB,MS,MS,16,TGTCCCAGTACATGTC-1,0.4822339548089724
PB,MS,MS,16,TGTGGTATCAGTCCCT-1,0.8890781342550245
PB,MS,MS,16,TGTGTTTAGGGTTCCC-1,0.828410349949616
PB,MS,MS,16,TGTTCCGCATGTTCCC-1,-0.11378413683248233
PB,MS,MS,16,TTAACTCGTATGGTTC-1,1.0324652986228497
PB,MS,MS,16,TTAGTTCTCGTGGACC-1,-0.30405527223520673
PB,MS,MS,16,TTATGCTCATCTCCCA-1,0.3090190759948773
PB,MS,MS,16,TTCGAAGAGCCAACAG-1,0.2490360512097216
PB,MS,MS,16,TTCTACAAGTGCAAGC-1-1,0.3559485648044455
PB,MS,MS,16,TTCTTAGGTCTCAACA-1,-0.17683282862558367
PB,MS,MS,16,TTGAACGAGATGTAAC-1,0.610218436308492
PB,MS,MS,16,TTGAACGCACTACAGT-1,0.5154356670029404
PB,MS,MS,16,TTGACTTGTGGTCCGT-1,0.2828171198984984
PB,MS,MS,16,TTGACTTTCGTCCAGG-1,0.014666657307502499
PB,MS,MS,16,TTGCCGTAGCGATGAC-1,0.23574584428227466
PB,MS,MS,16,TTGCCGTAGTAGCCGA-1,0.09655854439462144
PB,MS,MS,16,TTGGAACCACCCATGG-1,-0.01717760035509605
PB,MS,MS,16,TTGGAACGTAAGCACG-1,0.9126149655294762
PB,MS,MS,16,TTGGCAAAGAAACGAG-1,0.6449956804340783
PB,MS,MS,16,TTGGCAATCCAAGCCG-1,-0.09226725941496114
PB,MS,MS,16,TTGTAGGGTACCGGCT-1,-0.10796822381543646
PB,MS,MS,16,TTGTAGGGTCATATCG-1,0.5005510239504024
PB,MS,MS,16,TTTGTCAAGAAGAAGC-1,0.55885994344557
PB,MS,MS,16,TTTGTCAGTCACTGGC-1,-0.04324295178725699
PB,MS,MS,22,AAATGCCCATTAGCCA-1,0.2557707641503704
PB,MS,MS,22,AAGCCGCCACCGCTAG-1,0.06236835268641949
PB,MS,MS,22,AAGGAGCGTATAAACG-1,-0.14359019091614897
PB,MS,MS,22,AAGGTTCCATGCCTAA-1,1.168327058432292
PB,MS,MS,22,ACAGCTAAGTTGTAGA-1,-0.1577824687100977
PB,MS,MS,22,ACGAGCCAGAAGGACA-1,0.10961715033232788
PB,MS,MS,22,ACGCCAGGTCGCGAAA-1,0.04662240840133943
PB,MS,MS,22,ACGCCAGTCGTCACGG-1,-0.30405527223520673
PB,MS,MS,22,ACGTCAAAGACCCACC-1,0.7134912121172707
PB,MS,MS,22,AGATCTGGTTCGTTGA-1,0.44829043170932353
PB,MS,MS,22,AGCGTATGTTCCATGA-1,0.08156356391828791
PB,MS,MS,22,AGCTCTCCATCGACGC-1,-0.11272737796371075
PB,MS,MS,22,ATAACGCTCACAGTAC-1,0.23708409517536896
PB,MS,MS,22,ATAGACCTCTCAACTT-1,-0.08582179437094518
PB,MS,MS,22,ATAGACCTCTGGTTCC-1,0.09542442425117302
PB,MS,MS,22,ATCTGCCTCACATAGC-1,0.13260433000474783
PB,MS,MS,22,ATTCTACCATCGGACC-1,0.03879166840521309
PB,MS,MS,22,CAACCTCTCCATGAGT-1-1,-0.16359984309336242
PB,MS,MS,22,CAAGAAAAGCTAGTGG-1-1,0.14154243377268544
PB,MS,MS,22,CACACAAGTGCAGGTA-1,0.11249408300359061
PB,MS,MS,22,CACAGTACAGCCTTGG-1,0.5825599549259952
PB,MS,MS,22,CAGAATCAGGACAGCT-1,1.7159771259911216
PB,MS,MS,22,CAGCGACTCGAGAGCA-1,0.016431428357194376
PB,MS,MS,22,CATATGGAGTCATGCT-1,0.06454940574759913
PB,MS,MS,22,CATCAAGGTCGGGTCT-1,0.0474705738498601
PB,MS,MS,22,CCACGGATCGTTTGCC-1,-0.026289118760368744
PB,MS,MS,22,CCCTCCTAGCGTCTAT-1,0.271272026591793
PB,MS,MS,22,CCTAGCTTCGACCAGC-1,0.8443321138343133
PB,MS,MS,22,CCTCTGAAGAGTACCG-1,-0.0020519925037315906
PB,MS,MS,22,CCTTACGTCAACGCTA-1,0.08268484538387179
PB,MS,MS,22,CCTTACGTCCTACAGA-1,0.8002725624937502
PB,MS,MS,22,CCTTTCTTCAACGGGA-1,0.7357202324943846
PB,MS,MS,22,CGAGCACCAAAGCGGT-1,-0.10708944765535953
PB,MS,MS,22,CGATGGCAGCGAAGGG-1,-0.03663998428581333
PB,MS,MS,22,CGTAGGCTCTGTGCAA-1,0.7004044349132993
PB,MS,MS,22,CGTTCTGTCATATCGG-1,-0.016844920374408594
PB,MS,MS,22,CTACATTTCACCAGGC-1,0.047478804050790684
PB,MS,MS,22,CTCAGAACAAGACGTG-1,-0.15343450966028177
PB,MS,MS,22,CTCGAGGGTCTGGAGA-1,0.04413194808900056
PB,MS,MS,22,GACACGCAGCGTAATA-1,0.23537964745447584
PB,MS,MS,22,GACGCGTCAGTCTTCC-1,0.20200227559488784
PB,MS,MS,22,GACTACAAGATATACG-1,0.33917196532486044
PB,MS,MS,22,GATCTAGTCATCGCTC-1,0.18664053889555263
PB,MS,MS,22,GCAAACTTCGGTTAAC-1,-0.0772824461023395
PB,MS,MS,22,GCGAGAAGTATTACCG-1,-0.30405527223520673
PB,MS,MS,22,GCGCGATTCATGCTCC-1,-0.19999819689537027
PB,MS,MS,22,GCGGGTTCAGCTATTG-1,0.5948225884781563
PB,MS,MS,22,GCTGCGATCAACCAAC-1,0.8685225849904422
PB,MS,MS,22,GGAAAGCAGCAGCGTA-1,-0.054061508454552064
PB,MS,MS,22,GGCAATTGTTATCACG-1,0.5111378206671089
PB,MS,MS,22,GGTATTGTCGAGAACG-1,-0.051158192842264624
PB,MS,MS,22,GTAACTGCACGAGAGT-1,0.21768996939729504
PB,MS,MS,22,GTACTCCCAGGCTGAA-1,0.5064546259873863
PB,MS,MS,22,GTGCATACACTGTTAG-1,0.09512419963569259
PB,MS,MS,22,GTGTTAGAGATCGGGT-1,0.35463863385391076
PB,MS,MS,22,GTTCTCGTCCGCGGTA-1,0.24565718586172916
PB,MS,MS,22,TACGGGCTCCCATTAT-1,-0.07003607062200508
PB,MS,MS,22,TAGTGGTGTACCCAAT-1,0.3791926109418982
PB,MS,MS,22,TATCAGGCACTACAGT-1,0.4168214045798017
PB,MS,MS,22,TCAGATGGTGATAAGT-1,0.04167764310853688
PB,MS,MS,22,TCAGGATTCAAGGTAA-1,0.736343003667562
PB,MS,MS,22,TCATTTGAGATATGCA-1,-0.12719433802669602
PB,MS,MS,22,TCGGTAAGTGCACTTA-1,0.06818305621348174
PB,MS,MS,22,TCTGAGAGTTAAGATG-1,-0.11645129110295903
PB,MS,MS,22,TCTGGAACATGTAGTC-1,-0.18690288734230526
PB,MS,MS,22,TCTTTCCGTGAGGCTA-1,0.334424820112983
PB,MS,MS,22,TGATTTCAGACAGACC-1,-0.15926192249547716
PB,MS,MS,22,TGCACCTCACGGTAGA-1,0.19414914786570034
PB,MS,MS,22,TGCGCAGTCGACCAGC-1,0.18937678700967966
PB,MS,MS,22,TGGACGCAGGACCACA-1,-0.30405527223520673
PB,MS,MS,22,TGGGAAGGTATCAGTC-1,0.20118895954615443
PB,MS,MS,22,TGGTTAGCAGCCTTGG-1,0.40096189521035486
PB,MS,MS,22,TGGTTCCAGCCACGCT-1,-0.18810624677214235
PB,MS,MS,22,TTCTCCTGTGGCAAAC-1,0.0655585981918569
PB,MS,MS,22,TTCTCCTTCCTATTCA-1,-0.0210955902583162
PB,MS,MS,22,TTTGTCAAGCCCAATT-1,-0.18419707413556832
PB,MS,MS,24,AAAGTAGGTAGCTAAA-1,-0.004259031952450333
PB,MS,MS,24,AACCATGAGCCACGCT-1,0.3096127092696868
PB,MS,MS,24,AACCATGAGCTAGTCT-1,0.3564513455188848
PB,MS,MS,24,AACTCAGGTATTCTCT-1,0.021364321651827
PB,MS,MS,24,AACTCCCAGTGTACTC-1,-0.0061569709303527865
PB,MS,MS,24,AACTCTTCAGACTCGC-1,0.3669328517856053
PB,MS,MS,24,AAGACCTCATCTCGCT-1,0.20378207463280265
PB,MS,MS,24,AAGGAGCAGGGTGTTG-1,0.242212775259036
PB,MS,MS,24,AAGTCTGAGCCATCGC-1,0.8360041304590409
PB,MS,MS,24,AATCCAGCAGCCTTTC-1,-0.008323610859074657
PB,MS,MS,24,ACACTGAAGACAGAGA-1,0.4553697987350101
PB,MS,MS,24,ACAGCTATCACGAAGG-1,0.19396441885936358
PB,MS,MS,24,ACAGCTATCTGAAAGA-1-1,-0.19535635980918675
PB,MS,MS,24,ACCAGTACACTAAGTC-1,0.671895510707303
PB,MS,MS,24,ACCAGTAGTGGACGAT-1,0.1952898544568225
PB,MS,MS,24,ACCGTAATCACCGGGT-1,0.15705534616710917
PB,MS,MS,24,ACCTTTACATAACCTG-1,0.04093358624583234
PB,MS,MS,24,ACGAGCCGTCTAGTCA-1,-0.013017487712352782
PB,MS,MS,24,ACGATACGTTAAGACA-1-1,0.4205796586725647
PB,MS,MS,24,ACGATACTCAAAGTAG-1,-0.09579742550982942
PB,MS,MS,24,ACGATGTAGTGCCATT-1,0.5716962589809107
PB,MS,MS,24,ACGGCCAAGTGTTTGC-1,0.8533042334645172
PB,MS,MS,24,ACGGCCAGTCAGGACA-1,0.0950184400761268
PB,MS,MS,24,ACGGCCAGTTTACTCT-1,-0.05846906154916701
PB,MS,MS,24,ACGTCAAAGGACACCA-1,-0.14078653596695861
PB,MS,MS,24,ACTGATGCAGGAATCG-1,0.35138790859783503
PB,MS,MS,24,ACTTACTAGGGTCTCC-1,0.20411613408284993
PB,MS,MS,24,ACTTTCAGTAGCTGCC-1,-0.1725003309164916
PB,MS,MS,24,AGAATAGAGAGTAATC-1,0.02505891005321359
PB,MS,MS,24,AGAATAGTCGAATCCA-1,0.6383591816306078
PB,MS,MS,24,AGAGTGGTCCTAAGTG-1,0.5012839171074462
PB,MS,MS,24,AGATCTGTCCAACCAA-1,0.325312584510026
PB,MS,MS,24,AGATTGCTCTCGCATC-1,0.21720072836921103
PB,MS,MS,24,AGCATACGTTGCCTCT-1,-0.025365175001128098
PB,MS,MS,24,AGCCTAAAGCTAGGCA-1,0.924021513782649
PB,MS,MS,24,AGCGGTCAGATAGGAG-1,0.3841650568506317
PB,MS,MS,24,AGCGTATCAGTTCCCT-1,0.08135149303961668
PB,MS,MS,24,AGCTCCTCAGTTCATG-1,-0.30405527223520673
PB,MS,MS,24,AGCTTGACAGGATCGA-1,-0.215058485337816
PB,MS,MS,24,AGGGAGTTCCAACCAA-1,-0.03280608142903117
PB,MS,MS,24,AGGGTGAGTACCAGTT-1,-0.14385715626891601
PB,MS,MS,24,AGGGTGATCTACTCAT-1,0.7731878468287257
PB,MS,MS,24,AGTGAGGTCCGAATGT-1,0.05723615937488207
PB,MS,MS,24,AGTGTCACATCCTAGA-1,-0.30405527223520673
PB,MS,MS,24,AGTTGGTTCGAGAGCA-1,-0.019383989615722328
PB,MS,MS,24,ATAACGCGTCTAGGTT-1,0.13859194322429166
PB,MS,MS,24,ATCGAGTGTATCACCA-1,-0.12332461222215609
PB,MS,MS,24,ATCTGCCAGCATGGCA-1,0.5772664841650991
PB,MS,MS,24,ATGCGATTCTGCTTGC-1,-0.30405527223520673
PB,MS,MS,24,ATGTGTGAGGCATGGT-1,0.1965864854752169
PB,MS,MS,24,ATGTGTGTCAACACAC-1,-0.0017547798697592329
PB,MS,MS,24,ATTATCCAGGATATAC-1,-0.12081154333481156
PB,MS,MS,24,ATTTCTGAGTTAACGA-1,1.0315932350194525
PB,MS,MS,24,CAACTAGAGTGTACGG-1,0.269467440630755
PB,MS,MS,24,CAAGATCAGTTCGATC-1,0.23118173929553207
PB,MS,MS,24,CAAGGCCGTTGAACTC-1,0.4493007717236427
PB,MS,MS,24,CACATAGCACAGGTTT-1,-0.010438846548059917
PB,MS,MS,24,CACATTTCAACACCTA-1,0.5598425755087885
PB,MS,MS,24,CACATTTCACAGAGGT-1,0.09757469772932124
PB,MS,MS,24,CACTCCAGTTCCCGAG-1,0.5058416634734315
PB,MS,MS,24,CAGAATCAGGCTATCT-1,0.24191516300648708
PB,MS,MS,24,CAGAATCGTAGGGACT-1,-0.13005222702569497
PB,MS,MS,24,CAGATCAAGAAGATTC-1,-0.15716150444385793
PB,MS,MS,24,CAGCAGCTCGAGAACG-1,-0.08484079912003543
PB,MS,MS,24,CAGCATATCCGCGGTA-1,-0.17709416461414015
PB,MS,MS,24,CAGCGACGTGTCTGAT-1,0.6483279599129228
PB,MS,MS,24,CAGCGACGTTAGGGTG-1,-0.0646383461541147
PB,MS,MS,24,CAGTCCTGTCAACTGT-1,-0.11211421097797922
PB,MS,MS,24,CATATGGCAATGAATG-1,-0.03087146116578094
PB,MS,MS,24,CATCAAGGTAAGTGTA-1,0.12589509041195251
PB,MS,MS,24,CATCGGGGTCGGCACT-1,-0.062195041743521924
PB,MS,MS,24,CATGACATCTCTAAGG-1,0.12155581683061482
PB,MS,MS,24,CATGCCTAGCCAGGAT-1,0.6309690269268383
PB,MS,MS,24,CATTATCGTTGATTCG-1,0.011130265893148552
PB,MS,MS,24,CATTATCTCGCAAACT-1,0.6388922904571651
PB,MS,MS,24,CCAATCCGTCTCAACA-1,0.010333640510381594
PB,MS,MS,24,CCAATCCGTGACGGTA-1,0.2473199909649187
PB,MS,MS,24,CCCTCCTCAAACGTGG-1,0.6123000496923592
PB,MS,MS,24,CCGGGATGTAACGTTC-1,-0.07120334471351229
PB,MS,MS,24,CCGGGATGTGCAGTAG-1,0.1763876850124306
PB,MS,MS,24,CCGTACTGTTTGTTTC-1,0.011857359917811434
PB,MS,MS,24,CCGTTCAGTTACGCGC-1,0.4140604361607095
PB,MS,MS,24,CCTACACCACGTCAGC-1,0.09238892569072452
PB,MS,MS,24,CCTACACGTGACTACT-1,0.03671650114266981
PB,MS,MS,24,CCTATTACAGCCTATA-1,0.16458181682358658
PB,MS,MS,24,CCTTCCCAGAGTACAT-1,0.4768657385670107
PB,MS,MS,24,CCTTTCTAGACCGGAT-1,-0.30405527223520673
PB,MS,MS,24,CGAACATCATCCAACA-1-1,0.20490576662244697
PB,MS,MS,24,CGAGAAGGTAAGGGCT-1,-0.14041453248523333
PB,MS,MS,24,CGATGGCTCACAATGC-1,0.32828680879039096
PB,MS,MS,24,CGATGGCTCGTTACGA-1-1,0.5037857016339423
PB,MS,MS,24,CGATTGAAGGTGGGTT-1,0.5047519665742602
PB,MS,MS,24,CGCGTTTAGCTAAACA-1,-0.10893956477205528
PB,MS,MS,24,CGGAGCTCACAAGTAA-1,-0.30405527223520673
PB,MS,MS,24,CGGAGCTCACTGTTAG-1,0.17643971608511974
PB,MS,MS,24,CGGCTAGGTATAATGG-1,0.5862539859892814
PB,MS,MS,24,CGGTTAACAAGTCTGT-1,0.05271778914718358
PB,MS,MS,24,CGTAGGCAGCTGTCTA-1,-0.12610435840707376
PB,MS,MS,24,CGTCACTCAGTATAAG-1,-0.17587299527921604
PB,MS,MS,24,CGTCACTGTTGTCGCG-1,0.058377904688023584
PB,MS,MS,24,CGTCCATAGAACTGTA-1,0.6827030233884088
PB,MS,MS,24,CGTCTACCATCAGTCA-1,-0.030387317704113577
PB,MS,MS,24,CGTGAGCTCTGCGACG-1,-0.1513134376260646
PB,MS,MS,24,CGTGTAACACAAGTAA-1,-0.012783235210059267
PB,MS,MS,24,CGTTAGACAGACTCGC-1,0.6858539183027069
PB,MS,MS,24,CGTTCTGAGTTAGCGG-1,-0.30405527223520673
PB,MS,MS,24,CGTTCTGTCTCTAGGA-1,0.2654883917017848
PB,MS,MS,24,CTAACTTAGGTTACCT-1,0.6695430389144221
PB,MS,MS,24,CTAACTTCAGGAACGT-1,-0.08090808632303814
PB,MS,MS,24,CTAAGACAGCTAGTGG-1,0.5413424645754251
PB,MS,MS,24,CTAAGACTCAGTCAGT-1,-0.05280203105842475
PB,MS,MS,24,CTACACCGTTCATGGT-1,-0.003006100320026715
PB,MS,MS,24,CTACGTCCAACGATGG-1,-0.11294308075386164
PB,MS,MS,24,CTCACACTCGTTGACA-1,0.6280886166524257
PB,MS,MS,24,CTCAGAACAATGACCT-1,-0.15075226004084152
PB,MS,MS,24,CTCAGAACAGTGGGAT-1,0.28917844262817793
PB,MS,MS,24,CTCAGAAGTGATGTCT-1,-0.07417054944611907
PB,MS,MS,24,CTCCTAGAGACCTTTG-1,0.40090603682782405
PB,MS,MS,24,CTCCTAGGTGAGGGAG-1,-0.30405527223520673
PB,MS,MS,24,CTCGAGGAGGATGGTC-1,0.01796274028623644
PB,MS,MS,24,CTCGGAGCATTGGGCC-1,-0.30405527223520673
PB,MS,MS,24,CTCGTACCATCATCCC-1,-0.30405527223520673
PB,MS,MS,24,CTCGTCAAGCGGATCA-1,-0.0679404364570014
PB,MS,MS,24,CTCTACGCATCCTTGC-1,0.28291131085214294
PB,MS,MS,24,CTCTGGTTCTTGACGA-1,0.08610214529493099
PB,MS,MS,24,CTGAAACCATAGAAAC-1,0.004836291911094788
PB,MS,MS,24,CTGAAACCATGGTCAT-1,-0.30405527223520673
PB,MS,MS,24,CTGATAGGTCATCGGC-1,0.2943154358031189
PB,MS,MS,24,CTGCTGTCAGGTGGAT-1,-0.011840752510336203
PB,MS,MS,24,CTGGTCTTCGTCACGG-1,-0.013437849168501262
PB,MS,MS,24,CTTAACTGTTGCTCCT-1,-0.05994407921320566
PB,MS,MS,24,GAAATGAAGCTGAAAT-1,-0.30405527223520673
PB,MS,MS,24,GAACCTAAGCGATTCT-1,0.23218781495116686
PB,MS,MS,24,GAATAAGCAGTAACGG-1,0.1593321906061837
PB,MS,MS,24,GACACGCGTACCAGTT-1,-0.19681191862731542
PB,MS,MS,24,GACACGCGTTTACTCT-1,0.3900882425673287
PB,MS,MS,24,GACCAATCAGGCTCAC-1,0.8258324600380836
PB,MS,MS,24,GACTAACCACCTTGTC-1,-0.13908704454968782
PB,MS,MS,24,GACTACATCGCATGGC-1,-0.30405527223520673
PB,MS,MS,24,GAGTCCGAGGATGGAA-1,0.41994209510715547
PB,MS,MS,24,GATCAGTTCTTCGAGA-1,0.2832975287095035
PB,MS,MS,24,GATCGATTCATAACCG-1,0.8269786301700323
PB,MS,MS,24,GATCGCGCAGACAAGC-1,0.1821919363611849
PB,MS,MS,24,GATCGCGGTTATGTGC-1,-0.14683056499642597
PB,MS,MS,24,GATCGTACATGATCCA-1,-0.044198433407077284
PB,MS,MS,24,GATCGTATCGGTGTCG-1,-0.12022797066132741
PB,MS,MS,24,GATGAGGCACTTCTGC-1,-0.30405527223520673
PB,MS,MS,24,GATGCTAGTATGAAAC-1,0.17823681943351374
PB,MS,MS,24,GATGCTATCCACTGGG-1,-0.1298674585892077
PB,MS,MS,24,GCAATCAAGCGCTTAT-1,0.15843260991193395
PB,MS,MS,24,GCACATAGTAAGTGGC-1,-0.06711706470730908
PB,MS,MS,24,GCAGTTAAGAACTGTA-1,0.11172632454375649
PB,MS,MS,24,GCAGTTATCCGTCATC-1,-0.0005580559451620218
PB,MS,MS,24,GCATGATAGTCCGGTC-1,0.07930476101890628
PB,MS,MS,24,GCCTCTAAGATCCCAT-1,0.11278374784487656
PB,MS,MS,24,GCGCAACAGGTGCTTT-1,-0.04109275836798238
PB,MS,MS,24,GCGCAACCAATCCAAC-1,-0.30405527223520673
PB,MS,MS,24,GCGCCAATCTACGAGT-1,-0.1284352191788439
PB,MS,MS,24,GCGGGTTCATGCCTTC-1,-0.30405527223520673
PB,MS,MS,24,GCTGCGAAGACCCACC-1,-0.19408784848004204
PB,MS,MS,24,GCTGCGAGTGCCTGGT-1,0.05142293476267406
PB,MS,MS,24,GCTGCGATCACGCGGT-1,-0.07195112047012607
PB,MS,MS,24,GCTGCTTCACGAGAGT-1,0.25689995038879687
PB,MS,MS,24,GCTGGGTCATGGTAGG-1,1.223454835219727
PB,MS,MS,24,GCTTCCACACCGATAT-1,-0.04538452532847662
PB,MS,MS,24,GCTTGAAAGTCCAGGA-1,0.6388702677289222
PB,MS,MS,24,GCTTGAAGTAACGTTC-1,0.3066051679460751
PB,MS,MS,24,GGAAAGCCAAGCCATT-1,0.0010471462728555464
PB,MS,MS,24,GGACAAGAGTGTTGAA-1,-0.30405527223520673
PB,MS,MS,24,GGACAAGGTCGGGTCT-1,0.576751303538879
PB,MS,MS,24,GGACAGAAGGGATCTG-1,1.2523834743153797
PB,MS,MS,24,GGACGTCTCAACACAC-1,-0.03047283990604818
PB,MS,MS,24,GGCAATTGTACCGTTA-1,0.47409254204017964
PB,MS,MS,24,GGCAATTGTCATGCCG-1,-0.0006751560024666243
PB,MS,MS,24,GGCAATTGTGTGGTTT-1,0.0007253690954620981
PB,MS,MS,24,GGCGACTCACCTTGTC-1,-0.11431267700432154
PB,MS,MS,24,GGCTCGAAGTACTTGC-1,0.5980670481322375
PB,MS,MS,24,GGGAATGAGACTAGGC-1-1,0.731971932525361
PB,MS,MS,24,GGGACCTCACTGTGTA-1,-0.30405527223520673
PB,MS,MS,24,GGGATGATCCAAACTG-1,0.2442055361139974
PB,MS,MS,24,GGGATGATCCTTGGTC-1,0.34330937320568167
PB,MS,MS,24,GGGCATCAGAAGATTC-1,-0.13666389448690308
PB,MS,MS,24,GGTGAAGAGCTTCGCG-1,-0.02377656212091604
PB,MS,MS,24,GGTGAAGCAGACTCGC-1,-0.012331969153600433
PB,MS,MS,24,GGTGCGTAGCCGTCGT-1,0.18206554552522286
PB,MS,MS,24,GTAACTGCAGTCAGCC-1,0.24330030189989152
PB,MS,MS,24,GTAACTGGTTACCAGT-1,-0.04132907087240012
PB,MS,MS,24,GTACGTACATGCCACG-1,-0.11998020064538059
PB,MS,MS,24,GTCAAGTCAGGTGGAT-1,0.29849606168034054
PB,MS,MS,24,GTCACGGAGACACGAC-1,-0.19049634343454774
PB,MS,MS,24,GTCACGGGTGAACCTT-1,0.2152670310305323
PB,MS,MS,24,GTCCTCAAGGATGGTC-1,-0.06539345945395271
PB,MS,MS,24,GTCGTAATCCCAAGTA-1,0.47324364225066606
PB,MS,MS,24,GTGCATACACACTGCG-1,0.19356780270885585
PB,MS,MS,24,GTGCATACACCACGTG-1,-0.30405527223520673
PB,MS,MS,24,GTGCATACATGTTGAC-1,1.2844628007258596
PB,MS,MS,24,GTGCTTCAGACATAAC-1,0.09409380198802211
PB,MS,MS,24,GTGTGCGTCAGAGACG-1,0.01912248258755178
PB,MS,MS,24,GTGTTAGCAAGGACTG-1,0.153439518467936
PB,MS,MS,24,GTTCTCGAGAAACCTA-1,-0.12156814287791486
PB,MS,MS,24,TAAGCGTCAACACCCG-1,-0.05150053894255534
PB,MS,MS,24,TACACGAAGTCTCCTC-1,-0.10220216518527182
PB,MS,MS,24,TACCTTACATAACCTG-1,-0.011253563488558929
PB,MS,MS,24,TACCTTACATAGACTC-1,1.0137458512591437
PB,MS,MS,24,TACCTTATCGTGACAT-1,0.07314899196059335
PB,MS,MS,24,TACTCATAGGGAACGG-1,0.17339855420779465
PB,MS,MS,24,TACTCATAGGTTCCTA-1,-0.1895982967814484
PB,MS,MS,24,TACTCATGTAAGAGAG-1,0.6762618384892809
PB,MS,MS,24,TACTCATTCAATCACG-1,0.4764902856738917
PB,MS,MS,24,TACTCGCTCCGTTGTC-1,-0.032983240883583176
PB,MS,MS,24,TACTTACGTTCGTCTC-1,-0.004519307165384036
PB,MS,MS,24,TAGACCAGTGCAACGA-1,0.41535261237787596
PB,MS,MS,24,TATTACCGTTCCCTTG-1,0.22555328566246363
PB,MS,MS,24,TCAACGACAGTTAACC-1,0.35755059356574964
PB,MS,MS,24,TCAGCTCGTAGTACCT-1,0.28247667038423707
PB,MS,MS,24,TCAGCTCTCCGCAGTG-1-1,-0.09592580950762561
PB,MS,MS,24,TCGCGTTAGCTATGCT-1,0.5107614548234094
PB,MS,MS,24,TCGGGACTCACTTATC-1,-0.30405527223520673
PB,MS,MS,24,TCGTACCGTGCACTTA-1,0.33380054939809384
PB,MS,MS,24,TCTATTGAGTGTCTCA-1,-0.1723255582732818
PB,MS,MS,24,TCTATTGGTCTCAACA-1,-0.30405527223520673
PB,MS,MS,24,TCTCTAATCAGTTGAC-1,-0.30405527223520673
PB,MS,MS,24,TCTGAGAGTAGCCTAT-1,0.08622930081989647
PB,MS,MS,24,TCTTCGGGTACCGGCT-1,0.03299220859501659
PB,MS,MS,24,TGAAAGACATGGTTGT-1,-0.18058073185884174
PB,MS,MS,24,TGACGGCTCCACGTTC-1,0.14841905750503034
PB,MS,MS,24,TGACTAGAGTCTCAAC-1,0.313701703279436
PB,MS,MS,24,TGACTAGCACAGATTC-1,-0.16721505212121826
PB,MS,MS,24,TGACTAGGTACTTCTT-1,0.7452621206289702
PB,MS,MS,24,TGACTTTAGCAGCCTC-1,-0.003858135417613754
PB,MS,MS,24,TGAGCATCAAGTACCT-1,0.0756934474976965
PB,MS,MS,24,TGCCAAACAATCCGAT-1,0.04168448550917393
PB,MS,MS,24,TGCCAAATCACCATAG-1,-0.30405527223520673
PB,MS,MS,24,TGCCCTACAAAGGTGC-1,0.5704419883403764
PB,MS,MS,24,TGCGCAGAGACTTGAA-1,-0.30405527223520673
PB,MS,MS,24,TGCGGGTCATGCCTTC-1,0.5975800208333041
PB,MS,MS,24,TGCGTGGCAGGAATCG-1-1,0.6614240532008983
PB,MS,MS,24,TGCTACCCATGTCGAT-1,0.02737584397527531
PB,MS,MS,24,TGGGCGTCACTGCCAG-1,0.6627970720233481
PB,MS,MS,24,TGGGCGTGTACTTGAC-1,-0.027487737725958757
PB,MS,MS,24,TGGGCGTGTTAAGTAG-1,-0.12685302263801426
PB,MS,MS,24,TGGTTAGCATCCCACT-1,-0.218045142525432
PB,MS,MS,24,TGGTTAGTCCTGCTTG-1,0.8434897822731877
PB,MS,MS,24,TGTCCCACATGGGACA-1,0.14128856331688733
PB,MS,MS,24,TGTGGTAAGCCGATTT-1,-0.14492507191066042
PB,MS,MS,24,TGTTCCGAGTAGGCCA-1,0.3121573518687599
PB,MS,MS,24,TTAACTCGTAGCGATG-1,0.4950200291701655
PB,MS,MS,24,TTCCCAGCATCAGTCA-1,-0.30405527223520673
PB,MS,MS,24,TTCCCAGCATGTCGAT-1,-0.13717615215648102
PB,MS,MS,24,TTCGAAGCAGGACCCT-1,-0.11871766713691097
PB,MS,MS,24,TTCGAAGGTCTGCGGT-1,0.24130279404654584
PB,MS,MS,24,TTCGAAGTCGGTTCGG-1,-0.12973328442384208
PB,MS,MS,24,TTCTTAGAGCCGCCTA-1,0.03781179222444201
PB,MS,MS,24,TTGAACGTCTGACCTC-1,0.039132434206967645
PB,MS,MS,24,TTGACTTCATGGTTGT-1,0.20694865737294096
PB,MS,MS,24,TTGACTTCATTGTGCA-1-1,0.5105298083620575
PB,MS,MS,24,TTGCCGTCAGACGTAG-1,-0.10939911301968672
PB,MS,MS,24,TTTCCTCGTAGGCTGA-1,0.164376281672825
PB,MS,MS,25,AAATGCCGTCACTTCC-1,-0.1044416203316071
PB,MS,MS,25,AACACGTGTGAGGGAG-1,0.5531700516289134
PB,MS,MS,25,AACCGCGCAAGTCTAC-1,0.20175895823301546
PB,MS,MS,25,AACGTTGTCTCATTCA-1,0.053140538802218966
PB,MS,MS,25,AACTCAGAGACGCACA-1,-0.10700118204168382
PB,MS,MS,25,AACTCTTCATCTGGTA-1,-0.30405527223520673
PB,MS,MS,25,AAGCCGCAGTCCATAC-1,-0.10649491248154008
PB,MS,MS,25,AATCGGTCACATCCGG-1,-0.07322400576844548
PB,MS,MS,25,ACACTGATCCGTACAA-1,0.06350513971527845
PB,MS,MS,25,ACAGCTAAGAATGTGT-1,-0.054503770615053564
PB,MS,MS,25,ACATGGTAGAATGTGT-1,0.30071243750884946
PB,MS,MS,25,ACGAGCCTCTAACCGA-1,-0.0644377468399931
PB,MS,MS,25,ACGATACGTTTCGCTC-1,-0.12379232075636004
PB,MS,MS,25,ACTGATGCATGGTCAT-1,0.40335162822102666
PB,MS,MS,25,AGCATACTCACTTCAT-1,-0.14595458447828794
PB,MS,MS,25,AGGCCGTGTTTGACAC-1,0.20157080634217076
PB,MS,MS,25,AGGGATGTCACGACTA-1,-0.08341908303161925
PB,MS,MS,25,AGGGATGTCCTGCCAT-1,0.32987104501874226
PB,MS,MS,25,AGTGTCACATGGTCTA-1,0.2759943785372164
PB,MS,MS,25,ATTATCCCAAGGGTCA-1,-0.30405527223520673
PB,MS,MS,25,ATTATCCGTAGGCATG-1,-0.30405527223520673
PB,MS,MS,25,ATTATCCTCGACGGAA-1,0.6911530735371313
PB,MS,MS,25,ATTATCCTCTTTACAC-1,-0.30405527223520673
PB,MS,MS,25,ATTTCTGCAATTGCTG-1,-0.005194439734632771
PB,MS,MS,25,CAACTAGAGACACTAA-1,-0.030101822353732426
PB,MS,MS,25,CACACTCTCCTGTACC-1,0.27846857042345674
PB,MS,MS,25,CAGATCAAGCACCGCT-1,-0.30405527223520673
PB,MS,MS,25,CAGCATAAGGACACCA-1,-0.004593518303262759
PB,MS,MS,25,CATCCACAGTCGAGTG-1,0.18660475262277817
PB,MS,MS,25,CATCCACTCACCTCGT-1,0.008788695894218395
PB,MS,MS,25,CATGGCGAGCTGATAA-1,-0.017092230764928114
PB,MS,MS,25,CATTATCGTACCGTAT-1,-0.30405527223520673
PB,MS,MS,25,CATTCGCTCCTTCAAT-1,0.4934226506219038
PB,MS,MS,25,CCGGTAGCAGGAATGC-1,-0.11562084883596942
PB,MS,MS,25,CCGTACTCAGACGCTC-1,-0.08753723284966408
PB,MS,MS,25,CCTCAGTTCGAGCCCA-1,-0.03837946836206442
PB,MS,MS,25,CCTTTCTGTGTGAAAT-1,0.31014251073618887
PB,MS,MS,25,CGAACATAGAGAACAG-1,0.13760929489549387
PB,MS,MS,25,CGACCTTGTAAACCTC-1,0.058454797611304836
PB,MS,MS,25,CGAGCACTCCACTGGG-1,0.074304421046429
PB,MS,MS,25,CGCTATCTCCGAAGAG-1,0.7803431969774374
PB,MS,MS,25,CGCTGGAGTTGTCGCG-1,-0.10762492546513444
PB,MS,MS,25,CGGGTCAGTAGTACCT-1,-0.08908251619896365
PB,MS,MS,25,CGGTTAAAGACACGAC-1,0.2562278601341671
PB,MS,MS,25,CGTAGGCCAGCGAACA-1,-0.30405527223520673
PB,MS,MS,25,CGTCAGGAGCCCAGCT-1,0.22481783874688852
PB,MS,MS,25,CGTCAGGTCATAGCAC-1,0.0030075351277298085
PB,MS,MS,25,CGTCTACTCAATACCG-1,0.6290844987536615
PB,MS,MS,25,CGTGTCTAGCTACCGC-1,0.11840584137107371
PB,MS,MS,25,CTACACCTCCGAGCCA-1,-0.0892240855439238
PB,MS,MS,25,CTCATTACACAGCGTC-1,-0.30405527223520673
PB,MS,MS,25,CTCGAGGTCCGTAGGC-1,0.22610188814465554
PB,MS,MS,25,CTGCGGAAGCTGAAAT-1,0.2604175670313798
PB,MS,MS,25,CTGCTGTAGGAGTTGC-1-1,-0.30405527223520673
PB,MS,MS,25,CTGTTTAGTTAGGGTG-1,-0.30405527223520673
PB,MS,MS,25,GAACATCCAAGCCGCT-1,0.09979159925232169
PB,MS,MS,25,GAACCTAAGCACCGCT-1,-0.30405527223520673
PB,MS,MS,25,GACACGCGTGGACGAT-1,0.5067030882680045
PB,MS,MS,25,GACGCGTGTCAACATC-1,0.09827756300886994
PB,MS,MS,25,GATCGTATCTAGAGTC-1,0.056617060999040625
PB,MS,MS,25,GATGCTAGTACAAGTA-1,0.19215053656361908
PB,MS,MS,25,GCAGTTAGTCATACTG-1,0.592558331359128
PB,MS,MS,25,GCGACCAGTAGGCTGA-1,-0.14728877902573048
PB,MS,MS,25,GCGAGAACACTAGTAC-1,0.31381895004929744
PB,MS,MS,25,GCGCAACTCCACGTGG-1,-0.30405527223520673
PB,MS,MS,25,GCTGCTTAGTGATCGG-1,0.14142369335101088
PB,MS,MS,25,GGACGTCAGTTACCCA-1,-0.05967019932659
PB,MS,MS,25,GGATGTTCAGACGCAA-1,-0.30405527223520673
PB,MS,MS,25,GGCTGGTGTAGGCATG-1,-0.30405527223520673
PB,MS,MS,25,GGGCATCGTATAGTAG-1,0.24031888393362674
PB,MS,MS,25,GGGTTGCGTACCAGTT-1,0.656813420132229
PB,MS,MS,25,GGTATTGTCAAAGACA-1,-0.30405527223520673
PB,MS,MS,25,GTACGTAAGTACACCT-1,1.063522962152735
PB,MS,MS,25,GTACTCCTCATCACCC-1,-0.30405527223520673
PB,MS,MS,25,GTCAAGTCATGCTAGT-1,0.0286846148680043
PB,MS,MS,25,GTCCTCACACCCATGG-1,-0.05535624774880115
PB,MS,MS,25,GTGAAGGAGGCATGGT-1,-0.30405527223520673
PB,MS,MS,25,GTGAAGGGTGTGACGA-1,-0.30405527223520673
PB,MS,MS,25,GTGGGTCAGATATACG-1,0.4366480466959766
PB,MS,MS,25,GTTAAGCAGTTTCCTT-1,-0.11027496707921634
PB,MS,MS,25,TACACGACAACGATGG-1,-0.30405527223520673
PB,MS,MS,25,TACACGATCTTGGGTA-1,-0.11220178021699602
PB,MS,MS,25,TACCTTACAGTGGGAT-1,-0.09385468027538182
PB,MS,MS,25,TACCTTAGTCTAGAGG-1,-0.30405527223520673
PB,MS,MS,25,TACGGATCATGGTTGT-1,-0.05143149542923379
PB,MS,MS,25,TACTCGCAGCTGTTCA-1,0.45705143567988965
PB,MS,MS,25,TACTTGTAGGCTCATT-1,0.44722059818921034
PB,MS,MS,25,TATCAGGAGTGACATA-1,0.5361646857314554
PB,MS,MS,25,TCAGCTCAGCTACCTA-1,-0.050901372170124484
PB,MS,MS,25,TCAGCTCGTAAGAGAG-1,-0.019178086781853947
PB,MS,MS,25,TCTGAGAAGTGGTCCC-1,0.19750290770103426
PB,MS,MS,25,TCTGGAATCTTGCATT-1,0.0817310424232993
PB,MS,MS,25,TGAGAGGAGCCAACAG-1,-0.10059945505285747
PB,MS,MS,25,TGAGGGATCGTTTATC-1,-0.031992045215849294
PB,MS,MS,25,TGATTTCAGCAATATG-1,0.19285800367624661
PB,MS,MS,25,TGCACCTTCAAACCGT-1,0.1083538038517654
PB,MS,MS,25,TGCCCTACATCCAACA-1,0.43593601735935655
PB,MS,MS,25,TGCCCTATCTGCGACG-1,-0.2275297924890031
PB,MS,MS,25,TGCGGGTTCTTACCTA-1,-0.11623361357832063
PB,MS,MS,25,TGCTACCAGTGTACCT-1,0.7074371718200749
PB,MS,MS,25,TTATGCTGTACGACCC-1,-0.10449297964780223
PB,MS,MS,25,TTCGGTCGTCGCCATG-1,-0.030603284094572247
PB,MS,MS,25,TTGGCAAAGCTAGCCC-1,-0.03891981770651228
PB,MS,MS,25,TTTGGTTTCCTTGCCA-1,-0.08615971232956961
PB,MS,MS,27,AAACCTGGTAATAGCA-1,-0.30405527223520673
PB,MS,MS,27,AAAGCAACAAGGACTG-1,0.15257461872621456
PB,MS,MS,27,AACGTTGTCTCGATGA-1,0.05204722774269232
PB,MS,MS,27,AAGGCAGTCAGCACAT-1,0.05417801788241091
PB,MS,MS,27,AATCGGTGTTAAAGTG-1,0.11706773859408597
PB,MS,MS,27,ACAGCTAGTGGGTATG-1,0.031901508236979466
PB,MS,MS,27,ACGAGGAGTCAAACTC-1,-0.08021131994825613
PB,MS,MS,27,ACGGGTCTCTTACCGC-1,-0.30405527223520673
PB,MS,MS,27,ACTATCTTCGACGGAA-1,-0.30405527223520673
PB,MS,MS,27,ACTGAACCATGCCTAA-1,-0.30405527223520673
PB,MS,MS,27,ACTGATGCACACAGAG-1,0.7814926952642919
PB,MS,MS,27,ACTGTCCTCAGCATGT-1,-0.16384879092434051
PB,MS,MS,27,ACTTGTTCATCGGACC-1,-0.1515482288803838
PB,MS,MS,27,AGATCTGGTGGTACAG-1,-0.19270290944847096
PB,MS,MS,27,AGCAGCCGTCGAGTTT-1,0.39826945923745355
PB,MS,MS,27,AGCTCTCAGCGCCTCA-1,-0.20051323820230665
PB,MS,MS,27,AGCTTGATCGTCCAGG-1-1,-0.30405527223520673
PB,MS,MS,27,AGGTCCGAGGACTGGT-1,0.2589412724256678
PB,MS,MS,27,AGTCTTTTCTTCATGT-1,0.2240502050263121
PB,MS,MS,27,ATAACGCTCTTAACCT-1,-0.30405527223520673
PB,MS,MS,27,ATCACGATCAATAAGG-1,-0.03777994423369518
PB,MS,MS,27,ATGAGGGCATAAAGGT-1,-0.05259151068616936
PB,MS,MS,27,ATGGGAGTCAGCTTAG-1,0.08333208390232291
PB,MS,MS,27,ATGTGTGCATGAGCGA-1,-0.1698262171856231
PB,MS,MS,27,CAACTAGTCTGCGGCA-1,-0.12313370708519548
PB,MS,MS,27,CAAGATCCACTTACGA-1,1.031679447291916
PB,MS,MS,27,CAAGTTGTCGGCTTGG-1,0.45292143422921877
PB,MS,MS,27,CACATAGTCGACCAGC-1,-0.30405527223520673
PB,MS,MS,27,CACTCCAGTAACGCGA-1,0.0646685760815918
PB,MS,MS,27,CAGATCAGTCAAACTC-1,-0.30405527223520673
PB,MS,MS,27,CAGCTGGTCCCAAGAT-1,-0.30405527223520673
PB,MS,MS,27,CATCAGAAGTAATCCC-1,0.023247771621914142
PB,MS,MS,27,CATCGAATCCGTAGTA-1,0.22631788848770715
PB,MS,MS,27,CCAATCCAGGAGTCTG-1,0.39948718188961874
PB,MS,MS,27,CCGGGATGTCTGCAAT-1,0.09080352457900213
PB,MS,MS,27,CCGTACTTCGGAATCT-1,-0.1258390483893202
PB,MS,MS,27,CCGTTCAGTCGAGTTT-1,-0.30405527223520673
PB,MS,MS,27,CCTTCCCCAACGATGG-1,0.4882978542397806
PB,MS,MS,27,CCTTCCCGTCACTGGC-1,-0.30405527223520673
PB,MS,MS,27,CGAATGTTCCTAAGTG-1,-0.30405527223520673
PB,MS,MS,27,CGACCTTAGTGAATTG-1,0.29025028868979313
PB,MS,MS,27,CGACCTTGTCAGAATA-1,0.2055237543048967
PB,MS,MS,27,CGGAGTCGTCAGAAGC-1,-0.03811822951408222
PB,MS,MS,27,CGGAGTCGTGATGTGG-1,-0.30405527223520673
PB,MS,MS,27,CGTAGCGGTGTTGGGA-1,-0.30405527223520673
PB,MS,MS,27,CGTAGCGGTTGTTTGG-1,-0.30405527223520673
PB,MS,MS,27,CTAACTTAGTCCTCCT-1,0.06482677203471635
PB,MS,MS,27,CTAACTTGTACTTGAC-1,0.21804841695979785
PB,MS,MS,27,CTAGAGTAGCTTCGCG-1,0.6886135195633118
PB,MS,MS,27,CTCGAAAAGTACGTTC-1,-0.30405527223520673
PB,MS,MS,27,CTCGAGGCAGACAGGT-1,-0.008148118782352014
PB,MS,MS,27,CTCTACGGTAAACGCG-1,0.07154365456209613
PB,MS,MS,27,CTCTACGGTCGCGGTT-1-1,-0.11422784359727234
PB,MS,MS,27,CTCTGGTTCCAAGCCG-1,-0.30405527223520673
PB,MS,MS,27,CTGATCCTCCCGACTT-1,0.407147388026979
PB,MS,MS,27,CTGCGGAGTTAAGAAC-1,-0.07396820498578241
PB,MS,MS,27,CTGGTCTTCAGATAAG-1,0.3792767136514394
PB,MS,MS,27,CTGTTTACATCCGGGT-1,0.15952695545695267
PB,MS,MS,27,CTTCTCTGTGTGCGTC-1,0.4166288576728373
PB,MS,MS,27,GAATGAAGTAAGGATT-1,0.9808310879306109
PB,MS,MS,27,GACGCGTGTGCCTGTG-1-1,-0.11909863873179637
PB,MS,MS,27,GACTACAGTTGCCTCT-1,-0.0511641290060454
PB,MS,MS,27,GACTACATCAACGAAA-1,-0.18721255409471496
PB,MS,MS,27,GATCGTATCGTTACAG-1,-0.30405527223520673
PB,MS,MS,27,GATCTAGGTCATTAGC-1,0.11790290581340358
PB,MS,MS,27,GCATGTAGTGTGAAAT-1,0.01646475302810944
PB,MS,MS,27,GCGCAACAGGCTCTTA-1,0.007659371366482347
PB,MS,MS,27,GCGCCAAGTAGGAGTC-1,-0.30405527223520673
PB,MS,MS,27,GCTCCTAAGGTGGGTT-1,0.19247721759065475
PB,MS,MS,27,GGACGTCCAAAGGAAG-1,0.07137143663533493
PB,MS,MS,27,GGCTCGACACATGTGT-1,-0.10037460479637862
PB,MS,MS,27,GGGATGAAGACTAGAT-1,-0.30405527223520673
PB,MS,MS,27,GGGCATCCATCGGTTA-1,0.012135939416364958
PB,MS,MS,27,GGTATTGAGTGAATTG-1,0.02421308937525411
PB,MS,MS,27,GGTGTTACAGCGAACA-1,-0.11911683203436536
PB,MS,MS,27,GTACTCCAGACGCACA-1,0.22097265285911702
PB,MS,MS,27,GTCCTCAAGAGTAATC-1,0.09592073671283693
PB,MS,MS,27,GTCGGGTAGTCAAGGC-1,0.11275464323143744
PB,MS,MS,27,GTCGTAAAGGCGATAC-1,-0.14965108408309793
PB,MS,MS,27,GTGCAGCCAAGTCTAC-1,0.36368167059933404
PB,MS,MS,27,GTGCAGCTCGGAATCT-1,-0.30405527223520673
PB,MS,MS,27,GTGTGCGGTGCACGAA-1,-0.1285961203766981
PB,MS,MS,27,GTTCGGGCACGACTCG-1,-0.12581416581544486
PB,MS,MS,27,GTTCTCGGTAGAAGGA-1,0.46789981291087107
PB,MS,MS,27,TACACGAAGACTAGGC-1,0.5967318270332046
PB,MS,MS,27,TACTCATAGACTAAGT-1,-0.055562948448438086
PB,MS,MS,27,TACTCATGTACAGCAG-1,-0.30405527223520673
PB,MS,MS,27,TAGAGCTCACTCAGGC-1,-0.13072559719712612
PB,MS,MS,27,TAGAGCTTCAAAGTAG-1,-0.05506715450804346
PB,MS,MS,27,TCAGGATAGCTAACAA-1,0.04452251281997564
PB,MS,MS,27,TCGAGGCAGTGTCTCA-1,-0.017429430118344018
PB,MS,MS,27,TCGCGAGCACCAACCG-1,-0.23591448709700777
PB,MS,MS,27,TCGCGTTGTCTGGAGA-1,-0.30405527223520673
PB,MS,MS,27,TCTATTGGTGACGCCT-1,-0.30405527223520673
PB,MS,MS,27,TGACAACGTCCAGTGC-1,0.08069808619412974
PB,MS,MS,27,TGACTTTTCAGTGTTG-1,-0.30405527223520673
PB,MS,MS,27,TGAGCATCATAGGATA-1,-0.30405527223520673
PB,MS,MS,27,TGCCCATCACAGAGGT-1,-0.10223231310478018
PB,MS,MS,27,TGCGCAGTCGTGGTCG-1,0.3201591177687942
PB,MS,MS,27,TGGCCAGTCCACGCAG-1,-0.1784831029910621
PB,MS,MS,27,TTAGTTCCACCTCGGA-1,-0.30405527223520673
PB,MS,MS,27,TTCGAAGTCCAAGCCG-1,0.22466430893125988
PB,MS,MS,27,TTGAACGAGCGCTTAT-1,-0.30405527223520673
PB,MS,MS,28,AAAGTAGTCTCTAAGG-1,0.21178234427337855
PB,MS,MS,28,ACCAGTAAGCTCCTTC-1,-0.30405527223520673
PB,MS,MS,28,ACCCACTGTTCTGTTT-1,-0.0930731964321174
PB,MS,MS,28,ACGATACGTGCGGTAA-1,0.345380421733594
PB,MS,MS,28,AGCTCCTGTCGACTGC-1,0.19528989201540808
PB,MS,MS,28,AGTGAGGAGCCGATTT-1,-0.12505062357591037
PB,MS,MS,28,ATCGAGTAGACTGTAA-1,0.2431787597400774
PB,MS,MS,28,CACCACTTCACCGGGT-1,0.2614898045153384
PB,MS,MS,28,CAGCTAAAGGTGGGTT-1,0.06188215150929537
PB,MS,MS,28,CCTCTGAAGGCTCAGA-1,0.07608812859175418
PB,MS,MS,28,CGAACATTCAGTCCCT-1,0.2010892505318654
PB,MS,MS,28,CGGACTGTCCTTGGTC-1,-0.30405527223520673
PB,MS,MS,28,CGTAGCGAGTCCGGTC-1,-0.30405527223520673
PB,MS,MS,28,CGTCCATGTCAAGCGA-1,-0.14668434155746762
PB,MS,MS,28,CTAAGACCAGTATGCT-1,0.6235095263085318
PB,MS,MS,28,CTGATAGTCCTGTACC-1,-0.14133804851034187
PB,MS,MS,28,CTTCTCTCACCTGGTG-1,-0.150411231642484
PB,MS,MS,28,GACAGAGCAAACTGTC-1,0.2047007981412923
PB,MS,MS,28,GACGTTAGTCCAACTA-1,0.054249506252439406
PB,MS,MS,28,GATTCAGCAAGCTGTT-1,-0.049774138510173475
PB,MS,MS,28,GCGCAGTCAGTTCCCT-1,0.04810795822513308
PB,MS,MS,28,GGGCACTGTTTGCATG-1,0.07130495929589009
PB,MS,MS,28,GTACTCCAGTTACGGG-1,-0.020287920016013396
PB,MS,MS,28,GTTCGGGTCGTAGGAG-1,-0.30405527223520673
PB,MS,MS,28,TAAGAGACATTGTGCA-1,-0.30405527223520673
PB,MS,MS,28,TACACGAAGAGTTGGC-1,-0.03585654400699899
PB,MS,MS,28,TAGGCATGTCAAACTC-1,-0.30405527223520673
PB,MS,MS,28,TCTCTAACACCTCGTT-1,1.045081487522258
PB,MS,MS,28,TGCCAAAAGCTGAACG-1,0.39560565412465165
PB,MS,MS,28,TGGGCGTCACCGAAAG-1,0.49330352099098657
PB,MS,MS,28,TTAGTTCTCAAACCAC-1,0.5896430049726186
PB,MS,MS,28,TTGCCGTTCGGCTTGG-1,-0.30405527223520673
PB,MS,MS,29,AAAGCAACAGCTGTGC-1,-0.026740876416544126
PB,MS,MS,29,AAGTCTGTCACGCGGT-1,-0.30405527223520673
PB,MS,MS,29,AATCCAGCAAGTAATG-1,-0.30405527223520673
PB,MS,MS,29,ACACCAACAATGGACG-1,-0.30405527223520673
PB,MS,MS,29,ACATCAGAGTGTACGG-1,-0.15881721444886235
PB,MS,MS,29,ACCGTAAAGAATGTTG-1,-0.02770127916202628
PB,MS,MS,29,ACGCCAGGTCTCTCGT-1,-0.1590128819120942
PB,MS,MS,29,ACTTTCATCTGCGACG-1,0.8416793206247833
PB,MS,MS,29,AGAATAGCACTTGGAT-1,0.2725277102032468
PB,MS,MS,29,AGACGTTCACCGAAAG-1,0.7472807298781297
PB,MS,MS,29,AGAGCTTCATCCGTGG-1,-0.15477127387830764
PB,MS,MS,29,AGCTCCTGTCATTAGC-1,-0.30405527223520673
PB,MS,MS,29,AGTTGGTAGCATCATC-1,-0.09617718036508419
PB,MS,MS,29,ATTACTCGTCTGATCA-1,0.1084289095622385
PB,MS,MS,29,ATTCTACTCGATGAGG-1,0.8766923931643998
PB,MS,MS,29,ATTTCTGCAATGGAGC-1,-0.06696658908780548
PB,MS,MS,29,CAACTAGCAAGGCTCC-1,-0.15557071660235314
PB,MS,MS,29,CACCTTGAGATATGGT-1,-0.12875394478161012
PB,MS,MS,29,CAGCTAAGTAAGGGAA-1,-0.12774188616841273
PB,MS,MS,29,CAGCTAAGTCTTCAAG-1,0.28661123546749817
PB,MS,MS,29,CAGTAACCACAAGCCC-1,0.1242019870093549
PB,MS,MS,29,CATTATCGTCGTGGCT-1,0.4986084528561477
PB,MS,MS,29,CATTCGCGTGTCTGAT-1,0.006445244036266086
PB,MS,MS,29,CCACTACAGAATGTGT-1,0.5584719676085076
PB,MS,MS,29,CCAGCGAAGCCCAACC-1,-0.12381670189395597
PB,MS,MS,29,CCTCAGTTCTCAAGTG-1,-0.20054896170895947
PB,MS,MS,29,CGAATGTGTAGGACAC-1,0.01522425021444245
PB,MS,MS,29,CGATGTAAGCCTCGTG-1,0.2801647012218869
PB,MS,MS,29,CGCGGTAGTTCCATGA-1,-0.1064926604265825
PB,MS,MS,29,CGCGTTTAGTTTGCGT-1,-0.12367905032838943
PB,MS,MS,29,CGGACTGAGACTAGGC-1,0.41475050659731855
PB,MS,MS,29,CGGACTGAGGTAGCTG-1,0.565909108393016
PB,MS,MS,29,CGGACTGAGGTGGGTT-1,0.2134499938008763
PB,MS,MS,29,CGTAGCGGTCCAAGTT-1,0.5344044487688592
PB,MS,MS,29,CGTGAGCAGTTTAGGA-1,0.14800355430045273
PB,MS,MS,29,CTAACTTAGCTGAAAT-1,-0.30405527223520673
PB,MS,MS,29,CTAAGACCAGAGCCAA-1,-0.30405527223520673
PB,MS,MS,29,CTAAGACGTCGCTTTC-1,0.017061905817874083
PB,MS,MS,29,CTCATTATCTGTTTGT-1,0.5844123544996573
PB,MS,MS,29,CTCCTAGGTCCGAAGA-1,-0.20278323770520856
PB,MS,MS,29,CTCGAAAAGGTCGGAT-1,-0.148904263717103
PB,MS,MS,29,CTCGGAGTCAAACCAC-1,-0.00016446007649674663
PB,MS,MS,29,CTCGGGACACATTAGC-1,0.2794520633426524
PB,MS,MS,29,CTTTGCGGTTGCTCCT-1,-0.10297326199685308
PB,MS,MS,29,GAACATCCAAATACAG-1,1.1079380599226918
PB,MS,MS,29,GAATGAAGTACCAGTT-1,0.3432886501400739
PB,MS,MS,29,GACTACAGTCCCTTGT-1,-0.30405527223520673
PB,MS,MS,29,GACTGCGGTTTGACTG-1,0.21022169450311612
PB,MS,MS,29,GATGAAAAGAGCAATT-1,0.30358636332246075
PB,MS,MS,29,GATGAGGTCAAGGCTT-1,0.613694348979103
PB,MS,MS,29,GCAGTTATCATCATTC-1,-0.30405527223520673
PB,MS,MS,29,GCCTCTAGTCTTGCGG-1,0.3915895497983389
PB,MS,MS,29,GCGAGAAGTGGTAACG-1,-0.10570701009662778
PB,MS,MS,29,GCGCAACGTGTCGCTG-1,-0.060523157623602865
PB,MS,MS,29,GCGCAACTCGGTTCGG-1,0.08274115454416318
PB,MS,MS,29,GCTCCTAGTGCCTGTG-1,0.053490826177957175
PB,MS,MS,29,GCTGGGTAGAAGAAGC-1,-0.30405527223520673
PB,MS,MS,29,GCTGGGTGTACTCAAC-1,-0.061121690778390136
PB,MS,MS,29,GGAAAGCCAAATCCGT-1,0.08584366074180493
PB,MS,MS,29,GGACGTCCAAGTTGTC-1,-0.30405527223520673
PB,MS,MS,29,GGACGTCCACTCGACG-1,-0.30405527223520673
PB,MS,MS,29,GGCCGATCAATTCCTT-1,0.5219274363515943
PB,MS,MS,29,GGGAATGTCTGGCGAC-1,0.4166288576728373
PB,MS,MS,29,GGGACCTTCATCGCTC-1,-0.30405527223520673
PB,MS,MS,29,GGGAGATAGCGATTCT-1,-0.02469637239283121
PB,MS,MS,29,GTAACGTAGCCACGTC-1,0.07041720502784765
PB,MS,MS,29,GTCAAGTGTCCGAATT-1,0.521257885462666
PB,MS,MS,29,GTCAAGTTCACCATAG-1,0.07972144367411398
PB,MS,MS,29,GTCACAAAGGTGACCA-1,0.19223672703103384
PB,MS,MS,29,GTCGGGTTCAGCACAT-1,-0.1719164301128789
PB,MS,MS,29,GTCGTAAAGTTTAGGA-1,0.13539700794326062
PB,MS,MS,29,GTCTTCGTCAGTACGT-1,0.4078686688600291
PB,MS,MS,29,GTGAAGGCATTCACTT-1,0.1979698677128682
PB,MS,MS,29,GTGCGGTGTATATGAG-1,-0.10554952997270084
PB,MS,MS,29,GTGTGCGAGAAGGGTA-1,-0.18773855922787078
PB,MS,MS,29,GTTCATTAGATCGGGT-1,-0.11047312509785137
PB,MS,MS,29,GTTCGGGAGGACACCA-1-1,0.035400859727041226
PB,MS,MS,29,GTTCGGGGTACGCACC-1,0.03295153304478796
PB,MS,MS,29,TACTTACCACGGCCAT-1,-0.30405527223520673
PB,MS,MS,29,TACTTACGTATAGGTA-1,0.6010577321126152
PB,MS,MS,29,TCATTACTCGGAATCT-1,-0.30405527223520673
PB,MS,MS,29,TCATTTGAGTGCGATG-1-1,-0.20035812297605096
PB,MS,MS,29,TCATTTGCACAGAGGT-1,-0.30405527223520673
PB,MS,MS,29,TCGGTAACATAAGACA-1,0.5172960587205894
PB,MS,MS,29,TCTGGAATCTTGCATT-1-1,-0.08863042662559814
PB,MS,MS,29,TGATTTCGTGATGTGG-1,0.731035103548176
PB,MS,MS,29,TGCACCTTCTAGAGTC-1,0.047597193296478046
PB,MS,MS,29,TGCCAAAAGGACAGCT-1,0.290454019243993
PB,MS,MS,29,TGGCGCAGTCGGATCC-1,0.18315579658932993
PB,MS,MS,29,TGTGGTACAGCTGGCT-1,0.17208038701106343
PB,MS,MS,29,TGTTCCGGTAGAAGGA-1,-0.12655828902416222
PB,MS,MS,29,TTAACTCCAAGCCATT-1,0.07440019913920656
PB,MS,MS,29,TTAGGACTCACCTTAT-1,-0.30405527223520673
PB,MS,MS,29,TTATGCTTCCATTCTA-1,-0.30405527223520673
PB,MS,MS,29,TTCTACAGTCTTTCAT-1,0.4561842209683257
PB,MS,MS,29,TTCTCAAAGCAGCGTA-1,-0.018667877922450806
PB,MS,MS,29,TTCTTAGAGCTGAAAT-1,0.2906857590259287
PB,MS,MS,29,TTGAACGAGCACAGGT-1,0.12289083806631872
PB,MS,MS,31,AAACCTGTCAACACAC-1,0.10027955345936666
PB,MS,MS,31,AAACGGGTCAATACCG-1,-0.12834452955717246
PB,MS,MS,31,AAACGGGTCCGAAGAG-1,1.2742136731861209
PB,MS,MS,31,AAAGCAAAGCACAGGT-1,-0.09911134704277545
PB,MS,MS,31,AACACGTTCCTGCAGG-1,0.029300857476565998
PB,MS,MS,31,AACCGCGTCTGTCTAT-1,0.008871885843172953
PB,MS,MS,31,AACTCAGTCAGCATGT-1,0.3212705949781775
PB,MS,MS,31,AACTGGTAGACCACGA-1,0.1593871134899715
PB,MS,MS,31,AACTTTCAGCCAGGAT-1,0.13984403611562132
PB,MS,MS,31,AACTTTCGTTTGGCGC-1,-0.0014835867836441624
PB,MS,MS,31,AATCCAGAGCTACCGC-1,-0.30405527223520673
PB,MS,MS,31,ACATCAGAGCAGATCG-1,0.09114720109316435
PB,MS,MS,31,ACATCAGGTTCGGGCT-1,-0.09524541917432926
PB,MS,MS,31,ACATCAGTCGGTTAAC-1,-0.30405527223520673
PB,MS,MS,31,ACCGTAAAGACAGACC-1,-0.11143085356121653
PB,MS,MS,31,ACCTTTATCGTGGTCG-1,0.19776915823328123
PB,MS,MS,31,ACGATGTAGAGCAATT-1,-0.027194565627632988
PB,MS,MS,31,ACGCCGAGTAATCACC-1,0.055941346394664734
PB,MS,MS,31,ACGGAGACATTGGCGC-1,0.28344163910526093
PB,MS,MS,31,ACGGGCTAGTACATGA-1,0.31293247468701235
PB,MS,MS,31,ACGGGCTCAAATTGCC-1,0.11118452910823985
PB,MS,MS,31,ACGTCAAAGAATGTTG-1,0.7146623188312304
PB,MS,MS,31,ACTATCTCACATCCAA-1,-0.30405527223520673
PB,MS,MS,31,ACTATCTGTGACAAAT-1,0.11971243188443115
PB,MS,MS,31,ACTGAACCATCTGGTA-1,-0.1657648426603974
PB,MS,MS,31,ACTGCTCTCAGAGACG-1-1,0.384832280167116
PB,MS,MS,31,ACTTACTCAGCTTAAC-1,0.3617553493579303
PB,MS,MS,31,AGAATAGGTTACAGAA-1,-0.30405527223520673
PB,MS,MS,31,AGGGAGTAGCCACTAT-1,0.0022347086639380293
PB,MS,MS,31,AGGGATGTCCTTTCGG-1,0.15752481001350058
PB,MS,MS,31,AGTAGTCGTTAGTGGG-1,-0.30405527223520673
PB,MS,MS,31,AGTGGGACACGCATCG-1,-0.12626585245611296
PB,MS,MS,31,AGTTGGTTCACTGGGC-1,0.27207409614769923
PB,MS,MS,31,AGTTGGTTCCCAAGTA-1,0.1483278221588609
PB,MS,MS,31,ATAGACCAGGTCGGAT-1,0.17249337222034652
PB,MS,MS,31,ATAGACCCAACCGCCA-1,0.1478016838665075
PB,MS,MS,31,ATAGACCGTTTGACTG-1,0.44548661237706816
PB,MS,MS,31,ATCATCTAGACACTAA-1,-0.005778629341617055
PB,MS,MS,31,ATCCGAAGTTAAGAAC-1-1,0.04123297021808714
PB,MS,MS,31,ATGCGATTCGAATGGG-1,0.2740744484948183
PB,MS,MS,31,CAACCAACACATTTCT-1,0.4972954543787974
PB,MS,MS,31,CAAGAAAAGCGTCTAT-1,0.4826039079218482
PB,MS,MS,31,CAAGATCCACCCTATC-1,0.5883023305295833
PB,MS,MS,31,CACCAGGCACATCCGG-1,-0.09946866753274132
PB,MS,MS,31,CACCTTGGTCTCGTTC-1,-0.11837628281194555
PB,MS,MS,31,CAGAATCAGAAGGTGA-1,0.39349754835485634
PB,MS,MS,31,CAGAATCTCCAAGTAC-1,-0.012592838457534037
PB,MS,MS,31,CAGCCGAAGTGCAAGC-1,-0.06344151977830252
PB,MS,MS,31,CAGCTAACAATCGGTT-1,0.4884057970385289
PB,MS,MS,31,CAGCTAAGTCTCTTAT-1,-0.14106919386931888
PB,MS,MS,31,CAGGTGCAGGCTCTTA-1,0.24701790775612245
PB,MS,MS,31,CATATGGCATACCATG-1,-0.30405527223520673
PB,MS,MS,31,CATATTCAGGGTTCCC-1,0.011193038490137848
PB,MS,MS,31,CATCAAGCACTCAGGC-1,-0.043445951530582914
PB,MS,MS,31,CATCAAGCATGTCTCC-1,-0.17884673164775927
PB,MS,MS,31,CATCAGAAGACGCAAC-1,-0.12461890541017469
PB,MS,MS,31,CATGACAAGGGCACTA-1,-0.30405527223520673
PB,MS,MS,31,CATGCCTGTATAAACG-1,-0.189546460067688
PB,MS,MS,31,CCAATCCTCCCATTTA-1,0.8625917091129427
PB,MS,MS,31,CCCAGTTAGCTAACAA-1,-0.017029986329896933
PB,MS,MS,31,CCGTACTAGTATTGGA-1,0.3736234138464511
PB,MS,MS,31,CCGTGGATCTCCGGTT-1,-0.06736009919863507
PB,MS,MS,31,CCTAAAGTCAGCTCTC-1,-0.14906847433617096
PB,MS,MS,31,CCTAAAGTCGTTGCCT-1,0.2784249071549804
PB,MS,MS,31,CCTCAGTAGTACGACG-1,-0.16396257036594478
PB,MS,MS,31,CCTTCCCAGGTGCAAC-1,0.44183514150496717
PB,MS,MS,31,CCTTCGAAGAGTTGGC-1,0.22922014278452746
PB,MS,MS,31,CGAACATCAGATCGGA-1,-0.30405527223520673
PB,MS,MS,31,CGAATGTCAGTGGGAT-1,0.03348081013801112
PB,MS,MS,31,CGAATGTGTGCACCAC-1,-0.06051383798024406
PB,MS,MS,31,CGAATGTTCTCGTATT-1,-0.1789284021646136
PB,MS,MS,31,CGACTTCAGTCGTTTG-1,-0.30405527223520673
PB,MS,MS,31,CGCCAAGGTGTGTGCC-1,0.265644724793935
PB,MS,MS,31,CGCGGTACAAAGGTGC-1,-0.13075993040237505
PB,MS,MS,31,CGCGGTACAACAACCT-1,-0.18983537630339598
PB,MS,MS,31,CGCTGGAAGTGGCACA-1,0.09687937248316521
PB,MS,MS,31,CGGACACAGCACAGGT-1,0.42660687694408933
PB,MS,MS,31,CGGACTGTCTATGTGG-1,0.0011183197744535991
PB,MS,MS,31,CGGAGCTGTGTTTGTG-1,0.14661739027405865
PB,MS,MS,31,CGGAGTCAGGTGACCA-1,-0.11510488720404977
PB,MS,MS,31,CGTAGGCAGCACCGCT-1,0.24669317739462995
PB,MS,MS,31,CGTCAGGTCTTACCGC-1,0.3245667898969224
PB,MS,MS,31,CGTGAGCAGAGACGAA-1,-0.12977330804896905
PB,MS,MS,31,CGTGAGCTCTGGTTCC-1,-0.30405527223520673
PB,MS,MS,31,CGTGTAAGTCTCATCC-1,-0.30405527223520673
PB,MS,MS,31,CTAACTTTCCGTAGTA-1,-0.21009848692683258
PB,MS,MS,31,CTAATGGAGTTACGGG-1,-0.06642030364240784
PB,MS,MS,31,CTAATGGGTGCGATAG-1,0.47398335320445134
PB,MS,MS,31,CTACATTCATGGTAGG-1,-0.16805166166204774
PB,MS,MS,31,CTAGAGTTCCTTAATC-1,0.4059321521775422
PB,MS,MS,31,CTCAGAAAGAGTAAGG-1,0.3625290215530405
PB,MS,MS,31,CTCCTAGTCACGACTA-1,0.26521095650950743
PB,MS,MS,31,CTCGAAAGTACTTCTT-1,0.09201933921271657
PB,MS,MS,31,CTCGAAAGTTGCCTCT-1,0.20531083740602488
PB,MS,MS,31,CTCGGAGTCATCACCC-1,0.26840809219665435
PB,MS,MS,31,CTCGGGACACATCCGG-1,-0.15470304668106216
PB,MS,MS,31,CTCTAATGTCTGGAGA-1,-0.05328469362483468
PB,MS,MS,31,CTGCCTAAGTGTTTGC-1,-0.30405527223520673
PB,MS,MS,31,CTGCGGAAGATAGGAG-1,0.14304860795568144
PB,MS,MS,31,CTGCGGACACGAAACG-1,-0.13344916099806697
PB,MS,MS,31,CTGCTGTCATCAGTCA-1,0.27953334061517504
PB,MS,MS,31,CTGGTCTAGATCACGG-1,-0.17367529576477633
PB,MS,MS,31,CTGGTCTTCTGGGCCA-1,0.32700575701347473
PB,MS,MS,31,CTGTGCTCAGCCTTTC-1,-0.1990985990900083
PB,MS,MS,31,CTGTTTAAGCGTGAGT-1,0.7429836294351325
PB,MS,MS,31,CTGTTTAGTTCCACGG-1,-0.30405527223520673
PB,MS,MS,31,CTGTTTATCGTAGGAG-1,0.5029438117739035
PB,MS,MS,31,GAAACTCAGCTTTGGT-1,0.23219706614507735
PB,MS,MS,31,GAAATGATCTAACCGA-1,0.2665598357793146
PB,MS,MS,31,GAACATCTCTGGAGCC-1,0.1763556122453762
PB,MS,MS,31,GAACCTAAGAAACGCC-1,0.13665443261232355
PB,MS,MS,31,GAACCTATCCACGTTC-1,-0.1972218576173101
PB,MS,MS,31,GAATAAGCACCCATGG-1,-0.30405527223520673
PB,MS,MS,31,GAATAAGCACGGTAGA-1,-0.05124330872169874
PB,MS,MS,31,GACACGCAGCATCATC-1,0.09864368644502323
PB,MS,MS,31,GACTGCGCACGCATCG-1,0.3877573809019979
PB,MS,MS,31,GATCGTAAGAGGTTAT-1,0.13003342480294366
PB,MS,MS,31,GATGAAAGTACGACCC-1,-0.30405527223520673
PB,MS,MS,31,GATGAGGTCGCACTCT-1,-0.19866716724025443
PB,MS,MS,31,GCATACACACGAGAGT-1,0.07209196283996193
PB,MS,MS,31,GCGCCAAAGCACCGTC-1,0.19421392333831441
PB,MS,MS,31,GCGCGATGTCGCGGTT-1,0.4577757626366158
PB,MS,MS,31,GCTGCAGCATATGGTC-1-1,0.12846533517424272
PB,MS,MS,31,GCTGCAGTCGGATGGA-1,-0.173094976800124
PB,MS,MS,31,GCTGCTTTCCATGCTC-1,0.6628640503194855
PB,MS,MS,31,GCTTCCAGTTCGGGCT-1,0.2187845538764009
PB,MS,MS,31,GCTTGAAAGGCGTACA-1,0.7322953993223001
PB,MS,MS,31,GGAAAGCGTGTTCGAT-1,-0.010076931615205065
PB,MS,MS,31,GGAACTTCATGCTAGT-1,0.1038262275801014
PB,MS,MS,31,GGCAATTGTCTGGTCG-1,-0.2374648285299728
PB,MS,MS,31,GGCCGATTCCCATTTA-1,0.5723933278103006
PB,MS,MS,31,GGCGACTAGACAAAGG-1,-0.12950724481503229
PB,MS,MS,31,GGCTCGAAGCCCTAAT-1,0.676923808039195
PB,MS,MS,31,GGGAGATGTATAGGGC-1,-0.1839247928649977
PB,MS,MS,31,GGGATGAGTAATAGCA-1,0.019384566155344975
PB,MS,MS,31,GGGTCTGCACAGACAG-1,0.38919512710772414
PB,MS,MS,31,GGTGTTATCCGCGGTA-1,0.19418127996112192
PB,MS,MS,31,GTAACTGGTCACCCAG-1,-0.30405527223520673
PB,MS,MS,31,GTACTTTCACTGTCGG-1,-0.30405527223520673
PB,MS,MS,31,GTAGTCAAGAAGGGTA-1,0.12820675972147805
PB,MS,MS,31,GTATTCTAGCTTTGGT-1-1,0.15036234269242707
PB,MS,MS,31,GTATTCTTCCTCGCAT-1,-0.08151659215568978
PB,MS,MS,31,GTCACAATCTAACTCT-1,0.1453555793988148
PB,MS,MS,31,GTCACGGGTCACACGC-1,-0.052643770926823576
PB,MS,MS,31,GTCATTTGTGCCTGTG-1,-0.17060838013632554
PB,MS,MS,31,GTCCTCATCGGCGGTT-1,0.6099031056778227
PB,MS,MS,31,GTCGTAATCAGCTCGG-1,0.5448215684392205
PB,MS,MS,31,GTCTCGTCACGGCTAC-1,0.01840575266559725
PB,MS,MS,31,GTGCAGCTCAATAAGG-1,0.2500529634753954
PB,MS,MS,31,GTGCATAGTGAAGGCT-1-1,-0.30405527223520673
PB,MS,MS,31,GTGCTTCGTCTAGAGG-1,0.13999469685673002
PB,MS,MS,31,GTGCTTCTCTGAGGGA-1,0.23106040990261306
PB,MS,MS,31,GTTCATTCAACGATGG-1,-0.30405527223520673
PB,MS,MS,31,TAAACCGCATGCCCGA-1,0.5757572986926373
PB,MS,MS,31,TACCTTAGTCTCCATC-1,-0.0537178661866512
PB,MS,MS,31,TACTTACTCCGCGTTT-1,0.02743122050183536
PB,MS,MS,31,TACTTGTAGAGGTTGC-1,-0.1005359182184191
PB,MS,MS,31,TAGACCATCGGAAACG-1,0.9998110635701281
PB,MS,MS,31,TATGCCCGTAAGCACG-1,-0.06299324335614752
PB,MS,MS,31,TATTACCCATCATCCC-1,-0.30405527223520673
PB,MS,MS,31,TATTACCTCCCTGACT-1,-0.11005998633336915
PB,MS,MS,31,TCACGAATCCAATGGT-1,0.0996557280140823
PB,MS,MS,31,TCAGATGCAAGGACTG-1,-0.03000039135995312
PB,MS,MS,31,TCAGATGGTGCCTGTG-1,-0.017489480894140517
PB,MS,MS,31,TCAGCAAAGAGTAATC-1,-0.08190936277319671
PB,MS,MS,31,TCGCGAGCAGGTCCAC-1,-0.030214461384327342
PB,MS,MS,31,TCGCGAGTCCGCGCAA-1,-0.16707765869845362
PB,MS,MS,31,TCGCGAGTCTCAAACG-1,-0.30405527223520673
PB,MS,MS,31,TCGCGTTTCCTCCTAG-1,0.010984438329551332
PB,MS,MS,31,TCTCATAAGGTGATTA-1,-0.1536521432481157
PB,MS,MS,31,TGACAACAGGACATTA-1,-0.09192105321277041
PB,MS,MS,31,TGACTAGTCAGTGCAT-1,-0.30405527223520673
PB,MS,MS,31,TGACTAGTCTATCCTA-1,0.8810832050692425
PB,MS,MS,31,TGAGAGGAGTGAAGAG-1,-0.30405527223520673
PB,MS,MS,31,TGAGAGGAGTGTACTC-1,-0.30405527223520673
PB,MS,MS,31,TGAGAGGGTTTCCACC-1,-0.16862208823719932
PB,MS,MS,31,TGAGCCGCAGCCAATT-1,-0.043229414989331354
PB,MS,MS,31,TGAGCCGTCAATACCG-1,0.353073363235152
PB,MS,MS,31,TGATTTCTCAATACCG-1,0.043976903220911315
PB,MS,MS,31,TGCCAAATCCTGTACC-1,0.6444190091699923
PB,MS,MS,31,TGCCCATAGCTTATCG-1,0.37011385351020376
PB,MS,MS,31,TGCCCATCACAGCGTC-1,0.08156455460864305
PB,MS,MS,31,TGCGGGTCAAGCTGTT-1,-0.049809014077931195
PB,MS,MS,31,TGCTACCCAGGGCATA-1,-0.30405527223520673
PB,MS,MS,31,TGGGAAGTCCGCGCAA-1,0.1226054548203785
PB,MS,MS,31,TGGGCGTTCGGAAACG-1,0.5431133649992469
PB,MS,MS,31,TGGTTCCAGTGAACAT-1,0.015942307126955595
PB,MS,MS,31,TGTTCCGGTGGCCCTA-1,0.02330855136483423
PB,MS,MS,31,TTAGGCAAGACAGGCT-1,-0.1394733755372733
PB,MS,MS,31,TTAGGCAGTACAAGTA-1,0.07015551969897389
PB,MS,MS,31,TTGGCAAGTCGTTGTA-1,-0.11925527768868757
PB,MS,MS,31,TTTACTGGTTGGTAAA-1,0.18872912757788093
PB,MS,MS,31,TTTCCTCGTCCCGACA-1,0.1879498609936015
PB,MS,MS,31,TTTGCGCGTCCATCCT-1,0.278736901800206
CSF,MS,MS,MS19270,GSM4104122_AAACGGGTCCTTGACC-1,-0.17393353911418502
CSF,MS,MS,MS19270,GSM4104122_AAAGATGGTTGTGGAG-1,0.1522587316085096
CSF,MS,MS,MS19270,GSM4104122_AAAGCAAGTTCCACGG-1,-0.30405527223520673
CSF,MS,MS,MS19270,GSM4104122_AACACGTTCTGAGGGA-1,0.07983830741937747
CSF,MS,MS,MS19270,GSM4104122_AACTGGTGTAGTACCT-1,-0.033293707323235125
CSF,MS,MS,MS19270,GSM4104122_AAGCCGCGTTGCCTCT-1,-0.30405527223520673
CSF,MS,MS,MS19270,GSM4104122_AAGTCTGGTGTGCGTC-1,-0.30405527223520673
CSF,MS,MS,MS19270,GSM4104122_AATCCAGTCGATAGAA-1,-0.30405527223520673
CSF,MS,MS,MS19270,GSM4104122_ACACCCTGTGCGATAG-1,0.4983666370289023
CSF,MS,MS,MS19270,GSM4104122_ACATACGCACTGTCGG-1,-0.30405527223520673
CSF,MS,MS,MS19270,GSM4104122_ACCAGTATCATCGATG-1,-0.2184191957839064
CSF,MS,MS,MS19270,GSM4104122_ACCGTAAGTCCATGAT-1,-0.07286018659861328
CSF,MS,MS,MS19270,GSM4104122_ACCTTTACACCCATTC-1,0.12528087378098446
CSF,MS,MS,MS19270,GSM4104122_ACGATACTCGAATCCA-1,0.22478870296204764
CSF,MS,MS,MS19270,GSM4104122_ACGATGTGTAGCGATG-1,-0.30405527223520673
CSF,MS,MS,MS19270,GSM4104122_ACGGCCACATTGCGGC-1,-0.30405527223520673
CSF,MS,MS,MS19270,GSM4104122_ACTGAACCACGACTCG-1,-0.30405527223520673
CSF,MS,MS,MS19270,GSM4104122_ACTGTCCCATTGGGCC-1,-0.30405527223520673
CSF,MS,MS,MS19270,GSM4104122_ACTGTCCTCCTCAACC-1,-0.30405527223520673
CSF,MS,MS,MS19270,GSM4104122_ACTTACTAGCGTGAAC-1,0.021723170163349174
CSF,MS,MS,MS19270,GSM4104122_ACTTTCAAGCAAATCA-1,-0.0011671517888445385
CSF,MS,MS,MS19270,GSM4104122_AGACGTTCATCGATGT-1,-0.038242337742406714
CSF,MS,MS,MS19270,GSM4104122_AGAGCGACACAGTCGC-1,-0.0769383780966615
CSF,MS,MS,MS19270,GSM4104122_AGATCTGAGCTGTCTA-1,-0.14968575073361948
CSF,MS,MS,MS19270,GSM4104122_AGCAGCCTCTGCGACG-1,-0.08512311036674473
CSF,MS,MS,MS19270,GSM4104122_AGCGGTCAGATAGCAT-1,-0.30405527223520673
CSF,MS,MS,MS19270,GSM4104122_AGCGGTCAGGTTCCTA-1,-0.30405527223520673
CSF,MS,MS,MS19270,GSM4104122_AGCGTCGAGCCCTAAT-1,0.6572520840442817
CSF,MS,MS,MS19270,GSM4104122_AGCGTCGCATTCCTCG-1,-0.10626505046205084
CSF,MS,MS,MS19270,GSM4104122_AGGTCATAGCAATCTC-1,-0.012413388702527553
CSF,MS,MS,MS19270,GSM4104122_AGTAGTCTCCATGCTC-1,-0.160413167191832
CSF,MS,MS,MS19270,GSM4104122_AGTAGTCTCTACTTAC-1,-0.30405527223520673
CSF,MS,MS,MS19270,GSM4104122_AGTGTCAAGACACTAA-1,0.05726083942168476
CSF,MS,MS,MS19270,GSM4104122_AGTGTCACAATGGACG-1,0.4944214040491545
CSF,MS,MS,MS19270,GSM4104122_ATAACGCAGCCAGGAT-1,-0.30405527223520673
CSF,MS,MS,MS19270,GSM4104122_ATAGACCAGGCTAGAC-1,-0.041217069199799415
CSF,MS,MS,MS19270,GSM4104122_ATCACGAAGATGTTAG-1,0.11727203389834288
CSF,MS,MS,MS19270,GSM4104122_ATCACGACACTCAGGC-1,0.011138860489822282
CSF,MS,MS,MS19270,GSM4104122_ATCACGACATCACAAC-1,0.05611945706139075
CSF,MS,MS,MS19270,GSM4104122_ATCATCTCAAGAGTCG-1,-0.30405527223520673
CSF,MS,MS,MS19270,GSM4104122_ATCATCTCATTTCAGG-1,-0.30405527223520673
CSF,MS,MS,MS19270,GSM4104122_ATCCACCAGTTCGCGC-1,0.8140798095834489
CSF,MS,MS,MS19270,GSM4104122_ATCCACCCACTCGACG-1,-0.08608541064018638
CSF,MS,MS,MS19270,GSM4104122_ATCCGAACATGTCTCC-1,-0.30405527223520673
CSF,MS,MS,MS19270,GSM4104122_ATCGAGTTCTCAACTT-1,-0.15573422630721429
CSF,MS,MS,MS19270,GSM4104122_ATCTGCCTCTGCCCTA-1,0.03859505699371636
CSF,MS,MS,MS19270,GSM4104122_ATGAGGGAGTGTACCT-1,0.2223123491439432
CSF,MS,MS,MS19270,GSM4104122_ATGTGTGTCAACCATG-1,0.2508717209518193
CSF,MS,MS,MS19270,GSM4104122_ATTATCCCATGGTAGG-1,0.8831887864890708
CSF,MS,MS,MS19270,GSM4104122_ATTCTACTCAAACAAG-1,-0.12560754945799044
CSF,MS,MS,MS19270,GSM4104122_ATTGGTGGTCACCCAG-1,-0.05239453655841229
CSF,MS,MS,MS19270,GSM4104122_CAACCAACATACGCTA-1,-0.0003904177494509696
CSF,MS,MS,MS19270,GSM4104122_CAACCAATCTAACTGG-1,0.31942576317580823
CSF,MS,MS,MS19270,GSM4104122_CACATTTTCCCAAGTA-1,-0.062056576416891884
CSF,MS,MS,MS19270,GSM4104122_CACCACTCACCGAATT-1,0.26778459231787627
CSF,MS,MS,MS19270,GSM4104122_CACCAGGAGACGCAAC-1,-0.0013497323617648485
CSF,MS,MS,MS19270,GSM4104122_CACCAGGCACAGACTT-1,0.16499369637714342
CSF,MS,MS,MS19270,GSM4104122_CACCTTGTCGTACCGG-1,-0.1667553196672882
CSF,MS,MS,MS19270,GSM4104122_CAGATCACAGTGGAGT-1,0.4166288576728373
CSF,MS,MS,MS19270,GSM4104122_CAGATCAGTCCGTTAA-1,-0.023300810239506968
CSF,MS,MS,MS19270,GSM4104122_CAGCAGCTCACTATTC-1,-0.11628151169224443
CSF,MS,MS,MS19270,GSM4104122_CAGCAGCTCGCCTGAG-1,-0.2311983017551705
CSF,MS,MS,MS19270,GSM4104122_CAGCGACTCAGTTCGA-1,-0.1723459347734581
CSF,MS,MS,MS19270,GSM4104122_CAGTAACTCGTCCGTT-1,-0.30405527223520673
CSF,MS,MS,MS19270,GSM4104122_CATATGGCACATGACT-1,0.46478129129425394
CSF,MS,MS,MS19270,GSM4104122_CATCAAGCAAGCCATT-1,0.03375953850848582
CSF,MS,MS,MS19270,GSM4104122_CATCCACAGAATTGTG-1,-0.19781775861150902
CSF,MS,MS,MS19270,GSM4104122_CATGACAGTCAGAAGC-1,-0.30405527223520673
CSF,MS,MS,MS19270,GSM4104122_CATTCGCAGACTACAA-1,-0.07033342969430946
CSF,MS,MS,MS19270,GSM4104122_CCACGGACATTTGCTT-1,-0.30405527223520673
CSF,MS,MS,MS19270,GSM4104122_CCACGGAGTCCAGTAT-1,0.30045782980545754
CSF,MS,MS,MS19270,GSM4104122_CCACTACGTAAGTGGC-1,-0.11302558308225574
CSF,MS,MS,MS19270,GSM4104122_CCAGCGAGTGACAAAT-1,0.07972114836475257
CSF,MS,MS,MS19270,GSM4104122_CCATGTCTCAACGAAA-1,0.007037632378510013
CSF,MS,MS,MS19270,GSM4104122_CCCAGTTTCTAACTGG-1,-0.30405527223520673
CSF,MS,MS,MS19270,GSM4104122_CCGGGATTCAAGGTAA-1,-0.30405527223520673
CSF,MS,MS,MS19270,GSM4104122_CCGTTCAAGGTACTCT-1,0.41247651488394627
CSF,MS,MS,MS19270,GSM4104122_CCTAAAGTCTTTAGGG-1,-0.09837076655175896
CSF,MS,MS,MS19270,GSM4104122_CCTTTCTCACATTTCT-1,-0.30405527223520673
CSF,MS,MS,MS19270,GSM4104122_CCTTTCTCATGCATGT-1,0.5684717784926799
CSF,MS,MS,MS19270,GSM4104122_CGAGAAGAGGCTAGCA-1,0.5376176176139651
CSF,MS,MS,MS19270,GSM4104122_CGAGAAGGTCAATACC-1,-0.30405527223520673
CSF,MS,MS,MS19270,GSM4104122_CGAGAAGGTCATTAGC-1,0.15828952726518053
CSF,MS,MS,MS19270,GSM4104122_CGATCGGAGATCGATA-1,-0.30405527223520673
CSF,MS,MS,MS19270,GSM4104122_CGATGGCAGCGGATCA-1,0.16367869304997035
CSF,MS,MS,MS19270,GSM4104122_CGCCAAGTCGGAATCT-1,-0.1312283431322067
CSF,MS,MS,MS19270,GSM4104122_CGCGTTTTCTGCGTAA-1,0.43192857945072394
CSF,MS,MS,MS19270,GSM4104122_CGCTATCGTGTCTGAT-1,0.0018365088575568417
CSF,MS,MS,MS19270,GSM4104122_CGCTATCTCACCAGGC-1,0.11391919312350154
CSF,MS,MS,MS19270,GSM4104122_CGCTATCTCGAGCCCA-1,-0.22087422777138516
CSF,MS,MS,MS19270,GSM4104122_CGGACACGTGTAATGA-1,0.06158552790688806
CSF,MS,MS,MS19270,GSM4104122_CGGACACTCTTCGGTC-1,-0.30405527223520673
CSF,MS,MS,MS19270,GSM4104122_CGTAGCGGTGCCTGGT-1,-0.30405527223520673
CSF,MS,MS,MS19270,GSM4104122_CGTAGCGTCGTACGGC-1,-0.30405527223520673
CSF,MS,MS,MS19270,GSM4104122_CGTCACTAGACCTAGG-1,-0.30405527223520673
CSF,MS,MS,MS19270,GSM4104122_CGTCACTGTTAGGGTG-1,-0.09642908203810197
CSF,MS,MS,MS19270,GSM4104122_CGTCAGGCACAGGAGT-1,0.31417367811289776
CSF,MS,MS,MS19270,GSM4104122_CGTCCATTCACAACGT-1,-0.30405527223520673
CSF,MS,MS,MS19270,GSM4104122_CGTCTACCATATGGTC-1,-0.30405527223520673
CSF,MS,MS,MS19270,GSM4104122_CGTGTAAGTTTAGCTG-1,0.4054146447762121
CSF,MS,MS,MS19270,GSM4104122_CGTTAGAAGGAATCGC-1,0.6560331825794803
CSF,MS,MS,MS19270,GSM4104122_CGTTCTGAGTTTAGGA-1,0.3634909904500055
CSF,MS,MS,MS19270,GSM4104122_CTAAGACAGGCATGGT-1,-0.1295293064664613
CSF,MS,MS,MS19270,GSM4104122_CTAAGACGTTGTCTTT-1,-0.2730746368970668
CSF,MS,MS,MS19270,GSM4104122_CTAATGGGTCAGTGGA-1,0.6006012336760653
CSF,MS,MS,MS19270,GSM4104122_CTACCCAAGGCAAAGA-1,0.19167396378688936
CSF,MS,MS,MS19270,GSM4104122_CTACCCACAATGGATA-1,0.37730531619801505
CSF,MS,MS,MS19270,GSM4104122_CTACGTCGTACTTCTT-1,-0.30405527223520673
CSF,MS,MS,MS19270,GSM4104122_CTACGTCGTTGGACCC-1,0.30099391251301144
CSF,MS,MS,MS19270,GSM4104122_CTAGCCTGTGCCTTGG-1,0.49193174088667563
CSF,MS,MS,MS19270,GSM4104122_CTCAGAAAGAGGTTGC-1,0.019320380416285754
CSF,MS,MS,MS19270,GSM4104122_CTCAGAACAGACGCCT-1,-0.08084982017927625
CSF,MS,MS,MS19270,GSM4104122_CTCGGGAGTGAGGGTT-1,-0.30405527223520673
CSF,MS,MS,MS19270,GSM4104122_CTCTGGTGTTGGTGGA-1,-0.11471207661696538
CSF,MS,MS,MS19270,GSM4104122_CTGATAGAGAGGTACC-1,-0.05383087682534477
CSF,MS,MS,MS19270,GSM4104122_CTGCGGACATGCAATC-1,0.02780130714783597
CSF,MS,MS,MS19270,GSM4104122_CTGGTCTAGTAGATGT-1,-0.30405527223520673
CSF,MS,MS,MS19270,GSM4104122_CTTACCGGTTACGCGC-1,0.2512762389904791
CSF,MS,MS,MS19270,GSM4104122_CTTAGGAGTCTCAACA-1,-0.1494401633215094
CSF,MS,MS,MS19270,GSM4104122_GAAACTCAGCCAGTAG-1,-0.10682267733295828
CSF,MS,MS,MS19270,GSM4104122_GAAACTCCACTTAACG-1,0.3479335344613047
CSF,MS,MS,MS19270,GSM4104122_GAAATGACAGTAGAGC-1,-0.30405527223520673
CSF,MS,MS,MS19270,GSM4104122_GAAATGATCAGGCAAG-1,0.16707822003524303
CSF,MS,MS,MS19270,GSM4104122_GACAGAGGTCTGATTG-1,-0.30405527223520673
CSF,MS,MS,MS19270,GSM4104122_GACCAATAGTTTCCTT-1,0.08434784980111519
CSF,MS,MS,MS19270,GSM4104122_GACGCGTTCTTTACGT-1,0.3641900683564461
CSF,MS,MS,MS19270,GSM4104122_GACGTGCAGTCCATAC-1,-0.12870471101741904
CSF,MS,MS,MS19270,GSM4104122_GAGCAGATCTGACCTC-1,-0.30405527223520673
CSF,MS,MS,MS19270,GSM4104122_GAGGTGATCCATGCTC-1,-0.1059623877523962
CSF,MS,MS,MS19270,GSM4104122_GAGTCCGAGCTTCGCG-1,0.12054701629658282
CSF,MS,MS,MS19270,GSM4104122_GATCAGTAGGACCACA-1,-0.20016690578003057
CSF,MS,MS,MS19270,GSM4104122_GATCGTACAATCACAC-1,0.021669145045721008
CSF,MS,MS,MS19270,GSM4104122_GATGAAACAACGCACC-1,0.1757394220186583
CSF,MS,MS,MS19270,GSM4104122_GATGAGGGTACCCAAT-1,0.4400747347517112
CSF,MS,MS,MS19270,GSM4104122_GATGCTAGTGCGAAAC-1,0.3230341799452205
CSF,MS,MS,MS19270,GSM4104122_GCAAACTCAAGTACCT-1,-0.30405527223520673
CSF,MS,MS,MS19270,GSM4104122_GCAAACTGTGAGTATA-1,-0.08881149920542145
CSF,MS,MS,MS19270,GSM4104122_GCAGTTACAATGTAAG-1,-0.17315528371990765
CSF,MS,MS,MS19270,GSM4104122_GCATGCGTCCCTGACT-1,-0.20711178117145587
CSF,MS,MS,MS19270,GSM4104122_GCATGTACACGTCAGC-1,-0.1667683907765229
CSF,MS,MS,MS19270,GSM4104122_GCATGTATCTTAGAGC-1,0.07221631317866484
CSF,MS,MS,MS19270,GSM4104122_GCGACCACAGCGTTCG-1,-0.09567350078562867
CSF,MS,MS,MS19270,GSM4104122_GCGAGAATCCCTGACT-1,-0.30405527223520673
CSF,MS,MS,MS19270,GSM4104122_GGAAAGCAGACGCAAC-1,0.13151332451496411
CSF,MS,MS,MS19270,GSM4104122_GGAATAACATCCGGGT-1,0.5600779063400774
CSF,MS,MS,MS19270,GSM4104122_GGACAAGGTGACGGTA-1,-0.006082700494035055
CSF,MS,MS,MS19270,GSM4104122_GGACGTCCAGCGAACA-1,0.09225489469440727
CSF,MS,MS,MS19270,GSM4104122_GGACGTCGTCTCCATC-1,-0.17754215383918145
CSF,MS,MS,MS19270,GSM4104122_GGAGCAATCCTTGCCA-1,-0.30405527223520673
CSF,MS,MS,MS19270,GSM4104122_GGATTACCATTCTCAT-1,-0.14637427562110528
CSF,MS,MS,MS19270,GSM4104122_GGATTACGTAGCGTCC-1,0.03739515659429145
CSF,MS,MS,MS19270,GSM4104122_GGATTACTCTACGAGT-1,-0.30405527223520673
CSF,MS,MS,MS19270,GSM4104122_GGCTGGTTCACTATTC-1,-0.0671392869629798
CSF,MS,MS,MS19270,GSM4104122_GGGACCTAGAGACGAA-1,0.29284487638661844
CSF,MS,MS,MS19270,GSM4104122_GGGATGACAATAGCAA-1,0.3905150039956035
CSF,MS,MS,MS19270,GSM4104122_GGGATGATCTTCGAGA-1,-0.19844377781213923
CSF,MS,MS,MS19270,GSM4104122_GGGCACTCAAGCCGTC-1,0.00835145818705255
CSF,MS,MS,MS19270,GSM4104122_GTAACGTAGAGGGCTT-1,-0.09681809640322811
CSF,MS,MS,MS19270,GSM4104122_GTACTCCAGATGTTAG-1,-0.30405527223520673
CSF,MS,MS,MS19270,GSM4104122_GTACTCCGTGATGCCC-1,-0.30405527223520673
CSF,MS,MS,MS19270,GSM4104122_GTAGGCCGTGAAGGCT-1,0.07675951933317479
CSF,MS,MS,MS19270,GSM4104122_GTAGGCCTCATTCACT-1,-0.30405527223520673
CSF,MS,MS,MS19270,GSM4104122_GTAGGCCTCGCTTAGA-1,0.48073870820744885
CSF,MS,MS,MS19270,GSM4104122_GTAGTCAGTCTAGCCG-1,-0.0922936444465963
CSF,MS,MS,MS19270,GSM4104122_GTCATTTTCCTCCTAG-1,-0.1316936183040527
CSF,MS,MS,MS19270,GSM4104122_GTCCTCATCCCTCTTT-1,-0.1681640987805259
CSF,MS,MS,MS19270,GSM4104122_GTCGGGTGTCGAGTTT-1,-0.30405527223520673
CSF,MS,MS,MS19270,GSM4104122_GTCGTAAAGTGTACCT-1,0.7831550107030162
CSF,MS,MS,MS19270,GSM4104122_GTTCATTAGTATTGGA-1,0.2662267890900219
CSF,MS,MS,MS19270,GSM4104122_GTTCGGGTCGGCGCTA-1,-0.03415049528049258
CSF,MS,MS,MS19270,GSM4104122_GTTCGGGTCTGCGTAA-1,0.22245679367636034
CSF,MS,MS,MS19270,GSM4104122_GTTTCTAGTTCTCATT-1,-0.30405527223520673
CSF,MS,MS,MS19270,GSM4104122_TAAGTGCCAGCTCCGA-1,0.17502266974904096
CSF,MS,MS,MS19270,GSM4104122_TACCTATGTTTGTTGG-1,-0.04668400887244136
CSF,MS,MS,MS19270,GSM4104122_TACTCATCATCGTCGG-1,0.11802870246530871
CSF,MS,MS,MS19270,GSM4104122_TACTCATGTAGGCTGA-1,-0.033243441672257505
CSF,MS,MS,MS19270,GSM4104122_TACTCATTCTGCAGTA-1,-0.03046563827284957
CSF,MS,MS,MS19270,GSM4104122_TACTCGCGTCGGATCC-1,-0.22363839193902563
CSF,MS,MS,MS19270,GSM4104122_TAGGCATCAGCCTTTC-1,-0.048293704387126386
CSF,MS,MS,MS19270,GSM4104122_TAGGCATTCTAACGGT-1,0.1881981061202418
CSF,MS,MS,MS19270,GSM4104122_TAGTGGTAGCTACCGC-1,-0.1495013059687938
CSF,MS,MS,MS19270,GSM4104122_TCAACGATCTCCAACC-1,-0.30405527223520673
CSF,MS,MS,MS19270,GSM4104122_TCAGGTAAGATGTCGG-1,-0.30405527223520673
CSF,MS,MS,MS19270,GSM4104122_TCCACACCATGTAAGA-1,-0.017888670297404725
CSF,MS,MS,MS19270,GSM4104122_TCGGGACAGATCCCGC-1,-0.30405527223520673
CSF,MS,MS,MS19270,GSM4104122_TCGGTAAAGGGTGTTG-1,-0.026608746148805484
CSF,MS,MS,MS19270,GSM4104122_TCTCATATCGACAGCC-1,-0.02198584317841928
CSF,MS,MS,MS19270,GSM4104122_TCTGGAAAGCGAGAAA-1,-0.14481379009816256
CSF,MS,MS,MS19270,GSM4104122_TGAAAGACAAAGGAAG-1,-0.30405527223520673
CSF,MS,MS,MS19270,GSM4104122_TGACTAGGTTCACGGC-1,-0.30405527223520673
CSF,MS,MS,MS19270,GSM4104122_TGAGGGAAGGGCACTA-1,0.02624460595297895
CSF,MS,MS,MS19270,GSM4104122_TGAGGGACAACGATCT-1,-0.10041497371304578
CSF,MS,MS,MS19270,GSM4104122_TGATTTCGTACCAGTT-1,0.10348499869510805
CSF,MS,MS,MS19270,GSM4104122_TGATTTCGTCTGCCAG-1,0.6020113095144424
CSF,MS,MS,MS19270,GSM4104122_TGCCAAAAGAATAGGG-1,0.012089015919570805
CSF,MS,MS,MS19270,GSM4104122_TGCCCATCAAGAGGCT-1,-0.30405527223520673
CSF,MS,MS,MS19270,GSM4104122_TGCGCAGCAAGAAGAG-1,0.3299216735635032
CSF,MS,MS,MS19270,GSM4104122_TGCGCAGCACAGCCCA-1,-0.16323609979353634
CSF,MS,MS,MS19270,GSM4104122_TGCTGCTAGAGGGATA-1,0.3303367931376616
CSF,MS,MS,MS19270,GSM4104122_TGGCCAGCACGCGAAA-1,0.03303415967720099
CSF,MS,MS,MS19270,GSM4104122_TGGCGCAGTGCGATAG-1,-0.14451438530253213
CSF,MS,MS,MS19270,GSM4104122_TGTGGTAGTATCACCA-1,0.07386483488637993
CSF,MS,MS,MS19270,GSM4104122_TTAGGACTCTAACGGT-1,-0.029640922943657277
CSF,MS,MS,MS19270,GSM4104122_TTAGTTCCAGCGTAAG-1,0.3068245581304539
CSF,MS,MS,MS19270,GSM4104122_TTAGTTCGTTATTCTC-1,0.6741084270217542
CSF,MS,MS,MS19270,GSM4104122_TTCCCAGTCCAGAGGA-1,0.35966193467612445
CSF,MS,MS,MS19270,GSM4104122_TTCGGTCAGCAGGCTA-1,-0.13713846874321484
CSF,MS,MS,MS19270,GSM4104122_TTCTCCTTCACAAACC-1,0.1626415567749627
CSF,MS,MS,MS19270,GSM4104122_TTCTCCTTCGAATGGG-1,-0.14096808694456858
CSF,MS,MS,MS19270,GSM4104122_TTGACTTAGTAGATGT-1,-0.30405527223520673
CSF,MS,MS,MS19270,GSM4104122_TTGACTTTCGGAGGTA-1,0.10637856181678533
CSF,MS,MS,MS19270,GSM4104122_TTGCCGTCAAGTCTGT-1,0.23337311422086518
CSF,MS,MS,MS19270,GSM4104122_TTGCCGTTCTACTATC-1,0.012891422871001455
CSF,MS,MS,MS19270,GSM4104122_TTGGAACCAATGACCT-1,-0.30405527223520673
CSF,MS,MS,MS19270,GSM4104122_TTGGAACTCATTTGGG-1,-0.18592183089611858
CSF,MS,MS,MS19270,GSM4104122_TTTATGCTCTGGCGAC-1,0.4880206009146937
CSF,MS,MS,MS19270,GSM4104122_TTTGGTTCACGGCCAT-1,-0.06336541529011822
PB,MS,MS,MS19270,GSM4104134_AAAGATGAGGAGCGTT-1,0.17259524068362936
PB,MS,MS,MS19270,GSM4104134_AAAGTAGTCTACTTAC-1,0.202268597402152
PB,MS,MS,MS19270,GSM4104134_AACCATGTCTGCTGCT-1,-0.07738597966545181
PB,MS,MS,MS19270,GSM4104134_AACTCCCCAAGGTTCT-1,-0.11793204220487206
PB,MS,MS,MS19270,GSM4104134_AACTTTCGTCGGCACT-1,-0.30405527223520673
PB,MS,MS,MS19270,GSM4104134_AAGTCTGGTAGGGTAC-1,-0.30405527223520673
PB,MS,MS,MS19270,GSM4104134_ACTGAGTCAGATGGCA-1,-0.15343450966028177
PB,MS,MS,MS19270,GSM4104134_AGAATAGGTCGAGTTT-1,-0.16944187220796061
PB,MS,MS,MS19270,GSM4104134_AGCCTAATCAGCTTAG-1,0.5507809372712413
PB,MS,MS,MS19270,GSM4104134_AGCTCCTGTCGCTTCT-1,-0.30405527223520673
PB,MS,MS,MS19270,GSM4104134_AGGGTGATCTTCAACT-1,0.020154828914745453
PB,MS,MS,MS19270,GSM4104134_ATAGACCAGGGCTCTC-1,-0.02320931675670222
PB,MS,MS,MS19270,GSM4104134_ATAGACCCATGAAGTA-1,0.1419287647232615
PB,MS,MS,MS19270,GSM4104134_ATAGACCTCTCTAGGA-1,0.25714538583563357
PB,MS,MS,MS19270,GSM4104134_ATCTACTGTAGGCTGA-1,0.10010965732530654
PB,MS,MS,MS19270,GSM4104134_ATCTACTTCGAGAACG-1,-0.13915637635536268
PB,MS,MS,MS19270,GSM4104134_ATCTGCCGTCATGCCG-1,0.059508002134111324
PB,MS,MS,MS19270,GSM4104134_ATTGGACAGTCGTACT-1,-0.1645532395852102
PB,MS,MS,MS19270,GSM4104134_CAACCTCAGCACAGGT-1,0.21969480238058794
PB,MS,MS,MS19270,GSM4104134_CAGTCCTGTTCAGTAC-1,-0.30405527223520673
PB,MS,MS,MS19270,GSM4104134_CATCAAGAGACTAGGC-1,0.13792564294531945
PB,MS,MS,MS19270,GSM4104134_CCACCTATCTCCAGGG-1,-0.30405527223520673
PB,MS,MS,MS19270,GSM4104134_CCACTACCAGGATCGA-1,0.034589533755557685
PB,MS,MS,MS19270,GSM4104134_CCACTACCATCGACGC-1,-0.30405527223520673
PB,MS,MS,MS19270,GSM4104134_CCACTACTCTGCGTAA-1,0.008814100631632491
PB,MS,MS,MS19270,GSM4104134_CCAGCGAAGTCTCAAC-1,-0.30405527223520673
PB,MS,MS,MS19270,GSM4104134_CCATTCGAGCGTAATA-1,0.3933582514959112
PB,MS,MS,MS19270,GSM4104134_CCATTCGCATACAGCT-1,0.10575253629796146
PB,MS,MS,MS19270,GSM4104134_CCTACACCATGTTGAC-1,0.12998347391487666
PB,MS,MS,MS19270,GSM4104134_CCTACCACAGCCAGAA-1,-0.30405527223520673
PB,MS,MS,MS19270,GSM4104134_CCTCTGAAGTATCGAA-1,-0.06050732784120272
PB,MS,MS,MS19270,GSM4104134_CGACTTCCACGCGAAA-1,-0.30405527223520673
PB,MS,MS,MS19270,GSM4104134_CGATCGGGTTTGACTG-1,0.14699668601465118
PB,MS,MS,MS19270,GSM4104134_CGATGTAAGCTGCCCA-1,-0.06084589504221989
PB,MS,MS,MS19270,GSM4104134_CGCGGTAGTCTCCATC-1,-0.056958267414472775
PB,MS,MS,MS19270,GSM4104134_CGCGTTTAGTGTCCCG-1,0.11596694030367585
PB,MS,MS,MS19270,GSM4104134_CGGCTAGTCTGCCAGG-1,-0.30405527223520673
PB,MS,MS,MS19270,GSM4104134_CGTGAGCAGTACGACG-1,0.20067712454652759
PB,MS,MS,MS19270,GSM4104134_CTAAGACAGCTGAAAT-1,0.4975211563278461
PB,MS,MS,MS19270,GSM4104134_CTACACCCACGAAGCA-1,0.03415154764944208
PB,MS,MS,MS19270,GSM4104134_CTAGAGTAGACCACGA-1,1.1075202441176413
PB,MS,MS,MS19270,GSM4104134_CTCAGAACAGCTGGCT-1,0.16639787375016565
PB,MS,MS,MS19270,GSM4104134_CTCATTAGTATATCCG-1,-0.15887474142852023
PB,MS,MS,MS19270,GSM4104134_CTCTGGTTCTGCGACG-1,-0.30405527223520673
PB,MS,MS,MS19270,GSM4104134_CTGCCTAAGGCCATAG-1,0.22816959757901017
PB,MS,MS,MS19270,GSM4104134_CTTAACTGTAGCGTAG-1,0.2740517688701548
PB,MS,MS,MS19270,GSM4104134_CTTAGGACACCAACCG-1,-0.30405527223520673
PB,MS,MS,MS19270,GSM4104134_CTTGGCTAGGGCTTGA-1,0.3655095978138183
PB,MS,MS,MS19270,GSM4104134_CTTGGCTAGTCAAGGC-1,0.36366475908506085
PB,MS,MS,MS19270,GSM4104134_CTTTGCGCATTAGGCT-1,-0.30405527223520673
PB,MS,MS,MS19270,GSM4104134_GAACCTACACAGACAG-1,0.06942239224460799
PB,MS,MS,MS19270,GSM4104134_GAAGCAGAGTTTGCGT-1,-0.14137158630244293
PB,MS,MS,MS19270,GSM4104134_GAAGCAGCACGCCAGT-1,-0.03405871391836461
PB,MS,MS,MS19270,GSM4104134_GAATAAGAGCTAGGCA-1,-0.10984579130388784
PB,MS,MS,MS19270,GSM4104134_GAATGAACAGCTCGCA-1,0.23480432477811686
PB,MS,MS,MS19270,GSM4104134_GACCTGGGTCGCGGTT-1,-0.1848079621960326
PB,MS,MS,MS19270,GSM4104134_GACGTGCAGAAGAAGC-1,0.953950038368982
PB,MS,MS,MS19270,GSM4104134_GATCGATTCTTCCTTC-1,-0.06240413546429656
PB,MS,MS,MS19270,GSM4104134_GATGCTAAGCGATTCT-1,-0.03210627140846851
PB,MS,MS,MS19270,GSM4104134_GATGCTAGTAGAGCTG-1,-0.30405527223520673
PB,MS,MS,MS19270,GSM4104134_GCAAACTAGTATGACA-1,-0.30405527223520673
PB,MS,MS,MS19270,GSM4104134_GCAAACTGTCTGGTCG-1,0.02146025215120349
PB,MS,MS,MS19270,GSM4104134_GCAGTTAAGAGTCGGT-1,0.38503304544972733
PB,MS,MS,MS19270,GSM4104134_GCATGTACATGCCCGA-1,-0.30405527223520673
PB,MS,MS,MS19270,GSM4104134_GCATGTATCGTGACAT-1,-0.30405527223520673
PB,MS,MS,MS19270,GSM4104134_GCTGCAGGTGGTTTCA-1,0.5566035762044675
PB,MS,MS,MS19270,GSM4104134_GCTGGGTTCACGATGT-1,-0.30405527223520673
PB,MS,MS,MS19270,GSM4104134_GCTTCCAGTGGAAAGA-1,0.01465051388545413
PB,MS,MS,MS19270,GSM4104134_GGATTACCATTGGGCC-1,-0.17560021179891053
PB,MS,MS,MS19270,GSM4104134_GGCAATTCATCTATGG-1,0.2492353286892718
PB,MS,MS,MS19270,GSM4104134_GGGACCTCAAATTGCC-1,-0.30405527223520673
PB,MS,MS,MS19270,GSM4104134_GGGACCTTCGCCAAAT-1,-0.1289346237285648
PB,MS,MS,MS19270,GSM4104134_GGGTCTGGTTCAACCA-1,0.29172849458928046
PB,MS,MS,MS19270,GSM4104134_GTACGTAAGAAAGTGG-1,-0.30405527223520673
PB,MS,MS,MS19270,GSM4104134_GTATCTTGTAAATGTG-1,-0.30405527223520673
PB,MS,MS,MS19270,GSM4104134_GTCACAACACCTATCC-1,-0.16396958251898036
PB,MS,MS,MS19270,GSM4104134_GTGCTTCCAGCTGCTG-1,-0.30405527223520673
PB,MS,MS,MS19270,GSM4104134_GTGTGCGCAATCACAC-1,0.12683509978695975
PB,MS,MS,MS19270,GSM4104134_GTTTCTAAGGCCCTCA-1,0.4248080337106877
PB,MS,MS,MS19270,GSM4104134_TAAGAGAGTCCCTACT-1,-0.30405527223520673
PB,MS,MS,MS19270,GSM4104134_TACGGGCTCCCAAGTA-1,-0.30405527223520673
PB,MS,MS,MS19270,GSM4104134_TAGGCATCACCACGTG-1,-0.30405527223520673
PB,MS,MS,MS19270,GSM4104134_TAGTTGGCAGGACCCT-1,-0.05761649753840473
PB,MS,MS,MS19270,GSM4104134_TATCAGGTCATTCACT-1,-0.08427946483640346
PB,MS,MS,MS19270,GSM4104134_TATCTCAAGGATGGTC-1,0.29373028393170475
PB,MS,MS,MS19270,GSM4104134_TCGGTAACATTTGCCC-1,0.3749749272478652
PB,MS,MS,MS19270,GSM4104134_TCTCTAAAGCAACGGT-1,-0.06054949615420573
PB,MS,MS,MS19270,GSM4104134_TGACAACGTTGTCTTT-1,0.09442850772401393
PB,MS,MS,MS19270,GSM4104134_TGAGCCGAGATCTGAA-1,-0.30405527223520673
PB,MS,MS,MS19270,GSM4104134_TGAGCCGAGCCGTCGT-1,-0.30405527223520673
PB,MS,MS,MS19270,GSM4104134_TGCACCTTCACTTACT-1,-0.037451169932351265
PB,MS,MS,MS19270,GSM4104134_TGCCCTATCGAATGCT-1,0.081433407407254
PB,MS,MS,MS19270,GSM4104134_TGCGCAGAGCCCTAAT-1,0.0006794860409022409
PB,MS,MS,MS19270,GSM4104134_TGGCGCATCAATCACG-1,-0.30405527223520673
PB,MS,MS,MS19270,GSM4104134_TGGCGCATCAGCCTAA-1,0.35876937869558084
PB,MS,MS,MS19270,GSM4104134_TGGGCGTTCGCCTGAG-1,-0.15976212978539125
PB,MS,MS,MS19270,GSM4104134_TTCGGTCAGAGCTGGT-1,0.006265982305599271
PB,MS,MS,MS19270,GSM4104134_TTCGGTCGTCATGCCG-1,-0.011830742922383548
PB,MS,MS,MS19270,GSM4104134_TTTACTGCACTGAAGG-1,-0.30405527223520673
CSF,MS,MS,MS49131,GSM4104125_AAAGCAATCGCCTGTT-1,-0.30405527223520673
CSF,MS,MS,MS49131,GSM4104125_AAGGTTCCAATTCCTT-1,0.10467704296188096
CSF,MS,MS,MS49131,GSM4104125_AATCGGTTCAGAGCTT-1,-0.16613736558449985
CSF,MS,MS,MS49131,GSM4104125_ACAGCCGAGGTGTGGT-1,0.7113465974497126
CSF,MS,MS,MS49131,GSM4104125_ACGAGGAGTCATGCCG-1,-0.30405527223520673
CSF,MS,MS,MS49131,GSM4104125_ACGGGTCCATGAGCGA-1,0.21751902779515428
CSF,MS,MS,MS49131,GSM4104125_ACTTGTTGTTAAGATG-1,0.5634173347352158
CSF,MS,MS,MS49131,GSM4104125_AGAGCGAGTTTGGGCC-1,0.1649231899419674
CSF,MS,MS,MS49131,GSM4104125_AGTAGTCAGCTCCTTC-1,-0.30405527223520673
CSF,MS,MS,MS49131,GSM4104125_AGTGTCAGTATGAATG-1,-0.09187928986740587
CSF,MS,MS,MS49131,GSM4104125_CAACTAGCAGTACACT-1,-0.30405527223520673
CSF,MS,MS,MS49131,GSM4104125_CACAGTATCTTGGGTA-1,0.09015663374962919
CSF,MS,MS,MS49131,GSM4104125_CAGAATCCAGCGTTCG-1,-0.30405527223520673
CSF,MS,MS,MS49131,GSM4104125_CAGAATCTCTTGTTTG-1,0.5862538366310498
CSF,MS,MS,MS49131,GSM4104125_CAGCAGCTCACTTACT-1,-0.30405527223520673
CSF,MS,MS,MS49131,GSM4104125_CAGGTGCAGAGCTGCA-1,0.5738514494266173
CSF,MS,MS,MS49131,GSM4104125_CATATGGCATCGATGT-1,0.21209296383536141
CSF,MS,MS,MS49131,GSM4104125_CATATTCTCCTGCAGG-1,0.7139200518572419
CSF,MS,MS,MS49131,GSM4104125_CATCAAGGTTCGCTAA-1,0.2344376815169091
CSF,MS,MS,MS49131,GSM4104125_CATCCACCAGACGCCT-1,0.05776250042294987
CSF,MS,MS,MS49131,GSM4104125_CCTACACTCGAATGCT-1,-0.30405527223520673
CSF,MS,MS,MS49131,GSM4104125_CGAGAAGGTAGAGTGC-1,-0.30405527223520673
CSF,MS,MS,MS49131,GSM4104125_CGGACACAGAAGAAGC-1,-0.08864480684245753
CSF,MS,MS,MS49131,GSM4104125_CGGTTAATCACGGTTA-1,-0.1601635844425559
CSF,MS,MS,MS49131,GSM4104125_CGTCACTTCTTTCCTC-1,0.1778037160048629
CSF,MS,MS,MS49131,GSM4104125_CTCGTACGTCAGGACA-1,0.03544046606301454
CSF,MS,MS,MS49131,GSM4104125_CTGAAACCAAGTCATC-1,-0.2363637268774317
CSF,MS,MS,MS49131,GSM4104125_GAAACTCGTGTAATGA-1,-0.30405527223520673
CSF,MS,MS,MS49131,GSM4104125_GACCTGGTCGAACGGA-1,0.8216862146857785
CSF,MS,MS,MS49131,GSM4104125_GACGTTAAGGTGATTA-1,-0.30405527223520673
CSF,MS,MS,MS49131,GSM4104125_GACGTTAGTTGGTTTG-1,0.03222804350128324
CSF,MS,MS,MS49131,GSM4104125_GATCGCGAGAAGGTTT-1,-0.02329893365195051
CSF,MS,MS,MS49131,GSM4104125_GCGACCACAACACCCG-1,-0.01809732859745599
CSF,MS,MS,MS49131,GSM4104125_GCGAGAACAACACCTA-1,-0.15856753102245943
CSF,MS,MS,MS49131,GSM4104125_GCGCAACAGAGTTGGC-1,0.276516395368605
CSF,MS,MS,MS49131,GSM4104125_GGAGCAACACACGCTG-1,-0.30405527223520673
CSF,MS,MS,MS49131,GSM4104125_GGGAGATAGGCTAGCA-1,-0.16018859089721285
CSF,MS,MS,MS49131,GSM4104125_GGTATTGGTATCGCAT-1,0.08680700426480752
CSF,MS,MS,MS49131,GSM4104125_GTAGTCACAGCTGGCT-1,-0.09595324574831322
CSF,MS,MS,MS49131,GSM4104125_GTCAAGTAGTACGCCC-1,0.5518432869513606
CSF,MS,MS,MS49131,GSM4104125_GTCTCGTTCCGTACAA-1,0.21601963505068866
CSF,MS,MS,MS49131,GSM4104125_GTGCATAAGTGGCACA-1,-0.30405527223520673
CSF,MS,MS,MS49131,GSM4104125_GTGCTTCTCGTGGTCG-1,-0.1501185104086939
CSF,MS,MS,MS49131,GSM4104125_TACAGTGTCCCACTTG-1,-0.17123494546770882
CSF,MS,MS,MS49131,GSM4104125_TACCTATTCTCGCTTG-1,-0.30405527223520673
CSF,MS,MS,MS49131,GSM4104125_TACGGGCCAGTCAGCC-1,0.057724950248649286
CSF,MS,MS,MS49131,GSM4104125_TACGGGCGTTCGTCTC-1,0.022578900715993968
CSF,MS,MS,MS49131,GSM4104125_TCAGATGTCTTCGGTC-1,0.39349585798897085
CSF,MS,MS,MS49131,GSM4104125_TCAGCTCCATCAGTCA-1,-0.08091117069162275
CSF,MS,MS,MS49131,GSM4104125_TCGCGAGCACTTCGAA-1,-0.30405527223520673
CSF,MS,MS,MS49131,GSM4104125_TGAAAGACATCATCCC-1,0.893951344960602
CSF,MS,MS,MS49131,GSM4104125_TGAGAGGGTCTAGAGG-1,-0.058019680659969305
CSF,MS,MS,MS49131,GSM4104125_TGAGAGGTCGATGAGG-1,0.06639609119842713
CSF,MS,MS,MS49131,GSM4104125_TGATTTCTCAGCATGT-1,0.04404101376090903
CSF,MS,MS,MS49131,GSM4104125_TTAACTCTCAGGTAAA-1,0.00857764297263332
CSF,MS,MS,MS49131,GSM4104125_TTTACTGTCTGCCCTA-1,-0.055985336677723256
CSF,MS,MS,MS49131,GSM4104125_TTTATGCCAAGTAGTA-1,-0.30405527223520673
CSF,MS,MS,MS49131,GSM4104125_TTTGTCAAGATATGGT-1,-0.30405527223520673
PB,MS,MS,MS49131,GSM4104136_AACCATGCATAACCTG-1,0.32462097789370026
PB,MS,MS,MS49131,GSM4104136_AAGACCTCAACACCTA-1,-0.05944977249263387
PB,MS,MS,MS49131,GSM4104136_AATCGGTCATGTTGAC-1,-0.045038715605448254
PB,MS,MS,MS49131,GSM4104136_ACACCCTCATCAGTCA-1,0.10927737325351627
PB,MS,MS,MS49131,GSM4104136_ACACTGATCTCATTCA-1,0.46109081986876127
PB,MS,MS,MS49131,GSM4104136_ACCAGTAGTCCGAAGA-1,0.2513483941238836
PB,MS,MS,MS49131,GSM4104136_ACCGTAAGTCTCGTTC-1,-0.30405527223520673
PB,MS,MS,MS49131,GSM4104136_ACGCAGCAGGCTAGGT-1,-0.163354880453157
PB,MS,MS,MS49131,GSM4104136_ACGCAGCAGTCTTGCA-1,-0.12986631435576168
PB,MS,MS,MS49131,GSM4104136_ACTGCTCGTCATGCAT-1,-0.30405527223520673
PB,MS,MS,MS49131,GSM4104136_AGAGTGGCAAGGTTTC-1,0.35510735541361554
PB,MS,MS,MS49131,GSM4104136_AGGCCGTGTTCAGTAC-1,-0.09668699077075352
PB,MS,MS,MS49131,GSM4104136_ATAAGAGGTTAGTGGG-1,-0.13177084688488244
PB,MS,MS,MS49131,GSM4104136_ATCCACCTCTCATTCA-1,-0.30405527223520673
PB,MS,MS,MS49131,GSM4104136_ATGAGGGTCTCTAAGG-1,-0.30405527223520673
PB,MS,MS,MS49131,GSM4104136_ATGTGTGCATGCATGT-1,-0.30405527223520673
PB,MS,MS,MS49131,GSM4104136_ATGTGTGGTCTCCATC-1,-0.15423720745384792
PB,MS,MS,MS49131,GSM4104136_ATTACTCCAGTCACTA-1,-0.30405527223520673
PB,MS,MS,MS49131,GSM4104136_ATTGGACGTCTGATCA-1,-0.30405527223520673
PB,MS,MS,MS49131,GSM4104136_ATTGGACGTCTGGAGA-1,-0.30405527223520673
PB,MS,MS,MS49131,GSM4104136_ATTGGACGTTTGACAC-1,0.0011648297770390384
PB,MS,MS,MS49131,GSM4104136_CACACAACACCTCGGA-1,-0.30405527223520673
PB,MS,MS,MS49131,GSM4104136_CACACCTTCTCCGGTT-1,-0.30405527223520673
PB,MS,MS,MS49131,GSM4104136_CACACTCAGTCCGTAT-1,0.01206279398729726
PB,MS,MS,MS49131,GSM4104136_CACCAGGAGATCCCGC-1,-0.05909330986456196
PB,MS,MS,MS49131,GSM4104136_CAGATCATCACTTCAT-1,0.8162173596308425
PB,MS,MS,MS49131,GSM4104136_CAGCTGGGTATGAATG-1,-0.30405527223520673
PB,MS,MS,MS49131,GSM4104136_CATGACAGTCTGCCAG-1,0.1381741819888173
PB,MS,MS,MS49131,GSM4104136_CCCTCCTCAGACAAGC-1,-0.30405527223520673
PB,MS,MS,MS49131,GSM4104136_CCGGGATGTGGTACAG-1,-0.15326714973207473
PB,MS,MS,MS49131,GSM4104136_CCGGGATTCCGAAGAG-1,-0.30405527223520673
PB,MS,MS,MS49131,GSM4104136_CCGTACTAGGGATGGG-1,0.6463952299234028
PB,MS,MS,MS49131,GSM4104136_CCTAAAGCACAACGTT-1,-0.1783908573987166
PB,MS,MS,MS49131,GSM4104136_CCTACCAAGCCCGAAA-1,-0.133839425938537
PB,MS,MS,MS49131,GSM4104136_CCTCTGATCACTTCAT-1,0.0031093448780788535
PB,MS,MS,MS49131,GSM4104136_CCTTCCCTCTATCCTA-1,0.6179490415999993
PB,MS,MS,MS49131,GSM4104136_CCTTCGAGTTCCGTCT-1,-0.10406380088533365
PB,MS,MS,MS49131,GSM4104136_CGAACATGTATCACCA-1,0.3637095632324988
PB,MS,MS,MS49131,GSM4104136_CGACTTCGTCTCAACA-1,0.5266287094018467
PB,MS,MS,MS49131,GSM4104136_CGAGAAGGTAACGTTC-1,-0.12828528919342172
PB,MS,MS,MS49131,GSM4104136_CGAGAAGGTACCGGCT-1,0.046921031125789416
PB,MS,MS,MS49131,GSM4104136_CGATTGATCCACGTTC-1,0.25939762241688497
PB,MS,MS,MS49131,GSM4104136_CGCGGTACATGCGCAC-1,-0.30405527223520673
PB,MS,MS,MS49131,GSM4104136_CGCTTCATCCGAATGT-1,-0.30405527223520673
PB,MS,MS,MS49131,GSM4104136_CGGAGCTTCTCGTATT-1,-0.02658937570177498
PB,MS,MS,MS49131,GSM4104136_CGTCAGGCACCACGTG-1,0.047504539913635284
PB,MS,MS,MS49131,GSM4104136_CGTCCATGTAAATGTG-1,-0.30405527223520673
PB,MS,MS,MS49131,GSM4104136_CGTGTAAGTAGGCTGA-1,-0.30405527223520673
PB,MS,MS,MS49131,GSM4104136_CGTGTCTCATATGAGA-1,-0.04527007245098737
PB,MS,MS,MS49131,GSM4104136_CTAGCCTTCGGAAATA-1,0.4421147116145728
PB,MS,MS,MS49131,GSM4104136_CTAGTGAGTTTGCATG-1,0.3185386122003105
PB,MS,MS,MS49131,GSM4104136_CTCGAAATCTAACGGT-1,-0.16855688108640443
PB,MS,MS,MS49131,GSM4104136_CTCGGAGTCAAAGTAG-1,-0.19056927109319494
PB,MS,MS,MS49131,GSM4104136_CTCTACGGTTCCCGAG-1,-0.08982741197219894
PB,MS,MS,MS49131,GSM4104136_CTCTGGTTCCCTAATT-1,-0.30405527223520673
PB,MS,MS,MS49131,GSM4104136_CTGCGGAAGGGATGGG-1,0.4307101425552634
PB,MS,MS,MS49131,GSM4104136_CTGCTGTCAGATGGGT-1,0.4928789394758667
PB,MS,MS,MS49131,GSM4104136_GAAGCAGTCCCACTTG-1,0.016247917804331546
PB,MS,MS,MS49131,GSM4104136_GACTGCGGTTACGACT-1,-0.30405527223520673
PB,MS,MS,MS49131,GSM4104136_GAGGTGAGTTATCACG-1,-0.2242470076813161
PB,MS,MS,MS49131,GSM4104136_GATCAGTAGTTGAGTA-1,0.5300756606334679
PB,MS,MS,MS49131,GSM4104136_GATCGCGCAGTTAACC-1,-0.30405527223520673
PB,MS,MS,MS49131,GSM4104136_GATCGCGTCGAGAGCA-1,0.12243189078603213
PB,MS,MS,MS49131,GSM4104136_GATCGTATCCAGGGCT-1,0.1069373040997522
PB,MS,MS,MS49131,GSM4104136_GATTCAGAGACCCACC-1,-0.1747404085672452
PB,MS,MS,MS49131,GSM4104136_GATTCAGGTCTAGGTT-1,-0.1867753759308975
PB,MS,MS,MS49131,GSM4104136_GCATGATAGATCGATA-1,0.5393254934485842
PB,MS,MS,MS49131,GSM4104136_GCATGTACATGCCTTC-1,-0.30405527223520673
PB,MS,MS,MS49131,GSM4104136_GCCTCTACATTCTCAT-1,-0.08375559499239874
PB,MS,MS,MS49131,GSM4104136_GCGCCAATCCTTTCGG-1,-0.30405527223520673
PB,MS,MS,MS49131,GSM4104136_GCTCCTAGTGCAGACA-1,-0.04927120389276718
PB,MS,MS,MS49131,GSM4104136_GCTGGGTGTCATGCAT-1,-0.30405527223520673
PB,MS,MS,MS49131,GSM4104136_GCTTGAACACAAGACG-1,-0.06982986873398393
PB,MS,MS,MS49131,GSM4104136_GCTTGAAGTCATATCG-1,0.41866571384501594
PB,MS,MS,MS49131,GSM4104136_GGAATAAAGTGGTAGC-1,-0.30405527223520673
PB,MS,MS,MS49131,GSM4104136_GGACAAGGTTTGTTGG-1,0.02176300185539564
PB,MS,MS,MS49131,GSM4104136_GGCCGATTCTAACCGA-1,-0.02048027197415739
PB,MS,MS,MS49131,GSM4104136_GGCTCGAGTCATCCCT-1,0.23935289708586208
PB,MS,MS,MS49131,GSM4104136_GGGAGATCACCAGATT-1,0.08817141448350067
PB,MS,MS,MS49131,GSM4104136_GGTGAAGGTACAGTGG-1,-0.05055494241192276
PB,MS,MS,MS49131,GSM4104136_GGTGTTATCATCGATG-1,-0.12275124927730832
PB,MS,MS,MS49131,GSM4104136_GTATTCTTCAACCAAC-1,-0.08873681837439554
PB,MS,MS,MS49131,GSM4104136_GTCTCGTAGGGATACC-1,-0.20645640171379537
PB,MS,MS,MS49131,GSM4104136_GTGCATATCACAAACC-1,0.14574755538553377
PB,MS,MS,MS49131,GSM4104136_GTGTTAGCAAGCGATG-1,-0.30405527223520673
PB,MS,MS,MS49131,GSM4104136_TAAACCGGTTGGTGGA-1,0.23201949845448055
PB,MS,MS,MS49131,GSM4104136_TAAGCGTCATAGTAAG-1,-0.30405527223520673
PB,MS,MS,MS49131,GSM4104136_TAAGCGTTCAGCGATT-1,-0.30405527223520673
PB,MS,MS,MS49131,GSM4104136_TACCTATCAAGGCTCC-1,-0.30405527223520673
PB,MS,MS,MS49131,GSM4104136_TACCTTAGTTTGTTGG-1,-0.09717330050737208
PB,MS,MS,MS49131,GSM4104136_TACTCATAGGCGCTCT-1,-0.30405527223520673
PB,MS,MS,MS49131,GSM4104136_TCACAAGCAAAGTGCG-1,-0.30405527223520673
PB,MS,MS,MS49131,GSM4104136_TCAGCAAAGAAGAAGC-1,0.027627272195158117
PB,MS,MS,MS49131,GSM4104136_TCAGCTCAGCCTATGT-1,-0.30405527223520673
PB,MS,MS,MS49131,GSM4104136_TCAGGATAGAAGGTGA-1,-0.30405527223520673
PB,MS,MS,MS49131,GSM4104136_TCATTTGAGTTAGCGG-1,-0.30405527223520673
PB,MS,MS,MS49131,GSM4104136_TCCCGATTCAAAGTAG-1,0.5601922948265473
PB,MS,MS,MS49131,GSM4104136_TCTCATAAGTCTTGCA-1,-0.11364160205125387
PB,MS,MS,MS49131,GSM4104136_TCTGGAAAGTCGTTTG-1,-0.17226637717304907
PB,MS,MS,MS49131,GSM4104136_TCTTCGGCATCCCATC-1,-0.0642029951113584
PB,MS,MS,MS49131,GSM4104136_TCTTTCCGTGATAAGT-1,-0.30405527223520673
PB,MS,MS,MS49131,GSM4104136_TGAGCATGTTGTCTTT-1,0.058740612791039815
PB,MS,MS,MS49131,GSM4104136_TGAGGGAAGTTGAGTA-1,0.289657837909049
PB,MS,MS,MS49131,GSM4104136_TGGGAAGAGTGAATTG-1,-0.30405527223520673
PB,MS,MS,MS49131,GSM4104136_TTGACTTGTCTCTTAT-1,-0.30405527223520673
PB,MS,MS,MS49131,GSM4104136_TTGCGTCTCGGCTTGG-1,-0.06301039404452229
PB,MS,MS,MS49131,GSM4104136_TTTACTGCAGCCAGAA-1,-0.0912987427346107
PB,MS,MS,MS49131,GSM4104136_TTTGGTTAGCTGCAAG-1,-0.30405527223520673
CSF,MS,MS,MS58637,GSM4104123_AACTGGTTCCCAACGG-1,0.4166288576728373
CSF,MS,MS,MS58637,GSM4104123_AAGCCGCCAGGTCCAC-1,-0.30405527223520673
CSF,MS,MS,MS58637,GSM4104123_ACCCACTAGACGCTTT-1,-0.30405527223520673
CSF,MS,MS,MS58637,GSM4104123_AGAGCGACACGCGAAA-1,-0.30405527223520673
CSF,MS,MS,MS58637,GSM4104123_AGGGTGAGTTCCACTC-1,0.6589854332523798
CSF,MS,MS,MS58637,GSM4104123_AGTTGGTGTCCGAAGA-1,0.605525867646487
CSF,MS,MS,MS58637,GSM4104123_ATCATGGAGATGCGAC-1,-0.02275918930933499
CSF,MS,MS,MS58637,GSM4104123_ATCATGGCAAGGTGTG-1,-0.30405527223520673
CSF,MS,MS,MS58637,GSM4104123_ATGAGGGGTCTCACCT-1,-0.006554985607775328
CSF,MS,MS,MS58637,GSM4104123_ATGTGTGTCAGCTCTC-1,-0.30405527223520673
CSF,MS,MS,MS58637,GSM4104123_ATTGGACTCCAACCAA-1,0.01214346870419252
CSF,MS,MS,MS58637,GSM4104123_CACCTTGAGGACTGGT-1,0.1605316733009204
CSF,MS,MS,MS58637,GSM4104123_CAGTCCTTCTTGCATT-1,-0.30405527223520673
CSF,MS,MS,MS58637,GSM4104123_CCCAATCGTAAATGTG-1,-0.30405527223520673
CSF,MS,MS,MS58637,GSM4104123_CGCTGGACATCTGGTA-1,0.12512550515081403
CSF,MS,MS,MS58637,GSM4104123_CGGACGTTCTACGAGT-1,0.12449791638587819
CSF,MS,MS,MS58637,GSM4104123_CGTGTCTGTGAAGGCT-1,-0.12517756843250308
CSF,MS,MS,MS58637,GSM4104123_CTACCCAAGCCAGTTT-1,-0.1323091554757572
CSF,MS,MS,MS58637,GSM4104123_CTCCTAGAGTCCTCCT-1,-0.30405527223520673
CSF,MS,MS,MS58637,GSM4104123_CTCGAGGAGGCTCTTA-1,0.2745598032288095
CSF,MS,MS,MS58637,GSM4104123_CTCGTACTCCGATATG-1,-0.30405527223520673
CSF,MS,MS,MS58637,GSM4104123_CTGAAACCATTTCAGG-1,-0.002879349521570187
CSF,MS,MS,MS58637,GSM4104123_CTTTGCGAGTGTGGCA-1,-0.30405527223520673
CSF,MS,MS,MS58637,GSM4104123_GAAACTCCAGTCGATT-1,0.14590656319994905
CSF,MS,MS,MS58637,GSM4104123_GACCAATAGTACGACG-1,-0.30405527223520673
CSF,MS,MS,MS58637,GSM4104123_GCACTCTTCTGCTGCT-1,-0.30405527223520673
CSF,MS,MS,MS58637,GSM4104123_GCCTCTAAGGGTATCG-1,0.22727777610287633
CSF,MS,MS,MS58637,GSM4104123_GCGAGAACACCAACCG-1,-0.30405527223520673
CSF,MS,MS,MS58637,GSM4104123_GGACGTCGTGGTTTCA-1,0.8382912811045282
CSF,MS,MS,MS58637,GSM4104123_GGAGCAAAGTGAAGAG-1,-0.17067136014564646
CSF,MS,MS,MS58637,GSM4104123_GGCGTGTGTTCAGGCC-1,-0.30405527223520673
CSF,MS,MS,MS58637,GSM4104123_GTCAAGTTCTTTACGT-1,-0.30405527223520673
CSF,MS,MS,MS58637,GSM4104123_GTGAAGGTCATCTGTT-1,0.3991625443380306
CSF,MS,MS,MS58637,GSM4104123_TATCAGGTCGCGGATC-1,0.0906965535714002
CSF,MS,MS,MS58637,GSM4104123_TATGCCCAGGATCGCA-1,0.09666526334229673
CSF,MS,MS,MS58637,GSM4104123_TCACGAAAGTTTCCTT-1,0.003428651985462256
CSF,MS,MS,MS58637,GSM4104123_TCCCGATCAATTCCTT-1,-0.09920722290538442
CSF,MS,MS,MS58637,GSM4104123_TCGAGGCGTAAACACA-1,-0.30405527223520673
CSF,MS,MS,MS58637,GSM4104123_TCGTACCTCGTAGGAG-1,-0.30405527223520673
CSF,MS,MS,MS58637,GSM4104123_TCGTAGATCCATTCTA-1,-0.30405527223520673
CSF,MS,MS,MS58637,GSM4104123_TCTCTAAAGACACGAC-1,-0.30405527223520673
CSF,MS,MS,MS58637,GSM4104123_TCTTTCCTCGATAGAA-1,0.42063354103515943
CSF,MS,MS,MS58637,GSM4104123_TGCCCATTCTGGTGTA-1,0.22878781026457334
CSF,MS,MS,MS58637,GSM4104123_TGCCCTAGTCTGCAAT-1,-0.12969434755376602
CSF,MS,MS,MS58637,GSM4104123_TTGAACGAGGTGCAAC-1,-0.1717074426462109
CSF,MS,MS,MS60249,GSM4104126_AAACCTGCACCGCTAG-1,0.19017712469701856
CSF,MS,MS,MS60249,GSM4104126_AAACCTGGTAAACACA-1,0.03491274281664841
CSF,MS,MS,MS60249,GSM4104126_AAACGGGCACATCCAA-1,-0.30405527223520673
CSF,MS,MS,MS60249,GSM4104126_AAACGGGGTTACGCGC-1,-0.30405527223520673
CSF,MS,MS,MS60249,GSM4104126_AAAGATGCAGGAATGC-1,-0.30405527223520673
CSF,MS,MS,MS60249,GSM4104126_AAAGCAACATGACGGA-1,-0.04311698631952948
CSF,MS,MS,MS60249,GSM4104126_AAAGCAAGTAAGTGGC-1,-0.10841408259939427
CSF,MS,MS,MS60249,GSM4104126_AAAGTAGAGCTAAGAT-1,-0.30405527223520673
CSF,MS,MS,MS60249,GSM4104126_AAAGTAGTCTCTTGAT-1,-0.1354010044504186
CSF,MS,MS,MS60249,GSM4104126_AAATGCCTCTGTCTAT-1,-0.30405527223520673
CSF,MS,MS,MS60249,GSM4104126_AACACGTGTCTCTTAT-1,-0.0690147215204738
CSF,MS,MS,MS60249,GSM4104126_AACACGTTCAACACAC-1,-0.25558380579322704
CSF,MS,MS,MS60249,GSM4104126_AACACGTTCTGCAGTA-1,0.05993947212411236
CSF,MS,MS,MS60249,GSM4104126_AACACGTTCTGTCTCG-1,-0.30405527223520673
CSF,MS,MS,MS60249,GSM4104126_AACGTTGCATCACAAC-1,0.12194319650649499
CSF,MS,MS,MS60249,GSM4104126_AACGTTGTCAACTCTT-1,-0.2084746740792984
CSF,MS,MS,MS60249,GSM4104126_AACTCAGCACCGATAT-1,-0.30405527223520673
CSF,MS,MS,MS60249,GSM4104126_AACTCAGGTCTTCAAG-1,0.023022419908176387
CSF,MS,MS,MS60249,GSM4104126_AACTCAGTCGCTTGTC-1,0.2194977463676879
CSF,MS,MS,MS60249,GSM4104126_AACTCAGTCGTTTAGG-1,0.6426888395676119
CSF,MS,MS,MS60249,GSM4104126_AACTCCCAGCATCATC-1,0.32799671254259083
CSF,MS,MS,MS60249,GSM4104126_AACTCCCGTAGAGCTG-1,-0.30405527223520673
CSF,MS,MS,MS60249,GSM4104126_AACTCCCGTCATGCCG-1,-0.30405527223520673
CSF,MS,MS,MS60249,GSM4104126_AACTCTTTCAACGGCC-1,-0.08807585570850447
CSF,MS,MS,MS60249,GSM4104126_AACTTTCTCTTAGCCC-1,0.43329562080067924
CSF,MS,MS,MS60249,GSM4104126_AAGACCTCAGACGCTC-1,-0.025074562415886015
CSF,MS,MS,MS60249,GSM4104126_AAGCCGCCATGTTCCC-1,0.19124360792049216
CSF,MS,MS,MS60249,GSM4104126_AAGCCGCGTATCGCAT-1,-0.15151508748623588
CSF,MS,MS,MS60249,GSM4104126_AAGTCTGAGCGTCTAT-1,-0.10871164846109231
CSF,MS,MS,MS60249,GSM4104126_AAGTCTGAGGCGATAC-1,-0.16494846934191695
CSF,MS,MS,MS60249,GSM4104126_AAGTCTGAGTCCTCCT-1,0.05417968441403984
CSF,MS,MS,MS60249,GSM4104126_AATCCAGAGATTACCC-1,-0.30405527223520673
CSF,MS,MS,MS60249,GSM4104126_AATCCAGCAGCCTTTC-1,-0.049277701738033905
CSF,MS,MS,MS60249,GSM4104126_AATCGGTCAAGGACTG-1,0.2254906386889011
CSF,MS,MS,MS60249,GSM4104126_AATCGGTGTGGGTATG-1,0.17966029798365515
CSF,MS,MS,MS60249,GSM4104126_ACACCAACAGCATGAG-1,-0.30405527223520673
CSF,MS,MS,MS60249,GSM4104126_ACACCCTAGTGCCAGA-1,0.10445065086016593
CSF,MS,MS,MS60249,GSM4104126_ACACCGGGTCCTAGCG-1,-0.21265901306792698
CSF,MS,MS,MS60249,GSM4104126_ACACTGACAACGATGG-1,0.24367181510274868
CSF,MS,MS,MS60249,GSM4104126_ACACTGACAGATGGCA-1,-0.0821720129669569
CSF,MS,MS,MS60249,GSM4104126_ACACTGACAGTCAGCC-1,-0.14867333428046198
CSF,MS,MS,MS60249,GSM4104126_ACAGCCGCAGTAAGCG-1,-0.30405527223520673
CSF,MS,MS,MS60249,GSM4104126_ACAGCTACACATCCGG-1,0.2986470270034367
CSF,MS,MS,MS60249,GSM4104126_ACATACGTCTTGTCAT-1,0.09659252916834447
CSF,MS,MS,MS60249,GSM4104126_ACATGGTAGGCTAGCA-1,-0.1217908154856663
CSF,MS,MS,MS60249,GSM4104126_ACATGGTCAAGCGATG-1,0.37537845980023343
CSF,MS,MS,MS60249,GSM4104126_ACCAGTAGTATAGTAG-1,-0.30405527223520673
CSF,MS,MS,MS60249,GSM4104126_ACCGTAATCCTTGGTC-1,0.012019834473141795
CSF,MS,MS,MS60249,GSM4104126_ACCTTTAAGAGGTACC-1,-0.11406592712486133
CSF,MS,MS,MS60249,GSM4104126_ACCTTTAAGATGTCGG-1,0.05335071902343506
CSF,MS,MS,MS60249,GSM4104126_ACCTTTAGTCTAAACC-1,0.11275085292911065
CSF,MS,MS,MS60249,GSM4104126_ACCTTTATCCTCTAGC-1,-0.30405527223520673
CSF,MS,MS,MS60249,GSM4104126_ACGAGCCCACTAAGTC-1,0.1572584253505565
CSF,MS,MS,MS60249,GSM4104126_ACGAGCCGTGTCTGAT-1,0.06463924080131968
CSF,MS,MS,MS60249,GSM4104126_ACGAGGAAGAGTCGGT-1,-0.30405527223520673
CSF,MS,MS,MS60249,GSM4104126_ACGATACAGCGTTCCG-1,-0.30405527223520673
CSF,MS,MS,MS60249,GSM4104126_ACGATACGTTAGAACA-1,-0.012840785043928287
CSF,MS,MS,MS60249,GSM4104126_ACGCAGCGTTGCGTTA-1,-0.013566963900326903
CSF,MS,MS,MS60249,GSM4104126_ACGCCAGTCAATCTCT-1,0.003723096866428656
CSF,MS,MS,MS60249,GSM4104126_ACGCCAGTCGAGCCCA-1,-0.2016348515436535
CSF,MS,MS,MS60249,GSM4104126_ACGCCGAGTTAAGAAC-1,-0.24183267353172327
CSF,MS,MS,MS60249,GSM4104126_ACGGAGACAAATCCGT-1,0.18555858706249917
CSF,MS,MS,MS60249,GSM4104126_ACGGAGACACCCAGTG-1,0.2221442260913369
CSF,MS,MS,MS60249,GSM4104126_ACGGAGAGTGATAAGT-1,0.028135533771323513
CSF,MS,MS,MS60249,GSM4104126_ACGGAGAGTGCACGAA-1,-0.22794404177219743
CSF,MS,MS,MS60249,GSM4104126_ACGGAGATCATTATCC-1,-0.30405527223520673
CSF,MS,MS,MS60249,GSM4104126_ACGGCCAAGGCAAAGA-1,0.12925267408430355
CSF,MS,MS,MS60249,GSM4104126_ACGGGCTGTACATCCA-1,-0.30405527223520673
CSF,MS,MS,MS60249,GSM4104126_ACGGGCTTCTTATCTG-1,-0.30405527223520673
CSF,MS,MS,MS60249,GSM4104126_ACTATCTAGCGGCTTC-1,-0.00913981183664608
CSF,MS,MS,MS60249,GSM4104126_ACTATCTTCAAGAAGT-1,0.2753989503113899
CSF,MS,MS,MS60249,GSM4104126_ACTATCTTCACTTATC-1,0.09537747980384716
CSF,MS,MS,MS60249,GSM4104126_ACTATCTTCGAGAACG-1,-0.057706117862234084
CSF,MS,MS,MS60249,GSM4104126_ACTGAACTCAACACAC-1,0.033292776815529224
CSF,MS,MS,MS60249,GSM4104126_ACTGAACTCGTAGGTT-1,0.2826855333953247
CSF,MS,MS,MS60249,GSM4104126_ACTGAGTTCGCCAGCA-1,-0.16334301178811775
CSF,MS,MS,MS60249,GSM4104126_ACTGATGAGCTCCTCT-1,0.29476742086280716
CSF,MS,MS,MS60249,GSM4104126_ACTGATGTCGATCCCT-1,-0.1651058906225495
CSF,MS,MS,MS60249,GSM4104126_ACTGATGTCTATCCTA-1,0.08361507667687042
CSF,MS,MS,MS60249,GSM4104126_ACTGCTCAGCGCCTCA-1,0.11425956846248067
CSF,MS,MS,MS60249,GSM4104126_ACTGCTCGTCATGCAT-1,-0.0530282443285491
CSF,MS,MS,MS60249,GSM4104126_ACTGCTCGTGGAAAGA-1,-0.1354693264598661
CSF,MS,MS,MS60249,GSM4104126_ACTGTCCAGGTGACCA-1,0.9388809513924145
CSF,MS,MS,MS60249,GSM4104126_ACTGTCCGTACTTCTT-1,0.6892257727954635
CSF,MS,MS,MS60249,GSM4104126_ACTTTCACATATACGC-1,-0.30405527223520673
CSF,MS,MS,MS60249,GSM4104126_AGAATAGCACACCGAC-1,-0.07924526639611078
CSF,MS,MS,MS60249,GSM4104126_AGACGTTAGAGTTGGC-1,-0.1380450914518764
CSF,MS,MS,MS60249,GSM4104126_AGACGTTAGCCAGAAC-1,-0.18342744831751986
CSF,MS,MS,MS60249,GSM4104126_AGACGTTAGGTAAACT-1,-0.30405527223520673
CSF,MS,MS,MS60249,GSM4104126_AGAGCTTTCCTAGTGA-1,-0.30405527223520673
CSF,MS,MS,MS60249,GSM4104126_AGAGCTTTCTGCGTAA-1,-0.30405527223520673
CSF,MS,MS,MS60249,GSM4104126_AGAGTGGGTTCAGGCC-1,0.36462204744451354
CSF,MS,MS,MS60249,GSM4104126_AGATCTGTCGTTACGA-1,0.06666592297703358
CSF,MS,MS,MS60249,GSM4104126_AGATTGCCACCGTTGG-1,0.14188164878851445
CSF,MS,MS,MS60249,GSM4104126_AGCAGCCAGGCCCTCA-1,-0.30405527223520673
CSF,MS,MS,MS60249,GSM4104126_AGCAGCCAGTACGATA-1,-0.10888258465165498
CSF,MS,MS,MS60249,GSM4104126_AGCGTATAGTGGGCTA-1,0.10223326692658312
CSF,MS,MS,MS60249,GSM4104126_AGCGTATTCATACGGT-1,-0.30405527223520673
CSF,MS,MS,MS60249,GSM4104126_AGCGTCGCACGAAATA-1,-0.30405527223520673
CSF,MS,MS,MS60249,GSM4104126_AGCGTCGTCCGTCAAA-1,0.09639250104911802
CSF,MS,MS,MS60249,GSM4104126_AGCTCCTCACGGCTAC-1,-0.17427604998537247
CSF,MS,MS,MS60249,GSM4104126_AGCTCTCAGACAAGCC-1,0.30113221082271246
CSF,MS,MS,MS60249,GSM4104126_AGCTCTCTCCAGAAGG-1,-0.30405527223520673
CSF,MS,MS,MS60249,GSM4104126_AGGCCACAGGATGCGT-1,0.09831936379368866
CSF,MS,MS,MS60249,GSM4104126_AGGCCGTAGTCTCAAC-1,-0.0255450850768504
CSF,MS,MS,MS60249,GSM4104126_AGGGATGAGCGACGTA-1,-0.30405527223520673
CSF,MS,MS,MS60249,GSM4104126_AGGGTGAGTACCCAAT-1,-0.30405527223520673
CSF,MS,MS,MS60249,GSM4104126_AGGTCCGAGGACAGCT-1,-0.09100362612728431
CSF,MS,MS,MS60249,GSM4104126_AGGTCCGGTCTTGATG-1,-0.30405527223520673
CSF,MS,MS,MS60249,GSM4104126_AGTAGTCAGAACTCGG-1,-0.16053419817120793
CSF,MS,MS,MS60249,GSM4104126_AGTAGTCAGAGTAAGG-1,-0.30405527223520673
CSF,MS,MS,MS60249,GSM4104126_AGTAGTCGTTCGGGCT-1,-0.08502914035485798
CSF,MS,MS,MS60249,GSM4104126_AGTCTTTCAAGTTCTG-1,0.12736196393042457
CSF,MS,MS,MS60249,GSM4104126_AGTCTTTTCTTGAGGT-1,-0.30405527223520673
CSF,MS,MS,MS60249,GSM4104126_AGTGGGAAGATATACG-1,-0.30405527223520673
CSF,MS,MS,MS60249,GSM4104126_AGTGGGACAATCCGAT-1,-0.30405527223520673
CSF,MS,MS,MS60249,GSM4104126_ATAACGCTCAGGCAAG-1,-0.30405527223520673
CSF,MS,MS,MS60249,GSM4104126_ATAAGAGTCTCCTATA-1,0.11432318884933339
CSF,MS,MS,MS60249,GSM4104126_ATAGACCAGAGCCTAG-1,-0.16597856049604384
CSF,MS,MS,MS60249,GSM4104126_ATCACGAAGCCATCGC-1,-0.13026373527597213
CSF,MS,MS,MS60249,GSM4104126_ATCACGACACACTGCG-1,-0.040105965527289414
CSF,MS,MS,MS60249,GSM4104126_ATCATCTCATGTTGAC-1,-0.06282105483059426
CSF,MS,MS,MS60249,GSM4104126_ATCGAGTCAGGTCGTC-1,-0.12865268874919952
CSF,MS,MS,MS60249,GSM4104126_ATCGAGTCATCAGTCA-1,-0.15363220992195498
CSF,MS,MS,MS60249,GSM4104126_ATCGAGTGTGACGCCT-1,-0.30405527223520673
CSF,MS,MS,MS60249,GSM4104126_ATGAGGGGTTACCGAT-1,-0.023469256184035423
CSF,MS,MS,MS60249,GSM4104126_ATGCGATAGGGTCGAT-1,0.41216133885620393
CSF,MS,MS,MS60249,GSM4104126_ATGGGAGAGATGCGAC-1,-0.13896405366218495
CSF,MS,MS,MS60249,GSM4104126_ATGGGAGTCCATGCTC-1,-0.20238203878414135
CSF,MS,MS,MS60249,GSM4104126_ATTACTCCAATGCCAT-1,0.09053090896768508
CSF,MS,MS,MS60249,GSM4104126_ATTACTCCAGTCAGCC-1,-0.17339150675278403
CSF,MS,MS,MS60249,GSM4104126_ATTACTCGTCAGATAA-1,0.02906196203372555
CSF,MS,MS,MS60249,GSM4104126_ATTATCCCACTTCGAA-1,0.11664596897325462
CSF,MS,MS,MS60249,GSM4104126_ATTCTACTCCCTTGTG-1,0.08386409371907966
CSF,MS,MS,MS60249,GSM4104126_ATTGGACAGTTTGCGT-1,0.2510427141804791
CSF,MS,MS,MS60249,GSM4104126_ATTGGACCATCGGAAG-1,-0.07457312515783765
CSF,MS,MS,MS60249,GSM4104126_ATTGGTGGTCAATGTC-1,-0.19328576908436926
CSF,MS,MS,MS60249,GSM4104126_ATTTCTGTCGGAGGTA-1,0.05335712643930449
CSF,MS,MS,MS60249,GSM4104126_CAACCAACAGGCTCAC-1,-0.30405527223520673
CSF,MS,MS,MS60249,GSM4104126_CAACCAAGTCATGCCG-1,0.2595935360688554
CSF,MS,MS,MS60249,GSM4104126_CAACCAATCAACCAAC-1,0.3516736891266396
CSF,MS,MS,MS60249,GSM4104126_CAACCTCTCGCTGATA-1,-0.09940068342355877
CSF,MS,MS,MS60249,GSM4104126_CAACTAGGTAAACACA-1,-0.30405527223520673
CSF,MS,MS,MS60249,GSM4104126_CAACTAGTCGTGACAT-1,-0.1931568318035603
CSF,MS,MS,MS60249,GSM4104126_CAACTAGTCTTGTACT-1,-0.30405527223520673
CSF,MS,MS,MS60249,GSM4104126_CAAGAAAGTCGTCTTC-1,0.08455172011962882
CSF,MS,MS,MS60249,GSM4104126_CAAGTTGAGGTGTTAA-1,0.23115742102499606
CSF,MS,MS,MS60249,GSM4104126_CACAAACAGAGTAAGG-1,-0.09862344733596119
CSF,MS,MS,MS60249,GSM4104126_CACAAACTCTACCAGA-1,-0.24024513150553137
CSF,MS,MS,MS60249,GSM4104126_CACAAACTCTGCCCTA-1,0.17359006074597857
CSF,MS,MS,MS60249,GSM4104126_CACAGGCAGTACGTAA-1,-0.30405527223520673
CSF,MS,MS,MS60249,GSM4104126_CACAGGCGTATCACCA-1,-0.30405527223520673
CSF,MS,MS,MS60249,GSM4104126_CACAGGCGTTTAGCTG-1,-0.30405527223520673
CSF,MS,MS,MS60249,GSM4104126_CACAGTAAGAAGGACA-1,-0.07812629481270088
CSF,MS,MS,MS60249,GSM4104126_CACAGTAGTTCCATGA-1,-0.30405527223520673
CSF,MS,MS,MS60249,GSM4104126_CACAGTATCATCTGTT-1,-0.30405527223520673
CSF,MS,MS,MS60249,GSM4104126_CACATAGCACTGCCAG-1,-0.1357261653904071
CSF,MS,MS,MS60249,GSM4104126_CACATAGCATGAAGTA-1,-0.1427019053449564
CSF,MS,MS,MS60249,GSM4104126_CACATTTCAAGACGTG-1,-0.30405527223520673
CSF,MS,MS,MS60249,GSM4104126_CACATTTCAATCTGCA-1,0.06601027982987366
CSF,MS,MS,MS60249,GSM4104126_CACCACTAGACAGACC-1,-0.22377574118430044
CSF,MS,MS,MS60249,GSM4104126_CACCTTGAGCCACGCT-1,-0.11540039759210072
CSF,MS,MS,MS60249,GSM4104126_CACCTTGAGGCAGTCA-1,-0.05146706829405752
CSF,MS,MS,MS60249,GSM4104126_CACTCCAAGCATGGCA-1,0.1133098821704083
CSF,MS,MS,MS60249,GSM4104126_CACTCCAGTACGCTGC-1,-0.022634444727732444
CSF,MS,MS,MS60249,GSM4104126_CAGAGAGTCAGGCCCA-1,-0.10628491118362152
CSF,MS,MS,MS60249,GSM4104126_CAGATCAAGCCAACAG-1,-0.30405527223520673
CSF,MS,MS,MS60249,GSM4104126_CAGCAGCAGCCCAGCT-1,-0.06600671016847444
CSF,MS,MS,MS60249,GSM4104126_CAGCAGCAGCTAACAA-1,0.2865949017594635
CSF,MS,MS,MS60249,GSM4104126_CAGCAGCGTCAATACC-1,-0.30405527223520673
CSF,MS,MS,MS60249,GSM4104126_CAGCCGAAGCTGCCCA-1,-0.30405527223520673
CSF,MS,MS,MS60249,GSM4104126_CAGCGACAGATGTTAG-1,0.10523238580269538
CSF,MS,MS,MS60249,GSM4104126_CAGCGACGTCTCAACA-1,-0.2127064859029096
CSF,MS,MS,MS60249,GSM4104126_CAGCTAAAGTAGCCGA-1,-0.11218937535767734
CSF,MS,MS,MS60249,GSM4104126_CAGCTAAAGTATGACA-1,-0.30405527223520673
CSF,MS,MS,MS60249,GSM4104126_CAGCTGGAGCAGGTCA-1,0.04106870208332731
CSF,MS,MS,MS60249,GSM4104126_CAGCTGGGTCGTTGTA-1,-0.06292944669097111
CSF,MS,MS,MS60249,GSM4104126_CAGGTGCAGCTAACAA-1,0.05101225894928791
CSF,MS,MS,MS60249,GSM4104126_CAGGTGCAGGGATGGG-1,-0.30405527223520673
CSF,MS,MS,MS60249,GSM4104126_CAGTAACAGACCACGA-1,-0.30405527223520673
CSF,MS,MS,MS60249,GSM4104126_CAGTAACAGATGGCGT-1,-0.22782859475325282
CSF,MS,MS,MS60249,GSM4104126_CATATGGGTAGGGACT-1,-0.30405527223520673
CSF,MS,MS,MS60249,GSM4104126_CATATTCGTGCTAGCC-1,0.07086029994756596
CSF,MS,MS,MS60249,GSM4104126_CATATTCTCCAAACTG-1,0.475609222103558
CSF,MS,MS,MS60249,GSM4104126_CATATTCTCTTGGGTA-1,-0.30405527223520673
CSF,MS,MS,MS60249,GSM4104126_CATCAGACAGATGGCA-1,0.04201696929822967
CSF,MS,MS,MS60249,GSM4104126_CATCAGATCAACGCTA-1,0.05025958478884972
CSF,MS,MS,MS60249,GSM4104126_CATCCACTCCTCCTAG-1,0.43908366012189254
CSF,MS,MS,MS60249,GSM4104126_CATCCACTCGATCCCT-1,-0.03494817035427588
CSF,MS,MS,MS60249,GSM4104126_CATGCCTCAGGACGTA-1,-0.03950980783965863
CSF,MS,MS,MS60249,GSM4104126_CATGCCTGTCAAAGCG-1,-0.1407164256214556
CSF,MS,MS,MS60249,GSM4104126_CATTATCGTCGCTTTC-1,0.11517418281082016
CSF,MS,MS,MS60249,GSM4104126_CATTCGCCAACCGCCA-1,0.04326526630643956
CSF,MS,MS,MS60249,GSM4104126_CCAATCCCAGTAGAGC-1,0.17389353421433149
CSF,MS,MS,MS60249,GSM4104126_CCAATCCGTTCCGTCT-1,-0.19442885803830326
CSF,MS,MS,MS60249,GSM4104126_CCAATCCTCAGAAATG-1,-0.012338333671377948
CSF,MS,MS,MS60249,GSM4104126_CCAATCCTCTACCTGC-1,-0.13874344533117644
CSF,MS,MS,MS60249,GSM4104126_CCACCTACAAGAAAGG-1,-0.032106057830804016
CSF,MS,MS,MS60249,GSM4104126_CCACGGACAATGTTGC-1,0.18419165570675552
CSF,MS,MS,MS60249,GSM4104126_CCACGGACACTGTTAG-1,-0.1823895242432846
CSF,MS,MS,MS60249,GSM4104126_CCACTACCATATACCG-1,-0.30405527223520673
CSF,MS,MS,MS60249,GSM4104126_CCACTACGTGGCGAAT-1,-0.07975276338570128
CSF,MS,MS,MS60249,GSM4104126_CCAGCGATCCAAGCCG-1,0.3885173558786293
CSF,MS,MS,MS60249,GSM4104126_CCAGCGATCCCAAGAT-1,0.6251003117945152
CSF,MS,MS,MS60249,GSM4104126_CCATTCGAGATGTAAC-1,-0.30405527223520673
CSF,MS,MS,MS60249,GSM4104126_CCCAATCAGACTCGGA-1,-0.14059608067808552
CSF,MS,MS,MS60249,GSM4104126_CCCAATCAGCGTCAAG-1,-0.11060679205565284
CSF,MS,MS,MS60249,GSM4104126_CCCAGTTAGATATGGT-1,0.09347294328949837
CSF,MS,MS,MS60249,GSM4104126_CCCAGTTCAGGATCGA-1,0.10883376246959521
CSF,MS,MS,MS60249,GSM4104126_CCCAGTTGTACTTCTT-1,0.004975490785298954
CSF,MS,MS,MS60249,GSM4104126_CCCAGTTGTCGTGGCT-1,0.39364441980279485
CSF,MS,MS,MS60249,GSM4104126_CCCATACCAGTCAGCC-1,0.20579141106284185
CSF,MS,MS,MS60249,GSM4104126_CCCATACTCGCTAGCG-1,-0.02959839381040944
CSF,MS,MS,MS60249,GSM4104126_CCCTCCTGTTGAGGTG-1,-0.30405527223520673
CSF,MS,MS,MS60249,GSM4104126_CCCTCCTTCGTACCGG-1,-0.30405527223520673
CSF,MS,MS,MS60249,GSM4104126_CCGTGGACATACTCTT-1,0.6198230416298819
CSF,MS,MS,MS60249,GSM4104126_CCGTTCACAGATGGGT-1,-0.16150154132624142
CSF,MS,MS,MS60249,GSM4104126_CCGTTCAGTGACAAAT-1,0.1028037539514242
CSF,MS,MS,MS60249,GSM4104126_CCTAAAGCAGATCCAT-1,-0.04890548476776719
CSF,MS,MS,MS60249,GSM4104126_CCTACCAGTAGGCATG-1,0.09306375451306949
CSF,MS,MS,MS60249,GSM4104126_CCTCAGTCATTGTGCA-1,-0.30405527223520673
CSF,MS,MS,MS60249,GSM4104126_CCTCTGACAGCATGAG-1,0.3070903525358456
CSF,MS,MS,MS60249,GSM4104126_CCTTACGCAGGCGATA-1,-0.08628514858897231
CSF,MS,MS,MS60249,GSM4104126_CCTTCCCTCTCTGAGA-1,0.6603092001290974
CSF,MS,MS,MS60249,GSM4104126_CCTTCGAAGCAGATCG-1,0.3712989059503465
CSF,MS,MS,MS60249,GSM4104126_CCTTCGACAGTTCCCT-1,-0.30405527223520673
CSF,MS,MS,MS60249,GSM4104126_CCTTCGATCAACACCA-1,-0.12081247318720385
CSF,MS,MS,MS60249,GSM4104126_CGAACATAGCGATATA-1,-0.03519761788093392
CSF,MS,MS,MS60249,GSM4104126_CGAACATCATTACGAC-1,0.3735371992985108
CSF,MS,MS,MS60249,GSM4104126_CGAATGTAGTGGGATC-1,0.5240090461207474
CSF,MS,MS,MS60249,GSM4104126_CGAATGTCAGACGCAA-1,0.08278276782651554
CSF,MS,MS,MS60249,GSM4104126_CGACCTTAGTATGACA-1,-0.059563328718418754
CSF,MS,MS,MS60249,GSM4104126_CGACCTTCAGCATACT-1,0.24523203197358798
CSF,MS,MS,MS60249,GSM4104126_CGACCTTGTCCGCTGA-1,-0.24802026103609975
CSF,MS,MS,MS60249,GSM4104126_CGAGAAGAGATATGGT-1,0.033275366180234835
CSF,MS,MS,MS60249,GSM4104126_CGAGCCACACCCTATC-1,0.12850735497468227
CSF,MS,MS,MS60249,GSM4104126_CGAGCCAGTATTCGTG-1,0.11268812651590177
CSF,MS,MS,MS60249,GSM4104126_CGATGTATCGGCGCAT-1,-0.30405527223520673
CSF,MS,MS,MS60249,GSM4104126_CGCCAAGAGGCTAGGT-1,-0.07897783908136144
CSF,MS,MS,MS60249,GSM4104126_CGCGGTAAGAAGGTTT-1,0.22163260746545868
CSF,MS,MS,MS60249,GSM4104126_CGCGGTAAGGCAGGTT-1,0.026896124519378315
CSF,MS,MS,MS60249,GSM4104126_CGCGGTAGTCGAATCT-1,-0.30405527223520673
CSF,MS,MS,MS60249,GSM4104126_CGCGTTTCAAAGAATC-1,-0.06996221264934997
CSF,MS,MS,MS60249,GSM4104126_CGCTATCAGAGCTGGT-1,0.3800709166397456
CSF,MS,MS,MS60249,GSM4104126_CGCTATCAGCTGGAAC-1,-0.10734997226562999
CSF,MS,MS,MS60249,GSM4104126_CGCTATCCAATGCCAT-1,0.20288961791868193
CSF,MS,MS,MS60249,GSM4104126_CGCTATCGTTAAAGTG-1,0.07933970551886786
CSF,MS,MS,MS60249,GSM4104126_CGCTGGACATATGCTG-1,0.20955438639134644
CSF,MS,MS,MS60249,GSM4104126_CGCTGGATCCACGCAG-1,-0.053854613078411925
CSF,MS,MS,MS60249,GSM4104126_CGCTTCACAGTAAGCG-1,-0.05012877414373175
CSF,MS,MS,MS60249,GSM4104126_CGGACACGTCAGATAA-1,-0.30405527223520673
CSF,MS,MS,MS60249,GSM4104126_CGGACACTCAGAGGTG-1,-0.30405527223520673
CSF,MS,MS,MS60249,GSM4104126_CGGACGTAGTTTGCGT-1,0.16945080645878147
CSF,MS,MS,MS60249,GSM4104126_CGGACGTGTCTTCAAG-1,-0.06421256321464738
CSF,MS,MS,MS60249,GSM4104126_CGGACGTTCTTGACGA-1,-0.07646318672828296
CSF,MS,MS,MS60249,GSM4104126_CGGACTGCATATGAGA-1,0.21745136975161689
CSF,MS,MS,MS60249,GSM4104126_CGGACTGGTGGGTCAA-1,-0.2068579764984683
CSF,MS,MS,MS60249,GSM4104126_CGGAGCTGTTCACCTC-1,0.24053422470838703
CSF,MS,MS,MS60249,GSM4104126_CGGCTAGCATGGGACA-1,-0.12784270534262296
CSF,MS,MS,MS60249,GSM4104126_CGGGTCATCGGCGGTT-1,0.13498741220329186
CSF,MS,MS,MS60249,GSM4104126_CGGGTCATCTCTTGAT-1,0.2016890565559959
CSF,MS,MS,MS60249,GSM4104126_CGTAGCGAGACACGAC-1,0.021399378995659163
CSF,MS,MS,MS60249,GSM4104126_CGTAGGCTCCACGCAG-1,-0.06492991334668255
CSF,MS,MS,MS60249,GSM4104126_CGTAGGCTCTTAGCCC-1,0.12512550515081403
CSF,MS,MS,MS60249,GSM4104126_CGTCACTAGAAACCAT-1,-0.05118192547877931
CSF,MS,MS,MS60249,GSM4104126_CGTCACTCAATAAGCA-1,0.7376519617670413
CSF,MS,MS,MS60249,GSM4104126_CGTCACTGTTCAGTAC-1,-0.30405527223520673
CSF,MS,MS,MS60249,GSM4104126_CGTCTACCATACGCCG-1,-0.06358741804301338
CSF,MS,MS,MS60249,GSM4104126_CGTGTCTTCAACGGCC-1,-0.0037944230004196716
CSF,MS,MS,MS60249,GSM4104126_CGTGTCTTCTTTAGGG-1,-0.30405527223520673
CSF,MS,MS,MS60249,GSM4104126_CGTTAGAAGTAAGTAC-1,0.004279075905777334
CSF,MS,MS,MS60249,GSM4104126_CGTTAGACATATACCG-1,-0.2269326628142568
CSF,MS,MS,MS60249,GSM4104126_CGTTAGAGTCGCGAAA-1,0.014948471661740752
CSF,MS,MS,MS60249,GSM4104126_CGTTCTGCACTTAAGC-1,-0.30405527223520673
CSF,MS,MS,MS60249,GSM4104126_CGTTGGGAGTTTGCGT-1,0.45224839871523687
CSF,MS,MS,MS60249,GSM4104126_CTAACTTAGTACGACG-1,0.047696175369425706
CSF,MS,MS,MS60249,GSM4104126_CTAACTTTCGCCAGCA-1,-0.2221866485595377
CSF,MS,MS,MS60249,GSM4104126_CTACACCAGTTTGCGT-1,-0.30405527223520673
CSF,MS,MS,MS60249,GSM4104126_CTACATTCAGCTGGCT-1,0.10132890538638825
CSF,MS,MS,MS60249,GSM4104126_CTACATTTCTTGCATT-1,0.8586408259398693
CSF,MS,MS,MS60249,GSM4104126_CTACCCATCTTCAACT-1,-0.30405527223520673
CSF,MS,MS,MS60249,GSM4104126_CTACGTCGTCGAATCT-1,0.06023603022336699
CSF,MS,MS,MS60249,GSM4104126_CTACGTCTCGGCGCAT-1,-0.02824539211809963
CSF,MS,MS,MS60249,GSM4104126_CTAGAGTGTTGGTAAA-1,-0.049420977540273206
CSF,MS,MS,MS60249,GSM4104126_CTAGCCTAGGGAACGG-1,-0.13700909982669038
CSF,MS,MS,MS60249,GSM4104126_CTAGCCTCAAAGTGCG-1,-0.30405527223520673
CSF,MS,MS,MS60249,GSM4104126_CTAGCCTGTAATAGCA-1,-0.30405527223520673
CSF,MS,MS,MS60249,GSM4104126_CTAGTGACAATGGAGC-1,-0.0560061895052539
CSF,MS,MS,MS60249,GSM4104126_CTCAGAAGTCGAATCT-1,0.23909543932221064
CSF,MS,MS,MS60249,GSM4104126_CTCAGAATCTTACCGC-1,-0.13056382715269663
CSF,MS,MS,MS60249,GSM4104126_CTCCTAGTCGTTTATC-1,0.2477191095638244
CSF,MS,MS,MS60249,GSM4104126_CTCGAAAGTGAAGGCT-1,-0.01036786861434309
CSF,MS,MS,MS60249,GSM4104126_CTCGAAATCTACCTGC-1,-0.23558447357757203
CSF,MS,MS,MS60249,GSM4104126_CTCGAAATCTGCTTGC-1,0.041561701444449484
CSF,MS,MS,MS60249,GSM4104126_CTCGAGGCAAGGTGTG-1,-0.30405527223520673
CSF,MS,MS,MS60249,GSM4104126_CTCGAGGCAGCCAATT-1,0.07374814391338512
CSF,MS,MS,MS60249,GSM4104126_CTCGAGGCATGAGCGA-1,-0.029226462489683493
CSF,MS,MS,MS60249,GSM4104126_CTCTACGCAGTAACGG-1,0.3186084865009287
CSF,MS,MS,MS60249,GSM4104126_CTCTGGTCAACGATCT-1,0.11190777485521186
CSF,MS,MS,MS60249,GSM4104126_CTGATAGAGATAGTCA-1,-0.11420411999445547
CSF,MS,MS,MS60249,GSM4104126_CTGATCCCAGCTATTG-1,-0.1371350458804756
CSF,MS,MS,MS60249,GSM4104126_CTGATCCTCAGCGACC-1,0.16553064046882168
CSF,MS,MS,MS60249,GSM4104126_CTGCGGAAGATGCGAC-1,0.1466707652050263
CSF,MS,MS,MS60249,GSM4104126_CTGCGGACACACTGCG-1,-0.07578747930178599
CSF,MS,MS,MS60249,GSM4104126_CTGTGCTTCATGTCTT-1,0.435077722626546
CSF,MS,MS,MS60249,GSM4104126_CTGTTTACAAGCGATG-1,0.4481682805360627
CSF,MS,MS,MS60249,GSM4104126_CTTAACTAGCCACGCT-1,-0.061488630870189395
CSF,MS,MS,MS60249,GSM4104126_CTTACCGCAACTGCTA-1,0.10626536137836172
CSF,MS,MS,MS60249,GSM4104126_CTTACCGGTCTGCAAT-1,-0.30405527223520673
CSF,MS,MS,MS60249,GSM4104126_CTTACCGTCATAAAGG-1,-0.023242029692688928
CSF,MS,MS,MS60249,GSM4104126_CTTACCGTCTCCTATA-1,0.02267536486650945
CSF,MS,MS,MS60249,GSM4104126_CTTGGCTCAAGCTGTT-1,0.23746212156028385
CSF,MS,MS,MS60249,GSM4104126_CTTGGCTTCATAAAGG-1,-0.30405527223520673
CSF,MS,MS,MS60249,GSM4104126_GAAACTCGTTATCGGT-1,0.05046516162791968
CSF,MS,MS,MS60249,GSM4104126_GAACATCAGCCAGAAC-1,0.25428440833304594
CSF,MS,MS,MS60249,GSM4104126_GAAGCAGAGGGAAACA-1,-0.30405527223520673
CSF,MS,MS,MS60249,GSM4104126_GAAGCAGAGGGATGGG-1,-0.04992774104159026
CSF,MS,MS,MS60249,GSM4104126_GAATAAGCAAGGTGTG-1,0.20908931361112545
CSF,MS,MS,MS60249,GSM4104126_GAATAAGGTACACCGC-1,-0.09454142720192946
CSF,MS,MS,MS60249,GSM4104126_GAATGAATCGGCCGAT-1,0.08112956816721853
CSF,MS,MS,MS60249,GSM4104126_GACACGCGTATGGTTC-1,0.3664309777814631
CSF,MS,MS,MS60249,GSM4104126_GACAGAGCACGCATCG-1,0.1342838807390999
CSF,MS,MS,MS60249,GSM4104126_GACCTGGGTCCCGACA-1,-0.30405527223520673
CSF,MS,MS,MS60249,GSM4104126_GACGCGTAGAGTGACC-1,0.16871397519325335
CSF,MS,MS,MS60249,GSM4104126_GACGCGTGTCTCTCGT-1,-0.30405527223520673
CSF,MS,MS,MS60249,GSM4104126_GACGGCTAGTATCTCG-1,-0.30405527223520673
CSF,MS,MS,MS60249,GSM4104126_GACGTTACAGCGTCCA-1,-0.20482847296318862
CSF,MS,MS,MS60249,GSM4104126_GACTACACACGAGGTA-1,0.0974115108065778
CSF,MS,MS,MS60249,GSM4104126_GAGCAGAGTATTCTCT-1,-0.30405527223520673
CSF,MS,MS,MS60249,GSM4104126_GAGTCCGCACACATGT-1,0.058578997026741304
CSF,MS,MS,MS60249,GSM4104126_GAGTCCGGTCTGATCA-1,-0.30405527223520673
CSF,MS,MS,MS60249,GSM4104126_GAGTCCGGTGTTGGGA-1,-0.17395443604561597
CSF,MS,MS,MS60249,GSM4104126_GAGTCCGTCCGCATAA-1,0.03921822165799551
CSF,MS,MS,MS60249,GSM4104126_GATCGATGTGGTCCGT-1,0.2637239441818245
CSF,MS,MS,MS60249,GSM4104126_GATCGCGGTTGAGGTG-1,-0.11476037422697902
CSF,MS,MS,MS60249,GSM4104126_GATCGTACAAATCCGT-1,-0.043407971922605114
CSF,MS,MS,MS60249,GSM4104126_GATCGTAGTGTGAAAT-1,-0.30405527223520673
CSF,MS,MS,MS60249,GSM4104126_GATCTAGCAGCGAACA-1,-0.30405527223520673
CSF,MS,MS,MS60249,GSM4104126_GATCTAGCATCTACGA-1,0.11775698923380518
CSF,MS,MS,MS60249,GSM4104126_GATCTAGCATGCCACG-1,0.05096449465352449
CSF,MS,MS,MS60249,GSM4104126_GATGAGGAGAACAATC-1,0.21974969522297857
CSF,MS,MS,MS60249,GSM4104126_GATGCTAAGAGCAATT-1,0.13984525226389205
CSF,MS,MS,MS60249,GSM4104126_GCAAACTGTCTAGCGC-1,0.32026696747251204
CSF,MS,MS,MS60249,GSM4104126_GCAAACTGTTTGCATG-1,-0.16730397309978468
CSF,MS,MS,MS60249,GSM4104126_GCAATCAAGAATGTTG-1,-0.08679264149567405
CSF,MS,MS,MS60249,GSM4104126_GCACTCTAGGAATGGA-1,-0.30405527223520673
CSF,MS,MS,MS60249,GSM4104126_GCAGCCAGTCCAACTA-1,-0.30405527223520673
CSF,MS,MS,MS60249,GSM4104126_GCAGTTATCCCTTGCA-1,-0.15755844771989866
CSF,MS,MS,MS60249,GSM4104126_GCATACAGTTGCGTTA-1,0.07187186289999019
CSF,MS,MS,MS60249,GSM4104126_GCATGCGCACACTGCG-1,-0.20719737622880915
CSF,MS,MS,MS60249,GSM4104126_GCATGCGGTGGCCCTA-1,0.03420243278915549
CSF,MS,MS,MS60249,GSM4104126_GCCAAATCACGTTGGC-1,0.030651712162779923
CSF,MS,MS,MS60249,GSM4104126_GCCAAATGTCGTTGTA-1,-0.30405527223520673
CSF,MS,MS,MS60249,GSM4104126_GCCAAATTCACCACCT-1,-0.30405527223520673
CSF,MS,MS,MS60249,GSM4104126_GCCTCTAGTACAGTTC-1,-0.30405527223520673
CSF,MS,MS,MS60249,GSM4104126_GCGACCAGTTGGGACA-1,-0.16743921188376604
CSF,MS,MS,MS60249,GSM4104126_GCGACCATCTCGATGA-1,-0.12047753328803192
CSF,MS,MS,MS60249,GSM4104126_GCGAGAACAGCTGTGC-1,-0.18273716253609384
CSF,MS,MS,MS60249,GSM4104126_GCGCAGTGTCAAAGCG-1,-0.08019962885588787
CSF,MS,MS,MS60249,GSM4104126_GCGCAGTTCAGAGACG-1,-0.30405527223520673
CSF,MS,MS,MS60249,GSM4104126_GCGCCAATCGGAGCAA-1,-0.2634196042125284
CSF,MS,MS,MS60249,GSM4104126_GCGCCAATCGTGTAGT-1,-0.30405527223520673
CSF,MS,MS,MS60249,GSM4104126_GCGCGATCAAACAACA-1,-0.09402320231124428
CSF,MS,MS,MS60249,GSM4104126_GCGCGATTCAGGCCCA-1,-0.16825202297436354
CSF,MS,MS,MS60249,GSM4104126_GCGGGTTCAGCCAGAA-1,-0.30405527223520673
CSF,MS,MS,MS60249,GSM4104126_GCGGGTTCATGTCCTC-1,-0.30405527223520673
CSF,MS,MS,MS60249,GSM4104126_GCTCCTAAGTGGAGTC-1,-0.21033338359006423
CSF,MS,MS,MS60249,GSM4104126_GCTCCTAGTCGAAAGC-1,0.10583717855991469
CSF,MS,MS,MS60249,GSM4104126_GCTCTGTCATGACGGA-1,-0.0065973589641943175
CSF,MS,MS,MS60249,GSM4104126_GCTGGGTTCACCATAG-1,-0.30405527223520673
CSF,MS,MS,MS60249,GSM4104126_GCTTCCAGTAGTGAAT-1,0.2549731063218511
CSF,MS,MS,MS60249,GSM4104126_GCTTGAAAGAGTCTGG-1,-0.30405527223520673
CSF,MS,MS,MS60249,GSM4104126_GCTTGAAAGCCTCGTG-1,0.13241524912731856
CSF,MS,MS,MS60249,GSM4104126_GGAAAGCAGCCTCGTG-1,-0.0028091000623186096
CSF,MS,MS,MS60249,GSM4104126_GGAATAAAGGATGGTC-1,-0.05810996942378989
CSF,MS,MS,MS60249,GSM4104126_GGACAAGCAGATTGCT-1,-0.30405527223520673
CSF,MS,MS,MS60249,GSM4104126_GGACAAGGTGCACGAA-1,-0.30405527223520673
CSF,MS,MS,MS60249,GSM4104126_GGACAGAAGAATGTTG-1,0.02943150238639049
CSF,MS,MS,MS60249,GSM4104126_GGACAGAAGGACACCA-1,0.08841374435535117
CSF,MS,MS,MS60249,GSM4104126_GGACAGAGTACCGCTG-1,-0.03626642101637261
CSF,MS,MS,MS60249,GSM4104126_GGACAGATCTTGCAAG-1,0.2004465969558998
CSF,MS,MS,MS60249,GSM4104126_GGACATTTCGGGAGTA-1,-0.2024761011048612
CSF,MS,MS,MS60249,GSM4104126_GGAGCAAAGCTAGCCC-1,0.0073217649929269
CSF,MS,MS,MS60249,GSM4104126_GGATGTTTCTAACTGG-1,-0.17263349106696926
CSF,MS,MS,MS60249,GSM4104126_GGCAATTAGATATACG-1,0.24061652871668976
CSF,MS,MS,MS60249,GSM4104126_GGCAATTGTGACCAAG-1,-0.03335852976024578
CSF,MS,MS,MS60249,GSM4104126_GGCAATTGTGGTAACG-1,-0.17119339338891787
CSF,MS,MS,MS60249,GSM4104126_GGCCGATTCTGCAAGT-1,0.7471564011914742
CSF,MS,MS,MS60249,GSM4104126_GGCGACTAGAGGGATA-1,-0.30405527223520673
CSF,MS,MS,MS60249,GSM4104126_GGCGACTGTCTGGTCG-1,-0.30405527223520673
CSF,MS,MS,MS60249,GSM4104126_GGCGTGTCAAGACACG-1,-0.10355314275865433
CSF,MS,MS,MS60249,GSM4104126_GGCGTGTCACCAGGTC-1,-0.1889556967032237
CSF,MS,MS,MS60249,GSM4104126_GGCGTGTCAGGCTCAC-1,-0.30405527223520673
CSF,MS,MS,MS60249,GSM4104126_GGCTCGACATACTACG-1,-0.20376941233140453
CSF,MS,MS,MS60249,GSM4104126_GGCTCGATCTATGTGG-1,0.0929902391461345
CSF,MS,MS,MS60249,GSM4104126_GGCTGGTAGGACATTA-1,-0.30405527223520673
CSF,MS,MS,MS60249,GSM4104126_GGGAATGGTCTAGCCG-1,-0.21806350110724176
CSF,MS,MS,MS60249,GSM4104126_GGGACCTCAAGACGTG-1,0.2871190975072113
CSF,MS,MS,MS60249,GSM4104126_GGGACCTCATCCCATC-1,0.03140595377310658
CSF,MS,MS,MS60249,GSM4104126_GGGATGATCGGAGGTA-1,0.10625147125269153
CSF,MS,MS,MS60249,GSM4104126_GGGCATCCACAACTGT-1,-0.03848933002825287
CSF,MS,MS,MS60249,GSM4104126_GGGCATCCATCATCCC-1,0.18193740881402043
CSF,MS,MS,MS60249,GSM4104126_GGGTCTGAGCTAAACA-1,-0.30405527223520673
CSF,MS,MS,MS60249,GSM4104126_GGGTCTGAGGGAGTAA-1,0.2459947888190254
CSF,MS,MS,MS60249,GSM4104126_GGGTCTGCACGGTGTC-1,-0.09745270510591605
CSF,MS,MS,MS60249,GSM4104126_GGGTTGCCAGATGGGT-1,-0.30405527223520673
CSF,MS,MS,MS60249,GSM4104126_GGTATTGCATGCTGGC-1,-0.30405527223520673
CSF,MS,MS,MS60249,GSM4104126_GGTATTGTCACTTCAT-1,-0.30405527223520673
CSF,MS,MS,MS60249,GSM4104126_GGTGAAGTCTCTAGGA-1,0.12664781517202597
CSF,MS,MS,MS60249,GSM4104126_GGTGCGTTCACAGGCC-1,-0.20971911535981835
CSF,MS,MS,MS60249,GSM4104126_GGTGCGTTCCCTTGTG-1,-0.06487762670256082
CSF,MS,MS,MS60249,GSM4104126_GGTGCGTTCTTCATGT-1,-0.30405527223520673
CSF,MS,MS,MS60249,GSM4104126_GGTGTTATCATTGCCC-1,-0.30405527223520673
CSF,MS,MS,MS60249,GSM4104126_GTAACGTCAAGGACTG-1,-0.30405527223520673
CSF,MS,MS,MS60249,GSM4104126_GTAACTGGTCTAAACC-1,-0.30405527223520673
CSF,MS,MS,MS60249,GSM4104126_GTACGTAAGTTCGCGC-1,0.0754115038971628
CSF,MS,MS,MS60249,GSM4104126_GTACGTAGTCGTTGTA-1,-0.153512162737471
CSF,MS,MS,MS60249,GSM4104126_GTACTTTGTGTAATGA-1,-0.17105069975561518
CSF,MS,MS,MS60249,GSM4104126_GTAGTCAGTATCTGCA-1,-0.30405527223520673
CSF,MS,MS,MS60249,GSM4104126_GTAGTCATCAGCAACT-1,0.08909335591187972
CSF,MS,MS,MS60249,GSM4104126_GTCAAGTAGCTAGGCA-1,-0.20726967273840158
CSF,MS,MS,MS60249,GSM4104126_GTCAAGTTCCTCAATT-1,0.09026536128011554
CSF,MS,MS,MS60249,GSM4104126_GTCACAAGTTCGTCTC-1,-0.30405527223520673
CSF,MS,MS,MS60249,GSM4104126_GTCATTTAGTCGTTTG-1,-0.1403357120823326
CSF,MS,MS,MS60249,GSM4104126_GTCCTCAAGAAGATTC-1,-0.02462284093110349
CSF,MS,MS,MS60249,GSM4104126_GTCCTCACACTGCCAG-1,-0.09396521718766723
CSF,MS,MS,MS60249,GSM4104126_GTCCTCACATGCTAGT-1,0.2784767045703687
CSF,MS,MS,MS60249,GSM4104126_GTCCTCAGTAAATGTG-1,-0.21149750868851339
CSF,MS,MS,MS60249,GSM4104126_GTCCTCATCCAATGGT-1,-0.09419203633383544
CSF,MS,MS,MS60249,GSM4104126_GTCGGGTCATAGAAAC-1,-0.07002346978977134
CSF,MS,MS,MS60249,GSM4104126_GTCGGGTGTCTGCGGT-1,-0.15567829169208305
CSF,MS,MS,MS60249,GSM4104126_GTCGGGTTCTTTACAC-1,0.13364116082846172
CSF,MS,MS,MS60249,GSM4104126_GTCTCGTTCTGCAGTA-1,0.1330493302805014
CSF,MS,MS,MS60249,GSM4104126_GTCTTCGTCGATAGAA-1,0.03269420990476023
CSF,MS,MS,MS60249,GSM4104126_GTGAAGGGTGAGGCTA-1,0.1666775206822971
CSF,MS,MS,MS60249,GSM4104126_GTGCAGCTCGAATGGG-1,-0.30405527223520673
CSF,MS,MS,MS60249,GSM4104126_GTGCGGTAGACAAGCC-1,0.583398504870065
CSF,MS,MS,MS60249,GSM4104126_GTGCTTCCAGTATAAG-1,0.5433825732582723
CSF,MS,MS,MS60249,GSM4104126_GTGCTTCTCATAGCAC-1,-0.10286687539400798
CSF,MS,MS,MS60249,GSM4104126_GTGTGCGCATAGACTC-1,-0.30405527223520673
CSF,MS,MS,MS60249,GSM4104126_GTGTTAGTCATGCTCC-1,-0.10383728565038632
CSF,MS,MS,MS60249,GSM4104126_GTGTTAGTCGAATCCA-1,0.05280328661898185
CSF,MS,MS,MS60249,GSM4104126_GTTACAGAGATTACCC-1,-0.21847274793759683
CSF,MS,MS,MS60249,GSM4104126_GTTACAGTCTGCTGTC-1,-0.02447747829265293
CSF,MS,MS,MS60249,GSM4104126_GTTCGGGAGTAGGCCA-1,-0.25178303914391803
CSF,MS,MS,MS60249,GSM4104126_GTTCGGGGTATCGCAT-1,0.1639908769300654
CSF,MS,MS,MS60249,GSM4104126_GTTCTCGGTCGTGGCT-1,-0.30405527223520673
CSF,MS,MS,MS60249,GSM4104126_GTTCTCGGTCTTGATG-1,0.020496381830970228
CSF,MS,MS,MS60249,GSM4104126_GTTTCTAAGCTTATCG-1,0.3494364431710931
CSF,MS,MS,MS60249,GSM4104126_GTTTCTAGTCTAGTGT-1,0.09910208858686077
CSF,MS,MS,MS60249,GSM4104126_TAAACCGTCAGCTCTC-1,-0.047021422417867366
CSF,MS,MS,MS60249,GSM4104126_TAAGAGAAGCTAGCCC-1,-0.30405527223520673
CSF,MS,MS,MS60249,GSM4104126_TAAGAGATCTCTTGAT-1,0.004720322744049961
CSF,MS,MS,MS60249,GSM4104126_TAAGTGCCAGTTAACC-1,-0.06510066042659837
CSF,MS,MS,MS60249,GSM4104126_TAAGTGCGTCCGCTGA-1,0.1942148513194149
CSF,MS,MS,MS60249,GSM4104126_TACACGAGTGCGAAAC-1,-0.030319901651017618
CSF,MS,MS,MS60249,GSM4104126_TACCTATAGGAACTGC-1,-0.30405527223520673
CSF,MS,MS,MS60249,GSM4104126_TACCTATCATTTCAGG-1,0.1339638624616006
CSF,MS,MS,MS60249,GSM4104126_TACCTATTCATGTGGT-1,0.06755302557761945
CSF,MS,MS,MS60249,GSM4104126_TACCTTATCGAACTGT-1,-0.17177253723821975
CSF,MS,MS,MS60249,GSM4104126_TACGGATCAATAACGA-1,-0.30405527223520673
CSF,MS,MS,MS60249,GSM4104126_TACGGATGTAGAAAGG-1,-0.17374443523860492
CSF,MS,MS,MS60249,GSM4104126_TACGGGCAGGGTGTTG-1,0.14517760828823553
CSF,MS,MS,MS60249,GSM4104126_TACGGGCGTCTAACGT-1,-0.30405527223520673
CSF,MS,MS,MS60249,GSM4104126_TACGGGCGTTATTCTC-1,-0.09281329352500893
CSF,MS,MS,MS60249,GSM4104126_TACGGTAGTAGCGATG-1,-0.30405527223520673
CSF,MS,MS,MS60249,GSM4104126_TACTCATAGAGGTTGC-1,-0.10792176333653607
CSF,MS,MS,MS60249,GSM4104126_TACTCATGTTGGTAAA-1,-0.30405527223520673
CSF,MS,MS,MS60249,GSM4104126_TACTCATTCACGCGGT-1,-0.047646119097644636
CSF,MS,MS,MS60249,GSM4104126_TACTCGCAGCTAAACA-1,0.034029878500401005
CSF,MS,MS,MS60249,GSM4104126_TACTTACAGAGTACAT-1,0.027457964012995665
CSF,MS,MS,MS60249,GSM4104126_TACTTACAGCGAAGGG-1,0.3245812818490686
CSF,MS,MS,MS60249,GSM4104126_TACTTGTTCTTCGGTC-1,0.4273981873041782
CSF,MS,MS,MS60249,GSM4104126_TAGACCACAAGCCGCT-1,-0.11660708129060726
CSF,MS,MS,MS60249,GSM4104126_TAGAGCTGTATATCCG-1,-0.11031434824913866
CSF,MS,MS,MS60249,GSM4104126_TAGGCATAGATCTGAA-1,-0.05247236428491573
CSF,MS,MS,MS60249,GSM4104126_TAGTGGTGTAGCGCTC-1,-0.01260729068642673
CSF,MS,MS,MS60249,GSM4104126_TAGTTGGGTCCGACGT-1,0.009735289547546697
CSF,MS,MS,MS60249,GSM4104126_TAGTTGGGTTATCACG-1,0.18359118949132242
CSF,MS,MS,MS60249,GSM4104126_TATCTCAAGTTACGGG-1,-0.05864262407654612
CSF,MS,MS,MS60249,GSM4104126_TATGCCCAGAGAGCTC-1,-0.14826914387551274
CSF,MS,MS,MS60249,GSM4104126_TATGCCCCATGCCCGA-1,0.17820580863652172
CSF,MS,MS,MS60249,GSM4104126_TATGCCCGTAGCTTGT-1,-0.21053914022922648
CSF,MS,MS,MS60249,GSM4104126_TATTACCTCACCTTAT-1,-0.30405527223520673
CSF,MS,MS,MS60249,GSM4104126_TCAACGAAGGAGTCTG-1,0.08258848045151393
CSF,MS,MS,MS60249,GSM4104126_TCAACGAAGTGAAGAG-1,-0.17479656528285567
CSF,MS,MS,MS60249,GSM4104126_TCAACGAGTATTCGTG-1,-0.30405527223520673
CSF,MS,MS,MS60249,GSM4104126_TCAACGAGTCCATGAT-1,0.16170088874423547
CSF,MS,MS,MS60249,GSM4104126_TCAACGAGTGGCCCTA-1,0.04349107698139165
CSF,MS,MS,MS60249,GSM4104126_TCAATCTCAGTCCTTC-1,-0.30405527223520673
CSF,MS,MS,MS60249,GSM4104126_TCAGATGCACGACGAA-1,0.051354775466009785
CSF,MS,MS,MS60249,GSM4104126_TCAGCTCCACGGACAA-1,-0.30405527223520673
CSF,MS,MS,MS60249,GSM4104126_TCAGCTCCACTAGTAC-1,0.06848155895328387
CSF,MS,MS,MS60249,GSM4104126_TCATTACGTACCGAGA-1,0.07054610017846759
CSF,MS,MS,MS60249,GSM4104126_TCATTACTCGCTTGTC-1,-0.19013941264928386
CSF,MS,MS,MS60249,GSM4104126_TCATTTGAGAGACTAT-1,0.1647927233402034
CSF,MS,MS,MS60249,GSM4104126_TCCCGATAGGATGGTC-1,-0.13903499869081762
CSF,MS,MS,MS60249,GSM4104126_TCGAGGCAGACACGAC-1,-0.11530397500987308
CSF,MS,MS,MS60249,GSM4104126_TCGCGTTAGATCCCGC-1,-0.30405527223520673
CSF,MS,MS,MS60249,GSM4104126_TCGTACCGTTCCATGA-1,-0.18167066244736976
CSF,MS,MS,MS60249,GSM4104126_TCGTAGAAGCAGGCTA-1,-0.17766216821358224
CSF,MS,MS,MS60249,GSM4104126_TCGTAGACAGTAAGCG-1,-0.0976360609323682
CSF,MS,MS,MS60249,GSM4104126_TCGTAGACATCGACGC-1,-0.07607062690625274
CSF,MS,MS,MS60249,GSM4104126_TCTATTGTCTACCAGA-1,-0.14777153293649103
CSF,MS,MS,MS60249,GSM4104126_TCTCATAGTTCGCTAA-1,-0.30405527223520673
CSF,MS,MS,MS60249,GSM4104126_TCTCTAAAGCCACGCT-1,-0.30405527223520673
CSF,MS,MS,MS60249,GSM4104126_TCTCTAAGTAAAGTCA-1,-0.03338827925720351
CSF,MS,MS,MS60249,GSM4104126_TCTGAGAAGAGTCGGT-1,-0.060520758005883135
CSF,MS,MS,MS60249,GSM4104126_TCTGAGAAGATGCCTT-1,0.1749263569005148
CSF,MS,MS,MS60249,GSM4104126_TCTGGAATCCCATTAT-1,-0.04009735372529816
CSF,MS,MS,MS60249,GSM4104126_TCTTTCCCAAGGTTTC-1,-0.30405527223520673
CSF,MS,MS,MS60249,GSM4104126_TGAAAGATCTTCGGTC-1,0.17620130147845078
CSF,MS,MS,MS60249,GSM4104126_TGACAACAGCAGCGTA-1,0.03735805194333597
CSF,MS,MS,MS60249,GSM4104126_TGACTTTTCAGTGCAT-1,0.13906984635007053
CSF,MS,MS,MS60249,GSM4104126_TGACTTTTCTTGTTTG-1,0.33704082192116563
CSF,MS,MS,MS60249,GSM4104126_TGAGCATGTCGTCTTC-1,0.04078238106734439
CSF,MS,MS,MS60249,GSM4104126_TGAGCATGTTTGCATG-1,0.20694172740736017
CSF,MS,MS,MS60249,GSM4104126_TGAGCATTCGGACAAG-1,-0.10490729868386646
CSF,MS,MS,MS60249,GSM4104126_TGAGGGAAGGACGAAA-1,0.3545332819637151
CSF,MS,MS,MS60249,GSM4104126_TGAGGGACATGCATGT-1,-0.1809783794493991
CSF,MS,MS,MS60249,GSM4104126_TGATTTCCAATGTTGC-1,-0.01867897063435986
CSF,MS,MS,MS60249,GSM4104126_TGCACCTTCCAGTATG-1,0.2418355324299996
CSF,MS,MS,MS60249,GSM4104126_TGCCAAATCGGCTTGG-1,0.1294820979869389
CSF,MS,MS,MS60249,GSM4104126_TGCCCATGTGGTACAG-1,0.031379470139629814
CSF,MS,MS,MS60249,GSM4104126_TGCCCATTCCTCAATT-1,0.009484926536721696
CSF,MS,MS,MS60249,GSM4104126_TGCCCATTCGGTTAAC-1,-0.07802901492806913
CSF,MS,MS,MS60249,GSM4104126_TGCGCAGTCCTAGAAC-1,-0.005265836642304075
CSF,MS,MS,MS60249,GSM4104126_TGCGGGTAGAATCTCC-1,0.31272662665638423
CSF,MS,MS,MS60249,GSM4104126_TGCGGGTGTCAGGACA-1,-0.20890545609219063
CSF,MS,MS,MS60249,GSM4104126_TGCGTGGAGAAGATTC-1,-0.30405527223520673
CSF,MS,MS,MS60249,GSM4104126_TGCGTGGAGTTAGCGG-1,-0.12410948258819765
CSF,MS,MS,MS60249,GSM4104126_TGCGTGGTCCGTAGGC-1,-0.049852789061580624
CSF,MS,MS,MS60249,GSM4104126_TGCTACCCACCGCTAG-1,-0.005489237957252678
CSF,MS,MS,MS60249,GSM4104126_TGCTGCTGTATATGAG-1,-0.30405527223520673
CSF,MS,MS,MS60249,GSM4104126_TGCTGCTGTTGGTAAA-1,0.0329633234279764
CSF,MS,MS,MS60249,GSM4104126_TGCTGCTTCGACAGCC-1,-0.044677946345559674
CSF,MS,MS,MS60249,GSM4104126_TGGACGCGTCAGATAA-1,-0.20700669067012128
CSF,MS,MS,MS60249,GSM4104126_TGGCGCAAGAGACTAT-1,-0.0020482567270505092
CSF,MS,MS,MS60249,GSM4104126_TGGGAAGGTAAGGATT-1,-0.30405527223520673
CSF,MS,MS,MS60249,GSM4104126_TGGGCGTGTCCATCCT-1,0.19260513141831462
CSF,MS,MS,MS60249,GSM4104126_TGGTTAGCAAGTCTAC-1,-0.00857541112531863
CSF,MS,MS,MS60249,GSM4104126_TGGTTCCAGAGTAATC-1,0.07607165736490684
CSF,MS,MS,MS60249,GSM4104126_TGGTTCCTCCATTCTA-1,-0.11802227123158296
CSF,MS,MS,MS60249,GSM4104126_TGTATTCCAGAGTGTG-1,-0.19815681464356621
CSF,MS,MS,MS60249,GSM4104126_TGTCCCACACGGCGTT-1,0.40331420599371853
CSF,MS,MS,MS60249,GSM4104126_TGTCCCAGTTAAAGTG-1,-0.30405527223520673
CSF,MS,MS,MS60249,GSM4104126_TGTGTTTAGGCTAGGT-1,-0.064020634204882
CSF,MS,MS,MS60249,GSM4104126_TGTTCCGAGCCACGCT-1,-0.03175201673392052
CSF,MS,MS,MS60249,GSM4104126_TTAACTCGTCTGCCAG-1,0.23836137905440014
CSF,MS,MS,MS60249,GSM4104126_TTAGGACCAATGGAGC-1,-0.12759520374984695
CSF,MS,MS,MS60249,GSM4104126_TTAGGACGTAGCCTAT-1,-0.30405527223520673
CSF,MS,MS,MS60249,GSM4104126_TTAGGCAAGCCTTGAT-1,-0.12820721557550016
CSF,MS,MS,MS60249,GSM4104126_TTATGCTAGATCGGGT-1,0.04283148870280494
CSF,MS,MS,MS60249,GSM4104126_TTATGCTGTTGTACAC-1,-0.17555521004892066
CSF,MS,MS,MS60249,GSM4104126_TTATGCTTCTCCCTGA-1,-0.057299061286224515
CSF,MS,MS,MS60249,GSM4104126_TTCCCAGTCATATCGG-1,-0.30405527223520673
CSF,MS,MS,MS60249,GSM4104126_TTCGAAGCACCAGATT-1,0.03653274019649872
CSF,MS,MS,MS60249,GSM4104126_TTCGGTCAGGCTCATT-1,-0.07069546851053418
CSF,MS,MS,MS60249,GSM4104126_TTCGGTCCACACTGCG-1,0.0826417663551806
CSF,MS,MS,MS60249,GSM4104126_TTCTCAATCCAACCAA-1,0.018934529666603712
CSF,MS,MS,MS60249,GSM4104126_TTCTCCTTCCCATTAT-1,-0.30405527223520673
CSF,MS,MS,MS60249,GSM4104126_TTCTTAGCATCTCGCT-1,-0.05703594517519998
CSF,MS,MS,MS60249,GSM4104126_TTGAACGCATAGGATA-1,0.21949976221400266
CSF,MS,MS,MS60249,GSM4104126_TTGAACGGTGAGGGTT-1,-0.13591265475198264
CSF,MS,MS,MS60249,GSM4104126_TTGACTTAGCCGATTT-1,-0.20808589140590117
CSF,MS,MS,MS60249,GSM4104126_TTGACTTGTACTCAAC-1,0.04196264405626247
CSF,MS,MS,MS60249,GSM4104126_TTGGAACAGATCCTGT-1,0.5681042658656343
CSF,MS,MS,MS60249,GSM4104126_TTGGAACTCGTTGCCT-1,-0.16753025926809606
CSF,MS,MS,MS60249,GSM4104126_TTGGCAACAGGTTTCA-1,-0.30405527223520673
CSF,MS,MS,MS60249,GSM4104126_TTTACTGCAAGGTGTG-1,0.3892151733440489
CSF,MS,MS,MS60249,GSM4104126_TTTACTGCAATAGCAA-1,-0.30405527223520673
CSF,MS,MS,MS60249,GSM4104126_TTTATGCTCAGCTCTC-1,0.24032746997007284
CSF,MS,MS,MS60249,GSM4104126_TTTGGTTGTCACCTAA-1,0.3498855679007213
PB,MS,MS,MS60249,GSM4104137_AAACGGGGTCATTAGC-1,-0.30405527223520673
PB,MS,MS,MS60249,GSM4104137_AAAGTAGCATGTAAGA-1,-0.1629425426332223
PB,MS,MS,MS60249,GSM4104137_AACTGGTAGGTAGCTG-1,-0.16882200119532412
PB,MS,MS,MS60249,GSM4104137_AACTGGTTCATTGCCC-1,-0.30405527223520673
PB,MS,MS,MS60249,GSM4104137_AGGGAGTGTACCTACA-1,-0.30405527223520673
PB,MS,MS,MS60249,GSM4104137_CACACAAGTGTGAAAT-1,-0.01008778718738689
PB,MS,MS,MS60249,GSM4104137_CAGCAGCAGACTGTAA-1,-0.30405527223520673
PB,MS,MS,MS60249,GSM4104137_CAGTAACCAATCTGCA-1,0.056212463841561866
PB,MS,MS,MS60249,GSM4104137_CATTATCCAAGCGAGT-1,-0.03469585757587672
PB,MS,MS,MS60249,GSM4104137_CCACTACTCGGTGTCG-1,0.46876153909363877
PB,MS,MS,MS60249,GSM4104137_CCTCAGTCAAGGCTCC-1,-0.30405527223520673
PB,MS,MS,MS60249,GSM4104137_CGCTGGAAGCGTTCCG-1,-0.30405527223520673
PB,MS,MS,MS60249,GSM4104137_CTCGAAAGTACAAGTA-1,-0.30405527223520673
PB,MS,MS,MS60249,GSM4104137_GAGTCCGTCCTGCTTG-1,-0.18152281008412144
PB,MS,MS,MS60249,GSM4104137_GGCTCGATCACCACCT-1,0.24610365663682052
PB,MS,MS,MS60249,GSM4104137_GGGAGATCATTTGCTT-1,-0.30405527223520673
PB,MS,MS,MS60249,GSM4104137_GTAACGTGTAGCAAAT-1,-0.30405527223520673
PB,MS,MS,MS60249,GSM4104137_GTGCGGTCAGTATGCT-1,-0.08540029322883047
PB,MS,MS,MS60249,GSM4104137_TACGGGCAGCTGAACG-1,0.01848380859584851
PB,MS,MS,MS60249,GSM4104137_TCGTAGATCAGGCCCA-1,0.09367448757393508
PB,MS,MS,MS60249,GSM4104137_TTCGGTCAGTAGGTGC-1,-0.30405527223520673
CSF,MS,MS,MS71658,GSM4104124_AAAGATGTCCTTGCCA-1,0.7302295626610524
CSF,MS,MS,MS71658,GSM4104124_AAGACCTAGTGCGTGA-1,-0.30405527223520673
CSF,MS,MS,MS71658,GSM4104124_AAGGAGCGTCCAGTTA-1,-0.30405527223520673
CSF,MS,MS,MS71658,GSM4104124_AAGGCAGTCCGGCACA-1,-0.30405527223520673
CSF,MS,MS,MS71658,GSM4104124_ACAGCTATCGAGAGCA-1,-0.05414783619720414
CSF,MS,MS,MS71658,GSM4104124_ACCGTAATCGACGGAA-1,0.03278231125407449
CSF,MS,MS,MS71658,GSM4104124_ACGGGTCCACGTAAGG-1,-0.30405527223520673
CSF,MS,MS,MS71658,GSM4104124_ACTGAACCAAGAAAGG-1,-0.30405527223520673
CSF,MS,MS,MS71658,GSM4104124_AGAATAGTCCAAGTAC-1,-0.30405527223520673
CSF,MS,MS,MS71658,GSM4104124_AGGCCGTGTTGAGTTC-1,-0.30405527223520673
CSF,MS,MS,MS71658,GSM4104124_AGGTCATGTGTCAATC-1,0.08178246920388703
CSF,MS,MS,MS71658,GSM4104124_AGTGTCACATTCTTAC-1,-0.30405527223520673
CSF,MS,MS,MS71658,GSM4104124_ATTCTACAGGCTAGCA-1,-0.30405527223520673
CSF,MS,MS,MS71658,GSM4104124_CAACCAAAGACAAAGG-1,0.19676275521010528
CSF,MS,MS,MS71658,GSM4104124_CAAGAAATCTGTCCGT-1,0.5702620528389727
CSF,MS,MS,MS71658,GSM4104124_CACCTTGGTATAAACG-1,-0.30405527223520673
CSF,MS,MS,MS71658,GSM4104124_CACTCCAGTTGGTAAA-1,0.173052951792575
CSF,MS,MS,MS71658,GSM4104124_CATGCCTCACCATGTA-1,-0.30405527223520673
CSF,MS,MS,MS71658,GSM4104124_CATGCCTCAGGACGTA-1,-0.30405527223520673
CSF,MS,MS,MS71658,GSM4104124_CATGCCTTCAGCAACT-1,-0.30405527223520673
CSF,MS,MS,MS71658,GSM4104124_CATGGCGGTCTCTTTA-1,-0.30405527223520673
CSF,MS,MS,MS71658,GSM4104124_CCACGGATCAACACAC-1,0.06738824530801014
CSF,MS,MS,MS71658,GSM4104124_CCCTCCTGTTCGTTGA-1,-0.30405527223520673
CSF,MS,MS,MS71658,GSM4104124_CCGTTCATCTTCCTTC-1,-0.30405527223520673
CSF,MS,MS,MS71658,GSM4104124_CCTACCAGTAGAGCTG-1,0.41514674181055594
CSF,MS,MS,MS71658,GSM4104124_CCTTTCTCAAGAGGCT-1,-0.30405527223520673
CSF,MS,MS,MS71658,GSM4104124_CGAATGTAGTATGACA-1,-0.30405527223520673
CSF,MS,MS,MS71658,GSM4104124_CGATGGCAGTGAAGTT-1,-0.30405527223520673
CSF,MS,MS,MS71658,GSM4104124_CGATGTAGTGTGCGTC-1,-0.0402651068526731
CSF,MS,MS,MS71658,GSM4104124_CGCTATCAGCCTTGAT-1,-0.0011393708772343217
CSF,MS,MS,MS71658,GSM4104124_CGGAGTCCACCAGCAC-1,0.7881249002644497
CSF,MS,MS,MS71658,GSM4104124_CGTCAGGCATACTACG-1,-0.30405527223520673
CSF,MS,MS,MS71658,GSM4104124_CGTGTAAAGTCCCACG-1,0.07371959854590679
CSF,MS,MS,MS71658,GSM4104124_CTAACTTCACCCATTC-1,-0.010183916849982544
CSF,MS,MS,MS71658,GSM4104124_CTACCCACATGCAATC-1,-0.30405527223520673
CSF,MS,MS,MS71658,GSM4104124_CTCGAGGAGACCCACC-1,0.11611661488560002
CSF,MS,MS,MS71658,GSM4104124_CTCGGAGCAAGCTGTT-1,-0.09903811455926352
CSF,MS,MS,MS71658,GSM4104124_CTGATAGGTAAGAGAG-1,-0.05993196697438853
CSF,MS,MS,MS71658,GSM4104124_CTGGTCTAGCGATTCT-1,0.012226496177038415
CSF,MS,MS,MS71658,GSM4104124_CTGGTCTCACCCTATC-1,-0.16229017310032684
CSF,MS,MS,MS71658,GSM4104124_CTGGTCTGTTAAGGGC-1,-0.019116369506513346
CSF,MS,MS,MS71658,GSM4104124_CTTACCGCAGGCTCAC-1,-0.30405527223520673
CSF,MS,MS,MS71658,GSM4104124_GAACATCAGGATGGAA-1,-0.30405527223520673
CSF,MS,MS,MS71658,GSM4104124_GACAGAGCACAGGTTT-1,-0.30405527223520673
CSF,MS,MS,MS71658,GSM4104124_GACAGAGGTGTTCGAT-1,-0.062464092692685456
CSF,MS,MS,MS71658,GSM4104124_GATCGCGAGACGCACA-1,-0.09170183226055521
CSF,MS,MS,MS71658,GSM4104124_GATCGTAGTCGAATCT-1,0.27140391109028605
CSF,MS,MS,MS71658,GSM4104124_GATGAAAGTGTAACGG-1,-0.30405527223520673
CSF,MS,MS,MS71658,GSM4104124_GATGCTAAGGTGATTA-1,-0.30405527223520673
CSF,MS,MS,MS71658,GSM4104124_GCGGGTTGTGATGTCT-1,0.08340055257290001
CSF,MS,MS,MS71658,GSM4104124_GGAAAGCAGTTTGCGT-1,0.23088088968732293
CSF,MS,MS,MS71658,GSM4104124_GGACAGATCTATGTGG-1,-0.30405527223520673
CSF,MS,MS,MS71658,GSM4104124_GGACATTAGCCGATTT-1,-0.30405527223520673
CSF,MS,MS,MS71658,GSM4104124_GGACGTCGTGAAATCA-1,0.058906124117000566
CSF,MS,MS,MS71658,GSM4104124_GGATGTTAGCTAGTTC-1,-0.09421719589932882
CSF,MS,MS,MS71658,GSM4104124_GGCTCGAAGTATTGGA-1,-0.1865081547002116
CSF,MS,MS,MS71658,GSM4104124_GTACTCCAGGTGCTTT-1,0.014201580001969456
CSF,MS,MS,MS71658,GSM4104124_GTAGTCAAGAGGGCTT-1,0.2875112556136929
CSF,MS,MS,MS71658,GSM4104124_GTCAAGTGTGCAGTAG-1,-0.30405527223520673
CSF,MS,MS,MS71658,GSM4104124_GTGTGCGGTAATAGCA-1,-0.30405527223520673
CSF,MS,MS,MS71658,GSM4104124_TAAACCGTCTCCTATA-1,0.08218438417548671
CSF,MS,MS,MS71658,GSM4104124_TAAGCGTCATGGTCAT-1,-0.30405527223520673
CSF,MS,MS,MS71658,GSM4104124_TAAGTGCGTCATGCCG-1,-0.30405527223520673
CSF,MS,MS,MS71658,GSM4104124_TAGAGCTAGCGTGTCC-1,-0.30405527223520673
CSF,MS,MS,MS71658,GSM4104124_TAGTGGTAGTTGTCGT-1,0.06064032457060199
CSF,MS,MS,MS71658,GSM4104124_TCATTTGAGTCAAGCG-1,-0.30405527223520673
CSF,MS,MS,MS71658,GSM4104124_TCATTTGTCTATCCCG-1,-0.03692362949646751
CSF,MS,MS,MS71658,GSM4104124_TCGGGACCAAAGCGGT-1,-0.10324315279167194
CSF,MS,MS,MS71658,GSM4104124_TCTCATAGTGCACGAA-1,-0.30405527223520673
CSF,MS,MS,MS71658,GSM4104124_TGAAAGATCTTGTTTG-1,-0.30405527223520673
CSF,MS,MS,MS71658,GSM4104124_TGCACCTCAAGCGCTC-1,0.007522176233179333
CSF,MS,MS,MS71658,GSM4104124_TGGACGCGTGATGATA-1,-0.1478189741840674
CSF,MS,MS,MS71658,GSM4104124_TTCGAAGCATGTTGAC-1,0.005630284416133383
CSF,MS,MS,MS71658,GSM4104124_TTGGAACTCGTATCAG-1,-0.30405527223520673
CSF,MS,MS,MS71658,GSM4104124_TTTGTCATCCTCGCAT-1,0.8197562394804149
PB,MS,MS,MS71658,GSM4104135_AAACGGGGTTCAGCGC-1,0.11293886364884025
PB,MS,MS,MS71658,GSM4104135_AAAGCAATCCGCATAA-1,0.2289575456976151
PB,MS,MS,MS71658,GSM4104135_AACCGCGAGGGTGTGT-1,0.11466929893632813
PB,MS,MS,MS71658,GSM4104135_ACCCACTGTGAACCTT-1,-0.30405527223520673
PB,MS,MS,MS71658,GSM4104135_ACTATCTAGATGCGAC-1,-0.20045363635173324
PB,MS,MS,MS71658,GSM4104135_ACTATCTCACTCAGGC-1,0.23944728137654142
PB,MS,MS,MS71658,GSM4104135_AGCCTAATCTATGTGG-1,-0.30405527223520673
PB,MS,MS,MS71658,GSM4104135_AGGTCCGAGAGGACGG-1,-0.30405527223520673
PB,MS,MS,MS71658,GSM4104135_ATAAGAGCACCTGGTG-1,-0.30405527223520673
PB,MS,MS,MS71658,GSM4104135_CACAGTACAGCTGTTA-1,-0.14170597712655894
PB,MS,MS,MS71658,GSM4104135_CATTCGCAGACAGGCT-1,-0.30405527223520673
PB,MS,MS,MS71658,GSM4104135_CATTCGCAGATCGATA-1,-0.30405527223520673
PB,MS,MS,MS71658,GSM4104135_CCACGGAGTCCCGACA-1,0.12991437436039086
PB,MS,MS,MS71658,GSM4104135_CCTACCAGTCAGAATA-1,-0.30405527223520673
PB,MS,MS,MS71658,GSM4104135_CGCCAAGTCAACGGCC-1,-0.08177220457166286
PB,MS,MS,MS71658,GSM4104135_CTAATGGTCAGGCGAA-1,0.11901458738862912
PB,MS,MS,MS71658,GSM4104135_CTAGAGTTCCCTCTTT-1,-0.30405527223520673
PB,MS,MS,MS71658,GSM4104135_CTCAGAAAGTATGACA-1,-0.30405527223520673
PB,MS,MS,MS71658,GSM4104135_CTCTGGTAGAGCCTAG-1,0.16881875504115795
PB,MS,MS,MS71658,GSM4104135_CTGATAGTCTCGGACG-1,-0.30405527223520673
PB,MS,MS,MS71658,GSM4104135_CTGCGGAAGATGGGTC-1,0.1976251417591304
PB,MS,MS,MS71658,GSM4104135_CTTCTCTCAAGAGTCG-1,-0.10801410196096468
PB,MS,MS,MS71658,GSM4104135_GAATAAGCAAAGTCAA-1,0.5401998827021507
PB,MS,MS,MS71658,GSM4104135_GACACGCTCACAGGCC-1,-0.30405527223520673
PB,MS,MS,MS71658,GSM4104135_GACGCGTTCTGGGCCA-1,-0.034494225027635515
PB,MS,MS,MS71658,GSM4104135_GACTACATCTACCTGC-1,0.3705217202105429
PB,MS,MS,MS71658,GSM4104135_GAGCAGAGTGTGCCTG-1,-0.30405527223520673
PB,MS,MS,MS71658,GSM4104135_GAGTCCGAGCGTGAGT-1,0.06346351812406473
PB,MS,MS,MS71658,GSM4104135_GATCGATCATGGTCAT-1,-0.30405527223520673
PB,MS,MS,MS71658,GSM4104135_GCACTCTTCTCTGTCG-1,0.4038955737539393
PB,MS,MS,MS71658,GSM4104135_GCCTCTAAGGTAGCCA-1,-0.30405527223520673
PB,MS,MS,MS71658,GSM4104135_GCGGGTTTCCGTAGTA-1,0.5322395184802132
PB,MS,MS,MS71658,GSM4104135_GCTGCGATCATGCTCC-1,-0.03681830499231236
PB,MS,MS,MS71658,GSM4104135_GGAATAACACCATCCT-1,-0.30405527223520673
PB,MS,MS,MS71658,GSM4104135_GGACATTTCTTCGAGA-1,0.2373077202979351
PB,MS,MS,MS71658,GSM4104135_GGCGACTAGGTAGCTG-1,-0.30405527223520673
PB,MS,MS,MS71658,GSM4104135_GGGACCTTCGATGAGG-1,-0.30405527223520673
PB,MS,MS,MS71658,GSM4104135_GGTGAAGGTCCAGTTA-1,0.2124098204859503
PB,MS,MS,MS71658,GSM4104135_GTCAAGTAGCTGAAAT-1,0.1096014380156753
PB,MS,MS,MS71658,GSM4104135_TAAGCGTTCCTCATTA-1,-0.03492238236301294
PB,MS,MS,MS71658,GSM4104135_TCACAAGTCGTATCAG-1,-0.30405527223520673
PB,MS,MS,MS71658,GSM4104135_TGCGGGTAGGATGTAT-1,-0.30405527223520673
PB,MS,MS,MS71658,GSM4104135_TGCTGCTAGGAACTGC-1,0.04187175120436826
PB,MS,MS,MS71658,GSM4104135_TGTATTCCATTAGGCT-1,-0.011160721142833412
PB,MS,MS,MS71658,GSM4104135_TTCCCAGCATCAGTCA-1,0.06880827267888202
PB,MS,MS,MS71658,GSM4104135_TTCTTAGTCAGTTAGC-1,-0.007224838513324878
PB,MS,MS,MS71658,GSM4104135_TTGGAACGTATATCCG-1,-0.08732573726500621
CSF,MS,MS,MS74594,GSM4104127_AACTCAGCATGGTCTA-1,-0.14503456186354985
CSF,MS,MS,MS74594,GSM4104127_AGTGGGAGTTAGAACA-1,0.25609827498566357
CSF,MS,MS,MS74594,GSM4104127_AGTGTCATCATAACCG-1,-0.30405527223520673
CSF,MS,MS,MS74594,GSM4104127_ATCCACCAGCCGATTT-1,-0.1511843365595443
CSF,MS,MS,MS74594,GSM4104127_CACATAGAGCTTCGCG-1,0.13417659083172057
CSF,MS,MS,MS74594,GSM4104127_CATATGGTCCTGCCAT-1,-0.16855688108640443
CSF,MS,MS,MS74594,GSM4104127_CCACGGACATTGGGCC-1,0.5341828848583122
CSF,MS,MS,MS74594,GSM4104127_CCTACCACACGGTGTC-1,0.09170498669374605
CSF,MS,MS,MS74594,GSM4104127_CGACCTTAGACTGGGT-1,0.7584648169838716
CSF,MS,MS,MS74594,GSM4104127_CGTGAGCTCTGTCTCG-1,-0.10428965805568471
CSF,MS,MS,MS74594,GSM4104127_CGTTAGACAAGTAGTA-1,-0.30405527223520673
CSF,MS,MS,MS74594,GSM4104127_CTACACCCACCGAATT-1,0.899213495344665
CSF,MS,MS,MS74594,GSM4104127_CTAGAGTCAAATTGCC-1,-0.30405527223520673
CSF,MS,MS,MS74594,GSM4104127_CTGTGCTGTGCCTGGT-1,0.08895248447721624
CSF,MS,MS,MS74594,GSM4104127_GATGAGGGTACTCAAC-1,-0.30405527223520673
CSF,MS,MS,MS74594,GSM4104127_GCGGGTTTCGGAGCAA-1,-0.03904181815098895
CSF,MS,MS,MS74594,GSM4104127_GCTCCTAAGGTGATTA-1,-0.30405527223520673
CSF,MS,MS,MS74594,GSM4104127_GCTGCGAGTGCGGTAA-1,0.06982214509854644
CSF,MS,MS,MS74594,GSM4104127_GCTGGGTAGTACCGGA-1,-0.30405527223520673
CSF,MS,MS,MS74594,GSM4104127_GGAAAGCGTTACAGAA-1,0.22022263305303216
CSF,MS,MS,MS74594,GSM4104127_GGTGTTAGTCTTGATG-1,-0.0249023926107448
CSF,MS,MS,MS74594,GSM4104127_TACAGTGAGATAGCAT-1,0.21227962857666843
CSF,MS,MS,MS74594,GSM4104127_TAGACCAGTGGACGAT-1,-0.30405527223520673
CSF,MS,MS,MS74594,GSM4104127_TGTCCCAAGCTACCTA-1,0.6049602126867725
CSF,MS,MS,MS74594,GSM4104127_TGTTCCGAGGCGTACA-1,-0.30405527223520673
CSF,MS,MS,MS74594,GSM4104127_TTTGGTTTCACCTTAT-1,-0.30405527223520673
PB,MS,MS,MS74594,GSM4104138_AACCGCGCACCAGTTA-1,0.18206729708946742
PB,MS,MS,MS74594,GSM4104138_AACTCAGGTGCCTGTG-1,-0.01687881657067933
PB,MS,MS,MS74594,GSM4104138_AAGACCTCAAGAAAGG-1,-0.06860841734632206
PB,MS,MS,MS74594,GSM4104138_AAGCCGCGTAGCTCCG-1,-0.30405527223520673
PB,MS,MS,MS74594,GSM4104138_ACACCGGTCTATCCTA-1,-0.30405527223520673
PB,MS,MS,MS74594,GSM4104138_ACAGCCGGTAGCTTGT-1,0.33150681657798486
PB,MS,MS,MS74594,GSM4104138_ACCTTTATCCACTGGG-1,-0.23488911082011343
PB,MS,MS,MS74594,GSM4104138_ACGAGGATCCAGTATG-1,-0.02476582489977411
PB,MS,MS,MS74594,GSM4104138_ACGCAGCAGCGGCTTC-1,-0.30405527223520673
PB,MS,MS,MS74594,GSM4104138_ACGTCAACATTACGAC-1,-0.30405527223520673
PB,MS,MS,MS74594,GSM4104138_ACTGTCCGTGCCTGTG-1,0.3452555597500295
PB,MS,MS,MS74594,GSM4104138_AGCAGCCAGAGGTAGA-1,-0.10200341109652662
PB,MS,MS,MS74594,GSM4104138_AGGGAGTCAGGACGTA-1,0.024246927094633258
PB,MS,MS,MS74594,GSM4104138_AGGGTGAAGCCCAGCT-1,0.15680123248646136
PB,MS,MS,MS74594,GSM4104138_AGGGTGACATTCACTT-1,-0.17594661500828
PB,MS,MS,MS74594,GSM4104138_ATCACGAAGGTAGCTG-1,-0.067927676872457
PB,MS,MS,MS74594,GSM4104138_ATCATGGTCAACGCTA-1,-0.16672423609538964
PB,MS,MS,MS74594,GSM4104138_ATGAGGGGTAAACGCG-1,0.035050986016573096
PB,MS,MS,MS74594,GSM4104138_CAACCTCTCCGCGCAA-1,0.03354490288349109
PB,MS,MS,MS74594,GSM4104138_CACAAACTCCTTTACA-1,-0.10673757275726829
PB,MS,MS,MS74594,GSM4104138_CACATTTCATCCTTGC-1,-0.2023475462597011
PB,MS,MS,MS74594,GSM4104138_CAGAATCGTTACCAGT-1,0.007031690406486435
PB,MS,MS,MS74594,GSM4104138_CAGCCGACACGGTTTA-1,-0.06806862692037294
PB,MS,MS,MS74594,GSM4104138_CAGCCGATCTAAGCCA-1,-0.30405527223520673
PB,MS,MS,MS74594,GSM4104138_CAGCGACTCACCATAG-1,0.09211105078955766
PB,MS,MS,MS74594,GSM4104138_CAGTCCTCAGCGATCC-1,-0.30405527223520673
PB,MS,MS,MS74594,GSM4104138_CATCAGATCGTCCAGG-1,-0.30405527223520673
PB,MS,MS,MS74594,GSM4104138_CATGCCTCACAGCGTC-1,-0.30405527223520673
PB,MS,MS,MS74594,GSM4104138_CCAATCCCAGTCGATT-1,0.2592307241781923
PB,MS,MS,MS74594,GSM4104138_CCAATCCCATAGACTC-1,-0.18801491110482946
PB,MS,MS,MS74594,GSM4104138_CCATTCGAGAACTGTA-1,-0.17110295161663833
PB,MS,MS,MS74594,GSM4104138_CCCATACGTTGTTTGG-1,-0.30405527223520673
PB,MS,MS,MS74594,GSM4104138_CCCTCCTTCACGCATA-1,-0.30405527223520673
PB,MS,MS,MS74594,GSM4104138_CCCTCCTTCACTTACT-1,-0.30405527223520673
PB,MS,MS,MS74594,GSM4104138_CCGTGGATCTTTAGGG-1,-0.04985248415097321
PB,MS,MS,MS74594,GSM4104138_CCTAAAGGTCTTGCGG-1,0.11373443082189864
PB,MS,MS,MS74594,GSM4104138_CGACTTCTCCCGGATG-1,-0.30405527223520673
PB,MS,MS,MS74594,GSM4104138_CGAGAAGCAGCTGTTA-1,-0.14448241041384716
PB,MS,MS,MS74594,GSM4104138_CGATGGCGTACGCACC-1,-0.30405527223520673
PB,MS,MS,MS74594,GSM4104138_CGCGGTATCGGATGTT-1,-0.037685580552045454
PB,MS,MS,MS74594,GSM4104138_CGGACACCAGCTTCGG-1,0.5290447981462183
PB,MS,MS,MS74594,GSM4104138_CGGACTGGTCTCTCGT-1,0.2833305372581243
PB,MS,MS,MS74594,GSM4104138_CGGACTGGTCTTCAAG-1,0.08706997313191793
PB,MS,MS,MS74594,GSM4104138_CGGCTAGGTGGTGTAG-1,-0.18157467967568905
PB,MS,MS,MS74594,GSM4104138_CGGTTAACAGATAATG-1,-0.30405527223520673
PB,MS,MS,MS74594,GSM4104138_CTAGAGTGTATAGGGC-1,0.01911498938726814
PB,MS,MS,MS74594,GSM4104138_CTAGAGTTCCCAGGTG-1,-0.30405527223520673
PB,MS,MS,MS74594,GSM4104138_CTAGCCTAGATAGCAT-1,-0.06188067162507888
PB,MS,MS,MS74594,GSM4104138_CTCGTCAAGATGGCGT-1,0.24843263298100943
PB,MS,MS,MS74594,GSM4104138_CTCTGGTAGGTGCTAG-1,0.29251159690102874
PB,MS,MS,MS74594,GSM4104138_CTGCGGATCACGCGGT-1,-0.30405527223520673
PB,MS,MS,MS74594,GSM4104138_CTGTGCTGTCGGGTCT-1,-0.01576248361191774
PB,MS,MS,MS74594,GSM4104138_GACCTGGGTCCGAACC-1,0.24409735124225282
PB,MS,MS,MS74594,GSM4104138_GACTGCGAGAATGTTG-1,-0.14620532992591606
PB,MS,MS,MS74594,GSM4104138_GCAGCCAAGCCGTCGT-1,0.025641322971181206
PB,MS,MS,MS74594,GSM4104138_GCAGTTACAGGAACGT-1,-0.008969400159792243
PB,MS,MS,MS74594,GSM4104138_GCATGATGTTACGACT-1,-0.09723713149207594
PB,MS,MS,MS74594,GSM4104138_GCGCGATGTGACTCAT-1,-0.30405527223520673
PB,MS,MS,MS74594,GSM4104138_GCGGGTTAGTCAAGGC-1,-0.0826803264108256
PB,MS,MS,MS74594,GSM4104138_GCTGGGTAGAAACGCC-1,-0.30405527223520673
PB,MS,MS,MS74594,GSM4104138_GCTTCCACACGTCAGC-1,-0.30405527223520673
PB,MS,MS,MS74594,GSM4104138_GGAAAGCCAAGCGATG-1,-0.30405527223520673
PB,MS,MS,MS74594,GSM4104138_GGATTACAGATTACCC-1,-0.06476195047894004
PB,MS,MS,MS74594,GSM4104138_GGCGACTAGCTAACTC-1,-0.07566929880840546
PB,MS,MS,MS74594,GSM4104138_GGGCACTTCACGCGGT-1,-0.18003249354325596
PB,MS,MS,MS74594,GSM4104138_GGTGTTAAGGAGTAGA-1,-0.020890330275230875
PB,MS,MS,MS74594,GSM4104138_GGTGTTAGTCCCTTGT-1,-0.30405527223520673
PB,MS,MS,MS74594,GSM4104138_GTACTTTAGGACATTA-1,-0.06275636699187002
PB,MS,MS,MS74594,GSM4104138_GTCGGGTAGAATCTCC-1,-0.30405527223520673
PB,MS,MS,MS74594,GSM4104138_GTGCGGTGTGCGAAAC-1,-0.1808728927277517
PB,MS,MS,MS74594,GSM4104138_GTGCTTCCATGCCTAA-1,-0.30405527223520673
PB,MS,MS,MS74594,GSM4104138_TAAGCGTCACCCATTC-1,-0.30405527223520673
PB,MS,MS,MS74594,GSM4104138_TAAGTGCGTTCAGCGC-1,-0.19363722699661579
PB,MS,MS,MS74594,GSM4104138_TACAGTGCACCGAAAG-1,-0.08457715566610167
PB,MS,MS,MS74594,GSM4104138_TACGGATCAGTCGTGC-1,-0.30405527223520673
PB,MS,MS,MS74594,GSM4104138_TACTCATCACAGGCCT-1,-0.0009768924230370965
PB,MS,MS,MS74594,GSM4104138_TAGAGCTGTATGAATG-1,0.10511406657928414
PB,MS,MS,MS74594,GSM4104138_TAGTGGTCACGGTGTC-1,-0.30405527223520673
PB,MS,MS,MS74594,GSM4104138_TCAATCTGTCATATCG-1,-0.30405527223520673
PB,MS,MS,MS74594,GSM4104138_TCACAAGAGACCTAGG-1,0.13731292745115223
PB,MS,MS,MS74594,GSM4104138_TCGCGAGGTATGAATG-1,-0.0823909431689075
PB,MS,MS,MS74594,GSM4104138_TCGTACCGTCTGGAGA-1,-0.30405527223520673
PB,MS,MS,MS74594,GSM4104138_TCGTACCTCTAGAGTC-1,-0.19088889071735618
PB,MS,MS,MS74594,GSM4104138_TCGTAGAAGATGTAAC-1,-0.30405527223520673
PB,MS,MS,MS74594,GSM4104138_TGACTAGAGCCAACAG-1,-0.30405527223520673
PB,MS,MS,MS74594,GSM4104138_TGGCTGGGTTGAGTTC-1,-0.30405527223520673
PB,MS,MS,MS74594,GSM4104138_TGGGAAGTCTCTAAGG-1,-0.09086585665568765
PB,MS,MS,MS74594,GSM4104138_TGGTTAGAGGCAGGTT-1,-0.09953224384000511
PB,MS,MS,MS74594,GSM4104138_TGTCCCAGTATATGAG-1,0.17078625777735232
PB,MS,MS,MS74594,GSM4104138_TTCCCAGGTGTGACCC-1,-0.30405527223520673
PB,MS,MS,MS74594,GSM4104138_TTGGAACCATCAGTAC-1,-0.30405527223520673
PB,MS,MS,MS74594,GSM4104138_TTTACTGAGCCGCCTA-1,-0.19936781801678993
PB,MS,MS,MS74594,GSM4104138_TTTATGCGTTGCGCAC-1,0.09078539183112555
