cxcr3_group,condition,patient,cell_id,zinc_signature
CXCR3-,MS,CSF_6,AAACCTGCAATGTTGC-1,0.7888051427349565
CXCR3-,MS,CSF_6,AAACCTGCATTCCTGC-1,0.24295844036266784
CXCR3-,MS,CSF_6,AAACCTGGTGTGCCTG-1,-0.18622287777107824
CXCR3-,MS,CSF_6,AAAGATGAGCGGCTTC-1,-0.6257827587627522
CXCR3-,MS,CSF_6,AAAGATGCAGCTCGAC-1,0.7132487109498598
CXCR3-,MS,CSF_6,AACACGTGTGCTGTAT-1,0.251142448686935
CXCR3+,MS,CSF_6,AACCATGAGCACGCCT-1,-0.4869672586898331
CXCR3+,MS,CSF_6,AACCATGCAAGAAAGG-1,-0.09459890483117146
CXCR3-,MS,CSF_6,AACCATGTCCGTCAAA-1,0.5112639123136616
CXCR3-,MS,CSF_6,AACCGCGTCTAACTGG-1,0.44385662351016236
CXCR3-,MS,CSF_6,AACGTTGGTCTAGCGC-1,-0.03990156390013115
CXCR3+,MS,CSF_6,AACGTTGTCCTAGTGA-1,-0.10056797643315316
CXCR3-,MS,CSF_6,AACTGGTAGAGACTTA-1,-0.10056797643315316
CXCR3-,MS,CSF_6,AAGACCTGTAGGGTAC-1,-0.10056797643315316
CXCR3-,MS,CSF_6,AAGCCGCTCTAACTTC-1,0.39340226751265556
CXCR3-,MS,CSF_6,AAGGCAGAGTTGTAGA-1,-0.10056797643315316
CXCR3-,MS,CSF_6,ACACCAAAGGGAGTAA-1,-0.6497112022582171
CXCR3+,MS,CSF_6,ACACCAAAGTCCAGGA-1,0.16398651763490277
CXCR3-,MS,CSF_6,ACACCCTCAAAGAATC-1,0.10601011882213598
CXCR3-,MS,CSF_6,ACACCCTTCAAACCGT-1,0.2751769408463537
CXCR3-,MS,CSF_6,ACACTGATCAAGAAGT-1,0.6387659088334726
CXCR3-,MS,CSF_6,ACACTGATCAGCGACC-1,0.24910107971442993
CXCR3-,MS,CSF_6,ACAGCTAAGCGTTCCG-1,-0.10902393201483654
CXCR3+,MS,CSF_6,ACATACGGTTGCGCAC-1,0.3834046500045577
CXCR3-,MS,CSF_6,ACATACGTCAAGGTAA-1,0.11936641994962248
CXCR3+,MS,CSF_6,ACATCAGCATATACGC-1,-0.10890482583756271
CXCR3-,MS,CSF_6,ACCAGTAAGATGTTAG-1,0.08934847976564944
CXCR3-,MS,CSF_6,ACGAGCCGTACCGCTG-1,-0.04745118636421862
CXCR3-,MS,CSF_6,ACGATACAGGTGTTAA-1,0.10578985797350701
CXCR3-,MS,CSF_6,ACGATGTAGCTGGAAC-1,0.043257118095984856
CXCR3-,MS,CSF_6,ACGATGTAGCTGTTCA-1,0.3612771414272214
CXCR3-,MS,CSF_6,ACGATGTCAGCTGTTA-1,0.09406841796695757
CXCR3+,MS,CSF_6,ACGCCAGTCACTTCAT-1,-0.10056797643315316
CXCR3-,MS,CSF_6,ACGCCAGTCAGCATGT-1,0.21397081799977768
CXCR3-,MS,CSF_6,ACGCCGAAGGCGACAT-1,-0.10056797643315316
CXCR3+,MS,CSF_6,ACGCCGAGTGCAACTT-1,0.5390555730164586
CXCR3-,MS,CSF_6,ACGGAGATCGATAGAA-1,-0.10056797643315316
CXCR3-,MS,CSF_6,ACGTCAACATGAACCT-1,-0.2178478727374624
CXCR3-,MS,CSF_6,ACTATCTTCTAACTTC-1,-0.10056797643315316
CXCR3+,MS,CSF_6,ACTATCTTCTGACCTC-1,-0.06686966414759746
CXCR3-,MS,CSF_6,ACTGAACAGAATGTTG-1,-0.10056797643315316
CXCR3-,MS,CSF_6,ACTGAACAGCTGTTCA-1,-0.10056797643315316
CXCR3+,MS,CSF_6,ACTGATGAGAGGTTAT-1,-0.10056797643315316
CXCR3-,MS,CSF_6,ACTGATGAGTTGAGAT-1,0.5013074031547224
CXCR3-,MS,CSF_6,ACTTACTTCCAAGTAC-1,0.12026402676091431
CXCR3-,MS,CSF_6,ACTTGTTGTGAAAGAG-1,0.09194471182937798
CXCR3-,MS,CSF_6,ACTTTCACAGCTGCAC-1,-0.10056797643315316
CXCR3-,MS,CSF_6,AGACGTTAGCGTAGTG-1,-0.8005352917499529
CXCR3-,MS,CSF_6,AGACGTTGTTCGTGAT-1,0.1783229222273235
CXCR3-,MS,CSF_6,AGAGCGAGTACGCTGC-1,-0.24111805536922296
CXCR3-,MS,CSF_6,AGATCTGTCAACACAC-1,0.22924144960188533
CXCR3-,MS,CSF_6,AGATCTGTCTGAGGGA-1,0.5298577186225424
CXCR3-,MS,CSF_6,AGATTGCCAAGCCGCT-1,-0.3226093597500296
CXCR3-,MS,CSF_6,AGATTGCGTACCGAGA-1,-0.13058133299625424
CXCR3+,MS,CSF_6,AGCAGCCCATGAGCGA-1,0.42707278895048484
CXCR3-,MS,CSF_6,AGCAGCCTCACATAGC-1,-0.10056797643315316
CXCR3-,MS,CSF_6,AGCCTAACACCACCAG-1,-0.30066553719686234
CXCR3-,MS,CSF_6,AGCTCCTGTTGAGTTC-1,-0.10056797643315316
CXCR3+,MS,CSF_6,AGCTCCTTCTTACCTA-1,0.20735626998688156
CXCR3-,MS,CSF_6,AGGCCACCACCACGTG-1,0.3375194026258691
CXCR3-,MS,CSF_6,AGGCCGTAGGCGCTCT-1,0.2886892679259434
CXCR3+,MS,CSF_6,AGGCCGTAGTGCCAGA-1,0.18466406586594886
CXCR3-,MS,CSF_6,AGGGTGACAATGCCAT-1,0.45286232311094465
CXCR3-,MS,CSF_6,AGGTCATAGTGCAAGC-1,-0.10056797643315316
CXCR3-,MS,CSF_6,AGGTCCGGTTGCTCCT-1,0.16608923332689246
CXCR3+,MS,CSF_6,AGTAGTCGTGCGATAG-1,-0.21414171544159638
CXCR3-,MS,CSF_6,AGTGGGATCCACGAAT-1,-0.10056797643315316
CXCR3+,MS,CSF_6,ATAACGCGTGTTAAGA-1,-0.10056797643315316
CXCR3-,MS,CSF_6,ATAAGAGAGCGAAGGG-1,-0.7158291407590408
CXCR3+,MS,CSF_6,ATCATCTAGAGTAATC-1,-0.04058008847311884
CXCR3-,MS,CSF_6,ATCATGGGTAGCGCTC-1,-0.10056797643315316
CXCR3-,MS,CSF_6,ATCATGGTCAGGCCCA-1,0.34383365844822916
CXCR3-,MS,CSF_6,ATCTACTAGCTGCGAA-1,-0.11315095471960693
CXCR3-,MS,CSF_6,ATCTGCCTCCTTGGTC-1,0.2802161149477862
CXCR3+,MS,CSF_6,ATGAGGGGTAAACGCG-1,0.2376613138429789
CXCR3-,MS,CSF_6,ATGCGATAGTCTCAAC-1,0.48750096313440155
CXCR3-,MS,CSF_6,ATGCGATGTGAAAGAG-1,-0.10056797643315316
CXCR3-,MS,CSF_6,ATTCTACGTGGGTCAA-1,0.2837088582081095
CXCR3-,MS,CSF_6,ATTGGTGCACTAAGTC-1,-0.10056797643315316
CXCR3-,MS,CSF_6,ATTTCTGAGCGAAGGG-1,0.6778910498457554
CXCR3+,MS,CSF_6,CAACCAATCGTGACAT-1,0.45065880770706995
CXCR3+,MS,CSF_6,CAACTAGCAAGCGAGT-1,0.5945421201434842
CXCR3-,MS,CSF_6,CAAGATCAGGCTCTTA-1,-0.3509739047407444
CXCR3+,MS,CSF_6,CAAGTTGTCCAAAGTC-1,0.614597770673728
CXCR3-,MS,CSF_6,CACACAACACCAGGTC-1,-0.10056797643315316
CXCR3+,MS,CSF_6,CACACCTCACGGTGTC-1,0.6152997634919476
CXCR3+,MS,CSF_6,CACACCTTCCTGTACC-1,0.3090331179983662
CXCR3-,MS,CSF_6,CACACCTTCGTACGGC-1,-0.10056797643315316
CXCR3+,MS,CSF_6,CACAGGCCACCGCTAG-1,0.6919475492625509
CXCR3+,MS,CSF_6,CACAGGCTCACGATGT-1,0.06651730364507061
CXCR3-,MS,CSF_6,CACAGTAGTACAGCAG-1,-0.3156177721217133
CXCR3-,MS,CSF_6,CACAGTAGTCTAAAGA-1,0.2814044973586153
CXCR3-,MS,CSF_6,CACAGTATCATTTGGG-1,0.6877120032106486
CXCR3-,MS,CSF_6,CACATAGGTATCTGCA-1,0.18985209113981177
CXCR3-,MS,CSF_6,CACATAGTCGATGAGG-1,0.38414545608440315
CXCR3-,MS,CSF_6,CACCAGGAGCTCCCAG-1,0.1711191040296302
CXCR3-,MS,CSF_6,CACCAGGAGGTGCAAC-1,-0.10056797643315316
CXCR3-,MS,CSF_6,CACCTTGGTACCGTTA-1,-0.10056797643315316
CXCR3-,MS,CSF_6,CACCTTGGTTCCCGAG-1,0.5084619590792111
CXCR3-,MS,CSF_6,CACCTTGTCGCCGTGA-1,0.3320266157546161
CXCR3-,MS,CSF_6,CACTCCAGTTGATTCG-1,0.4542267015672529
CXCR3-,MS,CSF_6,CAGAATCTCATTATCC-1,0.3777794532023484
CXCR3-,MS,CSF_6,CAGCAGCGTTACGTCA-1,0.3764827417076666
CXCR3+,MS,CSF_6,CAGCATACACGGTAGA-1,-0.10056797643315316
CXCR3-,MS,CSF_6,CAGCCGACACACCGAC-1,0.13345419942519582
CXCR3-,MS,CSF_6,CAGCCGATCCTAAGTG-1,0.07370603390644145
CXCR3-,MS,CSF_6,CAGCTAACATCGGGTC-1,-0.10056797643315316
CXCR3-,MS,CSF_6,CAGCTGGGTACATCCA-1,0.3927473052863536
CXCR3-,MS,CSF_6,CAGGTGCAGTTAACGA-1,0.36826076468938357
CXCR3-,MS,CSF_6,CAGGTGCGTAAAGGAG-1,0.2910458215216237
CXCR3-,MS,CSF_6,CAGTAACGTCCTCTTG-1,0.48608631658357737
CXCR3-,MS,CSF_6,CATATGGCATTTCACT-1,0.1706955050759394
CXCR3-,MS,CSF_6,CATCAAGAGACCTAGG-1,-0.10056797643315316
CXCR3+,MS,CSF_6,CATCAAGGTTTCGCTC-1,0.363494616412993
CXCR3-,MS,CSF_6,CATGACACACATAACC-1,0.1515621332125594
CXCR3-,MS,CSF_6,CATGACACAGGGCATA-1,0.6870240021973768
CXCR3+,MS,CSF_6,CATGCCTTCAGTCAGT-1,-0.6066672291205933
CXCR3-,MS,CSF_6,CATGCCTTCCACGAAT-1,0.16856423947065477
CXCR3-,MS,CSF_6,CATGGCGCAGCCAATT-1,0.21773452529520032
CXCR3-,MS,CSF_6,CATTCGCGTCGGCTCA-1,0.6707181654250397
CXCR3-,MS,CSF_6,CCACCTATCGTAGGAG-1,0.43814023443931677
CXCR3-,MS,CSF_6,CCACGGAGTTGGAGGT-1,-0.3604456057643032
CXCR3-,MS,CSF_6,CCACGGATCTTCGAGA-1,0.07686753226205563
CXCR3-,MS,CSF_6,CCAGCGAAGGATCGCA-1,-0.10056797643315316
CXCR3+,MS,CSF_6,CCAGCGATCAACACGT-1,-0.3825738975123238
CXCR3+,MS,CSF_6,CCCTCCTAGATGTTAG-1,0.055677152751188806
CXCR3-,MS,CSF_6,CCTACACGTGCAACTT-1,0.5263228295351505
CXCR3+,MS,CSF_6,CCTAGCTCATGGAATA-1,-0.36926567219099204
CXCR3-,MS,CSF_6,CCTAGCTTCGACGGAA-1,-0.3250160432409545
CXCR3-,MS,CSF_6,CCTCTGAAGCGATTCT-1,0.8199735992338544
CXCR3+,MS,CSF_6,CCTCTGACAAGTACCT-1,-0.22784859791799944
CXCR3-,MS,CSF_6,CCTTTCTCAGCCAATT-1,-0.10056797643315316
CXCR3-,MS,CSF_6,CCTTTCTGTATGAATG-1,0.3641551545791568
CXCR3-,MS,CSF_6,CGAACATGTCGGATCC-1,-0.10056797643315316
CXCR3-,MS,CSF_6,CGAACATGTTATCGGT-1,0.059375248647629345
CXCR3-,MS,CSF_6,CGAACATTCAGGCCCA-1,1.2639321792859466
CXCR3-,MS,CSF_6,CGAATGTCAAGCCTAT-1,-0.10056797643315316
CXCR3-,MS,CSF_6,CGACTTCTCCTTGCCA-1,-0.10056797643315316
CXCR3-,MS,CSF_6,CGAGAAGGTGCCTTGG-1,0.41831957065185665
CXCR3+,MS,CSF_6,CGAGCCAGTACAGTTC-1,0.3861565320536989
CXCR3-,MS,CSF_6,CGAGCCATCTTCAACT-1,0.38186441888524814
CXCR3+,MS,CSF_6,CGATGGCTCAAAGACA-1,0.19186687799576285
CXCR3+,MS,CSF_6,CGATGTAAGGATGCGT-1,-0.10056797643315316
CXCR3+,MS,CSF_6,CGATGTAGTCGGATCC-1,-0.2489756655584769
CXCR3-,MS,CSF_6,CGATTGACATTCTCAT-1,0.6443808795069257
CXCR3+,MS,CSF_6,CGCCAAGCATCCGCGA-1,-0.39744328760137876
CXCR3-,MS,CSF_6,CGCGTTTTCCCGGATG-1,-0.10056797643315316
CXCR3+,MS,CSF_6,CGCTGGAAGACTAGAT-1,-0.057632636580727405
CXCR3-,MS,CSF_6,CGCTGGATCACTTACT-1,0.051668520154046056
CXCR3-,MS,CSF_6,CGCTTCAAGGAGTTTA-1,-0.05478768111642994
CXCR3-,MS,CSF_6,CGGACTGAGCCACTAT-1,0.1958223274870973
CXCR3-,MS,CSF_6,CGGAGCTAGGGCACTA-1,-0.3434051251872135
CXCR3-,MS,CSF_6,CGGAGTCAGCCACGTC-1,-0.16545344336277332
CXCR3+,MS,CSF_6,CGGAGTCTCAACCATG-1,-0.05069946909886215
CXCR3-,MS,CSF_6,CGGGTCATCCAGAAGG-1,-0.5552545275183127
CXCR3-,MS,CSF_6,CGGGTCATCGCCAAAT-1,0.509606227390086
CXCR3-,MS,CSF_6,CGGTTAAAGCTCTCGG-1,0.04176966831903249
CXCR3-,MS,CSF_6,CGGTTAACAAGCGCTC-1,0.36514650238580354
CXCR3+,MS,CSF_6,CGTAGCGAGCAAATCA-1,0.11532858030889048
CXCR3-,MS,CSF_6,CGTAGCGCAGTATAAG-1,-0.10056797643315316
CXCR3-,MS,CSF_6,CGTCACTAGGATTCGG-1,-0.10056797643315316
CXCR3-,MS,CSF_6,CGTCACTCAAGTAGTA-1,0.0984186462959816
CXCR3-,MS,CSF_6,CGTCACTCAGTAACGG-1,0.19828663526661927
CXCR3+,MS,CSF_6,CGTCAGGGTCACCCAG-1,0.3423263498245394
CXCR3+,MS,CSF_6,CGTCCATGTGACCAAG-1,0.43254222361512956
CXCR3-,MS,CSF_6,CGTCTACAGAGAGCTC-1,-0.10056797643315316
CXCR3-,MS,CSF_6,CGTCTACCAGTCGTGC-1,0.17178367657962407
CXCR3-,MS,CSF_6,CGTGAGCCAGACGCAA-1,-0.4252647381939591
CXCR3-,MS,CSF_6,CGTGTAAGTATCGCAT-1,0.7504186658410287
CXCR3+,MS,CSF_6,CGTGTAAGTCTTCGTC-1,0.07474371664882463
CXCR3-,MS,CSF_6,CGTGTCTAGCTTTGGT-1,0.22618991150015852
CXCR3+,MS,CSF_6,CGTGTCTGTAGAGCTG-1,-0.21145457541541782
CXCR3-,MS,CSF_6,CGTGTCTGTCGACTAT-1,-0.10056797643315316
CXCR3-,MS,CSF_6,CGTTAGACATCGTCGG-1,0.602440640575817
CXCR3-,MS,CSF_6,CGTTCTGCATTTGCCC-1,0.28267103185070147
CXCR3-,MS,CSF_6,CTAACTTTCACAAACC-1,0.8754845668805754
CXCR3-,MS,CSF_6,CTAAGACGTGTTTGTG-1,0.1877274716204256
CXCR3-,MS,CSF_6,CTACACCCATGCAACT-1,-0.10056797643315316
CXCR3-,MS,CSF_6,CTACATTCAATCAGAA-1,-0.4914251520049541
CXCR3-,MS,CSF_6,CTACCCAAGTGTCCCG-1,0.373505671235136
CXCR3-,MS,CSF_6,CTACGTCCACGACGAA-1,0.2396865493438773
CXCR3-,MS,CSF_6,CTAGAGTGTGTGGCTC-1,0.28073428418875074
CXCR3-,MS,CSF_6,CTAGTGACATTTCACT-1,0.6780094052010953
CXCR3-,MS,CSF_6,CTCAGAAAGAGACGAA-1,0.40426044988793486
CXCR3-,MS,CSF_6,CTCAGAAGTGCAGACA-1,0.1652633120429419
CXCR3-,MS,CSF_6,CTCAGAATCCAAGCCG-1,0.914812002431335
CXCR3-,MS,CSF_6,CTCGAGGTCAGGTAAA-1,-0.24229755774140932
CXCR3-,MS,CSF_6,CTCGGAGCAAGCGCTC-1,0.3856709318017093
CXCR3-,MS,CSF_6,CTCGTACCAGCGTTCG-1,-0.5132424284542819
CXCR3+,MS,CSF_6,CTCGTCACAATCCGAT-1,-0.22171057603273825
CXCR3-,MS,CSF_6,CTCTGGTTCATGTCTT-1,-0.3618119964703916
CXCR3-,MS,CSF_6,CTGAAACAGATGTGGC-1,-0.10056797643315316
CXCR3+,MS,CSF_6,CTGATCCGTTCTGTTT-1,-0.2256314137771305
CXCR3+,MS,CSF_6,CTGCCTAAGCTGTCTA-1,-0.17990977279650386
CXCR3-,MS,CSF_6,CTGCCTACAATGGAGC-1,-0.13116026688146118
CXCR3-,MS,CSF_6,CTGCTGTAGAACTCGG-1,0.24903973829334047
CXCR3-,MS,CSF_6,CTGCTGTGTTGAGTTC-1,-0.19473889446354195
CXCR3-,MS,CSF_6,CTGTGCTCAACTTGAC-1,0.4862989729081746
CXCR3-,MS,CSF_6,CTGTTTATCCCAAGAT-1,0.11777066528978401
CXCR3-,MS,CSF_6,CTTAACTAGTGTGGCA-1,0.08695324908728583
CXCR3-,MS,CSF_6,CTTAGGATCATATCGG-1,-0.33163312193576927
CXCR3-,MS,CSF_6,CTTCTCTCAAGAAGAG-1-1,0.4564780070408398
CXCR3-,MS,CSF_6,CTTGGCTCATGCTGGC-1,0.16000526823307173
CXCR3-,MS,CSF_6,CTTGGCTGTAGCCTCG-1,0.31950013891527745
CXCR3-,MS,CSF_6,GAACGGATCTACCAGA-1,0.11869561873284407
CXCR3-,MS,CSF_6,GAAGCAGGTTTAAGCC-1,0.1481719694715309
CXCR3-,MS,CSF_6,GAAGCAGTCATGCTCC-1,-0.10056797643315316
CXCR3-,MS,CSF_6,GAAGCAGTCCCACTTG-1,-0.33204804012081063
CXCR3+,MS,CSF_6,GAATAAGCATCACCCT-1,-0.5134109871168168
CXCR3-,MS,CSF_6,GAATGAAAGAAACCAT-1,0.3813200984953858
CXCR3-,MS,CSF_6,GACCAATCAATTCCTT-1,0.09093267151554396
CXCR3-,MS,CSF_6,GACTAACTCCATGAGT-1,-0.24084269443066608
CXCR3-,MS,CSF_6,GACTACAAGGTTACCT-1,0.13125564324581532
CXCR3+,MS,CSF_6,GAGCAGAAGCCAGTAG-1,0.42126252607998876
CXCR3-,MS,CSF_6,GAGCAGACAAACTGCT-1,0.057248223085037096
CXCR3-,MS,CSF_6,GAGCAGATCTCAACTT-1,0.0887649371098598
CXCR3+,MS,CSF_6,GAGGTGAAGAGTCTGG-1,0.1080577390563268
CXCR3+,MS,CSF_6,GAGGTGATCAGCGATT-1,0.2773559186539959
CXCR3-,MS,CSF_6,GATCAGTCAAGCCGCT-1,0.1225914848235006
CXCR3+,MS,CSF_6,GATCGATAGCGAAGGG-1,0.2191103088093697
CXCR3+,MS,CSF_6,GATCTAGAGTATGACA-1,0.15705872600605922
CXCR3-,MS,CSF_6,GATCTAGCAACGATGG-1,0.3732639610267717
CXCR3+,MS,CSF_6,GATCTAGGTAGCGTGA-1,-0.10056797643315316
CXCR3-,MS,CSF_6,GATCTAGTCATTATCC-1,0.11693088835829867
CXCR3+,MS,CSF_6,GATGCTATCGCACTCT-1,-0.2638079686935507
CXCR3-,MS,CSF_6,GATTCAGTCGCTTAGA-1,-0.639337566497767
CXCR3-,MS,CSF_6,GCAAACTGTCAACTGT-1,0.6039670144476634
CXCR3-,MS,CSF_6,GCAATCATCTCGTTTA-1,0.6345697784315955
CXCR3-,MS,CSF_6,GCACTCTGTAAGTTCC-1,-0.10056797643315316
CXCR3-,MS,CSF_6,GCAGCCAAGTCCAGGA-1,-0.32081954103272825
CXCR3+,MS,CSF_6,GCATGCGAGGATTCGG-1,-0.30754025797519297
CXCR3-,MS,CSF_6,GCATGCGTCTAGCACA-1,-0.19645009743682623
CXCR3-,MS,CSF_6,GCATGTAAGTGGGCTA-1,0.10947704442278867
CXCR3-,MS,CSF_6,GCATGTAGTCACCCAG-1,0.11464562129459248
CXCR3-,MS,CSF_6,GCATGTAGTTATCGGT-1,0.08362718802221822
CXCR3-,MS,CSF_6,GCCTCTAAGAGTGAGA-1,-0.10056797643315316
CXCR3-,MS,CSF_6,GCGAGAAAGCTACCTA-1,0.2788372877118365
CXCR3-,MS,CSF_6,GCGCAGTCAGATCGGA-1,-0.10056797643315316
CXCR3+,MS,CSF_6,GCGCCAACACTGTGTA-1,0.06098981160500639
CXCR3-,MS,CSF_6,GCGCGATAGTTCGCGC-1,0.492014301161075
CXCR3-,MS,CSF_6,GCTCTGTTCATGCATG-1,-0.21595405683872254
CXCR3-,MS,CSF_6,GCTCTGTTCCTCAACC-1,0.22159686016408603
CXCR3-,MS,CSF_6,GCTGCAGTCTCCAACC-1,-0.10056797643315316
CXCR3+,MS,CSF_6,GCTTCCACATCACAAC-1,0.6997379259571554
CXCR3-,MS,CSF_6,GCTTGAACAGGCTGAA-1,0.19961984216111994
CXCR3-,MS,CSF_6,GCTTGAAGTATGCTTG-1,0.93033775503298
CXCR3-,MS,CSF_6,GGACATTAGCGTAATA-1,-0.10056797643315316
CXCR3+,MS,CSF_6,GGACGTCTCACAAACC-1,-0.3064511427147047
CXCR3-,MS,CSF_6,GGACGTCTCCGAGCCA-1,0.33953838254764307
CXCR3-,MS,CSF_6,GGCCGATAGCGCTTAT-1,0.7566753317118238
CXCR3+,MS,CSF_6,GGCCGATCAACTGCTA-1,0.037199309424700365
CXCR3-,MS,CSF_6,GGCTCGATCAAACAAG-1,0.08075053698959299
CXCR3-,MS,CSF_6,GGGAATGAGAATGTGT-1,0.307165334885366
CXCR3-,MS,CSF_6,GGGAATGCAAGAAGAG-1,0.12435789198157769
CXCR3-,MS,CSF_6,GGGACCTCAAGCTGGA-1,0.20135339063793248
CXCR3+,MS,CSF_6,GGGACCTTCATAGCAC-1,0.3230979620839246
CXCR3-,MS,CSF_6,GGGAGATAGAGACTTA-1,0.3087718594486666
CXCR3-,MS,CSF_6,GGGAGATTCAGTTGAC-1,-0.10056797643315316
CXCR3-,MS,CSF_6,GGGATGAGTCCTAGCG-1,-0.10056797643315316
CXCR3-,MS,CSF_6,GGGCACTTCGCATGAT-1,-0.07572905375039914
CXCR3-,MS,CSF_6,GGGTCTGGTGTGACCC-1,0.12068733491332383
CXCR3-,MS,CSF_6,GGGTCTGTCGCTAGCG-1,0.05779564299818111
CXCR3-,MS,CSF_6,GGGTTGCGTAAGGGAA-1,0.2942391313705656
CXCR3+,MS,CSF_6,GGGTTGCTCACCACCT-1,-0.24102990167488994
CXCR3-,MS,CSF_6,GGTGAAGCAACGATGG-1,-0.10056797643315316
CXCR3-,MS,CSF_6,GGTGCGTGTTTGGGCC-1,0.21617541414634486
CXCR3-,MS,CSF_6,GGTGTTAAGTAGTGCG-1,-0.32476243264510174
CXCR3+,MS,CSF_6,GTAACGTGTCATCGGC-1,-0.10056797643315316
CXCR3-,MS,CSF_6,GTACGTAGTAGCGTGA-1,0.22096664240537697
CXCR3-,MS,CSF_6,GTACTCCAGTGCCATT-1,0.17338302806191258
CXCR3-,MS,CSF_6,GTACTCCCAGCCACCA-1,0.12064664897582955
CXCR3+,MS,CSF_6,GTACTTTGTCACAAGG-1,-0.21707046078448547
CXCR3-,MS,CSF_6,GTAGGCCCAGTCAGCC-1,-0.3977419867465189
CXCR3-,MS,CSF_6,GTATTCTAGCGAGAAA-1,-0.10056797643315316
CXCR3-,MS,CSF_6,GTCATTTAGGGCATGT-1,-0.2368105093776101
CXCR3-,MS,CSF_6,GTCGGGTAGAGTCTGG-1,0.21134029291394268
CXCR3-,MS,CSF_6,GTCGTAACAGTCGTGC-1,-0.10056797643315316
CXCR3-,MS,CSF_6,GTGAAGGTCGGTTCGG-1,-0.10056797643315316
CXCR3-,MS,CSF_6,GTGCAGCTCGCGATCG-1,0.21971955436140073
CXCR3+,MS,CSF_6,GTGCATAGTCCCTTGT-1,-0.10056797643315316
CXCR3-,MS,CSF_6,GTGCATATCGAGAACG-1,0.3285651332020671
CXCR3-,MS,CSF_6,GTGGGTCAGGTAAACT-1,-0.10056797643315316
CXCR3+,MS,CSF_6,GTTCATTGTTCACCTC-1,-0.520961806337502
CXCR3-,MS,CSF_6,GTTCATTTCGGAATCT-1,-0.6622083302964781
CXCR3-,MS,CSF_6,GTTCGGGAGCCGATTT-1,0.08171995105479699
CXCR3-,MS,CSF_6,GTTCGGGCACCTCGGA-1,0.19699912193334498
CXCR3-,MS,CSF_6,GTTCTCGGTGTAACGG-1,0.38507656328287104
CXCR3+,MS,CSF_6,GTTTCTACAGGTCTCG-1,0.2627527722260615
CXCR3+,MS,CSF_6,GTTTCTATCGGCGGTT-1,-0.7958671766949473
CXCR3-,MS,CSF_6,TAAGCGTGTCTAGTCA-1,0.36680738649069417
CXCR3-,MS,CSF_6,TAAGCGTGTTTCGCTC-1,0.31439165143141967
CXCR3-,MS,CSF_6,TAAGTGCAGGTCATCT-1,-0.10056797643315316
CXCR3-,MS,CSF_6,TACAGTGCAGATGGCA-1,-0.5720109756101086
CXCR3-,MS,CSF_6,TACCTATGTGCCTTGG-1,0.18072944173224753
CXCR3-,MS,CSF_6,TACGGATAGAAGGCCT-1,-0.10056797643315316
CXCR3+,MS,CSF_6,TACGGTAGTTAAGACA-1,-0.10056797643315316
CXCR3-,MS,CSF_6,TACTCGCCAAGCGATG-1,-0.10056797643315316
CXCR3+,MS,CSF_6,TACTTACGTAACGCGA-1,0.0539580942813321
CXCR3-,MS,CSF_6,TAGAGCTAGCGTAGTG-1,-0.12458664049831185
CXCR3-,MS,CSF_6,TAGAGCTCAAGGTTTC-1,-0.35353138439909576
CXCR3+,MS,CSF_6,TAGAGCTGTTCATGGT-1,0.20615099406009518
CXCR3-,MS,CSF_6,TAGGCATTCGAATGCT-1,-0.39668880444909294
CXCR3-,MS,CSF_6,TCAACGAAGACCTTTG-1,0.2123348439334969
CXCR3-,MS,CSF_6,TCAACGACACCAACCG-1,0.15544176607847046
CXCR3-,MS,CSF_6,TCAACGATCCCGGATG-1,0.03583615267856323
CXCR3-,MS,CSF_6,TCAATCTGTCAGTGGA-1,0.2563229914479977
CXCR3-,MS,CSF_6,TCACAAGCACCCATTC-1,0.17101002936199552
CXCR3-,MS,CSF_6,TCACAAGCAGCCACCA-1,0.06123532351208622
CXCR3-,MS,CSF_6,TCAGATGAGAACAACT-1,0.47749910285006286
CXCR3-,MS,CSF_6,TCAGATGAGTCCGGTC-1,0.24306674389022603
CXCR3-,MS,CSF_6,TCAGATGTCTTGTATC-1,0.14410557593905257
CXCR3-,MS,CSF_6,TCAGCAACATCACCCT-1,-0.5178043983691317
CXCR3-,MS,CSF_6,TCAGCAAGTCGGATCC-1,0.17501995124168004
CXCR3-,MS,CSF_6,TCAGCTCTCTAACGGT-1,0.08026701201409532
CXCR3-,MS,CSF_6,TCAGGATCACATGACT-1,-0.10056797643315316
CXCR3-,MS,CSF_6,TCAGGATTCTTCGGTC-1,0.11411622217277073
CXCR3-,MS,CSF_6,TCATTACAGATACACA-1,0.05801869382369233
CXCR3-,MS,CSF_6,TCATTTGGTCTAGAGG-1,-0.013770922110781927
CXCR3-,MS,CSF_6,TCCACACCAGAGTGTG-1,0.36321990921279784
CXCR3-,MS,CSF_6,TCCACACGTACTTCTT-1,-0.3382045256533959
CXCR3-,MS,CSF_6,TCGCGAGCAAGTAGTA-1,-0.10056797643315316
CXCR3-,MS,CSF_6,TCGCGTTCACTGCCAG-1,-0.4312938044409096
CXCR3-,MS,CSF_6,TCGGGACAGAGATGAG-1,0.5915375907495226
CXCR3-,MS,CSF_6,TCGGGACAGTGTGAAT-1,0.2526234463096112
CXCR3+,MS,CSF_6,TCGGGACGTCCGCTGA-1,0.14621824957124444
CXCR3-,MS,CSF_6,TCGGTAAAGAAACGCC-1,0.24421481021504338
CXCR3+,MS,CSF_6,TCGGTAAGTTAGGGTG-1,0.3808558248317505
CXCR3-,MS,CSF_6,TCGTACCTCCACGCAG-1,-0.5159343587738104
CXCR3+,MS,CSF_6,TCGTAGATCCTCCTAG-1,-0.25132817819555914
CXCR3-,MS,CSF_6,TCTATTGAGACAGGCT-1,-0.1186033885127937
CXCR3-,MS,CSF_6,TCTGAGAGTCATATGC-1,0.45617493178349855
CXCR3-,MS,CSF_6,TCTTCGGCAGATCTGT-1,0.11431794196085784
CXCR3-,MS,CSF_6,TCTTCGGTCGCCATAA-1,0.5869115140201616
CXCR3-,MS,CSF_6,TGAAAGAAGAGTTGGC-1,-0.09529465679825992
CXCR3-,MS,CSF_6,TGACAACAGTTCGCAT-1,0.05587930366101566
CXCR3-,MS,CSF_6,TGACAACTCCATGAGT-1,-0.03970495681487039
CXCR3-,MS,CSF_6,TGACGGCGTGTGCGTC-1,0.5034163113354079
CXCR3-,MS,CSF_6,TGAGCATCACTCTGTC-1,-0.10056797643315316
CXCR3+,MS,CSF_6,TGAGCATCACTGTTAG-1,-0.03328660612638363
CXCR3+,MS,CSF_6,TGAGCCGCAGACGCAA-1,-0.20562094940742545
CXCR3-,MS,CSF_6,TGAGGGAGTGACGGTA-1,0.11001378720687015
CXCR3-,MS,CSF_6,TGCACCTGTCAACATC-1,0.46587797409742254
CXCR3-,MS,CSF_6,TGCCAAATCCTCAATT-1,-0.10056797643315316
CXCR3-,MS,CSF_6,TGCGCAGAGGGTCGAT-1,0.1826991100806819
CXCR3+,MS,CSF_6,TGCGTGGCAGACAGGT-1,0.3150783519521984
CXCR3-,MS,CSF_6,TGCGTGGGTGTGAAAT-1,-0.10056797643315316
CXCR3-,MS,CSF_6,TGCTACCAGGAGTTTA-1,0.35305133729592253
CXCR3-,MS,CSF_6,TGCTACCGTGATAAAC-1,-0.09079201159230528
CXCR3+,MS,CSF_6,TGCTGCTAGTCCCACG-1,-0.10612845102661402
CXCR3-,MS,CSF_6,TGGCCAGTCTGTACGA-1,-0.19578942996008883
CXCR3+,MS,CSF_6,TGGCGCAAGTGTCTCA-1,0.21846523803902893
CXCR3-,MS,CSF_6,TGGCGCAGTCCCTTGT-1,-0.2173443522665858
CXCR3+,MS,CSF_6,TGGTTAGAGAAACCTA-1,0.06537268811837196
CXCR3-,MS,CSF_6,TGGTTAGCATCTCGCT-1,0.09788086312302921
CXCR3-,MS,CSF_6,TGGTTAGTCATATCGG-1,-0.7528028195987256
CXCR3-,MS,CSF_6,TGGTTCCAGTTGAGAT-1,-0.12158733973645812
CXCR3-,MS,CSF_6,TGTATTCGTTAGTGGG-1,0.817328664256069
CXCR3-,MS,CSF_6,TGTGGTAGTGATGATA-1,0.14069184378547608
CXCR3-,MS,CSF_6,TGTGTTTAGTAGGCCA-1,0.42589688066422254
CXCR3-,MS,CSF_6,TGTTCCGTCAAACAAG-1,-0.10056797643315316
CXCR3-,MS,CSF_6,TGTTCCGTCGTACGGC-1,0.08871802992195786
CXCR3-,MS,CSF_6,TTAGGACGTAAACGCG-1,0.07798080268859606
CXCR3-,MS,CSF_6,TTAGGACTCTAGAGTC-1,0.06553414916739661
CXCR3-,MS,CSF_6,TTAGGCATCTGCGTAA-1,-0.10056797643315316
CXCR3-,MS,CSF_6,TTATGCTTCAGTTCGA-1,0.6423268154869158
CXCR3-,MS,CSF_6,TTATGCTTCGCGTAGC-1,0.18440714918888704
CXCR3-,MS,CSF_6,TTCCCAGAGGGAAACA-1,0.3933218278284712
CXCR3-,MS,CSF_6,TTCGAAGCACCTATCC-1,-0.10056797643315316
CXCR3+,MS,CSF_6,TTCGAAGCATGCGCAC-1,0.2698294010558094
CXCR3-,MS,CSF_6,TTCGGTCGTATGAAAC-1,-0.10056797643315316
CXCR3-,MS,CSF_6,TTCGGTCTCGCTAGCG-1,0.24891131851584136
CXCR3-,MS,CSF_6,TTCTACACATCACGAT-1,0.24316354796166717
CXCR3-,MS,CSF_6,TTCTACATCACAAACC-1,0.8655980578760026
CXCR3-,MS,CSF_6,TTCTCCTAGAATGTTG-1,0.27947030219853947
CXCR3-,MS,CSF_6,TTCTCCTTCTTAGCCC-1,-0.10056797643315316
CXCR3-,MS,CSF_6,TTGAACGGTCTCCCTA-1,-0.29913750479432694
CXCR3-,MS,CSF_6,TTGCGTCTCCTTTCGG-1,0.1702522222787875
CXCR3-,MS,CSF_6,TTGGAACCAAATACAG-1,0.7131162837994335
CXCR3-,MS,CSF_6,TTGGCAAAGTGTCCCG-1,0.10944252087505564
CXCR3-,MS,CSF_6,TTTACTGAGACGCAAC-1,-0.10056797643315316
CXCR3-,MS,CSF_6,TTTATGCAGTAGTGCG-1,0.11270607416218738
CXCR3+,MS,CSF_6,TTTCCTCTCTTGCAAG-1,0.966719195295681
CXCR3-,MS,CSF_6,TTTGTCAGTTCGTGAT-1,-0.43901962558575713
CXCR3-,MS,CSF_7,AAACCTGCAGTATGCT-1,-0.21376333629554511
CXCR3+,MS,CSF_7,AAACGGGCACCGGAAA-1,0.31517495781850297
CXCR3-,MS,CSF_7,AAAGATGAGCTGAAAT-1,-0.10056797643315316
CXCR3+,MS,CSF_7,AAAGATGTCTAGAGTC-1,0.7543814543306032
CXCR3-,MS,CSF_7,AACCATGGTGCCTGTG-1,-0.10056797643315316
CXCR3+,MS,CSF_7,AACTCAGAGCCACGTC-1,0.381115705565309
CXCR3-,MS,CSF_7,AAGCCGCCAGACAAGC-1,-0.0564375210662603
CXCR3-,MS,CSF_7,AAGGCAGCATTAACCG-1,-0.7916317312322319
CXCR3+,MS,CSF_7,AAGGTTCCACCAGGCT-1,0.129071424103752
CXCR3-,MS,CSF_7,AAGGTTCGTCATGCAT-1,-0.10056797643315316
CXCR3-,MS,CSF_7,AAGTCTGAGGACATTA-1,-0.6489503522826467
CXCR3+,MS,CSF_7,AAGTCTGCATGTCGAT-1,0.1235910935770846
CXCR3-,MS,CSF_7,ACACCAAAGGAGCGAG-1,-0.46282946497966104
CXCR3-,MS,CSF_7,ACATACGCATGGATGG-1,-0.20643007106163822
CXCR3-,MS,CSF_7,ACATACGGTCATGCAT-1,0.42154391242498157
CXCR3-,MS,CSF_7,ACATCAGGTCTAGGTT-1,-0.022741766499483358
CXCR3-,MS,CSF_7,ACATCAGTCAAGCCTA-1,-0.40674041654866194
CXCR3-,MS,CSF_7,ACATGGTAGGAATCGC-1,-0.16337618987972538
CXCR3-,MS,CSF_7,ACCCACTAGGCATGTG-1,-0.025499466927663965
CXCR3+,MS,CSF_7,ACCCACTTCTGCTGTC-1,-0.033495214769585245
CXCR3-,MS,CSF_7,ACCGTAACAACAACCT-1,0.05256579381463465
CXCR3+,MS,CSF_7,ACCTTTACATAGAAAC-1,-0.10056797643315316
CXCR3-,MS,CSF_7,ACCTTTAGTAAATGAC-1,0.5211579787016228
CXCR3-,MS,CSF_7,ACCTTTAGTCTAACGT-1,-0.12052751833202259
CXCR3+,MS,CSF_7,ACGAGCCAGGAGCGAG-1,0.23146514849919164
CXCR3+,MS,CSF_7,ACGATACAGCACACAG-1,0.4295384087568221
CXCR3-,MS,CSF_7,ACGATACCATGACATC-1,0.182632361114867
CXCR3+,MS,CSF_7,ACGATACGTTGAGTTC-1,-0.4122457249153326
CXCR3-,MS,CSF_7,ACGATACTCCACTGGG-1,0.07092844455675797
CXCR3+,MS,CSF_7,ACGATGTTCCTTTCGG-1,0.12101259226607261
CXCR3-,MS,CSF_7,ACGCAGCCACTGTCGG-1,0.18056753845636672
CXCR3-,MS,CSF_7,ACGCCAGAGAATAGGG-1,-0.0360410390135583
CXCR3-,MS,CSF_7,ACGGCCACAAACAACA-1,-0.10056797643315316
CXCR3+,MS,CSF_7,ACGTCAAGTCATACTG-1,0.269778627431959
CXCR3-,MS,CSF_7,ACTATCTAGTTCGATC-1,0.21640395608004553
CXCR3+,MS,CSF_7,ACTGATGCACAGACAG-1,0.3763227380099834
CXCR3-,MS,CSF_7,ACTTACTGTACCCAAT-1,0.17358573405168867
CXCR3-,MS,CSF_7,AGAGCGAAGGTGCTAG-1,-0.15892572850927028
CXCR3-,MS,CSF_7,AGAGCGACAACCGCCA-1,0.06416420118076407
CXCR3-,MS,CSF_7,AGAGCGAGTCGAACAG-1,0.08025468493158892
CXCR3-,MS,CSF_7,AGAGCGATCTGGCGTG-1,0.27233043950124863
CXCR3-,MS,CSF_7,AGAGCTTAGTGTTTGC-1,-0.2453666417555666
CXCR3-,MS,CSF_7,AGAGCTTGTTCGCGAC-1,0.42164175073521964
CXCR3-,MS,CSF_7,AGCGTCGCACGCCAGT-1,-0.10056797643315316
CXCR3+,MS,CSF_7,AGCTCCTTCCGTACAA-1,-0.5404766090730941
CXCR3+,MS,CSF_7,AGCTTGAAGTGGAGAA-1,-0.32371468546851095
CXCR3+,MS,CSF_7,AGGGTGAAGTGCAAGC-1,0.43639581806398026
CXCR3-,MS,CSF_7,AGGTCATAGTCAATAG-1,0.09138179254754444
CXCR3-,MS,CSF_7,AGTAGTCAGCTGGAAC-1,-0.11637431255666476
CXCR3-,MS,CSF_7,AGTGGGAAGACGCTTT-1,0.022305122172589873
CXCR3-,MS,CSF_7,ATAACGCGTACAGCAG-1,0.35615570117513645
CXCR3-,MS,CSF_7,ATAAGAGGTCAAAGCG-1,0.136801522638811
CXCR3-,MS,CSF_7,ATAGACCAGACGCAAC-1,0.7993334947576253
CXCR3+,MS,CSF_7,ATAGACCTCTGCTGCT-1,-0.051913477754710766
CXCR3+,MS,CSF_7,ATCACGAGTAAGCACG-1,0.2818369746669807
CXCR3-,MS,CSF_7,ATCATCTAGCTACCGC-1,0.6983047842466164
CXCR3+,MS,CSF_7,ATCCGAACAAGTCATC-1,-0.6204027482028364
CXCR3-,MS,CSF_7,ATCCGAACATAGAAAC-1,-0.4871433248035547
CXCR3-,MS,CSF_7,ATCCGAAGTTAAGAAC-1,0.17367733788055326
CXCR3+,MS,CSF_7,ATCTACTGTCTAGAGG-1,-0.12185048912213681
CXCR3+,MS,CSF_7,ATCTGCCGTCTGATTG-1,-0.10056797643315316
CXCR3-,MS,CSF_7,ATCTGCCTCTCCAACC-1,-0.9279404348093445
CXCR3+,MS,CSF_7,ATTACTCGTTAAGAAC-1,0.2739231624783699
CXCR3-,MS,CSF_7,ATTGGTGCATTGTGCA-1,-0.9244089603123109
CXCR3-,MS,CSF_7,CAACCAAAGCCACTAT-1,0.15266717392497853
CXCR3-,MS,CSF_7,CAACCTCCAGGGAGAG-1,0.4315140646512923
CXCR3-,MS,CSF_7,CAACTAGTCTCCCTGA-1,-0.08863771235790509
CXCR3+,MS,CSF_7,CAAGAAAGTGGGTCAA-1,-0.10056797643315316
CXCR3-,MS,CSF_7,CAAGAAATCGGTGTTA-1,-0.10056797643315316
CXCR3-,MS,CSF_7,CAAGATCCACCGAATT-1,-0.10056797643315316
CXCR3+,MS,CSF_7,CAAGTTGTCCTATGTT-1,-0.10081547881983165
CXCR3-,MS,CSF_7,CACACCTAGACACTAA-1,-0.10056797643315316
CXCR3+,MS,CSF_7,CACACTCCATTACCTT-1,0.5314906323760081
CXCR3-,MS,CSF_7,CACATTTGTCTAGCCG-1,0.06411237417111412
CXCR3-,MS,CSF_7,CACATTTTCGGTCCGA-1,-0.025389492519568697
CXCR3-,MS,CSF_7,CACCACTAGTGCCAGA-1,-0.0902648422733069
CXCR3+,MS,CSF_7,CAGAATCCACATTCGA-1,0.3196783655568323
CXCR3-,MS,CSF_7,CAGCATAGTGCATCTA-1,0.3383352151973451
CXCR3-,MS,CSF_7,CAGCGACTCTCCTATA-1,0.25240946619802684
CXCR3+,MS,CSF_7,CAGCTAACAGCTTCGG-1,-0.0242616055750788
CXCR3+,MS,CSF_7,CATCAGATCTGTCTAT-1,-0.10056797643315316
CXCR3-,MS,CSF_7,CATGACAAGGAGCGTT-1,-0.2594201908874957
CXCR3-,MS,CSF_7,CATTATCTCCGCGGTA-1,-0.5396737182368163
CXCR3-,MS,CSF_7,CCAATCCTCCTCAACC-1,0.15822849529996416
CXCR3+,MS,CSF_7,CCAGCGAAGCCGCCTA-1,0.3709515292044883
CXCR3-,MS,CSF_7,CCCAGTTGTCACCCAG-1,0.11404182008784224
CXCR3-,MS,CSF_7,CCGGTAGGTCTTGCGG-1,0.058316297510816226
CXCR3-,MS,CSF_7,CCGTACTAGAAGGCCT-1,0.3015267824289059
CXCR3-,MS,CSF_7,CCGTACTCAAGTAGTA-1,-0.10056797643315316
CXCR3-,MS,CSF_7,CCGTTCATCCTGCAGG-1,-0.029740938122699827
CXCR3-,MS,CSF_7,CCTACCAAGTAGGTGC-1,0.12180796702254858
CXCR3-,MS,CSF_7,CCTACCATCCCTTGCA-1,0.12355089958135602
CXCR3+,MS,CSF_7,CCTATTATCTGTCCGT-1,-0.10056797643315316
CXCR3-,MS,CSF_7,CCTCAGTGTTCCAACA-1,-0.10056797643315316
CXCR3-,MS,CSF_7,CCTTCGAGTATTAGCC-1,0.1565043517040779
CXCR3-,MS,CSF_7,CCTTTCTAGGTGATAT-1,-0.4475836188224509
CXCR3-,MS,CSF_7,CGAACATAGTGGAGTC-1,0.40898087328405053
CXCR3-,MS,CSF_7,CGACTTCTCGCTGATA-1,0.6035077346286027
CXCR3-,MS,CSF_7,CGAGCCAGTGCACGAA-1,0.25720314585577675
CXCR3-,MS,CSF_7,CGATGGCAGCGCTTAT-1,-0.10056797643315316
CXCR3-,MS,CSF_7,CGATGGCTCACAGTAC-1,0.0342656745104672
CXCR3-,MS,CSF_7,CGATGTAAGAAGGCCT-1,0.2193049936162653
CXCR3-,MS,CSF_7,CGATGTACATTGTGCA-1,-0.10056797643315316
CXCR3+,MS,CSF_7,CGATGTATCCAATGGT-1,0.3349263830088315
CXCR3+,MS,CSF_7,CGCCAAGTCACGCATA-1,0.15509656853951123
CXCR3+,MS,CSF_7,CGCGGTAAGACTGGGT-1,-0.24327085878154975
CXCR3-,MS,CSF_7,CGCGTTTAGGATGGAA-1,0.017478206109102723
CXCR3-,MS,CSF_7,CGCTATCAGGTGTGGT-1,-0.6845248499716957
CXCR3-,MS,CSF_7,CGCTGGAAGGAGTAGA-1,0.3935430384882023
CXCR3-,MS,CSF_7,CGGAGCTGTACTTAGC-1,-0.10056797643315316
CXCR3-,MS,CSF_7,CGGAGTCGTATGAATG-1,0.18968438484943181
CXCR3-,MS,CSF_7,CGGCTAGTCTAGAGTC-1,0.026078152410136113
CXCR3-,MS,CSF_7,CGGGTCAAGCAGGCTA-1,-0.16035716712273848
CXCR3+,MS,CSF_7,CGGGTCAAGCTGCGAA-1,-0.08100583934921281
CXCR3+,MS,CSF_7,CGTAGGCTCCTAGAAC-1,-0.47034669599953166
CXCR3-,MS,CSF_7,CGTCACTCAACTGGCC-1,-0.04261004583271664
CXCR3-,MS,CSF_7,CGTCCATCAAGTCTAC-1,-0.08699094192315912
CXCR3-,MS,CSF_7,CGTGTAATCTGAAAGA-1,0.5973657696481459
CXCR3+,MS,CSF_7,CGTTCTGAGCCAGTAG-1,-0.10145028225373147
CXCR3-,MS,CSF_7,CGTTCTGAGGCTATCT-1,-0.2221064085093166
CXCR3-,MS,CSF_7,CGTTGGGCATTGCGGC-1,-0.2908184915088515
CXCR3-,MS,CSF_7,CTAACTTGTCCGTTAA-1,0.12824477837225395
CXCR3-,MS,CSF_7,CTAATGGCAAGTACCT-1,-0.11374676360646437
CXCR3+,MS,CSF_7,CTACCCAAGTAGTGCG-1,-0.5676036455433218
CXCR3-,MS,CSF_7,CTACCCACAGGGATTG-1,0.09593065298307706
CXCR3+,MS,CSF_7,CTAGTGACAGCCTTTC-1,0.017547550738346462
CXCR3+,MS,CSF_7,CTCACACCACAAGTAA-1,-0.30386897737767754
CXCR3-,MS,CSF_7,CTCAGAAAGTCCAGGA-1,0.1263838732334666
CXCR3-,MS,CSF_7,CTCAGAATCCAACCAA-1,0.11447698312970993
CXCR3+,MS,CSF_7,CTGAAACAGAACTGTA-1,-0.10056797643315316
CXCR3-,MS,CSF_7,CTGAAACAGCTGAACG-1,0.27464701463592023
CXCR3-,MS,CSF_7,CTGAAGTAGATGAGAG-1,0.364002251794363
CXCR3-,MS,CSF_7,CTGCTGTTCACCCGAG-1,-0.10056797643315316
CXCR3+,MS,CSF_7,CTGGTCTCACCTCGTT-1,-0.43659881614866
CXCR3-,MS,CSF_7,CTGTTTAGTGAAAGAG-1,0.8353512217316389
CXCR3-,MS,CSF_7,CTTAGGAAGATGCGAC-1,-0.5053666688050884
CXCR3-,MS,CSF_7,CTTAGGAAGCAATATG-1,0.054686683498123556
CXCR3+,MS,CSF_7,CTTAGGATCCCTAATT-1,-0.3862775520501061
CXCR3-,MS,CSF_7,GAACCTACACGCTTTC-1,0.14274297315733314
CXCR3-,MS,CSF_7,GAATAAGCAACACCTA-1,-0.021931624755998018
CXCR3-,MS,CSF_7,GAATGAACACTGTCGG-1,-0.10056797643315316
CXCR3-,MS,CSF_7,GAGGTGACAGTGACAG-1,0.05669436033411283
CXCR3-,MS,CSF_7,GAGTCCGAGCTAAACA-1,0.14693099151524708
CXCR3-,MS,CSF_7,GATCGATAGAAACCAT-1,0.2954938901809153
CXCR3-,MS,CSF_7,GATCGATGTCGGCTCA-1,0.27919375612839764
CXCR3-,MS,CSF_7,GATGAGGTCCCAAGTA-1,0.008899729290787195
CXCR3-,MS,CSF_7,GATTCAGCAAGGGTCA-1,0.20150509774668254
CXCR3-,MS,CSF_7,GCAATCATCGGATGGA-1,0.19075486726928276
CXCR3-,MS,CSF_7,GCACATACACTGCCAG-1,0.23519487471149583
CXCR3-,MS,CSF_7,GCACTCTCACCGGAAA-1,-0.10056797643315316
CXCR3-,MS,CSF_7,GCAGTTAAGCTAGTGG-1,-0.10056797643315316
CXCR3+,MS,CSF_7,GCATACAGTCCGAAGA-1,-0.2546496273967617
CXCR3-,MS,CSF_7,GCATGATCAAGTCTAC-1,0.04844713063745138
CXCR3-,MS,CSF_7,GCATGATTCGGCTTGG-1,0.07991539498996195
CXCR3-,MS,CSF_7,GCCAAATCACATAACC-1,0.3088104114290479
CXCR3+,MS,CSF_7,GCGCAACTCGTACCGG-1,-0.33657644299393574
CXCR3-,MS,CSF_7,GCTCTGTGTAAACCTC-1,0.9032340546167114
CXCR3-,MS,CSF_7,GCTCTGTGTTCGCGAC-1,-0.10056797643315316
CXCR3-,MS,CSF_7,GCTCTGTTCTCTTGAT-1,0.5848084910498041
CXCR3-,MS,CSF_7,GCTGGGTCACGACGAA-1,-0.2333101314069959
CXCR3-,MS,CSF_7,GGAATAAAGTTCGATC-1,-0.24309940945192318
CXCR3-,MS,CSF_7,GGACAAGTCGCAAGCC-1,-0.10056797643315316
CXCR3-,MS,CSF_7,GGACGTCTCAGCATGT-1,-0.1662114614585324
CXCR3-,MS,CSF_7,GGAGCAACACAACGTT-1,-0.10056797643315316
CXCR3-,MS,CSF_7,GGATTACGTATGAAAC-1,0.14601455193450022
CXCR3-,MS,CSF_7,GGCAATTCACCAACCG-1,0.16017018765241603
CXCR3-,MS,CSF_7,GGCGTGTGTCGGCTCA-1,-0.10056797643315316
CXCR3-,MS,CSF_7,GGGAGATGTAAGAGAG-1,0.24932010910996252
CXCR3-,MS,CSF_7,GGGCACTGTAATCGTC-1,-0.21685391316946157
CXCR3-,MS,CSF_7,GGGCATCTCACAAACC-1,0.4895084732262282
CXCR3+,MS,CSF_7,GGGTTGCAGCTGAACG-1,0.157482788835204
CXCR3+,MS,CSF_7,GGTGAAGTCCGCGGTA-1,-0.037036741709936045
CXCR3-,MS,CSF_7,GGTGTTACACATTCGA-1,-0.08853642906574961
CXCR3-,MS,CSF_7,GTAACTGAGTACGACG-1,0.14568385805570205
CXCR3-,MS,CSF_7,GTAACTGGTCTAGCGC-1,-0.10056797643315316
CXCR3-,MS,CSF_7,GTACGTATCTACTTAC-1,1.2260811148016177
CXCR3-,MS,CSF_7,GTATTCTAGACATAAC-1,0.08107239304884706
CXCR3-,MS,CSF_7,GTCACAATCATTATCC-1,-0.1647543888571708
CXCR3+,MS,CSF_7,GTCACAATCCGAAGAG-1,0.6201161534748908
CXCR3-,MS,CSF_7,GTCATTTTCAGCAACT-1,-0.10056797643315316
CXCR3+,MS,CSF_7,GTCCTCACAGCTCGAC-1,0.3959718541281902
CXCR3-,MS,CSF_7,GTCGGGTGTCAGAAGC-1,-0.10056797643315316
CXCR3+,MS,CSF_7,GTGAAGGAGGCCATAG-1,-0.051123541952194915
CXCR3-,MS,CSF_7,GTGCTTCGTTAAAGTG-1,-0.4116632666329726
CXCR3-,MS,CSF_7,GTGCTTCTCGCATGAT-1,-0.24220108077113972
CXCR3-,MS,CSF_7,GTGGGTCAGAACAACT-1,0.17006101567127924
CXCR3+,MS,CSF_7,GTGGGTCTCAACGCTA-1,-0.23128743197716695
CXCR3+,MS,CSF_7,GTTAAGCGTACCCAAT-1,0.4616252010880918
CXCR3+,MS,CSF_7,GTTCGGGCATGCCACG-1,0.24085268829700154
CXCR3+,MS,CSF_7,TAAACCGCAAGCGAGT-1,0.11270607416218738
CXCR3-,MS,CSF_7,TAAGAGAGTGTAATGA-1,0.0029655145998704257
CXCR3+,MS,CSF_7,TAAGCGTCATCGGTTA-1,-0.5641188658670385
CXCR3-,MS,CSF_7,TACCTATAGCCATCGC-1,-0.10056797643315316
CXCR3-,MS,CSF_7,TACGGGCGTCGCGGTT-1,-0.10056797643315316
CXCR3-,MS,CSF_7,TACGGTAAGTCGTACT-1,0.10202657218685843
CXCR3-,MS,CSF_7,TACGGTATCTGATACG-1,0.29745772123201814
CXCR3+,MS,CSF_7,TACTCATTCTTACCGC-1,-0.3351986990043231
CXCR3-,MS,CSF_7,TAGACCAGTCTCGTTC-1,-0.10056797643315316
CXCR3+,MS,CSF_7,TAGTGGTGTCCTCTTG-1,0.027291838460888233
CXCR3-,MS,CSF_7,TAGTTGGTCTAACGGT-1,-0.3959885168334131
CXCR3+,MS,CSF_7,TATCAGGTCTCAAACG-1,0.21606362656404565
CXCR3+,MS,CSF_7,TATTACCTCGCCTGAG-1,0.3092598065900346
CXCR3+,MS,CSF_7,TCAACGAAGCCACGCT-1,-0.4981291656103074
CXCR3-,MS,CSF_7,TCAACGAAGTCCAGGA-1,0.36662489085841393
CXCR3-,MS,CSF_7,TCAGCAAAGACTTGAA-1,0.09734722620332216
CXCR3-,MS,CSF_7,TCAGCTCCAACTGGCC-1,0.5124915992328395
CXCR3+,MS,CSF_7,TCAGGATCACTTGGAT-1,0.2178046941628076
CXCR3-,MS,CSF_7,TCAGGATCATGCTGGC-1,0.050541125490604306
CXCR3-,MS,CSF_7,TCATTACCACCGAAAG-1,-0.7131758753915634
CXCR3-,MS,CSF_7,TCATTTGTCAACACAC-1,0.14876227882097007
CXCR3-,MS,CSF_7,TCATTTGTCCACTCCA-1,0.5805434006026606
CXCR3-,MS,CSF_7,TCCACACTCAGTTGAC-1,0.08701334109039564
CXCR3-,MS,CSF_7,TCTCATAAGTGCGATG-1,-0.5019638328499935
CXCR3+,MS,CSF_7,TCTGAGATCGGTTCGG-1,-0.3058962468166939
CXCR3-,MS,CSF_7,TCTGGAACAACTGGCC-1,0.8013441575584423
CXCR3+,MS,CSF_7,TCTGGAATCTTTAGGG-1,0.020700152847823974
CXCR3-,MS,CSF_7,TCTTCGGTCTCAAACG-1,-0.726219349716281
CXCR3-,MS,CSF_7,TGACTAGAGAAACCGC-1,-0.10056797643315316
CXCR3+,MS,CSF_7,TGACTAGCATCAGTCA-1,-0.3205020483673513
CXCR3-,MS,CSF_7,TGAGAGGAGAGCCTAG-1,0.0635613187197962
CXCR3-,MS,CSF_7,TGAGCCGCATTCGACA-1,-0.35948029222385286
CXCR3-,MS,CSF_7,TGAGGGACAAGTAGTA-1,-0.10056797643315316
CXCR3-,MS,CSF_7,TGCACCTAGTCAATAG-1,0.3247512790936405
CXCR3+,MS,CSF_7,TGCCAAACAACTGCGC-1,0.23819394933599172
CXCR3-,MS,CSF_7,TGCGCAGGTGGTACAG-1,0.1594450418409036
CXCR3+,MS,CSF_7,TGCGGGTCACCAGGTC-1,0.20543776829118984
CXCR3-,MS,CSF_7,TGTATTCTCTTGCATT-1,-0.10056797643315316
CXCR3-,MS,CSF_7,TGTCCCACACCACGTG-1,0.14876227882097007
CXCR3-,MS,CSF_7,TGTCCCAGTTACGTCA-1,0.3067570303806805
CXCR3-,MS,CSF_7,TGTTCCGCATAGACTC-1,-0.2166542963248854
CXCR3+,MS,CSF_7,TTAACTCTCCGTAGGC-1,-0.4335153111030597
CXCR3-,MS,CSF_7,TTCGGTCAGACGCAAC-1,-0.02804345867749953
CXCR3-,MS,CSF_7,TTCGGTCTCCACTCCA-1,0.2023436368949262
CXCR3+,MS,CSF_7,TTCTACACACAACGTT-1,0.13879327543856054
CXCR3-,MS,CSF_7,TTCTACACATTGTGCA-1,0.30868961642671383
CXCR3-,MS,CSF_7,TTCTCCTTCCATTCTA-1,0.16298755957731106
CXCR3+,MS,CSF_7,TTCTCCTTCCGTCATC-1,0.08216039479743109
CXCR3-,MS,CSF_7,TTCTTAGTCCGATATG-1,0.0010406776357112354
CXCR3-,MS,CSF_7,TTGACTTGTGAAGGCT-1,-0.5444099833829132
CXCR3+,MS,CSF_7,TTGCCGTAGAAGGTGA-1,0.2798385500592355
CXCR3-,MS,CSF_7,TTGCCGTTCCACGAAT-1,-0.10056797643315316
CXCR3-,MS,CSF_7,TTGGAACCAACTTGAC-1,-0.1228527421792427
CXCR3-,MS,CSF_7,TTGGCAATCGCACTCT-1,-0.6041680337329061
CXCR3+,MS,CSF_7,TTGTAGGCATCACGTA-1,0.16999449817847329
CXCR3-,MS,CSF_7,TTTGCGCAGATGGGTC-1,0.13094016258449453
CXCR3-,MS,CSF_7,TTTGCGCCAAGGGTCA-1,0.2978417561112375
CXCR3-,MS,CSF_8,AAACCTGAGTTCGATC-1,-0.10056797643315316
CXCR3-,MS,CSF_8,AAACCTGGTTTGGGCC-1,0.06475733691671191
CXCR3-,MS,CSF_8,AAACCTGTCATTGCGA-1,0.03175532255091651
CXCR3+,MS,CSF_8,AAACGGGAGGCCATAG-1,-0.10214915117204522
CXCR3+,MS,CSF_8,AAACGGGCACGGCTAC-1,0.058862884504519056
CXCR3-,MS,CSF_8,AAACGGGCACTTACGA-1,-0.10056797643315316
CXCR3-,MS,CSF_8,AAACGGGCATTAGCCA-1,0.5186511059461859
CXCR3-,MS,CSF_8,AAAGTAGAGAGTCTGG-1,-0.6291791742791579
CXCR3-,MS,CSF_8,AAAGTAGGTAAGTGTA-1,-0.10056797643315316
CXCR3-,MS,CSF_8,AACACGTGTCTCAACA-1,-0.411759516256271
CXCR3+,MS,CSF_8,AACCATGGTTATTCTC-1,-0.2418152386993195
CXCR3-,MS,CSF_8,AACGTTGGTACGCTGC-1,-0.3808746671969479
CXCR3-,MS,CSF_8,AACGTTGTCACTGGGC-1,0.24093378766401477
CXCR3+,MS,CSF_8,AACTCAGAGGCACATG-1,-0.4083391755746564
CXCR3-,MS,CSF_8,AACTCCCTCGTCGTTC-1,-0.10056797643315316
CXCR3-,MS,CSF_8,AACTGGTTCGGCGGTT-1,-0.3318481645388407
CXCR3+,MS,CSF_8,AACTTTCAGAGCCCAA-1,-0.2845422730221714
CXCR3-,MS,CSF_8,AACTTTCGTCAGTGGA-1,0.2147887422123244
CXCR3-,MS,CSF_8,AAGCCGCGTAGGCTGA-1,-0.27134425874274604
CXCR3-,MS,CSF_8,AAGGCAGAGGCCCTCA-1,0.20488782298360178
CXCR3-,MS,CSF_8,AAGGCAGGTGTTCTTT-1,-0.10056797643315316
CXCR3-,MS,CSF_8,AAGGTTCGTAATAGCA-1,-0.10056797643315316
CXCR3+,MS,CSF_8,AAGTCTGCATGTCGAT-1-1,0.14725355525416134
CXCR3-,MS,CSF_8,AAGTCTGTCTGAGGGA-1,-0.00818073799290848
CXCR3-,MS,CSF_8,AATCCAGAGAGTAAGG-1,-0.10056797643315316
CXCR3+,MS,CSF_8,AATCCAGTCAACGCTA-1,-0.5360719372216926
CXCR3-,MS,CSF_8,AATCCAGTCCAGTATG-1,0.36263596683234434
CXCR3+,MS,CSF_8,ACACCAATCAAACCAC-1,0.1897942513419902
CXCR3+,MS,CSF_8,ACACCGGCAGCCTTTC-1,0.22430340575423374
CXCR3+,MS,CSF_8,ACACCGGGTTGAGTTC-1,-0.7263499385109994
CXCR3+,MS,CSF_8,ACACTGACAGACGCTC-1,-0.2524164328869081
CXCR3+,MS,CSF_8,ACACTGATCTGCTGCT-1,-0.5301451018466173
CXCR3-,MS,CSF_8,ACAGCCGGTCACTGGC-1,0.4144345228325177
CXCR3-,MS,CSF_8,ACAGCCGGTGTTGGGA-1,-0.4621576917386661
CXCR3-,MS,CSF_8,ACAGCCGTCTTCGAGA-1,0.17975908117816752
CXCR3-,MS,CSF_8,ACAGCTATCCGAATGT-1,-0.10056797643315316
CXCR3+,MS,CSF_8,ACAGCTATCCGCGCAA-1,0.12786030403777546
CXCR3-,MS,CSF_8,ACATACGCAGGATTGG-1,-0.10056797643315316
CXCR3-,MS,CSF_8,ACATCAGCAAGAGTCG-1,-0.8279192214381706
CXCR3+,MS,CSF_8,ACATGGTAGACAGAGA-1,-0.2081340049651168
CXCR3+,MS,CSF_8,ACATGGTCAACTTGAC-1,0.3965421138656549
CXCR3-,MS,CSF_8,ACATGGTGTTAGGGTG-1,-0.3171027033428348
CXCR3-,MS,CSF_8,ACCCACTCAAGGACAC-1,-0.4391412855379545
CXCR3-,MS,CSF_8,ACCCACTGTGAGGCTA-1,-0.10056797643315316
CXCR3-,MS,CSF_8,ACCGTAAGTAGAAAGG-1,0.0701034516042376
CXCR3+,MS,CSF_8,ACCGTAATCGAATGCT-1,-0.08858790416113578
CXCR3+,MS,CSF_8,ACCGTAATCTTTACGT-1,-0.20700974240149672
CXCR3-,MS,CSF_8,ACCTTTACATCAGTAC-1,-0.09336087716815178
CXCR3-,MS,CSF_8,ACGAGCCCACCGGAAA-1,-0.2649835473693687
CXCR3-,MS,CSF_8,ACGAGCCGTCACTGGC-1,0.4828133118425755
CXCR3+,MS,CSF_8,ACGAGCCTCGGCTACG-1,-0.9328015605590902
CXCR3+,MS,CSF_8,ACGATGTCACAGCCCA-1,-0.19040401144737082
CXCR3+,MS,CSF_8,ACGATGTGTTAAGACA-1,-0.17670571449337347
CXCR3-,MS,CSF_8,ACGCAGCAGATATACG-1,0.6889449274999545
CXCR3-,MS,CSF_8,ACGGGCTGTATCTGCA-1,-0.2291451379375804
CXCR3-,MS,CSF_8,ACGGGTCAGTGAATTG-1,-0.10056797643315316
CXCR3-,MS,CSF_8,ACGGGTCGTAAGTTCC-1,-0.10056797643315316
CXCR3+,MS,CSF_8,ACGTCAACACATCCAA-1,-0.25368845613264895
CXCR3-,MS,CSF_8,ACGTCAACAGCTGCTG-1,-0.22801848434420993
CXCR3+,MS,CSF_8,ACGTCAACATGTTCCC-1,-0.10056797643315316
CXCR3+,MS,CSF_8,ACTATCTTCGCTTAGA-1,0.048332621196622454
CXCR3-,MS,CSF_8,ACTATCTTCTACTCAT-1,0.2273246131548525
CXCR3+,MS,CSF_8,ACTGAGTGTTCAGCGC-1,-0.29805020952082856
CXCR3-,MS,CSF_8,ACTGAGTTCTTCGAGA-1,0.12310496823386756
CXCR3+,MS,CSF_8,ACTGCTCTCCTATGTT-1,0.057222993687798276
CXCR3+,MS,CSF_8,ACTGCTCTCTGACCTC-1,-0.10056797643315316
CXCR3+,MS,CSF_8,ACTGTCCGTTAAGACA-1,-0.10056797643315316
CXCR3-,MS,CSF_8,ACTGTCCTCCTGTACC-1,-0.013252623515254849
CXCR3-,MS,CSF_8,ACTTACTTCCGCGGTA-1,1.0659686163953455
CXCR3+,MS,CSF_8,ACTTGTTCAGGAATGC-1,-0.24319732006292036
CXCR3-,MS,CSF_8,ACTTGTTTCGGAATCT-1,-0.2629840180937049
CXCR3+,MS,CSF_8,ACTTTCAAGGAATTAC-1,-0.10056797643315316
CXCR3-,MS,CSF_8,AGAATAGAGTCCGGTC-1,-0.10056797643315316
CXCR3-,MS,CSF_8,AGAATAGGTAACGCGA-1,-0.4622769186212127
CXCR3-,MS,CSF_8,AGAGCGAAGATCGATA-1,-0.10056797643315316
CXCR3+,MS,CSF_8,AGAGCTTAGACTTTCG-1,-0.10056797643315316
CXCR3-,MS,CSF_8,AGAGCTTTCACTATTC-1,0.14287535153762582
CXCR3-,MS,CSF_8,AGAGTGGTCAAGATCC-1,-0.2556293589034802
CXCR3+,MS,CSF_8,AGATCTGAGATGTGGC-1,0.09944831841615676
CXCR3-,MS,CSF_8,AGATCTGGTCTTGTCC-1,0.35879389845282506
CXCR3+,MS,CSF_8,AGCAGCCGTCTAGCGC-1,-0.24268028608416145
CXCR3-,MS,CSF_8,AGCAGCCTCCTATTCA-1,-0.10056797643315316
CXCR3+,MS,CSF_8,AGCATACGTCTCCATC-1,-0.1787046430616369
CXCR3-,MS,CSF_8,AGCGGTCCAGCCTATA-1,-0.24779950656785196
CXCR3+,MS,CSF_8,AGCGTATTCAGGATCT-1,-0.43817081076077197
CXCR3-,MS,CSF_8,AGCTCCTAGCTCTCGG-1,-0.1997773954225084
CXCR3-,MS,CSF_8,AGCTCTCGTCAATGTC-1,-0.5113536622778401
CXCR3-,MS,CSF_8,AGCTCTCGTCGGCACT-1,-0.3352483367002316
CXCR3-,MS,CSF_8,AGGGAGTAGCACACAG-1,-0.10056797643315316
CXCR3-,MS,CSF_8,AGGGAGTGTATATGGA-1,-0.2907760727170335
CXCR3+,MS,CSF_8,AGGGAGTTCAGAGGTG-1,0.5655466180001719
CXCR3+,MS,CSF_8,AGGGTGATCCATGAAC-1,-0.10056797643315316
CXCR3+,MS,CSF_8,AGGTCATCACGGCGTT-1,-0.23932193405806987
CXCR3+,MS,CSF_8,AGGTCATGTCACTGGC-1,-0.28771623608135377
CXCR3+,MS,CSF_8,AGGTCATGTTAGAACA-1,-0.3567608850332344
CXCR3-,MS,CSF_8,AGGTCATTCGAGAACG-1,-0.10056797643315316
CXCR3-,MS,CSF_8,AGGTCATTCTTCGAGA-1,-0.6495830542095812
CXCR3+,MS,CSF_8,AGTAGTCAGATACACA-1,0.05636933126584144
CXCR3-,MS,CSF_8,AGTCTTTAGGTAGCCA-1,-0.10056797643315316
CXCR3-,MS,CSF_8,AGTGAGGCATGGATGG-1,-0.10056797643315316
CXCR3-,MS,CSF_8,AGTGAGGGTTTGGGCC-1,-0.30729537348779334
CXCR3-,MS,CSF_8,AGTGGGAAGTCTCGGC-1,-0.3802459992844609
CXCR3-,MS,CSF_8,AGTGGGATCATCACCC-1,-0.5402153965251565
CXCR3-,MS,CSF_8,AGTGTCACAAGTCTGT-1,-0.10056797643315316
CXCR3+,MS,CSF_8,AGTGTCAGTGTTAAGA-1,-0.14121311861644234
CXCR3-,MS,CSF_8,AGTGTCATCTGAGGGA-1,-0.10056797643315316
CXCR3-,MS,CSF_8,AGTTGGTCACACTGCG-1,0.18963625185116165
CXCR3+,MS,CSF_8,AGTTGGTGTCTCACCT-1,0.130903001675634
CXCR3-,MS,CSF_8,AGTTGGTTCGGATGGA-1,0.2231617570837436
CXCR3+,MS,CSF_8,ATAACGCAGCACAGGT-1,-0.4432173469056636
CXCR3-,MS,CSF_8,ATAACGCAGCCATCGC-1,-0.10056797643315316
CXCR3+,MS,CSF_8,ATAACGCAGTACACCT-1,-0.10056797643315316
CXCR3+,MS,CSF_8,ATAACGCCAAGAAAGG-1,-0.48532894819449385
CXCR3-,MS,CSF_8,ATAAGAGCAGGTCTCG-1,-0.002228484768538462
CXCR3+,MS,CSF_8,ATAAGAGGTAGGACAC-1,0.06017691548659486
CXCR3-,MS,CSF_8,ATAGACCCAATGAAAC-1,0.2785452560491869
CXCR3+,MS,CSF_8,ATCACGACAAGTAGTA-1,-1.0847109958447816
CXCR3+,MS,CSF_8,ATCACGAGTTAGGGTG-1,-0.5071666633157571
CXCR3+,MS,CSF_8,ATCATCTAGAGACGAA-1,-0.10056797643315316
CXCR3-,MS,CSF_8,ATCATCTAGAGGGCTT-1,-0.40654292381744234
CXCR3-,MS,CSF_8,ATCATCTAGCAGCGTA-1,-0.10056797643315316
CXCR3-,MS,CSF_8,ATCATCTCAAACCTAC-1,-0.3101260383485035
CXCR3-,MS,CSF_8,ATCATCTTCTTGAGGT-1,0.11117453932386635
CXCR3-,MS,CSF_8,ATCATGGAGGTAGCTG-1,-0.10056797643315316
CXCR3-,MS,CSF_8,ATCCACCAGGGCTTGA-1,-0.10056797643315316
CXCR3+,MS,CSF_8,ATCCACCTCAACACGT-1,0.6411232400550245
CXCR3-,MS,CSF_8,ATCCGAATCTGATTCT-1,-0.10056797643315316
CXCR3-,MS,CSF_8,ATCGAGTGTAAACCTC-1,0.3119652363247905
CXCR3+,MS,CSF_8,ATCTACTTCTGAAAGA-1,0.27491970847004027
CXCR3+,MS,CSF_8,ATGAGGGAGATCCTGT-1,-0.583889491311522
CXCR3-,MS,CSF_8,ATGAGGGCAAGAAAGG-1,-0.4352881687750826
CXCR3-,MS,CSF_8,ATGAGGGCATATACCG-1,0.0867544218040286
CXCR3-,MS,CSF_8,ATGAGGGCATTGGGCC-1,-0.24162540351212153
CXCR3+,MS,CSF_8,ATGCGATAGACAATAC-1,0.2273868374625276
CXCR3-,MS,CSF_8,ATGCGATTCGGTTCGG-1,-0.7345335542123862
CXCR3+,MS,CSF_8,ATTACTCCATGGTCTA-1,-0.0872410757802888
CXCR3+,MS,CSF_8,ATTCTACAGACCTTTG-1,-0.2175849035477108
CXCR3+,MS,CSF_8,ATTGGACCAGGAACGT-1,-0.42680503873461095
CXCR3-,MS,CSF_8,ATTGGACGTTCCACGG-1,-0.13125228405518016
CXCR3-,MS,CSF_8,ATTGGTGGTACAGTGG-1,-0.10056797643315316
CXCR3-,MS,CSF_8,ATTTCTGTCGGCGGTT-1,-0.10056797643315316
CXCR3-,MS,CSF_8,ATTTCTGTCTAAGCCA-1,-0.03926007043368629
CXCR3+,MS,CSF_8,CAACCAATCGCGGATC-1,0.3619682180545397
CXCR3-,MS,CSF_8,CAACCTCTCCGAACGC-1,-0.10056797643315316
CXCR3-,MS,CSF_8,CAACTAGAGAATTCCC-1,0.2827731065858015
CXCR3-,MS,CSF_8,CAACTAGGTCGAACAG-1,-0.3393381865089346
CXCR3-,MS,CSF_8,CAAGAAATCAGAAATG-1,-0.0026659893604224732
CXCR3+,MS,CSF_8,CAAGATCTCTGTACGA-1,-0.05202918342839186
CXCR3+,MS,CSF_8,CAAGTTGCAAGGTGTG-1,0.04081385384223703
CXCR3+,MS,CSF_8,CAAGTTGCATCAGTAC-1,0.03291422393676762
CXCR3+,MS,CSF_8,CAAGTTGTCTGCAGTA-1,-0.41961698032538175
CXCR3-,MS,CSF_8,CACAAACCACCAGTTA-1,-0.10056797643315316
CXCR3+,MS,CSF_8,CACAAACCAGCTGGCT-1,-1.0016257440925762
CXCR3-,MS,CSF_8,CACAAACGTCAGAGGT-1,-0.3769807015653171
CXCR3+,MS,CSF_8,CACACCTCAAGGACTG-1,0.24353171459085796
CXCR3+,MS,CSF_8,CACACTCCACGGCGTT-1,-0.6179549742814645
CXCR3+,MS,CSF_8,CACAGTACACCAACCG-1,-0.5405589257899185
CXCR3+,MS,CSF_8,CACAGTATCGGCGCAT-1,-0.03935357321378658
CXCR3+,MS,CSF_8,CACATAGTCATCTGCC-1,-0.3293814363762136
CXCR3+,MS,CSF_8,CACATAGTCTCTGTCG-1,-0.2580758363694985
CXCR3-,MS,CSF_8,CACCACTAGGGATGGG-1,-0.014974508588140709
CXCR3-,MS,CSF_8,CACCACTGTCCATCCT-1,-0.5091433283209846
CXCR3+,MS,CSF_8,CACCACTTCCGGGTGT-1,-0.24114983432980583
CXCR3-,MS,CSF_8,CACCAGGGTAGCGCTC-1,-0.10056797643315316
CXCR3+,MS,CSF_8,CACCAGGTCAGTTTGG-1,-0.10056797643315316
CXCR3+,MS,CSF_8,CACCAGGTCGGATGTT-1,0.20842908314101902
CXCR3-,MS,CSF_8,CAGAATCAGACTAGAT-1,-0.6338314065309066
CXCR3-,MS,CSF_8,CAGAATCGTATCTGCA-1,0.49071022059487596
CXCR3-,MS,CSF_8,CAGATCAAGGGTTTCT-1,-0.10056797643315316
CXCR3-,MS,CSF_8,CAGATCAAGGTGCTTT-1,-0.10056797643315316
CXCR3-,MS,CSF_8,CAGCAGCGTTCAGCGC-1,-0.308020193608332
CXCR3+,MS,CSF_8,CAGCATAGTCGGCATC-1,-0.10056797643315316
CXCR3+,MS,CSF_8,CAGCCGATCAACACTG-1,-0.22146491303952134
CXCR3-,MS,CSF_8,CAGCGACGTTGATTGC-1,-0.43640418741113673
CXCR3+,MS,CSF_8,CAGCGACTCTGATACG-1,-0.023389054829871143
CXCR3+,MS,CSF_8,CAGCTAATCACCCTCA-1,-0.22618593552775698
CXCR3+,MS,CSF_8,CAGCTGGAGGATTCGG-1,-0.10056797643315316
CXCR3-,MS,CSF_8,CAGCTGGCAGCGTCCA-1,0.025264471169014726
CXCR3-,MS,CSF_8,CAGGTGCAGGGATGGG-1,-0.10056797643315316
CXCR3-,MS,CSF_8,CAGGTGCCAATCCAAC-1,0.4780502826514117
CXCR3-,MS,CSF_8,CAGTAACGTATCAGTC-1,-0.10056797643315316
CXCR3-,MS,CSF_8,CATATGGAGGAGTAGA-1,-0.803430194143665
CXCR3-,MS,CSF_8,CATATGGGTTCGTGAT-1,-0.18820894297739682
CXCR3-,MS,CSF_8,CATATTCGTAGCCTAT-1,0.045397697327631804
CXCR3-,MS,CSF_8,CATCAAGAGTCAAGCG-1,-0.10056797643315316
CXCR3-,MS,CSF_8,CATCAGAAGCGAGAAA-1,-0.7121357001173918
CXCR3+,MS,CSF_8,CATCAGAGTGATAAAC-1,-0.04294631598995042
CXCR3-,MS,CSF_8,CATCGAACATTCTCAT-1,-0.10056797643315316
CXCR3-,MS,CSF_8,CATCGAAGTATAAACG-1,0.8721703628693431
CXCR3-,MS,CSF_8,CATCGGGAGTGCAAGC-1,0.01576648965793776
CXCR3-,MS,CSF_8,CATCGGGTCGGTCCGA-1,-0.16269749786308838
CXCR3-,MS,CSF_8,CATGCCTCACTTAACG-1,-0.3360066300270366
CXCR3+,MS,CSF_8,CATGCCTTCTACTATC-1,0.19395333719133193
CXCR3-,MS,CSF_8,CATGGCGAGTCCGTAT-1,-0.614611062431693
CXCR3-,MS,CSF_8,CATGGCGCACAACTGT-1,-0.2911891954902975
CXCR3-,MS,CSF_8,CATTATCCACGAAAGC-1,-0.4853607794879224
CXCR3+,MS,CSF_8,CATTATCTCGTTTGCC-1,-0.8369272407226968
CXCR3+,MS,CSF_8,CATTCGCGTAGCGTCC-1,-0.2970109541017232
CXCR3-,MS,CSF_8,CCACCTAAGTGGTAAT-1,-0.10056797643315316
CXCR3-,MS,CSF_8,CCACGGACACGGTGTC-1,-0.30275863237085027
CXCR3-,MS,CSF_8,CCACGGATCAGCGACC-1,0.03152361887941124
CXCR3-,MS,CSF_8,CCACGGATCCTCATTA-1,-0.10056797643315316
CXCR3+,MS,CSF_8,CCACTACCACAGCCCA-1,-0.22949337162052438
CXCR3-,MS,CSF_8,CCACTACCACGGATAG-1,0.36476944753128615
CXCR3-,MS,CSF_8,CCAGCGACATTTGCCC-1,-0.19567034964605384
CXCR3+,MS,CSF_8,CCAGCGATCCAAAGTC-1,0.03363598801238624
CXCR3-,MS,CSF_8,CCAGCGATCTGATTCT-1,-0.10056797643315316
CXCR3-,MS,CSF_8,CCATGTCAGCCACTAT-1,-0.10056797643315316
CXCR3-,MS,CSF_8,CCATGTCCACAACGCC-1,-0.3819575493968096
CXCR3-,MS,CSF_8,CCATGTCGTCGCATAT-1,-0.23320164787839007
CXCR3-,MS,CSF_8,CCATTCGAGGGTTCCC-1,-0.08492069016236474
CXCR3+,MS,CSF_8,CCATTCGGTGGTACAG-1,-0.39040908603981156
CXCR3+,MS,CSF_8,CCCAATCGTTAGATGA-1,-0.5221275704146029
CXCR3-,MS,CSF_8,CCCAGTTAGAGCCTAG-1,0.10890398013497611
CXCR3-,MS,CSF_8,CCCAGTTGTGACGGTA-1,-0.10056797643315316
CXCR3-,MS,CSF_8,CCCTCCTTCCAGTAGT-1,-0.21719032929516144
CXCR3-,MS,CSF_8,CCCTCCTTCTCCAGGG-1,0.03442119903162367
CXCR3+,MS,CSF_8,CCGGGATGTAGATTAG-1,-0.10056797643315316
CXCR3-,MS,CSF_8,CCGGTAGTCATGTAGC-1,0.19815417546629885
CXCR3-,MS,CSF_8,CCGTTCAAGCGAAGGG-1,-0.14783927369822816
CXCR3+,MS,CSF_8,CCGTTCACACCGAAAG-1,-0.35311927860517717
CXCR3-,MS,CSF_8,CCGTTCAGTGTCTGAT-1,0.2115038965783746
CXCR3+,MS,CSF_8,CCGTTCATCATGCAAC-1,0.017140818094462235
CXCR3-,MS,CSF_8,CCTAAAGTCTTCGAGA-1,0.5995774008599686
CXCR3+,MS,CSF_8,CCTACACTCCTCAATT-1,0.17175564630907184
CXCR3-,MS,CSF_8,CCTACCAGTCAGAGGT-1,-0.03885350086811116
CXCR3+,MS,CSF_8,CCTACCAGTCGAATCT-1,-0.18723248373894957
CXCR3+,MS,CSF_8,CCTACCAGTGCTTCTC-1,0.3474198029084044
CXCR3-,MS,CSF_8,CCTAGCTGTACTCTCC-1,0.08709446985039257
CXCR3+,MS,CSF_8,CCTCAGTCACTGTTAG-1,-0.24753666113269773
CXCR3-,MS,CSF_8,CCTCTGACAATCCAAC-1,0.0018481390678716553
CXCR3-,MS,CSF_8,CCTTACGAGCGCTTAT-1,-0.6176855790366584
CXCR3-,MS,CSF_8,CCTTACGGTCGGGTCT-1,-0.31273197414959897
CXCR3+,MS,CSF_8,CCTTCCCCAACACGCC-1,0.22714003699727092
CXCR3-,MS,CSF_8,CCTTTCTAGGGAGTAA-1,-0.10056797643315316
CXCR3-,MS,CSF_8,CCTTTCTCACGAGGTA-1,-0.10056797643315316
CXCR3-,MS,CSF_8,CCTTTCTCATCGATTG-1,0.6201161534748908
CXCR3-,MS,CSF_8,CCTTTCTGTACGAAAT-1,-0.3283048377964593
CXCR3-,MS,CSF_8,CGAACATAGACCGGAT-1,-0.4216893435288985
CXCR3-,MS,CSF_8,CGAACATCATGTAGTC-1,0.03144305236921858
CXCR3-,MS,CSF_8,CGACCTTCATCCAACA-1,-0.10056797643315316
CXCR3+,MS,CSF_8,CGACCTTGTTCTGTTT-1,-0.2447353815404735
CXCR3-,MS,CSF_8,CGACTTCAGAGCTATA-1,0.39843426867866555
CXCR3+,MS,CSF_8,CGAGCCACATACGCCG-1,-0.3335367751274964
CXCR3+,MS,CSF_8,CGATTGAAGCGTAATA-1,0.7208048127861316
CXCR3-,MS,CSF_8,CGATTGACAGTTTACG-1,-0.1276040844036011
CXCR3-,MS,CSF_8,CGCGGTAAGTGGAGAA-1,-0.42999453536893645
CXCR3-,MS,CSF_8,CGCTGGATCAGCACAT-1,-0.10056797643315316
CXCR3+,MS,CSF_8,CGCTGGATCTGGCGAC-1,-0.7117238315404156
CXCR3-,MS,CSF_8,CGCTTCACAAATCCGT-1,0.3323595198937113
CXCR3-,MS,CSF_8,CGCTTCACAGAGTGTG-1,-0.10056797643315316
CXCR3-,MS,CSF_8,CGGACACAGCAACGGT-1,-0.10056797643315316
CXCR3+,MS,CSF_8,CGGACACAGCTTTGGT-1,-0.8386020479383289
CXCR3-,MS,CSF_8,CGGACACGTGTCTGAT-1,-0.32357363264057665
CXCR3+,MS,CSF_8,CGGACGTCAGCCAATT-1,0.12859239468740108
CXCR3+,MS,CSF_8,CGGACTGAGCCCAATT-1,-0.3426377167328045
CXCR3-,MS,CSF_8,CGGACTGAGGCGATAC-1,0.7675022235227246
CXCR3-,MS,CSF_8,CGGACTGTCAGCTTAG-1,-0.37125448981652237
CXCR3-,MS,CSF_8,CGGACTGTCGCGATCG-1,0.09617380770339927
CXCR3-,MS,CSF_8,CGGAGCTTCTACTCAT-1,0.17185252689690714
CXCR3+,MS,CSF_8,CGGGTCAGTAGAGTGC-1,-0.25655811531291667
CXCR3+,MS,CSF_8,CGGTTAAAGCAGATCG-1,-0.2670087953800298
CXCR3+,MS,CSF_8,CGGTTAATCTCTAGGA-1,-0.4996355776776832
CXCR3+,MS,CSF_8,CGTAGGCCACAAGCCC-1,-0.5465065732951235
CXCR3-,MS,CSF_8,CGTAGGCCAGATCTGT-1,-0.10056797643315316
CXCR3+,MS,CSF_8,CGTCACTCACGTCTCT-1,-0.05858596131367323
CXCR3-,MS,CSF_8,CGTCAGGCAGGTGGAT-1,-0.010009772054514714
CXCR3-,MS,CSF_8,CGTCAGGGTGAGGGTT-1,0.4341178718781536
CXCR3-,MS,CSF_8,CGTCTACCACATTCGA-1,-0.10056797643315316
CXCR3-,MS,CSF_8,CGTGAGCAGCTGATAA-1,-0.10056797643315316
CXCR3-,MS,CSF_8,CGTGTAAAGATATACG-1,0.10399032990132272
CXCR3-,MS,CSF_8,CGTGTAAGTCGACTGC-1,0.2058361063627307
CXCR3-,MS,CSF_8,CGTTAGACAGTACACT-1,0.14348368185622593
CXCR3-,MS,CSF_8,CGTTCTGCATGTTGAC-1,-0.25415363729526697
CXCR3-,MS,CSF_8,CGTTCTGGTAAGTAGT-1,-0.3151490751856115
CXCR3-,MS,CSF_8,CGTTCTGGTGTTGGGA-1,-0.49499981688197797
CXCR3-,MS,CSF_8,CTAACTTGTCAAGCGA-1,0.12011836454426472
CXCR3+,MS,CSF_8,CTAAGACGTGACGCCT-1,0.5164965626925965
CXCR3+,MS,CSF_8,CTACGTCAGCATGGCA-1,-0.39713554023997705
CXCR3-,MS,CSF_8,CTACGTCAGGTTCCTA-1,-0.14637904383255895
CXCR3-,MS,CSF_8,CTAGCCTTCTGCTGCT-1,-0.423157605872794
CXCR3-,MS,CSF_8,CTAGTGACAGGGATTG-1,-0.23470617021779416
CXCR3+,MS,CSF_8,CTAGTGATCGGCCGAT-1,0.4537797052830154
CXCR3+,MS,CSF_8,CTCACACGTAAGGGCT-1,-0.3910224164062794
CXCR3+,MS,CSF_8,CTCACACTCACATACG-1,-0.41255276074540437
CXCR3+,MS,CSF_8,CTCAGAAAGCTGGAAC-1,-0.10056797643315316
CXCR3-,MS,CSF_8,CTCAGAACAGTACACT-1,0.075814841994819
CXCR3-,MS,CSF_8,CTCCTAGCATGAAGTA-1,0.273437582762812
CXCR3+,MS,CSF_8,CTCCTAGGTCACTTCC-1,-0.2894394487335194
CXCR3-,MS,CSF_8,CTCCTAGGTCGCTTTC-1,0.16426108126503086
CXCR3-,MS,CSF_8,CTCGAAACACGTCAGC-1,-0.10056797643315316
CXCR3-,MS,CSF_8,CTCGAAACATGATCCA-1,-0.10056797643315316
CXCR3-,MS,CSF_8,CTCGAGGCAAAGCGGT-1,-0.5492197767076367
CXCR3-,MS,CSF_8,CTCGAGGCACTAGTAC-1,-0.2814286424828069
CXCR3-,MS,CSF_8,CTCGGAGCAAGGACTG-1,-0.10056797643315316
CXCR3-,MS,CSF_8,CTCGGAGTCTGGTATG-1,0.10248533568599213
CXCR3-,MS,CSF_8,CTCGTACCAATAGAGT-1,-0.4490922659330483
CXCR3+,MS,CSF_8,CTCTAATGTAGCAAAT-1,-0.10056797643315316
CXCR3-,MS,CSF_8,CTCTAATGTATTCTCT-1,-0.6680686755620565
CXCR3-,MS,CSF_8,CTCTACGCAGGTCCAC-1,-0.10056797643315316
CXCR3+,MS,CSF_8,CTCTACGCATCACGAT-1,-0.3438344186105556
CXCR3-,MS,CSF_8,CTCTGGTCATTACGAC-1,0.23396791008253034
CXCR3-,MS,CSF_8,CTCTGGTTCAGGTTCA-1,-0.3641012971362211
CXCR3-,MS,CSF_8,CTGAAACCACGAGAGT-1,-0.10056797643315316
CXCR3-,MS,CSF_8,CTGAAGTCAACGCACC-1,-0.10056797643315316
CXCR3-,MS,CSF_8,CTGAAGTTCCGCAGTG-1,-0.10056797643315316
CXCR3-,MS,CSF_8,CTGATAGTCGGCTTGG-1,-0.45234239203943105
CXCR3-,MS,CSF_8,CTGCCTAGTACCGGCT-1,0.26782692774115574
CXCR3+,MS,CSF_8,CTGCCTAGTGATAAAC-1,-0.46092450161811804
CXCR3-,MS,CSF_8,CTGCGGATCTGATTCT-1,-1.0817749771518348
CXCR3+,MS,CSF_8,CTGCTGTAGCCAGTAG-1,-0.042947727160193315
CXCR3+,MS,CSF_8,CTGGTCTCAGGTCTCG-1,-0.10056797643315316
CXCR3-,MS,CSF_8,CTGGTCTGTTATCCGA-1,-0.10056797643315316
CXCR3-,MS,CSF_8,CTGGTCTTCATCGGAT-1,-0.6215426794327675
CXCR3+,MS,CSF_8,CTGTGCTTCGGTTAAC-1,-0.2675426548237499
CXCR3-,MS,CSF_8,CTGTTTACAAAGTCAA-1,-0.10056797643315316
CXCR3+,MS,CSF_8,CTGTTTACAGTAAGCG-1,0.16792928928252607
CXCR3+,MS,CSF_8,CTTAGGATCACCTTAT-1,-0.49403419663625087
CXCR3+,MS,CSF_8,CTTCTCTAGCGAGAAA-1,-0.07158616736856223
CXCR3+,MS,CSF_8,CTTGGCTCACTCTGTC-1,0.6572572998350444
CXCR3+,MS,CSF_8,CTTGGCTGTGTCGCTG-1,-0.5575506628169643
CXCR3+,MS,CSF_8,GAAACTCCAAACTGTC-1,-0.26697340544569853
CXCR3-,MS,CSF_8,GAAACTCTCCTCTAGC-1,0.1074287426591547
CXCR3+,MS,CSF_8,GAAATGACACTGCCAG-1,-0.04444941770086001
CXCR3+,MS,CSF_8,GAAATGAGTCATGCAT-1,0.2101143863665159
CXCR3-,MS,CSF_8,GAACATCGTTTCCACC-1,0.03585321240207706
CXCR3+,MS,CSF_8,GAACATCTCATGTAGC-1,-0.4386361001082134
CXCR3+,MS,CSF_8,GAACATCTCTTGACGA-1,0.45619904843589215
CXCR3-,MS,CSF_8,GAACCTAAGGCAATTA-1,-0.10056797643315316
CXCR3+,MS,CSF_8,GAACGGAGTGAAATCA-1,-0.10056797643315316
CXCR3-,MS,CSF_8,GAACGGATCCCTAATT-1,-0.3181284862150701
CXCR3+,MS,CSF_8,GAATAAGAGTGAAGTT-1,0.04808380614545714
CXCR3-,MS,CSF_8,GAATAAGTCATGTGGT-1,-0.5813547533333532
CXCR3-,MS,CSF_8,GAATGAAAGTTAGGTA-1,-0.5578301850636039
CXCR3-,MS,CSF_8,GACACGCCAAGGGTCA-1,-0.10056797643315316
CXCR3+,MS,CSF_8,GACACGCCATTCGACA-1,-0.21932943038541483
CXCR3+,MS,CSF_8,GACAGAGAGAGTAAGG-1,-0.2914890731765717
CXCR3-,MS,CSF_8,GACCAATAGCAGGTCA-1,0.002322962878885147
CXCR3-,MS,CSF_8,GACCTGGAGGCTATCT-1,0.37524816877507045
CXCR3-,MS,CSF_8,GACGGCTGTCGCGTGT-1,-0.34718364461617796
CXCR3+,MS,CSF_8,GACGGCTTCCACGTTC-1,-0.8686057571826501
CXCR3-,MS,CSF_8,GACTAACGTGCAACGA-1,-0.0042883764235386946
CXCR3-,MS,CSF_8,GAGGTGACAGAGCCAA-1,-0.24169707379734381
CXCR3-,MS,CSF_8,GAGTCCGAGATCCCGC-1,0.49166213497544314
CXCR3+,MS,CSF_8,GATCGATCATAGACTC-1,0.5963751895944854
CXCR3-,MS,CSF_8,GATCGATGTCTTGATG-1,0.00590472499992042
CXCR3-,MS,CSF_8,GATCGCGAGAACAACT-1,-0.01041561801071554
CXCR3-,MS,CSF_8,GATCGCGAGCTTATCG-1,-0.10056797643315316
CXCR3-,MS,CSF_8,GATCGTATCGGCGCAT-1,0.07462719626066605
CXCR3-,MS,CSF_8,GATGAAATCACGATGT-1,0.14450134054086666
CXCR3-,MS,CSF_8,GATGAGGCACATGGGA-1,-0.10056797643315316
CXCR3-,MS,CSF_8,GATGAGGGTTCCACTC-1,0.3061740381254099
CXCR3-,MS,CSF_8,GATTCAGGTTCCAACA-1,0.2950069331509543
CXCR3+,MS,CSF_8,GATTCAGTCACCAGGC-1,0.4003662938389842
CXCR3-,MS,CSF_8,GATTCAGTCCTTTCTC-1,-0.10056797643315316
CXCR3-,MS,CSF_8,GCAAACTAGGGTGTGT-1,-0.10056797643315316
CXCR3-,MS,CSF_8,GCAAACTGTATAGGGC-1,-0.10056797643315316
CXCR3+,MS,CSF_8,GCAAACTGTCTGCAAT-1,-0.10056797643315316
CXCR3+,MS,CSF_8,GCAAACTGTGCAACGA-1,-0.3516972285509886
CXCR3-,MS,CSF_8,GCAGTTAAGTGACTCT-1,-0.5286497568147575
CXCR3-,MS,CSF_8,GCATGCGGTAAAGTCA-1,0.30190929081511514
CXCR3+,MS,CSF_8,GCATGCGTCTATGTGG-1,0.034600201919225415
CXCR3+,MS,CSF_8,GCCAAATTCACAGGCC-1,0.6012584716895416
CXCR3+,MS,CSF_8,GCCTCTATCCCATTTA-1,-0.871560561833437
CXCR3+,MS,CSF_8,GCGACCAGTAAGAGAG-1,-0.20749078207575639
CXCR3+,MS,CSF_8,GCGAGAAAGCGGATCA-1,-0.9719704380499631
CXCR3-,MS,CSF_8,GCGAGAATCTTTAGTC-1,-0.34269466581543595
CXCR3+,MS,CSF_8,GCGCAGTAGATCACGG-1,-0.10001042412196372
CXCR3-,MS,CSF_8,GCGGGTTTCTTGAGAC-1,-0.10056797643315316
CXCR3+,MS,CSF_8,GCTCCTAGTATAAACG-1,0.20829406341676343
CXCR3+,MS,CSF_8,GCTCTGTCAGCCTGTG-1,-0.26553620411867207
CXCR3+,MS,CSF_8,GCTCTGTTCAACGAAA-1,0.16208410356284753
CXCR3-,MS,CSF_8,GCTGCAGAGTCCAGGA-1,-0.10056797643315316
CXCR3+,MS,CSF_8,GCTGCAGCATGCAACT-1,-0.062242614333282605
CXCR3-,MS,CSF_8,GCTGCAGGTAATAGCA-1,-0.10056797643315316
CXCR3+,MS,CSF_8,GCTGCAGTCACAACGT-1,0.15199125558053936
CXCR3-,MS,CSF_8,GCTGCGACAAGGCTCC-1,-0.29826201768009375
CXCR3-,MS,CSF_8,GCTGCGATCAGCTCGG-1,-0.2993672462554092
CXCR3-,MS,CSF_8,GCTGCGATCTTCAACT-1,0.21714092928975154
CXCR3-,MS,CSF_8,GCTGCTTGTCCGAGTC-1,0.0708026059743289
CXCR3-,MS,CSF_8,GCTGGGTGTTGTTTGG-1,-0.10056797643315316
CXCR3-,MS,CSF_8,GCTTCCACAGTATAAG-1,-0.10056797643315316
CXCR3+,MS,CSF_8,GCTTCCAGTAGCGCAA-1,-0.795339971869274
CXCR3+,MS,CSF_8,GCTTCCAGTGAGGCTA-1,0.5051940866071448
CXCR3-,MS,CSF_8,GGAACTTAGGCAATTA-1,0.21049239054868366
CXCR3-,MS,CSF_8,GGACAAGGTCATGCAT-1,-0.10056797643315316
CXCR3+,MS,CSF_8,GGACAAGGTTTCGCTC-1,-0.3408084389277447
CXCR3-,MS,CSF_8,GGACAAGTCACAACGT-1,-0.3268910742145302
CXCR3+,MS,CSF_8,GGACAGACAGGGAGAG-1,-0.4398240806730836
CXCR3-,MS,CSF_8,GGACATTAGAAGGTTT-1,-0.10056797643315316
CXCR3-,MS,CSF_8,GGACATTCATTGTGCA-1,-0.10056797643315316
CXCR3+,MS,CSF_8,GGACGTCCATTGGCGC-1,-0.0903447102880587
CXCR3-,MS,CSF_8,GGAGCAAGTGCCTTGG-1,-0.10056797643315316
CXCR3-,MS,CSF_8,GGATTACCATCACGAT-1,0.026368622047033292
CXCR3-,MS,CSF_8,GGCAATTGTTACGGAG-1,-0.10056797643315316
CXCR3+,MS,CSF_8,GGCAATTTCCAAATGC-1,0.001513780634436444
CXCR3-,MS,CSF_8,GGCTGGTGTACAGACG-1,-0.2332430706944925
CXCR3+,MS,CSF_8,GGCTGGTGTTCATGGT-1,-0.10056797643315316
CXCR3-,MS,CSF_8,GGCTGGTTCTGTTGAG-1,-0.42227000917432117
CXCR3-,MS,CSF_8,GGGAGATTCTACCTGC-1,-0.13132309656995725
CXCR3+,MS,CSF_8,GGGATGAGTTACCAGT-1,-0.10101410810562471
CXCR3-,MS,CSF_8,GGGCACTCATCTATGG-1,-0.10056797643315316
CXCR3+,MS,CSF_8,GGGCACTTCAAGGTAA-1,-0.49888372421220833
CXCR3-,MS,CSF_8,GGGCATCGTTCAGACT-1,-0.28961398226374707
CXCR3+,MS,CSF_8,GGGCATCTCCACGCAG-1,-0.7577970816064588
CXCR3+,MS,CSF_8,GGGTCTGGTAGCGATG-1,0.25840976943309185
CXCR3-,MS,CSF_8,GGGTTGCCACCCATTC-1,-0.10988869571695141
CXCR3-,MS,CSF_8,GGTATTGGTGTTGAGG-1,-0.10056797643315316
CXCR3-,MS,CSF_8,GGTGAAGCAATAACGA-1,-0.401072185796892
CXCR3+,MS,CSF_8,GGTGAAGGTGCAACTT-1,-0.23461800093137056
CXCR3+,MS,CSF_8,GGTGCGTTCACCACCT-1,0.1961017452611325
CXCR3-,MS,CSF_8,GTACTTTGTGACCAAG-1,-0.21888520773979914
CXCR3+,MS,CSF_8,GTAGGCCCACATCTTT-1,-0.10056797643315316
CXCR3+,MS,CSF_8,GTCACAACACTGTTAG-1,-0.05908551522455975
CXCR3-,MS,CSF_8,GTCACAATCCTTTCGG-1,-0.10056797643315316
CXCR3-,MS,CSF_8,GTCACAATCGCGCCAA-1,-0.10056797643315316
CXCR3+,MS,CSF_8,GTCACGGAGAGACTAT-1,-0.2257086462769627
CXCR3+,MS,CSF_8,GTCATTTTCGTACCGG-1,-0.04704805115581141
CXCR3-,MS,CSF_8,GTCCTCAAGATTACCC-1,0.13422257243805952
CXCR3-,MS,CSF_8,GTCCTCAAGGCTCAGA-1,-0.3071411278468969
CXCR3-,MS,CSF_8,GTCCTCATCAGTCCCT-1,-0.10056797643315316
CXCR3-,MS,CSF_8,GTCCTCATCTGCTGTC-1,-0.06375321846965183
CXCR3-,MS,CSF_8,GTCGGGTAGTGGTAGC-1,-0.4935972348660221
CXCR3-,MS,CSF_8,GTCGTAACAGGATCGA-1,0.24808230411296162
CXCR3+,MS,CSF_8,GTCTCGTGTTCCCTTG-1,0.06647140628311411
CXCR3+,MS,CSF_8,GTCTTCGAGAGTCGGT-1,0.3048624125200692
CXCR3+,MS,CSF_8,GTCTTCGGTGAACCTT-1,-0.5694545514163554
CXCR3-,MS,CSF_8,GTGCATATCATGCAAC-1,-0.3441304790679851
CXCR3-,MS,CSF_8,GTGCGGTAGATATGGT-1,0.18648968577368175
CXCR3+,MS,CSF_8,GTGCGGTGTCCCTTGT-1,-0.11206143495016152
CXCR3-,MS,CSF_8,GTGCGGTGTTGCTCCT-1,-0.10056797643315316
CXCR3+,MS,CSF_8,GTGCTTCCAGAGTGTG-1,0.09810152529067619
CXCR3+,MS,CSF_8,GTGCTTCCATGTTCCC-1,-0.2665496000945689
CXCR3+,MS,CSF_8,GTGCTTCTCACGACTA-1,0.5580229100462674
CXCR3+,MS,CSF_8,GTTAAGCTCGCAAGCC-1,-0.204880015789586
CXCR3-,MS,CSF_8,GTTACAGTCCAGTATG-1,-0.29989460533836637
CXCR3-,MS,CSF_8,GTTCATTCACCAGGCT-1,-0.10056797643315316
CXCR3+,MS,CSF_8,GTTTCTAAGCTGAACG-1,-0.012818780947615618
CXCR3+,MS,CSF_8,GTTTCTACACCACGTG-1,-0.42030794129615145
CXCR3+,MS,CSF_8,GTTTCTATCCGTACAA-1,-0.10056797643315316
CXCR3-,MS,CSF_8,TAAACCGAGTGAACAT-1,-0.27672137506551336
CXCR3-,MS,CSF_8,TAAACCGCACGCTTTC-1,-0.06893981582670135
CXCR3-,MS,CSF_8,TAAACCGGTGTGGTTT-1,0.0739377325514541
CXCR3-,MS,CSF_8,TAAACCGGTTTGACTG-1,0.23948070045932868
CXCR3-,MS,CSF_8,TAAGAGAAGGTTACCT-1,-0.49632604790598733
CXCR3-,MS,CSF_8,TAAGAGAGTTAGGGTG-1,0.3477390739767124
CXCR3-,MS,CSF_8,TAAGCGTAGGCAATTA-1,-0.10056797643315316
CXCR3+,MS,CSF_8,TAAGCGTGTCTGCCAG-1,-0.5430090280082427
CXCR3-,MS,CSF_8,TAAGCGTTCTTCTGGC-1,-0.3432748033574435
CXCR3-,MS,CSF_8,TACACGAAGTTGTCGT-1,-0.29061779565115486
CXCR3-,MS,CSF_8,TACACGAGTGAGGCTA-1,0.3215123109729528
CXCR3-,MS,CSF_8,TACACGAGTTGCGTTA-1,-0.26564034284102644
CXCR3-,MS,CSF_8,TACAGTGAGTGTTAGA-1,-0.04898466615025143
CXCR3-,MS,CSF_8,TACAGTGCATTACCTT-1,0.19367720835769703
CXCR3-,MS,CSF_8,TACCTATCAGCGTTCG-1,-0.10056797643315316
CXCR3-,MS,CSF_8,TACCTTACAAGCCTAT-1,-0.10056797643315316
CXCR3-,MS,CSF_8,TACCTTAGTAAAGGAG-1,0.5940866579113019
CXCR3-,MS,CSF_8,TACCTTATCACTTACT-1,-0.10056797643315316
CXCR3+,MS,CSF_8,TACCTTATCCAAAGTC-1,0.6241208368372131
CXCR3-,MS,CSF_8,TACGGATGTCTGATCA-1,0.24891768642532044
CXCR3+,MS,CSF_8,TACGGATTCCCGACTT-1,0.23913349979735266
CXCR3-,MS,CSF_8,TACGGGCAGGTGCTTT-1,-0.49262676705163866
CXCR3-,MS,CSF_8,TACGGGCTCAGCACAT-1,-0.10056797643315316
CXCR3+,MS,CSF_8,TACGGTATCCTCAATT-1,-0.01403573420489441
CXCR3+,MS,CSF_8,TACTCATAGAGCTATA-1,-0.23913110404578758
CXCR3-,MS,CSF_8,TACTCATAGCTGGAAC-1,-0.3392949911150232
CXCR3+,MS,CSF_8,TACTCATCAGGACGTA-1,-0.20082645945374103
CXCR3-,MS,CSF_8,TACTTACCAATAAGCA-1,0.048642752889325624
CXCR3+,MS,CSF_8,TACTTACTCTCTAGGA-1,0.030573553209726385
CXCR3-,MS,CSF_8,TAGACCAGTCATCGGC-1,0.15839974499197704
CXCR3-,MS,CSF_8,TAGAGCTAGGAGTAGA-1,-0.10056797643315316
CXCR3-,MS,CSF_8,TAGTGGTCAGCTTAAC-1,-0.003044421417457247
CXCR3-,MS,CSF_8,TAGTGGTCATGCCACG-1,-0.27218016529611516
CXCR3-,MS,CSF_8,TAGTTGGCAACTGCTA-1,0.11923141346095154
CXCR3-,MS,CSF_8,TAGTTGGGTCTCTTAT-1,-0.10056797643315316
CXCR3+,MS,CSF_8,TATCAGGCATCTCCCA-1,-0.1667069788231875
CXCR3+,MS,CSF_8,TATCAGGTCTACTATC-1,-0.5622393793717612
CXCR3+,MS,CSF_8,TCAACGAGTTGTGGCC-1,-0.43291304056186125
CXCR3-,MS,CSF_8,TCAATCTAGGCTAGCA-1,0.21434157916973723
CXCR3+,MS,CSF_8,TCAATCTTCCGCTGTT-1,-0.3321028605183372
CXCR3-,MS,CSF_8,TCACAAGCACTGTTAG-1,-0.10056797643315316
CXCR3+,MS,CSF_8,TCACGAAAGTGTTAGA-1,0.2129418426475756
CXCR3+,MS,CSF_8,TCAGCTCAGGAATCGC-1,-0.033801969405878686
CXCR3-,MS,CSF_8,TCAGGATGTCTCTCTG-1,0.5701032678771322
CXCR3+,MS,CSF_8,TCAGGATGTCTTGTCC-1,-0.4583712344347847
CXCR3-,MS,CSF_8,TCAGGTAAGATATGCA-1,0.21895945187578889
CXCR3+,MS,CSF_8,TCAGGTATCTGAGTGT-1,-0.10056797643315316
CXCR3-,MS,CSF_8,TCATTACCACCGTTGG-1,-0.5047478228529579
CXCR3+,MS,CSF_8,TCATTTGAGACTTGAA-1,0.12435635304109675
CXCR3+,MS,CSF_8,TCCACACCAAGTAGTA-1,-0.10056797643315316
CXCR3-,MS,CSF_8,TCCACACTCCACGACG-1,-0.10056797643315316
CXCR3-,MS,CSF_8,TCCACACTCGCCCTTA-1,-0.12031628492067584
CXCR3+,MS,CSF_8,TCCCGATAGCGCCTCA-1,-0.2512291451312688
CXCR3-,MS,CSF_8,TCCCGATCAAGCCCAC-1,-0.10056797643315316
CXCR3+,MS,CSF_8,TCCCGATCACACATGT-1,-0.186363649281949
CXCR3-,MS,CSF_8,TCGAGGCCATTAGCCA-1,0.34127927118010576
CXCR3-,MS,CSF_8,TCGCGAGAGGCAGTCA-1,-0.10056797643315316
CXCR3+,MS,CSF_8,TCGGGACCACGACGAA-1,-0.6936708666426846
CXCR3+,MS,CSF_8,TCGGGACTCTTGCAAG-1,-0.10056797643315316
CXCR3+,MS,CSF_8,TCGGTAAGTTCAACCA-1,-0.20345926683845014
CXCR3+,MS,CSF_8,TCGTACCAGCATGGCA-1,0.2762397561638949
CXCR3+,MS,CSF_8,TCGTACCAGCCCAGCT-1,0.4058773216619453
CXCR3-,MS,CSF_8,TCGTACCGTAGCGATG-1,0.7629606421657783
CXCR3+,MS,CSF_8,TCGTAGAAGTGGGCTA-1,-0.031776613268930096
CXCR3+,MS,CSF_8,TCTATTGCAAGTAATG-1,-0.10056797643315316
CXCR3+,MS,CSF_8,TCTATTGGTGGCCCTA-1,-0.20973976483800774
CXCR3-,MS,CSF_8,TCTCATAGTACTCAAC-1,-0.1243984939319055
CXCR3-,MS,CSF_8,TCTCATAGTTGGTAAA-1,0.11499219011706417
CXCR3-,MS,CSF_8,TCTCTAACACAACGTT-1,-0.10056797643315316
CXCR3-,MS,CSF_8,TCTCTAACAGGTGGAT-1,-0.17829941262362925
CXCR3+,MS,CSF_8,TCTGAGAGTTTGACTG-1,0.14985710473315425
CXCR3-,MS,CSF_8,TCTGGAATCGCAAGCC-1,-0.10056797643315316
CXCR3-,MS,CSF_8,TCTTCGGGTCAAAGAT-1,0.0010406776357112354
CXCR3+,MS,CSF_8,TGACAACGTGCAGACA-1,-0.33710168619978526
CXCR3+,MS,CSF_8,TGACGGCAGGACCACA-1,-0.10056797643315316
CXCR3+,MS,CSF_8,TGACGGCAGGTGACCA-1,-1.5002876505539233
CXCR3-,MS,CSF_8,TGACGGCCAACACCCG-1,-0.10056797643315316
CXCR3+,MS,CSF_8,TGACGGCCACAGATTC-1,-0.26340515148687504
CXCR3-,MS,CSF_8,TGACGGCGTCGCATCG-1,-0.30698718773599165
CXCR3-,MS,CSF_8,TGACGGCTCCTTTACA-1,-0.2762132199345304
CXCR3+,MS,CSF_8,TGACTAGAGGGAGTAA-1,-0.25629943127980126
CXCR3-,MS,CSF_8,TGACTTTCAATCCGAT-1,-0.10056797643315316
CXCR3-,MS,CSF_8,TGACTTTGTAGCTTGT-1,0.017951582309585077
CXCR3-,MS,CSF_8,TGACTTTGTATAGTAG-1,-0.5406413545369524
CXCR3-,MS,CSF_8,TGAGCCGGTACTTAGC-1,0.2109925959055963
CXCR3-,MS,CSF_8,TGAGGGATCAGGATCT-1,-0.10056797643315316
CXCR3+,MS,CSF_8,TGAGGGATCCTCCTAG-1,-0.10056797643315316
CXCR3-,MS,CSF_8,TGCACCTCACCACCAG-1,-0.3416774667485705
CXCR3+,MS,CSF_8,TGCACCTTCAGGCAAG-1,-0.00833665785505931
CXCR3+,MS,CSF_8,TGCCCTAGTGTAAGTA-1,-0.5079725704492322
CXCR3+,MS,CSF_8,TGCGCAGAGTAAGTAC-1,0.12652769162181096
CXCR3+,MS,CSF_8,TGCGCAGTCAATCTCT-1,-0.36112514162703213
CXCR3-,MS,CSF_8,TGCGCAGTCATTATCC-1,-0.08185964114876325
CXCR3+,MS,CSF_8,TGCGGGTGTTCCGGCA-1,-0.7513345328826457
CXCR3+,MS,CSF_8,TGCGGGTTCCAAAGTC-1,-0.10056797643315316
CXCR3+,MS,CSF_8,TGCGTGGAGTTACCCA-1,-0.5413243250063582
CXCR3-,MS,CSF_8,TGCTACCTCGCCTGTT-1,0.18558592367272736
CXCR3+,MS,CSF_8,TGCTACCTCGGAAACG-1,-0.026268549994184043
CXCR3-,MS,CSF_8,TGCTGCTCAGCTGCAC-1,-0.10056797643315316
CXCR3+,MS,CSF_8,TGCTGCTTCTCGGACG-1,0.12920820438384426
CXCR3+,MS,CSF_8,TGGACGCGTAGAGGAA-1,-0.2433708561989647
CXCR3+,MS,CSF_8,TGGCCAGTCGTGGGAA-1,-0.43361965443762757
CXCR3-,MS,CSF_8,TGGCGCAGTAAGTGTA-1,-0.10056797643315316
CXCR3-,MS,CSF_8,TGGTTAGAGAGGTTAT-1,0.30316831189038634
CXCR3+,MS,CSF_8,TGGTTAGGTGCACCAC-1,-0.3883873950991476
CXCR3+,MS,CSF_8,TGGTTCCAGACTAAGT-1,-0.14769823264562346
CXCR3+,MS,CSF_8,TGGTTCCCAGAGTGTG-1,0.56030847748522
CXCR3-,MS,CSF_8,TGTATTCGTCTGGTCG-1,0.44198555491824354
CXCR3+,MS,CSF_8,TGTATTCTCAACGCTA-1,-0.10056797643315316
CXCR3-,MS,CSF_8,TGTCCCACAAGCCGTC-1,-0.4341556190660446
CXCR3+,MS,CSF_8,TGTGGTAGTGTTCTTT-1,-0.11852402825165809
CXCR3-,MS,CSF_8,TGTGTTTAGAGGTTGC-1,-0.10056797643315316
CXCR3-,MS,CSF_8,TGTGTTTGTAGCGCAA-1,-0.23427460933341807
CXCR3+,MS,CSF_8,TGTTCCGGTCCGCTGA-1,-0.10056797643315316
CXCR3+,MS,CSF_8,TGTTCCGTCAACGGCC-1,-0.48124049584686784
CXCR3+,MS,CSF_8,TTAGGACCAGGGTATG-1,0.6942165595030849
CXCR3-,MS,CSF_8,TTAGGACCATTTCACT-1,0.3494495213094816
CXCR3+,MS,CSF_8,TTAGTTCAGTGGAGAA-1,-0.36059652559696026
CXCR3-,MS,CSF_8,TTAGTTCTCAACACTG-1,-0.476834780036664
CXCR3+,MS,CSF_8,TTAGTTCTCTATGTGG-1,-0.5858385733340767
CXCR3+,MS,CSF_8,TTCGAAGAGCTGATAA-1,0.031674245751480694
CXCR3+,MS,CSF_8,TTCGAAGCAGACGTAG-1,-0.10828757748421249
CXCR3-,MS,CSF_8,TTCGGTCTCTCTGTCG-1,0.396692507520907
CXCR3+,MS,CSF_8,TTCTACACAGACGCCT-1,0.2631564109889159
CXCR3+,MS,CSF_8,TTCTCAATCAAACCGT-1,0.17771474387867597
CXCR3-,MS,CSF_8,TTCTCCTTCAGTCCCT-1,-0.10056797643315316
CXCR3-,MS,CSF_8,TTCTCCTTCCAGGGCT-1,-0.10056797643315316
CXCR3+,MS,CSF_8,TTCTCCTTCTCTGAGA-1,-0.20369683990884496
CXCR3-,MS,CSF_8,TTCTTAGAGAAACCGC-1,-0.23993059339797565
CXCR3-,MS,CSF_8,TTGAACGGTCCTCCAT-1,-0.10056797643315316
CXCR3+,MS,CSF_8,TTGACTTAGGCATTGG-1,-0.16298083238887864
CXCR3-,MS,CSF_8,TTGACTTGTGCCTGCA-1,0.39520769932946204
CXCR3+,MS,CSF_8,TTGACTTTCACCTTAT-1,-0.07758375595547949
CXCR3-,MS,CSF_8,TTGCCGTAGGCTAGCA-1,-0.35355501277569973
CXCR3-,MS,CSF_8,TTGGAACAGCACACAG-1,-0.22557709994563405
CXCR3+,MS,CSF_8,TTGGAACCACGAGAGT-1,-0.10056797643315316
CXCR3+,MS,CSF_8,TTGGCAAAGATGCCAG-1,-0.10056797643315316
CXCR3-,MS,CSF_8,TTGTAGGAGAAACCAT-1,-0.10056797643315316
CXCR3-,MS,CSF_8,TTGTAGGTCCGCATAA-1,0.3116326254508199
CXCR3+,MS,CSF_8,TTTATGCAGTCCGTAT-1,-0.10056797643315316
CXCR3+,MS,CSF_8,TTTATGCCACCGAATT-1,-0.2107722020498224
CXCR3-,MS,CSF_8,TTTATGCCACCGATAT-1,-0.10056797643315316
CXCR3+,MS,CSF_8,TTTATGCGTGGAAAGA-1,-0.3071411278468969
CXCR3-,MS,CSF_8,TTTCCTCTCCGCGGTA-1,-0.10056797643315316
CXCR3-,MS,CSF_8,TTTGCGCGTATAGTAG-1,-0.23814700331910538
CXCR3+,MS,CSF_8,TTTGCGCGTTCGTTGA-1,-1.448643405926624
CXCR3+,MS,CSF_8,TTTGTCATCTTACCTA-1,-0.16504781292197404
CXCR3-,MS,CSF_9,AAACCTGCAGTGAGTG-1,-0.4252647381939591
CXCR3-,MS,CSF_9,AAAGATGAGTACGTTC-1,-0.10056797643315316
CXCR3-,MS,CSF_9,AAAGATGCAGATGGCA-1,-0.10056797643315316
CXCR3-,MS,CSF_9,AAAGTAGCACACAGAG-1,-0.36352520706084673
CXCR3-,MS,CSF_9,AACCGCGAGCAATATG-1,0.11067380974832462
CXCR3-,MS,CSF_9,AACCGCGGTTAAGTAG-1,0.36741849451799125
CXCR3+,MS,CSF_9,AACCGCGGTTTCGCTC-1,-0.2019946288678392
CXCR3+,MS,CSF_9,AACGTTGAGGACATTA-1,0.6977622814067275
CXCR3-,MS,CSF_9,AACTCTTTCTATCCCG-1,-0.016812621035586246
CXCR3-,MS,CSF_9,AACTTTCCAGACTCGC-1,0.07798080268859606
CXCR3+,MS,CSF_9,AAGACCTGTCCTAGCG-1,-0.13978365024166825
CXCR3-,MS,CSF_9,AAGGCAGTCTTGAGAC-1,0.38729638378406983
CXCR3-,MS,CSF_9,AAGGTTCAGAGTACAT-1,0.11845799126776121
CXCR3-,MS,CSF_9,AAGTCTGTCGGATGGA-1,-1.1352950826309112
CXCR3+,MS,CSF_9,AATCCAGTCAACACCA-1,-0.21490142552471703
CXCR3+,MS,CSF_9,ACACCCTTCCTTTACA-1,-0.22717738846068114
CXCR3-,MS,CSF_9,ACACCGGAGCGAGAAA-1,0.01086531222770323
CXCR3-,MS,CSF_9,ACAGCCGAGACTCGGA-1,-0.45866917242462374
CXCR3+,MS,CSF_9,ACAGCCGAGTAGGTGC-1,0.08017901654222175
CXCR3-,MS,CSF_9,ACAGCCGGTGAGGGAG-1,-0.10056797643315316
CXCR3-,MS,CSF_9,ACAGCCGTCAGAGCTT-1,0.2042292116980541
CXCR3+,MS,CSF_9,ACAGCTAGTCTCCACT-1,0.1500401130120324
CXCR3+,MS,CSF_9,ACATACGGTAAGTGTA-1,-0.3748651381206279
CXCR3-,MS,CSF_9,ACATCAGAGCTCAACT-1,-0.3890574436155799
CXCR3-,MS,CSF_9,ACATCAGTCGAATGCT-1,-0.4507969885928675
CXCR3+,MS,CSF_9,ACCAGTACATGCCACG-1,0.18856120153838152
CXCR3-,MS,CSF_9,ACCCACTCATTACGAC-1,-0.30209429963477025
CXCR3-,MS,CSF_9,ACCGTAAGTTGCGTTA-1,0.037786408521910377
CXCR3+,MS,CSF_9,ACCTTTAGTTCTCATT-1,0.21022654619141304
CXCR3-,MS,CSF_9,ACCTTTATCTTTAGGG-1,0.18777211182247694
CXCR3+,MS,CSF_9,ACGATACCACACCGCA-1,-0.31363152495034685
CXCR3-,MS,CSF_9,ACGCAGCAGTGGGTTG-1,0.10160469891705613
CXCR3+,MS,CSF_9,ACGCAGCGTGACGGTA-1,0.1904555421765741
CXCR3+,MS,CSF_9,ACGCCAGAGCGATGAC-1,-0.10056797643315316
CXCR3-,MS,CSF_9,ACGCCGACATTCACTT-1,0.17928533008700656
CXCR3-,MS,CSF_9,ACGGAGAGTGAAATCA-1,0.22498570578588994
CXCR3-,MS,CSF_9,ACGGAGATCCTTGGTC-1,-0.489239860766301
CXCR3-,MS,CSF_9,ACGGCCAAGGCATTGG-1,-0.01833711614006011
CXCR3+,MS,CSF_9,ACGGCCAGTCTGATTG-1,-0.28922877564373206
CXCR3+,MS,CSF_9,ACGGGTCGTGCTTCTC-1,-0.3186360854632045
CXCR3-,MS,CSF_9,ACTATCTCACCAGGTC-1,0.07106334523865367
CXCR3-,MS,CSF_9,ACTATCTGTCTAGCGC-1,-0.1731676655761866
CXCR3-,MS,CSF_9,ACTGAGTAGTTCCACA-1,0.14651272583277583
CXCR3-,MS,CSF_9,ACTGATGAGCGTTGCC-1,-0.10056797643315316
CXCR3-,MS,CSF_9,ACTGATGTCACTGGGC-1,-0.10056797643315316
CXCR3+,MS,CSF_9,ACTGATGTCAGAAATG-1,-0.5595039130266858
CXCR3-,MS,CSF_9,ACTGCTCAGACCCACC-1,0.18432642833322926
CXCR3+,MS,CSF_9,ACTTGTTTCCCTCAGT-1,-0.038108467033205376
CXCR3+,MS,CSF_9,ACTTTCACAGCATACT-1,-0.10056797643315316
CXCR3-,MS,CSF_9,ACTTTCACATCGACGC-1,0.06752727317976362
CXCR3-,MS,CSF_9,ACTTTCATCTAACTCT-1,-0.10056797643315316
CXCR3-,MS,CSF_9,AGAATAGTCACGCGGT-1,0.20568302688818926
CXCR3-,MS,CSF_9,AGACGTTCAAGGTTTC-1,0.36032401352447074
CXCR3-,MS,CSF_9,AGACGTTGTCTGCCAG-1,-0.25214295617492766
CXCR3-,MS,CSF_9,AGAGCGATCCAACCAA-1,0.08065177817765824
CXCR3-,MS,CSF_9,AGAGTGGAGATAGCAT-1,-0.6457109703638847
CXCR3-,MS,CSF_9,AGAGTGGCAGGGCATA-1,-0.5607731108810124
CXCR3-,MS,CSF_9,AGATCTGAGAGGTAGA-1,-0.10056797643315316
CXCR3-,MS,CSF_9,AGATCTGTCACAATGC-1,0.11266810433588301
CXCR3-,MS,CSF_9,AGATTGCTCCGGGTGT-1,0.6363260107148768
CXCR3-,MS,CSF_9,AGCGTATAGGCGCTCT-1,0.07672637924901868
CXCR3-,MS,CSF_9,AGCGTATGTCGGGTCT-1,-0.30647328049717526
CXCR3-,MS,CSF_9,AGCGTCGCACTATCTT-1,-0.10056797643315316
CXCR3+,MS,CSF_9,AGCTCTCCAGCCTTGG-1,-0.9326209968776886
CXCR3-,MS,CSF_9,AGCTTGACACTTCTGC-1,0.31631369021240047
CXCR3+,MS,CSF_9,AGGCCACAGCCAGTAG-1,-0.37046728319797684
CXCR3-,MS,CSF_9,AGGCCGTCAAACCTAC-1,-0.02058231516174173
CXCR3-,MS,CSF_9,AGGGAGTTCCTGCAGG-1,-0.08695583226236935
CXCR3+,MS,CSF_9,AGGGTGAGTCTGGAGA-1,0.37412028044657114
CXCR3-,MS,CSF_9,AGGTCCGAGCCTCGTG-1,-0.3845399755312505
CXCR3+,MS,CSF_9,AGTAGTCAGTTAACGA-1,0.10483019874036095
CXCR3-,MS,CSF_9,AGTCTTTTCGAATGGG-1,0.23276657004831375
CXCR3-,MS,CSF_9,AGTGGGATCTGATACG-1,0.28884229961082225
CXCR3-,MS,CSF_9,AGTGTCAAGAGTAAGG-1,-0.10056797643315316
CXCR3-,MS,CSF_9,AGTTGGTCAGACAAAT-1,0.10782391002560048
CXCR3-,MS,CSF_9,ATAACGCAGAGCTGGT-1,0.7549475380863181
CXCR3-,MS,CSF_9,ATAAGAGAGCAGCCTC-1,-0.10056797643315316
CXCR3+,MS,CSF_9,ATCATCTAGTGTCCCG-1,-0.10056797643315316
CXCR3-,MS,CSF_9,ATCATGGAGAAGGACA-1,-0.03568911796183104
CXCR3-,MS,CSF_9,ATCATGGGTGTAATGA-1,-0.10056797643315316
CXCR3+,MS,CSF_9,ATCCACCGTACTCGCG-1,0.1954562879554303
CXCR3-,MS,CSF_9,ATCCGAACATCGGTTA-1,0.20826835053981188
CXCR3-,MS,CSF_9,ATCCGAAGTCTGCGGT-1,0.05165243970610931
CXCR3-,MS,CSF_9,ATCCGAATCTGAAAGA-1,-0.20057361865257956
CXCR3+,MS,CSF_9,ATCGAGTAGAGCCCAA-1,0.023791709715543785
CXCR3-,MS,CSF_9,ATCGAGTAGGGTTTCT-1,-0.10056797643315316
CXCR3-,MS,CSF_9,ATGAGGGCACAACTGT-1,0.425261089027269
CXCR3+,MS,CSF_9,ATGAGGGGTTCAGGCC-1,0.3498358140379457
CXCR3+,MS,CSF_9,ATGCGATGTCCCTTGT-1,-0.35366511968544817
CXCR3-,MS,CSF_9,ATGGGAGCACCACCAG-1,-0.2532841811986433
CXCR3-,MS,CSF_9,ATGGGAGTCTGCAAGT-1,0.284902879371352
CXCR3+,MS,CSF_9,ATGTGTGCAGCTCCGA-1,0.08148283316583663
CXCR3-,MS,CSF_9,ATTATCCAGACTTTCG-1,0.24179695888041008
CXCR3-,MS,CSF_9,ATTATCCGTCCGTCAG-1,-0.2991588042945515
CXCR3-,MS,CSF_9,ATTCTACAGCATGGCA-1,0.2440209760382555
CXCR3+,MS,CSF_9,ATTCTACCACGTGAGA-1,-0.3919395116428407
CXCR3-,MS,CSF_9,ATTCTACGTATAGGGC-1,-0.2363497819021702
CXCR3-,MS,CSF_9,ATTCTACGTGCAACTT-1,-0.10056797643315316
CXCR3-,MS,CSF_9,ATTGGACGTCATATGC-1,0.11539645549466337
CXCR3-,MS,CSF_9,ATTGGACTCAGCTTAG-1,0.41643100197393207
CXCR3-,MS,CSF_9,ATTGGACTCCGAGCCA-1,-0.10056797643315316
CXCR3+,MS,CSF_9,ATTGGTGGTACCGTAT-1,-0.015414680783287057
CXCR3+,MS,CSF_9,ATTGGTGTCCCTAACC-1,0.24850628772811525
CXCR3-,MS,CSF_9,ATTTCTGAGAATGTGT-1,0.36754332304974263
CXCR3-,MS,CSF_9,ATTTCTGTCGACGGAA-1,-0.12505338303952057
CXCR3+,MS,CSF_9,CAACCTCAGACCGGAT-1,0.320519101206408
CXCR3-,MS,CSF_9,CAACCTCCACGAAATA-1,0.2460780299988999
CXCR3-,MS,CSF_9,CAACTAGAGTTACCCA-1,0.022386381206151267
CXCR3-,MS,CSF_9,CAAGATCAGGGTCTCC-1,-0.10056797643315316
CXCR3-,MS,CSF_9,CAAGATCGTACAGTGG-1,-0.6431930067445971
CXCR3-,MS,CSF_9,CAAGATCGTTAAGGGC-1,0.22497654264923442
CXCR3-,MS,CSF_9,CAAGGCCCAGGAATCG-1,-0.10056797643315316
CXCR3-,MS,CSF_9,CAAGTTGAGAGTGACC-1,-0.23617521851686504
CXCR3-,MS,CSF_9,CACACAACATTGTGCA-1,-0.35687291635069557
CXCR3-,MS,CSF_9,CACACTCAGATGTCGG-1,0.2012229050414647
CXCR3-,MS,CSF_9,CACAGTAGTCCATGAT-1,-0.10056797643315316
CXCR3-,MS,CSF_9,CACATAGCATGGGACA-1,0.0522000220114166
CXCR3-,MS,CSF_9,CACATTTGTGCCTGTG-1,-0.2916719098876016
CXCR3-,MS,CSF_9,CACATTTTCCATGAAC-1,-0.31744947781547955
CXCR3+,MS,CSF_9,CACCACTGTTGGTAAA-1,-0.10056797643315316
CXCR3-,MS,CSF_9,CACCAGGAGCCCAATT-1,-0.10824639494261153
CXCR3-,MS,CSF_9,CACCTTGTCAGAGACG-1,0.39484166850522256
CXCR3-,MS,CSF_9,CACTCCAAGTCGCCGT-1,-0.17900641494969996
CXCR3-,MS,CSF_9,CAGAATCCAATGCCAT-1,-0.10056797643315316
CXCR3-,MS,CSF_9,CAGAATCGTCGACTGC-1,-0.39271104449739896
CXCR3-,MS,CSF_9,CAGAGAGAGCCATCGC-1,0.2117000296188038
CXCR3-,MS,CSF_9,CAGAGAGGTGTGACCC-1,-0.28468034274299103
CXCR3-,MS,CSF_9,CAGATCAAGGTCATCT-1,-0.4776193621752056
CXCR3-,MS,CSF_9,CAGCATAGTAGATTAG-1,0.1589576174195555
CXCR3+,MS,CSF_9,CAGCTAAAGACTAAGT-1,0.04380195964482213
CXCR3-,MS,CSF_9,CAGCTAAAGGTGATTA-1,-0.11658279463089641
CXCR3-,MS,CSF_9,CAGCTGGAGTAATCCC-1,-0.3169861502435031
CXCR3-,MS,CSF_9,CAGTAACGTAAATGAC-1,0.16217950985160864
CXCR3-,MS,CSF_9,CAGTCCTCACGCCAGT-1,0.1367043891554883
CXCR3-,MS,CSF_9,CATATGGTCGGCCGAT-1,-0.10056797643315316
CXCR3-,MS,CSF_9,CATATTCAGCCACCTG-1,-0.10056797643315316
CXCR3-,MS,CSF_9,CATATTCCATACTCTT-1,0.2557009117659364
CXCR3-,MS,CSF_9,CATATTCTCATAAAGG-1,0.31838894663923906
CXCR3+,MS,CSF_9,CATCGAAAGATAGCAT-1,-0.10056797643315316
CXCR3+,MS,CSF_9,CATCGAAGTTTGTTGG-1,-1.001571880813666
CXCR3-,MS,CSF_9,CATCGGGAGATAGCAT-1,-0.30552475668239165
CXCR3+,MS,CSF_9,CATGGCGCACAGATTC-1,0.3059776321082837
CXCR3+,MS,CSF_9,CATTCGCGTATGCTTG-1,-0.43985160845596144
CXCR3-,MS,CSF_9,CATTCGCTCCTTGGTC-1,-0.10056797643315316
CXCR3+,MS,CSF_9,CCAGCGAGTGAGCGAT-1,0.2060785636738741
CXCR3-,MS,CSF_9,CCAGCGATCTTCCTTC-1,0.002603360583810848
CXCR3-,MS,CSF_9,CCCAATCGTTCCGGCA-1,-0.10056797643315316
CXCR3-,MS,CSF_9,CCCAGTTCACCTCGTT-1,-0.2625513758751401
CXCR3+,MS,CSF_9,CCCTCCTAGGGTTTCT-1,-0.39601505747756655
CXCR3-,MS,CSF_9,CCGGGATCAACTTGAC-1,0.9580034333178974
CXCR3+,MS,CSF_9,CCGGGATTCACCTCGT-1,-0.05004363846458464
CXCR3+,MS,CSF_9,CCGGTAGTCTCTGCTG-1,-0.14691200281319272
CXCR3-,MS,CSF_9,CCGTACTCACCCAGTG-1,0.48543089278586044
CXCR3+,MS,CSF_9,CCGTGGAAGACACGAC-1,-0.10056797643315316
CXCR3-,MS,CSF_9,CCGTTCAGTGCCTGCA-1,-0.02856799015846893
CXCR3-,MS,CSF_9,CCTACCAAGCGCTTAT-1,0.13808230538265884
CXCR3-,MS,CSF_9,CCTAGCTGTCTCTTTA-1,0.0005187472836923732
CXCR3-,MS,CSF_9,CCTAGCTTCTGGCGTG-1,-0.10056797643315316
CXCR3-,MS,CSF_9,CCTCTGATCGGCGCAT-1,1.1033447114312884
CXCR3-,MS,CSF_9,CCTTACGCACAGACAG-1,0.13545582209251947
CXCR3-,MS,CSF_9,CCTTCGATCTGTCAAG-1,0.2251376780367321
CXCR3-,MS,CSF_9,CCTTTCTGTACATGTC-1,0.12721082058622302
CXCR3-,MS,CSF_9,CGAACATCATATACGC-1,-0.19901976913753447
CXCR3-,MS,CSF_9,CGAACATTCCTACAGA-1,0.24212640780870043
CXCR3-,MS,CSF_9,CGAATGTTCACTCTTA-1,0.27804865854173505
CXCR3-,MS,CSF_9,CGAATGTTCAGATAAG-1,-0.1866477784201756
CXCR3-,MS,CSF_9,CGACCTTAGGTGTGGT-1,0.20593602377863224
CXCR3-,MS,CSF_9,CGACCTTTCGTTTGCC-1,-0.10056797643315316
CXCR3+,MS,CSF_9,CGAGCACGTCTGCGGT-1,-0.24005838719233402
CXCR3-,MS,CSF_9,CGAGCCACAAGTCTAC-1,0.18212243550261492
CXCR3+,MS,CSF_9,CGAGCCACACTGAAGG-1,0.08770957193229455
CXCR3-,MS,CSF_9,CGATGGCGTATCACCA-1,0.027597522876133335
CXCR3+,MS,CSF_9,CGATTGATCGTTTATC-1,-0.08511762372752629
CXCR3-,MS,CSF_9,CGCCAAGTCCAAACTG-1,-0.24615846973214134
CXCR3-,MS,CSF_9,CGCGGTAAGCTCAACT-1,0.10295094581744865
CXCR3-,MS,CSF_9,CGCTGGACAGGGCATA-1,-0.10056797643315316
CXCR3+,MS,CSF_9,CGCTTCAAGAGTAAGG-1,0.12062250368697121
CXCR3-,MS,CSF_9,CGCTTCACAACTGCGC-1,0.2886194671880092
CXCR3-,MS,CSF_9,CGCTTCATCCTGCAGG-1,-0.4220432157984241
CXCR3-,MS,CSF_9,CGCTTCATCGTGGGAA-1,-0.025489998272237684
CXCR3+,MS,CSF_9,CGGACACCACATGTGT-1,0.3578486995413521
CXCR3+,MS,CSF_9,CGGAGCTAGCGCTTAT-1,0.14512184104705422
CXCR3-,MS,CSF_9,CGGAGTCAGCTAAACA-1,-0.04161346496471396
CXCR3-,MS,CSF_9,CGGCTAGTCTGCGACG-1,0.3617421787728983
CXCR3+,MS,CSF_9,CGTAGCGAGAAGGACA-1,0.10711011219555631
CXCR3-,MS,CSF_9,CGTAGCGCAGGTGCCT-1,-0.3244219300017718
CXCR3-,MS,CSF_9,CGTAGGCGTGTCTGAT-1,-0.10056797643315316
CXCR3-,MS,CSF_9,CGTCCATAGTTTGCGT-1,0.27510104583806044
CXCR3-,MS,CSF_9,CGTCTACGTAGAGCTG-1,-0.10056797643315316
CXCR3-,MS,CSF_9,CGTGTAACACATGGGA-1,0.2305177560659105
CXCR3-,MS,CSF_9,CGTGTCTCATACAGCT-1,-0.7449454541752025
CXCR3-,MS,CSF_9,CGTTCTGCATTCACTT-1,-0.03528338798839813
CXCR3-,MS,CSF_9,CGTTCTGTCATTTGGG-1,-0.2989509194092673
CXCR3-,MS,CSF_9,CGTTGGGTCGGATGGA-1,-0.04177845001145899
CXCR3+,MS,CSF_9,CTACACCCATCTCGCT-1,-0.10056797643315316
CXCR3-,MS,CSF_9,CTACGTCAGCTGCCCA-1,0.031297732312907826
CXCR3-,MS,CSF_9,CTCAGAATCTGGGCCA-1,0.32777928489046854
CXCR3-,MS,CSF_9,CTCCTAGAGTACGCCC-1,0.16354254764214854
CXCR3+,MS,CSF_9,CTCGAAAAGGCTCTTA-1,0.10747264200956827
CXCR3+,MS,CSF_9,CTCGAGGCAATGGACG-1,0.08762106293383938
CXCR3-,MS,CSF_9,CTCGGAGGTATGCTTG-1,0.45617493178349855
CXCR3-,MS,CSF_9,CTCTAATAGCGATGAC-1,-0.10056797643315316
CXCR3-,MS,CSF_9,CTCTGGTAGGTGGGTT-1,0.34745898496651184
CXCR3-,MS,CSF_9,CTCTGGTAGTGCCAGA-1,0.13594026756442437
CXCR3-,MS,CSF_9,CTGAAACAGCGTTCCG-1,-0.10056797643315316
CXCR3-,MS,CSF_9,CTGAAACAGGCTATCT-1,0.6241208368372131
CXCR3-,MS,CSF_9,CTGAAACTCTAACTGG-1,0.31408162479587015
CXCR3+,MS,CSF_9,CTGATAGCACCGAATT-1,0.05989758082125068
CXCR3+,MS,CSF_9,CTGATAGCAGCCAATT-1,-0.0625095253042206
CXCR3-,MS,CSF_9,CTGATAGGTTGGTAAA-1,-0.10056797643315316
CXCR3+,MS,CSF_9,CTGATAGTCAACACTG-1,-0.10056797643315316
CXCR3-,MS,CSF_9,CTGCCTAAGGTGATAT-1,-0.6472208515558947
CXCR3-,MS,CSF_9,CTTAACTCACAGAGGT-1,-0.10056797643315316
CXCR3+,MS,CSF_9,CTTACCGTCCAAGTAC-1,0.47796495015469587
CXCR3-,MS,CSF_9,CTTCTCTGTACTCGCG-1,-0.36421202403701247
CXCR3-,MS,CSF_9,CTTCTCTTCTGTCAAG-1,-0.10056797643315316
CXCR3-,MS,CSF_9,CTTGGCTTCAGGTAAA-1,-0.10056797643315316
CXCR3-,MS,CSF_9,CTTTGCGCATATACGC-1,-0.23637163904768807
CXCR3-,MS,CSF_9,CTTTGCGGTGACTCAT-1,-0.06185296928198358
CXCR3-,MS,CSF_9,GAAACTCGTCCATCCT-1,0.2423070332504112
CXCR3-,MS,CSF_9,GAAATGAAGCACCGTC-1,-0.44382687236342966
CXCR3-,MS,CSF_9,GAAATGAGTCTCTTAT-1,0.12337828724857923
CXCR3-,MS,CSF_9,GAATAAGCATGTCTCC-1,-0.10056797643315316
CXCR3+,MS,CSF_9,GACCAATAGGCATTGG-1,0.002358104611325732
CXCR3-,MS,CSF_9,GACGCGTCAAACCTAC-1,-0.39963892251693184
CXCR3-,MS,CSF_9,GACGCGTTCAAGGCTT-1,-0.10056797643315316
CXCR3-,MS,CSF_9,GACGGCTAGACACTAA-1,-0.7057542347185243
CXCR3-,MS,CSF_9,GACGGCTAGTGGGATC-1,-0.25371742272603687
CXCR3-,MS,CSF_9,GACGTGCGTATTAGCC-1,-0.2384632268599039
CXCR3-,MS,CSF_9,GACGTTACAAACCTAC-1,-0.20782599119198855
CXCR3-,MS,CSF_9,GACTAACCAGGAATGC-1,0.3286570041631634
CXCR3+,MS,CSF_9,GACTACAAGAAACCTA-1,0.29166961577429634
CXCR3+,MS,CSF_9,GACTACAAGACAGAGA-1,-0.4137983341807824
CXCR3-,MS,CSF_9,GACTACAAGTACGATA-1,-0.2897365806596594
CXCR3-,MS,CSF_9,GAGGTGAAGCCATCGC-1,0.11297659701830655
CXCR3+,MS,CSF_9,GAGGTGATCTTGGGTA-1,-0.05923935951663373
CXCR3-,MS,CSF_9,GAGTCCGCACAGACAG-1,-0.10056797643315316
CXCR3-,MS,CSF_9,GAGTCCGGTGTTCGAT-1,0.13893822368445233
CXCR3-,MS,CSF_9,GATCGTAAGCCACCTG-1,0.2934651177710528
CXCR3+,MS,CSF_9,GATCGTAAGTATCTCG-1,-0.10056797643315316
CXCR3+,MS,CSF_9,GATGAGGCACCACGTG-1,0.26932110828032113
CXCR3-,MS,CSF_9,GATGCTACACTTGGAT-1,0.1469704937654369
CXCR3-,MS,CSF_9,GATTCAGAGGGATGGG-1,-0.10056797643315316
CXCR3-,MS,CSF_9,GCAAACTGTGGCAAAC-1,0.3461412328305637
CXCR3-,MS,CSF_9,GCAAACTTCGCGTAGC-1,-0.3919273220390166
CXCR3-,MS,CSF_9,GCACATATCCTCAATT-1,0.3468195057642762
CXCR3+,MS,CSF_9,GCAGCCATCTACTTAC-1,-0.17948118039439626
CXCR3-,MS,CSF_9,GCAGTTATCGTGTAGT-1,-0.10056797643315316
CXCR3-,MS,CSF_9,GCATACAAGTGTTAGA-1,0.35242866885213653
CXCR3-,MS,CSF_9,GCATACAAGTTCCACA-1,0.1110091028767982
CXCR3-,MS,CSF_9,GCCAAATTCTTGCATT-1,-0.10056797643315316
CXCR3-,MS,CSF_9,GCGACCACAAACCCAT-1,-0.13097890697107634
CXCR3-,MS,CSF_9,GCGACCAGTAGCGTCC-1,-0.2216835197481603
CXCR3+,MS,CSF_9,GCGACCATCCAGAGGA-1,-0.11270863726706891
CXCR3-,MS,CSF_9,GCGCAACAGATGGCGT-1,-0.14930323434804696
CXCR3-,MS,CSF_9,GCGCAACTCGCATGAT-1,0.5926852289181826
CXCR3+,MS,CSF_9,GCTCCTAGTGGACGAT-1,-0.07926580108551876
CXCR3-,MS,CSF_9,GCTCCTATCTCACATT-1,-0.030988722515697335
CXCR3+,MS,CSF_9,GCTCTGTGTGAGGCTA-1,0.3532964224332699
CXCR3-,MS,CSF_9,GCTGCAGGTCGGCACT-1,-0.10056797643315316
CXCR3-,MS,CSF_9,GCTGCTTAGAGACTTA-1,0.022398618793374188
CXCR3-,MS,CSF_9,GCTGCTTAGGACATTA-1,0.16031925902653418
CXCR3-,MS,CSF_9,GCTGCTTTCACAGGCC-1,0.3525650936667585
CXCR3-,MS,CSF_9,GCTTCCAAGTACGCGA-1,0.11322672952876531
CXCR3-,MS,CSF_9,GCTTCCACATGAACCT-1,0.6793701148391429
CXCR3-,MS,CSF_9,GCTTCCATCCCTCAGT-1,0.0736834236658536
CXCR3-,MS,CSF_9,GGAAAGCGTCATATCG-1,-0.4136537171309114
CXCR3-,MS,CSF_9,GGAACTTCATCGGTTA-1,0.0603050464836663
CXCR3-,MS,CSF_9,GGAACTTTCAATACCG-1,-0.10056797643315316
CXCR3-,MS,CSF_9,GGAATAACACCTTGTC-1,0.2428807196812117
CXCR3-,MS,CSF_9,GGAATAATCAAACGGG-1,0.256396589782874
CXCR3-,MS,CSF_9,GGACAGAGTCCAGTGC-1,0.499281070721793
CXCR3-,MS,CSF_9,GGACGTCAGCTAAGAT-1,0.9618835528872145
CXCR3-,MS,CSF_9,GGACGTCAGTTTCCTT-1,-0.10056797643315316
CXCR3+,MS,CSF_9,GGATGTTCACTGTGTA-1,0.33554317190306626
CXCR3-,MS,CSF_9,GGATTACCAAAGGAAG-1,-0.10056797643315316
CXCR3-,MS,CSF_9,GGCCGATGTGACTACT-1,0.7005329426135775
CXCR3+,MS,CSF_9,GGCTCGAAGAGGGCTT-1,-1.2350377958679386
CXCR3-,MS,CSF_9,GGCTCGACAACAACCT-1,0.26478675980654204
CXCR3-,MS,CSF_9,GGCTGGTCAACACCTA-1,-0.34920585821964484
CXCR3-,MS,CSF_9,GGGATGAGTGATGTCT-1,-0.24053711743494238
CXCR3-,MS,CSF_9,GGGCATCGTCCGTTAA-1,0.28285677209419824
CXCR3-,MS,CSF_9,GGGCATCTCTGCCCTA-1,0.0958412992978349
CXCR3-,MS,CSF_9,GGGTCTGCAAGCGAGT-1,0.08522407877840858
CXCR3-,MS,CSF_9,GGGTTGCCATACGCCG-1,-0.629492115914994
CXCR3+,MS,CSF_9,GGTATTGAGCTACCGC-1,-0.5839557937891932
CXCR3+,MS,CSF_9,GGTATTGAGGACAGAA-1,0.060911995758752134
CXCR3+,MS,CSF_9,GGTATTGTCTTCTGGC-1,-0.3728977913210418
CXCR3+,MS,CSF_9,GGTGAAGTCACCGTAA-1,-0.10056797643315316
CXCR3+,MS,CSF_9,GGTGCGTGTACTCAAC-1,0.577391034913032
CXCR3+,MS,CSF_9,GTAACGTAGGGCACTA-1,-0.6498282531976223
CXCR3-,MS,CSF_9,GTAACTGAGGAATGGA-1,0.31802746652367203
CXCR3-,MS,CSF_9,GTAACTGGTGCTGTAT-1,0.2808290448665245
CXCR3+,MS,CSF_9,GTACGTACATTATCTC-1,0.028500918392663048
CXCR3+,MS,CSF_9,GTACGTATCATGTCTT-1,-0.1339514185611701
CXCR3-,MS,CSF_9,GTAGTCATCCACTCCA-1,-0.32243250436271725
CXCR3+,MS,CSF_9,GTAGTCATCCTAAGTG-1,0.06956530105676033
CXCR3-,MS,CSF_9,GTATTCTAGCCAGGAT-1,-0.1162841925763229
CXCR3-,MS,CSF_9,GTATTCTTCTAAGCCA-1,1.3987176019105263
CXCR3-,MS,CSF_9,GTCAAGTAGGCTAGGT-1,-0.32310330720935204
CXCR3-,MS,CSF_9,GTCACAAAGCCACTAT-1,0.2893070489927952
CXCR3-,MS,CSF_9,GTCACAACAGTAAGAT-1,-0.10056797643315316
CXCR3+,MS,CSF_9,GTCACAATCCGAACGC-1,0.10955549720018552
CXCR3-,MS,CSF_9,GTCATTTAGTATCGAA-1,0.5673969769581257
CXCR3-,MS,CSF_9,GTCATTTCAAGAAAGG-1,0.27868798637508835
CXCR3-,MS,CSF_9,GTCGGGTAGCTGTCTA-1,0.16521166311665497
CXCR3-,MS,CSF_9,GTCGGGTCAGGTGGAT-1,-0.10056797643315316
CXCR3+,MS,CSF_9,GTCGTAACAGGGTTAG-1,0.33232388258880924
CXCR3+,MS,CSF_9,GTCGTAAGTTCCGTCT-1,0.09875188395508218
CXCR3-,MS,CSF_9,GTCTTCGTCGCCATAA-1,-0.2501389849632393
CXCR3-,MS,CSF_9,GTGCAGCCAGAGTGTG-1,-0.2109444103445625
CXCR3+,MS,CSF_9,GTGCGGTAGACACTAA-1,-0.06026628304480657
CXCR3-,MS,CSF_9,GTGGGTCAGAGGTACC-1,0.20781501854545117
CXCR3-,MS,CSF_9,GTGTGCGGTGCCTGTG-1,-0.11928085039658773
CXCR3-,MS,CSF_9,GTGTGCGGTGGCGAAT-1,0.084543798380873
CXCR3+,MS,CSF_9,GTGTTAGGTCTGCGGT-1,-0.39759961383110226
CXCR3-,MS,CSF_9,GTTCATTGTTGTGGCC-1,-0.5797899665361854
CXCR3-,MS,CSF_9,GTTTCTAGTATTAGCC-1,0.4423406906827676
CXCR3-,MS,CSF_9,GTTTCTATCGTGTAGT-1,-0.3607426749248898
CXCR3-,MS,CSF_9,TAAACCGGTCATCGGC-1,0.6802584921154794
CXCR3+,MS,CSF_9,TAAACCGTCGGATGGA-1,0.5535452194536096
CXCR3-,MS,CSF_9,TACACGAAGTTAGCGG-1,-0.10056797643315316
CXCR3+,MS,CSF_9,TACACGAGTAGTAGTA-1,-0.3900298477218073
CXCR3-,MS,CSF_9,TACACGATCCGATATG-1,-0.25497587725711063
CXCR3+,MS,CSF_9,TACAGTGTCACCACCT-1,0.28486820297543425
CXCR3+,MS,CSF_9,TACCTATAGGCCATAG-1,0.10157013913292316
CXCR3-,MS,CSF_9,TACCTTAAGACCTAGG-1,-0.22285882311703822
CXCR3+,MS,CSF_9,TACGGGCGTCAAAGCG-1,0.1855221233046874
CXCR3-,MS,CSF_9,TACGGTATCGCGTAGC-1,-0.10056797643315316
CXCR3-,MS,CSF_9,TACTCATGTGCCTGGT-1,0.6762026449882553
CXCR3-,MS,CSF_9,TACTCATGTGGCGAAT-1,-0.10056797643315316
CXCR3-,MS,CSF_9,TACTCGCAGGAATTAC-1,0.074000646772329
CXCR3-,MS,CSF_9,TACTTGTAGCCCGAAA-1,-0.10056797643315316
CXCR3-,MS,CSF_9,TAGAGCTGTTCAGGCC-1,-0.10056797643315316
CXCR3+,MS,CSF_9,TAGCCGGCATCCGCGA-1,-0.10056797643315316
CXCR3+,MS,CSF_9,TAGCCGGGTACCGTTA-1,-0.39975234548816285
CXCR3-,MS,CSF_9,TAGGCATAGAGCAATT-1,-0.10056797643315316
CXCR3-,MS,CSF_9,TAGTTGGCACGCTTTC-1,0.07680349895537908
CXCR3-,MS,CSF_9,TATCAGGGTTGTTTGG-1,-0.29913750479432694
CXCR3-,MS,CSF_9,TATCTCAGTTATCCGA-1,-0.4078041252994083
CXCR3-,MS,CSF_9,TATGCCCCAGGCGATA-1,-0.10056797643315316
CXCR3-,MS,CSF_9,TATGCCCTCCCGACTT-1,0.08184507655551851
CXCR3-,MS,CSF_9,TCAACGAAGTAAGTAC-1,-0.04555967860056604
CXCR3-,MS,CSF_9,TCAACGACACACTGCG-1,0.19383519458465998
CXCR3-,MS,CSF_9,TCACAAGTCGCCTGAG-1,-0.14629407152616672
CXCR3-,MS,CSF_9,TCACGAATCGAACGGA-1,0.02894497919954778
CXCR3+,MS,CSF_9,TCAGCTCAGGCGTACA-1,0.007347473135981275
CXCR3-,MS,CSF_9,TCAGGATGTCAAAGCG-1,-0.5438138768774577
CXCR3+,MS,CSF_9,TCAGGTAAGAGATGAG-1,0.11579803539333963
CXCR3-,MS,CSF_9,TCCACACGTCAAGCGA-1,0.3162249251858373
CXCR3-,MS,CSF_9,TCCACACGTCTAGTCA-1,-0.262982493703068
CXCR3-,MS,CSF_9,TCCCGATTCATCATTC-1,0.7559877619188758
CXCR3+,MS,CSF_9,TCGAGGCAGCCCAATT-1,0.17684211069464156
CXCR3-,MS,CSF_9,TCGAGGCTCACAGTAC-1,0.3535824892875471
CXCR3+,MS,CSF_9,TCGCGAGAGATCCCGC-1,0.07717753232117643
CXCR3+,MS,CSF_9,TCGCGTTCAAGGCTCC-1,-0.0976080485964319
CXCR3-,MS,CSF_9,TCGGGACCAAGGGTCA-1,0.20079751282561947
CXCR3-,MS,CSF_9,TCGGGACTCAGCTCTC-1,-0.021461932814208513
CXCR3-,MS,CSF_9,TCGTACCGTTCTGTTT-1,-0.29603295045781536
CXCR3-,MS,CSF_9,TCGTAGAAGAGGGCTT-1,0.007595545548546768
CXCR3-,MS,CSF_9,TCGTAGAAGTAGGTGC-1,-0.021486142262434522
CXCR3+,MS,CSF_9,TCGTAGATCAACGGGA-1,-0.17978671249197378
CXCR3-,MS,CSF_9,TCTCATATCTTGCCGT-1,0.13351391635673576
CXCR3+,MS,CSF_9,TCTCTAACACTAAGTC-1,0.21139583769166626
CXCR3-,MS,CSF_9,TCTGAGAAGGAGCGTT-1,0.7673518762966165
CXCR3-,MS,CSF_9,TCTGAGATCAAGCCTA-1,-0.4858900998184943
CXCR3-,MS,CSF_9,TCTTTCCAGTGCGATG-1,-0.8095216549884426
CXCR3-,MS,CSF_9,TCTTTCCGTACAGTGG-1,-0.10056797643315316
CXCR3-,MS,CSF_9,TGAAAGATCAATACCG-1,-0.10056797643315316
CXCR3+,MS,CSF_9,TGACTAGCATGCCCGA-1,-0.022757990724143546
CXCR3+,MS,CSF_9,TGAGCATAGAGTGAGA-1,0.2706635232147835
CXCR3-,MS,CSF_9,TGAGGGACACCGGAAA-1,-0.26711527712195493
CXCR3-,MS,CSF_9,TGCACCTTCCGTACAA-1,-0.2721232632981717
CXCR3+,MS,CSF_9,TGCCAAAGTTATCGGT-1,-0.07108053325199197
CXCR3-,MS,CSF_9,TGCCCTATCCAACCAA-1,0.04827071073392913
CXCR3+,MS,CSF_9,TGCGCAGAGGACCACA-1,0.3818532288719059
CXCR3-,MS,CSF_9,TGCGCAGGTCACCTAA-1,-0.37911522739182324
CXCR3-,MS,CSF_9,TGCGCAGGTGGAAAGA-1,0.16936114312428502
CXCR3-,MS,CSF_9,TGCGTGGAGACCACGA-1,0.1516150766019697
CXCR3-,MS,CSF_9,TGCGTGGGTAGGAGTC-1,-0.5814247739647297
CXCR3+,MS,CSF_9,TGCTACCAGCAATATG-1,0.040427420320997186
CXCR3-,MS,CSF_9,TGGCCAGGTGAGGGAG-1,-0.5337053765555334
CXCR3-,MS,CSF_9,TGGCGCACAAACGCGA-1,0.10965429820938796
CXCR3-,MS,CSF_9,TGGGAAGAGGTGATAT-1,-0.10096490370617033
CXCR3-,MS,CSF_9,TGGGCGTAGCTGCCCA-1,-0.2416015369193545
CXCR3-,MS,CSF_9,TGGGCGTAGTAACCCT-1,-1.1187645710831255
CXCR3-,MS,CSF_9,TGGTTAGCATCGGAAG-1,-0.10056797643315316
CXCR3+,MS,CSF_9,TGTATTCAGTACGCGA-1,-0.028996607818032847
CXCR3-,MS,CSF_9,TGTGTTTGTCCATGAT-1,0.11949861149136908
CXCR3-,MS,CSF_9,TGTGTTTTCGTGTAGT-1,-0.10056797643315316
CXCR3-,MS,CSF_9,TGTTCCGAGACACTAA-1,-0.687838767346376
CXCR3+,MS,CSF_9,TTAGTTCGTACCCAAT-1,-0.07468635318962305
CXCR3-,MS,CSF_9,TTAGTTCTCCTGCTTG-1,-0.13925469619136346
CXCR3-,MS,CSF_9,TTCCCAGTCGCCCTTA-1,0.3335540708088433
CXCR3+,MS,CSF_9,TTCGAAGAGGACTGGT-1,-0.1876858978189413
CXCR3-,MS,CSF_9,TTCGAAGAGGCCATAG-1,0.7536044131224642
CXCR3-,MS,CSF_9,TTCGGTCAGATATGCA-1,0.26548499476536946
CXCR3-,MS,CSF_9,TTCGGTCCACATTTCT-1,-0.2239897423791307
CXCR3-,MS,CSF_9,TTCGGTCTCAAGGCTT-1,0.07998797990078872
CXCR3-,MS,CSF_9,TTCTACAGTAGATTAG-1,1.6879051244520178
CXCR3-,MS,CSF_9,TTGACTTGTCCATCCT-1,0.13699125999740752
CXCR3-,MS,CSF_9,TTGCCGTAGACATAAC-1,-0.3251142046453512
CXCR3-,MS,CSF_9,TTGCGTCAGATACACA-1,0.02461273701095245
CXCR3-,MS,CSF_9,TTGCGTCAGCGTTGCC-1,-0.07863394962354507
CXCR3-,MS,CSF_9,TTGGCAACAGCCTTGG-1,-0.2707110786342956
CXCR3+,MS,CSF_9,TTGGCAAGTGCGAAAC-1,-0.09538149123517271
CXCR3+,MS,CSF_9,TTGTAGGGTAAAGTCA-1,0.14170083149764276
CXCR3-,MS,CSF_9,TTGTAGGGTGATGATA-1,-0.4300764977530948
CXCR3+,MS,CSF_9,TTTACTGAGTGTACCT-1,-0.09514608130174719
CXCR3-,MS,CSF_9,TTTACTGCACCGTTGG-1,-0.24935776736953966
CXCR3-,MS,CSF_9,TTTATGCTCCAATGGT-1,-0.43881936699874735
CXCR3+,MS,CSF_9,TTTGCGCGTCATCGGC-1,-0.5842760694363254
CXCR3-,MS,CSF_9,TTTGCGCGTTACGCGC-1,0.10842839956684222
CXCR3-,MS,CSF_9,TTTGGTTCAGCGTAAG-1,0.08244055720860854
CXCR3-,MS,CSF_10,AAACCTGAGCTGCAAG-1,-0.30672689392444974
CXCR3+,MS,CSF_10,AAACGGGAGAAGATTC-1,-0.10056797643315316
CXCR3-,MS,CSF_10,AAAGATGTCTCTTATG-1,-0.23070953375013645
CXCR3-,MS,CSF_10,AAAGCAAGTCGAACAG-1,-0.2728716971775314
CXCR3+,MS,CSF_10,AACCGCGAGTGAAGTT-1,0.545325119963357
CXCR3+,MS,CSF_10,AACCGCGCACAGTCGC-1,-0.31262573716270925
CXCR3+,MS,CSF_10,AAGCCGCCATAGGATA-1,-0.2943743221453089
CXCR3-,MS,CSF_10,AATCGGTCACACCGAC-1,-0.13477710746369256
CXCR3+,MS,CSF_10,AATCGGTGTTACTGAC-1,-0.229435191659525
CXCR3-,MS,CSF_10,ACACCCTGTGTGGTTT-1,-0.9397878538167407
CXCR3-,MS,CSF_10,ACAGCCGCAGAGCCAA-1,0.011501454322600793
CXCR3-,MS,CSF_10,ACAGCTACACTGTTAG-1,-0.5779045422437072
CXCR3+,MS,CSF_10,ACATACGCAGACACTT-1,0.016800285917149754
CXCR3-,MS,CSF_10,ACCAGTAGTTACCGAT-1,-0.22460853462035585
CXCR3-,MS,CSF_10,ACCCACTCATACCATG-1,-0.10056797643315316
CXCR3-,MS,CSF_10,ACCCACTGTGCTAGCC-1,-0.3314844565296872
CXCR3-,MS,CSF_10,ACCTTTACACCACCAG-1,-0.5138572802415214
CXCR3-,MS,CSF_10,ACCTTTATCAAACGGG-1,0.5186037613164882
CXCR3-,MS,CSF_10,ACCTTTATCTGCAGTA-1,0.19703558925436093
CXCR3+,MS,CSF_10,ACGATACCATTTCACT-1,-0.5456148047268885
CXCR3+,MS,CSF_10,ACGATACGTCAAACTC-1,0.21514841666287868
CXCR3-,MS,CSF_10,ACGATGTCAAGTTCTG-1,-0.10056797643315316
CXCR3-,MS,CSF_10,ACGATGTGTAAACACA-1,0.07872531055060958
CXCR3-,MS,CSF_10,ACTATCTAGTTGAGAT-1,1.0880655618647945
CXCR3-,MS,CSF_10,ACTGAGTCAATGAAAC-1,0.454871223714778
CXCR3+,MS,CSF_10,ACTGAGTCACAGACTT-1,0.1831040121596296
CXCR3+,MS,CSF_10,ACTGATGGTGCACTTA-1,-0.0013921361026047701
CXCR3+,MS,CSF_10,ACTGTCCGTCCGACGT-1,-0.7636670292917298
CXCR3+,MS,CSF_10,ACTGTCCTCATTATCC-1,-0.3318215103653272
CXCR3+,MS,CSF_10,AGACGTTTCGGACAAG-1,0.09069312197037083
CXCR3-,MS,CSF_10,AGCAGCCTCGGCTTGG-1,0.7087164860227126
CXCR3+,MS,CSF_10,AGCATACAGCTCCTCT-1,0.6118828813902517
CXCR3+,MS,CSF_10,AGCCTAACATGTCCTC-1,0.7474325446373611
CXCR3-,MS,CSF_10,AGCTTGACACATTCGA-1,-0.18640560850098992
CXCR3+,MS,CSF_10,AGGGATGGTTATCACG-1,-0.20938677985744905
CXCR3+,MS,CSF_10,AGTAGTCTCTGGTTCC-1,-0.10056797643315316
CXCR3-,MS,CSF_10,AGTCTTTAGTTCGATC-1,-0.12124073041459182
CXCR3-,MS,CSF_10,AGTGGGACACATTTCT-1,-0.10056797643315316
CXCR3-,MS,CSF_10,AGTTGGTTCCTGTACC-1,0.07146882494138533
CXCR3+,MS,CSF_10,ATAACGCTCGCACTCT-1,-0.27252507340261745
CXCR3+,MS,CSF_10,ATAAGAGGTATCGCAT-1,0.11220079147927363
CXCR3-,MS,CSF_10,ATAGACCTCCATGCTC-1,0.16653477771358333
CXCR3-,MS,CSF_10,ATAGACCTCGTAGGAG-1,-0.10056797643315316
CXCR3+,MS,CSF_10,ATAGACCTCTTTAGGG-1,-0.21984501652896485
CXCR3+,MS,CSF_10,ATCATGGCACTATCTT-1,-0.5108262002370909
CXCR3+,MS,CSF_10,ATCTGCCTCAATCACG-1,-0.32602609947147726
CXCR3+,MS,CSF_10,ATGCGATGTCGGCACT-1,-0.06628167006817105
CXCR3-,MS,CSF_10,ATGGGAGCAGAAGCAC-1,-0.2295710584963408
CXCR3-,MS,CSF_10,ATGGGAGCAGCCTGTG-1,0.19265370614015317
CXCR3-,MS,CSF_10,ATGTGTGTCATGTCTT-1,0.2359454698679046
CXCR3-,MS,CSF_10,ATTATCCGTTCTGGTA-1,0.2299379045636297
CXCR3-,MS,CSF_10,ATTCTACTCACATGCA-1,-0.08155420356592687
CXCR3+,MS,CSF_10,CAACTAGCATGTCTCC-1,-0.10056797643315316
CXCR3-,MS,CSF_10,CAACTAGGTGCAACTT-1,0.01584116913772436
CXCR3-,MS,CSF_10,CAAGTTGAGTCATCCA-1,-0.2676857016153567
CXCR3+,MS,CSF_10,CACACAAGTCTAGTCA-1,0.03604724068865143
CXCR3-,MS,CSF_10,CACAGGCAGGTGTGGT-1,0.19959289987875614
CXCR3-,MS,CSF_10,CACATAGAGCTATGCT-1,0.6658136615841419
CXCR3+,MS,CSF_10,CACATAGTCTATCCCG-1,-0.24220108077113972
CXCR3+,MS,CSF_10,CACTCCAAGATGAGAG-1,0.5044705571323169
CXCR3+,MS,CSF_10,CACTCCATCAAACCAC-1,0.03719838182876737
CXCR3-,MS,CSF_10,CAGAGAGGTTGTGGCC-1,-0.10056797643315316
CXCR3+,MS,CSF_10,CAGATCAGTCCGAAGA-1,-0.10056797643315316
CXCR3-,MS,CSF_10,CAGCAGCAGGTGCTAG-1,-1.0455146872903727
CXCR3-,MS,CSF_10,CAGCGACTCTCCCTGA-1,0.05866469788221914
CXCR3-,MS,CSF_10,CAGCTGGTCACCAGGC-1,-0.10056797643315316
CXCR3+,MS,CSF_10,CAGTAACGTAAGAGGA-1,-0.2522561667877873
CXCR3-,MS,CSF_10,CATATTCAGATCCTGT-1,-0.6170858922434835
CXCR3+,MS,CSF_10,CATCGAAAGTTCGCGC-1,-0.3944993513162428
CXCR3-,MS,CSF_10,CATGACAGTTTGACAC-1,-0.27694612762743503
CXCR3+,MS,CSF_10,CATTATCGTCCAACTA-1,-0.10056797643315316
CXCR3-,MS,CSF_10,CCAATCCTCGAATGGG-1,0.49057874957093944
CXCR3+,MS,CSF_10,CCACCTATCTAGCACA-1,-0.24401115795000847
CXCR3-,MS,CSF_10,CCACGGAAGTGGACGT-1,0.29243257726263094
CXCR3-,MS,CSF_10,CCAGCGAAGTCGTACT-1,0.5709398262421247
CXCR3-,MS,CSF_10,CCCAGTTTCACAACGT-1,0.23667385068669436
CXCR3+,MS,CSF_10,CCCAGTTTCTGGGCCA-1,-0.08852042694072944
CXCR3-,MS,CSF_10,CCCTCCTAGTTCGCAT-1,0.46038029327220287
CXCR3+,MS,CSF_10,CCGGGATAGCTATGCT-1,-0.10056797643315316
CXCR3+,MS,CSF_10,CCGGGATGTCCTGCTT-1,-0.10056797643315316
CXCR3+,MS,CSF_10,CCGGTAGGTGACAAAT-1,-0.3707443355027025
CXCR3+,MS,CSF_10,CCGGTAGTCTTGTTTG-1,-0.10056797643315316
CXCR3-,MS,CSF_10,CCGTGGATCGTGGACC-1,0.14947887671019688
CXCR3-,MS,CSF_10,CCGTTCACAGGAATCG-1,-0.10056797643315316
CXCR3-,MS,CSF_10,CCGTTCATCGCCAAAT-1,-0.5816536201481893
CXCR3+,MS,CSF_10,CCTAAAGAGATAGCAT-1,-0.22086414706777166
CXCR3+,MS,CSF_10,CCTACACAGTGGAGAA-1,-0.23479703148273678
CXCR3+,MS,CSF_10,CCTACCAGTGCCTGCA-1,-0.10056797643315316
CXCR3-,MS,CSF_10,CCTCAGTGTCCTAGCG-1,-0.3729772003773508
CXCR3-,MS,CSF_10,CCTCTGACAAGGTTCT-1,-0.39509642460891875
CXCR3+,MS,CSF_10,CGACTTCCAGCTTAAC-1,0.5668487528118492
CXCR3-,MS,CSF_10,CGAGAAGAGCCCGAAA-1,-0.3379237064262056
CXCR3-,MS,CSF_10,CGAGAAGCACACTGCG-1,-0.6604802506642571
CXCR3+,MS,CSF_10,CGAGCACGTTCCGGCA-1,-0.211732243421569
CXCR3-,MS,CSF_10,CGAGCACTCAATAAGG-1,0.41005384971192643
CXCR3-,MS,CSF_10,CGATTGACAGCTCGAC-1,-0.2916896771180421
CXCR3+,MS,CSF_10,CGCTTCAGTTGTACAC-1,0.4673135424776841
CXCR3+,MS,CSF_10,CGGACACAGTCCAGGA-1,-0.0388651737112446
CXCR3+,MS,CSF_10,CGGACACCATGGATGG-1,0.14173579975540324
CXCR3+,MS,CSF_10,CGGACGTCACCAGTTA-1,-0.10056797643315316
CXCR3+,MS,CSF_10,CGGACTGGTCTCCACT-1,-0.12602026243628336
CXCR3+,MS,CSF_10,CGGCTAGCAATGCCAT-1,0.03522369871300733
CXCR3-,MS,CSF_10,CGGTTAAAGGCTCTTA-1,0.0017910161076144199
CXCR3+,MS,CSF_10,CGTAGCGGTTCACGGC-1,0.18731228478047587
CXCR3+,MS,CSF_10,CGTAGGCCATTCACTT-1,0.08882033761170073
CXCR3+,MS,CSF_10,CGTAGGCTCGACCAGC-1,-0.029165228124769387
CXCR3+,MS,CSF_10,CGTAGGCTCGGAGCAA-1,0.46569818433292465
CXCR3-,MS,CSF_10,CGTCAGGAGGCGTACA-1,-0.10056797643315316
CXCR3-,MS,CSF_10,CGTCTACAGACTAGGC-1,-0.8818546976299861
CXCR3-,MS,CSF_10,CGTGTAACATATACCG-1,-0.10056797643315316
CXCR3+,MS,CSF_10,CGTTAGACACAACGTT-1,-0.10056797643315316
CXCR3+,MS,CSF_10,CTAACTTAGTCGATAA-1,-0.34733752306264565
CXCR3-,MS,CSF_10,CTAATGGCACAGAGGT-1,0.1596314516902549
CXCR3+,MS,CSF_10,CTACACCTCCCTCTTT-1,0.14480323185603508
CXCR3-,MS,CSF_10,CTACATTAGTTACCCA-1,-0.4275524906379159
CXCR3+,MS,CSF_10,CTAGAGTTCCGCAGTG-1,-0.4523216890445471
CXCR3-,MS,CSF_10,CTCACACAGGTGCTAG-1,-0.10056797643315316
CXCR3+,MS,CSF_10,CTCCTAGGTTCGGGCT-1,-0.32197806375440213
CXCR3-,MS,CSF_10,CTCCTAGTCGAGAACG-1,-0.10056797643315316
CXCR3-,MS,CSF_10,CTCGAAAAGTGGACGT-1,-0.029557031557705362
CXCR3+,MS,CSF_10,CTCGGAGCATCGTCGG-1,-0.6034885576656858
CXCR3+,MS,CSF_10,CTCGTACCACTGTGTA-1,-0.5299157914207806
CXCR3-,MS,CSF_10,CTCGTCATCCCAAGAT-1,0.11812494270003228
CXCR3+,MS,CSF_10,CTCTAATAGTACGTTC-1,-0.25334404711335773
CXCR3+,MS,CSF_10,CTCTAATGTTGGACCC-1,-0.10056797643315316
CXCR3-,MS,CSF_10,CTGAAGTCAAGCTGTT-1,-0.33866300956428763
CXCR3+,MS,CSF_10,CTGAAGTCACCAGGTC-1,-0.3035878610549054
CXCR3+,MS,CSF_10,CTGATCCGTGCTTCTC-1,0.01611053361869941
CXCR3-,MS,CSF_10,CTGCCTACATTAACCG-1,-0.07511076425487309
CXCR3-,MS,CSF_10,CTGCTGTCACGGCCAT-1,0.2932711165001636
CXCR3-,MS,CSF_10,CTTAGGAAGAGGTACC-1,-0.9290234909357293
CXCR3+,MS,CSF_10,CTTGGCTCAAGCCGCT-1,0.2610314032894556
CXCR3+,MS,CSF_10,CTTGGCTGTCGGCATC-1,-0.02887164194905245
CXCR3+,MS,CSF_10,CTTGGCTTCCATGAGT-1,0.046397944732077714
CXCR3+,MS,CSF_10,GAAACTCAGTGTTGAA-1,0.025366937704460208
CXCR3+,MS,CSF_10,GAACATCAGCGCCTTG-1,-0.08636697180004323
CXCR3-,MS,CSF_10,GAACATCCAGACTCGC-1,-0.32469223279172305
CXCR3-,MS,CSF_10,GAACATCTCGCCGTGA-1,-0.2503750678602282
CXCR3+,MS,CSF_10,GAACGGAGTACCGAGA-1,-0.22795598284793295
CXCR3-,MS,CSF_10,GAAGCAGTCGCAAACT-1,0.5065727590344661
CXCR3-,MS,CSF_10,GAATGAAGTAGTAGTA-1,-0.2130618323496429
CXCR3+,MS,CSF_10,GACACGCAGGTGTTAA-1,-0.01662835704486351
CXCR3-,MS,CSF_10,GACAGAGTCCAAACTG-1,-0.03248196202125409
CXCR3-,MS,CSF_10,GACCAATAGCGACGTA-1,1.0348660942785928
CXCR3-,MS,CSF_10,GACCAATCATGAGCGA-1,-0.020880900814190393
CXCR3+,MS,CSF_10,GACCAATGTTGTGGCC-1,-0.2657794294939024
CXCR3-,MS,CSF_10,GACCTGGAGAAGGACA-1,-0.25200727847474125
CXCR3-,MS,CSF_10,GACGCGTGTGTCCTCT-1,0.08366062305576405
CXCR3+,MS,CSF_10,GACGGCTCAGACGCAA-1,-0.4238502408494534
CXCR3+,MS,CSF_10,GAGGTGAAGTCAATAG-1,-0.10056797643315316
CXCR3-,MS,CSF_10,GAGGTGATCCCGACTT-1,0.25984649897535916
CXCR3+,MS,CSF_10,GATCAGTCAAACCCAT-1,0.393119270834581
CXCR3-,MS,CSF_10,GATCGATTCTGTGCAA-1,0.22261386211357292
CXCR3+,MS,CSF_10,GATCGCGCACGCTTTC-1,-0.10056797643315316
CXCR3-,MS,CSF_10,GATCGTACACTTAACG-1,0.18311924617671924
CXCR3-,MS,CSF_10,GCAAACTGTCGGCATC-1,-0.7063883018495075
CXCR3+,MS,CSF_10,GCAGCCAAGCTAACAA-1,0.41746816879014303
CXCR3-,MS,CSF_10,GCAGTTACACCGATAT-1,-0.26733823909189086
CXCR3+,MS,CSF_10,GCATGCGTCAACACTG-1,0.22150489826390146
CXCR3+,MS,CSF_10,GCCAAATTCCACTGGG-1,0.41997624981983933
CXCR3-,MS,CSF_10,GCCTCTAGTTTAGCTG-1,-0.25634986912943786
CXCR3-,MS,CSF_10,GCGAGAAAGGCAAAGA-1,0.3193603949033879
CXCR3+,MS,CSF_10,GCGCAGTAGGTGCTAG-1,-0.10056797643315316
CXCR3-,MS,CSF_10,GCGCAGTCATACGCTA-1,0.0625626734271026
CXCR3-,MS,CSF_10,GCGCCAACATGAGCGA-1,-0.9346558766688078
CXCR3+,MS,CSF_10,GCTCCTAGTTGGGACA-1,-0.49878211232665365
CXCR3+,MS,CSF_10,GCTCTGTAGAGATGAG-1,-0.10056797643315316
CXCR3-,MS,CSF_10,GCTGCAGCATGGAATA-1,-0.10056797643315316
CXCR3+,MS,CSF_10,GCTGCAGGTTGCCTCT-1,-0.10056797643315316
CXCR3-,MS,CSF_10,GCTGCGAAGCCTTGAT-1,0.16340888278006815
CXCR3-,MS,CSF_10,GCTGGGTAGGTAAACT-1,-0.36569883217372035
CXCR3+,MS,CSF_10,GCTGGGTCACGCGAAA-1,0.08354927428743086
CXCR3+,MS,CSF_10,GGAACTTCAGTCAGCC-1,0.08929130418796634
CXCR3+,MS,CSF_10,GGACATTAGTTTGCGT-1,-0.6758785762004755
CXCR3-,MS,CSF_10,GGCAATTAGTTCGCAT-1,-0.10056797643315316
CXCR3-,MS,CSF_10,GGCCGATTCCTCAATT-1,0.03686484177171904
CXCR3-,MS,CSF_10,GGCGTGTAGCTACCTA-1,-0.10056797643315316
CXCR3-,MS,CSF_10,GGCGTGTCAGCCTATA-1,-0.10056797643315316
CXCR3+,MS,CSF_10,GGGAATGTCAGATAAG-1,0.04462355581809415
CXCR3-,MS,CSF_10,GGGATGAAGCTAAACA-1,-0.21411122177272032
CXCR3+,MS,CSF_10,GGGCATCCACCGCTAG-1,0.30286072171191786
CXCR3-,MS,CSF_10,GGGTTGCTCATCGATG-1,-0.10056797643315316
CXCR3+,MS,CSF_10,GGTGAAGCAGCCTTTC-1,-0.2526965994690166
CXCR3-,MS,CSF_10,GGTGTTAGTTCCATGA-1,0.1486668163328311
CXCR3-,MS,CSF_10,GTAGTCAAGCCCGAAA-1,-0.2825661402931345
CXCR3-,MS,CSF_10,GTAGTCACACGGCGTT-1,0.2663870050678995
CXCR3-,MS,CSF_10,GTAGTCATCCGAACGC-1,-0.41051593121427843
CXCR3-,MS,CSF_10,GTAGTCATCGTACGGC-1,-0.1497076110376403
CXCR3+,MS,CSF_10,GTATCTTCAGCAGTTT-1,-0.3047142326205917
CXCR3-,MS,CSF_10,GTATCTTGTCTAACGT-1,-0.28878079738245327
CXCR3+,MS,CSF_10,GTCACGGAGACAATAC-1,-0.09437494134444213
CXCR3-,MS,CSF_10,GTCATTTAGAGCTATA-1,0.08223312438534056
CXCR3+,MS,CSF_10,GTCATTTTCCATGAGT-1,-0.0771080850444632
CXCR3-,MS,CSF_10,GTCGGGTGTTACGTCA-1,-0.2506340728115255
CXCR3-,MS,CSF_10,GTGCATATCAGTCAGT-1,0.15230947467383824
CXCR3+,MS,CSF_10,GTGCGGTTCAACACCA-1,0.31263462613819964
CXCR3-,MS,CSF_10,GTTACAGAGTCAATAG-1,-0.10056797643315316
CXCR3-,MS,CSF_10,GTTTCTACAGTTTACG-1,-0.27919171430632367
CXCR3+,MS,CSF_10,TAAACCGGTGGTACAG-1,-0.4856744045517583
CXCR3+,MS,CSF_10,TACACGAGTCTTGCGG-1,0.18960122916871378
CXCR3-,MS,CSF_10,TACCTTAGTTAAAGAC-1,-0.31656618032453093
CXCR3-,MS,CSF_10,TACGGTAAGACTAGAT-1,0.0032703987761330466
CXCR3-,MS,CSF_10,TACGGTACAAGTTGTC-1,0.28289755917790316
CXCR3+,MS,CSF_10,TACGGTATCTTGCAAG-1,-0.10056797643315316
CXCR3+,MS,CSF_10,TACTTACAGCTAGTTC-1,-0.24329538343891308
CXCR3-,MS,CSF_10,TACTTACCAACACCCG-1,-0.5523897732898103
CXCR3-,MS,CSF_10,TACTTACTCTCGGACG-1,-0.22283650983367695
CXCR3-,MS,CSF_10,TACTTGTTCATGCATG-1,-0.10056797643315316
CXCR3-,MS,CSF_10,TAGCCGGTCAGTTGAC-1,0.6502854124174656
CXCR3+,MS,CSF_10,TAGTGGTGTTGCGCAC-1,-0.10056797643315316
CXCR3+,MS,CSF_10,TAGTTGGTCGAGCCCA-1,-0.24716866085469213
CXCR3-,MS,CSF_10,TATCAGGAGCCCGAAA-1,0.31237598985848747
CXCR3+,MS,CSF_10,TATCAGGCACCGTTGG-1,0.2569382979414807
CXCR3-,MS,CSF_10,TATCAGGGTACTTAGC-1,0.09286973063862744
CXCR3-,MS,CSF_10,TATGCCCCAATCCAAC-1,-0.006905481012589222
CXCR3-,MS,CSF_10,TCACAAGCAACTGCGC-1,-0.10056797643315316
CXCR3-,MS,CSF_10,TCAGATGGTAGCCTAT-1,-0.779858279719808
CXCR3-,MS,CSF_10,TCAGATGTCCCACTTG-1,0.3501259516719855
CXCR3+,MS,CSF_10,TCAGCAAGTGGTGTAG-1,-0.10056797643315316
CXCR3-,MS,CSF_10,TCAGCTCAGGGCTTCC-1,0.12924742105302162
CXCR3+,MS,CSF_10,TCAGGATCACCAACCG-1,-0.28296596153996206
CXCR3+,MS,CSF_10,TCAGGATTCCCATTTA-1,-0.31494939331353794
CXCR3+,MS,CSF_10,TCAGGTATCTGCAGTA-1,-0.2952996354181681
CXCR3+,MS,CSF_10,TCCACACCAGATCTGT-1,0.23292443586768163
CXCR3-,MS,CSF_10,TCGAGGCAGCTGTTCA-1,-0.37171059054574507
CXCR3+,MS,CSF_10,TCGAGGCGTTCGAATC-1,0.009502155052207084
CXCR3-,MS,CSF_10,TCGAGGCTCTCTGTCG-1,0.27399995203693656
CXCR3-,MS,CSF_10,TCGCGAGAGGCAAAGA-1,-0.37197430751870586
CXCR3-,MS,CSF_10,TCGCGTTCAACTGCGC-1,-0.29492310101395586
CXCR3+,MS,CSF_10,TCGTACCGTGGCAAAC-1,0.09564517969307462
CXCR3+,MS,CSF_10,TCTCATAAGTGCAAGC-1,-0.008467977456060856
CXCR3+,MS,CSF_10,TCTCATACATCTATGG-1,-0.08677059492646537
CXCR3+,MS,CSF_10,TCTGAGATCCGGCACA-1,-0.2080583242065621
CXCR3+,MS,CSF_10,TGACAACAGAGCTATA-1,0.40355868281100843
CXCR3-,MS,CSF_10,TGACGGCAGACAGGCT-1,0.5407777728281817
CXCR3-,MS,CSF_10,TGACTAGAGTGATCGG-1,-0.10056797643315316
CXCR3+,MS,CSF_10,TGACTTTAGTTTAGGA-1,0.09245549881982673
CXCR3+,MS,CSF_10,TGAGAGGAGGGCTTCC-1,-0.10056797643315316
CXCR3-,MS,CSF_10,TGAGCATAGACATAAC-1,-0.3128894273209544
CXCR3-,MS,CSF_10,TGAGGGAGTCTCTTAT-1,-0.867521119861615
CXCR3+,MS,CSF_10,TGATTTCGTCGAGATG-1,0.17060836110917293
CXCR3+,MS,CSF_10,TGCACCTCACTCAGGC-1,-0.2373637184311282
CXCR3-,MS,CSF_10,TGCCCTAAGGTGTTAA-1,0.23278730814261467
CXCR3-,MS,CSF_10,TGCCCTACAAAGCAAT-1,0.20429434047733075
CXCR3-,MS,CSF_10,TGCGGGTAGGTGTTAA-1,-0.3255840227187066
CXCR3+,MS,CSF_10,TGCTACCGTAATAGCA-1,0.13996872335223623
CXCR3+,MS,CSF_10,TGCTGCTTCAGATAAG-1,0.10620485922643896
CXCR3-,MS,CSF_10,TGGACGCAGGTAAACT-1,0.3463118927733954
CXCR3-,MS,CSF_10,TGGACGCGTACCATCA-1,-0.10056797643315316
CXCR3-,MS,CSF_10,TGGCTGGTCATGTCTT-1,-0.2549168042084449
CXCR3+,MS,CSF_10,TGGGCGTGTCTAAAGA-1,-1.0539668419686767
CXCR3-,MS,CSF_10,TGGGCGTGTTGGTTTG-1,-0.264811769007444
CXCR3+,MS,CSF_10,TGGTTCCGTGCGATAG-1,-0.46406420418384214
CXCR3+,MS,CSF_10,TGGTTCCTCGGTCTAA-1,-0.3802112809814687
CXCR3-,MS,CSF_10,TGTGGTACACAACTGT-1,-0.09255453872822535
CXCR3+,MS,CSF_10,TGTGGTAGTAGCAAAT-1,-0.22940772747198143
CXCR3-,MS,CSF_10,TTAGGCAAGATCGATA-1,-0.10056797643315316
CXCR3+,MS,CSF_10,TTCCCAGAGGCTAGAC-1,-0.329468437016447
CXCR3+,MS,CSF_10,TTCTCAAAGTGGAGAA-1,-0.279529509325649
CXCR3-,MS,CSF_10,TTCTTAGGTTGAACTC-1,-0.34369168540359823
CXCR3+,MS,CSF_10,TTGCCGTTCAACGGGA-1,-0.10056797643315316
CXCR3+,MS,CSF_10,TTGCGTCAGCGATGAC-1,-0.3241324370091925
CXCR3+,MS,CSF_10,TTGGCAAAGATATGGT-1,0.0035194864909685757
CXCR3+,MS,CSF_10,TTGGCAAGTCTGATCA-1,-0.2173796010214728
CXCR3+,MS,CSF_10,TTGTAGGAGTACGATA-1,-0.2826152173726733
CXCR3-,MS,CSF_10,TTTGCGCCACGTCTCT-1,-0.6191819293268708
CXCR3-,MS,CSF_10,TTTGGTTCACTGCCAG-1,-0.13315476755354863
CXCR3-,MS,CSF_16,AAACCTGAGCCTCGTG-1,0.26191182482531644
CXCR3+,MS,CSF_16,AAACCTGAGCTTATCG-1,-0.10056797643315316
CXCR3-,MS,CSF_16,AAAGATGAGGGTCTCC-1,0.8004767189433638
CXCR3+,MS,CSF_16,AAAGATGCAAATCCGT-1,0.7925324413915528
CXCR3-,MS,CSF_16,AAAGATGTCACGCGGT-1,0.06134102280926469
CXCR3+,MS,CSF_16,AAAGATGTCCGAACGC-1,0.4292798348548259
CXCR3-,MS,CSF_16,AAAGCAAAGGCTCTTA-1,-0.10056797643315316
CXCR3-,MS,CSF_16,AAAGCAACAGTAAGAT-1,0.9148245752720798
CXCR3-,MS,CSF_16,AAAGCAACAGTAAGCG-1,0.0709411094021919
CXCR3+,MS,CSF_16,AAAGCAAGTCGACTGC-1,0.21151031347885865
CXCR3-,MS,CSF_16,AAAGCAAGTCTAGCCG-1,-0.3714232827460337
CXCR3-,MS,CSF_16,AAAGCAAGTGGCGAAT-1,0.1255265010589743
CXCR3-,MS,CSF_16,AAAGTAGGTAAGTAGT-1,0.3597337806243412
CXCR3-,MS,CSF_16,AAATGCCCAATGGAAT-1,0.18546786511738267
CXCR3-,MS,CSF_16,AAATGCCCAGTATGCT-1,-0.10056797643315316
CXCR3-,MS,CSF_16,AAATGCCTCCACGCAG-1,0.060080918513727495
CXCR3+,MS,CSF_16,AACACGTGTCTTCAAG-1,0.8953761438682583
CXCR3+,MS,CSF_16,AACACGTTCTTGAGGT-1,-0.10056797643315316
CXCR3-,MS,CSF_16,AACCATGAGGGAGTAA-1,-0.4358290096954512
CXCR3-,MS,CSF_16,AACCATGCAGCTGCTG-1,0.09576685744782719
CXCR3+,MS,CSF_16,AACCATGGTATAGGTA-1,0.086805738106238
CXCR3-,MS,CSF_16,AACCGCGAGGGCTTCC-1,-0.09128664027670585
CXCR3-,MS,CSF_16,AACCGCGCACACCGCA-1,0.2765006770318436
CXCR3-,MS,CSF_16,AACCGCGCACCAGGTC-1,0.2730918415467175
CXCR3-,MS,CSF_16,AACCGCGCATTGGCGC-1,-0.14111537976831637
CXCR3-,MS,CSF_16,AACCGCGGTCTCTTTA-1,0.37198184531196177
CXCR3-,MS,CSF_16,AACCGCGTCAGGCAAG-1,0.2718359648015477
CXCR3+,MS,CSF_16,AACTCAGAGATGAGAG-1,0.1763264267372622
CXCR3-,MS,CSF_16,AACTCAGTCTAGAGTC-1,-0.10056797643315316
CXCR3+,MS,CSF_16,AACTCCCCATGTTCCC-1,0.0014993540845676945
CXCR3-,MS,CSF_16,AACTCTTAGCTTTGGT-1,0.20694220156248214
CXCR3-,MS,CSF_16,AACTCTTTCACTTCAT-1,-0.10056797643315316
CXCR3-,MS,CSF_16,AACTGGTAGAACAATC-1,0.28476350073264006
CXCR3-,MS,CSF_16,AACTGGTAGAGAACAG-1,0.522072041272404
CXCR3-,MS,CSF_16,AAGACCTAGAGGACGG-1,0.06099744862594373
CXCR3-,MS,CSF_16,AAGACCTGTCTTTCAT-1,-0.10056797643315316
CXCR3-,MS,CSF_16,AAGGAGCAGATCCCAT-1,0.058913884034639076
CXCR3-,MS,CSF_16,AAGGAGCCATTGGTAC-1,-0.21443430365832897
CXCR3-,MS,CSF_16,AAGGAGCTCTCGATGA-1,0.11444763820983726
CXCR3-,MS,CSF_16,AAGGCAGCAAGCTGTT-1,0.06368759554254588
CXCR3-,MS,CSF_16,AAGGCAGCAATCAGAA-1,-0.42979811819226404
CXCR3+,MS,CSF_16,AATCCAGTCTTGCATT-1,0.04959526217807978
CXCR3-,MS,CSF_16,AATCGGTAGTGTTGAA-1,-0.10056797643315316
CXCR3+,MS,CSF_16,AATCGGTAGTTCGCGC-1,-0.43964264299793976
CXCR3+,MS,CSF_16,AATCGGTCACCCATGG-1,0.13189978458196477
CXCR3-,MS,CSF_16,AATCGGTTCTGCTGCT-1,0.19681789066624425
CXCR3+,MS,CSF_16,ACACCCTCAAGTCATC-1,-0.31211136969713615
CXCR3-,MS,CSF_16,ACACCCTCATGAAGTA-1,0.3890668731776983
CXCR3+,MS,CSF_16,ACACCGGCAAAGGTGC-1,0.0008502448773268302
CXCR3+,MS,CSF_16,ACACTGACAGTGGGAT-1,-0.6584944527952291
CXCR3+,MS,CSF_16,ACACTGACATAGACTC-1,-0.10056797643315316
CXCR3+,MS,CSF_16,ACACTGAGTACGACCC-1,-0.1489434126670701
CXCR3-,MS,CSF_16,ACACTGATCAACACGT-1,-0.094107902947191
CXCR3-,MS,CSF_16,ACAGCCGTCGGTTCGG-1,0.5302792132772227
CXCR3-,MS,CSF_16,ACAGCTATCACTGGGC-1,0.7530379677704758
CXCR3-,MS,CSF_16,ACATCAGTCTTATCTG-1,0.2743469931626198
CXCR3-,MS,CSF_16,ACATGGTCAGACACTT-1,-0.34566941296320813
CXCR3-,MS,CSF_16,ACATGGTGTCCGTGAC-1,0.028025900756156154
CXCR3+,MS,CSF_16,ACCAGTAAGCGATTCT-1,0.38889208571004624
CXCR3-,MS,CSF_16,ACCAGTAGTGTTTGTG-1,-0.10056797643315316
CXCR3-,MS,CSF_16,ACCAGTATCAGTCCCT-1,0.47132749573340804
CXCR3+,MS,CSF_16,ACCCACTAGCGACGTA-1,-0.5539260395505661
CXCR3-,MS,CSF_16,ACCCACTCAAGCTGTT-1,0.050003675618880625
CXCR3-,MS,CSF_16,ACCCACTGTTGGTGGA-1,0.19008023346142564
CXCR3+,MS,CSF_16,ACCCACTTCGGTCTAA-1,-0.10056797643315316
CXCR3-,MS,CSF_16,ACCGTAAAGCAAATCA-1,0.38609824460150494
CXCR3+,MS,CSF_16,ACCGTAACACAGATTC-1,-0.047753588128108294
CXCR3+,MS,CSF_16,ACCGTAAGTGCGGTAA-1,0.3064389819629594
CXCR3+,MS,CSF_16,ACCGTAATCCTTTACA-1,-0.09931405901086622
CXCR3-,MS,CSF_16,ACCTTTACAATAACGA-1,0.08237526741886145
CXCR3-,MS,CSF_16,ACCTTTAGTGGTAACG-1,0.09904152794962033
CXCR3-,MS,CSF_16,ACCTTTATCTTGTACT-1,0.3225470072856245
CXCR3-,MS,CSF_16,ACGAGCCCAGCTGTTA-1,0.5288590460797357
CXCR3-,MS,CSF_16,ACGAGCCTCGTGGACC-1,-0.10056797643315316
CXCR3-,MS,CSF_16,ACGAGCCTCTGTCAAG-1,-0.10056797643315316
CXCR3+,MS,CSF_16,ACGAGGACAAGCGTAG-1,0.2774282186191151
CXCR3+,MS,CSF_16,ACGAGGATCAGGCGAA-1,0.18378319856442152
CXCR3-,MS,CSF_16,ACGAGGATCCATGAGT-1,0.43883402848568726
CXCR3+,MS,CSF_16,ACGATACTCTCATTCA-1,0.4765162251271589
CXCR3-,MS,CSF_16,ACGATGTCATCACGTA-1,0.33490191961896965
CXCR3+,MS,CSF_16,ACGATGTGTCAACATC-1,0.25164137163990985
CXCR3+,MS,CSF_16,ACGATGTTCGGCGGTT-1,0.7310409097374573
CXCR3+,MS,CSF_16,ACGATGTTCTCGGACG-1,-0.3306790245633217
CXCR3-,MS,CSF_16,ACGATGTTCTTAGAGC-1,0.21193181675371195
CXCR3-,MS,CSF_16,ACGCAGCTCGCCATAA-1,-0.10068945796298999
CXCR3-,MS,CSF_16,ACGCCAGAGCGCCTTG-1,0.5432908688020252
CXCR3+,MS,CSF_16,ACGCCGAGTCAAAGAT-1,0.19680677918214748
CXCR3+,MS,CSF_16,ACGCCGATCAACCAAC-1,0.11563235231822235
CXCR3-,MS,CSF_16,ACGCCGATCACCACCT-1,0.516811798272767
CXCR3-,MS,CSF_16,ACGCCGATCAGCCTAA-1,-0.16290446144082277
CXCR3-,MS,CSF_16,ACGGAGACACCTCGGA-1,0.5823710878041425
CXCR3+,MS,CSF_16,ACGGCCAAGGCAATTA-1,0.43822495771231146
CXCR3-,MS,CSF_16,ACGGCCAGTTAAGGGC-1,0.037667848219201945
CXCR3-,MS,CSF_16,ACGGGCTAGAAACGAG-1,0.17410181852700152
CXCR3-,MS,CSF_16,ACGGGCTGTGTAATGA-1,0.1663860503701843
CXCR3-,MS,CSF_16,ACGGGTCAGTTCGCAT-1,0.24850679906358245
CXCR3-,MS,CSF_16,ACGGGTCCACAGACAG-1,-0.10056797643315316
CXCR3-,MS,CSF_16,ACGGGTCCATCTACGA-1,0.46054342890526667
CXCR3+,MS,CSF_16,ACGGGTCGTAGGGACT-1,0.5125943901238792
CXCR3+,MS,CSF_16,ACGTCAACAACTGCTA-1,0.2307171383638427
CXCR3+,MS,CSF_16,ACGTCAACAATGAATG-1,-0.10056797643315316
CXCR3-,MS,CSF_16,ACGTCAATCGTCGTTC-1,0.16682795822087698
CXCR3-,MS,CSF_16,ACGTCAATCTAAGCCA-1,0.03363098342692677
CXCR3+,MS,CSF_16,ACTATCTAGCTAACTC-1,0.25752336238185397
CXCR3-,MS,CSF_16,ACTATCTAGGCATGGT-1,0.4964807429926395
CXCR3-,MS,CSF_16,ACTATCTAGGCCGAAT-1,-0.10056797643315316
CXCR3+,MS,CSF_16,ACTATCTTCAGAGACG-1,0.049422133475644295
CXCR3-,MS,CSF_16,ACTATCTTCATACGGT-1,-0.32124520798450196
CXCR3+,MS,CSF_16,ACTGAGTTCACCTTAT-1,0.09760080595865836
CXCR3-,MS,CSF_16,ACTGATGAGCCGCCTA-1,0.04443781051868666
CXCR3-,MS,CSF_16,ACTGATGCAGCTGCTG-1,0.14916673207237388
CXCR3-,MS,CSF_16,ACTGATGGTAGTACCT-1,0.1816652050639683
CXCR3-,MS,CSF_16,ACTGATGTCTCATTCA-1,-0.10056797643315316
CXCR3+,MS,CSF_16,ACTGCTCCACATAACC-1,-0.10056797643315316
CXCR3-,MS,CSF_16,ACTGCTCCAGCCAGAA-1,0.06752816059261632
CXCR3-,MS,CSF_16,ACTGCTCTCAGAGACG-1,-0.3732505358247168
CXCR3-,MS,CSF_16,ACTGTCCAGAAACGCC-1,0.5040994234242172
CXCR3-,MS,CSF_16,ACTGTCCTCAGAGACG-1,0.028761150813606102
CXCR3+,MS,CSF_16,ACTTACTTCCTACAGA-1,0.02660519206914331
CXCR3-,MS,CSF_16,ACTTGTTCAGTAACGG-1,0.21490512659232816
CXCR3+,MS,CSF_16,ACTTGTTGTAACGCGA-1,0.060134111923646025
CXCR3-,MS,CSF_16,ACTTTCACATGGGAAC-1,0.6247200808867868
CXCR3-,MS,CSF_16,ACTTTCAGTAGAAAGG-1,0.0723391541781094
CXCR3-,MS,CSF_16,ACTTTCAGTTGAGGTG-1,-0.10056797643315316
CXCR3-,MS,CSF_16,AGACGTTCATTGAGCT-1,0.24118816415592972
CXCR3+,MS,CSF_16,AGACGTTGTAACGACG-1,0.0025539003563930557
CXCR3+,MS,CSF_16,AGACGTTTCCCGGATG-1,-0.49490336221515274
CXCR3+,MS,CSF_16,AGACGTTTCGTCTGAA-1,0.6818355179870349
CXCR3-,MS,CSF_16,AGAGCGAGTGGTCTCG-1,0.1807645410939406
CXCR3-,MS,CSF_16,AGAGCTTTCAGCAACT-1,0.41560854229086874
CXCR3-,MS,CSF_16,AGAGCTTTCGGTGTCG-1,-0.10056797643315316
CXCR3-,MS,CSF_16,AGAGTGGAGACTTTCG-1,0.5259015165148891
CXCR3+,MS,CSF_16,AGATCTGGTACTTGAC-1,0.17551966252490767
CXCR3-,MS,CSF_16,AGATCTGGTTACAGAA-1,0.12710189820969278
CXCR3-,MS,CSF_16,AGATCTGTCATTGCCC-1,0.5672020071515899
CXCR3-,MS,CSF_16,AGCAGCCCATCACCCT-1,0.5243417326021401
CXCR3-,MS,CSF_16,AGCAGCCGTCTCTTTA-1,-0.10056797643315316
CXCR3-,MS,CSF_16,AGCAGCCGTGTAATGA-1,0.733024627548
CXCR3+,MS,CSF_16,AGCATACCAAGGTTTC-1,0.8743053379025477
CXCR3+,MS,CSF_16,AGCATACCAGCATACT-1,-0.37945629686164567
CXCR3-,MS,CSF_16,AGCATACTCAGTACGT-1,0.07543720863850699
CXCR3-,MS,CSF_16,AGCCTAAAGCGAAGGG-1,0.21058799431956807
CXCR3-,MS,CSF_16,AGCCTAAAGTTGAGAT-1,0.0921802646830012
CXCR3+,MS,CSF_16,AGCCTAACAATGCCAT-1,0.2978991892111966
CXCR3-,MS,CSF_16,AGCCTAATCATGTGGT-1,0.0529402093842679
CXCR3+,MS,CSF_16,AGCGGTCCAAGCGAGT-1,0.05221333867107758
CXCR3-,MS,CSF_16,AGCGGTCCAGTATAAG-1,0.21202516809021002
CXCR3-,MS,CSF_16,AGCGTATCAGGATCGA-1,0.07975555769944556
CXCR3-,MS,CSF_16,AGCGTATTCGCAGGCT-1,-0.3832163840412048
CXCR3-,MS,CSF_16,AGCGTCGCATCAGTAC-1,0.18269244342765342
CXCR3+,MS,CSF_16,AGCGTCGGTCACTTCC-1,0.11742967145667012
CXCR3-,MS,CSF_16,AGCGTCGGTCTGCCAG-1,0.12004314357244826
CXCR3-,MS,CSF_16,AGCGTCGTCTGAGGGA-1,0.6264724054783845
CXCR3-,MS,CSF_16,AGCTCCTAGAGCTTCT-1,0.30303512506267044
CXCR3+,MS,CSF_16,AGCTCCTCACTTAACG-1,-0.49190569580498394
CXCR3-,MS,CSF_16,AGCTCCTGTGACGGTA-1,-0.10056797643315316
CXCR3+,MS,CSF_16,AGCTCCTGTTCACGGC-1,0.02214579510540953
CXCR3-,MS,CSF_16,AGCTCTCGTTAAGGGC-1,-0.47080682817846853
CXCR3-,MS,CSF_16,AGCTCTCTCCTCATTA-1,0.22399675946798525
CXCR3+,MS,CSF_16,AGCTTGACAAGGTTTC-1,-0.25209736576100283
CXCR3-,MS,CSF_16,AGCTTGAGTCTCTTTA-1,0.053732247543088106
CXCR3-,MS,CSF_16,AGGCCACAGCACAGGT-1,0.22467284270802543
CXCR3+,MS,CSF_16,AGGCCACGTAAATGAC-1,-0.011465956947585978
CXCR3-,MS,CSF_16,AGGGAGTAGGCGACAT-1,-0.21590226361664946
CXCR3-,MS,CSF_16,AGGGAGTAGTCCAGGA-1,-0.20487259898363033
CXCR3-,MS,CSF_16,AGGGAGTAGTGTACTC-1,-0.04363991827143129
CXCR3-,MS,CSF_16,AGGGAGTCAGCTATTG-1,-0.04496981986842793
CXCR3-,MS,CSF_16,AGGGAGTGTACCGGCT-1,-0.2267571413656547
CXCR3-,MS,CSF_16,AGGGATGGTCTGGAGA-1,0.3767609027899323
CXCR3+,MS,CSF_16,AGGGATGTCTTTACGT-1,0.29296513648297223
CXCR3-,MS,CSF_16,AGGGTGAAGTATGACA-1,0.5385640238545218
CXCR3-,MS,CSF_16,AGGGTGACACAAGACG-1,0.3764329370593353
CXCR3+,MS,CSF_16,AGGGTGATCCAGGGCT-1,0.17493829614174272
CXCR3-,MS,CSF_16,AGGTCCGCATCCAACA-1,0.07944865202953803
CXCR3-,MS,CSF_16,AGGTCCGGTTCCAACA-1,0.23130063612249846
CXCR3+,MS,CSF_16,AGGTCCGTCCAATGGT-1,0.12220277497875506
CXCR3-,MS,CSF_16,AGTAGTCAGGCAGTCA-1,0.19597756227113564
CXCR3-,MS,CSF_16,AGTCTTTAGTATTGGA-1,0.8291889370701305
CXCR3-,MS,CSF_16,AGTCTTTGTAAGTGTA-1,0.42300462551152723
CXCR3-,MS,CSF_16,AGTCTTTGTTCGTGAT-1,-0.10056797643315316
CXCR3-,MS,CSF_16,AGTGAGGCATCATCCC-1,0.3592680863602468
CXCR3-,MS,CSF_16,AGTGGGAAGACTAGAT-1,0.31316394728111924
CXCR3-,MS,CSF_16,AGTGGGACATCCGGGT-1,-0.10056797643315316
CXCR3-,MS,CSF_16,AGTGGGAGTACGCTGC-1,-0.10056797643315316
CXCR3+,MS,CSF_16,AGTGGGAGTCAATACC-1,0.1035409687785257
CXCR3+,MS,CSF_16,AGTGGGAGTGATGATA-1,-0.12094226842188802
CXCR3+,MS,CSF_16,AGTGTCAAGAGCAATT-1,0.40847523906299765
CXCR3-,MS,CSF_16,AGTGTCAAGTAGCCGA-1,-0.10056797643315316
CXCR3-,MS,CSF_16,AGTGTCACAGCCAGAA-1,-0.10056797643315316
CXCR3-,MS,CSF_16,AGTTGGTCATTCACTT-1,0.42614754686279754
CXCR3-,MS,CSF_16,AGTTGGTGTCATATGC-1,0.377089261158533
CXCR3+,MS,CSF_16,AGTTGGTTCACCATAG-1,-0.02439707765682252
CXCR3+,MS,CSF_16,ATAACGCGTCGCGAAA-1,-0.2881915262251322
CXCR3-,MS,CSF_16,ATAGACCTCTCGCTTG-1,0.5027381516599684
CXCR3+,MS,CSF_16,ATCACGAAGGATGGAA-1,0.6783280927669869
CXCR3-,MS,CSF_16,ATCACGACAAGCCCAC-1,-0.10056797643315316
CXCR3-,MS,CSF_16,ATCACGACACGAAGCA-1,0.3701783357329599
CXCR3+,MS,CSF_16,ATCACGACAGGAACGT-1,0.09847734972666877
CXCR3-,MS,CSF_16,ATCACGAGTTCGCGAC-1,0.22724390312279036
CXCR3-,MS,CSF_16,ATCATCTCAGCTCGAC-1,0.2652709547571828
CXCR3-,MS,CSF_16,ATCATCTGTCCGAACC-1,0.09140268177210482
CXCR3+,MS,CSF_16,ATCATCTTCTCAACTT-1,-0.18926212248348215
CXCR3-,MS,CSF_16,ATCATGGTCACAATGC-1,-0.03883982720852027
CXCR3-,MS,CSF_16,ATCATGGTCCGTCATC-1,-0.10056797643315316
CXCR3-,MS,CSF_16,ATCCACCAGAGTACCG-1,0.059243216408860704
CXCR3-,MS,CSF_16,ATCCACCCACTTACGA-1,-0.10056797643315316
CXCR3+,MS,CSF_16,ATCCACCGTTACCGAT-1,0.13670677475591025
CXCR3-,MS,CSF_16,ATCCGAAAGGACACCA-1,0.3654565654906401
CXCR3-,MS,CSF_16,ATCCGAACAGCAGTTT-1,0.1198176963755075
CXCR3-,MS,CSF_16,ATCCGAAGTTACGCGC-1,0.8515210417094135
CXCR3+,MS,CSF_16,ATCCGAATCATCGGAT-1,0.07217630309758724
CXCR3-,MS,CSF_16,ATCGAGTCATGTCGAT-1,0.14719982075565413
CXCR3-,MS,CSF_16,ATCTACTAGAGTACCG-1,-0.001976719385064274
CXCR3-,MS,CSF_16,ATCTACTAGGTGTTAA-1,0.1675547364113319
CXCR3-,MS,CSF_16,ATGAGGGCACTGTTAG-1,0.4850683824059844
CXCR3-,MS,CSF_16,ATGAGGGGTAGGCTGA-1,-0.10056797643315316
CXCR3-,MS,CSF_16,ATGAGGGTCTTTAGTC-1,-0.17121218618485354
CXCR3-,MS,CSF_16,ATGCGATCAGCTTAAC-1,0.4826502910789439
CXCR3-,MS,CSF_16,ATGCGATCATGCCTTC-1,0.21588217780816685
CXCR3-,MS,CSF_16,ATGCGATGTCTTCGTC-1,-0.8796024778477776
CXCR3-,MS,CSF_16,ATGCGATGTTGGTTTG-1,0.7954371150714347
CXCR3-,MS,CSF_16,ATGGGAGCACTTCTGC-1,0.16524765245394474
CXCR3-,MS,CSF_16,ATGGGAGGTAGTACCT-1,-0.1990797258702203
CXCR3+,MS,CSF_16,ATGGGAGGTATTAGCC-1,-0.3690789167437108
CXCR3-,MS,CSF_16,ATGGGAGGTCGGCTCA-1,-0.10056797643315316
CXCR3+,MS,CSF_16,ATGGGAGTCGAATCCA-1,0.1909231045383241
CXCR3-,MS,CSF_16,ATGGGAGTCGCCTGTT-1,-0.20621680427090355
CXCR3-,MS,CSF_16,ATTATCCAGGCACATG-1,0.13205249548755377
CXCR3+,MS,CSF_16,ATTATCCCATGGGACA-1,0.19874548057748134
CXCR3-,MS,CSF_16,ATTATCCGTGGAAAGA-1,-0.498698374483602
CXCR3+,MS,CSF_16,ATTATCCTCGAGCCCA-1,0.5639190166621311
CXCR3-,MS,CSF_16,ATTCTACAGCCACCTG-1,0.17907460673991477
CXCR3-,MS,CSF_16,ATTCTACCAGCTGTGC-1,-0.054630365696885466
CXCR3-,MS,CSF_16,ATTCTACGTATATCCG-1,-0.025123002475237688
CXCR3-,MS,CSF_16,ATTCTACTCCGAAGAG-1,0.47533620093835927
CXCR3-,MS,CSF_16,ATTCTACTCGCAGGCT-1,0.4644886910903267
CXCR3-,MS,CSF_16,ATTGGACCAGGTCTCG-1,-0.10056797643315316
CXCR3-,MS,CSF_16,ATTGGACGTCATTAGC-1,0.49761086319155706
CXCR3-,MS,CSF_16,ATTGGACTCTCAACTT-1,0.13982377659713047
CXCR3-,MS,CSF_16,ATTGGTGAGGGAACGG-1,-0.047783195928858276
CXCR3+,MS,CSF_16,ATTGGTGAGGTAAACT-1,0.04385674171615179
CXCR3+,MS,CSF_16,ATTGGTGGTCAATGTC-1,-0.43175445523085887
CXCR3-,MS,CSF_16,ATTGGTGGTCTTTCAT-1,0.3020019533647427
CXCR3+,MS,CSF_16,ATTGGTGTCGCACTCT-1,0.19849035118446373
CXCR3-,MS,CSF_16,CAACCAAAGGGATGGG-1,-0.0487513978518768
CXCR3-,MS,CSF_16,CAACCAAGTGATAAAC-1,0.3036697763876392
CXCR3-,MS,CSF_16,CAACCAAGTTCTGTTT-1,0.42780200736573715
CXCR3-,MS,CSF_16,CAACTAGAGGCTATCT-1,-0.4679657302022939
CXCR3-,MS,CSF_16,CAACTAGCAAGTAATG-1,0.050621418211197734
CXCR3+,MS,CSF_16,CAACTAGCAGATCGGA-1,0.17379631320678643
CXCR3+,MS,CSF_16,CAACTAGTCACAGGCC-1,-0.10056797643315316
CXCR3-,MS,CSF_16,CAACTAGTCAGGCCCA-1,-0.05793443811941695
CXCR3+,MS,CSF_16,CAAGAAAGTATTCGTG-1,-0.10056797643315316
CXCR3-,MS,CSF_16,CAAGAAAGTTCTGAAC-1,-0.10056797643315316
CXCR3-,MS,CSF_16,CAAGAAATCCTCGCAT-1,0.11268370303505156
CXCR3-,MS,CSF_16,CAAGATCGTGAAAGAG-1,-0.09710436742836011
CXCR3-,MS,CSF_16,CAAGATCTCAGCTTAG-1,0.03155004528358352
CXCR3-,MS,CSF_16,CAAGATCTCTCGAGTA-1,0.28266671802595134
CXCR3-,MS,CSF_16,CAAGGCCAGATCTGAA-1,0.3907348234131314
CXCR3-,MS,CSF_16,CAAGGCCAGTCGATAA-1,-0.10056797643315316
CXCR3+,MS,CSF_16,CAAGGCCGTCGACTGC-1,0.06682460009752159
CXCR3-,MS,CSF_16,CAAGGCCGTCTCTCTG-1,0.14761685461935517
CXCR3-,MS,CSF_16,CAAGGCCTCTATCGCC-1,-0.14898516176441154
CXCR3-,MS,CSF_16,CAAGTTGAGATATGGT-1,0.2767268796954761
CXCR3-,MS,CSF_16,CAAGTTGCAAGCGAGT-1,-0.21006755859073303
CXCR3+,MS,CSF_16,CAAGTTGCATGAGCGA-1,0.17075669739742064
CXCR3-,MS,CSF_16,CAAGTTGGTCGTTGTA-1,-0.3142277984244953
CXCR3-,MS,CSF_16,CAAGTTGGTTAAGGGC-1,0.11086714811506838
CXCR3-,MS,CSF_16,CACAAACGTTGGACCC-1,0.058197430190065416
CXCR3-,MS,CSF_16,CACACCTGTTATCGGT-1,0.6632553792439951
CXCR3-,MS,CSF_16,CACACTCGTCTTGTCC-1,0.17001874611403636
CXCR3-,MS,CSF_16,CACACTCGTTCTCATT-1,0.4716049058054592
CXCR3+,MS,CSF_16,CACACTCTCAACCAAC-1,-0.17312243628027438
CXCR3-,MS,CSF_16,CACACTCTCGTGGGAA-1,-0.10056797643315316
CXCR3+,MS,CSF_16,CACACTCTCTGCAAGT-1,-0.047086740476536944
CXCR3+,MS,CSF_16,CACAGGCGTGCGATAG-1,-0.10056797643315316
CXCR3-,MS,CSF_16,CACAGGCTCCAACCAA-1,0.12989485058735115
CXCR3-,MS,CSF_16,CACAGTAAGGAGCGAG-1,0.0015026410625232276
CXCR3-,MS,CSF_16,CACAGTAGTCGCTTTC-1,-0.013007440574120526
CXCR3+,MS,CSF_16,CACAGTATCGTGGGAA-1,-0.01499046073314184
CXCR3-,MS,CSF_16,CACATAGAGACGCAAC-1,-0.02333735281299495
CXCR3-,MS,CSF_16,CACATAGAGGCATGTG-1,-0.11976816938770832
CXCR3-,MS,CSF_16,CACATAGCAGATAATG-1,0.4318869324004863
CXCR3-,MS,CSF_16,CACATAGCATGTTCCC-1,-0.0878506417903416
CXCR3+,MS,CSF_16,CACATTTCACTGTTAG-1,-0.19252596424024154
CXCR3+,MS,CSF_16,CACATTTTCATTGCCC-1,-0.4212555358769377
CXCR3+,MS,CSF_16,CACCACTCATCACAAC-1,0.2334065065679439
CXCR3-,MS,CSF_16,CACCACTTCACAGGCC-1,0.19966023833146362
CXCR3-,MS,CSF_16,CACCACTTCTCCAGGG-1,0.3181244500512045
CXCR3+,MS,CSF_16,CACCAGGCAGGGTACA-1,-0.2407549414067828
CXCR3+,MS,CSF_16,CACCTTGAGAACAATC-1,-0.10056797643315316
CXCR3+,MS,CSF_16,CACCTTGAGGTGGGTT-1,0.7515498715413912
CXCR3-,MS,CSF_16,CACCTTGAGTGCTGCC-1,0.026795486784859386
CXCR3-,MS,CSF_16,CACCTTGGTCCTCCAT-1,0.03568579630260144
CXCR3-,MS,CSF_16,CACCTTGTCGGTCCGA-1,0.15526725357532337
CXCR3-,MS,CSF_16,CACTCCAAGAGACGAA-1,0.5362627117922104
CXCR3-,MS,CSF_16,CACTCCACAAGTCATC-1,-0.23791767883617881
CXCR3-,MS,CSF_16,CACTCCATCTGGTTCC-1,0.3853463462347155
CXCR3+,MS,CSF_16,CAGAATCCAGTTCCCT-1,0.60784796389219
CXCR3+,MS,CSF_16,CAGAGAGAGCTCAACT-1,0.21526210778191143
CXCR3-,MS,CSF_16,CAGATCAAGACTAGGC-1,0.14313252416068073
CXCR3-,MS,CSF_16,CAGATCAGTTGCGTTA-1,-0.03364254262735394
CXCR3+,MS,CSF_16,CAGCAGCAGAGTAATC-1,0.2761446875142295
CXCR3+,MS,CSF_16,CAGCAGCCAGCAGTTT-1,0.08768110065165999
CXCR3-,MS,CSF_16,CAGCAGCGTCTACCTC-1,-0.10056797643315316
CXCR3-,MS,CSF_16,CAGCATAGTCTGCAAT-1,-0.10056797643315316
CXCR3+,MS,CSF_16,CAGCATAGTGCCTTGG-1,-0.10056797643315316
CXCR3-,MS,CSF_16,CAGCCGAAGAATTCCC-1,-0.10056797643315316
CXCR3-,MS,CSF_16,CAGCCGAAGCAGCCTC-1,0.2697991958528041
CXCR3-,MS,CSF_16,CAGCCGAGTTGAGTTC-1,-0.10056797643315316
CXCR3-,MS,CSF_16,CAGCCGATCTGATTCT-1,0.4290097003614057
CXCR3-,MS,CSF_16,CAGCGACCACTAGTAC-1,-0.10056797643315316
CXCR3+,MS,CSF_16,CAGCGACGTTGTCTTT-1,-0.10056797643315316
CXCR3-,MS,CSF_16,CAGCTAAAGCCAGGAT-1,0.1602791182255164
CXCR3-,MS,CSF_16,CAGCTAAAGTCAAGCG-1,0.17626000984532927
CXCR3-,MS,CSF_16,CAGCTAAGTAAAGGAG-1,-0.10056797643315316
CXCR3+,MS,CSF_16,CAGCTGGAGAAACCGC-1,0.3652718351708689
CXCR3-,MS,CSF_16,CAGCTGGCACAGGCCT-1,0.24728364178666923
CXCR3+,MS,CSF_16,CAGCTGGGTTCGTTGA-1,0.07565457026684065
CXCR3-,MS,CSF_16,CAGCTGGTCCACGCAG-1,0.28558291085154125
CXCR3-,MS,CSF_16,CAGGTGCAGCCACGTC-1,0.06663668264681656
CXCR3+,MS,CSF_16,CAGGTGCTCCGTAGGC-1,0.016174532539710258
CXCR3-,MS,CSF_16,CAGTAACCAGCTGTTA-1,0.11778042007799519
CXCR3-,MS,CSF_16,CAGTAACTCTCGCATC-1,0.03591298951752188
CXCR3+,MS,CSF_16,CAGTCCTAGAGTCTGG-1,0.47268406756995035
CXCR3-,MS,CSF_16,CATATGGAGAGCCTAG-1,0.2519333435492014
CXCR3-,MS,CSF_16,CATATTCAGACCTTTG-1,-0.10056797643315316
CXCR3-,MS,CSF_16,CATATTCCACGGATAG-1,0.8335515996973358
CXCR3-,MS,CSF_16,CATCAAGTCCATTCTA-1,0.21998310053090306
CXCR3-,MS,CSF_16,CATCAGACACGGTAGA-1,-0.46336096786640696
CXCR3-,MS,CSF_16,CATCAGAGTAGCAAAT-1,0.4897994906848992
CXCR3-,MS,CSF_16,CATCAGAGTGATAAAC-1-1,0.3124864843839167
CXCR3+,MS,CSF_16,CATCAGATCCATGAGT-1,0.11212660696334732
CXCR3-,MS,CSF_16,CATCCACAGTGTTGAA-1,-0.10056797643315316
CXCR3-,MS,CSF_16,CATCCACGTCTAGAGG-1,-0.040405573138942344
CXCR3+,MS,CSF_16,CATCGAACAAGTCTAC-1,-0.10056797643315316
CXCR3-,MS,CSF_16,CATCGGGCAAACGCGA-1,0.29718677571187574
CXCR3+,MS,CSF_16,CATGACACAGAGTGTG-1,0.3675089839534418
CXCR3+,MS,CSF_16,CATGACACATGCTAGT-1,0.26305500047511676
CXCR3-,MS,CSF_16,CATGACATCTGTCAAG-1,-0.21206749207989084
CXCR3-,MS,CSF_16,CATGCCTGTACACCGC-1,-0.013468819605223599
CXCR3-,MS,CSF_16,CATGCCTGTTGGTTTG-1,0.33808923583096434
CXCR3-,MS,CSF_16,CATGCCTTCCTTTCGG-1,0.2007750258950151
CXCR3-,MS,CSF_16,CATGCCTTCTCTTATG-1,0.15813452124666894
CXCR3-,MS,CSF_16,CATGGCGCATTGGCGC-1,-0.007289294527749457
CXCR3-,MS,CSF_16,CATGGCGTCCGCAAGC-1,0.0959591845092007
CXCR3-,MS,CSF_16,CCACCTAAGGGCTTGA-1,-0.10056797643315316
CXCR3-,MS,CSF_16,CCACCTAAGGTGCTTT-1,0.3021524653172423
CXCR3-,MS,CSF_16,CCACGGACATGTCCTC-1,0.12810802156113757
CXCR3-,MS,CSF_16,CCACTACAGCCGTCGT-1,-0.050670875301635436
CXCR3+,MS,CSF_16,CCACTACGTAGCGTGA-1,0.05083120197826796
CXCR3+,MS,CSF_16,CCACTACGTCGACTAT-1,0.02274285571485668
CXCR3-,MS,CSF_16,CCACTACTCAACCATG-1,0.3703303144797956
CXCR3-,MS,CSF_16,CCAGCGACAAGCTGTT-1,0.04797742397072356
CXCR3-,MS,CSF_16,CCAGCGACACCGAAAG-1,-0.003282404065679177
CXCR3+,MS,CSF_16,CCAGCGAGTCGTCTTC-1,0.3056746040169362
CXCR3-,MS,CSF_16,CCAGCGATCAACACTG-1,0.654595989282912
CXCR3-,MS,CSF_16,CCAGCGATCAGAGGTG-1,-0.03552224882505079
CXCR3+,MS,CSF_16,CCATGTCAGTCACGCC-1,0.3664270032953946
CXCR3-,MS,CSF_16,CCATGTCCAGGACCCT-1,0.6067652583736962
CXCR3+,MS,CSF_16,CCATTCGCAGCGAACA-1,0.4068863106406558
CXCR3+,MS,CSF_16,CCATTCGGTATCAGTC-1,-0.03907399975154644
CXCR3-,MS,CSF_16,CCATTCGGTCTGCGGT-1,0.2743853424903784
CXCR3-,MS,CSF_16,CCATTCGTCACCTCGT-1,0.12129004420247587
CXCR3+,MS,CSF_16,CCATTCGTCATCACCC-1,-0.10056797643315316
CXCR3+,MS,CSF_16,CCCAATCAGTGATCGG-1,0.4564389429444629
CXCR3-,MS,CSF_16,CCCAATCTCGGTGTTA-1,-0.040128759098080335
CXCR3-,MS,CSF_16,CCCAGTTTCTCTAAGG-1,0.2883888533397915
CXCR3+,MS,CSF_16,CCCATACAGCTCCTTC-1,0.07485887291159792
CXCR3-,MS,CSF_16,CCCATACCAATCAGAA-1,0.11771958474417153
CXCR3+,MS,CSF_16,CCCATACCAATCTGCA-1,0.19114555296147445
CXCR3-,MS,CSF_16,CCCTCCTCAATAGAGT-1,0.6136066787557029
CXCR3+,MS,CSF_16,CCCTCCTTCAAACCAC-1,0.13128568984123004
CXCR3-,MS,CSF_16,CCGGGATTCAACGGGA-1,0.06883955526472696
CXCR3+,MS,CSF_16,CCGGTAGCAACCGCCA-1,-0.07088181746874775
CXCR3-,MS,CSF_16,CCGGTAGGTCGCTTCT-1,-0.10056797643315316
CXCR3-,MS,CSF_16,CCGGTAGTCTTGCCGT-1,-0.10056797643315316
CXCR3-,MS,CSF_16,CCGTACTAGAACAACT-1,0.14116896518556984
CXCR3+,MS,CSF_16,CCGTACTGTAGAGTGC-1,0.2639156106452554
CXCR3-,MS,CSF_16,CCGTACTTCATCTGCC-1,-0.35864155707036194
CXCR3-,MS,CSF_16,CCGTGGAGTTATCACG-1,-0.10056797643315316
CXCR3-,MS,CSF_16,CCGTTCAAGCACCGTC-1,-0.0280509085060855
CXCR3-,MS,CSF_16,CCGTTCACAGATAATG-1,0.31519009135057063
CXCR3-,MS,CSF_16,CCGTTCACATTTGCTT-1,0.286336671369085
CXCR3-,MS,CSF_16,CCGTTCATCCGTTGTC-1,-0.19386979503731303
CXCR3-,MS,CSF_16,CCGTTCATCTTGTATC-1,-0.10056797643315316
CXCR3-,MS,CSF_16,CCTAAAGCATGCCACG-1,-0.10056797643315316
CXCR3+,MS,CSF_16,CCTACACAGATAGCAT-1,-0.4417846022988624
CXCR3-,MS,CSF_16,CCTACACCACTGCCAG-1,-0.10056797643315316
CXCR3-,MS,CSF_16,CCTACCAAGAGGACGG-1,0.16613886864305608
CXCR3-,MS,CSF_16,CCTACCAAGGACGAAA-1,0.0583931309498666
CXCR3+,MS,CSF_16,CCTACCACATAAAGGT-1,0.04030878378260638
CXCR3+,MS,CSF_16,CCTACCAGTGGACGAT-1,0.0023620417206185224
CXCR3-,MS,CSF_16,CCTACCATCTGGGCCA-1,-0.11223940880184684
CXCR3+,MS,CSF_16,CCTAGCTCAATACGCT-1,0.10436612401381277
CXCR3+,MS,CSF_16,CCTAGCTGTCGACTAT-1,-0.08203721153436859
CXCR3-,MS,CSF_16,CCTAGCTTCGATGAGG-1,0.6282811620536066
CXCR3-,MS,CSF_16,CCTATTAAGAGGTACC-1,0.4576230360060926
CXCR3-,MS,CSF_16,CCTATTAGTACAGCAG-1,0.19359885840950755
CXCR3+,MS,CSF_16,CCTCAGTCATTTCAGG-1,0.1224820491020607
CXCR3-,MS,CSF_16,CCTCTGAAGGTGTGGT-1,0.20165635958412478
CXCR3-,MS,CSF_16,CCTCTGAAGTACACCT-1,0.03676305970666392
CXCR3-,MS,CSF_16,CCTCTGAAGTACGCGA-1,-0.10056797643315316
CXCR3-,MS,CSF_16,CCTCTGACACAGAGGT-1,0.4355008976771555
CXCR3-,MS,CSF_16,CCTCTGATCCCTCTTT-1,0.05426304700674175
CXCR3+,MS,CSF_16,CCTCTGATCCGCAAGC-1,0.5364098661270127
CXCR3-,MS,CSF_16,CCTTACGCAGCTCGAC-1,-0.2671711109336475
CXCR3-,MS,CSF_16,CCTTACGGTATAAACG-1,0.05350502931719863
CXCR3-,MS,CSF_16,CCTTACGTCTTCGGTC-1,0.08867438726700912
CXCR3+,MS,CSF_16,CCTTCCCAGTTGTCGT-1,0.18570064177072293
CXCR3-,MS,CSF_16,CCTTCCCCAATGAATG-1,0.24523378842327898
CXCR3-,MS,CSF_16,CCTTCCCCATGCGCAC-1,0.061187330414382735
CXCR3-,MS,CSF_16,CCTTCCCGTGAGGCTA-1,-0.10056797643315316
CXCR3+,MS,CSF_16,CCTTCCCGTTGGTGGA-1,-0.10056797643315316
CXCR3-,MS,CSF_16,CCTTCCCTCACATAGC-1,0.1688674616191445
CXCR3-,MS,CSF_16,CCTTTCTTCGCGTAGC-1,0.35207860193635404
CXCR3+,MS,CSF_16,CGAACATCAACTTGAC-1,-0.2571892124555313
CXCR3-,MS,CSF_16,CGAACATCATCTCCCA-1,-0.09073395466960325
CXCR3-,MS,CSF_16,CGAACATGTACCATCA-1,0.00038802492331486374
CXCR3-,MS,CSF_16,CGACCTTCACATCTTT-1,-0.10056797643315316
CXCR3+,MS,CSF_16,CGACCTTCAGGGTACA-1,0.3577459788628121
CXCR3+,MS,CSF_16,CGACCTTGTGCACCAC-1,0.08257939937842718
CXCR3+,MS,CSF_16,CGACCTTTCAGAGCTT-1,-0.647997849629161
CXCR3-,MS,CSF_16,CGACCTTTCGGCCGAT-1,0.11251787678547844
CXCR3+,MS,CSF_16,CGACTTCTCTTCCTTC-1,0.0775142164207401
CXCR3+,MS,CSF_16,CGAGAAGAGGCTAGGT-1,0.19111792017564408
CXCR3+,MS,CSF_16,CGAGAAGCACCTATCC-1,-0.604499975683901
CXCR3+,MS,CSF_16,CGAGAAGCATGTAGTC-1,-0.5298533722864447
CXCR3-,MS,CSF_16,CGAGCACAGGTGCTTT-1,0.3397424009133235
CXCR3-,MS,CSF_16,CGAGCACTCATATCGG-1,0.06915888913733319
CXCR3-,MS,CSF_16,CGAGCCACATTACGAC-1,0.17995348961843455
CXCR3+,MS,CSF_16,CGAGCCAGTCTTCGTC-1,0.021116374598880383
CXCR3-,MS,CSF_16,CGAGCCAGTTCCACAA-1,0.06181307345598152
CXCR3+,MS,CSF_16,CGATCGGCACAGGAGT-1,0.1975632399441984
CXCR3+,MS,CSF_16,CGATCGGTCTGCGGCA-1,0.26475055418132865
CXCR3+,MS,CSF_16,CGATTGAAGAAACCAT-1,0.27494378069589775
CXCR3-,MS,CSF_16,CGATTGACACTGTGTA-1,-0.0452361815175225
CXCR3-,MS,CSF_16,CGATTGAGTAGTACCT-1,-0.10056797643315316
CXCR3-,MS,CSF_16,CGCCAAGTCGTCCAGG-1,-0.10056797643315316
CXCR3+,MS,CSF_16,CGCGGTAAGGTCATCT-1,0.5123258947895087
CXCR3-,MS,CSF_16,CGCGGTAAGTAATCCC-1,0.04231002444852437
CXCR3-,MS,CSF_16,CGCGGTACACACCGAC-1,0.2801347736386139
CXCR3+,MS,CSF_16,CGCGGTACACAGACTT-1,-0.10056797643315316
CXCR3-,MS,CSF_16,CGCGGTAGTAGCGTCC-1,0.4203415674990003
CXCR3-,MS,CSF_16,CGCGGTAGTTCCTCCA-1,0.20729141511252294
CXCR3+,MS,CSF_16,CGCGGTATCCGTAGGC-1,0.10157727672073635
CXCR3-,MS,CSF_16,CGCGTTTGTGCTCTTC-1,0.40243845890998436
CXCR3-,MS,CSF_16,CGCTATCAGGCTAGAC-1,-0.195700091815573
CXCR3+,MS,CSF_16,CGCTATCAGTACGTTC-1,0.11586869052613628
CXCR3-,MS,CSF_16,CGCTATCTCCAGAGGA-1,-0.28292399369642496
CXCR3+,MS,CSF_16,CGCTATCTCGGGAGTA-1,0.7759741300625309
CXCR3-,MS,CSF_16,CGCTTCAAGCACACAG-1,-0.1179209990489892
CXCR3+,MS,CSF_16,CGCTTCACACCTGGTG-1,-0.195700091815573
CXCR3-,MS,CSF_16,CGCTTCATCGGATGTT-1,-0.20608005609757493
CXCR3-,MS,CSF_16,CGGACACAGGTGCAAC-1,0.44703427676471613
CXCR3-,MS,CSF_16,CGGACACCACGTCTCT-1,-0.030171218039113983
CXCR3-,MS,CSF_16,CGGACACGTAGTAGTA-1,-0.21002149874327136
CXCR3-,MS,CSF_16,CGGACGTCAAGTTGTC-1,-0.36268272369180493
CXCR3-,MS,CSF_16,CGGACGTCAGCTGTGC-1,-0.10056797643315316
CXCR3-,MS,CSF_16,CGGACGTGTGGGTATG-1,0.11959374780151598
CXCR3+,MS,CSF_16,CGGACTGTCACCTCGT-1,-0.9877042362086461
CXCR3-,MS,CSF_16,CGGACTGTCATGTGGT-1,0.19471738792391413
CXCR3-,MS,CSF_16,CGGAGCTAGATCGATA-1,0.1588329732647833
CXCR3+,MS,CSF_16,CGGAGCTCAGACGCAA-1,0.2559078074615045
CXCR3-,MS,CSF_16,CGGAGTCGTGCGAAAC-1,0.014081500939784362
CXCR3-,MS,CSF_16,CGGAGTCGTGTAAGTA-1,0.1458411492491969
CXCR3+,MS,CSF_16,CGGAGTCTCTTGCCGT-1,0.08387420321156502
CXCR3-,MS,CSF_16,CGGCTAGAGTTAGCGG-1,0.11759542660677158
CXCR3-,MS,CSF_16,CGGCTAGCAAGTTAAG-1,-0.10056797643315316
CXCR3-,MS,CSF_16,CGGCTAGTCGAACGGA-1,0.06425272757568305
CXCR3-,MS,CSF_16,CGGCTAGTCGAGCCCA-1,-0.0624371673392193
CXCR3-,MS,CSF_16,CGGGTCACAAAGGCGT-1,0.23244552146123323
CXCR3-,MS,CSF_16,CGGGTCACACCAGATT-1,0.3413255331645311
CXCR3-,MS,CSF_16,CGGTTAAGTACCGTTA-1,0.06974582645189963
CXCR3-,MS,CSF_16,CGGTTAATCCGTCAAA-1,0.07526966513547295
CXCR3-,MS,CSF_16,CGGTTAATCCGTTGTC-1,0.07009807961346871
CXCR3-,MS,CSF_16,CGGTTAATCGCCTGTT-1,1.0303707520867849
CXCR3+,MS,CSF_16,CGTAGGCAGTGTGGCA-1,0.04346234682409638
CXCR3-,MS,CSF_16,CGTAGGCGTACCTACA-1,0.06748978030593256
CXCR3-,MS,CSF_16,CGTCAGGCAATGGTCT-1,-0.03750772580402373
CXCR3-,MS,CSF_16,CGTCAGGGTCTCTCTG-1,-0.0501585699166092
CXCR3-,MS,CSF_16,CGTCAGGGTGGGTCAA-1,0.10725005329351965
CXCR3-,MS,CSF_16,CGTCAGGTCAAACAAG-1,-0.10056797643315316
CXCR3-,MS,CSF_16,CGTCCATAGCAATCTC-1,-0.061365435464234896
CXCR3+,MS,CSF_16,CGTCCATCAAGAAAGG-1,-0.10056797643315316
CXCR3+,MS,CSF_16,CGTCCATCAGCCTGTG-1,-0.18266766304017562
CXCR3-,MS,CSF_16,CGTCCATCAGGTGGAT-1,0.21215012054044374
CXCR3-,MS,CSF_16,CGTCTACAGATCACGG-1,0.2877644216955128
CXCR3+,MS,CSF_16,CGTGAGCAGGGCTCTC-1,0.14062895922396365
CXCR3+,MS,CSF_16,CGTGTAAGTACCCAAT-1,-0.21612065294195185
CXCR3-,MS,CSF_16,CGTGTCTGTAGCAAAT-1,0.13425345385509965
CXCR3-,MS,CSF_16,CGTGTCTGTGCAACTT-1,-0.10056797643315316
CXCR3-,MS,CSF_16,CGTTAGAAGGTAGCTG-1,0.09116101269581078
CXCR3+,MS,CSF_16,CGTTAGAGTGCGGTAA-1,0.5750822842076163
CXCR3+,MS,CSF_16,CGTTAGAGTTGAACTC-1,0.22844279594738934
CXCR3+,MS,CSF_16,CGTTAGATCTAGAGTC-1,-0.3079779056890029
CXCR3+,MS,CSF_16,CGTTCTGAGGATATAC-1,0.5292449759618678
CXCR3-,MS,CSF_16,CGTTGGGCAAACCCAT-1,0.2976096372131859
CXCR3-,MS,CSF_16,CGTTGGGCAAGAGTCG-1,-0.007960908784960521
CXCR3-,MS,CSF_16,CGTTGGGTCAAAGACA-1,0.032567690474856144
CXCR3-,MS,CSF_16,CTAACTTCAACGCACC-1,-0.0075163788428033495
CXCR3+,MS,CSF_16,CTAACTTCACCAGGCT-1,0.4126782275354575
CXCR3-,MS,CSF_16,CTAACTTCATGCCTAA-1,-0.10056797643315316
CXCR3-,MS,CSF_16,CTAAGACAGGAGTACC-1,0.07701992797838737
CXCR3-,MS,CSF_16,CTAAGACGTAGCGCTC-1,-0.1851876274022342
CXCR3-,MS,CSF_16,CTACACCAGCCCGAAA-1,-0.297081497261726
CXCR3+,MS,CSF_16,CTACACCAGTGCGTGA-1,0.10227670211215294
CXCR3+,MS,CSF_16,CTACACCGTCGGCACT-1,-0.10056797643315316
CXCR3-,MS,CSF_16,CTACATTCAATGGTCT-1,0.04972449151850744
CXCR3-,MS,CSF_16,CTACATTCATCTACGA-1,-0.1793599248495012
CXCR3-,MS,CSF_16,CTACATTGTTCCGGCA-1,0.03250677529795782
CXCR3-,MS,CSF_16,CTACATTTCCAACCAA-1,0.3272652767997398
CXCR3-,MS,CSF_16,CTACCCAAGCTCAACT-1,-0.27078865632239174
CXCR3+,MS,CSF_16,CTACCCACACTGTCGG-1,0.14964272791780578
CXCR3-,MS,CSF_16,CTACCCAGTAGAGGAA-1,-0.12491591055368148
CXCR3+,MS,CSF_16,CTACCCATCAAGGTAA-1,0.29506984476777837
CXCR3-,MS,CSF_16,CTAGAGTCACCCTATC-1,0.30480267845507997
CXCR3-,MS,CSF_16,CTAGCCTAGCGTTGCC-1,0.5948635677796539
CXCR3-,MS,CSF_16,CTAGCCTCAAGCTGTT-1,0.2911047568031265
CXCR3-,MS,CSF_16,CTAGCCTCACAGGCCT-1,-0.3449404511259342
CXCR3+,MS,CSF_16,CTAGCCTTCTGTCAAG-1,-0.10056797643315316
CXCR3+,MS,CSF_16,CTAGTGAGTCTAAACC-1,0.34545796316752775
CXCR3+,MS,CSF_16,CTCACACCAGGACGTA-1,0.3718313465053494
CXCR3-,MS,CSF_16,CTCACACGTCCAGTTA-1,0.25832362239723944
CXCR3-,MS,CSF_16,CTCACACTCGAACGGA-1,0.3816652538667551
CXCR3-,MS,CSF_16,CTCAGAAAGATATACG-1,0.039765962428664904
CXCR3-,MS,CSF_16,CTCAGAATCGAGAGCA-1,0.1200181250193066
CXCR3-,MS,CSF_16,CTCATTACATCCGGGT-1,-0.060286015942750244
CXCR3-,MS,CSF_16,CTCATTAGTCTGCGGT-1,0.1688117147806654
CXCR3-,MS,CSF_16,CTCATTATCAGCTCGG-1,0.08563812329261575
CXCR3-,MS,CSF_16,CTCATTATCGATAGAA-1,-0.10692327816385362
CXCR3-,MS,CSF_16,CTCATTATCTTCGAGA-1,0.6186615776343735
CXCR3-,MS,CSF_16,CTCCTAGGTTCAACCA-1,-0.10056797643315316
CXCR3-,MS,CSF_16,CTCGAAACAATCCGAT-1,0.2140813385624384
CXCR3-,MS,CSF_16,CTCGAAATCTCTAGGA-1,0.045318481106916816
CXCR3-,MS,CSF_16,CTCGAGGAGAGCAATT-1,-0.10056797643315316
CXCR3+,MS,CSF_16,CTCGAGGAGATAGGAG-1,0.11524923850096244
CXCR3+,MS,CSF_16,CTCGAGGAGCCACGCT-1,-0.2317600398687996
CXCR3-,MS,CSF_16,CTCGAGGAGTCCGTAT-1,0.33946483294982926
CXCR3+,MS,CSF_16,CTCGAGGGTGTAATGA-1,-0.22034886752799102
CXCR3-,MS,CSF_16,CTCGAGGTCCCTGACT-1,0.058733725777932726
CXCR3-,MS,CSF_16,CTCGAGGTCTAACGGT-1,0.03787385356943148
CXCR3-,MS,CSF_16,CTCGGAGGTGACGCCT-1,-0.26819403157445404
CXCR3-,MS,CSF_16,CTCGGAGTCTTATCTG-1,0.17830944993035164
CXCR3-,MS,CSF_16,CTCGGGACAAGGACTG-1,0.19165055735848288
CXCR3+,MS,CSF_16,CTCGGGACATTGGGCC-1,-0.10056797643315316
CXCR3+,MS,CSF_16,CTCGGGAGTGATGCCC-1,0.45367315689914894
CXCR3+,MS,CSF_16,CTCGGGAGTTATCACG-1,0.1702474173435564
CXCR3-,MS,CSF_16,CTCGGGATCGTTGCCT-1,-0.10056797643315316
CXCR3-,MS,CSF_16,CTCGTACTCGTAGGTT-1,0.17111563546341263
CXCR3-,MS,CSF_16,CTCGTCAAGCGACGTA-1,0.2538415697680518
CXCR3-,MS,CSF_16,CTCTAATAGATGCGAC-1,-0.10056797643315316
CXCR3-,MS,CSF_16,CTCTAATAGGACAGAA-1,-0.042991550418982886
CXCR3+,MS,CSF_16,CTCTAATCACAGATTC-1,0.12939047152813224
CXCR3-,MS,CSF_16,CTCTACGAGACCCACC-1,-0.6576727921735973
CXCR3-,MS,CSF_16,CTCTACGAGCGCCTTG-1,-0.3652820436786509
CXCR3-,MS,CSF_16,CTCTACGCAAGCTGGA-1,0.4890870464357116
CXCR3-,MS,CSF_16,CTCTACGTCCTCAACC-1,0.43416144683450186
CXCR3-,MS,CSF_16,CTCTACGTCGTTTATC-1,0.10491471979818486
CXCR3-,MS,CSF_16,CTGAAACTCATGCATG-1,0.37596674834296184
CXCR3-,MS,CSF_16,CTGAAGTCATCAGTAC-1,0.7186988804697471
CXCR3+,MS,CSF_16,CTGAAGTGTGATGATA-1,0.13895487958897068
CXCR3+,MS,CSF_16,CTGATAGAGAAGAAGC-1,0.2012785492284031
CXCR3-,MS,CSF_16,CTGATAGAGTGGCACA-1,-0.10056797643315316
CXCR3+,MS,CSF_16,CTGATAGGTCTCTTAT-1,0.49067546290783737
CXCR3-,MS,CSF_16,CTGATCCAGGTTCCTA-1,0.07577884345444642
CXCR3-,MS,CSF_16,CTGCCTAAGTAGCCGA-1,0.0584558380504547
CXCR3+,MS,CSF_16,CTGCCTACATTACGAC-1,-0.16818546386304148
CXCR3-,MS,CSF_16,CTGCCTAGTGCACGAA-1,0.5522617083885394
CXCR3+,MS,CSF_16,CTGCCTAGTGGCAAAC-1,0.05640419402346668
CXCR3-,MS,CSF_16,CTGCCTATCTTGCCGT-1,0.10176824377665175
CXCR3-,MS,CSF_16,CTGCGGATCCACTGGG-1,-0.10056797643315316
CXCR3-,MS,CSF_16,CTGCGGATCTGATTCT-1-1,0.02624511925824916
CXCR3+,MS,CSF_16,CTGCTGTAGATTACCC-1,0.216986241255564
CXCR3-,MS,CSF_16,CTGCTGTCAAAGCGGT-1,0.6201161534748908
CXCR3+,MS,CSF_16,CTGGTCTCACGGACAA-1,0.3060835426044052
CXCR3-,MS,CSF_16,CTGGTCTCATAAGACA-1,0.05957363062199513
CXCR3-,MS,CSF_16,CTGTGCTTCCAAACTG-1,-0.10056797643315316
CXCR3-,MS,CSF_16,CTGTTTAAGACTTTCG-1,0.215415863338837
CXCR3-,MS,CSF_16,CTGTTTACAGGAATGC-1,0.1371638611291697
CXCR3+,MS,CSF_16,CTGTTTAGTCTTGCGG-1,-0.37026751648804523
CXCR3+,MS,CSF_16,CTTACCGGTCTTCTCG-1,-0.11205363625290161
CXCR3-,MS,CSF_16,CTTACCGGTGTCGCTG-1,-0.10056797643315316
CXCR3-,MS,CSF_16,CTTAGGATCAGAGCTT-1,0.5711985114664565
CXCR3-,MS,CSF_16,CTTAGGATCGGCATCG-1,0.1780386917461715
CXCR3-,MS,CSF_16,CTTCTCTAGGAGTAGA-1,-0.10056797643315316
CXCR3-,MS,CSF_16,CTTCTCTCAGCTGGCT-1,-0.1860090120097655
CXCR3+,MS,CSF_16,CTTCTCTTCAACTCTT-1,0.046604841918921495
CXCR3-,MS,CSF_16,CTTGGCTGTCTAGTCA-1,-0.10056797643315316
CXCR3+,MS,CSF_16,CTTTGCGGTCTCCATC-1,0.469557639703496
CXCR3+,MS,CSF_16,GAAACTCCACCCATGG-1,0.528016762805058
CXCR3-,MS,CSF_16,GAAATGACAGGCTCAC-1,0.1778304670092909
CXCR3+,MS,CSF_16,GAACCTAAGATGCCAG-1,0.04541160257466703
CXCR3-,MS,CSF_16,GAACCTACATGGTAGG-1,-0.11992816937900116
CXCR3-,MS,CSF_16,GAACCTATCAGAGACG-1,0.08107239304884706
CXCR3-,MS,CSF_16,GAACGGACATTACCTT-1,0.3392794843462763
CXCR3-,MS,CSF_16,GAACGGAGTCTGGAGA-1,0.03952988680169399
CXCR3-,MS,CSF_16,GAACGGAGTGTCTGAT-1,-0.10056797643315316
CXCR3+,MS,CSF_16,GAAGCAGAGGAGTTGC-1,0.08746065789612747
CXCR3+,MS,CSF_16,GAAGCAGCAGCCTTTC-1,0.2313107678287046
CXCR3+,MS,CSF_16,GAAGCAGGTCAAAGCG-1,0.10569803247568609
CXCR3+,MS,CSF_16,GAATAAGAGTCAAGGC-1,0.509270736434852
CXCR3-,MS,CSF_16,GAATAAGCAATGTTGC-1,0.1574899831680457
CXCR3-,MS,CSF_16,GAATGAAAGTCCAGGA-1,-0.10056797643315316
CXCR3-,MS,CSF_16,GAATGAATCAAAGTAG-1,0.02646018395404659
CXCR3-,MS,CSF_16,GACACGCAGCGTTCCG-1,0.23874963112377046
CXCR3+,MS,CSF_16,GACACGCAGGAGTAGA-1,-0.09241362926806425
CXCR3-,MS,CSF_16,GACAGAGCAAGGTTTC-1,0.040157721516385934
CXCR3-,MS,CSF_16,GACCAATAGACAATAC-1,0.15517492934375207
CXCR3-,MS,CSF_16,GACCAATCACAGTCGC-1,0.21743273988470765
CXCR3+,MS,CSF_16,GACCAATGTACTTCTT-1,0.5468093514724989
CXCR3+,MS,CSF_16,GACCAATTCTCCCTGA-1,0.2732875862139426
CXCR3+,MS,CSF_16,GACCTGGAGGTGATAT-1,-0.45724425961534226
CXCR3+,MS,CSF_16,GACCTGGAGTGGAGTC-1,0.03430368978700506
CXCR3-,MS,CSF_16,GACCTGGCATTCTTAC-1,0.6279941321033278
CXCR3-,MS,CSF_16,GACCTGGGTCGATTGT-1,0.44099438518297285
CXCR3-,MS,CSF_16,GACCTGGGTGGACGAT-1,-0.04778355650122955
CXCR3-,MS,CSF_16,GACCTGGGTTATGTGC-1,0.052417419791161164
CXCR3-,MS,CSF_16,GACGCGTCAAGCTGAG-1,-0.30766764887472614
CXCR3+,MS,CSF_16,GACGGCTCAGAGTGTG-1,-0.10056797643315316
CXCR3-,MS,CSF_16,GACGGCTGTTCAGTAC-1,-0.10056797643315316
CXCR3-,MS,CSF_16,GACGTGCAGTTTAGGA-1,0.26518627483502577
CXCR3+,MS,CSF_16,GACGTGCCACGGCCAT-1,0.11020502619589283
CXCR3-,MS,CSF_16,GACGTGCGTGATGTCT-1,-0.10056797643315316
CXCR3+,MS,CSF_16,GACGTGCTCCACTCCA-1,-0.09907681755077831
CXCR3-,MS,CSF_16,GACGTTAGTTCCATGA-1,-0.18968465801828005
CXCR3+,MS,CSF_16,GACGTTAGTTGAGGTG-1,0.6338499937936887
CXCR3-,MS,CSF_16,GACGTTATCCTGCCAT-1,0.11517776763428877
CXCR3-,MS,CSF_16,GACTAACCATCGGGTC-1,-0.0956274050473747
CXCR3+,MS,CSF_16,GACTAACCATCTCCCA-1,0.28871111948848477
CXCR3-,MS,CSF_16,GACTAACGTCGAGTTT-1,0.013166912795165655
CXCR3-,MS,CSF_16,GACTACAAGGTGCTTT-1,0.053645724019572745
CXCR3-,MS,CSF_16,GACTACACATGGTCTA-1,0.08096975651832242
CXCR3+,MS,CSF_16,GACTACAGTCTCTCGT-1,-0.10056797643315316
CXCR3+,MS,CSF_16,GACTGCGCACAGGAGT-1,0.10780137562240084
CXCR3-,MS,CSF_16,GACTGCGGTCCGTCAG-1,-0.10056797643315316
CXCR3-,MS,CSF_16,GACTGCGGTGATGTGG-1,0.07745469652008939
CXCR3-,MS,CSF_16,GACTGCGGTGTCGCTG-1,-0.10056797643315316
CXCR3-,MS,CSF_16,GAGCAGAAGACTTTCG-1,0.134627364741425
CXCR3-,MS,CSF_16,GAGCAGAAGTGAATTG-1,0.05933493429268964
CXCR3-,MS,CSF_16,GAGGTGAAGATCTGCT-1,-0.09680157372675402
CXCR3-,MS,CSF_16,GAGGTGAAGCGAAGGG-1,0.22904936574490595
CXCR3+,MS,CSF_16,GAGGTGACATTAGCCA-1,-0.11537745116800113
CXCR3-,MS,CSF_16,GAGGTGATCCCGGATG-1,0.302265629276215
CXCR3-,MS,CSF_16,GAGTCCGAGTGGAGAA-1,0.10524145622419247
CXCR3-,MS,CSF_16,GAGTCCGCACCATGTA-1,0.3891437339703755
CXCR3+,MS,CSF_16,GAGTCCGTCGAACTGT-1,0.1673804225419959
CXCR3-,MS,CSF_16,GATCAGTAGCTAGTTC-1,0.29894466267619624
CXCR3-,MS,CSF_16,GATCAGTTCCTCAATT-1,-0.008209794926286358
CXCR3-,MS,CSF_16,GATCGATCACAGCGTC-1,0.08285967433832067
CXCR3-,MS,CSF_16,GATCGATGTAAGTGGC-1,0.08711671193469016
CXCR3+,MS,CSF_16,GATCGTATCACAAACC-1,-0.433377896616942
CXCR3-,MS,CSF_16,GATCTAGTCTCAAGTG-1,-0.25205533450724127
CXCR3-,MS,CSF_16,GATGAAAGTCAGAATA-1,0.04836358564357833
CXCR3-,MS,CSF_16,GATGAAATCCTAGAAC-1,-0.2505341023290804
CXCR3-,MS,CSF_16,GATGCTATCGCCGTGA-1,-0.10056797643315316
CXCR3-,MS,CSF_16,GATTCAGAGGACGAAA-1,-0.2961527293047969
CXCR3+,MS,CSF_16,GATTCAGCAAGGCTCC-1,0.061791036769128733
CXCR3-,MS,CSF_16,GATTCAGCACATTAGC-1,-0.10056797643315316
CXCR3+,MS,CSF_16,GATTCAGGTAGTACCT-1,-0.19740736261465713
CXCR3-,MS,CSF_16,GATTCAGTCCCATTTA-1,-0.2655018384675543
CXCR3-,MS,CSF_16,GATTCAGTCCTTGGTC-1,0.0468304009461394
CXCR3-,MS,CSF_16,GCAAACTCACCAGGTC-1,0.12944347348121837
CXCR3+,MS,CSF_16,GCAAACTCATGAGCGA-1,0.20826188570039975
CXCR3+,MS,CSF_16,GCAATCAAGACCTAGG-1,0.051653151785696905
CXCR3-,MS,CSF_16,GCAATCAAGCCCAATT-1,-0.05439969296066511
CXCR3+,MS,CSF_16,GCACATAAGAAGAAGC-1,-0.11521776542499049
CXCR3+,MS,CSF_16,GCACTCTAGAGTTGGC-1,0.06854117488998272
CXCR3+,MS,CSF_16,GCACTCTGTAAGAGGA-1,0.2640029317796767
CXCR3-,MS,CSF_16,GCACTCTTCGATCCCT-1,0.19744001709713904
CXCR3+,MS,CSF_16,GCAGCCACAAAGGCGT-1,-0.0031271845847805463
CXCR3-,MS,CSF_16,GCAGCCACAGACAAGC-1,-0.10056797643315316
CXCR3+,MS,CSF_16,GCAGCCATCCAAGTAC-1,-0.1953124566046091
CXCR3-,MS,CSF_16,GCAGTTAAGTACGTTC-1,0.11303492611222085
CXCR3-,MS,CSF_16,GCAGTTAGTACCGAGA-1,-0.10056797643315316
CXCR3-,MS,CSF_16,GCAGTTAGTTCGAATC-1,-0.2618282739980119
CXCR3-,MS,CSF_16,GCATACAAGAGATGAG-1,0.4394976160578913
CXCR3-,MS,CSF_16,GCATACAAGCTAGTGG-1,0.35110823799775565
CXCR3+,MS,CSF_16,GCATACACACATGACT-1,-0.2192138033184857
CXCR3-,MS,CSF_16,GCATACATCAGAGCTT-1,0.8140948491422947
CXCR3-,MS,CSF_16,GCATGCGAGGGTATCG-1,0.296388434975368
CXCR3+,MS,CSF_16,GCATGCGTCATTCACT-1,-0.16316608144636288
CXCR3-,MS,CSF_16,GCATGTAGTACAGCAG-1,0.6274284430821883
CXCR3-,MS,CSF_16,GCCAAATAGTGCCAGA-1,-0.12338295895737993
CXCR3-,MS,CSF_16,GCCAAATCACGGTTTA-1,-0.08026792984283927
CXCR3-,MS,CSF_16,GCCAAATGTTAGATGA-1,0.23883295512279057
CXCR3-,MS,CSF_16,GCCTCTAAGAATGTTG-1,0.07445607139682793
CXCR3-,MS,CSF_16,GCCTCTAAGACTACAA-1,0.03958407748970072
CXCR3-,MS,CSF_16,GCCTCTAAGATCGATA-1,-0.10056797643315316
CXCR3-,MS,CSF_16,GCCTCTACAAACGCGA-1,0.37158801608573716
CXCR3-,MS,CSF_16,GCCTCTACATACTCTT-1,-0.10056797643315316
CXCR3+,MS,CSF_16,GCCTCTACATCGGAAG-1,-0.042919715738941204
CXCR3-,MS,CSF_16,GCCTCTAGTATCGCAT-1,-0.10056797643315316
CXCR3-,MS,CSF_16,GCCTCTAGTCTAGGTT-1,0.5476448066828212
CXCR3-,MS,CSF_16,GCCTCTAGTTGACGTT-1,0.037259801779211954
CXCR3-,MS,CSF_16,GCCTCTATCAACCATG-1,0.5489160399373024
CXCR3+,MS,CSF_16,GCGAGAATCACAAACC-1,0.5754759267497447
CXCR3-,MS,CSF_16,GCGCAACGTTAGGGTG-1,0.08755810937143356
CXCR3+,MS,CSF_16,GCGCAACTCCACGCAG-1,0.4419431161240861
CXCR3-,MS,CSF_16,GCGCAACTCGACGGAA-1,0.17616492125974315
CXCR3+,MS,CSF_16,GCGCAACTCTGCTGTC-1,-0.13214162546447691
CXCR3-,MS,CSF_16,GCGCAGTAGATCACGG-1-1,0.06886078814097521
CXCR3+,MS,CSF_16,GCGCAGTGTGGTAACG-1,0.09302667901638846
CXCR3+,MS,CSF_16,GCGCCAAAGCACCGCT-1,-0.42890083672656987
CXCR3+,MS,CSF_16,GCGCCAAGTATGCTTG-1,0.11150151709920364
CXCR3-,MS,CSF_16,GCGCGATAGACTACAA-1,0.426190943412238
CXCR3-,MS,CSF_16,GCGCGATAGGCAATTA-1,0.3156003973917376
CXCR3-,MS,CSF_16,GCGCGATCATGACATC-1,0.3302950302262084
CXCR3-,MS,CSF_16,GCGCGATGTGTTAAGA-1,-0.26936119577512413
CXCR3+,MS,CSF_16,GCGGGTTAGACTGTAA-1,0.4776191991533829
CXCR3+,MS,CSF_16,GCGGGTTAGCACAGGT-1,0.3288809548758914
CXCR3-,MS,CSF_16,GCGGGTTCAAGTCATC-1,-0.200005943607012
CXCR3-,MS,CSF_16,GCGGGTTGTACTCTCC-1,0.4526447753276356
CXCR3-,MS,CSF_16,GCGGGTTGTATCTGCA-1,-0.10056797643315316
CXCR3-,MS,CSF_16,GCGGGTTTCAGTCAGT-1,0.30470915235349255
CXCR3+,MS,CSF_16,GCGGGTTTCTTGTATC-1,-0.18085663990911163
CXCR3-,MS,CSF_16,GCTCCTATCATGCAAC-1,-0.16813750190088778
CXCR3+,MS,CSF_16,GCTCTGTAGTCGAGTG-1,-0.22846136181747692
CXCR3-,MS,CSF_16,GCTCTGTCACGTCAGC-1,0.3072524979576282
CXCR3+,MS,CSF_16,GCTGCAGAGGCTCAGA-1,-0.23672245798440297
CXCR3-,MS,CSF_16,GCTGCAGAGGTGTGGT-1,0.08009442280477612
CXCR3+,MS,CSF_16,GCTGCAGGTTAAAGTG-1,0.4568741488134312
CXCR3-,MS,CSF_16,GCTGCAGTCCCAGGTG-1,-0.031229487041613452
CXCR3-,MS,CSF_16,GCTGCAGTCCGATATG-1,0.13786325547827977
CXCR3-,MS,CSF_16,GCTGCTTAGCGTAATA-1,0.34538586429956536
CXCR3-,MS,CSF_16,GCTGCTTGTGCAACTT-1,0.293098168202871
CXCR3+,MS,CSF_16,GCTGCTTTCCTTTCTC-1,0.05102756988496821
CXCR3+,MS,CSF_16,GCTGCTTTCGGAATCT-1,-0.011339710996389894
CXCR3-,MS,CSF_16,GCTGGGTGTTGGTGGA-1,-0.059256494003668024
CXCR3+,MS,CSF_16,GCTTGAACAAGGGTCA-1,0.35283297252879614
CXCR3+,MS,CSF_16,GCTTGAAGTGCGGTAA-1,0.11175427914379207
CXCR3-,MS,CSF_16,GGAAAGCAGAAGATTC-1,0.5274718670580604
CXCR3-,MS,CSF_16,GGAAAGCAGTAGCCGA-1,-0.009034079719123777
CXCR3-,MS,CSF_16,GGAAAGCGTCTAGTGT-1,-0.10056797643315316
CXCR3+,MS,CSF_16,GGAAAGCTCAGATAAG-1,0.6786405700469615
CXCR3-,MS,CSF_16,GGAAAGCTCTTCGGTC-1,-0.26887738543930734
CXCR3+,MS,CSF_16,GGAACTTCAGGGATTG-1,-0.28854704404224013
CXCR3-,MS,CSF_16,GGAACTTGTACATGTC-1,-0.42525610844128076
CXCR3+,MS,CSF_16,GGAATAAAGAATTGTG-1,0.33941408032333253
CXCR3-,MS,CSF_16,GGAATAACAACACGCC-1,-0.10056797643315316
CXCR3-,MS,CSF_16,GGAATAACACGGTAAG-1,-0.20452880982579008
CXCR3-,MS,CSF_16,GGAATAACATGGGAAC-1,0.24028316156795038
CXCR3+,MS,CSF_16,GGAATAATCAAGGCTT-1,0.19524478586219665
CXCR3-,MS,CSF_16,GGACAAGCAAAGGAAG-1,0.42734934375061423
CXCR3-,MS,CSF_16,GGACAGAAGACTAAGT-1,0.029129226874544445
CXCR3+,MS,CSF_16,GGACAGAGTAAGGGCT-1,-0.4122154027137845
CXCR3-,MS,CSF_16,GGACAGAGTTGATTCG-1,0.07106334523865367
CXCR3-,MS,CSF_16,GGACAGATCGTTACAG-1,-0.19151145641205605
CXCR3+,MS,CSF_16,GGACATTCATCATCCC-1,-0.45519173660145423
CXCR3-,MS,CSF_16,GGACGTCCAGGGTATG-1,0.07204387360656818
CXCR3-,MS,CSF_16,GGACGTCTCAGAAATG-1,-0.13610063578066298
CXCR3-,MS,CSF_16,GGAGCAAAGGCCCTCA-1,0.2610696719006092
CXCR3-,MS,CSF_16,GGATTACGTTCACGGC-1,0.3784783815993487
CXCR3-,MS,CSF_16,GGCAATTAGTCACGCC-1,-0.21825129099705634
CXCR3+,MS,CSF_16,GGCCGATAGACCTAGG-1,0.24327911201389268
CXCR3-,MS,CSF_16,GGCCGATAGTACGTAA-1,0.42586258722957787
CXCR3-,MS,CSF_16,GGCGACTAGTGCCAGA-1,0.0601889263672453
CXCR3-,MS,CSF_16,GGCGTGTCACATTTCT-1,0.23901381849742417
CXCR3+,MS,CSF_16,GGCGTGTTCGTACCGG-1,0.04563035575390511
CXCR3-,MS,CSF_16,GGCGTGTTCTACGAGT-1,0.7032382853975081
CXCR3-,MS,CSF_16,GGCTCGAAGTCCATAC-1,0.16918442027288721
CXCR3-,MS,CSF_16,GGCTCGACAGCCTGTG-1,0.680776960581729
CXCR3-,MS,CSF_16,GGCTCGAGTCGACTAT-1,0.404828597543029
CXCR3-,MS,CSF_16,GGCTCGAGTGAGGCTA-1,-0.035540224576136474
CXCR3-,MS,CSF_16,GGCTCGAGTTGTACAC-1,0.07665591901351587
CXCR3+,MS,CSF_16,GGCTCGATCTCAAGTG-1,0.6542993537776025
CXCR3+,MS,CSF_16,GGCTCGATCTCGCATC-1,-0.10056797643315316
CXCR3-,MS,CSF_16,GGCTGGTAGTACACCT-1,0.22661748370172807
CXCR3+,MS,CSF_16,GGGAATGAGCTAGGCA-1,0.10259959595739813
CXCR3-,MS,CSF_16,GGGAATGCAGACGTAG-1,0.4776325359715857
CXCR3+,MS,CSF_16,GGGAATGCAGCTCGCA-1,-0.21535272681160467
CXCR3-,MS,CSF_16,GGGAATGCAGGCTGAA-1,0.3293668615951259
CXCR3-,MS,CSF_16,GGGAATGTCCACTGGG-1,-0.10056797643315316
CXCR3-,MS,CSF_16,GGGACCTAGCCACGTC-1,0.04868964311314553
CXCR3-,MS,CSF_16,GGGACCTTCCCTAACC-1,-0.10056797643315316
CXCR3-,MS,CSF_16,GGGACCTTCGGCGCAT-1,0.018825632053402104
CXCR3-,MS,CSF_16,GGGAGATAGGACACCA-1,-0.10056797643315316
CXCR3+,MS,CSF_16,GGGAGATCATGAGCGA-1,-0.07646953717502945
CXCR3+,MS,CSF_16,GGGATGAAGAAACCGC-1,0.20742617387893242
CXCR3-,MS,CSF_16,GGGATGACACTCAGGC-1,0.18033250990866131
CXCR3+,MS,CSF_16,GGGATGACAGTATAAG-1,0.2251586744697583
CXCR3-,MS,CSF_16,GGGCACTCACCCATTC-1,-0.10056797643315316
CXCR3-,MS,CSF_16,GGGTCTGAGCTGCAAG-1,0.5174666197057717
CXCR3-,MS,CSF_16,GGGTCTGCAATCACAC-1,-0.23468603466773366
CXCR3-,MS,CSF_16,GGGTCTGCACGGTAAG-1,0.3553754482077586
CXCR3-,MS,CSF_16,GGGTCTGGTCGAATCT-1,0.5239991582995691
CXCR3-,MS,CSF_16,GGGTTGCGTCGACTGC-1,0.0834152635980608
CXCR3-,MS,CSF_16,GGGTTGCTCCACGCAG-1,0.19245178664748577
CXCR3-,MS,CSF_16,GGTATTGAGGAACTGC-1,0.23466304772062954
CXCR3-,MS,CSF_16,GGTATTGCACCCAGTG-1,-0.10056797643315316
CXCR3+,MS,CSF_16,GGTATTGGTCACCTAA-1,0.06443867468787758
CXCR3+,MS,CSF_16,GGTGCGTAGATTACCC-1,-0.14335325291282652
CXCR3+,MS,CSF_16,GGTGCGTGTCTGCGGT-1,-0.10056797643315316
CXCR3-,MS,CSF_16,GGTGCGTTCGCCCTTA-1,0.03372109571904019
CXCR3-,MS,CSF_16,GGTGTTAGTACCGCTG-1,0.24803614459765935
CXCR3-,MS,CSF_16,GGTGTTAGTTAAGTAG-1,0.0974023885563168
CXCR3-,MS,CSF_16,GGTGTTATCCAAACAC-1,0.05335234541523627
CXCR3-,MS,CSF_16,GGTGTTATCCGGGTGT-1,-0.495406282339452
CXCR3+,MS,CSF_16,GTAACGTAGTTAGGTA-1,0.29557995568316936
CXCR3-,MS,CSF_16,GTAACGTCAGGATCGA-1,0.40083797627875617
CXCR3-,MS,CSF_16,GTAACGTGTACCATCA-1,0.539847408208327
CXCR3-,MS,CSF_16,GTAACTGAGGGTCGAT-1,0.3218223231710572
CXCR3-,MS,CSF_16,GTAACTGCAGACAAGC-1,-0.10056797643315316
CXCR3-,MS,CSF_16,GTAACTGCAGGGCATA-1,-0.10056797643315316
CXCR3+,MS,CSF_16,GTAACTGGTAGCGCTC-1,-0.2738358172506419
CXCR3-,MS,CSF_16,GTAACTGGTATGAAAC-1,0.04456697582241958
CXCR3+,MS,CSF_16,GTACGTATCCCACTTG-1,0.12415765734493743
CXCR3-,MS,CSF_16,GTACGTATCCGTTGTC-1,0.06892457620896277
CXCR3-,MS,CSF_16,GTACTCCAGCCCTAAT-1,0.01364055599703792
CXCR3+,MS,CSF_16,GTACTCCAGTAGCCGA-1,0.060842005351328506
CXCR3+,MS,CSF_16,GTACTCCCACCCATTC-1,-0.10056797643315316
CXCR3+,MS,CSF_16,GTACTCCCAGCTGTGC-1,0.3148550416678684
CXCR3+,MS,CSF_16,GTACTTTGTGCTGTAT-1,0.32640318417885916
CXCR3-,MS,CSF_16,GTAGTCAAGAGAGCTC-1,0.2386013881975149
CXCR3-,MS,CSF_16,GTAGTCACAAAGCAAT-1,-0.10056797643315316
CXCR3-,MS,CSF_16,GTAGTCAGTGCAGGTA-1,0.4287305072095999
CXCR3-,MS,CSF_16,GTAGTCAGTGCCTGGT-1,-0.281826474566211
CXCR3-,MS,CSF_16,GTATCTTCATATACGC-1,0.045018325216786156
CXCR3-,MS,CSF_16,GTATCTTGTCAGAAGC-1,-0.005084127182434958
CXCR3-,MS,CSF_16,GTCAAGTAGATAGCAT-1,-0.17527482428952057
CXCR3-,MS,CSF_16,GTCACAAAGTTACGGG-1,-0.05319046306814977
CXCR3+,MS,CSF_16,GTCATTTAGTACGCGA-1,-0.2511355415250002
CXCR3-,MS,CSF_16,GTCATTTGTTAGTGGG-1,-0.035987833254091925
CXCR3+,MS,CSF_16,GTCATTTTCCTTGCCA-1,0.08440056440330425
CXCR3+,MS,CSF_16,GTCATTTTCTCTAGGA-1,0.12129535796014974
CXCR3+,MS,CSF_16,GTCCTCAGTGCAACGA-1,0.3061016321434601
CXCR3-,MS,CSF_16,GTCGGGTGTTCGCGAC-1,0.37254709309222783
CXCR3-,MS,CSF_16,GTCGTAACATGTCGAT-1,-0.10056797643315316
CXCR3-,MS,CSF_16,GTCGTAAGTGTGACCC-1,0.3598520941300915
CXCR3-,MS,CSF_16,GTCTCGTAGGTGTGGT-1,-0.21722443879060307
CXCR3-,MS,CSF_16,GTCTCGTAGTCCGGTC-1,0.06360617896106836
CXCR3-,MS,CSF_16,GTCTCGTCAGTCACTA-1,0.0518191778107332
CXCR3+,MS,CSF_16,GTCTCGTTCACCAGGC-1,-0.30645749225853697
CXCR3-,MS,CSF_16,GTCTCGTTCATTGCCC-1,-0.11489965342998355
CXCR3-,MS,CSF_16,GTCTTCGAGTGCCATT-1,-0.10056797643315316
CXCR3-,MS,CSF_16,GTCTTCGCAATTGCTG-1,-0.1941127930048372
CXCR3+,MS,CSF_16,GTCTTCGGTAACGACG-1,0.9966878010876217
CXCR3+,MS,CSF_16,GTCTTCGGTCGAGTTT-1,0.41605965622425206
CXCR3-,MS,CSF_16,GTCTTCGGTTTGACTG-1,-0.5231376465442469
CXCR3-,MS,CSF_16,GTCTTCGTCCACGCAG-1,0.26780122433971754
CXCR3-,MS,CSF_16,GTCTTCGTCCCTTGCA-1,0.44622202231068575
CXCR3-,MS,CSF_16,GTGAAGGGTGCATCTA-1,0.2862567227472125
CXCR3-,MS,CSF_16,GTGAAGGTCGCCTGAG-1,0.08893621916961744
CXCR3-,MS,CSF_16,GTGAAGGTCGGCATCG-1,-0.10056797643315316
CXCR3+,MS,CSF_16,GTGCAGCCACATGTGT-1,-0.4701252845702233
CXCR3-,MS,CSF_16,GTGCAGCTCAACGAAA-1,0.6892677569473998
CXCR3-,MS,CSF_16,GTGCAGCTCTAGAGTC-1,-0.10056797643315316
CXCR3+,MS,CSF_16,GTGCATAAGACTGTAA-1,-0.626092772962558
CXCR3+,MS,CSF_16,GTGCATAAGTACTTGC-1,0.6932072095893351
CXCR3+,MS,CSF_16,GTGCATATCAGTGTTG-1,0.3798538228026241
CXCR3+,MS,CSF_16,GTGCGGTGTCTAGTGT-1,0.07828805524347507
CXCR3+,MS,CSF_16,GTGCTTCAGACCTAGG-1,0.013346537416687367
CXCR3-,MS,CSF_16,GTGCTTCAGTCCTCCT-1,-0.10056797643315316
CXCR3+,MS,CSF_16,GTGCTTCCAAGTAATG-1,0.12598641121281406
CXCR3-,MS,CSF_16,GTGCTTCGTCATATGC-1,0.02400867313306024
CXCR3-,MS,CSF_16,GTGGGTCCATACAGCT-1,0.36588049008186363
CXCR3-,MS,CSF_16,GTGTGCGGTATGAAAC-1,-0.09671192697225359
CXCR3+,MS,CSF_16,GTGTTAGAGATGTCGG-1,0.22719845123779106
CXCR3+,MS,CSF_16,GTGTTAGGTTAAAGTG-1,0.6870575248270977
CXCR3-,MS,CSF_16,GTGTTAGGTTAAGGGC-1,-0.10056797643315316
CXCR3-,MS,CSF_16,GTTAAGCAGAATTCCC-1,0.07999601235847176
CXCR3-,MS,CSF_16,GTTAAGCCAACTGCTA-1,-0.08412803820612011
CXCR3-,MS,CSF_16,GTTAAGCCAAGTTGTC-1,-0.10056797643315316
CXCR3-,MS,CSF_16,GTTAAGCCAGGATTGG-1,0.1537494517366212
CXCR3-,MS,CSF_16,GTTAAGCCAGTGGAGT-1,0.15689846944121502
CXCR3-,MS,CSF_16,GTTAAGCCATATACGC-1,0.6396701047188833
CXCR3+,MS,CSF_16,GTTAAGCGTGCCTGCA-1,0.3689233571108829
CXCR3+,MS,CSF_16,GTTAAGCGTTAGGGTG-1,0.06852698140109513
CXCR3-,MS,CSF_16,GTTACAGAGAAGGACA-1,0.12904306161670892
CXCR3+,MS,CSF_16,GTTACAGCAGGGTATG-1,0.3149933549913029
CXCR3-,MS,CSF_16,GTTACAGGTGAGTATA-1,0.058418863867468085
CXCR3-,MS,CSF_16,GTTCATTCACGGTAGA-1,0.20659454000945315
CXCR3+,MS,CSF_16,GTTCATTTCGGCGCAT-1,0.19510553492576463
CXCR3-,MS,CSF_16,GTTCGGGTCCAAACAC-1,0.3158039333495992
CXCR3-,MS,CSF_16,GTTCTCGCAGCCTTGG-1,0.024012478135842563
CXCR3-,MS,CSF_16,GTTCTCGGTGTATGGG-1,-0.036710977982791916
CXCR3-,MS,CSF_16,GTTCTCGTCACCTTAT-1,0.2261774780651475
CXCR3-,MS,CSF_16,GTTTCTAGTTGACGTT-1,0.03418482699423765
CXCR3+,MS,CSF_16,TAAACCGAGGACATTA-1,0.46574569254076387
CXCR3+,MS,CSF_16,TAAACCGCAAGGACAC-1,0.5017938128345035
CXCR3-,MS,CSF_16,TAAACCGGTGGTCCGT-1,0.08216756781606681
CXCR3-,MS,CSF_16,TAAGAGAAGGCAAAGA-1,0.1630735670513581
CXCR3+,MS,CSF_16,TAAGAGACATAGAAAC-1,-0.21292338437599767
CXCR3-,MS,CSF_16,TAAGCGTCACCGAATT-1,0.3551693457679332
CXCR3+,MS,CSF_16,TAAGCGTTCACCGGGT-1,0.26082159032538754
CXCR3+,MS,CSF_16,TAAGTGCTCACGACTA-1,-0.10056797643315316
CXCR3-,MS,CSF_16,TAAGTGCTCTCGTTTA-1,0.28554502234911067
CXCR3-,MS,CSF_16,TACACGAAGCGATATA-1,-0.1809353970841673
CXCR3+,MS,CSF_16,TACACGAGTACCGCTG-1,0.01965448288418167
CXCR3-,MS,CSF_16,TACACGATCATTATCC-1,-0.29661374537073826
CXCR3+,MS,CSF_16,TACAGTGAGCGTAATA-1,0.2544383394333898
CXCR3-,MS,CSF_16,TACAGTGCAAGAAAGG-1,-0.15796935388718517
CXCR3-,MS,CSF_16,TACAGTGCACGGTAGA-1,0.06340816047743902
CXCR3+,MS,CSF_16,TACAGTGCAGTCCTTC-1,-0.09316991575151211
CXCR3-,MS,CSF_16,TACAGTGCATGTCCTC-1,0.10916135173815655
CXCR3+,MS,CSF_16,TACCTATAGGACAGCT-1,0.16848070321784997
CXCR3-,MS,CSF_16,TACCTTAAGAACTGTA-1,0.011257121813958168
CXCR3+,MS,CSF_16,TACCTTACATAAGACA-1,-0.09989812143705276
CXCR3+,MS,CSF_16,TACCTTATCACGCGGT-1,0.04285481676446069
CXCR3-,MS,CSF_16,TACGGATTCTTGTACT-1,0.27316202390538274
CXCR3-,MS,CSF_16,TACGGGCAGAACAACT-1,-0.041838190737888706
CXCR3-,MS,CSF_16,TACGGGCCATTTGCTT-1,0.06956285819261912
CXCR3-,MS,CSF_16,TACGGGCGTACAGTGG-1,-0.2697729635857124
CXCR3-,MS,CSF_16,TACGGGCGTGTCAATC-1,-0.09123360931573969
CXCR3-,MS,CSF_16,TACGGTAAGGATGTAT-1,1.4013192263882481
CXCR3+,MS,CSF_16,TACTCATAGGTAGCTG-1,-0.45669471429373815
CXCR3-,MS,CSF_16,TACTCATTCTGCGTAA-1,0.4188892335883268
CXCR3+,MS,CSF_16,TACTTACAGCCCTAAT-1,-0.14270175673490784
CXCR3-,MS,CSF_16,TACTTGTAGAGCTGGT-1,0.1026859632671538
CXCR3+,MS,CSF_16,TACTTGTTCACCGTAA-1,0.35917632838785785
CXCR3-,MS,CSF_16,TAGACCAAGCGTCTAT-1,0.04235403749992184
CXCR3+,MS,CSF_16,TAGACCACAAGTCTAC-1,0.1097806654353645
CXCR3+,MS,CSF_16,TAGACCAGTTAGATGA-1,0.11044899856248909
CXCR3+,MS,CSF_16,TAGAGCTCAAGTAATG-1,0.6278474486388905
CXCR3-,MS,CSF_16,TAGAGCTGTACCGCTG-1,-0.10056797643315316
CXCR3-,MS,CSF_16,TAGAGCTGTGGACGAT-1,0.26521118468108823
CXCR3+,MS,CSF_16,TAGAGCTTCGTCACGG-1,0.6201161534748908
CXCR3-,MS,CSF_16,TAGAGCTTCTCAAACG-1,-0.10056797643315316
CXCR3-,MS,CSF_16,TAGCCGGAGTCCTCCT-1,-0.10056797643315316
CXCR3-,MS,CSF_16,TAGCCGGCAAGTAGTA-1,-0.009392901131960563
CXCR3+,MS,CSF_16,TAGGCATAGCAGATCG-1,0.537578048196851
CXCR3+,MS,CSF_16,TAGGCATCAAGCTGAG-1,-0.5728916841949342
CXCR3+,MS,CSF_16,TAGGCATCACAACTGT-1,0.030658898200992293
CXCR3+,MS,CSF_16,TAGGCATTCTTGTACT-1,-0.1131498523756799
CXCR3-,MS,CSF_16,TAGTGGTAGCCTCGTG-1,0.24095029961844025
CXCR3-,MS,CSF_16,TAGTGGTAGTTGTAGA-1,0.06147577197251491
CXCR3-,MS,CSF_16,TAGTGGTGTACTTGAC-1,-0.10056797643315316
CXCR3+,MS,CSF_16,TAGTGGTTCTGTTTGT-1,0.014512370216731693
CXCR3+,MS,CSF_16,TAGTTGGAGAGATGAG-1,0.14161469489207168
CXCR3+,MS,CSF_16,TAGTTGGAGCACACAG-1,0.06513802184537065
CXCR3-,MS,CSF_16,TATCAGGCACGCTTTC-1,0.12601824837407433
CXCR3-,MS,CSF_16,TATCAGGCATTGTGCA-1,-0.1497505336043747
CXCR3+,MS,CSF_16,TATCAGGTCTATCGCC-1,0.31045213934412086
CXCR3-,MS,CSF_16,TATCTCAAGAGGTTGC-1,0.10742184379934415
CXCR3+,MS,CSF_16,TATCTCAAGTATGACA-1,0.24866946366076506
CXCR3-,MS,CSF_16,TATCTCAGTCAGCTAT-1,0.148036365954626
CXCR3-,MS,CSF_16,TATGCCCAGGAGCGAG-1,0.17037945450580086
CXCR3+,MS,CSF_16,TATTACCAGCTACCGC-1,-0.008064692559860396
CXCR3-,MS,CSF_16,TATTACCAGCTCCCAG-1,0.15394933055650142
CXCR3-,MS,CSF_16,TATTACCAGTCTTGCA-1,0.06216904495704173
CXCR3-,MS,CSF_16,TATTACCCACCATCCT-1,0.08652146103051853
CXCR3-,MS,CSF_16,TATTACCCAGTAACGG-1,0.047284966060020826
CXCR3+,MS,CSF_16,TATTACCGTTTAAGCC-1,-0.2448394933931953
CXCR3+,MS,CSF_16,TCAACGAAGACTAAGT-1,-0.25927534869985486
CXCR3-,MS,CSF_16,TCAACGACAAAGCAAT-1,-0.10698535383550759
CXCR3-,MS,CSF_16,TCAATCTAGTGCAAGC-1,0.3415591057771819
CXCR3-,MS,CSF_16,TCAATCTGTGCACGAA-1,-0.3983864957781122
CXCR3-,MS,CSF_16,TCACAAGAGCTAGCCC-1,-0.20724855554857394
CXCR3-,MS,CSF_16,TCACAAGAGGCCCTTG-1,-0.4320072504802352
CXCR3-,MS,CSF_16,TCACAAGAGTAAGTAC-1,0.27171761929778165
CXCR3-,MS,CSF_16,TCACAAGTCATTCACT-1,-0.10056797643315316
CXCR3-,MS,CSF_16,TCACAAGTCCGGCACA-1,-0.04933912640203716
CXCR3-,MS,CSF_16,TCACAAGTCCGTCAAA-1,0.10695743362512886
CXCR3-,MS,CSF_16,TCACAAGTCTTAGAGC-1,-0.3029811795774968
CXCR3+,MS,CSF_16,TCACGAAGTCGCTTCT-1,0.15476259814169138
CXCR3-,MS,CSF_16,TCACGAAGTGCTTCTC-1,-0.04509284288406209
CXCR3-,MS,CSF_16,TCACGAATCGCCTGAG-1,0.07436477181774534
CXCR3+,MS,CSF_16,TCACGAATCGTTTATC-1,0.06370443670840001
CXCR3-,MS,CSF_16,TCAGATGAGAGCCTAG-1,-0.29643334751116457
CXCR3-,MS,CSF_16,TCAGATGAGGTACTCT-1,0.3654197514762572
CXCR3-,MS,CSF_16,TCAGATGAGTGTGAAT-1,-0.10056797643315316
CXCR3-,MS,CSF_16,TCAGCAAAGAGGTACC-1,0.06372591404565378
CXCR3-,MS,CSF_16,TCAGCAACACTTAAGC-1,-0.16823345774378679
CXCR3-,MS,CSF_16,TCAGGATAGGTGTTAA-1,0.05874119102231074
CXCR3-,MS,CSF_16,TCAGGATAGTCAAGGC-1,0.03417272705344838
CXCR3-,MS,CSF_16,TCAGGATGTCAAACTC-1,0.12648856728785968
CXCR3+,MS,CSF_16,TCAGGATGTCGCATAT-1,0.1394094512224502
CXCR3+,MS,CSF_16,TCAGGATGTCGCTTTC-1,0.23098750460287995
CXCR3-,MS,CSF_16,TCAGGTAAGTAGCCGA-1,-0.10056797643315316
CXCR3+,MS,CSF_16,TCAGGTACAAGCCCAC-1,-0.35954680337894196
CXCR3-,MS,CSF_16,TCAGGTACAGACAAAT-1,0.4170337288403473
CXCR3-,MS,CSF_16,TCAGGTAGTGTTCGAT-1,-0.10056797643315316
CXCR3+,MS,CSF_16,TCAGGTATCGGTCTAA-1,0.43202626516114184
CXCR3-,MS,CSF_16,TCAGGTATCTAACTCT-1,0.27776585299673967
CXCR3-,MS,CSF_16,TCATTACCAATAGAGT-1,-0.10056797643315316
CXCR3-,MS,CSF_16,TCATTACGTTATCGGT-1,0.3171966103997308
CXCR3+,MS,CSF_16,TCATTACTCAAGATCC-1,0.19600902439036955
CXCR3-,MS,CSF_16,TCATTACTCACATACG-1,0.20226192343245103
CXCR3-,MS,CSF_16,TCATTACTCGGGAGTA-1,0.6872299205445845
CXCR3+,MS,CSF_16,TCATTACTCTTGTCAT-1,0.06720747130770886
CXCR3-,MS,CSF_16,TCATTTGAGAGCCCAA-1,0.2780405723248104
CXCR3-,MS,CSF_16,TCATTTGCACTTAACG-1,-0.015728903824986384
CXCR3-,MS,CSF_16,TCATTTGCAGGTGCCT-1,0.07715650330692489
CXCR3+,MS,CSF_16,TCCACACAGATCGGGT-1,0.18801568712234978
CXCR3-,MS,CSF_16,TCCACACCACCACGTG-1,0.1600051863119017
CXCR3-,MS,CSF_16,TCCACACTCAAAGTAG-1,-0.03620893896680014
CXCR3-,MS,CSF_16,TCCCGATAGAGAACAG-1,0.1297033722859159
CXCR3+,MS,CSF_16,TCCCGATAGGCAGGTT-1,-0.038416739240663356
CXCR3+,MS,CSF_16,TCCCGATAGTGACTCT-1,-0.4251177087448818
CXCR3+,MS,CSF_16,TCCCGATTCGTCCGTT-1,0.259010276360753
CXCR3+,MS,CSF_16,TCGAGGCGTAAGAGAG-1,-0.2900081545938056
CXCR3-,MS,CSF_16,TCGAGGCGTGGCCCTA-1,-0.10056797643315316
CXCR3+,MS,CSF_16,TCGAGGCTCAGCTCGG-1,0.19408263698088643
CXCR3-,MS,CSF_16,TCGAGGCTCATGGTCA-1,-0.03788534007612638
CXCR3-,MS,CSF_16,TCGCGAGGTAGCGCAA-1,-0.10056797643315316
CXCR3-,MS,CSF_16,TCGCGAGGTTGGGACA-1,0.282269859824107
CXCR3+,MS,CSF_16,TCGCGAGTCCCTAATT-1,0.33195626741602896
CXCR3-,MS,CSF_16,TCGCGTTTCGTCACGG-1,0.22785068441785203
CXCR3-,MS,CSF_16,TCGGGACAGGCCATAG-1,0.49323613047335935
CXCR3-,MS,CSF_16,TCGGGACCAGTTAACC-1,0.10811211717396238
CXCR3+,MS,CSF_16,TCGGTAACATGTCGAT-1,-0.20457690729708286
CXCR3-,MS,CSF_16,TCGTACCAGTGGTAGC-1,-0.005760795868805719
CXCR3-,MS,CSF_16,TCGTACCAGTTCCACA-1,0.13190451736506079
CXCR3+,MS,CSF_16,TCGTACCCAGGGTTAG-1,0.013786775059170888
CXCR3+,MS,CSF_16,TCGTAGAGTTCTGAAC-1,0.10132026370140687
CXCR3-,MS,CSF_16,TCTATTGAGATGCCAG-1,-0.10056797643315316
CXCR3-,MS,CSF_16,TCTATTGAGTCACGCC-1,0.3585893735003244
CXCR3-,MS,CSF_16,TCTCATAGTAAGTAGT-1,-0.03593114720380962
CXCR3-,MS,CSF_16,TCTCATAGTCTCTCTG-1,0.052874488119232
CXCR3-,MS,CSF_16,TCTCATAGTGTAAGTA-1,0.08071940527844049
CXCR3-,MS,CSF_16,TCTCATATCTCTTGAT-1,-0.018227140804158992
CXCR3-,MS,CSF_16,TCTCTAATCAAACCAC-1,-0.11135819867175666
CXCR3+,MS,CSF_16,TCTGAGAGTCGGGTCT-1,-0.045444497165489324
CXCR3-,MS,CSF_16,TCTGGAAGTTGATTGC-1,-0.0494460041381254
CXCR3-,MS,CSF_16,TCTTCGGAGACAGAGA-1,-0.21734860225606953
CXCR3-,MS,CSF_16,TCTTCGGCACAGTCGC-1,-0.10056797643315316
CXCR3-,MS,CSF_16,TCTTCGGCACGTCTCT-1,0.549209860120826
CXCR3-,MS,CSF_16,TCTTCGGCATTAGGCT-1,-0.10877822698765974
CXCR3-,MS,CSF_16,TCTTCGGTCATATCGG-1,0.13276863160845737
CXCR3-,MS,CSF_16,TCTTCGGTCGAATCCA-1,0.030145445959042932
CXCR3+,MS,CSF_16,TCTTTCCAGTAGGTGC-1,0.03741203474672187
CXCR3-,MS,CSF_16,TCTTTCCCATACGCCG-1,-0.03084634505356113
CXCR3-,MS,CSF_16,TCTTTCCGTAAGAGGA-1,-0.3484885819764995
CXCR3+,MS,CSF_16,TGAAAGAAGATGTAAC-1,0.08694192371106879
CXCR3+,MS,CSF_16,TGAAAGACACCTGGTG-1,0.6047114698373445
CXCR3-,MS,CSF_16,TGAAAGAGTATAGGTA-1,-0.2023559745382461
CXCR3-,MS,CSF_16,TGACAACTCACGGTTA-1,0.5276472811387509
CXCR3+,MS,CSF_16,TGACAACTCAGCGATT-1,-0.0693554147869482
CXCR3-,MS,CSF_16,TGACGGCAGGCAGTCA-1,-0.5661099952837815
CXCR3-,MS,CSF_16,TGACGGCGTGACAAAT-1,0.3721068470349042
CXCR3-,MS,CSF_16,TGACTAGAGGATTCGG-1,0.0806285028065328
CXCR3+,MS,CSF_16,TGACTAGGTAAGTTCC-1,0.4370300426198713
CXCR3-,MS,CSF_16,TGACTAGTCTCTAAGG-1,0.3284821608069811
CXCR3+,MS,CSF_16,TGACTTTTCAGCTCTC-1,0.2977134276620073
CXCR3-,MS,CSF_16,TGAGAGGAGAGAGCTC-1,-0.10056797643315316
CXCR3-,MS,CSF_16,TGAGAGGAGCTAAGAT-1,-0.10056797643315316
CXCR3-,MS,CSF_16,TGAGAGGCAGTGGGAT-1,-0.2898295748701859
CXCR3-,MS,CSF_16,TGAGAGGTCCAAGTAC-1,0.6116035775181002
CXCR3+,MS,CSF_16,TGAGCATCATGCTGGC-1,0.0884726202135887
CXCR3-,MS,CSF_16,TGAGCATCATGTTGAC-1,0.2017857145131627
CXCR3-,MS,CSF_16,TGAGCATTCTACCAGA-1,0.10409555509071386
CXCR3+,MS,CSF_16,TGAGCCGAGCTCCCAG-1,0.23728186457907668
CXCR3+,MS,CSF_16,TGAGCCGCACCTCGTT-1,0.39541535358204183
CXCR3-,MS,CSF_16,TGAGGGAGTAGCTAAA-1,0.15430431035883588
CXCR3-,MS,CSF_16,TGATTTCAGATGTTAG-1,0.33069131654975487
CXCR3+,MS,CSF_16,TGCACCTGTACAGTGG-1,0.09542747866463419
CXCR3-,MS,CSF_16,TGCACCTTCTCAAACG-1,0.04443522025750048
CXCR3+,MS,CSF_16,TGCCAAACAGGAACGT-1,0.5412805675381539
CXCR3+,MS,CSF_16,TGCCAAAGTTATGTGC-1,0.025622540119228505
CXCR3-,MS,CSF_16,TGCCCATAGGACAGCT-1,0.06741710970167912
CXCR3+,MS,CSF_16,TGCCCATCATGCTAGT-1,0.023765825533264787
CXCR3+,MS,CSF_16,TGCCCATGTGCAGTAG-1,-0.1489706459050402
CXCR3+,MS,CSF_16,TGCCCTACAAGTTAAG-1,0.32529317581814937
CXCR3-,MS,CSF_16,TGCCCTACACGTTGGC-1,0.14066511237861043
CXCR3+,MS,CSF_16,TGCCCTATCAGCTGGC-1,0.4802169114924277
CXCR3-,MS,CSF_16,TGCGCAGAGAAACCGC-1,-0.10056797643315316
CXCR3-,MS,CSF_16,TGCGCAGAGTAAGTAC-1-1,0.1173818081170936
CXCR3+,MS,CSF_16,TGCGCAGCACGCCAGT-1,0.3915215276464834
CXCR3-,MS,CSF_16,TGCGCAGGTAAATACG-1,-0.10056797643315316
CXCR3-,MS,CSF_16,TGCGCAGGTCAATGTC-1,0.08413071429393061
CXCR3-,MS,CSF_16,TGCGCAGTCGTACGGC-1,-0.10056797643315316
CXCR3-,MS,CSF_16,TGCGCAGTCTACTCAT-1,0.091429638856109
CXCR3+,MS,CSF_16,TGCGCAGTCTCTGCTG-1,0.16638163352999463
CXCR3-,MS,CSF_16,TGCGGGTCAGTCCTTC-1,0.17603525595680583
CXCR3-,MS,CSF_16,TGCGGGTTCGGAAACG-1,0.1908329045030556
CXCR3-,MS,CSF_16,TGCGTGGGTAATCACC-1,-0.369125506569465
CXCR3-,MS,CSF_16,TGCGTGGTCTCCAGGG-1,0.31515697551126104
CXCR3-,MS,CSF_16,TGCTACCCACGGTAGA-1,-0.02742867070253046
CXCR3-,MS,CSF_16,TGCTACCGTCCAGTTA-1,-0.053368437972522276
CXCR3-,MS,CSF_16,TGCTACCGTCTTCGTC-1,-0.11367703176041802
CXCR3-,MS,CSF_16,TGCTGCTAGGACATTA-1,-0.10056797643315316
CXCR3-,MS,CSF_16,TGCTGCTTCTGTCTCG-1,0.38681549021032025
CXCR3-,MS,CSF_16,TGGACGCAGTGAAGAG-1,0.04602635135258839
CXCR3-,MS,CSF_16,TGGCCAGAGTAGCCGA-1,0.09996412518736184
CXCR3+,MS,CSF_16,TGGCCAGCACCTGGTG-1,0.23964353809751687
CXCR3-,MS,CSF_16,TGGCGCAAGGATATAC-1,0.6171273339979723
CXCR3-,MS,CSF_16,TGGCGCAGTCTTGATG-1,0.06662006679031315
CXCR3-,MS,CSF_16,TGGCGCATCACCGGGT-1,0.08112201394077008
CXCR3-,MS,CSF_16,TGGCTGGAGCCAGGAT-1,0.14460233938158829
CXCR3-,MS,CSF_16,TGGCTGGGTAAGTTCC-1,0.2729295597836564
CXCR3+,MS,CSF_16,TGGGAAGAGATGCCTT-1,0.3715678495100526
CXCR3-,MS,CSF_16,TGGGAAGAGCAGCGTA-1,0.22308896859863023
CXCR3-,MS,CSF_16,TGGGAAGAGCGATAGC-1,0.03945447985478878
CXCR3-,MS,CSF_16,TGGGAAGTCGAATGGG-1,0.3356628039199122
CXCR3-,MS,CSF_16,TGGGCGTAGATGCCTT-1,0.12390080231583624
CXCR3-,MS,CSF_16,TGGGCGTAGCGTTCCG-1,0.33172351698459074
CXCR3-,MS,CSF_16,TGGGCGTTCTTGCATT-1,-0.27539441130951
CXCR3-,MS,CSF_16,TGGTTAGGTCGCCATG-1,0.6301051068755686
CXCR3-,MS,CSF_16,TGGTTAGTCGAACGGA-1,0.16194111873522007
CXCR3+,MS,CSF_16,TGGTTCCAGTCCGTAT-1,0.22997817826194883
CXCR3-,MS,CSF_16,TGGTTCCAGTGGGATC-1,0.2726118549071112
CXCR3-,MS,CSF_16,TGGTTCCCACCACCAG-1,0.37975467840248267
CXCR3-,MS,CSF_16,TGGTTCCGTACTCTCC-1,0.10946076423083427
CXCR3-,MS,CSF_16,TGTATTCCACTCTGTC-1,0.020453513044024714
CXCR3-,MS,CSF_16,TGTATTCTCCTTAATC-1,0.41702054545543793
CXCR3-,MS,CSF_16,TGTCCCAGTCAAAGAT-1,0.14296923006774812
CXCR3+,MS,CSF_16,TGTCCCATCGCAAACT-1,0.32995097240466004
CXCR3-,MS,CSF_16,TGTGGTAAGAGCCTAG-1,0.2052515448129205
CXCR3-,MS,CSF_16,TGTGGTATCCAAAGTC-1,-0.14565298440730898
CXCR3-,MS,CSF_16,TGTTCCGTCACAATGC-1,0.3216834929055791
CXCR3+,MS,CSF_16,TGTTCCGTCACATAGC-1,-0.1991350526986937
CXCR3-,MS,CSF_16,TTAACTCGTTCGTTGA-1,-0.10056797643315316
CXCR3+,MS,CSF_16,TTAACTCTCCCTAATT-1,0.1183402459844926
CXCR3-,MS,CSF_16,TTAGGACAGTCCCACG-1,-0.21495528878914344
CXCR3-,MS,CSF_16,TTAGGACCATCATCCC-1,0.06419622329842649
CXCR3+,MS,CSF_16,TTAGGACGTCACCTAA-1,0.11010457413850014
CXCR3-,MS,CSF_16,TTAGGCAGTTTACTCT-1,0.20457738749040005
CXCR3-,MS,CSF_16,TTATGCTAGATGTGGC-1,0.3930457781102327
CXCR3-,MS,CSF_16,TTATGCTAGCTTCGCG-1,-0.10056797643315316
CXCR3+,MS,CSF_16,TTATGCTAGGCCCTTG-1,0.04945586489388779
CXCR3-,MS,CSF_16,TTATGCTTCCTACAGA-1,0.389092403786474
CXCR3-,MS,CSF_16,TTCCCAGAGACAAGCC-1,0.20146174936169345
CXCR3+,MS,CSF_16,TTCCCAGGTCCCTTGT-1,0.06764700043625903
CXCR3-,MS,CSF_16,TTCGAAGCAGTAAGCG-1,-0.0847435178466568
CXCR3-,MS,CSF_16,TTCGGTCTCCATGCTC-1,0.06428335924424414
CXCR3-,MS,CSF_16,TTCTACAGTGCACCAC-1,0.19389404691219056
CXCR3-,MS,CSF_16,TTCTCAAGTGTATGGG-1,0.05406870245009021
CXCR3+,MS,CSF_16,TTGAACGGTAAGCACG-1,0.46434404994831935
CXCR3-,MS,CSF_16,TTGAACGGTGAGGGTT-1,-0.10056797643315316
CXCR3-,MS,CSF_16,TTGAACGGTTAAGAAC-1,0.32997834786265967
CXCR3-,MS,CSF_16,TTGAACGTCACATAGC-1,-0.15355441865821368
CXCR3-,MS,CSF_16,TTGAACGTCCAGGGCT-1,0.22962951127748962
CXCR3-,MS,CSF_16,TTGACTTAGCTACCTA-1,-0.029607858806984928
CXCR3-,MS,CSF_16,TTGACTTCACAGATTC-1,0.07807292191828981
CXCR3+,MS,CSF_16,TTGCCGTAGCGATTCT-1,0.032824199079388626
CXCR3-,MS,CSF_16,TTGCCGTAGCTCCTCT-1,0.045866993863312035
CXCR3+,MS,CSF_16,TTGCCGTTCCTTGGTC-1,-0.05394941869510696
CXCR3-,MS,CSF_16,TTGCCGTTCGCGGATC-1,0.27138303404527786
CXCR3-,MS,CSF_16,TTGCGTCAGCTGAACG-1,-0.0989159962305074
CXCR3-,MS,CSF_16,TTGCGTCAGTCTTGCA-1,0.2358032952703994
CXCR3-,MS,CSF_16,TTGGAACGTGAGTATA-1,-0.06828254756007593
CXCR3-,MS,CSF_16,TTGGCAAAGAGGTACC-1,0.0765475060734301
CXCR3-,MS,CSF_16,TTGGCAACAGCTCGCA-1,0.05810457121944065
CXCR3-,MS,CSF_16,TTGGCAAGTAAGTGGC-1,0.15937886262874754
CXCR3+,MS,CSF_16,TTGTAGGGTACGAAAT-1,0.5858125429407248
CXCR3-,MS,CSF_16,TTTACTGAGGCGATAC-1,-0.26470704258313343
CXCR3+,MS,CSF_16,TTTACTGCAGCTCCGA-1,0.33587605911573526
CXCR3+,MS,CSF_16,TTTACTGGTAATTGGA-1,-0.22870323581005425
CXCR3-,MS,CSF_16,TTTACTGTCGATGAGG-1,0.2400237105229415
CXCR3+,MS,CSF_16,TTTATGCAGTGCTGCC-1,0.002513146624474113
CXCR3+,MS,CSF_16,TTTCCTCAGGAGTACC-1,-0.06416914526318815
CXCR3-,MS,CSF_16,TTTCCTCGTAGCACGA-1,-0.10056797643315316
CXCR3-,MS,CSF_16,TTTCCTCGTGTTTGTG-1,0.7486120439268608
CXCR3-,MS,CSF_16,TTTCCTCTCCAGATCA-1,0.3048815037292321
CXCR3-,MS,CSF_16,TTTGCGCAGACTAGGC-1,0.1664341889973067
CXCR3+,MS,CSF_16,TTTGCGCCATGTTGAC-1,-0.10056797643315316
CXCR3-,MS,CSF_16,TTTGGTTAGCTGGAAC-1,0.07865325619428869
CXCR3+,MS,CSF_16,TTTGGTTGTCGAATCT-1,0.49014588114145047
CXCR3-,MS,CSF_16,TTTGGTTTCGAATGGG-1,-0.10056797643315316
CXCR3+,MS,CSF_22,AACCGCGAGTGCTGCC-1,-0.01948884876518112
CXCR3+,MS,CSF_22,AACGTTGCATAGGATA-1,-0.10056797643315316
CXCR3+,MS,CSF_22,AACTCAGCACCACGTG-1,-0.46932898765348485
CXCR3-,MS,CSF_22,AAGGCAGTCGTAGGTT-1,-0.10056797643315316
CXCR3+,MS,CSF_22,ACACCGGCAATCGGTT-1,0.5628147268712469
CXCR3+,MS,CSF_22,ACGCCAGCACAGGTTT-1,0.05697332893697392
CXCR3-,MS,CSF_22,ACTTACTGTAAGGATT-1,-1.69377875731225
CXCR3-,MS,CSF_22,ACTTGTTTCTGCTTGC-1,0.14326660006559427
CXCR3-,MS,CSF_22,AGATTGCAGGGTTCCC-1,-0.27822652156210115
CXCR3+,MS,CSF_22,AGCAGCCAGAGCCCAA-1,0.3020596359299402
CXCR3+,MS,CSF_22,AGCATACCACAGGCCT-1,-0.11510506345294091
CXCR3-,MS,CSF_22,AGGTCATGTACAAGTA-1,-0.29228664899314066
CXCR3+,MS,CSF_22,ATAACGCAGCGTCTAT-1,0.10157849022388753
CXCR3-,MS,CSF_22,ATTCTACAGTTGCAGG-1,-0.24458483751293095
CXCR3+,MS,CSF_22,ATTGGACTCCACGCAG-1,0.6201161534748908
CXCR3-,MS,CSF_22,CACCTTGTCTCAACTT-1,0.06366844550660115
CXCR3+,MS,CSF_22,CAGCAGCGTTATCGGT-1,-0.10056797643315316
CXCR3+,MS,CSF_22,CATATGGTCGACGGAA-1,-0.10056797643315316
CXCR3+,MS,CSF_22,CATATTCTCTTACCTA-1,-0.16992830667846626
CXCR3+,MS,CSF_22,CATCAGAGTTCAGGCC-1,0.1869206486802289
CXCR3-,MS,CSF_22,CCATTCGTCTTCTGGC-1,-0.10056797643315316
CXCR3+,MS,CSF_22,CCGTTCAAGTCTCGGC-1,-0.022867578441330822
CXCR3-,MS,CSF_22,CCTACCACATTGTGCA-1,-0.15569793890881664
CXCR3-,MS,CSF_22,CGAATGTAGCCGGTAA-1,0.10647186797579569
CXCR3-,MS,CSF_22,CGAGAAGAGTGACATA-1,-0.24283095435011934
CXCR3+,MS,CSF_22,CGCTGGAAGTAGGTGC-1,-0.15435441664706723
CXCR3+,MS,CSF_22,CGGAGTCGTCTTGATG-1,0.04756236669015214
CXCR3+,MS,CSF_22,CGTGTAAGTGAAATCA-1,-0.08574014718133373
CXCR3+,MS,CSF_22,CTCTAATCAGGATTGG-1,-0.422335240930265
CXCR3-,MS,CSF_22,CTGCCTACATTCTCAT-1,0.44436254987403484
CXCR3-,MS,CSF_22,CTGGTCTCACAAGCCC-1,0.441586370497516
CXCR3-,MS,CSF_22,GAATAAGTCGTTACAG-1,-0.40704995890381407
CXCR3-,MS,CSF_22,GACACGCTCAAGGCTT-1,-0.014464222632538406
CXCR3-,MS,CSF_22,GACAGAGCAGGGATTG-1,0.36079452267370005
CXCR3-,MS,CSF_22,GACGCGTAGTATGACA-1,-0.07794633988678903
CXCR3+,MS,CSF_22,GACGCGTGTCCAGTTA-1,0.39460684880169017
CXCR3+,MS,CSF_22,GAGGTGATCCAACCAA-1,0.12148095070542628
CXCR3+,MS,CSF_22,GAGTCCGGTAGGGTAC-1,-0.33294665692476844
CXCR3-,MS,CSF_22,GATCGCGCACTGTGTA-1,-0.2668451759666483
CXCR3+,MS,CSF_22,GATCGCGCATGCCTTC-1,-0.3230542590009731
CXCR3+,MS,CSF_22,GATCGCGTCAACTCTT-1,0.09017702135848461
CXCR3-,MS,CSF_22,GATGAAAAGACAGAGA-1,0.042158664107699285
CXCR3-,MS,CSF_22,GCAATCAAGATGCCTT-1,0.017330379793268298
CXCR3-,MS,CSF_22,GCAGCCATCGTCTGCT-1,0.046064630199052554
CXCR3+,MS,CSF_22,GCCAAATTCTTACCGC-1,-0.08795737544552966
CXCR3-,MS,CSF_22,GCCTCTACAAGCGCTC-1,-0.10056797643315316
CXCR3-,MS,CSF_22,GCGACCAGTCCGAATT-1,0.11782348650887808
CXCR3+,MS,CSF_22,GCGCGATCACATAACC-1,0.3341015978997134
CXCR3+,MS,CSF_22,GGAAAGCCAACACGCC-1,0.19248194354287756
CXCR3+,MS,CSF_22,GGACATTAGGCTATCT-1,0.051484046216775034
CXCR3-,MS,CSF_22,GGGCACTAGACACTAA-1,0.22846153286282198
CXCR3+,MS,CSF_22,GGTATTGCAAACCCAT-1,0.9527120865660048
CXCR3-,MS,CSF_22,GTAACGTTCTCTAAGG-1,0.11107301564595384
CXCR3-,MS,CSF_22,GTAACTGTCGAACGGA-1,-0.10056797643315316
CXCR3-,MS,CSF_22,GTATCTTTCAGCAACT-1,0.05736526593567753
CXCR3+,MS,CSF_22,GTATTCTCACAGACAG-1,0.02398151079282686
CXCR3-,MS,CSF_22,GTCGGGTGTCTAGCCG-1,-0.11076145610537784
CXCR3-,MS,CSF_22,GTCTTCGCAATGACCT-1,-0.041155540960226444
CXCR3-,MS,CSF_22,GTTACAGGTTCTGGTA-1,0.3054859066752251
CXCR3+,MS,CSF_22,GTTCATTAGAACAATC-1,0.39828780919151097
CXCR3-,MS,CSF_22,GTTCTCGAGCAGGCTA-1,0.33270044090058326
CXCR3-,MS,CSF_22,TACGGGCGTAAGGGCT-1,-0.017008276145382806
CXCR3+,MS,CSF_22,TACGGGCTCTTTACAC-1,-0.10056797643315316
CXCR3-,MS,CSF_22,TACTCATGTTTAAGCC-1,-0.2825931845651777
CXCR3-,MS,CSF_22,TACTTACTCTGTACGA-1,0.0941325313069304
CXCR3-,MS,CSF_22,TACTTGTGTGAGGGAG-1,-0.5179741549670271
CXCR3+,MS,CSF_22,TAGCCGGTCGGCGGTT-1,-0.10056797643315316
CXCR3+,MS,CSF_22,TCACAAGGTGATGATA-1,-0.19555159836431696
CXCR3+,MS,CSF_22,TCGCGAGAGGCTATCT-1,0.259608287040844
CXCR3-,MS,CSF_22,TCGCGAGTCTGTTGAG-1,-0.2051335594385777
CXCR3-,MS,CSF_22,TCGCGTTAGACGCACA-1,-0.10056797643315316
CXCR3+,MS,CSF_22,TCTCTAACAGGGCATA-1,-0.202496676240357
CXCR3+,MS,CSF_22,TCTTCGGGTAGAAGGA-1,0.6240579805783281
CXCR3-,MS,CSF_22,TGACAACAGGTGGGTT-1,-0.28827975089649505
CXCR3+,MS,CSF_22,TGCGGGTTCGAGCCCA-1,-0.10056797643315316
CXCR3+,MS,CSF_22,TGCGTGGCAGGAATCG-1,0.053317911306746076
CXCR3+,MS,CSF_22,TTAACTCCAGCGATCC-1,-0.10056797643315316
CXCR3-,MS,CSF_22,TTAACTCTCAAGGCTT-1,0.0007340870294478116
CXCR3+,MS,CSF_22,TTCCCAGAGAAACCTA-1,0.36420252001684394
CXCR3+,MS,CSF_22,TTCCCAGAGACTGGGT-1,-0.20718236096869314
CXCR3+,MS,CSF_22,TTCTACAGTTCGAATC-1,-0.38248740235026085
CXCR3-,MS,CSF_22,TTCTTAGCAGCTCGCA-1,-0.41528106588153485
CXCR3+,MS,CSF_22,TTGACTTGTCATACTG-1,0.2761379822991371
CXCR3+,MS,CSF_22,TTTGGTTGTGCAACTT-1,-0.10056797643315316
CXCR3+,MS,CSF_24,AAACCTGAGTCTCGGC-1,-0.5289397988394287
CXCR3-,MS,CSF_24,AACCGCGAGCAGACTG-1,-0.019821475917902065
CXCR3-,MS,CSF_24,AACTCCCGTAAGCACG-1,0.3057983600914204
CXCR3+,MS,CSF_24,AAGGTTCGTGAGTATA-1,0.1197834638770878
CXCR3+,MS,CSF_24,AATCCAGGTACAAGTA-1,0.8620782059194305
CXCR3-,MS,CSF_24,AATCCAGGTATAGTAG-1,-0.10056797643315316
CXCR3-,MS,CSF_24,ACACCCTCATGTTGAC-1,-0.10056797643315316
CXCR3+,MS,CSF_24,ACACCGGTCAACCATG-1,-0.35832059974835856
CXCR3-,MS,CSF_24,ACACTGATCTATGTGG-1,-0.10056797643315316
CXCR3+,MS,CSF_24,ACAGCTACAATAGAGT-1,-0.021925247340909264
CXCR3-,MS,CSF_24,ACAGCTACAATGACCT-1,0.37224916983759126
CXCR3-,MS,CSF_24,ACATACGCACCAGTTA-1,0.10892627756543119
CXCR3-,MS,CSF_24,ACATCAGTCATCACCC-1,-0.2611400035835159
CXCR3-,MS,CSF_24,ACCCACTGTATAAACG-1,0.01958980492672186
CXCR3-,MS,CSF_24,ACCGTAACAGACGCCT-1,0.34450767785515074
CXCR3+,MS,CSF_24,ACCGTAAGTCATGCCG-1,0.15427779566443434
CXCR3-,MS,CSF_24,ACGAGGACAGGGCATA-1,0.2854324401326466
CXCR3+,MS,CSF_24,ACGCAGCCATGACATC-1,0.3043687641025336
CXCR3-,MS,CSF_24,ACGCAGCTCCGCGCAA-1,-0.22177767822351951
CXCR3+,MS,CSF_24,ACGCCAGGTCCAGTAT-1,0.6815579252490325
CXCR3-,MS,CSF_24,ACGGGCTAGGCAATTA-1,0.5906478625470823
CXCR3-,MS,CSF_24,ACGTCAATCTCTAGGA-1,0.11182033469713007
CXCR3-,MS,CSF_24,ACTATCTCAGGGTATG-1,-0.38084668654744386
CXCR3-,MS,CSF_24,ACTATCTTCTGCCAGG-1,0.12782526823926252
CXCR3-,MS,CSF_24,ACTGAACCAGCTATTG-1,-0.10056797643315316
CXCR3-,MS,CSF_24,ACTGAACGTCTGCAAT-1,-0.24049024208361405
CXCR3+,MS,CSF_24,ACTGAGTGTTCGGCAC-1,-0.257846167007437
CXCR3-,MS,CSF_24,ACTGCTCTCATGTGGT-1,0.9742388901753064
CXCR3-,MS,CSF_24,ACTTGTTAGTCATGCT-1,0.3931898715788966
CXCR3-,MS,CSF_24,ACTTTCAAGGCGATAC-1,-0.12433150403139381
CXCR3-,MS,CSF_24,ACTTTCAGTTACGTCA-1,-0.2592827572744812
CXCR3-,MS,CSF_24,AGAATAGAGGATATAC-1,0.4169712347908935
CXCR3+,MS,CSF_24,AGAATAGGTACTTGAC-1,-0.07599301177614247
CXCR3-,MS,CSF_24,AGACGTTCAAAGCGGT-1,-0.3773303916906815
CXCR3-,MS,CSF_24,AGAGCGAAGACGCACA-1,0.5386820903676128
CXCR3-,MS,CSF_24,AGAGCTTCAAGCCGCT-1,-0.13972592925529262
CXCR3-,MS,CSF_24,AGAGCTTGTCCGACGT-1,0.13284965622634343
CXCR3-,MS,CSF_24,AGATCTGAGCGATAGC-1,0.5100380419113545
CXCR3+,MS,CSF_24,AGCCTAATCTGCCCTA-1,0.13554425484022384
CXCR3-,MS,CSF_24,AGCGTCGTCCACGTGG-1,-0.6507318255384683
CXCR3+,MS,CSF_24,AGCTCCTCAGGATCGA-1,0.1618818317846347
CXCR3+,MS,CSF_24,AGGCCACAGTATCTCG-1,0.12140425064794157
CXCR3-,MS,CSF_24,AGGCCGTCAATAGAGT-1,-0.10056797643315316
CXCR3-,MS,CSF_24,AGGGTGATCAGAGGTG-1,0.2930286161204136
CXCR3+,MS,CSF_24,AGGGTGATCTGATTCT-1,0.5635093848485232
CXCR3-,MS,CSF_24,AGGTCATAGCTGTCTA-1,-0.40624672917782706
CXCR3+,MS,CSF_24,AGGTCATAGGGAGTAA-1,0.13798847495254554
CXCR3+,MS,CSF_24,AGGTCCGCACCAGATT-1,0.22940437170977251
CXCR3-,MS,CSF_24,AGGTCCGCAGCATGAG-1,0.3654847445350788
CXCR3-,MS,CSF_24,AGTCTTTCACAGCGTC-1,0.15418747014482412
CXCR3-,MS,CSF_24,AGTCTTTCATCGGTTA-1,-0.10056797643315316
CXCR3-,MS,CSF_24,AGTCTTTGTACAGTTC-1,0.30724698157546537
CXCR3-,MS,CSF_24,AGTGAGGAGTTCGCAT-1,0.0006853347427146574
CXCR3-,MS,CSF_24,AGTGGGATCTTAGCCC-1,0.5802030106716577
CXCR3-,MS,CSF_24,AGTGTCAAGGTGATAT-1,-0.10056797643315316
CXCR3-,MS,CSF_24,ATAAGAGGTAAGTGGC-1,0.23990523692808838
CXCR3-,MS,CSF_24,ATAGACCCAGGTCGTC-1,-0.10056797643315316
CXCR3-,MS,CSF_24,ATCACGAGTGCAGGTA-1,-0.10056797643315316
CXCR3-,MS,CSF_24,ATCACGAGTTTGACTG-1,-0.2469084871045481
CXCR3-,MS,CSF_24,ATCATCTAGTCTCCTC-1,0.2728641135330897
CXCR3+,MS,CSF_24,ATCATCTCAGCCACCA-1,0.23827899172918052
CXCR3+,MS,CSF_24,ATCATGGGTCTGCGGT-1,0.13389182906185762
CXCR3-,MS,CSF_24,ATCCACCGTATCAGTC-1,0.532881408277955
CXCR3-,MS,CSF_24,ATCCGAACACGTCAGC-1,-0.10056797643315316
CXCR3-,MS,CSF_24,ATCCGAAGTACAGTGG-1,0.3884283795647782
CXCR3-,MS,CSF_24,ATCTGCCGTCTACCTC-1,-0.10056797643315316
CXCR3-,MS,CSF_24,ATGGGAGCAAATCCGT-1,-0.10056797643315316
CXCR3-,MS,CSF_24,ATGTGTGCAAGTTAAG-1,-0.21181585287875151
CXCR3-,MS,CSF_24,ATTACTCCATTGGGCC-1,0.0003292004415335218
CXCR3+,MS,CSF_24,ATTACTCGTAGCTAAA-1,0.4077561841223441
CXCR3-,MS,CSF_24,ATTACTCTCTGCTGTC-1,0.5994917484836774
CXCR3-,MS,CSF_24,ATTCTACGTTGGTTTG-1,-0.22383301682109372
CXCR3-,MS,CSF_24,ATTCTACTCCCTTGCA-1,-0.10056797643315316
CXCR3-,MS,CSF_24,ATTGGTGAGGCATGTG-1,-0.45841045104855016
CXCR3-,MS,CSF_24,ATTGGTGCACTACAGT-1,-0.10056797643315316
CXCR3+,MS,CSF_24,ATTGGTGCAGTTCCCT-1,-0.9219567810475574
CXCR3+,MS,CSF_24,ATTGGTGGTTAGATGA-1,-0.008938947899604746
CXCR3+,MS,CSF_24,ATTTCTGCAATGGATA-1,-0.2997159499844934
CXCR3-,MS,CSF_24,CAACCAAGTATAAACG-1,-0.5174001707162633
CXCR3-,MS,CSF_24,CAACCTCAGAGCTGCA-1,-0.10056797643315316
CXCR3-,MS,CSF_24,CAAGAAAAGCTCCCAG-1,-0.44655430409274943
CXCR3-,MS,CSF_24,CAAGAAATCATGGTCA-1,-0.32989359126005846
CXCR3+,MS,CSF_24,CAAGATCCACTAAGTC-1,-0.10056797643315316
CXCR3-,MS,CSF_24,CAAGATCCAGCAGTTT-1,0.3081910695228015
CXCR3+,MS,CSF_24,CACATTTAGAGTAATC-1,0.29909770016929693
CXCR3+,MS,CSF_24,CACCACTGTAAACGCG-1,0.0762459012225145
CXCR3+,MS,CSF_24,CACCACTTCGGAAACG-1,-0.10056797643315316
CXCR3-,MS,CSF_24,CACCAGGTCCGTAGGC-1,-0.3644317380467762
CXCR3-,MS,CSF_24,CACCTTGGTCAGTGGA-1,0.12714375101076367
CXCR3-,MS,CSF_24,CAGCAGCAGCCGGTAA-1,0.023044743259080232
CXCR3-,MS,CSF_24,CAGCGACCATCCAACA-1,-0.10056797643315316
CXCR3-,MS,CSF_24,CAGCTGGTCTTGAGAC-1,-0.10056797643315316
CXCR3-,MS,CSF_24,CAGGTGCAGCTAGGCA-1,0.12197036954281677
CXCR3-,MS,CSF_24,CAGTCCTAGAGAGCTC-1,-0.27674176331684314
CXCR3-,MS,CSF_24,CATCAGAGTCTAAAGA-1,0.25875290282665075
CXCR3-,MS,CSF_24,CATCCACGTACCAGTT-1,0.0653394536780249
CXCR3+,MS,CSF_24,CATCGAACATTTCAGG-1,-0.10056797643315316
CXCR3-,MS,CSF_24,CCAATCCCATTAGCCA-1,0.006035330902007442
CXCR3-,MS,CSF_24,CCACCTACATCTGGTA-1,0.23510311529226907
CXCR3-,MS,CSF_24,CCACGGAAGTGGTCCC-1,-0.10056797643315316
CXCR3-,MS,CSF_24,CCAGCGATCACTGGGC-1,0.12195723537688405
CXCR3+,MS,CSF_24,CCATTCGTCGTTTAGG-1,-0.10056797643315316
CXCR3+,MS,CSF_24,CCCAATCAGAGCCCAA-1,-0.10056797643315316
CXCR3+,MS,CSF_24,CCCTCCTGTAGCTAAA-1,0.10292597115483593
CXCR3-,MS,CSF_24,CCGGTAGCATCTATGG-1,0.25344900351531324
CXCR3-,MS,CSF_24,CCGTACTCAATAAGCA-1,-0.2967552233567986
CXCR3-,MS,CSF_24,CCGTGGAGTTGCGTTA-1,0.15365872456869273
CXCR3+,MS,CSF_24,CCTAGCTTCCGCTGTT-1,0.12162348360120231
CXCR3-,MS,CSF_24,CCTAGCTTCCTGCTTG-1,0.12909244774011547
CXCR3-,MS,CSF_24,CCTAGCTTCTCATTCA-1,-0.24067796676084394
CXCR3+,MS,CSF_24,CCTTCGACACCCATTC-1,0.13305821456277464
CXCR3+,MS,CSF_24,CCTTTCTAGGAGTAGA-1,0.26488138805300965
CXCR3-,MS,CSF_24,CGAACATGTATTACCG-1,0.41552065068898597
CXCR3+,MS,CSF_24,CGAATGTCAGTAACGG-1,-0.3502947315614861
CXCR3+,MS,CSF_24,CGAATGTTCGAATCCA-1,-0.10056797643315316
CXCR3+,MS,CSF_24,CGATCGGCAGCTGTTA-1,0.20067561508535675
CXCR3+,MS,CSF_24,CGATTGACATGAACCT-1,-0.3877213980142999
CXCR3+,MS,CSF_24,CGCGGTAGTATATGGA-1,-0.10056797643315316
CXCR3-,MS,CSF_24,CGCGTTTGTACAGACG-1,0.06275843804181258
CXCR3-,MS,CSF_24,CGCGTTTTCTAACCGA-1,-0.2659886000262775
CXCR3-,MS,CSF_24,CGCTATCAGTGAACGC-1,0.19023676255903002
CXCR3-,MS,CSF_24,CGCTGGACAATGGACG-1,0.3489296536151441
CXCR3-,MS,CSF_24,CGGACACCATAGAAAC-1,-0.4286697273910938
CXCR3-,MS,CSF_24,CGGACACTCAATCACG-1,0.06659942421306761
CXCR3-,MS,CSF_24,CGGACGTCATGAAGTA-1,0.22298628528549974
CXCR3-,MS,CSF_24,CGGACTGCAAGTACCT-1,-0.10056797643315316
CXCR3+,MS,CSF_24,CGGAGCTCACTGAAGG-1,0.4910631680738958
CXCR3+,MS,CSF_24,CGGAGCTTCGCACTCT-1,-0.10056797643315316
CXCR3-,MS,CSF_24,CGGAGTCGTGCCTTGG-1,-0.3084528083156818
CXCR3-,MS,CSF_24,CGGCTAGCAGTCACTA-1,-0.36471873090166973
CXCR3-,MS,CSF_24,CGGGTCAGTAGCGTGA-1,0.1523072797216575
CXCR3-,MS,CSF_24,CGGTTAAAGCGGCTTC-1,-0.10056797643315316
CXCR3-,MS,CSF_24,CGTAGGCAGTAGATGT-1,-0.10056797643315316
CXCR3-,MS,CSF_24,CGTCAGGAGTCCGGTC-1,0.14580470689867167
CXCR3-,MS,CSF_24,CGTGAGCTCGCGTAGC-1,0.17979446141067396
CXCR3-,MS,CSF_24,CGTTAGATCGGTCTAA-1,0.0569630657615323
CXCR3+,MS,CSF_24,CTACACCCAACCGCCA-1,0.15854702926970196
CXCR3+,MS,CSF_24,CTACACCCAGTGACAG-1,-0.10056797643315316
CXCR3-,MS,CSF_24,CTACCCATCTCTGAGA-1,-0.08592066248171824
CXCR3-,MS,CSF_24,CTACGTCAGCACACAG-1,-0.10056797643315316
CXCR3-,MS,CSF_24,CTACGTCGTTCTGGTA-1,-0.10056797643315316
CXCR3-,MS,CSF_24,CTAGAGTCACTTAAGC-1,-0.300502901232364
CXCR3-,MS,CSF_24,CTAGAGTTCGTCCAGG-1,-0.10056797643315316
CXCR3-,MS,CSF_24,CTAGCCTGTCTAGCCG-1,-0.26898693034518584
CXCR3-,MS,CSF_24,CTAGCCTTCGACGGAA-1,0.256953291434657
CXCR3+,MS,CSF_24,CTCACACAGATATGGT-1,-0.10056797643315316
CXCR3-,MS,CSF_24,CTCACACCACATGACT-1,-0.10056797643315316
CXCR3-,MS,CSF_24,CTCATTAGTTAGGGTG-1,-0.10056797643315316
CXCR3-,MS,CSF_24,CTCCTAGGTAGGACAC-1,-0.10056797643315316
CXCR3+,MS,CSF_24,CTCGGGACAATAAGCA-1,0.17682684095444728
CXCR3-,MS,CSF_24,CTCTAATGTCGGCTCA-1,0.25157517982659533
CXCR3-,MS,CSF_24,CTCTACGAGGGATACC-1,0.14262972110523847
CXCR3-,MS,CSF_24,CTCTACGCATGATCCA-1,-0.10056797643315316
CXCR3+,MS,CSF_24,CTCTACGGTAAGCACG-1,-0.10056797643315316
CXCR3-,MS,CSF_24,CTCTGGTAGCTTATCG-1,0.2232248225027004
CXCR3-,MS,CSF_24,CTGAAGTCAGTATGCT-1,0.24380073010616435
CXCR3-,MS,CSF_24,CTGAAGTGTGGTCCGT-1,-0.10056797643315316
CXCR3-,MS,CSF_24,CTGATAGCAATCGAAA-1,0.311901730448258
CXCR3-,MS,CSF_24,CTGCCTATCTCCCTGA-1,0.18480647752028187
CXCR3-,MS,CSF_24,CTGCGGAGTCTTGCGG-1,0.11332764812070815
CXCR3+,MS,CSF_24,CTGCTGTGTGTGGCTC-1,-0.10056797643315316
CXCR3-,MS,CSF_24,CTGCTGTTCTAACTGG-1,0.42072469450751965
CXCR3-,MS,CSF_24,CTGGTCTCAAATTGCC-1,-0.4574635951091606
CXCR3+,MS,CSF_24,CTGGTCTCAGCGTAAG-1,-0.11487303726882138
CXCR3-,MS,CSF_24,CTGTGCTGTCTTCTCG-1,-0.3190631566408796
CXCR3-,MS,CSF_24,CTGTTTAGTCGCATAT-1,-0.10056797643315316
CXCR3+,MS,CSF_24,CTTAACTCAGTAAGAT-1,-0.10056797643315316
CXCR3-,MS,CSF_24,CTTAACTGTCAAACTC-1,-0.10056797643315316
CXCR3-,MS,CSF_24,CTTACCGCAAGGCTCC-1,-0.10056797643315316
CXCR3-,MS,CSF_24,CTTCTCTAGTCCGGTC-1,-0.2733171481534158
CXCR3-,MS,CSF_24,CTTTGCGCACATCCAA-1,0.526632344628631
CXCR3+,MS,CSF_24,GAAATGACAGTGGAGT-1,0.425271380372608
CXCR3-,MS,CSF_24,GAACCTAAGAAGATTC-1,-0.10056797643315316
CXCR3-,MS,CSF_24,GAACGGAAGGCTCAGA-1,-0.10056797643315316
CXCR3-,MS,CSF_24,GAACGGATCCGCATCT-1,0.00461840748508164
CXCR3-,MS,CSF_24,GAAGCAGAGTTCGCGC-1,-0.10056797643315316
CXCR3-,MS,CSF_24,GAAGCAGCAGCCACCA-1,0.6218897992158869
CXCR3-,MS,CSF_24,GAATAAGCAACGATCT-1,-0.10056797643315316
CXCR3-,MS,CSF_24,GACACGCGTCGCGGTT-1,0.13581025230416602
CXCR3+,MS,CSF_24,GACAGAGTCACCACCT-1,-0.04746980492358196
CXCR3-,MS,CSF_24,GACCAATGTCAAGCGA-1,-0.21489139079552297
CXCR3+,MS,CSF_24,GACCTGGAGTGAAGTT-1,-0.10056797643315316
CXCR3-,MS,CSF_24,GACGCGTAGCTCCTTC-1,-0.10056797643315316
CXCR3+,MS,CSF_24,GACGCGTTCTTTAGTC-1,0.2125705400496963
CXCR3+,MS,CSF_24,GACGTTATCTCTGAGA-1,-0.11669268696128973
CXCR3+,MS,CSF_24,GACTAACCAAGGTTTC-1,0.41195001229628864
CXCR3-,MS,CSF_24,GACTAACCACAGCGTC-1,-0.10056797643315316
CXCR3-,MS,CSF_24,GACTGCGCAATCACAC-1,-0.10056797643315316
CXCR3-,MS,CSF_24,GAGCAGACACCTTGTC-1,-0.10056797643315316
CXCR3-,MS,CSF_24,GAGTCCGAGTGACTCT-1,-0.10056797643315316
CXCR3-,MS,CSF_24,GATCAGTGTAGCACGA-1,-0.5521764373246972
CXCR3-,MS,CSF_24,GATCGATGTGTAACGG-1,-0.10056797643315316
CXCR3-,MS,CSF_24,GATCGCGTCCAAACAC-1,-0.10056797643315316
CXCR3+,MS,CSF_24,GATCTAGAGAATTCCC-1,-0.08870113207480428
CXCR3+,MS,CSF_24,GATCTAGCAATGGACG-1,-0.04176924977983396
CXCR3+,MS,CSF_24,GATGCTAAGATGAGAG-1,0.1026680788231533
CXCR3-,MS,CSF_24,GATTCAGCAGTAACGG-1,-0.10056797643315316
CXCR3-,MS,CSF_24,GCAATCAAGCCCAGCT-1,-0.8902382171701154
CXCR3-,MS,CSF_24,GCACTCTCAACGCACC-1,0.5626084939171
CXCR3-,MS,CSF_24,GCACTCTTCGAGAACG-1,-0.25944082204026647
CXCR3+,MS,CSF_24,GCACTCTTCGAGGTAG-1,-0.4540644658370531
CXCR3-,MS,CSF_24,GCAGCCAAGCCGATTT-1,-0.10056797643315316
CXCR3-,MS,CSF_24,GCATGATCACTAGTAC-1,-0.3948945034387856
CXCR3-,MS,CSF_24,GCCAAATTCTTCAACT-1,0.23917829623161677
CXCR3-,MS,CSF_24,GCGCAACGTACAGTGG-1,-0.10056797643315316
CXCR3-,MS,CSF_24,GCGCAACGTGTGGTTT-1,-0.10056797643315316
CXCR3-,MS,CSF_24,GCGCCAAAGATAGCAT-1,-0.2886160924120928
CXCR3+,MS,CSF_24,GCGGGTTTCCGTCATC-1,0.4254403955223256
CXCR3-,MS,CSF_24,GCTCTGTCATGGGAAC-1,-0.10056797643315316
CXCR3-,MS,CSF_24,GCTGCAGTCCGCGCAA-1,-0.10056797643315316
CXCR3-,MS,CSF_24,GCTGCAGTCGTCCGTT-1,0.17708200364957824
CXCR3-,MS,CSF_24,GCTGCGACAAGCGCTC-1,0.31105579384140214
CXCR3-,MS,CSF_24,GCTTCCAGTCGTTGTA-1,-0.10056797643315316
CXCR3-,MS,CSF_24,GGACAGAAGTCACGCC-1,0.09114010353034645
CXCR3+,MS,CSF_24,GGACATTCACAGTCGC-1,0.24274803255648195
CXCR3-,MS,CSF_24,GGACATTCACGTCTCT-1,-0.1950016208780125
CXCR3+,MS,CSF_24,GGATGTTCAAACTGTC-1,0.006732670038187941
CXCR3-,MS,CSF_24,GGCCGATTCTTTCCTC-1,-0.3926300776856871
CXCR3-,MS,CSF_24,GGCGACTTCGGTGTCG-1,0.148539511410764
CXCR3-,MS,CSF_24,GGGAATGGTCATGCCG-1,-0.10056797643315316
CXCR3+,MS,CSF_24,GGGAGATTCAAGGTAA-1,0.11143145286929793
CXCR3-,MS,CSF_24,GGGATGACATCACCCT-1,-0.10056797643315316
CXCR3-,MS,CSF_24,GGGATGAGTTTAGGAA-1,-0.11902016593840126
CXCR3-,MS,CSF_24,GGTATTGAGAGGGATA-1,-0.26399326591241473
CXCR3-,MS,CSF_24,GGTATTGCAATTCCTT-1,-0.47245197820184276
CXCR3-,MS,CSF_24,GGTGAAGGTAAAGTCA-1,0.1487220110507191
CXCR3+,MS,CSF_24,GGTGAAGTCTGTACGA-1,-0.5564495604225305
CXCR3+,MS,CSF_24,GGTGCGTAGACAAGCC-1,0.13300144351161972
CXCR3-,MS,CSF_24,GTAACTGAGGCATTGG-1,0.11411622217277073
CXCR3+,MS,CSF_24,GTACTTTCACGGATAG-1,-0.42239895048478415
CXCR3-,MS,CSF_24,GTAGGCCAGGATTCGG-1,0.12344838836839435
CXCR3-,MS,CSF_24,GTAGTCAGTAGCGTCC-1,-0.32546722490717644
CXCR3+,MS,CSF_24,GTATCTTAGAGGTTGC-1,0.352694108516849
CXCR3+,MS,CSF_24,GTATCTTCACAAGCCC-1,0.2556694291810983
CXCR3-,MS,CSF_24,GTATCTTTCATGTCCC-1,0.1603331211383518
CXCR3-,MS,CSF_24,GTCACAACAATGCCAT-1,0.40587307966594377
CXCR3-,MS,CSF_24,GTCACAACAGGACGTA-1,0.428079811234568
CXCR3-,MS,CSF_24,GTCACGGTCAAACCAC-1,-0.016916863442998
CXCR3-,MS,CSF_24,GTCGGGTCAATCTGCA-1,0.4751875147924875
CXCR3-,MS,CSF_24,GTCGTAACAACACGCC-1,-0.10056797643315316
CXCR3-,MS,CSF_24,GTGCAGCTCTCGCATC-1,0.06102963760469574
CXCR3-,MS,CSF_24,GTGCGGTCAGGCTGAA-1,0.12261116808728668
CXCR3-,MS,CSF_24,GTGCTTCAGGGCACTA-1,0.8571484051231216
CXCR3+,MS,CSF_24,GTGTGCGTCAGTCAGT-1,0.2894375629010489
CXCR3+,MS,CSF_24,GTGTTAGGTCAACTGT-1,-0.10056797643315316
CXCR3+,MS,CSF_24,GTGTTAGTCTCGCATC-1,-0.32313720432812054
CXCR3+,MS,CSF_24,GTTACAGCAAACAACA-1,-0.0029834749250203002
CXCR3+,MS,CSF_24,GTTCTCGGTCGCATAT-1,0.4955066671926506
CXCR3-,MS,CSF_24,GTTTCTACAGTAAGAT-1,0.359445430949321
CXCR3+,MS,CSF_24,TAAACCGGTGGTACAG-1-1,-0.2666553017203393
CXCR3+,MS,CSF_24,TAAGAGATCGCGTAGC-1,0.1039070635945657
CXCR3-,MS,CSF_24,TACACGATCCGGCACA-1,0.6596385169751328
CXCR3-,MS,CSF_24,TACAGTGAGCGATATA-1,0.04177824793363721
CXCR3-,MS,CSF_24,TACAGTGCACAACGCC-1,0.13117556710823183
CXCR3-,MS,CSF_24,TACAGTGCATTGGTAC-1,-0.10056797643315316
CXCR3-,MS,CSF_24,TACCTATCAACGATCT-1,-0.10056797643315316
CXCR3-,MS,CSF_24,TACCTATGTCGGCACT-1,0.605184562708912
CXCR3+,MS,CSF_24,TACCTTAAGGTTACCT-1,0.4540731641757718
CXCR3-,MS,CSF_24,TACCTTAGTACCGAGA-1,-0.17199972998118299
CXCR3-,MS,CSF_24,TACGGTAAGAAACCTA-1,-0.26876833538770034
CXCR3-,MS,CSF_24,TACTCATCAAGCCGCT-1,-0.006790078748978666
CXCR3-,MS,CSF_24,TACTCGCAGCCACGTC-1,-0.39682082188754997
CXCR3-,MS,CSF_24,TACTCGCGTAGGCTGA-1,-0.07035223208972054
CXCR3-,MS,CSF_24,TACTTACCAATGGACG-1,-0.2489718016414328
CXCR3-,MS,CSF_24,TACTTGTGTCTAGTCA-1,-0.13210253941653854
CXCR3-,MS,CSF_24,TAGACCACAGTAAGCG-1,-0.10056797643315316
CXCR3+,MS,CSF_24,TAGCCGGTCGTTGACA-1,-0.6471157628290678
CXCR3-,MS,CSF_24,TAGCCGGTCTCGGACG-1,0.31702184628248453
CXCR3+,MS,CSF_24,TAGGCATAGAAGGACA-1,-0.29748508311198957
CXCR3-,MS,CSF_24,TATCTCACAACGATGG-1,0.11489300383057832
CXCR3-,MS,CSF_24,TATGCCCCATCCGCGA-1,-0.10056797643315316
CXCR3-,MS,CSF_24,TATTACCAGTCGTTTG-1,0.232738152657231
CXCR3-,MS,CSF_24,TATTACCGTACCGAGA-1,-0.3490831252859845
CXCR3-,MS,CSF_24,TCAATCTGTCGGCACT-1,-0.7679840001735814
CXCR3+,MS,CSF_24,TCACAAGAGCTAGCCC-1-1,0.0018220680303440786
CXCR3-,MS,CSF_24,TCACAAGTCTGTACGA-1,0.1164335392909938
CXCR3-,MS,CSF_24,TCAGCAAGTTCCATGA-1,-0.3766510565425227
CXCR3-,MS,CSF_24,TCAGCTCCATTCCTGC-1,0.023142496178272274
CXCR3-,MS,CSF_24,TCATTACGTCTCTCTG-1,-0.10056797643315316
CXCR3-,MS,CSF_24,TCATTTGCAACACCCG-1,-0.10056797643315316
CXCR3+,MS,CSF_24,TCCACACCATTGAGCT-1,-0.49298747874559856
CXCR3-,MS,CSF_24,TCCACACGTGTTGAGG-1,-0.10056797643315316
CXCR3-,MS,CSF_24,TCGAGGCTCCTTAATC-1,-0.10056797643315316
CXCR3-,MS,CSF_24,TCGGTAAGTCCGTCAG-1,-0.011689485445100003
CXCR3-,MS,CSF_24,TCGGTAATCGACGGAA-1,0.1499166317453102
CXCR3-,MS,CSF_24,TCGTACCAGACTGTAA-1,0.2756585952184882
CXCR3-,MS,CSF_24,TCGTACCTCTCAACTT-1,-0.12605371933397422
CXCR3-,MS,CSF_24,TCTATTGGTAAGGATT-1,-0.3550453631714396
CXCR3-,MS,CSF_24,TCTATTGGTTGAGTTC-1,-0.5423707151678342
CXCR3+,MS,CSF_24,TCTCATACAGTCGTGC-1,0.8293399892480825
CXCR3-,MS,CSF_24,TCTCTAAGTCCTGCTT-1,-0.10056797643315316
CXCR3-,MS,CSF_24,TCTTCGGGTACTCTCC-1,0.44840011182131834
CXCR3-,MS,CSF_24,TGACGGCTCCCAACGG-1,-0.28081572372060665
CXCR3-,MS,CSF_24,TGAGAGGCACCGGAAA-1,-0.10056797643315316
CXCR3-,MS,CSF_24,TGAGCATCAGGATTGG-1,-0.6819368135232667
CXCR3-,MS,CSF_24,TGAGCCGAGGATCGCA-1,0.12586907531631034
CXCR3-,MS,CSF_24,TGAGGGAAGACGCACA-1,-0.10056797643315316
CXCR3-,MS,CSF_24,TGATTTCAGTTGCAGG-1,0.335968855796878
CXCR3-,MS,CSF_24,TGATTTCTCTGAGGGA-1,0.32207305931161295
CXCR3-,MS,CSF_24,TGCACCTGTAATCGTC-1,-0.29161438747754065
CXCR3+,MS,CSF_24,TGCCAAAGTGCGATAG-1,-0.26782906568810816
CXCR3-,MS,CSF_24,TGCCAAAGTTCCCGAG-1,-0.10056797643315316
CXCR3-,MS,CSF_24,TGCCCTATCAGTTTGG-1,-0.10056797643315316
CXCR3+,MS,CSF_24,TGCGGGTGTATCTGCA-1,-0.10056797643315316
CXCR3+,MS,CSF_24,TGCTACCAGCCCAACC-1,0.37047615390632965
CXCR3-,MS,CSF_24,TGCTGCTAGTGCAAGC-1,-0.10056797643315316
CXCR3-,MS,CSF_24,TGGCCAGAGGCTAGAC-1,-0.10056797643315316
CXCR3-,MS,CSF_24,TGGCGCAAGCCTATGT-1,0.021971472414371567
CXCR3-,MS,CSF_24,TGGCGCAGTCCATCCT-1,-0.10056797643315316
CXCR3+,MS,CSF_24,TGGCTGGCATGCTAGT-1,-0.3001032827941107
CXCR3-,MS,CSF_24,TGGCTGGCATTTGCTT-1,-0.011571955461270338
CXCR3-,MS,CSF_24,TGGGAAGAGGCATTGG-1,-0.17119060645106435
CXCR3-,MS,CSF_24,TGGTTCCCATCGGAAG-1,0.05372780694425015
CXCR3-,MS,CSF_24,TGGTTCCGTCTTGATG-1,-0.4359715729713124
CXCR3-,MS,CSF_24,TGTGGTACACCACCAG-1,-0.10056797643315316
CXCR3-,MS,CSF_24,TGTGTTTGTGTCGCTG-1,-0.10056797643315316
CXCR3-,MS,CSF_24,TTAACTCCACTAAGTC-1,-0.10056797643315316
CXCR3+,MS,CSF_24,TTAGGACTCTTACCTA-1,0.7879741754618671
CXCR3-,MS,CSF_24,TTCCCAGCAACAACCT-1,0.027843495866942094
CXCR3-,MS,CSF_24,TTCGGTCAGGCTCTTA-1,0.1710547510655776
CXCR3-,MS,CSF_24,TTCTACAAGCCCAACC-1,0.6241208368372131
CXCR3+,MS,CSF_24,TTCTACAGTACATCCA-1,-0.3612152767457548
CXCR3+,MS,CSF_24,TTCTCCTGTCGCGAAA-1,-0.10056797643315316
CXCR3-,MS,CSF_24,TTGAACGCACATCCGG-1,-0.6478526418552021
CXCR3-,MS,CSF_24,TTGACTTTCCTTGCCA-1,-0.38497147776294105
CXCR3-,MS,CSF_24,TTGCGTCAGAGCTGGT-1,-0.10056797643315316
CXCR3-,MS,CSF_24,TTGCGTCTCTATCCCG-1,0.28110249348342536
CXCR3+,MS,CSF_24,TTGGAACAGGCATGGT-1,0.6241208368372131
CXCR3-,MS,CSF_24,TTTATGCTCTTCGAGA-1,-0.4055093434190525
CXCR3-,MS,CSF_24,TTTCCTCTCAGAAATG-1,0.4618851368431711
CXCR3-,MS,CSF_25,AAATGCCCAGACACTT-1,0.671505242248841
CXCR3-,MS,CSF_25,AACCATGCAATGGAAT-1,0.1005939509117185
CXCR3-,MS,CSF_25,AACCATGGTTCGGCAC-1,0.24494545044222082
CXCR3-,MS,CSF_25,AACCGCGGTTCACGGC-1,0.22940557916608054
CXCR3-,MS,CSF_25,AACGTTGAGACACGAC-1,0.3571584703363167
CXCR3-,MS,CSF_25,AACTTTCGTCGGATCC-1,-0.10056797643315316
CXCR3-,MS,CSF_25,AAGACCTTCTTTAGTC-1,0.31140637280588684
CXCR3-,MS,CSF_25,AAGGTTCAGAAGGACA-1,-0.10056797643315316
CXCR3+,MS,CSF_25,AATCGGTTCAGTGCAT-1,-0.10056797643315316
CXCR3-,MS,CSF_25,AATCGGTTCGCCTGTT-1,1.3283614722644965
CXCR3+,MS,CSF_25,ACACCCTGTGGTCTCG-1,0.2541746465981519
CXCR3-,MS,CSF_25,ACACCGGGTTATCCGA-1,-0.5043300902791907
CXCR3-,MS,CSF_25,ACACTGAAGAATTGTG-1,-0.10056797643315316
CXCR3+,MS,CSF_25,ACAGCTAAGTAGGCCA-1,-0.13243609559084688
CXCR3-,MS,CSF_25,ACAGCTACACCAGGTC-1,-0.26341949234026424
CXCR3-,MS,CSF_25,ACATGGTTCCACGCAG-1,0.44564078911828703
CXCR3-,MS,CSF_25,ACGAGCCAGGTAGCCA-1,0.13181216989968686
CXCR3-,MS,CSF_25,ACGAGCCCAAGCCTAT-1,0.17735357696651238
CXCR3-,MS,CSF_25,ACGCCAGGTGTGGCTC-1,0.49183354556073267
CXCR3-,MS,CSF_25,ACGCCGACAAGTAATG-1,-0.020786344241025958
CXCR3+,MS,CSF_25,ACGGAGAGTAGTGAAT-1,0.11303286251219914
CXCR3-,MS,CSF_25,ACGTCAATCCTCTAGC-1,-0.10056797643315316
CXCR3-,MS,CSF_25,ACTGAACAGAGACGAA-1,-0.10056797643315316
CXCR3-,MS,CSF_25,ACTGAACAGGATGGTC-1,-0.10056797643315316
CXCR3+,MS,CSF_25,ACTGAGTTCGTGGGAA-1,0.4154849072266123
CXCR3-,MS,CSF_25,ACTGATGGTATGAAAC-1,0.07372866203487785
CXCR3-,MS,CSF_25,ACTGATGTCTGCTGCT-1,-0.10056797643315316
CXCR3-,MS,CSF_25,ACTTACTAGCTAGTCT-1,-0.25211469465075004
CXCR3-,MS,CSF_25,ACTTACTTCCACTGGG-1,-0.4529966764973539
CXCR3-,MS,CSF_25,AGCGGTCGTGTGCCTG-1,-0.10056797643315316
CXCR3-,MS,CSF_25,AGCGGTCTCTACCAGA-1,0.2426970842154865
CXCR3+,MS,CSF_25,AGCGTATAGCAGCCTC-1,-0.10056797643315316
CXCR3-,MS,CSF_25,AGCGTCGGTTATGCGT-1,-0.10056797643315316
CXCR3-,MS,CSF_25,AGCTTGACATCCCACT-1,0.16663346886443423
CXCR3-,MS,CSF_25,AGGGAGTAGCGATGAC-1,-0.10056797643315316
CXCR3-,MS,CSF_25,AGGGTGATCGAGAACG-1,-0.40679494960897067
CXCR3+,MS,CSF_25,AGGTCATGTTACGACT-1,0.5414180633559621
CXCR3-,MS,CSF_25,AGTAGTCCAGGGCATA-1,0.03661284877507144
CXCR3-,MS,CSF_25,AGTAGTCTCTTCGAGA-1,0.17256576908279264
CXCR3-,MS,CSF_25,AGTGAGGTCCTTTCGG-1,0.1966490918879274
CXCR3+,MS,CSF_25,ATAGACCTCGAGAGCA-1,-0.10056797643315316
CXCR3-,MS,CSF_25,ATCACGACAATGTAAG-1,-0.10056797643315316
CXCR3-,MS,CSF_25,ATCATCTCAGATCTGT-1,-0.10056797643315316
CXCR3-,MS,CSF_25,ATCATCTTCAACACGT-1,-0.10056797643315316
CXCR3-,MS,CSF_25,ATCCGAATCGATGAGG-1,-0.10056797643315316
CXCR3-,MS,CSF_25,ATCTGCCTCGTTACGA-1,0.24212640780870043
CXCR3-,MS,CSF_25,ATGTGTGAGAAGATTC-1,0.1262250388361718
CXCR3+,MS,CSF_25,ATGTGTGGTTGGTAAA-1,0.5352672483774541
CXCR3-,MS,CSF_25,ATTGGACCACCCAGTG-1,-0.10056797643315316
CXCR3-,MS,CSF_25,ATTGGTGAGACAGAGA-1,-0.40506910335633173
CXCR3-,MS,CSF_25,ATTGGTGTCGTTTATC-1,-0.10056797643315316
CXCR3-,MS,CSF_25,ATTTCTGAGTCCGTAT-1,0.5573449880167407
CXCR3+,MS,CSF_25,CAACCAACATATGCTG-1,-0.10056797643315316
CXCR3-,MS,CSF_25,CAACTAGAGCACAGGT-1,-0.10056797643315316
CXCR3+,MS,CSF_25,CAAGAAAAGCTGTCTA-1,-0.3749828291928288
CXCR3-,MS,CSF_25,CAAGATCAGGCAATTA-1,0.244541766309789
CXCR3-,MS,CSF_25,CAAGTTGAGTCCCACG-1,-0.2629840180937049
CXCR3-,MS,CSF_25,CACAAACCAGTCCTTC-1,-0.24918731779670014
CXCR3-,MS,CSF_25,CACACAAAGTGCGTGA-1,0.1533327543042684
CXCR3-,MS,CSF_25,CACACAAGTTGATTCG-1,-1.082267063998185
CXCR3-,MS,CSF_25,CACACTCCAGACTCGC-1,-0.10056797643315316
CXCR3-,MS,CSF_25,CACCAGGTCGATGAGG-1,0.5121303254721619
CXCR3-,MS,CSF_25,CACTCCAGTGATAAGT-1,0.59911416509155
CXCR3-,MS,CSF_25,CAGAGAGCAAGTTGTC-1,0.5959420660616173
CXCR3+,MS,CSF_25,CAGCAGCGTAGCTAAA-1,0.1055692240958295
CXCR3-,MS,CSF_25,CAGCAGCGTCCTCCAT-1,-0.2812058502657932
CXCR3-,MS,CSF_25,CAGCCGACAAGAAGAG-1,-0.21927818788853534
CXCR3-,MS,CSF_25,CAGCGACAGCGGATCA-1,-0.10056797643315316
CXCR3-,MS,CSF_25,CAGTCCTCACCTGGTG-1,0.14122337845095315
CXCR3-,MS,CSF_25,CATCAGACATATGAGA-1,0.1887305774382593
CXCR3-,MS,CSF_25,CATCCACTCCTTGACC-1,0.18197793099532408
CXCR3-,MS,CSF_25,CATCGGGTCTTGGGTA-1,0.5558677101488126
CXCR3-,MS,CSF_25,CATGCCTTCACGAAGG-1,0.14636058968071913
CXCR3-,MS,CSF_25,CATGGCGCAGTCCTTC-1,-1.382725689267534
CXCR3-,MS,CSF_25,CATTCGCAGTTGCAGG-1,-0.06311374251616968
CXCR3-,MS,CSF_25,CCACGGAGTGATGATA-1,-0.016899999804967307
CXCR3-,MS,CSF_25,CCACTACAGCACACAG-1,0.5501204732020543
CXCR3-,MS,CSF_25,CCGGGATTCGCGTAGC-1,-0.13097491278261197
CXCR3-,MS,CSF_25,CCGTACTTCAAAGACA-1,-0.3882284696055123
CXCR3-,MS,CSF_25,CCGTTCATCCAAATGC-1,-0.23625959413471115
CXCR3-,MS,CSF_25,CCTCAGTTCTTGTATC-1,-0.10056797643315316
CXCR3-,MS,CSF_25,CCTCTGAGTAACGTTC-1,0.15034268399576683
CXCR3-,MS,CSF_25,CCTTCGATCCTATGTT-1,0.2106935704779838
CXCR3-,MS,CSF_25,CGAGAAGCAAAGGTGC-1,0.3469303793848572
CXCR3-,MS,CSF_25,CGAGCACGTCCTAGCG-1,-0.10056797643315316
CXCR3-,MS,CSF_25,CGAGCCATCCGGGTGT-1,0.3478223824082439
CXCR3-,MS,CSF_25,CGATGGCAGCCAGGAT-1,-0.10056797643315316
CXCR3-,MS,CSF_25,CGCCAAGTCTACTCAT-1,-0.10056797643315316
CXCR3-,MS,CSF_25,CGCTATCCAATGGAAT-1,-0.23227731389490178
CXCR3-,MS,CSF_25,CGGACACCAAATCCGT-1,0.05742702671731026
CXCR3-,MS,CSF_25,CGGACACCACATTAGC-1,-0.10056797643315316
CXCR3-,MS,CSF_25,CGTTAGAGTCCTCTTG-1,-0.10056797643315316
CXCR3-,MS,CSF_25,CGTTCTGCATACCATG-1,-1.0430232124970074
CXCR3-,MS,CSF_25,CTAACTTAGTCACGCC-1,0.14316836000126795
CXCR3-,MS,CSF_25,CTAATGGGTAAGTAGT-1,0.20472828483154817
CXCR3-,MS,CSF_25,CTAGAGTGTGCTAGCC-1,-0.006619041150025524
CXCR3+,MS,CSF_25,CTAGTGAGTCTGCGGT-1,-0.28690258621272174
CXCR3-,MS,CSF_25,CTCGTCAGTTTGACTG-1,-0.28477030415592075
CXCR3+,MS,CSF_25,CTGAAGTCAGAAGCAC-1,0.2031766003718147
CXCR3-,MS,CSF_25,CTGATAGTCCGAATGT-1,-0.01348536846715877
CXCR3-,MS,CSF_25,CTGCCTAAGCTGATAA-1,0.23665946465579982
CXCR3+,MS,CSF_25,CTGCGGACATCTCGCT-1,-0.10056797643315316
CXCR3-,MS,CSF_25,CTTGGCTCATCAGTCA-1,-0.10056797643315316
CXCR3+,MS,CSF_25,CTTTGCGTCCAGATCA-1,0.33937881038531886
CXCR3-,MS,CSF_25,GAAATGAAGCAGCGTA-1,-0.10056797643315316
CXCR3-,MS,CSF_25,GAAATGAAGTGTACGG-1,0.1375361920016715
CXCR3-,MS,CSF_25,GAAATGATCAGTCAGT-1,-0.10056797643315316
CXCR3+,MS,CSF_25,GAAGCAGAGGGATGGG-1,-0.20964619040265364
CXCR3+,MS,CSF_25,GAATAAGTCACAGGCC-1,0.12818897147246505
CXCR3-,MS,CSF_25,GAATGAAGTAAACGCG-1,0.1694261927451414
CXCR3-,MS,CSF_25,GACGGCTCAAGTTAAG-1,0.2703879336753899
CXCR3-,MS,CSF_25,GACGGCTTCGCGTAGC-1,0.16290584861893112
CXCR3-,MS,CSF_25,GACGTGCGTTTCGCTC-1,-0.3042989538463267
CXCR3-,MS,CSF_25,GACTGCGGTAGCTAAA-1,0.5691713672759618
CXCR3-,MS,CSF_25,GAGCAGACAGTGGGAT-1,0.2838661440665267
CXCR3-,MS,CSF_25,GAGGTGACACTGTCGG-1,-0.4447053247771268
CXCR3-,MS,CSF_25,GATCAGTAGGCTAGCA-1,-0.017601295179971
CXCR3+,MS,CSF_25,GATCGATAGACTAGGC-1,0.5390231146368992
CXCR3-,MS,CSF_25,GATGAGGCACTCAGGC-1,-0.35280657068436705
CXCR3+,MS,CSF_25,GCAATCAGTCAGCTAT-1,0.3442632079515395
CXCR3-,MS,CSF_25,GCAATCATCAAAGTAG-1,0.4224378258919495
CXCR3+,MS,CSF_25,GCATACAAGTTTAGGA-1,-0.2834782416497301
CXCR3-,MS,CSF_25,GCATACATCGTGACAT-1,0.2547045594242281
CXCR3+,MS,CSF_25,GCATGTAGTACCGTAT-1,-0.10056797643315316
CXCR3-,MS,CSF_25,GCCAAATCAGACTCGC-1,0.3005400575369547
CXCR3-,MS,CSF_25,GCGACCAAGAATTGTG-1,-0.10056797643315316
CXCR3-,MS,CSF_25,GCGACCAGTTATGTGC-1,-0.22985304413246493
CXCR3-,MS,CSF_25,GCGAGAATCTTATCTG-1,-0.10056797643315316
CXCR3+,MS,CSF_25,GCGCCAAGTCCAGTAT-1,-0.610499326787438
CXCR3-,MS,CSF_25,GCTCTGTGTCGTCTTC-1,-0.10056797643315316
CXCR3-,MS,CSF_25,GCTGCAGCATATGGTC-1,-0.10056797643315316
CXCR3-,MS,CSF_25,GCTTGAAGTTCCACAA-1,-0.11462989032407452
CXCR3-,MS,CSF_25,GGAAAGCCACGGACAA-1,0.4237319440643059
CXCR3+,MS,CSF_25,GGACAAGTCAGCACAT-1,0.05577400446154563
CXCR3-,MS,CSF_25,GGACAGAGTCGCGGTT-1,-0.011545870809344503
CXCR3-,MS,CSF_25,GGACATTAGCAATATG-1,-0.10056797643315316
CXCR3-,MS,CSF_25,GGAGCAAGTCTTTCAT-1,-0.48401468205204157
CXCR3-,MS,CSF_25,GGATGTTGTTCTGGTA-1,-0.2741773560922316
CXCR3-,MS,CSF_25,GGCCGATAGCGCCTCA-1,-0.2627174431764617
CXCR3-,MS,CSF_25,GGCTGGTGTCCGAATT-1,0.1434253667345826
CXCR3-,MS,CSF_25,GGGAGATGTATGGTTC-1,-0.10056797643315316
CXCR3-,MS,CSF_25,GGTGTTACAGACAAAT-1,-0.7367813259728386
CXCR3+,MS,CSF_25,GTACGTATCGCATGGC-1,-0.10056797643315316
CXCR3-,MS,CSF_25,GTCACAAAGGTACTCT-1,-0.6726073246290465
CXCR3-,MS,CSF_25,GTCACAACAATCTGCA-1,0.048222718633262406
CXCR3-,MS,CSF_25,GTGCAGCTCTCATTCA-1,-0.10056797643315316
CXCR3+,MS,CSF_25,GTGTTAGGTGACCAAG-1,-0.10056797643315316
CXCR3-,MS,CSF_25,GTTAAGCAGTTCCACA-1,0.30094800724367377
CXCR3+,MS,CSF_25,GTTCGGGCAAGAGGCT-1,0.5330613138130202
CXCR3-,MS,CSF_25,GTTCGGGTCTGTTTGT-1,0.19652791960173902
CXCR3-,MS,CSF_25,GTTTCTAGTCATATCG-1,0.3688618891968644
CXCR3-,MS,CSF_25,TAAGAGACAACTTGAC-1,-0.10056797643315316
CXCR3-,MS,CSF_25,TAAGAGATCAGCCTAA-1,-0.09917277444979644
CXCR3-,MS,CSF_25,TAAGTGCAGGCATGTG-1,-0.2624519258630339
CXCR3-,MS,CSF_25,TACACGACAGGGTACA-1,0.35181103474011394
CXCR3+,MS,CSF_25,TACAGTGGTGAAAGAG-1,-0.124106843687914
CXCR3-,MS,CSF_25,TACAGTGGTGGTAACG-1,0.2185930573342814
CXCR3+,MS,CSF_25,TACAGTGTCGCATGAT-1,0.15469775814051692
CXCR3-,MS,CSF_25,TACTCATGTCTGATTG-1,-0.35056588171488334
CXCR3-,MS,CSF_25,TACTCGCTCAACGCTA-1,-0.1501553308287293
CXCR3-,MS,CSF_25,TACTCGCTCCAATGGT-1,0.3707832742066173
CXCR3-,MS,CSF_25,TAGCCGGTCTGTGCAA-1,0.1358339127807047
CXCR3-,MS,CSF_25,TATTACCAGTCAAGCG-1,-0.10056797643315316
CXCR3+,MS,CSF_25,TATTACCTCGTGGACC-1,0.23557394998371484
CXCR3+,MS,CSF_25,TCAATCTCACACCGCA-1,-0.10056797643315316
CXCR3-,MS,CSF_25,TCAATCTCACACGCTG-1,0.08480794062955997
CXCR3-,MS,CSF_25,TCAATCTCAGCGTTCG-1,-0.10056797643315316
CXCR3-,MS,CSF_25,TCAGATGAGTTGTAGA-1,-0.10056797643315316
CXCR3+,MS,CSF_25,TCAGCAATCGTTTAGG-1,0.23520740485572963
CXCR3-,MS,CSF_25,TCAGCTCCATAAGACA-1,-0.10056797643315316
CXCR3-,MS,CSF_25,TCAGGATGTGAGGCTA-1,0.7941677890255413
CXCR3+,MS,CSF_25,TCAGGTACAGGGAGAG-1,0.03167660322514413
CXCR3-,MS,CSF_25,TCAGGTACATATGCTG-1,0.14794371794238553
CXCR3-,MS,CSF_25,TCCACACAGAAACGAG-1,-0.10056797643315316
CXCR3-,MS,CSF_25,TCGGTAAAGAAGGCCT-1,0.5180856253156224
CXCR3-,MS,CSF_25,TCTGAGACACGCTTTC-1,0.3357648007690441
CXCR3-,MS,CSF_25,TCTTTCCTCAAAGTAG-1,0.13470012727502464
CXCR3-,MS,CSF_25,TGAAAGAAGTACGTAA-1,0.16754531184061913
CXCR3-,MS,CSF_25,TGACAACAGTGCGATG-1,-0.10056797643315316
CXCR3-,MS,CSF_25,TGACAACCAGGGCATA-1,-0.10056797643315316
CXCR3-,MS,CSF_25,TGACGGCGTCCATGAT-1,0.16057640280550894
CXCR3-,MS,CSF_25,TGACTTTGTACCGAGA-1,-0.10056797643315316
CXCR3-,MS,CSF_25,TGATTTCAGTCCAGGA-1,-0.26231956086996233
CXCR3-,MS,CSF_25,TGCGGGTAGAAACCTA-1,-0.48929261394599904
CXCR3+,MS,CSF_25,TGCTACCAGTATCGAA-1,-0.6233118844649989
CXCR3-,MS,CSF_25,TGCTGCTTCGGAATCT-1,-0.10056797643315316
CXCR3-,MS,CSF_25,TGGCGCACATTCTCAT-1,-0.9043725201683426
CXCR3-,MS,CSF_25,TGGGCGTGTCCGAGTC-1,-0.6417832174893877
CXCR3-,MS,CSF_25,TGGGCGTTCAGTGTTG-1,-0.2566221316049771
CXCR3-,MS,CSF_25,TGGTTCCCAGTAAGAT-1,-0.25113306204277513
CXCR3-,MS,CSF_25,TGGTTCCTCTGATACG-1,-0.10056797643315316
CXCR3-,MS,CSF_25,TGTATTCTCACTATTC-1,-0.10056797643315316
CXCR3+,MS,CSF_25,TGTTCCGTCACTCCTG-1,0.440702268562645
CXCR3-,MS,CSF_25,TTATGCTTCTGCTGTC-1,0.6300850492988973
CXCR3-,MS,CSF_25,TTCGAAGCATTTCAGG-1,-0.23554670807169195
CXCR3+,MS,CSF_25,TTCGAAGTCTTGTATC-1,0.11117973870631163
CXCR3-,MS,CSF_25,TTCTTAGGTAAGAGGA-1,-0.10056797643315316
CXCR3-,MS,CSF_25,TTGAACGAGGCGTACA-1,0.3414566327850966
CXCR3-,MS,CSF_25,TTGTAGGTCCTAAGTG-1,0.16755769152345718
CXCR3+,MS,CSF_25,TTTACTGCACCTCGTT-1,-0.10056797643315316
CXCR3+,MS,CSF_25,TTTGCGCTCTACCAGA-1,0.23622980914601527
CXCR3+,MS,CSF_25,TTTGTCATCCTCAATT-1,-0.10056797643315316
CXCR3+,MS,CSF_27,AAACCTGAGTCTCGGC-1-1,-0.5289397988394287
CXCR3-,MS,CSF_27,AACCGCGAGCAGACTG-1-1,-0.019821475917902065
CXCR3-,MS,CSF_27,AACTCCCGTAAGCACG-1-1,0.3057983600914204
CXCR3+,MS,CSF_27,AAGGTTCGTGAGTATA-1-1,0.1197834638770878
CXCR3+,MS,CSF_27,AATCCAGGTACAAGTA-1-1,0.8620782059194305
CXCR3-,MS,CSF_27,AATCCAGGTATAGTAG-1-1,-0.10056797643315316
CXCR3-,MS,CSF_27,ACACCCTCATGTTGAC-1-1,-0.10056797643315316
CXCR3+,MS,CSF_27,ACACCGGTCAACCATG-1-1,-0.35832059974835856
CXCR3-,MS,CSF_27,ACACTGATCTATGTGG-1-1,-0.10056797643315316
CXCR3+,MS,CSF_27,ACAGCTACAATAGAGT-1-1,-0.021925247340909264
CXCR3-,MS,CSF_27,ACAGCTACAATGACCT-1-1,0.37224916983759126
CXCR3-,MS,CSF_27,ACATACGCACCAGTTA-1-1,0.10892627756543119
CXCR3-,MS,CSF_27,ACATCAGTCATCACCC-1-1,-0.2611400035835159
CXCR3-,MS,CSF_27,ACCCACTGTATAAACG-1-1,0.01958980492672186
CXCR3-,MS,CSF_27,ACCGTAACAGACGCCT-1-1,0.34450767785515074
CXCR3+,MS,CSF_27,ACCGTAAGTCATGCCG-1-1,0.15427779566443434
CXCR3-,MS,CSF_27,ACGAGGACAGGGCATA-1-1,0.2854324401326466
CXCR3+,MS,CSF_27,ACGCAGCCATGACATC-1-1,0.3043687641025336
CXCR3-,MS,CSF_27,ACGCAGCTCCGCGCAA-1-1,-0.22177767822351951
CXCR3+,MS,CSF_27,ACGCCAGGTCCAGTAT-1-1,0.6815579252490325
CXCR3-,MS,CSF_27,ACGGGCTAGGCAATTA-1-1,0.5906478625470823
CXCR3-,MS,CSF_27,ACGTCAATCTCTAGGA-1-1,0.11182033469713007
CXCR3-,MS,CSF_27,ACTATCTCAGGGTATG-1-1,-0.38084668654744386
CXCR3-,MS,CSF_27,ACTATCTTCTGCCAGG-1-1,0.12782526823926252
CXCR3-,MS,CSF_27,ACTGAACCAGCTATTG-1-1,-0.10056797643315316
CXCR3-,MS,CSF_27,ACTGAACGTCTGCAAT-1-1,-0.24049024208361405
CXCR3+,MS,CSF_27,ACTGAGTGTTCGGCAC-1-1,-0.257846167007437
CXCR3-,MS,CSF_27,ACTGCTCTCATGTGGT-1-1,0.9742388901753064
CXCR3-,MS,CSF_27,ACTTGTTAGTCATGCT-1-1,0.3931898715788966
CXCR3-,MS,CSF_27,ACTTTCAAGGCGATAC-1-1,-0.12433150403139381
CXCR3-,MS,CSF_27,ACTTTCAGTTACGTCA-1-1,-0.2592827572744812
CXCR3-,MS,CSF_27,AGAATAGAGGATATAC-1-1,0.4169712347908935
CXCR3+,MS,CSF_27,AGAATAGGTACTTGAC-1-1,-0.07599301177614247
CXCR3-,MS,CSF_27,AGACGTTCAAAGCGGT-1-1,-0.3773303916906815
CXCR3-,MS,CSF_27,AGAGCGAAGACGCACA-1-1,0.5386820903676128
CXCR3-,MS,CSF_27,AGAGCTTCAAGCCGCT-1-1,-0.13972592925529262
CXCR3-,MS,CSF_27,AGAGCTTGTCCGACGT-1-1,0.13284965622634343
CXCR3-,MS,CSF_27,AGATCTGAGCGATAGC-1-1,0.5100380419113545
CXCR3+,MS,CSF_27,AGCCTAATCTGCCCTA-1-1,0.13554425484022384
CXCR3-,MS,CSF_27,AGCGTCGTCCACGTGG-1-1,-0.6507318255384683
CXCR3+,MS,CSF_27,AGCTCCTCAGGATCGA-1-1,0.1618818317846347
CXCR3+,MS,CSF_27,AGGCCACAGTATCTCG-1-1,0.12140425064794157
CXCR3-,MS,CSF_27,AGGCCGTCAATAGAGT-1-1,-0.10056797643315316
CXCR3-,MS,CSF_27,AGGGTGATCAGAGGTG-1-1,0.2930286161204136
CXCR3+,MS,CSF_27,AGGGTGATCTGATTCT-1-1,0.5635093848485232
CXCR3-,MS,CSF_27,AGGTCATAGCTGTCTA-1-1,-0.40624672917782706
CXCR3+,MS,CSF_27,AGGTCATAGGGAGTAA-1-1,0.13798847495254554
CXCR3+,MS,CSF_27,AGGTCCGCACCAGATT-1-1,0.22940437170977251
CXCR3-,MS,CSF_27,AGGTCCGCAGCATGAG-1-1,0.3654847445350788
CXCR3-,MS,CSF_27,AGTCTTTCACAGCGTC-1-1,0.15418747014482412
CXCR3-,MS,CSF_27,AGTCTTTCATCGGTTA-1-1,-0.10056797643315316
CXCR3-,MS,CSF_27,AGTCTTTGTACAGTTC-1-1,0.30724698157546537
CXCR3-,MS,CSF_27,AGTGAGGAGTTCGCAT-1-1,0.0006853347427146574
CXCR3-,MS,CSF_27,AGTGGGATCTTAGCCC-1-1,0.5802030106716577
CXCR3-,MS,CSF_27,AGTGTCAAGGTGATAT-1-1,-0.10056797643315316
CXCR3-,MS,CSF_27,ATAAGAGGTAAGTGGC-1-1,0.23990523692808838
CXCR3-,MS,CSF_27,ATAGACCCAGGTCGTC-1-1,-0.10056797643315316
CXCR3-,MS,CSF_27,ATCACGAGTGCAGGTA-1-1,-0.10056797643315316
CXCR3-,MS,CSF_27,ATCACGAGTTTGACTG-1-1,-0.2469084871045481
CXCR3-,MS,CSF_27,ATCATCTAGTCTCCTC-1-1,0.2728641135330897
CXCR3+,MS,CSF_27,ATCATCTCAGCCACCA-1-1,0.23827899172918052
CXCR3+,MS,CSF_27,ATCATGGGTCTGCGGT-1-1,0.13389182906185762
CXCR3-,MS,CSF_27,ATCCACCGTATCAGTC-1-1,0.532881408277955
CXCR3-,MS,CSF_27,ATCCGAACACGTCAGC-1-1,-0.10056797643315316
CXCR3-,MS,CSF_27,ATCCGAAGTACAGTGG-1-1,0.3884283795647782
CXCR3-,MS,CSF_27,ATCTGCCGTCTACCTC-1-1,-0.10056797643315316
CXCR3-,MS,CSF_27,ATGGGAGCAAATCCGT-1-1,-0.10056797643315316
CXCR3-,MS,CSF_27,ATGTGTGCAAGTTAAG-1-1,-0.21181585287875151
CXCR3-,MS,CSF_27,ATTACTCCATTGGGCC-1-1,0.0003292004415335218
CXCR3+,MS,CSF_27,ATTACTCGTAGCTAAA-1-1,0.4077561841223441
CXCR3-,MS,CSF_27,ATTACTCTCTGCTGTC-1-1,0.5994917484836774
CXCR3-,MS,CSF_27,ATTCTACGTTGGTTTG-1-1,-0.22383301682109372
CXCR3-,MS,CSF_27,ATTCTACTCCCTTGCA-1-1,-0.10056797643315316
CXCR3-,MS,CSF_27,ATTGGTGAGGCATGTG-1-1,-0.45841045104855016
CXCR3-,MS,CSF_27,ATTGGTGCACTACAGT-1-1,-0.10056797643315316
CXCR3+,MS,CSF_27,ATTGGTGCAGTTCCCT-1-1,-0.9219567810475574
CXCR3+,MS,CSF_27,ATTGGTGGTTAGATGA-1-1,-0.008938947899604746
CXCR3+,MS,CSF_27,ATTTCTGCAATGGATA-1-1,-0.2997159499844934
CXCR3-,MS,CSF_27,CAACCAAGTATAAACG-1-1,-0.5174001707162633
CXCR3-,MS,CSF_27,CAACCTCAGAGCTGCA-1-1,-0.10056797643315316
CXCR3-,MS,CSF_27,CAAGAAAAGCTCCCAG-1-1,-0.44655430409274943
CXCR3-,MS,CSF_27,CAAGAAATCATGGTCA-1-1,-0.32989359126005846
CXCR3+,MS,CSF_27,CAAGATCCACTAAGTC-1-1,-0.10056797643315316
CXCR3-,MS,CSF_27,CAAGATCCAGCAGTTT-1-1,0.3081910695228015
CXCR3+,MS,CSF_27,CACATTTAGAGTAATC-1-1,0.29909770016929693
CXCR3+,MS,CSF_27,CACCACTGTAAACGCG-1-1,0.0762459012225145
CXCR3+,MS,CSF_27,CACCACTTCGGAAACG-1-1,-0.10056797643315316
CXCR3-,MS,CSF_27,CACCAGGTCCGTAGGC-1-1,-0.3644317380467762
CXCR3-,MS,CSF_27,CACCTTGGTCAGTGGA-1-1,0.12714375101076367
CXCR3-,MS,CSF_27,CAGCAGCAGCCGGTAA-1-1,0.023044743259080232
CXCR3-,MS,CSF_27,CAGCGACCATCCAACA-1-1,-0.10056797643315316
CXCR3-,MS,CSF_27,CAGCTGGTCTTGAGAC-1-1,-0.10056797643315316
CXCR3-,MS,CSF_27,CAGGTGCAGCTAGGCA-1-1,0.12197036954281677
CXCR3-,MS,CSF_27,CAGTCCTAGAGAGCTC-1-1,-0.27674176331684314
CXCR3-,MS,CSF_27,CATCAGAGTCTAAAGA-1-1,0.25875290282665075
CXCR3-,MS,CSF_27,CATCCACGTACCAGTT-1-1,0.0653394536780249
CXCR3+,MS,CSF_27,CATCGAACATTTCAGG-1-1,-0.10056797643315316
CXCR3-,MS,CSF_27,CCAATCCCATTAGCCA-1-1,0.006035330902007442
CXCR3-,MS,CSF_27,CCACCTACATCTGGTA-1-1,0.23510311529226907
CXCR3-,MS,CSF_27,CCACGGAAGTGGTCCC-1-1,-0.10056797643315316
CXCR3-,MS,CSF_27,CCAGCGATCACTGGGC-1-1,0.12195723537688405
CXCR3+,MS,CSF_27,CCATTCGTCGTTTAGG-1-1,-0.10056797643315316
CXCR3+,MS,CSF_27,CCCAATCAGAGCCCAA-1-1,-0.10056797643315316
CXCR3+,MS,CSF_27,CCCTCCTGTAGCTAAA-1-1,0.10292597115483593
CXCR3-,MS,CSF_27,CCGGTAGCATCTATGG-1-1,0.25344900351531324
CXCR3-,MS,CSF_27,CCGTACTCAATAAGCA-1-1,-0.2967552233567986
CXCR3-,MS,CSF_27,CCGTGGAGTTGCGTTA-1-1,0.15365872456869273
CXCR3+,MS,CSF_27,CCTAGCTTCCGCTGTT-1-1,0.12162348360120231
CXCR3-,MS,CSF_27,CCTAGCTTCCTGCTTG-1-1,0.12909244774011547
CXCR3-,MS,CSF_27,CCTAGCTTCTCATTCA-1-1,-0.24067796676084394
CXCR3+,MS,CSF_27,CCTTCGACACCCATTC-1-1,0.13305821456277464
CXCR3+,MS,CSF_27,CCTTTCTAGGAGTAGA-1-1,0.26488138805300965
CXCR3-,MS,CSF_27,CGAACATGTATTACCG-1-1,0.41552065068898597
CXCR3+,MS,CSF_27,CGAATGTCAGTAACGG-1-1,-0.3502947315614861
CXCR3+,MS,CSF_27,CGAATGTTCGAATCCA-1-1,-0.10056797643315316
CXCR3+,MS,CSF_27,CGATCGGCAGCTGTTA-1-1,0.20067561508535675
CXCR3+,MS,CSF_27,CGATTGACATGAACCT-1-1,-0.3877213980142999
CXCR3+,MS,CSF_27,CGCGGTAGTATATGGA-1-1,-0.10056797643315316
CXCR3-,MS,CSF_27,CGCGTTTGTACAGACG-1-1,0.06275843804181258
CXCR3-,MS,CSF_27,CGCGTTTTCTAACCGA-1-1,-0.2659886000262775
CXCR3-,MS,CSF_27,CGCTATCAGTGAACGC-1-1,0.19023676255903002
CXCR3-,MS,CSF_27,CGCTGGACAATGGACG-1-1,0.3489296536151441
CXCR3-,MS,CSF_27,CGGACACCATAGAAAC-1-1,-0.4286697273910938
CXCR3-,MS,CSF_27,CGGACACTCAATCACG-1-1,0.06659942421306761
CXCR3-,MS,CSF_27,CGGACGTCATGAAGTA-1-1,0.22298628528549974
CXCR3-,MS,CSF_27,CGGACTGCAAGTACCT-1-1,-0.10056797643315316
CXCR3+,MS,CSF_27,CGGAGCTCACTGAAGG-1-1,0.4910631680738958
CXCR3+,MS,CSF_27,CGGAGCTTCGCACTCT-1-1,-0.10056797643315316
CXCR3-,MS,CSF_27,CGGAGTCGTGCCTTGG-1-1,-0.3084528083156818
CXCR3-,MS,CSF_27,CGGCTAGCAGTCACTA-1-1,-0.36471873090166973
CXCR3-,MS,CSF_27,CGGGTCAGTAGCGTGA-1-1,0.1523072797216575
CXCR3-,MS,CSF_27,CGGTTAAAGCGGCTTC-1-1,-0.10056797643315316
CXCR3-,MS,CSF_27,CGTAGGCAGTAGATGT-1-1,-0.10056797643315316
CXCR3-,MS,CSF_27,CGTCAGGAGTCCGGTC-1-1,0.14580470689867167
CXCR3-,MS,CSF_27,CGTGAGCTCGCGTAGC-1-1,0.17979446141067396
CXCR3-,MS,CSF_27,CGTTAGATCGGTCTAA-1-1,0.0569630657615323
CXCR3+,MS,CSF_27,CTACACCCAACCGCCA-1-1,0.15854702926970196
CXCR3+,MS,CSF_27,CTACACCCAGTGACAG-1-1,-0.10056797643315316
CXCR3-,MS,CSF_27,CTACCCATCTCTGAGA-1-1,-0.08592066248171824
CXCR3-,MS,CSF_27,CTACGTCAGCACACAG-1-1,-0.10056797643315316
CXCR3-,MS,CSF_27,CTACGTCGTTCTGGTA-1-1,-0.10056797643315316
CXCR3-,MS,CSF_27,CTAGAGTCACTTAAGC-1-1,-0.300502901232364
CXCR3-,MS,CSF_27,CTAGAGTTCGTCCAGG-1-1,-0.10056797643315316
CXCR3-,MS,CSF_27,CTAGCCTGTCTAGCCG-1-1,-0.26898693034518584
CXCR3-,MS,CSF_27,CTAGCCTTCGACGGAA-1-1,0.256953291434657
CXCR3+,MS,CSF_27,CTCACACAGATATGGT-1-1,-0.10056797643315316
CXCR3-,MS,CSF_27,CTCACACCACATGACT-1-1,-0.10056797643315316
CXCR3-,MS,CSF_27,CTCATTAGTTAGGGTG-1-1,-0.10056797643315316
CXCR3-,MS,CSF_27,CTCCTAGGTAGGACAC-1-1,-0.10056797643315316
CXCR3+,MS,CSF_27,CTCGGGACAATAAGCA-1-1,0.17682684095444728
CXCR3-,MS,CSF_27,CTCTAATGTCGGCTCA-1-1,0.25157517982659533
CXCR3-,MS,CSF_27,CTCTACGAGGGATACC-1-1,0.14262972110523847
CXCR3-,MS,CSF_27,CTCTACGCATGATCCA-1-1,-0.10056797643315316
CXCR3+,MS,CSF_27,CTCTACGGTAAGCACG-1-1,-0.10056797643315316
CXCR3-,MS,CSF_27,CTCTGGTAGCTTATCG-1-1,0.2232248225027004
CXCR3-,MS,CSF_27,CTGAAGTCAGTATGCT-1-1,0.24380073010616435
CXCR3-,MS,CSF_27,CTGAAGTGTGGTCCGT-1-1,-0.10056797643315316
CXCR3-,MS,CSF_27,CTGATAGCAATCGAAA-1-1,0.311901730448258
CXCR3-,MS,CSF_27,CTGCCTATCTCCCTGA-1-1,0.18480647752028187
CXCR3-,MS,CSF_27,CTGCGGAGTCTTGCGG-1-1,0.11332764812070815
CXCR3+,MS,CSF_27,CTGCTGTGTGTGGCTC-1-1,-0.10056797643315316
CXCR3-,MS,CSF_27,CTGCTGTTCTAACTGG-1-1,0.42072469450751965
CXCR3-,MS,CSF_27,CTGGTCTCAAATTGCC-1-1,-0.4574635951091606
CXCR3+,MS,CSF_27,CTGGTCTCAGCGTAAG-1-1,-0.11487303726882138
CXCR3-,MS,CSF_27,CTGTGCTGTCTTCTCG-1-1,-0.3190631566408796
CXCR3-,MS,CSF_27,CTGTTTAGTCGCATAT-1-1,-0.10056797643315316
CXCR3+,MS,CSF_27,CTTAACTCAGTAAGAT-1-1,-0.10056797643315316
CXCR3-,MS,CSF_27,CTTAACTGTCAAACTC-1-1,-0.10056797643315316
CXCR3-,MS,CSF_27,CTTACCGCAAGGCTCC-1-1,-0.10056797643315316
CXCR3-,MS,CSF_27,CTTCTCTAGTCCGGTC-1-1,-0.2733171481534158
CXCR3-,MS,CSF_27,CTTTGCGCACATCCAA-1-1,0.526632344628631
CXCR3+,MS,CSF_27,GAAATGACAGTGGAGT-1-1,0.425271380372608
CXCR3-,MS,CSF_27,GAACCTAAGAAGATTC-1-1,-0.10056797643315316
CXCR3-,MS,CSF_27,GAACGGAAGGCTCAGA-1-1,-0.10056797643315316
CXCR3-,MS,CSF_27,GAACGGATCCGCATCT-1-1,0.00461840748508164
CXCR3-,MS,CSF_27,GAAGCAGAGTTCGCGC-1-1,-0.10056797643315316
CXCR3-,MS,CSF_27,GAAGCAGCAGCCACCA-1-1,0.6218897992158869
CXCR3-,MS,CSF_27,GAATAAGCAACGATCT-1-1,-0.10056797643315316
CXCR3-,MS,CSF_27,GACACGCGTCGCGGTT-1-1,0.13581025230416602
CXCR3+,MS,CSF_27,GACAGAGTCACCACCT-1-1,-0.04746980492358196
CXCR3-,MS,CSF_27,GACCAATGTCAAGCGA-1-1,-0.21489139079552297
CXCR3+,MS,CSF_27,GACCTGGAGTGAAGTT-1-1,-0.10056797643315316
CXCR3-,MS,CSF_27,GACGCGTAGCTCCTTC-1-1,-0.10056797643315316
CXCR3+,MS,CSF_27,GACGCGTTCTTTAGTC-1-1,0.2125705400496963
CXCR3+,MS,CSF_27,GACGTTATCTCTGAGA-1-1,-0.11669268696128973
CXCR3+,MS,CSF_27,GACTAACCAAGGTTTC-1-1,0.41195001229628864
CXCR3-,MS,CSF_27,GACTAACCACAGCGTC-1-1,-0.10056797643315316
CXCR3-,MS,CSF_27,GACTGCGCAATCACAC-1-1,-0.10056797643315316
CXCR3-,MS,CSF_27,GAGCAGACACCTTGTC-1-1,-0.10056797643315316
CXCR3-,MS,CSF_27,GAGTCCGAGTGACTCT-1-1,-0.10056797643315316
CXCR3-,MS,CSF_27,GATCAGTGTAGCACGA-1-1,-0.5521764373246972
CXCR3-,MS,CSF_27,GATCGATGTGTAACGG-1-1,-0.10056797643315316
CXCR3-,MS,CSF_27,GATCGCGTCCAAACAC-1-1,-0.10056797643315316
CXCR3+,MS,CSF_27,GATCTAGAGAATTCCC-1-1,-0.08870113207480428
CXCR3+,MS,CSF_27,GATCTAGCAATGGACG-1-1,-0.04176924977983396
CXCR3+,MS,CSF_27,GATGCTAAGATGAGAG-1-1,0.1026680788231533
CXCR3-,MS,CSF_27,GATTCAGCAGTAACGG-1-1,-0.10056797643315316
CXCR3-,MS,CSF_27,GCAATCAAGCCCAGCT-1-1,-0.8902382171701154
CXCR3-,MS,CSF_27,GCACTCTCAACGCACC-1-1,0.5626084939171
CXCR3-,MS,CSF_27,GCACTCTTCGAGAACG-1-1,-0.25944082204026647
CXCR3+,MS,CSF_27,GCACTCTTCGAGGTAG-1-1,-0.4540644658370531
CXCR3-,MS,CSF_27,GCAGCCAAGCCGATTT-1-1,-0.10056797643315316
CXCR3-,MS,CSF_27,GCATGATCACTAGTAC-1-1,-0.3948945034387856
CXCR3-,MS,CSF_27,GCCAAATTCTTCAACT-1-1,0.23917829623161677
CXCR3-,MS,CSF_27,GCGCAACGTACAGTGG-1-1,-0.10056797643315316
CXCR3-,MS,CSF_27,GCGCAACGTGTGGTTT-1-1,-0.10056797643315316
CXCR3-,MS,CSF_27,GCGCCAAAGATAGCAT-1-1,-0.2886160924120928
CXCR3+,MS,CSF_27,GCGGGTTTCCGTCATC-1-1,0.4254403955223256
CXCR3-,MS,CSF_27,GCTCTGTCATGGGAAC-1-1,-0.10056797643315316
CXCR3-,MS,CSF_27,GCTGCAGTCCGCGCAA-1-1,-0.10056797643315316
CXCR3-,MS,CSF_27,GCTGCAGTCGTCCGTT-1-1,0.17708200364957824
CXCR3-,MS,CSF_27,GCTGCGACAAGCGCTC-1-1,0.31105579384140214
CXCR3-,MS,CSF_27,GCTTCCAGTCGTTGTA-1-1,-0.10056797643315316
CXCR3-,MS,CSF_27,GGACAGAAGTCACGCC-1-1,0.09114010353034645
CXCR3+,MS,CSF_27,GGACATTCACAGTCGC-1-1,0.24274803255648195
CXCR3-,MS,CSF_27,GGACATTCACGTCTCT-1-1,-0.1950016208780125
CXCR3+,MS,CSF_27,GGATGTTCAAACTGTC-1-1,0.006732670038187941
CXCR3-,MS,CSF_27,GGCCGATTCTTTCCTC-1-1,-0.3926300776856871
CXCR3-,MS,CSF_27,GGCGACTTCGGTGTCG-1-1,0.148539511410764
CXCR3-,MS,CSF_27,GGGAATGGTCATGCCG-1-1,-0.10056797643315316
CXCR3+,MS,CSF_27,GGGAGATTCAAGGTAA-1-1,0.11143145286929793
CXCR3-,MS,CSF_27,GGGATGACATCACCCT-1-1,-0.10056797643315316
CXCR3-,MS,CSF_27,GGGATGAGTTTAGGAA-1-1,-0.11902016593840126
CXCR3-,MS,CSF_27,GGTATTGAGAGGGATA-1-1,-0.26399326591241473
CXCR3-,MS,CSF_27,GGTATTGCAATTCCTT-1-1,-0.47245197820184276
CXCR3-,MS,CSF_27,GGTGAAGGTAAAGTCA-1-1,0.1487220110507191
CXCR3+,MS,CSF_27,GGTGAAGTCTGTACGA-1-1,-0.5564495604225305
CXCR3+,MS,CSF_27,GGTGCGTAGACAAGCC-1-1,0.13300144351161972
CXCR3-,MS,CSF_27,GTAACTGAGGCATTGG-1-1,0.11411622217277073
CXCR3+,MS,CSF_27,GTACTTTCACGGATAG-1-1,-0.42239895048478415
CXCR3-,MS,CSF_27,GTAGGCCAGGATTCGG-1-1,0.12344838836839435
CXCR3-,MS,CSF_27,GTAGTCAGTAGCGTCC-1-1,-0.32546722490717644
CXCR3+,MS,CSF_27,GTATCTTAGAGGTTGC-1-1,0.352694108516849
CXCR3+,MS,CSF_27,GTATCTTCACAAGCCC-1-1,0.2556694291810983
CXCR3-,MS,CSF_27,GTATCTTTCATGTCCC-1-1,0.1603331211383518
CXCR3-,MS,CSF_27,GTCACAACAATGCCAT-1-1,0.40587307966594377
CXCR3-,MS,CSF_27,GTCACAACAGGACGTA-1-1,0.428079811234568
CXCR3-,MS,CSF_27,GTCACGGTCAAACCAC-1-1,-0.016916863442998
CXCR3-,MS,CSF_27,GTCGGGTCAATCTGCA-1-1,0.4751875147924875
CXCR3-,MS,CSF_27,GTCGTAACAACACGCC-1-1,-0.10056797643315316
CXCR3-,MS,CSF_27,GTGCAGCTCTCGCATC-1-1,0.06102963760469574
CXCR3-,MS,CSF_27,GTGCGGTCAGGCTGAA-1-1,0.12261116808728668
CXCR3-,MS,CSF_27,GTGCTTCAGGGCACTA-1-1,0.8571484051231216
CXCR3+,MS,CSF_27,GTGTGCGTCAGTCAGT-1-1,0.2894375629010489
CXCR3+,MS,CSF_27,GTGTTAGGTCAACTGT-1-1,-0.10056797643315316
CXCR3+,MS,CSF_27,GTGTTAGTCTCGCATC-1-1,-0.32313720432812054
CXCR3+,MS,CSF_27,GTTACAGCAAACAACA-1-1,-0.0029834749250203002
CXCR3+,MS,CSF_27,GTTCTCGGTCGCATAT-1-1,0.4955066671926506
CXCR3-,MS,CSF_27,GTTTCTACAGTAAGAT-1-1,0.359445430949321
CXCR3+,MS,CSF_27,TAAACCGGTGGTACAG-1-2,-0.2666553017203393
CXCR3+,MS,CSF_27,TAAGAGATCGCGTAGC-1-1,0.1039070635945657
CXCR3-,MS,CSF_27,TACACGATCCGGCACA-1-1,0.6596385169751328
CXCR3-,MS,CSF_27,TACAGTGAGCGATATA-1-1,0.04177824793363721
CXCR3-,MS,CSF_27,TACAGTGCACAACGCC-1-1,0.13117556710823183
CXCR3-,MS,CSF_27,TACAGTGCATTGGTAC-1-1,-0.10056797643315316
CXCR3-,MS,CSF_27,TACCTATCAACGATCT-1-1,-0.10056797643315316
CXCR3-,MS,CSF_27,TACCTATGTCGGCACT-1-1,0.605184562708912
CXCR3+,MS,CSF_27,TACCTTAAGGTTACCT-1-1,0.4540731641757718
CXCR3-,MS,CSF_27,TACCTTAGTACCGAGA-1-1,-0.17199972998118299
CXCR3-,MS,CSF_27,TACGGTAAGAAACCTA-1-1,-0.26876833538770034
CXCR3-,MS,CSF_27,TACTCATCAAGCCGCT-1-1,-0.006790078748978666
CXCR3-,MS,CSF_27,TACTCGCAGCCACGTC-1-1,-0.39682082188754997
CXCR3-,MS,CSF_27,TACTCGCGTAGGCTGA-1-1,-0.07035223208972054
CXCR3-,MS,CSF_27,TACTTACCAATGGACG-1-1,-0.2489718016414328
CXCR3-,MS,CSF_27,TACTTGTGTCTAGTCA-1-1,-0.13210253941653854
CXCR3-,MS,CSF_27,TAGACCACAGTAAGCG-1-1,-0.10056797643315316
CXCR3+,MS,CSF_27,TAGCCGGTCGTTGACA-1-1,-0.6471157628290678
CXCR3-,MS,CSF_27,TAGCCGGTCTCGGACG-1-1,0.31702184628248453
CXCR3+,MS,CSF_27,TAGGCATAGAAGGACA-1-1,-0.29748508311198957
CXCR3-,MS,CSF_27,TATCTCACAACGATGG-1-1,0.11489300383057832
CXCR3-,MS,CSF_27,TATGCCCCATCCGCGA-1-1,-0.10056797643315316
CXCR3-,MS,CSF_27,TATTACCAGTCGTTTG-1-1,0.232738152657231
CXCR3-,MS,CSF_27,TATTACCGTACCGAGA-1-1,-0.3490831252859845
CXCR3-,MS,CSF_27,TCAATCTGTCGGCACT-1-1,-0.7679840001735814
CXCR3+,MS,CSF_27,TCACAAGAGCTAGCCC-1-2,0.0018220680303440786
CXCR3-,MS,CSF_27,TCACAAGTCTGTACGA-1-1,0.1164335392909938
CXCR3-,MS,CSF_27,TCAGCAAGTTCCATGA-1-1,-0.3766510565425227
CXCR3-,MS,CSF_27,TCAGCTCCATTCCTGC-1-1,0.023142496178272274
CXCR3-,MS,CSF_27,TCATTACGTCTCTCTG-1-1,-0.10056797643315316
CXCR3-,MS,CSF_27,TCATTTGCAACACCCG-1-1,-0.10056797643315316
CXCR3+,MS,CSF_27,TCCACACCATTGAGCT-1-1,-0.49298747874559856
CXCR3-,MS,CSF_27,TCCACACGTGTTGAGG-1-1,-0.10056797643315316
CXCR3-,MS,CSF_27,TCGAGGCTCCTTAATC-1-1,-0.10056797643315316
CXCR3-,MS,CSF_27,TCGGTAAGTCCGTCAG-1-1,-0.011689485445100003
CXCR3-,MS,CSF_27,TCGGTAATCGACGGAA-1-1,0.1499166317453102
CXCR3-,MS,CSF_27,TCGTACCAGACTGTAA-1-1,0.2756585952184882
CXCR3-,MS,CSF_27,TCGTACCTCTCAACTT-1-1,-0.12605371933397422
CXCR3-,MS,CSF_27,TCTATTGGTAAGGATT-1-1,-0.3550453631714396
CXCR3-,MS,CSF_27,TCTATTGGTTGAGTTC-1-1,-0.5423707151678342
CXCR3+,MS,CSF_27,TCTCATACAGTCGTGC-1-1,0.8293399892480825
CXCR3-,MS,CSF_27,TCTCTAAGTCCTGCTT-1-1,-0.10056797643315316
CXCR3-,MS,CSF_27,TCTTCGGGTACTCTCC-1-1,0.44840011182131834
CXCR3-,MS,CSF_27,TGACGGCTCCCAACGG-1-1,-0.28081572372060665
CXCR3-,MS,CSF_27,TGAGAGGCACCGGAAA-1-1,-0.10056797643315316
CXCR3-,MS,CSF_27,TGAGCATCAGGATTGG-1-1,-0.6819368135232667
CXCR3-,MS,CSF_27,TGAGCCGAGGATCGCA-1-1,0.12586907531631034
CXCR3-,MS,CSF_27,TGAGGGAAGACGCACA-1-1,-0.10056797643315316
CXCR3-,MS,CSF_27,TGATTTCAGTTGCAGG-1-1,0.335968855796878
CXCR3-,MS,CSF_27,TGATTTCTCTGAGGGA-1-1,0.32207305931161295
CXCR3-,MS,CSF_27,TGCACCTGTAATCGTC-1-1,-0.29161438747754065
CXCR3+,MS,CSF_27,TGCCAAAGTGCGATAG-1-1,-0.26782906568810816
CXCR3-,MS,CSF_27,TGCCAAAGTTCCCGAG-1-1,-0.10056797643315316
CXCR3-,MS,CSF_27,TGCCCTATCAGTTTGG-1-1,-0.10056797643315316
CXCR3+,MS,CSF_27,TGCGGGTGTATCTGCA-1-1,-0.10056797643315316
CXCR3+,MS,CSF_27,TGCTACCAGCCCAACC-1-1,0.37047615390632965
CXCR3-,MS,CSF_27,TGCTGCTAGTGCAAGC-1-1,-0.10056797643315316
CXCR3-,MS,CSF_27,TGGCCAGAGGCTAGAC-1-1,-0.10056797643315316
CXCR3-,MS,CSF_27,TGGCGCAAGCCTATGT-1-1,0.021971472414371567
CXCR3-,MS,CSF_27,TGGCGCAGTCCATCCT-1-1,-0.10056797643315316
CXCR3+,MS,CSF_27,TGGCTGGCATGCTAGT-1-1,-0.3001032827941107
CXCR3-,MS,CSF_27,TGGCTGGCATTTGCTT-1-1,-0.011571955461270338
CXCR3-,MS,CSF_27,TGGGAAGAGGCATTGG-1-1,-0.17119060645106435
CXCR3-,MS,CSF_27,TGGTTCCCATCGGAAG-1-1,0.05372780694425015
CXCR3-,MS,CSF_27,TGGTTCCGTCTTGATG-1-1,-0.4359715729713124
CXCR3-,MS,CSF_27,TGTGGTACACCACCAG-1-1,-0.10056797643315316
CXCR3-,MS,CSF_27,TGTGTTTGTGTCGCTG-1-1,-0.10056797643315316
CXCR3-,MS,CSF_27,TTAACTCCACTAAGTC-1-1,-0.10056797643315316
CXCR3+,MS,CSF_27,TTAGGACTCTTACCTA-1-1,0.7879741754618671
CXCR3-,MS,CSF_27,TTCCCAGCAACAACCT-1-1,0.027843495866942094
CXCR3-,MS,CSF_27,TTCGGTCAGGCTCTTA-1-1,0.1710547510655776
CXCR3-,MS,CSF_27,TTCTACAAGCCCAACC-1-1,0.6241208368372131
CXCR3+,MS,CSF_27,TTCTACAGTACATCCA-1-1,-0.3612152767457548
CXCR3+,MS,CSF_27,TTCTCCTGTCGCGAAA-1-1,-0.10056797643315316
CXCR3-,MS,CSF_27,TTGAACGCACATCCGG-1-1,-0.6478526418552021
CXCR3-,MS,CSF_27,TTGACTTTCCTTGCCA-1-1,-0.38497147776294105
CXCR3-,MS,CSF_27,TTGCGTCAGAGCTGGT-1-1,-0.10056797643315316
CXCR3-,MS,CSF_27,TTGCGTCTCTATCCCG-1-1,0.28110249348342536
CXCR3+,MS,CSF_27,TTGGAACAGGCATGGT-1-1,0.6241208368372131
CXCR3-,MS,CSF_27,TTTATGCTCTTCGAGA-1-1,-0.4055093434190525
CXCR3-,MS,CSF_27,TTTCCTCTCAGAAATG-1-1,0.4618851368431711
CXCR3-,MS,CSF_28,AAAGATGCAATGAATG-1,-0.10056797643315316
CXCR3-,MS,CSF_28,AAAGATGTCTTAGCCC-1,-0.26986839612069075
CXCR3-,MS,CSF_28,AAAGCAATCGTTACGA-1,-0.3389380100585934
CXCR3-,MS,CSF_28,AAAGTAGCAAGCCGCT-1,-0.5744539601829245
CXCR3-,MS,CSF_28,AAAGTAGCAATGGATA-1,0.1764059860765593
CXCR3+,MS,CSF_28,AAATGCCCAGCCTATA-1,0.029691699824257504
CXCR3+,MS,CSF_28,AACACGTGTAAGTAGT-1,-0.7965534908628751
CXCR3+,MS,CSF_28,AACCGCGAGATTACCC-1,-0.706665601832195
CXCR3-,MS,CSF_28,AACCGCGTCAGCATGT-1,0.45704141741602494
CXCR3+,MS,CSF_28,AACCGCGTCTCAAGTG-1,0.16946144580391626
CXCR3-,MS,CSF_28,AACGTTGAGTGCAAGC-1,-0.3146896574847345
CXCR3+,MS,CSF_28,AACGTTGCAACTTGAC-1,0.2919017152517572
CXCR3-,MS,CSF_28,AACGTTGGTCAACTGT-1,0.066746264773038
CXCR3-,MS,CSF_28,AACTCAGCACTGTCGG-1,0.3317250824330285
CXCR3-,MS,CSF_28,AACTGGTAGGATGCGT-1,-0.7904526719854555
CXCR3-,MS,CSF_28,AACTTTCAGACCCACC-1,0.9572939498782019
CXCR3-,MS,CSF_28,AAGACCTTCACGACTA-1,0.2407290158112906
CXCR3-,MS,CSF_28,AAGGAGCGTAGCGCAA-1,-0.10056797643315316
CXCR3-,MS,CSF_28,AAGTCTGCAAGTTGTC-1,0.09668132737230144
CXCR3+,MS,CSF_28,AAGTCTGGTACGACCC-1,0.6280439550481772
CXCR3-,MS,CSF_28,AATCCAGAGCCACTAT-1,0.5659601464754512
CXCR3-,MS,CSF_28,AATCCAGTCCCAACGG-1,-0.3003335906126751
CXCR3-,MS,CSF_28,AATCGGTAGTGTTAGA-1,-0.10056797643315316
CXCR3+,MS,CSF_28,ACACCCTAGATGTCGG-1,-0.10056797643315316
CXCR3+,MS,CSF_28,ACACCCTAGTGCCAGA-1,0.35707621416703544
CXCR3+,MS,CSF_28,ACACCCTGTGCAGGTA-1,-0.053303935901385976
CXCR3+,MS,CSF_28,ACACCGGAGATGCCTT-1,-0.23664081890443547
CXCR3-,MS,CSF_28,ACAGCCGTCCGGCACA-1,0.4832758935081278
CXCR3-,MS,CSF_28,ACATACGGTTGCCTCT-1,-0.30016463252759146
CXCR3-,MS,CSF_28,ACATCAGCATATGAGA-1,-0.36685470459452174
CXCR3+,MS,CSF_28,ACATGGTCATGCATGT-1,0.0018850558597653308
CXCR3-,MS,CSF_28,ACATGGTGTCGCATCG-1,-0.25497085276865555
CXCR3-,MS,CSF_28,ACATGGTGTTGAGGTG-1,-0.10056797643315316
CXCR3+,MS,CSF_28,ACCGTAACAGACGCCT-1-2,0.2838281807744537
CXCR3-,MS,CSF_28,ACCGTAATCGTGGGAA-1,-0.2476676703766881
CXCR3+,MS,CSF_28,ACGATACCACGGTAGA-1,0.4488527081589262
CXCR3-,MS,CSF_28,ACGATACTCCGAAGAG-1,-0.44273200826577364
CXCR3-,MS,CSF_28,ACGATACTCTCGTATT-1,-0.10056797643315316
CXCR3-,MS,CSF_28,ACGATGTCAGATCTGT-1,-0.10056797643315316
CXCR3-,MS,CSF_28,ACGATGTGTTCCTCCA-1,-0.3247314295273615
CXCR3-,MS,CSF_28,ACGCAGCAGATGCGAC-1,0.07693379123223375
CXCR3+,MS,CSF_28,ACGCAGCAGCCAGAAC-1,-0.25329701851206793
CXCR3-,MS,CSF_28,ACGCAGCGTACCCAAT-1,0.3111433731380141
CXCR3-,MS,CSF_28,ACGCCAGGTGAGTATA-1,-0.10056797643315316
CXCR3+,MS,CSF_28,ACGCCGATCAACACAC-1,0.09727910155943698
CXCR3-,MS,CSF_28,ACGCCGATCAAGCCTA-1,0.31351554038433765
CXCR3+,MS,CSF_28,ACGGAGAGTACCGGCT-1,0.14788745869628755
CXCR3+,MS,CSF_28,ACGGCCAAGCAGACTG-1,0.30789349865388843
CXCR3-,MS,CSF_28,ACGGCCATCAACCATG-1,0.17678260238464322
CXCR3-,MS,CSF_28,ACGGGCTAGGCTAGAC-1,0.14455257538687674
CXCR3-,MS,CSF_28,ACGGGCTCAATTGCTG-1,-0.10056797643315316
CXCR3-,MS,CSF_28,ACGGGTCTCTGGCGTG-1,0.18364875807322006
CXCR3-,MS,CSF_28,ACGTCAAGTGGACGAT-1,-0.10056797643315316
CXCR3-,MS,CSF_28,ACGTCAATCACTTCAT-1-1,0.2741729025111815
CXCR3-,MS,CSF_28,ACTATCTTCACGCGGT-1,-0.10056797643315316
CXCR3-,MS,CSF_28,ACTGAGTAGGTGCTAG-1,-0.2491064111048236
CXCR3-,MS,CSF_28,ACTGATGAGTCTCCTC-1,-0.30181383641498755
CXCR3+,MS,CSF_28,ACTGTCCTCATCTGCC-1,0.350350406122114
CXCR3-,MS,CSF_28,ACTTACTCAAATCCGT-1,-0.10056797643315316
CXCR3-,MS,CSF_28,ACTTACTTCCAAAGTC-1,-0.10056797643315316
CXCR3+,MS,CSF_28,ACTTTCAAGTGTCCAT-1,-0.13596895346892102
CXCR3-,MS,CSF_28,ACTTTCAGTAGGACAC-1,-0.3006726113912719
CXCR3-,MS,CSF_28,AGAATAGTCGTCACGG-1,-0.6949167005740069
CXCR3-,MS,CSF_28,AGAGCTTAGATGGCGT-1,0.3563804448019524
CXCR3-,MS,CSF_28,AGAGTGGCACATAACC-1,-0.22790516797096874
CXCR3-,MS,CSF_28,AGAGTGGTCCTACAGA-1,-0.10056797643315316
CXCR3-,MS,CSF_28,AGATTGCTCAACGAAA-1,-0.10056797643315316
CXCR3-,MS,CSF_28,AGCCTAAAGATCGGGT-1,-0.10056797643315316
CXCR3+,MS,CSF_28,AGCCTAAAGTGTCCAT-1,0.05091528614511108
CXCR3+,MS,CSF_28,AGCCTAACAAAGTCAA-1,-0.10056797643315316
CXCR3-,MS,CSF_28,AGCCTAATCTATCCCG-1,-0.2872798922494351
CXCR3-,MS,CSF_28,AGCTTGAAGTGGACGT-1,-0.10056797643315316
CXCR3+,MS,CSF_28,AGCTTGAGTGCACCAC-1,-0.10056797643315316
CXCR3-,MS,CSF_28,AGGCCACCATCCTAGA-1,-0.10056797643315316
CXCR3+,MS,CSF_28,AGGCCGTAGGCTACGA-1,-0.06565041001042156
CXCR3-,MS,CSF_28,AGGCCGTTCCTTGCCA-1,-0.10056797643315316
CXCR3-,MS,CSF_28,AGGGAGTAGACAGGCT-1,-0.35952948958087777
CXCR3-,MS,CSF_28,AGGGATGAGACTTTCG-1,0.37933697721120024
CXCR3-,MS,CSF_28,AGGTCATTCAGTGCAT-1,-0.10056797643315316
CXCR3+,MS,CSF_28,AGTAGTCGTAGGAGTC-1,0.2654338484857438
CXCR3-,MS,CSF_28,AGTAGTCTCAGTTGAC-1,-0.10056797643315316
CXCR3-,MS,CSF_28,AGTCTTTTCCCGACTT-1,0.19108999574972435
CXCR3-,MS,CSF_28,AGTGAGGAGCGGCTTC-1,-0.3784553296156403
CXCR3-,MS,CSF_28,AGTGAGGCAGGAATCG-1,0.16257198907941794
CXCR3+,MS,CSF_28,AGTGGGACAAAGGTGC-1,0.21563884409395503
CXCR3-,MS,CSF_28,AGTGGGACATTAGGCT-1,-0.48061969683502886
CXCR3-,MS,CSF_28,AGTGTCAAGCGGATCA-1,0.3857011321131202
CXCR3-,MS,CSF_28,AGTGTCACAGATCGGA-1,-0.32684055006060564
CXCR3-,MS,CSF_28,AGTTGGTGTAAAGGAG-1,0.03141560413116078
CXCR3-,MS,CSF_28,ATAACGCTCCGAACGC-1,0.23158739602191208
CXCR3-,MS,CSF_28,ATCATGGAGGCACATG-1,0.42229805072775317
CXCR3-,MS,CSF_28,ATCATGGCACCGATAT-1,-0.10056797643315316
CXCR3-,MS,CSF_28,ATCATGGGTGACCAAG-1,-0.10056797643315316
CXCR3+,MS,CSF_28,ATCCACCAGACCACGA-1,-0.0008465789934006897
CXCR3-,MS,CSF_28,ATCCACCTCGTGGACC-1,-0.10056797643315316
CXCR3-,MS,CSF_28,ATCCACCTCTTTACAC-1,-0.7944845705722867
CXCR3-,MS,CSF_28,ATCCGAACATTAGGCT-1,-0.07552829290284724
CXCR3-,MS,CSF_28,ATCCGAAGTCAGAATA-1,0.3103077304806913
CXCR3-,MS,CSF_28,ATCTACTAGTAGATGT-1,-0.10056797643315316
CXCR3-,MS,CSF_28,ATGGGAGCAAGGACAC-1,-0.10056797643315316
CXCR3-,MS,CSF_28,ATTACTCCATCAGTCA-1,-0.2020931806975653
CXCR3-,MS,CSF_28,ATTATCCAGCTGAACG-1,-0.10056797643315316
CXCR3-,MS,CSF_28,ATTATCCGTCGGATCC-1,-0.10056797643315316
CXCR3+,MS,CSF_28,ATTCTACGTGTCGCTG-1,0.008857613680702694
CXCR3-,MS,CSF_28,ATTGGACAGAACAACT-1,0.058270828863503064
CXCR3-,MS,CSF_28,ATTGGACAGTTAGCGG-1,-0.06566054109945527
CXCR3-,MS,CSF_28,ATTGGTGTCAGTCAGT-1,-0.49793227751649927
CXCR3-,MS,CSF_28,ATTTCTGAGAAGGTTT-1,0.22181013919121093
CXCR3-,MS,CSF_28,ATTTCTGCAAGCGAGT-1,-0.10056797643315316
CXCR3-,MS,CSF_28,CAACCAAGTCTAGAGG-1,-0.10056797643315316
CXCR3+,MS,CSF_28,CAACCTCGTGATAAAC-1,-0.4460448548604404
CXCR3+,MS,CSF_28,CAACCTCGTGCCTGGT-1,-0.5377693986981056
CXCR3-,MS,CSF_28,CAACTAGAGATGCCTT-1,0.3895520074266461
CXCR3-,MS,CSF_28,CAACTAGGTCATTAGC-1,-0.10056797643315316
CXCR3-,MS,CSF_28,CAAGATCGTCAGCTAT-1,0.37223467382729725
CXCR3-,MS,CSF_28,CAAGATCTCTATCCTA-1,0.6261172786774669
CXCR3-,MS,CSF_28,CAAGGCCAGTGTCTCA-1,-0.2574151346969023
CXCR3-,MS,CSF_28,CAAGGCCGTAGGCTGA-1,-0.10056797643315316
CXCR3-,MS,CSF_28,CACACAAGTCGGCTCA-1,0.27746359711496066
CXCR3-,MS,CSF_28,CACACCTCATGCTAGT-1,-0.10056797643315316
CXCR3-,MS,CSF_28,CACACCTGTGTCAATC-1,0.6004007629010827
CXCR3-,MS,CSF_28,CACACTCAGCCCAACC-1,-0.015506000428046856
CXCR3+,MS,CSF_28,CACACTCGTCGCTTTC-1,-0.10056797643315316
CXCR3-,MS,CSF_28,CACAGTAAGAGACGAA-1,-0.10662427036318602
CXCR3-,MS,CSF_28,CACATTTAGACTTTCG-1,0.6352385515526685
CXCR3+,MS,CSF_28,CACATTTCAAATTGCC-1,-0.378004273558083
CXCR3-,MS,CSF_28,CACATTTCATCACAAC-1,-0.022128187846613506
CXCR3+,MS,CSF_28,CAGAATCGTCGACTAT-1,-0.10056797643315316
CXCR3+,MS,CSF_28,CAGCAGCGTGCTCTTC-1,-0.10056797643315316
CXCR3-,MS,CSF_28,CAGCATATCACAATGC-1,-0.10056797643315316
CXCR3-,MS,CSF_28,CAGCCGACAGATGGGT-1,-0.10056797643315316
CXCR3-,MS,CSF_28,CAGCCGATCGGCATCG-1,0.28880214694333617
CXCR3-,MS,CSF_28,CAGCTAAAGGCTAGGT-1,-0.26797272353969726
CXCR3-,MS,CSF_28,CAGCTAATCTGTACGA-1,0.37268291033145606
CXCR3-,MS,CSF_28,CAGCTGGCATGGTCTA-1,-0.370002741033839
CXCR3-,MS,CSF_28,CAGCTGGGTCGAAAGC-1,0.17259191981132022
CXCR3-,MS,CSF_28,CAGTAACTCAACACGT-1,-0.10056797643315316
CXCR3-,MS,CSF_28,CATATGGTCAGTTCGA-1,-0.10056797643315316
CXCR3-,MS,CSF_28,CATCAAGGTGCGCTTG-1,-0.8478566953087849
CXCR3+,MS,CSF_28,CATCAAGTCCGCATAA-1,-0.10056797643315316
CXCR3+,MS,CSF_28,CATCAGAAGCCCAATT-1,0.37659179681920174
CXCR3-,MS,CSF_28,CATCCACAGCCTTGAT-1,0.11934662909356732
CXCR3-,MS,CSF_28,CATCGAACAGCAGTTT-1,-0.27822652156210115
CXCR3-,MS,CSF_28,CATCGAAGTAAAGTCA-1,-0.10056797643315316
CXCR3-,MS,CSF_28,CATCGGGAGCTGAACG-1,-0.395568881708499
CXCR3-,MS,CSF_28,CATCGGGGTATGAAAC-1,-0.10056797643315316
CXCR3-,MS,CSF_28,CATGACAAGGAATTAC-1,-0.35787508793986944
CXCR3-,MS,CSF_28,CATGACACACTCAGGC-1,-0.10056797643315316
CXCR3+,MS,CSF_28,CATGGCGAGATCCGAG-1,-0.10056797643315316
CXCR3-,MS,CSF_28,CATGGCGGTCAACATC-1,-0.10056797643315316
CXCR3+,MS,CSF_28,CATTATCAGGTAAACT-1,-0.22007958082384502
CXCR3-,MS,CSF_28,CATTATCCATCACAAC-1,-0.10056797643315316
CXCR3-,MS,CSF_28,CATTCGCCAAGGTTCT-1,0.4443820463019086
CXCR3-,MS,CSF_28,CATTCGCTCCGCGTTT-1,-0.9927403604320254
CXCR3-,MS,CSF_28,CCAATCCAGCTAAGAT-1,0.8768253705375818
CXCR3-,MS,CSF_28,CCACTACCATTACGAC-1,-0.5318034130545791
CXCR3+,MS,CSF_28,CCAGCGAAGAGCCCAA-1,0.13413809107307037
CXCR3-,MS,CSF_28,CCAGCGATCTACGAGT-1,0.3072347168675235
CXCR3+,MS,CSF_28,CCCAGTTAGCGTCTAT-1,0.17107980761453856
CXCR3-,MS,CSF_28,CCCAGTTGTCATCCCT-1,-0.10056797643315316
CXCR3-,MS,CSF_28,CCCTCCTGTCTACCTC-1,-0.26399326591241473
CXCR3-,MS,CSF_28,CCGGGATAGGAGTCTG-1,0.7386180505909447
CXCR3-,MS,CSF_28,CCGGGATGTTAGATGA-1,-0.10056797643315316
CXCR3-,MS,CSF_28,CCGGTAGAGAATGTTG-1,-0.10056797643315316
CXCR3-,MS,CSF_28,CCGTACTCAAAGTCAA-1,-0.10056797643315316
CXCR3-,MS,CSF_28,CCGTTCACACTTAACG-1,-0.3279763930560164
CXCR3-,MS,CSF_28,CCGTTCAGTCGACTAT-1,0.07703717499038043
CXCR3-,MS,CSF_28,CCTACACGTCTAGCGC-1,-0.9467167511735315
CXCR3-,MS,CSF_28,CCTACACGTTGATTCG-1,-0.4235410168498875
CXCR3+,MS,CSF_28,CCTATTAGTCACCCAG-1,-0.7029646809556687
CXCR3-,MS,CSF_28,CCTCAGTTCCGTAGTA-1,0.26488658106706
CXCR3-,MS,CSF_28,CCTCTGACAGTTTACG-1,0.2728688937806231
CXCR3-,MS,CSF_28,CCTTACGAGCCACCTG-1,-0.6285050280604055
CXCR3+,MS,CSF_28,CCTTCCCGTGTAACGG-1,-0.28094552696221425
CXCR3-,MS,CSF_28,CGAACATGTATAGGGC-1,0.30969168568152206
CXCR3-,MS,CSF_28,CGAACATTCGACGGAA-1,-0.9480043680850262
CXCR3+,MS,CSF_28,CGAGCACAGGCATTGG-1,-0.10056797643315316
CXCR3-,MS,CSF_28,CGAGCCAAGTCATCCA-1,0.27270442747536044
CXCR3-,MS,CSF_28,CGAGCCAGTGTTGAGG-1,0.12949312827661397
CXCR3+,MS,CSF_28,CGATCGGCAACTGCTA-1,-0.27516791957686965
CXCR3-,MS,CSF_28,CGATCGGGTCAACATC-1,-0.10056797643315316
CXCR3-,MS,CSF_28,CGATGGCCAAAGCGGT-1,0.3109286349681232
CXCR3-,MS,CSF_28,CGATGGCCACATTAGC-1,-0.7707282373036658
CXCR3+,MS,CSF_28,CGATGGCCAGGATTGG-1,-0.10056797643315316
CXCR3-,MS,CSF_28,CGATGGCGTATCTGCA-1,-0.10056797643315316
CXCR3+,MS,CSF_28,CGCGGTAAGCCACGCT-1,-0.10056797643315316
CXCR3-,MS,CSF_28,CGCGGTAGTGTTTGTG-1,-0.31843316378370556
CXCR3+,MS,CSF_28,CGCTATCCAGACACTT-1,-0.292320091250083
CXCR3-,MS,CSF_28,CGCTGGACACATCCGG-1,0.2506488031747353
CXCR3-,MS,CSF_28,CGCTGGAGTCAACATC-1,0.1540949376438314
CXCR3-,MS,CSF_28,CGCTGGATCGCAAACT-1,0.11097398903006248
CXCR3+,MS,CSF_28,CGGAGTCAGTAAGTAC-1,-0.46198113703591
CXCR3-,MS,CSF_28,CGGAGTCGTACAAGTA-1,-0.10056797643315316
CXCR3-,MS,CSF_28,CGGAGTCTCCGAACGC-1,-0.7217838557567079
CXCR3-,MS,CSF_28,CGGGTCAGTCCGTTAA-1,-0.10056797643315316
CXCR3-,MS,CSF_28,CGGGTCAGTTGAACTC-1,0.446312022243843
CXCR3-,MS,CSF_28,CGGTTAACAGTAACGG-1,0.38686596274311624
CXCR3+,MS,CSF_28,CGTAGCGTCCGATATG-1,-0.3457890422423055
CXCR3-,MS,CSF_28,CGTCAGGTCCCGGATG-1,-0.10056797643315316
CXCR3+,MS,CSF_28,CGTCTACAGCCACTAT-1,0.32915546972869814
CXCR3-,MS,CSF_28,CGTCTACAGCGCCTTG-1,-0.10056797643315316
CXCR3+,MS,CSF_28,CGTCTACAGGGCTTCC-1,-0.10056797643315316
CXCR3-,MS,CSF_28,CGTCTACAGTACATGA-1,-0.10056797643315316
CXCR3-,MS,CSF_28,CGTCTACTCGTTGACA-1,-0.10056797643315316
CXCR3-,MS,CSF_28,CGTGAGCCACGAGGTA-1,-0.10056797643315316
CXCR3-,MS,CSF_28,CGTGAGCGTAAAGTCA-1,0.5553761085751056
CXCR3-,MS,CSF_28,CGTGTCTTCAGGTTCA-1,-0.10056797643315316
CXCR3-,MS,CSF_28,CGTTCTGGTATTACCG-1,-0.9151012989905255
CXCR3-,MS,CSF_28,CGTTCTGGTTCCCGAG-1,0.47169900482848953
CXCR3-,MS,CSF_28,CGTTGGGGTCCGCTGA-1,0.22179969216211695
CXCR3+,MS,CSF_28,CTAACTTCAGTAGAGC-1,-0.10056797643315316
CXCR3+,MS,CSF_28,CTAAGACAGTGGAGTC-1,0.13108911241157908
CXCR3-,MS,CSF_28,CTAAGACGTCAAACTC-1,0.005464660826396739
CXCR3-,MS,CSF_28,CTAAGACTCATTATCC-1,-0.10056797643315316
CXCR3+,MS,CSF_28,CTACGTCCATGGGACA-1,0.13611214699021373
CXCR3-,MS,CSF_28,CTAGAGTAGAGGTACC-1,0.341456862616186
CXCR3-,MS,CSF_28,CTAGAGTGTAAGTTCC-1,0.2207897631355658
CXCR3-,MS,CSF_28,CTAGCCTCAAACAACA-1,-0.013178477040980487
CXCR3-,MS,CSF_28,CTAGTGACAGGAACGT-1,-0.10056797643315316
CXCR3-,MS,CSF_28,CTAGTGACAGTCCTTC-1,0.26186520049007717
CXCR3-,MS,CSF_28,CTCGAAAAGATAGTCA-1,-0.10056797643315316
CXCR3-,MS,CSF_28,CTCGGAGGTCAATACC-1,-0.10056797643315316
CXCR3-,MS,CSF_28,CTCGGAGTCGGCTACG-1,-0.6704757079010476
CXCR3-,MS,CSF_28,CTCGGGACACCCATTC-1,-0.3140010047188265
CXCR3+,MS,CSF_28,CTCGGGATCAGGTAAA-1,-0.837417998696245
CXCR3-,MS,CSF_28,CTCGTACTCCGAATGT-1,-0.10056797643315316
CXCR3-,MS,CSF_28,CTCTAATCATCACGAT-1,-0.10056797643315316
CXCR3+,MS,CSF_28,CTCTACGAGGCCCTCA-1,0.38277782185762277
CXCR3-,MS,CSF_28,CTCTACGCAATCCGAT-1,0.5051386141581888
CXCR3-,MS,CSF_28,CTCTACGGTGATAAAC-1,0.6241208368372131
CXCR3-,MS,CSF_28,CTGAAGTTCCGCGCAA-1,-0.015683548868833053
CXCR3-,MS,CSF_28,CTGATAGAGTTAGGTA-1,-0.10056797643315316
CXCR3-,MS,CSF_28,CTGATCCAGTGGGCTA-1,-0.597436499284172
CXCR3+,MS,CSF_28,CTGCCTAAGCCAGAAC-1,0.3202419403056084
CXCR3-,MS,CSF_28,CTGCGGACAGCAGTTT-1,-0.28062145365087493
CXCR3+,MS,CSF_28,CTGCGGAGTCCAACTA-1,0.799579824909923
CXCR3+,MS,CSF_28,CTGCGGATCAGTTTGG-1,-0.3524899664121416
CXCR3-,MS,CSF_28,CTGCTGTTCACCGGGT-1,-0.2657835280407077
CXCR3+,MS,CSF_28,CTGGTCTCACACAGAG-1,-0.10056797643315316
CXCR3-,MS,CSF_28,CTGTGCTAGTCCAGGA-1,-0.10056797643315316
CXCR3+,MS,CSF_28,CTGTTTAAGCACGCCT-1,-0.6342952759511727
CXCR3-,MS,CSF_28,CTGTTTAGTAAAGTCA-1,-0.10056797643315316
CXCR3-,MS,CSF_28,CTTAACTAGCCCAACC-1,-0.10056797643315316
CXCR3-,MS,CSF_28,CTTAACTAGTGTTGAA-1,-0.10056797643315316
CXCR3-,MS,CSF_28,CTTCTCTCACACGCTG-1,0.10122127893863833
CXCR3-,MS,CSF_28,CTTGGCTAGACGACGT-1,0.08366492784699751
CXCR3-,MS,CSF_28,GAAACTCGTTGCCTCT-1,0.1708874774667533
CXCR3-,MS,CSF_28,GAAATGACAAAGGCGT-1,0.5505152442870672
CXCR3+,MS,CSF_28,GAACCTACAAAGCGGT-1,0.10311960228043614
CXCR3-,MS,CSF_28,GAACCTACATGCCTAA-1,0.1758011263651372
CXCR3-,MS,CSF_28,GAATAAGGTCAAGCGA-1,-0.10056797643315316
CXCR3-,MS,CSF_28,GAATAAGTCCCACTTG-1,0.1897315286810161
CXCR3-,MS,CSF_28,GAATGAATCATTGCGA-1,0.7197770293747945
CXCR3-,MS,CSF_28,GACACGCCACGAGGTA-1,-0.34517319893960374
CXCR3+,MS,CSF_28,GACAGAGTCGCGTTTC-1,-0.5512002960277994
CXCR3-,MS,CSF_28,GACCAATCACCGCTAG-1,0.12670428536933329
CXCR3-,MS,CSF_28,GACGCGTGTCGAAAGC-1,0.11244572585340774
CXCR3-,MS,CSF_28,GACGGCTTCAGGTAAA-1,-0.10056797643315316
CXCR3-,MS,CSF_28,GACGTGCAGATATGCA-1,0.3214605894417772
CXCR3-,MS,CSF_28,GACGTTAAGGGCACTA-1,0.2996398757060246
CXCR3-,MS,CSF_28,GACGTTATCTGGAGCC-1,0.3497143618595563
CXCR3+,MS,CSF_28,GACTACACAAGACACG-1,0.26497410430253154
CXCR3+,MS,CSF_28,GACTACACAAGACGTG-1,-0.10056797643315316
CXCR3-,MS,CSF_28,GACTACACAGGCTCAC-1,-0.10056797643315316
CXCR3-,MS,CSF_28,GACTGCGAGATGTGTA-1,-0.10056797643315316
CXCR3+,MS,CSF_28,GACTGCGTCCAGATCA-1,0.010474841147727296
CXCR3+,MS,CSF_28,GAGCAGAGTGTTGGGA-1,0.37318127754107033
CXCR3+,MS,CSF_28,GATCGTAAGGCAGTCA-1,0.004930759766402702
CXCR3+,MS,CSF_28,GATGAAAGTAGCGCTC-1,0.34827661677763094
CXCR3-,MS,CSF_28,GATGAAAGTCAAAGCG-1,-0.08681788566827431
CXCR3+,MS,CSF_28,GATGAGGAGATCGATA-1,0.1645679390341614
CXCR3-,MS,CSF_28,GATGAGGTCGGTCTAA-1,0.09838930379624722
CXCR3-,MS,CSF_28,GATGCTACACCGTTGG-1,0.2093948043567708
CXCR3-,MS,CSF_28,GATGCTAGTTGTGGAG-1,-0.43522587457835027
CXCR3-,MS,CSF_28,GATTCAGAGTTACGGG-1,-0.10056797643315316
CXCR3+,MS,CSF_28,GATTCAGTCGCCAAAT-1,-0.45336580993378617
CXCR3+,MS,CSF_28,GCAAACTGTGCCTGCA-1,-0.62565312676704
CXCR3-,MS,CSF_28,GCAATCATCCGTAGGC-1,0.32302073503137774
CXCR3-,MS,CSF_28,GCAGCCAAGTACGATA-1,-0.2796154961551463
CXCR3-,MS,CSF_28,GCAGCCACAACACCCG-1,-0.10056797643315316
CXCR3-,MS,CSF_28,GCATACAAGAGCCTAG-1,-0.06774274497035294
CXCR3-,MS,CSF_28,GCATGATAGACTCGGA-1,0.5828804504038857
CXCR3-,MS,CSF_28,GCCTCTAAGGCTATCT-1,-0.5342540010911329
CXCR3-,MS,CSF_28,GCGACCAAGCTCTCGG-1,-0.10056797643315316
CXCR3-,MS,CSF_28,GCGCCAAAGCGTTCCG-1,0.042150865860062926
CXCR3+,MS,CSF_28,GCGCCAATCTGTCAAG-1,0.009508316207120147
CXCR3+,MS,CSF_28,GCGGGTTCATCGGGTC-1,0.12323334304863541
CXCR3-,MS,CSF_28,GCTCCTAAGCTAGCCC-1,-0.1343665949796941
CXCR3-,MS,CSF_28,GCTCCTAGTACAGCAG-1,0.3313802010815204
CXCR3-,MS,CSF_28,GCTCTGTGTGTGTGCC-1,0.3344388180330267
CXCR3-,MS,CSF_28,GCTGCAGGTGATAAAC-1,0.7094389796776545
CXCR3+,MS,CSF_28,GCTGCAGTCAGCAACT-1,-0.29421825507561944
CXCR3-,MS,CSF_28,GCTGCTTTCTATCCTA-1,-0.10056797643315316
CXCR3-,MS,CSF_28,GCTGGGTGTCAACATC-1,-0.10056797643315316
CXCR3+,MS,CSF_28,GGAACTTGTCAGAAGC-1,-0.10056797643315316
CXCR3-,MS,CSF_28,GGACAAGGTACGACCC-1,-0.06786662362353982
CXCR3-,MS,CSF_28,GGACAGAGTACCGAGA-1,-1.2612892810221834
CXCR3-,MS,CSF_28,GGACATTCAAAGGCGT-1,-0.10056797643315316
CXCR3-,MS,CSF_28,GGACATTCATCCGTGG-1,-0.23435765339490727
CXCR3-,MS,CSF_28,GGACATTGTCATATCG-1,-0.10056797643315316
CXCR3-,MS,CSF_28,GGACATTTCGCCTGTT-1,-0.10056797643315316
CXCR3-,MS,CSF_28,GGACGTCTCCTAAGTG-1,-0.31028639458922197
CXCR3-,MS,CSF_28,GGATTACGTCGGCTCA-1,0.19963887347938428
CXCR3-,MS,CSF_28,GGCAATTTCAAGGTAA-1,-0.10056797643315316
CXCR3-,MS,CSF_28,GGCGACTGTCAATGTC-1,-0.3017563732743519
CXCR3-,MS,CSF_28,GGCTCGAAGACTTTCG-1,-0.10056797643315316
CXCR3-,MS,CSF_28,GGCTCGAAGTATTGGA-1,-0.10056797643315316
CXCR3-,MS,CSF_28,GGCTCGAGTGCAACGA-1,0.6124507146217313
CXCR3-,MS,CSF_28,GGCTGGTTCTAACGGT-1,-0.5679349717091178
CXCR3-,MS,CSF_28,GGGAATGCACAACGTT-1,-0.10056797643315316
CXCR3-,MS,CSF_28,GGGAATGTCTGTCCGT-1,0.21883375898575824
CXCR3-,MS,CSF_28,GGGACCTAGACTGTAA-1,-0.7049391525381278
CXCR3+,MS,CSF_28,GGGACCTGTCACTGGC-1,0.09661181451864438
CXCR3-,MS,CSF_28,GGGACCTTCCAATGGT-1,-0.10056797643315316
CXCR3+,MS,CSF_28,GGGAGATTCGTAGGAG-1,0.37117787014387815
CXCR3-,MS,CSF_28,GGGATGAAGTACTTGC-1,0.6278858974950033
CXCR3+,MS,CSF_28,GGGTCTGAGCAGACTG-1,-0.2760109825827228
CXCR3-,MS,CSF_28,GGGTCTGTCGTACGGC-1,-0.10056797643315316
CXCR3+,MS,CSF_28,GGGTTGCCACCCAGTG-1,0.01847228014575072
CXCR3-,MS,CSF_28,GGGTTGCCAGGTCCAC-1,-0.10056797643315316
CXCR3+,MS,CSF_28,GGGTTGCCATACGCCG-1-1,-0.5963317280678025
CXCR3-,MS,CSF_28,GGTATTGGTAGCGCAA-1,-0.10056797643315316
CXCR3-,MS,CSF_28,GGTGAAGGTAAAGTCA-1-2,0.015289718560731849
CXCR3-,MS,CSF_28,GGTGTTAAGATAGTCA-1,-0.10056797643315316
CXCR3-,MS,CSF_28,GTACGTATCTGCGTAA-1,0.6209807379868867
CXCR3-,MS,CSF_28,GTACTCCGTCACCCAG-1,-0.3255061360732806
CXCR3-,MS,CSF_28,GTAGTCACATGCATGT-1,-0.44981108719350427
CXCR3-,MS,CSF_28,GTATCTTGTACCAGTT-1,0.30871769741757227
CXCR3-,MS,CSF_28,GTATCTTTCTCTGAGA-1,0.03614225848715465
CXCR3-,MS,CSF_28,GTATTCTAGTACATGA-1,-0.4513376028236398
CXCR3+,MS,CSF_28,GTATTCTGTGCTTCTC-1,-0.10056797643315316
CXCR3-,MS,CSF_28,GTCAAGTGTCTAGCGC-1,-0.10056797643315316
CXCR3-,MS,CSF_28,GTCACAATCTCTGCTG-1,-0.10056797643315316
CXCR3+,MS,CSF_28,GTCACGGCAGTCGTGC-1,0.03786435214049395
CXCR3-,MS,CSF_28,GTCACGGGTGGCCCTA-1,-0.10056797643315316
CXCR3-,MS,CSF_28,GTCATTTTCGCAGGCT-1,0.16186334407061395
CXCR3-,MS,CSF_28,GTCGGGTTCAGTGTTG-1,-0.10056797643315316
CXCR3+,MS,CSF_28,GTCGTAAGTCCCTTGT-1,0.16023954736748933
CXCR3+,MS,CSF_28,GTCGTAAGTTACGTCA-1,0.5230590198383785
CXCR3+,MS,CSF_28,GTCGTAATCGTCACGG-1,0.23883765890192957
CXCR3-,MS,CSF_28,GTGAAGGAGGATGGTC-1,-0.712590363308326
CXCR3-,MS,CSF_28,GTGCAGCAGGAATTAC-1,-0.10056797643315316
CXCR3+,MS,CSF_28,GTGCAGCAGGACAGCT-1,-0.48045906578309194
CXCR3-,MS,CSF_28,GTGCAGCTCAGCTCTC-1,-0.2787704472043509
CXCR3-,MS,CSF_28,GTGCATAAGTCGTACT-1,-0.25371742272603687
CXCR3-,MS,CSF_28,GTGCTTCTCAGCTTAG-1,0.4931485108357227
CXCR3+,MS,CSF_28,GTGGGTCAGATGCGAC-1,-0.2764160330928597
CXCR3-,MS,CSF_28,GTGTGCGGTTCGTCTC-1,-0.28789723909877923
CXCR3-,MS,CSF_28,GTGTTAGAGAATGTTG-1,-0.22869480001845272
CXCR3+,MS,CSF_28,GTGTTAGCAACGATCT-1,-0.10056797643315316
CXCR3+,MS,CSF_28,GTTAAGCGTGCATCTA-1,-0.17288381568049768
CXCR3+,MS,CSF_28,GTTACAGTCCAAGCCG-1,-0.10056797643315316
CXCR3-,MS,CSF_28,GTTCGGGGTGTAACGG-1,0.10543123085544794
CXCR3-,MS,CSF_28,GTTCGGGTCCTTCAAT-1,-0.10056797643315316
CXCR3+,MS,CSF_28,GTTCTCGTCAGCGACC-1,-0.2455252420233137
CXCR3-,MS,CSF_28,GTTTCTACATTTGCTT-1,-0.647886144858708
CXCR3-,MS,CSF_28,GTTTCTATCCACGACG-1,-0.27789385815755024
CXCR3-,MS,CSF_28,TAAACCGGTCAAAGAT-1,-0.10056797643315316
CXCR3-,MS,CSF_28,TAAACCGGTGTTCGAT-1,0.4299002012689934
CXCR3-,MS,CSF_28,TAAACCGTCAAGGTAA-1,-0.10056797643315316
CXCR3-,MS,CSF_28,TAAGAGAAGTTAGGTA-1,-0.10056797643315316
CXCR3-,MS,CSF_28,TAAGAGAGTCGGATCC-1,0.451439181810296
CXCR3-,MS,CSF_28,TAAGCGTGTCTAACGT-1,-0.10056797643315316
CXCR3+,MS,CSF_28,TAAGTGCGTTGGTGGA-1,-0.10056797643315316
CXCR3-,MS,CSF_28,TACAGTGAGACACTAA-1,-0.10056797643315316
CXCR3-,MS,CSF_28,TACGGATAGACAGAGA-1,0.42862049881440634
CXCR3+,MS,CSF_28,TACGGTACAGACGCCT-1,-0.27227580793448597
CXCR3+,MS,CSF_28,TACGGTAGTAATCGTC-1,0.023495135163612506
CXCR3-,MS,CSF_28,TACGGTATCGTGGGAA-1,-0.31751246090665003
CXCR3-,MS,CSF_28,TACTCATAGAAACCTA-1,-0.038001289751549296
CXCR3+,MS,CSF_28,TACTCATGTCGGGTCT-1,0.38589755840599
CXCR3-,MS,CSF_28,TACTCGCAGCCGTCGT-1,-0.42026308195198986
CXCR3-,MS,CSF_28,TACTCGCGTAAGAGGA-1,-0.29416631497713075
CXCR3-,MS,CSF_28,TACTTACGTCGAAAGC-1,-0.10056797643315316
CXCR3-,MS,CSF_28,TACTTACTCGCCCTTA-1,-0.5959016037885269
CXCR3+,MS,CSF_28,TACTTACTCTGCGGCA-1,-0.4419064536245973
CXCR3+,MS,CSF_28,TAGACCAAGAGTGACC-1,-0.21629799492092963
CXCR3-,MS,CSF_28,TAGAGCTTCGTATCAG-1,0.23027470714966627
CXCR3-,MS,CSF_28,TAGCCGGAGTATCGAA-1,-0.2880404386553817
CXCR3-,MS,CSF_28,TAGGCATAGAGCCTAG-1,-0.005571016367317113
CXCR3-,MS,CSF_28,TAGTGGTGTCTTCGTC-1,0.217066930530646
CXCR3-,MS,CSF_28,TAGTGGTTCCGAAGAG-1,-0.30250687244405233
CXCR3-,MS,CSF_28,TAGTTGGAGCCTTGAT-1,0.18285977873650472
CXCR3-,MS,CSF_28,TATCAGGTCAGGCAAG-1,-0.10056797643315316
CXCR3+,MS,CSF_28,TATCTCATCGCCTGAG-1,0.0849850023316915
CXCR3+,MS,CSF_28,TATGCCCTCTTGTTTG-1,-0.10056797643315316
CXCR3-,MS,CSF_28,TCAACGACAAAGAATC-1,0.4054768348183599
CXCR3-,MS,CSF_28,TCAATCTAGGCGTACA-1,-0.23390996040701037
CXCR3-,MS,CSF_28,TCAATCTTCGTCTGCT-1,-0.10056797643315316
CXCR3+,MS,CSF_28,TCAGCTCCAGCAGTTT-1,-0.10056797643315316
CXCR3+,MS,CSF_28,TCAGGATGTCAACATC-1,-0.26088070263029184
CXCR3-,MS,CSF_28,TCATTACAGGACAGAA-1,-0.7224046174151076
CXCR3+,MS,CSF_28,TCATTACAGGCCCGTT-1,0.5038159819741603
CXCR3+,MS,CSF_28,TCATTTGCATCGATTG-1,-0.10056797643315316
CXCR3-,MS,CSF_28,TCGTACCTCGTCCAGG-1,-0.10056797643315316
CXCR3-,MS,CSF_28,TCGTAGAAGCTAACTC-1,-0.3067414946185255
CXCR3+,MS,CSF_28,TCGTAGACACAGTCGC-1,-0.3180068789391865
CXCR3+,MS,CSF_28,TCTATTGGTCAAAGCG-1,0.2694432062273036
CXCR3-,MS,CSF_28,TCTATTGGTTCGCTAA-1,-0.10056797643315316
CXCR3+,MS,CSF_28,TCTCTAACACGAGGTA-1,0.01006861341507719
CXCR3+,MS,CSF_28,TCTGAGACATTTGCTT-1,0.3516979796411513
CXCR3-,MS,CSF_28,TCTGGAAAGATAGCAT-1,-0.10056797643315316
CXCR3-,MS,CSF_28,TCTTCGGAGGGTCTCC-1,-0.10056797643315316
CXCR3-,MS,CSF_28,TCTTCGGCAGGAACGT-1,0.19979289636935604
CXCR3-,MS,CSF_28,TCTTCGGGTGTTCGAT-1,-0.30828999112039035
CXCR3-,MS,CSF_28,TCTTTCCTCGATCCCT-1,-0.5004104507097443
CXCR3-,MS,CSF_28,TGAAAGAAGACGCACA-1,-0.10056797643315316
CXCR3-,MS,CSF_28,TGAAAGACATCTCGCT-1,0.24494545044222082
CXCR3-,MS,CSF_28,TGAAAGATCCGCAGTG-1,-0.35864517820331
CXCR3+,MS,CSF_28,TGACAACGTGACTCAT-1,0.1765429878068438
CXCR3-,MS,CSF_28,TGACAACTCAAACCAC-1,-0.10056797643315316
CXCR3-,MS,CSF_28,TGACTTTAGCTGATAA-1,0.3088615066921337
CXCR3-,MS,CSF_28,TGAGCCGCACAAGTAA-1,-0.10056797643315316
CXCR3-,MS,CSF_28,TGAGGGAGTTCGTGAT-1,-0.10056797643315316
CXCR3+,MS,CSF_28,TGCACCTAGGACTGGT-1,-0.12130262198785484
CXCR3-,MS,CSF_28,TGCCCTAAGTAGGCCA-1,-0.2598217356811057
CXCR3-,MS,CSF_28,TGCGCAGGTGGTGTAG-1,0.201477862944864
CXCR3-,MS,CSF_28,TGCGCAGTCCAAACAC-1,0.24124644985881602
CXCR3+,MS,CSF_28,TGCGTGGCATACCATG-1,-0.10056797643315316
CXCR3-,MS,CSF_28,TGCTACCTCAGCGACC-1,-0.10056797643315316
CXCR3-,MS,CSF_28,TGCTGCTCAGTGGGAT-1,0.4671713959573049
CXCR3-,MS,CSF_28,TGCTGCTTCCCTTGCA-1,0.051255866481467925
CXCR3-,MS,CSF_28,TGGACGCAGGTGTTAA-1,-0.30209429963477025
CXCR3-,MS,CSF_28,TGGCCAGGTATATGGA-1,-0.39899973855626286
CXCR3-,MS,CSF_28,TGGCGCATCTTGTACT-1,-0.31814871536198247
CXCR3+,MS,CSF_28,TGGCTGGGTTCCACAA-1,-0.30016463252759146
CXCR3+,MS,CSF_28,TGGGCGTGTGAAATCA-1,0.48956551200439596
CXCR3-,MS,CSF_28,TGGTTAGCACTACAGT-1,-0.10056797643315316
CXCR3-,MS,CSF_28,TGGTTCCTCCCTGACT-1,-0.10056797643315316
CXCR3-,MS,CSF_28,TGTATTCCAGCTGGCT-1,-0.10056797643315316
CXCR3-,MS,CSF_28,TGTGGTAAGTGTGGCA-1,-0.2947397242635225
CXCR3+,MS,CSF_28,TGTGGTAGTCCTCTTG-1,0.1942500451896047
CXCR3-,MS,CSF_28,TGTGGTATCGGTCTAA-1,-0.10056797643315316
CXCR3-,MS,CSF_28,TGTTCCGGTTGGTTTG-1,-0.10056797643315316
CXCR3+,MS,CSF_28,TTAACTCAGCGGCTTC-1,0.18678789661812636
CXCR3-,MS,CSF_28,TTAACTCAGCGTCAAG-1,-0.033543171816275245
CXCR3-,MS,CSF_28,TTAGGACTCAATACCG-1,0.3261812838098332
CXCR3-,MS,CSF_28,TTAGGCAAGAGTAATC-1,-0.33148293726167516
CXCR3+,MS,CSF_28,TTCGAAGAGAACAATC-1,0.16988540560040613
CXCR3-,MS,CSF_28,TTCGAAGGTTGGTTTG-1,-0.7120726719720284
CXCR3-,MS,CSF_28,TTCGGTCCAGCGTAAG-1,-0.10056797643315316
CXCR3-,MS,CSF_28,TTCGGTCGTTGAACTC-1,-0.10056797643315316
CXCR3-,MS,CSF_28,TTCTACAAGTGCAAGC-1,-0.10056797643315316
CXCR3+,MS,CSF_28,TTCTCAAAGAAAGTGG-1,-0.5683863344628585
CXCR3-,MS,CSF_28,TTCTCAATCACTCTTA-1,0.2853510304050997
CXCR3-,MS,CSF_28,TTCTCCTGTCTTGCGG-1,-0.44066742324684854
CXCR3+,MS,CSF_28,TTCTTAGTCACATACG-1,-0.28606072182452597
CXCR3-,MS,CSF_28,TTGAACGGTTTAGGAA-1,-0.2068143376847052
CXCR3+,MS,CSF_28,TTGCGTCAGGCTAGAC-1,-0.10056797643315316
CXCR3-,MS,CSF_28,TTGCGTCCAGGAATGC-1,-0.10056797643315316
CXCR3-,MS,CSF_28,TTGCGTCTCTCTTGAT-1,0.1658819565781327
CXCR3-,MS,CSF_28,TTTGCGCGTGTCCTCT-1,0.4449550896563819
CXCR3-,MS,CSF_28,TTTGTCAGTCATCCCT-1,0.6201161534748908
CXCR3-,MS,CSF_29,AAACGGGCAATGAATG-1-1,-0.10056797643315316
CXCR3-,MS,CSF_29,AAAGTAGTCTAGCACA-1-1,-0.10056797643315316
CXCR3-,MS,CSF_29,AAATGCCCAGCTGCTG-1-1,-0.29370042874530256
CXCR3-,MS,CSF_29,AAATGCCGTTAAGACA-1-1,-0.10056797643315316
CXCR3+,MS,CSF_29,AACCATGAGTGACATA-1-1,-0.10056797643315316
CXCR3-,MS,CSF_29,AACTCTTTCGGTGTTA-1-1,-0.10056797643315316
CXCR3-,MS,CSF_29,AAGCCGCTCAGTTGAC-1-1,-0.10056797643315316
CXCR3-,MS,CSF_29,AAGGAGCAGTATTGGA-1-1,-0.10056797643315316
CXCR3-,MS,CSF_29,AAGGAGCTCTGGGCCA-1-1,-0.10056797643315316
CXCR3-,MS,CSF_29,ACAGCCGTCATGCTCC-1-1,-0.10056797643315316
CXCR3-,MS,CSF_29,ACAGCTAAGTTGAGAT-1-1,-0.10056797643315316
CXCR3-,MS,CSF_29,ACATACGAGCGCCTTG-1-1,-0.10056797643315316
CXCR3-,MS,CSF_29,ACATCAGTCAACGAAA-1-1,-0.10056797643315316
CXCR3+,MS,CSF_29,ACATGGTCACGACTCG-1-1,0.08660832961414822
CXCR3-,MS,CSF_29,ACATGGTTCTAAGCCA-1-1,-0.10056797643315316
CXCR3-,MS,CSF_29,ACGAGGAGTCGGCATC-1-1,-1.5677060883025133
CXCR3-,MS,CSF_29,ACGAGGAGTCTCTCGT-1-1,0.1847096820982073
CXCR3-,MS,CSF_29,ACGAGGATCCTTCAAT-1-1,0.24815978134843059
CXCR3-,MS,CSF_29,ACGAGGATCTCGAGTA-1-1,-0.10056797643315316
CXCR3-,MS,CSF_29,ACGATGTTCGTCGTTC-1-1,-0.10056797643315316
CXCR3-,MS,CSF_29,ACGCAGCAGTCTCAAC-1-1,0.11552008917509006
CXCR3-,MS,CSF_29,ACGGCCAAGACAATAC-1-1,-0.10056797643315316
CXCR3-,MS,CSF_29,ACGGGCTGTCTGCAAT-1-1,0.5126400024908111
CXCR3-,MS,CSF_29,ACGGGTCGTGTGACGA-1-1,-0.10056797643315316
CXCR3-,MS,CSF_29,ACGTCAATCACTTCAT-1-2,-0.10056797643315316
CXCR3-,MS,CSF_29,ACTGAACAGGATATAC-1-1,-0.35707321272704856
CXCR3+,MS,CSF_29,ACTTACTTCGAGCCCA-1-1,-0.10056797643315316
CXCR3-,MS,CSF_29,AGACGTTAGTGAAGTT-1-1,0.5680991997930881
CXCR3-,MS,CSF_29,AGACGTTTCTCGTTTA-1-1,-0.10056797643315316
CXCR3-,MS,CSF_29,AGATCTGCAGACTCGC-1-1,-0.10056797643315316
CXCR3+,MS,CSF_29,AGATTGCCATTGGTAC-1-1,-0.10056797643315316
CXCR3-,MS,CSF_29,AGCCTAATCCCTTGCA-1-1,-0.5337045916319818
CXCR3+,MS,CSF_29,AGCTCTCAGGATGGTC-1-1,-0.10056797643315316
CXCR3-,MS,CSF_29,AGCTTGAGTCTCCACT-1-1,-0.10056797643315316
CXCR3-,MS,CSF_29,AGGCCGTCAAGTTGTC-1-1,-0.2593775538297997
CXCR3-,MS,CSF_29,AGGGAGTAGAATTGTG-1-1,-0.10056797643315316
CXCR3-,MS,CSF_29,AGGTCCGGTCCCGACA-1-1,-0.29748508311198957
CXCR3-,MS,CSF_29,AGTAGTCAGTCCAGGA-1-1,-0.10056797643315316
CXCR3-,MS,CSF_29,AGTTGGTCACTGAAGG-1-1,-0.290816037610771
CXCR3-,MS,CSF_29,ATAGACCAGTACTTGC-1-1,-0.13018590714023962
CXCR3-,MS,CSF_29,ATCCGAAAGCTGAACG-1-1,0.23374287601401247
CXCR3-,MS,CSF_29,ATCTACTCAGCCTGTG-1-1,0.003722378613535455
CXCR3-,MS,CSF_29,ATGAGGGGTAGTACCT-1-1,-0.345330144016441
CXCR3-,MS,CSF_29,ATTCTACTCGTGACAT-1-1,-0.10056797643315316
CXCR3-,MS,CSF_29,ATTGGACAGCGATAGC-1-1,-0.10056797643315316
CXCR3-,MS,CSF_29,ATTGGACTCGTGGGAA-1-1,-0.6873105432212803
CXCR3-,MS,CSF_29,CAACCTCCAGGCGATA-1-1,-0.10056797643315316
CXCR3-,MS,CSF_29,CAACCTCGTGACTCAT-1-1,-0.10056797643315316
CXCR3-,MS,CSF_29,CAAGTTGGTACTCAAC-1-1,-0.10056797643315316
CXCR3-,MS,CSF_29,CAAGTTGGTGCCTTGG-1-1,-0.10056797643315316
CXCR3-,MS,CSF_29,CACACAATCCGCTGTT-1-1,-0.10056797643315316
CXCR3-,MS,CSF_29,CACACCTTCGGCGGTT-1-1,-0.4789215682423242
CXCR3-,MS,CSF_29,CACACTCAGACTACAA-1-1,-0.6847369942790318
CXCR3-,MS,CSF_29,CACACTCGTCTAGAGG-1-1,-0.10056797643315316
CXCR3+,MS,CSF_29,CACAGGCCACACGCTG-1-1,-0.10056797643315316
CXCR3-,MS,CSF_29,CACAGGCGTTCGTCTC-1-1,-0.10056797643315316
CXCR3-,MS,CSF_29,CACAGGCTCTCGTATT-1-1,-0.4361833038868905
CXCR3-,MS,CSF_29,CACAGTAGTCGCATCG-1-1,0.06683826213535547
CXCR3-,MS,CSF_29,CAGAGAGGTACCGAGA-1-1,0.29084770092410567
CXCR3-,MS,CSF_29,CAGCAGCTCACGGTTA-1-1,-0.22360435154880637
CXCR3-,MS,CSF_29,CAGCAGCTCGCGCCAA-1-1,0.40216534180139324
CXCR3-,MS,CSF_29,CAGCTAAAGCTAGTCT-1-1,-0.3114832730759337
CXCR3-,MS,CSF_29,CAGCTAAAGGCTCATT-1-1,-0.10056797643315316
CXCR3-,MS,CSF_29,CAGCTAAGTACGCTGC-1-1,-0.10056797643315316
CXCR3+,MS,CSF_29,CATATTCCATGCAACT-1-1,-0.10056797643315316
CXCR3-,MS,CSF_29,CATCCACCAGGTTTCA-1-1,-0.10056797643315316
CXCR3-,MS,CSF_29,CATCCACTCGGCCGAT-1-1,-0.10056797643315316
CXCR3+,MS,CSF_29,CATCGAATCTGCGACG-1-1,-0.0031475638561516933
CXCR3-,MS,CSF_29,CATCGGGCAGCCTTTC-1-1,-0.10056797643315316
CXCR3-,MS,CSF_29,CATGACAAGTGAATTG-1-1,-0.049645763701047216
CXCR3-,MS,CSF_29,CATTCGCCAGACGCTC-1-1,-0.10056797643315316
CXCR3-,MS,CSF_29,CCATGTCGTTAAGGGC-1-1,-0.10056797643315316
CXCR3+,MS,CSF_29,CCGGGATTCATAAAGG-1-1,-0.33901116020911054
CXCR3-,MS,CSF_29,CCGTACTGTTGCGTTA-1-1,0.5953783505687946
CXCR3-,MS,CSF_29,CCGTACTTCAGGATCT-1-1,-0.2345422077189978
CXCR3-,MS,CSF_29,CCGTTCATCGTACCGG-1-1,-0.10056797643315316
CXCR3-,MS,CSF_29,CCTCAGTAGTGACATA-1-1,-0.3932726628422097
CXCR3-,MS,CSF_29,CCTCTGACATTCGACA-1-1,-0.10056797643315316
CXCR3+,MS,CSF_29,CCTTCCCAGGTGTGGT-1-1,-0.21106716332863945
CXCR3-,MS,CSF_29,CGACCTTCAGCTTAAC-1-1,0.28859283221860765
CXCR3-,MS,CSF_29,CGACTTCCACGAAATA-1-1,0.08417346404981105
CXCR3-,MS,CSF_29,CGAGAAGAGGACTGGT-1-1,0.6285123636515442
CXCR3+,MS,CSF_29,CGAGCACAGCCCAATT-1-1,0.19376421312923942
CXCR3-,MS,CSF_29,CGATCGGCAAACCTAC-1-1,-0.10056797643315316
CXCR3-,MS,CSF_29,CGATGGCGTCATGCAT-1-1,-0.10056797643315316
CXCR3-,MS,CSF_29,CGATGTAGTATCTGCA-1-1,0.204833125987427
CXCR3-,MS,CSF_29,CGATGTAGTCTCACCT-1-1,0.22411933571630932
CXCR3+,MS,CSF_29,CGATTGACAGGACCCT-1-1,-0.28818393199082165
CXCR3-,MS,CSF_29,CGCCAAGAGAAGGGTA-1-1,-0.10056797643315316
CXCR3+,MS,CSF_29,CGCCAAGCACAAGTAA-1-1,-0.10056797643315316
CXCR3-,MS,CSF_29,CGCGTTTGTGTTAAGA-1-1,-0.35724442703360504
CXCR3-,MS,CSF_29,CGCTATCCAGCCTGTG-1-1,0.18670301727760658
CXCR3-,MS,CSF_29,CGCTTCACATATGCTG-1-1,-0.10056797643315316
CXCR3-,MS,CSF_29,CGGACGTGTTCTCATT-1-1,-0.34949841917822944
CXCR3-,MS,CSF_29,CGGAGCTAGTCCGTAT-1-1,-0.10056797643315316
CXCR3-,MS,CSF_29,CGGCTAGGTCAAACTC-1-1,-0.10056797643315316
CXCR3-,MS,CSF_29,CGGCTAGTCCCGGATG-1-1,-0.10056797643315316
CXCR3+,MS,CSF_29,CGGTTAAGTAGATTAG-1-1,-0.10056797643315316
CXCR3-,MS,CSF_29,CGGTTAAGTCTAGTCA-1-1,-0.10056797643315316
CXCR3-,MS,CSF_29,CGTCCATGTAGCGTGA-1-1,-0.10056797643315316
CXCR3-,MS,CSF_29,CGTCTACGTCAACATC-1-1,-0.22589701230813658
CXCR3-,MS,CSF_29,CTAAGACGTGCGGTAA-1-1,0.10909801879951656
CXCR3-,MS,CSF_29,CTACACCAGCCCAACC-1-1,-0.3174420949994668
CXCR3-,MS,CSF_29,CTACGTCAGTACCGGA-1-1,-0.10056797643315316
CXCR3-,MS,CSF_29,CTAGTGATCTCTAAGG-1-1,-0.10056797643315316
CXCR3-,MS,CSF_29,CTCATTATCATTTGGG-1-1,-0.10056797643315316
CXCR3-,MS,CSF_29,CTCATTATCCAAAGTC-1-1,-0.10056797643315316
CXCR3-,MS,CSF_29,CTCGGAGCAAACAACA-1-1,-0.25659182538008973
CXCR3+,MS,CSF_29,CTCGTACCAGTCGATT-1-1,-0.10056797643315316
CXCR3-,MS,CSF_29,CTCGTACGTCGAATCT-1-1,-0.10056797643315316
CXCR3-,MS,CSF_29,CTCTACGTCAACACCA-1-1,0.2275141256157218
CXCR3+,MS,CSF_29,CTCTACGTCCAAACAC-1-1,-0.10056797643315316
CXCR3-,MS,CSF_29,CTGAAACCAAACAACA-1-1,0.29385290971054046
CXCR3+,MS,CSF_29,CTGAAGTAGCTTTGGT-1-1,-0.10056797643315316
CXCR3-,MS,CSF_29,CTGATCCCACCAGTTA-1-1,-0.10056797643315316
CXCR3-,MS,CSF_29,CTGCTGTTCCCAAGAT-1-1,-0.10056797643315316
CXCR3-,MS,CSF_29,CTTAACTAGTTAGCGG-1-1,0.3257438850319901
CXCR3+,MS,CSF_29,CTTACCGGTCCAACTA-1-1,-0.10056797643315316
CXCR3-,MS,CSF_29,CTTCTCTCAAGAAGAG-1-2,0.1477380434595698
CXCR3-,MS,CSF_29,CTTGGCTTCAGCAACT-1-1,-0.10056797643315316
CXCR3-,MS,CSF_29,GAACATCTCTCTAGGA-1-1,-0.10056797643315316
CXCR3-,MS,CSF_29,GAACCTAGTCTGCAAT-1-1,0.1614521560956196
CXCR3-,MS,CSF_29,GAAGCAGAGAGCTGCA-1-1,0.36092444554775643
CXCR3-,MS,CSF_29,GAATGAAGTACGCTGC-1-1,-0.10056797643315316
CXCR3+,MS,CSF_29,GACGCGTGTTGGGACA-1-1,-0.10056797643315316
CXCR3-,MS,CSF_29,GACGGCTTCTCAAGTG-1-1,-0.10056797643315316
CXCR3-,MS,CSF_29,GACTAACAGGACTGGT-1-1,-0.10056797643315316
CXCR3-,MS,CSF_29,GAGCAGAGTTCCCTTG-1-1,-0.10056797643315316
CXCR3-,MS,CSF_29,GATCAGTGTACGACCC-1-1,-0.10056797643315316
CXCR3-,MS,CSF_29,GATCGATGTAAGGATT-1-1,-0.10056797643315316
CXCR3-,MS,CSF_29,GATCTAGTCGCGCCAA-1-1,0.26601539172197985
CXCR3-,MS,CSF_29,GCAATCAGTCCCTTGT-1-1,-0.4909076929114085
CXCR3-,MS,CSF_29,GCACATAGTCGTGGCT-1-1,-0.4096975715252521
CXCR3-,MS,CSF_29,GCAGTTAGTGTGACCC-1-1,-0.10056797643315316
CXCR3-,MS,CSF_29,GCATGATCATACTACG-1-1,0.2489055796241555
CXCR3-,MS,CSF_29,GCATGATGTTCCGGCA-1-1,-0.10056797643315316
CXCR3-,MS,CSF_29,GCGACCACAGCTGCTG-1-1,0.28027744922498365
CXCR3-,MS,CSF_29,GCGCCAAAGTGGTAGC-1-1,-0.10056797643315316
CXCR3-,MS,CSF_29,GCGGGTTCATGTCCTC-1-1,-0.31115797764462994
CXCR3-,MS,CSF_29,GCTCCTAAGCAGACTG-1-1,-0.3079394300259276
CXCR3-,MS,CSF_29,GCTCCTACAATGTAAG-1-1,-0.10056797643315316
CXCR3-,MS,CSF_29,GCTCTGTGTACAGTGG-1-1,0.07012370368458613
CXCR3+,MS,CSF_29,GCTGCAGAGTTTAGGA-1-1,-0.10056797643315316
CXCR3+,MS,CSF_29,GCTGCAGTCCTTAATC-1-1,-0.10056797643315316
CXCR3+,MS,CSF_29,GCTGCGAGTGCTTCTC-1-1,-0.10056797643315316
CXCR3-,MS,CSF_29,GCTGCGATCTTCGGTC-1-1,-0.6007455092140119
CXCR3-,MS,CSF_29,GCTGGGTGTGTAAGTA-1-1,-0.10056797643315316
CXCR3-,MS,CSF_29,GGAACTTCAGTGGAGT-1-1,-0.10056797643315316
CXCR3-,MS,CSF_29,GGACAAGTCTTGGGTA-1-1,-0.25085752788904286
CXCR3+,MS,CSF_29,GGCAATTAGCCTATGT-1-1,-0.12388547860745977
CXCR3+,MS,CSF_29,GGCAATTTCAGGCCCA-1-1,0.049428265510601484
CXCR3-,MS,CSF_29,GGCCGATAGTATCTCG-1-1,-0.29237077397514666
CXCR3+,MS,CSF_29,GGCCGATCAAATTGCC-1-1,0.6964177871448551
CXCR3-,MS,CSF_29,GGCCGATCAGTCGATT-1-1,-0.5707006808486886
CXCR3-,MS,CSF_29,GGCGACTAGGCTCTTA-1-1,-0.10056797643315316
CXCR3-,MS,CSF_29,GGCGACTAGTGAATTG-1-1,0.241600772363218
CXCR3-,MS,CSF_29,GGGAGATTCCCAAGTA-1-1,-0.1359447074825147
CXCR3-,MS,CSF_29,GGGTCTGGTAAATGTG-1-1,-0.10056797643315316
CXCR3+,MS,CSF_29,GGTGCGTAGAGGGATA-1-1,-1.6346290032897848
CXCR3-,MS,CSF_29,GGTGCGTAGGTCATCT-1-1,-0.30064431461363367
CXCR3-,MS,CSF_29,GTAACTGCAGTACACT-1-1,-0.30729537348779334
CXCR3-,MS,CSF_29,GTACTTTGTTGGTAAA-1-1,-0.10056797643315316
CXCR3-,MS,CSF_29,GTACTTTTCGAGAGCA-1-1,-0.30828999112039035
CXCR3-,MS,CSF_29,GTATTCTAGAAACCTA-1-1,-0.10056797643315316
CXCR3-,MS,CSF_29,GTCACAAAGTCACGCC-1-1,-0.10056797643315316
CXCR3-,MS,CSF_29,GTCTCGTAGAAGAAGC-1-1,-0.10056797643315316
CXCR3-,MS,CSF_29,GTCTTCGAGCAGATCG-1-1,-0.10056797643315316
CXCR3-,MS,CSF_29,GTGCTTCGTCCGAATT-1-1,-0.46576683297423604
CXCR3-,MS,CSF_29,GTGCTTCTCGGCGGTT-1-1,-0.10056797643315316
CXCR3-,MS,CSF_29,GTGTGCGAGTACTTGC-1-1,-0.10056797643315316
CXCR3-,MS,CSF_29,GTGTTAGGTCAGAAGC-1-1,-0.10056797643315316
CXCR3-,MS,CSF_29,GTGTTAGTCCTGCCAT-1-1,-0.3335004702870496
CXCR3-,MS,CSF_29,GTTAAGCGTCTGATCA-1-1,-0.10056797643315316
CXCR3-,MS,CSF_29,GTTACAGGTCATCCCT-1-1,-0.8653419580536684
CXCR3-,MS,CSF_29,GTTCATTGTTCCATGA-1-1,0.2574694055596946
CXCR3-,MS,CSF_29,TAAGCGTAGAGACTAT-1-1,-0.10056797643315316
CXCR3-,MS,CSF_29,TACACGACAAGCTGTT-1-1,-0.10056797643315316
CXCR3-,MS,CSF_29,TACACGAGTTGTCGCG-1-1,-0.25613890067057665
CXCR3-,MS,CSF_29,TACCTATCAACGATGG-1-1,-0.11842991128260792
CXCR3-,MS,CSF_29,TACGGATTCAAGAAGT-1-1,-0.10056797643315316
CXCR3+,MS,CSF_29,TACGGGCTCGTCGTTC-1-1,0.14158665191774142
CXCR3-,MS,CSF_29,TAGAGCTCACCCATTC-1-1,0.33247987967739556
CXCR3-,MS,CSF_29,TAGTGGTAGCACAGGT-1-1,-0.10056797643315316
CXCR3+,MS,CSF_29,TAGTTGGCACATTTCT-1-1,0.2900808283378503
CXCR3-,MS,CSF_29,TATCAGGAGCTGTCTA-1-1,-0.10056797643315316
CXCR3+,MS,CSF_29,TCACAAGGTCATTAGC-1-1,-0.4596460714991279
CXCR3-,MS,CSF_29,TCACGAACACTGTGTA-1-1,-0.10056797643315316
CXCR3-,MS,CSF_29,TCAGCAACACCAGGCT-1-1,-0.10056797643315316
CXCR3-,MS,CSF_29,TCAGCAACACTGCCAG-1-1,-0.10056797643315316
CXCR3-,MS,CSF_29,TCAGCTCTCTTGCATT-1-1,0.24021208686733964
CXCR3+,MS,CSF_29,TCATTACAGGTGCAAC-1-1,-0.10056797643315316
CXCR3-,MS,CSF_29,TCGGGACCACAAGACG-1-1,-1.025790538350385
CXCR3-,MS,CSF_29,TCGTAGACATTCACTT-1-1,-0.35268514399011736
CXCR3+,MS,CSF_29,TCTCTAACAATGAAAC-1-1,0.016647903846699657
CXCR3-,MS,CSF_29,TCTGAGATCAACCAAC-1-1,-0.10056797643315316
CXCR3-,MS,CSF_29,TCTGGAAAGGGAAACA-1-1,-0.6138808223243825
CXCR3+,MS,CSF_29,TCTTTCCAGCCGTCGT-1-1,0.060092459901613805
CXCR3-,MS,CSF_29,TGACGGCAGTCTCCTC-1-1,0.22194450630684434
CXCR3-,MS,CSF_29,TGACGGCAGTGCGATG-1-1,-0.10056797643315316
CXCR3-,MS,CSF_29,TGACGGCTCCGCGGTA-1-1,0.07431532405765333
CXCR3+,MS,CSF_29,TGACTAGAGCTGATAA-1-1,-0.10056797643315316
CXCR3-,MS,CSF_29,TGACTTTCACCTCGGA-1-1,-0.10056797643315316
CXCR3-,MS,CSF_29,TGAGCATTCCAACCAA-1-1,-0.10056797643315316
CXCR3-,MS,CSF_29,TGAGGGAGTATTCGTG-1-1,-0.10056797643315316
CXCR3-,MS,CSF_29,TGATTTCTCCTCAATT-1-1,-0.10056797643315316
CXCR3-,MS,CSF_29,TGCACCTCACGCGAAA-1-1,-0.3067414946185255
CXCR3-,MS,CSF_29,TGCCAAATCAACCATG-1-1,0.14666507663901532
CXCR3-,MS,CSF_29,TGCGCAGAGCCTATGT-1-1,-0.10056797643315316
CXCR3+,MS,CSF_29,TGCGCAGGTAGCTAAA-1-1,-0.10056797643315316
CXCR3-,MS,CSF_29,TGCTACCTCGTAGGAG-1-1,-0.10056797643315316
CXCR3-,MS,CSF_29,TGCTGCTAGACTACAA-1-1,-0.10056797643315316
CXCR3+,MS,CSF_29,TGCTGCTGTCTCGTTC-1-1,-0.10056797643315316
CXCR3-,MS,CSF_29,TGGGAAGGTAAATACG-1-1,-0.317723981669726
CXCR3-,MS,CSF_29,TGGGAAGTCGTGACAT-1-1,-0.10056797643315316
CXCR3-,MS,CSF_29,TGGGCGTGTATAAACG-1-1,-0.10056797643315316
CXCR3-,MS,CSF_29,TGGTTCCTCACGAAGG-1-1,-0.10056797643315316
CXCR3-,MS,CSF_29,TGTATTCAGTGCGATG-1-1,-0.10056797643315316
CXCR3-,MS,CSF_29,TGTATTCCAACACGCC-1-1,-0.5015590494961847
CXCR3-,MS,CSF_29,TGTCCCATCACTCTTA-1-1,0.27827741434063424
CXCR3-,MS,CSF_29,TGTGGTACATTAGGCT-1-1,-0.10056797643315316
CXCR3-,MS,CSF_29,TTAGTTCAGCTAGTGG-1-1,-0.10056797643315316
CXCR3-,MS,CSF_29,TTATGCTCATGAACCT-1-1,-0.10056797643315316
CXCR3-,MS,CSF_29,TTCGAAGCAGAAGCAC-1-1,-0.10056797643315316
CXCR3-,MS,CSF_29,TTCTCAACATGACGGA-1-1,-0.4652948712165509
CXCR3+,MS,CSF_29,TTGACTTGTAGCTCCG-1-1,-0.42752150506449377
CXCR3-,MS,CSF_29,TTGCCGTGTACAAGTA-1-1,-0.10056797643315316
CXCR3-,MS,CSF_29,TTTCCTCAGTTCCACA-1-1,0.21937654598413342
CXCR3+,MS,CSF_29,TTTGTCATCTACCAGA-1-1,-0.29888175909953596
CXCR3-,MS,CSF_31,AAACCTGCACAAGACG-1,0.2930556479373588
CXCR3-,MS,CSF_31,AAACCTGCATGAACCT-1,0.12800223174253764
CXCR3+,MS,CSF_31,AAACCTGTCTGTCTAT-1,0.037476808261218984
CXCR3+,MS,CSF_31,AAACGGGCATGGTAGG-1,0.028574967996617257
CXCR3-,MS,CSF_31,AAACGGGTCCCTCTTT-1,0.12896109293602118
CXCR3-,MS,CSF_31,AAAGATGGTGAGCGAT-1,1.0525773223109534
CXCR3+,MS,CSF_31,AAAGATGTCGCCTGTT-1,0.314172261145282
CXCR3+,MS,CSF_31,AAAGCAACATTTGCTT-1,0.07007832563230676
CXCR3-,MS,CSF_31,AAAGCAATCGGAAACG-1,0.08841166998852325
CXCR3-,MS,CSF_31,AAAGTAGAGCCCAACC-1,-0.290965077490665
CXCR3+,MS,CSF_31,AAAGTAGAGGGTATCG-1,0.08800590203164448
CXCR3-,MS,CSF_31,AAAGTAGCACCACGTG-1,-0.45246456582529504
CXCR3-,MS,CSF_31,AAAGTAGTCACCGGGT-1,-0.10056797643315316
CXCR3-,MS,CSF_31,AAAGTAGTCATTGCGA-1,0.24487087204596175
CXCR3+,MS,CSF_31,AAATGCCGTCCGAAGA-1,-0.6807472923252653
CXCR3+,MS,CSF_31,AACACGTCATCTACGA-1,-0.30061601783599556
CXCR3-,MS,CSF_31,AACCATGGTCTTGATG-1,-0.4788203386010994
CXCR3+,MS,CSF_31,AACCATGGTTCATGGT-1,0.13860506545135273
CXCR3-,MS,CSF_31,AACCATGTCTAACCGA-1,0.4348248053219314
CXCR3+,MS,CSF_31,AACCGCGCAGTCCTTC-1,0.2080059701131575
CXCR3+,MS,CSF_31,AACGTTGTCCAATGGT-1,0.10865731298325224
CXCR3+,MS,CSF_31,AACTCAGGTCGGCATC-1,0.05932184248836651
CXCR3-,MS,CSF_31,AACTCTTAGACAATAC-1,0.11205283297239203
CXCR3-,MS,CSF_31,AACTCTTAGCTGATAA-1,-0.12843582780099524
CXCR3-,MS,CSF_31,AACTCTTAGGATGGAA-1,-0.2405050768003268
CXCR3+,MS,CSF_31,AACTCTTAGGCTACGA-1,0.04397294145872093
CXCR3+,MS,CSF_31,AACTCTTCATCCAACA-1,-0.0804816882995822
CXCR3+,MS,CSF_31,AACTCTTGTACCGTAT-1,-0.9491406790617264
CXCR3-,MS,CSF_31,AACTGGTAGCGCTTAT-1,-0.10056797643315316
CXCR3+,MS,CSF_31,AACTGGTCATGCAATC-1,-0.10056797643315316
CXCR3+,MS,CSF_31,AACTTTCAGTGTGGCA-1,-0.5672151188776043
CXCR3+,MS,CSF_31,AACTTTCTCAACACTG-1,-0.4393205980105848
CXCR3+,MS,CSF_31,AAGACCTCACCATCCT-1,-0.4966780350171999
CXCR3+,MS,CSF_31,AAGACCTTCCATGCTC-1,0.22162306885725463
CXCR3+,MS,CSF_31,AAGGAGCGTAAACGCG-1,-0.10056797643315316
CXCR3+,MS,CSF_31,AAGGAGCGTGTATGGG-1,0.3225744475096551
CXCR3-,MS,CSF_31,AAGGCAGTCGTTACGA-1,-0.10056797643315316
CXCR3-,MS,CSF_31,AAGGTTCCAATCGAAA-1,-0.2246796996059774
CXCR3-,MS,CSF_31,AAGTCTGCACACCGCA-1,0.194183796663511
CXCR3-,MS,CSF_31,AAGTCTGTCAGCATGT-1,0.48536866403140816
CXCR3-,MS,CSF_31,AATCCAGCACATTAGC-1,0.18854416101423796
CXCR3-,MS,CSF_31,AATCCAGTCCCTCTTT-1,-0.21315306358579114
CXCR3-,MS,CSF_31,AATCGGTAGGTCATCT-1,-0.01541131021123443
CXCR3-,MS,CSF_31,AATCGGTGTGCAGACA-1,0.25826516815267625
CXCR3-,MS,CSF_31,ACACCAACATTACCTT-1,-0.4772295112365382
CXCR3+,MS,CSF_31,ACACTGAAGTACGACG-1,-0.0785530140844047
CXCR3-,MS,CSF_31,ACACTGAGTTGCGCAC-1,0.2341823420167268
CXCR3+,MS,CSF_31,ACAGCCGAGCTCCCAG-1,-0.2305511399520531
CXCR3-,MS,CSF_31,ACAGCCGGTCTAGTGT-1,0.08186308755663567
CXCR3-,MS,CSF_31,ACAGCCGTCTGTCCGT-1,-0.10056797643315316
CXCR3+,MS,CSF_31,ACAGCTAAGTTCCACA-1,0.08737927984408111
CXCR3-,MS,CSF_31,ACAGCTATCGGATGGA-1,-0.013522693190482462
CXCR3+,MS,CSF_31,ACATACGCATACTCTT-1,0.35490773347524324
CXCR3+,MS,CSF_31,ACCAGTAAGACCACGA-1,-0.10056797643315316
CXCR3+,MS,CSF_31,ACCAGTAAGAGCTTCT-1,0.028020511657123413
CXCR3+,MS,CSF_31,ACCCACTAGGCTAGCA-1,0.0475889200780457
CXCR3-,MS,CSF_31,ACCCACTCACGTCAGC-1,-0.21573384757949235
CXCR3-,MS,CSF_31,ACCCACTGTCTCTCTG-1,-0.10056797643315316
CXCR3-,MS,CSF_31,ACCGTAACAGCTGCTG-1,-0.6214748129681121
CXCR3+,MS,CSF_31,ACGAGCCAGATGAGAG-1,-0.36224207606603237
CXCR3+,MS,CSF_31,ACGAGCCAGTATGACA-1,0.11274783528298504
CXCR3+,MS,CSF_31,ACGAGCCGTTAAAGAC-1,-0.20031689573321307
CXCR3+,MS,CSF_31,ACGAGCCTCCTAGGGC-1,0.4915377956788431
CXCR3+,MS,CSF_31,ACGAGGACAATTCCTT-1,-0.005117617113530252
CXCR3+,MS,CSF_31,ACGAGGACAGCTTCGG-1,0.16263125152171823
CXCR3+,MS,CSF_31,ACGATGTTCAGCAACT-1,-0.4740797014910337
CXCR3+,MS,CSF_31,ACGCAGCAGAGAACAG-1,-0.5834625952690241
CXCR3-,MS,CSF_31,ACGCAGCAGCCAGTTT-1,0.7304636282711148
CXCR3+,MS,CSF_31,ACGCAGCAGGGATCTG-1,0.8240312314960924
CXCR3-,MS,CSF_31,ACGCCAGAGAAACGAG-1,0.10426469436539783
CXCR3+,MS,CSF_31,ACGCCAGAGCATCATC-1,-0.3821018866887271
CXCR3+,MS,CSF_31,ACGCCAGAGTCGTACT-1,0.23935097660477503
CXCR3+,MS,CSF_31,ACGCCAGCACTGAAGG-1,0.20187558889717966
CXCR3+,MS,CSF_31,ACGCCAGCATTGAGCT-1,0.0703033991477321
CXCR3+,MS,CSF_31,ACGCCAGGTCGGATCC-1,-0.03540969367535918
CXCR3+,MS,CSF_31,ACGCCGACACATAACC-1,-0.26747123131275125
CXCR3+,MS,CSF_31,ACGGCCAGTTTGTGTG-1,-0.10056797643315316
CXCR3+,MS,CSF_31,ACGGGCTAGAGACTTA-1,-0.2510218256237042
CXCR3+,MS,CSF_31,ACGGGCTTCAGTTAGC-1,0.33704369524491323
CXCR3-,MS,CSF_31,ACGGGTCGTACCAGTT-1,0.5920022924555807
CXCR3+,MS,CSF_31,ACGGGTCGTCCAGTAT-1,0.010375720163029503
CXCR3-,MS,CSF_31,ACGGGTCGTCCGTCAG-1,0.597185030479757
CXCR3-,MS,CSF_31,ACGGGTCGTCGAGATG-1,0.17227850065226966
CXCR3-,MS,CSF_31,ACGGGTCTCTATCGCC-1,-0.10056797643315316
CXCR3-,MS,CSF_31,ACGTCAACAATCTACG-1,-0.043336262843910726
CXCR3+,MS,CSF_31,ACTATCTTCGAGGTAG-1,-0.3356939266253272
CXCR3+,MS,CSF_31,ACTGAACAGCTAACAA-1,0.3636135828969173
CXCR3+,MS,CSF_31,ACTGAACCACATCCGG-1,0.16781470284002814
CXCR3-,MS,CSF_31,ACTGAGTGTAGCGTAG-1,-0.0016162214922659077
CXCR3-,MS,CSF_31,ACTGATGCAGTCACTA-1,0.060660262583935864
CXCR3+,MS,CSF_31,ACTGATGCAGTGACAG-1,-0.10056797643315316
CXCR3+,MS,CSF_31,ACTGCTCGTGTTAAGA-1,-0.2962986222051004
CXCR3+,MS,CSF_31,ACTGCTCTCAATCTCT-1,-0.11431641865425142
CXCR3+,MS,CSF_31,ACTTACTAGATATACG-1,0.02852910790078262
CXCR3-,MS,CSF_31,ACTTACTCAGTACACT-1,0.2372477863881275
CXCR3+,MS,CSF_31,ACTTACTTCAGAGCTT-1,0.6948993741524986
CXCR3-,MS,CSF_31,ACTTGTTTCCGCGTTT-1,0.134413105172407
CXCR3+,MS,CSF_31,AGAATAGGTGCCTGGT-1,0.6710340013440723
CXCR3+,MS,CSF_31,AGACGTTGTAGAGTGC-1,-0.10056797643315316
CXCR3+,MS,CSF_31,AGAGCTTGTGCGCTTG-1,-0.10056797643315316
CXCR3-,MS,CSF_31,AGAGTGGAGCCAGTTT-1,0.11613604648148709
CXCR3-,MS,CSF_31,AGATCTGCATTACGAC-1,-0.32834603075058827
CXCR3-,MS,CSF_31,AGATTGCAGCAGCCTC-1,0.10530693956184844
CXCR3+,MS,CSF_31,AGCAGCCAGGAGTTTA-1,0.014931008647830766
CXCR3+,MS,CSF_31,AGCAGCCCAGCTGTTA-1,0.23047285557210712
CXCR3-,MS,CSF_31,AGCAGCCTCTCGAGTA-1,0.12238187688682393
CXCR3+,MS,CSF_31,AGCGTATGTAGCTAAA-1,0.43743641930626725
CXCR3-,MS,CSF_31,AGCGTATGTTATCACG-1,-0.10056797643315316
CXCR3+,MS,CSF_31,AGCGTCGCAAGCCGCT-1,0.426110922881339
CXCR3-,MS,CSF_31,AGCTCCTGTATCGCAT-1,-0.03882603036691675
CXCR3+,MS,CSF_31,AGCTCTCAGTTGTAGA-1,0.16984033427536493
CXCR3+,MS,CSF_31,AGCTCTCCAAAGCAAT-1,0.31872158057365635
CXCR3-,MS,CSF_31,AGCTCTCCATCAGTCA-1,0.22636156531370766
CXCR3+,MS,CSF_31,AGGCCACGTTCCACAA-1,0.42628959525450316
CXCR3+,MS,CSF_31,AGGCCACTCTTCTGGC-1,-0.06532777451914358
CXCR3+,MS,CSF_31,AGGGATGCAACTGGCC-1,-0.10056797643315316
CXCR3+,MS,CSF_31,AGGGATGCAGCTATTG-1,-0.10056797643315316
CXCR3-,MS,CSF_31,AGGGTGAGTTTAGCTG-1,-0.061620100654620646
CXCR3-,MS,CSF_31,AGGTCATAGGGCTTCC-1,-0.27098326215861096
CXCR3+,MS,CSF_31,AGGTCCGGTAGCGATG-1,-0.4044427275733793
CXCR3+,MS,CSF_31,AGGTCCGGTTGTGGAG-1,-0.347070059555676
CXCR3+,MS,CSF_31,AGGTCCGTCTTGAGGT-1,-0.36736877438073856
CXCR3-,MS,CSF_31,AGTGAGGCAAGCTGAG-1,0.1261200239142835
CXCR3-,MS,CSF_31,AGTGAGGCACTGCCAG-1,-0.2851213463645523
CXCR3+,MS,CSF_31,AGTGAGGGTGCACTTA-1,-0.7803814233209189
CXCR3-,MS,CSF_31,AGTGTCATCTTCGGTC-1,-0.04820360639131132
CXCR3-,MS,CSF_31,AGTTGGTAGATCTGCT-1,0.27217277875555534
CXCR3+,MS,CSF_31,AGTTGGTCACCGAATT-1,-0.07046083804436769
CXCR3+,MS,CSF_31,ATAACGCCAGCATACT-1,-0.0901321820225929
CXCR3-,MS,CSF_31,ATAAGAGTCCGCAGTG-1,-0.10056797643315316
CXCR3-,MS,CSF_31,ATAGACCAGGGATGGG-1,-0.2289814208669596
CXCR3-,MS,CSF_31,ATAGACCCACCTTGTC-1,0.07572644431740994
CXCR3+,MS,CSF_31,ATCACGAGTGATGATA-1,0.34842272992706513
CXCR3+,MS,CSF_31,ATCATCTAGCGATAGC-1,-0.27985712215718916
CXCR3+,MS,CSF_31,ATCATCTAGGGAACGG-1,-0.3299905087704723
CXCR3-,MS,CSF_31,ATCATCTCACTCTGTC-1,0.1280271638059022
CXCR3+,MS,CSF_31,ATCATCTGTGGTTTCA-1,0.15070858903173837
CXCR3+,MS,CSF_31,ATCATGGCACCTTGTC-1,0.06247887548368536
CXCR3+,MS,CSF_31,ATCATGGGTTACGTCA-1,0.2405613010267975
CXCR3-,MS,CSF_31,ATCATGGTCACAACGT-1,-0.3843852224495302
CXCR3+,MS,CSF_31,ATCCACCCAATGAAAC-1,-0.10056797643315316
CXCR3+,MS,CSF_31,ATCCACCGTTCAGCGC-1,-0.25176235981523304
CXCR3-,MS,CSF_31,ATCCGAAAGCGCTCCA-1,-0.2248937468670567
CXCR3+,MS,CSF_31,ATCCGAACAAGGACTG-1,0.03968378936944953
CXCR3+,MS,CSF_31,ATCGAGTAGTAAGTAC-1,-0.15200400896353855
CXCR3-,MS,CSF_31,ATCTACTTCTGCGTAA-1,0.12690954618567843
CXCR3+,MS,CSF_31,ATGAGGGAGCTTATCG-1,0.08389542083243821
CXCR3-,MS,CSF_31,ATGCGATGTGACGCCT-1,0.12383554999782571
CXCR3-,MS,CSF_31,ATGCGATTCCCAACGG-1,-0.1889643889251627
CXCR3+,MS,CSF_31,ATGGGAGGTACAAGTA-1,-0.10056797643315316
CXCR3-,MS,CSF_31,ATGTGTGCAGGTGCCT-1,0.18963127732694587
CXCR3+,MS,CSF_31,ATTACTCAGGCACATG-1,-0.11229073944434051
CXCR3+,MS,CSF_31,ATTACTCAGGCGACAT-1,0.12116099442486121
CXCR3+,MS,CSF_31,ATTATCCTCCTTTCTC-1,0.26069214412316843
CXCR3+,MS,CSF_31,ATTCTACAGGATGCGT-1,-0.8568940699169451
CXCR3-,MS,CSF_31,ATTGGACTCTTGCAAG-1,-0.10056797643315316
CXCR3+,MS,CSF_31,ATTTCTGGTAAATACG-1,-0.28523313936555433
CXCR3+,MS,CSF_31,ATTTCTGGTTATCACG-1,-0.22507276393953998
CXCR3-,MS,CSF_31,CAACCAAAGGACGAAA-1,0.45446435515579947
CXCR3+,MS,CSF_31,CAACCTCCACGGCGTT-1,0.15678168411683455
CXCR3-,MS,CSF_31,CAACCTCCATTTGCCC-1,-0.21609031581277932
CXCR3+,MS,CSF_31,CAACCTCTCGGCGCTA-1,0.055290207601821684
CXCR3-,MS,CSF_31,CAACCTCTCTGCGTAA-1,-0.10056797643315316
CXCR3+,MS,CSF_31,CAACTAGGTAATTGGA-1,0.08539838112528976
CXCR3-,MS,CSF_31,CAAGAAAAGAGTACCG-1,0.14747096372432017
CXCR3+,MS,CSF_31,CAAGATCTCCCTGACT-1,-0.49370483963698664
CXCR3+,MS,CSF_31,CAAGGCCGTCACCCAG-1,-0.2627507106920321
CXCR3-,MS,CSF_31,CAAGGCCGTCTTGCGG-1,0.13620397016472946
CXCR3+,MS,CSF_31,CAAGTTGAGGATGCGT-1,-0.32070488904528816
CXCR3-,MS,CSF_31,CAAGTTGTCGCATGGC-1,-0.15071241956294676
CXCR3+,MS,CSF_31,CACACAACATGCTAGT-1,-0.10056797643315316
CXCR3+,MS,CSF_31,CACACTCAGCCCAATT-1,-0.19623348741445548
CXCR3-,MS,CSF_31,CACACTCCAGATAATG-1,0.38508724347033807
CXCR3-,MS,CSF_31,CACACTCCAGCTTAAC-1,-0.34642665340037165
CXCR3+,MS,CSF_31,CACACTCGTGCTCTTC-1,0.052446275621538044
CXCR3+,MS,CSF_31,CACAGGCAGTGGTAAT-1,-0.2850273937062529
CXCR3-,MS,CSF_31,CACAGTATCATAGCAC-1,-0.10056797643315316
CXCR3-,MS,CSF_31,CACATAGTCACGCGGT-1,-0.10056797643315316
CXCR3-,MS,CSF_31,CACATTTCACGTGAGA-1,-0.10056797643315316
CXCR3+,MS,CSF_31,CACATTTTCGGAGCAA-1,-0.11925536622640806
CXCR3+,MS,CSF_31,CACATTTTCTAAGCCA-1,-0.62348269541186
CXCR3+,MS,CSF_31,CACATTTTCTATCGCC-1,-0.10056797643315316
CXCR3-,MS,CSF_31,CACCACTGTAAAGGAG-1,0.2548098344876778
CXCR3+,MS,CSF_31,CACCACTGTCGCGAAA-1,-0.759962056936126
CXCR3-,MS,CSF_31,CACCACTTCATTATCC-1,-0.10056797643315316
CXCR3+,MS,CSF_31,CACCAGGTCACTTATC-1,-0.24020234284562506
CXCR3+,MS,CSF_31,CACCTTGGTAACGTTC-1,0.3124661948941556
CXCR3+,MS,CSF_31,CACTCCAAGTGCAAGC-1,-0.10056797643315316
CXCR3-,MS,CSF_31,CAGAATCTCTTCTGGC-1,0.17405105825818165
CXCR3+,MS,CSF_31,CAGATCAGTCTAGGTT-1,-0.10056797643315316
CXCR3+,MS,CSF_31,CAGATCATCGGACAAG-1,0.3115836451728408
CXCR3+,MS,CSF_31,CAGCATAAGTCGTACT-1,0.05660451516382641
CXCR3+,MS,CSF_31,CAGGTGCCAACACCCG-1,0.3979427250510031
CXCR3-,MS,CSF_31,CAGGTGCCAAGGACTG-1,-0.8598929335194411
CXCR3+,MS,CSF_31,CATATGGAGACTAGGC-1,-0.10056797643315316
CXCR3-,MS,CSF_31,CATATGGAGGAACTGC-1,-0.10056797643315316
CXCR3-,MS,CSF_31,CATATGGAGGTGCTAG-1,-0.10056797643315316
CXCR3-,MS,CSF_31,CATATGGCACAGATTC-1,-0.3467554414249677
CXCR3-,MS,CSF_31,CATATGGGTCTAGGTT-1,-0.30507735836449523
CXCR3+,MS,CSF_31,CATATGGTCGTTTAGG-1,-0.05172706080515747
CXCR3+,MS,CSF_31,CATCAAGAGCTAAACA-1,0.31453840750941353
CXCR3+,MS,CSF_31,CATCAAGGTGCTAGCC-1,-0.23114740523201066
CXCR3+,MS,CSF_31,CATCAGAAGTTAGGTA-1,-0.10056797643315316
CXCR3+,MS,CSF_31,CATCAGATCACCCTCA-1,0.22120649169205198
CXCR3+,MS,CSF_31,CATCAGATCTTTCCTC-1,-0.2638180123283846
CXCR3-,MS,CSF_31,CATCCACCACGACGAA-1,-0.3687579489307663
CXCR3+,MS,CSF_31,CATCGAAGTCTAGCGC-1,0.348602821298223
CXCR3+,MS,CSF_31,CATCGAATCATGTCTT-1,0.2928277614036168
CXCR3+,MS,CSF_31,CATGACATCCTCAACC-1,0.08410495579199509
CXCR3+,MS,CSF_31,CATGCCTAGGTAAACT-1,0.6678347674446866
CXCR3+,MS,CSF_31,CATGGCGCAAGCTGTT-1,0.13306109503887223
CXCR3-,MS,CSF_31,CATGGCGTCCACTCCA-1,0.2203993104386995
CXCR3+,MS,CSF_31,CATTATCAGTCCGTAT-1,0.06252329420346495
CXCR3+,MS,CSF_31,CATTCGCAGCTAACTC-1,-0.2594032408203443
CXCR3+,MS,CSF_31,CATTCGCAGTGCAAGC-1,0.3791166788690217
CXCR3-,MS,CSF_31,CATTCGCTCCAGGGCT-1,-0.28807399844036496
CXCR3-,MS,CSF_31,CCAATCCAGATGTAAC-1,0.18115769628187214
CXCR3-,MS,CSF_31,CCACCTACAGAAGCAC-1,-0.10056797643315316
CXCR3+,MS,CSF_31,CCACCTATCCACTCCA-1,-0.10056797643315316
CXCR3+,MS,CSF_31,CCACTACAGCGGATCA-1,-0.10056797643315316
CXCR3+,MS,CSF_31,CCAGCGACAAACGCGA-1,0.32934831890846283
CXCR3-,MS,CSF_31,CCATGTCCAGGGCATA-1,-0.10056797643315316
CXCR3+,MS,CSF_31,CCATGTCGTATCGCAT-1,-0.10056797643315316
CXCR3+,MS,CSF_31,CCATGTCTCGTGGACC-1,0.13445692198735576
CXCR3+,MS,CSF_31,CCCAGTTCACTTACGA-1,0.1949569179983986
CXCR3+,MS,CSF_31,CCCAGTTGTTGAGGTG-1,-0.10056797643315316
CXCR3-,MS,CSF_31,CCGGGATCAAGTCTAC-1,-0.10056797643315316
CXCR3-,MS,CSF_31,CCGGGATCACCGAATT-1,0.0961591263666872
CXCR3-,MS,CSF_31,CCGGGATTCTCGTATT-1,0.4677091901914133
CXCR3-,MS,CSF_31,CCGGGATTCTGATTCT-1,-0.09125530732987608
CXCR3+,MS,CSF_31,CCGGTAGCACGGATAG-1,-0.10056797643315316
CXCR3+,MS,CSF_31,CCGTACTCACTGTGTA-1,-0.47153249940357467
CXCR3-,MS,CSF_31,CCGTACTCAGCTCCGA-1,0.21847172996448835
CXCR3-,MS,CSF_31,CCGTACTCAGGATTGG-1,-0.252284498818886
CXCR3+,MS,CSF_31,CCGTGGACAGCATACT-1,-0.29287935214765576
CXCR3+,MS,CSF_31,CCGTGGAGTCGGCACT-1,-0.10056797643315316
CXCR3+,MS,CSF_31,CCGTTCAAGAGTGACC-1,-0.17219767293084726
CXCR3-,MS,CSF_31,CCTAAAGCATTTCACT-1,-0.10056797643315316
CXCR3-,MS,CSF_31,CCTAAAGGTTCGGGCT-1,0.15753151405812207
CXCR3+,MS,CSF_31,CCTACACCAGTGACAG-1,0.046527911880689776
CXCR3-,MS,CSF_31,CCTACACGTCGACTAT-1,0.08287171761625979
CXCR3-,MS,CSF_31,CCTACACTCTCCAACC-1,-0.10056797643315316
CXCR3+,MS,CSF_31,CCTAGCTAGCGCTTAT-1,-0.36089130218571563
CXCR3+,MS,CSF_31,CCTATTACATACTACG-1,-0.10056797643315316
CXCR3+,MS,CSF_31,CCTATTAGTACTTCTT-1,0.2529031287099312
CXCR3+,MS,CSF_31,CCTCAGTGTCGGGTCT-1,0.2628744822058437
CXCR3-,MS,CSF_31,CCTTACGCACCAGTTA-1,0.19310847846979826
CXCR3+,MS,CSF_31,CCTTACGCATCCCACT-1,-0.5860138712149744
CXCR3-,MS,CSF_31,CCTTCCCAGATGAGAG-1,-0.3040903569090644
CXCR3-,MS,CSF_31,CCTTCCCAGTTGTAGA-1,0.1961120627306489
CXCR3-,MS,CSF_31,CCTTTCTTCTTCGGTC-1,0.24025228659086245
CXCR3+,MS,CSF_31,CGAATGTCAGTGGAGT-1,-0.0604588747116791
CXCR3-,MS,CSF_31,CGAATGTGTAAGCACG-1,-0.468135142417435
CXCR3-,MS,CSF_31,CGAATGTGTTGCGCAC-1,0.09568090722431641
CXCR3+,MS,CSF_31,CGAATGTTCGCGGATC-1,-0.10056797643315316
CXCR3-,MS,CSF_31,CGACCTTAGACCTTTG-1,0.09440494102549438
CXCR3+,MS,CSF_31,CGACCTTCAATCAGAA-1,0.14003486392568515
CXCR3-,MS,CSF_31,CGAGAAGAGAACAATC-1,0.27458949836004987
CXCR3-,MS,CSF_31,CGAGAAGCACAGACTT-1,-0.035105524398118745
CXCR3+,MS,CSF_31,CGAGAAGGTATAATGG-1,-0.007680539150312764
CXCR3-,MS,CSF_31,CGAGAAGTCTCTAAGG-1,-0.10056797643315316
CXCR3+,MS,CSF_31,CGAGCACCAGCTGGCT-1,-0.10056797643315316
CXCR3-,MS,CSF_31,CGAGCCACATCATCCC-1,0.3003977587436184
CXCR3-,MS,CSF_31,CGAGCCAGTCGAGATG-1,-0.2147731011650091
CXCR3+,MS,CSF_31,CGAGCCAGTCTACCTC-1,0.3047833593824968
CXCR3+,MS,CSF_31,CGAGCCAGTGAGGCTA-1,-0.10056797643315316
CXCR3-,MS,CSF_31,CGATGGCAGATGTAAC-1,-0.5104514297628369
CXCR3+,MS,CSF_31,CGATGGCTCGTTTAGG-1,0.23089589579674463
CXCR3-,MS,CSF_31,CGATGTACAAGCTGAG-1,-0.10056797643315316
CXCR3-,MS,CSF_31,CGATTGAGTAGAGCTG-1,0.3339004342811002
CXCR3+,MS,CSF_31,CGCCAAGGTACACCGC-1,-0.20128931058351468
CXCR3-,MS,CSF_31,CGCCAAGGTCTGCGGT-1,-0.10056797643315316
CXCR3+,MS,CSF_31,CGCTATCTCAGCCTAA-1,0.06769858126248422
CXCR3+,MS,CSF_31,CGCTGGAAGGTGTTAA-1,-0.3847982656425662
CXCR3-,MS,CSF_31,CGCTGGAGTCACACGC-1,-0.10056797643315316
CXCR3+,MS,CSF_31,CGCTGGAGTTAAGAAC-1,-0.2694446142718681
CXCR3-,MS,CSF_31,CGCTTCACAATCCGAT-1,-0.10056797643315316
CXCR3-,MS,CSF_31,CGCTTCATCACGGTTA-1,0.26158620360322804
CXCR3-,MS,CSF_31,CGGACGTAGAACTCGG-1,0.17501513742717828
CXCR3-,MS,CSF_31,CGGACGTGTGTTTGGT-1,-0.10056797643315316
CXCR3+,MS,CSF_31,CGGACTGAGATCTGCT-1,-0.2806861555020691
CXCR3+,MS,CSF_31,CGGACTGAGGGATACC-1,-0.6079342154907883
CXCR3+,MS,CSF_31,CGGCTAGCATGAGCGA-1,0.3801367285534901
CXCR3-,MS,CSF_31,CGGCTAGGTCACTTCC-1,0.41331717587372024
CXCR3-,MS,CSF_31,CGGGTCAAGAGAACAG-1,0.3067631210992137
CXCR3+,MS,CSF_31,CGGGTCAAGCGTTGCC-1,-0.7086950797034464
CXCR3+,MS,CSF_31,CGGGTCAGTTCACGGC-1,-0.03872606402425687
CXCR3+,MS,CSF_31,CGGTTAAAGGACGAAA-1,0.3639947115826301
CXCR3-,MS,CSF_31,CGGTTAATCCGCGCAA-1,-0.10783307562341962
CXCR3+,MS,CSF_31,CGTAGCGGTGACGGTA-1,0.12752215906982073
CXCR3-,MS,CSF_31,CGTAGCGGTTAGATGA-1,0.2234059857164076
CXCR3+,MS,CSF_31,CGTAGGCGTACCATCA-1,0.25136526141580784
CXCR3+,MS,CSF_31,CGTCACTAGATATGGT-1,-0.29884448034284056
CXCR3-,MS,CSF_31,CGTCACTAGCATGGCA-1,-0.27759801819889984
CXCR3+,MS,CSF_31,CGTCACTTCTTGAGGT-1,0.6577018671128511
CXCR3-,MS,CSF_31,CGTCAGGCAGCAGTTT-1,0.5854656772915098
CXCR3+,MS,CSF_31,CGTCAGGCAGGCTGAA-1,-0.10056797643315316
CXCR3+,MS,CSF_31,CGTCAGGGTTGGACCC-1,-0.10056797643315316
CXCR3-,MS,CSF_31,CGTCTACAGAAACGAG-1,-0.10056797643315316
CXCR3+,MS,CSF_31,CGTGAGCAGACGCACA-1,-0.10056797643315316
CXCR3-,MS,CSF_31,CGTGAGCCAACCGCCA-1,0.1016833872993191
CXCR3+,MS,CSF_31,CGTGAGCCACGGTAAG-1,0.19589485365495543
CXCR3+,MS,CSF_31,CGTGAGCGTTCGAATC-1,0.3680091521894095
CXCR3-,MS,CSF_31,CGTGAGCTCCGGGTGT-1,0.268080835998616
CXCR3+,MS,CSF_31,CGTGTAACAGAGCCAA-1,0.04700140788454727
CXCR3-,MS,CSF_31,CGTGTCTTCGTTTATC-1,0.09802316246387396
CXCR3-,MS,CSF_31,CGTTAGACAGATTGCT-1,0.46125372241125195
CXCR3+,MS,CSF_31,CGTTAGAGTGCACTTA-1,0.25526107284546257
CXCR3-,MS,CSF_31,CGTTGGGGTCCGTCAG-1,0.6626358725875932
CXCR3+,MS,CSF_31,CTAAGACTCTACTCAT-1,-0.10056797643315316
CXCR3+,MS,CSF_31,CTAATGGGTAGAAAGG-1,0.3108996071659778
CXCR3-,MS,CSF_31,CTACCCAAGCCCAATT-1,-0.4790258907408901
CXCR3+,MS,CSF_31,CTACCCAAGGGAAACA-1,0.001565025482989301
CXCR3-,MS,CSF_31,CTACGTCAGAGATGAG-1,-0.10056797643315316
CXCR3-,MS,CSF_31,CTACGTCCACCGAAAG-1,0.27108550913542756
CXCR3-,MS,CSF_31,CTACGTCCAGGGTTAG-1,0.39972703445238894
CXCR3+,MS,CSF_31,CTAGAGTAGCCTCGTG-1,-0.04397711848486636
CXCR3-,MS,CSF_31,CTAGAGTCATCCGGGT-1,0.14762149493182258
CXCR3+,MS,CSF_31,CTAGCCTCATGTCTCC-1,0.25286097008102854
CXCR3+,MS,CSF_31,CTAGCCTGTTCAGACT-1,-0.10056797643315316
CXCR3+,MS,CSF_31,CTCACACCAAGCCATT-1,-0.10056797643315316
CXCR3+,MS,CSF_31,CTCACACTCCAGAGGA-1,0.05903387806458247
CXCR3+,MS,CSF_31,CTCAGAAAGATCACGG-1,-0.029901537644034946
CXCR3+,MS,CSF_31,CTCATTACAGCTCGCA-1,-0.2618583515972288
CXCR3+,MS,CSF_31,CTCATTACATGGTTGT-1,0.20617799664803968
CXCR3+,MS,CSF_31,CTCATTAGTGATAAAC-1,-0.38571500576121537
CXCR3+,MS,CSF_31,CTCATTATCACAATGC-1,-0.10056797643315316
CXCR3+,MS,CSF_31,CTCCTAGAGAAGGCCT-1,-0.10056797643315316
CXCR3-,MS,CSF_31,CTCCTAGTCAACCAAC-1,-0.10056797643315316
CXCR3+,MS,CSF_31,CTCGAAAGTACATCCA-1,0.1032981709263592
CXCR3+,MS,CSF_31,CTCGAGGCAGCCTATA-1,0.4066667339665106
CXCR3-,MS,CSF_31,CTCGGGATCGGAGGTA-1,0.1748752356693717
CXCR3-,MS,CSF_31,CTCGTACGTATTCTCT-1,-0.10056797643315316
CXCR3+,MS,CSF_31,CTCGTACTCAAACCGT-1,-0.29237077397514666
CXCR3+,MS,CSF_31,CTCGTACTCACTCTTA-1,0.1776827938017074
CXCR3-,MS,CSF_31,CTCGTACTCGAGAACG-1,-0.08546877595260924
CXCR3-,MS,CSF_31,CTCTACGAGACAAGCC-1,-0.10056797643315316
CXCR3+,MS,CSF_31,CTCTACGCATACCATG-1,-0.10056797643315316
CXCR3-,MS,CSF_31,CTCTGGTAGACCGGAT-1,-0.21341098653727655
CXCR3+,MS,CSF_31,CTGAAACAGCGATTCT-1,-0.5872199382842757
CXCR3-,MS,CSF_31,CTGATAGAGAGGGATA-1,-0.745029127526409
CXCR3+,MS,CSF_31,CTGATAGAGGGTCTCC-1,-0.15547862693073
CXCR3-,MS,CSF_31,CTGATAGAGTGGCACA-1-1,0.5082697299150446
CXCR3+,MS,CSF_31,CTGATAGGTACAGTGG-1,0.27324987811897933
CXCR3-,MS,CSF_31,CTGATAGGTGTGAATA-1,-0.10056797643315316
CXCR3+,MS,CSF_31,CTGCCTATCGAATCCA-1,-0.6151530505100163
CXCR3-,MS,CSF_31,CTGCGGAAGACTTTCG-1,0.04927461344361293
CXCR3-,MS,CSF_31,CTGCGGAGTCGGATCC-1,0.31160015115513456
CXCR3+,MS,CSF_31,CTGCGGATCCAAACTG-1,-0.03717816211820884
CXCR3-,MS,CSF_31,CTGCTGTAGTCATCCA-1,-0.10056797643315316
CXCR3-,MS,CSF_31,CTGCTGTCAAGTCTGT-1,0.09921217407439113
CXCR3-,MS,CSF_31,CTGGTCTAGCTAGTCT-1,0.05435617788999105
CXCR3+,MS,CSF_31,CTGGTCTAGTGCAAGC-1,0.19015684169603284
CXCR3-,MS,CSF_31,CTGTGCTAGACCTTTG-1,-0.049032872253520925
CXCR3-,MS,CSF_31,CTGTGCTGTGCGATAG-1,0.02027754348152
CXCR3-,MS,CSF_31,CTGTTTAGTTACCGAT-1,-0.10056797643315316
CXCR3-,MS,CSF_31,CTGTTTAGTTGGAGGT-1,-0.10056797643315316
CXCR3-,MS,CSF_31,CTTAACTAGCGTTGCC-1,0.057933293522439866
CXCR3+,MS,CSF_31,CTTAGGATCACGATGT-1,0.08833035182894067
CXCR3+,MS,CSF_31,CTTCTCTGTGCAGTAG-1,0.41240817975018024
CXCR3+,MS,CSF_31,CTTCTCTTCCTGCAGG-1,0.013992954182640778
CXCR3+,MS,CSF_31,CTTGGCTTCCTTTCGG-1,-0.11432851894778871
CXCR3-,MS,CSF_31,CTTGGCTTCTTCGAGA-1,-0.6244322734029052
CXCR3+,MS,CSF_31,GAAACTCAGCTGGAAC-1,-0.4720264398667212
CXCR3-,MS,CSF_31,GAAACTCTCCACGCAG-1,-0.09593998646045779
CXCR3-,MS,CSF_31,GAAATGACATAGTAAG-1,-0.3642455292683483
CXCR3+,MS,CSF_31,GAACATCGTTCTGAAC-1,-0.2760086068989748
CXCR3-,MS,CSF_31,GAACCTAGTGAAATCA-1,-0.10056797643315316
CXCR3-,MS,CSF_31,GAACGGAGTTCACCTC-1,0.03236186033629039
CXCR3-,MS,CSF_31,GAACGGATCATGCATG-1,-0.10056797643315316
CXCR3+,MS,CSF_31,GAACGGATCGCGGATC-1,-0.309264750026698
CXCR3+,MS,CSF_31,GAACGGATCTATGTGG-1,0.31182276498705414
CXCR3-,MS,CSF_31,GAATGAACATGGTCTA-1,-0.5602488900346113
CXCR3+,MS,CSF_31,GACACGCCACGGATAG-1,0.11912913074284923
CXCR3+,MS,CSF_31,GACACGCGTGGTACAG-1,0.08489315765426583
CXCR3+,MS,CSF_31,GACACGCGTTACGCGC-1,-0.10056797643315316
CXCR3-,MS,CSF_31,GACACGCTCCGCGGTA-1,-0.19417978633096475
CXCR3+,MS,CSF_31,GACAGAGAGAGCTTCT-1,0.09263779942726003
CXCR3-,MS,CSF_31,GACCAATCAACTGGCC-1,-0.10056797643315316
CXCR3+,MS,CSF_31,GACCAATCACGCGAAA-1,-0.11491442235708509
CXCR3-,MS,CSF_31,GACCAATGTACTCTCC-1,0.23499974203749802
CXCR3+,MS,CSF_31,GACGCGTCAGGAACGT-1,-0.10056797643315316
CXCR3-,MS,CSF_31,GACGGCTGTTAGAACA-1,0.34837046895523704
CXCR3+,MS,CSF_31,GACGGCTTCAAGATCC-1,-0.22945458106280697
CXCR3+,MS,CSF_31,GACGTGCCAACTGGCC-1,-0.34803459462754116
CXCR3+,MS,CSF_31,GACGTGCCATCACAAC-1,-0.2926076772297917
CXCR3+,MS,CSF_31,GACGTGCTCCACGTGG-1,0.25697230823841805
CXCR3+,MS,CSF_31,GACGTTAAGGCTAGGT-1,-0.10056797643315316
CXCR3-,MS,CSF_31,GACGTTAGTGCAGTAG-1,-0.23195220648205409
CXCR3+,MS,CSF_31,GACGTTATCCGTAGTA-1,-0.0442229087650688
CXCR3+,MS,CSF_31,GACTAACCACGTTGGC-1,-0.10056797643315316
CXCR3-,MS,CSF_31,GACTAACTCCGAACGC-1,-0.24353479400354047
CXCR3+,MS,CSF_31,GACTAACTCTGTTTGT-1,0.21915422025136716
CXCR3+,MS,CSF_31,GACTAACTCTTTACAC-1,0.08997463194354381
CXCR3+,MS,CSF_31,GACTACAGTTTCGCTC-1,0.08483321204772218
CXCR3-,MS,CSF_31,GACTGCGAGAGTGAGA-1,0.05447489735201667
CXCR3-,MS,CSF_31,GACTGCGGTTACGCGC-1,0.1218535071233262
CXCR3+,MS,CSF_31,GAGCAGACACAACGTT-1,0.11718023171988816
CXCR3+,MS,CSF_31,GAGCAGACATTAGGCT-1,-0.047692290992395546
CXCR3+,MS,CSF_31,GAGTCCGTCAGAGGTG-1,-0.14791431606006555
CXCR3-,MS,CSF_31,GATCGATTCGTGGACC-1,-0.335719439620709
CXCR3+,MS,CSF_31,GATCGCGCAATGGAAT-1,-0.1777034933228004
CXCR3+,MS,CSF_31,GATCGCGTCACCTTAT-1,-0.0406590165928019
CXCR3-,MS,CSF_31,GATCGTAAGTGGGCTA-1,0.1368406670105558
CXCR3-,MS,CSF_31,GATCTAGCAAGCTGAG-1,0.3049139548947772
CXCR3-,MS,CSF_31,GATCTAGCACGTGAGA-1,0.4268676817623361
CXCR3+,MS,CSF_31,GATGAAAAGGCAGGTT-1,-0.10056797643315316
CXCR3+,MS,CSF_31,GATGAAACAAGCGAGT-1,-0.11233729256938242
CXCR3-,MS,CSF_31,GATGAAAGTCCAACTA-1,-0.10056797643315316
CXCR3+,MS,CSF_31,GATGAAAGTTATTCTC-1,0.4223017831066585
CXCR3-,MS,CSF_31,GATGAGGGTATTCTCT-1,0.35386475726880373
CXCR3+,MS,CSF_31,GATGCTAGTTATGCGT-1,0.21398416393870254
CXCR3+,MS,CSF_31,GATTCAGAGCTAGTGG-1,-0.3129841304014925
CXCR3-,MS,CSF_31,GATTCAGGTCTAAACC-1,-0.12121654972777787
CXCR3-,MS,CSF_31,GCAAACTTCGGCTTGG-1,-0.10056797643315316
CXCR3+,MS,CSF_31,GCAATCACAGGCTGAA-1,-0.07857052676992297
CXCR3+,MS,CSF_31,GCAATCACAGTACACT-1,0.14326660006559427
CXCR3+,MS,CSF_31,GCAATCATCGGTTAAC-1,0.022288170626422774
CXCR3+,MS,CSF_31,GCAATCATCTGATACG-1,-0.1175797248489513
CXCR3-,MS,CSF_31,GCACATAAGAGTAATC-1,-0.10056797643315316
CXCR3+,MS,CSF_31,GCACATACATCGATTG-1,-0.10056797643315316
CXCR3+,MS,CSF_31,GCACATAGTCGATTGT-1,0.5000371002117451
CXCR3+,MS,CSF_31,GCAGCCATCCACGTGG-1,0.49052005928039116
CXCR3+,MS,CSF_31,GCATACAAGGTCATCT-1,-0.5411956442160835
CXCR3-,MS,CSF_31,GCATACACAGTGGAGT-1,-0.38027381897104845
CXCR3-,MS,CSF_31,GCATGATAGGATGTAT-1,-0.5098127820536065
CXCR3+,MS,CSF_31,GCATGATTCTTCGAGA-1,-0.006471130759473539
CXCR3+,MS,CSF_31,GCATGCGAGAACAACT-1,0.08148940370677914
CXCR3-,MS,CSF_31,GCATGCGAGGTGCTTT-1,-0.20822473562132288
CXCR3+,MS,CSF_31,GCATGCGCACAAGCCC-1,-0.44755759334341405
CXCR3-,MS,CSF_31,GCATGCGTCATACGGT-1,-0.10056797643315316
CXCR3+,MS,CSF_31,GCATGTACAGGGATTG-1,1.0931873782413142
CXCR3-,MS,CSF_31,GCATGTACAGTCAGCC-1,0.16178808058632724
CXCR3+,MS,CSF_31,GCATGTAGTCACTGGC-1,0.5279408549729053
CXCR3+,MS,CSF_31,GCATGTATCTGATACG-1,0.5141491638615213
CXCR3-,MS,CSF_31,GCCAAATCAGATCCAT-1,0.6151431205818765
CXCR3+,MS,CSF_31,GCCAAATCATACTACG-1,-0.5130994582524152
CXCR3+,MS,CSF_31,GCCAAATCATCAGTAC-1,-0.29858736920194834
CXCR3+,MS,CSF_31,GCCAAATGTTTGGCGC-1,-0.6431518594834448
CXCR3+,MS,CSF_31,GCCAAATTCTGGTGTA-1,-1.208879360296795
CXCR3+,MS,CSF_31,GCCTCTAGTATGGTTC-1,0.19793361869720724
CXCR3+,MS,CSF_31,GCCTCTAGTTTGTGTG-1,-0.23743045323187867
CXCR3-,MS,CSF_31,GCGACCAAGATGCGAC-1,-0.10056797643315316
CXCR3-,MS,CSF_31,GCGAGAAAGATGTGTA-1,-0.11965317087839562
CXCR3-,MS,CSF_31,GCGAGAAAGCAGGTCA-1,0.30233815808191206
CXCR3-,MS,CSF_31,GCGCAACCATTCCTGC-1,-0.22876068719953638
CXCR3+,MS,CSF_31,GCGCAGTAGCTAACTC-1,0.48227410434853196
CXCR3+,MS,CSF_31,GCGCAGTTCAGAGGTG-1,-0.02742243331761494
CXCR3-,MS,CSF_31,GCGCCAAGTAAGAGAG-1,0.4473028334832
CXCR3+,MS,CSF_31,GCGCCAAGTAGCGTAG-1,-0.40043934259796643
CXCR3-,MS,CSF_31,GCGCGATGTGAGCGAT-1,0.15436755158251605
CXCR3-,MS,CSF_31,GCGGGTTTCACTTACT-1,0.37498494562012347
CXCR3-,MS,CSF_31,GCTCCTATCAACACAC-1,0.4096028490355187
CXCR3-,MS,CSF_31,GCTCCTATCTCATTCA-1,-0.03214628116856945
CXCR3-,MS,CSF_31,GCTCTGTTCACCAGGC-1,-0.10056797643315316
CXCR3-,MS,CSF_31,GCTGCAGCAAGACACG-1,-0.20042242798950846
CXCR3+,MS,CSF_31,GCTGCTTCAGACGCCT-1,0.13249312451891013
CXCR3-,MS,CSF_31,GCTGGGTAGGATGGTC-1,-0.1991948672409973
CXCR3+,MS,CSF_31,GCTGGGTCATGCTAGT-1,-0.2560186393656144
CXCR3+,MS,CSF_31,GCTGGGTTCTCTGTCG-1,0.2668041597446749
CXCR3+,MS,CSF_31,GCTTGAACATCTACGA-1,0.28023849798773537
CXCR3+,MS,CSF_31,GCTTGAAGTAGCCTCG-1,-0.10056797643315316
CXCR3-,MS,CSF_31,GGAATAAAGTTATCGC-1,-0.3495092550354827
CXCR3+,MS,CSF_31,GGAATAATCAAGAAGT-1,0.11019926042605777
CXCR3-,MS,CSF_31,GGACAAGAGCGATATA-1,0.2583229030847064
CXCR3+,MS,CSF_31,GGACAAGAGGCAGGTT-1,0.44070036460044654
CXCR3+,MS,CSF_31,GGACAAGGTCAAAGCG-1,-0.10056797643315316
CXCR3-,MS,CSF_31,GGACAAGTCACAGGCC-1,0.32183869282757316
CXCR3-,MS,CSF_31,GGACAAGTCTGCGTAA-1,0.03667918736660664
CXCR3+,MS,CSF_31,GGACAGACAAGGGTCA-1,-0.040197651228906124
CXCR3+,MS,CSF_31,GGACAGACAGAGTGTG-1,-0.25185136671103664
CXCR3-,MS,CSF_31,GGACAGAGTAGAAAGG-1,-0.4461684388406478
CXCR3-,MS,CSF_31,GGACATTAGATATGGT-1,-0.20591752846374903
CXCR3+,MS,CSF_31,GGATGTTAGATGCCAG-1,0.03631792033437285
CXCR3-,MS,CSF_31,GGATGTTAGTCTCAAC-1,0.4743797092582813
CXCR3-,MS,CSF_31,GGATGTTGTATAAACG-1,-0.21926208880823456
CXCR3+,MS,CSF_31,GGATGTTGTTCCACAA-1,-0.20573371435034513
CXCR3+,MS,CSF_31,GGATTACTCCGCGGTA-1,-0.10056797643315316
CXCR3-,MS,CSF_31,GGCAATTCATTCCTGC-1,0.29270688418800006
CXCR3-,MS,CSF_31,GGCAATTGTCGACTAT-1,0.4329758055811665
CXCR3+,MS,CSF_31,GGCCGATAGATTACCC-1,0.06269038924046862
CXCR3+,MS,CSF_31,GGCCGATTCCGAATGT-1,-0.04129902025283904
CXCR3+,MS,CSF_31,GGCGACTAGGCTAGCA-1,-0.10056797643315316
CXCR3-,MS,CSF_31,GGCGACTGTCGAGTTT-1,-0.10056797643315316
CXCR3+,MS,CSF_31,GGCGTGTCAATGAATG-1,0.23412787600963453
CXCR3+,MS,CSF_31,GGCGTGTCATGATCCA-1,0.3392908034463897
CXCR3+,MS,CSF_31,GGCGTGTGTCGACTAT-1,-0.037666966279879706
CXCR3-,MS,CSF_31,GGCTCGATCCTGCTTG-1,0.6414696946897946
CXCR3-,MS,CSF_31,GGCTCGATCGGCTTGG-1,-0.10056797643315316
CXCR3+,MS,CSF_31,GGCTGGTGTGCGAAAC-1,-0.10056797643315316
CXCR3+,MS,CSF_31,GGGAATGAGATCTGCT-1,-0.10056797643315316
CXCR3-,MS,CSF_31,GGGAATGAGCGATATA-1,0.4061443097914017
CXCR3+,MS,CSF_31,GGGACCTGTACTTAGC-1,-0.20530364686629335
CXCR3+,MS,CSF_31,GGGAGATCACCGAAAG-1,0.5927134452723648
CXCR3-,MS,CSF_31,GGGAGATTCTCGATGA-1,-0.2358709458991803
CXCR3-,MS,CSF_31,GGGCACTAGCGTTTAC-1,-0.2961661732850927
CXCR3+,MS,CSF_31,GGGCACTCACGGACAA-1,-0.20960616597381826
CXCR3+,MS,CSF_31,GGGCATCTCCTTGCCA-1,0.21760273343906272
CXCR3+,MS,CSF_31,GGGTCTGAGTAATCCC-1,0.12275370210828943
CXCR3+,MS,CSF_31,GGGTCTGGTACACCGC-1,-0.8487877727046448
CXCR3+,MS,CSF_31,GGGTCTGGTATTCGTG-1,-0.03593947056470229
CXCR3-,MS,CSF_31,GGGTTGCAGATCGATA-1,-0.10056797643315316
CXCR3-,MS,CSF_31,GGGTTGCTCCACGAAT-1,0.005023959109266706
CXCR3-,MS,CSF_31,GGTGTTAGTCTTGCGG-1,-0.5209994416767894
CXCR3+,MS,CSF_31,GTAACGTTCGATCCCT-1,-0.14498689966956627
CXCR3+,MS,CSF_31,GTAACTGGTCCTAGCG-1,0.7595242112067696
CXCR3+,MS,CSF_31,GTACGTACACTTACGA-1,-0.10056797643315316
CXCR3-,MS,CSF_31,GTACGTACATCCGTGG-1,0.1732567230744159
CXCR3+,MS,CSF_31,GTACTCCAGAAAGTGG-1,-0.4176301844936653
CXCR3-,MS,CSF_31,GTACTTTCAAAGCAAT-1,0.07600305922660013
CXCR3-,MS,CSF_31,GTACTTTTCTCGATGA-1,-0.5024335512711903
CXCR3-,MS,CSF_31,GTAGGCCCAACAACCT-1,0.13335662463275286
CXCR3+,MS,CSF_31,GTAGGCCTCATGCTCC-1,0.05700585494505509
CXCR3-,MS,CSF_31,GTAGTCACAGGACGTA-1,0.08402277726329795
CXCR3-,MS,CSF_31,GTAGTCAGTAGTGAAT-1,0.029487190163201168
CXCR3+,MS,CSF_31,GTAGTCAGTCTCCCTA-1,-0.10056797643315316
CXCR3-,MS,CSF_31,GTATCTTAGTGGTCCC-1,0.14681765998728613
CXCR3-,MS,CSF_31,GTATTCTCAGGTCTCG-1,0.6277550391960769
CXCR3+,MS,CSF_31,GTATTCTTCCTACAGA-1,-0.15907972531955863
CXCR3-,MS,CSF_31,GTCAAGTTCTGCTGCT-1,0.4781301933500518
CXCR3+,MS,CSF_31,GTCACAAAGCGGCTTC-1,-0.08435722273071812
CXCR3-,MS,CSF_31,GTCACAAAGGAATCGC-1,0.05477881189915871
CXCR3+,MS,CSF_31,GTCACAAAGGCGACAT-1,0.19963956451247053
CXCR3-,MS,CSF_31,GTCACGGGTTCGTTGA-1,0.32741744442416326
CXCR3-,MS,CSF_31,GTCATTTCACTACAGT-1,-0.24457343535448015
CXCR3-,MS,CSF_31,GTCATTTGTCTAAAGA-1,-0.4145628543343248
CXCR3-,MS,CSF_31,GTCATTTTCTATCGCC-1,-0.10056797643315316
CXCR3-,MS,CSF_31,GTCCTCAAGGCTATCT-1,-0.10056797643315316
CXCR3+,MS,CSF_31,GTCCTCACATTATCTC-1,0.09378587732394461
CXCR3-,MS,CSF_31,GTCCTCAGTCTTCTCG-1,0.2823989723242569
CXCR3+,MS,CSF_31,GTCGGGTGTGTTAAGA-1,-0.33866300956428763
CXCR3+,MS,CSF_31,GTCGGGTTCCACGACG-1,-0.43428019004689095
CXCR3-,MS,CSF_31,GTCGTAATCGACGGAA-1,0.1242394359577149
CXCR3+,MS,CSF_31,GTCTCGTAGTTATCGC-1,-0.10056797643315316
CXCR3+,MS,CSF_31,GTCTCGTGTTGATTCG-1,0.07535176963809002
CXCR3-,MS,CSF_31,GTCTCGTTCGCAAACT-1,-0.10056797643315316
CXCR3-,MS,CSF_31,GTGAAGGAGCGTGTCC-1,-0.10056797643315316
CXCR3+,MS,CSF_31,GTGAAGGCAATGGAGC-1,0.30472033032032775
CXCR3-,MS,CSF_31,GTGAAGGCATATACGC-1,-0.02002941725898179
CXCR3+,MS,CSF_31,GTGAAGGGTAAGTGTA-1,0.19334382456296617
CXCR3+,MS,CSF_31,GTGCAGCAGCGTCAAG-1,0.11682106071112079
CXCR3+,MS,CSF_31,GTGCAGCTCCAGTATG-1,0.1701978336957957
CXCR3+,MS,CSF_31,GTGCATAAGCGAAGGG-1,-0.3022580960044737
CXCR3+,MS,CSF_31,GTGCGGTCATTAACCG-1,-0.3274985368353162
CXCR3+,MS,CSF_31,GTGCGGTGTAGCTCCG-1,0.47839392277981607
CXCR3-,MS,CSF_31,GTGCTTCCATCGGTTA-1,-0.10056797643315316
CXCR3+,MS,CSF_31,GTGGGTCAGAGCTGGT-1,-0.10056797643315316
CXCR3-,MS,CSF_31,GTGGGTCAGAGTGACC-1,0.5810927386237706
CXCR3-,MS,CSF_31,GTGTGCGCACAGGAGT-1,-0.5355104235752915
CXCR3-,MS,CSF_31,GTGTTAGTCCTTCAAT-1,0.13966175159719754
CXCR3+,MS,CSF_31,GTTAAGCCACACAGAG-1,-0.10056797643315316
CXCR3+,MS,CSF_31,GTTACAGCAAGTCATC-1,0.30100269771956345
CXCR3+,MS,CSF_31,GTTACAGTCTTAGAGC-1,-0.20614217269499827
CXCR3+,MS,CSF_31,GTTCATTAGTACTTGC-1,-0.3119753656408671
CXCR3-,MS,CSF_31,GTTCGGGCACTACAGT-1,-0.05354520145591157
CXCR3+,MS,CSF_31,GTTCGGGGTAGAAAGG-1,-0.0021191208527064865
CXCR3-,MS,CSF_31,GTTCGGGTCTATGTGG-1,-0.10056797643315316
CXCR3-,MS,CSF_31,GTTCTCGGTACCGTTA-1,-0.24124464263627785
CXCR3+,MS,CSF_31,GTTTCTACATTATCTC-1,-0.10056797643315316
CXCR3+,MS,CSF_31,TAAACCGGTCCTCCAT-1,-0.10056797643315316
CXCR3-,MS,CSF_31,TAAGCGTTCAACGCTA-1,-0.10056797643315316
CXCR3-,MS,CSF_31,TAAGCGTTCCAGAGGA-1,-0.10056797643315316
CXCR3+,MS,CSF_31,TAAGTGCAGGCCCGTT-1,-0.10056797643315316
CXCR3+,MS,CSF_31,TACACGAAGCCAGTTT-1,0.21413979300102498
CXCR3+,MS,CSF_31,TACACGAAGTTAAGTG-1,-0.19859638688551967
CXCR3-,MS,CSF_31,TACACGACACCAGGTC-1,-0.29211778339135436
CXCR3+,MS,CSF_31,TACACGATCTAACGGT-1,-0.014467771051624763
CXCR3+,MS,CSF_31,TACAGTGAGAAGGGTA-1,-0.20069850958993657
CXCR3-,MS,CSF_31,TACAGTGAGTTCGATC-1,-0.1581655729816176
CXCR3-,MS,CSF_31,TACAGTGGTTGCCTCT-1,0.6132795139738624
CXCR3+,MS,CSF_31,TACCTATAGGATATAC-1,-0.10056797643315316
CXCR3-,MS,CSF_31,TACCTTAGTCCGTTAA-1,0.11016548846037173
CXCR3+,MS,CSF_31,TACGGGCAGCAGACTG-1,-0.5719646421146306
CXCR3+,MS,CSF_31,TACGGTAGTGACTACT-1,-0.3025366597608021
CXCR3-,MS,CSF_31,TACTCATTCAGGATCT-1,0.1332677041375296
CXCR3+,MS,CSF_31,TACTCGCTCAGTACGT-1,0.19064474755747107
CXCR3-,MS,CSF_31,TACTTACGTTAAAGTG-1,-0.507774813405494
CXCR3+,MS,CSF_31,TAGACCATCTTACCTA-1,0.9508226044869627
CXCR3+,MS,CSF_31,TAGCCGGAGCGGCTTC-1,-0.312946606519565
CXCR3+,MS,CSF_31,TAGCCGGAGGCAAAGA-1,0.1537077402606861
CXCR3+,MS,CSF_31,TAGTGGTAGTGGGATC-1,0.521213317992785
CXCR3-,MS,CSF_31,TAGTGGTCATGTCGAT-1,0.04814700194617053
CXCR3-,MS,CSF_31,TAGTGGTTCTTACCGC-1,0.21070845651043177
CXCR3+,MS,CSF_31,TAGTTGGCAATGACCT-1,-0.22056626707759325
CXCR3+,MS,CSF_31,TATCAGGAGATAGGAG-1,0.00891033283741485
CXCR3+,MS,CSF_31,TATCAGGAGCAGCGTA-1,0.267822518108775
CXCR3-,MS,CSF_31,TATCAGGGTATCACCA-1,-0.10056797643315316
CXCR3+,MS,CSF_31,TATCTCAAGACAGGCT-1,0.5231088454334676
CXCR3+,MS,CSF_31,TATCTCAGTAGGGTAC-1,-0.10056797643315316
CXCR3-,MS,CSF_31,TATCTCATCCTTAATC-1,-0.10056797643315316
CXCR3+,MS,CSF_31,TATTACCAGATATGGT-1,-0.10056797643315316
CXCR3+,MS,CSF_31,TATTACCCATTACCTT-1,-0.21128870788370577
CXCR3+,MS,CSF_31,TCAACGAGTACTTGAC-1,-0.3569116276368164
CXCR3-,MS,CSF_31,TCAACGATCCTTTCGG-1,0.17651552849540783
CXCR3-,MS,CSF_31,TCAATCTCACGCCAGT-1,0.27440049872451094
CXCR3-,MS,CSF_31,TCACAAGAGTTAAGTG-1,0.08145343219582489
CXCR3+,MS,CSF_31,TCACAAGTCCTGCCAT-1,-0.2050205587031662
CXCR3-,MS,CSF_31,TCAGATGTCGGATGGA-1,-0.008470353179670027
CXCR3-,MS,CSF_31,TCAGCTCAGCAGGCTA-1,0.3772098951328333
CXCR3-,MS,CSF_31,TCAGCTCCAGGATTGG-1,0.24652856983352267
CXCR3+,MS,CSF_31,TCAGGATAGGTGTGGT-1,-0.2864078781047394
CXCR3+,MS,CSF_31,TCAGGATCAATGAATG-1,0.0610272224514539
CXCR3-,MS,CSF_31,TCAGGATCAGGGTTAG-1,0.45556366110171037
CXCR3+,MS,CSF_31,TCAGGTAGTGATGCCC-1,-0.6213030086124706
CXCR3+,MS,CSF_31,TCATTTGCATTCGACA-1,0.05002023080091328
CXCR3-,MS,CSF_31,TCATTTGGTCCTCTTG-1,-0.10056797643315316
CXCR3+,MS,CSF_31,TCCCGATAGTGCAAGC-1,-1.0549298959654054
CXCR3-,MS,CSF_31,TCGAGGCGTCTCATCC-1,0.09515483437472629
CXCR3-,MS,CSF_31,TCGCGTTCAAAGTCAA-1,-0.22231057305029892
CXCR3+,MS,CSF_31,TCGCGTTCAAGCGAGT-1,0.2407460216624899
CXCR3+,MS,CSF_31,TCGCGTTCAAGCTGTT-1,-0.10056797643315316
CXCR3-,MS,CSF_31,TCGCGTTCATACTCTT-1,-0.10056797643315316
CXCR3+,MS,CSF_31,TCGGGACCAGCTGCTG-1,1.0432748024524188
CXCR3+,MS,CSF_31,TCGGGACTCCTTCAAT-1,0.08441448712358698
CXCR3+,MS,CSF_31,TCGGTAAGTAGAGCTG-1,0.4060520881023469
CXCR3-,MS,CSF_31,TCGTAGAGTTACCGAT-1,0.0752825939628808
CXCR3-,MS,CSF_31,TCTCATACAGTCGTGC-1-2,0.20541695874134533
CXCR3-,MS,CSF_31,TCTCATAGTCTCACCT-1,-0.16885612103629505
CXCR3+,MS,CSF_31,TCTCATATCACGACTA-1,0.44892021002125004
CXCR3+,MS,CSF_31,TCTCTAAAGACACGAC-1,-0.06350701135125411
CXCR3-,MS,CSF_31,TCTCTAACAGCCTGTG-1,-0.10056797643315316
CXCR3-,MS,CSF_31,TCTGAGACAGATAATG-1,-0.10056797643315316
CXCR3+,MS,CSF_31,TCTGAGATCACCATAG-1,0.06449329845550042
CXCR3-,MS,CSF_31,TCTGGAATCCGCGGTA-1,0.16478755974516027
CXCR3-,MS,CSF_31,TCTGGAATCGGACAAG-1,0.23354116078662265
CXCR3+,MS,CSF_31,TCTTCGGAGAGAACAG-1,0.2720787373870816
CXCR3+,MS,CSF_31,TCTTTCCAGGCAGGTT-1,-0.5093426655120108
CXCR3+,MS,CSF_31,TGAAAGATCTGCGACG-1,-0.18340649122084235
CXCR3+,MS,CSF_31,TGACTAGGTTATGTGC-1,0.06522208094907116
CXCR3+,MS,CSF_31,TGACTTTAGACCTTTG-1,0.03172394200342115
CXCR3-,MS,CSF_31,TGACTTTAGAGCTTCT-1,-0.10056797643315316
CXCR3+,MS,CSF_31,TGACTTTTCGTCCGTT-1,0.18251142074095839
CXCR3-,MS,CSF_31,TGAGAGGTCTGCGTAA-1,-0.10056797643315316
CXCR3+,MS,CSF_31,TGAGCATCATTACCTT-1,0.41169498833720014
CXCR3-,MS,CSF_31,TGAGCATTCACGCATA-1,-0.10056797643315316
CXCR3+,MS,CSF_31,TGAGCCGAGTGGGTTG-1,0.32561596929030084
CXCR3-,MS,CSF_31,TGAGGGAAGTGCCATT-1,0.10883508228414719
CXCR3-,MS,CSF_31,TGAGGGAGTGCAACGA-1,0.7875801883570073
CXCR3-,MS,CSF_31,TGATTTCCACGAAGCA-1,-0.5774016016509546
CXCR3+,MS,CSF_31,TGATTTCTCAATCACG-1,-0.17057716280362054
CXCR3-,MS,CSF_31,TGCACCTAGCTAGTCT-1,-0.10056797643315316
CXCR3+,MS,CSF_31,TGCACCTTCATGTGGT-1,-0.08690888812159925
CXCR3+,MS,CSF_31,TGCCAAATCATCTGTT-1,-0.3181804584462036
CXCR3+,MS,CSF_31,TGCCAAATCGGTCCGA-1,0.08225739830000775
CXCR3+,MS,CSF_31,TGCCCTAGTGCACTTA-1,0.08152016167415958
CXCR3-,MS,CSF_31,TGCCCTAGTGTGTGCC-1,0.18002907695286188
CXCR3+,MS,CSF_31,TGCCCTAGTTGGAGGT-1,-0.46468011985830276
CXCR3+,MS,CSF_31,TGCGCAGAGGCTAGCA-1,0.10736616787665486
CXCR3-,MS,CSF_31,TGCGCAGGTAGATTAG-1,0.6128009156179104
CXCR3+,MS,CSF_31,TGCGCAGTCGTCCGTT-1,-0.23162892049799952
CXCR3-,MS,CSF_31,TGCGTGGAGCCATCGC-1,-0.3215504574739604
CXCR3-,MS,CSF_31,TGCTACCAGGGTCTCC-1,0.4696947282739236
CXCR3-,MS,CSF_31,TGCTACCTCAAAGTAG-1,0.12190536699953809
CXCR3-,MS,CSF_31,TGCTACCTCCTTTACA-1,0.11719268195009881
CXCR3-,MS,CSF_31,TGCTACCTCGGAGGTA-1,0.18463059857429492
CXCR3+,MS,CSF_31,TGCTGCTAGCTGAAAT-1,-0.10032039990775792
CXCR3+,MS,CSF_31,TGCTGCTCAGCTCCGA-1,-0.10056797643315316
CXCR3-,MS,CSF_31,TGGACGCAGTAAGTAC-1,-0.10056797643315316
CXCR3-,MS,CSF_31,TGGACGCGTGTGGTTT-1,-0.10056797643315316
CXCR3+,MS,CSF_31,TGGCCAGTCAGTTGAC-1,0.06381724518732977
CXCR3-,MS,CSF_31,TGGCGCATCCCTCTTT-1,-0.1779212497774115
CXCR3-,MS,CSF_31,TGGCTGGTCGCTGATA-1,0.11725533309625359
CXCR3-,MS,CSF_31,TGGGAAGAGTGAACGC-1,0.13743546653609456
CXCR3+,MS,CSF_31,TGGGAAGGTGGAAAGA-1,-0.10056797643315316
CXCR3+,MS,CSF_31,TGGGCGTCATGGAATA-1,0.11264065364525169
CXCR3+,MS,CSF_31,TGGTTCCGTTATGTGC-1,-0.10056797643315316
CXCR3+,MS,CSF_31,TGTATTCAGGGTTCCC-1,-0.10056797643315316
CXCR3+,MS,CSF_31,TGTATTCGTGGGTCAA-1,-0.0908523916333723
CXCR3+,MS,CSF_31,TGTCCCAAGCGACGTA-1,-0.19558173627960418
CXCR3+,MS,CSF_31,TGTCCCACAAGTTCTG-1,-0.1809518731565341
CXCR3+,MS,CSF_31,TGTCCCATCTGTCTCG-1,0.40489368137494214
CXCR3+,MS,CSF_31,TGTGGTATCGGCGGTT-1,-0.6567786442001913
CXCR3+,MS,CSF_31,TGTGTTTAGTCATCCA-1,0.31917456487994134
CXCR3+,MS,CSF_31,TGTTCCGGTAGGCATG-1,-0.307056532200059
CXCR3+,MS,CSF_31,TTAACTCAGGACAGCT-1,-0.10056797643315316
CXCR3-,MS,CSF_31,TTAACTCCACACGCTG-1,0.9783351749874454
CXCR3-,MS,CSF_31,TTAACTCGTTCCAACA-1,-0.10056797643315316
CXCR3+,MS,CSF_31,TTAGGACCAAGCGTAG-1,-0.48718361669441773
CXCR3+,MS,CSF_31,TTAGGACCACAACGTT-1,-0.10056797643315316
CXCR3+,MS,CSF_31,TTAGGCAAGATGTGTA-1,-1.1657423906741093
CXCR3+,MS,CSF_31,TTAGGCACACGCATCG-1,0.35661753402582763
CXCR3+,MS,CSF_31,TTAGGCAGTGCGATAG-1,0.18646651422448324
CXCR3-,MS,CSF_31,TTAGTTCCATACCATG-1,-0.27195119407008544
CXCR3+,MS,CSF_31,TTAGTTCGTCACACGC-1,-0.2020813030762385
CXCR3-,MS,CSF_31,TTATGCTAGAAACGCC-1,-0.10056797643315316
CXCR3+,MS,CSF_31,TTCCCAGTCATTGCGA-1,-0.10056797643315316
CXCR3-,MS,CSF_31,TTCCCAGTCCAGTATG-1,-0.2675783900815562
CXCR3+,MS,CSF_31,TTCCCAGTCGGCGCTA-1,0.16317779197335996
CXCR3-,MS,CSF_31,TTCGAAGTCTCAACTT-1,-0.5846035055654638
CXCR3-,MS,CSF_31,TTCGAAGTCTTATCTG-1,-0.10056797643315316
CXCR3+,MS,CSF_31,TTCTCAAAGATTACCC-1,-0.06080031834626302
CXCR3-,MS,CSF_31,TTCTCAAGTGTGACGA-1,-0.23203331294354018
CXCR3-,MS,CSF_31,TTCTCAATCTACTTAC-1,-0.467275452891815
CXCR3-,MS,CSF_31,TTCTCAATCTGAAAGA-1,0.07986587555089628
CXCR3-,MS,CSF_31,TTCTCCTAGATCTGAA-1,-0.10056797643315316
CXCR3-,MS,CSF_31,TTCTCCTAGGTGATTA-1,0.07029798733403746
CXCR3+,MS,CSF_31,TTCTTAGAGACACGAC-1,0.4103726131232723
CXCR3+,MS,CSF_31,TTCTTAGCATACTCTT-1,-0.2936977192929923
CXCR3+,MS,CSF_31,TTGAACGTCTATCCCG-1,-0.10056797643315316
CXCR3+,MS,CSF_31,TTGAACGTCTGCCCTA-1,0.22753769803563095
CXCR3-,MS,CSF_31,TTGACTTGTATGGTTC-1,0.10100370575413524
CXCR3+,MS,CSF_31,TTGCCGTGTAAAGGAG-1,-0.10056797643315316
CXCR3+,MS,CSF_31,TTGCCGTGTAACGCGA-1,-0.08623110430019454
CXCR3+,MS,CSF_31,TTGCCGTGTCTAGTGT-1,-0.25130026920598664
CXCR3-,MS,CSF_31,TTGCGTCAGTGCTGCC-1,-0.10056797643315316
CXCR3+,MS,CSF_31,TTGCGTCGTAATCACC-1,-0.49290055566292684
CXCR3-,MS,CSF_31,TTGGAACGTAAGGGAA-1,0.21554272840254768
CXCR3-,MS,CSF_31,TTGGAACTCACTCCTG-1,0.1946494847392924
CXCR3+,MS,CSF_31,TTGGCAAAGGGATACC-1,0.026416034827632502
CXCR3-,MS,CSF_31,TTGGCAATCACGGTTA-1,-0.2725058720177916
CXCR3-,MS,CSF_31,TTGTAGGTCTGCAGTA-1,0.29215434342800956
CXCR3-,MS,CSF_31,TTTATGCCACTTCTGC-1,-0.41054769965799726
CXCR3+,MS,CSF_31,TTTATGCGTCTCAACA-1,-0.39584249793302667
CXCR3+,MS,CSF_31,TTTCCTCCAGGTGCCT-1,0.21204473692377862
CXCR3+,MS,CSF_31,TTTCCTCGTCTTGCGG-1,0.6589956355857792
CXCR3+,MS,CSF_31,TTTCCTCTCTGAGGGA-1,-0.09134637568393351
CXCR3+,MS,CSF_31,TTTGCGCTCTTTACGT-1,-0.6045340043518247
CXCR3+,MS,CSF_31,TTTGTCACAAGCCGCT-1,0.49512636196509774
CXCR3+,MS,CSF_31,TTTGTCACACCACGTG-1,0.058013620448159706
CXCR3-,MS,MS19270_CSF,GSM4104122_AAACCTGAGTGGGCTA-1,0.27940725146221956
CXCR3-,MS,MS19270_CSF,GSM4104122_AAACGGGCAGCTTCGG-1,0.23910903108803566
CXCR3-,MS,MS19270_CSF,GSM4104122_AAACGGGGTCACCTAA-1,-0.18766353081422876
CXCR3-,MS,MS19270_CSF,GSM4104122_AAACGGGGTGTGAAAT-1,-0.26793678851228137
CXCR3+,MS,MS19270_CSF,GSM4104122_AAACGGGTCCTTGACC-1,-0.23068970955417487
CXCR3-,MS,MS19270_CSF,GSM4104122_AAAGATGGTAGGACAC-1,-0.5512609567443714
CXCR3+,MS,MS19270_CSF,GSM4104122_AAAGATGGTTGTGGAG-1,0.08405426389087081
CXCR3-,MS,MS19270_CSF,GSM4104122_AAAGATGTCCCTGACT-1,0.011022251869613269
CXCR3-,MS,MS19270_CSF,GSM4104122_AAAGATGTCTTGAGGT-1,-0.17752035227533683
CXCR3+,MS,MS19270_CSF,GSM4104122_AAAGCAAGTTCCACGG-1,-0.10056797643315316
CXCR3-,MS,MS19270_CSF,GSM4104122_AAAGTAGAGACTCGGA-1,-0.10056797643315316
CXCR3-,MS,MS19270_CSF,GSM4104122_AAAGTAGAGCCAGTTT-1,-0.43256197986820627
CXCR3-,MS,MS19270_CSF,GSM4104122_AAAGTAGCATTACGAC-1,0.5599670418922117
CXCR3-,MS,MS19270_CSF,GSM4104122_AAAGTAGGTAGCAAAT-1,-0.10056797643315316
CXCR3+,MS,MS19270_CSF,GSM4104122_AACACGTTCTGAGGGA-1,0.2833256032214311
CXCR3-,MS,MS19270_CSF,GSM4104122_AACCATGGTCCGTTAA-1,0.14967588335731638
CXCR3-,MS,MS19270_CSF,GSM4104122_AACTCAGCATCACAAC-1,0.24191587724429667
CXCR3-,MS,MS19270_CSF,GSM4104122_AACTCCCAGCCATCGC-1,-0.10056797643315316
CXCR3-,MS,MS19270_CSF,GSM4104122_AACTCCCGTCTTCGTC-1,-0.26399326591241473
CXCR3-,MS,MS19270_CSF,GSM4104122_AACTCTTCACATTAGC-1,-0.10056797643315316
CXCR3-,MS,MS19270_CSF,GSM4104122_AACTCTTGTTCCCGAG-1,-0.10056797643315316
CXCR3+,MS,MS19270_CSF,GSM4104122_AACTGGTGTAGTACCT-1,0.17019358847881844
CXCR3-,MS,MS19270_CSF,GSM4104122_AAGACCTGTCCATCCT-1,-0.4821319344300506
CXCR3+,MS,MS19270_CSF,GSM4104122_AAGCCGCGTTGCCTCT-1,-0.10056797643315316
CXCR3-,MS,MS19270_CSF,GSM4104122_AAGGCAGAGCTCTCGG-1,-0.09373241004557399
CXCR3-,MS,MS19270_CSF,GSM4104122_AAGGCAGGTCCAGTGC-1,-0.10056797643315316
CXCR3-,MS,MS19270_CSF,GSM4104122_AAGGTTCGTAAGTGTA-1,-0.06396791790505661
CXCR3-,MS,MS19270_CSF,GSM4104122_AAGGTTCTCTTGCAAG-1,0.16214890359933407
CXCR3-,MS,MS19270_CSF,GSM4104122_AAGTCTGGTGCAACTT-1,0.4528493130875822
CXCR3+,MS,MS19270_CSF,GSM4104122_AAGTCTGGTGTGCGTC-1,-0.10056797643315316
CXCR3+,MS,MS19270_CSF,GSM4104122_AATCCAGTCGATAGAA-1,-0.10056797643315316
CXCR3-,MS,MS19270_CSF,GSM4104122_AATCGGTGTTCGGGCT-1,0.3197212502191043
CXCR3+,MS,MS19270_CSF,GSM4104122_ACACCCTGTGCGATAG-1,-0.21457932550062722
CXCR3-,MS,MS19270_CSF,GSM4104122_ACACCCTTCAGTACGT-1,0.176916190179583
CXCR3-,MS,MS19270_CSF,GSM4104122_ACACCGGAGGTGACCA-1,-0.1621122045471451
CXCR3-,MS,MS19270_CSF,GSM4104122_ACACCGGCAGATAATG-1,-0.24751487860701168
CXCR3-,MS,MS19270_CSF,GSM4104122_ACAGCCGGTATCTGCA-1,0.2555249911433943
CXCR3-,MS,MS19270_CSF,GSM4104122_ACAGCTACAGGACCCT-1,-0.10056797643315316
CXCR3+,MS,MS19270_CSF,GSM4104122_ACATACGCACTGTCGG-1,-0.10056797643315316
CXCR3-,MS,MS19270_CSF,GSM4104122_ACATACGCACTTAACG-1,-0.21056849609423228
CXCR3-,MS,MS19270_CSF,GSM4104122_ACATCAGCACTGTCGG-1,-0.10056797643315316
CXCR3-,MS,MS19270_CSF,GSM4104122_ACATCAGGTGGTTTCA-1,-0.5672733234783994
CXCR3-,MS,MS19270_CSF,GSM4104122_ACATCAGTCGGCTACG-1,-0.9180757512506045
CXCR3-,MS,MS19270_CSF,GSM4104122_ACATGGTCATCCTAGA-1,-0.39171018815906866
CXCR3-,MS,MS19270_CSF,GSM4104122_ACCAGTACACCAGTTA-1,-0.10056797643315316
CXCR3+,MS,MS19270_CSF,GSM4104122_ACCAGTATCATCGATG-1,-0.014931899981852848
CXCR3-,MS,MS19270_CSF,GSM4104122_ACCCACTCACAACTGT-1,0.19011406906513853
CXCR3-,MS,MS19270_CSF,GSM4104122_ACCCACTCAGACAGGT-1,-0.4164057881661853
CXCR3-,MS,MS19270_CSF,GSM4104122_ACCGTAAAGCAGCGTA-1,-0.5037930826237687
CXCR3-,MS,MS19270_CSF,GSM4104122_ACCGTAACAGCGAACA-1,-0.10056797643315316
CXCR3+,MS,MS19270_CSF,GSM4104122_ACCGTAAGTCCATGAT-1,0.13062710920344028
CXCR3+,MS,MS19270_CSF,GSM4104122_ACCTTTACACCCATTC-1,0.32876816958303806
CXCR3-,MS,MS19270_CSF,GSM4104122_ACCTTTATCACCAGGC-1,-0.6487346046638747
CXCR3-,MS,MS19270_CSF,GSM4104122_ACGAGCCTCGCCGTGA-1,-0.10056797643315316
CXCR3-,MS,MS19270_CSF,GSM4104122_ACGAGGAGTGATGTGG-1,-0.10056797643315316
CXCR3-,MS,MS19270_CSF,GSM4104122_ACGAGGATCCCTCAGT-1,0.09875188395508218
CXCR3-,MS,MS19270_CSF,GSM4104122_ACGAGGATCCTATGTT-1,-0.29713249414005155
CXCR3-,MS,MS19270_CSF,GSM4104122_ACGATACCAGTAAGCG-1,-0.3284392944948546
CXCR3-,MS,MS19270_CSF,GSM4104122_ACGATACGTCCGAGTC-1,-0.41956857870789577
CXCR3+,MS,MS19270_CSF,GSM4104122_ACGATACTCGAATCCA-1,0.4282759987641012
CXCR3-,MS,MS19270_CSF,GSM4104122_ACGATACTCGACCAGC-1,-0.011336738016834642
CXCR3-,MS,MS19270_CSF,GSM4104122_ACGATGTCATTAGGCT-1,-0.2443597089140971
CXCR3+,MS,MS19270_CSF,GSM4104122_ACGATGTGTAGCGATG-1,-0.10056797643315316
CXCR3-,MS,MS19270_CSF,GSM4104122_ACGATGTGTCAGAATA-1,-0.10056797643315316
CXCR3-,MS,MS19270_CSF,GSM4104122_ACGCAGCCAAACTGCT-1,0.5197627839890339
CXCR3-,MS,MS19270_CSF,GSM4104122_ACGCAGCGTTATCCGA-1,-0.26238570811303763
CXCR3-,MS,MS19270_CSF,GSM4104122_ACGCCAGCACACCGAC-1,-0.043786584870459604
CXCR3-,MS,MS19270_CSF,GSM4104122_ACGCCGACACCATGTA-1,-0.1944488054881368
CXCR3+,MS,MS19270_CSF,GSM4104122_ACGGCCACATTGCGGC-1,-0.10056797643315316
CXCR3-,MS,MS19270_CSF,GSM4104122_ACGGCCATCTCGTTTA-1,-0.7024420373494683
CXCR3-,MS,MS19270_CSF,GSM4104122_ACGGGTCCACCGAAAG-1,-0.08403343584200143
CXCR3-,MS,MS19270_CSF,GSM4104122_ACGGGTCGTAGCTCCG-1,0.02552723076231404
CXCR3-,MS,MS19270_CSF,GSM4104122_ACGTCAATCCTCTAGC-1,-0.24749029585396104
CXCR3+,MS,MS19270_CSF,GSM4104122_ACTGAACCACGACTCG-1,-0.10056797643315316
CXCR3-,MS,MS19270_CSF,GSM4104122_ACTGATGCATACAGCT-1,0.15395843547142168
CXCR3-,MS,MS19270_CSF,GSM4104122_ACTGCTCCAGTGGAGT-1,-0.10056797643315316
CXCR3-,MS,MS19270_CSF,GSM4104122_ACTGCTCGTTGAACTC-1,-0.3196998799674096
CXCR3-,MS,MS19270_CSF,GSM4104122_ACTGCTCTCATCGATG-1,0.12450860697048094
CXCR3+,MS,MS19270_CSF,GSM4104122_ACTGTCCCATTGGGCC-1,-0.10056797643315316
CXCR3-,MS,MS19270_CSF,GSM4104122_ACTGTCCGTGTCAATC-1,0.2056638038731058
CXCR3+,MS,MS19270_CSF,GSM4104122_ACTGTCCTCCTCAACC-1,-0.10056797643315316
CXCR3+,MS,MS19270_CSF,GSM4104122_ACTTACTAGCGTGAAC-1,0.2252104659654027
CXCR3-,MS,MS19270_CSF,GSM4104122_ACTTACTAGCTCCTCT-1,0.12055030279941278
CXCR3-,MS,MS19270_CSF,GSM4104122_ACTTACTAGTCCATAC-1,-0.10056797643315316
CXCR3-,MS,MS19270_CSF,GSM4104122_ACTTGTTCACGTTGGC-1,-0.22800718647913992
CXCR3+,MS,MS19270_CSF,GSM4104122_ACTTTCAAGCAAATCA-1,0.202320144013209
CXCR3-,MS,MS19270_CSF,GSM4104122_ACTTTCAAGTACGCGA-1,-0.747646477162071
CXCR3+,MS,MS19270_CSF,GSM4104122_AGACGTTCATCGATGT-1,0.03567240472577802
CXCR3-,MS,MS19270_CSF,GSM4104122_AGACGTTGTATCTGCA-1,-0.2344575054045394
CXCR3+,MS,MS19270_CSF,GSM4104122_AGAGCGACACAGTCGC-1,-0.32768487057169843
CXCR3-,MS,MS19270_CSF,GSM4104122_AGAGCTTTCACATACG-1,-0.10056797643315316
CXCR3+,MS,MS19270_CSF,GSM4104122_AGATCTGAGCTGTCTA-1,0.05380154506843409
CXCR3-,MS,MS19270_CSF,GSM4104122_AGATTGCAGGCTAGGT-1,0.2404143215596593
CXCR3-,MS,MS19270_CSF,GSM4104122_AGATTGCCACGGTAAG-1,-0.3913935705015987
CXCR3-,MS,MS19270_CSF,GSM4104122_AGATTGCTCCTATTCA-1,0.19297686567333278
CXCR3-,MS,MS19270_CSF,GSM4104122_AGCAGCCAGACAGACC-1,-0.10056797643315316
CXCR3+,MS,MS19270_CSF,GSM4104122_AGCAGCCTCTGCGACG-1,-0.31950013830161517
CXCR3-,MS,MS19270_CSF,GSM4104122_AGCATACTCCAAACAC-1,0.2678568287966184
CXCR3-,MS,MS19270_CSF,GSM4104122_AGCCTAAGTATGCTTG-1,-0.10056797643315316
CXCR3+,MS,MS19270_CSF,GSM4104122_AGCGGTCAGATAGCAT-1,-0.10056797643315316
CXCR3+,MS,MS19270_CSF,GSM4104122_AGCGGTCAGGTTCCTA-1,-0.10056797643315316
CXCR3-,MS,MS19270_CSF,GSM4104122_AGCGGTCTCGGAGGTA-1,0.172308826528987
CXCR3-,MS,MS19270_CSF,GSM4104122_AGCGTATCAGCGTTCG-1,-0.10056797643315316
CXCR3+,MS,MS19270_CSF,GSM4104122_AGCGTCGAGCCCTAAT-1,-0.4234509396501256
CXCR3+,MS,MS19270_CSF,GSM4104122_AGCGTCGCATTCCTCG-1,-0.29835819820630904
CXCR3-,MS,MS19270_CSF,GSM4104122_AGCTCCTGTGCACTTA-1,-0.10056797643315316
CXCR3-,MS,MS19270_CSF,GSM4104122_AGCTCCTTCGGTCCGA-1,-0.10056797643315316
CXCR3-,MS,MS19270_CSF,GSM4104122_AGCTCTCAGCGACGTA-1,-0.10056797643315316
CXCR3-,MS,MS19270_CSF,GSM4104122_AGCTTGAAGGCTAGCA-1,0.26636219688712476
CXCR3-,MS,MS19270_CSF,GSM4104122_AGGGATGCACAGACAG-1,-0.10056797643315316
CXCR3-,MS,MS19270_CSF,GSM4104122_AGGGATGGTCTCTTTA-1,-0.10056797643315316
CXCR3+,MS,MS19270_CSF,GSM4104122_AGGTCATAGCAATCTC-1,-0.3922098599658324
CXCR3-,MS,MS19270_CSF,GSM4104122_AGGTCATGTTCAACCA-1,-0.26088070263029184
CXCR3-,MS,MS19270_CSF,GSM4104122_AGGTCATGTTCCTCCA-1,0.022823968259433083
CXCR3-,MS,MS19270_CSF,GSM4104122_AGGTCCGTCATTTGGG-1,-0.19579045812466037
CXCR3+,MS,MS19270_CSF,GSM4104122_AGTAGTCTCCATGCTC-1,-0.24421008147652792
CXCR3+,MS,MS19270_CSF,GSM4104122_AGTAGTCTCTACTTAC-1,-0.10056797643315316
CXCR3-,MS,MS19270_CSF,GSM4104122_AGTCTTTGTGGCAAAC-1,-0.25591376306087077
CXCR3-,MS,MS19270_CSF,GSM4104122_AGTCTTTGTTAAGGGC-1,-0.2184312117485653
CXCR3+,MS,MS19270_CSF,GSM4104122_AGTGTCAAGACACTAA-1,0.06928444371455414
CXCR3-,MS,MS19270_CSF,GSM4104122_AGTGTCAAGCTCAACT-1,-0.10056797643315316
CXCR3+,MS,MS19270_CSF,GSM4104122_AGTGTCACAATGGACG-1,-0.8990446527175145
CXCR3+,MS,MS19270_CSF,GSM4104122_ATAACGCAGCCAGGAT-1,-0.10056797643315316
CXCR3+,MS,MS19270_CSF,GSM4104122_ATAGACCAGGCTAGAC-1,-0.36340617946856046
CXCR3-,MS,MS19270_CSF,GSM4104122_ATAGACCCACCATGTA-1,-0.23449983305946162
CXCR3+,MS,MS19270_CSF,GSM4104122_ATCACGAAGATGTTAG-1,-0.013333015116636284
CXCR3+,MS,MS19270_CSF,GSM4104122_ATCACGACACTCAGGC-1,0.2146261562918758
CXCR3+,MS,MS19270_CSF,GSM4104122_ATCACGACATCACAAC-1,0.2596067528634443
CXCR3-,MS,MS19270_CSF,GSM4104122_ATCACGAGTCCTCCAT-1,-0.10056797643315316
CXCR3+,MS,MS19270_CSF,GSM4104122_ATCATCTCAAGAGTCG-1,-0.10056797643315316
CXCR3+,MS,MS19270_CSF,GSM4104122_ATCATCTCATTTCAGG-1,-0.10056797643315316
CXCR3-,MS,MS19270_CSF,GSM4104122_ATCATGGTCATAGCAC-1,-0.11347858199548658
CXCR3+,MS,MS19270_CSF,GSM4104122_ATCCACCAGTTCGCGC-1,-1.2187030582518088
CXCR3+,MS,MS19270_CSF,GSM4104122_ATCCACCCACTCGACG-1,-0.1502726603967825
CXCR3+,MS,MS19270_CSF,GSM4104122_ATCCGAACATGTCTCC-1,-0.10056797643315316
CXCR3+,MS,MS19270_CSF,GSM4104122_ATCGAGTTCTCAACTT-1,-0.24888902236114566
CXCR3-,MS,MS19270_CSF,GSM4104122_ATCTACTCAGCTATTG-1,-0.30573630094777465
CXCR3+,MS,MS19270_CSF,GSM4104122_ATCTGCCTCTGCCCTA-1,-0.054559739060215
CXCR3+,MS,MS19270_CSF,GSM4104122_ATGAGGGAGTGTACCT-1,0.17693343400597467
CXCR3-,MS,MS19270_CSF,GSM4104122_ATGAGGGGTCGGGTCT-1,0.2533765678416329
CXCR3-,MS,MS19270_CSF,GSM4104122_ATGAGGGGTTACCGAT-1,0.24375298553988387
CXCR3-,MS,MS19270_CSF,GSM4104122_ATGGGAGGTACGAAAT-1,0.13579096939074045
CXCR3-,MS,MS19270_CSF,GSM4104122_ATGGGAGGTTCAACCA-1,-0.4563064233112753
CXCR3+,MS,MS19270_CSF,GSM4104122_ATGTGTGTCAACCATG-1,0.005138459427715817
CXCR3-,MS,MS19270_CSF,GSM4104122_ATTACTCCACATTAGC-1,0.014053704126966271
CXCR3-,MS,MS19270_CSF,GSM4104122_ATTACTCCAGTTTACG-1,-0.20255151373255628
CXCR3-,MS,MS19270_CSF,GSM4104122_ATTATCCCACTCGACG-1,-0.10056797643315316
CXCR3+,MS,MS19270_CSF,GSM4104122_ATTATCCCATGGTAGG-1,0.8017887508118438
CXCR3-,MS,MS19270_CSF,GSM4104122_ATTATCCGTACTTCTT-1,-0.17932124257346002
CXCR3-,MS,MS19270_CSF,GSM4104122_ATTCTACAGGCATTGG-1,-0.6414861641757986
CXCR3+,MS,MS19270_CSF,GSM4104122_ATTCTACTCAAACAAG-1,0.0030967333235629633
CXCR3-,MS,MS19270_CSF,GSM4104122_ATTGGACAGATAGCAT-1,-0.10056797643315316
CXCR3+,MS,MS19270_CSF,GSM4104122_ATTGGTGGTCACCCAG-1,-0.04846213325124311
CXCR3-,MS,MS19270_CSF,GSM4104122_ATTGGTGGTTAAGATG-1,-0.011981970427840818
CXCR3-,MS,MS19270_CSF,GSM4104122_ATTTCTGTCACATAGC-1,0.27456832657808433
CXCR3+,MS,MS19270_CSF,GSM4104122_CAACCAACATACGCTA-1,-0.037694786282372994
CXCR3-,MS,MS19270_CSF,GSM4104122_CAACCAACATGATCCA-1,-0.10056797643315316
CXCR3+,MS,MS19270_CSF,GSM4104122_CAACCAATCTAACTGG-1,0.3041539143756295
CXCR3-,MS,MS19270_CSF,GSM4104122_CAACCTCCATGTAAGA-1,-1.293646553567035
CXCR3-,MS,MS19270_CSF,GSM4104122_CAACTAGGTTCCCGAG-1,-0.10056797643315316
CXCR3-,MS,MS19270_CSF,GSM4104122_CAAGATCGTTCCGTCT-1,-0.7357267611116173
CXCR3-,MS,MS19270_CSF,GSM4104122_CAAGGCCGTTGAGGTG-1,-0.07465211930425783
CXCR3-,MS,MS19270_CSF,GSM4104122_CAAGTTGAGCTCCCAG-1,0.13181077491036514
CXCR3-,MS,MS19270_CSF,GSM4104122_CACACAAAGCTGAAAT-1,-0.10056797643315316
CXCR3-,MS,MS19270_CSF,GSM4104122_CACACAACAAATTGCC-1,-0.26961012926897504
CXCR3-,MS,MS19270_CSF,GSM4104122_CACACCTAGCGAGAAA-1,0.18436138891823056
CXCR3-,MS,MS19270_CSF,GSM4104122_CACAGTACAGTCAGCC-1,-0.10056797643315316
CXCR3-,MS,MS19270_CSF,GSM4104122_CACATAGGTCGAAAGC-1,0.18195893719082454
CXCR3-,MS,MS19270_CSF,GSM4104122_CACATTTCACGAGAGT-1,-0.10056797643315316
CXCR3+,MS,MS19270_CSF,GSM4104122_CACATTTTCCCAAGTA-1,-0.34256667225146803
CXCR3-,MS,MS19270_CSF,GSM4104122_CACATTTTCCGTCATC-1,-0.30145535572618787
CXCR3+,MS,MS19270_CSF,GSM4104122_CACCACTCACCGAATT-1,0.08957987437487677
CXCR3+,MS,MS19270_CSF,GSM4104122_CACCAGGAGACGCAAC-1,0.20213756344028871
CXCR3-,MS,MS19270_CSF,GSM4104122_CACCAGGAGCTAGTTC-1,0.04511638704455959
CXCR3+,MS,MS19270_CSF,GSM4104122_CACCAGGCACAGACTT-1,0.06721059338947531
CXCR3-,MS,MS19270_CSF,GSM4104122_CACCAGGCAGTGGAGT-1,-0.6201979197611369
CXCR3-,MS,MS19270_CSF,GSM4104122_CACCAGGGTGATGATA-1,0.4954900949801404
CXCR3-,MS,MS19270_CSF,GSM4104122_CACCAGGTCAAAGACA-1,-0.7005385028189108
CXCR3-,MS,MS19270_CSF,GSM4104122_CACCTTGCAACACCTA-1,-0.03466059450906857
CXCR3-,MS,MS19270_CSF,GSM4104122_CACCTTGGTGCAGACA-1,-0.10056797643315316
CXCR3+,MS,MS19270_CSF,GSM4104122_CACCTTGTCGTACCGG-1,0.03673197613476532
CXCR3-,MS,MS19270_CSF,GSM4104122_CAGAATCAGCTAGGCA-1,-0.6495856307193802
CXCR3-,MS,MS19270_CSF,GSM4104122_CAGAGAGTCAACTCTT-1,-0.33863252707209773
CXCR3+,MS,MS19270_CSF,GSM4104122_CAGATCACAGTGGAGT-1,0.6201161534748908
CXCR3+,MS,MS19270_CSF,GSM4104122_CAGATCAGTCCGTTAA-1,0.0024565256989733503
CXCR3-,MS,MS19270_CSF,GSM4104122_CAGATCATCCGCAAGC-1,-0.10056797643315316
CXCR3-,MS,MS19270_CSF,GSM4104122_CAGCAGCAGTCTCAAC-1,-0.43503808549642276
CXCR3-,MS,MS19270_CSF,GSM4104122_CAGCAGCCACGGTGTC-1,-0.10056797643315316
CXCR3-,MS,MS19270_CSF,GSM4104122_CAGCAGCGTCGGCTCA-1,-0.10056797643315316
CXCR3+,MS,MS19270_CSF,GSM4104122_CAGCAGCTCACTATTC-1,0.08720578410980913
CXCR3+,MS,MS19270_CSF,GSM4104122_CAGCAGCTCGCCTGAG-1,-0.027711005953116992
CXCR3-,MS,MS19270_CSF,GSM4104122_CAGCCGACATGACGGA-1,-0.10056797643315316
CXCR3+,MS,MS19270_CSF,GSM4104122_CAGCGACTCAGTTCGA-1,-0.23227731389490178
CXCR3-,MS,MS19270_CSF,GSM4104122_CAGCTGGAGTAGCGGT-1,-0.10056797643315316
CXCR3-,MS,MS19270_CSF,GSM4104122_CAGCTGGTCCGAGCCA-1,-0.5443803616949457
CXCR3-,MS,MS19270_CSF,GSM4104122_CAGGTGCAGCCACGTC-1,0.4901764008237968
CXCR3-,MS,MS19270_CSF,GSM4104122_CAGTAACCAAGGCTCC-1,0.3868397450047452
CXCR3+,MS,MS19270_CSF,GSM4104122_CAGTAACTCGTCCGTT-1,-0.10056797643315316
CXCR3-,MS,MS19270_CSF,GSM4104122_CAGTCCTAGAGGGATA-1,-0.252284498818886
CXCR3-,MS,MS19270_CSF,GSM4104122_CAGTCCTAGGCAAAGA-1,0.27482044886880935
CXCR3-,MS,MS19270_CSF,GSM4104122_CAGTCCTCAATTGCTG-1,-0.4817554925238626
CXCR3+,MS,MS19270_CSF,GSM4104122_CATATGGCACATGACT-1,-0.48647105896477155
CXCR3-,MS,MS19270_CSF,GSM4104122_CATATGGGTGTTTGGT-1,-0.10056797643315316
CXCR3-,MS,MS19270_CSF,GSM4104122_CATATTCCAAAGGCGT-1,0.11668926972211198
CXCR3+,MS,MS19270_CSF,GSM4104122_CATCAAGCAAGCCATT-1,0.23724683431053936
CXCR3-,MS,MS19270_CSF,GSM4104122_CATCAAGGTGGGTATG-1,0.4196692920877038
CXCR3+,MS,MS19270_CSF,GSM4104122_CATCCACAGAATTGTG-1,-0.20680549005685087
CXCR3-,MS,MS19270_CSF,GSM4104122_CATCGAAGTCCGTGAC-1,0.3631093093933183
CXCR3+,MS,MS19270_CSF,GSM4104122_CATGACAGTCAGAAGC-1,-0.10056797643315316
CXCR3-,MS,MS19270_CSF,GSM4104122_CATGGCGTCCCAACGG-1,-0.055458827827713116
CXCR3+,MS,MS19270_CSF,GSM4104122_CATTCGCAGACTACAA-1,0.1331538661077441
CXCR3-,MS,MS19270_CSF,GSM4104122_CCAATCCCACCACGTG-1,-0.8589867091020474
CXCR3-,MS,MS19270_CSF,GSM4104122_CCAATCCGTGCACGAA-1,0.4073738707780713
CXCR3-,MS,MS19270_CSF,GSM4104122_CCAATCCTCACATGCA-1,-0.10056797643315316
CXCR3-,MS,MS19270_CSF,GSM4104122_CCACCTAAGCTATGCT-1,0.12918232752232375
CXCR3-,MS,MS19270_CSF,GSM4104122_CCACGGAAGGCAGTCA-1,-0.20644141581898318
CXCR3+,MS,MS19270_CSF,GSM4104122_CCACGGACATTTGCTT-1,-0.10056797643315316
CXCR3-,MS,MS19270_CSF,GSM4104122_CCACGGAGTACACCGC-1,0.16228900151033596
CXCR3+,MS,MS19270_CSF,GSM4104122_CCACGGAGTCCAGTAT-1,-0.35994344178673837
CXCR3+,MS,MS19270_CSF,GSM4104122_CCACTACGTAAGTGGC-1,-0.29159766558610417
CXCR3-,MS,MS19270_CSF,GSM4104122_CCAGCGAAGAATGTGT-1,-0.10056797643315316
CXCR3+,MS,MS19270_CSF,GSM4104122_CCAGCGAGTGACAAAT-1,0.059195241321302675
CXCR3+,MS,MS19270_CSF,GSM4104122_CCATGTCTCAACGAAA-1,-0.17839880827174973
CXCR3-,MS,MS19270_CSF,GSM4104122_CCATTCGCACAGACTT-1,-0.038031365596444947
CXCR3-,MS,MS19270_CSF,GSM4104122_CCATTCGGTACTCAAC-1,-0.3636916295752682
CXCR3-,MS,MS19270_CSF,GSM4104122_CCCAATCCAGCAGTTT-1,-0.10056797643315316
CXCR3-,MS,MS19270_CSF,GSM4104122_CCCAATCCAGCGTAAG-1,-0.10056797643315316
CXCR3-,MS,MS19270_CSF,GSM4104122_CCCAATCTCGGCTTGG-1,-0.3122970944129874
CXCR3+,MS,MS19270_CSF,GSM4104122_CCCAGTTTCTAACTGG-1,-0.10056797643315316
CXCR3-,MS,MS19270_CSF,GSM4104122_CCCTCCTAGACAATAC-1,0.647188924088222
CXCR3-,MS,MS19270_CSF,GSM4104122_CCGGGATGTAGGACAC-1,-0.3412661820655822
CXCR3+,MS,MS19270_CSF,GSM4104122_CCGGGATTCAAGGTAA-1,-0.10056797643315316
CXCR3-,MS,MS19270_CSF,GSM4104122_CCGGGATTCAGCAACT-1,-0.3085000302468193
CXCR3-,MS,MS19270_CSF,GSM4104122_CCGTACTCACATTAGC-1,-0.33395597821881806
CXCR3-,MS,MS19270_CSF,GSM4104122_CCGTGGACAACTGGCC-1,-0.20689377647312807
CXCR3-,MS,MS19270_CSF,GSM4104122_CCGTGGACACATGTGT-1,0.3259457272696497
CXCR3-,MS,MS19270_CSF,GSM4104122_CCGTGGATCAATCTCT-1,-0.10056797643315316
CXCR3+,MS,MS19270_CSF,GSM4104122_CCGTTCAAGGTACTCT-1,0.16628973722903853
CXCR3-,MS,MS19270_CSF,GSM4104122_CCGTTCACAGATCCAT-1,-0.10056797643315316
CXCR3+,MS,MS19270_CSF,GSM4104122_CCTAAAGTCTTTAGGG-1,-0.30625248211660094
CXCR3-,MS,MS19270_CSF,GSM4104122_CCTACACCAAACCTAC-1,-0.10056797643315316
CXCR3-,MS,MS19270_CSF,GSM4104122_CCTACCACATCTACGA-1,-0.26296733145572887
CXCR3-,MS,MS19270_CSF,GSM4104122_CCTCAGTAGGTGATAT-1,-0.22360435154880637
CXCR3-,MS,MS19270_CSF,GSM4104122_CCTCAGTGTTATGCGT-1,-0.10056797643315316
CXCR3-,MS,MS19270_CSF,GSM4104122_CCTCTGATCAGCTTAG-1,-0.10056797643315316
CXCR3-,MS,MS19270_CSF,GSM4104122_CCTCTGATCCAGAGGA-1,-0.3384802086203761
CXCR3-,MS,MS19270_CSF,GSM4104122_CCTTACGAGACTGGGT-1,0.06926564381757708
CXCR3-,MS,MS19270_CSF,GSM4104122_CCTTCGAGTCTCCACT-1,0.2409688610768891
CXCR3+,MS,MS19270_CSF,GSM4104122_CCTTTCTCACATTTCT-1,-0.10056797643315316
CXCR3-,MS,MS19270_CSF,GSM4104122_CCTTTCTCAGATTGCT-1,-0.10056797643315316
CXCR3+,MS,MS19270_CSF,GSM4104122_CCTTTCTCATGCATGT-1,-0.6667618997900375
CXCR3-,MS,MS19270_CSF,GSM4104122_CCTTTCTGTTGTGGCC-1,-0.10056797643315316
CXCR3-,MS,MS19270_CSF,GSM4104122_CGAACATGTCGCCATG-1,0.24318067550923259
CXCR3-,MS,MS19270_CSF,GSM4104122_CGAATGTTCGCAAACT-1,-0.2075098049014459
CXCR3+,MS,MS19270_CSF,GSM4104122_CGAGAAGAGGCTAGCA-1,0.37382261064167144
CXCR3+,MS,MS19270_CSF,GSM4104122_CGAGAAGGTCAATACC-1,-0.10056797643315316
CXCR3+,MS,MS19270_CSF,GSM4104122_CGAGAAGGTCATTAGC-1,0.22536279378853658
CXCR3-,MS,MS19270_CSF,GSM4104122_CGAGCCACAGCGTAAG-1,-0.10056797643315316
CXCR3+,MS,MS19270_CSF,GSM4104122_CGATCGGAGATCGATA-1,-0.10056797643315316
CXCR3+,MS,MS19270_CSF,GSM4104122_CGATGGCAGCGGATCA-1,0.09798203350320804
CXCR3-,MS,MS19270_CSF,GSM4104122_CGATGGCAGTACGCCC-1,-0.4474763929373822
CXCR3-,MS,MS19270_CSF,GSM4104122_CGATGGCCAGGTCGTC-1,-0.10056797643315316
CXCR3-,MS,MS19270_CSF,GSM4104122_CGATGGCTCTCTAGGA-1,0.012122119610197601
CXCR3-,MS,MS19270_CSF,GSM4104122_CGATGTAAGCTACCGC-1,0.03602231151859308
CXCR3+,MS,MS19270_CSF,GSM4104122_CGCCAAGTCGGAATCT-1,-0.2733949055361532
CXCR3-,MS,MS19270_CSF,GSM4104122_CGCGGTAGTCTGATCA-1,0.13726507648993405
CXCR3+,MS,MS19270_CSF,GSM4104122_CGCGTTTTCTGCGTAA-1,-0.8365518281190838
CXCR3-,MS,MS19270_CSF,GSM4104122_CGCTATCGTGCAGACA-1,-0.10056797643315316
CXCR3+,MS,MS19270_CSF,GSM4104122_CGCTATCGTGTCTGAT-1,-0.4064597575259167
CXCR3+,MS,MS19270_CSF,GSM4104122_CGCTATCTCACCAGGC-1,-0.1361964300096154
CXCR3+,MS,MS19270_CSF,GSM4104122_CGCTATCTCGAGCCCA-1,-0.01738693196933164
CXCR3-,MS,MS19270_CSF,GSM4104122_CGCTTCAAGCGTTTAC-1,0.051909285689668364
CXCR3-,MS,MS19270_CSF,GSM4104122_CGCTTCACAAAGTCAA-1,-0.0208765045648786
CXCR3-,MS,MS19270_CSF,GSM4104122_CGCTTCACATGTCCTC-1,0.021648770336404714
CXCR3-,MS,MS19270_CSF,GSM4104122_CGCTTCATCGCAAGCC-1,-0.235805962020302
CXCR3+,MS,MS19270_CSF,GSM4104122_CGGACACGTGTAATGA-1,0.26507282370894164
CXCR3-,MS,MS19270_CSF,GSM4104122_CGGACACTCCTTGCCA-1,0.6080047593146044
CXCR3+,MS,MS19270_CSF,GSM4104122_CGGACACTCTTCGGTC-1,-0.10056797643315316
CXCR3-,MS,MS19270_CSF,GSM4104122_CGGACGTAGCTCAACT-1,-0.25959926284296386
CXCR3-,MS,MS19270_CSF,GSM4104122_CGGACGTAGGCTCAGA-1,0.276262145031707
CXCR3-,MS,MS19270_CSF,GSM4104122_CGGACGTCAATGCCAT-1,-0.05950022484796423
CXCR3-,MS,MS19270_CSF,GSM4104122_CGGACGTTCGAATCCA-1,0.453007038593057
CXCR3-,MS,MS19270_CSF,GSM4104122_CGGACTGAGAAGAAGC-1,-0.03953361947058968
CXCR3-,MS,MS19270_CSF,GSM4104122_CGGACTGCAAGAAGAG-1,-0.10056797643315316
CXCR3-,MS,MS19270_CSF,GSM4104122_CGGACTGGTACAAGTA-1,0.10791835323101492
CXCR3-,MS,MS19270_CSF,GSM4104122_CGGACTGGTACAGACG-1,-0.3354277353890676
CXCR3-,MS,MS19270_CSF,GSM4104122_CGGAGCTAGGCTAGCA-1,0.12154014903108332
CXCR3-,MS,MS19270_CSF,GSM4104122_CGGAGCTCATGCCCGA-1,-0.10056797643315316
CXCR3-,MS,MS19270_CSF,GSM4104122_CGGAGTCCAGATCGGA-1,0.15070858903173837
CXCR3-,MS,MS19270_CSF,GSM4104122_CGGCTAGGTCTACCTC-1,-0.10056797643315316
CXCR3-,MS,MS19270_CSF,GSM4104122_CGGGTCATCTCTTGAT-1,-0.10056797643315316
CXCR3-,MS,MS19270_CSF,GSM4104122_CGGTTAAAGAAACCGC-1,-0.2724180022323444
CXCR3+,MS,MS19270_CSF,GSM4104122_CGTAGCGGTGCCTGGT-1,-0.10056797643315316
CXCR3+,MS,MS19270_CSF,GSM4104122_CGTAGCGTCGTACGGC-1,-0.10056797643315316
CXCR3+,MS,MS19270_CSF,GSM4104122_CGTCACTAGACCTAGG-1,-0.10056797643315316
CXCR3-,MS,MS19270_CSF,GSM4104122_CGTCACTAGATATGGT-1,-0.9497979023372535
CXCR3+,MS,MS19270_CSF,GSM4104122_CGTCACTGTTAGGGTG-1,0.1070582137639516
CXCR3+,MS,MS19270_CSF,GSM4104122_CGTCAGGCACAGGAGT-1,-0.7187969267812578
CXCR3-,MS,MS19270_CSF,GSM4104122_CGTCAGGCAGCTTAAC-1,-0.10056797643315316
CXCR3-,MS,MS19270_CSF,GSM4104122_CGTCCATGTCTCCATC-1,-0.10056797643315316
CXCR3+,MS,MS19270_CSF,GSM4104122_CGTCCATTCACAACGT-1,-0.10056797643315316
CXCR3+,MS,MS19270_CSF,GSM4104122_CGTCTACCATATGGTC-1,-0.10056797643315316
CXCR3-,MS,MS19270_CSF,GSM4104122_CGTGAGCTCTTAGAGC-1,-0.10056797643315316
CXCR3+,MS,MS19270_CSF,GSM4104122_CGTGTAAGTTTAGCTG-1,0.027140479285642973
CXCR3-,MS,MS19270_CSF,GSM4104122_CGTGTCTCACCTTGTC-1,-0.2198287411813615
CXCR3-,MS,MS19270_CSF,GSM4104122_CGTGTCTTCGTCTGAA-1,-0.10056797643315316
CXCR3+,MS,MS19270_CSF,GSM4104122_CGTTAGAAGGAATCGC-1,-0.5427156519106828
CXCR3+,MS,MS19270_CSF,GSM4104122_CGTTCTGAGTTTAGGA-1,-0.7681142391183654
CXCR3-,MS,MS19270_CSF,GSM4104122_CGTTCTGTCCATGAGT-1,-0.29344286696279703
CXCR3-,MS,MS19270_CSF,GSM4104122_CTAACTTAGAGGGCTT-1,0.5327195427116028
CXCR3-,MS,MS19270_CSF,GSM4104122_CTAACTTTCTGATTCT-1,-0.007687637600887943
CXCR3+,MS,MS19270_CSF,GSM4104122_CTAAGACAGGCATGGT-1,-0.2750939422018986
CXCR3-,MS,MS19270_CSF,GSM4104122_CTAAGACCAATCCAAC-1,-0.10056797643315316
CXCR3+,MS,MS19270_CSF,GSM4104122_CTAAGACGTTGTCTTT-1,-0.1315486117712931
CXCR3-,MS,MS19270_CSF,GSM4104122_CTAAGACTCAAGGTAA-1,-0.24486111888296863
CXCR3-,MS,MS19270_CSF,GSM4104122_CTAAGACTCGCGGATC-1,-0.10056797643315316
CXCR3-,MS,MS19270_CSF,GSM4104122_CTAATGGGTCAATACC-1,-0.926799047906995
CXCR3+,MS,MS19270_CSF,GSM4104122_CTAATGGGTCAGTGGA-1,0.05480634180760886
CXCR3-,MS,MS19270_CSF,GSM4104122_CTACACCGTAAGAGGA-1,-0.2018974746568946
CXCR3-,MS,MS19270_CSF,GSM4104122_CTACACCGTACAGCAG-1,-0.17753299064093062
CXCR3-,MS,MS19270_CSF,GSM4104122_CTACATTGTAGAGCTG-1,-0.10056797643315316
CXCR3+,MS,MS19270_CSF,GSM4104122_CTACCCAAGGCAAAGA-1,-0.198694986895626
CXCR3+,MS,MS19270_CSF,GSM4104122_CTACCCACAATGGATA-1,0.10823815323264244
CXCR3-,MS,MS19270_CSF,GSM4104122_CTACCCAGTATAGGTA-1,0.196007540492077
CXCR3-,MS,MS19270_CSF,GSM4104122_CTACCCAGTTGCTCCT-1,-0.10056797643315316
CXCR3+,MS,MS19270_CSF,GSM4104122_CTACGTCGTACTTCTT-1,-0.10056797643315316
CXCR3+,MS,MS19270_CSF,GSM4104122_CTACGTCGTTGGACCC-1,0.1762836678546651
CXCR3-,MS,MS19270_CSF,GSM4104122_CTAGAGTTCGGTCTAA-1,-0.24870344054885693
CXCR3+,MS,MS19270_CSF,GSM4104122_CTAGCCTGTGCCTTGG-1,-0.04099285451684124
CXCR3-,MS,MS19270_CSF,GSM4104122_CTAGCCTGTTCCCTTG-1,-0.10056797643315316
CXCR3-,MS,MS19270_CSF,GSM4104122_CTAGTGACAACACGCC-1,0.4468057996171165
CXCR3-,MS,MS19270_CSF,GSM4104122_CTCACACCAGACGCCT-1,-0.10056797643315316
CXCR3+,MS,MS19270_CSF,GSM4104122_CTCAGAAAGAGGTTGC-1,0.05285485599055451
CXCR3+,MS,MS19270_CSF,GSM4104122_CTCAGAACAGACGCCT-1,-0.3237734284890837
CXCR3-,MS,MS19270_CSF,GSM4104122_CTCATTAAGTTGTAGA-1,-0.10056797643315316
CXCR3-,MS,MS19270_CSF,GSM4104122_CTCATTACAATAACGA-1,0.3049308041270003
CXCR3-,MS,MS19270_CSF,GSM4104122_CTCATTACAATGTTGC-1,-0.019419782027728236
CXCR3-,MS,MS19270_CSF,GSM4104122_CTCCTAGAGCCAGAAC-1,0.2375715561321867
CXCR3-,MS,MS19270_CSF,GSM4104122_CTCGAAAGTACGCACC-1,-0.10056797643315316
CXCR3-,MS,MS19270_CSF,GSM4104122_CTCGGAGAGTCCTCCT-1,-0.37318666004003986
CXCR3+,MS,MS19270_CSF,GSM4104122_CTCGGGAGTGAGGGTT-1,-0.10056797643315316
CXCR3-,MS,MS19270_CSF,GSM4104122_CTCGTCACAGACTCGC-1,0.6201161534748908
CXCR3-,MS,MS19270_CSF,GSM4104122_CTCTAATAGGCAATTA-1,-0.22889494412832206
CXCR3-,MS,MS19270_CSF,GSM4104122_CTCTACGAGCAATATG-1,-0.0843740548828388
CXCR3-,MS,MS19270_CSF,GSM4104122_CTCTACGCAGACGCAA-1,0.18121238957847968
CXCR3-,MS,MS19270_CSF,GSM4104122_CTCTACGTCAAGCCTA-1,-0.10056797643315316
CXCR3-,MS,MS19270_CSF,GSM4104122_CTCTACGTCTTGGGTA-1,-0.10056797643315316
CXCR3+,MS,MS19270_CSF,GSM4104122_CTCTGGTGTTGGTGGA-1,0.0887752191850882
CXCR3-,MS,MS19270_CSF,GSM4104122_CTGAAACAGATCCCAT-1,-0.10056797643315316
CXCR3-,MS,MS19270_CSF,GSM4104122_CTGAAACCACAGGTTT-1,-0.10056797643315316
CXCR3-,MS,MS19270_CSF,GSM4104122_CTGAAGTGTTGTGGAG-1,-0.10056797643315316
CXCR3+,MS,MS19270_CSF,GSM4104122_CTGATAGAGAGGTACC-1,-0.35079237184301515
CXCR3-,MS,MS19270_CSF,GSM4104122_CTGATCCAGCGTTGCC-1,-0.7465760907907055
CXCR3+,MS,MS19270_CSF,GSM4104122_CTGCGGACATGCAATC-1,-0.4324245558161959
CXCR3-,MS,MS19270_CSF,GSM4104122_CTGCTGTTCTTGTATC-1,-0.10056797643315316
CXCR3+,MS,MS19270_CSF,GSM4104122_CTGGTCTAGTAGATGT-1,-0.10056797643315316
CXCR3-,MS,MS19270_CSF,GSM4104122_CTGTGCTAGGCCGAAT-1,-0.548735880292664
CXCR3-,MS,MS19270_CSF,GSM4104122_CTGTGCTGTCAGGACA-1,0.2958362770366975
CXCR3-,MS,MS19270_CSF,GSM4104122_CTGTGCTGTTCCCTTG-1,-0.10056797643315316
CXCR3-,MS,MS19270_CSF,GSM4104122_CTTACCGAGCCCGAAA-1,-0.10056797643315316
CXCR3+,MS,MS19270_CSF,GSM4104122_CTTACCGGTTACGCGC-1,0.4547635347925326
CXCR3+,MS,MS19270_CSF,GSM4104122_CTTAGGAGTCTCAACA-1,-0.2551830853468505
CXCR3-,MS,MS19270_CSF,GSM4104122_CTTAGGATCATGTAGC-1,-0.10056797643315316
CXCR3-,MS,MS19270_CSF,GSM4104122_CTTAGGATCGTACGGC-1,-0.26747123131275125
CXCR3-,MS,MS19270_CSF,GSM4104122_CTTCTCTCAGTCGTGC-1,-0.10056797643315316
CXCR3-,MS,MS19270_CSF,GSM4104122_CTTCTCTGTCGACTAT-1,-0.3135645433753728
CXCR3-,MS,MS19270_CSF,GSM4104122_CTTGGCTAGTCCATAC-1,-0.10056797643315316
CXCR3-,MS,MS19270_CSF,GSM4104122_CTTTGCGTCGCAAACT-1,-0.10056797643315316
CXCR3+,MS,MS19270_CSF,GSM4104122_GAAACTCAGCCAGTAG-1,0.013150733418030894
CXCR3+,MS,MS19270_CSF,GSM4104122_GAAACTCCACTTAACG-1,-0.7525567831296647
CXCR3-,MS,MS19270_CSF,GSM4104122_GAAACTCTCAACTCTT-1,-0.10056797643315316
CXCR3+,MS,MS19270_CSF,GSM4104122_GAAATGACAGTAGAGC-1,-0.10056797643315316
CXCR3+,MS,MS19270_CSF,GSM4104122_GAAATGATCAGGCAAG-1,0.07694423769802017
CXCR3-,MS,MS19270_CSF,GSM4104122_GAACCTACACCGAAAG-1,-0.10056797643315316
CXCR3-,MS,MS19270_CSF,GSM4104122_GAACCTAGTAGCGATG-1,0.04401665275593397
CXCR3-,MS,MS19270_CSF,GSM4104122_GAAGCAGTCAGTCAGT-1,-0.10056797643315316
CXCR3-,MS,MS19270_CSF,GSM4104122_GAATGAAAGGGCACTA-1,0.0986798765096357
CXCR3-,MS,MS19270_CSF,GSM4104122_GAATGAATCCTATTCA-1,-0.10056797643315316
CXCR3+,MS,MS19270_CSF,GSM4104122_GACAGAGGTCTGATTG-1,-0.10056797643315316
CXCR3+,MS,MS19270_CSF,GSM4104122_GACCAATAGTTTCCTT-1,0.0837065866529075
CXCR3-,MS,MS19270_CSF,GSM4104122_GACCAATCACATCCAA-1,-0.10056797643315316
CXCR3-,MS,MS19270_CSF,GSM4104122_GACGCGTTCCTTCAAT-1,-0.30563777741581216
CXCR3+,MS,MS19270_CSF,GSM4104122_GACGCGTTCTTTACGT-1,-0.7688133170248059
CXCR3-,MS,MS19270_CSF,GSM4104122_GACGGCTGTCAGTGGA-1,-0.5446173721718346
CXCR3+,MS,MS19270_CSF,GSM4104122_GACGTGCAGTCCATAC-1,0.07478258478463452
CXCR3-,MS,MS19270_CSF,GSM4104122_GACGTTACACCCATTC-1,0.13899804892742046
CXCR3-,MS,MS19270_CSF,GSM4104122_GACTACATCTCGCATC-1,-0.10056797643315316
CXCR3+,MS,MS19270_CSF,GSM4104122_GAGCAGATCTGACCTC-1,-0.10056797643315316
CXCR3-,MS,MS19270_CSF,GSM4104122_GAGGTGACATTCTTAC-1,-0.3262098186474202
CXCR3+,MS,MS19270_CSF,GSM4104122_GAGGTGATCCATGCTC-1,-0.2986608609159637
CXCR3+,MS,MS19270_CSF,GSM4104122_GAGTCCGAGCTTCGCG-1,-0.1996077404655376
CXCR3+,MS,MS19270_CSF,GSM4104122_GATCAGTAGGACCACA-1,0.0033203900220229693
CXCR3+,MS,MS19270_CSF,GSM4104122_GATCGTACAATCACAC-1,0.22515644084777456
CXCR3+,MS,MS19270_CSF,GSM4104122_GATGAAACAACGCACC-1,-0.1944586007617731
CXCR3-,MS,MS19270_CSF,GSM4104122_GATGAAATCATACGGT-1,-0.008612448780918698
CXCR3-,MS,MS19270_CSF,GSM4104122_GATGAGGAGCCCTAAT-1,-0.2562593617451484
CXCR3+,MS,MS19270_CSF,GSM4104122_GATGAGGGTACCCAAT-1,-0.0884585286949251
CXCR3-,MS,MS19270_CSF,GSM4104122_GATGCTACAGGTCTCG-1,-0.20174772230283927
CXCR3+,MS,MS19270_CSF,GSM4104122_GATGCTAGTGCGAAAC-1,-0.7276574286135805
CXCR3-,MS,MS19270_CSF,GSM4104122_GATTCAGCAGCTGCTG-1,-0.10056797643315316
CXCR3+,MS,MS19270_CSF,GSM4104122_GCAAACTCAAGTACCT-1,-0.10056797643315316
CXCR3+,MS,MS19270_CSF,GSM4104122_GCAAACTGTGAGTATA-1,0.1146757965966321
CXCR3-,MS,MS19270_CSF,GSM4104122_GCAAACTGTGTGACGA-1,-0.2462098927798758
CXCR3-,MS,MS19270_CSF,GSM4104122_GCAAACTTCGGTTCGG-1,-0.10056797643315316
CXCR3-,MS,MS19270_CSF,GSM4104122_GCACATAAGTGTACTC-1,-0.5186721304358972
CXCR3-,MS,MS19270_CSF,GSM4104122_GCAGCCAAGCAGCGTA-1,-0.10056797643315316
CXCR3-,MS,MS19270_CSF,GSM4104122_GCAGCCAAGTACGCCC-1,-0.7092474354731629
CXCR3+,MS,MS19270_CSF,GSM4104122_GCAGTTACAATGTAAG-1,-0.23146796494845226
CXCR3-,MS,MS19270_CSF,GSM4104122_GCATACAGTCAAGCGA-1,0.5758384881645685
CXCR3-,MS,MS19270_CSF,GSM4104122_GCATGCGCAAGGTGTG-1,-0.23390996040701037
CXCR3+,MS,MS19270_CSF,GSM4104122_GCATGCGTCCCTGACT-1,-0.19751146749690401
CXCR3+,MS,MS19270_CSF,GSM4104122_GCATGTACACGTCAGC-1,-0.237854857891837
CXCR3+,MS,MS19270_CSF,GSM4104122_GCATGTATCTTAGAGC-1,-0.47683956184702475
CXCR3+,MS,MS19270_CSF,GSM4104122_GCGACCACAGCGTTCG-1,-0.3089497478827313
CXCR3+,MS,MS19270_CSF,GSM4104122_GCGAGAATCCCTGACT-1,-0.10056797643315316
CXCR3-,MS,MS19270_CSF,GSM4104122_GCGCAGTTCAGGTTCA-1,-0.280341787948628
CXCR3-,MS,MS19270_CSF,GSM4104122_GCGCCAAGTCCTGCTT-1,-0.10056797643315316
CXCR3-,MS,MS19270_CSF,GSM4104122_GCGCCAAGTGCGGTAA-1,-0.10056797643315316
CXCR3-,MS,MS19270_CSF,GSM4104122_GCGCGATCACATAACC-1,-0.10056797643315316
CXCR3-,MS,MS19270_CSF,GSM4104122_GCGCGATGTAACGTTC-1,0.10447508299260437
CXCR3-,MS,MS19270_CSF,GSM4104122_GCTCTGTCACTGTCGG-1,-0.10056797643315316
CXCR3-,MS,MS19270_CSF,GSM4104122_GCTGCAGAGGTGCTTT-1,-0.06425741750152884
CXCR3-,MS,MS19270_CSF,GSM4104122_GCTGCGACATTCTTAC-1,-0.10056797643315316
CXCR3-,MS,MS19270_CSF,GSM4104122_GCTGCTTAGTGAAGTT-1,-0.10056797643315316
CXCR3-,MS,MS19270_CSF,GSM4104122_GCTGGGTCACTGCCAG-1,-0.10056797643315316
CXCR3-,MS,MS19270_CSF,GSM4104122_GCTGGGTGTCTCCACT-1,0.05712678218224305
CXCR3-,MS,MS19270_CSF,GSM4104122_GCTGGGTTCCAGAGGA-1,-0.32196565453630166
CXCR3-,MS,MS19270_CSF,GSM4104122_GCTTCCACAATGTTGC-1,-0.59924303783761
CXCR3-,MS,MS19270_CSF,GSM4104122_GCTTCCAGTGGTACAG-1,-0.10056797643315316
CXCR3+,MS,MS19270_CSF,GSM4104122_GGAAAGCAGACGCAAC-1,0.03389829933157873
CXCR3-,MS,MS19270_CSF,GSM4104122_GGAACTTTCAATCTCT-1,-0.10056797643315316
CXCR3+,MS,MS19270_CSF,GSM4104122_GGAATAACATCCGGGT-1,-0.9647011550084372
CXCR3-,MS,MS19270_CSF,GSM4104122_GGAATAATCCTTTCTC-1,0.12011836454426472
CXCR3+,MS,MS19270_CSF,GSM4104122_GGACAAGGTGACGGTA-1,0.023475748789774393
CXCR3+,MS,MS19270_CSF,GSM4104122_GGACGTCCAGCGAACA-1,0.045904723217007955
CXCR3+,MS,MS19270_CSF,GSM4104122_GGACGTCGTCTCCATC-1,-0.22708109482917843
CXCR3+,MS,MS19270_CSF,GSM4104122_GGAGCAATCCTTGCCA-1,-0.10056797643315316
CXCR3-,MS,MS19270_CSF,GSM4104122_GGATTACCAGCTGGCT-1,-0.10056797643315316
CXCR3+,MS,MS19270_CSF,GSM4104122_GGATTACCATTCTCAT-1,-0.25824897304725464
CXCR3+,MS,MS19270_CSF,GSM4104122_GGATTACGTAGCGTCC-1,-0.44201840526265135
CXCR3+,MS,MS19270_CSF,GSM4104122_GGATTACTCTACGAGT-1,-0.10056797643315316
CXCR3-,MS,MS19270_CSF,GSM4104122_GGCGACTAGCTTCGCG-1,-0.27132537463906475
CXCR3-,MS,MS19270_CSF,GSM4104122_GGCGACTTCTAGCACA-1,-0.5322227750583155
CXCR3-,MS,MS19270_CSF,GSM4104122_GGCGTGTAGAATTGTG-1,0.15469775814051692
CXCR3-,MS,MS19270_CSF,GSM4104122_GGCGTGTGTGAGCGAT-1,-0.11843326301241965
CXCR3-,MS,MS19270_CSF,GSM4104122_GGCGTGTTCACATGCA-1,-1.08582973209126
CXCR3-,MS,MS19270_CSF,GSM4104122_GGCTGGTAGGGAACGG-1,-0.35534586960449627
CXCR3-,MS,MS19270_CSF,GSM4104122_GGCTGGTGTCCGCTGA-1,-0.10056797643315316
CXCR3-,MS,MS19270_CSF,GSM4104122_GGCTGGTGTCTGGTCG-1,-0.2242717583120784
CXCR3+,MS,MS19270_CSF,GSM4104122_GGCTGGTTCACTATTC-1,-0.3374839617053801
CXCR3-,MS,MS19270_CSF,GSM4104122_GGGAATGCAAGCCTAT-1,-0.3935158899743308
CXCR3+,MS,MS19270_CSF,GSM4104122_GGGACCTAGAGACGAA-1,0.496332172188672
CXCR3-,MS,MS19270_CSF,GSM4104122_GGGACCTAGGGTCTCC-1,-0.24460990272335545
CXCR3-,MS,MS19270_CSF,GSM4104122_GGGACCTGTCTTGTCC-1,-0.10056797643315316
CXCR3-,MS,MS19270_CSF,GSM4104122_GGGATGAAGTTTGCGT-1,-0.10056797643315316
CXCR3+,MS,MS19270_CSF,GSM4104122_GGGATGACAATAGCAA-1,0.03773489493361063
CXCR3-,MS,MS19270_CSF,GSM4104122_GGGATGAGTATCTGCA-1,0.17924415792193685
CXCR3+,MS,MS19270_CSF,GSM4104122_GGGATGATCTTCGAGA-1,-0.20617947085622065
CXCR3-,MS,MS19270_CSF,GSM4104122_GGGCACTCAAAGGTGC-1,-0.04688989711590382
CXCR3+,MS,MS19270_CSF,GSM4104122_GGGCACTCAAGCCGTC-1,0.21183875398910607
CXCR3-,MS,MS19270_CSF,GSM4104122_GGGCACTTCAACGGGA-1,0.1325151802361924
CXCR3-,MS,MS19270_CSF,GSM4104122_GGGCATCAGAGTCTGG-1,-0.10056797643315316
CXCR3-,MS,MS19270_CSF,GSM4104122_GGGTCTGTCTGCTGTC-1,-0.32073857229415736
CXCR3-,MS,MS19270_CSF,GSM4104122_GGGTTGCAGCGATATA-1,-0.3653915042636428
CXCR3-,MS,MS19270_CSF,GSM4104122_GGTATTGAGCTACCTA-1,0.2811226030608247
CXCR3-,MS,MS19270_CSF,GSM4104122_GGTATTGGTCACCCAG-1,-0.10056797643315316
CXCR3-,MS,MS19270_CSF,GSM4104122_GGTGAAGTCTGCTGTC-1,-0.10056797643315316
CXCR3+,MS,MS19270_CSF,GSM4104122_GTAACGTAGAGGGCTT-1,0.10666919939882545
CXCR3-,MS,MS19270_CSF,GSM4104122_GTAACTGGTATAGTAG-1,-0.10056797643315316
CXCR3-,MS,MS19270_CSF,GSM4104122_GTAACTGGTGTCAATC-1,0.49461606474425973
CXCR3-,MS,MS19270_CSF,GSM4104122_GTACGTACAGGTCCAC-1,0.03228236603586895
CXCR3-,MS,MS19270_CSF,GSM4104122_GTACGTATCTCTAGGA-1,-0.10056797643315316
CXCR3-,MS,MS19270_CSF,GSM4104122_GTACTCCAGAGATGAG-1,-0.10056797643315316
CXCR3+,MS,MS19270_CSF,GSM4104122_GTACTCCAGATGTTAG-1,-0.10056797643315316
CXCR3+,MS,MS19270_CSF,GSM4104122_GTACTCCGTGATGCCC-1,-0.10056797643315316
CXCR3-,MS,MS19270_CSF,GSM4104122_GTACTTTTCGCAAACT-1,-0.3819334558977331
CXCR3-,MS,MS19270_CSF,GSM4104122_GTAGGCCAGATGGGTC-1,0.04623684772056237
CXCR3+,MS,MS19270_CSF,GSM4104122_GTAGGCCGTGAAGGCT-1,-0.02172104881271732
CXCR3-,MS,MS19270_CSF,GSM4104122_GTAGGCCGTTGACGTT-1,0.5351274322748012
CXCR3+,MS,MS19270_CSF,GSM4104122_GTAGGCCTCATTCACT-1,-0.10056797643315316
CXCR3+,MS,MS19270_CSF,GSM4104122_GTAGGCCTCGCTTAGA-1,-0.3393887741335509
CXCR3+,MS,MS19270_CSF,GSM4104122_GTAGTCAGTCTAGCCG-1,-0.12120159953363172
CXCR3-,MS,MS19270_CSF,GSM4104122_GTATTCTAGCTGCAAG-1,-0.005403031741641727
CXCR3-,MS,MS19270_CSF,GSM4104122_GTCAAGTGTAGTAGTA-1,-0.20724855554857394
CXCR3-,MS,MS19270_CSF,GSM4104122_GTCACAACAACTGGCC-1,-0.3302764933360111
CXCR3-,MS,MS19270_CSF,GSM4104122_GTCACAATCGGTGTCG-1,0.09302337498614377
CXCR3-,MS,MS19270_CSF,GSM4104122_GTCACGGTCTACTCAT-1,-0.8590960594524162
CXCR3-,MS,MS19270_CSF,GSM4104122_GTCATTTAGAATAGGG-1,-0.30629979195182294
CXCR3+,MS,MS19270_CSF,GSM4104122_GTCATTTTCCTCCTAG-1,-0.2729296303643072
CXCR3-,MS,MS19270_CSF,GSM4104122_GTCCTCACATAGACTC-1,-0.30719970929322943
CXCR3+,MS,MS19270_CSF,GSM4104122_GTCCTCATCCCTCTTT-1,-0.23645914988783398
CXCR3+,MS,MS19270_CSF,GSM4104122_GTCGGGTGTCGAGTTT-1,-0.10056797643315316
CXCR3+,MS,MS19270_CSF,GSM4104122_GTCGTAAAGTGTACCT-1,-0.5701415414790123
CXCR3-,MS,MS19270_CSF,GSM4104122_GTGCATAAGGGTTTCT-1,-0.10056797643315316
CXCR3-,MS,MS19270_CSF,GSM4104122_GTGGGTCGTTGTGGAG-1,-0.2750748739434233
CXCR3-,MS,MS19270_CSF,GSM4104122_GTGTGCGCAGCCTTTC-1,0.13519737368947163
CXCR3-,MS,MS19270_CSF,GSM4104122_GTGTGCGGTCTAACGT-1,-0.23332601033592523
CXCR3-,MS,MS19270_CSF,GSM4104122_GTGTTAGAGCCAGTTT-1,-0.07191468002632895
CXCR3-,MS,MS19270_CSF,GSM4104122_GTGTTAGGTCAGCTAT-1,-0.5885871880233998
CXCR3-,MS,MS19270_CSF,GSM4104122_GTTAAGCTCTGCAAGT-1,0.2389825416936476
CXCR3-,MS,MS19270_CSF,GSM4104122_GTTACAGCATACGCTA-1,0.14199866493186417
CXCR3-,MS,MS19270_CSF,GSM4104122_GTTACAGTCGCTGATA-1,-0.10056797643315316
CXCR3+,MS,MS19270_CSF,GSM4104122_GTTCATTAGTATTGGA-1,0.46971408489207545
CXCR3-,MS,MS19270_CSF,GSM4104122_GTTCATTCACGTCAGC-1,-0.10056797643315316
CXCR3+,MS,MS19270_CSF,GSM4104122_GTTCGGGTCGGCGCTA-1,0.027486053069522794
CXCR3+,MS,MS19270_CSF,GSM4104122_GTTCGGGTCTGCGTAA-1,0.4259440894784139
CXCR3+,MS,MS19270_CSF,GSM4104122_GTTTCTAGTTCTCATT-1,-0.10056797643315316
CXCR3-,MS,MS19270_CSF,GSM4104122_TAAACCGAGAATAGGG-1,-0.3490824988511011
CXCR3-,MS,MS19270_CSF,GSM4104122_TAAACCGCATTACCTT-1,-0.29142721099140456
CXCR3-,MS,MS19270_CSF,GSM4104122_TAAACCGGTGCTCTTC-1,0.3984020948479727
CXCR3-,MS,MS19270_CSF,GSM4104122_TAAGAGACATGCAACT-1,-0.26855043374827164
CXCR3+,MS,MS19270_CSF,GSM4104122_TAAGTGCCAGCTCCGA-1,0.3785099655510945
CXCR3-,MS,MS19270_CSF,GSM4104122_TACCTATAGAGTTGGC-1,-0.10056797643315316
CXCR3-,MS,MS19270_CSF,GSM4104122_TACCTATAGGTTCCTA-1,0.12085018267507079
CXCR3+,MS,MS19270_CSF,GSM4104122_TACCTATGTTTGTTGG-1,-0.06119306679635429
CXCR3-,MS,MS19270_CSF,GSM4104122_TACCTTAAGAATGTTG-1,-0.10056797643315316
CXCR3-,MS,MS19270_CSF,GSM4104122_TACGGATAGTGCCATT-1,-0.10056797643315316
CXCR3-,MS,MS19270_CSF,GSM4104122_TACGGATCAGCGATCC-1,-0.10056797643315316
CXCR3-,MS,MS19270_CSF,GSM4104122_TACGGATCATCACCCT-1,-0.1507840643481683
CXCR3+,MS,MS19270_CSF,GSM4104122_TACTCATCATCGTCGG-1,0.05846351278936347
CXCR3+,MS,MS19270_CSF,GSM4104122_TACTCATGTAGGCTGA-1,0.17024385412979606
CXCR3+,MS,MS19270_CSF,GSM4104122_TACTCATTCTGCAGTA-1,0.17302165752920398
CXCR3-,MS,MS19270_CSF,GSM4104122_TACTCGCCACTGTCGG-1,-0.5002832897727189
CXCR3+,MS,MS19270_CSF,GSM4104122_TACTCGCGTCGGATCC-1,-0.18098485672933426
CXCR3-,MS,MS19270_CSF,GSM4104122_TACTTACAGGGTCGAT-1,0.22508628672500786
CXCR3-,MS,MS19270_CSF,GSM4104122_TACTTGTAGTGACTCT-1,-0.10056797643315316
CXCR3-,MS,MS19270_CSF,GSM4104122_TAGCCGGGTTTCCACC-1,0.15714461905805743
CXCR3+,MS,MS19270_CSF,GSM4104122_TAGGCATCAGCCTTTC-1,0.15519359141492717
CXCR3+,MS,MS19270_CSF,GSM4104122_TAGGCATTCTAACGGT-1,0.13297745890864818
CXCR3+,MS,MS19270_CSF,GSM4104122_TAGTGGTAGCTACCGC-1,-0.25512194269956606
CXCR3-,MS,MS19270_CSF,GSM4104122_TAGTGGTGTATAGGTA-1,-0.7682439808995489
CXCR3-,MS,MS19270_CSF,GSM4104122_TAGTTGGCACATCCGG-1,0.06766429700140376
CXCR3-,MS,MS19270_CSF,GSM4104122_TATCAGGGTTCATGGT-1,-0.10056797643315316
CXCR3-,MS,MS19270_CSF,GSM4104122_TATCAGGTCAAGGTAA-1,0.1550041365962858
CXCR3-,MS,MS19270_CSF,GSM4104122_TATGCCCCACGAAACG-1,-0.10056797643315316
CXCR3-,MS,MS19270_CSF,GSM4104122_TATGCCCTCTTGTCAT-1,-0.3270223831412314
CXCR3-,MS,MS19270_CSF,GSM4104122_TATTACCCAGGCGATA-1,-0.10056797643315316
CXCR3-,MS,MS19270_CSF,GSM4104122_TCAACGAGTCCAGTTA-1,-1.6633516380797808
CXCR3-,MS,MS19270_CSF,GSM4104122_TCAACGATCTCAACTT-1,-0.17227464910220722
CXCR3+,MS,MS19270_CSF,GSM4104122_TCAACGATCTCCAACC-1,-0.10056797643315316
CXCR3-,MS,MS19270_CSF,GSM4104122_TCAATCTCATGCAACT-1,-0.30415856763488247
CXCR3-,MS,MS19270_CSF,GSM4104122_TCAATCTTCAGTTTGG-1,-0.10056797643315316
CXCR3-,MS,MS19270_CSF,GSM4104122_TCACAAGAGGTGATTA-1,-0.10056797643315316
CXCR3-,MS,MS19270_CSF,GSM4104122_TCACAAGCACCATCCT-1,-0.10056797643315316
CXCR3-,MS,MS19270_CSF,GSM4104122_TCACGAAAGTACGCCC-1,-0.10056797643315316
CXCR3-,MS,MS19270_CSF,GSM4104122_TCAGATGAGAGTAAGG-1,-0.10056797643315316
CXCR3-,MS,MS19270_CSF,GSM4104122_TCAGGATCAGGCTCAC-1,-0.10056797643315316
CXCR3+,MS,MS19270_CSF,GSM4104122_TCAGGTAAGATGTCGG-1,-0.10056797643315316
CXCR3-,MS,MS19270_CSF,GSM4104122_TCAGGTAAGCGATATA-1,-0.5868301849316343
CXCR3-,MS,MS19270_CSF,GSM4104122_TCAGGTAAGTGGACGT-1,0.10968443613906675
CXCR3-,MS,MS19270_CSF,GSM4104122_TCATTACCAAGCCTAT-1,-0.10056797643315316
CXCR3+,MS,MS19270_CSF,GSM4104122_TCCACACCATGTAAGA-1,0.10273950754197468
CXCR3-,MS,MS19270_CSF,GSM4104122_TCCCGATCACTTAACG-1,0.09781588593135396
CXCR3-,MS,MS19270_CSF,GSM4104122_TCCCGATGTTATCCGA-1,-0.10056797643315316
CXCR3-,MS,MS19270_CSF,GSM4104122_TCGCGTTTCTACTCAT-1,-0.32978247484269374
CXCR3-,MS,MS19270_CSF,GSM4104122_TCGCGTTTCTCATTCA-1,-0.10056797643315316
CXCR3-,MS,MS19270_CSF,GSM4104122_TCGGGACAGACTTGAA-1,0.24860382236974682
CXCR3+,MS,MS19270_CSF,GSM4104122_TCGGGACAGATCCCGC-1,-0.10056797643315316
CXCR3-,MS,MS19270_CSF,GSM4104122_TCGGGACCACAAGCCC-1,-0.2295710584963408
CXCR3-,MS,MS19270_CSF,GSM4104122_TCGGGACGTTTCCACC-1,-0.10056797643315316
CXCR3-,MS,MS19270_CSF,GSM4104122_TCGGGACTCCGTAGGC-1,-0.10056797643315316
CXCR3-,MS,MS19270_CSF,GSM4104122_TCGGGACTCTGATACG-1,-0.10056797643315316
CXCR3+,MS,MS19270_CSF,GSM4104122_TCGGTAAAGGGTGTTG-1,0.17687854965324806
CXCR3-,MS,MS19270_CSF,GSM4104122_TCTATTGTCAGTTCGA-1,-0.10056797643315316
CXCR3-,MS,MS19270_CSF,GSM4104122_TCTCATAGTTAAAGAC-1,-0.19997322839565626
CXCR3-,MS,MS19270_CSF,GSM4104122_TCTCATATCAGTTTGG-1,-0.10056797643315316
CXCR3+,MS,MS19270_CSF,GSM4104122_TCTCATATCGACAGCC-1,-0.1811499025718528
CXCR3+,MS,MS19270_CSF,GSM4104122_TCTGGAAAGCGAGAAA-1,-0.2598094585701974
CXCR3-,MS,MS19270_CSF,GSM4104122_TCTGGAACACGGCTAC-1,-0.264914779619062
CXCR3-,MS,MS19270_CSF,GSM4104122_TCTGGAACAGCTGTTA-1,-0.10056797643315316
CXCR3-,MS,MS19270_CSF,GSM4104122_TCTTCGGCAAGTCTGT-1,-0.10056797643315316
CXCR3+,MS,MS19270_CSF,GSM4104122_TGAAAGACAAAGGAAG-1,-0.10056797643315316
CXCR3-,MS,MS19270_CSF,GSM4104122_TGACAACCACTGTTAG-1,-0.14290162733230558
CXCR3-,MS,MS19270_CSF,GSM4104122_TGACAACCATGGAATA-1,0.19236185311454848
CXCR3-,MS,MS19270_CSF,GSM4104122_TGACGGCAGAAACGAG-1,-0.3931589839476371
CXCR3+,MS,MS19270_CSF,GSM4104122_TGACTAGGTTCACGGC-1,-0.10056797643315316
CXCR3-,MS,MS19270_CSF,GSM4104122_TGACTTTTCAGGCCCA-1,-0.10056797643315316
CXCR3-,MS,MS19270_CSF,GSM4104122_TGAGCATCACTACAGT-1,-0.44451353933294424
CXCR3-,MS,MS19270_CSF,GSM4104122_TGAGCCGCACCGGAAA-1,-0.10056797643315316
CXCR3+,MS,MS19270_CSF,GSM4104122_TGAGGGAAGGGCACTA-1,0.2297319017550325
CXCR3+,MS,MS19270_CSF,GSM4104122_TGAGGGACAACGATCT-1,-0.3042082749553141
CXCR3-,MS,MS19270_CSF,GSM4104122_TGAGGGAGTCGCTTCT-1,-0.3354697034230008
CXCR3-,MS,MS19270_CSF,GSM4104122_TGATTTCAGCAGGCTA-1,-0.10056797643315316
CXCR3+,MS,MS19270_CSF,GSM4104122_TGATTTCGTACCAGTT-1,0.13642831255678364
CXCR3+,MS,MS19270_CSF,GSM4104122_TGATTTCGTCTGCCAG-1,-0.22773879064450075
CXCR3+,MS,MS19270_CSF,GSM4104122_TGCCAAAAGAATAGGG-1,-0.06552422987044232
CXCR3+,MS,MS19270_CSF,GSM4104122_TGCCCATCAAGAGGCT-1,-0.10056797643315316
CXCR3-,MS,MS19270_CSF,GSM4104122_TGCCCTACAATCTGCA-1,-0.34572777954871675
CXCR3-,MS,MS19270_CSF,GSM4104122_TGCCCTATCATAAAGG-1,-0.4653362563626976
CXCR3+,MS,MS19270_CSF,GSM4104122_TGCGCAGCAAGAAGAG-1,0.24251043349320778
CXCR3+,MS,MS19270_CSF,GSM4104122_TGCGCAGCACAGCCCA-1,-0.24138714887482354
CXCR3-,MS,MS19270_CSF,GSM4104122_TGCGGGTCAAGGCTCC-1,0.0785462299563334
CXCR3-,MS,MS19270_CSF,GSM4104122_TGCGTGGGTCGACTAT-1,-0.44000232996006344
CXCR3+,MS,MS19270_CSF,GSM4104122_TGCTGCTAGAGGGATA-1,0.013626056388287304
CXCR3-,MS,MS19270_CSF,GSM4104122_TGGACGCTCGCAGGCT-1,-0.2133306440858253
CXCR3+,MS,MS19270_CSF,GSM4104122_TGGCCAGCACGCGAAA-1,-0.0490919173656575
CXCR3+,MS,MS19270_CSF,GSM4104122_TGGCGCAGTGCGATAG-1,-0.2601088633658278
CXCR3-,MS,MS19270_CSF,GSM4104122_TGGCGCAGTTGATTCG-1,0.03509487690735396
CXCR3-,MS,MS19270_CSF,GSM4104122_TGGGAAGAGGGCTCTC-1,0.24275775750274325
CXCR3-,MS,MS19270_CSF,GSM4104122_TGGGAAGGTAAAGGAG-1,-0.10056797643315316
CXCR3-,MS,MS19270_CSF,GSM4104122_TGGGCGTAGGTGCAAC-1,-0.37290859491378653
CXCR3-,MS,MS19270_CSF,GSM4104122_TGGTTCCTCATCGGAT-1,-0.06704882852985317
CXCR3-,MS,MS19270_CSF,GSM4104122_TGTATTCAGGGCTTCC-1,-0.2643671758657654
CXCR3+,MS,MS19270_CSF,GSM4104122_TGTGGTAGTATCACCA-1,-0.47848808355473976
CXCR3-,MS,MS19270_CSF,GSM4104122_TGTGTTTCACCATGTA-1,-0.10056797643315316
CXCR3-,MS,MS19270_CSF,GSM4104122_TGTGTTTGTCGTCTTC-1,-0.10056797643315316
CXCR3-,MS,MS19270_CSF,GSM4104122_TGTGTTTGTTACAGAA-1,0.28092145840568944
CXCR3-,MS,MS19270_CSF,GSM4104122_TGTTCCGCAATCTACG-1,-0.30830886763401694
CXCR3-,MS,MS19270_CSF,GSM4104122_TGTTCCGCACATCCGG-1,-0.10056797643315316
CXCR3+,MS,MS19270_CSF,GSM4104122_TTAGGACTCTAACGGT-1,0.17384637285839627
CXCR3-,MS,MS19270_CSF,GSM4104122_TTAGGCACACCGATAT-1,-0.2561648716015204
CXCR3-,MS,MS19270_CSF,GSM4104122_TTAGGCAGTGAAGGCT-1,-0.2742167107053172
CXCR3-,MS,MS19270_CSF,GSM4104122_TTAGTTCCAAACTGCT-1,-0.10056797643315316
CXCR3+,MS,MS19270_CSF,GSM4104122_TTAGTTCCAGCGTAAG-1,0.35802760981867887
CXCR3+,MS,MS19270_CSF,GSM4104122_TTAGTTCGTTATTCTC-1,-0.5206546410155262
CXCR3-,MS,MS19270_CSF,GSM4104122_TTCCCAGCACTTAACG-1,-0.24651941816317693
CXCR3+,MS,MS19270_CSF,GSM4104122_TTCCCAGTCCAGAGGA-1,-0.04068650590271002
CXCR3-,MS,MS19270_CSF,GSM4104122_TTCGAAGAGCTAGCCC-1,0.17905070196350323
CXCR3+,MS,MS19270_CSF,GSM4104122_TTCGGTCAGCAGGCTA-1,0.015758724587064853
CXCR3-,MS,MS19270_CSF,GSM4104122_TTCGGTCCACTTAAGC-1,-0.10056797643315316
CXCR3-,MS,MS19270_CSF,GSM4104122_TTCGGTCCATAGAAAC-1,0.5083029834667027
CXCR3-,MS,MS19270_CSF,GSM4104122_TTCTACATCTCTGAGA-1,-0.35554779549066595
CXCR3-,MS,MS19270_CSF,GSM4104122_TTCTCCTCACGGTGTC-1,-0.31225313814660904
CXCR3+,MS,MS19270_CSF,GSM4104122_TTCTCCTTCACAAACC-1,0.3661288525770163
CXCR3+,MS,MS19270_CSF,GSM4104122_TTCTCCTTCGAATGGG-1,-0.26365516172379133
CXCR3-,MS,MS19270_CSF,GSM4104122_TTCTTAGTCAACGGGA-1,-0.10056797643315316
CXCR3-,MS,MS19270_CSF,GSM4104122_TTCTTAGTCCACTGGG-1,0.3568599799262571
CXCR3-,MS,MS19270_CSF,GSM4104122_TTGAACGGTAGAAGGA-1,-0.10056797643315316
CXCR3-,MS,MS19270_CSF,GSM4104122_TTGAACGTCTGCAGTA-1,-0.029218269517678253
CXCR3-,MS,MS19270_CSF,GSM4104122_TTGACTTAGAGTGAGA-1,-0.10056797643315316
CXCR3-,MS,MS19270_CSF,GSM4104122_TTGACTTAGCTTTGGT-1,-0.10948153574972444
CXCR3+,MS,MS19270_CSF,GSM4104122_TTGACTTAGTAGATGT-1,-0.10056797643315316
CXCR3-,MS,MS19270_CSF,GSM4104122_TTGACTTTCGCGATCG-1,-0.10056797643315316
CXCR3+,MS,MS19270_CSF,GSM4104122_TTGACTTTCGGAGGTA-1,-0.5110018104851451
CXCR3+,MS,MS19270_CSF,GSM4104122_TTGCCGTCAAGTCTGT-1,0.4368604100229187
CXCR3+,MS,MS19270_CSF,GSM4104122_TTGCCGTTCTACTATC-1,-0.41751467153936134
CXCR3+,MS,MS19270_CSF,GSM4104122_TTGGAACCAATGACCT-1,-0.10056797643315316
CXCR3-,MS,MS19270_CSF,GSM4104122_TTGGAACGTGTGCGTC-1,-0.10056797643315316
CXCR3+,MS,MS19270_CSF,GSM4104122_TTGGAACTCATTTGGG-1,-0.2187014177722413
CXCR3-,MS,MS19270_CSF,GSM4104122_TTGTAGGAGGAGTTTA-1,-0.05538987714320704
CXCR3-,MS,MS19270_CSF,GSM4104122_TTGTAGGAGTTGAGTA-1,-0.10056797643315316
CXCR3-,MS,MS19270_CSF,GSM4104122_TTGTAGGCAGACGCAA-1,-0.10056797643315316
CXCR3-,MS,MS19270_CSF,GSM4104122_TTTACTGGTCCCGACA-1,-0.22612938682652775
CXCR3-,MS,MS19270_CSF,GSM4104122_TTTACTGTCCCATTAT-1,-0.10056797643315316
CXCR3-,MS,MS19270_CSF,GSM4104122_TTTATGCCATTGGGCC-1,-0.14613631456020165
CXCR3-,MS,MS19270_CSF,GSM4104122_TTTATGCGTGCCTGGT-1,-0.10056797643315316
CXCR3+,MS,MS19270_CSF,GSM4104122_TTTATGCTCTGGCGAC-1,0.05458493684988042
CXCR3-,MS,MS19270_CSF,GSM4104122_TTTGGTTCAAACTGTC-1,-0.12404759280232583
CXCR3-,MS,MS19270_CSF,GSM4104122_TTTGGTTCACCGAATT-1,-0.10056797643315316
CXCR3+,MS,MS19270_CSF,GSM4104122_TTTGGTTCACGGCCAT-1,0.14012188051193533
CXCR3-,MS,MS49131_CSF,GSM4104125_AAACGGGAGTACGTAA-1,-0.10056797643315316
CXCR3+,MS,MS49131_CSF,GSM4104125_AAAGCAATCGCCTGTT-1,-0.10056797643315316
CXCR3-,MS,MS49131_CSF,GSM4104125_AACGTTGTCCTCAATT-1,-1.4773159398911926
CXCR3-,MS,MS49131_CSF,GSM4104125_AACTCCCAGAGGTTGC-1,-0.7154888446195357
CXCR3-,MS,MS49131_CSF,GSM4104125_AACTCCCCAAAGGTGC-1,-0.10056797643315316
CXCR3-,MS,MS49131_CSF,GSM4104125_AACTCTTAGTCGAGTG-1,-0.6257173739370002
CXCR3-,MS,MS49131_CSF,GSM4104125_AAGGCAGTCCGCAAGC-1,-0.22079781180624033
CXCR3+,MS,MS49131_CSF,GSM4104125_AAGGTTCCAATTCCTT-1,-0.0909602464108745
CXCR3-,MS,MS49131_CSF,GSM4104125_AAGTCTGAGTTGAGTA-1,-0.10056797643315316
CXCR3-,MS,MS49131_CSF,GSM4104125_AATCCAGCATGCTGGC-1,0.06299405678312835
CXCR3-,MS,MS49131_CSF,GSM4104125_AATCCAGTCCGCGTTT-1,-0.2049149644810922
CXCR3-,MS,MS49131_CSF,GSM4104125_AATCGGTAGTCCAGGA-1,-0.10056797643315316
CXCR3+,MS,MS49131_CSF,GSM4104125_AATCGGTTCAGAGCTT-1,-0.23848588308386004
CXCR3+,MS,MS49131_CSF,GSM4104125_ACAGCCGAGGTGTGGT-1,-0.6043042942612121
CXCR3-,MS,MS49131_CSF,GSM4104125_ACATACGCACTTGGAT-1,0.21812903954722365
CXCR3-,MS,MS49131_CSF,GSM4104125_ACATGGTGTGCATCTA-1,-0.10056797643315316
CXCR3-,MS,MS49131_CSF,GSM4104125_ACCAGTACAAGCGTAG-1,-0.8770666589180082
CXCR3-,MS,MS49131_CSF,GSM4104125_ACCCACTCATGGTTGT-1,0.00116148806475239
CXCR3+,MS,MS49131_CSF,GSM4104125_ACGAGGAGTCATGCCG-1,-0.10056797643315316
CXCR3+,MS,MS49131_CSF,GSM4104125_ACGGGTCCATGAGCGA-1,0.42100632359720785
CXCR3-,MS,MS49131_CSF,GSM4104125_ACTATCTAGTAAGTAC-1,-0.10056797643315316
CXCR3-,MS,MS49131_CSF,GSM4104125_ACTGATGGTTCGCGAC-1,-0.10056797643315316
CXCR3+,MS,MS49131_CSF,GSM4104125_ACTTGTTGTTAAGATG-1,-0.4338733656923549
CXCR3-,MS,MS49131_CSF,GSM4104125_ACTTTCAGTTATCACG-1,-0.16768855791477488
CXCR3+,MS,MS49131_CSF,GSM4104125_AGAGCGAGTTTGGGCC-1,-0.101611853872715
CXCR3-,MS,MS49131_CSF,GSM4104125_AGAGTGGGTCTGCCAG-1,-0.5710568536525115
CXCR3-,MS,MS49131_CSF,GSM4104125_AGGCCACGTCATATCG-1,-0.11422115828562028
CXCR3-,MS,MS49131_CSF,GSM4104125_AGGGAGTGTCAGTGGA-1,-0.37355533362745136
CXCR3-,MS,MS49131_CSF,GSM4104125_AGGGATGAGGGTGTTG-1,-0.7713356031884204
CXCR3-,MS,MS49131_CSF,GSM4104125_AGGGTGAAGCCGATTT-1,-0.10056797643315316
CXCR3-,MS,MS49131_CSF,GSM4104125_AGGTCCGGTATATGAG-1,-0.10056797643315316
CXCR3+,MS,MS49131_CSF,GSM4104125_AGTAGTCAGCTCCTTC-1,-0.10056797643315316
CXCR3-,MS,MS49131_CSF,GSM4104125_AGTAGTCGTTGCTCCT-1,0.010453556300227826
CXCR3-,MS,MS49131_CSF,GSM4104125_AGTCTTTGTCACAAGG-1,-0.10056797643315316
CXCR3-,MS,MS49131_CSF,GSM4104125_AGTGGGATCACGATGT-1,-0.06550515780212861
CXCR3+,MS,MS49131_CSF,GSM4104125_AGTGTCAGTATGAATG-1,0.11160800593464769
CXCR3-,MS,MS49131_CSF,GSM4104125_ATCCACCGTCTTCTCG-1,-0.021633152929342616
CXCR3-,MS,MS49131_CSF,GSM4104125_ATCTGCCGTAGGCATG-1,-0.6453887093827657
CXCR3-,MS,MS49131_CSF,GSM4104125_ATGCGATCATGATCCA-1,-0.3881175425615901
CXCR3-,MS,MS49131_CSF,GSM4104125_ATTCTACGTCATATGC-1,-0.10056797643315316
CXCR3-,MS,MS49131_CSF,GSM4104125_ATTGGTGCAAGTAGTA-1,-0.7719891956291882
CXCR3-,MS,MS49131_CSF,GSM4104125_CAACCAACAACTTGAC-1,-0.46117847499139525
CXCR3+,MS,MS49131_CSF,GSM4104125_CAACTAGCAGTACACT-1,-0.10056797643315316
CXCR3-,MS,MS49131_CSF,GSM4104125_CAAGAAAAGACAAGCC-1,-0.10056797643315316
CXCR3-,MS,MS49131_CSF,GSM4104125_CACACAAGTCACTGGC-1,0.10029569472559981
CXCR3-,MS,MS49131_CSF,GSM4104125_CACACCTAGAAGCCCA-1,-0.2728138109953696
CXCR3+,MS,MS49131_CSF,GSM4104125_CACAGTATCTTGGGTA-1,-0.49477988241798915
CXCR3-,MS,MS49131_CSF,GSM4104125_CACATTTCAGCCTTTC-1,-0.10056797643315316
CXCR3-,MS,MS49131_CSF,GSM4104125_CACATTTGTCTAGTCA-1,-0.6010730822087779
CXCR3-,MS,MS49131_CSF,GSM4104125_CACCACTGTGGTACAG-1,0.2423867528658188
CXCR3-,MS,MS49131_CSF,GSM4104125_CACCAGGAGCGCTTAT-1,-0.3251142046453512
CXCR3-,MS,MS49131_CSF,GSM4104125_CACTCCATCTCGTTTA-1,-0.4870089533251835
CXCR3+,MS,MS49131_CSF,GSM4104125_CAGAATCCAGCGTTCG-1,-0.10056797643315316
CXCR3-,MS,MS49131_CSF,GSM4104125_CAGAATCGTAAGTAGT-1,-0.10056797643315316
CXCR3+,MS,MS49131_CSF,GSM4104125_CAGAATCTCTTGTTTG-1,0.5062336725756886
CXCR3-,MS,MS49131_CSF,GSM4104125_CAGAGAGAGGAGTCTG-1,0.26427992709291326
CXCR3-,MS,MS49131_CSF,GSM4104125_CAGATCATCGTGACAT-1,-0.10056797643315316
CXCR3+,MS,MS49131_CSF,GSM4104125_CAGCAGCTCACTTACT-1,-0.10056797643315316
CXCR3+,MS,MS49131_CSF,GSM4104125_CAGGTGCAGAGCTGCA-1,-0.6898662926319472
CXCR3-,MS,MS49131_CSF,GSM4104125_CAGTAACTCCTACAGA-1,-0.10056797643315316
CXCR3+,MS,MS49131_CSF,GSM4104125_CATATGGCATCGATGT-1,-0.08843530984609806
CXCR3+,MS,MS49131_CSF,GSM4104125_CATATTCTCCTGCAGG-1,-1.118543300525602
CXCR3+,MS,MS49131_CSF,GSM4104125_CATCAAGGTTCGCTAA-1,-0.639060930185269
CXCR3-,MS,MS49131_CSF,GSM4104125_CATCAGAGTTCACGGC-1,0.26814100928507284
CXCR3+,MS,MS49131_CSF,GSM4104125_CATCCACCAGACGCCT-1,0.02100976963127965
CXCR3-,MS,MS49131_CSF,GSM4104125_CATCGAAAGGCTCATT-1,-0.10056797643315316
CXCR3-,MS,MS49131_CSF,GSM4104125_CATTATCCAAGACGTG-1,-0.10056797643315316
CXCR3-,MS,MS49131_CSF,GSM4104125_CATTCGCAGACCTAGG-1,-0.8549378971301449
CXCR3-,MS,MS49131_CSF,GSM4104125_CCACGGATCAACTCTT-1,0.45778977537322657
CXCR3-,MS,MS49131_CSF,GSM4104125_CCATTCGCACTTCTGC-1,0.2218568036142943
CXCR3-,MS,MS49131_CSF,GSM4104125_CCCTCCTTCCGCGGTA-1,0.11003115630782803
CXCR3+,MS,MS49131_CSF,GSM4104125_CCTACACTCGAATGCT-1,-0.10056797643315316
CXCR3-,MS,MS49131_CSF,GSM4104125_CCTCAGTGTATCACCA-1,-0.5694715826269137
CXCR3-,MS,MS49131_CSF,GSM4104125_CCTTACGAGGGAGTAA-1,-0.293263109567643
CXCR3+,MS,MS49131_CSF,GSM4104125_CGAGAAGGTAGAGTGC-1,-0.10056797643315316
CXCR3-,MS,MS49131_CSF,GSM4104125_CGAGCACTCCACTCCA-1,-0.10056797643315316
CXCR3-,MS,MS49131_CSF,GSM4104125_CGCGGTAGTGATGTGG-1,0.012212613642239181
CXCR3-,MS,MS49131_CSF,GSM4104125_CGCGTTTCATCTATGG-1,-0.25542071717301285
CXCR3+,MS,MS49131_CSF,GSM4104125_CGGACACAGAAGAAGC-1,-0.3159784418259024
CXCR3-,MS,MS49131_CSF,GSM4104125_CGGACACGTAAGGATT-1,-0.19374752550038887
CXCR3-,MS,MS49131_CSF,GSM4104125_CGGACACTCTGTCAAG-1,-0.2770280449185129
CXCR3-,MS,MS49131_CSF,GSM4104125_CGGAGCTCAAGTAATG-1,-0.9483510136655318
CXCR3-,MS,MS49131_CSF,GSM4104125_CGGAGCTTCGTTGCCT-1,-0.10056797643315316
CXCR3-,MS,MS49131_CSF,GSM4104125_CGGCTAGAGTCACGCC-1,-0.30250894042835036
CXCR3+,MS,MS49131_CSF,GSM4104125_CGGTTAATCACGGTTA-1,-0.24445966422580398
CXCR3-,MS,MS49131_CSF,GSM4104125_CGTCACTTCACGGTTA-1,-0.44142030903894863
CXCR3+,MS,MS49131_CSF,GSM4104125_CGTCACTTCTTTCCTC-1,-0.023916324235090873
CXCR3-,MS,MS49131_CSF,GSM4104125_CGTGTAAAGATGGGTC-1,0.2758862771065981
CXCR3-,MS,MS49131_CSF,GSM4104125_CGTTCTGGTATTAGCC-1,-0.8032479679894433
CXCR3-,MS,MS49131_CSF,GSM4104125_CTAGCCTCACCGAATT-1,0.26442183998835983
CXCR3-,MS,MS49131_CSF,GSM4104125_CTCAGAAAGAGTAAGG-1,0.0040683368175787726
CXCR3-,MS,MS49131_CSF,GSM4104125_CTCAGAAAGCTGCAAG-1,-0.3045650869803162
CXCR3-,MS,MS49131_CSF,GSM4104125_CTCAGAAAGGGATCTG-1,-0.25963100270857875
CXCR3-,MS,MS49131_CSF,GSM4104125_CTCGAGGAGTCAAGGC-1,-0.2743909964467099
CXCR3+,MS,MS49131_CSF,GSM4104125_CTCGTACGTCAGGACA-1,-0.07552570268110965
CXCR3-,MS,MS49131_CSF,GSM4104125_CTCTACGAGCGTTTAC-1,0.2302164924267575
CXCR3+,MS,MS49131_CSF,GSM4104125_CTGAAACCAAGTCATC-1,-0.032876431075378174
CXCR3-,MS,MS49131_CSF,GSM4104125_CTGAAACCACGACTCG-1,-0.5488218824730826
CXCR3-,MS,MS49131_CSF,GSM4104125_CTGGTCTGTAAGAGAG-1,-0.10056797643315316
CXCR3-,MS,MS49131_CSF,GSM4104125_CTTAACTAGTACATGA-1,-0.0022155299122924737
CXCR3-,MS,MS49131_CSF,GSM4104125_CTTTGCGTCGCGTTTC-1,0.30836961010633435
CXCR3+,MS,MS49131_CSF,GSM4104125_GAAACTCGTGTAATGA-1,-0.10056797643315316
CXCR3-,MS,MS49131_CSF,GSM4104125_GAACATCCAAGGACAC-1,-0.014453312749566936
CXCR3-,MS,MS49131_CSF,GSM4104125_GAACGGAAGAATGTGT-1,-0.4051496494550421
CXCR3-,MS,MS49131_CSF,GSM4104125_GACAGAGTCTTAGAGC-1,0.11992909465967495
CXCR3+,MS,MS49131_CSF,GSM4104125_GACCTGGTCGAACGGA-1,0.7128831747764037
CXCR3-,MS,MS49131_CSF,GSM4104125_GACGCGTAGGTTACCT-1,-0.10056797643315316
CXCR3-,MS,MS49131_CSF,GSM4104125_GACGTGCCATGCAATC-1,-0.2192138033184857
CXCR3+,MS,MS49131_CSF,GSM4104125_GACGTTAAGGTGATTA-1,-0.10056797643315316
CXCR3-,MS,MS49131_CSF,GSM4104125_GACGTTACATACTACG-1,-0.24421008147652792
CXCR3+,MS,MS49131_CSF,GSM4104125_GACGTTAGTTGGTTTG-1,-0.43685129216964314
CXCR3-,MS,MS49131_CSF,GSM4104125_GACTAACTCATACGGT-1,-0.22224519068743712
CXCR3-,MS,MS49131_CSF,GSM4104125_GAGCAGACATTCCTCG-1,-0.10056797643315316
CXCR3+,MS,MS49131_CSF,GSM4104125_GATCGCGAGAAGGTTT-1,-0.38132431501640934
CXCR3-,MS,MS49131_CSF,GSM4104125_GATCGTAGTCGAAAGC-1,-0.6350452035010529
CXCR3-,MS,MS49131_CSF,GSM4104125_GATTCAGCACCACCAG-1,-0.10056797643315316
CXCR3-,MS,MS49131_CSF,GSM4104125_GCAATCAGTCCCTACT-1,0.2001170178259648
CXCR3-,MS,MS49131_CSF,GSM4104125_GCACATACAAATCCGT-1,-0.3348848037132247
CXCR3-,MS,MS49131_CSF,GSM4104125_GCACTCTTCACATGCA-1,0.3669176657032022
CXCR3-,MS,MS49131_CSF,GSM4104125_GCATACATCAACACAC-1,-0.22659057817960535
CXCR3-,MS,MS49131_CSF,GSM4104125_GCCAAATTCGAGAACG-1,-0.10056797643315316
CXCR3+,MS,MS49131_CSF,GSM4104125_GCGACCACAACACCCG-1,-0.38652592007090397
CXCR3-,MS,MS49131_CSF,GSM4104125_GCGAGAAAGCTAGTCT-1,-0.10056797643315316
CXCR3+,MS,MS49131_CSF,GSM4104125_GCGAGAACAACACCTA-1,-0.24605571764590045
CXCR3+,MS,MS49131_CSF,GSM4104125_GCGCAACAGAGTTGGC-1,-0.6811396440369649
CXCR3-,MS,MS49131_CSF,GSM4104125_GCTGCAGGTAGCGCAA-1,0.26147014310628075
CXCR3-,MS,MS49131_CSF,GSM4104125_GGAAAGCGTCCGCTGA-1,-0.32560881343448195
CXCR3-,MS,MS49131_CSF,GSM4104125_GGACAAGGTTGGTTTG-1,-0.10056797643315316
CXCR3+,MS,MS49131_CSF,GSM4104125_GGAGCAACACACGCTG-1,-0.10056797643315316
CXCR3-,MS,MS49131_CSF,GSM4104125_GGATGTTAGAAACCTA-1,-0.10056797643315316
CXCR3-,MS,MS49131_CSF,GSM4104125_GGGAATGCACGAGGTA-1,-0.31639384510227647
CXCR3-,MS,MS49131_CSF,GSM4104125_GGGACCTGTGAGGCTA-1,-0.10056797643315316
CXCR3+,MS,MS49131_CSF,GSM4104125_GGGAGATAGGCTAGCA-1,-0.24443465777114706
CXCR3+,MS,MS49131_CSF,GSM4104125_GGTATTGGTATCGCAT-1,-0.49143025293316744
CXCR3-,MS,MS49131_CSF,GSM4104125_GGTATTGGTGGCTCCA-1,0.08551740162919755
CXCR3-,MS,MS49131_CSF,GSM4104125_GTACGTAAGTTGAGTA-1,0.28496543056655155
CXCR3+,MS,MS49131_CSF,GSM4104125_GTAGTCACAGCTGGCT-1,-0.30867000292004665
CXCR3+,MS,MS49131_CSF,GSM4104125_GTCAAGTAGTACGCCC-1,0.24749973148416066
CXCR3-,MS,MS49131_CSF,GSM4104125_GTCCTCACACAGCGTC-1,-0.10056797643315316
CXCR3+,MS,MS49131_CSF,GSM4104125_GTCTCGTTCCGTACAA-1,0.12020042114581797
CXCR3-,MS,MS49131_CSF,GSM4104125_GTGCAGCGTGGCGAAT-1,-0.10056797643315316
CXCR3+,MS,MS49131_CSF,GSM4104125_GTGCATAAGTGGCACA-1,-0.10056797643315316
CXCR3-,MS,MS49131_CSF,GSM4104125_GTGCATACATCCCACT-1,-0.539607403756239
CXCR3-,MS,MS49131_CSF,GSM4104125_GTGCATATCTACTCAT-1,-0.1734656857050105
CXCR3-,MS,MS49131_CSF,GSM4104125_GTGCTTCCAAGTACCT-1,-0.10056797643315316
CXCR3+,MS,MS49131_CSF,GSM4104125_GTGCTTCTCGTGGTCG-1,-0.254504738259666
CXCR3-,MS,MS49131_CSF,GSM4104125_GTGTGCGTCACGAAGG-1,-0.28221261859111363
CXCR3-,MS,MS49131_CSF,GSM4104125_GTTTCTAGTCTAGTGT-1,-0.10056797643315316
CXCR3-,MS,MS49131_CSF,GSM4104125_TAAGAGACAGGACGTA-1,-0.021081542578365316
CXCR3-,MS,MS49131_CSF,GSM4104125_TAAGCGTAGTTCCACA-1,-0.10056797643315316
CXCR3+,MS,MS49131_CSF,GSM4104125_TACAGTGTCCCACTTG-1,-0.2333883032006511
CXCR3+,MS,MS49131_CSF,GSM4104125_TACCTATTCTCGCTTG-1,-0.10056797643315316
CXCR3+,MS,MS49131_CSF,GSM4104125_TACGGGCCAGTCAGCC-1,0.11519132021277245
CXCR3+,MS,MS49131_CSF,GSM4104125_TACGGGCGTTCGTCTC-1,-0.1510206811825444
CXCR3-,MS,MS49131_CSF,GSM4104125_TCAACGAAGGTCGGAT-1,-0.6079925123784806
CXCR3-,MS,MS49131_CSF,GSM4104125_TCAATCTAGGTAGCCA-1,-0.10056797643315316
CXCR3+,MS,MS49131_CSF,GSM4104125_TCAGATGTCTTCGGTC-1,0.5969831537910244
CXCR3+,MS,MS49131_CSF,GSM4104125_TCAGCTCCATCAGTCA-1,-0.09532271393742678
CXCR3-,MS,MS49131_CSF,GSM4104125_TCCACACCAGTTTACG-1,-0.10056797643315316
CXCR3+,MS,MS49131_CSF,GSM4104125_TCGCGAGCACTTCGAA-1,-0.10056797643315316
CXCR3-,MS,MS49131_CSF,GSM4104125_TCGGGACCATGGAATA-1,0.22053827193329484
CXCR3-,MS,MS49131_CSF,GSM4104125_TCGGTAACATAGTAAG-1,-0.10056797643315316
CXCR3-,MS,MS49131_CSF,GSM4104125_TCTATTGTCGTCTGCT-1,-0.6954141000772563
CXCR3+,MS,MS49131_CSF,GSM4104125_TGAAAGACATCATCCC-1,-0.37177643695616563
CXCR3-,MS,MS49131_CSF,GSM4104125_TGACAACAGTTAGCGG-1,-0.26331874970127256
CXCR3-,MS,MS49131_CSF,GSM4104125_TGACAACTCTGTACGA-1,-0.10056797643315316
CXCR3+,MS,MS49131_CSF,GSM4104125_TGAGAGGGTCTAGAGG-1,0.14546761514208426
CXCR3+,MS,MS49131_CSF,GSM4104125_TGAGAGGTCGATGAGG-1,0.002146633210323331
CXCR3-,MS,MS49131_CSF,GSM4104125_TGATTTCCAATGGAGC-1,0.0916438274782263
CXCR3+,MS,MS49131_CSF,GSM4104125_TGATTTCTCAGCATGT-1,-0.44866426242926893
CXCR3-,MS,MS49131_CSF,GSM4104125_TGCACCTTCTACCAGA-1,-0.25631968041608555
CXCR3-,MS,MS49131_CSF,GSM4104125_TGCGTGGCAGTCAGCC-1,-0.5658296391894738
CXCR3-,MS,MS49131_CSF,GSM4104125_TGGCCAGAGAGGTACC-1,-0.10056797643315316
CXCR3-,MS,MS49131_CSF,GSM4104125_TGGCGCAAGATATACG-1,0.21660560997777376
CXCR3-,MS,MS49131_CSF,GSM4104125_TGGGAAGCAGCATGAG-1,-0.16529166546918292
CXCR3-,MS,MS49131_CSF,GSM4104125_TGGGCGTCATTTCAGG-1,0.18704013864922
CXCR3-,MS,MS49131_CSF,GSM4104125_TGTATTCGTAGCCTCG-1,-0.10056797643315316
CXCR3+,MS,MS49131_CSF,GSM4104125_TTAACTCTCAGGTAAA-1,0.21206493877468688
CXCR3-,MS,MS49131_CSF,GSM4104125_TTATGCTGTCGTGGCT-1,-0.2566221316049771
CXCR3-,MS,MS49131_CSF,GSM4104125_TTATGCTGTTGTCTTT-1,0.14189984322018628
CXCR3-,MS,MS49131_CSF,GSM4104125_TTCCCAGGTAAATGTG-1,-0.10056797643315316
CXCR3-,MS,MS49131_CSF,GSM4104125_TTCGAAGTCCTAGGGC-1,-0.4251296407245138
CXCR3-,MS,MS49131_CSF,GSM4104125_TTGACTTGTTGGACCC-1,-0.28268458922462264
CXCR3+,MS,MS49131_CSF,GSM4104125_TTTACTGTCTGCCCTA-1,-0.3486379119906366
CXCR3+,MS,MS49131_CSF,GSM4104125_TTTATGCCAAGTAGTA-1,-0.10056797643315316
CXCR3-,MS,MS49131_CSF,GSM4104125_TTTATGCCAGGTGGAT-1,-0.04013967917613619
CXCR3+,MS,MS49131_CSF,GSM4104125_TTTGTCAAGATATGGT-1,-0.10056797643315316
CXCR3-,MS,MS58637_CSF,GSM4104123_AAACCTGCATGCCTAA-1,0.15548244444777007
CXCR3-,MS,MS58637_CSF,GSM4104123_AAAGATGAGCCACCTG-1,-0.31483381470874594
CXCR3-,MS,MS58637_CSF,GSM4104123_AACTGGTGTATTAGCC-1,-0.25931434437510054
CXCR3+,MS,MS58637_CSF,GSM4104123_AACTGGTTCCCAACGG-1,0.6201161534748908
CXCR3+,MS,MS58637_CSF,GSM4104123_AAGCCGCCAGGTCCAC-1,-0.10056797643315316
CXCR3-,MS,MS58637_CSF,GSM4104123_AATCGGTAGCTAACAA-1,-0.10056797643315316
CXCR3-,MS,MS58637_CSF,GSM4104123_ACACTGACACTCTGTC-1,-0.10056797643315316
CXCR3-,MS,MS58637_CSF,GSM4104123_ACAGCCGAGAGCTTCT-1,0.34419561352607664
CXCR3-,MS,MS58637_CSF,GSM4104123_ACATCAGGTAGCCTCG-1,-0.10056797643315316
CXCR3+,MS,MS58637_CSF,GSM4104123_ACCCACTAGACGCTTT-1,-0.10056797643315316
CXCR3-,MS,MS58637_CSF,GSM4104123_ACCGTAAGTCTGCAAT-1,0.22021556650320642
CXCR3-,MS,MS58637_CSF,GSM4104123_ACGGAGACAATGAAAC-1,-0.39053803091209566
CXCR3-,MS,MS58637_CSF,GSM4104123_ACGGGCTCAACTGCTA-1,-0.24559547196775425
CXCR3-,MS,MS58637_CSF,GSM4104123_ACGGGCTTCTTGACGA-1,-0.10056797643315316
CXCR3-,MS,MS58637_CSF,GSM4104123_ACTGAACAGCGAAGGG-1,-0.10056797643315316
CXCR3-,MS,MS58637_CSF,GSM4104123_ACTGAACGTTTGGCGC-1,-0.10056797643315316
CXCR3-,MS,MS58637_CSF,GSM4104123_ACTGAGTGTGATGCCC-1,0.21646146062029198
CXCR3-,MS,MS58637_CSF,GSM4104123_ACTTACTCAGGGAGAG-1,-0.28723261735888767
CXCR3-,MS,MS58637_CSF,GSM4104123_ACTTTCACAATAACGA-1,-0.29247220993219514
CXCR3-,MS,MS58637_CSF,GSM4104123_AGACGTTCACCCTATC-1,-0.10056797643315316
CXCR3-,MS,MS58637_CSF,GSM4104123_AGACGTTCAGCCACCA-1,-0.10056797643315316
CXCR3+,MS,MS58637_CSF,GSM4104123_AGAGCGACACGCGAAA-1,-0.10056797643315316
CXCR3-,MS,MS58637_CSF,GSM4104123_AGAGTGGGTTATTCTC-1,0.22292456185340453
CXCR3-,MS,MS58637_CSF,GSM4104123_AGAGTGGGTTCGCTAA-1,0.16752423380479817
CXCR3-,MS,MS58637_CSF,GSM4104123_AGCAGCCGTGACTACT-1,-0.10056797643315316
CXCR3-,MS,MS58637_CSF,GSM4104123_AGCAGCCGTGTGACGA-1,0.28754947614691007
CXCR3-,MS,MS58637_CSF,GSM4104123_AGCAGCCTCCGTTGTC-1,-0.10056797643315316
CXCR3-,MS,MS58637_CSF,GSM4104123_AGCGTATGTGCTAGCC-1,-0.5078502878379226
CXCR3+,MS,MS58637_CSF,GSM4104123_AGGGTGAGTTCCACTC-1,-0.3020438229995421
CXCR3-,MS,MS58637_CSF,GSM4104123_AGGGTGATCTGAAAGA-1,-0.7435815560586707
CXCR3-,MS,MS58637_CSF,GSM4104123_AGGTCATGTCCTAGCG-1,-0.10056797643315316
CXCR3-,MS,MS58637_CSF,GSM4104123_AGTAGTCCAAGAGGCT-1,-0.10056797643315316
CXCR3-,MS,MS58637_CSF,GSM4104123_AGTCTTTGTCTTTCAT-1,0.3370436973622956
CXCR3-,MS,MS58637_CSF,GSM4104123_AGTGTCATCCCTCTTT-1,-0.10056797643315316
CXCR3+,MS,MS58637_CSF,GSM4104123_AGTTGGTGTCCGAAGA-1,0.07191295936961932
CXCR3-,MS,MS58637_CSF,GSM4104123_ATAACGCAGCCTATGT-1,0.08505761419552947
CXCR3-,MS,MS58637_CSF,GSM4104123_ATCACGATCCAATGGT-1,-0.10056797643315316
CXCR3+,MS,MS58637_CSF,GSM4104123_ATCATGGAGATGCGAC-1,-0.38186405935902495
CXCR3+,MS,MS58637_CSF,GSM4104123_ATCATGGCAAGGTGTG-1,-0.10056797643315316
CXCR3-,MS,MS58637_CSF,GSM4104123_ATCATGGGTCGGCTCA-1,-0.10056797643315316
CXCR3-,MS,MS58637_CSF,GSM4104123_ATCCACCCACATCTTT-1,-0.10056797643315316
CXCR3+,MS,MS58637_CSF,GSM4104123_ATGAGGGGTCTCACCT-1,0.1969323101942782
CXCR3-,MS,MS58637_CSF,GSM4104123_ATGGGAGCACCCATGG-1,-0.2314277995057748
CXCR3-,MS,MS58637_CSF,GSM4104123_ATGTGTGAGATGCGAC-1,-0.10056797643315316
CXCR3+,MS,MS58637_CSF,GSM4104123_ATGTGTGTCAGCTCTC-1,-0.10056797643315316
CXCR3-,MS,MS58637_CSF,GSM4104123_ATTATCCAGACGACGT-1,-0.10056797643315316
CXCR3-,MS,MS58637_CSF,GSM4104123_ATTATCCGTGTGCGTC-1,0.3857011321131202
CXCR3+,MS,MS58637_CSF,GSM4104123_ATTGGACTCCAACCAA-1,0.21563076450624605
CXCR3-,MS,MS58637_CSF,GSM4104123_ATTGGTGAGGATGGTC-1,-0.2694629813247952
CXCR3-,MS,MS58637_CSF,GSM4104123_ATTTCTGGTCCAACTA-1,0.10310589247030343
CXCR3-,MS,MS58637_CSF,GSM4104123_ATTTCTGTCACTTATC-1,-0.265605606431268
CXCR3-,MS,MS58637_CSF,GSM4104123_CACACCTTCCTTTCGG-1,-0.02320618415770879
CXCR3-,MS,MS58637_CSF,GSM4104123_CACACTCGTACAGTGG-1,0.7376563436769704
CXCR3-,MS,MS58637_CSF,GSM4104123_CACAGTAGTGATAAAC-1,-0.10056797643315316
CXCR3-,MS,MS58637_CSF,GSM4104123_CACCACTAGAAACGAG-1,-0.10056797643315316
CXCR3-,MS,MS58637_CSF,GSM4104123_CACCACTGTATGCTTG-1,0.19872887626503813
CXCR3-,MS,MS58637_CSF,GSM4104123_CACCAGGCATGCTGGC-1,0.30321830334293726
CXCR3+,MS,MS58637_CSF,GSM4104123_CACCTTGAGGACTGGT-1,-0.5651549219692803
CXCR3-,MS,MS58637_CSF,GSM4104123_CACCTTGGTTGGAGGT-1,0.21005140143561737
CXCR3-,MS,MS58637_CSF,GSM4104123_CAGAATCGTAACGACG-1,-0.10056797643315316
CXCR3-,MS,MS58637_CSF,GSM4104123_CAGCAGCAGCAACGGT-1,-0.10056797643315316
CXCR3-,MS,MS58637_CSF,GSM4104123_CAGGTGCCAAGTTAAG-1,-0.10056797643315316
CXCR3-,MS,MS58637_CSF,GSM4104123_CAGTAACCACGCGAAA-1,0.363633720753091
CXCR3+,MS,MS58637_CSF,GSM4104123_CAGTCCTTCTTGCATT-1,-0.10056797643315316
CXCR3-,MS,MS58637_CSF,GSM4104123_CATATTCCACAGTCGC-1,-0.10056797643315316
CXCR3-,MS,MS58637_CSF,GSM4104123_CATCCACTCACCCGAG-1,-0.10056797643315316
CXCR3-,MS,MS58637_CSF,GSM4104123_CATCGAACAACGATGG-1,-0.10056797643315316
CXCR3-,MS,MS58637_CSF,GSM4104123_CATCGGGGTCGCGGTT-1,0.21070845651043177
CXCR3-,MS,MS58637_CSF,GSM4104123_CATGACATCGGCGGTT-1,-0.10056797643315316
CXCR3-,MS,MS58637_CSF,GSM4104123_CATTATCAGTTTAGGA-1,0.30022132220869224
CXCR3-,MS,MS58637_CSF,GSM4104123_CCACGGATCCCGGATG-1,-0.10056797643315316
CXCR3-,MS,MS58637_CSF,GSM4104123_CCATGTCTCTATGTGG-1,-0.10056797643315316
CXCR3+,MS,MS58637_CSF,GSM4104123_CCCAATCGTAAATGTG-1,-0.10056797643315316
CXCR3-,MS,MS58637_CSF,GSM4104123_CCTAAAGTCGCGATCG-1,-0.10056797643315316
CXCR3-,MS,MS58637_CSF,GSM4104123_CCTACACAGCCGTCGT-1,-0.10056797643315316
CXCR3-,MS,MS58637_CSF,GSM4104123_CCTACCATCACCACCT-1,-0.5859833645111382
CXCR3-,MS,MS58637_CSF,GSM4104123_CGAACATGTCTAGCGC-1,-0.10056797643315316
CXCR3+,MS,MS58637_CSF,GSM4104123_CGCTGGACATCTGGTA-1,0.3286128009528676
CXCR3-,MS,MS58637_CSF,GSM4104123_CGCTTCACACCTGGTG-1,-0.10056797643315316
CXCR3-,MS,MS58637_CSF,GSM4104123_CGCTTCATCAGTACGT-1,-0.10056797643315316
CXCR3-,MS,MS58637_CSF,GSM4104123_CGCTTCATCTGCAGTA-1,-0.10056797643315316
CXCR3+,MS,MS58637_CSF,GSM4104123_CGGACGTTCTACGAGT-1,0.32798521218793175
CXCR3-,MS,MS58637_CSF,GSM4104123_CGTAGCGAGACAGACC-1,-0.09463612594637957
CXCR3-,MS,MS58637_CSF,GSM4104123_CGTAGCGGTTCACCTC-1,-0.7279941051034308
CXCR3-,MS,MS58637_CSF,GSM4104123_CGTCACTAGGCGTACA-1,-0.10056797643315316
CXCR3-,MS,MS58637_CSF,GSM4104123_CGTGAGCTCTTATCTG-1,-0.10056797643315316
CXCR3+,MS,MS58637_CSF,GSM4104123_CGTGTCTGTGAAGGCT-1,-0.2794456802358568
CXCR3-,MS,MS58637_CSF,GSM4104123_CGTTAGACACGCGAAA-1,-0.10056797643315316
CXCR3-,MS,MS58637_CSF,GSM4104123_CGTTGGGGTGATGCCC-1,0.1540949376438314
CXCR3-,MS,MS58637_CSF,GSM4104123_CTAATGGGTGCCTGCA-1,-0.10056797643315316
CXCR3-,MS,MS58637_CSF,GSM4104123_CTAATGGTCTTGCAAG-1,-0.47456010266933124
CXCR3+,MS,MS58637_CSF,GSM4104123_CTACCCAAGCCAGTTT-1,-0.2723140931926027
CXCR3-,MS,MS58637_CSF,GSM4104123_CTCAGAACACCTGGTG-1,-0.7112235963390017
CXCR3+,MS,MS58637_CSF,GSM4104123_CTCCTAGAGTCCTCCT-1,-0.10056797643315316
CXCR3-,MS,MS58637_CSF,GSM4104123_CTCGAAAAGGAATCGC-1,-0.10056797643315316
CXCR3+,MS,MS58637_CSF,GSM4104123_CTCGAGGAGGCTCTTA-1,-0.6791830518971694
CXCR3+,MS,MS58637_CSF,GSM4104123_CTCGTACTCCGATATG-1,-0.10056797643315316
CXCR3-,MS,MS58637_CSF,GSM4104123_CTCGTCACAGTCGATT-1,-0.10056797643315316
CXCR3-,MS,MS58637_CSF,GSM4104123_CTCTAATCAAGGCTCC-1,-0.10056797643315316
CXCR3-,MS,MS58637_CSF,GSM4104123_CTCTACGTCTTACCGC-1,-0.10056797643315316
CXCR3+,MS,MS58637_CSF,GSM4104123_CTGAAACCATTTCAGG-1,-0.1299139469052704
CXCR3-,MS,MS58637_CSF,GSM4104123_CTGATCCCAGCGTAAG-1,-0.10056797643315316
CXCR3-,MS,MS58637_CSF,GSM4104123_CTGCGGATCTGCGACG-1,-0.10056797643315316
CXCR3-,MS,MS58637_CSF,GSM4104123_CTTAGGACAAGTCTAC-1,-0.7282064392000783
CXCR3-,MS,MS58637_CSF,GSM4104123_CTTCTCTCAATAGCGG-1,-0.10056797643315316
CXCR3-,MS,MS58637_CSF,GSM4104123_CTTGGCTGTTCCATGA-1,-0.10056797643315316
CXCR3+,MS,MS58637_CSF,GSM4104123_CTTTGCGAGTGTGGCA-1,-0.10056797643315316
CXCR3+,MS,MS58637_CSF,GSM4104123_GAAACTCCAGTCGATT-1,0.3493938590020026
CXCR3-,MS,MS58637_CSF,GSM4104123_GAAACTCTCCTAAGTG-1,-0.6446060231876937
CXCR3-,MS,MS58637_CSF,GSM4104123_GAAATGATCGAATGGG-1,-0.36717079216464565
CXCR3-,MS,MS58637_CSF,GSM4104123_GAACCTAGTACCGTAT-1,0.4051205603192766
CXCR3-,MS,MS58637_CSF,GSM4104123_GAACCTAGTTTGACAC-1,0.3990612780963736
CXCR3-,MS,MS58637_CSF,GSM4104123_GAACCTATCTCTGTCG-1,0.386807709297549
CXCR3-,MS,MS58637_CSF,GSM4104123_GACAGAGGTCGCTTCT-1,0.2853973286771013
CXCR3-,MS,MS58637_CSF,GSM4104123_GACCAATAGGTTCCTA-1,-0.10056797643315316
CXCR3+,MS,MS58637_CSF,GSM4104123_GACCAATAGTACGACG-1,-0.10056797643315316
CXCR3-,MS,MS58637_CSF,GSM4104123_GACGCGTCAGGAACGT-1,0.24265171388629003
CXCR3-,MS,MS58637_CSF,GSM4104123_GACGTTAAGAGACGAA-1,-0.345330144016441
CXCR3-,MS,MS58637_CSF,GSM4104123_GACGTTAAGGCTAGCA-1,-0.10056797643315316
CXCR3-,MS,MS58637_CSF,GSM4104123_GACGTTAGTTCGTGAT-1,0.42892044003495383
CXCR3-,MS,MS58637_CSF,GSM4104123_GATCAGTGTTCGTGAT-1,0.3503529238215846
CXCR3-,MS,MS58637_CSF,GSM4104123_GATCTAGTCTCGTTTA-1,-0.3786482258993122
CXCR3-,MS,MS58637_CSF,GSM4104123_GCAAACTGTTCCACTC-1,0.030181322083918105
CXCR3-,MS,MS58637_CSF,GSM4104123_GCAAACTTCTTGAGGT-1,0.2625583002309944
CXCR3-,MS,MS58637_CSF,GSM4104123_GCAATCAGTGTGACCC-1,-0.10056797643315316
CXCR3+,MS,MS58637_CSF,GSM4104123_GCACTCTTCTGCTGCT-1,-0.10056797643315316
CXCR3-,MS,MS58637_CSF,GSM4104123_GCAGTTATCTGTCCGT-1,0.19805339789819026
CXCR3-,MS,MS58637_CSF,GSM4104123_GCATACAAGAGCTGCA-1,0.21620360496873442
CXCR3-,MS,MS58637_CSF,GSM4104123_GCCAAATGTTTGGCGC-1,-0.9476110643917105
CXCR3+,MS,MS58637_CSF,GSM4104123_GCCTCTAAGGGTATCG-1,0.31159205301993753
CXCR3+,MS,MS58637_CSF,GSM4104123_GCGAGAACACCAACCG-1,-0.10056797643315316
CXCR3-,MS,MS58637_CSF,GSM4104123_GCGCGATTCATAAAGG-1,-0.10056797643315316
CXCR3-,MS,MS58637_CSF,GSM4104123_GCGCGATTCTCCAACC-1,0.35996436644288404
CXCR3-,MS,MS58637_CSF,GSM4104123_GCGCGATTCTCCCTGA-1,0.4496094148202374
CXCR3-,MS,MS58637_CSF,GSM4104123_GCGGGTTTCCAGTAGT-1,-0.10056797643315316
CXCR3-,MS,MS58637_CSF,GSM4104123_GCTCTGTCAGTATAAG-1,0.17694644953314256
CXCR3-,MS,MS58637_CSF,GSM4104123_GCTGCTTCAGGGTATG-1,-0.4380608945672935
CXCR3-,MS,MS58637_CSF,GSM4104123_GCTGCTTCATACTCTT-1,-0.10056797643315316
CXCR3-,MS,MS58637_CSF,GSM4104123_GCTGCTTGTTTGGCGC-1,0.4654673432588346
CXCR3-,MS,MS58637_CSF,GSM4104123_GCTGGGTTCAAAGTAG-1,-0.10056797643315316
CXCR3-,MS,MS58637_CSF,GSM4104123_GGAACTTAGCCGGTAA-1,-0.5494349532268835
CXCR3-,MS,MS58637_CSF,GSM4104123_GGAATAATCAACGGCC-1,0.19694667046524458
CXCR3-,MS,MS58637_CSF,GSM4104123_GGACAAGCAATACGCT-1,-0.504336645108719
CXCR3+,MS,MS58637_CSF,GSM4104123_GGACGTCGTGGTTTCA-1,0.03846888695637544
CXCR3-,MS,MS58637_CSF,GSM4104123_GGACGTCTCGTTGCCT-1,0.6585255007062517
CXCR3+,MS,MS58637_CSF,GSM4104123_GGAGCAAAGTGAAGAG-1,-0.23395188852271342
CXCR3-,MS,MS58637_CSF,GSM4104123_GGATGTTAGGAGCGAG-1,-0.10056797643315316
CXCR3+,MS,MS58637_CSF,GSM4104123_GGCGTGTGTTCAGGCC-1,-0.10056797643315316
CXCR3-,MS,MS58637_CSF,GSM4104123_GGCTCGAAGCACGCCT-1,-0.28296596153996206
CXCR3-,MS,MS58637_CSF,GSM4104123_GGGAATGTCTAACCGA-1,-0.10056797643315316
CXCR3-,MS,MS58637_CSF,GSM4104123_GGGATGACAAACAACA-1,-0.10056797643315316
CXCR3-,MS,MS58637_CSF,GSM4104123_GGGCACTGTTCCATGA-1,-0.27035062820704336
CXCR3-,MS,MS58637_CSF,GSM4104123_GGGCATCCAACTGCTA-1,-0.41038463704670747
CXCR3-,MS,MS58637_CSF,GSM4104123_GGGCATCCAGACGCAA-1,-0.3623042857140654
CXCR3-,MS,MS58637_CSF,GSM4104123_GGTGCGTAGACCCACC-1,-0.10056797643315316
CXCR3-,MS,MS58637_CSF,GSM4104123_GTAACGTGTTCAGGCC-1,0.15110661746194287
CXCR3-,MS,MS58637_CSF,GSM4104123_GTAACGTTCAGCGATT-1,-0.23596668169657928
CXCR3-,MS,MS58637_CSF,GSM4104123_GTACTCCTCGGCGCAT-1,-0.57944313624451
CXCR3-,MS,MS58637_CSF,GSM4104123_GTACTTTTCTGTTGAG-1,-0.10056797643315316
CXCR3-,MS,MS58637_CSF,GSM4104123_GTAGTCACACATTAGC-1,0.4179225518214021
CXCR3+,MS,MS58637_CSF,GSM4104123_GTCAAGTTCTTTACGT-1,-0.10056797643315316
CXCR3-,MS,MS58637_CSF,GSM4104123_GTCACAAAGGCGATAC-1,-0.10056797643315316
CXCR3-,MS,MS58637_CSF,GSM4104123_GTCATTTAGTATCTCG-1,-0.10056797643315316
CXCR3-,MS,MS58637_CSF,GSM4104123_GTCGGGTAGAGGTAGA-1,-0.28269916335080225
CXCR3-,MS,MS58637_CSF,GSM4104123_GTCGGGTTCGAGCCCA-1,-0.10056797643315316
CXCR3-,MS,MS58637_CSF,GSM4104123_GTCTCGTAGTCCAGGA-1,-0.10056797643315316
CXCR3+,MS,MS58637_CSF,GSM4104123_GTGAAGGTCATCTGTT-1,0.40224855726437475
CXCR3-,MS,MS58637_CSF,GSM4104123_GTGTGCGTCCAGAGGA-1,-0.10056797643315316
CXCR3-,MS,MS58637_CSF,GSM4104123_GTTCTCGAGATCTGAA-1,-0.10056797643315316
CXCR3-,MS,MS58637_CSF,GSM4104123_TACACGAGTCTTGATG-1,-0.10056797643315316
CXCR3-,MS,MS58637_CSF,GSM4104123_TACGGTACAATGGATA-1,-0.18989843569458206
CXCR3-,MS,MS58637_CSF,GSM4104123_TACGGTAGTTCGTTGA-1,-0.004274435674377305
CXCR3-,MS,MS58637_CSF,GSM4104123_TACTCGCGTCGTCTTC-1,-0.10056797643315316
CXCR3-,MS,MS58637_CSF,GSM4104123_TAGCCGGAGCGTAATA-1,-0.10056797643315316
CXCR3-,MS,MS58637_CSF,GSM4104123_TAGTGGTAGGCAGTCA-1,0.316681746963074
CXCR3-,MS,MS58637_CSF,GSM4104123_TAGTGGTGTTAAAGTG-1,-0.13200020613890104
CXCR3+,MS,MS58637_CSF,GSM4104123_TATCAGGTCGCGGATC-1,-0.49531980223976013
CXCR3+,MS,MS58637_CSF,GSM4104123_TATGCCCAGGATCGCA-1,-0.5012885120106566
CXCR3-,MS,MS58637_CSF,GSM4104123_TATGCCCTCGTCCAGG-1,0.1765165580210195
CXCR3+,MS,MS58637_CSF,GSM4104123_TCACGAAAGTTTCCTT-1,0.2069159477875158
CXCR3-,MS,MS58637_CSF,GSM4104123_TCAGATGCATTTCACT-1,0.19134552799319154
CXCR3-,MS,MS58637_CSF,GSM4104123_TCAGCTCAGTGAAGTT-1,-0.30929760552876306
CXCR3-,MS,MS58637_CSF,GSM4104123_TCATTACGTACACCGC-1,-0.4079599384700188
CXCR3-,MS,MS58637_CSF,GSM4104123_TCCACACTCCTAGGGC-1,-0.6210337313720639
CXCR3+,MS,MS58637_CSF,GSM4104123_TCCCGATCAATTCCTT-1,-0.3054160257629755
CXCR3+,MS,MS58637_CSF,GSM4104123_TCGAGGCGTAAACACA-1,-0.10056797643315316
CXCR3-,MS,MS58637_CSF,GSM4104123_TCGCGAGGTCTAGGTT-1,-0.10056797643315316
CXCR3-,MS,MS58637_CSF,GSM4104123_TCGGGACGTGCCTGGT-1,-0.30897650088326867
CXCR3-,MS,MS58637_CSF,GSM4104123_TCGTACCAGTGAAGTT-1,-0.3060091392298356
CXCR3-,MS,MS58637_CSF,GSM4104123_TCGTACCGTGGTCTCG-1,0.18584055660817464
CXCR3+,MS,MS58637_CSF,GSM4104123_TCGTACCTCGTAGGAG-1,-0.10056797643315316
CXCR3+,MS,MS58637_CSF,GSM4104123_TCGTAGATCCATTCTA-1,-0.10056797643315316
CXCR3-,MS,MS58637_CSF,GSM4104123_TCGTAGATCGCCATAA-1,-0.10056797643315316
CXCR3+,MS,MS58637_CSF,GSM4104123_TCTCTAAAGACACGAC-1,-0.10056797643315316
CXCR3-,MS,MS58637_CSF,GSM4104123_TCTGAGAGTCAACTGT-1,-0.10056797643315316
CXCR3-,MS,MS58637_CSF,GSM4104123_TCTGGAACAATCGAAA-1,-0.10056797643315316
CXCR3-,MS,MS58637_CSF,GSM4104123_TCTGGAACACTTAAGC-1,-0.10056797643315316
CXCR3-,MS,MS58637_CSF,GSM4104123_TCTGGAACAGCTGCTG-1,-0.10056797643315316
CXCR3+,MS,MS58637_CSF,GSM4104123_TCTTTCCTCGATAGAA-1,0.6241208368372131
CXCR3-,MS,MS58637_CSF,GSM4104123_TGACTAGGTCTGATCA-1,-0.10056797643315316
CXCR3-,MS,MS58637_CSF,GSM4104123_TGAGAGGGTACCTACA-1,-0.10056797643315316
CXCR3-,MS,MS58637_CSF,GSM4104123_TGCACCTTCGTGTAGT-1,-0.10056797643315316
CXCR3+,MS,MS58637_CSF,GSM4104123_TGCCCATTCTGGTGTA-1,0.02310312623063235
CXCR3+,MS,MS58637_CSF,GSM4104123_TGCCCTAGTCTGCAAT-1,-0.27492890111459384
CXCR3-,MS,MS58637_CSF,GSM4104123_TGCGCAGGTACTCGCG-1,0.19383059806708067
CXCR3-,MS,MS58637_CSF,GSM4104123_TGCGCAGGTTCAGACT-1,-0.005758087310306336
CXCR3-,MS,MS58637_CSF,GSM4104123_TGCGTGGTCATTGCGA-1,-0.27902290898623555
CXCR3-,MS,MS58637_CSF,GSM4104123_TGCTACCTCCGAGCCA-1,0.2242895777482732
CXCR3-,MS,MS58637_CSF,GSM4104123_TGGACGCGTTCGCGAC-1,-0.10056797643315316
CXCR3-,MS,MS58637_CSF,GSM4104123_TGGCTGGGTATGAATG-1,-0.45829870191700756
CXCR3-,MS,MS58637_CSF,GSM4104123_TGGTTCCTCAACCATG-1,-0.10056797643315316
CXCR3-,MS,MS58637_CSF,GSM4104123_TGTGGTATCCCGACTT-1,-0.10056797643315316
CXCR3-,MS,MS58637_CSF,GSM4104123_TGTTCCGTCATTGCGA-1,-0.10056797643315316
CXCR3-,MS,MS58637_CSF,GSM4104123_TTAGGCAAGTCCGTAT-1,0.4481000784925281
CXCR3-,MS,MS58637_CSF,GSM4104123_TTAGGCATCTCGTATT-1,-0.10056797643315316
CXCR3-,MS,MS58637_CSF,GSM4104123_TTCTCAATCAAAGACA-1,-0.10056797643315316
CXCR3-,MS,MS58637_CSF,GSM4104123_TTCTCCTGTGATGATA-1,-0.10056797643315316
CXCR3+,MS,MS58637_CSF,GSM4104123_TTGAACGAGGTGCAAC-1,0.03177985315584264
CXCR3+,MS,MS60249_CSF,GSM4104126_AAACCTGCACCGCTAG-1,0.39366442049907213
CXCR3-,MS,MS60249_CSF,GSM4104126_AAACCTGCAGGTCGTC-1,0.0904014717975067
CXCR3+,MS,MS60249_CSF,GSM4104126_AAACCTGGTAAACACA-1,0.02390878016808125
CXCR3-,MS,MS60249_CSF,GSM4104126_AAACCTGTCAGAGCTT-1,-0.10056797643315316
CXCR3-,MS,MS60249_CSF,GSM4104126_AAACCTGTCATCGATG-1,-0.10056797643315316
CXCR3-,MS,MS60249_CSF,GSM4104126_AAACCTGTCCAAGTAC-1,-0.10056797643315316
CXCR3+,MS,MS60249_CSF,GSM4104126_AAACGGGCACATCCAA-1,-0.10056797643315316
CXCR3+,MS,MS60249_CSF,GSM4104126_AAACGGGGTTACGCGC-1,-0.10056797643315316
CXCR3-,MS,MS60249_CSF,GSM4104126_AAACGGGTCTGTTGAG-1,-0.5716503603889261
CXCR3-,MS,MS60249_CSF,GSM4104126_AAAGATGAGAGGTTGC-1,-0.10056797643315316
CXCR3-,MS,MS60249_CSF,GSM4104126_AAAGATGAGGATGTAT-1,-0.3286340799670823
CXCR3+,MS,MS60249_CSF,GSM4104126_AAAGATGCAGGAATGC-1,-0.10056797643315316
CXCR3+,MS,MS60249_CSF,GSM4104126_AAAGCAACATGACGGA-1,-0.04281622999822499
CXCR3+,MS,MS60249_CSF,GSM4104126_AAAGCAAGTAAGTGGC-1,0.02933108526889488
CXCR3-,MS,MS60249_CSF,GSM4104126_AAAGCAATCAAGCCTA-1,0.3071921771149005
CXCR3+,MS,MS60249_CSF,GSM4104126_AAAGTAGAGCTAAGAT-1,-0.10056797643315316
CXCR3-,MS,MS60249_CSF,GSM4104126_AAAGTAGGTTGTACAC-1,-0.10056797643315316
CXCR3+,MS,MS60249_CSF,GSM4104126_AAAGTAGTCTCTTGAT-1,0.06808629135163495
CXCR3-,MS,MS60249_CSF,GSM4104126_AAAGTAGTCTTTAGTC-1,0.09577359294448441
CXCR3-,MS,MS60249_CSF,GSM4104126_AAATGCCGTGACGCCT-1,-0.10056797643315316
CXCR3+,MS,MS60249_CSF,GSM4104126_AAATGCCTCTGTCTAT-1,-0.10056797643315316
CXCR3+,MS,MS60249_CSF,GSM4104126_AACACGTGTCTCTTAT-1,0.13447257428157974
CXCR3+,MS,MS60249_CSF,GSM4104126_AACACGTTCAACACAC-1,-0.14903944287513285
CXCR3-,MS,MS60249_CSF,GSM4104126_AACACGTTCCAAACTG-1,-0.10056797643315316
CXCR3-,MS,MS60249_CSF,GSM4104126_AACACGTTCGCCATAA-1,-0.10056797643315316
CXCR3+,MS,MS60249_CSF,GSM4104126_AACACGTTCTGCAGTA-1,0.263426767926166
CXCR3+,MS,MS60249_CSF,GSM4104126_AACACGTTCTGTCTCG-1,-0.10056797643315316
CXCR3-,MS,MS60249_CSF,GSM4104126_AACCATGCATGTCTCC-1,-0.10056797643315316
CXCR3-,MS,MS60249_CSF,GSM4104126_AACCGCGAGGCGTACA-1,0.46276709784107756
CXCR3+,MS,MS60249_CSF,GSM4104126_AACGTTGCATCACAAC-1,0.21066477879877388
CXCR3+,MS,MS60249_CSF,GSM4104126_AACGTTGTCAACTCTT-1,-0.1961485745890615
CXCR3-,MS,MS60249_CSF,GSM4104126_AACGTTGTCGCAAACT-1,0.17250072886540543
CXCR3+,MS,MS60249_CSF,GSM4104126_AACTCAGCACCGATAT-1,-0.10056797643315316
CXCR3+,MS,MS60249_CSF,GSM4104126_AACTCAGGTCTTCAAG-1,0.08958791908861514
CXCR3+,MS,MS60249_CSF,GSM4104126_AACTCAGTCGCTTGTC-1,0.4229850421697415
CXCR3-,MS,MS60249_CSF,GSM4104126_AACTCAGTCGTGGTCG-1,-0.10056797643315316
CXCR3+,MS,MS60249_CSF,GSM4104126_AACTCAGTCGTTTAGG-1,0.39405617158011624
CXCR3+,MS,MS60249_CSF,GSM4104126_AACTCCCAGCATCATC-1,0.30909975039789567
CXCR3-,MS,MS60249_CSF,GSM4104126_AACTCCCGTACCGGCT-1,0.02114686590431795
CXCR3+,MS,MS60249_CSF,GSM4104126_AACTCCCGTAGAGCTG-1,-0.10056797643315316
CXCR3+,MS,MS60249_CSF,GSM4104126_AACTCCCGTCATGCCG-1,-0.10056797643315316
CXCR3-,MS,MS60249_CSF,GSM4104126_AACTCTTAGGCTCATT-1,-0.10056797643315316
CXCR3-,MS,MS60249_CSF,GSM4104126_AACTCTTCAAGTTCTG-1,0.2300404189069273
CXCR3-,MS,MS60249_CSF,GSM4104126_AACTCTTGTGAGTGAC-1,0.3796783499894199
CXCR3+,MS,MS60249_CSF,GSM4104126_AACTCTTTCAACGGCC-1,0.02411416676781213
CXCR3-,MS,MS60249_CSF,GSM4104126_AACTGGTTCTCTTATG-1,0.46196548475255955
CXCR3-,MS,MS60249_CSF,GSM4104126_AACTTTCGTGTGACGA-1,-0.3042676417828174
CXCR3+,MS,MS60249_CSF,GSM4104126_AACTTTCTCTTAGCCC-1,0.11938367020880047
CXCR3+,MS,MS60249_CSF,GSM4104126_AAGACCTCAGACGCTC-1,0.17841273338616753
CXCR3-,MS,MS60249_CSF,GSM4104126_AAGACCTTCAGCTCGG-1,-0.46045888465592505
CXCR3+,MS,MS60249_CSF,GSM4104126_AAGCCGCCATGTTCCC-1,0.3947309037225457
CXCR3+,MS,MS60249_CSF,GSM4104126_AAGCCGCGTATCGCAT-1,0.05197220831581771
CXCR3-,MS,MS60249_CSF,GSM4104126_AAGGAGCAGACCACGA-1,-0.10056797643315316
CXCR3-,MS,MS60249_CSF,GSM4104126_AAGGCAGAGGAGTACC-1,-0.10056797643315316
CXCR3-,MS,MS60249_CSF,GSM4104126_AAGGTTCGTAAGAGAG-1,-0.10056797643315316
CXCR3-,MS,MS60249_CSF,GSM4104126_AAGGTTCTCAAGCCTA-1,-0.10056797643315316
CXCR3+,MS,MS60249_CSF,GSM4104126_AAGTCTGAGCGTCTAT-1,0.09477564734096124
CXCR3+,MS,MS60249_CSF,GSM4104126_AAGTCTGAGGCGATAC-1,0.03853882646013659
CXCR3-,MS,MS60249_CSF,GSM4104126_AAGTCTGAGGTCGGAT-1,-0.015140502325367138
CXCR3+,MS,MS60249_CSF,GSM4104126_AAGTCTGAGTCCTCCT-1,-0.08522926877138658
CXCR3-,MS,MS60249_CSF,GSM4104126_AAGTCTGGTTCAGGCC-1,-0.10056797643315316
CXCR3-,MS,MS60249_CSF,GSM4104126_AAGTCTGTCCCTAATT-1,-0.10056797643315316
CXCR3-,MS,MS60249_CSF,GSM4104126_AAGTCTGTCGGTCCGA-1,-0.10056797643315316
CXCR3+,MS,MS60249_CSF,GSM4104126_AATCCAGAGATTACCC-1,-0.10056797643315316
CXCR3+,MS,MS60249_CSF,GSM4104126_AATCCAGCAGCCTTTC-1,0.007583436353244175
CXCR3-,MS,MS60249_CSF,GSM4104126_AATCCAGGTGTCAATC-1,0.5858540996923873
CXCR3-,MS,MS60249_CSF,GSM4104126_AATCCAGTCCACGTTC-1,0.19220576632618475
CXCR3+,MS,MS60249_CSF,GSM4104126_AATCGGTCAAGGACTG-1,-0.08234155926995086
CXCR3+,MS,MS60249_CSF,GSM4104126_AATCGGTGTGGGTATG-1,0.2924615802118007
CXCR3-,MS,MS60249_CSF,GSM4104126_AATCGGTGTTTGTTTC-1,-0.10056797643315316
CXCR3-,MS,MS60249_CSF,GSM4104126_ACACCAAAGTAGGTGC-1,-0.816106496970727
CXCR3+,MS,MS60249_CSF,GSM4104126_ACACCAACAGCATGAG-1,-0.10056797643315316
CXCR3-,MS,MS60249_CSF,GSM4104126_ACACCAAGTACCGCTG-1,0.3440245138100697
CXCR3+,MS,MS60249_CSF,GSM4104126_ACACCCTAGTGCCAGA-1,0.16337515876099973
CXCR3-,MS,MS60249_CSF,GSM4104126_ACACCGGGTAGCGTGA-1,-0.10056797643315316
CXCR3+,MS,MS60249_CSF,GSM4104126_ACACCGGGTCCTAGCG-1,-0.1919642356004329
CXCR3+,MS,MS60249_CSF,GSM4104126_ACACTGACAACGATGG-1,0.44715911090480226
CXCR3+,MS,MS60249_CSF,GSM4104126_ACACTGACAGATGGCA-1,-0.32245123570140294
CXCR3+,MS,MS60249_CSF,GSM4104126_ACACTGACAGTCAGCC-1,0.05481396152159157
CXCR3-,MS,MS60249_CSF,GSM4104126_ACAGCCGAGCTAAACA-1,-0.10056797643315316
CXCR3+,MS,MS60249_CSF,GSM4104126_ACAGCCGCAGTAAGCG-1,-0.10056797643315316
CXCR3-,MS,MS60249_CSF,GSM4104126_ACAGCCGGTTCCGGCA-1,-0.24212882292824228
CXCR3-,MS,MS60249_CSF,GSM4104126_ACAGCCGTCTTAGAGC-1,0.23020649903203916
CXCR3+,MS,MS60249_CSF,GSM4104126_ACAGCTACACATCCGG-1,-0.1313545434029443
CXCR3-,MS,MS60249_CSF,GSM4104126_ACATACGCATACGCTA-1,-0.10056797643315316
CXCR3-,MS,MS60249_CSF,GSM4104126_ACATACGGTTCCAACA-1,0.06121875876216619
CXCR3-,MS,MS60249_CSF,GSM4104126_ACATACGTCACCCGAG-1,0.8523026693358366
CXCR3+,MS,MS60249_CSF,GSM4104126_ACATACGTCTTGTCAT-1,-0.04677232069454364
CXCR3-,MS,MS60249_CSF,GSM4104126_ACATCAGGTTAAGACA-1,0.007012021861358282
CXCR3-,MS,MS60249_CSF,GSM4104126_ACATCAGTCCGCAGTG-1,0.2528557079012502
CXCR3+,MS,MS60249_CSF,GSM4104126_ACATGGTAGGCTAGCA-1,-0.2828324331826936
CXCR3-,MS,MS60249_CSF,GSM4104126_ACATGGTAGTGAACGC-1,-0.07759667092170863
CXCR3+,MS,MS60249_CSF,GSM4104126_ACATGGTCAAGCGATG-1,0.30695196028982713
CXCR3-,MS,MS60249_CSF,GSM4104126_ACATGGTGTCTCAACA-1,-0.10056797643315316
CXCR3-,MS,MS60249_CSF,GSM4104126_ACCAGTAAGTACTTGC-1,-0.10056797643315316
CXCR3-,MS,MS60249_CSF,GSM4104126_ACCAGTACACGGACAA-1,-0.10056797643315316
CXCR3+,MS,MS60249_CSF,GSM4104126_ACCAGTAGTATAGTAG-1,-0.10056797643315316
CXCR3-,MS,MS60249_CSF,GSM4104126_ACCAGTAGTGCTCTTC-1,-0.10056797643315316
CXCR3-,MS,MS60249_CSF,GSM4104126_ACCCACTAGAGCCCAA-1,-0.28472462742224985
CXCR3-,MS,MS60249_CSF,GSM4104126_ACCCACTAGCTACCGC-1,-0.14949858982042644
CXCR3-,MS,MS60249_CSF,GSM4104126_ACCGTAACACGAAAGC-1,-0.10056797643315316
CXCR3-,MS,MS60249_CSF,GSM4104126_ACCGTAAGTTGCGCAC-1,0.034779921907111634
CXCR3-,MS,MS60249_CSF,GSM4104126_ACCGTAATCCCAACGG-1,0.12186608061034561
CXCR3+,MS,MS60249_CSF,GSM4104126_ACCGTAATCCTTGGTC-1,0.21550713027519533
CXCR3+,MS,MS60249_CSF,GSM4104126_ACCTTTAAGAGGTACC-1,0.08942136867719223
CXCR3+,MS,MS60249_CSF,GSM4104126_ACCTTTAAGATGTCGG-1,0.2568380148254886
CXCR3+,MS,MS60249_CSF,GSM4104126_ACCTTTAGTCTAAACC-1,-0.5173741015974705
CXCR3+,MS,MS60249_CSF,GSM4104126_ACCTTTATCCTCTAGC-1,-0.10056797643315316
CXCR3-,MS,MS60249_CSF,GSM4104126_ACGAGCCCAAACTGCT-1,0.08532714094440265
CXCR3+,MS,MS60249_CSF,GSM4104126_ACGAGCCCACTAAGTC-1,0.012692595508964162
CXCR3-,MS,MS60249_CSF,GSM4104126_ACGAGCCCAGGTCCAC-1,0.17203343403426175
CXCR3+,MS,MS60249_CSF,GSM4104126_ACGAGCCGTGTCTGAT-1,0.052916757410169046
CXCR3-,MS,MS60249_CSF,GSM4104126_ACGAGCCTCACAATGC-1,0.27176657537522786
CXCR3+,MS,MS60249_CSF,GSM4104126_ACGAGGAAGAGTCGGT-1,-0.10056797643315316
CXCR3-,MS,MS60249_CSF,GSM4104126_ACGAGGACATGGTTGT-1,0.4501236476288377
CXCR3-,MS,MS60249_CSF,GSM4104126_ACGAGGAGTGGTCCGT-1,-0.10056797643315316
CXCR3+,MS,MS60249_CSF,GSM4104126_ACGATACAGCGTTCCG-1,-0.10056797643315316
CXCR3+,MS,MS60249_CSF,GSM4104126_ACGATACGTTAGAACA-1,0.19064651075812528
CXCR3-,MS,MS60249_CSF,GSM4104126_ACGATACTCACTTATC-1,-0.021843591690344714
CXCR3-,MS,MS60249_CSF,GSM4104126_ACGATGTGTCTCCATC-1,-0.21001252086199412
CXCR3-,MS,MS60249_CSF,GSM4104126_ACGCAGCAGTGCCAGA-1,-0.10056797643315316
CXCR3+,MS,MS60249_CSF,GSM4104126_ACGCAGCGTTGCGTTA-1,0.18992033190172666
CXCR3+,MS,MS60249_CSF,GSM4104126_ACGCCAGTCAATCTCT-1,-0.0920080929548116
CXCR3+,MS,MS60249_CSF,GSM4104126_ACGCCAGTCGAGCCCA-1,-0.2029883971247064
CXCR3-,MS,MS60249_CSF,GSM4104126_ACGCCAGTCGGCATCG-1,0.00974741104537671
CXCR3-,MS,MS60249_CSF,GSM4104126_ACGCCGAAGCACAGGT-1,-0.10056797643315316
CXCR3+,MS,MS60249_CSF,GSM4104126_ACGCCGAGTTAAGAAC-1,-0.1627905751366366
CXCR3+,MS,MS60249_CSF,GSM4104126_ACGGAGACAAATCCGT-1,0.29076135603847725
CXCR3+,MS,MS60249_CSF,GSM4104126_ACGGAGACACCCAGTG-1,0.045049414840364295
CXCR3-,MS,MS60249_CSF,GSM4104126_ACGGAGACAGATAATG-1,0.08771026412537199
CXCR3-,MS,MS60249_CSF,GSM4104126_ACGGAGAGTCGAATCT-1,-0.3877846630811467
CXCR3+,MS,MS60249_CSF,GSM4104126_ACGGAGAGTGATAAGT-1,0.23162282957337707
CXCR3+,MS,MS60249_CSF,GSM4104126_ACGGAGAGTGCACGAA-1,-0.02445674597014388
CXCR3+,MS,MS60249_CSF,GSM4104126_ACGGAGATCATTATCC-1,-0.10056797643315316
CXCR3+,MS,MS60249_CSF,GSM4104126_ACGGCCAAGGCAAAGA-1,0.06639213619148551
CXCR3-,MS,MS60249_CSF,GSM4104126_ACGGCCACATATGGTC-1,-0.10056797643315316
CXCR3-,MS,MS60249_CSF,GSM4104126_ACGGCCAGTTCCCGAG-1,0.14188420824483847
CXCR3-,MS,MS60249_CSF,GSM4104126_ACGGCCATCCAGTATG-1,0.06638221696168652
CXCR3-,MS,MS60249_CSF,GSM4104126_ACGGGCTCAAGCCTAT-1,-0.2790184408037148
CXCR3+,MS,MS60249_CSF,GSM4104126_ACGGGCTGTACATCCA-1,-0.10056797643315316
CXCR3+,MS,MS60249_CSF,GSM4104126_ACGGGCTTCTTATCTG-1,-0.10056797643315316
CXCR3-,MS,MS60249_CSF,GSM4104126_ACGGGTCCAAGCTGTT-1,-0.03913958035545406
CXCR3-,MS,MS60249_CSF,GSM4104126_ACGGGTCTCCCGACTT-1,0.2766448984368393
CXCR3-,MS,MS60249_CSF,GSM4104126_ACGGGTCTCCTGCTTG-1,-0.10729160119697843
CXCR3-,MS,MS60249_CSF,GSM4104126_ACGTCAAGTATATGGA-1,0.28848905463178953
CXCR3+,MS,MS60249_CSF,GSM4104126_ACTATCTAGCGGCTTC-1,0.09423569389846327
CXCR3-,MS,MS60249_CSF,GSM4104126_ACTATCTCAACACCTA-1,0.011943866657941877
CXCR3+,MS,MS60249_CSF,GSM4104126_ACTATCTTCAAGAAGT-1,0.2087130081557215
CXCR3+,MS,MS60249_CSF,GSM4104126_ACTATCTTCACTTATC-1,-0.08548431088843411
CXCR3+,MS,MS60249_CSF,GSM4104126_ACTATCTTCGAGAACG-1,0.14578117793981946
CXCR3+,MS,MS60249_CSF,GSM4104126_ACTGAACTCAACACAC-1,0.2367800726175828
CXCR3+,MS,MS60249_CSF,GSM4104126_ACTGAACTCGTAGGTT-1,0.3174172930043871
CXCR3-,MS,MS60249_CSF,GSM4104126_ACTGAGTAGGTGCTAG-1,-0.10056797643315316
CXCR3-,MS,MS60249_CSF,GSM4104126_ACTGAGTTCATGCTCC-1,-0.2392153359376344
CXCR3+,MS,MS60249_CSF,GSM4104126_ACTGAGTTCGCCAGCA-1,-0.24128023688024217
CXCR3+,MS,MS60249_CSF,GSM4104126_ACTGATGAGCTCCTCT-1,0.4982547166648607
CXCR3-,MS,MS60249_CSF,GSM4104126_ACTGATGCACAACGCC-1,-0.10056797643315316
CXCR3-,MS,MS60249_CSF,GSM4104126_ACTGATGGTAGCGATG-1,-0.10056797643315316
CXCR3-,MS,MS60249_CSF,GSM4104126_ACTGATGGTGTTGGGA-1,-0.10056797643315316
CXCR3+,MS,MS60249_CSF,GSM4104126_ACTGATGTCGATCCCT-1,0.03838140517950407
CXCR3+,MS,MS60249_CSF,GSM4104126_ACTGATGTCTATCCTA-1,0.287102372478924
CXCR3+,MS,MS60249_CSF,GSM4104126_ACTGCTCAGCGCCTCA-1,0.31774686426453425
CXCR3-,MS,MS60249_CSF,GSM4104126_ACTGCTCCATTTGCTT-1,-0.06619250177598067
CXCR3+,MS,MS60249_CSF,GSM4104126_ACTGCTCGTCATGCAT-1,0.15045905147350444
CXCR3+,MS,MS60249_CSF,GSM4104126_ACTGCTCGTGGAAAGA-1,0.06801796934218747
CXCR3-,MS,MS60249_CSF,GSM4104126_ACTGCTCTCGCAAGCC-1,0.5765660824813351
CXCR3+,MS,MS60249_CSF,GSM4104126_ACTGTCCAGGTGACCA-1,0.5023800809341423
CXCR3-,MS,MS60249_CSF,GSM4104126_ACTGTCCGTACGCTGC-1,-0.10056797643315316
CXCR3+,MS,MS60249_CSF,GSM4104126_ACTGTCCGTACTTCTT-1,0.8927130685975169
CXCR3-,MS,MS60249_CSF,GSM4104126_ACTGTCCTCCTCGCAT-1,0.24687924530571229
CXCR3-,MS,MS60249_CSF,GSM4104126_ACTTACTCAACCGCCA-1,-0.047718842234561736
CXCR3-,MS,MS60249_CSF,GSM4104126_ACTTACTGTCTAAACC-1,-0.7070888661503311
CXCR3-,MS,MS60249_CSF,GSM4104126_ACTTACTTCCAAGCCG-1,-0.10056797643315316
CXCR3-,MS,MS60249_CSF,GSM4104126_ACTTGTTAGCAAATCA-1,-0.10056797643315316
CXCR3+,MS,MS60249_CSF,GSM4104126_ACTTTCACATATACGC-1,-0.10056797643315316
CXCR3+,MS,MS60249_CSF,GSM4104126_AGAATAGCACACCGAC-1,0.12424202940594277
CXCR3-,MS,MS60249_CSF,GSM4104126_AGACGTTAGAGAACAG-1,-0.10056797643315316
CXCR3+,MS,MS60249_CSF,GSM4104126_AGACGTTAGAGTTGGC-1,0.06544220435017717
CXCR3+,MS,MS60249_CSF,GSM4104126_AGACGTTAGCCAGAAC-1,0.02005984748453368
CXCR3+,MS,MS60249_CSF,GSM4104126_AGACGTTAGGTAAACT-1,-0.10056797643315316
CXCR3-,MS,MS60249_CSF,GSM4104126_AGAGCGACAGAAGCAC-1,-0.024831622942498428
CXCR3-,MS,MS60249_CSF,GSM4104126_AGAGCGAGTACAGTTC-1,-0.10056797643315316
CXCR3-,MS,MS60249_CSF,GSM4104126_AGAGCTTGTTAAGACA-1,0.13764543264058973
CXCR3+,MS,MS60249_CSF,GSM4104126_AGAGCTTTCCTAGTGA-1,-0.10056797643315316
CXCR3+,MS,MS60249_CSF,GSM4104126_AGAGCTTTCTGCGTAA-1,-0.10056797643315316
CXCR3+,MS,MS60249_CSF,GSM4104126_AGAGTGGGTTCAGGCC-1,0.33672045839722
CXCR3-,MS,MS60249_CSF,GSM4104126_AGATCTGAGACAGAGA-1,-0.08744837748632792
CXCR3+,MS,MS60249_CSF,GSM4104126_AGATCTGTCGTTACGA-1,-0.010184320415950647
CXCR3-,MS,MS60249_CSF,GSM4104126_AGATTGCAGGAGTTGC-1,0.6315732543570787
CXCR3-,MS,MS60249_CSF,GSM4104126_AGATTGCAGTTAGGTA-1,0.24532581184809324
CXCR3+,MS,MS60249_CSF,GSM4104126_AGATTGCCACCGTTGG-1,-0.038330099602668234
CXCR3-,MS,MS60249_CSF,GSM4104126_AGATTGCGTCCCTACT-1,0.5357332713711818
CXCR3-,MS,MS60249_CSF,GSM4104126_AGATTGCGTGTTCGAT-1,0.13515882484925149
CXCR3+,MS,MS60249_CSF,GSM4104126_AGCAGCCAGGCCCTCA-1,-0.10056797643315316
CXCR3+,MS,MS60249_CSF,GSM4104126_AGCAGCCAGTACGATA-1,-0.29574066401670496
CXCR3-,MS,MS60249_CSF,GSM4104126_AGCAGCCTCTCCTATA-1,-0.10056797643315316
CXCR3-,MS,MS60249_CSF,GSM4104126_AGCATACCAAAGAATC-1,-0.10056797643315316
CXCR3+,MS,MS60249_CSF,GSM4104126_AGCGTATAGTGGGCTA-1,0.3057205627286367
CXCR3-,MS,MS60249_CSF,GSM4104126_AGCGTATCACTTCTGC-1,-0.10056797643315316
CXCR3-,MS,MS60249_CSF,GSM4104126_AGCGTATGTCAGAATA-1,0.22340525280154117
CXCR3-,MS,MS60249_CSF,GSM4104126_AGCGTATTCAGGCAAG-1,-0.10056797643315316
CXCR3+,MS,MS60249_CSF,GSM4104126_AGCGTATTCATACGGT-1,-0.10056797643315316
CXCR3-,MS,MS60249_CSF,GSM4104126_AGCGTCGAGGTGATAT-1,0.4077427008158462
CXCR3+,MS,MS60249_CSF,GSM4104126_AGCGTCGCACGAAATA-1,-0.10056797643315316
CXCR3-,MS,MS60249_CSF,GSM4104126_AGCGTCGCATCGACGC-1,-0.10056797643315316
CXCR3+,MS,MS60249_CSF,GSM4104126_AGCGTCGTCCGTCAAA-1,0.2998797968511716
CXCR3-,MS,MS60249_CSF,GSM4104126_AGCTCCTAGGACACCA-1,-0.10056797643315316
CXCR3+,MS,MS60249_CSF,GSM4104126_AGCTCCTCACGGCTAC-1,-0.23034719868298742
CXCR3-,MS,MS60249_CSF,GSM4104126_AGCTCTCAGAACAATC-1,-0.10056797643315316
CXCR3+,MS,MS60249_CSF,GSM4104126_AGCTCTCAGACAAGCC-1,0.22051429741887538
CXCR3+,MS,MS60249_CSF,GSM4104126_AGCTCTCTCCAGAAGG-1,-0.10056797643315316
CXCR3-,MS,MS60249_CSF,GSM4104126_AGGCCACAGATATGGT-1,-0.4349527103001622
CXCR3-,MS,MS60249_CSF,GSM4104126_AGGCCACAGCATGGCA-1,-0.25515344893771286
CXCR3+,MS,MS60249_CSF,GSM4104126_AGGCCACAGGATGCGT-1,-0.5029426124620485
CXCR3-,MS,MS60249_CSF,GSM4104126_AGGCCACTCAGGATCT-1,-0.10056797643315316
CXCR3-,MS,MS60249_CSF,GSM4104126_AGGCCGTAGACACTAA-1,0.1441145602305299
CXCR3+,MS,MS60249_CSF,GSM4104126_AGGCCGTAGTCTCAAC-1,-0.37907816359150953
CXCR3-,MS,MS60249_CSF,GSM4104126_AGGGAGTAGAGCTGGT-1,-0.10056797643315316
CXCR3+,MS,MS60249_CSF,GSM4104126_AGGGATGAGCGACGTA-1,-0.10056797643315316
CXCR3-,MS,MS60249_CSF,GSM4104126_AGGGTGAAGACAATAC-1,-0.10056797643315316
CXCR3-,MS,MS60249_CSF,GSM4104126_AGGGTGAAGCTGAACG-1,-0.10056797643315316
CXCR3-,MS,MS60249_CSF,GSM4104126_AGGGTGACAGGTCCAC-1,0.43006884449774
CXCR3+,MS,MS60249_CSF,GSM4104126_AGGGTGAGTACCCAAT-1,-0.10056797643315316
CXCR3-,MS,MS60249_CSF,GSM4104126_AGGTCATCATGAAGTA-1,-0.10056797643315316
CXCR3-,MS,MS60249_CSF,GSM4104126_AGGTCCGAGCGCTCCA-1,0.013184931029649303
CXCR3+,MS,MS60249_CSF,GSM4104126_AGGTCCGAGGACAGCT-1,-0.14452487238268436
CXCR3-,MS,MS60249_CSF,GSM4104126_AGGTCCGAGGTGTGGT-1,-0.10056797643315316
CXCR3+,MS,MS60249_CSF,GSM4104126_AGGTCCGGTCTTGATG-1,-0.10056797643315316
CXCR3+,MS,MS60249_CSF,GSM4104126_AGTAGTCAGAACTCGG-1,0.042953097630845614
CXCR3+,MS,MS60249_CSF,GSM4104126_AGTAGTCAGAGTAAGG-1,-0.10056797643315316
CXCR3+,MS,MS60249_CSF,GSM4104126_AGTAGTCGTTCGGGCT-1,0.11845815544719558
CXCR3+,MS,MS60249_CSF,GSM4104126_AGTCTTTCAAGTTCTG-1,0.049037872291956046
CXCR3-,MS,MS60249_CSF,GSM4104126_AGTCTTTTCGCATGGC-1,0.09080463481833337
CXCR3-,MS,MS60249_CSF,GSM4104126_AGTCTTTTCTAACTTC-1,-0.10056797643315316
CXCR3+,MS,MS60249_CSF,GSM4104126_AGTCTTTTCTTGAGGT-1,-0.10056797643315316
CXCR3-,MS,MS60249_CSF,GSM4104126_AGTGAGGCACATAACC-1,0.06263185658842033
CXCR3-,MS,MS60249_CSF,GSM4104126_AGTGAGGGTACTTCTT-1,0.23401736762551772
CXCR3+,MS,MS60249_CSF,GSM4104126_AGTGGGAAGATATACG-1,-0.10056797643315316
CXCR3-,MS,MS60249_CSF,GSM4104126_AGTGGGAAGTGTTAGA-1,-0.18192610862775135
CXCR3+,MS,MS60249_CSF,GSM4104126_AGTGGGACAATCCGAT-1,-0.10056797643315316
CXCR3-,MS,MS60249_CSF,GSM4104126_AGTGTCACACTTAACG-1,-0.10056797643315316
CXCR3-,MS,MS60249_CSF,GSM4104126_AGTTGGTTCCAGATCA-1,-0.10056797643315316
CXCR3-,MS,MS60249_CSF,GSM4104126_ATAACGCCAAACTGTC-1,-0.10056797643315316
CXCR3+,MS,MS60249_CSF,GSM4104126_ATAACGCTCAGGCAAG-1,-0.10056797643315316
CXCR3-,MS,MS60249_CSF,GSM4104126_ATAACGCTCTCGTTTA-1,-0.2056756609291975
CXCR3-,MS,MS60249_CSF,GSM4104126_ATAAGAGCAAGCGAGT-1,-0.4299551402712888
CXCR3+,MS,MS60249_CSF,GSM4104126_ATAAGAGTCTCCTATA-1,0.15971352070554318
CXCR3-,MS,MS60249_CSF,GSM4104126_ATAAGAGTCTCGATGA-1,-0.10056797643315316
CXCR3+,MS,MS60249_CSF,GSM4104126_ATAGACCAGAGCCTAG-1,-0.23864468817231604
CXCR3+,MS,MS60249_CSF,GSM4104126_ATCACGAAGCCATCGC-1,0.07322356052608144
CXCR3+,MS,MS60249_CSF,GSM4104126_ATCACGACACACTGCG-1,0.009312121197105267
CXCR3-,MS,MS60249_CSF,GSM4104126_ATCATCTCACCGAATT-1,-0.10056797643315316
CXCR3+,MS,MS60249_CSF,GSM4104126_ATCATCTCATGTTGAC-1,-0.34180219383776567
CXCR3-,MS,MS60249_CSF,GSM4104126_ATCATCTTCATGTGGT-1,-0.10056797643315316
CXCR3-,MS,MS60249_CSF,GSM4104126_ATCATGGAGGCGATAC-1,-0.10056797643315316
CXCR3-,MS,MS60249_CSF,GSM4104126_ATCATGGAGGGTATCG-1,0.2034108689107929
CXCR3-,MS,MS60249_CSF,GSM4104126_ATCATGGTCCGGCACA-1,-0.10056797643315316
CXCR3-,MS,MS60249_CSF,GSM4104126_ATCCACCGTTAGTGGG-1,-0.34240692707073167
CXCR3-,MS,MS60249_CSF,GSM4104126_ATCCACCTCGTTACAG-1,-0.10056797643315316
CXCR3-,MS,MS60249_CSF,GSM4104126_ATCCGAAAGCGTGTCC-1,-0.7243924786648056
CXCR3-,MS,MS60249_CSF,GSM4104126_ATCGAGTAGTCGAGTG-1,0.18465155362579927
CXCR3+,MS,MS60249_CSF,GSM4104126_ATCGAGTCAGGTCGTC-1,-0.27597055991916036
CXCR3+,MS,MS60249_CSF,GSM4104126_ATCGAGTCATCAGTCA-1,0.04985508588009857
CXCR3+,MS,MS60249_CSF,GSM4104126_ATCGAGTGTGACGCCT-1,-0.10056797643315316
CXCR3-,MS,MS60249_CSF,GSM4104126_ATCTACTAGGAGCGTT-1,-0.10056797643315316
CXCR3-,MS,MS60249_CSF,GSM4104126_ATCTGCCAGCCGGTAA-1,-0.10056797643315316
CXCR3-,MS,MS60249_CSF,GSM4104126_ATCTGCCCAGCTATTG-1,-0.0799166096108034
CXCR3-,MS,MS60249_CSF,GSM4104126_ATCTGCCTCAGCGACC-1,-0.3856164623126613
CXCR3-,MS,MS60249_CSF,GSM4104126_ATGAGGGAGTGTCCCG-1,-0.10056797643315316
CXCR3-,MS,MS60249_CSF,GSM4104126_ATGAGGGCACGACGAA-1,-0.10056797643315316
CXCR3-,MS,MS60249_CSF,GSM4104126_ATGAGGGCATCTATGG-1,-0.10056797643315316
CXCR3-,MS,MS60249_CSF,GSM4104126_ATGAGGGGTCATGCCG-1,-0.10056797643315316
CXCR3+,MS,MS60249_CSF,GSM4104126_ATGAGGGGTTACCGAT-1,0.18001803961801816
CXCR3-,MS,MS60249_CSF,GSM4104126_ATGCGATAGCTGAAAT-1,-0.31922065558463725
CXCR3+,MS,MS60249_CSF,GSM4104126_ATGCGATAGGGTCGAT-1,0.3049966509538811
CXCR3+,MS,MS60249_CSF,GSM4104126_ATGGGAGAGATGCGAC-1,-0.07085065640144908
CXCR3+,MS,MS60249_CSF,GSM4104126_ATGGGAGTCCATGCTC-1,-0.20224120988421854
CXCR3-,MS,MS60249_CSF,GSM4104126_ATTACTCAGATGTTAG-1,-0.10056797643315316
CXCR3+,MS,MS60249_CSF,GSM4104126_ATTACTCCAATGCCAT-1,0.18799417435175206
CXCR3-,MS,MS60249_CSF,GSM4104126_ATTACTCCACACATGT-1,-0.10056797643315316
CXCR3+,MS,MS60249_CSF,GSM4104126_ATTACTCCAGTCAGCC-1,0.030095789049269524
CXCR3+,MS,MS60249_CSF,GSM4104126_ATTACTCGTCAGATAA-1,0.1572298399112719
CXCR3-,MS,MS60249_CSF,GSM4104126_ATTACTCGTGCAGACA-1,-0.42001447976165923
CXCR3+,MS,MS60249_CSF,GSM4104126_ATTATCCCACTTCGAA-1,0.3201332647753082
CXCR3-,MS,MS60249_CSF,GSM4104126_ATTATCCGTAGAAGGA-1,-0.25191110954778073
CXCR3-,MS,MS60249_CSF,GSM4104126_ATTATCCGTGTAAGTA-1,-0.10056797643315316
CXCR3-,MS,MS60249_CSF,GSM4104126_ATTCTACTCAACACGT-1,-0.10056797643315316
CXCR3+,MS,MS60249_CSF,GSM4104126_ATTCTACTCCCTTGTG-1,0.0455910776028049
CXCR3-,MS,MS60249_CSF,GSM4104126_ATTCTACTCTGGTATG-1,-0.5784229992655874
CXCR3+,MS,MS60249_CSF,GSM4104126_ATTGGACAGTTTGCGT-1,0.4545300099825326
CXCR3-,MS,MS60249_CSF,GSM4104126_ATTGGACCAAGGACTG-1,-0.10056797643315316
CXCR3+,MS,MS60249_CSF,GSM4104126_ATTGGACCATCGGAAG-1,-0.18203653748311263
CXCR3-,MS,MS60249_CSF,GSM4104126_ATTGGTGGTAGCCTCG-1,-0.10056797643315316
CXCR3+,MS,MS60249_CSF,GSM4104126_ATTGGTGGTCAATGTC-1,0.010201526717684293
CXCR3-,MS,MS60249_CSF,GSM4104126_ATTGGTGTCTCTGTCG-1,0.33999334810875104
CXCR3-,MS,MS60249_CSF,GSM4104126_ATTTCTGAGTGGTAGC-1,-0.10056797643315316
CXCR3+,MS,MS60249_CSF,GSM4104126_ATTTCTGTCGGAGGTA-1,-0.026566466636559007
CXCR3-,MS,MS60249_CSF,GSM4104126_CAACCAAAGTGAAGAG-1,0.7085131053169743
CXCR3+,MS,MS60249_CSF,GSM4104126_CAACCAACAGGCTCAC-1,-0.10056797643315316
CXCR3+,MS,MS60249_CSF,GSM4104126_CAACCAAGTCATGCCG-1,-0.23865164172372139
CXCR3-,MS,MS60249_CSF,GSM4104126_CAACCAAGTTCGTGAT-1,-0.32729720625646
CXCR3+,MS,MS60249_CSF,GSM4104126_CAACCAATCAACCAAC-1,0.5551609849286931
CXCR3+,MS,MS60249_CSF,GSM4104126_CAACCTCTCGCTGATA-1,-0.06723493926597982
CXCR3-,MS,MS60249_CSF,GSM4104126_CAACTAGCATCGTCGG-1,-0.10056797643315316
CXCR3+,MS,MS60249_CSF,GSM4104126_CAACTAGGTAAACACA-1,-0.10056797643315316
CXCR3-,MS,MS60249_CSF,GSM4104126_CAACTAGTCCGTAGTA-1,0.2063868610026207
CXCR3+,MS,MS60249_CSF,GSM4104126_CAACTAGTCGTGACAT-1,0.010330463998493229
CXCR3+,MS,MS60249_CSF,GSM4104126_CAACTAGTCTTGTACT-1,-0.10056797643315316
CXCR3+,MS,MS60249_CSF,GSM4104126_CAAGAAAGTCGTCTTC-1,0.05309176427972283
CXCR3-,MS,MS60249_CSF,GSM4104126_CAAGATCGTCTCCACT-1,0.06915888913733319
CXCR3+,MS,MS60249_CSF,GSM4104126_CAAGTTGAGGTGTTAA-1,0.43464471682704964
CXCR3-,MS,MS60249_CSF,GSM4104126_CAAGTTGAGTCTTGCA-1,-0.10056797643315316
CXCR3-,MS,MS60249_CSF,GSM4104126_CAAGTTGCATTCTCAT-1,0.16773173899837748
CXCR3+,MS,MS60249_CSF,GSM4104126_CACAAACAGAGTAAGG-1,-0.3059998013323987
CXCR3+,MS,MS60249_CSF,GSM4104126_CACAAACTCTACCAGA-1,-0.03675783570347779
CXCR3-,MS,MS60249_CSF,GSM4104126_CACAAACTCTACGAGT-1,-0.10056797643315316
CXCR3+,MS,MS60249_CSF,GSM4104126_CACAAACTCTGCCCTA-1,0.10218934428365464
CXCR3-,MS,MS60249_CSF,GSM4104126_CACACAAGTTGGGACA-1,0.018412623682089607
CXCR3-,MS,MS60249_CSF,GSM4104126_CACACCTCAATGTTGC-1,-0.3230568714317709
CXCR3-,MS,MS60249_CSF,GSM4104126_CACACCTCACCAGATT-1,0.15697595453392546
CXCR3-,MS,MS60249_CSF,GSM4104126_CACACCTCATAGACTC-1,-0.006452930461675404
CXCR3-,MS,MS60249_CSF,GSM4104126_CACACTCAGGAGTTTA-1,-0.7156871632002383
CXCR3+,MS,MS60249_CSF,GSM4104126_CACAGGCAGTACGTAA-1,-0.10056797643315316
CXCR3+,MS,MS60249_CSF,GSM4104126_CACAGGCGTATCACCA-1,-0.10056797643315316
CXCR3-,MS,MS60249_CSF,GSM4104126_CACAGGCGTGCCTGGT-1,0.2800296202108835
CXCR3+,MS,MS60249_CSF,GSM4104126_CACAGGCGTTTAGCTG-1,-0.10056797643315316
CXCR3+,MS,MS60249_CSF,GSM4104126_CACAGTAAGAAGGACA-1,0.12536100098935268
CXCR3-,MS,MS60249_CSF,GSM4104126_CACAGTACAAGCTGTT-1,-0.10056797643315316
CXCR3-,MS,MS60249_CSF,GSM4104126_CACAGTAGTCAAAGAT-1,-0.10056797643315316
CXCR3+,MS,MS60249_CSF,GSM4104126_CACAGTAGTTCCATGA-1,-0.10056797643315316
CXCR3+,MS,MS60249_CSF,GSM4104126_CACAGTATCATCTGTT-1,-0.10056797643315316
CXCR3-,MS,MS60249_CSF,GSM4104126_CACATAGAGACAGGCT-1,-0.10056797643315316
CXCR3-,MS,MS60249_CSF,GSM4104126_CACATAGAGGTGCAAC-1,-0.10056797643315316
CXCR3+,MS,MS60249_CSF,GSM4104126_CACATAGCACTGCCAG-1,0.06776113041164647
CXCR3+,MS,MS60249_CSF,GSM4104126_CACATAGCATGAAGTA-1,0.060785390457097174
CXCR3+,MS,MS60249_CSF,GSM4104126_CACATTTCAAGACGTG-1,-0.10056797643315316
CXCR3+,MS,MS60249_CSF,GSM4104126_CACATTTCAATCTGCA-1,0.01841379938313734
CXCR3-,MS,MS60249_CSF,GSM4104126_CACATTTCAGTAGAGC-1,-0.25907784065967465
CXCR3-,MS,MS60249_CSF,GSM4104126_CACATTTTCAGTTGAC-1,-0.10056797643315316
CXCR3+,MS,MS60249_CSF,GSM4104126_CACCACTAGACAGACC-1,-0.020288445382246896
CXCR3-,MS,MS60249_CSF,GSM4104126_CACCACTAGAGCTATA-1,-0.10056797643315316
CXCR3-,MS,MS60249_CSF,GSM4104126_CACCAGGCAGCTATTG-1,-0.10056797643315316
CXCR3-,MS,MS60249_CSF,GSM4104126_CACCTTGAGAGATGAG-1,-0.10056797643315316
CXCR3+,MS,MS60249_CSF,GSM4104126_CACCTTGAGCCACGCT-1,0.08808689820995284
CXCR3+,MS,MS60249_CSF,GSM4104126_CACCTTGAGGCAGTCA-1,-0.35315618037430235
CXCR3-,MS,MS60249_CSF,GSM4104126_CACCTTGCAAGCGCTC-1,0.019079218105348135
CXCR3-,MS,MS60249_CSF,GSM4104126_CACCTTGCAGGGAGAG-1,-0.10056797643315316
CXCR3-,MS,MS60249_CSF,GSM4104126_CACTCCAAGACTTTCG-1,-0.24365363087237077
CXCR3+,MS,MS60249_CSF,GSM4104126_CACTCCAAGCATGGCA-1,0.3167971779724619
CXCR3+,MS,MS60249_CSF,GSM4104126_CACTCCAGTACGCTGC-1,-0.08994076166978847
CXCR3+,MS,MS60249_CSF,GSM4104126_CAGAGAGTCAGGCCCA-1,-0.06496823246763107
CXCR3+,MS,MS60249_CSF,GSM4104126_CAGATCAAGCCAACAG-1,-0.10056797643315316
CXCR3-,MS,MS60249_CSF,GSM4104126_CAGATCAAGCGAAGGG-1,-0.10056797643315316
CXCR3-,MS,MS60249_CSF,GSM4104126_CAGATCACAATGGATA-1,-0.10056797643315316
CXCR3-,MS,MS60249_CSF,GSM4104126_CAGATCACAGAGCCAA-1,-0.10056797643315316
CXCR3+,MS,MS60249_CSF,GSM4104126_CAGCAGCAGCCCAGCT-1,-0.2069294708308089
CXCR3+,MS,MS60249_CSF,GSM4104126_CAGCAGCAGCTAACAA-1,0.49008219756151705
CXCR3-,MS,MS60249_CSF,GSM4104126_CAGCAGCCACAGAGGT-1,-0.10056797643315316
CXCR3+,MS,MS60249_CSF,GSM4104126_CAGCAGCGTCAATACC-1,-0.10056797643315316
CXCR3-,MS,MS60249_CSF,GSM4104126_CAGCAGCTCTCGCTTG-1,-0.10056797643315316
CXCR3+,MS,MS60249_CSF,GSM4104126_CAGCCGAAGCTGCCCA-1,-0.10056797643315316
CXCR3-,MS,MS60249_CSF,GSM4104126_CAGCCGACAGCCACCA-1,-0.10056797643315316
CXCR3-,MS,MS60249_CSF,GSM4104126_CAGCCGATCCCATTTA-1,-0.10056797643315316
CXCR3+,MS,MS60249_CSF,GSM4104126_CAGCGACAGATGTTAG-1,0.308719681604749
CXCR3-,MS,MS60249_CSF,GSM4104126_CAGCGACAGGCCCGTT-1,0.3180332419087271
CXCR3-,MS,MS60249_CSF,GSM4104126_CAGCGACCATGCAATC-1,0.3261995305813617
CXCR3-,MS,MS60249_CSF,GSM4104126_CAGCGACCATGGTAGG-1,0.24295289953056512
CXCR3+,MS,MS60249_CSF,GSM4104126_CAGCGACGTCTCAACA-1,-0.00921919010085605
CXCR3-,MS,MS60249_CSF,GSM4104126_CAGCGACGTTACGCGC-1,-0.10056797643315316
CXCR3-,MS,MS60249_CSF,GSM4104126_CAGCGACTCGTGTAGT-1,-0.10056797643315316
CXCR3+,MS,MS60249_CSF,GSM4104126_CAGCTAAAGTAGCCGA-1,-0.01912215774377097
CXCR3+,MS,MS60249_CSF,GSM4104126_CAGCTAAAGTATGACA-1,-0.10056797643315316
CXCR3+,MS,MS60249_CSF,GSM4104126_CAGCTGGAGCAGGTCA-1,0.24455599788538088
CXCR3-,MS,MS60249_CSF,GSM4104126_CAGCTGGAGGTGGGTT-1,-0.10056797643315316
CXCR3-,MS,MS60249_CSF,GSM4104126_CAGCTGGAGTCCTCCT-1,-0.10056797643315316
CXCR3-,MS,MS60249_CSF,GSM4104126_CAGCTGGGTAACGCGA-1,-0.10056797643315316
CXCR3+,MS,MS60249_CSF,GSM4104126_CAGCTGGGTCGTTGTA-1,0.0167346285079403
CXCR3-,MS,MS60249_CSF,GSM4104126_CAGCTGGTCACTTCAT-1,0.052282921217031784
CXCR3-,MS,MS60249_CSF,GSM4104126_CAGCTGGTCGCTAGCG-1,0.16161378050611225
CXCR3-,MS,MS60249_CSF,GSM4104126_CAGGTGCAGCCATCGC-1,-0.10056797643315316
CXCR3+,MS,MS60249_CSF,GSM4104126_CAGGTGCAGCTAACAA-1,-0.11507702826679221
CXCR3+,MS,MS60249_CSF,GSM4104126_CAGGTGCAGGGATGGG-1,-0.10056797643315316
CXCR3+,MS,MS60249_CSF,GSM4104126_CAGTAACAGACCACGA-1,-0.10056797643315316
CXCR3+,MS,MS60249_CSF,GSM4104126_CAGTAACAGATGGCGT-1,-0.17679465391510707
CXCR3-,MS,MS60249_CSF,GSM4104126_CAGTAACTCCTTGGTC-1,-0.10056797643315316
CXCR3-,MS,MS60249_CSF,GSM4104126_CAGTAACTCGTAGGAG-1,-0.10056797643315316
CXCR3-,MS,MS60249_CSF,GSM4104126_CAGTCCTCAGCCTTGG-1,-0.10056797643315316
CXCR3-,MS,MS60249_CSF,GSM4104126_CATATGGAGCAGACTG-1,-0.10056797643315316
CXCR3+,MS,MS60249_CSF,GSM4104126_CATATGGGTAGGGACT-1,-0.10056797643315316
CXCR3+,MS,MS60249_CSF,GSM4104126_CATATTCGTGCTAGCC-1,-0.47548354861592584
CXCR3+,MS,MS60249_CSF,GSM4104126_CATATTCTCCAAACTG-1,0.6790965179056114
CXCR3+,MS,MS60249_CSF,GSM4104126_CATATTCTCTTGGGTA-1,-0.10056797643315316
CXCR3+,MS,MS60249_CSF,GSM4104126_CATCAGACAGATGGCA-1,0.24550426510028325
CXCR3+,MS,MS60249_CSF,GSM4104126_CATCAGATCAACGCTA-1,0.2537468805909033
CXCR3-,MS,MS60249_CSF,GSM4104126_CATCCACGTCATCGGC-1,0.20514104059757512
CXCR3+,MS,MS60249_CSF,GSM4104126_CATCCACTCCTCCTAG-1,-0.31127631130433914
CXCR3+,MS,MS60249_CSF,GSM4104126_CATCCACTCGATCCCT-1,0.1685391254477777
CXCR3-,MS,MS60249_CSF,GSM4104126_CATCCACTCGCTAGCG-1,-0.10056797643315316
CXCR3-,MS,MS60249_CSF,GSM4104126_CATCGGGAGGGTGTTG-1,0.327127193111641
CXCR3-,MS,MS60249_CSF,GSM4104126_CATCGGGAGTGTGGCA-1,-0.10056797643315316
CXCR3-,MS,MS60249_CSF,GSM4104126_CATCGGGCAGTCGTGC-1,-0.10056797643315316
CXCR3-,MS,MS60249_CSF,GSM4104126_CATGACACATGCAACT-1,-0.10056797643315316
CXCR3-,MS,MS60249_CSF,GSM4104126_CATGCCTAGCTCCTCT-1,-0.5586575456493307
CXCR3+,MS,MS60249_CSF,GSM4104126_CATGCCTCAGGACGTA-1,0.16397748796239492
CXCR3+,MS,MS60249_CSF,GSM4104126_CATGCCTGTCAAAGCG-1,0.06277087018059797
CXCR3-,MS,MS60249_CSF,GSM4104126_CATGGCGAGAACAATC-1,0.11640793892782193
CXCR3-,MS,MS60249_CSF,GSM4104126_CATGGCGTCCACGTTC-1,-0.10056797643315316
CXCR3+,MS,MS60249_CSF,GSM4104126_CATTATCGTCGCTTTC-1,0.31866147861287375
CXCR3+,MS,MS60249_CSF,GSM4104126_CATTCGCCAACCGCCA-1,0.04686732118629815
CXCR3-,MS,MS60249_CSF,GSM4104126_CATTCGCCAGGTCCAC-1,-0.10056797643315316
CXCR3-,MS,MS60249_CSF,GSM4104126_CCAATCCCAAGACGTG-1,-0.31577155101730714
CXCR3+,MS,MS60249_CSF,GSM4104126_CCAATCCCAGTAGAGC-1,-0.19486398314467504
CXCR3-,MS,MS60249_CSF,GSM4104126_CCAATCCGTAGAAAGG-1,0.0805498341488174
CXCR3+,MS,MS60249_CSF,GSM4104126_CCAATCCGTTCCGTCT-1,-0.07787005046795584
CXCR3-,MS,MS60249_CSF,GSM4104126_CCAATCCGTTTGACAC-1,-0.2919160043345334
CXCR3+,MS,MS60249_CSF,GSM4104126_CCAATCCTCAGAAATG-1,0.19114896213067561
CXCR3-,MS,MS60249_CSF,GSM4104126_CCAATCCTCGTGGTCG-1,-0.10056797643315316
CXCR3+,MS,MS60249_CSF,GSM4104126_CCAATCCTCTACCTGC-1,0.06474385047087712
CXCR3+,MS,MS60249_CSF,GSM4104126_CCACCTACAAGAAAGG-1,0.17138123797124954
CXCR3-,MS,MS60249_CSF,GSM4104126_CCACCTACAGCTATTG-1,-0.2853665694358783
CXCR3-,MS,MS60249_CSF,GSM4104126_CCACCTACATAGAAAC-1,-0.10056797643315316
CXCR3-,MS,MS60249_CSF,GSM4104126_CCACCTATCACCTTAT-1,-0.10056797643315316
CXCR3-,MS,MS60249_CSF,GSM4104126_CCACCTATCTGCCCTA-1,-0.10056797643315316
CXCR3-,MS,MS60249_CSF,GSM4104126_CCACGGACAATCACAC-1,0.4753745193299593
CXCR3+,MS,MS60249_CSF,GSM4104126_CCACGGACAATGTTGC-1,0.3876789515088091
CXCR3-,MS,MS60249_CSF,GSM4104126_CCACGGACACATGACT-1,0.4600236457500614
CXCR3+,MS,MS60249_CSF,GSM4104126_CCACGGACACTGTTAG-1,0.02109777155876897
CXCR3-,MS,MS60249_CSF,GSM4104126_CCACGGATCTCTAGGA-1,-0.10056797643315316
CXCR3-,MS,MS60249_CSF,GSM4104126_CCACTACAGAAACCTA-1,-0.2603009829744682
CXCR3-,MS,MS60249_CSF,GSM4104126_CCACTACCAGTCACTA-1,-0.10056797643315316
CXCR3+,MS,MS60249_CSF,GSM4104126_CCACTACCATATACCG-1,-0.10056797643315316
CXCR3+,MS,MS60249_CSF,GSM4104126_CCACTACGTGGCGAAT-1,0.12373453241635227
CXCR3-,MS,MS60249_CSF,GSM4104126_CCAGCGAGTTGGGACA-1,-0.10056797643315316
CXCR3+,MS,MS60249_CSF,GSM4104126_CCAGCGATCCAAGCCG-1,-0.011384058484275603
CXCR3+,MS,MS60249_CSF,GSM4104126_CCAGCGATCCCAAGAT-1,0.272513982575403
CXCR3-,MS,MS60249_CSF,GSM4104126_CCATGTCCAGATCTGT-1,0.01914609728134247
CXCR3-,MS,MS60249_CSF,GSM4104126_CCATGTCTCCCTTGTG-1,-0.10056797643315316
CXCR3+,MS,MS60249_CSF,GSM4104126_CCATTCGAGATGTAAC-1,-0.10056797643315316
CXCR3-,MS,MS60249_CSF,GSM4104126_CCATTCGGTCTAGAGG-1,0.1978270603795663
CXCR3-,MS,MS60249_CSF,GSM4104126_CCATTCGTCGGCATCG-1,-0.10056797643315316
CXCR3+,MS,MS60249_CSF,GSM4104126_CCCAATCAGACTCGGA-1,-0.26402716799027437
CXCR3+,MS,MS60249_CSF,GSM4104126_CCCAATCAGCGTCAAG-1,-0.2940164566127071
CXCR3-,MS,MS60249_CSF,GSM4104126_CCCAATCAGCTGCCCA-1,-0.10056797643315316
CXCR3-,MS,MS60249_CSF,GSM4104126_CCCAATCTCGACAGCC-1,0.2129149349168064
CXCR3+,MS,MS60249_CSF,GSM4104126_CCCAGTTAGATATGGT-1,0.29696023909155195
CXCR3-,MS,MS60249_CSF,GSM4104126_CCCAGTTAGCTAGTTC-1,0.07810123928982726
CXCR3+,MS,MS60249_CSF,GSM4104126_CCCAGTTCAGGATCGA-1,-0.04512866966193312
CXCR3+,MS,MS60249_CSF,GSM4104126_CCCAGTTGTACTTCTT-1,0.10570256854824156
CXCR3+,MS,MS60249_CSF,GSM4104126_CCCAGTTGTCGTGGCT-1,0.5314823865303068
CXCR3-,MS,MS60249_CSF,GSM4104126_CCCATACAGTAGCCGA-1,-0.10056797643315316
CXCR3-,MS,MS60249_CSF,GSM4104126_CCCATACAGTTAGGTA-1,-0.39277676388632765
CXCR3+,MS,MS60249_CSF,GSM4104126_CCCATACCAGTCAGCC-1,0.29319195218048355
CXCR3+,MS,MS60249_CSF,GSM4104126_CCCATACTCGCTAGCG-1,0.057872454458647936
CXCR3+,MS,MS60249_CSF,GSM4104126_CCCTCCTGTTGAGGTG-1,-0.10056797643315316
CXCR3+,MS,MS60249_CSF,GSM4104126_CCCTCCTTCGTACCGG-1,-0.10056797643315316
CXCR3-,MS,MS60249_CSF,GSM4104126_CCGGTAGCATCCTTGC-1,0.2517782471063023
CXCR3-,MS,MS60249_CSF,GSM4104126_CCGTACTCAACACCTA-1,0.05795992496305441
CXCR3-,MS,MS60249_CSF,GSM4104126_CCGTACTGTTACAGAA-1,0.4845527458433249
CXCR3-,MS,MS60249_CSF,GSM4104126_CCGTGGAAGTTACGGG-1,-0.5538168075734287
CXCR3+,MS,MS60249_CSF,GSM4104126_CCGTGGACATACTCTT-1,0.5341259744533811
CXCR3-,MS,MS60249_CSF,GSM4104126_CCGTGGACATGGGACA-1,-0.10056797643315316
CXCR3-,MS,MS60249_CSF,GSM4104126_CCGTGGAGTGTTGGGA-1,0.026913899128920487
CXCR3+,MS,MS60249_CSF,GSM4104126_CCGTTCACAGATGGGT-1,-0.13801584114535007
CXCR3-,MS,MS60249_CSF,GSM4104126_CCGTTCACAGGATTGG-1,-0.10056797643315316
CXCR3+,MS,MS60249_CSF,GSM4104126_CCGTTCAGTGACAAAT-1,0.30629104975347776
CXCR3+,MS,MS60249_CSF,GSM4104126_CCTAAAGCAGATCCAT-1,0.1545818110342864
CXCR3-,MS,MS60249_CSF,GSM4104126_CCTAAAGGTACCGAGA-1,-0.10056797643315316
CXCR3-,MS,MS60249_CSF,GSM4104126_CCTAAAGGTATAAACG-1,-0.08745907940157031
CXCR3-,MS,MS60249_CSF,GSM4104126_CCTACCAAGGCTCTTA-1,-0.10056797643315316
CXCR3-,MS,MS60249_CSF,GSM4104126_CCTACCACATCCTAGA-1,0.09919390160526063
CXCR3-,MS,MS60249_CSF,GSM4104126_CCTACCACATCTCCCA-1,-0.10056797643315316
CXCR3+,MS,MS60249_CSF,GSM4104126_CCTACCAGTAGGCATG-1,-0.08253462618473337
CXCR3-,MS,MS60249_CSF,GSM4104126_CCTACCATCCACGTTC-1,0.11703142274147502
CXCR3-,MS,MS60249_CSF,GSM4104126_CCTACCATCTGGCGTG-1,-0.10056797643315316
CXCR3-,MS,MS60249_CSF,GSM4104126_CCTAGCTTCGCATGAT-1,-0.10056797643315316
CXCR3-,MS,MS60249_CSF,GSM4104126_CCTATTAAGCGATCCC-1,-0.3656898473151484
CXCR3-,MS,MS60249_CSF,GSM4104126_CCTATTAAGCGTCAAG-1,-0.10056797643315316
CXCR3+,MS,MS60249_CSF,GSM4104126_CCTCAGTCATTGTGCA-1,-0.10056797643315316
CXCR3-,MS,MS60249_CSF,GSM4104126_CCTCTGACACTTAAGC-1,-0.10056797643315316
CXCR3+,MS,MS60249_CSF,GSM4104126_CCTCTGACAGCATGAG-1,-0.18047045508192003
CXCR3-,MS,MS60249_CSF,GSM4104126_CCTCTGAGTGCAGACA-1,-0.10056797643315316
CXCR3-,MS,MS60249_CSF,GSM4104126_CCTTACGAGCTTCGCG-1,-0.10056797643315316
CXCR3-,MS,MS60249_CSF,GSM4104126_CCTTACGCAAATTGCC-1,-0.31494941681584493
CXCR3+,MS,MS60249_CSF,GSM4104126_CCTTACGCAGGCGATA-1,-0.0336191642245144
CXCR3-,MS,MS60249_CSF,GSM4104126_CCTTACGGTGCGAAAC-1,-0.10056797643315316
CXCR3-,MS,MS60249_CSF,GSM4104126_CCTTACGTCCGTCAAA-1,-0.10056797643315316
CXCR3-,MS,MS60249_CSF,GSM4104126_CCTTCCCAGCTGAACG-1,0.004143744634144305
CXCR3-,MS,MS60249_CSF,GSM4104126_CCTTCCCGTCCGTTAA-1,0.1612999471010663
CXCR3+,MS,MS60249_CSF,GSM4104126_CCTTCCCTCTCTGAGA-1,0.8637964959311509
CXCR3+,MS,MS60249_CSF,GSM4104126_CCTTCGAAGCAGATCG-1,-0.09819105962484277
CXCR3-,MS,MS60249_CSF,GSM4104126_CCTTCGAAGGGCTTCC-1,-0.10056797643315316
CXCR3+,MS,MS60249_CSF,GSM4104126_CCTTCGACAGTTCCCT-1,-0.10056797643315316
CXCR3-,MS,MS60249_CSF,GSM4104126_CCTTCGAGTAATAGCA-1,-0.2859677819514611
CXCR3+,MS,MS60249_CSF,GSM4104126_CCTTCGATCAACACCA-1,-0.07506417769294857
CXCR3-,MS,MS60249_CSF,GSM4104126_CCTTCGATCTGTACGA-1,-0.5383418018959414
CXCR3-,MS,MS60249_CSF,GSM4104126_CCTTTCTTCGGCGCAT-1,-0.10056797643315316
CXCR3-,MS,MS60249_CSF,GSM4104126_CCTTTCTTCTTGTCAT-1,-0.10056797643315316
CXCR3+,MS,MS60249_CSF,GSM4104126_CGAACATAGCGATATA-1,0.010658116384293505
CXCR3+,MS,MS60249_CSF,GSM4104126_CGAACATCATTACGAC-1,0.4949361953612876
CXCR3-,MS,MS60249_CSF,GSM4104126_CGAACATGTTACCGAT-1,0.3660846494757899
CXCR3+,MS,MS60249_CSF,GSM4104126_CGAATGTAGTGGGATC-1,-0.9286322947891071
CXCR3+,MS,MS60249_CSF,GSM4104126_CGAATGTCAGACGCAA-1,0.13137341295709845
CXCR3+,MS,MS60249_CSF,GSM4104126_CGACCTTAGTATGACA-1,0.14392396708363478
CXCR3+,MS,MS60249_CSF,GSM4104126_CGACCTTCAGCATACT-1,-0.03229744439704133
CXCR3+,MS,MS60249_CSF,GSM4104126_CGACCTTGTCCGCTGA-1,-0.15660298763226013
CXCR3-,MS,MS60249_CSF,GSM4104126_CGACTTCAGACGCACA-1,-0.10056797643315316
CXCR3-,MS,MS60249_CSF,GSM4104126_CGACTTCAGACTACAA-1,-0.10056797643315316
CXCR3-,MS,MS60249_CSF,GSM4104126_CGACTTCAGGGCATGT-1,0.32259692193398154
CXCR3+,MS,MS60249_CSF,GSM4104126_CGAGAAGAGATATGGT-1,0.13893117150168427
CXCR3-,MS,MS60249_CSF,GSM4104126_CGAGAAGGTAGAAAGG-1,0.3266565000780336
CXCR3-,MS,MS60249_CSF,GSM4104126_CGAGAAGGTTCAGCGC-1,-0.10056797643315316
CXCR3-,MS,MS60249_CSF,GSM4104126_CGAGCACGTTAAAGAC-1,0.6241208368372131
CXCR3+,MS,MS60249_CSF,GSM4104126_CGAGCCACACCCTATC-1,-0.01854252156920168
CXCR3+,MS,MS60249_CSF,GSM4104126_CGAGCCAGTATTCGTG-1,-0.12084121953385163
CXCR3-,MS,MS60249_CSF,GSM4104126_CGAGCCAGTGTCTGAT-1,-0.10056797643315316
CXCR3-,MS,MS60249_CSF,GSM4104126_CGATGGCAGATATGGT-1,-0.10056797643315316
CXCR3-,MS,MS60249_CSF,GSM4104126_CGATGGCCAGTTCATG-1,-0.4179620603396787
CXCR3-,MS,MS60249_CSF,GSM4104126_CGATGTACAGCATACT-1,-0.10056797643315316
CXCR3-,MS,MS60249_CSF,GSM4104126_CGATGTAGTGACGCCT-1,0.6201161534748908
CXCR3+,MS,MS60249_CSF,GSM4104126_CGATGTATCGGCGCAT-1,-0.10056797643315316
CXCR3-,MS,MS60249_CSF,GSM4104126_CGATGTATCTTGGGTA-1,-0.10056797643315316
CXCR3+,MS,MS60249_CSF,GSM4104126_CGCCAAGAGGCTAGGT-1,0.12450945672069212
CXCR3-,MS,MS60249_CSF,GSM4104126_CGCCAAGCATCACCCT-1,0.23472246455486515
CXCR3+,MS,MS60249_CSF,GSM4104126_CGCGGTAAGAAGGTTT-1,0.0641981318366885
CXCR3+,MS,MS60249_CSF,GSM4104126_CGCGGTAAGGCAGGTT-1,0.23038342032143186
CXCR3+,MS,MS60249_CSF,GSM4104126_CGCGGTAGTCGAATCT-1,-0.10056797643315316
CXCR3-,MS,MS60249_CSF,GSM4104126_CGCGGTATCCGAACGC-1,-0.10056797643315316
CXCR3+,MS,MS60249_CSF,GSM4104126_CGCGTTTCAAAGAATC-1,-0.09549784795241126
CXCR3+,MS,MS60249_CSF,GSM4104126_CGCTATCAGAGCTGGT-1,-0.11362079163642744
CXCR3+,MS,MS60249_CSF,GSM4104126_CGCTATCAGCTGGAAC-1,0.09613732353642357
CXCR3+,MS,MS60249_CSF,GSM4104126_CGCTATCCAATGCCAT-1,-0.24077222417764355
CXCR3+,MS,MS60249_CSF,GSM4104126_CGCTATCGTTAAAGTG-1,-0.08420024989957654
CXCR3-,MS,MS60249_CSF,GSM4104126_CGCTATCTCCTCATTA-1,0.14543509873179492
CXCR3+,MS,MS60249_CSF,GSM4104126_CGCTGGACATATGCTG-1,-0.6141776350597062
CXCR3+,MS,MS60249_CSF,GSM4104126_CGCTGGATCCACGCAG-1,-0.048764439123393136
CXCR3-,MS,MS60249_CSF,GSM4104126_CGCTTCACAACTGGCC-1,-0.24880233366351187
CXCR3+,MS,MS60249_CSF,GSM4104126_CGCTTCACAGTAAGCG-1,0.1533585216583218
CXCR3-,MS,MS60249_CSF,GSM4104126_CGCTTCAGTCTTGATG-1,-0.10056797643315316
CXCR3-,MS,MS60249_CSF,GSM4104126_CGCTTCAGTTTGTTGG-1,-0.10056797643315316
CXCR3-,MS,MS60249_CSF,GSM4104126_CGCTTCATCCGCAGTG-1,-0.10056797643315316
CXCR3+,MS,MS60249_CSF,GSM4104126_CGGACACGTCAGATAA-1,-0.10056797643315316
CXCR3+,MS,MS60249_CSF,GSM4104126_CGGACACTCAGAGGTG-1,-0.10056797643315316
CXCR3-,MS,MS60249_CSF,GSM4104126_CGGACACTCTCAAGTG-1,-0.013923077102926729
CXCR3-,MS,MS60249_CSF,GSM4104126_CGGACGTAGATACACA-1,-0.10056797643315316
CXCR3+,MS,MS60249_CSF,GSM4104126_CGGACGTAGTTTGCGT-1,0.372938102260835
CXCR3+,MS,MS60249_CSF,GSM4104126_CGGACGTGTCTTCAAG-1,-0.03406707330638121
CXCR3-,MS,MS60249_CSF,GSM4104126_CGGACGTTCAGAAATG-1,-0.10056797643315316
CXCR3+,MS,MS60249_CSF,GSM4104126_CGGACGTTCTTGACGA-1,-0.32816006194007696
CXCR3+,MS,MS60249_CSF,GSM4104126_CGGACTGCATATGAGA-1,-0.04603808972126521
CXCR3+,MS,MS60249_CSF,GSM4104126_CGGACTGGTGGGTCAA-1,-0.003370680696414758
CXCR3-,MS,MS60249_CSF,GSM4104126_CGGACTGGTGTAACGG-1,-0.10056797643315316
CXCR3+,MS,MS60249_CSF,GSM4104126_CGGAGCTGTTCACCTC-1,0.32527759499565484
CXCR3-,MS,MS60249_CSF,GSM4104126_CGGAGTCAGCCAGGAT-1,0.16748324100609396
CXCR3-,MS,MS60249_CSF,GSM4104126_CGGAGTCAGCTACCTA-1,-0.10056797643315316
CXCR3-,MS,MS60249_CSF,GSM4104126_CGGAGTCCACATTAGC-1,0.030188314923622634
CXCR3-,MS,MS60249_CSF,GSM4104126_CGGAGTCTCGCGGATC-1,-0.10056797643315316
CXCR3+,MS,MS60249_CSF,GSM4104126_CGGCTAGCATGGGACA-1,0.07564459045943059
CXCR3-,MS,MS60249_CSF,GSM4104126_CGGCTAGGTGGCAAAC-1,-0.10056797643315316
CXCR3-,MS,MS60249_CSF,GSM4104126_CGGGTCAAGATGTCGG-1,-0.10056797643315316
CXCR3-,MS,MS60249_CSF,GSM4104126_CGGGTCACAGCTGTGC-1,0.5649602237610836
CXCR3+,MS,MS60249_CSF,GSM4104126_CGGGTCATCGGCGGTT-1,0.33847470800534546
CXCR3+,MS,MS60249_CSF,GSM4104126_CGGGTCATCTCTTGAT-1,0.1278112682611759
CXCR3-,MS,MS60249_CSF,GSM4104126_CGGTTAACACAGAGGT-1,-0.10056797643315316
CXCR3-,MS,MS60249_CSF,GSM4104126_CGGTTAACACATGTGT-1,0.14840797916407622
CXCR3-,MS,MS60249_CSF,GSM4104126_CGGTTAAGTGAGGGAG-1,-0.10056797643315316
CXCR3+,MS,MS60249_CSF,GSM4104126_CGTAGCGAGACACGAC-1,0.13949973813615044
CXCR3-,MS,MS60249_CSF,GSM4104126_CGTAGGCAGCCTCGTG-1,-0.10056797643315316
CXCR3+,MS,MS60249_CSF,GSM4104126_CGTAGGCTCCACGCAG-1,1.595809622485194e-06
CXCR3+,MS,MS60249_CSF,GSM4104126_CGTAGGCTCTTAGCCC-1,0.3286128009528676
CXCR3+,MS,MS60249_CSF,GSM4104126_CGTCACTAGAAACCAT-1,0.15230537032327424
CXCR3+,MS,MS60249_CSF,GSM4104126_CGTCACTCAATAAGCA-1,-0.09500230325063275
CXCR3-,MS,MS60249_CSF,GSM4104126_CGTCACTGTATAGTAG-1,-0.10056797643315316
CXCR3+,MS,MS60249_CSF,GSM4104126_CGTCACTGTTCAGTAC-1,-0.10056797643315316
CXCR3-,MS,MS60249_CSF,GSM4104126_CGTCACTGTTGTGGCC-1,-0.10056797643315316
CXCR3-,MS,MS60249_CSF,GSM4104126_CGTCAGGGTGGGTCAA-1,-0.10056797643315316
CXCR3-,MS,MS60249_CSF,GSM4104126_CGTCCATGTACAGCAG-1,0.12967912645334068
CXCR3-,MS,MS60249_CSF,GSM4104126_CGTCCATTCTTTACAC-1,-0.10056797643315316
CXCR3+,MS,MS60249_CSF,GSM4104126_CGTCTACCATACGCCG-1,0.13989987775904017
CXCR3-,MS,MS60249_CSF,GSM4104126_CGTCTACGTGGTCCGT-1,-0.10056797643315316
CXCR3+,MS,MS60249_CSF,GSM4104126_CGTGTCTTCAACGGCC-1,0.1996928728016339
CXCR3+,MS,MS60249_CSF,GSM4104126_CGTGTCTTCTTTAGGG-1,-0.10056797643315316
CXCR3+,MS,MS60249_CSF,GSM4104126_CGTTAGAAGTAAGTAC-1,-0.14738253026657186
CXCR3+,MS,MS60249_CSF,GSM4104126_CGTTAGACATATACCG-1,-0.02344536701220325
CXCR3-,MS,MS60249_CSF,GSM4104126_CGTTAGACATTTGCCC-1,-0.3212612433906448
CXCR3+,MS,MS60249_CSF,GSM4104126_CGTTAGAGTCGCGAAA-1,0.019625263538788146
CXCR3-,MS,MS60249_CSF,GSM4104126_CGTTAGATCTTACCGC-1,-0.10056797643315316
CXCR3-,MS,MS60249_CSF,GSM4104126_CGTTCTGAGAGTCTGG-1,-0.10056797643315316
CXCR3-,MS,MS60249_CSF,GSM4104126_CGTTCTGAGGGAAACA-1,0.5638812095737978
CXCR3+,MS,MS60249_CSF,GSM4104126_CGTTCTGCACTTAAGC-1,-0.10056797643315316
CXCR3-,MS,MS60249_CSF,GSM4104126_CGTTCTGGTACGCTGC-1,-0.10056797643315316
CXCR3-,MS,MS60249_CSF,GSM4104126_CGTTCTGGTATGCTTG-1,0.19813369826380356
CXCR3-,MS,MS60249_CSF,GSM4104126_CGTTCTGTCCCTCTTT-1,-0.11904089262427264
CXCR3-,MS,MS60249_CSF,GSM4104126_CGTTGGGAGGATGGAA-1,-0.2077342072205963
CXCR3+,MS,MS60249_CSF,GSM4104126_CGTTGGGAGTTTGCGT-1,0.4361508305404461
CXCR3-,MS,MS60249_CSF,GSM4104126_CGTTGGGGTGGTGTAG-1,0.37571659804760743
CXCR3-,MS,MS60249_CSF,GSM4104126_CGTTGGGTCGTTTAGG-1,-0.10056797643315316
CXCR3-,MS,MS60249_CSF,GSM4104126_CTAACTTAGGCATTGG-1,0.28141653292581753
CXCR3+,MS,MS60249_CSF,GSM4104126_CTAACTTAGTACGACG-1,0.07592649753303486
CXCR3+,MS,MS60249_CSF,GSM4104126_CTAACTTTCGCCAGCA-1,-0.18243660010882218
CXCR3-,MS,MS60249_CSF,GSM4104126_CTAAGACCAAGACACG-1,0.038653460068497125
CXCR3-,MS,MS60249_CSF,GSM4104126_CTAAGACGTCCGTCAG-1,-0.10056797643315316
CXCR3-,MS,MS60249_CSF,GSM4104126_CTAATGGCATCCTTGC-1,0.09519024294344756
CXCR3-,MS,MS60249_CSF,GSM4104126_CTACACCAGTGCCAGA-1,0.16669381246695483
CXCR3+,MS,MS60249_CSF,GSM4104126_CTACACCAGTTTGCGT-1,-0.10056797643315316
CXCR3-,MS,MS60249_CSF,GSM4104126_CTACACCCATACGCCG-1,0.12293403133811283
CXCR3+,MS,MS60249_CSF,GSM4104126_CTACATTCAGCTGGCT-1,-0.211105871941734
CXCR3-,MS,MS60249_CSF,GSM4104126_CTACATTCAGGTCTCG-1,-0.10056797643315316
CXCR3+,MS,MS60249_CSF,GSM4104126_CTACATTTCTTGCATT-1,-0.6599026721979444
CXCR3-,MS,MS60249_CSF,GSM4104126_CTACCCAAGCAATCTC-1,0.1519855488773434
CXCR3-,MS,MS60249_CSF,GSM4104126_CTACCCAAGTTGAGTA-1,-0.34068490065909784
CXCR3+,MS,MS60249_CSF,GSM4104126_CTACCCATCTTCAACT-1,-0.10056797643315316
CXCR3-,MS,MS60249_CSF,GSM4104126_CTACGTCCATCCCACT-1,-0.10056797643315316
CXCR3-,MS,MS60249_CSF,GSM4104126_CTACGTCCATGCCACG-1,-0.10056797643315316
CXCR3-,MS,MS60249_CSF,GSM4104126_CTACGTCGTAGCCTCG-1,-0.10056797643315316
CXCR3+,MS,MS60249_CSF,GSM4104126_CTACGTCGTCGAATCT-1,0.2637233260254206
CXCR3+,MS,MS60249_CSF,GSM4104126_CTACGTCTCGGCGCAT-1,-0.37637785655026024
CXCR3-,MS,MS60249_CSF,GSM4104126_CTAGAGTAGCTGGAAC-1,0.13688863399572157
CXCR3+,MS,MS60249_CSF,GSM4104126_CTAGAGTGTTGGTAAA-1,0.15406631826178036
CXCR3-,MS,MS60249_CSF,GSM4104126_CTAGAGTTCGCTGATA-1,-0.10056797643315316
CXCR3-,MS,MS60249_CSF,GSM4104126_CTAGAGTTCTACCAGA-1,0.40590405907162586
CXCR3-,MS,MS60249_CSF,GSM4104126_CTAGCCTAGGCCCGTT-1,-0.7367482166342177
CXCR3+,MS,MS60249_CSF,GSM4104126_CTAGCCTAGGGAACGG-1,-0.2676141488416695
CXCR3+,MS,MS60249_CSF,GSM4104126_CTAGCCTCAAAGTGCG-1,-0.10056797643315316
CXCR3+,MS,MS60249_CSF,GSM4104126_CTAGCCTGTAATAGCA-1,-0.10056797643315316
CXCR3-,MS,MS60249_CSF,GSM4104126_CTAGCCTTCTCAAACG-1,0.023584792066144295
CXCR3-,MS,MS60249_CSF,GSM4104126_CTAGTGAAGTTGTCGT-1,0.10094317581808628
CXCR3+,MS,MS60249_CSF,GSM4104126_CTAGTGACAATGGAGC-1,-0.348617059163106
CXCR3-,MS,MS60249_CSF,GSM4104126_CTAGTGATCATACGGT-1,-0.29729477756994477
CXCR3-,MS,MS60249_CSF,GSM4104126_CTCACACCAAGACACG-1,-0.10056797643315316
CXCR3-,MS,MS60249_CSF,GSM4104126_CTCACACGTGCAGGTA-1,0.3716901607556803
CXCR3-,MS,MS60249_CSF,GSM4104126_CTCAGAACACACCGAC-1,-0.3760058885293661
CXCR3-,MS,MS60249_CSF,GSM4104126_CTCAGAACACGGTTTA-1,-0.10056797643315316
CXCR3-,MS,MS60249_CSF,GSM4104126_CTCAGAACATACTACG-1,-0.10056797643315316
CXCR3+,MS,MS60249_CSF,GSM4104126_CTCAGAAGTCGAATCT-1,0.17178875423383536
CXCR3+,MS,MS60249_CSF,GSM4104126_CTCAGAATCTTACCGC-1,-0.27405942151566326
CXCR3-,MS,MS60249_CSF,GSM4104126_CTCATTACAGTTAACC-1,-0.10056797643315316
CXCR3-,MS,MS60249_CSF,GSM4104126_CTCCTAGAGAGCTGCA-1,-0.10056797643315316
CXCR3-,MS,MS60249_CSF,GSM4104126_CTCCTAGGTAGGCTGA-1,-0.10056797643315316
CXCR3+,MS,MS60249_CSF,GSM4104126_CTCCTAGTCGTTTATC-1,0.4512064053658779
CXCR3-,MS,MS60249_CSF,GSM4104126_CTCGAAACAATACGCT-1,0.14540233763302052
CXCR3+,MS,MS60249_CSF,GSM4104126_CTCGAAAGTGAAGGCT-1,-0.1516838932128363
CXCR3+,MS,MS60249_CSF,GSM4104126_CTCGAAATCTACCTGC-1,-0.16903877509078785
CXCR3-,MS,MS60249_CSF,GSM4104126_CTCGAAATCTCAACTT-1,-0.10056797643315316
CXCR3+,MS,MS60249_CSF,GSM4104126_CTCGAAATCTGCTTGC-1,-0.05416140270840825
CXCR3+,MS,MS60249_CSF,GSM4104126_CTCGAGGCAAGGTGTG-1,-0.10056797643315316
CXCR3+,MS,MS60249_CSF,GSM4104126_CTCGAGGCAGCCAATT-1,0.27723543971543874
CXCR3+,MS,MS60249_CSF,GSM4104126_CTCGAGGCATGAGCGA-1,0.17426083331237008
CXCR3-,MS,MS60249_CSF,GSM4104126_CTCGAGGTCCCATTAT-1,-0.10056797643315316
CXCR3-,MS,MS60249_CSF,GSM4104126_CTCGAGGTCCGCAGTG-1,-0.10056797643315316
CXCR3-,MS,MS60249_CSF,GSM4104126_CTCGGAGGTCATCCCT-1,0.21444003861392932
CXCR3-,MS,MS60249_CSF,GSM4104126_CTCGTACAGGAGTTGC-1,-0.10056797643315316
CXCR3-,MS,MS60249_CSF,GSM4104126_CTCGTACAGTCGCCGT-1,0.1640036609272732
CXCR3-,MS,MS60249_CSF,GSM4104126_CTCGTACTCTCAACTT-1,0.18925012630912988
CXCR3-,MS,MS60249_CSF,GSM4104126_CTCTACGAGTAATCCC-1,-0.10056797643315316
CXCR3-,MS,MS60249_CSF,GSM4104126_CTCTACGCAGACAAGC-1,-0.4264567993891553
CXCR3-,MS,MS60249_CSF,GSM4104126_CTCTACGCAGCTATTG-1,-0.15072018293161302
CXCR3+,MS,MS60249_CSF,GSM4104126_CTCTACGCAGTAACGG-1,0.01968699419597486
CXCR3-,MS,MS60249_CSF,GSM4104126_CTCTACGGTTGGTTTG-1,-0.10056797643315316
CXCR3-,MS,MS60249_CSF,GSM4104126_CTCTACGTCTCCAACC-1,0.229309579270666
CXCR3+,MS,MS60249_CSF,GSM4104126_CTCTGGTCAACGATCT-1,0.31539507065726546
CXCR3-,MS,MS60249_CSF,GSM4104126_CTGAAACGTGACGGTA-1,-0.10056797643315316
CXCR3-,MS,MS60249_CSF,GSM4104126_CTGAAGTCAGCTATTG-1,0.03768017394833705
CXCR3+,MS,MS60249_CSF,GSM4104126_CTGATAGAGATAGTCA-1,0.0892831758075981
CXCR3-,MS,MS60249_CSF,GSM4104126_CTGATAGGTAAGTTCC-1,-0.10056797643315316
CXCR3+,MS,MS60249_CSF,GSM4104126_CTGATCCCAGCTATTG-1,0.06635224992157797
CXCR3+,MS,MS60249_CSF,GSM4104126_CTGATCCTCAGCGACC-1,0.21103455897480325
CXCR3-,MS,MS60249_CSF,GSM4104126_CTGATCCTCATGCAAC-1,0.2501921833365809
CXCR3-,MS,MS60249_CSF,GSM4104126_CTGATCCTCTACTATC-1,-0.10056797643315316
CXCR3-,MS,MS60249_CSF,GSM4104126_CTGCCTAAGAGCCCAA-1,-0.20454083125582492
CXCR3+,MS,MS60249_CSF,GSM4104126_CTGCGGAAGATGCGAC-1,0.35015806100707986
CXCR3+,MS,MS60249_CSF,GSM4104126_CTGCGGACACACTGCG-1,-0.1476642735324995
CXCR3-,MS,MS60249_CSF,GSM4104126_CTGGTCTGTCTGGTCG-1,-0.10056797643315316
CXCR3-,MS,MS60249_CSF,GSM4104126_CTGTGCTCAAATTGCC-1,-0.10056797643315316
CXCR3-,MS,MS60249_CSF,GSM4104126_CTGTGCTGTCTGCGGT-1,-0.10056797643315316
CXCR3+,MS,MS60249_CSF,GSM4104126_CTGTGCTTCATGTCTT-1,0.6385650184285996
CXCR3+,MS,MS60249_CSF,GSM4104126_CTGTTTACAAGCGATG-1,0.6516555763381163
CXCR3-,MS,MS60249_CSF,GSM4104126_CTGTTTATCTTGGGTA-1,0.036426257681159604
CXCR3+,MS,MS60249_CSF,GSM4104126_CTTAACTAGCCACGCT-1,0.14199866493186417
CXCR3-,MS,MS60249_CSF,GSM4104126_CTTAACTGTCCGACGT-1,-0.10056797643315316
CXCR3-,MS,MS60249_CSF,GSM4104126_CTTAACTTCTTACCGC-1,-0.022012370000706168
CXCR3-,MS,MS60249_CSF,GSM4104126_CTTACCGAGAGACTTA-1,-0.26786495371091007
CXCR3+,MS,MS60249_CSF,GSM4104126_CTTACCGCAACTGCTA-1,0.23281123341329754
CXCR3+,MS,MS60249_CSF,GSM4104126_CTTACCGGTCTGCAAT-1,-0.10056797643315316
CXCR3-,MS,MS60249_CSF,GSM4104126_CTTACCGGTGTTTGGT-1,-0.10056797643315316
CXCR3+,MS,MS60249_CSF,GSM4104126_CTTACCGTCATAAAGG-1,-0.05002006074201396
CXCR3+,MS,MS60249_CSF,GSM4104126_CTTACCGTCTCCTATA-1,0.226162660668563
CXCR3-,MS,MS60249_CSF,GSM4104126_CTTCTCTTCATTTGGG-1,-0.10056797643315316
CXCR3-,MS,MS60249_CSF,GSM4104126_CTTGGCTAGCGATATA-1,0.25001283733065155
CXCR3+,MS,MS60249_CSF,GSM4104126_CTTGGCTCAAGCTGTT-1,-0.6420853702286438
CXCR3-,MS,MS60249_CSF,GSM4104126_CTTGGCTTCAGTTCGA-1,-0.2833680037548018
CXCR3+,MS,MS60249_CSF,GSM4104126_CTTGGCTTCATAAAGG-1,-0.10056797643315316
CXCR3-,MS,MS60249_CSF,GSM4104126_CTTTGCGAGTGCGTGA-1,-0.10056797643315316
CXCR3-,MS,MS60249_CSF,GSM4104126_CTTTGCGGTTGAGGTG-1,0.05505211588274419
CXCR3-,MS,MS60249_CSF,GSM4104126_CTTTGCGTCTAACCGA-1,-0.10056797643315316
CXCR3-,MS,MS60249_CSF,GSM4104126_GAAACTCCATCACAAC-1,-0.2584668981889903
CXCR3-,MS,MS60249_CSF,GSM4104126_GAAACTCGTCGACTGC-1,0.31883014546667493
CXCR3+,MS,MS60249_CSF,GSM4104126_GAAACTCGTTATCGGT-1,0.07247466153310099
CXCR3-,MS,MS60249_CSF,GSM4104126_GAAATGAAGTCGAGTG-1,-0.10056797643315316
CXCR3-,MS,MS60249_CSF,GSM4104126_GAACATCAGAGGTTGC-1,0.19577921483232555
CXCR3+,MS,MS60249_CSF,GSM4104126_GAACATCAGCCAGAAC-1,0.004299793838350251
CXCR3-,MS,MS60249_CSF,GSM4104126_GAACATCAGGATTCGG-1,-0.2901245057293548
CXCR3-,MS,MS60249_CSF,GSM4104126_GAACATCCATACAGCT-1,0.20165769496395816
CXCR3-,MS,MS60249_CSF,GSM4104126_GAACCTACAATGTAAG-1,0.4021598948793942
CXCR3-,MS,MS60249_CSF,GSM4104126_GAACCTAGTGATAAGT-1,-0.0005312113776825278
CXCR3-,MS,MS60249_CSF,GSM4104126_GAACGGAAGGTGTGGT-1,-0.10056797643315316
CXCR3-,MS,MS60249_CSF,GSM4104126_GAACGGACAGTCAGAG-1,-0.10056797643315316
CXCR3-,MS,MS60249_CSF,GSM4104126_GAACGGAGTACATGTC-1,-0.10056797643315316
CXCR3-,MS,MS60249_CSF,GSM4104126_GAACGGATCAGGTAAA-1,0.34554001234421766
CXCR3-,MS,MS60249_CSF,GSM4104126_GAAGCAGAGATCCGAG-1,-0.10056797643315316
CXCR3-,MS,MS60249_CSF,GSM4104126_GAAGCAGAGCCACCTG-1,0.27262317345476256
CXCR3+,MS,MS60249_CSF,GSM4104126_GAAGCAGAGGGAAACA-1,-0.10056797643315316
CXCR3+,MS,MS60249_CSF,GSM4104126_GAAGCAGAGGGATGGG-1,0.1535595547604633
CXCR3-,MS,MS60249_CSF,GSM4104126_GAAGCAGCACGGTTTA-1,0.9187078771777836
CXCR3-,MS,MS60249_CSF,GSM4104126_GAAGCAGGTATAGTAG-1,0.19012210951889497
CXCR3-,MS,MS60249_CSF,GSM4104126_GAAGCAGTCGTCCGTT-1,-0.10056797643315316
CXCR3-,MS,MS60249_CSF,GSM4104126_GAAGCAGTCGTCTGCT-1,0.3822492602787836
CXCR3+,MS,MS60249_CSF,GSM4104126_GAATAAGCAAGGTGTG-1,-0.1312428876303884
CXCR3+,MS,MS60249_CSF,GSM4104126_GAATAAGGTACACCGC-1,0.1089458686001241
CXCR3-,MS,MS60249_CSF,GSM4104126_GAATGAACAGCTCGAC-1,0.1383914059306358
CXCR3+,MS,MS60249_CSF,GSM4104126_GAATGAATCGGCCGAT-1,0.28461686396927216
CXCR3-,MS,MS60249_CSF,GSM4104126_GACACGCCAAGCCATT-1,-0.10056797643315316
CXCR3+,MS,MS60249_CSF,GSM4104126_GACACGCGTATGGTTC-1,0.5699182735835167
CXCR3-,MS,MS60249_CSF,GSM4104126_GACACGCGTTCACGGC-1,-0.10056797643315316
CXCR3-,MS,MS60249_CSF,GSM4104126_GACACGCGTTCAGACT-1,-0.7356346067157054
CXCR3+,MS,MS60249_CSF,GSM4104126_GACAGAGCACGCATCG-1,0.22145178427081855
CXCR3-,MS,MS60249_CSF,GSM4104126_GACCTGGCATCACAAC-1,-0.26793678851228137
CXCR3+,MS,MS60249_CSF,GSM4104126_GACCTGGGTCCCGACA-1,-0.10056797643315316
CXCR3+,MS,MS60249_CSF,GSM4104126_GACGCGTAGAGTGACC-1,0.13023349351594074
CXCR3-,MS,MS60249_CSF,GSM4104126_GACGCGTAGAGTTGGC-1,0.032400321332639336
CXCR3-,MS,MS60249_CSF,GSM4104126_GACGCGTAGCTGGAAC-1,0.013725327983545596
CXCR3-,MS,MS60249_CSF,GSM4104126_GACGCGTAGGGAACGG-1,-0.10056797643315316
CXCR3-,MS,MS60249_CSF,GSM4104126_GACGCGTAGGTGGGTT-1,0.13059397163662226
CXCR3-,MS,MS60249_CSF,GSM4104126_GACGCGTCAACAACCT-1,-0.1970286948574902
CXCR3-,MS,MS60249_CSF,GSM4104126_GACGCGTCAGGACGTA-1,0.49812175756739485
CXCR3-,MS,MS60249_CSF,GSM4104126_GACGCGTCAGGGATTG-1,-0.10056797643315316
CXCR3+,MS,MS60249_CSF,GSM4104126_GACGCGTGTCTCTCGT-1,-0.10056797643315316
CXCR3-,MS,MS60249_CSF,GSM4104126_GACGCGTTCAGGCGAA-1,0.18343303061951005
CXCR3+,MS,MS60249_CSF,GSM4104126_GACGGCTAGTATCTCG-1,-0.10056797643315316
CXCR3-,MS,MS60249_CSF,GSM4104126_GACGGCTCACGGTTTA-1,-0.10056797643315316
CXCR3-,MS,MS60249_CSF,GSM4104126_GACGGCTGTACTTAGC-1,0.24374838746209226
CXCR3-,MS,MS60249_CSF,GSM4104126_GACGGCTTCGTTACAG-1,0.06927550295917143
CXCR3+,MS,MS60249_CSF,GSM4104126_GACGTTACAGCGTCCA-1,-0.19979477570517126
CXCR3-,MS,MS60249_CSF,GSM4104126_GACTAACAGAAACCTA-1,0.20306458881212133
CXCR3-,MS,MS60249_CSF,GSM4104126_GACTAACCAATCACAC-1,-0.5046215406461813
CXCR3-,MS,MS60249_CSF,GSM4104126_GACTACAAGGTCGGAT-1,-0.10056797643315316
CXCR3+,MS,MS60249_CSF,GSM4104126_GACTACACACGAGGTA-1,0.3008988066086314
CXCR3-,MS,MS60249_CSF,GSM4104126_GACTACAGTGCCTTGG-1,-0.30704871677573975
CXCR3-,MS,MS60249_CSF,GSM4104126_GACTGCGGTGATAAGT-1,-0.10056797643315316
CXCR3-,MS,MS60249_CSF,GSM4104126_GAGCAGAGTACAGTTC-1,0.20491957455758225
CXCR3+,MS,MS60249_CSF,GSM4104126_GAGCAGAGTATTCTCT-1,-0.10056797643315316
CXCR3-,MS,MS60249_CSF,GSM4104126_GAGCAGAGTCTCTTTA-1,0.23904439130807123
CXCR3-,MS,MS60249_CSF,GSM4104126_GAGTCCGAGACCTAGG-1,-0.10056797643315316
CXCR3-,MS,MS60249_CSF,GSM4104126_GAGTCCGAGGGCATGT-1,-0.10056797643315316
CXCR3-,MS,MS60249_CSF,GSM4104126_GAGTCCGAGGGTTTCT-1,-0.10056797643315316
CXCR3+,MS,MS60249_CSF,GSM4104126_GAGTCCGCACACATGT-1,-0.03824660672548359
CXCR3-,MS,MS60249_CSF,GSM4104126_GAGTCCGCATTCCTGC-1,-0.10056797643315316
CXCR3+,MS,MS60249_CSF,GSM4104126_GAGTCCGGTCTGATCA-1,-0.10056797643315316
CXCR3+,MS,MS60249_CSF,GSM4104126_GAGTCCGGTGTTGGGA-1,-0.2306688126227439
CXCR3+,MS,MS60249_CSF,GSM4104126_GAGTCCGTCCGCATAA-1,0.08140941821349786
CXCR3-,MS,MS60249_CSF,GSM4104126_GATCGATAGGTGGGTT-1,-0.5675902759116705
CXCR3-,MS,MS60249_CSF,GSM4104126_GATCGATCATTCGACA-1,-0.10056797643315316
CXCR3-,MS,MS60249_CSF,GSM4104126_GATCGATGTAAGTGTA-1,-0.0905421275958747
CXCR3+,MS,MS60249_CSF,GSM4104126_GATCGATGTGGTCCGT-1,0.155861760991142
CXCR3-,MS,MS60249_CSF,GSM4104126_GATCGATGTTCCAACA-1,0.16269054973971558
CXCR3-,MS,MS60249_CSF,GSM4104126_GATCGATTCGAGAGCA-1,-0.10056797643315316
CXCR3-,MS,MS60249_CSF,GSM4104126_GATCGCGAGGCTCATT-1,-0.004755988006027177
CXCR3+,MS,MS60249_CSF,GSM4104126_GATCGCGGTTGAGGTG-1,0.08872692157507456
CXCR3-,MS,MS60249_CSF,GSM4104126_GATCGTAAGATCGGGT-1,0.2360350024135485
CXCR3-,MS,MS60249_CSF,GSM4104126_GATCGTAAGTCCCACG-1,0.305954611094024
CXCR3+,MS,MS60249_CSF,GSM4104126_GATCGTACAAATCCGT-1,-0.3612152767457548
CXCR3+,MS,MS60249_CSF,GSM4104126_GATCGTAGTGTGAAAT-1,-0.10056797643315316
CXCR3-,MS,MS60249_CSF,GSM4104126_GATCTAGAGGAGTAGA-1,-0.10056797643315316
CXCR3+,MS,MS60249_CSF,GSM4104126_GATCTAGCAGCGAACA-1,-0.10056797643315316
CXCR3+,MS,MS60249_CSF,GSM4104126_GATCTAGCATCTACGA-1,0.3212442850358587
CXCR3+,MS,MS60249_CSF,GSM4104126_GATCTAGCATGCCACG-1,-0.07852412568078063
CXCR3-,MS,MS60249_CSF,GSM4104126_GATCTAGCATTCCTCG-1,0.2834789702041399
CXCR3-,MS,MS60249_CSF,GSM4104126_GATGAAAGTTCGAATC-1,-0.10056797643315316
CXCR3-,MS,MS60249_CSF,GSM4104126_GATGAAATCCGCAGTG-1,-0.10056797643315316
CXCR3+,MS,MS60249_CSF,GSM4104126_GATGAGGAGAACAATC-1,0.20390651768169174
CXCR3-,MS,MS60249_CSF,GSM4104126_GATGAGGGTGGTCCGT-1,0.22660369765989546
CXCR3-,MS,MS60249_CSF,GSM4104126_GATGAGGTCTAACCGA-1,-0.33377821956873316
CXCR3+,MS,MS60249_CSF,GSM4104126_GATGCTAAGAGCAATT-1,0.19177794482434746
CXCR3-,MS,MS60249_CSF,GSM4104126_GATGCTAGTGTATGGG-1,0.13291707631378996
CXCR3-,MS,MS60249_CSF,GSM4104126_GATTCAGAGTTCGCAT-1,-0.10056797643315316
CXCR3-,MS,MS60249_CSF,GSM4104126_GATTCAGTCCAAACAC-1,0.00043670405796495234
CXCR3-,MS,MS60249_CSF,GSM4104126_GCAAACTAGTCATCCA-1,-0.10056797643315316
CXCR3+,MS,MS60249_CSF,GSM4104126_GCAAACTGTCTAGCGC-1,0.41620112575799606
CXCR3+,MS,MS60249_CSF,GSM4104126_GCAAACTGTTTGCATG-1,-0.2373192755685752
CXCR3+,MS,MS60249_CSF,GSM4104126_GCAATCAAGAATGTTG-1,-0.0788263601996014
CXCR3-,MS,MS60249_CSF,GSM4104126_GCAATCAGTACAGCAG-1,-0.23729705413729876
CXCR3+,MS,MS60249_CSF,GSM4104126_GCACTCTAGGAATGGA-1,-0.10056797643315316
CXCR3-,MS,MS60249_CSF,GSM4104126_GCACTCTTCCCTGACT-1,-0.10056797643315316
CXCR3-,MS,MS60249_CSF,GSM4104126_GCAGCCACATTGGTAC-1,0.3805646689026963
CXCR3+,MS,MS60249_CSF,GSM4104126_GCAGCCAGTCCAACTA-1,-0.10056797643315316
CXCR3-,MS,MS60249_CSF,GSM4104126_GCAGCCATCCACTCCA-1,0.06337839577308613
CXCR3-,MS,MS60249_CSF,GSM4104126_GCAGTTATCACATACG-1,-0.10056797643315316
CXCR3-,MS,MS60249_CSF,GSM4104126_GCAGTTATCAGCGACC-1,-0.3758644822956443
CXCR3+,MS,MS60249_CSF,GSM4104126_GCAGTTATCCCTTGCA-1,-0.24706480094846123
CXCR3+,MS,MS60249_CSF,GSM4104126_GCATACAGTTGCGTTA-1,0.21156391487624424
CXCR3-,MS,MS60249_CSF,GSM4104126_GCATACATCGACAGCC-1,-0.10056797643315316
CXCR3-,MS,MS60249_CSF,GSM4104126_GCATGATAGAAGCCCA-1,0.2580468241181059
CXCR3-,MS,MS60249_CSF,GSM4104126_GCATGATAGAGGTAGA-1,-0.10056797643315316
CXCR3-,MS,MS60249_CSF,GSM4104126_GCATGATCAACACCTA-1,-0.45123171854013566
CXCR3-,MS,MS60249_CSF,GSM4104126_GCATGATTCCTCGCAT-1,0.20807516189093958
CXCR3+,MS,MS60249_CSF,GSM4104126_GCATGCGCACACTGCG-1,-0.19742587243955073
CXCR3-,MS,MS60249_CSF,GSM4104126_GCATGCGCACATCCAA-1,0.027678504955752217
CXCR3-,MS,MS60249_CSF,GSM4104126_GCATGCGCACGGTAGA-1,0.08764582493613766
CXCR3+,MS,MS60249_CSF,GSM4104126_GCATGCGGTGGCCCTA-1,-0.17793262870811613
CXCR3-,MS,MS60249_CSF,GSM4104126_GCATGTACAGGATCGA-1,-0.10056797643315316
CXCR3-,MS,MS60249_CSF,GSM4104126_GCATGTAGTTTGGCGC-1,-0.10056797643315316
CXCR3+,MS,MS60249_CSF,GSM4104126_GCCAAATCACGTTGGC-1,0.2341390079648335
CXCR3+,MS,MS60249_CSF,GSM4104126_GCCAAATGTCGTTGTA-1,-0.10056797643315316
CXCR3+,MS,MS60249_CSF,GSM4104126_GCCAAATTCACCACCT-1,-0.10056797643315316
CXCR3-,MS,MS60249_CSF,GSM4104126_GCCTCTAAGGGTGTGT-1,0.19910147236724715
CXCR3+,MS,MS60249_CSF,GSM4104126_GCCTCTAGTACAGTTC-1,-0.10056797643315316
CXCR3-,MS,MS60249_CSF,GSM4104126_GCCTCTATCCGAATGT-1,-0.4367705308604606
CXCR3-,MS,MS60249_CSF,GSM4104126_GCGACCACAAACCTAC-1,-0.10056797643315316
CXCR3-,MS,MS60249_CSF,GSM4104126_GCGACCAGTCAATACC-1,0.07368191674540416
CXCR3+,MS,MS60249_CSF,GSM4104126_GCGACCAGTTGGGACA-1,0.036048083918287524
CXCR3+,MS,MS60249_CSF,GSM4104126_GCGACCATCTCGATGA-1,-0.284145715380328
CXCR3+,MS,MS60249_CSF,GSM4104126_GCGAGAACAGCTGTGC-1,-0.22188608613226604
CXCR3-,MS,MS60249_CSF,GSM4104126_GCGAGAAGTTCCATGA-1,0.6602336054829744
CXCR3-,MS,MS60249_CSF,GSM4104126_GCGAGAATCGATCCCT-1,-0.10056797643315316
CXCR3-,MS,MS60249_CSF,GSM4104126_GCGAGAATCGGTCTAA-1,-0.28495324611367445
CXCR3-,MS,MS60249_CSF,GSM4104126_GCGCAACCACGTCAGC-1,-0.2750727994436978
CXCR3+,MS,MS60249_CSF,GSM4104126_GCGCAGTGTCAAAGCG-1,-0.32442361981247203
CXCR3+,MS,MS60249_CSF,GSM4104126_GCGCAGTTCAGAGACG-1,-0.10056797643315316
CXCR3+,MS,MS60249_CSF,GSM4104126_GCGCCAATCGGAGCAA-1,-0.14120364445583145
CXCR3+,MS,MS60249_CSF,GSM4104126_GCGCCAATCGTGTAGT-1,-0.10056797643315316
CXCR3-,MS,MS60249_CSF,GSM4104126_GCGCGATAGGACTGGT-1,0.3960207735492694
CXCR3-,MS,MS60249_CSF,GSM4104126_GCGCGATAGTTCGATC-1,-0.10056797643315316
CXCR3+,MS,MS60249_CSF,GSM4104126_GCGCGATCAAACAACA-1,0.10946409349080928
CXCR3+,MS,MS60249_CSF,GSM4104126_GCGCGATTCAGGCCCA-1,0.03523527282769004
CXCR3+,MS,MS60249_CSF,GSM4104126_GCGGGTTCAGCCAGAA-1,-0.10056797643315316
CXCR3+,MS,MS60249_CSF,GSM4104126_GCGGGTTCATGTCCTC-1,-0.10056797643315316
CXCR3-,MS,MS60249_CSF,GSM4104126_GCGGGTTGTCCTAGCG-1,-0.26591880992561595
CXCR3-,MS,MS60249_CSF,GSM4104126_GCGGGTTGTGGTAACG-1,0.39113912810569607
CXCR3+,MS,MS60249_CSF,GSM4104126_GCTCCTAAGTGGAGTC-1,-0.006846087788010705
CXCR3-,MS,MS60249_CSF,GSM4104126_GCTCCTAGTAACGTTC-1,-0.6735645083481581
CXCR3+,MS,MS60249_CSF,GSM4104126_GCTCCTAGTCGAAAGC-1,-0.001262587628537418
CXCR3-,MS,MS60249_CSF,GSM4104126_GCTCCTAGTTATCGGT-1,-0.10056797643315316
CXCR3-,MS,MS60249_CSF,GSM4104126_GCTCCTATCTCCGGTT-1,-0.10056797643315316
CXCR3-,MS,MS60249_CSF,GSM4104126_GCTCTGTCAGTTCCCT-1,0.05581102374372178
CXCR3+,MS,MS60249_CSF,GSM4104126_GCTCTGTCATGACGGA-1,0.19688993683785924
CXCR3-,MS,MS60249_CSF,GSM4104126_GCTGCAGAGGACAGAA-1,-0.10056797643315316
CXCR3-,MS,MS60249_CSF,GSM4104126_GCTGCAGAGTCTCGGC-1,-0.10056797643315316
CXCR3-,MS,MS60249_CSF,GSM4104126_GCTGCAGTCAGCGATT-1,0.31912603259930633
CXCR3-,MS,MS60249_CSF,GSM4104126_GCTGCGACAGCTTCGG-1,-0.10056797643315316
CXCR3-,MS,MS60249_CSF,GSM4104126_GCTGCTTTCATAACCG-1,0.23215059974593893
CXCR3-,MS,MS60249_CSF,GSM4104126_GCTGGGTGTTTGGGCC-1,0.01561827982554693
CXCR3+,MS,MS60249_CSF,GSM4104126_GCTGGGTTCACCATAG-1,-0.10056797643315316
CXCR3-,MS,MS60249_CSF,GSM4104126_GCTGGGTTCTTACCGC-1,-0.10056797643315316
CXCR3-,MS,MS60249_CSF,GSM4104126_GCTTCCACAATACGCT-1,-0.10056797643315316
CXCR3-,MS,MS60249_CSF,GSM4104126_GCTTCCACATGTAGTC-1,-0.10056797643315316
CXCR3+,MS,MS60249_CSF,GSM4104126_GCTTCCAGTAGTGAAT-1,0.3726847725578834
CXCR3-,MS,MS60249_CSF,GSM4104126_GCTTCCATCTTGCCGT-1,-0.10056797643315316
CXCR3-,MS,MS60249_CSF,GSM4104126_GCTTGAAAGAGGGATA-1,-0.3029816193009885
CXCR3+,MS,MS60249_CSF,GSM4104126_GCTTGAAAGAGTCTGG-1,-0.10056797643315316
CXCR3+,MS,MS60249_CSF,GSM4104126_GCTTGAAAGCCTCGTG-1,0.33590254492937216
CXCR3-,MS,MS60249_CSF,GSM4104126_GCTTGAAAGCTGCCCA-1,-0.10056797643315316
CXCR3-,MS,MS60249_CSF,GSM4104126_GGAAAGCAGCCGCCTA-1,-0.10056797643315316
CXCR3+,MS,MS60249_CSF,GSM4104126_GGAAAGCAGCCTCGTG-1,-0.04324509898016272
CXCR3-,MS,MS60249_CSF,GSM4104126_GGAAAGCTCATCGATG-1,-0.455672274601792
CXCR3-,MS,MS60249_CSF,GSM4104126_GGAACTTAGGTGGGTT-1,-0.29071684612404197
CXCR3-,MS,MS60249_CSF,GSM4104126_GGAACTTGTGCACTTA-1,-0.10056797643315316
CXCR3+,MS,MS60249_CSF,GSM4104126_GGAATAAAGGATGGTC-1,0.14537732637826364
CXCR3-,MS,MS60249_CSF,GSM4104126_GGAATAAAGTAGTGCG-1,-0.10056797643315316
CXCR3-,MS,MS60249_CSF,GSM4104126_GGACAAGCAAACCTAC-1,-0.10056797643315316
CXCR3+,MS,MS60249_CSF,GSM4104126_GGACAAGCAGATTGCT-1,-0.10056797643315316
CXCR3+,MS,MS60249_CSF,GSM4104126_GGACAAGGTGCACGAA-1,-0.10056797643315316
CXCR3+,MS,MS60249_CSF,GSM4104126_GGACAGAAGAATGTTG-1,0.23291879818844402
CXCR3+,MS,MS60249_CSF,GSM4104126_GGACAGAAGGACACCA-1,0.29190104015740476
CXCR3+,MS,MS60249_CSF,GSM4104126_GGACAGAGTACCGCTG-1,0.16722087478568096
CXCR3-,MS,MS60249_CSF,GSM4104126_GGACAGATCTGAGTGT-1,-0.10056797643315316
CXCR3+,MS,MS60249_CSF,GSM4104126_GGACAGATCTTGCAAG-1,0.23296188323559425
CXCR3+,MS,MS60249_CSF,GSM4104126_GGACATTTCGGGAGTA-1,0.001011194697192384
CXCR3+,MS,MS60249_CSF,GSM4104126_GGAGCAAAGCTAGCCC-1,-0.41194501366128683
CXCR3-,MS,MS60249_CSF,GSM4104126_GGATGTTTCGCATGGC-1,-0.10056797643315316
CXCR3-,MS,MS60249_CSF,GSM4104126_GGATGTTTCGCGGATC-1,-0.10056797643315316
CXCR3+,MS,MS60249_CSF,GSM4104126_GGATGTTTCTAACTGG-1,-0.2319897576013907
CXCR3-,MS,MS60249_CSF,GSM4104126_GGATTACCAAAGGCGT-1,0.47518547475986317
CXCR3+,MS,MS60249_CSF,GSM4104126_GGCAATTAGATATACG-1,0.20000322337543594
CXCR3+,MS,MS60249_CSF,GSM4104126_GGCAATTGTGACCAAG-1,-0.3712647189081141
CXCR3+,MS,MS60249_CSF,GSM4104126_GGCAATTGTGGTAACG-1,-0.23342985527944202
CXCR3-,MS,MS60249_CSF,GSM4104126_GGCAATTTCTTGACGA-1,-0.10056797643315316
CXCR3-,MS,MS60249_CSF,GSM4104126_GGCCGATAGACTTTCG-1,-0.10056797643315316
CXCR3+,MS,MS60249_CSF,GSM4104126_GGCCGATTCTGCAAGT-1,0.289588609956254
CXCR3+,MS,MS60249_CSF,GSM4104126_GGCGACTAGAGGGATA-1,-0.10056797643315316
CXCR3+,MS,MS60249_CSF,GSM4104126_GGCGACTGTCTGGTCG-1,-0.10056797643315316
CXCR3+,MS,MS60249_CSF,GSM4104126_GGCGTGTCAAGACACG-1,-0.30107010590970557
CXCR3+,MS,MS60249_CSF,GSM4104126_GGCGTGTCACCAGGTC-1,-0.21566755196513618
CXCR3+,MS,MS60249_CSF,GSM4104126_GGCGTGTCAGGCTCAC-1,-0.10056797643315316
CXCR3-,MS,MS60249_CSF,GSM4104126_GGCGTGTGTTGGTTTG-1,-0.10056797643315316
CXCR3+,MS,MS60249_CSF,GSM4104126_GGCTCGACATACTACG-1,-0.20085383633695536
CXCR3+,MS,MS60249_CSF,GSM4104126_GGCTCGATCTATGTGG-1,0.1312062097603348
CXCR3-,MS,MS60249_CSF,GSM4104126_GGCTGGTAGCGTAGTG-1,-0.10056797643315316
CXCR3+,MS,MS60249_CSF,GSM4104126_GGCTGGTAGGACATTA-1,-0.10056797643315316
CXCR3-,MS,MS60249_CSF,GSM4104126_GGCTGGTTCAGGTTCA-1,0.0009038156421472225
CXCR3+,MS,MS60249_CSF,GSM4104126_GGGAATGGTCTAGCCG-1,-0.014576205305188201
CXCR3-,MS,MS60249_CSF,GSM4104126_GGGACCTAGGTGATAT-1,-0.41945059409564817
CXCR3-,MS,MS60249_CSF,GSM4104126_GGGACCTAGGTGATTA-1,-0.10056797643315316
CXCR3-,MS,MS60249_CSF,GSM4104126_GGGACCTAGTGCTGCC-1,-0.10056797643315316
CXCR3+,MS,MS60249_CSF,GSM4104126_GGGACCTCAAGACGTG-1,0.49060639330926487
CXCR3+,MS,MS60249_CSF,GSM4104126_GGGACCTCATCCCATC-1,-0.23367846581136203
CXCR3-,MS,MS60249_CSF,GSM4104126_GGGACCTGTTAGAACA-1,-0.10056797643315316
CXCR3-,MS,MS60249_CSF,GSM4104126_GGGAGATTCGGAAATA-1,-0.3072336329272822
CXCR3-,MS,MS60249_CSF,GSM4104126_GGGATGAGTTATCCGA-1,-0.24597877109275482
CXCR3+,MS,MS60249_CSF,GSM4104126_GGGATGATCGGAGGTA-1,-0.12086029831041155
CXCR3-,MS,MS60249_CSF,GSM4104126_GGGCACTAGAAAGTGG-1,-0.10056797643315316
CXCR3-,MS,MS60249_CSF,GSM4104126_GGGCACTAGTGAACGC-1,0.32067317469627443
CXCR3-,MS,MS60249_CSF,GSM4104126_GGGCACTTCAACACCA-1,-0.10056797643315316
CXCR3+,MS,MS60249_CSF,GSM4104126_GGGCATCCACAACTGT-1,0.1649979657738007
CXCR3+,MS,MS60249_CSF,GSM4104126_GGGCATCCATCATCCC-1,0.385424704616074
CXCR3-,MS,MS60249_CSF,GSM4104126_GGGCATCCATGTTGAC-1,-0.30297245314588944
CXCR3-,MS,MS60249_CSF,GSM4104126_GGGCATCGTAGAAGGA-1,-0.10056797643315316
CXCR3+,MS,MS60249_CSF,GSM4104126_GGGTCTGAGCTAAACA-1,-0.10056797643315316
CXCR3-,MS,MS60249_CSF,GSM4104126_GGGTCTGAGCTCAACT-1,0.10713331842746494
CXCR3-,MS,MS60249_CSF,GSM4104126_GGGTCTGAGGCTACGA-1,-0.08846578538464488
CXCR3+,MS,MS60249_CSF,GSM4104126_GGGTCTGAGGGAGTAA-1,0.15250318314551795
CXCR3+,MS,MS60249_CSF,GSM4104126_GGGTCTGCACGGTGTC-1,-0.30717054356244383
CXCR3-,MS,MS60249_CSF,GSM4104126_GGGTCTGTCAACCATG-1,-0.31109306427267264
CXCR3-,MS,MS60249_CSF,GSM4104126_GGGTCTGTCCAGGGCT-1,-0.10056797643315316
CXCR3+,MS,MS60249_CSF,GSM4104126_GGGTTGCCAGATGGGT-1,-0.10056797643315316
CXCR3+,MS,MS60249_CSF,GSM4104126_GGTATTGCATGCTGGC-1,-0.10056797643315316
CXCR3-,MS,MS60249_CSF,GSM4104126_GGTATTGGTTCACGGC-1,0.25712686353796566
CXCR3+,MS,MS60249_CSF,GSM4104126_GGTATTGTCACTTCAT-1,-0.10056797643315316
CXCR3+,MS,MS60249_CSF,GSM4104126_GGTGAAGTCTCTAGGA-1,0.33013511097407955
CXCR3-,MS,MS60249_CSF,GSM4104126_GGTGCGTAGGCTCTTA-1,0.019939633078177636
CXCR3-,MS,MS60249_CSF,GSM4104126_GGTGCGTGTCAAAGAT-1,0.27532524188453417
CXCR3-,MS,MS60249_CSF,GSM4104126_GGTGCGTGTCAATACC-1,0.36116529219181853
CXCR3+,MS,MS60249_CSF,GSM4104126_GGTGCGTTCACAGGCC-1,-0.19490413330854153
CXCR3-,MS,MS60249_CSF,GSM4104126_GGTGCGTTCACAGTAC-1,0.2254384840490388
CXCR3+,MS,MS60249_CSF,GSM4104126_GGTGCGTTCCCTTGTG-1,0.13860966909949274
CXCR3+,MS,MS60249_CSF,GSM4104126_GGTGCGTTCTTCATGT-1,-0.10056797643315316
CXCR3+,MS,MS60249_CSF,GSM4104126_GGTGTTATCATTGCCC-1,-0.10056797643315316
CXCR3+,MS,MS60249_CSF,GSM4104126_GTAACGTCAAGGACTG-1,-0.10056797643315316
CXCR3-,MS,MS60249_CSF,GSM4104126_GTAACGTGTTACAGAA-1,-0.10056797643315316
CXCR3+,MS,MS60249_CSF,GSM4104126_GTAACTGGTCTAAACC-1,-0.10056797643315316
CXCR3+,MS,MS60249_CSF,GSM4104126_GTACGTAAGTTCGCGC-1,0.19354565347955546
CXCR3+,MS,MS60249_CSF,GSM4104126_GTACGTAGTCGTTGTA-1,0.049975133064582566
CXCR3-,MS,MS60249_CSF,GSM4104126_GTACTCCAGAAGATTC-1,-0.10056797643315316
CXCR3-,MS,MS60249_CSF,GSM4104126_GTACTCCAGTTAACGA-1,-0.10056797643315316
CXCR3-,MS,MS60249_CSF,GSM4104126_GTACTCCCAATGACCT-1,-0.10056797643315316
CXCR3-,MS,MS60249_CSF,GSM4104126_GTACTTTCACCAGGTC-1,-0.10056797643315316
CXCR3+,MS,MS60249_CSF,GSM4104126_GTACTTTGTGTAATGA-1,0.03243659604643835
CXCR3-,MS,MS60249_CSF,GSM4104126_GTAGGCCGTTAAAGTG-1,-0.10056797643315316
CXCR3-,MS,MS60249_CSF,GSM4104126_GTAGTCAAGCGCTTAT-1,-0.10056797643315316
CXCR3-,MS,MS60249_CSF,GSM4104126_GTAGTCAAGTCCGTAT-1,-0.10056797643315316
CXCR3+,MS,MS60249_CSF,GSM4104126_GTAGTCAGTATCTGCA-1,-0.10056797643315316
CXCR3-,MS,MS60249_CSF,GSM4104126_GTAGTCATCACGATGT-1,-0.4055828917836422
CXCR3+,MS,MS60249_CSF,GSM4104126_GTAGTCATCAGCAACT-1,-0.07170533930305656
CXCR3+,MS,MS60249_CSF,GSM4104126_GTCAAGTAGCTAGGCA-1,-0.003782376936348023
CXCR3-,MS,MS60249_CSF,GSM4104126_GTCAAGTGTCCGCTGA-1,-0.10056797643315316
CXCR3-,MS,MS60249_CSF,GSM4104126_GTCAAGTGTCTCACCT-1,-0.10056797643315316
CXCR3+,MS,MS60249_CSF,GSM4104126_GTCAAGTTCCTCAATT-1,-0.2307021874069251
CXCR3-,MS,MS60249_CSF,GSM4104126_GTCACAAAGAGTGAGA-1,-0.10056797643315316
CXCR3+,MS,MS60249_CSF,GSM4104126_GTCACAAGTTCGTCTC-1,-0.10056797643315316
CXCR3-,MS,MS60249_CSF,GSM4104126_GTCACGGCACAACTGT-1,-0.32690665658087364
CXCR3+,MS,MS60249_CSF,GSM4104126_GTCATTTAGTCGTTTG-1,-0.06952236466061913
CXCR3-,MS,MS60249_CSF,GSM4104126_GTCATTTGTGTTGGGA-1,0.048607365343619056
CXCR3+,MS,MS60249_CSF,GSM4104126_GTCCTCAAGAAGATTC-1,0.06593038190672441
CXCR3+,MS,MS60249_CSF,GSM4104126_GTCCTCACACTGCCAG-1,-0.06275062033577501
CXCR3+,MS,MS60249_CSF,GSM4104126_GTCCTCACATGCTAGT-1,0.48196400037242226
CXCR3+,MS,MS60249_CSF,GSM4104126_GTCCTCAGTAAATGTG-1,-0.10117025556337847
CXCR3+,MS,MS60249_CSF,GSM4104126_GTCCTCATCCAATGGT-1,0.10929525946821812
CXCR3-,MS,MS60249_CSF,GSM4104126_GTCCTCATCCTTTCTC-1,-0.10056797643315316
CXCR3-,MS,MS60249_CSF,GSM4104126_GTCGGGTCACCCAGTG-1,0.1064099535091649
CXCR3+,MS,MS60249_CSF,GSM4104126_GTCGGGTCATAGAAAC-1,-0.107939967847396
CXCR3+,MS,MS60249_CSF,GSM4104126_GTCGGGTGTCTGCGGT-1,0.047809004109970514
CXCR3-,MS,MS60249_CSF,GSM4104126_GTCGGGTTCGCTTGTC-1,0.054842167254056794
CXCR3+,MS,MS60249_CSF,GSM4104126_GTCGGGTTCTTTACAC-1,-0.11920728371255244
CXCR3-,MS,MS60249_CSF,GSM4104126_GTCTCGTAGATCCCAT-1,-0.10056797643315316
CXCR3-,MS,MS60249_CSF,GSM4104126_GTCTCGTTCCACGACG-1,-0.10056797643315316
CXCR3+,MS,MS60249_CSF,GSM4104126_GTCTCGTTCTGCAGTA-1,0.23504223054776494
CXCR3-,MS,MS60249_CSF,GSM4104126_GTCTTCGCACTAGTAC-1,-0.08748169074507746
CXCR3-,MS,MS60249_CSF,GSM4104126_GTCTTCGCAGGTTTCA-1,0.2036548765006779
CXCR3+,MS,MS60249_CSF,GSM4104126_GTCTTCGTCGATAGAA-1,0.23618150570681376
CXCR3-,MS,MS60249_CSF,GSM4104126_GTGAAGGCAGGCAGTA-1,-0.10056797643315316
CXCR3+,MS,MS60249_CSF,GSM4104126_GTGAAGGGTGAGGCTA-1,0.09925501622498424
CXCR3-,MS,MS60249_CSF,GSM4104126_GTGAAGGTCTAACTTC-1,-0.10056797643315316
CXCR3-,MS,MS60249_CSF,GSM4104126_GTGAAGGTCTGCGGCA-1,-0.10056797643315316
CXCR3-,MS,MS60249_CSF,GSM4104126_GTGCAGCGTGCAGACA-1,-0.10056797643315316
CXCR3-,MS,MS60249_CSF,GSM4104126_GTGCAGCGTGGTACAG-1,-0.10056797643315316
CXCR3+,MS,MS60249_CSF,GSM4104126_GTGCAGCTCGAATGGG-1,-0.10056797643315316
CXCR3-,MS,MS60249_CSF,GSM4104126_GTGCATACACCTGGTG-1,-0.10056797643315316
CXCR3+,MS,MS60249_CSF,GSM4104126_GTGCGGTAGACAAGCC-1,0.6848219794919744
CXCR3-,MS,MS60249_CSF,GSM4104126_GTGCGGTCAGCCAGAA-1,-0.3324102442870001
CXCR3-,MS,MS60249_CSF,GSM4104126_GTGCGGTTCTGAGTGT-1,-0.23714180964835455
CXCR3+,MS,MS60249_CSF,GSM4104126_GTGCTTCCAGTATAAG-1,0.49880795046140397
CXCR3+,MS,MS60249_CSF,GSM4104126_GTGCTTCTCATAGCAC-1,-0.3017563732743519
CXCR3-,MS,MS60249_CSF,GSM4104126_GTGTGCGAGCAGCGTA-1,-0.14782380367185172
CXCR3+,MS,MS60249_CSF,GSM4104126_GTGTGCGCATAGACTC-1,-0.10056797643315316
CXCR3-,MS,MS60249_CSF,GSM4104126_GTGTTAGCATTCTTAC-1,-0.10056797643315316
CXCR3+,MS,MS60249_CSF,GSM4104126_GTGTTAGTCATGCTCC-1,-0.3007859630179736
CXCR3+,MS,MS60249_CSF,GSM4104126_GTGTTAGTCGAATCCA-1,-0.21784924287983093
CXCR3-,MS,MS60249_CSF,GSM4104126_GTTAAGCCACATGTGT-1,0.20805073192768558
CXCR3+,MS,MS60249_CSF,GSM4104126_GTTACAGAGATTACCC-1,-0.014985452135543269
CXCR3+,MS,MS60249_CSF,GSM4104126_GTTACAGTCTGCTGTC-1,-0.1144717159124036
CXCR3-,MS,MS60249_CSF,GSM4104126_GTTCATTCATGCCACG-1,0.2600575358966094
CXCR3-,MS,MS60249_CSF,GSM4104126_GTTCATTTCTGCCAGG-1,-0.10056797643315316
CXCR3+,MS,MS60249_CSF,GSM4104126_GTTCGGGAGTAGGCCA-1,-0.15284020952444188
CXCR3+,MS,MS60249_CSF,GSM4104126_GTTCGGGGTATCGCAT-1,0.36747817273211897
CXCR3-,MS,MS60249_CSF,GSM4104126_GTTCGGGTCCGAATGT-1,-0.10056797643315316
CXCR3-,MS,MS60249_CSF,GSM4104126_GTTCTCGAGTCCCACG-1,0.18403177934583884
CXCR3+,MS,MS60249_CSF,GSM4104126_GTTCTCGGTCGTGGCT-1,-0.10056797643315316
CXCR3+,MS,MS60249_CSF,GSM4104126_GTTCTCGGTCTTGATG-1,0.22398367763302376
CXCR3-,MS,MS60249_CSF,GSM4104126_GTTCTCGTCAACGGGA-1,0.26173718551498426
CXCR3+,MS,MS60249_CSF,GSM4104126_GTTTCTAAGCTTATCG-1,-0.22949738968901082
CXCR3-,MS,MS60249_CSF,GSM4104126_GTTTCTAAGTTATCGC-1,-0.10056797643315316
CXCR3-,MS,MS60249_CSF,GSM4104126_GTTTCTACATGGTCTA-1,-0.029724519188767926
CXCR3+,MS,MS60249_CSF,GSM4104126_GTTTCTAGTCTAGTGT-1,0.12889891786649593
CXCR3-,MS,MS60249_CSF,GSM4104126_TAAACCGAGTCGTACT-1,-0.10056797643315316
CXCR3+,MS,MS60249_CSF,GSM4104126_TAAACCGTCAGCTCTC-1,0.0545423257234221
CXCR3+,MS,MS60249_CSF,GSM4104126_TAAGAGAAGCTAGCCC-1,-0.10056797643315316
CXCR3-,MS,MS60249_CSF,GSM4104126_TAAGAGAAGCTAGTTC-1,-0.2546222027900941
CXCR3-,MS,MS60249_CSF,GSM4104126_TAAGAGACAATGTTGC-1,-0.3024488922526625
CXCR3+,MS,MS60249_CSF,GSM4104126_TAAGAGATCTCTTGAT-1,-0.11318541035500874
CXCR3+,MS,MS60249_CSF,GSM4104126_TAAGTGCCAGTTAACC-1,-0.3395225882417615
CXCR3-,MS,MS60249_CSF,GSM4104126_TAAGTGCGTCACCCAG-1,-0.5338774026440462
CXCR3+,MS,MS60249_CSF,GSM4104126_TAAGTGCGTCCGCTGA-1,0.3109951211287028
CXCR3+,MS,MS60249_CSF,GSM4104126_TACACGAGTGCGAAAC-1,0.06355999048578
CXCR3-,MS,MS60249_CSF,GSM4104126_TACAGTGAGCTCCCAG-1,-0.10056797643315316
CXCR3+,MS,MS60249_CSF,GSM4104126_TACCTATAGGAACTGC-1,-0.10056797643315316
CXCR3-,MS,MS60249_CSF,GSM4104126_TACCTATAGGAATTAC-1,-0.10056797643315316
CXCR3+,MS,MS60249_CSF,GSM4104126_TACCTATCATTTCAGG-1,0.08579194372279755
CXCR3+,MS,MS60249_CSF,GSM4104126_TACCTATTCATGTGGT-1,0.20927476616500587
CXCR3+,MS,MS60249_CSF,GSM4104126_TACCTTATCGAACTGT-1,-0.23285071143014013
CXCR3-,MS,MS60249_CSF,GSM4104126_TACCTTATCGAGCCCA-1,0.09612920337398315
CXCR3-,MS,MS60249_CSF,GSM4104126_TACCTTATCGCCATAA-1,-0.04103786739554251
CXCR3+,MS,MS60249_CSF,GSM4104126_TACGGATCAATAACGA-1,-0.10056797643315316
CXCR3+,MS,MS60249_CSF,GSM4104126_TACGGATGTAGAAAGG-1,0.029742860563448627
CXCR3-,MS,MS60249_CSF,GSM4104126_TACGGATGTTCAGCGC-1,-0.18617360669494762
CXCR3+,MS,MS60249_CSF,GSM4104126_TACGGGCAGGGTGTTG-1,0.23710942945056437
CXCR3-,MS,MS60249_CSF,GSM4104126_TACGGGCGTACATCCA-1,-0.10056797643315316
CXCR3+,MS,MS60249_CSF,GSM4104126_TACGGGCGTCTAACGT-1,-0.10056797643315316
CXCR3+,MS,MS60249_CSF,GSM4104126_TACGGGCGTTATTCTC-1,-0.3118099551433509
CXCR3-,MS,MS60249_CSF,GSM4104126_TACGGGCGTTGTGGAG-1,0.0989709419754454
CXCR3-,MS,MS60249_CSF,GSM4104126_TACGGGCTCTAACCGA-1,0.008651046545633359
CXCR3-,MS,MS60249_CSF,GSM4104126_TACGGTACACCAGATT-1,0.3239108207633526
CXCR3+,MS,MS60249_CSF,GSM4104126_TACGGTAGTAGCGATG-1,-0.10056797643315316
CXCR3-,MS,MS60249_CSF,GSM4104126_TACGGTAGTCCGTCAG-1,-0.2759706056192823
CXCR3+,MS,MS60249_CSF,GSM4104126_TACTCATAGAGGTTGC-1,-0.2967014853318238
CXCR3-,MS,MS60249_CSF,GSM4104126_TACTCATCATTCCTCG-1,0.16052132197043037
CXCR3-,MS,MS60249_CSF,GSM4104126_TACTCATCATTTGCTT-1,-0.838388648672365
CXCR3+,MS,MS60249_CSF,GSM4104126_TACTCATGTTGGTAAA-1,-0.10056797643315316
CXCR3+,MS,MS60249_CSF,GSM4104126_TACTCATTCACGCGGT-1,-0.18781378489361414
CXCR3-,MS,MS60249_CSF,GSM4104126_TACTCGCAGCGTAGTG-1,-0.10056797643315316
CXCR3+,MS,MS60249_CSF,GSM4104126_TACTCGCAGCTAAACA-1,0.10791392958476313
CXCR3-,MS,MS60249_CSF,GSM4104126_TACTCGCGTCTAGGTT-1,0.28226285970927584
CXCR3+,MS,MS60249_CSF,GSM4104126_TACTTACAGAGTACAT-1,0.1098509978390382
CXCR3+,MS,MS60249_CSF,GSM4104126_TACTTACAGCGAAGGG-1,-0.7292045305174285
CXCR3-,MS,MS60249_CSF,GSM4104126_TACTTGTCAGGAATCG-1,0.18293127646722437
CXCR3-,MS,MS60249_CSF,GSM4104126_TACTTGTGTCAATGTC-1,0.3261995305813617
CXCR3+,MS,MS60249_CSF,GSM4104126_TACTTGTTCTTCGGTC-1,0.49617277408072163
CXCR3+,MS,MS60249_CSF,GSM4104126_TAGACCACAAGCCGCT-1,-0.09344332771610937
CXCR3+,MS,MS60249_CSF,GSM4104126_TAGAGCTGTATATCCG-1,-0.06045431239260383
CXCR3-,MS,MS60249_CSF,GSM4104126_TAGAGCTTCAGTCAGT-1,-0.10056797643315316
CXCR3+,MS,MS60249_CSF,GSM4104126_TAGGCATAGATCTGAA-1,0.04220802817974274
CXCR3-,MS,MS60249_CSF,GSM4104126_TAGGCATCAATCTGCA-1,-0.10056797643315316
CXCR3-,MS,MS60249_CSF,GSM4104126_TAGGCATCAGATGGCA-1,-0.10056797643315316
CXCR3-,MS,MS60249_CSF,GSM4104126_TAGGCATGTCCCGACA-1,-0.10056797643315316
CXCR3-,MS,MS60249_CSF,GSM4104126_TAGGCATGTTCGTGAT-1,-0.10056797643315316
CXCR3-,MS,MS60249_CSF,GSM4104126_TAGTGGTAGACTACAA-1,-0.10056797643315316
CXCR3-,MS,MS60249_CSF,GSM4104126_TAGTGGTCATTAGCCA-1,-0.10056797643315316
CXCR3+,MS,MS60249_CSF,GSM4104126_TAGTGGTGTAGCGCTC-1,-0.3920159579819331
CXCR3-,MS,MS60249_CSF,GSM4104126_TAGTTGGAGGGAACGG-1,-0.10056797643315316
CXCR3-,MS,MS60249_CSF,GSM4104126_TAGTTGGCAGACGCAA-1,-0.293790940810878
CXCR3-,MS,MS60249_CSF,GSM4104126_TAGTTGGGTAAAGGAG-1,-0.2014267588333987
CXCR3-,MS,MS60249_CSF,GSM4104126_TAGTTGGGTCAGAGGT-1,0.37060410522050186
CXCR3+,MS,MS60249_CSF,GSM4104126_TAGTTGGGTCCGACGT-1,0.12269337329247576
CXCR3+,MS,MS60249_CSF,GSM4104126_TAGTTGGGTTATCACG-1,0.10643475804263226
CXCR3-,MS,MS60249_CSF,GSM4104126_TATCAGGAGCGCTCCA-1,0.09574404221865282
CXCR3-,MS,MS60249_CSF,GSM4104126_TATCAGGAGTTCGCGC-1,-0.10056797643315316
CXCR3-,MS,MS60249_CSF,GSM4104126_TATCAGGCACTTCTGC-1,-0.29171478933308065
CXCR3-,MS,MS60249_CSF,GSM4104126_TATCAGGGTTGAGTTC-1,-0.10056797643315316
CXCR3-,MS,MS60249_CSF,GSM4104126_TATCAGGTCACCTCGT-1,-0.10056797643315316
CXCR3-,MS,MS60249_CSF,GSM4104126_TATCAGGTCAGTTGAC-1,0.03790322249315196
CXCR3-,MS,MS60249_CSF,GSM4104126_TATCTCAAGAGCCCAA-1,-0.10056797643315316
CXCR3+,MS,MS60249_CSF,GSM4104126_TATCTCAAGTTACGGG-1,-0.2102175512530934
CXCR3-,MS,MS60249_CSF,GSM4104126_TATCTCACAGACAGGT-1,-0.10056797643315316
CXCR3+,MS,MS60249_CSF,GSM4104126_TATGCCCAGAGAGCTC-1,0.05521815192654084
CXCR3-,MS,MS60249_CSF,GSM4104126_TATGCCCAGCGAGAAA-1,0.15815251044175088
CXCR3-,MS,MS60249_CSF,GSM4104126_TATGCCCCATCCGTGG-1,-0.31054362733942936
CXCR3+,MS,MS60249_CSF,GSM4104126_TATGCCCCATGCCCGA-1,0.3816931044385753
CXCR3+,MS,MS60249_CSF,GSM4104126_TATGCCCGTAGCTTGT-1,-0.1940841084391334
CXCR3-,MS,MS60249_CSF,GSM4104126_TATGCCCTCGACAGCC-1,-0.10056797643315316
CXCR3-,MS,MS60249_CSF,GSM4104126_TATTACCCACTTAACG-1,0.05388819583167871
CXCR3+,MS,MS60249_CSF,GSM4104126_TATTACCTCACCTTAT-1,-0.10056797643315316
CXCR3+,MS,MS60249_CSF,GSM4104126_TCAACGAAGGAGTCTG-1,-0.48721172911987376
CXCR3+,MS,MS60249_CSF,GSM4104126_TCAACGAAGTGAAGAG-1,-0.10805314188720953
CXCR3+,MS,MS60249_CSF,GSM4104126_TCAACGAGTATTCGTG-1,-0.10056797643315316
CXCR3+,MS,MS60249_CSF,GSM4104126_TCAACGAGTCCATGAT-1,0.36518818454628904
CXCR3+,MS,MS60249_CSF,GSM4104126_TCAACGAGTGGCCCTA-1,0.24697837278344523
CXCR3-,MS,MS60249_CSF,GSM4104126_TCAACGATCCTCTAGC-1,-0.10056797643315316
CXCR3+,MS,MS60249_CSF,GSM4104126_TCAATCTCAGTCCTTC-1,-0.10056797643315316
CXCR3-,MS,MS60249_CSF,GSM4104126_TCAATCTTCATTGCCC-1,0.21169744126069162
CXCR3-,MS,MS60249_CSF,GSM4104126_TCACGAACAGATCCAT-1,0.1782787012467279
CXCR3+,MS,MS60249_CSF,GSM4104126_TCAGATGCACGACGAA-1,-0.1249693762280636
CXCR3-,MS,MS60249_CSF,GSM4104126_TCAGATGGTACCGGCT-1,-0.10056797643315316
CXCR3-,MS,MS60249_CSF,GSM4104126_TCAGATGTCCTCCTAG-1,0.24027456117433207
CXCR3-,MS,MS60249_CSF,GSM4104126_TCAGCAATCATCATTC-1,-0.10056797643315316
CXCR3-,MS,MS60249_CSF,GSM4104126_TCAGCAATCATGGTCA-1,-0.10056797643315316
CXCR3-,MS,MS60249_CSF,GSM4104126_TCAGCTCCACCTTGTC-1,-0.10056797643315316
CXCR3+,MS,MS60249_CSF,GSM4104126_TCAGCTCCACGGACAA-1,-0.10056797643315316
CXCR3+,MS,MS60249_CSF,GSM4104126_TCAGCTCCACTAGTAC-1,-0.03241868036444868
CXCR3-,MS,MS60249_CSF,GSM4104126_TCAGCTCCAGCTGCAC-1,0.14182311419796767
CXCR3-,MS,MS60249_CSF,GSM4104126_TCAGGATGTAGCCTAT-1,-0.10056797643315316
CXCR3-,MS,MS60249_CSF,GSM4104126_TCAGGATTCCGCTGTT-1,0.3834225827301335
CXCR3-,MS,MS60249_CSF,GSM4104126_TCAGGTAGTTAAGGGC-1,-0.10056797643315316
CXCR3+,MS,MS60249_CSF,GSM4104126_TCATTACGTACCGAGA-1,0.003297301272254075
CXCR3+,MS,MS60249_CSF,GSM4104126_TCATTACTCGCTTGTC-1,0.013347883152769675
CXCR3+,MS,MS60249_CSF,GSM4104126_TCATTTGAGAGACTAT-1,0.20071770081837484
CXCR3-,MS,MS60249_CSF,GSM4104126_TCATTTGCACAACGCC-1,-0.10056797643315316
CXCR3-,MS,MS60249_CSF,GSM4104126_TCATTTGTCGCATGGC-1,-0.10056797643315316
CXCR3+,MS,MS60249_CSF,GSM4104126_TCCCGATAGGATGGTC-1,-0.26558824997754227
CXCR3-,MS,MS60249_CSF,GSM4104126_TCCCGATAGTATTGGA-1,-0.10056797643315316
CXCR3-,MS,MS60249_CSF,GSM4104126_TCCCGATAGTTTAGGA-1,-0.10056797643315316
CXCR3+,MS,MS60249_CSF,GSM4104126_TCGAGGCAGACACGAC-1,-0.2893192736584868
CXCR3-,MS,MS60249_CSF,GSM4104126_TCGAGGCTCACGCATA-1,-0.3192235071540604
CXCR3-,MS,MS60249_CSF,GSM4104126_TCGCGAGAGCGAGAAA-1,-0.10056797643315316
CXCR3-,MS,MS60249_CSF,GSM4104126_TCGCGAGTCGCAAGCC-1,0.12396517860717526
CXCR3+,MS,MS60249_CSF,GSM4104126_TCGCGTTAGATCCCGC-1,-0.10056797643315316
CXCR3-,MS,MS60249_CSF,GSM4104126_TCGCGTTGTATGAAAC-1,-0.2665496000945689
CXCR3-,MS,MS60249_CSF,GSM4104126_TCGCGTTGTTCCATGA-1,-0.10056797643315316
CXCR3-,MS,MS60249_CSF,GSM4104126_TCGTACCAGTGGGCTA-1,-0.619333294399971
CXCR3+,MS,MS60249_CSF,GSM4104126_TCGTACCGTTCCATGA-1,0.021816633354683805
CXCR3+,MS,MS60249_CSF,GSM4104126_TCGTAGAAGCAGGCTA-1,-0.027602860827841073
CXCR3-,MS,MS60249_CSF,GSM4104126_TCGTAGAAGGTGGGTT-1,-0.10056797643315316
CXCR3-,MS,MS60249_CSF,GSM4104126_TCGTAGACAGCCTTTC-1,-0.10056797643315316
CXCR3+,MS,MS60249_CSF,GSM4104126_TCGTAGACAGTAAGCG-1,-0.30698718773599165
CXCR3+,MS,MS60249_CSF,GSM4104126_TCGTAGACATCGACGC-1,0.1274166688958008
CXCR3-,MS,MS60249_CSF,GSM4104126_TCTATTGGTCCATCCT-1,0.10467002498970866
CXCR3+,MS,MS60249_CSF,GSM4104126_TCTATTGTCTACCAGA-1,0.05571576286556251
CXCR3-,MS,MS60249_CSF,GSM4104126_TCTCATAAGGTACTCT-1,-0.10056797643315316
CXCR3-,MS,MS60249_CSF,GSM4104126_TCTCATACACATCCAA-1,0.3385648199658285
CXCR3+,MS,MS60249_CSF,GSM4104126_TCTCATAGTTCGCTAA-1,-0.10056797643315316
CXCR3+,MS,MS60249_CSF,GSM4104126_TCTCTAAAGCCACGCT-1,-0.10056797643315316
CXCR3+,MS,MS60249_CSF,GSM4104126_TCTCTAAGTAAAGTCA-1,0.17009901654485007
CXCR3-,MS,MS60249_CSF,GSM4104126_TCTCTAAGTGTTGAGG-1,-0.10056797643315316
CXCR3-,MS,MS60249_CSF,GSM4104126_TCTGAGAAGAGGTTAT-1,-0.10056797643315316
CXCR3+,MS,MS60249_CSF,GSM4104126_TCTGAGAAGAGTCGGT-1,0.02941743295984098
CXCR3+,MS,MS60249_CSF,GSM4104126_TCTGAGAAGATGCCTT-1,0.08281659118716404
CXCR3-,MS,MS60249_CSF,GSM4104126_TCTGAGACAGCTGCTG-1,0.006057014357405085
CXCR3-,MS,MS60249_CSF,GSM4104126_TCTGAGATCTGTCAAG-1,-0.04337670665605819
CXCR3-,MS,MS60249_CSF,GSM4104126_TCTGGAAGTAATCGTC-1,-0.10056797643315316
CXCR3-,MS,MS60249_CSF,GSM4104126_TCTGGAAGTTCCCTTG-1,-0.29370042874530256
CXCR3+,MS,MS60249_CSF,GSM4104126_TCTGGAATCCCATTAT-1,0.00803950922173184
CXCR3-,MS,MS60249_CSF,GSM4104126_TCTTCGGCATGCCACG-1,0.5979378683031814
CXCR3-,MS,MS60249_CSF,GSM4104126_TCTTCGGGTCAGAATA-1,-0.10056797643315316
CXCR3-,MS,MS60249_CSF,GSM4104126_TCTTCGGTCTAACTCT-1,-0.10056797643315316
CXCR3+,MS,MS60249_CSF,GSM4104126_TCTTTCCCAAGGTTTC-1,-0.10056797643315316
CXCR3-,MS,MS60249_CSF,GSM4104126_TCTTTCCGTGGGTCAA-1,-0.10056797643315316
CXCR3-,MS,MS60249_CSF,GSM4104126_TGAAAGAGTGCCTTGG-1,0.2225439841827431
CXCR3-,MS,MS60249_CSF,GSM4104126_TGAAAGATCCTCGCAT-1,-0.10056797643315316
CXCR3+,MS,MS60249_CSF,GSM4104126_TGAAAGATCTTCGGTC-1,-0.5808245501468107
CXCR3-,MS,MS60249_CSF,GSM4104126_TGACAACAGAAGGGTA-1,0.1813690412126834
CXCR3-,MS,MS60249_CSF,GSM4104126_TGACAACAGATGTTAG-1,-0.25447540738051944
CXCR3+,MS,MS60249_CSF,GSM4104126_TGACAACAGCAGCGTA-1,0.1460604084420983
CXCR3-,MS,MS60249_CSF,GSM4104126_TGACAACCATCTACGA-1,-0.06627212566026881
CXCR3-,MS,MS60249_CSF,GSM4104126_TGACTAGGTAGGCTGA-1,-0.10056797643315316
CXCR3-,MS,MS60249_CSF,GSM4104126_TGACTTTAGTCCTCCT-1,0.1638691583956975
CXCR3-,MS,MS60249_CSF,GSM4104126_TGACTTTGTTGGTAAA-1,0.6485552838910799
CXCR3+,MS,MS60249_CSF,GSM4104126_TGACTTTTCAGTGCAT-1,0.01250963838047135
CXCR3-,MS,MS60249_CSF,GSM4104126_TGACTTTTCTGCGTAA-1,0.08002511516632307
CXCR3+,MS,MS60249_CSF,GSM4104126_TGACTTTTCTTGTTTG-1,0.5405281177232192
CXCR3-,MS,MS60249_CSF,GSM4104126_TGAGCATCATGTCTCC-1,0.051179840090361695
CXCR3+,MS,MS60249_CSF,GSM4104126_TGAGCATGTCGTCTTC-1,-0.004955249782494017
CXCR3+,MS,MS60249_CSF,GSM4104126_TGAGCATGTTTGCATG-1,0.4104290232094137
CXCR3+,MS,MS60249_CSF,GSM4104126_TGAGCATTCGGACAAG-1,-0.2997159499844934
CXCR3-,MS,MS60249_CSF,GSM4104126_TGAGCCGCAATGGTCT-1,-0.10056797643315316
CXCR3-,MS,MS60249_CSF,GSM4104126_TGAGCCGTCTTACCTA-1,0.22029336187928372
CXCR3+,MS,MS60249_CSF,GSM4104126_TGAGGGAAGGACGAAA-1,-0.1967217011746336
CXCR3+,MS,MS60249_CSF,GSM4104126_TGAGGGACATGCATGT-1,0.022508916352654458
CXCR3-,MS,MS60249_CSF,GSM4104126_TGATTTCAGTGGACGT-1,-0.10056797643315316
CXCR3+,MS,MS60249_CSF,GSM4104126_TGATTTCCAATGTTGC-1,-0.38594427803400005
CXCR3+,MS,MS60249_CSF,GSM4104126_TGCACCTTCCAGTATG-1,-0.1687373944495389
CXCR3-,MS,MS60249_CSF,GSM4104126_TGCCAAATCGAACGGA-1,-0.10056797643315316
CXCR3+,MS,MS60249_CSF,GSM4104126_TGCCAAATCGGCTTGG-1,0.05938001839072228
CXCR3-,MS,MS60249_CSF,GSM4104126_TGCCAAATCTCGGACG-1,-0.10056797643315316
CXCR3+,MS,MS60249_CSF,GSM4104126_TGCCCATGTGGTACAG-1,0.2348667659416834
CXCR3+,MS,MS60249_CSF,GSM4104126_TGCCCATTCCTCAATT-1,0.21297222233877525
CXCR3+,MS,MS60249_CSF,GSM4104126_TGCCCATTCGGTTAAC-1,0.12545828087398442
CXCR3-,MS,MS60249_CSF,GSM4104126_TGCCCATTCTTGTTTG-1,-0.28085896796550214
CXCR3-,MS,MS60249_CSF,GSM4104126_TGCCCTAAGGAACTGC-1,-0.10056797643315316
CXCR3-,MS,MS60249_CSF,GSM4104126_TGCGCAGCACCACCAG-1,0.3630808603294627
CXCR3-,MS,MS60249_CSF,GSM4104126_TGCGCAGTCAGCACAT-1,-0.10056797643315316
CXCR3+,MS,MS60249_CSF,GSM4104126_TGCGCAGTCCTAGAAC-1,-0.017599333011060037
CXCR3+,MS,MS60249_CSF,GSM4104126_TGCGGGTAGAATCTCC-1,0.32551458426393615
CXCR3+,MS,MS60249_CSF,GSM4104126_TGCGGGTGTCAGGACA-1,-0.06471772419079048
CXCR3+,MS,MS60249_CSF,GSM4104126_TGCGTGGAGAAGATTC-1,-0.10056797643315316
CXCR3+,MS,MS60249_CSF,GSM4104126_TGCGTGGAGTTAGCGG-1,-0.28051376608016226
CXCR3-,MS,MS60249_CSF,GSM4104126_TGCGTGGTCCGCAGTG-1,0.8944677568813961
CXCR3+,MS,MS60249_CSF,GSM4104126_TGCGTGGTCCGTAGGC-1,-0.017064491008842664
CXCR3+,MS,MS60249_CSF,GSM4104126_TGCTACCCACCGCTAG-1,0.03332197597420237
CXCR3-,MS,MS60249_CSF,GSM4104126_TGCTACCCACTCAGGC-1,-0.27958962518695935
CXCR3-,MS,MS60249_CSF,GSM4104126_TGCTACCGTGAACCTT-1,0.06520930269390438
CXCR3-,MS,MS60249_CSF,GSM4104126_TGCTACCTCAACACTG-1,0.3037706781089123
CXCR3+,MS,MS60249_CSF,GSM4104126_TGCTGCTGTATATGAG-1,-0.10056797643315316
CXCR3-,MS,MS60249_CSF,GSM4104126_TGCTGCTGTATATGGA-1,-0.10056797643315316
CXCR3-,MS,MS60249_CSF,GSM4104126_TGCTGCTGTCAAGCGA-1,-0.10056797643315316
CXCR3-,MS,MS60249_CSF,GSM4104126_TGCTGCTGTCTCATCC-1,-0.10056797643315316
CXCR3+,MS,MS60249_CSF,GSM4104126_TGCTGCTGTTGGTAAA-1,-0.05531592142051448
CXCR3-,MS,MS60249_CSF,GSM4104126_TGCTGCTTCCTTAATC-1,-0.10056797643315316
CXCR3+,MS,MS60249_CSF,GSM4104126_TGCTGCTTCGACAGCC-1,-0.12584117648882834
CXCR3-,MS,MS60249_CSF,GSM4104126_TGGACGCCACACCGCA-1,-0.10056797643315316
CXCR3+,MS,MS60249_CSF,GSM4104126_TGGACGCGTCAGATAA-1,-0.0035193948680677218
CXCR3-,MS,MS60249_CSF,GSM4104126_TGGACGCTCTGTGCAA-1,-0.10056797643315316
CXCR3-,MS,MS60249_CSF,GSM4104126_TGGCCAGAGGAGTTTA-1,-0.3017563732743519
CXCR3-,MS,MS60249_CSF,GSM4104126_TGGCCAGGTGCATCTA-1,-0.10056797643315316
CXCR3-,MS,MS60249_CSF,GSM4104126_TGGCCAGTCAGCTCTC-1,-0.3002209205528767
CXCR3+,MS,MS60249_CSF,GSM4104126_TGGCGCAAGAGACTAT-1,-0.4025749919413094
CXCR3-,MS,MS60249_CSF,GSM4104126_TGGCGCAAGTGAACGC-1,0.10860394858369672
CXCR3-,MS,MS60249_CSF,GSM4104126_TGGCTGGGTGTATGGG-1,-0.10056797643315316
CXCR3-,MS,MS60249_CSF,GSM4104126_TGGCTGGGTTTCCACC-1,-0.10056797643315316
CXCR3+,MS,MS60249_CSF,GSM4104126_TGGGAAGGTAAGGATT-1,-0.10056797643315316
CXCR3-,MS,MS60249_CSF,GSM4104126_TGGGCGTCATGTAAGA-1,-0.10056797643315316
CXCR3-,MS,MS60249_CSF,GSM4104126_TGGGCGTGTAAAGTCA-1,-0.46755164889078854
CXCR3+,MS,MS60249_CSF,GSM4104126_TGGGCGTGTCCATCCT-1,0.3960924272203682
CXCR3+,MS,MS60249_CSF,GSM4104126_TGGTTAGCAAGTCTAC-1,0.19491188467673495
CXCR3-,MS,MS60249_CSF,GSM4104126_TGGTTAGGTTAGGGTG-1,-0.10056797643315316
CXCR3-,MS,MS60249_CSF,GSM4104126_TGGTTAGTCTGCTTGC-1,-0.1342464772831378
CXCR3-,MS,MS60249_CSF,GSM4104126_TGGTTAGTCTTACCTA-1,-0.247746743888618
CXCR3+,MS,MS60249_CSF,GSM4104126_TGGTTCCAGAGTAATC-1,0.20231526622940715
CXCR3-,MS,MS60249_CSF,GSM4104126_TGGTTCCCACGGATAG-1,-0.10056797643315316
CXCR3+,MS,MS60249_CSF,GSM4104126_TGGTTCCTCCATTCTA-1,0.08546502457047059
CXCR3-,MS,MS60249_CSF,GSM4104126_TGGTTCCTCCCTGACT-1,0.2528640042213069
CXCR3+,MS,MS60249_CSF,GSM4104126_TGTATTCCAGAGTGTG-1,-0.20646643402479367
CXCR3-,MS,MS60249_CSF,GSM4104126_TGTATTCTCTGTCAAG-1,-0.10056797643315316
CXCR3+,MS,MS60249_CSF,GSM4104126_TGTCCCACACGGCGTT-1,0.26183418828236543
CXCR3-,MS,MS60249_CSF,GSM4104126_TGTCCCACATTCCTGC-1,-0.10056797643315316
CXCR3+,MS,MS60249_CSF,GSM4104126_TGTCCCAGTTAAAGTG-1,-0.10056797643315316
CXCR3-,MS,MS60249_CSF,GSM4104126_TGTGGTATCCAAACTG-1,-0.10056797643315316
CXCR3+,MS,MS60249_CSF,GSM4104126_TGTGTTTAGGCTAGGT-1,-0.34060261446347795
CXCR3-,MS,MS60249_CSF,GSM4104126_TGTGTTTCATCTATGG-1,-0.10056797643315316
CXCR3+,MS,MS60249_CSF,GSM4104126_TGTTCCGAGCCACGCT-1,0.03113371058179876
CXCR3-,MS,MS60249_CSF,GSM4104126_TGTTCCGAGGGTATCG-1,-0.10056797643315316
CXCR3-,MS,MS60249_CSF,GSM4104126_TGTTCCGCAATCACAC-1,-0.10056797643315316
CXCR3+,MS,MS60249_CSF,GSM4104126_TTAACTCGTCTGCCAG-1,0.24711719419452097
CXCR3-,MS,MS60249_CSF,GSM4104126_TTAGGACAGTGAACGC-1,-0.10056797643315316
CXCR3+,MS,MS60249_CSF,GSM4104126_TTAGGACCAATGGAGC-1,-0.2770280449185129
CXCR3+,MS,MS60249_CSF,GSM4104126_TTAGGACGTAGCCTAT-1,-0.10056797643315316
CXCR3-,MS,MS60249_CSF,GSM4104126_TTAGGACTCACCATAG-1,-0.10056797643315316
CXCR3+,MS,MS60249_CSF,GSM4104126_TTAGGCAAGCCTTGAT-1,-0.2764160330928597
CXCR3-,MS,MS60249_CSF,GSM4104126_TTAGTTCTCTGTCAAG-1,0.20326880238770068
CXCR3+,MS,MS60249_CSF,GSM4104126_TTATGCTAGATCGGGT-1,-0.44745473737116476
CXCR3+,MS,MS60249_CSF,GSM4104126_TTATGCTGTTGTACAC-1,-0.22906803861943922
CXCR3+,MS,MS60249_CSF,GSM4104126_TTATGCTTCTCCCTGA-1,-0.3473241873821354
CXCR3+,MS,MS60249_CSF,GSM4104126_TTCCCAGTCATATCGG-1,-0.10056797643315316
CXCR3+,MS,MS60249_CSF,GSM4104126_TTCGAAGCACCAGATT-1,-0.44115598886485863
CXCR3+,MS,MS60249_CSF,GSM4104126_TTCGGTCAGGCTCATT-1,0.13279182729151937
CXCR3+,MS,MS60249_CSF,GSM4104126_TTCGGTCCACACTGCG-1,0.2861290621572342
CXCR3-,MS,MS60249_CSF,GSM4104126_TTCGGTCTCCAGAAGG-1,0.2146822076724704
CXCR3-,MS,MS60249_CSF,GSM4104126_TTCTACACATCGGGTC-1,-1.350964764925423
CXCR3+,MS,MS60249_CSF,GSM4104126_TTCTCAATCCAACCAA-1,0.22242182546865724
CXCR3-,MS,MS60249_CSF,GSM4104126_TTCTCAATCTATGTGG-1,0.3933955172667745
CXCR3-,MS,MS60249_CSF,GSM4104126_TTCTCCTAGAAGGCCT-1,0.20680599871169555
CXCR3+,MS,MS60249_CSF,GSM4104126_TTCTCCTTCCCATTAT-1,-0.10056797643315316
CXCR3-,MS,MS60249_CSF,GSM4104126_TTCTTAGAGTTGTAGA-1,-0.10056797643315316
CXCR3+,MS,MS60249_CSF,GSM4104126_TTCTTAGCATCTCGCT-1,-0.3475873034931599
CXCR3-,MS,MS60249_CSF,GSM4104126_TTGAACGCAAGTTCTG-1,-0.10056797643315316
CXCR3+,MS,MS60249_CSF,GSM4104126_TTGAACGCATAGGATA-1,0.25491280068976285
CXCR3+,MS,MS60249_CSF,GSM4104126_TTGAACGGTGAGGGTT-1,-0.26871059391637725
CXCR3+,MS,MS60249_CSF,GSM4104126_TTGACTTAGCCGATTT-1,-0.004598595603847614
CXCR3-,MS,MS60249_CSF,GSM4104126_TTGACTTAGTCAAGCG-1,-0.10056797643315316
CXCR3+,MS,MS60249_CSF,GSM4104126_TTGACTTGTACTCAAC-1,-0.16582996174127942
CXCR3-,MS,MS60249_CSF,GSM4104126_TTGACTTGTGTGAAAT-1,-0.10056797643315316
CXCR3-,MS,MS60249_CSF,GSM4104126_TTGCCGTAGGTTCCTA-1,-0.10056797643315316
CXCR3-,MS,MS60249_CSF,GSM4104126_TTGCGTCCAGTGAGTG-1,-0.10056797643315316
CXCR3-,MS,MS60249_CSF,GSM4104126_TTGCGTCGTGGTCTCG-1,0.3416835032579783
CXCR3+,MS,MS60249_CSF,GSM4104126_TTGGAACAGATCCTGT-1,0.4237082591072464
CXCR3-,MS,MS60249_CSF,GSM4104126_TTGGAACCACCATGTA-1,-0.6766021220638372
CXCR3+,MS,MS60249_CSF,GSM4104126_TTGGAACTCGTTGCCT-1,-0.23709298940026383
CXCR3-,MS,MS60249_CSF,GSM4104126_TTGGCAAAGGCTATCT-1,0.41077050412139177
CXCR3+,MS,MS60249_CSF,GSM4104126_TTGGCAACAGGTTTCA-1,-0.10056797643315316
CXCR3-,MS,MS60249_CSF,GSM4104126_TTGGCAAGTCACCCAG-1,0.1261200239142835
CXCR3-,MS,MS60249_CSF,GSM4104126_TTGTAGGAGTAATCCC-1,-0.10056797643315316
CXCR3-,MS,MS60249_CSF,GSM4104126_TTGTAGGTCAACGCTA-1,-0.4647073164742168
CXCR3-,MS,MS60249_CSF,GSM4104126_TTGTAGGTCATCACCC-1,0.3208610810201944
CXCR3+,MS,MS60249_CSF,GSM4104126_TTTACTGCAAGGTGTG-1,0.2693397265568595
CXCR3+,MS,MS60249_CSF,GSM4104126_TTTACTGCAATAGCAA-1,-0.10056797643315316
CXCR3-,MS,MS60249_CSF,GSM4104126_TTTACTGTCGTGGGAA-1,-0.10056797643315316
CXCR3+,MS,MS60249_CSF,GSM4104126_TTTATGCTCAGCTCTC-1,0.15112086043288078
CXCR3-,MS,MS60249_CSF,GSM4104126_TTTGCGCCATGCCCGA-1,-0.07139249043559852
CXCR3+,MS,MS60249_CSF,GSM4104126_TTTGGTTGTCACCTAA-1,0.3071807494560745
CXCR3-,MS,MS60249_CSF,GSM4104126_TTTGGTTGTCCATCCT-1,-0.22754782714405897
CXCR3-,MS,MS60249_CSF,GSM4104126_TTTGGTTGTTGATTGC-1,-0.10056797643315316
CXCR3-,MS,MS60249_CSF,GSM4104126_TTTGTCAAGTGAACGC-1,-0.2598535695559486
CXCR3+,MS,MS71658_CSF,GSM4104124_AAAGATGTCCTTGCCA-1,0.3446803098053259
CXCR3-,MS,MS71658_CSF,GSM4104124_AACGTTGTCTTGTTTG-1,0.05870430381017385
CXCR3-,MS,MS71658_CSF,GSM4104124_AACTCAGAGGAGCGTT-1,-0.4554642847108442
CXCR3-,MS,MS71658_CSF,GSM4104124_AACTCCCGTGTGTGCC-1,-0.10056797643315316
CXCR3-,MS,MS71658_CSF,GSM4104124_AACTTTCAGAAGGACA-1,-0.10056797643315316
CXCR3+,MS,MS71658_CSF,GSM4104124_AAGACCTAGTGCGTGA-1,-0.10056797643315316
CXCR3-,MS,MS71658_CSF,GSM4104124_AAGACCTCAGGGAGAG-1,0.4869939067563306
CXCR3-,MS,MS71658_CSF,GSM4104124_AAGCCGCGTAGAGCTG-1,-0.10056797643315316
CXCR3+,MS,MS71658_CSF,GSM4104124_AAGGAGCGTCCAGTTA-1,-0.10056797643315316
CXCR3+,MS,MS71658_CSF,GSM4104124_AAGGCAGTCCGGCACA-1,-0.10056797643315316
CXCR3-,MS,MS71658_CSF,GSM4104124_AAGTCTGGTCGTCTTC-1,-0.10056797643315316
CXCR3-,MS,MS71658_CSF,GSM4104124_AATCGGTAGTTGAGAT-1,0.17268030728553324
CXCR3-,MS,MS71658_CSF,GSM4104124_ACACCGGTCCTGTACC-1,0.019150724763199598
CXCR3-,MS,MS71658_CSF,GSM4104124_ACACCGGTCGTTTGCC-1,-0.10056797643315316
CXCR3-,MS,MS71658_CSF,GSM4104124_ACACTGACACTCTGTC-1,-0.030827600866459748
CXCR3-,MS,MS71658_CSF,GSM4104124_ACACTGACACTTAAGC-1,-0.40303558618106955
CXCR3-,MS,MS71658_CSF,GSM4104124_ACAGCCGGTTTACTCT-1,-0.10056797643315316
CXCR3+,MS,MS71658_CSF,GSM4104124_ACAGCTATCGAGAGCA-1,-0.35047541247115577
CXCR3-,MS,MS71658_CSF,GSM4104124_ACATCAGCATCTCCCA-1,-0.10056797643315316
CXCR3-,MS,MS71658_CSF,GSM4104124_ACATCAGTCACCTTAT-1,0.5529146908508034
CXCR3-,MS,MS71658_CSF,GSM4104124_ACATCAGTCTCGCTTG-1,-0.05517706757433934
CXCR3-,MS,MS71658_CSF,GSM4104124_ACATGGTAGCCGATTT-1,-0.10056797643315316
CXCR3-,MS,MS71658_CSF,GSM4104124_ACCAGTATCCGTCAAA-1,-0.10056797643315316
CXCR3+,MS,MS71658_CSF,GSM4104124_ACCGTAATCGACGGAA-1,0.23626960705612804
CXCR3-,MS,MS71658_CSF,GSM4104124_ACCGTAATCGTGGACC-1,-0.10056797643315316
CXCR3-,MS,MS71658_CSF,GSM4104124_ACGAGCCAGATTACCC-1,-0.10056797643315316
CXCR3-,MS,MS71658_CSF,GSM4104124_ACGAGGAGTTGGTAAA-1,-0.10056797643315316
CXCR3-,MS,MS71658_CSF,GSM4104124_ACGCCAGAGCGATCCC-1,-0.10056797643315316
CXCR3-,MS,MS71658_CSF,GSM4104124_ACGCCAGCAGGGTTAG-1,-0.10056797643315316
CXCR3-,MS,MS71658_CSF,GSM4104124_ACGCCAGGTAGCACGA-1,-0.10056797643315316
CXCR3-,MS,MS71658_CSF,GSM4104124_ACGGCCACAGAAGCAC-1,-0.10056797643315316
CXCR3+,MS,MS71658_CSF,GSM4104124_ACGGGTCCACGTAAGG-1,-0.10056797643315316
CXCR3-,MS,MS71658_CSF,GSM4104124_ACGTCAAAGAGTAATC-1,-0.10056797643315316
CXCR3-,MS,MS71658_CSF,GSM4104124_ACTGAACAGATCTGCT-1,0.01983876543971427
CXCR3+,MS,MS71658_CSF,GSM4104124_ACTGAACCAAGAAAGG-1,-0.10056797643315316
CXCR3-,MS,MS71658_CSF,GSM4104124_ACTGAGTCACATCCAA-1,-0.10056797643315316
CXCR3+,MS,MS71658_CSF,GSM4104124_AGAATAGTCCAAGTAC-1,-0.10056797643315316
CXCR3-,MS,MS71658_CSF,GSM4104124_AGAGCTTTCAACGAAA-1,-0.6642410910319965
CXCR3-,MS,MS71658_CSF,GSM4104124_AGAGTGGCATTACCTT-1,-0.10056797643315316
CXCR3-,MS,MS71658_CSF,GSM4104124_AGATCTGAGAACAATC-1,-0.10056797643315316
CXCR3-,MS,MS71658_CSF,GSM4104124_AGCGTATCACGGATAG-1,-0.10056797643315316
CXCR3-,MS,MS71658_CSF,GSM4104124_AGCGTCGCATCCTTGC-1,-0.214980426766284
CXCR3-,MS,MS71658_CSF,GSM4104124_AGCTCTCCACATCCAA-1,-0.10056797643315316
CXCR3-,MS,MS71658_CSF,GSM4104124_AGGCCGTGTAATCACC-1,-0.10056797643315316
CXCR3-,MS,MS71658_CSF,GSM4104124_AGGCCGTGTACTCAAC-1,-0.10056797643315316
CXCR3+,MS,MS71658_CSF,GSM4104124_AGGCCGTGTTGAGTTC-1,-0.10056797643315316
CXCR3-,MS,MS71658_CSF,GSM4104124_AGGCCGTTCGATGAGG-1,-0.10056797643315316
CXCR3-,MS,MS71658_CSF,GSM4104124_AGGCCGTTCTTGAGGT-1,-0.10056797643315316
CXCR3-,MS,MS71658_CSF,GSM4104124_AGGGTGAGTCATCGGC-1,-0.2832560907165997
CXCR3+,MS,MS71658_CSF,GSM4104124_AGGTCATGTGTCAATC-1,-0.4864057178722469
CXCR3-,MS,MS71658_CSF,GSM4104124_AGGTCATTCCAAACAC-1,-0.10056797643315316
CXCR3-,MS,MS71658_CSF,GSM4104124_AGGTCCGCATAGAAAC-1,0.22424326500148942
CXCR3-,MS,MS71658_CSF,GSM4104124_AGTAGTCCACAGGAGT-1,-0.10056797643315316
CXCR3-,MS,MS71658_CSF,GSM4104124_AGTGGGATCTTGGGTA-1,-0.3858622364524029
CXCR3+,MS,MS71658_CSF,GSM4104124_AGTGTCACATTCTTAC-1,-0.10056797643315316
CXCR3-,MS,MS71658_CSF,GSM4104124_ATCATGGAGGTAAACT-1,0.21362408152701612
CXCR3-,MS,MS71658_CSF,GSM4104124_ATCCGAAGTATTACCG-1,-0.2671863128448879
CXCR3-,MS,MS71658_CSF,GSM4104124_ATCCGAATCACTCTTA-1,-0.10056797643315316
CXCR3-,MS,MS71658_CSF,GSM4104124_ATCCGAATCAGTTGAC-1,-0.10056797643315316
CXCR3-,MS,MS71658_CSF,GSM4104124_ATCTGCCCAGAAGCAC-1,-0.4154441599343741
CXCR3-,MS,MS71658_CSF,GSM4104124_ATGAGGGAGACGCTTT-1,0.12203628177969869
CXCR3-,MS,MS71658_CSF,GSM4104124_ATGAGGGTCGCTAGCG-1,-0.3200671660758148
CXCR3-,MS,MS71658_CSF,GSM4104124_ATGCGATAGCGTCTAT-1,0.07413700584195018
CXCR3-,MS,MS71658_CSF,GSM4104124_ATGCGATAGGTACTCT-1,-0.4074163291449756
CXCR3-,MS,MS71658_CSF,GSM4104124_ATGGGAGCACCACGTG-1,-0.10056797643315316
CXCR3-,MS,MS71658_CSF,GSM4104124_ATGGGAGCATTGTGCA-1,-0.10056797643315316
CXCR3+,MS,MS71658_CSF,GSM4104124_ATTCTACAGGCTAGCA-1,-0.10056797643315316
CXCR3-,MS,MS71658_CSF,GSM4104124_ATTCTACCAACGATCT-1,-0.10056797643315316
CXCR3-,MS,MS71658_CSF,GSM4104124_ATTGGTGCAAACGCGA-1,-0.1931668133965941
CXCR3-,MS,MS71658_CSF,GSM4104124_ATTTCTGCATGCCTTC-1,-0.10056797643315316
CXCR3+,MS,MS71658_CSF,GSM4104124_CAACCAAAGACAAAGG-1,-0.14936666828372416
CXCR3-,MS,MS71658_CSF,GSM4104124_CAACCAACACATTTCT-1,-0.10056797643315316
CXCR3-,MS,MS71658_CSF,GSM4104124_CAAGAAAGTGAGGCTA-1,-0.7236104129507873
CXCR3+,MS,MS71658_CSF,GSM4104124_CAAGAAATCTGTCCGT-1,-0.5937293092975162
CXCR3-,MS,MS71658_CSF,GSM4104124_CAAGATCCAATCTACG-1,0.8552827849069883
CXCR3-,MS,MS71658_CSF,GSM4104124_CAAGTTGTCGAGGTAG-1,-0.10056797643315316
CXCR3-,MS,MS71658_CSF,GSM4104124_CACACAATCGTCACGG-1,-0.10056797643315316
CXCR3-,MS,MS71658_CSF,GSM4104124_CACATTTCATGGTTGT-1,-0.24453474234554246
CXCR3-,MS,MS71658_CSF,GSM4104124_CACCAGGCATACGCCG-1,-0.10056797643315316
CXCR3+,MS,MS71658_CSF,GSM4104124_CACCTTGGTATAAACG-1,-0.10056797643315316
CXCR3+,MS,MS71658_CSF,GSM4104124_CACTCCAGTTGGTAAA-1,-0.2180500706706134
CXCR3-,MS,MS71658_CSF,GSM4104124_CACTCCATCCCAAGAT-1,-0.10056797643315316
CXCR3-,MS,MS71658_CSF,GSM4104124_CAGAGAGCATCATCCC-1,-0.32903245810425263
CXCR3-,MS,MS71658_CSF,GSM4104124_CAGAGAGCATGAGCGA-1,0.007225111602085531
CXCR3-,MS,MS71658_CSF,GSM4104124_CAGAGAGGTAAGTGTA-1,-0.10056797643315316
CXCR3-,MS,MS71658_CSF,GSM4104124_CAGATCAAGTCCTCCT-1,0.1793623023305189
CXCR3-,MS,MS71658_CSF,GSM4104124_CAGATCATCCCTAATT-1,-0.10056797643315316
CXCR3-,MS,MS71658_CSF,GSM4104124_CAGCGACCATCGATTG-1,-0.10056797643315316
CXCR3-,MS,MS71658_CSF,GSM4104124_CAGCGACTCGTTTATC-1,-0.10056797643315316
CXCR3-,MS,MS71658_CSF,GSM4104124_CAGCTAAAGAAACGCC-1,-0.34180219383776567
CXCR3-,MS,MS71658_CSF,GSM4104124_CAGCTGGCAGATGGCA-1,-0.10056797643315316
CXCR3-,MS,MS71658_CSF,GSM4104124_CAGGTGCGTGTCTGAT-1,-0.10056797643315316
CXCR3-,MS,MS71658_CSF,GSM4104124_CAGTAACGTCCTCTTG-1,0.47808251496677306
CXCR3-,MS,MS71658_CSF,GSM4104124_CAGTCCTAGACTCGGA-1,-0.23458459412968755
CXCR3-,MS,MS71658_CSF,GSM4104124_CATCAAGAGGAGTAGA-1,0.08148382776024661
CXCR3-,MS,MS71658_CSF,GSM4104124_CATCAGACATGGGACA-1,-0.10056797643315316
CXCR3-,MS,MS71658_CSF,GSM4104124_CATCAGAGTCTCTCGT-1,-0.4679027662343357
CXCR3-,MS,MS71658_CSF,GSM4104124_CATCGAACAGGATCGA-1,-0.10056797643315316
CXCR3-,MS,MS71658_CSF,GSM4104124_CATCGGGGTTCCAACA-1,-0.10056797643315316
CXCR3-,MS,MS71658_CSF,GSM4104124_CATCGGGTCTACGAGT-1,-0.10056797643315316
CXCR3-,MS,MS71658_CSF,GSM4104124_CATGACATCATATCGG-1,-0.10056797643315316
CXCR3+,MS,MS71658_CSF,GSM4104124_CATGCCTCACCATGTA-1,-0.10056797643315316
CXCR3+,MS,MS71658_CSF,GSM4104124_CATGCCTCAGGACGTA-1,-0.10056797643315316
CXCR3+,MS,MS71658_CSF,GSM4104124_CATGCCTTCAGCAACT-1,-0.10056797643315316
CXCR3+,MS,MS71658_CSF,GSM4104124_CATGGCGGTCTCTTTA-1,-0.10056797643315316
CXCR3-,MS,MS71658_CSF,GSM4104124_CATGGCGGTGCGATAG-1,-0.45913987847372467
CXCR3-,MS,MS71658_CSF,GSM4104124_CCACCTACAGGCAGTA-1,0.374752538186636
CXCR3-,MS,MS71658_CSF,GSM4104124_CCACGGAAGGATGGAA-1,-0.10056797643315316
CXCR3+,MS,MS71658_CSF,GSM4104124_CCACGGATCAACACAC-1,0.27087554111006373
CXCR3-,MS,MS71658_CSF,GSM4104124_CCAGCGAAGCCACTAT-1,-0.10056797643315316
CXCR3-,MS,MS71658_CSF,GSM4104124_CCATTCGTCTCCAGGG-1,-0.7612282884341087
CXCR3-,MS,MS71658_CSF,GSM4104124_CCCAGTTAGCTAAACA-1,0.2548026091526034
CXCR3-,MS,MS71658_CSF,GSM4104124_CCCAGTTAGTGGGCTA-1,0.1142252664976311
CXCR3-,MS,MS71658_CSF,GSM4104124_CCCAGTTGTGGGTATG-1,-0.23714180964835455
CXCR3+,MS,MS71658_CSF,GSM4104124_CCCTCCTGTTCGTTGA-1,-0.10056797643315316
CXCR3-,MS,MS71658_CSF,GSM4104124_CCGGGATAGATCACGG-1,-0.10056797643315316
CXCR3-,MS,MS71658_CSF,GSM4104124_CCGTACTAGGCCCGTT-1,0.14866743748526176
CXCR3-,MS,MS71658_CSF,GSM4104124_CCGTACTAGTGGTCCC-1,-0.10056797643315316
CXCR3+,MS,MS71658_CSF,GSM4104124_CCGTTCATCTTCCTTC-1,-0.10056797643315316
CXCR3-,MS,MS71658_CSF,GSM4104124_CCTAAAGTCATGCAAC-1,-0.10056797643315316
CXCR3+,MS,MS71658_CSF,GSM4104124_CCTACCAGTAGAGCTG-1,0.6186340376126094
CXCR3-,MS,MS71658_CSF,GSM4104124_CCTAGCTTCAGTCAGT-1,-0.170113920732963
CXCR3-,MS,MS71658_CSF,GSM4104124_CCTTACGCAAACAACA-1,0.15915856254524682
CXCR3+,MS,MS71658_CSF,GSM4104124_CCTTTCTCAAGAGGCT-1,-0.10056797643315316
CXCR3-,MS,MS71658_CSF,GSM4104124_CCTTTCTGTTCCATGA-1,0.16224833490872095
CXCR3+,MS,MS71658_CSF,GSM4104124_CGAATGTAGTATGACA-1,-0.10056797643315316
CXCR3-,MS,MS71658_CSF,GSM4104124_CGACCTTGTCTCTTAT-1,-0.10056797643315316
CXCR3-,MS,MS71658_CSF,GSM4104124_CGACTTCTCCTGCTTG-1,-0.10056797643315316
CXCR3+,MS,MS71658_CSF,GSM4104124_CGATGGCAGTGAAGTT-1,-0.10056797643315316
CXCR3+,MS,MS71658_CSF,GSM4104124_CGATGTAGTGTGCGTC-1,-0.3643581418156868
CXCR3+,MS,MS71658_CSF,GSM4104124_CGCTATCAGCCTTGAT-1,0.2023479249248192
CXCR3-,MS,MS71658_CSF,GSM4104124_CGCTATCTCACCTCGT-1,0.09623561344774953
CXCR3-,MS,MS71658_CSF,GSM4104124_CGCTTCATCAGCCTAA-1,-0.2844740105714654
CXCR3-,MS,MS71658_CSF,GSM4104124_CGGACACTCGTCACGG-1,0.2239867492634985
CXCR3-,MS,MS71658_CSF,GSM4104124_CGGACGTAGGTGCAAC-1,0.24722062256029012
CXCR3-,MS,MS71658_CSF,GSM4104124_CGGACTGTCATGTAGC-1,-0.10056797643315316
CXCR3+,MS,MS71658_CSF,GSM4104124_CGGAGTCCACCAGCAC-1,0.1848716311899214
CXCR3-,MS,MS71658_CSF,GSM4104124_CGGGTCAGTAGATTAG-1,-0.10056797643315316
CXCR3-,MS,MS71658_CSF,GSM4104124_CGGTTAAAGAGACTAT-1,-0.10056797643315316
CXCR3-,MS,MS71658_CSF,GSM4104124_CGTCACTAGCACCGTC-1,-0.10056797643315316
CXCR3-,MS,MS71658_CSF,GSM4104124_CGTCACTCAGGCGATA-1,-0.24986561787927064
CXCR3+,MS,MS71658_CSF,GSM4104124_CGTCAGGCATACTACG-1,-0.10056797643315316
CXCR3-,MS,MS71658_CSF,GSM4104124_CGTCTACTCAGTCCCT-1,-0.10056797643315316
CXCR3-,MS,MS71658_CSF,GSM4104124_CGTGAGCGTGGCAAAC-1,-0.3328068642768068
CXCR3+,MS,MS71658_CSF,GSM4104124_CGTGTAAAGTCCCACG-1,0.27720689434796036
CXCR3-,MS,MS71658_CSF,GSM4104124_CGTGTCTAGGTAGCCA-1,-0.10056797643315316
CXCR3+,MS,MS71658_CSF,GSM4104124_CTAACTTCACCCATTC-1,0.19330337895207103
CXCR3-,MS,MS71658_CSF,GSM4104124_CTACATTCACCCATTC-1,0.6084899181436764
CXCR3-,MS,MS71658_CSF,GSM4104124_CTACATTCATCTATGG-1,0.24455599788538088
CXCR3+,MS,MS71658_CSF,GSM4104124_CTACCCACATGCAATC-1,-0.10056797643315316
CXCR3-,MS,MS71658_CSF,GSM4104124_CTAGCCTAGTATCGAA-1,0.19596060209500146
CXCR3-,MS,MS71658_CSF,GSM4104124_CTCATTACACTCTGTC-1,-0.18825888537978974
CXCR3-,MS,MS71658_CSF,GSM4104124_CTCATTAGTTATCACG-1,-0.02556809999029327
CXCR3-,MS,MS71658_CSF,GSM4104124_CTCCTAGTCCCATTAT-1,-0.29060046555474756
CXCR3+,MS,MS71658_CSF,GSM4104124_CTCGAGGAGACCCACC-1,0.3196039106876536
CXCR3-,MS,MS71658_CSF,GSM4104124_CTCGGAGAGGGAACGG-1,-0.10056797643315316
CXCR3+,MS,MS71658_CSF,GSM4104124_CTCGGAGCAAGCTGTT-1,-0.3055851341090964
CXCR3-,MS,MS71658_CSF,GSM4104124_CTCGTCATCTGATTCT-1,0.473260141635042
CXCR3-,MS,MS71658_CSF,GSM4104124_CTCTGGTAGCGAGAAA-1,-0.10056797643315316
CXCR3-,MS,MS71658_CSF,GSM4104124_CTGAAGTAGGTACTCT-1,-0.10056797643315316
CXCR3+,MS,MS71658_CSF,GSM4104124_CTGATAGGTAAGAGAG-1,-0.34469128169397134
CXCR3-,MS,MS71658_CSF,GSM4104124_CTGCTGTCAATGTAAG-1,-0.20605523766137404
CXCR3+,MS,MS71658_CSF,GSM4104124_CTGGTCTAGCGATTCT-1,0.21571379197909193
CXCR3+,MS,MS71658_CSF,GSM4104124_CTGGTCTCACCCTATC-1,0.04119712270172672
CXCR3+,MS,MS71658_CSF,GSM4104124_CTGGTCTGTTAAGGGC-1,0.1843709262955402
CXCR3-,MS,MS71658_CSF,GSM4104124_CTGTTTACAATAGAGT-1,-0.10056797643315316
CXCR3-,MS,MS71658_CSF,GSM4104124_CTTAACTGTCCAACTA-1,0.28842138856090965
CXCR3-,MS,MS71658_CSF,GSM4104124_CTTAACTTCCTCAACC-1,-0.10056797643315316
CXCR3+,MS,MS71658_CSF,GSM4104124_CTTACCGCAGGCTCAC-1,-0.10056797643315316
CXCR3-,MS,MS71658_CSF,GSM4104124_CTTAGGAGTGTTAAGA-1,0.2697271295941009
CXCR3-,MS,MS71658_CSF,GSM4104124_CTTGGCTCACAACTGT-1,-0.10056797643315316
CXCR3-,MS,MS71658_CSF,GSM4104124_CTTTGCGAGCCCGAAA-1,0.02936131824979379
CXCR3-,MS,MS71658_CSF,GSM4104124_GAAACTCCAACGATGG-1,-0.6190196925238667
CXCR3+,MS,MS71658_CSF,GSM4104124_GAACATCAGGATGGAA-1,-0.10056797643315316
CXCR3-,MS,MS71658_CSF,GSM4104124_GAACATCTCCGTTGCT-1,-0.10056797643315316
CXCR3-,MS,MS71658_CSF,GSM4104124_GAACGGATCTTGTACT-1,-0.10056797643315316
CXCR3-,MS,MS71658_CSF,GSM4104124_GAAGCAGTCAAAGTAG-1,-0.10056797643315316
CXCR3-,MS,MS71658_CSF,GSM4104124_GAATAAGCAGTACACT-1,-0.10177305944627509
CXCR3-,MS,MS71658_CSF,GSM4104124_GACACGCAGGTAGCTG-1,-0.4338317050939775
CXCR3+,MS,MS71658_CSF,GSM4104124_GACAGAGCACAGGTTT-1,-0.10056797643315316
CXCR3-,MS,MS71658_CSF,GSM4104124_GACAGAGCAGCCACCA-1,0.11997970758613939
CXCR3+,MS,MS71658_CSF,GSM4104124_GACAGAGGTGTTCGAT-1,0.14102320310936808
CXCR3-,MS,MS71658_CSF,GSM4104124_GACCTGGAGTCGATAA-1,-0.3095833700796787
CXCR3-,MS,MS71658_CSF,GSM4104124_GACGTGCAGCTAAACA-1,-0.10056797643315316
CXCR3-,MS,MS71658_CSF,GSM4104124_GACGTGCGTGGTCTCG-1,-0.2797005627553633
CXCR3-,MS,MS71658_CSF,GSM4104124_GACGTGCTCTCCGGTT-1,-0.10056797643315316
CXCR3-,MS,MS71658_CSF,GSM4104124_GACGTTAGTGCTAGCC-1,-0.10056797643315316
CXCR3-,MS,MS71658_CSF,GSM4104124_GACTAACCAGACGCTC-1,0.120005742908686
CXCR3-,MS,MS71658_CSF,GSM4104124_GACTAACCAGATAATG-1,-0.10056797643315316
CXCR3-,MS,MS71658_CSF,GSM4104124_GACTACAAGAAACGCC-1,-0.10056797643315316
CXCR3-,MS,MS71658_CSF,GSM4104124_GACTGCGTCAAACCGT-1,0.552381228451533
CXCR3-,MS,MS71658_CSF,GSM4104124_GAGTCCGTCATAACCG-1,0.246677683747574
CXCR3-,MS,MS71658_CSF,GSM4104124_GATCGCGAGAAACCGC-1,0.1019941280591248
CXCR3+,MS,MS71658_CSF,GSM4104124_GATCGCGAGACGCACA-1,0.11178546354149833
CXCR3+,MS,MS71658_CSF,GSM4104124_GATCGTAGTCGAATCT-1,-0.6760271597586459
CXCR3-,MS,MS71658_CSF,GSM4104124_GATGAAACAATGGAAT-1,-0.10056797643315316
CXCR3+,MS,MS71658_CSF,GSM4104124_GATGAAAGTGTAACGG-1,-0.10056797643315316
CXCR3-,MS,MS71658_CSF,GSM4104124_GATGAAATCGTCCAGG-1,-0.10056797643315316
CXCR3-,MS,MS71658_CSF,GSM4104124_GATGAGGGTAAGTAGT-1,0.25566989847341887
CXCR3+,MS,MS71658_CSF,GSM4104124_GATGCTAAGGTGATTA-1,-0.10056797643315316
CXCR3-,MS,MS71658_CSF,GSM4104124_GCAAACTGTAGCCTAT-1,-0.10056797643315316
CXCR3-,MS,MS71658_CSF,GSM4104124_GCAATCACAAGACACG-1,-0.10056797643315316
CXCR3-,MS,MS71658_CSF,GSM4104124_GCAATCATCGTAGGTT-1,0.2704682113028093
CXCR3-,MS,MS71658_CSF,GSM4104124_GCATGCGAGAACAACT-1,-0.10056797643315316
CXCR3-,MS,MS71658_CSF,GSM4104124_GCGCAGTTCGTTTAGG-1,-0.2367004833273501
CXCR3-,MS,MS71658_CSF,GSM4104124_GCGCCAAAGAAGCCCA-1,-0.5193490772180086
CXCR3-,MS,MS71658_CSF,GSM4104124_GCGCGATAGTCGTTTG-1,0.20610573052533315
CXCR3+,MS,MS71658_CSF,GSM4104124_GCGGGTTGTGATGTCT-1,-0.48802380124125994
CXCR3-,MS,MS71658_CSF,GSM4104124_GCTGCTTTCGGACAAG-1,-0.3099534733976946
CXCR3-,MS,MS71658_CSF,GSM4104124_GCTGGGTGTTCCAACA-1,-0.10056797643315316
CXCR3-,MS,MS71658_CSF,GSM4104124_GCTTCCAAGTGTTGAA-1,-0.39362371371365323
CXCR3+,MS,MS71658_CSF,GSM4104124_GGAAAGCAGTTTGCGT-1,-0.24934851880431713
CXCR3-,MS,MS71658_CSF,GSM4104124_GGAAAGCTCCAAGCCG-1,-0.2894394487335194
CXCR3-,MS,MS71658_CSF,GSM4104124_GGACAAGGTAGCCTCG-1,-0.10056797643315316
CXCR3+,MS,MS71658_CSF,GSM4104124_GGACAGATCTATGTGG-1,-0.10056797643315316
CXCR3+,MS,MS71658_CSF,GSM4104124_GGACATTAGCCGATTT-1,-0.10056797643315316
CXCR3-,MS,MS71658_CSF,GSM4104124_GGACGTCCATCTGGTA-1,-0.10056797643315316
CXCR3+,MS,MS71658_CSF,GSM4104124_GGACGTCGTGAAATCA-1,-0.4635293727853605
CXCR3+,MS,MS71658_CSF,GSM4104124_GGATGTTAGCTAGTTC-1,0.10927009990272474
CXCR3-,MS,MS71658_CSF,GSM4104124_GGCAATTCATAAGACA-1,0.4128698283687807
CXCR3-,MS,MS71658_CSF,GSM4104124_GGCCGATAGAGTACCG-1,-0.10056797643315316
CXCR3-,MS,MS71658_CSF,GSM4104124_GGCCGATGTGAGGGAG-1,0.10126584111018788
CXCR3+,MS,MS71658_CSF,GSM4104124_GGCTCGAAGTATTGGA-1,-0.2181150939681483
CXCR3-,MS,MS71658_CSF,GSM4104124_GGGAATGAGGTACTCT-1,-0.06156504192545694
CXCR3-,MS,MS71658_CSF,GSM4104124_GGGAGATGTAAATACG-1,-0.10056797643315316
CXCR3-,MS,MS71658_CSF,GSM4104124_GGGCATCGTCTTGCGG-1,-0.10056797643315316
CXCR3-,MS,MS71658_CSF,GSM4104124_GGGCATCTCACGACTA-1,-0.10056797643315316
CXCR3-,MS,MS71658_CSF,GSM4104124_GGTGAAGAGAACAATC-1,-0.10056797643315316
CXCR3-,MS,MS71658_CSF,GSM4104124_GGTGCGTAGACTTGAA-1,-0.47856772884705256
CXCR3-,MS,MS71658_CSF,GSM4104124_GGTGCGTCATTCCTCG-1,0.15045905147350444
CXCR3-,MS,MS71658_CSF,GSM4104124_GTAACGTGTTGACGTT-1,-0.10056797643315316
CXCR3+,MS,MS71658_CSF,GSM4104124_GTACTCCAGGTGCTTT-1,-0.4188248286703294
CXCR3-,MS,MS71658_CSF,GSM4104124_GTACTCCCAGCCACCA-1,-0.10056797643315316
CXCR3-,MS,MS71658_CSF,GSM4104124_GTAGGCCTCCCGACTT-1,-0.10056797643315316
CXCR3+,MS,MS71658_CSF,GSM4104124_GTAGTCAAGAGGGCTT-1,-0.6921345042820528
CXCR3-,MS,MS71658_CSF,GSM4104124_GTATTCTGTCCGAGTC-1,0.07120969526947732
CXCR3+,MS,MS71658_CSF,GSM4104124_GTCAAGTGTGCAGTAG-1,-0.10056797643315316
CXCR3-,MS,MS71658_CSF,GSM4104124_GTCGTAATCGAATCCA-1,-0.10056797643315316
CXCR3-,MS,MS71658_CSF,GSM4104124_GTGCAGCCACCGGAAA-1,-0.002029453463426851
CXCR3-,MS,MS71658_CSF,GSM4104124_GTGCTTCGTCTGGTCG-1,-0.10056797643315316
CXCR3-,MS,MS71658_CSF,GSM4104124_GTGTGCGAGAAGGGTA-1,-0.24994749991688803
CXCR3+,MS,MS71658_CSF,GSM4104124_GTGTGCGGTAATAGCA-1,-0.10056797643315316
CXCR3-,MS,MS71658_CSF,GSM4104124_GTGTGCGGTCTGCAAT-1,0.6902466988893373
CXCR3-,MS,MS71658_CSF,GSM4104124_GTTAAGCCAAGCTGAG-1,-0.10056797643315316
CXCR3-,MS,MS71658_CSF,GSM4104124_GTTACAGAGCTACCGC-1,-0.10056797643315316
CXCR3-,MS,MS71658_CSF,GSM4104124_GTTCATTCAAGAGGCT-1,0.3232014408101037
CXCR3-,MS,MS71658_CSF,GSM4104124_GTTCGGGGTTTAAGCC-1,-0.10056797643315316
CXCR3-,MS,MS71658_CSF,GSM4104124_TAAACCGGTGGGTCAA-1,-0.26278398995875607
CXCR3+,MS,MS71658_CSF,GSM4104124_TAAACCGTCTCCTATA-1,-0.48680763284384654
CXCR3-,MS,MS71658_CSF,GSM4104124_TAAGCGTCACCTTGTC-1,-0.36226970113109197
CXCR3+,MS,MS71658_CSF,GSM4104124_TAAGCGTCATGGTCAT-1,-0.10056797643315316
CXCR3+,MS,MS71658_CSF,GSM4104124_TAAGTGCGTCATGCCG-1,-0.10056797643315316
CXCR3-,MS,MS71658_CSF,GSM4104124_TACACGAGTCGGCATC-1,0.13633693697023866
CXCR3-,MS,MS71658_CSF,GSM4104124_TACCTTAGTTTGACTG-1,0.2583409687950428
CXCR3-,MS,MS71658_CSF,GSM4104124_TACGGATAGCGTTTAC-1,-0.10056797643315316
CXCR3-,MS,MS71658_CSF,GSM4104124_TACGGGCTCACCTCGT-1,-0.10056797643315316
CXCR3-,MS,MS71658_CSF,GSM4104124_TACGGTATCTCTAGGA-1,0.49635485025982246
CXCR3-,MS,MS71658_CSF,GSM4104124_TACTCGCGTCTTGTCC-1,-0.10056797643315316
CXCR3-,MS,MS71658_CSF,GSM4104124_TACTCGCGTTGCTCCT-1,-0.10056797643315316
CXCR3-,MS,MS71658_CSF,GSM4104124_TACTTGTGTGTGAAAT-1,0.2618486776996958
CXCR3+,MS,MS71658_CSF,GSM4104124_TAGAGCTAGCGTGTCC-1,-0.10056797643315316
CXCR3+,MS,MS71658_CSF,GSM4104124_TAGTGGTAGTTGTCGT-1,-0.4652635732389619
CXCR3-,MS,MS71658_CSF,GSM4104124_TATCTCAAGTGTACTC-1,-0.10056797643315316
CXCR3-,MS,MS71658_CSF,GSM4104124_TATCTCAGTTACCGAT-1,-0.10056797643315316
CXCR3-,MS,MS71658_CSF,GSM4104124_TATGCCCGTTGCGTTA-1,-0.10056797643315316
CXCR3-,MS,MS71658_CSF,GSM4104124_TCAATCTTCCATGAGT-1,-0.10056797643315316
CXCR3+,MS,MS71658_CSF,GSM4104124_TCATTTGAGTCAAGCG-1,-0.10056797643315316
CXCR3+,MS,MS71658_CSF,GSM4104124_TCATTTGTCTATCCCG-1,-0.3676996191718924
CXCR3-,MS,MS71658_CSF,GSM4104124_TCGCGAGCAATCTGCA-1,-0.10056797643315316
CXCR3-,MS,MS71658_CSF,GSM4104124_TCGCGTTCAGCGTTCG-1,-0.10056797643315316
CXCR3+,MS,MS71658_CSF,GSM4104124_TCGGGACCAAAGCGGT-1,-0.30138009587668796
CXCR3-,MS,MS71658_CSF,GSM4104124_TCGGGACCATCTCCCA-1,-0.10056797643315316
CXCR3-,MS,MS71658_CSF,GSM4104124_TCGGGACCATGCTGGC-1,-0.28481599264074514
CXCR3-,MS,MS71658_CSF,GSM4104124_TCGTACCAGCTGTCTA-1,-0.3457458088016981
CXCR3-,MS,MS71658_CSF,GSM4104124_TCGTAGACACGAAATA-1,-0.10056797643315316
CXCR3-,MS,MS71658_CSF,GSM4104124_TCTATTGAGACGCTTT-1,0.2322034498229711
CXCR3-,MS,MS71658_CSF,GSM4104124_TCTATTGGTGCAACTT-1,-0.10056797643315316
CXCR3+,MS,MS71658_CSF,GSM4104124_TCTCATAGTGCACGAA-1,-0.10056797643315316
CXCR3-,MS,MS71658_CSF,GSM4104124_TCTGGAATCAGGCGAA-1,-0.2423217063618605
CXCR3-,MS,MS71658_CSF,GSM4104124_TCTTCGGAGTGACTCT-1,-0.10056797643315316
CXCR3+,MS,MS71658_CSF,GSM4104124_TGAAAGATCTTGTTTG-1,-0.10056797643315316
CXCR3-,MS,MS71658_CSF,GSM4104124_TGACGGCAGTGCCAGA-1,-0.35047541247115577
CXCR3-,MS,MS71658_CSF,GSM4104124_TGACGGCAGTTACGGG-1,0.12520686272169076
CXCR3-,MS,MS71658_CSF,GSM4104124_TGACTAGCAATAGCGG-1,-0.10056797643315316
CXCR3-,MS,MS71658_CSF,GSM4104124_TGACTAGTCCAAACAC-1,-0.2950806487289869
CXCR3-,MS,MS71658_CSF,GSM4104124_TGACTTTTCGGGAGTA-1,-0.10056797643315316
CXCR3-,MS,MS71658_CSF,GSM4104124_TGAGCCGAGAAACGAG-1,-0.10056797643315316
CXCR3-,MS,MS71658_CSF,GSM4104124_TGAGGGAGTGCTTCTC-1,-0.10056797643315316
CXCR3-,MS,MS71658_CSF,GSM4104124_TGATTTCAGTGAATTG-1,-0.10056797643315316
CXCR3-,MS,MS71658_CSF,GSM4104124_TGATTTCTCCTAGTGA-1,-0.3645640455346567
CXCR3+,MS,MS71658_CSF,GSM4104124_TGCACCTCAAGCGCTC-1,-0.4121454249015392
CXCR3-,MS,MS71658_CSF,GSM4104124_TGCCAAACACCTATCC-1,-0.3902690644569939
CXCR3-,MS,MS71658_CSF,GSM4104124_TGCCCTACAGTCACTA-1,0.28951320173822553
CXCR3-,MS,MS71658_CSF,GSM4104124_TGCGGGTCATGACGGA-1,-0.10056797643315316
CXCR3-,MS,MS71658_CSF,GSM4104124_TGCGGGTGTCTCCATC-1,-0.25932980410720047
CXCR3-,MS,MS71658_CSF,GSM4104124_TGCTACCGTACAGTGG-1,-0.5699360137440496
CXCR3-,MS,MS71658_CSF,GSM4104124_TGCTACCTCATGTGGT-1,-0.10056797643315316
CXCR3-,MS,MS71658_CSF,GSM4104124_TGGACGCCATTCCTGC-1,-0.10056797643315316
CXCR3+,MS,MS71658_CSF,GSM4104124_TGGACGCGTGATGATA-1,-0.2568042744842925
CXCR3-,MS,MS71658_CSF,GSM4104124_TGGCGCAAGAAGAAGC-1,-0.10056797643315316
CXCR3-,MS,MS71658_CSF,GSM4104124_TGGCTGGAGTGTTTGC-1,-0.2145371732561049
CXCR3-,MS,MS71658_CSF,GSM4104124_TGGCTGGCAGATCGGA-1,-0.10056797643315316
CXCR3-,MS,MS71658_CSF,GSM4104124_TGTATTCTCAGGCCCA-1,-0.10056797643315316
CXCR3-,MS,MS71658_CSF,GSM4104124_TGTTCCGGTTACAGAA-1,-0.10056797643315316
CXCR3-,MS,MS71658_CSF,GSM4104124_TTAACTCTCAGCGACC-1,-0.10056797643315316
CXCR3-,MS,MS71658_CSF,GSM4104124_TTAGTTCAGAGCAATT-1,0.35489900468008395
CXCR3+,MS,MS71658_CSF,GSM4104124_TTCGAAGCATGTTGAC-1,-0.4102535330844933
CXCR3-,MS,MS71658_CSF,GSM4104124_TTCTCCTGTCCCTTGT-1,-0.10056797643315316
CXCR3-,MS,MS71658_CSF,GSM4104124_TTGCGTCAGTTGAGTA-1,-0.10056797643315316
CXCR3+,MS,MS71658_CSF,GSM4104124_TTGGAACTCGTATCAG-1,-0.10056797643315316
CXCR3-,MS,MS71658_CSF,GSM4104124_TTGGCAAGTCGTCTTC-1,-0.10056797643315316
CXCR3-,MS,MS71658_CSF,GSM4104124_TTGGCAATCCGGGTGT-1,-0.2611400035835159
CXCR3-,MS,MS71658_CSF,GSM4104124_TTGTAGGGTAGAGTGC-1,-0.10056797643315316
CXCR3-,MS,MS71658_CSF,GSM4104124_TTTCCTCAGTGAAGTT-1,-0.10056797643315316
CXCR3-,MS,MS71658_CSF,GSM4104124_TTTGCGCGTTCTCATT-1,0.3528475752705174
CXCR3-,MS,MS71658_CSF,GSM4104124_TTTGGTTCAGTCGATT-1,-0.10056797643315316
CXCR3+,MS,MS71658_CSF,GSM4104124_TTTGTCATCCTCGCAT-1,-0.6503841964741282
CXCR3-,MS,MS71658_CSF,GSM4104124_TTTGTCATCGTCTGCT-1,0.1920727022270805
CXCR3-,MS,MS74594_CSF,GSM4104127_AACACGTCACTTACGA-1,-0.266637674990083
CXCR3+,MS,MS74594_CSF,GSM4104127_AACTCAGCATGGTCTA-1,-0.25958868680481
CXCR3-,MS,MS74594_CSF,GSM4104127_AAGGCAGTCAGATAAG-1,0.013843901893546895
CXCR3-,MS,MS74594_CSF,GSM4104127_AATCGGTCACAGCCCA-1,-0.19655106922331125
CXCR3-,MS,MS74594_CSF,GSM4104127_ACACCCTCATATGGTC-1,-0.10056797643315316
CXCR3-,MS,MS74594_CSF,GSM4104127_ACAGCTATCCGCATAA-1,-0.10056797643315316
CXCR3-,MS,MS74594_CSF,GSM4104127_ACCAGTACATTGAGCT-1,-0.9367450056455201
CXCR3-,MS,MS74594_CSF,GSM4104127_ACGCCGACACCGAAAG-1,-0.10056797643315316
CXCR3-,MS,MS74594_CSF,GSM4104127_ACTGAACCACATGGGA-1,-0.10056797643315316
CXCR3-,MS,MS74594_CSF,GSM4104127_AGTAGTCCATCTATGG-1,-0.10056797643315316
CXCR3+,MS,MS74594_CSF,GSM4104127_AGTGGGAGTTAGAACA-1,-0.6607215236540236
CXCR3+,MS,MS74594_CSF,GSM4104127_AGTGTCATCATAACCG-1,-0.10056797643315316
CXCR3+,MS,MS74594_CSF,GSM4104127_ATCCACCAGCCGATTT-1,0.052302959242509224
CXCR3-,MS,MS74594_CSF,GSM4104127_ATGTGTGCATGCTAGT-1,-0.48633886356376915
CXCR3-,MS,MS74594_CSF,GSM4104127_ATTCTACAGATTACCC-1,-0.10056797643315316
CXCR3-,MS,MS74594_CSF,GSM4104127_ATTCTACTCGATAGAA-1,-0.2561335560869099
CXCR3-,MS,MS74594_CSF,GSM4104127_CAAGGCCTCGGAGCAA-1,0.31698665714673807
CXCR3-,MS,MS74594_CSF,GSM4104127_CAAGTTGTCAGCTTAG-1,-0.10056797643315316
CXCR3+,MS,MS74594_CSF,GSM4104127_CACATAGAGCTTCGCG-1,0.3376638866337741
CXCR3-,MS,MS74594_CSF,GSM4104127_CAGCTAAGTCTGATTG-1,-0.20354158366874722
CXCR3+,MS,MS74594_CSF,GSM4104127_CATATGGTCCTGCCAT-1,-0.23606636758195546
CXCR3-,MS,MS74594_CSF,GSM4104127_CATGCCTCAATAAGCA-1,-0.10056797643315316
CXCR3+,MS,MS74594_CSF,GSM4104127_CCACGGACATTGGGCC-1,0.3970300582612921
CXCR3-,MS,MS74594_CSF,GSM4104127_CCAGCGATCATTTGGG-1,-0.10056797643315316
CXCR3+,MS,MS74594_CSF,GSM4104127_CCTACCACACGGTGTC-1,-0.21660713129627474
CXCR3-,MS,MS74594_CSF,GSM4104127_CCTCTGAAGAGACGAA-1,-0.10056797643315316
CXCR3+,MS,MS74594_CSF,GSM4104127_CGACCTTAGACTGGGT-1,-0.549213798631666
CXCR3-,MS,MS74594_CSF,GSM4104127_CGCTATCAGCCACGTC-1,0.013188053867857232
CXCR3-,MS,MS74594_CSF,GSM4104127_CGGACTGTCTCCTATA-1,-0.24560923914066654
CXCR3+,MS,MS74594_CSF,GSM4104127_CGTGAGCTCTGTCTCG-1,-0.3003335906126751
CXCR3-,MS,MS74594_CSF,GSM4104127_CGTGTCTCACGGTGTC-1,-0.2549020447596436
CXCR3+,MS,MS74594_CSF,GSM4104127_CGTTAGACAAGTAGTA-1,-0.10056797643315316
CXCR3-,MS,MS74594_CSF,GSM4104127_CGTTGGGGTTTGACTG-1,-0.3582145749019016
CXCR3-,MS,MS74594_CSF,GSM4104127_CTAACTTGTCTAGAGG-1,-0.10056797643315316
CXCR3+,MS,MS74594_CSF,GSM4104127_CTACACCCACCGAATT-1,-0.9390359916461983
CXCR3-,MS,MS74594_CSF,GSM4104127_CTACCCATCAGCCTAA-1,0.07117927207513763
CXCR3+,MS,MS74594_CSF,GSM4104127_CTAGAGTCAAATTGCC-1,-0.10056797643315316
CXCR3-,MS,MS74594_CSF,GSM4104127_CTCACACTCTACCTGC-1,0.15270500866380488
CXCR3-,MS,MS74594_CSF,GSM4104127_CTGCCTAGTACCGAGA-1,-0.10056797643315316
CXCR3+,MS,MS74594_CSF,GSM4104127_CTGTGCTGTGCCTGGT-1,-0.026043183994818562
CXCR3-,MS,MS74594_CSF,GSM4104127_GACTAACCAGATGGCA-1,-0.10056797643315316
CXCR3+,MS,MS74594_CSF,GSM4104127_GATGAGGGTACTCAAC-1,-0.10056797643315316
CXCR3-,MS,MS74594_CSF,GSM4104127_GATGCTATCTCCTATA-1,-0.2689144964540909
CXCR3-,MS,MS74594_CSF,GSM4104127_GCATGCGCAGGATCGA-1,0.1368398100921722
CXCR3-,MS,MS74594_CSF,GSM4104127_GCCAAATAGAATAGGG-1,-0.10056797643315316
CXCR3+,MS,MS74594_CSF,GSM4104127_GCGGGTTTCGGAGCAA-1,0.1644454776510646
CXCR3+,MS,MS74594_CSF,GSM4104127_GCTCCTAAGGTGATTA-1,-0.10056797643315316
CXCR3+,MS,MS74594_CSF,GSM4104127_GCTGCGAGTGCGGTAA-1,-0.47444539376690636
CXCR3+,MS,MS74594_CSF,GSM4104127_GCTGGGTAGTACCGGA-1,-0.10056797643315316
CXCR3+,MS,MS74594_CSF,GSM4104127_GGAAAGCGTTACAGAA-1,0.42370992885508574
CXCR3-,MS,MS74594_CSF,GSM4104127_GGGACCTGTGCGAAAC-1,0.5628349717744652
CXCR3-,MS,MS74594_CSF,GSM4104127_GGGAGATAGTGGTAGC-1,-0.24595315357811565
CXCR3+,MS,MS74594_CSF,GSM4104127_GGTGTTAGTCTTGATG-1,-0.379720856057615
CXCR3-,MS,MS74594_CSF,GSM4104127_GTAACTGAGGTGCTTT-1,-0.27674176331684314
CXCR3-,MS,MS74594_CSF,GSM4104127_GTATCTTAGCCCAACC-1,-0.11427333685820117
CXCR3-,MS,MS74594_CSF,GSM4104127_GTATTCTTCTGCGGCA-1,-0.10056797643315316
CXCR3-,MS,MS74594_CSF,GSM4104127_GTCATTTCATGGGACA-1,-0.10056797643315316
CXCR3-,MS,MS74594_CSF,GSM4104127_GTGCTTCGTCTCTTAT-1,-1.0095657082759895
CXCR3-,MS,MS74594_CSF,GSM4104127_GTTCGGGTCTGGAGCC-1,-0.11622227306124397
CXCR3-,MS,MS74594_CSF,GSM4104127_GTTCTCGGTATATGGA-1,0.2957619934767174
CXCR3-,MS,MS74594_CSF,GSM4104127_TAAGCGTAGTGTGAAT-1,-0.10056797643315316
CXCR3+,MS,MS74594_CSF,GSM4104127_TACAGTGAGATAGCAT-1,0.03665386578631872
CXCR3+,MS,MS74594_CSF,GSM4104127_TAGACCAGTGGACGAT-1,-0.10056797643315316
CXCR3-,MS,MS74594_CSF,GSM4104127_TCAGCAATCTTCGAGA-1,-0.2246441053620131
CXCR3-,MS,MS74594_CSF,GSM4104127_TCAGGATTCCGAAGAG-1,-0.10056797643315316
CXCR3-,MS,MS74594_CSF,GSM4104127_TGAAAGAAGTACGACG-1,-0.4898535757425684
CXCR3-,MS,MS74594_CSF,GSM4104127_TGCACCTCAAATACAG-1,-0.05029003992592069
CXCR3-,MS,MS74594_CSF,GSM4104127_TGCTACCTCTCGGACG-1,-0.10056797643315316
CXCR3-,MS,MS74594_CSF,GSM4104127_TGGCGCACACCTGGTG-1,0.13877280823335134
CXCR3-,MS,MS74594_CSF,GSM4104127_TGGGAAGGTAACGACG-1,-0.2962758354114255
CXCR3+,MS,MS74594_CSF,GSM4104127_TGTCCCAAGCTACCTA-1,0.808447508488826
CXCR3+,MS,MS74594_CSF,GSM4104127_TGTTCCGAGGCGTACA-1,-0.10056797643315316
CXCR3-,MS,MS74594_CSF,GSM4104127_TTCTCCTGTCGGCATC-1,0.04997302672762981
CXCR3+,MS,MS74594_CSF,GSM4104127_TTTGGTTTCACCTTAT-1,-0.10056797643315316
