condition,patient,cell_id,tissue,zinc_signature
HC,PB_2,AAAGATGAGATGGCGT-1,PB,-0.04394953754899845
HC,PB_2,AAAGATGAGGGTCGAT-1,PB,0.1898913597470441
HC,PB_2,AAAGATGCAGGATCGA-1,PB,-0.11356780181624725
HC,PB_2,AAAGATGCATCACAAC-1,PB,-0.04173745707576238
HC,PB_2,AAAGTAGAGGAGTTTA-1,PB,0.13642625615624582
HC,PB_2,AAAGTAGCATGCCTAA-1,PB,0.181410233367473
HC,PB_2,AAATGCCTCCCTCTTT-1,PB,-0.07319230617946514
HC,PB_2,AACACGTAGTTAAGTG-1,PB,0.3023378063875707
HC,PB_2,AACACGTTCATCGATG-1,PB,-0.043254929837186644
HC,PB_2,AACACGTTCATGTGGT-1,PB,0.22697956029895622
HC,PB_2,AACACGTTCTTCGGTC-1-1,PB,-0.29792794834763775
HC,PB_2,AACCGCGAGATGCCAG-1,PB,-0.10683540353694752
HC,PB_2,AACCGCGGTGCAACTT-1,PB,-0.1818574052837627
HC,PB_2,AACCGCGGTTTGACAC-1,PB,-0.29792794834763775
HC,PB_2,AACGTTGAGGGTATCG-1,PB,-0.15400042249978402
HC,PB_2,AACGTTGTCACTCTTA-1,PB,-0.14191260745599218
HC,PB_2,AACTCAGAGAGCTGGT-1,PB,-0.10954557920564599
HC,PB_2,AACTCTTAGAGTCGGT-1,PB,0.7574675910284917
HC,PB_2,AACTGGTTCTGCGACG-1,PB,-0.29792794834763775
HC,PB_2,AAGACCTAGACGACGT-1,PB,0.2571289903781116
HC,PB_2,AAGACCTCAGCTCCGA-1,PB,0.4473454794223817
HC,PB_2,AAGACCTTCCTTGACC-1,PB,-0.04608590535295077
HC,PB_2,AAGCCGCCACCAGGTC-1,PB,0.0414092404288515
HC,PB_2,AAGGAGCAGTTACGGG-1-1,PB,-0.1530661104662383
HC,PB_2,AAGGAGCCATGTCGAT-1,PB,0.07452155875788839
HC,PB_2,AAGGAGCGTACAGACG-1,PB,-0.09414445056111855
HC,PB_2,AAGGCAGTCGTATCAG-1,PB,-0.29792794834763775
HC,PB_2,AAGGTTCTCTTGCATT-1,PB,0.3402820036434809
HC,PB_2,AAGTCTGCAAAGCGGT-1,PB,-0.29792794834763775
HC,PB_2,AAGTCTGCACCGTTGG-1,PB,0.1173966408851793
HC,PB_2,AAGTCTGTCGTGGACC-1,PB,-0.29792794834763775
HC,PB_2,AATCCAGAGATCTGCT-1,PB,0.2444096699849534
HC,PB_2,ACACCCTCACAGGAGT-1,PB,0.0760593511535111
HC,PB_2,ACACTGAAGCGTGAAC-1,PB,-0.14936135411205725
HC,PB_2,ACACTGAAGGGAACGG-1,PB,-0.19303214241104324
HC,PB_2,ACACTGACACATTTCT-1,PB,-0.09663851788047403
HC,PB_2,ACACTGACATGGGAAC-1,PB,0.4683395921255781
HC,PB_2,ACAGCCGTCCTGCCAT-1,PB,0.005859447538927405
HC,PB_2,ACAGCTAAGATGTCGG-1,PB,-0.29792794834763775
HC,PB_2,ACAGCTAGTAAATGTG-1,PB,-0.01285387369331852
HC,PB_2,ACAGCTAGTGATGCCC-1,PB,-0.29792794834763775
HC,PB_2,ACATACGGTCCTCTTG-1,PB,0.04782426293286202
HC,PB_2,ACATCAGCAGTACACT-1,PB,-0.29792794834763775
HC,PB_2,ACATCAGGTTCCATGA-1-1,PB,-0.18464180368038569
HC,PB_2,ACATCAGTCGCAAACT-1-1,PB,-0.29792794834763775
HC,PB_2,ACATCAGTCTAACCGA-1,PB,-0.21045756706865296
HC,PB_2,ACATGGTAGAGTCGGT-1,PB,-0.09995011511764632
HC,PB_2,ACCAGTAAGATGGCGT-1,PB,-0.29792794834763775
HC,PB_2,ACCAGTATCAGCTCTC-1,PB,0.044507292463628854
HC,PB_2,ACCGTAAAGCGTGAAC-1,PB,0.5955240350789116
HC,PB_2,ACCTTTAAGGCTAGAC-1,PB,0.12883407352021942
HC,PB_2,ACCTTTAGTACTCTCC-1,PB,-0.29792794834763775
HC,PB_2,ACGAGCCAGTAGCGGT-1-1,PB,0.6699873192692658
HC,PB_2,ACGAGGAGTCAAGCGA-1,PB,-0.29792794834763775
HC,PB_2,ACGAGGAGTGAGTATA-1,PB,0.7473025776105203
HC,PB_2,ACGAGGATCACGAAGG-1,PB,-0.029265497071969616
HC,PB_2,ACGATACCAGACGCTC-1,PB,0.4861941582472783
HC,PB_2,ACGATGTAGACCGGAT-1,PB,0.12813722029684022
HC,PB_2,ACGATGTAGCCCGAAA-1,PB,-0.005866494513461725
HC,PB_2,ACGATGTAGTTACCCA-1,PB,0.4305695151982955
HC,PB_2,ACGCAGCGTCTAGCGC-1,PB,-0.10303958814415999
HC,PB_2,ACGCAGCTCCTCAACC-1,PB,0.1373055620141071
HC,PB_2,ACGCCAGTCCACGTTC-1,PB,0.12683309004761867
HC,PB_2,ACGCCGAAGTTACGGG-1-1,PB,0.3092550323844515
HC,PB_2,ACGCCGAGTGCCTTGG-1,PB,0.2926957361565579
HC,PB_2,ACGCCGATCAGGCAAG-1,PB,0.5768571023253056
HC,PB_2,ACGGAGAGTAAGGGAA-1,PB,0.32817930259927514
HC,PB_2,ACGGAGATCTGTACGA-1,PB,0.03339479858008395
HC,PB_2,ACGGCCACATCACAAC-1,PB,-0.07837319644599997
HC,PB_2,ACGGGCTCAATGGACG-1,PB,-0.09060783167466904
HC,PB_2,ACGGGCTCAGCGTTCG-1,PB,-0.12688367792778096
HC,PB_2,ACGGGCTGTCCGTCAG-1,PB,-0.29792794834763775
HC,PB_2,ACGGGCTGTTCGGGCT-1,PB,-0.1616343556907463
HC,PB_2,ACGGGTCGTTGCGCAC-1,PB,-0.04923900599237335
HC,PB_2,ACTGAACGTACCAGTT-1,PB,-0.29792794834763775
HC,PB_2,ACTGAACGTTACAGAA-1,PB,-0.011305465144389832
HC,PB_2,ACTGAGTTCCCATTTA-1,PB,-0.29792794834763775
HC,PB_2,ACTGATGAGAGTTGGC-1,PB,0.0018217433497635938
HC,PB_2,ACTGTCCAGGCGTACA-1,PB,-0.29792794834763775
HC,PB_2,ACTGTCCCACAGCGTC-1-1,PB,-0.1267608282997482
HC,PB_2,ACTGTCCGTCTTGCGG-1-1,PB,-0.29792794834763775
HC,PB_2,ACTGTCCTCTACTATC-1,PB,-0.22373567300337682
HC,PB_2,ACTTGTTCATTCCTGC-1,PB,-0.29792794834763775
HC,PB_2,ACTTGTTGTCTACCTC-1,PB,-0.07299059237809687
HC,PB_2,ACTTTCACATCTCCCA-1,PB,0.0823131497037082
HC,PB_2,AGAATAGAGAACTGTA-1,PB,0.04440723111708401
HC,PB_2,AGAATAGTCGCATGGC-1,PB,-0.07805095674688456
HC,PB_2,AGACGTTTCCGTAGTA-1,PB,-0.13214481158950125
HC,PB_2,AGACGTTTCTGATTCT-1,PB,-0.13069848919512933
HC,PB_2,AGAGCGACAGATGAGC-1,PB,0.6950825767579148
HC,PB_2,AGAGCTTCAGCAGTTT-1,PB,0.9950387056609743
HC,PB_2,AGAGCTTTCGGCTACG-1,PB,0.16499516225877991
HC,PB_2,AGAGTGGAGCCAGTAG-1,PB,-0.29792794834763775
HC,PB_2,AGAGTGGCAATTCCTT-1,PB,-0.29792794834763775
HC,PB_2,AGAGTGGGTTGTCGCG-1,PB,0.1789045043131752
HC,PB_2,AGATCTGAGTTGAGTA-1,PB,-0.29792794834763775
HC,PB_2,AGATTGCCAGCTGCTG-1,PB,-0.006675688091636762
HC,PB_2,AGATTGCGTAGGCTGA-1,PB,-0.29792794834763775
HC,PB_2,AGCAGCCAGATCCCGC-1,PB,-0.17350563787149514
HC,PB_2,AGCAGCCCATCGTCGG-1,PB,0.06419165868970393
HC,PB_2,AGCATACAGTCCGGTC-1,PB,0.021025415038516355
HC,PB_2,AGCCTAAGTCTCCCTA-1,PB,0.4889441383096801
HC,PB_2,AGCGGTCAGCCTTGAT-1-1,PB,0.4029608904299168
HC,PB_2,AGCGTATGTGTTTGTG-1,PB,0.014773719245789931
HC,PB_2,AGCGTCGAGGCTATCT-1,PB,0.4638351732161447
HC,PB_2,AGCTCCTGTCCAACTA-1,PB,-0.09864641187709156
HC,PB_2,AGCTCCTGTCGAAAGC-1,PB,0.020702743092212966
HC,PB_2,AGCTCTCTCGTGGACC-1,PB,-0.22232262644252176
HC,PB_2,AGCTTGACATTCCTCG-1,PB,0.1636271044634346
HC,PB_2,AGCTTGAGTATAGGTA-1,PB,0.3046917250766209
HC,PB_2,AGCTTGAGTCGTGGCT-1,PB,-0.0028084179874756166
HC,PB_2,AGCTTGAGTTCAGTAC-1-1,PB,0.12740692190272268
HC,PB_2,AGGCCACCAGCTGCTG-1,PB,-0.007572264083093218
HC,PB_2,AGGCCACGTTGTACAC-1,PB,0.5633549704942112
HC,PB_2,AGGCCGTCAGCATGAG-1,PB,-0.29792794834763775
HC,PB_2,AGGCCGTTCTCCGGTT-1-1,PB,-0.21997991528338906
HC,PB_2,AGGGATGAGAGTACCG-1,PB,-0.07717525808439403
HC,PB_2,AGGGATGAGGTACTCT-1,PB,-0.11114523747188676
HC,PB_2,AGGGTGATCACGATGT-1,PB,0.25774569310362466
HC,PB_2,AGGTCATCAACTTGAC-1,PB,0.040096704593291684
HC,PB_2,AGGTCATCATCAGTCA-1,PB,-0.16167210804125173
HC,PB_2,AGGTCATTCAACTCTT-1,PB,0.28944154189024335
HC,PB_2,AGGTCCGTCAGCTGGC-1,PB,0.2791692715685495
HC,PB_2,AGTAGTCAGGTGCAAC-1,PB,0.19970733385923295
HC,PB_2,AGTCTTTCAATCCAAC-1,PB,0.01328438035883853
HC,PB_2,AGTGAGGGTCTCATCC-1,PB,-0.04702742277566856
HC,PB_2,AGTGAGGTCACTTCAT-1,PB,0.17083593576598144
HC,PB_2,AGTGGGACAAGCTGTT-1,PB,-0.29792794834763775
HC,PB_2,AGTGGGATCACTTATC-1,PB,-0.29792794834763775
HC,PB_2,AGTGTCACATTAGCCA-1,PB,-0.29792794834763775
HC,PB_2,AGTTGGTAGTCCGTAT-1,PB,-0.29792794834763775
HC,PB_2,AGTTGGTAGTGTTGAA-1,PB,0.1536955429262743
HC,PB_2,ATAACGCGTCTAAAGA-1,PB,-0.29792794834763775
HC,PB_2,ATAACGCGTTGCTCCT-1,PB,0.3881373067765028
HC,PB_2,ATAACGCTCTCCAGGG-1,PB,-0.29792794834763775
HC,PB_2,ATAAGAGGTATCGCAT-1-1,PB,-0.29792794834763775
HC,PB_2,ATCACGACAGGGATTG-1,PB,-0.18698543968386813
HC,PB_2,ATCACGACATGAACCT-1,PB,0.030552668808887122
HC,PB_2,ATCACGATCTTCGGTC-1,PB,-0.29792794834763775
HC,PB_2,ATCATCTAGGAACTGC-1,PB,0.566285620165821
HC,PB_2,ATCATCTCACGTTGGC-1,PB,-0.0689282989466607
HC,PB_2,ATCATCTCAGTAAGAT-1,PB,-0.29792794834763775
HC,PB_2,ATCATCTGTGCGATAG-1,PB,0.00430414425594667
HC,PB_2,ATCATCTTCAGTTAGC-1,PB,0.13860204912052912
HC,PB_2,ATCATCTTCGCGATCG-1,PB,-0.29792794834763775
HC,PB_2,ATCATGGAGCGTAATA-1,PB,-0.29792794834763775
HC,PB_2,ATCATGGTCAAACGGG-1,PB,0.30805669099334726
HC,PB_2,ATCCACCAGTCCATAC-1-1,PB,-0.02850878243261586
HC,PB_2,ATCCACCCAAACGCGA-1,PB,0.2596033640313265
HC,PB_2,ATCCACCCACTCGACG-1,PB,0.3594501665324277
HC,PB_2,ATCCGAAGTTATTCTC-1,PB,0.07879826249499981
HC,PB_2,ATCCGAAGTTCAGCGC-1,PB,-0.29792794834763775
HC,PB_2,ATCCGAATCAGAGGTG-1,PB,-0.12549637879450787
HC,PB_2,ATCCGAATCGGTTCGG-1,PB,-0.07003080354340599
HC,PB_2,ATCTACTCAACCGCCA-1,PB,-0.29792794834763775
HC,PB_2,ATCTACTGTATCACCA-1,PB,-0.29792794834763775
HC,PB_2,ATCTACTTCTGAGGGA-1,PB,-0.29792794834763775
HC,PB_2,ATCTGCCAGAAGCCCA-1-1,PB,-0.29792794834763775
HC,PB_2,ATCTGCCCAGACGCCT-1,PB,0.3813962788038049
HC,PB_2,ATCTGCCGTCGAGATG-1,PB,-0.29792794834763775
HC,PB_2,ATCTGCCTCTGAGGGA-1,PB,-0.037639612788988155
HC,PB_2,ATGCGATAGTAATCCC-1,PB,0.016266870933237514
HC,PB_2,ATGCGATCACCAACCG-1,PB,-0.07182077492529303
HC,PB_2,ATGGGAGAGGTGGGTT-1,PB,-0.15527067724267246
HC,PB_2,ATGTGTGAGTGTGAAT-1,PB,0.04766351467336049
HC,PB_2,ATTCTACGTAGGGTAC-1,PB,-0.15115306914452192
HC,PB_2,ATTCTACTCAGAGGTG-1,PB,0.06682952451359879
HC,PB_2,ATTGGACGTCTCTCTG-1,PB,0.2645185656508449
HC,PB_2,ATTGGTGCAAGCGTAG-1,PB,-0.03617172840889487
HC,PB_2,ATTTCTGAGACCCACC-1,PB,-0.29792794834763775
HC,PB_2,ATTTCTGGTTCGAATC-1,PB,-0.19530229349934541
HC,PB_2,CAACCAACACAACGCC-1,PB,0.23240433303988708
HC,PB_2,CAACCAAGTGGCAAAC-1,PB,0.023764521051293203
HC,PB_2,CAACCTCCAAGTTAAG-1,PB,-0.13309841419995244
HC,PB_2,CAACCTCCACCCATTC-1,PB,-0.29792794834763775
HC,PB_2,CAACCTCGTGTTTGTG-1,PB,0.006983589700359775
HC,PB_2,CAACTAGTCTGAAAGA-1,PB,0.1550788402570724
HC,PB_2,CAAGATCAGTTTCCTT-1,PB,-0.002200192745179622
HC,PB_2,CAAGATCTCAAAGTAG-1,PB,-0.031367855950665706
HC,PB_2,CAAGGCCTCTGCAAGT-1,PB,0.145224345828338
HC,PB_2,CAAGTTGGTGACCAAG-1,PB,0.048851506469876176
HC,PB_2,CAAGTTGTCCCGGATG-1,PB,-0.029373601990165785
HC,PB_2,CACAAACGTAATCACC-1,PB,-0.028326794184664866
HC,PB_2,CACACAACACAGGAGT-1,PB,-0.29792794834763775
HC,PB_2,CACACAACACCCTATC-1,PB,0.13758021529195344
HC,PB_2,CACACAAGTACAAGTA-1,PB,-0.014797878165754366
HC,PB_2,CACACCTGTCTTTCAT-1,PB,0.0943309130194376
HC,PB_2,CACACCTTCCAAACTG-1,PB,-0.29792794834763775
HC,PB_2,CACCACTTCTAGAGTC-1,PB,0.09063429653635466
HC,PB_2,CACCAGGAGCTCTCGG-1,PB,0.01736513068565087
HC,PB_2,CACCAGGAGGGATGGG-1,PB,0.053797249977628504
HC,PB_2,CACCTTGTCCATGAGT-1,PB,-0.20469564603260512
HC,PB_2,CACTCCAAGGCTCATT-1,PB,0.06105705664037555
HC,PB_2,CACTCCACACGGCCAT-1,PB,-0.03958834884407581
HC,PB_2,CACTCCACAGGACCCT-1,PB,-0.29792794834763775
HC,PB_2,CACTCCAGTTAAGATG-1,PB,-0.20287883957082586
HC,PB_2,CACTCCATCAAACCAC-1-1,PB,0.24174230079363818
HC,PB_2,CACTCCATCGTATCAG-1,PB,-0.02198086165811447
HC,PB_2,CAGAATCGTAGTACCT-1,PB,-0.29792794834763775
HC,PB_2,CAGAATCTCTGCGACG-1,PB,-0.12240998626184761
HC,PB_2,CAGAGAGTCGCCTGAG-1,PB,0.08916732435507092
HC,PB_2,CAGATCAGTTAAGATG-1,PB,-0.29792794834763775
HC,PB_2,CAGCAGCGTCACCTAA-1,PB,0.08332296694771321
HC,PB_2,CAGCATACAAGCGTAG-1,PB,-0.29792794834763775
HC,PB_2,CAGCATAGTTGTACAC-1,PB,-0.08160334273253744
HC,PB_2,CAGCCGACATTCTCAT-1,PB,-0.29792794834763775
HC,PB_2,CAGCCGATCTTGCCGT-1,PB,0.08716615267584893
HC,PB_2,CAGCTAAAGCCAGTTT-1,PB,0.34191404894771793
HC,PB_2,CAGCTAAAGCTTCGCG-1,PB,0.1932161617951873
HC,PB_2,CAGCTAAGTCTCCCTA-1,PB,0.3535415819013569
HC,PB_2,CAGCTGGAGCCCAATT-1,PB,0.43139139264805554
HC,PB_2,CAGCTGGCAGACAAGC-1,PB,-0.29792794834763775
HC,PB_2,CAGGTGCCACCTCGGA-1,PB,0.05706657298851315
HC,PB_2,CAGGTGCCATCGATTG-1,PB,-0.04923789852293204
HC,PB_2,CAGGTGCTCATAAAGG-1,PB,-0.29792794834763775
HC,PB_2,CAGTCCTAGCACACAG-1,PB,-0.29792794834763775
HC,PB_2,CATATGGAGACTCGGA-1,PB,-0.03696073682582133
HC,PB_2,CATATGGAGTATCTCG-1,PB,0.10017082782780197
HC,PB_2,CATATGGTCGACCAGC-1,PB,-0.18663080208636776
HC,PB_2,CATATGGTCGCTTGTC-1-2,PB,-0.13679032571596167
HC,PB_2,CATATTCAGCGGATCA-1-1,PB,-0.06554306639960912
HC,PB_2,CATATTCCAACGATGG-1-1,PB,0.25242949726501884
HC,PB_2,CATATTCCAATCAGAA-1,PB,0.03201140671695004
HC,PB_2,CATATTCTCTCGTTTA-1,PB,0.4305780360568597
HC,PB_2,CATCAGAGTCCTGCTT-1,PB,0.006193546777783007
HC,PB_2,CATCAGATCATCTGCC-1,PB,0.05719910923753737
HC,PB_2,CATCCACAGAGTTGGC-1,PB,-0.14454887516114442
HC,PB_2,CATCCACGTTCCAACA-1,PB,-0.15405062103668343
HC,PB_2,CATCCACTCTGGTGTA-1,PB,-0.29792794834763775
HC,PB_2,CATCGAAGTTGATTGC-1-1,PB,-0.29792794834763775
HC,PB_2,CATCGGGGTATTCTCT-1,PB,-0.017579562070659523
HC,PB_2,CATCGGGTCTAACTGG-1,PB,0.24749085950691432
HC,PB_2,CATGACAGTCTGATTG-1,PB,0.10793617132084941
HC,PB_2,CATGCCTTCTTACCTA-1,PB,-0.29792794834763775
HC,PB_2,CATTATCAGACCGGAT-1,PB,-0.0654797625044966
HC,PB_2,CATTCGCAGCAAATCA-1-1,PB,0.06595797664015121
HC,PB_2,CATTCGCTCCGCATCT-1,PB,-0.11892434528826477
HC,PB_2,CCAATCCCACCAGGTC-1,PB,0.06396439907993769
HC,PB_2,CCAATCCGTGAGGCTA-1,PB,0.21753072147788743
HC,PB_2,CCACCTAGTTAAGAAC-1,PB,-0.29792794834763775
HC,PB_2,CCACCTATCAAACCGT-1,PB,-0.0822274388866839
HC,PB_2,CCACCTATCTCTTGAT-1-1,PB,0.0026581118140184745
HC,PB_2,CCACGGACACTATCTT-1,PB,-0.016385774429771238
HC,PB_2,CCACGGATCTAGAGTC-1,PB,-0.11945010745936692
HC,PB_2,CCACTACAGAATCTCC-1,PB,-0.16931549422231265
HC,PB_2,CCACTACCATGAGCGA-1,PB,0.09013487882001837
HC,PB_2,CCACTACGTAGTACCT-1,PB,-0.2027119654816341
HC,PB_2,CCAGCGACACTTACGA-1,PB,0.13425640339970904
HC,PB_2,CCATGTCAGCCACGTC-1,PB,0.37119410355961185
HC,PB_2,CCATGTCCACCAGATT-1,PB,0.4377804721267683
HC,PB_2,CCATGTCGTAAGTTCC-1,PB,0.06957905056283474
HC,PB_2,CCATGTCTCCACGAAT-1,PB,-0.29792794834763775
HC,PB_2,CCCAATCCAGGCTGAA-1,PB,-0.29792794834763775
HC,PB_2,CCCAATCCATCGTCGG-1,PB,0.03648452174602153
HC,PB_2,CCCAGTTCACACCGAC-1,PB,-0.022263222187832696
HC,PB_2,CCCTCCTAGACAATAC-1,PB,0.17884135868470072
HC,PB_2,CCCTCCTCAGGTGCCT-1,PB,-0.29792794834763775
HC,PB_2,CCCTCCTCAGTCCTTC-1,PB,0.12366444275804316
HC,PB_2,CCCTCCTTCACATACG-1,PB,0.3009359918366232
HC,PB_2,CCGGGATTCAAACCAC-1,PB,-0.14811372329542724
HC,PB_2,CCGGTAGAGGTGTTAA-1-1,PB,0.1747297672387465
HC,PB_2,CCGGTAGGTAGCTGCC-1,PB,-0.20957535603290722
HC,PB_2,CCGGTAGTCTCCAACC-1,PB,0.32618967949335653
HC,PB_2,CCGGTAGTCTCTTATG-1,PB,-0.04466167743260071
HC,PB_2,CCGTACTGTAAATGAC-1,PB,0.4142889408920425
HC,PB_2,CCGTACTTCGTTACAG-1,PB,-0.29792794834763775
HC,PB_2,CCGTACTTCTCAAACG-1,PB,-0.19507598810802707
HC,PB_2,CCGTGGAGTAGTAGTA-1,PB,0.07884102836030069
HC,PB_2,CCGTTCACACACTGCG-1,PB,-0.05732541578731148
HC,PB_2,CCGTTCACACGGACAA-1,PB,-0.29792794834763775
HC,PB_2,CCTAAAGAGCTAACAA-1,PB,-0.009893750823822545
HC,PB_2,CCTAAAGTCTGTGCAA-1,PB,-0.29792794834763775
HC,PB_2,CCTACACCAAGAAAGG-1,PB,0.018925184086512146
HC,PB_2,CCTACCACATCAGTAC-1,PB,0.00852932352378742
HC,PB_2,CCTACCATCTAAGCCA-1,PB,-0.13715617736811198
HC,PB_2,CCTAGCTGTGGCCCTA-1,PB,0.054566163372470465
HC,PB_2,CCTAGCTTCACCATAG-1,PB,0.0893557392528307
HC,PB_2,CCTATTAAGGGTCGAT-1,PB,-0.11908663591456826
HC,PB_2,CCTATTACAATCGAAA-1,PB,0.006889841863690753
HC,PB_2,CCTATTACAGCCTTTC-1,PB,-0.22276898447314178
HC,PB_2,CCTCAGTAGGTGCTTT-1,PB,-0.1363468872442656
HC,PB_2,CCTCAGTCAATCTACG-1,PB,-0.29792794834763775
HC,PB_2,CCTCTGAAGGGTTTCT-1,PB,-0.29792794834763775
HC,PB_2,CCTTACGGTAAGAGGA-1,PB,-0.05928899566551695
HC,PB_2,CCTTACGTCAAGAAGT-1,PB,-0.026037568928769746
HC,PB_2,CCTTCCCCAAGCTGGA-1,PB,-0.29792794834763775
HC,PB_2,CCTTCCCCACAGGTTT-1,PB,-0.13415364339747707
HC,PB_2,CCTTCCCGTGACAAAT-1,PB,0.059712767116421754
HC,PB_2,CCTTCGAAGGATGTAT-1,PB,-0.11142721359266325
HC,PB_2,CCTTTCTAGACAAAGG-1,PB,-0.14211540019517124
HC,PB_2,CCTTTCTAGCTGCGAA-1,PB,0.20321523477155726
HC,PB_2,CCTTTCTGTGCATCTA-1,PB,0.660396573887186
HC,PB_2,CGAACATAGGACCACA-1,PB,-0.07837085848936291
HC,PB_2,CGAACATCACAGCCCA-1,PB,-0.29792794834763775
HC,PB_2,CGACCTTCAGTCGATT-1,PB,-0.29792794834763775
HC,PB_2,CGACCTTCATTAGGCT-1,PB,-0.29792794834763775
HC,PB_2,CGACCTTTCCTCAATT-1,PB,-0.29792794834763775
HC,PB_2,CGACTTCTCAGCCTAA-1,PB,-0.29792794834763775
HC,PB_2,CGACTTCTCGCGATCG-1-1,PB,-0.29792794834763775
HC,PB_2,CGAGAAGCAGTAAGCG-1,PB,-0.15700993891127843
HC,PB_2,CGAGAAGTCGGAGGTA-1,PB,-0.1383024413185667
HC,PB_2,CGAGCACAGTCCGGTC-1,PB,-0.05037925073494204
HC,PB_2,CGAGCACAGTTTGCGT-1,PB,-0.18306376790333426
HC,PB_2,CGAGCACCACCTCGGA-1,PB,0.18189823752702844
HC,PB_2,CGAGCACGTCGCATAT-1,PB,0.8542283372546162
HC,PB_2,CGAGCCACAATCGGTT-1,PB,-0.29792794834763775
HC,PB_2,CGAGCCAGTTAAGACA-1,PB,0.30246225660189385
HC,PB_2,CGAGCCATCAGCACAT-1,PB,-0.29792794834763775
HC,PB_2,CGATGGCAGGTGATTA-1,PB,-0.10355048433181757
HC,PB_2,CGATGGCTCAACACAC-1,PB,-0.1427653577793051
HC,PB_2,CGATGTACAGCTCGAC-1,PB,0.4948757134889955
HC,PB_2,CGATGTAGTCTCACCT-1-1,PB,-0.29792794834763775
HC,PB_2,CGATTGAGTGACAAAT-1,PB,0.3838255603347383
HC,PB_2,CGATTGATCGAGCCCA-1,PB,-0.29792794834763775
HC,PB_2,CGCCAAGCACACCGCA-1,PB,-0.15589757429935316
HC,PB_2,CGCCAAGGTCGCTTTC-1,PB,-0.29792794834763775
HC,PB_2,CGCCAAGGTGTGACCC-1,PB,-0.09165973132630979
HC,PB_2,CGCGGTAAGAGGGATA-1,PB,-0.17375348046639935
HC,PB_2,CGCGGTATCCGAAGAG-1,PB,-0.29792794834763775
HC,PB_2,CGCGTTTCAATTCCTT-1,PB,-0.1909565202685211
HC,PB_2,CGCTATCTCCATGCTC-1,PB,0.34135539360880846
HC,PB_2,CGCTATCTCTCCGGTT-1,PB,-0.14647927009133646
HC,PB_2,CGGACACTCCAGTATG-1,PB,-0.07947990418496291
HC,PB_2,CGGACGTGTAGAGGAA-1,PB,-0.09205537940234139
HC,PB_2,CGGACGTGTAGCGCTC-1,PB,-0.07501520195498768
HC,PB_2,CGGAGCTAGCACGCCT-1,PB,-0.04594543339758522
HC,PB_2,CGGAGTCAGAAACCTA-1,PB,-0.20417945220092398
HC,PB_2,CGGAGTCCAATTGCTG-1,PB,-0.08734634522680491
HC,PB_2,CGGAGTCGTACCGCTG-1,PB,0.5403627908784941
HC,PB_2,CGGAGTCTCTAACTTC-1,PB,-0.29792794834763775
HC,PB_2,CGGGTCACATGCCACG-1,PB,0.2854346494814376
HC,PB_2,CGGTTAAGTGTTGGGA-1,PB,0.14510283239072258
HC,PB_2,CGGTTAATCACTCTTA-1,PB,-0.08541805118534243
HC,PB_2,CGTAGCGGTCCGACGT-1,PB,-0.21778927065119635
HC,PB_2,CGTAGCGTCTCGGACG-1,PB,0.026451587523558733
HC,PB_2,CGTAGGCCAGAAGCAC-1-1,PB,0.18220419710150756
HC,PB_2,CGTCTACTCAGTCAGT-1,PB,-0.218294627719736
HC,PB_2,CGTGAGCGTGGTAACG-1,PB,0.0471638945002318
HC,PB_2,CGTGTCTAGAGCTATA-1,PB,0.23046471978197675
HC,PB_2,CGTGTCTAGATCGATA-1,PB,0.2166970307135651
HC,PB_2,CGTGTCTAGCTGGAAC-1,PB,-0.11818516667146779
HC,PB_2,CGTTAGAAGACAAAGG-1,PB,0.2236648574468743
HC,PB_2,CGTTAGAAGCAGCCTC-1,PB,0.1375126316442285
HC,PB_2,CGTTCTGAGTGCGATG-1,PB,0.27029215163646997
HC,PB_2,CGTTCTGGTATAAACG-1,PB,-0.29792794834763775
HC,PB_2,CGTTGGGCACAAGACG-1,PB,0.12674967433251186
HC,PB_2,CGTTGGGCAGTAAGCG-1,PB,0.11838915257620868
HC,PB_2,CGTTGGGCATCGTCGG-1,PB,-0.018714884347992677
HC,PB_2,CTAACTTAGGAATTAC-1,PB,-0.29792794834763775
HC,PB_2,CTAACTTGTACTCAAC-1,PB,-0.07969500745768186
HC,PB_2,CTAACTTGTGATGTCT-1,PB,-0.17969193619403126
HC,PB_2,CTAAGACTCGGCTACG-1,PB,0.15614998542473493
HC,PB_2,CTAATGGGTTACGACT-1,PB,-0.29792794834763775
HC,PB_2,CTAATGGTCCGATATG-1,PB,-0.29792794834763775
HC,PB_2,CTACACCGTAAGTGTA-1,PB,-0.14812507307360886
HC,PB_2,CTACACCTCCGCTGTT-1,PB,-0.12704411706181026
HC,PB_2,CTACATTAGAAGGCCT-1,PB,0.3937964334494151
HC,PB_2,CTACCCAAGATGCCTT-1,PB,-0.07815020650173975
HC,PB_2,CTACCCACATATGAGA-1,PB,-0.29792794834763775
HC,PB_2,CTACCCAGTCTTCGTC-1,PB,-0.03597003406753246
HC,PB_2,CTACGTCAGACTTGAA-1,PB,-0.14298623865286733
HC,PB_2,CTAGAGTAGCCGATTT-1,PB,-0.29792794834763775
HC,PB_2,CTAGCCTTCAGTGTTG-1,PB,0.12501238277008356
HC,PB_2,CTAGCCTTCTACGAGT-1,PB,0.11335089307628905
HC,PB_2,CTAGTGATCCATGAGT-1,PB,-0.29792794834763775
HC,PB_2,CTCACACAGTCGTTTG-1,PB,-0.020818715363294573
HC,PB_2,CTCACACGTGGTACAG-1,PB,-0.1274948989391477
HC,PB_2,CTCAGAAAGCGATCCC-1,PB,-0.11602552817766089
HC,PB_2,CTCGAAAAGATGTGGC-1,PB,-0.13270862945724243
HC,PB_2,CTCGAAACAAGTCTGT-1,PB,-0.29792794834763775
HC,PB_2,CTCGAAACATGCCCGA-1,PB,-0.1362604117253631
HC,PB_2,CTCGAAAGTCCGAAGA-1,PB,-0.02035010210370621
HC,PB_2,CTCGAGGTCTGGTGTA-1-1,PB,-0.07398804666345149
HC,PB_2,CTCGGAGCAGCGATCC-1,PB,-0.29792794834763775
HC,PB_2,CTCGGAGCAGGGCATA-1,PB,-0.20563151814594757
HC,PB_2,CTCGGGACAGCTCGCA-1,PB,-0.07704487029354926
HC,PB_2,CTCGTACCAGCCTGTG-1,PB,0.4185395063995324
HC,PB_2,CTCGTACGTAAATGTG-1,PB,-0.29792794834763775
HC,PB_2,CTCGTCAAGAAACGAG-1,PB,0.006580002181229243
HC,PB_2,CTCGTCAGTCCTAGCG-1,PB,0.24272410417257265
HC,PB_2,CTCTACGAGAAACGCC-1,PB,0.35524431169984727
HC,PB_2,CTCTGGTGTCAAAGAT-1,PB,-0.18120788676777858
HC,PB_2,CTGAAACCACGGCTAC-1,PB,0.480188363890325
HC,PB_2,CTGAAGTGTATATCCG-1,PB,-0.13052552431295
HC,PB_2,CTGATCCAGCAGACTG-1,PB,-0.013187859037866049
HC,PB_2,CTGCCTAAGAGTTGGC-1,PB,-0.29792794834763775
HC,PB_2,CTGCCTAAGCCACGTC-1,PB,0.33309023083031214
HC,PB_2,CTGCCTAAGGGATACC-1,PB,-0.0021136772161044837
HC,PB_2,CTGCCTACACCAGGCT-1-2,PB,-0.08524299601666198
HC,PB_2,CTGCGGAGTCGCATAT-1,PB,0.02066274875087402
HC,PB_2,CTGCGGATCGGATGGA-1,PB,-0.21099928459385567
HC,PB_2,CTGCTGTCATTCCTGC-1,PB,0.03330986712466998
HC,PB_2,CTGCTGTCATTGGGCC-1,PB,-0.0795068945151591
HC,PB_2,CTGCTGTGTAATAGCA-1,PB,-0.042525502775014636
HC,PB_2,CTGCTGTGTCATATGC-1,PB,0.65019784254168
HC,PB_2,CTGCTGTGTTGCGTTA-1,PB,-0.11055733275549404
HC,PB_2,CTGGTCTCAGGAATGC-1,PB,0.02497459505480143
HC,PB_2,CTGGTCTGTTCAACCA-1,PB,-0.12458839875005566
HC,PB_2,CTGTTTATCACCTTAT-1,PB,-0.29792794834763775
HC,PB_2,CTTAACTGTACCGTAT-1,PB,-0.29792794834763775
HC,PB_2,CTTAACTTCCCTGACT-1,PB,0.22698756798252592
HC,PB_2,CTTACCGGTGTGCGTC-1,PB,-0.29792794834763775
HC,PB_2,CTTACCGGTTGCGTTA-1,PB,-0.29792794834763775
HC,PB_2,CTTAGGAGTCCAACTA-1,PB,-0.07709240401835508
HC,PB_2,CTTAGGATCATTGCGA-1,PB,0.14134532277250225
HC,PB_2,CTTAGGATCCGTTGTC-1,PB,0.04422181317422106
HC,PB_2,CTTAGGATCTCAAGTG-1,PB,-0.18962129634389965
HC,PB_2,CTTCTCTAGGTCATCT-1,PB,0.207351910933669
HC,PB_2,CTTCTCTGTTCCCTTG-1,PB,-0.14308457986914075
HC,PB_2,CTTCTCTTCTTTACAC-1,PB,-0.29792794834763775
HC,PB_2,GAAACTCCATGGGACA-1-1,PB,-0.09468939830946425
HC,PB_2,GAAACTCGTAAACACA-1,PB,-0.29792794834763775
HC,PB_2,GAAATGAAGCTCCTCT-1,PB,0.2090674402673303
HC,PB_2,GAAATGAAGTACGCGA-1,PB,0.02728617599374123
HC,PB_2,GAAATGACATGCAATC-1,PB,-0.21923779303498864
HC,PB_2,GAAATGACATGCCTTC-1,PB,-0.29792794834763775
HC,PB_2,GAACATCCACATGTGT-1,PB,-0.17282960069058786
HC,PB_2,GAACCTAAGCTTCGCG-1,PB,-0.17798298799255244
HC,PB_2,GAACCTAAGGCCATAG-1,PB,-0.02105488317496313
HC,PB_2,GAACGGAAGTACGTTC-1-1,PB,0.4225314365123906
HC,PB_2,GAACGGAAGTGCTGCC-1,PB,0.08567952539802667
HC,PB_2,GAACGGATCTAGAGTC-1,PB,-0.2153132914317977
HC,PB_2,GAAGCAGAGTTTGCGT-1,PB,0.021594601547366827
HC,PB_2,GAATAAGGTCAGAGGT-1,PB,-0.29792794834763775
HC,PB_2,GAATGAACATCGGGTC-1-1,PB,-0.03858241185203779
HC,PB_2,GACAGAGGTAGCAAAT-1,PB,-0.035529044621423915
HC,PB_2,GACAGAGTCACCTTAT-1,PB,-0.021314941024563248
HC,PB_2,GACCTGGAGTGTCTCA-1,PB,-0.044999000124994595
HC,PB_2,GACCTGGCACACAGAG-1,PB,-0.1353715390277436
HC,PB_2,GACCTGGGTTGCCTCT-1,PB,-0.1350608755167905
HC,PB_2,GACCTGGTCTTGTCAT-1,PB,0.04761701206674329
HC,PB_2,GACGCGTCAACCGCCA-1,PB,-0.09800579007101039
HC,PB_2,GACGCGTCACACGCTG-1,PB,0.08174345319673122
HC,PB_2,GACGCGTTCGTTTATC-1,PB,0.06441082501362083
HC,PB_2,GACGGCTAGCTAGCCC-1,PB,-0.29792794834763775
HC,PB_2,GACGGCTCAGGTGCCT-1,PB,0.2282438778985767
HC,PB_2,GACGGCTTCTTATCTG-1,PB,0.21430011448278896
HC,PB_2,GACGTGCCAATTGCTG-1,PB,0.017159173991220626
HC,PB_2,GACTAACAGCGTGAAC-1,PB,0.580847612994951
HC,PB_2,GACTACAAGGCAGGTT-1,PB,-0.18309698331501295
HC,PB_2,GACTACATCCGCAGTG-1,PB,0.12006502710265024
HC,PB_2,GACTACATCTGCAGTA-1,PB,0.19469476406454195
HC,PB_2,GACTGCGGTAACGTTC-1,PB,-0.024011674585706196
HC,PB_2,GACTGCGGTTATCGGT-1,PB,-0.1218336837271141
HC,PB_2,GAGCAGAGTATATGGA-1,PB,0.3631945995715512
HC,PB_2,GAGGTGACACTAGTAC-1,PB,0.8350246720061689
HC,PB_2,GAGGTGAGTACCGGCT-1,PB,-0.13428711225808196
HC,PB_2,GAGTCCGGTTATCCGA-1,PB,0.10266118908101018
HC,PB_2,GATCAGTAGTGAACAT-1,PB,0.2168071434617518
HC,PB_2,GATCAGTGTCACTTCC-1,PB,-0.13269192869692678
HC,PB_2,GATCGTACAGCTCCGA-1,PB,0.2626912138679764
HC,PB_2,GATCGTAGTAGGGTAC-1,PB,0.06148819693734804
HC,PB_2,GATGAAATCAAGCCTA-1,PB,0.4730152015961782
HC,PB_2,GATGAGGAGTTAGGTA-1,PB,-0.1399702147238516
HC,PB_2,GATGAGGCAAGTCTAC-1,PB,0.04435889311882366
HC,PB_2,GATGCTACATGAACCT-1,PB,-0.29792794834763775
HC,PB_2,GATGCTAGTCGAACAG-1,PB,-0.015404087453939183
HC,PB_2,GATTCAGGTCATTAGC-1,PB,-0.047086039128090486
HC,PB_2,GATTCAGGTGAAAGAG-1,PB,-0.01497704392237095
HC,PB_2,GCAAACTAGGGTCGAT-1,PB,-0.0554218542573968
HC,PB_2,GCAAACTCACACCGAC-1,PB,0.20923316207140155
HC,PB_2,GCAATCACAAGAAGAG-1,PB,-0.19378187954634504
HC,PB_2,GCACATAAGAGTTGGC-1,PB,-0.1813211902532774
HC,PB_2,GCACATAGTACTTGAC-1,PB,0.431890584464823
HC,PB_2,GCACTCTAGAAACGCC-1,PB,-0.29792794834763775
HC,PB_2,GCACTCTCAGACAGGT-1,PB,0.20067999444041762
HC,PB_2,GCACTCTGTCCTAGCG-1,PB,0.04828326893215349
HC,PB_2,GCAGCCATCGCAAACT-1,PB,-0.04402177379214006
HC,PB_2,GCAGCCATCTGTCCGT-1,PB,0.18862050223487467
HC,PB_2,GCATGCGAGTCATGCT-1,PB,-0.19015989754575
HC,PB_2,GCATGTACAGTCACTA-1,PB,-0.0914010629538948
HC,PB_2,GCCAAATAGGTGGGTT-1,PB,0.061591709862963515
HC,PB_2,GCCAAATTCGTTTAGG-1,PB,0.07176646738904743
HC,PB_2,GCCTCTAAGACAAGCC-1,PB,-0.29792794834763775
HC,PB_2,GCGACCAAGACACGAC-1,PB,0.032134530175969005
HC,PB_2,GCGAGAATCCCGACTT-1,PB,-0.18572413293863385
HC,PB_2,GCGAGAATCTCTGCTG-1,PB,0.1566064376837387
HC,PB_2,GCGCAGTGTATGAAAC-1,PB,0.36091945710129913
HC,PB_2,GCGCAGTGTGACGGTA-1,PB,0.21385883466618122
HC,PB_2,GCGCAGTGTGCAGGTA-1,PB,-0.05787313815121833
HC,PB_2,GCGCCAAAGAAGGTTT-1,PB,0.15415484168956697
HC,PB_2,GCGCCAAAGTCAAGGC-1,PB,0.03851759390058288
HC,PB_2,GCGCCAAGTAAACGCG-1,PB,-0.29792794834763775
HC,PB_2,GCGCCAAGTTGCTCCT-1,PB,0.2751009729629758
HC,PB_2,GCGCGATAGCTAGTCT-1-1,PB,0.2110263463893274
HC,PB_2,GCGCGATGTCAGGACA-1,PB,-0.29792794834763775
HC,PB_2,GCGGGTTCAGACGTAG-1,PB,0.4150820696103748
HC,PB_2,GCTGCAGTCAGCTGGC-1,PB,-0.29792794834763775
HC,PB_2,GCTGCGAAGAGCCTAG-1,PB,0.3215441309083838
HC,PB_2,GCTGCGAAGTGGTCCC-1,PB,-0.29792794834763775
HC,PB_2,GCTGCTTCACAGATTC-1,PB,0.32844789289281157
HC,PB_2,GCTGCTTCATGGGACA-1-1,PB,0.2599779727766805
HC,PB_2,GCTGGGTGTATCTGCA-1,PB,0.4096694574334979
HC,PB_2,GCTGGGTGTGGCCCTA-1,PB,-0.29792794834763775
HC,PB_2,GCTGGGTTCTCAAGTG-1,PB,-0.29792794834763775
HC,PB_2,GCTTCCACACCTCGTT-1,PB,-0.14024571625277413
HC,PB_2,GCTTCCACATGAGCGA-1,PB,-0.16759059124791814
HC,PB_2,GCTTCCATCGCGTTTC-1,PB,0.33537059999245583
HC,PB_2,GCTTGAAAGTGAAGTT-1,PB,0.03217759772855954
HC,PB_2,GGAAAGCTCTACGAGT-1,PB,-0.29792794834763775
HC,PB_2,GGAACTTAGATAGTCA-1,PB,-0.29792794834763775
HC,PB_2,GGAACTTGTTGGTAAA-1,PB,-0.15684990578138885
HC,PB_2,GGAACTTTCGGAGCAA-1,PB,-0.08002611994922836
HC,PB_2,GGAATAAAGTCTCCTC-1,PB,-0.12651456246877404
HC,PB_2,GGACAAGCATTCGACA-1,PB,-0.29792794834763775
HC,PB_2,GGACATTCACCAACCG-1,PB,0.25155624616484146
HC,PB_2,GGACATTGTTTAGCTG-1,PB,0.3266546906434558
HC,PB_2,GGAGCAAAGCCAACAG-1,PB,0.06553454704834176
HC,PB_2,GGCAATTAGAAGGTGA-1,PB,0.1813037572388266
HC,PB_2,GGCAATTGTCTCTTAT-1,PB,0.06257791581191433
HC,PB_2,GGCAATTGTGTTGGGA-1,PB,-0.29792794834763775
HC,PB_2,GGCCGATGTTGAGTTC-1,PB,0.3402199113566256
HC,PB_2,GGCGTGTCATCACCCT-1,PB,-0.29792794834763775
HC,PB_2,GGCGTGTGTCTCTTAT-1,PB,-0.29792794834763775
HC,PB_2,GGCTCGACACTAGTAC-1,PB,-0.05921832123710259
HC,PB_2,GGCTGGTAGTTTGCGT-1,PB,0.21293730394243635
HC,PB_2,GGGAATGTCTAGAGTC-1,PB,-0.29792794834763775
HC,PB_2,GGGACCTAGCGGCTTC-1,PB,0.07890103080545915
HC,PB_2,GGGACCTCACGCATCG-1,PB,0.26437020500369696
HC,PB_2,GGGACCTCATCCAACA-1,PB,0.16826049979274707
HC,PB_2,GGGACCTTCTGATACG-1,PB,0.034143999628407425
HC,PB_2,GGGATGAAGCGTTCCG-1,PB,-0.29792794834763775
HC,PB_2,GGGCACTAGAAGCCCA-1,PB,-0.29792794834763775
HC,PB_2,GGGCACTGTCATCCCT-1,PB,0.34858215776387075
HC,PB_2,GGGCATCCATTCCTGC-1,PB,-0.1420588265738484
HC,PB_2,GGGTCTGAGTGTGGCA-1,PB,-0.29792794834763775
HC,PB_2,GGGTCTGCAGTAAGCG-1,PB,0.07087985984345677
HC,PB_2,GGTATTGCACTTCGAA-1,PB,-0.11604076158179812
HC,PB_2,GGTATTGCAGCCAGAA-1,PB,-0.15579994534867908
HC,PB_2,GGTGAAGGTTGGACCC-1,PB,-0.15955574248406126
HC,PB_2,GGTGTTACATGCCTTC-1,PB,-0.29792794834763775
HC,PB_2,GTAACGTGTAGGGTAC-1,PB,0.12813922648230114
HC,PB_2,GTACGTACATCTCGCT-1,PB,-0.29792794834763775
HC,PB_2,GTACTCCTCCTAGTGA-1,PB,0.0631259332173643
HC,PB_2,GTACTTTCACCCTATC-1,PB,0.23716877750828355
HC,PB_2,GTAGGCCGTCACTGGC-1,PB,0.04549276049389338
HC,PB_2,GTATCTTCAAGCGCTC-1,PB,0.25095513804919506
HC,PB_2,GTATTCTGTCCGCTGA-1,PB,-0.11995100259508464
HC,PB_2,GTATTCTTCTACGAGT-1,PB,-0.29792794834763775
HC,PB_2,GTCAAGTCACGAGAGT-1,PB,-0.18728737120608946
HC,PB_2,GTCAAGTGTATATGAG-1,PB,0.12251420115424781
HC,PB_2,GTCACAAGTCTAGAGG-1-1,PB,0.5762212425719507
HC,PB_2,GTCATTTCAAGTACCT-1,PB,0.32053657783504724
HC,PB_2,GTCATTTGTAAGGGCT-1,PB,-0.29792794834763775
HC,PB_2,GTCATTTTCCCTTGTG-1,PB,-0.14251709787656483
HC,PB_2,GTCCTCAGTTACCGAT-1,PB,0.14687801743327603
HC,PB_2,GTCCTCATCCGAGCCA-1-1,PB,-0.2066342002109026
HC,PB_2,GTCCTCATCGAATGCT-1,PB,-0.032774202293004914
HC,PB_2,GTCCTCATCGTAGGAG-1,PB,0.7940222127789551
HC,PB_2,GTCGGGTCACTGCCAG-1,PB,-0.29792794834763775
HC,PB_2,GTCGGGTTCTCGTATT-1,PB,0.11753826938202115
HC,PB_2,GTCGTAAAGAGCCTAG-1,PB,-0.03930180492342785
HC,PB_2,GTCTCGTAGACAAGCC-1,PB,0.15206986432412398
HC,PB_2,GTCTCGTTCCTGTAGA-1,PB,-0.10974473009173681
HC,PB_2,GTCTCGTTCGTCTGCT-1,PB,0.2400231644820292
HC,PB_2,GTCTCGTTCTGCGGCA-1,PB,0.1968298507685471
HC,PB_2,GTCTTCGGTGTAAGTA-1,PB,-0.29792794834763775
HC,PB_2,GTGCAGCAGATATACG-1,PB,-0.09069240297427315
HC,PB_2,GTGCAGCCAGCAGTTT-1,PB,-0.018525530611101237
HC,PB_2,GTGCATACAAAGCAAT-1,PB,0.2222324329422281
HC,PB_2,GTGCTTCTCCCTGACT-1,PB,-0.0024172995950250686
HC,PB_2,GTGGGTCCACCGCTAG-1,PB,0.10154242244329256
HC,PB_2,GTGGGTCTCACAATGC-1,PB,-0.1820783047466874
HC,PB_2,GTGTGCGAGACTCGGA-1,PB,-0.17204478026697956
HC,PB_2,GTGTGCGAGAGCTTCT-1,PB,-0.19473443906860663
HC,PB_2,GTGTGCGGTTCAGGCC-1,PB,-0.08492312138435808
HC,PB_2,GTGTTAGAGATCCTGT-1,PB,-0.11900511387915214
HC,PB_2,GTGTTAGCATGAGCGA-1,PB,-0.29792794834763775
HC,PB_2,GTTAAGCCATCGGACC-1,PB,-0.1550135717512912
HC,PB_2,GTTAAGCGTAGGGACT-1,PB,-0.00795227775414653
HC,PB_2,GTTAAGCGTCAGAATA-1,PB,-0.026091801126406227
HC,PB_2,GTTACAGAGGATGGAA-1,PB,-0.004819065429939595
HC,PB_2,GTTACAGAGGGTATCG-1,PB,-0.026252478307559033
HC,PB_2,GTTCATTGTATAGTAG-1-1,PB,-0.29792794834763775
HC,PB_2,GTTCGGGAGATCGATA-1,PB,-0.03801522180499434
HC,PB_2,GTTCGGGTCAACACCA-1,PB,-0.16139218178296058
HC,PB_2,GTTCGGGTCTGAGGGA-1,PB,0.001824858923336067
HC,PB_2,GTTCTCGAGACTAGAT-1,PB,-0.15037136451969418
HC,PB_2,GTTCTCGAGCCAGTTT-1,PB,0.24057954593616832
HC,PB_2,GTTCTCGAGTGTCCCG-1,PB,0.31906920428380087
HC,PB_2,GTTCTCGGTAGAGTGC-1,PB,0.010131497387573114
HC,PB_2,GTTCTCGTCGTTACAG-1,PB,-0.29792794834763775
HC,PB_2,GTTTCTATCAGCTCTC-1,PB,-0.03225473684061853
HC,PB_2,TAAGAGACAACACCTA-1,PB,-0.02197367885261775
HC,PB_2,TAAGAGACACAGATTC-1,PB,0.9517761074424661
HC,PB_2,TAAGCGTTCCGCGCAA-1,PB,0.5137179310014081
HC,PB_2,TAAGCGTTCGTCTGAA-1,PB,-0.1570738485609653
HC,PB_2,TAAGTGCGTAGATTAG-1,PB,-0.19484856687189542
HC,PB_2,TAAGTGCTCATGGTCA-1,PB,-0.07392761422975254
HC,PB_2,TAAGTGCTCCGCATAA-1,PB,-0.29792794834763775
HC,PB_2,TACACGACAAAGCAAT-1,PB,-0.05872378583817075
HC,PB_2,TACACGATCGGACAAG-1-1,PB,-0.1805992788697155
HC,PB_2,TACAGTGAGGAGTAGA-1,PB,-0.29792794834763775
HC,PB_2,TACAGTGTCTCAAGTG-1,PB,0.36954388817999784
HC,PB_2,TACCTATGTTAAAGTG-1,PB,0.13839136833809448
HC,PB_2,TACCTTACAAAGAATC-1-1,PB,-0.29792794834763775
HC,PB_2,TACGGATCAGACAAGC-1,PB,-0.15684990578138885
HC,PB_2,TACGGATCAGGAACGT-1,PB,-0.08264107359439375
HC,PB_2,TACGGATCAGTAAGCG-1,PB,-0.29792794834763775
HC,PB_2,TACGGGCAGAGGTAGA-1,PB,-0.29792794834763775
HC,PB_2,TACGGTAGTCAGAATA-1,PB,0.3636608335616704
HC,PB_2,TACTCGCAGTACACCT-1,PB,0.287561374156704
HC,PB_2,TACTTACAGGACATTA-1,PB,-0.14223430906509985
HC,PB_2,TACTTGTAGACTTTCG-1,PB,0.06419605400878489
HC,PB_2,TACTTGTAGCCACCTG-1,PB,0.131394451835575
HC,PB_2,TAGACCACAAGCCATT-1,PB,-0.07310417632766113
HC,PB_2,TAGACCACACTCAGGC-1,PB,0.24025609412166243
HC,PB_2,TAGACCATCACGACTA-1,PB,0.3003007195539123
HC,PB_2,TAGAGCTCACTGTTAG-1,PB,0.051788240068727516
HC,PB_2,TAGCCGGAGTCCAGGA-1,PB,-0.14774028777141632
HC,PB_2,TAGGCATGTCCGTGAC-1,PB,-0.0186188638625772
HC,PB_2,TAGTGGTAGGTAAACT-1,PB,-0.29792794834763775
HC,PB_2,TAGTTGGAGCGTTTAC-1,PB,-0.14953548846315168
HC,PB_2,TAGTTGGCAAAGTGCG-1-1,PB,0.043350531393228975
HC,PB_2,TAGTTGGTCACTTACT-1,PB,0.23156149922632752
HC,PB_2,TAGTTGGTCTTTACGT-1,PB,-0.08513152634242524
HC,PB_2,TATCAGGTCACCATAG-1,PB,0.6236232935456154
HC,PB_2,TATCAGGTCTGAGGGA-1,PB,-0.09978671075633419
HC,PB_2,TATCTCAAGTGAAGAG-1,PB,-0.29792794834763775
HC,PB_2,TATGCCCGTCTCCACT-1,PB,-0.29792794834763775
HC,PB_2,TATGCCCGTGACTACT-1,PB,-0.06748616787311283
HC,PB_2,TATTACCAGAGTTGGC-1,PB,-0.18264295367154776
HC,PB_2,TATTACCTCAACGGCC-1,PB,-0.19506181386310176
HC,PB_2,TCAACGAGTCGAACAG-1-1,PB,-0.15268546586344503
HC,PB_2,TCAATCTAGCCATCGC-1,PB,-0.29792794834763775
HC,PB_2,TCAATCTAGGTGCACA-1,PB,-0.29792794834763775
HC,PB_2,TCAATCTTCTTGGGTA-1,PB,-0.29792794834763775
HC,PB_2,TCACAAGCATTGTGCA-1,PB,-0.29792794834763775
HC,PB_2,TCACAAGTCGCAAACT-1,PB,-0.17790820297041104
HC,PB_2,TCACAAGTCGTACCGG-1,PB,0.12065663751742571
HC,PB_2,TCACGAAGTAGGCATG-1,PB,-0.29792794834763775
HC,PB_2,TCAGATGAGTGAAGAG-1,PB,0.12270593705991274
HC,PB_2,TCAGATGTCATTGCCC-1,PB,-0.1419951696349399
HC,PB_2,TCAGATGTCGTTTGCC-1-1,PB,-0.29792794834763775
HC,PB_2,TCAGCAATCCCACTTG-1,PB,-0.09472082984089204
HC,PB_2,TCAGCTCAGATCTGAA-1,PB,-0.29792794834763775
HC,PB_2,TCAGCTCAGTCTCAAC-1,PB,0.6656635948402009
HC,PB_2,TCAGCTCGTCCGCTGA-1,PB,0.270856282034163
HC,PB_2,TCAGGATCAATGAAAC-1,PB,0.21305856488519462
HC,PB_2,TCAGGATCACACGCTG-1,PB,0.2214075456839887
HC,PB_2,TCAGGTAAGTGCGTGA-1,PB,-0.1101857441009134
HC,PB_2,TCAGGTAGTGCAACTT-1,PB,-0.027098196186980356
HC,PB_2,TCATTACAGCGTTCCG-1,PB,0.3309496076310764
HC,PB_2,TCATTACAGCTGCCCA-1,PB,-0.042863371712902755
HC,PB_2,TCATTACAGTAGCGGT-1,PB,0.18795692130688954
HC,PB_2,TCATTACCAGGGATTG-1,PB,-0.14150467840142295
HC,PB_2,TCATTACGTAGAGCTG-1,PB,-0.09044655258060479
HC,PB_2,TCATTACGTCTCCCTA-1,PB,-0.29792794834763775
HC,PB_2,TCATTACGTGATAAAC-1,PB,-0.1203728253241468
HC,PB_2,TCATTACGTTCGAATC-1,PB,0.34277086755926656
HC,PB_2,TCATTTGCACCGATAT-1,PB,-0.17598154594016985
HC,PB_2,TCATTTGGTGACTACT-1,PB,0.4616014931465031
HC,PB_2,TCCACACCAGGACGTA-1-1,PB,0.1338937719292821
HC,PB_2,TCCACACGTAAAGTCA-1,PB,-0.29792794834763775
HC,PB_2,TCCACACGTCATATGC-1,PB,0.15325136842117248
HC,PB_2,TCGAGGCCAGTTTACG-1,PB,-0.07330966733332549
HC,PB_2,TCGCGAGGTATTCTCT-1,PB,0.21078274479871467
HC,PB_2,TCGCGAGTCAAACAAG-1,PB,-0.08804736374768998
HC,PB_2,TCGTACCTCGGGAGTA-1,PB,0.4544170401641429
HC,PB_2,TCTATTGAGAACAATC-1,PB,-0.20474122477479764
HC,PB_2,TCTCATAGTGAGGGAG-1,PB,-0.10168415809496503
HC,PB_2,TCTCATATCCGTCATC-1,PB,-0.29792794834763775
HC,PB_2,TCTCTAAAGCTGTTCA-1,PB,-0.02810912530791235
HC,PB_2,TCTCTAAAGTGTACCT-1-1,PB,-0.29792794834763775
HC,PB_2,TCTCTAATCCATGCTC-1,PB,0.35165848024160484
HC,PB_2,TCTGAGAAGAGGGCTT-1,PB,-0.011017442252035159
HC,PB_2,TCTGAGAGTACGCTGC-1,PB,0.09483993212023882
HC,PB_2,TCTGGAAGTGAGGGTT-1,PB,-0.0891659117765338
HC,PB_2,TCTTTCCAGCCCAGCT-1,PB,-0.13069503199348906
HC,PB_2,TCTTTCCAGCGATATA-1,PB,0.17616018994213634
HC,PB_2,TCTTTCCAGTCGAGTG-1-1,PB,-0.09796530694853438
HC,PB_2,TGAAAGAAGCGTGAGT-1,PB,-0.09005506240584868
HC,PB_2,TGAAAGACACGGATAG-1,PB,0.2542983527861631
HC,PB_2,TGACGGCTCTCTGAGA-1,PB,-0.29792794834763775
HC,PB_2,TGACTAGCAATGCCAT-1,PB,-0.07029983152370088
HC,PB_2,TGACTAGCATCGACGC-1,PB,-0.11761817239544735
HC,PB_2,TGACTTTAGGGCATGT-1,PB,-0.29792794834763775
HC,PB_2,TGACTTTTCACGAAGG-1,PB,-0.11810664175874062
HC,PB_2,TGACTTTTCGGACAAG-1-1,PB,0.14969792504986276
HC,PB_2,TGACTTTTCTCGTATT-1,PB,-0.013669379284130898
HC,PB_2,TGAGAGGCAAGCCATT-1,PB,-0.024840010586175472
HC,PB_2,TGAGAGGTCACTCTTA-1,PB,-0.29792794834763775
HC,PB_2,TGAGCATTCCACGCAG-1-2,PB,0.10587571720283642
HC,PB_2,TGAGCCGGTTGATTGC-1,PB,0.08213823569058741
HC,PB_2,TGAGCCGTCACTGGGC-1,PB,-0.12438838490330587
HC,PB_2,TGCCCATGTTTAAGCC-1,PB,-0.29792794834763775
HC,PB_2,TGCCCTAGTGACGCCT-1,PB,-0.007025505538556449
HC,PB_2,TGCGCAGCAATGTTGC-1,PB,0.2525590814857675
HC,PB_2,TGCTACCAGGATGGTC-1,PB,-0.29792794834763775
HC,PB_2,TGCTGCTAGCGTGTCC-1,PB,-0.29792794834763775
HC,PB_2,TGCTGCTGTCGCGGTT-1,PB,-0.21228911072409215
HC,PB_2,TGGCCAGTCGGTGTTA-1,PB,-0.29792794834763775
HC,PB_2,TGGCCAGTCTGGAGCC-1-1,PB,-0.16993616989483984
HC,PB_2,TGGCGCACAAGGCTCC-1,PB,0.09068894955162222
HC,PB_2,TGGCGCATCTTGCATT-1,PB,0.21248418378703446
HC,PB_2,TGGGAAGAGCCCTAAT-1,PB,1.0861244327343964
HC,PB_2,TGGGAAGTCAAACGGG-1,PB,0.004544973027117942
HC,PB_2,TGGGAAGTCAGTTCGA-1,PB,-0.14457639516769877
HC,PB_2,TGGGCGTGTCGCGGTT-1,PB,-0.29792794834763775
HC,PB_2,TGGGCGTTCACCATAG-1,PB,-0.29792794834763775
HC,PB_2,TGGGCGTTCAGTCAGT-1,PB,0.2896559359944706
HC,PB_2,TGGGCGTTCTCTGCTG-1,PB,-0.29792794834763775
HC,PB_2,TGTATTCAGTGGCACA-1,PB,-0.29792794834763775
HC,PB_2,TGTATTCGTAGTAGTA-1,PB,-0.08690074039727502
HC,PB_2,TGTCCCATCCTCGCAT-1,PB,-0.19735746853961356
HC,PB_2,TGTCCCATCGGATGTT-1,PB,-0.06835360552606846
HC,PB_2,TGTGGTACAATCCAAC-1,PB,0.03943262143704764
HC,PB_2,TGTGGTAGTAAGCACG-1,PB,-0.014589082423657982
HC,PB_2,TGTGTTTGTAGCTCCG-1,PB,0.270935995093935
HC,PB_2,TGTTCCGCACGACTCG-1,PB,-0.08562469557821688
HC,PB_2,TGTTCCGTCTCACATT-1,PB,-0.29792794834763775
HC,PB_2,TTAGGACTCCACGAAT-1,PB,0.23117078441866434
HC,PB_2,TTAGGCAAGTCCCACG-1,PB,0.013082321613285344
HC,PB_2,TTATGCTCATCACGAT-1-1,PB,0.09139501466719266
HC,PB_2,TTATGCTTCCTCGCAT-1,PB,0.035064662503596675
HC,PB_2,TTCCCAGCAGCTTCGG-1,PB,0.21967168904934967
HC,PB_2,TTCCCAGTCTGCAAGT-1,PB,-0.09111490846635453
HC,PB_2,TTCGAAGCAGTCTTCC-1,PB,0.394235336588664
HC,PB_2,TTCGGTCCAAGGGTCA-1,PB,0.10057204620763281
HC,PB_2,TTCGGTCGTTAGATGA-1,PB,0.5088850895695887
HC,PB_2,TTCTCCTAGCACCGCT-1,PB,0.3673558709886295
HC,PB_2,TTCTCCTAGTCCGGTC-1,PB,-0.16731382398317388
HC,PB_2,TTCTCCTTCACTTCAT-1,PB,-0.29792794834763775
HC,PB_2,TTCTTAGGTACGACCC-1,PB,0.2221000615144942
HC,PB_2,TTGAACGAGTACATGA-1,PB,-0.00694717612708159
HC,PB_2,TTGACTTCAACAACCT-1,PB,-0.12405792604091803
HC,PB_2,TTGACTTTCAACACTG-1,PB,-0.09179703987622201
HC,PB_2,TTGCGTCCAACGATGG-1,PB,-0.29792794834763775
HC,PB_2,TTGGCAACATTTGCTT-1,PB,0.10522956388392771
HC,PB_2,TTGGCAAGTCACCCAG-1,PB,-0.29792794834763775
HC,PB_2,TTGGCAAGTCTGCGGT-1-1,PB,-0.11965495911142887
HC,PB_2,TTGTAGGCATACTACG-1,PB,0.06744246843630397
HC,PB_2,TTTACTGCAATGACCT-1,PB,0.14866729599232045
HC,PB_2,TTTATGCCAGCCAGAA-1,PB,0.8106035220382705
HC,PB_2,TTTATGCCATTCCTGC-1,PB,0.17820771840541313
HC,PB_2,TTTGCGCGTGATAAAC-1,PB,-0.29792794834763775
HC,PB_2,TTTGGTTTCACTTACT-1,PB,0.012058408453759384
HC,PB_2,TTTGTCATCTGTCCGT-1,PB,0.011282946372452767
HC,PB_2,TTTGTCATCTTGTATC-1,PB,0.06915219122585393
HC,PB_3,AAACGGGCACCATCCT-1,PB,0.17051875860015633
HC,PB_3,AAACGGGCACGTAAGG-1,PB,-0.07286270985632402
HC,PB_3,AAAGATGCACAGCCCA-1,PB,0.08313493253657542
HC,PB_3,AAAGCAACATACCATG-1,PB,-0.10621713453340309
HC,PB_3,AAAGCAAGTCGCATAT-1,PB,-0.12686718931118393
HC,PB_3,AAAGCAATCCGCAAGC-1,PB,0.02511538072328297
HC,PB_3,AAAGCAATCTGCAGTA-1,PB,0.6803648148406037
HC,PB_3,AAAGTAGGTGTTTGGT-1,PB,-0.29792794834763775
HC,PB_3,AACACGTCATACGCCG-1,PB,-0.29792794834763775
HC,PB_3,AACCATGCAGACAAAT-1,PB,0.3158941462047225
HC,PB_3,AACCATGCAGGTGGAT-1,PB,0.2696229464105456
HC,PB_3,AACCGCGAGCTACCTA-1,PB,0.22010400931184432
HC,PB_3,AACGTTGCATGATCCA-1,PB,-0.08390460719079543
HC,PB_3,AACGTTGTCCACGAAT-1,PB,0.20679099672867735
HC,PB_3,AACGTTGTCTCGAGTA-1-1,PB,0.5860803137572691
HC,PB_3,AACTCAGGTGTGAATA-1,PB,-0.04948964463039642
HC,PB_3,AACTCCCGTAAGGGCT-1,PB,-0.02654303619313884
HC,PB_3,AACTGGTTCTTCTGGC-1,PB,0.14264397268510312
HC,PB_3,AACTTTCGTTCAGACT-1,PB,0.17817397211833041
HC,PB_3,AAGCCGCAGGCACATG-1,PB,-0.29792794834763775
HC,PB_3,AAGCCGCGTCGCGGTT-1,PB,-0.29792794834763775
HC,PB_3,AAGGTTCCAACTTGAC-1,PB,0.24950067473554685
HC,PB_3,AAGTCTGAGCGCTCCA-1,PB,0.2683793183481012
HC,PB_3,AATCCAGAGACACGAC-1,PB,0.03551650680309919
HC,PB_3,AATCCAGAGCTGAACG-1,PB,0.10525587614769835
HC,PB_3,AATCCAGAGGGCTTCC-1,PB,0.6832089322721553
HC,PB_3,AATCCAGGTTTGGGCC-1,PB,-0.29792794834763775
HC,PB_3,AATCCAGTCATTGCCC-1,PB,-0.010773810967195993
HC,PB_3,AATCGGTAGAGTTGGC-1,PB,-0.1691307002121257
HC,PB_3,AATCGGTCATACTACG-1,PB,-0.29792794834763775
HC,PB_3,AATCGGTCATAGGATA-1,PB,0.5873025322313954
HC,PB_3,AATCGGTGTGCTAGCC-1,PB,0.2235564005752379
HC,PB_3,ACACCAAAGCTTTGGT-1,PB,-0.29792794834763775
HC,PB_3,ACACCCTAGCCGTCGT-1,PB,-0.29792794834763775
HC,PB_3,ACACCGGAGAAGAAGC-1,PB,-0.29792794834763775
HC,PB_3,ACACTGACACCTCGTT-1,PB,0.08752941896187758
HC,PB_3,ACATACGAGTAATCCC-1,PB,0.0906514329195011
HC,PB_3,ACATACGCACGAAGCA-1,PB,0.22974130714669908
HC,PB_3,ACATACGGTTCCAACA-1,PB,0.5646679950651705
HC,PB_3,ACATACGGTTCCCGAG-1,PB,0.034633067666166514
HC,PB_3,ACATACGTCCAAATGC-1,PB,-0.06136955496654641
HC,PB_3,ACATACGTCTACCAGA-1,PB,0.21796558912437258
HC,PB_3,ACCAGTACAAGCGAGT-1,PB,0.360207029902492
HC,PB_3,ACCCACTAGGATGTAT-1,PB,-0.29792794834763775
HC,PB_3,ACCCACTGTGTCAATC-1,PB,0.3030898603712541
HC,PB_3,ACCGTAATCTAACTGG-1,PB,-0.1801010189144854
HC,PB_3,ACCTTTAAGCGTCAAG-1,PB,-0.29792794834763775
HC,PB_3,ACCTTTAAGTTTAGGA-1,PB,0.31336898663793283
HC,PB_3,ACCTTTACACCGAATT-1,PB,-0.29792794834763775
HC,PB_3,ACCTTTAGTCTCACCT-1,PB,-0.29792794834763775
HC,PB_3,ACCTTTATCGACAGCC-1,PB,-0.29792794834763775
HC,PB_3,ACCTTTATCGGAATCT-1,PB,-0.29792794834763775
HC,PB_3,ACCTTTATCTAACTCT-1,PB,-0.29792794834763775
HC,PB_3,ACGAGGAGTAGATTAG-1,PB,-0.1399702147238516
HC,PB_3,ACGATACGTATCACCA-1,PB,-0.29792794834763775
HC,PB_3,ACGATACGTCACAAGG-1,PB,0.02901194700265926
HC,PB_3,ACGATGTGTGGGTATG-1,PB,-0.13209901614903416
HC,PB_3,ACGATGTTCATTCACT-1,PB,-0.012971645552416264
HC,PB_3,ACGATGTTCGTGGTCG-1,PB,0.014572905534225291
HC,PB_3,ACGATGTTCTACGAGT-1,PB,0.11848632328153433
HC,PB_3,ACGATGTTCTGTCTAT-1,PB,-0.29792794834763775
HC,PB_3,ACGCCAGAGACAGACC-1,PB,0.1334804705074428
HC,PB_3,ACGCCGACATACTACG-1,PB,-0.29792794834763775
HC,PB_3,ACGGAGAGTATGAATG-1,PB,0.14153307135954718
HC,PB_3,ACGGAGAGTCGAGTTT-1,PB,-0.0814139475409653
HC,PB_3,ACGGGCTTCCTTTACA-1,PB,-0.09678444261214267
HC,PB_3,ACGGGTCCATCTCCCA-1,PB,-0.29792794834763775
HC,PB_3,ACGGGTCGTGCGCTTG-1,PB,-0.009282767750297747
HC,PB_3,ACGGGTCGTGTGACCC-1,PB,-0.29792794834763775
HC,PB_3,ACGGGTCGTTAGAACA-1,PB,-0.20879767251399375
HC,PB_3,ACGTCAAAGGCTAGCA-1,PB,0.12977902779413716
HC,PB_3,ACGTCAACAGCAGTTT-1,PB,-0.024538306460449164
HC,PB_3,ACTATCTAGTCTCAAC-1,PB,0.3582073394972191
HC,PB_3,ACTATCTTCCAATGGT-1,PB,-0.29792794834763775
HC,PB_3,ACTGAACGTAAAGTCA-1,PB,0.291875626538327
HC,PB_3,ACTGAACGTAGAGGAA-1,PB,-0.07981062342112007
HC,PB_3,ACTGAGTCAAGGCTCC-1,PB,0.06968967679735412
HC,PB_3,ACTGATGGTACCCAAT-1,PB,-0.29792794834763775
HC,PB_3,ACTGATGGTCCATCCT-1,PB,0.06195222620762908
HC,PB_3,ACTGATGGTTACGGAG-1,PB,-0.11499929101740201
HC,PB_3,ACTGATGTCACCATAG-1,PB,0.07433830514045121
HC,PB_3,ACTGCTCAGCGTTCCG-1,PB,-0.0813825683775594
HC,PB_3,ACTGTCCCACGAAATA-1,PB,-0.19444784789940378
HC,PB_3,ACTGTCCCACTTACGA-1,PB,-0.03402953778361171
HC,PB_3,ACTGTCCGTAGAGGAA-1,PB,0.08618082195680131
HC,PB_3,ACTTGTTAGCTTTGGT-1,PB,0.011203829189024819
HC,PB_3,ACTTTCACATCGGGTC-1,PB,0.020798103502472794
HC,PB_3,ACTTTCATCATGTGGT-1,PB,0.29700680826962506
HC,PB_3,ACTTTCATCGTCCGTT-1,PB,-0.10052225571958726
HC,PB_3,AGAATAGAGACCTAGG-1,PB,0.0997418026948302
HC,PB_3,AGAATAGGTTATCGGT-1,PB,0.7594003528527236
HC,PB_3,AGAGCGAGTATGAAAC-1,PB,-0.0964791639127569
HC,PB_3,AGAGCTTAGATGTCGG-1,PB,0.08639096711363048
HC,PB_3,AGAGCTTCACATCTTT-1,PB,0.05694706653563907
HC,PB_3,AGAGTGGAGGGAACGG-1,PB,-0.10856744240517416
HC,PB_3,AGAGTGGCAGAGCCAA-1,PB,0.08472203472460296
HC,PB_3,AGAGTGGTCCTATTCA-1,PB,-0.18806700494026216
HC,PB_3,AGATCTGAGTACACCT-1,PB,-0.20172138681447352
HC,PB_3,AGATCTGTCACCGTAA-1,PB,0.13608758625210146
HC,PB_3,AGCAGCCAGTTAGGTA-1,PB,-0.08938204217330258
HC,PB_3,AGCAGCCGTAAGCACG-1,PB,0.004850940566277773
HC,PB_3,AGCAGCCGTCATGCCG-1,PB,0.780407018284036
HC,PB_3,AGCATACCATGCTAGT-1,PB,0.15415856301421513
HC,PB_3,AGCCTAATCGGATGTT-1,PB,-0.037271463500138595
HC,PB_3,AGCGGTCCATGTCTCC-1,PB,-0.29792794834763775
HC,PB_3,AGCGGTCGTAAATGTG-1,PB,-0.29792794834763775
HC,PB_3,AGCGGTCTCTAGCACA-1,PB,-0.07270292677008112
HC,PB_3,AGCTCCTCATTTGCTT-1,PB,0.49151098174933866
HC,PB_3,AGCTCCTGTCCATGAT-1,PB,0.18509867163938334
HC,PB_3,AGCTCCTGTTATGCGT-1,PB,-0.29792794834763775
HC,PB_3,AGCTCTCGTCCCTTGT-1,PB,0.14463378330083912
HC,PB_3,AGCTTGAGTCCCTTGT-1,PB,0.09809476349739543
HC,PB_3,AGCTTGAGTCTTCGTC-1,PB,-0.06027719642755895
HC,PB_3,AGCTTGATCGCCAAAT-1,PB,0.12221891860244131
HC,PB_3,AGCTTGATCGTCCAGG-1,PB,0.41381044535549655
HC,PB_3,AGGCCACCACGAAATA-1,PB,0.04256430367847121
HC,PB_3,AGGGATGCACAGGCCT-1,PB,0.6443355788682129
HC,PB_3,AGGGTGACAGATGGCA-1,PB,-0.08265725523919062
HC,PB_3,AGGGTGAGTACTTAGC-1,PB,-0.11962799014578088
HC,PB_3,AGGTCATTCGTTACAG-1,PB,-0.29792794834763775
HC,PB_3,AGTAGTCCATCAGTCA-1,PB,-0.015405088244296474
HC,PB_3,AGTAGTCTCCTGCAGG-1,PB,0.12824448659297702
HC,PB_3,AGTCTTTAGGAGTAGA-1,PB,-0.2095246403835113
HC,PB_3,AGTCTTTGTACCGGCT-1,PB,-0.042119746153327024
HC,PB_3,AGTGAGGTCCCTTGCA-1,PB,-0.14888789412092754
HC,PB_3,AGTGGGACAGTAAGCG-1,PB,0.3644988720874961
HC,PB_3,AGTGGGAGTTACAGAA-1,PB,-0.2044325981836967
HC,PB_3,AGTGTCAAGTGTTTGC-1,PB,-0.015489578294958395
HC,PB_3,AGTGTCAGTACAGCAG-1,PB,-0.08274459041108136
HC,PB_3,AGTGTCAGTCCTGCTT-1,PB,0.19353063972185552
HC,PB_3,AGTGTCATCACCGTAA-1,PB,-0.2294971115119378
HC,PB_3,AGTTGGTAGAGCTATA-1,PB,0.17977582514792154
HC,PB_3,AGTTGGTGTTTAAGCC-1,PB,0.3960807672236228
HC,PB_3,AGTTGGTTCCATGAAC-1,PB,-0.1415085859121425
HC,PB_3,ATAACGCGTCTTCTCG-1,PB,-0.11426560758737445
HC,PB_3,ATAGACCAGAGCTATA-1,PB,0.11896676066589232
HC,PB_3,ATCACGACACGGACAA-1,PB,-0.05459006033375098
HC,PB_3,ATCATCTAGACTTGAA-1,PB,0.005656027329608079
HC,PB_3,ATCATCTAGGTAAACT-1,PB,0.24127022401876372
HC,PB_3,ATCATCTGTGAGGGTT-1,PB,-0.19678686293764897
HC,PB_3,ATCATCTGTTGTGGCC-1,PB,-0.20224366250301978
HC,PB_3,ATCATGGGTCGCATCG-1,PB,0.23264957541389597
HC,PB_3,ATCATGGGTTAAGATG-1,PB,0.011867438438084656
HC,PB_3,ATCATGGTCAAGGTAA-1,PB,-0.17747278222949228
HC,PB_3,ATCCACCGTAAGTAGT-1,PB,0.29432617081544477
HC,PB_3,ATCCACCTCGCCTGAG-1,PB,0.3101538837111924
HC,PB_3,ATCTGCCAGGTAGCCA-1,PB,0.1251133272499224
HC,PB_3,ATCTGCCCACAGGAGT-1,PB,-0.19483431220572234
HC,PB_3,ATCTGCCCACCAGGCT-1,PB,0.5291642150132153
HC,PB_3,ATCTGCCGTGCTCTTC-1,PB,0.07474135330588676
HC,PB_3,ATGAGGGAGTATTGGA-1,PB,-0.29792794834763775
HC,PB_3,ATGTGTGTCTGAGTGT-1,PB,-0.06131521835508212
HC,PB_3,ATTATCCTCAGCACAT-1,PB,-0.06145085779384225
HC,PB_3,ATTATCCTCTGCCAGG-1,PB,0.08336054980307017
HC,PB_3,ATTCTACTCATATCGG-1,PB,-0.29792794834763775
HC,PB_3,ATTGGACGTAAGTGGC-1,PB,0.20228967712969975
HC,PB_3,ATTTCTGAGCTGTCTA-1,PB,0.10293312176291848
HC,PB_3,ATTTCTGGTGCTAGCC-1,PB,0.10692164997514562
HC,PB_3,ATTTCTGTCCTGTAGA-1,PB,-0.09086031443141673
HC,PB_3,CAACCAACAGGGATTG-1,PB,0.1898705349404509
HC,PB_3,CAACCTCGTGATGTGG-1,PB,-0.1669145379744584
HC,PB_3,CAACCTCTCTGTCTCG-1,PB,0.0373643168611762
HC,PB_3,CAACTAGAGGAGCGAG-1,PB,-0.23027356860682224
HC,PB_3,CAACTAGAGTATCTCG-1,PB,-0.29792794834763775
HC,PB_3,CAACTAGTCATGGTCA-1,PB,-0.1515390085011885
HC,PB_3,CAACTAGTCATTGCGA-1,PB,-0.04478202107489359
HC,PB_3,CAAGGCCTCTCTAGGA-1,PB,-0.29792794834763775
HC,PB_3,CAAGTTGCAATAGCAA-1,PB,-0.017768724653546047
HC,PB_3,CACAAACTCAAGCCTA-1,PB,-0.29792794834763775
HC,PB_3,CACACAACACGGCCAT-1,PB,-0.29792794834763775
HC,PB_3,CACACAATCCACGAAT-1,PB,-0.29792794834763775
HC,PB_3,CACACCTTCATGCAAC-1-2,PB,-0.29792794834763775
HC,PB_3,CACACTCGTGGGTCAA-1,PB,-0.29792794834763775
HC,PB_3,CACAGTAAGGTGCTAG-1,PB,0.4489283788123561
HC,PB_3,CACATTTCATCGACGC-1,PB,0.22455578219924985
HC,PB_3,CACCACTTCGTACCGG-1,PB,0.22931523561048853
HC,PB_3,CACCTTGAGTGTACCT-1,PB,-0.11173295193846955
HC,PB_3,CACCTTGCAAGACGTG-1,PB,0.15896819783330324
HC,PB_3,CACTCCATCCGTCAAA-1,PB,-0.0112655309389383
HC,PB_3,CAGAGAGAGCGTGAGT-1,PB,0.03725045894204255
HC,PB_3,CAGATCACAAGCCCAC-1,PB,0.5443281160338692
HC,PB_3,CAGATCAGTTGGTTTG-1,PB,-0.1089782192973581
HC,PB_3,CAGATCATCACGACTA-1,PB,-0.11224093617953458
HC,PB_3,CAGCAGCGTGAACCTT-1,PB,0.7115791490773352
HC,PB_3,CAGCATAGTGATAAGT-1,PB,-0.07004435912277521
HC,PB_3,CAGCGACCAAGACACG-1,PB,-0.12826241753932258
HC,PB_3,CAGCGACGTAACGACG-1,PB,0.26479723748260164
HC,PB_3,CAGCTAACATGAGCGA-1,PB,-0.29792794834763775
HC,PB_3,CAGCTGGCAATGCCAT-1,PB,0.027307849733657297
HC,PB_3,CAGCTGGGTATCAGTC-1,PB,-0.11508497656680206
HC,PB_3,CAGGTGCTCTCGTATT-1,PB,-0.29792794834763775
HC,PB_3,CAGTAACAGGCTCATT-1,PB,-0.07465504374438449
HC,PB_3,CAGTAACCATCACGAT-1,PB,-0.1398399206890149
HC,PB_3,CAGTAACGTACCGTAT-1,PB,0.04155909219165349
HC,PB_3,CAGTCCTCAGCGTAAG-1,PB,0.32101493666717495
HC,PB_3,CAGTCCTGTCTTGCGG-1,PB,0.14201104329707714
HC,PB_3,CATATGGCAAGCCATT-1,PB,-0.29792794834763775
HC,PB_3,CATATTCAGATGAGAG-1,PB,0.1440032888230066
HC,PB_3,CATATTCTCTGTCTCG-1,PB,0.02545404772773563
HC,PB_3,CATCAAGGTGTATGGG-1,PB,-0.15965463046089137
HC,PB_3,CATCAGACAAGGTTTC-1,PB,-0.2196302587769245
HC,PB_3,CATCCACCATCGTCGG-1,PB,-0.19978516485236233
HC,PB_3,CATCGAACATCACAAC-1,PB,0.19206001775552367
HC,PB_3,CATGACAAGAAGGGTA-1,PB,-0.29792794834763775
HC,PB_3,CATGACACATCCCACT-1,PB,-0.29792794834763775
HC,PB_3,CATGCCTCAGCCTGTG-1-1,PB,0.14313445419262152
HC,PB_3,CATGCCTGTTCTGTTT-1,PB,0.03261752963894835
HC,PB_3,CATGGCGAGAATTGTG-1,PB,0.03253527851434941
HC,PB_3,CATTATCAGTACGATA-1,PB,0.08119179055754766
HC,PB_3,CATTATCTCAGTGTTG-1,PB,0.3299830992018928
HC,PB_3,CCACCTAGTGCGGTAA-1,PB,0.12942144291051982
HC,PB_3,CCACGGAAGTATCGAA-1,PB,-0.29792794834763775
HC,PB_3,CCACGGATCTCCCTGA-1,PB,0.06954587864604085
HC,PB_3,CCATGTCAGTTTAGGA-1,PB,-0.08673921834698664
HC,PB_3,CCATGTCTCTGTCCGT-1,PB,-0.10642516338142045
HC,PB_3,CCATTCGAGGATGGTC-1,PB,-0.1910339056142198
HC,PB_3,CCCAATCGTTCGCGAC-1,PB,0.23229738105724232
HC,PB_3,CCCTCCTAGGAGTAGA-1,PB,0.20065667419078229
HC,PB_3,CCCTCCTGTAAGTGGC-1,PB,0.5614798750839295
HC,PB_3,CCGGGATCACCCATTC-1,PB,-0.29792794834763775
HC,PB_3,CCGGTAGAGCGGATCA-1,PB,-0.29792794834763775
HC,PB_3,CCGGTAGAGTCATCCA-1,PB,0.22613436247185675
HC,PB_3,CCGTACTGTAAGAGGA-1,PB,-0.29792794834763775
HC,PB_3,CCGTACTGTCTCTTAT-1,PB,0.029240444579353413
HC,PB_3,CCGTACTTCTCTGAGA-1,PB,0.2135980109880816
HC,PB_3,CCGTGGATCGCTTAGA-1,PB,-0.101165005867321
HC,PB_3,CCGTTCAAGCCAGTTT-1,PB,-0.06701426669362602
HC,PB_3,CCGTTCATCATGTCCC-1,PB,-0.14694559361679968
HC,PB_3,CCGTTCATCGCAGGCT-1,PB,-0.13853857705701914
HC,PB_3,CCTACCACATGTTGAC-1,PB,-0.20104409917078644
HC,PB_3,CCTATTACAAACTGTC-1,PB,0.5315744177945068
HC,PB_3,CCTATTAGTTCCACTC-1,PB,-0.29792794834763775
HC,PB_3,CCTATTATCCGTTGTC-1,PB,0.011608656118234981
HC,PB_3,CCTATTATCGTTGCCT-1,PB,-0.29792794834763775
HC,PB_3,CCTCAGTAGCTAGTGG-1,PB,-0.21654611397632567
HC,PB_3,CCTCAGTGTAAGGATT-1,PB,0.1527984186966406
HC,PB_3,CCTCAGTTCTCGAGTA-1,PB,0.5428483466049538
HC,PB_3,CCTTCGACACTTCTGC-1,PB,-0.09208171582420437
HC,PB_3,CCTTCGAGTGTCAATC-1,PB,-0.29792794834763775
HC,PB_3,CCTTTCTCACAACTGT-1,PB,0.019106632886623977
HC,PB_3,CCTTTCTGTCAGAGGT-1,PB,0.12512672581559772
HC,PB_3,CCTTTCTGTTGTGGAG-1,PB,0.23885304786998537
HC,PB_3,CGAACATAGGTGGGTT-1,PB,0.29764694326172186
HC,PB_3,CGAATGTGTATAGGGC-1,PB,-0.05919313380388073
HC,PB_3,CGACCTTCATGAACCT-1,PB,0.0321325919316075
HC,PB_3,CGACTTCCATTGGCGC-1,PB,-0.08670941333385151
HC,PB_3,CGACTTCGTGTTGGGA-1,PB,0.028213507841741415
HC,PB_3,CGAGAAGTCGCGATCG-1,PB,0.22862490218747786
HC,PB_3,CGAGCACGTTCAACCA-1,PB,-0.02569356790010387
HC,PB_3,CGATGGCAGTGGACGT-1,PB,-0.16849351110081698
HC,PB_3,CGATGGCTCGTTTGCC-1,PB,-0.11299480164769522
HC,PB_3,CGATGTACACCACCAG-1,PB,-0.09368398213797777
HC,PB_3,CGATGTATCACGAAGG-1,PB,-0.06268876971530266
HC,PB_3,CGATTGATCTACTCAT-1,PB,0.16854172440028242
HC,PB_3,CGCCAAGCACAGCCCA-1,PB,-0.01627458602320587
HC,PB_3,CGCCAAGCACCTATCC-1,PB,-0.07817855661960993
HC,PB_3,CGCCAAGCAGTCGTGC-1,PB,0.22641174886483564
HC,PB_3,CGCTATCTCATCACCC-1,PB,-0.29792794834763775
HC,PB_3,CGCTGGAAGCCTCGTG-1,PB,-0.29792794834763775
HC,PB_3,CGCTGGAGTGTTCTTT-1,PB,0.18509867163938334
HC,PB_3,CGCTGGATCGCCAGCA-1,PB,-0.13109085214702812
HC,PB_3,CGCTTCAAGTTACCCA-1,PB,-0.19020712492352246
HC,PB_3,CGCTTCATCAGGTTCA-1,PB,0.5147512380450567
HC,PB_3,CGCTTCATCGGCATCG-1,PB,-0.29792794834763775
HC,PB_3,CGGACGTCAAAGTGCG-1-1,PB,-0.061276912037482666
HC,PB_3,CGGACGTTCTGAGGGA-1-1,PB,0.40732118006994666
HC,PB_3,CGGACTGAGGCGATAC-1-1,PB,0.312282127332105
HC,PB_3,CGGAGCTAGTGATCGG-1,PB,-0.29792794834763775
HC,PB_3,CGGAGCTTCTACCTGC-1-1,PB,-0.19460569470352965
HC,PB_3,CGGAGTCCATGCCTAA-1,PB,0.1782356740956728
HC,PB_3,CGGAGTCTCACCGGGT-1,PB,0.8353777760901314
HC,PB_3,CGGCTAGAGGAATCGC-1,PB,-0.10673504885014064
HC,PB_3,CGGCTAGGTTTGACTG-1,PB,0.26283357859920276
HC,PB_3,CGGTTAACATGTCCTC-1,PB,-0.29792794834763775
HC,PB_3,CGGTTAATCTCCAGGG-1,PB,-0.2132619364008002
HC,PB_3,CGTCACTCAATAAGCA-1,PB,-0.18630769967066216
HC,PB_3,CGTCACTTCGTTACGA-1,PB,-0.2069919440790994
HC,PB_3,CGTCAGGGTGCACCAC-1,PB,-0.026557601935401885
HC,PB_3,CGTCCATTCATCGGAT-1,PB,-0.29792794834763775
HC,PB_3,CGTCTACGTCTACCTC-1,PB,0.042457126872777654
HC,PB_3,CGTCTACTCCGAATGT-1-1,PB,-0.04551276408340321
HC,PB_3,CGTGAGCAGGGCTCTC-1-1,PB,-0.29792794834763775
HC,PB_3,CGTGAGCTCGAATGGG-1,PB,0.18270497848224615
HC,PB_3,CGTGTAATCGGTGTTA-1,PB,-0.1075760839703387
HC,PB_3,CGTGTAATCTTGCCGT-1,PB,-0.17717703309069582
HC,PB_3,CGTGTCTAGGTCATCT-1,PB,-0.29792794834763775
HC,PB_3,CGTTAGACAGCATGAG-1,PB,0.025299066246314388
HC,PB_3,CGTTCTGAGAATTGTG-1,PB,-0.21243091348928125
HC,PB_3,CGTTCTGCATTGAGCT-1,PB,-0.16866507242980494
HC,PB_3,CGTTGGGCATAGAAAC-1-1,PB,-0.29792794834763775
HC,PB_3,CGTTGGGGTGAGTGAC-1,PB,0.10956291151230776
HC,PB_3,CTAACTTTCAAGAAGT-1,PB,-0.29792794834763775
HC,PB_3,CTACACCAGATACACA-1,PB,0.28538696077224784
HC,PB_3,CTACACCAGCCAGGAT-1,PB,0.23404184524179053
HC,PB_3,CTACACCAGCGCCTTG-1,PB,0.02182384616967933
HC,PB_3,CTACACCGTTATCACG-1,PB,0.24899172874408243
HC,PB_3,CTACATTAGTGACTCT-1,PB,-0.19225509220945622
HC,PB_3,CTACCCAAGGTGCTAG-1,PB,-0.29792794834763775
HC,PB_3,CTACGTCTCGCCGTGA-1,PB,-0.15744412919402065
HC,PB_3,CTAGCCTCATCTCGCT-1,PB,0.4379852277530065
HC,PB_3,CTAGCCTTCTACTTAC-1,PB,-0.1459122878468952
HC,PB_3,CTAGTGACACAACGTT-1,PB,-0.29792794834763775
HC,PB_3,CTCACACCAAACGCGA-1,PB,-0.11031772475730392
HC,PB_3,CTCACACCAGGTCGTC-1,PB,-0.13121432970322092
HC,PB_3,CTCAGAAGTAGCGCAA-1,PB,0.15984694437386843
HC,PB_3,CTCATTACAGGATCGA-1,PB,-0.29792794834763775
HC,PB_3,CTCATTATCCACGAAT-1,PB,-0.08546191321475065
HC,PB_3,CTCGAAAAGATAGGAG-1,PB,0.135596487780784
HC,PB_3,CTCGAGGAGTGAACGC-1,PB,-0.10839441865296477
HC,PB_3,CTCGGAGAGCGATTCT-1-1,PB,0.33276602087889834
HC,PB_3,CTCGGGACAAGCCTAT-1,PB,0.22026704117505927
HC,PB_3,CTCGTACGTACGAAAT-1,PB,0.116059092894367
HC,PB_3,CTCGTCAAGTGGGTTG-1,PB,0.010290612448704809
HC,PB_3,CTCGTCATCAGCTCGG-1,PB,-0.29792794834763775
HC,PB_3,CTCGTCATCTGTTGAG-1,PB,0.11419389557541137
HC,PB_3,CTCTAATTCTAACTGG-1,PB,0.3800475200671423
HC,PB_3,CTCTACGAGTCCGTAT-1,PB,0.3996472540398434
HC,PB_3,CTCTACGGTAACGCGA-1,PB,-0.29792794834763775
HC,PB_3,CTGAAGTTCATGTCTT-1,PB,0.03528362384461225
HC,PB_3,CTGATAGAGAGCTATA-1,PB,-0.29792794834763775
HC,PB_3,CTGATAGCATTCTTAC-1,PB,-0.29792794834763775
HC,PB_3,CTGCCTATCACATAGC-1-1,PB,-0.04542019257376635
HC,PB_3,CTGCCTATCACGATGT-1,PB,0.09465362821129927
HC,PB_3,CTGCTGTTCTCTGTCG-1,PB,0.0025375766732550964
HC,PB_3,CTGGTCTAGCGATTCT-1,PB,0.021432746694097563
HC,PB_3,CTGGTCTTCCGCAGTG-1,PB,0.1480804188270071
HC,PB_3,CTGTTTACAGTATCTG-1,PB,-0.058512165746611104
HC,PB_3,CTGTTTACATACTACG-1,PB,-0.1095796037043152
HC,PB_3,CTTACCGGTACGCTGC-1,PB,0.5762146062912918
HC,PB_3,CTTAGGAGTTGAGTTC-1,PB,-0.18862811525296763
HC,PB_3,CTTGGCTAGCTAAACA-1,PB,0.1358554757836496
HC,PB_3,CTTGGCTGTCGGGTCT-1,PB,0.15316441413660944
HC,PB_3,CTTGGCTGTGACTCAT-1,PB,-0.08635527256844767
HC,PB_3,CTTTGCGGTGAGGGAG-1,PB,0.2675080407023326
HC,PB_3,CTTTGCGGTTGTACAC-1,PB,-0.17758451750065893
HC,PB_3,GAAACTCAGGAATGGA-1,PB,-0.08596594204743749
HC,PB_3,GAAACTCGTCTCCCTA-1,PB,-0.15763032224830947
HC,PB_3,GAAACTCGTGGTACAG-1,PB,0.13258303508292674
HC,PB_3,GAAATGAAGAGGTAGA-1,PB,-0.13390698898193867
HC,PB_3,GAAATGACAGCTGTAT-1,PB,-0.29792794834763775
HC,PB_3,GAAATGAGTGATGATA-1,PB,-0.07185001048952484
HC,PB_3,GAAATGATCCGAGCCA-1,PB,-0.29792794834763775
HC,PB_3,GAACATCAGTTCGATC-1,PB,0.18939966016556595
HC,PB_3,GAACATCCAATAACGA-1,PB,0.1090545870074119
HC,PB_3,GAACCTACACCAACCG-1,PB,-0.20611933332981017
HC,PB_3,GAACCTAGTTAAGACA-1,PB,0.29328767155484897
HC,PB_3,GAACCTAGTTACGACT-1,PB,0.4710573562826183
HC,PB_3,GAACGGAGTAAGGGCT-1,PB,-0.29792794834763775
HC,PB_3,GAATAAGAGGACATTA-1,PB,-0.10344887050244675
HC,PB_3,GAATAAGTCAACCAAC-1,PB,-0.12494438914286866
HC,PB_3,GAATGAACAATAGAGT-1,PB,-0.11354184494404786
HC,PB_3,GACAGAGCAAGCGATG-1,PB,-0.10656893430179666
HC,PB_3,GACAGAGGTAATTGGA-1,PB,0.009617690560037553
HC,PB_3,GACAGAGTCTAGCACA-1,PB,-0.03473976829765745
HC,PB_3,GACAGAGTCTCTTATG-1,PB,0.06730783561738371
HC,PB_3,GACCTGGAGGCCCTTG-1,PB,-0.29792794834763775
HC,PB_3,GACGCGTTCCCTGACT-1,PB,0.2258402564635325
HC,PB_3,GACGGCTAGCTCTCGG-1,PB,-0.13536886120676908
HC,PB_3,GACGTGCCAGTATCTG-1,PB,0.528355564533204
HC,PB_3,GACTACAAGGCAATTA-1,PB,0.17183809434162908
HC,PB_3,GACTACATCCGGGTGT-1,PB,-0.0680743732573482
HC,PB_3,GAGCAGAAGTACACCT-1,PB,-0.20253244515122532
HC,PB_3,GAGCAGATCAGCCTAA-1,PB,-0.05888190957534885
HC,PB_3,GAGGTGAGTCTCACCT-1,PB,-0.29792794834763775
HC,PB_3,GAGGTGATCACCGGGT-1,PB,-0.29792794834763775
HC,PB_3,GAGGTGATCTTAGAGC-1,PB,0.5865834681530856
HC,PB_3,GATCAGTGTATCTGCA-1,PB,0.009136491056249538
HC,PB_3,GATCGATAGTAACCCT-1,PB,-0.062208325234539195
HC,PB_3,GATCGCGGTGACGCCT-1,PB,0.010407032583041684
HC,PB_3,GATCGCGTCCTCAATT-1,PB,-0.22190724567128997
HC,PB_3,GATCTAGAGTCAAGGC-1,PB,-0.29792794834763775
HC,PB_3,GATCTAGGTCGGATCC-1,PB,-0.12440359208251427
HC,PB_3,GATCTAGGTTGGAGGT-1,PB,-0.29792794834763775
HC,PB_3,GATGAAAGTAAATACG-1,PB,-0.13299407089242207
HC,PB_3,GATGAGGAGTTTAGGA-1,PB,0.03727728361945461
HC,PB_3,GATGAGGCAAAGAATC-1,PB,-0.1969782924088772
HC,PB_3,GATGAGGTCGTTTATC-1,PB,0.015634218780610158
HC,PB_3,GATGAGGTCTATGTGG-1,PB,0.4891441682019938
HC,PB_3,GATGCTATCAGCTCGG-1,PB,-0.15673764301021906
HC,PB_3,GATGCTATCTGAGGGA-1,PB,0.4745980141450946
HC,PB_3,GATTCAGCACTAAGTC-1,PB,-0.29792794834763775
HC,PB_3,GATTCAGCAGCCAGAA-1,PB,-0.08795236993536738
HC,PB_3,GCAAACTTCTTATCTG-1,PB,0.08131749260628987
HC,PB_3,GCACATACAGTTAACC-1,PB,0.4114838381991416
HC,PB_3,GCACATATCAACTCTT-1,PB,0.10922711784197173
HC,PB_3,GCACTCTAGCTGCGAA-1,PB,-0.03295478170237353
HC,PB_3,GCACTCTTCTCCAGGG-1,PB,0.1813867410216485
HC,PB_3,GCAGCCACATACTCTT-1,PB,-0.29792794834763775
HC,PB_3,GCAGTTAGTACAAGTA-1,PB,-0.1238917107092939
HC,PB_3,GCATACACATGGTAGG-1,PB,0.016904677991836956
HC,PB_3,GCATGATCACTCAGGC-1,PB,0.2603552762907332
HC,PB_3,GCATGCGTCATTGCCC-1,PB,-0.29792794834763775
HC,PB_3,GCATGTAGTACAGTGG-1,PB,0.2253819218471514
HC,PB_3,GCCAAATTCAGCAACT-1,PB,-0.04531169507836118
HC,PB_3,GCGACCACAACTTGAC-1,PB,-0.1481433329735194
HC,PB_3,GCGACCACATTGTGCA-1-1,PB,-0.1618296606783948
HC,PB_3,GCGAGAACACATCTTT-1,PB,-0.08473196431775329
HC,PB_3,GCGCAACAGCTAACTC-1,PB,0.16520439406081983
HC,PB_3,GCGCCAAAGCCCAGCT-1,PB,0.37401197337624476
HC,PB_3,GCGCCAAAGTCACGCC-1,PB,-0.14614155907011891
HC,PB_3,GCGCCAACACTCAGGC-1,PB,0.1509824579255867
HC,PB_3,GCGCCAACATGCCACG-1,PB,0.37344902741997615
HC,PB_3,GCGCGATCAAACCTAC-1-1,PB,-0.07705170994216977
HC,PB_3,GCGGGTTAGCAATATG-1,PB,0.16456547944023206
HC,PB_3,GCGGGTTAGTGTCTCA-1,PB,-0.29792794834763775
HC,PB_3,GCGGGTTGTAGGCTGA-1,PB,0.26618614263576074
HC,PB_3,GCGGGTTTCGTTACAG-1,PB,-0.29792794834763775
HC,PB_3,GCTCTGTGTACATCCA-1,PB,-0.29792794834763775
HC,PB_3,GCTCTGTGTCTCTTAT-1,PB,0.10786723534121842
HC,PB_3,GCTCTGTTCTATCCTA-1,PB,-0.1040551595283682
HC,PB_3,GCTGCAGCACAACTGT-1,PB,-0.054242684375802507
HC,PB_3,GCTTGAATCGGCCGAT-1,PB,-0.05061460075911127
HC,PB_3,GGAAAGCTCAACGGCC-1,PB,-0.29792794834763775
HC,PB_3,GGAACTTGTAGTAGTA-1,PB,0.658925346976597
HC,PB_3,GGAACTTGTGAAATCA-1,PB,-0.16233052367405953
HC,PB_3,GGAATAACATCGATTG-1,PB,-0.028226914071585278
HC,PB_3,GGACAAGAGATGTGTA-1,PB,-0.29792794834763775
HC,PB_3,GGACAGACAGTCGATT-1,PB,0.1714415941904885
HC,PB_3,GGACATTCATCCAACA-1,PB,0.10262460544656046
HC,PB_3,GGACGTCCATTGGCGC-1-1,PB,0.011574402054610054
HC,PB_3,GGAGCAATCGACGGAA-1,PB,-0.29792794834763775
HC,PB_3,GGATGTTGTGGTCCGT-1,PB,-0.15726382201038727
HC,PB_3,GGATGTTTCTAACCGA-1,PB,-0.16910437876065895
HC,PB_3,GGATTACAGCGAAGGG-1,PB,0.6048038032695287
HC,PB_3,GGCAATTGTACTCAAC-1,PB,-0.29792794834763775
HC,PB_3,GGCCGATAGAAACCGC-1,PB,-0.08230126343609631
HC,PB_3,GGCCGATAGAGATGAG-1,PB,0.14441951513549195
HC,PB_3,GGCCGATGTGCCTGTG-1,PB,0.11895766918861887
HC,PB_3,GGCGACTTCATGTGGT-1,PB,-0.07069835161053825
HC,PB_3,GGCGTGTAGAATGTTG-1,PB,-0.29792794834763775
HC,PB_3,GGCGTGTCATCGGAAG-1,PB,-0.06043711624246683
HC,PB_3,GGCGTGTGTCTCAACA-1,PB,0.24634955117209428
HC,PB_3,GGCGTGTTCCAGTAGT-1,PB,0.4445129603161175
HC,PB_3,GGCGTGTTCTGCCAGG-1,PB,0.37792632856093505
HC,PB_3,GGCTGGTCAGCCTGTG-1,PB,0.320555758349704
HC,PB_3,GGGAATGTCCATTCTA-1,PB,-0.10516124449672153
HC,PB_3,GGGACCTAGGAGTTGC-1,PB,0.3551813253378083
HC,PB_3,GGGACCTTCTGTCTCG-1,PB,-0.29792794834763775
HC,PB_3,GGGTTGCAGACTGGGT-1,PB,-0.29792794834763775
HC,PB_3,GGGTTGCCAGACAAGC-1,PB,0.026386831524496692
HC,PB_3,GGGTTGCCATTACCTT-1,PB,-0.10176456532012347
HC,PB_3,GGGTTGCGTGGCAAAC-1,PB,-0.29792794834763775
HC,PB_3,GGGTTGCGTTCCACAA-1,PB,0.08952750528480394
HC,PB_3,GGTATTGAGCTGCAAG-1,PB,-0.22028025345963834
HC,PB_3,GGTATTGCAACCGCCA-1,PB,-0.1360871693061765
HC,PB_3,GGTATTGGTCAAGCGA-1,PB,-0.2068513777905953
HC,PB_3,GGTATTGTCTGATTCT-1,PB,0.31190143124892916
HC,PB_3,GGTGAAGCATGCGCAC-1,PB,-0.29792794834763775
HC,PB_3,GGTGCGTCAATACGCT-1,PB,0.04501932093322063
HC,PB_3,GGTGTTAAGCAGGTCA-1,PB,-0.14027767064495142
HC,PB_3,GGTGTTAAGCTCCTTC-1,PB,0.1330416907055039
HC,PB_3,GGTGTTATCCATGAAC-1,PB,-0.08682324467355047
HC,PB_3,GTAACGTCAGGTCTCG-1,PB,-0.29792794834763775
HC,PB_3,GTACGTAGTCTCTTAT-1,PB,-0.12559632260837983
HC,PB_3,GTACTCCAGGCAATTA-1,PB,-0.29792794834763775
HC,PB_3,GTACTCCGTTGTGGCC-1,PB,0.18883585409243003
HC,PB_3,GTACTCCTCCAAACTG-1,PB,0.30155561303217493
HC,PB_3,GTACTTTCACGGTAGA-1,PB,0.31153562286404896
HC,PB_3,GTAGGCCCAGATGGGT-1,PB,0.012993866202558157
HC,PB_3,GTAGGCCCATCGGGTC-1,PB,-0.03924903066093829
HC,PB_3,GTAGGCCGTAAGCACG-1,PB,0.7217372488739681
HC,PB_3,GTAGTCACATTGAGCT-1,PB,0.09800119290005238
HC,PB_3,GTAGTCAGTAAGAGAG-1-2,PB,-0.07434369124889931
HC,PB_3,GTATTCTCAGGGTATG-1,PB,0.29850400932062565
HC,PB_3,GTCAAGTCAGCAGTTT-1,PB,-0.21555784742003942
HC,PB_3,GTCACAAAGATGCCAG-1,PB,-0.23350376844608775
HC,PB_3,GTCACAACAATGTTGC-1,PB,-0.29792794834763775
HC,PB_3,GTCACGGCACTTCTGC-1,PB,0.180838272940359
HC,PB_3,GTCCTCATCACCTCGT-1,PB,0.5424821252917577
HC,PB_3,GTCCTCATCCCGGATG-1,PB,-0.08445468415249884
HC,PB_3,GTCCTCATCTAACCGA-1,PB,-0.29792794834763775
HC,PB_3,GTCGGGTGTCCGTGAC-1,PB,0.04694679723500417
HC,PB_3,GTCGGGTGTGTGAATA-1,PB,-0.19282420322219193
HC,PB_3,GTCGGGTTCTGCTGCT-1,PB,-0.17830997747178015
HC,PB_3,GTCGTAACATGTCCTC-1,PB,0.4483006448270075
HC,PB_3,GTCTTCGTCATAACCG-1,PB,0.08270647271504519
HC,PB_3,GTGAAGGGTTTGACTG-1,PB,-0.06588158164182324
HC,PB_3,GTGCAGCAGCGCTTAT-1-2,PB,-0.019920944428273055
HC,PB_3,GTGCAGCCAGGATTGG-1,PB,-0.03821141708825432
HC,PB_3,GTGCAGCTCCTCAACC-1,PB,-0.29792794834763775
HC,PB_3,GTGCGGTAGCCACCTG-1,PB,-0.18186527015263435
HC,PB_3,GTGCGGTCAAGTCATC-1,PB,0.12915849204138166
HC,PB_3,GTGCTTCAGCGTTTAC-1,PB,-0.002402981410008355
HC,PB_3,GTGCTTCCATGCGCAC-1,PB,0.17531843338440517
HC,PB_3,GTGCTTCGTACAGTTC-1,PB,0.38091811154923977
HC,PB_3,GTGCTTCGTCAATACC-1,PB,-0.29792794834763775
HC,PB_3,GTGGGTCCATGCAATC-1,PB,-0.18220003364927134
HC,PB_3,GTGTGCGCACTGTTAG-1,PB,-0.16356722469307944
HC,PB_3,GTGTGCGGTTTGTTGG-1-1,PB,-0.1843053111269209
HC,PB_3,GTGTGCGTCTTCAACT-1,PB,-0.004638751723959412
HC,PB_3,GTGTTAGGTCTAACGT-1,PB,-0.29792794834763775
HC,PB_3,GTTACAGAGCCAGTAG-1,PB,-0.09797849416931825
HC,PB_3,GTTACAGCACCGAATT-1,PB,-0.13643324944818638
HC,PB_3,GTTACAGCATTCGACA-1,PB,-0.1940581164798932
HC,PB_3,GTTACAGGTAGCTAAA-1,PB,-0.29792794834763775
HC,PB_3,GTTCATTTCTGATTCT-1,PB,-0.29792794834763775
HC,PB_3,GTTTCTAAGACAGGCT-1,PB,-0.29792794834763775
HC,PB_3,GTTTCTAGTATATGGA-1,PB,-0.29792794834763775
HC,PB_3,GTTTCTATCACGACTA-1,PB,0.14157590437952
HC,PB_3,TAAACCGCACGGATAG-1,PB,0.13237211819970432
HC,PB_3,TAAACCGCAGGCGATA-1,PB,-0.29792794834763775
HC,PB_3,TAAACCGTCTCCCTGA-1,PB,0.30226822247377266
HC,PB_3,TAAGAGATCCTACAGA-1,PB,0.12706216056395117
HC,PB_3,TAAGTGCGTGGTCTCG-1,PB,-0.29792794834763775
HC,PB_3,TACACGATCTTGGGTA-1,PB,-0.13216367713793178
HC,PB_3,TACAGTGTCAATACCG-1,PB,-0.10206937257310408
HC,PB_3,TACAGTGTCTGCGGCA-1,PB,0.0432975007441906
HC,PB_3,TACCTATAGCACCGCT-1,PB,1.382519466589088
HC,PB_3,TACCTATTCACTTACT-1,PB,-0.07821175285467455
HC,PB_3,TACCTATTCTTGTCAT-1,PB,0.1399039210737458
HC,PB_3,TACGGTAAGGAGTAGA-1,PB,0.24303392265213378
HC,PB_3,TACTCATGTGATAAGT-1,PB,0.11094821777439523
HC,PB_3,TACTCATTCGGCGGTT-1,PB,-0.04147868292673792
HC,PB_3,TACTCGCCAGATGGGT-1,PB,0.16354777151515074
HC,PB_3,TACTCGCTCTAGAGTC-1,PB,-0.29792794834763775
HC,PB_3,TACTTACAGCACAGGT-1,PB,-0.29792794834763775
HC,PB_3,TACTTACAGTTAGGTA-1,PB,-0.29792794834763775
HC,PB_3,TAGACCAAGATCCGAG-1,PB,0.24771489846579198
HC,PB_3,TAGACCAAGTGATCGG-1,PB,-0.07244183522612828
HC,PB_3,TAGAGCTAGCGGCTTC-1,PB,0.290282277011948
HC,PB_3,TAGAGCTTCAAGGTAA-1,PB,-0.16032816846389958
HC,PB_3,TAGGCATCAAAGTGCG-1,PB,-0.29792794834763775
HC,PB_3,TAGGCATGTATAGGGC-1,PB,0.8563322890286004
HC,PB_3,TAGGCATGTGCAGGTA-1,PB,-0.29792794834763775
HC,PB_3,TAGTGGTGTTGGTAAA-1,PB,-0.14687089408011858
HC,PB_3,TAGTTGGAGGTGCTAG-1,PB,0.6904471291434918
HC,PB_3,TAGTTGGTCACGATGT-1,PB,0.09863270171291291
HC,PB_3,TATCAGGCATTTCAGG-1,PB,0.04942486533184188
HC,PB_3,TATCAGGTCGAGGTAG-1,PB,-0.06213456809060219
HC,PB_3,TATGCCCGTGAAAGAG-1,PB,0.13174388394133413
HC,PB_3,TCAACGACATGACATC-1,PB,-0.29792794834763775
HC,PB_3,TCAATCTCACCTGGTG-1,PB,-0.29792794834763775
HC,PB_3,TCACAAGCAGTCGATT-1,PB,-0.027205890535020698
HC,PB_3,TCAGATGAGATGCGAC-1,PB,0.047937526936860334
HC,PB_3,TCAGATGAGTTAGGTA-1,PB,-0.23676230672254794
HC,PB_3,TCAGATGGTCCAAGTT-1,PB,0.09920260418894768
HC,PB_3,TCAGCAAAGCTGAAAT-1,PB,-0.004413093435903538
HC,PB_3,TCAGCAACAATGAATG-1,PB,0.055866539942331594
HC,PB_3,TCAGCAACACTTAACG-1,PB,0.5474392425712312
HC,PB_3,TCAGCAAGTTAGGGTG-1,PB,-0.29792794834763775
HC,PB_3,TCAGGATGTTTGGGCC-1,PB,0.2517085626964252
HC,PB_3,TCAGGATTCAACGGGA-1,PB,-0.29792794834763775
HC,PB_3,TCAGGATTCGCTGATA-1,PB,-0.29792794834763775
HC,PB_3,TCAGGTAAGGCGATAC-1,PB,-0.12158239749509032
HC,PB_3,TCATTACGTACTCTCC-1,PB,-0.07078220548293097
HC,PB_3,TCATTACGTATAGGGC-1,PB,0.20667692785127026
HC,PB_3,TCATTACTCACATACG-1-1,PB,0.2521645340407434
HC,PB_3,TCATTTGGTCCAGTTA-1,PB,-0.29792794834763775
HC,PB_3,TCATTTGTCTTCCTTC-1,PB,-0.29792794834763775
HC,PB_3,TCCACACAGTGGCACA-1,PB,0.4666263999927115
HC,PB_3,TCCCGATAGTCAATAG-1,PB,-0.21945809196436167
HC,PB_3,TCGAGGCAGAGTGAGA-1,PB,0.1600392852714899
HC,PB_3,TCGAGGCCAGGCAGTA-1,PB,-0.29792794834763775
HC,PB_3,TCGAGGCGTACAAGTA-1,PB,0.10193138060158266
HC,PB_3,TCGGGACGTGACGCCT-1,PB,-0.29792794834763775
HC,PB_3,TCGGGACGTTCGGCAC-1,PB,-0.17699261711682698
HC,PB_3,TCGGTAAAGCCATCGC-1,PB,-0.29792794834763775
HC,PB_3,TCGGTAACAAAGAATC-1,PB,-0.1773807998040138
HC,PB_3,TCGTACCTCCCATTAT-1,PB,-0.29792794834763775
HC,PB_3,TCGTAGAAGATGCCAG-1,PB,-0.29792794834763775
HC,PB_3,TCTATTGTCACATAGC-1,PB,-0.14808852089807875
HC,PB_3,TCTCTAACACCGTTGG-1,PB,-0.29792794834763775
HC,PB_3,TCTGAGACAGACGCAA-1,PB,-0.29792794834763775
HC,PB_3,TCTTCGGGTCCTCCAT-1-1,PB,-0.29792794834763775
HC,PB_3,TCTTCGGTCACATGCA-1,PB,-0.29792794834763775
HC,PB_3,TCTTCGGTCGTAGGAG-1,PB,-0.14714975483813972
HC,PB_3,TCTTTCCAGACAGGCT-1,PB,0.2995710968012798
HC,PB_3,TCTTTCCTCTGTCCGT-1,PB,0.33486886295907325
HC,PB_3,TGAAAGAAGAGGTTAT-1,PB,-0.0735557490667091
HC,PB_3,TGAAAGACAGATGAGC-1,PB,-0.13765463412245707
HC,PB_3,TGAAAGATCTAACTCT-1,PB,0.3503022641330679
HC,PB_3,TGACAACTCTGTTGAG-1,PB,0.27106910135481255
HC,PB_3,TGACGGCAGTGAAGTT-1,PB,-0.01614177586780441
HC,PB_3,TGACGGCCAGACGCAA-1,PB,0.012960102301421734
HC,PB_3,TGACGGCTCTCAAACG-1,PB,-0.05608134822521852
HC,PB_3,TGACTAGAGGCAATTA-1,PB,0.31310576127338857
HC,PB_3,TGAGAGGGTAGGACAC-1,PB,0.10869213469367175
HC,PB_3,TGAGAGGTCTGAAAGA-1,PB,0.024717058313241454
HC,PB_3,TGAGCATAGCAGGTCA-1-1,PB,-0.012602055997234287
HC,PB_3,TGAGCATCAAGTCTAC-1,PB,-0.09430260020779335
HC,PB_3,TGAGCATGTGCTTCTC-1,PB,0.1789828057029784
HC,PB_3,TGAGCCGAGAGGTTGC-1,PB,-0.29792794834763775
HC,PB_3,TGAGCCGGTTACGACT-1,PB,0.06464561091294267
HC,PB_3,TGAGGGAAGAGTCGGT-1,PB,-0.29792794834763775
HC,PB_3,TGATTTCTCGGAATCT-1,PB,-0.29792794834763775
HC,PB_3,TGCCCTAGTGAAATCA-1,PB,-0.1693510705718096
HC,PB_3,TGCGCAGTCTCGATGA-1,PB,-0.04107903636326392
HC,PB_3,TGCGGGTCAGTATGCT-1,PB,-0.29792794834763775
HC,PB_3,TGCTGCTGTGAACCTT-1,PB,0.12124708400491281
HC,PB_3,TGCTGCTGTGCAGGTA-1,PB,0.7257786366119878
HC,PB_3,TGGACGCCATCACGTA-1,PB,0.144345293241797
HC,PB_3,TGGCCAGGTCCGAATT-1,PB,-0.016239996195835278
HC,PB_3,TGGCCAGGTCTAGAGG-1,PB,0.5428388168052564
HC,PB_3,TGGCCAGGTTATCGGT-1,PB,-0.004917558018739562
HC,PB_3,TGGCGCAGTACGCACC-1,PB,-0.29792794834763775
HC,PB_3,TGGCTGGAGGATCGCA-1,PB,-0.29792794834763775
HC,PB_3,TGGCTGGGTGCTGTAT-1,PB,-0.09123520489254841
HC,PB_3,TGGGAAGAGGTAGCTG-1,PB,0.013256218726851296
HC,PB_3,TGGGAAGAGTGGGCTA-1,PB,-0.21034834496148017
HC,PB_3,TGGGAAGCACAAGCCC-1,PB,-0.08287608752942398
HC,PB_3,TGGGAAGCACATTTCT-1,PB,-0.060885170845019064
HC,PB_3,TGGGAAGTCATCGGAT-1,PB,-0.05672216748797109
HC,PB_3,TGTGTTTCAAGTCTAC-1,PB,0.059007495931936986
HC,PB_3,TGTGTTTCAGATGAGC-1,PB,-0.1349217090160146
HC,PB_3,TGTGTTTGTAGCTAAA-1,PB,-0.05710887507670339
HC,PB_3,TGTGTTTGTTCGCTAA-1,PB,0.43041022047059957
HC,PB_3,TGTTCCGGTGCAGTAG-1,PB,-0.29792794834763775
HC,PB_3,TGTTCCGTCAAACAAG-1-1,PB,-0.0010737926176259524
HC,PB_3,TGTTCCGTCAGTGTTG-1,PB,0.14703084197081195
HC,PB_3,TTAACTCGTGGCGAAT-1,PB,0.25507354503661894
HC,PB_3,TTAGGACCAAATCCGT-1,PB,0.024827187234470176
HC,PB_3,TTAGGACGTCAAAGCG-1,PB,-0.020596445884319272
HC,PB_3,TTAGGACGTCAGCTAT-1,PB,-0.29792794834763775
HC,PB_3,TTAGGCATCACGCGGT-1,PB,0.14184374840071845
HC,PB_3,TTAGTTCAGGGTCGAT-1,PB,0.04866000539296702
HC,PB_3,TTAGTTCCACATGACT-1,PB,-0.192987669461008
HC,PB_3,TTATGCTCATTCCTCG-1,PB,-0.07433092734472806
HC,PB_3,TTATGCTTCACTTACT-1,PB,-0.22322389228766887
HC,PB_3,TTCGAAGAGACTACAA-1,PB,0.30416572705853157
HC,PB_3,TTCGAAGAGGATGGTC-1,PB,0.4350855500127073
HC,PB_3,TTCGAAGCATGAAGTA-1-1,PB,-0.29792794834763775
HC,PB_3,TTCGAAGGTACCATCA-1,PB,-0.1845181057486083
HC,PB_3,TTCTACAAGGCTACGA-1,PB,-0.29792794834763775
HC,PB_3,TTCTACACACGTCAGC-1-1,PB,-0.06585894342897285
HC,PB_3,TTCTCAACAGGGAGAG-1,PB,0.05753646854012956
HC,PB_3,TTCTCAAGTAAATGTG-1,PB,-0.09856944267339111
HC,PB_3,TTCTTAGAGAAGGTTT-1,PB,0.20012091492434103
HC,PB_3,TTCTTAGGTCAAAGCG-1,PB,-0.29792794834763775
HC,PB_3,TTCTTAGTCGGTTAAC-1,PB,-0.19187686102838156
HC,PB_3,TTGAACGAGACGACGT-1,PB,-0.08806708055450826
HC,PB_3,TTGAACGGTAAATGTG-1-1,PB,0.018986825305892352
HC,PB_3,TTGACTTCATGGATGG-1,PB,-0.17114650508698517
HC,PB_3,TTGACTTGTTTGGCGC-1-1,PB,-0.29792794834763775
HC,PB_3,TTGCGTCAGCCTCGTG-1,PB,0.18510056636434077
HC,PB_3,TTGCGTCCATTTCAGG-1,PB,-0.29792794834763775
HC,PB_3,TTGCGTCTCTCTTATG-1-1,PB,-0.010461639058371901
HC,PB_3,TTGGCAAAGCGATTCT-1,PB,0.006843964737539232
HC,PB_3,TTGTAGGCAATCTACG-1,PB,-0.29792794834763775
HC,PB_3,TTGTAGGGTCGGCATC-1,PB,0.1079970870102379
HC,PB_3,TTTACTGCAAGCGATG-1,PB,-0.29792794834763775
HC,PB_3,TTTATGCCAGCTCCGA-1,PB,0.08825644911181843
HC,PB_3,TTTGCGCAGCCTATGT-1,PB,0.27443807080578897
HC,PB_3,TTTGCGCGTCTTCAAG-1,PB,0.5499396072624118
HC,PB_3,TTTGGTTCATTTCACT-1,PB,-0.13939379343161148
HC,PB_3,TTTGGTTGTCACCTAA-1,PB,-0.018353210728428177
HC,PB_3,TTTGTCAGTCCTCCAT-1,PB,0.11245595064514634
HC,PB_3,TTTGTCAGTGTGCGTC-1,PB,-0.12298044625550622
MS,PB_6,AAACGGGGTGTGACGA-1,PB,-0.003976195682817073
MS,PB_6,AAACGGGTCTGGCGAC-1,PB,-0.29792794834763775
MS,PB_6,AAAGATGAGCGTTCCG-1,PB,-0.044485420270689004
MS,PB_6,AAAGATGTCAAACCAC-1-1,PB,0.05841325551833347
MS,PB_6,AAAGCAATCCGAAGAG-1,PB,0.7201934371178854
MS,PB_6,AAAGTAGAGAGCTTCT-1,PB,-0.15299062111405237
MS,PB_6,AAAGTAGAGGCATTGG-1,PB,0.09226534794783982
MS,PB_6,AAAGTAGTCTCGTTTA-1,PB,0.02986952744485408
MS,PB_6,AAATGCCCAGAAGCAC-1,PB,0.5435652231492792
MS,PB_6,AACACGTAGATCTGCT-1,PB,0.06687678146894756
MS,PB_6,AACCATGTCTGGCGTG-1,PB,-0.29792794834763775
MS,PB_6,AACCGCGTCAAGAAGT-1,PB,0.24201692712861708
MS,PB_6,AACGTTGAGACTGTAA-1,PB,-0.07874984619042087
MS,PB_6,AACGTTGCAAAGTGCG-1,PB,-0.034739991606046135
MS,PB_6,AACGTTGGTACGCTGC-1-2,PB,0.1707071568899646
MS,PB_6,AACGTTGTCAGGCAAG-1,PB,0.17329276534462693
MS,PB_6,AACTCCCGTTGGAGGT-1,PB,0.7669914498501805
MS,PB_6,AACTCTTAGTCCCACG-1,PB,-0.29792794834763775
MS,PB_6,AACTCTTCAGCTGTGC-1-1,PB,0.29589759607423005
MS,PB_6,AACTCTTGTACTTCTT-1,PB,-0.21008898643731463
MS,PB_6,AACTGGTTCACCACCT-1,PB,0.3388544647454226
MS,PB_6,AACTGGTTCTAAGCCA-1,PB,-0.13911373525531542
MS,PB_6,AACTTTCAGGATTCGG-1,PB,0.3457006069460356
MS,PB_6,AACTTTCGTGACCAAG-1,PB,-0.04886561477600021
MS,PB_6,AACTTTCGTTAAAGTG-1,PB,-0.1042119806488353
MS,PB_6,AAGACCTGTTATCACG-1,PB,0.22933313867867874
MS,PB_6,AAGCCGCAGCTCCTTC-1-1,PB,0.9076965420735527
MS,PB_6,AAGCCGCGTCTAAACC-1,PB,0.4827546764845348
MS,PB_6,AAGCCGCTCACAATGC-1,PB,0.36134567378214505
MS,PB_6,AAGGAGCGTGTCTGAT-1,PB,-0.14164884977963904
MS,PB_6,AAGGCAGGTAGAGCTG-1,PB,-0.11293209456130374
MS,PB_6,AAGTCTGTCCTAGAAC-1,PB,-0.29792794834763775
MS,PB_6,AATCCAGTCGAGAGCA-1,PB,0.1008425207744353
MS,PB_6,AATCGGTAGGCCCTTG-1,PB,0.031514142540100244
MS,PB_6,ACACCCTAGGTGATAT-1,PB,0.24204544499349226
MS,PB_6,ACACTGAAGAGCTGCA-1,PB,-0.1836974069147761
MS,PB_6,ACACTGAGTAAGGGCT-1,PB,0.04027975117954234
MS,PB_6,ACACTGAGTCATATGC-1,PB,0.2293807466963618
MS,PB_6,ACACTGATCTACCTGC-1,PB,-0.29792794834763775
MS,PB_6,ACAGCTACACGGATAG-1,PB,-0.29792794834763775
MS,PB_6,ACATACGCAGCTTCGG-1,PB,-0.14884886089571767
MS,PB_6,ACATACGGTGTGGCTC-1,PB,0.5475779782623525
MS,PB_6,ACATACGTCGAATGCT-1,PB,-0.12611330042896426
MS,PB_6,ACATCAGGTAGCCTCG-1,PB,-0.018187835085399617
MS,PB_6,ACATCAGTCGTAGGAG-1,PB,0.03443088617147487
MS,PB_6,ACATGGTCAGTTCCCT-1-1,PB,0.1380533996588154
MS,PB_6,ACATGGTGTTACGACT-1-1,PB,0.3479077081297178
MS,PB_6,ACCAGTATCATGCTCC-1,PB,-0.12784045677133976
MS,PB_6,ACCCACTAGGTGATTA-1,PB,0.37267494666387563
MS,PB_6,ACCCACTGTAGCTCCG-1,PB,0.5277820201553475
MS,PB_6,ACCGTAAAGAAACCAT-1-1,PB,-0.29792794834763775
MS,PB_6,ACCGTAAAGGCATTGG-1,PB,0.12881939193809067
MS,PB_6,ACCTTTAAGGCATTGG-1,PB,-0.21983268911030127
MS,PB_6,ACCTTTAAGGCCCTCA-1,PB,0.8671813785673137
MS,PB_6,ACGAGCCTCGTACGGC-1,PB,-0.29792794834763775
MS,PB_6,ACGAGGAAGCGTCAAG-1,PB,0.262764305625449
MS,PB_6,ACGAGGAGTATATGAG-1,PB,0.643318570640562
MS,PB_6,ACGAGGAGTCTTCAAG-1,PB,0.32121185002564057
MS,PB_6,ACGAGGATCACGACTA-1,PB,0.09556773485076997
MS,PB_6,ACGAGGATCTCAAGTG-1-1,PB,0.06520863880464918
MS,PB_6,ACGATACAGTCTTGCA-1,PB,-0.19381103224867371
MS,PB_6,ACGATACGTGCTTCTC-1,PB,-0.29792794834763775
MS,PB_6,ACGCAGCGTCATATCG-1,PB,-0.10347366906305792
MS,PB_6,ACGCCAGCACTAAGTC-1,PB,0.09287169688528826
MS,PB_6,ACGCCAGCAGTTAACC-1,PB,0.26364228050593097
MS,PB_6,ACGCCAGTCCAAGTAC-1,PB,-0.1305021328631533
MS,PB_6,ACGCCAGTCGCAGGCT-1,PB,0.38813952340482033
MS,PB_6,ACGCCGAAGTTCCACA-1,PB,0.17578700992902466
MS,PB_6,ACGGAGAAGATGGCGT-1,PB,-0.29792794834763775
MS,PB_6,ACGGAGAAGCGTTGCC-1,PB,-0.10481606516445871
MS,PB_6,ACGGAGAAGGTGATTA-1,PB,0.22702817668329495
MS,PB_6,ACGGAGATCCCGACTT-1,PB,-0.05948960647514239
MS,PB_6,ACGGCCACAAAGGCGT-1,PB,-0.0894850743125309
MS,PB_6,ACGGCCATCACTCTTA-1,PB,0.5212896455249937
MS,PB_6,ACGGGCTCACGGCTAC-1,PB,0.2966090301496308
MS,PB_6,ACGGGCTGTATGCTTG-1,PB,0.1537823949366148
MS,PB_6,ACGGGCTTCGTCCAGG-1-2,PB,-0.19469155443821556
MS,PB_6,ACGGGTCAGTCCATAC-1,PB,-0.09082984753959189
MS,PB_6,ACGGGTCTCTCGGACG-1,PB,-0.1923604440440785
MS,PB_6,ACGTCAACAATAACGA-1,PB,0.005018128659953642
MS,PB_6,ACGTCAATCACCTCGT-1,PB,0.17796336077901814
MS,PB_6,ACGTCAATCATGCAAC-1,PB,-0.11491248593340128
MS,PB_6,ACTATCTAGTCACGCC-1,PB,0.5878122438521892
MS,PB_6,ACTATCTGTCTGGAGA-1,PB,0.16040418713455892
MS,PB_6,ACTATCTGTTTGTTGG-1,PB,0.08596625158060298
MS,PB_6,ACTATCTTCCTTGACC-1,PB,0.12588166659366315
MS,PB_6,ACTGAACCAGTTCATG-1,PB,0.3573233942841284
MS,PB_6,ACTGAACTCACGATGT-1,PB,-0.29792794834763775
MS,PB_6,ACTGAACTCACTATTC-1,PB,0.1716662743744662
MS,PB_6,ACTGAACTCCGTAGGC-1,PB,-0.18423417853323892
MS,PB_6,ACTGATGAGAGTAAGG-1,PB,0.05764244362783242
MS,PB_6,ACTGATGAGCGCCTTG-1,PB,0.1553669314180735
MS,PB_6,ACTGATGAGCTGCGAA-1,PB,0.26527530714900033
MS,PB_6,ACTGATGTCAGCTCTC-1,PB,-0.29792794834763775
MS,PB_6,ACTGATGTCGCCTGAG-1,PB,0.20076973314461166
MS,PB_6,ACTGATGTCTATGTGG-1,PB,0.14504279442527704
MS,PB_6,ACTGCTCAGACGCAAC-1,PB,0.3493914544838164
MS,PB_6,ACTGCTCTCCTTTACA-1,PB,0.09956307043338053
MS,PB_6,ACTTACTAGGACGAAA-1,PB,0.14778190891087364
MS,PB_6,ACTTACTGTTAAGACA-1,PB,0.23963872353466717
MS,PB_6,ACTTACTTCAAACAAG-1,PB,-0.20799011474893425
MS,PB_6,ACTTACTTCATGCAAC-1,PB,0.23189284465953897
MS,PB_6,ACTTACTTCGGGAGTA-1,PB,-0.07612846834871533
MS,PB_6,ACTTGTTCAAGAGTCG-1,PB,-0.29792794834763775
MS,PB_6,ACTTGTTCAGTCGATT-1,PB,-0.29792794834763775
MS,PB_6,ACTTGTTGTCATACTG-1,PB,0.18040096026415936
MS,PB_6,ACTTTCATCCTTTCTC-1-1,PB,0.3634534489640768
MS,PB_6,AGAATAGCAAAGGAAG-1,PB,0.21726230679338857
MS,PB_6,AGAATAGCAGGGATTG-1,PB,0.42579083642455406
MS,PB_6,AGAATAGCAGTATGCT-1,PB,0.18337382492655155
MS,PB_6,AGACGTTGTAAACACA-1,PB,0.34028374975906983
MS,PB_6,AGACGTTGTCGCGTGT-1,PB,-0.1539166827282972
MS,PB_6,AGAGCGACAAAGGAAG-1,PB,0.27475690513395745
MS,PB_6,AGAGCGACAACTGGCC-1-1,PB,0.45285066786271827
MS,PB_6,AGAGCTTAGATATGGT-1,PB,0.10242901907137474
MS,PB_6,AGAGCTTCACGGCTAC-1,PB,0.41348768547849096
MS,PB_6,AGAGCTTGTTCGCGAC-1-1,PB,-0.29792794834763775
MS,PB_6,AGAGTGGGTGCGAAAC-1,PB,-0.07828717987193798
MS,PB_6,AGATCTGTCGTTGACA-1,PB,-0.29792794834763775
MS,PB_6,AGATTGCCAGACGTAG-1,PB,0.5605377414654369
MS,PB_6,AGATTGCTCGGCGCTA-1,PB,0.08178280250892968
MS,PB_6,AGCAGCCAGACCTAGG-1,PB,0.048266664332659755
MS,PB_6,AGCGGTCCAGACGCTC-1,PB,0.23433986669574272
MS,PB_6,AGCGGTCTCGAATCCA-1,PB,0.33980519098277295
MS,PB_6,AGCGTATCAAGGACAC-1-1,PB,0.1821374354626755
MS,PB_6,AGCGTATTCCGCGGTA-1,PB,-0.11302445511266246
MS,PB_6,AGCTCCTCATGTCCTC-1,PB,0.026091502292285358
MS,PB_6,AGCTCCTGTTATCACG-1,PB,0.3046168974071364
MS,PB_6,AGCTCCTTCCTTGACC-1,PB,-0.13144392407699187
MS,PB_6,AGGCCACTCTGCTGTC-1,PB,0.019529851788122714
MS,PB_6,AGGGTGAGTACTCTCC-1,PB,-0.29792794834763775
MS,PB_6,AGGGTGAGTAGTAGTA-1,PB,0.5808502362862654
MS,PB_6,AGGGTGATCAGCACAT-1,PB,0.10498017855423221
MS,PB_6,AGGTCATAGATAGCAT-1,PB,0.029757142437279664
MS,PB_6,AGGTCCGAGAAACCGC-1,PB,0.6758541111104656
MS,PB_6,AGGTCCGAGGGCTTCC-1,PB,0.1867880565373545
MS,PB_6,AGTAGTCAGGTCATCT-1,PB,-0.29792794834763775
MS,PB_6,AGTCTTTAGTAGTGCG-1,PB,0.0021597259253541673
MS,PB_6,AGTCTTTGTATCTGCA-1,PB,-0.29792794834763775
MS,PB_6,AGTCTTTTCAACTCTT-1,PB,0.2878255514485618
MS,PB_6,AGTGAGGAGAAACGCC-1,PB,0.03670532861964022
MS,PB_6,AGTGAGGCACATGGGA-1,PB,0.1410340640156754
MS,PB_6,AGTGGGAAGGACGAAA-1,PB,0.09722140110454704
MS,PB_6,AGTGTCATCAACACGT-1,PB,0.10255037777371541
MS,PB_6,AGTTGGTAGTCCTCCT-1,PB,-0.29792794834763775
MS,PB_6,AGTTGGTGTGACGGTA-1,PB,0.2547519337203349
MS,PB_6,ATAACGCAGTCGATAA-1,PB,0.051763472272208955
MS,PB_6,ATAACGCGTAGGAGTC-1,PB,-0.1176310159587659
MS,PB_6,ATAACGCGTTTGCATG-1,PB,0.10894193535320551
MS,PB_6,ATAAGAGCAGCTCCGA-1,PB,0.5571270582271051
MS,PB_6,ATAAGAGGTGTTGGGA-1,PB,0.2598730134668334
MS,PB_6,ATAAGAGTCAGCTGGC-1,PB,-0.0748775999696054
MS,PB_6,ATAAGAGTCGAGCCCA-1,PB,-0.07257479569478638
MS,PB_6,ATAAGAGTCTTGTACT-1,PB,0.0462856941105767
MS,PB_6,ATCACGAGTACGACCC-1,PB,-0.04007650033454496
MS,PB_6,ATCACGATCGGTTAAC-1,PB,-0.29792794834763775
MS,PB_6,ATCATCTTCACTCCTG-1,PB,0.17202025398263857
MS,PB_6,ATCATGGGTTCCGGCA-1,PB,-0.10767871019524677
MS,PB_6,ATCCACCAGCGAAGGG-1,PB,-0.016051916015503525
MS,PB_6,ATCCGAACATAACCTG-1,PB,-0.24104222500407735
MS,PB_6,ATCCGAAGTCATCGGC-1,PB,-0.15054530566956079
MS,PB_6,ATCCGAAGTGCAGTAG-1,PB,0.08991300755243846
MS,PB_6,ATGAGGGAGAATGTTG-1,PB,0.3971700389548011
MS,PB_6,ATGAGGGAGACAGAGA-1,PB,0.21241307346488073
MS,PB_6,ATGAGGGGTAAGAGAG-1,PB,0.07913840612414964
MS,PB_6,ATGCGATGTCCCTTGT-1-1,PB,0.4618980440042429
MS,PB_6,ATGCGATGTCTCGTTC-1-1,PB,0.18106116388593768
MS,PB_6,ATGCGATGTGCTCTTC-1,PB,0.33823890372506893
MS,PB_6,ATGCGATTCATCGGAT-1,PB,-0.09563409315484105
MS,PB_6,ATGGGAGTCCATGAAC-1,PB,0.18785683023542837
MS,PB_6,ATGTGTGAGGCCCGTT-1,PB,-0.032557717175586684
MS,PB_6,ATGTGTGTCCTTGGTC-1,PB,0.30074825239172476
MS,PB_6,ATTACTCAGTCGAGTG-1,PB,0.5881381864096366
MS,PB_6,ATTACTCCAGTGGGAT-1,PB,-0.012301559634967572
MS,PB_6,ATTATCCGTCTTCAAG-1,PB,0.2342534860517754
MS,PB_6,ATTATCCGTTGTCGCG-1,PB,-0.040988823220812945
MS,PB_6,ATTCTACAGGGAACGG-1,PB,-0.29792794834763775
MS,PB_6,ATTCTACGTTACGTCA-1,PB,0.944489675588918
MS,PB_6,ATTGGTGAGACTGGGT-1,PB,0.41994596482860935
MS,PB_6,ATTGGTGGTCTGGAGA-1,PB,0.0027316302370735757
MS,PB_6,ATTGGTGTCCGAGCCA-1,PB,0.0662447537103216
MS,PB_6,ATTTCTGAGATGTCGG-1,PB,0.6709347189118942
MS,PB_6,CAACCAAAGTCCATAC-1,PB,0.5204036490854241
MS,PB_6,CAACCTCCAAAGTGCG-1-1,PB,-0.020777600309854007
MS,PB_6,CAACTAGGTACTCTCC-1,PB,0.14123615964909608
MS,PB_6,CAAGAAACATCTACGA-1,PB,-0.003594788672874684
MS,PB_6,CAAGATCAGGAGCGAG-1,PB,-0.11033133097632965
MS,PB_6,CAAGATCCAAATCCGT-1,PB,0.1255061732934925
MS,PB_6,CAAGATCGTCCAGTTA-1,PB,-0.29792794834763775
MS,PB_6,CAAGGCCTCGCAGGCT-1,PB,0.35289936529565985
MS,PB_6,CAAGTTGCACGAGGTA-1,PB,0.38632115710149595
MS,PB_6,CACAAACCAACTGCTA-1,PB,0.5057960249550024
MS,PB_6,CACACCTCATCGATGT-1,PB,0.1472637775333143
MS,PB_6,CACACCTGTGCAGACA-1-1,PB,0.19785693874584248
MS,PB_6,CACACTCGTCTTGCGG-1,PB,-0.030365528496344767
MS,PB_6,CACAGGCAGGTGCTTT-1,PB,0.4223124175668692
MS,PB_6,CACAGGCCAGTGGGAT-1,PB,0.5244891794550499
MS,PB_6,CACAGGCGTGTTAAGA-1,PB,-0.0675912399743372
MS,PB_6,CACAGTACACATTAGC-1,PB,-0.031189151187211876
MS,PB_6,CACAGTAGTCGCGAAA-1,PB,-0.023698093272712575
MS,PB_6,CACATAGGTTAGTGGG-1,PB,0.2354632873244418
MS,PB_6,CACCACTAGCGTTCCG-1,PB,0.09820605730240384
MS,PB_6,CACCACTCAAGAGGCT-1,PB,0.5949329642136556
MS,PB_6,CACTCCACAAAGGCGT-1,PB,0.2149216172844573
MS,PB_6,CAGAATCAGAGGTAGA-1,PB,0.5350675275101506
MS,PB_6,CAGAGAGAGTGCGTGA-1,PB,0.28048739365691133
MS,PB_6,CAGAGAGGTTAAGGGC-1,PB,0.2683496056393536
MS,PB_6,CAGATCAAGACTAGAT-1,PB,-0.030284432335805547
MS,PB_6,CAGATCAGTTCAGACT-1,PB,-0.29792794834763775
MS,PB_6,CAGCAGCTCCTTAATC-1,PB,-0.29792794834763775
MS,PB_6,CAGCATACACTTAACG-1,PB,0.5694498041966891
MS,PB_6,CAGCCGACACAAGCCC-1,PB,0.061329249261135046
MS,PB_6,CAGCGACCATTTCAGG-1-1,PB,-0.0386272536043855
MS,PB_6,CAGCTAAAGACTACAA-1,PB,-0.29792794834763775
MS,PB_6,CAGCTAACAAGGTTTC-1,PB,0.37941252136018705
MS,PB_6,CAGCTGGGTAAATACG-1,PB,0.13362227070462832
MS,PB_6,CAGCTGGGTATATGGA-1,PB,-0.058764846527351054
MS,PB_6,CAGGTGCAGTACGACG-1,PB,0.570063708909107
MS,PB_6,CAGTCCTAGCTCCTTC-1,PB,-0.0767041596634808
MS,PB_6,CAGTCCTGTACTCAAC-1,PB,0.03119079052341634
MS,PB_6,CATATTCAGGCCATAG-1,PB,-0.027507000675750397
MS,PB_6,CATATTCGTTACGGAG-1,PB,-0.1646465588173042
MS,PB_6,CATCAAGCACCCATGG-1,PB,0.028788691894840217
MS,PB_6,CATCAAGGTATCGCAT-1,PB,-0.29792794834763775
MS,PB_6,CATCAAGTCTTGTATC-1,PB,-0.23844588533468516
MS,PB_6,CATCAGAGTCTAAACC-1,PB,0.22019368835177197
MS,PB_6,CATCGAAAGCGTTGCC-1,PB,0.35646171500360524
MS,PB_6,CATCGAAAGTCTCCTC-1,PB,-0.18989135089402298
MS,PB_6,CATCGGGCACAGACAG-1,PB,-0.29792794834763775
MS,PB_6,CATCGGGTCGATAGAA-1,PB,-0.10960747886363967
MS,PB_6,CATGACACAATGTTGC-1,PB,0.07741483984266995
MS,PB_6,CATGACACATGCCTTC-1,PB,0.07660974145413217
MS,PB_6,CATGCCTGTATGAATG-1-1,PB,0.17255600324209736
MS,PB_6,CATGGCGAGAGTCTGG-1,PB,0.3348466192403123
MS,PB_6,CATGGCGCATACGCTA-1,PB,0.4793119020541924
MS,PB_6,CATGGCGTCCGTTGCT-1,PB,-0.022547764288093106
MS,PB_6,CCACCTACACCCTATC-1,PB,0.2924202645587896
MS,PB_6,CCACCTACAGATAATG-1,PB,0.1882758572323401
MS,PB_6,CCACGGACACCAGGTC-1,PB,0.08870014896208356
MS,PB_6,CCACTACAGTCTCAAC-1-1,PB,-0.01701858995959648
MS,PB_6,CCACTACAGTGGTAGC-1,PB,0.3769535323781965
MS,PB_6,CCACTACCAGACTCGC-1,PB,0.2733021809488931
MS,PB_6,CCACTACTCTTATCTG-1,PB,0.03218771668669878
MS,PB_6,CCCAATCGTGTTTGTG-1,PB,-0.08421253593957334
MS,PB_6,CCCAATCGTTCTCATT-1,PB,0.8530627766690558
MS,PB_6,CCCTCCTCATTCGACA-1,PB,0.9080298844934103
MS,PB_6,CCCTCCTGTTCCACTC-1,PB,-0.04747415680722147
MS,PB_6,CCGGGATTCCTCAACC-1,PB,0.42151917693396246
MS,PB_6,CCGGTAGGTTTGGGCC-1,PB,-0.09177364743551746
MS,PB_6,CCGGTAGTCTCCAGGG-1,PB,-0.04782827974510951
MS,PB_6,CCGGTAGTCTTCAACT-1,PB,0.017673759656275982
MS,PB_6,CCGTACTAGTACACCT-1,PB,-0.29792794834763775
MS,PB_6,CCGTACTCATACCATG-1,PB,0.6570891336399515
MS,PB_6,CCGTACTTCTGATACG-1,PB,0.28612513248076243
MS,PB_6,CCGTTCAAGAATGTGT-1,PB,0.596575157070503
MS,PB_6,CCTAAAGAGCGTGAAC-1,PB,0.017383075931109333
MS,PB_6,CCTAAAGTCCACGTTC-1-1,PB,0.45919894487957374
MS,PB_6,CCTACACAGCACGCCT-1,PB,-0.18542642251139854
MS,PB_6,CCTACACCATTGGTAC-1,PB,-0.29792794834763775
MS,PB_6,CCTACCACAAGGACAC-1,PB,0.3259180737869868
MS,PB_6,CCTAGCTAGGGTGTGT-1,PB,0.1543203572944276
MS,PB_6,CCTCAGTAGAATTGTG-1,PB,0.27880173562041605
MS,PB_6,CCTCTGAAGATTACCC-1,PB,-0.08415777843678453
MS,PB_6,CCTCTGAAGCTAACTC-1,PB,-0.29792794834763775
MS,PB_6,CCTCTGAAGTTGTAGA-1,PB,-0.03260432882630167
MS,PB_6,CCTCTGATCACAGTAC-1,PB,0.4041563878549814
MS,PB_6,CCTTACGAGCTAACAA-1,PB,-0.0044099536753085455
MS,PB_6,CCTTACGGTTTGTTGG-1,PB,0.21477763018446908
MS,PB_6,CCTTCGACACAGGTTT-1,PB,0.8315739163889214
MS,PB_6,CCTTCGAGTAGAGCTG-1,PB,0.5050080648067989
MS,PB_6,CCTTTCTCATGCCTTC-1,PB,-0.12243332279144956
MS,PB_6,CGAACATCATCCGCGA-1-1,PB,0.005078686006461807
MS,PB_6,CGAACATGTAGAAGGA-1-1,PB,-0.10329983621410406
MS,PB_6,CGAACATTCATAACCG-1,PB,-0.11908437949805836
MS,PB_6,CGAACATTCGGATGTT-1-1,PB,0.1353538488781289
MS,PB_6,CGAATGTAGAGCTATA-1,PB,0.13918566852000075
MS,PB_6,CGAATGTGTTGACGTT-1,PB,0.020663060422680873
MS,PB_6,CGACTTCGTACGACCC-1,PB,-0.29792794834763775
MS,PB_6,CGACTTCGTCGCCATG-1,PB,0.19771601067806194
MS,PB_6,CGACTTCTCGGTCTAA-1,PB,1.026792783991907
MS,PB_6,CGAGAAGGTTCGGGCT-1,PB,-0.29792794834763775
MS,PB_6,CGAGAAGTCAACGCTA-1,PB,0.4837858636150777
MS,PB_6,CGAGAAGTCTCAAGTG-1,PB,0.11629503908578084
MS,PB_6,CGAGAAGTCTCCAACC-1,PB,0.04364303861451968
MS,PB_6,CGAGCCAAGTTGTAGA-1,PB,-0.08033527093803802
MS,PB_6,CGAGCCACAGTCTTCC-1,PB,-0.08864129569633818
MS,PB_6,CGATCGGAGACAATAC-1,PB,0.4041060942761649
MS,PB_6,CGATCGGAGTCCGGTC-1,PB,0.11003431990857011
MS,PB_6,CGATCGGCACATGACT-1,PB,0.09252821610122229
MS,PB_6,CGATCGGGTTCCCTTG-1,PB,-0.197114083685793
MS,PB_6,CGATCGGTCATCACCC-1,PB,0.5199680059932213
MS,PB_6,CGATGTAAGTTGAGTA-1,PB,-0.017041676416535565
MS,PB_6,CGATTGAAGTCCATAC-1-1,PB,0.07666822547473373
MS,PB_6,CGATTGACACGGCCAT-1,PB,0.08867246282273247
MS,PB_6,CGATTGATCGTACGGC-1,PB,0.33865391280010165
MS,PB_6,CGCCAAGAGTAACCCT-1,PB,0.21412253890667993
MS,PB_6,CGCCAAGAGTGTTAGA-1,PB,-0.1416750386237426
MS,PB_6,CGCGGTAAGGCCCTCA-1,PB,0.3409621465503479
MS,PB_6,CGCGGTAAGTTGAGAT-1-1,PB,-0.29792794834763775
MS,PB_6,CGCTGGAAGGAGTTGC-1,PB,-0.16573385700527746
MS,PB_6,CGCTGGATCTCTGTCG-1,PB,0.42861194564673777
MS,PB_6,CGCTTCAAGTTCCACA-1,PB,-0.29792794834763775
MS,PB_6,CGCTTCACAATCACAC-1,PB,-0.29792794834763775
MS,PB_6,CGCTTCACACGGCCAT-1-1,PB,0.3221219885687399
MS,PB_6,CGCTTCACATTGCGGC-1,PB,0.05477184420769183
MS,PB_6,CGGACACTCTACTATC-1,PB,-0.29792794834763775
MS,PB_6,CGGACGTCACATAACC-1,PB,-0.022930765538592628
MS,PB_6,CGGACGTCAGCTTAAC-1,PB,-0.02539492598113425
MS,PB_6,CGGAGCTAGCTGGAAC-1,PB,-0.29792794834763775
MS,PB_6,CGGAGCTGTAAGTGGC-1-1,PB,0.16221580550195694
MS,PB_6,CGGAGTCAGTTAGCGG-1,PB,0.04455555470775082
MS,PB_6,CGGAGTCCATCCAACA-1,PB,-0.15670552630683035
MS,PB_6,CGGAGTCGTAGCCTCG-1,PB,0.18436338802816982
MS,PB_6,CGGCTAGCAGGCTGAA-1,PB,-0.29792794834763775
MS,PB_6,CGGCTAGTCGGTCCGA-1,PB,0.05096300648979426
MS,PB_6,CGGGTCAAGCCAGGAT-1,PB,0.5073896032667976
MS,PB_6,CGGGTCACACGTTGGC-1,PB,0.11806478905618868
MS,PB_6,CGGGTCAGTATCGCAT-1,PB,-0.14852636540901273
MS,PB_6,CGGTTAAAGCTCCTCT-1,PB,0.09323140219316874
MS,PB_6,CGTAGCGCATAGAAAC-1,PB,-0.16670338193569498
MS,PB_6,CGTAGGCGTACCGCTG-1,PB,0.26400745750041477
MS,PB_6,CGTCACTAGCTAAACA-1,PB,-0.10203584548815965
MS,PB_6,CGTCCATAGTGAAGTT-1,PB,0.3168669656935688
MS,PB_6,CGTCCATTCAAGATCC-1,PB,0.2849118524005564
MS,PB_6,CGTGAGCAGGCTATCT-1,PB,0.08572745199435691
MS,PB_6,CGTGAGCCAGCGATCC-1,PB,-0.17320471602935786
MS,PB_6,CGTGAGCTCGACCAGC-1,PB,0.10051171239921272
MS,PB_6,CGTGTAACACGCTTTC-1,PB,-0.12720212540210712
MS,PB_6,CGTTCTGTCGTTTAGG-1,PB,-0.29792794834763775
MS,PB_6,CTAACTTAGAAGGACA-1,PB,0.13972785446362118
MS,PB_6,CTAACTTAGGCAGTCA-1-1,PB,0.009914684076882166
MS,PB_6,CTAACTTAGGCATGTG-1,PB,0.057868540893338316
MS,PB_6,CTAACTTCAGACGCAA-1,PB,0.07252145839924028
MS,PB_6,CTAAGACAGGCGCTCT-1,PB,0.10461671408688278
MS,PB_6,CTAAGACGTCCGAACC-1,PB,0.19245209582934855
MS,PB_6,CTAAGACTCGTGGTCG-1,PB,0.3386231357245225
MS,PB_6,CTAATGGAGCTAACTC-1,PB,-0.29792794834763775
MS,PB_6,CTAATGGAGTTCGATC-1,PB,0.2630828429779875
MS,PB_6,CTAATGGTCTTGTATC-1,PB,0.7532707633033292
MS,PB_6,CTACACCCACCCATGG-1-1,PB,-0.07341393183602764
MS,PB_6,CTACACCGTAGGACAC-1-2,PB,0.5623004631073104
MS,PB_6,CTACATTGTAAACGCG-1,PB,0.5296095835635922
MS,PB_6,CTACCCATCGGACAAG-1,PB,-0.29792794834763775
MS,PB_6,CTACGTCTCAGCTCTC-1,PB,-0.011453451612040517
MS,PB_6,CTAGAGTCACACGCTG-1,PB,0.13818835628678058
MS,PB_6,CTAGCCTAGGGCATGT-1,PB,0.2971558326024123
MS,PB_6,CTAGCCTGTCCGTCAG-1,PB,-0.023277085750592025
MS,PB_6,CTAGTGACAGGATCGA-1,PB,0.05869517700431517
MS,PB_6,CTAGTGATCAGGCAAG-1-2,PB,0.08912895733934954
MS,PB_6,CTCACACTCGGTCCGA-1,PB,0.051765093987848565
MS,PB_6,CTCAGAAAGTGTTGAA-1,PB,0.2514077516998723
MS,PB_6,CTCATTAGTAAAGGAG-1,PB,-0.29792794834763775
MS,PB_6,CTCATTATCAAAGTAG-1,PB,0.22179545971883272
MS,PB_6,CTCATTATCGACCAGC-1,PB,-0.29792794834763775
MS,PB_6,CTCCTAGAGCCGTCGT-1,PB,-0.29792794834763775
MS,PB_6,CTCCTAGCAATCGGTT-1-1,PB,0.09351661609558747
MS,PB_6,CTCCTAGTCACCTTAT-1,PB,-0.028215343873988417
MS,PB_6,CTCGAGGTCGGACAAG-1,PB,0.10977106134923563
MS,PB_6,CTCGGAGAGGTGATTA-1-1,PB,0.21384640903459484
MS,PB_6,CTCGGAGGTGCACGAA-1,PB,0.05841605074623128
MS,PB_6,CTCGGAGTCAACGCTA-1,PB,0.5426845772474258
MS,PB_6,CTCGGAGTCCTTTACA-1,PB,-0.29792794834763775
MS,PB_6,CTCGGGACATGACGGA-1,PB,0.28886522534809184
MS,PB_6,CTCGTACCACACGCTG-1,PB,0.5934364335247455
MS,PB_6,CTCGTACGTTTCCACC-1-1,PB,-0.29792794834763775
MS,PB_6,CTCGTCAAGAAACCGC-1,PB,0.25181965303082354
MS,PB_6,CTCGTCAAGCCTCGTG-1,PB,-0.21135963209995007
MS,PB_6,CTCTAATAGATGTGTA-1,PB,-0.05768560453998691
MS,PB_6,CTCTAATCAACTTGAC-1-1,PB,-0.05218666956024966
MS,PB_6,CTCTAATGTTCCGTCT-1,PB,0.6695105792278823
MS,PB_6,CTCTACGAGGAATCGC-1,PB,0.1825695070355622
MS,PB_6,CTGAAACAGCGTGTCC-1,PB,-0.18637589688879935
MS,PB_6,CTGAAACCACCGAAAG-1,PB,-0.29792794834763775
MS,PB_6,CTGATCCAGTGTCCAT-1,PB,0.4856207002903367
MS,PB_6,CTGATCCCAACAACCT-1-1,PB,0.20473605292394728
MS,PB_6,CTGATCCTCATCGATG-1,PB,0.4107361346921703
MS,PB_6,CTGCCTAAGCCCTAAT-1,PB,-0.18242198624055234
MS,PB_6,CTGCCTAAGTGGTAAT-1,PB,0.19284194432305327
MS,PB_6,CTGCCTATCCGTTGTC-1,PB,-0.12148274816593599
MS,PB_6,CTGCGGATCCCTGACT-1,PB,0.6368524389948312
MS,PB_6,CTGCTGTGTAGTGAAT-1,PB,0.010740197724918474
MS,PB_6,CTGCTGTGTTGGAGGT-1,PB,-0.29792794834763775
MS,PB_6,CTGCTGTTCTGGTATG-1,PB,0.7475836666935576
MS,PB_6,CTGGTCTCATAGACTC-1,PB,0.8015630116507688
MS,PB_6,CTGGTCTTCTGTACGA-1,PB,0.1219007066633832
MS,PB_6,CTGTTTAGTCGAATCT-1-2,PB,0.10168343630162882
MS,PB_6,CTTAGGAAGCTTTGGT-1-1,PB,0.08572458072519508
MS,PB_6,CTTAGGAAGGACACCA-1,PB,-0.21304885025208953
MS,PB_6,CTTAGGAGTTCGTTGA-1,PB,-0.015387863501685682
MS,PB_6,CTTGGCTAGCTCCCAG-1,PB,0.03803069366906899
MS,PB_6,CTTGGCTCAATCCAAC-1,PB,-0.29792794834763775
MS,PB_6,CTTGGCTGTGGTAACG-1,PB,0.4765919475102241
MS,PB_6,GAAACTCCACGAAATA-1,PB,-0.12839052436676265
MS,PB_6,GAACATCAGTGTTAGA-1,PB,0.543153516849759
MS,PB_6,GAACATCTCAATCACG-1,PB,-0.003162398868435247
MS,PB_6,GAACCTAGTGAAGGCT-1,PB,-0.06286167874528795
MS,PB_6,GAAGCAGGTAATTGGA-1,PB,0.011064765302527091
MS,PB_6,GAATAAGGTATAATGG-1,PB,-0.0479709469718983
MS,PB_6,GAATAAGTCGCAAGCC-1,PB,-0.29792794834763775
MS,PB_6,GAATGAAGTGGTACAG-1,PB,0.5186673269913855
MS,PB_6,GACACGCAGTTATCGC-1,PB,-0.12664603323565024
MS,PB_6,GACACGCGTTTGGGCC-1,PB,-0.15448403465388597
MS,PB_6,GACCTGGAGAATAGGG-1-1,PB,-0.0686423745809831
MS,PB_6,GACCTGGCAGCCACCA-1,PB,-0.14928619432677423
MS,PB_6,GACGGCTGTAAGTGTA-1,PB,-0.29792794834763775
MS,PB_6,GACGGCTGTCACCTAA-1,PB,0.2094512843559962
MS,PB_6,GACGGCTTCCTAGAAC-1,PB,0.07295827838706555
MS,PB_6,GACGGCTTCGTGACAT-1,PB,0.2985287219761548
MS,PB_6,GACGTGCAGCCACCTG-1-1,PB,0.04397185460631976
MS,PB_6,GACGTTAAGGTGCTTT-1,PB,0.28604923216581823
MS,PB_6,GACGTTAGTGCATCTA-1,PB,-0.12972204462435877
MS,PB_6,GACTACAAGATGTTAG-1,PB,-0.06993980152307076
MS,PB_6,GACTACACAAACCCAT-1,PB,-0.29792794834763775
MS,PB_6,GACTACACACTGAAGG-1,PB,0.007199014645457723
MS,PB_6,GACTACATCTCTTATG-1-1,PB,-0.11271535269546192
MS,PB_6,GACTGCGAGACAAAGG-1,PB,0.5548673306852666
MS,PB_6,GACTGCGAGAGGGCTT-1,PB,0.6983931813423528
MS,PB_6,GAGGTGAGTCCGACGT-1,PB,-0.29792794834763775
MS,PB_6,GAGGTGATCCATGAGT-1-1,PB,0.3106806242479831
MS,PB_6,GATCAGTAGTACGACG-1,PB,-0.14984900664446302
MS,PB_6,GATCAGTTCGAGCCCA-1,PB,-0.29792794834763775
MS,PB_6,GATCGCGAGAGGTAGA-1,PB,-0.1908945154864648
MS,PB_6,GATCTAGAGCTGAAAT-1,PB,0.8696453717513988
MS,PB_6,GATCTAGAGTCCGTAT-1,PB,-0.08042443733591013
MS,PB_6,GATCTAGGTCAAACTC-1,PB,0.11689275909412923
MS,PB_6,GATGAAATCCCAAGTA-1,PB,-0.29792794834763775
MS,PB_6,GATGAGGCAGTTTACG-1,PB,0.15332922615877062
MS,PB_6,GATTCAGCAAGGACTG-1,PB,0.14165956608890728
MS,PB_6,GATTCAGGTTTGACAC-1,PB,0.14036393445529188
MS,PB_6,GCAATCACAGTATGCT-1,PB,0.07758944552874006
MS,PB_6,GCACATAAGCGTAATA-1,PB,-0.044771755388139274
MS,PB_6,GCACTCTGTATCAGTC-1,PB,0.10668936554699703
MS,PB_6,GCAGCCAAGGCTATCT-1,PB,-0.046110712568823466
MS,PB_6,GCAGCCACATGTTGAC-1,PB,0.028925300916514792
MS,PB_6,GCAGTTAGTAGCGTAG-1,PB,-0.29792794834763775
MS,PB_6,GCATACAAGATGTAAC-1,PB,-0.09580868702466797
MS,PB_6,GCATACAAGGACAGAA-1,PB,-0.1932981356881525
MS,PB_6,GCATACACAGGGATTG-1,PB,0.12532283298336291
MS,PB_6,GCATACAGTCTTCGTC-1,PB,-0.1989731917239168
MS,PB_6,GCATACATCCAAACAC-1,PB,-0.03729340800420154
MS,PB_6,GCATGATGTAGGGACT-1,PB,0.11284001523684936
MS,PB_6,GCATGCGGTCTTGATG-1,PB,0.5876922354303307
MS,PB_6,GCATGTACAGAAGCAC-1,PB,-0.08861285406734232
MS,PB_6,GCATGTACATGCCCGA-1,PB,-0.07944836027291112
MS,PB_6,GCATGTATCACTATTC-1,PB,0.4043777222840323
MS,PB_6,GCATGTATCAGTTCGA-1,PB,-0.16246291258127726
MS,PB_6,GCCAAATTCTCCGGTT-1,PB,0.2193898753476599
MS,PB_6,GCCTCTACATCTATGG-1,PB,-0.0468360755097461
MS,PB_6,GCGACCAGTGAAATCA-1,PB,-0.09425534806592216
MS,PB_6,GCGACCAGTGTTAAGA-1,PB,0.1800914411168242
MS,PB_6,GCGACCATCCCTAACC-1,PB,-0.29792794834763775
MS,PB_6,GCGAGAATCGTACGGC-1,PB,0.37510283355552065
MS,PB_6,GCGAGAATCTTCCTTC-1,PB,0.2693336637068144
MS,PB_6,GCGCAACGTAGCTGCC-1-1,PB,0.20880890151690368
MS,PB_6,GCGCAACGTCACCCAG-1,PB,-0.08979467163508091
MS,PB_6,GCGCAGTAGTAGCGGT-1,PB,0.5182376995715824
MS,PB_6,GCGCAGTAGTCCCACG-1,PB,0.4917466616190008
MS,PB_6,GCGCAGTTCATTCACT-1-1,PB,0.2305602115997217
MS,PB_6,GCGGGTTAGTGTTAGA-1,PB,-0.11505576699579634
MS,PB_6,GCGGGTTTCAACCATG-1,PB,-0.09826866153359529
MS,PB_6,GCTCCTAAGATGGGTC-1,PB,0.13116527481269216
MS,PB_6,GCTCCTACATTTCACT-1,PB,0.21833327075836292
MS,PB_6,GCTCTGTCAAGTAGTA-1,PB,-0.1329380955475506
MS,PB_6,GCTCTGTGTACTTGAC-1,PB,0.28630048974217426
MS,PB_6,GCTCTGTTCAATCACG-1,PB,0.3907764389862046
MS,PB_6,GCTGCAGAGCAGCGTA-1,PB,0.1913638463303787
MS,PB_6,GCTGCAGCAATGGACG-1,PB,0.16340174892372494
MS,PB_6,GCTGCAGGTAGGACAC-1,PB,0.14979654451156343
MS,PB_6,GCTGCAGGTCTCCATC-1,PB,-0.15866223293823425
MS,PB_6,GCTGCTTAGCAGGCTA-1,PB,0.23030322938925132
MS,PB_6,GCTGCTTGTCATCCCT-1,PB,-0.029733215832958477
MS,PB_6,GCTGCTTTCAGAAATG-1,PB,0.09983308973665217
MS,PB_6,GCTTCCATCATTTGGG-1,PB,0.113377980855445
MS,PB_6,GCTTGAACAGAGCCAA-1,PB,0.21840917254146783
MS,PB_6,GCTTGAACATATGAGA-1,PB,-0.08258015114257027
MS,PB_6,GCTTGAATCGACAGCC-1,PB,0.18537696601569423
MS,PB_6,GCTTGAATCTCTTGAT-1,PB,-0.29792794834763775
MS,PB_6,GGAAAGCAGGAGCGTT-1,PB,0.0044334438979036295
MS,PB_6,GGAAAGCTCAACCATG-1,PB,-0.20818355576045616
MS,PB_6,GGAACTTAGCCACGTC-1,PB,0.07790350815302115
MS,PB_6,GGAACTTTCGTTACAG-1,PB,0.23541379842888682
MS,PB_6,GGAATAAGTATAGGGC-1,PB,-0.29792794834763775
MS,PB_6,GGACAAGGTACGACCC-1-1,PB,0.6582564356796953
MS,PB_6,GGACAGAGTTCCGTCT-1-1,PB,0.18025513752932307
MS,PB_6,GGACGTCTCGGAATCT-1,PB,0.012514415382413244
MS,PB_6,GGAGCAAAGCAGACTG-1,PB,-0.29792794834763775
MS,PB_6,GGAGCAAGTACAAGTA-1,PB,-0.21798571462793978
MS,PB_6,GGAGCAAGTAGAAGGA-1,PB,-0.29792794834763775
MS,PB_6,GGATTACGTGTGCGTC-1,PB,-0.11985829476125968
MS,PB_6,GGCAATTAGATCTGCT-1,PB,-0.07157992991048841
MS,PB_6,GGCCGATAGAAAGTGG-1,PB,-0.07541734109565676
MS,PB_6,GGCCGATTCGTTTGCC-1,PB,0.24855495735136418
MS,PB_6,GGCGACTCAGTTCCCT-1,PB,0.24123669014050977
MS,PB_6,GGGAATGAGTATCTCG-1,PB,-0.09277409956788543
MS,PB_6,GGGAATGCAAGGACAC-1,PB,0.2561622429987755
MS,PB_6,GGGAATGTCCACGTGG-1,PB,-0.29792794834763775
MS,PB_6,GGGACCTGTTGGTTTG-1-1,PB,-0.011399130976682104
MS,PB_6,GGGATGAAGAATAGGG-1,PB,0.1691313352858508
MS,PB_6,GGGATGAGTGTCTGAT-1,PB,0.021080465269241244
MS,PB_6,GGGCACTCACATCCGG-1,PB,-0.06016374671541679
MS,PB_6,GGGCATCGTTATCGGT-1,PB,0.6653619743234961
MS,PB_6,GGGTTGCTCAACGGGA-1,PB,0.28131151311350944
MS,PB_6,GGTATTGAGAGATGAG-1,PB,0.20048544028100107
MS,PB_6,GGTATTGGTAAGTGTA-1,PB,-0.14660283843540542
MS,PB_6,GGTGCGTAGGGCACTA-1,PB,-0.089557158738196
MS,PB_6,GGTGCGTTCACCAGGC-1,PB,-0.09160394430604495
MS,PB_6,GGTGTTAAGCTAGCCC-1,PB,-0.04205933326091361
MS,PB_6,GGTGTTAAGCTCAACT-1,PB,0.23122326338146146
MS,PB_6,GGTGTTACAGATCTGT-1,PB,0.2416514507616321
MS,PB_6,GTAACTGCAGTCAGCC-1,PB,0.21976265484414506
MS,PB_6,GTACGTAAGTCCGGTC-1,PB,0.3170793192808413
MS,PB_6,GTACGTACACATCCGG-1,PB,0.22888596681486753
MS,PB_6,GTACGTAGTATCGCAT-1,PB,-0.29792794834763775
MS,PB_6,GTACGTAGTGCTGTAT-1,PB,-0.013421935040865609
MS,PB_6,GTACTCCTCGTGGGAA-1,PB,-0.032902850841843835
MS,PB_6,GTACTTTAGGCAGGTT-1,PB,0.1562285898132072
MS,PB_6,GTACTTTTCGAACGGA-1,PB,-0.08892214599215253
MS,PB_6,GTACTTTTCTATCGCC-1,PB,0.25913912714094284
MS,PB_6,GTACTTTTCTTGTACT-1,PB,0.0946103102119319
MS,PB_6,GTAGTCAGTCTAACGT-1,PB,-0.11031828445917999
MS,PB_6,GTAGTCAGTTGTGGAG-1,PB,0.5460784753553577
MS,PB_6,GTATCTTTCCCTAACC-1,PB,-0.14755017011909574
MS,PB_6,GTATTCTCACGCTTTC-1,PB,0.2936856574321553
MS,PB_6,GTATTCTGTCGGGTCT-1,PB,0.3932133576161707
MS,PB_6,GTCACAAAGTGAAGAG-1,PB,-0.29792794834763775
MS,PB_6,GTCACAACAAGAGTCG-1,PB,1.0588357559845019
MS,PB_6,GTCACGGGTAAAGGAG-1,PB,0.1375283908659404
MS,PB_6,GTCACGGTCGAATGGG-1,PB,-0.08869515075621145
MS,PB_6,GTCATTTAGTCAATAG-1,PB,-0.037707838404653714
MS,PB_6,GTCATTTTCAGCGACC-1,PB,0.19780091344934658
MS,PB_6,GTCCTCAAGAATCTCC-1-1,PB,-0.29792794834763775
MS,PB_6,GTCCTCACAATGAAAC-1,PB,-0.29792794834763775
MS,PB_6,GTCCTCAGTGCTTCTC-1,PB,0.007729499327954954
MS,PB_6,GTCGTAAGTCTACCTC-1,PB,-0.20804700048168626
MS,PB_6,GTCGTAATCAGGCCCA-1,PB,-0.29792794834763775
MS,PB_6,GTCGTAATCAGGTTCA-1,PB,0.09267595594498021
MS,PB_6,GTCTCGTCATTCTCAT-1,PB,-0.29792794834763775
MS,PB_6,GTCTTCGGTACAGTTC-1,PB,0.5933137184244266
MS,PB_6,GTGAAGGGTAGCTCCG-1-1,PB,0.3066935317362169
MS,PB_6,GTGCAGCCAGCCAATT-1,PB,0.7083945940006433
MS,PB_6,GTGCATACACGTAAGG-1,PB,-0.013301365988499082
MS,PB_6,GTGCATAGTGCAACTT-1,PB,-0.29792794834763775
MS,PB_6,GTGCGGTGTAGTACCT-1,PB,-0.10591637553486535
MS,PB_6,GTGGGTCAGGGTATCG-1,PB,0.5085520339642889
MS,PB_6,GTGGGTCGTAGCTGCC-1,PB,0.09474873355839608
MS,PB_6,GTGGGTCGTGCAACTT-1,PB,0.12260603740575514
MS,PB_6,GTGGGTCGTTCTGAAC-1,PB,0.14372532345900355
MS,PB_6,GTGGGTCTCCATGAAC-1,PB,-0.20943321147741495
MS,PB_6,GTGGGTCTCTCTGAGA-1,PB,0.3192374221708686
MS,PB_6,GTGTGCGTCTGCGTAA-1,PB,0.31880371407844793
MS,PB_6,GTGTTAGAGGAGTTTA-1,PB,-0.001976008604556426
MS,PB_6,GTGTTAGTCATACGGT-1,PB,-0.29792794834763775
MS,PB_6,GTTAAGCCAGCCACCA-1,PB,-0.07768245749709032
MS,PB_6,GTTCATTCAACGCACC-1,PB,0.6177790298023662
MS,PB_6,GTTCGGGCAAGTCATC-1,PB,0.04579629576820547
MS,PB_6,GTTCTCGAGTGTTGAA-1,PB,0.1437109700893718
MS,PB_6,TAAACCGAGACTGTAA-1-1,PB,-0.29792794834763775
MS,PB_6,TAAACCGGTTTGTTGG-1,PB,0.19309846632299948
MS,PB_6,TAAGAGAGTAAGGGAA-1,PB,0.28964273141204083
MS,PB_6,TAAGTGCCAATGAATG-1,PB,0.5803034251714223
MS,PB_6,TAAGTGCTCATGCATG-1,PB,0.32922293943532555
MS,PB_6,TACACGACACCTCGTT-1,PB,-0.29792794834763775
MS,PB_6,TACAGTGGTATCGCAT-1,PB,-0.29792794834763775
MS,PB_6,TACCTATCAAAGGCGT-1,PB,0.05660334729789302
MS,PB_6,TACCTATGTATTAGCC-1,PB,0.18215147167487647
MS,PB_6,TACCTATTCTCGAGTA-1,PB,0.32653406364819687
MS,PB_6,TACCTTAGTACGCTGC-1,PB,0.36628348181738424
MS,PB_6,TACTCATAGTTTCCTT-1,PB,0.127648701615863
MS,PB_6,TACTCGCTCACAGGCC-1,PB,0.04293588495967708
MS,PB_6,TACTCGCTCTTCAACT-1,PB,0.5041270188209644
MS,PB_6,TACTTACGTAAGAGAG-1,PB,0.7700293909339725
MS,PB_6,TACTTGTCAAGCCTAT-1,PB,0.12160676959074704
MS,PB_6,TACTTGTGTGGTCCGT-1,PB,0.08793065905644368
MS,PB_6,TAGACCACAAAGGAAG-1,PB,0.4506219642967023
MS,PB_6,TAGACCATCGTAGATC-1,PB,-0.18979621255787174
MS,PB_6,TAGAGCTAGAGAACAG-1,PB,0.0486479191817473
MS,PB_6,TAGAGCTGTAAAGGAG-1,PB,0.1719835970317625
MS,PB_6,TAGAGCTGTTGATTGC-1,PB,0.03124191361555172
MS,PB_6,TAGAGCTTCACGATGT-1,PB,-0.14351159154079468
MS,PB_6,TATCTCAGTAAGTGTA-1-1,PB,0.15911316486582408
MS,PB_6,TATGCCCGTAGCGTCC-1,PB,0.46437665414861434
MS,PB_6,TATTACCGTCATACTG-1,PB,0.34845498838772854
MS,PB_6,TCAACGAAGCTGCAAG-1,PB,-0.06701934903315494
MS,PB_6,TCAACGAGTAAATGTG-1,PB,0.38390216278082534
MS,PB_6,TCAACGATCATCTGCC-1,PB,0.08611149077049908
MS,PB_6,TCAATCTGTATGAAAC-1,PB,-0.06132322689340707
MS,PB_6,TCACAAGTCGTTTATC-1,PB,0.122478261969589
MS,PB_6,TCACGAACATACTACG-1,PB,-0.29792794834763775
MS,PB_6,TCACGAATCTAGCACA-1,PB,-0.29792794834763775
MS,PB_6,TCAGATGAGCGATATA-1,PB,0.22979313855997116
MS,PB_6,TCAGCAAAGCTCCTTC-1,PB,0.6777822951042326
MS,PB_6,TCAGCAAAGTGGACGT-1,PB,-0.058408861970819244
MS,PB_6,TCAGCAAGTCTACCTC-1,PB,-0.29792794834763775
MS,PB_6,TCAGCAATCAACACAC-1,PB,-0.29792794834763775
MS,PB_6,TCAGCAATCATGTCTT-1,PB,-0.15764397939195454
MS,PB_6,TCAGCTCAGCTAAACA-1,PB,-0.00279427793270345
MS,PB_6,TCAGCTCTCAGTCAGT-1,PB,0.49440556847407235
MS,PB_6,TCAGGATAGTGAACAT-1,PB,-0.024883531494713538
MS,PB_6,TCAGGTACATCCTTGC-1,PB,0.03296928403133405
MS,PB_6,TCAGGTAGTTGAACTC-1,PB,-0.06356984383773683
MS,PB_6,TCATTACCAGATCGGA-1,PB,0.10632102005934296
MS,PB_6,TCATTTGGTCGTCTTC-1,PB,0.08123434473064088
MS,PB_6,TCATTTGGTTTGCATG-1,PB,0.06356793832343464
MS,PB_6,TCCACACAGGATCGCA-1,PB,0.8180791859666032
MS,PB_6,TCCCGATCATTGCGGC-1,PB,-0.16854624365765555
MS,PB_6,TCGAGGCCATCTGGTA-1,PB,0.20330943554165332
MS,PB_6,TCGCGTTTCGGAAACG-1,PB,-0.07409840770968978
MS,PB_6,TCGGGACAGCCAGGAT-1,PB,0.05579241734897571
MS,PB_6,TCGGGACGTGCACTTA-1,PB,0.20315460729144927
MS,PB_6,TCGGGACTCCCGGATG-1-1,PB,0.08238205669723997
MS,PB_6,TCGGTAAAGTGTCCAT-1,PB,0.054268398630420135
MS,PB_6,TCGGTAACAATCAGAA-1,PB,0.485568233507348
MS,PB_6,TCGGTAACATGCAACT-1,PB,-0.061859784193752494
MS,PB_6,TCGTACCCATGTTGAC-1,PB,0.02269745551258155
MS,PB_6,TCGTACCGTGGTTTCA-1,PB,-0.12603785722383803
MS,PB_6,TCGTAGACAGTATCTG-1,PB,-0.09802511151906813
MS,PB_6,TCGTAGACAGTGAGTG-1,PB,0.34866787552617273
MS,PB_6,TCGTAGAGTAGAAGGA-1,PB,-0.12598440556903628
MS,PB_6,TCGTAGAGTCATTAGC-1,PB,-0.014448604213967708
MS,PB_6,TCGTAGAGTGTGCGTC-1,PB,0.05353757408913208
MS,PB_6,TCTCATAAGCTAGTGG-1,PB,-0.29792794834763775
MS,PB_6,TCTCTAACAAGTCATC-1,PB,0.29945241437111253
MS,PB_6,TCTCTAATCCATGAAC-1,PB,0.12602008337055212
MS,PB_6,TCTGAGAAGACGCAAC-1,PB,0.48425508854924504
MS,PB_6,TCTTCGGGTCTCCACT-1,PB,0.17135512222018368
MS,PB_6,TCTTTCCGTCCGACGT-1,PB,0.09103223370352061
MS,PB_6,TCTTTCCTCTACCAGA-1,PB,0.17954760922896512
MS,PB_6,TGAAAGAAGACCCACC-1,PB,0.38278239478121673
MS,PB_6,TGAAAGACAAAGGAAG-1,PB,1.2801427929993896
MS,PB_6,TGAAAGAGTCTTCAAG-1,PB,0.03365087912175126
MS,PB_6,TGACAACAGTACATGA-1,PB,0.3200429548161073
MS,PB_6,TGACAACCATGGTCTA-1,PB,-0.010178667594408766
MS,PB_6,TGACTAGAGACAGGCT-1,PB,-0.158087807205199
MS,PB_6,TGACTAGTCCGTAGTA-1,PB,0.06015949579841812
MS,PB_6,TGAGAGGAGAGATGAG-1,PB,0.4017856057681351
MS,PB_6,TGAGAGGCACGCGAAA-1-1,PB,0.004732697559096095
MS,PB_6,TGAGCATAGAGTCTGG-1,PB,0.17808320394432658
MS,PB_6,TGAGCCGAGCAATCTC-1,PB,0.08361075253717565
MS,PB_6,TGAGGGAGTAGAGCTG-1,PB,-0.13409500255881762
MS,PB_6,TGAGGGAGTCCCGACA-1,PB,0.26476812505722674
MS,PB_6,TGATTTCGTACGCTGC-1,PB,-0.145510210855849
MS,PB_6,TGCACCTCAACGATCT-1,PB,0.3133636728345802
MS,PB_6,TGCACCTTCAGGATCT-1,PB,0.24531039470571248
MS,PB_6,TGCCAAAGTGCGGTAA-1,PB,-0.06278844277221433
MS,PB_6,TGCCAAATCAAGGTAA-1,PB,0.4175142177949124
MS,PB_6,TGCCCATCATGGATGG-1-1,PB,0.0587359786341928
MS,PB_6,TGCCCTACAGACAAAT-1,PB,0.1552193414623749
MS,PB_6,TGCCCTACATTCTCAT-1,PB,-0.10455651484269378
MS,PB_6,TGCGCAGAGATGCCAG-1,PB,0.21862670469284584
MS,PB_6,TGCGTGGGTCTTGCGG-1,PB,0.4442203625623652
MS,PB_6,TGCTACCAGAGGTTAT-1-1,PB,0.18079006070656334
MS,PB_6,TGCTACCCAAAGGCGT-1-2,PB,0.21579094369762222
MS,PB_6,TGCTACCTCATGTGGT-1,PB,0.01864597034596208
MS,PB_6,TGCTGCTAGTAATCCC-1,PB,-0.08988966535936825
MS,PB_6,TGCTGCTGTGTCAATC-1,PB,-0.12789395546726876
MS,PB_6,TGGCGCAAGCAAATCA-1,PB,0.15346651211684464
MS,PB_6,TGGCGCAAGCTGATAA-1,PB,-0.20383182130463842
MS,PB_6,TGGCTGGCATAGGATA-1,PB,0.41299179559316773
MS,PB_6,TGGGAAGAGTGGTCCC-1,PB,0.12263098046620084
MS,PB_6,TGGTTAGGTTTGGGCC-1,PB,0.15337578498138876
MS,PB_6,TGGTTCCAGTTAACGA-1,PB,-0.29792794834763775
MS,PB_6,TGGTTCCTCCAGTAGT-1,PB,0.03272201750809791
MS,PB_6,TGGTTCCTCCCAGGTG-1,PB,0.2235809337922087
MS,PB_6,TGTATTCAGTAGGTGC-1,PB,-0.17161457685451204
MS,PB_6,TGTGTTTGTTACGGAG-1,PB,0.3048367635788483
MS,PB_6,TGTTCCGTCTTGGGTA-1,PB,0.07395749233784359
MS,PB_6,TTAACTCAGAGACGAA-1-1,PB,-0.07485641362011475
MS,PB_6,TTAACTCGTGCGAAAC-1,PB,0.02969017732274461
MS,PB_6,TTAGGACAGCTAGCCC-1,PB,-0.29792794834763775
MS,PB_6,TTAGGACCAGTCAGAG-1,PB,0.17969868898276234
MS,PB_6,TTAGGCAAGCGCTTAT-1,PB,-0.2311614963052173
MS,PB_6,TTAGGCAAGTCTCAAC-1,PB,-0.1441935048335321
MS,PB_6,TTAGTTCCAATGGAAT-1,PB,0.1555167833048259
MS,PB_6,TTATGCTCAGTCAGCC-1,PB,0.1375328771244201
MS,PB_6,TTATGCTTCTTAGAGC-1,PB,0.604474499655213
MS,PB_6,TTCGAAGAGAAGCCCA-1,PB,0.359815110518712
MS,PB_6,TTCGAAGGTAGCTTGT-1,PB,0.047637190231467376
MS,PB_6,TTCGGTCAGAACAACT-1,PB,-0.009812081164417024
MS,PB_6,TTCGGTCCAGCTTAAC-1,PB,-0.2066342002109026
MS,PB_6,TTCTACAAGGCTATCT-1,PB,-0.29792794834763775
MS,PB_6,TTCTACACAATGGATA-1,PB,0.5268509544816216
MS,PB_6,TTCTCAACACAGTCGC-1-1,PB,-0.29792794834763775
MS,PB_6,TTCTCCTAGACTTTCG-1,PB,-0.22771962601400633
MS,PB_6,TTCTCCTGTCTGCGGT-1,PB,0.10337115076076667
MS,PB_6,TTCTCCTTCCATGAGT-1,PB,0.3961227402446554
MS,PB_6,TTCTTAGCAGTGGGAT-1,PB,0.18428089862091954
MS,PB_6,TTGAACGAGCCAGAAC-1,PB,-0.0735824975790819
MS,PB_6,TTGAACGAGGCATGTG-1,PB,0.25922319135280886
MS,PB_6,TTGCCGTCATAACCTG-1,PB,-0.19758992543435486
MS,PB_6,TTGGCAACATGCAATC-1,PB,0.46670475061522504
MS,PB_6,TTGGCAAGTCTCAACA-1,PB,-0.29792794834763775
MS,PB_6,TTGTAGGAGCGATGAC-1,PB,0.3426962141988238
MS,PB_6,TTTACTGGTGCCTGCA-1,PB,0.2761663966602118
MS,PB_6,TTTATGCCATGCTGGC-1,PB,0.09279885792798662
MS,PB_6,TTTATGCGTACGCACC-1,PB,0.471577606338022
MS,PB_6,TTTATGCTCGGTGTTA-1,PB,-0.07773796961803463
MS,PB_6,TTTCCTCGTATAATGG-1,PB,0.05907274570775401
MS,PB_6,TTTCCTCGTCACCCAG-1,PB,0.00019985987268857284
MS,PB_6,TTTGCGCAGTTGAGTA-1,PB,0.41850996328695317
MS,PB_6,TTTGCGCGTACGCTGC-1,PB,-0.20688386797470779
MS,PB_6,TTTGGTTTCTCTAGGA-1,PB,-0.10836979565152165
MS,PB_6,TTTGTCAGTCGAAAGC-1,PB,-0.15834101974661705
MS,PB_6,TTTGTCATCCGAGCCA-1,PB,-0.29792794834763775
MS,PB_7,AAACCTGAGAAACCAT-1,PB,0.31470324209209416
MS,PB_7,AAACCTGAGCTAGCCC-1,PB,0.05402325659487141
MS,PB_7,AAACCTGCATGACGGA-1,PB,-0.12708735358156104
MS,PB_7,AAACGGGTCCTTGACC-1,PB,-0.18135890781849712
MS,PB_7,AAACGGGTCTCTTATG-1-1,PB,-0.03685228949377139
MS,PB_7,AAAGCAACACACCGAC-1,PB,0.17684083818130197
MS,PB_7,AAAGTAGTCCGTACAA-1,PB,0.11625233792923215
MS,PB_7,AACTCCCCACCAGGTC-1-1,PB,0.19141558958449958
MS,PB_7,AACTCTTCAATGGACG-1,PB,-0.05281521585388692
MS,PB_7,AACTGGTCAATGGATA-1,PB,0.18124326690674816
MS,PB_7,AACTTTCGTCTCTTAT-1,PB,-0.12017626212582488
MS,PB_7,AACTTTCTCAGAAATG-1,PB,0.07563944338054404
MS,PB_7,AACTTTCTCATTTGGG-1,PB,-0.1964321875980219
MS,PB_7,AAGGCAGGTCTCACCT-1,PB,0.4886622931156821
MS,PB_7,ACACCAAAGGCGACAT-1,PB,0.021210913127640403
MS,PB_7,ACACCAATCAGAGCTT-1,PB,0.19797371179199494
MS,PB_7,ACACCCTCAAGTCATC-1,PB,0.2881789345293231
MS,PB_7,ACACCCTCACACGCTG-1,PB,0.2917153433592815
MS,PB_7,ACACCCTCACAGTCGC-1,PB,-0.29792794834763775
MS,PB_7,ACACCCTGTTTAAGCC-1,PB,-0.29792794834763775
MS,PB_7,ACACCGGCAGGGATTG-1,PB,0.053890170968584304
MS,PB_7,ACACCGGGTTCGCTAA-1,PB,-0.16321230431377548
MS,PB_7,ACAGCCGAGTTAACGA-1,PB,0.5663065008701772
MS,PB_7,ACAGCCGCAGCATGAG-1,PB,0.5725118366486965
MS,PB_7,ACAGCCGGTCCAACTA-1,PB,0.06925902694976617
MS,PB_7,ACAGCTAGTTCCACGG-1,PB,0.16989227387191277
MS,PB_7,ACATACGTCTATCCCG-1,PB,-0.11104769605424288
MS,PB_7,ACATCAGGTTAAGATG-1,PB,0.1035808059682818
MS,PB_7,ACATCAGTCTGCGACG-1,PB,-0.14406046467951847
MS,PB_7,ACGAGCCCAGCTGTAT-1,PB,0.6143642400822371
MS,PB_7,ACGATACCACATGTGT-1,PB,0.6973434844015263
MS,PB_7,ACGATACGTAGAAGGA-1,PB,0.16636985930637996
MS,PB_7,ACGATGTAGAATGTGT-1,PB,0.1578970355688069
MS,PB_7,ACGATGTGTGCTAGCC-1,PB,0.6216201147375273
MS,PB_7,ACGCCAGGTGCGGTAA-1,PB,0.11897871174535399
MS,PB_7,ACGCCAGTCATCGGAT-1,PB,0.07274221965271908
MS,PB_7,ACGCCGAGTCGCGTGT-1,PB,-0.06051990590052754
MS,PB_7,ACGGCCACAAGCCCAC-1,PB,0.0893557392528307
MS,PB_7,ACGGCCATCTCTAAGG-1,PB,0.13423473012476067
MS,PB_7,ACGGGCTCAGTTCCCT-1,PB,0.44142221493639616
MS,PB_7,ACGGGTCGTTATCGGT-1,PB,0.06098135127604932
MS,PB_7,ACGGGTCTCGGAGCAA-1,PB,-0.13143204416666407
MS,PB_7,ACTATCTGTCGACTGC-1,PB,-0.29792794834763775
MS,PB_7,ACTGTCCGTTACCAGT-1,PB,-0.1655247261125965
MS,PB_7,ACTGTCCTCCCTTGCA-1,PB,0.4389978438031781
MS,PB_7,ACTTACTCATGGGACA-1,PB,0.7821465944932181
MS,PB_7,ACTTACTGTATTCGTG-1,PB,-0.028400141317929332
MS,PB_7,ACTTACTTCCCAGGTG-1,PB,-0.1294419093306711
MS,PB_7,ACTTGTTAGCAGGCTA-1,PB,0.09374283845433944
MS,PB_7,ACTTGTTTCGCGATCG-1,PB,-0.06738777184459555
MS,PB_7,ACTTTCAGTGGTCTCG-1-1,PB,0.03298215882712573
MS,PB_7,ACTTTCATCACGAAGG-1,PB,0.2479510481415344
MS,PB_7,ACTTTCATCATAAAGG-1,PB,0.20275058818627145
MS,PB_7,AGACGTTGTTTGACTG-1,PB,-0.02603777269486917
MS,PB_7,AGAGCTTAGACTGTAA-1-1,PB,-0.29792794834763775
MS,PB_7,AGAGCTTGTTGGACCC-1,PB,-0.017556957909365806
MS,PB_7,AGCAGCCTCACAAACC-1,PB,0.16517460670508924
MS,PB_7,AGCATACTCTATCCCG-1,PB,0.4201085122370584
MS,PB_7,AGCCTAACAGGAATGC-1-1,PB,-0.15843270563382814
MS,PB_7,AGCCTAATCATGTAGC-1,PB,0.042408123361878755
MS,PB_7,AGCGGTCTCACTCTTA-1,PB,-0.2118893266486062
MS,PB_7,AGCTCTCGTTCGTTGA-1,PB,-0.1335123578467917
MS,PB_7,AGGCCACAGCACACAG-1,PB,-0.21375768313022742
MS,PB_7,AGGCCACAGGACATTA-1,PB,-0.13378710565464105
MS,PB_7,AGGGTGAGTCACACGC-1,PB,-0.011626784643531531
MS,PB_7,AGTCTTTGTCTACCTC-1,PB,0.42691517225544223
MS,PB_7,AGTGAGGAGGAGTCTG-1,PB,0.983999242902497
MS,PB_7,AGTGGGATCCTTGACC-1,PB,0.3580286508337342
MS,PB_7,ATAGACCGTTACGCGC-1,PB,-0.04667530900752753
MS,PB_7,ATCATGGCACATTAGC-1,PB,0.5281866370596561
MS,PB_7,ATCCGAACAAGAAAGG-1,PB,-0.055681380993800225
MS,PB_7,ATCCGAAGTAAGGGAA-1,PB,-0.29792794834763775
MS,PB_7,ATCCGAAGTTGTGGCC-1,PB,-0.06281674141006045
MS,PB_7,ATCTGCCAGGAATCGC-1,PB,0.2226312105843115
MS,PB_7,ATGGGAGTCATGCTCC-1,PB,-0.29792794834763775
MS,PB_7,ATGGGAGTCTGCCAGG-1,PB,-0.09128913755327137
MS,PB_7,ATTATCCAGGTGTTAA-1,PB,0.009039545262346602
MS,PB_7,ATTCTACTCATCATTC-1,PB,0.27431402997966353
MS,PB_7,ATTGGACGTCTCGTTC-1,PB,-0.20510133516215404
MS,PB_7,ATTGGACTCAGCCTAA-1,PB,0.39592939139069383
MS,PB_7,ATTGGACTCTCTAGGA-1,PB,0.5768869812921918
MS,PB_7,ATTGGTGCATGGTAGG-1,PB,0.3470801664565153
MS,PB_7,ATTGGTGTCATATCGG-1,PB,0.15237092701097701
MS,PB_7,CAACCAAGTTCCACAA-1,PB,-0.29792794834763775
MS,PB_7,CAACTAGTCCTTTCTC-1,PB,-0.04547231498879365
MS,PB_7,CAAGAAAGTCTAGGTT-1,PB,-0.05750547064594493
MS,PB_7,CAAGGCCCACGGCGTT-1,PB,-0.0028530600592948452
MS,PB_7,CACATTTGTACATGTC-1,PB,0.06055623191413139
MS,PB_7,CACATTTTCCCATTAT-1,PB,-0.29792794834763775
MS,PB_7,CACCACTCATGTCCTC-1,PB,0.5676783188497946
MS,PB_7,CACCAGGAGTGGTAGC-1,PB,0.1604317547847088
MS,PB_7,CACCAGGGTGTCAATC-1-1,PB,0.3911784087391798
MS,PB_7,CAGAATCGTCTCCACT-1,PB,0.41506179346113997
MS,PB_7,CAGATCAAGCAACGGT-1,PB,-0.19286884706737872
MS,PB_7,CAGATCACACCCAGTG-1,PB,-0.2055645574044954
MS,PB_7,CAGATCACAGGAACGT-1,PB,0.5094110561634712
MS,PB_7,CAGCAGCTCATCGCTC-1,PB,-0.044137911725087804
MS,PB_7,CAGCCGAGTAAGGATT-1,PB,-0.03833644323575054
MS,PB_7,CAGCGACAGAATTCCC-1,PB,-0.29792794834763775
MS,PB_7,CAGCTGGGTGGTGTAG-1,PB,0.027567026624789454
MS,PB_7,CAGTAACCAGGGTACA-1,PB,-0.29792794834763775
MS,PB_7,CATCGAACACGGTAAG-1-1,PB,-0.0016723693900061929
MS,PB_7,CATGCCTCATCGGGTC-1,PB,0.04649403567140259
MS,PB_7,CATTATCTCGACGGAA-1,PB,-0.186698546934986
MS,PB_7,CCAATCCGTTGAGGTG-1,PB,0.3560511435799293
MS,PB_7,CCAATCCTCCGTACAA-1,PB,-0.06972347271350138
MS,PB_7,CCACCTAAGCGCTCCA-1,PB,0.08236243055767782
MS,PB_7,CCACCTAGTGCTGTAT-1,PB,0.5552137704976262
MS,PB_7,CCACGGACACATGGGA-1,PB,0.31138350567622386
MS,PB_7,CCAGCGAAGGATGGTC-1,PB,0.2508209849649561
MS,PB_7,CCAGCGACATGTAAGA-1,PB,-0.12230211739025611
MS,PB_7,CCCATACCATGGATGG-1,PB,-0.29792794834763775
MS,PB_7,CCGGTAGGTTACGTCA-1,PB,0.2719850010644579
MS,PB_7,CCGTACTAGCGTTCCG-1,PB,0.1501176183979234
MS,PB_7,CCGTACTCAACGATGG-1,PB,0.23005372651023737
MS,PB_7,CCTACACCAATAAGCA-1,PB,-0.16578970037178203
MS,PB_7,CCTACCAAGAATAGGG-1,PB,0.4892940114690321
MS,PB_7,CCTACCAAGCGTTCCG-1,PB,0.8518103184574228
MS,PB_7,CCTACCAGTACAAGTA-1,PB,0.2432906080334226
MS,PB_7,CCTAGCTAGGCATGTG-1,PB,-0.29792794834763775
MS,PB_7,CCTATTATCAATCTCT-1,PB,0.8372001254151205
MS,PB_7,CCTCAGTGTGCCTGCA-1,PB,0.25544507600786254
MS,PB_7,CCTTACGGTCGGATCC-1,PB,0.9244113895039429
MS,PB_7,CCTTACGGTGAGTGAC-1,PB,-0.026849655027996418
MS,PB_7,CCTTCCCTCTGGTGTA-1,PB,0.018599486740304105
MS,PB_7,CCTTCGATCAGAGGTG-1,PB,-0.0277367035875436
MS,PB_7,CCTTCGATCGTCACGG-1,PB,-0.29792794834763775
MS,PB_7,CGAATGTCATGCCTTC-1,PB,-0.10184617495665901
MS,PB_7,CGACCTTAGCTGCAAG-1,PB,0.054390056124340294
MS,PB_7,CGACCTTGTACTCTCC-1,PB,-0.1066804253194605
MS,PB_7,CGACCTTTCCGGGTGT-1,PB,-0.15514632859003366
MS,PB_7,CGAGAAGGTAGCCTAT-1,PB,-0.29792794834763775
MS,PB_7,CGATGTAGTTCGCGAC-1-1,PB,0.5605736143436287
MS,PB_7,CGATTGAGTGGTACAG-1-1,PB,0.16629489542869139
MS,PB_7,CGATTGAGTGTTGAGG-1,PB,0.49228896415857
MS,PB_7,CGATTGATCGACGGAA-1,PB,-0.29792794834763775
MS,PB_7,CGATTGATCGAGAGCA-1,PB,-0.12106074751736341
MS,PB_7,CGCCAAGAGACGCACA-1,PB,0.10196033619064562
MS,PB_7,CGCCAAGAGAGTACCG-1,PB,0.06326165693764838
MS,PB_7,CGCGGTACATTAGCCA-1,PB,0.3652811339121406
MS,PB_7,CGCGGTATCGAATGGG-1,PB,-0.29792794834763775
MS,PB_7,CGCGTTTGTTGATTGC-1,PB,0.07508278878788834
MS,PB_7,CGCGTTTTCCGAACGC-1,PB,0.025451459154892577
MS,PB_7,CGCTGGAGTCAATACC-1,PB,0.28690758629057156
MS,PB_7,CGCTTCAAGTACGATA-1,PB,0.324183095842657
MS,PB_7,CGCTTCATCCAAACAC-1,PB,-0.028365577580251784
MS,PB_7,CGGACACAGATGTTAG-1,PB,0.41046603517648217
MS,PB_7,CGGACACAGCTCCTTC-1,PB,0.5645386554100478
MS,PB_7,CGGACTGCAAGTACCT-1-2,PB,0.39636354939883445
MS,PB_7,CGGACTGTCACCATAG-1,PB,-0.040807982043064295
MS,PB_7,CGGCTAGCAACACGCC-1,PB,-0.08571668554829334
MS,PB_7,CGGCTAGCAGTCGATT-1-2,PB,-0.007699645821018508
MS,PB_7,CGGGTCAGTTATCACG-1,PB,-0.29792794834763775
MS,PB_7,CGTAGCGAGATCACGG-1-2,PB,0.07492706585603168
MS,PB_7,CGTAGCGAGATGTGGC-1,PB,-0.01993587549582274
MS,PB_7,CGTCACTGTGCACCAC-1,PB,0.02180510600663806
MS,PB_7,CGTCTACCAAGCGCTC-1,PB,0.32030666240719885
MS,PB_7,CGTGAGCGTGGTCTCG-1,PB,-0.29792794834763775
MS,PB_7,CGTGAGCTCCTCAATT-1,PB,0.2868531202578473
MS,PB_7,CGTTAGACACATGACT-1,PB,-0.08683636653810975
MS,PB_7,CTACACCAGTATCGAA-1,PB,0.33270794395814124
MS,PB_7,CTACACCGTACACCGC-1,PB,0.4892688615654422
MS,PB_7,CTACATTCATAAAGGT-1-1,PB,0.0077741543798586455
MS,PB_7,CTACCCAGTAAATGTG-1,PB,0.08074620510369056
MS,PB_7,CTAGAGTTCATCGCTC-1,PB,-0.10649706908533149
MS,PB_7,CTAGCCTCACCGCTAG-1,PB,0.019958488847876765
MS,PB_7,CTAGCCTTCCGTTGCT-1,PB,0.39235359601786374
MS,PB_7,CTCATTAGTAGCGCTC-1,PB,0.2718588572503208
MS,PB_7,CTCATTATCCAGTATG-1,PB,0.3412849097801951
MS,PB_7,CTCCTAGTCCTTCAAT-1,PB,0.02117341599605501
MS,PB_7,CTCGGAGTCCGCGCAA-1,PB,0.034973940871427966
MS,PB_7,CTCGTCAGTCTACCTC-1,PB,0.577728177707013
MS,PB_7,CTCGTCAGTGCTGTAT-1,PB,-0.05627847895875391
MS,PB_7,CTCGTCATCACATACG-1,PB,-0.04807331926897548
MS,PB_7,CTCTAATCAGTGAGTG-1,PB,0.22712998601599407
MS,PB_7,CTCTAATGTCGAAAGC-1,PB,-0.29792794834763775
MS,PB_7,CTCTACGCATGTAAGA-1,PB,-0.15169987524559425
MS,PB_7,CTCTACGGTCTGGTCG-1,PB,0.45766422618116237
MS,PB_7,CTCTGGTCACAGAGGT-1-1,PB,-0.19645857009494866
MS,PB_7,CTGAAACCAGAAGCAC-1,PB,-0.007243132807273829
MS,PB_7,CTGAAGTGTTTCCACC-1,PB,0.12252235431286478
MS,PB_7,CTGCGGAAGGTGTGGT-1,PB,1.2444324207105313
MS,PB_7,CTGGTCTTCAGATAAG-1,PB,0.27789497963977805
MS,PB_7,CTGGTCTTCTGCAGTA-1,PB,0.2382240775858687
MS,PB_7,CTGTGCTCAGCTGCAC-1,PB,0.18002559127831644
MS,PB_7,CTTAACTAGATGTGTA-1,PB,-0.29792794834763775
MS,PB_7,CTTAACTCAGTGAGTG-1,PB,0.07222100949494552
MS,PB_7,CTTAGGAGTAGCTAAA-1,PB,0.06720347123696523
MS,PB_7,GAAACTCAGCCATCGC-1,PB,0.03730598945132202
MS,PB_7,GAACATCGTCGGGTCT-1,PB,-0.29792794834763775
MS,PB_7,GAACATCTCTACCTGC-1,PB,0.02153363411901223
MS,PB_7,GAATAAGGTAATCGTC-1,PB,0.19071691236371593
MS,PB_7,GAATGAACATGAAGTA-1,PB,0.3980310972855596
MS,PB_7,GAATGAATCAACCATG-1,PB,0.026373839661014704
MS,PB_7,GACACGCGTCCGTCAG-1,PB,-0.13415364339747707
MS,PB_7,GACAGAGAGCACCGCT-1,PB,-0.14847906265506375
MS,PB_7,GACCAATAGTTTAGGA-1,PB,-0.1735261776635817
MS,PB_7,GACCTGGAGGAATCGC-1,PB,0.07626826033415192
MS,PB_7,GACGCGTGTTTGGCGC-1,PB,0.9864797500921764
MS,PB_7,GACGTGCGTTCGCGAC-1,PB,-0.29792794834763775
MS,PB_7,GACGTTAGTAAGAGAG-1,PB,0.020842926284537773
MS,PB_7,GACTAACCATAGGATA-1,PB,-0.14698274474294745
MS,PB_7,GACTGCGAGTACGCCC-1,PB,0.16366119620040082
MS,PB_7,GACTGCGGTTTACTCT-1,PB,0.43544753907295686
MS,PB_7,GAGCAGAGTAAAGTCA-1,PB,0.2501622903301357
MS,PB_7,GATCAGTGTCACCCAG-1,PB,-0.16740816359347477
MS,PB_7,GATCGTACACGTCAGC-1,PB,-0.09313293263597536
MS,PB_7,GATGAGGGTGGTTTCA-1,PB,0.11448249099686755
MS,PB_7,GATGCTACAGCCACCA-1,PB,-0.22712623783709002
MS,PB_7,GATTCAGCATTAACCG-1,PB,0.0736565055940898
MS,PB_7,GCAAACTGTACAGTGG-1,PB,0.10922701022426076
MS,PB_7,GCAAACTTCCAAACTG-1,PB,0.07268004661886406
MS,PB_7,GCAATCAAGGAGTTGC-1,PB,-0.29792794834763775
MS,PB_7,GCAATCATCATGTCCC-1,PB,-0.29792794834763775
MS,PB_7,GCACATATCGGCATCG-1,PB,-0.29792794834763775
MS,PB_7,GCAGCCAAGCCGATTT-1-2,PB,0.9305777090393851
MS,PB_7,GCAGCCACAAGAAGAG-1,PB,0.2055936573823687
MS,PB_7,GCAGTTACACTGTTAG-1,PB,0.31040684650145334
MS,PB_7,GCAGTTACAGCCTATA-1,PB,-0.13056573453966483
MS,PB_7,GCATACAAGCGACGTA-1,PB,-0.03982840267263604
MS,PB_7,GCATACAAGGCTCATT-1,PB,-0.29792794834763775
MS,PB_7,GCATGCGTCGCCTGTT-1,PB,0.47330129069831745
MS,PB_7,GCCTCTACAGTATCTG-1,PB,-0.22251770325805253
MS,PB_7,GCCTCTACATCGATTG-1,PB,0.8754797355346133
MS,PB_7,GCGACCACACAGCCCA-1,PB,-0.29792794834763775
MS,PB_7,GCGACCACAGGGTATG-1,PB,0.08744186137283808
MS,PB_7,GCGACCAGTTTGTTTC-1,PB,-0.1842519717343154
MS,PB_7,GCGAGAATCCTTCAAT-1,PB,-0.07289792305000449
MS,PB_7,GCGCAGTAGATGCCTT-1,PB,-0.29792794834763775
MS,PB_7,GCGCAGTCATCGATTG-1,PB,0.46715093501841587
MS,PB_7,GCGCCAAAGACTAGGC-1,PB,0.15323233121611604
MS,PB_7,GCGCCAAGTACAGTGG-1,PB,-0.056306020838825646
MS,PB_7,GCGCCAATCTGTACGA-1,PB,0.3106457400096088
MS,PB_7,GCGCGATTCTGGAGCC-1,PB,0.1348729731941683
MS,PB_7,GCGGGTTCAAAGCGGT-1,PB,0.006676595951437182
MS,PB_7,GCGGGTTCACCTCGTT-1-1,PB,0.08605110814781028
MS,PB_7,GCTCTGTAGTACCGGA-1,PB,-0.19504762956552044
MS,PB_7,GCTGGGTGTGCGAAAC-1,PB,-0.1917247140801938
MS,PB_7,GCTGGGTTCCTCCTAG-1,PB,0.035271253434514704
MS,PB_7,GCTTGAACACATGTGT-1,PB,0.0448506217915229
MS,PB_7,GGAATAAAGTGTACTC-1,PB,0.23399414268307822
MS,PB_7,GGAATAAGTTGAACTC-1,PB,0.09861141490737392
MS,PB_7,GGACAAGCACTTACGA-1-1,PB,-0.16084142601227353
MS,PB_7,GGACATTCAGCCAGAA-1,PB,0.3951332136993545
MS,PB_7,GGACGTCGTAGCAAAT-1,PB,-0.10426689639015353
MS,PB_7,GGACGTCGTCTAAACC-1,PB,-0.10818782290689123
MS,PB_7,GGACGTCGTTCCACAA-1,PB,-0.29792794834763775
MS,PB_7,GGATGTTAGACAAAGG-1,PB,0.12858873792876246
MS,PB_7,GGATGTTAGACTGGGT-1,PB,-0.16624667204895258
MS,PB_7,GGATGTTTCGGCATCG-1,PB,0.14519860213413516
MS,PB_7,GGATTACCATTGCGGC-1,PB,-0.20115564344148956
MS,PB_7,GGCCGATGTGTCGCTG-1,PB,-0.08771845121118317
MS,PB_7,GGCGACTCACGACGAA-1,PB,-0.20317523207960475
MS,PB_7,GGCGTGTCATCGACGC-1,PB,0.14548583656065373
MS,PB_7,GGCTCGACATGGTCTA-1,PB,-0.29792794834763775
MS,PB_7,GGCTCGATCTAACTCT-1,PB,0.08464386832100179
MS,PB_7,GGCTGGTTCTAAGCCA-1,PB,0.720674764053383
MS,PB_7,GGGAATGTCAACGCTA-1,PB,-0.29792794834763775
MS,PB_7,GGGAGATCACAGGCCT-1,PB,0.029694427420154563
MS,PB_7,GGGAGATTCGGCCGAT-1,PB,-0.29792794834763775
MS,PB_7,GGGCATCGTCGACTAT-1,PB,0.36904765484456525
MS,PB_7,GGGTTGCCAAACCCAT-1,PB,0.12091974143331916
MS,PB_7,GGTATTGCAGCTCCGA-1,PB,-0.179281244986812
MS,PB_7,GGTATTGTCTCCAGGG-1,PB,0.25982273352988244
MS,PB_7,GGTGAAGTCCTTCAAT-1,PB,-0.29792794834763775
MS,PB_7,GGTGCGTGTAGCGCTC-1,PB,0.4502137647659586
MS,PB_7,GTAACGTAGAGCTATA-1,PB,-0.04290610948805585
MS,PB_7,GTAACGTCAGTGGGAT-1,PB,0.5712684083958796
MS,PB_7,GTAACTGAGTGGTCCC-1,PB,-0.16914916297654356
MS,PB_7,GTACTCCGTCAGATAA-1,PB,0.023449072900841465
MS,PB_7,GTACTTTCAGACTCGC-1,PB,-0.10267618784124714
MS,PB_7,GTACTTTTCCGTAGTA-1,PB,0.20058401043834384
MS,PB_7,GTAGGCCCAGCTCGCA-1,PB,-0.10563005067519453
MS,PB_7,GTAGTCAGTTTACTCT-1-1,PB,-0.007949050236894255
MS,PB_7,GTAGTCATCTTTACAC-1-1,PB,0.009554688524146846
MS,PB_7,GTCAAGTGTGGCGAAT-1,PB,0.42158679588059567
MS,PB_7,GTCACAACACGCTTTC-1,PB,0.235558700996763
MS,PB_7,GTCACAATCAGCAACT-1,PB,-0.29792794834763775
MS,PB_7,GTCACGGAGTTGCAGG-1,PB,-0.03266471331792581
MS,PB_7,GTCACGGGTAACGACG-1,PB,0.3967953431291359
MS,PB_7,GTCATTTCAGCTGTGC-1,PB,-0.07478039285676931
MS,PB_7,GTCATTTGTAGCGCTC-1,PB,-0.29792794834763775
MS,PB_7,GTCATTTGTTCAGTAC-1,PB,-0.29792794834763775
MS,PB_7,GTCATTTTCAGAGCTT-1,PB,0.029607829315582066
MS,PB_7,GTCCTCACAACGCACC-1,PB,0.1649358644989555
MS,PB_7,GTCCTCACACATGACT-1,PB,0.21108822317057704
MS,PB_7,GTCCTCATCCACTGGG-1-1,PB,0.12844580849437787
MS,PB_7,GTCGGGTCACATTAGC-1-1,PB,-0.15008796375042682
MS,PB_7,GTCGGGTCATCGTCGG-1,PB,-0.13609799898085748
MS,PB_7,GTGAAGGGTTAGATGA-1,PB,0.25863864884050225
MS,PB_7,GTGAAGGTCGAATGCT-1,PB,0.06381339411669966
MS,PB_7,GTGAAGGTCTCGGACG-1,PB,-0.041418746090579314
MS,PB_7,GTGCAGCGTAGTAGTA-1,PB,-0.29792794834763775
MS,PB_7,GTGCTTCCAGGACCCT-1,PB,0.19948370515309116
MS,PB_7,GTTAAGCCATGCATGT-1,PB,0.31337903983796933
MS,PB_7,GTTCATTTCCCTTGCA-1,PB,0.18133608043455837
MS,PB_7,GTTCGGGAGGAATCGC-1,PB,0.5376414419149775
MS,PB_7,GTTCGGGAGTTAAGTG-1,PB,-0.04583635790890848
MS,PB_7,GTTCTCGTCAAAGTAG-1,PB,-0.15870097519912843
MS,PB_7,TAAACCGGTCGACTGC-1-1,PB,0.3705923516503301
MS,PB_7,TAAGCGTCAGCCTTGG-1,PB,-0.29792794834763775
MS,PB_7,TAAGTGCCACCCATGG-1,PB,0.158365220878364
MS,PB_7,TACCTATAGGGTGTTG-1-1,PB,-0.14384694687825975
MS,PB_7,TACCTATAGTGAACAT-1,PB,0.2263408253196455
MS,PB_7,TACCTATCATGGATGG-1,PB,0.2221682981063502
MS,PB_7,TACCTATTCACAATGC-1,PB,0.45664971073380695
MS,PB_7,TACCTTAGTATAATGG-1,PB,0.2605306860559525
MS,PB_7,TACCTTATCGCTTGTC-1-1,PB,-0.29792794834763775
MS,PB_7,TACGGATGTGACAAAT-1,PB,-0.16975497741033158
MS,PB_7,TACGGTACATTGGGCC-1,PB,-0.2114177565567999
MS,PB_7,TACGGTAGTAAGTGGC-1,PB,-0.060246757248298206
MS,PB_7,TACGGTATCTGTCTCG-1,PB,0.04976781256375225
MS,PB_7,TACTCGCCATGGTCTA-1,PB,0.23383745934512648
MS,PB_7,TACTTACAGAGGGCTT-1,PB,0.06872969105294971
MS,PB_7,TACTTACTCAAACCGT-1,PB,-0.29792794834763775
MS,PB_7,TAGACCATCGTTTAGG-1,PB,0.20618710372524182
MS,PB_7,TAGCCGGGTGATAAAC-1,PB,0.11390648548991966
MS,PB_7,TAGCCGGGTTACGACT-1,PB,-0.09392612455190284
MS,PB_7,TAGCCGGGTTATGCGT-1,PB,0.18270827087219152
MS,PB_7,TAGTGGTCAGCGTCCA-1,PB,0.48747515781586415
MS,PB_7,TAGTTGGAGCTGCCCA-1,PB,0.09322052692357168
MS,PB_7,TAGTTGGCACCACGTG-1,PB,0.1315744426648119
MS,PB_7,TATCAGGCAAGAAGAG-1,PB,-0.1310846851841463
MS,PB_7,TATCTCATCGGTGTCG-1,PB,0.5948718804733816
MS,PB_7,TATTACCCAATGGATA-1,PB,-0.1996956660562133
MS,PB_7,TATTACCTCACCCGAG-1,PB,-0.17119235525088897
MS,PB_7,TATTACCTCACGAAGG-1-2,PB,-0.08633326835559862
MS,PB_7,TCAACGAGTAATCACC-1,PB,0.3071500514133681
MS,PB_7,TCAATCTGTCCTGCTT-1,PB,0.5367706203300442
MS,PB_7,TCAGCTCAGCTAGTCT-1,PB,0.530942316130471
MS,PB_7,TCAGCTCCAGGTCTCG-1,PB,0.030515442966235626
MS,PB_7,TCAGGATAGCTTCGCG-1-1,PB,-0.016359636408832305
MS,PB_7,TCAGGTAGTACTCGCG-1,PB,0.07833938396906283
MS,PB_7,TCATTTGGTATAGTAG-1,PB,0.26723952798871925
MS,PB_7,TCATTTGGTGATGCCC-1,PB,-0.1584708598511954
MS,PB_7,TCCACACCAATGGACG-1,PB,0.24570858909086876
MS,PB_7,TCCACACTCTCGCTTG-1,PB,0.1324282771147745
MS,PB_7,TCCCGATCAATAAGCA-1,PB,0.03890635516201078
MS,PB_7,TCCCGATCACGAAGCA-1,PB,0.3303396841274502
MS,PB_7,TCGAGGCAGCTAGCCC-1,PB,0.2747682927059222
MS,PB_7,TCGCGTTCACGCATCG-1,PB,-0.17780186208820944
MS,PB_7,TCGCGTTGTATAGGTA-1,PB,-0.0039724125278998
MS,PB_7,TCGCGTTTCGGACAAG-1,PB,0.054661731789710746
MS,PB_7,TCGGTAATCAACGCTA-1,PB,0.48436787090588757
MS,PB_7,TCGGTAATCATTGCGA-1,PB,0.5399256373857078
MS,PB_7,TCGTAGAGTGATAAGT-1,PB,0.5170006012556937
MS,PB_7,TCTATTGTCTGCGACG-1,PB,0.3179333309479008
MS,PB_7,TCTGAGAGTTCTGAAC-1,PB,0.048020741156610966
MS,PB_7,TCTGGAACAAGTTGTC-1,PB,0.3987371463139195
MS,PB_7,TCTGGAACATGATCCA-1,PB,-0.07137357825712805
MS,PB_7,TCTTCGGCAAAGTGCG-1,PB,-0.07930589999058038
MS,PB_7,TGAAAGACACTATCTT-1,PB,0.1858864023693927
MS,PB_7,TGACAACGTAATCACC-1,PB,0.04860635284075963
MS,PB_7,TGACTTTTCTTGAGGT-1,PB,-0.08456227957132934
MS,PB_7,TGAGAGGCAGACGCAA-1,PB,-0.04868210810021783
MS,PB_7,TGAGCATGTTAAGGGC-1,PB,-0.29792794834763775
MS,PB_7,TGAGCCGAGTTTGCGT-1,PB,-0.150888583266352
MS,PB_7,TGATTTCAGAAGAAGC-1,PB,-0.29792794834763775
MS,PB_7,TGATTTCGTACTTGAC-1,PB,1.074736943079596
MS,PB_7,TGCACCTAGAGTAAGG-1,PB,-0.2108129686680075
MS,PB_7,TGCACCTTCAATCTCT-1,PB,-0.09732064249157653
MS,PB_7,TGCGCAGCAAGAAGAG-1,PB,-0.1699874640109887
MS,PB_7,TGCGGGTCACCCTATC-1,PB,-0.29792794834763775
MS,PB_7,TGCGGGTCATCCCACT-1,PB,0.06306793807409725
MS,PB_7,TGCGTGGAGTGCTGCC-1,PB,0.016258238347303382
MS,PB_7,TGCGTGGCAATCGGTT-1,PB,0.6788197607503129
MS,PB_7,TGCTACCCAGCTGCTG-1,PB,-0.29792794834763775
MS,PB_7,TGGCTGGTCTTTACGT-1,PB,0.23653976011548414
MS,PB_7,TGGGAAGCAAGCCGTC-1,PB,-0.0727601791444945
MS,PB_7,TGGGAAGCAGGGAGAG-1,PB,0.28461186908485353
MS,PB_7,TGGTTAGTCACCTCGT-1,PB,-0.037150030048837414
MS,PB_7,TGTATTCGTGCACTTA-1,PB,0.4598736080148903
MS,PB_7,TGTCCCACACATCTTT-1,PB,0.1589694697941842
MS,PB_7,TTAGGCAGTCACAAGG-1,PB,0.13623881916392605
MS,PB_7,TTAGGCATCACGCGGT-1-1,PB,0.13817989624376126
MS,PB_7,TTAGTTCAGAGGACGG-1,PB,0.13336931631598106
MS,PB_7,TTAGTTCAGCGTTTAC-1,PB,0.14319665552365568
MS,PB_7,TTAGTTCCATCGATTG-1,PB,-0.16518633420367665
MS,PB_7,TTAGTTCGTCAGCTAT-1,PB,1.1525216251023718
MS,PB_7,TTATGCTCATCAGTAC-1-2,PB,-0.12635465316571567
MS,PB_7,TTATGCTGTGGTACAG-1,PB,0.44110466201468207
MS,PB_7,TTATGCTTCGAGAACG-1,PB,-0.29792794834763775
MS,PB_7,TTCCCAGGTAGGCTGA-1,PB,0.05830522595310002
MS,PB_7,TTCGAAGGTGTGACCC-1,PB,0.543129919056561
MS,PB_7,TTCGGTCAGTGTCTCA-1,PB,-0.1375724513159508
MS,PB_7,TTCGGTCTCGTATCAG-1,PB,-0.10540679014977093
MS,PB_7,TTCTTAGCATCGTCGG-1,PB,0.28243009046349365
MS,PB_7,TTGAACGCAATAGCGG-1-2,PB,0.03668250181434722
MS,PB_7,TTGAACGGTCTGCCAG-1,PB,-0.1353322759364167
MS,PB_7,TTGAACGGTTCTCATT-1,PB,-0.13166467863826314
MS,PB_7,TTGGAACCAGGAATGC-1,PB,-0.07680858302552795
MS,PB_7,TTGGAACGTCACTGGC-1,PB,0.03298050223696097
MS,PB_7,TTGGCAAAGTGCCATT-1,PB,0.0035661651671736122
MS,PB_7,TTGGCAAGTCATGCCG-1,PB,-0.29792794834763775
MS,PB_7,TTGGCAAGTTGGTTTG-1,PB,0.28899383518419475
MS,PB_7,TTGGCAATCGGCGCAT-1,PB,0.17606052175219128
MS,PB_7,TTTCCTCCACATCCGG-1,PB,-0.01789062530559004
MS,PB_7,TTTGCGCGTTACGGAG-1,PB,0.03857250842406866
MS,PB_7,TTTGCGCTCTTTAGTC-1,PB,0.009226288445637014
MS,PB_7,TTTGGTTTCAGTCAGT-1,PB,0.07941778856985139
MS,PB_7,TTTGGTTTCCTTGGTC-1,PB,-0.29792794834763775
MS,PB_7,TTTGTCACAAACAACA-1,PB,0.10068009690715127
MS,PB_8,AAAGCAACAAGTAGTA-1,PB,-0.29792794834763775
MS,PB_8,AAAGTAGCACAGCCCA-1,PB,1.1097615795575064
MS,PB_8,AACACGTAGTGTACTC-1,PB,-0.29792794834763775
MS,PB_8,AACACGTCATCGGAAG-1,PB,-0.29792794834763775
MS,PB_8,AACCATGAGACTGGGT-1,PB,-0.18806700494026216
MS,PB_8,AACCATGGTCGAGATG-1-1,PB,-0.29792794834763775
MS,PB_8,AACCGCGAGAAGGCCT-1,PB,0.09566864078476207
MS,PB_8,AACTCCCGTGTAACGG-1,PB,-0.11912338714958469
MS,PB_8,AACTCCCTCCACGACG-1,PB,-0.17860926514547995
MS,PB_8,AACTTTCGTTATGCGT-1,PB,0.07694931515319449
MS,PB_8,AAGACCTGTACATGTC-1,PB,-0.10799097904431276
MS,PB_8,AAGGAGCTCTCGTTTA-1,PB,-0.29792794834763775
MS,PB_8,AAGGCAGGTAAATACG-1-1,PB,-0.16219822739220388
MS,PB_8,AAGGTTCAGTTCGATC-1,PB,-0.032482975539181023
MS,PB_8,AAGGTTCCAAAGGAAG-1,PB,0.0453573900678435
MS,PB_8,AAGGTTCGTACCAGTT-1,PB,0.1664611072767391
MS,PB_8,AAGTCTGCACCTCGGA-1,PB,-0.29792794834763775
MS,PB_8,AAGTCTGTCAACACAC-1,PB,-0.17009280579295497
MS,PB_8,ACACCAAAGCACCGTC-1,PB,0.9189393825227103
MS,PB_8,ACACCCTGTAAACACA-1,PB,0.12957313596811068
MS,PB_8,ACACCCTGTACTTAGC-1,PB,-0.11447461681500562
MS,PB_8,ACACCCTTCATCTGTT-1,PB,0.7431218591932817
MS,PB_8,ACACCCTTCCTGTACC-1-1,PB,-0.10083860170141325
MS,PB_8,ACACCGGCATATACCG-1,PB,-0.17588263300199047
MS,PB_8,ACACTGACAAAGCGGT-1,PB,0.49841275675382146
MS,PB_8,ACACTGACACTAGTAC-1,PB,0.2779466475944094
MS,PB_8,ACACTGATCGTGGGAA-1,PB,-0.04342123676476356
MS,PB_8,ACAGCCGCAAACGCGA-1,PB,-0.29792794834763775
MS,PB_8,ACAGCCGCAATGTAAG-1,PB,-0.09162114020455782
MS,PB_8,ACATGGTGTAACGCGA-1,PB,-0.12512739624683222
MS,PB_8,ACCCACTGTCCGACGT-1,PB,0.7035974410781459
MS,PB_8,ACCGTAAAGTGGCACA-1,PB,0.06348750982716982
MS,PB_8,ACCGTAAGTGTGCCTG-1,PB,0.22862774626709084
MS,PB_8,ACCTTTACAATCCAAC-1,PB,0.3781652940671334
MS,PB_8,ACGAGCCAGGCTAGCA-1,PB,-0.29792794834763775
MS,PB_8,ACGCCAGTCTTCCTTC-1,PB,-0.13397803604194766
MS,PB_8,ACGCCGATCAGCTTAG-1,PB,0.4437698203291636
MS,PB_8,ACGCCGATCCCAAGTA-1,PB,-0.17578818829910153
MS,PB_8,ACGGCCACACTAGTAC-1,PB,0.1304958289906997
MS,PB_8,ACGGGCTAGAGTAAGG-1,PB,0.1421535328480811
MS,PB_8,ACTATCTAGCAATCTC-1,PB,0.1229254374637848
MS,PB_8,ACTGTCCGTCGAACAG-1,PB,-0.17423172552177335
MS,PB_8,ACTTTCATCTTCCTTC-1-1,PB,-0.29792794834763775
MS,PB_8,AGAATAGCAGCTGTTA-1,PB,0.20820483484299007
MS,PB_8,AGAGCGAAGAGGACGG-1,PB,0.06006143123412332
MS,PB_8,AGAGCGATCATATCGG-1,PB,-0.16603986643069427
MS,PB_8,AGAGCTTAGACTTTCG-1-1,PB,-0.29792794834763775
MS,PB_8,AGAGCTTAGCGCCTTG-1,PB,-0.19604401866783486
MS,PB_8,AGAGCTTCATCCTTGC-1,PB,0.1511463104922098
MS,PB_8,AGAGCTTTCACTTACT-1,PB,-0.29792794834763775
MS,PB_8,AGCATACTCTAACCGA-1,PB,-0.09715636661919036
MS,PB_8,AGCCTAACACAGAGGT-1,PB,-0.04085230519002871
MS,PB_8,AGCCTAACATGTTCCC-1,PB,0.20996029023256454
MS,PB_8,AGCGGTCTCAACGGGA-1,PB,-0.051163045818317834
MS,PB_8,AGCGTATTCTACTATC-1,PB,-0.18781954876077153
MS,PB_8,AGCTCTCCATGGGACA-1,PB,-0.03282756847045802
MS,PB_8,AGCTTGAGTACCGCTG-1,PB,-0.13293096144820526
MS,PB_8,AGGCCGTCAGAGTGTG-1,PB,-0.1166313916422019
MS,PB_8,AGGCCGTGTGTTGGGA-1,PB,0.253558641594284
MS,PB_8,AGGGTGATCTCTTGAT-1,PB,-0.29792794834763775
MS,PB_8,AGGTCCGAGACTACAA-1,PB,-0.29792794834763775
MS,PB_8,AGGTCCGGTTAAGACA-1,PB,-0.29792794834763775
MS,PB_8,AGTAGTCTCATGTCTT-1,PB,-0.19496241320081692
MS,PB_8,AGTGTCATCTGATTCT-1,PB,0.35511736809691546
MS,PB_8,AGTTGGTAGCTGAACG-1,PB,-0.08194693839212126
MS,PB_8,ATCCACCAGTAGCGGT-1,PB,-0.14559035153928282
MS,PB_8,ATCCGAAGTTCAGACT-1-1,PB,0.3849940148422902
MS,PB_8,ATCTACTCATCTATGG-1,PB,-0.1423491641470362
MS,PB_8,ATCTACTGTCCGTCAG-1,PB,-0.18686751197662063
MS,PB_8,ATCTGCCTCACTCCTG-1-1,PB,-0.16702211605396952
MS,PB_8,ATGAGGGGTTAAGATG-1,PB,-0.29792794834763775
MS,PB_8,ATGCGATGTCTGGTCG-1,PB,-0.29792794834763775
MS,PB_8,ATGGGAGTCTTACCGC-1,PB,0.5167553854080308
MS,PB_8,ATTACTCTCTTTCCTC-1,PB,0.09229466950205402
MS,PB_8,ATTATCCAGCGTTTAC-1,PB,-0.29792794834763775
MS,PB_8,ATTGGACAGTCCAGGA-1,PB,0.0276612781290742
MS,PB_8,CAAGATCTCCATGAAC-1,PB,-0.13568550981733843
MS,PB_8,CACACCTAGTCTTGCA-1,PB,0.5505561936097286
MS,PB_8,CACACTCAGAGTACCG-1,PB,-0.29792794834763775
MS,PB_8,CACACTCTCCGCTGTT-1,PB,0.019593514665540317
MS,PB_8,CACACTCTCTCAAACG-1,PB,-0.29792794834763775
MS,PB_8,CACAGGCAGAGACGAA-1,PB,0.06990672215729378
MS,PB_8,CACAGTATCCCACTTG-1,PB,0.060669540293692294
MS,PB_8,CACATAGGTACTTCTT-1-1,PB,-0.1584708598511954
MS,PB_8,CACATAGTCTTTACAC-1,PB,0.610303562017748
MS,PB_8,CACCACTGTTGGGACA-1,PB,-0.29792794834763775
MS,PB_8,CACCTTGAGCTGCGAA-1,PB,-0.29792794834763775
MS,PB_8,CAGAGAGGTTCGCGAC-1,PB,-0.13791934065960149
MS,PB_8,CAGATCACATCAGTCA-1-1,PB,-0.29792794834763775
MS,PB_8,CAGATCAGTACGAAAT-1,PB,-0.15563513628506082
MS,PB_8,CAGCAGCTCCCTTGCA-1,PB,-0.10527415478207255
MS,PB_8,CAGCTAACAGTGACAG-1,PB,-0.07213182458099479
MS,PB_8,CAGCTGGAGACACGAC-1,PB,0.08159857378637689
MS,PB_8,CAGCTGGAGTAATCCC-1-1,PB,-0.13513563958813965
MS,PB_8,CAGGTGCAGGAATTAC-1,PB,-0.29792794834763775
MS,PB_8,CAGGTGCGTTCGCTAA-1,PB,-0.29792794834763775
MS,PB_8,CATCAAGAGCTTCGCG-1,PB,-0.29792794834763775
MS,PB_8,CATCAAGGTGGCTCCA-1,PB,0.13622517684064214
MS,PB_8,CATCAAGTCAGAAATG-1,PB,-0.030752102629758464
MS,PB_8,CATCCACAGAACTCGG-1,PB,-0.057626645690280774
MS,PB_8,CATGACAAGGCGCTCT-1,PB,-0.29792794834763775
MS,PB_8,CATGACAGTGTCAATC-1,PB,0.3578043058668458
MS,PB_8,CATGCCTTCAGAGGTG-1,PB,0.7487603705966289
MS,PB_8,CATTATCAGTATTGGA-1,PB,-0.29792794834763775
MS,PB_8,CCACCTACATAAGACA-1,PB,1.1468541558410306
MS,PB_8,CCACCTAGTAGCGTCC-1-1,PB,0.1337730388607834
MS,PB_8,CCACGGACAAGTTGTC-1,PB,-0.16177418271002603
MS,PB_8,CCACTACAGGGAAACA-1,PB,0.05998067552212495
MS,PB_8,CCATGTCCAATCACAC-1,PB,0.15568685200279048
MS,PB_8,CCATGTCGTGCCTGCA-1,PB,0.6484251531970704
MS,PB_8,CCCAATCTCTCATTCA-1,PB,0.07116354988780063
MS,PB_8,CCCAGTTCAATGGACG-1,PB,-0.11591783642277087
MS,PB_8,CCCAGTTTCCAAAGTC-1-1,PB,-0.1493108093578129
MS,PB_8,CCCAGTTTCTGGTGTA-1,PB,0.4363465147598976
MS,PB_8,CCGGTAGGTCTTGTCC-1,PB,-0.05602283400266075
MS,PB_8,CCGGTAGTCCTATGTT-1,PB,-0.29792794834763775
MS,PB_8,CCGTTCAAGTGGTAAT-1,PB,0.2429619711021646
MS,PB_8,CCGTTCAGTAGTAGTA-1,PB,-0.09133020601501908
MS,PB_8,CCTAAAGTCGGAAACG-1,PB,-0.29792794834763775
MS,PB_8,CCTACACCAGTTCATG-1,PB,-0.29792794834763775
MS,PB_8,CCTACCACATTCCTCG-1,PB,-0.10456336149854893
MS,PB_8,CCTAGCTAGAACAACT-1,PB,0.022511913214744373
MS,PB_8,CCTTACGAGTCATGCT-1,PB,0.13552162725914213
MS,PB_8,CCTTACGCAGGTCGTC-1,PB,-0.29792794834763775
MS,PB_8,CCTTACGGTGGTCTCG-1,PB,0.0849592315224502
MS,PB_8,CCTTCGACAACGCACC-1,PB,-0.1354323236239418
MS,PB_8,CCTTTCTAGCTGAAAT-1-1,PB,0.012151311706014427
MS,PB_8,CGAATGTCACATGTGT-1,PB,-0.09838875882939872
MS,PB_8,CGACCTTAGATGAGAG-1,PB,0.0727902431307412
MS,PB_8,CGACCTTGTCTACCTC-1,PB,-0.29792794834763775
MS,PB_8,CGACTTCAGATCGGGT-1,PB,-0.29792794834763775
MS,PB_8,CGAGAAGCAGACAGGT-1,PB,-0.19053643988062083
MS,PB_8,CGAGCCAAGGTTACCT-1,PB,0.02534444017906856
MS,PB_8,CGCCAAGCAATGGACG-1,PB,-0.29792794834763775
MS,PB_8,CGCCAAGGTATTCTCT-1,PB,-0.17535768221441475
MS,PB_8,CGGACACAGATCCTGT-1,PB,0.10317244273827073
MS,PB_8,CGGACTGAGGACACCA-1-1,PB,0.08625488161373343
MS,PB_8,CGGACTGGTCTCCCTA-1,PB,0.14117913456789918
MS,PB_8,CGGACTGTCCGCAAGC-1,PB,0.3099186251710311
MS,PB_8,CGGAGCTAGGAATTAC-1,PB,-0.04987186990709909
MS,PB_8,CGGAGCTTCACATGCA-1,PB,0.003626161551749837
MS,PB_8,CGGCTAGTCAGCTCTC-1,PB,-0.10794427075619774
MS,PB_8,CGGGTCAGTGTTCGAT-1,PB,-0.1079657030187373
MS,PB_8,CGTAGGCAGAGATGAG-1,PB,-0.29792794834763775
MS,PB_8,CGTAGGCTCTGAGTGT-1,PB,0.10518836817897792
MS,PB_8,CGTCACTTCTTCAACT-1,PB,0.20259939485611814
MS,PB_8,CGTCTACTCTAGAGTC-1,PB,0.03364039859516621
MS,PB_8,CGTGTAAAGGCTATCT-1,PB,-0.09157452576584535
MS,PB_8,CGTGTCTTCTTCAACT-1,PB,-0.29792794834763775
MS,PB_8,CTAACTTTCAGTTGAC-1,PB,0.45036697423135535
MS,PB_8,CTAAGACAGACGCACA-1,PB,-0.1680675675621816
MS,PB_8,CTAATGGTCCAGGGCT-1,PB,-0.29792794834763775
MS,PB_8,CTACCCAGTTACAGAA-1,PB,0.361236011239467
MS,PB_8,CTAGCCTGTTTCCACC-1,PB,0.403555802190798
MS,PB_8,CTCATTATCAGAGCTT-1,PB,0.12155684115911303
MS,PB_8,CTCATTATCCTTTCTC-1,PB,0.10252930096650625
MS,PB_8,CTCGAAAGTATCTGCA-1,PB,0.021168703799825463
MS,PB_8,CTCGAAATCTCAAGTG-1,PB,0.07463829140610419
MS,PB_8,CTCGGAGCACATGACT-1,PB,0.07208749368706825
MS,PB_8,CTCGGAGGTAAACGCG-1,PB,0.15798416356236275
MS,PB_8,CTCGTCAGTACATCCA-1,PB,-0.29792794834763775
MS,PB_8,CTCTAATGTGGTCCGT-1,PB,0.040762728132048565
MS,PB_8,CTCTACGCAGGGTTAG-1,PB,-0.059449762295124706
MS,PB_8,CTCTACGTCACCTTAT-1,PB,-0.29792794834763775
MS,PB_8,CTCTGGTAGGGTTTCT-1,PB,-0.14569091071923684
MS,PB_8,CTCTGGTGTTGACGTT-1,PB,0.0033854311083676585
MS,PB_8,CTGAAGTGTACAGTGG-1,PB,-0.19097201141137923
MS,PB_8,CTGAAGTTCGTTTATC-1,PB,-0.21197532712047584
MS,PB_8,CTGATAGCAGGCTGAA-1,PB,-0.12249201206163153
MS,PB_8,CTGGTCTGTATAGTAG-1,PB,0.15252253418861947
MS,PB_8,CTGGTCTTCCTCAATT-1,PB,0.44406380283569813
MS,PB_8,CTGTGCTCAATGTAAG-1,PB,-0.29792794834763775
MS,PB_8,CTTACCGGTCGAAAGC-1,PB,1.3125246802472377
MS,PB_8,CTTCTCTGTACCGGCT-1,PB,0.24120826455099156
MS,PB_8,CTTGGCTTCCGTTGCT-1,PB,0.08577058244780354
MS,PB_8,CTTTGCGCATGTAGTC-1-2,PB,-0.12057680015050899
MS,PB_8,CTTTGCGGTATTCGTG-1,PB,-0.09314233799176981
MS,PB_8,GAAACTCTCACTGGGC-1,PB,0.11253882800651982
MS,PB_8,GAAATGAAGTTGTCGT-1,PB,0.8919452845364415
MS,PB_8,GAAATGACATTACGAC-1-1,PB,-0.29792794834763775
MS,PB_8,GAACATCCAATCGGTT-1,PB,-0.14351069828171456
MS,PB_8,GACACGCAGTAGGCCA-1-1,PB,-0.12171168469419656
MS,PB_8,GACACGCCACCACGTG-1,PB,-0.0450562586359186
MS,PB_8,GACCTGGCACAACTGT-1,PB,-0.17711563146799802
MS,PB_8,GACGCGTGTATATGGA-1,PB,-0.11528665025938703
MS,PB_8,GACGGCTCATAGGATA-1,PB,-0.04508745263159906
MS,PB_8,GACGTTAGTGGTCCGT-1,PB,0.132535214742067
MS,PB_8,GACTACACATGGATGG-1,PB,-0.13589572090644014
MS,PB_8,GAGTCCGTCAGTCCCT-1,PB,-0.1594425093671543
MS,PB_8,GAGTCCGTCCGCGGTA-1,PB,0.01642109156518932
MS,PB_8,GATCAGTTCCCAAGAT-1,PB,0.19706005958803247
MS,PB_8,GATGAGGCACAGCGTC-1,PB,-0.12813609586433564
MS,PB_8,GATGCTACATTGGTAC-1,PB,0.4497450862469509
MS,PB_8,GCAATCACAAGCCCAC-1,PB,0.010679641662396908
MS,PB_8,GCAATCAGTTACCAGT-1,PB,-0.18587833075240226
MS,PB_8,GCACTCTGTCGAGTTT-1,PB,-0.29792794834763775
MS,PB_8,GCAGCCATCAGTACGT-1,PB,-0.17858937093930463
MS,PB_8,GCAGTTAAGGTAGCCA-1,PB,-0.0851920763272431
MS,PB_8,GCAGTTATCGGATGGA-1,PB,-0.29792794834763775
MS,PB_8,GCATACAAGAAGGGTA-1,PB,0.9224659476609121
MS,PB_8,GCATGTATCTATCCTA-1,PB,-0.18229263871611678
MS,PB_8,GCCTCTACACCGAATT-1,PB,-0.29792794834763775
MS,PB_8,GCGCAGTTCTTTAGGG-1,PB,0.24996901541492547
MS,PB_8,GCGCCAAAGGTGTGGT-1,PB,-0.29792794834763775
MS,PB_8,GCGGGTTTCGCATGAT-1,PB,0.8354851238223399
MS,PB_8,GCTGCGATCACTTATC-1,PB,-0.14046712600063246
MS,PB_8,GCTGCTTAGATTACCC-1,PB,0.13137242363267526
MS,PB_8,GCTGGGTCATGCTAGT-1,PB,0.1534487945409706
MS,PB_8,GCTTCCATCGTTGCCT-1,PB,0.7303586769840891
MS,PB_8,GCTTGAAAGTCGTACT-1,PB,0.1772930718641184
MS,PB_8,GGAACTTTCCAGGGCT-1,PB,-0.2241713852713189
MS,PB_8,GGAACTTTCCTAGAAC-1,PB,0.3316750768640982
MS,PB_8,GGAATAAAGTTGCAGG-1,PB,0.03523145859173733
MS,PB_8,GGAATAAGTGTTGGGA-1,PB,-0.29792794834763775
MS,PB_8,GGACAAGAGGCGACAT-1,PB,0.2350583320785398
MS,PB_8,GGCGACTAGATGTCGG-1,PB,-0.16458505611058935
MS,PB_8,GGCGACTAGGGAAACA-1,PB,-0.29792794834763775
MS,PB_8,GGCGACTTCGCTTAGA-1,PB,0.7012449173425076
MS,PB_8,GGCTGGTTCGCATGAT-1,PB,-0.29792794834763775
MS,PB_8,GGGAATGAGACAGACC-1-2,PB,0.524056728735148
MS,PB_8,GGGAGATCAAGGACAC-1,PB,0.26755368900893844
MS,PB_8,GGGATGAGTTCATGGT-1,PB,-0.06645633628102354
MS,PB_8,GGGATGATCGCCCTTA-1-1,PB,-0.07823763342876262
MS,PB_8,GGGCACTAGAGTCTGG-1,PB,0.3853879920777078
MS,PB_8,GGGCATCTCACCATAG-1,PB,0.6362471239599776
MS,PB_8,GGGTCTGAGGAATGGA-1,PB,-0.172179908068601
MS,PB_8,GGGTTGCCATGGATGG-1,PB,-0.16555916852726224
MS,PB_8,GGTATTGGTACATGTC-1-1,PB,-0.028627625957022198
MS,PB_8,GGTATTGTCCAGAGGA-1,PB,0.019135561543245274
MS,PB_8,GGTGCGTAGGATTCGG-1,PB,-0.08643568476276811
MS,PB_8,GTAACTGAGCTCCTTC-1,PB,-0.29792794834763775
MS,PB_8,GTACTTTAGTACGATA-1,PB,-0.1679460510567509
MS,PB_8,GTATCTTGTAAGGGCT-1,PB,-0.014448685497114653
MS,PB_8,GTCACAAGTTCCAACA-1,PB,-9.155361731191405e-05
MS,PB_8,GTCACGGGTTAAGATG-1,PB,0.27048480665752955
MS,PB_8,GTCACGGTCACGCATA-1,PB,-0.16188285192112017
MS,PB_8,GTCATTTCATGCGCAC-1,PB,0.1187532688781133
MS,PB_8,GTCATTTGTCTTCGTC-1,PB,0.15954689846141917
MS,PB_8,GTCGTAATCCGCGTTT-1,PB,-0.29792794834763775
MS,PB_8,GTCTCGTGTCCGTCAG-1,PB,0.5573745176431273
MS,PB_8,GTCTCGTGTCTTGTCC-1,PB,-0.11790994076873838
MS,PB_8,GTCTCGTTCATAACCG-1,PB,-0.29792794834763775
MS,PB_8,GTGAAGGAGGTCGGAT-1,PB,0.7965907996756177
MS,PB_8,GTGAAGGAGTACCGGA-1,PB,0.054924729235709326
MS,PB_8,GTGCAGCCACACTGCG-1,PB,-0.29792794834763775
MS,PB_8,GTGCAGCCACATTAGC-1,PB,-0.07673122785021384
MS,PB_8,GTGCAGCTCAATCACG-1,PB,0.07862821940788065
MS,PB_8,GTGCATAAGATCTGAA-1,PB,-0.29792794834763775
MS,PB_8,GTGCATAAGGAACTGC-1-1,PB,-0.29792794834763775
MS,PB_8,GTGCGGTAGACTCGGA-1,PB,-0.1690777288031823
MS,PB_8,GTGCGGTGTTAAGACA-1,PB,0.4890603975656413
MS,PB_8,GTGGGTCGTATTAGCC-1,PB,0.11036781186687593
MS,PB_8,GTGTGCGCAAGCGATG-1,PB,-0.09208555575293952
MS,PB_8,GTTAAGCCATTGCGGC-1-1,PB,0.24410706611556604
MS,PB_8,GTTACAGTCGAATGCT-1,PB,-0.29792794834763775
MS,PB_8,GTTTCTAAGCCACGCT-1,PB,-0.29792794834763775
MS,PB_8,TACACGACAATCGGTT-1,PB,-0.09440326273607703
MS,PB_8,TACACGACAATCTGCA-1,PB,-0.0817558755162341
MS,PB_8,TACCTATTCCTACAGA-1,PB,0.21101808424973725
MS,PB_8,TACGGATGTTTAGCTG-1,PB,-0.0853447043066778
MS,PB_8,TACGGGCAGCCACTAT-1,PB,0.2829830367185122
MS,PB_8,TACTTGTTCAGGTTCA-1,PB,-0.13356563588321255
MS,PB_8,TAGACCATCTCAAGTG-1,PB,0.2114459894334349
MS,PB_8,TAGGCATAGGCTCAGA-1,PB,-0.08892416312324133
MS,PB_8,TAGTGGTGTCAATGTC-1,PB,-0.03166396564347384
MS,PB_8,TAGTGGTGTGCTGTAT-1,PB,-0.11772082048258399
MS,PB_8,TAGTTGGAGGAATCGC-1,PB,-0.29792794834763775
MS,PB_8,TAGTTGGGTGACGCCT-1,PB,-0.20793109335828983
MS,PB_8,TATGCCCAGCCACGCT-1,PB,0.11293480645967302
MS,PB_8,TATGCCCAGTGAACAT-1-1,PB,-0.29792794834763775
MS,PB_8,TATGCCCTCGCGTAGC-1,PB,-0.06078271074884078
MS,PB_8,TCAACGAAGAAGGTTT-1,PB,-0.29792794834763775
MS,PB_8,TCACAAGCAGTTAACC-1,PB,-0.29792794834763775
MS,PB_8,TCACGAACATGGTCAT-1,PB,0.11947093539469252
MS,PB_8,TCACGAAGTACTTAGC-1-1,PB,-0.29792794834763775
MS,PB_8,TCAGCAAAGTTTCCTT-1,PB,-0.29792794834763775
MS,PB_8,TCAGCTCAGGGCTTGA-1,PB,0.11409465919692373
MS,PB_8,TCAGCTCTCTCCGGTT-1,PB,0.38659790114556314
MS,PB_8,TCAGGATAGGTACTCT-1,PB,-0.10809563248857386
MS,PB_8,TCAGGATTCTTCGGTC-1-1,PB,0.2609151275925473
MS,PB_8,TCAGGTAAGAGACTTA-1,PB,-0.11164409047201033
MS,PB_8,TCAGGTAGTGATGATA-1,PB,-0.17316056476431388
MS,PB_8,TCATTACAGTAGGTGC-1,PB,-0.1603421114977375
MS,PB_8,TCATTACCACAACGCC-1,PB,-0.07793118494300424
MS,PB_8,TCATTTGCACGCATCG-1,PB,-0.18987551796086174
MS,PB_8,TCATTTGTCGCAAACT-1,PB,-0.1743829878362353
MS,PB_8,TCGAGGCGTGCGATAG-1,PB,-0.29792794834763775
MS,PB_8,TCGCGAGCACCTATCC-1,PB,0.07821592803074226
MS,PB_8,TCGCGTTTCAGTGCAT-1,PB,0.34316137568502764
MS,PB_8,TCGGGACCAGACAAAT-1,PB,-0.02757112523517104
MS,PB_8,TCGGGACTCAGTGTTG-1,PB,-0.29792794834763775
MS,PB_8,TCGTAGAGTCCGCTGA-1,PB,0.06381663229541797
MS,PB_8,TCTGGAAGTGAAGGCT-1,PB,0.22215258096646914
MS,PB_8,TCTGGAATCAACCAAC-1,PB,-0.08030602965628605
MS,PB_8,TCTTCGGAGCACAGGT-1,PB,-0.14961346467126452
MS,PB_8,TCTTCGGTCAGGTAAA-1,PB,-0.07928987858421903
MS,PB_8,TCTTTCCAGTACGATA-1,PB,-0.1319653196814689
MS,PB_8,TCTTTCCGTAGGGACT-1,PB,-0.042509405450225926
MS,PB_8,TCTTTCCTCCTGCCAT-1,PB,-0.09879345865365667
MS,PB_8,TCTTTCCTCCTTGCCA-1,PB,-0.14934451591329845
MS,PB_8,TGACGGCAGTAGTGCG-1,PB,0.12333631513856792
MS,PB_8,TGACTAGTCACCCTCA-1,PB,-0.18164084460798335
MS,PB_8,TGAGAGGAGACGACGT-1,PB,-0.29792794834763775
MS,PB_8,TGAGCATAGCTAGTTC-1,PB,0.017865678137409708
MS,PB_8,TGAGCATTCCCACTTG-1,PB,-0.29792794834763775
MS,PB_8,TGATTTCTCAAGCCTA-1,PB,0.006212249854758235
MS,PB_8,TGCACCTGTGGTAACG-1,PB,-0.10730942542603884
MS,PB_8,TGCACCTTCAGATAAG-1,PB,-0.16122767006792302
MS,PB_8,TGCCAAATCGAATCCA-1,PB,0.41767323239559434
MS,PB_8,TGCCCTATCTCGCTTG-1,PB,0.11387852186045788
MS,PB_8,TGCGGGTTCAGCTCTC-1,PB,-0.29792794834763775
MS,PB_8,TGCTGCTCAAAGCGGT-1,PB,0.0881711446043523
MS,PB_8,TGGCCAGTCTCAAACG-1,PB,-0.12129168472754406
MS,PB_8,TGGCGCAGTTAGGGTG-1,PB,0.04517414460667717
MS,PB_8,TGGGAAGAGTGCTGCC-1,PB,-0.29792794834763775
MS,PB_8,TGGGCGTTCCCGACTT-1,PB,0.5278205913404856
MS,PB_8,TGGTTCCGTCTCTTTA-1,PB,-0.29792794834763775
MS,PB_8,TGGTTCCTCGAGCCCA-1-2,PB,-0.13253380111592888
MS,PB_8,TGTTCCGCACGAAGCA-1,PB,0.2831203047011255
MS,PB_8,TTAACTCCATTCTTAC-1,PB,-0.29792794834763775
MS,PB_8,TTAACTCTCGGTCCGA-1,PB,-0.29792794834763775
MS,PB_8,TTAGGACAGTACTTGC-1,PB,-0.29792794834763775
MS,PB_8,TTAGGACAGTAGCGGT-1,PB,-0.29792794834763775
MS,PB_8,TTAGGCACAATGTTGC-1,PB,-0.29792794834763775
MS,PB_8,TTAGGCAGTTCGCGAC-1,PB,-0.07223816157590265
MS,PB_8,TTATGCTGTCCGAGTC-1,PB,-0.29792794834763775
MS,PB_8,TTCTACAAGATACACA-1,PB,-0.18031146127648362
MS,PB_8,TTCTACATCTTGACGA-1,PB,-0.29792794834763775
MS,PB_8,TTGAACGGTCCTAGCG-1,PB,-0.29792794834763775
MS,PB_8,TTGACTTCACATGGGA-1,PB,0.3377370472541919
MS,PB_8,TTGCCGTAGAAGGACA-1,PB,-0.29792794834763775
MS,PB_8,TTGCGTCAGATGCCTT-1,PB,-0.08611382165113603
MS,PB_8,TTGCGTCAGGCGTACA-1,PB,0.13037154119220545
MS,PB_8,TTGGAACCATCGATTG-1,PB,0.08226813813404887
MS,PB_8,TTGGCAATCTGTACGA-1,PB,-0.29792794834763775
MS,PB_8,TTTGCGCGTGCGAAAC-1,PB,-0.11579353284664183
MS,PB_8,TTTGGTTTCTTGTACT-1,PB,0.03348288003641085
MS,PB_8,TTTGTCAGTCCGCTGA-1,PB,-0.10649381323613019
MS,PB_9,AAACCTGAGGAGTAGA-1-1,PB,-0.29792794834763775
MS,PB_9,AAACCTGTCGGTGTCG-1,PB,0.1400087456077859
MS,PB_9,AACTCAGGTACCGTAT-1,PB,0.3063696741650537
MS,PB_9,AACTCTTAGCGTTGCC-1,PB,-0.05713612649662142
MS,PB_9,AACTTTCAGGGCTTGA-1,PB,0.5346164637250553
MS,PB_9,ACACCAAAGCAGATCG-1,PB,-0.29792794834763775
MS,PB_9,ACAGCTAAGCTCCCAG-1,PB,0.11164506346844243
MS,PB_9,ACATACGCACACAGAG-1,PB,0.10724626298465914
MS,PB_9,ACGAGGATCGATGAGG-1,PB,0.08909629955320846
MS,PB_9,ACGATGTAGATCCCGC-1,PB,-0.29792794834763775
MS,PB_9,ACGCCAGAGGTCATCT-1,PB,0.5623079264660356
MS,PB_9,ACGCCGACACAGGAGT-1,PB,0.5850535046720982
MS,PB_9,ACGCCGACAGCTGTGC-1,PB,-0.16931549422231265
MS,PB_9,ACGGGCTCAGGCTCAC-1,PB,-0.29792794834763775
MS,PB_9,ACGGGCTTCCGTACAA-1,PB,-0.29792794834763775
MS,PB_9,ACGTCAAGTATGCTTG-1,PB,0.9025127278583509
MS,PB_9,ACTGAACCATCTCGCT-1,PB,-0.0034475315496430015
MS,PB_9,ACTGAGTGTGCAACTT-1,PB,-0.29792794834763775
MS,PB_9,ACTGATGGTGATAAAC-1,PB,-0.29792794834763775
MS,PB_9,ACTGCTCCATCGATGT-1-1,PB,-0.1694339949309507
MS,PB_9,ACTTACTTCCTCTAGC-1,PB,0.150682349958009
MS,PB_9,ACTTGTTAGCGATTCT-1,PB,0.28624701112350454
MS,PB_9,AGACGTTTCCGTTGCT-1,PB,0.18500388695297326
MS,PB_9,AGATCTGAGTGAACAT-1,PB,-0.1461970293273986
MS,PB_9,AGATCTGCAGTTCCCT-1,PB,0.005764267145118415
MS,PB_9,AGCGGTCAGGTGACCA-1,PB,0.052688401593297615
MS,PB_9,AGCGTATAGGGTGTGT-1,PB,-0.29792794834763775
MS,PB_9,AGCTCTCCAACACCTA-1,PB,-0.29792794834763775
MS,PB_9,AGGCCGTCACCTTGTC-1,PB,0.5690966687957292
MS,PB_9,AGTAGTCAGCGTCAAG-1,PB,0.21584354371186873
MS,PB_9,AGTGGGATCATCTGCC-1,PB,-0.07766589838295664
MS,PB_9,AGTTGGTAGGGAGTAA-1,PB,0.2566836266000617
MS,PB_9,AGTTGGTGTCAAGCGA-1,PB,-0.29792794834763775
MS,PB_9,ATAAGAGGTGCAGGTA-1,PB,-0.11571187006516918
MS,PB_9,ATAAGAGTCCTGTACC-1,PB,0.15836221059593966
MS,PB_9,ATCATGGTCTGGTTCC-1,PB,0.260972158380785
MS,PB_9,ATCCGAAGTCATCGGC-1-1,PB,0.12317375517598315
MS,PB_9,ATGGGAGCAATTCCTT-1,PB,-0.029925774102746844
MS,PB_9,ATTACTCAGTTCGATC-1,PB,0.2659267933918011
MS,PB_9,ATTACTCTCAAGATCC-1,PB,0.01767016586935393
MS,PB_9,ATTTCTGCAAGCGAGT-1-1,PB,0.24124018014777185
MS,PB_9,CAACCAATCTTGCAAG-1,PB,-0.29792794834763775
MS,PB_9,CACACCTTCATAACCG-1,PB,-0.1624499423500048
MS,PB_9,CACCACTGTTTACTCT-1,PB,0.3654688446207965
MS,PB_9,CAGTAACGTACCGGCT-1,PB,0.45108565225559566
MS,PB_9,CATCAGATCGGCGCTA-1,PB,0.6485268176986522
MS,PB_9,CATGCCTTCCGTACAA-1,PB,0.14484620337331713
MS,PB_9,CATTATCCATCGGGTC-1,PB,-0.00557405789673263
MS,PB_9,CATTCGCAGGGATCTG-1,PB,0.46860152816787354
MS,PB_9,CCGGGATTCTCGCATC-1,PB,0.1838616787227887
MS,PB_9,CCGTTCAAGATCTGAA-1,PB,-0.13257804285487665
MS,PB_9,CCGTTCATCTAACTCT-1-1,PB,-0.29792794834763775
MS,PB_9,CCTTCGAAGCACACAG-1-1,PB,0.2160715189698364
MS,PB_9,CGAACATAGTTACCCA-1,PB,-0.018248668369583443
MS,PB_9,CGACTTCAGGTGCTAG-1,PB,0.2185393952718071
MS,PB_9,CGATGTAAGAAGGTTT-1,PB,0.007009828361930426
MS,PB_9,CGCGTTTAGGACAGAA-1,PB,-0.29792794834763775
MS,PB_9,CGCTGGACACAACTGT-1,PB,-0.024315690311647018
MS,PB_9,CGCTTCATCCGAGCCA-1,PB,0.35348746298161116
MS,PB_9,CGGCTAGAGGTTACCT-1,PB,-0.29792794834763775
MS,PB_9,CGTAGGCAGTAGTGCG-1,PB,-0.29792794834763775
MS,PB_9,CGTCACTAGATACACA-1,PB,0.037704268313163807
MS,PB_9,CGTCAGGAGGTTACCT-1,PB,0.03045462116120646
MS,PB_9,CGTCAGGTCAACACCA-1,PB,-0.14446814339478023
MS,PB_9,CGTCTACGTTATCCGA-1,PB,-0.040638732043069135
MS,PB_9,CGTGAGCGTCCAACTA-1,PB,-0.04761324994771942
MS,PB_9,CGTTGGGTCAATCTCT-1,PB,0.44200629475719755
MS,PB_9,CTAAGACAGGGTCTCC-1,PB,-0.29792794834763775
MS,PB_9,CTAATGGCACTACAGT-1,PB,0.1532507860739928
MS,PB_9,CTAATGGTCCAAACTG-1,PB,0.3251070132563686
MS,PB_9,CTACCCAGTTCTGAAC-1,PB,0.44503285192239034
MS,PB_9,CTACCCATCATGCAAC-1,PB,0.04371095354076782
MS,PB_9,CTCACACAGCCCGAAA-1-1,PB,0.18042133523313866
MS,PB_9,CTCTGGTTCGTACGGC-1,PB,-0.29792794834763775
MS,PB_9,CTGAAACGTCTAGTCA-1-1,PB,-0.1283254879029123
MS,PB_9,CTGCCTAAGCGCTTAT-1,PB,-0.00024337562392728884
MS,PB_9,CTGTGCTCAAGCTGGA-1,PB,-0.0996748406513533
MS,PB_9,CTTAACTCAATTGCTG-1,PB,-0.08258419178697414
MS,PB_9,CTTAACTTCCGTCAAA-1,PB,0.3123911665851998
MS,PB_9,CTTCTCTAGATAGCAT-1,PB,0.12729748395845203
MS,PB_9,CTTCTCTCACCAGATT-1,PB,0.7376936909969561
MS,PB_9,CTTCTCTCACCTCGTT-1,PB,0.08331628628143162
MS,PB_9,CTTGGCTCAGCCTGTG-1-1,PB,0.2672372565358249
MS,PB_9,GAACATCGTGCACCAC-1,PB,0.5164250264445973
MS,PB_9,GAATAAGAGTGCCATT-1,PB,-0.29792794834763775
MS,PB_9,GAATAAGGTCCGAACC-1,PB,-0.29792794834763775
MS,PB_9,GACACGCGTCTTGATG-1-1,PB,-0.10173840432696402
MS,PB_9,GACAGAGTCCCAGGTG-1,PB,0.15273749390987726
MS,PB_9,GACCAATAGAGCTGCA-1,PB,-0.15566540483220276
MS,PB_9,GACGGCTAGATATGGT-1,PB,-0.29792794834763775
MS,PB_9,GACGGCTTCAGCAACT-1,PB,0.28503157004994717
MS,PB_9,GACGTGCCACATAACC-1,PB,0.5259044148962099
MS,PB_9,GACGTTATCATGTCCC-1,PB,0.05725646336913628
MS,PB_9,GACTAACCACACCGCA-1,PB,0.6593973280751347
MS,PB_9,GATCGTATCTTGAGAC-1-1,PB,0.32449758810081225
MS,PB_9,GATGAAACAGCCTATA-1,PB,-0.29792794834763775
MS,PB_9,GCAGTTACACGACGAA-1,PB,0.07910424570933734
MS,PB_9,GCATGCGTCACCTCGT-1,PB,-0.14358489693546903
MS,PB_9,GCATGTAAGTAGCGGT-1,PB,0.3574932189087897
MS,PB_9,GCGCAGTCAGGATTGG-1,PB,-0.29792794834763775
MS,PB_9,GCTGCAGTCGCCATAA-1,PB,0.276836330695664
MS,PB_9,GCTGCGAGTCAGAAGC-1,PB,-0.17746260894164517
MS,PB_9,GCTGCTTAGCCAGGAT-1-1,PB,0.11932988770026645
MS,PB_9,GCTGCTTGTACAGACG-1,PB,0.19333494552252015
MS,PB_9,GGAAAGCTCACGACTA-1,PB,-0.04836829367288099
MS,PB_9,GGAACTTTCCGAACGC-1,PB,-0.02046808893497989
MS,PB_9,GGAATAAAGATGTGTA-1,PB,-0.12693587358420652
MS,PB_9,GGACAAGTCTAAGCCA-1-1,PB,-0.16693931777143778
MS,PB_9,GGACAGAAGTGAATTG-1,PB,0.3055250592484744
MS,PB_9,GGCAATTAGCGAGAAA-1,PB,0.1841417870455788
MS,PB_9,GGCGACTCATAACCTG-1,PB,0.4109566492048264
MS,PB_9,GGCGACTTCGGTTAAC-1,PB,0.4417891668436852
MS,PB_9,GGCGTGTGTCTTGTCC-1,PB,-0.121449491321046
MS,PB_9,GGCTCGAAGGCCATAG-1,PB,-0.08485547496705374
MS,PB_9,GGCTGGTGTCGAACAG-1,PB,-0.07925444266654151
MS,PB_9,GGGACCTCAACACCTA-1,PB,0.25070363603473894
MS,PB_9,GGGATGAAGACCTAGG-1,PB,1.5855998063132237
MS,PB_9,GGTGAAGGTTGGGACA-1,PB,0.2841005212045408
MS,PB_9,GGTGCGTCACACCGCA-1,PB,-0.028771858175293288
MS,PB_9,GGTGTTAAGAACTCGG-1-1,PB,0.7374447522860369
MS,PB_9,GTAACGTAGGCCCGTT-1,PB,-0.16492024181877735
MS,PB_9,GTAACGTTCGGCGCTA-1,PB,0.2047677285376788
MS,PB_9,GTCGTAATCTTTAGTC-1,PB,0.022466460184345487
MS,PB_9,GTCTTCGGTTGAGGTG-1,PB,0.24571009815365236
MS,PB_9,GTGAAGGAGGTGACCA-1,PB,-0.29792794834763775
MS,PB_9,GTGAAGGTCCTTTACA-1,PB,-0.17616496184505978
MS,PB_9,GTGAAGGTCTGAGGGA-1,PB,0.26017665556379216
MS,PB_9,GTGCGGTTCAATCTCT-1,PB,0.25251218181365703
MS,PB_9,GTGGGTCAGCACACAG-1,PB,0.5297383378275391
MS,PB_9,GTGTTAGCATTAACCG-1,PB,-0.29792794834763775
MS,PB_9,GTTAAGCTCCGTAGGC-1,PB,0.6486329687919448
MS,PB_9,GTTACAGAGCTCCTTC-1,PB,-0.10090655831473276
MS,PB_9,GTTACAGAGTAGTGCG-1,PB,0.246158072390212
MS,PB_9,GTTCATTGTTAAGTAG-1,PB,0.6786275190425776
MS,PB_9,GTTCGGGCAACTGGCC-1,PB,-0.0732200012632523
MS,PB_9,GTTTCTACAATACGCT-1,PB,-0.29792794834763775
MS,PB_9,TAAACCGGTGATGTGG-1,PB,0.5215443523131804
MS,PB_9,TACACGAGTCATTAGC-1,PB,0.7706420229926677
MS,PB_9,TACGGGCCAGTGGGAT-1,PB,-0.29792794834763775
MS,PB_9,TACTCATCACCCTATC-1,PB,-0.1034213579225085
MS,PB_9,TAGGCATCACAAGCCC-1,PB,0.030371670682452976
MS,PB_9,TATCAGGTCGAGCCCA-1,PB,0.4843236921411798
MS,PB_9,TCAACGAGTGGCGAAT-1,PB,0.29965386368274954
MS,PB_9,TCACGAAGTTGGTGGA-1,PB,-0.29792794834763775
MS,PB_9,TCAGATGGTAAGTGTA-1,PB,-0.29792794834763775
MS,PB_9,TCATTACAGCCTCGTG-1-1,PB,-0.29792794834763775
MS,PB_9,TCATTACGTCAGTGGA-1,PB,-0.29792794834763775
MS,PB_9,TCCCGATGTAGAGCTG-1,PB,-0.041548135097798304
MS,PB_9,TCGAGGCCACAGCCCA-1,PB,-0.06835947052160918
MS,PB_9,TCGAGGCGTAAATACG-1,PB,0.46867656818355824
MS,PB_9,TCGCGAGTCGATGAGG-1,PB,-0.29792794834763775
MS,PB_9,TCGGTAAGTACGCTGC-1,PB,0.17949714481914172
MS,PB_9,TCGGTAATCGTCTGAA-1-1,PB,-0.29792794834763775
MS,PB_9,TCTCATAGTAGCTTGT-1,PB,0.279981127743979
MS,PB_9,TCTCTAACAAGCGAGT-1,PB,0.3550806973346154
MS,PB_9,TCTTCGGCAAGCCGTC-1,PB,-0.15843738099526328
MS,PB_9,TGACTAGCAAGGACAC-1,PB,-0.29792794834763775
MS,PB_9,TGACTTTTCAGTTTGG-1,PB,0.7670430840317473
MS,PB_9,TGCACCTTCCTTCAAT-1,PB,-0.29792794834763775
MS,PB_9,TGCCAAAGTGTGACCC-1,PB,-0.13652217226885957
MS,PB_9,TGCCCTATCAAACCAC-1,PB,-0.29792794834763775
MS,PB_9,TGCGCAGCACACATGT-1,PB,0.14649280347214466
MS,PB_9,TGCTGCTAGATCCGAG-1,PB,0.0846075123981136
MS,PB_9,TGGACGCAGTCGTACT-1,PB,-0.019335270442536603
MS,PB_9,TGGCGCAGTTAAGTAG-1,PB,-0.10836979565152165
MS,PB_9,TGGCTGGGTGAAATCA-1,PB,-0.06751668016717391
MS,PB_9,TTAGTTCCAAGTCTGT-1,PB,-0.29792794834763775
MS,PB_9,TTAGTTCTCTATGTGG-1-2,PB,0.10076717301556548
MS,PB_9,TTCCCAGCACATGACT-1,PB,-0.061027211904506204
MS,PB_9,TTCGAAGAGTGAACAT-1-1,PB,0.08370420248135503
MS,PB_9,TTGCGTCCAATCGGTT-1,PB,-0.29792794834763775
MS,PB_9,TTTACTGGTTTACTCT-1,PB,0.1492052011302843
MS,PB_9,TTTCCTCTCCACGTGG-1,PB,0.39817186524132253
MS,PB_10,AAACCTGAGGAGTAGA-1-2,PB,-0.03522141651004196
MS,PB_10,AAACCTGCAAGTTAAG-1,PB,-0.19995087283346094
MS,PB_10,AAACCTGCACGAGAGT-1,PB,-0.14068125762556463
MS,PB_10,AAACCTGGTGAGGCTA-1,PB,-0.18735421131566993
MS,PB_10,AAACGGGAGGCATGGT-1,PB,-0.14147292438893985
MS,PB_10,AAACGGGTCGGTTCGG-1,PB,-0.1533819138694212
MS,PB_10,AAAGATGCACGAAGCA-1,PB,-0.15781549334901315
MS,PB_10,AAAGCAAAGTCCTCCT-1,PB,-0.13924610024789164
MS,PB_10,AAAGCAACAGACGCCT-1,PB,1.178064688240679
MS,PB_10,AAAGTAGGTGGCAAAC-1,PB,-0.17532402119610574
MS,PB_10,AAAGTAGGTTCTGAAC-1,PB,-0.29792794834763775
MS,PB_10,AAATGCCCAGGAATCG-1,PB,0.1695484604899671
MS,PB_10,AAATGCCTCTGGCGTG-1,PB,0.36223660191675006
MS,PB_10,AACACGTAGGCACATG-1,PB,0.0017239017259848
MS,PB_10,AACACGTCAAACTGCT-1,PB,-0.21668159362090625
MS,PB_10,AACACGTGTAAACCTC-1,PB,0.002631762625418088
MS,PB_10,AACACGTTCAGTGCAT-1,PB,0.06068877981662944
MS,PB_10,AACCGCGGTAGCCTCG-1,PB,0.6272333937008596
MS,PB_10,AACCGCGTCCGTTGCT-1,PB,0.6574196294736802
MS,PB_10,AACGTTGTCAACACGT-1,PB,0.24266834720727543
MS,PB_10,AACTCTTCAGTGGGAT-1,PB,-0.046648171076953494
MS,PB_10,AACTCTTGTGGTGTAG-1,PB,0.2694263430627689
MS,PB_10,AACTTTCGTAGAGCTG-1,PB,0.08014478761177776
MS,PB_10,AAGACCTGTTATCCGA-1,PB,0.2825354536226452
MS,PB_10,AAGCCGCAGCGTGTCC-1,PB,-0.29792794834763775
MS,PB_10,AAGCCGCCAAACTGCT-1,PB,-0.2137485603449297
MS,PB_10,AAGCCGCGTAACGTTC-1-1,PB,1.0546517582744217
MS,PB_10,AAGGAGCCATTCTCAT-1,PB,-0.13296398178016816
MS,PB_10,AAGGCAGTCTGACCTC-1,PB,-0.29792794834763775
MS,PB_10,AAGGTTCAGCAGGTCA-1,PB,0.7775600542917097
MS,PB_10,AAGGTTCCACTGTTAG-1,PB,0.7434836204434472
MS,PB_10,AAGGTTCGTTGGGACA-1,PB,-0.29792794834763775
MS,PB_10,AATCCAGGTCTGCAAT-1,PB,0.5200902281463821
MS,PB_10,AATCGGTAGTCGAGTG-1,PB,-0.02554037538556242
MS,PB_10,AATCGGTTCATCATTC-1,PB,0.100571190474541
MS,PB_10,AATCGGTTCTGGTATG-1,PB,0.13023667037481554
MS,PB_10,ACACCAAGTCGGCACT-1,PB,-0.20911668349871734
MS,PB_10,ACACCGGAGGCATGTG-1-2,PB,-0.12126228854945716
MS,PB_10,ACACCGGAGGTAGCCA-1,PB,-0.29792794834763775
MS,PB_10,ACACCGGTCTTTACAC-1,PB,0.33707991863320597
MS,PB_10,ACACTGATCAGCCTAA-1-1,PB,-0.29792794834763775
MS,PB_10,ACAGCCGGTGGTTTCA-1,PB,0.38422263009316887
MS,PB_10,ACAGCTAGTATCGCAT-1,PB,0.036290842082983325
MS,PB_10,ACATCAGAGCCGTCGT-1,PB,-0.06746724245943744
MS,PB_10,ACATCAGCAAACAACA-1-1,PB,-0.18889898285409876
MS,PB_10,ACATCAGGTCAACATC-1,PB,0.011426227018292918
MS,PB_10,ACATGGTCAAACAACA-1,PB,0.19856816203125915
MS,PB_10,ACCCACTGTCCAGTAT-1,PB,-0.08169368978637026
MS,PB_10,ACCGTAAGTGTTGGGA-1,PB,0.24564362058402153
MS,PB_10,ACCGTAATCCAGTAGT-1,PB,0.5554698352294977
MS,PB_10,ACCTTTAAGGGTGTGT-1,PB,0.3551005420153189
MS,PB_10,ACCTTTATCCCGACTT-1,PB,-0.1555139113066534
MS,PB_10,ACGAGCCAGGGTCTCC-1,PB,0.2585704262978995
MS,PB_10,ACGAGCCGTGTTCTTT-1,PB,-0.29792794834763775
MS,PB_10,ACGAGCCTCCCTCTTT-1-1,PB,-0.29792794834763775
MS,PB_10,ACGAGGACATGTCCTC-1,PB,0.40007289932213747
MS,PB_10,ACGAGGATCACCTTAT-1,PB,0.6328949874375885
MS,PB_10,ACGAGGATCTATCCTA-1,PB,0.050511076557808295
MS,PB_10,ACGATACCAGGAATGC-1,PB,-0.1572293250028196
MS,PB_10,ACGATACCATCCGTGG-1,PB,-0.07906803573097816
MS,PB_10,ACGATGTAGAAACCGC-1,PB,0.1984840971760348
MS,PB_10,ACGATGTCAGACGCAA-1,PB,-0.07358061336017041
MS,PB_10,ACGATGTGTAGCCTCG-1,PB,0.02101879079648154
MS,PB_10,ACGATGTTCCCAAGTA-1-1,PB,0.20360277785922495
MS,PB_10,ACGATGTTCTTACCTA-1,PB,0.16292672379778778
MS,PB_10,ACGCAGCGTTGGTGGA-1,PB,-0.1967465284253642
MS,PB_10,ACGCAGCTCGAGAGCA-1,PB,0.015171039713213883
MS,PB_10,ACGCCAGTCAGTCCCT-1,PB,-0.08701274648025713
MS,PB_10,ACGCCGATCTACCTGC-1,PB,0.14677826625377025
MS,PB_10,ACGGAGAAGATGTCGG-1,PB,0.21439802642376268
MS,PB_10,ACGGAGAAGTGAAGAG-1,PB,-0.01429668284396499
MS,PB_10,ACGGAGACAGGAATGC-1,PB,-0.13019738031376007
MS,PB_10,ACGGAGAGTTGGTAAA-1,PB,0.13912969563469743
MS,PB_10,ACGGCCATCCTTGCCA-1,PB,-0.09418162177713126
MS,PB_10,ACGGGCTCAATAACGA-1,PB,-0.14274505784465966
MS,PB_10,ACGGGCTCACGGTGTC-1,PB,0.11575938057057865
MS,PB_10,ACGGGCTCATGTCGAT-1-1,PB,0.37839521566809836
MS,PB_10,ACGGGTCCACCACCAG-1,PB,0.4410423018806153
MS,PB_10,ACGTCAAGTATAGTAG-1,PB,-0.29792794834763775
MS,PB_10,ACGTCAAGTGTGTGCC-1,PB,-0.14448555773949226
MS,PB_10,ACGTCAATCCATGAAC-1,PB,-0.13408654943143286
MS,PB_10,ACGTCAATCTGTACGA-1,PB,0.21252396484506958
MS,PB_10,ACTATCTAGATAGTCA-1,PB,0.005503518554646453
MS,PB_10,ACTATCTGTATGAAAC-1,PB,-0.15100580778713818
MS,PB_10,ACTGAACAGTCATGCT-1,PB,0.3572981393843553
MS,PB_10,ACTGAACGTTCCGGCA-1,PB,-0.29792794834763775
MS,PB_10,ACTGATGGTAGAGTGC-1,PB,0.04957264868676165
MS,PB_10,ACTGATGGTCTGCAAT-1,PB,-0.29792794834763775
MS,PB_10,ACTGCTCAGCGTCAAG-1,PB,0.18004236137115148
MS,PB_10,ACTGCTCAGTTGTAGA-1,PB,0.41023664668413773
MS,PB_10,ACTGTCCAGGCTAGAC-1,PB,0.21563875304540045
MS,PB_10,ACTTACTAGATGTAAC-1,PB,-0.29792794834763775
MS,PB_10,ACTTACTAGGCCATAG-1,PB,-0.20065766502243584
MS,PB_10,ACTTGTTAGATAGTCA-1,PB,0.6850582056516668
MS,PB_10,ACTTGTTAGCCACCTG-1,PB,-0.1902385897367255
MS,PB_10,ACTTTCAAGGTGCTAG-1,PB,0.7096814725138534
MS,PB_10,ACTTTCAAGGTGCTTT-1,PB,0.05877034790276854
MS,PB_10,ACTTTCAGTCCGACGT-1,PB,0.24229947565092494
MS,PB_10,AGAATAGAGCCACTAT-1,PB,-0.29792794834763775
MS,PB_10,AGAATAGCAGTATAAG-1,PB,-0.196279401607499
MS,PB_10,AGAATAGTCCAGGGCT-1,PB,-0.1588586410554467
MS,PB_10,AGACGTTAGTATTGGA-1,PB,-0.028534989790775515
MS,PB_10,AGACGTTTCACGAAGG-1,PB,-0.29792794834763775
MS,PB_10,AGAGCGAGTCGATTGT-1,PB,0.24058144925619268
MS,PB_10,AGAGCGATCATGTCCC-1,PB,-0.13436626961571788
MS,PB_10,AGAGCTTCATCAGTCA-1,PB,0.18568163832745044
MS,PB_10,AGAGCTTGTCAGGACA-1,PB,0.34550692714606035
MS,PB_10,AGAGTGGGTGTGCGTC-1,PB,0.047131537223665664
MS,PB_10,AGAGTGGTCCGGGTGT-1,PB,0.0001319912200216338
MS,PB_10,AGATCTGGTCAGAATA-1,PB,-0.29792794834763775
MS,PB_10,AGATCTGTCCGAAGAG-1,PB,-0.29792794834763775
MS,PB_10,AGATTGCAGACTGTAA-1,PB,-0.12938886092281326
MS,PB_10,AGCAGCCAGACGACGT-1,PB,-0.29792794834763775
MS,PB_10,AGCAGCCAGCGAGAAA-1,PB,0.06567870313370927
MS,PB_10,AGCATACAGCGATGAC-1,PB,0.15423814374829575
MS,PB_10,AGCATACCAGATCGGA-1-1,PB,-0.29792794834763775
MS,PB_10,AGCATACGTGTCGCTG-1,PB,0.38427592220173057
MS,PB_10,AGCCTAAAGGAGTTGC-1,PB,0.5542758467774951
MS,PB_10,AGCCTAAGTGATGTGG-1,PB,0.31026900740555746
MS,PB_10,AGCGGTCAGCGCCTTG-1,PB,-0.010608134365894362
MS,PB_10,AGCGGTCCACAACGTT-1,PB,-0.10359764162239106
MS,PB_10,AGCGGTCTCAGTTTGG-1,PB,-0.13156737898107718
MS,PB_10,AGCGTATCACGCGAAA-1,PB,0.3343416682125663
MS,PB_10,AGCGTATCATAGGATA-1-1,PB,-0.10201915490304517
MS,PB_10,AGCGTATGTCATACTG-1,PB,0.033828034965755906
MS,PB_10,AGCTCCTAGAGATGAG-1,PB,-0.29792794834763775
MS,PB_10,AGCTCCTAGGTGATTA-1,PB,0.792750706064285
MS,PB_10,AGCTCCTCATTGGTAC-1,PB,0.15795989541267888
MS,PB_10,AGCTCTCCAAGTTCTG-1,PB,-0.10782876191201526
MS,PB_10,AGCTCTCTCGCCAAAT-1,PB,0.12955082493502165
MS,PB_10,AGCTTGAAGGACCACA-1,PB,0.9035397247763319
MS,PB_10,AGCTTGATCGGCCGAT-1,PB,-0.010511307091023294
MS,PB_10,AGGCCACGTCTAGTGT-1,PB,-0.07196440091933255
MS,PB_10,AGGCCACGTGAAAGAG-1,PB,0.30681493207659194
MS,PB_10,AGGCCACTCACCATAG-1,PB,0.3298063988994954
MS,PB_10,AGGCCGTCAATGCCAT-1,PB,-0.11039252835691642
MS,PB_10,AGGGAGTGTCGAACAG-1,PB,-0.29792794834763775
MS,PB_10,AGGGAGTGTCTCTCTG-1,PB,-0.19862060486823538
MS,PB_10,AGGGATGAGACTGGGT-1,PB,-0.29792794834763775
MS,PB_10,AGGGATGAGTTTCCTT-1,PB,-0.13023519095856032
MS,PB_10,AGGGATGTCAGAGGTG-1,PB,0.13640258325074384
MS,PB_10,AGGGTGACATTACCTT-1,PB,0.20090938348328438
MS,PB_10,AGGGTGATCATTGCGA-1,PB,-0.0022538888742740554
MS,PB_10,AGGGTGATCGCAGGCT-1,PB,0.01741464944025826
MS,PB_10,AGGTCATGTGTCAATC-1,PB,0.3207817177648832
MS,PB_10,AGGTCATTCTGTCTAT-1,PB,-0.29792794834763775
MS,PB_10,AGGTCCGCACTAAGTC-1,PB,-0.09075079284612733
MS,PB_10,AGGTCCGTCCACGACG-1-1,PB,0.2419537359299278
MS,PB_10,AGTAGTCGTTCATGGT-1,PB,-0.21872923922184878
MS,PB_10,AGTCTTTCACGGCTAC-1,PB,-0.29792794834763775
MS,PB_10,AGTGAGGAGATAGGAG-1,PB,-0.07061002947310924
MS,PB_10,AGTGAGGTCTAACTCT-1,PB,0.20812318182422612
MS,PB_10,AGTGGGAAGATCCGAG-1,PB,-0.13214481158950125
MS,PB_10,AGTGGGAGTATTAGCC-1-1,PB,0.023784232422275002
MS,PB_10,AGTGTCACAAGCCGTC-1,PB,-0.19266017403464122
MS,PB_10,AGTGTCATCAACACTG-1,PB,-0.17318264039683587
MS,PB_10,AGTGTCATCCTTAATC-1,PB,0.1308432169933709
MS,PB_10,AGTTGGTGTGTCAATC-1,PB,-0.19022285733012398
MS,PB_10,AGTTGGTTCAGAAATG-1,PB,-0.05555869634610235
MS,PB_10,ATAACGCGTAACGTTC-1,PB,0.27237100390223223
MS,PB_10,ATAACGCGTGACCAAG-1,PB,-0.29792794834763775
MS,PB_10,ATCACGAAGGCAATTA-1-1,PB,0.0019344189975875298
MS,PB_10,ATCATGGCAACTGCGC-1,PB,0.08018028344320105
MS,PB_10,ATCATGGTCAGCGACC-1,PB,-0.015817623951700284
MS,PB_10,ATCCACCAGGCTATCT-1,PB,-0.29792794834763775
MS,PB_10,ATCCGAACATGGTAGG-1,PB,0.37548596411903035
MS,PB_10,ATCCGAATCAGCACAT-1,PB,0.24069967255591143
MS,PB_10,ATCCGAATCTATCCCG-1,PB,0.29304780384791307
MS,PB_10,ATCGAGTCAGCCTGTG-1,PB,-0.29792794834763775
MS,PB_10,ATCGAGTGTGACAAAT-1-1,PB,-0.29792794834763775
MS,PB_10,ATCTACTGTAATTGGA-1,PB,-0.29792794834763775
MS,PB_10,ATCTACTGTCTTGCGG-1,PB,-0.29792794834763775
MS,PB_10,ATCTGCCCAAACAACA-1,PB,0.5157588921067536
MS,PB_10,ATGAGGGCAATAGCAA-1,PB,0.10770532263577702
MS,PB_10,ATGAGGGCAGGGCATA-1-2,PB,0.023094035151414432
MS,PB_10,ATGAGGGGTTCTGGTA-1,PB,0.9628687049667564
MS,PB_10,ATGAGGGTCCCACTTG-1,PB,-0.15604242969456042
MS,PB_10,ATGCGATGTACGAAAT-1,PB,0.2872978711606421
MS,PB_10,ATGCGATGTGCCTGGT-1,PB,0.2825443269840547
MS,PB_10,ATGGGAGAGAGCTGCA-1,PB,-0.29792794834763775
MS,PB_10,ATGGGAGGTAGCTTGT-1,PB,-0.08798827625779428
MS,PB_10,ATGTGTGAGCTCCTCT-1,PB,0.1652697162290646
MS,PB_10,ATGTGTGCATATACGC-1-1,PB,-0.29792794834763775
MS,PB_10,ATTACTCTCCATGAGT-1,PB,-0.29792794834763775
MS,PB_10,ATTATCCGTCGTCTTC-1,PB,-0.29792794834763775
MS,PB_10,ATTATCCGTGCACCAC-1,PB,0.08251171033313291
MS,PB_10,ATTCTACAGGAACTGC-1,PB,1.0118192069723009
MS,PB_10,ATTCTACGTCGGGTCT-1,PB,0.026898098374321007
MS,PB_10,ATTCTACGTGGTTTCA-1,PB,0.5743835756428043
MS,PB_10,ATTGGTGAGGCGACAT-1,PB,-0.15514868826241088
MS,PB_10,ATTGGTGAGGCTCTTA-1,PB,0.12146649625864955
MS,PB_10,ATTGGTGCACGGCTAC-1,PB,-0.12460375339707329
MS,PB_10,ATTGGTGTCGTTACAG-1,PB,0.0315596065658385
MS,PB_10,ATTTCTGCAAGAGGCT-1,PB,-0.07264516324054213
MS,PB_10,CAACCAAAGCTACCTA-1,PB,-0.29792794834763775
MS,PB_10,CAACCAACACGTTGGC-1,PB,-0.1919679179862068
MS,PB_10,CAACCAAGTTCCACTC-1,PB,0.3086139839351495
MS,PB_10,CAACCTCGTAGCTGCC-1,PB,-0.11206429533324205
MS,PB_10,CAACTAGTCTCCAGGG-1,PB,-0.21059615298392992
MS,PB_10,CAAGATCAGAACAACT-1,PB,-0.21522556692942832
MS,PB_10,CAAGGCCAGTAGGCCA-1,PB,0.5885112516246715
MS,PB_10,CAAGGCCCACTTCTGC-1,PB,-0.04120690867812188
MS,PB_10,CAAGGCCTCAACCAAC-1,PB,0.0354295582923972
MS,PB_10,CAAGTTGAGGCTCTTA-1,PB,-0.18836228160422777
MS,PB_10,CAAGTTGCATCGGACC-1-1,PB,-0.1323069271800698
MS,PB_10,CAAGTTGTCCCACTTG-1,PB,-0.29792794834763775
MS,PB_10,CAAGTTGTCCGTAGTA-1,PB,0.46434558304139284
MS,PB_10,CACAAACCACATCTTT-1,PB,0.4922641725423795
MS,PB_10,CACAAACCATTACCTT-1,PB,0.1289160433331009
MS,PB_10,CACACAAAGGACTGGT-1,PB,0.9799269771636847
MS,PB_10,CACACAACACCTTGTC-1,PB,-0.13947551388939622
MS,PB_10,CACACAAGTAAAGTCA-1,PB,0.2522628084135692
MS,PB_10,CACACAAGTCTCCATC-1,PB,-0.14971400128367454
MS,PB_10,CACACCTCACCACCAG-1,PB,0.21944556505064083
MS,PB_10,CACACCTCACTGCCAG-1,PB,0.1213521499342082
MS,PB_10,CACACCTGTTGTTTGG-1,PB,0.003953702256093182
MS,PB_10,CACACTCAGGCGATAC-1,PB,0.5445559736305565
MS,PB_10,CACACTCGTTCCGTCT-1,PB,0.5800129221151445
MS,PB_10,CACACTCTCAATCTCT-1,PB,0.2030376069952953
MS,PB_10,CACAGTAAGCCGGTAA-1,PB,-0.10308728961587901
MS,PB_10,CACAGTATCCGCGTTT-1,PB,-0.29792794834763775
MS,PB_10,CACAGTATCTCGAGTA-1,PB,0.04986365544458176
MS,PB_10,CACATAGAGCTAGTCT-1,PB,-0.06725020865821707
MS,PB_10,CACATAGAGGCAATTA-1,PB,-0.29792794834763775
MS,PB_10,CACATAGCACATAACC-1,PB,-0.29792794834763775
MS,PB_10,CACATTTTCTCACATT-1,PB,-0.12463361508988695
MS,PB_10,CACCACTAGCGATGAC-1,PB,0.22687351184626126
MS,PB_10,CACCTTGAGAGACGAA-1,PB,0.031912259535187316
MS,PB_10,CACCTTGAGGAGTTGC-1,PB,0.2729748143989839
MS,PB_10,CACCTTGTCGTATCAG-1,PB,-0.028067597142780707
MS,PB_10,CACTCCAAGGAGTTGC-1,PB,0.16653917753045833
MS,PB_10,CACTCCATCCTAGGGC-1,PB,0.6787946786506435
MS,PB_10,CACTCCATCTGTACGA-1-1,PB,0.2196065290109386
MS,PB_10,CAGAATCGTAGGCTGA-1,PB,0.41552357190130845
MS,PB_10,CAGAGAGAGCACAGGT-1,PB,-0.09398829328841149
MS,PB_10,CAGAGAGAGTGTCTCA-1,PB,-0.29792794834763775
MS,PB_10,CAGATCAAGCTTCGCG-1,PB,-0.29792794834763775
MS,PB_10,CAGCAGCGTTCAGCGC-1-1,PB,0.5365487210643158
MS,PB_10,CAGCAGCTCCGTAGTA-1,PB,0.24671269052841321
MS,PB_10,CAGCAGCTCTCCTATA-1,PB,-0.14070588796084962
MS,PB_10,CAGCATAAGAACAATC-1,PB,-0.04034994593799391
MS,PB_10,CAGCATAAGCAGCGTA-1,PB,-0.12998151035503022
MS,PB_10,CAGCCGAGTCAGCTAT-1,PB,0.21667700344837032
MS,PB_10,CAGCCGAGTGTTTGGT-1,PB,0.1592255439893617
MS,PB_10,CAGCGACGTCTACCTC-1,PB,0.5734622984561771
MS,PB_10,CAGCGACTCCTGCCAT-1,PB,-0.1877864554173005
MS,PB_10,CAGCTAAGTAGTACCT-1,PB,-0.29792794834763775
MS,PB_10,CAGCTAAGTGGACGAT-1,PB,-0.20170916278480738
MS,PB_10,CAGCTAATCCAAGTAC-1,PB,-0.09949444637776945
MS,PB_10,CAGCTGGAGGGATCTG-1,PB,0.34322613970875854
MS,PB_10,CAGCTGGCAGCTGGCT-1,PB,0.3841124834355125
MS,PB_10,CAGGTGCGTAAAGGAG-1-1,PB,-0.02163543372938293
MS,PB_10,CAGGTGCTCACGCGGT-1,PB,0.23341817497892547
MS,PB_10,CAGGTGCTCGGTTAAC-1,PB,0.06569813552208446
MS,PB_10,CAGTCCTCAAGGACAC-1,PB,-0.039327863631122555
MS,PB_10,CATATGGAGAGTACCG-1,PB,-0.29792794834763775
MS,PB_10,CATATGGCACGCCAGT-1-1,PB,-0.17099723319840635
MS,PB_10,CATATGGGTGGGTCAA-1,PB,-0.008584061726804482
MS,PB_10,CATATGGTCGTCACGG-1,PB,0.09525354611257186
MS,PB_10,CATATGGTCTAACTGG-1,PB,0.12063547353741895
MS,PB_10,CATATTCTCTGTTGAG-1,PB,-0.04217797543562938
MS,PB_10,CATCAAGCAATACGCT-1-2,PB,-0.08301700948222628
MS,PB_10,CATCAAGCAGACACTT-1,PB,0.14832668112086358
MS,PB_10,CATCAAGCATGCCCGA-1,PB,0.4119769771738004
MS,PB_10,CATCAAGGTACAGACG-1,PB,0.08917452924508133
MS,PB_10,CATCAGAAGTCAAGGC-1,PB,0.2327340443342257
MS,PB_10,CATCAGACATTATCTC-1,PB,0.5393753246920056
MS,PB_10,CATCCACAGAGTAAGG-1,PB,-0.15173846545993783
MS,PB_10,CATCCACCAGTCAGCC-1,PB,-0.006991746163127509
MS,PB_10,CATCGAAGTAATCGTC-1,PB,0.2194949357591815
MS,PB_10,CATCGAAGTACCGCTG-1,PB,-0.18644400363303273
MS,PB_10,CATCGGGCACCGAAAG-1,PB,0.15790173370333824
MS,PB_10,CATCGGGGTCGGATCC-1,PB,-0.05339417316955446
MS,PB_10,CATGACAAGTGTACGG-1,PB,-0.03556823863503096
MS,PB_10,CATGCCTCATACTACG-1,PB,-0.033929189345701605
MS,PB_10,CATGCCTGTCAGATAA-1,PB,0.09026859325505884
MS,PB_10,CATGGCGTCAACACTG-1-1,PB,0.3999234381313136
MS,PB_10,CATTATCTCAATCTCT-1,PB,-0.08052488583688112
MS,PB_10,CATTCGCGTAGCAAAT-1,PB,-0.29792794834763775
MS,PB_10,CATTCGCGTGTTGAGG-1,PB,-0.04264352751312933
MS,PB_10,CCAATCCGTCCAGTGC-1,PB,-0.14274505784465966
MS,PB_10,CCAATCCGTCTAGTCA-1,PB,-0.29792794834763775
MS,PB_10,CCAATCCTCGGATGTT-1,PB,0.2954469315796501
MS,PB_10,CCACCTAAGAAACCAT-1-1,PB,-0.08542207915046496
MS,PB_10,CCACCTAGTCCGACGT-1,PB,0.04584719096150934
MS,PB_10,CCACCTAGTTTGGGCC-1,PB,-0.29792794834763775
MS,PB_10,CCACGGACATCTACGA-1,PB,0.32591749548016397
MS,PB_10,CCACGGAGTCGCATCG-1,PB,0.0632982033449597
MS,PB_10,CCACGGATCGGCTACG-1,PB,0.05015556283772299
MS,PB_10,CCACTACAGGATCGCA-1,PB,0.0026398158482473988
MS,PB_10,CCAGCGAAGGGCATGT-1,PB,0.005939448331734447
MS,PB_10,CCATGTCAGTGAAGAG-1,PB,-0.13029128605789211
MS,PB_10,CCATGTCCACGGTAGA-1-1,PB,-0.11872170268295279
MS,PB_10,CCATTCGCAGGGAGAG-1,PB,0.3681889404928021
MS,PB_10,CCCAATCTCTCTAGGA-1,PB,0.5140423752411888
MS,PB_10,CCCTCCTCAGTTCCCT-1,PB,0.15028409438652685
MS,PB_10,CCGGGATCAATACGCT-1,PB,0.040124349545279867
MS,PB_10,CCGGGATGTTCAGCGC-1,PB,-0.29792794834763775
MS,PB_10,CCGGTAGAGAATTGTG-1,PB,-0.29792794834763775
MS,PB_10,CCGGTAGAGTGTACCT-1,PB,0.11209271929354299
MS,PB_10,CCGGTAGTCAGGTTCA-1,PB,-0.11927653563606684
MS,PB_10,CCGTACTCACCTTGTC-1,PB,0.4491473363342835
MS,PB_10,CCGTTCACACCATGTA-1,PB,0.07812029327311275
MS,PB_10,CCGTTCATCACATGCA-1,PB,-0.21833508463370907
MS,PB_10,CCTAAAGGTACGCACC-1,PB,0.26349685159020847
MS,PB_10,CCTAAAGTCCTCAACC-1,PB,0.07188784660790629
MS,PB_10,CCTACACCAGTCTTCC-1,PB,0.3905325727165662
MS,PB_10,CCTACACGTTCTGAAC-1,PB,-0.15700993891127843
MS,PB_10,CCTAGCTGTGGTTTCA-1,PB,0.10060077722864587
MS,PB_10,CCTTACGTCAGAGCTT-1,PB,0.6431671515584325
MS,PB_10,CCTTACGTCAGCTGGC-1,PB,1.1412121136511029
MS,PB_10,CCTTCCCAGAAGGTTT-1,PB,0.004317453148712617
MS,PB_10,CCTTCCCAGGTGTTAA-1,PB,0.027878768506631655
MS,PB_10,CCTTCGACACACATGT-1,PB,-0.11840287308520338
MS,PB_10,CCTTCGAGTGACGGTA-1,PB,-0.06668899024381734
MS,PB_10,CCTTTCTGTGTATGGG-1,PB,0.3502304698478854
MS,PB_10,CCTTTCTTCTCATTCA-1,PB,-0.0894850743125309
MS,PB_10,CGAACATTCTAAGCCA-1,PB,0.5270004134036028
MS,PB_10,CGACCTTGTCTCATCC-1,PB,-0.07903778647748783
MS,PB_10,CGACTTCAGCGGCTTC-1,PB,-0.29792794834763775
MS,PB_10,CGACTTCGTCAACTGT-1,PB,-0.033540542577321746
MS,PB_10,CGACTTCTCACCCGAG-1-1,PB,0.1956058248262935
MS,PB_10,CGACTTCTCTGAGTGT-1,PB,-0.19527406564136648
MS,PB_10,CGAGCCAAGTGGGCTA-1,PB,0.33318994851893796
MS,PB_10,CGATCGGCATGGGAAC-1,PB,0.16245504271896807
MS,PB_10,CGATCGGGTATTCGTG-1,PB,-0.1160221879742148
MS,PB_10,CGATGGCCAAGCGCTC-1,PB,-0.19807982224003837
MS,PB_10,CGATGGCTCACTCCTG-1,PB,-0.12123898870492099
MS,PB_10,CGATTGATCAGTTTGG-1-1,PB,0.0015340595544641416
MS,PB_10,CGATTGATCCACGACG-1,PB,-0.29792794834763775
MS,PB_10,CGATTGATCTGGTTCC-1,PB,-0.08824114925566152
MS,PB_10,CGCCAAGAGGAGTAGA-1,PB,-0.04013238683103552
MS,PB_10,CGCTATCCAGTGAGTG-1,PB,0.22480746783571418
MS,PB_10,CGCTATCGTCGGGTCT-1,PB,-0.0113060205809739
MS,PB_10,CGCTATCGTTTAAGCC-1,PB,0.27826309659072235
MS,PB_10,CGCTGGACATGCATGT-1,PB,0.16934393367809494
MS,PB_10,CGGACACTCCGCGGTA-1,PB,-0.12872608624353224
MS,PB_10,CGGACTGCAGTTAACC-1,PB,-0.1889797760501731
MS,PB_10,CGGAGCTAGCCAACAG-1,PB,0.6467279105126548
MS,PB_10,CGGAGCTCACTGTGTA-1,PB,0.059943024723046405
MS,PB_10,CGGAGCTGTGCCTTGG-1-1,PB,0.13910442985537322
MS,PB_10,CGGAGTCAGGCGACAT-1,PB,0.3461528044642618
MS,PB_10,CGGCTAGGTCTAAACC-1,PB,-0.29792794834763775
MS,PB_10,CGGGTCACACCGGAAA-1,PB,-0.29792794834763775
MS,PB_10,CGGTTAAGTTAGGGTG-1,PB,0.06709121463049962
MS,PB_10,CGTAGCGAGCGACGTA-1,PB,-0.29792794834763775
MS,PB_10,CGTAGCGCACCGAAAG-1,PB,0.4565503892367971
MS,PB_10,CGTCCATAGGTGCAAC-1,PB,0.42680835382509563
MS,PB_10,CGTCTACGTCTGCAAT-1,PB,0.13389854279839564
MS,PB_10,CGTGAGCCAATGGAGC-1,PB,-0.29792794834763775
MS,PB_10,CGTGAGCTCCCTCAGT-1,PB,-0.18539680683153478
MS,PB_10,CGTGTCTGTGACGCCT-1,PB,0.13360086558905043
MS,PB_10,CGTTAGAGTCGGATCC-1,PB,-0.29792794834763775
MS,PB_10,CGTTAGATCGCAAACT-1,PB,0.09180502477581085
MS,PB_10,CGTTCTGCAAACCCAT-1,PB,0.5537284087551336
MS,PB_10,CGTTCTGGTCACTGGC-1,PB,0.31129125414504516
MS,PB_10,CGTTCTGGTCTAGCGC-1,PB,0.14945834237527092
MS,PB_10,CGTTCTGGTGCGGTAA-1,PB,0.32475373659411677
MS,PB_10,CGTTGGGTCTCAACTT-1,PB,0.046956161639039165
MS,PB_10,CTAACTTCACCAGGCT-1-1,PB,0.34292661253945395
MS,PB_10,CTAACTTGTGCAGACA-1,PB,0.4753995621534924
MS,PB_10,CTAAGACAGGCTAGGT-1,PB,0.3624503031671553
MS,PB_10,CTAATGGCATATGCTG-1,PB,-0.0620402436603633
MS,PB_10,CTAATGGCATTCACTT-1,PB,0.10904979917043675
MS,PB_10,CTAATGGTCAACACTG-1,PB,0.11748690100113257
MS,PB_10,CTAATGGTCTGATACG-1,PB,-0.13054868130108832
MS,PB_10,CTACACCCAAAGTCAA-1,PB,-0.05323356082896258
MS,PB_10,CTACGTCTCACGAAGG-1,PB,-0.02036640314074628
MS,PB_10,CTACGTCTCTTGTACT-1,PB,-0.18551650538211778
MS,PB_10,CTAGAGTAGATAGCAT-1,PB,-0.11486906314767797
MS,PB_10,CTAGAGTCACGAGGTA-1,PB,0.10008942710940574
MS,PB_10,CTAGAGTTCTGGTTCC-1,PB,-0.29792794834763775
MS,PB_10,CTAGCCTAGTAGCGGT-1,PB,-0.29792794834763775
MS,PB_10,CTAGCCTCATGTCGAT-1,PB,-0.10590352879222913
MS,PB_10,CTAGCCTTCTGCTGTC-1,PB,0.04172164745156424
MS,PB_10,CTCACACCAATGCCAT-1,PB,0.7258042774879447
MS,PB_10,CTCACACCACATGTGT-1,PB,0.1716475673709404
MS,PB_10,CTCACACCATTGGGCC-1,PB,-0.1234673207443655
MS,PB_10,CTCAGAAGTACAGCAG-1,PB,-0.29792794834763775
MS,PB_10,CTCAGAAGTCTCTCGT-1,PB,-0.09082593181086741
MS,PB_10,CTCAGAAGTGTAATGA-1,PB,0.2876798370392417
MS,PB_10,CTCATTAGTTGTCTTT-1,PB,0.4470218195547152
MS,PB_10,CTCATTATCCGTCATC-1-2,PB,-0.29792794834763775
MS,PB_10,CTCGAAAGTAGTACCT-1,PB,-0.02635531611064863
MS,PB_10,CTCGGGACAACTGCGC-1,PB,0.1067497046819728
MS,PB_10,CTCGGGAGTTTGACTG-1,PB,0.1704364085647006
MS,PB_10,CTCGTCAAGAGTGAGA-1,PB,0.1603771449680516
MS,PB_10,CTCTACGAGTGAAGAG-1-1,PB,0.011404563884733392
MS,PB_10,CTCTACGTCAGCGATT-1,PB,0.3243937588674929
MS,PB_10,CTCTACGTCCTAGAAC-1,PB,-0.11138482000527662
MS,PB_10,CTCTGGTAGCCAACAG-1,PB,-0.29792794834763775
MS,PB_10,CTCTGGTAGTTTGCGT-1,PB,0.1633839234196274
MS,PB_10,CTGAAGTAGGTTACCT-1,PB,0.042181792572855745
MS,PB_10,CTGAAGTGTCCAGTAT-1,PB,0.01370193522281396
MS,PB_10,CTGATCCCAAGCCATT-1,PB,-0.00809779608233397
MS,PB_10,CTGATCCGTATATCCG-1,PB,0.06276129465434052
MS,PB_10,CTGATCCGTGGGTCAA-1,PB,0.0640156399307773
MS,PB_10,CTGATCCTCCTGTAGA-1,PB,-0.062291335483143244
MS,PB_10,CTGCTGTCAGTGGAGT-1,PB,0.03965708849314521
MS,PB_10,CTGCTGTTCCCAACGG-1,PB,0.18748488813428107
MS,PB_10,CTGTGCTAGCTAGTGG-1,PB,0.45305399147865816
MS,PB_10,CTGTGCTGTCTCACCT-1,PB,0.7159191912552554
MS,PB_10,CTGTTTAAGGAATGGA-1,PB,0.8067893986367247
MS,PB_10,CTGTTTATCAACTCTT-1,PB,0.05155043924904782
MS,PB_10,CTTAACTCATCACAAC-1,PB,0.10765388451625935
MS,PB_10,CTTAACTGTCACACGC-1,PB,0.04936252194910439
MS,PB_10,CTTACCGAGCTAACTC-1,PB,-0.20122985214789998
MS,PB_10,CTTACCGCATGGAATA-1-1,PB,-0.29792794834763775
MS,PB_10,CTTACCGGTTGGAGGT-1,PB,-0.29792794834763775
MS,PB_10,CTTAGGACAGGTCTCG-1,PB,0.043093909674207134
MS,PB_10,CTTCTCTAGGATCGCA-1,PB,0.25002751677638463
MS,PB_10,CTTCTCTTCGTTACGA-1,PB,0.42898225244802096
MS,PB_10,CTTGGCTTCCAAGCCG-1-1,PB,0.16518129523621186
MS,PB_10,CTTTGCGAGGCATGTG-1,PB,-0.15405062103668343
MS,PB_10,CTTTGCGAGTACGACG-1,PB,-0.13293096144820526
MS,PB_10,GAAACTCCAGGGATTG-1,PB,0.39427555455649976
MS,PB_10,GAAATGATCACGCGGT-1,PB,0.4571245485406121
MS,PB_10,GAAATGATCATGTCCC-1,PB,-0.10079431919368968
MS,PB_10,GAACATCTCCGATATG-1,PB,0.085925866736433
MS,PB_10,GAACCTAAGCACACAG-1,PB,-0.29792794834763775
MS,PB_10,GAACCTAAGGCTCATT-1,PB,-0.19507598810802707
MS,PB_10,GAACCTACATCTCGCT-1,PB,0.04059773744823645
MS,PB_10,GAACCTATCCCAGGTG-1,PB,-0.29792794834763775
MS,PB_10,GAAGCAGCAGGACCCT-1,PB,-0.0073003643138180386
MS,PB_10,GAAGCAGGTGCTTCTC-1,PB,0.22153580611856147
MS,PB_10,GAATAAGTCGTGGACC-1,PB,-0.29792794834763775
MS,PB_10,GAATGAAAGATGCCAG-1,PB,-0.029695646885009013
MS,PB_10,GACAGAGCAACACCTA-1,PB,0.007979007309582517
MS,PB_10,GACCAATGTATATGGA-1,PB,0.14114889267645872
MS,PB_10,GACCTGGCAAGACGTG-1,PB,-0.21407565869138548
MS,PB_10,GACCTGGCAAGCCGTC-1,PB,0.39753048216401327
MS,PB_10,GACCTGGCAGGCTCAC-1,PB,-0.29792794834763775
MS,PB_10,GACGCGTAGAAACGAG-1,PB,-0.169101553597844
MS,PB_10,GACGCGTAGGTGCACA-1,PB,0.34070156246067357
MS,PB_10,GACGGCTCATGTAGTC-1,PB,0.18084470998083865
MS,PB_10,GACGGCTTCCCAGGTG-1,PB,0.4455628091838665
MS,PB_10,GACGGCTTCGCTGATA-1,PB,0.07277203704948285
MS,PB_10,GACGTGCAGTGAACGC-1,PB,0.35717453197054955
MS,PB_10,GACGTGCTCTTGTCAT-1-1,PB,0.3044367292664318
MS,PB_10,GACGTTAAGCGTCAAG-1,PB,-0.0018255978090828842
MS,PB_10,GACGTTACACCTCGTT-1,PB,0.16607793414190716
MS,PB_10,GACGTTATCTACTCAT-1,PB,0.025165536727490275
MS,PB_10,GACTAACCAATAGAGT-1,PB,0.0699943856707246
MS,PB_10,GACTAACTCAGCACAT-1,PB,0.22671925121503753
MS,PB_10,GACTACAAGGGAACGG-1,PB,1.0701861213007222
MS,PB_10,GACTGCGGTCTTGCGG-1,PB,0.34977575092659086
MS,PB_10,GAGCAGACACCGTTGG-1,PB,0.11206565822203848
MS,PB_10,GAGCAGACAGTATCTG-1,PB,0.5244431269910574
MS,PB_10,GAGCAGACATCCGTGG-1,PB,0.28752484197580586
MS,PB_10,GATCAGTAGAACAACT-1-1,PB,0.02083936397761759
MS,PB_10,GATCAGTAGGCTCTTA-1,PB,-0.21583543140948833
MS,PB_10,GATCGATAGCGTCAAG-1,PB,0.28651029747534046
MS,PB_10,GATCGCGGTCATTAGC-1-2,PB,-0.10001167971538037
MS,PB_10,GATCGTAGTGAAGGCT-1,PB,0.15301564667219067
MS,PB_10,GATCGTAGTTCATGGT-1,PB,0.20675468314555118
MS,PB_10,GATCGTAGTTTAGGAA-1-1,PB,-0.13442358986008965
MS,PB_10,GATCTAGCATGGTTGT-1,PB,0.1260287774737959
MS,PB_10,GATCTAGGTCGCATAT-1,PB,-0.19562565728410636
MS,PB_10,GATCTAGTCTCGGACG-1,PB,0.7568739973603735
MS,PB_10,GATGAAATCAACGCTA-1,PB,-0.14046712600063246
MS,PB_10,GATGAAATCGCTAGCG-1,PB,0.09502316051673619
MS,PB_10,GATGAGGAGCAGGTCA-1,PB,-0.0058011953591579945
MS,PB_10,GATTCAGGTAAAGTCA-1,PB,0.15743046162167018
MS,PB_10,GCAAACTCAAGTCTGT-1-1,PB,0.3364641783400503
MS,PB_10,GCAATCACAGAAGCAC-1,PB,0.1409729530309765
MS,PB_10,GCACATAGTCGGCATC-1,PB,1.0377575758662978
MS,PB_10,GCACATATCCTTCAAT-1,PB,-0.29792794834763775
MS,PB_10,GCACTCTCACCGGAAA-1-1,PB,0.3779093408339812
MS,PB_10,GCAGCCAAGGATGGAA-1,PB,0.13871557027206596
MS,PB_10,GCAGCCAGTTAAAGTG-1,PB,0.29668100476598863
MS,PB_10,GCATACAAGAACTGTA-1,PB,-0.19017564000500747
MS,PB_10,GCATACAAGACAAAGG-1,PB,0.12795342529427978
MS,PB_10,GCATGATCATCCCACT-1,PB,0.23644753671960222
MS,PB_10,GCATGCGAGGAATCGC-1-1,PB,0.20325499433987984
MS,PB_10,GCATGCGGTTACCGAT-1,PB,0.577829650796175
MS,PB_10,GCATGCGTCAACGGGA-1-1,PB,0.4721345174426202
MS,PB_10,GCATGTAGTCACCTAA-1,PB,0.03420846377461635
MS,PB_10,GCATGTATCACAGGCC-1,PB,0.07738503678291206
MS,PB_10,GCCAAATAGCTAGCCC-1,PB,0.4813525122942967
MS,PB_10,GCCAAATCACCACGTG-1,PB,-0.29792794834763775
MS,PB_10,GCCTCTAGTCGCGAAA-1,PB,-0.04208360944281942
MS,PB_10,GCGACCAAGCCGCCTA-1,PB,0.06470378709718987
MS,PB_10,GCGACCAAGCTGAACG-1,PB,-0.29792794834763775
MS,PB_10,GCGACCAAGGCCGAAT-1,PB,-0.29792794834763775
MS,PB_10,GCGAGAAGTGTGCCTG-1,PB,-0.09644337256638973
MS,PB_10,GCGAGAAGTTATCACG-1,PB,-0.22491926266526524
MS,PB_10,GCGAGAATCATGCTCC-1,PB,-0.29792794834763775
MS,PB_10,GCGAGAATCTCGAGTA-1,PB,0.18469830575522678
MS,PB_10,GCGCAACAGAACTGTA-1,PB,-0.29792794834763775
MS,PB_10,GCGCAACCAGCCTGTG-1,PB,-0.07540350285018284
MS,PB_10,GCGCAACCATTCTCAT-1,PB,-0.06243607380224801
MS,PB_10,GCGCAGTAGCTGTCTA-1,PB,0.2568228099497521
MS,PB_10,GCGCAGTTCAACTCTT-1,PB,-0.15888727101966468
MS,PB_10,GCGCCAAAGGAGCGAG-1,PB,0.32951636186954864
MS,PB_10,GCGCCAAAGGTGTGGT-1-1,PB,-0.1699874640109887
MS,PB_10,GCGCCAACAATTCCTT-1,PB,0.6646110463379102
MS,PB_10,GCTCCTATCAACCAAC-1,PB,0.24144881689888323
MS,PB_10,GCTCTGTAGCTGTCTA-1,PB,0.08928659316141815
MS,PB_10,GCTCTGTGTCCGAGTC-1,PB,0.7975631816433789
MS,PB_10,GCTGCAGAGTCTCGGC-1,PB,0.5611317616964934
MS,PB_10,GCTGCAGGTCCGAATT-1,PB,-0.29792794834763775
MS,PB_10,GCTGCAGGTCTCCCTA-1,PB,0.34815505914338146
MS,PB_10,GCTGCGAGTACAGCAG-1,PB,-0.29792794834763775
MS,PB_10,GCTGCGAGTCAGAATA-1,PB,0.049759216684686296
MS,PB_10,GCTGGGTAGTGGAGAA-1,PB,0.24884305889691755
MS,PB_10,GCTGGGTGTGCTGTAT-1,PB,0.23143674195515
MS,PB_10,GCTTCCAAGATGCGAC-1,PB,0.20187770724717144
MS,PB_10,GCTTGAATCGTCACGG-1,PB,0.04612548394523132
MS,PB_10,GCTTGAATCTCGCTTG-1,PB,-0.20725019681110757
MS,PB_10,GGAAAGCAGACTAAGT-1,PB,0.29202509601728804
MS,PB_10,GGAAAGCAGGACTGGT-1,PB,0.7034993514084281
MS,PB_10,GGAACTTCAAGGTTCT-1,PB,0.521372949243123
MS,PB_10,GGAACTTCATGACGGA-1,PB,-0.29792794834763775
MS,PB_10,GGACAAGAGAAGGTGA-1,PB,0.01722455886866448
MS,PB_10,GGACAAGGTCTAAAGA-1,PB,0.09628709317386965
MS,PB_10,GGACAGACACCGCTAG-1,PB,0.1321135363691152
MS,PB_10,GGACGTCAGACTAGGC-1,PB,-0.29792794834763775
MS,PB_10,GGACGTCTCTCCAACC-1,PB,-0.09505634358417529
MS,PB_10,GGATGTTAGGAGTTGC-1,PB,-0.0007930274841638218
MS,PB_10,GGATGTTCAGGTTTCA-1,PB,-0.29792794834763775
MS,PB_10,GGATTACGTGAGGCTA-1,PB,-0.14411288214986118
MS,PB_10,GGCAATTAGTCTCGGC-1,PB,0.6001158524367509
MS,PB_10,GGCGACTCATCACCCT-1,PB,-0.0965088566702681
MS,PB_10,GGCGACTTCAACGGCC-1,PB,-0.026945495318468366
MS,PB_10,GGCGTGTCATGCCCGA-1,PB,0.009329308631113729
MS,PB_10,GGCGTGTTCAACGGCC-1,PB,0.19516521570998374
MS,PB_10,GGCTCGACAACCGCCA-1,PB,0.5145460145537764
MS,PB_10,GGCTCGAGTACAGTTC-1,PB,-0.12277583875044118
MS,PB_10,GGCTGGTCACAGACAG-1,PB,-0.29792794834763775
MS,PB_10,GGCTGGTGTTCGGGCT-1,PB,-0.030687317157123688
MS,PB_10,GGGAATGCAAGAAAGG-1,PB,0.7806123706556691
MS,PB_10,GGGAATGCACGTCAGC-1,PB,-0.1877864554173005
MS,PB_10,GGGAATGGTGTTAAGA-1,PB,0.029256117887401574
MS,PB_10,GGGAATGTCCCTCAGT-1,PB,0.24028743582970374
MS,PB_10,GGGACCTAGAGGTTGC-1,PB,0.21593408427116118
MS,PB_10,GGGACCTGTAAACGCG-1,PB,0.3916045273279335
MS,PB_10,GGGACCTGTCCTCTTG-1,PB,0.1358288234469541
MS,PB_10,GGGACCTTCCAAACTG-1,PB,0.16708481766297506
MS,PB_10,GGGAGATAGTGTCTCA-1,PB,-0.14801576589912516
MS,PB_10,GGGAGATCATAGGATA-1,PB,0.24566908829371822
MS,PB_10,GGGATGAAGCCAGGAT-1,PB,0.44316877894875273
MS,PB_10,GGGATGACATTGGGCC-1,PB,-0.29792794834763775
MS,PB_10,GGGATGATCAGGCCCA-1,PB,0.19972377933687527
MS,PB_10,GGGCACTAGCGTGAAC-1,PB,0.4353797480516809
MS,PB_10,GGGCACTCAAGTAGTA-1,PB,0.4605913543438943
MS,PB_10,GGGCACTGTGACAAAT-1-1,PB,0.007560959844007794
MS,PB_10,GGGCACTTCCACTCCA-1,PB,0.006474979477359215
MS,PB_10,GGGCATCAGTGTCCCG-1,PB,-0.05000286670968112
MS,PB_10,GGGCATCGTTCGTGAT-1,PB,-0.1907313809852959
MS,PB_10,GGGTCTGAGGTGATAT-1,PB,0.5884313129976478
MS,PB_10,GGGTCTGGTAATAGCA-1,PB,-0.1541944499466014
MS,PB_10,GGGTTGCAGAAGGGTA-1,PB,0.1197643596339382
MS,PB_10,GGTGCGTAGCTGCAAG-1,PB,0.11265322688609701
MS,PB_10,GGTGCGTCAGGTCTCG-1,PB,-0.29792794834763775
MS,PB_10,GGTGTTACACTATCTT-1,PB,0.17701910718028932
MS,PB_10,GTAACGTAGCTGTCTA-1,PB,-0.2090530260693561
MS,PB_10,GTAACGTGTAGCTAAA-1,PB,0.22679877834822967
MS,PB_10,GTAACTGGTTTAAGCC-1,PB,-0.19699384463118716
MS,PB_10,GTACGTAGTTAGAACA-1,PB,-0.007595662789610809
MS,PB_10,GTACGTATCCTCAACC-1,PB,0.12058481003114796
MS,PB_10,GTACTCCAGTGATCGG-1,PB,-0.1957375936083925
MS,PB_10,GTACTCCGTGTTCTTT-1-1,PB,0.36037524589696573
MS,PB_10,GTAGGCCTCAGCTCTC-1,PB,0.014612073166806001
MS,PB_10,GTAGTCATCGGAAACG-1,PB,0.4897260411904992
MS,PB_10,GTATCTTCAATGGACG-1,PB,0.0551554132060313
MS,PB_10,GTATCTTGTACTCTCC-1,PB,-0.043141969040945825
MS,PB_10,GTATTCTTCGGAATCT-1,PB,0.5829073175998466
MS,PB_10,GTCACGGGTAGCTTGT-1,PB,0.17325151857642856
MS,PB_10,GTCACGGTCATGTGGT-1,PB,1.0590798234771501
MS,PB_10,GTCATTTCAAGCGTAG-1,PB,0.06812228565073546
MS,PB_10,GTCATTTGTTACGACT-1,PB,0.6598416170203735
MS,PB_10,GTCCTCACAAGGACTG-1,PB,-0.06885841298310598
MS,PB_10,GTCCTCAGTCGCATAT-1,PB,0.0380615841916579
MS,PB_10,GTCCTCATCAGCTCTC-1,PB,-0.14771843468193321
MS,PB_10,GTCGGGTCAGGGTATG-1,PB,-0.19662334317904157
MS,PB_10,GTCGTAAAGTACCGGA-1,PB,0.2197843599266107
MS,PB_10,GTCGTAACACAAGCCC-1-1,PB,-0.18327286314762276
MS,PB_10,GTCGTAATCTCATTCA-1,PB,0.10276040688489609
MS,PB_10,GTCTCGTAGGCATGGT-1,PB,-0.019057627696972595
MS,PB_10,GTCTCGTAGTTTGCGT-1-1,PB,0.20703087720204674
MS,PB_10,GTCTCGTGTATTACCG-1,PB,0.20859170312782918
MS,PB_10,GTCTTCGAGCGAAGGG-1,PB,0.2565772003642252
MS,PB_10,GTGCAGCAGGCAAAGA-1,PB,0.04133975744285023
MS,PB_10,GTGCAGCCAGCTTCGG-1-1,PB,-0.29792794834763775
MS,PB_10,GTGCAGCGTGCCTGCA-1,PB,-0.29792794834763775
MS,PB_10,GTGCAGCTCTTGTACT-1,PB,-0.06939619348949344
MS,PB_10,GTGCATACAGTAAGAT-1,PB,-0.11561255736610973
MS,PB_10,GTGGGTCAGGCCCTCA-1,PB,-0.029497068037119437
MS,PB_10,GTGTTAGTCTAACCGA-1,PB,0.40533265751873504
MS,PB_10,GTTAAGCGTCGCGAAA-1,PB,-0.29792794834763775
MS,PB_10,GTTACAGAGCTGCGAA-1,PB,0.6169136070663235
MS,PB_10,GTTCATTCAATGGACG-1,PB,-0.09744292229080857
MS,PB_10,GTTCATTCACGGCTAC-1,PB,-0.29792794834763775
MS,PB_10,GTTCTCGAGCCACTAT-1,PB,0.09568836534636553
MS,PB_10,GTTCTCGAGCGCTTAT-1,PB,-0.0386272536043855
MS,PB_10,GTTCTCGAGGACATTA-1,PB,-0.1781295725076455
MS,PB_10,GTTCTCGAGTCATCCA-1,PB,-0.11118611157108275
MS,PB_10,GTTCTCGCATGGTAGG-1-1,PB,-0.18337254528427488
MS,PB_10,GTTCTCGGTTAAGAAC-1,PB,-0.18701908592341782
MS,PB_10,GTTTCTAGTCGTTGTA-1,PB,-0.29792794834763775
MS,PB_10,TAAACCGAGACGCAAC-1,PB,0.6835225896616849
MS,PB_10,TAAGAGAAGGAGTTGC-1,PB,-0.29792794834763775
MS,PB_10,TAAGAGACATGACGGA-1,PB,-0.29792794834763775
MS,PB_10,TAAGCGTCAACACCTA-1,PB,0.1187932263725474
MS,PB_10,TAAGTGCCAATCTACG-1,PB,0.10740445817657503
MS,PB_10,TACACGAAGACGCACA-1,PB,0.2981706521208521
MS,PB_10,TACAGTGTCTGGTTCC-1,PB,0.03068521379456423
MS,PB_10,TACCTATAGATGTCGG-1,PB,-0.18231113560311155
MS,PB_10,TACCTATAGCTAACTC-1,PB,0.43175497091132564
MS,PB_10,TACCTTACATATACGC-1,PB,0.09215486608875152
MS,PB_10,TACCTTATCATACGGT-1,PB,-0.03349190649585493
MS,PB_10,TACGGATTCAGGCGAA-1,PB,-0.18563773036052522
MS,PB_10,TACGGGCCAGATCTGT-1,PB,0.00019293352658290259
MS,PB_10,TACGGGCTCGCCTGTT-1,PB,-0.29792794834763775
MS,PB_10,TACGGGCTCTGCGTAA-1,PB,0.06371296954378122
MS,PB_10,TACGGTATCAAACCGT-1,PB,0.02720659278623846
MS,PB_10,TACGGTATCCAGATCA-1,PB,-0.03429347042629245
MS,PB_10,TACTCATAGCGATATA-1,PB,0.279216245339312
MS,PB_10,TACTCATCAGGACGTA-1-1,PB,0.5310670046156564
MS,PB_10,TACTTGTAGCCCAGCT-1,PB,-0.04591301135312543
MS,PB_10,TACTTGTCATTGTGCA-1,PB,0.2847307653095643
MS,PB_10,TAGAGCTAGTTGTAGA-1,PB,-0.29792794834763775
MS,PB_10,TAGCCGGTCGTAGGAG-1,PB,0.05852419530579527
MS,PB_10,TAGCCGGTCTTCCTTC-1,PB,0.10399999019532705
MS,PB_10,TAGGCATAGGCATTGG-1,PB,-0.29792794834763775
MS,PB_10,TAGTGGTAGTATTGGA-1,PB,0.5971911178482522
MS,PB_10,TAGTGGTCACAGACTT-1,PB,0.1677726483476361
MS,PB_10,TAGTGGTGTGGGTCAA-1,PB,-0.13636849803006396
MS,PB_10,TAGTGGTTCTTGCATT-1,PB,0.1757579428919239
MS,PB_10,TATCAGGAGCCAGTTT-1-1,PB,-0.29792794834763775
MS,PB_10,TATCAGGAGGATATAC-1,PB,0.0985189301172097
MS,PB_10,TATCAGGTCCTGCTTG-1,PB,0.19320702500567746
MS,PB_10,TATCAGGTCTCCGGTT-1,PB,0.5827070491567587
MS,PB_10,TATCTCAAGACCTAGG-1,PB,0.2006364365123117
MS,PB_10,TATCTCAAGTAGATGT-1-1,PB,-0.005026193847349132
MS,PB_10,TATCTCACACAGTCGC-1,PB,-0.17062801924974158
MS,PB_10,TATCTCACACGGTAGA-1,PB,0.015805966147364785
MS,PB_10,TATGCCCAGATCCCGC-1,PB,0.5125471396156435
MS,PB_10,TATGCCCAGTGGACGT-1,PB,0.04354258764639391
MS,PB_10,TATTACCAGTGGTAAT-1,PB,0.0396574328005056
MS,PB_10,TATTACCCAGCGTTCG-1,PB,0.021621884017169087
MS,PB_10,TATTACCGTTAAGACA-1,PB,1.1782260814496652
MS,PB_10,TCAACGAGTAAGAGAG-1,PB,0.1572934781975812
MS,PB_10,TCAACGATCCTGTAGA-1,PB,-0.12370143559490059
MS,PB_10,TCAATCTAGTGACATA-1,PB,0.02652449680949805
MS,PB_10,TCAATCTCAGCTGCTG-1,PB,0.01795482988881612
MS,PB_10,TCAATCTGTGAAGGCT-1,PB,-0.29792794834763775
MS,PB_10,TCACGAACATTGAGCT-1,PB,0.5500225380033761
MS,PB_10,TCACGAAGTTGCCTCT-1,PB,0.09526628137491398
MS,PB_10,TCAGATGAGGGATGGG-1,PB,-0.2057463675621703
MS,PB_10,TCAGATGGTTTCCACC-1,PB,0.08517290151426864
MS,PB_10,TCAGATGTCAGATAAG-1,PB,0.9549308812784439
MS,PB_10,TCAGCTCAGGTGATAT-1-1,PB,-0.29792794834763775
MS,PB_10,TCAGGATAGAGGACGG-1,PB,0.08403482567393558
MS,PB_10,TCAGGTACACCCAGTG-1-1,PB,0.006361224613670383
MS,PB_10,TCATTACGTCTCTTTA-1,PB,-0.013019321437734457
MS,PB_10,TCATTACGTTACGCGC-1,PB,-0.13742977631359918
MS,PB_10,TCATTTGGTGACAAAT-1,PB,-0.14021309538413393
MS,PB_10,TCCACACAGTACGTTC-1,PB,0.05964130910869953
MS,PB_10,TCCACACCACATAACC-1,PB,-0.11075173282474411
MS,PB_10,TCCACACTCTGCGTAA-1,PB,0.10145795578433454
MS,PB_10,TCCCGATAGCCACGCT-1,PB,0.12868802523818554
MS,PB_10,TCGAGGCAGCGTTCCG-1-1,PB,0.7283761531614755
MS,PB_10,TCGAGGCGTTCTGAAC-1-2,PB,-0.29792794834763775
MS,PB_10,TCGCGAGAGATATGGT-1,PB,0.01762079997364535
MS,PB_10,TCGCGTTTCTGCCAGG-1,PB,0.4111009304872381
MS,PB_10,TCGGGACGTAAACCTC-1,PB,0.08237455801663665
MS,PB_10,TCGGGACTCAGTTAGC-1,PB,-0.29792794834763775
MS,PB_10,TCGGGACTCTTATCTG-1,PB,-0.11392384346912143
MS,PB_10,TCGGTAACAATGTTGC-1,PB,0.15557958421706752
MS,PB_10,TCGGTAACACAGACAG-1,PB,0.17353757250193672
MS,PB_10,TCGGTAAGTGGGTATG-1,PB,0.3272490476294518
MS,PB_10,TCGTACCGTGATGTGG-1,PB,0.08666004306709639
MS,PB_10,TCGTACCTCACGGTTA-1,PB,-0.17930088787658796
MS,PB_10,TCTATTGTCAGCTCTC-1-1,PB,-0.08688709610151069
MS,PB_10,TCTCATACAATCCGAT-1,PB,-0.171306794686513
MS,PB_10,TCTCATAGTGAGGGAG-1-1,PB,0.022188985795506017
MS,PB_10,TCTGGAAAGAACTGTA-1,PB,0.08063095292436825
MS,PB_10,TCTGGAAGTCCGTTAA-1,PB,-0.1419880726500161
MS,PB_10,TCTGGAATCTGTGCAA-1,PB,1.1621424999273688
MS,PB_10,TCTTCGGTCTACTTAC-1,PB,0.12613010836232083
MS,PB_10,TCTTTCCAGCTCTCGG-1,PB,-0.15748244250506951
MS,PB_10,TCTTTCCTCCACGTTC-1,PB,0.014197327382962659
MS,PB_10,TGAAAGAAGCCTCGTG-1,PB,0.17185798341317454
MS,PB_10,TGACAACAGGCACATG-1,PB,-0.005367095640287034
MS,PB_10,TGACAACCACGGACAA-1,PB,-0.06563371391037111
MS,PB_10,TGACAACGTGTGTGCC-1,PB,0.025042995307276186
MS,PB_10,TGACGGCGTCCTGCTT-1-2,PB,0.24703749381438955
MS,PB_10,TGACTAGAGTTAAGTG-1,PB,-0.29792794834763775
MS,PB_10,TGACTAGCAGATCTGT-1,PB,0.11410007798418097
MS,PB_10,TGACTTTGTTGTCGCG-1,PB,0.33894260127530124
MS,PB_10,TGAGAGGGTCTAGAGG-1,PB,0.40744892815316336
MS,PB_10,TGAGCCGCAAGTCATC-1,PB,0.018894089334605117
MS,PB_10,TGAGCCGGTCTGGAGA-1,PB,-0.0638832066145184
MS,PB_10,TGAGGGAAGACCACGA-1,PB,0.006500776531828297
MS,PB_10,TGAGGGACAGTCGATT-1,PB,-0.29792794834763775
MS,PB_10,TGAGGGAGTACGCACC-1,PB,0.3678780642593274
MS,PB_10,TGAGGGATCCTCAATT-1,PB,-0.11252080270493751
MS,PB_10,TGATTTCAGACAAAGG-1,PB,0.24370955168644803
MS,PB_10,TGATTTCTCAACGGGA-1,PB,0.13603281698911235
MS,PB_10,TGATTTCTCAGTTGAC-1,PB,0.04547360495156666
MS,PB_10,TGCCAAATCTTAGAGC-1,PB,0.3050554899008106
MS,PB_10,TGCCCATGTCGCGGTT-1,PB,-0.29792794834763775
MS,PB_10,TGCCCATGTCGGCACT-1,PB,-0.29792794834763775
MS,PB_10,TGCGGGTAGCTAAGAT-1,PB,0.41663063535025874
MS,PB_10,TGCTACCTCCACGCAG-1-1,PB,-0.14551857557561837
MS,PB_10,TGCTGCTTCGCATGGC-1,PB,0.16139780111657434
MS,PB_10,TGCTGCTTCTGGGCCA-1,PB,0.2312242601348197
MS,PB_10,TGGACGCTCTCACATT-1,PB,-0.13057844894949655
MS,PB_10,TGGCCAGTCAAAGACA-1,PB,-0.29792794834763775
MS,PB_10,TGGCGCATCAGCGATT-1,PB,0.2573458927735968
MS,PB_10,TGGCTGGAGAGGTACC-1,PB,0.009923307925280542
MS,PB_10,TGGCTGGAGGCTCAGA-1,PB,0.06406849425635977
MS,PB_10,TGGCTGGGTGCAACGA-1,PB,0.7287113478734631
MS,PB_10,TGGGAAGGTCAGAAGC-1,PB,-0.11103761804785717
MS,PB_10,TGGGAAGGTTATCGGT-1,PB,-0.20562036975047085
MS,PB_10,TGGGAAGGTTCAGTAC-1,PB,-0.1149398336282355
MS,PB_10,TGGGAAGTCGCACTCT-1,PB,-0.29792794834763775
MS,PB_10,TGGGCGTTCTGCTTGC-1,PB,0.048288920641252564
MS,PB_10,TGGTTAGAGAATTGTG-1,PB,0.3805955196187522
MS,PB_10,TGGTTAGAGTGTTGAA-1,PB,0.5331695926308571
MS,PB_10,TGGTTAGCAAAGGTGC-1,PB,0.0588179108304703
MS,PB_10,TGGTTAGCATTGAGCT-1,PB,0.03254050319652619
MS,PB_10,TGGTTCCCAAACCTAC-1,PB,-0.29792794834763775
MS,PB_10,TGTATTCAGGGATACC-1,PB,-0.07476547336485735
MS,PB_10,TGTATTCGTCAATGTC-1,PB,-0.14739027398075552
MS,PB_10,TGTCCCAAGGACCACA-1,PB,-0.14808852089807875
MS,PB_10,TGTGTTTAGCGATATA-1,PB,0.09746038713471138
MS,PB_10,TGTTCCGGTAGCCTCG-1,PB,0.115971028104414
MS,PB_10,TGTTCCGGTTCGCGAC-1,PB,-0.029007875579566085
MS,PB_10,TGTTCCGTCAGCGATT-1,PB,-0.006337211209834611
MS,PB_10,TTAACTCGTGTATGGG-1,PB,0.1957259007197119
MS,PB_10,TTAACTCTCCTGTACC-1,PB,-0.10231943503107119
MS,PB_10,TTAGGACAGGTGATTA-1,PB,-0.29792794834763775
MS,PB_10,TTAGGACTCCCTGACT-1,PB,0.280030037963232
MS,PB_10,TTAGGCACAATGGAAT-1,PB,0.291934277990087
MS,PB_10,TTAGGCATCGTAGGAG-1,PB,0.4667408707063032
MS,PB_10,TTAGTTCAGTAGATGT-1,PB,-0.29792794834763775
MS,PB_10,TTAGTTCCACCGAAAG-1,PB,0.1687597283210835
MS,PB_10,TTATGCTCATTCCTCG-1-1,PB,0.3656137276111154
MS,PB_10,TTATGCTTCCAGGGCT-1,PB,0.0370365246265578
MS,PB_10,TTCCCAGAGGCATGTG-1-1,PB,-0.29792794834763775
MS,PB_10,TTCCCAGCACTTAAGC-1,PB,-0.16883421295803067
MS,PB_10,TTCCCAGCATTCTCAT-1,PB,0.1454628207133208
MS,PB_10,TTCCCAGGTAAGGGAA-1,PB,0.4142323678633398
MS,PB_10,TTCGAAGCAATGACCT-1,PB,-0.1004742888008568
MS,PB_10,TTCGAAGCATGCAATC-1,PB,-0.1880011298856553
MS,PB_10,TTCGGTCCAAGGTTCT-1,PB,0.29637549753951015
MS,PB_10,TTCTACAAGCTACCGC-1,PB,0.37861273820331326
MS,PB_10,TTCTACAAGTAGATGT-1,PB,0.5066343342586528
MS,PB_10,TTCTCAACACGAAATA-1,PB,0.06458319250368078
MS,PB_10,TTCTCAAGTCAACTGT-1,PB,0.41780534557909244
MS,PB_10,TTCTCAAGTCCGAGTC-1,PB,-0.11818408536339886
MS,PB_10,TTCTCCTCACAGGAGT-1,PB,0.8569965963347987
MS,PB_10,TTCTCCTGTTGTGGAG-1,PB,0.4223124175668692
MS,PB_10,TTCTCCTTCCTGCAGG-1,PB,-0.29792794834763775
MS,PB_10,TTCTTAGAGGCATGGT-1,PB,-0.24931010213844335
MS,PB_10,TTGAACGCATTCTCAT-1,PB,0.1861534772465822
MS,PB_10,TTGCCGTTCGTTTGCC-1,PB,0.15058643109725314
MS,PB_10,TTGGAACCATAGAAAC-1,PB,0.2993468373423954
MS,PB_10,TTGGAACTCATCACCC-1,PB,-0.29792794834763775
MS,PB_10,TTGGAACTCTTTAGGG-1,PB,0.14966219548295492
MS,PB_10,TTGGCAAGTCTAGCGC-1,PB,0.35207733792057755
MS,PB_10,TTGTAGGCAAACCTAC-1,PB,0.26561582369344555
MS,PB_10,TTTACTGCAGGGTACA-1,PB,0.28072708221343434
MS,PB_10,TTTATGCAGGGAAACA-1,PB,0.5008595494350102
MS,PB_10,TTTATGCGTATCGCAT-1,PB,-0.29792794834763775
MS,PB_10,TTTCCTCGTAAGAGGA-1,PB,0.1503157437525351
MS,PB_10,TTTCCTCGTTTGACTG-1-1,PB,-0.01082964449884596
MS,PB_10,TTTCCTCTCCGAATGT-1,PB,0.004302563191063384
MS,PB_10,TTTGCGCCAAACTGCT-1,PB,0.40882314490687544
MS,PB_10,TTTGCGCTCCGAGCCA-1,PB,-0.14263106093661126
MS,PB_10,TTTGCGCTCTTGTTTG-1,PB,-0.1488369472604442
MS,PB_10,TTTGTCACATTCACTT-1,PB,-0.028181020443265013
MS,PB_10,TTTGTCATCGAATGGG-1,PB,-0.040383744808568704
MS,PB_16,AAACCTGAGTAGGTGC-1,PB,-0.07582600478856193
MS,PB_16,AAACCTGCACTAAGTC-1-1,PB,0.6159745065038071
MS,PB_16,AAACCTGTCTTCAACT-1,PB,0.13380619195479912
MS,PB_16,AAACGGGAGGCAAAGA-1,PB,0.9544251792671513
MS,PB_16,AAACGGGGTTCATGGT-1,PB,0.7491574941130228
MS,PB_16,AAACGGGTCTCGTATT-1,PB,-0.024559241334825947
MS,PB_16,AAAGATGAGCTAAGAT-1,PB,0.4801315139270778
MS,PB_16,AAAGATGAGGACAGCT-1,PB,0.9321168176059749
MS,PB_16,AAAGATGCAGGTCTCG-1,PB,0.11020573653539843
MS,PB_16,AAAGATGTCAGCGATT-1,PB,1.1205944170054547
MS,PB_16,AAAGATGTCGGACAAG-1,PB,0.5178900869226822
MS,PB_16,AAAGCAAAGGCGTACA-1,PB,-0.29792794834763775
MS,PB_16,AAAGCAATCCGGCACA-1,PB,0.5239194550877065
MS,PB_16,AAAGTAGAGCTGAAAT-1,PB,-0.055636377541926005
MS,PB_16,AAAGTAGAGGAGCGTT-1,PB,-0.01979206038305573
MS,PB_16,AAAGTAGAGTCTCCTC-1,PB,0.3584537534679156
MS,PB_16,AAAGTAGCAATCCAAC-1,PB,-0.11269868594168335
MS,PB_16,AAAGTAGCATGCCCGA-1,PB,0.2220426133684262
MS,PB_16,AAAGTAGCATGTTGAC-1,PB,0.22859296055835024
MS,PB_16,AAAGTAGTCACAGGCC-1,PB,0.7167624043953827
MS,PB_16,AAAGTAGTCTATCCTA-1,PB,0.000994073595704335
MS,PB_16,AACACGTTCGAGAACG-1,PB,1.2675227260464215
MS,PB_16,AACCATGAGCCAGGAT-1,PB,-0.05572547528447778
MS,PB_16,AACCATGGTGCGGTAA-1,PB,-0.09107595168594787
MS,PB_16,AACCATGTCAACGCTA-1,PB,0.42270599755093796
MS,PB_16,AACCATGTCTGTACGA-1,PB,0.08728615703848017
MS,PB_16,AACCGCGAGATCACGG-1,PB,0.001987985516973997
MS,PB_16,AACCGCGAGCGCCTTG-1,PB,-0.1991160399653273
MS,PB_16,AACCGCGCAATCGGTT-1,PB,-0.23560441164933263
MS,PB_16,AACCGCGCATGGGACA-1,PB,0.19988480478529302
MS,PB_16,AACCGCGTCGAGGTAG-1,PB,0.13910139428961552
MS,PB_16,AACGTTGGTGGTCCGT-1,PB,0.21843147318600287
MS,PB_16,AACGTTGTCAGTGCAT-1,PB,1.03692986754475
MS,PB_16,AACTCAGCAAGTACCT-1,PB,0.4059040913208731
MS,PB_16,AACTCAGCACCTTGTC-1,PB,0.17019176238037217
MS,PB_16,AACTCCCTCTGAGGGA-1,PB,0.05407169392038746
MS,PB_16,AACTCTTCAAGAGGCT-1,PB,-0.047032925178454546
MS,PB_16,AACTCTTTCGGTTCGG-1,PB,-0.14237744851270387
MS,PB_16,AACTGGTCAATAGAGT-1,PB,-0.29792794834763775
MS,PB_16,AACTTTCCATAACCTG-1,PB,0.7341252955028464
MS,PB_16,AACTTTCCATATGCTG-1-1,PB,0.43205872916837645
MS,PB_16,AAGACCTAGGCTCATT-1,PB,0.29784486110592523
MS,PB_16,AAGACCTAGTGGCACA-1,PB,-0.17004486882710548
MS,PB_16,AAGACCTCACGTTGGC-1,PB,0.3397695943694975
MS,PB_16,AAGACCTGTTACCAGT-1,PB,0.3959399687841996
MS,PB_16,AAGACCTTCTCTTATG-1,PB,-0.0009582436509903504
MS,PB_16,AAGCCGCCATGAGCGA-1,PB,-0.20946878782691192
MS,PB_16,AAGCCGCTCAATAAGG-1,PB,-0.17830997747178015
MS,PB_16,AAGGAGCAGACGACGT-1,PB,0.8484153218280446
MS,PB_16,AAGGAGCAGTAACCCT-1,PB,0.24723559968143907
MS,PB_16,AAGGAGCGTAACGCGA-1,PB,-0.29792794834763775
MS,PB_16,AAGGAGCGTCGAATCT-1,PB,0.10058980761644169
MS,PB_16,AAGGAGCTCTTGGGTA-1-1,PB,0.6190458136365461
MS,PB_16,AAGGCAGGTAAACGCG-1,PB,0.26824302477231293
MS,PB_16,AAGGCAGGTACGCACC-1,PB,-0.11041893444280568
MS,PB_16,AAGGTTCCACCCATGG-1,PB,0.008722550019759119
MS,PB_16,AAGTCTGAGGGTTCCC-1,PB,0.6576558249708068
MS,PB_16,AAGTCTGAGTGTACGG-1,PB,0.09866863994389433
MS,PB_16,AAGTCTGCACTATCTT-1,PB,0.022549391036551864
MS,PB_16,AAGTCTGGTCGAACAG-1,PB,0.21033673740923772
MS,PB_16,AATCCAGAGGTGCACA-1,PB,0.3440288836292109
MS,PB_16,AATCCAGGTTCGCTAA-1,PB,0.18237975152253494
MS,PB_16,AATCCAGTCTTTACAC-1,PB,0.08871331027475272
MS,PB_16,AATCGGTCAACTGCTA-1,PB,0.32139318336599393
MS,PB_16,AATCGGTGTAAGTTCC-1,PB,0.44248011309604246
MS,PB_16,AATCGGTGTAGTACCT-1,PB,0.034740330415221246
MS,PB_16,AATCGGTTCTTGAGAC-1,PB,0.08149245913468313
MS,PB_16,ACACCAACATTCCTGC-1,PB,0.13292786407486587
MS,PB_16,ACACCAAGTCCTCTTG-1-1,PB,-0.07769885491267814
MS,PB_16,ACACCAAGTCGAGATG-1,PB,0.12596305998572854
MS,PB_16,ACACCAAGTCGAGTTT-1,PB,0.046559397353501016
MS,PB_16,ACACCAAGTTCCATGA-1,PB,0.09235445655740901
MS,PB_16,ACACCAAGTTTAAGCC-1-1,PB,-0.29792794834763775
MS,PB_16,ACACCCTAGCCAACAG-1,PB,-0.29792794834763775
MS,PB_16,ACACCGGAGTGCGATG-1,PB,0.2781664029796265
MS,PB_16,ACACCGGCAAAGCAAT-1-1,PB,0.20172464667949372
MS,PB_16,ACACCGGCACAGCCCA-1,PB,0.11427165362705415
MS,PB_16,ACACCGGCATCCGTGG-1,PB,0.49775927239715323
MS,PB_16,ACACCGGTCTGGCGTG-1,PB,0.9424674249960364
MS,PB_16,ACACCGGTCTGGGCCA-1,PB,-0.29792794834763775
MS,PB_16,ACACTGAAGACAAGCC-1,PB,0.4658568361885637
MS,PB_16,ACACTGACAATGGAGC-1,PB,-0.005802956137675246
MS,PB_16,ACACTGAGTAAGTGTA-1,PB,0.0845579603943494
MS,PB_16,ACAGCCGAGCTGCCCA-1,PB,0.1879244496878574
MS,PB_16,ACAGCCGGTGCGGTAA-1,PB,0.4032048744801569
MS,PB_16,ACAGCCGTCGCGGATC-1,PB,0.46357232413465227
MS,PB_16,ACAGCTAGTAGAAAGG-1,PB,0.04690459544554839
MS,PB_16,ACAGCTATCTTCGGTC-1,PB,0.26895005670547445
MS,PB_16,ACATACGAGAAACCTA-1,PB,-0.09900053438173158
MS,PB_16,ACATACGAGCACAGGT-1,PB,-0.09563576681630756
MS,PB_16,ACATACGCATCAGTCA-1,PB,0.06922821876948745
MS,PB_16,ACATCAGCAGGTCCAC-1,PB,-0.01868028534086737
MS,PB_16,ACATCAGGTTATGCGT-1,PB,0.19901221634991134
MS,PB_16,ACATGGTAGACGCACA-1,PB,0.06109873080831552
MS,PB_16,ACATGGTCAATGCCAT-1,PB,-0.005921345614120943
MS,PB_16,ACATGGTCATTCGACA-1,PB,0.8714355321557142
MS,PB_16,ACATGGTGTAAAGTCA-1,PB,1.169746308098121
MS,PB_16,ACATGGTGTTTAAGCC-1,PB,0.38235338194387664
MS,PB_16,ACCAGTAAGTTGTCGT-1,PB,1.1012893930750662
MS,PB_16,ACCAGTACAGACAAAT-1-1,PB,-0.29792794834763775
MS,PB_16,ACCAGTATCAGGCCCA-1,PB,0.7433362019830946
MS,PB_16,ACCGTAAAGGCGCTCT-1,PB,0.044087927022225894
MS,PB_16,ACCGTAAGTGGTCTCG-1,PB,0.012244997802279398
MS,PB_16,ACCTTTAAGAGTAATC-1,PB,0.01799902795703459
MS,PB_16,ACCTTTAAGTCAAGCG-1-1,PB,0.24497891176207895
MS,PB_16,ACCTTTAGTAGCTGCC-1,PB,0.7130274696782878
MS,PB_16,ACCTTTAGTTATGTGC-1,PB,-0.22178977033356137
MS,PB_16,ACCTTTATCGGCTTGG-1,PB,-0.18653862912528524
MS,PB_16,ACGAGCCTCACTATTC-1,PB,-0.19345994323873264
MS,PB_16,ACGAGCCTCGGATGGA-1,PB,0.9607166599243673
MS,PB_16,ACGAGGACAGGATCGA-1,PB,0.34087340676632566
MS,PB_16,ACGATACAGCGAAGGG-1,PB,-0.1655838259218963
MS,PB_16,ACGATACAGGAGTAGA-1,PB,-0.1843053111269209
MS,PB_16,ACGATACGTAGCAAAT-1,PB,0.6711551728102203
MS,PB_16,ACGATGTAGGCCGAAT-1,PB,0.5449164092683497
MS,PB_16,ACGATGTTCGCAGGCT-1,PB,0.0668684258660141
MS,PB_16,ACGCAGCAGCTGATAA-1,PB,0.606350436284737
MS,PB_16,ACGCAGCCAAAGGCGT-1,PB,-0.29792794834763775
MS,PB_16,ACGCAGCGTGACTACT-1,PB,-0.29792794834763775
MS,PB_16,ACGCAGCTCTCTAAGG-1,PB,0.33102980943187393
MS,PB_16,ACGCAGCTCTTGCCGT-1,PB,0.13235311845854675
MS,PB_16,ACGCCAGAGATGTGGC-1,PB,0.022713944395062042
MS,PB_16,ACGCCAGCAGGGTACA-1,PB,0.5724315965404737
MS,PB_16,ACGCCAGGTCTCTCTG-1,PB,-0.12320833057874611
MS,PB_16,ACGCCAGTCACCAGGC-1,PB,0.35667691714968175
MS,PB_16,ACGCCAGTCGACGGAA-1,PB,0.3073693571148521
MS,PB_16,ACGCCGAAGCTAGTGG-1,PB,0.862774338708357
MS,PB_16,ACGCCGAGTAAGAGGA-1,PB,-0.0383038950757227
MS,PB_16,ACGCCGATCTTGAGGT-1-1,PB,0.0855166900559883
MS,PB_16,ACGGAGAAGATGCGAC-1,PB,0.2575991723864947
MS,PB_16,ACGGAGAAGTGTACCT-1,PB,-0.023582749340700974
MS,PB_16,ACGGAGACAGTCACTA-1,PB,0.02829450798739239
MS,PB_16,ACGGAGAGTCTCTCTG-1,PB,0.3726939719860844
MS,PB_16,ACGGAGATCAGGCAAG-1,PB,-0.10773900726938412
MS,PB_16,ACGGCCACAAACTGCT-1,PB,0.6719398965171361
MS,PB_16,ACGGCCACACCGAAAG-1,PB,-0.062437900101745374
MS,PB_16,ACGGCCAGTTGATTCG-1,PB,0.15958965130812547
MS,PB_16,ACGGGCTCAATGAAAC-1-1,PB,0.15042944348856174
MS,PB_16,ACGGGCTTCAATCTCT-1,PB,0.16191447826100155
MS,PB_16,ACGGGTCAGTCCGTAT-1,PB,0.1864563899490823
MS,PB_16,ACGGGTCTCATACGGT-1,PB,0.7784341918009611
MS,PB_16,ACGGGTCTCCTGCTTG-1,PB,0.08209206688323752
MS,PB_16,ACGTCAAAGGATCGCA-1,PB,1.06798805609624
MS,PB_16,ACGTCAACATAGTAAG-1,PB,0.7848428674991039
MS,PB_16,ACGTCAAGTATCGCAT-1,PB,0.5231900367819854
MS,PB_16,ACGTCAAGTGTTTGTG-1,PB,0.49215387438515057
MS,PB_16,ACGTCAATCTTCGGTC-1,PB,0.510632259674936
MS,PB_16,ACTATCTAGAATTGTG-1,PB,-0.07837705970339882
MS,PB_16,ACTATCTCAATGAATG-1,PB,0.9423990851333162
MS,PB_16,ACTATCTGTCGCTTTC-1-1,PB,-0.1797736641789465
MS,PB_16,ACTATCTTCCACGTTC-1,PB,0.12094103857361511
MS,PB_16,ACTGAACCACAGAGGT-1,PB,-0.09278221690211431
MS,PB_16,ACTGAGTTCACTTCAT-1,PB,0.736743030826472
MS,PB_16,ACTGATGAGTGGAGTC-1,PB,0.41899765048823107
MS,PB_16,ACTGATGAGTTTCCTT-1,PB,-0.07168567056849144
MS,PB_16,ACTGATGCAAAGGCGT-1,PB,-0.1120411613461224
MS,PB_16,ACTGATGCATGAAGTA-1,PB,-0.04273494535183258
MS,PB_16,ACTGATGGTCTGCAAT-1-1,PB,0.29187933482753453
MS,PB_16,ACTGCTCAGATGAGAG-1,PB,-0.29792794834763775
MS,PB_16,ACTGTCCTCACGATGT-1,PB,-0.1537720362665893
MS,PB_16,ACTTACTAGTGTCCCG-1,PB,0.6060979315395784
MS,PB_16,ACTTACTCACCAGGTC-1,PB,0.3045151014030978
MS,PB_16,ACTTACTGTCTAAAGA-1,PB,-0.14128788093505304
MS,PB_16,ACTTGTTGTTATGCGT-1,PB,0.00022682310990042507
MS,PB_16,ACTTTCAAGAGCCTAG-1-1,PB,0.5312524306427087
MS,PB_16,ACTTTCATCAGCACAT-1,PB,0.43757184561142887
MS,PB_16,ACTTTCATCGACCAGC-1-1,PB,-0.06738777418783072
MS,PB_16,ACTTTCATCGATAGAA-1,PB,0.25251775227741663
MS,PB_16,AGAATAGAGCACGCCT-1,PB,0.20690948588512498
MS,PB_16,AGAATAGAGTACTTGC-1,PB,-0.03729222758091784
MS,PB_16,AGAATAGCATCACGAT-1,PB,0.16475241180913294
MS,PB_16,AGAATAGGTAAGTGTA-1,PB,0.6249594166995426
MS,PB_16,AGAATAGGTACGCTGC-1,PB,1.01886763121159
MS,PB_16,AGACGTTGTTAAGAAC-1,PB,0.6561231961840256
MS,PB_16,AGACGTTTCTTGAGAC-1,PB,0.2172987614861189
MS,PB_16,AGAGCGAAGACGCACA-1-2,PB,0.7001670035621196
MS,PB_16,AGAGCGAAGTCTTGCA-1,PB,0.2259165739034535
MS,PB_16,AGAGCGACAATGGAGC-1,PB,-0.19537278272304498
MS,PB_16,AGAGCGACACTGTGTA-1,PB,-0.19164146483805264
MS,PB_16,AGAGCGAGTTCGGGCT-1,PB,-0.11568049392170973
MS,PB_16,AGAGCGATCTCGGACG-1,PB,-0.17290116378252215
MS,PB_16,AGAGCTTCACAGAGGT-1,PB,-0.1417952496314869
MS,PB_16,AGAGCTTCACTTCGAA-1-1,PB,-0.1922803309265411
MS,PB_16,AGAGCTTTCTTCAACT-1,PB,-0.09811273762721037
MS,PB_16,AGAGTGGAGGCAATTA-1,PB,0.06760875492796636
MS,PB_16,AGAGTGGAGGCCATAG-1,PB,-0.19243810349516546
MS,PB_16,AGAGTGGCAGACAAAT-1,PB,0.012108947252701174
MS,PB_16,AGATCTGAGAAAGTGG-1-1,PB,-0.20640785291986444
MS,PB_16,AGATCTGAGCGTGAAC-1,PB,0.570803769665526
MS,PB_16,AGATCTGCACGGCCAT-1,PB,-0.07790832635565459
MS,PB_16,AGATCTGGTCGACTAT-1,PB,0.641439830223132
MS,PB_16,AGATCTGGTTACGGAG-1,PB,0.042754359666821194
MS,PB_16,AGATTGCAGAACTGTA-1,PB,-0.29792794834763775
MS,PB_16,AGATTGCAGACACTAA-1,PB,-0.08479263597243161
MS,PB_16,AGATTGCTCAACGCTA-1,PB,0.56753370442324
MS,PB_16,AGCAGCCAGACGCTTT-1,PB,-0.08782592275669206
MS,PB_16,AGCAGCCAGTTACCCA-1,PB,0.20099211564404032
MS,PB_16,AGCAGCCGTGATAAGT-1-1,PB,0.062308855524185795
MS,PB_16,AGCAGCCTCTACCTGC-1,PB,0.19243689143919204
MS,PB_16,AGCATACAGCCACCTG-1,PB,-0.07392603708915521
MS,PB_16,AGCATACAGGGTATCG-1,PB,-0.29792794834763775
MS,PB_16,AGCATACCAGGGTATG-1,PB,0.1463290434263548
MS,PB_16,AGCATACGTTCCCGAG-1,PB,0.25312617654671377
MS,PB_16,AGCATACTCTTGAGAC-1,PB,0.1666348872360985
MS,PB_16,AGCCTAACAGTATGCT-1,PB,0.5820359422465934
MS,PB_16,AGCCTAACATCTCCCA-1,PB,0.32685916883608795
MS,PB_16,AGCCTAAGTAAAGGAG-1,PB,0.6341195727405369
MS,PB_16,AGCCTAAGTAGCGCTC-1,PB,-0.08725878735033134
MS,PB_16,AGCCTAATCTCGTATT-1,PB,0.2909667888518839
MS,PB_16,AGCCTAATCTTATCTG-1,PB,0.536269700218941
MS,PB_16,AGCGGTCCATGGATGG-1,PB,0.020948389218222254
MS,PB_16,AGCGGTCGTCCGACGT-1,PB,0.1797657700450098
MS,PB_16,AGCGGTCGTCTTCAAG-1,PB,0.6968044726820085
MS,PB_16,AGCGGTCGTGTGCCTG-1-1,PB,-0.14834871075663728
MS,PB_16,AGCGGTCTCAGGCGAA-1,PB,-0.13113109576308554
MS,PB_16,AGCGTATCAATGGAAT-1,PB,-0.14097204129085453
MS,PB_16,AGCGTATCACGACGAA-1,PB,-0.29792794834763775
MS,PB_16,AGCGTATCAGGACCCT-1,PB,0.14178460783728555
MS,PB_16,AGCGTATGTCGAGATG-1,PB,0.6340114030618775
MS,PB_16,AGCGTATGTTTGCATG-1,PB,0.17999142483406047
MS,PB_16,AGCGTATTCAACGCTA-1,PB,0.14087999549081223
MS,PB_16,AGCGTATTCCCTCTTT-1,PB,0.6357460433695766
MS,PB_16,AGCTCCTAGGTGCTAG-1,PB,-0.1591442068537401
MS,PB_16,AGCTCTCAGAAGATTC-1,PB,0.19706673697327307
MS,PB_16,AGCTCTCAGTGCGATG-1,PB,0.22289976418884955
MS,PB_16,AGCTCTCCAGCCTATA-1,PB,0.03296490506433798
MS,PB_16,AGCTCTCGTGACGCCT-1,PB,-0.19906414815518228
MS,PB_16,AGCTCTCTCCAATGGT-1,PB,0.0006887141628473893
MS,PB_16,AGCTCTCTCGTTGCCT-1,PB,0.10158307658344899
MS,PB_16,AGCTTGAAGTGTTTGC-1,PB,-0.2126755046618189
MS,PB_16,AGCTTGACACATTCGA-1-2,PB,0.1362287850684086
MS,PB_16,AGCTTGACAGCTATTG-1,PB,-0.14438973152309487
MS,PB_16,AGCTTGAGTTGATTCG-1,PB,0.03903539697174172
MS,PB_16,AGCTTGATCGTCTGAA-1,PB,0.11849832668955365
MS,PB_16,AGGCCACGTCAGAATA-1,PB,-0.11733013303390387
MS,PB_16,AGGCCACTCAGCGACC-1-1,PB,0.15816394050703733
MS,PB_16,AGGCCACTCGATCCCT-1-1,PB,-0.04029416772680612
MS,PB_16,AGGCCGTAGCCCAACC-1,PB,0.7070394884685992
MS,PB_16,AGGCCGTGTTCCACAA-1,PB,1.0401979985272578
MS,PB_16,AGGCCGTTCCCGACTT-1,PB,0.5922102991284881
MS,PB_16,AGGCCGTTCCTATGTT-1,PB,0.2132350631231307
MS,PB_16,AGGGAGTTCCGCGGTA-1,PB,-0.07128106061061022
MS,PB_16,AGGGATGCACAGCGTC-1,PB,-0.14030473081438657
MS,PB_16,AGGGATGTCTGTACGA-1,PB,0.4474188700770586
MS,PB_16,AGGGTGAAGCACCGCT-1,PB,-0.02126268611856274
MS,PB_16,AGGGTGAAGTACGTAA-1,PB,-0.1308138720997846
MS,PB_16,AGGGTGACACGGCGTT-1,PB,0.16751058351922618
MS,PB_16,AGGGTGATCAAACCGT-1,PB,-0.08065179649600358
MS,PB_16,AGGTCATCACATCCGG-1,PB,0.024245079298380705
MS,PB_16,AGGTCATTCTAACGGT-1,PB,-0.14581272326753783
MS,PB_16,AGGTCCGAGCTGAACG-1,PB,0.5667066448422581
MS,PB_16,AGGTCCGCAAGCCTAT-1,PB,0.27359941822963657
MS,PB_16,AGTAGTCAGATGTAAC-1-1,PB,0.0840733322848622
MS,PB_16,AGTAGTCAGCTGAAAT-1,PB,0.21526090623245822
MS,PB_16,AGTAGTCGTTACGGAG-1,PB,-0.08659420303758503
MS,PB_16,AGTAGTCTCTCGAGTA-1,PB,0.4521588430523396
MS,PB_16,AGTCTTTAGAGCTATA-1,PB,0.6585694687758983
MS,PB_16,AGTGAGGAGTGGAGAA-1,PB,0.0982555475533182
MS,PB_16,AGTGAGGCATTCACTT-1,PB,0.05253620613425329
MS,PB_16,AGTGAGGGTACCTACA-1,PB,-0.062426269983243035
MS,PB_16,AGTGAGGGTTAAAGAC-1,PB,0.2061786772500016
MS,PB_16,AGTGGGAAGTCAATAG-1,PB,0.6941908947679295
MS,PB_16,AGTGGGAGTGGCTCCA-1,PB,0.32859541499079453
MS,PB_16,AGTGTCAAGGAATCGC-1,PB,0.2744162496931259
MS,PB_16,AGTGTCAAGGGCATGT-1,PB,0.4561165070345285
MS,PB_16,AGTGTCAAGTTAAGTG-1-1,PB,0.608549241559837
MS,PB_16,AGTGTCACAGACAAAT-1,PB,0.08327174019879038
MS,PB_16,AGTGTCAGTTCTGTTT-1,PB,0.2348474939161866
MS,PB_16,AGTGTCAGTTGCCTCT-1,PB,0.19100329792489434
MS,PB_16,ATAACGCCAGCTCGAC-1-1,PB,0.059295555374158516
MS,PB_16,ATAAGAGAGATCTGAA-1-1,PB,0.23658820572128356
MS,PB_16,ATAAGAGCACTCGACG-1,PB,0.30338424235912903
MS,PB_16,ATAAGAGCAGTTTACG-1,PB,0.18918003029317448
MS,PB_16,ATAAGAGGTACGCTGC-1,PB,0.6522425292419538
MS,PB_16,ATAAGAGGTCATTAGC-1,PB,-0.10237526489962614
MS,PB_16,ATAAGAGTCACAATGC-1,PB,1.1062093230572612
MS,PB_16,ATAAGAGTCAGGCCCA-1,PB,0.14773395375845916
MS,PB_16,ATAGACCCATCACAAC-1,PB,-0.06508355247081511
MS,PB_16,ATAGACCGTCGCGAAA-1,PB,0.3499421865847276
MS,PB_16,ATAGACCTCCGCGTTT-1,PB,0.5772804885107562
MS,PB_16,ATAGACCTCTCGCATC-1-1,PB,0.8336771893264888
MS,PB_16,ATCATCTCACCGCTAG-1,PB,-0.04839971635986882
MS,PB_16,ATCATCTGTATAGGGC-1,PB,0.44133220814021595
MS,PB_16,ATCATCTGTTGATTGC-1,PB,-0.1819677971909275
MS,PB_16,ATCATGGCACCTCGGA-1,PB,-0.07645025336134174
MS,PB_16,ATCATGGGTCTTTCAT-1,PB,0.17768320847694058
MS,PB_16,ATCCACCAGATGGCGT-1,PB,0.1865411489288392
MS,PB_16,ATCCACCCAGTTCCCT-1,PB,0.12606724014546167
MS,PB_16,ATCCACCCATCTGGTA-1,PB,0.4900551429002595
MS,PB_16,ATCCACCGTTCACGGC-1,PB,0.05197778608827845
MS,PB_16,ATCCGAAAGTTCCACA-1,PB,0.2791073367012981
MS,PB_16,ATCCGAACATCATCCC-1,PB,0.07037698101182045
MS,PB_16,ATCCGAAGTACGCTGC-1,PB,0.4814865735305537
MS,PB_16,ATCCGAAGTCTAGGTT-1,PB,0.25000114599654133
MS,PB_16,ATCCGAAGTCTTGTCC-1,PB,-0.07068827105395224
MS,PB_16,ATCCGAATCAGAAATG-1,PB,0.22602185286081397
MS,PB_16,ATCGAGTGTAAGGATT-1,PB,0.38142619757924645
MS,PB_16,ATCGAGTTCAACACGT-1,PB,0.2542184556641747
MS,PB_16,ATCTACTGTAAAGGAG-1,PB,0.7547358581511716
MS,PB_16,ATCTGCCAGAGGTTAT-1,PB,0.4947555489388426
MS,PB_16,ATCTGCCCAGACGCAA-1,PB,0.0816366277586478
MS,PB_16,ATCTGCCCATCTACGA-1,PB,0.08718509783648212
MS,PB_16,ATCTGCCGTAAGCACG-1,PB,-0.16511743242520271
MS,PB_16,ATCTGCCTCCGAGCCA-1,PB,0.09811526304574454
MS,PB_16,ATGAGGGAGTTGTCGT-1,PB,0.40019430933817307
MS,PB_16,ATGCGATTCTAACTTC-1,PB,-0.20873563757396954
MS,PB_16,ATGGGAGAGCCGATTT-1,PB,-0.14601289985741814
MS,PB_16,ATGGGAGAGTAGTGCG-1,PB,0.7604902429974256
MS,PB_16,ATGTGTGTCCGAAGAG-1,PB,0.14062529888790798
MS,PB_16,ATTATCCCATTGTGCA-1,PB,0.3836025687738071
MS,PB_16,ATTATCCTCGAATCCA-1,PB,0.2924104271928269
MS,PB_16,ATTCTACAGGAATCGC-1,PB,0.7595141848002205
MS,PB_16,ATTCTACGTAAGGGAA-1,PB,0.4359401490850009
MS,PB_16,ATTCTACTCAAGGTAA-1-1,PB,0.13515172752418114
MS,PB_16,ATTGGACAGCAATCTC-1,PB,-0.1321450073363604
MS,PB_16,ATTGGACAGTAGCGGT-1,PB,0.030743393608616047
MS,PB_16,ATTGGTGAGACCACGA-1,PB,-0.29792794834763775
MS,PB_16,ATTGGTGGTACTCGCG-1,PB,0.05672119351290833
MS,PB_16,ATTTCTGAGAGTACAT-1-1,PB,0.138615399838558
MS,PB_16,ATTTCTGGTCTTGCGG-1,PB,0.6186130615056146
MS,PB_16,ATTTCTGTCCGCATAA-1,PB,0.04228559958654708
MS,PB_16,CAACCAAAGCATGGCA-1,PB,-0.015359482148823878
MS,PB_16,CAACCAACAGATCCAT-1,PB,-0.29792794834763775
MS,PB_16,CAACCAACAGTATCTG-1,PB,0.11971502837774126
MS,PB_16,CAACCAAGTCTTCGTC-1,PB,-0.12616219654762864
MS,PB_16,CAACCAATCCACGAAT-1,PB,-0.023080876541628714
MS,PB_16,CAACCTCAGTGACATA-1,PB,0.910951195576103
MS,PB_16,CAACCTCCATCTACGA-1,PB,-0.10845917242495494
MS,PB_16,CAACCTCCATGAGCGA-1,PB,-0.29792794834763775
MS,PB_16,CAACTAGCAGGCTCAC-1,PB,0.009783397746509145
MS,PB_16,CAACTAGGTCATTAGC-1-1,PB,0.12059547045852094
MS,PB_16,CAACTAGTCCAGAGGA-1,PB,0.7008871763750414
MS,PB_16,CAAGAAAAGAGTGACC-1,PB,-0.022169677861665644
MS,PB_16,CAAGAAAAGCAACGGT-1,PB,-0.29792794834763775
MS,PB_16,CAAGAAAAGCTAGTGG-1,PB,0.8113330067919391
MS,PB_16,CAAGAAAAGCTGAACG-1,PB,0.23675992565210618
MS,PB_16,CAAGAAACAAGGACAC-1,PB,0.5414982142209032
MS,PB_16,CAAGATCAGTATTGGA-1,PB,0.18792662297196733
MS,PB_16,CAAGATCGTCATTAGC-1,PB,0.03378763127654717
MS,PB_16,CAAGATCGTCCCTACT-1,PB,0.5993857508065006
MS,PB_16,CAAGGCCAGAACTCGG-1-1,PB,0.7716075179398033
MS,PB_16,CAAGGCCCAGGGATTG-1,PB,-0.12033678293644019
MS,PB_16,CAAGGCCGTACATCCA-1,PB,0.32973559003283165
MS,PB_16,CAAGGCCGTCTCACCT-1,PB,0.08517590280107999
MS,PB_16,CAAGGCCGTTACGCGC-1,PB,0.17003295163220003
MS,PB_16,CAAGTTGAGTGTACTC-1,PB,-0.19556958356907553
MS,PB_16,CAAGTTGCAAGGCTCC-1,PB,0.4569974199264058
MS,PB_16,CACAAACCATGTAGTC-1,PB,0.24787003848347391
MS,PB_16,CACAAACCATTGTGCA-1,PB,-0.16260800657719882
MS,PB_16,CACAAACGTAGTACCT-1,PB,0.897151745485934
MS,PB_16,CACAAACGTCAATGTC-1,PB,-0.18180319618112667
MS,PB_16,CACAAACGTGTCGCTG-1-1,PB,0.6328892164403345
MS,PB_16,CACACAAAGAGCAATT-1,PB,-0.03068615183899499
MS,PB_16,CACACAAAGAGGTTGC-1,PB,0.49616345117937993
MS,PB_16,CACACAACAGAGCCAA-1,PB,0.18544501177149567
MS,PB_16,CACACCTGTCCTGCTT-1,PB,0.30585023056250005
MS,PB_16,CACACCTGTTGGAGGT-1,PB,-0.15673137160941078
MS,PB_16,CACACCTTCGTTACAG-1,PB,-0.29792794834763775
MS,PB_16,CACACTCGTGGAAAGA-1,PB,0.09310375984025342
MS,PB_16,CACACTCTCGCCGTGA-1,PB,0.22255418169544697
MS,PB_16,CACAGGCAGGGTCTCC-1,PB,-0.12642095392733357
MS,PB_16,CACAGGCAGTCATGCT-1,PB,-0.17534113576212954
MS,PB_16,CACAGGCAGTGCAAGC-1,PB,-0.00566905940396824
MS,PB_16,CACAGTAAGCGTGTCC-1,PB,-0.06664420961164456
MS,PB_16,CACAGTAGTCAGATAA-1-1,PB,0.2693190864705834
MS,PB_16,CACAGTAGTGATGTCT-1-1,PB,0.7680416929541802
MS,PB_16,CACATTTAGACTTTCG-1-1,PB,0.11972644157675605
MS,PB_16,CACCACTAGCTTCGCG-1-1,PB,0.3321714396201161
MS,PB_16,CACCACTCAGGTGGAT-1,PB,0.024270490003750516
MS,PB_16,CACCACTTCGCGATCG-1,PB,-0.19786699746038305
MS,PB_16,CACCACTTCTAGAGTC-1-1,PB,0.0008572535233397469
MS,PB_16,CACCAGGAGAAGCCCA-1,PB,-0.29792794834763775
MS,PB_16,CACCAGGAGACAAAGG-1,PB,0.3489357503573234
MS,PB_16,CACCAGGAGTCTCAAC-1,PB,0.4028251810972188
MS,PB_16,CACCAGGCACCTTGTC-1,PB,-0.29792794834763775
MS,PB_16,CACCAGGGTGGTCCGT-1,PB,0.276395960175232
MS,PB_16,CACCAGGTCGCAGGCT-1-1,PB,0.8407300195497049
MS,PB_16,CACCTTGAGTTTCCTT-1,PB,0.7344916776175985
MS,PB_16,CACCTTGTCATAGCAC-1,PB,0.11679067353009229
MS,PB_16,CACCTTGTCCAAGTAC-1,PB,0.4688483713411856
MS,PB_16,CACTCCAGTTAAAGAC-1,PB,0.01797600533290852
MS,PB_16,CACTCCAGTTAAGATG-1-1,PB,0.46797687386313874
MS,PB_16,CAGAATCAGTCGCCGT-1,PB,0.059155365136817094
MS,PB_16,CAGAATCCACGTAAGG-1,PB,-0.09481558579429394
MS,PB_16,CAGAATCGTGGCTCCA-1,PB,0.06508555974581753
MS,PB_16,CAGAATCGTTACGTCA-1-2,PB,0.8690936994109147
MS,PB_16,CAGAATCTCCTAGGGC-1-1,PB,0.03898635029353079
MS,PB_16,CAGAGAGCAGGGCATA-1,PB,0.15442666990156262
MS,PB_16,CAGAGAGGTCAAAGCG-1,PB,0.8500644604175537
MS,PB_16,CAGAGAGTCACTGGGC-1,PB,0.27620554641501066
MS,PB_16,CAGAGAGTCCGCATCT-1,PB,0.9933806623818281
MS,PB_16,CAGAGAGTCCGCGCAA-1,PB,-0.1047830205495075
MS,PB_16,CAGATCAAGACTGGGT-1,PB,0.4732809324245854
MS,PB_16,CAGATCAGTTGAGTTC-1,PB,0.8251916757826132
MS,PB_16,CAGCAGCCAATGTTGC-1,PB,0.6819535329401332
MS,PB_16,CAGCAGCGTATTCTCT-1,PB,0.100807530249735
MS,PB_16,CAGCAGCTCTTTAGGG-1,PB,0.9044732713070273
MS,PB_16,CAGCATAAGCCCAACC-1-2,PB,-0.07196928075214817
MS,PB_16,CAGCATAGTTCTCATT-1,PB,0.22729092409240728
MS,PB_16,CAGCATATCAGCAACT-1,PB,0.30588099019256626
MS,PB_16,CAGCATATCCCTAATT-1,PB,0.5926642533772976
MS,PB_16,CAGCCGAGTGATGTGG-1,PB,-0.023045010720832877
MS,PB_16,CAGCGACCATAAGACA-1,PB,-0.14575153582519246
MS,PB_16,CAGCTAAAGGCTAGCA-1,PB,-0.10824351821927365
MS,PB_16,CAGCTAAGTCGGCATC-1,PB,0.01493579321567746
MS,PB_16,CAGCTAATCACTTCAT-1,PB,0.9237818710936622
MS,PB_16,CAGCTAATCGGTCCGA-1,PB,0.8551490653057615
MS,PB_16,CAGCTGGCAAGCGTAG-1,PB,-0.1592406090777417
MS,PB_16,CAGCTGGGTTTAAGCC-1,PB,-0.11723494073213701
MS,PB_16,CAGGTGCGTTGTGGCC-1,PB,-0.12721281972893037
MS,PB_16,CAGTAACAGCGATATA-1,PB,0.40150979028444883
MS,PB_16,CAGTCCTAGCCAGTTT-1,PB,-0.21366634972436285
MS,PB_16,CAGTCCTCATCACGAT-1,PB,-0.023770487836411953
MS,PB_16,CAGTCCTGTCGCATAT-1,PB,0.00520520735947015
MS,PB_16,CATATGGAGTTGAGAT-1,PB,0.3236624308950003
MS,PB_16,CATATGGTCGTCGTTC-1,PB,0.017673783001332908
MS,PB_16,CATATTCTCACAATGC-1,PB,0.11468267189687209
MS,PB_16,CATATTCTCATTGCGA-1,PB,0.19824533172883216
MS,PB_16,CATCAAGAGTCCCACG-1,PB,0.026782708560794177
MS,PB_16,CATCAAGTCTCGTATT-1,PB,0.6150732764157256
MS,PB_16,CATCAGAAGAGGACGG-1,PB,-0.10221199626158725
MS,PB_16,CATCAGACAGATGAGC-1,PB,0.2851615721550595
MS,PB_16,CATCAGACATCCTTGC-1,PB,0.12190103263288024
MS,PB_16,CATCAGATCTGCAGTA-1,PB,-0.16606697876973556
MS,PB_16,CATCCACCAGACGCTC-1,PB,0.04763368739074313
MS,PB_16,CATCCACGTGCTAGCC-1,PB,0.024705815885095978
MS,PB_16,CATCGAAGTAAACCTC-1,PB,0.01338950156774979
MS,PB_16,CATCGAATCCCTAACC-1,PB,0.3044516036888138
MS,PB_16,CATCGAATCCGAGCCA-1,PB,0.9879821092801085
MS,PB_16,CATCGGGAGATGCCAG-1,PB,0.5380097979913112
MS,PB_16,CATCGGGCATCCGCGA-1,PB,-0.007138478170049526
MS,PB_16,CATCGGGTCTAGAGTC-1,PB,0.15683294334976944
MS,PB_16,CATCGGGTCTCTGCTG-1,PB,0.03683063431973654
MS,PB_16,CATGACAAGGCTCAGA-1,PB,-0.1127947181364466
MS,PB_16,CATGACACAGTCGATT-1,PB,-0.13628203366208935
MS,PB_16,CATGCCTCAACAACCT-1,PB,0.18670542376456528
MS,PB_16,CATGCCTCAAGCCGCT-1,PB,0.22764938752305092
MS,PB_16,CATGCCTTCTCGATGA-1,PB,0.6385444153297518
MS,PB_16,CATGGCGCAAGTCATC-1,PB,-0.1324849706227925
MS,PB_16,CATGGCGCACGCGAAA-1,PB,0.42509260187307313
MS,PB_16,CATGGCGGTACCGTAT-1,PB,0.5726556758101983
MS,PB_16,CATTATCAGCAGCCTC-1,PB,-0.19275717211214793
MS,PB_16,CATTATCCAGATCGGA-1,PB,0.688209117678654
MS,PB_16,CATTATCCAGTCCTTC-1,PB,0.6151435460641208
MS,PB_16,CATTATCGTACGCTGC-1,PB,-0.02722657475916391
MS,PB_16,CATTCGCAGATCTGCT-1,PB,0.5661713540008577
MS,PB_16,CATTCGCCATGTCGAT-1,PB,0.401913545357612
MS,PB_16,CATTCGCTCCGTCAAA-1,PB,0.035736879479124795
MS,PB_16,CATTCGCTCGCGATCG-1,PB,-0.29792794834763775
MS,PB_16,CCAATCCCACGGACAA-1,PB,0.1266748940060847
MS,PB_16,CCAATCCCATCTCGCT-1,PB,1.0677711871657454
MS,PB_16,CCAATCCTCAGTGCAT-1,PB,-0.015157403190272247
MS,PB_16,CCACCTAGTCGACTAT-1,PB,0.3874046285203117
MS,PB_16,CCACCTATCTAACCGA-1,PB,0.5415273007001223
MS,PB_16,CCACGGATCCAAAGTC-1-1,PB,0.2087526954956049
MS,PB_16,CCACGGATCGGATGTT-1,PB,0.08502013811461916
MS,PB_16,CCACTACGTACAGCAG-1,PB,0.08896675931967822
MS,PB_16,CCACTACGTATTCTCT-1,PB,-0.06476787212732947
MS,PB_16,CCACTACTCGCTTGTC-1,PB,0.040754279610453414
MS,PB_16,CCAGCGAAGAAAGTGG-1,PB,0.14732866592670862
MS,PB_16,CCAGCGACATCGGGTC-1,PB,0.6861416526058273
MS,PB_16,CCAGCGAGTCTCAACA-1,PB,-0.0483144761612422
MS,PB_16,CCATGTCAGCGGCTTC-1,PB,0.8194937576938716
MS,PB_16,CCATGTCCAAGCCTAT-1,PB,-0.049794000881374235
MS,PB_16,CCATGTCCAAGCGAGT-1-1,PB,-0.29792794834763775
MS,PB_16,CCATGTCCAATAGCAA-1,PB,0.06680434182633076
MS,PB_16,CCATGTCCACGACGAA-1,PB,-0.06559705769033411
MS,PB_16,CCATGTCGTCTCTCGT-1,PB,-0.12127597145400136
MS,PB_16,CCATGTCGTTCCGGCA-1,PB,-0.028144800101048768
MS,PB_16,CCATGTCGTTGACGTT-1,PB,0.13569368883070979
MS,PB_16,CCATGTCTCTGCGACG-1,PB,0.2810577456833017
MS,PB_16,CCATTCGCAGTGAGTG-1,PB,-0.028601885157029265
MS,PB_16,CCATTCGGTGAACCTT-1,PB,0.4428575977681243
MS,PB_16,CCATTCGTCGAACTGT-1,PB,0.8148999860582896
MS,PB_16,CCATTCGTCGTGGACC-1,PB,0.007343004876188862
MS,PB_16,CCCAATCAGGAGTCTG-1,PB,0.5180481268947444
MS,PB_16,CCCAATCAGGTAGCCA-1,PB,0.22326092033316583
MS,PB_16,CCCAGTTAGAAGGTGA-1,PB,0.08581827294869217
MS,PB_16,CCCAGTTAGTTGTCGT-1-1,PB,0.4503144504914919
MS,PB_16,CCCAGTTGTGCTAGCC-1,PB,0.3256397527653552
MS,PB_16,CCCATACAGAAACGAG-1,PB,0.5682367443921378
MS,PB_16,CCCATACTCGTATCAG-1,PB,0.4571219008163494
MS,PB_16,CCCTCCTAGACCCACC-1,PB,0.5613100544817176
MS,PB_16,CCCTCCTGTCGAATCT-1,PB,0.09001028080664421
MS,PB_16,CCGGGATAGGTGTTAA-1,PB,0.4258630945203689
MS,PB_16,CCGGTAGGTCCTAGCG-1,PB,-0.007080088254409795
MS,PB_16,CCGGTAGTCGAGAGCA-1,PB,-0.138432705880764
MS,PB_16,CCGTGGAAGCCCAACC-1,PB,0.955651238779022
MS,PB_16,CCGTGGAAGTGAAGAG-1,PB,0.294725183503942
MS,PB_16,CCGTGGACATCCTTGC-1,PB,-0.11890532493616615
MS,PB_16,CCGTGGAGTTCAACCA-1,PB,-0.07261766935342809
MS,PB_16,CCGTTCACATGTAAGA-1,PB,-0.1276531361390802
MS,PB_16,CCTAAAGGTCTGCCAG-1,PB,-0.21725200645259074
MS,PB_16,CCTACACAGTTCGCAT-1,PB,-0.009116867197086478
MS,PB_16,CCTACACCACCTCGTT-1,PB,-0.05246167269853791
MS,PB_16,CCTACACGTCTAAAGA-1,PB,-0.14239957821675284
MS,PB_16,CCTACACGTGCAGTAG-1,PB,-0.2103980251873106
MS,PB_16,CCTACACGTTATCCGA-1-1,PB,0.6677225842756884
MS,PB_16,CCTACACTCATAACCG-1,PB,0.1742670406842666
MS,PB_16,CCTACCAAGACTAGGC-1,PB,-0.16418497830119308
MS,PB_16,CCTACCAAGGACAGAA-1,PB,-0.29792794834763775
MS,PB_16,CCTACCAAGGAGCGTT-1,PB,-0.03654930909015624
MS,PB_16,CCTACCAGTGGACGAT-1-1,PB,-0.12316131346733934
MS,PB_16,CCTAGCTAGTGTTGAA-1,PB,0.4464523979417429
MS,PB_16,CCTAGCTGTCCAACTA-1,PB,0.40346559679763744
MS,PB_16,CCTATTAAGACCCACC-1,PB,-0.22079049109265406
MS,PB_16,CCTATTAAGTTCGCAT-1,PB,-0.1164664790722535
MS,PB_16,CCTATTACACACCGAC-1,PB,0.06379624662191237
MS,PB_16,CCTATTAGTTTAGGAA-1,PB,0.3517607281296282
MS,PB_16,CCTCTGAAGCTAGTCT-1-1,PB,0.10411179507662724
MS,PB_16,CCTCTGACAAACGTGG-1,PB,-0.0653029755706351
MS,PB_16,CCTCTGACAATCACAC-1,PB,0.09005459297947925
MS,PB_16,CCTCTGAGTATAATGG-1,PB,0.440749781298801
MS,PB_16,CCTCTGAGTTACTGAC-1,PB,0.2509746000042195
MS,PB_16,CCTCTGATCCCTTGCA-1,PB,0.8469667710711336
MS,PB_16,CCTTACGGTACGAAAT-1,PB,-0.2565227296389932
MS,PB_16,CCTTACGGTTACGTCA-1,PB,0.6691215916223718
MS,PB_16,CCTTCCCAGAGCAATT-1-1,PB,0.29993315813256255
MS,PB_16,CCTTCCCAGGCACATG-1,PB,-0.0278473497602092
MS,PB_16,CCTTCCCCATTAGCCA-1,PB,-0.0328089414391028
MS,PB_16,CCTTCGATCGCATGAT-1,PB,0.2469255860044796
MS,PB_16,CCTTCGATCTACCAGA-1,PB,0.3690267790597933
MS,PB_16,CCTTTCTCACACAGAG-1,PB,0.15299794187013843
MS,PB_16,CCTTTCTGTCTAGCCG-1,PB,0.11811132843562076
MS,PB_16,CCTTTCTGTGAGCGAT-1-1,PB,0.21622120233176306
MS,PB_16,CCTTTCTTCAGAAATG-1,PB,0.37420786449808185
MS,PB_16,CGAACATGTACTCTCC-1,PB,-0.13408654943143286
MS,PB_16,CGAACATGTTAAGGGC-1-1,PB,0.34585006073547186
MS,PB_16,CGAATGTCAAATCCGT-1,PB,0.8780763789628006
MS,PB_16,CGACCTTAGTCATGCT-1,PB,0.30004866668141883
MS,PB_16,CGACCTTAGTGCAAGC-1,PB,0.12426995559067443
MS,PB_16,CGACCTTCATGGTCTA-1,PB,0.3139354635362016
MS,PB_16,CGACCTTGTCGTTGTA-1,PB,0.07940843807451008
MS,PB_16,CGACCTTTCCGAGCCA-1,PB,-0.08431677479845345
MS,PB_16,CGACTTCAGATCCGAG-1,PB,0.6647052402527438
MS,PB_16,CGACTTCAGTCTTGCA-1,PB,0.21677029188100574
MS,PB_16,CGACTTCCAATACGCT-1,PB,-0.16250111606169246
MS,PB_16,CGACTTCCAGATCGGA-1,PB,0.01706073586952569
MS,PB_16,CGACTTCGTCACAAGG-1,PB,0.954097330826567
MS,PB_16,CGACTTCTCCAAAGTC-1,PB,0.3121861052054796
MS,PB_16,CGAGAAGTCGAATGGG-1,PB,0.08576250272813224
MS,PB_16,CGAGAAGTCTGCAAGT-1,PB,0.135710894627517
MS,PB_16,CGAGCACAGAACAACT-1,PB,-0.00862099027996043
MS,PB_16,CGAGCACAGGACAGCT-1,PB,0.08424487817638855
MS,PB_16,CGAGCACCATGCAACT-1,PB,0.7082458835226181
MS,PB_16,CGAGCACTCAGTTTGG-1,PB,-0.017227723607479477
MS,PB_16,CGAGCCACATCCCACT-1,PB,0.604168250674746
MS,PB_16,CGAGCCACATCGTCGG-1,PB,0.13114856223248456
MS,PB_16,CGAGCCAGTCATGCCG-1,PB,-0.035706797838975006
MS,PB_16,CGATGGCAGGAGCGAG-1,PB,0.2810159369158588
MS,PB_16,CGATGGCCACTTGGAT-1,PB,-0.29792794834763775
MS,PB_16,CGATGTAAGCATCATC-1,PB,0.4531290300208236
MS,PB_16,CGATGTACATTCCTGC-1,PB,0.31388416816723247
MS,PB_16,CGATGTATCCTAGTGA-1,PB,0.06781262533329194
MS,PB_16,CGATGTATCGTACGGC-1,PB,0.03641924451097646
MS,PB_16,CGATTGAAGGATGGTC-1,PB,0.7269356959107139
MS,PB_16,CGATTGAAGGCTCTTA-1,PB,0.3080937098254682
MS,PB_16,CGATTGAGTTAAGGGC-1,PB,0.15685278209047107
MS,PB_16,CGATTGATCATGTAGC-1,PB,0.4117606596558053
MS,PB_16,CGCCAAGAGATCCCGC-1,PB,0.835476922165916
MS,PB_16,CGCCAAGAGGTGTGGT-1,PB,0.13234717094093798
MS,PB_16,CGCCAAGCAAAGCAAT-1,PB,0.016183867782379124
MS,PB_16,CGCCAAGCAGACGCCT-1,PB,0.45863973199719116
MS,PB_16,CGCCAAGCAGGCAGTA-1,PB,-0.03423479452812261
MS,PB_16,CGCCAAGGTGTGTGCC-1,PB,0.14777496194302145
MS,PB_16,CGCCAAGTCCTCCTAG-1,PB,0.03625366738587603
MS,PB_16,CGCGGTAAGTGACATA-1,PB,0.43419912262294147
MS,PB_16,CGCGGTAGTTGACGTT-1,PB,0.2074491811770189
MS,PB_16,CGCGTTTGTCTTGTCC-1,PB,0.48716981034541706
MS,PB_16,CGCGTTTTCAGAGGTG-1,PB,-0.14829414570471497
MS,PB_16,CGCGTTTTCATGTGGT-1,PB,0.297188106955485
MS,PB_16,CGCTATCCAAAGCAAT-1,PB,0.32108283773202384
MS,PB_16,CGCTATCCAATGGAAT-1-1,PB,0.5643482342603865
MS,PB_16,CGCTATCCATTGAGCT-1-1,PB,0.10415165692438554
MS,PB_16,CGCTATCGTTCCACGG-1,PB,-0.29792794834763775
MS,PB_16,CGCTGGAGTATTCGTG-1-2,PB,0.1967925298305441
MS,PB_16,CGCTGGATCATTGCCC-1,PB,0.08484297504188008
MS,PB_16,CGCTTCAAGAACTCGG-1,PB,-0.07544935220567688
MS,PB_16,CGCTTCACAATCGGTT-1,PB,-0.11521455261073142
MS,PB_16,CGCTTCACACATGTGT-1,PB,0.3583456821997984
MS,PB_16,CGCTTCACACATTCGA-1,PB,0.5123452103412272
MS,PB_16,CGCTTCATCAGCGACC-1,PB,0.05181598595070176
MS,PB_16,CGCTTCATCATTTGGG-1,PB,0.05743859003832146
MS,PB_16,CGGACACAGCGCCTTG-1,PB,-0.29792794834763775
MS,PB_16,CGGACACAGCTGGAAC-1,PB,0.1292869297110493
MS,PB_16,CGGACACAGGAGTTGC-1,PB,-0.17470566804038987
MS,PB_16,CGGACACGTCCCTACT-1,PB,0.16989778340974984
MS,PB_16,CGGACGTGTTCACCTC-1,PB,0.863287967668856
MS,PB_16,CGGACGTGTTGCGTTA-1,PB,-0.29792794834763775
MS,PB_16,CGGACTGCAAAGGAAG-1,PB,-0.09358948000192073
MS,PB_16,CGGAGCTAGGCTCATT-1,PB,-0.16085222434013757
MS,PB_16,CGGAGCTGTACTCTCC-1,PB,-0.09798799906606474
MS,PB_16,CGGAGCTGTGCAGTAG-1-1,PB,-0.29792794834763775
MS,PB_16,CGGAGCTGTTATCCGA-1,PB,-0.03726522664823038
MS,PB_16,CGGAGTCGTGACGGTA-1,PB,-0.15660962018231017
MS,PB_16,CGGAGTCTCCGCTGTT-1,PB,0.6574938089148857
MS,PB_16,CGGCTAGAGACCGGAT-1,PB,0.12259604778569057
MS,PB_16,CGGCTAGAGTACACCT-1,PB,-0.29792794834763775
MS,PB_16,CGGCTAGGTTCCGGCA-1,PB,0.2792246321004535
MS,PB_16,CGGCTAGTCTTCAACT-1,PB,1.0393680860326189
MS,PB_16,CGGGTCAAGGGAGTAA-1,PB,0.3861989280643324
MS,PB_16,CGGGTCACACCTCGTT-1,PB,0.6574415767360788
MS,PB_16,CGGGTCAGTCGAGTTT-1,PB,-0.031185514443076916
MS,PB_16,CGGGTCAGTTGGTAAA-1-1,PB,0.3725338997782122
MS,PB_16,CGGTTAACAGGGATTG-1,PB,0.36240652827008807
MS,PB_16,CGGTTAAGTCCCGACA-1-1,PB,-0.008706245893647015
MS,PB_16,CGGTTAATCTTCCTTC-1,PB,0.11568205078662623
MS,PB_16,CGTAGGCAGTGGCACA-1,PB,0.1654043623731523
MS,PB_16,CGTAGGCCACTGTGTA-1,PB,-0.13709665811399083
MS,PB_16,CGTAGGCCATTAGCCA-1,PB,0.18736372265184711
MS,PB_16,CGTAGGCGTACTTGAC-1,PB,-0.0007464660223442308
MS,PB_16,CGTAGGCGTTACAGAA-1,PB,-0.20429470590168203
MS,PB_16,CGTCACTAGGGTGTTG-1,PB,0.676265441507728
MS,PB_16,CGTCAGGCATACGCCG-1,PB,0.26917463205206954
MS,PB_16,CGTCAGGGTAAGAGAG-1,PB,0.043865051827552015
MS,PB_16,CGTCAGGGTCAGGACA-1,PB,0.04884176119148097
MS,PB_16,CGTCAGGTCCCTTGCA-1,PB,-0.015857404171820855
MS,PB_16,CGTCCATAGGGCTTCC-1-1,PB,0.5364401190363403
MS,PB_16,CGTCCATTCCACGTGG-1,PB,-0.1614332368299641
MS,PB_16,CGTCCATTCCCATTAT-1,PB,1.0148111286191654
MS,PB_16,CGTCTACAGCACCGTC-1,PB,0.0563374578414482
MS,PB_16,CGTCTACCACGAGGTA-1,PB,0.12790733460846518
MS,PB_16,CGTGAGCAGTGCTGCC-1-1,PB,0.003449005130138191
MS,PB_16,CGTGAGCCAAGGCTCC-1,PB,-0.13291629462313714
MS,PB_16,CGTGAGCCACTCAGGC-1,PB,0.6734746675394584
MS,PB_16,CGTGAGCGTATCAGTC-1,PB,0.10533979081484308
MS,PB_16,CGTTAGAAGCCGATTT-1,PB,0.4235413085474495
MS,PB_16,CGTTAGAAGTCCGTAT-1-1,PB,-0.29792794834763775
MS,PB_16,CGTTAGACAAGCGCTC-1,PB,0.6111290553137251
MS,PB_16,CGTTAGACACAACTGT-1,PB,-0.11430238769697354
MS,PB_16,CGTTAGACATGTAGTC-1,PB,0.11003309572441412
MS,PB_16,CGTTAGATCTACTATC-1,PB,0.5775129764926821
MS,PB_16,CGTTAGATCTTATCTG-1,PB,0.5293782972832441
MS,PB_16,CGTTCTGAGCAATCTC-1,PB,-0.04220596928975454
MS,PB_16,CGTTCTGGTACGACCC-1,PB,0.21455117802926463
MS,PB_16,CGTTCTGTCAGTACGT-1,PB,1.1508492706309816
MS,PB_16,CGTTGGGGTACCAGTT-1,PB,-0.04739926637343988
MS,PB_16,CGTTGGGTCGCTAGCG-1,PB,-0.29792794834763775
MS,PB_16,CGTTGGGTCTCGTTTA-1,PB,-0.04037229415861204
MS,PB_16,CTAACTTAGATGCCAG-1,PB,-0.009450447632583823
MS,PB_16,CTAACTTAGATGTCGG-1,PB,-0.1205856665930793
MS,PB_16,CTAACTTCAGATGGCA-1,PB,-0.0317155758924688
MS,PB_16,CTAACTTCATGCCCGA-1,PB,0.2557494169767854
MS,PB_16,CTAAGACCACCGAATT-1,PB,0.8375137839534623
MS,PB_16,CTAATGGTCGGAAACG-1,PB,0.44838823643805353
MS,PB_16,CTACACCAGACTAGGC-1,PB,-0.15734543485678068
MS,PB_16,CTACACCAGAGGGATA-1,PB,0.2530177070562353
MS,PB_16,CTACACCAGATGTGGC-1,PB,-0.1957375936083925
MS,PB_16,CTACATTCATTAACCG-1,PB,-0.21509360571443917
MS,PB_16,CTACCCAAGCCAGTTT-1,PB,-0.29792794834763775
MS,PB_16,CTACCCAGTCAATACC-1,PB,0.21179013105609887
MS,PB_16,CTACGTCCAGGTGCCT-1,PB,0.8283636034373362
MS,PB_16,CTACGTCGTTAGGGTG-1,PB,-0.29792794834763775
MS,PB_16,CTACGTCTCCAAAGTC-1,PB,0.2945793521378816
MS,PB_16,CTAGAGTAGTACATGA-1,PB,-0.13170592198064207
MS,PB_16,CTAGAGTCATTGCGGC-1,PB,0.9512015002588824
MS,PB_16,CTAGCCTAGAAGATTC-1,PB,-0.29792794834763775
MS,PB_16,CTAGCCTAGCGTGAAC-1-1,PB,-0.29792794834763775
MS,PB_16,CTAGCCTAGTGTCCCG-1,PB,0.30811417308723016
MS,PB_16,CTAGTGAAGCTAGCCC-1,PB,-0.13987187615875651
MS,PB_16,CTAGTGAGTAGGCTGA-1,PB,0.4396926389109175
MS,PB_16,CTAGTGATCCTTGCCA-1,PB,0.4076130450562162
MS,PB_16,CTCACACCAAGCCTAT-1,PB,-0.06201977234231891
MS,PB_16,CTCACACTCGGTTAAC-1,PB,0.30282235178113776
MS,PB_16,CTCAGAAAGAGACGAA-1-1,PB,0.5982091021174494
MS,PB_16,CTCAGAACACTACAGT-1,PB,-0.29792794834763775
MS,PB_16,CTCAGAACACTCAGGC-1,PB,-0.1698045755738168
MS,PB_16,CTCATTACAGCTGCTG-1,PB,0.8995424295967683
MS,PB_16,CTCCTAGAGTGTACCT-1,PB,-0.06634387106692329
MS,PB_16,CTCCTAGGTCAGAAGC-1,PB,0.8220421833087234
MS,PB_16,CTCGAAAGTATTAGCC-1,PB,0.03777853240206298
MS,PB_16,CTCGAGGAGCGCCTTG-1,PB,-0.1206989927444003
MS,PB_16,CTCGAGGCATCCGGGT-1,PB,0.23572015837506674
MS,PB_16,CTCGAGGGTAGGAGTC-1,PB,-0.09365528159683344
MS,PB_16,CTCGGAGAGCCGCCTA-1,PB,0.34157015136469926
MS,PB_16,CTCGGAGAGTATCGAA-1,PB,0.43885960521227646
MS,PB_16,CTCGGAGGTACCGTTA-1,PB,0.21513948124483298
MS,PB_16,CTCGGGAAGCCTCGTG-1,PB,0.6583307108640254
MS,PB_16,CTCGGGAGTGACCAAG-1,PB,0.2675540287363422
MS,PB_16,CTCGTACCAAGAGGCT-1-1,PB,0.462826617781731
MS,PB_16,CTCGTACTCGGCGCAT-1,PB,-0.29792794834763775
MS,PB_16,CTCGTACTCTGCAGTA-1,PB,0.6465809937413203
MS,PB_16,CTCGTCAAGGACACCA-1,PB,0.1244251314766344
MS,PB_16,CTCGTCACATTGCGGC-1,PB,-0.05036370861235771
MS,PB_16,CTCGTCAGTACCGAGA-1,PB,0.09332689360660343
MS,PB_16,CTCTAATAGGCAGTCA-1,PB,-0.2133710806638797
MS,PB_16,CTCTGGTAGGGATCTG-1,PB,0.6580868861773725
MS,PB_16,CTCTGGTTCGTAGGAG-1,PB,0.5007466245679923
MS,PB_16,CTCTGGTTCTCTAAGG-1,PB,0.5974384279575632
MS,PB_16,CTGAAACAGTGGGATC-1,PB,0.3134675528323129
MS,PB_16,CTGAAACAGTGGTCCC-1,PB,0.8637909470923306
MS,PB_16,CTGAAACAGTGTCCCG-1,PB,-0.07883823285655597
MS,PB_16,CTGAAACTCCAAGCCG-1,PB,-0.07263437497562557
MS,PB_16,CTGAAGTCAATGAAAC-1-1,PB,-0.29792794834763775
MS,PB_16,CTGAAGTCAGCTCGCA-1,PB,0.19071412997521073
MS,PB_16,CTGATAGAGATAGCAT-1,PB,-0.29792794834763775
MS,PB_16,CTGATAGAGTTTAGGA-1,PB,-0.17026406728916085
MS,PB_16,CTGATAGGTATTCTCT-1,PB,0.0009293875451797939
MS,PB_16,CTGATAGGTTGCCTCT-1,PB,0.9343627319224933
MS,PB_16,CTGATCCAGTTAACGA-1,PB,-0.13517973208739806
MS,PB_16,CTGATCCCATGCTAGT-1,PB,0.46218335232061875
MS,PB_16,CTGATCCCATTGAGCT-1,PB,-0.03177729800216793
MS,PB_16,CTGCCTAGTCTCTCGT-1,PB,0.48763368645400584
MS,PB_16,CTGCGGACAGATGAGC-1,PB,-0.29792794834763775
MS,PB_16,CTGCGGACATCACAAC-1,PB,-0.08175199519102762
MS,PB_16,CTGCGGACATGCTGGC-1,PB,0.02461206434635079
MS,PB_16,CTGCGGAGTGGCAAAC-1,PB,0.6554958076181256
MS,PB_16,CTGCTGTCACAACTGT-1,PB,0.21812421335081641
MS,PB_16,CTGCTGTCATTGTGCA-1,PB,1.0213813156988472
MS,PB_16,CTGCTGTGTGGTCCGT-1,PB,-0.10478752480086458
MS,PB_16,CTGCTGTGTGTGAATA-1,PB,0.28987093459548774
MS,PB_16,CTGCTGTTCATCTGTT-1,PB,0.4138401765371041
MS,PB_16,CTGGTCTCATGAAGTA-1,PB,0.3971425324577792
MS,PB_16,CTGGTCTTCGATGAGG-1,PB,0.13446161381564808
MS,PB_16,CTGGTCTTCTGAGGGA-1,PB,-0.039596681520420854
MS,PB_16,CTGTGCTCAGTTTACG-1,PB,0.17300168680158606
MS,PB_16,CTGTTTATCATTGCCC-1,PB,0.4254046906264333
MS,PB_16,CTTACCGAGCGTTGCC-1,PB,0.9851870109841638
MS,PB_16,CTTACCGAGTACGATA-1,PB,0.7215827769290953
MS,PB_16,CTTACCGCAAGACGTG-1,PB,-0.02493342561338465
MS,PB_16,CTTACCGTCTCAAACG-1,PB,0.2614754339302255
MS,PB_16,CTTAGGAAGAATCTCC-1,PB,0.21042752681975482
MS,PB_16,CTTAGGAAGGGAAACA-1,PB,0.34428289569892206
MS,PB_16,CTTGGCTAGAGTGAGA-1,PB,-0.13808166089563637
MS,PB_16,CTTGGCTCAACTGCGC-1,PB,-0.10497822671274834
MS,PB_16,CTTGGCTCACTTCGAA-1,PB,-0.12570841965689877
MS,PB_16,CTTGGCTTCACGATGT-1,PB,0.12124249884586681
MS,PB_16,CTTTGCGCAAGGGTCA-1,PB,0.36937472381033304
MS,PB_16,CTTTGCGGTGAGTATA-1,PB,0.26735676948753534
MS,PB_16,GAAACTCTCAGCTTAG-1-1,PB,0.5296664770278292
MS,PB_16,GAAATGAGTACCGGCT-1,PB,0.6456012899007161
MS,PB_16,GAAATGAGTAGAAGGA-1,PB,-0.07502235132684035
MS,PB_16,GAAATGAGTGTCTGAT-1,PB,0.2027910999664498
MS,PB_16,GAACATCGTCAACATC-1,PB,-0.07848988768658212
MS,PB_16,GAACATCTCCGCATCT-1,PB,0.5900614589807132
MS,PB_16,GAACCTAAGTGTACGG-1,PB,0.10342273678669864
MS,PB_16,GAACCTATCTCGCTTG-1,PB,0.1395463827592205
MS,PB_16,GAACGGAAGACAGACC-1,PB,0.1616512263390324
MS,PB_16,GAACGGACAATGACCT-1,PB,-0.29792794834763775
MS,PB_16,GAACGGACACAACTGT-1,PB,-0.06230455415287765
MS,PB_16,GAACGGACAGGCGATA-1,PB,0.8678677597193347
MS,PB_16,GAACGGAGTAGAGGAA-1,PB,-0.06386711628300543
MS,PB_16,GAACGGAGTCAAGCGA-1,PB,0.850606777383641
MS,PB_16,GAACGGATCGGATGGA-1,PB,-0.10190794984185134
MS,PB_16,GAACGGATCGGGAGTA-1,PB,0.3638577603520377
MS,PB_16,GAACGGATCTACCTGC-1,PB,-0.29792794834763775
MS,PB_16,GAAGCAGAGAAGCCCA-1,PB,-0.031847361062252125
MS,PB_16,GAAGCAGAGTAACCCT-1,PB,-0.20332855518854162
MS,PB_16,GAAGCAGCACGTAAGG-1,PB,0.061466301835926884
MS,PB_16,GAAGCAGGTCTAGAGG-1-1,PB,-0.027032461766757197
MS,PB_16,GAAGCAGTCACTTCAT-1,PB,-0.11306884959708727
MS,PB_16,GAAGCAGTCGCGCCAA-1,PB,-0.011749371896825662
MS,PB_16,GAATAAGAGGTAAACT-1,PB,-0.158942274810963
MS,PB_16,GAATAAGCATCGGAAG-1,PB,0.7268532479572543
MS,PB_16,GAATAAGGTCCGCTGA-1,PB,0.053875179129206925
MS,PB_16,GAATAAGGTTGAGGTG-1,PB,-0.10203835205881097
MS,PB_16,GAATAAGTCGATAGAA-1,PB,-0.15068875978347582
MS,PB_16,GAATAAGTCGCCAGCA-1,PB,0.18109040408176827
MS,PB_16,GAATGAAAGCCAGGAT-1,PB,-0.056210508928672444
MS,PB_16,GACACGCCACATAACC-1,PB,-0.03574647990387435
MS,PB_16,GACACGCCAGGGTACA-1,PB,0.26172590886177616
MS,PB_16,GACACGCGTTCCAACA-1,PB,-0.11059254370958468
MS,PB_16,GACACGCTCCTCAACC-1,PB,0.08540105117719472
MS,PB_16,GACAGAGAGATGTTAG-1,PB,-0.22355425272098867
MS,PB_16,GACAGAGCAAGCGTAG-1,PB,0.10939220520596996
MS,PB_16,GACAGAGCAGCTCGAC-1,PB,0.06998322424697721
MS,PB_16,GACAGAGGTTTCCACC-1,PB,0.469141568471577
MS,PB_16,GACAGAGTCCGTTGTC-1,PB,0.3877472965508541
MS,PB_16,GACCAATAGCCACGTC-1,PB,0.6093147386302468
MS,PB_16,GACCAATAGGATCGCA-1,PB,0.03149147899379168
MS,PB_16,GACCAATAGTGGCACA-1,PB,-0.29792794834763775
MS,PB_16,GACCAATGTTGGTAAA-1,PB,0.41780218145127707
MS,PB_16,GACCAATTCGCAAGCC-1,PB,-0.18307170912197981
MS,PB_16,GACCTGGAGACGCAAC-1-2,PB,0.2947213005763068
MS,PB_16,GACCTGGAGATGCGAC-1,PB,-0.002066045845051878
MS,PB_16,GACCTGGCACATTAGC-1,PB,0.42418550710679165
MS,PB_16,GACCTGGCAGTAACGG-1,PB,0.04242442090752165
MS,PB_16,GACCTGGGTTAAGACA-1,PB,-0.29792794834763775
MS,PB_16,GACCTGGTCGAGAGCA-1,PB,0.7437600712890166
MS,PB_16,GACGCGTAGATCCCGC-1,PB,0.360267219827527
MS,PB_16,GACGCGTAGTACCGGA-1,PB,0.44661046509552055
MS,PB_16,GACGCGTCACGAAGCA-1,PB,0.2637839104680956
MS,PB_16,GACGCGTCAGTCGTGC-1,PB,0.25882253553761353
MS,PB_16,GACGGCTAGGAGTACC-1,PB,0.25483917791946237
MS,PB_16,GACGGCTAGTACATGA-1,PB,0.5084307799421784
MS,PB_16,GACGGCTAGTCGTACT-1,PB,0.21420695709987328
MS,PB_16,GACGGCTCACAGATTC-1-1,PB,0.039332357518223685
MS,PB_16,GACGGCTGTTGATTCG-1,PB,0.2804641112406988
MS,PB_16,GACGGCTTCACCTTAT-1,PB,-0.11181691703881835
MS,PB_16,GACGGCTTCCGTAGGC-1,PB,0.6485006689426237
MS,PB_16,GACGTGCAGTCACGCC-1,PB,0.08313204535331019
MS,PB_16,GACGTGCTCCCAACGG-1,PB,-0.21733517207547529
MS,PB_16,GACGTTAAGCAATATG-1,PB,0.3753915198334504
MS,PB_16,GACGTTACAGTCGATT-1,PB,0.7584450305878995
MS,PB_16,GACTAACAGCGTGAAC-1-1,PB,0.5876678502561431
MS,PB_16,GACTAACCACGAAAGC-1,PB,0.44407651724775654
MS,PB_16,GACTAACGTTCGTGAT-1,PB,-0.1280778582401676
MS,PB_16,GACTACACATGGTCAT-1,PB,0.1372861714357326
MS,PB_16,GACTACATCACTTACT-1,PB,-0.14136022353518288
MS,PB_16,GAGCAGAAGCAGCGTA-1,PB,0.9821809486336539
MS,PB_16,GAGCAGACATGACGGA-1,PB,0.34980610349788144
MS,PB_16,GAGCAGACATGTCTCC-1,PB,0.33076107578350117
MS,PB_16,GAGCAGATCCTGCCAT-1,PB,-0.0801106555898661
MS,PB_16,GAGGTGAAGAAGGGTA-1-1,PB,-0.0471345871874582
MS,PB_16,GAGGTGACAATAGCAA-1,PB,0.306968149549553
MS,PB_16,GAGGTGACAATCGAAA-1,PB,0.316427865249915
MS,PB_16,GAGGTGACAGCCTTGG-1,PB,0.01695526770050918
MS,PB_16,GAGGTGAGTCAAGCGA-1,PB,0.06835881363327677
MS,PB_16,GAGGTGATCGATCCCT-1-1,PB,0.039012054009029185
MS,PB_16,GAGGTGATCGCCATAA-1-1,PB,0.1517662040147496
MS,PB_16,GAGTCCGGTTAAGTAG-1,PB,-0.010888282515752714
MS,PB_16,GAGTCCGTCAAACCAC-1,PB,0.16775127849870267
MS,PB_16,GATCAGTGTAGCTAAA-1,PB,-0.09893675443500423
MS,PB_16,GATCAGTTCCCAAGAT-1-1,PB,0.26359966503699833
MS,PB_16,GATCAGTTCTTCAACT-1,PB,-0.15606920955364542
MS,PB_16,GATCGATCAAACCTAC-1,PB,0.5192298119165363
MS,PB_16,GATCGATGTTTGACAC-1,PB,-0.08335857281652344
MS,PB_16,GATCGATTCGAATGGG-1,PB,0.5839583322524178
MS,PB_16,GATCGCGAGCACCGCT-1,PB,0.10801897020044111
MS,PB_16,GATCGCGAGCGTTTAC-1,PB,-0.07914222085729819
MS,PB_16,GATCGCGGTCCTGCTT-1,PB,0.418530671928779
MS,PB_16,GATCGTAAGAGTAATC-1,PB,0.000373442750981929
MS,PB_16,GATCGTAGTACATCCA-1,PB,0.4830294123748865
MS,PB_16,GATCTAGAGAGGGATA-1,PB,0.13328039795717825
MS,PB_16,GATCTAGGTTACTGAC-1,PB,0.8643305449754319
MS,PB_16,GATCTAGGTTGTCTTT-1,PB,-0.13766261458510035
MS,PB_16,GATGAAACACGCGAAA-1,PB,0.2861050152101166
MS,PB_16,GATGAAAGTCATGCAT-1,PB,0.14564213612585333
MS,PB_16,GATGAAATCTACCTGC-1,PB,-0.080906216090829
MS,PB_16,GATGAGGCACATGTGT-1,PB,0.19624892206703146
MS,PB_16,GATGCTAAGAGCCCAA-1,PB,-0.1194825435823961
MS,PB_16,GATGCTACAGGGATTG-1,PB,-0.29792794834763775
MS,PB_16,GATGCTACATCCCACT-1,PB,-0.29792794834763775
MS,PB_16,GATGCTAGTATGGTTC-1-1,PB,0.2893960442530049
MS,PB_16,GATGCTAGTTCCGGCA-1,PB,0.008831325573504014
MS,PB_16,GATTCAGAGCGTCTAT-1-1,PB,-0.11512929620617361
MS,PB_16,GATTCAGAGTACGTAA-1,PB,0.1586767341460162
MS,PB_16,GATTCAGCACGAAACG-1,PB,-0.024103728477796356
MS,PB_16,GATTCAGGTCTAGCGC-1,PB,-0.04916222481602702
MS,PB_16,GATTCAGGTTGGAGGT-1,PB,0.27522420159234484
MS,PB_16,GATTCAGTCAGCGACC-1,PB,0.4061535800401216
MS,PB_16,GATTCAGTCCAAATGC-1,PB,1.1686888393134502
MS,PB_16,GCAAACTGTCTCTTTA-1,PB,-0.012991713998512835
MS,PB_16,GCAATCACACCAGCAC-1,PB,-0.13790794239764748
MS,PB_16,GCAATCATCGAATGGG-1,PB,0.5526107123193471
MS,PB_16,GCAATCATCTATGTGG-1,PB,0.010575829442469455
MS,PB_16,GCACATAAGGTGCAAC-1-1,PB,0.008937906065242767
MS,PB_16,GCACTCTAGTCTCCTC-1,PB,1.049570118583041
MS,PB_16,GCACTCTGTTACGACT-1,PB,-0.10086924173429031
MS,PB_16,GCAGCCAAGGCTACGA-1,PB,0.3976642750750107
MS,PB_16,GCAGCCAGTCTCTCGT-1,PB,-0.08677106658891133
MS,PB_16,GCAGCCAGTTCCCTTG-1,PB,-0.29792794834763775
MS,PB_16,GCAGCCATCCGTCAAA-1-1,PB,-0.2349908880024976
MS,PB_16,GCAGCCATCGGAGCAA-1,PB,0.17330158536652393
MS,PB_16,GCAGTTAAGTAGGTGC-1,PB,0.01299752153535007
MS,PB_16,GCAGTTAAGTTGAGTA-1,PB,0.24955405507964415
MS,PB_16,GCAGTTACAATCTACG-1,PB,0.11134746470969284
MS,PB_16,GCAGTTAGTTTGTTGG-1,PB,0.09393913319259041
MS,PB_16,GCAGTTATCAAACGGG-1,PB,0.2696313598349219
MS,PB_16,GCAGTTATCGCATGGC-1,PB,0.06239986284172011
MS,PB_16,GCATACAAGAGGTACC-1,PB,0.13920795024077912
MS,PB_16,GCATACACACGCCAGT-1,PB,0.20475714967668462
MS,PB_16,GCATACACAGGCTCAC-1,PB,-0.23504004046388935
MS,PB_16,GCATACACAGTATGCT-1,PB,0.33690491622363894
MS,PB_16,GCATACATCAGTTTGG-1,PB,0.14810241098822807
MS,PB_16,GCATACATCTGCTGCT-1-1,PB,0.12706410562616807
MS,PB_16,GCATGATGTCATATCG-1,PB,-0.14189952282530088
MS,PB_16,GCATGTACAGCTGTGC-1,PB,0.5531163481685503
MS,PB_16,GCATGTAGTCCCGACA-1,PB,-0.13107006893126708
MS,PB_16,GCCAAATAGGTCATCT-1,PB,0.19507498658328343
MS,PB_16,GCCAAATAGTGCAAGC-1,PB,0.0037028173451475943
MS,PB_16,GCCAAATCATGATCCA-1,PB,-0.042827853961702314
MS,PB_16,GCCAAATTCGTTTGCC-1,PB,-0.1012239477928482
MS,PB_16,GCCTCTAAGACGCTTT-1,PB,0.49209883941481136
MS,PB_16,GCCTCTATCATACGGT-1,PB,-0.12321966541607875
MS,PB_16,GCGACCAAGAAGAAGC-1-1,PB,-0.09730714490002855
MS,PB_16,GCGACCAAGCTGGAAC-1,PB,-0.29792794834763775
MS,PB_16,GCGACCACATATACGC-1,PB,0.4241456188108122
MS,PB_16,GCGACCAGTCATATGC-1-1,PB,0.14079829526436222
MS,PB_16,GCGACCATCGGCGGTT-1,PB,0.14942736229499737
MS,PB_16,GCGAGAAAGCAGGTCA-1-1,PB,0.4419408446400378
MS,PB_16,GCGAGAACATCCAACA-1,PB,0.7164881815636948
MS,PB_16,GCGAGAATCAAACCAC-1,PB,0.36059418012657574
MS,PB_16,GCGAGAATCAGATAAG-1,PB,0.13651603713126217
MS,PB_16,GCGCAACAGAAACCTA-1,PB,0.10924341439171616
MS,PB_16,GCGCAACAGAAGCCCA-1,PB,-0.11340104909066283
MS,PB_16,GCGCAACAGATGTGGC-1,PB,-0.07361521887186936
MS,PB_16,GCGCAACAGCTCCTTC-1,PB,0.16773502107936994
MS,PB_16,GCGCCAAAGCCGATTT-1,PB,0.39452693111848186
MS,PB_16,GCGCCAAAGGCTACGA-1,PB,-0.00551171197143511
MS,PB_16,GCGCGATAGGGAAACA-1,PB,-0.018793778337904844
MS,PB_16,GCGCGATGTGCTAGCC-1,PB,-0.06125223631476192
MS,PB_16,GCGCGATGTTCATGGT-1,PB,0.2901921970766899
MS,PB_16,GCGGGTTAGGATCGCA-1,PB,-0.227620426404841
MS,PB_16,GCGGGTTCAAACGTGG-1,PB,0.3657153801371482
MS,PB_16,GCGGGTTCATGATCCA-1,PB,0.9947941505559107
MS,PB_16,GCGGGTTGTATATCCG-1,PB,-0.29792794834763775
MS,PB_16,GCGGGTTTCCGTAGTA-1,PB,0.2137648664755261
MS,PB_16,GCTCCTAAGACACTAA-1,PB,-0.05011817473222243
MS,PB_16,GCTCCTAAGGTAAACT-1,PB,-0.04237300456717118
MS,PB_16,GCTCCTACAAATCCGT-1,PB,-0.12253422494142972
MS,PB_16,GCTCCTACACGGCCAT-1,PB,1.046596414478332
MS,PB_16,GCTCTGTCACGTCAGC-1-1,PB,0.14394215245964018
MS,PB_16,GCTCTGTCATTGGTAC-1,PB,0.5466698196816523
MS,PB_16,GCTCTGTGTACGCACC-1,PB,-0.05126297794493213
MS,PB_16,GCTGCAGCATGAACCT-1,PB,0.4309111377933613
MS,PB_16,GCTGCAGGTTATCGGT-1,PB,0.3168908824803963
MS,PB_16,GCTGCGAAGGTAGCCA-1-2,PB,0.8996329292480718
MS,PB_16,GCTGCTTCACGCATCG-1,PB,0.039968414082961444
MS,PB_16,GCTGCTTCAGCCACCA-1,PB,0.005282800272634962
MS,PB_16,GCTGCTTCATAACCTG-1,PB,0.6839784872701741
MS,PB_16,GCTGCTTGTAAAGGAG-1-2,PB,0.09560115254965182
MS,PB_16,GCTGCTTGTTCAGTAC-1,PB,0.13483004794857492
MS,PB_16,GCTGCTTTCAAGGCTT-1,PB,0.8482044759639769
MS,PB_16,GCTGCTTTCATCACCC-1,PB,0.41397399186131384
MS,PB_16,GCTGGGTAGGCTCTTA-1,PB,-0.29792794834763775
MS,PB_16,GCTTCCAAGCTTCGCG-1,PB,0.48073251633057035
MS,PB_16,GCTTCCACATTGTGCA-1,PB,0.036029102758457936
MS,PB_16,GCTTCCAGTTTGTGTG-1,PB,0.1389431777785534
MS,PB_16,GCTTGAATCTCATTCA-1,PB,-0.02188681204946399
MS,PB_16,GGAAAGCCAGCTCCGA-1,PB,0.122591294353527
MS,PB_16,GGAAAGCCATCACCCT-1,PB,-0.04249893489943563
MS,PB_16,GGAACTTAGATGTGGC-1-1,PB,0.18134634286129586
MS,PB_16,GGAATAACAGGAACGT-1,PB,-0.1561375579780557
MS,PB_16,GGACAAGTCACAAACC-1,PB,0.8888674133165871
MS,PB_16,GGACAGAAGGGATACC-1,PB,0.9243625219918873
MS,PB_16,GGACAGAAGTGGTAAT-1,PB,0.06980616624691932
MS,PB_16,GGACATTAGACGCTTT-1,PB,-0.1440982296537028
MS,PB_16,GGACATTAGTGCGTGA-1,PB,-0.12452052108630417
MS,PB_16,GGACATTCACGTGAGA-1,PB,0.09363145734832609
MS,PB_16,GGACATTGTCACTGGC-1,PB,0.6482653910688273
MS,PB_16,GGACATTTCCTGCAGG-1-1,PB,0.9919606805295045
MS,PB_16,GGACGTCAGCGATAGC-1,PB,0.1332547469343282
MS,PB_16,GGACGTCAGCGCCTTG-1,PB,0.33135053232208717
MS,PB_16,GGACGTCAGGCTATCT-1,PB,0.5233742824094946
MS,PB_16,GGACGTCCAATGGAAT-1,PB,-0.05388246513068111
MS,PB_16,GGACGTCCACGTCTCT-1,PB,0.03191395492589438
MS,PB_16,GGACGTCTCCCGGATG-1,PB,0.04629311468248119
MS,PB_16,GGACGTCTCCTATTCA-1-1,PB,0.5652582750256793
MS,PB_16,GGAGCAAAGACTAAGT-1-1,PB,0.6763838918687134
MS,PB_16,GGAGCAAGTTCGGCAC-1,PB,0.21226519351525358
MS,PB_16,GGAGCAATCGTAGGAG-1,PB,-0.02391346915422386
MS,PB_16,GGATGTTAGCATGGCA-1,PB,-0.29792794834763775
MS,PB_16,GGATGTTGTGAAAGAG-1-1,PB,0.0293666247600092
MS,PB_16,GGATGTTTCACGATGT-1,PB,0.3327898719798637
MS,PB_16,GGATTACCATCAGTCA-1,PB,-0.2288754301347787
MS,PB_16,GGATTACGTTGATTGC-1,PB,0.50714375029535
MS,PB_16,GGCAATTAGGTGATTA-1,PB,0.14313341535209692
MS,PB_16,GGCAATTCAATCCGAT-1,PB,0.41537110874108585
MS,PB_16,GGCCGATAGAAACCTA-1,PB,-0.016409162254347593
MS,PB_16,GGCCGATGTCGAATCT-1,PB,0.05906551743328088
MS,PB_16,GGCCGATTCGCACTCT-1,PB,-0.12409734529040506
MS,PB_16,GGCCGATTCTGGGCCA-1-1,PB,0.8416349665399867
MS,PB_16,GGCGACTAGGAGTACC-1,PB,0.541936853351278
MS,PB_16,GGCGACTTCAACGCTA-1,PB,1.183041603787262
MS,PB_16,GGCGACTTCGAACTGT-1,PB,0.9176347058205198
MS,PB_16,GGCGTGTAGAGAACAG-1,PB,0.17699776199154701
MS,PB_16,GGCTCGAAGGAGCGAG-1,PB,0.38464236047839734
MS,PB_16,GGCTCGAAGTGGACGT-1,PB,-0.03707616681233907
MS,PB_16,GGCTCGATCTGAAAGA-1,PB,-0.0791126472881685
MS,PB_16,GGCTGGTCAACACCTA-1-1,PB,-0.1493346176248773
MS,PB_16,GGCTGGTTCCAAACAC-1,PB,-0.15660962018231017
MS,PB_16,GGGAATGCAAGTCTAC-1,PB,0.014812320160907833
MS,PB_16,GGGAATGCACCGCTAG-1,PB,0.025425621453075326
MS,PB_16,GGGAATGTCGGATGGA-1,PB,-0.008337350965648574
MS,PB_16,GGGACCTAGACAAAGG-1,PB,-0.04797888183816251
MS,PB_16,GGGACCTGTACTTCTT-1,PB,0.2702379725675711
MS,PB_16,GGGAGATAGAGATGAG-1,PB,0.05328742778015983
MS,PB_16,GGGAGATGTTGATTCG-1,PB,-0.033877568664671516
MS,PB_16,GGGAGATTCCTCAACC-1,PB,0.3890980606420119
MS,PB_16,GGGATGACACAGTCGC-1-1,PB,0.4346536014806342
MS,PB_16,GGGCACTAGGACATTA-1,PB,0.16497357632888096
MS,PB_16,GGGCACTCACCAGATT-1,PB,0.5417930485542864
MS,PB_16,GGGCACTCAGACACTT-1,PB,0.2022224588935071
MS,PB_16,GGGCATCAGAATGTGT-1,PB,0.16032409964620944
MS,PB_16,GGGCATCAGAGGTAGA-1,PB,0.6337182058349883
MS,PB_16,GGGCATCGTTAAGTAG-1,PB,0.4354436466026344
MS,PB_16,GGGTCTGTCTTAGCCC-1,PB,-0.017117395100426636
MS,PB_16,GGGTTGCAGAGTGACC-1,PB,-0.29792794834763775
MS,PB_16,GGGTTGCTCAGTACGT-1,PB,0.6571594700386523
MS,PB_16,GGGTTGCTCCAGAGGA-1-2,PB,0.7223693440914293
MS,PB_16,GGTATTGAGGGCATGT-1,PB,-0.17010339762906915
MS,PB_16,GGTATTGGTCAATACC-1,PB,0.6430210125789387
MS,PB_16,GGTATTGGTGTAAGTA-1,PB,0.10753125218395229
MS,PB_16,GGTATTGGTTCAGCGC-1,PB,0.36163141730930654
MS,PB_16,GGTATTGGTTGATTGC-1,PB,0.45242170205082005
MS,PB_16,GGTATTGTCACAATGC-1,PB,0.18455693104619467
MS,PB_16,GGTATTGTCACCTTAT-1,PB,0.48712920916627483
MS,PB_16,GGTATTGTCAGGATCT-1,PB,-0.11295708797427018
MS,PB_16,GGTGAAGAGAAGAAGC-1,PB,-0.10209458373295414
MS,PB_16,GGTGAAGAGACTAGAT-1,PB,0.08292532025936795
MS,PB_16,GGTGAAGAGATATGCA-1,PB,0.46968105519823034
MS,PB_16,GGTGAAGCACTTCTGC-1,PB,0.09793782076791417
MS,PB_16,GGTGAAGGTAAATACG-1,PB,0.29635188698481746
MS,PB_16,GGTGAAGGTTTAAGCC-1,PB,0.06305977923701538
MS,PB_16,GGTGAAGGTTTGACAC-1,PB,0.3494576224191143
MS,PB_16,GGTGCGTTCGCGATCG-1,PB,0.7033146862855599
MS,PB_16,GGTGTTAAGAGGTTGC-1,PB,-0.29792794834763775
MS,PB_16,GGTGTTAAGCTCTCGG-1,PB,1.0957495760189395
MS,PB_16,GGTGTTAAGGATCGCA-1,PB,-0.20387833494383664
MS,PB_16,GGTGTTAAGTAACCCT-1,PB,-0.29792794834763775
MS,PB_16,GGTGTTACACGGTAAG-1,PB,-0.036440559775308266
MS,PB_16,GGTGTTAGTACCGTAT-1,PB,0.5655347446644186
MS,PB_16,GGTGTTATCTGCGGCA-1,PB,1.0542715510219838
MS,PB_16,GTAACGTAGCTACCTA-1,PB,0.5191161720640597
MS,PB_16,GTAACGTAGGCCCGTT-1-1,PB,-0.08105506915678272
MS,PB_16,GTAACGTGTCGAGATG-1,PB,-0.06132148797300223
MS,PB_16,GTAACGTTCCTTTACA-1,PB,-0.29792794834763775
MS,PB_16,GTAACGTTCTGACCTC-1,PB,1.034450968692498
MS,PB_16,GTAACTGAGCCACTAT-1,PB,-0.07473669664820519
MS,PB_16,GTACGTAAGGTCGGAT-1,PB,0.4570170887078832
MS,PB_16,GTACGTAAGTACATGA-1,PB,-0.29792794834763775
MS,PB_16,GTACGTACATCCGCGA-1,PB,-0.16177985245678062
MS,PB_16,GTACGTAGTCATTAGC-1,PB,0.24067544909442598
MS,PB_16,GTACTCCAGGCGCTCT-1-1,PB,0.05134986869670797
MS,PB_16,GTACTCCTCCTAGTGA-1-1,PB,0.0719411972474564
MS,PB_16,GTACTCCTCGTTGCCT-1,PB,0.1853675839181085
MS,PB_16,GTACTCCTCTCGAGTA-1,PB,0.14682693036550995
MS,PB_16,GTACTTTAGACCTAGG-1,PB,-0.12266102606165265
MS,PB_16,GTACTTTAGAGCCTAG-1,PB,-0.29792794834763775
MS,PB_16,GTACTTTGTACTTCTT-1,PB,0.132797549069025
MS,PB_16,GTAGTCAAGTGTGAAT-1,PB,-0.09829290636216385
MS,PB_16,GTAGTCACATACTACG-1,PB,0.21169493838802916
MS,PB_16,GTAGTCATCTTCATGT-1,PB,0.1394410470307303
MS,PB_16,GTATCTTAGCACCGCT-1,PB,0.326840030475314
MS,PB_16,GTATCTTTCTGCTTGC-1,PB,-0.08867872297901773
MS,PB_16,GTATCTTTCTTCTGGC-1,PB,-0.0056611852600124924
MS,PB_16,GTATTCTAGACGCAAC-1,PB,0.48737338700376215
MS,PB_16,GTATTCTCAGGTCTCG-1-1,PB,0.33594004550558487
MS,PB_16,GTATTCTGTCCAGTAT-1,PB,-0.1781982461648975
MS,PB_16,GTATTCTGTGACAAAT-1,PB,0.6668618241806727
MS,PB_16,GTATTCTGTTCCACTC-1,PB,0.1876586122254075
MS,PB_16,GTATTCTTCAGCACAT-1,PB,0.5057801241882498
MS,PB_16,GTATTCTTCGTGTAGT-1,PB,0.01875790401092181
MS,PB_16,GTCAAGTAGCTCCCAG-1,PB,-0.03972355112441599
MS,PB_16,GTCAAGTCAAACGCGA-1,PB,-0.14166876692340957
MS,PB_16,GTCAAGTCAGACAAAT-1,PB,-0.2142336763906629
MS,PB_16,GTCACAAGTTCGTTGA-1,PB,-0.13689344420983224
MS,PB_16,GTCACAATCATAGCAC-1,PB,0.237195109990275
MS,PB_16,GTCACGGAGAAGGTGA-1-1,PB,-0.29792794834763775
MS,PB_16,GTCACGGCAATGAATG-1,PB,0.36848524689869466
MS,PB_16,GTCACGGGTAGCGCAA-1,PB,0.1058928965253229
MS,PB_16,GTCACGGGTCCTCCAT-1,PB,0.1588074086583737
MS,PB_16,GTCACGGTCAAGCCTA-1,PB,0.23615922522087412
MS,PB_16,GTCATTTCACTGTGTA-1,PB,0.07846500508750699
MS,PB_16,GTCATTTTCCCTAACC-1,PB,0.14114889267645872
MS,PB_16,GTCCTCAAGCAATCTC-1,PB,-0.01109544604438196
MS,PB_16,GTCCTCACAAGCGAGT-1,PB,0.6469763958979643
MS,PB_16,GTCCTCAGTTAAGACA-1,PB,0.23036449088055486
MS,PB_16,GTCGGGTAGAGATGAG-1,PB,0.14712116022454785
MS,PB_16,GTCGGGTAGTACGTTC-1,PB,0.09962082649343648
MS,PB_16,GTCGGGTCAATGAAAC-1,PB,-0.29792794834763775
MS,PB_16,GTCGGGTTCACTCCTG-1-1,PB,0.0649001862855012
MS,PB_16,GTCGTAACAAACGTGG-1,PB,0.07070562193572787
MS,PB_16,GTCGTAACACGCATCG-1,PB,0.34798486428332087
MS,PB_16,GTCGTAACATGTCCTC-1-1,PB,0.017734913232981025
MS,PB_16,GTCGTAATCCGGCACA-1,PB,-0.02295870250898669
MS,PB_16,GTCTCGTTCTGCAAGT-1,PB,0.10297683671823167
MS,PB_16,GTCTCGTTCTTTACGT-1,PB,-0.08298531568967217
MS,PB_16,GTCTTCGAGACAGAGA-1,PB,0.24725094870822634
MS,PB_16,GTCTTCGAGGGATCTG-1,PB,0.1750018427203408
MS,PB_16,GTGAAGGAGAAGATTC-1,PB,0.1806027483849115
MS,PB_16,GTGAAGGCATTCACTT-1,PB,-0.02018102505969404
MS,PB_16,GTGAAGGTCGTGGTCG-1,PB,-0.22153884598775925
MS,PB_16,GTGCAGCAGGGTCTCC-1,PB,0.19024296216918749
MS,PB_16,GTGCAGCGTACCGCTG-1,PB,0.41402801726730953
MS,PB_16,GTGCAGCTCGTCGTTC-1,PB,0.6407446104062219
MS,PB_16,GTGCATAAGAACAACT-1,PB,-0.02807080977748643
MS,PB_16,GTGCATACAATCGGTT-1,PB,-0.29792794834763775
MS,PB_16,GTGCATACAGCCTGTG-1,PB,-0.14589431327336994
MS,PB_16,GTGCATAGTGGCAAAC-1,PB,-0.05617695421207066
MS,PB_16,GTGCATATCCTACAGA-1,PB,0.18245482254586923
MS,PB_16,GTGCATATCTTGTATC-1,PB,0.28854273752152365
MS,PB_16,GTGCGGTAGGACAGAA-1,PB,0.3126169038826882
MS,PB_16,GTGCGGTGTAGAGGAA-1,PB,0.9369623556267878
MS,PB_16,GTGCGGTGTCGACTGC-1,PB,0.5779557184849109
MS,PB_16,GTGCGGTGTTGAGGTG-1,PB,0.5109557931029718
MS,PB_16,GTGCGGTTCTTCAACT-1,PB,-0.29792794834763775
MS,PB_16,GTGCTTCAGGCTCATT-1,PB,0.26193757219682157
MS,PB_16,GTGCTTCCAAGCGCTC-1,PB,0.3941004014433585
MS,PB_16,GTGCTTCTCATGCTCC-1,PB,1.6376527366037863
MS,PB_16,GTGTGCGTCAAACAAG-1,PB,0.6741123912246431
MS,PB_16,GTGTTAGAGGCACATG-1-2,PB,-0.01893240042122562
MS,PB_16,GTGTTAGCACAAGCCC-1,PB,0.23814625201218217
MS,PB_16,GTGTTAGCACGTAAGG-1,PB,0.30401271623842874
MS,PB_16,GTGTTAGGTAAGTAGT-1-1,PB,-0.21429220798007972
MS,PB_16,GTGTTAGGTCGTTGTA-1,PB,-0.29792794834763775
MS,PB_16,GTGTTAGTCTTCGGTC-1,PB,0.4226530003810215
MS,PB_16,GTTAAGCAGGCTAGGT-1,PB,0.6270371147617879
MS,PB_16,GTTAAGCCAATCGGTT-1,PB,0.32965279474343173
MS,PB_16,GTTAAGCCAGCTCGAC-1,PB,0.022708775845367846
MS,PB_16,GTTACAGAGATGTGGC-1,PB,0.6331506931331392
MS,PB_16,GTTACAGAGCCAACAG-1,PB,0.1695515029914061
MS,PB_16,GTTACAGCAGGTTTCA-1,PB,0.5402124509803323
MS,PB_16,GTTACAGTCACCTCGT-1,PB,0.5988966935061322
MS,PB_16,GTTACAGTCAGCTCGG-1,PB,0.6320856075581122
MS,PB_16,GTTACAGTCCGTAGGC-1,PB,0.32203905031321944
MS,PB_16,GTTCATTCAAGCCGCT-1,PB,0.04639652310743205
MS,PB_16,GTTCATTCATGGTTGT-1,PB,-0.11982237825346957
MS,PB_16,GTTCATTTCATTCACT-1,PB,0.17103019765058594
MS,PB_16,GTTCGGGAGCTCTCGG-1,PB,-0.29792794834763775
MS,PB_16,GTTCGGGAGGACACCA-1,PB,0.2720970743593812
MS,PB_16,GTTCGGGAGGCATGTG-1,PB,0.3411292650826051
MS,PB_16,GTTCTCGAGGACACCA-1,PB,0.966762244884366
MS,PB_16,GTTCTCGCAGCAGTTT-1,PB,-0.17884745277616124
MS,PB_16,GTTCTCGGTAGAAGGA-1,PB,0.6865880312227766
MS,PB_16,GTTCTCGTCGCCGTGA-1,PB,0.07159743981407117
MS,PB_16,GTTCTCGTCGTTTATC-1,PB,0.9176975323312797
MS,PB_16,GTTTCTAGTAGAAAGG-1,PB,-0.2066342002109026
MS,PB_16,GTTTCTAGTTCTGGTA-1,PB,-0.11057048384046797
MS,PB_16,TAAACCGAGAAGGACA-1,PB,0.3770740374144008
MS,PB_16,TAAACCGAGCCGGTAA-1,PB,0.23173321259375543
MS,PB_16,TAAACCGGTGTAAGTA-1,PB,-0.1045897140504494
MS,PB_16,TAAGAGATCGGCGGTT-1,PB,0.2612159860596826
MS,PB_16,TAAGCGTAGTGCCAGA-1,PB,0.350433417388972
MS,PB_16,TAAGCGTCACCATCCT-1,PB,0.027224354072369887
MS,PB_16,TAAGCGTCACCGCTAG-1,PB,-0.007169698593626087
MS,PB_16,TAAGCGTCAGGTCTCG-1,PB,-0.15711472640214508
MS,PB_16,TAAGCGTCAGTAACGG-1,PB,-0.29792794834763775
MS,PB_16,TAAGCGTGTCGAACAG-1,PB,-0.035588768832325764
MS,PB_16,TAAGCGTTCGACGGAA-1,PB,-0.023544847771910942
MS,PB_16,TAAGTGCAGAATTGTG-1,PB,0.46759465415356466
MS,PB_16,TAAGTGCAGATCCGAG-1,PB,-0.009220600432255264
MS,PB_16,TACACGACACTGAAGG-1,PB,0.5060235551980059
MS,PB_16,TACACGATCAGCCTAA-1,PB,-0.17079184928049312
MS,PB_16,TACAGTGGTAAATGTG-1,PB,-0.03037135308501478
MS,PB_16,TACCTATTCCACGTGG-1,PB,0.1613136825527652
MS,PB_16,TACCTATTCCTTGCCA-1,PB,0.310423894260165
MS,PB_16,TACCTTACAGCCTTTC-1,PB,0.023059781358510827
MS,PB_16,TACGGATGTAGATTAG-1,PB,1.1054011244306934
MS,PB_16,TACGGATGTAGCTAAA-1,PB,-0.10855719179485065
MS,PB_16,TACGGATGTCTGATTG-1,PB,0.1910645259520936
MS,PB_16,TACGGATTCTCATTCA-1,PB,0.22269948472044504
MS,PB_16,TACGGGCAGCCTTGAT-1,PB,0.13508989454700537
MS,PB_16,TACGGGCGTTATGTGC-1,PB,0.023742750246117963
MS,PB_16,TACGGTACAAAGTGCG-1,PB,-0.29792794834763775
MS,PB_16,TACGGTACAGATGAGC-1,PB,0.43754719044293955
MS,PB_16,TACGGTACAGTATCTG-1,PB,0.33567281537882016
MS,PB_16,TACTCATAGAGATGAG-1,PB,0.13132125212057996
MS,PB_16,TACTCATAGGCAGGTT-1,PB,0.4538555603757138
MS,PB_16,TACTCATTCACCCTCA-1,PB,0.5361870575988525
MS,PB_16,TACTCATTCGAGGTAG-1,PB,0.156833995198949
MS,PB_16,TACTCATTCTGTTGAG-1,PB,0.7535499573496924
MS,PB_16,TACTCGCAGCCACGCT-1,PB,-0.29792794834763775
MS,PB_16,TACTCGCGTGCGATAG-1,PB,-0.29792794834763775
MS,PB_16,TACTCGCTCGGACAAG-1,PB,-0.12849075356714795
MS,PB_16,TACTTACGTAAGTGGC-1,PB,-0.09793130978046191
MS,PB_16,TACTTACGTCAGAAGC-1,PB,0.5732982880749551
MS,PB_16,TACTTACGTTAGTGGG-1,PB,-0.21138870438103097
MS,PB_16,TACTTGTAGGACAGCT-1,PB,1.3569408172328024
MS,PB_16,TACTTGTCACGTCTCT-1,PB,-0.04911907286319251
MS,PB_16,TACTTGTGTACGCACC-1,PB,0.059301851369581486
MS,PB_16,TAGACCAAGATGCCTT-1,PB,0.3160884236146121
MS,PB_16,TAGACCATCGTATCAG-1,PB,0.08009084625275394
MS,PB_16,TAGAGCTAGAATAGGG-1,PB,0.2098869998273689
MS,PB_16,TAGAGCTAGTCAATAG-1,PB,-0.14326125411348783
MS,PB_16,TAGAGCTGTGGTACAG-1,PB,-0.13972161098084032
MS,PB_16,TAGAGCTTCAAACCAC-1,PB,-0.29792794834763775
MS,PB_16,TAGAGCTTCTGCCCTA-1,PB,0.36141194165348706
MS,PB_16,TAGCCGGCAGCGTTCG-1,PB,-0.21711021374005762
MS,PB_16,TAGCCGGGTAGATTAG-1,PB,1.174159096855163
MS,PB_16,TAGGCATAGACAAGCC-1,PB,0.2255751712293666
MS,PB_16,TAGGCATAGAGTACAT-1,PB,0.5671632613438459
MS,PB_16,TAGGCATCACGAAAGC-1,PB,-0.06283921007767418
MS,PB_16,TAGGCATCAGCTTCGG-1,PB,0.06726884976146645
MS,PB_16,TAGGCATGTCAAAGAT-1,PB,0.39610346841402144
MS,PB_16,TAGGCATGTCGGCATC-1,PB,0.15501830501001312
MS,PB_16,TAGGCATTCAGGATCT-1,PB,0.20706085411336253
MS,PB_16,TAGGCATTCGTTTGCC-1,PB,0.1118353256999094
MS,PB_16,TAGGCATTCTACTATC-1,PB,-0.011825575449035461
MS,PB_16,TAGTGGTAGAGCTATA-1,PB,-0.21132082884788503
MS,PB_16,TAGTGGTAGGCGTACA-1,PB,0.10561719023064457
MS,PB_16,TAGTGGTTCATGTAGC-1,PB,0.46894036534145656
MS,PB_16,TAGTGGTTCCTTAATC-1-1,PB,1.3716089367603972
MS,PB_16,TAGTTGGAGTTGAGAT-1,PB,-0.29792794834763775
MS,PB_16,TAGTTGGGTGGTGTAG-1,PB,1.1616750071301394
MS,PB_16,TATCAGGAGGGAACGG-1,PB,0.10774896414994013
MS,PB_16,TATCTCAGTTCTCATT-1,PB,0.2834569764681277
MS,PB_16,TATCTCATCTTTACAC-1,PB,0.1558959287022104
MS,PB_16,TATGCCCAGACTAAGT-1,PB,0.39629488874071395
MS,PB_16,TATGCCCCAGCTCCGA-1,PB,-0.06802090784275243
MS,PB_16,TATGCCCGTAGATTAG-1,PB,0.5253074261252999
MS,PB_16,TATGCCCGTCAACATC-1,PB,-0.13987930699512655
MS,PB_16,TATTACCCAGGGAGAG-1,PB,0.7325668204439636
MS,PB_16,TATTACCGTCGGATCC-1,PB,0.2996637269772261
MS,PB_16,TATTACCTCCTCTAGC-1-1,PB,0.2614745358243878
MS,PB_16,TATTACCTCTCGCATC-1,PB,0.05286606413657149
MS,PB_16,TCAACGATCAACGGGA-1-1,PB,0.3671763712008569
MS,PB_16,TCAACGATCAGCCTAA-1,PB,0.07775620508541706
MS,PB_16,TCAATCTCATACCATG-1,PB,0.23103139301697231
MS,PB_16,TCAATCTGTTTCGCTC-1,PB,0.46943864268177166
MS,PB_16,TCAATCTTCAGGTTCA-1,PB,1.3485677320698541
MS,PB_16,TCACAAGCATCCGGGT-1,PB,-0.29792794834763775
MS,PB_16,TCACAAGGTGTGTGCC-1,PB,0.2389440403268396
MS,PB_16,TCACAAGTCTCCAGGG-1,PB,0.12099709282481806
MS,PB_16,TCAGCAAAGGGCTTCC-1,PB,0.314258750117183
MS,PB_16,TCAGCAAAGTACGCCC-1,PB,0.09555453548856925
MS,PB_16,TCAGCAAGTGATAAAC-1,PB,0.47318999175916504
MS,PB_16,TCAGCTCTCGCGGATC-1,PB,0.34059308473790967
MS,PB_16,TCAGCTCTCTTGCATT-1-1,PB,0.0837209530948572
MS,PB_16,TCAGGATAGCGAAGGG-1,PB,0.07588363094042958
MS,PB_16,TCAGGATAGGCTACGA-1,PB,0.0005146554209776781
MS,PB_16,TCAGGATCACATCCAA-1,PB,0.32803485978450453
MS,PB_16,TCAGGTACAACAACCT-1,PB,0.3381300048611727
MS,PB_16,TCAGGTAGTAGCAAAT-1-1,PB,0.35073175633589393
MS,PB_16,TCATTACCAGCTATTG-1,PB,0.2331213430478953
MS,PB_16,TCATTTGAGACAAGCC-1,PB,0.2592775626114587
MS,PB_16,TCATTTGAGGTAAACT-1,PB,0.15860479294289725
MS,PB_16,TCATTTGCAGTGGGAT-1,PB,-0.031805843281784166
MS,PB_16,TCATTTGTCGCCTGTT-1,PB,-0.13619534355736068
MS,PB_16,TCCACACAGTTCGATC-1,PB,0.8743140907244896
MS,PB_16,TCCACACCACACGCTG-1,PB,0.133115096049124
MS,PB_16,TCCACACTCTATCCCG-1,PB,0.5952257589271431
MS,PB_16,TCCCGATAGCTTCGCG-1,PB,0.05310440222504479
MS,PB_16,TCCCGATGTAACGACG-1,PB,0.43971280450007644
MS,PB_16,TCCCGATGTAGTAGTA-1,PB,0.18785311515561104
MS,PB_16,TCCCGATTCTCATTCA-1,PB,-0.0015544545810189778
MS,PB_16,TCGAGGCAGGGCATGT-1,PB,-0.29792794834763775
MS,PB_16,TCGAGGCAGTTAGCGG-1,PB,0.280536384652693
MS,PB_16,TCGAGGCGTACTCTCC-1,PB,0.1933897264525133
MS,PB_16,TCGAGGCGTAGGCTGA-1,PB,-0.1827851306658099
MS,PB_16,TCGAGGCTCAGCGACC-1,PB,0.04002667846168667
MS,PB_16,TCGAGGCTCTTGTCAT-1,PB,0.0237871913539411
MS,PB_16,TCGCGAGCAAACAACA-1,PB,-0.06454064835167811
MS,PB_16,TCGCGAGGTCTACCTC-1,PB,0.013185763533512276
MS,PB_16,TCGCGTTAGCTACCTA-1,PB,0.49280162635939556
MS,PB_16,TCGCGTTGTGTCTGAT-1,PB,0.313726253993093
MS,PB_16,TCGGGACAGTACGATA-1,PB,-0.18199425740596448
MS,PB_16,TCGGGACCAAGCCCAC-1,PB,-0.14163321092828535
MS,PB_16,TCGGGACCATTTGCCC-1,PB,1.5186284393146323
MS,PB_16,TCGGGACTCGGCGCAT-1,PB,0.3150378403732437
MS,PB_16,TCGGTAAAGATGCGAC-1,PB,0.09137129012001514
MS,PB_16,TCGGTAAAGCAGGCTA-1,PB,-0.04910211900201816
MS,PB_16,TCGGTAAAGTGCGTGA-1,PB,-0.12048024045737933
MS,PB_16,TCGGTAACAGGGATTG-1,PB,0.4171411055803843
MS,PB_16,TCGGTAAGTACTCTCC-1,PB,0.017357962859641272
MS,PB_16,TCGGTAAGTCAACTGT-1,PB,-0.0033331379149241385
MS,PB_16,TCGGTAAGTCAGGACA-1,PB,0.1267632478486528
MS,PB_16,TCGGTAAGTCTCACCT-1,PB,0.0831526497742782
MS,PB_16,TCGTACCAGTGAATTG-1,PB,0.21049034369297884
MS,PB_16,TCGTACCCAGCTGGCT-1,PB,-0.052902234321453676
MS,PB_16,TCGTACCCATCGTCGG-1,PB,-0.1434364192067123
MS,PB_16,TCGTACCGTTCTGGTA-1,PB,-0.14971690136422963
MS,PB_16,TCGTAGACAGCGTAAG-1,PB,-0.19566766733342758
MS,PB_16,TCGTAGACAGTCGATT-1-1,PB,0.6960508680196142
MS,PB_16,TCGTAGACATTGGTAC-1,PB,-0.11609799883667804
MS,PB_16,TCGTAGAGTAGAGGAA-1,PB,0.31336356032838963
MS,PB_16,TCGTAGAGTATGAAAC-1,PB,0.5797959347517505
MS,PB_16,TCGTAGAGTCGGCACT-1,PB,-0.29792794834763775
MS,PB_16,TCGTAGAGTCTAGAGG-1,PB,-0.04521902958085507
MS,PB_16,TCGTAGATCATATCGG-1,PB,0.30500564664831753
MS,PB_16,TCTATTGAGGCTAGCA-1,PB,-0.03559245847823566
MS,PB_16,TCTATTGGTCGCCATG-1-1,PB,0.2167978562643076
MS,PB_16,TCTCATAGTGCACTTA-1,PB,0.07489569062859233
MS,PB_16,TCTCATATCAGCTGGC-1,PB,-0.29792794834763775
MS,PB_16,TCTCTAAAGAAGGTTT-1,PB,-0.02040404279973535
MS,PB_16,TCTCTAACACACCGAC-1,PB,0.1480320389640803
MS,PB_16,TCTCTAACACCTTGTC-1,PB,1.1395328704921155
MS,PB_16,TCTCTAACATCTACGA-1,PB,-0.0647702003770686
MS,PB_16,TCTGAGAGTTTGTTTC-1,PB,0.11658014868813783
MS,PB_16,TCTTCGGCAGCTTCGG-1,PB,0.1865066143858371
MS,PB_16,TCTTCGGGTACAGTGG-1-1,PB,0.12649306847635008
MS,PB_16,TCTTCGGGTCCGTTAA-1,PB,-0.0033883629627193546
MS,PB_16,TCTTCGGTCAACCATG-1,PB,0.12310999007038646
MS,PB_16,TCTTTCCAGTGGAGAA-1,PB,-0.06954974105109094
MS,PB_16,TCTTTCCTCAGCCTAA-1,PB,0.4687439903439632
MS,PB_16,TGAAAGAAGAGGGCTT-1,PB,0.04420631629419384
MS,PB_16,TGAAAGAAGCTGCGAA-1,PB,0.09207575786652379
MS,PB_16,TGACAACCATGGTCTA-1-1,PB,0.8319852011472684
MS,PB_16,TGACAACGTTCCGGCA-1,PB,0.24092397220224737
MS,PB_16,TGACAACTCAGTCCCT-1,PB,0.18544659638173133
MS,PB_16,TGACAACTCGCCAGCA-1,PB,0.7022022178704782
MS,PB_16,TGACGGCTCTTGCATT-1,PB,0.12100434606487401
MS,PB_16,TGACTAGAGCGCCTCA-1,PB,0.5595573355889981
MS,PB_16,TGACTAGAGTCATGCT-1,PB,0.24347662658859834
MS,PB_16,TGACTAGAGTTGTCGT-1,PB,0.12954834369387766
MS,PB_16,TGACTAGCAGATCTGT-1-1,PB,-0.08142584693071157
MS,PB_16,TGACTAGGTATTCTCT-1,PB,0.3349529186801969
MS,PB_16,TGACTAGTCGATAGAA-1,PB,0.9224952971196595
MS,PB_16,TGACTTTAGGGATCTG-1-1,PB,-0.037150030048837414
MS,PB_16,TGACTTTCAATGGAGC-1,PB,-0.07485925527881472
MS,PB_16,TGACTTTGTACCCAAT-1,PB,0.49667200945712153
MS,PB_16,TGACTTTTCGCAAGCC-1,PB,-0.052757694192159386
MS,PB_16,TGACTTTTCTACTTAC-1,PB,-0.29792794834763775
MS,PB_16,TGAGAGGAGCTAGGCA-1-1,PB,0.1562501579120889
MS,PB_16,TGAGAGGCATACGCTA-1,PB,-0.22474394937138215
MS,PB_16,TGAGAGGTCGGTCTAA-1,PB,1.0261539489573472
MS,PB_16,TGAGAGGTCGTGGGAA-1,PB,-0.12593284003595134
MS,PB_16,TGAGCATCACTACAGT-1,PB,0.027664006378826843
MS,PB_16,TGAGCATGTCTAAACC-1,PB,0.14352442978154026
MS,PB_16,TGAGCATTCCGCATCT-1,PB,-0.06808314924710138
MS,PB_16,TGAGCCGGTTCCACGG-1,PB,0.1500840343361475
MS,PB_16,TGAGCCGTCATGTCCC-1,PB,-0.07569422024775925
MS,PB_16,TGAGGGAAGGGCTTCC-1,PB,-0.15671494232665914
MS,PB_16,TGAGGGACAGACGCAA-1,PB,0.0943024513988651
MS,PB_16,TGAGGGAGTACCGTTA-1,PB,-0.0927597405646209
MS,PB_16,TGATTTCAGACGCTTT-1,PB,-0.03018092250998905
MS,PB_16,TGATTTCGTCATCGGC-1,PB,0.4374639279516735
MS,PB_16,TGCACCTAGACCGGAT-1,PB,-0.15775626132156995
MS,PB_16,TGCACCTAGTGTCTCA-1,PB,-0.08622342258700866
MS,PB_16,TGCACCTCATAACCTG-1,PB,0.3370501196619765
MS,PB_16,TGCCAAATCATAGCAC-1,PB,-0.0272911007476002
MS,PB_16,TGCCAAATCCTGCTTG-1,PB,-0.059321589804987966
MS,PB_16,TGCCCTAGTAGCTGCC-1-1,PB,-0.1664305239045007
MS,PB_16,TGCGCAGGTCGCATCG-1-2,PB,0.531580205974709
MS,PB_16,TGCGCAGTCAGTTGAC-1,PB,-0.12186266211449981
MS,PB_16,TGCGGGTCAGCGAACA-1,PB,0.20273546750977836
MS,PB_16,TGCGGGTGTATAAACG-1,PB,-0.29792794834763775
MS,PB_16,TGCGGGTTCCGCAGTG-1,PB,0.5001276211575899
MS,PB_16,TGCGGGTTCGATCCCT-1,PB,0.3467258328449318
MS,PB_16,TGCGTGGTCAAACCAC-1,PB,0.8685927304230009
MS,PB_16,TGCTACCAGTAGATGT-1,PB,-0.17418842873248727
MS,PB_16,TGCTACCCAAAGTCAA-1,PB,-0.09173885188861457
MS,PB_16,TGCTACCTCCTTAATC-1,PB,0.1507127898726718
MS,PB_16,TGCTACCTCGCAAACT-1,PB,-0.07210982739087132
MS,PB_16,TGCTGCTAGCTTATCG-1-1,PB,-0.21721036332521262
MS,PB_16,TGCTGCTAGTCCGGTC-1,PB,0.4816271773768159
MS,PB_16,TGCTGCTGTTGTGGCC-1,PB,0.4788924980895683
MS,PB_16,TGCTGCTTCCCATTAT-1,PB,-0.06236606111536651
MS,PB_16,TGGACGCAGAGGGATA-1,PB,0.19559879293128124
MS,PB_16,TGGACGCGTCGGGTCT-1,PB,0.15403337129876396
MS,PB_16,TGGCCAGAGAGATGAG-1,PB,0.13909462073233012
MS,PB_16,TGGCCAGAGGGTATCG-1,PB,0.7185498836720524
MS,PB_16,TGGCCAGCACGCTTTC-1,PB,-0.11661006380864594
MS,PB_16,TGGCGCACAAGTCTAC-1,PB,0.5575461197957365
MS,PB_16,TGGCGCATCCGTAGTA-1,PB,0.7305553594204344
MS,PB_16,TGGCGCATCGGCGGTT-1,PB,0.4094704056963861
MS,PB_16,TGGCTGGCACGACTCG-1,PB,0.42693151432067805
MS,PB_16,TGGGAAGAGATGTAAC-1,PB,0.5036504742387009
MS,PB_16,TGGGAAGGTTCCGTCT-1,PB,-0.1538936644271612
MS,PB_16,TGGGAAGTCTAAGCCA-1,PB,0.05395735153793959
MS,PB_16,TGGGCGTAGAGACTAT-1,PB,0.22278526500017856
MS,PB_16,TGGTTAGCAGACACTT-1,PB,0.0533603997409683
MS,PB_16,TGGTTAGCATCTATGG-1,PB,0.02863825517263329
MS,PB_16,TGGTTAGGTATCAGTC-1,PB,0.8013958328124691
MS,PB_16,TGGTTAGTCATTCACT-1,PB,-0.29792794834763775
MS,PB_16,TGGTTAGTCTGCTTGC-1,PB,-0.29792794834763775
MS,PB_16,TGTATTCTCATACGGT-1,PB,0.3318214162694946
MS,PB_16,TGTATTCTCGGAAATA-1,PB,-0.2165800316375867
MS,PB_16,TGTATTCTCTAACTCT-1,PB,-0.011477126070743058
MS,PB_16,TGTCCCAAGACTGTAA-1,PB,-0.29792794834763775
MS,PB_16,TGTCCCAAGTGTGGCA-1,PB,0.07597385540910657
MS,PB_16,TGTCCCACAGTAACGG-1-1,PB,0.039026476149664
MS,PB_16,TGTCCCAGTACATGTC-1,PB,0.40800637572673437
MS,PB_16,TGTCCCAGTCAGATAA-1,PB,0.20426764442237097
MS,PB_16,TGTGGTAGTAAGGGAA-1,PB,0.15482679766353993
MS,PB_16,TGTGGTATCAGTCCCT-1,PB,0.7905041147390588
MS,PB_16,TGTGTTTAGGGTTCCC-1,PB,0.7194117365831437
MS,PB_16,TGTTCCGCATGTTCCC-1,PB,-0.1360540491677819
MS,PB_16,TGTTCCGTCTTGTTTG-1,PB,0.1950988622215297
MS,PB_16,TTAACTCGTATGGTTC-1,PB,0.9273222540242141
MS,PB_16,TTAGGCACACACATGT-1-1,PB,0.7181653573221405
MS,PB_16,TTAGGCACACCTTGTC-1,PB,0.11750650349445461
MS,PB_16,TTAGGCAGTAACGACG-1,PB,0.013446588105278585
MS,PB_16,TTAGGCATCAACACGT-1,PB,0.03636095507414067
MS,PB_16,TTAGGCATCTGACCTC-1,PB,0.4039644113063817
MS,PB_16,TTAGTTCCAGTCGATT-1,PB,0.5008977015381694
MS,PB_16,TTAGTTCTCGTGGACC-1,PB,-0.29792794834763775
MS,PB_16,TTATGCTCATCTCCCA-1,PB,0.2447204810624921
MS,PB_16,TTATGCTCATTCTTAC-1,PB,-0.0641582813042217
MS,PB_16,TTATGCTTCACTCCTG-1,PB,-0.20286898643135928
MS,PB_16,TTCCCAGCACGGACAA-1-1,PB,0.26733982204494117
MS,PB_16,TTCCCAGGTAAGTTCC-1-1,PB,0.30962366364930743
MS,PB_16,TTCCCAGGTAGAAGGA-1,PB,0.5450623702368714
MS,PB_16,TTCCCAGGTCTTCAAG-1,PB,0.6636877421803842
MS,PB_16,TTCGAAGAGCCAACAG-1,PB,0.22731669326049933
MS,PB_16,TTCGAAGCAGGTGCCT-1,PB,0.06607912429491554
MS,PB_16,TTCGAAGGTCGATTGT-1,PB,0.02642091177099965
MS,PB_16,TTCGAAGTCACCATAG-1,PB,0.4341780452097944
MS,PB_16,TTCTACAAGTGCAAGC-1-1,PB,0.3006181789054847
MS,PB_16,TTCTACAGTAGGACAC-1,PB,1.0841070859135367
MS,PB_16,TTCTACAGTCAGATAA-1,PB,-0.29792794834763775
MS,PB_16,TTCTACAGTGGTAACG-1,PB,-0.29792794834763775
MS,PB_16,TTCTACATCTACGAGT-1,PB,0.05399925421968078
MS,PB_16,TTCTACATCTGGGCCA-1,PB,0.16716201294519192
MS,PB_16,TTCTCAATCAACCAAC-1,PB,0.20926634364079444
MS,PB_16,TTCTCAATCAGGATCT-1,PB,-0.0343499458816402
MS,PB_16,TTCTCCTTCAGCTGGC-1,PB,0.6084336809697408
MS,PB_16,TTCTTAGAGCAGGTCA-1,PB,0.12272305825269439
MS,PB_16,TTCTTAGGTCTCAACA-1,PB,-0.17434934549934164
MS,PB_16,TTCTTAGTCGGATGTT-1,PB,0.43846622265085733
MS,PB_16,TTGAACGAGATGTAAC-1,PB,0.5300263506534933
MS,PB_16,TTGAACGCACTACAGT-1,PB,0.4550454641462549
MS,PB_16,TTGAACGCAGGGATTG-1,PB,0.139337912163071
MS,PB_16,TTGACTTGTGGTCCGT-1,PB,0.27867102768575686
MS,PB_16,TTGACTTTCGTCCAGG-1,PB,-0.016513561992576583
MS,PB_16,TTGCCGTAGCGATGAC-1,PB,0.2031829663671066
MS,PB_16,TTGCCGTAGCTAGTTC-1,PB,0.026604541372661068
MS,PB_16,TTGCCGTAGTAGCCGA-1,PB,0.09193682248187766
MS,PB_16,TTGCCGTAGTTCGCGC-1,PB,-0.14028663055704996
MS,PB_16,TTGCCGTGTGGGTCAA-1,PB,-0.10621135291806759
MS,PB_16,TTGCGTCAGTGTACTC-1,PB,0.07866442091307536
MS,PB_16,TTGGAACCACCCATGG-1,PB,-0.044630335262336125
MS,PB_16,TTGGAACCACCTCGGA-1,PB,0.28603040454227396
MS,PB_16,TTGGAACGTAAGCACG-1,PB,0.8204491734489906
MS,PB_16,TTGGCAAAGAAACGAG-1,PB,0.5841395654882362
MS,PB_16,TTGGCAAAGAGCTGCA-1,PB,1.1451097886050994
MS,PB_16,TTGGCAAAGGAATTAC-1,PB,-0.21191801692876003
MS,PB_16,TTGGCAATCCAAGCCG-1,PB,-0.08815088571259541
MS,PB_16,TTGTAGGAGCGATAGC-1,PB,-0.003944207969276858
MS,PB_16,TTGTAGGCAATACGCT-1,PB,0.6499385880250584
MS,PB_16,TTGTAGGGTACCGGCT-1,PB,-0.13491663586191688
MS,PB_16,TTGTAGGGTCATATCG-1,PB,0.41970374038996583
MS,PB_16,TTGTAGGTCTGCCCTA-1,PB,0.036465116399428774
MS,PB_16,TTTACTGAGGAATGGA-1,PB,-0.08828684704726822
MS,PB_16,TTTATGCTCGTCCGTT-1,PB,0.5525922693283799
MS,PB_16,TTTCCTCAGTAGGCCA-1,PB,-0.17655234587877364
MS,PB_16,TTTGCGCAGATCGATA-1,PB,0.5112275429621744
MS,PB_16,TTTGCGCTCACTATTC-1,PB,0.31827006864229296
MS,PB_16,TTTGCGCTCGTACCGG-1-1,PB,-0.29792794834763775
MS,PB_16,TTTGCGCTCTTCCTTC-1,PB,0.8246601766261451
MS,PB_16,TTTGGTTAGCTCAACT-1,PB,-0.02353907665638843
MS,PB_16,TTTGGTTGTCCTGCTT-1-1,PB,0.30107390087368685
MS,PB_16,TTTGTCAAGAAGAAGC-1,PB,0.48475917298280896
MS,PB_16,TTTGTCAGTAGCTAAA-1,PB,0.06321052022587278
MS,PB_16,TTTGTCAGTCACTGGC-1,PB,-0.0549397797222649
MS,PB_22,AAACGGGAGGCATGGT-1-1,PB,-0.29792794834763775
MS,PB_22,AAAGTAGCAATCGGTT-1,PB,0.7069114144159669
MS,PB_22,AAATGCCCATTAGCCA-1,PB,0.23859753074601917
MS,PB_22,AAATGCCGTTCCTCCA-1,PB,0.145911401626506
MS,PB_22,AACACGTCAAGTCTGT-1,PB,0.08611262532068224
MS,PB_22,AAGACCTTCCGCGGTA-1,PB,0.149080964108354
MS,PB_22,AAGCCGCCACCGCTAG-1,PB,0.052201679130127986
MS,PB_22,AAGCCGCTCACTCTTA-1,PB,0.19991657767148127
MS,PB_22,AAGCCGCTCTCTGCTG-1,PB,0.6464432888740725
MS,PB_22,AAGGAGCGTATAAACG-1,PB,-0.1420588265738484
MS,PB_22,AAGGTTCCATGCCTAA-1,PB,0.9668476262466231
MS,PB_22,ACACTGAAGGTAAACT-1,PB,-0.033776360954662944
MS,PB_22,ACACTGATCACATACG-1,PB,0.3776317680208169
MS,PB_22,ACAGCTAAGTTGTAGA-1,PB,-0.15584461633899976
MS,PB_22,ACATGGTCAGCTTCGG-1,PB,-8.210892544657789e-06
MS,PB_22,ACCTTTATCTGCAGTA-1-1,PB,-0.16719633382175944
MS,PB_22,ACGAGCCAGAAGGACA-1,PB,0.10529732912877458
MS,PB_22,ACGATGTCAAGCGAGT-1,PB,-0.161445697108691
MS,PB_22,ACGCCAGAGTGTGAAT-1,PB,0.29626864270994513
MS,PB_22,ACGCCAGGTCGCGAAA-1-1,PB,0.033820294265668197
MS,PB_22,ACGCCAGGTTTAGCTG-1,PB,0.570290948767955
MS,PB_22,ACGCCAGTCGTCACGG-1,PB,-0.29792794834763775
MS,PB_22,ACGGGCTCAAAGAATC-1-1,PB,0.7262339462795413
MS,PB_22,ACGGGCTTCAGAGGTG-1,PB,-0.025207110065937906
MS,PB_22,ACGGGTCTCCACGAAT-1,PB,0.022803460597127474
MS,PB_22,ACGTCAAAGACCCACC-1,PB,0.5826664536675551
MS,PB_22,ACTGATGGTAATCACC-1,PB,0.1135817513797377
MS,PB_22,ACTGATGGTCCTAGCG-1-1,PB,-0.008706529846189161
MS,PB_22,ACTGCTCCATGCCTTC-1,PB,-0.29792794834763775
MS,PB_22,ACTTGTTTCAAGATCC-1,PB,0.20125604792392573
MS,PB_22,AGAATAGGTAGCTCCG-1,PB,0.5096774283460762
MS,PB_22,AGAGCGAAGAAAGTGG-1,PB,0.17241069904234266
MS,PB_22,AGAGCTTTCGTCGTTC-1,PB,-0.13975033296199985
MS,PB_22,AGAGTGGCACTCTGTC-1,PB,0.2901968856867595
MS,PB_22,AGATCTGAGATCACGG-1,PB,0.11296299221423667
MS,PB_22,AGATCTGGTTCGTTGA-1,PB,0.43110985122846607
MS,PB_22,AGATCTGTCACCGGGT-1,PB,-0.13442359051142105
MS,PB_22,AGATTGCTCACTCCTG-1,PB,0.046535980070194716
MS,PB_22,AGCAGCCAGGCCCTTG-1,PB,0.6663332539190481
MS,PB_22,AGCAGCCCAGCCAGAA-1,PB,0.14525902793259862
MS,PB_22,AGCCTAAAGCTGTTCA-1,PB,-0.026270447253570268
MS,PB_22,AGCCTAAGTGAGGCTA-1,PB,-0.10865073803859304
MS,PB_22,AGCCTAATCTAGCACA-1,PB,-0.29792794834763775
MS,PB_22,AGCGGTCAGAGTCTGG-1,PB,0.5011328809329634
MS,PB_22,AGCGTATGTTCCATGA-1,PB,0.07033299083885904
MS,PB_22,AGCTCTCAGTAGCCGA-1,PB,0.1548456619387689
MS,PB_22,AGCTCTCCATCGACGC-1,PB,-0.1186607312900206
MS,PB_22,AGGCCACGTGTCAATC-1,PB,-0.29792794834763775
MS,PB_22,AGGCCGTGTCCGTGAC-1,PB,-0.00040354856564551414
MS,PB_22,AGGCCGTTCGGAAACG-1,PB,0.45958198850453474
MS,PB_22,AGGGATGTCCCAAGTA-1,PB,-0.15804186369266846
MS,PB_22,AGTAGTCCACCCTATC-1,PB,0.9025144825066699
MS,PB_22,AGTGAGGCACGGTAAG-1,PB,-0.00266462604849303
MS,PB_22,ATAACGCTCACAGTAC-1,PB,0.22564386547340906
MS,PB_22,ATAGACCTCTCAACTT-1,PB,-0.08594500316900823
MS,PB_22,ATAGACCTCTGGTTCC-1,PB,0.06621348686029825
MS,PB_22,ATCACGATCTTCGAGA-1,PB,0.11168240197393346
MS,PB_22,ATCATCTGTCATTAGC-1,PB,0.14334828366018598
MS,PB_22,ATCGAGTCAAGTACCT-1-1,PB,0.4464472243167494
MS,PB_22,ATCTGCCTCACATAGC-1,PB,0.09117718012847147
MS,PB_22,ATGCGATGTATTCGTG-1,PB,0.3072864287301759
MS,PB_22,ATGCGATTCAAGATCC-1,PB,0.2454931511341307
MS,PB_22,ATGCGATTCCTGTAGA-1,PB,-0.21386699571130396
MS,PB_22,ATGGGAGAGACAAGCC-1,PB,-0.29792794834763775
MS,PB_22,ATGTGTGTCTTATCTG-1,PB,-0.16312074654101752
MS,PB_22,ATTCTACCATCGGACC-1,PB,0.03765679788721647
MS,PB_22,ATTGGACCACTTCTGC-1,PB,-0.03968223022025943
MS,PB_22,ATTTCTGAGGCATGTG-1,PB,0.0661025146192302
MS,PB_22,CAACCTCTCCATGAGT-1-2,PB,-0.16101551020943558
MS,PB_22,CAACTAGCAAACAACA-1,PB,0.2032659020255581
MS,PB_22,CAAGAAAAGCTAGTGG-1-1,PB,0.13361838604069257
MS,PB_22,CAAGTTGGTTGTGGAG-1,PB,0.9714469591895066
MS,PB_22,CACAAACCAGCTTCGG-1,PB,0.22195736377712194
MS,PB_22,CACACAAGTGCAGGTA-1,PB,0.09885271243291811
MS,PB_22,CACACCTCATCGGACC-1,PB,-0.29792794834763775
MS,PB_22,CACACCTTCTACCAGA-1,PB,0.3668524863889842
MS,PB_22,CACACTCGTCTGGAGA-1,PB,0.06766232063576885
MS,PB_22,CACAGGCTCCGCAGTG-1,PB,-0.18895602231325231
MS,PB_22,CACAGTAAGACGCTTT-1,PB,0.5375977830491918
MS,PB_22,CACAGTACAGCCTTGG-1-1,PB,0.5022310580754226
MS,PB_22,CACATTTCAGGACGTA-1,PB,0.7876368997147871
MS,PB_22,CACCACTAGACAGAGA-1,PB,0.4358105983009536
MS,PB_22,CACTCCACAAACCTAC-1,PB,0.2828223057827071
MS,PB_22,CAGAATCAGGACAGCT-1,PB,1.4598062522386894
MS,PB_22,CAGCGACTCGAGAGCA-1,PB,0.0010589472604565656
MS,PB_22,CAGCTGGTCGTCGTTC-1,PB,0.13265045256101837
MS,PB_22,CAGTCCTGTTGTTTGG-1,PB,0.39247757076193196
MS,PB_22,CATATGGAGTCATGCT-1,PB,0.05077959961455626
MS,PB_22,CATCAAGGTCGGGTCT-1,PB,0.027667681264329336
MS,PB_22,CATCAGATCGTTGCCT-1,PB,0.5777878430471931
MS,PB_22,CATCCACCATATACCG-1,PB,0.054781945130077614
MS,PB_22,CATCGAACAGTCAGAG-1,PB,0.22038084382283765
MS,PB_22,CATCGGGGTATAGTAG-1,PB,-0.03709005957542376
MS,PB_22,CATCGGGGTGTTGAGG-1,PB,0.11134073519898759
MS,PB_22,CATGACAAGAGTGACC-1,PB,-0.045141038164759485
MS,PB_22,CATGGCGCATCTCCCA-1,PB,-0.03875630017658849
MS,PB_22,CATTATCAGCGTTTAC-1,PB,0.4578083228538487
MS,PB_22,CCAATCCAGTAGATGT-1,PB,0.23859017608229532
MS,PB_22,CCAATCCGTCTCCCTA-1,PB,0.35156176569036823
MS,PB_22,CCACGGATCGTTTGCC-1,PB,-0.04131691421130556
MS,PB_22,CCAGCGATCATAGCAC-1,PB,-0.29792794834763775
MS,PB_22,CCATGTCTCACCAGGC-1,PB,-0.29792794834763775
MS,PB_22,CCATTCGAGGGAAACA-1,PB,0.2532118879880246
MS,PB_22,CCATTCGTCTTGCCGT-1,PB,0.16687527420535056
MS,PB_22,CCCAATCTCTTTAGTC-1,PB,-0.29792794834763775
MS,PB_22,CCCAGTTGTTTGTGTG-1,PB,0.12233464960593253
MS,PB_22,CCCAGTTTCACTATTC-1,PB,0.02521475901518107
MS,PB_22,CCCAGTTTCCAACCAA-1,PB,0.1531723624022823
MS,PB_22,CCCTCCTAGCGTCTAT-1,PB,0.24252758747794181
MS,PB_22,CCCTCCTGTACTCGCG-1,PB,-0.05853779456747184
MS,PB_22,CCTACCAAGGCGCTCT-1,PB,0.3756698726364754
MS,PB_22,CCTAGCTTCGACCAGC-1,PB,0.7468469824923961
MS,PB_22,CCTATTACATACGCTA-1,PB,0.0023458577976071615
MS,PB_22,CCTCTGAAGAGTACCG-1,PB,0.0034706355396929567
MS,PB_22,CCTCTGAGTGGCGAAT-1,PB,0.03474120019926122
MS,PB_22,CCTCTGATCTAAGCCA-1,PB,0.0854879525015858
MS,PB_22,CCTTACGTCAACGCTA-1,PB,0.060957215562290994
MS,PB_22,CCTTACGTCCTACAGA-1,PB,0.7394597496568283
MS,PB_22,CCTTCCCCAATCTGCA-1,PB,0.09710968189316442
MS,PB_22,CCTTCGAGTACTCAAC-1,PB,0.6211303330656134
MS,PB_22,CCTTTCTGTTGAGGTG-1-1,PB,0.3629340186099622
MS,PB_22,CCTTTCTTCAACGGGA-1,PB,0.6790442241594251
MS,PB_22,CCTTTCTTCCGCAGTG-1,PB,-0.024172875204925226
MS,PB_22,CGAACATTCTGGTTCC-1,PB,0.1116911147439942
MS,PB_22,CGAGCACCAAAGCGGT-1,PB,-0.11442294783906323
MS,PB_22,CGAGCACCATCCCATC-1,PB,-0.08156684402805396
MS,PB_22,CGATCGGGTCCTGCTT-1,PB,0.5152400155572612
MS,PB_22,CGATGGCAGCGAAGGG-1,PB,-0.04736963508191223
MS,PB_22,CGCGTTTTCTGCCAGG-1,PB,0.19792659087978268
MS,PB_22,CGCTATCAGCTCTCGG-1,PB,0.013900901453705563
MS,PB_22,CGCTATCGTGAGGCTA-1-1,PB,0.2348210740425943
MS,PB_22,CGGACGTAGCGCCTTG-1,PB,0.3543467077570384
MS,PB_22,CGGACGTTCCAAACAC-1,PB,-0.04685009788659404
MS,PB_22,CGGACTGGTAAAGTCA-1,PB,-0.08555850892985588
MS,PB_22,CGGGTCACACCAGTTA-1,PB,-0.17912632746059093
MS,PB_22,CGTAGCGTCGCACTCT-1,PB,-0.09797190804636444
MS,PB_22,CGTAGGCTCTGTCAAG-1,PB,-0.037951376243036274
MS,PB_22,CGTAGGCTCTGTGCAA-1,PB,0.5682133053323083
MS,PB_22,CGTCCATTCCTTCAAT-1,PB,-0.014997801604816825
MS,PB_22,CGTGAGCAGGAGTACC-1,PB,0.19937653945308131
MS,PB_22,CGTTCTGTCATATCGG-1,PB,-0.01882515014223544
MS,PB_22,CGTTGGGCAGCCAGAA-1,PB,0.34091914345845126
MS,PB_22,CTAACTTCAAGGCTCC-1,PB,-0.29792794834763775
MS,PB_22,CTAATGGAGCCTTGAT-1,PB,0.20500260023340558
MS,PB_22,CTACATTTCACCAGGC-1,PB,0.05028234310706531
MS,PB_22,CTACGTCCACGCTTTC-1,PB,0.8882749872868626
MS,PB_22,CTAGTGAGTAATAGCA-1,PB,0.11613461693101179
MS,PB_22,CTAGTGAGTCCGAATT-1-2,PB,0.38182254635194396
MS,PB_22,CTCAGAACAAGACGTG-1,PB,-0.1690777288031823
MS,PB_22,CTCAGAACAAGTCTGT-1-1,PB,-0.21555784742003942
MS,PB_22,CTCGAGGGTCTGGAGA-1,PB,0.01608665009270116
MS,PB_22,CTCGTACAGACTGTAA-1,PB,-0.0647618318972735
MS,PB_22,CTGCGGACACAGAGGT-1,PB,-0.03729222758091784
MS,PB_22,CTGCTGTCAATGGAAT-1,PB,0.16191523729585983
MS,PB_22,CTTACCGAGGACTGGT-1,PB,0.24772298589867153
MS,PB_22,CTTCTCTCAAACCTAC-1,PB,0.6383268949281599
MS,PB_22,CTTGGCTTCAACACGT-1,PB,0.06567581007370643
MS,PB_22,CTTGGCTTCGAGGTAG-1,PB,0.13343717161742705
MS,PB_22,GAAATGACATAACCTG-1,PB,0.001796957314692284
MS,PB_22,GAAATGATCCCTTGTG-1,PB,0.0514362726622456
MS,PB_22,GAACATCCACCGCTAG-1,PB,-0.04031972206991976
MS,PB_22,GAACGGACATGAGCGA-1,PB,-0.29792794834763775
MS,PB_22,GAACGGACATGTTCCC-1,PB,-0.15204710570345864
MS,PB_22,GAATGAACAGACAAGC-1,PB,0.06579087076659536
MS,PB_22,GAATGAATCGACCAGC-1,PB,0.050333704173305197
MS,PB_22,GACACGCAGCGTAATA-1,PB,0.17081319021978886
MS,PB_22,GACCTGGCAATAGCGG-1,PB,0.22305027987201378
MS,PB_22,GACGCGTCAGTCTTCC-1-1,PB,0.1885806987900124
MS,PB_22,GACGTGCTCACAATGC-1,PB,0.2932126119471023
MS,PB_22,GACTACAAGATATACG-1,PB,0.2619885454254697
MS,PB_22,GACTACAAGCTGCGAA-1,PB,0.17869521624069568
MS,PB_22,GACTACAGTACCGCTG-1,PB,-0.29792794834763775
MS,PB_22,GATCAGTGTAAGTGGC-1,PB,0.2880241087434401
MS,PB_22,GATCAGTTCAACTCTT-1,PB,-0.042239466843068105
MS,PB_22,GATCAGTTCCCGGATG-1,PB,0.5883175532090378
MS,PB_22,GATCGCGAGGATATAC-1-1,PB,0.2212093433615447
MS,PB_22,GATCTAGTCATCGCTC-1,PB,0.1788556177554488
MS,PB_22,GATGAGGCAATTCCTT-1,PB,0.6724187898851428
MS,PB_22,GCAAACTCAAGACGTG-1,PB,0.37152201150681774
MS,PB_22,GCAAACTTCGGTTAAC-1,PB,-0.08665298395414231
MS,PB_22,GCAATCATCCGCGCAA-1,PB,-0.04025813142107837
MS,PB_22,GCACTCTTCGCCCTTA-1,PB,0.5946579562238556
MS,PB_22,GCCAAATAGCGACGTA-1,PB,-0.1088846849334038
MS,PB_22,GCGAGAAGTATTACCG-1,PB,-0.29792794834763775
MS,PB_22,GCGAGAATCCTATGTT-1,PB,-0.06671017658612563
MS,PB_22,GCGCAACTCAGCCTAA-1,PB,0.20191350961555357
MS,PB_22,GCGCCAACAGTAAGAT-1,PB,0.6785326663830714
MS,PB_22,GCGCGATGTAGCTTGT-1,PB,0.3453363724726578
MS,PB_22,GCGCGATGTTGCGTTA-1,PB,0.6018389224144565
MS,PB_22,GCGCGATTCATGCTCC-1,PB,-0.20891115694730014
MS,PB_22,GCGCGATTCCGCGCAA-1,PB,0.29916334098967845
MS,PB_22,GCGGGTTCAGCTATTG-1,PB,0.5761934993603803
MS,PB_22,GCTGCAGGTGTTTGGT-1,PB,0.2006506546499163
MS,PB_22,GCTGCAGGTTGGTGGA-1,PB,0.5344695060748587
MS,PB_22,GCTGCGAGTAGCGCAA-1,PB,0.10404776706159938
MS,PB_22,GCTGCGATCAACCAAC-1,PB,0.7165855272991507
MS,PB_22,GCTGCTTGTGCGAAAC-1,PB,0.37795528105899756
MS,PB_22,GCTTCCACATAAAGGT-1,PB,0.46042350581122576
MS,PB_22,GCTTGAAAGGCCGAAT-1-1,PB,0.4130910233879386
MS,PB_22,GGAAAGCAGCAGCGTA-1,PB,-0.09010284273489486
MS,PB_22,GGAATAAGTCATCCCT-1,PB,0.9745148363510591
MS,PB_22,GGACAAGCAGAAGCAC-1,PB,-0.04716354755125388
MS,PB_22,GGATGTTCAATGGAAT-1,PB,0.08919107169606592
MS,PB_22,GGCAATTGTTATCACG-1,PB,0.460673872885069
MS,PB_22,GGCCGATCAAGGTTTC-1,PB,0.19008122947804776
MS,PB_22,GGCCGATTCATCGATG-1,PB,0.018277361277344997
MS,PB_22,GGCGTGTGTTCCACAA-1,PB,0.22446251427209646
MS,PB_22,GGCTGGTAGCCAACAG-1,PB,-0.223195634271722
MS,PB_22,GGGAATGAGTTCGCAT-1,PB,0.10420967395423841
MS,PB_22,GGGACCTAGGATGCGT-1,PB,0.255728276212599
MS,PB_22,GGGATGACACAGACTT-1,PB,-0.17076888722597744
MS,PB_22,GGTATTGTCGAGAACG-1-1,PB,-0.06143741975772322
MS,PB_22,GGTGCGTGTTGAACTC-1,PB,0.6728234355595557
MS,PB_22,GTAACGTAGCATCATC-1,PB,0.06487955089152793
MS,PB_22,GTAACGTAGTCCATAC-1,PB,0.03748279828254076
MS,PB_22,GTAACTGCACGAGAGT-1,PB,0.20959783730941023
MS,PB_22,GTACGTAAGCGATATA-1,PB,-0.14594795467029595
MS,PB_22,GTACGTATCCTTAATC-1,PB,0.2812213929230653
MS,PB_22,GTACTCCCAGGCTGAA-1,PB,0.4119529116098123
MS,PB_22,GTACTTTAGTGTGAAT-1,PB,-0.06555704133794066
MS,PB_22,GTAGGCCCACATTCGA-1,PB,-0.08214194863882307
MS,PB_22,GTATCTTGTGAACCTT-1,PB,-0.036075695047548276
MS,PB_22,GTATTCTGTACGAAAT-1,PB,-0.29792794834763775
MS,PB_22,GTCATTTCATCCGCGA-1,PB,0.05151142741245378
MS,PB_22,GTCATTTTCAACGGCC-1,PB,0.3841880624633553
MS,PB_22,GTCCTCACACTATCTT-1,PB,0.2117241110031107
MS,PB_22,GTCGGGTCACGTAAGG-1,PB,0.2151965318409467
MS,PB_22,GTGAAGGGTGAACCTT-1,PB,-0.22166452931909175
MS,PB_22,GTGCATACACTGTTAG-1,PB,0.08723246433264596
MS,PB_22,GTGCATAGTCCGAATT-1-2,PB,0.031752121180293656
MS,PB_22,GTGCGGTCATGGATGG-1,PB,0.33183905219340826
MS,PB_22,GTGCTTCCATTAGGCT-1-1,PB,0.1621335632234777
MS,PB_22,GTGTTAGAGATCGGGT-1,PB,0.32324183107431353
MS,PB_22,GTTAAGCCACACAGAG-1-1,PB,-0.29792794834763775
MS,PB_22,GTTCGGGTCCAAGCCG-1,PB,0.31064158613045223
MS,PB_22,GTTCTCGTCCGCGGTA-1,PB,0.21878812535170497
MS,PB_22,TAAGAGAGTTCCACTC-1,PB,-0.09296709709313174
MS,PB_22,TACAGTGCACGGCCAT-1,PB,0.3228229235924197
MS,PB_22,TACGGGCAGAGACTAT-1,PB,-0.08231862210588871
MS,PB_22,TACGGGCTCCCATTAT-1,PB,-0.07689421617837973
MS,PB_22,TACTCGCAGTAGCGGT-1,PB,0.4255429328607628
MS,PB_22,TACTTACCACCAGGTC-1,PB,-0.18840889711189956
MS,PB_22,TACTTACCACGGCTAC-1,PB,0.2055116927722099
MS,PB_22,TAGTGGTGTACCCAAT-1,PB,0.3491105234841974
MS,PB_22,TAGTTGGTCCCTCAGT-1,PB,0.01656933104533942
MS,PB_22,TATCAGGCACTACAGT-1,PB,0.39795706985725815
MS,PB_22,TATCTCAGTCTCGTTC-1,PB,0.05217185914627569
MS,PB_22,TCAACGATCAACGGGA-1-2,PB,0.15551663059835477
MS,PB_22,TCAATCTAGTTAAGTG-1,PB,0.1939786839806569
MS,PB_22,TCACAAGAGCAGGTCA-1,PB,-0.16260349869050164
MS,PB_22,TCAGATGGTGATAAGT-1,PB,0.006786412809764497
MS,PB_22,TCAGCTCAGGCCCGTT-1,PB,0.3694743316500819
MS,PB_22,TCAGGATCAGCTGTAT-1,PB,-0.29792794834763775
MS,PB_22,TCAGGATGTGATAAAC-1,PB,0.16525460487654683
MS,PB_22,TCAGGATTCAAGGTAA-1,PB,0.5823764874603106
MS,PB_22,TCATTTGAGATATGCA-1,PB,-0.12552833473474237
MS,PB_22,TCCCGATAGATGTAAC-1,PB,0.05265502954899075
MS,PB_22,TCCCGATTCCAAAGTC-1,PB,-0.18712824771465475
MS,PB_22,TCGAGGCCAAGTTAAG-1,PB,0.4408396372583546
MS,PB_22,TCGAGGCGTGTGGCTC-1,PB,0.222483247824483
MS,PB_22,TCGGTAAGTGCACTTA-1,PB,0.06544949331125026
MS,PB_22,TCTCATATCCTCAATT-1,PB,0.19921961919497597
MS,PB_22,TCTCTAAGTCTGATCA-1-1,PB,0.044527193054282495
MS,PB_22,TCTCTAAGTGATAAGT-1,PB,-0.00464815938715787
MS,PB_22,TCTGAGAGTTAAGATG-1,PB,-0.1374400199700381
MS,PB_22,TCTGAGATCACCGGGT-1,PB,0.07428180499362066
MS,PB_22,TCTGGAAAGGTAGCTG-1,PB,0.04971565095639459
MS,PB_22,TCTGGAACATGTAGTC-1,PB,-0.19826010697645696
MS,PB_22,TCTTTCCGTGAGGCTA-1,PB,0.3303601688244387
MS,PB_22,TGACGGCTCAGAGGTG-1,PB,0.07805353838675073
MS,PB_22,TGATTTCAGACAGACC-1,PB,-0.17963118677729537
MS,PB_22,TGATTTCCAGTCGTGC-1,PB,-0.17636658215410764
MS,PB_22,TGCACCTCACGGTAGA-1,PB,0.15761336843460422
MS,PB_22,TGCCAAACATTTCAGG-1,PB,-0.12798775871017232
MS,PB_22,TGCGCAGGTATAGGGC-1,PB,0.2045394294850356
MS,PB_22,TGCGCAGTCGACCAGC-1,PB,0.17598962447713437
MS,PB_22,TGCGGGTAGACTAGAT-1,PB,0.21584949852091553
MS,PB_22,TGCGTGGTCGGTTCGG-1,PB,0.44859294045663767
MS,PB_22,TGCTACCGTTCAGACT-1,PB,0.1135851282065125
MS,PB_22,TGCTACCTCATCTGCC-1,PB,-0.12430019780567844
MS,PB_22,TGGACGCAGGACCACA-1,PB,-0.29792794834763775
MS,PB_22,TGGACGCAGGTGGGTT-1,PB,0.05049251855659061
MS,PB_22,TGGACGCCAATCCGAT-1,PB,0.20244586333254086
MS,PB_22,TGGACGCGTATAGTAG-1,PB,0.3111851656213672
MS,PB_22,TGGACGCTCAACGCTA-1,PB,-0.2229046500918579
MS,PB_22,TGGGAAGGTATCAGTC-1,PB,0.1861536355148849
MS,PB_22,TGGTTAGCAGCCTTGG-1-2,PB,0.3840040385792715
MS,PB_22,TGGTTCCAGCCACGCT-1,PB,-0.1830798714752143
MS,PB_22,TGTATTCCACAGCGTC-1,PB,-0.13707380171285405
MS,PB_22,TTAACTCCAGGTCGTC-1,PB,0.548644038661792
MS,PB_22,TTAGGCAGTCAACTGT-1,PB,-0.02890112967002911
MS,PB_22,TTAGGCAGTGATGCCC-1,PB,0.7352744976026093
MS,PB_22,TTATGCTGTTGTACAC-1,PB,0.448589222494233
MS,PB_22,TTATGCTTCAAAGTAG-1,PB,0.18842736302442678
MS,PB_22,TTCCCAGAGCTTATCG-1,PB,0.12258355198902086
MS,PB_22,TTCTCAAAGAGACTAT-1,PB,-0.29792794834763775
MS,PB_22,TTCTCCTGTGGCAAAC-1,PB,0.06163795013442068
MS,PB_22,TTCTCCTTCCTATTCA-1,PB,-0.02134354512178718
MS,PB_22,TTGCCGTCAGCTTAAC-1,PB,0.30451288523326997
MS,PB_22,TTGGAACGTCGGCTCA-1,PB,0.1989943920815489
MS,PB_22,TTGGCAATCAGTCAGT-1,PB,0.4509914668399101
MS,PB_22,TTGTAGGAGTCCGGTC-1,PB,-0.14851968669414992
MS,PB_22,TTTACTGAGTGGACGT-1,PB,0.5997190163099609
MS,PB_22,TTTACTGTCACCGGGT-1,PB,-0.03164713718754011
MS,PB_22,TTTCCTCGTAGCGCAA-1,PB,0.24017031933001357
MS,PB_22,TTTCCTCGTCGCGGTT-1,PB,0.34933042559674504
MS,PB_22,TTTGGTTAGTTCCACA-1,PB,-0.12660067329596394
MS,PB_22,TTTGGTTGTGGTAACG-1,PB,0.7538610612700207
MS,PB_22,TTTGGTTTCGACAGCC-1,PB,0.015159083814428653
MS,PB_22,TTTGTCAAGCCCAATT-1,PB,-0.18691106037472957
MS,PB_24,AAACGGGAGCATGGCA-1,PB,0.5299895899688141
MS,PB_24,AAACGGGAGTTATCGC-1-1,PB,-0.19960600641756865
MS,PB_24,AAAGATGTCACGCGGT-1-1,PB,-0.044476441344625604
MS,PB_24,AAAGCAAAGCAATATG-1,PB,0.05659238357170126
MS,PB_24,AAAGCAAGTCTGCGGT-1,PB,0.5469963985452807
MS,PB_24,AAAGTAGGTAAATGAC-1,PB,-0.07864368959502202
MS,PB_24,AAAGTAGGTAGCTAAA-1,PB,-0.018620056519662316
MS,PB_24,AAAGTAGGTGGTCTCG-1,PB,0.025651439062366783
MS,PB_24,AAATGCCAGGTGCTAG-1,PB,-0.0853900667186629
MS,PB_24,AACACGTAGGACACCA-1,PB,0.03688269233346714
MS,PB_24,AACACGTAGTGTTGAA-1,PB,-0.04944739642801625
MS,PB_24,AACACGTCAAGTAATG-1,PB,0.23281045024939992
MS,PB_24,AACACGTCAGACGTAG-1,PB,0.2830827811939602
MS,PB_24,AACCATGAGCCACGCT-1,PB,0.26816543800012044
MS,PB_24,AACCATGAGCCAGTTT-1,PB,-0.11252298898571711
MS,PB_24,AACCATGGTCACCCAG-1,PB,-0.014172176454136336
MS,PB_24,AACCATGTCAACACTG-1-1,PB,-0.07376445127342975
MS,PB_24,AACCGCGCAATTCCTT-1,PB,0.5611566175521416
MS,PB_24,AACGTTGCAGGACGTA-1,PB,0.11352052686769183
MS,PB_24,AACGTTGGTGTGAAAT-1,PB,-0.29792794834763775
MS,PB_24,AACTCAGCACATCCAA-1,PB,-0.08207453562787348
MS,PB_24,AACTCAGGTAGAGGAA-1,PB,0.011657900288420215
MS,PB_24,AACTCAGGTATTCTCT-1,PB,0.006380238827131552
MS,PB_24,AACTCCCAGACTCGGA-1,PB,0.018324080655752282
MS,PB_24,AACTCCCAGTGTACTC-1,PB,-0.010504695340101733
MS,PB_24,AACTCCCGTTCACGGC-1,PB,0.474605603682641
MS,PB_24,AACTCCCGTTGGTTTG-1,PB,-0.29792794834763775
MS,PB_24,AACTCTTCAGACTCGC-1,PB,0.3193635025897511
MS,PB_24,AACTCTTGTCCGTCAG-1,PB,0.12467133478725526
MS,PB_24,AACTGGTGTTCGCTAA-1,PB,-0.12842851121543183
MS,PB_24,AACTTTCAGTAGTGCG-1,PB,-0.12283992635096788
MS,PB_24,AACTTTCGTAGATTAG-1,PB,0.11493002981178248
MS,PB_24,AAGACCTAGATTACCC-1,PB,0.1090947761059581
MS,PB_24,AAGACCTCATCTCGCT-1,PB,0.20015306835707228
MS,PB_24,AAGACCTCATTGGCGC-1,PB,0.26715518583951464
MS,PB_24,AAGCCGCGTCTCTTAT-1,PB,-0.042740593273202475
MS,PB_24,AAGCCGCTCCGCTGTT-1,PB,1.16650019347355
MS,PB_24,AAGCCGCTCGGTTCGG-1,PB,-0.13182375787059572
MS,PB_24,AAGGAGCAGGGTGTTG-1,PB,0.23141941605256225
MS,PB_24,AAGGAGCCAAGGCTCC-1-1,PB,0.349337160780633
MS,PB_24,AAGGAGCGTAGCGTCC-1,PB,0.16537849811200345
MS,PB_24,AAGGAGCTCGAATGGG-1,PB,-0.00444984179635385
MS,PB_24,AAGGTTCAGTCGTACT-1,PB,-0.29792794834763775
MS,PB_24,AAGGTTCCATGTCGAT-1,PB,0.027807044326314652
MS,PB_24,AAGGTTCGTGCGGTAA-1,PB,0.08948890694866025
MS,PB_24,AAGGTTCTCAATACCG-1,PB,0.5419347228947301
MS,PB_24,AAGTCTGAGAGTGACC-1,PB,0.7034368675144984
MS,PB_24,AAGTCTGAGCCATCGC-1,PB,0.7063018703713676
MS,PB_24,AAGTCTGAGGTGCAAC-1,PB,-0.29792794834763775
MS,PB_24,AAGTCTGTCAACACAC-1-1,PB,0.19626001507328836
MS,PB_24,AAGTCTGTCCACGTGG-1,PB,-0.29792794834763775
MS,PB_24,AAGTCTGTCTGCTGTC-1,PB,0.5396640390444993
MS,PB_24,AATCCAGCAGCCTTTC-1,PB,-0.005004291217334002
MS,PB_24,AATCCAGTCTTGAGGT-1,PB,-0.20989838808002093
MS,PB_24,AATCGGTGTCAGAATA-1,PB,-0.04243999957758165
MS,PB_24,AATCGGTTCATAAAGG-1,PB,0.013100598512933834
MS,PB_24,ACACCCTCATTCCTGC-1,PB,0.07369422191490568
MS,PB_24,ACACCGGAGTGCAAGC-1,PB,0.15095123621675163
MS,PB_24,ACACCGGGTTGATTGC-1,PB,-0.12651456246877404
MS,PB_24,ACACCGGTCTGAGGGA-1,PB,-0.02652183882108024
MS,PB_24,ACACTGAAGACAGAGA-1,PB,0.38271365948492253
MS,PB_24,ACACTGACACTGTCGG-1,PB,-0.29792794834763775
MS,PB_24,ACAGCCGGTTATCCGA-1,PB,-0.1471711964875641
MS,PB_24,ACAGCCGGTTGGTAAA-1,PB,0.03793128643733361
MS,PB_24,ACAGCCGTCTTGTTTG-1,PB,-0.018791333138306728
MS,PB_24,ACAGCTAAGCAAATCA-1,PB,0.2222158558639367
MS,PB_24,ACAGCTAAGTTGCAGG-1,PB,0.2091498675030408
MS,PB_24,ACAGCTATCACGAAGG-1,PB,0.19325795908319146
MS,PB_24,ACAGCTATCAGCCTAA-1,PB,0.10534548520007435
MS,PB_24,ACAGCTATCGAATGGG-1,PB,0.2514332340352428
MS,PB_24,ACAGCTATCTGAAAGA-1-2,PB,-0.1923423350893747
MS,PB_24,ACATACGAGCAAATCA-1,PB,0.07417569223439825
MS,PB_24,ACATACGAGCGTTGCC-1,PB,-0.10566007323408225
MS,PB_24,ACATACGAGCTAGGCA-1,PB,0.8204397794281704
MS,PB_24,ACATACGAGTGGGTTG-1,PB,-0.12483675197709936
MS,PB_24,ACATACGAGTTGTAGA-1,PB,-0.29792794834763775
MS,PB_24,ACATACGCACTATCTT-1,PB,0.07429149090450955
MS,PB_24,ACATACGGTTGTACAC-1-1,PB,-0.14847133128201856
MS,PB_24,ACATCAGGTCATGCCG-1,PB,-0.12507217369475954
MS,PB_24,ACATCAGGTGAGGGTT-1,PB,0.32710269521156515
MS,PB_24,ACATCAGTCTTGACGA-1,PB,0.08584305958846852
MS,PB_24,ACATGGTCAGCGAACA-1,PB,0.1376849930329552
MS,PB_24,ACCAGTACACTAAGTC-1,PB,0.6121326384769813
MS,PB_24,ACCAGTAGTAGTGAAT-1,PB,-0.12775475357463298
MS,PB_24,ACCAGTAGTGGACGAT-1,PB,0.166331074457845
MS,PB_24,ACCAGTAGTGGGTCAA-1,PB,0.1096845022930959
MS,PB_24,ACCCACTAGCGTTCCG-1,PB,0.09465362821129927
MS,PB_24,ACCCACTCAAATTGCC-1,PB,-0.05003234435211935
MS,PB_24,ACCCACTGTACAGTGG-1,PB,-0.07779526979910749
MS,PB_24,ACCCACTTCATCGGAT-1,PB,0.3426609589125741
MS,PB_24,ACCGTAATCACCGGGT-1,PB,0.13829210713929493
MS,PB_24,ACCGTAATCCATGCTC-1-1,PB,0.47887405161994495
MS,PB_24,ACCGTAATCGGAGCAA-1-1,PB,0.24362269629978936
MS,PB_24,ACCTTTAAGGGATCTG-1,PB,-0.29792794834763775
MS,PB_24,ACCTTTATCTTCATGT-1,PB,0.2579085151932096
MS,PB_24,ACGAGCCAGGAGCGAG-1-1,PB,0.15368206825896746
MS,PB_24,ACGAGCCAGGTACTCT-1,PB,-0.10649706908533149
MS,PB_24,ACGAGCCGTCTAGTCA-1,PB,-0.03619091287463714
MS,PB_24,ACGAGCCTCGTAGGAG-1,PB,0.4510647486892392
MS,PB_24,ACGAGGAGTATAATGG-1,PB,0.04280757840382706
MS,PB_24,ACGAGGATCTATCCTA-1-1,PB,-0.1718640636705097
MS,PB_24,ACGATACCAAATACAG-1,PB,0.10321080623184549
MS,PB_24,ACGATACGTCCATGAT-1,PB,-0.010208727764378407
MS,PB_24,ACGATACGTTAAGACA-1-1,PB,0.4115754102909493
MS,PB_24,ACGATACTCAAAGTAG-1,PB,-0.10318070819245394
MS,PB_24,ACGATGTAGTGCCATT-1,PB,0.5071073663946222
MS,PB_24,ACGCAGCAGGCAGTCA-1-1,PB,0.23188567153469272
MS,PB_24,ACGCAGCCATGAGCGA-1,PB,-0.150917057095921
MS,PB_24,ACGCAGCGTAGTACCT-1,PB,-0.29792794834763775
MS,PB_24,ACGCAGCGTCCAGTTA-1,PB,0.9531796642175812
MS,PB_24,ACGCAGCGTTCCCGAG-1,PB,0.280393073910859
MS,PB_24,ACGCCAGAGTATCTCG-1,PB,0.9899506741466488
MS,PB_24,ACGCCAGGTAAGTGGC-1,PB,-0.29792794834763775
MS,PB_24,ACGCCAGGTTCGTGAT-1,PB,-0.29792794834763775
MS,PB_24,ACGCCGACAGGGTTAG-1,PB,0.22902775299957617
MS,PB_24,ACGCCGATCAGCGACC-1,PB,0.4262086257779986
MS,PB_24,ACGGAGACATGTCCTC-1-1,PB,-0.29792794834763775
MS,PB_24,ACGGCCAAGTGTTTGC-1,PB,0.7574348364213489
MS,PB_24,ACGGCCAGTCAGGACA-1,PB,0.06336115216829075
MS,PB_24,ACGGCCAGTGCTGTAT-1,PB,0.6762256746058852
MS,PB_24,ACGGCCAGTTTACTCT-1,PB,-0.09214158407271915
MS,PB_24,ACGGCCATCTGTCTAT-1,PB,0.1385022029838046
MS,PB_24,ACGGGCTTCCGTTGCT-1,PB,-0.08849505504176232
MS,PB_24,ACGGGCTTCCTGTACC-1,PB,0.38138983788653685
MS,PB_24,ACGGGTCAGTCAATAG-1,PB,0.37788822523582777
MS,PB_24,ACGGGTCCACAGCGTC-1,PB,-0.29792794834763775
MS,PB_24,ACGTCAAAGGACACCA-1,PB,-0.13877766921065685
MS,PB_24,ACGTCAACAATCCAAC-1,PB,0.015059384929697384
MS,PB_24,ACGTCAAGTAATAGCA-1,PB,0.0999531612642863
MS,PB_24,ACTATCTCACACGCTG-1,PB,-0.015586506389026453
MS,PB_24,ACTGAACTCAGTCCCT-1,PB,0.22342214383777698
MS,PB_24,ACTGAGTAGCCAGTTT-1-1,PB,-0.1997979317254511
MS,PB_24,ACTGAGTCACATTCGA-1,PB,0.18864711634365178
MS,PB_24,ACTGATGCAGCATACT-1,PB,-0.19534460512834592
MS,PB_24,ACTGATGCAGGAATCG-1,PB,0.2855889364615287
MS,PB_24,ACTGATGGTTGCGCAC-1,PB,-0.12336699603384263
MS,PB_24,ACTGATGTCCTCGCAT-1,PB,0.4650718671510301
MS,PB_24,ACTGCTCCAGTCGATT-1,PB,-0.15411747687589486
MS,PB_24,ACTGTCCGTTATCACG-1,PB,-0.29792794834763775
MS,PB_24,ACTTACTCAAGCCGTC-1,PB,0.0824967600699813
MS,PB_24,ACTTACTCAGATGAGC-1,PB,0.09833029612147451
MS,PB_24,ACTTGTTAGTGCGATG-1,PB,-0.29792794834763775
MS,PB_24,ACTTGTTCATCTCGCT-1,PB,0.2587356374555703
MS,PB_24,ACTTGTTGTAGCTCCG-1-1,PB,0.41494519238356264
MS,PB_24,ACTTGTTGTTTCGCTC-1,PB,0.47398673740017117
MS,PB_24,ACTTTCACAACTGGCC-1,PB,-0.14713121974470217
MS,PB_24,ACTTTCAGTAGCTGCC-1,PB,-0.19044702084264853
MS,PB_24,AGAATAGCACAACGTT-1,PB,0.34676580398409146
MS,PB_24,AGAATAGCACGGCGTT-1,PB,-0.29792794834763775
MS,PB_24,AGAATAGTCGAATCCA-1,PB,0.5590889548924327
MS,PB_24,AGAATAGTCTGCGGCA-1,PB,-0.29792794834763775
MS,PB_24,AGACGTTGTTATCGGT-1,PB,0.9787838386164303
MS,PB_24,AGAGCTTAGCCTATGT-1,PB,0.14918719308607403
MS,PB_24,AGAGCTTCAAGGACTG-1,PB,0.21713085569892399
MS,PB_24,AGAGCTTCACGGTAGA-1,PB,-0.19821231624579425
MS,PB_24,AGAGCTTCATCGGACC-1,PB,0.4240233525599138
MS,PB_24,AGAGCTTTCAATCTCT-1,PB,0.28789848000563134
MS,PB_24,AGAGTGGAGCCCTAAT-1-1,PB,-0.29792794834763775
MS,PB_24,AGAGTGGCAAGACGTG-1,PB,-0.12266541089311508
MS,PB_24,AGAGTGGGTAGCTTGT-1,PB,0.10939038562835311
MS,PB_24,AGAGTGGTCCTAAGTG-1,PB,0.3913843211779701
MS,PB_24,AGATCTGAGTCGTTTG-1,PB,-0.29792794834763775
MS,PB_24,AGATCTGTCCAACCAA-1,PB,0.2974680690005805
MS,PB_24,AGATTGCGTCTGGTCG-1-1,PB,0.02614972061758525
MS,PB_24,AGATTGCTCAATCACG-1,PB,0.435027980130628
MS,PB_24,AGATTGCTCTCGCATC-1-1,PB,0.16541679142397286
MS,PB_24,AGCAGCCAGACAGAGA-1,PB,0.15039033799554158
MS,PB_24,AGCATACCACAGCGTC-1,PB,-0.020672179460023445
MS,PB_24,AGCATACGTTGCCTCT-1,PB,-0.03680514124266132
MS,PB_24,AGCATACTCACAGTAC-1,PB,0.018293081856911704
MS,PB_24,AGCCTAAAGCTAGGCA-1,PB,0.8995832756734068
MS,PB_24,AGCCTAACACGTTGGC-1,PB,0.49440723823660415
MS,PB_24,AGCCTAAGTCTCGTTC-1,PB,0.3628749251273605
MS,PB_24,AGCCTAAGTTCTGGTA-1,PB,0.2854996742723948
MS,PB_24,AGCCTAATCACTCCTG-1-1,PB,0.4767688582646147
MS,PB_24,AGCGGTCAGATAGGAG-1,PB,0.2924665035596776
MS,PB_24,AGCGGTCAGGTGTTAA-1,PB,0.12959986464222947
MS,PB_24,AGCGGTCTCTGGGCCA-1,PB,0.5765870338113297
MS,PB_24,AGCGTATCAGTTCCCT-1,PB,0.0624757773923275
MS,PB_24,AGCGTATGTTACGACT-1,PB,0.11773873017094126
MS,PB_24,AGCGTATGTTAGAACA-1,PB,0.08249820212872905
MS,PB_24,AGCGTCGCACGAAAGC-1,PB,-0.29792794834763775
MS,PB_24,AGCTCCTCAGTTCATG-1,PB,-0.29792794834763775
MS,PB_24,AGCTCTCTCTCTGAGA-1,PB,0.06277906009904215
MS,PB_24,AGCTTGAAGGAATTAC-1,PB,-0.29792794834763775
MS,PB_24,AGCTTGACACGGTAAG-1,PB,0.4622897740772623
MS,PB_24,AGCTTGACAGGATCGA-1,PB,-0.20977619560827424
MS,PB_24,AGCTTGAGTGTTTGGT-1,PB,0.20588206249166527
MS,PB_24,AGCTTGATCCACGTTC-1,PB,-0.1391018693458257
MS,PB_24,AGGCCACAGCGGATCA-1,PB,-0.03324608065157899
MS,PB_24,AGGCCACAGGGAGTAA-1,PB,0.09331914613617467
MS,PB_24,AGGCCACAGTAGCCGA-1,PB,0.26810648767860373
MS,PB_24,AGGCCGTAGAGTCGGT-1,PB,-0.29792794834763775
MS,PB_24,AGGCCGTGTGGCAAAC-1,PB,-0.016085431162556927
MS,PB_24,AGGGAGTAGTCGATAA-1,PB,0.6630048665921107
MS,PB_24,AGGGAGTTCCAACCAA-1,PB,-0.03433574954817662
MS,PB_24,AGGGATGAGAAACGAG-1,PB,-0.19842351249518156
MS,PB_24,AGGGATGAGGGCTTGA-1-1,PB,-0.0712357362802887
MS,PB_24,AGGGATGCAGCTTAAC-1,PB,-0.1625841252019645
MS,PB_24,AGGGTGAAGACGCTTT-1,PB,-0.29792794834763775
MS,PB_24,AGGGTGAGTACCAGTT-1,PB,-0.13925093089245613
MS,PB_24,AGGGTGAGTACCGCTG-1,PB,0.5224841511774858
MS,PB_24,AGGGTGATCAGTGCAT-1,PB,0.10665382972568792
MS,PB_24,AGGGTGATCTACTCAT-1,PB,0.6387376750266778
MS,PB_24,AGGTCATAGTTAGGTA-1,PB,-0.010343184092164472
MS,PB_24,AGGTCATCACACAGAG-1,PB,-0.19576552993934815
MS,PB_24,AGGTCATCACTGTTAG-1,PB,0.0038617623591710804
MS,PB_24,AGGTCATCAGTCAGCC-1,PB,0.04091756991944171
MS,PB_24,AGGTCATCATCCTTGC-1,PB,0.19196422608858035
MS,PB_24,AGGTCCGAGTGCTGCC-1,PB,0.10040852401473244
MS,PB_24,AGTAGTCAGATGTGGC-1,PB,0.42172270560940356
MS,PB_24,AGTAGTCAGCCGTCGT-1,PB,-0.03255327052284621
MS,PB_24,AGTAGTCCAAAGCAAT-1,PB,-0.20896263659855022
MS,PB_24,AGTAGTCTCAGGCGAA-1,PB,0.38620648681198055
MS,PB_24,AGTAGTCTCTAGAGTC-1,PB,-0.16012150607620804
MS,PB_24,AGTCTTTGTATCAGTC-1,PB,0.22726082333990075
MS,PB_24,AGTGAGGAGTGCAAGC-1,PB,0.1335073916733918
MS,PB_24,AGTGAGGGTAAACACA-1,PB,0.003176101181295362
MS,PB_24,AGTGAGGGTTAAGACA-1,PB,-0.15074151600139105
MS,PB_24,AGTGAGGTCCGAATGT-1,PB,0.05687975278639672
MS,PB_24,AGTGAGGTCGCAAACT-1,PB,-0.29792794834763775
MS,PB_24,AGTGTCACATCCTAGA-1,PB,-0.29792794834763775
MS,PB_24,AGTGTCAGTCGATTGT-1,PB,-0.29792794834763775
MS,PB_24,AGTGTCATCATAACCG-1,PB,-0.29792794834763775
MS,PB_24,AGTTGGTAGATCGATA-1,PB,0.1633994523397475
MS,PB_24,AGTTGGTAGGTTACCT-1,PB,-0.02446025513512109
MS,PB_24,AGTTGGTGTAGATTAG-1,PB,-0.02788821923678494
MS,PB_24,AGTTGGTTCACCCTCA-1,PB,-0.29792794834763775
MS,PB_24,AGTTGGTTCGAGAGCA-1,PB,-0.02324209970981516
MS,PB_24,ATAACGCGTCTAGGTT-1,PB,0.13029745411740362
MS,PB_24,ATAACGCTCATCTGTT-1,PB,-0.29792794834763775
MS,PB_24,ATAAGAGAGAATAGGG-1,PB,-0.1093954438746786
MS,PB_24,ATAAGAGAGCTGTCTA-1,PB,0.4513020973497209
MS,PB_24,ATAAGAGTCTAGAGTC-1-1,PB,0.12734236926505468
MS,PB_24,ATCACGAAGCTACCGC-1,PB,-0.29792794834763775
MS,PB_24,ATCACGACAAGGTTCT-1,PB,0.021451012612449544
MS,PB_24,ATCACGACATGGTCAT-1,PB,-0.19487705609892975
MS,PB_24,ATCACGAGTAGCACGA-1,PB,0.3416171374897096
MS,PB_24,ATCACGAGTATTACCG-1,PB,0.5604273146045359
MS,PB_24,ATCATGGAGAATAGGG-1,PB,-0.02193343733873577
MS,PB_24,ATCATGGCACCTCGTT-1,PB,0.025537512641755165
MS,PB_24,ATCCACCGTACAGCAG-1,PB,0.04679665614242706
MS,PB_24,ATCCACCGTTACTGAC-1-1,PB,0.3275058800677132
MS,PB_24,ATCCGAACATCCCACT-1,PB,0.28636068086663624
MS,PB_24,ATCCGAAGTACTTGAC-1,PB,0.13294940094284535
MS,PB_24,ATCCGAATCAGCAACT-1,PB,0.056287149078805256
MS,PB_24,ATCGAGTCAGCGAACA-1,PB,-0.02288483451732078
MS,PB_24,ATCGAGTGTATCACCA-1,PB,-0.12469075185191596
MS,PB_24,ATCGAGTGTCAATACC-1,PB,-0.11485548106874008
MS,PB_24,ATCGAGTTCGTTGCCT-1,PB,-0.04292244286337614
MS,PB_24,ATCTGCCAGCATGGCA-1,PB,0.47948419515963864
MS,PB_24,ATGAGGGGTCTCTCGT-1-1,PB,0.51755602789855
MS,PB_24,ATGCGATCATTGCGGC-1-1,PB,-0.29792794834763775
MS,PB_24,ATGCGATGTCAGAAGC-1,PB,-0.11149135834830395
MS,PB_24,ATGCGATTCTGCTTGC-1,PB,-0.29792794834763775
MS,PB_24,ATGTGTGAGATGGCGT-1-1,PB,0.1471120716574237
MS,PB_24,ATGTGTGAGCCGATTT-1,PB,0.00550391883105829
MS,PB_24,ATGTGTGAGGCATGGT-1,PB,0.17612590962368513
MS,PB_24,ATGTGTGCATCGGAAG-1-1,PB,0.22833311741159237
MS,PB_24,ATGTGTGGTCCAGTAT-1,PB,-0.29792794834763775
MS,PB_24,ATGTGTGTCAACACAC-1,PB,-0.05845380473649481
MS,PB_24,ATTATCCAGCTAGCCC-1,PB,-0.04652404423668627
MS,PB_24,ATTATCCAGGATATAC-1,PB,-0.11642413855627327
MS,PB_24,ATTATCCAGTCCGGTC-1-1,PB,-0.04320121971475006
MS,PB_24,ATTATCCAGTTAACGA-1,PB,0.009711954728621963
MS,PB_24,ATTATCCGTCAGAGGT-1,PB,0.018348492492282414
MS,PB_24,ATTCTACAGCCTATGT-1-1,PB,-0.17682813555975738
MS,PB_24,ATTCTACAGTCACGCC-1-1,PB,-0.025601133117618833
MS,PB_24,ATTCTACTCTTCGAGA-1,PB,0.07287786867261023
MS,PB_24,ATTGGACAGCATGGCA-1,PB,0.26584409381596225
MS,PB_24,ATTGGACGTAGCACGA-1,PB,0.09775203345804806
MS,PB_24,ATTGGACGTGCACCAC-1-1,PB,0.429620360959282
MS,PB_24,ATTGGACGTGCTGTAT-1,PB,0.48069417099610323
MS,PB_24,ATTTCTGAGGCGATAC-1,PB,0.5937887901048994
MS,PB_24,ATTTCTGAGTTAACGA-1,PB,0.9144048528582116
MS,PB_24,CAACCAAAGGCCCTTG-1,PB,0.048038694516862115
MS,PB_24,CAACCAAAGGTGTGGT-1-1,PB,0.837602276390942
MS,PB_24,CAACCTCTCAGTTGAC-1,PB,0.7429874226639959
MS,PB_24,CAACTAGAGTGTACGG-1,PB,0.1797121310340485
MS,PB_24,CAAGAAACAGCTCGAC-1,PB,0.32591026167562154
MS,PB_24,CAAGAAACAGTAAGAT-1,PB,0.2704317973978945
MS,PB_24,CAAGATCAGTTCGATC-1,PB,0.149776478987778
MS,PB_24,CAAGATCCACTTGGAT-1,PB,0.08793018775718552
MS,PB_24,CAAGGCCCACCACCAG-1,PB,-0.29792794834763775
MS,PB_24,CAAGGCCGTAAGCACG-1,PB,0.03819804385990815
MS,PB_24,CAAGGCCGTTGAACTC-1-1,PB,0.39388570161387265
MS,PB_24,CAAGTTGAGTAGCGGT-1,PB,0.18447676820985145
MS,PB_24,CAAGTTGCAAGTTGTC-1,PB,0.05393930743953938
MS,PB_24,CAAGTTGTCATTGCCC-1,PB,-0.29792794834763775
MS,PB_24,CACAAACGTTACTGAC-1,PB,-0.29792794834763775
MS,PB_24,CACACCTAGGAGTACC-1,PB,0.5867798960672329
MS,PB_24,CACACCTCATTACGAC-1,PB,0.6055983037810871
MS,PB_24,CACACTCCAGGGCATA-1,PB,1.1551637640880859
MS,PB_24,CACACTCCAGTCCTTC-1,PB,0.10325207075890977
MS,PB_24,CACACTCGTCAGCTAT-1,PB,-0.143891732751506
MS,PB_24,CACACTCGTGTGACGA-1,PB,0.10472082099466891
MS,PB_24,CACAGGCAGCATCATC-1,PB,-0.13290792076701238
MS,PB_24,CACAGGCCATGCCTTC-1,PB,0.7343255743015327
MS,PB_24,CACAGTAGTCGACTAT-1,PB,-0.20318704395037585
MS,PB_24,CACATAGCACAGGTTT-1,PB,-0.011718002859134895
MS,PB_24,CACATAGGTGCTGTAT-1,PB,0.5167343357266329
MS,PB_24,CACATAGTCGCTGATA-1,PB,-0.08028903546274739
MS,PB_24,CACATAGTCTCTAAGG-1,PB,0.6833258991435142
MS,PB_24,CACATTTAGATGCCAG-1,PB,-0.29792794834763775
MS,PB_24,CACATTTAGTGGGTTG-1,PB,-0.10065039848584766
MS,PB_24,CACATTTCAACACCTA-1,PB,0.5313791269828138
MS,PB_24,CACATTTCACAGAGGT-1,PB,0.07675873188246722
MS,PB_24,CACATTTGTAGGCATG-1,PB,-0.29792794834763775
MS,PB_24,CACATTTTCGTCCGTT-1-1,PB,-0.29792794834763775
MS,PB_24,CACCACTCAGGTCCAC-1,PB,0.5794972118453412
MS,PB_24,CACCACTTCACCAGGC-1,PB,0.04446396473450324
MS,PB_24,CACCAGGAGAGAACAG-1,PB,0.1502085791592691
MS,PB_24,CACCAGGCAGCCTATA-1,PB,0.73941361708194
MS,PB_24,CACCAGGTCCACGTGG-1,PB,0.6024211875303912
MS,PB_24,CACCTTGTCCAGAAGG-1,PB,-0.013710166202365006
MS,PB_24,CACTCCACACGGTTTA-1,PB,0.5337622293715126
MS,PB_24,CACTCCACATCACGTA-1-1,PB,-0.29792794834763775
MS,PB_24,CACTCCAGTTCCCGAG-1,PB,0.39986336793760063
MS,PB_24,CACTCCATCTAACCGA-1-1,PB,0.39574988644060494
MS,PB_24,CAGAATCAGGCTATCT-1,PB,0.1980083173879579
MS,PB_24,CAGAATCGTAGGGACT-1,PB,-0.12557708095182968
MS,PB_24,CAGAATCTCAGGATCT-1,PB,0.3440965344513871
MS,PB_24,CAGAGAGAGAACTCGG-1,PB,0.13656440796013575
MS,PB_24,CAGAGAGAGCTAAACA-1,PB,-0.29792794834763775
MS,PB_24,CAGATCAAGAAGATTC-1,PB,-0.17791513660028738
MS,PB_24,CAGATCATCTGTTGAG-1,PB,0.3072379808099016
MS,PB_24,CAGCAGCAGAGCAATT-1,PB,0.12324206566844913
MS,PB_24,CAGCAGCCATATACGC-1,PB,-0.10244694304790013
MS,PB_24,CAGCAGCTCGAGAACG-1,PB,-0.08424316469239357
MS,PB_24,CAGCATAAGCTGTTCA-1,PB,-0.29792794834763775
MS,PB_24,CAGCATACAGGGCATA-1-1,PB,-0.048013675581534555
MS,PB_24,CAGCATAGTGTAATGA-1,PB,0.1654901848551195
MS,PB_24,CAGCATATCAAACAAG-1,PB,0.43116782220210814
MS,PB_24,CAGCATATCCGCGGTA-1,PB,-0.18931764581750654
MS,PB_24,CAGCATATCCGGGTGT-1,PB,-0.01623666861237653
MS,PB_24,CAGCCGACAACGATCT-1,PB,0.6749026688159242
MS,PB_24,CAGCCGAGTGTCTGAT-1,PB,0.006083296456148944
MS,PB_24,CAGCGACCACACCGAC-1,PB,0.09378300488684164
MS,PB_24,CAGCGACCAGGAATCG-1,PB,0.061497922975630545
MS,PB_24,CAGCGACGTGTCTGAT-1-1,PB,0.6070039617427626
MS,PB_24,CAGCGACGTTAGGGTG-1,PB,-0.09889559171678183
MS,PB_24,CAGCTAACAGCTGTTA-1,PB,-0.12462709713947843
MS,PB_24,CAGCTGGGTGATAAAC-1,PB,0.16957401031756653
MS,PB_24,CAGGTGCGTCAGTGGA-1,PB,0.18004651334090171
MS,PB_24,CAGTAACCAGATAATG-1,PB,-0.10001425710581459
MS,PB_24,CAGTCCTAGGTTCCTA-1,PB,0.11138078490026262
MS,PB_24,CAGTCCTGTCAACTGT-1,PB,-0.1411113127775687
MS,PB_24,CATATGGCAAGGGTCA-1,PB,-0.29792794834763775
MS,PB_24,CATATGGCAATGAATG-1,PB,-0.03607089789329393
MS,PB_24,CATATGGTCTGTTGAG-1-1,PB,-0.19389838982910002
MS,PB_24,CATATTCAGTATCGAA-1,PB,0.17586373119286178
MS,PB_24,CATATTCGTATGCTTG-1,PB,0.18462621636978163
MS,PB_24,CATCAAGAGCTGCCCA-1-1,PB,-0.29792794834763775
MS,PB_24,CATCAAGCAATGGAGC-1,PB,0.2751082142208162
MS,PB_24,CATCAAGGTAAGTGTA-1,PB,0.09011948045478414
MS,PB_24,CATCAAGTCAAACCAC-1,PB,-0.29792794834763775
MS,PB_24,CATCAGAAGGATGTAT-1,PB,-0.13168574022286775
MS,PB_24,CATCAGACACGAAACG-1,PB,-0.29792794834763775
MS,PB_24,CATCGAAAGATCCTGT-1,PB,-0.10362239969555641
MS,PB_24,CATCGAACAATAGCGG-1,PB,-0.058399707115360175
MS,PB_24,CATCGAATCCTATTCA-1,PB,0.218683231897663
MS,PB_24,CATCGGGGTCGGCACT-1,PB,-0.10032714643751871
MS,PB_24,CATCGGGTCATTCACT-1,PB,0.1293194710565382
MS,PB_24,CATGACAGTCCGAACC-1,PB,-0.29792794834763775
MS,PB_24,CATGACATCTCTAAGG-1,PB,0.11233501290696053
MS,PB_24,CATGCCTAGCCAGGAT-1,PB,0.5771216593460867
MS,PB_24,CATGCCTAGTACGATA-1,PB,-0.29792794834763775
MS,PB_24,CATGCCTGTCTTGATG-1,PB,0.29880065916744575
MS,PB_24,CATGCCTTCAGATAAG-1,PB,0.004049483798686605
MS,PB_24,CATGCCTTCTCTGTCG-1-1,PB,-0.0884657826183796
MS,PB_24,CATGGCGCAAGCTGGA-1,PB,-0.29792794834763775
MS,PB_24,CATGGCGGTCGCTTTC-1,PB,-0.29792794834763775
MS,PB_24,CATTATCAGATCCCGC-1,PB,0.12168028659797796
MS,PB_24,CATTATCCACTGTCGG-1-1,PB,0.28210649988604186
MS,PB_24,CATTATCGTTGATTCG-1,PB,-0.008512548895211676
MS,PB_24,CATTATCTCGCAAACT-1-1,PB,0.5240766310744247
MS,PB_24,CATTCGCTCTCTTATG-1,PB,0.07080118254954589
MS,PB_24,CCAATCCCAGCTGTTA-1,PB,-0.11106051563429739
MS,PB_24,CCAATCCGTCTCAACA-1,PB,0.008025456979254988
MS,PB_24,CCAATCCGTGACGGTA-1,PB,0.1931357425100884
MS,PB_24,CCACCTAGTGGTCTCG-1,PB,-0.13842523051890784
MS,PB_24,CCAGCGAAGTACCGGA-1,PB,0.015239413295853797
MS,PB_24,CCAGCGACACTCTGTC-1,PB,0.07393750522835775
MS,PB_24,CCAGCGACATTTCAGG-1,PB,-0.14930234428514266
MS,PB_24,CCAGCGAGTGCACGAA-1,PB,-0.13058453856241684
MS,PB_24,CCAGCGATCGATCCCT-1,PB,-0.12101939896350523
MS,PB_24,CCATGTCAGCGCTTAT-1,PB,0.060148110895750485
MS,PB_24,CCATGTCTCACCGTAA-1,PB,0.11830172328573428
MS,PB_24,CCATTCGCACACTGCG-1,PB,-0.18865576889542976
MS,PB_24,CCCTCCTCAAACGTGG-1,PB,0.4521272443108151
MS,PB_24,CCCTCCTGTAGCTAAA-1-2,PB,0.6602352680458908
MS,PB_24,CCCTCCTTCTGATACG-1,PB,-0.0053790656487262235
MS,PB_24,CCGGGATAGGACGAAA-1,PB,0.02611239857367705
MS,PB_24,CCGGGATGTAACGTTC-1,PB,-0.07324378375719247
MS,PB_24,CCGGGATGTGCAGTAG-1,PB,0.14569646117965065
MS,PB_24,CCGGGATTCACGATGT-1,PB,-0.29792794834763775
MS,PB_24,CCGGTAGAGCGAGAAA-1,PB,0.8680852872469842
MS,PB_24,CCGGTAGCAGATGGGT-1,PB,0.212539335826575
MS,PB_24,CCGGTAGCAGGGAGAG-1,PB,-0.003401947807738535
MS,PB_24,CCGTACTGTAAACCTC-1,PB,-0.16073124981054548
MS,PB_24,CCGTACTGTTTGTTTC-1,PB,0.009027904786374987
MS,PB_24,CCGTGGACACCGATAT-1,PB,-0.29792794834763775
MS,PB_24,CCGTGGAGTCACTGGC-1,PB,0.18084209970333318
MS,PB_24,CCGTTCAAGTCTCGGC-1-1,PB,-0.09457385615483302
MS,PB_24,CCGTTCACAAACAACA-1,PB,0.10356526739903964
MS,PB_24,CCGTTCAGTTACGCGC-1,PB,0.38635915373511015
MS,PB_24,CCTAAAGAGAGTACAT-1,PB,-0.040646895735936314
MS,PB_24,CCTAAAGTCACAATGC-1,PB,0.05015575493361723
MS,PB_24,CCTACACAGTACGCCC-1,PB,-0.17172813165641024
MS,PB_24,CCTACACCACGTCAGC-1,PB,0.03621453308452168
MS,PB_24,CCTACACGTGACTACT-1,PB,0.02313776115023686
MS,PB_24,CCTAGCTAGGCATGTG-1-1,PB,0.03981653853212307
MS,PB_24,CCTAGCTTCACCAGGC-1,PB,-0.025814717244272183
MS,PB_24,CCTATTACAGCCTATA-1,PB,0.13927068786879707
MS,PB_24,CCTATTAGTCTCGTTC-1,PB,-0.043176503149060526
MS,PB_24,CCTCAGTGTGCTCTTC-1,PB,0.5248534994204405
MS,PB_24,CCTCAGTGTTCTCATT-1-1,PB,-0.19484856687189542
MS,PB_24,CCTCTGACATGATCCA-1-1,PB,0.054526188539533844
MS,PB_24,CCTCTGAGTCTGCGGT-1,PB,0.21648340634624094
MS,PB_24,CCTCTGATCTATCGCC-1,PB,-0.06947077987888636
MS,PB_24,CCTTACGTCGCCGTGA-1,PB,0.851159112073078
MS,PB_24,CCTTCCCAGAGTACAT-1,PB,0.44841375616328294
MS,PB_24,CCTTCCCCACCATCCT-1,PB,0.3230828645232121
MS,PB_24,CCTTCGACACCGTTGG-1,PB,0.5289601899962678
MS,PB_24,CCTTCGAGTATTCTCT-1,PB,0.3363034217186871
MS,PB_24,CCTTTCTAGACCGGAT-1,PB,-0.29792794834763775
MS,PB_24,CCTTTCTCAATCGGTT-1,PB,-0.09040497534857216
MS,PB_24,CCTTTCTCACCATGTA-1,PB,0.21077727201946767
MS,PB_24,CCTTTCTGTCGGCATC-1,PB,0.3146235642216079
MS,PB_24,CGAACATCATCCAACA-1,PB,0.1553869986445989
MS,PB_24,CGAATGTGTATTCTCT-1,PB,-0.09613022821449782
MS,PB_24,CGACCTTCATCCCACT-1,PB,0.216154629801885
MS,PB_24,CGACTTCAGGCTAGCA-1,PB,0.39071443125572547
MS,PB_24,CGACTTCTCCATTCTA-1,PB,-0.29792794834763775
MS,PB_24,CGAGAAGGTAAGGGCT-1,PB,-0.135840995195522
MS,PB_24,CGAGAAGGTTACGTCA-1,PB,0.15240009929436726
MS,PB_24,CGAGCACCAAGGTGTG-1,PB,0.12745984429981863
MS,PB_24,CGATCGGGTCACTGGC-1,PB,0.057646521143967726
MS,PB_24,CGATGGCTCACAATGC-1,PB,0.2867796288653371
MS,PB_24,CGATGGCTCGTTACGA-1,PB,0.47399023597407114
MS,PB_24,CGATGTAAGCACAGGT-1,PB,-0.18253258556159377
MS,PB_24,CGATGTAGTAATAGCA-1,PB,-0.1507154736079437
MS,PB_24,CGATGTATCGTTTATC-1,PB,0.05447884465330095
MS,PB_24,CGATGTATCTTGTACT-1,PB,0.04657222155268233
MS,PB_24,CGATTGAAGATAGCAT-1,PB,0.1965655499437346
MS,PB_24,CGATTGAAGGTGGGTT-1,PB,0.4698713674356929
MS,PB_24,CGATTGACACCGCTAG-1,PB,-0.13853857705701914
MS,PB_24,CGCGGTAAGTACGCCC-1-1,PB,-0.29792794834763775
MS,PB_24,CGCGGTACAAAGCAAT-1,PB,-0.29792794834763775
MS,PB_24,CGCGGTACACAGCCCA-1,PB,0.011832875257130313
MS,PB_24,CGCGGTACATCGATGT-1,PB,-0.027754064249125947
MS,PB_24,CGCGTTTAGCTAAACA-1,PB,-0.138517613785402
MS,PB_24,CGCGTTTCACATCCGG-1,PB,0.4317126767395975
MS,PB_24,CGCGTTTCAGGTGGAT-1,PB,0.025200789961028487
MS,PB_24,CGCTATCCAAGAGGCT-1,PB,-0.29792794834763775
MS,PB_24,CGCTATCCAATAGAGT-1,PB,-0.19424349361429397
MS,PB_24,CGCTATCCAGCCTATA-1,PB,0.4084840740107529
MS,PB_24,CGCTATCTCTATGTGG-1,PB,0.07521515313587734
MS,PB_24,CGCTGGAAGAAGGTGA-1,PB,0.19219194342934928
MS,PB_24,CGCTGGACAGTACACT-1,PB,0.8631048243509382
MS,PB_24,CGCTTCATCAACGGGA-1,PB,-0.29792794834763775
MS,PB_24,CGGACACAGAGCTGCA-1-1,PB,-0.18102931507398573
MS,PB_24,CGGACACCATCATCCC-1,PB,-0.15004792035720962
MS,PB_24,CGGACACGTCGCTTTC-1,PB,0.6001959762219193
MS,PB_24,CGGACGTAGCCCTAAT-1,PB,0.45783532170136737
MS,PB_24,CGGACGTCAGCATACT-1,PB,-0.05333994080024333
MS,PB_24,CGGACGTGTACAGTTC-1,PB,-0.29792794834763775
MS,PB_24,CGGACGTGTGGACGAT-1-1,PB,0.25221617481891256
MS,PB_24,CGGACTGTCATACGGT-1,PB,0.10908739064528265
MS,PB_24,CGGACTGTCTAACTGG-1,PB,0.24146684966737056
MS,PB_24,CGGAGCTCACAAGTAA-1,PB,-0.29792794834763775
MS,PB_24,CGGAGCTCACTGTTAG-1,PB,0.17309863879039394
MS,PB_24,CGGAGTCGTACGCACC-1,PB,0.1624661956175421
MS,PB_24,CGGCTAGGTATAATGG-1,PB,0.5475160299153037
MS,PB_24,CGGGTCAAGTGACTCT-1,PB,-0.29792794834763775
MS,PB_24,CGGGTCAGTCTAGTGT-1,PB,0.049481099318213616
MS,PB_24,CGGGTCAGTCTTTCAT-1,PB,0.35113078914661544
MS,PB_24,CGGGTCATCCGTCATC-1,PB,-0.10212398353649628
MS,PB_24,CGGTTAAAGGCAGTCA-1,PB,0.4574890702534117
MS,PB_24,CGGTTAACAAGTCTGT-1,PB,-0.007746023751115787
MS,PB_24,CGTAGCGCAAGGTGTG-1-1,PB,0.32630892046557936
MS,PB_24,CGTAGCGCAGTAAGAT-1,PB,-0.046157340429584116
MS,PB_24,CGTAGCGGTCTAGCGC-1,PB,0.07213578264695442
MS,PB_24,CGTAGGCAGCTGTCTA-1,PB,-0.1456978445896278
MS,PB_24,CGTCACTCAAGACACG-1,PB,-0.1102644086679384
MS,PB_24,CGTCACTCAGAGTGTG-1,PB,-0.18400229391785422
MS,PB_24,CGTCACTCAGTATAAG-1,PB,-0.17341700321329595
MS,PB_24,CGTCACTGTTGTCGCG-1,PB,0.061063886194821684
MS,PB_24,CGTCACTTCAGGATCT-1,PB,0.13128951217229254
MS,PB_24,CGTCAGGCAATAAGCA-1,PB,0.013760659508427923
MS,PB_24,CGTCAGGCATCCGGGT-1,PB,-0.011292544016884867
MS,PB_24,CGTCAGGGTAGTAGTA-1,PB,-0.05228972216771373
MS,PB_24,CGTCCATAGAACTGTA-1,PB,0.6130593101940108
MS,PB_24,CGTCCATCAAAGCAAT-1,PB,0.5778982908002328
MS,PB_24,CGTCCATGTCTGCAAT-1,PB,0.02684878729367956
MS,PB_24,CGTCTACAGATCCTGT-1,PB,0.159530044029748
MS,PB_24,CGTCTACCAAGCGATG-1,PB,0.15913382046145017
MS,PB_24,CGTCTACCACACCGCA-1,PB,-0.29792794834763775
MS,PB_24,CGTCTACCATCAGTCA-1,PB,-0.023395003033575296
MS,PB_24,CGTGAGCCAAGCTGTT-1,PB,-0.1918616714652027
MS,PB_24,CGTGAGCTCGAGCCCA-1,PB,-0.08266808158470684
MS,PB_24,CGTGAGCTCTGCGACG-1,PB,-0.14663641404825037
MS,PB_24,CGTGTAACACAAGTAA-1,PB,-0.04971102918385738
MS,PB_24,CGTGTAACACTTAAGC-1-1,PB,-0.29792794834763775
MS,PB_24,CGTGTAAGTCCGAACC-1,PB,0.12758302169619032
MS,PB_24,CGTGTAAGTGGCGAAT-1,PB,0.556617405553017
MS,PB_24,CGTGTCTGTGCCTTGG-1,PB,-0.061017377094978675
MS,PB_24,CGTTAGACAGACTCGC-1,PB,0.6405172690350974
MS,PB_24,CGTTCTGAGTTAGCGG-1,PB,-0.29792794834763775
MS,PB_24,CGTTCTGCAACTTGAC-1,PB,0.06924760760289506
MS,PB_24,CGTTCTGCAAGAAGAG-1,PB,0.2053343054920706
MS,PB_24,CGTTCTGGTTAAGGGC-1,PB,0.19971890301334766
MS,PB_24,CGTTCTGTCTCTAGGA-1-1,PB,0.19658588659145507
MS,PB_24,CTAACTTAGACTGGGT-1,PB,0.40470618977702666
MS,PB_24,CTAACTTAGGTTACCT-1,PB,0.6404446063839264
MS,PB_24,CTAACTTCAGGAACGT-1,PB,-0.08403290203650135
MS,PB_24,CTAAGACAGCTAGTGG-1,PB,0.4508487495025923
MS,PB_24,CTAAGACGTCTGGTCG-1,PB,0.17790563600324288
MS,PB_24,CTAAGACTCAGTCAGT-1,PB,-0.04588056326686283
MS,PB_24,CTAATGGCATTAACCG-1,PB,0.39117587222946854
MS,PB_24,CTACACCGTCTTTCAT-1,PB,0.2881954965722859
MS,PB_24,CTACACCGTTCATGGT-1,PB,-0.01640916620640004
MS,PB_24,CTACATTAGTACGTAA-1,PB,0.21345009737365303
MS,PB_24,CTACATTTCACATGCA-1,PB,-0.046955319185766856
MS,PB_24,CTACCCAAGAACTCGG-1,PB,0.6199666320127772
MS,PB_24,CTACCCAGTTATCCGA-1,PB,0.2994152329833466
MS,PB_24,CTACCCATCTTGACGA-1,PB,-0.29792794834763775
MS,PB_24,CTACGTCAGGATGTAT-1,PB,-0.09992148728596899
MS,PB_24,CTACGTCCAACGATGG-1,PB,-0.11163656571107523
MS,PB_24,CTACGTCGTCAAAGAT-1,PB,0.16523911326796403
MS,PB_24,CTAGAGTGTGTCAATC-1,PB,-0.29792794834763775
MS,PB_24,CTAGAGTTCTGCTGTC-1,PB,0.0194148355829272
MS,PB_24,CTAGCCTAGAGACTAT-1,PB,0.1041520262324495
MS,PB_24,CTAGCCTGTATTAGCC-1-1,PB,-0.29792794834763775
MS,PB_24,CTAGCCTGTCTCGTTC-1,PB,0.11467254667827644
MS,PB_24,CTCACACGTCCGAATT-1,PB,0.3053954682763093
MS,PB_24,CTCACACGTCTCCCTA-1,PB,0.11706223558385677
MS,PB_24,CTCACACTCGTTGACA-1,PB,0.5567496855920809
MS,PB_24,CTCAGAACAATGACCT-1-1,PB,-0.1460805649051516
MS,PB_24,CTCAGAACACCAGTTA-1,PB,0.11141175264841485
MS,PB_24,CTCAGAACAGTGGGAT-1,PB,0.2142531443609066
MS,PB_24,CTCAGAAGTGATGTCT-1,PB,-0.07757471724505689
MS,PB_24,CTCATTACAAGCGTAG-1,PB,-0.11027083808195595
MS,PB_24,CTCATTACATGTAAGA-1,PB,0.2367223827069239
MS,PB_24,CTCCTAGAGAAGGCCT-1-1,PB,-0.207941638594408
MS,PB_24,CTCCTAGAGACCTTTG-1,PB,0.38922982178548854
MS,PB_24,CTCCTAGCAATAAGCA-1,PB,0.2682826651170242
MS,PB_24,CTCCTAGCACATCTTT-1,PB,0.2394310014505976
MS,PB_24,CTCCTAGGTGAGGGAG-1,PB,-0.29792794834763775
MS,PB_24,CTCGAAACAGCTGGCT-1,PB,0.2577458861539532
MS,PB_24,CTCGAAAGTATAGTAG-1,PB,0.2037132150709797
MS,PB_24,CTCGAGGAGAGGGATA-1,PB,0.09220047890028996
MS,PB_24,CTCGAGGAGGATGGTC-1,PB,-0.030227560748396165
MS,PB_24,CTCGAGGGTAAAGTCA-1,PB,-0.29792794834763775
MS,PB_24,CTCGAGGTCCAAAGTC-1,PB,-0.10438366907556944
MS,PB_24,CTCGGAGCATTGGGCC-1,PB,-0.29792794834763775
MS,PB_24,CTCGGAGGTAACGCGA-1,PB,0.4448839232636312
MS,PB_24,CTCGGAGTCCAGAAGG-1,PB,-0.29792794834763775
MS,PB_24,CTCGTACCATCATCCC-1-1,PB,-0.29792794834763775
MS,PB_24,CTCGTCAAGCGGATCA-1,PB,-0.09705234501068426
MS,PB_24,CTCTAATAGGCCCTCA-1,PB,-0.0952541749861022
MS,PB_24,CTCTAATAGTTCCACA-1-1,PB,-0.29792794834763775
MS,PB_24,CTCTAATGTATTCTCT-1-2,PB,0.002461900239933471
MS,PB_24,CTCTACGCAGTAGAGC-1,PB,-0.04328519541611842
MS,PB_24,CTCTACGCATCCTTGC-1,PB,0.20871235438247585
MS,PB_24,CTCTGGTCAAGGTGTG-1,PB,0.34502072566681424
MS,PB_24,CTCTGGTCAGGGAGAG-1,PB,0.43923790963645376
MS,PB_24,CTCTGGTCATTGCGGC-1,PB,0.6119930164544589
MS,PB_24,CTCTGGTGTATTCGTG-1,PB,-0.04654180165468592
MS,PB_24,CTCTGGTTCTTGACGA-1,PB,0.055755122019741435
MS,PB_24,CTGAAACAGCCACGCT-1,PB,-0.1661153819823815
MS,PB_24,CTGAAACCATAGAAAC-1,PB,-0.013080014498076562
MS,PB_24,CTGAAACCATGGTCAT-1,PB,-0.29792794834763775
MS,PB_24,CTGATAGGTAGAGTGC-1,PB,-0.29792794834763775
MS,PB_24,CTGATAGGTAGCAAAT-1,PB,0.4977001709118187
MS,PB_24,CTGATAGGTCATCGGC-1,PB,0.2654427477143554
MS,PB_24,CTGATAGGTCTTCTCG-1,PB,0.26881770882865114
MS,PB_24,CTGATCCAGATATGGT-1,PB,0.11615622069644475
MS,PB_24,CTGATCCCAGTGGAGT-1-1,PB,-0.29792794834763775
MS,PB_24,CTGCCTAAGCTCCTCT-1-1,PB,-0.1375467472099288
MS,PB_24,CTGCCTAAGGATCGCA-1,PB,0.20980376434428782
MS,PB_24,CTGCCTACAATGACCT-1,PB,0.48852469820111866
MS,PB_24,CTGCGGATCGGAGGTA-1,PB,0.11643486434940524
MS,PB_24,CTGCGGATCGGTCCGA-1,PB,-0.18052268768383886
MS,PB_24,CTGCTGTAGCGATCCC-1,PB,0.06099623766569388
MS,PB_24,CTGCTGTCAGGTGGAT-1,PB,-0.024804504166741143
MS,PB_24,CTGGTCTGTATCTGCA-1-1,PB,0.22883057557626937
MS,PB_24,CTGGTCTGTGACCAAG-1,PB,0.005821088196970866
MS,PB_24,CTGGTCTTCCGTAGTA-1,PB,0.17550752711619846
MS,PB_24,CTGGTCTTCGTCACGG-1,PB,-0.010058337933134733
MS,PB_24,CTGTGCTGTCCCTTGT-1,PB,0.07096285090464005
MS,PB_24,CTGTGCTTCTCCGGTT-1,PB,-0.29792794834763775
MS,PB_24,CTGTTTATCAACACAC-1,PB,-0.29792794834763775
MS,PB_24,CTTAACTGTCCGCTGA-1,PB,-0.021555458291808844
MS,PB_24,CTTAACTGTCCGTCAG-1,PB,0.28600041667458737
MS,PB_24,CTTAACTGTTGCTCCT-1,PB,-0.09024941337552796
MS,PB_24,CTTAACTTCGTAGATC-1,PB,-0.16711251498123808
MS,PB_24,CTTACCGCAGCTGCTG-1-1,PB,0.921757798887442
MS,PB_24,CTTAGGAAGGTGACCA-1,PB,-0.29792794834763775
MS,PB_24,CTTAGGACATCCTAGA-1,PB,-0.29792794834763775
MS,PB_24,CTTCTCTCAGGAATGC-1,PB,-0.0643099704342472
MS,PB_24,CTTCTCTGTCTTGCGG-1,PB,0.19359990955805273
MS,PB_24,CTTCTCTGTTGACGTT-1,PB,-0.29792794834763775
MS,PB_24,CTTGGCTAGAGTAATC-1,PB,0.10559334106082696
MS,PB_24,CTTGGCTAGATGTAAC-1,PB,0.15295405358856393
MS,PB_24,CTTGGCTGTAATCGTC-1,PB,0.15278917122734573
MS,PB_24,CTTGGCTGTTAAAGAC-1,PB,-0.2114274372645042
MS,PB_24,CTTTGCGGTAATCGTC-1,PB,-0.29792794834763775
MS,PB_24,CTTTGCGGTCTAACGT-1-1,PB,-0.29792794834763775
MS,PB_24,GAAACTCCACCGATAT-1,PB,-0.15900860474660902
MS,PB_24,GAAACTCTCAAACCGT-1,PB,0.12234334984384589
MS,PB_24,GAAATGAAGCTGAAAT-1,PB,-0.29792794834763775
MS,PB_24,GAACATCCACAACTGT-1,PB,0.37376799138952255
MS,PB_24,GAACATCTCTATCCCG-1,PB,-0.29792794834763775
MS,PB_24,GAACCTAAGACCTAGG-1,PB,0.21951484153037162
MS,PB_24,GAACCTAAGCGATTCT-1,PB,0.1783896235149655
MS,PB_24,GAACCTAAGTTCGCAT-1,PB,0.3042306538488734
MS,PB_24,GAACCTACAGCCTATA-1,PB,0.2771621397229442
MS,PB_24,GAACCTAGTATGGTTC-1,PB,0.3464588711205227
MS,PB_24,GAACCTAGTCCTCCAT-1,PB,0.005478189675990912
MS,PB_24,GAACGGAAGTACGTTC-1-2,PB,0.028347838803055685
MS,PB_24,GAACGGATCCCAAGTA-1,PB,0.08593370905438198
MS,PB_24,GAATAAGCACAGTCGC-1,PB,0.4860252649463761
MS,PB_24,GAATAAGCAGGGTATG-1,PB,-0.06923071495629282
MS,PB_24,GAATAAGCAGTAACGG-1,PB,0.15169747037942152
MS,PB_24,GAATGAACATGCAACT-1,PB,0.43971393968695116
MS,PB_24,GACACGCCACAACGCC-1,PB,0.22011256133940668
MS,PB_24,GACACGCGTACCAGTT-1,PB,-0.20618541949019248
MS,PB_24,GACACGCGTCTCCACT-1,PB,0.42965092114650166
MS,PB_24,GACACGCGTTTACTCT-1,PB,0.3516002419579997
MS,PB_24,GACAGAGAGCCAGGAT-1,PB,-0.15567631559422845
MS,PB_24,GACAGAGTCGTGGGAA-1,PB,0.1890980474544277
MS,PB_24,GACCAATCACTATCTT-1,PB,0.024526044505389793
MS,PB_24,GACCAATCAGGCTCAC-1,PB,0.6902491076878575
MS,PB_24,GACCTGGCACATTTCT-1,PB,-0.13416474822748858
MS,PB_24,GACCTGGTCATGGTCA-1,PB,0.1476014590950888
MS,PB_24,GACCTGGTCTGGTGTA-1,PB,0.09021848367238795
MS,PB_24,GACGCGTAGAAACGCC-1,PB,1.4371577025347284
MS,PB_24,GACGCGTAGCTAACTC-1,PB,-0.12951362952075046
MS,PB_24,GACGCGTCATTTCAGG-1,PB,0.578657734681778
MS,PB_24,GACGCGTTCCTTTCGG-1,PB,-0.05058444201922487
MS,PB_24,GACGGCTAGTTCCACA-1-1,PB,-0.09458392154259518
MS,PB_24,GACGGCTGTTAAGAAC-1-1,PB,0.07395504977637622
MS,PB_24,GACGGCTTCTTGACGA-1,PB,-0.00026028514243631965
MS,PB_24,GACGTGCCAATAGAGT-1,PB,0.09720304173279791
MS,PB_24,GACGTGCCAGCCAATT-1,PB,-0.29792794834763775
MS,PB_24,GACTAACCACCTTGTC-1,PB,-0.1568040289639132
MS,PB_24,GACTAACTCGTAGATC-1,PB,0.49265616483367003
MS,PB_24,GACTACATCCTAGGGC-1,PB,0.044912122409265336
MS,PB_24,GACTACATCGCATGGC-1,PB,-0.29792794834763775
MS,PB_24,GAGGTGAGTGTTTGGT-1,PB,0.013009283978776796
MS,PB_24,GAGTCCGAGGATGGAA-1,PB,0.406884561997573
MS,PB_24,GAGTCCGAGTTCGATC-1-1,PB,-0.29792794834763775
MS,PB_24,GATCAGTCACACCGCA-1,PB,0.027618072068484083
MS,PB_24,GATCAGTGTCGGCTCA-1,PB,-0.11382692758820376
MS,PB_24,GATCAGTTCGCTTAGA-1,PB,0.4856115289264425
MS,PB_24,GATCAGTTCTTCGAGA-1,PB,0.2508417175563665
MS,PB_24,GATCGATAGCGAAGGG-1-1,PB,0.12687107158118463
MS,PB_24,GATCGATCATATGAGA-1-2,PB,0.0516165764193937
MS,PB_24,GATCGATGTCAACTGT-1,PB,0.2960316742274275
MS,PB_24,GATCGATTCATAACCG-1,PB,0.7497825004444488
MS,PB_24,GATCGCGAGGCACATG-1,PB,0.7846680201682984
MS,PB_24,GATCGCGAGGCGACAT-1,PB,0.14555497552261523
MS,PB_24,GATCGCGCAGACAAGC-1,PB,0.14149112101961925
MS,PB_24,GATCGCGCAGCGAACA-1-1,PB,-0.13261300565600473
MS,PB_24,GATCGCGGTTATGTGC-1,PB,-0.14520639150174117
MS,PB_24,GATCGTACAATGTAAG-1,PB,-0.29792794834763775
MS,PB_24,GATCGTACATGATCCA-1,PB,-0.076853744734837
MS,PB_24,GATCGTATCACGATGT-1,PB,-0.11678005035023972
MS,PB_24,GATCGTATCGGTGTCG-1,PB,-0.14774028777141632
MS,PB_24,GATCTAGAGAGATGAG-1,PB,-0.29792794834763775
MS,PB_24,GATGAAAGTGATGATA-1,PB,1.0382441138375167
MS,PB_24,GATGAGGAGCTAGGCA-1,PB,-0.21841586777712743
MS,PB_24,GATGAGGCACTTCTGC-1-1,PB,-0.29792794834763775
MS,PB_24,GATGCTACAGCAGTTT-1,PB,-0.1664120633586918
MS,PB_24,GATGCTAGTATGAAAC-1,PB,0.11846930677543122
MS,PB_24,GATGCTAGTGCAACTT-1,PB,0.24919917417220389
MS,PB_24,GATGCTATCCACTGGG-1,PB,-0.1281340257777083
MS,PB_24,GATTCAGTCCGAAGAG-1,PB,0.12157572002633163
MS,PB_24,GCAAACTAGTGCCAGA-1-1,PB,0.0071045928262818735
MS,PB_24,GCAAACTGTGTTCGAT-1,PB,0.054528032686095504
MS,PB_24,GCAATCAAGCGCTTAT-1,PB,0.15072451675536036
MS,PB_24,GCAATCACAGTGAGTG-1-1,PB,0.030500755316211176
MS,PB_24,GCACATAGTAAGTGGC-1,PB,-0.07081368443751575
MS,PB_24,GCACTCTCATCCCATC-1,PB,0.22414238519142213
MS,PB_24,GCACTCTGTAGCTGCC-1,PB,0.10313299371429589
MS,PB_24,GCAGCCAAGGGTGTGT-1,PB,0.21610212854797137
MS,PB_24,GCAGCCAGTACTTCTT-1,PB,0.011757496424295617
MS,PB_24,GCAGTTAAGAACTGTA-1,PB,0.09666260049338195
MS,PB_24,GCAGTTACATTACCTT-1,PB,-0.1322251054491368
MS,PB_24,GCAGTTAGTGTGAATA-1,PB,0.32062321514904213
MS,PB_24,GCAGTTATCCGTCATC-1,PB,-0.013562192082919413
MS,PB_24,GCATACAAGGCGTACA-1,PB,0.11211037206720838
MS,PB_24,GCATACACAGCTGTGC-1-1,PB,-0.12299004074396513
MS,PB_24,GCATGATAGTCCGGTC-1,PB,0.04683662848304949
MS,PB_24,GCATGATGTCTTGATG-1,PB,-0.05822206006365323
MS,PB_24,GCATGATGTGGTGTAG-1,PB,-0.29792794834763775
MS,PB_24,GCATGATTCATGTCTT-1,PB,-0.1991937570486732
MS,PB_24,GCATGCGAGCCTTGAT-1,PB,-0.18324563050258535
MS,PB_24,GCATGCGAGGTGACCA-1,PB,0.14326636358644995
MS,PB_24,GCATGCGGTTTAAGCC-1,PB,-0.29792794834763775
MS,PB_24,GCATGCGTCAGGCAAG-1,PB,0.5494110192643245
MS,PB_24,GCATGTACAGACGTAG-1,PB,0.20192168688313933
MS,PB_24,GCCAAATAGCTGTTCA-1,PB,0.16654481076483488
MS,PB_24,GCCTCTAAGATCCCAT-1,PB,0.11143048508787039
MS,PB_24,GCCTCTAAGGACAGCT-1,PB,-0.21990249977972248
MS,PB_24,GCCTCTACACCAGTTA-1,PB,-0.06954676841271504
MS,PB_24,GCGACCATCAACGAAA-1,PB,-0.054138054342839304
MS,PB_24,GCGAGAAAGTACGTAA-1,PB,0.21446266646366596
MS,PB_24,GCGCAACAGGATGGAA-1,PB,0.6066641599689354
MS,PB_24,GCGCAACAGGTGCTTT-1,PB,-0.0415986691415371
MS,PB_24,GCGCAACCAATCCAAC-1,PB,-0.29792794834763775
MS,PB_24,GCGCAACCAGTTCCCT-1,PB,0.05226288474484385
MS,PB_24,GCGCAACGTTAAGGGC-1,PB,-0.19341586234228045
MS,PB_24,GCGCAGTAGTCACGCC-1,PB,-0.015793866077215297
MS,PB_24,GCGCAGTCAAATACAG-1,PB,-0.29792794834763775
MS,PB_24,GCGCCAATCTACGAGT-1,PB,-0.12397542677011668
MS,PB_24,GCGCGATGTGCACGAA-1,PB,-0.29792794834763775
MS,PB_24,GCGCGATTCTAACGGT-1,PB,0.2552404575209312
MS,PB_24,GCGGGTTAGAGGACGG-1,PB,-0.14655409035497693
MS,PB_24,GCGGGTTAGGCAATTA-1,PB,0.2534794056031158
MS,PB_24,GCGGGTTCAGACGTAG-1-1,PB,0.27965044090779545
MS,PB_24,GCGGGTTCATGCCTTC-1,PB,-0.29792794834763775
MS,PB_24,GCGGGTTGTTCGCGAC-1-1,PB,-0.10852938663748704
MS,PB_24,GCTCCTAAGAGTACCG-1,PB,0.0056615763586219826
MS,PB_24,GCTCCTACAATTCCTT-1,PB,-0.13479169028407065
MS,PB_24,GCTCCTACATGCAATC-1,PB,-0.1293675993210117
MS,PB_24,GCTCCTAGTAAGTGTA-1,PB,-0.0529526202903718
MS,PB_24,GCTCTGTCACAGCCCA-1,PB,0.545819677121063
MS,PB_24,GCTCTGTGTATTACCG-1,PB,0.8822959003112147
MS,PB_24,GCTCTGTGTGGTACAG-1,PB,0.03582759599271807
MS,PB_24,GCTGCAGGTTCGCTAA-1-1,PB,-0.18750426731141484
MS,PB_24,GCTGCAGTCTGCCCTA-1,PB,0.17165300683966772
MS,PB_24,GCTGCGAAGACCCACC-1,PB,-0.20385508315056552
MS,PB_24,GCTGCGAAGGACGAAA-1,PB,-0.29792794834763775
MS,PB_24,GCTGCGAGTGCCTGGT-1,PB,0.016654224695129814
MS,PB_24,GCTGCGATCACGCGGT-1-1,PB,-0.09103227002038596
MS,PB_24,GCTGCTTAGATATGGT-1-1,PB,1.1447275307681388
MS,PB_24,GCTGCTTAGTGAAGTT-1,PB,0.0038813291965262525
MS,PB_24,GCTGCTTCACGAGAGT-1,PB,0.22414720833877738
MS,PB_24,GCTGCTTCATTCCTCG-1,PB,0.22126396995080025
MS,PB_24,GCTGGGTCAATCTACG-1,PB,0.28541803874487576
MS,PB_24,GCTGGGTCATGGTAGG-1,PB,1.0132652421975534
MS,PB_24,GCTGGGTTCACAAACC-1,PB,0.3941535561333397
MS,PB_24,GCTGGGTTCCGAACGC-1,PB,-0.03202726885221037
MS,PB_24,GCTGGGTTCCTAGGGC-1,PB,-0.12922805158446724
MS,PB_24,GCTGGGTTCTTTCCTC-1-1,PB,0.20045530832477582
MS,PB_24,GCTTCCACACCGATAT-1,PB,-0.04578217619478774
MS,PB_24,GCTTCCACACGTAAGG-1,PB,0.13758562155362197
MS,PB_24,GCTTCCAGTTAAGATG-1,PB,-0.29792794834763775
MS,PB_24,GCTTGAAAGTCCAGGA-1,PB,0.5351741596480181
MS,PB_24,GCTTGAAGTAACGTTC-1,PB,0.30364446532343947
MS,PB_24,GCTTGAAGTCTGGTCG-1,PB,-0.29792794834763775
MS,PB_24,GCTTGAATCCAGGGCT-1,PB,0.4230665881481174
MS,PB_24,GCTTGAATCCAGTATG-1,PB,0.655866863148849
MS,PB_24,GGAAAGCAGCCGCCTA-1,PB,-0.29792794834763775
MS,PB_24,GGAAAGCAGGGTTCCC-1,PB,0.10010707815549098
MS,PB_24,GGAAAGCCAAGCCATT-1,PB,-0.0035276281672453258
MS,PB_24,GGAAAGCCACAGACAG-1,PB,-0.29792794834763775
MS,PB_24,GGAAAGCGTTACCGAT-1,PB,-0.29792794834763775
MS,PB_24,GGAAAGCTCAGGCAAG-1,PB,0.462233577279318
MS,PB_24,GGAAAGCTCATGTCTT-1,PB,0.21886033640341987
MS,PB_24,GGAAAGCTCGGCCGAT-1,PB,0.30365816324145295
MS,PB_24,GGAACTTAGCCAGAAC-1,PB,0.25601742530358645
MS,PB_24,GGAACTTCACACATGT-1,PB,0.0036672235921833074
MS,PB_24,GGAACTTTCCTCAATT-1,PB,-0.174894323250416
MS,PB_24,GGAATAACACAGCCCA-1,PB,-0.008026199543551129
MS,PB_24,GGAATAACAGCCACCA-1-1,PB,-0.29792794834763775
MS,PB_24,GGACAAGAGACTGGGT-1,PB,0.2653028131084961
MS,PB_24,GGACAAGAGTGTTGAA-1,PB,-0.29792794834763775
MS,PB_24,GGACAAGCAAGTAGTA-1,PB,-0.12723858293242424
MS,PB_24,GGACAAGCATGACATC-1,PB,0.44922398714714085
MS,PB_24,GGACAAGGTCGGGTCT-1,PB,0.4948901668726452
MS,PB_24,GGACAGAAGGGATCTG-1,PB,1.059504277038501
MS,PB_24,GGACAGATCGCATGAT-1,PB,-0.14369599888930923
MS,PB_24,GGACATTAGAAACCTA-1,PB,0.3481218759272622
MS,PB_24,GGACATTAGATGTGGC-1-1,PB,1.0304156001130074
MS,PB_24,GGACATTAGGAGTAGA-1,PB,-0.29792794834763775
MS,PB_24,GGACATTAGTGTTAGA-1,PB,-0.29792794834763775
MS,PB_24,GGACATTGTAGATTAG-1,PB,0.24325191551221684
MS,PB_24,GGACGTCCAAAGTGCG-1-1,PB,-0.0996826330011867
MS,PB_24,GGACGTCCATGAAGTA-1,PB,-0.29792794834763775
MS,PB_24,GGACGTCTCAACACAC-1,PB,-0.02709327278002604
MS,PB_24,GGAGCAATCCTGCCAT-1,PB,-0.0805766286802456
MS,PB_24,GGATGTTCACGAAATA-1,PB,0.009544930808055898
MS,PB_24,GGATGTTCACTTACGA-1,PB,0.3470096155872652
MS,PB_24,GGATTACAGATGTAAC-1,PB,-0.025952525193264638
MS,PB_24,GGATTACAGGGTTCCC-1,PB,0.7998763623635659
MS,PB_24,GGATTACCAGCCAATT-1,PB,0.26424846423586007
MS,PB_24,GGCAATTCAATGAAAC-1-2,PB,-0.29792794834763775
MS,PB_24,GGCAATTGTACCGTTA-1,PB,0.41184627027152165
MS,PB_24,GGCAATTGTCATGCCG-1,PB,-0.044574376769623995
MS,PB_24,GGCAATTGTGTGGTTT-1,PB,-0.028287226211571655
MS,PB_24,GGCAATTGTTACGACT-1,PB,-0.05475829911181686
MS,PB_24,GGCCGATGTTCATGGT-1,PB,0.21347816945168077
MS,PB_24,GGCGACTAGCGATCCC-1,PB,0.35496618370715416
MS,PB_24,GGCGACTAGTTGAGAT-1,PB,0.21635997688848013
MS,PB_24,GGCGACTCACCTTGTC-1-1,PB,-0.14290746855272138
MS,PB_24,GGCGACTGTGGCAAAC-1-1,PB,0.5226611113289115
MS,PB_24,GGCGACTTCTTCGAGA-1,PB,-0.06875975319566831
MS,PB_24,GGCGTGTAGAAGAAGC-1,PB,-0.05139334020612131
MS,PB_24,GGCGTGTGTCTAGGTT-1,PB,0.35545734939782975
MS,PB_24,GGCTCGAAGTACTTGC-1,PB,0.5457809162874262
MS,PB_24,GGCTCGACAATACGCT-1,PB,0.5893584616059035
MS,PB_24,GGCTCGAGTTCGTGAT-1,PB,-0.0692232695223184
MS,PB_24,GGCTCGATCTGGTATG-1,PB,-0.11356780181624725
MS,PB_24,GGCTGGTTCAGGTTCA-1,PB,-0.005926828699451199
MS,PB_24,GGCTGGTTCCTCCTAG-1,PB,0.42219747558853854
MS,PB_24,GGGAATGAGACTAGGC-1-1,PB,0.5707115212662323
MS,PB_24,GGGAATGAGTTATCGC-1,PB,0.5845819960624911
MS,PB_24,GGGAATGCAAACTGCT-1,PB,0.45765762684901923
MS,PB_24,GGGACCTAGAAACGCC-1,PB,0.21051251707674412
MS,PB_24,GGGACCTCACTGTGTA-1,PB,-0.29792794834763775
MS,PB_24,GGGAGATAGATCCGAG-1,PB,-0.13438777224684925
MS,PB_24,GGGAGATAGCCACTAT-1,PB,0.24917105372961298
MS,PB_24,GGGAGATGTCTCATCC-1,PB,-0.15786238263766
MS,PB_24,GGGAGATGTTAGGGTG-1,PB,-0.29792794834763775
MS,PB_24,GGGATGAGTGTTAAGA-1-1,PB,-0.1190686698033965
MS,PB_24,GGGATGATCCAAACTG-1,PB,0.21461513734948653
MS,PB_24,GGGATGATCCTTGGTC-1,PB,0.31759633959114114
MS,PB_24,GGGCACTAGTGGAGTC-1-1,PB,-0.016765784101920717
MS,PB_24,GGGCACTCAAAGGCGT-1,PB,0.1659980889819798
MS,PB_24,GGGCACTGTTGATTGC-1,PB,-0.29792794834763775
MS,PB_24,GGGCATCAGAAGATTC-1,PB,-0.13747696013911526
MS,PB_24,GGGCATCAGCAGCCTC-1-1,PB,0.14113626393224202
MS,PB_24,GGGTTGCAGTCATGCT-1,PB,-0.12191390945975712
MS,PB_24,GGGTTGCGTCTCACCT-1,PB,0.08754923233123162
MS,PB_24,GGTATTGAGTGTGAAT-1,PB,0.14989228285914136
MS,PB_24,GGTATTGCACAACGCC-1,PB,0.1888331601626725
MS,PB_24,GGTATTGGTAAAGTCA-1,PB,0.5778556742293917
MS,PB_24,GGTATTGGTCAAGCGA-1-1,PB,0.019673631033196453
MS,PB_24,GGTGAAGAGCTTCGCG-1,PB,-0.06893909075692392
MS,PB_24,GGTGAAGAGGAGTAGA-1,PB,0.1696746531827836
MS,PB_24,GGTGAAGCAGACTCGC-1,PB,-0.01359558299309951
MS,PB_24,GGTGCGTAGCCGTCGT-1,PB,0.16241963072766877
MS,PB_24,GGTGCGTAGTGAAGTT-1,PB,-0.1949481987452677
MS,PB_24,GGTGCGTCATTGTGCA-1,PB,-0.12113612861517188
MS,PB_24,GGTGCGTGTCTCCACT-1-1,PB,-0.1819584783788383
MS,PB_24,GGTGTTAAGAAGATTC-1,PB,0.34018933594305123
MS,PB_24,GGTGTTATCTGTGCAA-1,PB,0.1489018808586277
MS,PB_24,GTAACGTAGTTAGGTA-1,PB,0.7857439565202581
MS,PB_24,GTAACGTCAGGATTGG-1-1,PB,0.27259292632102233
MS,PB_24,GTAACTGCAGTCAGCC-1-1,PB,0.17148222672998042
MS,PB_24,GTAACTGCATAGACTC-1,PB,0.40531643701417697
MS,PB_24,GTAACTGCATATACGC-1,PB,0.20778865811456465
MS,PB_24,GTAACTGGTTACCAGT-1,PB,-0.05269275355427637
MS,PB_24,GTACGTACATGCCACG-1,PB,-0.14753785865051108
MS,PB_24,GTACGTAGTTCAGGCC-1,PB,0.36908011216718106
MS,PB_24,GTACTCCAGGTGGGTT-1,PB,-0.0910645300643744
MS,PB_24,GTACTCCGTAATCACC-1,PB,-0.004237421890319519
MS,PB_24,GTAGGCCAGATGTCGG-1,PB,0.06228656942445845
MS,PB_24,GTAGGCCAGTTTGCGT-1,PB,-0.29792794834763775
MS,PB_24,GTAGGCCTCATGTCCC-1,PB,0.4261821428742327
MS,PB_24,GTAGTCACAGTCGATT-1,PB,0.11805217583321322
MS,PB_24,GTAGTCAGTGTGCGTC-1,PB,-0.13053279983871222
MS,PB_24,GTAGTCAGTTGCCTCT-1,PB,0.11990450176944908
MS,PB_24,GTAGTCATCGCTAGCG-1,PB,-0.29792794834763775
MS,PB_24,GTATCTTAGGATATAC-1,PB,-0.11733802862240807
MS,PB_24,GTATCTTCATACGCTA-1,PB,0.732844412352483
MS,PB_24,GTATTCTAGATGCCTT-1,PB,-0.18623940192596525
MS,PB_24,GTATTCTCAAAGTGCG-1,PB,-0.29792794834763775
MS,PB_24,GTCAAGTAGATCCGAG-1,PB,-0.29792794834763775
MS,PB_24,GTCAAGTCAGCTGTGC-1,PB,0.0848251457257788
MS,PB_24,GTCAAGTCAGGTGGAT-1,PB,0.2733620793668112
MS,PB_24,GTCACAACACCAGGTC-1,PB,0.15371028164291986
MS,PB_24,GTCACAACATCCTTGC-1,PB,-0.13562230876922104
MS,PB_24,GTCACAAGTATGCTTG-1,PB,0.07774883028691322
MS,PB_24,GTCACAAGTGGACGAT-1-1,PB,0.39214458238886746
MS,PB_24,GTCACGGAGACACGAC-1,PB,-0.20078268990480197
MS,PB_24,GTCACGGGTGAACCTT-1-1,PB,0.17099324165460122
MS,PB_24,GTCATTTCACCCATGG-1,PB,0.046770799449860685
MS,PB_24,GTCATTTGTATCTGCA-1,PB,-0.03941167861173276
MS,PB_24,GTCATTTGTGAACCTT-1,PB,-0.13919506603372253
MS,PB_24,GTCCTCAAGGATGGTC-1,PB,-0.07474918173495718
MS,PB_24,GTCCTCACATGCGCAC-1,PB,-0.12564372298988788
MS,PB_24,GTCGGGTCACCGATAT-1,PB,-0.29792794834763775
MS,PB_24,GTCGTAACACCAACCG-1,PB,0.5050640990057461
MS,PB_24,GTCGTAAGTCGCGGTT-1,PB,0.21744391435168595
MS,PB_24,GTCGTAATCCCAAGTA-1,PB,0.38930800815492045
MS,PB_24,GTCTTCGCAGATTGCT-1,PB,-0.0899301492907177
MS,PB_24,GTCTTCGGTCTGGTCG-1,PB,-0.29792794834763775
MS,PB_24,GTGAAGGAGATCCGAG-1,PB,0.1499954425701006
MS,PB_24,GTGAAGGAGGGTTCCC-1-1,PB,-0.29792794834763775
MS,PB_24,GTGCAGCAGCTAAACA-1,PB,-0.02833500520605067
MS,PB_24,GTGCAGCGTAGCTTGT-1,PB,0.158135246373542
MS,PB_24,GTGCATAAGCGATCCC-1,PB,0.3571429966662064
MS,PB_24,GTGCATACACACTGCG-1-1,PB,0.19869874468416016
MS,PB_24,GTGCATACACCACGTG-1,PB,-0.29792794834763775
MS,PB_24,GTGCATACATGTTGAC-1,PB,1.1156698418621842
MS,PB_24,GTGCGGTGTTACGCGC-1,PB,0.10812025500334374
MS,PB_24,GTGCGGTGTTGGGACA-1,PB,-0.29792794834763775
MS,PB_24,GTGCTTCAGACATAAC-1,PB,0.08953821266460686
MS,PB_24,GTGCTTCCAAGGCTCC-1-2,PB,0.38049083577798487
MS,PB_24,GTGCTTCTCGCTTGTC-1,PB,0.16095674683423464
MS,PB_24,GTGCTTCTCTAACGGT-1,PB,-0.12050374751759994
MS,PB_24,GTGTGCGTCAGAGACG-1,PB,0.017097641158976655
MS,PB_24,GTGTTAGAGATATGGT-1-1,PB,0.584353636789022
MS,PB_24,GTGTTAGCAAGGACTG-1,PB,0.13243706044541148
MS,PB_24,GTGTTAGCAGGGCATA-1,PB,-0.1964860741616974
MS,PB_24,GTTACAGGTGACTACT-1,PB,0.1395473292543894
MS,PB_24,GTTCATTCACAGGCCT-1,PB,0.43174914911477147
MS,PB_24,GTTCATTGTGACCAAG-1,PB,0.41448789966475397
MS,PB_24,GTTCGGGCACAAGACG-1,PB,0.5492012656050468
MS,PB_24,GTTCGGGTCTCTTGAT-1,PB,-0.29792794834763775
MS,PB_24,GTTCTCGAGAAACCTA-1-1,PB,-0.14181728817203337
MS,PB_24,TAAACCGAGACTAGGC-1,PB,-0.29792794834763775
MS,PB_24,TAAACCGAGCTAGCCC-1,PB,-0.29792794834763775
MS,PB_24,TAAGAGAAGACACGAC-1-1,PB,0.043707387418620944
MS,PB_24,TAAGAGAAGGCAGGTT-1,PB,-0.12115055499151176
MS,PB_24,TAAGAGATCTTTACGT-1,PB,-0.29792794834763775
MS,PB_24,TAAGCGTCAACACCCG-1,PB,-0.044574957484538505
MS,PB_24,TAAGTGCAGGTTCCTA-1,PB,0.14132490425480915
MS,PB_24,TAAGTGCAGTCCCACG-1,PB,-0.29792794834763775
MS,PB_24,TAAGTGCCACCGAAAG-1,PB,0.46348952111921926
MS,PB_24,TACACGAAGTCTCCTC-1,PB,-0.10177287719826425
MS,PB_24,TACACGAAGTGTTAGA-1,PB,0.38125406353095714
MS,PB_24,TACCTATGTCCATCCT-1,PB,-0.15489700252030505
MS,PB_24,TACCTATTCAGTTGAC-1,PB,0.41124692325889234
MS,PB_24,TACCTTACATAACCTG-1,PB,-0.05338940470970136
MS,PB_24,TACCTTACATAGACTC-1,PB,0.9132675900883683
MS,PB_24,TACCTTATCGTGACAT-1,PB,0.06990318544871546
MS,PB_24,TACGGATAGTTTGCGT-1,PB,0.0742474595909443
MS,PB_24,TACGGATCATCCGCGA-1,PB,0.04494359961472285
MS,PB_24,TACGGGCAGGACTGGT-1,PB,0.5626039643141704
MS,PB_24,TACGGGCTCACAACGT-1,PB,1.1943843538956387
MS,PB_24,TACGGTACAGTAGAGC-1,PB,0.2027535967058272
MS,PB_24,TACGGTAGTGCGCTTG-1,PB,-0.05974951503621948
MS,PB_24,TACTCATAGACATAAC-1,PB,-0.11786470066833643
MS,PB_24,TACTCATAGGGAACGG-1-1,PB,0.13241294581488763
MS,PB_24,TACTCATAGGTTCCTA-1,PB,-0.20001444582984942
MS,PB_24,TACTCATGTAAGAGAG-1,PB,0.5912020148445747
MS,PB_24,TACTCATTCAATCACG-1,PB,0.45553836985088403
MS,PB_24,TACTCATTCCGCGCAA-1,PB,-0.03940894611770528
MS,PB_24,TACTCGCGTCGTCTTC-1-1,PB,-0.18826405710269206
MS,PB_24,TACTCGCTCCGTTGTC-1,PB,-0.025999131227867955
MS,PB_24,TACTTACCATGGATGG-1,PB,0.9179718333274057
MS,PB_24,TACTTACGTTCGTCTC-1,PB,-0.029421527072369526
MS,PB_24,TACTTACTCGGAATCT-1,PB,0.1381342837770468
MS,PB_24,TACTTACTCGTACGGC-1,PB,0.04049058734256015
MS,PB_24,TACTTGTGTGAGGCTA-1,PB,0.13655567021667495
MS,PB_24,TAGACCAAGCTGAAAT-1,PB,0.24364396426687213
MS,PB_24,TAGACCACAAGCCATT-1-1,PB,-0.022511810120766623
MS,PB_24,TAGACCAGTGCAACGA-1,PB,0.39326103399491036
MS,PB_24,TAGAGCTAGAGCCCAA-1,PB,-0.29792794834763775
MS,PB_24,TAGAGCTGTCGCTTTC-1,PB,-0.0841165641591496
MS,PB_24,TAGAGCTTCTCGGACG-1,PB,-0.29792794834763775
MS,PB_24,TAGCCGGAGCGTTCCG-1,PB,0.3256718157243991
MS,PB_24,TAGCCGGTCACCATAG-1,PB,0.22492099819354214
MS,PB_24,TAGCCGGTCGGAAATA-1,PB,-0.08078106295011542
MS,PB_24,TAGGCATAGGATTCGG-1,PB,-0.11047744028223001
MS,PB_24,TAGGCATAGTCGCCGT-1,PB,-0.29792794834763775
MS,PB_24,TAGGCATTCCACGCAG-1,PB,0.10934209214716416
MS,PB_24,TAGGCATTCGACCAGC-1-1,PB,-0.06431161498754659
MS,PB_24,TAGTGGTCAAGAGGCT-1,PB,-0.15539669009453494
MS,PB_24,TAGTGGTCAGCGATCC-1,PB,0.0848327582801747
MS,PB_24,TAGTGGTTCTTCGAGA-1,PB,0.002463683636458721
MS,PB_24,TAGTTGGGTCATCCCT-1,PB,-0.12921976441301178
MS,PB_24,TAGTTGGTCTATGTGG-1,PB,-0.29792794834763775
MS,PB_24,TATCAGGAGATAGTCA-1,PB,0.3004847654778346
MS,PB_24,TATCAGGTCAGGTAAA-1,PB,0.14066223469317718
MS,PB_24,TATCTCACACGCGAAA-1,PB,0.21161413640198967
MS,PB_24,TATCTCACAGGAATCG-1,PB,0.026459048112773116
MS,PB_24,TATCTCAGTTCAACCA-1,PB,-0.29792794834763775
MS,PB_24,TATCTCAGTTGACGTT-1,PB,0.009596076227887242
MS,PB_24,TATCTCAGTTGCTCCT-1,PB,0.1101901281703467
MS,PB_24,TATCTCATCATAAAGG-1,PB,-0.20733592586126587
MS,PB_24,TATGCCCCACCTGGTG-1,PB,0.21749622570436689
MS,PB_24,TATTACCGTTCCCTTG-1,PB,0.1728413841020083
MS,PB_24,TCAACGACACTTCGAA-1,PB,0.1427981042683571
MS,PB_24,TCAACGACAGTTAACC-1,PB,0.3474503492055172
MS,PB_24,TCAATCTAGCTGTTCA-1,PB,0.4080512905885976
MS,PB_24,TCACAAGAGACTAGGC-1,PB,0.17522640484087715
MS,PB_24,TCACAAGCATCGTCGG-1,PB,-0.15065356738772626
MS,PB_24,TCACGAAAGGCCGAAT-1,PB,-0.29792794834763775
MS,PB_24,TCACGAAGTACAGCAG-1,PB,-0.1399973251762778
MS,PB_24,TCAGATGAGAGGGCTT-1,PB,0.024203402530023507
MS,PB_24,TCAGCAACAATCAGAA-1,PB,0.2351772034301677
MS,PB_24,TCAGCAAGTGGGTCAA-1-1,PB,-0.012397688681259353
MS,PB_24,TCAGCAATCAGGCCCA-1,PB,0.10996701602655601
MS,PB_24,TCAGCTCCAGTTCATG-1,PB,-0.14365475788360565
MS,PB_24,TCAGCTCGTAGTACCT-1,PB,0.24211296290306458
MS,PB_24,TCAGCTCTCACCTTAT-1-1,PB,-0.29792794834763775
MS,PB_24,TCAGCTCTCCGCAGTG-1-1,PB,-0.09504855547169612
MS,PB_24,TCAGGATAGGCACATG-1,PB,0.11901467082782029
MS,PB_24,TCAGGATGTGACCAAG-1,PB,0.6074717597270672
MS,PB_24,TCAGGTAAGAGCTTCT-1,PB,0.3905787074902752
MS,PB_24,TCAGGTAAGATATACG-1,PB,0.7290128360364354
MS,PB_24,TCAGGTAGTTTGGCGC-1,PB,-0.0836826810941657
MS,PB_24,TCAGGTATCAGTTGAC-1,PB,-0.29792794834763775
MS,PB_24,TCATTACAGGACACCA-1,PB,-0.01813368402323919
MS,PB_24,TCATTACAGGATGTAT-1,PB,0.49810642847720493
MS,PB_24,TCATTACGTAAACACA-1,PB,0.12368095739966946
MS,PB_24,TCATTACGTCGCGAAA-1-1,PB,-0.1931357651888377
MS,PB_24,TCATTACGTTTCCACC-1,PB,-0.004046248834082865
MS,PB_24,TCATTACTCGACAGCC-1,PB,-0.01718496759494357
MS,PB_24,TCATTTGAGGGTGTGT-1,PB,-0.29792794834763775
MS,PB_24,TCCACACCACAACTGT-1,PB,0.5618429480790835
MS,PB_24,TCCACACGTCATCGGC-1,PB,-0.0008978199432641633
MS,PB_24,TCCACACGTGAAGGCT-1,PB,-0.29792794834763775
MS,PB_24,TCCACACGTGTCGCTG-1,PB,-0.29792794834763775
MS,PB_24,TCGAGGCCAGTTCATG-1,PB,0.0743662219561164
MS,PB_24,TCGAGGCGTGTTCGAT-1,PB,-0.16117273230301743
MS,PB_24,TCGCGAGAGTACGCCC-1,PB,-0.04914979388843105
MS,PB_24,TCGCGAGCAGGGATTG-1,PB,-0.29792794834763775
MS,PB_24,TCGCGAGCATACGCTA-1,PB,0.8519139581659579
MS,PB_24,TCGCGAGTCTTCCTTC-1-1,PB,0.5220882488880666
MS,PB_24,TCGCGTTAGCGCCTCA-1-1,PB,-0.05950958258665273
MS,PB_24,TCGCGTTGTCGAAAGC-1,PB,-0.12317361633017687
MS,PB_24,TCGCGTTTCGATGAGG-1,PB,0.5466945133422152
MS,PB_24,TCGGGACCAAGCGCTC-1,PB,0.08394695504745012
MS,PB_24,TCGGGACTCACTTATC-1,PB,-0.29792794834763775
MS,PB_24,TCGGTAAGTCATACTG-1,PB,-0.29792794834763775
MS,PB_24,TCGGTAATCTAGAGTC-1,PB,0.40820775651313906
MS,PB_24,TCGTACCCATCCCATC-1-1,PB,0.44960752195694637
MS,PB_24,TCGTACCCATGCCACG-1,PB,0.7423847153443264
MS,PB_24,TCGTACCGTGCACTTA-1,PB,0.29473726972678177
MS,PB_24,TCGTAGACAATGGATA-1,PB,0.2901447928653083
MS,PB_24,TCTATTGAGTGTCTCA-1,PB,-0.18523828807534246
MS,PB_24,TCTATTGCACAACGCC-1,PB,0.31396206321379966
MS,PB_24,TCTATTGCACTTAACG-1,PB,0.3184407603698186
MS,PB_24,TCTATTGGTCTCAACA-1-1,PB,-0.29792794834763775
MS,PB_24,TCTCATAAGGCGTACA-1,PB,-0.03406295248548681
MS,PB_24,TCTCTAAAGACTGGGT-1,PB,-0.29792794834763775
MS,PB_24,TCTCTAACAGTTCCCT-1,PB,0.39858310048654505
MS,PB_24,TCTCTAAGTACATGTC-1,PB,0.008039162230054233
MS,PB_24,TCTCTAAGTCTAGCCG-1,PB,-0.29792794834763775
MS,PB_24,TCTCTAATCAGTTGAC-1,PB,-0.29792794834763775
MS,PB_24,TCTGAGACATCGATGT-1-1,PB,-0.1329540569704167
MS,PB_24,TCTGAGACATCTCGCT-1,PB,-0.11175711065282193
MS,PB_24,TCTGAGATCATCATTC-1,PB,0.2636199193777002
MS,PB_24,TCTGGAACAAAGGCGT-1,PB,0.005412273393865273
MS,PB_24,TCTGGAATCGGCATCG-1-1,PB,-0.0157374097550804
MS,PB_24,TCTTCGGGTACCGGCT-1,PB,0.014132812878707447
MS,PB_24,TCTTCGGGTATAGGGC-1,PB,-0.18630769967066216
MS,PB_24,TCTTTCCAGACTGTAA-1,PB,-0.29792794834763775
MS,PB_24,TCTTTCCGTCGACTAT-1-1,PB,-0.039402625876774386
MS,PB_24,TCTTTCCTCGTCCGTT-1,PB,-0.1741450917325773
MS,PB_24,TGAAAGACATGGTTGT-1,PB,-0.1923002688454097
MS,PB_24,TGACAACAGGGTCTCC-1,PB,-0.06582155583553426
MS,PB_24,TGACAACTCAAGATCC-1,PB,0.01093650213960332
MS,PB_24,TGACGGCCACAACGTT-1,PB,-0.1322591302181964
MS,PB_24,TGACGGCCACCTCGTT-1,PB,-0.0767596676302318
MS,PB_24,TGACGGCCAGCCAATT-1,PB,-0.14627308538818012
MS,PB_24,TGACGGCCAGGCAGTA-1,PB,0.10535648895132947
MS,PB_24,TGACGGCGTCCTAGCG-1,PB,0.23087053478592973
MS,PB_24,TGACTAGAGTCTCAAC-1,PB,0.2921707826740035
MS,PB_24,TGACTAGCAAACAACA-1,PB,0.3717226517347335
MS,PB_24,TGACTAGCACAGATTC-1,PB,-0.1808664483075739
MS,PB_24,TGACTAGCAGCCAGAA-1,PB,-0.12954114671609604
MS,PB_24,TGACTAGGTACTTCTT-1-1,PB,0.6557680676420066
MS,PB_24,TGACTAGGTGCGGTAA-1,PB,0.006241233262807455
MS,PB_24,TGACTAGGTGTGTGCC-1,PB,-0.29792794834763775
MS,PB_24,TGACTTTAGCAGCCTC-1,PB,-0.0034980564932845276
MS,PB_24,TGACTTTCAAGGTGTG-1,PB,0.07181088533490179
MS,PB_24,TGACTTTCATCGGACC-1,PB,0.1550263056123245
MS,PB_24,TGAGCATCAAGTACCT-1,PB,0.07823021468109899
MS,PB_24,TGAGCATCAATCTGCA-1,PB,0.2875344352470278
MS,PB_24,TGAGCATCATTTCACT-1,PB,-0.17232050885345476
MS,PB_24,TGAGCATGTATTCGTG-1,PB,-0.29792794834763775
MS,PB_24,TGAGCATGTGAAGGCT-1-1,PB,-0.0017628483229277711
MS,PB_24,TGAGCCGAGGTCGGAT-1,PB,-0.29792794834763775
MS,PB_24,TGAGCCGCAAGTAATG-1,PB,-0.005154457369841151
MS,PB_24,TGAGCCGTCGTACCGG-1,PB,-0.29792794834763775
MS,PB_24,TGAGGGAAGTACGACG-1,PB,0.0254845750888587
MS,PB_24,TGAGGGATCAAGGTAA-1,PB,0.23402156242345448
MS,PB_24,TGATTTCCATTGAGCT-1,PB,-0.1070599341424711
MS,PB_24,TGATTTCGTTGTGGAG-1,PB,-0.0702501552295935
MS,PB_24,TGCCAAAAGAGTACCG-1,PB,-0.19443347260135896
MS,PB_24,TGCCAAACAATCCGAT-1,PB,0.041169621208070814
MS,PB_24,TGCCAAAGTTAAGTAG-1,PB,-0.29792794834763775
MS,PB_24,TGCCAAAGTTAGTGGG-1,PB,0.05258745976037137
MS,PB_24,TGCCAAATCACCATAG-1,PB,-0.29792794834763775
MS,PB_24,TGCCCTACAAAGGTGC-1,PB,0.535181856862587
MS,PB_24,TGCCCTATCCAAATGC-1,PB,0.06321678569222232
MS,PB_24,TGCGCAGAGACTTGAA-1,PB,-0.29792794834763775
MS,PB_24,TGCGCAGAGCAGGTCA-1,PB,-0.00220284380111137
MS,PB_24,TGCGCAGAGGGAGTAA-1,PB,0.21753968399379436
MS,PB_24,TGCGCAGGTACCGTAT-1,PB,0.25673274778895566
MS,PB_24,TGCGGGTAGCGATTCT-1,PB,-0.29792794834763775
MS,PB_24,TGCGGGTAGGAGTAGA-1,PB,0.17561485320778017
MS,PB_24,TGCGGGTGTCGCGAAA-1,PB,0.5062610623036288
MS,PB_24,TGCGGGTTCCGTACAA-1,PB,0.07629425394369996
MS,PB_24,TGCGTGGAGGTGCTAG-1,PB,0.08268879651713992
MS,PB_24,TGCGTGGAGTTTAGGA-1,PB,0.4984087934352253
MS,PB_24,TGCGTGGCAGGAATCG-1-1,PB,0.5831819978890241
MS,PB_24,TGCTACCCATGTCCTC-1,PB,0.6426126165397908
MS,PB_24,TGCTACCCATGTCGAT-1,PB,0.012610847239809542
MS,PB_24,TGCTACCGTCGATTGT-1,PB,-0.29792794834763775
MS,PB_24,TGCTACCGTCGGCTCA-1-1,PB,-0.29792794834763775
MS,PB_24,TGCTACCGTGTTTGTG-1,PB,-0.13070765573674845
MS,PB_24,TGCTACCGTTCCATGA-1,PB,0.38702806553881686
MS,PB_24,TGCTACCTCACTTATC-1,PB,-0.09586867135484407
MS,PB_24,TGCTACCTCGGAATCT-1,PB,-0.05073998970722373
MS,PB_24,TGCTGCTGTGGTGTAG-1,PB,0.2749474269758335
MS,PB_24,TGCTGCTTCCGAGCCA-1,PB,-0.19473443906860663
MS,PB_24,TGGACGCGTGATAAGT-1,PB,0.4063508733654227
MS,PB_24,TGGACGCGTGTAAGTA-1,PB,-0.2058539633173714
MS,PB_24,TGGCCAGCAGCTCCGA-1-1,PB,-0.1012966341592433
MS,PB_24,TGGCCAGGTTGGTTTG-1,PB,-0.12558089655551224
MS,PB_24,TGGCCAGTCACCCTCA-1,PB,0.234540739715815
MS,PB_24,TGGCCAGTCTTTAGGG-1,PB,0.3821990010115922
MS,PB_24,TGGCGCAGTAAGTAGT-1,PB,0.4254261806723103
MS,PB_24,TGGCTGGAGTGGACGT-1,PB,0.038984751252078516
MS,PB_24,TGGCTGGCATATGCTG-1,PB,0.3576578741956023
MS,PB_24,TGGCTGGGTGTAATGA-1,PB,-0.15144649611978808
MS,PB_24,TGGCTGGTCGGACAAG-1,PB,-0.023650627407294234
MS,PB_24,TGGGAAGCAATAGAGT-1,PB,0.7888702071807006
MS,PB_24,TGGGCGTCACGGATAG-1,PB,0.279329594649085
MS,PB_24,TGGGCGTCACTGCCAG-1,PB,0.6191313669026678
MS,PB_24,TGGGCGTGTACTTGAC-1,PB,-0.031085404779139736
MS,PB_24,TGGGCGTGTTAAGTAG-1,PB,-0.12580103578816454
MS,PB_24,TGGGCGTTCTCGAGTA-1,PB,0.09848192010678113
MS,PB_24,TGGTTAGCATCCCACT-1,PB,-0.22434961886176286
MS,PB_24,TGGTTAGGTCTTCAAG-1,PB,0.4859888549351616
MS,PB_24,TGGTTAGTCCTGCTTG-1,PB,0.7682554234406249
MS,PB_24,TGTCCCAAGCTGTTCA-1-1,PB,-0.13675622952178107
MS,PB_24,TGTCCCACATGGGACA-1,PB,0.1317561866761641
MS,PB_24,TGTGGTAAGCCGATTT-1,PB,-0.14335547458335096
MS,PB_24,TGTGGTACACATTCGA-1,PB,0.28425487855645354
MS,PB_24,TGTGGTAGTTATCCGA-1,PB,0.16432482181649458
MS,PB_24,TGTGGTATCGATAGAA-1,PB,-0.29792794834763775
MS,PB_24,TGTGTTTTCCAAACTG-1,PB,-0.044251276778125695
MS,PB_24,TGTGTTTTCCGAAGAG-1,PB,0.4096338212330128
MS,PB_24,TGTTCCGAGTAGGCCA-1,PB,0.30304099111350313
MS,PB_24,TGTTCCGCAAATTGCC-1-1,PB,-0.29792794834763775
MS,PB_24,TGTTCCGGTAGGACAC-1,PB,0.02278359998524208
MS,PB_24,TTAACTCCAAGGTGTG-1,PB,0.008840480652957108
MS,PB_24,TTAGGACGTCTTCGTC-1,PB,-0.14151127527148602
MS,PB_24,TTAGGACTCAGTCAGT-1,PB,-0.1217428800058169
MS,PB_24,TTAGGCACAGCGTAAG-1,PB,-0.07902833297167075
MS,PB_24,TTAGGCACATATGCTG-1,PB,0.6203863855497636
MS,PB_24,TTAGGCACATGGATGG-1,PB,-0.20148859746005102
MS,PB_24,TTAGTTCGTCATCCCT-1,PB,0.22083928243006506
MS,PB_24,TTATGCTTCTAGCACA-1,PB,-0.29792794834763775
MS,PB_24,TTCCCAGAGCAGATCG-1,PB,0.028619995278608375
MS,PB_24,TTCCCAGCATCAGTCA-1-1,PB,-0.29792794834763775
MS,PB_24,TTCCCAGCATGTCGAT-1,PB,-0.13263336363972975
MS,PB_24,TTCCCAGGTTTGTTGG-1,PB,0.05557444749633057
MS,PB_24,TTCCCAGTCTTGAGGT-1,PB,0.35784491663728174
MS,PB_24,TTCGAAGAGAATGTTG-1,PB,0.5333563294153437
MS,PB_24,TTCGAAGCAGGACCCT-1,PB,-0.11789868901682413
MS,PB_24,TTCGAAGGTCTGCGGT-1,PB,0.23543897954881185
MS,PB_24,TTCGAAGTCGGTTCGG-1,PB,-0.15550616816465762
MS,PB_24,TTCGGTCCAGTGGAGT-1,PB,-0.29792794834763775
MS,PB_24,TTCGGTCGTAGCGATG-1,PB,-0.29792794834763775
MS,PB_24,TTCGGTCTCAGTTAGC-1,PB,-0.29792794834763775
MS,PB_24,TTCTACACACCATCCT-1,PB,0.29085672017745334
MS,PB_24,TTCTCCTCACGTGAGA-1,PB,-0.02626396803358735
MS,PB_24,TTCTTAGAGCCGCCTA-1,PB,-0.018621152242490384
MS,PB_24,TTCTTAGAGGCCATAG-1,PB,0.063561965997503
MS,PB_24,TTCTTAGCACATGTGT-1,PB,-0.19183127223353308
MS,PB_24,TTGAACGAGCGATAGC-1,PB,0.03272203404156378
MS,PB_24,TTGAACGAGTGCTGCC-1,PB,0.4635131340472624
MS,PB_24,TTGAACGCAAGCGTAG-1,PB,-0.1175506999009951
MS,PB_24,TTGAACGGTCTGGTCG-1,PB,0.19739842701896546
MS,PB_24,TTGAACGGTTCAGACT-1,PB,0.05375398910458307
MS,PB_24,TTGAACGTCTGACCTC-1,PB,0.03319219079294033
MS,PB_24,TTGACTTCATGGTTGT-1,PB,0.18416667515950907
MS,PB_24,TTGACTTCATTGTGCA-1-1,PB,0.49358569398591323
MS,PB_24,TTGACTTGTACAGTTC-1,PB,-0.29792794834763775
MS,PB_24,TTGACTTGTACCTACA-1,PB,0.2732280695903246
MS,PB_24,TTGACTTGTGTTTGGT-1,PB,-0.29792794834763775
MS,PB_24,TTGCCGTCAGACGTAG-1,PB,-0.10818199463373371
MS,PB_24,TTGCGTCTCCATGAAC-1,PB,0.11395044075357627
MS,PB_24,TTGCGTCTCTTGCAAG-1-1,PB,-0.06907693219906277
MS,PB_24,TTGGAACTCAATCTCT-1,PB,0.3272152735466221
MS,PB_24,TTGGCAACAATAAGCA-1,PB,-0.29792794834763775
MS,PB_24,TTGGCAACATTCCTGC-1,PB,0.1837460957964074
MS,PB_24,TTGTAGGAGACAGGCT-1,PB,0.038718298363848
MS,PB_24,TTGTAGGCAAGCCATT-1,PB,-0.29792794834763775
MS,PB_24,TTGTAGGGTGCACGAA-1,PB,0.5554807914148804
MS,PB_24,TTGTAGGTCCTAGAAC-1-1,PB,0.2788034982227073
MS,PB_24,TTTACTGAGTATCTCG-1,PB,0.5889659073511732
MS,PB_24,TTTATGCGTGTGCCTG-1,PB,0.010427204219891026
MS,PB_24,TTTCCTCAGTATTGGA-1,PB,-0.08210790974352511
MS,PB_24,TTTCCTCGTAGGCTGA-1,PB,0.12578201761763927
MS,PB_24,TTTCCTCTCATAGCAC-1,PB,-0.02056507637023434
MS,PB_24,TTTCCTCTCCCATTTA-1,PB,-0.0760126166118911
MS,PB_24,TTTCCTCTCTAACCGA-1-1,PB,-0.29792794834763775
MS,PB_24,TTTGGTTAGTTGTCGT-1,PB,0.06986617628460386
MS,PB_24,TTTGGTTCACGAGAGT-1,PB,-0.01488129674865297
MS,PB_24,TTTGGTTCAGGCGATA-1-1,PB,-0.2017458147684937
MS,PB_24,TTTGGTTTCAGCTGGC-1,PB,0.23771455740466713
MS,PB_24,TTTGTCATCGATCCCT-1,PB,-0.29792794834763775
MS,PB_25,AAACCTGAGAATTCCC-1,PB,0.4468547479260407
MS,PB_25,AAACCTGTCCAAGCCG-1-1,PB,0.06461589968007714
MS,PB_25,AAATGCCGTCACTTCC-1,PB,-0.10334955479766417
MS,PB_25,AACACGTGTGAGGGAG-1,PB,0.4796126035550694
MS,PB_25,AACCATGCACGTAAGG-1,PB,-0.16962303512656823
MS,PB_25,AACCGCGCAAGTCTAC-1,PB,0.17128964209584013
MS,PB_25,AACGTTGTCTCATTCA-1,PB,0.0528576321575518
MS,PB_25,AACTCAGAGACGCACA-1,PB,-0.11329549580683587
MS,PB_25,AACTCAGTCAACGGGA-1,PB,0.6861495743886092
MS,PB_25,AACTCTTCATCTGGTA-1,PB,-0.29792794834763775
MS,PB_25,AACTTTCGTTCAGCGC-1,PB,-0.29792794834763775
MS,PB_25,AAGCCGCAGTCCATAC-1,PB,-0.10602601230654916
MS,PB_25,AAGCCGCGTCCTCCAT-1-1,PB,0.008052094406529335
MS,PB_25,AAGGAGCTCAAAGACA-1,PB,-0.1426133781040378
MS,PB_25,AAGGCAGGTGTTAAGA-1,PB,0.06162078126127578
MS,PB_25,AAGGTTCTCAGCGATT-1,PB,-0.29792794834763775
MS,PB_25,AATCCAGCACCTCGTT-1,PB,-0.17989313564244802
MS,PB_25,AATCGGTCACATCCGG-1-1,PB,-0.08507467461230701
MS,PB_25,AATCGGTCAGGGTTAG-1,PB,-0.013723863107414445
MS,PB_25,ACACCGGAGTGTACCT-1,PB,-0.08243648053639305
MS,PB_25,ACACTGATCCGTACAA-1,PB,0.04332920523478573
MS,PB_25,ACAGCTAAGAATGTGT-1,PB,-0.04758768156443342
MS,PB_25,ACATACGAGCTCTCGG-1-1,PB,-0.17725879134174383
MS,PB_25,ACATACGGTGTCAATC-1,PB,0.07505964941660159
MS,PB_25,ACATGGTAGAATGTGT-1,PB,0.28838948403029663
MS,PB_25,ACCCACTAGGCTAGCA-1-1,PB,-0.12266981751491837
MS,PB_25,ACGAGCCTCTAACCGA-1,PB,-0.06435477981336732
MS,PB_25,ACGAGGACAGCTGTAT-1,PB,0.20061824449994223
MS,PB_25,ACGATACGTCCGTGAC-1,PB,-0.023964605006269537
MS,PB_25,ACGATACGTTTCGCTC-1,PB,-0.11937661317244537
MS,PB_25,ACGCCGATCCTAGGGC-1,PB,0.2935333683186105
MS,PB_25,ACGGCCATCACGAAGG-1-1,PB,-0.09496230561974753
MS,PB_25,ACGGGCTCATTGGCGC-1,PB,-0.29792794834763775
MS,PB_25,ACGGGCTGTAGCGCAA-1,PB,-0.20695955442154662
MS,PB_25,ACGGGCTGTTACTGAC-1,PB,-0.16507424850832056
MS,PB_25,ACGGGCTTCAACCATG-1,PB,-0.03596315153915663
MS,PB_25,ACGTCAAGTCCTCCAT-1,PB,-0.09594469893001789
MS,PB_25,ACTATCTCATCACCCT-1,PB,0.33750623379980743
MS,PB_25,ACTGAGTAGTGCCATT-1,PB,0.04224272215135651
MS,PB_25,ACTGATGCATTGCGGC-1-1,PB,-0.29792794834763775
MS,PB_25,ACTTACTAGACGCAAC-1-1,PB,-0.10134532196859973
MS,PB_25,ACTTACTAGCTAACAA-1,PB,0.2717041440152103
MS,PB_25,ACTTACTGTAAAGGAG-1,PB,-0.29792794834763775
MS,PB_25,AGAATAGTCGTATCAG-1,PB,-0.29792794834763775
MS,PB_25,AGCAGCCCAATGACCT-1,PB,-0.29792794834763775
MS,PB_25,AGCAGCCGTACTTCTT-1,PB,-0.10924497567782332
MS,PB_25,AGCATACTCACTTCAT-1,PB,-0.14435550037371042
MS,PB_25,AGCGGTCAGATGCGAC-1,PB,-0.12639301533013778
MS,PB_25,AGCGGTCCATCCGCGA-1,PB,0.38942842224478047
MS,PB_25,AGCGGTCCATGCAACT-1,PB,-0.29792794834763775
MS,PB_25,AGCGTATCAATAACGA-1-1,PB,-0.042503948188045634
MS,PB_25,AGCTCTCAGATGTCGG-1,PB,-0.29792794834763775
MS,PB_25,AGCTCTCAGTCCGTAT-1,PB,-0.29792794834763775
MS,PB_25,AGCTTGAGTTGACGTT-1,PB,-0.29792794834763775
MS,PB_25,AGGCCGTGTTTGACAC-1,PB,0.18919225239603962
MS,PB_25,AGGCCGTTCTTACCGC-1,PB,0.39153210667861743
MS,PB_25,AGGGATGAGCGATAGC-1-1,PB,0.1606718580556675
MS,PB_25,AGGGATGTCACGACTA-1,PB,-0.08643978767601133
MS,PB_25,AGGGATGTCCTGCCAT-1,PB,0.23051997273835315
MS,PB_25,AGTCTTTTCCCAAGTA-1,PB,0.008321198721213794
MS,PB_25,AGTGAGGCAACGATCT-1,PB,-0.29792794834763775
MS,PB_25,AGTGGGAAGCCAGGAT-1,PB,-0.29792794834763775
MS,PB_25,AGTGGGACAATGACCT-1,PB,0.32185186384365366
MS,PB_25,AGTGTCAAGGCAGGTT-1-1,PB,0.04725862336649478
MS,PB_25,AGTGTCAAGGGTATCG-1,PB,0.43262543259242686
MS,PB_25,AGTGTCACATGGTCTA-1,PB,0.25130325126860076
MS,PB_25,AGTGTCATCAAGGTAA-1,PB,0.41852823490977503
MS,PB_25,ATAACGCCAATCTACG-1,PB,0.0331379443919503
MS,PB_25,ATAGACCCACGAGGTA-1,PB,0.16317109192104157
MS,PB_25,ATCATCTAGTCCAGGA-1,PB,-0.29792794834763775
MS,PB_25,ATCATGGTCCATGAAC-1,PB,-0.29792794834763775
MS,PB_25,ATCCACCGTTGATTCG-1,PB,0.3025077751630517
MS,PB_25,ATCGAGTTCCGTTGCT-1,PB,-0.10138073294964332
MS,PB_25,ATCTACTAGGCACATG-1,PB,0.37221583918242557
MS,PB_25,ATCTACTGTTAGAACA-1,PB,0.4289249162874578
MS,PB_25,ATCTACTGTTGTACAC-1,PB,-0.10613997836949664
MS,PB_25,ATGAGGGCAATCAGAA-1,PB,-0.15774574167037736
MS,PB_25,ATGAGGGGTCCGAACC-1,PB,-0.1093924259139319
MS,PB_25,ATGCGATCAAACCTAC-1,PB,-0.18936571761838092
MS,PB_25,ATGGGAGGTACGAAAT-1,PB,0.015465669967979712
MS,PB_25,ATGTGTGGTAAGGATT-1,PB,0.6237257737116245
MS,PB_25,ATTATCCCAAGGGTCA-1,PB,-0.29792794834763775
MS,PB_25,ATTATCCGTAGGCATG-1,PB,-0.29792794834763775
MS,PB_25,ATTATCCGTTGGACCC-1,PB,0.00910252802178205
MS,PB_25,ATTATCCTCGACGGAA-1-1,PB,0.6354726393541875
MS,PB_25,ATTATCCTCTTTACAC-1,PB,-0.29792794834763775
MS,PB_25,ATTCTACAGTGAACGC-1,PB,-0.17574614809181238
MS,PB_25,ATTGGACCACCATCCT-1,PB,0.3270954736575783
MS,PB_25,ATTGGACTCGAACGGA-1,PB,0.43124524198595876
MS,PB_25,ATTTCTGCAATTGCTG-1,PB,-0.009576009791432052
MS,PB_25,ATTTCTGGTAGTACCT-1,PB,-0.29792794834763775
MS,PB_25,ATTTCTGGTGTGTGCC-1,PB,0.13112020076629577
MS,PB_25,CAACCTCAGACCACGA-1,PB,-0.29792794834763775
MS,PB_25,CAACCTCAGGATGCGT-1,PB,-0.29792794834763775
MS,PB_25,CAACCTCAGTTCCACA-1,PB,-0.29792794834763775
MS,PB_25,CAACTAGAGACACTAA-1,PB,-0.03358398229842101
MS,PB_25,CAAGTTGTCAAACGGG-1,PB,-0.05008866502567315
MS,PB_25,CACACAACACAGCGTC-1,PB,-0.29792794834763775
MS,PB_25,CACACCTGTCTGGTCG-1,PB,-0.016651712580182745
MS,PB_25,CACACCTGTGAAGGCT-1,PB,0.0005778539272870817
MS,PB_25,CACACTCTCCTGTACC-1,PB,0.22270739598690595
MS,PB_25,CACACTCTCTCACATT-1,PB,-0.14221440174884795
MS,PB_25,CACAGGCAGTGTTAGA-1,PB,-0.29792794834763775
MS,PB_25,CACCACTAGTCGATAA-1-1,PB,-0.027423940171536005
MS,PB_25,CACCACTAGTGTGGCA-1,PB,-0.29792794834763775
MS,PB_25,CACCACTCAGTTCATG-1,PB,-0.048728959502527196
MS,PB_25,CACCACTGTCGCATCG-1,PB,0.3700855909652752
MS,PB_25,CACCTTGAGCCCGAAA-1,PB,0.007037083883580518
MS,PB_25,CAGAGAGCACAACGTT-1,PB,-0.0774442219030145
MS,PB_25,CAGATCAAGCACCGCT-1,PB,-0.29792794834763775
MS,PB_25,CAGCAGCCATGCTAGT-1-2,PB,-0.29792794834763775
MS,PB_25,CAGCATAAGGACACCA-1,PB,-0.04897905579650491
MS,PB_25,CAGCTAAAGGGTGTGT-1,PB,0.23924682157282318
MS,PB_25,CAGCTAAGTGACTCAT-1,PB,0.16374991210924109
MS,PB_25,CAGGTGCAGGCAGGTT-1-1,PB,-0.09605373451222758
MS,PB_25,CAGTAACTCCTTGCCA-1,PB,-0.04868789960790949
MS,PB_25,CATATTCCACATGACT-1,PB,0.006944693953403517
MS,PB_25,CATCAGATCCTAAGTG-1,PB,-0.29792794834763775
MS,PB_25,CATCAGATCGTGGACC-1,PB,-0.29792794834763775
MS,PB_25,CATCCACAGTCGAGTG-1,PB,0.18444027888612333
MS,PB_25,CATCCACTCACCTCGT-1,PB,-0.004396765987079443
MS,PB_25,CATCCACTCTGCTGCT-1,PB,0.5870329314994909
MS,PB_25,CATCGAAGTATCACCA-1,PB,0.04649512208313413
MS,PB_25,CATGGCGAGCTGATAA-1-1,PB,-0.03985542388870972
MS,PB_25,CATGGCGTCTCGCATC-1,PB,0.11296854272147619
MS,PB_25,CATTATCGTACCGTAT-1,PB,-0.29792794834763775
MS,PB_25,CATTCGCAGGGTTCCC-1,PB,-0.12186149318678699
MS,PB_25,CATTCGCTCCTTCAAT-1,PB,0.4187367031658539
MS,PB_25,CCAATCCTCCTGCCAT-1-1,PB,0.6252477238178555
MS,PB_25,CCACCTACAATAGAGT-1,PB,-0.29792794834763775
MS,PB_25,CCACCTATCAAAGACA-1,PB,0.4939456344449689
MS,PB_25,CCACGGAAGCTCCTCT-1,PB,-0.08510739630501682
MS,PB_25,CCACTACCACCAGGTC-1,PB,0.4601630481998503
MS,PB_25,CCAGCGAAGAATTGTG-1,PB,1.0341828415382366
MS,PB_25,CCATGTCAGGGCTTGA-1,PB,-0.05111099606009399
MS,PB_25,CCATTCGCACCAGGCT-1,PB,-0.29792794834763775
MS,PB_25,CCATTCGGTCTAGAGG-1,PB,-0.29792794834763775
MS,PB_25,CCCAATCCATCGTCGG-1-1,PB,-0.12212316985527427
MS,PB_25,CCCAGTTTCAATACCG-1,PB,-0.29792794834763775
MS,PB_25,CCGGGATAGGTCATCT-1,PB,0.16575198573440506
MS,PB_25,CCGGTAGCAGGAATGC-1,PB,-0.13672960882491209
MS,PB_25,CCGGTAGTCCCTTGTG-1,PB,0.4223124175668692
MS,PB_25,CCGTACTCAGACGCTC-1,PB,-0.08902336936072681
MS,PB_25,CCTACACAGATAGCAT-1-1,PB,0.8013639074480058
MS,PB_25,CCTACACGTAAGTGGC-1,PB,-0.29792794834763775
MS,PB_25,CCTACCATCCTTAATC-1,PB,-0.0532938006910496
MS,PB_25,CCTCAGTTCGAGCCCA-1,PB,-0.03141241472973231
MS,PB_25,CCTCTGATCTTACCTA-1,PB,-0.29792794834763775
MS,PB_25,CCTTCCCCACCACCAG-1,PB,-0.29792794834763775
MS,PB_25,CCTTCGAAGAGGGCTT-1-1,PB,-0.06253754129177741
MS,PB_25,CCTTTCTGTGTGAAAT-1,PB,0.29332402444274885
MS,PB_25,CGAACATAGAGAACAG-1,PB,0.1300569324084674
MS,PB_25,CGAATGTGTTAAGATG-1,PB,-0.11114459934092201
MS,PB_25,CGACCTTGTAAACCTC-1,PB,0.054199291776223776
MS,PB_25,CGACTTCAGAGTAAGG-1,PB,0.0022678808591759365
MS,PB_25,CGAGCACAGAAAGTGG-1,PB,-0.29792794834763775
MS,PB_25,CGAGCACTCCACTGGG-1,PB,0.06715999618638833
MS,PB_25,CGAGCCACACTGTGTA-1,PB,-0.29792794834763775
MS,PB_25,CGATGTAAGATTACCC-1,PB,-0.29792794834763775
MS,PB_25,CGATGTACAAGTTCTG-1,PB,-0.29792794834763775
MS,PB_25,CGATGTACATAAAGGT-1,PB,-0.06595547123058319
MS,PB_25,CGATGTATCACGATGT-1,PB,0.0756147129940407
MS,PB_25,CGCGTTTAGAACTCGG-1-1,PB,-0.29792794834763775
MS,PB_25,CGCGTTTAGTACTTGC-1,PB,-0.013584326756254737
MS,PB_25,CGCTATCGTCCTCTTG-1,PB,-0.29792794834763775
MS,PB_25,CGCTATCTCCGAAGAG-1-1,PB,0.6386564656799878
MS,PB_25,CGCTATCTCTTCATGT-1,PB,-0.29792794834763775
MS,PB_25,CGCTGGAGTTGTCGCG-1,PB,-0.10336272905554071
MS,PB_25,CGGACACGTTTGGGCC-1,PB,0.15078883202087695
MS,PB_25,CGGACGTAGCTATGCT-1,PB,0.05349070189144929
MS,PB_25,CGGACGTTCAAAGTAG-1,PB,0.060195461923518045
MS,PB_25,CGGAGCTCAACACCTA-1-1,PB,-0.29792794834763775
MS,PB_25,CGGCTAGTCTGCCCTA-1,PB,-0.29792794834763775
MS,PB_25,CGGGTCAGTAGTACCT-1,PB,-0.0883778843733397
MS,PB_25,CGGGTCAGTGTCAATC-1,PB,-0.11818408536339886
MS,PB_25,CGGGTCATCTAGCACA-1,PB,-0.18467708850285938
MS,PB_25,CGGTTAAAGACACGAC-1,PB,0.24946578549043205
MS,PB_25,CGGTTAAGTCGACTAT-1,PB,0.06402347109207544
MS,PB_25,CGTAGGCAGATGCGAC-1,PB,-0.29792794834763775
MS,PB_25,CGTAGGCCAGCGAACA-1,PB,-0.29792794834763775
MS,PB_25,CGTCACTGTGTCTGAT-1,PB,0.11566544841611015
MS,PB_25,CGTCAGGAGCCCAGCT-1,PB,0.17615811442421742
MS,PB_25,CGTCAGGTCATAGCAC-1,PB,-0.05468122965166326
MS,PB_25,CGTCTACTCAATACCG-1,PB,0.6286830118353591
MS,PB_25,CGTGAGCCACAACGTT-1,PB,-0.07157992991048841
MS,PB_25,CGTGTCTAGCTACCGC-1,PB,0.11260766841046078
MS,PB_25,CTAACTTGTCGGCTCA-1,PB,-0.1409010289541858
MS,PB_25,CTAAGACAGACACTAA-1-1,PB,-0.10724899209553408
MS,PB_25,CTAATGGTCGGATGGA-1,PB,-0.29792794834763775
MS,PB_25,CTACACCTCCGAGCCA-1-1,PB,-0.12240998626184761
MS,PB_25,CTACATTGTCCGCTGA-1-1,PB,-0.29792794834763775
MS,PB_25,CTACCCAAGCCACGCT-1,PB,0.14726305671323553
MS,PB_25,CTACCCAGTCCGACGT-1-1,PB,-0.13182375787059572
MS,PB_25,CTAGAGTGTAAGTGGC-1,PB,-0.07252322372252042
MS,PB_25,CTAGCCTCAATGGATA-1-1,PB,-0.29792794834763775
MS,PB_25,CTCAGAATCCTAAGTG-1,PB,-0.18421638533216247
MS,PB_25,CTCATTACACAGCGTC-1,PB,-0.29792794834763775
MS,PB_25,CTCATTATCTCTAGGA-1,PB,0.609982215294501
MS,PB_25,CTCGAGGTCCGTAGGC-1,PB,0.2183035305769538
MS,PB_25,CTCGGGACAATCAGAA-1,PB,0.4604399356027851
MS,PB_25,CTCTAATAGGTTCCTA-1,PB,0.4353407879715815
MS,PB_25,CTCTAATTCACGAAGG-1,PB,0.07764373813417855
MS,PB_25,CTGATAGAGATGCGAC-1,PB,0.10826364034596034
MS,PB_25,CTGATCCTCCAGTAGT-1,PB,-0.03528902459823409
MS,PB_25,CTGATCCTCTACTTAC-1-1,PB,0.04974925275731101
MS,PB_25,CTGCCTAAGCCTATGT-1,PB,-0.29792794834763775
MS,PB_25,CTGCCTAGTGCCTGTG-1,PB,0.16464019407147076
MS,PB_25,CTGCCTAGTTAAGTAG-1,PB,0.19768996288098856
MS,PB_25,CTGCGGAAGCTGAAAT-1,PB,0.24306648482126575
MS,PB_25,CTGCGGAGTTGGGACA-1,PB,-0.29792794834763775
MS,PB_25,CTGCTGTAGGAGTTGC-1-1,PB,-0.29792794834763775
MS,PB_25,CTGGTCTCAATAGCGG-1,PB,-0.04454211877123421
MS,PB_25,CTGTTTAGTTAGGGTG-1,PB,-0.29792794834763775
MS,PB_25,CTTAACTGTAGGAGTC-1,PB,-0.29792794834763775
MS,PB_25,CTTTGCGCAAAGGAAG-1,PB,0.28814451227499915
MS,PB_25,CTTTGCGCACAGGCCT-1,PB,0.4685966514459574
MS,PB_25,CTTTGCGTCCGGCACA-1,PB,0.14155987062528713
MS,PB_25,GAAACTCAGCTCAACT-1,PB,-0.17181878650799648
MS,PB_25,GAACATCCAAGCCGCT-1,PB,0.10511030766698475
MS,PB_25,GAACCTAAGAGTCGGT-1-1,PB,-0.29792794834763775
MS,PB_25,GAACCTAAGCACCGCT-1-1,PB,-0.29792794834763775
MS,PB_25,GAACCTACAGGATCGA-1,PB,0.37697755082073775
MS,PB_25,GAACGGACAAGAAAGG-1,PB,-0.19810635119915745
MS,PB_25,GAAGCAGGTAATAGCA-1,PB,-0.12931072860974996
MS,PB_25,GACACGCGTGGACGAT-1,PB,0.4554017891900079
MS,PB_25,GACAGAGCAGCTTAAC-1,PB,-0.29792794834763775
MS,PB_25,GACAGAGTCACTCCTG-1,PB,-0.13104928571550606
MS,PB_25,GACGCGTGTCAACATC-1,PB,0.044933034336022526
MS,PB_25,GACGGCTAGGATATAC-1,PB,0.1194425044409406
MS,PB_25,GACGGCTTCGTGGGAA-1,PB,0.3254130630053758
MS,PB_25,GACGTTAAGCAACGGT-1-1,PB,-0.18015728369178882
MS,PB_25,GACTAACGTAAATGAC-1,PB,-0.05322826285694173
MS,PB_25,GACTGCGCATTGGTAC-1-1,PB,0.21679546460927626
MS,PB_25,GATCGATAGCACGCCT-1,PB,0.0355892470489003
MS,PB_25,GATCGTATCTAGAGTC-1,PB,0.04000879472252106
MS,PB_25,GATCTAGAGGCAGTCA-1,PB,0.015422513572481224
MS,PB_25,GATGAGGAGGGAACGG-1,PB,0.23119915502689917
MS,PB_25,GATGAGGGTCCGAACC-1,PB,0.279824311746478
MS,PB_25,GATGCTAGTACAAGTA-1,PB,0.18133449367514404
MS,PB_25,GCAAACTGTTACGTCA-1,PB,-0.16190998403959775
MS,PB_25,GCACTCTTCAATACCG-1,PB,-0.14555447361010657
MS,PB_25,GCAGCCAAGAGTTGGC-1,PB,0.01551836091307579
MS,PB_25,GCAGCCACACGCCAGT-1,PB,0.0833350957964371
MS,PB_25,GCAGCCATCACGCGGT-1,PB,-0.14837641498489887
MS,PB_25,GCAGTTACAACACCCG-1,PB,-0.16530447443546933
MS,PB_25,GCAGTTAGTCATACTG-1-1,PB,0.5395052392516158
MS,PB_25,GCATGATAGTGTGAAT-1-1,PB,0.27350980165188393
MS,PB_25,GCATGATCATCTACGA-1,PB,-0.29792794834763775
MS,PB_25,GCCTCTAAGCAGACTG-1,PB,-0.08188632973562657
MS,PB_25,GCCTCTAAGCTGATAA-1,PB,0.19254109792385846
MS,PB_25,GCGACCACATCTCCCA-1,PB,-0.29792794834763775
MS,PB_25,GCGACCAGTAGGCTGA-1,PB,-0.14264997001846697
MS,PB_25,GCGAGAACACTAGTAC-1,PB,0.239438469962704
MS,PB_25,GCGAGAACACTTGGAT-1,PB,-0.11863175195645144
MS,PB_25,GCGCAACTCCACGTGG-1,PB,-0.29792794834763775
MS,PB_25,GCGCAGTAGACACTAA-1,PB,0.33793114262156543
MS,PB_25,GCGCCAACATATGCTG-1,PB,0.10725337515458112
MS,PB_25,GCTCTGTGTAATAGCA-1-1,PB,-0.29792794834763775
MS,PB_25,GCTGCGAAGTTCGATC-1,PB,-0.17384075762557782
MS,PB_25,GCTGCTTAGTGATCGG-1,PB,0.13497575805157477
MS,PB_25,GCTTCCACATGAGCGA-1-1,PB,0.3999362564579344
MS,PB_25,GCTTGAAGTCAGTGGA-1,PB,-0.17778705841325143
MS,PB_25,GGAAAGCAGCTCCTCT-1,PB,-0.03893222668600445
MS,PB_25,GGAAAGCAGGTGATAT-1,PB,0.15571456795189711
MS,PB_25,GGAACTTCAAGAGGCT-1,PB,0.11868805412405206
MS,PB_25,GGAATAATCACATAGC-1,PB,-0.29792794834763775
MS,PB_25,GGACAGAGTGTGAAAT-1,PB,-0.29792794834763775
MS,PB_25,GGACGTCAGAAGAAGC-1,PB,-0.09941235312152104
MS,PB_25,GGACGTCAGCAGACTG-1,PB,-0.29792794834763775
MS,PB_25,GGACGTCAGTTACCCA-1,PB,-0.06054242885788734
MS,PB_25,GGACGTCGTTCCACGG-1,PB,-0.09283941088219216
MS,PB_25,GGACGTCTCACATACG-1,PB,-0.10881692171611083
MS,PB_25,GGAGCAAAGAATAGGG-1-1,PB,0.12743032217567435
MS,PB_25,GGAGCAAAGCTCCTCT-1,PB,-0.06290814367300056
MS,PB_25,GGATGTTCAGACGCAA-1-1,PB,-0.29792794834763775
MS,PB_25,GGATGTTGTTCACGGC-1-1,PB,0.025001161376294385
MS,PB_25,GGATTACCAGTCACTA-1,PB,-0.29792794834763775
MS,PB_25,GGCGACTAGATTACCC-1,PB,-0.16696409756841718
MS,PB_25,GGCTCGAAGAGTCGGT-1,PB,-0.05744721666907421
MS,PB_25,GGCTGGTGTAGGCATG-1,PB,-0.29792794834763775
MS,PB_25,GGGATGATCCGCATAA-1,PB,-0.03545120620319281
MS,PB_25,GGGCATCGTATAGTAG-1,PB,0.21531232790324
MS,PB_25,GGGCATCTCAACACAC-1,PB,-0.0136313972743738
MS,PB_25,GGGTCTGAGGAGTACC-1,PB,0.7608241324203557
MS,PB_25,GGGTTGCGTACCAGTT-1,PB,0.5934247393569085
MS,PB_25,GGTATTGTCAAAGACA-1,PB,-0.29792794834763775
MS,PB_25,GGTGCGTAGAGTGAGA-1,PB,0.04619400855501988
MS,PB_25,GGTGTTACATGGTCTA-1,PB,0.07377780525498635
MS,PB_25,GTAACGTCAGGGTACA-1,PB,0.43961981245090104
MS,PB_25,GTAACGTGTAGAAAGG-1,PB,0.5757638195793096
MS,PB_25,GTACGTAAGTACACCT-1,PB,0.9575752542800006
MS,PB_25,GTACTCCTCATCACCC-1,PB,-0.29792794834763775
MS,PB_25,GTACTTTCAAGGGTCA-1,PB,0.3385832194563891
MS,PB_25,GTACTTTGTCATTAGC-1,PB,-0.06764017409803298
MS,PB_25,GTAGTCAAGCCACTAT-1,PB,0.02916400004965822
MS,PB_25,GTATTCTTCTGGTATG-1,PB,0.6112959726148024
MS,PB_25,GTCAAGTCAATGAATG-1,PB,-0.29792794834763775
MS,PB_25,GTCAAGTCATGCTAGT-1,PB,0.035863640026055285
MS,PB_25,GTCACGGCATACAGCT-1,PB,-0.17161457685451204
MS,PB_25,GTCCTCACACCCATGG-1,PB,-0.05550236171802053
MS,PB_25,GTCGGGTGTGGACGAT-1,PB,-0.29792794834763775
MS,PB_25,GTCGGGTTCTGATACG-1,PB,0.12492272349586411
MS,PB_25,GTCGTAAAGTAAGTAC-1,PB,0.13164702100485098
MS,PB_25,GTCGTAACAGTCGATT-1,PB,0.5520716597696289
MS,PB_25,GTCTCGTCATCACAAC-1,PB,0.04315400064116396
MS,PB_25,GTGAAGGAGGCATGGT-1,PB,-0.29792794834763775
MS,PB_25,GTGAAGGAGGGTGTTG-1,PB,0.26078772394868094
MS,PB_25,GTGAAGGGTGTGACGA-1,PB,-0.29792794834763775
MS,PB_25,GTGCAGCAGGGATCTG-1,PB,-0.004875808130780408
MS,PB_25,GTGCTTCCAGATGGCA-1,PB,-0.1324295003144558
MS,PB_25,GTGGGTCAGATATACG-1,PB,0.3610644277278966
MS,PB_25,GTGGGTCTCATCGGAT-1,PB,-0.06683797608877531
MS,PB_25,GTGTGCGGTGAAATCA-1,PB,0.25047522129060706
MS,PB_25,GTTAAGCAGTTTCCTT-1,PB,-0.13215641435795614
MS,PB_25,GTTACAGCATTTGCTT-1,PB,-0.29792794834763775
MS,PB_25,GTTACAGTCCCTGACT-1,PB,-0.1261776148947147
MS,PB_25,GTTCGGGGTCTAGTCA-1,PB,0.16202433795750792
MS,PB_25,GTTCGGGGTTGTTTGG-1,PB,0.18721694223711385
MS,PB_25,GTTCTCGTCGCACTCT-1,PB,-0.29792794834763775
MS,PB_25,GTTTCTAAGAGTAATC-1,PB,0.046095702040262046
MS,PB_25,GTTTCTAAGTGGTAGC-1,PB,0.0375900084711629
MS,PB_25,GTTTCTAAGTTTAGGA-1,PB,0.058673267781801965
MS,PB_25,TAAACCGAGCGATTCT-1,PB,0.3026771071796401
MS,PB_25,TAAACCGCATGGGAAC-1,PB,0.14944744647680164
MS,PB_25,TAAGAGATCTAGCACA-1,PB,0.5556820390587658
MS,PB_25,TAAGTGCCAGTCGTGC-1-1,PB,-0.076230734977178
MS,PB_25,TACACGAAGCAATCTC-1,PB,-0.16955222421787747
MS,PB_25,TACACGACAACGATGG-1,PB,-0.29792794834763775
MS,PB_25,TACACGAGTAGTACCT-1,PB,0.3082650314206222
MS,PB_25,TACCTATAGATCCGAG-1,PB,-0.09140327294017994
MS,PB_25,TACCTATAGATCGGGT-1,PB,0.5558940529533213
MS,PB_25,TACCTTACAGTGGGAT-1,PB,-0.1261932011806324
MS,PB_25,TACCTTAGTCTAGAGG-1-1,PB,-0.29792794834763775
MS,PB_25,TACGGATAGGTAGCTG-1,PB,0.1140315532857875
MS,PB_25,TACGGATCATGGTTGT-1,PB,-0.05577847100457101
MS,PB_25,TACGGATGTCATATGC-1,PB,0.10641128948423788
MS,PB_25,TACGGATTCCTTTCTC-1,PB,0.08742036783019613
MS,PB_25,TACTCATGTAAATACG-1,PB,0.16645430047161622
MS,PB_25,TACTCATTCATAACCG-1,PB,0.17768476550844015
MS,PB_25,TACTCGCAGCTGTTCA-1,PB,0.3955694361359809
MS,PB_25,TACTTACCATCACCCT-1,PB,-0.29792794834763775
MS,PB_25,TACTTGTAGGCTCATT-1,PB,0.4306608897293985
MS,PB_25,TACTTGTCACCGTTGG-1,PB,0.15908834080550108
MS,PB_25,TAGACCACAAGGGTCA-1-1,PB,0.013993590433154417
MS,PB_25,TAGAGCTTCAAAGACA-1,PB,0.13204571195380893
MS,PB_25,TAGCCGGGTCAAAGAT-1,PB,-0.0015868676853905775
MS,PB_25,TAGGCATAGCTAGTGG-1,PB,0.1496166460703767
MS,PB_25,TATCAGGAGTGACATA-1,PB,0.48956214972685397
MS,PB_25,TATCAGGGTTTGACAC-1,PB,0.11436985467057526
MS,PB_25,TATGCCCAGATGTAAC-1,PB,-0.29792794834763775
MS,PB_25,TATTACCAGAAACGAG-1,PB,0.684750081474142
MS,PB_25,TCAATCTTCCAGTATG-1,PB,0.04957697995793688
MS,PB_25,TCAGCAAGTAGGGTAC-1,PB,-0.0800860244899602
MS,PB_25,TCAGCTCAGCTACCTA-1,PB,-0.051159860464736855
MS,PB_25,TCAGCTCGTAAGAGAG-1,PB,-0.02526178034133813
MS,PB_25,TCAGGTAAGATACACA-1,PB,-0.15545319326456195
MS,PB_25,TCAGGTACATACTCTT-1-1,PB,0.7114604853440777
MS,PB_25,TCATTACGTGACGGTA-1,PB,-0.29792794834763775
MS,PB_25,TCATTTGCAAACAACA-1,PB,0.0960911108928267
MS,PB_25,TCGAGGCAGGCATTGG-1,PB,-0.29792794834763775
MS,PB_25,TCGCGAGAGATCGGGT-1,PB,-0.09028679079357706
MS,PB_25,TCGCGAGTCAGTCCCT-1,PB,0.10352370822756182
MS,PB_25,TCGGGACCAATCCAAC-1,PB,0.2584395309054909
MS,PB_25,TCGGGACCAGGTTTCA-1,PB,0.17452042868809622
MS,PB_25,TCGGTAAAGACAGACC-1,PB,-0.29792794834763775
MS,PB_25,TCGTACCAGGCTACGA-1,PB,-0.29792794834763775
MS,PB_25,TCGTACCTCTCAAACG-1,PB,0.4611018818879606
MS,PB_25,TCTATTGAGGCGATAC-1-1,PB,-0.29792794834763775
MS,PB_25,TCTGAGAAGTGGTCCC-1,PB,0.18718591466931084
MS,PB_25,TCTGAGAGTCCGAAGA-1,PB,-0.29792794834763775
MS,PB_25,TCTGAGAGTTGGAGGT-1,PB,-0.29792794834763775
MS,PB_25,TCTGGAACATGGTCTA-1,PB,-0.29792794834763775
MS,PB_25,TCTGGAAGTAGGGTAC-1,PB,-0.29792794834763775
MS,PB_25,TCTGGAATCTTGCATT-1,PB,0.07812689882317882
MS,PB_25,TCTTCGGAGCAATATG-1,PB,-0.1406652078824142
MS,PB_25,TGAAAGACAGCTCGCA-1,PB,0.21625838505933778
MS,PB_25,TGAAAGATCGCTGATA-1,PB,-0.08927711552778746
MS,PB_25,TGACAACAGAAGCCCA-1-1,PB,-0.046095609757190556
MS,PB_25,TGACAACAGCGTAGTG-1,PB,-0.29792794834763775
MS,PB_25,TGACAACTCCGAGCCA-1,PB,-0.29792794834763775
MS,PB_25,TGACGGCCAACTGCTA-1,PB,0.4259164995158037
MS,PB_25,TGACTAGTCCACTCCA-1,PB,-0.17932051066105195
MS,PB_25,TGACTTTAGTTATCGC-1,PB,0.011814328804391261
MS,PB_25,TGACTTTCATAACCTG-1,PB,-0.29792794834763775
MS,PB_25,TGAGAGGAGAACAATC-1,PB,0.5010373410834231
MS,PB_25,TGAGAGGAGAGCCCAA-1,PB,-0.29792794834763775
MS,PB_25,TGAGAGGAGCCAACAG-1,PB,-0.09640396624790377
MS,PB_25,TGAGCCGAGATCCGAG-1,PB,-0.29792794834763775
MS,PB_25,TGAGCCGAGCAGGCTA-1,PB,-0.01638039693797164
MS,PB_25,TGAGCCGAGTTAACGA-1,PB,-0.16688972801951113
MS,PB_25,TGAGGGATCGTTTATC-1,PB,-0.07565117419593169
MS,PB_25,TGATTTCAGCAATATG-1,PB,0.1894459207642576
MS,PB_25,TGATTTCTCAGCAACT-1,PB,0.7288806291376295
MS,PB_25,TGATTTCTCAGCGATT-1,PB,0.2913022342560687
MS,PB_25,TGCACCTTCAAACCGT-1,PB,0.0940459681190365
MS,PB_25,TGCCCATCATGGTCTA-1-2,PB,-0.29792794834763775
MS,PB_25,TGCCCTACACCTGGTG-1-1,PB,0.6575268566993818
MS,PB_25,TGCCCTACATCCAACA-1-2,PB,0.4102317607390441
MS,PB_25,TGCCCTATCTGCGACG-1,PB,-0.22333282535550728
MS,PB_25,TGCGGGTTCTTACCTA-1,PB,-0.11188967674005466
MS,PB_25,TGCGTGGTCGATGAGG-1,PB,-0.29792794834763775
MS,PB_25,TGCGTGGTCGGCCGAT-1,PB,-0.126883376048516
MS,PB_25,TGCTACCAGTGTACCT-1,PB,0.6386043462555905
MS,PB_25,TGCTACCAGTTTGCGT-1,PB,-0.29792794834763775
MS,PB_25,TGCTACCGTCGCTTTC-1,PB,0.25112629182524177
MS,PB_25,TGCTACCGTGCAGGTA-1,PB,0.13590884073251622
MS,PB_25,TGGCCAGTCATGCATG-1-1,PB,-0.10082255534033803
MS,PB_25,TGGGAAGTCGAATGGG-1-1,PB,-0.29792794834763775
MS,PB_25,TGGTTAGGTATAGGTA-1,PB,-0.29792794834763775
MS,PB_25,TGGTTAGTCCAGTAGT-1,PB,0.09096189675732107
MS,PB_25,TGGTTCCAGATAGCAT-1,PB,-0.29792794834763775
MS,PB_25,TGGTTCCCACAACGTT-1,PB,0.8130986941330355
MS,PB_25,TGTATTCCACAAGCCC-1,PB,0.16802304655024466
MS,PB_25,TGTATTCGTCCAACTA-1,PB,0.21830935438535873
MS,PB_25,TGTCCCAAGGGTCGAT-1,PB,0.11338970036017641
MS,PB_25,TGTTCCGCAGCTTCGG-1,PB,0.6059444866623717
MS,PB_25,TTAGGCACAGGAATCG-1,PB,-0.29792794834763775
MS,PB_25,TTAGGCAGTGAGGCTA-1,PB,-0.29792794834763775
MS,PB_25,TTATGCTAGTCCAGGA-1,PB,-0.29792794834763775
MS,PB_25,TTATGCTAGTCCCACG-1,PB,-0.29792794834763775
MS,PB_25,TTATGCTGTACGACCC-1,PB,-0.13488473547164292
MS,PB_25,TTCCCAGGTCGGATCC-1,PB,0.393325595714344
MS,PB_25,TTCGGTCCAACGATGG-1,PB,-0.29792794834763775
MS,PB_25,TTCGGTCGTAGTACCT-1,PB,-0.29792794834763775
MS,PB_25,TTCGGTCGTCGCCATG-1,PB,-0.036197246321238
MS,PB_25,TTCGGTCGTCGCGAAA-1,PB,0.055796184669682336
MS,PB_25,TTCTACACACGACGAA-1,PB,0.37973938179622213
MS,PB_25,TTCTACACACTGTGTA-1-1,PB,0.6885957619216041
MS,PB_25,TTCTACATCGGATGTT-1,PB,-0.29792794834763775
MS,PB_25,TTCTTAGCAATCAGAA-1,PB,0.003075838446191018
MS,PB_25,TTCTTAGTCTTAGAGC-1,PB,-0.29792794834763775
MS,PB_25,TTGAACGAGTTAGCGG-1,PB,-0.29792794834763775
MS,PB_25,TTGAACGCAGGTTTCA-1-1,PB,0.15570038676354372
MS,PB_25,TTGACTTGTGTCCTCT-1,PB,-0.11934072557177298
MS,PB_25,TTGACTTTCGAACGGA-1,PB,-0.29792794834763775
MS,PB_25,TTGCCGTTCCTGTACC-1,PB,0.29172932167146354
MS,PB_25,TTGCGTCCATGGGACA-1,PB,0.22088265325213174
MS,PB_25,TTGCGTCTCGAGCCCA-1,PB,0.4290902964679476
MS,PB_25,TTGGCAAAGCTAGCCC-1,PB,-0.08131119278114067
MS,PB_25,TTTATGCTCGTTGCCT-1,PB,0.42912545446252176
MS,PB_25,TTTCCTCAGATGGCGT-1,PB,-0.09293607962807912
MS,PB_25,TTTGGTTTCCTTGCCA-1,PB,-0.08627324265269783
MS,PB_25,TTTGTCAAGGCCATAG-1,PB,-0.0955921601640169
MS,PB_27,AAACCTGGTAATAGCA-1,PB,-0.29792794834763775
MS,PB_27,AAAGCAACAAGGACTG-1,PB,0.11881799330886207
MS,PB_27,AAATGCCCAAACTGTC-1-1,PB,-0.013592665944289104
MS,PB_27,AACACGTGTTATCACG-1,PB,0.1988006204542348
MS,PB_27,AACCGCGTCATCACCC-1,PB,-0.29792794834763775
MS,PB_27,AACGTTGTCTCGATGA-1,PB,0.040658433498802216
MS,PB_27,AACTCAGGTTCGCGAC-1,PB,-0.21089152012179932
MS,PB_27,AACTGGTAGGTAAACT-1,PB,-0.29792794834763775
MS,PB_27,AAGCCGCTCATGTCCC-1,PB,0.05562046475489781
MS,PB_27,AAGGCAGTCAGCACAT-1,PB,0.055461082394926746
MS,PB_27,AAGTCTGTCAAACCGT-1,PB,-0.15175464018340223
MS,PB_27,AATCGGTGTTAAAGTG-1-1,PB,0.09587495230845884
MS,PB_27,AATCGGTTCGATGAGG-1,PB,0.29096411753770857
MS,PB_27,ACACCGGGTGCAACTT-1,PB,-0.15813844867605661
MS,PB_27,ACAGCCGAGATATGCA-1,PB,-0.08006992238481529
MS,PB_27,ACAGCTAGTGGGTATG-1,PB,-0.019787173379114096
MS,PB_27,ACATACGTCGTTACGA-1,PB,-0.29792794834763775
MS,PB_27,ACATCAGTCGAATCCA-1,PB,0.2129833915293495
MS,PB_27,ACGAGGAGTCAAACTC-1,PB,-0.1150465197443827
MS,PB_27,ACGAGGATCCTGTACC-1,PB,0.5336004417751046
MS,PB_27,ACGGAGACATATGAGA-1,PB,-0.0017973948760310649
MS,PB_27,ACGGAGACATGACATC-1,PB,0.17278204190948823
MS,PB_27,ACGGCCAAGGACAGAA-1,PB,0.05573049057968225
MS,PB_27,ACGGGCTTCCTTGACC-1,PB,0.1821708678304421
MS,PB_27,ACGGGTCTCCCTAACC-1,PB,0.0028719198183723626
MS,PB_27,ACGGGTCTCTTACCGC-1-1,PB,-0.29792794834763775
MS,PB_27,ACGTCAAGTTCTGGTA-1,PB,0.2713799029857723
MS,PB_27,ACTATCTGTCCAAGTT-1,PB,0.38116644497324736
MS,PB_27,ACTATCTTCGACGGAA-1,PB,-0.29792794834763775
MS,PB_27,ACTGAACCAAACGCGA-1,PB,-0.29792794834763775
MS,PB_27,ACTGAACCATGCCTAA-1,PB,-0.29792794834763775
MS,PB_27,ACTGAGTAGGCTAGGT-1,PB,-0.13412912335384636
MS,PB_27,ACTGATGCACACAGAG-1,PB,0.6889461980741824
MS,PB_27,ACTGTCCTCAGCATGT-1,PB,-0.16173719002642264
MS,PB_27,ACTTGTTCATCGGACC-1,PB,-0.14978893444735772
MS,PB_27,AGACGTTGTAGCTGCC-1,PB,-0.017530174584274145
MS,PB_27,AGACGTTTCGCGATCG-1,PB,-0.024863092295624944
MS,PB_27,AGATCTGGTGGTACAG-1-1,PB,-0.18976488350928447
MS,PB_27,AGATCTGTCCCGACTT-1,PB,0.021916209847018555
MS,PB_27,AGATTGCTCTTAGCCC-1,PB,-0.034112944977083906
MS,PB_27,AGCAGCCGTAGAAAGG-1,PB,0.09464211072035991
MS,PB_27,AGCAGCCGTCGAGTTT-1-1,PB,0.38263498543776386
MS,PB_27,AGCGGTCAGTCCCACG-1,PB,0.20774105360716372
MS,PB_27,AGCGGTCCAGTATGCT-1,PB,0.161706542172506
MS,PB_27,AGCTCTCAGCGCCTCA-1,PB,-0.20935175480604623
MS,PB_27,AGCTTGATCGTCCAGG-1-1,PB,-0.29792794834763775
MS,PB_27,AGGCCACAGTGTTAGA-1,PB,-0.29792794834763775
MS,PB_27,AGGCCACGTAGCCTCG-1,PB,0.4223124175668692
MS,PB_27,AGGCCGTGTCTCTTTA-1,PB,-0.10520966236962259
MS,PB_27,AGGGATGCAATCCGAT-1-1,PB,0.14147626130801955
MS,PB_27,AGGTCCGAGGACTGGT-1,PB,0.2483439701017867
MS,PB_27,AGTAGTCGTGTTGAGG-1,PB,-0.29792794834763775
MS,PB_27,AGTCTTTCAACACGCC-1,PB,0.14132611785744614
MS,PB_27,AGTCTTTTCTTCATGT-1,PB,0.16284900027199578
MS,PB_27,AGTGAGGGTCATATCG-1-1,PB,-0.29792794834763775
MS,PB_27,AGTGGGATCGGTGTCG-1,PB,-0.05282676476962085
MS,PB_27,AGTGTCAAGGCGACAT-1,PB,0.00641629324233471
MS,PB_27,AGTGTCACACATGACT-1,PB,-0.1668611915538544
MS,PB_27,AGTGTCATCTCACATT-1,PB,-0.0943869084638822
MS,PB_27,AGTTGGTTCTGTCCGT-1,PB,0.11835016480254663
MS,PB_27,ATAACGCGTGCACCAC-1,PB,0.07909012350165977
MS,PB_27,ATAACGCTCTTAACCT-1,PB,-0.29792794834763775
MS,PB_27,ATAGACCCAGTAAGCG-1,PB,-0.19901869004486147
MS,PB_27,ATAGACCGTCTACCTC-1-1,PB,-0.29792794834763775
MS,PB_27,ATAGACCGTGTTAAGA-1,PB,1.0120189600899476
MS,PB_27,ATCCACCTCACCGGGT-1,PB,-0.03392164659469839
MS,PB_27,ATCTACTCATGACGGA-1,PB,-0.1945483543538459
MS,PB_27,ATGAGGGCATAAAGGT-1,PB,-0.06510623237890024
MS,PB_27,ATGGGAGTCAGCTTAG-1,PB,0.07906524697782984
MS,PB_27,ATGGGAGTCCTTGCCA-1,PB,-0.1859136958723621
MS,PB_27,ATGTGTGCATGAGCGA-1,PB,-0.18310019872858915
MS,PB_27,ATTCTACGTGGCCCTA-1,PB,-0.29792794834763775
MS,PB_27,CAACTAGTCTGCGGCA-1-1,PB,-0.11643453880114508
MS,PB_27,CAAGATCCACTTACGA-1,PB,0.9143670545902302
MS,PB_27,CAAGTTGTCGGCTTGG-1,PB,0.4211689337314051
MS,PB_27,CACAAACAGAGAGCTC-1,PB,0.45563088599619084
MS,PB_27,CACAAACAGTGGCACA-1,PB,-0.20060755253239843
MS,PB_27,CACACAAAGTGCAAGC-1,PB,-0.09883299510561248
MS,PB_27,CACACAATCGTCTGCT-1,PB,-0.29792794834763775
MS,PB_27,CACACTCGTCTTGATG-1-2,PB,0.26129318900689624
MS,PB_27,CACACTCTCAACACGT-1,PB,-0.29792794834763775
MS,PB_27,CACAGGCTCGTGGTCG-1,PB,-0.2046500069744768
MS,PB_27,CACAGTATCCACTGGG-1,PB,0.22391295689329496
MS,PB_27,CACATAGCATGCCTTC-1,PB,0.12995413037232253
MS,PB_27,CACATAGTCGACCAGC-1,PB,-0.29792794834763775
MS,PB_27,CACATTTCATTTCAGG-1,PB,0.013052660236620193
MS,PB_27,CACCAGGCACAGACTT-1,PB,-0.2191429713575006
MS,PB_27,CACCAGGTCCTGCCAT-1,PB,0.14977028532803954
MS,PB_27,CACTCCAGTAACGCGA-1,PB,0.04346088062274538
MS,PB_27,CAGAATCAGCAATCTC-1,PB,-0.19034854568778448
MS,PB_27,CAGAGAGCAATTCCTT-1,PB,0.10364978043932603
MS,PB_27,CAGATCAGTCAAACTC-1,PB,-0.29792794834763775
MS,PB_27,CAGCGACTCTGAGGGA-1,PB,-0.06213070028455348
MS,PB_27,CAGCTGGGTTCGCTAA-1,PB,-0.13912299098128317
MS,PB_27,CAGCTGGTCCCAAGAT-1,PB,-0.29792794834763775
MS,PB_27,CAGTCCTAGAGACTTA-1,PB,-0.14538676515046886
MS,PB_27,CAGTCCTCAGTAAGCG-1-2,PB,-0.013968515268711654
MS,PB_27,CATCAAGAGTAATCCC-1,PB,-0.29792794834763775
MS,PB_27,CATCAGAAGTAATCCC-1,PB,0.005231668008946517
MS,PB_27,CATCAGATCCACGAAT-1,PB,0.25002358225006155
MS,PB_27,CATCGAATCCGTAGTA-1,PB,0.21381867154029768
MS,PB_27,CATCGAATCCTTTCTC-1,PB,-0.07477429776428504
MS,PB_27,CATTCGCCAGTTCATG-1,PB,0.1609770471692941
MS,PB_27,CCACCTAGTCGCGAAA-1,PB,0.24626794276785055
MS,PB_27,CCATGTCCAGCTTAAC-1,PB,0.7250497623221712
MS,PB_27,CCGGGATGTCTGCAAT-1,PB,0.03856378992890046
MS,PB_27,CCGGTAGGTGACTACT-1,PB,-0.29792794834763775
MS,PB_27,CCGTACTTCGGAATCT-1-1,PB,-0.12140390690422409
MS,PB_27,CCGTTCAGTCGAGTTT-1,PB,-0.29792794834763775
MS,PB_27,CCGTTCAGTTATCGGT-1,PB,0.06416785120548892
MS,PB_27,CCTAGCTTCCGCGGTA-1,PB,0.0485105290440348
MS,PB_27,CCTCAGTTCGCTAGCG-1,PB,-0.13344327120635563
MS,PB_27,CCTCTGACAGGCGATA-1,PB,-0.03907053914261837
MS,PB_27,CCTTACGCACAGAGGT-1,PB,0.09764483991463939
MS,PB_27,CCTTACGTCAGAAATG-1,PB,0.24266403403723374
MS,PB_27,CCTTCCCCAACGATGG-1,PB,0.48692225127610855
MS,PB_27,CCTTCCCGTCACTGGC-1,PB,-0.29792794834763775
MS,PB_27,CCTTCGATCTGGGCCA-1,PB,-0.09762855723024111
MS,PB_27,CCTTTCTGTCCGCTGA-1,PB,0.13287249102458282
MS,PB_27,CGAATGTTCCTAAGTG-1,PB,-0.29792794834763775
MS,PB_27,CGACCTTAGTGAATTG-1,PB,0.24695788210516048
MS,PB_27,CGACCTTAGTGGAGAA-1,PB,0.1442446269331883
MS,PB_27,CGACCTTGTCAGAATA-1,PB,0.18114466976552848
MS,PB_27,CGACTTCAGATCGATA-1,PB,0.0424266395621123
MS,PB_27,CGATTGATCCCAAGTA-1,PB,-0.1737463206313544
MS,PB_27,CGCCAAGGTTCAGTAC-1,PB,0.09700087981973556
MS,PB_27,CGCGGTAGTAAGGGAA-1-1,PB,0.20249526652418795
MS,PB_27,CGCGTTTTCTTTACAC-1,PB,-0.12040799595136996
MS,PB_27,CGCTGGACAATTGCTG-1,PB,-0.11320362601338954
MS,PB_27,CGCTTCATCACTTCAT-1,PB,-0.2050136819096991
MS,PB_27,CGGAGTCGTCAGAAGC-1,PB,-0.04875469662356296
MS,PB_27,CGGAGTCGTGATGTGG-1,PB,-0.29792794834763775
MS,PB_27,CGGAGTCTCGCAGGCT-1,PB,0.18549482386589017
MS,PB_27,CGTAGCGGTGTTGGGA-1,PB,-0.29792794834763775
MS,PB_27,CGTAGCGGTTGTTTGG-1,PB,-0.29792794834763775
MS,PB_27,CGTCACTCATTTCAGG-1-1,PB,-0.07993700739493444
MS,PB_27,CGTCAGGGTTATGTGC-1,PB,-0.29792794834763775
MS,PB_27,CGTGTAACAGCCTATA-1,PB,-0.29792794834763775
MS,PB_27,CTAACTTAGTCCTCCT-1,PB,0.036457161848757226
MS,PB_27,CTAACTTAGTCGAGTG-1,PB,-0.29792794834763775
MS,PB_27,CTAACTTGTACTTGAC-1,PB,0.1731987130657842
MS,PB_27,CTAAGACCACCAGGTC-1,PB,-0.01319302038781631
MS,PB_27,CTACGTCTCTGGAGCC-1,PB,-0.18056099835576114
MS,PB_27,CTAGAGTAGCTTCGCG-1,PB,0.6300162543870204
MS,PB_27,CTAGCCTTCCTGCTTG-1,PB,0.27333655904019005
MS,PB_27,CTCATTATCCTCTAGC-1,PB,-0.29792794834763775
MS,PB_27,CTCGAAAAGTACGTTC-1,PB,-0.29792794834763775
MS,PB_27,CTCGAGGCACTTGGAT-1,PB,-0.22253210871406529
MS,PB_27,CTCGAGGCAGACAGGT-1,PB,-0.02121759921437864
MS,PB_27,CTCTAATTCTCGTATT-1,PB,-0.10104230966282644
MS,PB_27,CTCTACGCAGGTCCAC-1-1,PB,-0.29792794834763775
MS,PB_27,CTCTACGGTAAACGCG-1,PB,0.06706833675451444
MS,PB_27,CTCTACGGTAGAAGGA-1,PB,-0.11082323022969143
MS,PB_27,CTCTACGGTCGCGGTT-1-1,PB,-0.13553794688027543
MS,PB_27,CTCTGGTAGGATTCGG-1,PB,0.15460146004552736
MS,PB_27,CTCTGGTAGTATCTCG-1,PB,-0.29792794834763775
MS,PB_27,CTCTGGTTCCAAGCCG-1,PB,-0.29792794834763775
MS,PB_27,CTGATCCTCCCGACTT-1,PB,0.3896933127903898
MS,PB_27,CTGCTGTAGACTCGGA-1,PB,0.40804649767681195
MS,PB_27,CTGCTGTAGGGCACTA-1,PB,0.15141342773284908
MS,PB_27,CTTACCGAGCGACGTA-1,PB,0.14502100836118179
MS,PB_27,CTTAGGAGTTTGCATG-1,PB,0.1754902700396321
MS,PB_27,CTTCTCTGTGTGCGTC-1,PB,0.4223124175668692
MS,PB_27,CTTCTCTGTTGATTCG-1,PB,-0.06607658522690903
MS,PB_27,GAACATCAGATGGGTC-1,PB,-0.04427092875577886
MS,PB_27,GAACGGAAGCGATATA-1,PB,-0.056217264454994545
MS,PB_27,GAACGGAAGCGTAATA-1,PB,-0.007445442536220362
MS,PB_27,GAATGAATCTCTTATG-1,PB,-0.06136723484750118
MS,PB_27,GACACGCTCGCCTGAG-1,PB,-0.013235015882877312
MS,PB_27,GACCAATTCCGGCACA-1,PB,-0.18502858967169544
MS,PB_27,GACGCGTAGTCGTTTG-1,PB,0.2963143864498348
MS,PB_27,GACGCGTGTGCCTGTG-1-1,PB,-0.11472749816851183
MS,PB_27,GACTACAGTTAAGTAG-1,PB,-0.29792794834763775
MS,PB_27,GACTACAGTTGCCTCT-1,PB,-0.05392925911262834
MS,PB_27,GACTACATCAACGAAA-1,PB,-0.1979735355084104
MS,PB_27,GATCGTATCGTTACAG-1,PB,-0.29792794834763775
MS,PB_27,GATCTAGGTCATTAGC-1,PB,0.09285716289627424
MS,PB_27,GATCTAGTCCAAATGC-1,PB,-0.19459135961610868
MS,PB_27,GATCTAGTCGGAAATA-1,PB,-0.10801733219127521
MS,PB_27,GATGCTACACGAAGCA-1,PB,0.013830238384694176
MS,PB_27,GCACATAAGCTAACAA-1,PB,-0.08695777320949939
MS,PB_27,GCACATAAGCTCCCAG-1,PB,-0.16550832219333866
MS,PB_27,GCATGTAGTGTGAAAT-1,PB,0.013504668736131384
MS,PB_27,GCCAAATGTCAAGCGA-1,PB,-0.0393235975271104
MS,PB_27,GCGACCAAGCTCTCGG-1-1,PB,-0.05227785533425805
MS,PB_27,GCGACCACACCTATCC-1,PB,0.3256822720055999
MS,PB_27,GCGCAACAGGCTCTTA-1,PB,-0.010179444178993096
MS,PB_27,GCGCCAAGTAGGAGTC-1-2,PB,-0.29792794834763775
MS,PB_27,GCGCGATAGTATTGGA-1,PB,0.12432404634999286
MS,PB_27,GCTCCTAAGGTGGGTT-1,PB,0.11740168921825897
MS,PB_27,GCTCTGTCAAAGTCAA-1-1,PB,0.04361621637128284
MS,PB_27,GCTGGGTCAGGTTTCA-1,PB,0.05519416214024765
MS,PB_27,GCTTCCACAATCACAC-1,PB,0.15788357635678613
MS,PB_27,GCTTCCATCCGCGCAA-1-1,PB,-0.10669044318700915
MS,PB_27,GGACAAGGTTACGCGC-1,PB,-0.053632198465445244
MS,PB_27,GGACGTCCAAAGGAAG-1,PB,0.07028624071424601
MS,PB_27,GGATGTTAGTCCTCCT-1,PB,-0.29792794834763775
MS,PB_27,GGATGTTTCAGCATGT-1,PB,0.1476928564204558
MS,PB_27,GGATGTTTCTTGAGGT-1,PB,0.1464162333799933
MS,PB_27,GGCAATTTCACTCCTG-1,PB,0.2703411338600659
MS,PB_27,GGCAATTTCTGGAGCC-1,PB,0.13363140925219338
MS,PB_27,GGCTCGAAGGCTCTTA-1,PB,-0.29792794834763775
MS,PB_27,GGCTCGACACATGTGT-1,PB,-0.09618125096903242
MS,PB_27,GGCTCGATCTTTAGGG-1,PB,0.20570278933653818
MS,PB_27,GGCTGGTCAATGTAAG-1,PB,0.39878878946670276
MS,PB_27,GGGACCTTCTCTGCTG-1,PB,-0.1996188235539373
MS,PB_27,GGGAGATCACTTGGAT-1,PB,-0.017227723607479477
MS,PB_27,GGGATGAAGACTAGAT-1,PB,-0.29792794834763775
MS,PB_27,GGGTTGCAGAGCTGGT-1,PB,-0.29792794834763775
MS,PB_27,GGTATTGAGTGAATTG-1,PB,0.024033877247327202
MS,PB_27,GGTATTGCAGCCTTGG-1,PB,-0.20353994243839252
MS,PB_27,GGTATTGGTCTAGTCA-1,PB,0.2062912496569119
MS,PB_27,GGTATTGTCATCTGCC-1-1,PB,-0.08369557569731276
MS,PB_27,GGTGAAGAGCTAACAA-1,PB,-0.0881535720011315
MS,PB_27,GGTGTTACAGCGAACA-1,PB,-0.11828642123555795
MS,PB_27,GTACGTAAGCTGATAA-1,PB,-0.1157978249128061
MS,PB_27,GTACTCCAGACGCACA-1,PB,0.20326615517017932
MS,PB_27,GTACTCCTCACGGTTA-1,PB,-0.04910211900201816
MS,PB_27,GTCAAGTCAAAGGAAG-1,PB,-0.29792794834763775
MS,PB_27,GTCACGGGTCGCATCG-1,PB,-0.2083927615839604
MS,PB_27,GTCACGGTCACATGCA-1,PB,-0.06123022073335933
MS,PB_27,GTCATTTGTTCTCATT-1,PB,0.019756818500682016
MS,PB_27,GTCATTTTCTACTATC-1,PB,0.7845187198455518
MS,PB_27,GTCCTCAAGAGTAATC-1,PB,0.08210974147882985
MS,PB_27,GTCGGGTAGTCAAGGC-1,PB,0.09039679739361549
MS,PB_27,GTCGTAAAGGCGATAC-1,PB,-0.14498984473273158
MS,PB_27,GTCGTAATCTCCAACC-1,PB,0.10519243673941993
MS,PB_27,GTCTCGTCATGACGGA-1,PB,0.07767608552176244
MS,PB_27,GTGCAGCCAAGTCTAC-1,PB,0.32720297902112516
MS,PB_27,GTGCAGCTCGGAATCT-1,PB,-0.29792794834763775
MS,PB_27,GTGCGGTCACCATGTA-1,PB,0.03160505913240613
MS,PB_27,GTGCGGTTCCGTCAAA-1,PB,0.009298668693220253
MS,PB_27,GTGCTTCGTTTGACAC-1,PB,-0.2027358405395757
MS,PB_27,GTGCTTCTCACAACGT-1,PB,0.036137605013282455
MS,PB_27,GTGTGCGAGTCGCCGT-1,PB,-0.05435081778185043
MS,PB_27,GTTAAGCTCAGCATGT-1,PB,-0.04026773899095121
MS,PB_27,GTTCATTTCTTACCGC-1,PB,0.4548335048801958
MS,PB_27,GTTCGGGCACGACTCG-1,PB,-0.12418297739506874
MS,PB_27,GTTCTCGGTAGAAGGA-1-1,PB,0.45453443384470166
MS,PB_27,GTTTCTAAGTGTACCT-1,PB,-0.29792794834763775
MS,PB_27,TAAGTGCAGGTTACCT-1,PB,-0.29792794834763775
MS,PB_27,TACACGAAGACTAGGC-1,PB,0.5750276519584714
MS,PB_27,TACACGATCTACTATC-1,PB,-0.10794666135446399
MS,PB_27,TACACGATCTATCCCG-1,PB,-0.007498939595662628
MS,PB_27,TACAGTGTCCAACCAA-1-2,PB,-0.16663190251714471
MS,PB_27,TACCTATTCGTGACAT-1,PB,-0.18384111968460054
MS,PB_27,TACCTTATCCCTTGCA-1,PB,0.03849905451083553
MS,PB_27,TACGGGCAGCCTATGT-1-1,PB,-0.1159480535808027
MS,PB_27,TACTCATAGACTAAGT-1,PB,-0.05713218278373307
MS,PB_27,TACTCATGTACAGCAG-1,PB,-0.29792794834763775
MS,PB_27,TAGAGCTTCAAAGTAG-1,PB,-0.053408167552486965
MS,PB_27,TAGGCATCACCAGATT-1,PB,-0.1271807517563688
MS,PB_27,TAGGCATTCGCTTGTC-1,PB,0.17304644585015141
MS,PB_27,TATCTCAAGGTGACCA-1,PB,0.12425318401640768
MS,PB_27,TATTACCAGGGCTTCC-1-2,PB,0.6505336688115871
MS,PB_27,TCACGAACACGCCAGT-1,PB,0.08637196836025689
MS,PB_27,TCAGGATAGCTAACAA-1,PB,0.03874735358976746
MS,PB_27,TCGAGGCAGTGTCTCA-1,PB,-0.010396159051037785
MS,PB_27,TCGCGAGCACCAACCG-1,PB,-0.23963614996014124
MS,PB_27,TCGCGTTGTCTGGAGA-1,PB,-0.29792794834763775
MS,PB_27,TCGGGACCACCATCCT-1,PB,-0.10753926952343155
MS,PB_27,TCGGTAAGTTGGACCC-1,PB,-0.29792794834763775
MS,PB_27,TCGTACCGTGTGGTTT-1-1,PB,-0.29792794834763775
MS,PB_27,TCGTAGAAGCATGGCA-1,PB,0.6482737939993483
MS,PB_27,TCTATTGGTCACACGC-1,PB,-0.045806263190201625
MS,PB_27,TCTATTGGTGACGCCT-1,PB,-0.29792794834763775
MS,PB_27,TCTGAGATCGGTGTTA-1,PB,-0.008043096000578882
MS,PB_27,TGAAAGAAGAGGGCTT-1-1,PB,0.6339547224507645
MS,PB_27,TGACAACGTCCAGTGC-1,PB,0.05728021082328637
MS,PB_27,TGACGGCAGAGTTGGC-1-1,PB,-0.29792794834763775
MS,PB_27,TGACGGCAGCACCGTC-1,PB,0.214633206186389
MS,PB_27,TGACGGCCACAGCCCA-1,PB,-0.10260106338538735
MS,PB_27,TGACTTTGTAACGTTC-1,PB,0.005598133566628337
MS,PB_27,TGACTTTTCAGTGTTG-1-1,PB,-0.29792794834763775
MS,PB_27,TGAGCATCATAGGATA-1,PB,-0.29792794834763775
MS,PB_27,TGAGCCGTCTATCGCC-1,PB,-0.00997485104638238
MS,PB_27,TGCACCTCAGCTCGCA-1,PB,-0.043946301042383486
MS,PB_27,TGCCCATCACAGAGGT-1,PB,-0.1252762358712041
MS,PB_27,TGCGCAGTCGTGGTCG-1-1,PB,0.25800744212092597
MS,PB_27,TGCGTGGAGTCTCCTC-1,PB,0.6961419453685455
MS,PB_27,TGGCCAGTCCACGCAG-1,PB,-0.17354810048955863
MS,PB_27,TGGCGCACAGCCTTTC-1,PB,0.14424324050776027
MS,PB_27,TGGGAAGAGCTCCTTC-1,PB,0.2163988743720999
MS,PB_27,TGTATTCCAGTATCTG-1,PB,0.49975727225437167
MS,PB_27,TGTCCCATCCCTCTTT-1,PB,0.4545762020927157
MS,PB_27,TGTGGTAGTTCCATGA-1,PB,-0.29792794834763775
MS,PB_27,TGTGTTTAGATCCCAT-1,PB,0.3075640792978958
MS,PB_27,TTAACTCTCGTAGATC-1,PB,0.2832232428947237
MS,PB_27,TTAGGCACAAGGTTCT-1,PB,0.033355267540580893
MS,PB_27,TTAGTTCCACCTCGGA-1,PB,-0.29792794834763775
MS,PB_27,TTCCCAGTCGTCTGAA-1,PB,-0.29792794834763775
MS,PB_27,TTCGAAGTCCAAGCCG-1,PB,0.22314493801189655
MS,PB_27,TTCGGTCAGTATTGGA-1,PB,0.5590740385627394
MS,PB_27,TTCTACAGTGTGACGA-1-2,PB,-0.29792794834763775
MS,PB_27,TTCTCCTTCGTACGGC-1,PB,0.23360376868810537
MS,PB_27,TTGAACGAGCGCTTAT-1,PB,-0.29792794834763775
MS,PB_27,TTGCCGTAGTCCAGGA-1-1,PB,-0.13319388985595756
MS,PB_27,TTGCCGTCAAGCCTAT-1,PB,0.28278175295497393
MS,PB_27,TTGCCGTGTACTCTCC-1,PB,0.11765562204453407
MS,PB_27,TTGGAACAGACGCTTT-1,PB,-0.02077140378963671
MS,PB_27,TTGTAGGAGATGTAAC-1,PB,-0.19466295463196553
MS,PB_27,TTTCCTCAGATACACA-1,PB,-2.2000343340750865e-08
MS,PB_27,TTTGGTTAGAGCCCAA-1,PB,-0.29792794834763775
MS,PB_28,AAACCTGCATGGTTGT-1-1,PB,0.22621559831652926
MS,PB_28,AAACGGGAGGACATTA-1,PB,-0.29792794834763775
MS,PB_28,AAACGGGTCCAAGTAC-1,PB,0.026122086659668094
MS,PB_28,AAAGCAAAGACCTAGG-1,PB,-0.29792794834763775
MS,PB_28,AAAGTAGTCTCTAAGG-1,PB,0.133549658248667
MS,PB_28,AAATGCCAGTCTCCTC-1,PB,-0.05968356037071275
MS,PB_28,AACACGTAGAAGAAGC-1,PB,0.2350112481263677
MS,PB_28,AACCATGCATCCGGGT-1,PB,-0.29792794834763775
MS,PB_28,AACTCTTAGAGCTATA-1-1,PB,0.09620413267310599
MS,PB_28,AACTCTTCAAAGTGCG-1,PB,1.0170645243255727
MS,PB_28,AACTCTTGTATGCTTG-1,PB,-0.29792794834763775
MS,PB_28,AACTGGTGTTATCCGA-1,PB,-0.29792794834763775
MS,PB_28,AACTGGTTCTGTACGA-1-1,PB,-0.16269124630403844
MS,PB_28,AAGACCTCAAGAAAGG-1-1,PB,0.07548858106658521
MS,PB_28,AAGCCGCCAGCTTCGG-1,PB,0.5543252569580068
MS,PB_28,AAGGCAGAGTAGATGT-1,PB,-0.29792794834763775
MS,PB_28,AAGGTTCAGAGACTAT-1,PB,0.11035355833975051
MS,PB_28,AAGGTTCAGGACAGAA-1,PB,0.37602495788366846
MS,PB_28,ACACCGGAGCTAAACA-1,PB,0.28234120181039485
MS,PB_28,ACACCGGAGTACGCGA-1-2,PB,-0.14108801824429748
MS,PB_28,ACACCGGTCCGAATGT-1,PB,-0.15054530566956079
MS,PB_28,ACACCGGTCGATAGAA-1,PB,-0.14166447774855123
MS,PB_28,ACATCAGGTCATCGGC-1,PB,-0.027214625721117793
MS,PB_28,ACATGGTGTGACGGTA-1,PB,0.052546748056749325
MS,PB_28,ACCAGTAAGCTCCTTC-1,PB,-0.29792794834763775
MS,PB_28,ACCCACTGTTCTGTTT-1,PB,-0.08894917027023645
MS,PB_28,ACGAGCCAGTGTTTGC-1,PB,-0.05128022969726491
MS,PB_28,ACGATACGTACTTAGC-1,PB,0.069107994236229
MS,PB_28,ACGATACGTGCGGTAA-1,PB,0.2817457367916417
MS,PB_28,ACGCCAGGTCTCTTAT-1,PB,0.12914894765890542
MS,PB_28,ACTGATGAGATGTGTA-1,PB,-0.007585700333496259
MS,PB_28,ACTGTCCGTCGGGTCT-1,PB,0.10583790955453178
MS,PB_28,ACTTACTCAGCCTTTC-1,PB,-0.209300767734939
MS,PB_28,ACTTACTGTCCTCCAT-1,PB,-0.0437710836041611
MS,PB_28,AGACGTTCAAAGTGCG-1,PB,1.6963663861586658
MS,PB_28,AGATCTGCAAGTAGTA-1,PB,-0.29792794834763775
MS,PB_28,AGCTCCTAGGGCACTA-1,PB,0.2275666965124629
MS,PB_28,AGCTCCTGTCGACTGC-1,PB,0.17082053444564163
MS,PB_28,AGGCCACTCCACGAAT-1,PB,-0.06335682096943833
MS,PB_28,AGGTCATAGTGAAGAG-1,PB,-0.1006039419948274
MS,PB_28,AGGTCATAGTTGAGAT-1,PB,-0.15309800675936375
MS,PB_28,AGGTCATCATTTGCTT-1,PB,-0.14612596710230846
MS,PB_28,AGTCTTTCAATCGGTT-1,PB,-0.29792794834763775
MS,PB_28,AGTGAGGAGCCGATTT-1,PB,-0.12062296827005278
MS,PB_28,AGTGTCATCAACGGCC-1,PB,0.57019564717802
MS,PB_28,AGTTGGTAGATATGCA-1,PB,0.14223955645224104
MS,PB_28,ATAACGCGTGACGGTA-1,PB,-0.29792794834763775
MS,PB_28,ATAAGAGTCTGTCTCG-1,PB,-0.29792794834763775
MS,PB_28,ATAGACCCAGATGGGT-1-1,PB,-0.15870097519912843
MS,PB_28,ATAGACCGTCTCGTTC-1,PB,-0.08972133874209108
MS,PB_28,ATCATCTCAATCAGAA-1,PB,-0.04896301165042736
MS,PB_28,ATCATGGAGAGGACGG-1,PB,-0.1758511681887875
MS,PB_28,ATCATGGAGTGCGATG-1,PB,-0.29792794834763775
MS,PB_28,ATCATGGGTAAATACG-1,PB,0.3217403742647303
MS,PB_28,ATCATGGGTAGAGTGC-1,PB,-0.29792794834763775
MS,PB_28,ATCATGGTCATCTGCC-1,PB,0.08038356286527915
MS,PB_28,ATCCGAAGTCCGACGT-1,PB,0.27097766305595344
MS,PB_28,ATCGAGTAGACTGTAA-1,PB,0.20825102854058555
MS,PB_28,ATCGAGTGTTAGATGA-1,PB,0.24745087275372163
MS,PB_28,ATCTGCCGTATGGTTC-1,PB,-0.09055466816022682
MS,PB_28,ATGAGGGTCAAACCAC-1,PB,-0.049209107025055314
MS,PB_28,ATGTGTGGTCTCCATC-1,PB,0.08140317087216996
MS,PB_28,ATTACTCAGAAGGTTT-1,PB,-0.29792794834763775
MS,PB_28,ATTGGACAGAGACTAT-1,PB,0.6561943825648948
MS,PB_28,CAAGGCCAGTCTTGCA-1,PB,-0.14475974078665882
MS,PB_28,CAAGGCCGTGCTGTAT-1,PB,0.23668787795484056
MS,PB_28,CAAGTTGTCAACCAAC-1,PB,0.4781828956488935
MS,PB_28,CACAAACTCCGTTGCT-1-1,PB,0.05164770689941054
MS,PB_28,CACAGTATCTGTCTAT-1,PB,0.08308291733228615
MS,PB_28,CACATAGGTCTCATCC-1,PB,0.43055327401980276
MS,PB_28,CAGAGAGTCATTGCGA-1,PB,-0.29792794834763775
MS,PB_28,CAGATCATCATTCACT-1,PB,-0.17941851400415618
MS,PB_28,CAGATCATCGGTCCGA-1,PB,0.1206441201024054
MS,PB_28,CAGCATACAATAACGA-1,PB,-0.07457546348339396
MS,PB_28,CAGCATACATCGATGT-1,PB,0.39624010928107023
MS,PB_28,CAGCATATCGGCTACG-1,PB,-0.29792794834763775
MS,PB_28,CAGCCGATCTCATTCA-1,PB,0.10935187295723238
MS,PB_28,CAGCCGATCTGCGACG-1,PB,0.48408163276320443
MS,PB_28,CAGCTAAAGGTGGGTT-1,PB,0.055173463444424316
MS,PB_28,CAGCTGGAGCTAGGCA-1-2,PB,-0.19796023584455494
MS,PB_28,CAGCTGGGTTACAGAA-1-1,PB,-0.07493687106493216
MS,PB_28,CAGGTGCAGGCTCAGA-1,PB,0.5868933616864466
MS,PB_28,CAGTCCTCAGTTCATG-1-1,PB,-0.29792794834763775
MS,PB_28,CAGTCCTGTTCACCTC-1,PB,0.40496190215350636
MS,PB_28,CAGTCCTTCCTGCTTG-1,PB,0.6813398474878686
MS,PB_28,CATCAAGGTGCTTCTC-1,PB,-0.29792794834763775
MS,PB_28,CATGACACACTGTCGG-1,PB,-0.14707828536082665
MS,PB_28,CATGACAGTCTGGAGA-1,PB,-0.13191745007106823
MS,PB_28,CCACCTAGTTACGGAG-1,PB,0.5477169873745777
MS,PB_28,CCACGGACATGGTTGT-1,PB,0.06327284885985672
MS,PB_28,CCGGGATCATCACGTA-1-2,PB,-0.11865085887060431
MS,PB_28,CCGGGATCATTGGCGC-1,PB,0.0476721490662572
MS,PB_28,CCGGGATGTGTCTGAT-1,PB,0.25785084048889034
MS,PB_28,CCGTGGATCAGCATGT-1,PB,0.11574255899605825
MS,PB_28,CCTAAAGAGCTAACAA-1-1,PB,0.009392415658362883
MS,PB_28,CCTAGCTTCTTAGAGC-1,PB,0.2010661672952668
MS,PB_28,CCTCTGAAGGCTCAGA-1,PB,0.07132757782622293
MS,PB_28,CCTTCGAAGTGCTGCC-1,PB,0.04822559714923048
MS,PB_28,CCTTTCTGTCTAGCCG-1-1,PB,-0.0438363900324785
MS,PB_28,CGAACATTCAGTCCCT-1,PB,0.1727447819020697
MS,PB_28,CGAGAAGAGCAGCCTC-1,PB,0.32032126134759764
MS,PB_28,CGATCGGGTAAATGTG-1,PB,-0.14890487305687003
MS,PB_28,CGATGGCCAAGAAGAG-1,PB,1.0798547935452374
MS,PB_28,CGATGTACAAGAAGAG-1,PB,0.48545936205532547
MS,PB_28,CGATGTAGTCTGCCAG-1,PB,0.12375886690020613
MS,PB_28,CGATTGACATCGATGT-1,PB,0.10840770235153853
MS,PB_28,CGCGGTATCTGCCCTA-1-1,PB,0.18795891927501554
MS,PB_28,CGCTATCCAAGCTGAG-1,PB,0.5588217240481017
MS,PB_28,CGGACTGTCCTTGGTC-1,PB,-0.29792794834763775
MS,PB_28,CGGCTAGAGACACTAA-1,PB,-0.29792794834763775
MS,PB_28,CGGGTCACACTGTTAG-1,PB,-0.08215882617835232
MS,PB_28,CGTAGCGAGTCCGGTC-1,PB,-0.29792794834763775
MS,PB_28,CGTCCATGTCAAGCGA-1,PB,-0.1633032218418533
MS,PB_28,CGTCCATTCGCATGGC-1,PB,-0.17622748936522684
MS,PB_28,CGTGTAAAGACTGTAA-1,PB,-0.29792794834763775
MS,PB_28,CGTTAGAAGGGCATGT-1,PB,-0.11166006914014306
MS,PB_28,CGTTCTGAGGTAAACT-1-1,PB,0.21196253532190149
MS,PB_28,CGTTGGGGTTGGGACA-1,PB,-0.29792794834763775
MS,PB_28,CTAAGACAGAAACCTA-1,PB,-0.29792794834763775
MS,PB_28,CTAAGACCAGTATGCT-1,PB,0.5025194936593067
MS,PB_28,CTAAGACGTTGAGGTG-1,PB,0.471732538605153
MS,PB_28,CTAGCCTAGACGCAAC-1,PB,0.10446472529429644
MS,PB_28,CTAGCCTAGTTACCCA-1,PB,-0.29792794834763775
MS,PB_28,CTAGCCTGTTAAGTAG-1,PB,-0.09165577133143861
MS,PB_28,CTCGGGATCATGCATG-1,PB,0.09283380612682227
MS,PB_28,CTGAAACAGACTGTAA-1,PB,-0.29792794834763775
MS,PB_28,CTGAAGTGTTCCTCCA-1,PB,0.047180186966556945
MS,PB_28,CTGATAGTCCTGTACC-1,PB,-0.1587296755319382
MS,PB_28,CTGCGGACAATGGAAT-1,PB,0.2280118513970335
MS,PB_28,CTGCGGAGTTCAACCA-1,PB,0.00493063980732132
MS,PB_28,CTGGTCTAGTTGCAGG-1,PB,-0.29792794834763775
MS,PB_28,CTGTTTAGTGAAATCA-1,PB,-0.29792794834763775
MS,PB_28,CTTCTCTCACCTGGTG-1,PB,-0.16649143173710954
MS,PB_28,CTTGGCTCAGTATCTG-1,PB,0.0773753251837286
MS,PB_28,GAACGGACACCAGGCT-1,PB,0.08726637944589023
MS,PB_28,GAACGGATCGAACGGA-1,PB,0.002217769292539156
MS,PB_28,GAAGCAGAGCTGTTCA-1,PB,-0.29792794834763775
MS,PB_28,GAAGCAGGTATATGGA-1,PB,-0.2083927615839604
MS,PB_28,GACAGAGCAAACTGTC-1,PB,0.1050946312950672
MS,PB_28,GACAGAGGTTCTGGTA-1,PB,-0.09252495668656525
MS,PB_28,GACGTGCCAGACTCGC-1,PB,-0.29792794834763775
MS,PB_28,GACGTTACAAGACGTG-1,PB,-0.15499582757564886
MS,PB_28,GACGTTAGTCCAACTA-1,PB,0.0011815640116809658
MS,PB_28,GAGGTGAAGTGTTTGC-1,PB,0.3548050215184134
MS,PB_28,GAGTCCGCACACAGAG-1,PB,-0.16401318061746042
MS,PB_28,GAGTCCGTCATGTGGT-1,PB,-0.29792794834763775
MS,PB_28,GATGAAACATTTCACT-1-1,PB,-0.29792794834763775
MS,PB_28,GATGAGGGTTGACGTT-1-1,PB,-0.13380472825293163
MS,PB_28,GATTCAGCAAGCTGTT-1,PB,-0.046061241606213076
MS,PB_28,GCACATACAACTGCTA-1,PB,0.48620968335376297
MS,PB_28,GCACATAGTCTAGTGT-1,PB,-0.29792794834763775
MS,PB_28,GCATGATTCCCAAGTA-1,PB,-0.29792794834763775
MS,PB_28,GCATGTATCACTCCTG-1,PB,0.6029046239349899
MS,PB_28,GCGACCAAGCTAAGAT-1,PB,-0.17034944004735111
MS,PB_28,GCGCAACAGTCAAGGC-1,PB,-0.29792794834763775
MS,PB_28,GCGCAGTCAGTTCCCT-1,PB,0.03963387292508191
MS,PB_28,GCGCGATCAATGTTGC-1,PB,-0.17776684252208488
MS,PB_28,GCTGCAGAGTAGCGGT-1,PB,-0.07746959303589486
MS,PB_28,GCTGCGATCTAACCGA-1,PB,-0.29792794834763775
MS,PB_28,GGAAAGCTCACAACGT-1,PB,-0.13500807138381174
MS,PB_28,GGACATTGTGAAATCA-1,PB,0.061201843446183186
MS,PB_28,GGACGTCCACTACAGT-1,PB,-0.29792794834763775
MS,PB_28,GGATGTTAGATCTGCT-1,PB,-0.157129473648461
MS,PB_28,GGATGTTTCTCGGACG-1,PB,-0.03479732821307222
MS,PB_28,GGATTACCACGACGAA-1,PB,-0.29792794834763775
MS,PB_28,GGCAATTCAGTAACGG-1,PB,0.6093792004221559
MS,PB_28,GGCCGATGTTGGTGGA-1,PB,0.32007079854333725
MS,PB_28,GGCGTGTGTTAAGTAG-1,PB,0.2725875779003668
MS,PB_28,GGCTGGTAGCGTCAAG-1,PB,0.9670634022987123
MS,PB_28,GGCTGGTGTCGCATCG-1,PB,-0.29792794834763775
MS,PB_28,GGGCACTGTTTGCATG-1,PB,0.038547948408123325
MS,PB_28,GGGTCTGCATAGAAAC-1,PB,-0.10075892546339592
MS,PB_28,GGGTTGCAGAGCAATT-1,PB,-0.29792794834763775
MS,PB_28,GGGTTGCAGTGCTGCC-1,PB,-0.29792794834763775
MS,PB_28,GGGTTGCTCATGTGGT-1,PB,0.2802063621550802
MS,PB_28,GGGTTGCTCGTTACAG-1,PB,-0.14811902678130456
MS,PB_28,GGTGAAGCAGATCTGT-1,PB,0.22965427581931963
MS,PB_28,GGTGAAGCATTGAGCT-1,PB,0.029386296542684105
MS,PB_28,GTAACGTTCTCGAGTA-1,PB,-0.07242639169488922
MS,PB_28,GTACTCCAGTTACGGG-1,PB,-0.022288116834797898
MS,PB_28,GTACTCCGTCATGCAT-1,PB,-0.29792794834763775
MS,PB_28,GTCAAGTAGTCCTCCT-1-1,PB,-0.29792794834763775
MS,PB_28,GTCACGGAGACCCACC-1,PB,0.07838546913622416
MS,PB_28,GTCACGGAGCGATTCT-1,PB,-0.019314956616857233
MS,PB_28,GTCCTCAAGGCTCAGA-1-1,PB,0.7617685601588163
MS,PB_28,GTCGTAAAGGACCACA-1,PB,-0.12316089568492315
MS,PB_28,GTCTCGTCATCACAAC-1-1,PB,0.1699133129431889
MS,PB_28,GTGCAGCAGAGGGCTT-1,PB,-0.29792794834763775
MS,PB_28,GTGGGTCTCTCTGAGA-1-1,PB,-0.07410041609534675
MS,PB_28,GTTAAGCTCCACGCAG-1,PB,-0.29792794834763775
MS,PB_28,GTTCATTAGAAGGACA-1,PB,0.5039425283098941
MS,PB_28,GTTCGGGTCGTAGGAG-1,PB,-0.29792794834763775
MS,PB_28,TAAGAGACATTGTGCA-1,PB,-0.29792794834763775
MS,PB_28,TACACGAAGAGTTGGC-1,PB,-0.03454231037209044
MS,PB_28,TACACGACAATGTAAG-1,PB,-0.29792794834763775
MS,PB_28,TACTTACAGGGATACC-1,PB,-0.1634617723318974
MS,PB_28,TACTTGTTCGATAGAA-1,PB,0.22050028510649314
MS,PB_28,TAGAGCTAGATGAGAG-1,PB,0.06221150045003454
MS,PB_28,TAGGCATGTCAAACTC-1,PB,-0.29792794834763775
MS,PB_28,TATCTCAGTCCCGACA-1,PB,-0.19680116461059052
MS,PB_28,TATCTCATCTGCTGCT-1,PB,0.3978159009793679
MS,PB_28,TATTACCAGAGATGAG-1-1,PB,0.4195902173047728
MS,PB_28,TCAATCTAGATCCTGT-1,PB,0.4223124175668692
MS,PB_28,TCACAAGGTCGGATCC-1,PB,-0.29792794834763775
MS,PB_28,TCACGAAGTTAAGATG-1,PB,0.0597627050667448
MS,PB_28,TCAGATGAGGGTGTTG-1,PB,-0.29792794834763775
MS,PB_28,TCAGATGAGTACATGA-1,PB,0.29817305780681974
MS,PB_28,TCAGCAAAGTGCGTGA-1,PB,0.11048653005644105
MS,PB_28,TCAGCTCGTAAATGAC-1,PB,0.38952229209493655
MS,PB_28,TCAGCTCTCAAACGGG-1,PB,-0.29792794834763775
MS,PB_28,TCAGCTCTCACCATAG-1,PB,0.08881163818316083
MS,PB_28,TCAGGATGTGGTTTCA-1,PB,0.057741687423215574
MS,PB_28,TCGCGTTCACAAGACG-1,PB,-0.16713721435696963
MS,PB_28,TCGGGACGTTGCCTCT-1,PB,-0.29792794834763775
MS,PB_28,TCGTACCTCCACGTTC-1,PB,0.6279612778012963
MS,PB_28,TCTATTGAGGTTCCTA-1,PB,-0.1955555601139898
MS,PB_28,TCTCTAACACCTCGTT-1,PB,0.9830718205628922
MS,PB_28,TGACGGCTCTGCCCTA-1,PB,0.5212850140289013
MS,PB_28,TGACTTTCATTACGAC-1,PB,-0.29792794834763775
MS,PB_28,TGAGAGGCAGCTCGCA-1,PB,0.35521977676051814
MS,PB_28,TGAGAGGGTAGTAGTA-1,PB,0.13639399487531081
MS,PB_28,TGAGCATTCGCCAGCA-1,PB,-0.29792794834763775
MS,PB_28,TGAGGGATCAAACGGG-1,PB,0.07052615940326122
MS,PB_28,TGATTTCTCTCACATT-1,PB,0.14837316813366294
MS,PB_28,TGCACCTTCCGAGCCA-1,PB,0.048017761883586266
MS,PB_28,TGCCAAAAGAGTGAGA-1,PB,0.0011490896400767614
MS,PB_28,TGCCAAAAGCTGAACG-1,PB,0.36753517704564304
MS,PB_28,TGCGCAGCAAAGTGCG-1-1,PB,-0.04903728116438188
MS,PB_28,TGCGGGTGTCACTGGC-1,PB,0.0155660602475978
MS,PB_28,TGCTACCGTCTAGCGC-1,PB,0.11006376084664556
MS,PB_28,TGGCTGGGTGTGCCTG-1,PB,0.2933829739559944
MS,PB_28,TGGGAAGCAAGGTTCT-1,PB,-0.29792794834763775
MS,PB_28,TGGGCGTCACCGAAAG-1,PB,0.41545897057435105
MS,PB_28,TGGTTAGAGTCGATAA-1-1,PB,1.198291446376411
MS,PB_28,TGGTTAGCACACCGCA-1,PB,-0.16042571943748493
MS,PB_28,TGGTTAGCAGGGAGAG-1,PB,-0.14941185865567772
MS,PB_28,TGTCCCACAAACGTGG-1,PB,0.09551302822698415
MS,PB_28,TGTGTTTTCGATCCCT-1,PB,-0.29792794834763775
MS,PB_28,TTAACTCGTAGCTTGT-1,PB,0.04985906132607997
MS,PB_28,TTAACTCTCTTGACGA-1,PB,-0.06260421882718352
MS,PB_28,TTAGTTCTCAAACCAC-1,PB,0.5460340891675889
MS,PB_28,TTATGCTCACGGTGTC-1,PB,-0.29792794834763775
MS,PB_28,TTGACTTCATACTACG-1,PB,0.8447370216643747
MS,PB_28,TTGACTTGTCTAGGTT-1,PB,-0.29792794834763775
MS,PB_28,TTGCCGTTCCCTCTTT-1,PB,0.06849176899851248
MS,PB_28,TTGCCGTTCGGCTTGG-1,PB,-0.29792794834763775
MS,PB_28,TTTATGCGTTTGGCGC-1,PB,-0.0645990528031153
MS,PB_28,TTTCCTCAGTCAAGGC-1,PB,-0.29792794834763775
MS,PB_28,TTTGTCACACCGAATT-1,PB,-0.29792794834763775
MS,PB_29,AAACCTGTCCGTAGTA-1,PB,-0.29792794834763775
MS,PB_29,AAACCTGTCTACTTAC-1,PB,-0.29792794834763775
MS,PB_29,AAAGCAACAGCTGTGC-1,PB,-0.041069579858882106
MS,PB_29,AAAGCAAGTCAAAGAT-1,PB,-0.044609882442595984
MS,PB_29,AAAGTAGAGGTAAACT-1,PB,0.1978624386489972
MS,PB_29,AAATGCCGTCCATCCT-1-1,PB,-0.027631470069558517
MS,PB_29,AACCATGCACATCTTT-1,PB,-0.29792794834763775
MS,PB_29,AACCATGTCAGGCAAG-1,PB,0.395608483184222
MS,PB_29,AACGTTGTCAGAGCTT-1,PB,0.008884447068867088
MS,PB_29,AACTCCCAGCGTAGTG-1,PB,1.063659107578396
MS,PB_29,AACTCTTAGAGGTACC-1,PB,-0.03994037172755743
MS,PB_29,AACTCTTAGAGGTTAT-1,PB,0.07688834777886713
MS,PB_29,AACTCTTCATATGGTC-1,PB,-0.12495332445596208
MS,PB_29,AACTGGTCATGTTGAC-1,PB,-0.29792794834763775
MS,PB_29,AACTGGTGTGGACGAT-1-1,PB,0.04598248731147939
MS,PB_29,AAGACCTTCATTCACT-1,PB,0.3061984752319267
MS,PB_29,AAGTCTGGTAAGGATT-1,PB,0.4835133292897674
MS,PB_29,AAGTCTGTCACGCGGT-1,PB,-0.29792794834763775
MS,PB_29,AAGTCTGTCGTCCGTT-1,PB,0.1483092277437909
MS,PB_29,AATCCAGCAACACCTA-1-1,PB,-0.06951111921660376
MS,PB_29,AATCCAGCAAGTAATG-1,PB,-0.29792794834763775
MS,PB_29,AATCGGTAGCCACGCT-1-1,PB,0.14807247927084918
MS,PB_29,AATCGGTAGTCGCCGT-1,PB,-0.08571964989197774
MS,PB_29,AATCGGTTCAAAGACA-1,PB,-0.29792794834763775
MS,PB_29,ACACCAACAATGGACG-1-1,PB,-0.29792794834763775
MS,PB_29,ACACCCTAGAATCTCC-1,PB,0.2650270881799012
MS,PB_29,ACACCCTAGCGTTCCG-1,PB,-0.11706851203096795
MS,PB_29,ACACCGGAGGCCCGTT-1,PB,0.24214288496732211
MS,PB_29,ACAGCTAAGCCTCGTG-1,PB,-0.29792794834763775
MS,PB_29,ACAGCTAAGTCTCAAC-1,PB,-0.07298730085437481
MS,PB_29,ACAGCTATCTATGTGG-1,PB,0.29522548664796816
MS,PB_29,ACAGCTATCTGTTTGT-1,PB,-0.18437455168048186
MS,PB_29,ACATCAGAGAAACGCC-1,PB,-0.07559373040704571
MS,PB_29,ACATCAGAGTGTACGG-1,PB,-0.17926785847628315
MS,PB_29,ACATCAGCAGCCAATT-1-1,PB,-0.29792794834763775
MS,PB_29,ACCGTAAAGAATGTTG-1-1,PB,-0.06281872740356562
MS,PB_29,ACGAGCCTCTTCGGTC-1,PB,-0.07180143329976384
MS,PB_29,ACGAGCCTCTTTACAC-1,PB,0.04704971167785026
MS,PB_29,ACGAGGACACCTGGTG-1-1,PB,-0.19905116012366203
MS,PB_29,ACGATACTCGCAAACT-1,PB,0.29362777803418494
MS,PB_29,ACGCAGCGTGCCTGGT-1,PB,0.2204138913706604
MS,PB_29,ACGCCAGGTCTCTCGT-1,PB,-0.1588993127481229
MS,PB_29,ACGCCGAGTTTCGCTC-1,PB,-0.17190930062239904
MS,PB_29,ACGGAGAGTAGTAGTA-1-1,PB,0.6093530224471712
MS,PB_29,ACGGAGATCGTATCAG-1,PB,-0.09896972411926451
MS,PB_29,ACGGCCAGTCCGACGT-1-1,PB,0.8270130097852958
MS,PB_29,ACGGCCATCCTAGAAC-1,PB,-0.15346264578442267
MS,PB_29,ACGGCCATCGCCAAAT-1,PB,-0.05668174077324407
MS,PB_29,ACGGGTCAGGCGACAT-1,PB,0.667036275570687
MS,PB_29,ACTGAACGTTTGTTGG-1,PB,0.20539645302941295
MS,PB_29,ACTGAACTCTGTGCAA-1,PB,-0.07435056366112137
MS,PB_29,ACTGTCCGTCCGAAGA-1,PB,0.019431260271560596
MS,PB_29,ACTGTCCTCAGCTTAG-1,PB,-0.14425402285614095
MS,PB_29,ACTTACTAGCCAGGAT-1,PB,-0.11233877492410811
MS,PB_29,ACTTGTTAGTCACGCC-1-1,PB,-0.015499786297399985
MS,PB_29,ACTTGTTTCCACGTTC-1,PB,0.8246900394030093
MS,PB_29,ACTTGTTTCGTCACGG-1,PB,0.28727499283238117
MS,PB_29,ACTTTCAAGCAGGCTA-1,PB,-0.0004065493188612569
MS,PB_29,ACTTTCATCTGCGACG-1,PB,0.6981902631059752
MS,PB_29,AGAATAGCACTTGGAT-1,PB,0.21243542554919334
MS,PB_29,AGAATAGGTATTCGTG-1,PB,0.03645698295568363
MS,PB_29,AGACGTTCACCGAAAG-1,PB,0.6522321378171487
MS,PB_29,AGAGCTTCATCCGTGG-1,PB,-0.17022127873632067
MS,PB_29,AGAGCTTGTCAAAGCG-1,PB,-0.29792794834763775
MS,PB_29,AGAGTGGTCCCTAACC-1,PB,-0.011209273369139358
MS,PB_29,AGATCTGAGATCGATA-1,PB,0.062304050625018134
MS,PB_29,AGATCTGCAACGATCT-1,PB,-0.14363276121602167
MS,PB_29,AGATTGCAGCGAGAAA-1,PB,0.5274283398494196
MS,PB_29,AGCAGCCAGAGTACCG-1,PB,-0.18038837414735148
MS,PB_29,AGCGGTCAGTTATCGC-1,PB,0.027622883529891864
MS,PB_29,AGCGGTCGTCCGAACC-1,PB,1.162288584215107
MS,PB_29,AGCGTATCACTTACGA-1,PB,0.12543951771446518
MS,PB_29,AGCGTATTCTTGCATT-1,PB,0.07495864076318208
MS,PB_29,AGCGTCGTCAACCAAC-1,PB,0.02088605884277655
MS,PB_29,AGCTCCTGTCATTAGC-1,PB,-0.29792794834763775
MS,PB_29,AGCTTGAGTAATAGCA-1,PB,0.3859566266509994
MS,PB_29,AGGCCACTCAGTTTGG-1,PB,0.17312223268512664
MS,PB_29,AGGGTGACAAAGTCAA-1,PB,0.08519775659492247
MS,PB_29,AGGGTGACAAGAAAGG-1,PB,-0.21288128252963548
MS,PB_29,AGGTCATCAAGCCGTC-1-1,PB,-0.29792794834763775
MS,PB_29,AGTGAGGAGGCTACGA-1,PB,0.01013195052006036
MS,PB_29,AGTGAGGCAAACCTAC-1,PB,-0.18232963249010628
MS,PB_29,AGTGGGAGTGACGGTA-1,PB,0.2482184736577946
MS,PB_29,AGTTGGTAGCATCATC-1,PB,-0.09529358549425788
MS,PB_29,ATAACGCTCTCGATGA-1,PB,-0.12596992210309174
MS,PB_29,ATAAGAGCAGCCTTTC-1-1,PB,0.018468901767943642
MS,PB_29,ATAGACCCATTCTTAC-1,PB,0.015564249132826311
MS,PB_29,ATCATGGAGCCTATGT-1,PB,-0.29792794834763775
MS,PB_29,ATCCACCAGCTAGTCT-1,PB,0.23539043182147384
MS,PB_29,ATCCACCGTATAAACG-1,PB,-0.1939855765143747
MS,PB_29,ATCGAGTCAGGGTACA-1,PB,0.5541098269217163
MS,PB_29,ATCTACTTCTCCTATA-1,PB,0.6781826972295876
MS,PB_29,ATGAGGGCACGTGAGA-1,PB,-0.29792794834763775
MS,PB_29,ATGCGATGTTCAGGCC-1,PB,0.005426284643130426
MS,PB_29,ATGGGAGAGTCACGCC-1,PB,-0.02526333482810097
MS,PB_29,ATGGGAGTCATCGCTC-1,PB,-0.17910422776774104
MS,PB_29,ATTACTCAGTGGGATC-1,PB,0.10969395163521727
MS,PB_29,ATTACTCAGTTGTAGA-1,PB,0.24844856525767217
MS,PB_29,ATTACTCGTCCGTCAG-1,PB,0.28894572704226607
MS,PB_29,ATTATCCGTCGTCTTC-1-1,PB,0.37157145748841575
MS,PB_29,ATTCTACGTCAACTGT-1,PB,0.2718021459081984
MS,PB_29,ATTCTACGTTATCGGT-1-1,PB,0.2814852136581752
MS,PB_29,ATTCTACTCGATGAGG-1,PB,0.740622295643065
MS,PB_29,ATTTCTGCAATGGAGC-1,PB,-0.08733408043335893
MS,PB_29,CAACCAAAGAAAGTGG-1,PB,0.31675869941997814
MS,PB_29,CAACCAATCTGACCTC-1,PB,-0.003909903141493587
MS,PB_29,CAACTAGCAAGGCTCC-1,PB,-0.17090517097498356
MS,PB_29,CAACTAGCAGGAACGT-1,PB,-0.04624865026813636
MS,PB_29,CAACTAGGTTAGAACA-1,PB,-0.10804015742587329
MS,PB_29,CAAGTTGTCTGATTCT-1,PB,0.3781499385982253
MS,PB_29,CACAAACGTGAAGGCT-1,PB,-0.13783800462010445
MS,PB_29,CACACTCTCAAACCAC-1,PB,0.3340683614399809
MS,PB_29,CACATTTGTGCGCTTG-1,PB,-0.12937069895859096
MS,PB_29,CACCACTGTTGTACAC-1,PB,-0.29792794834763775
MS,PB_29,CACCACTTCTTACCTA-1,PB,-0.1205277871659878
MS,PB_29,CACCAGGGTAATTGGA-1,PB,-0.012420476085683394
MS,PB_29,CACCTTGAGATATGGT-1,PB,-0.12764751268299443
MS,PB_29,CAGATCACACGAGGTA-1-1,PB,0.2664852354660871
MS,PB_29,CAGATCAGTATAATGG-1,PB,0.5668714580594718
MS,PB_29,CAGCTAAGTAAGGGAA-1,PB,-0.1232886770319263
MS,PB_29,CAGCTAAGTCTTCAAG-1,PB,0.273415019745298
MS,PB_29,CAGGTGCAGAAGGCCT-1,PB,0.08344115380455462
MS,PB_29,CAGGTGCGTTGAGGTG-1,PB,-0.12834046905597987
MS,PB_29,CAGGTGCTCGCGGATC-1,PB,-0.29792794834763775
MS,PB_29,CAGTAACCACAAGCCC-1,PB,0.13168291688495778
MS,PB_29,CAGTAACTCGCCAAAT-1,PB,-0.07042852141331056
MS,PB_29,CATATGGAGGTGCTTT-1,PB,0.25345648309427926
MS,PB_29,CATATTCCAGGCGATA-1,PB,-0.29792794834763775
MS,PB_29,CATATTCCATCTCGCT-1,PB,0.21281440706046317
MS,PB_29,CATCAGATCGTACCGG-1,PB,-0.20401757428175202
MS,PB_29,CATGACACATTGGCGC-1,PB,-0.17852961795218678
MS,PB_29,CATTATCCACCGAATT-1,PB,-0.1926452257352058
MS,PB_29,CATTATCGTCGTGGCT-1,PB,0.36994619146948543
MS,PB_29,CATTATCGTGCTCTTC-1,PB,0.11242037719309805
MS,PB_29,CATTCGCCAACGATGG-1,PB,0.12252272188237619
MS,PB_29,CATTCGCGTGTCTGAT-1,PB,-0.0195928161749711
MS,PB_29,CCACGGACAAGACGTG-1,PB,0.2614057580140582
MS,PB_29,CCACTACAGAATGTGT-1-1,PB,0.47268908095396117
MS,PB_29,CCACTACCAAGGACTG-1,PB,0.2602664118779295
MS,PB_29,CCACTACCAGTCAGAG-1,PB,-0.29792794834763775
MS,PB_29,CCAGCGAAGCCCAACC-1,PB,-0.11940076280849164
MS,PB_29,CCATGTCCAACACCTA-1,PB,-0.08988966535936825
MS,PB_29,CCATGTCTCACCGTAA-1-1,PB,0.6676416916276209
MS,PB_29,CCATTCGCAAGTCATC-1,PB,0.05500986382610074
MS,PB_29,CCATTCGGTTCATGGT-1,PB,0.07034118081474156
MS,PB_29,CCCAATCTCTGGCGTG-1,PB,-0.29792794834763775
MS,PB_29,CCCTCCTCAGGTGCCT-1-1,PB,0.1423266594534565
MS,PB_29,CCCTCCTCAGTGGGAT-1,PB,0.3874534761277518
MS,PB_29,CCCTCCTTCCCTAACC-1,PB,-0.29792794834763775
MS,PB_29,CCGGGATTCCTTTCTC-1,PB,-0.0042726895455878254
MS,PB_29,CCGTACTGTTAAGAAC-1,PB,-0.29792794834763775
MS,PB_29,CCGTGGACACATTAGC-1,PB,-0.29792794834763775
MS,PB_29,CCGTTCAAGATGGCGT-1,PB,-0.1851684824322492
MS,PB_29,CCGTTCAAGGCGTACA-1,PB,-0.29792794834763775
MS,PB_29,CCTACACAGCGTCAAG-1,PB,-0.29792794834763775
MS,PB_29,CCTACACAGCTGTTCA-1,PB,-0.29792794834763775
MS,PB_29,CCTACCAAGATCTGCT-1,PB,-0.019034610793358338
MS,PB_29,CCTAGCTAGACAAAGG-1,PB,-0.17560723347003515
MS,PB_29,CCTAGCTGTAGCTCCG-1,PB,0.08805179652555115
MS,PB_29,CCTCAGTTCTCAAGTG-1,PB,-0.20938231488021147
MS,PB_29,CCTCTGAAGGTGACCA-1,PB,0.2550140102650856
MS,PB_29,CCTCTGACACACCGCA-1,PB,1.0793033032141262
MS,PB_29,CCTTACGGTTGACGTT-1,PB,-0.29792794834763775
MS,PB_29,CCTTACGTCGCCATAA-1,PB,-0.09697406066420958
MS,PB_29,CCTTCCCCAGCTGCAC-1,PB,-0.019806937404884286
MS,PB_29,CCTTCGACACCAGGTC-1,PB,0.4149053839143849
MS,PB_29,CCTTTCTGTGGAAAGA-1,PB,-0.29792794834763775
MS,PB_29,CGAATGTGTAGGACAC-1,PB,0.018195153675633607
MS,PB_29,CGACCTTAGTACCGGA-1,PB,-0.29792794834763775
MS,PB_29,CGACCTTGTCTAGGTT-1,PB,-0.065399963229169
MS,PB_29,CGACCTTTCATATCGG-1,PB,0.909536950508848
MS,PB_29,CGACTTCCACAACTGT-1,PB,-0.29792794834763775
MS,PB_29,CGACTTCGTCTAAACC-1,PB,0.4297087952081208
MS,PB_29,CGAGAAGAGAGACGAA-1,PB,0.26761077141695055
MS,PB_29,CGAGAAGCATGTAAGA-1-1,PB,0.48321121009257756
MS,PB_29,CGAGCACAGAGTCTGG-1,PB,1.0778866684367487
MS,PB_29,CGATGGCAGATGTTAG-1,PB,0.013631825141147802
MS,PB_29,CGATGTAAGCCTCGTG-1,PB,0.25287928078063937
MS,PB_29,CGATGTAAGGAGTCTG-1,PB,-0.11015535949795947
MS,PB_29,CGATGTATCAGGCGAA-1,PB,0.5053626701372435
MS,PB_29,CGATTGAAGATAGTCA-1,PB,0.49432224669544406
MS,PB_29,CGCGGTAGTTCCATGA-1,PB,-0.10224121499651144
MS,PB_29,CGCGTTTAGTTTGCGT-1,PB,-0.12210172023879193
MS,PB_29,CGCTGGAAGAACAACT-1,PB,-0.29792794834763775
MS,PB_29,CGCTGGAGTAAGTGTA-1,PB,-0.29792794834763775
MS,PB_29,CGCTTCATCTTATCTG-1,PB,-0.10000774125714264
MS,PB_29,CGGACACTCATTCACT-1,PB,0.1232784998978993
MS,PB_29,CGGACTGAGACTAGGC-1,PB,0.4126394852582874
MS,PB_29,CGGACTGAGGTAGCTG-1-1,PB,0.4680685071493395
MS,PB_29,CGGACTGAGGTGGGTT-1,PB,0.20354861567468321
MS,PB_29,CGGAGCTGTCAGATAA-1,PB,0.12991387749714225
MS,PB_29,CGGAGCTGTTCACCTC-1-1,PB,-0.0216692243690379
MS,PB_29,CGGAGTCAGACTAGAT-1,PB,0.2345707293462072
MS,PB_29,CGGAGTCCAAGGACAC-1,PB,-0.14283893959881397
MS,PB_29,CGGAGTCGTCTGCAAT-1,PB,0.38169069122280763
MS,PB_29,CGGGTCAAGCCCGAAA-1,PB,0.3812417393564433
MS,PB_29,CGGGTCACAAGCCGCT-1,PB,-0.29792794834763775
MS,PB_29,CGGGTCACAGTGGAGT-1,PB,-0.14567995086199162
MS,PB_29,CGTAGCGGTCAACATC-1,PB,0.19533527859390495
MS,PB_29,CGTAGCGGTCCAAGTT-1-1,PB,0.4709927750420365
MS,PB_29,CGTAGCGGTCGAAAGC-1,PB,0.9107299248940848
MS,PB_29,CGTAGGCAGTTATCGC-1,PB,0.21821470731146256
MS,PB_29,CGTCAGGAGCTATGCT-1,PB,0.024521516069319998
MS,PB_29,CGTGAGCAGTTTAGGA-1,PB,0.1347537623648061
MS,PB_29,CGTGAGCGTGACCAAG-1,PB,-0.29792794834763775
MS,PB_29,CGTTAGAGTGCCTGGT-1,PB,0.4663963211498382
MS,PB_29,CGTTCTGAGTTGTCGT-1,PB,0.7301421809319688
MS,PB_29,CGTTCTGTCCCTTGTG-1,PB,-0.29792794834763775
MS,PB_29,CTAACTTAGCTGAAAT-1,PB,-0.29792794834763775
MS,PB_29,CTAACTTAGTTCGATC-1,PB,-0.0009776596850223443
MS,PB_29,CTAACTTGTTGTCGCG-1,PB,-0.10669642005751682
MS,PB_29,CTAACTTTCCACGCAG-1,PB,0.21464289669807401
MS,PB_29,CTAAGACCAGAGCCAA-1,PB,-0.29792794834763775
MS,PB_29,CTAAGACGTCGCTTTC-1,PB,0.011897732122305747
MS,PB_29,CTAATGGGTTACCGAT-1,PB,0.04476872086972083
MS,PB_29,CTAATGGTCTGGAGCC-1,PB,0.3098168379184069
MS,PB_29,CTACACCCATGCAACT-1-1,PB,-0.29792794834763775
MS,PB_29,CTACACCTCGTACCGG-1,PB,0.9073561839160332
MS,PB_29,CTCACACCACGAAAGC-1,PB,-0.17653904127921663
MS,PB_29,CTCACACTCTGCAAGT-1,PB,0.1247331080037405
MS,PB_29,CTCATTAGTTACGTCA-1-1,PB,0.09813724051218
MS,PB_29,CTCATTATCTCCAGGG-1,PB,-0.29792794834763775
MS,PB_29,CTCCTAGAGCGTCAAG-1,PB,-0.29792794834763775
MS,PB_29,CTCCTAGGTCCGAAGA-1,PB,-0.19955649611218537
MS,PB_29,CTCGAAAAGGTCGGAT-1-1,PB,-0.16520227913482335
MS,PB_29,CTCGAAATCAGCAACT-1-1,PB,0.2290118302974465
MS,PB_29,CTCGAGGAGCTAGGCA-1,PB,0.116082924061148
MS,PB_29,CTCGAGGTCAATAAGG-1-1,PB,0.37690795999136856
MS,PB_29,CTCGAGGTCGGCTTGG-1,PB,0.29559305342050957
MS,PB_29,CTCGAGGTCTGTCTAT-1-1,PB,0.2715141703141698
MS,PB_29,CTCGGAGGTACTTCTT-1,PB,0.2328091104552658
MS,PB_29,CTCGGAGTCAAACCAC-1,PB,-0.004722900157806758
MS,PB_29,CTCGGGACACATTAGC-1,PB,0.2548661132711158
MS,PB_29,CTCTACGCAGGATTGG-1-1,PB,0.04598996535207672
MS,PB_29,CTGCCTAGTAGTGAAT-1,PB,0.14205264987899494
MS,PB_29,CTGTGCTAGTGTTTGC-1,PB,-0.04931005487430755
MS,PB_29,CTGTTTATCCGGCACA-1,PB,0.5885464312872057
MS,PB_29,CTTAACTGTGCAGTAG-1,PB,-0.29792794834763775
MS,PB_29,CTTAACTTCGCAAACT-1,PB,-0.015586506389026453
MS,PB_29,CTTAGGACATCCGCGA-1,PB,-0.012339895461859216
MS,PB_29,CTTTGCGGTTGAGGTG-1-1,PB,0.15090620809334698
MS,PB_29,CTTTGCGGTTGCTCCT-1,PB,-0.09875523363713372
MS,PB_29,CTTTGCGTCCCGGATG-1,PB,0.24505321906403194
MS,PB_29,GAAACTCGTAGCGTGA-1,PB,0.1596999853669113
MS,PB_29,GAAACTCTCTTGACGA-1,PB,-0.29792794834763775
MS,PB_29,GAACATCCAAATACAG-1,PB,0.9681216312137666
MS,PB_29,GAACCTAAGACTCGGA-1,PB,0.18227373991459245
MS,PB_29,GAATGAAGTACCAGTT-1,PB,0.32935777752462586
MS,PB_29,GACACGCAGCCGCCTA-1,PB,-0.17758451750065893
MS,PB_29,GACAGAGTCGTCTGCT-1,PB,-0.11033880235064442
MS,PB_29,GACCTGGAGTGTTAGA-1,PB,0.2292259515929933
MS,PB_29,GACGGCTAGACAAGCC-1,PB,-0.29792794834763775
MS,PB_29,GACGGCTGTAGGCATG-1-2,PB,0.27628394957186314
MS,PB_29,GACGGCTGTCTTGCGG-1,PB,0.006861951985016284
MS,PB_29,GACGTTACACCGAAAG-1-2,PB,-0.024311741490975338
MS,PB_29,GACTACACATATACGC-1,PB,-0.29792794834763775
MS,PB_29,GACTACAGTCCCTTGT-1,PB,-0.29792794834763775
MS,PB_29,GACTGCGCAGCAGTTT-1,PB,-0.11076949715456712
MS,PB_29,GACTGCGGTTTGACTG-1,PB,0.19780347571417045
MS,PB_29,GAGTCCGGTTAGAACA-1,PB,0.44874914389045567
MS,PB_29,GATCGATCACGGCTAC-1,PB,0.27083938457151197
MS,PB_29,GATCGCGGTTGGAGGT-1,PB,0.06839533963961145
MS,PB_29,GATCGTACAGCGAACA-1,PB,0.1361099604822
MS,PB_29,GATGAAAAGAGCAATT-1-1,PB,0.2908865829272308
MS,PB_29,GATGAAACACACCGAC-1,PB,0.05611065456544824
MS,PB_29,GATGAAATCAAACCAC-1,PB,0.43730376379204594
MS,PB_29,GATGAGGAGCTGCAAG-1-1,PB,-0.009237580689597371
MS,PB_29,GATGAGGTCAAGGCTT-1,PB,0.510756759204605
MS,PB_29,GATTCAGCATAAGACA-1,PB,0.11795417722272375
MS,PB_29,GCAATCAGTTTAGCTG-1,PB,-0.05998476734059739
MS,PB_29,GCAATCATCATCGGAT-1,PB,0.2395995789050896
MS,PB_29,GCACATAAGCGTAATA-1-1,PB,-0.11127152417333774
MS,PB_29,GCACATAGTTTAGGAA-1,PB,0.03326895971501367
MS,PB_29,GCACTCTAGATAGCAT-1,PB,0.18094619642866064
MS,PB_29,GCACTCTCAGGGTATG-1,PB,0.8569859654477118
MS,PB_29,GCAGTTATCATCATTC-1,PB,-0.29792794834763775
MS,PB_29,GCATACAGTGTCCTCT-1-1,PB,0.5178712975334074
MS,PB_29,GCATACATCGTGGGAA-1,PB,0.6921257332502171
MS,PB_29,GCATGTAAGCTTCGCG-1-1,PB,-0.29792794834763775
MS,PB_29,GCCTCTAGTCTTGCGG-1,PB,0.32622544200288744
MS,PB_29,GCGACCAGTACGCTGC-1,PB,0.28486300355034694
MS,PB_29,GCGAGAAGTGGTAACG-1,PB,-0.10458302508060457
MS,PB_29,GCGCAACGTGTCGCTG-1-1,PB,-0.1050084987890753
MS,PB_29,GCGCAACTCGGTTCGG-1-1,PB,0.07713313106344952
MS,PB_29,GCGCCAAAGTGTTGAA-1,PB,-0.29792794834763775
MS,PB_29,GCGCGATGTATGGTTC-1,PB,0.2703186405152422
MS,PB_29,GCGGGTTCACTGCCAG-1,PB,0.01584894152508081
MS,PB_29,GCTCCTAGTGCCTGTG-1,PB,0.044292241678370224
MS,PB_29,GCTCTGTCAGGATCGA-1,PB,0.32030119205570345
MS,PB_29,GCTGCGAGTTCACGGC-1-1,PB,0.7287530421506475
MS,PB_29,GCTGCTTTCCGTCAAA-1,PB,-0.14097204129085453
MS,PB_29,GCTGGGTAGAAGAAGC-1,PB,-0.29792794834763775
MS,PB_29,GCTGGGTGTACTCAAC-1,PB,-0.06351576468424815
MS,PB_29,GCTTGAAAGACTCGGA-1,PB,0.2103319305509904
MS,PB_29,GGAAAGCCAAATCCGT-1-1,PB,0.049624663718506434
MS,PB_29,GGAAAGCTCAAAGACA-1,PB,0.9190501903659891
MS,PB_29,GGAACTTTCGAGCCCA-1,PB,0.037623806719708934
MS,PB_29,GGAATAATCACATACG-1,PB,0.13822185104894544
MS,PB_29,GGACAAGGTCTTTCAT-1,PB,0.35446041181286203
MS,PB_29,GGACAAGTCCAGTAGT-1,PB,0.097361505894148
MS,PB_29,GGACAAGTCGCTGATA-1,PB,-0.29792794834763775
MS,PB_29,GGACGTCCAAGTTGTC-1,PB,-0.29792794834763775
MS,PB_29,GGACGTCCACTCGACG-1,PB,-0.29792794834763775
MS,PB_29,GGAGCAATCACCCTCA-1,PB,-0.006456547210388004
MS,PB_29,GGCAATTGTCTAGCCG-1-1,PB,0.193576451799597
MS,PB_29,GGCCGATCAATAACGA-1,PB,0.02477095417869694
MS,PB_29,GGCCGATCAATTCCTT-1,PB,0.5059517906883982
MS,PB_29,GGCTCGAGTAATCGTC-1,PB,0.20560276434480548
MS,PB_29,GGCTGGTGTCAGATAA-1,PB,-0.05384467107572649
MS,PB_29,GGGAATGTCTGGCGAC-1,PB,0.4223124175668692
MS,PB_29,GGGACCTTCATCGCTC-1,PB,-0.29792794834763775
MS,PB_29,GGGAGATAGCGATTCT-1,PB,-0.06969057952779835
MS,PB_29,GGGCATCGTCAGAGGT-1,PB,-0.11895865957017315
MS,PB_29,GGGCATCGTCCATCCT-1,PB,-0.032982370852066054
MS,PB_29,GGGTCTGGTCGAAAGC-1,PB,-0.08430553012876683
MS,PB_29,GGTGAAGCAAGGACTG-1-1,PB,0.12832876359101966
MS,PB_29,GGTGAAGGTCACAAGG-1-1,PB,-0.13974389232965917
MS,PB_29,GTAACGTAGCCACGTC-1,PB,0.048921659909366
MS,PB_29,GTAACGTAGGACAGCT-1,PB,-0.29792794834763775
MS,PB_29,GTAACTGCAAGACACG-1,PB,0.2402497709757301
MS,PB_29,GTAGGCCGTCAGAGGT-1,PB,0.13239225804826107
MS,PB_29,GTAGTCATCGAACGGA-1,PB,0.28760113389095715
MS,PB_29,GTATCTTAGAAGGTTT-1,PB,0.011599094016679736
MS,PB_29,GTATTCTAGGATATAC-1,PB,0.16542052271922894
MS,PB_29,GTATTCTGTTCCGGCA-1,PB,0.32366413290689044
MS,PB_29,GTCAAGTGTCCGAATT-1,PB,0.4867730204567426
MS,PB_29,GTCAAGTTCACCATAG-1,PB,0.021113756170825844
MS,PB_29,GTCACAAAGGTGACCA-1,PB,0.15019806784895776
MS,PB_29,GTCACAATCAGAGACG-1,PB,-0.19587713452598712
MS,PB_29,GTCACGGGTCGTTGTA-1,PB,0.30560412046300645
MS,PB_29,GTCCTCAAGGAATCGC-1,PB,-0.12180979477052656
MS,PB_29,GTCGGGTTCAGCACAT-1,PB,-0.18488829480490265
MS,PB_29,GTCGTAAAGTCCATAC-1,PB,0.23737315159431005
MS,PB_29,GTCGTAAAGTTTAGGA-1,PB,0.06875000811665898
MS,PB_29,GTCTCGTAGCAGCCTC-1,PB,0.06577242393912747
MS,PB_29,GTCTTCGTCAGTACGT-1,PB,0.4022862031979377
MS,PB_29,GTGAAGGCACGCTTTC-1,PB,-0.1784698147017891
MS,PB_29,GTGAAGGCATTCACTT-1-1,PB,0.14832246902564045
MS,PB_29,GTGCAGCTCATTGCGA-1,PB,0.18966625161285497
MS,PB_29,GTGCGGTAGTACGTAA-1,PB,0.0757719157415877
MS,PB_29,GTGCGGTGTATATGAG-1,PB,-0.12904842575682846
MS,PB_29,GTGCTTCAGAAGGACA-1,PB,0.20905143552515565
MS,PB_29,GTGCTTCAGTGTACGG-1,PB,0.7598581247933947
MS,PB_29,GTGTGCGAGAAGGGTA-1,PB,-0.19842351249518156
MS,PB_29,GTTACAGAGTGAATTG-1,PB,-0.012815906312821994
MS,PB_29,GTTCATTAGATCGGGT-1,PB,-0.10989028297301849
MS,PB_29,GTTCATTTCTACTCAT-1,PB,0.08115154105304703
MS,PB_29,GTTCATTTCTCTGTCG-1,PB,0.12620896133400317
MS,PB_29,GTTCGGGAGGACACCA-1-1,PB,0.01950616466600676
MS,PB_29,GTTCGGGGTACGCACC-1,PB,0.017835063324327566
MS,PB_29,GTTTCTATCCACGTTC-1-1,PB,-0.010337634444843409
MS,PB_29,TAAGTGCAGAGCTATA-1,PB,0.3511252870014418
MS,PB_29,TAAGTGCTCAAAGACA-1-1,PB,0.4561438874646554
MS,PB_29,TACCTATCAGTTAACC-1,PB,-0.08381339045420899
MS,PB_29,TACCTTAGTCTAGCCG-1-1,PB,0.5890852150533977
MS,PB_29,TACGGTAAGTGTGAAT-1,PB,-0.29792794834763775
MS,PB_29,TACTCATTCAGCTCGG-1,PB,-0.29792794834763775
MS,PB_29,TACTCGCAGAGGGCTT-1,PB,-0.29792794834763775
MS,PB_29,TACTTACCACGGCCAT-1,PB,-0.29792794834763775
MS,PB_29,TACTTACGTATAGGTA-1-1,PB,0.4763250816370727
MS,PB_29,TACTTACGTTGTCGCG-1,PB,-0.29792794834763775
MS,PB_29,TACTTGTAGCCAACAG-1,PB,0.5528717439442735
MS,PB_29,TACTTGTGTTGAGGTG-1-1,PB,0.22082606193092683
MS,PB_29,TAGACCATCACAACGT-1,PB,-0.03761403802548098
MS,PB_29,TAGAGCTGTATATGAG-1,PB,-0.2403440127569775
MS,PB_29,TAGGCATAGGAATCGC-1,PB,0.12624019579951326
MS,PB_29,TAGGCATGTTAAGAAC-1,PB,-0.02764549140960109
MS,PB_29,TAGGCATTCCCAAGTA-1,PB,-0.29792794834763775
MS,PB_29,TAGTGGTGTCAACTGT-1,PB,-0.29792794834763775
MS,PB_29,TAGTTGGCACCACCAG-1,PB,0.604421100846264
MS,PB_29,TAGTTGGTCCTAGTGA-1,PB,0.4107037809749389
MS,PB_29,TATGCCCTCCTTGACC-1,PB,0.1602730665690962
MS,PB_29,TATTACCAGAGAGCTC-1,PB,-0.29792794834763775
MS,PB_29,TATTACCAGGCACATG-1,PB,-0.10244892312811116
MS,PB_29,TATTACCCATCGGACC-1,PB,-0.08004771384260366
MS,PB_29,TCACAAGCACAGCGTC-1,PB,0.40998643495010084
MS,PB_29,TCACAAGGTCTCAACA-1,PB,-0.05027074887356698
MS,PB_29,TCACGAAGTGAGTATA-1-1,PB,0.17239208032006342
MS,PB_29,TCAGCTCGTCCGCTGA-1-1,PB,-0.17895759238692116
MS,PB_29,TCAGGTAGTACCGGCT-1,PB,-0.005359483592732354
MS,PB_29,TCATTACAGCATGGCA-1,PB,-0.29792794834763775
MS,PB_29,TCATTACTCGGAATCT-1,PB,-0.29792794834763775
MS,PB_29,TCATTTGAGTGCGATG-1-1,PB,-0.20921905974717087
MS,PB_29,TCATTTGCACAGAGGT-1,PB,-0.29792794834763775
MS,PB_29,TCCACACCAATCGGTT-1,PB,-0.033456627990777574
MS,PB_29,TCCCGATCAAGACGTG-1,PB,-0.29792794834763775
MS,PB_29,TCGAGGCCACAGAGGT-1,PB,0.017404718021808683
MS,PB_29,TCGCGAGTCCCAAGAT-1-1,PB,-0.04940842016733936
MS,PB_29,TCGCGTTAGTCCATAC-1,PB,-0.29792794834763775
MS,PB_29,TCGCGTTTCAATAAGG-1,PB,-0.10834946947433959
MS,PB_29,TCGGTAACATAAGACA-1,PB,0.4957989818781066
MS,PB_29,TCTATTGAGGAACTGC-1,PB,-0.29792794834763775
MS,PB_29,TCTCATAAGGCCCTTG-1,PB,0.5601725955763686
MS,PB_29,TCTCTAAAGCTAGCCC-1,PB,0.22434078241542169
MS,PB_29,TCTCTAAGTCAGGACA-1,PB,-0.29792794834763775
MS,PB_29,TCTGAGATCAGTTCGA-1,PB,0.20213255573940633
MS,PB_29,TCTGGAACACCGTTGG-1-1,PB,-0.16765330766209105
MS,PB_29,TCTGGAATCTTGCATT-1-1,PB,-0.08793719876848617
MS,PB_29,TCTTCGGTCCTCTAGC-1-1,PB,0.5135302852812998
MS,PB_29,TCTTTCCCACTATCTT-1,PB,0.2608928299711854
MS,PB_29,TGAAAGAAGAGTGAGA-1,PB,-0.0609986364508549
MS,PB_29,TGACAACAGCCGTCGT-1,PB,-0.29792794834763775
MS,PB_29,TGACGGCAGTGGGTTG-1,PB,-0.29792794834763775
MS,PB_29,TGATTTCGTAAGGATT-1,PB,0.35628568049589243
MS,PB_29,TGATTTCGTGATGTGG-1,PB,0.667427459766135
MS,PB_29,TGCACCTTCAACGGGA-1,PB,0.14638683396210528
MS,PB_29,TGCACCTTCTAGAGTC-1,PB,0.04696873685866466
MS,PB_29,TGCCAAAAGCGGCTTC-1,PB,-0.29792794834763775
MS,PB_29,TGCCAAAAGGACAGCT-1,PB,0.23397206369440487
MS,PB_29,TGCGTGGCACCACGTG-1,PB,0.48836658405538974
MS,PB_29,TGCTACCAGCTATGCT-1,PB,-0.1008636758157884
MS,PB_29,TGCTGCTTCTTGTATC-1,PB,0.36985876587327376
MS,PB_29,TGGCCAGTCTGTTGAG-1,PB,-0.0687956858039009
MS,PB_29,TGGCGCAAGGTGCTAG-1,PB,-0.10292377330896008
MS,PB_29,TGGCGCAGTCGGATCC-1,PB,0.14023227546258926
MS,PB_29,TGGCTGGCACGCGAAA-1,PB,0.10562240008206165
MS,PB_29,TGTGGTACAGCTGGCT-1,PB,0.14978263852027013
MS,PB_29,TGTGTTTTCAACCATG-1-2,PB,0.15095452547369576
MS,PB_29,TGTGTTTTCTAACTTC-1,PB,0.043716193423208476
MS,PB_29,TGTTCCGGTAGAAGGA-1,PB,-0.12551474378512756
MS,PB_29,TTAACTCCAAGCCATT-1,PB,0.0676048410545115
MS,PB_29,TTAACTCCATGCTAGT-1,PB,0.0925505731602055
MS,PB_29,TTAGGACTCACCTTAT-1,PB,-0.29792794834763775
MS,PB_29,TTATGCTGTACAGACG-1,PB,0.9163348168363867
MS,PB_29,TTATGCTGTGGCGAAT-1,PB,0.2275591194582026
MS,PB_29,TTATGCTTCCATTCTA-1,PB,-0.29792794834763775
MS,PB_29,TTCGAAGGTCCAAGTT-1,PB,-0.29792794834763775
MS,PB_29,TTCGGTCAGTGTTAGA-1,PB,0.6941113394891235
MS,PB_29,TTCGGTCTCCTTTCGG-1,PB,-0.002406902731248804
MS,PB_29,TTCTACAAGGGTTCCC-1,PB,0.18686008335965323
MS,PB_29,TTCTACAAGGTCGGAT-1,PB,0.5863380971611887
MS,PB_29,TTCTACAGTCTTTCAT-1,PB,0.415757255736647
MS,PB_29,TTCTCAAAGCAGCGTA-1,PB,-0.03691481680779267
MS,PB_29,TTCTCAACAGCCAATT-1,PB,0.6023383698327004
MS,PB_29,TTCTCAATCTGCCAGG-1,PB,-0.03353551362452882
MS,PB_29,TTCTCCTCAAAGGCGT-1,PB,0.022306253197803518
MS,PB_29,TTCTCCTCAGCCAGAA-1,PB,-0.29792794834763775
MS,PB_29,TTCTTAGAGCTGAAAT-1,PB,0.28022462403123977
MS,PB_29,TTCTTAGCATCCGTGG-1,PB,-0.004581550244157232
MS,PB_29,TTGAACGAGCACAGGT-1,PB,0.09566101144621422
MS,PB_29,TTGCCGTAGCTTTGGT-1,PB,-0.08241861818681948
MS,PB_29,TTGGCAAGTAAATACG-1,PB,-0.29792794834763775
MS,PB_29,TTTACTGAGACCCACC-1,PB,0.024739545364219576
MS,PB_29,TTTACTGAGTAGCGGT-1,PB,-0.03845342215083998
MS,PB_29,TTTACTGTCTGCGGCA-1,PB,-0.0036549860540740576
MS,PB_29,TTTATGCAGCTCCTTC-1-1,PB,0.16474633965963664
MS,PB_29,TTTATGCTCCGGCACA-1,PB,0.28597008721591416
MS,PB_31,AAACCTGTCAACACAC-1,PB,0.06928636360742416
MS,PB_31,AAACGGGTCAATACCG-1,PB,-0.1283957521999057
MS,PB_31,AAACGGGTCCGAAGAG-1,PB,1.0791090618983648
MS,PB_31,AAAGATGAGGATGCGT-1,PB,-0.009662990870961539
MS,PB_31,AAAGCAAAGCACAGGT-1,PB,-0.09492998798500915
MS,PB_31,AAAGTAGAGATCGATA-1,PB,0.04751702588188607
MS,PB_31,AAATGCCTCTGCAAGT-1-1,PB,0.18655003442804624
MS,PB_31,AACACGTCATCGATTG-1,PB,0.9122656563076621
MS,PB_31,AACACGTTCCTGCAGG-1-1,PB,0.03333596582746378
MS,PB_31,AACCATGTCTCCTATA-1,PB,0.3720224772165526
MS,PB_31,AACCGCGTCTGTCTAT-1,PB,-0.005301757480836246
MS,PB_31,AACGTTGAGTGCAAGC-1-1,PB,0.10941171687057695
MS,PB_31,AACTCAGAGAAAGTGG-1,PB,0.27817819534971694
MS,PB_31,AACTCAGAGACTGTAA-1,PB,0.046625281549493816
MS,PB_31,AACTCAGTCTCGAGTA-1,PB,0.13771833642290218
MS,PB_31,AACTGGTAGACCACGA-1,PB,0.15960466921288835
MS,PB_31,AACTGGTCAAAGTCAA-1,PB,0.12077553018528854
MS,PB_31,AACTTTCCACCATGTA-1-1,PB,-0.08862426437334817
MS,PB_31,AACTTTCGTTTGGCGC-1,PB,-0.012774659544738165
MS,PB_31,AACTTTCTCAGTCAGT-1,PB,0.29119958119547745
MS,PB_31,AAGACCTTCGCATGGC-1,PB,0.20307112368755617
MS,PB_31,AATCCAGAGATGTCGG-1,PB,-0.16396089675373232
MS,PB_31,AATCCAGGTGTGTGCC-1,PB,-0.29792794834763775
MS,PB_31,AATCGGTAGGTAGCTG-1,PB,0.3940239659136678
MS,PB_31,AATCGGTGTAGCTAAA-1,PB,-0.1061960635639413
MS,PB_31,ACACCAAAGACATAAC-1,PB,0.03805476389681689
MS,PB_31,ACACCAAGTTAAGTAG-1,PB,-0.1624096311995434
MS,PB_31,ACACCAATCTAACTTC-1,PB,0.6202456877836753
MS,PB_31,ACACCCTGTGAGTGAC-1,PB,-0.04008238167264296
MS,PB_31,ACACCCTTCGAGAACG-1,PB,-0.13114650443335482
MS,PB_31,ACACCGGAGGTGCACA-1,PB,-0.05061408099491584
MS,PB_31,ACACTGAAGAGCTGGT-1,PB,0.524335703492372
MS,PB_31,ACAGCCGAGGCTCAGA-1,PB,-0.29792794834763775
MS,PB_31,ACAGCCGAGGTGTTAA-1,PB,-0.29792794834763775
MS,PB_31,ACAGCCGTCTACTTAC-1,PB,0.039980032793761375
MS,PB_31,ACAGCTAAGCGATAGC-1,PB,-0.13848565703397603
MS,PB_31,ACAGCTAGTCGGCTCA-1,PB,-0.152383609022065
MS,PB_31,ACATACGAGACTCGGA-1-1,PB,0.5773298685800631
MS,PB_31,ACATACGAGTTCGCAT-1,PB,0.26434002403690393
MS,PB_31,ACATACGTCGTTACAG-1,PB,-0.03247054504819201
MS,PB_31,ACATCAGAGCAGATCG-1,PB,0.07565553339548736
MS,PB_31,ACATCAGGTTCGGGCT-1,PB,-0.08845810351461318
MS,PB_31,ACATCAGTCGGTTAAC-1-1,PB,-0.29792794834763775
MS,PB_31,ACATGGTGTCAACATC-1,PB,-0.027855746388471856
MS,PB_31,ACCGTAAAGACAGACC-1-1,PB,-0.10900413861406386
MS,PB_31,ACCGTAATCCAAACAC-1,PB,-0.29792794834763775
MS,PB_31,ACCTTTATCGTGGTCG-1,PB,0.17733288894379248
MS,PB_31,ACGAGCCAGTGCCAGA-1,PB,-0.13492287512442017
MS,PB_31,ACGAGGATCGCCAAAT-1,PB,0.030736880286255635
MS,PB_31,ACGATGTAGAGCAATT-1,PB,-0.026591512171902882
MS,PB_31,ACGATGTAGCGTAGTG-1,PB,0.08928511564870265
MS,PB_31,ACGATGTCACTTGGAT-1,PB,-0.07438435709362383
MS,PB_31,ACGATGTTCCGCGGTA-1,PB,-0.29792794834763775
MS,PB_31,ACGCAGCTCCGGGTGT-1,PB,0.6156727136797816
MS,PB_31,ACGCCGAGTAATCACC-1-1,PB,0.04226417412786602
MS,PB_31,ACGCCGATCCATTCTA-1,PB,0.2537666213711168
MS,PB_31,ACGGAGACATTGGCGC-1,PB,0.26197365900820585
MS,PB_31,ACGGCCACAAGCTGAG-1,PB,0.43095579621660596
MS,PB_31,ACGGCCACAGTCGATT-1,PB,0.023637846959011825
MS,PB_31,ACGGGCTAGTACATGA-1,PB,0.2328706610386937
MS,PB_31,ACGGGCTCAAATTGCC-1,PB,0.10271070570833214
MS,PB_31,ACGGGTCCACGGTGTC-1,PB,0.19438370180192868
MS,PB_31,ACGGGTCGTCGAGATG-1-1,PB,0.6066408903542868
MS,PB_31,ACGTCAAAGAATGTTG-1,PB,0.5991147881312726
MS,PB_31,ACGTCAAAGACGCTTT-1-1,PB,-0.20518308926819664
MS,PB_31,ACTATCTCACATCCAA-1,PB,-0.29792794834763775
MS,PB_31,ACTATCTGTGACAAAT-1,PB,0.10489142897148993
MS,PB_31,ACTGAACCATCTGGTA-1,PB,-0.1609506014221346
MS,PB_31,ACTGAGTAGGGATACC-1,PB,-0.29792794834763775
MS,PB_31,ACTGATGAGTTAAGTG-1,PB,0.011555463748675153
MS,PB_31,ACTGCTCTCAGAGACG-1-1,PB,0.33326877346663253
MS,PB_31,ACTGTCCAGAATGTGT-1,PB,0.12205569350934756
MS,PB_31,ACTGTCCGTGGTCTCG-1,PB,0.5412488428175446
MS,PB_31,ACTGTCCTCGAGAACG-1,PB,-0.29792794834763775
MS,PB_31,ACTGTCCTCTACCAGA-1,PB,0.07224459418188732
MS,PB_31,ACTTACTCAGCTTAAC-1,PB,0.29004918125530466
MS,PB_31,ACTTTCAGTGGCCCTA-1,PB,0.1811783684981705
MS,PB_31,ACTTTCATCTACTATC-1-1,PB,-0.04711159403615702
MS,PB_31,AGAATAGGTTACAGAA-1,PB,-0.29792794834763775
MS,PB_31,AGAATAGTCAGTTCGA-1,PB,-0.0691540401875252
MS,PB_31,AGACGTTCATTTCAGG-1,PB,-0.13682617463821184
MS,PB_31,AGACGTTTCACCACCT-1,PB,-0.29792794834763775
MS,PB_31,AGAGTGGAGTTGTCGT-1,PB,-0.14239327754141115
MS,PB_31,AGAGTGGTCGTGGACC-1,PB,0.28409782417328944
MS,PB_31,AGATCTGAGGGTTTCT-1,PB,0.1599345599949713
MS,PB_31,AGATCTGTCGTTTAGG-1,PB,-0.29792794834763775
MS,PB_31,AGCAGCCAGCAGCCTC-1,PB,0.16230720644648094
MS,PB_31,AGCAGCCGTCGTGGCT-1,PB,-0.023983654963512662
MS,PB_31,AGCAGCCTCCTCAATT-1,PB,0.1671308032090549
MS,PB_31,AGCATACTCTGCCCTA-1,PB,-0.23528461153111505
MS,PB_31,AGCCTAAAGAGTACCG-1,PB,0.30719660238006424
MS,PB_31,AGCCTAACAGCATACT-1,PB,-0.29792794834763775
MS,PB_31,AGCGGTCCAGTAAGAT-1,PB,0.1999387679546778
MS,PB_31,AGCGGTCCATAAAGGT-1,PB,0.7951924939456422
MS,PB_31,AGCGGTCGTAGCCTAT-1,PB,0.15562509064356053
MS,PB_31,AGCGTCGCACTTCTGC-1,PB,-0.29792794834763775
MS,PB_31,AGCTCCTAGAAGGACA-1,PB,0.1359820838668511
MS,PB_31,AGCTCTCGTCTCCCTA-1,PB,-0.20407546752751435
MS,PB_31,AGCTCTCTCAACGCTA-1,PB,-0.12506112913864234
MS,PB_31,AGCTTGAAGGCTAGGT-1,PB,0.2912939220790759
MS,PB_31,AGCTTGAGTCAGTGGA-1,PB,-0.06576530267362568
MS,PB_31,AGCTTGAGTCTAGTGT-1-1,PB,0.09821517223427882
MS,PB_31,AGGCCGTTCGCTGATA-1-1,PB,-0.21862507862695962
MS,PB_31,AGGGAGTAGCCACTAT-1,PB,-0.01094547411151928
MS,PB_31,AGGGAGTCATTAGGCT-1,PB,0.4065631302239012
MS,PB_31,AGGGATGAGTTATCGC-1,PB,-0.09787026293949921
MS,PB_31,AGGGATGTCCTTTCGG-1,PB,0.1280503822910017
MS,PB_31,AGGGTGAGTGGCGAAT-1,PB,-0.29792794834763775
MS,PB_31,AGTAGTCAGCCGCCTA-1-1,PB,-0.29792794834763775
MS,PB_31,AGTAGTCGTCGCTTTC-1,PB,-0.29792794834763775
MS,PB_31,AGTAGTCGTTAGTGGG-1,PB,-0.29792794834763775
MS,PB_31,AGTGAGGCACGGATAG-1,PB,0.36568580653084354
MS,PB_31,AGTGAGGCATATGAGA-1,PB,-0.14677806551026243
MS,PB_31,AGTGGGACACGCATCG-1,PB,-0.12182665842004507
MS,PB_31,AGTGGGACATATGCTG-1,PB,-0.29792794834763775
MS,PB_31,AGTGGGAGTTCCCTTG-1,PB,0.13944769588284803
MS,PB_31,AGTGGGATCTTACCGC-1,PB,0.7406990195492728
MS,PB_31,AGTTGGTTCACTGGGC-1,PB,0.19601022773830426
MS,PB_31,AGTTGGTTCCCAAGTA-1,PB,0.1297081695696742
MS,PB_31,ATAAGAGAGAAAGTGG-1,PB,-0.18510732207329483
MS,PB_31,ATAAGAGCAGTGACAG-1-1,PB,0.13278523510353019
MS,PB_31,ATAGACCAGTGTTTGC-1,PB,0.46686875459211574
MS,PB_31,ATAGACCCAACCGCCA-1,PB,0.10357708643656292
MS,PB_31,ATAGACCGTCTAGAGG-1,PB,0.27139572848312593
MS,PB_31,ATAGACCGTTTGACTG-1,PB,0.3701357279817229
MS,PB_31,ATCACGAGTCGCGGTT-1,PB,1.2549834690334738
MS,PB_31,ATCACGATCAGTGCAT-1,PB,0.579312148207314
MS,PB_31,ATCATCTAGACACTAA-1,PB,-0.012436679209499127
MS,PB_31,ATCATCTCAGTGGAGT-1,PB,-0.06147710761282794
MS,PB_31,ATCCACCAGGACACCA-1,PB,0.5699864894161989
MS,PB_31,ATCCACCCATCTGGTA-1-1,PB,-0.023029788716596285
MS,PB_31,ATCCACCGTTTGACTG-1,PB,0.7964472855871935
MS,PB_31,ATCCGAAGTTAAGAAC-1-1,PB,0.014290595106279867
MS,PB_31,ATCGAGTTCGGCGCAT-1,PB,-0.012062160019315109
MS,PB_31,ATGAGGGGTCAGTGGA-1,PB,0.09091882328903186
MS,PB_31,ATGAGGGGTTTGTGTG-1,PB,0.3002602877745227
MS,PB_31,ATGCGATTCGAATGGG-1-1,PB,0.21542211576423922
MS,PB_31,ATGGGAGCAGATAATG-1,PB,0.12833126903498468
MS,PB_31,ATGGGAGCAGTCAGCC-1,PB,0.24328055472119564
MS,PB_31,ATGGGAGGTCGACTGC-1,PB,0.11953581280340095
MS,PB_31,ATGTGTGAGTCGTTTG-1,PB,-0.29792794834763775
MS,PB_31,ATGTGTGCAGTCACTA-1,PB,0.2538465208882647
MS,PB_31,ATGTGTGGTATGCTTG-1,PB,-0.1996956660562133
MS,PB_31,ATTACTCGTAATCACC-1,PB,-0.29792794834763775
MS,PB_31,ATTACTCGTCAGATAA-1-1,PB,0.10920731974026451
MS,PB_31,ATTATCCAGTGACTCT-1,PB,-0.29792794834763775
MS,PB_31,ATTATCCCAGGTCCAC-1,PB,-0.10869746055115688
MS,PB_31,ATTATCCGTAGCTCCG-1,PB,0.19064161237912244
MS,PB_31,ATTATCCGTATAAACG-1-1,PB,0.24194693189282293
MS,PB_31,ATTATCCGTCACACGC-1,PB,0.028435249147182963
MS,PB_31,ATTATCCGTTGCCTCT-1,PB,-0.29792794834763775
MS,PB_31,ATTATCCGTTTCGCTC-1,PB,-0.11541727017669721
MS,PB_31,ATTCTACCACCTATCC-1,PB,0.9709741275671312
MS,PB_31,ATTGGACAGCGATGAC-1,PB,0.3852071099775794
MS,PB_31,ATTGGTGCAGAAGCAC-1,PB,0.27787648890136885
MS,PB_31,ATTGGTGCAGACGCAA-1,PB,0.6499698825041099
MS,PB_31,ATTTCTGGTACCAGTT-1,PB,0.3673896437926535
MS,PB_31,CAACCAACACATTTCT-1,PB,0.44598986097266485
MS,PB_31,CAAGAAAAGCGTCTAT-1,PB,0.43557241853006107
MS,PB_31,CAAGAAAGTAGGGTAC-1,PB,-0.29792794834763775
MS,PB_31,CAAGATCCACCCTATC-1,PB,0.4529180382592118
MS,PB_31,CAAGATCGTAGCGTCC-1,PB,-0.29792794834763775
MS,PB_31,CAAGATCGTCGCATAT-1,PB,-0.036378320245010365
MS,PB_31,CAAGATCTCTGCAGTA-1,PB,-0.05246729040194809
MS,PB_31,CAAGATCTCTTGTATC-1,PB,0.003614107052277525
MS,PB_31,CAAGGCCCAGCTATTG-1,PB,-0.29792794834763775
MS,PB_31,CAAGGCCGTTGCTCCT-1,PB,0.1613245485462264
MS,PB_31,CAAGTTGAGGTAGCCA-1-1,PB,0.18839006151109725
MS,PB_31,CAAGTTGGTTACAGAA-1,PB,0.021439165205429805
MS,PB_31,CACAAACAGAGACGAA-1,PB,-0.15519446805772288
MS,PB_31,CACAAACGTCTCTCTG-1,PB,-0.29792794834763775
MS,PB_31,CACACCTCAGCTGTTA-1,PB,0.42901124782253675
MS,PB_31,CACACTCTCACAAACC-1,PB,0.5742311614294934
MS,PB_31,CACACTCTCCGCAGTG-1,PB,-0.15484257483530378
MS,PB_31,CACAGGCGTGGGTATG-1-1,PB,0.131588589247294
MS,PB_31,CACCAGGCACATCCGG-1,PB,-0.12785077487643073
MS,PB_31,CACCTTGGTCTCGTTC-1,PB,-0.1390867757033374
MS,PB_31,CACTCCAGTTTGGGCC-1-1,PB,0.5845412503979885
MS,PB_31,CAGAATCAGAAGGTGA-1,PB,0.31913894417231436
MS,PB_31,CAGAATCTCCAAGTAC-1,PB,-0.014285871531446772
MS,PB_31,CAGAGAGCAGGAATGC-1,PB,-0.29792794834763775
MS,PB_31,CAGATCATCCGCTGTT-1,PB,-0.10373705328268246
MS,PB_31,CAGCAGCCAGGGAGAG-1,PB,0.0032873677486844016
MS,PB_31,CAGCATAGTGAAATCA-1,PB,0.053002667584536124
MS,PB_31,CAGCCGAAGTGCAAGC-1,PB,-0.06577493791895242
MS,PB_31,CAGCCGATCTTGAGGT-1-1,PB,-0.06896371715650175
MS,PB_31,CAGCTAAAGAGACTAT-1,PB,0.25784452473391345
MS,PB_31,CAGCTAACAATCGGTT-1,PB,0.45676771943027805
MS,PB_31,CAGCTAAGTCTCTTAT-1,PB,-0.1584996808158769
MS,PB_31,CAGCTAATCAGTGTTG-1,PB,-0.18846031510529992
MS,PB_31,CAGCTGGAGACTAAGT-1,PB,0.6404081773494447
MS,PB_31,CAGGTGCAGGCTCTTA-1,PB,0.1935805724497459
MS,PB_31,CAGGTGCCATATGCTG-1,PB,-0.14128076786996996
MS,PB_31,CAGTAACGTGTCTGAT-1,PB,-0.29792794834763775
MS,PB_31,CAGTCCTCATCGGGTC-1,PB,-0.29792794834763775
MS,PB_31,CAGTCCTGTCGGCTCA-1,PB,-0.15767183821230088
MS,PB_31,CATATGGAGCAGGCTA-1,PB,-0.29792794834763775
MS,PB_31,CATATGGCATACCATG-1,PB,-0.29792794834763775
MS,PB_31,CATATGGGTCATATGC-1,PB,-0.1571884626337247
MS,PB_31,CATATTCAGGGTTCCC-1,PB,0.01831677748078791
MS,PB_31,CATATTCGTTAAAGTG-1,PB,-0.18502858967169544
MS,PB_31,CATCAAGCACTCAGGC-1,PB,-0.05480156706572688
MS,PB_31,CATCAAGCATGTCTCC-1,PB,-0.1908168989296787
MS,PB_31,CATCAAGGTCGTGGCT-1,PB,-0.29792794834763775
MS,PB_31,CATCAGAAGACGCAAC-1,PB,-0.12480113280421569
MS,PB_31,CATCCACAGTAGGCCA-1,PB,-0.13072663515123
MS,PB_31,CATGACAAGGGCACTA-1,PB,-0.29792794834763775
MS,PB_31,CATGCCTGTATAAACG-1,PB,-0.18450640978908917
MS,PB_31,CATGGCGTCTTGAGGT-1,PB,-0.21261919973570062
MS,PB_31,CATTATCGTATATGGA-1,PB,-0.20548070820100456
MS,PB_31,CCAATCCTCCCATTTA-1,PB,0.8255635416766626
MS,PB_31,CCACCTAGTCGAATCT-1,PB,-0.1720598089876628
MS,PB_31,CCACCTATCTTTAGGG-1,PB,-0.11389071040118713
MS,PB_31,CCACGGATCTCGCATC-1,PB,0.12831168805105894
MS,PB_31,CCACTACAGGAGCGTT-1,PB,-0.19733723254313507
MS,PB_31,CCACTACAGGCGTACA-1,PB,0.02909574404188978
MS,PB_31,CCACTACGTTACCAGT-1,PB,-0.15542281413820427
MS,PB_31,CCATGTCAGTTGCAGG-1,PB,-0.29792794834763775
MS,PB_31,CCATGTCCATGCATGT-1,PB,0.3028224819105351
MS,PB_31,CCATGTCTCGGCGCAT-1,PB,-0.20514926208083942
MS,PB_31,CCCAATCTCCCGACTT-1,PB,0.18790551610862063
MS,PB_31,CCCAGTTAGCTAACAA-1,PB,-0.030518232228709172
MS,PB_31,CCCATACAGCCCAACC-1,PB,-0.29792794834763775
MS,PB_31,CCCTCCTAGAAGGGTA-1,PB,0.7048388736548409
MS,PB_31,CCGGGATGTAAGTTCC-1,PB,-0.11894060859150138
MS,PB_31,CCGGGATTCGGAAATA-1,PB,-0.11005339840108588
MS,PB_31,CCGGTAGGTTCGCTAA-1,PB,0.2738694028101651
MS,PB_31,CCGGTAGTCGCTAGCG-1,PB,0.7994741881186761
MS,PB_31,CCGTACTAGGCTATCT-1,PB,-0.29792794834763775
MS,PB_31,CCGTACTAGTATTGGA-1-1,PB,0.321047942390102
MS,PB_31,CCGTGGATCTCCGGTT-1,PB,-0.06720341577543136
MS,PB_31,CCGTTCACACCCATGG-1,PB,-0.29792794834763775
MS,PB_31,CCGTTCAGTACACCGC-1,PB,0.7419771858192707
MS,PB_31,CCGTTCATCCATGAAC-1,PB,-0.030121008533946208
MS,PB_31,CCGTTCATCTGAGGGA-1-2,PB,0.3465979329423338
MS,PB_31,CCTAAAGGTAGCGTGA-1,PB,0.12145091461829469
MS,PB_31,CCTAAAGTCAGCTCTC-1,PB,-0.1653427549494237
MS,PB_31,CCTAAAGTCGTTGCCT-1-1,PB,0.25321027573129185
MS,PB_31,CCTAAAGTCTACCAGA-1,PB,0.32087228444122423
MS,PB_31,CCTACACTCGTGACAT-1,PB,-0.29792794834763775
MS,PB_31,CCTACACTCTGGAGCC-1-1,PB,0.0764980992920125
MS,PB_31,CCTACCAAGATGTGTA-1,PB,0.4542600420692141
MS,PB_31,CCTAGCTTCATATCGG-1,PB,0.07151690580078751
MS,PB_31,CCTCAGTAGTACGACG-1,PB,-0.15916544189887263
MS,PB_31,CCTCAGTCAGCCTATA-1,PB,-0.20826736475332314
MS,PB_31,CCTTCCCAGGTGCAAC-1-1,PB,0.38651141221496876
MS,PB_31,CCTTCCCCAGTCAGAG-1,PB,-0.29792794834763775
MS,PB_31,CCTTCCCGTTGTGGAG-1,PB,-0.29792794834763775
MS,PB_31,CCTTCCCTCAGCGATT-1,PB,0.36751994872644866
MS,PB_31,CCTTCGAAGAGTTGGC-1,PB,0.19627826139360757
MS,PB_31,CCTTCGAAGCTAGCCC-1,PB,0.399432905530393
MS,PB_31,CCTTCGACAAAGAATC-1,PB,0.013699361630684113
MS,PB_31,CCTTCGACAGCCTATA-1,PB,0.22866440774580812
MS,PB_31,CCTTCGAGTACCCAAT-1-1,PB,-0.29792794834763775
MS,PB_31,CCTTCGATCGATGAGG-1,PB,0.15739650219219045
MS,PB_31,CCTTTCTGTTCCGGCA-1,PB,-0.132213415717002
MS,PB_31,CGAACATCAGATCGGA-1,PB,-0.29792794834763775
MS,PB_31,CGAATGTCAGTGGGAT-1,PB,0.03355071668164191
MS,PB_31,CGAATGTGTGCACCAC-1,PB,-0.08958769873355402
MS,PB_31,CGAATGTTCTCGTATT-1,PB,-0.19088676488870776
MS,PB_31,CGACCTTCACTTCTGC-1,PB,0.003863560316753786
MS,PB_31,CGACTTCAGTCGTTTG-1,PB,-0.29792794834763775
MS,PB_31,CGAGAAGTCCTCAACC-1,PB,-0.025883687916148725
MS,PB_31,CGATGGCCACTAGTAC-1,PB,0.5017894007746867
MS,PB_31,CGATGTAAGCATCATC-1-1,PB,-0.10402370777100119
MS,PB_31,CGCCAAGGTGTGTGCC-1-1,PB,0.23412071567541465
MS,PB_31,CGCGGTACAAAGGTGC-1,PB,-0.14968050583396447
MS,PB_31,CGCGGTACAACAACCT-1,PB,-0.20021725816415326
MS,PB_31,CGCGTTTCAAGACACG-1,PB,0.08798467201728703
MS,PB_31,CGCGTTTTCGAACGGA-1,PB,0.046208028732677826
MS,PB_31,CGCTATCGTGTAATGA-1,PB,0.4796199420354008
MS,PB_31,CGCTGGAAGTGGCACA-1,PB,0.047943053757476775
MS,PB_31,CGCTGGATCTGCTTGC-1,PB,-0.1809044976104408
MS,PB_31,CGCTTCAAGGACAGCT-1,PB,0.4565231828673939
MS,PB_31,CGCTTCACAAGCTGGA-1,PB,0.886470318926164
MS,PB_31,CGCTTCATCCTTCAAT-1,PB,-0.008377315905686716
MS,PB_31,CGGACACAGCACAGGT-1-1,PB,0.3943525453454012
MS,PB_31,CGGACGTAGGAGTCTG-1,PB,-0.05248710008269542
MS,PB_31,CGGACGTCATGAAGTA-1-2,PB,-0.019711734580292257
MS,PB_31,CGGACTGGTTAGTGGG-1,PB,0.014331026910663633
MS,PB_31,CGGACTGTCTATGTGG-1,PB,-0.021834965442329008
MS,PB_31,CGGAGCTGTGTTTGTG-1,PB,0.14400536707845404
MS,PB_31,CGGAGTCAGGTGACCA-1,PB,-0.14355470754041869
MS,PB_31,CGGAGTCCACCATGTA-1,PB,0.02629147737456756
MS,PB_31,CGGAGTCTCACCTTAT-1,PB,0.2631979070154074
MS,PB_31,CGGGTCACAAGCCATT-1,PB,-0.14035000250586302
MS,PB_31,CGGGTCACAGACGTAG-1,PB,0.009512013488739923
MS,PB_31,CGGGTCACATGTCTCC-1-2,PB,0.18371780921371114
MS,PB_31,CGGGTCAGTAGCCTAT-1-3,PB,-0.12580004428272204
MS,PB_31,CGGTTAAGTGCAACTT-1,PB,0.004298677856255833
MS,PB_31,CGTAGCGGTCTAGTCA-1,PB,0.10609293107170556
MS,PB_31,CGTAGCGTCTTGTCAT-1,PB,-0.29792794834763775
MS,PB_31,CGTAGGCAGCACCGCT-1,PB,0.2298867360330338
MS,PB_31,CGTCACTCACCCAGTG-1,PB,-0.21504952481798698
MS,PB_31,CGTCAGGTCTTACCGC-1,PB,0.2660474252528611
MS,PB_31,CGTCTACGTGAGGCTA-1,PB,-0.18669009265131067
MS,PB_31,CGTGAGCAGAGACGAA-1,PB,-0.15553886763080943
MS,PB_31,CGTGAGCCAGATGAGC-1,PB,-0.29792794834763775
MS,PB_31,CGTGAGCTCTGGTTCC-1,PB,-0.29792794834763775
MS,PB_31,CGTGTAAGTCTCATCC-1,PB,-0.29792794834763775
MS,PB_31,CGTGTAATCCACTGGG-1,PB,-0.1021817711014746
MS,PB_31,CGTGTCTGTTGTCTTT-1,PB,-0.024270996220731804
MS,PB_31,CGTTAGACAAGGCTCC-1,PB,-0.04800093526777819
MS,PB_31,CGTTAGAGTAGCGTGA-1,PB,0.39592291243463207
MS,PB_31,CGTTCTGAGGTGTTAA-1,PB,0.02169436884012217
MS,PB_31,CGTTCTGTCACTATTC-1,PB,-0.08213564475367303
MS,PB_31,CTAACTTTCCACGAAT-1,PB,-0.29792794834763775
MS,PB_31,CTAACTTTCCGTAGTA-1,PB,-0.20666222567252376
MS,PB_31,CTAAGACAGAATTCCC-1,PB,0.07473507525905665
MS,PB_31,CTAAGACGTATAGTAG-1,PB,-0.29792794834763775
MS,PB_31,CTAATGGAGTTACGGG-1,PB,-0.06628732658086864
MS,PB_31,CTAATGGCACAGCCCA-1,PB,-0.29792794834763775
MS,PB_31,CTAATGGGTGCGATAG-1,PB,0.42685626199670346
MS,PB_31,CTACATTAGTGAACGC-1,PB,0.28366106135409885
MS,PB_31,CTACATTCATGCTGGC-1,PB,0.3975687065543369
MS,PB_31,CTACATTCATGGTAGG-1,PB,-0.16581968427021784
MS,PB_31,CTACCCAAGAGTAAGG-1,PB,0.13018210239123898
MS,PB_31,CTACGTCAGGGCATGT-1,PB,0.16822412972578074
MS,PB_31,CTAGAGTTCCTTAATC-1-1,PB,0.32247277087794374
MS,PB_31,CTAGCCTAGCCTATGT-1,PB,-0.05393695236458119
MS,PB_31,CTAGCCTGTTCAGGCC-1,PB,-0.05083224211240711
MS,PB_31,CTCAGAAAGAGTAAGG-1,PB,0.3290669041575128
MS,PB_31,CTCCTAGAGTGGTCCC-1,PB,0.5989766974037117
MS,PB_31,CTCCTAGTCACGACTA-1,PB,0.24217380114422674
MS,PB_31,CTCGAAAGTACTTCTT-1,PB,0.09284907340123515
MS,PB_31,CTCGAAAGTTGCCTCT-1,PB,0.16189930734400806
MS,PB_31,CTCGGAGAGGGCATGT-1,PB,0.12196008355673373
MS,PB_31,CTCGGAGCATCTGGTA-1,PB,0.08254130619951794
MS,PB_31,CTCGGAGTCATCACCC-1,PB,0.24824996787961
MS,PB_31,CTCGGGACACATCCGG-1,PB,-0.17016291301572745
MS,PB_31,CTCGTACGTCGACTAT-1,PB,0.3545737131218313
MS,PB_31,CTCGTACGTGGTCTCG-1,PB,0.06580253024381781
MS,PB_31,CTCGTACTCGGAGGTA-1,PB,0.48526723347714423
MS,PB_31,CTCGTCAGTTCTGTTT-1,PB,0.2132175885001967
MS,PB_31,CTCTAATGTCTGGAGA-1,PB,-0.06431424838639685
MS,PB_31,CTCTACGCAATAAGCA-1,PB,-0.29792794834763775
MS,PB_31,CTCTACGTCATCATTC-1,PB,-0.13450945964743155
MS,PB_31,CTCTGGTAGACCGGAT-1-1,PB,0.06300467789233995
MS,PB_31,CTCTGGTCAAGTCATC-1,PB,0.018438023989788395
MS,PB_31,CTGAAACAGGAGTAGA-1-1,PB,0.0849146318267301
MS,PB_31,CTGAAACGTGCAACTT-1,PB,-0.09775976544078471
MS,PB_31,CTGAAGTCAAAGCGGT-1,PB,-0.29792794834763775
MS,PB_31,CTGATAGAGGTAGCTG-1,PB,0.015070246417688948
MS,PB_31,CTGATAGCACCGGAAA-1-1,PB,-0.29792794834763775
MS,PB_31,CTGCCTAAGTGTTTGC-1-1,PB,-0.29792794834763775
MS,PB_31,CTGCCTACAATGGACG-1,PB,-0.05276638199738097
MS,PB_31,CTGCGGAAGATAGGAG-1,PB,0.07605662732255215
MS,PB_31,CTGCGGACACGAAACG-1,PB,-0.15854205459118237
MS,PB_31,CTGCGGAGTATTACCG-1,PB,0.2577833645609213
MS,PB_31,CTGCGGAGTCGATTGT-1,PB,-0.08826057199885641
MS,PB_31,CTGCTGTCATCAGTCA-1,PB,0.2350205893382802
MS,PB_31,CTGGTCTAGATCACGG-1,PB,-0.18639293614067767
MS,PB_31,CTGGTCTGTCACCCAG-1,PB,-0.05182121797043239
MS,PB_31,CTGGTCTTCTGGGCCA-1,PB,0.26163505364746553
MS,PB_31,CTGTGCTCAGCCTTTC-1,PB,-0.20814158592175885
MS,PB_31,CTGTGCTCAGTAGAGC-1,PB,-0.29792794834763775
MS,PB_31,CTGTTTAAGCGTGAGT-1,PB,0.6466916933754002
MS,PB_31,CTGTTTAGTTCCACGG-1,PB,-0.29792794834763775
MS,PB_31,CTGTTTATCGTAGGAG-1,PB,0.47814248653005725
MS,PB_31,CTTAACTGTGTGCCTG-1,PB,-0.13924610024789164
MS,PB_31,CTTACCGAGCACCGTC-1,PB,-0.12829002213263105
MS,PB_31,CTTACCGCATTACCTT-1,PB,-0.29792794834763775
MS,PB_31,CTTCTCTAGGGAACGG-1,PB,0.17506951003688842
MS,PB_31,CTTCTCTAGGGTTCCC-1,PB,-0.29792794834763775
MS,PB_31,CTTGGCTAGTCAAGCG-1,PB,0.24787583166245541
MS,PB_31,CTTTGCGCATAAAGGT-1,PB,-0.20113087369716615
MS,PB_31,GAAACTCAGCTTTGGT-1,PB,0.18467634288264254
MS,PB_31,GAAATGAAGAATGTGT-1,PB,0.38953504175784753
MS,PB_31,GAAATGATCTAACCGA-1,PB,0.19838587189125415
MS,PB_31,GAACATCAGAGCCCAA-1,PB,0.15392289118861138
MS,PB_31,GAACATCCACCCAGTG-1,PB,0.2341189130525467
MS,PB_31,GAACATCTCTGGAGCC-1,PB,0.1569747572548887
MS,PB_31,GAACCTAAGAAACGCC-1,PB,0.1259785316904644
MS,PB_31,GAACCTAGTTCAGGCC-1,PB,0.0868645610561983
MS,PB_31,GAACCTATCACCGGGT-1-1,PB,-0.08518197121726918
MS,PB_31,GAACCTATCCACGTTC-1,PB,-0.20653610639389458
MS,PB_31,GAACGGATCGCGGATC-1-1,PB,0.17516258939856325
MS,PB_31,GAAGCAGAGACAATAC-1,PB,-0.08627490699157013
MS,PB_31,GAAGCAGTCGGTCTAA-1,PB,-0.07832816243204259
MS,PB_31,GAATAAGCACCCATGG-1,PB,-0.29792794834763775
MS,PB_31,GAATAAGCACGGTAGA-1,PB,-0.07060521349998052
MS,PB_31,GAATGAAGTCCGAAGA-1,PB,-0.039866864322087955
MS,PB_31,GAATGAATCTGGTATG-1,PB,-0.0708127074011451
MS,PB_31,GACACGCAGCATCATC-1-1,PB,0.07558911376933788
MS,PB_31,GACACGCGTAGCGTCC-1,PB,-0.29792794834763775
MS,PB_31,GACACGCTCCTTGACC-1,PB,0.00013117232889639903
MS,PB_31,GACAGAGTCAAGAAGT-1,PB,0.1980584522851638
MS,PB_31,GACCTGGAGGAGTCTG-1,PB,-0.2016969387551413
MS,PB_31,GACCTGGTCACGACTA-1,PB,0.17017510314227935
MS,PB_31,GACGCGTGTACATCCA-1,PB,0.012076683703602755
MS,PB_31,GACGCGTTCTCTGAGA-1,PB,0.07692892217241687
MS,PB_31,GACGGCTAGGATCGCA-1,PB,-0.29792794834763775
MS,PB_31,GACGTGCAGGATCGCA-1,PB,-0.15781479864442854
MS,PB_31,GACTACACATATGCTG-1,PB,-0.20594260763776254
MS,PB_31,GACTGCGCACGCATCG-1,PB,0.3084866477799428
MS,PB_31,GAGCAGAAGTGTCCAT-1,PB,-0.29792794834763775
MS,PB_31,GAGGTGAGTCGCTTCT-1,PB,-0.29792794834763775
MS,PB_31,GATCAGTGTTCCGGCA-1,PB,-0.15440091002087125
MS,PB_31,GATCGATGTAGCACGA-1-1,PB,0.418786331491764
MS,PB_31,GATCGCGGTACTTAGC-1,PB,-0.15218978950260967
MS,PB_31,GATCGTAAGAGGTTAT-1,PB,0.08510217880840718
MS,PB_31,GATCGTAAGTGGAGTC-1,PB,-0.09652797379015318
MS,PB_31,GATCTAGCACGGATAG-1,PB,-0.14534705916975668
MS,PB_31,GATGAAAGTACGACCC-1,PB,-0.29792794834763775
MS,PB_31,GATGAGGTCGCACTCT-1,PB,-0.20777251271027777
MS,PB_31,GATGCTAAGTCGTTTG-1,PB,-0.1128116506661763
MS,PB_31,GCAAACTAGTAATCCC-1,PB,-0.11480387835978564
MS,PB_31,GCACATACACATTAGC-1-2,PB,0.35539079829136544
MS,PB_31,GCACTCTAGTGGGCTA-1,PB,-0.29792794834763775
MS,PB_31,GCAGCCACAGGGTACA-1,PB,0.579627120344292
MS,PB_31,GCAGCCATCCACTCCA-1,PB,0.4092074648130533
MS,PB_31,GCATACAGTATATGGA-1,PB,0.43184889827912537
MS,PB_31,GCATGATCAACGCACC-1,PB,0.044484476348543696
MS,PB_31,GCATGATCACTTACGA-1,PB,0.16130617256963414
MS,PB_31,GCATGCGAGGGAACGG-1,PB,0.002662219592718808
MS,PB_31,GCATGCGAGGGCTTCC-1,PB,0.1671369284934192
MS,PB_31,GCATGTACAGCTGTTA-1,PB,-0.21864112266589636
MS,PB_31,GCATGTACATTCACTT-1,PB,0.07490055989055776
MS,PB_31,GCATGTAGTAGAGTGC-1,PB,0.24165011781199128
MS,PB_31,GCATGTAGTAGATTAG-1,PB,0.46186699273051923
MS,PB_31,GCATGTAGTATGGTTC-1,PB,-0.29792794834763775
MS,PB_31,GCCAAATCAAGGTTTC-1,PB,0.05565673883439729
MS,PB_31,GCCAAATTCTCGCTTG-1,PB,-0.29792794834763775
MS,PB_31,GCCAAATTCTGTCTCG-1-1,PB,0.4190398082145048
MS,PB_31,GCGAGAAAGAGATGAG-1,PB,0.7245732067422489
MS,PB_31,GCGCAGTCATCACGAT-1,PB,-0.29792794834763775
MS,PB_31,GCGCAGTTCGAGGTAG-1,PB,-0.29792794834763775
MS,PB_31,GCGCCAAAGCACCGTC-1,PB,0.18660149684954572
MS,PB_31,GCGCGATGTCGCGGTT-1,PB,0.4172784547117662
MS,PB_31,GCGCGATTCAAGAAGT-1,PB,-0.04912930549156076
MS,PB_31,GCTCTGTAGGAGTAGA-1,PB,0.2574283731843315
MS,PB_31,GCTGCAGAGGACGAAA-1-1,PB,-0.2030924484576473
MS,PB_31,GCTGCAGCAACTGGCC-1-1,PB,0.4669744719128757
MS,PB_31,GCTGCAGCATATGGTC-1-1,PB,0.11377130582440384
MS,PB_31,GCTGCAGCATTATCTC-1,PB,-0.07817014114560286
MS,PB_31,GCTGCAGTCGGATGGA-1,PB,-0.1858964957779882
MS,PB_31,GCTGCTTTCCATGCTC-1,PB,0.5774004879847255
MS,PB_31,GCTTCCAGTTCGGGCT-1-1,PB,0.12940875028112858
MS,PB_31,GCTTGAAAGGCGTACA-1,PB,0.6415472876406382
MS,PB_31,GGAAAGCAGTGCTGCC-1,PB,0.776816135164031
MS,PB_31,GGAAAGCGTGTTCGAT-1,PB,-0.024863093766484934
MS,PB_31,GGAACTTAGACATAAC-1,PB,-0.29792794834763775
MS,PB_31,GGAACTTCATGCTAGT-1-1,PB,0.03260721916111059
MS,PB_31,GGAATAAGTAAACACA-1,PB,-0.11477449903685034
MS,PB_31,GGACAAGGTGTGGTTT-1,PB,-0.29792794834763775
MS,PB_31,GGACAGAGTAAACCTC-1,PB,0.15629644430126413
MS,PB_31,GGACAGAGTTTGTTTC-1,PB,-0.29792794834763775
MS,PB_31,GGACGTCTCTACGAGT-1,PB,-0.29792794834763775
MS,PB_31,GGATGTTCAGCCTATA-1,PB,-0.024767014148302353
MS,PB_31,GGATTACTCTGCGACG-1,PB,-0.04543925116350994
MS,PB_31,GGCAATTGTCTGGTCG-1,PB,-0.24096240691563264
MS,PB_31,GGCCGATGTGCCTGCA-1,PB,0.022023068581390786
MS,PB_31,GGCCGATTCCCATTTA-1,PB,0.4847686685283481
MS,PB_31,GGCGACTAGACAAAGG-1,PB,-0.12778289840317641
MS,PB_31,GGCGACTAGCTAACTC-1-1,PB,0.18032872875521727
MS,PB_31,GGCGACTGTCAGATAA-1,PB,-0.12938886092281326
MS,PB_31,GGCTCGAAGCCCTAAT-1-1,PB,0.5573666535233284
MS,PB_31,GGCTCGATCGTGGTCG-1,PB,0.8469190204938265
MS,PB_31,GGCTGGTAGCAAATCA-1,PB,0.7063540578904194
MS,PB_31,GGCTGGTTCAATCACG-1,PB,0.051214095132458226
MS,PB_31,GGCTGGTTCCTCGCAT-1,PB,-0.20158677169830683
MS,PB_31,GGCTGGTTCGGAATCT-1-1,PB,0.35942495698713
MS,PB_31,GGGAATGGTTACTGAC-1,PB,-0.29792794834763775
MS,PB_31,GGGAATGTCGGAAACG-1,PB,0.0018989144274931971
MS,PB_31,GGGAATGTCTGGCGTG-1-1,PB,0.07581031016135367
MS,PB_31,GGGACCTGTGACTACT-1,PB,0.34377485981390893
MS,PB_31,GGGAGATAGTAACCCT-1,PB,-0.07735510311152613
MS,PB_31,GGGAGATGTATAGGGC-1,PB,-0.19516098331429912
MS,PB_31,GGGATGAAGTTCCACA-1,PB,0.19123382586282497
MS,PB_31,GGGCACTAGGACAGAA-1-1,PB,-0.29792794834763775
MS,PB_31,GGGCACTCACCTGGTG-1,PB,-0.04294908813399169
MS,PB_31,GGGCACTTCAGAGCTT-1-1,PB,-0.02213129851192236
MS,PB_31,GGGCATCTCCGAGCCA-1,PB,-0.29792794834763775
MS,PB_31,GGGTCTGCACAGACAG-1-1,PB,0.3730495018380204
MS,PB_31,GGGTTGCAGGAGTTGC-1,PB,-0.03932424386562077
MS,PB_31,GGTATTGCAAATTGCC-1-1,PB,0.16861996646922575
MS,PB_31,GGTGAAGAGCTGATAA-1,PB,0.051302191166280806
MS,PB_31,GGTGCGTAGAAACCTA-1,PB,0.521082625982766
MS,PB_31,GGTGCGTAGTGACATA-1,PB,0.1682859774411674
MS,PB_31,GGTGCGTTCAAACCGT-1,PB,0.33951800852153713
MS,PB_31,GGTGTTAAGGATGGTC-1,PB,-0.29792794834763775
MS,PB_31,GGTGTTACACAGCCCA-1,PB,0.10838509731200739
MS,PB_31,GGTGTTATCCGCGGTA-1,PB,0.13977738466008988
MS,PB_31,GTAACTGAGTCGTACT-1,PB,-0.21163016917756022
MS,PB_31,GTAACTGCACCATCCT-1,PB,0.7668694243571593
MS,PB_31,GTAACTGGTCACCCAG-1,PB,-0.29792794834763775
MS,PB_31,GTACGTAGTCCTCTTG-1-1,PB,-0.29792794834763775
MS,PB_31,GTACTCCAGCCGTCGT-1-1,PB,-0.29792794834763775
MS,PB_31,GTACTCCGTTCAACCA-1,PB,0.10091110379659805
MS,PB_31,GTACTCCTCACGACTA-1-1,PB,0.48041465722326304
MS,PB_31,GTACTTTAGTACGATA-1-1,PB,0.13927929761399832
MS,PB_31,GTACTTTCACTGTCGG-1,PB,-0.29792794834763775
MS,PB_31,GTACTTTTCCCTCTTT-1-1,PB,0.11038532837174746
MS,PB_31,GTACTTTTCTACTATC-1,PB,-0.29792794834763775
MS,PB_31,GTAGGCCCAAGGTTCT-1-1,PB,-0.29792794834763775
MS,PB_31,GTAGGCCTCTGTCCGT-1,PB,-0.14501374124518945
MS,PB_31,GTAGTCAAGAAGGGTA-1,PB,0.09831419537261311
MS,PB_31,GTAGTCAAGACGCAAC-1,PB,0.32556811077062253
MS,PB_31,GTATTCTAGCTTTGGT-1-1,PB,0.14055002893122986
MS,PB_31,GTATTCTTCCTCGCAT-1,PB,-0.10860231161054743
MS,PB_31,GTCAAGTCATATACGC-1,PB,-0.11331275196059098
MS,PB_31,GTCACAATCTAACTCT-1,PB,0.12277049151632877
MS,PB_31,GTCACGGCACTACAGT-1,PB,-0.06626375878834842
MS,PB_31,GTCACGGCAGCGATCC-1,PB,-0.29792794834763775
MS,PB_31,GTCACGGGTCACACGC-1,PB,-0.062364595981062185
MS,PB_31,GTCATTTCACAACTGT-1,PB,0.3017937173688338
MS,PB_31,GTCATTTGTGCCTGTG-1,PB,-0.16574814898364523
MS,PB_31,GTCCTCACAGGGTTAG-1,PB,-0.2093619481992053
MS,PB_31,GTCCTCATCGGCGGTT-1,PB,0.5554222781017742
MS,PB_31,GTCGGGTTCTTGACGA-1,PB,0.4540917982221258
MS,PB_31,GTCGTAAGTCAAAGAT-1,PB,0.4704608328153184
MS,PB_31,GTCGTAATCAGCTCGG-1,PB,0.5319763088118149
MS,PB_31,GTCTCGTCAAGGGTCA-1,PB,-0.29792794834763775
MS,PB_31,GTCTCGTCACAGGCCT-1,PB,-0.29792794834763775
MS,PB_31,GTCTCGTCACGGCTAC-1,PB,-0.02985927518344424
MS,PB_31,GTCTCGTCAGATGGGT-1,PB,-0.22616737529953182
MS,PB_31,GTCTCGTGTCGCTTTC-1,PB,0.01915680280352824
MS,PB_31,GTCTCGTGTTCGGCAC-1,PB,-0.13435375765518448
MS,PB_31,GTCTTCGGTGTCAATC-1,PB,0.8863352857914418
MS,PB_31,GTCTTCGGTTACCAGT-1,PB,0.5467751700098866
MS,PB_31,GTCTTCGTCCTTTCTC-1,PB,0.04044522232867594
MS,PB_31,GTGCAGCCACTGTGTA-1,PB,-0.29792794834763775
MS,PB_31,GTGCAGCTCAATAAGG-1,PB,0.21858446470026485
MS,PB_31,GTGCATAGTGAAGGCT-1-1,PB,-0.29792794834763775
MS,PB_31,GTGCATATCAGTCAGT-1-2,PB,0.2344525803864519
MS,PB_31,GTGCATATCCCTCAGT-1,PB,0.47033140272024454
MS,PB_31,GTGCGGTCAAGGTTTC-1,PB,0.28276841280729204
MS,PB_31,GTGCGGTCATCCTTGC-1,PB,-0.1938598009922822
MS,PB_31,GTGCTTCAGTGAACAT-1,PB,-0.19941324673924024
MS,PB_31,GTGCTTCCAGCCTTTC-1,PB,0.1416772962835815
MS,PB_31,GTGCTTCGTCTAGAGG-1,PB,0.12705985689702165
MS,PB_31,GTGCTTCTCTCTTATG-1,PB,0.5747814601152477
MS,PB_31,GTGCTTCTCTGAGGGA-1,PB,0.19728458460890272
MS,PB_31,GTGGGTCGTCATGCCG-1,PB,0.01855643473844117
MS,PB_31,GTGTGCGGTACTTAGC-1,PB,-0.04809014767612841
MS,PB_31,GTGTGCGTCACTCCTG-1-1,PB,-0.0664230125272315
MS,PB_31,GTTAAGCAGATTACCC-1,PB,0.4745465722297868
MS,PB_31,GTTACAGAGCTGGAAC-1,PB,0.10556914415511355
MS,PB_31,GTTCATTCAACGATGG-1,PB,-0.29792794834763775
MS,PB_31,GTTCTCGAGCACGCCT-1,PB,0.2016461407803559
MS,PB_31,TAAACCGAGCGCTCCA-1,PB,0.021767293843557484
MS,PB_31,TAAACCGCATGCCCGA-1,PB,0.5166057276135876
MS,PB_31,TAAGCGTTCCAGTATG-1,PB,0.2818186863143223
MS,PB_31,TAAGCGTTCTGCCAGG-1,PB,0.356617071145194
MS,PB_31,TAAGTGCCAAAGCAAT-1,PB,0.6302487211561579
MS,PB_31,TAAGTGCTCCCTAACC-1,PB,-0.1723473961666171
MS,PB_31,TACACGATCCCTCAGT-1,PB,-0.0718449698079863
MS,PB_31,TACCTTAAGGTCGGAT-1,PB,0.4590966103700692
MS,PB_31,TACCTTAGTCTCCATC-1,PB,-0.056371644552306914
MS,PB_31,TACGGATAGAGTTGGC-1,PB,0.21434526587828104
MS,PB_31,TACGGATTCTTGTTTG-1-1,PB,-0.29792794834763775
MS,PB_31,TACGGTATCTGCGGCA-1,PB,0.2054426395032956
MS,PB_31,TACTTACTCCGCGTTT-1,PB,0.011845310696404201
MS,PB_31,TACTTGTAGAGGTTGC-1,PB,-0.12478307630210542
MS,PB_31,TACTTGTTCGCATGGC-1,PB,0.0017899523703214873
MS,PB_31,TAGACCACACAGACTT-1,PB,-0.016113672149959297
MS,PB_31,TAGACCACACCCTATC-1,PB,-0.17350563787149514
MS,PB_31,TAGACCATCGGAAACG-1,PB,0.9058348919038368
MS,PB_31,TAGACCATCGTCTGAA-1,PB,0.5319844385514877
MS,PB_31,TAGAGCTCATTCCTGC-1,PB,-0.06192355311747686
MS,PB_31,TAGCCGGCAAGGTTTC-1,PB,-0.18288124182878882
MS,PB_31,TAGCCGGCAAGTTGTC-1,PB,-0.009647311228751057
MS,PB_31,TAGGCATAGCGATTCT-1,PB,-0.10690350231095712
MS,PB_31,TAGTGGTAGAGCTGCA-1,PB,-0.15350766254301756
MS,PB_31,TAGTGGTAGATGCGAC-1,PB,-0.29792794834763775
MS,PB_31,TAGTGGTCAGCCTGTG-1,PB,0.10644323655734723
MS,PB_31,TAGTTGGAGCTATGCT-1,PB,0.14800659300734859
MS,PB_31,TATCAGGCAAAGGCGT-1,PB,0.7184349922028829
MS,PB_31,TATCTCAAGGGTCGAT-1,PB,0.17752647855815365
MS,PB_31,TATCTCAGTCATGCAT-1,PB,0.8437825482819246
MS,PB_31,TATCTCAGTCGCGAAA-1,PB,0.1441735693992768
MS,PB_31,TATCTCATCGTCTGAA-1,PB,0.25600934291832517
MS,PB_31,TATGCCCGTAAGCACG-1-1,PB,-0.06534242431636385
MS,PB_31,TATGCCCGTCCGTCAG-1,PB,-0.1444498777188729
MS,PB_31,TATTACCAGTCCATAC-1,PB,0.28619192948330413
MS,PB_31,TATTACCCATCATCCC-1,PB,-0.29792794834763775
MS,PB_31,TATTACCTCCCTGACT-1,PB,-0.11616148319974694
MS,PB_31,TCAACGACAAATTGCC-1,PB,0.3289685146834673
MS,PB_31,TCAATCTCATTCTTAC-1,PB,0.07242241218431514
MS,PB_31,TCACAAGTCATGCTCC-1,PB,-0.2196380646642894
MS,PB_31,TCACGAATCCAATGGT-1,PB,0.07508127990135449
MS,PB_31,TCAGATGCAAGGACTG-1-2,PB,-0.05685464273822022
MS,PB_31,TCAGATGGTGCCTGTG-1,PB,-0.02995294589718542
MS,PB_31,TCAGATGTCTCACATT-1,PB,-0.16085648071698702
MS,PB_31,TCAGCAAAGAGTAATC-1,PB,-0.08214462945450182
MS,PB_31,TCAGCAAAGTACGATA-1,PB,-0.29792794834763775
MS,PB_31,TCAGCTCAGGAGCGTT-1,PB,0.13958816090444695
MS,PB_31,TCAGCTCCACGTTGGC-1-1,PB,-0.12005014528151577
MS,PB_31,TCAGCTCGTCTGATTG-1,PB,0.04058457553547445
MS,PB_31,TCAGGATCAATGCCAT-1,PB,0.4215846525466397
MS,PB_31,TCAGGTACAAGAAGAG-1,PB,0.26018389850726753
MS,PB_31,TCATTTGAGTTGTCGT-1-1,PB,-0.1910339056142198
MS,PB_31,TCATTTGGTACCTACA-1,PB,0.5005990203073074
MS,PB_31,TCCACACAGCTCCTTC-1,PB,0.22858826782275427
MS,PB_31,TCCACACGTCTAGCGC-1,PB,-0.11421149859750533
MS,PB_31,TCCACACGTGAAAGAG-1-1,PB,-0.19292828842216128
MS,PB_31,TCCCGATGTCTAGGTT-1,PB,-0.09878616926775499
MS,PB_31,TCGCGAGTCCGCGCAA-1,PB,-0.1622509521293172
MS,PB_31,TCGCGAGTCGGATGTT-1,PB,0.0358357845212376
MS,PB_31,TCGCGAGTCTCAAACG-1,PB,-0.29792794834763775
MS,PB_31,TCGCGAGTCTCTGAGA-1,PB,-0.08878524864765981
MS,PB_31,TCGCGTTTCCTCCTAG-1,PB,0.00575099209721646
MS,PB_31,TCGGTAACAAGACACG-1,PB,-0.009930556791796346
MS,PB_31,TCGGTAACAGTATCTG-1,PB,0.8934308706836794
MS,PB_31,TCGGTAAGTGACTACT-1-1,PB,-0.29792794834763775
MS,PB_31,TCGGTAATCACATAGC-1,PB,-0.062123583521730405
MS,PB_31,TCGTAGAGTTCGGGCT-1,PB,-0.21832699727197682
MS,PB_31,TCTATTGAGACCACGA-1,PB,0.02048219721730888
MS,PB_31,TCTATTGAGATCCCGC-1,PB,-0.13775657810670366
MS,PB_31,TCTCATAAGGTGATTA-1,PB,-0.15183258956590392
MS,PB_31,TCTCATACACATCTTT-1,PB,-0.20598685942936626
MS,PB_31,TCTCATACAGTTAACC-1,PB,-0.29792794834763775
MS,PB_31,TCTCTAAGTAAGCACG-1,PB,0.15145049964074767
MS,PB_31,TCTGAGACACGACGAA-1,PB,-0.29792794834763775
MS,PB_31,TCTGGAAGTTCATGGT-1,PB,-0.1223598884375469
MS,PB_31,TCTTCGGAGGGTTTCT-1,PB,-0.18532539433936934
MS,PB_31,TCTTCGGTCAAAGTAG-1,PB,-0.11922378325293292
MS,PB_31,TGACAACAGCACCGCT-1,PB,0.10944270689290872
MS,PB_31,TGACAACAGGACATTA-1-1,PB,-0.11745394681317466
MS,PB_31,TGACAACGTGCACCAC-1,PB,0.09436576329058417
MS,PB_31,TGACGGCCAGTTCCCT-1,PB,-0.1073792298002335
MS,PB_31,TGACGGCGTACTTAGC-1,PB,0.2883954336073971
MS,PB_31,TGACTAGAGGCATTGG-1-1,PB,0.02660482222935132
MS,PB_31,TGACTAGTCAGTGCAT-1,PB,-0.29792794834763775
MS,PB_31,TGACTAGTCTATCCTA-1,PB,0.7699523706993988
MS,PB_31,TGACTTTTCATTGCGA-1,PB,0.006708887321076574
MS,PB_31,TGAGAGGAGTGAAGAG-1,PB,-0.29792794834763775
MS,PB_31,TGAGAGGAGTGTACTC-1,PB,-0.29792794834763775
MS,PB_31,TGAGAGGGTTTCCACC-1,PB,-0.18207011312344518
MS,PB_31,TGAGCCGCAGCCAATT-1,PB,-0.07602934859442596
MS,PB_31,TGAGCCGCAGTAGAGC-1,PB,0.2400804166265549
MS,PB_31,TGAGCCGGTCACTTCC-1,PB,-0.18242244519288617
MS,PB_31,TGAGCCGTCAATACCG-1-1,PB,0.2904600211276042
MS,PB_31,TGATTTCAGGAGTAGA-1,PB,0.5161810318428339
MS,PB_31,TGATTTCCATCTACGA-1,PB,0.20480019171376496
MS,PB_31,TGATTTCTCAATACCG-1,PB,0.03644229282327439
MS,PB_31,TGCCAAAAGGTGATTA-1,PB,0.2625165795637138
MS,PB_31,TGCCAAATCCTGTACC-1,PB,0.5928376532239393
MS,PB_31,TGCCCATAGACAAAGG-1,PB,0.08442585697697498
MS,PB_31,TGCCCATAGCTTATCG-1,PB,0.28883913309597714
MS,PB_31,TGCCCATCACAGCGTC-1,PB,0.030690501831247472
MS,PB_31,TGCCCTAGTTACGCGC-1,PB,0.3912451421162016
MS,PB_31,TGCGCAGAGAATGTTG-1,PB,0.2408799098976444
MS,PB_31,TGCGGGTCAAGCTGTT-1-1,PB,-0.05457973907857283
MS,PB_31,TGCTACCAGTCGAGTG-1,PB,-0.29792794834763775
MS,PB_31,TGCTACCCAGCTGCTG-1-2,PB,-0.13189266956733253
MS,PB_31,TGCTACCCAGGGCATA-1,PB,-0.29792794834763775
MS,PB_31,TGGCCAGTCCCATTAT-1,PB,0.5804485944638607
MS,PB_31,TGGCCAGTCCGCGTTT-1,PB,0.3661145825636554
MS,PB_31,TGGCGCAAGCGTTCCG-1,PB,0.4789981824454251
MS,PB_31,TGGCGCACATCCGTGG-1,PB,-0.06313615052502156
MS,PB_31,TGGCTGGGTACCAGTT-1,PB,0.04761791217491074
MS,PB_31,TGGGAAGTCCGCGCAA-1,PB,0.09710265963195074
MS,PB_31,TGGGAAGTCTCGTATT-1,PB,0.589110528741844
MS,PB_31,TGGGCGTTCGGAAACG-1,PB,0.46718030865720117
MS,PB_31,TGGTTAGCAGTGGGAT-1,PB,-0.14374221393901607
MS,PB_31,TGGTTAGTCCTAGGGC-1,PB,0.15590770265444598
MS,PB_31,TGGTTCCAGTGAACAT-1,PB,-0.031907189585375674
MS,PB_31,TGTATTCAGAACAACT-1-1,PB,-0.11070534367111597
MS,PB_31,TGTATTCAGAGCCTAG-1,PB,0.11626076223461232
MS,PB_31,TGTATTCCAAGCTGAG-1,PB,-0.12766516279310064
MS,PB_31,TGTATTCCACAGCCCA-1,PB,-0.13703496818894362
MS,PB_31,TGTCCCAGTCATTAGC-1,PB,-0.09510345746126034
MS,PB_31,TGTGTTTCAGCCAATT-1-1,PB,-0.15517716717286428
MS,PB_31,TGTTCCGAGATGTTAG-1,PB,-0.04656001994316925
MS,PB_31,TGTTCCGCAAGCTGGA-1,PB,0.2641314169811206
MS,PB_31,TGTTCCGGTGGCCCTA-1,PB,0.008198337769329702
MS,PB_31,TGTTCCGGTTAGATGA-1,PB,-0.29792794834763775
MS,PB_31,TGTTCCGTCTTAGCCC-1-1,PB,0.34627181483597985
MS,PB_31,TTAACTCAGAATGTTG-1,PB,-0.015987405028686452
MS,PB_31,TTAACTCGTGTCGCTG-1,PB,-0.29792794834763775
MS,PB_31,TTAGGCAAGACAGGCT-1,PB,-0.13805992293490468
MS,PB_31,TTAGGCAAGCGTGTCC-1-1,PB,0.03286661294858579
MS,PB_31,TTAGGCATCAACCAAC-1,PB,-0.29792794834763775
MS,PB_31,TTAGTTCGTGGCAAAC-1,PB,0.14658779830604152
MS,PB_31,TTCGGTCAGCCCGAAA-1,PB,-0.29792794834763775
MS,PB_31,TTCTACAAGTGACTCT-1,PB,-0.07480527323282617
MS,PB_31,TTCTACAAGTTCCACA-1,PB,-0.03214929667773694
MS,PB_31,TTCTACAGTTCCGTCT-1,PB,0.3118161839620538
MS,PB_31,TTCTCAATCGGTTAAC-1,PB,0.16830678529496895
MS,PB_31,TTCTCCTAGTGAACGC-1,PB,-0.10163314860025029
MS,PB_31,TTGAACGCATACGCCG-1,PB,0.33905543269255956
MS,PB_31,TTGGCAAGTCGTTGTA-1,PB,-0.14694559361679968
MS,PB_31,TTGTAGGCAGATCTGT-1-1,PB,-0.21157235635304567
MS,PB_31,TTTACTGCACAGACTT-1,PB,0.5688245828177954
MS,PB_31,TTTACTGGTTGGTAAA-1,PB,0.18360066941103512
MS,PB_31,TTTATGCCACGAAACG-1,PB,-0.20932117462656905
MS,PB_31,TTTCCTCCATGCCACG-1,PB,0.6709906005570104
MS,PB_31,TTTCCTCGTCCCGACA-1,PB,0.15069760168673074
MS,PB_31,TTTCCTCTCGAGAGCA-1,PB,0.10526195579830976
MS,PB_31,TTTCCTCTCGTAGGTT-1-1,PB,-0.13798514076389062
MS,PB_31,TTTGCGCAGTCGATAA-1-1,PB,-0.2060421088266071
MS,PB_31,TTTGCGCCATGGGACA-1,PB,-0.12596545744435703
MS,PB_31,TTTGCGCGTCCATCCT-1,PB,0.24954000134889756
MS,PB_31,TTTGCGCGTCGACTGC-1,PB,-0.22906615415027212
MS,PB_31,TTTGCGCTCAGAGGTG-1,PB,0.07125352803477697
MS,PB_31,TTTGGTTGTACTTGAC-1,PB,-0.18375134946674015
MS,PB_31,TTTGTCAAGACTGTAA-1,PB,-0.010839278558209684
HC,PB_32,AAACCTGCAGGACCCT-1,PB,-0.059636722037310165
HC,PB_32,AAACCTGCATGAAGTA-1,PB,0.03551406826145551
HC,PB_32,AAACCTGGTAAGGGCT-1,PB,0.9275305274589155
HC,PB_32,AAAGTAGCAGCCACCA-1-1,PB,0.0064224182553325815
HC,PB_32,AAATGCCTCAAGGTAA-1,PB,0.22423577278687817
HC,PB_32,AAATGCCTCTAGAGTC-1-1,PB,0.2155561765731108
HC,PB_32,AACACGTTCTCCAGGG-1,PB,-0.29792794834763775
HC,PB_32,AACCGCGCAAATTGCC-1,PB,0.2121956695075476
HC,PB_32,AACGTTGCAGGATTGG-1,PB,0.06355856402241945
HC,PB_32,AACGTTGCATCACGTA-1,PB,-0.179613967794286
HC,PB_32,AACGTTGGTTCCCTTG-1,PB,-0.1976665575528894
HC,PB_32,AACTCCCCATCGGTTA-1,PB,1.064777686346793
HC,PB_32,AACTGGTCAATGACCT-1,PB,-0.29792794834763775
HC,PB_32,AACTGGTCACCATGTA-1,PB,-0.29792794834763775
HC,PB_32,AACTTTCTCCCAAGAT-1,PB,-0.16386928689982844
HC,PB_32,AAGACCTTCACATAGC-1,PB,-0.07477914557418683
HC,PB_32,AAGCCGCAGCCGTCGT-1-1,PB,0.18751524718806972
HC,PB_32,AAGCCGCTCGGCGCAT-1,PB,0.4579937743619605
HC,PB_32,AAGGCAGTCGGATGTT-1-1,PB,0.38587774089896654
HC,PB_32,AAGGTTCTCTGCGACG-1,PB,0.24502277089482355
HC,PB_32,AATCCAGAGAGCCCAA-1,PB,-0.29792794834763775
HC,PB_32,ACACCCTTCACAATGC-1-1,PB,-0.29792794834763775
HC,PB_32,ACACTGACACCATCCT-1,PB,-0.06671080234830706
HC,PB_32,ACACTGACACCGTTGG-1,PB,0.11419302097787841
HC,PB_32,ACACTGATCAACGCTA-1-1,PB,-0.20431589208896278
HC,PB_32,ACAGCCGTCTCGATGA-1-1,PB,-0.29792794834763775
HC,PB_32,ACATGGTCAGCGAACA-1-1,PB,-0.15213243180594452
HC,PB_32,ACATGGTTCGTTACGA-1,PB,0.05428486008079234
HC,PB_32,ACCAGTACAGCTCGAC-1,PB,0.09558292445340956
HC,PB_32,ACCCACTCAGCTGCAC-1,PB,-0.29792794834763775
HC,PB_32,ACGATACCAGTGAGTG-1,PB,0.020388002083265126
HC,PB_32,ACGATACCATACTCTT-1,PB,-0.028326195543972834
HC,PB_32,ACGATACTCGCCAAAT-1,PB,-0.07058483301331407
HC,PB_32,ACGATGTGTATAATGG-1,PB,0.1311248062464687
HC,PB_32,ACGCAGCTCACTTACT-1,PB,0.061279878624997994
HC,PB_32,ACGCAGCTCAGTTGAC-1,PB,0.19476870322991344
HC,PB_32,ACGCCAGAGTGGACGT-1,PB,-0.09205537940234139
HC,PB_32,ACGCCAGGTAGAGGAA-1,PB,0.43566122431048726
HC,PB_32,ACGCCGATCAGCACAT-1,PB,-0.1592438186218004
HC,PB_32,ACGGCCACAGCAGTTT-1,PB,-0.29792794834763775
HC,PB_32,ACGGGCTGTTAAGACA-1,PB,0.08086611196509241
HC,PB_32,ACGGGTCCATAAGACA-1-1,PB,-0.14083410519860326
HC,PB_32,ACGTCAAGTCTCTCGT-1,PB,-0.29792794834763775
HC,PB_32,ACTGAGTGTCGGCACT-1,PB,-0.29792794834763775
HC,PB_32,ACTGATGCATGTCTCC-1,PB,-0.29792794834763775
HC,PB_32,ACTGTCCGTTCCATGA-1,PB,-0.04764923114542657
HC,PB_32,ACTGTCCTCAGTTTGG-1,PB,0.8123204385028505
HC,PB_32,AGAATAGAGAAGGGTA-1-2,PB,0.010052768208218796
HC,PB_32,AGACGTTCATTAGCCA-1,PB,0.6453497325738998
HC,PB_32,AGAGTGGTCACCTTAT-1,PB,-0.09399228857263771
HC,PB_32,AGATCTGTCAGCACAT-1,PB,-0.051335869741384356
HC,PB_32,AGATTGCCAAGCGAGT-1,PB,-0.045107412421487296
HC,PB_32,AGATTGCCATAGAAAC-1,PB,0.1502671808210507
HC,PB_32,AGATTGCGTTCCCGAG-1,PB,0.06380188177087201
HC,PB_32,AGCAGCCAGCGATTCT-1,PB,-0.09729826935200567
HC,PB_32,AGCAGCCGTGAAGGCT-1,PB,0.4939719514465141
HC,PB_32,AGCCTAAAGGAGTAGA-1,PB,0.49376624639182387
HC,PB_32,AGCCTAACATGCTAGT-1,PB,0.0628706579530289
HC,PB_32,AGCCTAAGTCATATGC-1-2,PB,-0.10329983621410406
HC,PB_32,AGCGGTCGTCTGGAGA-1,PB,0.22129702949058203
HC,PB_32,AGCGGTCGTTGACGTT-1,PB,0.20346534218925988
HC,PB_32,AGCGTCGGTGGCCCTA-1,PB,-0.09636735066055199
HC,PB_32,AGCTCTCCAGATCGGA-1,PB,-0.29792794834763775
HC,PB_32,AGCTCTCTCTTAGAGC-1,PB,0.3529654840217066
HC,PB_32,AGCTTGACAGCGTCCA-1,PB,-0.04729406015067351
HC,PB_32,AGGCCACCATTAGCCA-1,PB,-0.07303948125965543
HC,PB_32,AGGGAGTTCCGAATGT-1,PB,0.3973299549304496
HC,PB_32,AGGGATGGTGCCTGTG-1,PB,-0.10888035397531567
HC,PB_32,AGGTCCGGTACCGTAT-1,PB,0.25859254839097057
HC,PB_32,AGTAGTCGTGAGGGAG-1,PB,0.1081064090606446
HC,PB_32,AGTAGTCTCGTAGATC-1,PB,0.22806927685971062
HC,PB_32,AGTCTTTTCGCTAGCG-1,PB,0.6503330296960602
HC,PB_32,AGTGAGGTCCCTTGCA-1-1,PB,-0.12373848108664612
HC,PB_32,AGTGGGATCCGCTGTT-1,PB,0.05787377534170294
HC,PB_32,AGTTGGTGTAATCGTC-1,PB,0.09104874735782477
HC,PB_32,ATAACGCAGTTAGCGG-1,PB,-0.12843765784352446
HC,PB_32,ATAACGCCACCACCAG-1,PB,-0.29792794834763775
HC,PB_32,ATAGACCTCAGAAATG-1,PB,0.42694505242461933
HC,PB_32,ATCACGAGTGCTTCTC-1,PB,-0.14788340699391184
HC,PB_32,ATCATCTAGGACGAAA-1,PB,0.07238942111579398
HC,PB_32,ATCCACCCATCTGGTA-1-2,PB,0.04869461062372558
HC,PB_32,ATCCACCGTCGTCTTC-1,PB,-0.29792794834763775
HC,PB_32,ATCCACCGTGGTTTCA-1,PB,0.06468560656172007
HC,PB_32,ATCGAGTGTGCACTTA-1,PB,0.1529448004048099
HC,PB_32,ATCTACTAGTTTAGGA-1,PB,0.24421564047328298
HC,PB_32,ATCTGCCCAGACAAAT-1-1,PB,0.627062230694942
HC,PB_32,ATCTGCCTCCATGAGT-1,PB,-0.29792794834763775
HC,PB_32,ATGAGGGTCTGAAAGA-1,PB,0.37425245120291667
HC,PB_32,ATGCGATAGCTGAACG-1,PB,-0.29792794834763775
HC,PB_32,ATGCGATTCCGTAGTA-1,PB,0.8320337927152394
HC,PB_32,ATGGGAGAGATGCCTT-1,PB,-0.056949499314457475
HC,PB_32,ATGGGAGTCTTGCCGT-1,PB,0.1104631825914296
HC,PB_32,ATGTGTGTCTCTGCTG-1,PB,-0.06551304402328186
HC,PB_32,ATTATCCCACACGCTG-1,PB,0.3360783304824696
HC,PB_32,ATTATCCGTTCCCGAG-1,PB,0.33623605014074737
HC,PB_32,ATTGGACCATATGGTC-1,PB,-0.09126900544544081
HC,PB_32,ATTGGACCATCGGACC-1,PB,0.5156711801802621
HC,PB_32,ATTTCTGAGACCACGA-1,PB,-0.16057870075611871
HC,PB_32,ATTTCTGTCCGCGTTT-1,PB,-0.14191260745599218
HC,PB_32,CAACCAAGTACGCTGC-1,PB,0.3938086976780519
HC,PB_32,CAACCTCGTAATCACC-1,PB,0.27212182816626174
HC,PB_32,CAAGATCCATTACCTT-1,PB,-0.29792794834763775
HC,PB_32,CAAGATCTCAGTCCCT-1,PB,0.4170566119184511
HC,PB_32,CAAGGCCTCTATCGCC-1-1,PB,-0.15232704410831957
HC,PB_32,CAAGTTGAGATGCGAC-1,PB,-0.14597902303854765
HC,PB_32,CAAGTTGGTGAGGCTA-1,PB,-0.17494326908177546
HC,PB_32,CACACAACACTAGTAC-1-1,PB,0.03892659049269143
HC,PB_32,CACACAATCCTTTACA-1,PB,0.2075973941759354
HC,PB_32,CACACCTCAATGGAAT-1,PB,0.6756607149598682
HC,PB_32,CACACCTGTCACCCAG-1,PB,0.15350792055372506
HC,PB_32,CACAGGCCATCCGGGT-1,PB,0.8207610506033479
HC,PB_32,CACAGGCTCCACGAAT-1,PB,-0.29792794834763775
HC,PB_32,CACAGTAAGAAGGTTT-1,PB,0.19550600192801437
HC,PB_32,CACAGTACAGCAGTTT-1-1,PB,0.06753844199426458
HC,PB_32,CACATAGTCAGGCGAA-1,PB,0.6465212256727447
HC,PB_32,CACATTTCAGCTCGAC-1,PB,0.1267363639256106
HC,PB_32,CACATTTCAGTTTACG-1-1,PB,-0.29792794834763775
HC,PB_32,CACATTTGTACTTGAC-1,PB,0.2173479451886828
HC,PB_32,CACCACTAGTGTGGCA-1-1,PB,0.200985490956428
HC,PB_32,CACCACTCAGGCGATA-1,PB,-0.29792794834763775
HC,PB_32,CACCTTGAGCTAGTTC-1,PB,-0.29792794834763775
HC,PB_32,CACCTTGCACGTCAGC-1,PB,-0.004169566306563542
HC,PB_32,CACTCCAGTGGACGAT-1,PB,0.019687741650322246
HC,PB_32,CAGAATCGTCTAACGT-1,PB,0.13097904467539603
HC,PB_32,CAGAGAGAGCTCCTCT-1,PB,0.37436012030566673
HC,PB_32,CAGCAGCGTCAGGACA-1,PB,-0.15874402067201512
HC,PB_32,CAGCCGACACCGCTAG-1,PB,-0.12194010140838762
HC,PB_32,CAGCCGATCTATCGCC-1,PB,-0.21421114336229402
HC,PB_32,CAGCGACGTGAAGGCT-1,PB,-0.29792794834763775
HC,PB_32,CAGCTAACAGCTGTAT-1,PB,-0.0654687125229607
HC,PB_32,CAGCTAACAGGACCCT-1,PB,-0.043376199547285034
HC,PB_32,CAGGTGCCACGTTGGC-1,PB,-0.14821635638530697
HC,PB_32,CAGTAACAGTGAAGTT-1,PB,-0.05708531963393402
HC,PB_32,CAGTAACGTTGCGCAC-1,PB,-0.29792794834763775
HC,PB_32,CAGTCCTTCCGAATGT-1,PB,0.5434003811147118
HC,PB_32,CAGTCCTTCTCCGGTT-1,PB,-0.04374488981068768
HC,PB_32,CATATTCGTGTAATGA-1,PB,-0.29792794834763775
HC,PB_32,CATCGAACATCACCCT-1,PB,0.7655342303322639
HC,PB_32,CATGACACATGTCCTC-1,PB,-0.29792794834763775
HC,PB_32,CATGACATCTGCTGTC-1,PB,0.14154283037701745
HC,PB_32,CATGGCGCACCCATTC-1,PB,0.2053551794373729
HC,PB_32,CATTATCCAAGGTTCT-1-1,PB,0.5031790664992862
HC,PB_32,CCACCTAGTCTCTTAT-1,PB,1.3256352097417554
HC,PB_32,CCACCTATCAGCGACC-1,PB,-0.05560561409664605
HC,PB_32,CCACGGAGTAAATACG-1,PB,-0.1648930517470304
HC,PB_32,CCACGGAGTCGCGTGT-1-1,PB,0.29514044052093524
HC,PB_32,CCACGGATCGTGGTCG-1,PB,-0.29792794834763775
HC,PB_32,CCACTACAGGAATTAC-1,PB,0.16610331536627926
HC,PB_32,CCACTACAGGAGCGTT-1-1,PB,0.12678623332963945
HC,PB_32,CCACTACTCGTGGGAA-1,PB,-0.29792794834763775
HC,PB_32,CCAGCGACATTTGCTT-1,PB,-0.05463989814554687
HC,PB_32,CCATTCGGTGCGCTTG-1,PB,0.20103970866405188
HC,PB_32,CCGGGATAGCTTTGGT-1-1,PB,0.17013561695259188
HC,PB_32,CCGGTAGGTCAGAGGT-1,PB,-0.03770990840678749
HC,PB_32,CCGGTAGTCATGTCCC-1,PB,0.35649215322721045
HC,PB_32,CCGTTCACACAGGAGT-1,PB,0.09135942147949905
HC,PB_32,CCGTTCAGTCTCCCTA-1-1,PB,0.23383676912512322
HC,PB_32,CCTACACCAGCTTCGG-1,PB,0.04430790308139654
HC,PB_32,CCTACACCATGCTAGT-1,PB,-0.15513068087899518
HC,PB_32,CCTACACGTATATCCG-1,PB,-0.29792794834763775
HC,PB_32,CCTACACGTTACTGAC-1,PB,-0.29792794834763775
HC,PB_32,CCTACCATCTGGAGCC-1-1,PB,-0.15717372544006475
HC,PB_32,CCTATTATCAACACCA-1,PB,0.27697803913859004
HC,PB_32,CCTCTGAAGTACCGGA-1,PB,-0.07612475895293527
HC,PB_32,CCTCTGATCGGCTTGG-1,PB,-0.10747139381911461
HC,PB_32,CCTTCGATCAGCATGT-1-1,PB,-0.05383970423161879
HC,PB_32,CCTTCGATCAGTTCGA-1,PB,0.27309545978562516
HC,PB_32,CGAACATAGACGCTTT-1,PB,-0.29792794834763775
HC,PB_32,CGAACATTCAGAGGTG-1,PB,-0.29792794834763775
HC,PB_32,CGAACATTCTTCCTTC-1,PB,-0.09646224773295985
HC,PB_32,CGAACATTCTTCTGGC-1,PB,0.23827445036615028
HC,PB_32,CGAATGTCACCAGGCT-1-1,PB,0.37404240856822296
HC,PB_32,CGAATGTCATCGATTG-1-1,PB,0.7308790440234619
HC,PB_32,CGACCTTCACTAGTAC-1,PB,-0.11780413689530815
HC,PB_32,CGACCTTTCCTTGCCA-1,PB,0.022524193675131896
HC,PB_32,CGACTTCCAAGCGCTC-1,PB,-0.18145306099436276
HC,PB_32,CGACTTCCATTGGTAC-1,PB,-0.11104298185530492
HC,PB_32,CGAGAAGGTACAGCAG-1,PB,0.10375486035321455
HC,PB_32,CGAGAAGTCACATAGC-1,PB,-0.00620945624328652
HC,PB_32,CGAGCCAGTCTGGTCG-1,PB,-0.29792794834763775
HC,PB_32,CGAGCCATCAATAAGG-1,PB,0.23862880200396624
HC,PB_32,CGATGTACAGGCAGTA-1,PB,-0.29792794834763775
HC,PB_32,CGCCAAGAGCGGATCA-1,PB,-0.14777411010213237
HC,PB_32,CGCCAAGCACAGGCCT-1,PB,0.0332061363697929
HC,PB_32,CGCGTTTGTAATCGTC-1,PB,-0.11942205155861403
HC,PB_32,CGCGTTTGTTTGGCGC-1,PB,0.8246235485437932
HC,PB_32,CGCGTTTTCTGTTGAG-1-1,PB,-0.08568744916290376
HC,PB_32,CGCTATCAGAGAACAG-1,PB,0.7679678477075379
HC,PB_32,CGCTGGACAAGGCTCC-1,PB,-0.028047429804556673
HC,PB_32,CGCTGGACATATGCTG-1,PB,0.23925004552930693
HC,PB_32,CGCTTCATCCGAAGAG-1-2,PB,0.7740853286856317
HC,PB_32,CGGACTGCACAGCGTC-1-1,PB,0.09717295838375553
HC,PB_32,CGGAGCTAGTAGATGT-1,PB,-0.29792794834763775
HC,PB_32,CGGAGCTTCCTCGCAT-1,PB,0.132543310943972
HC,PB_32,CGGCTAGTCGAGAACG-1,PB,0.08197349498320576
HC,PB_32,CGGGTCACAATCAGAA-1,PB,0.825050588963036
HC,PB_32,CGGGTCATCATCGATG-1,PB,-0.29792794834763775
HC,PB_32,CGTAGCGTCTCTAAGG-1,PB,0.05780974681094679
HC,PB_32,CGTAGGCTCCTGCCAT-1,PB,0.113246752816591
HC,PB_32,CGTCACTAGCCATCGC-1-1,PB,-0.1918160625650423
HC,PB_32,CGTCACTGTTCTGTTT-1,PB,0.3942744681151124
HC,PB_32,CGTCACTTCACGAAGG-1,PB,-0.2109895033595916
HC,PB_32,CGTCAGGAGACTTTCG-1,PB,0.5638295703719493
HC,PB_32,CGTCTACGTTGTGGCC-1,PB,0.26427856681071177
HC,PB_32,CGTGTAACAAACGCGA-1-1,PB,-0.07975469329120988
HC,PB_32,CGTTCTGGTTTGCATG-1,PB,-0.19506181386310176
HC,PB_32,CGTTGGGTCCGCGCAA-1,PB,-0.11519050665763823
HC,PB_32,CTAACTTAGTGGGTTG-1,PB,0.053665199919159565
HC,PB_32,CTAATGGGTCGCGAAA-1,PB,-0.29792794834763775
HC,PB_32,CTAATGGGTTACGCGC-1-2,PB,0.24439955235422312
HC,PB_32,CTAATGGTCACGACTA-1,PB,0.6221098859130133
HC,PB_32,CTACATTTCTCGCATC-1,PB,-0.0961924122576017
HC,PB_32,CTACGTCAGGAGTTTA-1,PB,0.20420629965722678
HC,PB_32,CTAGAGTTCGTTTATC-1,PB,0.08475278920549023
HC,PB_32,CTAGCCTCAAGGTTTC-1,PB,0.21638307888379024
HC,PB_32,CTAGTGAAGCACACAG-1,PB,0.43224645016765206
HC,PB_32,CTAGTGAGTGACTACT-1,PB,0.39086268260158047
HC,PB_32,CTCAGAAGTTCGCGAC-1,PB,0.6046441866349451
HC,PB_32,CTCATTAAGACTGGGT-1,PB,0.15034122497810226
HC,PB_32,CTCATTAAGCGACGTA-1,PB,-0.29792794834763775
HC,PB_32,CTCATTAAGCGTTCCG-1,PB,-0.29792794834763775
HC,PB_32,CTCCTAGGTAGCGATG-1-1,PB,0.320511772600642
HC,PB_32,CTCCTAGGTCCTCCAT-1,PB,-0.29792794834763775
HC,PB_32,CTCGAAAGTCCCTACT-1,PB,-0.01781522891071328
HC,PB_32,CTCGAAAGTGTCTGAT-1,PB,0.3471457974684805
HC,PB_32,CTCGAAATCGCCCTTA-1,PB,-0.00977850432943665
HC,PB_32,CTCGTACAGATACACA-1,PB,-0.29792794834763775
HC,PB_32,CTCGTACAGTACCGGA-1,PB,0.25442276648276435
HC,PB_32,CTCGTCACATTCGACA-1,PB,-0.0754583118491154
HC,PB_32,CTCTAATGTGCAGACA-1,PB,0.12951537322066303
HC,PB_32,CTCTAATTCCCGACTT-1-1,PB,0.8950551343570604
HC,PB_32,CTCTACGCACAGGAGT-1,PB,-0.12799368993978802
HC,PB_32,CTCTGGTCAATCGAAA-1-1,PB,-0.29792794834763775
HC,PB_32,CTCTGGTCAATCTACG-1,PB,0.4658459619260414
HC,PB_32,CTCTGGTGTACCATCA-1-1,PB,-0.044935480202210776
HC,PB_32,CTGAAGTCACGTGAGA-1,PB,-0.013960595956528416
HC,PB_32,CTGAAGTGTTCGTTGA-1-1,PB,0.4490724853297194
HC,PB_32,CTGATAGTCTGCAAGT-1,PB,-0.1238917107092939
HC,PB_32,CTGATCCCAATGCCAT-1,PB,-0.29792794834763775
HC,PB_32,CTGCGGACAAAGAATC-1,PB,0.1911498727419081
HC,PB_32,CTGCGGACATCCCACT-1,PB,0.655307727726076
HC,PB_32,CTGCTGTTCACCTCGT-1,PB,-0.29792794834763775
HC,PB_32,CTGTGCTAGAATGTGT-1,PB,0.3295655078008686
HC,PB_32,CTGTGCTAGGTCATCT-1,PB,-0.06642730338590867
HC,PB_32,CTGTGCTGTAACGTTC-1,PB,0.1884215788344325
HC,PB_32,CTTAACTTCTGGCGTG-1,PB,-0.1802729596040978
HC,PB_32,CTTACCGAGAGTCTGG-1,PB,0.22811929541703543
HC,PB_32,CTTAGGAGTACCTACA-1,PB,-0.02462555124498355
HC,PB_32,CTTGGCTTCCCTTGCA-1,PB,0.9402014045122115
HC,PB_32,CTTTGCGTCATACGGT-1-1,PB,-0.29792794834763775
HC,PB_32,GAAGCAGCAAGGACTG-1,PB,-0.29792794834763775
HC,PB_32,GAAGCAGTCCAAAGTC-1,PB,0.18659797200247805
HC,PB_32,GAATAAGGTACCGCTG-1,PB,0.05047389366372486
HC,PB_32,GAATGAAGTCGGCATC-1,PB,0.12991680786639362
HC,PB_32,GACACGCCAGCTATTG-1,PB,0.018300766101218065
HC,PB_32,GACAGAGCATCTACGA-1,PB,0.331355058950443
HC,PB_32,GACAGAGTCCACGTGG-1-1,PB,0.5275541902606251
HC,PB_32,GACCAATGTGTTTGGT-1-1,PB,-0.054278463174151484
HC,PB_32,GACCTGGGTAGGGTAC-1,PB,-0.156417021814172
HC,PB_32,GACGGCTGTAAACGCG-1,PB,0.673078007189595
HC,PB_32,GACGGCTTCTGCGGCA-1,PB,-0.13425867603881309
HC,PB_32,GACGTGCTCTGCAAGT-1,PB,-0.29792794834763775
HC,PB_32,GACGTTAAGGATGCGT-1,PB,-0.1143482814674358
HC,PB_32,GACTAACCACCCATGG-1,PB,-0.04573064758632792
HC,PB_32,GACTACAGTCCGTTAA-1,PB,0.18507838268089877
HC,PB_32,GAGCAGAGTCTTGATG-1,PB,0.8151038619556947
HC,PB_32,GAGGTGAAGATATGCA-1,PB,0.29131235468837696
HC,PB_32,GAGTCCGCAACACGCC-1-1,PB,-0.29792794834763775
HC,PB_32,GAGTCCGGTAGCGTGA-1,PB,-0.1364314217209916
HC,PB_32,GATCAGTTCAAAGTAG-1-1,PB,-0.2167913133345498
HC,PB_32,GATCGCGCAATAGCAA-1-1,PB,-0.24328589739654036
HC,PB_32,GATCGCGCAGCTCCGA-1,PB,0.20110355839869412
HC,PB_32,GATCGCGGTTAAGATG-1,PB,0.32058755036238396
HC,PB_32,GATCGTAAGCAACGGT-1-1,PB,-0.08559910642219186
HC,PB_32,GATCTAGAGGTGATTA-1-1,PB,-0.11914745793835128
HC,PB_32,GATCTAGAGGTTCCTA-1,PB,-0.29792794834763775
HC,PB_32,GATCTAGCATGCAATC-1,PB,1.0252939240928984
HC,PB_32,GATGAAAAGTTTCCTT-1,PB,0.24520300867830178
HC,PB_32,GATGAAAGTACTTGAC-1,PB,0.7106574245480416
HC,PB_32,GATGAGGCAAAGTCAA-1,PB,0.1844425096509704
HC,PB_32,GATGCTACAATCCGAT-1,PB,-0.10377088740337946
HC,PB_32,GATTCAGAGACGACGT-1-1,PB,-0.16538491161301566
HC,PB_32,GCAATCAAGAGCTTCT-1-1,PB,-0.12462878451045205
HC,PB_32,GCAATCAAGTCGATAA-1,PB,0.26725724711496646
HC,PB_32,GCAATCACACCAGCAC-1-1,PB,0.7388731263967266
HC,PB_32,GCACATAAGCGATAGC-1-1,PB,-0.059338756863258575
HC,PB_32,GCAGCCACAAGGACAC-1,PB,-0.09658645701258577
HC,PB_32,GCAGCCACACTGTCGG-1,PB,0.3854089565754908
HC,PB_32,GCAGTTAAGGCCCGTT-1-1,PB,0.5781440205357244
HC,PB_32,GCATACATCAGTACGT-1,PB,0.25573438929549447
HC,PB_32,GCATGATAGAGACGAA-1,PB,-0.11513589810311678
HC,PB_32,GCATGTATCTCGCATC-1,PB,-0.03926955105171761
HC,PB_32,GCATGTATCTTCTGGC-1-1,PB,0.5866344079657361
HC,PB_32,GCATGTATCTTGAGAC-1,PB,0.08359876677740463
HC,PB_32,GCCTCTAGTTGGTTTG-1,PB,0.2812059948226556
HC,PB_32,GCGACCACACAGACAG-1,PB,0.11795045897719082
HC,PB_32,GCGCAGTGTAATCGTC-1,PB,0.14090270001402386
HC,PB_32,GCGCAGTTCGTTGACA-1,PB,-0.29792794834763775
HC,PB_32,GCGGGTTAGTCGATAA-1,PB,0.012448049477783028
HC,PB_32,GCGGGTTTCATGGTCA-1,PB,0.44802093107223967
HC,PB_32,GCTCCTAAGTCGTACT-1-1,PB,0.40079759481690086
HC,PB_32,GCTCTGTGTAGCTAAA-1,PB,0.23664926479409987
HC,PB_32,GCTGCAGTCATGTAGC-1,PB,0.13081686507668852
HC,PB_32,GCTGGGTCATATACGC-1-1,PB,0.13507798250451444
HC,PB_32,GGAACTTGTGACTCAT-1-1,PB,0.12478204038164455
HC,PB_32,GGAATAAGTAAGGGAA-1,PB,1.2471978397842631
HC,PB_32,GGAATAAGTACAGCAG-1,PB,-0.29792794834763775
HC,PB_32,GGAATAAGTACCGTAT-1,PB,-0.05990640388906593
HC,PB_32,GGACAGAGTGACGCCT-1,PB,0.4753356410144153
HC,PB_32,GGACATTGTGTTAAGA-1,PB,-0.030318673556474322
HC,PB_32,GGACATTGTGTTGAGG-1,PB,0.403530721071434
HC,PB_32,GGACGTCTCTGTGCAA-1,PB,0.7195712569915376
HC,PB_32,GGATGTTAGACTGGGT-1-1,PB,0.10690981577579271
HC,PB_32,GGATGTTCAATTGCTG-1,PB,0.09928650212038201
HC,PB_32,GGATGTTTCCTGCTTG-1,PB,-0.09126362707956728
HC,PB_32,GGCAATTAGATATACG-1,PB,-0.13282655493946846
HC,PB_32,GGCCGATCATCTGGTA-1,PB,-0.12934175110609006
HC,PB_32,GGCCGATGTCGATTGT-1-1,PB,0.1423662735336628
HC,PB_32,GGCCGATTCAGTTCGA-1,PB,-0.29792794834763775
HC,PB_32,GGCGTGTGTCTCTTAT-1-1,PB,-0.17892658728399963
HC,PB_32,GGCTGGTAGTGACTCT-1,PB,-0.29792794834763775
HC,PB_32,GGCTGGTAGTGGCACA-1,PB,0.017685823811047736
HC,PB_32,GGCTGGTGTGCACTTA-1,PB,-0.14396349943088013
HC,PB_32,GGGAATGAGTGACATA-1,PB,-0.0013640907304427621
HC,PB_32,GGGAATGCATGCCCGA-1,PB,0.27048890152943794
HC,PB_32,GGGAATGTCGCAAACT-1,PB,-0.08468812374255208
HC,PB_32,GGGACCTGTGGCGAAT-1-1,PB,0.716193190487533
HC,PB_32,GGGCATCAGGCAATTA-1,PB,0.4335903821257904
HC,PB_32,GGGCATCGTAGAGCTG-1,PB,0.2883858454177968
HC,PB_32,GGGCATCTCGGTGTCG-1,PB,-0.05599494232930452
HC,PB_32,GGGTCTGAGTTCCACA-1,PB,0.26830507054557995
HC,PB_32,GGGTCTGGTAACGACG-1,PB,0.857783506538354
HC,PB_32,GGGTCTGGTTACCAGT-1,PB,0.22594046584050667
HC,PB_32,GGGTTGCAGGATGGAA-1,PB,0.25096096173768384
HC,PB_32,GGGTTGCGTGCCTGTG-1,PB,-0.137470720781387
HC,PB_32,GGGTTGCTCGACCAGC-1,PB,-0.17721792729520378
HC,PB_32,GGTATTGGTGGTCCGT-1-1,PB,0.28748655188657946
HC,PB_32,GGTGAAGGTACCATCA-1-1,PB,0.4738029482467145
HC,PB_32,GGTGCGTCAGTTTACG-1,PB,0.42685893346202325
HC,PB_32,GGTGCGTTCGCCCTTA-1-2,PB,-0.29792794834763775
HC,PB_32,GGTGTTACAAGAAAGG-1,PB,0.22705011241215126
HC,PB_32,GTAACTGGTCGCGAAA-1,PB,0.06736684394198568
HC,PB_32,GTACGTATCAACGCTA-1-1,PB,-0.16755538474023463
HC,PB_32,GTACTTTTCGTAGATC-1,PB,0.2663805313400419
HC,PB_32,GTAGTCAGTAGCCTAT-1,PB,-0.1447547293846272
HC,PB_32,GTATCTTGTTTGGCGC-1,PB,-0.29792794834763775
HC,PB_32,GTCAAGTTCCACGAAT-1,PB,-0.29792794834763775
HC,PB_32,GTCACAAAGACGCACA-1,PB,0.23461183393333135
HC,PB_32,GTCACAAAGTAGTGCG-1,PB,0.1151544080238294
HC,PB_32,GTCACAAGTACATGTC-1,PB,0.47102603863859294
HC,PB_32,GTCACGGAGCTCCCAG-1-1,PB,0.4052782101757768
HC,PB_32,GTCATTTCATGTTCCC-1,PB,-0.12978549144721643
HC,PB_32,GTCCTCAGTACCCAAT-1,PB,0.05121818988758466
HC,PB_32,GTCGGGTCAATGGAAT-1,PB,0.3532614705377242
HC,PB_32,GTCGTAACATATGCTG-1,PB,-0.12295461043967539
HC,PB_32,GTCGTAAGTCCGAAGA-1,PB,0.2701031003668816
HC,PB_32,GTCTCGTTCTGGGCCA-1,PB,-0.29792794834763775
HC,PB_32,GTGCAGCAGGAGTTGC-1,PB,-0.29792794834763775
HC,PB_32,GTGCATAGTCAGGACA-1,PB,-0.13777694478770983
HC,PB_32,GTGCGGTCAGCCACCA-1-1,PB,-0.06767035511351285
HC,PB_32,GTGCTTCAGCATGGCA-1,PB,0.6766564031692516
HC,PB_32,GTGGGTCAGGTGATTA-1,PB,0.2700316822525998
HC,PB_32,GTGGGTCTCGTGGGAA-1,PB,0.20961226436056132
HC,PB_32,GTGTGCGGTGTGGTTT-1,PB,0.13917477707069772
HC,PB_32,GTGTTAGAGTCTCGGC-1,PB,-0.29792794834763775
HC,PB_32,GTTACAGTCCAAATGC-1,PB,-0.29792794834763775
HC,PB_32,GTTCGGGCAATGAATG-1,PB,-0.21647819320622783
HC,PB_32,GTTCTCGCATCCAACA-1,PB,0.29044312422434776
HC,PB_32,GTTCTCGGTCAAACTC-1,PB,0.1907913810717392
HC,PB_32,TAAACCGAGATCTGAA-1,PB,0.08531933725849593
HC,PB_32,TAAGCGTCACGGCCAT-1,PB,-0.11591783642277087
HC,PB_32,TAAGCGTGTAGGCATG-1,PB,0.06946919685066043
HC,PB_32,TAAGCGTTCCTATGTT-1,PB,0.07037691149133045
HC,PB_32,TACACGAAGATCTGCT-1,PB,0.05011168074680834
HC,PB_32,TACCTATTCGTTACAG-1,PB,0.06859080684315624
HC,PB_32,TACCTTATCGCTTAGA-1,PB,0.6749541982767432
HC,PB_32,TACGGATTCCACGAAT-1,PB,0.5286552306662512
HC,PB_32,TACGGGCGTCGCTTCT-1,PB,0.009303266787954798
HC,PB_32,TACTCATTCTAACTCT-1,PB,0.29670761686812924
HC,PB_32,TACTCGCCACAGAGGT-1,PB,-0.29792794834763775
HC,PB_32,TACTCGCGTACCCAAT-1,PB,-0.29792794834763775
HC,PB_32,TACTTGTAGGAGTCTG-1,PB,0.17081189331514818
HC,PB_32,TACTTGTTCCGCATAA-1,PB,0.46090712815039436
HC,PB_32,TAGAGCTCAGTCTTCC-1-1,PB,0.036663135434152935
HC,PB_32,TAGGCATCATACTCTT-1,PB,-0.00048291720255350904
HC,PB_32,TAGTGGTAGATATGGT-1,PB,0.4071742499846288
HC,PB_32,TAGTTGGTCAGCGATT-1,PB,-0.29792794834763775
HC,PB_32,TATCAGGTCGTGACAT-1,PB,-0.29792794834763775
HC,PB_32,TATCAGGTCTCTAAGG-1,PB,0.03307036014739724
HC,PB_32,TATGCCCCACGGTAAG-1,PB,0.3418386334547524
HC,PB_32,TATTACCAGGAATCGC-1,PB,0.9313286243103304
HC,PB_32,TATTACCCAAATCCGT-1-1,PB,-0.29792794834763775
HC,PB_32,TCAGCAACACCTCGGA-1,PB,-0.07660378880227839
HC,PB_32,TCAGCTCTCTTAGCCC-1,PB,0.863681066000179
HC,PB_32,TCAGGATCACTACAGT-1,PB,-0.09645704795520262
HC,PB_32,TCAGGATTCCCAACGG-1,PB,0.7336430055815295
HC,PB_32,TCAGGATTCGGGAGTA-1,PB,-0.1372913190532903
HC,PB_32,TCAGGATTCTGCGACG-1,PB,0.6316627395733815
HC,PB_32,TCAGGTACATTGTGCA-1,PB,-0.29792794834763775
HC,PB_32,TCCACACAGGTGCAAC-1,PB,-0.21896850248671942
HC,PB_32,TCGAGGCAGATGCGAC-1,PB,-0.29792794834763775
HC,PB_32,TCGCGAGCACAGCGTC-1,PB,0.2948759900315219
HC,PB_32,TCGCGTTTCAGGCGAA-1,PB,-0.29792794834763775
HC,PB_32,TCGGGACAGGTGATTA-1,PB,0.040153762287389386
HC,PB_32,TCGGGACCAAAGGCGT-1,PB,0.332285990269667
HC,PB_32,TCGGGACCACATGTGT-1,PB,0.45781530603519915
HC,PB_32,TCGGGACTCCGCATAA-1-1,PB,0.4258572931277344
HC,PB_32,TCGGGACTCTGTTTGT-1,PB,0.11812958838850926
HC,PB_32,TCGGTAACAGAAGCAC-1,PB,0.4895295466248631
HC,PB_32,TCGTAGACACAGGTTT-1,PB,0.41745532348507747
HC,PB_32,TCTATTGCACCCTATC-1,PB,-0.29792794834763775
HC,PB_32,TCTATTGTCTAACCGA-1,PB,0.19945100799594237
HC,PB_32,TCTCTAAAGTAGGCCA-1-1,PB,-0.18752091450971012
HC,PB_32,TCTGGAAGTCCCTACT-1-1,PB,0.19283478031263818
HC,PB_32,TCTGGAAGTTGCCTCT-1,PB,0.10853037539280155
HC,PB_32,TCTGGAATCAGTTGAC-1,PB,-0.15333469654430473
HC,PB_32,TCTTCGGCAGCCAGAA-1,PB,0.4372246248509276
HC,PB_32,TCTTCGGCATACTACG-1,PB,-0.29792794834763775
HC,PB_32,TCTTCGGCATACTCTT-1,PB,0.26860911206398036
HC,PB_32,TCTTTCCAGAATGTGT-1,PB,0.3005090873054566
HC,PB_32,TGAAAGAGTACATCCA-1,PB,0.4063343407603952
HC,PB_32,TGACAACCACGACGAA-1,PB,0.4293017160426819
HC,PB_32,TGACAACGTGCTCTTC-1-1,PB,-0.29792794834763775
HC,PB_32,TGACGGCCAATGTTGC-1,PB,0.11097217918919097
HC,PB_32,TGACGGCCACACATGT-1,PB,0.6699223495351683
HC,PB_32,TGACGGCCAGCTGGCT-1-1,PB,-0.0946372081459367
HC,PB_32,TGACGGCCATCGACGC-1,PB,0.34664738497748626
HC,PB_32,TGACTAGCACGTGAGA-1,PB,0.3079393119025532
HC,PB_32,TGACTAGGTGCGGTAA-1-1,PB,0.45902331580377626
HC,PB_32,TGACTTTGTGCGGTAA-1-1,PB,0.18220391442891806
HC,PB_32,TGAGGGAGTAGTAGTA-1,PB,-0.29792794834763775
HC,PB_32,TGATTTCCAGGGAGAG-1,PB,-0.29792794834763775
HC,PB_32,TGCACCTCAATCCGAT-1-1,PB,0.6113115169489165
HC,PB_32,TGCCAAAGTGCACCAC-1,PB,0.7720050156660329
HC,PB_32,TGCCAAAGTTAAGACA-1,PB,0.3145139249928007
HC,PB_32,TGCCCATAGATCGGGT-1,PB,-0.29792794834763775
HC,PB_32,TGCCCATCATGTTCCC-1,PB,-0.05563784992924109
HC,PB_32,TGCCCTATCCTTAATC-1,PB,-0.29792794834763775
HC,PB_32,TGCGGGTGTCTTCAAG-1-1,PB,0.35699680923597615
HC,PB_32,TGCGGGTTCATAACCG-1,PB,0.09728136156370744
HC,PB_32,TGCGTGGTCTTGACGA-1,PB,0.3489191357748882
HC,PB_32,TGCTACCCATAGGATA-1,PB,0.1912422450391223
HC,PB_32,TGCTACCTCGAGCCCA-1,PB,0.30312829256285134
HC,PB_32,TGGCTGGAGCAGCGTA-1-1,PB,-0.02679587926544055
HC,PB_32,TGGCTGGTCGGAATCT-1,PB,0.018269178425311554
HC,PB_32,TGGGAAGGTGTAACGG-1,PB,0.019328418734915025
HC,PB_32,TGGTTAGAGCATGGCA-1,PB,0.10937006453503915
HC,PB_32,TGGTTAGCAAACGTGG-1,PB,0.4778549726940615
HC,PB_32,TGTCCCACACGGTAGA-1,PB,0.1658265330254984
HC,PB_32,TGTGTTTGTAGGAGTC-1-1,PB,-0.14202678552256084
HC,PB_32,TGTTCCGGTAGAGGAA-1,PB,-0.13440926482532467
HC,PB_32,TGTTCCGTCCAAACAC-1,PB,0.1433407753924027
HC,PB_32,TGTTCCGTCCAATGGT-1,PB,0.1344993733235609
HC,PB_32,TGTTCCGTCTCCTATA-1,PB,0.13940248656311893
HC,PB_32,TTAACTCCACGTGAGA-1-1,PB,0.2917199092137
HC,PB_32,TTAACTCGTGCAACTT-1,PB,-0.29792794834763775
HC,PB_32,TTAACTCTCGTTTGCC-1,PB,0.6935249713813375
HC,PB_32,TTAGGACCATATACGC-1,PB,1.1800371520424129
HC,PB_32,TTAGGACTCTAACGGT-1,PB,-0.13377415152371605
HC,PB_32,TTAGGCATCAGGATCT-1,PB,-0.038206666143220616
HC,PB_32,TTAGTTCAGGATTCGG-1,PB,-0.16433882635512775
HC,PB_32,TTAGTTCAGGCGCTCT-1,PB,0.4692203504887397
HC,PB_32,TTAGTTCGTAATTGGA-1,PB,0.2113613167306196
HC,PB_32,TTAGTTCTCCACGAAT-1-1,PB,-0.1356012283496406
HC,PB_32,TTCCCAGCATGGGAAC-1,PB,-0.29792794834763775
HC,PB_32,TTCGGTCTCTGGTGTA-1,PB,0.19468222240727015
HC,PB_32,TTCTACATCACAATGC-1-2,PB,-0.1531296223624064
HC,PB_32,TTCTACATCTAACTTC-1,PB,0.2919635239432505
HC,PB_32,TTCTACATCTCCTATA-1-1,PB,0.31576543976453103
HC,PB_32,TTCTCAACATGGTAGG-1,PB,0.09224664152262488
HC,PB_32,TTCTTAGCACGGTTTA-1,PB,0.5698575575685021
HC,PB_32,TTGAACGCATCGGTTA-1,PB,0.7674624134451788
HC,PB_32,TTGAACGGTCCTCCAT-1-2,PB,-0.15057831859178403
HC,PB_32,TTGGAACCAGCGTAAG-1,PB,-0.29792794834763775
HC,PB_32,TTGGCAATCGCGATCG-1-1,PB,0.45001903941063365
HC,PB_32,TTGTAGGTCTGAGGGA-1-1,PB,-0.1876123635211184
HC,PB_32,TTTACTGCAGGACGTA-1-1,PB,-0.157835810873721
HC,PB_32,TTTATGCGTTGCGCAC-1,PB,0.16854172440028242
HC,PB_32,TTTGCGCGTAAGCACG-1,PB,-0.29792794834763775
HC,PB_32,TTTGGTTTCAACCAAC-1-1,PB,0.015480624558969017
HC,PB_32,TTTGTCAGTTTGCATG-1,PB,-0.008044115580907492
MS,MS19270_PB,GSM4104134_AAACCTGAGTGTCCAT-1,PB,0.06314765491906159
MS,MS19270_PB,GSM4104134_AAAGATGAGACGACGT-1,PB,-0.16279815630033692
MS,MS19270_PB,GSM4104134_AAAGATGAGGAGCGTT-1,PB,0.09832170880237302
MS,MS19270_PB,GSM4104134_AAAGATGGTCCGCTGA-1,PB,0.20058527220598618
MS,MS19270_PB,GSM4104134_AAAGCAATCAGTTGAC-1,PB,0.9626245535243578
MS,MS19270_PB,GSM4104134_AAAGTAGTCTACTTAC-1,PB,0.11343434699743604
MS,MS19270_PB,GSM4104134_AACCATGTCTGCTGCT-1,PB,-0.10402116144585939
MS,MS19270_PB,GSM4104134_AACCGCGTCCTTTACA-1,PB,0.08516111123010549
MS,MS19270_PB,GSM4104134_AACGTTGGTTCAGACT-1,PB,-0.29792794834763775
MS,MS19270_PB,GSM4104134_AACTCCCCAAGGTTCT-1,PB,-0.13870674509684314
MS,MS19270_PB,GSM4104134_AACTGGTCAAGAGGCT-1,PB,-0.29792794834763775
MS,MS19270_PB,GSM4104134_AACTTTCAGTACTTGC-1,PB,-0.29792794834763775
MS,MS19270_PB,GSM4104134_AACTTTCGTCGGCACT-1,PB,-0.29792794834763775
MS,MS19270_PB,GSM4104134_AAGACCTCATCCGCGA-1,PB,0.2381128996582666
MS,MS19270_PB,GSM4104134_AAGTCTGGTAGGGTAC-1,PB,-0.29792794834763775
MS,MS19270_PB,GSM4104134_ACACCAACACAAGCCC-1,PB,0.46986219474893925
MS,MS19270_PB,GSM4104134_ACACCCTTCACCAGGC-1,PB,-0.02783287680577499
MS,MS19270_PB,GSM4104134_ACACTGAGTTAAAGTG-1,PB,-0.29792794834763775
MS,MS19270_PB,GSM4104134_ACATCAGGTCATATGC-1,PB,-0.29792794834763775
MS,MS19270_PB,GSM4104134_ACCAGTACATTCCTGC-1,PB,0.2064540821160644
MS,MS19270_PB,GSM4104134_ACCGTAAAGGATATAC-1,PB,0.16961864356096187
MS,MS19270_PB,GSM4104134_ACCGTAAAGTCGTTTG-1,PB,-0.12415154472067559
MS,MS19270_PB,GSM4104134_ACGAGGAGTGAAGGCT-1,PB,-0.15172227063116142
MS,MS19270_PB,GSM4104134_ACGCAGCTCGCGTAGC-1,PB,-0.21924568436992933
MS,MS19270_PB,GSM4104134_ACGGCCACAACAACCT-1,PB,0.4017835786328486
MS,MS19270_PB,GSM4104134_ACGGCCAGTGTAACGG-1,PB,-0.29792794834763775
MS,MS19270_PB,GSM4104134_ACGGGCTGTCGAATCT-1,PB,-0.29792794834763775
MS,MS19270_PB,GSM4104134_ACTATCTTCAAGAAGT-1,PB,0.19728290615908078
MS,MS19270_PB,GSM4104134_ACTGAGTCAGATGGCA-1,PB,-0.1690777288031823
MS,MS19270_PB,GSM4104134_ACTGATGGTATGCTTG-1,PB,0.1471471260942025
MS,MS19270_PB,GSM4104134_ACTGATGTCAGTTCGA-1,PB,0.0953321492414245
MS,MS19270_PB,GSM4104134_ACTGTCCTCGCTTAGA-1,PB,0.4223124175668692
MS,MS19270_PB,GSM4104134_AGAATAGGTCGAGTTT-1,PB,-0.18277140650960153
MS,MS19270_PB,GSM4104134_AGAGCTTAGAGTTGGC-1,PB,-0.29792794834763775
MS,MS19270_PB,GSM4104134_AGAGTGGAGGCATGGT-1,PB,-0.07695463643059076
MS,MS19270_PB,GSM4104134_AGATCTGAGTTAACGA-1,PB,0.05699753460641606
MS,MS19270_PB,GSM4104134_AGATCTGAGTTACCCA-1,PB,-0.29792794834763775
MS,MS19270_PB,GSM4104134_AGCAGCCTCACAATGC-1,PB,-0.29792794834763775
MS,MS19270_PB,GSM4104134_AGCATACAGAGCCCAA-1,PB,-0.29792794834763775
MS,MS19270_PB,GSM4104134_AGCCTAATCAGCTTAG-1,PB,0.4247279472815904
MS,MS19270_PB,GSM4104134_AGCGTATTCACTTCAT-1,PB,0.5958057783625189
MS,MS19270_PB,GSM4104134_AGCGTCGTCAGTACGT-1,PB,0.09953493938758948
MS,MS19270_PB,GSM4104134_AGCTCCTGTCGCTTCT-1,PB,-0.29792794834763775
MS,MS19270_PB,GSM4104134_AGCTCCTTCACGCGGT-1,PB,-0.29792794834763775
MS,MS19270_PB,GSM4104134_AGCTTGAAGCGTGTCC-1,PB,0.5734548651632424
MS,MS19270_PB,GSM4104134_AGCTTGAAGCTGGAAC-1,PB,-0.29792794834763775
MS,MS19270_PB,GSM4104134_AGGCCACGTTTAGGAA-1,PB,-0.20124221691474978
MS,MS19270_PB,GSM4104134_AGGGAGTTCGATAGAA-1,PB,-0.29792794834763775
MS,MS19270_PB,GSM4104134_AGGGATGAGATAGGAG-1,PB,-0.06324690522900323
MS,MS19270_PB,GSM4104134_AGGGTGATCTTCAACT-1,PB,0.013009251762511522
MS,MS19270_PB,GSM4104134_AGGTCATGTTCGCGAC-1,PB,0.8401588636961739
MS,MS19270_PB,GSM4104134_AGGTCATTCTAAGCCA-1,PB,-0.29792794834763775
MS,MS19270_PB,GSM4104134_AGGTCCGTCTTGCCGT-1,PB,-0.29792794834763775
MS,MS19270_PB,GSM4104134_AGTGAGGTCGTTTAGG-1,PB,0.11808064122962193
MS,MS19270_PB,GSM4104134_AGTTGGTAGGGTATCG-1,PB,0.5401227111679184
MS,MS19270_PB,GSM4104134_ATAGACCAGGGCTCTC-1,PB,-0.016194314356172666
MS,MS19270_PB,GSM4104134_ATAGACCCATGAAGTA-1,PB,0.11616441132941582
MS,MS19270_PB,GSM4104134_ATAGACCTCTCTAGGA-1,PB,0.17093318774720986
MS,MS19270_PB,GSM4104134_ATCCACCAGCTGTCTA-1,PB,-0.29792794834763775
MS,MS19270_PB,GSM4104134_ATCTACTGTAGGCTGA-1,PB,0.03680426652115572
MS,MS19270_PB,GSM4104134_ATCTACTTCGAGAACG-1,PB,-0.1568633396341681
MS,MS19270_PB,GSM4104134_ATCTGCCGTCATGCCG-1,PB,0.011894294826557081
MS,MS19270_PB,GSM4104134_ATGCGATGTTATCACG-1,PB,0.1220503774928865
MS,MS19270_PB,GSM4104134_ATTACTCGTGTCGCTG-1,PB,-0.008899663649995306
MS,MS19270_PB,GSM4104134_ATTGGACAGCCCTAAT-1,PB,-0.1485644700202308
MS,MS19270_PB,GSM4104134_ATTGGACAGTCGTACT-1,PB,-0.17858937093930463
MS,MS19270_PB,GSM4104134_CAACCTCAGCACAGGT-1,PB,0.22382670304901073
MS,MS19270_PB,GSM4104134_CAACCTCCACTCTGTC-1,PB,-0.18472997552594597
MS,MS19270_PB,GSM4104134_CAAGATCCATCTATGG-1,PB,0.11688795550776455
MS,MS19270_PB,GSM4104134_CAAGTTGTCCTGTACC-1,PB,0.2512551708247411
MS,MS19270_PB,GSM4104134_CAAGTTGTCTTTACGT-1,PB,-0.10953096123793292
MS,MS19270_PB,GSM4104134_CACACCTCACCTCGTT-1,PB,0.07866565089504284
MS,MS19270_PB,GSM4104134_CACACCTGTCCGACGT-1,PB,0.0014861686791536322
MS,MS19270_PB,GSM4104134_CACACTCCAAGTCTAC-1,PB,0.571269855087555
MS,MS19270_PB,GSM4104134_CACACTCTCTAACCGA-1,PB,0.5668330147027503
MS,MS19270_PB,GSM4104134_CACAGGCGTCACCTAA-1,PB,-0.20846573381368586
MS,MS19270_PB,GSM4104134_CACATAGCAATCCAAC-1,PB,0.04584930478852846
MS,MS19270_PB,GSM4104134_CACCTTGCACTTGGAT-1,PB,0.20408533251881217
MS,MS19270_PB,GSM4104134_CACCTTGTCCGAAGAG-1,PB,0.0397438686401237
MS,MS19270_PB,GSM4104134_CAGAATCCATCGATGT-1,PB,-0.04809357166805938
MS,MS19270_PB,GSM4104134_CAGAATCGTGAAAGAG-1,PB,-0.10695175192643389
MS,MS19270_PB,GSM4104134_CAGAATCGTGCCTTGG-1,PB,-0.29792794834763775
MS,MS19270_PB,GSM4104134_CAGAATCTCACCTTAT-1,PB,-0.20316342020883366
MS,MS19270_PB,GSM4104134_CAGATCACAATAACGA-1,PB,-0.0055937120751573055
MS,MS19270_PB,GSM4104134_CAGATCACATACTCTT-1,PB,-0.052790361396391663
MS,MS19270_PB,GSM4104134_CAGCAGCAGCCTATGT-1,PB,-0.29792794834763775
MS,MS19270_PB,GSM4104134_CAGCGACCATGACGGA-1,PB,0.3139039445928263
MS,MS19270_PB,GSM4104134_CAGCGACTCACAAACC-1,PB,-0.29792794834763775
MS,MS19270_PB,GSM4104134_CAGCTAACATTGAGCT-1,PB,-0.29792794834763775
MS,MS19270_PB,GSM4104134_CAGCTGGAGCTGATAA-1,PB,0.030133843066662495
MS,MS19270_PB,GSM4104134_CAGTCCTGTTCAGTAC-1,PB,-0.29792794834763775
MS,MS19270_PB,GSM4104134_CAGTCCTTCGTCTGAA-1,PB,-0.16103514160068202
MS,MS19270_PB,GSM4104134_CATCAAGAGACTAGGC-1,PB,0.06251465757140814
MS,MS19270_PB,GSM4104134_CATCCACTCGTAGATC-1,PB,1.1004802570611771
MS,MS19270_PB,GSM4104134_CATGACAAGACCTTTG-1,PB,-0.29792794834763775
MS,MS19270_PB,GSM4104134_CATGACACATGGAATA-1,PB,0.24481460389268503
MS,MS19270_PB,GSM4104134_CATGCCTGTTTCCACC-1,PB,-0.1858448552842425
MS,MS19270_PB,GSM4104134_CATGGCGGTGGCTCCA-1,PB,-0.29792794834763775
MS,MS19270_PB,GSM4104134_CCAATCCGTGAACCTT-1,PB,-0.1493108093578129
MS,MS19270_PB,GSM4104134_CCAATCCTCTATCGCC-1,PB,-0.011671609984578248
MS,MS19270_PB,GSM4104134_CCACCTATCTCCAGGG-1,PB,-0.29792794834763775
MS,MS19270_PB,GSM4104134_CCACTACAGCGTTTAC-1,PB,-0.22542665037031195
MS,MS19270_PB,GSM4104134_CCACTACCAGGATCGA-1,PB,-0.02125375064909411
MS,MS19270_PB,GSM4104134_CCACTACCATCGACGC-1,PB,-0.29792794834763775
MS,MS19270_PB,GSM4104134_CCACTACTCTGCGTAA-1,PB,0.003966884204147115
MS,MS19270_PB,GSM4104134_CCAGCGAAGTCTCAAC-1,PB,-0.29792794834763775
MS,MS19270_PB,GSM4104134_CCAGCGATCTGTCTCG-1,PB,0.10485792309220472
MS,MS19270_PB,GSM4104134_CCATGTCTCTGCGACG-1,PB,-0.16120020621179817
MS,MS19270_PB,GSM4104134_CCATTCGAGCGTAATA-1,PB,0.28941574410517773
MS,MS19270_PB,GSM4104134_CCATTCGCATACAGCT-1,PB,0.09748118799849569
MS,MS19270_PB,GSM4104134_CCATTCGTCTTGCCGT-1,PB,-0.29792794834763775
MS,MS19270_PB,GSM4104134_CCCAATCCAGTTCATG-1,PB,-0.1133711415518829
MS,MS19270_PB,GSM4104134_CCGGGATCACATCTTT-1,PB,-0.29792794834763775
MS,MS19270_PB,GSM4104134_CCGGGATGTGATGCCC-1,PB,0.21576305190571357
MS,MS19270_PB,GSM4104134_CCGTACTAGTGGGATC-1,PB,0.09700233149618977
MS,MS19270_PB,GSM4104134_CCGTTCATCTCAAGTG-1,PB,0.2428561780823591
MS,MS19270_PB,GSM4104134_CCTACACCATGTTGAC-1,PB,0.08605526962747209
MS,MS19270_PB,GSM4104134_CCTACCACAGCCAGAA-1,PB,-0.29792794834763775
MS,MS19270_PB,GSM4104134_CCTACCAGTATAGGTA-1,PB,0.1057520813224067
MS,MS19270_PB,GSM4104134_CCTAGCTCACCCATTC-1,PB,0.12278470185628167
MS,MS19270_PB,GSM4104134_CCTATTATCCTGCTTG-1,PB,1.0032144470429964
MS,MS19270_PB,GSM4104134_CCTCTGAAGTATCGAA-1,PB,-0.08958212956214363
MS,MS19270_PB,GSM4104134_CCTTTCTCACGCCAGT-1,PB,0.16831941735474434
MS,MS19270_PB,GSM4104134_CGAACATTCATTTGGG-1,PB,0.0006047365052550546
MS,MS19270_PB,GSM4104134_CGACTTCCACGAAGCA-1,PB,-0.1405840182843145
MS,MS19270_PB,GSM4104134_CGACTTCCACGCGAAA-1,PB,-0.29792794834763775
MS,MS19270_PB,GSM4104134_CGAGCCAGTGCAACGA-1,PB,0.1759928582116474
MS,MS19270_PB,GSM4104134_CGATCGGGTTTGACTG-1,PB,0.13623357330760563
MS,MS19270_PB,GSM4104134_CGATGGCCAGCGTCCA-1,PB,-0.29792794834763775
MS,MS19270_PB,GSM4104134_CGATGTAAGCTGCCCA-1,PB,-0.09574284686050515
MS,MS19270_PB,GSM4104134_CGATTGAGTCATTAGC-1,PB,0.25357809583404667
MS,MS19270_PB,GSM4104134_CGCCAAGAGGTGACCA-1,PB,-0.09279692873245482
MS,MS19270_PB,GSM4104134_CGCCAAGCAAAGCGGT-1,PB,-0.29792794834763775
MS,MS19270_PB,GSM4104134_CGCGGTAAGTGCGTGA-1,PB,-0.11291016217617698
MS,MS19270_PB,GSM4104134_CGCGGTAGTCTCCATC-1,PB,-0.09604868029722444
MS,MS19270_PB,GSM4104134_CGCGGTATCAGTCAGT-1,PB,-0.29792794834763775
MS,MS19270_PB,GSM4104134_CGCGTTTAGTGTCCCG-1,PB,0.0970683439274165
MS,MS19270_PB,GSM4104134_CGCTGGAAGATGGCGT-1,PB,0.07163135301431287
MS,MS19270_PB,GSM4104134_CGGCTAGTCTGCCAGG-1,PB,-0.29792794834763775
MS,MS19270_PB,GSM4104134_CGGGTCAAGACGACGT-1,PB,-0.29792794834763775
MS,MS19270_PB,GSM4104134_CGGTTAAGTACATGTC-1,PB,0.19768601153370155
MS,MS19270_PB,GSM4104134_CGTCCATAGTCGCCGT-1,PB,-0.1596969621952038
MS,MS19270_PB,GSM4104134_CGTGAGCAGTACGACG-1,PB,0.132196143930044
MS,MS19270_PB,GSM4104134_CGTGAGCTCATAACCG-1,PB,-0.11534427208343807
MS,MS19270_PB,GSM4104134_CGTGTAAAGTTAACGA-1,PB,-0.18249575263009987
MS,MS19270_PB,GSM4104134_CGTGTCTTCAACGCTA-1,PB,-0.20012863394907407
MS,MS19270_PB,GSM4104134_CGTTAGAGTGAAGGCT-1,PB,0.35251168182664194
MS,MS19270_PB,GSM4104134_CGTTAGAGTTCCCTTG-1,PB,-0.29792794834763775
MS,MS19270_PB,GSM4104134_CGTTGGGAGACAAAGG-1,PB,-0.14035000250586302
MS,MS19270_PB,GSM4104134_CGTTGGGGTTGTTTGG-1,PB,-0.29792794834763775
MS,MS19270_PB,GSM4104134_CTAAGACAGCTGAAAT-1,PB,0.39329970543839016
MS,MS19270_PB,GSM4104134_CTAATGGGTAGCGATG-1,PB,-0.29792794834763775
MS,MS19270_PB,GSM4104134_CTACACCCACGAAGCA-1,PB,0.011257830685485273
MS,MS19270_PB,GSM4104134_CTACACCGTCACTGGC-1,PB,-0.13277680396882238
MS,MS19270_PB,GSM4104134_CTAGAGTAGACCACGA-1,PB,0.9287012559130607
MS,MS19270_PB,GSM4104134_CTAGAGTCACTGTCGG-1,PB,-0.16639139775749826
MS,MS19270_PB,GSM4104134_CTCACACCATGCGCAC-1,PB,-0.06808542949777406
MS,MS19270_PB,GSM4104134_CTCAGAACAGCTGGCT-1,PB,0.09062426163258734
MS,MS19270_PB,GSM4104134_CTCATTACACCGTTGG-1,PB,0.023367701703859513
MS,MS19270_PB,GSM4104134_CTCATTAGTATATCCG-1,PB,-0.17373163604496478
MS,MS19270_PB,GSM4104134_CTCGAAAAGACATAAC-1,PB,0.3065742069543326
MS,MS19270_PB,GSM4104134_CTCGAGGGTATAGGTA-1,PB,-0.29792794834763775
MS,MS19270_PB,GSM4104134_CTCGGGAAGAGGTAGA-1,PB,0.2052369271424053
MS,MS19270_PB,GSM4104134_CTCGGGATCTTAGCCC-1,PB,-0.09697239991839979
MS,MS19270_PB,GSM4104134_CTCGTACCATGCAATC-1,PB,0.5991971016844105
MS,MS19270_PB,GSM4104134_CTCGTCAAGAGCTGCA-1,PB,-0.08542207915046496
MS,MS19270_PB,GSM4104134_CTCTACGTCCACGAAT-1,PB,-0.14974747662807264
MS,MS19270_PB,GSM4104134_CTCTGGTTCTGCGACG-1,PB,-0.29792794834763775
MS,MS19270_PB,GSM4104134_CTGAAGTCATTGGTAC-1,PB,0.16642802583381475
MS,MS19270_PB,GSM4104134_CTGCCTAAGGCCATAG-1,PB,0.1988640310808681
MS,MS19270_PB,GSM4104134_CTGCGGAGTTGAGGTG-1,PB,0.020924722076497933
MS,MS19270_PB,GSM4104134_CTTAACTGTAGCGATG-1,PB,-0.16674071749998767
MS,MS19270_PB,GSM4104134_CTTAACTGTAGCGTAG-1,PB,0.25564514932954974
MS,MS19270_PB,GSM4104134_CTTACCGGTGTGGCTC-1,PB,-0.10271606533119623
MS,MS19270_PB,GSM4104134_CTTAGGACACCAACCG-1,PB,-0.29792794834763775
MS,MS19270_PB,GSM4104134_CTTCTCTTCTGTCTCG-1,PB,-0.29792794834763775
MS,MS19270_PB,GSM4104134_CTTGGCTAGCTCCCAG-1,PB,-0.29792794834763775
MS,MS19270_PB,GSM4104134_CTTGGCTAGGGCTTGA-1,PB,0.3270606157222031
MS,MS19270_PB,GSM4104134_CTTGGCTAGTCAAGGC-1,PB,0.24780245592842992
MS,MS19270_PB,GSM4104134_CTTTGCGCATTAGGCT-1,PB,-0.29792794834763775
MS,MS19270_PB,GSM4104134_GAAACTCAGGCCCTCA-1,PB,-0.29792794834763775
MS,MS19270_PB,GSM4104134_GAAATGACAGCTGTAT-1,PB,-0.10677552972622285
MS,MS19270_PB,GSM4104134_GAACATCCAGCTATTG-1,PB,0.02581324199402672
MS,MS19270_PB,GSM4104134_GAACCTACACAGACAG-1,PB,0.06850959672932735
MS,MS19270_PB,GSM4104134_GAAGCAGAGTTTGCGT-1,PB,-0.15875836581209204
MS,MS19270_PB,GSM4104134_GAAGCAGCAACACCTA-1,PB,-0.12321206370383797
MS,MS19270_PB,GSM4104134_GAAGCAGCACGCCAGT-1,PB,-0.0374253246255562
MS,MS19270_PB,GSM4104134_GAAGCAGGTAAATACG-1,PB,-0.29792794834763775
MS,MS19270_PB,GSM4104134_GAAGCAGTCTGGTGTA-1,PB,-0.09842563197151653
MS,MS19270_PB,GSM4104134_GAATAAGAGCTAGGCA-1,PB,-0.10556250753193457
MS,MS19270_PB,GSM4104134_GAATGAACAGCTCGCA-1,PB,0.1739083285869391
MS,MS19270_PB,GSM4104134_GAATGAAGTCTAGTCA-1,PB,-0.29792794834763775
MS,MS19270_PB,GSM4104134_GAATGAAGTTCCGGCA-1,PB,0.06816243598105193
MS,MS19270_PB,GSM4104134_GAATGAATCATGGTCA-1,PB,-0.03837018547081254
MS,MS19270_PB,GSM4104134_GACACGCCATGACGGA-1,PB,0.16042863921846928
MS,MS19270_PB,GSM4104134_GACAGAGGTCATATGC-1,PB,-0.17131823460901302
MS,MS19270_PB,GSM4104134_GACAGAGGTTATCCGA-1,PB,-0.29792794834763775
MS,MS19270_PB,GSM4104134_GACCAATTCGGAGCAA-1,PB,-0.29792794834763775
MS,MS19270_PB,GSM4104134_GACCAATTCGGATGTT-1,PB,-0.29792794834763775
MS,MS19270_PB,GSM4104134_GACCTGGAGATGTCGG-1,PB,-0.29792794834763775
MS,MS19270_PB,GSM4104134_GACCTGGGTCGCGGTT-1,PB,-0.2005024061596446
MS,MS19270_PB,GSM4104134_GACGGCTTCCTTTACA-1,PB,0.5863320494524412
MS,MS19270_PB,GSM4104134_GACGTGCAGAAGAAGC-1,PB,0.7640134315928933
MS,MS19270_PB,GSM4104134_GACGTGCTCAGCGATT-1,PB,-0.29792794834763775
MS,MS19270_PB,GSM4104134_GACGTTACAACTGGCC-1,PB,0.5435094417548321
MS,MS19270_PB,GSM4104134_GACTAACAGGAACTGC-1,PB,0.06241420331433845
MS,MS19270_PB,GSM4104134_GACTGCGAGGCCGAAT-1,PB,0.335911070092369
MS,MS19270_PB,GSM4104134_GAGGTGAGTGAGCGAT-1,PB,-0.1509074224431069
MS,MS19270_PB,GSM4104134_GAGTCCGCAGACACTT-1,PB,0.3327542806472735
MS,MS19270_PB,GSM4104134_GATCAGTTCAACCATG-1,PB,-0.14070069946222105
MS,MS19270_PB,GSM4104134_GATCGATTCTTCCTTC-1,PB,-0.10049797686638019
MS,MS19270_PB,GSM4104134_GATCGCGGTAGGACAC-1,PB,-0.09120772445461471
MS,MS19270_PB,GSM4104134_GATCTAGTCAGTGTTG-1,PB,0.4636182341120266
MS,MS19270_PB,GSM4104134_GATGCTAAGCGATTCT-1,PB,-0.03809781282695085
MS,MS19270_PB,GSM4104134_GATGCTAGTAGAGCTG-1,PB,-0.29792794834763775
MS,MS19270_PB,GSM4104134_GATTCAGTCCCAAGAT-1,PB,0.689741447897679
MS,MS19270_PB,GSM4104134_GCAAACTAGTATGACA-1,PB,-0.29792794834763775
MS,MS19270_PB,GSM4104134_GCAAACTGTCGTCTTC-1,PB,-0.15369576784162936
MS,MS19270_PB,GSM4104134_GCAAACTGTCTGGTCG-1,PB,-0.025429036145522783
MS,MS19270_PB,GSM4104134_GCACATAAGCCCAACC-1,PB,-0.29792794834763775
MS,MS19270_PB,GSM4104134_GCACTCTAGAATAGGG-1,PB,-0.06966940121472585
MS,MS19270_PB,GSM4104134_GCAGTTAAGAGTCGGT-1,PB,0.28277770542637837
MS,MS19270_PB,GSM4104134_GCATGATCAATTCCTT-1,PB,0.1761035876696717
MS,MS19270_PB,GSM4104134_GCATGTACATGCCCGA-1,PB,-0.29792794834763775
MS,MS19270_PB,GSM4104134_GCATGTATCGTGACAT-1,PB,-0.29792794834763775
MS,MS19270_PB,GSM4104134_GCCAAATGTATCAGTC-1,PB,-0.29792794834763775
MS,MS19270_PB,GSM4104134_GCCAAATTCTCCGGTT-1,PB,-0.29792794834763775
MS,MS19270_PB,GSM4104134_GCGAGAAAGATCGATA-1,PB,-0.0203035144036341
MS,MS19270_PB,GSM4104134_GCGCAACCATGACATC-1,PB,-0.13428432701962084
MS,MS19270_PB,GSM4104134_GCGCAGTAGAGCTTCT-1,PB,-0.07874029495787756
MS,MS19270_PB,GSM4104134_GCGCAGTGTCCAAGTT-1,PB,-0.14876894104277058
MS,MS19270_PB,GSM4104134_GCTGCAGGTGGTTTCA-1,PB,0.47705853466492115
MS,MS19270_PB,GSM4104134_GCTGCAGGTGTTCGAT-1,PB,-0.29792794834763775
MS,MS19270_PB,GSM4104134_GCTGCGAGTCTAGGTT-1,PB,0.008986677999960582
MS,MS19270_PB,GSM4104134_GCTGGGTAGTGAACGC-1,PB,0.0045935179715540665
MS,MS19270_PB,GSM4104134_GCTGGGTTCACGATGT-1,PB,-0.29792794834763775
MS,MS19270_PB,GSM4104134_GCTTCCAGTCGCGTGT-1,PB,-0.29792794834763775
MS,MS19270_PB,GSM4104134_GCTTCCAGTGGAAAGA-1,PB,0.021785181025709446
MS,MS19270_PB,GSM4104134_GGAACTTCATCCGGGT-1,PB,0.58245894753035
MS,MS19270_PB,GSM4104134_GGAATAACATGGTCAT-1,PB,-0.29792794834763775
MS,MS19270_PB,GSM4104134_GGACAGACAGGAATGC-1,PB,-0.11392777243525545
MS,MS19270_PB,GSM4104134_GGAGCAAGTTTAGGAA-1,PB,0.06117799968254887
MS,MS19270_PB,GSM4104134_GGATGTTGTGTGACGA-1,PB,-0.29792794834763775
MS,MS19270_PB,GSM4104134_GGATTACCACCATGTA-1,PB,0.1991733022502077
MS,MS19270_PB,GSM4104134_GGATTACCACCTATCC-1,PB,0.18950534629733182
MS,MS19270_PB,GSM4104134_GGATTACCATTGGGCC-1,PB,-0.17809027747391237
MS,MS19270_PB,GSM4104134_GGATTACTCTCTGTCG-1,PB,-0.29792794834763775
MS,MS19270_PB,GSM4104134_GGCAATTCATCTATGG-1,PB,0.2196964033140043
MS,MS19270_PB,GSM4104134_GGCCGATCACTTACGA-1,PB,0.03718263045243163
MS,MS19270_PB,GSM4104134_GGCCGATGTCTGGAGA-1,PB,0.5737103550806467
MS,MS19270_PB,GSM4104134_GGCGACTGTGGGTCAA-1,PB,-0.15789150518202075
MS,MS19270_PB,GSM4104134_GGCTGGTTCTCCCTGA-1,PB,-0.017426673465405464
MS,MS19270_PB,GSM4104134_GGGAATGAGAACAATC-1,PB,-0.007071320846257203
MS,MS19270_PB,GSM4104134_GGGACCTCAAATTGCC-1,PB,-0.29792794834763775
MS,MS19270_PB,GSM4104134_GGGACCTGTTCGTCTC-1,PB,-0.29792794834763775
MS,MS19270_PB,GSM4104134_GGGACCTTCGCCAAAT-1,PB,-0.14811902678130456
MS,MS19270_PB,GSM4104134_GGGAGATCAATAAGCA-1,PB,0.22737824349209873
MS,MS19270_PB,GSM4104134_GGGTCTGGTTCAACCA-1,PB,0.1963075077975669
MS,MS19270_PB,GSM4104134_GGTATTGGTCTCAACA-1,PB,-0.29792794834763775
MS,MS19270_PB,GSM4104134_GGTGTTAGTTAAAGTG-1,PB,0.03387456630366815
MS,MS19270_PB,GSM4104134_GTAACGTGTCATATCG-1,PB,0.5716438240941504
MS,MS19270_PB,GSM4104134_GTAACTGGTACAAGTA-1,PB,-0.21202303702573513
MS,MS19270_PB,GSM4104134_GTACGTAAGAAAGTGG-1,PB,-0.29792794834763775
MS,MS19270_PB,GSM4104134_GTACGTAGTTCAACCA-1,PB,-0.15057831859178403
MS,MS19270_PB,GSM4104134_GTACGTAGTTCACGGC-1,PB,-0.15047923961449042
MS,MS19270_PB,GSM4104134_GTACTCCGTGTGCCTG-1,PB,-0.17120380522604497
MS,MS19270_PB,GSM4104134_GTAGGCCGTGACCAAG-1,PB,-0.29792794834763775
MS,MS19270_PB,GSM4104134_GTAGTCATCTTGCAAG-1,PB,-0.29792794834763775
MS,MS19270_PB,GSM4104134_GTATCTTAGTGAACAT-1,PB,0.4223124175668692
MS,MS19270_PB,GSM4104134_GTATCTTGTAAATGTG-1,PB,-0.29792794834763775
MS,MS19270_PB,GSM4104134_GTCAAGTTCTATCGCC-1,PB,-0.07391460591330616
MS,MS19270_PB,GSM4104134_GTCACAACACCTATCC-1,PB,-0.183477364356277
MS,MS19270_PB,GSM4104134_GTCACAAGTAATCACC-1,PB,-0.15297138350469755
MS,MS19270_PB,GSM4104134_GTCATTTCATATACGC-1,PB,-0.29792794834763775
MS,MS19270_PB,GSM4104134_GTGCATAGTGGTCCGT-1,PB,-0.1650998827810579
MS,MS19270_PB,GSM4104134_GTGCTTCCAGCTGCTG-1,PB,-0.29792794834763775
MS,MS19270_PB,GSM4104134_GTGTGCGAGTGCTGCC-1,PB,0.14772920335798437
MS,MS19270_PB,GSM4104134_GTGTGCGCAATCACAC-1,PB,0.11784805272861111
MS,MS19270_PB,GSM4104134_GTGTTAGAGCCCAGCT-1,PB,-0.29792794834763775
MS,MS19270_PB,GSM4104134_GTTAAGCCACTGTCGG-1,PB,-0.13137231724453038
MS,MS19270_PB,GSM4104134_GTTCGGGGTGGTGTAG-1,PB,-0.08090328962795033
MS,MS19270_PB,GSM4104134_GTTCTCGTCCAAGTAC-1,PB,-0.29792794834763775
MS,MS19270_PB,GSM4104134_GTTTCTAAGGCCCTCA-1,PB,0.33284722206056333
MS,MS19270_PB,GSM4104134_TAAACCGGTCTGATTG-1,PB,-0.15961227862126698
MS,MS19270_PB,GSM4104134_TAAGAGAGTCCCTACT-1,PB,-0.29792794834763775
MS,MS19270_PB,GSM4104134_TACACGAAGGCTATCT-1,PB,0.003714239410571886
MS,MS19270_PB,GSM4104134_TACCTATCAGATAATG-1,PB,-0.110384854573907
MS,MS19270_PB,GSM4104134_TACCTATTCGGCCGAT-1,PB,0.16386628803660486
MS,MS19270_PB,GSM4104134_TACGGATTCCTAGTGA-1,PB,-0.13462208528224012
MS,MS19270_PB,GSM4104134_TACGGGCCAAGGTGTG-1,PB,0.2484033018109893
MS,MS19270_PB,GSM4104134_TACGGGCTCCCAAGTA-1,PB,-0.29792794834763775
MS,MS19270_PB,GSM4104134_TACTCATCAAGACACG-1,PB,0.5157916901593425
MS,MS19270_PB,GSM4104134_TAGGCATCACCACGTG-1,PB,-0.29792794834763775
MS,MS19270_PB,GSM4104134_TAGTTGGCAGGACCCT-1,PB,-0.09658645701258577
MS,MS19270_PB,GSM4104134_TATCAGGTCATTCACT-1,PB,-0.10991827059946446
MS,MS19270_PB,GSM4104134_TATCTCAAGGATGGTC-1,PB,0.2600600123156716
MS,MS19270_PB,GSM4104134_TATCTCACATGCAACT-1,PB,0.03475060783356516
MS,MS19270_PB,GSM4104134_TATGCCCTCTGCGGCA-1,PB,-0.29792794834763775
MS,MS19270_PB,GSM4104134_TCAACGAGTCTAGCGC-1,PB,0.05871541765140776
MS,MS19270_PB,GSM4104134_TCACAAGAGTTGTAGA-1,PB,-0.15832657407998038
MS,MS19270_PB,GSM4104134_TCAGATGAGCGATGAC-1,PB,-0.08113152515891356
MS,MS19270_PB,GSM4104134_TCAGATGTCACCGGGT-1,PB,0.1339891776881001
MS,MS19270_PB,GSM4104134_TCAGGATAGGAGTTGC-1,PB,-0.29792794834763775
MS,MS19270_PB,GSM4104134_TCAGGATGTCTCGTTC-1,PB,-0.29792794834763775
MS,MS19270_PB,GSM4104134_TCCCGATTCGGAGCAA-1,PB,-0.29792794834763775
MS,MS19270_PB,GSM4104134_TCGAGGCGTAAATACG-1,PB,-0.29792794834763775
MS,MS19270_PB,GSM4104134_TCGCGAGTCTTCCTTC-1,PB,-0.17023293981725215
MS,MS19270_PB,GSM4104134_TCGGTAACATTTGCCC-1,PB,0.30140631273643564
MS,MS19270_PB,GSM4104134_TCGTACCTCTGTTTGT-1,PB,0.27682378227147136
MS,MS19270_PB,GSM4104134_TCTATTGCACGTCAGC-1,PB,0.9403899213966805
MS,MS19270_PB,GSM4104134_TCTCTAAAGCAACGGT-1,PB,-0.09898272893089717
MS,MS19270_PB,GSM4104134_TGACAACGTTGTCTTT-1,PB,0.033340049711914364
MS,MS19270_PB,GSM4104134_TGACTAGGTAGAGCTG-1,PB,-0.17559876610255695
MS,MS19270_PB,GSM4104134_TGACTTTCAGGGATTG-1,PB,-0.29792794834763775
MS,MS19270_PB,GSM4104134_TGAGCATGTCTGATCA-1,PB,-0.09594072349535983
MS,MS19270_PB,GSM4104134_TGAGCCGAGATCTGAA-1,PB,-0.29792794834763775
MS,MS19270_PB,GSM4104134_TGAGCCGAGCCGTCGT-1,PB,-0.29792794834763775
MS,MS19270_PB,GSM4104134_TGAGGGAAGTGTTAGA-1,PB,-0.06259623609190482
MS,MS19270_PB,GSM4104134_TGAGGGATCTCCTATA-1,PB,0.21804260994079772
MS,MS19270_PB,GSM4104134_TGCACCTTCACTTACT-1,PB,-0.049867396720674625
MS,MS19270_PB,GSM4104134_TGCCAAATCTCAAACG-1,PB,-0.29792794834763775
MS,MS19270_PB,GSM4104134_TGCCCATCAGGAATGC-1,PB,-0.13159732584322792
MS,MS19270_PB,GSM4104134_TGCCCTATCGAATGCT-1,PB,0.06599280719814397
MS,MS19270_PB,GSM4104134_TGCGCAGAGCCCTAAT-1,PB,-0.041867033177264125
MS,MS19270_PB,GSM4104134_TGGCGCACATAAAGGT-1,PB,-0.16267165930566732
MS,MS19270_PB,GSM4104134_TGGCGCATCAATCACG-1,PB,-0.29792794834763775
MS,MS19270_PB,GSM4104134_TGGCGCATCAGCCTAA-1,PB,0.24291783539974135
MS,MS19270_PB,GSM4104134_TGGCGCATCCGCGTTT-1,PB,0.549618636228374
MS,MS19270_PB,GSM4104134_TGGGCGTTCGCCTGAG-1,PB,-0.1744907623609476
MS,MS19270_PB,GSM4104134_TGGTTCCCAGCTCGCA-1,PB,0.4261821428742327
MS,MS19270_PB,GSM4104134_TGTCCCAAGAGCTGCA-1,PB,-0.29792794834763775
MS,MS19270_PB,GSM4104134_TTAACTCCAGGAATGC-1,PB,-0.15217373541101692
MS,MS19270_PB,GSM4104134_TTAGGCAAGCGTTCCG-1,PB,-0.29792794834763775
MS,MS19270_PB,GSM4104134_TTCCCAGAGAGACTAT-1,PB,0.09902483715579218
MS,MS19270_PB,GSM4104134_TTCGGTCAGAGCTGGT-1,PB,0.0015081463982982157
MS,MS19270_PB,GSM4104134_TTCGGTCGTCATGCCG-1,PB,-0.048899331969154546
MS,MS19270_PB,GSM4104134_TTCTCAACAGCCAGAA-1,PB,0.7111949985764652
MS,MS19270_PB,GSM4104134_TTGAACGTCCTATGTT-1,PB,0.04451855505424178
MS,MS19270_PB,GSM4104134_TTGGAACAGCCTATGT-1,PB,-0.29792794834763775
MS,MS19270_PB,GSM4104134_TTTACTGCACTGAAGG-1,PB,-0.29792794834763775
MS,MS19270_PB,GSM4104134_TTTATGCAGTACGCGA-1,PB,-0.29792794834763775
MS,MS19270_PB,GSM4104134_TTTGGTTCAATAAGCA-1,PB,-0.16398704371192438
MS,MS49131_PB,GSM4104136_AAAGATGAGCGTTTAC-1,PB,-0.019901998044180302
MS,MS49131_PB,GSM4104136_AAAGCAATCACAATGC-1,PB,0.697497812359549
MS,MS49131_PB,GSM4104136_AAAGTAGCAATGGATA-1,PB,-0.18839498289411577
MS,MS49131_PB,GSM4104136_AACACGTGTACCTACA-1,PB,-0.176414639661521
MS,MS49131_PB,GSM4104136_AACCATGCATAACCTG-1,PB,0.2737787695140267
MS,MS49131_PB,GSM4104136_AACCATGTCTGTACGA-1,PB,-0.29792794834763775
MS,MS49131_PB,GSM4104136_AACGTTGCATAAAGGT-1,PB,-0.29792794834763775
MS,MS49131_PB,GSM4104136_AACGTTGTCGATAGAA-1,PB,-0.29792794834763775
MS,MS49131_PB,GSM4104136_AACTCCCTCGCGTTTC-1,PB,0.765650304517145
MS,MS49131_PB,GSM4104136_AACTGGTCAATGGAAT-1,PB,-0.13134976913717755
MS,MS49131_PB,GSM4104136_AAGACCTCAACACCTA-1,PB,-0.06192355311747686
MS,MS49131_PB,GSM4104136_AAGGCAGGTCTAAACC-1,PB,0.7233202711627603
MS,MS49131_PB,GSM4104136_AAGTCTGAGGCTCTTA-1,PB,-0.08725936287246615
MS,MS49131_PB,GSM4104136_AATCGGTCACCCAGTG-1,PB,0.5751311564432661
MS,MS49131_PB,GSM4104136_AATCGGTCATGTTGAC-1,PB,-0.038092710062202516
MS,MS49131_PB,GSM4104136_ACACCCTAGTGAAGAG-1,PB,-0.0050806649363964885
MS,MS49131_PB,GSM4104136_ACACCCTCATCAGTCA-1,PB,0.08566480114996976
MS,MS49131_PB,GSM4104136_ACACCCTGTTCTGGTA-1,PB,0.3453301435037891
MS,MS49131_PB,GSM4104136_ACACCGGAGTGGTAAT-1,PB,-0.29792794834763775
MS,MS49131_PB,GSM4104136_ACACTGAGTTGAGTTC-1,PB,-0.29792794834763775
MS,MS49131_PB,GSM4104136_ACACTGATCTCATTCA-1,PB,0.4426353090064762
MS,MS49131_PB,GSM4104136_ACATACGGTTACGACT-1,PB,-0.29792794834763775
MS,MS49131_PB,GSM4104136_ACCAGTAGTCCGAAGA-1,PB,0.1506368801328013
MS,MS49131_PB,GSM4104136_ACCAGTATCGAGAGCA-1,PB,0.35940967525682377
MS,MS49131_PB,GSM4104136_ACCGTAAGTCTCGTTC-1,PB,-0.29792794834763775
MS,MS49131_PB,GSM4104136_ACCTTTAAGCAGCGTA-1,PB,-0.17412340815363833
MS,MS49131_PB,GSM4104136_ACGAGGAAGGACTGGT-1,PB,-0.29792794834763775
MS,MS49131_PB,GSM4104136_ACGAGGAGTACAGTTC-1,PB,-0.29792794834763775
MS,MS49131_PB,GSM4104136_ACGATACGTACCGAGA-1,PB,-0.000529482432976458
MS,MS49131_PB,GSM4104136_ACGCAGCAGGCTAGGT-1,PB,-0.17756422118824458
MS,MS49131_PB,GSM4104136_ACGCAGCAGTCTTGCA-1,PB,-0.13503939770751533
MS,MS49131_PB,GSM4104136_ACGCAGCGTTCGGCAC-1,PB,1.0723011443493018
MS,MS49131_PB,GSM4104136_ACGCAGCTCTCCTATA-1,PB,0.31041896897264104
MS,MS49131_PB,GSM4104136_ACGGCCACAGCTGGCT-1,PB,0.03804558283370959
MS,MS49131_PB,GSM4104136_ACGGCCACATACTACG-1,PB,-0.05201426849520322
MS,MS49131_PB,GSM4104136_ACGGGCTTCACATACG-1,PB,0.4572988973829911
MS,MS49131_PB,GSM4104136_ACGGGCTTCATCTGTT-1,PB,-0.18824767127345216
MS,MS49131_PB,GSM4104136_ACGGGCTTCTGCGGCA-1,PB,0.09820235126756713
MS,MS49131_PB,GSM4104136_ACGTCAAGTGATAAGT-1,PB,-0.29792794834763775
MS,MS49131_PB,GSM4104136_ACTATCTGTCGTGGCT-1,PB,-0.29792794834763775
MS,MS49131_PB,GSM4104136_ACTGAACAGCTAGTCT-1,PB,0.11559285086897549
MS,MS49131_PB,GSM4104136_ACTGAGTAGCTAAACA-1,PB,-0.06453578405361672
MS,MS49131_PB,GSM4104136_ACTGATGCAACTTGAC-1,PB,-0.29792794834763775
MS,MS49131_PB,GSM4104136_ACTGCTCAGGCTAGGT-1,PB,0.013181135558959374
MS,MS49131_PB,GSM4104136_ACTGCTCGTCATGCAT-1,PB,-0.29792794834763775
MS,MS49131_PB,GSM4104136_ACTGTCCAGCTCTCGG-1,PB,-0.16718658295046487
MS,MS49131_PB,GSM4104136_ACTTGTTTCGCAGGCT-1,PB,-0.29792794834763775
MS,MS49131_PB,GSM4104136_ACTTGTTTCGTGGTCG-1,PB,0.2049300516752836
MS,MS49131_PB,GSM4104136_AGAGTGGCAAGGTTTC-1,PB,0.31433055980427643
MS,MS49131_PB,GSM4104136_AGATCTGAGAAACCGC-1,PB,-0.17610235390364495
MS,MS49131_PB,GSM4104136_AGCATACCAGCATACT-1,PB,0.12582303822427696
MS,MS49131_PB,GSM4104136_AGCATACTCTCTTGAT-1,PB,0.1404012515406488
MS,MS49131_PB,GSM4104136_AGCCTAATCGGTGTCG-1,PB,0.07675762145945599
MS,MS49131_PB,GSM4104136_AGCGGTCCAGGGCATA-1,PB,-0.052725469510083965
MS,MS49131_PB,GSM4104136_AGCTCCTAGACTAGGC-1,PB,-0.29792794834763775
MS,MS49131_PB,GSM4104136_AGCTCCTTCTCTAGGA-1,PB,-0.12462878451045205
MS,MS49131_PB,GSM4104136_AGGCCGTCATTCCTGC-1,PB,0.2041532161414152
MS,MS49131_PB,GSM4104136_AGGCCGTGTTCAGTAC-1,PB,-0.12053242772703354
MS,MS49131_PB,GSM4104136_AGGGAGTAGCTAGCCC-1,PB,0.11017368300876604
MS,MS49131_PB,GSM4104136_AGGGATGTCAGTTAGC-1,PB,0.08719668177708005
MS,MS49131_PB,GSM4104136_AGGGATGTCCATGCTC-1,PB,-0.09800969556996206
MS,MS49131_PB,GSM4104136_AGTGAGGCAGATCGGA-1,PB,0.16626007399463122
MS,MS49131_PB,GSM4104136_AGTGGGACAGGGATTG-1,PB,0.08869803870795535
MS,MS49131_PB,GSM4104136_AGTGGGATCAGGTAAA-1,PB,0.7384278993704976
MS,MS49131_PB,GSM4104136_AGTTGGTAGGAACTGC-1,PB,-0.03134957873542337
MS,MS49131_PB,GSM4104136_ATAAGAGAGGTCGGAT-1,PB,-0.13057844894949655
MS,MS49131_PB,GSM4104136_ATAAGAGGTTAGTGGG-1,PB,-0.15054530566956079
MS,MS49131_PB,GSM4104136_ATAGACCTCTACTCAT-1,PB,0.2037686875507334
MS,MS49131_PB,GSM4104136_ATCCACCCACTTAACG-1,PB,0.22599787908084837
MS,MS49131_PB,GSM4104136_ATCCACCGTGCCTTGG-1,PB,-0.15385206653673503
MS,MS49131_PB,GSM4104136_ATCCACCTCAAACCGT-1,PB,-0.12848672878623804
MS,MS49131_PB,GSM4104136_ATCCACCTCTCATTCA-1,PB,-0.29792794834763775
MS,MS49131_PB,GSM4104136_ATCGAGTGTACCGAGA-1,PB,-0.29792794834763775
MS,MS49131_PB,GSM4104136_ATCTGCCTCGCGCCAA-1,PB,-0.29792794834763775
MS,MS49131_PB,GSM4104136_ATGAGGGTCTCTAAGG-1,PB,-0.29792794834763775
MS,MS49131_PB,GSM4104136_ATGCGATGTCTCTCGT-1,PB,-0.1270798099732738
MS,MS49131_PB,GSM4104136_ATGTGTGCATGCATGT-1,PB,-0.29792794834763775
MS,MS49131_PB,GSM4104136_ATGTGTGGTCTCCATC-1,PB,-0.1697644056275504
MS,MS49131_PB,GSM4104136_ATTACTCCAGTCACTA-1,PB,-0.29792794834763775
MS,MS49131_PB,GSM4104136_ATTACTCGTCTGCGGT-1,PB,-0.29792794834763775
MS,MS49131_PB,GSM4104136_ATTATCCGTGCAGTAG-1,PB,-0.114368478304091
MS,MS49131_PB,GSM4104136_ATTCTACCACATCTTT-1,PB,0.09685244537579775
MS,MS49131_PB,GSM4104136_ATTGGACGTCTGATCA-1,PB,-0.29792794834763775
MS,MS49131_PB,GSM4104136_ATTGGACGTCTGGAGA-1,PB,-0.29792794834763775
MS,MS49131_PB,GSM4104136_ATTGGACGTTTGACAC-1,PB,-0.0034403523479682135
MS,MS49131_PB,GSM4104136_ATTGGTGCAACAACCT-1,PB,-0.29792794834763775
MS,MS49131_PB,GSM4104136_ATTGGTGCATGCTAGT-1,PB,-0.29792794834763775
MS,MS49131_PB,GSM4104136_ATTGGTGTCGCGTTTC-1,PB,-0.1150845717689694
MS,MS49131_PB,GSM4104136_ATTTCTGCATCACGTA-1,PB,-0.057281006594897564
MS,MS49131_PB,GSM4104136_CAAGAAAAGCTGATAA-1,PB,0.15640978888538634
MS,MS49131_PB,GSM4104136_CACACAACACCTCGGA-1,PB,-0.29792794834763775
MS,MS49131_PB,GSM4104136_CACACCTCAGATGGGT-1,PB,0.24346423902547756
MS,MS49131_PB,GSM4104136_CACACCTGTACTCTCC-1,PB,-0.29792794834763775
MS,MS49131_PB,GSM4104136_CACACCTTCCAGTAGT-1,PB,-0.29792794834763775
MS,MS49131_PB,GSM4104136_CACACCTTCGTGACAT-1,PB,-0.13690645281182512
MS,MS49131_PB,GSM4104136_CACACCTTCTCCGGTT-1,PB,-0.29792794834763775
MS,MS49131_PB,GSM4104136_CACACTCAGTCCGTAT-1,PB,0.019189282041094918
MS,MS49131_PB,GSM4104136_CACACTCAGTCGTTTG-1,PB,-0.15852175576333116
MS,MS49131_PB,GSM4104136_CACACTCGTTAGTGGG-1,PB,-0.12801745441851387
MS,MS49131_PB,GSM4104136_CACAGTACACGTTGGC-1,PB,0.17918463219660957
MS,MS49131_PB,GSM4104136_CACAGTAGTAAAGTCA-1,PB,-0.17011618827075375
MS,MS49131_PB,GSM4104136_CACATAGCAGACGCAA-1,PB,-0.14079774780300763
MS,MS49131_PB,GSM4104136_CACATTTAGTCTCGGC-1,PB,0.4846787595580827
MS,MS49131_PB,GSM4104136_CACATTTCATGAGCGA-1,PB,-0.034209174139181175
MS,MS49131_PB,GSM4104136_CACCAGGAGATCCCGC-1,PB,-0.09779301875002466
MS,MS49131_PB,GSM4104136_CACCAGGGTTAAGGGC-1,PB,-0.29792794834763775
MS,MS49131_PB,GSM4104136_CACCAGGGTTGCGTTA-1,PB,0.04802708398489484
MS,MS49131_PB,GSM4104136_CACCAGGTCAGTTAGC-1,PB,-0.1051128266238205
MS,MS49131_PB,GSM4104136_CACTCCACAACAACCT-1,PB,-0.18098051579492683
MS,MS49131_PB,GSM4104136_CAGATCACACAAGACG-1,PB,0.32389170103913373
MS,MS49131_PB,GSM4104136_CAGATCATCACTTCAT-1,PB,0.7013373932266876
MS,MS49131_PB,GSM4104136_CAGCATACACCACCAG-1,PB,0.09753943693310298
MS,MS49131_PB,GSM4104136_CAGCATAGTTACGACT-1,PB,-0.29792794834763775
MS,MS49131_PB,GSM4104136_CAGCATATCTTCCTTC-1,PB,-0.1251605096956152
MS,MS49131_PB,GSM4104136_CAGCGACTCCTTCAAT-1,PB,-0.29792794834763775
MS,MS49131_PB,GSM4104136_CAGCTAAAGGCTAGAC-1,PB,0.13189408527803334
MS,MS49131_PB,GSM4104136_CAGCTGGGTATGAATG-1,PB,-0.29792794834763775
MS,MS49131_PB,GSM4104136_CAGCTGGTCGACGGAA-1,PB,0.06613120201697151
MS,MS49131_PB,GSM4104136_CATCAAGGTGATGTGG-1,PB,-0.08749356105634336
MS,MS49131_PB,GSM4104136_CATCAGAAGTTTAGGA-1,PB,0.02495707254208931
MS,MS49131_PB,GSM4104136_CATCAGATCAGCGACC-1,PB,-0.14858153943007704
MS,MS49131_PB,GSM4104136_CATCGGGGTGGCCCTA-1,PB,-0.29792794834763775
MS,MS49131_PB,GSM4104136_CATCGGGTCTGTCTCG-1,PB,-0.29792794834763775
MS,MS49131_PB,GSM4104136_CATGACAGTAAGGGAA-1,PB,0.17966165153937336
MS,MS49131_PB,GSM4104136_CATGACAGTCTGCCAG-1,PB,0.13682814967835927
MS,MS49131_PB,GSM4104136_CATGGCGAGATGCCTT-1,PB,-0.14978555843994054
MS,MS49131_PB,GSM4104136_CCAATCCAGGAGCGAG-1,PB,0.3714532568704752
MS,MS49131_PB,GSM4104136_CCACTACCAGACAAGC-1,PB,-0.29792794834763775
MS,MS49131_PB,GSM4104136_CCATTCGGTGGCCCTA-1,PB,0.251328573772447
MS,MS49131_PB,GSM4104136_CCCAGTTGTAAGAGAG-1,PB,0.3723721510630496
MS,MS49131_PB,GSM4104136_CCCAGTTTCCCTAATT-1,PB,0.1313319339156509
MS,MS49131_PB,GSM4104136_CCCATACGTTTACTCT-1,PB,0.27655840734754394
MS,MS49131_PB,GSM4104136_CCCTCCTCAGACAAGC-1,PB,-0.29792794834763775
MS,MS49131_PB,GSM4104136_CCCTCCTGTATAAACG-1,PB,-0.010468115210730386
MS,MS49131_PB,GSM4104136_CCGGGATCAGGGAGAG-1,PB,0.04539993416211531
MS,MS49131_PB,GSM4104136_CCGGGATGTGGTACAG-1,PB,-0.16893455887678055
MS,MS49131_PB,GSM4104136_CCGGGATTCCCACTTG-1,PB,-0.05837016121893683
MS,MS49131_PB,GSM4104136_CCGGGATTCCGAAGAG-1,PB,-0.29792794834763775
MS,MS49131_PB,GSM4104136_CCGGTAGCACGGCCAT-1,PB,0.09635496117461896
MS,MS49131_PB,GSM4104136_CCGTACTAGGGATGGG-1,PB,0.5897075133524968
MS,MS49131_PB,GSM4104136_CCGTTCAAGTTAACGA-1,PB,0.23379642467180126
MS,MS49131_PB,GSM4104136_CCGTTCATCGTGGGAA-1,PB,0.27068183875919616
MS,MS49131_PB,GSM4104136_CCTAAAGAGCCCTAAT-1,PB,-0.29792794834763775
MS,MS49131_PB,GSM4104136_CCTAAAGCACAACGTT-1,PB,-0.19042691619376878
MS,MS49131_PB,GSM4104136_CCTACACGTGCCTTGG-1,PB,0.046233464090460044
MS,MS49131_PB,GSM4104136_CCTACCAAGCCCGAAA-1,PB,-0.1523148948062236
MS,MS49131_PB,GSM4104136_CCTCAGTGTCTAAACC-1,PB,-0.11989725891804302
MS,MS49131_PB,GSM4104136_CCTCTGATCACTTCAT-1,PB,0.0014884351678529242
MS,MS49131_PB,GSM4104136_CCTTCCCTCTATCCTA-1,PB,0.5130934215786765
MS,MS49131_PB,GSM4104136_CCTTCGAGTTCCGTCT-1,PB,-0.1268430026209071
MS,MS49131_PB,GSM4104136_CGAACATGTATCACCA-1,PB,0.3355276462118234
MS,MS49131_PB,GSM4104136_CGAATGTGTACATGTC-1,PB,-0.29792794834763775
MS,MS49131_PB,GSM4104136_CGACCTTAGAGCTTCT-1,PB,-0.172627904682145
MS,MS49131_PB,GSM4104136_CGACTTCGTCTCAACA-1,PB,0.4158074910442263
MS,MS49131_PB,GSM4104136_CGAGAAGAGGCAATTA-1,PB,-0.29792794834763775
MS,MS49131_PB,GSM4104136_CGAGAAGCAAGCCTAT-1,PB,0.10909544571781475
MS,MS49131_PB,GSM4104136_CGAGAAGGTAACGTTC-1,PB,-0.14066874746292612
MS,MS49131_PB,GSM4104136_CGAGAAGGTAATAGCA-1,PB,-0.29792794834763775
MS,MS49131_PB,GSM4104136_CGAGAAGGTACCGGCT-1,PB,0.019433886632982195
MS,MS49131_PB,GSM4104136_CGAGCCAAGGCAGTCA-1,PB,-0.11657139979835597
MS,MS49131_PB,GSM4104136_CGATGGCGTCTGGTCG-1,PB,-0.005645530268348686
MS,MS49131_PB,GSM4104136_CGATTGATCCACGTTC-1,PB,0.24842769659055938
MS,MS49131_PB,GSM4104136_CGCCAAGGTTGCTCCT-1,PB,-0.29792794834763775
MS,MS49131_PB,GSM4104136_CGCGGTACATGCGCAC-1,PB,-0.29792794834763775
MS,MS49131_PB,GSM4104136_CGCGTTTCAATCGAAA-1,PB,0.2574912690520247
MS,MS49131_PB,GSM4104136_CGCGTTTCATTCGACA-1,PB,-0.1523981710083239
MS,MS49131_PB,GSM4104136_CGCTATCGTAAGGGAA-1,PB,0.8216296397884102
MS,MS49131_PB,GSM4104136_CGCTATCTCAGTTGAC-1,PB,0.49905321937715824
MS,MS49131_PB,GSM4104136_CGCTATCTCGCATGGC-1,PB,0.11608522271517525
MS,MS49131_PB,GSM4104136_CGCTTCATCCGAATGT-1,PB,-0.29792794834763775
MS,MS49131_PB,GSM4104136_CGGACACGTTCGCGAC-1,PB,-0.172224873598779
MS,MS49131_PB,GSM4104136_CGGAGCTCAAGTAATG-1,PB,0.055444767752067935
MS,MS49131_PB,GSM4104136_CGGAGCTTCTCGTATT-1,PB,-0.06187277126449337
MS,MS49131_PB,GSM4104136_CGGCTAGAGCGAGAAA-1,PB,-0.0802845914225186
MS,MS49131_PB,GSM4104136_CGGTTAAGTGTGCCTG-1,PB,0.03766613899546752
MS,MS49131_PB,GSM4104136_CGTAGCGAGAACAATC-1,PB,-0.159470837751693
MS,MS49131_PB,GSM4104136_CGTAGCGCATCACGTA-1,PB,0.3317614635585366
MS,MS49131_PB,GSM4104136_CGTCAGGCACCACGTG-1,PB,-0.0037081221410976617
MS,MS49131_PB,GSM4104136_CGTCCATGTAAATGTG-1,PB,-0.29792794834763775
MS,MS49131_PB,GSM4104136_CGTCTACCATCGGACC-1,PB,-0.29792794834763775
MS,MS49131_PB,GSM4104136_CGTGAGCCATATGCTG-1,PB,-0.11946596590978402
MS,MS49131_PB,GSM4104136_CGTGTAAAGGGATACC-1,PB,-0.29792794834763775
MS,MS49131_PB,GSM4104136_CGTGTAAGTAGGCTGA-1,PB,-0.29792794834763775
MS,MS49131_PB,GSM4104136_CGTGTCTCATATGAGA-1,PB,-0.048242456263989285
MS,MS49131_PB,GSM4104136_CTAACTTCATCCTTGC-1,PB,0.2520568324338719
MS,MS49131_PB,GSM4104136_CTAAGACTCATGCAAC-1,PB,0.5044395541257451
MS,MS49131_PB,GSM4104136_CTACATTCATATGAGA-1,PB,-0.29792794834763775
MS,MS49131_PB,GSM4104136_CTACATTCATCGTCGG-1,PB,-0.006327133886822489
MS,MS49131_PB,GSM4104136_CTACGTCAGACTTGAA-1,PB,-0.29792794834763775
MS,MS49131_PB,GSM4104136_CTAGAGTTCAGCACAT-1,PB,0.29952758705306237
MS,MS49131_PB,GSM4104136_CTAGCCTTCCACTCCA-1,PB,0.12276198242953937
MS,MS49131_PB,GSM4104136_CTAGCCTTCGGAAATA-1,PB,0.3806859250255927
MS,MS49131_PB,GSM4104136_CTAGTGAGTTTGCATG-1,PB,0.22600520486965217
MS,MS49131_PB,GSM4104136_CTCACACCAAGCTGAG-1,PB,0.05001375726231156
MS,MS49131_PB,GSM4104136_CTCAGAAGTGCACTTA-1,PB,0.02643843669364642
MS,MS49131_PB,GSM4104136_CTCAGAATCCGCATCT-1,PB,-0.1024212882388708
MS,MS49131_PB,GSM4104136_CTCATTACAAGACACG-1,PB,0.7094151927865543
MS,MS49131_PB,GSM4104136_CTCATTAGTTATGCGT-1,PB,-0.29792794834763775
MS,MS49131_PB,GSM4104136_CTCATTAGTTGTACAC-1,PB,-0.14961346467126452
MS,MS49131_PB,GSM4104136_CTCGAAAGTTATCACG-1,PB,-0.2130209742370697
MS,MS49131_PB,GSM4104136_CTCGAAATCGCTGATA-1,PB,0.10768518828092273
MS,MS49131_PB,GSM4104136_CTCGAAATCTAACGGT-1,PB,-0.18201433093543765
MS,MS49131_PB,GSM4104136_CTCGAGGCAAATTGCC-1,PB,-0.007954464451745238
MS,MS49131_PB,GSM4104136_CTCGGAGGTCAAACTC-1,PB,-0.09828490289779171
MS,MS49131_PB,GSM4104136_CTCGGAGGTGGGTATG-1,PB,-0.13820314724309918
MS,MS49131_PB,GSM4104136_CTCGGAGTCAAAGTAG-1,PB,-0.20084507668778534
MS,MS49131_PB,GSM4104136_CTCGGGACAATACGCT-1,PB,0.005653142601107624
MS,MS49131_PB,GSM4104136_CTCGGGACAATCGAAA-1,PB,0.0014412882647082245
MS,MS49131_PB,GSM4104136_CTCGGGACAGGCTGAA-1,PB,-0.009427337842530319
MS,MS49131_PB,GSM4104136_CTCGTCAAGTAACCCT-1,PB,0.27438702766985795
MS,MS49131_PB,GSM4104136_CTCTACGCAGACGCAA-1,PB,0.2888305652259374
MS,MS49131_PB,GSM4104136_CTCTACGGTTCCCGAG-1,PB,-0.12290290643230461
MS,MS49131_PB,GSM4104136_CTCTACGTCAACGAAA-1,PB,0.4594719624121813
MS,MS49131_PB,GSM4104136_CTCTGGTTCCCTAATT-1,PB,-0.29792794834763775
MS,MS49131_PB,GSM4104136_CTGATCCAGATGTAAC-1,PB,-0.29792794834763775
MS,MS49131_PB,GSM4104136_CTGATCCTCGCAGGCT-1,PB,-0.06636234591493495
MS,MS49131_PB,GSM4104136_CTGATCCTCTCGTATT-1,PB,-0.10354319786485269
MS,MS49131_PB,GSM4104136_CTGCGGAAGGGATGGG-1,PB,0.3862961339224431
MS,MS49131_PB,GSM4104136_CTGCGGACACCAGGTC-1,PB,0.850764714511236
MS,MS49131_PB,GSM4104136_CTGCTGTCAGATGGGT-1,PB,0.377815780348885
MS,MS49131_PB,GSM4104136_CTGTTTACAGGTCGTC-1,PB,-0.07993979012101662
MS,MS49131_PB,GSM4104136_CTTACCGTCATCATTC-1,PB,0.04289700108126805
MS,MS49131_PB,GSM4104136_CTTAGGAAGCGCCTTG-1,PB,-0.08249804300158645
MS,MS49131_PB,GSM4104136_CTTAGGATCTTCGGTC-1,PB,0.0856617005855731
MS,MS49131_PB,GSM4104136_CTTCTCTGTTGAGGTG-1,PB,-0.007231217037260905
MS,MS49131_PB,GSM4104136_CTTGGCTCACAGACAG-1,PB,-0.29792794834763775
MS,MS49131_PB,GSM4104136_CTTGGCTGTAATTGGA-1,PB,-0.2140485064675959
MS,MS49131_PB,GSM4104136_CTTGGCTGTACAGTTC-1,PB,0.008610139063067259
MS,MS49131_PB,GSM4104136_CTTGGCTTCGAACGGA-1,PB,-0.014002607013848558
MS,MS49131_PB,GSM4104136_CTTTGCGTCACAACGT-1,PB,-0.29792794834763775
MS,MS49131_PB,GSM4104136_GAAACTCAGCGAGAAA-1,PB,0.25140244732590006
MS,MS49131_PB,GSM4104136_GAACATCGTTCAGACT-1,PB,-0.17190930062239904
MS,MS49131_PB,GSM4104136_GAACGGATCACCTTAT-1,PB,0.6055121819091219
MS,MS49131_PB,GSM4104136_GAAGCAGTCCCACTTG-1,PB,-0.031653128962656436
MS,MS49131_PB,GSM4104136_GAATGAATCTCCCTGA-1,PB,0.03625012232703143
MS,MS49131_PB,GSM4104136_GACACGCAGTAACCCT-1,PB,-0.09803931695670785
MS,MS49131_PB,GSM4104136_GACCAATAGAGAGCTC-1,PB,-0.19061450880692582
MS,MS49131_PB,GSM4104136_GACGCGTAGCCAACAG-1,PB,-0.29792794834763775
MS,MS49131_PB,GSM4104136_GACGCGTTCATTTGGG-1,PB,-0.29792794834763775
MS,MS49131_PB,GSM4104136_GACGGCTCAAGACGTG-1,PB,-0.17076677606017013
MS,MS49131_PB,GSM4104136_GACGTGCAGCTAGCCC-1,PB,-0.29792794834763775
MS,MS49131_PB,GSM4104136_GACGTGCAGGCCCTTG-1,PB,-0.05148518199289236
MS,MS49131_PB,GSM4104136_GACGTGCGTGAAAGAG-1,PB,-0.29792794834763775
MS,MS49131_PB,GSM4104136_GACTAACCAGACAAGC-1,PB,0.19800621134765298
MS,MS49131_PB,GSM4104136_GACTAACTCCTCGCAT-1,PB,0.5225558877110643
MS,MS49131_PB,GSM4104136_GACTACACACCCATGG-1,PB,0.3008867552534426
MS,MS49131_PB,GSM4104136_GACTGCGGTTACGACT-1,PB,-0.29792794834763775
MS,MS49131_PB,GSM4104136_GAGGTGAGTCTTCTCG-1,PB,0.3809029515440859
MS,MS49131_PB,GSM4104136_GAGGTGAGTTATCACG-1,PB,-0.22965507392160736
MS,MS49131_PB,GSM4104136_GAGTCCGGTACATGTC-1,PB,0.0027616154521081554
MS,MS49131_PB,GSM4104136_GATCAGTAGTTGAGTA-1,PB,0.38050287196992993
MS,MS49131_PB,GSM4104136_GATCAGTTCCTTGGTC-1,PB,0.4536924084642284
MS,MS49131_PB,GSM4104136_GATCAGTTCGTGGTCG-1,PB,0.05476217685947732
MS,MS49131_PB,GSM4104136_GATCGCGCAAGTCTGT-1,PB,-0.29792794834763775
MS,MS49131_PB,GSM4104136_GATCGCGCAGTTAACC-1,PB,-0.29792794834763775
MS,MS49131_PB,GSM4104136_GATCGCGTCGAGAGCA-1,PB,0.06551692864511367
MS,MS49131_PB,GSM4104136_GATCGTATCATGTCCC-1,PB,-0.29792794834763775
MS,MS49131_PB,GSM4104136_GATCGTATCCAGGGCT-1,PB,0.06740357418480791
MS,MS49131_PB,GSM4104136_GATCGTATCTTCGGTC-1,PB,-0.29792794834763775
MS,MS49131_PB,GSM4104136_GATGAGGTCGAACTGT-1,PB,0.18985177942202466
MS,MS49131_PB,GSM4104136_GATTCAGAGACCCACC-1,PB,-0.18730409882563254
MS,MS49131_PB,GSM4104136_GATTCAGGTCTAGGTT-1,PB,-0.1975995465481573
MS,MS49131_PB,GSM4104136_GCAAACTAGGGCTCTC-1,PB,-0.19251055030310327
MS,MS49131_PB,GSM4104136_GCACTCTAGACGCACA-1,PB,-0.019766494485168516
MS,MS49131_PB,GSM4104136_GCACTCTAGAGATGAG-1,PB,0.34666144731249365
MS,MS49131_PB,GSM4104136_GCACTCTAGTTACGGG-1,PB,0.2907433360236758
MS,MS49131_PB,GSM4104136_GCAGTTAAGGTAGCTG-1,PB,-0.17904508799263774
MS,MS49131_PB,GSM4104136_GCATACATCTCCAGGG-1,PB,-0.29792794834763775
MS,MS49131_PB,GSM4104136_GCATGATAGATCGATA-1,PB,0.4576994238657827
MS,MS49131_PB,GSM4104136_GCATGATAGTTACCCA-1,PB,-0.02818642598179048
MS,MS49131_PB,GSM4104136_GCATGATCAGGGTACA-1,PB,-0.29792794834763775
MS,MS49131_PB,GSM4104136_GCATGCGTCAACACGT-1,PB,0.046999328494770044
MS,MS49131_PB,GSM4104136_GCATGCGTCTGTCCGT-1,PB,-0.04286752172590585
MS,MS49131_PB,GSM4104136_GCATGTAAGTAGATGT-1,PB,0.9500004518870339
MS,MS49131_PB,GSM4104136_GCATGTACATGCCTTC-1,PB,-0.29792794834763775
MS,MS49131_PB,GSM4104136_GCATGTAGTCATATCG-1,PB,-0.29792794834763775
MS,MS49131_PB,GSM4104136_GCATGTAGTGATAAAC-1,PB,0.44636666347183285
MS,MS49131_PB,GSM4104136_GCCAAATCATTGGTAC-1,PB,-0.17844986017967793
MS,MS49131_PB,GSM4104136_GCCAAATTCAGAGCTT-1,PB,-0.12896584071678044
MS,MS49131_PB,GSM4104136_GCCTCTACACCGCTAG-1,PB,0.3149646260305853
MS,MS49131_PB,GSM4104136_GCCTCTACATTCTCAT-1,PB,-0.07972004046822447
MS,MS49131_PB,GSM4104136_GCCTCTATCTTCTGGC-1,PB,-0.04249641858328207
MS,MS49131_PB,GSM4104136_GCGACCATCCCTGACT-1,PB,-0.12713259953424663
MS,MS49131_PB,GSM4104136_GCGAGAATCACGCATA-1,PB,0.062122535615952275
MS,MS49131_PB,GSM4104136_GCGCAACAGCTACCTA-1,PB,0.17106901543323966
MS,MS49131_PB,GSM4104136_GCGCAACGTCTCCCTA-1,PB,-0.07335933012719724
MS,MS49131_PB,GSM4104136_GCGCAGTGTTAAGAAC-1,PB,-0.14853032114788234
MS,MS49131_PB,GSM4104136_GCGCCAATCCTTTCGG-1,PB,-0.29792794834763775
MS,MS49131_PB,GSM4104136_GCGCGATTCCATGAGT-1,PB,0.34619234368898033
MS,MS49131_PB,GSM4104136_GCGGGTTGTAAATGTG-1,PB,0.09502207954990559
MS,MS49131_PB,GSM4104136_GCTCCTAGTGCAGACA-1,PB,-0.07997006139282702
MS,MS49131_PB,GSM4104136_GCTCTGTTCTCGAGTA-1,PB,-0.29792794834763775
MS,MS49131_PB,GSM4104136_GCTGCGACACATGGGA-1,PB,0.26495356305796014
MS,MS49131_PB,GSM4104136_GCTGGGTGTCATGCAT-1,PB,-0.29792794834763775
MS,MS49131_PB,GSM4104136_GCTGGGTTCCATGCTC-1,PB,-0.007901852696945306
MS,MS49131_PB,GSM4104136_GCTTGAACACAAGACG-1,PB,-0.09349222145398407
MS,MS49131_PB,GSM4104136_GCTTGAAGTCATATCG-1,PB,0.2949334171514207
MS,MS49131_PB,GSM4104136_GGAAAGCAGCGGCTTC-1,PB,0.5975508724672828
MS,MS49131_PB,GSM4104136_GGAATAAAGATTACCC-1,PB,-0.29792794834763775
MS,MS49131_PB,GSM4104136_GGAATAAAGTGGTAGC-1,PB,-0.29792794834763775
MS,MS49131_PB,GSM4104136_GGACAAGGTTTGTTGG-1,PB,0.020608514093663727
MS,MS49131_PB,GSM4104136_GGACATTCACCGGAAA-1,PB,0.510754005037043
MS,MS49131_PB,GSM4104136_GGACGTCAGTCGATAA-1,PB,-0.29792794834763775
MS,MS49131_PB,GSM4104136_GGAGCAAGTCATGCAT-1,PB,0.14064342021003054
MS,MS49131_PB,GSM4104136_GGCAATTAGTCTCAAC-1,PB,-0.12215389218977256
MS,MS49131_PB,GSM4104136_GGCAATTCAGCCTTGG-1,PB,0.217846149143225
MS,MS49131_PB,GSM4104136_GGCAATTGTGTGTGCC-1,PB,-0.29792794834763775
MS,MS49131_PB,GSM4104136_GGCCGATTCTAACCGA-1,PB,-0.013456643797229353
MS,MS49131_PB,GSM4104136_GGCTCGAGTACCCAAT-1,PB,0.2055717548260548
MS,MS49131_PB,GSM4104136_GGCTCGAGTCATCCCT-1,PB,0.19077163244077427
MS,MS49131_PB,GSM4104136_GGCTCGATCATCACCC-1,PB,-0.10757483564910154
MS,MS49131_PB,GSM4104136_GGGAATGCAAGAGGCT-1,PB,-0.29792794834763775
MS,MS49131_PB,GSM4104136_GGGAGATCACCAGATT-1,PB,0.08054057614958984
MS,MS49131_PB,GSM4104136_GGGATGAGTCAGTGGA-1,PB,-0.04848884462557045
MS,MS49131_PB,GSM4104136_GGGATGATCCGTCATC-1,PB,-0.08986213555555289
MS,MS49131_PB,GSM4104136_GGGCATCGTTGGGACA-1,PB,0.48977539046840873
MS,MS49131_PB,GSM4104136_GGTGAAGGTACAGTGG-1,PB,-0.08189941530206711
MS,MS49131_PB,GSM4104136_GGTGCGTCAGATCTGT-1,PB,-0.29792794834763775
MS,MS49131_PB,GSM4104136_GGTGCGTGTCTAAACC-1,PB,0.22190256896069757
MS,MS49131_PB,GSM4104136_GGTGCGTTCAGTACGT-1,PB,0.07767687819900641
MS,MS49131_PB,GSM4104136_GGTGTTACAGACACTT-1,PB,-0.29792794834763775
MS,MS49131_PB,GSM4104136_GGTGTTATCATCGATG-1,PB,-0.12414116170969668
MS,MS49131_PB,GSM4104136_GGTGTTATCTCCAACC-1,PB,0.18516201232937046
MS,MS49131_PB,GSM4104136_GTAACGTAGGTGACCA-1,PB,0.5233948973068149
MS,MS49131_PB,GSM4104136_GTACGTAGTGTAATGA-1,PB,0.0717711141837086
MS,MS49131_PB,GSM4104136_GTACGTAGTTCAGACT-1,PB,-0.037151324933545025
MS,MS49131_PB,GSM4104136_GTAGTCATCACCGTAA-1,PB,-0.29792794834763775
MS,MS49131_PB,GSM4104136_GTATCTTCACCTATCC-1,PB,0.06340081334649737
MS,MS49131_PB,GSM4104136_GTATTCTTCAACCAAC-1,PB,-0.11373136364280796
MS,MS49131_PB,GSM4104136_GTATTCTTCGATAGAA-1,PB,-0.29792794834763775
MS,MS49131_PB,GSM4104136_GTCACAAAGAGACTTA-1,PB,-0.29792794834763775
MS,MS49131_PB,GSM4104136_GTCACAACACTGTTAG-1,PB,0.345179375272138
MS,MS49131_PB,GSM4104136_GTCGTAAGTGCGCTTG-1,PB,0.03809994711515293
MS,MS49131_PB,GSM4104136_GTCTCGTAGGGATACC-1,PB,-0.21443590064459217
MS,MS49131_PB,GSM4104136_GTCTCGTCAGGGTATG-1,PB,0.17628794077950927
MS,MS49131_PB,GSM4104136_GTGCATAGTACTTCTT-1,PB,-0.29792794834763775
MS,MS49131_PB,GSM4104136_GTGCATATCACAAACC-1,PB,0.12192923939379385
MS,MS49131_PB,GSM4104136_GTGCGGTCATTATCTC-1,PB,-0.29792794834763775
MS,MS49131_PB,GSM4104136_GTGCTTCGTAGCTAAA-1,PB,-0.185930895966736
MS,MS49131_PB,GSM4104136_GTGTTAGCAAGCGATG-1,PB,-0.29792794834763775
MS,MS49131_PB,GSM4104136_GTTACAGTCCTGCCAT-1,PB,-0.14576940944751676
MS,MS49131_PB,GSM4104136_GTTCATTAGCTAGTGG-1,PB,-0.17971790220441575
MS,MS49131_PB,GSM4104136_GTTCATTGTGTGTGCC-1,PB,-0.06565006916803347
MS,MS49131_PB,GSM4104136_GTTCGGGTCTACCAGA-1,PB,-0.29792794834763775
MS,MS49131_PB,GSM4104136_TAAACCGCACTGAAGG-1,PB,-0.11699480897641402
MS,MS49131_PB,GSM4104136_TAAACCGGTTGGTGGA-1,PB,0.21774987369505672
MS,MS49131_PB,GSM4104136_TAAACCGTCCAACCAA-1,PB,-0.09267184641167
MS,MS49131_PB,GSM4104136_TAAGAGAGTCCGAATT-1,PB,0.057454671155604445
MS,MS49131_PB,GSM4104136_TAAGCGTCAAGTAGTA-1,PB,-0.01290256213224453
MS,MS49131_PB,GSM4104136_TAAGCGTCAGTATCTG-1,PB,-0.1912037050263004
MS,MS49131_PB,GSM4104136_TAAGCGTCATAGTAAG-1,PB,-0.29792794834763775
MS,MS49131_PB,GSM4104136_TAAGCGTTCAGCGATT-1,PB,-0.29792794834763775
MS,MS49131_PB,GSM4104136_TAAGTGCCATAGAAAC-1,PB,-0.29792794834763775
MS,MS49131_PB,GSM4104136_TACACGAAGAAGGGTA-1,PB,-0.08103741219367179
MS,MS49131_PB,GSM4104136_TACACGAAGTGTACGG-1,PB,-0.29792794834763775
MS,MS49131_PB,GSM4104136_TACAGTGGTGTGAAAT-1,PB,-0.12722884366255516
MS,MS49131_PB,GSM4104136_TACCTATAGACAATAC-1,PB,-0.17732001201663403
MS,MS49131_PB,GSM4104136_TACCTATCAAGGCTCC-1,PB,-0.29792794834763775
MS,MS49131_PB,GSM4104136_TACCTTAAGACCGGAT-1,PB,0.12698044734717476
MS,MS49131_PB,GSM4104136_TACCTTACAACACCTA-1,PB,-0.29792794834763775
MS,MS49131_PB,GSM4104136_TACCTTAGTTTGTTGG-1,PB,-0.12094844684191977
MS,MS49131_PB,GSM4104136_TACGGATAGAGGTACC-1,PB,-0.08489703347977565
MS,MS49131_PB,GSM4104136_TACGGTACACTTGGAT-1,PB,0.23891294630734378
MS,MS49131_PB,GSM4104136_TACTCATAGGATCGCA-1,PB,-0.29792794834763775
MS,MS49131_PB,GSM4104136_TACTCATAGGCGCTCT-1,PB,-0.29792794834763775
MS,MS49131_PB,GSM4104136_TACTCGCAGTATCGAA-1,PB,1.2084089097221498
MS,MS49131_PB,GSM4104136_TACTTGTGTACTTAGC-1,PB,-0.29792794834763775
MS,MS49131_PB,GSM4104136_TAGACCATCGCTTGTC-1,PB,0.2303359722786674
MS,MS49131_PB,GSM4104136_TAGCCGGAGTGTCTCA-1,PB,-0.29792794834763775
MS,MS49131_PB,GSM4104136_TAGGCATGTTCCACTC-1,PB,-0.15391446337237435
MS,MS49131_PB,GSM4104136_TAGTGGTAGTGTGGCA-1,PB,0.06411652682699293
MS,MS49131_PB,GSM4104136_TATCTCAGTCAGCTAT-1,PB,-0.12161556615015859
MS,MS49131_PB,GSM4104136_TATGCCCCATCCCATC-1,PB,-0.027080087797167245
MS,MS49131_PB,GSM4104136_TATGCCCGTTCGTCTC-1,PB,-0.29792794834763775
MS,MS49131_PB,GSM4104136_TCAACGATCTATGTGG-1,PB,-0.07875960076084354
MS,MS49131_PB,GSM4104136_TCACAAGCAAAGTGCG-1,PB,-0.29792794834763775
MS,MS49131_PB,GSM4104136_TCACAAGCAATGGACG-1,PB,-0.29792794834763775
MS,MS49131_PB,GSM4104136_TCACAAGCACGGTAGA-1,PB,0.054381395632995204
MS,MS49131_PB,GSM4104136_TCACAAGGTCTCCACT-1,PB,0.12748906610803418
MS,MS49131_PB,GSM4104136_TCACGAAGTTCCCGAG-1,PB,-0.0240647478066545
MS,MS49131_PB,GSM4104136_TCAGCAAAGAAGAAGC-1,PB,-0.0157477498472289
MS,MS49131_PB,GSM4104136_TCAGCAAAGCCCAACC-1,PB,-0.00769451231287522
MS,MS49131_PB,GSM4104136_TCAGCTCAGCCTATGT-1,PB,-0.29792794834763775
MS,MS49131_PB,GSM4104136_TCAGCTCCAGGACGTA-1,PB,0.1402431159460902
MS,MS49131_PB,GSM4104136_TCAGCTCTCCTAGAAC-1,PB,0.13432020685076837
MS,MS49131_PB,GSM4104136_TCAGGATAGAAGGTGA-1,PB,-0.29792794834763775
MS,MS49131_PB,GSM4104136_TCATTACTCGCTTAGA-1,PB,-0.29792794834763775
MS,MS49131_PB,GSM4104136_TCATTTGAGTTAGCGG-1,PB,-0.29792794834763775
MS,MS49131_PB,GSM4104136_TCCCGATTCAAAGTAG-1,PB,0.4312899385201075
MS,MS49131_PB,GSM4104136_TCGAGGCGTTGGTGGA-1,PB,0.04518408892177068
MS,MS49131_PB,GSM4104136_TCGCGTTTCAGTACGT-1,PB,-0.17975034212524837
MS,MS49131_PB,GSM4104136_TCGGGACGTCTTCGTC-1,PB,-0.29792794834763775
MS,MS49131_PB,GSM4104136_TCGTAGAGTAATCGTC-1,PB,-0.16971731898696157
MS,MS49131_PB,GSM4104136_TCTCATAAGTCTTGCA-1,PB,-0.13503643997897433
MS,MS49131_PB,GSM4104136_TCTCTAAGTAGAAGGA-1,PB,-0.29792794834763775
MS,MS49131_PB,GSM4104136_TCTCTAAGTGGCTCCA-1,PB,-0.12295582150302485
MS,MS49131_PB,GSM4104136_TCTCTAATCGACCAGC-1,PB,-0.29792794834763775
MS,MS49131_PB,GSM4104136_TCTGAGACACAGACAG-1,PB,-0.29792794834763775
MS,MS49131_PB,GSM4104136_TCTGAGATCAGTCAGT-1,PB,-0.12352107203326493
MS,MS49131_PB,GSM4104136_TCTGGAAAGTCGTTTG-1,PB,-0.17076182133939155
MS,MS49131_PB,GSM4104136_TCTTCGGCACTAGTAC-1,PB,0.27343044817744966
MS,MS49131_PB,GSM4104136_TCTTCGGCATCCCATC-1,PB,-0.09274362955047323
MS,MS49131_PB,GSM4104136_TCTTTCCAGTCGTACT-1,PB,-0.29792794834763775
MS,MS49131_PB,GSM4104136_TCTTTCCGTGATAAGT-1,PB,-0.29792794834763775
MS,MS49131_PB,GSM4104136_TCTTTCCGTGTATGGG-1,PB,0.058400760625068306
MS,MS49131_PB,GSM4104136_TGAAAGAAGCGATTCT-1,PB,0.32874124529532095
MS,MS49131_PB,GSM4104136_TGACGGCAGAAGGCCT-1,PB,-0.08730265476711252
MS,MS49131_PB,GSM4104136_TGACTAGCAATGGATA-1,PB,-0.29792794834763775
MS,MS49131_PB,GSM4104136_TGACTTTCAATCACAC-1,PB,-0.29792794834763775
MS,MS49131_PB,GSM4104136_TGAGCATAGTTGAGTA-1,PB,0.06292815044858498
MS,MS49131_PB,GSM4104136_TGAGCATGTTGTCTTT-1,PB,0.05212289794340459
MS,MS49131_PB,GSM4104136_TGAGCATTCGGCGCAT-1,PB,-0.29792794834763775
MS,MS49131_PB,GSM4104136_TGAGCCGTCTTGACGA-1,PB,0.2171599911048045
MS,MS49131_PB,GSM4104136_TGAGGGAAGTTGAGTA-1,PB,0.23892277428827455
MS,MS49131_PB,GSM4104136_TGATTTCCATCAGTCA-1,PB,-0.29792794834763775
MS,MS49131_PB,GSM4104136_TGCCCTAAGGAGCGAG-1,PB,0.46897179537780875
MS,MS49131_PB,GSM4104136_TGCCCTATCCTTTCTC-1,PB,-0.1679460510567509
MS,MS49131_PB,GSM4104136_TGCGCAGTCTCAAACG-1,PB,-0.29792794834763775
MS,MS49131_PB,GSM4104136_TGGACGCCATACTCTT-1,PB,-0.29792794834763775
MS,MS49131_PB,GSM4104136_TGGCCAGGTTCCGTCT-1,PB,-0.16676557771821485
MS,MS49131_PB,GSM4104136_TGGCCAGTCTGACCTC-1,PB,-0.019327544776551013
MS,MS49131_PB,GSM4104136_TGGCGCAAGAAACCAT-1,PB,0.09678108908169429
MS,MS49131_PB,GSM4104136_TGGCTGGGTAGTGAAT-1,PB,-0.29792794834763775
MS,MS49131_PB,GSM4104136_TGGCTGGTCGCAAGCC-1,PB,0.40099318745483525
MS,MS49131_PB,GSM4104136_TGGGAAGAGCTGTCTA-1,PB,0.7620891242382426
MS,MS49131_PB,GSM4104136_TGGGAAGAGTGAATTG-1,PB,-0.29792794834763775
MS,MS49131_PB,GSM4104136_TGGGAAGTCGTCTGCT-1,PB,-0.29792794834763775
MS,MS49131_PB,GSM4104136_TGGTTAGCATCGGGTC-1,PB,0.1268062345910744
MS,MS49131_PB,GSM4104136_TGGTTCCTCCTTTACA-1,PB,0.3804082784372817
MS,MS49131_PB,GSM4104136_TGTCCCAGTTTAGCTG-1,PB,-0.29792794834763775
MS,MS49131_PB,GSM4104136_TGTTCCGCATGCGCAC-1,PB,-0.29792794834763775
MS,MS49131_PB,GSM4104136_TGTTCCGGTAAACGCG-1,PB,-0.17401486962707186
MS,MS49131_PB,GSM4104136_TGTTCCGGTCGGCATC-1,PB,0.16384277698600241
MS,MS49131_PB,GSM4104136_TTAACTCTCCATGCTC-1,PB,0.18174172371292308
MS,MS49131_PB,GSM4104136_TTAGGACAGTGTGGCA-1,PB,0.11931844008474853
MS,MS49131_PB,GSM4104136_TTAGGACCAACAACCT-1,PB,0.1137665107199898
MS,MS49131_PB,GSM4104136_TTAGGACCAGATTGCT-1,PB,0.1526233543772916
MS,MS49131_PB,GSM4104136_TTAGGACGTTCCAACA-1,PB,0.19577435468820106
MS,MS49131_PB,GSM4104136_TTAGGCAAGGAATCGC-1,PB,-0.29792794834763775
MS,MS49131_PB,GSM4104136_TTAGGCAGTAGAGGAA-1,PB,0.23428977554289296
MS,MS49131_PB,GSM4104136_TTAGTTCTCGTATCAG-1,PB,-0.29792794834763775
MS,MS49131_PB,GSM4104136_TTATGCTGTACTCGCG-1,PB,-0.29792794834763775
MS,MS49131_PB,GSM4104136_TTCCCAGGTTGAGGTG-1,PB,-0.06349503033214442
MS,MS49131_PB,GSM4104136_TTCGAAGGTCGCTTCT-1,PB,0.29488616308293036
MS,MS49131_PB,GSM4104136_TTCGGTCGTTTCCACC-1,PB,0.19093114853039345
MS,MS49131_PB,GSM4104136_TTCTCAATCGGAAACG-1,PB,-0.1715235701599667
MS,MS49131_PB,GSM4104136_TTCTCCTCATGGTCAT-1,PB,-0.03245884704557418
MS,MS49131_PB,GSM4104136_TTCTCCTGTCTCTTAT-1,PB,-0.10122075286016642
MS,MS49131_PB,GSM4104136_TTGAACGAGCTACCTA-1,PB,0.2617169057050529
MS,MS49131_PB,GSM4104136_TTGAACGGTCTCTTTA-1,PB,0.6985171204158137
MS,MS49131_PB,GSM4104136_TTGACTTAGGCGTACA-1,PB,-0.29792794834763775
MS,MS49131_PB,GSM4104136_TTGACTTGTCTCTTAT-1,PB,-0.29792794834763775
MS,MS49131_PB,GSM4104136_TTGCCGTAGGTGACCA-1,PB,0.18441295731957894
MS,MS49131_PB,GSM4104136_TTGCCGTCAACACGCC-1,PB,-0.02315953692301829
MS,MS49131_PB,GSM4104136_TTGCGTCTCGGCTTGG-1,PB,-0.09172340560084113
MS,MS49131_PB,GSM4104136_TTGGAACTCAAGCCTA-1,PB,0.1545402809157122
MS,MS49131_PB,GSM4104136_TTGTAGGTCGGTCTAA-1,PB,0.3354078553591355
MS,MS49131_PB,GSM4104136_TTTACTGCAGCCAGAA-1,PB,-0.11692451378389787
MS,MS49131_PB,GSM4104136_TTTACTGGTGCAGGTA-1,PB,0.4654762357628698
MS,MS49131_PB,GSM4104136_TTTCCTCTCGGAGGTA-1,PB,0.09641822042865573
MS,MS49131_PB,GSM4104136_TTTCCTCTCGGTCTAA-1,PB,0.20921731172569277
MS,MS49131_PB,GSM4104136_TTTGCGCCACGTCAGC-1,PB,-0.09330119006149319
MS,MS49131_PB,GSM4104136_TTTGGTTAGCTGCAAG-1,PB,-0.29792794834763775
MS,MS49131_PB,GSM4104136_TTTGGTTCACAGGCCT-1,PB,-0.1852557193808038
MS,MS60249_PB,GSM4104137_AAACGGGGTCATTAGC-1,PB,-0.29792794834763775
MS,MS60249_PB,GSM4104137_AAAGTAGCATGTAAGA-1,PB,-0.15815509944026326
MS,MS60249_PB,GSM4104137_AACTCCCGTCCGAGTC-1,PB,0.2718367508297678
MS,MS60249_PB,GSM4104137_AACTGGTAGGTAGCTG-1,PB,-0.1639787319047172
MS,MS60249_PB,GSM4104137_AACTGGTTCATTGCCC-1,PB,-0.29792794834763775
MS,MS60249_PB,GSM4104137_AATCGGTAGGCAATTA-1,PB,-0.14070069946222105
MS,MS60249_PB,GSM4104137_ACGCCGAGTTATTCTC-1,PB,-0.29792794834763775
MS,MS60249_PB,GSM4104137_ACGGAGACAGTATCTG-1,PB,0.23097206113868657
MS,MS60249_PB,GSM4104137_ACGTCAACACGGTTTA-1,PB,-0.16659127471625726
MS,MS60249_PB,GSM4104137_ACTGATGAGCGCCTCA-1,PB,-0.15780408728565862
MS,MS60249_PB,GSM4104137_AGGGAGTGTACCTACA-1,PB,-0.29792794834763775
MS,MS60249_PB,GSM4104137_AGGGATGAGGCTCTTA-1,PB,-0.29792794834763775
MS,MS60249_PB,GSM4104137_AGGTCCGGTTGTACAC-1,PB,0.07616690156736013
MS,MS60249_PB,GSM4104137_AGTAGTCAGGGATACC-1,PB,0.20331350171885793
MS,MS60249_PB,GSM4104137_AGTCTTTGTGTAACGG-1,PB,-0.29792794834763775
MS,MS60249_PB,GSM4104137_ATCATGGTCCGCGGTA-1,PB,-0.06740782016909581
MS,MS60249_PB,GSM4104137_ATGAGGGCAGCCAATT-1,PB,0.23935039113650275
MS,MS60249_PB,GSM4104137_ATTGGACTCACAATGC-1,PB,-0.12094928955922203
MS,MS60249_PB,GSM4104137_ATTTCTGGTTTGTTGG-1,PB,-0.29792794834763775
MS,MS60249_PB,GSM4104137_ATTTCTGTCAGGCAAG-1,PB,-0.027037845074440885
MS,MS60249_PB,GSM4104137_CAAGGCCCACTTGGAT-1,PB,-0.19579345621764782
MS,MS60249_PB,GSM4104137_CACACAAGTGTGAAAT-1,PB,-0.05354655777671337
MS,MS60249_PB,GSM4104137_CACACTCAGCGATATA-1,PB,0.0365443467088951
MS,MS60249_PB,GSM4104137_CAGATCACAACTGCTA-1,PB,0.7191351605529303
MS,MS60249_PB,GSM4104137_CAGATCACATGCCTAA-1,PB,-0.1480502062984969
MS,MS60249_PB,GSM4104137_CAGCAGCAGACTGTAA-1,PB,-0.29792794834763775
MS,MS60249_PB,GSM4104137_CAGTAACCAATCTGCA-1,PB,0.001570243794114079
MS,MS60249_PB,GSM4104137_CAGTAACGTTACCGAT-1,PB,0.3495320446544712
MS,MS60249_PB,GSM4104137_CATATGGAGGCGCTCT-1,PB,0.3731884221823886
MS,MS60249_PB,GSM4104137_CATATTCCATGTAAGA-1,PB,-0.02241549244650149
MS,MS60249_PB,GSM4104137_CATCAAGTCCTTCAAT-1,PB,-0.29792794834763775
MS,MS60249_PB,GSM4104137_CATCCACAGCGCTTAT-1,PB,-0.15527067724267246
MS,MS60249_PB,GSM4104137_CATCCACTCAACGGGA-1,PB,-0.29792794834763775
MS,MS60249_PB,GSM4104137_CATTATCCAAGCGAGT-1,PB,-0.02771716104080301
MS,MS60249_PB,GSM4104137_CCACTACTCGGTGTCG-1,PB,0.40912730538014214
MS,MS60249_PB,GSM4104137_CCACTACTCTGATACG-1,PB,-0.14944551494788336
MS,MS60249_PB,GSM4104137_CCTCAGTCAAGGCTCC-1,PB,-0.29792794834763775
MS,MS60249_PB,GSM4104137_CGAACATCATCCGTGG-1,PB,-0.29792794834763775
MS,MS60249_PB,GSM4104137_CGATGTACAGTTCCCT-1,PB,0.3048703641342683
MS,MS60249_PB,GSM4104137_CGCTGGAAGCGTTCCG-1,PB,-0.29792794834763775
MS,MS60249_PB,GSM4104137_CTACCCAGTGAAAGAG-1,PB,-0.15755569620916227
MS,MS60249_PB,GSM4104137_CTACGTCCAGCTCGAC-1,PB,-0.29792794834763775
MS,MS60249_PB,GSM4104137_CTCGAAAGTACAAGTA-1,PB,-0.29792794834763775
MS,MS60249_PB,GSM4104137_CTGGTCTCATACTCTT-1,PB,0.45847690777115735
MS,MS60249_PB,GSM4104137_CTTACCGTCTAACGGT-1,PB,-0.29792794834763775
MS,MS60249_PB,GSM4104137_CTTAGGAGTCAATGTC-1,PB,-0.29792794834763775
MS,MS60249_PB,GSM4104137_CTTAGGATCGGCGCAT-1,PB,-0.13730678206774008
MS,MS60249_PB,GSM4104137_GAAATGAAGATCTGCT-1,PB,0.0365391750184998
MS,MS60249_PB,GSM4104137_GACTGCGTCAGCGACC-1,PB,0.42474145037706146
MS,MS60249_PB,GSM4104137_GAGTCCGTCCTGCTTG-1,PB,-0.1931061802223021
MS,MS60249_PB,GSM4104137_GAGTCCGTCGTTACGA-1,PB,-0.29792794834763775
MS,MS60249_PB,GSM4104137_GATCAGTCACCAGATT-1,PB,-0.29792794834763775
MS,MS60249_PB,GSM4104137_GATCGATTCTCGCTTG-1,PB,0.4375254295326236
MS,MS60249_PB,GSM4104137_GATTCAGCATGGATGG-1,PB,0.29519109505244717
MS,MS60249_PB,GSM4104137_GATTCAGGTAAGTGTA-1,PB,-0.29792794834763775
MS,MS60249_PB,GSM4104137_GCACATAGTCCGTCAG-1,PB,-0.10371427396424217
MS,MS60249_PB,GSM4104137_GCACTCTAGAGTTGGC-1,PB,0.3544513695900639
MS,MS60249_PB,GSM4104137_GCTTCCACATCTGGTA-1,PB,-0.17229226660443814
MS,MS60249_PB,GSM4104137_GCTTCCAGTTAGTGGG-1,PB,-0.29792794834763775
MS,MS60249_PB,GSM4104137_GGAAAGCCACGACTCG-1,PB,-0.29792794834763775
MS,MS60249_PB,GSM4104137_GGACAGACATGCTGGC-1,PB,-0.14479609119066592
MS,MS60249_PB,GSM4104137_GGATTACTCCTTTCTC-1,PB,0.1069546855818929
MS,MS60249_PB,GSM4104137_GGCCGATGTTTGTTTC-1,PB,-0.031929315606626554
MS,MS60249_PB,GSM4104137_GGCTCGATCACCACCT-1,PB,0.19684274721013564
MS,MS60249_PB,GSM4104137_GGGAATGCAATCACAC-1,PB,-0.29792794834763775
MS,MS60249_PB,GSM4104137_GGGAGATCATTTGCTT-1,PB,-0.29792794834763775
MS,MS60249_PB,GSM4104137_GGGATGAAGGGAACGG-1,PB,0.40549754222575535
MS,MS60249_PB,GSM4104137_GGGCATCTCTTGCCGT-1,PB,-0.29792794834763775
MS,MS60249_PB,GSM4104137_GGTATTGTCCGAATGT-1,PB,-0.29792794834763775
MS,MS60249_PB,GSM4104137_GTAACGTGTAGCAAAT-1,PB,-0.29792794834763775
MS,MS60249_PB,GSM4104137_GTACGTAGTCTGCAAT-1,PB,0.04911209967902918
MS,MS60249_PB,GSM4104137_GTACTTTCACAGGAGT-1,PB,-0.29792794834763775
MS,MS60249_PB,GSM4104137_GTAGGCCGTACGAAAT-1,PB,-0.10099601568318024
MS,MS60249_PB,GSM4104137_GTAGTCATCAGTTCGA-1,PB,0.1379613896219396
MS,MS60249_PB,GSM4104137_GTATTCTAGCTCCTTC-1,PB,-0.29792794834763775
MS,MS60249_PB,GSM4104137_GTGAAGGCAGAGCCAA-1,PB,-0.08830330991567344
MS,MS60249_PB,GSM4104137_GTGCATAAGTAGGTGC-1,PB,-0.1477048975657417
MS,MS60249_PB,GSM4104137_GTGCGGTAGTGGCACA-1,PB,-0.29792794834763775
MS,MS60249_PB,GSM4104137_GTGCGGTCAGTATGCT-1,PB,-0.08134912211626147
MS,MS60249_PB,GSM4104137_GTGTGCGCATAGGATA-1,PB,0.7400919368597549
MS,MS60249_PB,GSM4104137_GTTACAGGTTGCTCCT-1,PB,-0.29792794834763775
MS,MS60249_PB,GSM4104137_GTTCGGGAGTCTCCTC-1,PB,-0.16669094680025345
MS,MS60249_PB,GSM4104137_GTTCGGGTCATCATTC-1,PB,0.040360357779454306
MS,MS60249_PB,GSM4104137_TAAGAGACAGCAGTTT-1,PB,-0.29792794834763775
MS,MS60249_PB,GSM4104137_TACCTTATCTCCAACC-1,PB,-0.11329728995778988
MS,MS60249_PB,GSM4104137_TACGGATGTGAGGGTT-1,PB,-0.29792794834763775
MS,MS60249_PB,GSM4104137_TACGGGCAGCTGAACG-1,PB,0.0256305917494624
MS,MS60249_PB,GSM4104137_TATCAGGGTACCGCTG-1,PB,-0.29792794834763775
MS,MS60249_PB,GSM4104137_TATTACCGTTGAGTTC-1,PB,-0.29792794834763775
MS,MS60249_PB,GSM4104137_TCGCGAGTCCTCATTA-1,PB,0.0017601201281355735
MS,MS60249_PB,GSM4104137_TCGGGACCAAACAACA-1,PB,-0.29792794834763775
MS,MS60249_PB,GSM4104137_TCGTAGATCAGGCCCA-1,PB,0.017142638781337434
MS,MS60249_PB,GSM4104137_TCTCTAAAGCTCTCGG-1,PB,-0.14062293211559532
MS,MS60249_PB,GSM4104137_TCTCTAAGTAGTACCT-1,PB,0.29536197825805616
MS,MS60249_PB,GSM4104137_TCTGAGAAGGCCCTCA-1,PB,-0.04549190617704629
MS,MS60249_PB,GSM4104137_TGCGGGTTCAGAGACG-1,PB,-0.15223794172473187
MS,MS60249_PB,GSM4104137_TGCTGCTTCTCCCTGA-1,PB,-0.29792794834763775
MS,MS60249_PB,GSM4104137_TGGACGCAGGATTCGG-1,PB,-0.29792794834763775
MS,MS60249_PB,GSM4104137_TGGCCAGTCTGGTGTA-1,PB,0.3075677335741252
MS,MS60249_PB,GSM4104137_TGGCGCAAGGGCTCTC-1,PB,0.7197735838646223
MS,MS60249_PB,GSM4104137_TTCCCAGAGTGACTCT-1,PB,-0.006024896996588298
MS,MS60249_PB,GSM4104137_TTCGGTCAGTAGGTGC-1,PB,-0.29792794834763775
MS,MS60249_PB,GSM4104137_TTCTCCTGTCATCCCT-1,PB,-0.29792794834763775
MS,MS60249_PB,GSM4104137_TTTGGTTGTGGTCTCG-1,PB,-0.12147576896376573
MS,MS71658_PB,GSM4104135_AAACGGGGTTCAGCGC-1,PB,0.06089278460705376
MS,MS71658_PB,GSM4104135_AAAGATGTCCTATGTT-1,PB,-0.29792794834763775
MS,MS71658_PB,GSM4104135_AAAGCAATCCGCATAA-1,PB,0.22039369985857643
MS,MS71658_PB,GSM4104135_AAAGTAGAGACAAGCC-1,PB,0.3580776267047832
MS,MS71658_PB,GSM4104135_AACCGCGAGGGTGTGT-1,PB,0.11372048205728544
MS,MS71658_PB,GSM4104135_AACTCAGAGACAGGCT-1,PB,0.1363184982321599
MS,MS71658_PB,GSM4104135_AACTCCCTCGGAGGTA-1,PB,-0.29792794834763775
MS,MS71658_PB,GSM4104135_AACTTTCCAAGAGGCT-1,PB,-0.19169423442727634
MS,MS71658_PB,GSM4104135_ACATCAGCATCTCGCT-1,PB,-0.019382354269785938
MS,MS71658_PB,GSM4104135_ACCCACTGTGAACCTT-1,PB,-0.29792794834763775
MS,MS71658_PB,GSM4104135_ACCCACTGTGCACTTA-1,PB,-0.11429982257844935
MS,MS71658_PB,GSM4104135_ACCGTAAGTCACCCAG-1,PB,-0.29792794834763775
MS,MS71658_PB,GSM4104135_ACGAGGACATGGTCAT-1,PB,-0.29792794834763775
MS,MS71658_PB,GSM4104135_ACGATGTTCACCTCGT-1,PB,-0.29792794834763775
MS,MS71658_PB,GSM4104135_ACGGGCTGTCAACTGT-1,PB,0.10770045678232905
MS,MS71658_PB,GSM4104135_ACTATCTAGATGCGAC-1,PB,-0.209300767734939
MS,MS71658_PB,GSM4104135_ACTATCTCACTCAGGC-1,PB,0.19352109273895085
MS,MS71658_PB,GSM4104135_ACTGAGTGTGGTGTAG-1,PB,-0.0722029479972786
MS,MS71658_PB,GSM4104135_ACTTACTAGGACACCA-1,PB,-0.29792794834763775
MS,MS71658_PB,GSM4104135_AGAATAGGTTCTGTTT-1,PB,-0.29792794834763775
MS,MS71658_PB,GSM4104135_AGAATAGTCGAGCCCA-1,PB,-0.29792794834763775
MS,MS71658_PB,GSM4104135_AGAGCGAAGGATGGAA-1,PB,-0.29792794834763775
MS,MS71658_PB,GSM4104135_AGCCTAATCTATGTGG-1,PB,-0.29792794834763775
MS,MS71658_PB,GSM4104135_AGCGTATGTAAGTGTA-1,PB,-0.29792794834763775
MS,MS71658_PB,GSM4104135_AGCTTGAGTACAGACG-1,PB,-0.19662334317904157
MS,MS71658_PB,GSM4104135_AGGGATGGTCGCGTGT-1,PB,-0.03169477884487185
MS,MS71658_PB,GSM4104135_AGGTCATGTAATTGGA-1,PB,0.052775866560531855
MS,MS71658_PB,GSM4104135_AGGTCCGAGAGGACGG-1,PB,-0.29792794834763775
MS,MS71658_PB,GSM4104135_AGTAGTCTCACAAACC-1,PB,0.055915255246210716
MS,MS71658_PB,GSM4104135_AGTCTTTGTACCCAAT-1,PB,-0.29792794834763775
MS,MS71658_PB,GSM4104135_ATAACGCCATGGATGG-1,PB,-0.1733589338246766
MS,MS71658_PB,GSM4104135_ATAAGAGCACCTGGTG-1,PB,-0.29792794834763775
MS,MS71658_PB,GSM4104135_ATCACGAAGCGCTTAT-1,PB,0.3758464727004077
MS,MS71658_PB,GSM4104135_ATGAGGGCAATGGAGC-1,PB,-0.16212658861789983
MS,MS71658_PB,GSM4104135_ATTCTACGTTCTCATT-1,PB,0.26158813882920445
MS,MS71658_PB,GSM4104135_CAACCAACAAGGCTCC-1,PB,-0.29792794834763775
MS,MS71658_PB,GSM4104135_CAACCTCAGTGTACTC-1,PB,-0.29792794834763775
MS,MS71658_PB,GSM4104135_CAAGATCTCGCTTAGA-1,PB,-0.06651917162102203
MS,MS71658_PB,GSM4104135_CAAGGCCGTGACAAAT-1,PB,0.36027720200039565
MS,MS71658_PB,GSM4104135_CAAGTTGAGAAACGAG-1,PB,0.1217475757215808
MS,MS71658_PB,GSM4104135_CACAGGCGTCGAATCT-1,PB,-0.11640689847557141
MS,MS71658_PB,GSM4104135_CACAGGCTCGAGGTAG-1,PB,0.17212379674906506
MS,MS71658_PB,GSM4104135_CACAGTACAGCTGTTA-1,PB,-0.15904442419052822
MS,MS71658_PB,GSM4104135_CAGCTAAAGTGCGTGA-1,PB,-0.29792794834763775
MS,MS71658_PB,GSM4104135_CAGCTAACAAGGACTG-1,PB,-0.29792794834763775
MS,MS71658_PB,GSM4104135_CAGCTGGCAGACGCCT-1,PB,-0.07613741434466571
MS,MS71658_PB,GSM4104135_CAGTAACTCCTATGTT-1,PB,-0.29792794834763775
MS,MS71658_PB,GSM4104135_CATATTCTCCGGCACA-1,PB,-0.29792794834763775
MS,MS71658_PB,GSM4104135_CATCAAGAGACTACAA-1,PB,0.039514085638480086
MS,MS71658_PB,GSM4104135_CATCCACAGCCCAGCT-1,PB,-0.29792794834763775
MS,MS71658_PB,GSM4104135_CATCGAAAGGCTCTTA-1,PB,0.12587245602259348
MS,MS71658_PB,GSM4104135_CATGCCTTCCCGGATG-1,PB,-0.29792794834763775
MS,MS71658_PB,GSM4104135_CATTATCCAGCTGTGC-1,PB,-0.29792794834763775
MS,MS71658_PB,GSM4104135_CATTCGCAGACAGGCT-1,PB,-0.29792794834763775
MS,MS71658_PB,GSM4104135_CATTCGCAGATCGATA-1,PB,-0.29792794834763775
MS,MS71658_PB,GSM4104135_CCACGGAGTCCCGACA-1,PB,0.12434517336896168
MS,MS71658_PB,GSM4104135_CCAGCGAAGTATCTCG-1,PB,-0.18488829480490265
MS,MS71658_PB,GSM4104135_CCCATACCAATTGCTG-1,PB,-0.0867289228047479
MS,MS71658_PB,GSM4104135_CCGTACTTCTTCTGGC-1,PB,-0.29792794834763775
MS,MS71658_PB,GSM4104135_CCTACCAGTCAGAATA-1,PB,-0.29792794834763775
MS,MS71658_PB,GSM4104135_CCTACCATCAACCATG-1,PB,0.04143360230246786
MS,MS71658_PB,GSM4104135_CCTAGCTAGCTCCTCT-1,PB,-0.29792794834763775
MS,MS71658_PB,GSM4104135_CCTTCCCAGTCGCCGT-1,PB,-0.29792794834763775
MS,MS71658_PB,GSM4104135_CCTTCCCCAATCACAC-1,PB,-0.0996081665181071
MS,MS71658_PB,GSM4104135_CCTTCGAGTACTCTCC-1,PB,-0.29792794834763775
MS,MS71658_PB,GSM4104135_CCTTCGATCAGCAACT-1,PB,-0.19847615825452475
MS,MS71658_PB,GSM4104135_CGAACATGTTCCACTC-1,PB,-0.17655973969787
MS,MS71658_PB,GSM4104135_CGAACATTCGCACTCT-1,PB,-0.29792794834763775
MS,MS71658_PB,GSM4104135_CGATCGGAGTACGACG-1,PB,0.11360491096257906
MS,MS71658_PB,GSM4104135_CGATGTAGTCCGTCAG-1,PB,-0.025817810706410354
MS,MS71658_PB,GSM4104135_CGATGTATCCTTGACC-1,PB,0.1280974590388831
MS,MS71658_PB,GSM4104135_CGCCAAGTCAACGGCC-1,PB,-0.07494230370511012
MS,MS71658_PB,GSM4104135_CGCGGTATCCAGATCA-1,PB,-0.29792794834763775
MS,MS71658_PB,GSM4104135_CGCGTTTGTGGCGAAT-1,PB,0.0843424125615839
MS,MS71658_PB,GSM4104135_CGGACACAGATCTGCT-1,PB,-0.15610101683257835
MS,MS71658_PB,GSM4104135_CGGACGTTCGTAGGAG-1,PB,-0.29792794834763775
MS,MS71658_PB,GSM4104135_CGTTCTGGTACATCCA-1,PB,-0.18335444045086316
MS,MS71658_PB,GSM4104135_CGTTGGGTCCTGTACC-1,PB,0.14397557970107652
MS,MS71658_PB,GSM4104135_CTAAGACCATACAGCT-1,PB,-0.027957085366701568
MS,MS71658_PB,GSM4104135_CTAATGGCACAGCCCA-1,PB,-0.057795357727094855
MS,MS71658_PB,GSM4104135_CTAATGGTCAGGCGAA-1,PB,0.09676032957612371
MS,MS71658_PB,GSM4104135_CTACACCGTACTTAGC-1,PB,0.1366908327086544
MS,MS71658_PB,GSM4104135_CTACGTCAGATGTGGC-1,PB,0.0815802070971787
MS,MS71658_PB,GSM4104135_CTAGAGTTCCCTCTTT-1,PB,-0.29792794834763775
MS,MS71658_PB,GSM4104135_CTCAGAAAGTATGACA-1,PB,-0.29792794834763775
MS,MS71658_PB,GSM4104135_CTCCTAGGTACTCAAC-1,PB,0.2602157280568658
MS,MS71658_PB,GSM4104135_CTCGTACCAAGAGGCT-1,PB,0.02968223729599469
MS,MS71658_PB,GSM4104135_CTCGTCATCAGCGACC-1,PB,-0.29792794834763775
MS,MS71658_PB,GSM4104135_CTCTGGTAGAGCCTAG-1,PB,0.15151483847356356
MS,MS71658_PB,GSM4104135_CTGAAACTCAACGGGA-1,PB,-0.29792794834763775
MS,MS71658_PB,GSM4104135_CTGATAGGTCTTGTCC-1,PB,-0.29792794834763775
MS,MS71658_PB,GSM4104135_CTGATAGTCTCGGACG-1,PB,-0.29792794834763775
MS,MS71658_PB,GSM4104135_CTGCGGAAGATGGGTC-1,PB,0.15999494939335365
MS,MS71658_PB,GSM4104135_CTGTTTATCCGGCACA-1,PB,-0.18092351723554628
MS,MS71658_PB,GSM4104135_CTTACCGTCCGATATG-1,PB,-0.29792794834763775
MS,MS71658_PB,GSM4104135_CTTCTCTCAAGAGTCG-1,PB,-0.1068319205066132
MS,MS71658_PB,GSM4104135_CTTCTCTCACCAGATT-1,PB,-0.29792794834763775
MS,MS71658_PB,GSM4104135_GAAATGACACCTCGTT-1,PB,-0.07702344230941198
MS,MS71658_PB,GSM4104135_GAATAAGCAAAGTCAA-1,PB,0.4763589905380251
MS,MS71658_PB,GSM4104135_GAATAAGCACTTCGAA-1,PB,0.24388692959075822
MS,MS71658_PB,GSM4104135_GACACGCTCACAGGCC-1,PB,-0.29792794834763775
MS,MS71658_PB,GSM4104135_GACGCGTTCTGGGCCA-1,PB,-0.0685978521870303
MS,MS71658_PB,GSM4104135_GACTACATCTACCTGC-1,PB,0.3358602589376584
MS,MS71658_PB,GSM4104135_GAGCAGAAGAAACCAT-1,PB,0.11971864833857158
MS,MS71658_PB,GSM4104135_GAGCAGAGTGTGCCTG-1,PB,-0.29792794834763775
MS,MS71658_PB,GSM4104135_GAGTCCGAGCGTGAGT-1,PB,0.04574827443603958
MS,MS71658_PB,GSM4104135_GAGTCCGTCCTGCCAT-1,PB,-0.29792794834763775
MS,MS71658_PB,GSM4104135_GATCAGTGTAAGTGTA-1,PB,-0.1032841332610613
MS,MS71658_PB,GSM4104135_GATCGATCATGGTCAT-1,PB,-0.29792794834763775
MS,MS71658_PB,GSM4104135_GATGAGGAGACTACAA-1,PB,0.02817737589403577
MS,MS71658_PB,GSM4104135_GATGCTAAGCCGGTAA-1,PB,-0.29792794834763775
MS,MS71658_PB,GSM4104135_GATTCAGCACCAGGTC-1,PB,0.2672192751712645
MS,MS71658_PB,GSM4104135_GCACATAAGAAAGTGG-1,PB,-0.12613774848829645
MS,MS71658_PB,GSM4104135_GCACTCTTCTCTGTCG-1,PB,0.3666440077551992
MS,MS71658_PB,GSM4104135_GCATACACATGGGACA-1,PB,0.035101818255389564
MS,MS71658_PB,GSM4104135_GCATGCGCACGACGAA-1,PB,-0.11889628293314287
MS,MS71658_PB,GSM4104135_GCCTCTAAGGTAGCCA-1,PB,-0.29792794834763775
MS,MS71658_PB,GSM4104135_GCGGGTTTCCGTAGTA-1,PB,0.4833257678547495
MS,MS71658_PB,GSM4104135_GCTGCGATCATGCTCC-1,PB,-0.07057507214260446
MS,MS71658_PB,GSM4104135_GGAAAGCAGACGCTTT-1,PB,-0.16917016620147132
MS,MS71658_PB,GSM4104135_GGAAAGCGTGGCAAAC-1,PB,-0.29792794834763775
MS,MS71658_PB,GSM4104135_GGAACTTCACCTCGGA-1,PB,-0.15206429034650518
MS,MS71658_PB,GSM4104135_GGAATAACACCATCCT-1,PB,-0.29792794834763775
MS,MS71658_PB,GSM4104135_GGACATTTCTTCGAGA-1,PB,0.16359758589549828
MS,MS71658_PB,GSM4104135_GGAGCAATCTGCGTAA-1,PB,-0.29792794834763775
MS,MS71658_PB,GSM4104135_GGCCGATCAATCGAAA-1,PB,-0.02431299292047631
MS,MS71658_PB,GSM4104135_GGCGACTAGGTAGCTG-1,PB,-0.29792794834763775
MS,MS71658_PB,GSM4104135_GGCGACTCAGATCGGA-1,PB,-0.29792794834763775
MS,MS71658_PB,GSM4104135_GGCGTGTTCTCTAAGG-1,PB,-0.29792794834763775
MS,MS71658_PB,GSM4104135_GGCTCGAAGAGATGAG-1,PB,-0.29792794834763775
MS,MS71658_PB,GSM4104135_GGGACCTTCGATGAGG-1,PB,-0.29792794834763775
MS,MS71658_PB,GSM4104135_GGGCACTTCTTATCTG-1,PB,-0.29792794834763775
MS,MS71658_PB,GSM4104135_GGGTTGCAGGAATTAC-1,PB,-0.1209121078942759
MS,MS71658_PB,GSM4104135_GGTGAAGGTCCAGTTA-1,PB,0.18389015666956193
MS,MS71658_PB,GSM4104135_GTAACTGTCGCATGAT-1,PB,-0.29792794834763775
MS,MS71658_PB,GSM4104135_GTCAAGTAGCTGAAAT-1,PB,0.08491272638471413
MS,MS71658_PB,GSM4104135_GTCCTCACAAACGCGA-1,PB,-0.29792794834763775
MS,MS71658_PB,GSM4104135_GTCTCGTGTTACGCGC-1,PB,-0.29792794834763775
MS,MS71658_PB,GSM4104135_GTTAAGCAGGCCCGTT-1,PB,-0.07029983152370088
MS,MS71658_PB,GSM4104135_TAAGCGTCAGCATGAG-1,PB,-0.29792794834763775
MS,MS71658_PB,GSM4104135_TAAGCGTTCCTCATTA-1,PB,-0.027944401811852402
MS,MS71658_PB,GSM4104135_TAAGTGCTCATGCAAC-1,PB,0.47840584622363286
MS,MS71658_PB,GSM4104135_TACGGTAAGCCGATTT-1,PB,-0.29792794834763775
MS,MS71658_PB,GSM4104135_TAGCCGGGTGACGCCT-1,PB,0.25946331979901377
MS,MS71658_PB,GSM4104135_TATCTCAGTGAGTGAC-1,PB,-0.29792794834763775
MS,MS71658_PB,GSM4104135_TCACAAGTCGTATCAG-1,PB,-0.29792794834763775
MS,MS71658_PB,GSM4104135_TCACGAAAGCGTTCCG-1,PB,-0.29792794834763775
MS,MS71658_PB,GSM4104135_TCAGCTCTCCCACTTG-1,PB,-0.29792794834763775
MS,MS71658_PB,GSM4104135_TCAGGATTCCAGTATG-1,PB,0.34387217205802895
MS,MS71658_PB,GSM4104135_TCGCGTTGTAAATGTG-1,PB,-0.29792794834763775
MS,MS71658_PB,GSM4104135_TGAGCATCATGGATGG-1,PB,0.20504831793489126
MS,MS71658_PB,GSM4104135_TGCGCAGGTAAGCACG-1,PB,-0.19932299399389303
MS,MS71658_PB,GSM4104135_TGCGGGTAGGATGTAT-1,PB,-0.29792794834763775
MS,MS71658_PB,GSM4104135_TGCTGCTAGGAACTGC-1,PB,0.03728466976869937
MS,MS71658_PB,GSM4104135_TGGCCAGCACCTCGGA-1,PB,0.09384235851370495
MS,MS71658_PB,GSM4104135_TGGGAAGAGATAGCAT-1,PB,-0.18984380183125932
MS,MS71658_PB,GSM4104135_TGGGCGTCACCTATCC-1,PB,-0.14318058872742787
MS,MS71658_PB,GSM4104135_TGGGCGTTCAACTCTT-1,PB,-0.12827011910476396
MS,MS71658_PB,GSM4104135_TGGTTAGCAAGGCTCC-1,PB,0.2007932915985112
MS,MS71658_PB,GSM4104135_TGGTTCCCAGCGTTCG-1,PB,-0.29792794834763775
MS,MS71658_PB,GSM4104135_TGTATTCCATTAGGCT-1,PB,-0.024532862823363116
MS,MS71658_PB,GSM4104135_TGTCCCAGTTCCACAA-1,PB,0.19023145918162426
MS,MS71658_PB,GSM4104135_TGTCCCATCGTTTAGG-1,PB,-0.29792794834763775
MS,MS71658_PB,GSM4104135_TTAACTCAGTGGGCTA-1,PB,-0.29792794834763775
MS,MS71658_PB,GSM4104135_TTCCCAGCATCAGTCA-1,PB,0.05702333788676362
MS,MS71658_PB,GSM4104135_TTCTCCTGTTGATTGC-1,PB,-0.29792794834763775
MS,MS71658_PB,GSM4104135_TTCTTAGCACGCGAAA-1,PB,-0.06563794193650309
MS,MS71658_PB,GSM4104135_TTCTTAGTCAGTTAGC-1,PB,-0.045398316881945656
MS,MS71658_PB,GSM4104135_TTGCCGTCACGCTTTC-1,PB,-0.1426133781040378
MS,MS71658_PB,GSM4104135_TTGCCGTTCTTGTATC-1,PB,-0.29792794834763775
MS,MS71658_PB,GSM4104135_TTGGAACGTATATCCG-1,PB,-0.12085902791927003
MS,MS71658_PB,GSM4104135_TTGGCAATCTGGTGTA-1,PB,0.06461681864315023
MS,MS74594_PB,GSM4104138_AAACCTGGTAAACGCG-1,PB,-0.29792794834763775
MS,MS74594_PB,GSM4104138_AAAGATGGTCTAACGT-1,PB,-0.29792794834763775
MS,MS74594_PB,GSM4104138_AAAGTAGCAACTTGAC-1,PB,-0.29792794834763775
MS,MS74594_PB,GSM4104138_AACCATGTCCACGTTC-1,PB,-0.1675063478843866
MS,MS74594_PB,GSM4104138_AACCGCGCACCAGTTA-1,PB,0.17112214718143806
MS,MS74594_PB,GSM4104138_AACTCAGGTGCCTGTG-1,PB,-0.031934992400956756
MS,MS74594_PB,GSM4104138_AACTCTTTCAAGCCTA-1,PB,-0.21012899600809679
MS,MS74594_PB,GSM4104138_AAGACCTAGACTAGAT-1,PB,-0.11508497656680206
MS,MS74594_PB,GSM4104138_AAGACCTCAACTGCGC-1,PB,0.18701077573243904
MS,MS74594_PB,GSM4104138_AAGACCTCAAGAAAGG-1,PB,-0.07076015099486434
MS,MS74594_PB,GSM4104138_AAGACCTGTATAAACG-1,PB,-0.14295142881917874
MS,MS74594_PB,GSM4104138_AAGCCGCGTAGCTCCG-1,PB,-0.29792794834763775
MS,MS74594_PB,GSM4104138_AAGGTTCAGTAGCCGA-1,PB,-0.1783299822571712
MS,MS74594_PB,GSM4104138_AATCCAGGTTAGTGGG-1,PB,0.15853213240314018
MS,MS74594_PB,GSM4104138_ACACCCTAGTTTGCGT-1,PB,-0.29792794834763775
MS,MS74594_PB,GSM4104138_ACACCCTTCTGCCAGG-1,PB,-0.29792794834763775
MS,MS74594_PB,GSM4104138_ACACCGGCATTCCTGC-1,PB,0.003753434389262154
MS,MS74594_PB,GSM4104138_ACACCGGTCTATCCTA-1,PB,-0.29792794834763775
MS,MS74594_PB,GSM4104138_ACACTGAAGAGGGATA-1,PB,-0.16190998403959775
MS,MS74594_PB,GSM4104138_ACAGCCGGTAGCTTGT-1,PB,0.29305237601398443
MS,MS74594_PB,GSM4104138_ACATACGAGACCCACC-1,PB,-0.29792794834763775
MS,MS74594_PB,GSM4104138_ACATCAGGTCTTGTCC-1,PB,0.030145190431342055
MS,MS74594_PB,GSM4104138_ACATCAGGTGTGCCTG-1,PB,0.07310520797834488
MS,MS74594_PB,GSM4104138_ACCAGTAAGTTATCGC-1,PB,0.08636819447043158
MS,MS74594_PB,GSM4104138_ACCAGTACAGTCGATT-1,PB,-0.29792794834763775
MS,MS74594_PB,GSM4104138_ACCGTAAAGCTCCTCT-1,PB,-0.20056993549373844
MS,MS74594_PB,GSM4104138_ACCGTAAGTCTTCGTC-1,PB,-0.29792794834763775
MS,MS74594_PB,GSM4104138_ACCTTTATCAAACCAC-1,PB,0.6860320205454344
MS,MS74594_PB,GSM4104138_ACCTTTATCCACTGGG-1,PB,-0.2387589803313672
MS,MS74594_PB,GSM4104138_ACGAGGATCCAGTATG-1,PB,-0.060321378416347216
MS,MS74594_PB,GSM4104138_ACGATGTGTCTCCATC-1,PB,0.024039668714711523
MS,MS74594_PB,GSM4104138_ACGATGTTCACCAGGC-1,PB,0.13363356421349318
MS,MS74594_PB,GSM4104138_ACGCAGCAGATAGGAG-1,PB,-0.29792794834763775
MS,MS74594_PB,GSM4104138_ACGCAGCAGCGGCTTC-1,PB,-0.29792794834763775
MS,MS74594_PB,GSM4104138_ACGTCAACATTACGAC-1,PB,-0.29792794834763775
MS,MS74594_PB,GSM4104138_ACTATCTGTGAAAGAG-1,PB,0.199164633292473
MS,MS74594_PB,GSM4104138_ACTGAACTCATGCTCC-1,PB,-0.29792794834763775
MS,MS74594_PB,GSM4104138_ACTGAGTCACACCGAC-1,PB,0.140335279816472
MS,MS74594_PB,GSM4104138_ACTGTCCGTGCCTGTG-1,PB,0.24738395986444733
MS,MS74594_PB,GSM4104138_ACTGTCCTCGCCGTGA-1,PB,-0.18158457989248902
MS,MS74594_PB,GSM4104138_ACTTTCAAGTCCTCCT-1,PB,-0.024915742228374376
MS,MS74594_PB,GSM4104138_AGAGTGGAGCGTTTAC-1,PB,-0.20261631446002812
MS,MS74594_PB,GSM4104138_AGAGTGGGTTAGATGA-1,PB,-0.15527453347225317
MS,MS74594_PB,GSM4104138_AGATTGCAGCTGAACG-1,PB,-0.29792794834763775
MS,MS74594_PB,GSM4104138_AGATTGCCAATGGACG-1,PB,-0.29792794834763775
MS,MS74594_PB,GSM4104138_AGATTGCCACCGATAT-1,PB,-0.06422240320663157
MS,MS74594_PB,GSM4104138_AGCAGCCAGAGGTAGA-1,PB,-0.13285074773772657
MS,MS74594_PB,GSM4104138_AGCCTAACAAGCCGTC-1,PB,0.09009549623189149
MS,MS74594_PB,GSM4104138_AGCCTAAGTCCCTACT-1,PB,-0.29792794834763775
MS,MS74594_PB,GSM4104138_AGCTCCTAGCGATCCC-1,PB,-0.29792794834763775
MS,MS74594_PB,GSM4104138_AGCTTGATCACCGTAA-1,PB,0.003745470100496132
MS,MS74594_PB,GSM4104138_AGGCCACTCACTTCAT-1,PB,-0.29792794834763775
MS,MS74594_PB,GSM4104138_AGGGAGTAGCCGGTAA-1,PB,-0.09267467815311885
MS,MS74594_PB,GSM4104138_AGGGAGTCAGGACGTA-1,PB,-0.018623591423710315
MS,MS74594_PB,GSM4104138_AGGGATGTCCGTCAAA-1,PB,-0.29792794834763775
MS,MS74594_PB,GSM4104138_AGGGTGAAGCCCAGCT-1,PB,0.13224701753304213
MS,MS74594_PB,GSM4104138_AGGGTGACATTCACTT-1,PB,-0.17103569673567506
MS,MS74594_PB,GSM4104138_AGTCTTTTCGAATGGG-1,PB,-0.13458243239488019
MS,MS74594_PB,GSM4104138_AGTGTCACATAGAAAC-1,PB,-0.29792794834763775
MS,MS74594_PB,GSM4104138_AGTTGGTGTGAGTATA-1,PB,-0.16941031087347266
MS,MS74594_PB,GSM4104138_ATAACGCCACTTACGA-1,PB,-0.29792794834763775
MS,MS74594_PB,GSM4104138_ATCACGAAGGTAGCTG-1,PB,-0.07711899327371617
MS,MS74594_PB,GSM4104138_ATCACGACACCACCAG-1,PB,0.33286491766738757
MS,MS74594_PB,GSM4104138_ATCATCTCACCACCAG-1,PB,-0.10683816533305093
MS,MS74594_PB,GSM4104138_ATCATGGTCAACGCTA-1,PB,-0.16453027815398205
MS,MS74594_PB,GSM4104138_ATCTGCCGTCGCGTGT-1,PB,-0.29792794834763775
MS,MS74594_PB,GSM4104138_ATGAGGGAGGGTATCG-1,PB,-0.06776521896856728
MS,MS74594_PB,GSM4104138_ATGAGGGGTAAACGCG-1,PB,0.02925425925480638
MS,MS74594_PB,GSM4104138_ATGAGGGGTCTAGAGG-1,PB,0.1283471915988475
MS,MS74594_PB,GSM4104138_ATGGGAGCATCCAACA-1,PB,0.04958038778193329
MS,MS74594_PB,GSM4104138_ATGGGAGGTATAATGG-1,PB,-0.29792794834763775
MS,MS74594_PB,GSM4104138_ATTACTCGTTCCATGA-1,PB,-0.18175318303850854
MS,MS74594_PB,GSM4104138_ATTGGACTCATGTCTT-1,PB,0.2996866414700604
MS,MS74594_PB,GSM4104138_ATTGGACTCTCACATT-1,PB,-0.1887531992371434
MS,MS74594_PB,GSM4104138_ATTGGACTCTGGCGTG-1,PB,0.22575440715204223
MS,MS74594_PB,GSM4104138_ATTGGTGCACATTCGA-1,PB,-0.29792794834763775
MS,MS74594_PB,GSM4104138_CAACCAATCTGAAAGA-1,PB,-0.14700132839994856
MS,MS74594_PB,GSM4104138_CAACCTCCACCGATAT-1,PB,0.04245809924854753
MS,MS74594_PB,GSM4104138_CAACCTCTCCGCGCAA-1,PB,0.020480274480028475
MS,MS74594_PB,GSM4104138_CAAGGCCGTTCACCTC-1,PB,-0.29792794834763775
MS,MS74594_PB,GSM4104138_CACAAACTCCTTTACA-1,PB,-0.11304850357923803
MS,MS74594_PB,GSM4104138_CACAGTACATGGTCTA-1,PB,0.217098859982135
MS,MS74594_PB,GSM4104138_CACATAGAGTAGTGCG-1,PB,0.43334801357445657
MS,MS74594_PB,GSM4104138_CACATTTCATCCTTGC-1,PB,-0.21092093419318333
MS,MS74594_PB,GSM4104138_CACCACTAGTGATCGG-1,PB,-0.29792794834763775
MS,MS74594_PB,GSM4104138_CACTCCACAAAGGTGC-1,PB,0.518127550325356
MS,MS74594_PB,GSM4104138_CAGAATCGTTACCAGT-1,PB,0.014142276495316995
MS,MS74594_PB,GSM4104138_CAGCCGACACGGTTTA-1,PB,-0.06789407087124592
MS,MS74594_PB,GSM4104138_CAGCCGACATGGTTGT-1,PB,-0.29792794834763775
MS,MS74594_PB,GSM4104138_CAGCCGATCCACTGGG-1,PB,0.22578207279865886
MS,MS74594_PB,GSM4104138_CAGCCGATCGGCCGAT-1,PB,-0.20458147801869245
MS,MS74594_PB,GSM4104138_CAGCCGATCTAAGCCA-1,PB,-0.29792794834763775
MS,MS74594_PB,GSM4104138_CAGCGACTCACCATAG-1,PB,0.05679635644873782
MS,MS74594_PB,GSM4104138_CAGCTGGGTTAGGGTG-1,PB,0.13114696809391466
MS,MS74594_PB,GSM4104138_CAGTAACAGGGTGTGT-1,PB,-0.18683376521051118
MS,MS74594_PB,GSM4104138_CAGTCCTCAGCGATCC-1,PB,-0.29792794834763775
MS,MS74594_PB,GSM4104138_CATATTCTCGGATGGA-1,PB,0.22862774626709084
MS,MS74594_PB,GSM4104138_CATCAGACAACACGCC-1,PB,-0.14172181809823495
MS,MS74594_PB,GSM4104138_CATCAGATCGTCCAGG-1,PB,-0.29792794834763775
MS,MS74594_PB,GSM4104138_CATCCACTCAACCATG-1,PB,0.2487804232157016
MS,MS74594_PB,GSM4104138_CATGACATCGTCTGCT-1,PB,0.13825245981864406
MS,MS74594_PB,GSM4104138_CATGACATCTTCTGGC-1,PB,0.059116811675756456
MS,MS74594_PB,GSM4104138_CATGCCTCACAGCGTC-1,PB,-0.29792794834763775
MS,MS74594_PB,GSM4104138_CATTATCGTCGACTGC-1,PB,-0.1595274543101465
MS,MS74594_PB,GSM4104138_CATTCGCAGAGACGAA-1,PB,-0.0930478729514675
MS,MS74594_PB,GSM4104138_CCAATCCCAGTCGATT-1,PB,0.24557561865386432
MS,MS74594_PB,GSM4104138_CCAATCCCATAGACTC-1,PB,-0.19865992080575517
MS,MS74594_PB,GSM4104138_CCAATCCTCACAGTAC-1,PB,-0.29792794834763775
MS,MS74594_PB,GSM4104138_CCACGGAGTCGACTGC-1,PB,-0.19477726338306187
MS,MS74594_PB,GSM4104138_CCACTACTCAACACGT-1,PB,0.24080783744211767
MS,MS74594_PB,GSM4104138_CCATTCGAGAACTGTA-1,PB,-0.18930535621402284
MS,MS74594_PB,GSM4104138_CCCATACGTTGTTTGG-1,PB,-0.29792794834763775
MS,MS74594_PB,GSM4104138_CCCTCCTGTACATCCA-1,PB,-0.29792794834763775
MS,MS74594_PB,GSM4104138_CCCTCCTTCACGCATA-1,PB,-0.29792794834763775
MS,MS74594_PB,GSM4104138_CCGGTAGAGTACGTAA-1,PB,-0.29792794834763775
MS,MS74594_PB,GSM4104138_CCGTACTGTATAATGG-1,PB,-0.29792794834763775
MS,MS74594_PB,GSM4104138_CCGTGGATCTTTAGGG-1,PB,-0.0429216936351148
MS,MS74594_PB,GSM4104138_CCGTTCATCGCTTAGA-1,PB,-0.06471727064426447
MS,MS74594_PB,GSM4104138_CCTAAAGGTCTAGCCG-1,PB,-0.29792794834763775
MS,MS74594_PB,GSM4104138_CCTAAAGGTCTTGCGG-1,PB,0.05810510587319017
MS,MS74594_PB,GSM4104138_CCTACACAGTAGGCCA-1,PB,-0.18995468262666806
MS,MS74594_PB,GSM4104138_CCTCAGTAGCTTTGGT-1,PB,-0.29792794834763775
MS,MS74594_PB,GSM4104138_CCTTCGATCTGGCGAC-1,PB,-0.197114083685793
MS,MS74594_PB,GSM4104138_CGACCTTAGTCCGTAT-1,PB,-0.09782230998608431
MS,MS74594_PB,GSM4104138_CGACTTCTCCCGGATG-1,PB,-0.29792794834763775
MS,MS74594_PB,GSM4104138_CGAGAAGCAGCTGTTA-1,PB,-0.16141955516518158
MS,MS74594_PB,GSM4104138_CGATCGGCACGGCGTT-1,PB,0.2065354305046081
MS,MS74594_PB,GSM4104138_CGATGGCGTACGCACC-1,PB,-0.29792794834763775
MS,MS74594_PB,GSM4104138_CGCGGTAAGCTTTGGT-1,PB,-0.1736879270967837
MS,MS74594_PB,GSM4104138_CGCGGTATCGGATGTT-1,PB,-0.04976220430521374
MS,MS74594_PB,GSM4104138_CGCTATCCATGGAATA-1,PB,-0.29792794834763775
MS,MS74594_PB,GSM4104138_CGCTGGAAGACTACAA-1,PB,-0.29792794834763775
MS,MS74594_PB,GSM4104138_CGGACACAGTCATGCT-1,PB,0.31149224160154354
MS,MS74594_PB,GSM4104138_CGGACACCAGCTTCGG-1,PB,0.4157288982521881
MS,MS74594_PB,GSM4104138_CGGACACCATGCCTAA-1,PB,-0.16220760297240563
MS,MS74594_PB,GSM4104138_CGGACTGAGCTCTCGG-1,PB,-0.17311637328864599
MS,MS74594_PB,GSM4104138_CGGACTGGTCTCTCGT-1,PB,0.2215276158868939
MS,MS74594_PB,GSM4104138_CGGACTGGTCTTCAAG-1,PB,0.07643204715379366
MS,MS74594_PB,GSM4104138_CGGCTAGGTGGTGTAG-1,PB,-0.19315055264577755
MS,MS74594_PB,GSM4104138_CGGGTCATCGTGGTCG-1,PB,-0.29792794834763775
MS,MS74594_PB,GSM4104138_CGGTTAACAGATAATG-1,PB,-0.29792794834763775
MS,MS74594_PB,GSM4104138_CGTGTCTTCCTATTCA-1,PB,-0.19892112901862016
MS,MS74594_PB,GSM4104138_CTAATGGAGTTAAGTG-1,PB,-0.29792794834763775
MS,MS74594_PB,GSM4104138_CTAGAGTGTATAGGGC-1,PB,0.011795446360186432
MS,MS74594_PB,GSM4104138_CTAGAGTTCCCAGGTG-1,PB,-0.29792794834763775
MS,MS74594_PB,GSM4104138_CTAGCCTCAAAGCGGT-1,PB,0.0394467682967569
MS,MS74594_PB,GSM4104138_CTAGTGACAAGCCATT-1,PB,-0.29792794834763775
MS,MS74594_PB,GSM4104138_CTCACACTCGCACTCT-1,PB,-0.1691967321446192
MS,MS74594_PB,GSM4104138_CTCAGAAGTCGGCATC-1,PB,-0.056031332442191786
MS,MS74594_PB,GSM4104138_CTCGAGGAGGTTACCT-1,PB,-0.29792794834763775
MS,MS74594_PB,GSM4104138_CTCGTCAAGATGGCGT-1,PB,0.19994446616715425
MS,MS74594_PB,GSM4104138_CTCTACGTCGTTTATC-1,PB,0.13720852687511792
MS,MS74594_PB,GSM4104138_CTCTGGTAGGTGCTAG-1,PB,0.26708075368330075
MS,MS74594_PB,GSM4104138_CTGAAGTGTCAGGACA-1,PB,-0.29792794834763775
MS,MS74594_PB,GSM4104138_CTGATAGGTAAGGGCT-1,PB,-0.0698111952319059
MS,MS74594_PB,GSM4104138_CTGCGGATCACGCGGT-1,PB,-0.29792794834763775
MS,MS74594_PB,GSM4104138_CTGCTGTGTGGCAAAC-1,PB,-0.13206728751007818
MS,MS74594_PB,GSM4104138_CTGTGCTGTCGGGTCT-1,PB,-0.057146975298438166
MS,MS74594_PB,GSM4104138_GAAATGACAAGACACG-1,PB,0.004277464565536634
MS,MS74594_PB,GSM4104138_GAACATCGTGTCAATC-1,PB,-0.29792794834763775
MS,MS74594_PB,GSM4104138_GAACGGATCTGGAGCC-1,PB,0.3112561878152933
MS,MS74594_PB,GSM4104138_GAATAAGAGAATTGTG-1,PB,0.016251635976320716
MS,MS74594_PB,GSM4104138_GAATGAAAGATGTGTA-1,PB,-0.29792794834763775
MS,MS74594_PB,GSM4104138_GAATGAAAGTTGTAGA-1,PB,-0.08751801771071335
MS,MS74594_PB,GSM4104138_GAATGAAGTACCGCTG-1,PB,-0.13633131426431713
MS,MS74594_PB,GSM4104138_GACCAATAGCGTGTCC-1,PB,-0.29792794834763775
MS,MS74594_PB,GSM4104138_GACCAATCACACGCTG-1,PB,-0.17722474299595511
MS,MS74594_PB,GSM4104138_GACCTGGGTCCGAACC-1,PB,0.20778680939614033
MS,MS74594_PB,GSM4104138_GACGCGTGTTATCCGA-1,PB,-0.18096152632778928
MS,MS74594_PB,GSM4104138_GACGGCTCAGGGTATG-1,PB,-0.17868878165424543
MS,MS74594_PB,GSM4104138_GACTAACAGGCGTACA-1,PB,-0.18056099835576114
MS,MS74594_PB,GSM4104138_GACTAACGTATGAAAC-1,PB,-0.29792794834763775
MS,MS74594_PB,GSM4104138_GACTACATCAACGCTA-1,PB,0.2761210014575373
MS,MS74594_PB,GSM4104138_GACTGCGAGAATGTTG-1,PB,-0.14157680838553474
MS,MS74594_PB,GSM4104138_GAGCAGACAGTAGAGC-1,PB,-0.036736431905504616
MS,MS74594_PB,GSM4104138_GATCGTATCACATAGC-1,PB,-0.15793871736788687
MS,MS74594_PB,GSM4104138_GATGAAAGTGGTCTCG-1,PB,-0.29792794834763775
MS,MS74594_PB,GSM4104138_GATGAAATCTCGTATT-1,PB,-0.29792794834763775
MS,MS74594_PB,GSM4104138_GATGCTAGTAGTACCT-1,PB,-0.004475616388102399
MS,MS74594_PB,GSM4104138_GATTCAGCACGACGAA-1,PB,-0.1644296722071775
MS,MS74594_PB,GSM4104138_GCAGCCAAGCCGTCGT-1,PB,-0.001944861486189989
MS,MS74594_PB,GSM4104138_GCAGTTACAGGAACGT-1,PB,-0.005642748896325449
MS,MS74594_PB,GSM4104138_GCATGATGTTACGACT-1,PB,-0.1041469386876408
MS,MS74594_PB,GSM4104138_GCCTCTAAGATAGTCA-1,PB,-0.29792794834763775
MS,MS74594_PB,GSM4104138_GCCTCTAGTAAAGGAG-1,PB,-0.08690074039727502
MS,MS74594_PB,GSM4104138_GCGACCATCATGTCCC-1,PB,0.42255990831257506
MS,MS74594_PB,GSM4104138_GCGCCAAGTTCAGTAC-1,PB,-0.29792794834763775
MS,MS74594_PB,GSM4104138_GCGCGATGTGACTCAT-1,PB,-0.29792794834763775
MS,MS74594_PB,GSM4104138_GCGGGTTAGTCAAGGC-1,PB,-0.08213718995039733
MS,MS74594_PB,GSM4104138_GCTCTGTGTAGGGTAC-1,PB,-0.12742182696379653
MS,MS74594_PB,GSM4104138_GCTCTGTTCCCAGGTG-1,PB,0.37856157982553656
MS,MS74594_PB,GSM4104138_GCTGCGACACAAGCCC-1,PB,-0.014463626542928733
MS,MS74594_PB,GSM4104138_GCTGCTTAGCCGTCGT-1,PB,-0.29792794834763775
MS,MS74594_PB,GSM4104138_GCTGGGTAGAAACGCC-1,PB,-0.29792794834763775
MS,MS74594_PB,GSM4104138_GCTTCCACACGTCAGC-1,PB,-0.29792794834763775
MS,MS74594_PB,GSM4104138_GGAAAGCCAAGCGATG-1,PB,-0.29792794834763775
MS,MS74594_PB,GSM4104138_GGAATAAGTGCCTGTG-1,PB,-0.16070354469067727
MS,MS74594_PB,GSM4104138_GGACAGAAGAGAGCTC-1,PB,0.3529755798404302
MS,MS74594_PB,GSM4104138_GGATTACAGACAGAGA-1,PB,-0.2210241500018184
MS,MS74594_PB,GSM4104138_GGATTACAGATTACCC-1,PB,-0.09322179418459942
MS,MS74594_PB,GSM4104138_GGCGACTAGCTAACTC-1,PB,-0.10310897828543686
MS,MS74594_PB,GSM4104138_GGGAATGAGGAGTAGA-1,PB,-0.03693882660583607
MS,MS74594_PB,GSM4104138_GGGAATGCAAACTGCT-1,PB,-0.29792794834763775
MS,MS74594_PB,GSM4104138_GGGAATGTCCATGAAC-1,PB,-0.17810947724835066
MS,MS74594_PB,GSM4104138_GGGACCTAGCTAGTCT-1,PB,-0.29792794834763775
MS,MS74594_PB,GSM4104138_GGGCACTGTTCTGTTT-1,PB,-0.1746198183583599
MS,MS74594_PB,GSM4104138_GGGCACTTCACGCGGT-1,PB,-0.19183127223353308
MS,MS74594_PB,GSM4104138_GGGCATCAGGGCACTA-1,PB,-0.0023587580581064965
MS,MS74594_PB,GSM4104138_GGGTTGCCAGGCGATA-1,PB,-0.29792794834763775
MS,MS74594_PB,GSM4104138_GGGTTGCGTGAAATCA-1,PB,0.3364490154382005
MS,MS74594_PB,GSM4104138_GGTATTGTCAGCTCGG-1,PB,-0.03673822501259605
MS,MS74594_PB,GSM4104138_GGTATTGTCGACCAGC-1,PB,-0.29792794834763775
MS,MS74594_PB,GSM4104138_GGTGTTAAGGAGTAGA-1,PB,-0.02471998308120318
MS,MS74594_PB,GSM4104138_GGTGTTAGTCCCTTGT-1,PB,-0.29792794834763775
MS,MS74594_PB,GSM4104138_GGTGTTATCCAGAAGG-1,PB,-0.29792794834763775
MS,MS74594_PB,GSM4104138_GGTGTTATCTCGAGTA-1,PB,-0.29792794834763775
MS,MS74594_PB,GSM4104138_GTACTTTAGGACATTA-1,PB,-0.08298281960964501
MS,MS74594_PB,GSM4104138_GTACTTTGTCCGCTGA-1,PB,-0.29792794834763775
MS,MS74594_PB,GSM4104138_GTCACAAGTAGAGTGC-1,PB,0.07832841926777268
MS,MS74594_PB,GSM4104138_GTCACGGGTGAAAGAG-1,PB,-0.15065356738772626
MS,MS74594_PB,GSM4104138_GTCCTCAGTTCGAATC-1,PB,-0.14093337823742783
MS,MS74594_PB,GSM4104138_GTCGGGTAGAAGGGTA-1,PB,-0.1342371331970578
MS,MS74594_PB,GSM4104138_GTCGGGTAGAATCTCC-1,PB,-0.29792794834763775
MS,MS74594_PB,GSM4104138_GTCGTAAAGCGATATA-1,PB,-0.021704621022003517
MS,MS74594_PB,GSM4104138_GTCTCGTAGCTGCAAG-1,PB,-0.14526667612218663
MS,MS74594_PB,GSM4104138_GTCTCGTCAGCGAACA-1,PB,0.22217946240145767
MS,MS74594_PB,GSM4104138_GTCTTCGTCGCAAGCC-1,PB,0.12432280569527362
MS,MS74594_PB,GSM4104138_GTGCATACATACTACG-1,PB,-0.29792794834763775
MS,MS74594_PB,GSM4104138_GTGCGGTGTGCGAAAC-1,PB,-0.17591519891313
MS,MS74594_PB,GSM4104138_GTGCTTCCAGGATTGG-1,PB,0.19498083186454518
MS,MS74594_PB,GSM4104138_GTGCTTCCATGCCTAA-1,PB,-0.29792794834763775
MS,MS74594_PB,GSM4104138_GTGGGTCGTGAGTATA-1,PB,0.3219415787301262
MS,MS74594_PB,GSM4104138_GTTCTCGTCTCTTATG-1,PB,-0.20069521169250398
MS,MS74594_PB,GSM4104138_TAAACCGTCCACTCCA-1,PB,-0.29792794834763775
MS,MS74594_PB,GSM4104138_TAAACCGTCGCAAACT-1,PB,0.10312554426156868
MS,MS74594_PB,GSM4104138_TAAGAGACAACACCCG-1,PB,-0.047645789966664284
MS,MS74594_PB,GSM4104138_TAAGCGTCACCCATTC-1,PB,-0.29792794834763775
MS,MS74594_PB,GSM4104138_TAAGCGTGTTGTGGCC-1,PB,0.021108785614921473
MS,MS74594_PB,GSM4104138_TAAGTGCGTTCAGCGC-1,PB,-0.2034695939518766
MS,MS74594_PB,GSM4104138_TAAGTGCTCTTTACGT-1,PB,0.005263426824846215
MS,MS74594_PB,GSM4104138_TACAGTGCACCGAAAG-1,PB,-0.07775612049537918
MS,MS74594_PB,GSM4104138_TACCTTAAGGCTATCT-1,PB,0.01670872381129532
MS,MS74594_PB,GSM4104138_TACCTTAGTCTAGTGT-1,PB,0.029253493749144478
MS,MS74594_PB,GSM4104138_TACCTTATCTACCTGC-1,PB,-0.07953425205375232
MS,MS74594_PB,GSM4104138_TACGGATCAGTCGTGC-1,PB,-0.29792794834763775
MS,MS74594_PB,GSM4104138_TACGGATGTCAGAGGT-1,PB,-0.29792794834763775
MS,MS74594_PB,GSM4104138_TACGGGCGTTGCGTTA-1,PB,0.031362872618325655
MS,MS74594_PB,GSM4104138_TACTCATCACAGGCCT-1,PB,-0.005480669519857706
MS,MS74594_PB,GSM4104138_TACTCATCATGAACCT-1,PB,0.11306834843352272
MS,MS74594_PB,GSM4104138_TACTCATGTAGCTCCG-1,PB,-0.29792794834763775
MS,MS74594_PB,GSM4104138_TACTCGCAGGATGCGT-1,PB,0.12431961504628085
MS,MS74594_PB,GSM4104138_TAGAGCTGTATGAATG-1,PB,0.0898587439077733
MS,MS74594_PB,GSM4104138_TAGTGGTCACGGTGTC-1,PB,-0.29792794834763775
MS,MS74594_PB,GSM4104138_TAGTTGGTCGCGTTTC-1,PB,-0.29792794834763775
MS,MS74594_PB,GSM4104138_TATCAGGTCGGTTAAC-1,PB,-0.04214455739215029
MS,MS74594_PB,GSM4104138_TATTACCGTAGAGGAA-1,PB,0.20498943243663842
MS,MS74594_PB,GSM4104138_TCAATCTGTCATATCG-1,PB,-0.29792794834763775
MS,MS74594_PB,GSM4104138_TCAATCTTCTTATCTG-1,PB,-0.1842519717343154
MS,MS74594_PB,GSM4104138_TCACAAGAGACCTAGG-1,PB,0.1309810334255836
MS,MS74594_PB,GSM4104138_TCACGAATCTGGGCCA-1,PB,-0.1344379048421986
MS,MS74594_PB,GSM4104138_TCATTACGTTGGTAAA-1,PB,-0.14683282965987512
MS,MS74594_PB,GSM4104138_TCCACACAGAACTCGG-1,PB,0.49057598886525927
MS,MS74594_PB,GSM4104138_TCCACACGTAAGCACG-1,PB,-0.29792794834763775
MS,MS74594_PB,GSM4104138_TCCCGATTCCGCAGTG-1,PB,0.006183188863295108
MS,MS74594_PB,GSM4104138_TCGAGGCCACTGTGTA-1,PB,-0.29792794834763775
MS,MS74594_PB,GSM4104138_TCGCGAGGTATGAATG-1,PB,-0.11682728086987677
MS,MS74594_PB,GSM4104138_TCGCGAGGTCCAGTAT-1,PB,-0.29792794834763775
MS,MS74594_PB,GSM4104138_TCGTACCGTCTGGAGA-1,PB,-0.29792794834763775
MS,MS74594_PB,GSM4104138_TCGTACCTCTAGAGTC-1,PB,-0.20111849887766042
MS,MS74594_PB,GSM4104138_TCGTAGAAGATGTAAC-1,PB,-0.29792794834763775
MS,MS74594_PB,GSM4104138_TCGTAGACACAACTGT-1,PB,-0.29792794834763775
MS,MS74594_PB,GSM4104138_TCTATTGTCTTTAGGG-1,PB,-0.29792794834763775
MS,MS74594_PB,GSM4104138_TCTTCGGCAGCTGCTG-1,PB,-0.16580004021708897
MS,MS74594_PB,GSM4104138_TCTTTCCCAGCTCGCA-1,PB,-0.29792794834763775
MS,MS74594_PB,GSM4104138_TGACAACCAAGCGCTC-1,PB,0.007377991737361755
MS,MS74594_PB,GSM4104138_TGACTAGAGCCAACAG-1,PB,-0.29792794834763775
MS,MS74594_PB,GSM4104138_TGACTAGGTCATATCG-1,PB,-0.29792794834763775
MS,MS74594_PB,GSM4104138_TGAGAGGGTATGGTTC-1,PB,0.2432300622999716
MS,MS74594_PB,GSM4104138_TGAGAGGTCAGTTAGC-1,PB,-0.0519803544057137
MS,MS74594_PB,GSM4104138_TGAGCCGAGGTGATAT-1,PB,-0.29792794834763775
MS,MS74594_PB,GSM4104138_TGAGCCGCACGCATCG-1,PB,-0.29792794834763775
MS,MS74594_PB,GSM4104138_TGAGCCGCAGATCGGA-1,PB,-0.29792794834763775
MS,MS74594_PB,GSM4104138_TGCCAAATCAGTGTTG-1,PB,-0.29792794834763775
MS,MS74594_PB,GSM4104138_TGCTACCAGCTGCCCA-1,PB,-0.29792794834763775
MS,MS74594_PB,GSM4104138_TGCTACCTCCCATTTA-1,PB,-0.19534460512834592
MS,MS74594_PB,GSM4104138_TGGCTGGGTTGAGTTC-1,PB,-0.29792794834763775
MS,MS74594_PB,GSM4104138_TGGGAAGAGTGTACTC-1,PB,-0.05591055614754263
MS,MS74594_PB,GSM4104138_TGGGAAGTCTCTAAGG-1,PB,-0.09221659242791184
MS,MS74594_PB,GSM4104138_TGGGAAGTCTGTCAAG-1,PB,-0.29792794834763775
MS,MS74594_PB,GSM4104138_TGGTTAGAGGCAGGTT-1,PB,-0.12392919647005986
MS,MS74594_PB,GSM4104138_TGTCCCACAACACGCC-1,PB,-0.0036052855609982537
MS,MS74594_PB,GSM4104138_TGTCCCAGTATATGAG-1,PB,0.1330254792596035
MS,MS74594_PB,GSM4104138_TTAACTCGTCTAACGT-1,PB,-0.29792794834763775
MS,MS74594_PB,GSM4104138_TTATGCTAGCAATCTC-1,PB,-0.1690538939558646
MS,MS74594_PB,GSM4104138_TTATGCTAGGCAATTA-1,PB,-0.29792794834763775
MS,MS74594_PB,GSM4104138_TTCCCAGGTGTGACCC-1,PB,-0.29792794834763775
MS,MS74594_PB,GSM4104138_TTGACTTAGTGAAGTT-1,PB,-0.29792794834763775
MS,MS74594_PB,GSM4104138_TTGGAACCATCAGTAC-1,PB,-0.29792794834763775
MS,MS74594_PB,GSM4104138_TTGTAGGAGTGCCATT-1,PB,0.0714076970669468
MS,MS74594_PB,GSM4104138_TTTACTGAGCCGCCTA-1,PB,-0.20837189227015543
MS,MS74594_PB,GSM4104138_TTTATGCCAAAGTGCG-1,PB,0.32395338446568445
MS,MS74594_PB,GSM4104138_TTTATGCGTTGCGCAC-1,PB,0.06634423101174566
MS,MS74594_PB,GSM4104138_TTTGTCATCAGCCTAA-1,PB,-0.013598507339892738
HC,PST83775_PB,GSM4104139_AAATGCCGTTACGTCA-1,PB,-0.10784481845724216
HC,PST83775_PB,GSM4104139_AACACGTAGGTGATTA-1,PB,-0.1197896744368326
HC,PST83775_PB,GSM4104139_AACCATGTCGTACGGC-1,PB,-0.036286559086716276
HC,PST83775_PB,GSM4104139_AACCGCGCATACGCCG-1,PB,-0.29792794834763775
HC,PST83775_PB,GSM4104139_AACGTTGCATCATCCC-1,PB,-0.02264522036313812
HC,PST83775_PB,GSM4104139_ACACCCTTCGGCCGAT-1,PB,-0.29792794834763775
HC,PST83775_PB,GSM4104139_ACACTGATCTGTGCAA-1,PB,-0.051834906532756186
HC,PST83775_PB,GSM4104139_ACATGGTTCTTCAACT-1,PB,-0.29792794834763775
HC,PST83775_PB,GSM4104139_ACGGAGAGTTCACGGC-1,PB,0.12682235793883942
HC,PST83775_PB,GSM4104139_ACGGGTCAGCAGACTG-1,PB,-0.1880011298856553
HC,PST83775_PB,GSM4104139_ACTGCTCGTCGCCATG-1,PB,-0.12715322189357012
HC,PST83775_PB,GSM4104139_AGAGCGATCTTCGAGA-1,PB,-0.29792794834763775
HC,PST83775_PB,GSM4104139_AGAGTGGGTCCATGAT-1,PB,0.16679801886859696
HC,PST83775_PB,GSM4104139_AGCCTAATCCTTCAAT-1,PB,-0.04423871481778491
HC,PST83775_PB,GSM4104139_AGCGTATAGAAGGCCT-1,PB,-0.29792794834763775
HC,PST83775_PB,GSM4104139_AGGGATGTCTACGAGT-1,PB,0.039198586020077426
HC,PST83775_PB,GSM4104139_AGGGTGAGTGCTCTTC-1,PB,-0.29792794834763775
HC,PST83775_PB,GSM4104139_AGTGTCAAGGAGTTTA-1,PB,-0.13209901614903416
HC,PST83775_PB,GSM4104139_ATGGGAGAGTAGGTGC-1,PB,-0.17337135456558242
HC,PST83775_PB,GSM4104139_ATTTCTGAGAGCTGGT-1,PB,-0.23181583703391317
HC,PST83775_PB,GSM4104139_CACCAGGGTCAGCTAT-1,PB,0.21631263936968823
HC,PST83775_PB,GSM4104139_CACTCCAGTCTACCTC-1,PB,0.5230368404540274
HC,PST83775_PB,GSM4104139_CAGATCAGTAGCGCAA-1,PB,-0.18302731697276745
HC,PST83775_PB,GSM4104139_CAGCATAGTCTCTCGT-1,PB,0.38649791515034526
HC,PST83775_PB,GSM4104139_CCACCTAAGTGGTAAT-1,PB,-0.18319114510719864
HC,PST83775_PB,GSM4104139_CCCTCCTAGCTGGAAC-1,PB,0.4369289959267942
HC,PST83775_PB,GSM4104139_CCGGGATGTTACGCGC-1,PB,-0.29792794834763775
HC,PST83775_PB,GSM4104139_CCTACACCACAAGACG-1,PB,-0.29792794834763775
HC,PST83775_PB,GSM4104139_CCTTCCCTCATGTCTT-1,PB,-0.29792794834763775
HC,PST83775_PB,GSM4104139_CCTTCGACACATTCGA-1,PB,-0.04638623852451947
HC,PST83775_PB,GSM4104139_CGTCACTAGGCTATCT-1,PB,-0.29792794834763775
HC,PST83775_PB,GSM4104139_CTACATTCAAGGTGTG-1,PB,-0.08477367773811058
HC,PST83775_PB,GSM4104139_CTCCTAGCAAGCTGAG-1,PB,-0.29792794834763775
HC,PST83775_PB,GSM4104139_CTCGTACAGCACCGCT-1,PB,-0.29792794834763775
HC,PST83775_PB,GSM4104139_CTTGGCTGTAGGGACT-1,PB,0.14752214825938806
HC,PST83775_PB,GSM4104139_GAAATGAAGTCAATAG-1,PB,-0.29792794834763775
HC,PST83775_PB,GSM4104139_GACGCGTTCCGGGTGT-1,PB,0.039597388087689186
HC,PST83775_PB,GSM4104139_GACGTGCTCACGCATA-1,PB,-0.1635512053874916
HC,PST83775_PB,GSM4104139_GCAGCCATCCCTCTTT-1,PB,0.10266244412290641
HC,PST83775_PB,GSM4104139_GCGAGAACAGCTTAAC-1,PB,-0.0822420753559233
HC,PST83775_PB,GSM4104139_GCGCAGTGTCTCTTAT-1,PB,-0.29792794834763775
HC,PST83775_PB,GSM4104139_GCGCCAAAGGTGCTTT-1,PB,-0.29792794834763775
HC,PST83775_PB,GSM4104139_GGGCACTAGTCCATAC-1,PB,-0.29792794834763775
HC,PST83775_PB,GSM4104139_GTCAAGTTCGCCGTGA-1,PB,-0.02551607000600335
HC,PST83775_PB,GSM4104139_GTTCATTCAGCATACT-1,PB,-0.29792794834763775
HC,PST83775_PB,GSM4104139_TACGGATCAGTCCTTC-1,PB,0.19282472781881885
HC,PST83775_PB,GSM4104139_TAGTGGTGTAGCCTAT-1,PB,-0.172179908068601
HC,PST83775_PB,GSM4104139_TCCCGATAGCTGATAA-1,PB,-0.29792794834763775
HC,PST83775_PB,GSM4104139_TCTTCGGAGAGCTGGT-1,PB,-0.0443778210375016
HC,PST83775_PB,GSM4104139_TGACGGCCAGCTGCTG-1,PB,-0.29792794834763775
HC,PST83775_PB,GSM4104139_TGAGCATCATGGAATA-1,PB,-0.04829875497004748
HC,PST83775_PB,GSM4104139_TGCACCTTCAGCTCTC-1,PB,-0.29792794834763775
HC,PST83775_PB,GSM4104139_TGCCAAATCACTCTTA-1,PB,-0.29792794834763775
HC,PST83775_PB,GSM4104139_TGGCCAGCAGTAAGCG-1,PB,-0.040840757656941395
HC,PST83775_PB,GSM4104139_TGGTTCCGTCCGAAGA-1,PB,-0.04024280085718487
HC,PST83775_PB,GSM4104139_TTAACTCGTTGGTTTG-1,PB,-0.29792794834763775
HC,PST83775_PB,GSM4104139_TTATGCTCACGTTGGC-1,PB,-0.29792794834763775
HC,PST83775_PB,GSM4104139_TTCTTAGTCCAACCAA-1,PB,0.009697090147654266
HC,PST83775_PB,GSM4104139_TTGAACGCATCCCACT-1,PB,-0.01281098025939527
HC,PST83775_PB,GSM4104139_TTTACTGGTTGAACTC-1,PB,0.051588836232278494
HC,PST83775_PB,GSM4104139_TTTATGCGTGTATGGG-1,PB,-0.16912535828719374
HC,PST95809_PB,GSM4104141_AAAGTAGAGTAGATGT-1,PB,-0.29792794834763775
HC,PST95809_PB,GSM4104141_ACCAGTAAGAAGGACA-1,PB,-0.29792794834763775
HC,PST95809_PB,GSM4104141_ACGATACGTCGTTGTA-1,PB,0.2935516714448902
HC,PST95809_PB,GSM4104141_ACGCCAGAGTTCGCGC-1,PB,-0.29792794834763775
HC,PST95809_PB,GSM4104141_ACTTTCACAAGCTGAG-1,PB,-0.04038274237229907
HC,PST95809_PB,GSM4104141_ACTTTCATCCGGGTGT-1,PB,-0.12645484946838467
HC,PST95809_PB,GSM4104141_ACTTTCATCTCTAGGA-1,PB,-0.15217373541101692
HC,PST95809_PB,GSM4104141_AGGCCACGTCCATCCT-1,PB,0.018806858167285556
HC,PST95809_PB,GSM4104141_AGGTCCGGTCTAGCGC-1,PB,0.7511747954708229
HC,PST95809_PB,GSM4104141_ATCACGAGTAAGCACG-1,PB,0.2122320001158539
HC,PST95809_PB,GSM4104141_ATCCACCAGACATAAC-1,PB,0.08800165669896688
HC,PST95809_PB,GSM4104141_ATGAGGGTCACAGTAC-1,PB,-0.29792794834763775
HC,PST95809_PB,GSM4104141_ATTACTCCAATGGACG-1,PB,-0.29792794834763775
HC,PST95809_PB,GSM4104141_ATTGGACAGACAAAGG-1,PB,0.10233273394619813
HC,PST95809_PB,GSM4104141_ATTGGACGTTACAGAA-1,PB,0.17991861422633848
HC,PST95809_PB,GSM4104141_CACAGGCGTACTCGCG-1,PB,0.32564544421483527
HC,PST95809_PB,GSM4104141_CACCACTAGAGTACAT-1,PB,-0.29792794834763775
HC,PST95809_PB,GSM4104141_CAGCTAAGTAGCTTGT-1,PB,-0.29792794834763775
HC,PST95809_PB,GSM4104141_CCACTACCAGTCTTCC-1,PB,0.2981110162823559
HC,PST95809_PB,GSM4104141_CCGGGATAGCAACGGT-1,PB,-0.29792794834763775
HC,PST95809_PB,GSM4104141_CCGTACTGTACTCTCC-1,PB,-0.03609041868321091
HC,PST95809_PB,GSM4104141_CGAATGTCATGCAACT-1,PB,-0.29792794834763775
HC,PST95809_PB,GSM4104141_CGCGTTTTCACAGGCC-1,PB,-0.14944551494788336
HC,PST95809_PB,GSM4104141_CGTAGCGAGTCGTACT-1,PB,-0.0428489637313975
HC,PST95809_PB,GSM4104141_CGTCTACTCCGCTGTT-1,PB,0.10613093537655661
HC,PST95809_PB,GSM4104141_CGTGTCTAGGATATAC-1,PB,0.20156012980629529
HC,PST95809_PB,GSM4104141_CTAACTTAGGTGCACA-1,PB,-0.29792794834763775
HC,PST95809_PB,GSM4104141_CTACACCCATGACGGA-1,PB,-0.29792794834763775
HC,PST95809_PB,GSM4104141_CTAGTGAGTTAAGTAG-1,PB,-0.29792794834763775
HC,PST95809_PB,GSM4104141_CTGATAGCACCGCTAG-1,PB,0.8656205071983253
HC,PST95809_PB,GSM4104141_CTTAACTGTGTGCGTC-1,PB,0.03365087912175126
HC,PST95809_PB,GSM4104141_GCCTCTACACATGGGA-1,PB,0.1494848977228742
HC,PST95809_PB,GSM4104141_GCGCCAATCGTTTAGG-1,PB,-0.29792794834763775
HC,PST95809_PB,GSM4104141_GCTTGAACAACTTGAC-1,PB,-0.1400366109558297
HC,PST95809_PB,GSM4104141_GGAGCAATCCAAGTAC-1,PB,0.3021320186946544
HC,PST95809_PB,GSM4104141_GTACGTAGTACCGCTG-1,PB,0.06712205861231532
HC,PST95809_PB,GSM4104141_GTACTTTGTAAGGGAA-1,PB,0.31411221723405125
HC,PST95809_PB,GSM4104141_GTCACAAAGACACTAA-1,PB,0.24581929588792292
HC,PST95809_PB,GSM4104141_GTCATTTCAAAGAATC-1,PB,-0.16601467447481988
HC,PST95809_PB,GSM4104141_GTGCATACAAACAACA-1,PB,-0.04747784664380531
HC,PST95809_PB,GSM4104141_TAAACCGTCTTGCAAG-1,PB,0.239347463571707
HC,PST95809_PB,GSM4104141_TACCTATGTTACCAGT-1,PB,-0.29792794834763775
HC,PST95809_PB,GSM4104141_TACCTTAGTCCGAACC-1,PB,0.3021270843121589
HC,PST95809_PB,GSM4104141_TACGGATGTCTCGTTC-1,PB,-0.14046712600063246
HC,PST95809_PB,GSM4104141_TACGGGCTCGAGGTAG-1,PB,-0.16152890795688205
HC,PST95809_PB,GSM4104141_TAGCCGGTCCTTGCCA-1,PB,0.22414197401223154
HC,PST95809_PB,GSM4104141_TATTACCGTACGAAAT-1,PB,-0.1847330230282908
HC,PST95809_PB,GSM4104141_TCAGGATAGAGATGAG-1,PB,-0.29792794834763775
HC,PST95809_PB,GSM4104141_TCATTACAGATACACA-1,PB,0.11798034507981206
HC,PST95809_PB,GSM4104141_TCATTACCACGAGAGT-1,PB,0.2850469493514681
HC,PST95809_PB,GSM4104141_TCGCGAGCAAACCTAC-1,PB,0.2929392737112889
HC,PST95809_PB,GSM4104141_TCTCATACAAGACGTG-1,PB,0.3508798728530073
HC,PST95809_PB,GSM4104141_TCTGAGAAGGGTATCG-1,PB,-0.29792794834763775
HC,PST95809_PB,GSM4104141_TCTTTCCTCTTTCCTC-1,PB,0.021228693742125358
HC,PST95809_PB,GSM4104141_TGCACCTGTATGGTTC-1,PB,0.11222732544950202
HC,PST95809_PB,GSM4104141_TGGACGCGTCAGAATA-1,PB,-0.09440326273607703
HC,PST95809_PB,GSM4104141_TGGCCAGGTCATCCCT-1,PB,-0.29792794834763775
HC,PST95809_PB,GSM4104141_TGGGAAGGTAATCACC-1,PB,-0.29792794834763775
HC,PST95809_PB,GSM4104141_TGGGAAGGTCTGGTCG-1,PB,0.15140394231276258
HC,PST95809_PB,GSM4104141_TTAACTCGTGTGCCTG-1,PB,0.8273323057579933
HC,PST95809_PB,GSM4104141_TTAGGCATCAACACAC-1,PB,0.019313184820924114
HC,PST95809_PB,GSM4104141_TTCTCCTAGTTCGCAT-1,PB,-0.29792794834763775
HC,PST95809_PB,GSM4104141_TTTGCGCTCCTGCCAT-1,PB,-0.14313841827297732
HC,PST95809_PB,GSM4104141_TTTGGTTTCAGTTGAC-1,PB,-0.15983784011604316
HC,PTC32190_PB,GSM4104140_AAACCTGTCTGCTTGC-1,PB,-0.1453387536655303
HC,PTC32190_PB,GSM4104140_AAACGGGCATGTCTCC-1,PB,-0.29792794834763775
HC,PTC32190_PB,GSM4104140_ACCAGTACAGCTATTG-1,PB,-0.14763559455544722
HC,PTC32190_PB,GSM4104140_ACGGGTCCATCGGTTA-1,PB,0.1520526257177647
HC,PTC32190_PB,GSM4104140_ACTATCTCAGTGACAG-1,PB,0.4850673424115374
HC,PTC32190_PB,GSM4104140_ACTGATGCACTCTGTC-1,PB,0.1146010304745664
HC,PTC32190_PB,GSM4104140_AGAGCGAAGTAAGTAC-1,PB,-0.1044643249834698
HC,PTC32190_PB,GSM4104140_AGCGGTCTCCTGCAGG-1,PB,0.10510154355720416
HC,PTC32190_PB,GSM4104140_AGCTTGACAAGGTTTC-1,PB,0.6910505668765843
HC,PTC32190_PB,GSM4104140_AGGGATGCATAGGATA-1,PB,0.32042160982093154
HC,PTC32190_PB,GSM4104140_AGGGTGACAATGTAAG-1,PB,0.129767066800311
HC,PTC32190_PB,GSM4104140_AGTGAGGAGCTGTTCA-1,PB,-0.29792794834763775
HC,PTC32190_PB,GSM4104140_ATGGGAGTCTTTAGGG-1,PB,-0.04480646385265678
HC,PTC32190_PB,GSM4104140_CAACTAGTCCAGGGCT-1,PB,0.6667078114588408
HC,PTC32190_PB,GSM4104140_CAAGATCCAATCTACG-1,PB,-0.1323069271800698
HC,PTC32190_PB,GSM4104140_CACCTTGCAATCACAC-1,PB,-0.29792794834763775
HC,PTC32190_PB,GSM4104140_CCATGTCGTCACCCAG-1,PB,-0.02418300019840378
HC,PTC32190_PB,GSM4104140_CCTCTGATCAAGATCC-1,PB,0.387859995024961
HC,PTC32190_PB,GSM4104140_CCTTCCCAGCAACGGT-1,PB,0.023714144710014946
HC,PTC32190_PB,GSM4104140_CGCGTTTAGATCCTGT-1,PB,-0.29792794834763775
HC,PTC32190_PB,GSM4104140_CGGACGTCAATCTGCA-1,PB,-0.06352888314283127
HC,PTC32190_PB,GSM4104140_CGGACGTGTCTCATCC-1,PB,-0.16821302949414574
HC,PTC32190_PB,GSM4104140_CGGAGTCTCCAGAAGG-1,PB,-0.29792794834763775
HC,PTC32190_PB,GSM4104140_GAACATCCATCAGTAC-1,PB,-0.29792794834763775
HC,PTC32190_PB,GSM4104140_GACTAACCAGCTGTTA-1,PB,-0.12900540793432214
HC,PTC32190_PB,GSM4104140_GCATGTACAGTGAGTG-1,PB,-0.29792794834763775
HC,PTC32190_PB,GSM4104140_GCGCAACCACAGACTT-1,PB,0.15289390443798334
HC,PTC32190_PB,GSM4104140_GGGACCTAGGTGTTAA-1,PB,-0.07129427790043662
HC,PTC32190_PB,GSM4104140_GTAGGCCGTCAGGACA-1,PB,-0.29792794834763775
HC,PTC32190_PB,GSM4104140_GTCGTAAGTGAGCGAT-1,PB,-0.0909376338662496
HC,PTC32190_PB,GSM4104140_TATGCCCCATACTACG-1,PB,-0.29792794834763775
HC,PTC32190_PB,GSM4104140_TCAGGTAGTCGGCTCA-1,PB,-0.29792794834763775
HC,PTC32190_PB,GSM4104140_TCTGGAATCAGTCCCT-1,PB,-0.29792794834763775
HC,PTC32190_PB,GSM4104140_TCTTTCCTCAGTACGT-1,PB,-0.29792794834763775
HC,PTC32190_PB,GSM4104140_TGAGGGAAGCAACGGT-1,PB,-0.16372502123392538
HC,PTC32190_PB,GSM4104140_TGCGGGTAGTGTGGCA-1,PB,-0.29792794834763775
HC,PTC32190_PB,GSM4104140_TTAGGCATCTAACTCT-1,PB,-0.29792794834763775
HC,PTC32190_PB,GSM4104140_TTCTACAGTCGACTAT-1,PB,-0.29792794834763775
HC,PTC41540_PB,GSM4104142_AAAGCAAGTTAAAGAC-1,PB,0.6064336451548673
HC,PTC41540_PB,GSM4104142_AACACGTAGCTCTCGG-1,PB,0.0839350369372222
HC,PTC41540_PB,GSM4104142_AACTCAGTCAACGGCC-1,PB,-0.005439550712641049
HC,PTC41540_PB,GSM4104142_AACTTTCAGTGTCCAT-1,PB,-0.29792794834763775
HC,PTC41540_PB,GSM4104142_AAGACCTAGATATGCA-1,PB,-0.29792794834763775
HC,PTC41540_PB,GSM4104142_AAGCCGCGTAACGCGA-1,PB,-0.29792794834763775
HC,PTC41540_PB,GSM4104142_AAGGAGCCATCACCCT-1,PB,0.01173785866625175
HC,PTC41540_PB,GSM4104142_ACACTGACAAAGTCAA-1,PB,0.010507923764159908
HC,PTC41540_PB,GSM4104142_AGAGCGAAGCTGCCCA-1,PB,0.18975075780896372
HC,PTC41540_PB,GSM4104142_AGCCTAATCGATGAGG-1,PB,0.07468997736984515
HC,PTC41540_PB,GSM4104142_AGCGGTCGTACCATCA-1,PB,-0.29792794834763775
HC,PTC41540_PB,GSM4104142_AGCTCTCCATTGGTAC-1,PB,-0.13037272134495984
HC,PTC41540_PB,GSM4104142_AGCTCTCTCTGTCTAT-1,PB,0.16877092321463105
HC,PTC41540_PB,GSM4104142_ATAACGCGTAAGAGGA-1,PB,-0.29792794834763775
HC,PTC41540_PB,GSM4104142_ATCGAGTTCAACACCA-1,PB,0.5862508063402573
HC,PTC41540_PB,GSM4104142_ATTGGTGCAAATTGCC-1,PB,-0.29792794834763775
HC,PTC41540_PB,GSM4104142_CACACCTGTGATAAGT-1,PB,-0.17973088018327998
HC,PTC41540_PB,GSM4104142_CAGCGACTCAGGCAAG-1,PB,-0.29792794834763775
HC,PTC41540_PB,GSM4104142_CAGCTGGAGAGTTGGC-1,PB,-0.29792794834763775
HC,PTC41540_PB,GSM4104142_CAGGTGCGTACAGTGG-1,PB,-0.29792794834763775
HC,PTC41540_PB,GSM4104142_CAGTAACGTCGCTTTC-1,PB,-0.01162438563222271
HC,PTC41540_PB,GSM4104142_CATATGGGTGTGGTTT-1,PB,0.23190510299515768
HC,PTC41540_PB,GSM4104142_CATATTCGTACATCCA-1,PB,0.11768578936628793
HC,PTC41540_PB,GSM4104142_CATCAGAAGGCTAGAC-1,PB,-0.29792794834763775
HC,PTC41540_PB,GSM4104142_CATCCACTCTAGAGTC-1,PB,-0.12173291247410171
HC,PTC41540_PB,GSM4104142_CATGACAAGTCACGCC-1,PB,-0.29792794834763775
HC,PTC41540_PB,GSM4104142_CCACTACTCACTTATC-1,PB,-0.16075894487775771
HC,PTC41540_PB,GSM4104142_CCGTACTAGACACTAA-1,PB,-0.29792794834763775
HC,PTC41540_PB,GSM4104142_CCTACCATCAACGAAA-1,PB,-0.21173482656741568
HC,PTC41540_PB,GSM4104142_CCTAGCTAGACTAGAT-1,PB,0.5550049972105919
HC,PTC41540_PB,GSM4104142_CCTCAGTAGGTGGGTT-1,PB,0.11164981150703139
HC,PTC41540_PB,GSM4104142_CCTTACGCATACGCCG-1,PB,0.007340663256939265
HC,PTC41540_PB,GSM4104142_CGAATGTAGACAAGCC-1,PB,0.08054057614958984
HC,PTC41540_PB,GSM4104142_CGAATGTTCAAACGGG-1,PB,-0.29792794834763775
HC,PTC41540_PB,GSM4104142_CGAGAAGAGAGTGAGA-1,PB,-0.29792794834763775
HC,PTC41540_PB,GSM4104142_CGAGCCATCAGATAAG-1,PB,0.23740372102469537
HC,PTC41540_PB,GSM4104142_CGATCGGGTTATCGGT-1,PB,-0.23307198676663207
HC,PTC41540_PB,GSM4104142_CGGACACGTCTCACCT-1,PB,0.06454808626589541
HC,PTC41540_PB,GSM4104142_CGGAGTCGTATGGTTC-1,PB,0.9064129500143869
HC,PTC41540_PB,GSM4104142_CGTCAGGGTTCGCGAC-1,PB,-0.13028359764986325
HC,PTC41540_PB,GSM4104142_CTAATGGAGACTTGAA-1,PB,-0.0868551254703831
HC,PTC41540_PB,GSM4104142_CTACACCGTTGAGTTC-1,PB,0.08476816015933283
HC,PTC41540_PB,GSM4104142_CTACGTCGTTTGTTGG-1,PB,-0.29792794834763775
HC,PTC41540_PB,GSM4104142_CTAGCCTTCGTGGTCG-1,PB,-0.29792794834763775
HC,PTC41540_PB,GSM4104142_CTCACACAGAAGATTC-1,PB,-0.29792794834763775
HC,PTC41540_PB,GSM4104142_CTCATTACACTGCCAG-1,PB,-0.29792794834763775
HC,PTC41540_PB,GSM4104142_CTCGAGGGTCTCATCC-1,PB,-0.23055288667942692
HC,PTC41540_PB,GSM4104142_CTCGTACCAGGTGCCT-1,PB,-0.07064511190631499
HC,PTC41540_PB,GSM4104142_CTCTGGTTCATGTCTT-1,PB,-0.0135735569128245
HC,PTC41540_PB,GSM4104142_CTGCGGACAGCAGTTT-1,PB,0.18343108261068566
HC,PTC41540_PB,GSM4104142_CTGCTGTTCAACGAAA-1,PB,-0.29792794834763775
HC,PTC41540_PB,GSM4104142_CTTAACTAGTATTGGA-1,PB,-0.18899592061566958
HC,PTC41540_PB,GSM4104142_CTTAACTCATCCAACA-1,PB,0.3671874594381158
HC,PTC41540_PB,GSM4104142_GAAACTCGTGGTACAG-1,PB,0.1038327597732641
HC,PTC41540_PB,GSM4104142_GACGGCTGTTCCCTTG-1,PB,-0.17717703309069582
HC,PTC41540_PB,GSM4104142_GATCAGTCACCAGGCT-1,PB,-0.29792794834763775
HC,PTC41540_PB,GSM4104142_GATCGATCAGTAAGAT-1,PB,-0.06501241907128884
HC,PTC41540_PB,GSM4104142_GATCTAGAGTCCGGTC-1,PB,-0.29792794834763775
HC,PTC41540_PB,GSM4104142_GATCTAGTCTGCGGCA-1,PB,0.1517337779157679
HC,PTC41540_PB,GSM4104142_GCGCGATCACGAAATA-1,PB,0.1361867428137371
HC,PTC41540_PB,GSM4104142_GCTTGAACATGAAGTA-1,PB,-0.29792794834763775
HC,PTC41540_PB,GSM4104142_GGCTCGATCGCTGATA-1,PB,0.4221615344498367
HC,PTC41540_PB,GSM4104142_GGGAATGAGGCTATCT-1,PB,-0.12321206370383797
HC,PTC41540_PB,GSM4104142_GGGATGAAGAAGCCCA-1,PB,0.027697824125345955
HC,PTC41540_PB,GSM4104142_GGGCACTGTCGCATAT-1,PB,0.06075043818244867
HC,PTC41540_PB,GSM4104142_GGGTTGCAGACTACAA-1,PB,0.028084715862505612
HC,PTC41540_PB,GSM4104142_GGTGTTACAATCCAAC-1,PB,-0.29792794834763775
HC,PTC41540_PB,GSM4104142_GTGGGTCTCAGCGATT-1,PB,0.06026734073830638
HC,PTC41540_PB,GSM4104142_TAAACCGTCCTCAACC-1,PB,-0.29792794834763775
HC,PTC41540_PB,GSM4104142_TACGGTATCTCTGCTG-1,PB,-0.1492770927496714
HC,PTC41540_PB,GSM4104142_TATCAGGTCACAGTAC-1,PB,-0.19633460074145995
HC,PTC41540_PB,GSM4104142_TCAGCTCAGTCTCGGC-1,PB,0.44593898195709414
HC,PTC41540_PB,GSM4104142_TCATTTGAGAAACGCC-1,PB,-0.29792794834763775
HC,PTC41540_PB,GSM4104142_TCCACACGTCACCTAA-1,PB,0.011941907642510645
HC,PTC41540_PB,GSM4104142_TCGCGTTCAAGGACTG-1,PB,-0.29792794834763775
HC,PTC41540_PB,GSM4104142_TCTATTGAGAATCTCC-1,PB,-0.18208869043168777
HC,PTC41540_PB,GSM4104142_TCTCATAGTACTTCTT-1,PB,-0.05108493026046816
HC,PTC41540_PB,GSM4104142_TCTCTAAAGTTACGGG-1,PB,-0.29792794834763775
HC,PTC41540_PB,GSM4104142_TGAAAGAGTCAACTGT-1,PB,-0.29792794834763775
HC,PTC41540_PB,GSM4104142_TGACTAGGTCGATTGT-1,PB,-0.20734663193987965
HC,PTC41540_PB,GSM4104142_TGATTTCGTTACGACT-1,PB,-0.17516475273347476
HC,PTC41540_PB,GSM4104142_TGCTGCTTCGCTTGTC-1,PB,-0.16170615638704042
HC,PTC41540_PB,GSM4104142_TGGCCAGGTAGCGTCC-1,PB,-0.29792794834763775
HC,PTC41540_PB,GSM4104142_TGTTCCGCACATGTGT-1,PB,-0.027822813259442185
HC,PTC41540_PB,GSM4104142_TTAGGCAGTCGAATCT-1,PB,0.40975988048641643
HC,PTC41540_PB,GSM4104142_TTATGCTTCAGCACAT-1,PB,-0.29792794834763775
HC,PTC41540_PB,GSM4104142_TTCCCAGCAATAGCGG-1,PB,-0.0457760668398399
HC,PTC41540_PB,GSM4104142_TTCGAAGTCCAATGGT-1,PB,-0.032912472979790657
HC,PTC41540_PB,GSM4104142_TTGCGTCAGCCCAGCT-1,PB,-0.04838302884087128
HC,PTC41540_PB,GSM4104142_TTGGAACTCAACGGCC-1,PB,-0.20808906079428735
HC,PTC85037_PB,GSM4104143_ACGGGCTAGTGGGTTG-1,PB,-0.29792794834763775
HC,PTC85037_PB,GSM4104143_ACTATCTAGTCGTACT-1,PB,0.035334249788839985
HC,PTC85037_PB,GSM4104143_AGTCTTTTCTACGAGT-1,PB,0.019633855744785236
HC,PTC85037_PB,GSM4104143_AGTGAGGAGATCTGCT-1,PB,-0.1166844117568315
HC,PTC85037_PB,GSM4104143_CAACCAACAGGTTTCA-1,PB,0.26857067332702267
HC,PTC85037_PB,GSM4104143_CACACAATCAAAGTAG-1,PB,0.2613894042299554
HC,PTC85037_PB,GSM4104143_CAGATCAGTAAGGATT-1,PB,-0.29792794834763775
HC,PTC85037_PB,GSM4104143_CAGGTGCCACTAGTAC-1,PB,-0.29792794834763775
HC,PTC85037_PB,GSM4104143_CATCAGAAGTATCTCG-1,PB,-0.1983180400286876
HC,PTC85037_PB,GSM4104143_CATCGAACATCTACGA-1,PB,-0.04035617015816191
HC,PTC85037_PB,GSM4104143_CCTACACGTAATAGCA-1,PB,-0.19228522001941453
HC,PTC85037_PB,GSM4104143_CCTTTCTGTTAGAACA-1,PB,-0.29792794834763775
HC,PTC85037_PB,GSM4104143_CGAGAAGCACATGACT-1,PB,0.0268402334885461
HC,PTC85037_PB,GSM4104143_CGCCAAGTCAGCAACT-1,PB,0.05195271289471419
HC,PTC85037_PB,GSM4104143_CGGAGCTGTGGACGAT-1,PB,-0.03211404459569366
HC,PTC85037_PB,GSM4104143_CGGGTCAAGTTCCACA-1,PB,-0.07682064955864096
HC,PTC85037_PB,GSM4104143_CGTCAGGAGGCGATAC-1,PB,-0.17399314583750902
HC,PTC85037_PB,GSM4104143_CGTCCATGTGCAGACA-1,PB,-0.29792794834763775
HC,PTC85037_PB,GSM4104143_CGTGTCTGTCACAAGG-1,PB,-0.04549190617704629
HC,PTC85037_PB,GSM4104143_CTCAGAATCTCCCTGA-1,PB,0.14997501218828463
HC,PTC85037_PB,GSM4104143_CTCGAAAGTCAGAGGT-1,PB,-0.29792794834763775
HC,PTC85037_PB,GSM4104143_CTTAACTTCTGACCTC-1,PB,0.6527266932472117
HC,PTC85037_PB,GSM4104143_GACTGCGCAGATCCAT-1,PB,0.23963455235443928
HC,PTC85037_PB,GSM4104143_GCACATATCGGATGGA-1,PB,0.19784951151492022
HC,PTC85037_PB,GSM4104143_GCGGGTTGTTCAGACT-1,PB,-0.29792794834763775
HC,PTC85037_PB,GSM4104143_GGACGTCGTCCCTACT-1,PB,-0.29792794834763775
HC,PTC85037_PB,GSM4104143_GGCGACTTCACAAACC-1,PB,0.7370378535422574
HC,PTC85037_PB,GSM4104143_GGGAGATAGTGTACTC-1,PB,0.09135227626656084
HC,PTC85037_PB,GSM4104143_GGTATTGAGAGAACAG-1,PB,-0.29792794834763775
HC,PTC85037_PB,GSM4104143_GGTGAAGCAAATCCGT-1,PB,-0.29792794834763775
HC,PTC85037_PB,GSM4104143_GTACTTTAGCGTTTAC-1,PB,-0.19659591953354066
HC,PTC85037_PB,GSM4104143_GTCCTCACATAAGACA-1,PB,-0.29792794834763775
HC,PTC85037_PB,GSM4104143_GTCCTCAGTCTCCATC-1,PB,-0.1769515419645115
HC,PTC85037_PB,GSM4104143_GTGCGGTCAGGACCCT-1,PB,0.20479996146433768
HC,PTC85037_PB,GSM4104143_GTGCTTCGTTGGAGGT-1,PB,-0.29792794834763775
HC,PTC85037_PB,GSM4104143_GTTAAGCAGGGAAACA-1,PB,0.03855155107260238
HC,PTC85037_PB,GSM4104143_GTTACAGAGTTGCAGG-1,PB,-0.06460548878409841
HC,PTC85037_PB,GSM4104143_TACTTACGTTCCCGAG-1,PB,-0.0944439832038285
HC,PTC85037_PB,GSM4104143_TAGTTGGAGGACCACA-1,PB,-0.150917057095921
HC,PTC85037_PB,GSM4104143_TCAGCAAAGGACATTA-1,PB,0.7544044500871159
HC,PTC85037_PB,GSM4104143_TCATTACGTAGCCTCG-1,PB,-0.29792794834763775
HC,PTC85037_PB,GSM4104143_TGACGGCGTTGTCTTT-1,PB,0.3476574132878592
HC,PTC85037_PB,GSM4104143_TGAGCATGTCCGACGT-1,PB,-0.29792794834763775
HC,PTC85037_PB,GSM4104143_TGAGGGACACGGCCAT-1,PB,0.07201419975785044
HC,PTC85037_PB,GSM4104143_TTAGGACCAAGCTGGA-1,PB,-0.29792794834763775
HC,PTC85037_PB,GSM4104143_TTCTCAACAAAGGAAG-1,PB,0.004377477600921046
HC,PTC85037_PB,GSM4104143_TTCTTAGTCTCGTATT-1,PB,1.4496660085473807
HC,PTC85037_PB,GSM4104143_TTTGCGCGTGCAACGA-1,PB,0.0021597259253541673
