condition,patient,cell_id,tissue,zinc_signature
HC,PB_2,AAAGATGAGATGGCGT-1,PB,0.1839603964600956
HC,PB_2,AAAGATGAGGGTCGAT-1,PB,-0.20063798266664964
HC,PB_2,AAAGATGCAGGATCGA-1,PB,0.11434213219284682
HC,PB_2,AAAGATGCATCACAAC-1,PB,-0.32620850561041914
HC,PB_2,AAAGTAGAGGAGTTTA-1,PB,-0.5043722188424272
HC,PB_2,AAAGTAGCATGCCTAA-1,PB,-0.21443015597436227
HC,PB_2,AAATGCCTCCCTCTTT-1,PB,-0.2947536565067164
HC,PB_2,AACACGTAGTTAAGTG-1,PB,0.5302477403966649
HC,PB_2,AACACGTTCATCGATG-1,PB,0.04834226583270058
HC,PB_2,AACACGTTCATGTGGT-1,PB,-0.2943742839265259
HC,PB_2,AACACGTTCTTCGGTC-1-1,PB,-0.07001801433854374
HC,PB_2,AACCGCGAGATGCCAG-1,PB,0.12107453047214656
HC,PB_2,AACCGCGGTGCAACTT-1,PB,-0.18608855740241878
HC,PB_2,AACCGCGGTTTGACAC-1,PB,-0.07001801433854374
HC,PB_2,AACGTTGAGGGTATCG-1,PB,-0.21394554018639747
HC,PB_2,AACGTTGTCACTCTTA-1,PB,-0.22603335523018933
HC,PB_2,AACTCAGAGAGCTGGT-1,PB,-0.2584003834805355
HC,PB_2,AACTCTTAGAGTCGGT-1,PB,-0.32930600226308204
HC,PB_2,AACTGGTTCTGCGACG-1,PB,-0.07001801433854374
HC,PB_2,AAGACCTAGACGACGT-1,PB,-0.010419349974288847
HC,PB_2,AAGACCTCAGCTCCGA-1,PB,0.43967548192083244
HC,PB_2,AAGACCTTCCTTGACC-1,PB,0.014696371270067359
HC,PB_2,AAGCCGCCACCAGGTC-1,PB,-0.0638575639741595
HC,PB_2,AAGGAGCAGTTACGGG-1-1,PB,0.07484382354285576
HC,PB_2,AAGGAGCCATGTCGAT-1,PB,0.3024314927669824
HC,PB_2,AAGGAGCGTACAGACG-1,PB,0.13376548344797554
HC,PB_2,AAGGCAGTCGTATCAG-1,PB,-0.07001801433854374
HC,PB_2,AAGGTTCTCTTGCATT-1,PB,-0.7082279663296623
HC,PB_2,AAGTCTGCAAAGCGGT-1,PB,-0.07001801433854374
HC,PB_2,AAGTCTGCACCGTTGG-1,PB,0.03922853159636969
HC,PB_2,AAGTCTGTCGTGGACC-1,PB,-0.07001801433854374
HC,PB_2,AATCCAGAGATCTGCT-1,PB,-0.15823934090334177
HC,PB_2,ACACCCTCACAGGAGT-1,PB,0.10379404399549018
HC,PB_2,ACACTGAAGCGTGAAC-1,PB,-0.21858460857412426
HC,PB_2,ACACTGAAGGGAACGG-1,PB,-0.17491382027513827
HC,PB_2,ACACTGACACATTTCT-1,PB,-0.2713074448057074
HC,PB_2,ACACTGACATGGGAAC-1,PB,0.039012625776901656
HC,PB_2,ACAGCCGTCCTGCCAT-1,PB,0.23376938154802146
HC,PB_2,ACAGCTAAGATGTCGG-1,PB,-0.07001801433854374
HC,PB_2,ACAGCTAGTAAATGTG-1,PB,0.008669041757713334
HC,PB_2,ACAGCTAGTGATGCCC-1,PB,-0.07001801433854374
HC,PB_2,ACATACGGTCCTCTTG-1,PB,0.09067167645140471
HC,PB_2,ACATCAGCAGTACACT-1,PB,-0.07001801433854374
HC,PB_2,ACATCAGGTTCCATGA-1-1,PB,-0.1833041590057958
HC,PB_2,ACATCAGTCGCAAACT-1-1,PB,-0.07001801433854374
HC,PB_2,ACATCAGTCTAACCGA-1,PB,-0.15748839561752856
HC,PB_2,ACATGGTAGAGTCGGT-1,PB,-0.2679958475685352
HC,PB_2,ACCAGTAAGATGGCGT-1,PB,-0.07001801433854374
HC,PB_2,ACCAGTATCAGCTCTC-1,PB,0.08167417124890064
HC,PB_2,ACCGTAAAGCGTGAAC-1,PB,0.5899182097447283
HC,PB_2,ACCTTTAAGGCTAGAC-1,PB,0.06260447990231664
HC,PB_2,ACCTTTAGTACTCTCC-1,PB,-0.07001801433854374
HC,PB_2,ACGAGCCAGTAGCGGT-1-1,PB,-0.0025534933963416834
HC,PB_2,ACGAGGAGTCAAGCGA-1,PB,-0.07001801433854374
HC,PB_2,ACGAGGAGTGAGTATA-1,PB,-0.33976451580855016
HC,PB_2,ACGAGGATCACGAAGG-1,PB,-0.3386804656142119
HC,PB_2,ACGATACCAGACGCTC-1,PB,0.27443148912581433
HC,PB_2,ACGATGTAGACCGGAT-1,PB,-0.09427507055384729
HC,PB_2,ACGATGTAGCCCGAAA-1,PB,0.22204343949563232
HC,PB_2,ACGATGTAGTTACCCA-1,PB,0.2756038282138106
HC,PB_2,ACGCAGCGTCTAGCGC-1,PB,0.12487034586493409
HC,PB_2,ACGCAGCTCCTCAACC-1,PB,0.20260435622969178
HC,PB_2,ACGCCAGTCCACGTTC-1,PB,-0.05573848885236134
HC,PB_2,ACGCCGAAGTTACGGG-1-1,PB,-0.00969541794849922
HC,PB_2,ACGCCGAGTGCCTTGG-1,PB,0.5206056701656521
HC,PB_2,ACGCCGATCAGGCAAG-1,PB,-0.33740849363209546
HC,PB_2,ACGGAGAGTAAGGGAA-1,PB,0.2858029526594969
HC,PB_2,ACGGAGATCTGTACGA-1,PB,0.023024838631347872
HC,PB_2,ACGGCCACATCACAAC-1,PB,0.1495367375630941
HC,PB_2,ACGGGCTCAATGGACG-1,PB,0.137302102334425
HC,PB_2,ACGGGCTCAGCGTTCG-1,PB,-0.24106228475840052
HC,PB_2,ACGGGCTGTCCGTCAG-1,PB,-0.07001801433854374
HC,PB_2,ACGGGCTGTTCGGGCT-1,PB,-0.2063116069954352
HC,PB_2,ACGGGTCGTTGCGCAC-1,PB,-0.3187069566938082
HC,PB_2,ACTGAACGTACCAGTT-1,PB,-0.07001801433854374
HC,PB_2,ACTGAACGTTACAGAA-1,PB,0.009096438428200515
HC,PB_2,ACTGAGTTCCCATTTA-1,PB,-0.07001801433854374
HC,PB_2,ACTGATGAGAGTTGGC-1,PB,0.22973167735885766
HC,PB_2,ACTGTCCAGGCGTACA-1,PB,-0.07001801433854374
HC,PB_2,ACTGTCCCACAGCGTC-1-1,PB,-0.24118513438643327
HC,PB_2,ACTGTCCGTCTTGCGG-1-1,PB,-0.07001801433854374
HC,PB_2,ACTGTCCTCTACTATC-1,PB,-0.14421028968280467
HC,PB_2,ACTTGTTCATTCCTGC-1,PB,-0.07001801433854374
HC,PB_2,ACTTGTTGTCTACCTC-1,PB,-0.2949553703080846
HC,PB_2,ACTTTCACATCTCCCA-1,PB,0.3102230837128022
HC,PB_2,AGAATAGAGAACTGTA-1,PB,0.10395838912076195
HC,PB_2,AGAATAGTCGCATGGC-1,PB,-0.28989500593929696
HC,PB_2,AGACGTTTCCGTAGTA-1,PB,-0.2358011510966802
HC,PB_2,AGACGTTTCTGATTCT-1,PB,0.09721144481396474
HC,PB_2,AGAGCGACAGATGAGC-1,PB,0.3774521923849176
HC,PB_2,AGAGCTTCAGCAGTTT-1,PB,0.7108322429092716
HC,PB_2,AGAGCTTTCGGCTACG-1,PB,0.19906288762808158
HC,PB_2,AGAGTGGAGCCAGTAG-1,PB,-0.07001801433854374
HC,PB_2,AGAGTGGCAATTCCTT-1,PB,-0.07001801433854374
HC,PB_2,AGAGTGGGTTGTCGCG-1,PB,0.1412095355239601
HC,PB_2,AGATCTGAGTTGAGTA-1,PB,-0.07001801433854374
HC,PB_2,AGATTGCCAGCTGCTG-1,PB,0.0779978010911249
HC,PB_2,AGATTGCGTAGGCTGA-1,PB,-0.07001801433854374
HC,PB_2,AGCAGCCAGATCCCGC-1,PB,-0.19444032481468637
HC,PB_2,AGCAGCCCATCGTCGG-1,PB,0.014479660868905342
HC,PB_2,AGCATACAGTCCGGTC-1,PB,-0.38897137772469786
HC,PB_2,AGCCTAAGTCTCCCTA-1,PB,0.21602871339512067
HC,PB_2,AGCGGTCAGCCTTGAT-1-1,PB,-0.22775264580042373
HC,PB_2,AGCGTATGTGTTTGTG-1,PB,0.24268365325488397
HC,PB_2,AGCGTCGAGGCTATCT-1,PB,-0.8317811359023262
HC,PB_2,AGCTCCTGTCCAACTA-1,PB,0.1292635221320025
HC,PB_2,AGCTCCTGTCGAAAGC-1,PB,-0.38864870577839444
HC,PB_2,AGCTCTCTCGTGGACC-1,PB,-0.14562333624365972
HC,PB_2,AGCTTGACATTCCTCG-1,PB,-0.5315730671496162
HC,PB_2,AGCTTGAGTATAGGTA-1,PB,0.5326016590857151
HC,PB_2,AGCTTGAGTCGTGGCT-1,PB,-0.1589298620561078
HC,PB_2,AGCTTGAGTTCAGTAC-1-1,PB,0.029230430159827063
HC,PB_2,AGGCCACCAGCTGCTG-1,PB,0.22033766992600085
HC,PB_2,AGGCCACGTTGTACAC-1,PB,0.5013519232368306
HC,PB_2,AGGCCGTCAGCATGAG-1,PB,-0.07001801433854374
HC,PB_2,AGGCCGTTCTCCGGTT-1-1,PB,-0.14796604740279243
HC,PB_2,AGGGATGAGAGTACCG-1,PB,0.15073467592470005
HC,PB_2,AGGGATGAGGTACTCT-1,PB,-0.2568007252142947
HC,PB_2,AGGGTGATCACGATGT-1,PB,-0.27932882292144
HC,PB_2,AGGTCATCAACTTGAC-1,PB,-0.4080426672794732
HC,PB_2,AGGTCATCATCAGTCA-1,PB,-0.20627385464492978
HC,PB_2,AGGTCATTCAACTCTT-1,PB,-0.36707901302337625
HC,PB_2,AGGTCCGTCAGCTGGC-1,PB,0.1324957178797275
HC,PB_2,AGTAGTCAGGTGCAAC-1,PB,0.4276172678683271
HC,PB_2,AGTCTTTCAATCCAAC-1,PB,0.24119431436793257
HC,PB_2,AGTGAGGGTCTCATCC-1,PB,-0.32091853991051295
HC,PB_2,AGTGAGGTCACTTCAT-1,PB,0.03502106241345724
HC,PB_2,AGTGGGACAAGCTGTT-1,PB,-0.07001801433854374
HC,PB_2,AGTGGGATCACTTATC-1,PB,-0.07001801433854374
HC,PB_2,AGTGTCACATTAGCCA-1,PB,-0.07001801433854374
HC,PB_2,AGTTGGTAGTCCGTAT-1,PB,-0.07001801433854374
HC,PB_2,AGTTGGTAGTGTTGAA-1,PB,-0.5216415056124558
HC,PB_2,ATAACGCGTCTAAAGA-1,PB,-0.07001801433854374
HC,PB_2,ATAACGCGTTGCTCCT-1,PB,0.11225389522590272
HC,PB_2,ATAACGCTCTCCAGGG-1,PB,-0.07001801433854374
HC,PB_2,ATAAGAGGTATCGCAT-1-1,PB,-0.07001801433854374
HC,PB_2,ATCACGACAGGGATTG-1,PB,-0.18096052300231338
HC,PB_2,ATCACGACATGAACCT-1,PB,0.08520954046109866
HC,PB_2,ATCACGATCTTCGGTC-1,PB,-0.07001801433854374
HC,PB_2,ATCATCTAGGAACTGC-1,PB,0.7941955541749149
HC,PB_2,ATCATCTCACGTTGGC-1,PB,-0.2990176637395208
HC,PB_2,ATCATCTCAGTAAGAT-1,PB,-0.07001801433854374
HC,PB_2,ATCATCTGTGCGATAG-1,PB,0.14730031500408167
HC,PB_2,ATCATCTTCAGTTAGC-1,PB,0.0665152352879317
HC,PB_2,ATCATCTTCGCGATCG-1,PB,-0.07001801433854374
HC,PB_2,ATCATGGAGCGTAATA-1,PB,-0.07001801433854374
HC,PB_2,ATCATGGTCAAACGGG-1,PB,0.5359666250024414
HC,PB_2,ATCCACCAGTCCATAC-1-1,PB,0.1994011515764782
HC,PB_2,ATCCACCCAAACGCGA-1,PB,0.19858269291399044
HC,PB_2,ATCCACCCACTCGACG-1,PB,-0.24973122353526875
HC,PB_2,ATCCGAAGTTATTCTC-1,PB,0.027592578960952963
HC,PB_2,ATCCGAAGTTCAGCGC-1,PB,-0.07001801433854374
HC,PB_2,ATCCGAATCAGAGGTG-1,PB,-0.2424495838916736
HC,PB_2,ATCCGAATCGGTTCGG-1,PB,0.15787913046568808
HC,PB_2,ATCTACTCAACCGCCA-1,PB,-0.07001801433854374
HC,PB_2,ATCTACTGTATCACCA-1,PB,-0.07001801433854374
HC,PB_2,ATCTACTTCTGAGGGA-1,PB,-0.07001801433854374
HC,PB_2,ATCTGCCAGAAGCCCA-1-1,PB,-0.07001801433854374
HC,PB_2,ATCTGCCCAGACGCCT-1,PB,0.6093062128128991
HC,PB_2,ATCTGCCGTCGAGATG-1,PB,-0.07001801433854374
HC,PB_2,ATCTGCCTCTGAGGGA-1,PB,-0.3303063498971933
HC,PB_2,ATGCGATAGTAATCCC-1,PB,0.24417680494233157
HC,PB_2,ATGCGATCACCAACCG-1,PB,0.15608915908380103
HC,PB_2,ATGGGAGAGGTGGGTT-1,PB,-0.21267528544350903
HC,PB_2,ATGTGTGAGTGTGAAT-1,PB,0.27557344868245454
HC,PB_2,ATTCTACGTAGGGTAC-1,PB,-0.2167928935416596
HC,PB_2,ATTCTACTCAGAGGTG-1,PB,0.18043943313172917
HC,PB_2,ATTGGACGTCTCTCTG-1,PB,-0.6324645283370264
HC,PB_2,ATTGGTGCAAGCGTAG-1,PB,0.0022327730641331645
HC,PB_2,ATTTCTGAGACCCACC-1,PB,-0.07001801433854374
HC,PB_2,ATTTCTGGTTCGAATC-1,PB,-0.17264366918683607
HC,PB_2,CAACCAACACAACGCC-1,PB,-0.09826541255535529
HC,PB_2,CAACCAAGTGGCAAAC-1,PB,0.06324918040887867
HC,PB_2,CAACCTCCAAGTTAAG-1,PB,0.09481151980914164
HC,PB_2,CAACCTCCACCCATTC-1,PB,-0.07001801433854374
HC,PB_2,CAACCTCGTGTTTGTG-1,PB,0.23489352370945382
HC,PB_2,CAACTAGTCTGAAAGA-1,PB,0.38298877426616645
HC,PB_2,CAAGATCAGTTTCCTT-1,PB,-0.3657457699410019
HC,PB_2,CAAGATCTCAAAGTAG-1,PB,0.19654207805842835
HC,PB_2,CAAGGCCTCTGCAAGT-1,PB,0.3731342798374321
HC,PB_2,CAAGTTGGTGACCAAG-1,PB,-0.4167974691560577
HC,PB_2,CAAGTTGTCCCGGATG-1,PB,0.19853633201892826
HC,PB_2,CACAAACGTAATCACC-1,PB,-0.33961916850151663
HC,PB_2,CACACAACACAGGAGT-1,PB,-0.07001801433854374
HC,PB_2,CACACAACACCCTATC-1,PB,-0.5055261779781349
HC,PB_2,CACACAAGTACAAGTA-1,PB,-0.3531480845204272
HC,PB_2,CACACCTGTCTTTCAT-1,PB,0.3222408470285316
HC,PB_2,CACACCTTCCAAACTG-1,PB,-0.07001801433854374
HC,PB_2,CACCACTTCTAGAGTC-1,PB,0.31854423054544867
HC,PB_2,CACCAGGAGCTCTCGG-1,PB,-0.0070172455154692516
HC,PB_2,CACCAGGAGGGATGGG-1,PB,0.07569080685447357
HC,PB_2,CACCTTGTCCATGAGT-1,PB,-0.16325031665357637
HC,PB_2,CACTCCAAGGCTCATT-1,PB,0.0017131234953198318
HC,PB_2,CACTCCACACGGCCAT-1,PB,0.18832158516501823
HC,PB_2,CACTCCACAGGACCCT-1,PB,-0.07001801433854374
HC,PB_2,CACTCCAGTTAAGATG-1,PB,-0.16506712311535562
HC,PB_2,CACTCCATCAAACCAC-1-1,PB,-0.19649764432215236
HC,PB_2,CACTCCATCGTATCAG-1,PB,0.2059290723509796
HC,PB_2,CAGAATCGTAGTACCT-1,PB,-0.07001801433854374
HC,PB_2,CAGAATCTCTGCGACG-1,PB,-0.2455359764243339
HC,PB_2,CAGAGAGTCGCCTGAG-1,PB,0.31707725836416495
HC,PB_2,CAGATCAGTTAAGATG-1,PB,-0.07001801433854374
HC,PB_2,CAGCAGCGTCACCTAA-1,PB,0.04467633332261833
HC,PB_2,CAGCATACAAGCGTAG-1,PB,-0.07001801433854374
HC,PB_2,CAGCATAGTTGTACAC-1,PB,0.14630659127655662
HC,PB_2,CAGCCGACATTCTCAT-1,PB,-0.07001801433854374
HC,PB_2,CAGCCGATCTTGCCGT-1,PB,-0.4551121153620304
HC,PB_2,CAGCTAAAGCCAGTTT-1,PB,0.0378855912090782
HC,PB_2,CAGCTAAAGCTTCGCG-1,PB,-0.10073180445058763
HC,PB_2,CAGCTAAGTCTCCCTA-1,PB,-0.18363264338116436
HC,PB_2,CAGCTGGAGCCCAATT-1,PB,0.33027576928516467
HC,PB_2,CAGCTGGCAGACAAGC-1,PB,-0.07001801433854374
HC,PB_2,CAGGTGCCACCTCGGA-1,PB,0.0009157589010380345
HC,PB_2,CAGGTGCCATCGATTG-1,PB,0.178672035486162
HC,PB_2,CAGGTGCTCATAAAGG-1,PB,-0.07001801433854374
HC,PB_2,CAGTCCTAGCACACAG-1,PB,-0.07001801433854374
HC,PB_2,CATATGGAGACTCGGA-1,PB,0.19094919718327272
HC,PB_2,CATATGGAGTATCTCG-1,PB,0.0009143991107934164
HC,PB_2,CATATGGTCGACCAGC-1,PB,-0.18131516059981376
HC,PB_2,CATATGGTCGCTTGTC-1-2,PB,0.09111960829313241
HC,PB_2,CATATTCAGCGGATCA-1-1,PB,-0.30240289628657235
HC,PB_2,CATATTCCAACGATGG-1-1,PB,-0.6203754599512005
HC,PB_2,CATATTCCAATCAGAA-1,PB,0.25992134072604406
HC,PB_2,CATATTCTCTCGTTTA-1,PB,-0.0416187066287071
HC,PB_2,CATCAGAGTCCTGCTT-1,PB,-0.3741395094639645
HC,PB_2,CATCAGATCATCTGCC-1,PB,-0.05214803815416779
HC,PB_2,CATCCACAGAGTTGGC-1,PB,0.08336105884794964
HC,PB_2,CATCCACGTTCCAACA-1,PB,-0.21389534164949806
HC,PB_2,CATCCACTCTGGTGTA-1,PB,-0.07001801433854374
HC,PB_2,CATCGAAGTTGATTGC-1-1,PB,-0.07001801433854374
HC,PB_2,CATCGGGGTATTCTCT-1,PB,0.05417089606541359
HC,PB_2,CATCGGGTCTAACTGG-1,PB,0.13486530308165254
HC,PB_2,CATGACAGTCTGATTG-1,PB,-0.22108320018009686
HC,PB_2,CATGCCTTCTTACCTA-1,PB,-0.07001801433854374
HC,PB_2,CATTATCAGACCGGAT-1,PB,-0.3024662001816849
HC,PB_2,CATTCGCAGCAAATCA-1-1,PB,0.09117640927023817
HC,PB_2,CATTCGCTCCGCATCT-1,PB,0.10898558872082931
HC,PB_2,CCAATCCCACCAGGTC-1,PB,0.2918743330890317
HC,PB_2,CCAATCCGTGAGGCTA-1,PB,0.25983814652805515
HC,PB_2,CCACCTAGTTAAGAAC-1,PB,-0.07001801433854374
HC,PB_2,CCACCTATCAAACCGT-1,PB,0.1456824951224102
HC,PB_2,CCACCTATCTCTTGAT-1-1,PB,-0.05645278097721458
HC,PB_2,CCACGGACACTATCTT-1,PB,0.21152415957932283
HC,PB_2,CCACGGATCTAGAGTC-1,PB,-0.24849585522681455
HC,PB_2,CCACTACAGAATCTCC-1,PB,-0.19863046846386886
HC,PB_2,CCACTACCATGAGCGA-1,PB,-0.4580808415061998
HC,PB_2,CCACTACGTAGTACCT-1,PB,-0.1652339972045474
HC,PB_2,CCAGCGACACTTACGA-1,PB,0.0308287011499204
HC,PB_2,CCATGTCAGCCACGTC-1,PB,-0.1494346461629706
HC,PB_2,CCATGTCCACCAGATT-1,PB,0.4084900679348041
HC,PB_2,CCATGTCGTAAGTTCC-1,PB,0.2974889845719288
HC,PB_2,CCATGTCTCCACGAAT-1,PB,-0.07001801433854374
HC,PB_2,CCCAATCCAGGCTGAA-1,PB,-0.07001801433854374
HC,PB_2,CCCAATCCATCGTCGG-1,PB,0.26439445575511555
HC,PB_2,CCCAGTTCACACCGAC-1,PB,0.20564671182126135
HC,PB_2,CCCTCCTAGACAATAC-1,PB,-0.022148497237174665
HC,PB_2,CCCTCCTCAGGTGCCT-1,PB,-0.07001801433854374
HC,PB_2,CCCTCCTCAGTCCTTC-1,PB,0.06385883809872848
HC,PB_2,CCCTCCTTCACATACG-1,PB,-0.273117802945858
HC,PB_2,CCGGGATTCAAACCAC-1,PB,0.07979621071366684
HC,PB_2,CCGGTAGAGGTGTTAA-1-1,PB,0.4026397012478406
HC,PB_2,CCGGTAGGTAGCTGCC-1,PB,-0.15837060665327427
HC,PB_2,CCGGTAGTCTCCAACC-1,PB,0.07688463608786425
HC,PB_2,CCGGTAGTCTCTTATG-1,PB,-0.05070358698299715
HC,PB_2,CCGTACTGTAAATGAC-1,PB,0.20315918463611446
HC,PB_2,CCGTACTTCGTTACAG-1,PB,-0.07001801433854374
HC,PB_2,CCGTACTTCTCAAACG-1,PB,-0.17286997457815442
HC,PB_2,CCGTGGAGTAGTAGTA-1,PB,0.30675096236939475
HC,PB_2,CCGTTCACACACTGCG-1,PB,-0.0036061352526141504
HC,PB_2,CCGTTCACACGGACAA-1,PB,-0.07001801433854374
HC,PB_2,CCTAAAGAGCTAACAA-1,PB,-0.35805221186235897
HC,PB_2,CCTAAAGTCTGTGCAA-1,PB,-0.07001801433854374
HC,PB_2,CCTACACCAAGAAAGG-1,PB,0.24683511809560618
HC,PB_2,CCTACCACATCAGTAC-1,PB,-0.3764752862099689
HC,PB_2,CCTACCATCTAAGCCA-1,PB,0.0907537566409821
HC,PB_2,CCTAGCTGTGGCCCTA-1,PB,0.00041613572926942267
HC,PB_2,CCTAGCTTCACCATAG-1,PB,-0.17747283502426942
HC,PB_2,CCTATTAAGGGTCGAT-1,PB,-0.24885932677161324
HC,PB_2,CCTATTACAATCGAAA-1,PB,0.01411876515142002
HC,PB_2,CCTATTACAGCCTTTC-1,PB,-0.1451769782130397
HC,PB_2,CCTCAGTAGGTGCTTT-1,PB,-0.2315990754419159
HC,PB_2,CCTCAGTCAATCTACG-1,PB,-0.07001801433854374
HC,PB_2,CCTCTGAAGGGTTTCT-1,PB,-0.07001801433854374
HC,PB_2,CCTTACGGTAAGAGGA-1,PB,-0.004148128838713456
HC,PB_2,CCTTACGTCAAGAAGT-1,PB,0.2018723650803243
HC,PB_2,CCTTCCCCAAGCTGGA-1,PB,-0.07001801433854374
HC,PB_2,CCTTCCCCACAGGTTT-1,PB,-0.23379231928870442
HC,PB_2,CCTTCCCGTGACAAAT-1,PB,-0.4276587298026033
HC,PB_2,CCTTCGAAGGATGTAT-1,PB,0.11648272041643083
HC,PB_2,CCTTTCTAGACAAAGG-1,PB,0.08579453381392284
HC,PB_2,CCTTTCTAGCTGCGAA-1,PB,-0.019701264034540485
HC,PB_2,CCTTTCTGTGCATCTA-1,PB,0.6539548501033355
HC,PB_2,CGAACATAGGACCACA-1,PB,-0.2895751041968186
HC,PB_2,CGAACATCACAGCCCA-1,PB,-0.07001801433854374
HC,PB_2,CGACCTTCAGTCGATT-1,PB,-0.07001801433854374
HC,PB_2,CGACCTTCATTAGGCT-1,PB,-0.07001801433854374
HC,PB_2,CGACCTTTCCTCAATT-1,PB,-0.07001801433854374
HC,PB_2,CGACTTCTCAGCCTAA-1,PB,-0.07001801433854374
HC,PB_2,CGACTTCTCGCGATCG-1-1,PB,-0.07001801433854374
HC,PB_2,CGAGAAGCAGTAAGCG-1,PB,-0.2109360237749031
HC,PB_2,CGAGAAGTCGGAGGTA-1,PB,0.08960749269052735
HC,PB_2,CGAGCACAGTCCGGTC-1,PB,0.17753068327415203
HC,PB_2,CGAGCACAGTTTGCGT-1,PB,-0.18488219478284723
HC,PB_2,CGAGCACCACCTCGGA-1,PB,0.07309650085056606
HC,PB_2,CGAGCACGTCGCATAT-1,PB,-0.333442849867493
HC,PB_2,CGAGCCACAATCGGTT-1,PB,-0.07001801433854374
HC,PB_2,CGAGCCAGTTAAGACA-1,PB,-0.6704082192880753
HC,PB_2,CGAGCCATCAGCACAT-1,PB,-0.07001801433854374
HC,PB_2,CGATGGCAGGTGATTA-1,PB,0.12435944967727651
HC,PB_2,CGATGGCTCAACACAC-1,PB,0.08514457622978898
HC,PB_2,CGATGTACAGCTCGAC-1,PB,0.0811620807910919
HC,PB_2,CGATGTAGTCTCACCT-1-1,PB,-0.07001801433854374
HC,PB_2,CGATTGAGTGACAAAT-1,PB,0.39810191819933854
HC,PB_2,CGATTGATCGAGCCCA-1,PB,-0.07001801433854374
HC,PB_2,CGCCAAGCACACCGCA-1,PB,-0.2120483883868283
HC,PB_2,CGCCAAGGTCGCTTTC-1,PB,-0.07001801433854374
HC,PB_2,CGCCAAGGTGTGACCC-1,PB,0.1362502026827843
HC,PB_2,CGCGGTAAGAGGGATA-1,PB,-0.19419248221978216
HC,PB_2,CGCGGTATCCGAAGAG-1,PB,-0.07001801433854374
HC,PB_2,CGCGTTTCAATTCCTT-1,PB,-0.17698944241766038
HC,PB_2,CGCTATCTCCATGCTC-1,PB,-0.19842129025216493
HC,PB_2,CGCTATCTCTCCGGTT-1,PB,-0.221466692594845
HC,PB_2,CGGACACTCCAGTATG-1,PB,-0.2884660585012186
HC,PB_2,CGGACGTGTAGAGGAA-1,PB,-0.27589058328384014
HC,PB_2,CGGACGTGTAGCGCTC-1,PB,-0.29293076073119384
HC,PB_2,CGGAGCTAGCACGCCT-1,PB,0.18196450061150884
HC,PB_2,CGGAGTCAGAAACCTA-1,PB,-0.1637665104852575
HC,PB_2,CGGAGTCCAATTGCTG-1,PB,0.14056358878228914
HC,PB_2,CGGAGTCGTACCGCTG-1,PB,0.5491741027433122
HC,PB_2,CGGAGTCTCTAACTTC-1,PB,-0.07001801433854374
HC,PB_2,CGGGTCACATGCCACG-1,PB,-0.05803162093122531
HC,PB_2,CGGTTAAGTGTTGGGA-1,PB,0.048896888179837894
HC,PB_2,CGGTTAATCACTCTTA-1,PB,0.14249188282375164
HC,PB_2,CGTAGCGGTCCGACGT-1,PB,-0.15015669203498513
HC,PB_2,CGTAGCGTCTCGGACG-1,PB,0.08073864206774702
HC,PB_2,CGTAGGCCAGAAGCAC-1-1,PB,0.18141739954274708
HC,PB_2,CGTCTACTCAGTCAGT-1,PB,-0.14965133496644548
HC,PB_2,CGTGAGCGTGGTAACG-1,PB,-0.05265300966937749
HC,PB_2,CGTGTCTAGAGCTATA-1,PB,0.45837465379107095
HC,PB_2,CGTGTCTAGATCGATA-1,PB,0.15016377999008476
HC,PB_2,CGTGTCTAGCTGGAAC-1,PB,-0.24976079601471374
HC,PB_2,CGTTAGAAGACAAAGG-1,PB,0.4515747914559685
HC,PB_2,CGTTAGAAGCAGCCTC-1,PB,-0.50545859433041
HC,PB_2,CGTTCTGAGTGCGATG-1,PB,0.13976017963594728
HC,PB_2,CGTTCTGGTATAAACG-1,PB,-0.07001801433854374
HC,PB_2,CGTTGGGCACAAGACG-1,PB,-0.4946956370186933
HC,PB_2,CGTTGGGCAGTAAGCG-1,PB,0.18603814717962774
HC,PB_2,CGTTGGGCATCGTCGG-1,PB,0.2091950496611014
HC,PB_2,CTAACTTAGGAATTAC-1,PB,-0.07001801433854374
HC,PB_2,CTAACTTGTACTCAAC-1,PB,0.1482149265514122
HC,PB_2,CTAACTTGTGATGTCT-1,PB,-0.18825402649215023
HC,PB_2,CTAAGACTCGGCTACG-1,PB,-0.15805291594698773
HC,PB_2,CTAATGGGTTACGACT-1,PB,-0.07001801433854374
HC,PB_2,CTAATGGTCCGATATG-1,PB,-0.07001801433854374
HC,PB_2,CTACACCGTAAGTGTA-1,PB,-0.21982088961257262
HC,PB_2,CTACACCTCCGCTGTT-1,PB,0.10086581694728379
HC,PB_2,CTACATTAGAAGGCCT-1,PB,0.1780027413371689
HC,PB_2,CTACCCAAGATGCCTT-1,PB,-0.060099602439594786
HC,PB_2,CTACCCACATATGAGA-1,PB,-0.07001801433854374
HC,PB_2,CTACCCAGTCTTCGTC-1,PB,-0.33197592861864905
HC,PB_2,CTACGTCAGACTTGAA-1,PB,-0.22495972403331416
HC,PB_2,CTAGAGTAGCCGATTT-1,PB,-0.07001801433854374
HC,PB_2,CTAGCCTTCAGTGTTG-1,PB,-0.1360875479131349
HC,PB_2,CTAGCCTTCTACGAGT-1,PB,-0.20259690903138455
HC,PB_2,CTAGTGATCCATGAGT-1,PB,-0.07001801433854374
HC,PB_2,CTCACACAGTCGTTTG-1,PB,-0.34712724732288697
HC,PB_2,CTCACACGTGGTACAG-1,PB,-0.24045106374703384
HC,PB_2,CTCAGAAAGCGATCCC-1,PB,-0.2519204345085206
HC,PB_2,CTCGAAAAGATGTGGC-1,PB,-0.024413650527213386
HC,PB_2,CTCGAAACAAGTCTGT-1,PB,-0.07001801433854374
HC,PB_2,CTCGAAACATGCCCGA-1,PB,-0.23168555096081841
HC,PB_2,CTCGAAAGTCCGAAGA-1,PB,-0.030127015665829166
HC,PB_2,CTCGAGGTCTGGTGTA-1-1,PB,-0.29395791602272997
HC,PB_2,CTCGGAGCAGCGATCC-1,PB,-0.07001801433854374
HC,PB_2,CTCGGAGCAGGGCATA-1,PB,-0.16231444454023394
HC,PB_2,CTCGGGACAGCTCGCA-1,PB,0.1508650637155448
HC,PB_2,CTCGTACCAGCCTGTG-1,PB,-0.20115946812543511
HC,PB_2,CTCGTACGTAAATGTG-1,PB,-0.07001801433854374
HC,PB_2,CTCGTCAAGAAACGAG-1,PB,-0.0562757888771147
HC,PB_2,CTCGTCAGTCCTAGCG-1,PB,0.009253086207517207
HC,PB_2,CTCTACGAGAAACGCC-1,PB,0.3945370069855651
HC,PB_2,CTCTGGTGTCAAAGAT-1,PB,-0.18673807591840294
HC,PB_2,CTGAAACCACGGCTAC-1,PB,0.7080982978994189
HC,PB_2,CTGAAGTGTATATCCG-1,PB,-0.23742043837323146
HC,PB_2,CTGATCCAGCAGACTG-1,PB,0.056116335529871705
HC,PB_2,CTGCCTAAGAGTTGGC-1,PB,-0.07001801433854374
HC,PB_2,CTGCCTAAGCCACGTC-1,PB,0.07237137890710185
HC,PB_2,CTGCCTAAGGGATACC-1,PB,0.06746282369669508
HC,PB_2,CTGCCTACACCAGGCT-1-2,PB,-0.2827029666695195
HC,PB_2,CTGCGGAGTCGCATAT-1,PB,0.24857268275996808
HC,PB_2,CTGCGGATCGGATGGA-1,PB,-0.15694667809232585
HC,PB_2,CTGCTGTCATTCCTGC-1,PB,0.06720352070310152
HC,PB_2,CTGCTGTCATTGGGCC-1,PB,-0.28843906817102244
HC,PB_2,CTGCTGTGTAATAGCA-1,PB,0.1853844312340794
HC,PB_2,CTGCTGTGTCATATGC-1,PB,-0.4710007280505691
HC,PB_2,CTGCTGTGTTGCGTTA-1,PB,-0.25738862993068745
HC,PB_2,CTGGTCTCAGGAATGC-1,PB,-0.03406979803001988
HC,PB_2,CTGGTCTGTTCAACCA-1,PB,0.10332153525903842
HC,PB_2,CTGTTTATCACCTTAT-1,PB,-0.07001801433854374
HC,PB_2,CTTAACTGTACCGTAT-1,PB,-0.07001801433854374
HC,PB_2,CTTAACTTCCCTGACT-1,PB,0.2296923939750831
HC,PB_2,CTTACCGGTGTGCGTC-1,PB,-0.07001801433854374
HC,PB_2,CTTACCGGTTGCGTTA-1,PB,-0.07001801433854374
HC,PB_2,CTTAGGAGTCCAACTA-1,PB,-0.2908535586678264
HC,PB_2,CTTAGGATCATTGCGA-1,PB,-0.04224374018133109
HC,PB_2,CTTAGGATCCGTTGTC-1,PB,0.10386415882025192
HC,PB_2,CTTAGGATCTCAAGTG-1,PB,-0.17832466634228186
HC,PB_2,CTTCTCTAGGTCATCT-1,PB,-0.5752978736198505
HC,PB_2,CTTCTCTGTTCCCTTG-1,PB,-0.2248613828170407
HC,PB_2,CTTCTCTTCTTTACAC-1,PB,-0.07001801433854374
HC,PB_2,GAAACTCCATGGGACA-1-1,PB,-0.060846004306530664
HC,PB_2,GAAACTCGTAAACACA-1,PB,-0.07001801433854374
HC,PB_2,GAAATGAAGCTCCTCT-1,PB,-0.029256144241296262
HC,PB_2,GAAATGAAGTACGCGA-1,PB,0.01610014143292163
HC,PB_2,GAAATGACATGCAATC-1,PB,-0.14870816965119288
HC,PB_2,GAAATGACATGCCTTC-1,PB,-0.07001801433854374
HC,PB_2,GAACATCCACATGTGT-1,PB,-0.1951163619955936
HC,PB_2,GAACCTAAGCTTCGCG-1,PB,-0.18996297469362905
HC,PB_2,GAACCTAAGGCCATAG-1,PB,-0.3468910795112184
HC,PB_2,GAACGGAAGTACGTTC-1-1,PB,-0.14993358252742037
HC,PB_2,GAACGGAAGTGCTGCC-1,PB,0.3135894594071207
HC,PB_2,GAACGGATCTAGAGTC-1,PB,-0.1526326712543838
HC,PB_2,GAAGCAGAGTTTGCGT-1,PB,0.24950453555646088
HC,PB_2,GAATAAGGTCAGAGGT-1,PB,-0.07001801433854374
HC,PB_2,GAATGAACATCGGGTC-1-1,PB,-0.32936355083414376
HC,PB_2,GACAGAGGTAGCAAAT-1,PB,0.19238088938767015
HC,PB_2,GACAGAGTCACCTTAT-1,PB,-0.3466310216616182
HC,PB_2,GACCTGGAGTGTCTCA-1,PB,-0.3229469625611869
HC,PB_2,GACCTGGCACACAGAG-1,PB,0.0925383949813505
HC,PB_2,GACCTGGGTTGCCTCT-1,PB,-0.232885087169391
HC,PB_2,GACCTGGTCTTGTCAT-1,PB,-0.10135361678995969
HC,PB_2,GACGCGTCAACCGCCA-1,PB,0.1299041439380837
HC,PB_2,GACGCGTCACACGCTG-1,PB,-0.052883716228370584
HC,PB_2,GACGCGTTCGTTTATC-1,PB,-0.43235678769980235
HC,PB_2,GACGGCTAGCTAGCCC-1,PB,-0.07001801433854374
HC,PB_2,GACGGCTCAGGTGCCT-1,PB,0.05763315425067108
HC,PB_2,GACGGCTTCTTATCTG-1,PB,0.14934042034681091
HC,PB_2,GACGTGCCAATTGCTG-1,PB,0.24506910800031467
HC,PB_2,GACTAACAGCGTGAAC-1,PB,0.5038238878943283
HC,PB_2,GACTACAAGGCAGGTT-1,PB,0.044812950694081095
HC,PB_2,GACTACATCCGCAGTG-1,PB,0.04999666595804279
HC,PB_2,GACTACATCTGCAGTA-1,PB,-0.05616282127414836
HC,PB_2,GACTGCGGTAACGTTC-1,PB,-0.030988943563990314
HC,PB_2,GACTGCGGTTATCGGT-1,PB,-0.24611227895906737
HC,PB_2,GAGCAGAGTATATGGA-1,PB,0.1190824948141344
HC,PB_2,GAGGTGACACTAGTAC-1,PB,0.5050293902237285
HC,PB_2,GAGGTGAGTACCGGCT-1,PB,-0.23365885042809956
HC,PB_2,GAGTCCGGTTATCCGA-1,PB,0.16283034416343223
HC,PB_2,GATCAGTAGTGAACAT-1,PB,-0.27191438127694273
HC,PB_2,GATCAGTGTCACTTCC-1,PB,-0.23525403398925473
HC,PB_2,GATCGTACAGCTCCGA-1,PB,-0.11632167588872955
HC,PB_2,GATCGTAGTAGGGTAC-1,PB,-0.42943415962352954
HC,PB_2,GATGAAATCAAGCCTA-1,PB,0.7009251356052723
HC,PB_2,GATGAGGAGTTAGGTA-1,PB,-0.2279757479623299
HC,PB_2,GATGAGGCAAGTCTAC-1,PB,0.2722688271279177
HC,PB_2,GATGCTACATGAACCT-1,PB,-0.07001801433854374
HC,PB_2,GATGCTAGTCGAACAG-1,PB,0.0634921101817883
HC,PB_2,GATTCAGGTCATTAGC-1,PB,-0.320859923558091
HC,PB_2,GATTCAGGTGAAAGAG-1,PB,-0.35296891876381054
HC,PB_2,GCAAACTAGGGTCGAT-1,PB,-0.3125241084287847
HC,PB_2,GCAAACTCACACCGAC-1,PB,0.43714309608049573
HC,PB_2,GCAATCACAAGAAGAG-1,PB,-0.17416408313983647
HC,PB_2,GCACATAAGAGTTGGC-1,PB,-0.18662477243290412
HC,PB_2,GCACATAGTACTTGAC-1,PB,0.6598005184739171
HC,PB_2,GCACTCTAGAAACGCC-1,PB,-0.07001801433854374
HC,PB_2,GCACTCTCAGACAGGT-1,PB,0.09182022325947907
HC,PB_2,GCACTCTGTCCTAGCG-1,PB,-0.41622923161833497
HC,PB_2,GCAGCCATCGCAAACT-1,PB,-0.3239241888940415
HC,PB_2,GCAGCCATCTGTCCGT-1,PB,-0.10044441400805379
HC,PB_2,GCATGCGAGTCATGCT-1,PB,-0.1777860651404315
HC,PB_2,GCATGTACAGTCACTA-1,PB,0.1365088710551993
HC,PB_2,GCCAAATAGGTGGGTT-1,PB,0.2895016438720575
HC,PB_2,GCCAAATTCGTTTAGG-1,PB,0.021423226746263624
HC,PB_2,GCCTCTAAGACAAGCC-1,PB,-0.07001801433854374
HC,PB_2,GCGACCAAGACACGAC-1,PB,0.08337981186449481
HC,PB_2,GCGAGAATCCCGACTT-1,PB,-0.18222182974754766
HC,PB_2,GCGAGAATCTCTGCTG-1,PB,-0.2108916982340034
HC,PB_2,GCGCAGTGTATGAAAC-1,PB,0.4431207167053412
HC,PB_2,GCGCAGTGTGACGGTA-1,PB,-0.04506154224849001
HC,PB_2,GCGCAGTGTGCAGGTA-1,PB,-0.3100728245349632
HC,PB_2,GCGCCAAAGAAGGTTT-1,PB,0.38206477569866104
HC,PB_2,GCGCCAAAGTCAAGGC-1,PB,-0.40646355658676436
HC,PB_2,GCGCCAAGTAAACGCG-1,PB,-0.07001801433854374
HC,PB_2,GCGCCAAGTTGCTCCT-1,PB,0.50301090697207
HC,PB_2,GCGCGATAGCTAGTCT-1-1,PB,-0.22094144891528614
HC,PB_2,GCGCGATGTCAGGACA-1,PB,-0.07001801433854374
HC,PB_2,GCGGGTTCAGACGTAG-1,PB,0.4679122932506073
HC,PB_2,GCTGCAGTCAGCTGGC-1,PB,-0.07001801433854374
HC,PB_2,GCTGCGAAGAGCCTAG-1,PB,0.549454064917478
HC,PB_2,GCTGCGAAGTGGTCCC-1,PB,-0.07001801433854374
HC,PB_2,GCTGCTTCACAGATTC-1,PB,-0.08744777376752366
HC,PB_2,GCTGCTTCATGGGACA-1-1,PB,-0.30564378746418214
HC,PB_2,GCTGGGTGTATCTGCA-1,PB,0.637579391442592
HC,PB_2,GCTGGGTGTGGCCCTA-1,PB,-0.07001801433854374
HC,PB_2,GCTGGGTTCTCAAGTG-1,PB,-0.07001801433854374
HC,PB_2,GCTTCCACACCTCGTT-1,PB,-0.22770024643340733
HC,PB_2,GCTTCCACATGAGCGA-1,PB,0.060319342761175905
HC,PB_2,GCTTCCATCGCGTTTC-1,PB,-0.17929424259296983
HC,PB_2,GCTTGAAAGTGAAGTT-1,PB,-0.400123560414741
HC,PB_2,GGAAAGCTCTACGAGT-1,PB,-0.07001801433854374
HC,PB_2,GGAACTTAGATAGTCA-1,PB,-0.07001801433854374
HC,PB_2,GGAACTTGTTGGTAAA-1,PB,-0.21109605690479263
HC,PB_2,GGAACTTTCGGAGCAA-1,PB,-0.2879198427369532
HC,PB_2,GGAATAAAGTCTCCTC-1,PB,-0.24143140021740744
HC,PB_2,GGACAAGCATTCGACA-1,PB,-0.07001801433854374
HC,PB_2,GGACATTCACCAACCG-1,PB,-0.09142614502843706
HC,PB_2,GGACATTGTTTAGCTG-1,PB,-0.19321568899805724
HC,PB_2,GGAGCAAAGCCAACAG-1,PB,0.29344448105743576
HC,PB_2,GGCAATTAGAAGGTGA-1,PB,-0.21696157926793297
HC,PB_2,GGCAATTGTCTCTTAT-1,PB,-0.43052387849809587
HC,PB_2,GGCAATTGTGTTGGGA-1,PB,-0.07001801433854374
HC,PB_2,GGCCGATGTTGAGTTC-1,PB,0.08969412209555504
HC,PB_2,GGCGTGTCATCACCCT-1,PB,-0.07001801433854374
HC,PB_2,GGCGTGTGTCTCTTAT-1,PB,-0.07001801433854374
HC,PB_2,GGCTCGACACTAGTAC-1,PB,-0.3087276414490789
HC,PB_2,GGCTGGTAGTTTGCGT-1,PB,0.2568986924802378
HC,PB_2,GGGAATGTCTAGAGTC-1,PB,-0.07001801433854374
HC,PB_2,GGGACCTAGCGGCTTC-1,PB,0.30681096481455317
HC,PB_2,GGGACCTCACGCATCG-1,PB,0.10087282695002865
HC,PB_2,GGGACCTCATCCAACA-1,PB,0.0751528138118936
HC,PB_2,GGGACCTTCTGATACG-1,PB,0.08908865052049743
HC,PB_2,GGGATGAAGCGTTCCG-1,PB,-0.07001801433854374
HC,PB_2,GGGCACTAGAAGCCCA-1,PB,-0.07001801433854374
HC,PB_2,GGGCACTGTCATCCCT-1,PB,-0.410995004601311
HC,PB_2,GGGCATCCATTCCTGC-1,PB,0.08585110743524564
HC,PB_2,GGGTCTGAGTGTGGCA-1,PB,-0.07001801433854374
HC,PB_2,GGGTCTGCAGTAAGCG-1,PB,-0.11553399315854136
HC,PB_2,GGTATTGCACTTCGAA-1,PB,-0.25190520110438336
HC,PB_2,GGTATTGCAGCCAGAA-1,PB,-0.21214601733750243
HC,PB_2,GGTGAAGGTTGGACCC-1,PB,-0.20839022020212022
HC,PB_2,GGTGTTACATGCCTTC-1,PB,-0.07001801433854374
HC,PB_2,GTAACGTGTAGGGTAC-1,PB,0.3560491604913952
HC,PB_2,GTACGTACATCTCGCT-1,PB,-0.07001801433854374
HC,PB_2,GTACTCCTCCTAGTGA-1,PB,0.089921868833736
HC,PB_2,GTACTTTCACCCTATC-1,PB,0.27411964482195583
HC,PB_2,GTAGGCCGTCACTGGC-1,PB,-0.03366314133654592
HC,PB_2,GTATCTTCAAGCGCTC-1,PB,-0.6189011007353765
HC,PB_2,GTATTCTGTCCGCTGA-1,PB,-0.2479949600910969
HC,PB_2,GTATTCTTCTACGAGT-1,PB,-0.07001801433854374
HC,PB_2,GTCAAGTCACGAGAGT-1,PB,-0.18065859148009203
HC,PB_2,GTCAAGTGTATATGAG-1,PB,0.3504241351633418
HC,PB_2,GTCACAAGTCTAGAGG-1-1,PB,-0.09991433466339131
HC,PB_2,GTCATTTCAAGTACCT-1,PB,0.3598109557349393
HC,PB_2,GTCATTTGTAAGGGCT-1,PB,-0.07001801433854374
HC,PB_2,GTCATTTTCCCTTGTG-1,PB,0.08539283613252925
HC,PB_2,GTCCTCAGTTACCGAT-1,PB,-0.5148239801194575
HC,PB_2,GTCCTCATCCGAGCCA-1-1,PB,-0.1613117624752789
HC,PB_2,GTCCTCATCGAATGCT-1,PB,-0.3351717603931766
HC,PB_2,GTCCTCATCGTAGGAG-1,PB,0.8229759308951358
HC,PB_2,GTCGGGTCACTGCCAG-1,PB,-0.07001801433854374
HC,PB_2,GTCGGGTTCTCGTATT-1,PB,0.3454482033911152
HC,PB_2,GTCGTAAAGAGCCTAG-1,PB,0.1886081290856662
HC,PB_2,GTCTCGTAGACAAGCC-1,PB,0.379979798333218
HC,PB_2,GTCTCGTTCCTGTAGA-1,PB,-0.2582012325944446
HC,PB_2,GTCTCGTTCGTCTGCT-1,PB,0.018006518481257155
HC,PB_2,GTCTCGTTCTGCGGCA-1,PB,-0.02668576677968671
HC,PB_2,GTCTTCGGTGTAAGTA-1,PB,-0.07001801433854374
HC,PB_2,GTGCAGCAGATATACG-1,PB,-0.2772535597119083
HC,PB_2,GTGCAGCCAGCAGTTT-1,PB,0.0071035329102691535
HC,PB_2,GTGCATACAAAGCAAT-1,PB,-0.5901783956284097
HC,PB_2,GTGCTTCTCCCTGACT-1,PB,0.011549778255835697
HC,PB_2,GTGGGTCCACCGCTAG-1,PB,0.3294523564523866
HC,PB_2,GTGGGTCTCACAATGC-1,PB,-0.18586765793949409
HC,PB_2,GTGTGCGAGACTCGGA-1,PB,-0.19590118241920193
HC,PB_2,GTGTGCGAGAGCTTCT-1,PB,-0.17321152361757486
HC,PB_2,GTGTGCGGTTCAGGCC-1,PB,-0.2830228413018234
HC,PB_2,GTGTTAGAGATCCTGT-1,PB,-0.24894084880702935
HC,PB_2,GTGTTAGCATGAGCGA-1,PB,-0.07001801433854374
HC,PB_2,GTTAAGCCATCGGACC-1,PB,-0.2129323909348903
HC,PB_2,GTTAAGCGTAGGGACT-1,PB,-0.359993684932035
HC,PB_2,GTTAAGCGTCAGAATA-1,PB,0.20181813288268782
HC,PB_2,GTTACAGAGGATGGAA-1,PB,0.22309086857915447
HC,PB_2,GTTACAGAGGGTATCG-1,PB,0.201657455701535
HC,PB_2,GTTCATTGTATAGTAG-1-1,PB,-0.07001801433854374
HC,PB_2,GTTCGGGAGATCGATA-1,PB,-0.3299307408811872
HC,PB_2,GTTCGGGTCAACACCA-1,PB,-0.20655378090322093
HC,PB_2,GTTCGGGTCTGAGGGA-1,PB,0.08231782043419712
HC,PB_2,GTTCTCGAGACTAGAT-1,PB,-0.21757459816648733
HC,PB_2,GTTCTCGAGCCAGTTT-1,PB,0.12372478840818316
HC,PB_2,GTTCTCGAGTGTCCCG-1,PB,0.546979138292895
HC,PB_2,GTTCTCGGTAGAGTGC-1,PB,-0.3780774600737546
HC,PB_2,GTTCTCGTCGTTACAG-1,PB,-0.07001801433854374
HC,PB_2,GTTTCTATCAGCTCTC-1,PB,0.19565519716847551
HC,PB_2,TAAGAGACAACACCTA-1,PB,-0.05756439602789469
HC,PB_2,TAAGAGACACAGATTC-1,PB,0.6651137105388762
HC,PB_2,TAAGCGTTCCGCGCAA-1,PB,-0.09240915495198775
HC,PB_2,TAAGCGTTCGTCTGAA-1,PB,-0.2108721141252162
HC,PB_2,TAAGTGCGTAGATTAG-1,PB,-0.17309739581428607
HC,PB_2,TAAGTGCTCATGGTCA-1,PB,0.029209799288814214
HC,PB_2,TAAGTGCTCCGCATAA-1,PB,-0.07001801433854374
HC,PB_2,TACACGACAAAGCAAT-1,PB,0.1691861481709233
HC,PB_2,TACACGATCGGACAAG-1-1,PB,-0.187346683816466
HC,PB_2,TACAGTGAGGAGTAGA-1,PB,-0.07001801433854374
HC,PB_2,TACAGTGTCTCAAGTG-1,PB,0.597453822189092
HC,PB_2,TACCTATGTTAAAGTG-1,PB,-0.048062447643693565
HC,PB_2,TACCTTACAAAGAATC-1-1,PB,-0.07001801433854374
HC,PB_2,TACGGATCAGACAAGC-1,PB,-0.21109605690479263
HC,PB_2,TACGGATCAGGAACGT-1,PB,-0.2853048890917877
HC,PB_2,TACGGATCAGTAAGCG-1,PB,-0.07001801433854374
HC,PB_2,TACGGGCAGAGGTAGA-1,PB,-0.07001801433854374
HC,PB_2,TACGGTAGTCAGAATA-1,PB,0.5915707675707645
HC,PB_2,TACTCGCAGTACACCT-1,PB,0.5154713081657982
HC,PB_2,TACTTACAGGACATTA-1,PB,0.08567562494399421
HC,PB_2,TACTTGTAGACTTTCG-1,PB,-0.43214201669496644
HC,PB_2,TACTTGTAGCCACCTG-1,PB,0.359304385844669
HC,PB_2,TAGACCACAAGCCATT-1,PB,-0.2948417863585204
HC,PB_2,TAGACCACACTCAGGC-1,PB,-0.0720634733300226
HC,PB_2,TAGACCATCACGACTA-1,PB,0.2314138470660944
HC,PB_2,TAGAGCTCACTGTTAG-1,PB,-0.04677412840985392
HC,PB_2,TAGCCGGAGTCCAGGA-1,PB,-0.22020567491476517
HC,PB_2,TAGGCATGTCCGTGAC-1,PB,-0.3493270988236043
HC,PB_2,TAGTGGTAGGTAAACT-1,PB,-0.07001801433854374
HC,PB_2,TAGTTGGAGCGTTTAC-1,PB,-0.2184104742230298
HC,PB_2,TAGTTGGCAAAGTGCG-1-1,PB,-0.11404529819553873
HC,PB_2,TAGTTGGTCACTTACT-1,PB,-0.03653957153966859
HC,PB_2,TAGTTGGTCTTTACGT-1,PB,-0.2828144363437562
HC,PB_2,TATCAGGTCACCATAG-1,PB,-0.11667885967964023
HC,PB_2,TATCAGGTCTGAGGGA-1,PB,-0.26815925192984724
HC,PB_2,TATCTCAAGTGAAGAG-1,PB,-0.07001801433854374
HC,PB_2,TATGCCCGTCTCCACT-1,PB,-0.07001801433854374
HC,PB_2,TATGCCCGTGACTACT-1,PB,-0.30045979481306867
HC,PB_2,TATTACCAGAGTTGGC-1,PB,-0.18530300901463373
HC,PB_2,TATTACCTCAACGGCC-1,PB,-0.17288414882307973
HC,PB_2,TCAACGAGTCGAACAG-1-1,PB,-0.21526049682273649
HC,PB_2,TCAATCTAGCCATCGC-1,PB,-0.07001801433854374
HC,PB_2,TCAATCTAGGTGCACA-1,PB,-0.07001801433854374
HC,PB_2,TCAATCTTCTTGGGTA-1,PB,-0.07001801433854374
HC,PB_2,TCACAAGCATTGTGCA-1,PB,-0.07001801433854374
HC,PB_2,TCACAAGTCGCAAACT-1,PB,-0.19003775971577047
HC,PB_2,TCACAAGTCGTACCGG-1,PB,0.04233522924621123
HC,PB_2,TCACGAAGTAGGCATG-1,PB,-0.07001801433854374
HC,PB_2,TCAGATGAGTGAAGAG-1,PB,0.0674746189438482
HC,PB_2,TCAGATGTCATTGCCC-1,PB,-0.2259507930512416
HC,PB_2,TCAGATGTCGTTTGCC-1-1,PB,-0.07001801433854374
HC,PB_2,TCAGCAATCCCACTTG-1,PB,0.13318910416820204
HC,PB_2,TCAGCTCAGATCTGAA-1,PB,-0.07001801433854374
HC,PB_2,TCAGCTCAGTCTCAAC-1,PB,0.3035191456261046
HC,PB_2,TCAGCTCGTCCGCTGA-1,PB,-0.3071228527773751
HC,PB_2,TCAGGATCAATGAAAC-1,PB,-0.15229840874051964
HC,PB_2,TCAGGATCACACGCTG-1,PB,0.2082231826058349
HC,PB_2,TCAGGTAAGTGCGTGA-1,PB,-0.2577602185852681
HC,PB_2,TCAGGTAGTGCAACTT-1,PB,-0.3408477664992011
HC,PB_2,TCATTACAGCGTTCCG-1,PB,-0.2895000827595506
HC,PB_2,TCATTACAGCTGCCCA-1,PB,-0.3250825909732788
HC,PB_2,TCATTACAGTAGCGGT-1,PB,-0.5559028839930711
HC,PB_2,TCATTACCAGGGATTG-1,PB,0.08640525560767112
HC,PB_2,TCATTACGTAGAGCTG-1,PB,-0.27749941010557666
HC,PB_2,TCATTACGTCTCCCTA-1,PB,-0.07001801433854374
HC,PB_2,TCATTACGTGATAAAC-1,PB,0.10753710868494729
HC,PB_2,TCATTACGTTCGAATC-1,PB,0.3499665366610293
HC,PB_2,TCATTTGCACCGATAT-1,PB,-0.19196441674601167
HC,PB_2,TCATTTGGTGACTACT-1,PB,0.6895114271555972
HC,PB_2,TCCACACCAGGACGTA-1-1,PB,0.04588823869080381
HC,PB_2,TCCACACGTAAAGTCA-1,PB,-0.07001801433854374
HC,PB_2,TCCACACGTCATATGC-1,PB,-0.12822326614600718
HC,PB_2,TCGAGGCCAGTTTACG-1,PB,-0.294636295352856
HC,PB_2,TCGCGAGGTATTCTCT-1,PB,-0.5787287074848962
HC,PB_2,TCGCGAGTCAAACAAG-1,PB,-0.2798985989384915
HC,PB_2,TCGTACCTCGGGAGTA-1,PB,-0.2820662573780802
HC,PB_2,TCTATTGAGAACAATC-1,PB,-0.16320473791138387
HC,PB_2,TCTCATAGTGAGGGAG-1,PB,-0.26626180459121646
HC,PB_2,TCTCATATCCGTCATC-1,PB,-0.07001801433854374
HC,PB_2,TCTCTAAAGCTGTTCA-1,PB,-0.33983683737826914
HC,PB_2,TCTCTAAAGTGTACCT-1-1,PB,-0.07001801433854374
HC,PB_2,TCTCTAATCCATGCTC-1,PB,0.2371358167507918
HC,PB_2,TCTGAGAAGAGGGCTT-1,PB,-0.05706994892622634
HC,PB_2,TCTGAGAGTACGCTGC-1,PB,0.3227498661293328
HC,PB_2,TCTGGAAGTGAGGGTT-1,PB,0.13874402223256024
HC,PB_2,TCTTTCCAGCCCAGCT-1,PB,0.09721490201560501
HC,PB_2,TCTTTCCAGCGATATA-1,PB,-0.5441061526283179
HC,PB_2,TCTTTCCAGTCGAGTG-1-1,PB,-0.26998065573764707
HC,PB_2,TGAAAGAAGCGTGAGT-1,PB,-0.27789090028033286
HC,PB_2,TGAAAGACACGGATAG-1,PB,0.4822082867952573
HC,PB_2,TGACGGCTCTCTGAGA-1,PB,-0.07001801433854374
HC,PB_2,TGACTAGCAATGCCAT-1,PB,0.15761010248539317
HC,PB_2,TGACTAGCATCGACGC-1,PB,0.11029176161364672
HC,PB_2,TGACTTTAGGGCATGT-1,PB,-0.07001801433854374
HC,PB_2,TGACTTTTCACGAAGG-1,PB,0.10980329225035344
HC,PB_2,TGACTTTTCGGACAAG-1-1,PB,0.004374889749334143
HC,PB_2,TGACTTTTCTCGTATT-1,PB,0.21424055472496314
HC,PB_2,TGAGAGGCAAGCCATT-1,PB,0.20306992342291857
HC,PB_2,TGAGAGGTCACTCTTA-1,PB,-0.07001801433854374
HC,PB_2,TGAGCATTCCACGCAG-1-2,PB,0.1310897706518661
HC,PB_2,TGAGCCGGTTGATTGC-1,PB,-0.450084198376769
HC,PB_2,TGAGCCGTCACTGGGC-1,PB,-0.24355757778287562
HC,PB_2,TGCCCATGTTTAAGCC-1,PB,-0.07001801433854374
HC,PB_2,TGCCCTAGTGACGCCT-1,PB,-0.011890897797721709
HC,PB_2,TGCGCAGCAATGTTGC-1,PB,0.026282464487131754
HC,PB_2,TGCTACCAGGATGGTC-1,PB,-0.07001801433854374
HC,PB_2,TGCTGCTAGCGTGTCC-1,PB,-0.07001801433854374
HC,PB_2,TGCTGCTGTCGCGGTT-1,PB,-0.15565685196208934
HC,PB_2,TGGCCAGTCGGTGTTA-1,PB,-0.07001801433854374
HC,PB_2,TGGCCAGTCTGGAGCC-1-1,PB,0.057973764114254235
HC,PB_2,TGGCGCACAAGGCTCC-1,PB,0.11435392244919987
HC,PB_2,TGGCGCATCTTGCATT-1,PB,0.19470787676560117
HC,PB_2,TGGGAAGAGCCCTAAT-1,PB,0.971404795429655
HC,PB_2,TGGGAAGTCAAACGGG-1,PB,-0.37249093571329944
HC,PB_2,TGGGAAGTCAGTTCGA-1,PB,0.0833335388413953
HC,PB_2,TGGGCGTGTCGCGGTT-1,PB,-0.07001801433854374
HC,PB_2,TGGGCGTTCACCATAG-1,PB,-0.07001801433854374
HC,PB_2,TGGGCGTTCAGTCAGT-1,PB,0.24138565354037547
HC,PB_2,TGGGCGTTCTCTGCTG-1,PB,-0.07001801433854374
HC,PB_2,TGTATTCAGTGGCACA-1,PB,-0.07001801433854374
HC,PB_2,TGTATTCGTAGTAGTA-1,PB,0.14100919361181902
HC,PB_2,TGTCCCATCCTCGCAT-1,PB,-0.17058849414656793
HC,PB_2,TGTCCCATCGGATGTT-1,PB,-0.29959235716011307
HC,PB_2,TGTGGTACAATCCAAC-1,PB,0.017392854416469945
HC,PB_2,TGTGGTAGTAAGCACG-1,PB,-0.3533568802625235
HC,PB_2,TGTGTTTGTAGCTCCG-1,PB,-0.6388819577801165
HC,PB_2,TGTTCCGCACGACTCG-1,PB,-0.28232126710796457
HC,PB_2,TGTTCCGTCTCACATT-1,PB,-0.07001801433854374
HC,PB_2,TTAGGACTCCACGAAT-1,PB,-0.03656427556993578
HC,PB_2,TTAGGCAAGTCCCACG-1,PB,-0.38102828429946684
HC,PB_2,TTATGCTCATCACGAT-1-1,PB,-0.12380571140139428
HC,PB_2,TTATGCTTCCTCGCAT-1,PB,0.016261106609360015
HC,PB_2,TTCCCAGCAGCTTCGG-1,PB,-0.0372913378529034
HC,PB_2,TTCCCAGTCTGCAAGT-1,PB,0.13679502554273953
HC,PB_2,TTCGAAGCAGTCTTCC-1,PB,0.27168087481823544
HC,PB_2,TTCGGTCCAAGGGTCA-1,PB,-0.05881005696749974
HC,PB_2,TTCGGTCGTTAGATGA-1,PB,-0.21229324159747534
HC,PB_2,TTCTCCTAGCACCGCT-1,PB,0.08289655341024127
HC,PB_2,TTCTCCTAGTCCGGTC-1,PB,-0.20063213870300764
HC,PB_2,TTCTCCTTCACTTCAT-1,PB,-0.07001801433854374
HC,PB_2,TTCTTAGGTACGACCC-1,PB,-0.05773506595626966
HC,PB_2,TTGAACGAGTACATGA-1,PB,-0.3609987865590999
HC,PB_2,TTGACTTCAACAACCT-1,PB,-0.24388803664526346
HC,PB_2,TTGACTTTCAACACTG-1,PB,-0.27614892280995945
HC,PB_2,TTGCGTCCAACGATGG-1,PB,-0.07001801433854374
HC,PB_2,TTGGCAACATTTGCTT-1,PB,0.11735101430832769
HC,PB_2,TTGGCAAGTCACCCAG-1,PB,-0.07001801433854374
HC,PB_2,TTGGCAAGTCTGCGGT-1-1,PB,-0.24829100357475262
HC,PB_2,TTGTAGGCATACTACG-1,PB,-0.08578274967683307
HC,PB_2,TTTACTGCAATGACCT-1,PB,0.04569579985891341
HC,PB_2,TTTATGCCAGCCAGAA-1,PB,0.6934501703076882
HC,PB_2,TTTATGCCATTCCTGC-1,PB,-0.5461536810915947
HC,PB_2,TTTGCGCGTGATAAAC-1,PB,-0.07001801433854374
HC,PB_2,TTTGGTTTCACTTACT-1,PB,-0.3800043711399409
HC,PB_2,TTTGTCATCTGTCCGT-1,PB,0.23919288038154682
HC,PB_2,TTTGTCATCTTGTATC-1,PB,-0.05154655965260393
HC,PB_3,AAACGGGCACCATCCT-1,PB,0.3984286926092504
HC,PB_3,AAACGGGCACGTAAGG-1,PB,-0.007894788759513851
HC,PB_3,AAAGATGCACAGCCCA-1,PB,0.1070824480823156
HC,PB_3,AAAGCAACATACCATG-1,PB,0.12169279947569099
HC,PB_3,AAAGCAAGTCGCATAT-1,PB,-0.24107877337499758
HC,PB_3,AAAGCAATCCGCAAGC-1,PB,0.253025314732377
HC,PB_3,AAAGCAATCTGCAGTA-1,PB,0.9082747488496976
HC,PB_3,AAAGTAGGTGTTTGGT-1,PB,-0.07001801433854374
HC,PB_3,AACACGTCATACGCCG-1,PB,-0.07001801433854374
HC,PB_3,AACCATGCAGACAAAT-1,PB,0.5438040802138167
HC,PB_3,AACCATGCAGGTGGAT-1,PB,0.49753288041963983
HC,PB_3,AACCGCGAGCTACCTA-1,PB,-0.19410854049188916
HC,PB_3,AACGTTGCATGATCCA-1,PB,0.14400532681829864
HC,PB_3,AACGTTGTCCACGAAT-1,PB,0.4347009307377715
HC,PB_3,AACGTTGTCTCGAGTA-1-1,PB,-0.5234047787155941
HC,PB_3,AACTCAGGTGTGAATA-1,PB,0.17842028937869764
HC,PB_3,AACTCCCGTAAGGGCT-1,PB,0.003846723934440783
HC,PB_3,AACTGGTTCTTCTGGC-1,PB,0.21191605906965535
HC,PB_3,AACTTTCGTTCAGACT-1,PB,-0.5461199348045119
HC,PB_3,AAGCCGCAGGCACATG-1,PB,-0.07001801433854374
HC,PB_3,AAGCCGCGTCGCGGTT-1,PB,-0.07001801433854374
HC,PB_3,AAGGTTCCAACTTGAC-1,PB,-0.1654024820593573
HC,PB_3,AAGTCTGAGCGCTCCA-1,PB,-0.20274041966416198
HC,PB_3,AATCCAGAGACACGAC-1,PB,-0.1192446644183952
HC,PB_3,AATCCAGAGCTGAACG-1,PB,-0.05583224799503455
HC,PB_3,AATCCAGAGGGCTTCC-1,PB,0.9111188662812493
HC,PB_3,AATCCAGGTTTGGGCC-1,PB,-0.07001801433854374
HC,PB_3,AATCCAGTCATTGCCC-1,PB,0.21713612304189805
HC,PB_3,AATCGGTAGAGTTGGC-1,PB,-0.1988152624740558
HC,PB_3,AATCGGTCATACTACG-1,PB,-0.07001801433854374
HC,PB_3,AATCGGTCATAGGATA-1,PB,-0.34235544776830446
HC,PB_3,AATCGGTGTGCTAGCC-1,PB,-0.0892353744328628
HC,PB_3,ACACCAAAGCTTTGGT-1,PB,-0.07001801433854374
HC,PB_3,ACACCCTAGCCGTCGT-1,PB,-0.07001801433854374
HC,PB_3,ACACCGGAGAAGAAGC-1,PB,-0.07001801433854374
HC,PB_3,ACACTGACACCTCGTT-1,PB,0.3154393529709716
HC,PB_3,ACATACGAGTAATCCC-1,PB,-0.45859739560568263
HC,PB_3,ACATACGCACGAAGCA-1,PB,0.45765124115579325
HC,PB_3,ACATACGGTTCCAACA-1,PB,0.1970716485659571
HC,PB_3,ACATACGGTTCCCGAG-1,PB,0.06775168157420614
HC,PB_3,ACATACGTCCAAATGC-1,PB,0.16654037904254765
HC,PB_3,ACATACGTCTACCAGA-1,PB,-0.19359629856882474
HC,PB_3,ACCAGTACAAGCGAGT-1,PB,0.5881169639115862
HC,PB_3,ACCCACTAGGATGTAT-1,PB,-0.07001801433854374
HC,PB_3,ACCCACTGTGTCAATC-1,PB,0.11736908829501644
HC,PB_3,ACCGTAATCTAACTGG-1,PB,0.04780891509460866
HC,PB_3,ACCTTTAAGCGTCAAG-1,PB,-0.07001801433854374
HC,PB_3,ACCTTTAAGTTTAGGA-1,PB,0.31969630731653986
HC,PB_3,ACCTTTACACCGAATT-1,PB,-0.07001801433854374
HC,PB_3,ACCTTTAGTCTCACCT-1,PB,-0.07001801433854374
HC,PB_3,ACCTTTATCGACAGCC-1,PB,-0.07001801433854374
HC,PB_3,ACCTTTATCGGAATCT-1,PB,-0.07001801433854374
HC,PB_3,ACCTTTATCTAACTCT-1,PB,-0.07001801433854374
HC,PB_3,ACGAGGAGTAGATTAG-1,PB,-0.2279757479623299
HC,PB_3,ACGATACGTATCACCA-1,PB,-0.07001801433854374
HC,PB_3,ACGATACGTCACAAGG-1,PB,-0.055263451292040064
HC,PB_3,ACGATGTGTGGGTATG-1,PB,-0.2358469465371473
HC,PB_3,ACGATGTTCATTCACT-1,PB,0.21493828845667778
HC,PB_3,ACGATGTTCGTGGTCG-1,PB,-0.38251886822040676
HC,PB_3,ACGATGTTCTACGAGT-1,PB,0.34639625729062834
HC,PB_3,ACGATGTTCTGTCTAT-1,PB,-0.07001801433854374
HC,PB_3,ACGCCAGAGACAGACC-1,PB,0.1056611061034454
HC,PB_3,ACGCCGACATACTACG-1,PB,-0.07001801433854374
HC,PB_3,ACGGAGAGTATGAATG-1,PB,-0.02625743999635675
HC,PB_3,ACGGAGAGTCGAGTTT-1,PB,0.14649598646812878
HC,PB_3,ACGGGCTTCCTTTACA-1,PB,0.13112549139695143
HC,PB_3,ACGGGTCCATCTCCCA-1,PB,-0.07001801433854374
HC,PB_3,ACGGGTCGTGCGCTTG-1,PB,-0.005023680512070948
HC,PB_3,ACGGGTCGTGTGACCC-1,PB,-0.07001801433854374
HC,PB_3,ACGGGTCGTTAGAACA-1,PB,-0.15914829017218773
HC,PB_3,ACGTCAAAGGCTAGCA-1,PB,0.06634103663529292
HC,PB_3,ACGTCAACAGCAGTTT-1,PB,0.20337162754864488
HC,PB_3,ACTATCTAGTCTCAAC-1,PB,0.43137198517060066
HC,PB_3,ACTATCTTCCAATGGT-1,PB,-0.07001801433854374
HC,PB_3,ACTGAACGTAAAGTCA-1,PB,0.02013346949660762
HC,PB_3,ACTGAACGTAGAGGAA-1,PB,0.14809931058797401
HC,PB_3,ACTGAGTCAAGGCTCC-1,PB,-0.4376356394835356
HC,PB_3,ACTGATGGTACCCAAT-1,PB,-0.07001801433854374
HC,PB_3,ACTGATGGTCCATCCT-1,PB,-0.4298981888938106
HC,PB_3,ACTGATGGTTACGGAG-1,PB,0.11291064299169205
HC,PB_3,ACTGATGTCACCATAG-1,PB,0.016847298576387042
HC,PB_3,ACTGCTCAGCGTTCCG-1,PB,-0.28656339430862215
HC,PB_3,ACTGTCCCACGAAATA-1,PB,-0.17349811478677774
HC,PB_3,ACTGTCCCACTTACGA-1,PB,0.19388039622548234
HC,PB_3,ACTGTCCGTAGAGGAA-1,PB,0.09482849668765166
HC,PB_3,ACTTGTTAGCTTTGGT-1,PB,-0.37914979187520625
HC,PB_3,ACTTTCACATCGGGTC-1,PB,0.07182021622834456
HC,PB_3,ACTTTCATCATGTGGT-1,PB,0.32677278098861884
HC,PB_3,ACTTTCATCGTCCGTT-1,PB,0.12738767828950684
HC,PB_3,AGAATAGAGACCTAGG-1,PB,-0.058628083272152694
HC,PB_3,AGAATAGGTTATCGGT-1,PB,0.2674337100891428
HC,PB_3,AGAGCGAGTATGAAAC-1,PB,-0.2714667987734246
HC,PB_3,AGAGCTTAGATGTCGG-1,PB,0.3143009011227245
HC,PB_3,AGAGCTTCACATCTTT-1,PB,0.09768253766562052
HC,PB_3,AGAGTGGAGGGAACGG-1,PB,0.1193424916039199
HC,PB_3,AGAGTGGCAGAGCCAA-1,PB,-0.11920145998716032
HC,PB_3,AGAGTGGTCCTATTCA-1,PB,-0.17987895774591936
HC,PB_3,AGATCTGAGTACACCT-1,PB,-0.166224575871708
HC,PB_3,AGATCTGTCACCGTAA-1,PB,0.3639975202611955
HC,PB_3,AGCAGCCAGTTAGGTA-1,PB,-0.27856392051287887
HC,PB_3,AGCAGCCGTAAGCACG-1,PB,0.2327608745753718
HC,PB_3,AGCAGCCGTCATGCCG-1,PB,0.8041874586874649
HC,PB_3,AGCATACCATGCTAGT-1,PB,-0.5221045257003966
HC,PB_3,AGCCTAATCGGATGTT-1,PB,0.03796386846168097
HC,PB_3,AGCGGTCCATGTCTCC-1,PB,-0.07001801433854374
HC,PB_3,AGCGGTCGTAAATGTG-1,PB,-0.07001801433854374
HC,PB_3,AGCGGTCTCTAGCACA-1,PB,0.15520700723901296
HC,PB_3,AGCTCCTCATTTGCTT-1,PB,0.7194209157584327
HC,PB_3,AGCTCCTGTCCATGAT-1,PB,0.41300860564847747
HC,PB_3,AGCTCCTGTTATGCGT-1,PB,-0.07001801433854374
HC,PB_3,AGCTCTCGTCCCTTGT-1,PB,0.3725437173099332
HC,PB_3,AGCTTGAGTCCCTTGT-1,PB,0.32600469750648947
HC,PB_3,AGCTTGAGTCTTCGTC-1,PB,-0.30766876625862255
HC,PB_3,AGCTTGATCGCCAAAT-1,PB,-0.49016488128862284
HC,PB_3,AGCTTGATCGTCCAGG-1,PB,0.4690477573637282
HC,PB_3,AGGCCACCACGAAATA-1,PB,0.021512069805276694
HC,PB_3,AGGGATGCACAGGCCT-1,PB,0.6392792023012953
HC,PB_3,AGGGTGACAGATGGCA-1,PB,0.14525267876990347
HC,PB_3,AGGGTGAGTACTTAGC-1,PB,-0.2483179725404006
HC,PB_3,AGGTCATTCGTTACAG-1,PB,-0.07001801433854374
HC,PB_3,AGTAGTCCATCAGTCA-1,PB,-0.06207195608095824
HC,PB_3,AGTAGTCTCCTGCAGG-1,PB,0.02580802079002025
HC,PB_3,AGTCTTTAGGAGTAGA-1,PB,-0.15842132230267023
HC,PB_3,AGTCTTTGTACCGGCT-1,PB,0.04886984688409467
HC,PB_3,AGTGAGGTCCCTTGCA-1,PB,-0.21905806856525395
HC,PB_3,AGTGGGACAGTAAGCG-1,PB,0.5924088060965903
HC,PB_3,AGTGGGAGTTACAGAA-1,PB,-0.16351336450248483
HC,PB_3,AGTGTCAAGTGTTTGC-1,PB,0.21242035571413567
HC,PB_3,AGTGTCAGTACAGCAG-1,PB,0.14516534359801272
HC,PB_3,AGTGTCAGTCCTGCTT-1,PB,0.08886913915061415
HC,PB_3,AGTGTCATCACCGTAA-1,PB,-0.1384488511742437
HC,PB_3,AGTTGGTAGAGCTATA-1,PB,0.058203545263282995
HC,PB_3,AGTTGGTGTTTAAGCC-1,PB,0.6239907012327169
HC,PB_3,AGTTGGTTCCATGAAC-1,PB,0.08640134809695159
HC,PB_3,ATAACGCGTCTTCTCG-1,PB,0.11364432642171962
HC,PB_3,ATAGACCAGAGCTATA-1,PB,0.06195754352988044
HC,PB_3,ATCACGACACGGACAA-1,PB,-0.31335590235243055
HC,PB_3,ATCATCTAGACTTGAA-1,PB,-0.08900269585619298
HC,PB_3,ATCATCTAGGTAAACT-1,PB,-0.3224735161161541
HC,PB_3,ATCATCTGTGAGGGTT-1,PB,0.0311230710714451
HC,PB_3,ATCATCTGTTGTGGCC-1,PB,-0.1657023001831617
HC,PB_3,ATCATGGGTCGCATCG-1,PB,0.09376949737766437
HC,PB_3,ATCATGGGTTAAGATG-1,PB,0.016979473430512777
HC,PB_3,ATCATGGTCAAGGTAA-1,PB,-0.19047318045668923
HC,PB_3,ATCCACCGTAAGTAGT-1,PB,-0.37027785642207167
HC,PB_3,ATCCACCTCGCCTGAG-1,PB,-0.10211194683368206
HC,PB_3,ATCTGCCAGGTAGCCA-1,PB,0.1265920710037831
HC,PB_3,ATCTGCCCACAGGAGT-1,PB,-0.17311165048045915
HC,PB_3,ATCTGCCCACCAGGCT-1,PB,0.16528106911678966
HC,PB_3,ATCTGCCGTGCTCTTC-1,PB,-0.08694285312556382
HC,PB_3,ATGAGGGAGTATTGGA-1,PB,-0.07001801433854374
HC,PB_3,ATGTGTGTCTGAGTGT-1,PB,-0.30663074433109944
HC,PB_3,ATTATCCTCAGCACAT-1,PB,0.1664590762152518
HC,PB_3,ATTATCCTCTGCCAGG-1,PB,-0.10080778994651997
HC,PB_3,ATTCTACTCATATCGG-1,PB,-0.07001801433854374
HC,PB_3,ATTGGACGTAAGTGGC-1,PB,-0.04229501585288359
HC,PB_3,ATTTCTGAGCTGTCTA-1,PB,0.01008065349659457
HC,PB_3,ATTTCTGGTGCTAGCC-1,PB,-0.12205486027043995
HC,PB_3,ATTTCTGTCCTGTAGA-1,PB,-0.2770856482547647
HC,PB_3,CAACCAACAGGGATTG-1,PB,-0.08658984704297465
HC,PB_3,CAACCTCGTGATGTGG-1,PB,-0.20103142471172308
HC,PB_3,CAACCTCTCTGTCTCG-1,PB,-0.4053102795473577
HC,PB_3,CAACTAGAGGAGCGAG-1,PB,-0.13767239407935924
HC,PB_3,CAACTAGAGTATCTCG-1,PB,-0.07001801433854374
HC,PB_3,CAACTAGTCATGGTCA-1,PB,0.07637092550790557
HC,PB_3,CAACTAGTCATTGCGA-1,PB,-0.04183568893678689
HC,PB_3,CAAGGCCTCTCTAGGA-1,PB,-0.07001801433854374
HC,PB_3,CAAGTTGCAATAGCAA-1,PB,0.0073124289065407844
HC,PB_3,CACAAACTCAAGCCTA-1,PB,-0.07001801433854374
HC,PB_3,CACACAACACGGCCAT-1,PB,-0.07001801433854374
HC,PB_3,CACACAATCCACGAAT-1,PB,-0.07001801433854374
HC,PB_3,CACACCTTCATGCAAC-1-2,PB,-0.07001801433854374
HC,PB_3,CACACTCGTGGGTCAA-1,PB,-0.07001801433854374
HC,PB_3,CACAGTAAGGTGCTAG-1,PB,-0.45306282075169163
HC,PB_3,CACATTTCATCGACGC-1,PB,-0.011130166561431874
HC,PB_3,CACCACTTCGTACCGG-1,PB,-0.23774389376392338
HC,PB_3,CACCTTGAGTGTACCT-1,PB,-0.2562130107477119
HC,PB_3,CACCTTGCAAGACGTG-1,PB,0.2294820284945616
HC,PB_3,CACTCCATCCGTCAAA-1,PB,0.009107461195066764
HC,PB_3,CAGAGAGAGCGTGAGT-1,PB,0.02410759447436222
HC,PB_3,CAGATCACAAGCCCAC-1,PB,0.5021531994703764
HC,PB_3,CAGATCAGTTGGTTTG-1,PB,0.11893171471173596
HC,PB_3,CAGATCATCACGACTA-1,PB,0.11566899782955949
HC,PB_3,CAGCAGCGTGAACCTT-1,PB,0.9394890830864292
HC,PB_3,CAGCATAGTGATAAGT-1,PB,0.15786557488631886
HC,PB_3,CAGCGACCAAGACACG-1,PB,-0.2396835451468589
HC,PB_3,CAGCGACGTAACGACG-1,PB,-0.02854641960247633
HC,PB_3,CAGCTAACATGAGCGA-1,PB,-0.07001801433854374
HC,PB_3,CAGCTGGCAATGCCAT-1,PB,0.07405515092723514
HC,PB_3,CAGCTGGGTATCAGTC-1,PB,0.11282495744229201
HC,PB_3,CAGGTGCTCTCGTATT-1,PB,-0.07001801433854374
HC,PB_3,CAGTAACAGGCTCATT-1,PB,0.15325489026470956
HC,PB_3,CAGTAACCATCACGAT-1,PB,-0.2281060419971666
HC,PB_3,CAGTAACGTACCGTAT-1,PB,0.26946902620074753
HC,PB_3,CAGTCCTCAGCGTAAG-1,PB,-0.15002167310069617
HC,PB_3,CAGTCCTGTCTTGCGG-1,PB,-0.041868313560693815
HC,PB_3,CATATGGCAAGCCATT-1,PB,-0.07001801433854374
HC,PB_3,CATATTCAGATGAGAG-1,PB,0.37191322283210065
HC,PB_3,CATATTCTCTGTCTCG-1,PB,-0.010143816393137852
HC,PB_3,CATCAAGGTGTATGGG-1,PB,-0.20829133222529014
HC,PB_3,CATCAGACAAGGTTTC-1,PB,-0.14831570390925702
HC,PB_3,CATCCACCATCGTCGG-1,PB,-0.16816079783381915
HC,PB_3,CATCGAACATCACAAC-1,PB,-0.011301147520052734
HC,PB_3,CATGACAAGAAGGGTA-1,PB,-0.07001801433854374
HC,PB_3,CATGACACATCCCACT-1,PB,-0.07001801433854374
HC,PB_3,CATGCCTCAGCCTGTG-1-1,PB,-0.02152718274727652
HC,PB_3,CATGCCTGTTCTGTTT-1,PB,-0.05510073393302974
HC,PB_3,CATGGCGAGAATTGTG-1,PB,0.26044521252344344
HC,PB_3,CATTATCAGTACGATA-1,PB,0.10913968012745316
HC,PB_3,CATTATCTCAGTGTTG-1,PB,-0.40533894272551774
HC,PB_3,CCACCTAGTGCGGTAA-1,PB,0.35733137691961386
HC,PB_3,CCACGGAAGTATCGAA-1,PB,-0.07001801433854374
HC,PB_3,CCACGGATCTCCCTGA-1,PB,0.025195265870070618
HC,PB_3,CCATGTCAGTTTAGGA-1,PB,-0.28120674433919485
HC,PB_3,CCATGTCTCTGTCCGT-1,PB,0.12148477062767363
HC,PB_3,CCATTCGAGGATGGTC-1,PB,-0.17691205707196173
HC,PB_3,CCCAATCGTTCGCGAC-1,PB,-0.04974074238240985
HC,PB_3,CCCTCCTAGGAGTAGA-1,PB,0.4285666081998764
HC,PB_3,CCCTCCTGTAAGTGGC-1,PB,0.6417941606874836
HC,PB_3,CCGGGATCACCCATTC-1,PB,-0.07001801433854374
HC,PB_3,CCGGTAGAGCGGATCA-1,PB,-0.07001801433854374
HC,PB_3,CCGGTAGAGTCATCCA-1,PB,0.28982467141544055
HC,PB_3,CCGTACTGTAAGAGGA-1,PB,-0.07001801433854374
HC,PB_3,CCGTACTGTCTCTTAT-1,PB,0.020288049860333335
HC,PB_3,CCGTACTTCTCTGAGA-1,PB,0.22833640902662333
HC,PB_3,CCGTGGATCGCTTAGA-1,PB,0.1267449281417731
HC,PB_3,CCGTTCAAGCCAGTTT-1,PB,0.16089566731546803
HC,PB_3,CCGTTCATCATGTCCC-1,PB,-0.22100036906938178
HC,PB_3,CCGTTCATCGCAGGCT-1,PB,-0.22940738562916235
HC,PB_3,CCTACCACATGTTGAC-1,PB,-0.16690186351539507
HC,PB_3,CCTATTACAAACTGTC-1,PB,-0.8995203804806884
HC,PB_3,CCTATTAGTTCCACTC-1,PB,-0.07001801433854374
HC,PB_3,CCTATTATCCGTTGTC-1,PB,0.23951859012732904
HC,PB_3,CCTATTATCGTTGCCT-1,PB,-0.07001801433854374
HC,PB_3,CCTCAGTAGCTAGTGG-1,PB,-0.15139984870985582
HC,PB_3,CCTCAGTGTAAGGATT-1,PB,0.38070835270573467
HC,PB_3,CCTCAGTTCTCGAGTA-1,PB,0.12595906945017046
HC,PB_3,CCTTCGACACTTCTGC-1,PB,-0.2758642468619771
HC,PB_3,CCTTCGAGTGTCAATC-1,PB,-0.07001801433854374
HC,PB_3,CCTTTCTCACAACTGT-1,PB,-0.020499868541626616
HC,PB_3,CCTTTCTGTCAGAGGT-1,PB,0.35303665982469173
HC,PB_3,CCTTTCTGTTGTGGAG-1,PB,0.028074772897418478
HC,PB_3,CGAACATAGGTGGGTT-1,PB,0.27968021850744507
HC,PB_3,CGAATGTGTATAGGGC-1,PB,0.01028737429700967
HC,PB_3,CGACCTTCATGAACCT-1,PB,0.021086349604781895
HC,PB_3,CGACTTCCATTGGCGC-1,PB,0.14120052067524255
HC,PB_3,CGACTTCGTGTTGGGA-1,PB,0.06509225740144609
HC,PB_3,CGAGAAGTCGCGATCG-1,PB,-0.1379469732164139
HC,PB_3,CGAGCACGTTCAACCA-1,PB,-0.34225239478607766
HC,PB_3,CGATGGCAGTGGACGT-1,PB,0.05941642290827708
HC,PB_3,CGATGGCTCGTTTGCC-1,PB,0.11491513236139884
HC,PB_3,CGATGTACACCACCAG-1,PB,0.13422595187111633
HC,PB_3,CGATGTATCACGAAGG-1,PB,-0.30525719297087883
HC,PB_3,CGATTGATCTACTCAT-1,PB,-0.5364876870864638
HC,PB_3,CGCCAAGCACAGCCCA-1,PB,0.21163534798588818
HC,PB_3,CGCCAAGCACCTATCC-1,PB,0.14973137738948414
HC,PB_3,CGCCAAGCAGTCGTGC-1,PB,0.03593531578360959
HC,PB_3,CGCTATCTCATCACCC-1,PB,-0.07001801433854374
HC,PB_3,CGCTGGAAGCCTCGTG-1,PB,-0.07001801433854374
HC,PB_3,CGCTGGAGTGTTCTTT-1,PB,0.41300860564847747
HC,PB_3,CGCTGGATCGCCAGCA-1,PB,0.09681908186206598
HC,PB_3,CGCTTCAAGTTACCCA-1,PB,-0.17773883776265903
HC,PB_3,CGCTTCATCAGGTTCA-1,PB,0.7426611720541507
HC,PB_3,CGCTTCATCGGCATCG-1,PB,-0.07001801433854374
HC,PB_3,CGGACGTCAAAGTGCG-1-1,PB,0.1666330219716114
HC,PB_3,CGGACGTTCTGAGGGA-1-1,PB,0.2774896685017119
HC,PB_3,CGGACTGAGGCGATAC-1-1,PB,0.3414199095791956
HC,PB_3,CGGAGCTAGTGATCGG-1,PB,-0.07001801433854374
HC,PB_3,CGGAGCTTCTACCTGC-1-1,PB,-0.17334026798265187
HC,PB_3,CGGAGTCCATGCCTAA-1,PB,0.08629082354394492
HC,PB_3,CGGAGTCTCACCGGGT-1,PB,0.7500178239175904
HC,PB_3,CGGCTAGAGGAATCGC-1,PB,0.020332541322730328
HC,PB_3,CGGCTAGGTTTGACTG-1,PB,0.49074351260829696
HC,PB_3,CGGTTAACATGTCCTC-1,PB,-0.07001801433854374
HC,PB_3,CGGTTAATCTCCAGGG-1,PB,-0.15468402628538128
HC,PB_3,CGTCACTCAATAAGCA-1,PB,-0.18163826301551933
HC,PB_3,CGTCACTTCGTTACGA-1,PB,-0.1609540186070821
HC,PB_3,CGTCAGGGTGCACCAC-1,PB,0.20135233207369216
HC,PB_3,CGTCCATTCATCGGAT-1,PB,-0.07001801433854374
HC,PB_3,CGTCTACGTCTACCTC-1,PB,0.2703670608818717
HC,PB_3,CGTCTACTCCGAATGT-1-1,PB,-0.3224331986027783
HC,PB_3,CGTGAGCAGGGCTCTC-1-1,PB,-0.07001801433854374
HC,PB_3,CGTGAGCTCGAATGGG-1,PB,0.41061491249134024
HC,PB_3,CGTGTAATCGGTGTTA-1,PB,0.05202010151352896
HC,PB_3,CGTGTAATCTTGCCGT-1,PB,-0.1907689295954857
HC,PB_3,CGTGTCTAGGTCATCT-1,PB,-0.07001801433854374
HC,PB_3,CGTTAGACAGCATGAG-1,PB,0.01920013803122547
HC,PB_3,CGTTCTGAGAATTGTG-1,PB,-0.15551504919690023
HC,PB_3,CGTTCTGCATTGAGCT-1,PB,0.05924486157928912
HC,PB_3,CGTTGGGCATAGAAAC-1-1,PB,-0.07001801433854374
HC,PB_3,CGTTGGGGTGAGTGAC-1,PB,0.3374728455214018
HC,PB_3,CTAACTTTCAAGAAGT-1,PB,-0.07001801433854374
HC,PB_3,CTACACCAGATACACA-1,PB,0.5132968947813421
HC,PB_3,CTACACCAGCCAGGAT-1,PB,-0.601987807927972
HC,PB_3,CTACACCAGCGCCTTG-1,PB,0.018240896692115212
HC,PB_3,CTACACCGTTATCACG-1,PB,0.47690166275317664
HC,PB_3,CTACATTAGTGACTCT-1,PB,-0.17569087047672527
HC,PB_3,CTACCCAAGGTGCTAG-1,PB,-0.07001801433854374
HC,PB_3,CTACGTCTCGCCGTGA-1,PB,0.07046580481507345
HC,PB_3,CTAGCCTCATCTCGCT-1,PB,-0.051463404068539546
HC,PB_3,CTAGCCTTCTACTTAC-1,PB,-0.22203367483928632
HC,PB_3,CTAGTGACACAACGTT-1,PB,-0.07001801433854374
HC,PB_3,CTCACACCAAACGCGA-1,PB,0.11759220925179015
HC,PB_3,CTCACACCAGGTCGTC-1,PB,-0.23673163298296057
HC,PB_3,CTCAGAAGTAGCGCAA-1,PB,0.3877568783829625
HC,PB_3,CTCATTACAGGATCGA-1,PB,-0.07001801433854374
HC,PB_3,CTCATTATCCACGAAT-1,PB,0.14244802079434343
HC,PB_3,CTCGAAAAGATAGGAG-1,PB,-0.12365588306203243
HC,PB_3,CTCGAGGAGTGAACGC-1,PB,0.11951551535612928
HC,PB_3,CTCGGAGAGCGATTCT-1-1,PB,0.17953617854401263
HC,PB_3,CTCGGGACAAGCCTAT-1,PB,-0.22867623446460733
HC,PB_3,CTCGTACGTACGAAAT-1,PB,-0.032556782154717
HC,PB_3,CTCGTCAAGTGGGTTG-1,PB,0.13100094319335245
HC,PB_3,CTCGTCATCAGCTCGG-1,PB,-0.07001801433854374
HC,PB_3,CTCGTCATCTGTTGAG-1,PB,0.026147277562134395
HC,PB_3,CTCTAATTCTAACTGG-1,PB,-0.2616050316694231
HC,PB_3,CTCTACGAGTCCGTAT-1,PB,0.6275571880489376
HC,PB_3,CTCTACGGTAACGCGA-1,PB,-0.07001801433854374
HC,PB_3,CTGAAGTTCATGTCTT-1,PB,-0.40322958653079377
HC,PB_3,CTGATAGAGAGCTATA-1,PB,-0.07001801433854374
HC,PB_3,CTGATAGCATTCTTAC-1,PB,-0.07001801433854374
HC,PB_3,CTGCCTATCACATAGC-1-1,PB,0.1824897414353277
HC,PB_3,CTGCCTATCACGATGT-1,PB,0.09261633490588976
HC,PB_3,CTGCTGTTCTCTGTCG-1,PB,0.23044751068234917
HC,PB_3,CTGGTCTAGCGATTCT-1,PB,-0.3893787093802791
HC,PB_3,CTGGTCTTCCGCAGTG-1,PB,0.21432145853982262
HC,PB_3,CTGTTTACAGTATCTG-1,PB,0.16939776826248296
HC,PB_3,CTGTTTACATACTACG-1,PB,0.11833033030477887
HC,PB_3,CTTACCGGTACGCTGC-1,PB,0.22451855693709
HC,PB_3,CTTAGGAGTTGAGTTC-1,PB,0.03928181875612644
HC,PB_3,CTTGGCTAGCTAAACA-1,PB,-0.503801438469831
HC,PB_3,CTTGGCTGTCGGGTCT-1,PB,-0.5211103768227908
HC,PB_3,CTTGGCTGTGACTCAT-1,PB,0.1415546614406464
HC,PB_3,CTTTGCGGTGAGGGAG-1,PB,0.2910252537688142
HC,PB_3,CTTTGCGGTTGTACAC-1,PB,-0.1903614451855226
HC,PB_3,GAAACTCAGGAATGGA-1,PB,-0.010494332459571987
HC,PB_3,GAAACTCGTCTCCCTA-1,PB,-0.21031564043787204
HC,PB_3,GAAACTCGTGGTACAG-1,PB,0.1334252446604247
HC,PB_3,GAAATGAAGAGGTAGA-1,PB,0.09400294502715541
HC,PB_3,GAAATGACAGCTGTAT-1,PB,-0.07001801433854374
HC,PB_3,GAAATGAGTGATGATA-1,PB,0.02363905083592915
HC,PB_3,GAAATGATCCGAGCCA-1,PB,-0.07001801433854374
HC,PB_3,GAACATCAGTTCGATC-1,PB,0.005372943301286951
HC,PB_3,GAACATCCAATAACGA-1,PB,0.3369645210165059
HC,PB_3,GAACCTACACCAACCG-1,PB,-0.16182662935637132
HC,PB_3,GAACCTAGTTAAGACA-1,PB,0.5211976055639431
HC,PB_3,GAACCTAGTTACGACT-1,PB,0.6989672902917123
HC,PB_3,GAACGGAGTAAGGGCT-1,PB,-0.07001801433854374
HC,PB_3,GAATAAGAGGACATTA-1,PB,0.12446106350664733
HC,PB_3,GAATAAGTCAACCAAC-1,PB,-0.24300157354331284
HC,PB_3,GAATGAACAATAGAGT-1,PB,0.11436808906504621
HC,PB_3,GACAGAGCAAGCGATG-1,PB,0.12134099970729742
HC,PB_3,GACAGAGGTAATTGGA-1,PB,0.23752762456913162
HC,PB_3,GACAGAGTCTAGCACA-1,PB,-0.33320619438852406
HC,PB_3,GACAGAGTCTCTTATG-1,PB,0.1102872176453202
HC,PB_3,GACCTGGAGGCCCTTG-1,PB,-0.07001801433854374
HC,PB_3,GACGCGTTCCCTGACT-1,PB,0.4537501904726267
HC,PB_3,GACGGCTAGCTCTCGG-1,PB,-0.2325771014794124
HC,PB_3,GACGTGCCAGTATCTG-1,PB,0.2252137754715619
HC,PB_3,GACTACAAGGCAATTA-1,PB,0.27635990937784893
HC,PB_3,GACTACATCCGGGTGT-1,PB,-0.2998715894288333
HC,PB_3,GAGCAGAAGTACACCT-1,PB,-0.1654135175349562
HC,PB_3,GAGCAGATCAGCCTAA-1,PB,-0.3090640531108327
HC,PB_3,GAGGTGAGTCTCACCT-1,PB,-0.07001801433854374
HC,PB_3,GAGGTGATCACCGGGT-1,PB,-0.07001801433854374
HC,PB_3,GAGGTGATCTTAGAGC-1,PB,-0.3862672419614595
HC,PB_3,GATCAGTGTATCTGCA-1,PB,-0.09719690694088559
HC,PB_3,GATCGATAGTAACCCT-1,PB,-0.3057376374516423
HC,PB_3,GATCGCGGTGACGCCT-1,PB,-0.3783529952692231
HC,PB_3,GATCGCGTCCTCAATT-1,PB,-0.14603871701489154
HC,PB_3,GATCTAGAGTCAAGGC-1,PB,-0.07001801433854374
HC,PB_3,GATCTAGGTCGGATCC-1,PB,0.1035063419265798
HC,PB_3,GATCTAGGTTGGAGGT-1,PB,-0.07001801433854374
HC,PB_3,GATGAAAGTAAATACG-1,PB,0.094915863116672
HC,PB_3,GATGAGGAGTTTAGGA-1,PB,0.07847141723096995
HC,PB_3,GATGAGGCAAAGAATC-1,PB,-0.17096767027730428
HC,PB_3,GATGAGGTCGTTTATC-1,PB,0.2435441527897042
HC,PB_3,GATGAGGTCTATGTGG-1,PB,-0.4926987221379354
HC,PB_3,GATGCTATCAGCTCGG-1,PB,-0.21120831967596243
HC,PB_3,GATGCTATCTGAGGGA-1,PB,0.7025079481541886
HC,PB_3,GATTCAGCACTAAGTC-1,PB,-0.07001801433854374
HC,PB_3,GATTCAGCAGCCAGAA-1,PB,-0.2799935927508141
HC,PB_3,GCAAACTTCTTATCTG-1,PB,-0.05935159829475416
HC,PB_3,GCACATACAGTTAACC-1,PB,-0.014720287357090476
HC,PB_3,GCACATATCAACTCTT-1,PB,-0.04952999130354518
HC,PB_3,GCACTCTAGCTGCGAA-1,PB,-0.3349911809838079
HC,PB_3,GCACTCTTCTCCAGGG-1,PB,-0.02189293082064823
HC,PB_3,GCAGCCACATACTCTT-1,PB,-0.07001801433854374
HC,PB_3,GCAGTTAGTACAAGTA-1,PB,0.10401822329980018
HC,PB_3,GCATACACATGGTAGG-1,PB,0.244814612000931
HC,PB_3,GCATGATCACTCAGGC-1,PB,-0.6283012389769146
HC,PB_3,GCATGCGTCATTGCCC-1,PB,-0.07001801433854374
HC,PB_3,GCATGTAGTACAGTGG-1,PB,-0.20091141267686388
HC,PB_3,GCCAAATTCAGCAACT-1,PB,0.016380215770973566
HC,PB_3,GCGACCACAACTTGAC-1,PB,-0.2198026297126621
HC,PB_3,GCGACCACATTGTGCA-1-1,PB,0.0660802733306993
HC,PB_3,GCGAGAACACATCTTT-1,PB,-0.2832139983684282
HC,PB_3,GCGCAACAGCTAACTC-1,PB,-0.5331503567470013
HC,PB_3,GCGCCAAAGCCCAGCT-1,PB,0.19883546806475547
HC,PB_3,GCGCCAAAGTCACGCC-1,PB,-0.22180440361606255
HC,PB_3,GCGCCAACACTCAGGC-1,PB,0.3788923919346808
HC,PB_3,GCGCCAACATGCCACG-1,PB,0.17046838960968283
HC,PB_3,GCGCGATCAAACCTAC-1-1,PB,-0.2908942527440117
HC,PB_3,GCGGGTTAGCAATATG-1,PB,0.3924754134493261
HC,PB_3,GCGGGTTAGTGTCTCA-1,PB,-0.07001801433854374
HC,PB_3,GCGGGTTGTAGGCTGA-1,PB,0.07638677835534279
HC,PB_3,GCGGGTTTCGTTACAG-1,PB,-0.07001801433854374
HC,PB_3,GCTCTGTGTACATCCA-1,PB,-0.07001801433854374
HC,PB_3,GCTCTGTGTCTCTTAT-1,PB,0.09809032177909545
HC,PB_3,GCTCTGTTCTATCCTA-1,PB,-0.26389080315781327
HC,PB_3,GCTGCAGCACAACTGT-1,PB,0.17366724963329155
HC,PB_3,GCTTGAATCGGCCGAT-1,PB,-0.31733136192707023
HC,PB_3,GGAAAGCTCAACGGCC-1,PB,-0.07001801433854374
HC,PB_3,GGAACTTGTAGTAGTA-1,PB,0.886835280985691
HC,PB_3,GGAACTTGTGAAATCA-1,PB,0.06557941033503453
HC,PB_3,GGAATAACATCGATTG-1,PB,0.19968301993750878
HC,PB_3,GGACAAGAGATGTGTA-1,PB,-0.07001801433854374
HC,PB_3,GGACAGACAGTCGATT-1,PB,-0.010633781517092393
HC,PB_3,GGACATTCATCCAACA-1,PB,0.3305345394556545
HC,PB_3,GGACGTCCATTGGCGC-1-1,PB,0.2394843360637041
HC,PB_3,GGAGCAATCGACGGAA-1,PB,-0.07001801433854374
HC,PB_3,GGATGTTGTGGTCCGT-1,PB,0.07064611199870681
HC,PB_3,GGATGTTTCTAACCGA-1,PB,-0.19884158392552256
HC,PB_3,GGATTACAGCGAAGGG-1,PB,0.44175172667914747
HC,PB_3,GGCAATTGTACTCAAC-1,PB,-0.07001801433854374
HC,PB_3,GGCCGATAGAAACCGC-1,PB,-0.2856446992500852
HC,PB_3,GGCCGATAGAGATGAG-1,PB,0.37232944914458604
HC,PB_3,GGCCGATGTGCCTGTG-1,PB,0.34686760319771287
HC,PB_3,GGCGACTTCATGTGGT-1,PB,0.15721158239855582
HC,PB_3,GGCGTGTAGAATGTTG-1,PB,-0.07001801433854374
HC,PB_3,GGCGTGTCATCGGAAG-1,PB,-0.3075088464437147
HC,PB_3,GGCGTGTGTCTCAACA-1,PB,0.4742594851811885
HC,PB_3,GGCGTGTTCCAGTAGT-1,PB,0.33747766518134664
HC,PB_3,GGCGTGTTCTGCCAGG-1,PB,0.18921197735404954
HC,PB_3,GGCTGGTCAGCCTGTG-1,PB,-0.02156994110852169
HC,PB_3,GGGAATGTCCATTCTA-1,PB,-0.26278471818946
HC,PB_3,GGGACCTAGGAGTTGC-1,PB,-0.23212562735428557
HC,PB_3,GGGACCTTCTGTCTCG-1,PB,-0.07001801433854374
HC,PB_3,GGGTTGCAGACTGGGT-1,PB,-0.07001801433854374
HC,PB_3,GGGTTGCCAGACAAGC-1,PB,-0.1677256322835708
HC,PB_3,GGGTTGCCATTACCTT-1,PB,0.1261453686889706
HC,PB_3,GGGTTGCGTGGCAAAC-1,PB,-0.07001801433854374
HC,PB_3,GGGTTGCGTTCCACAA-1,PB,0.08578014338664963
HC,PB_3,GGTATTGAGCTGCAAG-1,PB,-0.14766570922654318
HC,PB_3,GGTATTGCAACCGCCA-1,PB,-0.23185879338000498
HC,PB_3,GGTATTGGTCAAGCGA-1,PB,-0.16109458489558623
HC,PB_3,GGTATTGTCTGATTCT-1,PB,-0.02897281703104852
HC,PB_3,GGTGAAGCATGCGCAC-1,PB,-0.07001801433854374
HC,PB_3,GGTGCGTCAATACGCT-1,PB,-0.052760924506474745
HC,PB_3,GGTGTTAAGCAGGTCA-1,PB,-0.22766829204123007
HC,PB_3,GGTGTTAAGCTCCTTC-1,PB,-0.17325343924909573
HC,PB_3,GGTGTTATCCATGAAC-1,PB,0.1410866893355436
HC,PB_3,GTAACGTCAGGTCTCG-1,PB,-0.07001801433854374
HC,PB_3,GTACGTAGTCTCTTAT-1,PB,-0.24234964007780163
HC,PB_3,GTACTCCAGGCAATTA-1,PB,-0.07001801433854374
HC,PB_3,GTACTCCGTTGTGGCC-1,PB,-0.08898253270288357
HC,PB_3,GTACTCCTCCAAACTG-1,PB,-0.37208343266556015
HC,PB_3,GTACTTTCACGGTAGA-1,PB,-0.14084016394099397
HC,PB_3,GTAGGCCCAGATGGGT-1,PB,0.2409038002116522
HC,PB_3,GTAGGCCCATCGGGTC-1,PB,0.050051826751830786
HC,PB_3,GTAGGCCGTAAGCACG-1,PB,0.03359980867391361
HC,PB_3,GTAGTCACATTGAGCT-1,PB,0.13119510120134784
HC,PB_3,GTAGTCAGTAAGAGAG-1-2,PB,-0.008303573971064186
HC,PB_3,GTATTCTCAGGGTATG-1,PB,0.12493774951801608
HC,PB_3,GTCAAGTCAGCAGTTT-1,PB,-0.1523881152661421
HC,PB_3,GTCACAAAGATGCCAG-1,PB,-0.13444219424009374
HC,PB_3,GTCACAACAATGTTGC-1,PB,-0.07001801433854374
HC,PB_3,GTCACGGCACTTCTGC-1,PB,0.40874820694945313
HC,PB_3,GTCCTCATCACCTCGT-1,PB,0.2801178907939897
HC,PB_3,GTCCTCATCCCGGATG-1,PB,0.14345524985659525
HC,PB_3,GTCCTCATCTAACCGA-1,PB,-0.07001801433854374
HC,PB_3,GTCGGGTGTCCGTGAC-1,PB,0.09026387084071785
HC,PB_3,GTCGGGTGTGTGAATA-1,PB,-0.17512175946398956
HC,PB_3,GTCGGGTTCTGCTGCT-1,PB,-0.18963598521440136
HC,PB_3,GTCGTAACATGTCCTC-1,PB,0.19754546102309348
HC,PB_3,GTCTTCGTCATAACCG-1,PB,-0.08484768826285298
HC,PB_3,GTGAAGGGTTTGACTG-1,PB,0.1620283523672708
HC,PB_3,GTGCAGCAGCGCTTAT-1-2,PB,0.207988989580821
HC,PB_3,GTGCAGCCAGGATTGG-1,PB,0.18969851692083975
HC,PB_3,GTGCAGCTCCTCAACC-1,PB,-0.07001801433854374
HC,PB_3,GTGCGGTAGCCACCTG-1,PB,-0.18608069253354717
HC,PB_3,GTGCGGTCAAGTCATC-1,PB,0.3570684260504757
HC,PB_3,GTGCTTCAGCGTTTAC-1,PB,-0.05668118448538275
HC,PB_3,GTGCTTCCATGCGCAC-1,PB,0.40322836739349927
HC,PB_3,GTGCTTCGTACAGTTC-1,PB,0.11118027533786168
HC,PB_3,GTGCTTCGTCAATACC-1,PB,-0.07001801433854374
HC,PB_3,GTGGGTCCATGCAATC-1,PB,-0.18574592903691015
HC,PB_3,GTGTGCGCACTGTTAG-1,PB,-0.20437873799310208
HC,PB_3,GTGTGCGGTTTGTTGG-1-1,PB,-0.1836406515592606
HC,PB_3,GTGTGCGTCTTCAACT-1,PB,0.04449618708530068
HC,PB_3,GTGTTAGGTCTAACGT-1,PB,-0.07001801433854374
HC,PB_3,GTTACAGAGCCAGTAG-1,PB,0.12993143983977581
HC,PB_3,GTTACAGCACCGAATT-1,PB,-0.2315127132379951
HC,PB_3,GTTACAGCATTCGACA-1,PB,-0.17388784620628828
HC,PB_3,GTTACAGGTAGCTAAA-1,PB,-0.07001801433854374
HC,PB_3,GTTCATTTCTGATTCT-1,PB,-0.07001801433854374
HC,PB_3,GTTTCTAAGACAGGCT-1,PB,-0.07001801433854374
HC,PB_3,GTTTCTAGTATATGGA-1,PB,-0.07001801433854374
HC,PB_3,GTTTCTATCACGACTA-1,PB,0.3694858383886141
HC,PB_3,TAAACCGCACGGATAG-1,PB,-0.050598880879823394
HC,PB_3,TAAACCGCAGGCGATA-1,PB,-0.07001801433854374
HC,PB_3,TAAACCGTCTCCCTGA-1,PB,0.3327615249578991
HC,PB_3,TAAGAGATCCTACAGA-1,PB,0.3549720945730452
HC,PB_3,TAAGTGCGTGGTCTCG-1,PB,-0.07001801433854374
HC,PB_3,TACACGATCTTGGGTA-1,PB,0.0957462568711623
HC,PB_3,TACAGTGTCAATACCG-1,PB,0.12584056143599
HC,PB_3,TACAGTGTCTGCGGCA-1,PB,0.02935727970985293
HC,PB_3,TACCTATAGCACCGCT-1,PB,0.5989035465586833
HC,PB_3,TACCTATTCACTTACT-1,PB,0.14969818115441952
HC,PB_3,TACCTATTCTTGTCAT-1,PB,0.10093259503228515
HC,PB_3,TACGGTAAGGAGTAGA-1,PB,0.47094385666122796
HC,PB_3,TACTCATGTGATAAGT-1,PB,-0.12314931769820522
HC,PB_3,TACTCATTCGGCGGTT-1,PB,-0.3264672797594436
HC,PB_3,TACTCGCCAGATGGGT-1,PB,-0.12933322926106133
HC,PB_3,TACTCGCTCTAGAGTC-1,PB,-0.07001801433854374
HC,PB_3,TACTTACAGCACAGGT-1,PB,-0.07001801433854374
HC,PB_3,TACTTACAGTTAGGTA-1,PB,-0.07001801433854374
HC,PB_3,TAGACCAAGATCCGAG-1,PB,0.4756248324748862
HC,PB_3,TAGACCAAGTGATCGG-1,PB,0.15546809878296577
HC,PB_3,TAGAGCTAGCGGCTTC-1,PB,0.08238855422422318
HC,PB_3,TAGAGCTTCAAGGTAA-1,PB,-0.2076177942222819
HC,PB_3,TAGGCATCAAAGTGCG-1,PB,-0.07001801433854374
HC,PB_3,TAGGCATGTATAGGGC-1,PB,0.878339601760463
HC,PB_3,TAGGCATGTGCAGGTA-1,PB,-0.07001801433854374
HC,PB_3,TAGTGGTGTTGGTAAA-1,PB,0.08103903992897551
HC,PB_3,TAGTTGGAGGTGCTAG-1,PB,-0.7299131508488479
HC,PB_3,TAGTTGGTCACGATGT-1,PB,-0.4665786643990944
HC,PB_3,TATCAGGCATTTCAGG-1,PB,-0.12349978934744509
HC,PB_3,TATCAGGTCGAGGTAG-1,PB,-0.30581139459557927
HC,PB_3,TATGCCCGTGAAAGAG-1,PB,-0.0009531892500874241
HC,PB_3,TCAACGACATGACATC-1,PB,-0.07001801433854374
HC,PB_3,TCAATCTCACCTGGTG-1,PB,-0.07001801433854374
HC,PB_3,TCACAAGCAGTCGATT-1,PB,-0.05290085937275491
HC,PB_3,TCAGATGAGATGCGAC-1,PB,0.27584746094595436
HC,PB_3,TCAGATGAGTTAGGTA-1,PB,-0.13118365596363357
HC,PB_3,TCAGATGGTCCAAGTT-1,PB,0.09450083431194467
HC,PB_3,TCAGCAAAGCTGAAAT-1,PB,0.010998892868926342
HC,PB_3,TCAGCAACAATGAATG-1,PB,-0.13683712983627289
HC,PB_3,TCAGCAACACTTAACG-1,PB,-0.11783709300137159
HC,PB_3,TCAGCAAGTTAGGGTG-1,PB,-0.07001801433854374
HC,PB_3,TCAGGATGTTTGGGCC-1,PB,0.13614900237150857
HC,PB_3,TCAGGATTCAACGGGA-1,PB,-0.07001801433854374
HC,PB_3,TCAGGATTCGCTGATA-1,PB,-0.07001801433854374
HC,PB_3,TCAGGTAAGGCGATAC-1,PB,0.10632753651400376
HC,PB_3,TCATTACGTACTCTCC-1,PB,0.1571277285261631
HC,PB_3,TCATTACGTATAGGGC-1,PB,-0.0764144383182788
HC,PB_3,TCATTACTCACATACG-1-1,PB,0.4800744680498376
HC,PB_3,TCATTTGGTCCAGTTA-1,PB,-0.07001801433854374
HC,PB_3,TCATTTGTCTTCCTTC-1,PB,-0.07001801433854374
HC,PB_3,TCCACACAGTGGCACA-1,PB,0.6945363340018055
HC,PB_3,TCCCGATAGTCAATAG-1,PB,-0.14848787072181982
HC,PB_3,TCGAGGCAGAGTGAGA-1,PB,-0.5279852479576714
HC,PB_3,TCGAGGCCAGGCAGTA-1,PB,-0.07001801433854374
HC,PB_3,TCGAGGCGTACAAGTA-1,PB,0.3298413146106767
HC,PB_3,TCGGGACGTGACGCCT-1,PB,-0.07001801433854374
HC,PB_3,TCGGGACGTTCGGCAC-1,PB,-0.19095334556935453
HC,PB_3,TCGGTAAAGCCATCGC-1,PB,-0.07001801433854374
HC,PB_3,TCGGTAACAAAGAATC-1,PB,-0.19056516288216765
HC,PB_3,TCGTACCTCCCATTAT-1,PB,-0.07001801433854374
HC,PB_3,TCGTAGAAGATGCCAG-1,PB,-0.07001801433854374
HC,PB_3,TCTATTGTCACATAGC-1,PB,-0.21985744178810274
HC,PB_3,TCTCTAACACCGTTGG-1,PB,-0.07001801433854374
HC,PB_3,TCTGAGACAGACGCAA-1,PB,-0.07001801433854374
HC,PB_3,TCTTCGGGTCCTCCAT-1-1,PB,-0.07001801433854374
HC,PB_3,TCTTCGGTCACATGCA-1,PB,-0.07001801433854374
HC,PB_3,TCTTCGGTCGTAGGAG-1,PB,-0.2207962078480418
HC,PB_3,TCTTTCCAGACAGGCT-1,PB,0.19630850373026412
HC,PB_3,TCTTTCCTCTGTCCGT-1,PB,-0.12111756735436903
HC,PB_3,TGAAAGAAGAGGTTAT-1,PB,0.15435418494238498
HC,PB_3,TGAAAGACAGATGAGC-1,PB,-0.23029132856372442
HC,PB_3,TGAAAGATCTAACTCT-1,PB,0.354903443254138
HC,PB_3,TGACAACTCTGTTGAG-1,PB,0.013409066215615249
HC,PB_3,TGACGGCAGTGAAGTT-1,PB,-0.3518041868183771
HC,PB_3,TGACGGCCAGACGCAA-1,PB,0.2408700363105158
HC,PB_3,TGACGGCTCTCAAACG-1,PB,-0.311864614460963
HC,PB_3,TGACTAGAGGCAATTA-1,PB,0.5410156952824827
HC,PB_3,TGAGAGGGTAGGACAC-1,PB,0.33660206870276577
HC,PB_3,TGAGAGGTCTGAAAGA-1,PB,-0.055457276538964526
HC,PB_3,TGAGCATAGCAGGTCA-1-1,PB,0.21530787801185977
HC,PB_3,TGAGCATCAAGTCTAC-1,PB,0.13360733380130072
HC,PB_3,TGAGCATGTGCTTCTC-1,PB,0.4068927397120725
HC,PB_3,TGAGCCGAGAGGTTGC-1,PB,-0.07001801433854374
HC,PB_3,TGAGCCGGTTACGACT-1,PB,0.09848946363367206
HC,PB_3,TGAGGGAAGAGTCGGT-1,PB,-0.07001801433854374
HC,PB_3,TGATTTCTCGGAATCT-1,PB,-0.07001801433854374
HC,PB_3,TGCCCTAGTGAAATCA-1,PB,-0.1985948921143719
HC,PB_3,TGCGCAGTCTCGATGA-1,PB,-0.32686692632291764
HC,PB_3,TGCGGGTCAGTATGCT-1,PB,-0.07001801433854374
HC,PB_3,TGCTGCTGTGAACCTT-1,PB,-0.12678578387123532
HC,PB_3,TGCTGCTGTGCAGGTA-1,PB,0.4322815972703514
HC,PB_3,TGGACGCCATCACGTA-1,PB,0.21300478082386398
HC,PB_3,TGGCCAGGTCCGAATT-1,PB,0.21166993781325877
HC,PB_3,TGGCCAGGTCTAGAGG-1,PB,0.5296959523375762
HC,PB_3,TGGCCAGGTTATCGGT-1,PB,0.22299237599035449
HC,PB_3,TGGCGCAGTACGCACC-1,PB,-0.07001801433854374
HC,PB_3,TGGCTGGAGGATCGCA-1,PB,-0.07001801433854374
HC,PB_3,TGGCTGGGTGCTGTAT-1,PB,0.13667472911654563
HC,PB_3,TGGGAAGAGGTAGCTG-1,PB,0.24116615273594535
HC,PB_3,TGGGAAGAGTGGGCTA-1,PB,-0.15759761772470135
HC,PB_3,TGGGAAGCACAAGCCC-1,PB,0.1450338464796701
HC,PB_3,TGGGAAGCACATTTCT-1,PB,-0.3070607918411624
HC,PB_3,TGGGAAGTCATCGGAT-1,PB,0.17118776652112297
HC,PB_3,TGTGTTTCAAGTCTAC-1,PB,0.08542517020926607
HC,PB_3,TGTGTTTCAGATGAGC-1,PB,0.09298822499307947
HC,PB_3,TGTGTTTGTAGCTAAA-1,PB,0.17080105893239067
HC,PB_3,TGTGTTTGTTCGCTAA-1,PB,0.11272410685061622
HC,PB_3,TGTTCCGGTGCAGTAG-1,PB,-0.07001801433854374
HC,PB_3,TGTTCCGTCAAACAAG-1-1,PB,0.22683614139146813
HC,PB_3,TGTTCCGTCAGTGTTG-1,PB,-0.14387438402761246
HC,PB_3,TTAACTCGTGGCGAAT-1,PB,-0.267790019927136
HC,PB_3,TTAGGACCAAATCCGT-1,PB,0.019069888480049486
HC,PB_3,TTAGGACGTCAAAGCG-1,PB,-0.3473495168018622
HC,PB_3,TTAGGACGTCAGCTAT-1,PB,-0.07001801433854374
HC,PB_3,TTAGGCATCACGCGGT-1,PB,0.3697536824098125
HC,PB_3,TTAGTTCAGGGTCGAT-1,PB,-0.020702723716545423
HC,PB_3,TTAGTTCCACATGACT-1,PB,-0.17495829322517348
HC,PB_3,TTATGCTCATTCCTCG-1,PB,-0.29361503534145345
HC,PB_3,TTATGCTTCACTTACT-1,PB,-0.14472207039851262
HC,PB_3,TTCGAAGAGACTACAA-1,PB,-0.2595202831108899
HC,PB_3,TTCGAAGAGGATGGTC-1,PB,0.4288534442112564
HC,PB_3,TTCGAAGCATGAAGTA-1-1,PB,-0.07001801433854374
HC,PB_3,TTCGAAGGTACCATCA-1,PB,-0.18342785693757319
HC,PB_3,TTCTACAAGGCTACGA-1,PB,-0.07001801433854374
HC,PB_3,TTCTACACACGTCAGC-1-1,PB,-0.30208701925720866
HC,PB_3,TTCTCAACAGGGAGAG-1,PB,0.2854464025492236
HC,PB_3,TTCTCAAGTAAATGTG-1,PB,0.12934049133570297
HC,PB_3,TTCTTAGAGAAGGTTT-1,PB,0.2954456354299091
HC,PB_3,TTCTTAGGTCAAAGCG-1,PB,-0.07001801433854374
HC,PB_3,TTCTTAGTCGGTTAAC-1,PB,-0.17606910165779996
HC,PB_3,TTGAACGAGACGACGT-1,PB,-0.2798788821316733
HC,PB_3,TTGAACGGTAAATGTG-1-1,PB,-0.09474207042860616
HC,PB_3,TTGACTTCATGGATGG-1,PB,-0.19679945759919631
HC,PB_3,TTGACTTGTTTGGCGC-1-1,PB,-0.07001801433854374
HC,PB_3,TTGCGTCAGCCTCGTG-1,PB,0.4130105003734349
HC,PB_3,TTGCGTCCATTTCAGG-1,PB,-0.07001801433854374
HC,PB_3,TTGCGTCTCTCTTATG-1-1,PB,0.21744829495072215
HC,PB_3,TTGGCAAAGCGATTCT-1,PB,0.014106102000611243
HC,PB_3,TTGTAGGCAATCTACG-1,PB,-0.07001801433854374
HC,PB_3,TTGTAGGGTCGGCATC-1,PB,-0.47594304969641943
HC,PB_3,TTTACTGCAAGCGATG-1,PB,-0.07001801433854374
HC,PB_3,TTTATGCCAGCTCCGA-1,PB,0.05988632400539066
HC,PB_3,TTTGCGCAGCCTATGT-1,PB,-0.6423840334919705
HC,PB_3,TTTGCGCGTCTTCAAG-1,PB,0.4447190353719402
HC,PB_3,TTTGGTTCATTTCACT-1,PB,0.08851614057748255
HC,PB_3,TTTGGTTGTCACCTAA-1,PB,0.20955672328066588
HC,PB_3,TTTGTCAGTCCTCCAT-1,PB,-0.0192724266664375
HC,PB_3,TTTGTCAGTGTGCGTC-1,PB,-0.24496551643067524
MS,PB_6,AAACGGGGTGTGACGA-1,PB,0.223933738326277
MS,PB_6,AAACGGGTCTGGCGAC-1,PB,-0.07001801433854374
MS,PB_6,AAAGATGAGCGTTCCG-1,PB,0.18342451373840504
MS,PB_6,AAAGATGTCAAACCAC-1-1,PB,0.0011848483304648144
MS,PB_6,AAAGCAATCCGAAGAG-1,PB,0.08128234966826571
MS,PB_6,AAAGTAGAGAGCTTCT-1,PB,0.07491931289504171
MS,PB_6,AAAGTAGAGGCATTGG-1,PB,-0.16348578350393847
MS,PB_6,AAAGTAGTCTCGTTTA-1,PB,-0.16317992964565778
MS,PB_6,AAATGCCCAGAAGCAC-1,PB,0.7714751571583731
MS,PB_6,AACACGTAGATCTGCT-1,PB,0.1101715582837078
MS,PB_6,AACCATGTCTGGCGTG-1,PB,-0.07001801433854374
MS,PB_6,AACCGCGTCAAGAAGT-1,PB,0.20065546644314183
MS,PB_6,AACGTTGAGACTGTAA-1,PB,0.1491600878186732
MS,PB_6,AACGTTGCAAAGTGCG-1,PB,0.19316994240304794
MS,PB_6,AACGTTGGTACGCTGC-1-2,PB,-0.20898534475913744
MS,PB_6,AACGTTGTCAGGCAAG-1,PB,0.40120269935372105
MS,PB_6,AACTCCCGTTGGAGGT-1,PB,0.6255806357774522
MS,PB_6,AACTCTTAGTCCCACG-1,PB,-0.07001801433854374
MS,PB_6,AACTCTTCAGCTGTGC-1-1,PB,0.35600970151387173
MS,PB_6,AACTCTTGTACTTCTT-1,PB,-0.15785697624886685
MS,PB_6,AACTGGTTCACCACCT-1,PB,0.26414279864723395
MS,PB_6,AACTGGTTCTAAGCCA-1,PB,0.08879619875377862
MS,PB_6,AACTTTCAGGATTCGG-1,PB,0.5736105409551299
MS,PB_6,AACTTTCGTGACCAAG-1,PB,0.17904431923309386
MS,PB_6,AACTTTCGTTAAAGTG-1,PB,0.12369795336025878
MS,PB_6,AAGACCTGTTATCACG-1,PB,0.17412199717099633
MS,PB_6,AAGCCGCAGCTCCTTC-1-1,PB,0.8202240748847672
MS,PB_6,AAGCCGCGTCTAAACC-1,PB,0.7106646104936287
MS,PB_6,AAGCCGCTCACAATGC-1,PB,0.01301470984252205
MS,PB_6,AAGGAGCGTGTCTGAT-1,PB,0.08626108422945504
MS,PB_6,AAGGCAGGTAGAGCTG-1,PB,-0.2550138681248778
MS,PB_6,AAGTCTGTCCTAGAAC-1,PB,-0.07001801433854374
MS,PB_6,AATCCAGTCGAGAGCA-1,PB,0.05286904597334262
MS,PB_6,AATCGGTAGGCCCTTG-1,PB,-0.03650259215179839
MS,PB_6,ACACCCTAGGTGATAT-1,PB,0.21275504080152793
MS,PB_6,ACACTGAAGAGCTGCA-1,PB,-0.1842485557714054
MS,PB_6,ACACTGAGTAAGGGCT-1,PB,-0.11175751699154358
MS,PB_6,ACACTGAGTCATATGC-1,PB,0.2625495635683426
MS,PB_6,ACACTGATCTACCTGC-1,PB,-0.07001801433854374
MS,PB_6,ACAGCTACACGGATAG-1,PB,-0.07001801433854374
MS,PB_6,ACATACGCAGCTTCGG-1,PB,0.07906107311337641
MS,PB_6,ACATACGGTGTGGCTC-1,PB,0.4783210474027681
MS,PB_6,ACATACGTCGAATGCT-1,PB,-0.24183266225721725
MS,PB_6,ACATCAGGTAGCCTCG-1,PB,0.20972209892369445
MS,PB_6,ACATCAGTCGTAGGAG-1,PB,0.07832584675859078
MS,PB_6,ACATGGTCAGTTCCCT-1-1,PB,0.017098265540301798
MS,PB_6,ACATGGTGTTACGACT-1-1,PB,0.419549436738761
MS,PB_6,ACCAGTATCATGCTCC-1,PB,0.1000694772377543
MS,PB_6,ACCCACTAGGTGATTA-1,PB,0.6005848806729698
MS,PB_6,ACCCACTGTAGCTCCG-1,PB,0.7556919541644413
MS,PB_6,ACCGTAAAGAAACCAT-1-1,PB,-0.07001801433854374
MS,PB_6,ACCGTAAAGGCATTGG-1,PB,0.3567293259471847
MS,PB_6,ACCTTTAAGGCATTGG-1,PB,-0.14811327357588025
MS,PB_6,ACCTTTAAGGCCCTCA-1,PB,1.0950913125764077
MS,PB_6,ACGAGCCTCGTACGGC-1,PB,-0.07001801433854374
MS,PB_6,ACGAGGAAGCGTCAAG-1,PB,0.4906742396345432
MS,PB_6,ACGAGGAGTATATGAG-1,PB,0.2461508324801321
MS,PB_6,ACGAGGAGTCTTCAAG-1,PB,0.147014740805986
MS,PB_6,ACGAGGATCACGACTA-1,PB,-0.026210778300588527
MS,PB_6,ACGAGGATCTCAAGTG-1-1,PB,0.2931185728137432
MS,PB_6,ACGATACAGTCTTGCA-1,PB,-0.17413493043750777
MS,PB_6,ACGATACGTGCTTCTC-1,PB,-0.07001801433854374
MS,PB_6,ACGCAGCGTCATATCG-1,PB,0.12443626494603614
MS,PB_6,ACGCCAGCACTAAGTC-1,PB,0.3207816308943823
MS,PB_6,ACGCCAGCAGTTAACC-1,PB,0.25042492469045957
MS,PB_6,ACGCCAGTCCAAGTAC-1,PB,-0.2374438298230282
MS,PB_6,ACGCCAGTCGCAGGCT-1,PB,0.4614562356051418
MS,PB_6,ACGCCGAAGTTCCACA-1,PB,0.4036969439381188
MS,PB_6,ACGGAGAAGATGGCGT-1,PB,-0.07001801433854374
MS,PB_6,ACGGAGAAGCGTTGCC-1,PB,-0.2631298975217228
MS,PB_6,ACGGAGAAGGTGATTA-1,PB,0.45493811069238915
MS,PB_6,ACGGAGATCCCGACTT-1,PB,-0.3084563562110391
MS,PB_6,ACGGCCACAAAGGCGT-1,PB,0.13842485969656315
MS,PB_6,ACGGCCATCACTCTTA-1,PB,0.5963620943020438
MS,PB_6,ACGGGCTCACGGCTAC-1,PB,0.524518964158725
MS,PB_6,ACGGGCTGTATGCTTG-1,PB,-0.01886982211273921
MS,PB_6,ACGGGCTTCGTCCAGG-1-2,PB,-0.17325440824796592
MS,PB_6,ACGGGTCAGTCCATAC-1,PB,0.13708008646950218
MS,PB_6,ACGGGTCTCTCGGACG-1,PB,-0.17558551864210298
MS,PB_6,ACGTCAACAATAACGA-1,PB,0.2329280626690477
MS,PB_6,ACGTCAATCACCTCGT-1,PB,-0.5459093234651996
MS,PB_6,ACGTCAATCATGCAAC-1,PB,0.11299744807569279
MS,PB_6,ACTATCTAGTCACGCC-1,PB,0.6108635675602205
MS,PB_6,ACTATCTGTCTGGAGA-1,PB,0.2738511249996596
MS,PB_6,ACTATCTGTTTGTTGG-1,PB,0.313876185589697
MS,PB_6,ACTATCTTCCTTGACC-1,PB,0.08011612400771229
MS,PB_6,ACTGAACCAGTTCATG-1,PB,-0.04513862776173572
MS,PB_6,ACTGAACTCACGATGT-1,PB,-0.07001801433854374
MS,PB_6,ACTGAACTCACTATTC-1,PB,0.3995762083835603
MS,PB_6,ACTGAACTCCGTAGGC-1,PB,-0.18371178415294256
MS,PB_6,ACTGATGAGAGTAAGG-1,PB,0.2855523776369265
MS,PB_6,ACTGATGAGCGCCTTG-1,PB,0.1415181054750018
MS,PB_6,ACTGATGAGCTGCGAA-1,PB,-0.21653403712617947
MS,PB_6,ACTGATGTCAGCTCTC-1,PB,-0.07001801433854374
MS,PB_6,ACTGATGTCGCCTGAG-1,PB,-0.22026267032531874
MS,PB_6,ACTGATGTCTATGTGG-1,PB,0.14790416037668327
MS,PB_6,ACTGCTCAGACGCAAC-1,PB,-0.464224277933644
MS,PB_6,ACTGCTCTCCTTTACA-1,PB,0.32747300444247457
MS,PB_6,ACTTACTAGGACGAAA-1,PB,0.047921777991918026
MS,PB_6,ACTTACTGTTAAGACA-1,PB,0.28058089737681496
MS,PB_6,ACTTACTTCAAACAAG-1,PB,0.01991981926015982
MS,PB_6,ACTTACTTCATGCAAC-1,PB,0.4598027786686331
MS,PB_6,ACTTACTTCGGGAGTA-1,PB,0.15178146566037873
MS,PB_6,ACTTGTTCAAGAGTCG-1,PB,-0.07001801433854374
MS,PB_6,ACTTGTTCAGTCGATT-1,PB,-0.07001801433854374
MS,PB_6,ACTTGTTGTCATACTG-1,PB,0.17209177468506967
MS,PB_6,ACTTTCATCCTTTCTC-1-1,PB,0.2748322276362499
MS,PB_6,AGAATAGCAAAGGAAG-1,PB,0.44517224080248274
MS,PB_6,AGAATAGCAGGGATTG-1,PB,-0.2784412282355331
MS,PB_6,AGAATAGCAGTATGCT-1,PB,-0.056481226807378986
MS,PB_6,AGACGTTGTAAACACA-1,PB,-0.04856275035499979
MS,PB_6,AGACGTTGTCGCGTGT-1,PB,-0.2140292799578843
MS,PB_6,AGAGCGACAAAGGAAG-1,PB,0.2771495155199902
MS,PB_6,AGAGCGACAACTGGCC-1-1,PB,0.6807606018718123
MS,PB_6,AGAGCTTAGATATGGT-1,PB,0.12474840645533804
MS,PB_6,AGAGCTTCACGGCTAC-1,PB,0.03570360775351399
MS,PB_6,AGAGCTTGTTCGCGAC-1-1,PB,-0.07001801433854374
MS,PB_6,AGAGTGGGTGCGAAAC-1,PB,-0.2896587828142435
MS,PB_6,AGATCTGTCGTTGACA-1,PB,-0.07001801433854374
MS,PB_6,AGATTGCCAGACGTAG-1,PB,0.29447742790964837
MS,PB_6,AGATTGCTCGGCGCTA-1,PB,0.01858441169729994
MS,PB_6,AGCAGCCAGACCTAGG-1,PB,-0.005322036081160204
MS,PB_6,AGCGGTCCAGACGCTC-1,PB,0.4622498007048369
MS,PB_6,AGCGGTCTCGAATCCA-1,PB,0.1601408779652201
MS,PB_6,AGCGTATCAAGGACAC-1-1,PB,0.4100473694717696
MS,PB_6,AGCGTATTCCGCGGTA-1,PB,0.11488547889643161
MS,PB_6,AGCTCCTCATGTCCTC-1,PB,-0.39403746497846687
MS,PB_6,AGCTCCTGTTATCACG-1,PB,-0.22248248683137256
MS,PB_6,AGCTCCTTCCTTGACC-1,PB,-0.23650203860918959
MS,PB_6,AGGCCACTCTGCTGTC-1,PB,-0.18959782500550612
MS,PB_6,AGGGTGAGTACTCTCC-1,PB,-0.07001801433854374
MS,PB_6,AGGGTGAGTAGTAGTA-1,PB,-0.04347385406492356
MS,PB_6,AGGGTGATCAGCACAT-1,PB,0.12703009444211877
MS,PB_6,AGGTCATAGATAGCAT-1,PB,0.2576670764463737
MS,PB_6,AGGTCCGAGAAACCGC-1,PB,0.722686980511706
MS,PB_6,AGGTCCGAGGGCTTCC-1,PB,-0.08890274966613143
MS,PB_6,AGTAGTCAGGTCATCT-1,PB,-0.07001801433854374
MS,PB_6,AGTCTTTAGTAGTGCG-1,PB,0.23006965993444825
MS,PB_6,AGTCTTTGTATCTGCA-1,PB,-0.07001801433854374
MS,PB_6,AGTCTTTTCAACTCTT-1,PB,0.03884670354829383
MS,PB_6,AGTGAGGAGAAACGCC-1,PB,0.1810554147874626
MS,PB_6,AGTGAGGCACATGGGA-1,PB,0.36894399802476946
MS,PB_6,AGTGGGAAGGACGAAA-1,PB,0.32513133511364106
MS,PB_6,AGTGTCATCAACACGT-1,PB,0.33046031178280943
MS,PB_6,AGTTGGTAGTCCTCCT-1,PB,-0.07001801433854374
MS,PB_6,AGTTGGTGTGACGGTA-1,PB,-0.02867882345639016
MS,PB_6,ATAACGCAGTCGATAA-1,PB,0.0388757030647649
MS,PB_6,ATAACGCGTAGGAGTC-1,PB,-0.06188134306086877
MS,PB_6,ATAACGCGTTTGCATG-1,PB,0.33685186936229955
MS,PB_6,ATAAGAGCAGCTCCGA-1,PB,0.351821577500937
MS,PB_6,ATAAGAGGTGTTGGGA-1,PB,0.4877829474759276
MS,PB_6,ATAAGAGTCAGCTGGC-1,PB,-0.29306836271657616
MS,PB_6,ATAAGAGTCGAGCCCA-1,PB,0.1553351383143077
MS,PB_6,ATAAGAGTCTTGTACT-1,PB,0.08094761186927273
MS,PB_6,ATCACGAGTACGACCC-1,PB,0.1878334336745491
MS,PB_6,ATCACGATCGGTTAAC-1,PB,-0.07001801433854374
MS,PB_6,ATCATCTTCACTCCTG-1,PB,0.219023998430149
MS,PB_6,ATCATGGGTTCCGGCA-1,PB,0.12023122381384731
MS,PB_6,ATCCACCAGCGAAGGG-1,PB,0.009139092969082552
MS,PB_6,ATCCGAACATAACCTG-1,PB,-0.12690373768210414
MS,PB_6,ATCCGAAGTCATCGGC-1,PB,-0.2174006570166207
MS,PB_6,ATCCGAAGTGCAGTAG-1,PB,-0.02684030991698333
MS,PB_6,ATGAGGGAGAATGTTG-1,PB,-0.07627018955406596
MS,PB_6,ATGAGGGAGACAGAGA-1,PB,0.4403230074739749
MS,PB_6,ATGAGGGGTAAGAGAG-1,PB,0.30704834013324367
MS,PB_6,ATGCGATGTCCCTTGT-1-1,PB,-0.3885462846867407
MS,PB_6,ATGCGATGTCTCGTTC-1-1,PB,-0.5490071265721193
MS,PB_6,ATGCGATGTGCTCTTC-1,PB,0.5661488377341631
MS,PB_6,ATGCGATTCATCGGAT-1,PB,-0.2723118695313404
MS,PB_6,ATGGGAGTCCATGAAC-1,PB,0.0021731947626957215
MS,PB_6,ATGTGTGAGGCCCGTT-1,PB,0.19535221683350737
MS,PB_6,ATGTGTGTCCTTGGTC-1,PB,0.528658186400819
MS,PB_6,ATTACTCAGTCGAGTG-1,PB,-0.027400125513318514
MS,PB_6,ATTACTCCAGTGGGAT-1,PB,0.21560837437412647
MS,PB_6,ATTATCCGTCTTCAAG-1,PB,0.10683464150536823
MS,PB_6,ATTATCCGTTGTCGCG-1,PB,0.1869211107882811
MS,PB_6,ATTCTACAGGGAACGG-1,PB,-0.07001801433854374
MS,PB_6,ATTCTACGTTACGTCA-1,PB,0.2272867239183959
MS,PB_6,ATTGGTGAGACTGGGT-1,PB,0.4920988810466581
MS,PB_6,ATTGGTGGTCTGGAGA-1,PB,0.012971002304445962
MS,PB_6,ATTGGTGTCCGAGCCA-1,PB,-0.43419071639650303
MS,PB_6,ATTTCTGAGATGTCGG-1,PB,0.5216705142952328
MS,PB_6,CAACCAAAGTCCATAC-1,PB,0.48689772758173266
MS,PB_6,CAACCTCCAAAGTGCG-1-1,PB,0.20713233369924006
MS,PB_6,CAACTAGGTACTCTCC-1,PB,0.3691460936581902
MS,PB_6,CAAGAAACATCTACGA-1,PB,0.012637333517052778
MS,PB_6,CAAGATCAGGAGCGAG-1,PB,-0.006914443568990623
MS,PB_6,CAAGATCCAAATCCGT-1,PB,-0.4934521359796739
MS,PB_6,CAAGATCGTCCAGTTA-1,PB,-0.07001801433854374
MS,PB_6,CAAGGCCTCGCAGGCT-1,PB,0.580809299304754
MS,PB_6,CAAGTTGCACGAGGTA-1,PB,0.48800172966345085
MS,PB_6,CACAAACCAACTGCTA-1,PB,-0.3674796979915284
MS,PB_6,CACACCTCATCGATGT-1,PB,-0.23771256230232404
MS,PB_6,CACACCTGTGCAGACA-1-1,PB,0.31834838295928164
MS,PB_6,CACACTCGTCTTGCGG-1,PB,0.1975444055127493
MS,PB_6,CACAGGCAGGTGCTTT-1,PB,0.6502223515759633
MS,PB_6,CACAGGCCAGTGGGAT-1,PB,0.7523991134641438
MS,PB_6,CACAGGCGTGTTAAGA-1,PB,-0.30035472271184427
MS,PB_6,CACAGTACACATTAGC-1,PB,0.19672078282188218
MS,PB_6,CACAGTAGTCGCGAAA-1,PB,0.005675785652616354
MS,PB_6,CACATAGGTTAGTGGG-1,PB,0.17323861423921882
MS,PB_6,CACCACTAGCGTTCCG-1,PB,0.11717998109368762
MS,PB_6,CACCACTCAAGAGGCT-1,PB,0.4501725915088989
MS,PB_6,CACTCCACAAAGGCGT-1,PB,0.21148688416659459
MS,PB_6,CAGAATCAGAGGTAGA-1,PB,0.7629774615192445
MS,PB_6,CAGAGAGAGTGCGTGA-1,PB,0.5083973276660055
MS,PB_6,CAGAGAGGTTAAGGGC-1,PB,-0.0051741381065201365
MS,PB_6,CAGATCAAGACTAGAT-1,PB,0.0038578033195858824
MS,PB_6,CAGATCAGTTCAGACT-1,PB,-0.07001801433854374
MS,PB_6,CAGCAGCTCCTTAATC-1,PB,-0.07001801433854374
MS,PB_6,CAGCATACACTTAACG-1,PB,0.5197660090093352
MS,PB_6,CAGCCGACACAAGCCC-1,PB,0.03086945845178752
MS,PB_6,CAGCGACCATTTCAGG-1-1,PB,0.18928268040470855
MS,PB_6,CAGCTAAAGACTACAA-1,PB,-0.07001801433854374
MS,PB_6,CAGCTAACAAGGTTTC-1,PB,0.6073224553692812
MS,PB_6,CAGCTGGGTAAATACG-1,PB,0.3615322047137223
MS,PB_6,CAGCTGGGTATATGGA-1,PB,-0.00285565520434723
MS,PB_6,CAGGTGCAGTACGACG-1,PB,0.5024710602337256
MS,PB_6,CAGTCCTAGCTCCTTC-1,PB,0.15120577434561325
MS,PB_6,CAGTCCTGTACTCAAC-1,PB,0.03268455783018458
MS,PB_6,CATATTCAGGCCATAG-1,PB,0.20040293333334366
MS,PB_6,CATATTCGTTACGGAG-1,PB,0.06326337519178987
MS,PB_6,CATCAAGCACCCATGG-1,PB,-0.39673465458102175
MS,PB_6,CATCAAGGTATCGCAT-1,PB,-0.07001801433854374
MS,PB_6,CATCAAGTCTTGTATC-1,PB,-0.12950007735149635
MS,PB_6,CATCAGAGTCTAAACC-1,PB,0.44810362236086615
MS,PB_6,CATCGAAAGCGTTGCC-1,PB,0.5843716490126994
MS,PB_6,CATCGAAAGTCTCCTC-1,PB,-0.1780546117921585
MS,PB_6,CATCGGGCACAGACAG-1,PB,-0.07001801433854374
MS,PB_6,CATCGGGTCGATAGAA-1,PB,0.11830245514545439
MS,PB_6,CATGACACAATGTTGC-1,PB,0.305324773851764
MS,PB_6,CATGACACATGCCTTC-1,PB,-0.4445557041403137
MS,PB_6,CATGCCTGTATGAATG-1-1,PB,0.40046593725119145
MS,PB_6,CATGGCGAGAGTCTGG-1,PB,0.22471255328261933
MS,PB_6,CATGGCGCATACGCTA-1,PB,0.07819421042601013
MS,PB_6,CATGGCGTCCGTTGCT-1,PB,0.20536216972100094
MS,PB_6,CCACCTACACCCTATC-1,PB,0.07889973539065845
MS,PB_6,CCACCTACAGATAATG-1,PB,0.41618579124143423
MS,PB_6,CCACGGACACCAGGTC-1,PB,0.3166100829711776
MS,PB_6,CCACTACAGTCTCAAC-1-1,PB,0.21089134404949758
MS,PB_6,CCACTACAGTGGTAGC-1,PB,0.6048634663872907
MS,PB_6,CCACTACCAGACTCGC-1,PB,0.43126059777390363
MS,PB_6,CCACTACTCTTATCTG-1,PB,0.02110156531565082
MS,PB_6,CCCAATCGTGTTTGTG-1,PB,0.1436973980695207
MS,PB_6,CCCAATCGTTCTCATT-1,PB,1.0809727106781497
MS,PB_6,CCCTCCTCATTCGACA-1,PB,-0.5509702149444416
MS,PB_6,CCCTCCTGTTCCACTC-1,PB,0.1804357772018726
MS,PB_6,CCGGGATTCCTCAACC-1,PB,-0.06458332876398017
MS,PB_6,CCGGTAGGTTTGGGCC-1,PB,0.1361362865735766
MS,PB_6,CCGGTAGTCTCCAGGG-1,PB,0.18008165426398454
MS,PB_6,CCGGTAGTCTTCAACT-1,PB,-0.3856197223424575
MS,PB_6,CCGTACTAGTACACCT-1,PB,-0.07001801433854374
MS,PB_6,CCGTACTCATACCATG-1,PB,0.08580907116951586
MS,PB_6,CCGTACTTCTGATACG-1,PB,0.5140350664898566
MS,PB_6,CCGTTCAAGAATGTGT-1,PB,-0.3515528897651889
MS,PB_6,CCTAAAGAGCGTGAAC-1,PB,-0.3853290386172908
MS,PB_6,CCTAAAGTCCACGTTC-1-1,PB,-0.3316262797799573
MS,PB_6,CCTACACAGCACGCCT-1,PB,-0.18251954017478295
MS,PB_6,CCTACACCATTGGTAC-1,PB,-0.07001801433854374
MS,PB_6,CCTACCACAAGGACAC-1,PB,0.1488605777827367
MS,PB_6,CCTAGCTAGGGTGTGT-1,PB,-0.5222663199806091
MS,PB_6,CCTCAGTAGAATTGTG-1,PB,0.22453166337100747
MS,PB_6,CCTCTGAAGATTACCC-1,PB,-0.28378818424939695
MS,PB_6,CCTCTGAAGCTAACTC-1,PB,-0.07001801433854374
MS,PB_6,CCTCTGAAGTTGTAGA-1,PB,-0.028105666690868992
MS,PB_6,CCTCTGATCACAGTAC-1,PB,0.2739013539335547
MS,PB_6,CCTTACGAGCTAACAA-1,PB,0.22349998033378551
MS,PB_6,CCTTACGGTTTGTTGG-1,PB,0.19863887318299797
MS,PB_6,CCTTCGACACAGGTTT-1,PB,0.7791194370434944
MS,PB_6,CCTTCGAGTAGAGCTG-1,PB,0.44283491557401083
MS,PB_6,CCTTTCTCATGCCTTC-1,PB,0.10547661121764453
MS,PB_6,CGAACATCATCCGCGA-1-1,PB,0.23298862001555584
MS,PB_6,CGAACATGTAGAAGGA-1-1,PB,0.12461009779499002
MS,PB_6,CGAACATTCATAACCG-1,PB,0.1088255545110357
MS,PB_6,CGAACATTCGGATGTT-1-1,PB,-0.5032998115643104
MS,PB_6,CGAATGTAGAGCTATA-1,PB,0.36709560252909484
MS,PB_6,CGAATGTGTTGACGTT-1,PB,0.07329436210647186
MS,PB_6,CGACTTCGTACGACCC-1,PB,-0.07001801433854374
MS,PB_6,CGACTTCGTCGCCATG-1,PB,0.4256259446871561
MS,PB_6,CGACTTCTCGGTCTAA-1,PB,1.1333640138965213
MS,PB_6,CGAGAAGGTTCGGGCT-1,PB,-0.07001801433854374
MS,PB_6,CGAGAAGTCAACGCTA-1,PB,-0.09399394034132705
MS,PB_6,CGAGAAGTCTCAAGTG-1,PB,0.34420497309487486
MS,PB_6,CGAGAAGTCTCCAACC-1,PB,-0.06078561202407332
MS,PB_6,CGAGCCAAGTTGTAGA-1,PB,0.14757466307105607
MS,PB_6,CGAGCCACAGTCTTCC-1,PB,0.13926863831275588
MS,PB_6,CGATCGGAGACAATAC-1,PB,0.632016028285259
MS,PB_6,CGATCGGAGTCCGGTC-1,PB,0.09898807758174447
MS,PB_6,CGATCGGCACATGACT-1,PB,0.32043815011031634
MS,PB_6,CGATCGGGTTCCCTTG-1,PB,-0.1708318790003885
MS,PB_6,CGATCGGTCATCACCC-1,PB,0.04569863674032084
MS,PB_6,CGATGTAAGTTGAGTA-1,PB,-0.3509042862696459
MS,PB_6,CGATTGAAGTCCATAC-1-1,PB,0.30457815948382777
MS,PB_6,CGATTGACACGGCCAT-1,PB,-0.45661842550891396
MS,PB_6,CGATTGATCGTACGGC-1,PB,0.5665638468091958
MS,PB_6,CGCCAAGAGTAACCCT-1,PB,0.44203247291577413
MS,PB_6,CGCCAAGAGTGTTAGA-1,PB,-0.2262709240624389
MS,PB_6,CGCGGTAAGGCCCTCA-1,PB,0.36867013953805644
MS,PB_6,CGCGGTAAGTTGAGAT-1-1,PB,-0.07001801433854374
MS,PB_6,CGCTGGAAGGAGTTGC-1,PB,-0.20221210568090406
MS,PB_6,CGCTGGATCTCTGTCG-1,PB,-0.4611472136871197
MS,PB_6,CGCTTCAAGTTCCACA-1,PB,-0.07001801433854374
MS,PB_6,CGCTTCACAATCACAC-1,PB,-0.07001801433854374
MS,PB_6,CGCTTCACACGGCCAT-1-1,PB,0.5500319225778341
MS,PB_6,CGCTTCACATTGCGGC-1,PB,0.07609455096231746
MS,PB_6,CGGACACTCTACTATC-1,PB,-0.07001801433854374
MS,PB_6,CGGACGTCACATAACC-1,PB,0.0178162058298247
MS,PB_6,CGGACGTCAGCTTAAC-1,PB,-0.3425510367050473
MS,PB_6,CGGAGCTAGCTGGAAC-1,PB,-0.07001801433854374
MS,PB_6,CGGAGCTGTAAGTGGC-1-1,PB,0.29209704595717456
MS,PB_6,CGGAGTCAGTTAGCGG-1,PB,0.08198573265833045
MS,PB_6,CGGAGTCCATCCAACA-1,PB,-0.21124043637935114
MS,PB_6,CGGAGTCGTAGCCTCG-1,PB,0.4122733220372639
MS,PB_6,CGGCTAGCAGGCTGAA-1,PB,-0.07001801433854374
MS,PB_6,CGGCTAGTCGGTCCGA-1,PB,0.2788729404988883
MS,PB_6,CGGGTCAAGCCAGGAT-1,PB,-0.5166925878143537
MS,PB_6,CGGGTCACACGTTGGC-1,PB,0.3459747230652827
MS,PB_6,CGGGTCAGTATCGCAT-1,PB,0.07938356860008133
MS,PB_6,CGGTTAAAGCTCCTCT-1,PB,0.32114133620226276
MS,PB_6,CGTAGCGCATAGAAAC-1,PB,-0.2012425807504865
MS,PB_6,CGTAGGCGTACCGCTG-1,PB,-0.23125823687012112
MS,PB_6,CGTCACTAGCTAAACA-1,PB,0.12587408852093443
MS,PB_6,CGTCCATAGTGAAGTT-1,PB,-0.21332743522160763
MS,PB_6,CGTCCATTCAAGATCC-1,PB,-0.2920833348714788
MS,PB_6,CGTGAGCAGGCTATCT-1,PB,0.3136373860034509
MS,PB_6,CGTGAGCCAGCGATCC-1,PB,-0.19474124665682366
MS,PB_6,CGTGAGCTCGACCAGC-1,PB,0.1622224020648395
MS,PB_6,CGTGTAACACGCTTTC-1,PB,-0.2407438372840744
MS,PB_6,CGTTCTGTCGTTTAGG-1,PB,-0.07001801433854374
MS,PB_6,CTAACTTAGAAGGACA-1,PB,-0.1447518333421401
MS,PB_6,CTAACTTAGGCAGTCA-1-1,PB,0.2378246180859762
MS,PB_6,CTAACTTAGGCATGTG-1,PB,0.2857784749024323
MS,PB_6,CTAACTTCAGACGCAA-1,PB,0.004003900467397998
MS,PB_6,CTAAGACAGGCGCTCT-1,PB,0.03270228319895162
MS,PB_6,CTAAGACGTCCGAACC-1,PB,0.15788802674367394
MS,PB_6,CTAAGACTCGTGGTCG-1,PB,-0.2577688377009553
MS,PB_6,CTAATGGAGCTAACTC-1,PB,-0.07001801433854374
MS,PB_6,CTAATGGAGTTCGATC-1,PB,0.4909927769870817
MS,PB_6,CTAATGGTCTTGTATC-1,PB,0.0008306738693329192
MS,PB_6,CTACACCCACCCATGG-1-1,PB,0.15449600217306642
MS,PB_6,CTACACCGTAGGACAC-1-2,PB,0.5699053356232081
MS,PB_6,CTACATTGTAAACGCG-1,PB,0.7575195175726862
MS,PB_6,CTACCCATCGGACAAG-1,PB,-0.07001801433854374
MS,PB_6,CTACGTCTCAGCTCTC-1,PB,0.21645648239705356
MS,PB_6,CTAGAGTCACACGCTG-1,PB,0.030652173191512786
MS,PB_6,CTAGCCTAGGGCATGT-1,PB,0.3316201352499438
MS,PB_6,CTAGCCTGTCCGTCAG-1,PB,0.20463284825850203
MS,PB_6,CTAGTGACAGGATCGA-1,PB,0.022383825108899143
MS,PB_6,CTAGTGATCAGGCAAG-1-2,PB,0.21962517672778453
MS,PB_6,CTCACACTCGGTCCGA-1,PB,0.14506096735914806
MS,PB_6,CTCAGAAAGTGTTGAA-1,PB,0.2678513415608984
MS,PB_6,CTCATTAGTAAAGGAG-1,PB,-0.07001801433854374
MS,PB_6,CTCATTATCAAAGTAG-1,PB,0.4497053937279269
MS,PB_6,CTCATTATCGACCAGC-1,PB,-0.07001801433854374
MS,PB_6,CTCCTAGAGCCGTCGT-1,PB,-0.07001801433854374
MS,PB_6,CTCCTAGCAATCGGTT-1-1,PB,0.17567768518103957
MS,PB_6,CTCCTAGTCACCTTAT-1,PB,0.02070765365234673
MS,PB_6,CTCGAGGTCGGACAAG-1,PB,0.3376809953583297
MS,PB_6,CTCGGAGAGGTGATTA-1-1,PB,-0.0074802189849356715
MS,PB_6,CTCGGAGGTGCACGAA-1,PB,-0.07474899248879195
MS,PB_6,CTCGGAGTCAACGCTA-1,PB,0.2837688625969353
MS,PB_6,CTCGGAGTCCTTTACA-1,PB,-0.07001801433854374
MS,PB_6,CTCGGGACATGACGGA-1,PB,0.516775159357186
MS,PB_6,CTCGTACCACACGCTG-1,PB,0.4998056013129014
MS,PB_6,CTCGTACGTTTCCACC-1-1,PB,-0.07001801433854374
MS,PB_6,CTCGTCAAGAAACCGC-1,PB,-0.14067914714656554
MS,PB_6,CTCGTCAAGCCTCGTG-1,PB,-0.15658633058623142
MS,PB_6,CTCTAATAGATGTGTA-1,PB,-0.31026035814619457
MS,PB_6,CTCTAATCAACTTGAC-1-1,PB,-0.3157592931259318
MS,PB_6,CTCTAATGTTCCGTCT-1,PB,0.8974205132369761
MS,PB_6,CTCTACGAGGAATCGC-1,PB,0.2380378290781086
MS,PB_6,CTGAAACAGCGTGTCC-1,PB,-0.18157006579738216
MS,PB_6,CTGAAACCACCGAAAG-1,PB,-0.07001801433854374
MS,PB_6,CTGATCCAGTGTCCAT-1,PB,0.7135306342994306
MS,PB_6,CTGATCCCAACAACCT-1-1,PB,0.25349209593984284
MS,PB_6,CTGATCCTCATCGATG-1,PB,0.1471140224477521
MS,PB_6,CTGCCTAAGCCCTAAT-1,PB,-0.18552397644562915
MS,PB_6,CTGCCTAAGTGGTAAT-1,PB,0.25443423380660174
MS,PB_6,CTGCCTATCCGTTGTC-1,PB,0.10642718584315809
MS,PB_6,CTGCGGATCCCTGACT-1,PB,-0.04317460701709501
MS,PB_6,CTGCTGTGTAGTGAAT-1,PB,-0.061336610398146536
MS,PB_6,CTGCTGTGTTGGAGGT-1,PB,-0.07001801433854374
MS,PB_6,CTGCTGTTCTGGTATG-1,PB,0.9754936007026515
MS,PB_6,CTGGTCTCATAGACTC-1,PB,0.3371724547120115
MS,PB_6,CTGGTCTTCTGTACGA-1,PB,0.3498106406724772
MS,PB_6,CTGTTTAGTCGAATCT-1-2,PB,0.3295933703107229
MS,PB_6,CTTAGGAAGCTTTGGT-1-1,PB,0.05903465653849679
MS,PB_6,CTTAGGAAGGACACCA-1,PB,-0.15489711243409196
MS,PB_6,CTTAGGAGTTCGTTGA-1,PB,0.07496467262126252
MS,PB_6,CTTGGCTAGCTCCCAG-1,PB,0.265940627678163
MS,PB_6,CTTGGCTCAATCCAAC-1,PB,-0.07001801433854374
MS,PB_6,CTTGGCTGTGGTAACG-1,PB,0.5774253727004756
MS,PB_6,GAAACTCCACGAAATA-1,PB,-0.2395554383194189
MS,PB_6,GAACATCAGTGTTAGA-1,PB,0.5180267203513006
MS,PB_6,GAACATCTCAATCACG-1,PB,0.05209419413395714
MS,PB_6,GAACCTAGTGAAGGCT-1,PB,0.16504825526380612
MS,PB_6,GAAGCAGGTAATTGGA-1,PB,0.23897469931162113
MS,PB_6,GAATAAGGTATAATGG-1,PB,-0.03648333661205968
MS,PB_6,GAATAAGTCGCAAGCC-1,PB,-0.07001801433854374
MS,PB_6,GAATGAAGTGGTACAG-1,PB,0.5977178530016475
MS,PB_6,GACACGCAGTTATCGC-1,PB,0.10126390077344384
MS,PB_6,GACACGCGTTTGGGCC-1,PB,-0.21346192803229555
MS,PB_6,GACCTGGAGAATAGGG-1-1,PB,0.15926755942811097
MS,PB_6,GACCTGGCAGCCACCA-1,PB,0.07862373968231984
MS,PB_6,GACGGCTGTAAGTGTA-1,PB,-0.07001801433854374
MS,PB_6,GACGGCTGTCACCTAA-1,PB,0.047102033599008046
MS,PB_6,GACGGCTTCCTAGAAC-1,PB,0.12777034294222542
MS,PB_6,GACGGCTTCGTGACAT-1,PB,-0.6664746846623364
MS,PB_6,GACGTGCAGCCACCTG-1-1,PB,0.2718817886154138
MS,PB_6,GACGTTAAGGTGCTTT-1,PB,0.0757464793104546
MS,PB_6,GACGTTAGTGCATCTA-1,PB,0.09818788938473531
MS,PB_6,GACTACAAGATGTTAG-1,PB,0.1579701324860233
MS,PB_6,GACTACACAAACCCAT-1,PB,-0.07001801433854374
MS,PB_6,GACTACACACTGAAGG-1,PB,0.23510894865455176
MS,PB_6,GACTACATCTCTTATG-1-1,PB,0.11519458131363215
MS,PB_6,GACTGCGAGACAAAGG-1,PB,0.5808223187248763
MS,PB_6,GACTGCGAGAGGGCTT-1,PB,0.043077730153357925
MS,PB_6,GAGGTGAGTCCGACGT-1,PB,-0.07001801433854374
MS,PB_6,GAGGTGATCCATGAGT-1-1,PB,0.5385905582570772
MS,PB_6,GATCAGTAGTACGACG-1,PB,0.07806092736463106
MS,PB_6,GATCAGTTCGAGCCCA-1,PB,-0.07001801433854374
MS,PB_6,GATCGCGAGAGGTAGA-1,PB,-0.1770514471997167
MS,PB_6,GATCTAGAGCTGAAAT-1,PB,-0.17284226272151387
MS,PB_6,GATCTAGAGTCCGTAT-1,PB,0.14748549667318395
MS,PB_6,GATCTAGGTCAAACTC-1,PB,-0.2667574758548562
MS,PB_6,GATGAAATCCCAAGTA-1,PB,-0.07001801433854374
MS,PB_6,GATGAGGCAGTTTACG-1,PB,0.18923288078352374
MS,PB_6,GATTCAGCAAGGACTG-1,PB,0.3695695000980014
MS,PB_6,GATTCAGGTTTGACAC-1,PB,0.23215854418322412
MS,PB_6,GCAATCACAGTATGCT-1,PB,-0.17468466017492185
MS,PB_6,GCACATAAGCGTAATA-1,PB,0.18313817862095477
MS,PB_6,GCACTCTGTATCAGTC-1,PB,0.334599299556091
MS,PB_6,GCAGCCAAGGCTATCT-1,PB,0.04701502965274825
MS,PB_6,GCAGCCACATGTTGAC-1,PB,0.13640970403727887
MS,PB_6,GCAGTTAGTAGCGTAG-1,PB,-0.07001801433854374
MS,PB_6,GCATACAAGATGTAAC-1,PB,0.1321012469844261
MS,PB_6,GCATACAAGGACAGAA-1,PB,-0.174647826998029
MS,PB_6,GCATACACAGGGATTG-1,PB,-0.041321344358675585
MS,PB_6,GCATACAGTCTTCGTC-1,PB,-0.16897277096226468
MS,PB_6,GCATACATCCAAACAC-1,PB,-0.10364167235340269
MS,PB_6,GCATGATGTAGGGACT-1,PB,-0.0957054668758791
MS,PB_6,GCATGCGGTCTTGATG-1,PB,0.3874346049303177
MS,PB_6,GCATGTACAGAAGCAC-1,PB,-0.2793331086188392
MS,PB_6,GCATGTACATGCCCGA-1,PB,0.14846157373618296
MS,PB_6,GCATGTATCACTATTC-1,PB,0.11910411482497353
MS,PB_6,GCATGTATCAGTTCGA-1,PB,0.0654470214278168
MS,PB_6,GCCAAATTCTCCGGTT-1,PB,0.2591540789626095
MS,PB_6,GCCTCTACATCTATGG-1,PB,0.047604815482464195
MS,PB_6,GCGACCAGTGAAATCA-1,PB,0.13365458594317192
MS,PB_6,GCGACCAGTGTTAAGA-1,PB,0.40800137512591833
MS,PB_6,GCGACCATCCCTAACC-1,PB,-0.07001801433854374
MS,PB_6,GCGAGAATCGTACGGC-1,PB,0.30989306623564417
MS,PB_6,GCGAGAATCTTCCTTC-1,PB,-0.2811563650648407
MS,PB_6,GCGCAACGTAGCTGCC-1-1,PB,0.23514531012332757
MS,PB_6,GCGCAACGTCACCCAG-1,PB,-0.0284295453154975
MS,PB_6,GCGCAGTAGTAGCGGT-1,PB,0.17482989722198042
MS,PB_6,GCGCAGTAGTCCCACG-1,PB,0.4050946536338074
MS,PB_6,GCGCAGTTCATTCACT-1-1,PB,-0.04597929821263678
MS,PB_6,GCGGGTTAGTGTTAGA-1,PB,0.11285416701329773
MS,PB_6,GCGGGTTTCAACCATG-1,PB,0.12964127247549878
MS,PB_6,GCTCCTAAGATGGGTC-1,PB,0.06510509272763133
MS,PB_6,GCTCCTACATTTCACT-1,PB,0.4462432047674571
MS,PB_6,GCTCTGTCAAGTAGTA-1,PB,0.09497183846154347
MS,PB_6,GCTCTGTGTACTTGAC-1,PB,0.5142104237512685
MS,PB_6,GCTCTGTTCAATCACG-1,PB,0.6186863729952988
MS,PB_6,GCTGCAGAGCAGCGTA-1,PB,0.4192737803394729
MS,PB_6,GCTGCAGCAATGGACG-1,PB,0.39131168293281904
MS,PB_6,GCTGCAGGTAGGACAC-1,PB,-0.517742507197745
MS,PB_6,GCTGCAGGTCTCCATC-1,PB,0.06924770107085984
MS,PB_6,GCTGCTTAGCAGGCTA-1,PB,0.19075283349295138
MS,PB_6,GCTGCTTGTCATCCCT-1,PB,-0.33821274685322306
MS,PB_6,GCTGCTTTCAGAAATG-1,PB,0.06216452986430917
MS,PB_6,GCTTCCATCATTTGGG-1,PB,-0.12077884842708568
MS,PB_6,GCTTGAACAGAGCCAA-1,PB,0.446319106550562
MS,PB_6,GCTTGAACATATGAGA-1,PB,0.14532978286652382
MS,PB_6,GCTTGAATCGACAGCC-1,PB,-0.1787835573108363
MS,PB_6,GCTTGAATCTCTTGAT-1,PB,-0.07001801433854374
MS,PB_6,GGAAAGCAGGAGCGTT-1,PB,0.01344074234361822
MS,PB_6,GGAAAGCTCAACCATG-1,PB,-0.15976240692572533
MS,PB_6,GGAACTTAGCCACGTC-1,PB,-0.4458494708392027
MS,PB_6,GGAACTTTCGTTACAG-1,PB,-0.6033597611150683
MS,PB_6,GGAATAAGTATAGGGC-1,PB,-0.07001801433854374
MS,PB_6,GGACAAGGTACGACCC-1-1,PB,0.5619524768660166
MS,PB_6,GGACAGAGTTCCGTCT-1-1,PB,0.4081650715384172
MS,PB_6,GGACGTCTCGGAATCT-1,PB,-0.022149275523977656
MS,PB_6,GGAGCAAAGCAGACTG-1,PB,-0.07001801433854374
MS,PB_6,GGAGCAAGTACAAGTA-1,PB,-0.14996024805824174
MS,PB_6,GGAGCAAGTAGAAGGA-1,PB,-0.07001801433854374
MS,PB_6,GGATTACGTGTGCGTC-1,PB,0.10805163924783437
MS,PB_6,GGCAATTAGATCTGCT-1,PB,0.15633000409860567
MS,PB_6,GGCCGATAGAAAGTGG-1,PB,0.1524925929134373
MS,PB_6,GGCCGATTCGTTTGCC-1,PB,0.4764648913604584
MS,PB_6,GGCGACTCAGTTCCCT-1,PB,-0.15215623362106062
MS,PB_6,GGGAATGAGTATCTCG-1,PB,0.13513583444120864
MS,PB_6,GGGAATGCAAGGACAC-1,PB,0.1467445695165138
MS,PB_6,GGGAATGTCCACGTGG-1,PB,-0.07001801433854374
MS,PB_6,GGGACCTGTTGGTTTG-1-1,PB,-0.06059238798650325
MS,PB_6,GGGATGAAGAATAGGG-1,PB,0.3970412692949449
MS,PB_6,GGGATGAGTGTCTGAT-1,PB,0.06213725949482058
MS,PB_6,GGGCACTCACATCCGG-1,PB,0.16774618729367727
MS,PB_6,GGGCATCGTTATCGGT-1,PB,0.10150788073523738
MS,PB_6,GGGTTGCTCAACGGGA-1,PB,-0.281656204894701
MS,PB_6,GGTATTGAGAGATGAG-1,PB,0.13829192772128826
MS,PB_6,GGTATTGGTAAGTGTA-1,PB,0.08130709557368866
MS,PB_6,GGTGCGTAGGGCACTA-1,PB,0.1383527752708981
MS,PB_6,GGTGCGTTCACCAGGC-1,PB,0.1363059897030491
MS,PB_6,GGTGTTAAGCTAGCCC-1,PB,0.0018356273262023254
MS,PB_6,GGTGTTAAGCTCAACT-1,PB,0.13687989055075017
MS,PB_6,GGTGTTACAGATCTGT-1,PB,0.2956844947946338
MS,PB_6,GTAACTGCAGTCAGCC-1,PB,0.1909919917130332
MS,PB_6,GTACGTAAGTCCGGTC-1,PB,0.5449892532899355
MS,PB_6,GTACGTACACATCCGG-1,PB,-0.22873336111094858
MS,PB_6,GTACGTAGTATCGCAT-1,PB,-0.07001801433854374
MS,PB_6,GTACGTAGTGCTGTAT-1,PB,-0.07699901474778559
MS,PB_6,GTACTCCTCGTGGGAA-1,PB,0.1950070831672502
MS,PB_6,GTACTTTAGGCAGGTT-1,PB,-0.5241745524993887
MS,PB_6,GTACTTTTCGAACGGA-1,PB,0.13898778801694153
MS,PB_6,GTACTTTTCTATCGCC-1,PB,-0.011055055657435546
MS,PB_6,GTACTTTTCTTGTACT-1,PB,0.32252024422102593
MS,PB_6,GTAGTCAGTCTAACGT-1,PB,0.007702840180174612
MS,PB_6,GTAGTCAGTTGTGGAG-1,PB,0.4981178738919348
MS,PB_6,GTATCTTTCCCTAACC-1,PB,0.08035976388999833
MS,PB_6,GTATTCTCACGCTTTC-1,PB,-0.24491956319101624
MS,PB_6,GTATTCTGTCGGGTCT-1,PB,0.22745274299186027
MS,PB_6,GTCACAAAGTGAAGAG-1,PB,-0.07001801433854374
MS,PB_6,GTCACAACAAGAGTCG-1,PB,1.0530026400987145
MS,PB_6,GTCACGGGTAAAGGAG-1,PB,0.36543832487503447
MS,PB_6,GTCACGGTCGAATGGG-1,PB,0.016660632619728187
MS,PB_6,GTCATTTAGTCAATAG-1,PB,0.05295219841192621
MS,PB_6,GTCATTTTCAGCGACC-1,PB,0.2832192843345739
MS,PB_6,GTCCTCAAGAATCTCC-1-1,PB,-0.07001801433854374
MS,PB_6,GTCCTCACAATGAAAC-1,PB,-0.07001801433854374
MS,PB_6,GTCCTCAGTGCTTCTC-1,PB,0.235639433337049
MS,PB_6,GTCGTAAGTCTACCTC-1,PB,-0.15989896220449526
MS,PB_6,GTCGTAATCAGGCCCA-1,PB,-0.07001801433854374
MS,PB_6,GTCGTAATCAGGTTCA-1,PB,0.17464918110087588
MS,PB_6,GTCTCGTCATTCTCAT-1,PB,-0.07001801433854374
MS,PB_6,GTCTTCGGTACAGTTC-1,PB,0.6717872923502919
MS,PB_6,GTGAAGGGTAGCTCCG-1-1,PB,-0.2715936251414374
MS,PB_6,GTGCAGCCAGCCAATT-1,PB,0.7824969313180986
MS,PB_6,GTGCATACACGTAAGG-1,PB,0.09542539462098565
MS,PB_6,GTGCATAGTGCAACTT-1,PB,-0.07001801433854374
MS,PB_6,GTGCGGTGTAGTACCT-1,PB,-0.2620295871513162
MS,PB_6,GTGGGTCAGGGTATCG-1,PB,0.19009140213642167
MS,PB_6,GTGGGTCGTAGCTGCC-1,PB,0.3226586675674901
MS,PB_6,GTGGGTCGTGCAACTT-1,PB,0.14369940286695781
MS,PB_6,GTGGGTCGTTCTGAAC-1,PB,0.16150293554234432
MS,PB_6,GTGGGTCTCCATGAAC-1,PB,-0.15851275120876654
MS,PB_6,GTGGGTCTCTCTGAGA-1,PB,0.5471473561799628
MS,PB_6,GTGTGCGTCTGCGTAA-1,PB,0.3281367788937017
MS,PB_6,GTGTTAGAGGAGTTTA-1,PB,0.009419120945874326
MS,PB_6,GTGTTAGTCATACGGT-1,PB,-0.07001801433854374
MS,PB_6,GTTAAGCCAGCCACCA-1,PB,0.15022747651200374
MS,PB_6,GTTCATTCAACGCACC-1,PB,0.5863075396956537
MS,PB_6,GTTCGGGCAAGTCATC-1,PB,0.07237626012360152
MS,PB_6,GTTCTCGAGTGTTGAA-1,PB,-0.057596759033985714
MS,PB_6,TAAACCGAGACTGTAA-1-1,PB,-0.07001801433854374
MS,PB_6,TAAACCGGTTTGTTGG-1,PB,0.0925013550891748
MS,PB_6,TAAGAGAGTAAGGGAA-1,PB,0.517552665421135
MS,PB_6,TAAGTGCCAATGAATG-1,PB,0.4468701877303986
MS,PB_6,TAAGTGCTCATGCATG-1,PB,0.14728995950169652
MS,PB_6,TACACGACACCTCGTT-1,PB,-0.07001801433854374
MS,PB_6,TACAGTGGTATCGCAT-1,PB,-0.07001801433854374
MS,PB_6,TACCTATCAAAGGCGT-1,PB,0.029542319263206624
MS,PB_6,TACCTATGTATTAGCC-1,PB,-0.29386763132852556
MS,PB_6,TACCTATTCTCGAGTA-1,PB,0.4105848410565621
MS,PB_6,TACCTTAGTACGCTGC-1,PB,-0.3036079467757092
MS,PB_6,TACTCATAGTTTCCTT-1,PB,0.35555863562495704
MS,PB_6,TACTCGCTCACAGGCC-1,PB,0.27084581896877113
MS,PB_6,TACTCGCTCTTCAACT-1,PB,0.7320369528300584
MS,PB_6,TACTTACGTAAGAGAG-1,PB,0.47394840226557416
MS,PB_6,TACTTGTCAAGCCTAT-1,PB,0.19582920598914058
MS,PB_6,TACTTGTGTGGTCCGT-1,PB,0.3158405930655377
MS,PB_6,TAGACCACAAAGGAAG-1,PB,0.4190807522472388
MS,PB_6,TAGACCATCGTAGATC-1,PB,-0.17814975012830978
MS,PB_6,TAGAGCTAGAGAACAG-1,PB,-0.4165938818679288
MS,PB_6,TAGAGCTGTAAAGGAG-1,PB,0.3998935310408566
MS,PB_6,TAGAGCTGTTGATTGC-1,PB,0.06634683181777197
MS,PB_6,TAGAGCTTCACGATGT-1,PB,0.08439834246829937
MS,PB_6,TATCTCAGTAAGTGTA-1-1,PB,0.38702309887491815
MS,PB_6,TATGCCCGTAGCGTCC-1,PB,0.6922865881577084
MS,PB_6,TATTACCGTCATACTG-1,PB,-0.14221615668136559
MS,PB_6,TCAACGAAGCTGCAAG-1,PB,0.16089058497593914
MS,PB_6,TCAACGAGTAAATGTG-1,PB,0.049137578156834526
MS,PB_6,TCAACGATCATCTGCC-1,PB,0.3140214247795931
MS,PB_6,TCAATCTGTATGAAAC-1,PB,0.166586707115687
MS,PB_6,TCACAAGTCGTTTATC-1,PB,0.35038819597868304
MS,PB_6,TCACGAACATACTACG-1,PB,-0.07001801433854374
MS,PB_6,TCACGAATCTAGCACA-1,PB,-0.07001801433854374
MS,PB_6,TCAGATGAGCGATATA-1,PB,0.1762500907102498
MS,PB_6,TCAGCAAAGCTCCTTC-1,PB,0.18038453491340636
MS,PB_6,TCAGCAAAGTGGACGT-1,PB,-0.3095371007153623
MS,PB_6,TCAGCAAGTCTACCTC-1,PB,-0.07001801433854374
MS,PB_6,TCAGCAATCAACACAC-1,PB,-0.07001801433854374
MS,PB_6,TCAGCAATCATGTCTT-1,PB,0.07026595461713954
MS,PB_6,TCAGCTCAGCTAAACA-1,PB,0.22511565607639064
MS,PB_6,TCAGCTCTCAGTCAGT-1,PB,0.63192971023413
MS,PB_6,TCAGGATAGTGAACAT-1,PB,0.2030264025143805
MS,PB_6,TCAGGTACATCCTTGC-1,PB,0.04128888028177102
MS,PB_6,TCAGGTAGTTGAACTC-1,PB,-0.004048449397771563
MS,PB_6,TCATTACCAGATCGGA-1,PB,0.334230954068437
MS,PB_6,TCATTTGGTCGTCTTC-1,PB,0.08705714271115414
MS,PB_6,TCATTTGGTTTGCATG-1,PB,0.1889099398348472
MS,PB_6,TCCACACAGGATCGCA-1,PB,0.7310970488915499
MS,PB_6,TCCCGATCATTGCGGC-1,PB,0.05936369035143851
MS,PB_6,TCGAGGCCATCTGGTA-1,PB,-0.21866762561829464
MS,PB_6,TCGCGTTTCGGAAACG-1,PB,-0.29384755497649173
MS,PB_6,TCGGGACAGCCAGGAT-1,PB,0.15199955999606493
MS,PB_6,TCGGGACGTGCACTTA-1,PB,0.43106454130054345
MS,PB_6,TCGGGACTCCCGGATG-1-1,PB,0.03678155861709331
MS,PB_6,TCGGTAAAGTGTCCAT-1,PB,0.17428356810905643
MS,PB_6,TCGGTAACAATCAGAA-1,PB,0.307879488223527
MS,PB_6,TCGGTAACATGCAACT-1,PB,0.16605014981534155
MS,PB_6,TCGTACCCATGTTGAC-1,PB,0.018482033131668747
MS,PB_6,TCGTACCGTGGTTTCA-1,PB,0.10187207678525605
MS,PB_6,TCGTAGACAGTATCTG-1,PB,0.12988482249002595
MS,PB_6,TCGTAGACAGTGAGTG-1,PB,0.0017611606217613168
MS,PB_6,TCGTAGAGTAGAAGGA-1,PB,0.10192552844005778
MS,PB_6,TCGTAGAGTCATTAGC-1,PB,-0.35349735847221375
MS,PB_6,TCGTAGAGTGTGCGTC-1,PB,-0.0320008997572766
MS,PB_6,TCTCATAAGCTAGTGG-1,PB,-0.07001801433854374
MS,PB_6,TCTCTAACAAGTCATC-1,PB,0.2708858123152145
MS,PB_6,TCTCTAATCCATGAAC-1,PB,-0.20345092874006307
MS,PB_6,TCTGAGAAGACGCAAC-1,PB,0.4228964797807281
MS,PB_6,TCTTCGGGTCTCCACT-1,PB,0.02146533514906268
MS,PB_6,TCTTTCCGTCCGACGT-1,PB,-0.05246452022457386
MS,PB_6,TCTTTCCTCTACCAGA-1,PB,0.2276956475061561
MS,PB_6,TGAAAGAAGACCCACC-1,PB,0.6106923287903109
MS,PB_6,TGAAAGACAAAGGAAG-1,PB,0.8608752670162186
MS,PB_6,TGAAAGAGTCTTCAAG-1,PB,-0.40159684180793276
MS,PB_6,TGACAACAGTACATGA-1,PB,0.375916659055418
MS,PB_6,TGACAACCATGGTCTA-1,PB,0.2177312664146853
MS,PB_6,TGACTAGAGACAGGCT-1,PB,-0.2098581554809825
MS,PB_6,TGACTAGTCCGTAGTA-1,PB,0.2880694298075121
MS,PB_6,TGAGAGGAGAGATGAG-1,PB,0.31402635454848554
MS,PB_6,TGAGAGGCACGCGAAA-1-1,PB,-0.1739658354825733
MS,PB_6,TGAGCATAGAGTCTGG-1,PB,0.14193852219915765
MS,PB_6,TGAGCCGAGCAATCTC-1,PB,0.3115206865462697
MS,PB_6,TGAGGGAGTAGAGCTG-1,PB,0.09381493145027646
MS,PB_6,TGAGGGAGTCCCGACA-1,PB,0.49267805906632095
MS,PB_6,TGATTTCGTACGCTGC-1,PB,0.08239972315324508
MS,PB_6,TGCACCTCAACGATCT-1,PB,0.2937171829792257
MS,PB_6,TGCACCTTCAGGATCT-1,PB,0.013810900455906846
MS,PB_6,TGCCAAAGTGCGGTAA-1,PB,0.16512149123687972
MS,PB_6,TGCCAAATCAAGGTAA-1,PB,0.32379137408612635
MS,PB_6,TGCCCATCATGGATGG-1-1,PB,-0.42668194132037435
MS,PB_6,TGCCCTACAGACAAAT-1,PB,0.20806942915081464
MS,PB_6,TGCCCTACATTCTCAT-1,PB,0.1233534191664003
MS,PB_6,TGCGCAGAGATGCCAG-1,PB,0.27614422044535497
MS,PB_6,TGCGTGGGTCTTGCGG-1,PB,-0.11735676022837908
MS,PB_6,TGCTACCAGAGGTTAT-1-1,PB,0.40869999471565743
MS,PB_6,TGCTACCCAAAGGCGT-1-2,PB,0.4437008777067164
MS,PB_6,TGCTACCTCATGTGGT-1,PB,0.08980420641321199
MS,PB_6,TGCTGCTAGTAATCCC-1,PB,0.1380202686497258
MS,PB_6,TGCTGCTGTGTCAATC-1,PB,0.10001597854182531
MS,PB_6,TGGCGCAAGCAAATCA-1,PB,0.27146967149241064
MS,PB_6,TGGCGCAAGCTGATAA-1,PB,-0.16411414138154307
MS,PB_6,TGGCTGGCATAGGATA-1,PB,0.16378621135569885
MS,PB_6,TGGGAAGAGTGGTCCC-1,PB,0.35054091447529484
MS,PB_6,TGGTTAGGTTTGGGCC-1,PB,0.3812857189904828
MS,PB_6,TGGTTCCAGTTAACGA-1,PB,-0.07001801433854374
MS,PB_6,TGGTTCCTCCAGTAGT-1,PB,-0.19359303681419573
MS,PB_6,TGGTTCCTCCCAGGTG-1,PB,0.4514908678013029
MS,PB_6,TGTATTCAGTAGGTGC-1,PB,-0.19633138583166948
MS,PB_6,TGTGTTTGTTACGGAG-1,PB,-0.3203612271603718
MS,PB_6,TGTTCCGTCTTGGGTA-1,PB,0.1411621092838698
MS,PB_6,TTAACTCAGAGACGAA-1-1,PB,0.15305352038897932
MS,PB_6,TTAACTCGTGCGAAAC-1,PB,-0.03686835930398541
MS,PB_6,TTAGGACAGCTAGCCC-1,PB,-0.07001801433854374
MS,PB_6,TTAGGACCAGTCAGAG-1,PB,0.40760862299185646
MS,PB_6,TTAGGCAAGCGCTTAT-1,PB,-0.0032515622961232066
MS,PB_6,TTAGGCAAGTCTCAAC-1,PB,-0.22375245785264938
MS,PB_6,TTAGTTCCAATGGAAT-1,PB,0.38342671731392
MS,PB_6,TTATGCTCAGTCAGCC-1,PB,0.11421632270338908
MS,PB_6,TTATGCTTCTTAGAGC-1,PB,0.832384433664307
MS,PB_6,TTCGAAGAGAAGCCCA-1,PB,0.3695376353317649
MS,PB_6,TTCGAAGGTAGCTTGT-1,PB,0.27554712424056144
MS,PB_6,TTCGGTCAGAACAACT-1,PB,0.02689812556520402
MS,PB_6,TTCGGTCCAGCTTAAC-1,PB,-0.1613117624752789
MS,PB_6,TTCTACAAGGCTATCT-1,PB,-0.07001801433854374
MS,PB_6,TTCTACACAATGGATA-1,PB,-0.11061369519611637
MS,PB_6,TTCTCAACACAGTCGC-1-1,PB,-0.07001801433854374
MS,PB_6,TTCTCCTAGACTTTCG-1,PB,-0.14022633667217518
MS,PB_6,TTCTCCTGTCTGCGGT-1,PB,0.3312810847698607
MS,PB_6,TTCTCCTTCCATGAGT-1,PB,-0.3171319873502457
MS,PB_6,TTCTTAGCAGTGGGAT-1,PB,0.1060723791949145
MS,PB_6,TTGAACGAGCCAGAAC-1,PB,-0.2943634651070996
MS,PB_6,TTGAACGAGGCATGTG-1,PB,-0.021200825654731033
MS,PB_6,TTGCCGTCATAACCTG-1,PB,0.030320008574739227
MS,PB_6,TTGGCAACATGCAATC-1,PB,0.1733971240887072
MS,PB_6,TTGGCAAGTCTCAACA-1,PB,-0.07001801433854374
MS,PB_6,TTGTAGGAGCGATGAC-1,PB,-0.7106421768850053
MS,PB_6,TTTACTGGTGCCTGCA-1,PB,0.28229222190244774
MS,PB_6,TTTATGCCATGCTGGC-1,PB,0.32070879193708063
MS,PB_6,TTTATGCGTACGCACC-1,PB,0.13588351693778913
MS,PB_6,TTTATGCTCGGTGTTA-1,PB,0.15017196439105945
MS,PB_6,TTTCCTCGTATAATGG-1,PB,0.28698267971684804
MS,PB_6,TTTCCTCGTCACCCAG-1,PB,0.22810979388178265
MS,PB_6,TTTGCGCAGTTGAGTA-1,PB,-0.7864559259731347
MS,PB_6,TTTGCGCGTACGCTGC-1,PB,-0.16106209471147373
MS,PB_6,TTTGGTTTCTCTAGGA-1,PB,0.1195401383575724
MS,PB_6,TTTGTCAGTCGAAAGC-1,PB,-0.20960494293956447
MS,PB_6,TTTGTCATCCGAGCCA-1,PB,-0.07001801433854374
MS,PB_7,AAACCTGAGAAACCAT-1,PB,-0.4015098967544953
MS,PB_7,AAACCTGAGCTAGCCC-1,PB,-0.15861693813156638
MS,PB_7,AAACCTGCATGACGGA-1,PB,0.10082258042753303
MS,PB_7,AAACGGGTCCTTGACC-1,PB,-0.1865870548676844
MS,PB_7,AAACGGGTCTCTTATG-1-1,PB,0.19105764451532267
MS,PB_7,AAAGCAACACACCGAC-1,PB,0.22198890254637624
MS,PB_7,AAAGTAGTCCGTACAA-1,PB,0.02339986966290823
MS,PB_7,AACTCCCCACCAGGTC-1-1,PB,0.4193255235935937
MS,PB_7,AACTCTTCAATGGACG-1,PB,0.012432772238398103
MS,PB_7,AACTGGTCAATGGATA-1,PB,-0.08088522267545259
MS,PB_7,AACTTTCGTCTCTTAT-1,PB,-0.2477697005603566
MS,PB_7,AACTTTCTCAGAAATG-1,PB,-0.02842936266007481
MS,PB_7,AACTTTCTCATTTGGG-1,PB,0.03147774641107219
MS,PB_7,AAGGCAGGTCTCACCT-1,PB,0.31279134935204483
MS,PB_7,ACACCAAAGGCGACAT-1,PB,-0.3891568758138219
MS,PB_7,ACACCAATCAGAGCTT-1,PB,-0.5659196744781765
MS,PB_7,ACACCCTCAAGTCATC-1,PB,0.01622239474115995
MS,PB_7,ACACCCTCACACGCTG-1,PB,0.3595446222949637
MS,PB_7,ACACCCTCACAGTCGC-1,PB,-0.07001801433854374
MS,PB_7,ACACCCTGTTTAAGCC-1,PB,-0.07001801433854374
MS,PB_7,ACACCGGCAGGGATTG-1,PB,0.2818001049776783
MS,PB_7,ACACCGGGTTCGCTAA-1,PB,0.06469762969531859
MS,PB_7,ACAGCCGAGTTAACGA-1,PB,0.5768246531930596
MS,PB_7,ACAGCCGCAGCATGAG-1,PB,-0.2830309234596399
MS,PB_7,ACAGCCGGTCCAACTA-1,PB,-0.43720498963594767
MS,PB_7,ACAGCTAGTTCCACGG-1,PB,0.05259786190543309
MS,PB_7,ACATACGTCTATCCCG-1,PB,0.11686223795485119
MS,PB_7,ACATCAGGTTAAGATG-1,PB,0.3314907399773758
MS,PB_7,ACATCAGTCTGCGACG-1,PB,-0.22388549800666305
MS,PB_7,ACGAGCCCAGCTGTAT-1,PB,0.18310298003357786
MS,PB_7,ACGATACCACATGTGT-1,PB,0.9252534184106203
MS,PB_7,ACGATACGTAGAAGGA-1,PB,0.3942797933154741
MS,PB_7,ACGATGTAGAATGTGT-1,PB,-0.21121132741838314
MS,PB_7,ACGATGTGTGCTAGCC-1,PB,0.03436296252888662
MS,PB_7,ACGCCAGGTGCGGTAA-1,PB,0.346888645754448
MS,PB_7,ACGCCAGTCATCGGAT-1,PB,0.3006521536618131
MS,PB_7,ACGCCGAGTCGCGTGT-1,PB,0.1673900281085665
MS,PB_7,ACGGCCACAAGCCCAC-1,PB,-0.17747283502426942
MS,PB_7,ACGGCCATCTCTAAGG-1,PB,0.3621446641338547
MS,PB_7,ACGGGCTCAGTTCCCT-1,PB,0.07041438424986195
MS,PB_7,ACGGGTCGTTATCGGT-1,PB,0.28889128528514335
MS,PB_7,ACGGGTCTCGGAGCAA-1,PB,-0.23651391851951745
MS,PB_7,ACTATCTGTCGACTGC-1,PB,-0.07001801433854374
MS,PB_7,ACTGTCCGTTACCAGT-1,PB,-0.202421236573585
MS,PB_7,ACTGTCCTCCCTTGCA-1,PB,-0.19377403069525864
MS,PB_7,ACTTACTCATGGGACA-1,PB,0.06933213562359986
MS,PB_7,ACTTACTGTATTCGTG-1,PB,0.19950979269116473
MS,PB_7,ACTTACTTCCCAGGTG-1,PB,-0.23850405335551042
MS,PB_7,ACTTGTTAGCAGGCTA-1,PB,-0.11835560058415151
MS,PB_7,ACTTGTTTCGCGATCG-1,PB,0.16052216216449852
MS,PB_7,ACTTTCAGTGGTCTCG-1-1,PB,-0.036207419237423585
MS,PB_7,ACTTTCATCACGAAGG-1,PB,0.2885714766765333
MS,PB_7,ACTTTCATCATAAAGG-1,PB,0.2594207052506777
MS,PB_7,AGACGTTGTTTGACTG-1,PB,-0.010199634197929837
MS,PB_7,AGAGCTTAGACTGTAA-1-1,PB,-0.07001801433854374
MS,PB_7,AGAGCTTGTTGGACCC-1,PB,0.21035297609972825
MS,PB_7,AGCAGCCTCACAAACC-1,PB,-0.5331205693912707
MS,PB_7,AGCATACTCTATCCCG-1,PB,0.47818592071677407
MS,PB_7,AGCCTAACAGGAATGC-1-1,PB,-0.20951325705235338
MS,PB_7,AGCCTAATCATGTAGC-1,PB,0.2703180573709728
MS,PB_7,AGCGGTCTCACTCTTA-1,PB,-0.15605663603757527
MS,PB_7,AGCTCTCGTTCGTTGA-1,PB,0.09439757616230238
MS,PB_7,AGGCCACAGCACACAG-1,PB,-0.1541882795559541
MS,PB_7,AGGCCACAGGACATTA-1,PB,0.09412282835445304
MS,PB_7,AGGGTGAGTCACACGC-1,PB,0.21628314936556253
MS,PB_7,AGTCTTTGTCTACCTC-1,PB,0.6548251062645364
MS,PB_7,AGTGAGGAGGAGTCTG-1,PB,-0.8401361449488476
MS,PB_7,AGTGGGATCCTTGACC-1,PB,-0.20479942023913836
MS,PB_7,ATAGACCGTTACGCGC-1,PB,0.18123462500156653
MS,PB_7,ATCATGGCACATTAGC-1,PB,0.26385224353838593
MS,PB_7,ATCCGAACAAGAAAGG-1,PB,0.17222855301529383
MS,PB_7,ATCCGAAGTAAGGGAA-1,PB,-0.07001801433854374
MS,PB_7,ATCCGAAGTTGTGGCC-1,PB,0.1650931925990336
MS,PB_7,ATCTGCCAGGAATCGC-1,PB,0.0964396447786348
MS,PB_7,ATGGGAGTCATGCTCC-1,PB,-0.07001801433854374
MS,PB_7,ATGGGAGTCTGCCAGG-1,PB,0.13662079645582273
MS,PB_7,ATTATCCAGGTGTTAA-1,PB,-0.3769855079485281
MS,PB_7,ATTCTACTCATCATTC-1,PB,0.06368164596245048
MS,PB_7,ATTGGACGTCTCGTTC-1,PB,-0.16284462752402745
MS,PB_7,ATTGGACTCAGCCTAA-1,PB,0.623839325399788
MS,PB_7,ATTGGACTCTCTAGGA-1,PB,0.8047969153012858
MS,PB_7,ATTGGTGCATGGTAGG-1,PB,0.5749901004656095
MS,PB_7,ATTGGTGTCATATCGG-1,PB,0.21650956430575194
MS,PB_7,CAACCAAGTTCCACAA-1,PB,-0.07001801433854374
MS,PB_7,CAACTAGTCCTTTCTC-1,PB,0.18243761902030045
MS,PB_7,CAAGAAAGTCTAGGTT-1,PB,0.17040446336314913
MS,PB_7,CAAGGCCCACGGCGTT-1,PB,0.0694232525108518
MS,PB_7,CACATTTGTACATGTC-1,PB,0.28846616592322544
MS,PB_7,CACATTTTCCCATTAT-1,PB,-0.07001801433854374
MS,PB_7,CACCACTCATGTCCTC-1,PB,0.5046513250419349
MS,PB_7,CACCAGGAGTGGTAGC-1,PB,-0.15658575622491006
MS,PB_7,CACCAGGGTGTCAATC-1-1,PB,0.619088342748274
MS,PB_7,CAGAATCGTCTCCACT-1,PB,0.3410973043348324
MS,PB_7,CAGATCAAGCAACGGT-1,PB,-0.17507711561880276
MS,PB_7,CAGATCACACCCAGTG-1,PB,-0.1623814052816861
MS,PB_7,CAGATCACAGGAACGT-1,PB,0.7373209901725651
MS,PB_7,CAGCAGCTCATCGCTC-1,PB,-0.32380805096109366
MS,PB_7,CAGCCGAGTAAGGATT-1,PB,0.1895734907733435
MS,PB_7,CAGCGACAGAATTCCC-1,PB,-0.07001801433854374
MS,PB_7,CAGCTGGGTGGTGTAG-1,PB,0.2554769606338835
MS,PB_7,CAGTAACCAGGGTACA-1,PB,-0.07001801433854374
MS,PB_7,CATCGAACACGGTAAG-1-1,PB,0.2262375646190879
MS,PB_7,CATGCCTCATCGGGTC-1,PB,-0.031674073617407
MS,PB_7,CATTATCTCGACGGAA-1,PB,-0.1812474157511955
MS,PB_7,CCAATCCGTTGAGGTG-1,PB,-0.7239971062661109
MS,PB_7,CCAATCCTCCGTACAA-1,PB,-0.29822248997268014
MS,PB_7,CCACCTAAGCGCTCCA-1,PB,-0.17403762987343993
MS,PB_7,CCACCTAGTGCTGTAT-1,PB,-0.003668455120555081
MS,PB_7,CCACGGACACATGGGA-1,PB,-0.6793294683624053
MS,PB_7,CCAGCGAAGGATGGTC-1,PB,0.19047353434183892
MS,PB_7,CCAGCGACATGTAAGA-1,PB,-0.2456438452959254
MS,PB_7,CCCATACCATGGATGG-1,PB,-0.07001801433854374
MS,PB_7,CCGGTAGGTTACGTCA-1,PB,0.12212906718418395
MS,PB_7,CCGTACTAGCGTTCCG-1,PB,0.19041509530705633
MS,PB_7,CCGTACTCAACGATGG-1,PB,0.174874863584489
MS,PB_7,CCTACACCAATAAGCA-1,PB,0.06212023363731205
MS,PB_7,CCTACCAAGAATAGGG-1,PB,0.353335445659685
MS,PB_7,CCTACCAAGCGTTCCG-1,PB,-0.13265693200643686
MS,PB_7,CCTACCAGTACAAGTA-1,PB,-0.611236570719604
MS,PB_7,CCTAGCTAGGCATGTG-1,PB,-0.07001801433854374
MS,PB_7,CCTATTATCAATCTCT-1,PB,0.5968952695638333
MS,PB_7,CCTCAGTGTGCCTGCA-1,PB,0.29544153618646796
MS,PB_7,CCTTACGGTCGGATCC-1,PB,-0.3994518191207092
MS,PB_7,CCTTACGGTGAGTGAC-1,PB,0.20106027898109763
MS,PB_7,CCTTCCCTCTGGTGTA-1,PB,0.07253461790410534
MS,PB_7,CCTTCGATCAGAGGTG-1,PB,0.0058577427384359625
MS,PB_7,CCTTCGATCGTCACGG-1,PB,-0.07001801433854374
MS,PB_7,CGAATGTCATGCCTTC-1,PB,0.12606375905243508
MS,PB_7,CGACCTTAGCTGCAAG-1,PB,-0.42233601881052174
MS,PB_7,CGACCTTGTACTCTCC-1,PB,0.12122950868963359
MS,PB_7,CGACCTTTCCGGGTGT-1,PB,0.07276360541906042
MS,PB_7,CGAGAAGGTAGCCTAT-1,PB,-0.07001801433854374
MS,PB_7,CGATGTAGTTCGCGAC-1-1,PB,0.7884835483527226
MS,PB_7,CGATTGAGTGGTACAG-1-1,PB,-0.04280157607774231
MS,PB_7,CGATTGAGTGTTGAGG-1,PB,0.7201988981676639
MS,PB_7,CGATTGATCGACGGAA-1,PB,-0.07001801433854374
MS,PB_7,CGATTGATCGAGAGCA-1,PB,0.10684918649173067
MS,PB_7,CGCCAAGAGACGCACA-1,PB,-0.4699062988768271
MS,PB_7,CGCCAAGAGAGTACCG-1,PB,-0.07611422720397083
MS,PB_7,CGCGGTACATTAGCCA-1,PB,0.3432358785763836
MS,PB_7,CGCGGTATCGAATGGG-1,PB,-0.07001801433854374
MS,PB_7,CGCGTTTGTTGATTGC-1,PB,-0.4430287514740698
MS,PB_7,CGCGTTTTCCGAACGC-1,PB,-0.05542413355557935
MS,PB_7,CGCTGGAGTCAATACC-1,PB,0.3171250084338845
MS,PB_7,CGCTTCAAGTACGATA-1,PB,0.5520930298517511
MS,PB_7,CGCTTCATCCAAACAC-1,PB,0.025758744569006637
MS,PB_7,CGGACACAGATGTTAG-1,PB,0.6383759691855763
MS,PB_7,CGGACACAGCTCCTTC-1,PB,0.40797269220390014
MS,PB_7,CGGACTGCAAGTACCT-1-2,PB,0.2132978092050052
MS,PB_7,CGGACTGTCACCATAG-1,PB,-0.09333483260954249
MS,PB_7,CGGCTAGCAACACGCC-1,PB,0.14219324846080075
MS,PB_7,CGGCTAGCAGTCGATT-1-2,PB,0.22021028818807556
MS,PB_7,CGGGTCAGTTATCACG-1,PB,-0.07001801433854374
MS,PB_7,CGTAGCGAGATCACGG-1-2,PB,-0.44287302854221317
MS,PB_7,CGTAGCGAGATGTGGC-1,PB,0.2079740585132713
MS,PB_7,CGTCACTGTGCACCAC-1,PB,-0.38975106869281956
MS,PB_7,CGTCTACCAAGCGCTC-1,PB,-0.21708944754261908
MS,PB_7,CGTGAGCGTGGTCTCG-1,PB,-0.07001801433854374
MS,PB_7,CGTGAGCTCCTCAATT-1,PB,0.30399654076424243
MS,PB_7,CGTTAGACACATGACT-1,PB,-0.2811095961480718
MS,PB_7,CTACACCAGTATCGAA-1,PB,0.4234944149478323
MS,PB_7,CTACACCGTACACCGC-1,PB,-0.07744220030739239
MS,PB_7,CTACATTCATAAAGGT-1-1,PB,-0.03598469518589067
MS,PB_7,CTACCCAGTAAATGTG-1,PB,0.30865613911278456
MS,PB_7,CTAGAGTTCATCGCTC-1,PB,0.12141286492376259
MS,PB_7,CTAGCCTCACCGCTAG-1,PB,-0.05402198435240983
MS,PB_7,CTAGCCTTCCGTTGCT-1,PB,0.20285216069835035
MS,PB_7,CTCATTAGTAGCGCTC-1,PB,0.331199854428177
MS,PB_7,CTCATTATCCAGTATG-1,PB,-0.36806776923175827
MS,PB_7,CTCCTAGTCCTTCAAT-1,PB,0.07133771548223336
MS,PB_7,CTCGGAGTCCGCGCAA-1,PB,0.262883874880522
MS,PB_7,CTCGTCAGTCTACCTC-1,PB,0.8056381117161069
MS,PB_7,CTCGTCAGTGCTGTAT-1,PB,-0.04311557094216263
MS,PB_7,CTCGTCATCACATACG-1,PB,-0.03650625271630725
MS,PB_7,CTCTAATCAGTGAGTG-1,PB,-0.1949896901976618
MS,PB_7,CTCTAATGTCGAAAGC-1,PB,-0.07001801433854374
MS,PB_7,CTCTACGCATGTAAGA-1,PB,0.07621005876349983
MS,PB_7,CTCTACGGTCTGGTCG-1,PB,0.3997454069975634
MS,PB_7,CTCTGGTCACAGAGGT-1-1,PB,-0.17148739259123283
MS,PB_7,CTGAAACCAGAAGCAC-1,PB,0.22066680120182022
MS,PB_7,CTGAAGTGTTTCCACC-1,PB,-0.4904683169990463
MS,PB_7,CTGCGGAAGGTGTGGT-1,PB,0.8365573060487066
MS,PB_7,CTGGTCTTCAGATAAG-1,PB,-0.6458409423259593
MS,PB_7,CTGGTCTTCTGCAGTA-1,PB,0.10395070030586842
MS,PB_7,CTGTGCTCAGCTGCAC-1,PB,0.017019746368604316
MS,PB_7,CTTAACTAGATGTGTA-1,PB,-0.07001801433854374
MS,PB_7,CTTAACTCAGTGAGTG-1,PB,-0.14178108552199203
MS,PB_7,CTTAGGAGTAGCTAAA-1,PB,-0.4351494339231467
MS,PB_7,GAAACTCAGCCATCGC-1,PB,0.16450384194032228
MS,PB_7,GAACATCGTCGGGTCT-1,PB,-0.07001801433854374
MS,PB_7,GAACATCTCTACCTGC-1,PB,-0.38947959680519373
MS,PB_7,GAATAAGGTAATCGTC-1,PB,-0.10857619243895748
MS,PB_7,GAATGAACATGAAGTA-1,PB,0.20830075344805993
MS,PB_7,GAATGAATCAACCATG-1,PB,0.25428377367010874
MS,PB_7,GACACGCGTCCGTCAG-1,PB,-0.23379231928870442
MS,PB_7,GACAGAGAGCACCGCT-1,PB,-0.21946690003111777
MS,PB_7,GACCAATAGTTTAGGA-1,PB,0.05438375634551236
MS,PB_7,GACCTGGAGGAATCGC-1,PB,0.1474890641321928
MS,PB_7,GACGCGTGTTTGGCGC-1,PB,-0.6196008830073595
MS,PB_7,GACGTGCGTTCGCGAC-1,PB,-0.07001801433854374
MS,PB_7,GACGTTAGTAAGAGAG-1,PB,-0.03452977001136008
MS,PB_7,GACTAACCATAGGATA-1,PB,-0.22096321794323406
MS,PB_7,GACTGCGAGTACGCCC-1,PB,0.0495807525196549
MS,PB_7,GACTGCGGTTTACTCT-1,PB,-0.16488088091204084
MS,PB_7,GAGCAGAGTAAAGTCA-1,PB,-0.27785515865294325
MS,PB_7,GATCAGTGTCACCCAG-1,PB,-0.20053779909270672
MS,PB_7,GATCGTACACGTCAGC-1,PB,0.1347770013731187
MS,PB_7,GATGAGGGTGGTTTCA-1,PB,0.15963361940077592
MS,PB_7,GATGCTACAGCCACCA-1,PB,-0.1408197248490915
MS,PB_7,GATTCAGCATTAACCG-1,PB,-0.11777916578974747
MS,PB_7,GCAAACTGTACAGTGG-1,PB,0.3371369442333548
MS,PB_7,GCAAACTTCCAAACTG-1,PB,0.30058998062795805
MS,PB_7,GCAATCAAGGAGTTGC-1,PB,-0.07001801433854374
MS,PB_7,GCAATCATCATGTCCC-1,PB,-0.07001801433854374
MS,PB_7,GCACATATCGGCATCG-1,PB,-0.07001801433854374
MS,PB_7,GCAGCCAAGCCGATTT-1-2,PB,-0.2912744052035557
MS,PB_7,GCAGCCACAAGAAGAG-1,PB,-0.2681303436530837
MS,PB_7,GCAGTTACACTGTTAG-1,PB,0.04104388692547186
MS,PB_7,GCAGTTACAGCCTATA-1,PB,-0.23738022814651663
MS,PB_7,GCATACAAGCGACGTA-1,PB,0.18808153133645802
MS,PB_7,GCATACAAGGCTCATT-1,PB,-0.07001801433854374
MS,PB_7,GCATGCGTCGCCTGTT-1,PB,0.24219004570617564
MS,PB_7,GCCTCTACAGTATCTG-1,PB,-0.14542825942812895
MS,PB_7,GCCTCTACATCGATTG-1,PB,0.14258463456479706
MS,PB_7,GCGACCACACAGCCCA-1,PB,-0.07001801433854374
MS,PB_7,GCGACCACAGGGTATG-1,PB,0.3153517953819321
MS,PB_7,GCGACCAGTTTGTTTC-1,PB,-0.1836939909518661
MS,PB_7,GCGAGAATCCTTCAAT-1,PB,-0.00790450841764068
MS,PB_7,GCGCAGTAGATGCCTT-1,PB,-0.07001801433854374
MS,PB_7,GCGCAGTCATCGATTG-1,PB,0.2828838618795243
MS,PB_7,GCGCCAAAGACTAGGC-1,PB,0.1264033989025898
MS,PB_7,GCGCCAAGTACAGTGG-1,PB,-0.31163994184735583
MS,PB_7,GCGCCAATCTGTACGA-1,PB,0.22317327282082342
MS,PB_7,GCGCGATTCTGGAGCC-1,PB,-0.14931012888353717
MS,PB_7,GCGGGTTCAAAGCGGT-1,PB,0.23458652996053123
MS,PB_7,GCGGGTTCACCTCGTT-1-1,PB,-0.111477612014977
MS,PB_7,GCTCTGTAGTACCGGA-1,PB,-0.17289833312066105
MS,PB_7,GCTGGGTGTGCGAAAC-1,PB,-0.17622124860598773
MS,PB_7,GCTGGGTTCCTCCTAG-1,PB,0.26318118744360874
MS,PB_7,GCTTGAACACATGTGT-1,PB,0.2727605558006169
MS,PB_7,GGAATAAAGTGTACTC-1,PB,0.0813463893397924
MS,PB_7,GGAATAAGTTGAACTC-1,PB,-0.040617082170351225
MS,PB_7,GGACAAGCACTTACGA-1-1,PB,-0.20710453667390794
MS,PB_7,GGACATTCAGCCAGAA-1,PB,0.46122360430972276
MS,PB_7,GGACGTCGTAGCAAAT-1,PB,0.12364303761894055
MS,PB_7,GGACGTCGTCTAAACC-1,PB,-0.2597581397792903
MS,PB_7,GGACGTCGTTCCACAA-1,PB,-0.07001801433854374
MS,PB_7,GGATGTTAGACAAAGG-1,PB,0.3564986719378565
MS,PB_7,GGATGTTAGACTGGGT-1,PB,-0.20169929063722894
MS,PB_7,GGATGTTTCGGCATCG-1,PB,0.3731085361432292
MS,PB_7,GGATTACCATTGCGGC-1,PB,-0.16679031924469195
MS,PB_7,GGCCGATGTGTCGCTG-1,PB,0.1401914827979109
MS,PB_7,GGCGACTCACGACGAA-1,PB,-0.16477073060657674
MS,PB_7,GGCGTGTCATCGACGC-1,PB,0.3733957705697478
MS,PB_7,GGCTCGACATGGTCTA-1,PB,-0.07001801433854374
MS,PB_7,GGCTCGATCTAACTCT-1,PB,0.06223587294702802
MS,PB_7,GGCTGGTTCTAAGCCA-1,PB,0.9485846980624769
MS,PB_7,GGGAATGTCAACGCTA-1,PB,-0.07001801433854374
MS,PB_7,GGGAGATCACAGGCCT-1,PB,0.2576043614292486
MS,PB_7,GGGAGATTCGGCCGAT-1,PB,-0.07001801433854374
MS,PB_7,GGGCATCGTCGACTAT-1,PB,0.35005198149275935
MS,PB_7,GGGTTGCCAAACCCAT-1,PB,-0.06775713534253776
MS,PB_7,GGTATTGCAGCTCCGA-1,PB,-0.1886647176993695
MS,PB_7,GGTATTGTCTCCAGGG-1,PB,0.27127930158445357
MS,PB_7,GGTGAAGTCCTTCAAT-1,PB,-0.07001801433854374
MS,PB_7,GGTGCGTGTAGCGCTC-1,PB,0.36605489732030294
MS,PB_7,GTAACGTAGAGCTATA-1,PB,-0.32503985319812567
MS,PB_7,GTAACGTCAGTGGGAT-1,PB,0.7991783424049734
MS,PB_7,GTAACTGAGTGGTCCC-1,PB,-0.19879679970963796
MS,PB_7,GTACTCCGTCAGATAA-1,PB,-0.038111303280228236
MS,PB_7,GTACTTTCAGACTCGC-1,PB,0.12523374616784694
MS,PB_7,GTACTTTTCCGTAGTA-1,PB,0.428493944447438
MS,PB_7,GTAGGCCCAGCTCGCA-1,PB,0.12227988333389954
MS,PB_7,GTAGTCAGTTTACTCT-1-1,PB,-0.3599969124492873
MS,PB_7,GTAGTCATCTTTACAC-1-1,PB,-0.12089850736165578
MS,PB_7,GTCAAGTGTGGCGAAT-1,PB,0.6494967298896899
MS,PB_7,GTCACAACACGCTTTC-1,PB,0.18223859227963715
MS,PB_7,GTCACAATCAGCAACT-1,PB,-0.07001801433854374
MS,PB_7,GTCACGGAGTTGCAGG-1,PB,0.19524522069116826
MS,PB_7,GTCACGGGTAACGACG-1,PB,0.22439335279729358
MS,PB_7,GTCATTTCAGCTGTGC-1,PB,-0.2931655698294122
MS,PB_7,GTCATTTGTAGCGCTC-1,PB,-0.07001801433854374
MS,PB_7,GTCATTTGTTCAGTAC-1,PB,-0.07001801433854374
MS,PB_7,GTCATTTTCAGAGCTT-1,PB,-0.03688484230919708
MS,PB_7,GTCCTCACAACGCACC-1,PB,0.19902841992851641
MS,PB_7,GTCCTCACACATGACT-1,PB,0.4389981571796712
MS,PB_7,GTCCTCATCCACTGGG-1-1,PB,0.14907878241721884
MS,PB_7,GTCGGGTCACATTAGC-1-1,PB,-0.2178579989357547
MS,PB_7,GTCGGGTCATCGTCGG-1,PB,-0.23184796370532404
MS,PB_7,GTGAAGGGTTAGATGA-1,PB,-0.6265846115266838
MS,PB_7,GTGAAGGTCGAATGCT-1,PB,0.2917233281257937
MS,PB_7,GTGAAGGTCTCGGACG-1,PB,0.18649118791851474
MS,PB_7,GTGCAGCGTAGTAGTA-1,PB,-0.07001801433854374
MS,PB_7,GTGCTTCCAGGACCCT-1,PB,-0.185965258493688
MS,PB_7,GTTAAGCCATGCATGT-1,PB,0.22958739612989484
MS,PB_7,GTTCATTTCCCTTGCA-1,PB,-0.0565385391128028
MS,PB_7,GTTCGGGAGGAATCGC-1,PB,0.0024040786513912188
MS,PB_7,GTTCGGGAGTTAAGTG-1,PB,0.18207357610018557
MS,PB_7,GTTCTCGTCAAAGTAG-1,PB,-0.20924498748705306
MS,PB_7,TAAACCGGTCGACTGC-1-1,PB,0.17050045195865585
MS,PB_7,TAAGCGTCAGCCTTGG-1,PB,-0.07001801433854374
MS,PB_7,TAAGTGCCACCCATGG-1,PB,0.02853820358151432
MS,PB_7,TACCTATAGGGTGTTG-1-1,PB,-0.22409901580792174
MS,PB_7,TACCTATAGTGAACAT-1,PB,0.45425075932873965
MS,PB_7,TACCTATCATGGATGG-1,PB,0.45007823211544434
MS,PB_7,TACCTATTCACAATGC-1,PB,-0.8245956734199885
MS,PB_7,TACCTTAGTATAATGG-1,PB,0.2582923195257229
MS,PB_7,TACCTTATCGCTTGTC-1-1,PB,-0.07001801433854374
MS,PB_7,TACGGATGTGACAAAT-1,PB,0.058154956598762485
MS,PB_7,TACGGTACATTGGGCC-1,PB,-0.1565282061293816
MS,PB_7,TACGGTAGTAAGTGGC-1,PB,-0.30769920543788326
MS,PB_7,TACGGTATCTGTCTCG-1,PB,-0.052521980639661806
MS,PB_7,TACTCGCCATGGTCTA-1,PB,0.27987538481714386
MS,PB_7,TACTTACAGAGGGCTT-1,PB,0.2966396250620437
MS,PB_7,TACTTACTCAAACCGT-1,PB,-0.07001801433854374
MS,PB_7,TAGACCATCGTTTAGG-1,PB,0.12901467133999805
MS,PB_7,TAGCCGGGTGATAAAC-1,PB,0.1836267393831675
MS,PB_7,TAGCCGGGTTACGACT-1,PB,0.13398380945719124
MS,PB_7,TAGCCGGGTTATGCGT-1,PB,-0.13179600051525334
MS,PB_7,TAGTGGTCAGCGTCCA-1,PB,0.5527400846334678
MS,PB_7,TAGTTGGAGCTGCCCA-1,PB,-0.050335442176395795
MS,PB_7,TAGTTGGCACCACGTG-1,PB,0.3594843766739059
MS,PB_7,TATCAGGCAAGAAGAG-1,PB,-0.2368612775020352
MS,PB_7,TATCTCATCGGTGTCG-1,PB,0.3879247910428978
MS,PB_7,TATTACCCAATGGATA-1,PB,-0.16825029662996818
MS,PB_7,TATTACCTCACCCGAG-1,PB,-0.19675360743529252
MS,PB_7,TATTACCTCACGAAGG-1-2,PB,0.14157666565349541
MS,PB_7,TCAACGAGTAATCACC-1,PB,-0.1486792547476916
MS,PB_7,TCAATCTGTCCTGCTT-1,PB,0.06816466900589112
MS,PB_7,TCAGCTCAGCTAGTCT-1,PB,-0.30776479176097904
MS,PB_7,TCAGCTCCAGGTCTCG-1,PB,0.0856563097930391
MS,PB_7,TCAGGATAGCTTCGCG-1-1,PB,0.21155029760026176
MS,PB_7,TCAGGTAGTACTCGCG-1,PB,-0.4462853466552444
MS,PB_7,TCATTTGGTATAGTAG-1,PB,0.20017508138627743
MS,PB_7,TCATTTGGTGATGCCC-1,PB,-0.2094751028349861
MS,PB_7,TCCACACCAATGGACG-1,PB,0.02591337453622644
MS,PB_7,TCCACACTCTCGCTTG-1,PB,0.015974273075623657
MS,PB_7,TCCCGATCAATAAGCA-1,PB,0.022956065354766655
MS,PB_7,TCCCGATCACGAAGCA-1,PB,-0.055178469634036484
MS,PB_7,TCGAGGCAGCTAGCCC-1,PB,0.5026782267150164
MS,PB_7,TCGCGTTCACGCATCG-1,PB,-0.19014410059797204
MS,PB_7,TCGCGTTGTATAGGTA-1,PB,0.22393752148119428
MS,PB_7,TCGCGTTTCGGACAAG-1,PB,0.28257166579880477
MS,PB_7,TCGGTAATCAACGCTA-1,PB,0.7122778049149815
MS,PB_7,TCGGTAATCATTGCGA-1,PB,0.7678355713948016
MS,PB_7,TCGTAGAGTGATAAGT-1,PB,-0.2716481872789255
MS,PB_7,TCTATTGTCTGCGACG-1,PB,0.36245653247456694
MS,PB_7,TCTGAGAGTTCTGAAC-1,PB,0.275930675165705
MS,PB_7,TCTGGAACAAGTTGTC-1,PB,0.21418080942432546
MS,PB_7,TCTGGAACATGATCCA-1,PB,0.15653635575196603
MS,PB_7,TCTTCGGCAAAGTGCG-1,PB,0.00352186123916073
MS,PB_7,TGAAAGACACTATCTT-1,PB,0.11145930626260661
MS,PB_7,TGACAACGTAATCACC-1,PB,0.08344081438661753
MS,PB_7,TGACTTTTCTTGAGGT-1,PB,-0.01112414133948107
MS,PB_7,TGAGAGGCAGACGCAA-1,PB,0.013823063072457334
MS,PB_7,TGAGCATGTTAAGGGC-1,PB,-0.07001801433854374
MS,PB_7,TGAGCCGAGTTTGCGT-1,PB,0.07702135074274208
MS,PB_7,TGATTTCAGAAGAAGC-1,PB,-0.07001801433854374
MS,PB_7,TGATTTCGTACTTGAC-1,PB,-0.6227741294130614
MS,PB_7,TGCACCTAGAGTAAGG-1,PB,-0.15713299401817402
MS,PB_7,TGCACCTTCAATCTCT-1,PB,0.13058929151751755
MS,PB_7,TGCGCAGCAAGAAGAG-1,PB,-0.1979584986751928
MS,PB_7,TGCGGGTCACCCTATC-1,PB,-0.07001801433854374
MS,PB_7,TGCGGGTCATCCCACT-1,PB,0.29097787208319126
MS,PB_7,TGCGTGGAGTGCTGCC-1,PB,-0.3842042010334849
MS,PB_7,TGCGTGGCAATCGGTT-1,PB,-0.06502017347558432
MS,PB_7,TGCTACCCAGCTGCTG-1,PB,-0.07001801433854374
MS,PB_7,TGGCTGGTCTTTACGT-1,PB,0.24640792780830864
MS,PB_7,TGGGAAGCAAGCCGTC-1,PB,0.15514975486459956
MS,PB_7,TGGGAAGCAGGGAGAG-1,PB,0.295621314810566
MS,PB_7,TGGTTAGTCACCTCGT-1,PB,0.19075990396025663
MS,PB_7,TGTATTCGTGCACTTA-1,PB,0.029511083960551163
MS,PB_7,TGTCCCACACATCTTT-1,PB,-0.1794642370609499
MS,PB_7,TTAGGCAGTCACAAGG-1,PB,-0.5041847818501075
MS,PB_7,TTAGGCATCACGCGGT-1-1,PB,-0.12607260056688546
MS,PB_7,TTAGTTCAGAGGACGG-1,PB,-0.1232460554145629
MS,PB_7,TTAGTTCAGCGTTTAC-1,PB,-0.05959874722841507
MS,PB_7,TTAGTTCCATCGATTG-1,PB,-0.20275962848250484
MS,PB_7,TTAGTTCGTCAGCTAT-1,PB,-0.25868149670110063
MS,PB_7,TTATGCTCATCAGTAC-1-2,PB,0.10155528084337839
MS,PB_7,TTATGCTGTGGTACAG-1,PB,-0.05465780490050631
MS,PB_7,TTATGCTTCGAGAACG-1,PB,-0.07001801433854374
MS,PB_7,TTCCCAGGTAGGCTGA-1,PB,-0.030359152964774008
MS,PB_7,TTCGAAGGTGTGACCC-1,PB,0.4439358587778714
MS,PB_7,TTCGGTCAGTGTCTCA-1,PB,0.09033748269314328
MS,PB_7,TTCGGTCTCGTATCAG-1,PB,0.12250314385932315
MS,PB_7,TTCTTAGCATCGTCGG-1,PB,0.10197230773422748
MS,PB_7,TTGAACGCAATAGCGG-1-2,PB,-0.032766375764349986
MS,PB_7,TTGAACGGTCTGCCAG-1,PB,0.09257765807267737
MS,PB_7,TTGAACGGTTCTCATT-1,PB,-0.23628128404791834
MS,PB_7,TTGGAACCAGGAATGC-1,PB,0.1511013509835661
MS,PB_7,TTGGAACGTCACTGGC-1,PB,-0.4009264649231425
MS,PB_7,TTGGCAAAGTGCCATT-1,PB,0.13891984802823712
MS,PB_7,TTGGCAAGTCATGCCG-1,PB,-0.07001801433854374
MS,PB_7,TTGGCAAGTTGGTTTG-1,PB,0.19028732070825796
MS,PB_7,TTGGCAATCGGCGCAT-1,PB,0.4039704557612854
MS,PB_7,TTTCCTCCACATCCGG-1,PB,0.21001930870350402
MS,PB_7,TTTGCGCGTTACGGAG-1,PB,0.04317368754513853
MS,PB_7,TTTGCGCTCTTTAGTC-1,PB,0.0008199137885771297
MS,PB_7,TTTGGTTTCAGTCAGT-1,PB,0.3073277225789454
MS,PB_7,TTTGGTTTCCTTGGTC-1,PB,-0.07001801433854374
MS,PB_7,TTTGTCACAAACAACA-1,PB,-0.044814912174038886
MS,PB_8,AAAGCAACAAGTAGTA-1,PB,-0.07001801433854374
MS,PB_8,AAAGTAGCACAGCCCA-1,PB,-0.6974100784574928
MS,PB_8,AACACGTAGTGTACTC-1,PB,-0.07001801433854374
MS,PB_8,AACACGTCATCGGAAG-1,PB,-0.07001801433854374
MS,PB_8,AACCATGAGACTGGGT-1,PB,-0.17987895774591936
MS,PB_8,AACCATGGTCGAGATG-1-1,PB,-0.07001801433854374
MS,PB_8,AACCGCGAGAAGGCCT-1,PB,0.04948947161604711
MS,PB_8,AACTCCCGTGTAACGG-1,PB,-0.24882257553659684
MS,PB_8,AACTCCCTCCACGACG-1,PB,-0.18933669754070157
MS,PB_8,AACTTTCGTTATGCGT-1,PB,0.027113512620945832
MS,PB_8,AAGACCTGTACATGTC-1,PB,0.11991895496478132
MS,PB_8,AAGGAGCTCTCGTTTA-1,PB,-0.07001801433854374
MS,PB_8,AAGGCAGGTAAATACG-1-1,PB,0.06571170661689019
MS,PB_8,AAGGTTCAGTTCGATC-1,PB,-0.0404664561501775
MS,PB_8,AAGGTTCCAAAGGAAG-1,PB,-0.413303352754025
MS,PB_8,AAGGTTCGTACCAGTT-1,PB,-0.018318334159530016
MS,PB_8,AAGTCTGCACCTCGGA-1,PB,-0.07001801433854374
MS,PB_8,AAGTCTGTCAACACAC-1,PB,-0.19785315689322652
MS,PB_8,ACACCAAAGCACCGTC-1,PB,-0.35989040836188746
MS,PB_8,ACACCCTGTAAACACA-1,PB,0.3574830699772047
MS,PB_8,ACACCCTGTACTTAGC-1,PB,-0.25347134587117587
MS,PB_8,ACACCCTTCATCTGTT-1,PB,-0.5254561898183299
MS,PB_8,ACACCCTTCCTGTACC-1-1,PB,-0.2671073609847682
MS,PB_8,ACACCGGCATATACCG-1,PB,-0.19206332968419101
MS,PB_8,ACACTGACAAAGCGGT-1,PB,-0.19510599582673782
MS,PB_8,ACACTGACACTAGTAC-1,PB,-0.645892610280591
MS,PB_8,ACACTGATCGTGGGAA-1,PB,-0.32452472592141796
MS,PB_8,ACAGCCGCAAACGCGA-1,PB,-0.07001801433854374
MS,PB_8,ACAGCCGCAATGTAAG-1,PB,-0.27632482248162366
MS,PB_8,ACATGGTGTAACGCGA-1,PB,-0.24281856643934926
MS,PB_8,ACCCACTGTCCGACGT-1,PB,-0.4423404772300628
MS,PB_8,ACCGTAAAGTGGCACA-1,PB,-0.43143347251335135
MS,PB_8,ACCGTAAGTGTGCCTG-1,PB,-0.5965737089532723
MS,PB_8,ACCTTTACAATCCAAC-1,PB,0.31236868785192307
MS,PB_8,ACGAGCCAGGCTAGCA-1,PB,-0.07001801433854374
MS,PB_8,ACGCCAGTCTTCCTTC-1,PB,-0.23396792664423385
MS,PB_8,ACGCCGATCAGCTTAG-1,PB,-0.8117157830153451
MS,PB_8,ACGCCGATCCCAAGTA-1,PB,-0.19215777438707995
MS,PB_8,ACGGCCACACTAGTAC-1,PB,-0.13304635558279548
MS,PB_8,ACGGGCTAGAGTAAGG-1,PB,-0.5100994955342626
MS,PB_8,ACTATCTAGCAATCTC-1,PB,-0.12411188744132809
MS,PB_8,ACTGTCCGTCGAACAG-1,PB,-0.19371423716440814
MS,PB_8,ACTTTCATCTTCCTTC-1-1,PB,-0.07001801433854374
MS,PB_8,AGAATAGCAGCTGTTA-1,PB,-0.11414557027309671
MS,PB_8,AGAGCGAAGAGGACGG-1,PB,0.2879713652432173
MS,PB_8,AGAGCGATCATATCGG-1,PB,-0.20190609625548725
MS,PB_8,AGAGCTTAGACTTTCG-1-1,PB,-0.07001801433854374
MS,PB_8,AGAGCTTAGCGCCTTG-1,PB,-0.17190194401834666
MS,PB_8,AGAGCTTCATCCTTGC-1,PB,-0.5190922731783914
MS,PB_8,AGAGCTTTCACTTACT-1,PB,-0.07001801433854374
MS,PB_8,AGCATACTCTAACCGA-1,PB,-0.27078959606699116
MS,PB_8,AGCCTAACACAGAGGT-1,PB,-0.32709365749615277
MS,PB_8,AGCCTAACATGTTCCC-1,PB,-0.5779062529187461
MS,PB_8,AGCGGTCTCAACGGGA-1,PB,-0.3167829168678637
MS,PB_8,AGCGTATTCTACTATC-1,PB,-0.18012641392540996
MS,PB_8,AGCTCTCCATGGGACA-1,PB,0.053188422759851285
MS,PB_8,AGCTTGAGTACCGCTG-1,PB,-0.23501500123797622
MS,PB_8,AGGCCGTCAGAGTGTG-1,PB,-0.25131457104397964
MS,PB_8,AGGCCGTGTGTTGGGA-1,PB,0.4814685756033782
MS,PB_8,AGGGTGATCTCTTGAT-1,PB,-0.07001801433854374
MS,PB_8,AGGTCCGAGACTACAA-1,PB,-0.07001801433854374
MS,PB_8,AGGTCCGGTTAAGACA-1,PB,-0.07001801433854374
MS,PB_8,AGTAGTCTCATGTCTT-1,PB,-0.1729835494853646
MS,PB_8,AGTGTCATCTGATTCT-1,PB,-0.7230633307830969
MS,PB_8,AGTTGGTAGCTGAACG-1,PB,-0.2859990242940603
MS,PB_8,ATCCACCAGTAGCGGT-1,PB,-0.2223556111468987
MS,PB_8,ATCCGAAGTTCAGACT-1-1,PB,-0.23360665878587844
MS,PB_8,ATCTACTCATCTATGG-1,PB,-0.22559679853914533
MS,PB_8,ATCTACTGTCCGTCAG-1,PB,-0.18107845070956086
MS,PB_8,ATCTGCCTCACTCCTG-1-1,PB,0.06088781795512454
MS,PB_8,ATGAGGGGTTAAGATG-1,PB,-0.07001801433854374
MS,PB_8,ATGCGATGTCTGGTCG-1,PB,-0.07001801433854374
MS,PB_8,ATGGGAGTCTTACCGC-1,PB,0.7446653194171248
MS,PB_8,ATTACTCTCTTTCCTC-1,PB,0.32020460351114804
MS,PB_8,ATTATCCAGCGTTTAC-1,PB,-0.07001801433854374
MS,PB_8,ATTGGACAGTCCAGGA-1,PB,-0.39560724081525567
MS,PB_8,CAAGATCTCCATGAAC-1,PB,-0.23226045286884306
MS,PB_8,CACACCTAGTCTTGCA-1,PB,-0.48556966419623604
MS,PB_8,CACACTCAGAGTACCG-1,PB,-0.07001801433854374
MS,PB_8,CACACTCTCCGCTGTT-1,PB,-0.04128584626487763
MS,PB_8,CACACTCTCTCAAACG-1,PB,-0.07001801433854374
MS,PB_8,CACAGGCAGAGACGAA-1,PB,-0.4378526848434753
MS,PB_8,CACAGTATCCCACTTG-1,PB,0.2885794743027863
MS,PB_8,CACATAGGTACTTCTT-1-1,PB,-0.2094751028349861
MS,PB_8,CACATAGTCTTTACAC-1,PB,0.602207874746264
MS,PB_8,CACCACTGTTGGGACA-1,PB,-0.07001801433854374
MS,PB_8,CACCTTGAGCTGCGAA-1,PB,-0.07001801433854374
MS,PB_8,CAGAGAGGTTCGCGAC-1,PB,-0.23002662202658003
MS,PB_8,CAGATCACATCAGTCA-1-1,PB,-0.07001801433854374
MS,PB_8,CAGATCAGTACGAAAT-1,PB,-0.21231082640112067
MS,PB_8,CAGCAGCTCCCTTGCA-1,PB,-0.26267180790410893
MS,PB_8,CAGCTAACAGTGACAG-1,PB,-0.29581413810518675
MS,PB_8,CAGCTGGAGACACGAC-1,PB,-0.21029070802386082
MS,PB_8,CAGCTGGAGTAATCCC-1-1,PB,-0.23281032309804184
MS,PB_8,CAGGTGCAGGAATTAC-1,PB,-0.07001801433854374
MS,PB_8,CAGGTGCGTTCGCTAA-1,PB,-0.07001801433854374
MS,PB_8,CATCAAGAGCTTCGCG-1,PB,-0.07001801433854374
MS,PB_8,CATCAAGGTGGCTCCA-1,PB,-0.5041711395268236
MS,PB_8,CATCAAGTCAGAAATG-1,PB,0.1971578313793356
MS,PB_8,CATCCACAGAACTCGG-1,PB,-0.31031931699590076
MS,PB_8,CATGACAAGGCGCTCT-1,PB,-0.07001801433854374
MS,PB_8,CATGACAGTGTCAATC-1,PB,0.43769064990552714
MS,PB_8,CATGCCTTCAGAGGTG-1,PB,0.28424787004614044
MS,PB_8,CATTATCAGTATTGGA-1,PB,-0.07001801433854374
MS,PB_8,CCACCTACATAAGACA-1,PB,0.5917142202049067
MS,PB_8,CCACCTAGTAGCGTCC-1-1,PB,0.36168297286987744
MS,PB_8,CCACGGACAAGTTGTC-1,PB,-0.2061717799761555
MS,PB_8,CCACTACAGGGAAACA-1,PB,-0.42792663820830645
MS,PB_8,CCATGTCCAATCACAC-1,PB,0.13092456481000034
MS,PB_8,CCATGTCGTGCCTGCA-1,PB,-1.016371115883252
MS,PB_8,CCCAATCTCTCATTCA-1,PB,-0.2340153534658029
MS,PB_8,CCCAGTTCAATGGACG-1,PB,-0.25202812626341065
MS,PB_8,CCCAGTTTCCAAAGTC-1-1,PB,-0.21863515332836858
MS,PB_8,CCCAGTTTCTGGTGTA-1,PB,-0.23999816001241744
MS,PB_8,CCGGTAGGTCTTGTCC-1,PB,-0.3119231286835208
MS,PB_8,CCGGTAGTCCTATGTT-1,PB,-0.07001801433854374
MS,PB_8,CCGTTCAAGTGGTAAT-1,PB,-0.37808065110425776
MS,PB_8,CCGTTCAGTAGTAGTA-1,PB,-0.2766157566711624
MS,PB_8,CCTAAAGTCGGAAACG-1,PB,-0.07001801433854374
MS,PB_8,CCTACACCAGTTCATG-1,PB,-0.07001801433854374
MS,PB_8,CCTACCACATTCCTCG-1,PB,-0.26338260118763257
MS,PB_8,CCTAGCTAGAACAACT-1,PB,0.03777123988593172
MS,PB_8,CCTTACGAGTCATGCT-1,PB,0.20874714176445458
MS,PB_8,CCTTACGCAGGTCGTC-1,PB,-0.07001801433854374
MS,PB_8,CCTTACGGTGGTCTCG-1,PB,0.3128691655315442
MS,PB_8,CCTTCGACAACGCACC-1,PB,-0.23251363906223968
MS,PB_8,CCTTTCTAGCTGAAAT-1-1,PB,-0.3800972743921959
MS,PB_8,CGAATGTCACATGTGT-1,PB,-0.2695572038567828
MS,PB_8,CGACCTTAGATGAGAG-1,PB,-0.4407362058169227
MS,PB_8,CGACCTTGTCTACCTC-1,PB,-0.07001801433854374
MS,PB_8,CGACTTCAGATCGGGT-1,PB,-0.07001801433854374
MS,PB_8,CGAGAAGCAGACAGGT-1,PB,-0.1774095228055607
MS,PB_8,CGAGCCAAGGTTACCT-1,PB,-0.0968132054845695
MS,PB_8,CGCCAAGCAATGGACG-1,PB,-0.07001801433854374
MS,PB_8,CGCCAAGGTATTCTCT-1,PB,-0.19258828047176674
MS,PB_8,CGGACACAGATCCTGT-1,PB,0.33108237674736474
MS,PB_8,CGGACTGAGGACACCA-1-1,PB,-0.05068595310801009
MS,PB_8,CGGACTGGTCTCCCTA-1,PB,0.36908906857699325
MS,PB_8,CGGACTGTCCGCAAGC-1,PB,-0.6778645878572125
MS,PB_8,CGGAGCTAGGAATTAC-1,PB,0.17803806410199496
MS,PB_8,CGGAGCTTCACATGCA-1,PB,-0.37157212423793134
MS,PB_8,CGGCTAGTCAGCTCTC-1,PB,-0.2600016919299838
MS,PB_8,CGGGTCAGTGTTCGAT-1,PB,-0.2599802596674442
MS,PB_8,CGTAGGCAGAGATGAG-1,PB,-0.07001801433854374
MS,PB_8,CGTAGGCTCTGAGTGT-1,PB,0.0655818667507273
MS,PB_8,CGTCACTTCTTCAACT-1,PB,0.43050932886521226
MS,PB_8,CGTCTACTCTAGAGTC-1,PB,-0.40158636128134767
MS,PB_8,CGTGTAAAGGCTATCT-1,PB,-0.27637143692033617
MS,PB_8,CGTGTCTTCTTCAACT-1,PB,-0.07001801433854374
MS,PB_8,CTAACTTTCAGTTGAC-1,PB,-0.05234345117185524
MS,PB_8,CTAAGACAGACGCACA-1,PB,-0.1998783951239999
MS,PB_8,CTAATGGTCCAGGGCT-1,PB,-0.07001801433854374
MS,PB_8,CTACCCAGTTACAGAA-1,PB,0.14613010105538152
MS,PB_8,CTAGCCTGTTTCCACC-1,PB,-0.12681882198271582
MS,PB_8,CTCATTATCAGAGCTT-1,PB,-0.48950280384529454
MS,PB_8,CTCATTATCCTTTCTC-1,PB,0.3304392349756003
MS,PB_8,CTCGAAAGTATCTGCA-1,PB,-0.38911466648600695
MS,PB_8,CTCGAAATCTCAAGTG-1,PB,-0.4425842540922857
MS,PB_8,CTCGGAGCACATGACT-1,PB,0.2999974276961623
MS,PB_8,CTCGGAGGTAAACGCG-1,PB,-0.5259301262485442
MS,PB_8,CTCGTCAGTACATCCA-1,PB,-0.07001801433854374
MS,PB_8,CTCTAATGTGGTCCGT-1,PB,0.2686726621411426
MS,PB_8,CTCTACGCAGGGTTAG-1,PB,0.16846017171396935
MS,PB_8,CTCTACGTCACCTTAT-1,PB,-0.07001801433854374
MS,PB_8,CTCTGGTAGGGTTTCT-1,PB,0.08221902328985722
MS,PB_8,CTCTGGTGTTGACGTT-1,PB,-0.37133139379454916
MS,PB_8,CTGAAGTGTACAGTGG-1,PB,-0.17697395127480228
MS,PB_8,CTGAAGTTCGTTTATC-1,PB,-0.15597063556570565
MS,PB_8,CTGATAGCAGGCTGAA-1,PB,-0.24545395062454997
MS,PB_8,CTGGTCTGTATAGTAG-1,PB,0.38043246819771354
MS,PB_8,CTGGTCTTCCTCAATT-1,PB,0.43743113890425117
MS,PB_8,CTGTGCTCAATGTAAG-1,PB,-0.07001801433854374
MS,PB_8,CTTACCGGTCGAAAGC-1,PB,-0.7536228124897939
MS,PB_8,CTTCTCTGTACCGGCT-1,PB,0.1128627668176277
MS,PB_8,CTTGGCTTCCGTTGCT-1,PB,-0.45371654513398507
MS,PB_8,CTTTGCGCATGTAGTC-1-2,PB,-0.24736916253567248
MS,PB_8,CTTTGCGGTATTCGTG-1,PB,-0.2748036246944117
MS,PB_8,GAAACTCTCACTGGGC-1,PB,-0.48048479069270134
MS,PB_8,GAAATGAAGTTGTCGT-1,PB,-0.3374387329374317
MS,PB_8,GAAATGACATTACGAC-1-1,PB,-0.07001801433854374
MS,PB_8,GAACATCCAATCGGTT-1,PB,-0.22443526440446693
MS,PB_8,GACACGCAGTAGGCCA-1-1,PB,-0.24623427799198497
MS,PB_8,GACACGCCACCACGTG-1,PB,-0.3228897040502629
MS,PB_8,GACCTGGCACAACTGT-1,PB,-0.19083033121818346
MS,PB_8,GACGCGTGTATATGGA-1,PB,-0.25265931242679446
MS,PB_8,GACGGCTCATAGGATA-1,PB,-0.3228585100545825
MS,PB_8,GACGTTAGTGGTCCGT-1,PB,-0.5004811774282485
MS,PB_8,GACTACACATGGATGG-1,PB,-0.23205024177974135
MS,PB_8,GAGTCCGTCAGTCCCT-1,PB,-0.20850345331902723
MS,PB_8,GAGTCCGTCCGCGGTA-1,PB,-0.3843670542513708
MS,PB_8,GATCAGTTCCCAAGAT-1,PB,0.4249699935971266
MS,PB_8,GATGAGGCACAGCGTC-1,PB,-0.23980986682184588
MS,PB_8,GATGCTACATTGGTAC-1,PB,-0.13782043561421148
MS,PB_8,GCAATCACAAGCCCAC-1,PB,-0.3786256043485784
MS,PB_8,GCAATCAGTTACCAGT-1,PB,-0.18206763193377923
MS,PB_8,GCACTCTGTCGAGTTT-1,PB,-0.07001801433854374
MS,PB_8,GCAGCCATCAGTACGT-1,PB,-0.18935659174687688
MS,PB_8,GCAGTTAAGGTAGCCA-1,PB,0.142717857681851
MS,PB_8,GCAGTTATCGGATGGA-1,PB,-0.07001801433854374
MS,PB_8,GCATACAAGAAGGGTA-1,PB,0.4814011713212188
MS,PB_8,GCATGTATCTATCCTA-1,PB,-0.1856533239700647
MS,PB_8,GCCTCTACACCGAATT-1,PB,-0.07001801433854374
MS,PB_8,GCGCAGTTCTTTAGGG-1,PB,-0.617914978101107
MS,PB_8,GCGCCAAAGGTGTGGT-1,PB,-0.07001801433854374
MS,PB_8,GCGGGTTTCGCATGAT-1,PB,0.7960868732152756
MS,PB_8,GCTGCGATCACTTATC-1,PB,-0.22747883668554905
MS,PB_8,GCTGCTTAGATTACCC-1,PB,0.015763296097185908
MS,PB_8,GCTGGGTCATGCTAGT-1,PB,0.3813587285500647
MS,PB_8,GCTTCCATCGTTGCCT-1,PB,-0.5157122717264556
MS,PB_8,GCTTGAAAGTCGTACT-1,PB,0.05855461597208352
MS,PB_8,GGAACTTTCCAGGGCT-1,PB,-0.1437745774148626
MS,PB_8,GGAACTTTCCTAGAAC-1,PB,0.5595850108731923
MS,PB_8,GGAATAAAGTTGCAGG-1,PB,0.26314139260083136
MS,PB_8,GGAATAAGTGTTGGGA-1,PB,-0.07001801433854374
MS,PB_8,GGACAAGAGGCGACAT-1,PB,-0.6030042947647213
MS,PB_8,GGCGACTAGATGTCGG-1,PB,-0.20336090657559214
MS,PB_8,GGCGACTAGGGAAACA-1,PB,-0.07001801433854374
MS,PB_8,GGCGACTTCGCTTAGA-1,PB,0.5182253559750926
MS,PB_8,GGCTGGTTCGCATGAT-1,PB,-0.07001801433854374
MS,PB_8,GGGAATGAGACAGACC-1-2,PB,-0.23981937162257966
MS,PB_8,GGGAGATCAAGGACAC-1,PB,-0.09130367361975557
MS,PB_8,GGGATGAGTTCATGGT-1,PB,-0.301489626405158
MS,PB_8,GGGATGATCGCCCTTA-1-1,PB,0.14967230058033146
MS,PB_8,GGGCACTAGAGTCTGG-1,PB,-0.7533339547638894
MS,PB_8,GGGCATCTCACCATAG-1,PB,-1.0041930866461592
MS,PB_8,GGGTCTGAGGAATGGA-1,PB,-0.1957660546175805
MS,PB_8,GGGTTGCCATGGATGG-1,PB,-0.20238679415891925
MS,PB_8,GGTATTGGTACATGTC-1-1,PB,-0.3393183367291593
MS,PB_8,GGTATTGTCCAGAGGA-1,PB,-0.3870815242294268
MS,PB_8,GGTGCGTAGGATTCGG-1,PB,-0.2815102779234134
MS,PB_8,GTAACTGAGCTCCTTC-1,PB,-0.07001801433854374
MS,PB_8,GTACTTTAGTACGATA-1,PB,-0.19999991162943062
MS,PB_8,GTATCTTGTAAGGGCT-1,PB,0.2134612485119794
MS,PB_8,GTCACAAGTTCCAACA-1,PB,0.1031037933576411
MS,PB_8,GTCACGGGTTAAGATG-1,PB,-0.638430769343711
MS,PB_8,GTCACGGTCACGCATA-1,PB,-0.2060631107650613
MS,PB_8,GTCATTTCATGCGCAC-1,PB,0.07014481507700543
MS,PB_8,GTCATTTGTCTTCGTC-1,PB,-0.5274928611476006
MS,PB_8,GTCGTAATCCGCGTTT-1,PB,-0.07001801433854374
MS,PB_8,GTCTCGTGTCCGTCAG-1,PB,-0.9253204803293088
MS,PB_8,GTCTCGTGTCTTGTCC-1,PB,-0.2500360219174432
MS,PB_8,GTCTCGTTCATAACCG-1,PB,-0.07001801433854374
MS,PB_8,GTGAAGGAGGTCGGAT-1,PB,-0.47385851350917246
MS,PB_8,GTGAAGGAGTACCGGA-1,PB,0.2828346632448034
MS,PB_8,GTGCAGCCACACTGCG-1,PB,-0.07001801433854374
MS,PB_8,GTGCAGCCACATTAGC-1,PB,-0.29121473483596766
MS,PB_8,GTGCAGCTCAATCACG-1,PB,-0.44657418209406213
MS,PB_8,GTGCATAAGATCTGAA-1,PB,-0.07001801433854374
MS,PB_8,GTGCATAAGGAACTGC-1-1,PB,-0.07001801433854374
MS,PB_8,GTGCGGTAGACTCGGA-1,PB,-0.1988682338829992
MS,PB_8,GTGCGGTGTTAAGACA-1,PB,-0.8570063602518229
MS,PB_8,GTGGGTCGTATTAGCC-1,PB,-0.4783137745530574
MS,PB_8,GTGTGCGCAAGCGATG-1,PB,0.13582437825615457
MS,PB_8,GTTAAGCCATTGCGGC-1-1,PB,-0.6120530288017475
MS,PB_8,GTTACAGTCGAATGCT-1,PB,-0.07001801433854374
MS,PB_8,GTTTCTAAGCCACGCT-1,PB,-0.07001801433854374
MS,PB_8,TACACGACAATCGGTT-1,PB,-0.27354269995010444
MS,PB_8,TACACGACAATCTGCA-1,PB,-0.28619008716994737
MS,PB_8,TACCTATTCCTACAGA-1,PB,-0.5789640469359186
MS,PB_8,TACGGATGTTTAGCTG-1,PB,-0.28260125837950373
MS,PB_8,TACGGGCAGCCACTAT-1,PB,0.5108929707276064
MS,PB_8,TACTTGTTCAGGTTCA-1,PB,-0.23438032680296894
MS,PB_8,TAGACCATCTCAAGTG-1,PB,-0.5793919521196164
MS,PB_8,TAGGCATAGGCTCAGA-1,PB,-0.27902179956294015
MS,PB_8,TAGTGGTGTCAATGTC-1,PB,-0.33628199704270767
MS,PB_8,TAGTGGTGTGCTGTAT-1,PB,-0.25022514220359754
MS,PB_8,TAGTTGGAGGAATCGC-1,PB,-0.07001801433854374
MS,PB_8,TAGTTGGGTGACGCCT-1,PB,-0.1600148693278917
MS,PB_8,TATGCCCAGCCACGCT-1,PB,-0.0715795673571513
MS,PB_8,TATGCCCAGTGAACAT-1-1,PB,-0.07001801433854374
MS,PB_8,TATGCCCTCGCGTAGC-1,PB,-0.3071632519373408
MS,PB_8,TCAACGAAGAAGGTTT-1,PB,-0.07001801433854374
MS,PB_8,TCACAAGCAGTTAACC-1,PB,-0.07001801433854374
MS,PB_8,TCACGAACATGGTCAT-1,PB,0.11488161452743041
MS,PB_8,TCACGAAGTACTTAGC-1-1,PB,-0.07001801433854374
MS,PB_8,TCAGCAAAGTTTCCTT-1,PB,-0.07001801433854374
MS,PB_8,TCAGCTCAGGGCTTGA-1,PB,-0.4820406218831052
MS,PB_8,TCAGCTCTCTCCGGTT-1,PB,-0.7545438638317445
MS,PB_8,TCAGGATAGGTACTCT-1,PB,0.11981430152052021
MS,PB_8,TCAGGATTCTTCGGTC-1-1,PB,-0.6288610902787289
MS,PB_8,TCAGGTAAGAGACTTA-1,PB,-0.25630187221417117
MS,PB_8,TCAGGTAGTGATGATA-1,PB,-0.19478539792186764
MS,PB_8,TCATTACAGTAGGTGC-1,PB,-0.207603851188444
MS,PB_8,TCATTACCACAACGCC-1,PB,-0.29001477774317724
MS,PB_8,TCATTTGCACGCATCG-1,PB,-0.17807044472531977
MS,PB_8,TCATTTGTCGCAAACT-1,PB,-0.1935629748499462
MS,PB_8,TCGAGGCGTGCGATAG-1,PB,-0.07001801433854374
MS,PB_8,TCGCGAGCACCTATCC-1,PB,0.03441499610737707
MS,PB_8,TCGCGTTTCAGTGCAT-1,PB,0.09608964548377975
MS,PB_8,TCGGGACCAGACAAAT-1,PB,-0.047726642090047365
MS,PB_8,TCGGGACTCAGTGTTG-1,PB,-0.07001801433854374
MS,PB_8,TCGTAGAGTCCGCTGA-1,PB,0.03156797135524679
MS,PB_8,TCTGGAAGTGAAGGCT-1,PB,-0.5900985436526506
MS,PB_8,TCTGGAATCAACCAAC-1,PB,0.14760390435280804
MS,PB_8,TCTTCGGAGCACAGGT-1,PB,-0.218332498014917
MS,PB_8,TCTTCGGTCAGGTAAA-1,PB,-0.2886560841019624
MS,PB_8,TCTTTCCAGTACGATA-1,PB,-0.034728171850483526
MS,PB_8,TCTTTCCGTAGGGACT-1,PB,-0.32543655723595555
MS,PB_8,TCTTTCCTCCTGCCAT-1,PB,-0.26915250403252483
MS,PB_8,TCTTTCCTCCTTGCCA-1,PB,-0.21860144677288304
MS,PB_8,TGACGGCAGTAGTGCG-1,PB,-0.49128227782474937
MS,PB_8,TGACTAGTCACCCTCA-1,PB,-0.18630511807819813
MS,PB_8,TGAGAGGAGACGACGT-1,PB,-0.07001801433854374
MS,PB_8,TGAGCATAGCTAGTTC-1,PB,0.24577561214650376
MS,PB_8,TGAGCATTCCCACTTG-1,PB,-0.07001801433854374
MS,PB_8,TGATTTCTCAAGCCTA-1,PB,-0.37415821254093967
MS,PB_8,TGCACCTGTGGTAACG-1,PB,-0.26063653726014263
MS,PB_8,TGCACCTTCAGATAAG-1,PB,-0.20671829261825847
MS,PB_8,TGCCAAATCGAATCCA-1,PB,0.6455831664046885
MS,PB_8,TGCCCTATCTCGCTTG-1,PB,0.3417884558695519
MS,PB_8,TGCGGGTTCAGCTCTC-1,PB,-0.07001801433854374
MS,PB_8,TGCTGCTCAAAGCGGT-1,PB,-0.4561171072905338
MS,PB_8,TGGCCAGTCTCAAACG-1,PB,-0.24665427795863742
MS,PB_8,TGGCGCAGTTAGGGTG-1,PB,-0.4131201072928587
MS,PB_8,TGGGAAGAGTGCTGCC-1,PB,-0.07001801433854374
MS,PB_8,TGGGCGTTCCCGACTT-1,PB,0.42744067779166584
MS,PB_8,TGGTTCCGTCTCTTTA-1,PB,-0.07001801433854374
MS,PB_8,TGGTTCCTCGAGCCCA-1-2,PB,-0.2354121615702526
MS,PB_8,TGTTCCGCACGAAGCA-1,PB,0.14896031054096248
MS,PB_8,TTAACTCCATTCTTAC-1,PB,-0.07001801433854374
MS,PB_8,TTAACTCTCGGTCCGA-1,PB,-0.07001801433854374
MS,PB_8,TTAGGACAGTACTTGC-1,PB,-0.07001801433854374
MS,PB_8,TTAGGACAGTAGCGGT-1,PB,-0.07001801433854374
MS,PB_8,TTAGGCACAATGTTGC-1,PB,-0.07001801433854374
MS,PB_8,TTAGGCAGTTCGCGAC-1,PB,-0.29570780111027883
MS,PB_8,TTATGCTGTCCGAGTC-1,PB,-0.07001801433854374
MS,PB_8,TTCTACAAGATACACA-1,PB,-0.18763450140969787
MS,PB_8,TTCTACATCTTGACGA-1,PB,-0.07001801433854374
MS,PB_8,TTGAACGGTCCTAGCG-1,PB,-0.07001801433854374
MS,PB_8,TTGACTTCACATGGGA-1,PB,-0.2997344383509528
MS,PB_8,TTGCCGTAGAAGGACA-1,PB,-0.07001801433854374
MS,PB_8,TTGCGTCAGATGCCTT-1,PB,-0.28183214103504545
MS,PB_8,TTGCGTCAGGCGTACA-1,PB,0.06321863122827351
MS,PB_8,TTGGAACCATCGATTG-1,PB,-0.45021410082023033
MS,PB_8,TTGGCAATCTGTACGA-1,PB,-0.07001801433854374
MS,PB_8,TTTGCGCGTGCGAAAC-1,PB,0.11211640116245224
MS,PB_8,TTTGGTTTCTTGTACT-1,PB,-0.4014288427225923
MS,PB_8,TTTGTCAGTCCGCTGA-1,PB,-0.2614521494500513
MS,PB_9,AAACCTGAGGAGTAGA-1-1,PB,-0.07001801433854374
MS,PB_9,AAACCTGTCGGTGTCG-1,PB,0.10746721058842722
MS,PB_9,AACTCAGGTACCGTAT-1,PB,-0.10696326393217924
MS,PB_9,AACTCTTAGCGTTGCC-1,PB,0.17077380751247265
MS,PB_9,AACTTTCAGGGCTTGA-1,PB,-0.9025624264112369
MS,PB_9,ACACCAAAGCAGATCG-1,PB,-0.07001801433854374
MS,PB_9,ACAGCTAAGCTCCCAG-1,PB,-0.4795910261546239
MS,PB_9,ACATACGCACACAGAG-1,PB,-0.47519222567084063
MS,PB_9,ACGAGGATCGATGAGG-1,PB,0.03866706849121101
MS,PB_9,ACGATGTAGATCCCGC-1,PB,-0.07001801433854374
MS,PB_9,ACGCCAGAGGTCATCT-1,PB,-0.6333895358720062
MS,PB_9,ACGCCGACACAGGAGT-1,PB,0.4430877309902734
MS,PB_9,ACGCCGACAGCTGTGC-1,PB,-0.19863046846386886
MS,PB_9,ACGGGCTCAGGCTCAC-1,PB,-0.07001801433854374
MS,PB_9,ACGGGCTTCCGTACAA-1,PB,-0.07001801433854374
MS,PB_9,ACGTCAAGTATGCTTG-1,PB,-0.9642385414695769
MS,PB_9,ACTGAACCATCTCGCT-1,PB,-0.3644984311365385
MS,PB_9,ACTGAGTGTGCAACTT-1,PB,-0.07001801433854374
MS,PB_9,ACTGATGGTGATAAAC-1,PB,-0.07001801433854374
MS,PB_9,ACTGCTCCATCGATGT-1-1,PB,-0.19851196775523078
MS,PB_9,ACTTACTTCCTCTAGC-1,PB,0.0808850888397463
MS,PB_9,ACTTGTTAGCGATTCT-1,PB,0.13109160264184153
MS,PB_9,AGACGTTTCCGTTGCT-1,PB,0.41291382096206736
MS,PB_9,AGATCTGAGTGAACAT-1,PB,-0.22174893335878293
MS,PB_9,AGATCTGCAGTTCCCT-1,PB,0.23367420115421247
MS,PB_9,AGCGGTCAGGTGACCA-1,PB,0.28059833560239167
MS,PB_9,AGCGTATAGGGTGTGT-1,PB,-0.07001801433854374
MS,PB_9,AGCTCTCCAACACCTA-1,PB,-0.07001801433854374
MS,PB_9,AGGCCGTCACCTTGTC-1,PB,-0.9370426314819106
MS,PB_9,AGTAGTCAGCGTCAAG-1,PB,0.14282155139919114
MS,PB_9,AGTGGGATCATCTGCC-1,PB,-0.29028006430322495
MS,PB_9,AGTTGGTAGGGAGTAA-1,PB,-0.6246295892862432
MS,PB_9,AGTTGGTGTCAAGCGA-1,PB,-0.07001801433854374
MS,PB_9,ATAAGAGGTGCAGGTA-1,PB,0.11219806394392487
MS,PB_9,ATAAGAGTCCTGTACC-1,PB,0.38627214460503373
MS,PB_9,ATCATGGTCTGGTTCC-1,PB,-0.6289181210669665
MS,PB_9,ATCCGAAGTCATCGGC-1-1,PB,-0.4911197178621647
MS,PB_9,ATGGGAGCAATTCCTT-1,PB,0.1979841599063472
MS,PB_9,ATTACTCAGTTCGATC-1,PB,0.1760313445349224
MS,PB_9,ATTACTCTCAAGATCC-1,PB,-0.01418921602082556
MS,PB_9,ATTTCTGCAAGCGAGT-1-1,PB,-0.2684435528722583
MS,PB_9,CAACCAATCTTGCAAG-1,PB,-0.07001801433854374
MS,PB_9,CACACCTTCATAACCG-1,PB,-0.2054960203361767
MS,PB_9,CACCACTGTTTACTCT-1,PB,-0.05534072398771846
MS,PB_9,CAGTAACGTACCGGCT-1,PB,-0.8190316149417771
MS,PB_9,CATCAGATCGGCGCTA-1,PB,0.6164243022710514
MS,PB_9,CATGCCTTCCGTACAA-1,PB,-0.049737370479471084
MS,PB_9,CATTATCCATCGGGTC-1,PB,-0.03736870068243051
MS,PB_9,CATTCGCAGGGATCTG-1,PB,-0.8365474908540552
MS,PB_9,CCGGGATTCTCGCATC-1,PB,0.049874578959931685
MS,PB_9,CCGTTCAAGATCTGAA-1,PB,-0.23536791983130484
MS,PB_9,CCGTTCATCTAACTCT-1-1,PB,-0.07001801433854374
MS,PB_9,CCTTCGAAGCACACAG-1-1,PB,0.4439814529789306
MS,PB_9,CGAACATAGTTACCCA-1,PB,0.20966126563951062
MS,PB_9,CGACTTCAGGTGCTAG-1,PB,-0.5864853579579886
MS,PB_9,CGATGTAAGAAGGTTT-1,PB,-0.37495579104811194
MS,PB_9,CGCGTTTAGGACAGAA-1,PB,-0.07001801433854374
MS,PB_9,CGCTGGACACAACTGT-1,PB,0.20359424369744702
MS,PB_9,CGCTTCATCCGAGCCA-1,PB,0.4635160525925672
MS,PB_9,CGGCTAGAGGTTACCT-1,PB,-0.07001801433854374
MS,PB_9,CGTAGGCAGTAGTGCG-1,PB,-0.07001801433854374
MS,PB_9,CGTCACTAGATACACA-1,PB,0.024235034316585913
MS,PB_9,CGTCAGGAGGTTACCT-1,PB,0.2583645551703005
MS,PB_9,CGTCAGGTCAACACCA-1,PB,-0.2234778192914013
MS,PB_9,CGTCTACGTTATCCGA-1,PB,0.18727120196602492
MS,PB_9,CGTGAGCGTCCAACTA-1,PB,0.18029668406137464
MS,PB_9,CGTTGGGTCAATCTCT-1,PB,0.17587432159125932
MS,PB_9,CTAAGACAGGGTCTCC-1,PB,-0.07001801433854374
MS,PB_9,CTAATGGCACTACAGT-1,PB,0.081749056924476
MS,PB_9,CTAATGGTCCAAACTG-1,PB,0.3620338346169478
MS,PB_9,CTACCCAGTTCTGAAC-1,PB,-0.16502998644779465
MS,PB_9,CTACCCATCATGCAAC-1,PB,0.27162088754986186
MS,PB_9,CTCACACAGCCCGAAA-1-1,PB,0.4083312692422328
MS,PB_9,CTCTGGTTCGTACGGC-1,PB,-0.07001801433854374
MS,PB_9,CTGAAACGTCTAGTCA-1-1,PB,-0.23962047478326923
MS,PB_9,CTGCCTAAGCGCTTAT-1,PB,0.22766655838516678
MS,PB_9,CTGTGCTCAAGCTGGA-1,PB,-0.26827112203482817
MS,PB_9,CTTAACTCAATTGCTG-1,PB,0.14532574222211994
MS,PB_9,CTTAACTTCCGTCAAA-1,PB,0.5403011005942939
MS,PB_9,CTTCTCTAGATAGCAT-1,PB,0.07301890997566376
MS,PB_9,CTTCTCTCACCAGATT-1,PB,0.10355980082998269
MS,PB_9,CTTCTCTCACCTCGTT-1,PB,0.31122622029052566
MS,PB_9,CTTGGCTCAGCCTGTG-1-1,PB,0.11968853198825669
MS,PB_9,GAACATCGTGCACCAC-1,PB,0.43983896548239926
MS,PB_9,GAATAAGAGTGCCATT-1,PB,-0.07001801433854374
MS,PB_9,GAATAAGGTCCGAACC-1,PB,-0.07001801433854374
MS,PB_9,GACACGCGTCTTGATG-1-1,PB,-0.2662075583592175
MS,PB_9,GACAGAGTCCCAGGTG-1,PB,-0.008053554143470436
MS,PB_9,GACCAATAGAGCTGCA-1,PB,-0.21228055785397876
MS,PB_9,GACGGCTAGATATGGT-1,PB,-0.07001801433854374
MS,PB_9,GACGGCTTCAGCAACT-1,PB,0.2437714067137422
MS,PB_9,GACGTGCCACATAACC-1,PB,-0.5422376800365694
MS,PB_9,GACGTTATCATGTCCC-1,PB,-0.4252024260553178
MS,PB_9,GACTAACCACACCGCA-1,PB,0.8873072620842287
MS,PB_9,GATCGTATCTTGAGAC-1-1,PB,0.5524075221099064
MS,PB_9,GATGAAACAGCCTATA-1,PB,-0.07001801433854374
MS,PB_9,GCAGTTACACGACGAA-1,PB,-0.1203146514988204
MS,PB_9,GCATGCGTCACCTCGT-1,PB,-0.22436106575071246
MS,PB_9,GCATGTAAGTAGCGGT-1,PB,-0.20608419598445898
MS,PB_9,GCGCAGTCAGGATTGG-1,PB,-0.07001801433854374
MS,PB_9,GCTGCAGTCGCCATAA-1,PB,0.08415576482964414
MS,PB_9,GCTGCGAGTCAGAAGC-1,PB,-0.19048335374453632
MS,PB_9,GCTGCTTAGCCAGGAT-1-1,PB,-0.032260811528965386
MS,PB_9,GCTGCTTGTACAGACG-1,PB,-0.5612809082087017
MS,PB_9,GGAAAGCTCACGACTA-1,PB,-0.31957766901330054
MS,PB_9,GGAACTTTCCGAACGC-1,PB,0.20744184507411417
MS,PB_9,GGAATAAAGATGTGTA-1,PB,0.10097406042488755
MS,PB_9,GGACAAGTCTAAGCCA-1-1,PB,-0.2010066449147437
MS,PB_9,GGACAGAAGTGAATTG-1,PB,0.5334349932575686
MS,PB_9,GGCAATTAGCGAGAAA-1,PB,-0.5520877497317602
MS,PB_9,GGCGACTCATAACCTG-1,PB,-0.7789026118910078
MS,PB_9,GGCGACTTCGGTTAAC-1,PB,-0.8097351295298667
MS,PB_9,GGCGTGTGTCTTGTCC-1,PB,-0.24649647136513547
MS,PB_9,GGCTCGAAGGCCATAG-1,PB,-0.28309048771912776
MS,PB_9,GGCTGGTGTCGAACAG-1,PB,0.14865549134255257
MS,PB_9,GGGACCTCAACACCTA-1,PB,0.47861357004383315
MS,PB_9,GGGATGAAGACCTAGG-1,PB,-0.15447838425147165
MS,PB_9,GGTGAAGGTTGGGACA-1,PB,0.04628089450884398
MS,PB_9,GGTGCGTCACACCGCA-1,PB,0.19913807583380078
MS,PB_9,GGTGTTAAGAACTCGG-1-1,PB,-0.5229725706935671
MS,PB_9,GTAACGTAGGCCCGTT-1,PB,-0.20302572086740417
MS,PB_9,GTAACGTTCGGCGCTA-1,PB,-0.03477687190322693
MS,PB_9,GTCGTAATCTTTAGTC-1,PB,0.25037639419343954
MS,PB_9,GTCTTCGGTTGAGGTG-1,PB,0.12484709885388752
MS,PB_9,GTGAAGGAGGTGACCA-1,PB,-0.07001801433854374
MS,PB_9,GTGAAGGTCCTTTACA-1,PB,-0.19178100084112173
MS,PB_9,GTGAAGGTCTGAGGGA-1,PB,-0.6281226182499735
MS,PB_9,GTGCGGTTCAATCTCT-1,PB,-0.6204581444998386
MS,PB_9,GTGGGTCAGCACACAG-1,PB,0.6816838590074197
MS,PB_9,GTGTTAGCATTAACCG-1,PB,-0.07001801433854374
MS,PB_9,GTTAAGCTCCGTAGGC-1,PB,-0.02251879469894456
MS,PB_9,GTTACAGAGCTCCTTC-1,PB,-0.26703940437144874
MS,PB_9,GTTACAGAGTAGTGCG-1,PB,0.187096525115573
MS,PB_9,GTTCATTGTTAAGTAG-1,PB,0.08251567698865639
MS,PB_9,GTTCGGGCAACTGGCC-1,PB,-0.2947259614229293
MS,PB_9,GTTTCTACAATACGCT-1,PB,-0.07001801433854374
MS,PB_9,TAAACCGGTGATGTGG-1,PB,-0.32793778083760244
MS,PB_9,TACACGAGTCATTAGC-1,PB,-0.2269363481735252
MS,PB_9,TACGGGCCAGTGGGAT-1,PB,-0.07001801433854374
MS,PB_9,TACTCATCACCCTATC-1,PB,0.12448857608658558
MS,PB_9,TAGGCATCACAAGCCC-1,PB,-0.3983176333686345
MS,PB_9,TATCAGGTCGAGCCCA-1,PB,0.044676729085540705
MS,PB_9,TCAACGAGTGGCGAAT-1,PB,0.5275637976918437
MS,PB_9,TCACGAAGTTGGTGGA-1,PB,-0.07001801433854374
MS,PB_9,TCAGATGGTAAGTGTA-1,PB,-0.07001801433854374
MS,PB_9,TCATTACAGCCTCGTG-1-1,PB,-0.07001801433854374
MS,PB_9,TCATTACGTCAGTGGA-1,PB,-0.07001801433854374
MS,PB_9,TCCCGATGTAGAGCTG-1,PB,0.04913550535501188
MS,PB_9,TCGAGGCCACAGCCCA-1,PB,0.1595504634874849
MS,PB_9,TCGAGGCGTAAATACG-1,PB,-0.494928072472939
MS,PB_9,TCGCGAGTCGATGAGG-1,PB,-0.07001801433854374
MS,PB_9,TCGGTAAGTACGCTGC-1,PB,-0.07183254872179111
MS,PB_9,TCGGTAATCGTCTGAA-1-1,PB,-0.07001801433854374
MS,PB_9,TCTCATAGTAGCTTGT-1,PB,0.07498101899621082
MS,PB_9,TCTCTAACAAGCGAGT-1,PB,0.038834505217057384
MS,PB_9,TCTTCGGCAAGCCGTC-1,PB,0.0694725530138308
MS,PB_9,TGACTAGCAAGGACAC-1,PB,-0.07001801433854374
MS,PB_9,TGACTTTTCAGTTTGG-1,PB,-0.20510675004061266
MS,PB_9,TGCACCTTCCTTCAAT-1,PB,-0.07001801433854374
MS,PB_9,TGCCAAAGTGTGACCC-1,PB,-0.23142379041732195
MS,PB_9,TGCCCTATCAAACCAC-1,PB,-0.07001801433854374
MS,PB_9,TGCGCAGCACACATGT-1,PB,-0.05952089293144679
MS,PB_9,TGCTGCTAGATCCGAG-1,PB,0.08845454126790844
MS,PB_9,TGGACGCAGTCGTACT-1,PB,0.20857466356655746
MS,PB_9,TGGCGCAGTTAAGTAG-1,PB,0.1195401383575724
MS,PB_9,TGGCTGGGTGAAATCA-1,PB,-0.3004292825190076
MS,PB_9,TTAGTTCCAAGTCTGT-1,PB,-0.07001801433854374
MS,PB_9,TTAGTTCTCTATGTGG-1-2,PB,0.3286771070246595
MS,PB_9,TTCCCAGCACATGACT-1,PB,-0.0034909781065708373
MS,PB_9,TTCGAAGAGTGAACAT-1-1,PB,0.035321310175023345
MS,PB_9,TTGCGTCCAATCGGTT-1,PB,-0.07001801433854374
MS,PB_9,TTTACTGGTTTACTCT-1,PB,0.21063141068446306
MS,PB_9,TTTCCTCTCCACGTGG-1,PB,0.6260817992504167
MS,PB_10,AAACCTGAGGAGTAGA-1-2,PB,0.0024950811880292295
MS,PB_10,AAACCTGCAAGTTAAG-1,PB,-0.16799508985272055
MS,PB_10,AAACCTGCACGAGAGT-1,PB,-0.22726470506061688
MS,PB_10,AAACCTGGTGAGGCTA-1,PB,-0.18059175137051156
MS,PB_10,AAACGGGAGGCATGGT-1,PB,-0.22647303829724166
MS,PB_10,AAACGGGTCGGTTCGG-1,PB,-0.2145640488167603
MS,PB_10,AAAGATGCACGAAGCA-1,PB,0.07009444066008094
MS,PB_10,AAAGCAAAGTCCTCCT-1,PB,-0.22869986243828988
MS,PB_10,AAAGCAACAGACGCCT-1,PB,0.3777191808828402
MS,PB_10,AAAGTAGGTGGCAAAC-1,PB,0.05258591281298832
MS,PB_10,AAAGTAGGTTCTGAAC-1,PB,-0.07001801433854374
MS,PB_10,AAATGCCCAGGAATCG-1,PB,0.25424777494592954
MS,PB_10,AAATGCCTCTGGCGTG-1,PB,-0.3280939658215082
MS,PB_10,AACACGTAGGCACATG-1,PB,-0.07494575712330494
MS,PB_10,AACACGTCAAACTGCT-1,PB,-0.15126436906527527
MS,PB_10,AACACGTGTAAACCTC-1,PB,0.031083973840297836
MS,PB_10,AACACGTTCAGTGCAT-1,PB,-0.428634742502811
MS,PB_10,AACCGCGGTAGCCTCG-1,PB,0.16041411792937987
MS,PB_10,AACCGCGTCCGTTGCT-1,PB,-0.31189237906543693
MS,PB_10,AACGTTGTCAACACGT-1,PB,-0.6106143098934568
MS,PB_10,AACTCTTCAGTGGGAT-1,PB,0.18126176293214055
MS,PB_10,AACTCTTGTGGTGTAG-1,PB,-0.013053407861970623
MS,PB_10,AACTTTCGTAGAGCTG-1,PB,0.3080547216208718
MS,PB_10,AAGACCTGTTATCCGA-1,PB,0.4648529386428227
MS,PB_10,AAGCCGCAGCGTGTCC-1,PB,-0.07001801433854374
MS,PB_10,AAGCCGCCAAACTGCT-1,PB,-0.1541974023412518
MS,PB_10,AAGCCGCGTAACGTTC-1-1,PB,-0.5832387815768316
MS,PB_10,AAGGAGCCATTCTCAT-1,PB,-0.23498198090601335
MS,PB_10,AAGGCAGTCTGACCTC-1,PB,-0.07001801433854374
MS,PB_10,AAGGTTCAGCAGGTCA-1,PB,-1.145506016977891
MS,PB_10,AAGGTTCCACTGTTAG-1,PB,0.1304803215835403
MS,PB_10,AAGGTTCGTTGGGACA-1,PB,-0.07001801433854374
MS,PB_10,AATCCAGGTCTGCAAT-1,PB,0.5004920914125106
MS,PB_10,AATCGGTAGTCGAGTG-1,PB,-0.04736415060486944
MS,PB_10,AATCGGTTCATCATTC-1,PB,0.07286556783334407
MS,PB_10,AATCGGTTCTGGTATG-1,PB,-0.49818263306099697
MS,PB_10,ACACCAAGTCGGCACT-1,PB,-0.15882927918746415
MS,PB_10,ACACCGGAGGCATGTG-1-2,PB,0.0326715122715032
MS,PB_10,ACACCGGAGGTAGCCA-1,PB,-0.07001801433854374
MS,PB_10,ACACCGGTCTTTACAC-1,PB,-0.2583209115908998
MS,PB_10,ACACTGATCAGCCTAA-1-1,PB,-0.07001801433854374
MS,PB_10,ACAGCCGGTGGTTTCA-1,PB,0.3877594742101867
MS,PB_10,ACAGCTAGTATCGCAT-1,PB,0.023838112553326622
MS,PB_10,ACATCAGAGCCGTCGT-1,PB,-0.30047872022674404
MS,PB_10,ACATCAGCAAACAACA-1-1,PB,-0.17904697983208276
MS,PB_10,ACATCAGGTCAACATC-1,PB,0.07375554707999026
MS,PB_10,ACATGGTCAAACAACA-1,PB,0.4264780960403533
MS,PB_10,ACCCACTGTCCAGTAT-1,PB,-0.28625227289981126
MS,PB_10,ACCGTAAGTGTTGGGA-1,PB,0.17441624852138546
MS,PB_10,ACCGTAATCCAGTAGT-1,PB,-0.21450199870283163
MS,PB_10,ACCTTTAAGGGTGTGT-1,PB,0.3580487629143527
MS,PB_10,ACCTTTATCCCGACTT-1,PB,-0.21243205137952811
MS,PB_10,ACGAGCCAGGGTCTCC-1,PB,0.4864803603069937
MS,PB_10,ACGAGCCGTGTTCTTT-1,PB,-0.07001801433854374
MS,PB_10,ACGAGCCTCCCTCTTT-1-1,PB,-0.07001801433854374
MS,PB_10,ACGAGGACATGTCCTC-1,PB,0.48226076878842017
MS,PB_10,ACGAGGATCACCTTAT-1,PB,0.469025728869029
MS,PB_10,ACGAGGATCTATCCTA-1,PB,-0.4184570392439898
MS,PB_10,ACGATACCAGGAATGC-1,PB,0.07068060900627446
MS,PB_10,ACGATACCATCCGTGG-1,PB,0.14884189827811592
MS,PB_10,ACGATGTAGAAACCGC-1,PB,-0.11010423662141222
MS,PB_10,ACGATGTCAGACGCAA-1,PB,-0.2943653493260111
MS,PB_10,ACGATGTGTAGCCTCG-1,PB,-0.3889647534826631
MS,PB_10,ACGATGTTCCCAAGTA-1-1,PB,0.07587535762585298
MS,PB_10,ACGATGTTCTTACCTA-1,PB,0.39083665780688187
MS,PB_10,ACGCAGCGTTGGTGGA-1,PB,-0.17119943426081732
MS,PB_10,ACGCAGCTCGAGAGCA-1,PB,-0.035161211941779465
MS,PB_10,ACGCCAGTCAGTCCCT-1,PB,-0.2809332162059243
MS,PB_10,ACGCCGATCTACCTGC-1,PB,0.1884740475037703
MS,PB_10,ACGGAGAAGATGTCGG-1,PB,0.15693247902240318
MS,PB_10,ACGGAGAAGTGAAGAG-1,PB,0.21361325116512905
MS,PB_10,ACGGAGACAGGAATGC-1,PB,-0.23774858237242147
MS,PB_10,ACGGAGAGTTGGTAAA-1,PB,0.08594318188114157
MS,PB_10,ACGGCCATCCTTGCCA-1,PB,-0.2737643409090503
MS,PB_10,ACGGGCTCAATAACGA-1,PB,-0.22520090484152183
MS,PB_10,ACGGGCTCACGGTGTC-1,PB,0.03716928628986515
MS,PB_10,ACGGGCTCATGTCGAT-1-1,PB,-0.08890343866409152
MS,PB_10,ACGGGTCCACCACCAG-1,PB,0.3276822179885427
MS,PB_10,ACGTCAAGTATAGTAG-1,PB,-0.07001801433854374
MS,PB_10,ACGTCAAGTGTGTGCC-1,PB,-0.22346040494668926
MS,PB_10,ACGTCAATCCATGAAC-1,PB,0.09382338457766123
MS,PB_10,ACGTCAATCTGTACGA-1,PB,0.04528462051098524
MS,PB_10,ACTATCTAGATAGTCA-1,PB,-0.16143403260412037
MS,PB_10,ACTATCTGTATGAAAC-1,PB,-0.2169401548990433
MS,PB_10,ACTGAACAGTCATGCT-1,PB,-0.7252441020705368
MS,PB_10,ACTGAACGTTCCGGCA-1,PB,-0.07001801433854374
MS,PB_10,ACTGATGGTAGAGTGC-1,PB,-0.012684356448091802
MS,PB_10,ACTGATGGTCTGCAAT-1,PB,-0.07001801433854374
MS,PB_10,ACTGCTCAGCGTCAAG-1,PB,-0.26422060154899146
MS,PB_10,ACTGCTCAGTTGTAGA-1,PB,0.43705954352383564
MS,PB_10,ACTGTCCAGGCTAGAC-1,PB,-0.5835847157315819
MS,PB_10,ACTTACTAGATGTAAC-1,PB,-0.07001801433854374
MS,PB_10,ACTTACTAGGCCATAG-1,PB,-0.16728829766374567
MS,PB_10,ACTTGTTAGATAGTCA-1,PB,0.7219190319269603
MS,PB_10,ACTTGTTAGCCACCTG-1,PB,-0.17770737294945602
MS,PB_10,ACTTTCAAGGTGCTAG-1,PB,0.9375914065229473
MS,PB_10,ACTTTCAAGGTGCTTT-1,PB,-0.030307371692690037
MS,PB_10,ACTTTCAGTCCGACGT-1,PB,0.03436025665989793
MS,PB_10,AGAATAGAGCCACTAT-1,PB,-0.07001801433854374
MS,PB_10,AGAATAGCAGTATAAG-1,PB,-0.1716665610786825
MS,PB_10,AGAATAGTCCAGGGCT-1,PB,-0.2090873216307348
MS,PB_10,AGACGTTAGTATTGGA-1,PB,0.04158311806801104
MS,PB_10,AGACGTTTCACGAAGG-1,PB,-0.07001801433854374
MS,PB_10,AGAGCGAGTCGATTGT-1,PB,0.03447467670129124
MS,PB_10,AGAGCGATCATGTCCC-1,PB,-0.23357969307046364
MS,PB_10,AGAGCTTCATCAGTCA-1,PB,-0.553627601013632
MS,PB_10,AGAGCTTGTCAGGACA-1,PB,0.09291762447886949
MS,PB_10,AGAGTGGGTGTGCGTC-1,PB,-0.41507749990984716
MS,PB_10,AGAGTGGTCCGGGTGT-1,PB,0.012253441644421619
MS,PB_10,AGATCTGGTCAGAATA-1,PB,-0.07001801433854374
MS,PB_10,AGATCTGTCCGAAGAG-1,PB,-0.07001801433854374
MS,PB_10,AGATTGCAGACTGTAA-1,PB,0.09852107308628082
MS,PB_10,AGCAGCCAGACGACGT-1,PB,-0.07001801433854374
MS,PB_10,AGCAGCCAGCGAGAAA-1,PB,0.01703259208331755
MS,PB_10,AGCATACAGCGATGAC-1,PB,-0.25273446551136336
MS,PB_10,AGCATACCAGATCGGA-1-1,PB,-0.07001801433854374
MS,PB_10,AGCATACGTGTCGCTG-1,PB,0.6121858562108248
MS,PB_10,AGCCTAAAGGAGTTGC-1,PB,0.20369971424888103
MS,PB_10,AGCCTAAGTGATGTGG-1,PB,0.19030641949008528
MS,PB_10,AGCGGTCAGCGCCTTG-1,PB,-0.35733782832028715
MS,PB_10,AGCGGTCCACAACGTT-1,PB,0.12431229238670302
MS,PB_10,AGCGGTCTCAGTTTGG-1,PB,-0.2363785837051043
MS,PB_10,AGCGTATCACGCGAAA-1,PB,-0.7022876308987478
MS,PB_10,AGCGTATCATAGGATA-1-1,PB,-0.2659268077831363
MS,PB_10,AGCGTATGTCATACTG-1,PB,-0.40177399765193744
MS,PB_10,AGCTCCTAGAGATGAG-1,PB,-0.07001801433854374
MS,PB_10,AGCTCCTAGGTGATTA-1,PB,-0.3971078320645833
MS,PB_10,AGCTCCTCATTGGTAC-1,PB,0.02107591243604689
MS,PB_10,AGCTCTCCAAGTTCTG-1,PB,0.12008117209707882
MS,PB_10,AGCTCTCTCGCCAAAT-1,PB,-0.05799501826968506
MS,PB_10,AGCTTGAAGGACCACA-1,PB,-0.3817916953935791
MS,PB_10,AGCTTGATCGGCCGAT-1,PB,-0.3574346555951582
MS,PB_10,AGGCCACGTCTAGTGT-1,PB,0.1559455330897615
MS,PB_10,AGGCCACGTGAAAGAG-1,PB,-0.37163990763841914
MS,PB_10,AGGCCACTCACCATAG-1,PB,0.5577163329085896
MS,PB_10,AGGCCGTCAATGCCAT-1,PB,0.11751740565217765
MS,PB_10,AGGGAGTGTCGAACAG-1,PB,-0.07001801433854374
MS,PB_10,AGGGAGTGTCTCTCTG-1,PB,-0.1693253578179461
MS,PB_10,AGGGATGAGACTGGGT-1,PB,-0.07001801433854374
MS,PB_10,AGGGATGAGTTTCCTT-1,PB,-0.2377107717276212
MS,PB_10,AGGGATGTCAGAGGTG-1,PB,0.3643125172598379
MS,PB_10,AGGGTGACATTACCTT-1,PB,0.4288193174923785
MS,PB_10,AGGGTGATCATTGCGA-1,PB,0.22565604513482002
MS,PB_10,AGGGTGATCGCAGGCT-1,PB,0.07900100785678123
MS,PB_10,AGGTCATGTGTCAATC-1,PB,0.353118355669908
MS,PB_10,AGGTCATTCTGTCTAT-1,PB,-0.07001801433854374
MS,PB_10,AGGTCCGCACTAAGTC-1,PB,0.1371591411629667
MS,PB_10,AGGTCCGTCCACGACG-1-1,PB,-0.04370384505262922
MS,PB_10,AGTAGTCGTTCATGGT-1,PB,-0.1492167234643327
MS,PB_10,AGTCTTTCACGGCTAC-1,PB,-0.07001801433854374
MS,PB_10,AGTGAGGAGATAGGAG-1,PB,0.15729990453598483
MS,PB_10,AGTGAGGTCTAACTCT-1,PB,0.030794589846984514
MS,PB_10,AGTGGGAAGATCCGAG-1,PB,-0.2358011510966802
MS,PB_10,AGTGGGAGTATTAGCC-1-1,PB,0.018782008763479057
MS,PB_10,AGTGTCACAAGCCGTC-1,PB,-0.17528578865154026
MS,PB_10,AGTGTCATCAACACTG-1,PB,-0.19476332228934565
MS,PB_10,AGTGTCATCCTTAATC-1,PB,0.3587531510024649
MS,PB_10,AGTTGGTGTGTCAATC-1,PB,-0.1777231053560575
MS,PB_10,AGTTGGTTCAGAAATG-1,PB,-0.31238726634007913
MS,PB_10,ATAACGCGTAACGTTC-1,PB,0.224988891608315
MS,PB_10,ATAACGCGTGACCAAG-1,PB,-0.07001801433854374
MS,PB_10,ATCACGAAGGCAATTA-1-1,PB,-0.36988038168376897
MS,PB_10,ATCATGGCAACTGCGC-1,PB,-0.09631116355503253
MS,PB_10,ATCATGGTCAGCGACC-1,PB,0.21209231005739376
MS,PB_10,ATCCACCAGGCTATCT-1,PB,-0.07001801433854374
MS,PB_10,ATCCGAACATGGTAGG-1,PB,-0.35056660437654985
MS,PB_10,ATCCGAATCAGCACAT-1,PB,0.14285493831752924
MS,PB_10,ATCCGAATCTATCCCG-1,PB,-0.16264207571646092
MS,PB_10,ATCGAGTCAGCCTGTG-1,PB,-0.07001801433854374
MS,PB_10,ATCGAGTGTGACAAAT-1-1,PB,-0.07001801433854374
MS,PB_10,ATCTACTGTAATTGGA-1,PB,-0.07001801433854374
MS,PB_10,ATCTACTGTCTTGCGG-1,PB,-0.07001801433854374
MS,PB_10,ATCTGCCCAAACAACA-1,PB,0.2387810413439688
MS,PB_10,ATGAGGGCAATAGCAA-1,PB,0.335615256644871
MS,PB_10,ATGAGGGCAGGGCATA-1-2,PB,0.1274268099920168
MS,PB_10,ATGAGGGGTTCTGGTA-1,PB,-0.15849866260642262
MS,PB_10,ATGAGGGTCCCACTTG-1,PB,-0.21190353299162107
MS,PB_10,ATGCGATGTACGAAAT-1,PB,-0.05619510788606249
MS,PB_10,ATGCGATGTGCCTGGT-1,PB,0.5104542609931488
MS,PB_10,ATGGGAGAGAGCTGCA-1,PB,-0.07001801433854374
MS,PB_10,ATGGGAGGTAGCTTGT-1,PB,0.1399216577512998
MS,PB_10,ATGTGTGAGCTCCTCT-1,PB,0.11623653990015256
MS,PB_10,ATGTGTGCATATACGC-1-1,PB,-0.07001801433854374
MS,PB_10,ATTACTCTCCATGAGT-1,PB,-0.07001801433854374
MS,PB_10,ATTATCCGTCGTCTTC-1,PB,-0.07001801433854374
MS,PB_10,ATTATCCGTGCACCAC-1,PB,0.05795391426819452
MS,PB_10,ATTCTACAGGAACTGC-1,PB,-1.1577551954283472
MS,PB_10,ATTCTACGTCGGGTCT-1,PB,0.25480803238341504
MS,PB_10,ATTCTACGTGGTTTCA-1,PB,-0.038830367459785985
MS,PB_10,ATTGGTGAGGCGACAT-1,PB,-0.21279727442377064
MS,PB_10,ATTGGTGAGGCTCTTA-1,PB,0.34937643026774357
MS,PB_10,ATTGGTGCACGGCTAC-1,PB,-0.2433422092891082
MS,PB_10,ATTGGTGTCGTTACAG-1,PB,-0.39950556925202
MS,PB_10,ATTTCTGCAAGAGGCT-1,PB,0.15526477076855194
MS,PB_10,CAACCAAAGCTACCTA-1,PB,-0.07001801433854374
MS,PB_10,CAACCAACACGTTGGC-1,PB,-0.17597804469997472
MS,PB_10,CAACCAAGTTCCACTC-1,PB,-0.21001516257477218
MS,PB_10,CAACCTCGTAGCTGCC-1,PB,0.115845638675852
MS,PB_10,CAACTAGTCTCCAGGG-1,PB,-0.1573498097022516
MS,PB_10,CAAGATCAGAACAACT-1,PB,-0.15272039575675317
MS,PB_10,CAAGGCCAGTAGGCCA-1,PB,-0.25506583662091076
MS,PB_10,CAAGGCCCACTTCTGC-1,PB,0.1867030253309722
MS,PB_10,CAAGGCCTCAACCAAC-1,PB,-0.40337552097857865
MS,PB_10,CAAGTTGAGGCTCTTA-1,PB,-0.17958368108195374
MS,PB_10,CAAGTTGCATCGGACC-1-1,PB,0.09560300682902427
MS,PB_10,CAAGTTGTCCCACTTG-1,PB,-0.07001801433854374
MS,PB_10,CAAGTTGTCCGTAGTA-1,PB,-0.8322915457275742
MS,PB_10,CACAAACCACATCTTT-1,PB,0.5098176560443385
MS,PB_10,CACAAACCATTACCTT-1,PB,0.06599021489089164
MS,PB_10,CACACAAAGGACTGGT-1,PB,-0.6796022307117269
MS,PB_10,CACACAACACCTTGTC-1,PB,-0.22847044879678527
MS,PB_10,CACACAAGTAAAGTCA-1,PB,0.4801727424226634
MS,PB_10,CACACAAGTCTCCATC-1,PB,-0.21823196140250697
MS,PB_10,CACACCTCACCACCAG-1,PB,0.447355499059735
MS,PB_10,CACACCTCACTGCCAG-1,PB,-0.48929811262038964
MS,PB_10,CACACCTGTTGTTTGG-1,PB,0.23186363626518727
MS,PB_10,CACACTCAGGCGATAC-1,PB,-0.23070984597167424
MS,PB_10,CACACTCGTTCCGTCT-1,PB,-0.060570506154366564
MS,PB_10,CACACTCTCAATCTCT-1,PB,0.22198215692581894
MS,PB_10,CACAGTAAGCCGGTAA-1,PB,0.12482264439321507
MS,PB_10,CACAGTATCCGCGTTT-1,PB,-0.07001801433854374
MS,PB_10,CACAGTATCTCGAGTA-1,PB,0.07406124086036615
MS,PB_10,CACATAGAGCTAGTCT-1,PB,0.160659725350877
MS,PB_10,CACATAGAGGCAATTA-1,PB,-0.07001801433854374
MS,PB_10,CACATAGCACATAACC-1,PB,-0.07001801433854374
MS,PB_10,CACATTTTCTCACATT-1,PB,0.10327631891920712
MS,PB_10,CACCACTAGCGATGAC-1,PB,0.4547834458553554
MS,PB_10,CACCTTGAGAGACGAA-1,PB,0.021025532753379466
MS,PB_10,CACCTTGAGGAGTTGC-1,PB,0.18288294981789077
MS,PB_10,CACCTTGTCGTATCAG-1,PB,0.19984233686631336
MS,PB_10,CACTCCAAGGAGTTGC-1,PB,0.05465066648028398
MS,PB_10,CACTCCATCCTAGGGC-1,PB,-0.47483331670809814
MS,PB_10,CACTCCATCTGTACGA-1-1,PB,0.15923974488445275
MS,PB_10,CAGAATCGTAGGCTGA-1,PB,0.04295641165423486
MS,PB_10,CAGAGAGAGCACAGGT-1,PB,0.1339216407206826
MS,PB_10,CAGAGAGAGTGTCTCA-1,PB,-0.07001801433854374
MS,PB_10,CAGATCAAGCTTCGCG-1,PB,-0.07001801433854374
MS,PB_10,CAGCAGCGTTCAGCGC-1-1,PB,0.05917840087955934
MS,PB_10,CAGCAGCTCCGTAGTA-1,PB,-0.23504947884116592
MS,PB_10,CAGCAGCTCTCCTATA-1,PB,-0.22724007472533186
MS,PB_10,CAGCATAAGAACAATC-1,PB,0.18755998807110014
MS,PB_10,CAGCATAAGCAGCGTA-1,PB,0.09792842365406385
MS,PB_10,CAGCCGAGTCAGCTAT-1,PB,-0.1694767961499664
MS,PB_10,CAGCCGAGTGTTTGGT-1,PB,0.06494570271829023
MS,PB_10,CAGCGACGTCTACCTC-1,PB,-0.4975424888760599
MS,PB_10,CAGCGACTCCTGCCAT-1,PB,-0.18015950726888103
MS,PB_10,CAGCTAAGTAGTACCT-1,PB,-0.07001801433854374
MS,PB_10,CAGCTAAGTGGACGAT-1,PB,-0.1662367999013741
MS,PB_10,CAGCTAATCCAAGTAC-1,PB,0.12841548763132463
MS,PB_10,CAGCTGGAGGGATCTG-1,PB,0.2691330771125254
MS,PB_10,CAGCTGGCAGCTGGCT-1,PB,0.4091661731394747
MS,PB_10,CAGGTGCGTAAAGGAG-1-1,PB,0.20627450027971111
MS,PB_10,CAGGTGCTCACGCGGT-1,PB,-0.07192860346512278
MS,PB_10,CAGGTGCTCGGTTAAC-1,PB,-0.06481994222068427
MS,PB_10,CAGTCCTCAAGGACAC-1,PB,0.0013616065451154441
MS,PB_10,CATATGGAGAGTACCG-1,PB,-0.07001801433854374
MS,PB_10,CATATGGCACGCCAGT-1-1,PB,-0.19694872948777517
MS,PB_10,CATATGGGTGGGTCAA-1,PB,-0.35936190095937703
MS,PB_10,CATATGGTCGTCACGG-1,PB,0.3231634801216659
MS,PB_10,CATATGGTCTAACTGG-1,PB,0.10337980614114432
MS,PB_10,CATATTCTCTGTTGAG-1,PB,0.01601091699885332
MS,PB_10,CATCAAGCAATACGCT-1-2,PB,0.002273521776961801
MS,PB_10,CATCAAGCAGACACTT-1,PB,0.37623661512995765
MS,PB_10,CATCAAGCATGCCCGA-1,PB,-0.11108408555354374
MS,PB_10,CATCAAGGTACAGACG-1,PB,-0.45712049193126286
MS,PB_10,CATCAGAAGTCAAGGC-1,PB,0.4606439783433199
MS,PB_10,CATCAGACATTATCTC-1,PB,0.7672852587010995
MS,PB_10,CATCCACAGAGTAAGG-1,PB,-0.2162074972262437
MS,PB_10,CATCCACCAGTCAGCC-1,PB,-0.04263148964879455
MS,PB_10,CATCGAAGTAATCGTC-1,PB,0.08853799926715035
MS,PB_10,CATCGAAGTACCGCTG-1,PB,-0.18150195905314878
MS,PB_10,CATCGGGCACCGAAAG-1,PB,-0.01866808380087957
MS,PB_10,CATCGGGGTCGGATCC-1,PB,0.1745157608395396
MS,PB_10,CATGACAAGTGTACGG-1,PB,0.1923416953740631
MS,PB_10,CATGCCTCATACTACG-1,PB,0.19398074466339246
MS,PB_10,CATGCCTGTCAGATAA-1,PB,-0.05812780335523291
MS,PB_10,CATGGCGTCAACACTG-1-1,PB,-0.7678694008174949
MS,PB_10,CATTATCTCAATCTCT-1,PB,-0.28742107684930035
MS,PB_10,CATTCGCGTAGCAAAT-1,PB,-0.07001801433854374
MS,PB_10,CATTCGCGTGTTGAGG-1,PB,0.18526640649596474
MS,PB_10,CCAATCCGTCCAGTGC-1,PB,-0.22520090484152183
MS,PB_10,CCAATCCGTCTAGTCA-1,PB,-0.07001801433854374
MS,PB_10,CCAATCCTCGGATGTT-1,PB,0.5233568655887443
MS,PB_10,CCACCTAAGAAACCAT-1-1,PB,-0.28252388353571656
MS,PB_10,CCACCTAGTCCGACGT-1,PB,0.08226772035654303
MS,PB_10,CCACCTAGTTTGGGCC-1,PB,-0.07001801433854374
MS,PB_10,CCACGGACATCTACGA-1,PB,-0.24631812123750704
MS,PB_10,CCACGGAGTCGCATCG-1,PB,-0.43124416603114113
MS,PB_10,CCACGGATCGGCTACG-1,PB,0.27806549684681703
MS,PB_10,CCACTACAGGATCGCA-1,PB,-0.3705857785344289
MS,PB_10,CCAGCGAAGGGCATGT-1,PB,0.2338493823408285
MS,PB_10,CCATGTCAGTGAAGAG-1,PB,-0.2376546766282894
MS,PB_10,CCATGTCCACGGTAGA-1-1,PB,0.10918823132614128
MS,PB_10,CCATTCGCAGGGAGAG-1,PB,-0.7361349031789836
MS,PB_10,CCCAATCTCTCTAGGA-1,PB,0.07481866080439872
MS,PB_10,CCCTCCTCAGTTCCCT-1,PB,0.37819402839562094
MS,PB_10,CCGGGATCAATACGCT-1,PB,0.04369569437760516
MS,PB_10,CCGGGATGTTCAGCGC-1,PB,-0.07001801433854374
MS,PB_10,CCGGTAGAGAATTGTG-1,PB,-0.07001801433854374
MS,PB_10,CCGGTAGAGTGTACCT-1,PB,-0.10263231586094632
MS,PB_10,CCGGTAGTCAGGTTCA-1,PB,-0.2486694270501147
MS,PB_10,CCGTACTCACCTTGTC-1,PB,-0.8170932990204649
MS,PB_10,CCGTTCACACCATGTA-1,PB,0.09656408019887748
MS,PB_10,CCGTTCATCACATGCA-1,PB,-0.14961087805247245
MS,PB_10,CCTAAAGGTACGCACC-1,PB,-0.1351053293397514
MS,PB_10,CCTAAAGTCCTCAACC-1,PB,0.2997977806170003
MS,PB_10,CCTACACCAGTCTTCC-1,PB,0.38297834160122973
MS,PB_10,CCTACACGTTCTGAAC-1,PB,-0.2109360237749031
MS,PB_10,CCTAGCTGTGGTTTCA-1,PB,0.012597050346764218
MS,PB_10,CCTTACGTCAGAGCTT-1,PB,-0.5470344959622407
MS,PB_10,CCTTACGTCAGCTGGC-1,PB,0.47257841895052277
MS,PB_10,CCTTCCCAGAAGGTTT-1,PB,0.0316510048066491
MS,PB_10,CCTTCCCAGGTGTTAA-1,PB,-0.39582473119281314
MS,PB_10,CCTTCGACACACATGT-1,PB,-0.24954308960097812
MS,PB_10,CCTTCGAGTGACGGTA-1,PB,-0.3012569724423641
MS,PB_10,CCTTTCTGTGTATGGG-1,PB,0.37957815155174257
MS,PB_10,CCTTTCTTCTCATTCA-1,PB,0.13842485969656315
MS,PB_10,CGAACATTCTAAGCCA-1,PB,0.7549103474126967
MS,PB_10,CGACCTTGTCTCATCC-1,PB,-0.2889081762086937
MS,PB_10,CGACTTCAGCGGCTTC-1,PB,-0.07001801433854374
MS,PB_10,CGACTTCGTCAACTGT-1,PB,0.19436939143177231
MS,PB_10,CGACTTCTCACCCGAG-1-1,PB,0.2382848563572481
MS,PB_10,CGACTTCTCTGAGTGT-1,PB,-0.17267189704481503
MS,PB_10,CGAGCCAAGTGGGCTA-1,PB,0.19589412885380655
MS,PB_10,CGATCGGCATGGGAAC-1,PB,-0.15927531645855209
MS,PB_10,CGATCGGGTATTCGTG-1,PB,0.11188774603487926
MS,PB_10,CGATGGCCAAGCGCTC-1,PB,-0.16986614044614315
MS,PB_10,CGATGGCTCACTCCTG-1,PB,-0.24670697398126049
MS,PB_10,CGATTGATCAGTTTGG-1-1,PB,0.2294439935635582
MS,PB_10,CGATTGATCCACGACG-1,PB,-0.07001801433854374
MS,PB_10,CGATTGATCTGGTTCC-1,PB,0.13966878475343256
MS,PB_10,CGCCAAGAGGAGTAGA-1,PB,-0.327813575855146
MS,PB_10,CGCTATCCAGTGAGTG-1,PB,0.45271740184480835
MS,PB_10,CGCTATCGTCGGGTCT-1,PB,0.006914831147269469
MS,PB_10,CGCTATCGTTTAAGCC-1,PB,-0.3288074690181773
MS,PB_10,CGCTGGACATGCATGT-1,PB,-0.02310207613176124
MS,PB_10,CGGACACTCCGCGGTA-1,PB,-0.23921987644264925
MS,PB_10,CGGACTGCAGTTAACC-1,PB,-0.17896618663600838
MS,PB_10,CGGAGCTAGCCAACAG-1,PB,0.6777371153014388
MS,PB_10,CGGAGCTCACTGTGTA-1,PB,0.10728747378687535
MS,PB_10,CGGAGCTGTGCCTTGG-1-1,PB,0.3670143638644673
MS,PB_10,CGGAGTCAGGCGACAT-1,PB,0.2745665473247612
MS,PB_10,CGGCTAGGTCTAAACC-1,PB,-0.07001801433854374
MS,PB_10,CGGGTCACACCGGAAA-1,PB,-0.07001801433854374
MS,PB_10,CGGTTAAGTTAGGGTG-1,PB,-0.15689805848711577
MS,PB_10,CGTAGCGAGCGACGTA-1,PB,-0.07001801433854374
MS,PB_10,CGTAGCGCACCGAAAG-1,PB,-0.8244963519229787
MS,PB_10,CGTCCATAGGTGCAAC-1,PB,0.481270787005431
MS,PB_10,CGTCTACGTCTGCAAT-1,PB,0.3618084768074897
MS,PB_10,CGTGAGCCAATGGAGC-1,PB,-0.07001801433854374
MS,PB_10,CGTGAGCTCCCTCAGT-1,PB,-0.18254915585464673
MS,PB_10,CGTGTCTGTGACGCCT-1,PB,0.14928702803295352
MS,PB_10,CGTTAGAGTCGGATCC-1,PB,-0.07001801433854374
MS,PB_10,CGTTAGATCGCAAACT-1,PB,-0.45975098746199233
MS,PB_10,CGTTCTGCAAACCCAT-1,PB,0.1756172939160267
MS,PB_10,CGTTCTGGTCACTGGC-1,PB,0.5392011881541393
MS,PB_10,CGTTCTGGTCTAGCGC-1,PB,0.377368276384365
MS,PB_10,CGTTCTGGTGCGGTAA-1,PB,0.3246513181949178
MS,PB_10,CGTTGGGTCTCAACTT-1,PB,-0.4149021243252206
MS,PB_10,CTAACTTCACCAGGCT-1-1,PB,-0.3371575380405866
MS,PB_10,CTAACTTGTGCAGACA-1,PB,-0.843345524839674
MS,PB_10,CTAAGACAGGCTAGGT-1,PB,-0.2059200336528859
MS,PB_10,CTAATGGCATATGCTG-1,PB,-0.3059057190258182
MS,PB_10,CTAATGGCATTCACTT-1,PB,0.0059942304965785774
MS,PB_10,CTAATGGTCAACACTG-1,PB,0.3453968350102266
MS,PB_10,CTAATGGTCTGATACG-1,PB,0.09736125270800576
MS,PB_10,CTACACCCAAAGTCAA-1,PB,-0.0013023462126108593
MS,PB_10,CTACGTCTCACGAAGG-1,PB,-0.34757955954543523
MS,PB_10,CTACGTCTCTTGTACT-1,PB,-0.1824294573040637
MS,PB_10,CTAGAGTAGATAGCAT-1,PB,0.11304087086141609
MS,PB_10,CTAGAGTCACGAGGTA-1,PB,0.32799936111849975
MS,PB_10,CTAGAGTTCTGGTTCC-1,PB,-0.07001801433854374
MS,PB_10,CTAGCCTAGTAGCGGT-1,PB,-0.07001801433854374
MS,PB_10,CTAGCCTCATGTCGAT-1,PB,0.12200640521686494
MS,PB_10,CTAGCCTTCTGCTGTC-1,PB,-0.052926863274930624
MS,PB_10,CTCACACCAATGCCAT-1,PB,-0.18630177725188737
MS,PB_10,CTCACACCACATGTGT-1,PB,0.2116904105042163
MS,PB_10,CTCACACCATTGGGCC-1,PB,-0.24447864194181598
MS,PB_10,CTCAGAAGTACAGCAG-1,PB,-0.07001801433854374
MS,PB_10,CTCAGAAGTCTCTCGT-1,PB,0.13708400219822667
MS,PB_10,CTCAGAAGTGTAATGA-1,PB,0.5155897710483359
MS,PB_10,CTCATTAGTTGTCTTT-1,PB,0.12451530661828257
MS,PB_10,CTCATTATCCGTCATC-1-2,PB,-0.07001801433854374
MS,PB_10,CTCGAAAGTAGTACCT-1,PB,0.06799651840227552
MS,PB_10,CTCGGGACAACTGCGC-1,PB,0.014777792380359114
MS,PB_10,CTCGGGAGTTTGACTG-1,PB,0.09985809628777273
MS,PB_10,CTCGTCAAGAGTGAGA-1,PB,0.3882870789771457
MS,PB_10,CTCTACGAGTGAAGAG-1-1,PB,0.03403496033926384
MS,PB_10,CTCTACGTCAGCGATT-1,PB,-0.2658868305057142
MS,PB_10,CTCTACGTCCTAGAAC-1,PB,0.11652511400381745
MS,PB_10,CTCTGGTAGCCAACAG-1,PB,-0.07001801433854374
MS,PB_10,CTCTGGTAGTTTGCGT-1,PB,0.39129385742872147
MS,PB_10,CTGAAGTAGGTTACCT-1,PB,0.07949238412795194
MS,PB_10,CTGAAGTGTCCAGTAT-1,PB,0.06802799407218682
MS,PB_10,CTGATCCCAAGCCATT-1,PB,0.05727292476666361
MS,PB_10,CTGATCCGTATATCCG-1,PB,0.10043012265777632
MS,PB_10,CTGATCCGTGGGTCAA-1,PB,-0.4319616026169588
MS,PB_10,CTGATCCTCCTGTAGA-1,PB,0.16561859852595082
MS,PB_10,CTGCTGTCAGTGGAGT-1,PB,0.04353851755168791
MS,PB_10,CTGCTGTTCCCAACGG-1,PB,-0.5554308508204625
MS,PB_10,CTGTGCTAGCTAGTGG-1,PB,-0.5378118959094624
MS,PB_10,CTGTGCTGTCTCACCT-1,PB,-0.2345324930571577
MS,PB_10,CTGTTTAAGGAATGGA-1,PB,1.0346993326458187
MS,PB_10,CTGTTTATCAACTCTT-1,PB,0.03247827702332912
MS,PB_10,CTTAACTCATCACAAC-1,PB,0.12686245740332108
MS,PB_10,CTTAACTGTCACACGC-1,PB,-0.41730848463528586
MS,PB_10,CTTACCGAGCTAACTC-1,PB,-0.1667161105382815
MS,PB_10,CTTACCGCATGGAATA-1-1,PB,-0.07001801433854374
MS,PB_10,CTTACCGGTTGGAGGT-1,PB,-0.07001801433854374
MS,PB_10,CTTAGGACAGGTCTCG-1,PB,-0.06864307238407642
MS,PB_10,CTTCTCTAGGATCGCA-1,PB,0.28238950747977937
MS,PB_10,CTTCTCTTCGTTACGA-1,PB,-0.411911329522562
MS,PB_10,CTTGGCTTCCAAGCCG-1-1,PB,0.08086990889409713
MS,PB_10,CTTTGCGAGGCATGTG-1,PB,-0.21389534164949806
MS,PB_10,CTTTGCGAGTACGACG-1,PB,-0.23501500123797622
MS,PB_10,GAAACTCCAGGGATTG-1,PB,-0.31941986749568513
MS,PB_10,GAAATGATCACGCGGT-1,PB,0.4375554433194054
MS,PB_10,GAAATGATCATGTCCC-1,PB,-0.2671516434924918
MS,PB_10,GAACATCTCCGATATG-1,PB,-0.45387182942261445
MS,PB_10,GAACCTAAGCACACAG-1,PB,-0.07001801433854374
MS,PB_10,GAACCTAAGGCTCATT-1,PB,-0.17286997457815442
MS,PB_10,GAACCTACATCTCGCT-1,PB,-0.40854370013441793
MS,PB_10,GAACCTATCCCAGGTG-1,PB,-0.07001801433854374
MS,PB_10,GAAGCAGCAGGACCCT-1,PB,-0.3606455983723635
MS,PB_10,GAAGCAGGTGCTTCTC-1,PB,0.051176760739693315
MS,PB_10,GAATAAGTCGTGGACC-1,PB,-0.07001801433854374
MS,PB_10,GAATGAAAGATGCCAG-1,PB,-0.33825031580117243
MS,PB_10,GACAGAGCAACACCTA-1,PB,-0.023274903111198206
MS,PB_10,GACCAATGTATATGGA-1,PB,-0.5090948553626402
MS,PB_10,GACCTGGCAAGACGTG-1,PB,-0.153870303994796
MS,PB_10,GACCTGGCAAGCCGTC-1,PB,-0.23053815615634196
MS,PB_10,GACCTGGCAGGCTCAC-1,PB,-0.07001801433854374
MS,PB_10,GACGCGTAGAAACGAG-1,PB,-0.19884440908833748
MS,PB_10,GACGCGTAGGTGCACA-1,PB,0.0852310781667213
MS,PB_10,GACGGCTCATGTAGTC-1,PB,0.15863208904958312
MS,PB_10,GACGGCTTCCCAGGTG-1,PB,0.46881208735086705
MS,PB_10,GACGGCTTCGCTGATA-1,PB,-0.44071799973566433
MS,PB_10,GACGTGCAGTGAACGC-1,PB,-0.20159864378927114
MS,PB_10,GACGTGCTCTTGTCAT-1-1,PB,-0.14096324772358246
MS,PB_10,GACGTTAAGCGTCAAG-1,PB,-0.02568199996130519
MS,PB_10,GACGTTACACCTCGTT-1,PB,-0.03131957917151694
MS,PB_10,GACGTTATCTACTCAT-1,PB,0.06382957767249135
MS,PB_10,GACTAACCAATAGAGT-1,PB,-0.43794034835690604
MS,PB_10,GACTAACTCAGCACAT-1,PB,0.2738935289185148
MS,PB_10,GACTACAAGGGAACGG-1,PB,0.46986983880787886
MS,PB_10,GACTGCGGTCTTGCGG-1,PB,0.19737637694327348
MS,PB_10,GAGCAGACACCGTTGG-1,PB,0.3399755922311325
MS,PB_10,GAGCAGACAGTATCTG-1,PB,0.04871351851297552
MS,PB_10,GAGCAGACATCCGTGG-1,PB,-0.14554547274732385
MS,PB_10,GATCAGTAGAACAACT-1-1,PB,-0.3887853266637991
MS,PB_10,GATCAGTAGGCTCTTA-1,PB,-0.1521105312766932
MS,PB_10,GATCGATAGCGTCAAG-1,PB,-0.25396343357263806
MS,PB_10,GATCGCGGTCATTAGC-1-2,PB,-0.26793428297080113
MS,PB_10,GATCGTAGTGAAGGCT-1,PB,0.14308092651656576
MS,PB_10,GATCGTAGTTCATGGT-1,PB,-0.18932301337101623
MS,PB_10,GATCGTAGTTTAGGAA-1-1,PB,-0.23352237282609187
MS,PB_10,GATCTAGCATGGTTGT-1,PB,0.08018062216103913
MS,PB_10,GATCTAGGTCGCATAT-1,PB,-0.17232030540207516
MS,PB_10,GATCTAGTCTCGGACG-1,PB,-0.3303145839721174
MS,PB_10,GATGAAATCAACGCTA-1,PB,-0.22747883668554905
MS,PB_10,GATGAAATCGCTAGCG-1,PB,-0.08364838587757187
MS,PB_10,GATGAGGAGCAGGTCA-1,PB,-0.011646260386661151
MS,PB_10,GATTCAGGTAAAGTCA-1,PB,0.3853403956307643
MS,PB_10,GCAAACTCAAGTCTGT-1-1,PB,-0.3401951813852013
MS,PB_10,GCAATCACAGAAGCAC-1,PB,0.13739000355341233
MS,PB_10,GCACATAGTCGGCATC-1,PB,-0.05291188606021846
MS,PB_10,GCACATATCCTTCAAT-1,PB,-0.07001801433854374
MS,PB_10,GCACTCTCACCGGAAA-1-1,PB,-0.010150687068433072
MS,PB_10,GCAGCCAAGGATGGAA-1,PB,0.04311728574455127
MS,PB_10,GCAGCCAGTTAAAGTG-1,PB,0.3376002384472006
MS,PB_10,GCATACAAGAACTGTA-1,PB,-0.17777032268117401
MS,PB_10,GCATACAAGACAAAGG-1,PB,-0.042723481032014135
MS,PB_10,GCATGATCATCCCACT-1,PB,-0.6043934994057837
MS,PB_10,GCATGCGAGGAATCGC-1-1,PB,0.2566790082632675
MS,PB_10,GCATGCGGTTACCGAT-1,PB,-0.40066311091607215
MS,PB_10,GCATGCGTCAACGGGA-1-1,PB,0.7000444514517142
MS,PB_10,GCATGTAGTCACCTAA-1,PB,-0.053304926310422364
MS,PB_10,GCATGTATCACAGGCC-1,PB,-0.44533099946909355
MS,PB_10,GCCAAATAGCTAGCCC-1,PB,-0.02554032890540097
MS,PB_10,GCCAAATCACCACGTG-1,PB,-0.07001801433854374
MS,PB_10,GCCTCTAGTCGCGAAA-1,PB,0.18582632456627463
MS,PB_10,GCGACCAAGCCGCCTA-1,PB,-0.4326497497833714
MS,PB_10,GCGACCAAGCTGAACG-1,PB,-0.07001801433854374
MS,PB_10,GCGACCAAGGCCGAAT-1,PB,-0.07001801433854374
MS,PB_10,GCGAGAAGTGTGCCTG-1,PB,-0.2715025901197918
MS,PB_10,GCGAGAAGTTATCACG-1,PB,-0.14302670002091625
MS,PB_10,GCGAGAATCATGCTCC-1,PB,-0.07001801433854374
MS,PB_10,GCGAGAATCTCGAGTA-1,PB,0.2636787144900602
MS,PB_10,GCGCAACAGAACTGTA-1,PB,-0.07001801433854374
MS,PB_10,GCGCAACCAGCCTGTG-1,PB,-0.008596106552368837
MS,PB_10,GCGCAACCATTCTCAT-1,PB,-0.3055098888839335
MS,PB_10,GCGCAGTAGCTGTCTA-1,PB,-0.24649456563088948
MS,PB_10,GCGCAGTTCAACTCTT-1,PB,-0.20905869166651683
MS,PB_10,GCGCCAAAGGAGCGAG-1,PB,0.3428306202413666
MS,PB_10,GCGCCAAAGGTGTGGT-1-1,PB,-0.1979584986751928
MS,PB_10,GCGCCAACAATTCCTT-1,PB,0.4079237228049224
MS,PB_10,GCTCCTATCAACCAAC-1,PB,-0.01586246173226372
MS,PB_10,GCTCTGTAGCTGTCTA-1,PB,-0.26030368386986474
MS,PB_10,GCTCTGTGTCCGAGTC-1,PB,0.7435511839917464
MS,PB_10,GCTGCAGAGTCTCGGC-1,PB,-0.9290777243826749
MS,PB_10,GCTGCAGGTCCGAATT-1,PB,-0.07001801433854374
MS,PB_10,GCTGCAGGTCTCCCTA-1,PB,0.33802272387659216
MS,PB_10,GCTGCGAGTACAGCAG-1,PB,-0.07001801433854374
MS,PB_10,GCTGCGAGTCAGAATA-1,PB,0.08400067205455497
MS,PB_10,GCTGGGTAGTGGAGAA-1,PB,0.21708076555814845
MS,PB_10,GCTGGGTGTGCTGTAT-1,PB,-0.13400309150780862
MS,PB_10,GCTTCCAAGATGCGAC-1,PB,-0.11534268441304459
MS,PB_10,GCTTGAATCGTCACGG-1,PB,-0.4140714466314129
MS,PB_10,GCTTGAATCTCGCTTG-1,PB,-0.16069576587507392
MS,PB_10,GGAAAGCAGACTAAGT-1,PB,0.30939948140038914
MS,PB_10,GGAAAGCAGGACTGGT-1,PB,0.7448077435077599
MS,PB_10,GGAACTTCAAGGTTCT-1,PB,-0.12890724475275558
MS,PB_10,GGAACTTCATGACGGA-1,PB,-0.07001801433854374
MS,PB_10,GGACAAGAGAAGGTGA-1,PB,0.03599268468681975
MS,PB_10,GGACAAGGTCTAAAGA-1,PB,0.32419702718296367
MS,PB_10,GGACAGACACCGCTAG-1,PB,0.3600234703782092
MS,PB_10,GGACGTCAGACTAGGC-1,PB,-0.07001801433854374
MS,PB_10,GGACGTCTCTCCAACC-1,PB,-0.2728896191020062
MS,PB_10,GGATGTTAGGAGTTGC-1,PB,0.06807660081841307
MS,PB_10,GGATGTTCAGGTTTCA-1,PB,-0.07001801433854374
MS,PB_10,GGATTACGTGAGGCTA-1,PB,0.08379705185923289
MS,PB_10,GGCAATTAGTCTCGGC-1,PB,0.37002648764389084
MS,PB_10,GGCGACTCATCACCCT-1,PB,0.13140107733882597
MS,PB_10,GGCGACTTCAACGGCC-1,PB,-0.34100046736771317
MS,PB_10,GGCGTGTCATGCCCGA-1,PB,0.23723924264020776
MS,PB_10,GGCGTGTTCAACGGCC-1,PB,-0.5631111783961652
MS,PB_10,GGCTCGACAACCGCCA-1,PB,0.519556095509302
MS,PB_10,GGCTCGAGTACAGTTC-1,PB,-0.2451701239357403
MS,PB_10,GGCTGGTCACAGACAG-1,PB,-0.07001801433854374
MS,PB_10,GGCTGGTGTTCGGGCT-1,PB,0.005029144318704477
MS,PB_10,GGGAATGCAAGAAAGG-1,PB,0.29192239848716356
MS,PB_10,GGGAATGCACGTCAGC-1,PB,-0.18015950726888103
MS,PB_10,GGGAATGGTGTTAAGA-1,PB,0.2571660518964956
MS,PB_10,GGGAATGTCCCTCAGT-1,PB,0.2671103326694015
MS,PB_10,GGGACCTAGAGGTTGC-1,PB,-0.22898443718196873
MS,PB_10,GGGACCTGTAAACGCG-1,PB,-0.4462024370970267
MS,PB_10,GGGACCTGTCCTCTTG-1,PB,0.016034597413758074
MS,PB_10,GGGACCTTCCAAACTG-1,PB,-0.15870779780223757
MS,PB_10,GGGAGATAGTGTCTCA-1,PB,-0.21993019678705636
MS,PB_10,GGGAGATCATAGGATA-1,PB,0.19590323199953788
MS,PB_10,GGGATGAAGCCAGGAT-1,PB,0.012477748000841402
MS,PB_10,GGGATGACATTGGGCC-1,PB,-0.07001801433854374
MS,PB_10,GGGATGATCAGGCCCA-1,PB,0.12492705092767546
MS,PB_10,GGGCACTAGCGTGAAC-1,PB,0.10447970545285903
MS,PB_10,GGGCACTCAAGTAGTA-1,PB,-0.12661777567923518
MS,PB_10,GGGCACTGTGACAAAT-1-1,PB,-0.3755069225301893
MS,PB_10,GGGCACTTCCACTCCA-1,PB,0.03237675145003046
MS,PB_10,GGGCATCAGTGTCCCG-1,PB,0.17790706729941294
MS,PB_10,GGGCATCGTTCGTGAT-1,PB,-0.1772145817008856
MS,PB_10,GGGTCTGAGGTGATAT-1,PB,-0.7184365637623962
MS,PB_10,GGGTCTGGTAATAGCA-1,PB,-0.21375151273958012
MS,PB_10,GGGTTGCAGAAGGGTA-1,PB,0.3476742936430322
MS,PB_10,GGTGCGTAGCTGCAAG-1,PB,-0.4805991895722785
MS,PB_10,GGTGCGTCAGGTCTCG-1,PB,-0.07001801433854374
MS,PB_10,GGTGTTACACTATCTT-1,PB,-0.2195023026572538
MS,PB_10,GTAACGTAGCTGTCTA-1,PB,0.018856907939737957
MS,PB_10,GTAACGTGTAGCTAAA-1,PB,-0.32051890860643034
MS,PB_10,GTAACTGGTTTAAGCC-1,PB,0.030916089377906915
MS,PB_10,GTACGTAGTTAGAACA-1,PB,-0.36035029989657064
MS,PB_10,GTACGTATCCTCAACC-1,PB,-0.15291195238608773
MS,PB_10,GTACTCCAGTGATCGG-1,PB,-0.172208369077789
MS,PB_10,GTACTCCGTGTTCTTT-1-1,PB,0.18595572325164886
MS,PB_10,GTAGGCCTCAGCTCTC-1,PB,-0.3825580358529875
MS,PB_10,GTAGTCATCGGAAACG-1,PB,-0.8576720038766806
MS,PB_10,GTATCTTCAATGGACG-1,PB,0.048751829198951664
MS,PB_10,GTATCTTGTACTCTCC-1,PB,0.000308824994552735
MS,PB_10,GTATTCTTCGGAATCT-1,PB,0.3307707283608539
MS,PB_10,GTCACGGGTAGCTTGT-1,PB,0.40116145258552266
MS,PB_10,GTCACGGTCATGTGGT-1,PB,-0.7862208182030616
MS,PB_10,GTCATTTCAAGCGTAG-1,PB,-0.436068248336917
MS,PB_10,GTCATTTGTTACGACT-1,PB,0.030505123282228232
MS,PB_10,GTCCTCACAAGGACTG-1,PB,0.1590515210259881
MS,PB_10,GTCCTCAGTCGCATAT-1,PB,0.08875797075861454
MS,PB_10,GTCCTCATCAGCTCTC-1,PB,0.08019149932716084
MS,PB_10,GTCGGGTCAGGGTATG-1,PB,-0.17132261950713995
MS,PB_10,GTCGTAAAGTACCGGA-1,PB,-0.5877303226127921
MS,PB_10,GTCGTAACACAAGCCC-1-1,PB,-0.18467309953855876
MS,PB_10,GTCGTAATCTCATTCA-1,PB,0.09597472142419125
MS,PB_10,GTCTCGTAGGCATGGT-1,PB,-0.10201381548704273
MS,PB_10,GTCTCGTAGTTTGCGT-1-1,PB,-0.053042416844595326
MS,PB_10,GTCTCGTGTATTACCG-1,PB,0.43650163713692336
MS,PB_10,GTCTTCGAGCGAAGGG-1,PB,-0.6245231630504067
MS,PB_10,GTGCAGCAGGCAAAGA-1,PB,0.07053005476475625
MS,PB_10,GTGCAGCCAGCTTCGG-1-1,PB,-0.07001801433854374
MS,PB_10,GTGCAGCGTGCCTGCA-1,PB,-0.07001801433854374
MS,PB_10,GTGCAGCTCTTGTACT-1,PB,-0.2985497691966881
MS,PB_10,GTGCATACAGTAAGAT-1,PB,-0.25233340532007176
MS,PB_10,GTGGGTCAGGCCCTCA-1,PB,0.0488916715249695
MS,PB_10,GTGTTAGTCTAACCGA-1,PB,-0.23751212200520125
MS,PB_10,GTTAAGCGTCGCGAAA-1,PB,-0.07001801433854374
MS,PB_10,GTTACAGAGCTGCGAA-1,PB,-0.3264855602345106
MS,PB_10,GTTCATTCAATGGACG-1,PB,0.1304670117182855
MS,PB_10,GTTCATTCACGGCTAC-1,PB,-0.07001801433854374
MS,PB_10,GTTCTCGAGCCACTAT-1,PB,0.3235982993554596
MS,PB_10,GTTCTCGAGCGCTTAT-1,PB,0.18928268040470855
MS,PB_10,GTTCTCGAGGACATTA-1,PB,-0.189816390178536
MS,PB_10,GTTCTCGAGTCATCCA-1,PB,-0.25675985111509875
MS,PB_10,GTTCTCGCATGGTAGG-1-1,PB,-0.18457341740190664
MS,PB_10,GTTCTCGGTTAAGAAC-1,PB,-0.18092687676276367
MS,PB_10,GTTTCTAGTCGTTGTA-1,PB,-0.07001801433854374
MS,PB_10,TAAACCGAGACGCAAC-1,PB,0.21652758123579083
MS,PB_10,TAAGAGAAGGAGTTGC-1,PB,-0.07001801433854374
MS,PB_10,TAAGAGACATGACGGA-1,PB,-0.07001801433854374
MS,PB_10,TAAGCGTCAACACCTA-1,PB,0.14176171375284272
MS,PB_10,TAAGTGCCAATCTACG-1,PB,0.05410036855873076
MS,PB_10,TACACGAAGACGCACA-1,PB,0.15198281592861043
MS,PB_10,TACAGTGTCTGGTTCC-1,PB,-0.3986311764807457
MS,PB_10,TACCTATAGATGTCGG-1,PB,-0.18563482708306994
MS,PB_10,TACCTATAGCTAACTC-1,PB,0.034198759949651186
MS,PB_10,TACCTTACATATACGC-1,PB,0.044757569587284614
MS,PB_10,TACCTTATCATACGGT-1,PB,-0.3344540561903266
MS,PB_10,TACGGATTCAGGCGAA-1,PB,-0.18230823232565627
MS,PB_10,TACGGGCCAGATCTGT-1,PB,-0.36813889621276447
MS,PB_10,TACGGGCTCGCCTGTT-1,PB,-0.07001801433854374
MS,PB_10,TACGGGCTCTGCGTAA-1,PB,0.10087984832905302
MS,PB_10,TACGGTATCAAACCGT-1,PB,-0.39515255547241995
MS,PB_10,TACGGTATCCAGATCA-1,PB,0.004016455659318963
MS,PB_10,TACTCATAGCGATATA-1,PB,-0.24216515308069494
MS,PB_10,TACTCATCAGGACGTA-1-1,PB,-0.11901310552698706
MS,PB_10,TACTTGTAGCCCAGCT-1,PB,0.18199692265596862
MS,PB_10,TACTTGTCATTGTGCA-1,PB,0.3266875939299339
MS,PB_10,TAGAGCTAGTTGTAGA-1,PB,-0.07001801433854374
MS,PB_10,TAGCCGGTCGTAGGAG-1,PB,0.09842782925912374
MS,PB_10,TAGCCGGTCTTCCTTC-1,PB,-0.4719459528815086
MS,PB_10,TAGGCATAGGCATTGG-1,PB,-0.07001801433854374
MS,PB_10,TAGTGGTAGTATTGGA-1,PB,0.2309919101745669
MS,PB_10,TAGTGGTCACAGACTT-1,PB,0.2375407629359829
MS,PB_10,TAGTGGTGTGGGTCAA-1,PB,-0.23157746465611753
MS,PB_10,TAGTGGTTCTTGCATT-1,PB,-0.5437039055781054
MS,PB_10,TATCAGGAGCCAGTTT-1-1,PB,-0.07001801433854374
MS,PB_10,TATCAGGAGGATATAC-1,PB,0.32642886412630373
MS,PB_10,TATCAGGTCCTGCTTG-1,PB,-0.23743935608253106
MS,PB_10,TATCAGGTCTCCGGTT-1,PB,0.47748647726628723
MS,PB_10,TATCTCAAGACCTAGG-1,PB,0.15083636097719108
MS,PB_10,TATCTCAAGTAGATGT-1-1,PB,0.22288374016174495
MS,PB_10,TATCTCACACAGTCGC-1,PB,-0.1973179434364399
MS,PB_10,TATCTCACACGGTAGA-1,PB,0.24371590015645883
MS,PB_10,TATGCCCAGATCCCGC-1,PB,-0.24739552563927972
MS,PB_10,TATGCCCAGTGGACGT-1,PB,-0.4114885503325754
MS,PB_10,TATTACCAGTGGTAAT-1,PB,-0.40760339548668706
MS,PB_10,TATTACCCAGCGTTCG-1,PB,-0.38956784670335054
MS,PB_10,TATTACCGTTAAGACA-1,PB,-0.39196812774020534
MS,PB_10,TCAACGAGTAAGAGAG-1,PB,-0.15827461197372744
MS,PB_10,TCAACGATCCTGTAGA-1,PB,0.10420849841419348
MS,PB_10,TCAATCTAGTGACATA-1,PB,0.08077252694318979
MS,PB_10,TCAATCTCAGCTGCTG-1,PB,-0.3859007925749976
MS,PB_10,TCAATCTGTGAAGGCT-1,PB,-0.07001801433854374
MS,PB_10,TCACGAACATTGAGCT-1,PB,-0.19167455895215088
MS,PB_10,TCACGAAGTTGCCTCT-1,PB,-0.2613440366281942
MS,PB_10,TCAGATGAGGGATGGG-1,PB,0.022163566446923768
MS,PB_10,TCAGATGGTTTCCACC-1,PB,-0.14429214905263232
MS,PB_10,TCAGATGTCAGATAAG-1,PB,0.3072245560555459
MS,PB_10,TCAGCTCAGGTGATAT-1-1,PB,-0.07001801433854374
MS,PB_10,TCAGGATAGAGGACGG-1,PB,0.019109903049489285
MS,PB_10,TCAGGTACACCCAGTG-1-1,PB,0.052338483985693796
MS,PB_10,TCATTACGTCTCTTTA-1,PB,0.2148906125713596
MS,PB_10,TCATTACGTTACGCGC-1,PB,-0.23051618637258234
MS,PB_10,TCATTTGGTGACAAAT-1,PB,-0.22773286730204756
MS,PB_10,TCCACACAGTACGTTC-1,PB,-0.0194414495968627
MS,PB_10,TCCACACCACATAACC-1,PB,0.11715820118434996
MS,PB_10,TCCACACTCTGCGTAA-1,PB,0.021477778059368655
MS,PB_10,TCCCGATAGCCACGCT-1,PB,-0.05994143791721307
MS,PB_10,TCGAGGCAGCGTTCCG-1-1,PB,0.05248256844910361
MS,PB_10,TCGAGGCGTTCTGAAC-1-2,PB,-0.07001801433854374
MS,PB_10,TCGCGAGAGATATGGT-1,PB,-0.38556676265982687
MS,PB_10,TCGCGTTTCTGCCAGG-1,PB,-0.7790468931734196
MS,PB_10,TCGGGACGTAAACCTC-1,PB,0.029361046497628916
MS,PB_10,TCGGGACTCAGTTAGC-1,PB,-0.07001801433854374
MS,PB_10,TCGGGACTCTTATCTG-1,PB,-0.25402211921706
MS,PB_10,TCGGTAACAATGTTGC-1,PB,0.20829050293618373
MS,PB_10,TCGGTAACACAGACAG-1,PB,0.1695830567542096
MS,PB_10,TCGGTAAGTGGGTATG-1,PB,0.5551589816385459
MS,PB_10,TCGTACCGTGATGTGG-1,PB,-0.4546060057532779
MS,PB_10,TCGTACCTCACGGTTA-1,PB,-0.18864507480959355
MS,PB_10,TCTATTGTCAGCTCTC-1-1,PB,0.14102283790758338
MS,PB_10,TCTCATACAATCCGAT-1,PB,-0.1966391679996685
MS,PB_10,TCTCATAGTGAGGGAG-1-1,PB,0.094226035100782
MS,PB_10,TCTGGAAAGAACTGTA-1,PB,0.024438674928853765
MS,PB_10,TCTGGAAGTCCGTTAA-1,PB,0.08592186135907795
MS,PB_10,TCTGGAATCTGTGCAA-1,PB,0.5258369170180706
MS,PB_10,TCTTCGGTCTACTTAC-1,PB,-0.4940760710485024
MS,PB_10,TCTTTCCAGCTCTCGG-1,PB,-0.210463520181112
MS,PB_10,TCTTTCCTCCACGTTC-1,PB,-0.05566764842595034
MS,PB_10,TGAAAGAAGCCTCGTG-1,PB,0.148316832552341
MS,PB_10,TGACAACAGGCACATG-1,PB,-0.3625788670458944
MS,PB_10,TGACAACCACGGACAA-1,PB,0.16227622009872295
MS,PB_10,TGACAACGTGTGTGCC-1,PB,-0.05544256723613527
MS,PB_10,TGACGGCGTCCTGCTT-1-2,PB,0.030756882789193713
MS,PB_10,TGACTAGAGTTAAGTG-1,PB,-0.07001801433854374
MS,PB_10,TGACTAGCAGATCTGT-1,PB,-0.19415135477817855
MS,PB_10,TGACTTTGTTGTCGCG-1,PB,-0.424947085519055
MS,PB_10,TGAGAGGGTCTAGAGG-1,PB,-0.47736662432251215
MS,PB_10,TGAGCCGCAAGTCATC-1,PB,0.018952714484132105
MS,PB_10,TGAGCCGGTCTGGAGA-1,PB,-0.005416237610444023
MS,PB_10,TGAGGGAAGACCACGA-1,PB,-0.37444673921800975
MS,PB_10,TGAGGGACAGTCGATT-1,PB,-0.07001801433854374
MS,PB_10,TGAGGGAGTACGCACC-1,PB,-0.31682678605200415
MS,PB_10,TGAGGGATCCTCAATT-1,PB,-0.255425159981244
MS,PB_10,TGATTTCAGACAAAGG-1,PB,0.08269847352314848
MS,PB_10,TGATTTCTCAACGGGA-1,PB,0.13276459606482624
MS,PB_10,TGATTTCTCAGTTGAC-1,PB,0.0722425793446123
MS,PB_10,TGCCAAATCTTAGAGC-1,PB,-0.16530404803013082
MS,PB_10,TGCCCATGTCGCGGTT-1,PB,-0.07001801433854374
MS,PB_10,TGCCCATGTCGGCACT-1,PB,-0.07001801433854374
MS,PB_10,TGCGGGTAGCTAAGAT-1,PB,-0.0636513804568861
MS,PB_10,TGCTACCTCCACGCAG-1-1,PB,-0.22242738711056312
MS,PB_10,TGCTGCTTCGCATGGC-1,PB,-0.24303655769108384
MS,PB_10,TGCTGCTTCTGGGCCA-1,PB,0.29702929605267
MS,PB_10,TGGACGCTCTCACATT-1,PB,-0.23736751373668494
MS,PB_10,TGGCCAGTCAAAGACA-1,PB,-0.07001801433854374
MS,PB_10,TGGCGCATCAGCGATT-1,PB,0.10366158996737486
MS,PB_10,TGGCTGGAGAGGTACC-1,PB,0.23783324193437458
MS,PB_10,TGGCTGGAGGCTCAGA-1,PB,0.19561162739604154
MS,PB_10,TGGCTGGGTGCAACGA-1,PB,0.16675588305377284
MS,PB_10,TGGGAAGGTCAGAAGC-1,PB,0.1168723159612369
MS,PB_10,TGGGAAGGTTATCGGT-1,PB,-0.16232559293571064
MS,PB_10,TGGGAAGGTTCAGTAC-1,PB,-0.253006129057946
MS,PB_10,TGGGAAGTCGCACTCT-1,PB,-0.07001801433854374
MS,PB_10,TGGGCGTTCTGCTTGC-1,PB,-0.04218255990225413
MS,PB_10,TGGTTAGAGAATTGTG-1,PB,0.30213266799656957
MS,PB_10,TGGTTAGAGTGTTGAA-1,PB,-0.18900647370738563
MS,PB_10,TGGTTAGCAAAGGTGC-1,PB,-0.42676387351665174
MS,PB_10,TGGTTAGCATTGAGCT-1,PB,-0.40048646588270775
MS,PB_10,TGGTTCCCAAACCTAC-1,PB,-0.07001801433854374
MS,PB_10,TGTATTCAGGGATACC-1,PB,-0.2931804893213242
MS,PB_10,TGTATTCGTCAATGTC-1,PB,-0.220555688705426
MS,PB_10,TGTCCCAAGGACCACA-1,PB,-0.21985744178810274
MS,PB_10,TGTGTTTAGCGATATA-1,PB,-0.12102584376055701
MS,PB_10,TGTTCCGGTAGCCTCG-1,PB,0.04845344799231821
MS,PB_10,TGTTCCGGTTCGCGAC-1,PB,-0.3389380871066154
MS,PB_10,TGTTCCGTCAGCGATT-1,PB,0.010467791738819343
MS,PB_10,TTAACTCGTGTATGGG-1,PB,-0.5636718634058934
MS,PB_10,TTAACTCTCCTGTACC-1,PB,-0.01602552807366579
MS,PB_10,TTAGGACAGGTGATTA-1,PB,-0.07001801433854374
MS,PB_10,TTAGGACTCCCTGACT-1,PB,-0.21690010276665236
MS,PB_10,TTAGGCACAATGGAAT-1,PB,0.019429489610199413
MS,PB_10,TTAGGCATCGTAGGAG-1,PB,-0.8346868333924846
MS,PB_10,TTAGTTCAGTAGATGT-1,PB,-0.07001801433854374
MS,PB_10,TTAGTTCCACCGAAAG-1,PB,0.3966696623301776
MS,PB_10,TTATGCTCATTCCTCG-1-1,PB,-0.21929400087677703
MS,PB_10,TTATGCTTCCAGGGCT-1,PB,-0.18141376774508824
MS,PB_10,TTCCCAGAGGCATGTG-1-1,PB,-0.07001801433854374
MS,PB_10,TTCCCAGCACTTAAGC-1,PB,0.059075721051063394
MS,PB_10,TTCCCAGCATTCTCAT-1,PB,-0.5134087833995021
MS,PB_10,TTCCCAGGTAAGGGAA-1,PB,-0.17144529995829064
MS,PB_10,TTCGAAGCAATGACCT-1,PB,-0.26747167388532467
MS,PB_10,TTCGAAGCATGCAATC-1,PB,-0.1799448328005262
MS,PB_10,TTCGGTCCAAGGTTCT-1,PB,0.37513108867610967
MS,PB_10,TTCTACAAGCTACCGC-1,PB,0.15480759863690058
MS,PB_10,TTCTACAAGTAGATGT-1,PB,-0.45037859441394396
MS,PB_10,TTCTCAACACGAAATA-1,PB,-0.4325291551898622
MS,PB_10,TTCTCAAGTCAACTGT-1,PB,0.6457152795881865
MS,PB_10,TTCTCAAGTCCGAGTC-1,PB,0.1097258486456952
MS,PB_10,TTCTCCTCACAGGAGT-1,PB,0.291425817319857
MS,PB_10,TTCTCCTGTTGTGGAG-1,PB,0.6502223515759633
MS,PB_10,TTCTCCTTCCTGCAGG-1,PB,-0.07001801433854374
MS,PB_10,TTCTTAGAGGCATGGT-1,PB,-0.02140016812934929
MS,PB_10,TTGAACGCATTCTCAT-1,PB,0.06542316201135549
MS,PB_10,TTGCCGTTCGTTTGCC-1,PB,0.21591909271081897
MS,PB_10,TTGGAACCATAGAAAC-1,PB,-0.2965060578553923
MS,PB_10,TTGGAACTCATCACCC-1,PB,-0.07001801433854374
MS,PB_10,TTGGAACTCTTTAGGG-1,PB,0.059044654788835846
MS,PB_10,TTGGCAAGTCTAGCGC-1,PB,-0.720023300606759
MS,PB_10,TTGTAGGCAAACCTAC-1,PB,-0.17927573605060168
MS,PB_10,TTTACTGCAGGGTACA-1,PB,-0.277705329654404
MS,PB_10,TTTATGCAGGGAAACA-1,PB,-0.22686191513752527
MS,PB_10,TTTATGCGTATCGCAT-1,PB,-0.07001801433854374
MS,PB_10,TTTCCTCGTAAGAGGA-1,PB,0.18091246796133634
MS,PB_10,TTTCCTCGTTTGACTG-1-1,PB,0.2170802895102481
MS,PB_10,TTTCCTCTCCGAATGT-1,PB,-0.3722485258772449
MS,PB_10,TTTGCGCCAAACTGCT-1,PB,0.41864277837665087
MS,PB_10,TTTGCGCTCCGAGCCA-1,PB,-0.22531490174957022
MS,PB_10,TTTGCGCTCTTGTTTG-1,PB,-0.21910901542573732
MS,PB_10,TTTGTCACATTCACTT-1,PB,-0.04658705347342935
MS,PB_10,TTTGTCATCGAATGGG-1,PB,-0.3275622178776128
MS,PB_16,AAACCTGAGTAGGTGC-1,PB,0.15208392922053213
MS,PB_16,AAACCTGCACTAAGTC-1-1,PB,0.26740850918615255
MS,PB_16,AAACCTGTCTTCAACT-1,PB,0.08319040370321008
MS,PB_16,AAACGGGAGGCAAAGA-1,PB,-0.8535888676105277
MS,PB_16,AAACGGGGTTCATGGT-1,PB,-0.3129263614681125
MS,PB_16,AAACGGGTCTCGTATT-1,PB,0.0033575039309249877
MS,PB_16,AAAGATGAGCTAAGAT-1,PB,-0.25640952732537553
MS,PB_16,AAAGATGAGGACAGCT-1,PB,-0.21862702810817933
MS,PB_16,AAAGATGCAGGTCTCG-1,PB,-0.4781516992215799
MS,PB_16,AAAGATGTCAGCGATT-1,PB,-0.9437028898537702
MS,PB_16,AAAGATGTCGGACAAG-1,PB,0.5578865471012878
MS,PB_16,AAAGCAAAGGCGTACA-1,PB,-0.07001801433854374
MS,PB_16,AAAGCAATCCGGCACA-1,PB,0.17858344111686625
MS,PB_16,AAAGTAGAGCTGAAAT-1,PB,-0.3123095851442555
MS,PB_16,AAAGTAGAGGAGCGTT-1,PB,-0.3481539023031258
MS,PB_16,AAAGTAGAGTCTCCTC-1,PB,0.5863636874770098
MS,PB_16,AAAGTAGCAATCCAAC-1,PB,0.1152112480674107
MS,PB_16,AAAGTAGCATGCCCGA-1,PB,0.4499525473775204
MS,PB_16,AAAGTAGCATGTTGAC-1,PB,-0.5965389232445316
MS,PB_16,AAAGTAGTCACAGGCC-1,PB,-1.0847083670815643
MS,PB_16,AAAGTAGTCTATCCTA-1,PB,0.07885519025688599
MS,PB_16,AACACGTTCGAGAACG-1,PB,-0.5292161019222553
MS,PB_16,AACCATGAGCCAGGAT-1,PB,0.17218445872461627
MS,PB_16,AACCATGGTGCGGTAA-1,PB,0.1368339823231462
MS,PB_16,AACCATGTCAACGCTA-1,PB,0.5047463744487496
MS,PB_16,AACCATGTCTGTACGA-1,PB,0.3151960910475742
MS,PB_16,AACCGCGAGATCACGG-1,PB,-0.3699339482031555
MS,PB_16,AACCGCGAGCGCCTTG-1,PB,-0.1688299227208542
MS,PB_16,AACCGCGCAATCGGTT-1,PB,-0.13234155103684883
MS,PB_16,AACCGCGCATGGGACA-1,PB,0.13567619472382614
MS,PB_16,AACCGCGTCGAGGTAG-1,PB,0.21414419778419405
MS,PB_16,AACGTTGGTGGTCCGT-1,PB,0.24756925543309335
MS,PB_16,AACGTTGTCAGTGCAT-1,PB,-0.5787189815862349
MS,PB_16,AACTCAGCAAGTACCT-1,PB,0.28319708827910534
MS,PB_16,AACTCAGCACCTTGTC-1,PB,0.24495222697922542
MS,PB_16,AACTCCCTCTGAGGGA-1,PB,0.2819816279294815
MS,PB_16,AACTCTTCAAGAGGCT-1,PB,0.0004389312472067229
MS,PB_16,AACTCTTTCGGTTCGG-1,PB,0.08553248549639017
MS,PB_16,AACTGGTCAATAGAGT-1,PB,-0.07001801433854374
MS,PB_16,AACTTTCCATAACCTG-1,PB,-0.6029613671362768
MS,PB_16,AACTTTCCATATGCTG-1-1,PB,0.4839296479541879
MS,PB_16,AAGACCTAGGCTCATT-1,PB,0.15675648228197914
MS,PB_16,AAGACCTAGTGGCACA-1,PB,-0.197901093859076
MS,PB_16,AAGACCTCACGTTGGC-1,PB,-0.022446503319477555
MS,PB_16,AAGACCTGTTACCAGT-1,PB,0.20373405524938373
MS,PB_16,AAGACCTTCTCTTATG-1,PB,0.22695169035810372
MS,PB_16,AAGCCGCCATGAGCGA-1,PB,-0.15847717485926957
MS,PB_16,AAGCCGCTCAATAAGG-1,PB,-0.18963598521440136
MS,PB_16,AAGGAGCAGACGACGT-1,PB,0.6709567326406722
MS,PB_16,AAGGAGCAGTAACCCT-1,PB,0.4751455336905333
MS,PB_16,AAGGAGCGTAACGCGA-1,PB,-0.07001801433854374
MS,PB_16,AAGGAGCGTCGAATCT-1,PB,0.3284997416255357
MS,PB_16,AAGGAGCTCTTGGGTA-1-1,PB,0.15826710494498633
MS,PB_16,AAGGCAGGTAAACGCG-1,PB,-0.10922624504719256
MS,PB_16,AAGGCAGGTACGCACC-1,PB,0.11749099956628839
MS,PB_16,AAGGTTCCACCCATGG-1,PB,0.05701775918043013
MS,PB_16,AAGTCTGAGGGTTCCC-1,PB,-0.6534821325573531
MS,PB_16,AAGTCTGAGTGTACGG-1,PB,0.32657857395298834
MS,PB_16,AAGTCTGCACTATCTT-1,PB,0.1298900914401475
MS,PB_16,AAGTCTGGTCGAACAG-1,PB,0.04761932890277465
MS,PB_16,AATCCAGAGGTGCACA-1,PB,0.5719388176383051
MS,PB_16,AATCCAGGTTCGCTAA-1,PB,0.41028968553162903
MS,PB_16,AATCCAGTCTTTACAC-1,PB,0.31662324428384675
MS,PB_16,AATCGGTCAACTGCTA-1,PB,0.2191290444089142
MS,PB_16,AATCGGTGTAAGTTCC-1,PB,-0.1594727236234312
MS,PB_16,AATCGGTGTAGTACCT-1,PB,0.05476486527097404
MS,PB_16,AATCGGTTCTTGAGAC-1,PB,0.02397669411286063
MS,PB_16,ACACCAACATTCCTGC-1,PB,-0.28933069456138144
MS,PB_16,ACACCAAGTCCTCTTG-1-1,PB,0.15021107909641593
MS,PB_16,ACACCAAGTCGAGATG-1,PB,0.2500215484348571
MS,PB_16,ACACCAAGTCGAGTTT-1,PB,-0.168624252405144
MS,PB_16,ACACCAAGTTCCATGA-1,PB,0.320264390566503
MS,PB_16,ACACCAAGTTTAAGCC-1-1,PB,-0.07001801433854374
MS,PB_16,ACACCCTAGCCAACAG-1,PB,-0.07001801433854374
MS,PB_16,ACACCGGAGTGCGATG-1,PB,0.40883007951129996
MS,PB_16,ACACCGGCAAAGCAAT-1-1,PB,0.2566471423785809
MS,PB_16,ACACCGGCACAGCCCA-1,PB,0.3421815876361482
MS,PB_16,ACACCGGCATCCGTGG-1,PB,0.4554452288191107
MS,PB_16,ACACCGGTCTGGCGTG-1,PB,-0.4207557162002854
MS,PB_16,ACACCGGTCTGGGCCA-1,PB,-0.07001801433854374
MS,PB_16,ACACTGAAGACAAGCC-1,PB,-0.5642452267332866
MS,PB_16,ACACTGACAATGGAGC-1,PB,0.01362504612401769
MS,PB_16,ACACTGAGTAAGTGTA-1,PB,-0.13562583899661965
MS,PB_16,ACAGCCGAGCTGCCCA-1,PB,0.4158343836969515
MS,PB_16,ACAGCCGGTGCGGTAA-1,PB,-0.05306654920510757
MS,PB_16,ACAGCCGTCGCGGATC-1,PB,0.5628401989465738
MS,PB_16,ACAGCTAGTAGAAAGG-1,PB,0.056834163180361594
MS,PB_16,ACAGCTATCTTCGGTC-1,PB,0.2992852512502437
MS,PB_16,ACATACGAGAAACCTA-1,PB,0.1289093996273625
MS,PB_16,ACATACGAGCACAGGT-1,PB,-0.2723101958698739
MS,PB_16,ACATACGCATCAGTCA-1,PB,-0.1153301578316546
MS,PB_16,ACATCAGCAGGTCCAC-1,PB,-0.004857835567135514
MS,PB_16,ACATCAGGTTATGCGT-1,PB,0.4269221503590055
MS,PB_16,ACATGGTAGACGCACA-1,PB,0.001721450682926768
MS,PB_16,ACATGGTCAATGCCAT-1,PB,0.010582580288069568
MS,PB_16,ACATGGTCATTCGACA-1,PB,-0.17163204490771639
MS,PB_16,ACATGGTGTAAAGTCA-1,PB,-0.42429492951186604
MS,PB_16,ACATGGTGTTTAAGCC-1,PB,0.26782464676853024
MS,PB_16,ACCAGTAAGTTGTCGT-1,PB,-0.406868414168343
MS,PB_16,ACCAGTACAGACAAAT-1-1,PB,-0.07001801433854374
MS,PB_16,ACCAGTATCAGGCCCA-1,PB,0.6221515327860042
MS,PB_16,ACCGTAAAGGCGCTCT-1,PB,-0.06698662521790229
MS,PB_16,ACCGTAAGTGGTCTCG-1,PB,0.05847699985055792
MS,PB_16,ACCTTTAAGAGTAATC-1,PB,0.10684048904438352
MS,PB_16,ACCTTTAAGTCAAGCG-1-1,PB,0.22436152295554218
MS,PB_16,ACCTTTAGTAGCTGCC-1,PB,0.9409374036873818
MS,PB_16,ACCTTTAGTTATGTGC-1,PB,-0.14615619235262015
MS,PB_16,ACCTTTATCGGCTTGG-1,PB,0.04137130488380882
MS,PB_16,ACGAGCCTCACTATTC-1,PB,-0.17448601944744888
MS,PB_16,ACGAGCCTCGGATGGA-1,PB,-0.11996790766799857
MS,PB_16,ACGAGGACAGGATCGA-1,PB,0.40699730287905994
MS,PB_16,ACGATACAGCGAAGGG-1,PB,0.06232610808719775
MS,PB_16,ACGATACAGGAGTAGA-1,PB,-0.1836406515592606
MS,PB_16,ACGATACGTAGCAAAT-1,PB,-0.08593034602216197
MS,PB_16,ACGATGTAGGCCGAAT-1,PB,0.5276183598744828
MS,PB_16,ACGATGTTCGCAGGCT-1,PB,0.12366152712362347
MS,PB_16,ACGCAGCAGCTGATAA-1,PB,-0.6284141324046277
MS,PB_16,ACGCAGCCAAAGGCGT-1,PB,-0.07001801433854374
MS,PB_16,ACGCAGCGTGACTACT-1,PB,-0.07001801433854374
MS,PB_16,ACGCAGCTCTCTAAGG-1,PB,0.2865778071916057
MS,PB_16,ACGCAGCTCTTGCCGT-1,PB,-0.23017134194550462
MS,PB_16,ACGCCAGAGATGTGGC-1,PB,0.25062387840415606
MS,PB_16,ACGCCAGCAGGGTACA-1,PB,-0.14855809604883882
MS,PB_16,ACGCCAGGTCTCTCTG-1,PB,0.10470160343034796
MS,PB_16,ACGCCAGTCACCAGGC-1,PB,-0.0835336063578652
MS,PB_16,ACGCCAGTCGACGGAA-1,PB,-0.29335230297095266
MS,PB_16,ACGCCGAAGCTAGTGG-1,PB,0.8261109462117239
MS,PB_16,ACGCCGAGTAAGAGGA-1,PB,0.0028902385357926614
MS,PB_16,ACGCCGATCTTGAGGT-1-1,PB,0.029333338380906657
MS,PB_16,ACGGAGAAGATGCGAC-1,PB,0.3088950792505127
MS,PB_16,ACGGAGAAGTGTACCT-1,PB,-0.3443632133454805
MS,PB_16,ACGGAGACAGTCACTA-1,PB,0.25620444199648645
MS,PB_16,ACGGAGAGTCTCTCTG-1,PB,0.4444057597831604
MS,PB_16,ACGGAGATCAGGCAAG-1,PB,-0.016608697153618724
MS,PB_16,ACGGCCACAAACTGCT-1,PB,-0.08036777972281585
MS,PB_16,ACGGCCACACCGAAAG-1,PB,-0.3055080625844361
MS,PB_16,ACGGCCAGTTGATTCG-1,PB,0.38749958531721956
MS,PB_16,ACGGGCTCAATGAAAC-1-1,PB,-0.10622373141044335
MS,PB_16,ACGGGCTTCAATCTCT-1,PB,0.14743929508627657
MS,PB_16,ACGGGTCAGTCCGTAT-1,PB,0.21153754350916912
MS,PB_16,ACGGGTCTCATACGGT-1,PB,-0.0061245269996073205
MS,PB_16,ACGGGTCTCCTGCTTG-1,PB,0.31000200089233154
MS,PB_16,ACGTCAAAGGATCGCA-1,PB,0.6486867244288714
MS,PB_16,ACGTCAACATAGTAAG-1,PB,-0.35476962972211534
MS,PB_16,ACGTCAAGTATCGCAT-1,PB,-0.049485260319736726
MS,PB_16,ACGTCAAGTGTTTGTG-1,PB,0.7200638083942446
MS,PB_16,ACGTCAATCTTCGGTC-1,PB,0.4829342551470241
MS,PB_16,ACTATCTAGAATTGTG-1,PB,-0.05512778153639845
MS,PB_16,ACTATCTCAATGAATG-1,PB,0.712934774666602
MS,PB_16,ACTATCTGTCGCTTTC-1-1,PB,-0.188172298507235
MS,PB_16,ACTATCTTCCACGTTC-1,PB,-0.10384248630398994
MS,PB_16,ACTGAACCACAGAGGT-1,PB,0.13512771710697977
MS,PB_16,ACTGAGTTCACTTCAT-1,PB,0.6807616173426976
MS,PB_16,ACTGATGAGTGGAGTC-1,PB,0.49638959456155224
MS,PB_16,ACTGATGAGTTTCCTT-1,PB,0.1562242634406026
MS,PB_16,ACTGATGCAAAGGCGT-1,PB,0.11586877266297167
MS,PB_16,ACTGATGCATGAAGTA-1,PB,0.0016459003091986763
MS,PB_16,ACTGATGGTCTGCAAT-1-1,PB,0.2821593830610397
MS,PB_16,ACTGCTCAGATGAGAG-1,PB,-0.07001801433854374
MS,PB_16,ACTGTCCTCACGATGT-1,PB,-0.021526986476080708
MS,PB_16,ACTTACTAGTGTCCCG-1,PB,-0.11749475809491147
MS,PB_16,ACTTACTCACCAGGTC-1,PB,0.532425035412192
MS,PB_16,ACTTACTGTCTAAAGA-1,PB,0.08662205307404101
MS,PB_16,ACTTGTTGTTATGCGT-1,PB,0.22813675711899448
MS,PB_16,ACTTTCAAGAGCCTAG-1-1,PB,-0.05810809520612199
MS,PB_16,ACTTTCATCAGCACAT-1,PB,0.2687742250641909
MS,PB_16,ACTTTCATCGACCAGC-1-1,PB,0.025487616689329452
MS,PB_16,ACTTTCATCGATAGAA-1,PB,-0.030243841515278473
MS,PB_16,AGAATAGAGCACGCCT-1,PB,-0.03585028320835448
MS,PB_16,AGAATAGAGTACTTGC-1,PB,0.19061770642817621
MS,PB_16,AGAATAGCATCACGAT-1,PB,0.392662345818227
MS,PB_16,AGAATAGGTAAGTGTA-1,PB,-0.47505390180626705
MS,PB_16,AGAATAGGTACGCTGC-1,PB,-0.5909215496710833
MS,PB_16,AGACGTTGTTAAGAAC-1,PB,-0.5134590623881518
MS,PB_16,AGACGTTTCTTGAGAC-1,PB,-0.05237038751617036
MS,PB_16,AGAGCGAAGACGCACA-1-2,PB,-1.0681129662483009
MS,PB_16,AGAGCGAAGTCTTGCA-1,PB,0.4538265079125477
MS,PB_16,AGAGCGACAATGGAGC-1,PB,-0.1725731799631365
MS,PB_16,AGAGCGACACTGTGTA-1,PB,0.036268469171041436
MS,PB_16,AGAGCGAGTTCGGGCT-1,PB,-0.049728700899423835
MS,PB_16,AGAGCGATCTCGGACG-1,PB,0.05500877022657192
MS,PB_16,AGAGCTTCACAGAGGT-1,PB,-0.2261507130546946
MS,PB_16,AGAGCTTCACTTCGAA-1-1,PB,0.03562960308255296
MS,PB_16,AGAGCTTTCTTCAACT-1,PB,0.12979719638188372
MS,PB_16,AGAGTGGAGGCAATTA-1,PB,-0.13905481395881703
MS,PB_16,AGAGTGGAGGCCATAG-1,PB,0.03547183051392859
MS,PB_16,AGAGTGGCAGACAAAT-1,PB,-0.09686685168350549
MS,PB_16,AGATCTGAGAAAGTGG-1-1,PB,0.02150208108922963
MS,PB_16,AGATCTGAGCGTGAAC-1,PB,0.252008126436844
MS,PB_16,AGATCTGCACGGCCAT-1,PB,-0.11171587041511241
MS,PB_16,AGATCTGGTCGACTAT-1,PB,-0.6331661963194269
MS,PB_16,AGATCTGGTTACGGAG-1,PB,-0.10552393562530583
MS,PB_16,AGATTGCAGAACTGTA-1,PB,-0.07001801433854374
MS,PB_16,AGATTGCAGACACTAA-1,PB,-0.2831533267137499
MS,PB_16,AGATTGCTCAACGCTA-1,PB,-0.23863624355915647
MS,PB_16,AGCAGCCAGACGCTTT-1,PB,-0.2801200399294894
MS,PB_16,AGCAGCCAGTTACCCA-1,PB,0.42890204965313444
MS,PB_16,AGCAGCCGTGATAAGT-1-1,PB,0.028612632228868007
MS,PB_16,AGCAGCCTCTACCTGC-1,PB,0.42034682544828617
MS,PB_16,AGCATACAGCCACCTG-1,PB,0.03675090862159052
MS,PB_16,AGCATACAGGGTATCG-1,PB,-0.07001801433854374
MS,PB_16,AGCATACCAGGGTATG-1,PB,0.2338099378433683
MS,PB_16,AGCATACGTTCCCGAG-1,PB,0.1973974122025606
MS,PB_16,AGCATACTCTTGAGAC-1,PB,0.18067033679974404
MS,PB_16,AGCCTAACAGTATGCT-1,PB,-0.515961300172742
MS,PB_16,AGCCTAACATCTCCCA-1,PB,-0.21800810905520068
MS,PB_16,AGCCTAAGTAAAGGAG-1,PB,-0.6422325278533249
MS,PB_16,AGCCTAAGTAGCGCTC-1,PB,0.14065114665876274
MS,PB_16,AGCCTAATCTCGTATT-1,PB,0.26318303516850167
MS,PB_16,AGCCTAATCTTATCTG-1,PB,0.07059295517000252
MS,PB_16,AGCGGTCCATGGATGG-1,PB,0.2488583232273163
MS,PB_16,AGCGGTCGTCCGACGT-1,PB,0.10188347941071865
MS,PB_16,AGCGGTCGTCTTCAAG-1,PB,-0.031058684406502772
MS,PB_16,AGCGGTCGTGTGCCTG-1-1,PB,0.0795612232524568
MS,PB_16,AGCGGTCTCAGGCGAA-1,PB,-0.23681486692309597
MS,PB_16,AGCGTATCAATGGAAT-1,PB,0.08693789271823957
MS,PB_16,AGCGTATCACGACGAA-1,PB,-0.07001801433854374
MS,PB_16,AGCGTATCAGGACCCT-1,PB,0.19982480138457998
MS,PB_16,AGCGTATGTCGAGATG-1,PB,0.2745272640151652
MS,PB_16,AGCGTATGTTTGCATG-1,PB,-0.21982961325220243
MS,PB_16,AGCGTATTCAACGCTA-1,PB,0.19282627886707157
MS,PB_16,AGCGTATTCCCTCTTT-1,PB,0.034417807114128056
MS,PB_16,AGCTCCTAGGTGCTAG-1,PB,-0.2088017558324414
MS,PB_16,AGCTCTCAGAAGATTC-1,PB,0.4249766709823672
MS,PB_16,AGCTCTCAGTGCGATG-1,PB,0.19636386478447923
MS,PB_16,AGCTCTCCAGCCTATA-1,PB,0.08634947236567814
MS,PB_16,AGCTCTCGTGACGCCT-1,PB,-0.1688818145309992
MS,PB_16,AGCTCTCTCCAATGGT-1,PB,0.22859864817194148
MS,PB_16,AGCTCTCTCGTTGCCT-1,PB,-0.06058165090366082
MS,PB_16,AGCTTGAAGTGTTTGC-1,PB,-0.15527045802436262
MS,PB_16,AGCTTGACACATTCGA-1-2,PB,-0.22301333516810587
MS,PB_16,AGCTTGACAGCTATTG-1,PB,0.08352020248599921
MS,PB_16,AGCTTGAGTTGATTCG-1,PB,-0.05052450116044481
MS,PB_16,AGCTTGATCGTCTGAA-1,PB,0.3464082606986477
MS,PB_16,AGGCCACGTCAGAATA-1,PB,0.11057980097519018
MS,PB_16,AGGCCACTCAGCGACC-1-1,PB,0.38607387451613145
MS,PB_16,AGGCCACTCGATCCCT-1-1,PB,0.18761576628228793
MS,PB_16,AGGCCGTAGCCCAACC-1,PB,-0.015827496710325333
MS,PB_16,AGGCCGTGTTCCACAA-1,PB,0.2302174684157067
MS,PB_16,AGGCCGTTCCCGACTT-1,PB,-0.4583679680126095
MS,PB_16,AGGCCGTTCCTATGTT-1,PB,-0.06784759446226178
MS,PB_16,AGGGAGTTCCGCGGTA-1,PB,0.15662887339848383
MS,PB_16,AGGGATGCACAGCGTC-1,PB,0.08760520319470746
MS,PB_16,AGGGATGTCTGTACGA-1,PB,0.15878387995109566
MS,PB_16,AGGGTGAAGCACCGCT-1,PB,0.20664724789053132
MS,PB_16,AGGGTGAAGTACGTAA-1,PB,-0.2371320905863969
MS,PB_16,AGGGTGACACGGCGTT-1,PB,-0.2551694064839292
MS,PB_16,AGGGTGATCAAACCGT-1,PB,0.1472581375130905
MS,PB_16,AGGTCATCACATCCGG-1,PB,-0.10977861695331444
MS,PB_16,AGGTCATTCTAACGGT-1,PB,0.08209721074155625
MS,PB_16,AGGTCCGAGCTGAACG-1,PB,0.46320354839032973
MS,PB_16,AGGTCCGCAAGCCTAT-1,PB,0.5015093522387308
MS,PB_16,AGTAGTCAGATGTAAC-1-1,PB,-0.03814876495751008
MS,PB_16,AGTAGTCAGCTGAAAT-1,PB,0.340583596591742
MS,PB_16,AGTAGTCGTTACGGAG-1,PB,-0.011684999340919603
MS,PB_16,AGTAGTCTCTCGAGTA-1,PB,0.6800687770614336
MS,PB_16,AGTCTTTAGAGCTATA-1,PB,-0.3299327864117817
MS,PB_16,AGTGAGGAGTGGAGAA-1,PB,-0.24243877855540938
MS,PB_16,AGTGAGGCATTCACTT-1,PB,0.08484751134621996
MS,PB_16,AGTGAGGGTACCTACA-1,PB,0.16548366402585102
MS,PB_16,AGTGAGGGTTAAAGAC-1,PB,0.2771488984925435
MS,PB_16,AGTGGGAAGTCAATAG-1,PB,-0.12583277040633978
MS,PB_16,AGTGGGAGTGGCTCCA-1,PB,0.5565053489998887
MS,PB_16,AGTGTCAAGGAATCGC-1,PB,-0.26015744070654007
MS,PB_16,AGTGTCAAGGGCATGT-1,PB,-0.07388117846407158
MS,PB_16,AGTGTCAAGTTAAGTG-1-1,PB,-0.29987679806609296
MS,PB_16,AGTGTCACAGACAAAT-1,PB,0.15217365763236027
MS,PB_16,AGTGTCAGTTCTGTTT-1,PB,0.18798073815910582
MS,PB_16,AGTGTCAGTTGCCTCT-1,PB,0.17203885996060805
MS,PB_16,ATAACGCCAGCTCGAC-1-1,PB,0.2872054893832526
MS,PB_16,ATAAGAGAGATCTGAA-1-1,PB,0.2491952066254392
MS,PB_16,ATAAGAGCACTCGACG-1,PB,-0.6713302050453105
MS,PB_16,ATAAGAGCAGTTTACG-1,PB,-0.21809037635779355
MS,PB_16,ATAAGAGGTACGCTGC-1,PB,0.23433794699987656
MS,PB_16,ATAAGAGGTCATTAGC-1,PB,0.12553466910946792
MS,PB_16,ATAAGAGTCACAATGC-1,PB,-0.5627314919359329
MS,PB_16,ATAAGAGTCAGGCCCA-1,PB,-0.05748361115422766
MS,PB_16,ATAGACCCATCACAAC-1,PB,0.16282638153827894
MS,PB_16,ATAGACCGTCGCGAAA-1,PB,0.4305585746056549
MS,PB_16,ATAGACCTCCGCGTTT-1,PB,-0.39221059711070333
MS,PB_16,ATAGACCTCTCGCATC-1-1,PB,-0.4994276453968695
MS,PB_16,ATCATCTCACCGCTAG-1,PB,0.17951021764922523
MS,PB_16,ATCATCTGTATAGGGC-1,PB,0.47244425159962866
MS,PB_16,ATCATCTGTTGATTGC-1,PB,-0.18597816549525398
MS,PB_16,ATCATGGCACCTCGGA-1,PB,-0.2914957093248397
MS,PB_16,ATCATGGGTCTTTCAT-1,PB,0.14176041365382272
MS,PB_16,ATCCACCAGATGGCGT-1,PB,-0.08889313004393992
MS,PB_16,ATCCACCCAGTTCCCT-1,PB,0.11329787352735142
MS,PB_16,ATCCACCCATCTGGTA-1,PB,-0.23557875123523483
MS,PB_16,ATCCACCGTTCACGGC-1,PB,-0.05082573796959176
MS,PB_16,ATCCGAAAGTTCCACA-1,PB,0.33699854988703715
MS,PB_16,ATCCGAACATCATCCC-1,PB,0.15363684560600846
MS,PB_16,ATCCGAAGTACGCTGC-1,PB,-0.033870214258163826
MS,PB_16,ATCCGAAGTCTAGGTT-1,PB,-0.3489313984488321
MS,PB_16,ATCCGAAGTCTTGTCC-1,PB,0.1572216629551418
MS,PB_16,ATCCGAATCAGAAATG-1,PB,-0.2806197626299073
MS,PB_16,ATCGAGTGTAAGGATT-1,PB,-0.08315440987065345
MS,PB_16,ATCGAGTTCAACACGT-1,PB,0.18494919851934913
MS,PB_16,ATCTACTGTAAAGGAG-1,PB,-0.24857162915957157
MS,PB_16,ATCTGCCAGAGGTTAT-1,PB,0.3883791318227752
MS,PB_16,ATCTGCCCAGACGCAA-1,PB,-0.02604563561726741
MS,PB_16,ATCTGCCCATCTACGA-1,PB,0.1089647782264378
MS,PB_16,ATCTGCCGTAAGCACG-1,PB,0.06279250158389134
MS,PB_16,ATCTGCCTCCGAGCCA-1,PB,0.32602519705483857
MS,PB_16,ATGAGGGAGTTGTCGT-1,PB,-0.3720388410112199
MS,PB_16,ATGCGATTCTAACTTC-1,PB,-0.15921032511221195
MS,PB_16,ATGGGAGAGCCGATTT-1,PB,0.08189703415167594
MS,PB_16,ATGGGAGAGTAGTGCG-1,PB,-0.6666852022814559
MS,PB_16,ATGTGTGTCCGAAGAG-1,PB,0.17003846359278874
MS,PB_16,ATTATCCCATTGTGCA-1,PB,0.2362292396210878
MS,PB_16,ATTATCCTCGAATCCA-1,PB,0.520320361201921
MS,PB_16,ATTCTACAGGAATCGC-1,PB,0.4262715256471317
MS,PB_16,ATTCTACGTAAGGGAA-1,PB,-0.04562430417447612
MS,PB_16,ATTCTACTCAAGGTAA-1-1,PB,0.3630616615332752
MS,PB_16,ATTGGACAGCAATCTC-1,PB,0.09576492667273369
MS,PB_16,ATTGGACAGTAGCGGT-1,PB,-0.008412407041633136
MS,PB_16,ATTGGTGAGACCACGA-1,PB,-0.07001801433854374
MS,PB_16,ATTGGTGGTACTCGCG-1,PB,0.28463112752200237
MS,PB_16,ATTTCTGAGAGTACAT-1-1,PB,-0.030515686739964527
MS,PB_16,ATTTCTGGTCTTGCGG-1,PB,-0.011542839373235612
MS,PB_16,ATTTCTGTCCGCATAA-1,PB,0.09987798752076105
MS,PB_16,CAACCAAAGCATGGCA-1,PB,0.055154348512434566
MS,PB_16,CAACCAACAGATCCAT-1,PB,-0.07001801433854374
MS,PB_16,CAACCAACAGTATCTG-1,PB,0.34762496238683527
MS,PB_16,CAACCAAGTCTTCGTC-1,PB,-0.24178376613855285
MS,PB_16,CAACCAATCCACGAAT-1,PB,0.04384258772207735
MS,PB_16,CAACCTCAGTGACATA-1,PB,-0.22635430937300413
MS,PB_16,CAACCTCCATCTACGA-1,PB,0.00674484616713156
MS,PB_16,CAACCTCCATGAGCGA-1,PB,-0.07001801433854374
MS,PB_16,CAACTAGCAGGCTCAC-1,PB,0.15760912437556454
MS,PB_16,CAACTAGGTCATTAGC-1-1,PB,-0.038786632716611605
MS,PB_16,CAACTAGTCCAGAGGA-1,PB,0.31466323592984485
MS,PB_16,CAAGAAAAGAGTGACC-1,PB,0.2057402561474284
MS,PB_16,CAAGAAAAGCAACGGT-1,PB,-0.07001801433854374
MS,PB_16,CAAGAAAAGCTAGTGG-1,PB,0.7897365279798275
MS,PB_16,CAAGAAAAGCTGAACG-1,PB,-0.06672292607473251
MS,PB_16,CAAGAAACAAGGACAC-1,PB,0.2610642915632299
MS,PB_16,CAAGATCAGTATTGGA-1,PB,0.056274423171238666
MS,PB_16,CAAGATCGTCATTAGC-1,PB,-0.4017335939627286
MS,PB_16,CAAGATCGTCCCTACT-1,PB,-0.02690385258685784
MS,PB_16,CAAGGCCAGAACTCGG-1-1,PB,-0.6066956042820435
MS,PB_16,CAAGGCCCAGGGATTG-1,PB,-0.2476091797497413
MS,PB_16,CAAGGCCGTACATCCA-1,PB,0.5576455240419258
MS,PB_16,CAAGGCCGTCTCACCT-1,PB,0.17683123298047296
MS,PB_16,CAAGGCCGTTACGCGC-1,PB,0.26102254466962166
MS,PB_16,CAAGTTGAGTGTACTC-1,PB,-0.172376379117106
MS,PB_16,CAAGTTGCAAGGCTCC-1,PB,0.6849073539354998
MS,PB_16,CACAAACCATGTAGTC-1,PB,-0.1681775678239026
MS,PB_16,CACAAACCATTGTGCA-1,PB,-0.2053379561089827
MS,PB_16,CACAAACGTAGTACCT-1,PB,0.37085469179720104
MS,PB_16,CACAAACGTCAATGTC-1,PB,0.04610673782796738
MS,PB_16,CACAAACGTGTCGCTG-1-1,PB,-0.5603856746919725
MS,PB_16,CACACAAAGAGCAATT-1,PB,-0.33725981084718654
MS,PB_16,CACACAAAGAGGTTGC-1,PB,0.3355440408128558
MS,PB_16,CACACAACAGAGCCAA-1,PB,0.4133549457805898
MS,PB_16,CACACCTGTCCTGCTT-1,PB,0.5337601645715943
MS,PB_16,CACACCTGTTGGAGGT-1,PB,0.0711785623996833
MS,PB_16,CACACCTTCGTTACAG-1,PB,-0.07001801433854374
MS,PB_16,CACACTCGTGGAAAGA-1,PB,-0.14386990784590173
MS,PB_16,CACACTCTCGCCGTGA-1,PB,0.45046411570454115
MS,PB_16,CACAGGCAGGGTCTCC-1,PB,0.10148898008176051
MS,PB_16,CACAGGCAGTCATGCT-1,PB,0.05256879824696453
MS,PB_16,CACAGGCAGTGCAAGC-1,PB,-0.07467915734873265
MS,PB_16,CACAGTAAGCGTGTCC-1,PB,0.16126572439744952
MS,PB_16,CACAGTAGTCAGATAA-1-1,PB,0.23463039165454683
MS,PB_16,CACAGTAGTGATGTCT-1-1,PB,0.04945162970218988
MS,PB_16,CACATTTAGACTTTCG-1-1,PB,0.16162659332273613
MS,PB_16,CACCACTAGCTTCGCG-1-1,PB,0.5600813736292103
MS,PB_16,CACCACTCAGGTGGAT-1,PB,0.2521804240128446
MS,PB_16,CACCACTTCGCGATCG-1,PB,-0.17007896522579843
MS,PB_16,CACCACTTCTAGAGTC-1-1,PB,-0.0887026036257516
MS,PB_16,CACCAGGAGAAGCCCA-1,PB,-0.07001801433854374
MS,PB_16,CACCAGGAGACAAAGG-1,PB,0.04802722469495119
MS,PB_16,CACCAGGAGTCTCAAC-1,PB,-0.0875821487605313
MS,PB_16,CACCAGGCACCTTGTC-1,PB,-0.07001801433854374
MS,PB_16,CACCAGGGTGGTCCGT-1,PB,-0.08092038625274618
MS,PB_16,CACCAGGTCGCAGGCT-1-1,PB,-0.8526147670597023
MS,PB_16,CACCTTGAGTTTCCTT-1,PB,0.2353653180984933
MS,PB_16,CACCTTGTCATAGCAC-1,PB,-0.1819742583623108
MS,PB_16,CACCTTGTCCAAGTAC-1,PB,-0.227734566839408
MS,PB_16,CACTCCAGTTAAAGAC-1,PB,0.1638919065573839
MS,PB_16,CACTCCAGTTAAGATG-1-1,PB,0.12340858350460025
MS,PB_16,CAGAATCAGTCGCCGT-1,PB,0.09593785046290128
MS,PB_16,CAGAATCCACGTAAGG-1,PB,0.019956832066144452
MS,PB_16,CAGAATCGTGGCTCCA-1,PB,-0.13857827270144976
MS,PB_16,CAGAATCGTTACGTCA-1-2,PB,0.09416821436074227
MS,PB_16,CAGAATCTCCTAGGGC-1-1,PB,0.08656422202910867
MS,PB_16,CAGAGAGCAGGGCATA-1,PB,-0.2103511943116281
MS,PB_16,CAGAGAGGTCAAAGCG-1,PB,-0.030305818992950373
MS,PB_16,CAGAGAGTCACTGGGC-1,PB,-0.6441515091011921
MS,PB_16,CAGAGAGTCCGCATCT-1,PB,-0.48076976238477825
MS,PB_16,CAGAGAGTCCGCGCAA-1,PB,0.12312691345958658
MS,PB_16,CAGATCAAGACTGGGT-1,PB,0.7011908664336793
MS,PB_16,CAGATCAGTTGAGTTC-1,PB,-0.49562811377936505
MS,PB_16,CAGCAGCCAATGTTGC-1,PB,-0.36046773870596677
MS,PB_16,CAGCAGCGTATTCTCT-1,PB,-0.03582066714721531
MS,PB_16,CAGCAGCTCTTTAGGG-1,PB,-0.4116111406932143
MS,PB_16,CAGCATAAGCCCAACC-1-2,PB,-0.023768646978893825
MS,PB_16,CAGCATAGTTCTCATT-1,PB,0.182066737136044
MS,PB_16,CAGCATATCAGCAACT-1,PB,-0.09611457701608536
MS,PB_16,CAGCATATCCCTAATT-1,PB,0.8205741873863914
MS,PB_16,CAGCCGAGTGATGTGG-1,PB,0.005856051583348779
MS,PB_16,CAGCGACCATAAGACA-1,PB,-0.22219442686098903
MS,PB_16,CAGCTAAAGGCTAGCA-1,PB,-0.2597024444669079
MS,PB_16,CAGCTAAGTCGGCATC-1,PB,-0.1306748458136078
MS,PB_16,CAGCTAATCACTTCAT-1,PB,-0.49878750799800325
MS,PB_16,CAGCTAATCGGTCCGA-1,PB,-0.28840329219304145
MS,PB_16,CAGCTGGCAAGCGTAG-1,PB,-0.20870535360843978
MS,PB_16,CAGCTGGGTTTAAGCC-1,PB,0.11067499327695705
MS,PB_16,CAGGTGCGTTGTGGCC-1,PB,-0.24073314295725115
MS,PB_16,CAGTAACAGCGATATA-1,PB,-0.10887891261177488
MS,PB_16,CAGTCCTAGCCAGTTT-1,PB,-0.15427961296181866
MS,PB_16,CAGTCCTCATCACGAT-1,PB,-0.06282254507699496
MS,PB_16,CAGTCCTGTCGCATAT-1,PB,-0.061492284016497034
MS,PB_16,CATATGGAGTTGAGAT-1,PB,0.3351484876243295
MS,PB_16,CATATGGTCGTCGTTC-1,PB,-0.1200077431923131
MS,PB_16,CATATTCTCACAATGC-1,PB,0.16312479057196766
MS,PB_16,CATATTCTCATTGCGA-1,PB,0.29145053014323347
MS,PB_16,CATCAAGAGTCCCACG-1,PB,0.07553875157668975
MS,PB_16,CATCAAGTCTCGTATT-1,PB,0.3457711092974775
MS,PB_16,CATCAGAAGAGGACGG-1,PB,0.12569793774750684
MS,PB_16,CATCAGACAGATGAGC-1,PB,-0.09747623495899974
MS,PB_16,CATCAGACATCCTTGC-1,PB,0.34981096664197425
MS,PB_16,CATCAGATCTGCAGTA-1,PB,-0.20187898391644593
MS,PB_16,CATCCACCAGACGCTC-1,PB,0.12793421090826698
MS,PB_16,CATCCACGTGCTAGCC-1,PB,0.09240401823951465
MS,PB_16,CATCGAAGTAAACCTC-1,PB,0.058951132199652326
MS,PB_16,CATCGAATCCCTAACC-1,PB,-0.02361109480902548
MS,PB_16,CATCGAATCCGAGCCA-1,PB,-0.23710731499860252
MS,PB_16,CATCGGGAGATGCCAG-1,PB,0.10824087238293549
MS,PB_16,CATCGGGCATCCGCGA-1,PB,0.02410191760085709
MS,PB_16,CATCGGGTCTAGAGTC-1,PB,0.20968303103820915
MS,PB_16,CATCGGGTCTCTGCTG-1,PB,0.2647405683288306
MS,PB_16,CATGACAAGGCTCAGA-1,PB,-0.25515124454973487
MS,PB_16,CATGACACAGTCGATT-1,PB,0.09162790034700473
MS,PB_16,CATGCCTCAACAACCT-1,PB,0.24081669756636756
MS,PB_16,CATGCCTCAAGCCGCT-1,PB,-0.31043882733177103
MS,PB_16,CATGCCTTCTCGATGA-1,PB,0.29615119243795507
MS,PB_16,CATGGCGCAAGTCATC-1,PB,-0.06274078135566717
MS,PB_16,CATGGCGCACGCGAAA-1,PB,-0.49886630744878324
MS,PB_16,CATGGCGGTACCGTAT-1,PB,-0.03816993001839727
MS,PB_16,CATTATCAGCAGCCTC-1,PB,-0.17518879057403355
MS,PB_16,CATTATCCAGATCGGA-1,PB,0.08296919349566041
MS,PB_16,CATTATCCAGTCCTTC-1,PB,0.5742949154671212
MS,PB_16,CATTATCGTACGCTGC-1,PB,-0.03174100333940922
MS,PB_16,CATTCGCAGATCTGCT-1,PB,-0.3762443068100145
MS,PB_16,CATTCGCCATGTCGAT-1,PB,0.1898151063191211
MS,PB_16,CATTCGCTCCGTCAAA-1,PB,0.26364681348821883
MS,PB_16,CATTCGCTCGCGATCG-1,PB,-0.07001801433854374
MS,PB_16,CCAATCCCACGGACAA-1,PB,-0.195206938549018
MS,PB_16,CCAATCCCATCTCGCT-1,PB,-0.5725075726090828
MS,PB_16,CCAATCCTCAGTGCAT-1,PB,0.2127525308188218
MS,PB_16,CCACCTAGTCGACTAT-1,PB,-0.22503279217852717
MS,PB_16,CCACCTATCTAACCGA-1,PB,-0.45133131146700123
MS,PB_16,CCACGGATCCAAAGTC-1-1,PB,-0.225016494613206
MS,PB_16,CCACGGATCGGATGTT-1,PB,0.12459806601434445
MS,PB_16,CCACTACGTACAGCAG-1,PB,0.08555466407670738
MS,PB_16,CCACTACGTATTCTCT-1,PB,0.026572960709872934
MS,PB_16,CCACTACTCGCTTGTC-1,PB,-0.4087002422966349
MS,PB_16,CCAGCGAAGAAAGTGG-1,PB,0.09699641427171524
MS,PB_16,CCAGCGACATCGGGTC-1,PB,0.6238663256352417
MS,PB_16,CCAGCGAGTCTCAACA-1,PB,-0.001118906932409006
MS,PB_16,CCATGTCAGCGGCTTC-1,PB,-0.5041734034987863
MS,PB_16,CCATGTCCAAGCCTAT-1,PB,-0.05041712675478739
MS,PB_16,CCATGTCCAAGCGAGT-1-1,PB,-0.07001801433854374
MS,PB_16,CCATGTCCAATAGCAA-1,PB,0.018721619188328827
MS,PB_16,CCATGTCCACGACGAA-1,PB,0.16231287631875996
MS,PB_16,CCATGTCGTCTCTCGT-1,PB,0.1066339625550927
MS,PB_16,CCATGTCGTTCCGGCA-1,PB,0.1997651339080453
MS,PB_16,CCATGTCGTTGACGTT-1,PB,0.10584817879825784
MS,PB_16,CCATGTCTCTGCGACG-1,PB,-0.1927797286465301
MS,PB_16,CCATTCGCAGTGAGTG-1,PB,0.005614780363204072
MS,PB_16,CCATTCGGTGAACCTT-1,PB,-0.30151062216043556
MS,PB_16,CCATTCGTCGAACTGT-1,PB,0.014470745480331624
MS,PB_16,CCATTCGTCGTGGACC-1,PB,-0.03603269436067547
MS,PB_16,CCCAATCAGGAGTCTG-1,PB,-0.06142770657229957
MS,PB_16,CCCAATCAGGTAGCCA-1,PB,0.002259536157359497
MS,PB_16,CCCAGTTAGAAGGTGA-1,PB,0.3137282069577862
MS,PB_16,CCCAGTTAGTTGTCGT-1-1,PB,-0.6585136515954143
MS,PB_16,CCCAGTTGTGCTAGCC-1,PB,0.3629981949628945
MS,PB_16,CCCATACAGAAACGAG-1,PB,0.04896027521736163
MS,PB_16,CCCATACTCGTATCAG-1,PB,-0.08554365942286991
MS,PB_16,CCCTCCTAGACCCACC-1,PB,0.7892199884908114
MS,PB_16,CCCTCCTGTCGAATCT-1,PB,0.10824814596999925
MS,PB_16,CCGGGATAGGTGTTAA-1,PB,0.21258480303734098
MS,PB_16,CCGGTAGGTCCTAGCG-1,PB,0.011658583281737538
MS,PB_16,CCGGTAGTCGAGAGCA-1,PB,0.08947722812833006
MS,PB_16,CCGTGGAAGCCCAACC-1,PB,-0.4503244757354271
MS,PB_16,CCGTGGAAGTGAAGAG-1,PB,-0.1603048570346742
MS,PB_16,CCGTGGACATCCTTGC-1,PB,-0.24904063775001534
MS,PB_16,CCGTGGAGTTCAACCA-1,PB,0.15529226465566598
MS,PB_16,CCGTTCACATGTAAGA-1,PB,0.10025679787001389
MS,PB_16,CCTAAAGGTCTGCCAG-1,PB,-0.15069395623359075
MS,PB_16,CCTACACAGTTCGCAT-1,PB,0.21879306681200758
MS,PB_16,CCTACACCACCTCGTT-1,PB,-0.3154842899876435
MS,PB_16,CCTACACGTCTAAAGA-1,PB,-0.22554638446942862
MS,PB_16,CCTACACGTGCAGTAG-1,PB,-0.1575479374988709
MS,PB_16,CCTACACGTTATCCGA-1-1,PB,-0.4495086507236846
MS,PB_16,CCTACACTCATAACCG-1,PB,0.03539395192777208
MS,PB_16,CCTACCAAGACTAGGC-1,PB,0.063724955707901
MS,PB_16,CCTACCAAGGACAGAA-1,PB,-0.07001801433854374
MS,PB_16,CCTACCAAGGAGCGTT-1,PB,-0.0480956509464464
MS,PB_16,CCTACCAGTGGACGAT-1-1,PB,-0.02177836989084838
MS,PB_16,CCTAGCTAGTGTTGAA-1,PB,0.05461784929616149
MS,PB_16,CCTAGCTGTCCAACTA-1,PB,0.4588954573784222
MS,PB_16,CCTATTAAGACCCACC-1,PB,-0.14715547159352746
MS,PB_16,CCTATTAAGTTCGCAT-1,PB,0.11144345493684056
MS,PB_16,CCTATTACACACCGAC-1,PB,0.06374754961624587
MS,PB_16,CCTATTAGTTTAGGAA-1,PB,0.4516331395139428
MS,PB_16,CCTCTGAAGCTAGTCT-1-1,PB,0.33202172908572125
MS,PB_16,CCTCTGACAAACGTGG-1,PB,0.162606958438459
MS,PB_16,CCTCTGACAATCACAC-1,PB,0.14717778324869707
MS,PB_16,CCTCTGAGTATAATGG-1,PB,0.525294013431031
MS,PB_16,CCTCTGAGTTACTGAC-1,PB,0.4788845340133137
MS,PB_16,CCTCTGATCCCTTGCA-1,PB,-0.2246792895793961
MS,PB_16,CCTTACGGTACGAAAT-1,PB,-0.11142323304718828
MS,PB_16,CCTTACGGTTACGTCA-1,PB,-0.6979902554085582
MS,PB_16,CCTTCCCAGAGCAATT-1-1,PB,0.5278430921416567
MS,PB_16,CCTTCCCAGGCACATG-1,PB,0.20006258424888484
MS,PB_16,CCTTCCCCATTAGCCA-1,PB,0.01916246369583861
MS,PB_16,CCTTCGATCGCATGAT-1,PB,-0.2468054736011138
MS,PB_16,CCTTCGATCTACCAGA-1,PB,0.5969367130688875
MS,PB_16,CCTTTCTCACACAGAG-1,PB,0.38090787587923247
MS,PB_16,CCTTTCTGTCTAGCCG-1,PB,0.17181096608054208
MS,PB_16,CCTTTCTGTGAGCGAT-1-1,PB,0.17632786673723216
MS,PB_16,CCTTTCTTCAGAAATG-1,PB,0.3401276845926196
MS,PB_16,CGAACATGTACTCTCC-1,PB,0.09382338457766123
MS,PB_16,CGAACATGTTAAGGGC-1-1,PB,-0.43300193326818215
MS,PB_16,CGAATGTCAAATCCGT-1,PB,0.08912604336864108
MS,PB_16,CGACCTTAGTCATGCT-1,PB,-0.4291388578224238
MS,PB_16,CGACCTTAGTGCAAGC-1,PB,0.08834716076755658
MS,PB_16,CGACCTTCATGGTCTA-1,PB,-0.5251628680631476
MS,PB_16,CGACCTTGTCGTTGTA-1,PB,-0.05940529114821345
MS,PB_16,CGACCTTTCCGAGCCA-1,PB,0.14359315921064061
MS,PB_16,CGACTTCAGATCCGAG-1,PB,0.29943249887134094
MS,PB_16,CGACTTCAGTCTTGCA-1,PB,0.04995332733311969
MS,PB_16,CGACTTCCAATACGCT-1,PB,0.06540881794740161
MS,PB_16,CGACTTCCAGATCGGA-1,PB,-0.38500669855570724
MS,PB_16,CGACTTCGTCACAAGG-1,PB,0.16101662560022234
MS,PB_16,CGACTTCTCCAAAGTC-1,PB,0.29963962453510445
MS,PB_16,CGAGAAGTCGAATGGG-1,PB,0.1349664317783561
MS,PB_16,CGAGAAGTCTGCAAGT-1,PB,0.2940206919894917
MS,PB_16,CGAGCACAGAACAACT-1,PB,0.21928894372913363
MS,PB_16,CGAGCACAGGACAGCT-1,PB,-0.04360590825111356
MS,PB_16,CGAGCACCATGCAACT-1,PB,0.936155817531712
MS,PB_16,CGAGCACTCAGTTTGG-1,PB,-0.05735021447074563
MS,PB_16,CGAGCCACATCCCACT-1,PB,-0.6434818950061568
MS,PB_16,CGAGCCACATCGTCGG-1,PB,0.2551938515443174
MS,PB_16,CGAGCCAGTCATGCCG-1,PB,0.09126131125036334
MS,PB_16,CGATGGCAGGAGCGAG-1,PB,0.3714987454075924
MS,PB_16,CGATGGCCACTTGGAT-1,PB,-0.07001801433854374
MS,PB_16,CGATGTAAGCATCATC-1,PB,-0.4256468621875724
MS,PB_16,CGATGTACATTCCTGC-1,PB,-0.3838018643365812
MS,PB_16,CGATGTATCCTAGTGA-1,PB,0.018871752150913388
MS,PB_16,CGATGTATCGTACGGC-1,PB,0.025270780467333286
MS,PB_16,CGATTGAAGGATGGTC-1,PB,-0.1327238150449584
MS,PB_16,CGATTGAAGGCTCTTA-1,PB,-0.0777448333341663
MS,PB_16,CGATTGAGTTAAGGGC-1,PB,-0.0877364590357607
MS,PB_16,CGATTGATCATGTAGC-1,PB,0.6396705936648994
MS,PB_16,CGCCAAGAGATCCCGC-1,PB,-0.8949819461511466
MS,PB_16,CGCCAAGAGGTGTGGT-1,PB,0.360257104950032
MS,PB_16,CGCCAAGCAAAGCAAT-1,PB,-0.3841298304685606
MS,PB_16,CGCCAAGCAGACGCCT-1,PB,0.36326289608439755
MS,PB_16,CGCCAAGCAGGCAGTA-1,PB,0.19367513948097145
MS,PB_16,CGCCAAGGTGTGTGCC-1,PB,0.20973370089484136
MS,PB_16,CGCCAAGTCCTCCTAG-1,PB,0.2641636013949701
MS,PB_16,CGCGGTAAGTGACATA-1,PB,-0.5429237473552349
MS,PB_16,CGCGGTAGTTGACGTT-1,PB,0.18494844187089315
MS,PB_16,CGCGTTTGTCTTGTCC-1,PB,-0.31597949225242783
MS,PB_16,CGCGTTTTCAGAGGTG-1,PB,0.0796157883043791
MS,PB_16,CGCGTTTTCATGTGGT-1,PB,0.003517921069808357
MS,PB_16,CGCTATCCAAAGCAAT-1,PB,0.24562560961461596
MS,PB_16,CGCTATCCAATGGAAT-1-1,PB,-0.12088312830812466
MS,PB_16,CGCTATCCATTGAGCT-1-1,PB,0.2177696177199522
MS,PB_16,CGCTATCGTTCCACGG-1,PB,-0.07001801433854374
MS,PB_16,CGCTGGAGTATTCGTG-1-2,PB,-0.17592762743987156
MS,PB_16,CGCTGGATCATTGCCC-1,PB,-0.23820467584270505
MS,PB_16,CGCTTCAAGAACTCGG-1,PB,-0.008608762037832094
MS,PB_16,CGCTTCACAATCGGTT-1,PB,-0.2527314100754501
MS,PB_16,CGCTTCACACATGTGT-1,PB,0.5862556162088925
MS,PB_16,CGCTTCACACATTCGA-1,PB,-0.6190144052949389
MS,PB_16,CGCTTCATCAGCGACC-1,PB,0.2797259199597958
MS,PB_16,CGCTTCATCATTTGGG-1,PB,-0.17539710055801477
MS,PB_16,CGGACACAGCGCCTTG-1,PB,-0.07001801433854374
MS,PB_16,CGGACACAGCTGGAAC-1,PB,-0.07970689575857255
MS,PB_16,CGGACACAGGAGTTGC-1,PB,-0.19324029464579162
MS,PB_16,CGGACACGTCCCTACT-1,PB,0.2447623935245083
MS,PB_16,CGGACGTGTTCACCTC-1,PB,-0.8286433645992969
MS,PB_16,CGGACGTGTTGCGTTA-1,PB,-0.07001801433854374
MS,PB_16,CGGACTGCAAAGGAAG-1,PB,0.13432045400717335
MS,PB_16,CGGAGCTAGGCTCATT-1,PB,0.06705770966895651
MS,PB_16,CGGAGCTGTACTCTCC-1,PB,-0.2699579636201167
MS,PB_16,CGGAGCTGTGCAGTAG-1-1,PB,-0.07001801433854374
MS,PB_16,CGGAGCTGTTATCCGA-1,PB,0.1906447073608637
MS,PB_16,CGGAGTCGTGACGGTA-1,PB,0.07130031382678391
MS,PB_16,CGGAGTCTCCGCTGTT-1,PB,-0.01001904891148077
MS,PB_16,CGGCTAGAGACCGGAT-1,PB,0.3505059817947846
MS,PB_16,CGGCTAGAGTACACCT-1,PB,-0.07001801433854374
MS,PB_16,CGGCTAGGTTCCGGCA-1,PB,0.2021960532222178
MS,PB_16,CGGCTAGTCTTCAACT-1,PB,-0.18187953423204947
MS,PB_16,CGGGTCAAGGGAGTAA-1,PB,0.6141088620734266
MS,PB_16,CGGGTCACACCTCGTT-1,PB,-0.29127236693272385
MS,PB_16,CGGGTCAGTCGAGTTT-1,PB,-0.0792121808322641
MS,PB_16,CGGGTCAGTTGGTAAA-1-1,PB,0.6004438337873064
MS,PB_16,CGGTTAACAGGGATTG-1,PB,-0.4826221133124105
MS,PB_16,CGGTTAAGTCCCGACA-1-1,PB,0.21920368811544705
MS,PB_16,CGGTTAATCTTCCTTC-1,PB,0.34359198479572023
MS,PB_16,CGTAGGCAGTGGCACA-1,PB,-0.5333503250593338
MS,PB_16,CGTAGGCCACTGTGTA-1,PB,-0.23084930457219066
MS,PB_16,CGTAGGCCATTAGCCA-1,PB,-0.08830027370649837
MS,PB_16,CGTAGGCGTACTTGAC-1,PB,0.013437206354162663
MS,PB_16,CGTAGGCGTTACAGAA-1,PB,-0.16365125678449946
MS,PB_16,CGTCACTAGGGTGTTG-1,PB,-0.12714369318679977
MS,PB_16,CGTCAGGCATACGCCG-1,PB,-0.2856569888183246
MS,PB_16,CGTCAGGGTAAGAGAG-1,PB,0.27177498583664605
MS,PB_16,CGTCAGGGTCAGGACA-1,PB,0.013728656247053534
MS,PB_16,CGTCAGGTCCCTTGCA-1,PB,-0.3520885585143606
MS,PB_16,CGTCCATAGGGCTTCC-1-1,PB,0.661627500646195
MS,PB_16,CGTCCATTCCACGTGG-1,PB,-0.20651272585621738
MS,PB_16,CGTCCATTCCCATTAT-1,PB,1.2427210626282594
MS,PB_16,CGTCTACAGCACCGTC-1,PB,0.030043259779348793
MS,PB_16,CGTCTACCACGAGGTA-1,PB,0.013627085262233137
MS,PB_16,CGTGAGCAGTGCTGCC-1-1,PB,0.010875261258172564
MS,PB_16,CGTGAGCCAAGGCTCC-1,PB,-0.23502966806304437
MS,PB_16,CGTGAGCCACTCAGGC-1,PB,0.9013846015485524
MS,PB_16,CGTGAGCGTATCAGTC-1,PB,0.3332497248239371
MS,PB_16,CGTTAGAAGCCGATTT-1,PB,-0.6670866135827885
MS,PB_16,CGTTAGAAGTCCGTAT-1-1,PB,-0.07001801433854374
MS,PB_16,CGTTAGACAAGCGCTC-1,PB,0.4648868118608426
MS,PB_16,CGTTAGACACAACTGT-1,PB,0.11360754631212053
MS,PB_16,CGTTAGACATGTAGTC-1,PB,-0.14706725344393842
MS,PB_16,CGTTAGATCTACTATC-1,PB,0.30349378806925403
MS,PB_16,CGTTAGATCTTATCTG-1,PB,-0.08513741417424724
MS,PB_16,CGTTCTGAGCAATCTC-1,PB,0.016001500452970694
MS,PB_16,CGTTCTGGTACGACCC-1,PB,0.4424611120383588
MS,PB_16,CGTTCTGTCAGTACGT-1,PB,-0.661863080360025
MS,PB_16,CGTTGGGGTACCAGTT-1,PB,-0.0008662878052576912
MS,PB_16,CGTTGGGTCGCTAGCG-1,PB,-0.07001801433854374
MS,PB_16,CGTTGGGTCTCGTTTA-1,PB,-0.03476894565804193
MS,PB_16,CTAACTTAGATGCCAG-1,PB,0.21845948637651022
MS,PB_16,CTAACTTAGATGTCGG-1,PB,-0.2473602960931022
MS,PB_16,CTAACTTCAGATGGCA-1,PB,0.19619435811662525
MS,PB_16,CTAACTTCATGCCCGA-1,PB,0.2367591436866423
MS,PB_16,CTAAGACCACCGAATT-1,PB,-0.16859499030863453
MS,PB_16,CTAATGGTCGGAAACG-1,PB,0.6762981704471477
MS,PB_16,CTACACCAGACTAGGC-1,PB,-0.2106005278294008
MS,PB_16,CTACACCAGAGGGATA-1,PB,0.11034264641827884
MS,PB_16,CTACACCAGATGTGGC-1,PB,-0.172208369077789
MS,PB_16,CTACATTCATTAACCG-1,PB,-0.15285235697174235
MS,PB_16,CTACCCAAGCCAGTTT-1,PB,-0.07001801433854374
MS,PB_16,CTACCCAGTCAATACC-1,PB,0.43970006506519305
MS,PB_16,CTACGTCCAGGTGCCT-1,PB,0.11448300217310603
MS,PB_16,CTACGTCGTTAGGGTG-1,PB,-0.07001801433854374
MS,PB_16,CTACGTCTCCAAAGTC-1,PB,0.37956207107110285
MS,PB_16,CTAGAGTAGTACATGA-1,PB,0.096204012028452
MS,PB_16,CTAGAGTCATTGCGGC-1,PB,-0.22614055062723204
MS,PB_16,CTAGCCTAGAAGATTC-1,PB,-0.07001801433854374
MS,PB_16,CTAGCCTAGCGTGAAC-1-1,PB,-0.07001801433854374
MS,PB_16,CTAGCCTAGTGTCCCG-1,PB,0.27832366800741337
MS,PB_16,CTAGTGAAGCTAGCCC-1,PB,-0.02639087274819878
MS,PB_16,CTAGTGAGTAGGCTGA-1,PB,0.6676025729200116
MS,PB_16,CTAGTGATCCTTGCCA-1,PB,0.5559927986877164
MS,PB_16,CTCACACCAAGCCTAT-1,PB,0.06204531064912953
MS,PB_16,CTCACACTCGGTTAAC-1,PB,-0.01915336004259982
MS,PB_16,CTCAGAAAGAGACGAA-1-1,PB,-0.7718207903086862
MS,PB_16,CTCAGAACACTACAGT-1,PB,-0.07001801433854374
MS,PB_16,CTCAGAACACTCAGGC-1,PB,0.058105358435277255
MS,PB_16,CTCATTACAGCTGCTG-1,PB,-0.6021228011383093
MS,PB_16,CTCCTAGAGTGTACCT-1,PB,-0.3016020916192582
MS,PB_16,CTCCTAGGTCAGAAGC-1,PB,-0.1881748242752264
MS,PB_16,CTCGAAAGTATTAGCC-1,PB,0.265688466411157
MS,PB_16,CTCGAGGAGCGCCTTG-1,PB,-0.02024815153526102
MS,PB_16,CTCGAGGCATCCGGGT-1,PB,0.4636300923841609
MS,PB_16,CTCGAGGGTAGGAGTC-1,PB,-0.27429068108934807
MS,PB_16,CTCGGAGAGCCGCCTA-1,PB,-0.1093635816454618
MS,PB_16,CTCGGAGAGTATCGAA-1,PB,0.21131735949859837
MS,PB_16,CTCGGAGGTACCGTTA-1,PB,0.25401529144061197
MS,PB_16,CTCGGGAAGCCTCGTG-1,PB,-0.058019881736282274
MS,PB_16,CTCGGGAGTGACCAAG-1,PB,0.19143196275772886
MS,PB_16,CTCGTACCAAGAGGCT-1-1,PB,-0.10475769280529712
MS,PB_16,CTCGTACTCGGCGCAT-1,PB,-0.07001801433854374
MS,PB_16,CTCGTACTCTGCAGTA-1,PB,-0.3550266998167665
MS,PB_16,CTCGTCAAGGACACCA-1,PB,0.35233506548572846
MS,PB_16,CTCGTCACATTGCGGC-1,PB,0.013257407900147363
MS,PB_16,CTCGTCAGTACCGAGA-1,PB,0.13854040076207766
MS,PB_16,CTCTAATAGGCAGTCA-1,PB,0.014538853345214375
MS,PB_16,CTCTGGTAGGGATCTG-1,PB,0.16390875300901217
MS,PB_16,CTCTGGTTCGTAGGAG-1,PB,-0.06657443259322852
MS,PB_16,CTCTGGTTCTCTAAGG-1,PB,0.8253483619666572
MS,PB_16,CTGAAACAGTGGGATC-1,PB,0.037595153008183266
MS,PB_16,CTGAAACAGTGGTCCC-1,PB,0.5395875238618794
MS,PB_16,CTGAAACAGTGTCCCG-1,PB,-0.2891077298296255
MS,PB_16,CTGAAACTCCAAGCCG-1,PB,0.15527555903346849
MS,PB_16,CTGAAGTCAATGAAAC-1-1,PB,-0.07001801433854374
MS,PB_16,CTGAAGTCAGCTCGCA-1,PB,-0.08905571110541417
MS,PB_16,CTGATAGAGATAGCAT-1,PB,-0.07001801433854374
MS,PB_16,CTGATAGAGTTTAGGA-1,PB,0.05764586671993322
MS,PB_16,CTGATAGGTATTCTCT-1,PB,-0.018668376807043616
MS,PB_16,CTGATAGGTTGCCTCT-1,PB,-0.6209815360603222
MS,PB_16,CTGATCCAGTTAACGA-1,PB,0.09273020192169601
MS,PB_16,CTGATCCCATGCTAGT-1,PB,-0.14506754296862126
MS,PB_16,CTGATCCCATTGAGCT-1,PB,-0.3361686646840136
MS,PB_16,CTGCCTAGTCTCTCGT-1,PB,0.7155436204630998
MS,PB_16,CTGCGGACAGATGAGC-1,PB,-0.07001801433854374
MS,PB_16,CTGCGGACATCACAAC-1,PB,-0.28619396749515386
MS,PB_16,CTGCGGACATGCTGGC-1,PB,0.06792171909195463
MS,PB_16,CTGCGGAGTGGCAAAC-1,PB,-0.6127463909506465
MS,PB_16,CTGCTGTCACAACTGT-1,PB,-0.1308139423891241
MS,PB_16,CTGCTGTCATTGTGCA-1,PB,1.2492912497079411
MS,PB_16,CTGCTGTGTGGTCCGT-1,PB,0.1231224092082295
MS,PB_16,CTGCTGTGTGTGAATA-1,PB,0.17819716363797747
MS,PB_16,CTGCTGTTCATCTGTT-1,PB,-0.7817861392232855
MS,PB_16,CTGGTCTCATGAAGTA-1,PB,-0.2261163472122331
MS,PB_16,CTGGTCTTCGATGAGG-1,PB,0.121522194999598
MS,PB_16,CTGGTCTTCTGAGGGA-1,PB,-0.32834928116576056
MS,PB_16,CTGTGCTCAGTTTACG-1,PB,0.40091162081068016
MS,PB_16,CTGTTTATCATTGCCC-1,PB,-0.10666861716556326
MS,PB_16,CTTACCGAGCGTTGCC-1,PB,-0.5756861441247026
MS,PB_16,CTTACCGAGTACGATA-1,PB,0.3932468619209208
MS,PB_16,CTTACCGCAAGACGTG-1,PB,0.10893265516378223
MS,PB_16,CTTACCGTCTCAAACG-1,PB,0.01906120765015106
MS,PB_16,CTTAGGAAGAATCTCC-1,PB,0.438337460828849
MS,PB_16,CTTAGGAAGGGAAACA-1,PB,0.00014778860288604059
MS,PB_16,CTTGGCTAGAGTGAGA-1,PB,-0.22986430179054512
MS,PB_16,CTTGGCTCAACTGCGC-1,PB,-0.26296773597343315
MS,PB_16,CTTGGCTCACTTCGAA-1,PB,-0.24223754302928271
MS,PB_16,CTTGGCTTCACGATGT-1,PB,0.19871994503847312
MS,PB_16,CTTTGCGCAAGGGTCA-1,PB,0.4779344494881305
MS,PB_16,CTTTGCGGTGAGTATA-1,PB,0.1364547607077538
MS,PB_16,GAAACTCTCAGCTTAG-1-1,PB,0.033757842237118585
MS,PB_16,GAAATGAGTACCGGCT-1,PB,0.08136299869177067
MS,PB_16,GAAATGAGTAGAAGGA-1,PB,0.15288758268225372
MS,PB_16,GAAATGAGTGTCTGAT-1,PB,0.15117124055661724
MS,PB_16,GAACATCGTCAACATC-1,PB,0.14942004632251196
MS,PB_16,GAACATCTCCGCATCT-1,PB,-0.740703586685357
MS,PB_16,GAACCTAAGTGTACGG-1,PB,0.1749088502812424
MS,PB_16,GAACCTATCTCGCTTG-1,PB,0.1346569297951566
MS,PB_16,GAACGGAAGACAGACC-1,PB,0.2439595266239003
MS,PB_16,GAACGGACAATGACCT-1,PB,-0.07001801433854374
MS,PB_16,GAACGGACACAACTGT-1,PB,0.16560537985621643
MS,PB_16,GAACGGACAGGCGATA-1,PB,-0.2908460182003341
MS,PB_16,GAACGGAGTAGAGGAA-1,PB,0.16404281772608864
MS,PB_16,GAACGGAGTCAAGCGA-1,PB,0.16659528238029248
MS,PB_16,GAACGGATCGGATGGA-1,PB,-0.26603801284433015
MS,PB_16,GAACGGATCGGGAGTA-1,PB,0.406570508491134
MS,PB_16,GAACGGATCTACCTGC-1,PB,-0.07001801433854374
MS,PB_16,GAAGCAGAGAAGCCCA-1,PB,0.19606257294684193
MS,PB_16,GAAGCAGAGTAACCCT-1,PB,-0.16461740749763987
MS,PB_16,GAAGCAGCACGTAAGG-1,PB,0.28937623584502087
MS,PB_16,GAAGCAGGTCTAGAGG-1-1,PB,-0.3409135009194243
MS,PB_16,GAAGCAGTCACTTCAT-1,PB,0.1148410844120068
MS,PB_16,GAAGCAGTCGCGCCAA-1,PB,-0.04353593234711929
MS,PB_16,GAATAAGAGGTAAACT-1,PB,0.06896765919813105
MS,PB_16,GAATAAGCATCGGAAG-1,PB,-0.011943419795157784
MS,PB_16,GAATAAGGTCCGCTGA-1,PB,0.28178511313830096
MS,PB_16,GAATAAGGTTGAGGTG-1,PB,-0.2659076106273705
MS,PB_16,GAATAAGTCGATAGAA-1,PB,-0.2172572029027057
MS,PB_16,GAATAAGTCGCCAGCA-1,PB,0.26118414446587795
MS,PB_16,GAATGAAAGCCAGGAT-1,PB,-0.0021383399586144386
MS,PB_16,GACACGCCACATAACC-1,PB,-0.33219948278230715
MS,PB_16,GACACGCCAGGGTACA-1,PB,0.33768234799467967
MS,PB_16,GACACGCGTTCCAACA-1,PB,-0.01741003413971984
MS,PB_16,GACACGCTCCTCAACC-1,PB,0.18991343682210962
MS,PB_16,GACAGAGAGATGTTAG-1,PB,-0.14439170996519282
MS,PB_16,GACAGAGCAAGCGTAG-1,PB,0.337302139215064
MS,PB_16,GACAGAGCAGCTCGAC-1,PB,0.2978931582560712
MS,PB_16,GACAGAGGTTTCCACC-1,PB,-0.5946190371066725
MS,PB_16,GACAGAGTCCGTTGTC-1,PB,0.30856478107682817
MS,PB_16,GACCAATAGCCACGTC-1,PB,0.12403604442601902
MS,PB_16,GACCAATAGGATCGCA-1,PB,0.16155185542975697
MS,PB_16,GACCAATAGTGGCACA-1,PB,-0.07001801433854374
MS,PB_16,GACCAATGTTGGTAAA-1,PB,0.017603968865179693
MS,PB_16,GACCAATTCGCAAGCC-1,PB,0.04483822488711424
MS,PB_16,GACCTGGAGACGCAAC-1-2,PB,-0.13809742264058716
MS,PB_16,GACCTGGAGATGCGAC-1,PB,0.2258438881640422
MS,PB_16,GACCTGGCACATTAGC-1,PB,-0.05588966886897838
MS,PB_16,GACCTGGCAGTAACGG-1,PB,0.27033435491661567
MS,PB_16,GACCTGGGTTAAGACA-1,PB,-0.07001801433854374
MS,PB_16,GACCTGGTCGAGAGCA-1,PB,-0.571798214452981
MS,PB_16,GACGCGTAGATCCCGC-1,PB,0.1532779012433219
MS,PB_16,GACGCGTAGTACCGGA-1,PB,-0.17864433099219926
MS,PB_16,GACGCGTCACGAAGCA-1,PB,-0.17726542515449498
MS,PB_16,GACGCGTCAGTCGTGC-1,PB,0.48673246954670774
MS,PB_16,GACGGCTAGGAGTACC-1,PB,-0.2673900369212258
MS,PB_16,GACGGCTAGTACATGA-1,PB,0.6562410003493919
MS,PB_16,GACGGCTAGTCGTACT-1,PB,0.44211689110896746
MS,PB_16,GACGGCTCACAGATTC-1-1,PB,0.2672422915273177
MS,PB_16,GACGGCTGTTGATTCG-1,PB,0.3479159330498164
MS,PB_16,GACGGCTTCACCTTAT-1,PB,0.11609301697027571
MS,PB_16,GACGGCTTCCGTAGGC-1,PB,0.44481906854693726
MS,PB_16,GACGTGCAGTCACGCC-1,PB,0.09173058270175274
MS,PB_16,GACGTGCTCCCAACGG-1,PB,-0.1506107906107062
MS,PB_16,GACGTTAAGCAATATG-1,PB,0.6033014538425446
MS,PB_16,GACGTTACAGTCGATT-1,PB,-0.7063225929195237
MS,PB_16,GACTAACAGCGTGAAC-1-1,PB,-0.5001951055827772
MS,PB_16,GACTAACCACGAAAGC-1,PB,0.5680821890423904
MS,PB_16,GACTAACGTTCGTGAT-1,PB,0.09983207576892648
MS,PB_16,GACTACACATGGTCAT-1,PB,-0.08560297618945777
MS,PB_16,GACTACATCACTTACT-1,PB,0.08654971047391122
MS,PB_16,GAGCAGAAGCAGCGTA-1,PB,-0.5709527452579098
MS,PB_16,GAGCAGACATGACGGA-1,PB,-0.3186390390749671
MS,PB_16,GAGCAGACATGTCTCC-1,PB,-0.33110576756469273
MS,PB_16,GAGCAGATCCTGCCAT-1,PB,-0.2878353070963154
MS,PB_16,GAGGTGAAGAAGGGTA-1-1,PB,0.18077534682163585
MS,PB_16,GAGGTGACAATAGCAA-1,PB,0.040440599208313346
MS,PB_16,GAGGTGACAATCGAAA-1,PB,-0.19049489691824012
MS,PB_16,GAGGTGACAGCCTTGG-1,PB,0.060428318316337284
MS,PB_16,GAGGTGAGTCAAGCGA-1,PB,-0.10735463821370812
MS,PB_16,GAGGTGATCGATCCCT-1-1,PB,0.12583334340421634
MS,PB_16,GAGGTGATCGCCATAA-1-1,PB,0.3796761380238437
MS,PB_16,GAGTCCGGTTAAGTAG-1,PB,0.21702165149334135
MS,PB_16,GAGTCCGTCAAACCAC-1,PB,0.22227211761025495
MS,PB_16,GATCAGTGTAGCTAAA-1,PB,-0.2690092082511772
MS,PB_16,GATCAGTTCCCAAGAT-1-1,PB,0.20964159297282126
MS,PB_16,GATCAGTTCTTCAACT-1,PB,0.07184072445544865
MS,PB_16,GATCGATCAAACCTAC-1,PB,0.18763307685033195
MS,PB_16,GATCGATGTTTGACAC-1,PB,0.14455136119257064
MS,PB_16,GATCGATTCGAATGGG-1,PB,0.8118682662615118
MS,PB_16,GATCGCGAGCACCGCT-1,PB,0.33592890420953514
MS,PB_16,GATCGCGAGCGTTTAC-1,PB,-0.2888037418288833
MS,PB_16,GATCGCGGTCCTGCTT-1,PB,-0.05900696736712414
MS,PB_16,GATCGTAAGAGTAATC-1,PB,0.0814677641949478
MS,PB_16,GATCGTAGTACATCCA-1,PB,0.5365716857431689
MS,PB_16,GATCTAGAGAGGGATA-1,PB,0.07045035122110267
MS,PB_16,GATCTAGGTTACTGAC-1,PB,1.092240478984526
MS,PB_16,GATCTAGGTTGTCTTT-1,PB,0.0902473194239937
MS,PB_16,GATGAAACACGCGAAA-1,PB,0.0808315111268788
MS,PB_16,GATGAAAGTCATGCAT-1,PB,0.3735520701349474
MS,PB_16,GATGAAATCTACCTGC-1,PB,0.14700371791826508
MS,PB_16,GATGAGGCACATGTGT-1,PB,-0.13703245060439226
MS,PB_16,GATGCTAAGAGCCCAA-1,PB,0.10842739042669798
MS,PB_16,GATGCTACAGGGATTG-1,PB,-0.07001801433854374
MS,PB_16,GATGCTACATCCCACT-1,PB,-0.07001801433854374
MS,PB_16,GATGCTAGTATGGTTC-1-1,PB,0.5173059782620991
MS,PB_16,GATGCTAGTTCCGGCA-1,PB,-0.04096874996161658
MS,PB_16,GATTCAGAGCGTCTAT-1-1,PB,0.11278063780292046
MS,PB_16,GATTCAGAGTACGTAA-1,PB,0.3865866681551103
MS,PB_16,GATTCAGCACGAAACG-1,PB,-0.047106619927082746
MS,PB_16,GATTCAGGTCTAGCGC-1,PB,-0.3187837378701545
MS,PB_16,GATTCAGGTTGGAGGT-1,PB,-0.12264011681082021
MS,PB_16,GATTCAGTCAGCGACC-1,PB,0.6340635140492158
MS,PB_16,GATTCAGTCCAAATGC-1,PB,0.043043269721314385
MS,PB_16,GCAAACTGTCTCTTTA-1,PB,0.21491822001058122
MS,PB_16,GCAATCACACCAGCAC-1,PB,-0.23003802028853407
MS,PB_16,GCAATCATCGAATGGG-1,PB,-0.5321382011787799
MS,PB_16,GCAATCATCTATGTGG-1,PB,-0.024377277429453417
MS,PB_16,GCACATAAGGTGCAAC-1-1,PB,0.05710697449873437
MS,PB_16,GCACTCTAGTCTCCTC-1,PB,-0.2755853986931408
MS,PB_16,GCACTCTGTTACGACT-1,PB,0.12704069227480377
MS,PB_16,GCAGCCAAGGCTACGA-1,PB,0.002121693305722808
MS,PB_16,GCAGCCAGTCTCTCGT-1,PB,-0.28117489609727014
MS,PB_16,GCAGCCAGTTCCCTTG-1,PB,-0.07001801433854374
MS,PB_16,GCAGCCATCCGTCAAA-1-1,PB,-0.1329550746836839
MS,PB_16,GCAGCCATCGGAGCAA-1,PB,0.40121151937561805
MS,PB_16,GCAGTTAAGTAGGTGC-1,PB,0.0879958219219255
MS,PB_16,GCAGTTAAGTTGAGTA-1,PB,0.4774639890887383
MS,PB_16,GCAGTTACAATCTACG-1,PB,-0.1231839916430586
MS,PB_16,GCAGTTAGTTTGTTGG-1,PB,0.32184906720168444
MS,PB_16,GCAGTTATCAAACGGG-1,PB,-0.3479845610830365
MS,PB_16,GCAGTTATCGCATGGC-1,PB,0.2903097968508141
MS,PB_16,GCATACAAGAGGTACC-1,PB,0.06639166359811195
MS,PB_16,GCATACACACGCCAGT-1,PB,-0.1649572367843865
MS,PB_16,GCATACACAGGCTCAC-1,PB,-0.13290592222229214
MS,PB_16,GCATACACAGTATGCT-1,PB,-0.39102687231056704
MS,PB_16,GCATACATCAGTTTGG-1,PB,0.012461827685192621
MS,PB_16,GCATACATCTGCTGCT-1-1,PB,0.13294778872027171
MS,PB_16,GCATGATGTCATATCG-1,PB,0.08601041118379318
MS,PB_16,GCATGTACAGCTGTGC-1,PB,0.7810262821776442
MS,PB_16,GCATGTAGTCCCGACA-1,PB,0.09683986507782702
MS,PB_16,GCCAAATAGGTCATCT-1,PB,0.23249320187325231
MS,PB_16,GCCAAATAGTGCAAGC-1,PB,-0.0419526687631845
MS,PB_16,GCCAAATCATGATCCA-1,PB,-0.3251181087244791
MS,PB_16,GCCAAATTCGTTTGCC-1,PB,0.12668598621624588
MS,PB_16,GCCTCTAAGACGCTTT-1,PB,0.4979047690385981
MS,PB_16,GCCTCTATCATACGGT-1,PB,0.10469026859301533
MS,PB_16,GCGACCAAGAAGAAGC-1-1,PB,-0.0025333803105046277
MS,PB_16,GCGACCAAGCTGGAAC-1,PB,-0.07001801433854374
MS,PB_16,GCGACCACATATACGC-1,PB,0.37221534526387917
MS,PB_16,GCGACCAGTCATATGC-1-1,PB,0.3687082292734563
MS,PB_16,GCGACCATCGGCGGTT-1,PB,0.15395411329080075
MS,PB_16,GCGAGAAAGCAGGTCA-1-1,PB,0.5617771874215277
MS,PB_16,GCGAGAACATCCAACA-1,PB,-0.2020969508072444
MS,PB_16,GCGAGAATCAAACCAC-1,PB,-0.3760101212052727
MS,PB_16,GCGAGAATCAGATAAG-1,PB,0.27209830733655044
MS,PB_16,GCGCAACAGAAACCTA-1,PB,0.10824755614004689
MS,PB_16,GCGCAACAGAAGCCCA-1,PB,0.11450888491843123
MS,PB_16,GCGCAACAGATGTGGC-1,PB,0.1542947151372247
MS,PB_16,GCGCAACAGCTCCTTC-1,PB,-0.5356809837655515
MS,PB_16,GCGCCAAAGCCGATTT-1,PB,0.5090545768585752
MS,PB_16,GCGCCAAAGGCTACGA-1,PB,0.1098328226458756
MS,PB_16,GCGCGATAGGGAAACA-1,PB,0.0584971207177659
MS,PB_16,GCGCGATGTGCTAGCC-1,PB,-0.022726294946741016
MS,PB_16,GCGCGATGTTCATGGT-1,PB,-0.14440026380109922
MS,PB_16,GCGGGTTAGGATCGCA-1,PB,-0.1403255362813405
MS,PB_16,GCGGGTTCAAACGTGG-1,PB,0.3638605023270687
MS,PB_16,GCGGGTTCATGATCCA-1,PB,-0.06867443411920664
MS,PB_16,GCGGGTTGTATATCCG-1,PB,-0.07001801433854374
MS,PB_16,GCGGGTTTCCGTAGTA-1,PB,0.2506436160352307
MS,PB_16,GCTCCTAAGACACTAA-1,PB,-0.0004274759743574227
MS,PB_16,GCTCCTAAGGTAAACT-1,PB,-0.32557295811901027
MS,PB_16,GCTCCTACAAATCCGT-1,PB,0.10537570906766436
MS,PB_16,GCTCCTACACGGCCAT-1,PB,-0.5171507107396899
MS,PB_16,GCTCTGTCACGTCAGC-1-1,PB,-0.11167398759796163
MS,PB_16,GCTCTGTCATTGGTAC-1,PB,0.07090651378969245
MS,PB_16,GCTCTGTGTACGCACC-1,PB,-0.05066941076032986
MS,PB_16,GCTGCAGCATGAACCT-1,PB,0.380901745855521
MS,PB_16,GCTGCAGGTTATCGGT-1,PB,0.4127400098375776
MS,PB_16,GCTGCGAAGGTAGCCA-1-2,PB,-0.49348503357254586
MS,PB_16,GCTGCTTCACGCATCG-1,PB,0.04364324095589757
MS,PB_16,GCTGCTTCAGCCACCA-1,PB,0.233192734281729
MS,PB_16,GCTGCTTCATAACCTG-1,PB,0.29103735166925027
MS,PB_16,GCTGCTTGTAAAGGAG-1-2,PB,0.2250090613495333
MS,PB_16,GCTGCTTGTTCAGTAC-1,PB,0.36273998195766893
MS,PB_16,GCTGCTTTCAAGGCTT-1,PB,-0.3439108149192503
MS,PB_16,GCTGCTTTCATCACCC-1,PB,-0.14239431148977968
MS,PB_16,GCTGGGTAGGCTCTTA-1,PB,-0.07001801433854374
MS,PB_16,GCTTCCAAGCTTCGCG-1,PB,-0.07769735076565089
MS,PB_16,GCTTCCACATTGTGCA-1,PB,0.263939036767552
MS,PB_16,GCTTCCAGTTTGTGTG-1,PB,-0.09535149761318386
MS,PB_16,GCTTGAATCTCATTCA-1,PB,-0.05756047579135579
MS,PB_16,GGAAAGCCAGCTCCGA-1,PB,0.20274711994094083
MS,PB_16,GGAAAGCCATCACCCT-1,PB,-0.32544702778674583
MS,PB_16,GGAACTTAGATGTGGC-1-1,PB,-0.21854159466144843
MS,PB_16,GGAATAACAGGAACGT-1,PB,-0.2118084047081258
MS,PB_16,GGACAAGTCACAAACC-1,PB,-0.27388698673798834
MS,PB_16,GGACAGAAGGGATACC-1,PB,-0.08918877868073907
MS,PB_16,GGACAGAAGTGGTAAT-1,PB,0.2977161002560133
MS,PB_16,GGACATTAGACGCTTT-1,PB,0.08381170435539127
MS,PB_16,GGACATTAGTGCGTGA-1,PB,0.10338941292278991
MS,PB_16,GGACATTCACGTGAGA-1,PB,0.3215413913574201
MS,PB_16,GGACATTGTCACTGGC-1,PB,0.7032903708775463
MS,PB_16,GGACATTTCCTGCAGG-1-1,PB,0.6992053095003172
MS,PB_16,GGACGTCAGCGATAGC-1,PB,-0.0857481245179608
MS,PB_16,GGACGTCAGCGCCTTG-1,PB,0.3921507629886775
MS,PB_16,GGACGTCAGGCTATCT-1,PB,0.0061626465736460845
MS,PB_16,GGACGTCCAATGGAAT-1,PB,0.17402746887841294
MS,PB_16,GGACGTCCACGTCTCT-1,PB,0.2598238889349884
MS,PB_16,GGACGTCTCCCGGATG-1,PB,-0.1720920622901617
MS,PB_16,GGACGTCTCCTATTCA-1-1,PB,0.26445870316239267
MS,PB_16,GGAGCAAAGACTAAGT-1-1,PB,-0.3988265619687595
MS,PB_16,GGAGCAAGTTCGGCAC-1,PB,-0.07815010577758397
MS,PB_16,GGAGCAATCGTAGGAG-1,PB,-0.024993689294838774
MS,PB_16,GGATGTTAGCATGGCA-1,PB,-0.07001801433854374
MS,PB_16,GGATGTTGTGAAAGAG-1-1,PB,-0.09048544256509015
MS,PB_16,GGATGTTTCACGATGT-1,PB,0.006992956682349013
MS,PB_16,GGATTACCATCAGTCA-1,PB,-0.13907053255140278
MS,PB_16,GGATTACGTTGATTGC-1,PB,0.4354775886393529
MS,PB_16,GGCAATTAGGTGATTA-1,PB,0.371043349361191
MS,PB_16,GGCAATTCAATCCGAT-1,PB,-0.4258919688855619
MS,PB_16,GGCCGATAGAAACCTA-1,PB,-0.007238849939335807
MS,PB_16,GGCCGATGTCGAATCT-1,PB,0.2869754514423749
MS,PB_16,GGCCGATTCGCACTCT-1,PB,-0.2438486173957764
MS,PB_16,GGCCGATTCTGGGCCA-1-1,PB,0.8183969233621234
MS,PB_16,GGCGACTAGGAGTACC-1,PB,-0.020350852350437734
MS,PB_16,GGCGACTTCAACGCTA-1,PB,-0.7598453127154645
MS,PB_16,GGCGACTTCGAACTGT-1,PB,-0.2600473088571339
MS,PB_16,GGCGTGTAGAGAACAG-1,PB,-0.5449437246777284
MS,PB_16,GGCTCGAAGGAGCGAG-1,PB,-0.12109895648106807
MS,PB_16,GGCTCGAAGTGGACGT-1,PB,-0.056891965438229206
MS,PB_16,GGCTCGATCTGAAAGA-1,PB,0.14879728672092557
MS,PB_16,GGCTGGTCAACACCTA-1-1,PB,0.07857531638421679
MS,PB_16,GGCTGGTTCCAAACAC-1,PB,0.07130031382678391
MS,PB_16,GGGAATGCAAGTCTAC-1,PB,0.24272225417000187
MS,PB_16,GGGAATGCACCGCTAG-1,PB,-0.1659040926006309
MS,PB_16,GGGAATGTCGGATGGA-1,PB,0.21957258304344549
MS,PB_16,GGGACCTAGACAAAGG-1,PB,-0.051265579544131405
MS,PB_16,GGGACCTGTACTTCTT-1,PB,-0.0617775624108445
MS,PB_16,GGGAGATAGAGATGAG-1,PB,0.08511588382031575
MS,PB_16,GGGAGATGTTGATTCG-1,PB,0.19403236534442253
MS,PB_16,GGGAGATTCCTCAACC-1,PB,0.30296804694739077
MS,PB_16,GGGATGACACAGTCGC-1-1,PB,-0.18074118162030603
MS,PB_16,GGGCACTAGGACATTA-1,PB,0.10361496756036385
MS,PB_16,GGGCACTCACCAGATT-1,PB,0.6166279229126698
MS,PB_16,GGGCACTCAGACACTT-1,PB,0.09593451900669268
MS,PB_16,GGGCATCAGAATGTGT-1,PB,-0.5282700623323909
MS,PB_16,GGGCATCAGAGGTAGA-1,PB,-0.2085922952077611
MS,PB_16,GGGCATCGTTAAGTAG-1,PB,-0.2835387604548308
MS,PB_16,GGGTCTGTCTTAGCCC-1,PB,0.04631307279150484
MS,PB_16,GGGTTGCAGAGTGACC-1,PB,-0.07001801433854374
MS,PB_16,GGGTTGCTCAGTACGT-1,PB,0.13499092484252365
MS,PB_16,GGGTTGCTCCAGAGGA-1-2,PB,-0.38238742787504343
MS,PB_16,GGTATTGAGGGCATGT-1,PB,0.057806536380024906
MS,PB_16,GGTATTGGTCAATACC-1,PB,-0.64527127787881
MS,PB_16,GGTATTGGTGTAAGTA-1,PB,-0.0604411562909013
MS,PB_16,GGTATTGGTTCAGCGC-1,PB,0.3348720091645063
MS,PB_16,GGTATTGGTTGATTGC-1,PB,-0.018388132896411287
MS,PB_16,GGTATTGTCACAATGC-1,PB,0.28716650916155134
MS,PB_16,GGTATTGTCACCTTAT-1,PB,-0.40738262188777175
MS,PB_16,GGTATTGTCAGGATCT-1,PB,-0.25498887471191134
MS,PB_16,GGTGAAGAGAAGAAGC-1,PB,-0.015023616521305782
MS,PB_16,GGTGAAGAGACTAGAT-1,PB,-0.25063227161930457
MS,PB_16,GGTGAAGAGATATGCA-1,PB,0.5255328659609267
MS,PB_16,GGTGAAGCACTTCTGC-1,PB,0.32584775477700817
MS,PB_16,GGTGAAGGTAAATACG-1,PB,0.14101827418037058
MS,PB_16,GGTGAAGGTTTAAGCC-1,PB,0.2909697132461094
MS,PB_16,GGTGAAGGTTTGACAC-1,PB,0.1721991171243502
MS,PB_16,GGTGCGTTCGCGATCG-1,PB,0.5570637787999277
MS,PB_16,GGTGTTAAGAGGTTGC-1,PB,-0.07001801433854374
MS,PB_16,GGTGTTAAGCTCTCGG-1,PB,-0.5086590774296582
MS,PB_16,GGTGTTAAGGATCGCA-1,PB,-0.16406762774234487
MS,PB_16,GGTGTTAAGTAACCCT-1,PB,-0.07001801433854374
MS,PB_16,GGTGTTACACGGTAAG-1,PB,0.051509270937646005
MS,PB_16,GGTGTTAGTACCGTAT-1,PB,0.5405973031192984
MS,PB_16,GGTGTTATCTGCGGCA-1,PB,-0.6823438072240207
MS,PB_16,GTAACGTAGCTACCTA-1,PB,0.5892501530666314
MS,PB_16,GTAACGTAGGCCCGTT-1-1,PB,0.14685486485231136
MS,PB_16,GTAACGTGTCGAGATG-1,PB,0.16658844603609183
MS,PB_16,GTAACGTTCCTTTACA-1,PB,-0.07001801433854374
MS,PB_16,GTAACGTTCTGACCTC-1,PB,-0.28873063570591384
MS,PB_16,GTAACTGAGCCACTAT-1,PB,-0.05455193044468367
MS,PB_16,GTACGTAAGGTCGGAT-1,PB,0.5163672438553332
MS,PB_16,GTACGTAAGTACATGA-1,PB,-0.07001801433854374
MS,PB_16,GTACGTACATCCGCGA-1,PB,0.06613008155231345
MS,PB_16,GTACGTAGTCATTAGC-1,PB,0.06858667780945597
MS,PB_16,GTACTCCAGGCGCTCT-1-1,PB,0.27925980270580203
MS,PB_16,GTACTCCTCCTAGTGA-1-1,PB,0.29985113125655044
MS,PB_16,GTACTCCTCGTTGCCT-1,PB,-0.40052627344219843
MS,PB_16,GTACTCCTCTCGAGTA-1,PB,-0.03782376191404178
MS,PB_16,GTACTTTAGACCTAGG-1,PB,0.10524890794744142
MS,PB_16,GTACTTTAGAGCCTAG-1,PB,-0.07001801433854374
MS,PB_16,GTACTTTGTACTTCTT-1,PB,0.360707483078119
MS,PB_16,GTAGTCAAGTGTGAAT-1,PB,-0.013956020312082734
MS,PB_16,GTAGTCACATACTACG-1,PB,-0.22416452705399234
MS,PB_16,GTAGTCATCTTCATGT-1,PB,-0.20767502735893542
MS,PB_16,GTATCTTAGCACCGCT-1,PB,0.5547499644844082
MS,PB_16,GTATCTTTCTGCTTGC-1,PB,0.13923121103007635
MS,PB_16,GTATCTTTCTTCTGGC-1,PB,-0.36228477742616894
MS,PB_16,GTATTCTAGACGCAAC-1,PB,0.4070982320911724
MS,PB_16,GTATTCTCAGGTCTCG-1-1,PB,-0.3845230390937741
MS,PB_16,GTATTCTGTCCAGTAT-1,PB,0.04971168784419657
MS,PB_16,GTATTCTGTGACAAAT-1,PB,-0.9289547338023647
MS,PB_16,GTATTCTGTTCCACTC-1,PB,0.24933378585747312
MS,PB_16,GTATTCTTCAGCACAT-1,PB,0.34648273213336206
MS,PB_16,GTATTCTTCGTGTAGT-1,PB,0.24666783802001585
MS,PB_16,GTCAAGTAGCTCCCAG-1,PB,-0.05702518168744828
MS,PB_16,GTCAAGTCAAACGCGA-1,PB,0.08624116708568448
MS,PB_16,GTCAAGTCAGACAAAT-1,PB,-0.1537122862955186
MS,PB_16,GTCACAAGTTCGTTGA-1,PB,0.09101648979926183
MS,PB_16,GTCACAATCATAGCAC-1,PB,0.06475682032988501
MS,PB_16,GTCACGGAGAAGGTGA-1-1,PB,-0.07001801433854374
MS,PB_16,GTCACGGCAATGAATG-1,PB,0.17866190594919143
MS,PB_16,GTCACGGGTAGCGCAA-1,PB,0.16235041573828
MS,PB_16,GTCACGGGTCCTCCAT-1,PB,0.38671734266746777
MS,PB_16,GTCACGGTCAAGCCTA-1,PB,-0.15323807629840255
MS,PB_16,GTCATTTCACTGTGTA-1,PB,0.306374939096601
MS,PB_16,GTCATTTTCCCTAACC-1,PB,-0.5090948553626402
MS,PB_16,GTCCTCAAGCAATCTC-1,PB,0.2168144879647121
MS,PB_16,GTCCTCACAAGCGAGT-1,PB,-0.4600525562846952
MS,PB_16,GTCCTCAGTTAAGACA-1,PB,-0.5983104535667364
MS,PB_16,GTCGGGTAGAGATGAG-1,PB,-0.5150671229107292
MS,PB_16,GTCGGGTAGTACGTTC-1,PB,-0.46756678917961797
MS,PB_16,GTCGGGTCAATGAAAC-1,PB,-0.07001801433854374
MS,PB_16,GTCGGGTTCACTCCTG-1-1,PB,-0.04482847616201561
MS,PB_16,GTCGTAACAAACGTGG-1,PB,0.2986155559448219
MS,PB_16,GTCGTAACACGCATCG-1,PB,0.1707278864717163
MS,PB_16,GTCGTAACATGTCCTC-1-1,PB,0.2456448472420751
MS,PB_16,GTCGTAATCCGGCACA-1,PB,0.20495123150010738
MS,PB_16,GTCTCGTTCTGCAAGT-1,PB,-0.163469393432399
MS,PB_16,GTCTCGTTCTTTACGT-1,PB,0.1449246183194219
MS,PB_16,GTCTTCGAGACAGAGA-1,PB,-0.15689956141457115
MS,PB_16,GTCTTCGAGGGATCTG-1,PB,0.17371039617237063
MS,PB_16,GTGAAGGAGAAGATTC-1,PB,0.0007153938863532534
MS,PB_16,GTGAAGGCATTCACTT-1,PB,0.10962178222486939
MS,PB_16,GTGAAGGTCGTGGTCG-1,PB,-0.14640711669842224
MS,PB_16,GTGCAGCAGGGTCTCC-1,PB,0.4181528961782816
MS,PB_16,GTGCAGCGTACCGCTG-1,PB,0.6419379512764037
MS,PB_16,GTGCAGCTCGTCGTTC-1,PB,0.03889288390004651
MS,PB_16,GTGCATAAGAACAACT-1,PB,-0.0070490383312300665
MS,PB_16,GTGCATACAATCGGTT-1,PB,-0.07001801433854374
MS,PB_16,GTGCATACAGCCTGTG-1,PB,0.08201562073572413
MS,PB_16,GTGCATAGTGGCAAAC-1,PB,-0.3117690084741108
MS,PB_16,GTGCATATCCTACAGA-1,PB,0.41036475655496335
MS,PB_16,GTGCATATCTTGTATC-1,PB,-0.4193004216032939
MS,PB_16,GTGCGGTAGGACAGAA-1,PB,0.5405268378917824
MS,PB_16,GTGCGGTGTAGAGGAA-1,PB,0.2944558743214642
MS,PB_16,GTGCGGTGTCGACTGC-1,PB,-0.6935640592558647
MS,PB_16,GTGCGGTGTTGAGGTG-1,PB,-0.5421136582101749
MS,PB_16,GTGCGGTTCTTCAACT-1,PB,-0.07001801433854374
MS,PB_16,GTGCTTCAGGCTCATT-1,PB,-0.12360704305949531
MS,PB_16,GTGCTTCCAAGCGCTC-1,PB,0.2558995315302513
MS,PB_16,GTGCTTCTCATGCTCC-1,PB,-0.36555000665427245
MS,PB_16,GTGTGCGTCAAACAAG-1,PB,0.5389867391300445
MS,PB_16,GTGTTAGAGGCACATG-1-2,PB,-0.22353553345054086
MS,PB_16,GTGTTAGCACAAGCCC-1,PB,0.46605618602127635
MS,PB_16,GTGTTAGCACGTAAGG-1,PB,0.19594560172076853
MS,PB_16,GTGTTAGGTAAGTAGT-1-1,PB,-0.1536537547061018
MS,PB_16,GTGTTAGGTCGTTGTA-1,PB,-0.07001801433854374
MS,PB_16,GTGTTAGTCTTCGGTC-1,PB,-0.29027381900980415
MS,PB_16,GTTAAGCAGGCTAGGT-1,PB,-0.0651793444474913
MS,PB_16,GTTAAGCCAATCGGTT-1,PB,-0.13084055710751605
MS,PB_16,GTTAAGCCAGCTCGAC-1,PB,0.09230466536460254
MS,PB_16,GTTACAGAGATGTGGC-1,PB,-0.30966292005065366
MS,PB_16,GTTACAGAGCCAACAG-1,PB,0.3344178587126446
MS,PB_16,GTTACAGCAGGTTTCA-1,PB,-0.12764975903087994
MS,PB_16,GTTACAGTCACCTCGT-1,PB,0.6126302719584908
MS,PB_16,GTTACAGTCAGCTCGG-1,PB,0.714886829776078
MS,PB_16,GTTACAGTCCGTAGGC-1,PB,-0.26870487972013407
MS,PB_16,GTTCATTCAAGCCGCT-1,PB,-0.4143424857936135
MS,PB_16,GTTCATTCATGGTTGT-1,PB,0.10808755575562448
MS,PB_16,GTTCATTTCATTCACT-1,PB,0.39894013165968006
MS,PB_16,GTTCGGGAGCTCTCGG-1,PB,-0.07001801433854374
MS,PB_16,GTTCGGGAGGACACCA-1,PB,0.19215571510957968
MS,PB_16,GTTCGGGAGGCATGTG-1,PB,-0.14533209488893703
MS,PB_16,GTTCTCGAGGACACCA-1,PB,-0.21843767532422703
MS,PB_16,GTTCTCGCAGCAGTTT-1,PB,-0.18909850991002025
MS,PB_16,GTTCTCGGTAGAAGGA-1,PB,0.13583750413337353
MS,PB_16,GTTCTCGTCGCCGTGA-1,PB,-0.04275474559357153
MS,PB_16,GTTCTCGTCGTTTATC-1,PB,0.6364138733394393
MS,PB_16,GTTTCTAGTAGAAAGG-1,PB,-0.1613117624752789
MS,PB_16,GTTTCTAGTTCTGGTA-1,PB,0.1173394501686261
MS,PB_16,TAAACCGAGAAGGACA-1,PB,0.046837816528973245
MS,PB_16,TAAACCGAGCCGGTAA-1,PB,-0.599679175279937
MS,PB_16,TAAACCGGTGTAAGTA-1,PB,-0.016652177735753056
MS,PB_16,TAAGAGATCGGCGGTT-1,PB,0.3185835161850387
MS,PB_16,TAAGCGTAGTGCCAGA-1,PB,-0.47126519605846223
MS,PB_16,TAAGCGTCACCATCCT-1,PB,0.01015248167420795
MS,PB_16,TAAGCGTCACCGCTAG-1,PB,-0.36077626409255537
MS,PB_16,TAAGCGTCAGGTCTCG-1,PB,-0.2108312362840364
MS,PB_16,TAAGCGTCAGTAACGG-1,PB,-0.07001801433854374
MS,PB_16,TAAGCGTGTCGAACAG-1,PB,-0.056817119644556734
MS,PB_16,TAAGCGTTCGACGGAA-1,PB,-0.34440111491427056
MS,PB_16,TAAGTGCAGAATTGTG-1,PB,0.130490506936745
MS,PB_16,TAAGTGCAGATCCGAG-1,PB,0.21868933357683878
MS,PB_16,TACACGACACTGAAGG-1,PB,0.7339334892070999
MS,PB_16,TACACGATCAGCCTAA-1,PB,-0.1971541134056884
MS,PB_16,TACAGTGGTAAATGTG-1,PB,-0.05655457953910146
MS,PB_16,TACCTATTCCACGTGG-1,PB,0.3892236165618593
MS,PB_16,TACCTATTCCTTGCCA-1,PB,-0.02478250978076408
MS,PB_16,TACCTTACAGCCTTTC-1,PB,0.2509697153676049
MS,PB_16,TACGGATGTAGATTAG-1,PB,0.6590333095377218
MS,PB_16,TACGGATGTAGCTAAA-1,PB,0.11935274221424341
MS,PB_16,TACGGATGTCTGATTG-1,PB,0.41897445996118776
MS,PB_16,TACGGATTCTCATTCA-1,PB,0.4506094187295392
MS,PB_16,TACGGGCAGCCTTGAT-1,PB,0.10387623496075014
MS,PB_16,TACGGGCGTTATGTGC-1,PB,0.07947969936163915
MS,PB_16,TACGGTACAAAGTGCG-1,PB,-0.07001801433854374
MS,PB_16,TACGGTACAGATGAGC-1,PB,-0.07842401288758026
MS,PB_16,TACGGTACAGTATCTG-1,PB,0.02046017755844452
MS,PB_16,TACTCATAGAGATGAG-1,PB,-0.13913579382280497
MS,PB_16,TACTCATAGGCAGGTT-1,PB,0.27697315177813425
MS,PB_16,TACTCATTCACCCTCA-1,PB,-0.009571629435326245
MS,PB_16,TACTCATTCGAGGTAG-1,PB,0.22245380087779631
MS,PB_16,TACTCATTCTGTTGAG-1,PB,0.08944673488772205
MS,PB_16,TACTCGCAGCCACGCT-1,PB,-0.07001801433854374
MS,PB_16,TACTCGCGTGCGATAG-1,PB,-0.07001801433854374
MS,PB_16,TACTCGCTCGGACAAG-1,PB,-0.23945520911903356
MS,PB_16,TACTTACGTAAGTGGC-1,PB,-0.013854475887808566
MS,PB_16,TACTTACGTCAGAAGC-1,PB,0.08781749623290933
MS,PB_16,TACTTACGTTAGTGGG-1,PB,-0.15655725830515052
MS,PB_16,TACTTGTAGGACAGCT-1,PB,0.039170776130723076
MS,PB_16,TACTTGTCACGTCTCT-1,PB,-0.04231852587632974
MS,PB_16,TACTTGTGTACGCACC-1,PB,-0.427247814055763
MS,PB_16,TAGACCAAGATGCCTT-1,PB,0.19352849863423052
MS,PB_16,TAGACCATCGTATCAG-1,PB,0.12107888031146148
MS,PB_16,TAGAGCTAGAATAGGG-1,PB,0.27957532648523886
MS,PB_16,TAGAGCTAGTCAATAG-1,PB,-0.22468470857269368
MS,PB_16,TAGAGCTGTGGTACAG-1,PB,-0.22822435170534114
MS,PB_16,TAGAGCTTCAAACCAC-1,PB,-0.07001801433854374
MS,PB_16,TAGAGCTTCTGCCCTA-1,PB,-0.39676535863935897
MS,PB_16,TAGCCGGCAGCGTTCG-1,PB,-0.15083574894612387
MS,PB_16,TAGCCGGGTAGATTAG-1,PB,-0.44012627812429433
MS,PB_16,TAGGCATAGACAAGCC-1,PB,0.4010774329993771
MS,PB_16,TAGGCATAGAGTACAT-1,PB,0.2795933568794598
MS,PB_16,TAGGCATCACGAAAGC-1,PB,0.1650707239314199
MS,PB_16,TAGGCATCAGCTTCGG-1,PB,0.29517878377056045
MS,PB_16,TAGGCATGTCAAAGAT-1,PB,-0.07244860487033909
MS,PB_16,TAGGCATGTCGGCATC-1,PB,-0.5229642676961946
MS,PB_16,TAGGCATTCAGGATCT-1,PB,0.2852228660725821
MS,PB_16,TAGGCATTCGTTTGCC-1,PB,0.159370815437895
MS,PB_16,TAGGCATTCTACTATC-1,PB,-0.08116468070469116
MS,PB_16,TAGTGGTAGAGCTATA-1,PB,-0.15662513383829646
MS,PB_16,TAGTGGTAGGCGTACA-1,PB,0.053395992819783085
MS,PB_16,TAGTGGTTCATGTAGC-1,PB,0.6968502993505507
MS,PB_16,TAGTGGTTCCTTAATC-1-1,PB,-1.081611695478564
MS,PB_16,TAGTTGGAGTTGAGAT-1,PB,-0.07001801433854374
MS,PB_16,TAGTTGGGTGGTGTAG-1,PB,-0.7696227112160094
MS,PB_16,TATCAGGAGGGAACGG-1,PB,-0.12287065296024825
MS,PB_16,TATCTCAGTTCTCATT-1,PB,0.38283801402836426
MS,PB_16,TATCTCATCTTTACAC-1,PB,0.18778025236199528
MS,PB_16,TATGCCCAGACTAAGT-1,PB,-0.13384642538465746
MS,PB_16,TATGCCCCAGCTCCGA-1,PB,0.007317896107021997
MS,PB_16,TATGCCCGTAGATTAG-1,PB,-0.3767774734925332
MS,PB_16,TATGCCCGTCAACATC-1,PB,-0.22806665569105494
MS,PB_16,TATTACCCAGGGAGAG-1,PB,0.1295456559757901
MS,PB_16,TATTACCGTCGGATCC-1,PB,0.5275736609863203
MS,PB_16,TATTACCTCCTCTAGC-1-1,PB,-0.4466082799877433
MS,PB_16,TATTACCTCTCGCATC-1,PB,-0.42081202682275304
MS,PB_16,TCAACGATCAACGGGA-1-1,PB,-0.05080972827037066
MS,PB_16,TCAACGATCAGCCTAA-1,PB,0.1610468207542338
MS,PB_16,TCAATCTCATACCATG-1,PB,0.14391682376847
MS,PB_16,TCAATCTGTTTCGCTC-1,PB,0.6973485766908657
MS,PB_16,TCAATCTTCAGGTTCA-1,PB,0.6405776961492371
MS,PB_16,TCACAAGCATCCGGGT-1,PB,-0.07001801433854374
MS,PB_16,TCACAAGGTGTGTGCC-1,PB,0.1365605118102493
MS,PB_16,TCACAAGTCTCCAGGG-1,PB,0.23239047122161902
MS,PB_16,TCAGCAAAGGGCTTCC-1,PB,-0.22859819127232667
MS,PB_16,TCAGCAAAGTACGCCC-1,PB,0.3234644694976633
MS,PB_16,TCAGCAAGTGATAAAC-1,PB,0.059227032496998865
MS,PB_16,TCAGCTCTCGCGGATC-1,PB,0.28178121399556605
MS,PB_16,TCAGCTCTCTTGCATT-1-1,PB,-0.18319077582965243
MS,PB_16,TCAGGATAGCGAAGGG-1,PB,0.30379356494952364
MS,PB_16,TCAGGATAGGCTACGA-1,PB,-0.36846061810715913
MS,PB_16,TCAGGATCACATCCAA-1,PB,-0.4664385315712086
MS,PB_16,TCAGGTACAACAACCT-1,PB,0.5660399388702668
MS,PB_16,TCAGGTAGTAGCAAAT-1-1,PB,0.020692021461163803
MS,PB_16,TCATTACCAGCTATTG-1,PB,-0.10268335071010007
MS,PB_16,TCATTTGAGACAAGCC-1,PB,0.15551074842202853
MS,PB_16,TCATTTGAGGTAAACT-1,PB,-0.16068396098594787
MS,PB_16,TCATTTGCAGTGGGAT-1,PB,-0.09150782516330436
MS,PB_16,TCATTTGTCGCCTGTT-1,PB,0.09171459045173339
MS,PB_16,TCCACACAGTTCGATC-1,PB,0.1283495270711505
MS,PB_16,TCCACACCACACGCTG-1,PB,0.11615562010850873
MS,PB_16,TCCACACTCTATCCCG-1,PB,0.5323871259353565
MS,PB_16,TCCCGATAGCTTCGCG-1,PB,-0.4210503649112263
MS,PB_16,TCCCGATGTAACGACG-1,PB,0.1762328861868751
MS,PB_16,TCCCGATGTAGTAGTA-1,PB,-0.2508287908525324
MS,PB_16,TCCCGATTCTCATTCA-1,PB,0.2263554794280751
MS,PB_16,TCGAGGCAGGGCATGT-1,PB,-0.07001801433854374
MS,PB_16,TCGAGGCAGTTAGCGG-1,PB,-0.18276972177463183
MS,PB_16,TCGAGGCGTACTCTCC-1,PB,0.18622051206103474
MS,PB_16,TCGAGGCGTAGGCTGA-1,PB,0.04512480334328416
MS,PB_16,TCGAGGCTCAGCGACC-1,PB,-0.11172628432181697
MS,PB_16,TCGAGGCTCTTGTCAT-1,PB,0.060001620409972874
MS,PB_16,TCGCGAGCAAACAACA-1,PB,-0.058273976807234805
MS,PB_16,TCGCGAGGTCTACCTC-1,PB,-0.02769161476846119
MS,PB_16,TCGCGTTAGCTACCTA-1,PB,-0.12929454101330248
MS,PB_16,TCGCGTTGTGTCTGAT-1,PB,-0.3028589387856502
MS,PB_16,TCGGGACAGTACGATA-1,PB,-0.185951705280217
MS,PB_16,TCGGGACCAAGCCCAC-1,PB,0.0862767230808087
MS,PB_16,TCGGGACCATTTGCCC-1,PB,0.10650203459024359
MS,PB_16,TCGGGACTCGGCGCAT-1,PB,-0.21149786563971515
MS,PB_16,TCGGTAAAGATGCGAC-1,PB,-0.12005611386357844
MS,PB_16,TCGGTAAAGCAGGCTA-1,PB,0.1788078150070759
MS,PB_16,TCGGTAAAGTGCGTGA-1,PB,0.10742969355171474
MS,PB_16,TCGGTAACAGGGATTG-1,PB,-0.025539056372189672
MS,PB_16,TCGGTAAGTACTCTCC-1,PB,0.1124738897006001
MS,PB_16,TCGGTAAGTCAACTGT-1,PB,0.06436506443949458
MS,PB_16,TCGGTAAGTCAGGACA-1,PB,0.22849328953066259
MS,PB_16,TCGGTAAGTCTCACCT-1,PB,0.3110625837833722
MS,PB_16,TCGTACCAGTGAATTG-1,PB,0.03453896421576653
MS,PB_16,TCGTACCCAGCTGGCT-1,PB,-0.3150437283647278
MS,PB_16,TCGTACCCATCGTCGG-1,PB,-0.22450954347946922
MS,PB_16,TCGTACCGTTCTGGTA-1,PB,0.07819303264486444
MS,PB_16,TCGTAGACAGCGTAAG-1,PB,-0.17227829535275394
MS,PB_16,TCGTAGACAGTCGATT-1-1,PB,-0.36131864826809057
MS,PB_16,TCGTAGACATTGGTAC-1,PB,0.11181193517241603
MS,PB_16,TCGTAGAGTAGAGGAA-1,PB,-0.2546484415825461
MS,PB_16,TCGTAGAGTATGAAAC-1,PB,0.16736998732483585
MS,PB_16,TCGTAGAGTCGGCACT-1,PB,-0.07001801433854374
MS,PB_16,TCGTAGAGTCTAGAGG-1,PB,0.0009483137841896123
MS,PB_16,TCGTAGATCATATCGG-1,PB,-0.15474559930915993
MS,PB_16,TCTATTGAGGCTAGCA-1,PB,0.05201217408117914
MS,PB_16,TCTATTGGTCGCCATG-1-1,PB,0.10244111184820906
MS,PB_16,TCTCATAGTGCACTTA-1,PB,-0.1900448120471308
MS,PB_16,TCTCATATCAGCTGGC-1,PB,-0.07001801433854374
MS,PB_16,TCTCTAAAGAAGGTTT-1,PB,0.0043016958291786965
MS,PB_16,TCTCTAACACACCGAC-1,PB,0.3759419729731744
MS,PB_16,TCTCTAACACCTTGTC-1,PB,0.023471702510793557
MS,PB_16,TCTCTAACATCTACGA-1,PB,0.16313973363202547
MS,PB_16,TCTGAGAGTTTGTTTC-1,PB,-0.04001322080692144
MS,PB_16,TCTTCGGCAGCTTCGG-1,PB,-0.18606054586123658
MS,PB_16,TCTTCGGGTACAGTGG-1-1,PB,0.11896665193802532
MS,PB_16,TCTTCGGGTCCGTTAA-1,PB,0.11775700652191998
MS,PB_16,TCTTCGGTCAACCATG-1,PB,0.19589306708090928
MS,PB_16,TCTTTCCAGTGGAGAA-1,PB,0.15836019295800313
MS,PB_16,TCTTTCCTCAGCCTAA-1,PB,0.2744069076156921
MS,PB_16,TGAAAGAAGAGGGCTT-1,PB,-0.0908637247061108
MS,PB_16,TGAAAGAAGCTGCGAA-1,PB,0.1483092478712942
MS,PB_16,TGACAACCATGGTCTA-1-1,PB,0.8747353853772168
MS,PB_16,TGACAACGTTCCGGCA-1,PB,0.05905028591968533
MS,PB_16,TGACAACTCAGTCCCT-1,PB,0.21172880106713585
MS,PB_16,TGACAACTCGCCAGCA-1,PB,0.07998294782096617
MS,PB_16,TGACGGCTCTTGCATT-1,PB,-0.06163795253530575
MS,PB_16,TGACTAGAGCGCCTCA-1,PB,-0.4512614993968553
MS,PB_16,TGACTAGAGTCATGCT-1,PB,0.29853059825715045
MS,PB_16,TGACTAGAGTTGTCGT-1,PB,-0.1868673714077033
MS,PB_16,TGACTAGCAGATCTGT-1-1,PB,0.1464840870783825
MS,PB_16,TGACTAGGTATTCTCT-1,PB,0.4121431604915861
MS,PB_16,TGACTAGTCGATAGAA-1,PB,-0.5380854408593018
MS,PB_16,TGACTTTAGGGATCTG-1-1,PB,0.19075990396025663
MS,PB_16,TGACTTTCAATGGAGC-1,PB,0.15305067873027936
MS,PB_16,TGACTTTGTACCCAAT-1,PB,0.11244006166682495
MS,PB_16,TGACTTTTCGCAAGCC-1,PB,-0.0011687121958344204
MS,PB_16,TGACTTTTCTACTTAC-1,PB,-0.07001801433854374
MS,PB_16,TGAGAGGAGCTAGGCA-1-1,PB,0.03596076549900106
MS,PB_16,TGAGAGGCATACGCTA-1,PB,-0.14320201331479934
MS,PB_16,TGAGAGGTCGGTCTAA-1,PB,0.02338597678614637
MS,PB_16,TGAGAGGTCGTGGGAA-1,PB,0.10197709397314272
MS,PB_16,TGAGCATCACTACAGT-1,PB,-0.3956099690650084
MS,PB_16,TGAGCATGTCTAAACC-1,PB,-0.042105960080728574
MS,PB_16,TGAGCATTCCGCATCT-1,PB,0.1598267847619927
MS,PB_16,TGAGCCGGTTCCACGG-1,PB,-0.08303615780029885
MS,PB_16,TGAGCCGTCATGTCCC-1,PB,0.15221571376133483
MS,PB_16,TGAGGGAAGGGCTTCC-1,PB,-0.21123102035952238
MS,PB_16,TGAGGGACAGACGCAA-1,PB,0.17274775725612762
MS,PB_16,TGAGGGAGTACCGTTA-1,PB,0.13515019344447318
MS,PB_16,TGATTTCAGACGCTTT-1,PB,-0.04695044346329301
MS,PB_16,TGATTTCGTCATCGGC-1,PB,0.08924514594680075
MS,PB_16,TGCACCTAGACCGGAT-1,PB,0.07015367268752414
MS,PB_16,TGCACCTAGTGTCTCA-1,PB,0.1416865114220854
MS,PB_16,TGCACCTCATAACCTG-1,PB,0.06881150881553386
MS,PB_16,TGCCAAATCATAGCAC-1,PB,-0.07754841128710623
MS,PB_16,TGCCAAATCCTGCTTG-1,PB,-0.0030120011944836816
MS,PB_16,TGCCCTAGTAGCTGCC-1-1,PB,0.06147941010459339
MS,PB_16,TGCGCAGGTCGCATCG-1-2,PB,-0.255780701766249
MS,PB_16,TGCGCAGTCAGTTGAC-1,PB,0.10604727189459427
MS,PB_16,TGCGGGTCAGCGAACA-1,PB,0.019957591707708906
MS,PB_16,TGCGGGTGTATAAACG-1,PB,-0.07001801433854374
MS,PB_16,TGCGGGTTCCGCAGTG-1,PB,-0.27422101173680585
MS,PB_16,TGCGGGTTCGATCCCT-1,PB,-0.09269829203923877
MS,PB_16,TGCGTGGTCAAACCAC-1,PB,-0.24130277240328718
MS,PB_16,TGCTACCAGTAGATGT-1,PB,-0.19375753395369424
MS,PB_16,TGCTACCCAAAGTCAA-1,PB,0.13617108212047951
MS,PB_16,TGCTACCTCCTTAATC-1,PB,-0.024972716384514062
MS,PB_16,TGCTACCTCGCAAACT-1,PB,-0.05982700446154563
MS,PB_16,TGCTGCTAGCTTATCG-1-1,PB,-0.1507355993609689
MS,PB_16,TGCTGCTAGTCCGGTC-1,PB,0.05358842504832636
MS,PB_16,TGCTGCTGTTGTGGCC-1,PB,0.03125980939123631
MS,PB_16,TGCTGCTTCCCATTAT-1,PB,0.16554387289372754
MS,PB_16,TGGACGCAGAGGGATA-1,PB,0.23176507055138493
MS,PB_16,TGGACGCGTCGGGTCT-1,PB,-0.15537733060128728
MS,PB_16,TGGCCAGAGAGATGAG-1,PB,0.3670045547414242
MS,PB_16,TGGCCAGAGGGTATCG-1,PB,-0.48183415156164466
MS,PB_16,TGGCCAGCACGCTTTC-1,PB,0.11129987020044811
MS,PB_16,TGGCGCACAAGTCTAC-1,PB,-0.42865798467602606
MS,PB_16,TGGCGCATCCGTAGTA-1,PB,0.863639926616761
MS,PB_16,TGGCGCATCGGCGGTT-1,PB,0.6373803397054802
MS,PB_16,TGGCTGGCACGACTCG-1,PB,-0.3861975141145858
MS,PB_16,TGGGAAGAGATGTAAC-1,PB,-0.207828823877167
MS,PB_16,TGGGAAGGTTCCGTCT-1,PB,-0.21405229825902028
MS,PB_16,TGGGAAGTCTAAGCCA-1,PB,0.2818672855470336
MS,PB_16,TGGGCGTAGAGACTAT-1,PB,0.06398280143097301
MS,PB_16,TGGTTAGCAGACACTT-1,PB,-0.11533664043150889
MS,PB_16,TGGTTAGCATCTATGG-1,PB,0.25654818918172734
MS,PB_16,TGGTTAGGTATCAGTC-1,PB,0.34339474371910805
MS,PB_16,TGGTTAGTCATTCACT-1,PB,-0.07001801433854374
MS,PB_16,TGGTTAGTCTGCTTGC-1,PB,-0.07001801433854374
MS,PB_16,TGTATTCTCATACGGT-1,PB,0.36064344459239767
MS,PB_16,TGTATTCTCGGAAATA-1,PB,-0.1513659310485948
MS,PB_16,TGTATTCTCTAACTCT-1,PB,0.05687415713177394
MS,PB_16,TGTCCCAAGACTGTAA-1,PB,-0.07001801433854374
MS,PB_16,TGTCCCAAGTGTGGCA-1,PB,0.10667388071071114
MS,PB_16,TGTCCCACAGTAACGG-1-1,PB,-0.4069724388358455
MS,PB_16,TGTCCCAGTACATGTC-1,PB,-0.08768910137748882
MS,PB_16,TGTCCCAGTCAGATAA-1,PB,0.17107244550086742
MS,PB_16,TGTGGTAGTAAGGGAA-1,PB,0.382736731672634
MS,PB_16,TGTGGTATCAGTCCCT-1,PB,0.12982748677941752
MS,PB_16,TGTGTTTAGGGTTCCC-1,PB,0.09120097434725623
MS,PB_16,TGTTCCGCATGTTCCC-1,PB,-0.2318919135183996
MS,PB_16,TGTTCCGTCTTGTTTG-1,PB,0.17435367667244797
MS,PB_16,TTAACTCGTATGGTTC-1,PB,0.5588822387578277
MS,PB_16,TTAGGCACACACATGT-1-1,PB,0.2580455376503489
MS,PB_16,TTAGGCACACCTTGTC-1,PB,-0.09599728660443642
MS,PB_16,TTAGGCAGTAACGACG-1,PB,-0.021916988815432074
MS,PB_16,TTAGGCATCAACACGT-1,PB,-0.03399609824476848
MS,PB_16,TTAGGCATCTGACCTC-1,PB,-0.24811163156808774
MS,PB_16,TTAGTTCCAGTCGATT-1,PB,0.6401151729866604
MS,PB_16,TTAGTTCTCGTGGACC-1,PB,-0.07001801433854374
MS,PB_16,TTATGCTCATCTCCCA-1,PB,-0.16157506749063927
MS,PB_16,TTATGCTCATTCTTAC-1,PB,-0.004370252567795223
MS,PB_16,TTATGCTTCACTCCTG-1,PB,0.02504094757773479
MS,PB_16,TTCCCAGCACGGACAA-1-1,PB,0.3745905210195891
MS,PB_16,TTCCCAGGTAAGTTCC-1-1,PB,0.5375335976584016
MS,PB_16,TTCCCAGGTAGAAGGA-1,PB,0.25093386944753904
MS,PB_16,TTCCCAGGTCTTCAAG-1,PB,-0.2743409401996974
MS,PB_16,TTCGAAGAGCCAACAG-1,PB,0.26825886710264707
MS,PB_16,TTCGAAGCAGGTGCCT-1,PB,0.23202782937971408
MS,PB_16,TTCGAAGGTCGATTGT-1,PB,0.07540641671218985
MS,PB_16,TTCGAAGTCACCATAG-1,PB,-0.802124007895976
MS,PB_16,TTCTACAAGTGCAAGC-1-1,PB,-0.08266353852762233
MS,PB_16,TTCTACAGTAGGACAC-1,PB,-0.42755346411325285
MS,PB_16,TTCTACAGTCAGATAA-1,PB,-0.07001801433854374
MS,PB_16,TTCTACAGTGGTAACG-1,PB,-0.07001801433854374
MS,PB_16,TTCTACATCTACGAGT-1,PB,0.2819091882287748
MS,PB_16,TTCTACATCTGGGCCA-1,PB,0.26184718347760455
MS,PB_16,TTCTCAATCAACCAAC-1,PB,-0.09393191578897785
MS,PB_16,TTCTCAATCAGGATCT-1,PB,-0.08681902168354326
MS,PB_16,TTCTCCTTCAGCTGGC-1,PB,0.8363436149788347
MS,PB_16,TTCTTAGAGCAGGTCA-1,PB,0.3506329922617884
MS,PB_16,TTCTTAGGTCTCAACA-1,PB,0.05356058850975242
MS,PB_16,TTCTTAGTCGGATGTT-1,PB,0.6663761566599514
MS,PB_16,TTGAACGAGATGTAAC-1,PB,0.43279181196901995
MS,PB_16,TTGAACGCACTACAGT-1,PB,0.1802301298599603
MS,PB_16,TTGAACGCAGGGATTG-1,PB,0.031828546869540356
MS,PB_16,TTGACTTGTGGTCCGT-1,PB,0.5065809616948511
MS,PB_16,TTGACTTTCGTCCAGG-1,PB,-0.12316711927646407
MS,PB_16,TTGCCGTAGCGATGAC-1,PB,0.10871692980205862
MS,PB_16,TTGCCGTAGCTAGTTC-1,PB,0.2545144753817551
MS,PB_16,TTGCCGTAGTAGCCGA-1,PB,0.3198467564909717
MS,PB_16,TTGCCGTAGTTCGCGC-1,PB,0.08762330345204414
MS,PB_16,TTGCCGTGTGGGTCAA-1,PB,-0.01617969757385437
MS,PB_16,TTGCGTCAGTGTACTC-1,PB,-0.4466103835992569
MS,PB_16,TTGGAACCACCCATGG-1,PB,-0.11785686718741593
MS,PB_16,TTGGAACCACCTCGGA-1,PB,0.5139403385513681
MS,PB_16,TTGGAACGTAAGCACG-1,PB,0.3035164077058353
MS,PB_16,TTGGCAAAGAAACGAG-1,PB,0.28370349637487546
MS,PB_16,TTGGCAAAGAGCTGCA-1,PB,-0.7544830207142708
MS,PB_16,TTGGCAAAGGAATTAC-1,PB,-0.15602794575742146
MS,PB_16,TTGGCAATCCAAGCCG-1,PB,0.13975904829649868
MS,PB_16,TTGTAGGAGCGATAGC-1,PB,0.22396572603981718
MS,PB_16,TTGTAGGCAATACGCT-1,PB,0.11631886242346874
MS,PB_16,TTGTAGGGTACCGGCT-1,PB,-0.23302932682426464
MS,PB_16,TTGTAGGGTCATATCG-1,PB,-0.17762396288511464
MS,PB_16,TTGTAGGTCTGCCCTA-1,PB,0.2643750504085228
MS,PB_16,TTTACTGAGGAATGGA-1,PB,0.13962308696182585
MS,PB_16,TTTATGCTCGTCCGTT-1,PB,0.09045489034576572
MS,PB_16,TTTCCTCAGTAGGCCA-1,PB,-0.19139361680740788
MS,PB_16,TTTGCGCAGATCGATA-1,PB,-0.3587974940949574
MS,PB_16,TTTGCGCTCACTATTC-1,PB,0.08007398167240366
MS,PB_16,TTTGCGCTCGTACCGG-1-1,PB,-0.07001801433854374
MS,PB_16,TTTGCGCTCTTCCTTC-1,PB,0.10334723834402573
MS,PB_16,TTTGGTTAGCTCAACT-1,PB,-0.015190582267890789
MS,PB_16,TTTGGTTGTCCTGCTT-1-1,PB,-0.0885577678907916
MS,PB_16,TTTGTCAAGAAGAAGC-1,PB,0.029860313283181374
MS,PB_16,TTTGTCAGTAGCTAAA-1,PB,-0.184902889247875
MS,PB_16,TTTGTCAGTCACTGGC-1,PB,0.011718113475882854
MS,PB_22,AAACGGGAGGCATGGT-1-1,PB,-0.07001801433854374
MS,PB_22,AAAGTAGCAATCGGTT-1,PB,0.3222938349750467
MS,PB_22,AAATGCCCATTAGCCA-1,PB,0.4665074647551134
MS,PB_22,AAATGCCGTTCCTCCA-1,PB,0.14380955132924256
MS,PB_22,AACACGTCAAGTCTGT-1,PB,0.3140225593297763
MS,PB_22,AAGACCTTCCGCGGTA-1,PB,-0.5170269267945355
MS,PB_22,AAGCCGCCACCGCTAG-1,PB,0.280111613139222
MS,PB_22,AAGCCGCTCACTCTTA-1,PB,0.4278265116805754
MS,PB_22,AAGCCGCTCTCTGCTG-1,PB,0.3345981523234702
MS,PB_22,AAGGAGCGTATAAACG-1,PB,0.08585110743524564
MS,PB_22,AAGGTTCCATGCCTAA-1,PB,-0.6244422122020644
MS,PB_22,ACACTGAAGGTAAACT-1,PB,0.05271894091255377
MS,PB_22,ACACTGATCACATACG-1,PB,0.28532177234921685
MS,PB_22,ACAGCTAAGTTGTAGA-1,PB,0.0720653176700943
MS,PB_22,ACATGGTCAGCTTCGG-1,PB,-0.3679377517936368
MS,PB_22,ACCTTTATCTGCAGTA-1-1,PB,0.06071360018733462
MS,PB_22,ACGAGCCAGAAGGACA-1,PB,0.33320726313786864
MS,PB_22,ACGATGTCAAGCGAGT-1,PB,0.06646423690040307
MS,PB_22,ACGCCAGAGTGTGAAT-1,PB,0.23131318302630127
MS,PB_22,ACGCCAGGTCGCGAAA-1-1,PB,0.12334965860141422
MS,PB_22,ACGCCAGGTTTAGCTG-1,PB,0.2823504051513751
MS,PB_22,ACGCCAGTCGTCACGG-1,PB,-0.07001801433854374
MS,PB_22,ACGGGCTCAAAGAATC-1-1,PB,0.30764538100052025
MS,PB_22,ACGGGCTTCAGAGGTG-1,PB,0.20270282394315614
MS,PB_22,ACGGGTCTCCACGAAT-1,PB,-0.090075013848942
MS,PB_22,ACGTCAAAGACCCACC-1,PB,-0.4396719427081262
MS,PB_22,ACTGATGGTAATCACC-1,PB,-0.4815277140659191
MS,PB_22,ACTGATGGTCCTAGCG-1-1,PB,0.04979743293187472
MS,PB_22,ACTGCTCCATGCCTTC-1,PB,-0.07001801433854374
MS,PB_22,ACTTGTTTCAAGATCC-1,PB,-0.020558424361883598
MS,PB_22,AGAATAGGTAGCTCCG-1,PB,0.558767018487236
MS,PB_22,AGAGCGAAGAAAGTGG-1,PB,-0.2665102780206952
MS,PB_22,AGAGCTTTCGTCGTTC-1,PB,0.0881596010470942
MS,PB_22,AGAGTGGCACTCTGTC-1,PB,0.28965486467635637
MS,PB_22,AGATCTGAGATCACGG-1,PB,-0.22162291177943336
MS,PB_22,AGATCTGGTTCGTTGA-1,PB,0.6590197852375601
MS,PB_22,AGATCTGTCACCGGGT-1,PB,0.09348634349767303
MS,PB_22,AGATTGCTCACTCCTG-1,PB,0.27444591407928876
MS,PB_22,AGCAGCCAGGCCCTTG-1,PB,-0.29458362371314867
MS,PB_22,AGCAGCCCAGCCAGAA-1,PB,0.3731689619416927
MS,PB_22,AGCCTAAAGCTGTTCA-1,PB,0.2016394867555238
MS,PB_22,AGCCTAAGTGAGGCTA-1,PB,0.11925919597050103
MS,PB_22,AGCCTAATCTAGCACA-1,PB,-0.07001801433854374
MS,PB_22,AGCGGTCAGAGTCTGG-1,PB,0.5610663112854183
MS,PB_22,AGCGTATGTTCCATGA-1,PB,0.21630658597303754
MS,PB_22,AGCTCTCAGTAGCCGA-1,PB,-0.1555307432289247
MS,PB_22,AGCTCTCCATCGACGC-1,PB,-0.020536104831558377
MS,PB_22,AGGCCACGTGTCAATC-1,PB,-0.07001801433854374
MS,PB_22,AGGCCGTGTCCGTGAC-1,PB,0.05323710009401219
MS,PB_22,AGGCCGTTCGGAAACG-1,PB,0.022209851789677222
MS,PB_22,AGGGATGTCCCAAGTA-1,PB,0.0698680703164256
MS,PB_22,AGTAGTCCACCCTATC-1,PB,-0.6005926804751383
MS,PB_22,AGTGAGGCACGGTAAG-1,PB,-0.058957450709073496
MS,PB_22,ATAACGCTCACAGTAC-1,PB,0.45355379948250324
MS,PB_22,ATAGACCTCTCAACTT-1,PB,0.14196493084008585
MS,PB_22,ATAGACCTCTGGTTCC-1,PB,-0.017514222170572365
MS,PB_22,ATCACGATCTTCGAGA-1,PB,0.0307578358511811
MS,PB_22,ATCATCTGTCATTAGC-1,PB,0.37125821766928
MS,PB_22,ATCGAGTCAAGTACCT-1-1,PB,0.6743571583258435
MS,PB_22,ATCTGCCTCACATAGC-1,PB,-0.19115137464162985
MS,PB_22,ATGCGATGTATTCGTG-1,PB,0.43587058268880885
MS,PB_22,ATGCGATTCAAGATCC-1,PB,0.3266146951704781
MS,PB_22,ATGCGATTCCTGTAGA-1,PB,-0.15407896697487752
MS,PB_22,ATGGGAGAGACAAGCC-1,PB,-0.07001801433854374
MS,PB_22,ATGTGTGTCTTATCTG-1,PB,0.06478918746807656
MS,PB_22,ATTCTACCATCGGACC-1,PB,0.2655667318963105
MS,PB_22,ATTGGACCACTTCTGC-1,PB,0.18822770378883463
MS,PB_22,ATTTCTGAGGCATGTG-1,PB,0.216741542365267
MS,PB_22,CAACCTCTCCATGAGT-1-2,PB,0.06689442379965849
MS,PB_22,CAACTAGCAAACAACA-1,PB,0.19229945768186524
MS,PB_22,CAAGAAAAGCTAGTGG-1-1,PB,0.3615283200497866
MS,PB_22,CAAGTTGGTTGTGGAG-1,PB,-0.11920917071841727
MS,PB_22,CACAAACCAGCTTCGG-1,PB,0.4498672977862161
MS,PB_22,CACACAAGTGCAGGTA-1,PB,0.16061661080662273
MS,PB_22,CACACCTCATCGGACC-1,PB,-0.07001801433854374
MS,PB_22,CACACCTTCTACCAGA-1,PB,0.06507474560389136
MS,PB_22,CACACTCGTCTGGAGA-1,PB,-0.04420124446655703
MS,PB_22,CACAGGCTCCGCAGTG-1,PB,-0.17898994037292915
MS,PB_22,CACAGTAAGACGCTTT-1,PB,0.03876441294160414
MS,PB_22,CACAGTACAGCCTTGG-1-1,PB,0.16337595373782007
MS,PB_22,CACATTTCAGGACGTA-1,PB,-0.7761226094947652
MS,PB_22,CACCACTAGACAGAGA-1,PB,0.38939684346505743
MS,PB_22,CACTCCACAAACCTAC-1,PB,0.2661301098591661
MS,PB_22,CAGAATCAGGACAGCT-1,PB,-0.5345649142633411
MS,PB_22,CAGCGACTCGAGAGCA-1,PB,0.06893731331526652
MS,PB_22,CAGCTGGTCGTCGTTC-1,PB,-0.15133886260897375
MS,PB_22,CAGTCCTGTTGTTTGG-1,PB,0.34593322659323
MS,PB_22,CATATGGAGTCATGCT-1,PB,0.1332348094138488
MS,PB_22,CATCAAGGTCGGGTCT-1,PB,0.021416535732460804
MS,PB_22,CATCAGATCGTTGCCT-1,PB,0.49391801017929843
MS,PB_22,CATCCACCATATACCG-1,PB,0.13499982576282765
MS,PB_22,CATCGAACAGTCAGAG-1,PB,0.44829077783193183
MS,PB_22,CATCGGGGTATAGTAG-1,PB,-0.04940126781425872
MS,PB_22,CATCGGGGTGTTGAGG-1,PB,-0.05850718367062093
MS,PB_22,CATGACAAGAGTGACC-1,PB,0.03470374819411932
MS,PB_22,CATGGCGCATCTCCCA-1,PB,-0.07893749184164114
MS,PB_22,CATTATCAGCGTTTAC-1,PB,0.27145719202313495
MS,PB_22,CCAATCCAGTAGATGT-1,PB,0.2418619919771774
MS,PB_22,CCAATCCGTCTCCCTA-1,PB,0.5794716996994624
MS,PB_22,CCACGGATCGTTTGCC-1,PB,0.010915095977142297
MS,PB_22,CCAGCGATCATAGCAC-1,PB,-0.07001801433854374
MS,PB_22,CCATGTCTCACCAGGC-1,PB,-0.07001801433854374
MS,PB_22,CCATTCGAGGGAAACA-1,PB,0.4811218219971188
MS,PB_22,CCATTCGTCTTGCCGT-1,PB,0.25181941104493805
MS,PB_22,CCCAATCTCTTTAGTC-1,PB,-0.07001801433854374
MS,PB_22,CCCAGTTGTTTGTGTG-1,PB,0.04434801578110069
MS,PB_22,CCCAGTTTCACTATTC-1,PB,-0.1204880433526356
MS,PB_22,CCCAGTTTCCAACCAA-1,PB,-0.18076284758545683
MS,PB_22,CCCTCCTAGCGTCTAT-1,PB,0.1121974520915705
MS,PB_22,CCCTCCTGTACTCGCG-1,PB,0.16937213944162224
MS,PB_22,CCTACCAAGGCGCTCT-1,PB,0.6035798066455696
MS,PB_22,CCTAGCTTCGACCAGC-1,PB,0.199882231059606
MS,PB_22,CCTATTACATACGCTA-1,PB,-0.07353790451283725
MS,PB_22,CCTCTGAAGAGTACCG-1,PB,0.23138056954878702
MS,PB_22,CCTCTGAGTGGCGAAT-1,PB,0.04118587558372507
MS,PB_22,CCTCTGATCTAAGCCA-1,PB,0.16580223810513997
MS,PB_22,CCTTACGTCAACGCTA-1,PB,0.059546082092277644
MS,PB_22,CCTTACGTCCTACAGA-1,PB,0.894369432161913
MS,PB_22,CCTTCCCCAATCTGCA-1,PB,0.3250196159022584
MS,PB_22,CCTTCGAGTACTCAAC-1,PB,-0.09603051082662062
MS,PB_22,CCTTTCTGTTGAGGTG-1-1,PB,0.5908439526190564
MS,PB_22,CCTTTCTTCAACGGGA-1,PB,0.906954158168519
MS,PB_22,CCTTTCTTCCGCAGTG-1,PB,0.20373705880416884
MS,PB_22,CGAACATTCTGGTTCC-1,PB,0.3396010487530882
MS,PB_22,CGAGCACCAAAGCGGT-1,PB,-0.008290777736830993
MS,PB_22,CGAGCACCATCCCATC-1,PB,-0.28637911865812754
MS,PB_22,CGATCGGGTCCTGCTT-1,PB,-0.15436232340908967
MS,PB_22,CGATGGCAGCGAAGGG-1,PB,-0.0008581088815815541
MS,PB_22,CGCGTTTTCTGCCAGG-1,PB,0.03049576355467882
MS,PB_22,CGCTATCAGCTCTCGG-1,PB,-0.381846864139887
MS,PB_22,CGCTATCGTGAGGCTA-1-1,PB,0.4627310080516885
MS,PB_22,CGGACGTAGCGCCTTG-1,PB,0.5822566417661327
MS,PB_22,CGGACGTTCCAAACAC-1,PB,0.1810598361225
MS,PB_22,CGGACTGGTAAAGTCA-1,PB,-0.057238731404796184
MS,PB_22,CGGGTCACACCAGTTA-1,PB,0.04878360654850313
MS,PB_22,CGTAGCGTCGCACTCT-1,PB,-0.002756992702015757
MS,PB_22,CGTAGGCTCTGTCAAG-1,PB,0.037682201737905006
MS,PB_22,CGTAGGCTCTGTGCAA-1,PB,-0.35701308181039465
MS,PB_22,CGTCCATTCCTTCAAT-1,PB,-0.13596936584461086
MS,PB_22,CGTGAGCAGGAGTACC-1,PB,0.17399842655523776
MS,PB_22,CGTTCTGTCATATCGG-1,PB,0.2090847838668586
MS,PB_22,CGTTGGGCAGCCAGAA-1,PB,-0.23104190719920695
MS,PB_22,CTAACTTCAAGGCTCC-1,PB,-0.07001801433854374
MS,PB_22,CTAATGGAGCCTTGAT-1,PB,0.4329125342424997
MS,PB_22,CTACATTTCACCAGGC-1,PB,0.27819227711615935
MS,PB_22,CTACGTCCACGCTTTC-1,PB,0.02659889193609063
MS,PB_22,CTAGTGAGTAATAGCA-1,PB,0.34404455094010583
MS,PB_22,CTAGTGAGTCCGAATT-1-2,PB,0.6097324803610382
MS,PB_22,CTCAGAACAAGACGTG-1,PB,-0.1988682338829992
MS,PB_22,CTCAGAACAAGTCTGT-1-1,PB,-0.1523881152661421
MS,PB_22,CTCGAGGGTCTGGAGA-1,PB,-0.11325381931848454
MS,PB_22,CTCGTACAGACTGTAA-1,PB,-0.05828510675244101
MS,PB_22,CTGCGGACACAGAGGT-1,PB,0.19061770642817621
MS,PB_22,CTGCTGTCAATGGAAT-1,PB,0.22810608409739017
MS,PB_22,CTTACCGAGGACTGGT-1,PB,-0.13073595019746295
MS,PB_22,CTTCTCTCAAACCTAC-1,PB,0.5250575014139643
MS,PB_22,CTTGGCTTCAACACGT-1,PB,0.29358574408280047
MS,PB_22,CTTGGCTTCGAGGTAG-1,PB,0.2022745208416669
MS,PB_22,GAAATGACATAACCTG-1,PB,0.08230364070095977
MS,PB_22,GAAATGATCCCTTGTG-1,PB,-0.04783449114218385
MS,PB_22,GAACATCCACCGCTAG-1,PB,0.05171792066887393
MS,PB_22,GAACGGACATGAGCGA-1,PB,-0.07001801433854374
MS,PB_22,GAACGGACATGTTCCC-1,PB,0.07586282830563543
MS,PB_22,GAATGAACAGACAAGC-1,PB,0.2937008047756894
MS,PB_22,GAATGAATCGACCAGC-1,PB,0.11491803602340579
MS,PB_22,GACACGCAGCGTAATA-1,PB,-0.3298818967878642
MS,PB_22,GACCTGGCAATAGCGG-1,PB,-0.022298914631829446
MS,PB_22,GACGCGTCAGTCTTCC-1-1,PB,0.3550966687864857
MS,PB_22,GACGTGCTCACAATGC-1,PB,0.26735305724928454
MS,PB_22,GACTACAAGATATACG-1,PB,-0.3837741367916472
MS,PB_22,GACTACAAGCTGCGAA-1,PB,0.20779359207636255
MS,PB_22,GACTACAGTACCGCTG-1,PB,-0.07001801433854374
MS,PB_22,GATCAGTGTAAGTGGC-1,PB,0.1215121835403754
MS,PB_22,GATCAGTTCAACTCTT-1,PB,0.05992411573319308
MS,PB_22,GATCAGTTCCCGGATG-1,PB,0.4357278640066662
MS,PB_22,GATCGCGAGGATATAC-1-1,PB,-0.18977405194080418
MS,PB_22,GATCTAGTCATCGCTC-1,PB,0.40676555176454293
MS,PB_22,GATGAGGCAATTCCTT-1,PB,0.23707740148004103
MS,PB_22,GCAAACTCAAGACGTG-1,PB,0.599431945515912
MS,PB_22,GCAAACTTCGGTTAAC-1,PB,0.0010504561608547316
MS,PB_22,GCAATCATCCGCGCAA-1,PB,-0.32768783126510315
MS,PB_22,GCACTCTTCGCCCTTA-1,PB,0.8225678902329496
MS,PB_22,GCCAAATAGCGACGTA-1,PB,-0.2590612777527777
MS,PB_22,GCGAGAAGTATTACCG-1,PB,-0.07001801433854374
MS,PB_22,GCGAGAATCCTATGTT-1,PB,0.16119975742296844
MS,PB_22,GCGCAACTCAGCCTAA-1,PB,0.4298234436246477
MS,PB_22,GCGCCAACAGTAAGAT-1,PB,-0.2930055409913931
MS,PB_22,GCGCGATGTAGCTTGT-1,PB,0.573246306481752
MS,PB_22,GCGCGATGTTGCGTTA-1,PB,-0.31054518401035697
MS,PB_22,GCGCGATTCATGCTCC-1,PB,-0.15903480573888135
MS,PB_22,GCGCGATTCCGCGCAA-1,PB,-0.426943416367984
MS,PB_22,GCGGGTTCAGCTATTG-1,PB,0.8041034333694742
MS,PB_22,GCTGCAGGTGTTTGGT-1,PB,0.06261092771182643
MS,PB_22,GCTGCAGGTTGGTGGA-1,PB,0.7623794400839525
MS,PB_22,GCTGCGAGTAGCGCAA-1,PB,0.33195770107069345
MS,PB_22,GCTGCGATCAACCAAC-1,PB,-0.440105205213072
MS,PB_22,GCTGCTTGTGCGAAAC-1,PB,-0.03214436795331137
MS,PB_22,GCTTCCACATAAAGGT-1,PB,-0.13559400955200443
MS,PB_22,GCTTGAAAGGCCGAAT-1-1,PB,0.34055485583324074
MS,PB_22,GGAAAGCAGCAGCGTA-1,PB,-0.27784311995128663
MS,PB_22,GGAATAAGTCATCCCT-1,PB,0.47864082031853405
MS,PB_22,GGACAAGCAGAAGCAC-1,PB,0.014333875017854662
MS,PB_22,GGATGTTCAATGGAAT-1,PB,-0.16025591531695685
MS,PB_22,GGCAATTGTTATCACG-1,PB,0.3246198178579903
MS,PB_22,GGCCGATCAAGGTTTC-1,PB,0.028465903845340597
MS,PB_22,GGCCGATTCATCGATG-1,PB,-0.12973787941317996
MS,PB_22,GGCGTGTGTTCCACAA-1,PB,0.20397982367584452
MS,PB_22,GGCTGGTAGCCAACAG-1,PB,-0.1447503284144595
MS,PB_22,GGGAATGAGTTCGCAT-1,PB,0.06525265452324688
MS,PB_22,GGGACCTAGGATGCGT-1,PB,0.13623659491363885
MS,PB_22,GGGATGACACAGACTT-1,PB,0.05714104678311661
MS,PB_22,GGTATTGTCGAGAACG-1-1,PB,0.16647251425137083
MS,PB_22,GGTGCGTGTTGAACTC-1,PB,0.1551826947835849
MS,PB_22,GTAACGTAGCATCATC-1,PB,-0.03798775326842196
MS,PB_22,GTAACGTAGTCCATAC-1,PB,-0.1114123343625617
MS,PB_22,GTAACTGCACGAGAGT-1,PB,0.4375077713185044
MS,PB_22,GTACGTAAGCGATATA-1,PB,-0.22199800801588557
MS,PB_22,GTACGTATCCTTAATC-1,PB,-0.07007137465782215
MS,PB_22,GTACTCCCAGGCTGAA-1,PB,-0.21096478294591572
MS,PB_22,GTACTTTAGTGTGAAT-1,PB,-0.005878254813998923
MS,PB_22,GTAGGCCCACATTCGA-1,PB,0.145767985370271
MS,PB_22,GTATCTTGTGAACCTT-1,PB,-0.07862133171395244
MS,PB_22,GTATTCTGTACGAAAT-1,PB,-0.07001801433854374
MS,PB_22,GTCATTTCATCCGCGA-1,PB,-0.12361940520939171
MS,PB_22,GTCATTTTCAACGGCC-1,PB,0.36175284234444943
MS,PB_22,GTCCTCACACTATCTT-1,PB,0.4396340450122049
MS,PB_22,GTCGGGTCACGTAAGG-1,PB,0.4431064658500409
MS,PB_22,GTGAAGGGTGAACCTT-1,PB,-0.14628143336708974
MS,PB_22,GTGCATACACTGTTAG-1,PB,0.31514239834173996
MS,PB_22,GTGCATAGTCCGAATT-1-2,PB,0.19076545869703523
MS,PB_22,GTGCGGTCATGGATGG-1,PB,-0.13379622420612192
MS,PB_22,GTGCTTCCATTAGGCT-1-1,PB,0.22824071161135676
MS,PB_22,GTGTTAGAGATCGGGT-1,PB,0.3047802679551966
MS,PB_22,GTTAAGCCACACAGAG-1-1,PB,-0.07001801433854374
MS,PB_22,GTTCGGGTCCAAGCCG-1,PB,0.2706337214651173
MS,PB_22,GTTCTCGTCCGCGGTA-1,PB,0.23657477849429984
MS,PB_22,TAAGAGAGTTCCACTC-1,PB,-0.012460413706864225
MS,PB_22,TACAGTGCACGGCCAT-1,PB,0.3266871626092446
MS,PB_22,TACGGGCAGAGACTAT-1,PB,-0.28562734058029277
MS,PB_22,TACGGGCTCCCATTAT-1,PB,0.058266355161396235
MS,PB_22,TACTCGCAGTAGCGGT-1,PB,0.2112030699925919
MS,PB_22,TACTTACCACCAGGTC-1,PB,-0.17953706557428192
MS,PB_22,TACTTACCACGGCTAC-1,PB,0.4334216267813041
MS,PB_22,TAGTGGTGTACCCAAT-1,PB,0.4030064291843828
MS,PB_22,TAGTTGGTCCCTCAGT-1,PB,0.24447926505443346
MS,PB_22,TATCAGGCACTACAGT-1,PB,0.6258670038663523
MS,PB_22,TATCTCAGTCTCGTTC-1,PB,0.28008179315536974
MS,PB_22,TCAACGATCAACGGGA-1-2,PB,-0.26524319421063663
MS,PB_22,TCAATCTAGTTAAGTG-1,PB,-0.060709830582238715
MS,PB_22,TCACAAGAGCAGGTCA-1,PB,0.06530643531859244
MS,PB_22,TCAGATGGTGATAAGT-1,PB,-0.120694433978546
MS,PB_22,TCAGCTCAGGCCCGTT-1,PB,0.44837052928580956
MS,PB_22,TCAGGATCAGCTGTAT-1,PB,-0.07001801433854374
MS,PB_22,TCAGGATGTGATAAAC-1,PB,0.13622624967372404
MS,PB_22,TCAGGATTCAAGGTAA-1,PB,-0.6318322709611468
MS,PB_22,TCATTTGAGATATGCA-1,PB,0.10238159927435173
MS,PB_22,TCCCGATAGATGTAAC-1,PB,-0.11328479731382878
MS,PB_22,TCCCGATTCCAAAGTC-1,PB,-0.18081771497152674
MS,PB_22,TCGAGGCCAAGTTAAG-1,PB,0.48189643148393413
MS,PB_22,TCGAGGCGTGTGGCTC-1,PB,0.4503931818335772
MS,PB_22,TCGGTAAGTGCACTTA-1,PB,0.29335942732034426
MS,PB_22,TCTCATATCCTCAATT-1,PB,0.4271295532040701
MS,PB_22,TCTCTAAGTCTGATCA-1-1,PB,-0.049628658757988296
MS,PB_22,TCTCTAAGTGATAAGT-1,PB,0.22326177462193622
MS,PB_22,TCTGAGAGTTAAGATG-1,PB,-0.23050594271614339
MS,PB_22,TCTGAGATCACCGGGT-1,PB,0.09156646392715799
MS,PB_22,TCTGGAAAGGTAGCTG-1,PB,0.2776255849654886
MS,PB_22,TCTGGAACATGTAGTC-1,PB,-0.16968585570972453
MS,PB_22,TCTTTCCGTGAGGCTA-1,PB,0.5582701028335328
MS,PB_22,TGACGGCTCAGAGGTG-1,PB,0.1760626698807115
MS,PB_22,TGATTTCAGACAGACC-1,PB,-0.18831477590888612
MS,PB_22,TGATTTCCAGTCGTGC-1,PB,-0.19157938053207385
MS,PB_22,TGCACCTCACGGTAGA-1,PB,0.03465877897599139
MS,PB_22,TGCCAAACATTTCAGG-1,PB,0.09992217529892176
MS,PB_22,TGCGCAGGTATAGGGC-1,PB,0.4324493634941297
MS,PB_22,TGCGCAGTCGACCAGC-1,PB,0.25409484898274887
MS,PB_22,TGCGGGTAGACTAGAT-1,PB,0.2927224483517528
MS,PB_22,TGCGTGGTCGGTTCGG-1,PB,0.12695954907715196
MS,PB_22,TGCTACCGTTCAGACT-1,PB,0.18987753715476993
MS,PB_22,TGCTACCTCATCTGCC-1,PB,-0.021259450626971217
MS,PB_22,TGGACGCAGGACCACA-1,PB,-0.07001801433854374
MS,PB_22,TGGACGCAGGTGGGTT-1,PB,0.27840245256568463
MS,PB_22,TGGACGCCAATCCGAT-1,PB,-0.05556944709337319
MS,PB_22,TGGACGCGTATAGTAG-1,PB,0.5390950996304614
MS,PB_22,TGGACGCTCAACGCTA-1,PB,-0.1450413125943236
MS,PB_22,TGGGAAGGTATCAGTC-1,PB,0.24212014708226046
MS,PB_22,TGGTTAGCAGCCTTGG-1-2,PB,0.6119139725883658
MS,PB_22,TGGTTCCAGCCACGCT-1,PB,0.04483006253387977
MS,PB_22,TGTATTCCACAGCGTC-1,PB,-0.23087216097332747
MS,PB_22,TTAACTCCAGGTCGTC-1,PB,-0.11044169039862818
MS,PB_22,TTAGGCAGTCAACTGT-1,PB,-0.13231524598529776
MS,PB_22,TTAGGCAGTGATGCCC-1,PB,-0.766803464063839
MS,PB_22,TTATGCTGTTGTACAC-1,PB,0.12264041038898425
MS,PB_22,TTATGCTTCAAAGTAG-1,PB,0.16851469627702545
MS,PB_22,TTCCCAGAGCTTATCG-1,PB,-0.49052951467520234
MS,PB_22,TTCTCAAAGAGACTAT-1,PB,-0.07001801433854374
MS,PB_22,TTCTCCTGTGGCAAAC-1,PB,0.2895478841435147
MS,PB_22,TTCTCCTTCCTATTCA-1,PB,0.20656638888730688
MS,PB_22,TTGCCGTCAGCTTAAC-1,PB,-0.6724588479194514
MS,PB_22,TTGGAACGTCGGCTCA-1,PB,0.27037138399547966
MS,PB_22,TTGGCAATCAGTCAGT-1,PB,0.4099954269868031
MS,PB_22,TTGTAGGAGTCCGGTC-1,PB,0.07939024731494415
MS,PB_22,TTTACTGAGTGGACGT-1,PB,0.6517706818502099
MS,PB_22,TTTACTGTCACCGGGT-1,PB,0.19626279682155395
MS,PB_22,TTTCCTCGTAGCGCAA-1,PB,0.4680802533391078
MS,PB_22,TTTCCTCGTCGCGGTT-1,PB,0.4857443922415028
MS,PB_22,TTTGGTTAGTTCCACA-1,PB,-0.24134528939021754
MS,PB_22,TTTGGTTGTGGTAACG-1,PB,0.9817709952791146
MS,PB_22,TTTGGTTTCGACAGCC-1,PB,-0.3831050465006101
MS,PB_22,TTTGTCAAGCCCAATT-1,PB,-0.03884198407614954
MS,PB_24,AAACGGGAGCATGGCA-1,PB,0.016876445093206207
MS,PB_24,AAACGGGAGTTATCGC-1-1,PB,-0.16833995626861284
MS,PB_24,AAAGATGTCACGCGGT-1-1,PB,0.18343349266446846
MS,PB_24,AAAGCAAAGCAATATG-1,PB,-0.4245383462578828
MS,PB_24,AAAGCAAGTCTGCGGT-1,PB,0.13188770097190622
MS,PB_24,AAAGTAGGTAAATGAC-1,PB,0.14926624441407205
MS,PB_24,AAAGTAGGTAGCTAAA-1,PB,0.023935307237482883
MS,PB_24,AAAGTAGGTGGTCTCG-1,PB,-0.39359740174854824
MS,PB_24,AAATGCCAGGTGCTAG-1,PB,0.14251986729043117
MS,PB_24,AACACGTAGGACACCA-1,PB,-0.4048286550196486
MS,PB_24,AACACGTAGTGTTGAA-1,PB,-0.31849856625816525
MS,PB_24,AACACGTCAAGTAATG-1,PB,0.27612752385511363
MS,PB_24,AACACGTCAGACGTAG-1,PB,-0.3226221841972647
MS,PB_24,AACCATGAGCCACGCT-1,PB,0.21801957330219252
MS,PB_24,AACCATGAGCCAGTTT-1,PB,0.11538694502337696
MS,PB_24,AACCATGGTCACCCAG-1,PB,0.21373775755495772
MS,PB_24,AACCATGTCAACACTG-1-1,PB,-0.29418151141275173
MS,PB_24,AACCGCGCAATTCCTT-1,PB,0.28346780639770686
MS,PB_24,AACGTTGCAGGACGTA-1,PB,0.34143046087678586
MS,PB_24,AACGTTGGTGTGAAAT-1,PB,-0.07001801433854374
MS,PB_24,AACTCAGCACATCCAA-1,PB,0.1458353983812206
MS,PB_24,AACTCAGGTAGAGGAA-1,PB,0.05823378359230546
MS,PB_24,AACTCAGGTATTCTCT-1,PB,0.2342901728362256
MS,PB_24,AACTCCCAGACTCGGA-1,PB,-0.38627004334193377
MS,PB_24,AACTCCCAGTGTACTC-1,PB,0.21740523866899233
MS,PB_24,AACTCCCGTTCACGGC-1,PB,0.10754775645984996
MS,PB_24,AACTCCCGTTGGTTTG-1,PB,-0.07001801433854374
MS,PB_24,AACTCTTCAGACTCGC-1,PB,0.23584634340126545
MS,PB_24,AACTCTTGTCCGTCAG-1,PB,0.3525812687963493
MS,PB_24,AACTGGTGTTCGCTAA-1,PB,0.09948142279366223
MS,PB_24,AACTTTCAGTAGTGCG-1,PB,-0.2451060363352136
MS,PB_24,AACTTTCGTAGATTAG-1,PB,0.1218593437408207
MS,PB_24,AAGACCTAGATTACCC-1,PB,0.3370047101150521
MS,PB_24,AAGACCTCATCTCGCT-1,PB,0.4280630023661664
MS,PB_24,AAGACCTCATTGGCGC-1,PB,0.19701896926707319
MS,PB_24,AAGCCGCGTCTCTTAT-1,PB,0.18516934073589159
MS,PB_24,AAGCCGCTCCGCTGTT-1,PB,-1.2768741466268794
MS,PB_24,AAGCCGCTCGGTTCGG-1,PB,-0.23612220481558577
MS,PB_24,AAGGAGCAGGGTGTTG-1,PB,0.4593293500616564
MS,PB_24,AAGGAGCCAAGGCTCC-1-1,PB,0.24262921644018012
MS,PB_24,AAGGAGCGTAGCGTCC-1,PB,0.39328843212109754
MS,PB_24,AAGGAGCTCGAATGGG-1,PB,0.22346009221274024
MS,PB_24,AAGGTTCAGTCGTACT-1,PB,-0.07001801433854374
MS,PB_24,AAGGTTCCATGTCGAT-1,PB,0.11984468706510833
MS,PB_24,AAGGTTCGTGCGGTAA-1,PB,-0.052534169454385805
MS,PB_24,AAGGTTCTCAATACCG-1,PB,0.5684606441716024
MS,PB_24,AAGTCTGAGAGTGACC-1,PB,-0.26887094921766946
MS,PB_24,AAGTCTGAGCCATCGC-1,PB,-0.2339259875783411
MS,PB_24,AAGTCTGAGGTGCAAC-1,PB,-0.07001801433854374
MS,PB_24,AAGTCTGTCAACACAC-1-1,PB,0.17631481988672945
MS,PB_24,AAGTCTGTCCACGTGG-1,PB,-0.07001801433854374
MS,PB_24,AAGTCTGTCTGCTGTC-1,PB,0.7675739730535932
MS,PB_24,AATCCAGCAGCCTTTC-1,PB,0.2229056427917601
MS,PB_24,AATCCAGTCTTGAGGT-1,PB,-0.15804757460616056
MS,PB_24,AATCGGTGTCAGAATA-1,PB,-0.11955104547541935
MS,PB_24,AATCGGTTCATAAAGG-1,PB,-0.3810465611991153
MS,PB_24,ACACCCTCATTCCTGC-1,PB,0.054987895945444
MS,PB_24,ACACCGGAGTGCAAGC-1,PB,0.3788611702258457
MS,PB_24,ACACCGGGTTGATTGC-1,PB,-0.24143140021740744
MS,PB_24,ACACCGGTCTGAGGGA-1,PB,0.20138809518801382
MS,PB_24,ACACTGAAGACAGAGA-1,PB,0.15528542198700293
MS,PB_24,ACACTGACACTGTCGG-1,PB,-0.07001801433854374
MS,PB_24,ACAGCCGGTTATCCGA-1,PB,0.08073873752152998
MS,PB_24,ACAGCCGGTTGGTAAA-1,PB,0.26584122044642766
MS,PB_24,ACAGCCGTCTTGTTTG-1,PB,0.20911860087078732
MS,PB_24,ACAGCTAAGCAAATCA-1,PB,0.45012578987303087
MS,PB_24,ACAGCTAAGTTGCAGG-1,PB,0.30805627896405446
MS,PB_24,ACAGCTATCACGAAGG-1,PB,0.4211678930922856
MS,PB_24,ACAGCTATCAGCCTAA-1,PB,0.06563471762404682
MS,PB_24,ACAGCTATCGAATGGG-1,PB,0.2740918583477522
MS,PB_24,ACAGCTATCTGAAAGA-1-2,PB,0.03556759891971937
MS,PB_24,ACATACGAGCAAATCA-1,PB,0.10291860615477477
MS,PB_24,ACATACGAGCGTTGCC-1,PB,-0.26228588945209924
MS,PB_24,ACATACGAGCTAGGCA-1,PB,-0.2819452622706947
MS,PB_24,ACATACGAGTGGGTTG-1,PB,0.10307318203199471
MS,PB_24,ACATACGAGTTGTAGA-1,PB,-0.07001801433854374
MS,PB_24,ACATACGCACTATCTT-1,PB,-0.17240435606749743
MS,PB_24,ACATACGGTTGTACAC-1-1,PB,-0.2194746314041629
MS,PB_24,ACATCAGGTCATGCCG-1,PB,0.10283776031433453
MS,PB_24,ACATCAGGTGAGGGTT-1,PB,0.0184322381128886
MS,PB_24,ACATCAGTCTTGACGA-1,PB,-0.1619473742806474
MS,PB_24,ACATGGTCAGCGAACA-1,PB,0.36559492704204927
MS,PB_24,ACCAGTACACTAAGTC-1,PB,0.36826564244566246
MS,PB_24,ACCAGTAGTAGTGAAT-1,PB,0.1001551804344611
MS,PB_24,ACCAGTAGTGGACGAT-1,PB,0.12544649177898687
MS,PB_24,ACCAGTAGTGGGTCAA-1,PB,0.0670942720447848
MS,PB_24,ACCCACTAGCGTTCCG-1,PB,0.09261633490588976
MS,PB_24,ACCCACTCAAATTGCC-1,PB,0.1778775896569747
MS,PB_24,ACCCACTGTACAGTGG-1,PB,-0.290150692887074
MS,PB_24,ACCCACTTCATCGGAT-1,PB,0.5705708929216683
MS,PB_24,ACCGTAATCACCGGGT-1,PB,0.18424364008585956
MS,PB_24,ACCGTAATCCATGCTC-1-1,PB,0.7067839856290389
MS,PB_24,ACCGTAATCGGAGCAA-1-1,PB,-0.09626296275543086
MS,PB_24,ACCTTTAAGGGATCTG-1,PB,-0.07001801433854374
MS,PB_24,ACCTTTATCTTCATGT-1,PB,0.29249638508799086
MS,PB_24,ACGAGCCAGGAGCGAG-1-1,PB,0.38159200226806156
MS,PB_24,ACGAGCCAGGTACTCT-1,PB,0.12141286492376259
MS,PB_24,ACGAGCCGTCTAGTCA-1,PB,-0.0582060096049102
MS,PB_24,ACGAGCCTCGTAGGAG-1,PB,0.43261587123930784
MS,PB_24,ACGAGGAGTATAATGG-1,PB,-0.06720163356665142
MS,PB_24,ACGAGGATCTATCCTA-1-1,PB,-0.19608189901567183
MS,PB_24,ACGATACCAAATACAG-1,PB,-0.06283043187231793
MS,PB_24,ACGATACGTCCATGAT-1,PB,-0.3577372349218031
MS,PB_24,ACGATACGTTAAGACA-1-1,PB,0.6394853443000434
MS,PB_24,ACGATACTCAAAGTAG-1,PB,0.12472922581664014
MS,PB_24,ACGATGTAGTGCCATT-1,PB,0.40156271365644786
MS,PB_24,ACGCAGCAGGCAGTCA-1-1,PB,-0.23276407633813442
MS,PB_24,ACGCAGCCATGAGCGA-1,PB,-0.21702890559026053
MS,PB_24,ACGCAGCGTAGTACCT-1,PB,-0.07001801433854374
MS,PB_24,ACGCAGCGTCCAGTTA-1,PB,0.3894936540481598
MS,PB_24,ACGCAGCGTTCCCGAG-1,PB,0.1906738210761503
MS,PB_24,ACGCCAGAGTATCTCG-1,PB,0.8148665434207786
MS,PB_24,ACGCCAGGTAAGTGGC-1,PB,-0.07001801433854374
MS,PB_24,ACGCCAGGTTCGTGAT-1,PB,-0.07001801433854374
MS,PB_24,ACGCCGACAGGGTTAG-1,PB,0.026186744240245995
MS,PB_24,ACGCCGATCAGCGACC-1,PB,0.23820515863109665
MS,PB_24,ACGGAGACATGTCCTC-1-1,PB,-0.07001801433854374
MS,PB_24,ACGGCCAAGTGTTTGC-1,PB,0.03571546859588696
MS,PB_24,ACGGCCAGTCAGGACA-1,PB,-0.05468052162284204
MS,PB_24,ACGGCCAGTGCTGTAT-1,PB,0.5392279881390302
MS,PB_24,ACGGCCAGTTTACTCT-1,PB,-0.27580437861346235
MS,PB_24,ACGGCCATCTGTCTAT-1,PB,-0.15244404881256313
MS,PB_24,ACGGGCTTCCGTTGCT-1,PB,0.13941487896733173
MS,PB_24,ACGGGCTTCCTGTACC-1,PB,0.2706609361694671
MS,PB_24,ACGGGTCAGTCAATAG-1,PB,0.605798159244922
MS,PB_24,ACGGGTCCACAGCGTC-1,PB,-0.07001801433854374
MS,PB_24,ACGTCAAAGGACACCA-1,PB,0.08913226479843724
MS,PB_24,ACGTCAACAATCCAAC-1,PB,-0.3830053476158789
MS,PB_24,ACGTCAAGTAATAGCA-1,PB,0.049091307760469556
MS,PB_24,ACTATCTCACACGCTG-1,PB,0.007914771757965447
MS,PB_24,ACTGAACTCAGTCCCT-1,PB,0.1627424607414007
MS,PB_24,ACTGAGTAGCCAGTTT-1-1,PB,-0.1681480309607304
MS,PB_24,ACTGAGTCACATTCGA-1,PB,-0.200357669416934
MS,PB_24,ACTGATGCAGCATACT-1,PB,-0.17260135755783557
MS,PB_24,ACTGATGCAGGAATCG-1,PB,-0.12484696704927667
MS,PB_24,ACTGATGGTTGCGCAC-1,PB,-0.24457896665233883
MS,PB_24,ACTGATGTCCTCGCAT-1,PB,0.6929818011601242
MS,PB_24,ACTGCTCCAGTCGATT-1,PB,-0.21382848581028663
MS,PB_24,ACTGTCCGTTATCACG-1,PB,-0.07001801433854374
MS,PB_24,ACTTACTCAAGCCGTC-1,PB,0.03681376989490047
MS,PB_24,ACTTACTCAGATGAGC-1,PB,0.3262402301305686
MS,PB_24,ACTTGTTAGTGCGATG-1,PB,-0.07001801433854374
MS,PB_24,ACTTGTTCATCTCGCT-1,PB,-0.6266816001417519
MS,PB_24,ACTTGTTGTAGCTCCG-1-1,PB,0.041443420489298326
MS,PB_24,ACTTGTTGTTTCGCTC-1,PB,-0.36272993040405005
MS,PB_24,ACTTTCACAACTGGCC-1,PB,-0.22081474294147932
MS,PB_24,ACTTTCAGTAGCTGCC-1,PB,-0.17749894184353296
MS,PB_24,AGAATAGCACAACGTT-1,PB,-0.714711766670273
MS,PB_24,AGAATAGCACGGCGTT-1,PB,-0.07001801433854374
MS,PB_24,AGAATAGTCGAATCCA-1,PB,0.2586985334408662
MS,PB_24,AGAATAGTCTGCGGCA-1,PB,-0.07001801433854374
MS,PB_24,AGACGTTGTTATCGGT-1,PB,0.5854878538476737
MS,PB_24,AGAGCTTAGCCTATGT-1,PB,0.3770971270951681
MS,PB_24,AGAGCTTCAAGGACTG-1,PB,0.09037101595140677
MS,PB_24,AGAGCTTCACGGTAGA-1,PB,-0.16973364644038727
MS,PB_24,AGAGCTTCATCGGACC-1,PB,0.651933286569008
MS,PB_24,AGAGCTTTCAATCTCT-1,PB,-0.02903130563930412
MS,PB_24,AGAGTGGAGCCCTAAT-1-1,PB,-0.07001801433854374
MS,PB_24,AGAGTGGCAAGACGTG-1,PB,0.105244523115979
MS,PB_24,AGAGTGGGTAGCTTGT-1,PB,0.05809757110213238
MS,PB_24,AGAGTGGTCCTAAGTG-1,PB,-0.46124502635110215
MS,PB_24,AGATCTGAGTCGTTTG-1,PB,-0.07001801433854374
MS,PB_24,AGATCTGTCCAACCAA-1,PB,0.3498899738604039
MS,PB_24,AGATTGCGTCTGGTCG-1-1,PB,0.038994922061590616
MS,PB_24,AGATTGCTCAATCACG-1,PB,-0.0883191691971037
MS,PB_24,AGATTGCTCTCGCATC-1-1,PB,-0.15984952902525376
MS,PB_24,AGCAGCCAGACAGAGA-1,PB,-0.17452153660226635
MS,PB_24,AGCATACCACAGCGTC-1,PB,0.20723775454907062
MS,PB_24,AGCATACGTTGCCTCT-1,PB,0.07377383097309549
MS,PB_24,AGCATACTCACAGTAC-1,PB,0.03635211342787374
MS,PB_24,AGCCTAAAGCTAGGCA-1,PB,0.8493545950981186
MS,PB_24,AGCCTAACACGTTGGC-1,PB,0.24123781025066834
MS,PB_24,AGCCTAAGTCTCGTTC-1,PB,0.29123577617066004
MS,PB_24,AGCCTAAGTTCTGGTA-1,PB,-0.13664832550720876
MS,PB_24,AGCCTAATCACTCCTG-1-1,PB,0.5186916888024754
MS,PB_24,AGCGGTCAGATAGGAG-1,PB,-0.28542025258002535
MS,PB_24,AGCGGTCAGGTGTTAA-1,PB,0.20493866859200388
MS,PB_24,AGCGGTCTCTGGGCCA-1,PB,-0.40413150894620925
MS,PB_24,AGCGTATCAGTTCCCT-1,PB,0.2903857114014215
MS,PB_24,AGCGTATGTTACGACT-1,PB,0.34564866418003526
MS,PB_24,AGCGTATGTTAGAACA-1,PB,-0.11891562239549855
MS,PB_24,AGCGTCGCACGAAAGC-1,PB,-0.07001801433854374
MS,PB_24,AGCTCCTCAGTTCATG-1,PB,-0.07001801433854374
MS,PB_24,AGCTCTCTCTCTGAGA-1,PB,-0.029861088267258282
MS,PB_24,AGCTTGAAGGAATTAC-1,PB,-0.07001801433854374
MS,PB_24,AGCTTGACACGGTAAG-1,PB,0.6901997080863563
MS,PB_24,AGCTTGACAGGATCGA-1,PB,0.018133738400819815
MS,PB_24,AGCTTGAGTGTTTGGT-1,PB,-0.2243433152052117
MS,PB_24,AGCTTGATCCACGTTC-1,PB,0.08880806466326836
MS,PB_24,AGGCCACAGCGGATCA-1,PB,0.19466385335751507
MS,PB_24,AGGCCACAGGGAGTAA-1,PB,0.11487061113017667
MS,PB_24,AGGCCACAGTAGCCGA-1,PB,0.3074977578621777
MS,PB_24,AGGCCGTAGAGTCGGT-1,PB,-0.07001801433854374
MS,PB_24,AGGCCGTGTGGCAAAC-1,PB,0.024787902091471265
MS,PB_24,AGGGAGTAGTCGATAA-1,PB,0.3193127654241771
MS,PB_24,AGGGAGTTCCAACCAA-1,PB,0.19357418446091743
MS,PB_24,AGGGATGAGAAACGAG-1,PB,-0.16952245019099996
MS,PB_24,AGGGATGAGGGCTTGA-1-1,PB,-0.2967102264058928
MS,PB_24,AGGGATGCAGCTTAAC-1,PB,-0.205361837484217
MS,PB_24,AGGGTGAAGACGCTTT-1,PB,-0.07001801433854374
MS,PB_24,AGGGTGAGTACCAGTT-1,PB,0.08865900311663795
MS,PB_24,AGGGTGAGTACCGCTG-1,PB,0.3455100097806679
MS,PB_24,AGGGTGATCAGTGCAT-1,PB,0.3345637637347819
MS,PB_24,AGGGTGATCTACTCAT-1,PB,-0.14821011119261604
MS,PB_24,AGGTCATAGTTAGGTA-1,PB,0.009362050316018231
MS,PB_24,AGGTCATCACACAGAG-1,PB,-0.17218043274683334
MS,PB_24,AGGTCATCACTGTTAG-1,PB,0.23177169636826517
MS,PB_24,AGGTCATCAGTCAGCC-1,PB,-0.0023110788468665828
MS,PB_24,AGGTCATCATCCTTGC-1,PB,0.4198741600976745
MS,PB_24,AGGTCCGAGTGCTGCC-1,PB,0.0009799134061771067
MS,PB_24,AGTAGTCAGATGTGGC-1,PB,-0.2366128356758092
MS,PB_24,AGTAGTCAGCCGTCGT-1,PB,-0.3353926921633353
MS,PB_24,AGTAGTCCAAAGCAAT-1,PB,-0.15898332608763127
MS,PB_24,AGTAGTCTCAGGCGAA-1,PB,0.15360506566634
MS,PB_24,AGTAGTCTCTAGAGTC-1,PB,0.06778842793288604
MS,PB_24,AGTCTTTGTATCAGTC-1,PB,0.4551707573489949
MS,PB_24,AGTGAGGAGTGCAAGC-1,PB,0.3614173256824858
MS,PB_24,AGTGAGGGTAAACACA-1,PB,-0.05745703269857798
MS,PB_24,AGTGAGGGTTAAGACA-1,PB,-0.21720444668479044
MS,PB_24,AGTGAGGTCCGAATGT-1,PB,0.28478968679549077
MS,PB_24,AGTGAGGTCGCAAACT-1,PB,-0.07001801433854374
MS,PB_24,AGTGTCACATCCTAGA-1,PB,-0.07001801433854374
MS,PB_24,AGTGTCAGTCGATTGT-1,PB,-0.07001801433854374
MS,PB_24,AGTGTCATCATAACCG-1,PB,-0.07001801433854374
MS,PB_24,AGTTGGTAGATCGATA-1,PB,0.19813535764642248
MS,PB_24,AGTTGGTAGGTTACCT-1,PB,0.20344967887397297
MS,PB_24,AGTTGGTGTAGATTAG-1,PB,-0.3400577434493966
MS,PB_24,AGTTGGTTCACCCTCA-1,PB,-0.07001801433854374
MS,PB_24,AGTTGGTTCGAGAGCA-1,PB,0.2046678342992789
MS,PB_24,ATAACGCGTCTAGGTT-1,PB,0.35820738812649766
MS,PB_24,ATAACGCTCATCTGTT-1,PB,-0.07001801433854374
MS,PB_24,ATAAGAGAGAATAGGG-1,PB,0.11851449013441546
MS,PB_24,ATAAGAGAGCTGTCTA-1,PB,0.05718323129046219
MS,PB_24,ATAAGAGTCTAGAGTC-1-1,PB,0.10615826465077476
MS,PB_24,ATCACGAAGCTACCGC-1,PB,-0.07001801433854374
MS,PB_24,ATCACGACAAGGTTCT-1,PB,0.2493609466215436
MS,PB_24,ATCACGACATGGTCAT-1,PB,-0.17306890658725174
MS,PB_24,ATCACGAGTAGCACGA-1,PB,0.2593680977826261
MS,PB_24,ATCACGAGTATTACCG-1,PB,-0.05018676948227753
MS,PB_24,ATCATGGAGAATAGGG-1,PB,0.2059764966703583
MS,PB_24,ATCATGGCACCTCGTT-1,PB,0.25344744665084923
MS,PB_24,ATCCACCGTACAGCAG-1,PB,-0.4147426188286086
MS,PB_24,ATCCACCGTTACTGAC-1-1,PB,0.3888499459885523
MS,PB_24,ATCCGAACATCCCACT-1,PB,0.3038843280856601
MS,PB_24,ATCCGAAGTACTTGAC-1,PB,0.3608593349519394
MS,PB_24,ATCCGAATCAGCAACT-1,PB,-0.11554661688105024
MS,PB_24,ATCGAGTCAGCGAACA-1,PB,0.20502509949177328
MS,PB_24,ATCGAGTGTATCACCA-1,PB,0.10321918215717811
MS,PB_24,ATCGAGTGTCAATACC-1,PB,0.11305445294035399
MS,PB_24,ATCGAGTTCGTTGCCT-1,PB,0.1849874911457179
MS,PB_24,ATCTGCCAGCATGGCA-1,PB,-0.03800322504900438
MS,PB_24,ATGAGGGGTCTCTCGT-1-1,PB,-0.10831975630567266
MS,PB_24,ATGCGATCATTGCGGC-1-1,PB,-0.07001801433854374
MS,PB_24,ATGCGATGTCAGAAGC-1,PB,0.1164185756607901
MS,PB_24,ATGCGATTCTGCTTGC-1,PB,-0.07001801433854374
MS,PB_24,ATGTGTGAGATGGCGT-1-1,PB,-0.024821018594073627
MS,PB_24,ATGTGTGAGCCGATTT-1,PB,0.23341385284015234
MS,PB_24,ATGTGTGAGGCATGGT-1,PB,0.18199927246375466
MS,PB_24,ATGTGTGCATCGGAAG-1-1,PB,0.45624305142068655
MS,PB_24,ATGTGTGGTCCAGTAT-1,PB,-0.07001801433854374
MS,PB_24,ATGTGTGTCAACACAC-1,PB,-0.3094921579496867
MS,PB_24,ATTATCCAGCTAGCCC-1,PB,-0.05101975477150538
MS,PB_24,ATTATCCAGGATATAC-1,PB,0.1114857954528208
MS,PB_24,ATTATCCAGTCCGGTC-1-1,PB,-0.3247447429714314
MS,PB_24,ATTATCCAGTTAACGA-1,PB,-0.10542511210369784
MS,PB_24,ATTATCCGTCAGAGGT-1,PB,-0.039117054909077055
MS,PB_24,ATTCTACAGCCTATGT-1-1,PB,-0.19111782712642414
MS,PB_24,ATTCTACAGTCACGCC-1-1,PB,0.0051505025197635034
MS,PB_24,ATTCTACTCTTCGAGA-1,PB,-0.19331492024061617
MS,PB_24,ATTGGACAGCATGGCA-1,PB,0.08420918077835794
MS,PB_24,ATTGGACGTAGCACGA-1,PB,0.053435983337191094
MS,PB_24,ATTGGACGTGCACCAC-1-1,PB,-0.3521830356214739
MS,PB_24,ATTGGACGTGCTGTAT-1,PB,0.11722456964997655
MS,PB_24,ATTTCTGAGGCGATAC-1,PB,0.15410975061903498
MS,PB_24,ATTTCTGAGTTAACGA-1,PB,0.4032682719576947
MS,PB_24,CAACCAAAGGCCCTTG-1,PB,0.27594862852595614
MS,PB_24,CAACCAAAGGTGTGGT-1-1,PB,0.43880128397034973
MS,PB_24,CAACCTCTCAGTTGAC-1,PB,0.42203304371196143
MS,PB_24,CAACTAGAGTGTACGG-1,PB,-0.54765809372023
MS,PB_24,CAAGAAACAGCTCGAC-1,PB,0.13841379505021248
MS,PB_24,CAAGAAACAGTAAGAT-1,PB,-0.0921615442840963
MS,PB_24,CAAGATCAGTTCGATC-1,PB,-0.5177224416739595
MS,PB_24,CAAGATCCACTTGGAT-1,PB,0.08983102243014161
MS,PB_24,CAAGGCCCACCACCAG-1,PB,-0.07001801433854374
MS,PB_24,CAAGGCCGTAAGCACG-1,PB,-0.06796868110115475
MS,PB_24,CAAGGCCGTTGAACTC-1-1,PB,0.26439161677023476
MS,PB_24,CAAGTTGAGTAGCGGT-1,PB,-0.17719695165252877
MS,PB_24,CAAGTTGCAAGTTGTC-1,PB,0.28184924144863344
MS,PB_24,CAAGTTGTCATTGCCC-1,PB,-0.07001801433854374
MS,PB_24,CACAAACGTTACTGAC-1,PB,-0.07001801433854374
MS,PB_24,CACACCTAGGAGTACC-1,PB,0.8146898300763269
MS,PB_24,CACACCTCATTACGAC-1,PB,-0.459020514932993
MS,PB_24,CACACTCCAGGGCATA-1,PB,0.6003329288375966
MS,PB_24,CACACTCCAGTCCTTC-1,PB,0.010144384778056292
MS,PB_24,CACACTCGTCAGCTAT-1,PB,0.08401820125758806
MS,PB_24,CACACTCGTGTGACGA-1,PB,0.33263075500376293
MS,PB_24,CACAGGCAGCATCATC-1,PB,0.09500201324208168
MS,PB_24,CACAGGCCATGCCTTC-1,PB,0.7807082053469466
MS,PB_24,CACAGTAGTCGACTAT-1,PB,-0.16475891873580564
MS,PB_24,CACATAGCACAGGTTT-1,PB,0.21619193114995916
MS,PB_24,CACATAGGTGCTGTAT-1,PB,0.3835985061572444
MS,PB_24,CACATAGTCGCTGATA-1,PB,0.1476208985463467
MS,PB_24,CACATAGTCTCTAAGG-1,PB,0.3026741699635608
MS,PB_24,CACATTTAGATGCCAG-1,PB,-0.07001801433854374
MS,PB_24,CACATTTAGTGGGTTG-1,PB,0.12725953552324643
MS,PB_24,CACATTTCAACACCTA-1,PB,0.5780870413569307
MS,PB_24,CACATTTCACAGAGGT-1,PB,0.1041190839212341
MS,PB_24,CACATTTGTAGGCATG-1,PB,-0.07001801433854374
MS,PB_24,CACATTTTCGTCCGTT-1-1,PB,-0.07001801433854374
MS,PB_24,CACCACTCAGGTCCAC-1,PB,0.15365487790698534
MS,PB_24,CACCACTTCACCAGGC-1,PB,0.0718243167732701
MS,PB_24,CACCAGGAGAGAACAG-1,PB,0.37811851316836315
MS,PB_24,CACCAGGCAGCCTATA-1,PB,0.4915777315514201
MS,PB_24,CACCAGGTCCACGTGG-1,PB,0.49607081541333164
MS,PB_24,CACCTTGTCCAGAAGG-1,PB,0.0039819740090541855
MS,PB_24,CACTCCACACGGTTTA-1,PB,0.7616721633806066
MS,PB_24,CACTCCACATCACGTA-1-1,PB,-0.07001801433854374
MS,PB_24,CACTCCAGTTCCCGAG-1,PB,0.3140161971314993
MS,PB_24,CACTCCATCTAACCGA-1-1,PB,0.6236598204496991
MS,PB_24,CAGAATCAGGCTATCT-1,PB,-0.003934727393347294
MS,PB_24,CAGAATCGTAGGGACT-1,PB,0.1023328530572644
MS,PB_24,CAGAATCTCAGGATCT-1,PB,-0.7120424971375686
MS,PB_24,CAGAGAGAGAACTCGG-1,PB,0.04255991483828656
MS,PB_24,CAGAGAGAGCTAAACA-1,PB,-0.07001801433854374
MS,PB_24,CAGATCAAGAAGATTC-1,PB,-0.19003082608589408
MS,PB_24,CAGATCATCTGTTGAG-1,PB,0.014968638279339641
MS,PB_24,CAGCAGCAGAGCAATT-1,PB,0.3511519996775432
MS,PB_24,CAGCAGCCATATACGC-1,PB,-0.2654990196382813
MS,PB_24,CAGCAGCTCGAGAACG-1,PB,0.14366676931670047
MS,PB_24,CAGCATAAGCTGTTCA-1,PB,-0.07001801433854374
MS,PB_24,CAGCATACAGGGCATA-1-1,PB,-0.31993228710464694
MS,PB_24,CAGCATAGTGTAATGA-1,PB,0.21185130321674603
MS,PB_24,CAGCATATCAAACAAG-1,PB,0.1205483480310268
MS,PB_24,CAGCATATCCGCGGTA-1,PB,-0.17862831686867495
MS,PB_24,CAGCATATCCGGGTGT-1,PB,0.21167326539671752
MS,PB_24,CAGCCGACAACGATCT-1,PB,-0.7358688762667863
MS,PB_24,CAGCCGAGTGTCTGAT-1,PB,-0.37402925914233043
MS,PB_24,CAGCGACCACACCGAC-1,PB,0.09225566271375259
MS,PB_24,CAGCGACCAGGAATCG-1,PB,0.2894078569847246
MS,PB_24,CAGCGACGTGTCTGAT-1-1,PB,0.5838667668096448
MS,PB_24,CAGCGACGTTAGGGTG-1,PB,-0.26905037096939965
MS,PB_24,CAGCTAACAGCTGTTA-1,PB,0.10328283686961562
MS,PB_24,CAGCTGGGTGATAAAC-1,PB,-0.2086493256423844
MS,PB_24,CAGGTGCGTCAGTGGA-1,PB,0.033682048607000914
MS,PB_24,CAGTAACCAGATAATG-1,PB,0.1278956769032795
MS,PB_24,CAGTCCTAGGTTCCTA-1,PB,0.33929071890935664
MS,PB_24,CAGTCCTGTCAACTGT-1,PB,-0.22683464990861282
MS,PB_24,CATATGGCAAGGGTCA-1,PB,-0.07001801433854374
MS,PB_24,CATATGGCAATGAATG-1,PB,0.19183903611580014
MS,PB_24,CATATGGTCTGTTGAG-1-1,PB,-0.17404757285708147
MS,PB_24,CATATTCAGTATCGAA-1,PB,0.4037736652019559
MS,PB_24,CATATTCGTATGCTTG-1,PB,-0.5525721790559631
MS,PB_24,CATCAAGAGCTGCCCA-1-1,PB,-0.07001801433854374
MS,PB_24,CATCAAGCAATGGAGC-1,PB,0.308427499247437
MS,PB_24,CATCAAGGTAAGTGTA-1,PB,0.12422293234075196
MS,PB_24,CATCAAGTCAAACCAC-1,PB,-0.07001801433854374
MS,PB_24,CATCAGAAGGATGTAT-1,PB,-0.2362602224633137
MS,PB_24,CATCAGACACGAAACG-1,PB,-0.07001801433854374
MS,PB_24,CATCGAAAGATCCTGT-1,PB,0.12428753431353767
MS,PB_24,CATCGAACAATAGCGG-1,PB,0.16951022689373388
MS,PB_24,CATCGAATCCTATTCA-1,PB,-0.13377497125751298
MS,PB_24,CATCGGGGTCGGCACT-1,PB,-0.2676188162486628
MS,PB_24,CATCGGGTCATTCACT-1,PB,0.14711120250511417
MS,PB_24,CATGACAGTCCGAACC-1,PB,-0.07001801433854374
MS,PB_24,CATGACATCTCTAAGG-1,PB,0.34024494691605456
MS,PB_24,CATGCCTAGCCAGGAT-1,PB,0.48217163364110477
MS,PB_24,CATGCCTAGTACGATA-1,PB,-0.07001801433854374
MS,PB_24,CATGCCTGTCTTGATG-1,PB,-0.3294557955499596
MS,PB_24,CATGCCTTCAGATAAG-1,PB,0.23195941780778065
MS,PB_24,CATGCCTTCTCTGTCG-1-1,PB,0.13944415139071445
MS,PB_24,CATGGCGCAAGCTGGA-1,PB,-0.07001801433854374
MS,PB_24,CATGGCGGTCGCTTTC-1,PB,-0.07001801433854374
MS,PB_24,CATTATCAGATCCCGC-1,PB,-0.02330371027726166
MS,PB_24,CATTATCCACTGTCGG-1-1,PB,-0.1583824828133786
MS,PB_24,CATTATCGTTGATTCG-1,PB,0.004882573894621156
MS,PB_24,CATTATCTCGCAAACT-1-1,PB,-0.13753792642413393
MS,PB_24,CATTCGCTCTCTTATG-1,PB,0.2987111165586399
MS,PB_24,CCAATCCCAGCTGTTA-1,PB,0.11684941837479668
MS,PB_24,CCAATCCGTCTCAACA-1,PB,0.23593539098834904
MS,PB_24,CCAATCCGTGACGGTA-1,PB,-0.2156362350443585
MS,PB_24,CCACCTAGTGGTCTCG-1,PB,-0.22952073216727364
MS,PB_24,CCAGCGAAGTACCGGA-1,PB,0.24314934730494783
MS,PB_24,CCAGCGACACTCTGTC-1,PB,0.044003930748698857
MS,PB_24,CCAGCGACATTTCAGG-1,PB,0.0786075897239514
MS,PB_24,CCAGCGAGTGCACGAA-1,PB,0.09732539544667726
MS,PB_24,CCAGCGATCGATCCCT-1,PB,0.10689053504558883
MS,PB_24,CCATGTCAGCGCTTAT-1,PB,0.09639923293228661
MS,PB_24,CCATGTCTCACCGTAA-1,PB,-0.1823187993474019
MS,PB_24,CCATTCGCACACTGCG-1,PB,-0.17929019379075176
MS,PB_24,CCCTCCTCAAACGTGG-1,PB,-0.8200732069969966
MS,PB_24,CCCTCCTGTAGCTAAA-1-2,PB,0.22938788737156837
MS,PB_24,CCCTCCTTCTGATACG-1,PB,0.2225308683603678
MS,PB_24,CCGGGATAGGACGAAA-1,PB,-0.037582518366586645
MS,PB_24,CCGGGATGTAACGTTC-1,PB,0.15466615025190159
MS,PB_24,CCGGGATGTGCAGTAG-1,PB,0.07183844802524
MS,PB_24,CCGGGATTCACGATGT-1,PB,-0.07001801433854374
MS,PB_24,CCGGTAGAGCGAGAAA-1,PB,-0.029612760156932618
MS,PB_24,CCGGTAGCAGATGGGT-1,PB,-0.22450418955181492
MS,PB_24,CCGGTAGCAGGGAGAG-1,PB,0.22450798620135554
MS,PB_24,CCGTACTGTAAACCTC-1,PB,-0.20721471287563603
MS,PB_24,CCGTACTGTTTGTTTC-1,PB,0.23693783879546904
MS,PB_24,CCGTGGACACCGATAT-1,PB,-0.07001801433854374
MS,PB_24,CCGTGGAGTCACTGGC-1,PB,0.4087520337124273
MS,PB_24,CCGTTCAAGTCTCGGC-1-1,PB,0.13333607785426108
MS,PB_24,CCGTTCACAAACAACA-1,PB,0.33147520140813364
MS,PB_24,CCGTTCAGTTACGCGC-1,PB,0.454057356089529
MS,PB_24,CCTAAAGAGAGTACAT-1,PB,0.18726303827315774
MS,PB_24,CCTAAAGTCACAATGC-1,PB,-0.03852030274615899
MS,PB_24,CCTACACAGTACGCCC-1,PB,-0.19621783102977128
MS,PB_24,CCTACACCACGTCAGC-1,PB,-0.4041604957707032
MS,PB_24,CCTACACGTGACTACT-1,PB,0.09173246941719829
MS,PB_24,CCTAGCTAGGCATGTG-1-1,PB,-0.40776250121830465
MS,PB_24,CCTAGCTTCACCAGGC-1,PB,0.005091548347323853
MS,PB_24,CCTATTACAGCCTATA-1,PB,0.13317175965370812
MS,PB_24,CCTATTAGTCTCGTTC-1,PB,0.18473343086003352
MS,PB_24,CCTCAGTGTGCTCTTC-1,PB,0.5476812697223921
MS,PB_24,CCTCAGTGTTCTCATT-1-1,PB,-0.17309739581428607
MS,PB_24,CCTCTGACATGATCCA-1-1,PB,0.00040814809688529845
MS,PB_24,CCTCTGAGTCTGCGGT-1,PB,-0.13638063629339275
MS,PB_24,CCTCTGATCTATCGCC-1,PB,-0.02305592001841521
MS,PB_24,CCTTACGTCGCCGTGA-1,PB,0.060533030117952726
MS,PB_24,CCTTCCCAGAGTACAT-1,PB,0.47283304285394917
MS,PB_24,CCTTCCCCACCATCCT-1,PB,-0.21054851665929286
MS,PB_24,CCTTCGACACCGTTGG-1,PB,0.47853463154776005
MS,PB_24,CCTTCGAGTATTCTCT-1,PB,-0.7042493844048687
MS,PB_24,CCTTTCTAGACCGGAT-1,PB,-0.07001801433854374
MS,PB_24,CCTTTCTCAATCGGTT-1,PB,-0.05957546847785626
MS,PB_24,CCTTTCTCACCATGTA-1,PB,0.056572482150849056
MS,PB_24,CCTTTCTGTCGGCATC-1,PB,0.04325488498458875
MS,PB_24,CGAACATCATCCAACA-1,PB,-0.03419185027861399
MS,PB_24,CGAATGTGTATTCTCT-1,PB,-0.27181573447168367
MS,PB_24,CGACCTTCATCCCACT-1,PB,-0.5841005924880666
MS,PB_24,CGACTTCAGGCTAGCA-1,PB,0.6186243652648197
MS,PB_24,CGACTTCTCCATTCTA-1,PB,-0.07001801433854374
MS,PB_24,CGAGAAGGTAAGGGCT-1,PB,0.09206893881357206
MS,PB_24,CGAGAAGGTTACGTCA-1,PB,0.38031003330346136
MS,PB_24,CGAGCACCAAGGTGTG-1,PB,-0.150358542495495
MS,PB_24,CGATCGGGTCACTGGC-1,PB,0.2855564551530618
MS,PB_24,CGATGGCTCACAATGC-1,PB,0.05302361839042581
MS,PB_24,CGATGGCTCGTTACGA-1,PB,0.7019001699831652
MS,PB_24,CGATGTAAGCACAGGT-1,PB,-0.18541337712458775
MS,PB_24,CGATGTAGTAATAGCA-1,PB,0.07719446040115034
MS,PB_24,CGATGTATCGTTTATC-1,PB,0.07597317035073871
MS,PB_24,CGATGTATCTTGTACT-1,PB,0.09008978532916953
MS,PB_24,CGATTGAAGATAGCAT-1,PB,0.27300354145582795
MS,PB_24,CGATTGAAGGTGGGTT-1,PB,0.4081972756102295
MS,PB_24,CGATTGACACCGCTAG-1,PB,-0.22940738562916235
MS,PB_24,CGCGGTAAGTACGCCC-1-1,PB,-0.07001801433854374
MS,PB_24,CGCGGTACAAAGCAAT-1,PB,-0.07001801433854374
MS,PB_24,CGCGGTACACAGCCCA-1,PB,-0.04038832215373115
MS,PB_24,CGCGGTACATCGATGT-1,PB,0.005852867475575063
MS,PB_24,CGCGTTTAGCTAAACA-1,PB,-0.2294283489007795
MS,PB_24,CGCGTTTCACATCCGG-1,PB,0.400367626493769
MS,PB_24,CGCGTTTCAGGTGGAT-1,PB,0.020723777366323654
MS,PB_24,CGCTATCCAAGAGGCT-1,PB,-0.07001801433854374
MS,PB_24,CGCTATCCAATAGAGT-1,PB,-0.17370246907188755
MS,PB_24,CGCTATCCAGCCTATA-1,PB,0.36067596213700825
MS,PB_24,CGCTATCTCTATGTGG-1,PB,0.18517505294855324
MS,PB_24,CGCTGGAAGAAGGTGA-1,PB,-0.2530542170834048
MS,PB_24,CGCTGGACAGTACACT-1,PB,1.091014758360032
MS,PB_24,CGCTTCATCAACGGGA-1,PB,-0.07001801433854374
MS,PB_24,CGGACACAGAGCTGCA-1-1,PB,0.046880618935108316
MS,PB_24,CGGACACCATCATCCC-1,PB,-0.21789804232897186
MS,PB_24,CGGACACGTCGCTTTC-1,PB,0.25490788385149826
MS,PB_24,CGGACGTAGCCCTAAT-1,PB,-0.4576309794330647
MS,PB_24,CGGACGTCAGCATACT-1,PB,0.17456999320885072
MS,PB_24,CGGACGTGTACAGTTC-1,PB,-0.07001801433854374
MS,PB_24,CGGACGTGTGGACGAT-1-1,PB,0.2820343208224187
MS,PB_24,CGGACTGTCATACGGT-1,PB,0.09032376453676116
MS,PB_24,CGGACTGTCTAACTGG-1,PB,-0.13794354008128595
MS,PB_24,CGGAGCTCACAAGTAA-1,PB,-0.07001801433854374
MS,PB_24,CGGAGCTCACTGTTAG-1,PB,0.40100857279948804
MS,PB_24,CGGAGTCGTACGCACC-1,PB,0.3903761296266362
MS,PB_24,CGGCTAGGTATAATGG-1,PB,0.5796497449068089
MS,PB_24,CGGGTCAAGTGACTCT-1,PB,-0.07001801433854374
MS,PB_24,CGGGTCAGTCTAGTGT-1,PB,-0.4174270620043951
MS,PB_24,CGGGTCAGTCTTTCAT-1,PB,0.21425685934745994
MS,PB_24,CGGGTCATCCGTCATC-1,PB,0.1257859504725978
MS,PB_24,CGGTTAAAGGCAGTCA-1,PB,0.3665546925750199
MS,PB_24,CGGTTAACAAGTCTGT-1,PB,-0.3601999389350657
MS,PB_24,CGTAGCGCAAGGTGTG-1-1,PB,-0.306730144995876
MS,PB_24,CGTAGCGCAGTAAGAT-1,PB,-0.039818841197532505
MS,PB_24,CGTAGCGGTCTAGCGC-1,PB,0.14508700038132188
MS,PB_24,CGTAGGCAGCTGTCTA-1,PB,-0.22224811809655368
MS,PB_24,CGTCACTCAAGACACG-1,PB,0.11764552534115567
MS,PB_24,CGTCACTCAGAGTGTG-1,PB,-0.1839436687683273
MS,PB_24,CGTCACTCAGTATAAG-1,PB,0.05449293079579813
MS,PB_24,CGTCACTGTTGTCGCG-1,PB,0.2889738202039157
MS,PB_24,CGTCACTTCAGGATCT-1,PB,-0.12518695351221615
MS,PB_24,CGTCAGGCAATAAGCA-1,PB,0.0591048914022063
MS,PB_24,CGTCAGGCATCCGGGT-1,PB,0.02640012888652463
MS,PB_24,CGTCAGGGTAGTAGTA-1,PB,0.17562021184138032
MS,PB_24,CGTCCATAGAACTGTA-1,PB,0.6396420143678941
MS,PB_24,CGTCCATCAAAGCAAT-1,PB,0.8058082248093267
MS,PB_24,CGTCCATGTCTGCAAT-1,PB,-0.05536107313862322
MS,PB_24,CGTCTACAGATCCTGT-1,PB,0.38743997803884206
MS,PB_24,CGTCTACCAAGCGATG-1,PB,-0.028658997417773186
MS,PB_24,CGTCTACCACACCGCA-1,PB,-0.07001801433854374
MS,PB_24,CGTCTACCATCAGTCA-1,PB,0.20451493097551876
MS,PB_24,CGTGAGCCAAGCTGTT-1,PB,-0.1760842912209788
MS,PB_24,CGTGAGCTCGAGCCCA-1,PB,0.14524185242438722
MS,PB_24,CGTGAGCTCTGCGACG-1,PB,0.08127351996084371
MS,PB_24,CGTGTAACACAAGTAA-1,PB,-0.31823493350232407
MS,PB_24,CGTGTAACACTTAAGC-1-1,PB,-0.07001801433854374
MS,PB_24,CGTGTAAGTCCGAACC-1,PB,-0.029803473252654422
MS,PB_24,CGTGTAAGTGGCGAAT-1,PB,-0.3029404837951444
MS,PB_24,CGTGTCTGTGCCTTGG-1,PB,-0.30692858559120284
MS,PB_24,CGTTAGACAGACTCGC-1,PB,0.572333700464631
MS,PB_24,CGTTCTGAGTTAGCGG-1,PB,-0.07001801433854374
MS,PB_24,CGTTCTGCAACTTGAC-1,PB,-0.007481804233512508
MS,PB_24,CGTTCTGCAAGAAGAG-1,PB,0.063615947626653
MS,PB_24,CGTTCTGGTTAAGGGC-1,PB,0.058923383995066685
MS,PB_24,CGTTCTGTCTCTAGGA-1-1,PB,-0.30971572763072486
MS,PB_24,CTAACTTAGACTGGGT-1,PB,0.10722431899096778
MS,PB_24,CTAACTTAGGTTACCT-1,PB,0.8683545403930203
MS,PB_24,CTAACTTCAGGAACGT-1,PB,0.14387703197259274
MS,PB_24,CTAAGACAGCTAGTGG-1,PB,-0.1933257183277277
MS,PB_24,CTAAGACGTCTGGTCG-1,PB,0.405815570012337
MS,PB_24,CTAAGACTCAGTCAGT-1,PB,0.18202937074223122
MS,PB_24,CTAATGGCATTAACCG-1,PB,0.23004833450957274
MS,PB_24,CTACACCGTCTTTCAT-1,PB,0.2896742403261467
MS,PB_24,CTACACCGTTCATGGT-1,PB,0.21150076780269403
MS,PB_24,CTACATTAGTACGTAA-1,PB,-0.3418359853214518
MS,PB_24,CTACATTTCACATGCA-1,PB,0.1809546148233272
MS,PB_24,CTACCCAAGAACTCGG-1,PB,-0.07748846454635298
MS,PB_24,CTACCCAGTTATCCGA-1,PB,0.2589194663824592
MS,PB_24,CTACCCATCTTGACGA-1,PB,-0.07001801433854374
MS,PB_24,CTACGTCAGGATGTAT-1,PB,-0.2680244754002125
MS,PB_24,CTACGTCCAACGATGG-1,PB,0.11627336829801883
MS,PB_24,CTACGTCGTCAAAGAT-1,PB,0.19995036946218736
MS,PB_24,CTAGAGTGTGTCAATC-1,PB,-0.07001801433854374
MS,PB_24,CTAGAGTTCTGCTGTC-1,PB,0.03672944787359842
MS,PB_24,CTAGCCTAGAGACTAT-1,PB,0.2229023604836041
MS,PB_24,CTAGCCTGTATTAGCC-1-1,PB,-0.07001801433854374
MS,PB_24,CTAGCCTGTCTCGTTC-1,PB,0.2292318281267242
MS,PB_24,CTCACACGTCCGAATT-1,PB,0.16139211299653852
MS,PB_24,CTCACACGTCTCCCTA-1,PB,-0.4850081982700382
MS,PB_24,CTCACACTCGTTGACA-1,PB,0.04834488431806586
MS,PB_24,CTCAGAACAATGACCT-1-1,PB,0.08182936910394248
MS,PB_24,CTCAGAACACCAGTTA-1,PB,0.3393216866575089
MS,PB_24,CTCAGAACAGTGGGAT-1,PB,0.44216307837000074
MS,PB_24,CTCAGAAGTGATGTCT-1,PB,0.1503352167640372
MS,PB_24,CTCATTACAAGCGTAG-1,PB,-0.25767512460422554
MS,PB_24,CTCATTACATGTAAGA-1,PB,-0.02703271736881708
MS,PB_24,CTCCTAGAGAAGGCCT-1-1,PB,-0.16000432409177348
MS,PB_24,CTCCTAGAGACCTTTG-1,PB,0.6171397557945827
MS,PB_24,CTCCTAGCAATAAGCA-1,PB,0.2941299717996207
MS,PB_24,CTCCTAGCACATCTTT-1,PB,-0.09095374049691132
MS,PB_24,CTCCTAGGTGAGGGAG-1,PB,-0.07001801433854374
MS,PB_24,CTCGAAACAGCTGGCT-1,PB,-0.30433769160282903
MS,PB_24,CTCGAAAGTATAGTAG-1,PB,-0.09513319752234227
MS,PB_24,CTCGAGGAGAGGGATA-1,PB,0.021015292044639724
MS,PB_24,CTCGAGGAGGATGGTC-1,PB,-0.33771840193778535
MS,PB_24,CTCGAGGGTAAAGTCA-1,PB,-0.07001801433854374
MS,PB_24,CTCGAGGTCCAAAGTC-1,PB,0.12352626493352463
MS,PB_24,CTCGGAGCATTGGGCC-1,PB,-0.07001801433854374
MS,PB_24,CTCGGAGGTAACGCGA-1,PB,-0.3653580581852306
MS,PB_24,CTCGGAGTCCAGAAGG-1,PB,-0.07001801433854374
MS,PB_24,CTCGTACCATCATCCC-1-1,PB,-0.07001801433854374
MS,PB_24,CTCGTCAAGCGGATCA-1,PB,-0.27089361767549724
MS,PB_24,CTCTAATAGGCCCTCA-1,PB,0.1326557590229919
MS,PB_24,CTCTAATAGTTCCACA-1-1,PB,-0.07001801433854374
MS,PB_24,CTCTAATGTATTCTCT-1-2,PB,0.23037183424902755
MS,PB_24,CTCTACGCAGTAGAGC-1,PB,0.18462473859297562
MS,PB_24,CTCTACGCATCCTTGC-1,PB,-0.3287330372508838
MS,PB_24,CTCTGGTCAAGGTGTG-1,PB,-0.23200642006779532
MS,PB_24,CTCTGGTCAGGGAGAG-1,PB,0.6671478436455479
MS,PB_24,CTCTGGTCATTGCGGC-1,PB,0.8399029504635528
MS,PB_24,CTCTGGTGTATTCGTG-1,PB,0.18136813235440813
MS,PB_24,CTCTGGTTCTTGACGA-1,PB,-0.08981861752427449
MS,PB_24,CTGAAACAGCCACGCT-1,PB,-0.20183058070380003
MS,PB_24,CTGAAACCATAGAAAC-1,PB,0.008628392561013498
MS,PB_24,CTGAAACCATGGTCAT-1,PB,-0.07001801433854374
MS,PB_24,CTGATAGGTAGAGTGC-1,PB,-0.07001801433854374
MS,PB_24,CTGATAGGTAGCAAAT-1,PB,0.23192764790735435
MS,PB_24,CTGATAGGTCATCGGC-1,PB,0.17247916100607968
MS,PB_24,CTGATAGGTCTTCTCG-1,PB,0.2944740753636507
MS,PB_24,CTGATCCAGATATGGT-1,PB,-0.1587066860647652
MS,PB_24,CTGATCCCAGTGGAGT-1-1,PB,-0.07001801433854374
MS,PB_24,CTGCCTAAGCTCCTCT-1-1,PB,-0.2303992154762527
MS,PB_24,CTGCCTAAGGATCGCA-1,PB,0.18055994280172552
MS,PB_24,CTGCCTACAATGACCT-1,PB,0.1426759703340095
MS,PB_24,CTGCGGATCGGAGGTA-1,PB,0.01277852484222631
MS,PB_24,CTGCGGATCGGTCCGA-1,PB,-0.18742327500234263
MS,PB_24,CTGCTGTAGCGATCCC-1,PB,0.030775941332304435
MS,PB_24,CTGCTGTCAGGTGGAT-1,PB,0.03957444186912593
MS,PB_24,CTGGTCTGTATCTGCA-1-1,PB,-0.13207525524827352
MS,PB_24,CTGGTCTGTGACCAAG-1,PB,-0.3737670508831524
MS,PB_24,CTGGTCTTCCGTAGTA-1,PB,-0.12844649279061088
MS,PB_24,CTGGTCTTCGTCACGG-1,PB,0.21785159607595933
MS,PB_24,CTGTGCTGTCCCTTGT-1,PB,0.033574789702354155
MS,PB_24,CTGTGCTTCTCCGGTT-1,PB,-0.07001801433854374
MS,PB_24,CTGTTTATCAACACAC-1,PB,-0.07001801433854374
MS,PB_24,CTTAACTGTCCGCTGA-1,PB,0.057438983950766284
MS,PB_24,CTTAACTGTCCGTCAG-1,PB,0.5139103506836815
MS,PB_24,CTTAACTGTTGCTCCT-1,PB,-0.27769654931065346
MS,PB_24,CTTAACTTCGTAGATC-1,PB,-0.2008334477049434
MS,PB_24,CTTACCGCAGCTGCTG-1-1,PB,-0.41237661064147535
MS,PB_24,CTTAGGAAGGTGACCA-1,PB,-0.07001801433854374
MS,PB_24,CTTAGGACATCCTAGA-1,PB,-0.07001801433854374
MS,PB_24,CTTCTCTCAGGAATGC-1,PB,-0.004412850275175608
MS,PB_24,CTTCTCTGTCTTGCGG-1,PB,0.12762828025965733
MS,PB_24,CTTCTCTGTTGACGTT-1,PB,-0.07001801433854374
MS,PB_24,CTTGGCTAGAGTAATC-1,PB,0.18274039666214556
MS,PB_24,CTTGGCTAGATGTAAC-1,PB,-0.1901493053887165
MS,PB_24,CTTGGCTGTAATCGTC-1,PB,-0.09820369492525671
MS,PB_24,CTTGGCTGTTAAAGAC-1,PB,-0.1565185254216773
MS,PB_24,CTTTGCGGTAATCGTC-1,PB,-0.07001801433854374
MS,PB_24,CTTTGCGGTCTAACGT-1-1,PB,-0.07001801433854374
MS,PB_24,GAAACTCCACCGATAT-1,PB,-0.20893735793957244
MS,PB_24,GAAACTCTCAAACCGT-1,PB,-0.011246328307671138
MS,PB_24,GAAATGAAGCTGAAAT-1,PB,-0.07001801433854374
MS,PB_24,GAACATCCACAACTGT-1,PB,0.30988164913605104
MS,PB_24,GAACATCTCTATCCCG-1,PB,-0.07001801433854374
MS,PB_24,GAACCTAAGACCTAGG-1,PB,0.4474247755394658
MS,PB_24,GAACCTAAGCGATTCT-1,PB,-0.13146627488633078
MS,PB_24,GAACCTAAGTTCGCAT-1,PB,-0.0869604883599296
MS,PB_24,GAACCTACAGCCTATA-1,PB,-0.2822068586629995
MS,PB_24,GAACCTAGTATGGTTC-1,PB,0.06946216905951874
MS,PB_24,GAACCTAGTCCTCCAT-1,PB,0.23338812368508496
MS,PB_24,GAACGGAAGTACGTTC-1-2,PB,0.25625777281214973
MS,PB_24,GAACGGATCCCAAGTA-1,PB,-0.45387967174056343
MS,PB_24,GAATAAGCACAGTCGC-1,PB,0.7139351989554701
MS,PB_24,GAATAAGCAGGGTATG-1,PB,-0.29871524772988867
MS,PB_24,GAATAAGCAGTAACGG-1,PB,0.3796074043885156
MS,PB_24,GAATGAACATGCAACT-1,PB,-0.33375534208965174
MS,PB_24,GACACGCCACAACGCC-1,PB,-0.007347087541231082
MS,PB_24,GACACGCGTACCAGTT-1,PB,-0.161760543195989
MS,PB_24,GACACGCGTCTCCACT-1,PB,0.6575608551555957
MS,PB_24,GACACGCGTTTACTCT-1,PB,0.25474043792691475
MS,PB_24,GACAGAGAGCCAGGAT-1,PB,0.07223361841486561
MS,PB_24,GACAGAGTCGTGGGAA-1,PB,0.41700798146352186
MS,PB_24,GACCAATCACTATCTT-1,PB,0.020534293719929788
MS,PB_24,GACCAATCAGGCTCAC-1,PB,0.2971931144888123
MS,PB_24,GACCTGGCACATTTCT-1,PB,0.0937451857816055
MS,PB_24,GACCTGGTCATGGTCA-1,PB,0.21136092025912737
MS,PB_24,GACCTGGTCTGGTGTA-1,PB,-0.4581644463585695
MS,PB_24,GACGCGTAGAAACGCC-1,PB,0.5177859712695457
MS,PB_24,GACGCGTAGCTAACTC-1,PB,0.09839630448834359
MS,PB_24,GACGCGTCATTTCAGG-1,PB,0.38462424719741417
MS,PB_24,GACGCGTTCCTTTCGG-1,PB,0.1773254919898692
MS,PB_24,GACGGCTAGTTCCACA-1-1,PB,0.13332601246649892
MS,PB_24,GACGGCTGTTAAGAAC-1-1,PB,0.004290355721076936
MS,PB_24,GACGGCTTCTTGACGA-1,PB,-0.3676856775437452
MS,PB_24,GACGTGCCAATAGAGT-1,PB,-0.05890481144441999
MS,PB_24,GACGTGCCAGCCAATT-1,PB,-0.07001801433854374
MS,PB_24,GACTAACCACCTTGTC-1,PB,-0.21114193372226828
MS,PB_24,GACTAACTCGTAGATC-1,PB,-0.05846227454875645
MS,PB_24,GACTACATCCTAGGGC-1,PB,0.2728220564183594
MS,PB_24,GACTACATCGCATGGC-1,PB,-0.07001801433854374
MS,PB_24,GAGGTGAGTGTTTGGT-1,PB,-0.13339119230881025
MS,PB_24,GAGTCCGAGGATGGAA-1,PB,0.6347944960066672
MS,PB_24,GAGTCCGAGTTCGATC-1-1,PB,-0.07001801433854374
MS,PB_24,GATCAGTCACACCGCA-1,PB,-0.39556403475466556
MS,PB_24,GATCAGTGTCGGCTCA-1,PB,0.11408300642089031
MS,PB_24,GATCAGTTCGCTTAGA-1,PB,-0.042412141439819286
MS,PB_24,GATCAGTTCTTCGAGA-1,PB,0.27734628295643077
MS,PB_24,GATCGATAGCGAAGGG-1-1,PB,-0.12697682977515762
MS,PB_24,GATCGATCATATGAGA-1-2,PB,0.27952651042848775
MS,PB_24,GATCGATGTCAACTGT-1,PB,0.11272028165731417
MS,PB_24,GATCGATTCATAACCG-1,PB,0.39697633611284505
MS,PB_24,GATCGCGAGGCACATG-1,PB,1.0125779541773923
MS,PB_24,GATCGCGAGGCGACAT-1,PB,-0.06167242690980063
MS,PB_24,GATCGCGCAGACAAGC-1,PB,0.36940105502871334
MS,PB_24,GATCGCGCAGCGAACA-1-1,PB,0.09529692835308934
MS,PB_24,GATCGCGGTTATGTGC-1,PB,0.0827035425073529
MS,PB_24,GATCGTACAATGTAAG-1,PB,-0.07001801433854374
MS,PB_24,GATCGTACATGATCCA-1,PB,-0.2910922179513445
MS,PB_24,GATCGTATCACGATGT-1,PB,0.11112988365885434
MS,PB_24,GATCGTATCGGTGTCG-1,PB,-0.22020567491476517
MS,PB_24,GATCTAGAGAGATGAG-1,PB,-0.07001801433854374
MS,PB_24,GATGAAAGTGATGATA-1,PB,0.8796169607881715
MS,PB_24,GATGAGGAGCTAGGCA-1,PB,-0.14953009490905408
MS,PB_24,GATGAGGCACTTCTGC-1-1,PB,-0.07001801433854374
MS,PB_24,GATGCTACAGCAGTTT-1,PB,-0.2015338993274897
MS,PB_24,GATGCTAGTATGAAAC-1,PB,0.34637924078452526
MS,PB_24,GATGCTAGTGCAACTT-1,PB,-0.02146810229569457
MS,PB_24,GATGCTATCCACTGGG-1,PB,0.0997759082313858
MS,PB_24,GATTCAGTCCGAAGAG-1,PB,-0.4895216827125131
MS,PB_24,GCAAACTAGTGCCAGA-1-1,PB,0.2350145268353759
MS,PB_24,GCAAACTGTGTTCGAT-1,PB,0.015622784433377359
MS,PB_24,GCAATCAAGCGCTTAT-1,PB,0.37863445076445446
MS,PB_24,GCAATCACAGTGAGTG-1-1,PB,-0.0334545795732698
MS,PB_24,GCACATAGTAAGTGGC-1,PB,0.15709624957157833
MS,PB_24,GCACTCTCATCCCATC-1,PB,-0.5920883478776036
MS,PB_24,GCACTCTGTAGCTGCC-1,PB,-0.12610907737414045
MS,PB_24,GCAGCCAAGGGTGTGT-1,PB,0.26057101537003524
MS,PB_24,GCAGCCAGTACTTCTT-1,PB,-0.37970345911047715
MS,PB_24,GCAGTTAAGAACTGTA-1,PB,0.20400330089697755
MS,PB_24,GCAGTTACATTACCTT-1,PB,0.09568482855995729
MS,PB_24,GCAGTTAGTGTGAATA-1,PB,0.5485331491581363
MS,PB_24,GCAGTTATCCGTCATC-1,PB,0.008473529454729884
MS,PB_24,GCATACAAGGCGTACA-1,PB,0.1383654546867912
MS,PB_24,GCATACACAGCTGTGC-1-1,PB,-0.24495592194221638
MS,PB_24,GCATGATAGTCCGGTC-1,PB,-0.054459036197930855
MS,PB_24,GCATGATGTCTTGATG-1,PB,0.16968787394544083
MS,PB_24,GCATGATGTGGTGTAG-1,PB,-0.07001801433854374
MS,PB_24,GCATGATTCATGTCTT-1,PB,-0.1687522056375083
MS,PB_24,GCATGCGAGCCTTGAT-1,PB,-0.18470033218359613
MS,PB_24,GCATGCGAGGTGACCA-1,PB,0.371176297595544
MS,PB_24,GCATGCGGTTTAAGCC-1,PB,-0.07001801433854374
MS,PB_24,GCATGCGTCAGGCAAG-1,PB,-0.336708503444517
MS,PB_24,GCATGTACAGACGTAG-1,PB,0.15152112599598372
MS,PB_24,GCCAAATAGCTGTTCA-1,PB,0.39445474477392894
MS,PB_24,GCCTCTAAGATCCCAT-1,PB,0.3393404190969644
MS,PB_24,GCCTCTAAGGACAGCT-1,PB,-0.14804346290645903
MS,PB_24,GCCTCTACACCAGTTA-1,PB,0.15836316559637903
MS,PB_24,GCGACCATCAACGAAA-1,PB,0.17377187966625476
MS,PB_24,GCGAGAAAGTACGTAA-1,PB,0.10536328367653382
MS,PB_24,GCGCAACAGGATGGAA-1,PB,0.8345740939780294
MS,PB_24,GCGCAACAGGTGCTTT-1,PB,0.18631126486755695
MS,PB_24,GCGCAACCAATCCAAC-1,PB,-0.07001801433854374
MS,PB_24,GCGCAACCAGTTCCCT-1,PB,-0.011979841630143635
MS,PB_24,GCGCAACGTTAAGGGC-1,PB,-0.17453010034390104
MS,PB_24,GCGCAGTAGTCACGCC-1,PB,0.21211606793187876
MS,PB_24,GCGCAGTCAAATACAG-1,PB,-0.07001801433854374
MS,PB_24,GCGCCAATCTACGAGT-1,PB,0.10393450723897739
MS,PB_24,GCGCGATGTGCACGAA-1,PB,-0.07001801433854374
MS,PB_24,GCGCGATTCTAACGGT-1,PB,-0.2653952497058643
MS,PB_24,GCGGGTTAGAGGACGG-1,PB,-0.22139187233120455
MS,PB_24,GCGGGTTAGGCAATTA-1,PB,0.48138933961221003
MS,PB_24,GCGGGTTCAGACGTAG-1-1,PB,-0.11665857414415849
MS,PB_24,GCGGGTTCATGCCTTC-1,PB,-0.07001801433854374
MS,PB_24,GCGGGTTGTTCGCGAC-1-1,PB,-0.25941657604869445
MS,PB_24,GCTCCTAAGAGTACCG-1,PB,0.23357151036771603
MS,PB_24,GCTCCTACAATTCCTT-1,PB,0.09311824372502343
MS,PB_24,GCTCCTACATGCAATC-1,PB,0.09854233468808239
MS,PB_24,GCTCCTAGTAAGTGTA-1,PB,-0.002399142280761538
MS,PB_24,GCTCTGTCACAGCCCA-1,PB,0.5585708058104506
MS,PB_24,GCTCTGTGTATTACCG-1,PB,-0.23420408948278837
MS,PB_24,GCTCTGTGTGGTACAG-1,PB,-0.40377355867889964
MS,PB_24,GCTGCAGGTTCGCTAA-1-1,PB,-0.18044169537476668
MS,PB_24,GCTGCAGTCTGCCCTA-1,PB,0.0011898753480937077
MS,PB_24,GCTGCGAAGACCCACC-1,PB,-0.16409087953561596
MS,PB_24,GCTGCGAAGGACGAAA-1,PB,-0.07001801433854374
MS,PB_24,GCTGCGAGTGCCTGGT-1,PB,-0.15993327064460677
MS,PB_24,GCTGCGATCACGCGGT-1-1,PB,-0.059607033915089126
MS,PB_24,GCTGCTTAGATATGGT-1-1,PB,-0.06872734555053782
MS,PB_24,GCTGCTTAGTGAAGTT-1,PB,-0.05483098624045418
MS,PB_24,GCTGCTTCACGAGAGT-1,PB,0.12807660703755888
MS,PB_24,GCTGCTTCATTCCTCG-1,PB,-0.5892099326369818
MS,PB_24,GCTGGGTCAATCTACG-1,PB,0.323656972973989
MS,PB_24,GCTGGGTCATGGTAGG-1,PB,-0.6702655265552517
MS,PB_24,GCTGGGTTCACAAACC-1,PB,0.09117938905530878
MS,PB_24,GCTGGGTTCCGAACGC-1,PB,0.19588266515688368
MS,PB_24,GCTGGGTTCCTAGGGC-1,PB,-0.23871791110171428
MS,PB_24,GCTGGGTTCTTTCCTC-1-1,PB,0.23582983876025645
MS,PB_24,GCTTCCACACCGATAT-1,PB,0.18212775781430632
MS,PB_24,GCTTCCACACGTAAGG-1,PB,-0.030608870244728574
MS,PB_24,GCTTCCAGTTAAGATG-1,PB,-0.07001801433854374
MS,PB_24,GCTTGAAAGTCCAGGA-1,PB,0.14433537533247257
MS,PB_24,GCTTGAAGTAACGTTC-1,PB,0.5315543993325337
MS,PB_24,GCTTGAAGTCTGGTCG-1,PB,-0.07001801433854374
MS,PB_24,GCTTGAATCCAGGGCT-1,PB,0.47115147564047116
MS,PB_24,GCTTGAATCCAGTATG-1,PB,0.2802760712700484
MS,PB_24,GGAAAGCAGCCGCCTA-1,PB,-0.07001801433854374
MS,PB_24,GGAAAGCAGGGTTCCC-1,PB,-0.4680530408416725
MS,PB_24,GGAAAGCCAAGCCATT-1,PB,0.22438230584184876
MS,PB_24,GGAAAGCCACAGACAG-1,PB,-0.07001801433854374
MS,PB_24,GGAAAGCGTTACCGAT-1,PB,-0.07001801433854374
MS,PB_24,GGAAAGCTCAGGCAAG-1,PB,-0.8301795399654998
MS,PB_24,GGAAAGCTCATGTCTT-1,PB,0.44677027041251405
MS,PB_24,GGAAAGCTCGGCCGAT-1,PB,-0.1616657382871677
MS,PB_24,GGAACTTAGCCAGAAC-1,PB,0.1527267370545449
MS,PB_24,GGAACTTCACACATGT-1,PB,0.014676669317895756
MS,PB_24,GGAACTTTCCTCAATT-1,PB,0.053015610758678056
MS,PB_24,GGAATAACACAGCCCA-1,PB,-0.3599197631426304
MS,PB_24,GGAATAACAGCCACCA-1-1,PB,-0.07001801433854374
MS,PB_24,GGACAAGAGACTGGGT-1,PB,-0.6332487757946775
MS,PB_24,GGACAAGAGTGTTGAA-1,PB,-0.07001801433854374
MS,PB_24,GGACAAGCAAGTAGTA-1,PB,0.10067135107666983
MS,PB_24,GGACAAGCATGACATC-1,PB,0.04848520039277645
MS,PB_24,GGACAAGGTCGGGTCT-1,PB,0.3322059754525669
MS,PB_24,GGACAGAAGGGATCTG-1,PB,-0.4230351409729279
MS,PB_24,GGACAGATCGCATGAT-1,PB,-0.22424996379687226
MS,PB_24,GGACATTAGAAACCTA-1,PB,-0.17613518147921395
MS,PB_24,GGACATTAGATGTGGC-1-1,PB,-0.7185221914489051
MS,PB_24,GGACATTAGGAGTAGA-1,PB,-0.07001801433854374
MS,PB_24,GGACATTAGTGTTAGA-1,PB,-0.07001801433854374
MS,PB_24,GGACATTGTAGATTAG-1,PB,0.11285122848116391
MS,PB_24,GGACGTCCAAAGTGCG-1-1,PB,0.12822730100790738
MS,PB_24,GGACGTCCATGAAGTA-1,PB,-0.07001801433854374
MS,PB_24,GGACGTCTCAACACAC-1,PB,0.20081666122906802
MS,PB_24,GGAGCAATCCTGCCAT-1,PB,-0.2873693340059359
MS,PB_24,GGATGTTCACGAAATA-1,PB,0.23745486481714995
MS,PB_24,GGATGTTCACTTACGA-1,PB,0.5749195495963594
MS,PB_24,GGATTACAGATGTAAC-1,PB,0.006358780018702048
MS,PB_24,GGATTACAGGGTTCCC-1,PB,1.0277862963726598
MS,PB_24,GGATTACCAGCCAATT-1,PB,0.3346991340596251
MS,PB_24,GGCAATTCAATGAAAC-1-2,PB,-0.07001801433854374
MS,PB_24,GGCAATTGTACCGTTA-1,PB,0.0678209658689444
MS,PB_24,GGCAATTGTCATGCCG-1,PB,-0.3233715859165575
MS,PB_24,GGCAATTGTGTGGTTT-1,PB,-0.14867035645358914
MS,PB_24,GGCAATTGTTACGACT-1,PB,-0.3131876635743646
MS,PB_24,GGCCGATGTTCATGGT-1,PB,0.15116875085945392
MS,PB_24,GGCGACTAGCGATCCC-1,PB,-0.09545503881582564
MS,PB_24,GGCGACTAGTTGAGAT-1,PB,0.44426991089757434
MS,PB_24,GGCGACTCACCTTGTC-1-1,PB,-0.22503849413346008
MS,PB_24,GGCGACTGTGGCAAAC-1-1,PB,0.032545918547266704
MS,PB_24,GGCGACTTCTTCGAGA-1,PB,0.15915018081342575
MS,PB_24,GGCGTGTAGAAGAAGC-1,PB,-0.3165526224800602
MS,PB_24,GGCGTGTGTCTAGGTT-1,PB,0.22606445798378197
MS,PB_24,GGCTCGAAGTACTTGC-1,PB,0.46541632176395875
MS,PB_24,GGCTCGACAATACGCT-1,PB,0.5301422843770508
MS,PB_24,GGCTCGAGTTCGTGAT-1,PB,-0.2987226931638631
MS,PB_24,GGCTCGATCTGGTATG-1,PB,0.11434213219284682
MS,PB_24,GGCTGGTTCAGGTTCA-1,PB,0.1132606050861701
MS,PB_24,GGCTGGTTCCTCCTAG-1,PB,-0.013889068199167829
MS,PB_24,GGGAATGAGACTAGGC-1-1,PB,-0.5938963554132108
MS,PB_24,GGGAATGAGTTATCGC-1,PB,-0.36423925348378167
MS,PB_24,GGGAATGCAAACTGCT-1,PB,0.2947734951897204
MS,PB_24,GGGACCTAGAAACGCC-1,PB,-0.09547361160286351
MS,PB_24,GGGACCTCACTGTGTA-1,PB,-0.07001801433854374
MS,PB_24,GGGAGATAGATCCGAG-1,PB,-0.23355819043933224
MS,PB_24,GGGAGATAGCCACTAT-1,PB,0.08834574622470111
MS,PB_24,GGGAGATGTCTCATCC-1,PB,-0.21008358004852148
MS,PB_24,GGGAGATGTTAGGGTG-1,PB,-0.07001801433854374
MS,PB_24,GGGATGAGTGTTAAGA-1-1,PB,-0.005525110566395002
MS,PB_24,GGGATGATCCAAACTG-1,PB,0.15859737330776857
MS,PB_24,GGGATGATCCTTGGTC-1,PB,0.3551339804340981
MS,PB_24,GGGCACTAGTGGAGTC-1-1,PB,0.21114414990717334
MS,PB_24,GGGCACTCAAAGGCGT-1,PB,-0.12986768124303463
MS,PB_24,GGGCACTGTTGATTGC-1,PB,-0.07001801433854374
MS,PB_24,GGGCATCAGAAGATTC-1,PB,0.0904329738699788
MS,PB_24,GGGCATCAGCAGCCTC-1-1,PB,-0.12645259365706224
MS,PB_24,GGGTTGCAGTCATGCT-1,PB,-0.24603205322642435
MS,PB_24,GGGTTGCGTCTCACCT-1,PB,0.02680686087219267
MS,PB_24,GGTATTGAGTGTGAAT-1,PB,0.3778022168682354
MS,PB_24,GGTATTGCACAACGCC-1,PB,0.41674309417176664
MS,PB_24,GGTATTGGTAAAGTCA-1,PB,0.3533192213077725
MS,PB_24,GGTATTGGTCAAGCGA-1-1,PB,-0.12161762484222989
MS,PB_24,GGTGAAGAGCTTCGCG-1,PB,-0.2990068719292576
MS,PB_24,GGTGAAGAGGAGTAGA-1,PB,0.39758458719187767
MS,PB_24,GGTGAAGCAGACTCGC-1,PB,0.21431435101599455
MS,PB_24,GGTGCGTAGCCGTCGT-1,PB,0.15662443346022073
MS,PB_24,GGTGCGTAGTGAAGTT-1,PB,-0.1729977639409138
MS,PB_24,GGTGCGTCATTGTGCA-1,PB,0.10677380539392219
MS,PB_24,GGTGCGTGTCTCCACT-1-1,PB,-0.18598748430734321
MS,PB_24,GGTGTTAAGAAGATTC-1,PB,0.22776795309743827
MS,PB_24,GGTGTTATCTGTGCAA-1,PB,-0.029584874382429602
MS,PB_24,GTAACGTAGTTAGGTA-1,PB,-0.2702818243742328
MS,PB_24,GTAACGTCAGGATTGG-1-1,PB,0.07541895272486014
MS,PB_24,GTAACTGCAGTCAGCC-1-1,PB,-0.18174468754056147
MS,PB_24,GTAACTGCATAGACTC-1,PB,-0.5332338162000135
MS,PB_24,GTAACTGCATATACGC-1,PB,0.25177216249551193
MS,PB_24,GTAACTGGTTACCAGT-1,PB,0.04587089249594384
MS,PB_24,GTACGTACATGCCACG-1,PB,-0.22040810403567043
MS,PB_24,GTACGTAGTTCAGGCC-1,PB,0.5969900461762753
MS,PB_24,GTACTCCAGGTGGGTT-1,PB,0.13684540394471964
MS,PB_24,GTACTCCGTAATCACC-1,PB,0.22367251211877456
MS,PB_24,GTAGGCCAGATGTCGG-1,PB,-0.05189203740616105
MS,PB_24,GTAGGCCAGTTTGCGT-1,PB,-0.07001801433854374
MS,PB_24,GTAGGCCTCATGTCCC-1,PB,0.6540920768833267
MS,PB_24,GTAGTCACAGTCGATT-1,PB,-0.1485817706501427
MS,PB_24,GTAGTCAGTGTGCGTC-1,PB,-0.23741316284746924
MS,PB_24,GTAGTCAGTTGCCTCT-1,PB,0.1638880061503964
MS,PB_24,GTAGTCATCGCTAGCG-1,PB,-0.07001801433854374
MS,PB_24,GTATCTTAGGATATAC-1,PB,0.110571905386686
MS,PB_24,GTATCTTCATACGCTA-1,PB,-0.6969002751861689
MS,PB_24,GTATTCTAGATGCCTT-1,PB,-0.18170656076021624
MS,PB_24,GTATTCTCAAAGTGCG-1,PB,-0.07001801433854374
MS,PB_24,GTCAAGTAGATCCGAG-1,PB,-0.07001801433854374
MS,PB_24,GTCAAGTCAGCTGTGC-1,PB,-0.144224727483896
MS,PB_24,GTCAAGTCAGGTGGAT-1,PB,0.5012720133759053
MS,PB_24,GTCACAACACCAGGTC-1,PB,0.3816202156520139
MS,PB_24,GTCACAACATCCTTGC-1,PB,-0.23232365391696044
MS,PB_24,GTCACAAGTATGCTTG-1,PB,-0.2952217949070644
MS,PB_24,GTCACAAGTGGACGAT-1-1,PB,0.4975840340204906
MS,PB_24,GTCACGGAGACACGAC-1,PB,-0.16716327278137952
MS,PB_24,GTCACGGGTGAACCTT-1-1,PB,-0.05682943521750844
MS,PB_24,GTCATTTCACCCATGG-1,PB,0.04593142084110457
MS,PB_24,GTCATTTGTATCTGCA-1,PB,0.002579148091145543
MS,PB_24,GTCATTTGTGAACCTT-1,PB,0.08871486797537154
MS,PB_24,GTCCTCAAGGATGGTC-1,PB,0.1531607522741369
MS,PB_24,GTCCTCACATGCGCAC-1,PB,0.1022662110192062
MS,PB_24,GTCGGGTCACCGATAT-1,PB,-0.07001801433854374
MS,PB_24,GTCGTAACACCAACCG-1,PB,0.08709860926529235
MS,PB_24,GTCGTAAGTCGCGGTT-1,PB,-0.0399117655786029
MS,PB_24,GTCGTAATCCCAAGTA-1,PB,-0.1718568384695526
MS,PB_24,GTCTTCGCAGATTGCT-1,PB,0.13797978471837638
MS,PB_24,GTCTTCGGTCTGGTCG-1,PB,-0.07001801433854374
MS,PB_24,GTGAAGGAGATCCGAG-1,PB,0.14249076632041044
MS,PB_24,GTGAAGGAGGGTTCCC-1-1,PB,-0.07001801433854374
MS,PB_24,GTGCAGCAGCTAAACA-1,PB,-0.3396109574801308
MS,PB_24,GTGCAGCGTAGCTTGT-1,PB,-0.20525731665533575
MS,PB_24,GTGCATAAGCGATCCC-1,PB,-0.18415817942088933
MS,PB_24,GTGCATACACACTGCG-1-1,PB,0.4266086786932543
MS,PB_24,GTGCATACACCACGTG-1,PB,-0.07001801433854374
MS,PB_24,GTGCATACATGTTGAC-1,PB,-0.1727506462943291
MS,PB_24,GTGCGGTGTTACGCGC-1,PB,-0.47606621768952523
MS,PB_24,GTGCGGTGTTGGGACA-1,PB,-0.07001801433854374
MS,PB_24,GTGCTTCAGACATAAC-1,PB,0.3174481466737009
MS,PB_24,GTGCTTCCAAGGCTCC-1-2,PB,-0.15380870526790677
MS,PB_24,GTGCTTCTCGCTTGTC-1,PB,-0.0571117152868643
MS,PB_24,GTGCTTCTCTAACGGT-1,PB,0.10740618649149412
MS,PB_24,GTGTGCGTCAGAGACG-1,PB,0.2450075751680707
MS,PB_24,GTGTTAGAGATATGGT-1-1,PB,0.812263570798116
MS,PB_24,GTGTTAGCAAGGACTG-1,PB,0.1367988858277069
MS,PB_24,GTGTTAGCAGGGCATA-1,PB,-0.1714598885244841
MS,PB_24,GTTACAGGTGACTACT-1,PB,-0.04235742332161781
MS,PB_24,GTTCATTCACAGGCCT-1,PB,0.37524009780653406
MS,PB_24,GTTCATTGTGACCAAG-1,PB,0.6423978336738481
MS,PB_24,GTTCGGGCACAAGACG-1,PB,0.4054979471949509
MS,PB_24,GTTCGGGTCTCTTGAT-1,PB,-0.07001801433854374
MS,PB_24,GTTCTCGAGAAACCTA-1-1,PB,-0.22612867451414814
MS,PB_24,TAAACCGAGACTAGGC-1,PB,-0.07001801433854374
MS,PB_24,TAAACCGAGCTAGCCC-1,PB,-0.07001801433854374
MS,PB_24,TAAGAGAAGACACGAC-1-1,PB,0.271617321427715
MS,PB_24,TAAGAGAAGGCAGGTT-1,PB,-0.24679540769466976
MS,PB_24,TAAGAGATCTTTACGT-1,PB,-0.07001801433854374
MS,PB_24,TAAGCGTCAACACCCG-1,PB,0.18333497652455555
MS,PB_24,TAAGTGCAGGTTCCTA-1,PB,0.13755632243200314
MS,PB_24,TAAGTGCAGTCCCACG-1,PB,-0.07001801433854374
MS,PB_24,TAAGTGCCACCGAAAG-1,PB,0.4441079381425777
MS,PB_24,TACACGAAGTCTCCTC-1,PB,0.12613705681082982
MS,PB_24,TACACGAAGTGTTAGA-1,PB,0.1837272220669787
MS,PB_24,TACCTATGTCCATCCT-1,PB,0.07301293148878904
MS,PB_24,TACCTATTCAGTTGAC-1,PB,-0.3656367849378899
MS,PB_24,TACCTTACATAACCTG-1,PB,-0.31455655797648013
MS,PB_24,TACCTTACATAGACTC-1,PB,0.7867644689021617
MS,PB_24,TACCTTATCGTGACAT-1,PB,0.29781311945780947
MS,PB_24,TACGGATAGTTTGCGT-1,PB,0.17143136855588392
MS,PB_24,TACGGATCATCCGCGA-1,PB,0.27285353362381687
MS,PB_24,TACGGGCAGGACTGGT-1,PB,-0.07225083085426223
MS,PB_24,TACGGGCTCACAACGT-1,PB,0.8232257038530921
MS,PB_24,TACGGTACAGTAGAGC-1,PB,-0.1572572281077922
MS,PB_24,TACGGTAGTGCGCTTG-1,PB,0.16816041897287456
MS,PB_24,TACTCATAGACATAAC-1,PB,0.11004523334075764
MS,PB_24,TACTCATAGGGAACGG-1-1,PB,0.013724552149610261
MS,PB_24,TACTCATAGGTTCCTA-1,PB,-0.16793151685633206
MS,PB_24,TACTCATGTAAGAGAG-1,PB,-0.097021370820363
MS,PB_24,TACTCATTCAATCACG-1,PB,0.47940238803609275
MS,PB_24,TACTCATTCCGCGCAA-1,PB,0.18850098789138878
MS,PB_24,TACTCGCGTCGTCTTC-1-1,PB,-0.17968190558348945
MS,PB_24,TACTCGCTCCGTTGTC-1,PB,0.2019108027812261
MS,PB_24,TACTTACCATGGATGG-1,PB,-0.4149291071306914
MS,PB_24,TACTTACGTTCGTCTC-1,PB,-0.016365993094879763
MS,PB_24,TACTTACTCGGAATCT-1,PB,0.3660442177861409
MS,PB_24,TACTTACTCGTACGGC-1,PB,0.07017826997681735
MS,PB_24,TACTTGTGTGAGGCTA-1,PB,0.36446560422576896
MS,PB_24,TAGACCAAGCTGAAAT-1,PB,-0.10143586863619296
MS,PB_24,TAGACCACAAGCCATT-1-1,PB,-0.04682019979095518
MS,PB_24,TAGACCAGTGCAACGA-1,PB,0.6211709680040045
MS,PB_24,TAGAGCTAGAGCCCAA-1,PB,-0.07001801433854374
MS,PB_24,TAGAGCTGTCGCTTTC-1,PB,-0.28382939852703193
MS,PB_24,TAGAGCTTCTCGGACG-1,PB,-0.07001801433854374
MS,PB_24,TAGCCGGAGCGTTCCG-1,PB,0.5535817497334933
MS,PB_24,TAGCCGGTCACCATAG-1,PB,0.2338956657179605
MS,PB_24,TAGCCGGTCGGAAATA-1,PB,0.14712887105897865
MS,PB_24,TAGGCATAGGATTCGG-1,PB,0.11743249372686405
MS,PB_24,TAGGCATAGTCGCCGT-1,PB,-0.07001801433854374
MS,PB_24,TAGGCATTCCACGCAG-1,PB,0.058078168954216754
MS,PB_24,TAGGCATTCGACCAGC-1-1,PB,0.16359831902154748
MS,PB_24,TAGTGGTCAAGAGGCT-1,PB,0.07251324391455913
MS,PB_24,TAGTGGTCAGCGATCC-1,PB,0.3127426922892687
MS,PB_24,TAGTGGTTCTTCGAGA-1,PB,0.2303736176455528
MS,PB_24,TAGTTGGGTCATCCCT-1,PB,0.0986901695960823
MS,PB_24,TAGTTGGTCTATGTGG-1,PB,-0.07001801433854374
MS,PB_24,TATCAGGAGATAGTCA-1,PB,-0.11834098570801767
MS,PB_24,TATCAGGTCAGGTAAA-1,PB,0.3685721687022712
MS,PB_24,TATCTCACACGCGAAA-1,PB,-0.0004625064304667946
MS,PB_24,TATCTCACAGGAATCG-1,PB,0.25436898212186715
MS,PB_24,TATCTCAGTTCAACCA-1,PB,-0.07001801433854374
MS,PB_24,TATCTCAGTTGACGTT-1,PB,0.07290497735110811
MS,PB_24,TATCTCAGTTGCTCCT-1,PB,0.1373895773975712
MS,PB_24,TATCTCATCATAAAGG-1,PB,-0.16061003682491565
MS,PB_24,TATGCCCCACCTGGTG-1,PB,-0.19269671052404105
MS,PB_24,TATTACCGTTCCCTTG-1,PB,-0.1612889807961502
MS,PB_24,TCAACGACACTTCGAA-1,PB,0.18687007202188793
MS,PB_24,TCAACGACAGTTAACC-1,PB,0.5753602832146114
MS,PB_24,TCAATCTAGCTGTTCA-1,PB,0.4504264102241039
MS,PB_24,TCACAAGAGACTAGGC-1,PB,-0.0517054287195788
MS,PB_24,TCACAAGCATCGTCGG-1,PB,-0.21729239529845526
MS,PB_24,TCACGAAAGGCCGAAT-1,PB,-0.07001801433854374
MS,PB_24,TCACGAAGTACAGCAG-1,PB,-0.2279486375099037
MS,PB_24,TCAGATGAGAGGGCTT-1,PB,0.06343099536900587
MS,PB_24,TCAGCAACAATCAGAA-1,PB,0.19523146507337102
MS,PB_24,TCAGCAAGTGGGTCAA-1-1,PB,-0.3555482740049221
MS,PB_24,TCAGCAATCAGGCCCA-1,PB,0.06718930374430357
MS,PB_24,TCAGCTCCAGTTCATG-1,PB,0.08425517612548841
MS,PB_24,TCAGCTCGTAGTACCT-1,PB,0.14823693659477039
MS,PB_24,TCAGCTCTCACCTTAT-1-1,PB,-0.07001801433854374
MS,PB_24,TCAGCTCTCCGCAGTG-1-1,PB,0.13286137853739796
MS,PB_24,TCAGGATAGGCACATG-1,PB,0.09092493599424577
MS,PB_24,TCAGGATGTGACCAAG-1,PB,0.5405833954577842
MS,PB_24,TCAGGTAAGAGCTTCT-1,PB,-0.04816725288011675
MS,PB_24,TCAGGTAAGATATACG-1,PB,0.3969503063469681
MS,PB_24,TCAGGTAGTTTGGCGC-1,PB,-0.2842632815920158
MS,PB_24,TCAGGTATCAGTTGAC-1,PB,-0.07001801433854374
MS,PB_24,TCATTACAGGACACCA-1,PB,0.20977624998585487
MS,PB_24,TCATTACAGGATGTAT-1,PB,0.726016362486299
MS,PB_24,TCATTACGTAAACACA-1,PB,-0.043360618805489526
MS,PB_24,TCATTACGTCGCGAAA-1-1,PB,-0.17481019749734378
MS,PB_24,TCATTACGTTTCCACC-1,PB,-0.3638997138520987
MS,PB_24,TCATTACTCGACAGCC-1,PB,-0.12304031478974857
MS,PB_24,TCATTTGAGGGTGTGT-1,PB,-0.07001801433854374
MS,PB_24,TCCACACCACAACTGT-1,PB,0.061131631254164966
MS,PB_24,TCCACACGTCATCGGC-1,PB,0.2270121140658299
MS,PB_24,TCCACACGTGAAGGCT-1,PB,-0.07001801433854374
MS,PB_24,TCCACACGTGTCGCTG-1,PB,-0.07001801433854374
MS,PB_24,TCGAGGCCAGTTCATG-1,PB,-0.11596425840931511
MS,PB_24,TCGAGGCGTGTTCGAT-1,PB,-0.20677323038316406
MS,PB_24,TCGCGAGAGTACGCCC-1,PB,0.17876014012066302
MS,PB_24,TCGCGAGCAGGGATTG-1,PB,-0.07001801433854374
MS,PB_24,TCGCGAGCATACGCTA-1,PB,0.2206208109768746
MS,PB_24,TCGCGAGTCTTCCTTC-1-1,PB,0.5432389949095772
MS,PB_24,TCGCGTTAGCGCCTCA-1-1,PB,-0.30843638009952873
MS,PB_24,TCGCGTTGTCGAAAGC-1,PB,0.10473631767891721
MS,PB_24,TCGCGTTTCGATGAGG-1,PB,0.5597276190317129
MS,PB_24,TCGGGACCAAGCGCTC-1,PB,0.31185688905654413
MS,PB_24,TCGGGACTCACTTATC-1,PB,-0.07001801433854374
MS,PB_24,TCGGTAAGTCATACTG-1,PB,-0.07001801433854374
MS,PB_24,TCGGTAATCTAGAGTC-1,PB,-0.19059313433523767
MS,PB_24,TCGTACCCATCCCATC-1-1,PB,-0.8175534846431278
MS,PB_24,TCGTACCCATGCCACG-1,PB,-0.44166305284346274
MS,PB_24,TCGTACCGTGCACTTA-1,PB,0.20171473186075928
MS,PB_24,TCGTAGACAATGGATA-1,PB,0.5180547268744025
MS,PB_24,TCTATTGAGTGTCTCA-1,PB,-0.18270767461083906
MS,PB_24,TCTATTGCACAACGCC-1,PB,0.5418719972228938
MS,PB_24,TCTATTGCACTTAACG-1,PB,0.5463506943789128
MS,PB_24,TCTATTGGTCTCAACA-1-1,PB,-0.07001801433854374
MS,PB_24,TCTCATAAGGCGTACA-1,PB,-0.33388301020069466
MS,PB_24,TCTCTAAAGACTGGGT-1,PB,-0.07001801433854374
MS,PB_24,TCTCTAACAGTTCCCT-1,PB,0.6264930344956392
MS,PB_24,TCTCTAAGTACATGTC-1,PB,-0.3759851249162357
MS,PB_24,TCTCTAAGTCTAGCCG-1,PB,-0.07001801433854374
MS,PB_24,TCTCTAATCAGTTGAC-1,PB,-0.07001801433854374
MS,PB_24,TCTGAGACATCGATGT-1-1,PB,0.09495587703867736
MS,PB_24,TCTGAGACATCTCGCT-1,PB,0.11615282335627213
MS,PB_24,TCTGAGATCATCATTC-1,PB,0.30682542860739886
MS,PB_24,TCTGGAACAAAGGCGT-1,PB,0.032019279393835205
MS,PB_24,TCTGGAATCGGCATCG-1-1,PB,0.21217252425401364
MS,PB_24,TCTTCGGGTACCGGCT-1,PB,0.059259062980315094
MS,PB_24,TCTTCGGGTATAGGGC-1,PB,-0.18163826301551933
MS,PB_24,TCTTTCCAGACTGTAA-1,PB,-0.07001801433854374
MS,PB_24,TCTTTCCGTCGACTAT-1-1,PB,0.18850730813231967
MS,PB_24,TCTTTCCTCGTCCGTT-1,PB,-0.19380087095360418
MS,PB_24,TGAAAGACATGGTTGT-1,PB,-0.17564569384077178
MS,PB_24,TGACAACAGGGTCTCC-1,PB,0.1620883781735598
MS,PB_24,TGACAACTCAAGATCC-1,PB,0.23884643614869736
MS,PB_24,TGACGGCCACAACGTT-1,PB,-0.23568683246798508
MS,PB_24,TGACGGCCACCTCGTT-1,PB,0.15115026637886225
MS,PB_24,TGACGGCCAGCCAATT-1,PB,-0.2216728772980014
MS,PB_24,TGACGGCCAGGCAGTA-1,PB,-0.1200446421208574
MS,PB_24,TGACGGCGTCCTAGCG-1,PB,0.45878046879502393
MS,PB_24,TGACTAGAGTCTCAAC-1,PB,0.3906823258083033
MS,PB_24,TGACTAGCAAACAACA-1,PB,0.21320688162423557
MS,PB_24,TGACTAGCACAGATTC-1,PB,-0.18707951437860762
MS,PB_24,TGACTAGCAGCCAGAA-1,PB,0.09836878729299804
MS,PB_24,TGACTAGGTACTTCTT-1-1,PB,0.18257702748707436
MS,PB_24,TGACTAGGTGCGGTAA-1,PB,-0.37418719594898897
MS,PB_24,TGACTAGGTGTGTGCC-1,PB,-0.07001801433854374
MS,PB_24,TGACTTTAGCAGCCTC-1,PB,0.22441187751580954
MS,PB_24,TGACTTTCAAGGTGTG-1,PB,-0.028855589816182897
MS,PB_24,TGACTTTCATCGGACC-1,PB,-0.25278066535035765
MS,PB_24,TGAGCATCAAGTACCT-1,PB,0.306140148690193
MS,PB_24,TGAGCATCAATCTGCA-1,PB,-0.1961363430804697
MS,PB_24,TGAGCATCATTTCACT-1,PB,-0.1956254538327267
MS,PB_24,TGAGCATGTATTCGTG-1,PB,-0.07001801433854374
MS,PB_24,TGAGCATGTGAAGGCT-1-1,PB,0.029605718811665276
MS,PB_24,TGAGCCGAGGTCGGAT-1,PB,-0.07001801433854374
MS,PB_24,TGAGCCGCAAGTAATG-1,PB,0.22275547663925294
MS,PB_24,TGAGCCGTCGTACCGG-1,PB,-0.07001801433854374
MS,PB_24,TGAGGGAAGTACGACG-1,PB,0.25339450909795275
MS,PB_24,TGAGGGATCAAGGTAA-1,PB,-0.15914862699512927
MS,PB_24,TGATTTCCATTGAGCT-1,PB,-0.2608860285437104
MS,PB_24,TGATTTCGTTGTGGAG-1,PB,0.15765977877950058
MS,PB_24,TGCCAAAAGAGTACCG-1,PB,-0.17351249008482256
MS,PB_24,TGCCAAACAATCCGAT-1,PB,0.26907955521716487
MS,PB_24,TGCCAAAGTTAAGTAG-1,PB,-0.07001801433854374
MS,PB_24,TGCCAAAGTTAGTGGG-1,PB,0.07518962835692286
MS,PB_24,TGCCAAATCACCATAG-1,PB,-0.07001801433854374
MS,PB_24,TGCCCTACAAAGGTGC-1,PB,0.5084350340651628
MS,PB_24,TGCCCTATCCAAATGC-1,PB,-0.058164473245123104
MS,PB_24,TGCGCAGAGACTTGAA-1,PB,-0.07001801433854374
MS,PB_24,TGCGCAGAGCAGGTCA-1,PB,0.2257070902079827
MS,PB_24,TGCGCAGAGGGAGTAA-1,PB,-0.00402475286657894
MS,PB_24,TGCGCAGGTACCGTAT-1,PB,-0.6246787104751371
MS,PB_24,TGCGGGTAGCGATTCT-1,PB,-0.07001801433854374
MS,PB_24,TGCGGGTAGGAGTAGA-1,PB,0.024603664830868312
MS,PB_24,TGCGGGTGTCGCGAAA-1,PB,-0.13607454572374336
MS,PB_24,TGCGGGTTCCGTACAA-1,PB,0.02296075025447167
MS,PB_24,TGCGTGGAGGTGCTAG-1,PB,0.31059873052623393
MS,PB_24,TGCGTGGAGTTTAGGA-1,PB,0.2619082974966328
MS,PB_24,TGCGTGGCAGGAATCG-1-1,PB,0.17704242664441452
MS,PB_24,TGCTACCCATGTCCTC-1,PB,0.14118326059884628
MS,PB_24,TGCTACCCATGTCGAT-1,PB,0.015697895317863666
MS,PB_24,TGCTACCGTCGATTGT-1,PB,-0.07001801433854374
MS,PB_24,TGCTACCGTCGGCTCA-1-1,PB,-0.07001801433854374
MS,PB_24,TGCTACCGTGTTTGTG-1,PB,-0.23723830694943304
MS,PB_24,TGCTACCGTTCCATGA-1,PB,-0.26215799632476283
MS,PB_24,TGCTACCTCACTTATC-1,PB,-0.2720772913313374
MS,PB_24,TGCTACCTCGGAATCT-1,PB,0.17716994430187033
MS,PB_24,TGCTGCTGTGGTGTAG-1,PB,0.5028573609849277
MS,PB_24,TGCTGCTTCCGAGCCA-1,PB,-0.17321152361757486
MS,PB_24,TGGACGCGTGATAAGT-1,PB,0.24358073033034996
MS,PB_24,TGGACGCGTGTAAGTA-1,PB,-0.1620919993688101
MS,PB_24,TGGCCAGCAGCTCCGA-1-1,PB,0.12661329984985079
MS,PB_24,TGGCCAGGTTGGTTTG-1,PB,0.10232903745358182
MS,PB_24,TGGCCAGTCACCCTCA-1,PB,0.46245067372490917
MS,PB_24,TGGCCAGTCTTTAGGG-1,PB,-0.03143348135434338
MS,PB_24,TGGCGCAGTAAGTAGT-1,PB,0.6533361146814044
MS,PB_24,TGGCTGGAGTGGACGT-1,PB,0.04331235739343366
MS,PB_24,TGGCTGGCATATGCTG-1,PB,-0.39109622512594633
MS,PB_24,TGGCTGGGTGTAATGA-1,PB,-0.21649946656639343
MS,PB_24,TGGCTGGTCGGACAAG-1,PB,0.20425930660179983
MS,PB_24,TGGGAAGCAATAGAGT-1,PB,-0.465549953770652
MS,PB_24,TGGGCGTCACGGATAG-1,PB,-0.07221197874206653
MS,PB_24,TGGGCGTCACTGCCAG-1,PB,0.40036915466463396
MS,PB_24,TGGGCGTGTACTTGAC-1,PB,0.19682452922995433
MS,PB_24,TGGGCGTGTTAAGTAG-1,PB,0.10210889822092951
MS,PB_24,TGGGCGTTCTCGAGTA-1,PB,0.3263918541158751
MS,PB_24,TGGTTAGCATCCCACT-1,PB,-0.14359634382441863
MS,PB_24,TGGTTAGGTCTTCAAG-1,PB,0.7138987889442555
MS,PB_24,TGGTTAGTCCTGCTTG-1,PB,0.5166020123958699
MS,PB_24,TGTCCCAAGCTGTTCA-1-1,PB,-0.23118973316440042
MS,PB_24,TGTCCCACATGGGACA-1,PB,0.3596661206852581
MS,PB_24,TGTGGTAAGCCGATTT-1,PB,0.08455445942574312
MS,PB_24,TGTGGTACACATTCGA-1,PB,-0.652200841242635
MS,PB_24,TGTGGTAGTTATCCGA-1,PB,0.10337162167684204
MS,PB_24,TGTGGTATCGATAGAA-1,PB,-0.07001801433854374
MS,PB_24,TGTGTTTTCCAAACTG-1,PB,-0.3236946859080558
MS,PB_24,TGTGTTTTCCGAAGAG-1,PB,-0.005991527772348603
MS,PB_24,TGTTCCGAGTAGGCCA-1,PB,0.5309509251225973
MS,PB_24,TGTTCCGCAAATTGCC-1-1,PB,-0.07001801433854374
MS,PB_24,TGTTCCGGTAGGACAC-1,PB,-0.03431371795663769
MS,PB_24,TTAACTCCAAGGTGTG-1,PB,-0.37678644333913863
MS,PB_24,TTAGGACGTCTTCGTC-1,PB,-0.22643468741469547
MS,PB_24,TTAGGACTCAGTCAGT-1,PB,0.10616705400327718
MS,PB_24,TTAGGCACAGCGTAAG-1,PB,-0.2889176297145108
MS,PB_24,TTAGGCACATATGCTG-1,PB,0.3878194262678676
MS,PB_24,TTAGGCACATGGATGG-1,PB,-0.1664573652261305
MS,PB_24,TTAGTTCGTCATCCCT-1,PB,-0.5887852451162466
MS,PB_24,TTATGCTTCTAGCACA-1,PB,-0.07001801433854374
MS,PB_24,TTCCCAGAGCAGATCG-1,PB,0.2565299292877024
MS,PB_24,TTCCCAGCATCAGTCA-1-1,PB,-0.07001801433854374
MS,PB_24,TTCCCAGCATGTCGAT-1,PB,0.09527657036936432
MS,PB_24,TTCCCAGGTTTGTTGG-1,PB,-0.02996402635007811
MS,PB_24,TTCCCAGTCTTGAGGT-1,PB,-0.21485040567785285
MS,PB_24,TTCGAAGAGAATGTTG-1,PB,0.057951820135074716
MS,PB_24,TTCGAAGCAGGACCCT-1,PB,0.11001124499226993
MS,PB_24,TTCGAAGGTCTGCGGT-1,PB,0.46334891355790603
MS,PB_24,TTCGAAGTCGGTTCGG-1,PB,-0.2124397945215239
MS,PB_24,TTCGGTCCAGTGGAGT-1,PB,-0.07001801433854374
MS,PB_24,TTCGGTCGTAGCGATG-1,PB,-0.07001801433854374
MS,PB_24,TTCGGTCTCAGTTAGC-1,PB,-0.07001801433854374
MS,PB_24,TTCTACACACCATCCT-1,PB,0.5187666541865475
MS,PB_24,TTCTCCTCACGTGAGA-1,PB,0.2016459659755067
MS,PB_24,TTCTTAGAGCCGCCTA-1,PB,-0.3493248104436911
MS,PB_24,TTCTTAGAGGCCATAG-1,PB,-0.43150792868368454
MS,PB_24,TTCTTAGCACATGTGT-1,PB,-0.17611469045264844
MS,PB_24,TTGAACGAGCGATAGC-1,PB,0.2606319680506578
MS,PB_24,TTGAACGAGTGCTGCC-1,PB,-0.8314590967334439
MS,PB_24,TTGAACGCAAGCGTAG-1,PB,-0.25039526278518637
MS,PB_24,TTGAACGGTCTGGTCG-1,PB,-0.5653443897051469
MS,PB_24,TTGAACGGTTCAGACT-1,PB,0.2816639231136771
MS,PB_24,TTGAACGTCTGACCTC-1,PB,0.2611021248020344
MS,PB_24,TTGACTTCATGGTTGT-1,PB,0.23445407947076222
MS,PB_24,TTGACTTCATTGTGCA-1-1,PB,0.7214956279950072
MS,PB_24,TTGACTTGTACAGTTC-1,PB,-0.07001801433854374
MS,PB_24,TTGACTTGTACCTACA-1,PB,0.20824011972256815
MS,PB_24,TTGACTTGTGTTTGGT-1,PB,-0.07001801433854374
MS,PB_24,TTGCCGTCAGACGTAG-1,PB,0.11972793937536035
MS,PB_24,TTGCGTCTCCATGAAC-1,PB,0.3418603747626703
MS,PB_24,TTGCGTCTCTTGCAAG-1-1,PB,0.1588330018100313
MS,PB_24,TTGGAACTCAATCTCT-1,PB,0.5551252075557163
MS,PB_24,TTGGCAACAATAAGCA-1,PB,-0.07001801433854374
MS,PB_24,TTGGCAACATTCCTGC-1,PB,0.20799915176786407
MS,PB_24,TTGTAGGAGACAGGCT-1,PB,-0.03253973383718996
MS,PB_24,TTGTAGGCAAGCCATT-1,PB,-0.07001801433854374
MS,PB_24,TTGTAGGGTGCACGAA-1,PB,0.5844871452377485
MS,PB_24,TTGTAGGTCCTAGAAC-1-1,PB,0.3291626181816891
MS,PB_24,TTTACTGAGTATCTCG-1,PB,0.4876619730720801
MS,PB_24,TTTATGCGTGTGCCTG-1,PB,0.23833713822898508
MS,PB_24,TTTCCTCAGTATTGGA-1,PB,0.14580202426556896
MS,PB_24,TTTCCTCGTAGGCTGA-1,PB,-0.10586330978307672
MS,PB_24,TTTCCTCTCATAGCAC-1,PB,0.2073448576388597
MS,PB_24,TTTCCTCTCCCATTTA-1,PB,-0.29193334607429045
MS,PB_24,TTTCCTCTCTAACCGA-1-1,PB,-0.07001801433854374
MS,PB_24,TTTGGTTAGTTGTCGT-1,PB,0.2977761102936979
MS,PB_24,TTTGGTTCACGAGAGT-1,PB,-0.3530646659375285
MS,PB_24,TTTGGTTCAGGCGATA-1-1,PB,-0.16620014791768778
MS,PB_24,TTTGGTTTCAGCTGGC-1,PB,-0.11559111770456543
MS,PB_24,TTTGTCATCGATCCCT-1,PB,-0.07001801433854374
MS,PB_25,AAACCTGAGAATTCCC-1,PB,0.30623383110672686
MS,PB_25,AAACCTGTCCAAGCCG-1-1,PB,0.2925258336891711
MS,PB_25,AAATGCCGTCACTTCC-1,PB,0.12456037921142991
MS,PB_25,AACACGTGTGAGGGAG-1,PB,0.1651454605751959
MS,PB_25,AACCATGCACGTAAGG-1,PB,-0.19832292755961325
MS,PB_25,AACCGCGCAAGTCTAC-1,PB,0.0645234169430279
MS,PB_25,AACGTTGTCTCATTCA-1,PB,0.28076756616664583
MS,PB_25,AACTCAGAGACGCACA-1,PB,-0.019055175406646915
MS,PB_25,AACTCAGTCAACGGGA-1,PB,0.004765316208887681
MS,PB_25,AACTCTTCATCTGGTA-1,PB,-0.07001801433854374
MS,PB_25,AACTTTCGTTCAGCGC-1,PB,-0.07001801433854374
MS,PB_25,AAGCCGCAGTCCATAC-1,PB,0.12188392170254492
MS,PB_25,AAGCCGCGTCCTCCAT-1-1,PB,0.2359620284156234
MS,PB_25,AAGGAGCTCAAAGACA-1,PB,-0.2253325845821437
MS,PB_25,AAGGCAGGTGTTAAGA-1,PB,0.029225773755414637
MS,PB_25,AAGGTTCTCAGCGATT-1,PB,-0.07001801433854374
MS,PB_25,AATCCAGCACCTCGTT-1,PB,0.04801679836664605
MS,PB_25,AATCGGTCACATCCGG-1-1,PB,-0.057166734297247786
MS,PB_25,AATCGGTCAGGGTTAG-1,PB,0.21418607090167963
MS,PB_25,ACACCGGAGTGTACCT-1,PB,-0.28550948214978844
MS,PB_25,ACACTGATCCGTACAA-1,PB,0.08091529595661404
MS,PB_25,ACAGCTAAGAATGTGT-1,PB,0.18032225244466063
MS,PB_25,ACATACGAGCTCTCGG-1-1,PB,-0.19068717134443766
MS,PB_25,ACATACGGTGTCAATC-1,PB,0.055447197142828704
MS,PB_25,ACATGGTAGAATGTGT-1,PB,0.5162994180393908
MS,PB_25,ACCCACTAGGCTAGCA-1-1,PB,-0.24527614517126314
MS,PB_25,ACGAGCCTCTAACCGA-1,PB,0.16355515419572675
MS,PB_25,ACGAGGACAGCTGTAT-1,PB,-0.1343339207062437
MS,PB_25,ACGATACGTCCGTGAC-1,PB,0.20394532900282453
MS,PB_25,ACGATACGTTTCGCTC-1,PB,0.1085333208366487
MS,PB_25,ACGCCGATCCTAGGGC-1,PB,0.29845343699607063
MS,PB_25,ACGGCCATCACGAAGG-1-1,PB,0.13294762838934654
MS,PB_25,ACGGGCTCATTGGCGC-1,PB,-0.07001801433854374
MS,PB_25,ACGGGCTGTAGCGCAA-1,PB,-0.16098640826463487
MS,PB_25,ACGGGCTGTTACTGAC-1,PB,-0.20287171417786093
MS,PB_25,ACGGGCTTCAACCATG-1,PB,0.19194678246993743
MS,PB_25,ACGTCAAGTCCTCCAT-1,PB,-0.2720012637561636
MS,PB_25,ACTATCTCATCACCCT-1,PB,0.008152185633665805
MS,PB_25,ACTGAGTAGTGCCATT-1,PB,0.011542894022628267
MS,PB_25,ACTGATGCATTGCGGC-1-1,PB,-0.07001801433854374
MS,PB_25,ACTTACTAGACGCAAC-1-1,PB,0.12656461204049435
MS,PB_25,ACTTACTAGCTAACAA-1,PB,0.4996140780243045
MS,PB_25,ACTTACTGTAAAGGAG-1,PB,-0.07001801433854374
MS,PB_25,AGAATAGTCGTATCAG-1,PB,-0.07001801433854374
MS,PB_25,AGCAGCCCAATGACCT-1,PB,-0.07001801433854374
MS,PB_25,AGCAGCCGTACTTCTT-1,PB,0.11866495833127075
MS,PB_25,AGCATACTCACTTCAT-1,PB,0.08355443363538365
MS,PB_25,AGCGGTCAGATGCGAC-1,PB,0.1015169186789563
MS,PB_25,AGCGGTCCATCCGCGA-1,PB,0.27357129677788233
MS,PB_25,AGCGGTCCATGCAACT-1,PB,-0.07001801433854374
MS,PB_25,AGCGTATCAATAACGA-1-1,PB,0.18540598582104842
MS,PB_25,AGCTCTCAGATGTCGG-1,PB,-0.07001801433854374
MS,PB_25,AGCTCTCAGTCCGTAT-1,PB,-0.07001801433854374
MS,PB_25,AGCTTGAGTTGACGTT-1,PB,-0.07001801433854374
MS,PB_25,AGGCCGTGTTTGACAC-1,PB,0.24326442136609763
MS,PB_25,AGGCCGTTCTTACCGC-1,PB,-0.05373311793503558
MS,PB_25,AGGGATGAGCGATAGC-1-1,PB,0.1199656362743313
MS,PB_25,AGGGATGTCACGACTA-1,PB,0.14147014633308275
MS,PB_25,AGGGATGTCCTGCCAT-1,PB,-0.5984659354245346
MS,PB_25,AGTCTTTTCCCAAGTA-1,PB,-0.3762671614073953
MS,PB_25,AGTGAGGCAACGATCT-1,PB,-0.07001801433854374
MS,PB_25,AGTGGGAAGCCAGGAT-1,PB,-0.07001801433854374
MS,PB_25,AGTGGGACAATGACCT-1,PB,-0.007789678996558421
MS,PB_25,AGTGTCAAGGCAGGTT-1-1,PB,0.11203072877756
MS,PB_25,AGTGTCAAGGGTATCG-1,PB,-0.4763192317793828
MS,PB_25,AGTGTCACATGGTCTA-1,PB,0.3142113429454262
MS,PB_25,AGTGTCATCAAGGTAA-1,PB,-0.43747131163189085
MS,PB_25,ATAACGCCAATCTACG-1,PB,0.2610478784010443
MS,PB_25,ATAGACCCACGAGGTA-1,PB,0.12044700050576194
MS,PB_25,ATCATCTAGTCCAGGA-1,PB,-0.07001801433854374
MS,PB_25,ATCATGGTCCATGAAC-1,PB,-0.07001801433854374
MS,PB_25,ATCCACCGTTGATTCG-1,PB,0.5304177091721459
MS,PB_25,ATCGAGTTCCGTTGCT-1,PB,-0.2665652297365381
MS,PB_25,ATCTACTAGGCACATG-1,PB,0.23820371110235974
MS,PB_25,ATCTACTGTTAGAACA-1,PB,0.0071096322917536215
MS,PB_25,ATCTACTGTTGTACAC-1,PB,-0.26180598431668484
MS,PB_25,ATGAGGGCAATCAGAA-1,PB,-0.21020022101580413
MS,PB_25,ATGAGGGGTCCGAACC-1,PB,-0.2585535367722496
MS,PB_25,ATGCGATCAAACCTAC-1,PB,-0.1785802450678006
MS,PB_25,ATGGGAGGTACGAAAT-1,PB,-0.38341163265416117
MS,PB_25,ATGTGTGGTAAGGATT-1,PB,0.39686970303498476
MS,PB_25,ATTATCCCAAGGGTCA-1,PB,-0.07001801433854374
MS,PB_25,ATTATCCGTAGGCATG-1,PB,-0.07001801433854374
MS,PB_25,ATTATCCGTTGGACCC-1,PB,-0.37704849070796354
MS,PB_25,ATTATCCTCGACGGAA-1-1,PB,0.6165970636951442
MS,PB_25,ATTATCCTCTTTACAC-1,PB,-0.07001801433854374
MS,PB_25,ATTCTACAGTGAACGC-1,PB,-0.1921998145943691
MS,PB_25,ATTGGACCACCATCCT-1,PB,0.5550054076666725
MS,PB_25,ATTGGACTCGAACGGA-1,PB,0.18586189482027451
MS,PB_25,ATTTCTGCAATTGCTG-1,PB,0.218333924217662
MS,PB_25,ATTTCTGGTAGTACCT-1,PB,-0.07001801433854374
MS,PB_25,ATTTCTGGTGTGTGCC-1,PB,-0.4990661634524773
MS,PB_25,CAACCTCAGACCACGA-1,PB,-0.07001801433854374
MS,PB_25,CAACCTCAGGATGCGT-1,PB,-0.07001801433854374
MS,PB_25,CAACCTCAGTTCCACA-1,PB,-0.07001801433854374
MS,PB_25,CAACTAGAGACACTAA-1,PB,0.19432595171067304
MS,PB_25,CAAGTTGTCAAACGGG-1,PB,0.1778212689834209
MS,PB_25,CACACAACACAGCGTC-1,PB,-0.07001801433854374
MS,PB_25,CACACCTGTCTGGTCG-1,PB,0.21125822142891132
MS,PB_25,CACACCTGTGAAGGCT-1,PB,-0.36852381661346856
MS,PB_25,CACACTCTCCTGTACC-1,PB,-0.19686505068732899
MS,PB_25,CACACTCTCTCACATT-1,PB,-0.22573156093733357
MS,PB_25,CACAGGCAGTGTTAGA-1,PB,-0.07001801433854374
MS,PB_25,CACCACTAGTCGATAA-1-1,PB,0.20048599383755805
MS,PB_25,CACCACTAGTGTGGCA-1,PB,-0.07001801433854374
MS,PB_25,CACCACTCAGTTCATG-1,PB,0.17918097450656686
MS,PB_25,CACCACTGTCGCATCG-1,PB,0.5979955249743695
MS,PB_25,CACCTTGAGCCCGAAA-1,PB,0.23494701789267455
MS,PB_25,CAGAGAGCACAACGTT-1,PB,-0.29050174078316704
MS,PB_25,CAGATCAAGCACCGCT-1,PB,-0.07001801433854374
MS,PB_25,CAGCAGCCATGCTAGT-1-2,PB,-0.07001801433854374
MS,PB_25,CAGCATAAGGACACCA-1,PB,-0.3189669068896766
MS,PB_25,CAGCTAAAGGGTGTGT-1,PB,0.20297681676812193
MS,PB_25,CAGCTAAGTGACTCAT-1,PB,-0.5316958747954226
MS,PB_25,CAGGTGCAGGCAGGTT-1-1,PB,0.1318561994968665
MS,PB_25,CAGTAACTCCTTGCCA-1,PB,0.17922203440118456
MS,PB_25,CATATTCCACATGACT-1,PB,-0.374890656639585
MS,PB_25,CATCAGATCCTAAGTG-1,PB,-0.07001801433854374
MS,PB_25,CATCAGATCGTGGACC-1,PB,-0.07001801433854374
MS,PB_25,CATCCACAGTCGAGTG-1,PB,0.41235021289521745
MS,PB_25,CATCCACTCACCTCGT-1,PB,0.11131823205665785
MS,PB_25,CATCCACTCTGCTGCT-1,PB,0.41635602517319714
MS,PB_25,CATCGAAGTATCACCA-1,PB,0.27440505609222815
MS,PB_25,CATGGCGAGCTGATAA-1-1,PB,-0.05837138635935558
MS,PB_25,CATGGCGTCTCGCATC-1,PB,-0.05147455032791677
MS,PB_25,CATTATCGTACCGTAT-1,PB,-0.07001801433854374
MS,PB_25,CATTCGCAGGGTTCCC-1,PB,-0.2460844694993945
MS,PB_25,CATTCGCTCCTTCAAT-1,PB,0.21099273352253434
MS,PB_25,CCAATCCTCCTGCCAT-1-1,PB,0.6160212333810101
MS,PB_25,CCACCTACAATAGAGT-1,PB,-0.07001801433854374
MS,PB_25,CCACCTATCAAAGACA-1,PB,-0.25279192897513925
MS,PB_25,CCACGGAAGCTCCTCT-1,PB,0.14280253770407728
MS,PB_25,CCACTACCACCAGGTC-1,PB,0.45414013816924753
MS,PB_25,CCAGCGAAGAATTGTG-1,PB,0.38894773048796927
MS,PB_25,CCATGTCAGGGCTTGA-1,PB,0.17679893794900006
MS,PB_25,CCATTCGCACCAGGCT-1,PB,-0.07001801433854374
MS,PB_25,CCATTCGGTCTAGAGG-1,PB,-0.07001801433854374
MS,PB_25,CCCAATCCATCGTCGG-1-1,PB,-0.24582279283090722
MS,PB_25,CCCAGTTTCAATACCG-1,PB,-0.07001801433854374
MS,PB_25,CCGGGATAGGTCATCT-1,PB,-0.5336979484205865
MS,PB_25,CCGGTAGCAGGAATGC-1,PB,-0.23121635386126943
MS,PB_25,CCGGTAGTCCCTTGTG-1,PB,0.6502223515759633
MS,PB_25,CCGTACTCAGACGCTC-1,PB,0.13888656464836727
MS,PB_25,CCTACACAGATAGCAT-1-1,PB,-0.34222854281564963
MS,PB_25,CCTACACGTAAGTGGC-1,PB,-0.07001801433854374
MS,PB_25,CCTACCATCCTTAATC-1,PB,0.17461613331804446
MS,PB_25,CCTCAGTTCGAGCCCA-1,PB,0.19649751927936174
MS,PB_25,CCTCTGATCTTACCTA-1,PB,-0.07001801433854374
MS,PB_25,CCTTCCCCACCACCAG-1,PB,-0.07001801433854374
MS,PB_25,CCTTCGAAGAGGGCTT-1-1,PB,0.16537239271731666
MS,PB_25,CCTTTCTGTGTGAAAT-1,PB,0.5212339584518431
MS,PB_25,CGAACATAGAGAACAG-1,PB,0.3579668664175614
MS,PB_25,CGAATGTGTTAAGATG-1,PB,0.11676533466817206
MS,PB_25,CGACCTTGTAAACCTC-1,PB,0.28210922578531783
MS,PB_25,CGACTTCAGAGTAAGG-1,PB,0.23017781486827002
MS,PB_25,CGAGCACAGAAAGTGG-1,PB,-0.07001801433854374
MS,PB_25,CGAGCACTCCACTGGG-1,PB,0.29506993019548233
MS,PB_25,CGAGCCACACTGTGTA-1,PB,-0.07001801433854374
MS,PB_25,CGATGTAAGATTACCC-1,PB,-0.07001801433854374
MS,PB_25,CGATGTACAAGTTCTG-1,PB,-0.07001801433854374
MS,PB_25,CGATGTACATAAAGGT-1,PB,0.16195446277851086
MS,PB_25,CGATGTATCACGATGT-1,PB,0.3035246470031347
MS,PB_25,CGCGTTTAGAACTCGG-1-1,PB,-0.07001801433854374
MS,PB_25,CGCGTTTAGTACTTGC-1,PB,0.2143256072528393
MS,PB_25,CGCTATCGTCCTCTTG-1,PB,-0.07001801433854374
MS,PB_25,CGCTATCTCCGAAGAG-1-1,PB,-0.40488548129752516
MS,PB_25,CGCTATCTCTTCATGT-1,PB,-0.07001801433854374
MS,PB_25,CGCTGGAGTTGTCGCG-1,PB,0.12454720495355336
MS,PB_25,CGGACACGTTTGGGCC-1,PB,-0.5187347947070584
MS,PB_25,CGGACGTAGCTATGCT-1,PB,-0.4214366645776308
MS,PB_25,CGGACGTTCAAAGTAG-1,PB,0.28810539593261203
MS,PB_25,CGGAGCTCAACACCTA-1-1,PB,-0.07001801433854374
MS,PB_25,CGGCTAGTCTGCCCTA-1,PB,-0.07001801433854374
MS,PB_25,CGGGTCAGTAGTACCT-1,PB,0.13953204963575436
MS,PB_25,CGGGTCAGTGTCAATC-1,PB,0.1097258486456952
MS,PB_25,CGGGTCATCTAGCACA-1,PB,-0.18326887418332213
MS,PB_25,CGGTTAAAGACACGAC-1,PB,0.47737571949952623
MS,PB_25,CGGTTAAGTCGACTAT-1,PB,-0.431969433778257
MS,PB_25,CGTAGGCAGATGCGAC-1,PB,-0.07001801433854374
MS,PB_25,CGTAGGCCAGCGAACA-1,PB,-0.07001801433854374
MS,PB_25,CGTCACTGTGTCTGAT-1,PB,-0.051352840907721006
MS,PB_25,CGTCAGGAGCCCAGCT-1,PB,0.024712217401740573
MS,PB_25,CGTCAGGTCATAGCAC-1,PB,-0.3132647330345182
MS,PB_25,CGTCTACTCAATACCG-1,PB,0.8565929458444531
MS,PB_25,CGTGAGCCACAACGTT-1,PB,0.15633000409860567
MS,PB_25,CGTGTCTAGCTACCGC-1,PB,0.3405176024195548
MS,PB_25,CTAACTTGTCGGCTCA-1,PB,-0.026674942788042832
MS,PB_25,CTAAGACAGACACTAA-1-1,PB,-0.26069697059064745
MS,PB_25,CTAATGGTCGGATGGA-1,PB,-0.07001801433854374
MS,PB_25,CTACACCTCCGAGCCA-1-1,PB,-0.2455359764243339
MS,PB_25,CTACATTGTCCGCTGA-1-1,PB,-0.07001801433854374
MS,PB_25,CTACCCAAGCCACGCT-1,PB,0.14036246939473176
MS,PB_25,CTACCCAGTCCGACGT-1-1,PB,-0.23612220481558577
MS,PB_25,CTAGAGTGTAAGTGGC-1,PB,0.15538671028657364
MS,PB_25,CTAGCCTCAATGGATA-1-1,PB,-0.07001801433854374
MS,PB_25,CTCAGAATCCTAAGTG-1,PB,-0.18372957735401904
MS,PB_25,CTCATTACACAGCGTC-1,PB,-0.07001801433854374
MS,PB_25,CTCATTATCTCTAGGA-1,PB,0.40894540868026946
MS,PB_25,CTCGAGGTCCGTAGGC-1,PB,0.446213464586048
MS,PB_25,CTCGGGACAATCAGAA-1,PB,0.2885726068300194
MS,PB_25,CTCTAATAGGTTCCTA-1,PB,0.1780510938966284
MS,PB_25,CTCTAATTCACGAAGG-1,PB,0.09635297549362987
MS,PB_25,CTGATAGAGATGCGAC-1,PB,0.0031524442623151383
MS,PB_25,CTGATCCTCCAGTAGT-1,PB,0.19262090941085996
MS,PB_25,CTGATCCTCTACTTAC-1-1,PB,-0.15330138359545561
MS,PB_25,CTGCCTAAGCCTATGT-1,PB,-0.07001801433854374
MS,PB_25,CTGCCTAGTGCCTGTG-1,PB,0.026131513753522
MS,PB_25,CTGCCTAGTTAAGTAG-1,PB,0.4255998968900827
MS,PB_25,CTGCGGAAGCTGAAAT-1,PB,0.47097641883035996
MS,PB_25,CTGCGGAGTTGGGACA-1,PB,-0.07001801433854374
MS,PB_25,CTGCTGTAGGAGTTGC-1-1,PB,-0.07001801433854374
MS,PB_25,CTGGTCTCAATAGCGG-1,PB,0.18336781523785986
MS,PB_25,CTGTTTAGTTAGGGTG-1,PB,-0.07001801433854374
MS,PB_25,CTTAACTGTAGGAGTC-1,PB,-0.07001801433854374
MS,PB_25,CTTTGCGCAAAGGAAG-1,PB,-0.24762161733038396
MS,PB_25,CTTTGCGCACAGGCCT-1,PB,0.6965065854550515
MS,PB_25,CTTTGCGTCCGGCACA-1,PB,0.3694698046343812
MS,PB_25,GAAACTCAGCTCAACT-1,PB,-0.19612717617818504
MS,PB_25,GAACATCCAAGCCGCT-1,PB,0.33302024167607874
MS,PB_25,GAACCTAAGAGTCGGT-1-1,PB,-0.07001801433854374
MS,PB_25,GAACCTAAGCACCGCT-1-1,PB,-0.07001801433854374
MS,PB_25,GAACCTACAGGATCGA-1,PB,0.37570421915883545
MS,PB_25,GAACGGACAAGAAAGG-1,PB,-0.16983961148702403
MS,PB_25,GAAGCAGGTAATAGCA-1,PB,-0.23863523407643156
MS,PB_25,GACACGCGTGGACGAT-1,PB,0.2315372692391983
MS,PB_25,GACAGAGCAGCTTAAC-1,PB,-0.07001801433854374
MS,PB_25,GACAGAGTCACTCCTG-1,PB,0.09686064829358802
MS,PB_25,GACGCGTGTCAACATC-1,PB,-0.412878997022204
MS,PB_25,GACGGCTAGGATATAC-1,PB,-0.04901595354906065
MS,PB_25,GACGGCTTCGTGGGAA-1,PB,0.18801156982063097
MS,PB_25,GACGTTAAGCAACGGT-1-1,PB,-0.1877886789943927
MS,PB_25,GACTAACGTAAATGAC-1,PB,0.17468167115215233
MS,PB_25,GACTGCGCATTGGTAC-1-1,PB,0.26069917313091046
MS,PB_25,GATCGATAGCACGCCT-1,PB,0.26349918105799436
MS,PB_25,GATCGTATCTAGAGTC-1,PB,0.023260364241453533
MS,PB_25,GATCTAGAGGCAGTCA-1,PB,0.24333244758157527
MS,PB_25,GATGAGGAGGGAACGG-1,PB,-0.16855341402061738
MS,PB_25,GATGAGGGTCCGAACC-1,PB,0.5077342457555722
MS,PB_25,GATGCTAGTACAAGTA-1,PB,0.40924442768423813
MS,PB_25,GCAAACTGTTACGTCA-1,PB,-0.20603597864658374
MS,PB_25,GCACTCTTCAATACCG-1,PB,-0.22239148907607495
MS,PB_25,GCAGCCAAGAGTTGGC-1,PB,-0.38346432359925725
MS,PB_25,GCAGCCACACGCCAGT-1,PB,-0.052811886539125406
MS,PB_25,GCAGCCATCACGCGGT-1,PB,-0.21956954770128265
MS,PB_25,GCAGTTACAACACCCG-1,PB,-0.20264148825071215
MS,PB_25,GCAGTTAGTCATACTG-1-1,PB,0.24347142740311573
MS,PB_25,GCATGATAGTGTGAAT-1-1,PB,0.11988016174295593
MS,PB_25,GCATGATCATCTACGA-1,PB,-0.07001801433854374
MS,PB_25,GCCTCTAAGCAGACTG-1,PB,0.1460236042734675
MS,PB_25,GCCTCTAAGCTGATAA-1,PB,0.030048085083708726
MS,PB_25,GCGACCACATCTCCCA-1,PB,-0.07001801433854374
MS,PB_25,GCGACCAGTAGGCTGA-1,PB,0.0852599639906271
MS,PB_25,GCGAGAACACTAGTAC-1,PB,-0.3547679494350599
MS,PB_25,GCGAGAACACTTGGAT-1,PB,-0.2493142107297301
MS,PB_25,GCGCAACTCCACGTGG-1,PB,-0.07001801433854374
MS,PB_25,GCGCAGTAGACACTAA-1,PB,0.33156569839125666
MS,PB_25,GCGCCAACATATGCTG-1,PB,-0.04962930993912758
MS,PB_25,GCTCTGTGTAATAGCA-1-1,PB,-0.07001801433854374
MS,PB_25,GCTGCGAAGTTCGATC-1,PB,-0.19410520506060366
MS,PB_25,GCTGCTTAGTGATCGG-1,PB,0.3628856920606688
MS,PB_25,GCTTCCACATGAGCGA-1-1,PB,-0.017252173706963685
MS,PB_25,GCTTGAAGTCAGTGGA-1,PB,-0.19015890427293008
MS,PB_25,GGAAAGCAGCTCCTCT-1,PB,0.1889777073230896
MS,PB_25,GGAAAGCAGGTGATAT-1,PB,-0.12854103591871005
MS,PB_25,GGAACTTCAAGAGGCT-1,PB,0.3465979881331461
MS,PB_25,GGAATAATCACATAGC-1,PB,-0.07001801433854374
MS,PB_25,GGACAGAGTGTGAAAT-1,PB,-0.07001801433854374
MS,PB_25,GGACGTCAGAAGAAGC-1,PB,0.12849758088757304
MS,PB_25,GGACGTCAGCAGACTG-1,PB,-0.07001801433854374
MS,PB_25,GGACGTCAGTTACCCA-1,PB,0.1673675051512067
MS,PB_25,GGACGTCGTTCCACGG-1,PB,0.1350705231269019
MS,PB_25,GGACGTCTCACATACG-1,PB,-0.25912904097007067
MS,PB_25,GGAGCAAAGAATAGGG-1-1,PB,0.3553402561847684
MS,PB_25,GGAGCAAAGCTCCTCT-1,PB,-0.30503781901318094
MS,PB_25,GGATGTTCAGACGCAA-1-1,PB,-0.07001801433854374
MS,PB_25,GGATGTTGTTCACGGC-1-1,PB,0.2529110953853884
MS,PB_25,GGATTACCAGTCACTA-1,PB,-0.07001801433854374
MS,PB_25,GGCGACTAGATTACCC-1,PB,-0.20098186511776434
MS,PB_25,GGCTCGAAGAGTCGGT-1,PB,0.17046271734001986
MS,PB_25,GGCTGGTGTAGGCATG-1,PB,-0.07001801433854374
MS,PB_25,GGGATGATCCGCATAA-1,PB,0.19245872780590126
MS,PB_25,GGGCATCGTATAGTAG-1,PB,0.2763456595565879
MS,PB_25,GGGCATCTCAACACAC-1,PB,0.21427853673472025
MS,PB_25,GGGTCTGAGGAGTACC-1,PB,-0.31175139620693504
MS,PB_25,GGGTTGCGTACCAGTT-1,PB,0.6813376667697769
MS,PB_25,GGTATTGTCAAAGACA-1,PB,-0.07001801433854374
MS,PB_25,GGTGCGTAGAGTGAGA-1,PB,0.2741039425641139
MS,PB_25,GGTGTTACATGGTCTA-1,PB,0.3016877392640804
MS,PB_25,GTAACGTCAGGGTACA-1,PB,-0.23698595300337302
MS,PB_25,GTAACGTGTAGAAAGG-1,PB,0.043935653724429875
MS,PB_25,GTACGTAAGTACACCT-1,PB,1.1854851882890944
MS,PB_25,GTACTCCTCATCACCC-1,PB,-0.07001801433854374
MS,PB_25,GTACTTTCAAGGGTCA-1,PB,0.5664931534654832
MS,PB_25,GTACTTTGTCATTAGC-1,PB,0.1602697599110611
MS,PB_25,GTAGTCAAGCCACTAT-1,PB,0.2570739340587523
MS,PB_25,GTATTCTTCTGGTATG-1,PB,-0.27690180605660103
MS,PB_25,GTCAAGTCAATGAATG-1,PB,-0.07001801433854374
MS,PB_25,GTCAAGTCATGCTAGT-1,PB,0.26377357403514934
MS,PB_25,GTCACGGCATACAGCT-1,PB,-0.19633138583166948
MS,PB_25,GTCCTCACACCCATGG-1,PB,0.17240757229107354
MS,PB_25,GTCGGGTGTGGACGAT-1,PB,-0.07001801433854374
MS,PB_25,GTCGGGTTCTGATACG-1,PB,-0.08649245079283795
MS,PB_25,GTCGTAAAGTAAGTAC-1,PB,0.35955695501394497
MS,PB_25,GTCGTAACAGTCGATT-1,PB,0.1766624001074196
MS,PB_25,GTCTCGTCATCACAAC-1,PB,-0.4110999633273455
MS,PB_25,GTGAAGGAGGCATGGT-1,PB,-0.07001801433854374
MS,PB_25,GTGAAGGAGGGTGTTG-1,PB,-0.27867144136103394
MS,PB_25,GTGAAGGGTGTGACGA-1,PB,-0.07001801433854374
MS,PB_25,GTGCAGCAGGGATCTG-1,PB,0.010871172881773925
MS,PB_25,GTGCTTCCAGATGGCA-1,PB,0.09548043369463828
MS,PB_25,GTGGGTCAGATATACG-1,PB,0.5889743617369908
MS,PB_25,GTGGGTCTCATCGGAT-1,PB,0.16107195792031875
MS,PB_25,GTGTGCGGTGAAATCA-1,PB,-0.0048283652652209175
MS,PB_25,GTTAAGCAGTTTCCTT-1,PB,-0.23578954832822535
MS,PB_25,GTTACAGCATTTGCTT-1,PB,-0.07001801433854374
MS,PB_25,GTTACAGTCCCTGACT-1,PB,0.10173231911437937
MS,PB_25,GTTCGGGGTCTAGTCA-1,PB,0.12052592667468576
MS,PB_25,GTTCGGGGTTGTTTGG-1,PB,0.415126876246208
MS,PB_25,GTTCTCGTCGCACTCT-1,PB,-0.07001801433854374
MS,PB_25,GTTTCTAAGAGTAATC-1,PB,0.026591536976656234
MS,PB_25,GTTTCTAAGTGGTAGC-1,PB,0.26549994248025693
MS,PB_25,GTTTCTAAGTTTAGGA-1,PB,-0.0713733372510507
MS,PB_25,TAAACCGAGCGATTCT-1,PB,0.16049175606931868
MS,PB_25,TAAACCGCATGGGAAC-1,PB,-0.02958514812994342
MS,PB_25,TAAGAGATCTAGCACA-1,PB,-0.4203255609306155
MS,PB_25,TAAGTGCCAGTCGTGC-1-1,PB,-0.042611317853755534
MS,PB_25,TACACGAAGCAATCTC-1,PB,-0.19839373846830405
MS,PB_25,TACACGACAACGATGG-1,PB,-0.07001801433854374
MS,PB_25,TACACGAGTAGTACCT-1,PB,-0.18754440212461154
MS,PB_25,TACCTATAGATCCGAG-1,PB,0.13650666106891413
MS,PB_25,TACCTATAGATCGGGT-1,PB,0.42411042624449674
MS,PB_25,TACCTTACAGTGGGAT-1,PB,-0.24175276150554909
MS,PB_25,TACCTTAGTCTAGAGG-1-1,PB,-0.07001801433854374
MS,PB_25,TACGGATAGGTAGCTG-1,PB,0.10064400717166574
MS,PB_25,TACGGATCATGGTTGT-1,PB,0.17213146300452303
MS,PB_25,TACGGATGTCATATGC-1,PB,0.12105746445686129
MS,PB_25,TACGGATTCCTTTCTC-1,PB,0.3153303018392902
MS,PB_25,TACTCATGTAAATACG-1,PB,-0.12732919954720442
MS,PB_25,TACTCATTCATAACCG-1,PB,-0.017068822496863183
MS,PB_25,TACTCGCAGCTGTTCA-1,PB,0.10910501105301951
MS,PB_25,TACTTACCATCACCCT-1,PB,-0.07001801433854374
MS,PB_25,TACTTGTAGGCTCATT-1,PB,0.6585708237384925
MS,PB_25,TACTTGTCACCGTTGG-1,PB,0.14238209126890633
MS,PB_25,TAGACCACAAGGGTCA-1-1,PB,0.24190352444224847
MS,PB_25,TAGAGCTTCAAAGACA-1,PB,0.13317132600856554
MS,PB_25,TAGCCGGGTCAAAGAT-1,PB,-0.025623835644243136
MS,PB_25,TAGGCATAGCTAGTGG-1,PB,0.01940879330783995
MS,PB_25,TATCAGGAGTGACATA-1,PB,0.33853813393418974
MS,PB_25,TATCAGGGTTTGACAC-1,PB,0.12481838229817191
MS,PB_25,TATGCCCAGATGTAAC-1,PB,-0.07001801433854374
MS,PB_25,TATTACCAGAAACGAG-1,PB,-0.32691813401419884
MS,PB_25,TCAATCTTCCAGTATG-1,PB,0.09419971262704838
MS,PB_25,TCAGCAAGTAGGGTAC-1,PB,-0.009888591122871746
MS,PB_25,TCAGCTCAGCTACCTA-1,PB,0.1767500735443572
MS,PB_25,TCAGCTCGTAAGAGAG-1,PB,0.050767822021754304
MS,PB_25,TCAGGTAAGATACACA-1,PB,-0.21249276942161957
MS,PB_25,TCAGGTACATACTCTT-1-1,PB,-0.2178136880685449
MS,PB_25,TCATTACGTGACGGTA-1,PB,-0.07001801433854374
MS,PB_25,TCATTTGCAAACAACA-1,PB,-0.026152511694905265
MS,PB_25,TCGAGGCAGGCATTGG-1,PB,-0.07001801433854374
MS,PB_25,TCGCGAGAGATCGGGT-1,PB,0.13762314321551702
MS,PB_25,TCGCGAGTCAGTCCCT-1,PB,0.04271860819523633
MS,PB_25,TCGGGACCAATCCAAC-1,PB,0.4863494649145851
MS,PB_25,TCGGGACCAGGTTTCA-1,PB,0.40243036269719035
MS,PB_25,TCGGTAAAGACAGACC-1,PB,-0.07001801433854374
MS,PB_25,TCGTACCAGGCTACGA-1,PB,-0.07001801433854374
MS,PB_25,TCGTACCTCTCAAACG-1,PB,0.6890118158970546
MS,PB_25,TCTATTGAGGCGATAC-1-1,PB,-0.07001801433854374
MS,PB_25,TCTGAGAAGTGGTCCC-1,PB,0.3321482880072833
MS,PB_25,TCTGAGAGTCCGAAGA-1,PB,-0.07001801433854374
MS,PB_25,TCTGAGAGTTGGAGGT-1,PB,-0.07001801433854374
MS,PB_25,TCTGGAACATGGTCTA-1,PB,-0.07001801433854374
MS,PB_25,TCTGGAAGTAGGGTAC-1,PB,-0.07001801433854374
MS,PB_25,TCTGGAATCTTGCATT-1,PB,0.30603683283227284
MS,PB_25,TCTTCGGAGCAATATG-1,PB,-0.22728075480376728
MS,PB_25,TGAAAGACAGCTCGCA-1,PB,-0.2455357700647258
MS,PB_25,TGAAAGATCGCTGATA-1,PB,0.13863281848130662
MS,PB_25,TGACAACAGAAGCCCA-1-1,PB,0.1818143242519035
MS,PB_25,TGACAACAGCGTAGTG-1,PB,-0.07001801433854374
MS,PB_25,TGACAACTCCGAGCCA-1,PB,-0.07001801433854374
MS,PB_25,TGACGGCCAACTGCTA-1,PB,0.44275155990582427
MS,PB_25,TGACTAGTCCACTCCA-1,PB,-0.18862545202512956
MS,PB_25,TGACTTTAGTTATCGC-1,PB,0.2397242628134853
MS,PB_25,TGACTTTCATAACCTG-1,PB,-0.07001801433854374
MS,PB_25,TGAGAGGAGAACAATC-1,PB,0.07394198666086156
MS,PB_25,TGAGAGGAGAGCCCAA-1,PB,-0.07001801433854374
MS,PB_25,TGAGAGGAGCCAACAG-1,PB,0.1315059677611903
MS,PB_25,TGAGCCGAGATCCGAG-1,PB,-0.07001801433854374
MS,PB_25,TGAGCCGAGCAGGCTA-1,PB,0.2115295370711224
MS,PB_25,TGAGCCGAGTTAACGA-1,PB,-0.20105623466667039
MS,PB_25,TGAGGGATCGTTTATC-1,PB,-0.29229478849024987
MS,PB_25,TGATTTCAGCAATATG-1,PB,0.41735585477335174
MS,PB_25,TGATTTCTCAGCAACT-1,PB,0.4435847079430021
MS,PB_25,TGATTTCTCAGCGATT-1,PB,-0.017197586510374913
MS,PB_25,TGCACCTTCAAACCGT-1,PB,0.3219559021281305
MS,PB_25,TGCCCATCATGGTCTA-1-2,PB,-0.07001801433854374
MS,PB_25,TGCCCTACACCTGGTG-1-1,PB,0.5005799058231867
MS,PB_25,TGCCCTACATCCAACA-1-2,PB,0.4496230309226182
MS,PB_25,TGCCCTATCTGCGACG-1,PB,0.004577108653586816
MS,PB_25,TGCGGGTTCTTACCTA-1,PB,0.1160202572690394
MS,PB_25,TGCGTGGTCGATGAGG-1,PB,-0.07001801433854374
MS,PB_25,TGCGTGGTCGGCCGAT-1,PB,0.10102655796057809
MS,PB_25,TGCTACCAGTGTACCT-1,PB,0.8665142802646845
MS,PB_25,TGCTACCAGTTTGCGT-1,PB,-0.07001801433854374
MS,PB_25,TGCTACCGTCGCTTTC-1,PB,0.47903622583433597
MS,PB_25,TGCTACCGTGCAGGTA-1,PB,0.36381877474161023
MS,PB_25,TGGCCAGTCATGCATG-1-1,PB,0.12708737866875605
MS,PB_25,TGGGAAGTCGAATGGG-1-1,PB,-0.07001801433854374
MS,PB_25,TGGTTAGGTATAGGTA-1,PB,-0.07001801433854374
MS,PB_25,TGGTTAGTCCAGTAGT-1,PB,0.31887183076641507
MS,PB_25,TGGTTCCAGATAGCAT-1,PB,-0.07001801433854374
MS,PB_25,TGGTTCCCACAACGTT-1,PB,1.0410086281421294
MS,PB_25,TGTATTCCACAAGCCC-1,PB,-0.12990845324169223
MS,PB_25,TGTATTCGTCCAACTA-1,PB,-0.13637194206356681
MS,PB_25,TGTCCCAAGGGTCGAT-1,PB,0.3412996343692704
MS,PB_25,TGTTCCGCAGCTTCGG-1,PB,-0.20669867275122508
MS,PB_25,TTAGGCACAGGAATCG-1,PB,-0.07001801433854374
MS,PB_25,TTAGGCAGTGAGGCTA-1,PB,-0.07001801433854374
MS,PB_25,TTATGCTAGTCCAGGA-1,PB,-0.07001801433854374
MS,PB_25,TTATGCTAGTCCCACG-1,PB,-0.07001801433854374
MS,PB_25,TTATGCTGTACGACCC-1,PB,-0.23306122721453856
MS,PB_25,TTCCCAGGTCGGATCC-1,PB,0.20793917448459523
MS,PB_25,TTCGGTCCAACGATGG-1,PB,-0.07001801433854374
MS,PB_25,TTCGGTCGTAGTACCT-1,PB,-0.07001801433854374
MS,PB_25,TTCGGTCGTCGCCATG-1,PB,0.045923622192968507
MS,PB_25,TTCGGTCGTCGCGAAA-1,PB,0.2837061186787764
MS,PB_25,TTCTACACACGACGAA-1,PB,-0.09642021282372944
MS,PB_25,TTCTACACACTGTGTA-1-1,PB,0.39462799507297425
MS,PB_25,TTCTACATCGGATGTT-1,PB,-0.07001801433854374
MS,PB_25,TTCTTAGCAATCAGAA-1,PB,0.2309857724552851
MS,PB_25,TTCTTAGTCTTAGAGC-1,PB,-0.07001801433854374
MS,PB_25,TTGAACGAGTTAGCGG-1,PB,-0.07001801433854374
MS,PB_25,TTGAACGCAGGTTTCA-1-1,PB,0.020624425259435315
MS,PB_25,TTGACTTGTGTCCTCT-1,PB,-0.24860523711440852
MS,PB_25,TTGACTTTCGAACGGA-1,PB,-0.07001801433854374
MS,PB_25,TTGCCGTTCCTGTACC-1,PB,-0.2902266396891486
MS,PB_25,TTGCGTCCATGGGACA-1,PB,-0.27547608535900947
MS,PB_25,TTGCGTCTCGAGCCCA-1,PB,-0.24040539207879072
MS,PB_25,TTGGCAAAGCTAGCCC-1,PB,-0.28663476990504083
MS,PB_25,TTTATGCTCGTTGCCT-1,PB,0.6570353884716159
MS,PB_25,TTTCCTCAGATGGCGT-1,PB,-0.27500988305810237
MS,PB_25,TTTGGTTTCCTTGCCA-1,PB,0.14163669135639625
MS,PB_25,TTTGTCAAGGCCATAG-1,PB,0.13231777384507717
MS,PB_27,AAACCTGGTAATAGCA-1,PB,-0.07001801433854374
MS,PB_27,AAAGCAACAAGGACTG-1,PB,0.05295139081066124
MS,PB_27,AAATGCCCAAACTGTC-1-1,PB,0.21431726806480494
MS,PB_27,AACACGTGTTATCACG-1,PB,0.02923656437550211
MS,PB_27,AACCGCGTCATCACCC-1,PB,-0.07001801433854374
MS,PB_27,AACGTTGTCTCGATGA-1,PB,0.14665271131901977
MS,PB_27,AACTCAGGTTCGCGAC-1,PB,-0.1570544425643822
MS,PB_27,AACTGGTAGGTAAACT-1,PB,-0.07001801433854374
MS,PB_27,AAGCCGCTCATGTCCC-1,PB,0.28353039876399183
MS,PB_27,AAGGCAGTCAGCACAT-1,PB,0.2833710164040208
MS,PB_27,AAGTCTGTCAAACCGT-1,PB,-0.21619132250277925
MS,PB_27,AATCGGTGTTAAAGTG-1-1,PB,0.32378488631755287
MS,PB_27,AATCGGTTCGATGAGG-1,PB,0.23221118680151465
MS,PB_27,ACACCGGGTGCAACTT-1,PB,-0.2098075140101249
MS,PB_27,ACAGCCGAGATATGCA-1,PB,0.1478400116242788
MS,PB_27,ACAGCTAGTGGGTATG-1,PB,-0.3481587893070674
MS,PB_27,ACATACGTCGTTACGA-1,PB,-0.07001801433854374
MS,PB_27,ACATCAGTCGAATCCA-1,PB,-0.5809293542155309
MS,PB_27,ACGAGGAGTCAAACTC-1,PB,-0.25289944294179884
MS,PB_27,ACGAGGATCCTGTACC-1,PB,-0.06703328377736804
MS,PB_27,ACGGAGACATATGAGA-1,PB,0.226112539133063
MS,PB_27,ACGGAGACATGACATC-1,PB,0.16919909243192402
MS,PB_27,ACGGCCAAGGACAGAA-1,PB,0.2836404245887763
MS,PB_27,ACGGGCTTCCTTGACC-1,PB,0.016394546836394568
MS,PB_27,ACGGGTCTCCCTAACC-1,PB,0.23078185382746644
MS,PB_27,ACGGGTCTCTTACCGC-1-1,PB,-0.07001801433854374
MS,PB_27,ACGTCAAGTTCTGGTA-1,PB,0.4992898369948665
MS,PB_27,ACTATCTGTCCAAGTT-1,PB,0.6090763789823416
MS,PB_27,ACTATCTTCGACGGAA-1,PB,-0.07001801433854374
MS,PB_27,ACTGAACCAAACGCGA-1,PB,-0.07001801433854374
MS,PB_27,ACTGAACCATGCCTAA-1,PB,-0.07001801433854374
MS,PB_27,ACTGAGTAGGCTAGGT-1,PB,0.09378081065524772
MS,PB_27,ACTGATGCACACAGAG-1,PB,0.9168561320832763
MS,PB_27,ACTGTCCTCAGCATGT-1,PB,0.06617274398267141
MS,PB_27,ACTTGTTCATCGGACC-1,PB,0.07812099956173636
MS,PB_27,AGACGTTGTAGCTGCC-1,PB,0.024301920680752487
MS,PB_27,AGACGTTTCGCGATCG-1,PB,0.20304684171346912
MS,PB_27,AGATCTGGTGGTACAG-1-1,PB,0.038145050499809596
MS,PB_27,AGATCTGTCCCGACTT-1,PB,-0.38986217253320005
MS,PB_27,AGATTGCTCTTAGCCC-1,PB,0.19379698903201015
MS,PB_27,AGCAGCCGTAGAAAGG-1,PB,-0.4625880734065414
MS,PB_27,AGCAGCCGTCGAGTTT-1-1,PB,0.6105449194468581
MS,PB_27,AGCGGTCAGTCCCACG-1,PB,-0.5756870162933453
MS,PB_27,AGCGGTCCAGTATGCT-1,PB,-0.016421115322908703
MS,PB_27,AGCTCTCAGCGCCTCA-1,PB,-0.15859420788013526
MS,PB_27,AGCTTGATCGTCCAGG-1-1,PB,-0.07001801433854374
MS,PB_27,AGGCCACAGTGTTAGA-1,PB,-0.07001801433854374
MS,PB_27,AGGCCACGTAGCCTCG-1,PB,0.6502223515759633
MS,PB_27,AGGCCGTGTCTCTTTA-1,PB,-0.2627363003165589
MS,PB_27,AGGGATGCAATCCGAT-1-1,PB,-0.1267041959025188
MS,PB_27,AGGTCCGAGGACTGGT-1,PB,0.4762539041108809
MS,PB_27,AGTAGTCGTGTTGAGG-1,PB,-0.07001801433854374
MS,PB_27,AGTCTTTCAACACGCC-1,PB,0.36923605186654024
MS,PB_27,AGTCTTTTCTTCATGT-1,PB,-0.21243521201648738
MS,PB_27,AGTGAGGGTCATATCG-1-1,PB,-0.07001801433854374
MS,PB_27,AGTGGGATCGGTGTCG-1,PB,0.1750831692394732
MS,PB_27,AGTGTCAAGGCGACAT-1,PB,0.0009982476294944642
MS,PB_27,AGTGTCACACATGACT-1,PB,-0.01572112938134732
MS,PB_27,AGTGTCATCTCACATT-1,PB,0.13352302554521187
MS,PB_27,AGTTGGTTCTGTCCGT-1,PB,0.1928869477532911
MS,PB_27,ATAACGCGTGCACCAC-1,PB,0.021766740761104457
MS,PB_27,ATAACGCTCTTAACCT-1,PB,-0.07001801433854374
MS,PB_27,ATAGACCCAGTAAGCG-1,PB,-0.16892727264132001
MS,PB_27,ATAGACCGTCTACCTC-1-1,PB,-0.07001801433854374
MS,PB_27,ATAGACCGTGTTAAGA-1,PB,0.053158957972258954
MS,PB_27,ATCCACCTCACCGGGT-1,PB,0.19398828741439567
MS,PB_27,ATCTACTCATGACGGA-1,PB,-0.1733976083323356
MS,PB_27,ATGAGGGCATAAAGGT-1,PB,0.026432788570857294
MS,PB_27,ATGGGAGTCAGCTTAG-1,PB,0.30697518098692383
MS,PB_27,ATGGGAGTCCTTGCCA-1,PB,-0.18203226681381943
MS,PB_27,ATGTGTGCATGAGCGA-1,PB,-0.18484576395759236
MS,PB_27,ATTCTACGTGGCCCTA-1,PB,-0.07001801433854374
MS,PB_27,CAACTAGTCTGCGGCA-1-1,PB,0.11147539520794898
MS,PB_27,CAAGATCCACTTACGA-1,PB,0.7475876332478525
MS,PB_27,CAAGTTGTCGGCTTGG-1,PB,0.5320152767479926
MS,PB_27,CACAAACAGAGAGCTC-1,PB,0.42810413851547596
MS,PB_27,CACAAACAGTGGCACA-1,PB,-0.1673384101537831
MS,PB_27,CACACAAAGTGCAAGC-1,PB,0.1290769389034816
MS,PB_27,CACACAATCGTCTGCT-1,PB,-0.07001801433854374
MS,PB_27,CACACTCGTCTTGATG-1-2,PB,-0.3225305540535603
MS,PB_27,CACACTCTCAACACGT-1,PB,-0.07001801433854374
MS,PB_27,CACAGGCTCGTGGTCG-1,PB,-0.1632959557117047
MS,PB_27,CACAGTATCCACTGGG-1,PB,0.259556275244246
MS,PB_27,CACATAGCATGCCTTC-1,PB,0.029824800610272477
MS,PB_27,CACATAGTCGACCAGC-1,PB,-0.07001801433854374
MS,PB_27,CACATTTCATTTCAGG-1,PB,-0.3809986229228017
MS,PB_27,CACCAGGCACAGACTT-1,PB,-0.14880299132868088
MS,PB_27,CACCAGGTCCTGCCAT-1,PB,-0.048905724772336824
MS,PB_27,CACTCCAGTAACGCGA-1,PB,0.07140877019265089
MS,PB_27,CAGAATCAGCAATCTC-1,PB,-0.177597416998397
MS,PB_27,CAGAGAGCAATTCCTT-1,PB,0.33155971444842003
MS,PB_27,CAGATCAGTCAAACTC-1,PB,-0.07001801433854374
MS,PB_27,CAGCGACTCTGAGGGA-1,PB,0.16577923372454056
MS,PB_27,CAGCTGGGTTCGCTAA-1,PB,-0.22882297170489832
MS,PB_27,CAGCTGGTCCCAAGAT-1,PB,-0.07001801433854374
MS,PB_27,CAGTCCTAGAGACTTA-1,PB,-0.22255919753571263
MS,PB_27,CAGTCCTCAGTAAGCG-1-2,PB,0.2139414187403824
MS,PB_27,CATCAAGAGTAATCCC-1,PB,-0.07001801433854374
MS,PB_27,CATCAGAAGTAATCCC-1,PB,0.015116000372579486
MS,PB_27,CATCAGATCCACGAAT-1,PB,0.2112477317850588
MS,PB_27,CATCGAATCCGTAGTA-1,PB,0.44172860554939186
MS,PB_27,CATCGAATCCTTTCTC-1,PB,0.15313563624480903
MS,PB_27,CATTCGCCAGTTCATG-1,PB,-0.5289230098554755
MS,PB_27,CCACCTAGTCGCGAAA-1,PB,0.23408432904463347
MS,PB_27,CCATGTCCAGCTTAAC-1,PB,0.4658483151954198
MS,PB_27,CCGGGATGTCTGCAAT-1,PB,-0.406509752615082
MS,PB_27,CCGGTAGGTGACTACT-1,PB,-0.07001801433854374
MS,PB_27,CCGTACTTCGGAATCT-1-1,PB,0.10650602710486999
MS,PB_27,CCGTTCAGTCGAGTTT-1,PB,-0.07001801433854374
MS,PB_27,CCGTTCAGTTATCGGT-1,PB,0.0023347116692616038
MS,PB_27,CCTAGCTTCCGCGGTA-1,PB,0.27642046305312884
MS,PB_27,CCTCAGTTCGCTAGCG-1,PB,0.09446666280273844
MS,PB_27,CCTCTGACAGGCGATA-1,PB,0.1888393948664757
MS,PB_27,CCTTACGCACAGAGGT-1,PB,0.04861166358572735
MS,PB_27,CCTTACGTCAGAAATG-1,PB,0.054882127428029594
MS,PB_27,CCTTCCCCAACGATGG-1,PB,0.7148321852852025
MS,PB_27,CCTTCCCGTCACTGGC-1,PB,-0.07001801433854374
MS,PB_27,CCTTCGATCTGGGCCA-1,PB,0.13028137677885296
MS,PB_27,CCTTTCTGTCCGCTGA-1,PB,0.3607824250336768
MS,PB_27,CGAATGTTCCTAAGTG-1,PB,-0.07001801433854374
MS,PB_27,CGACCTTAGTGAATTG-1,PB,0.1121434292301041
MS,PB_27,CGACCTTAGTGGAGAA-1,PB,0.08820299804012129
MS,PB_27,CGACCTTGTCAGAATA-1,PB,0.15592657504550142
MS,PB_27,CGACTTCAGATCGATA-1,PB,0.27033657357120633
MS,PB_27,CGATTGATCCCAAGTA-1,PB,0.05416361337773965
MS,PB_27,CGCCAAGGTTCAGTAC-1,PB,-0.1258580288459005
MS,PB_27,CGCGGTAGTAAGGGAA-1-1,PB,0.4304052005332821
MS,PB_27,CGCGTTTTCTTTACAC-1,PB,-0.24753796673481152
MS,PB_27,CGCTGGACAATTGCTG-1,PB,0.11470630799570451
MS,PB_27,CGCTTCATCACTTCAT-1,PB,-0.1629322807764824
MS,PB_27,CGGAGTCGTCAGAAGC-1,PB,-0.00124041798968547
MS,PB_27,CGGAGTCGTGATGTGG-1,PB,-0.07001801433854374
MS,PB_27,CGGAGTCTCGCAGGCT-1,PB,-0.1746026805967979
MS,PB_27,CGTAGCGGTGTTGGGA-1,PB,-0.07001801433854374
MS,PB_27,CGTAGCGGTTGTTTGG-1,PB,-0.07001801433854374
MS,PB_27,CGTCACTCATTTCAGG-1-1,PB,0.14797292661415964
MS,PB_27,CGTCAGGGTTATGTGC-1,PB,-0.07001801433854374
MS,PB_27,CGTGTAACAGCCTATA-1,PB,-0.07001801433854374
MS,PB_27,CTAACTTAGTCCTCCT-1,PB,-0.1129977938252873
MS,PB_27,CTAACTTAGTCGAGTG-1,PB,-0.07001801433854374
MS,PB_27,CTAACTTGTACTTGAC-1,PB,-0.03707722945929924
MS,PB_27,CTAAGACCACCAGGTC-1,PB,0.21471691362127773
MS,PB_27,CTACGTCTCTGGAGCC-1,PB,-0.18738496433042037
MS,PB_27,CTAGAGTAGCTTCGCG-1,PB,0.5450991695387276
MS,PB_27,CTAGCCTTCCTGCTTG-1,PB,0.5012464930492843
MS,PB_27,CTCATTATCCTCTAGC-1,PB,-0.07001801433854374
MS,PB_27,CTCGAAAAGTACGTTC-1,PB,-0.07001801433854374
MS,PB_27,CTCGAGGCACTTGGAT-1,PB,-0.1454138539721162
MS,PB_27,CTCGAGGCAGACAGGT-1,PB,0.2066923347947154
MS,PB_27,CTCTAATTCTCGTATT-1,PB,-0.2669036530233551
MS,PB_27,CTCTACGCAGGTCCAC-1-1,PB,-0.07001801433854374
MS,PB_27,CTCTACGGTAAACGCG-1,PB,0.29497827076360844
MS,PB_27,CTCTACGGTAGAAGGA-1,PB,0.11708670377940264
MS,PB_27,CTCTACGGTCGCGGTT-1-1,PB,-0.23240801580590606
MS,PB_27,CTCTGGTAGGATTCGG-1,PB,-0.5225474227317088
MS,PB_27,CTCTGGTAGTATCTCG-1,PB,-0.07001801433854374
MS,PB_27,CTCTGGTTCCAAGCCG-1,PB,-0.07001801433854374
MS,PB_27,CTGATCCTCCCGACTT-1,PB,0.4476031636003072
MS,PB_27,CTGCTGTAGACTCGGA-1,PB,0.6359564316859061
MS,PB_27,CTGCTGTAGGGCACTA-1,PB,-0.5193593904190306
MS,PB_27,CTTACCGAGCGACGTA-1,PB,0.1766390580017927
MS,PB_27,CTTAGGAGTTTGCATG-1,PB,0.40340020404872623
MS,PB_27,CTTCTCTGTGTGCGTC-1,PB,0.6502223515759633
MS,PB_27,CTTCTCTGTTGATTCG-1,PB,-0.3018693774592725
MS,PB_27,GAACATCAGATGGGTC-1,PB,-0.32367503393040264
MS,PB_27,GAACGGAAGCGATATA-1,PB,-0.311728698231187
MS,PB_27,GAACGGAAGCGTAATA-1,PB,0.2204644914728737
MS,PB_27,GAATGAATCTCTTATG-1,PB,0.16654269916159287
MS,PB_27,GACACGCTCGCCTGAG-1,PB,0.009930141658920881
MS,PB_27,GACCAATTCCGGCACA-1,PB,-0.18291737301448605
MS,PB_27,GACGCGTAGTCGTTTG-1,PB,0.30220459754131923
MS,PB_27,GACGCGTGTGCCTGTG-1-1,PB,0.11318243584058223
MS,PB_27,GACTACAGTTAAGTAG-1,PB,-0.07001801433854374
MS,PB_27,GACTACAGTTGCCTCT-1,PB,0.1739806748964657
MS,PB_27,GACTACATCAACGAAA-1,PB,-0.1699724271777711
MS,PB_27,GATCGTATCGTTACAG-1,PB,-0.07001801433854374
MS,PB_27,GATCTAGGTCATTAGC-1,PB,0.08711901864794577
MS,PB_27,GATCTAGTCCAAATGC-1,PB,-0.1733546030700728
MS,PB_27,GATCTAGTCGGAAATA-1,PB,0.11989260181781884
MS,PB_27,GATGCTACACGAAGCA-1,PB,-0.38177620107087556
MS,PB_27,GCACATAAGCTAACAA-1,PB,0.1409521607995947
MS,PB_27,GCACATAAGCTCCCAG-1,PB,-0.20243764049284282
MS,PB_27,GCATGTAGTGTGAAAT-1,PB,0.24141460274522544
MS,PB_27,GCCAAATGTCAAGCGA-1,PB,0.18858633648198367
MS,PB_27,GCGACCAAGCTCTCGG-1-1,PB,-0.31566810735192347
MS,PB_27,GCGACCACACCTATCC-1,PB,-0.35545290924684647
MS,PB_27,GCGCAACAGGCTCTTA-1,PB,0.05760115552103374
MS,PB_27,GCGCCAAGTAGGAGTC-1-2,PB,-0.07001801433854374
MS,PB_27,GCGCGATAGTATTGGA-1,PB,0.3522339803590869
MS,PB_27,GCTCCTAAGGTGGGTT-1,PB,-0.4853476519044405
MS,PB_27,GCTCTGTCAAAGTCAA-1-1,PB,-0.05460437108735412
MS,PB_27,GCTGGGTCAGGTTTCA-1,PB,-0.42314012482642915
MS,PB_27,GCTTCCACAATCACAC-1,PB,0.18069161279907697
MS,PB_27,GCTTCCATCCGCGCAA-1-1,PB,-0.26125551949917236
MS,PB_27,GGACAAGGTTACGCGC-1,PB,-0.04282096482793352
MS,PB_27,GGACGTCCAAAGGAAG-1,PB,0.29819617472334004
MS,PB_27,GGATGTTAGTCCTCCT-1,PB,-0.07001801433854374
MS,PB_27,GGATGTTTCAGCATGT-1,PB,-0.1113827999375175
MS,PB_27,GGATGTTTCTTGAGGT-1,PB,0.37432616738908736
MS,PB_27,GGCAATTTCACTCCTG-1,PB,0.4982510678691601
MS,PB_27,GGCAATTTCTGGAGCC-1,PB,0.09259580214516705
MS,PB_27,GGCTCGAAGGCTCTTA-1,PB,-0.07001801433854374
MS,PB_27,GGCTCGACACATGTGT-1,PB,0.13172868304006166
MS,PB_27,GGCTCGATCTTTAGGG-1,PB,0.43361272334563233
MS,PB_27,GGCTGGTCAATGTAAG-1,PB,-0.42284766659568124
MS,PB_27,GGGACCTTCTCTGCTG-1,PB,-0.1683271391322442
MS,PB_27,GGGAGATCACTTGGAT-1,PB,-0.05735021447074563
MS,PB_27,GGGATGAAGACTAGAT-1,PB,-0.07001801433854374
MS,PB_27,GGGTTGCAGAGCTGGT-1,PB,-0.07001801433854374
MS,PB_27,GGTATTGAGTGAATTG-1,PB,0.25194381125642124
MS,PB_27,GGTATTGCAGCCTTGG-1,PB,-0.164406020247789
MS,PB_27,GGTATTGGTCTAGTCA-1,PB,0.021616216903466982
MS,PB_27,GGTATTGTCATCTGCC-1-1,PB,-0.28425038698886873
MS,PB_27,GGTGAAGAGCTAACAA-1,PB,0.13975636200796257
MS,PB_27,GGTGTTACAGCGAACA-1,PB,0.10962351277353612
MS,PB_27,GTACGTAAGCTGATAA-1,PB,0.11211210909628797
MS,PB_27,GTACTCCAGACGCACA-1,PB,0.43117608917927347
MS,PB_27,GTACTCCTCACGGTTA-1,PB,0.1788078150070759
MS,PB_27,GTCAAGTCAAAGGAAG-1,PB,-0.07001801433854374
MS,PB_27,GTCACGGGTCGCATCG-1,PB,-0.15955320110222113
MS,PB_27,GTCACGGTCACATGCA-1,PB,0.16667971327573472
MS,PB_27,GTCATTTGTTCTCATT-1,PB,0.06158891376570863
MS,PB_27,GTCATTTTCTACTATC-1,PB,-0.07761862558110555
MS,PB_27,GTCCTCAAGAGTAATC-1,PB,0.14273019044595586
MS,PB_27,GTCGGGTAGTCAAGGC-1,PB,0.0606062923137986
MS,PB_27,GTCGTAAAGGCGATAC-1,PB,0.08292008927636249
MS,PB_27,GTCGTAATCTCCAACC-1,PB,0.10855651591084427
MS,PB_27,GTCTCGTCATGACGGA-1,PB,0.30558601953085646
MS,PB_27,GTGCAGCCAAGTCTAC-1,PB,0.1635335111366989
MS,PB_27,GTGCAGCTCGGAATCT-1,PB,-0.07001801433854374
MS,PB_27,GTGCGGTCACCATGTA-1,PB,0.25951499314150017
MS,PB_27,GTGCGGTTCCGTCAAA-1,PB,0.014783657222335957
MS,PB_27,GTGCTTCGTTTGACAC-1,PB,-0.1652101221466058
MS,PB_27,GTGCTTCTCACAACGT-1,PB,0.2640475390223765
MS,PB_27,GTGTGCGAGTCGCCGT-1,PB,0.17355911622724363
MS,PB_27,GTTAAGCTCAGCATGT-1,PB,0.18764219501814286
MS,PB_27,GTTCATTTCTTACCGC-1,PB,0.2855681929350882
MS,PB_27,GTTCGGGCACGACTCG-1,PB,0.10372695661402534
MS,PB_27,GTTCTCGGTAGAAGGA-1-1,PB,0.6824443678537957
MS,PB_27,GTTTCTAAGTGTACCT-1,PB,-0.07001801433854374
MS,PB_27,TAAGTGCAGGTTACCT-1,PB,-0.07001801433854374
MS,PB_27,TACACGAAGACTAGGC-1,PB,0.8029375859675653
MS,PB_27,TACACGATCTACTATC-1,PB,0.1199632726546301
MS,PB_27,TACACGATCTATCCCG-1,PB,-0.3604470230905189
MS,PB_27,TACAGTGTCCAACCAA-1-2,PB,-0.20131406016903677
MS,PB_27,TACCTATTCGTGACAT-1,PB,-0.18410484300158098
MS,PB_27,TACCTTATCCCTTGCA-1,PB,0.26640898851992956
MS,PB_27,TACGGGCAGCCTATGT-1-1,PB,0.11196188042829136
MS,PB_27,TACTCATAGACTAAGT-1,PB,0.17077775122536099
MS,PB_27,TACTCATGTACAGCAG-1,PB,-0.07001801433854374
MS,PB_27,TAGAGCTTCAAAGTAG-1,PB,0.1745017664566071
MS,PB_27,TAGGCATCACCAGATT-1,PB,-0.24076521092981268
MS,PB_27,TAGGCATTCGCTTGTC-1,PB,-0.10004169188709046
MS,PB_27,TATCTCAAGGTGACCA-1,PB,-0.12212099874425328
MS,PB_27,TATTACCAGGGCTTCC-1-2,PB,0.5087451544206897
MS,PB_27,TCACGAACACGCCAGT-1,PB,-0.11959536106127042
MS,PB_27,TCAGGATAGCTAACAA-1,PB,0.2666572875988615
MS,PB_27,TCGAGGCAGTGTCTCA-1,PB,0.21751377495805627
MS,PB_27,TCGCGAGCACCAACCG-1,PB,-0.12830981272604025
MS,PB_27,TCGCGTTGTCTGGAGA-1,PB,-0.07001801433854374
MS,PB_27,TCGGGACCACCATCCT-1,PB,0.12037066448566251
MS,PB_27,TCGGTAAGTTGGACCC-1,PB,-0.07001801433854374
MS,PB_27,TCGTACCGTGTGGTTT-1-1,PB,-0.07001801433854374
MS,PB_27,TCGTAGAAGCATGGCA-1,PB,0.390759631980316
MS,PB_27,TCTATTGGTCACACGC-1,PB,-0.32213969949597987
MS,PB_27,TCTATTGGTGACGCCT-1,PB,-0.07001801433854374
MS,PB_27,TCTGAGATCGGTGTTA-1,PB,0.21986683800851517
MS,PB_27,TGAAAGAAGAGGGCTT-1-1,PB,-0.2585778988227006
MS,PB_27,TGACAACGTCCAGTGC-1,PB,0.03465696797956719
MS,PB_27,TGACGGCAGAGTTGGC-1-1,PB,-0.07001801433854374
MS,PB_27,TGACGGCAGCACCGTC-1,PB,0.1755670052069541
MS,PB_27,TGACGGCCACAGCCCA-1,PB,0.12530887062370671
MS,PB_27,TGACTTTGTAACGTTC-1,PB,-0.04019493319138319
MS,PB_27,TGACTTTTCAGTGTTG-1-1,PB,-0.07001801433854374
MS,PB_27,TGAGCATCATAGGATA-1,PB,-0.07001801433854374
MS,PB_27,TGAGCCGTCTATCGCC-1,PB,0.21793508296271166
MS,PB_27,TGCACCTCAGCTCGCA-1,PB,-0.05855600471195739
MS,PB_27,TGCCCATCACAGAGGT-1,PB,-0.2426697268149774
MS,PB_27,TGCGCAGTCGTGGTCG-1-1,PB,-0.23487305024238775
MS,PB_27,TGCGTGGAGTCTCCTC-1,PB,0.4884995791993771
MS,PB_27,TGGCCAGTCCACGCAG-1,PB,0.05436183351953544
MS,PB_27,TGGCGCACAGCCTTTC-1,PB,0.013286304015729167
MS,PB_27,TGGGAAGAGCTCCTTC-1,PB,-0.5843448370582813
MS,PB_27,TGTATTCCAGTATCTG-1,PB,0.10264423991942014
MS,PB_27,TGTCCCATCCCTCTTT-1,PB,0.4464805148212318
MS,PB_27,TGTGGTAGTTCCATGA-1,PB,-0.07001801433854374
MS,PB_27,TGTGTTTAGATCCCAT-1,PB,0.2073143074333334
MS,PB_27,TTAACTCTCGTAGATC-1,PB,-0.27434222181087325
MS,PB_27,TTAGGCACAAGGTTCT-1,PB,0.2612652015496749
MS,PB_27,TTAGTTCCACCTCGGA-1,PB,-0.07001801433854374
MS,PB_27,TTCCCAGTCGTCTGAA-1,PB,-0.07001801433854374
MS,PB_27,TTCGAAGTCCAAGCCG-1,PB,0.4510548720209907
MS,PB_27,TTCGGTCAGTATTGGA-1,PB,0.7869839725718333
MS,PB_27,TTCTACAGTGTGACGA-1-2,PB,-0.07001801433854374
MS,PB_27,TTCTCCTTCGTACGGC-1,PB,-0.05181190582850788
MS,PB_27,TTGAACGAGCGCTTAT-1,PB,-0.07001801433854374
MS,PB_27,TTGCCGTAGTCCAGGA-1-1,PB,0.0947160441531365
MS,PB_27,TTGCCGTCAAGCCTAT-1,PB,0.3196845484677719
MS,PB_27,TTGCCGTGTACTCTCC-1,PB,0.1476146270378665
MS,PB_27,TTGGAACAGACGCTTT-1,PB,-0.3471745588965448
MS,PB_27,TTGTAGGAGATGTAAC-1,PB,-0.17328300805421598
MS,PB_27,TTTCCTCAGATACACA-1,PB,0.0534042686120206
MS,PB_27,TTTGGTTAGAGCCCAA-1,PB,-0.07001801433854374
MS,PB_28,AAACCTGCATGGTTGT-1-1,PB,0.1458588263085798
MS,PB_28,AAACGGGAGGACATTA-1,PB,-0.07001801433854374
MS,PB_28,AAACGGGTCCAAGTAC-1,PB,0.2540320206687621
MS,PB_28,AAAGCAAAGACCTAGG-1,PB,-0.07001801433854374
MS,PB_28,AAAGTAGTCTCTAAGG-1,PB,-0.5014956209348486
MS,PB_28,AAATGCCAGTCTCCTC-1,PB,-0.3082624023154687
MS,PB_28,AACACGTAGAAGAAGC-1,PB,0.17766755902074208
MS,PB_28,AACCATGCATCCGGGT-1,PB,-0.07001801433854374
MS,PB_28,AACTCTTAGAGCTATA-1-1,PB,0.0982452823181668
MS,PB_28,AACTCTTCAAAGTGCG-1,PB,-0.9571219451185596
MS,PB_28,AACTCTTGTATGCTTG-1,PB,-0.07001801433854374
MS,PB_28,AACTGGTGTTATCCGA-1,PB,-0.07001801433854374
MS,PB_28,AACTGGTTCTGTACGA-1-1,PB,-0.20525471638214304
MS,PB_28,AAGACCTCAAGAAAGG-1-1,PB,-0.4434345437527667
MS,PB_28,AAGCCGCCAGCTTCGG-1,PB,0.21303721552810176
MS,PB_28,AAGGCAGAGTAGATGT-1,PB,-0.07001801433854374
MS,PB_28,AAGGTTCAGAGACTAT-1,PB,0.3382634923488445
MS,PB_28,AAGGTTCAGGACAGAA-1,PB,-0.09627549733718452
MS,PB_28,ACACCGGAGCTAAACA-1,PB,-0.05894834028879784
MS,PB_28,ACACCGGAGTACGCGA-1-2,PB,-0.22685794444188398
MS,PB_28,ACACCGGTCCGAATGT-1,PB,-0.2174006570166207
MS,PB_28,ACACCGGTCGATAGAA-1,PB,-0.22628148493763028
MS,PB_28,ACATCAGGTCATCGGC-1,PB,0.00600435390418032
MS,PB_28,ACATGGTGTGACGGTA-1,PB,0.28045668206584334
MS,PB_28,ACCAGTAAGCTCCTTC-1,PB,-0.07001801433854374
MS,PB_28,ACCCACTGTTCTGTTT-1,PB,0.13896076373885763
MS,PB_28,ACGAGCCAGTGTTTGC-1,PB,-0.3166657329889166
MS,PB_28,ACGATACGTACTTAGC-1,PB,0.297017928245323
MS,PB_28,ACGATACGTGCGGTAA-1,PB,-0.27644548467554725
MS,PB_28,ACGCCAGGTCTCTTAT-1,PB,-0.013575306232945656
MS,PB_28,ACTGATGAGATGTGTA-1,PB,-0.36036026235268526
MS,PB_28,ACTGTCCGTCGGGTCT-1,PB,-0.049700536098955236
MS,PB_28,ACTTACTCAGCCTTTC-1,PB,-0.1586451949512425
MS,PB_28,ACTTACTGTCCTCCAT-1,PB,0.18413885040493297
MS,PB_28,AGACGTTCAAAGTGCG-1,PB,1.4103716793053174
MS,PB_28,AGATCTGCAAGTAGTA-1,PB,-0.07001801433854374
MS,PB_28,AGCTCCTAGGGCACTA-1,PB,0.04920617929403383
MS,PB_28,AGCTCCTGTCGACTGC-1,PB,0.121134496239906
MS,PB_28,AGGCCACTCCACGAAT-1,PB,-0.3045891417167432
MS,PB_28,AGGTCATAGTGAAGAG-1,PB,-0.2673420206913541
MS,PB_28,AGGTCATAGTTGAGAT-1,PB,-0.21484795592681774
MS,PB_28,AGGTCATCATTTGCTT-1,PB,-0.22181999558387305
MS,PB_28,AGTCTTTCAATCGGTT-1,PB,-0.07001801433854374
MS,PB_28,AGTGAGGAGCCGATTT-1,PB,0.1072869657390413
MS,PB_28,AGTGTCATCAACGGCC-1,PB,0.7981055811871139
MS,PB_28,AGTTGGTAGATATGCA-1,PB,-0.5101855191384226
MS,PB_28,ATAACGCGTGACGGTA-1,PB,-0.07001801433854374
MS,PB_28,ATAAGAGTCTGTCTCG-1,PB,-0.07001801433854374
MS,PB_28,ATAGACCCAGATGGGT-1-1,PB,-0.20924498748705306
MS,PB_28,ATAGACCGTCTCGTTC-1,PB,-0.2782246239440904
MS,PB_28,ATCATCTCAATCAGAA-1,PB,0.1789469223586667
MS,PB_28,ATCATGGAGAGGACGG-1,PB,-0.19209479449739403
MS,PB_28,ATCATGGAGTGCGATG-1,PB,-0.07001801433854374
MS,PB_28,ATCATGGGTAAATACG-1,PB,-0.06955243634753684
MS,PB_28,ATCATGGGTAGAGTGC-1,PB,-0.07001801433854374
MS,PB_28,ATCATGGTCATCTGCC-1,PB,-0.44832952555146066
MS,PB_28,ATCCGAAGTCCGACGT-1,PB,0.49888759706504765
MS,PB_28,ATCGAGTAGACTGTAA-1,PB,0.09495495996176413
MS,PB_28,ATCGAGTGTTAGATGA-1,PB,0.18770745382427076
MS,PB_28,ATCTGCCGTATGGTTC-1,PB,-0.2773912945259547
MS,PB_28,ATGAGGGTCAAACCAC-1,PB,-0.3187368556611262
MS,PB_28,ATGTGTGGTCTCCATC-1,PB,-0.44934913355835143
MS,PB_28,ATTACTCAGAAGGTTT-1,PB,-0.07001801433854374
MS,PB_28,ATTGGACAGAGACTAT-1,PB,0.4037916711295898
MS,PB_28,CAAGGCCAGTCTTGCA-1,PB,-0.22318622189952267
MS,PB_28,CAAGGCCGTGCTGTAT-1,PB,-0.604633840641022
MS,PB_28,CAAGTTGTCAACCAAC-1,PB,0.7060928296579875
MS,PB_28,CACAAACTCCGTTGCT-1-1,PB,0.2795576409085046
MS,PB_28,CACAGTATCTGTCTAT-1,PB,0.035149821064918055
MS,PB_28,CACATAGGTCTCATCC-1,PB,-0.06085879152348748
MS,PB_28,CAGAGAGTCATTGCGA-1,PB,-0.07001801433854374
MS,PB_28,CAGATCATCATTCACT-1,PB,-0.18852744868202534
MS,PB_28,CAGATCATCGGTCCGA-1,PB,0.04551758415596447
MS,PB_28,CAGCATACAATAACGA-1,PB,0.1533344705257001
MS,PB_28,CAGCATACATCGATGT-1,PB,-0.151797714955836
MS,PB_28,CAGCATATCGGCTACG-1,PB,-0.07001801433854374
MS,PB_28,CAGCCGATCTCATTCA-1,PB,0.16671940308258845
MS,PB_28,CAGCCGATCTGCGACG-1,PB,-0.3585531720618603
MS,PB_28,CAGCTAAAGGTGGGTT-1,PB,0.28308339745351835
MS,PB_28,CAGCTGGAGCTAGGCA-1-2,PB,-0.16998572684162655
MS,PB_28,CAGCTGGGTTACAGAA-1-1,PB,0.1529730629441619
MS,PB_28,CAGGTGCAGGCTCAGA-1,PB,0.5437397604919617
MS,PB_28,CAGTCCTCAGTTCATG-1-1,PB,-0.07001801433854374
MS,PB_28,CAGTCCTGTTCACCTC-1,PB,-0.0789279193095882
MS,PB_28,CAGTCCTTCCTGCTTG-1,PB,0.5908474850927152
MS,PB_28,CATCAAGGTGCTTCTC-1,PB,-0.07001801433854374
MS,PB_28,CATGACACACTGTCGG-1,PB,-0.22086767732535484
MS,PB_28,CATGACAGTCTGGAGA-1,PB,0.09599248393802585
MS,PB_28,CCACCTAGTTACGGAG-1,PB,-0.0462339427698822
MS,PB_28,CCACGGACATGGTTGT-1,PB,0.2911827828689507
MS,PB_28,CCGGGATCATCACGTA-1-2,PB,-0.24929510381557723
MS,PB_28,CCGGGATCATTGGCGC-1,PB,-0.4156181117524387
MS,PB_28,CCGGGATGTGTCTGAT-1,PB,0.48576077449798455
MS,PB_28,CCGTGGATCAGCATGT-1,PB,-0.4836885216822397
MS,PB_28,CCTAAAGAGCTAACAA-1-1,PB,-0.3773383783445444
MS,PB_28,CCTAGCTTCTTAGAGC-1,PB,0.09783314913813072
MS,PB_28,CCTCTGAAGGCTCAGA-1,PB,0.29923751183531694
MS,PB_28,CCTTCGAAGTGCTGCC-1,PB,-0.416171559835412
MS,PB_28,CCTTTCTGTCTAGCCG-1-1,PB,0.18407354397661554
MS,PB_28,CGAACATTCAGTCCCT-1,PB,0.1253714376247242
MS,PB_28,CGAGAAGAGCAGCCTC-1,PB,0.5482311953566918
MS,PB_28,CGATCGGGTAAATGTG-1,PB,-0.2190410896293115
MS,PB_28,CGATGGCCAAGAAGAG-1,PB,0.49985751925946537
MS,PB_28,CGATGTACAAGAAGAG-1,PB,0.09954939831726271
MS,PB_28,CGATGTAGTCTGCCAG-1,PB,0.07182859335327292
MS,PB_28,CGATTGACATCGATGT-1,PB,-0.04957122425098298
MS,PB_28,CGCGGTATCTGCCCTA-1-1,PB,-0.18640843420126765
MS,PB_28,CGCTATCCAAGCTGAG-1,PB,-0.3737561817214853
MS,PB_28,CGGACTGTCCTTGGTC-1,PB,-0.07001801433854374
MS,PB_28,CGGCTAGAGACACTAA-1,PB,-0.07001801433854374
MS,PB_28,CGGGTCACACTGTTAG-1,PB,-0.28578713650782916
MS,PB_28,CGTAGCGAGTCCGGTC-1,PB,-0.07001801433854374
MS,PB_28,CGTCCATGTCAAGCGA-1,PB,-0.20464274084432818
MS,PB_28,CGTCCATTCGCATGGC-1,PB,-0.19171847332095468
MS,PB_28,CGTGTAAAGACTGTAA-1,PB,-0.07001801433854374
MS,PB_28,CGTTAGAAGGGCATGT-1,PB,-0.2562858935460384
MS,PB_28,CGTTCTGAGGTAAACT-1-1,PB,0.14121377021025458
MS,PB_28,CGTTGGGGTTGGGACA-1,PB,-0.07001801433854374
MS,PB_28,CTAAGACAGAAACCTA-1,PB,-0.07001801433854374
MS,PB_28,CTAAGACCAGTATGCT-1,PB,-0.40171024589270654
MS,PB_28,CTAAGACGTTGAGGTG-1,PB,0.6996424726142471
MS,PB_28,CTAGCCTAGACGCAAC-1,PB,0.33237465930339044
MS,PB_28,CTAGCCTAGTTACCCA-1,PB,-0.07001801433854374
MS,PB_28,CTAGCCTGTTAAGTAG-1,PB,-0.2762901913547429
MS,PB_28,CTCGGGATCATGCATG-1,PB,0.03784129251666065
MS,PB_28,CTGAAACAGACTGTAA-1,PB,-0.07001801433854374
MS,PB_28,CTGAAGTGTTCCTCCA-1,PB,0.275090120975651
MS,PB_28,CTGATAGTCCTGTACC-1,PB,-0.2092162871542433
MS,PB_28,CTGCGGACAATGGAAT-1,PB,0.03504458378259501
MS,PB_28,CTGCGGAGTTCAACCA-1,PB,0.23284057381641537
MS,PB_28,CTGGTCTAGTTGCAGG-1,PB,-0.07001801433854374
MS,PB_28,CTGTTTAGTGAAATCA-1,PB,-0.07001801433854374
MS,PB_28,CTTCTCTCACCTGGTG-1,PB,-0.20145453094907198
MS,PB_28,CTTGGCTCAGTATCTG-1,PB,0.03357439326036341
MS,PB_28,GAACGGACACCAGGCT-1,PB,0.14777876236128065
MS,PB_28,GAACGGATCGAACGGA-1,PB,-0.040855169390399015
MS,PB_28,GAAGCAGAGCTGTTCA-1,PB,-0.07001801433854374
MS,PB_28,GAAGCAGGTATATGGA-1,PB,-0.15955320110222113
MS,PB_28,GACAGAGCAAACTGTC-1,PB,-0.47304059398124865
MS,PB_28,GACAGAGGTTCTGGTA-1,PB,-0.2754210059996162
MS,PB_28,GACGTGCCAGACTCGC-1,PB,-0.07001801433854374
MS,PB_28,GACGTTACAAGACGTG-1,PB,-0.21295013511053265
MS,PB_28,GACGTTAGTCCAACTA-1,PB,-0.3691275266978625
MS,PB_28,GAGGTGAAGTGTTTGC-1,PB,-0.05460060369099277
MS,PB_28,GAGTCCGCACACAGAG-1,PB,-0.2039327820687211
MS,PB_28,GAGTCCGTCATGTGGT-1,PB,-0.07001801433854374
MS,PB_28,GATGAAACATTTCACT-1-1,PB,-0.07001801433854374
MS,PB_28,GATGAGGGTTGACGTT-1-1,PB,-0.23414123443324986
MS,PB_28,GATTCAGCAAGCTGTT-1,PB,0.18184869240288098
MS,PB_28,GCACATACAACTGCTA-1,PB,-0.30254330350701475
MS,PB_28,GCACATAGTCTAGTGT-1,PB,-0.07001801433854374
MS,PB_28,GCATGATTCCCAAGTA-1,PB,-0.07001801433854374
MS,PB_28,GCATGTATCACTCCTG-1,PB,0.8308145579440839
MS,PB_28,GCGACCAAGCTAAGAT-1,PB,-0.19759652263883037
MS,PB_28,GCGCAACAGTCAAGGC-1,PB,-0.07001801433854374
MS,PB_28,GCGCAGTCAGTTCCCT-1,PB,0.26754380693417595
MS,PB_28,GCGCGATCAATGTTGC-1,PB,-0.1901791201640966
MS,PB_28,GCTGCAGAGTAGCGGT-1,PB,0.1504403409731992
MS,PB_28,GCTGCGATCTAACCGA-1,PB,-0.07001801433854374
MS,PB_28,GGAAAGCTCACAACGT-1,PB,-0.23293789130236978
MS,PB_28,GGACATTGTGAAATCA-1,PB,-0.42914780613236464
MS,PB_28,GGACGTCCACTACAGT-1,PB,-0.07001801433854374
MS,PB_28,GGATGTTAGATCTGCT-1,PB,-0.2108164890377205
MS,PB_28,GGATGTTTCTCGGACG-1,PB,0.19311260579602182
MS,PB_28,GGATTACCACGACGAA-1,PB,-0.07001801433854374
MS,PB_28,GGCAATTCAGTAACGG-1,PB,0.1933853672177797
MS,PB_28,GGCCGATGTTGGTGGA-1,PB,0.5479807325524314
MS,PB_28,GGCGTGTGTTAAGTAG-1,PB,-0.08254993429306313
MS,PB_28,GGCTGGTAGCGTCAAG-1,PB,0.03302936610026598
MS,PB_28,GGCTGGTGTCGCATCG-1,PB,-0.07001801433854374
MS,PB_28,GGGCACTGTTTGCATG-1,PB,-0.002784568393451259
MS,PB_28,GGGTCTGCATAGAAAC-1,PB,0.12715100854569816
MS,PB_28,GGGTTGCAGAGCAATT-1,PB,-0.07001801433854374
MS,PB_28,GGGTTGCAGTGCTGCC-1,PB,-0.07001801433854374
MS,PB_28,GGGTTGCTCATGTGGT-1,PB,-0.6481523248412618
MS,PB_28,GGGTTGCTCGTTACAG-1,PB,-0.21982693590487695
MS,PB_28,GGTGAAGCAGATCTGT-1,PB,0.22532682664021686
MS,PB_28,GGTGAAGCATTGAGCT-1,PB,0.25729623055177814
MS,PB_28,GTAACGTTCTCGAGTA-1,PB,-0.2955195709912923
MS,PB_28,GTACTCCAGTTACGGG-1,PB,0.20562181717429615
MS,PB_28,GTACTCCGTCATGCAT-1,PB,-0.07001801433854374
MS,PB_28,GTCAAGTAGTCCTCCT-1-1,PB,-0.07001801433854374
MS,PB_28,GTCACGGAGACCCACC-1,PB,-0.4463314318224057
MS,PB_28,GTCACGGAGCGATTCT-1,PB,0.20859497739223684
MS,PB_28,GTCCTCAAGGCTCAGA-1-1,PB,0.7472314727285949
MS,PB_28,GTCGTAAAGGACCACA-1,PB,-0.24478506700125835
MS,PB_28,GTCTCGTCATCACAAC-1-1,PB,-0.20874994119499762
MS,PB_28,GTGCAGCAGAGGGCTT-1,PB,-0.07001801433854374
MS,PB_28,GTGGGTCTCTCTGAGA-1-1,PB,-0.2938455465908348
MS,PB_28,GTTAAGCTCCACGCAG-1,PB,-0.07001801433854374
MS,PB_28,GTTCATTAGAAGGACA-1,PB,0.38763472421146483
MS,PB_28,GTTCGGGTCGTAGGAG-1,PB,-0.07001801433854374
MS,PB_28,TAAGAGACATTGTGCA-1,PB,-0.07001801433854374
MS,PB_28,TACACGAAGAGTTGGC-1,PB,0.19336762363700363
MS,PB_28,TACACGACAATGTAAG-1,PB,-0.07001801433854374
MS,PB_28,TACTTACAGGGATACC-1,PB,-0.20448419035428408
MS,PB_28,TACTTGTTCGATAGAA-1,PB,0.17104195966391236
MS,PB_28,TAGAGCTAGATGAGAG-1,PB,0.05112534907898655
MS,PB_28,TAGGCATGTCAAACTC-1,PB,-0.07001801433854374
MS,PB_28,TATCTCAGTCCCGACA-1,PB,-0.17114479807559096
MS,PB_28,TATCTCATCTGCTGCT-1,PB,0.21820704494191295
MS,PB_28,TATTACCAGAGATGAG-1-1,PB,-0.17726933534995054
MS,PB_28,TCAATCTAGATCCTGT-1,PB,0.6502223515759633
MS,PB_28,TCACAAGGTCGGATCC-1,PB,-0.07001801433854374
MS,PB_28,TCACGAAGTTAAGATG-1,PB,0.2876726390758388
MS,PB_28,TCAGATGAGGGTGTTG-1,PB,-0.07001801433854374
MS,PB_28,TCAGATGAGTACATGA-1,PB,-0.6661190204930012
MS,PB_28,TCAGCAAAGTGCGTGA-1,PB,0.3383964640655351
MS,PB_28,TCAGCTCGTAAATGAC-1,PB,0.25157184347268674
MS,PB_28,TCAGCTCTCAAACGGG-1,PB,-0.07001801433854374
MS,PB_28,TCAGCTCTCACCATAG-1,PB,0.31672157219225483
MS,PB_28,TCAGGATGTGGTTTCA-1,PB,0.2856516214323096
MS,PB_28,TCGCGTTCACAAGACG-1,PB,-0.20080874832921186
MS,PB_28,TCGGGACGTTGCCTCT-1,PB,-0.07001801433854374
MS,PB_28,TCGTACCTCCACGTTC-1,PB,-0.4881378436876299
MS,PB_28,TCTATTGAGGTTCCTA-1,PB,-0.17239040257219168
MS,PB_28,TCTCTAACACCTCGTT-1,PB,1.0566442565475709
MS,PB_28,TGACGGCTCTGCCCTA-1,PB,-0.6083239703172769
MS,PB_28,TGACTTTCATTACGAC-1,PB,-0.07001801433854374
MS,PB_28,TGAGAGGCAGCTCGCA-1,PB,-0.1469651236605638
MS,PB_28,TGAGAGGGTAGTAGTA-1,PB,0.3643039288844049
MS,PB_28,TGAGCATTCGCCAGCA-1,PB,-0.07001801433854374
MS,PB_28,TGAGGGATCAAACGGG-1,PB,-0.4384721220894428
MS,PB_28,TGATTTCTCTCACATT-1,PB,0.376283102142757
MS,PB_28,TGCACCTTCCGAGCCA-1,PB,0.2759276958926803
MS,PB_28,TGCCAAAAGAGTGAGA-1,PB,0.2290590236491708
MS,PB_28,TGCCAAAAGCTGAACG-1,PB,0.36118879265106363
MS,PB_28,TGCGCAGCAAAGTGCG-1-1,PB,0.17887265284471218
MS,PB_28,TGCGGGTGTCACTGGC-1,PB,0.24347599425669184
MS,PB_28,TGCTACCGTCTAGCGC-1,PB,-0.478009723532827
MS,PB_28,TGGCTGGGTGTGCCTG-1,PB,0.23048907274916308
MS,PB_28,TGGGAAGCAAGGTTCT-1,PB,-0.07001801433854374
MS,PB_28,TGGGCGTCACCGAAAG-1,PB,-0.05316797061872295
MS,PB_28,TGGTTAGAGTCGATAA-1-1,PB,1.1428404914431467
MS,PB_28,TGGTTAGCACACCGCA-1,PB,-0.20752024324869658
MS,PB_28,TGGTTAGCAGGGAGAG-1,PB,-0.21853410403050377
MS,PB_28,TGTCCCACAAACGTGG-1,PB,-0.023025299389892333
MS,PB_28,TGTGTTTTCGATCCCT-1,PB,-0.07001801433854374
MS,PB_28,TTAACTCGTAGCTTGT-1,PB,0.277768995335174
MS,PB_28,TTAACTCTCTTGACGA-1,PB,-0.3053417438589979
MS,PB_28,TTAGTTCTCAAACCAC-1,PB,0.3844188037455058
MS,PB_28,TTATGCTCACGGTGTC-1,PB,-0.07001801433854374
MS,PB_28,TTGACTTCATACTACG-1,PB,0.22779774747845782
MS,PB_28,TTGACTTGTCTAGGTT-1,PB,-0.07001801433854374
MS,PB_28,TTGCCGTTCCCTCTTT-1,PB,-0.43643773168469396
MS,PB_28,TTGCCGTTCGGCTTGG-1,PB,-0.07001801433854374
MS,PB_28,TTTATGCGTTTGGCGC-1,PB,0.16331088120597875
MS,PB_28,TTTCCTCAGTCAAGGC-1,PB,-0.07001801433854374
MS,PB_28,TTTGTCACACCGAATT-1,PB,-0.07001801433854374
MS,PB_29,AAACCTGTCCGTAGTA-1,PB,-0.07001801433854374
MS,PB_29,AAACCTGTCTACTTAC-1,PB,-0.07001801433854374
MS,PB_29,AAAGCAACAGCTGTGC-1,PB,0.0021135722639272292
MS,PB_29,AAAGCAAGTCAAAGAT-1,PB,0.18330005156649806
MS,PB_29,AAAGTAGAGGTAAACT-1,PB,-0.5658084013351786
MS,PB_29,AAATGCCGTCCATCCT-1-1,PB,0.20027846393953555
MS,PB_29,AACCATGCACATCTTT-1,PB,-0.07001801433854374
MS,PB_29,AACCATGTCAGGCAAG-1,PB,-0.033005842284363665
MS,PB_29,AACGTTGTCAGAGCTT-1,PB,0.23679438107796114
MS,PB_29,AACTCCCAGCGTAGTG-1,PB,0.13027109814366647
MS,PB_29,AACTCTTAGAGGTACC-1,PB,0.18796956228153663
MS,PB_29,AACTCTTAGAGGTTAT-1,PB,0.3047982817879612
MS,PB_29,AACTCTTCATATGGTC-1,PB,-0.24299263823021944
MS,PB_29,AACTGGTCATGTTGAC-1,PB,-0.07001801433854374
MS,PB_29,AACTGGTGTGGACGAT-1-1,PB,0.14150437055869308
MS,PB_29,AAGACCTTCATTCACT-1,PB,0.5341084092410209
MS,PB_29,AAGTCTGGTAAGGATT-1,PB,-0.42640670075236314
MS,PB_29,AAGTCTGTCACGCGGT-1,PB,-0.07001801433854374
MS,PB_29,AAGTCTGTCGTCCGTT-1,PB,0.376219161752885
MS,PB_29,AATCCAGCAACACCTA-1-1,PB,0.15839881479249032
MS,PB_29,AATCCAGCAAGTAATG-1,PB,-0.07001801433854374
MS,PB_29,AATCGGTAGCCACGCT-1-1,PB,0.06886627524670073
MS,PB_29,AATCGGTAGTCGCCGT-1,PB,-0.010425168102398899
MS,PB_29,AATCGGTTCAAAGACA-1,PB,-0.07001801433854374
MS,PB_29,ACACCAACAATGGACG-1-1,PB,-0.07001801433854374
MS,PB_29,ACACCCTAGAATCTCC-1,PB,-0.07215761966013641
MS,PB_29,ACACCCTAGCGTTCCG-1,PB,0.1108414219781261
MS,PB_29,ACACCGGAGGCCCGTT-1,PB,-0.026596914965162508
MS,PB_29,ACAGCTAAGCCTCGTG-1,PB,-0.07001801433854374
MS,PB_29,ACAGCTAAGTCTCAAC-1,PB,-0.2949586618318067
MS,PB_29,ACAGCTATCTATGTGG-1,PB,0.2939884048635131
MS,PB_29,ACAGCTATCTGTTTGT-1,PB,0.0435353823286122
MS,PB_29,ACATCAGAGAAACGCC-1,PB,0.15231620360204837
MS,PB_29,ACATCAGAGTGTACGG-1,PB,-0.18867810420989836
MS,PB_29,ACATCAGCAGCCAATT-1-1,PB,-0.07001801433854374
MS,PB_29,ACCGTAAAGAATGTTG-1-1,PB,-0.30512723528261587
MS,PB_29,ACGAGCCTCTTCGGTC-1,PB,0.15610850070933022
MS,PB_29,ACGAGCCTCTTTACAC-1,PB,0.02520382061539734
MS,PB_29,ACGAGGACACCTGGTG-1-1,PB,-0.16889480256251946
MS,PB_29,ACGATACTCGCAAACT-1,PB,0.5215377120432791
MS,PB_29,ACGCAGCGTGCCTGGT-1,PB,-0.20747083756296827
MS,PB_29,ACGCCAGGTCTCTCGT-1,PB,0.06901062126097114
MS,PB_29,ACGCCGAGTTTCGCTC-1,PB,-0.19603666206378248
MS,PB_29,ACGGAGAGTAGTAGTA-1-1,PB,0.8372629564562651
MS,PB_29,ACGGAGATCGTATCAG-1,PB,0.12894020988982957
MS,PB_29,ACGGCCAGTCCGACGT-1-1,PB,0.7586289309387438
MS,PB_29,ACGGCCATCCTAGAAC-1,PB,-0.2144833169017588
MS,PB_29,ACGGCCATCGCCAAAT-1,PB,0.17122819323584998
MS,PB_29,ACGGGTCAGGCGACAT-1,PB,-0.1028072740502857
MS,PB_29,ACTGAACGTTTGTTGG-1,PB,0.038928627169010924
MS,PB_29,ACTGAACTCTGTGCAA-1,PB,0.005188732535320789
MS,PB_29,ACTGTCCGTCCGAAGA-1,PB,0.24734119428065465
MS,PB_29,ACTGTCCTCAGCTTAG-1,PB,-0.22369193983004051
MS,PB_29,ACTTACTAGCCAGGAT-1,PB,0.11557115908498596
MS,PB_29,ACTTGTTAGTCACGCC-1-1,PB,0.21241014771169406
MS,PB_29,ACTTGTTTCCACGTTC-1,PB,-0.23202954032064865
MS,PB_29,ACTTGTTTCGTCACGG-1,PB,-0.18054190380137208
MS,PB_29,ACTTTCAAGCAGGCTA-1,PB,0.2275033846902328
MS,PB_29,ACTTTCATCTGCGACG-1,PB,0.14319842239079425
MS,PB_29,AGAATAGCACTTGGAT-1,PB,0.30727556782612286
MS,PB_29,AGAATAGGTATTCGTG-1,PB,0.26436691696477765
MS,PB_29,AGACGTTCACCGAAAG-1,PB,0.07658689940163933
MS,PB_29,AGAGCTTCATCCGTGG-1,PB,-0.1977246839498608
MS,PB_29,AGAGCTTGTCAAAGCG-1,PB,-0.07001801433854374
MS,PB_29,AGAGTGGTCCCTAACC-1,PB,0.2167006606399547
MS,PB_29,AGATCTGAGATCGATA-1,PB,0.29021398463411213
MS,PB_29,AGATCTGCAACGATCT-1,PB,0.08427717279307242
MS,PB_29,AGATTGCAGCGAGAAA-1,PB,-0.44123135895288035
MS,PB_29,AGCAGCCAGAGTACCG-1,PB,-0.18755758853883003
MS,PB_29,AGCGGTCAGTTATCGC-1,PB,0.2555328175389859
MS,PB_29,AGCGGTCGTCCGAACC-1,PB,0.09670507562829547
MS,PB_29,AGCGTATCACTTACGA-1,PB,0.3533494517235592
MS,PB_29,AGCGTATTCTTGCATT-1,PB,-0.4429046034493635
MS,PB_29,AGCGTCGTCAACCAAC-1,PB,0.2487959928518706
MS,PB_29,AGCTCCTGTCATTAGC-1,PB,-0.07001801433854374
MS,PB_29,AGCTTGAGTAATAGCA-1,PB,-0.02118575712007386
MS,PB_29,AGGCCACTCAGTTTGG-1,PB,0.14890439733996447
MS,PB_29,AGGGTGACAAAGTCAA-1,PB,-0.453143719281104
MS,PB_29,AGGGTGACAAGAAAGG-1,PB,-0.15506468015654604
MS,PB_29,AGGTCATCAAGCCGTC-1-1,PB,-0.07001801433854374
MS,PB_29,AGTGAGGAGGCTACGA-1,PB,0.2380418845291544
MS,PB_29,AGTGAGGCAAACCTAC-1,PB,-0.1856163301960752
MS,PB_29,AGTGGGAGTGACGGTA-1,PB,0.4761284076668888
MS,PB_29,AGTTGGTAGCATCATC-1,PB,0.1326163485148362
MS,PB_29,ATAACGCTCTCGATGA-1,PB,-0.24197604058308975
MS,PB_29,ATAAGAGCAGCCTTTC-1-1,PB,0.2463788357770377
MS,PB_29,ATAGACCCATTCTTAC-1,PB,0.24347418314192035
MS,PB_29,ATCATGGAGCCTATGT-1,PB,-0.07001801433854374
MS,PB_29,ATCCACCAGCTAGTCT-1,PB,0.2856778361327271
MS,PB_29,ATCCACCGTATAAACG-1,PB,-0.1739603861718068
MS,PB_29,ATCGAGTCAGGGTACA-1,PB,0.7820197609308102
MS,PB_29,ATCTACTTCTCCTATA-1,PB,-0.26785937231697843
MS,PB_29,ATGAGGGCACGTGAGA-1,PB,-0.07001801433854374
MS,PB_29,ATGCGATGTTCAGGCC-1,PB,0.23333621865222448
MS,PB_29,ATGGGAGAGTCACGCC-1,PB,0.2026465991809931
MS,PB_29,ATGGGAGTCATCGCTC-1,PB,-0.18884173491844045
MS,PB_29,ATTACTCAGTGGGATC-1,PB,0.0988470735816959
MS,PB_29,ATTACTCAGTTGTAGA-1,PB,0.4763584992667664
MS,PB_29,ATTACTCGTCCGTCAG-1,PB,0.5168556610513603
MS,PB_29,ATTATCCGTCGTCTTC-1-1,PB,0.4219203237383026
MS,PB_29,ATTCTACGTCAACTGT-1,PB,0.24651549207441917
MS,PB_29,ATTCTACGTTATCGGT-1-1,PB,0.5093951476672693
MS,PB_29,ATTCTACTCGATGAGG-1,PB,-0.2946865725693534
MS,PB_29,ATTTCTGCAATGGAGC-1,PB,-0.09718607957443147
MS,PB_29,CAACCAAAGAAAGTGG-1,PB,0.5446686334290723
MS,PB_29,CAACCAATCTGACCTC-1,PB,-0.36403605954468793
MS,PB_29,CAACTAGCAAGGCTCC-1,PB,-0.19704079171119795
MS,PB_29,CAACTAGCAGGAACGT-1,PB,0.1816612837409577
MS,PB_29,CAACTAGGTTAGAACA-1,PB,0.11986977658322076
MS,PB_29,CAAGTTGTCTGATTCT-1,PB,-0.3447470254571089
MS,PB_29,CACAAACGTGAAGGCT-1,PB,-0.23010795806607703
MS,PB_29,CACACTCTCAAACCAC-1,PB,0.2458984243508898
MS,PB_29,CACATTTGTGCGCTTG-1,PB,-0.23857526372759058
MS,PB_29,CACCACTGTTGTACAC-1,PB,-0.07001801433854374
MS,PB_29,CACCACTTCTTACCTA-1,PB,0.10738214684310628
MS,PB_29,CACCAGGGTAATTGGA-1,PB,0.21548945792341065
MS,PB_29,CACCTTGAGATATGGT-1,PB,0.10026242132609962
MS,PB_29,CAGATCACACGAGGTA-1-1,PB,-0.3224097598761526
MS,PB_29,CAGATCAGTATAATGG-1,PB,0.7947813920685657
MS,PB_29,CAGCTAAGTAAGGGAA-1,PB,0.10462125697716777
MS,PB_29,CAGCTAAGTCTTCAAG-1,PB,0.5013249537543922
MS,PB_29,CAGGTGCAGAAGGCCT-1,PB,0.3113510878136486
MS,PB_29,CAGGTGCGTTGAGGTG-1,PB,0.09956946495311422
MS,PB_29,CAGGTGCTCGCGGATC-1,PB,-0.07001801433854374
MS,PB_29,CAGTAACCACAAGCCC-1,PB,0.3595928508940518
MS,PB_29,CAGTAACTCGCCAAAT-1,PB,-0.2975174412728709
MS,PB_29,CATATGGAGGTGCTTT-1,PB,0.48136641710337347
MS,PB_29,CATATTCCAGGCGATA-1,PB,-0.07001801433854374
MS,PB_29,CATATTCCATCTCGCT-1,PB,0.25682004738986836
MS,PB_29,CATCAGATCGTACCGG-1,PB,-0.1639283884044295
MS,PB_29,CATGACACATTGGCGC-1,PB,-0.1894163447339947
MS,PB_29,CATTATCCACCGAATT-1,PB,-0.17530073695097573
MS,PB_29,CATTATCGTCGTGGCT-1,PB,-0.573453435201353
MS,PB_29,CATTATCGTGCTCTTC-1,PB,-0.4803663398792795
MS,PB_29,CATTCGCCAACGATGG-1,PB,0.11623349688967277
MS,PB_29,CATTCGCGTGTCTGAT-1,PB,-0.014402054194050131
MS,PB_29,CCACGGACAAGACGTG-1,PB,0.26401625692207287
MS,PB_29,CCACTACAGAATGTGT-1-1,PB,-0.2418295291301831
MS,PB_29,CCACTACCAAGGACTG-1,PB,0.2553393820858296
MS,PB_29,CCACTACCAGTCAGAG-1,PB,-0.07001801433854374
MS,PB_29,CCAGCGAAGCCCAACC-1,PB,0.10850917120060243
MS,PB_29,CCATGTCCAACACCTA-1,PB,0.1380202686497258
MS,PB_29,CCATGTCTCACCGTAA-1-1,PB,0.23884542227097488
MS,PB_29,CCATTCGCAAGTCATC-1,PB,0.2829197978351948
MS,PB_29,CCATTCGGTTCATGGT-1,PB,0.29825111482383554
MS,PB_29,CCCAATCTCTGGCGTG-1,PB,-0.07001801433854374
MS,PB_29,CCCTCCTCAGGTGCCT-1-1,PB,0.37023659346255056
MS,PB_29,CCCTCCTCAGTGGGAT-1,PB,0.08961882791844997
MS,PB_29,CCCTCCTTCCCTAACC-1,PB,-0.07001801433854374
MS,PB_29,CCGGGATTCCTTTCTC-1,PB,0.22363724446350625
MS,PB_29,CCGTACTGTTAAGAAC-1,PB,-0.07001801433854374
MS,PB_29,CCGTGGACACATTAGC-1,PB,-0.07001801433854374
MS,PB_29,CCGTTCAAGATGGCGT-1,PB,-0.1827774802539323
MS,PB_29,CCGTTCAAGGCGTACA-1,PB,-0.07001801433854374
MS,PB_29,CCTACACAGCGTCAAG-1,PB,-0.07001801433854374
MS,PB_29,CCTACACAGCTGTTCA-1,PB,-0.07001801433854374
MS,PB_29,CCTACCAAGATCTGCT-1,PB,0.2088753232157357
MS,PB_29,CCTAGCTAGACAAAGG-1,PB,0.0523027005390589
MS,PB_29,CCTAGCTGTAGCTCCG-1,PB,-0.11765324738516436
MS,PB_29,CCTCAGTTCTCAAGTG-1,PB,-0.15856364780597001
MS,PB_29,CCTCTGAAGGTGACCA-1,PB,0.18696392086066055
MS,PB_29,CCTCTGACACACCGCA-1,PB,0.05762850997851242
MS,PB_29,CCTTACGGTTGACGTT-1,PB,-0.07001801433854374
MS,PB_29,CCTTACGTCGCCATAA-1,PB,0.1309358733448845
MS,PB_29,CCTTCCCCAGCTGCAC-1,PB,0.20810299660420978
MS,PB_29,CCTTCGACACCAGGTC-1,PB,0.6428153179234791
MS,PB_29,CCTTTCTGTGGAAAGA-1,PB,-0.07001801433854374
MS,PB_29,CGAATGTGTAGGACAC-1,PB,0.24610508768472766
MS,PB_29,CGACCTTAGTACCGGA-1,PB,-0.07001801433854374
MS,PB_29,CGACCTTGTCTAGGTT-1,PB,0.16250997077992507
MS,PB_29,CGACCTTTCATATCGG-1,PB,0.9334288145511083
MS,PB_29,CGACTTCCACAACTGT-1,PB,-0.07001801433854374
MS,PB_29,CGACTTCGTCTAAACC-1,PB,0.6576187292172149
MS,PB_29,CGAGAAGAGAGACGAA-1,PB,0.19009231310616334
MS,PB_29,CGAGAAGCATGTAAGA-1-1,PB,0.221818837871043
MS,PB_29,CGAGCACAGAGTCTGG-1,PB,-0.1239835336026139
MS,PB_29,CGATGGCAGATGTTAG-1,PB,0.24154175915024184
MS,PB_29,CGATGTAAGCCTCGTG-1,PB,0.3016979719485738
MS,PB_29,CGATGTAAGGAGTCTG-1,PB,-0.25779060318822206
MS,PB_29,CGATGTATCAGGCGAA-1,PB,0.7332726041463374
MS,PB_29,CGATTGAAGATAGTCA-1,PB,0.7222321807045381
MS,PB_29,CGCGGTAGTTCCATGA-1,PB,0.12566871901258264
MS,PB_29,CGCGTTTAGTTTGCGT-1,PB,0.10580821377030215
MS,PB_29,CGCTGGAAGAACAACT-1,PB,-0.07001801433854374
MS,PB_29,CGCTGGAGTAAGTGTA-1,PB,-0.07001801433854374
MS,PB_29,CGCTTCATCTTATCTG-1,PB,0.12790219275195144
MS,PB_29,CGGACACTCATTCACT-1,PB,0.1257393278246214
MS,PB_29,CGGACTGAGACTAGGC-1,PB,0.6405494192673816
MS,PB_29,CGGACTGAGGTAGCTG-1-1,PB,0.13032750817476543
MS,PB_29,CGGACTGAGGTGGGTT-1,PB,0.43145854968377734
MS,PB_29,CGGAGCTGTCAGATAA-1,PB,-0.042966525098977894
MS,PB_29,CGGAGCTGTTCACCTC-1-1,PB,0.20624070964005617
MS,PB_29,CGGAGTCAGACTAGAT-1,PB,-0.19757393075253646
MS,PB_29,CGGAGTCCAAGGACAC-1,PB,-0.22510702308736752
MS,PB_29,CGGAGTCGTCTGCAAT-1,PB,0.40096066161532523
MS,PB_29,CGGGTCAAGCCCGAAA-1,PB,-0.7491877020426249
MS,PB_29,CGGGTCACAAGCCGCT-1,PB,-0.07001801433854374
MS,PB_29,CGGGTCACAGTGGAGT-1,PB,-0.2222660118241899
MS,PB_29,CGTAGCGGTCAACATC-1,PB,0.06237989365759718
MS,PB_29,CGTAGCGGTCCAAGTT-1-1,PB,-0.016221312487843913
MS,PB_29,CGTAGCGGTCGAAAGC-1,PB,0.573488885965428
MS,PB_29,CGTAGGCAGTTATCGC-1,PB,-0.13371714885064276
MS,PB_29,CGTCAGGAGCTATGCT-1,PB,-0.3924674787555015
MS,PB_29,CGTGAGCAGTTTAGGA-1,PB,0.1216516111538261
MS,PB_29,CGTGAGCGTGACCAAG-1,PB,-0.07001801433854374
MS,PB_29,CGTTAGAGTGCCTGGT-1,PB,-0.032468872324842045
MS,PB_29,CGTTCTGAGTTGTCGT-1,PB,0.9580521149410627
MS,PB_29,CGTTCTGTCCCTTGTG-1,PB,-0.07001801433854374
MS,PB_29,CTAACTTAGCTGAAAT-1,PB,-0.07001801433854374
MS,PB_29,CTAACTTAGTTCGATC-1,PB,0.009687090056841883
MS,PB_29,CTAACTTGTTGTCGCG-1,PB,0.12121351395157724
MS,PB_29,CTAACTTTCCACGCAG-1,PB,0.26369086884349535
MS,PB_29,CTAAGACCAGAGCCAA-1,PB,-0.07001801433854374
MS,PB_29,CTAAGACGTCGCTTTC-1,PB,0.23980766613139978
MS,PB_29,CTAATGGGTTACCGAT-1,PB,0.2726786548788149
MS,PB_29,CTAATGGTCTGGAGCC-1,PB,0.39358028026102715
MS,PB_29,CTACACCCATGCAACT-1-1,PB,-0.07001801433854374
MS,PB_29,CTACACCTCGTACCGG-1,PB,1.135266117925127
MS,PB_29,CTCACACCACGAAAGC-1,PB,-0.19140692140696489
MS,PB_29,CTCACACTCTGCAAGT-1,PB,0.10507732878271363
MS,PB_29,CTCATTAGTTACGTCA-1-1,PB,0.326047174521274
MS,PB_29,CTCATTATCTCCAGGG-1,PB,-0.07001801433854374
MS,PB_29,CTCCTAGAGCGTCAAG-1,PB,-0.07001801433854374
MS,PB_29,CTCCTAGGTCCGAAGA-1,PB,0.028353437896908702
MS,PB_29,CTCGAAAAGGTCGGAT-1-1,PB,-0.20274368355135813
MS,PB_29,CTCGAAATCAGCAACT-1-1,PB,0.4569217643065407
MS,PB_29,CTCGAGGAGCTAGGCA-1,PB,0.34399285807024205
MS,PB_29,CTCGAGGTCAATAAGG-1-1,PB,0.03850416641359166
MS,PB_29,CTCGAGGTCGGCTTGG-1,PB,-0.2083684611342506
MS,PB_29,CTCGAGGTCTGTCTAT-1-1,PB,0.499424104323264
MS,PB_29,CTCGGAGGTACTTCTT-1,PB,0.26769280991009126
MS,PB_29,CTCGGAGTCAAACCAC-1,PB,0.22318703385128733
MS,PB_29,CTCGGGACACATTAGC-1,PB,0.29234408154820263
MS,PB_29,CTCTACGCAGGATTGG-1-1,PB,-0.054497245497936005
MS,PB_29,CTGCCTAGTAGTGAAT-1,PB,0.22675196433495737
MS,PB_29,CTGTGCTAGTGTTTGC-1,PB,0.1785998791347865
MS,PB_29,CTGTTTATCCGGCACA-1,PB,-0.4647085260188903
MS,PB_29,CTTAACTGTGCAGTAG-1,PB,-0.07001801433854374
MS,PB_29,CTTAACTTCGCAAACT-1,PB,0.007914771757965447
MS,PB_29,CTTAGGACATCCGCGA-1,PB,0.21557003854723483
MS,PB_29,CTTTGCGGTTGAGGTG-1-1,PB,-0.02005003585072712
MS,PB_29,CTTTGCGGTTGCTCCT-1,PB,0.12915470037196036
MS,PB_29,CTTTGCGTCCCGGATG-1,PB,0.3153140344270454
MS,PB_29,GAAACTCGTAGCGTGA-1,PB,0.06420819301701215
MS,PB_29,GAAACTCTCTTGACGA-1,PB,-0.07001801433854374
MS,PB_29,GAACATCCAAATACAG-1,PB,0.6246027762989764
MS,PB_29,GAACCTAAGACTCGGA-1,PB,0.17402281952953622
MS,PB_29,GAATGAAGTACCAGTT-1,PB,0.55726771153372
MS,PB_29,GACACGCAGCCGCCTA-1,PB,-0.1903614451855226
MS,PB_29,GACAGAGTCGTCTGCT-1,PB,0.11757113165844965
MS,PB_29,GACCTGGAGTGTTAGA-1,PB,0.45713588560208746
MS,PB_29,GACGGCTAGACAAGCC-1,PB,-0.07001801433854374
MS,PB_29,GACGGCTGTAGGCATG-1-2,PB,0.5041938835809574
MS,PB_29,GACGGCTGTCTTGCGG-1,PB,0.23477188599411034
MS,PB_29,GACGTTACACCGAAAG-1-2,PB,0.0055064045125307205
MS,PB_29,GACTACACATATACGC-1,PB,-0.07001801433854374
MS,PB_29,GACTACAGTCCCTTGT-1,PB,-0.07001801433854374
MS,PB_29,GACTGCGCAGCAGTTT-1,PB,0.11714043685452694
MS,PB_29,GACTGCGGTTTGACTG-1,PB,0.4257134097232646
MS,PB_29,GAGTCCGGTTAGAACA-1,PB,-0.02613024959275798
MS,PB_29,GATCGATCACGGCTAC-1,PB,0.49874931858060617
MS,PB_29,GATCGCGGTTGGAGGT-1,PB,0.016939003366012655
MS,PB_29,GATCGTACAGCGAACA-1,PB,-0.12358428876822915
MS,PB_29,GATGAAAAGAGCAATT-1-1,PB,0.518796516936325
MS,PB_29,GATGAAACACACCGAC-1,PB,0.28402058857454227
MS,PB_29,GATGAAATCAAACCAC-1,PB,0.4185114675086828
MS,PB_29,GATGAGGAGCTGCAAG-1-1,PB,0.2186723533194967
MS,PB_29,GATGAGGTCAAGGCTT-1,PB,-0.09415950072026624
MS,PB_29,GATTCAGCATAAGACA-1,PB,0.16279619852928273
MS,PB_29,GCAATCAGTTTAGCTG-1,PB,0.16792516666849666
MS,PB_29,GCAATCATCATCGGAT-1,PB,0.4675095129141838
MS,PB_29,GCACATAAGCGTAATA-1-1,PB,0.11663840983575632
MS,PB_29,GCACATAGTTTAGGAA-1,PB,0.2611788937241077
MS,PB_29,GCACTCTAGATAGCAT-1,PB,-0.21202159188373573
MS,PB_29,GCACTCTCAGGGTATG-1,PB,1.0848958994568056
MS,PB_29,GCAGTTATCATCATTC-1,PB,-0.07001801433854374
MS,PB_29,GCATACAGTGTCCTCT-1-1,PB,0.15729002571599696
MS,PB_29,GCATACATCGTGGGAA-1,PB,0.6620250032069992
MS,PB_29,GCATGTAAGCTTCGCG-1-1,PB,-0.07001801433854374
MS,PB_29,GCCTCTAGTCTTGCGG-1,PB,0.5541353760119816
MS,PB_29,GCGACCAGTACGCTGC-1,PB,0.5127729375594411
MS,PB_29,GCGAGAAGTGGTAACG-1,PB,0.1233269089284895
MS,PB_29,GCGCAACGTGTCGCTG-1-1,PB,-0.26293746389710615
MS,PB_29,GCGCAACTCGGTTCGG-1-1,PB,0.3050430650725436
MS,PB_29,GCGCCAAAGTGTTGAA-1,PB,-0.07001801433854374
MS,PB_29,GCGCGATGTATGGTTC-1,PB,-0.10555342258591953
MS,PB_29,GCGGGTTCACTGCCAG-1,PB,0.24375887553417486
MS,PB_29,GCTCCTAGTGCCTGTG-1,PB,0.08157890791224497
MS,PB_29,GCTCTGTCAGGATCGA-1,PB,0.3204313116945276
MS,PB_29,GCTGCGAGTTCACGGC-1-1,PB,-0.38878668395643373
MS,PB_29,GCTGCTTTCCGTCAAA-1,PB,0.08693789271823957
MS,PB_29,GCTGGGTAGAAGAAGC-1,PB,-0.07001801433854374
MS,PB_29,GCTGGGTGTACTCAAC-1,PB,0.1643941693248459
MS,PB_29,GCTTGAAAGACTCGGA-1,PB,0.16934222210820282
MS,PB_29,GGAAAGCCAAATCCGT-1-1,PB,-0.0525291838825596
MS,PB_29,GGAAAGCTCAAAGACA-1,PB,1.146960124375083
MS,PB_29,GGAACTTTCGAGCCCA-1,PB,-0.02654023729317123
MS,PB_29,GGAATAATCACATACG-1,PB,-0.05775114250462631
MS,PB_29,GGACAAGGTCTTTCAT-1,PB,0.5823703458219562
MS,PB_29,GGACAAGTCCAGTAGT-1,PB,0.32527143990324203
MS,PB_29,GGACAAGTCGCTGATA-1,PB,-0.07001801433854374
MS,PB_29,GGACGTCCAAGTTGTC-1,PB,-0.07001801433854374
MS,PB_29,GGACGTCCACTCGACG-1,PB,-0.07001801433854374
MS,PB_29,GGAGCAATCACCCTCA-1,PB,0.22145338679870605
MS,PB_29,GGCAATTGTCTAGCCG-1-1,PB,0.23870270190120466
MS,PB_29,GGCCGATCAATAACGA-1,PB,-0.39271691686487836
MS,PB_29,GGCCGATCAATTCCTT-1,PB,0.7338617246974922
MS,PB_29,GGCTCGAGTAATCGTC-1,PB,0.11571066614325562
MS,PB_29,GGCTGGTGTCAGATAA-1,PB,0.17406526293336758
MS,PB_29,GGGAATGTCTGGCGAC-1,PB,0.6502223515759633
MS,PB_29,GGGACCTTCATCGCTC-1,PB,-0.07001801433854374
MS,PB_29,GGGAGATAGCGATTCT-1,PB,-0.2982553831583831
MS,PB_29,GGGCATCGTCAGAGGT-1,PB,0.10895127443892091
MS,PB_29,GGGCATCGTCCATCCT-1,PB,0.194927563157028
MS,PB_29,GGGTCTGGTCGAAAGC-1,PB,0.14360440388032725
MS,PB_29,GGTGAAGCAAGGACTG-1-1,PB,-0.4962747262772011
MS,PB_29,GGTGAAGGTCACAAGG-1-1,PB,-0.22820207035652232
MS,PB_29,GTAACGTAGCCACGTC-1,PB,0.02738512928190024
MS,PB_29,GTAACGTAGGACAGCT-1,PB,-0.07001801433854374
MS,PB_29,GTAACTGCAAGACACG-1,PB,0.23125827142496563
MS,PB_29,GTAGGCCGTCAGAGGT-1,PB,0.10506756895265176
MS,PB_29,GTAGTCATCGAACGGA-1,PB,0.33042610988136284
MS,PB_29,GTATCTTAGAAGGTTT-1,PB,-0.05444262869183321
MS,PB_29,GTATTCTAGGATATAC-1,PB,0.393330456728323
MS,PB_29,GTATTCTGTTCCGGCA-1,PB,0.2121054733705982
MS,PB_29,GTCAAGTGTCCGAATT-1,PB,0.5521847205238638
MS,PB_29,GTCAAGTTCACCATAG-1,PB,-0.38905971885700735
MS,PB_29,GTCACAAAGGTGACCA-1,PB,-0.05741430704867927
MS,PB_29,GTCACAATCAGAGACG-1,PB,-0.17206882816019436
MS,PB_29,GTCACGGGTCGTTGTA-1,PB,-0.0530434552627355
MS,PB_29,GTCCTCAAGGAATCGC-1,PB,0.10610013923856751
MS,PB_29,GTCGGGTTCAGCACAT-1,PB,-0.18305766788127883
MS,PB_29,GTCGTAAAGTCCATAC-1,PB,0.46528308560340426
MS,PB_29,GTCGTAAAGTTTAGGA-1,PB,-0.4366959708028405
MS,PB_29,GTCTCGTAGCAGCCTC-1,PB,0.29368235794822145
MS,PB_29,GTCTTCGTCAGTACGT-1,PB,0.6301961372070318
MS,PB_29,GTGAAGGCACGCTTTC-1,PB,-0.1894761479843924
MS,PB_29,GTGAAGGCATTCACTT-1-1,PB,-0.15653534685855414
MS,PB_29,GTGCAGCTCATTGCGA-1,PB,-0.039188515078012506
MS,PB_29,GTGCGGTAGTACGTAA-1,PB,0.30368184975068174
MS,PB_29,GTGCGGTGTATATGAG-1,PB,-0.23889753692935303
MS,PB_29,GTGCTTCAGAAGGACA-1,PB,0.43696136953424985
MS,PB_29,GTGCTTCAGTGTACGG-1,PB,0.9877680588024885
MS,PB_29,GTGTGCGAGAAGGGTA-1,PB,-0.16952245019099996
MS,PB_29,GTTACAGAGTGAATTG-1,PB,0.21509402769627206
MS,PB_29,GTTCATTAGATCGGGT-1,PB,0.11801965103607558
MS,PB_29,GTTCATTTCTACTCAT-1,PB,-0.027815709768533814
MS,PB_29,GTTCATTTCTCTGTCG-1,PB,0.204385177696116
MS,PB_29,GTTCGGGAGGACACCA-1-1,PB,0.2474160986751008
MS,PB_29,GTTCGGGGTACGCACC-1,PB,0.017139900118194655
MS,PB_29,GTTTCTATCCACGTTC-1-1,PB,0.21757229956425064
MS,PB_29,TAAGTGCAGAGCTATA-1,PB,0.2140117823050804
MS,PB_29,TAAGTGCTCAAAGACA-1-1,PB,0.10258515247069755
MS,PB_29,TACCTATCAGTTAACC-1,PB,0.14409654355488508
MS,PB_29,TACCTTAGTCTAGCCG-1-1,PB,0.49435061731650903
MS,PB_29,TACGGTAAGTGTGAAT-1,PB,-0.07001801433854374
MS,PB_29,TACTCATTCAGCTCGG-1,PB,-0.07001801433854374
MS,PB_29,TACTCGCAGAGGGCTT-1,PB,-0.07001801433854374
MS,PB_29,TACTTACCACGGCCAT-1,PB,-0.07001801433854374
MS,PB_29,TACTTACGTATAGGTA-1-1,PB,-0.43441203977051973
MS,PB_29,TACTTACGTTGTCGCG-1,PB,-0.07001801433854374
MS,PB_29,TACTTGTAGCCAACAG-1,PB,0.7807816779533674
MS,PB_29,TACTTGTGTTGAGGTG-1-1,PB,-0.5887720246171082
MS,PB_29,TAGACCATCACAACGT-1,PB,0.0175461299007953
MS,PB_29,TAGAGCTGTATATGAG-1,PB,-0.127601949929204
MS,PB_29,TAGGCATAGGAATCGC-1,PB,0.06933106289598905
MS,PB_29,TAGGCATGTTAAGAAC-1,PB,-0.010690321885986509
MS,PB_29,TAGGCATTCCCAAGTA-1,PB,-0.07001801433854374
MS,PB_29,TAGTGGTGTCAACTGT-1,PB,-0.07001801433854374
MS,PB_29,TAGTTGGCACCACCAG-1,PB,0.6225986934418
MS,PB_29,TAGTTGGTCCTAGTGA-1,PB,0.4102605172222379
MS,PB_29,TATGCCCTCCTTGACC-1,PB,0.3881830005781903
MS,PB_29,TATTACCAGAGAGCTC-1,PB,-0.07001801433854374
MS,PB_29,TATTACCAGGCACATG-1,PB,0.1254610108809829
MS,PB_29,TATTACCCATCGGACC-1,PB,0.1478622201664904
MS,PB_29,TCACAAGCACAGCGTC-1,PB,0.637896368959195
MS,PB_29,TCACAAGGTCTCAACA-1,PB,0.17763918513552707
MS,PB_29,TCACGAAGTGAGTATA-1-1,PB,0.1657526448950343
MS,PB_29,TCAGCTCGTCCGCTGA-1-1,PB,0.0489523416221729
MS,PB_29,TCAGGTAGTACCGGCT-1,PB,0.22255045041636173
MS,PB_29,TCATTACAGCATGGCA-1,PB,-0.07001801433854374
MS,PB_29,TCATTACTCGGAATCT-1,PB,-0.07001801433854374
MS,PB_29,TCATTTGAGTGCGATG-1-1,PB,-0.15872690293901062
MS,PB_29,TCATTTGCACAGAGGT-1,PB,-0.07001801433854374
MS,PB_29,TCCACACCAATCGGTT-1,PB,0.19445330601831648
MS,PB_29,TCCCGATCAAGACGTG-1,PB,-0.07001801433854374
MS,PB_29,TCGAGGCCACAGAGGT-1,PB,0.24531465203090272
MS,PB_29,TCGCGAGTCCCAAGAT-1-1,PB,-0.3185375425188422
MS,PB_29,TCGCGTTAGTCCATAC-1,PB,-0.07001801433854374
MS,PB_29,TCGCGTTTCAATAAGG-1,PB,0.11956046453475447
MS,PB_29,TCGGTAACATAAGACA-1,PB,0.7237089158872007
MS,PB_29,TCTATTGAGGAACTGC-1,PB,-0.07001801433854374
MS,PB_29,TCTCATAAGGCCCTTG-1,PB,0.7880825295854625
MS,PB_29,TCTCTAAAGCTAGCCC-1,PB,0.45225071642451586
MS,PB_29,TCTCTAAGTCAGGACA-1,PB,-0.07001801433854374
MS,PB_29,TCTGAGATCAGTTCGA-1,PB,-0.21830411694820584
MS,PB_29,TCTGGAACACCGTTGG-1-1,PB,-0.20029265502409044
MS,PB_29,TCTGGAATCTTGCATT-1-1,PB,0.13997273524060788
MS,PB_29,TCTTCGGTCCTCTAGC-1-1,PB,0.7414402192903938
MS,PB_29,TCTTTCCCACTATCTT-1,PB,0.4888027639802796
MS,PB_29,TGAAAGAAGAGTGAGA-1,PB,0.16691129755823916
MS,PB_29,TGACAACAGCCGTCGT-1,PB,-0.07001801433854374
MS,PB_29,TGACGGCAGTGGGTTG-1,PB,-0.07001801433854374
MS,PB_29,TGATTTCGTAAGGATT-1,PB,0.17859693521207134
MS,PB_29,TGATTTCGTGATGTGG-1,PB,0.8953373937752289
MS,PB_29,TGCACCTTCAACGGGA-1,PB,0.1557849193562078
MS,PB_29,TGCACCTTCTAGAGTC-1,PB,0.2748786708677587
MS,PB_29,TGCCAAAAGCGGCTTC-1,PB,-0.07001801433854374
MS,PB_29,TGCCAAAAGGACAGCT-1,PB,-0.05745465184932806
MS,PB_29,TGCGTGGCACCACGTG-1,PB,0.7162765180644837
MS,PB_29,TGCTACCAGCTATGCT-1,PB,0.12704625819330567
MS,PB_29,TGCTGCTTCTTGTATC-1,PB,0.597768699882368
MS,PB_29,TGGCCAGTCTGTTGAG-1,PB,0.15911424820519318
MS,PB_29,TGGCGCAAGGTGCTAG-1,PB,-0.26502218937722144
MS,PB_29,TGGCGCAGTCGGATCC-1,PB,-0.050244157618636806
MS,PB_29,TGGCTGGCACGCGAAA-1,PB,-0.47356836276824316
MS,PB_29,TGTGGTACAGCTGGCT-1,PB,0.11451930668494617
MS,PB_29,TGTGTTTTCAACCATG-1-2,PB,0.3788644594827898
MS,PB_29,TGTGTTTTCTAACTTC-1,PB,-0.41166215610938994
MS,PB_29,TGTTCCGGTAGAAGGA-1,PB,0.10239519022396651
MS,PB_29,TTAACTCCAAGCCATT-1,PB,0.2955147750636055
MS,PB_29,TTAACTCCATGCTAGT-1,PB,0.3204605071692995
MS,PB_29,TTAGGACTCACCTTAT-1,PB,-0.07001801433854374
MS,PB_29,TTATGCTGTACAGACG-1,PB,0.8777656690835502
MS,PB_29,TTATGCTGTGGCGAAT-1,PB,-0.09619542523883154
MS,PB_29,TTATGCTTCCATTCTA-1,PB,-0.07001801433854374
MS,PB_29,TTCGAAGGTCCAAGTT-1,PB,-0.07001801433854374
MS,PB_29,TTCGGTCAGTGTTAGA-1,PB,0.9220212734982175
MS,PB_29,TTCGGTCTCCTTTCGG-1,PB,0.22550303127784527
MS,PB_29,TTCTACAAGGGTTCCC-1,PB,-0.04813987808248422
MS,PB_29,TTCTACAAGGTCGGAT-1,PB,0.8142480311702825
MS,PB_29,TTCTACAGTCTTTCAT-1,PB,0.31784504690681814
MS,PB_29,TTCTCAAAGCAGCGTA-1,PB,-0.04816082551416158
MS,PB_29,TTCTCAACAGCCAATT-1,PB,0.8302483038417944
MS,PB_29,TTCTCAATCTGCCAGG-1,PB,0.19437442038456523
MS,PB_29,TTCTCCTCAAAGGCGT-1,PB,0.2502161872068976
MS,PB_29,TTCTCCTCAGCCAGAA-1,PB,-0.07001801433854374
MS,PB_29,TTCTTAGAGCTGAAAT-1,PB,0.5081345580403339
MS,PB_29,TTCTTAGCATCCGTGG-1,PB,0.010952394882966279
MS,PB_29,TTGAACGAGCACAGGT-1,PB,-0.00032573059885743216
MS,PB_29,TTGCCGTAGCTTTGGT-1,PB,0.1454913158222746
MS,PB_29,TTGGCAAGTAAATACG-1,PB,-0.07001801433854374
MS,PB_29,TTTACTGAGACCCACC-1,PB,0.038520568658287506
MS,PB_29,TTTACTGAGTAGCGGT-1,PB,0.18945651185825407
MS,PB_29,TTTACTGTCTGCGGCA-1,PB,0.22425494795502002
MS,PB_29,TTTATGCAGCTCCTTC-1-1,PB,-0.2692169358657782
MS,PB_29,TTTATGCTCCGGCACA-1,PB,-0.20478867979275295
MS,PB_31,AAACCTGTCAACACAC-1,PB,-0.1244579341032893
MS,PB_31,AAACGGGTCAATACCG-1,PB,0.09951418180918838
MS,PB_31,AAACGGGTCCGAAGAG-1,PB,-0.48727486051016455
MS,PB_31,AAAGATGAGGATGCGT-1,PB,-0.35828297181521995
MS,PB_31,AAAGCAAAGCACAGGT-1,PB,0.13297994602408494
MS,PB_31,AAAGTAGAGATCGATA-1,PB,-0.41546298856806757
MS,PB_31,AAATGCCTCTGCAAGT-1-1,PB,0.04428494565052789
MS,PB_31,AACACGTCATCGATTG-1,PB,0.5655835759358021
MS,PB_31,AACACGTTCCTGCAGG-1-1,PB,0.2612458998365578
MS,PB_31,AACCATGTCTCCTATA-1,PB,-0.32406483629506216
MS,PB_31,AACCGCGTCTGTCTAT-1,PB,0.22260817652825785
MS,PB_31,AACGTTGAGTGCAAGC-1-1,PB,-0.06039674012438247
MS,PB_31,AACTCAGAGAAAGTGG-1,PB,0.20119244695582297
MS,PB_31,AACTCAGAGACTGTAA-1,PB,-0.04888729681852982
MS,PB_31,AACTCAGTCTCGAGTA-1,PB,-0.12621939760596065
MS,PB_31,AACTGGTAGACCACGA-1,PB,0.38751460322198245
MS,PB_31,AACTGGTCAAAGTCAA-1,PB,0.13500556541115397
MS,PB_31,AACTTTCCACCATGTA-1-1,PB,0.1392856696357459
MS,PB_31,AACTTTCGTTTGGCGC-1,PB,0.002285825591255643
MS,PB_31,AACTTTCTCAGTCAGT-1,PB,-0.008472208140147439
MS,PB_31,AAGACCTTCGCATGGC-1,PB,-0.5710170863737377
MS,PB_31,AATCCAGAGATGTCGG-1,PB,-0.20398506593244917
MS,PB_31,AATCCAGGTGTGTGCC-1,PB,-0.07001801433854374
MS,PB_31,AATCGGTAGGTAGCTG-1,PB,0.17808432408198716
MS,PB_31,AATCGGTGTAGCTAAA-1,PB,0.12171387044515278
MS,PB_31,ACACCAAAGACATAAC-1,PB,0.26596469790591093
MS,PB_31,ACACCAAGTTAAGTAG-1,PB,-0.20553633148663808
MS,PB_31,ACACCAATCTAACTTC-1,PB,-0.5583238305888815
MS,PB_31,ACACCCTGTGAGTGAC-1,PB,0.044202582409325196
MS,PB_31,ACACCCTTCGAGAACG-1,PB,-0.23679945825282664
MS,PB_31,ACACCGGAGGTGCACA-1,PB,-0.0017536511993716292
MS,PB_31,ACACTGAAGAGCTGGT-1,PB,0.3015172167935816
MS,PB_31,ACAGCCGAGGCTCAGA-1,PB,-0.07001801433854374
MS,PB_31,ACAGCCGAGGTGTTAA-1,PB,-0.07001801433854374
MS,PB_31,ACAGCCGTCTACTTAC-1,PB,0.10170846539718477
MS,PB_31,ACAGCTAAGCGATAGC-1,PB,-0.2294603056522055
MS,PB_31,ACAGCTAGTCGGCTCA-1,PB,0.07552632498702906
MS,PB_31,ACATACGAGACTCGGA-1-1,PB,-0.40317804919692474
MS,PB_31,ACATACGAGTTCGCAT-1,PB,-0.6322859867230853
MS,PB_31,ACATACGTCGTTACAG-1,PB,0.004528373961042704
MS,PB_31,ACATCAGAGCAGATCG-1,PB,0.3035654674045814
MS,PB_31,ACATCAGGTTCGGGCT-1,PB,0.1394518304944809
MS,PB_31,ACATCAGTCGGTTAAC-1-1,PB,-0.07001801433854374
MS,PB_31,ACATGGTGTCAACATC-1,PB,0.041864507504776036
MS,PB_31,ACCGTAAAGACAGACC-1-1,PB,0.11890579539503023
MS,PB_31,ACCGTAATCCAAACAC-1,PB,-0.07001801433854374
MS,PB_31,ACCTTTATCGTGGTCG-1,PB,0.1288936213427507
MS,PB_31,ACGAGCCAGTGCCAGA-1,PB,-0.23302308756176135
MS,PB_31,ACGAGGATCGCCAAAT-1,PB,-0.3986828429724371
MS,PB_31,ACGATGTAGAGCAATT-1,PB,0.2013184218371912
MS,PB_31,ACGATGTAGCGTAGTG-1,PB,-0.45723107833488413
MS,PB_31,ACGATGTCACTTGGAT-1,PB,-0.2935616055925577
MS,PB_31,ACGATGTTCCGCGGTA-1,PB,-0.07001801433854374
MS,PB_31,ACGCAGCTCCGGGTGT-1,PB,0.5135188660787156
MS,PB_31,ACGCCGAGTAATCACC-1-1,PB,0.14686143434718132
MS,PB_31,ACGCCGATCCATTCTA-1,PB,0.481676555380211
MS,PB_31,ACGGAGACATTGGCGC-1,PB,0.348380929767046
MS,PB_31,ACGGCCACAAGCTGAG-1,PB,0.6588657302257
MS,PB_31,ACGGCCACAGTCGATT-1,PB,0.25154778096810587
MS,PB_31,ACGGGCTAGTACATGA-1,PB,-0.3693469804421242
MS,PB_31,ACGGGCTCAAATTGCC-1,PB,0.33062063971742617
MS,PB_31,ACGGGTCCACGGTGTC-1,PB,-0.5623296644881102
MS,PB_31,ACGGGTCGTCGAGATG-1-1,PB,0.5586516600559521
MS,PB_31,ACGTCAAAGAATGTTG-1,PB,-0.2651211079065594
MS,PB_31,ACGTCAAAGACGCTTT-1-1,PB,-0.16276287341798487
MS,PB_31,ACTATCTCACATCCAA-1,PB,-0.07001801433854374
MS,PB_31,ACTATCTGTGACAAAT-1,PB,0.14799637143081057
MS,PB_31,ACTGAACCATCTGGTA-1,PB,0.06695933258695949
MS,PB_31,ACTGAGTAGGGATACC-1,PB,-0.07001801433854374
MS,PB_31,ACTGATGAGTTAAGTG-1,PB,0.08674641323436327
MS,PB_31,ACTGCTCTCAGAGACG-1-1,PB,0.13054915553232704
MS,PB_31,ACTGTCCAGAATGTGT-1,PB,-0.04122367186521871
MS,PB_31,ACTGTCCGTGGTCTCG-1,PB,0.23087243764985116
MS,PB_31,ACTGTCCTCGAGAACG-1,PB,-0.07001801433854374
MS,PB_31,ACTGTCCTCTACCAGA-1,PB,0.3001545281909813
MS,PB_31,ACTTACTCAGCTTAAC-1,PB,-0.09724965164721804
MS,PB_31,ACTTTCAGTGGCCCTA-1,PB,0.08751724809707337
MS,PB_31,ACTTTCATCTACTATC-1-1,PB,0.03388740812385006
MS,PB_31,AGAATAGGTTACAGAA-1,PB,-0.07001801433854374
MS,PB_31,AGAATAGTCAGTTCGA-1,PB,0.15875589382156888
MS,PB_31,AGACGTTCATTTCAGG-1,PB,-0.23111978804796965
MS,PB_31,AGACGTTTCACCACCT-1,PB,-0.07001801433854374
MS,PB_31,AGAGTGGAGTTGTCGT-1,PB,-0.22555268514477037
MS,PB_31,AGAGTGGTCGTGGACC-1,PB,0.5120077581823836
MS,PB_31,AGATCTGAGGGTTTCT-1,PB,0.14720619259109016
MS,PB_31,AGATCTGTCGTTTAGG-1,PB,-0.07001801433854374
MS,PB_31,AGCAGCCAGCAGCCTC-1,PB,0.39021714045557504
MS,PB_31,AGCAGCCGTCGTGGCT-1,PB,0.2039262790455814
MS,PB_31,AGCAGCCTCCTCAATT-1,PB,-0.5350767658952363
MS,PB_31,AGCATACTCTGCCCTA-1,PB,-0.13266135115506647
MS,PB_31,AGCCTAAAGAGTACCG-1,PB,0.30979694106641315
MS,PB_31,AGCCTAACAGCATACT-1,PB,-0.07001801433854374
MS,PB_31,AGCGGTCCAGTAAGAT-1,PB,0.42784870196377195
MS,PB_31,AGCGGTCCATAAAGGT-1,PB,-0.4925098611913898
MS,PB_31,AGCGGTCGTAGCCTAT-1,PB,-0.523571053329742
MS,PB_31,AGCGTCGCACTTCTGC-1,PB,-0.07001801433854374
MS,PB_31,AGCTCCTAGAAGGACA-1,PB,-0.15414283995067843
MS,PB_31,AGCTCTCGTCTCCCTA-1,PB,-0.16387049515866714
MS,PB_31,AGCTCTCTCAACGCTA-1,PB,-0.24288483354753915
MS,PB_31,AGCTTGAAGGCTAGGT-1,PB,0.5192038560881701
MS,PB_31,AGCTTGAGTCAGTGGA-1,PB,-0.004821540185018629
MS,PB_31,AGCTTGAGTCTAGTGT-1-1,PB,-0.14682073486178632
MS,PB_31,AGGCCGTTCGCTGATA-1-1,PB,-0.1493208840592219
MS,PB_31,AGGGAGTAGCCACTAT-1,PB,0.009195804302252666
MS,PB_31,AGGGAGTCATTAGGCT-1,PB,0.6344730642329954
MS,PB_31,AGGGATGAGTTATCGC-1,PB,-0.2700756997466823
MS,PB_31,AGGGATGTCCTTTCGG-1,PB,0.04289190415594866
MS,PB_31,AGGGTGAGTGGCGAAT-1,PB,-0.07001801433854374
MS,PB_31,AGTAGTCAGCCGCCTA-1-1,PB,-0.07001801433854374
MS,PB_31,AGTAGTCGTCGCTTTC-1,PB,-0.07001801433854374
MS,PB_31,AGTAGTCGTTAGTGGG-1,PB,-0.07001801433854374
MS,PB_31,AGTGAGGCACGGATAG-1,PB,0.4134330454142953
MS,PB_31,AGTGAGGCATATGAGA-1,PB,-0.22116789717591906
MS,PB_31,AGTGGGACACGCATCG-1,PB,0.106083275589049
MS,PB_31,AGTGGGACATATGCTG-1,PB,-0.07001801433854374
MS,PB_31,AGTGGGAGTTCCCTTG-1,PB,-0.5073936585690296
MS,PB_31,AGTGGGATCTTACCGC-1,PB,-0.35892424076417356
MS,PB_31,AGTTGGTTCACTGGGC-1,PB,-0.2328572386694743
MS,PB_31,AGTTGGTTCCCAAGTA-1,PB,0.3576181035787682
MS,PB_31,ATAAGAGAGAAAGTGG-1,PB,-0.18283864061288665
MS,PB_31,ATAAGAGCAGTGACAG-1-1,PB,0.041580722804131255
MS,PB_31,ATAGACCAGTGTTTGC-1,PB,0.0022368156021973984
MS,PB_31,ATAGACCCAACCGCCA-1,PB,0.22654824945742352
MS,PB_31,ATAGACCGTCTAGAGG-1,PB,0.18047476104780516
MS,PB_31,ATAGACCGTTTGACTG-1,PB,-0.19045164853141225
MS,PB_31,ATCACGAGTCGCGGTT-1,PB,-0.6902867261896685
MS,PB_31,ATCACGATCAGTGCAT-1,PB,-0.1635993643373812
MS,PB_31,ATCATCTAGACACTAA-1,PB,0.05644909365857426
MS,PB_31,ATCATCTCAGTGGAGT-1,PB,-0.10040993277136037
MS,PB_31,ATCCACCAGGACACCA-1,PB,-0.2582550728652446
MS,PB_31,ATCCACCCATCTGGTA-1-1,PB,-0.34491617396958524
MS,PB_31,ATCCACCGTTTGACTG-1,PB,1.0243572195962873
MS,PB_31,ATCCGAAGTTAAGAAC-1-1,PB,0.010878499863308997
MS,PB_31,ATCGAGTTCGGCGCAT-1,PB,0.008887573093310992
MS,PB_31,ATGAGGGGTCAGTGGA-1,PB,0.007679998071345506
MS,PB_31,ATGAGGGGTTTGTGTG-1,PB,0.5281702217836168
MS,PB_31,ATGCGATTCGAATGGG-1-1,PB,-0.09001834441523095
MS,PB_31,ATGGGAGCAGATAATG-1,PB,0.3562412030440787
MS,PB_31,ATGGGAGCAGTCAGCC-1,PB,0.13292766254822994
MS,PB_31,ATGGGAGGTCGACTGC-1,PB,0.13655099668318868
MS,PB_31,ATGTGTGAGTCGTTTG-1,PB,-0.07001801433854374
MS,PB_31,ATGTGTGCAGTCACTA-1,PB,-0.16185957633632822
MS,PB_31,ATGTGTGGTATGCTTG-1,PB,-0.16825029662996818
MS,PB_31,ATTACTCGTAATCACC-1,PB,-0.07001801433854374
MS,PB_31,ATTACTCGTCAGATAA-1-1,PB,0.3371172537493585
MS,PB_31,ATTATCCAGTGACTCT-1,PB,-0.07001801433854374
MS,PB_31,ATTATCCCAGGTCCAC-1,PB,0.11921247345793719
MS,PB_31,ATTATCCGTAGCTCCG-1,PB,-0.13304686617337752
MS,PB_31,ATTATCCGTATAAACG-1-1,PB,-0.262751468608138
MS,PB_31,ATTATCCGTCACACGC-1,PB,0.03976372596293091
MS,PB_31,ATTATCCGTTGCCTCT-1,PB,-0.07001801433854374
MS,PB_31,ATTATCCGTTTCGCTC-1,PB,-0.25252869250948423
MS,PB_31,ATTCTACCACCTATCC-1,PB,-0.6364454839865233
MS,PB_31,ATTGGACAGCGATGAC-1,PB,0.6131170439866737
MS,PB_31,ATTGGTGCAGAAGCAC-1,PB,-0.6458224515875504
MS,PB_31,ATTGGTGCAGACGCAA-1,PB,0.8778798165132038
MS,PB_31,ATTTCTGGTACCAGTT-1,PB,-0.7353356064788351
MS,PB_31,CAACCAACACATTTCT-1,PB,0.42877628840593013
MS,PB_31,CAAGAAAAGCGTCTAT-1,PB,0.37235991812095276
MS,PB_31,CAAGAAAGTAGGGTAC-1,PB,-0.07001801433854374
MS,PB_31,CAAGATCCACCCTATC-1,PB,-0.4731643077455198
MS,PB_31,CAAGATCGTAGCGTCC-1,PB,-0.07001801433854374
MS,PB_31,CAAGATCGTCGCATAT-1,PB,-0.04806513791590085
MS,PB_31,CAAGATCTCTGCAGTA-1,PB,0.17544264360714595
MS,PB_31,CAAGATCTCTTGTATC-1,PB,0.23152404106137156
MS,PB_31,CAAGGCCCAGCTATTG-1,PB,-0.07001801433854374
MS,PB_31,CAAGGCCGTTGCTCCT-1,PB,-0.12669611728917668
MS,PB_31,CAAGTTGAGGTAGCCA-1-1,PB,0.4162999955201914
MS,PB_31,CAAGTTGGTTACAGAA-1,PB,-0.159371467559861
MS,PB_31,CACAAACAGAGACGAA-1,PB,-0.2127514946284586
MS,PB_31,CACAAACGTCTCTCTG-1,PB,-0.07001801433854374
MS,PB_31,CACACCTCAGCTGTTA-1,PB,-0.23106514394971386
MS,PB_31,CACACTCTCACAAACC-1,PB,0.5380285496304514
MS,PB_31,CACACTCTCCGCAGTG-1,PB,-0.2131033878508777
MS,PB_31,CACAGGCGTGGGTATG-1-1,PB,0.06370517287894119
MS,PB_31,CACCAGGCACATCCGG-1,PB,-0.24009518780975078
MS,PB_31,CACCTTGGTCTCGTTC-1,PB,-0.22885918698284408
MS,PB_31,CACTCCAGTTTGGGCC-1-1,PB,0.057390309961003895
MS,PB_31,CAGAATCAGAAGGTGA-1,PB,0.28877501549034845
MS,PB_31,CAGAATCTCCAAGTAC-1,PB,0.2136240624776473
MS,PB_31,CAGAGAGCAGGAATGC-1,PB,-0.07001801433854374
MS,PB_31,CAGATCATCCGCTGTT-1,PB,-0.26420890940349906
MS,PB_31,CAGCAGCCAGGGAGAG-1,PB,0.23119730175777847
MS,PB_31,CAGCATAGTGAAATCA-1,PB,-0.4209486302707176
MS,PB_31,CAGCCGAAGTGCAAGC-1,PB,0.16213499609014165
MS,PB_31,CAGCCGATCTTGAGGT-1-1,PB,-0.2989822455296798
MS,PB_31,CAGCTAAAGAGACTAT-1,PB,0.48575445874300766
MS,PB_31,CAGCTAACAATCGGTT-1,PB,0.5417710470132002
MS,PB_31,CAGCTAAGTCTCTTAT-1,PB,-0.20944628187030462
MS,PB_31,CAGCTAATCAGTGTTG-1,PB,-0.17948564758088156
MS,PB_31,CAGCTGGAGACTAAGT-1,PB,0.4429514739976375
MS,PB_31,CAGGTGCAGGCTCTTA-1,PB,-0.09597050267849248
MS,PB_31,CAGGTGCCATATGCTG-1,PB,-0.22666519481621153
MS,PB_31,CAGTAACGTGTCTGAT-1,PB,-0.07001801433854374
MS,PB_31,CAGTCCTCATCGGGTC-1,PB,-0.07001801433854374
MS,PB_31,CAGTCCTGTCGGCTCA-1,PB,0.07023809579679317
MS,PB_31,CATATGGAGCAGGCTA-1,PB,-0.07001801433854374
MS,PB_31,CATATGGCATACCATG-1,PB,-0.07001801433854374
MS,PB_31,CATATGGGTCATATGC-1,PB,-0.2107575000524568
MS,PB_31,CATATTCAGGGTTCCC-1,PB,0.24622671148988196
MS,PB_31,CATATTCGTTAAAGTG-1,PB,-0.18291737301448605
MS,PB_31,CATCAAGCACTCAGGC-1,PB,0.042975921076592614
MS,PB_31,CATCAAGCATGTCTCC-1,PB,-0.1771290637565028
MS,PB_31,CATCAAGGTCGTGGCT-1,PB,-0.07001801433854374
MS,PB_31,CATCAGAAGACGCAAC-1,PB,0.10310880120487839
MS,PB_31,CATCCACAGTAGGCCA-1,PB,-0.23721932753495148
MS,PB_31,CATGACAAGGGCACTA-1,PB,-0.07001801433854374
MS,PB_31,CATGCCTGTATAAACG-1,PB,0.04340352422000489
MS,PB_31,CATGGCGTCTTGAGGT-1,PB,-0.15532676295048087
MS,PB_31,CATTATCGTATATGGA-1,PB,-0.16246525448517696
MS,PB_31,CCAATCCTCCCATTTA-1,PB,0.7547056084882031
MS,PB_31,CCACCTAGTCGAATCT-1,PB,-0.19588615369851872
MS,PB_31,CCACCTATCTTTAGGG-1,PB,0.11401922360790694
MS,PB_31,CCACGGATCTCGCATC-1,PB,-0.05402192377242832
MS,PB_31,CCACTACAGGAGCGTT-1,PB,-0.17060873014304642
MS,PB_31,CCACTACAGGCGTACA-1,PB,-0.05262318295603922
MS,PB_31,CCACTACGTTACCAGT-1,PB,-0.21252314854797724
MS,PB_31,CCATGTCAGTTGCAGG-1,PB,-0.07001801433854374
MS,PB_31,CCATGTCCATGCATGT-1,PB,-0.14765830574801897
MS,PB_31,CCATGTCTCGGCGCAT-1,PB,-0.1627967006053421
MS,PB_31,CCCAATCTCCCGACTT-1,PB,0.014879903205716114
MS,PB_31,CCCAGTTAGCTAACAA-1,PB,0.019933010269631218
MS,PB_31,CCCATACAGCCCAACC-1,PB,-0.07001801433854374
MS,PB_31,CCCTCCTAGAAGGGTA-1,PB,0.7295621124515793
MS,PB_31,CCGGGATGTAAGTTCC-1,PB,0.10896932541759267
MS,PB_31,CCGGGATTCGGAAATA-1,PB,-0.2578925642850956
MS,PB_31,CCGGTAGGTTCGCTAA-1,PB,0.317520365331446
MS,PB_31,CCGGTAGTCGCTAGCG-1,PB,0.7725060466252023
MS,PB_31,CCGTACTAGGCTATCT-1,PB,-0.07001801433854374
MS,PB_31,CCGTACTAGTATTGGA-1-1,PB,0.5489578763991961
MS,PB_31,CCGTGGATCTCCGGTT-1,PB,0.1607065182336627
MS,PB_31,CCGTTCACACCCATGG-1,PB,-0.07001801433854374
MS,PB_31,CCGTTCAGTACACCGC-1,PB,-0.5146378647240046
MS,PB_31,CCGTTCATCCATGAAC-1,PB,-0.032414262565801495
MS,PB_31,CCGTTCATCTGAGGGA-1-2,PB,-0.7145438956285154
MS,PB_31,CCTAAAGGTAGCGTGA-1,PB,-0.1849900593751696
MS,PB_31,CCTAAAGTCAGCTCTC-1,PB,-0.20260320773675783
MS,PB_31,CCTAAAGTCGTTGCCT-1-1,PB,0.2535016737056546
MS,PB_31,CCTAAAGTCTACCAGA-1,PB,-0.07343123142523737
MS,PB_31,CCTACACTCGTGACAT-1,PB,-0.07001801433854374
MS,PB_31,CCTACACTCTGGAGCC-1-1,PB,0.14295561707768917
MS,PB_31,CCTACCAAGATGTGTA-1,PB,0.6821699760783082
MS,PB_31,CCTAGCTTCATATCGG-1,PB,-0.08441173812405738
MS,PB_31,CCTCAGTAGTACGACG-1,PB,0.06874449211022145
MS,PB_31,CCTCAGTCAGCCTATA-1,PB,-0.15967859793285835
MS,PB_31,CCTTCCCAGGTGCAAC-1-1,PB,0.05505825521025055
MS,PB_31,CCTTCCCCAGTCAGAG-1,PB,-0.07001801433854374
MS,PB_31,CCTTCCCGTTGTGGAG-1,PB,-0.07001801433854374
MS,PB_31,CCTTCCCTCAGCGATT-1,PB,-0.2196298645125198
MS,PB_31,CCTTCGAAGAGTTGGC-1,PB,0.19642625465475588
MS,PB_31,CCTTCGAAGCTAGCCC-1,PB,-0.19163597349607392
MS,PB_31,CCTTCGACAAAGAATC-1,PB,-0.007749726765926247
MS,PB_31,CCTTCGACAGCCTATA-1,PB,0.4565743417549023
MS,PB_31,CCTTCGAGTACCCAAT-1-1,PB,-0.07001801433854374
MS,PB_31,CCTTCGATCGATGAGG-1,PB,-0.07418201175818785
MS,PB_31,CCTTTCTGTTCCGGCA-1,PB,-0.2357325469691795
MS,PB_31,CGAACATCAGATCGGA-1,PB,-0.07001801433854374
MS,PB_31,CGAATGTCAGTGGGAT-1,PB,0.26146065069073593
MS,PB_31,CGAATGTGTGCACCAC-1,PB,-0.27835826395262747
MS,PB_31,CGAATGTTCTCGTATT-1,PB,-0.17705919779747376
MS,PB_31,CGACCTTCACTTCTGC-1,PB,0.06366978436049577
MS,PB_31,CGACTTCAGTCGTTTG-1,PB,-0.07001801433854374
MS,PB_31,CGAGAAGTCCTCAACC-1,PB,0.20202624609294534
MS,PB_31,CGATGGCCACTAGTAC-1,PB,-0.16750441780848155
MS,PB_31,CGATGTAAGCATCATC-1-1,PB,-0.26392225491518034
MS,PB_31,CGCCAAGGTGTGTGCC-1-1,PB,0.30562241078672037
MS,PB_31,CGCGGTACAAAGGTGC-1,PB,-0.21826545685221704
MS,PB_31,CGCGGTACAACAACCT-1,PB,-0.16772870452202823
MS,PB_31,CGCGTTTCAAGACACG-1,PB,-0.0862124372023675
MS,PB_31,CGCGTTTTCGAACGGA-1,PB,0.27411796274177186
MS,PB_31,CGCTATCGTGTAATGA-1,PB,0.13862525386859592
MS,PB_31,CGCTGGAAGTGGCACA-1,PB,-0.2325648299513831
MS,PB_31,CGCTGGATCTGCTTGC-1,PB,-0.18704146507574068
MS,PB_31,CGCTTCAAGGACAGCT-1,PB,0.10915826586897134
MS,PB_31,CGCTTCACAAGCTGGA-1,PB,-0.7038225828063464
MS,PB_31,CGCTTCATCCTTCAAT-1,PB,0.05824731305383844
MS,PB_31,CGGACACAGCACAGGT-1-1,PB,0.507889984366605
MS,PB_31,CGGACGTAGGAGTCTG-1,PB,0.17542283392639862
MS,PB_31,CGGACGTCATGAAGTA-1-2,PB,0.2081981994288018
MS,PB_31,CGGACTGGTTAGTGGG-1,PB,0.2422409609197577
MS,PB_31,CGGACTGTCTATGTGG-1,PB,-0.08728354140736237
MS,PB_31,CGGAGCTGTGTTTGTG-1,PB,0.3719153010875481
MS,PB_31,CGGAGTCAGGTGACCA-1,PB,-0.2243912551457628
MS,PB_31,CGGAGTCCACCATGTA-1,PB,0.039042606063955064
MS,PB_31,CGGAGTCTCACCTTAT-1,PB,-0.045324763528099284
MS,PB_31,CGGGTCACAAGCCATT-1,PB,-0.2275959601803185
MS,PB_31,CGGGTCACAGACGTAG-1,PB,-0.03579122215064752
MS,PB_31,CGGGTCACATGTCTCC-1-2,PB,0.41162774322280526
MS,PB_31,CGGGTCAGTAGCCTAT-1-3,PB,0.10210988972637204
MS,PB_31,CGGTTAAGTGCAACTT-1,PB,-0.3722446405424374
MS,PB_31,CGTAGCGGTCTAGTCA-1,PB,-0.474038893757887
MS,PB_31,CGTAGCGTCTTGTCAT-1,PB,-0.07001801433854374
MS,PB_31,CGTAGGCAGCACCGCT-1,PB,0.457796670042128
MS,PB_31,CGTCACTCACCCAGTG-1,PB,-0.1528964378681945
MS,PB_31,CGTCAGGTCTTACCGC-1,PB,0.012672781595346174
MS,PB_31,CGTCTACGTGAGGCTA-1,PB,-0.18125587003487081
MS,PB_31,CGTGAGCAGAGACGAA-1,PB,-0.21240709505537206
MS,PB_31,CGTGAGCCAGATGAGC-1,PB,-0.07001801433854374
MS,PB_31,CGTGAGCTCTGGTTCC-1,PB,-0.07001801433854374
MS,PB_31,CGTGTAAGTCTCATCC-1,PB,-0.07001801433854374
MS,PB_31,CGTGTAATCCACTGGG-1,PB,0.12572816290761948
MS,PB_31,CGTGTCTGTTGTCTTT-1,PB,-0.34367496646544965
MS,PB_31,CGTTAGACAAGGCTCC-1,PB,-0.3199450274184033
MS,PB_31,CGTTAGAGTAGCGTGA-1,PB,-0.08055381109186513
MS,PB_31,CGTTCTGAGGTGTTAA-1,PB,0.09915748999796357
MS,PB_31,CGTTCTGTCACTATTC-1,PB,-0.28581031793250844
MS,PB_31,CTAACTTTCCACGAAT-1,PB,-0.07001801433854374
MS,PB_31,CTAACTTTCCGTAGTA-1,PB,0.021247708336570297
MS,PB_31,CTAAGACAGAATTCCC-1,PB,-0.17400552894955298
MS,PB_31,CTAAGACGTATAGTAG-1,PB,-0.07001801433854374
MS,PB_31,CTAATGGAGTTACGGG-1,PB,0.16162260742822543
MS,PB_31,CTAATGGCACAGCCCA-1,PB,-0.07001801433854374
MS,PB_31,CTAATGGGTGCGATAG-1,PB,0.2883488158121685
MS,PB_31,CTACATTAGTGAACGC-1,PB,0.5115709953631931
MS,PB_31,CTACATTCATGCTGGC-1,PB,-0.43410898344351645
MS,PB_31,CTACATTCATGGTAGG-1,PB,0.06209024973887622
MS,PB_31,CTACCCAAGAGTAAGG-1,PB,-0.16110070674718463
MS,PB_31,CTACGTCAGGGCATGT-1,PB,0.3961340637348748
MS,PB_31,CTAGAGTTCCTTAATC-1-1,PB,-0.24798892112258938
MS,PB_31,CTAGCCTAGCCTATGT-1,PB,0.17397298164451286
MS,PB_31,CTAGCCTGTTCAGGCC-1,PB,0.013099803049417272
MS,PB_31,CTCAGAAAGAGTAAGG-1,PB,0.251798448802392
MS,PB_31,CTCCTAGAGTGGTCCC-1,PB,-0.36181553053620374
MS,PB_31,CTCCTAGTCACGACTA-1,PB,0.3307051679527024
MS,PB_31,CTCGAAAGTACTTCTT-1,PB,0.32075900741032914
MS,PB_31,CTCGAAAGTTGCCTCT-1,PB,-0.0515851380959307
MS,PB_31,CTCGGAGAGGGCATGT-1,PB,-0.48990604624291517
MS,PB_31,CTCGGAGCATCTGGTA-1,PB,0.03500032383112658
MS,PB_31,CTCGGAGTCATCACCC-1,PB,0.4761599018887042
MS,PB_31,CTCGGGACACATCCGG-1,PB,-0.19778304967045404
MS,PB_31,CTCGTACGTCGACTAT-1,PB,0.09611722930111097
MS,PB_31,CTCGTACGTGGTCTCG-1,PB,0.05233329624723989
MS,PB_31,CTCGTACTCGGAGGTA-1,PB,-0.41024042320058457
MS,PB_31,CTCGTCAGTTCTGTTT-1,PB,-0.22760467690155006
MS,PB_31,CTCTAATGTCTGGAGA-1,PB,-0.044327780874646186
MS,PB_31,CTCTACGCAATAAGCA-1,PB,-0.07001801433854374
MS,PB_31,CTCTACGTCATCATTC-1,PB,-0.23343650303874997
MS,PB_31,CTCTGGTAGACCGGAT-1-1,PB,-0.4309506405785214
MS,PB_31,CTCTGGTCAAGTCATC-1,PB,-0.38638398667596985
MS,PB_31,CTGAAACAGGAGTAGA-1-1,PB,-0.03537501019343683
MS,PB_31,CTGAAACGTGCAACTT-1,PB,0.13015016856830935
MS,PB_31,CTGAAGTCAAAGCGGT-1,PB,-0.07001801433854374
MS,PB_31,CTGATAGAGGTAGCTG-1,PB,-0.038322105519619364
MS,PB_31,CTGATAGCACCGGAAA-1-1,PB,-0.07001801433854374
MS,PB_31,CTGCCTAAGTGTTTGC-1-1,PB,-0.07001801433854374
MS,PB_31,CTGCCTACAATGGACG-1,PB,0.17514355201171308
MS,PB_31,CTGCGGAAGATAGGAG-1,PB,-0.4440025900087337
MS,PB_31,CTGCGGACACGAAACG-1,PB,-0.20940390809499912
MS,PB_31,CTGCGGAGTATTACCG-1,PB,-0.12736779824666655
MS,PB_31,CTGCGGAGTCGATTGT-1,PB,0.13964936201023764
MS,PB_31,CTGCTGTCATCAGTCA-1,PB,0.045489862712625104
MS,PB_31,CTGGTCTAGATCACGG-1,PB,-0.18155302654550384
MS,PB_31,CTGGTCTGTCACCCAG-1,PB,-0.3161247447157491
MS,PB_31,CTGGTCTTCTGGGCCA-1,PB,-0.2341077464289695
MS,PB_31,CTGTGCTCAGCCTTTC-1,PB,-0.15980437676442263
MS,PB_31,CTGTGCTCAGTAGAGC-1,PB,-0.07001801433854374
MS,PB_31,CTGTTTAAGCGTGAGT-1,PB,0.49179367174118965
MS,PB_31,CTGTTTAGTTCCACGG-1,PB,-0.07001801433854374
MS,PB_31,CTGTTTATCGTAGGAG-1,PB,0.7060524205391513
MS,PB_31,CTTAACTGTGTGCCTG-1,PB,-0.22869986243828988
MS,PB_31,CTTACCGAGCACCGTC-1,PB,-0.23965594055355047
MS,PB_31,CTTACCGCATTACCTT-1,PB,-0.07001801433854374
MS,PB_31,CTTCTCTAGGGAACGG-1,PB,-0.5430154727230699
MS,PB_31,CTTCTCTAGGGTTCCC-1,PB,-0.07001801433854374
MS,PB_31,CTTGGCTAGTCAAGCG-1,PB,0.08063648732837107
MS,PB_31,CTTTGCGCATAAAGGT-1,PB,-0.16681508898901537
MS,PB_31,GAAACTCAGCTTTGGT-1,PB,-0.11378278576858905
MS,PB_31,GAAATGAAGAATGTGT-1,PB,0.6174449757669418
MS,PB_31,GAAATGATCTAACCGA-1,PB,-0.27256440735706955
MS,PB_31,GAACATCAGAGCCCAA-1,PB,0.07622146794062978
MS,PB_31,GAACATCCACCCAGTG-1,PB,0.4620288470616409
MS,PB_31,GAACATCTCTGGAGCC-1,PB,0.2091466927712275
MS,PB_31,GAACCTAAGAAACGCC-1,PB,0.35388846569955845
MS,PB_31,GAACCTAGTTCAGGCC-1,PB,0.04605304775617568
MS,PB_31,GAACCTATCACCGGGT-1-1,PB,-0.016086700998668317
MS,PB_31,GAACCTATCCACGTTC-1,PB,-0.16140985629228694
MS,PB_31,GAACGGATCGCGGATC-1-1,PB,-0.02720857174026247
MS,PB_31,GAAGCAGAGACAATAC-1,PB,-0.2816710556946114
MS,PB_31,GAAGCAGTCGGTCTAA-1,PB,0.1495817715770515
MS,PB_31,GAATAAGCACCCATGG-1,PB,-0.07001801433854374
MS,PB_31,GAATAAGCACGGTAGA-1,PB,-0.07344343311198677
MS,PB_31,GAATGAAGTCCGAAGA-1,PB,0.0012128298538033957
MS,PB_31,GAATGAATCTGGTATG-1,PB,-0.29713325528503637
MS,PB_31,GACACGCAGCATCATC-1-1,PB,0.10659773925043495
MS,PB_31,GACACGCGTAGCGTCC-1,PB,-0.07001801433854374
MS,PB_31,GACACGCTCCTTGACC-1,PB,0.2280411063379905
MS,PB_31,GACAGAGTCAAGAAGT-1,PB,0.28801858298211197
MS,PB_31,GACCTGGAGGAGTCTG-1,PB,-0.16624902393104019
MS,PB_31,GACCTGGTCACGACTA-1,PB,-0.012159907508449792
MS,PB_31,GACGCGTGTACATCCA-1,PB,0.2399866177126968
MS,PB_31,GACGCGTTCTCTGAGA-1,PB,-0.14269383771388802
MS,PB_31,GACGGCTAGGATCGCA-1,PB,-0.07001801433854374
MS,PB_31,GACGTGCAGGATCGCA-1,PB,0.07009513536466551
MS,PB_31,GACTACACATATGCTG-1,PB,-0.16200335504841898
MS,PB_31,GACTGCGCACGCATCG-1,PB,0.33224814885408643
MS,PB_31,GAGCAGAAGTGTCCAT-1,PB,-0.07001801433854374
MS,PB_31,GAGGTGAGTCGCTTCT-1,PB,-0.07001801433854374
MS,PB_31,GATCAGTGTTCCGGCA-1,PB,-0.21354505266531024
MS,PB_31,GATCGATGTAGCACGA-1-1,PB,0.2606132153862934
MS,PB_31,GATCGCGGTACTTAGC-1,PB,-0.21575617318357182
MS,PB_31,GATCGTAAGAGGTTAT-1,PB,-0.1023871418519948
MS,PB_31,GATCGTAAGTGGAGTC-1,PB,0.1313819602189409
MS,PB_31,GATCTAGCACGGATAG-1,PB,-0.22259890351642483
MS,PB_31,GATGAAAGTACGACCC-1,PB,-0.07001801433854374
MS,PB_31,GATGAGGTCGCACTCT-1,PB,-0.16017344997590374
MS,PB_31,GATGCTAAGTCGTTTG-1,PB,0.11509828334291776
MS,PB_31,GCAAACTAGTAATCCC-1,PB,0.11310605564930842
MS,PB_31,GCACATACACATTAGC-1-2,PB,-0.24515493812776085
MS,PB_31,GCACTCTAGTGGGCTA-1,PB,-0.07001801433854374
MS,PB_31,GCAGCCACAGGGTACA-1,PB,0.8075370543533859
MS,PB_31,GCAGCCATCCACTCCA-1,PB,0.6371173988221475
MS,PB_31,GCATACAGTATATGGA-1,PB,0.003319737006403153
MS,PB_31,GCATGATCAACGCACC-1,PB,0.27239441035763773
MS,PB_31,GCATGATCACTTACGA-1,PB,0.38921610657872824
MS,PB_31,GCATGCGAGGGAACGG-1,PB,0.23057215360181288
MS,PB_31,GCATGCGAGGGCTTCC-1,PB,-0.20525516809449543
MS,PB_31,GCATGTACAGCTGTTA-1,PB,-0.14930484002028516
MS,PB_31,GCATGTACATTCACTT-1,PB,-0.44284652257673923
MS,PB_31,GCATGTAGTAGAGTGC-1,PB,0.4695600518210855
MS,PB_31,GCATGTAGTAGATTAG-1,PB,0.4941052314539069
MS,PB_31,GCATGTAGTATGGTTC-1,PB,-0.07001801433854374
MS,PB_31,GCCAAATCAAGGTTTC-1,PB,-0.13856966776887125
MS,PB_31,GCCAAATTCTCGCTTG-1,PB,-0.07001801433854374
MS,PB_31,GCCAAATTCTGTCTCG-1-1,PB,0.646949742223599
MS,PB_31,GCGAGAAAGAGATGAG-1,PB,0.21866120404015973
MS,PB_31,GCGCAGTCATCACGAT-1,PB,-0.07001801433854374
MS,PB_31,GCGCAGTTCGAGGTAG-1,PB,-0.07001801433854374
MS,PB_31,GCGCCAAAGCACCGTC-1,PB,0.41451143085863984
MS,PB_31,GCGCGATGTCGCGGTT-1,PB,0.3131637399156987
MS,PB_31,GCGCGATTCAAGAAGT-1,PB,0.1787806285175333
MS,PB_31,GCTCTGTAGGAGTAGA-1,PB,0.4853383071934257
MS,PB_31,GCTGCAGAGGACGAAA-1-1,PB,-0.1648535142285342
MS,PB_31,GCTGCAGCAACTGGCC-1-1,PB,-0.8349204345990573
MS,PB_31,GCTGCAGCATATGGTC-1-1,PB,0.34168123983349785
MS,PB_31,GCTGCAGCATTATCTC-1,PB,-0.2897758215405786
MS,PB_31,GCTGCAGTCGGATGGA-1,PB,-0.18204946690819332
MS,PB_31,GCTGCTTTCCATGCTC-1,PB,-0.007382515529366006
MS,PB_31,GCTTCCAGTTCGGGCT-1-1,PB,-0.49735471296731004
MS,PB_31,GCTTGAAAGGCGTACA-1,PB,0.07650057499140113
MS,PB_31,GGAAAGCAGTGCTGCC-1,PB,1.004726069173125
MS,PB_31,GGAAAGCGTGTTCGAT-1,PB,0.017481948322342795
MS,PB_31,GGAACTTAGACATAAC-1,PB,-0.07001801433854374
MS,PB_31,GGAACTTCATGCTAGT-1-1,PB,-0.400553181847292
MS,PB_31,GGAATAAGTAAACACA-1,PB,-0.25317146364933113
MS,PB_31,GGACAAGGTGTGGTTT-1,PB,-0.07001801433854374
MS,PB_31,GGACAGAGTAAACCTC-1,PB,-0.2145360639370943
MS,PB_31,GGACAGAGTTTGTTTC-1,PB,-0.07001801433854374
MS,PB_31,GGACGTCTCTACGAGT-1,PB,-0.07001801433854374
MS,PB_31,GGATGTTCAGCCTATA-1,PB,0.04314407330170755
MS,PB_31,GGATTACTCTGCGACG-1,PB,0.18247068284558413
MS,PB_31,GGCAATTGTCTGGTCG-1,PB,-0.12698355577054887
MS,PB_31,GGCCGATGTGCCTGCA-1,PB,-0.3899690312675723
MS,PB_31,GGCCGATTCCCATTTA-1,PB,-0.08471973172997019
MS,PB_31,GGCGACTAGACAAAGG-1,PB,0.10012703560591765
MS,PB_31,GGCGACTAGCTAACTC-1-1,PB,-0.07608044580161831
MS,PB_31,GGCGACTGTCAGATAA-1,PB,0.09852107308628082
MS,PB_31,GGCTCGAAGCCCTAAT-1-1,PB,0.36137070868928395
MS,PB_31,GGCTCGATCGTGGTCG-1,PB,0.6204436368228035
MS,PB_31,GGCTGGTAGCAAATCA-1,PB,0.9342639918995133
MS,PB_31,GGCTGGTTCAATCACG-1,PB,0.1525671923733582
MS,PB_31,GGCTGGTTCCTCGCAT-1,PB,-0.1663591909878747
MS,PB_31,GGCTGGTTCGGAATCT-1-1,PB,0.0345020636602492
MS,PB_31,GGGAATGGTTACTGAC-1,PB,-0.07001801433854374
MS,PB_31,GGGAATGTCGGAAACG-1,PB,0.05419093897211424
MS,PB_31,GGGAATGTCTGGCGTG-1-1,PB,0.10367830122156664
MS,PB_31,GGGACCTGTGACTACT-1,PB,-0.7117208225000905
MS,PB_31,GGGAGATAGTAACCCT-1,PB,0.15055483089756794
MS,PB_31,GGGAGATGTATAGGGC-1,PB,-0.17278497937188236
MS,PB_31,GGGATGAAGTTCCACA-1,PB,0.13528248992572905
MS,PB_31,GGGCACTAGGACAGAA-1-1,PB,-0.07001801433854374
MS,PB_31,GGGCACTCACCTGGTG-1,PB,0.0015857642165827887
MS,PB_31,GGGCACTTCAGAGCTT-1-1,PB,0.2057786354971717
MS,PB_31,GGGCATCTCCGAGCCA-1,PB,-0.07001801433854374
MS,PB_31,GGGTCTGCACAGACAG-1-1,PB,0.3502700809310674
MS,PB_31,GGGTTGCAGGAGTTGC-1,PB,-0.32862171882056074
MS,PB_31,GGTATTGCAAATTGCC-1-1,PB,-0.12189958068608543
MS,PB_31,GGTGAAGAGCTGATAA-1,PB,0.27921212517537486
MS,PB_31,GGTGCGTAGAAACCTA-1,PB,0.6376908196668093
MS,PB_31,GGTGCGTAGTGACATA-1,PB,-0.28428621644467034
MS,PB_31,GGTGCGTTCAAACCGT-1,PB,-0.3357366651789272
MS,PB_31,GGTGTTAAGGATGGTC-1,PB,-0.07001801433854374
MS,PB_31,GGTGTTACACAGCCCA-1,PB,0.1188175607953554
MS,PB_31,GGTGTTATCCGCGGTA-1,PB,-0.2085002053695127
MS,PB_31,GTAACTGAGTCGTACT-1,PB,-0.15631579350862126
MS,PB_31,GTAACTGCACCATCCT-1,PB,0.7929616137393165
MS,PB_31,GTAACTGGTCACCCAG-1,PB,-0.07001801433854374
MS,PB_31,GTACGTAGTCCTCTTG-1-1,PB,-0.07001801433854374
MS,PB_31,GTACTCCAGCCGTCGT-1-1,PB,-0.07001801433854374
MS,PB_31,GTACTCCGTTCAACCA-1,PB,0.18376540403811423
MS,PB_31,GTACTCCTCACGACTA-1-1,PB,0.27848390553287616
MS,PB_31,GTACTTTAGTACGATA-1-1,PB,0.3671892316230924
MS,PB_31,GTACTTTCACTGTCGG-1,PB,-0.07001801433854374
MS,PB_31,GTACTTTTCCCTCTTT-1-1,PB,-0.1156997544383569
MS,PB_31,GTACTTTTCTACTATC-1,PB,-0.07001801433854374
MS,PB_31,GTAGGCCCAAGGTTCT-1-1,PB,-0.07001801433854374
MS,PB_31,GTAGGCCTCTGTCCGT-1,PB,-0.22293222144099206
MS,PB_31,GTAGTCAAGAAGGGTA-1,PB,0.03525449676206777
MS,PB_31,GTAGTCAAGACGCAAC-1,PB,0.22462271521787397
MS,PB_31,GTATTCTAGCTTTGGT-1-1,PB,0.36845996294032396
MS,PB_31,GTATTCTTCCTCGCAT-1,PB,-0.259343651075634
MS,PB_31,GTCAAGTCATATACGC-1,PB,-0.25463321072559053
MS,PB_31,GTCACAATCTAACTCT-1,PB,0.19172772161076734
MS,PB_31,GTCACGGCACTACAGT-1,PB,-0.3016822038978331
MS,PB_31,GTCACGGCAGCGATCC-1,PB,-0.07001801433854374
MS,PB_31,GTCACGGGTCACACGC-1,PB,-0.0049970658557060964
MS,PB_31,GTCATTTCACAACTGT-1,PB,0.3395102150669051
MS,PB_31,GTCATTTGTGCCTGTG-1,PB,0.06216178502544882
MS,PB_31,GTCCTCACAGGGTTAG-1,PB,-0.15858401448697618
MS,PB_31,GTCCTCATCGGCGGTT-1,PB,0.6962464454495024
MS,PB_31,GTCGGGTTCTTGACGA-1,PB,-0.23630749382181218
MS,PB_31,GTCGTAAGTCAAAGAT-1,PB,0.07326057298424034
MS,PB_31,GTCGTAATCAGCTCGG-1,PB,0.5405584603310176
MS,PB_31,GTCTCGTCAAGGGTCA-1,PB,-0.07001801433854374
MS,PB_31,GTCTCGTCACAGGCCT-1,PB,-0.07001801433854374
MS,PB_31,GTCTCGTCACGGCTAC-1,PB,-0.33808668750273724
MS,PB_31,GTCTCGTCAGATGGGT-1,PB,-0.1417785873866497
MS,PB_31,GTCTCGTGTCGCTTTC-1,PB,0.24706673681262228
MS,PB_31,GTCTCGTGTTCGGCAC-1,PB,-0.23359220503099704
MS,PB_31,GTCTTCGGTGTCAATC-1,PB,0.6235715833166522
MS,PB_31,GTCTTCGGTTACCAGT-1,PB,-0.9147211326960679
MS,PB_31,GTCTTCGTCCTTTCTC-1,PB,-0.4083911850148573
MS,PB_31,GTGCAGCCACTGTGTA-1,PB,-0.07001801433854374
MS,PB_31,GTGCAGCTCAATAAGG-1,PB,0.340862961262291
MS,PB_31,GTGCATAGTGAAGGCT-1-1,PB,-0.07001801433854374
MS,PB_31,GTGCATATCAGTCAGT-1-2,PB,-0.6023985430726333
MS,PB_31,GTGCATATCCCTCAGT-1,PB,0.6982413367293386
MS,PB_31,GTGCGGTCAAGGTTTC-1,PB,0.5106783468163862
MS,PB_31,GTGCGGTCATCCTTGC-1,PB,-0.17408616169389932
MS,PB_31,GTGCTTCAGTGAACAT-1,PB,-0.16853271594694125
MS,PB_31,GTGCTTCCAGCCTTTC-1,PB,0.3695872302926756
MS,PB_31,GTGCTTCGTCTAGAGG-1,PB,0.2426610458740405
MS,PB_31,GTGCTTCTCTCTTATG-1,PB,-0.11904764246682166
MS,PB_31,GTGCTTCTCTGAGGGA-1,PB,0.17445258398759705
MS,PB_31,GTGGGTCGTCATGCCG-1,PB,-0.3865023974246227
MS,PB_31,GTGTGCGGTACTTAGC-1,PB,0.17981978633296564
MS,PB_31,GTGTGCGTCACTCCTG-1-1,PB,-0.30152295015895003
MS,PB_31,GTTAAGCAGATTACCC-1,PB,0.7024565062388808
MS,PB_31,GTTACAGAGCTGGAAC-1,PB,0.053377079341268785
MS,PB_31,GTTCATTCAACGATGG-1,PB,-0.07001801433854374
MS,PB_31,GTTCTCGAGCACGCCT-1,PB,-0.5695921034665374
MS,PB_31,TAAACCGAGCGCTCCA-1,PB,-0.20047332433286952
MS,PB_31,TAAACCGCATGCCCGA-1,PB,0.7445156616226816
MS,PB_31,TAAGCGTTCCAGTATG-1,PB,-0.14292736450469365
MS,PB_31,TAAGCGTTCTGCCAGG-1,PB,0.13906583622305366
MS,PB_31,TAAGTGCCAAAGCAAT-1,PB,-0.6310311227149297
MS,PB_31,TAAGTGCTCCCTAACC-1,PB,0.05556253784247698
MS,PB_31,TACACGATCCCTCAGT-1,PB,0.15606496420110777
MS,PB_31,TACCTTAAGGTCGGAT-1,PB,-0.10791923109129124
MS,PB_31,TACCTTAGTCTCCATC-1,PB,0.17153828945678715
MS,PB_31,TACGGATAGAGTTGGC-1,PB,-0.5822912285644625
MS,PB_31,TACGGATTCTTGTTTG-1-1,PB,-0.07001801433854374
MS,PB_31,TACGGTATCTGCGGCA-1,PB,0.43335257351238976
MS,PB_31,TACTTACTCCGCGTTT-1,PB,-0.023903423685348195
MS,PB_31,TACTTGTAGAGGTTGC-1,PB,-0.24316288638407602
MS,PB_31,TACTTGTTCGCATGGC-1,PB,-0.05649196039039916
MS,PB_31,TAGACCACACAGACTT-1,PB,0.21179626185913475
MS,PB_31,TAGACCACACCCTATC-1,PB,-0.19444032481468637
MS,PB_31,TAGACCATCGGAAACG-1,PB,0.4663451292969255
MS,PB_31,TAGACCATCGTCTGAA-1,PB,0.11845066208899076
MS,PB_31,TAGAGCTCATTCCTGC-1,PB,0.16598638089161719
MS,PB_31,TAGCCGGCAAGGTTTC-1,PB,-0.1850647208573927
MS,PB_31,TAGCCGGCAAGTTGTC-1,PB,0.218262622780343
MS,PB_31,TAGGCATAGCGATTCT-1,PB,0.12100643169813696
MS,PB_31,TAGTGGTAGAGCTGCA-1,PB,-0.21443830014316395
MS,PB_31,TAGTGGTAGATGCGAC-1,PB,-0.07001801433854374
MS,PB_31,TAGTGGTCAGCCTGTG-1,PB,-0.16899307898239554
MS,PB_31,TAGTTGGAGCTATGCT-1,PB,-0.09790461548887557
MS,PB_31,TATCAGGCAAAGGCGT-1,PB,-0.7247273546526889
MS,PB_31,TATCTCAAGGGTCGAT-1,PB,0.4054364125672478
MS,PB_31,TATCTCAGTCATGCAT-1,PB,0.8644155222047655
MS,PB_31,TATCTCAGTCGCGAAA-1,PB,-0.5121195320854584
MS,PB_31,TATCTCATCGTCTGAA-1,PB,-0.6239553056045066
MS,PB_31,TATGCCCGTAAGCACG-1-1,PB,0.1625675096927302
MS,PB_31,TATGCCCGTCCGTCAG-1,PB,-0.2234960849673086
MS,PB_31,TATTACCAGTCCATAC-1,PB,-0.12298868493877473
MS,PB_31,TATTACCCATCATCCC-1,PB,-0.07001801433854374
MS,PB_31,TATTACCTCCCTGACT-1,PB,-0.019846254395610125
MS,PB_31,TCAACGACAAATTGCC-1,PB,-0.2673266838734179
MS,PB_31,TCAATCTCATTCTTAC-1,PB,0.032293574751582406
MS,PB_31,TCACAAGTCATGCTCC-1,PB,-0.14830789802189212
MS,PB_31,TCACGAATCCAATGGT-1,PB,0.044453529315969874
MS,PB_31,TCAGATGCAAGGACTG-1-2,PB,-0.11505396506512569
MS,PB_31,TCAGATGGTGCCTGTG-1,PB,0.19795698811190862
MS,PB_31,TCAGATGTCTCACATT-1,PB,-0.20708948196919447
MS,PB_31,TCAGCAAAGAGTAATC-1,PB,0.14576530455459227
MS,PB_31,TCAGCAAAGTACGATA-1,PB,-0.07001801433854374
MS,PB_31,TCAGCTCAGGAGCGTT-1,PB,-0.12625361013558214
MS,PB_31,TCAGCTCCACGTTGGC-1-1,PB,0.10785978872757832
MS,PB_31,TCAGCTCGTCTGATTG-1,PB,0.09164728178399743
MS,PB_31,TCAGGATCAATGCCAT-1,PB,0.3666099300487783
MS,PB_31,TCAGGTACAAGAAGAG-1,PB,0.3537623218800679
MS,PB_31,TCATTTGAGTTGTCGT-1-1,PB,-0.17691205707196173
MS,PB_31,TCATTTGGTACCTACA-1,PB,-0.19979735110468846
MS,PB_31,TCCACACAGCTCCTTC-1,PB,0.23687499188815164
MS,PB_31,TCCACACGTCTAGCGC-1,PB,-0.25373446408867617
MS,PB_31,TCCACACGTGAAAGAG-1-1,PB,-0.1750176742640202
MS,PB_31,TCCCGATGTCTAGGTT-1,PB,0.12912376474133908
MS,PB_31,TCGCGAGTCCGCGCAA-1,PB,0.06565898187977685
MS,PB_31,TCGCGAGTCGGATGTT-1,PB,0.26374571853033163
MS,PB_31,TCGCGAGTCTCAAACG-1,PB,-0.07001801433854374
MS,PB_31,TCGCGAGTCTCTGAGA-1,PB,0.0297010827522687
MS,PB_31,TCGCGTTTCCTCCTAG-1,PB,0.2336609261063105
MS,PB_31,TCGGTAACAAGACACG-1,PB,-0.3580154058943852
MS,PB_31,TCGGTAACAGTATCTG-1,PB,-0.18632177886440598
MS,PB_31,TCGGTAAGTGACTACT-1-1,PB,-0.07001801433854374
MS,PB_31,TCGGTAATCACATAGC-1,PB,-0.3058223791644511
MS,PB_31,TCGTAGAGTTCGGGCT-1,PB,-0.14961896541420466
MS,PB_31,TCTATTGAGACCACGA-1,PB,0.24839213122640294
MS,PB_31,TCTATTGAGATCCCGC-1,PB,-0.23018938457947782
MS,PB_31,TCTCATAAGGTGATTA-1,PB,0.07607734444319013
MS,PB_31,TCTCATACACATCTTT-1,PB,-0.16195910325681526
MS,PB_31,TCTCATACAGTTAACC-1,PB,-0.07001801433854374
MS,PB_31,TCTCTAAGTAAGCACG-1,PB,0.09139581027167433
MS,PB_31,TCTGAGACACGACGAA-1,PB,-0.07001801433854374
MS,PB_31,TCTGGAAGTTCATGGT-1,PB,0.10555004557154717
MS,PB_31,TCTTCGGAGGGTTTCT-1,PB,-0.18262056834681215
MS,PB_31,TCTTCGGTCAAAGTAG-1,PB,0.10868615075616114
MS,PB_31,TGACAACAGCACCGCT-1,PB,0.06701293713927706
MS,PB_31,TGACAACAGGACATTA-1-1,PB,-0.2504920158730068
MS,PB_31,TGACAACGTGCACCAC-1,PB,0.3222756972996782
MS,PB_31,TGACGGCCAGTTCCCT-1,PB,0.12053070420886058
MS,PB_31,TGACGGCGTACTTAGC-1,PB,0.5163053676164913
MS,PB_31,TGACTAGAGGCATTGG-1-1,PB,0.2545147562384454
MS,PB_31,TGACTAGTCAGTGCAT-1,PB,-0.07001801433854374
MS,PB_31,TGACTAGTCTATCCTA-1,PB,-0.04867358653285181
MS,PB_31,TGACTTTTCATTGCGA-1,PB,0.08479990742379784
MS,PB_31,TGAGAGGAGTGAAGAG-1,PB,-0.07001801433854374
MS,PB_31,TGAGAGGAGTGTACTC-1,PB,-0.07001801433854374
MS,PB_31,TGAGAGGGTTTCCACC-1,PB,-0.18587584956273634
MS,PB_31,TGAGCCGCAGCCAATT-1,PB,-0.29191661409175557
MS,PB_31,TGAGCCGCAGTAGAGC-1,PB,-0.24116849840184038
MS,PB_31,TGAGCCGGTCACTTCC-1,PB,0.045487488816207906
MS,PB_31,TGAGCCGTCAATACCG-1-1,PB,-0.05023771377795761
MS,PB_31,TGATTTCAGGAGTAGA-1,PB,-0.5956585820302178
MS,PB_31,TGATTTCCATCTACGA-1,PB,0.11534642952336671
MS,PB_31,TGATTTCTCAATACCG-1,PB,0.2643522268323684
MS,PB_31,TGCCAAAAGGTGATTA-1,PB,-0.02495889238904434
MS,PB_31,TGCCAAATCCTGTACC-1,PB,0.3407137786698921
MS,PB_31,TGCCCATAGACAAAGG-1,PB,0.312335790986069
MS,PB_31,TGCCCATAGCTTATCG-1,PB,-0.1951848064916005
MS,PB_31,TGCCCATCACAGCGTC-1,PB,-0.3986364645174289
MS,PB_31,TGCCCTAGTTACGCGC-1,PB,-0.011604024878562904
MS,PB_31,TGCGCAGAGAATGTTG-1,PB,-0.12173073001029396
MS,PB_31,TGCGGGTCAAGCTGTT-1-1,PB,0.03778053360109558
MS,PB_31,TGCTACCAGTCGAGTG-1,PB,-0.07001801433854374
MS,PB_31,TGCTACCCAGCTGCTG-1-2,PB,-0.23605329311884898
MS,PB_31,TGCTACCCAGGGCATA-1,PB,-0.07001801433854374
MS,PB_31,TGGCCAGTCCCATTAT-1,PB,0.8083585284729545
MS,PB_31,TGGCCAGTCCGCGTTT-1,PB,0.5940245165727497
MS,PB_31,TGGCGCAAGCGTTCCG-1,PB,-0.8469441451316067
MS,PB_31,TGGCGCACATCCGTGG-1,PB,0.1647737834840725
MS,PB_31,TGGCTGGGTACCAGTT-1,PB,-0.03164778476409193
MS,PB_31,TGGGAAGTCCGCGCAA-1,PB,0.09363089252947458
MS,PB_31,TGGGAAGTCTCGTATT-1,PB,-0.34598960232807474
MS,PB_31,TGGGCGTTCGGAAACG-1,PB,0.0075061262510477
MS,PB_31,TGGTTAGCAGTGGGAT-1,PB,0.084167720070078
MS,PB_31,TGGTTAGTCCTAGGGC-1,PB,0.05055577965369883
MS,PB_31,TGGTTCCAGTGAACAT-1,PB,-0.3360387731008058
MS,PB_31,TGTATTCAGAACAACT-1-1,PB,0.1172045903379781
MS,PB_31,TGTATTCAGAGCCTAG-1,PB,0.34417069624370633
MS,PB_31,TGTATTCCAAGCTGAG-1,PB,-0.2402807998930809
MS,PB_31,TGTATTCCACAGCCCA-1,PB,-0.23091099449723787
MS,PB_31,TGTCCCAGTCATTAGC-1,PB,-0.27284250522492115
MS,PB_31,TGTGTTTCAGCCAATT-1-1,PB,-0.02199964306673291
MS,PB_31,TGTTCCGAGATGTTAG-1,PB,0.1813499140659248
MS,PB_31,TGTTCCGCAAGCTGGA-1,PB,-0.056742294490420224
MS,PB_31,TGTTCCGGTGGCCCTA-1,PB,0.23610827177842375
MS,PB_31,TGTTCCGGTTAGATGA-1,PB,-0.07001801433854374
MS,PB_31,TGTTCCGTCTTAGCCC-1-1,PB,-0.7142177775221615
MS,PB_31,TTAACTCAGAATGTTG-1,PB,-0.04563504176178084
MS,PB_31,TTAACTCGTGTCGCTG-1,PB,-0.07001801433854374
MS,PB_31,TTAGGCAAGACAGGCT-1,PB,0.0898500110741894
MS,PB_31,TTAGGCAAGCGTGTCC-1-1,PB,0.07651757546986664
MS,PB_31,TTAGGCATCAACCAAC-1,PB,-0.07001801433854374
MS,PB_31,TTAGTTCGTGGCAAAC-1,PB,0.04515699741543965
MS,PB_31,TTCGGTCAGCCCGAAA-1,PB,-0.07001801433854374
MS,PB_31,TTCTACAAGTGACTCT-1,PB,0.1531046607762679
MS,PB_31,TTCTACAAGTTCCACA-1,PB,-0.33579666600844454
MS,PB_31,TTCTACAGTTCCGTCT-1,PB,0.539726117971148
MS,PB_31,TTCTCAATCGGTTAAC-1,PB,0.1698207736606794
MS,PB_31,TTCTCCTAGTGAACGC-1,PB,0.1262767854088438
MS,PB_31,TTGAACGCATACGCCG-1,PB,0.3748693647207254
MS,PB_31,TTGGCAAGTCGTTGTA-1,PB,-0.22100036906938178
MS,PB_31,TTGTAGGCAGATCTGT-1-1,PB,-0.15637360633313582
MS,PB_31,TTTACTGCACAGACTT-1,PB,-0.22252841624823705
MS,PB_31,TTTACTGGTTGGTAAA-1,PB,0.41151060342012924
MS,PB_31,TTTATGCCACGAAACG-1,PB,-0.15862478805961247
MS,PB_31,TTTCCTCCATGCCACG-1,PB,0.8989005345661044
MS,PB_31,TTTCCTCGTCCCGACA-1,PB,-0.06236358201380131
MS,PB_31,TTTCCTCTCGAGAGCA-1,PB,0.09701103541325352
MS,PB_31,TTTCCTCTCGTAGGTT-1-1,PB,0.08992479324520342
MS,PB_31,TTTGCGCAGTCGATAA-1-1,PB,-0.16190385385957443
MS,PB_31,TTTGCGCCATGGGACA-1,PB,0.10194447656473704
MS,PB_31,TTTGCGCGTCCATCCT-1,PB,0.11456169887895025
MS,PB_31,TTTGCGCGTCGACTGC-1,PB,-0.13887980853590937
MS,PB_31,TTTGCGCTCAGAGGTG-1,PB,0.29916346204387095
MS,PB_31,TTTGGTTGTACTTGAC-1,PB,-0.18419461321944136
MS,PB_31,TTTGTCAAGACTGTAA-1,PB,-0.02786214654740585
HC,PB_32,AAACCTGCAGGACCCT-1,PB,0.16827321197178388
HC,PB_32,AAACCTGCATGAAGTA-1,PB,-0.03289645557623035
HC,PB_32,AAACCTGGTAAGGGCT-1,PB,-0.3465597704850105
HC,PB_32,AAAGTAGCAGCCACCA-1-1,PB,0.23433235226442664
HC,PB_32,AAATGCCTCAAGGTAA-1,PB,0.18775752411125154
HC,PB_32,AAATGCCTCTAGAGTC-1-1,PB,0.443466110582205
HC,PB_32,AACACGTTCTCCAGGG-1,PB,-0.07001801433854374
HC,PB_32,AACCGCGCAAATTGCC-1,PB,-0.22594454574454906
HC,PB_32,AACGTTGCAGGATTGG-1,PB,-0.431504526708601
HC,PB_32,AACGTTGCATCACGTA-1,PB,-0.1883319948918955
HC,PB_32,AACGTTGGTTCCCTTG-1,PB,-0.1702794051332921
HC,PB_32,AACTCCCCATCGGTTA-1,PB,-0.8683406635733423
HC,PB_32,AACTGGTCAATGACCT-1,PB,-0.07001801433854374
HC,PB_32,AACTGGTCACCATGTA-1,PB,-0.07001801433854374
HC,PB_32,AACTTTCTCCCAAGAT-1,PB,-0.20407667578635305
HC,PB_32,AAGACCTTCACATAGC-1,PB,-0.2931668171119947
HC,PB_32,AAGCCGCAGCCGTCGT-1-1,PB,0.4154251811971639
HC,PB_32,AAGCCGCTCGGCGCAT-1,PB,-0.8259397370481422
HC,PB_32,AAGGCAGTCGGATGTT-1-1,PB,-0.7538237035851482
HC,PB_32,AAGGTTCTCTGCGACG-1,PB,0.2700764605987856
HC,PB_32,AATCCAGAGAGCCCAA-1,PB,-0.07001801433854374
HC,PB_32,ACACCCTTCACAATGC-1-1,PB,-0.07001801433854374
HC,PB_32,ACACTGACACCATCCT-1,PB,0.161199131660787
HC,PB_32,ACACTGACACCGTTGG-1,PB,0.3421029549869724
HC,PB_32,ACACTGATCAACGCTA-1-1,PB,0.023594041920131283
HC,PB_32,ACAGCCGTCTCGATGA-1-1,PB,-0.07001801433854374
HC,PB_32,ACATGGTCAGCGAACA-1-1,PB,0.07577750220314956
HC,PB_32,ACATGGTTCGTTACGA-1,PB,0.2821947940898864
HC,PB_32,ACCAGTACAGCTCGAC-1,PB,0.3234928584625036
HC,PB_32,ACCCACTCAGCTGCAC-1,PB,-0.07001801433854374
HC,PB_32,ACGATACCAGTGAGTG-1,PB,0.14767869085019827
HC,PB_32,ACGATACCATACTCTT-1,PB,-0.0029158979219392317
HC,PB_32,ACGATACTCGCCAAAT-1,PB,0.15732510099577998
HC,PB_32,ACGATGTGTATAATGG-1,PB,0.015713818050433963
HC,PB_32,ACGCAGCTCACTTACT-1,PB,0.289189812634092
HC,PB_32,ACGCAGCTCAGTTGAC-1,PB,-0.1373420259603704
HC,PB_32,ACGCCAGAGTGGACGT-1,PB,-0.27589058328384014
HC,PB_32,ACGCCAGGTAGAGGAA-1,PB,-0.060766214651341265
HC,PB_32,ACGCCGATCAGCACAT-1,PB,-0.2087021440643811
HC,PB_32,ACGGCCACAGCAGTTT-1,PB,-0.07001801433854374
HC,PB_32,ACGGGCTGTTAAGACA-1,PB,-0.44881207465127393
HC,PB_32,ACGGGTCCATAAGACA-1-1,PB,0.0870758288104908
HC,PB_32,ACGTCAAGTCTCTCGT-1,PB,-0.07001801433854374
HC,PB_32,ACTGAGTGTCGGCACT-1,PB,-0.07001801433854374
HC,PB_32,ACTGATGCATGTCTCC-1,PB,-0.07001801433854374
HC,PB_32,ACTGTCCGTTCCATGA-1,PB,0.048254271027925524
HC,PB_32,ACTGTCCTCAGTTTGG-1,PB,0.8464129939324112
HC,PB_32,AGAATAGAGAAGGGTA-1-2,PB,-0.37799873089440034
HC,PB_32,AGACGTTCATTAGCCA-1,PB,0.4538530437730278
HC,PB_32,AGAGTGGTCACCTTAT-1,PB,-0.2739536741135438
HC,PB_32,AGATCTGTCAGCACAT-1,PB,-0.31661009294479714
HC,PB_32,AGATTGCCAAGCGAGT-1,PB,0.18280252158760676
HC,PB_32,AGATTGCCATAGAAAC-1,PB,-0.5182131435072322
HC,PB_32,AGATTGCGTTCCCGAG-1,PB,-0.43174784445705344
HC,PB_32,AGCAGCCAGCGATTCT-1,PB,-0.2706476933341759
HC,PB_32,AGCAGCCGTGAAGGCT-1,PB,0.5328477616422932
HC,PB_32,AGCCTAAAGGAGTAGA-1,PB,-0.3001538052387746
HC,PB_32,AGCCTAACATGCTAGT-1,PB,0.03130232055864936
HC,PB_32,AGCCTAAGTCATATGC-1-2,PB,0.12461009779499002
HC,PB_32,AGCGGTCGTCTGGAGA-1,PB,-0.14953762887583189
HC,PB_32,AGCGGTCGTTGACGTT-1,PB,0.43137527619835403
HC,PB_32,AGCGTCGGTGGCCCTA-1,PB,-0.2715786120256295
HC,PB_32,AGCTCTCCAGATCGGA-1,PB,-0.07001801433854374
HC,PB_32,AGCTCTCTCTTAGAGC-1,PB,-0.2707555524157604
HC,PB_32,AGCTTGACAGCGTCCA-1,PB,0.18061587385842054
HC,PB_32,AGGCCACCATTAGCCA-1,PB,0.15487045274943864
HC,PB_32,AGGGAGTTCCGAATGT-1,PB,-0.7652759176166312
HC,PB_32,AGGGATGGTGCCTGTG-1,PB,-0.2590656087108658
HC,PB_32,AGGTCCGGTACCGTAT-1,PB,0.30555360926120956
HC,PB_32,AGTAGTCGTGAGGGAG-1,PB,-0.05169397493366092
HC,PB_32,AGTAGTCTCGTAGATC-1,PB,-0.11497058986007533
HC,PB_32,AGTCTTTTCGCTAGCG-1,PB,0.8782429637051541
HC,PB_32,AGTGAGGTCCCTTGCA-1-1,PB,-0.2442074815995354
HC,PB_32,AGTGGGATCCGCTGTT-1,PB,-0.18200263837027228
HC,PB_32,AGTTGGTGTAATCGTC-1,PB,-0.08517270672123116
HC,PB_32,ATAACGCAGTTAGCGG-1,PB,0.09947227616556961
HC,PB_32,ATAACGCCACCACCAG-1,PB,-0.07001801433854374
HC,PB_32,ATAGACCTCAGAAATG-1,PB,0.27729264018129773
HC,PB_32,ATCACGAGTGCTTCTC-1,PB,0.08002652701518223
HC,PB_32,ATCATCTAGGACGAAA-1,PB,-0.4403353838019755
HC,PB_32,ATCCACCCATCTGGTA-1-2,PB,0.08352907216958348
HC,PB_32,ATCCACCGTCGTCTTC-1,PB,-0.07001801433854374
HC,PB_32,ATCCACCGTGGTTTCA-1,PB,0.03007173661834325
HC,PB_32,ATCGAGTGTGCACTTA-1,PB,0.0351894871156525
HC,PB_32,ATCTACTAGTTTAGGA-1,PB,-0.20420872173959254
HC,PB_32,ATCTGCCCAGACAAAT-1-1,PB,0.38632671928756057
HC,PB_32,ATCTGCCTCCATGAGT-1,PB,-0.07001801433854374
HC,PB_32,ATGAGGGTCTGAAAGA-1,PB,-0.28935956053808864
HC,PB_32,ATGCGATAGCTGAACG-1,PB,-0.07001801433854374
HC,PB_32,ATGCGATTCCGTAGTA-1,PB,-0.3063008486551984
HC,PB_32,ATGGGAGAGATGCCTT-1,PB,-0.310996463371724
HC,PB_32,ATGGGAGTCTTGCCGT-1,PB,-0.4784091452776111
HC,PB_32,ATGTGTGTCTCTGCTG-1,PB,-0.3024329186628996
HC,PB_32,ATTATCCCACACGCTG-1,PB,-0.3067888611056964
HC,PB_32,ATTATCCGTTCCCGAG-1,PB,0.2976152518415094
HC,PB_32,ATTGGACCATATGGTC-1,PB,-0.2766769572407407
HC,PB_32,ATTGGACCATCGGACC-1,PB,-0.8836171428664438
HC,PB_32,ATTTCTGAGACCACGA-1,PB,-0.2073672619300628
HC,PB_32,ATTTCTGTCCGCGTTT-1,PB,-0.22603335523018933
HC,PB_32,CAACCAAGTACGCTGC-1,PB,0.23303132123683087
HC,PB_32,CAACCTCGTAATCACC-1,PB,-0.3076169090092255
HC,PB_32,CAAGATCCATTACCTT-1,PB,-0.07001801433854374
HC,PB_32,CAAGATCTCAGTCCCT-1,PB,-0.7850025746046325
HC,PB_32,CAAGGCCTCTATCGCC-1-1,PB,0.07558288990077451
HC,PB_32,CAAGTTGAGATGCGAC-1,PB,0.08193091097054642
HC,PB_32,CAAGTTGGTGAGGCTA-1,PB,0.0529666649273186
HC,PB_32,CACACAACACTAGTAC-1-1,PB,-0.4068725531788729
HC,PB_32,CACACAATCCTTTACA-1,PB,0.16492686331169276
HC,PB_32,CACACCTCAATGGAAT-1,PB,0.4919754625535025
HC,PB_32,CACACCTGTCACCCAG-1,PB,0.08048592824104747
HC,PB_32,CACAGGCCATCCGGGT-1,PB,0.5834578410610185
HC,PB_32,CACAGGCTCCACGAAT-1,PB,-0.07001801433854374
HC,PB_32,CACAGTAAGAAGGTTT-1,PB,-0.5634519646141959
HC,PB_32,CACAGTACAGCAGTTT-1-1,PB,0.18397883674476634
HC,PB_32,CACATAGTCAGGCGAA-1,PB,0.23700110597922372
HC,PB_32,CACATTTCAGCTCGAC-1,PB,0.14059495351318474
HC,PB_32,CACATTTCAGTTTACG-1-1,PB,-0.07001801433854374
HC,PB_32,CACATTTGTACTTGAC-1,PB,-0.02281979455809693
HC,PB_32,CACCACTAGTGTGGCA-1-1,PB,0.21891096294010076
HC,PB_32,CACCACTCAGGCGATA-1,PB,-0.07001801433854374
HC,PB_32,CACCTTGAGCTAGTTC-1,PB,-0.07001801433854374
HC,PB_32,CACCTTGCACGTCAGC-1,PB,-0.36377639637961795
HC,PB_32,CACTCCAGTGGACGAT-1,PB,0.2475976756594163
HC,PB_32,CAGAATCGTCTAACGT-1,PB,0.06346146456330023
HC,PB_32,CAGAGAGAGCTCCTCT-1,PB,-0.1244140599426214
HC,PB_32,CAGCAGCGTCAGGACA-1,PB,-0.2092019420141664
HC,PB_32,CAGCCGACACCGCTAG-1,PB,-0.24600586127779386
HC,PB_32,CAGCCGATCTATCGCC-1,PB,-0.15373481932388747
HC,PB_32,CAGCGACGTGAAGGCT-1,PB,-0.07001801433854374
HC,PB_32,CAGCTAACAGCTGTAT-1,PB,0.16244122148613335
HC,PB_32,CAGCTAACAGGACCCT-1,PB,0.0014658217592739792
HC,PB_32,CAGGTGCCACGTTGGC-1,PB,-0.2197296063008745
HC,PB_32,CAGTAACAGTGAAGTT-1,PB,0.17082461437516003
HC,PB_32,CAGTAACGTTGCGCAC-1,PB,-0.07001801433854374
HC,PB_32,CAGTCCTTCCGAATGT-1,PB,-0.5552704904662371
HC,PB_32,CAGTCCTTCTCCGGTT-1,PB,-0.32420107287549377
HC,PB_32,CATATTCGTGTAATGA-1,PB,-0.07001801433854374
HC,PB_32,CATCGAACATCACCCT-1,PB,0.02051828200825479
HC,PB_32,CATGACACATGTCCTC-1,PB,-0.07001801433854374
HC,PB_32,CATGACATCTGCTGTC-1,PB,-0.010718217396206407
HC,PB_32,CATGGCGCACCCATTC-1,PB,0.2370916594217297
HC,PB_32,CATTATCCAAGGTTCT-1-1,PB,0.026679180307846218
HC,PB_32,CCACCTAGTCTCTTAT-1,PB,-1.0421801388845588
HC,PB_32,CCACCTATCAGCGACC-1,PB,0.17230431991244802
HC,PB_32,CCACGGAGTAAATACG-1,PB,-0.2030529109391511
HC,PB_32,CCACGGAGTCGCGTGT-1-1,PB,-0.11790942124437108
HC,PB_32,CCACGGATCGTGGTCG-1,PB,-0.07001801433854374
HC,PB_32,CCACTACAGGAATTAC-1,PB,0.24733358892965648
HC,PB_32,CCACTACAGGAGCGTT-1-1,PB,0.3546961673387335
HC,PB_32,CCACTACTCGTGGGAA-1,PB,-0.07001801433854374
HC,PB_32,CCAGCGACATTTGCTT-1,PB,0.1732700358635472
HC,PB_32,CCATTCGGTGCGCTTG-1,PB,-0.053243826663522044
HC,PB_32,CCGGGATAGCTTTGGT-1-1,PB,0.15117117898830562
HC,PB_32,CCGGTAGGTCAGAGGT-1,PB,0.08123756848070086
HC,PB_32,CCGGTAGTCATGTCCC-1,PB,-0.7244381159133921
HC,PB_32,CCGTTCACACAGGAGT-1,PB,-0.050429092911398465
HC,PB_32,CCGTTCAGTCTCCCTA-1-1,PB,-0.6017827318113047
HC,PB_32,CCTACACCAGCTTCGG-1,PB,-0.412253865767578
HC,PB_32,CCTACACCATGCTAGT-1,PB,0.07277925313009889
HC,PB_32,CCTACACGTATATCCG-1,PB,-0.07001801433854374
HC,PB_32,CCTACACGTTACTGAC-1,PB,-0.07001801433854374
HC,PB_32,CCTACCATCTGGAGCC-1-1,PB,-0.21077223724611674
HC,PB_32,CCTATTATCAACACCA-1,PB,-0.6449240018247716
HC,PB_32,CCTCTGAAGTACCGGA-1,PB,-0.29182120373324627
HC,PB_32,CCTCTGATCGGCTTGG-1,PB,-0.26047456886706694
HC,PB_32,CCTTCGATCAGCATGT-1-1,PB,0.04739544409481665
HC,PB_32,CCTTCGATCAGTTCGA-1,PB,0.2652645497035797
HC,PB_32,CGAACATAGACGCTTT-1,PB,-0.07001801433854374
HC,PB_32,CGAACATTCAGAGGTG-1,PB,-0.07001801433854374
HC,PB_32,CGAACATTCTTCCTTC-1,PB,-0.27148371495322166
HC,PB_32,CGAACATTCTTCTGGC-1,PB,-0.053373580601778714
HC,PB_32,CGAATGTCACCAGGCT-1-1,PB,0.2980992752715879
HC,PB_32,CGAATGTCATCGATTG-1-1,PB,0.5434281857054245
HC,PB_32,CGACCTTCACTAGTAC-1,PB,-0.25014182579087335
HC,PB_32,CGACCTTTCCTTGCCA-1,PB,0.08141558581448792
HC,PB_32,CGACTTCCAAGCGCTC-1,PB,-0.18649290169181873
HC,PB_32,CGACTTCCATTGGTAC-1,PB,-0.2569029808308766
HC,PB_32,CGAGAAGGTACAGCAG-1,PB,0.3316647943623086
HC,PB_32,CGAGAAGTCACATAGC-1,PB,-0.0568529679651944
HC,PB_32,CGAGCCAGTCTGGTCG-1,PB,-0.07001801433854374
HC,PB_32,CGAGCCATCAATAAGG-1,PB,-0.6065747646901478
HC,PB_32,CGATGTACAGGCAGTA-1,PB,-0.07001801433854374
HC,PB_32,CGCCAAGAGCGGATCA-1,PB,-0.22017185258404912
HC,PB_32,CGCCAAGCACAGGCCT-1,PB,-0.4011520990559744
HC,PB_32,CGCGTTTGTAATCGTC-1,PB,-0.24852391112756747
HC,PB_32,CGCGTTTGTTTGGCGC-1,PB,0.9309482069026425
HC,PB_32,CGCGTTTTCTGTTGAG-1-1,PB,-0.28225851352327774
HC,PB_32,CGCTATCAGAGAACAG-1,PB,-0.3100599254960469
HC,PB_32,CGCTGGACAAGGCTCC-1,PB,-0.33989853288162486
HC,PB_32,CGCTGGACATATGCTG-1,PB,-0.6071960082154885
HC,PB_32,CGCTTCATCCGAAGAG-1-2,PB,0.3061888910719278
HC,PB_32,CGGACTGCACAGCGTC-1-1,PB,-0.4651189210699371
HC,PB_32,CGGAGCTAGTAGATGT-1,PB,-0.07001801433854374
HC,PB_32,CGGAGCTTCCTCGCAT-1,PB,-0.0676692908400127
HC,PB_32,CGGCTAGTCGAGAACG-1,PB,-0.44991945766938723
HC,PB_32,CGGGTCACAATCAGAA-1,PB,-0.08128670309775078
HC,PB_32,CGGGTCATCATCGATG-1,PB,-0.07001801433854374
HC,PB_32,CGTAGCGTCTCTAAGG-1,PB,-0.42575570949712827
HC,PB_32,CGTAGGCTCCTGCCAT-1,PB,0.341156686825685
HC,PB_32,CGTCACTAGCCATCGC-1-1,PB,-0.1761299001211392
HC,PB_32,CGTCACTGTTCTGTTT-1,PB,-0.7622204308012938
HC,PB_32,CGTCACTTCACGAAGG-1,PB,-0.15695645932658991
HC,PB_32,CGTCAGGAGACTTTCG-1,PB,-0.6102682568518508
HC,PB_32,CGTCTACGTTGTGGCC-1,PB,-0.2799751032457384
HC,PB_32,CGTGTAACAAACGCGA-1-1,PB,-0.28819126939497164
HC,PB_32,CGTTCTGGTTTGCATG-1,PB,-0.17288414882307973
HC,PB_32,CGTTGGGTCCGCGCAA-1,PB,-0.25275545602854327
HC,PB_32,CTAACTTAGTGGGTTG-1,PB,0.2815751339282536
HC,PB_32,CTAATGGGTCGCGAAA-1,PB,-0.07001801433854374
HC,PB_32,CTAATGGGTTACGCGC-1-2,PB,0.4723094863633173
HC,PB_32,CTAATGGTCACGACTA-1,PB,-0.24730754154949056
HC,PB_32,CTACATTTCTCGCATC-1,PB,-0.2717535504285798
HC,PB_32,CTACGTCAGGAGTTTA-1,PB,0.43211623366632096
HC,PB_32,CTAGAGTTCGTTTATC-1,PB,-0.4526987518916717
HC,PB_32,CTAGCCTCAAGGTTTC-1,PB,-0.5843290415699717
HC,PB_32,CTAGTGAAGCACACAG-1,PB,0.42274512011643905
HC,PB_32,CTAGTGAGTGACTACT-1,PB,0.6187726166106746
HC,PB_32,CTCAGAAGTTCGCGAC-1,PB,0.832554120644039
HC,PB_32,CTCATTAAGACTGGGT-1,PB,0.37825115898719636
HC,PB_32,CTCATTAAGCGACGTA-1,PB,-0.07001801433854374
HC,PB_32,CTCATTAAGCGTTCCG-1,PB,-0.07001801433854374
HC,PB_32,CTCCTAGGTAGCGATG-1-1,PB,-0.29012317297631046
HC,PB_32,CTCCTAGGTCCTCCAT-1,PB,-0.07001801433854374
HC,PB_32,CTCGAAAGTCCCTACT-1,PB,-0.35013073377546816
HC,PB_32,CTCGAAAGTGTCTGAT-1,PB,0.1678552578140857
HC,PB_32,CTCGAAATCGCCCTTA-1,PB,-0.35816745835674485
HC,PB_32,CTCGTACAGATACACA-1,PB,-0.07001801433854374
HC,PB_32,CTCGTACAGTACCGGA-1,PB,0.48233270049185856
HC,PB_32,CTCGTCACATTCGACA-1,PB,0.15245162215997868
HC,PB_32,CTCTAATGTGCAGACA-1,PB,0.06308760255730414
HC,PB_32,CTCTAATTCCCGACTT-1-1,PB,-1.0248422078045583
HC,PB_32,CTCTACGCACAGGAGT-1,PB,-0.2399522727463935
HC,PB_32,CTCTGGTCAATCGAAA-1-1,PB,-0.07001801433854374
HC,PB_32,CTCTGGTCAATCTACG-1,PB,-0.13660109103866988
HC,PB_32,CTCTGGTGTACCATCA-1-1,PB,0.1829744538068833
HC,PB_32,CTGAAGTCACGTGAGA-1,PB,-0.35398536672965314
HC,PB_32,CTGAAGTGTTCGTTGA-1-1,PB,0.044896356128766045
HC,PB_32,CTGATAGTCTGCAAGT-1,PB,0.10401822329980018
HC,PB_32,CTGATCCCAATGCCAT-1,PB,-0.07001801433854374
HC,PB_32,CTGCGGACAAAGAATC-1,PB,-0.15523538455192556
HC,PB_32,CTGCGGACATCCCACT-1,PB,0.8832176617351699
HC,PB_32,CTGCTGTTCACCTCGT-1,PB,-0.07001801433854374
HC,PB_32,CTGTGCTAGAATGTGT-1,PB,0.5574754418099628
HC,PB_32,CTGTGCTAGGTCATCT-1,PB,0.16148263062318538
HC,PB_32,CTGTGCTGTAACGTTC-1,PB,0.41633151284352665
HC,PB_32,CTTAACTTCTGGCGTG-1,PB,-0.18767300308208368
HC,PB_32,CTTACCGAGAGTCTGG-1,PB,0.4560292294261296
HC,PB_32,CTTAGGAGTACCTACA-1,PB,-0.34332041144119796
HC,PB_32,CTTGGCTTCCCTTGCA-1,PB,0.6194369594899679
HC,PB_32,CTTTGCGTCATACGGT-1-1,PB,-0.07001801433854374
HC,PB_32,GAAGCAGCAAGGACTG-1,PB,-0.07001801433854374
HC,PB_32,GAAGCAGTCCAAAGTC-1,PB,-0.026173796541621084
HC,PB_32,GAATAAGGTACCGCTG-1,PB,0.2783838276728189
HC,PB_32,GAATGAAGTCGGCATC-1,PB,0.04157185363008279
HC,PB_32,GACACGCCAGCTATTG-1,PB,0.24621070011031213
HC,PB_32,GACAGAGCATCTACGA-1,PB,-0.6993010216366244
HC,PB_32,GACAGAGTCCACGTGG-1-1,PB,-0.25939414972059505
HC,PB_32,GACCAATGTGTTTGGT-1-1,PB,-0.31366749951203005
HC,PB_32,GACCTGGGTAGGGTAC-1,PB,-0.21152894087200952
HC,PB_32,GACGGCTGTAAACGCG-1,PB,0.9009879411986889
HC,PB_32,GACGGCTTCTGCGGCA-1,PB,-0.23368728664736843
HC,PB_32,GACGTGCTCTGCAAGT-1,PB,-0.07001801433854374
HC,PB_32,GACGTTAAGGATGCGT-1,PB,0.11356165254165827
HC,PB_32,GACTAACCACCCATGG-1,PB,-0.32221531509985357
HC,PB_32,GACTACAGTCCGTTAA-1,PB,0.41298831668999286
HC,PB_32,GAGCAGAGTCTTGATG-1,PB,-0.5321476502850709
HC,PB_32,GAGGTGAAGATATGCA-1,PB,-0.1799776370718844
HC,PB_32,GAGTCCGCAACACGCC-1-1,PB,-0.07001801433854374
HC,PB_32,GAGTCCGGTAGCGTGA-1,PB,0.09147851228810246
HC,PB_32,GATCAGTTCAAAGTAG-1-1,PB,-0.15115464935163173
HC,PB_32,GATCGCGCAATAGCAA-1-1,PB,-0.12466006528964114
HC,PB_32,GATCGCGCAGCTCCGA-1,PB,0.42901349240778824
HC,PB_32,GATCGCGGTTAAGATG-1,PB,0.3546801057919451
HC,PB_32,GATCGTAAGCAACGGT-1-1,PB,-0.28234685626398964
HC,PB_32,GATCTAGAGGTGATTA-1-1,PB,-0.24879850474783022
HC,PB_32,GATCTAGAGGTTCCTA-1,PB,-0.07001801433854374
HC,PB_32,GATCTAGCATGCAATC-1,PB,-0.39216892978185147
HC,PB_32,GATGAAAAGTTTCCTT-1,PB,0.473112942687396
HC,PB_32,GATGAAAGTACTTGAC-1,PB,0.9385673585571356
HC,PB_32,GATGAGGCAAAGTCAA-1,PB,-0.08095777886479574
HC,PB_32,GATGCTACAATCCGAT-1,PB,0.12413904660571462
HC,PB_32,GATTCAGAGACGACGT-1-1,PB,-0.20256105107316585
HC,PB_32,GCAATCAAGAGCTTCT-1-1,PB,-0.24331717817572945
HC,PB_32,GCAATCAAGTCGATAA-1,PB,0.49516718112406066
HC,PB_32,GCAATCACACCAGCAC-1-1,PB,0.9667830604058205
HC,PB_32,GCACATAAGCGATAGC-1-1,PB,-0.30860720582292295
HC,PB_32,GCAGCCACAAGGACAC-1,PB,-0.27135950567359574
HC,PB_32,GCAGCCACACTGTCGG-1,PB,-0.10252841009776252
HC,PB_32,GCAGTTAAGGCCCGTT-1-1,PB,0.2013891186312121
HC,PB_32,GCATACATCAGTACGT-1,PB,0.4836443233045887
HC,PB_32,GCATGATAGAGACGAA-1,PB,0.11277403590597727
HC,PB_32,GCATGTATCTCGCATC-1,PB,0.18864038295737645
HC,PB_32,GCATGTATCTTCTGGC-1-1,PB,-0.321361693082067
HC,PB_32,GCATGTATCTTGAGAC-1,PB,-0.08712764286142874
HC,PB_32,GCCTCTAGTTGGTTTG-1,PB,0.26891497231701933
HC,PB_32,GCGACCACACAGACAG-1,PB,0.041608857690778815
HC,PB_32,GCGCAGTGTAATCGTC-1,PB,0.13735680462638505
HC,PB_32,GCGCAGTTCGTTGACA-1,PB,-0.07001801433854374
HC,PB_32,GCGGGTTAGTCGATAA-1,PB,-0.3803940121639645
HC,PB_32,GCGGGTTTCATGGTCA-1,PB,0.6759308650813337
HC,PB_32,GCTCCTAAGTCGTACT-1-1,PB,-0.18508335049761324
HC,PB_32,GCTCTGTGTAGCTAAA-1,PB,0.24588469821452033
HC,PB_32,GCTGCAGTCATGTAGC-1,PB,0.27436480961360926
HC,PB_32,GCTGGGTCATATACGC-1-1,PB,0.36298791651360846
HC,PB_32,GGAACTTGTGACTCAT-1-1,PB,0.35269197439073857
HC,PB_32,GGAATAAGTAAGGGAA-1,PB,-0.13891293772384933
HC,PB_32,GGAATAAGTACAGCAG-1,PB,-0.07001801433854374
HC,PB_32,GGAATAAGTACCGTAT-1,PB,0.16800353012002814
HC,PB_32,GGACAGAGTGACGCCT-1,PB,-0.2925212355815075
HC,PB_32,GGACATTGTGTTAAGA-1,PB,0.0038483519485524626
HC,PB_32,GGACATTGTGTTGAGG-1,PB,-0.7714766837576155
HC,PB_32,GGACGTCTCTGTGCAA-1,PB,0.9474811910006314
HC,PB_32,GGATGTTAGACTGGGT-1-1,PB,0.022193589826515894
HC,PB_32,GGATGTTCAATTGCTG-1,PB,0.0035789022264354525
HC,PB_32,GGATGTTTCCTGCTTG-1,PB,0.13664630692952676
HC,PB_32,GGCAATTAGATATACG-1,PB,0.09508337906962562
HC,PB_32,GGCCGATCATCTGGTA-1,PB,-0.23860421158009146
HC,PB_32,GGCCGATGTCGATTGT-1-1,PB,0.05362647107594994
HC,PB_32,GGCCGATTCAGTTCGA-1,PB,-0.07001801433854374
HC,PB_32,GGCGTGTGTCTCTTAT-1-1,PB,-0.18901937540218186
HC,PB_32,GGCTGGTAGTGACTCT-1,PB,-0.07001801433854374
HC,PB_32,GGCTGGTAGTGGCACA-1,PB,0.0170987065513385
HC,PB_32,GGCTGGTGTGCACTTA-1,PB,-0.22398246325530136
HC,PB_32,GGGAATGAGTGACATA-1,PB,-0.3665818719557387
HC,PB_32,GGGAATGCATGCCCGA-1,PB,0.14549447677078783
HC,PB_32,GGGAATGTCGCAAACT-1,PB,-0.2832578389436294
HC,PB_32,GGGACCTGTGGCGAAT-1-1,PB,-1.0841391531737146
HC,PB_32,GGGCATCAGGCAATTA-1,PB,0.1402131499416873
HC,PB_32,GGGCATCGTAGAGCTG-1,PB,0.23070671928758385
HC,PB_32,GGGCATCTCGGTGTCG-1,PB,-0.311951020356877
HC,PB_32,GGGTCTGAGTTCCACA-1,PB,0.49621500455467416
HC,PB_32,GGGTCTGGTAACGACG-1,PB,-0.22059831240289118
HC,PB_32,GGGTCTGGTTACCAGT-1,PB,-0.5938864285266882
HC,PB_32,GGGTTGCAGGATGGAA-1,PB,0.07815948285240694
HC,PB_32,GGGTTGCGTGCCTGTG-1,PB,-0.2304752419047945
HC,PB_32,GGGTTGCTCGACCAGC-1,PB,-0.1907280353909777
HC,PB_32,GGTATTGGTGGTCCGT-1-1,PB,0.34330010224063334
HC,PB_32,GGTGAAGGTACCATCA-1-1,PB,-0.06720089454600807
HC,PB_32,GGTGCGTCAGTTTACG-1,PB,-0.7948048961482047
HC,PB_32,GGTGCGTTCGCCCTTA-1-2,PB,-0.07001801433854374
HC,PB_32,GGTGTTACAAGAAAGG-1,PB,0.2528701562917424
HC,PB_32,GTAACTGGTCGCGAAA-1,PB,0.2952767779510797
HC,PB_32,GTACGTATCAACGCTA-1-1,PB,-0.2003905779459469
HC,PB_32,GTACTTTTCGTAGATC-1,PB,0.04860765152568093
HC,PB_32,GTAGTCAGTAGCCTAT-1,PB,-0.22319123330155427
HC,PB_32,GTATCTTGTTTGGCGC-1,PB,-0.07001801433854374
HC,PB_32,GTCAAGTTCCACGAAT-1,PB,-0.07001801433854374
HC,PB_32,GTCACAAAGACGCACA-1,PB,0.4625217679424255
HC,PB_32,GTCACAAAGTAGTGCG-1,PB,0.3430643420329234
HC,PB_32,GTCACAAGTACATGTC-1,PB,-0.10683158444076046
HC,PB_32,GTCACGGAGCTCCCAG-1-1,PB,-0.07269066764356451
HC,PB_32,GTCATTTCATGTTCCC-1,PB,0.09812444256187766
HC,PB_32,GTCCTCAGTACCCAAT-1,PB,0.2791281238966787
HC,PB_32,GTCGGGTCAATGGAAT-1,PB,-0.09538862248814162
HC,PB_32,GTCGTAACATATGCTG-1,PB,-0.2449913522465061
HC,PB_32,GTCGTAAGTCCGAAGA-1,PB,0.12526260154971183
HC,PB_32,GTCTCGTTCTGGGCCA-1,PB,-0.07001801433854374
HC,PB_32,GTGCAGCAGGAGTTGC-1,PB,-0.07001801433854374
HC,PB_32,GTGCATAGTCAGGACA-1,PB,-0.23016901789847166
HC,PB_32,GTGCGGTCAGCCACCA-1-1,PB,-0.3002756075726687
HC,PB_32,GTGCTTCAGCATGGCA-1,PB,0.09821746496872498
HC,PB_32,GTGGGTCAGGTGATTA-1,PB,0.49794161626169403
HC,PB_32,GTGGGTCTCGTGGGAA-1,PB,0.012421835760230593
HC,PB_32,GTGTGCGGTGTGGTTT-1,PB,0.3670847110797918
HC,PB_32,GTGTTAGAGTCTCGGC-1,PB,-0.07001801433854374
HC,PB_32,GTTACAGTCCAAATGC-1,PB,-0.07001801433854374
HC,PB_32,GTTCGGGCAATGAATG-1,PB,-0.1514677694799537
HC,PB_32,GTTCTCGCATCCAACA-1,PB,0.20407576448602377
HC,PB_32,GTTCTCGGTCAAACTC-1,PB,0.41870131508083336
HC,PB_32,TAAACCGAGATCTGAA-1,PB,0.04545198951299545
HC,PB_32,TAAGCGTCACGGCCAT-1,PB,-0.25202812626341065
HC,PB_32,TAAGCGTGTAGGCATG-1,PB,-0.4374151595368419
HC,PB_32,TAAGCGTTCCTATGTT-1,PB,0.29828684550042445
HC,PB_32,TACACGAAGATCTGCT-1,PB,0.27802161475590237
HC,PB_32,TACCTATTCGTTACAG-1,PB,-0.056402937975071656
HC,PB_32,TACCTTATCGCTTAGA-1,PB,0.32678269494773177
HC,PB_32,TACGGATTCCACGAAT-1,PB,-0.5449130733888389
HC,PB_32,TACGGGCGTCGCTTCT-1,PB,0.08611838368896549
HC,PB_32,TACTCATTCTAACTCT-1,PB,0.12078707595086266
HC,PB_32,TACTCGCCACAGAGGT-1,PB,-0.07001801433854374
HC,PB_32,TACTCGCGTACCCAAT-1,PB,-0.07001801433854374
HC,PB_32,TACTTGTAGGAGTCTG-1,PB,-0.18230099750385126
HC,PB_32,TACTTGTTCCGCATAA-1,PB,-0.33506095343782033
HC,PB_32,TAGAGCTCAGTCTTCC-1-1,PB,-0.40460909812033446
HC,PB_32,TAGGCATCATACTCTT-1,PB,0.03003626081805352
HC,PB_32,TAGTGGTAGATATGGT-1,PB,-0.26762500806959194
HC,PB_32,TAGTTGGTCAGCGATT-1,PB,-0.07001801433854374
HC,PB_32,TATCAGGTCGTGACAT-1,PB,-0.07001801433854374
HC,PB_32,TATCAGGTCTCTAAGG-1,PB,-0.40101632283357874
HC,PB_32,TATGCCCCACGGTAAG-1,PB,0.31625446121472517
HC,PB_32,TATTACCAGGAATCGC-1,PB,-0.7494957682937132
HC,PB_32,TATTACCCAAATCCGT-1-1,PB,-0.07001801433854374
HC,PB_32,TCAGCAACACCTCGGA-1,PB,-0.2913421738839031
HC,PB_32,TCAGCTCTCTTAGCCC-1,PB,-0.3154990101081779
HC,PB_32,TCAGGATCACTACAGT-1,PB,-0.27148891473097886
HC,PB_32,TCAGGATTCCCAACGG-1,PB,-0.7606808702135409
HC,PB_32,TCAGGATTCGGGAGTA-1,PB,-0.23065464363289118
HC,PB_32,TCAGGATTCTGCGACG-1,PB,0.09138336139479117
HC,PB_32,TCAGGTACATTGTGCA-1,PB,-0.07001801433854374
HC,PB_32,TCCACACAGGTGCAAC-1,PB,-0.14897746019946206
HC,PB_32,TCGAGGCAGATGCGAC-1,PB,-0.07001801433854374
HC,PB_32,TCGCGAGCACAGCGTC-1,PB,-0.6628219527177033
HC,PB_32,TCGCGTTTCAGGCGAA-1,PB,-0.07001801433854374
HC,PB_32,TCGGGACAGGTGATTA-1,PB,-0.05028511997797475
HC,PB_32,TCGGGACCAAAGGCGT-1,PB,-0.12716870586120615
HC,PB_32,TCGGGACCACATGTGT-1,PB,-0.3296377902232662
HC,PB_32,TCGGGACTCCGCATAA-1-1,PB,0.2722203699945399
HC,PB_32,TCGGGACTCTGTTTGT-1,PB,0.16466256695669143
HC,PB_32,TCGGTAACAGAAGCAC-1,PB,-0.4912792164341297
HC,PB_32,TCGTAGACACAGGTTT-1,PB,-0.6071370855004864
HC,PB_32,TCTATTGCACCCTATC-1,PB,-0.07001801433854374
HC,PB_32,TCTATTGTCTAACCGA-1,PB,0.24707126172911256
HC,PB_32,TCTCTAAAGTAGGCCA-1-1,PB,-0.18042504817647137
HC,PB_32,TCTGGAAGTCCCTACT-1-1,PB,0.15919052314183055
HC,PB_32,TCTGGAAGTTGCCTCT-1,PB,-0.06760625306012405
HC,PB_32,TCTGGAATCAGTTGAC-1,PB,-0.21461126614187678
HC,PB_32,TCTTCGGCAGCCAGAA-1,PB,-0.04628049280166415
HC,PB_32,TCTTCGGCATACTACG-1,PB,-0.07001801433854374
HC,PB_32,TCTTCGGCATACTCTT-1,PB,-0.636555074750162
HC,PB_32,TCTTTCCAGAATGTGT-1,PB,-0.3490549728844505
HC,PB_32,TGAAAGAGTACATCCA-1,PB,-0.13755340774748107
HC,PB_32,TGACAACCACGACGAA-1,PB,0.3588255789610883
HC,PB_32,TGACAACGTGCTCTTC-1-1,PB,-0.07001801433854374
HC,PB_32,TGACGGCCAATGTTGC-1,PB,-0.05648257345713433
HC,PB_32,TGACGGCCACACATGT-1,PB,0.41871867690046466
HC,PB_32,TGACGGCCAGCTGGCT-1-1,PB,-0.2733087545402448
HC,PB_32,TGACGGCCATCGACGC-1,PB,0.22955088970185042
HC,PB_32,TGACTAGCACGTGAGA-1,PB,0.5358492459116474
HC,PB_32,TGACTAGGTGCGGTAA-1-1,PB,0.17035098423998335
HC,PB_32,TGACTTTGTGCGGTAA-1-1,PB,0.0174763812427278
HC,PB_32,TGAGGGAGTAGTAGTA-1,PB,-0.07001801433854374
HC,PB_32,TGATTTCCAGGGAGAG-1,PB,-0.07001801433854374
HC,PB_32,TGCACCTCAATCCGAT-1-1,PB,-0.9792574796350978
HC,PB_32,TGCCAAAGTGCACCAC-1,PB,0.43288170345010796
HC,PB_32,TGCCAAAGTTAAGACA-1,PB,-0.32670428154673814
HC,PB_32,TGCCCATAGATCGGGT-1,PB,-0.07001801433854374
HC,PB_32,TGCCCATCATGTTCCC-1,PB,0.17227208407985298
HC,PB_32,TGCCCTATCCTTAATC-1,PB,-0.07001801433854374
HC,PB_32,TGCGGGTGTCTTCAAG-1-1,PB,0.1476242694200121
HC,PB_32,TGCGGGTTCATAACCG-1,PB,-0.14663969120299916
HC,PB_32,TGCGTGGTCTTGACGA-1,PB,0.37183136849234527
HC,PB_32,TGCTACCCATAGGATA-1,PB,0.05672706319166323
HC,PB_32,TGCTACCTCGAGCCCA-1,PB,0.2988381990533533
HC,PB_32,TGGCTGGAGCAGCGTA-1-1,PB,-0.34115008342074093
HC,PB_32,TGGCTGGTCGGAATCT-1,PB,-0.3862151411114931
HC,PB_32,TGGGAAGGTGTAACGG-1,PB,-0.38727438142109655
HC,PB_32,TGGTTAGAGCATGGCA-1,PB,0.018877722245197792
HC,PB_32,TGGTTAGCAAACGTGG-1,PB,0.7057649067031555
HC,PB_32,TGTCCCACACGGTAGA-1,PB,0.07752102541123505
HC,PB_32,TGTGTTTGTAGGAGTC-1-1,PB,-0.22591917716362064
HC,PB_32,TGTTCCGGTAGAGGAA-1,PB,-0.23353669786085682
HC,PB_32,TGTTCCGTCCAAACAC-1,PB,-0.030088092701640805
HC,PB_32,TGTTCCGTCCAATGGT-1,PB,0.3624093073326549
HC,PB_32,TGTTCCGTCTCCTATA-1,PB,-0.5073484492493004
HC,PB_32,TTAACTCCACGTGAGA-1-1,PB,0.1511571391678601
HC,PB_32,TTAACTCGTGCAACTT-1,PB,-0.07001801433854374
HC,PB_32,TTAACTCTCGTTTGCC-1,PB,-0.5420781151978781
HC,PB_32,TTAGGACCATATACGC-1,PB,-0.2748210212168072
HC,PB_32,TTAGGACTCTAACGGT-1,PB,-0.23417181116246547
HC,PB_32,TTAGGCATCAGGATCT-1,PB,0.18970326786587344
HC,PB_32,TTAGTTCAGGATTCGG-1,PB,-0.20360713633105373
HC,PB_32,TTAGTTCAGGCGCTCT-1,PB,0.3570715714310797
HC,PB_32,TTAGTTCGTAATTGGA-1,PB,0.07704981528471379
HC,PB_32,TTAGTTCTCCACGAAT-1-1,PB,-0.23234473433654088
HC,PB_32,TTCCCAGCATGGGAAC-1,PB,-0.07001801433854374
HC,PB_32,TTCGGTCTCTGGTGTA-1,PB,0.1481987593421796
HC,PB_32,TTCTACATCACAATGC-1-2,PB,-0.21481634032377508
HC,PB_32,TTCTACATCTAACTTC-1,PB,0.5198734579523446
HC,PB_32,TTCTACATCTCCTATA-1-1,PB,0.37853031367752166
HC,PB_32,TTCTCAACATGGTAGG-1,PB,0.32015657553171895
HC,PB_32,TTCTTAGCACGGTTTA-1,PB,-0.07029130980955016
HC,PB_32,TTGAACGCATCGGTTA-1,PB,-0.15591465716835126
HC,PB_32,TTGAACGGTCCTCCAT-1-2,PB,-0.21736764409439746
HC,PB_32,TTGGAACCAGCGTAAG-1,PB,-0.07001801433854374
HC,PB_32,TTGGCAATCGCGATCG-1-1,PB,0.2478574359121973
HC,PB_32,TTGTAGGTCTGAGGGA-1-1,PB,-0.1803335991650631
HC,PB_32,TTTACTGCAGGACGTA-1-1,PB,-0.21011015181246048
HC,PB_32,TTTATGCGTTGCGCAC-1,PB,-0.5364876870864638
HC,PB_32,TTTGCGCGTAAGCACG-1,PB,-0.07001801433854374
HC,PB_32,TTTGGTTTCAACCAAC-1-1,PB,0.059817419481516025
HC,PB_32,TTTGTCAGTTTGCATG-1,PB,0.21986581842818656
MS,MS19270_PB,GSM4104134_AAACCTGAGTGTCCAT-1,PB,0.2910575889281556
MS,MS19270_PB,GSM4104134_AAAGATGAGACGACGT-1,PB,-0.20514780638584457
MS,MS19270_PB,GSM4104134_AAAGATGAGGAGCGTT-1,PB,-0.46626767148855447
MS,MS19270_PB,GSM4104134_AAAGATGGTCCGCTGA-1,PB,-0.5685312348921676
MS,MS19270_PB,GSM4104134_AAAGCAATCAGTTGAC-1,PB,-0.5212928615604161
MS,MS19270_PB,GSM4104134_AAAGTAGTCTACTTAC-1,PB,-0.4813803096836175
MS,MS19270_PB,GSM4104134_AACCATGTCTGCTGCT-1,PB,-0.2639248012403221
MS,MS19270_PB,GSM4104134_AACCGCGTCCTTTACA-1,PB,0.3130710452391995
MS,MS19270_PB,GSM4104134_AACGTTGGTTCAGACT-1,PB,-0.07001801433854374
MS,MS19270_PB,GSM4104134_AACTCCCCAAGGTTCT-1,PB,-0.22923921758933835
MS,MS19270_PB,GSM4104134_AACTGGTCAAGAGGCT-1,PB,-0.07001801433854374
MS,MS19270_PB,GSM4104134_AACTTTCAGTACTTGC-1,PB,-0.07001801433854374
MS,MS19270_PB,GSM4104134_AACTTTCGTCGGCACT-1,PB,-0.07001801433854374
MS,MS19270_PB,GSM4104134_AAGACCTCATCCGCGA-1,PB,-0.6060588623444481
MS,MS19270_PB,GSM4104134_AAGTCTGGTAGGGTAC-1,PB,-0.07001801433854374
MS,MS19270_PB,GSM4104134_ACACCAACACAAGCCC-1,PB,-0.8378081574351207
MS,MS19270_PB,GSM4104134_ACACCCTTCACCAGGC-1,PB,0.20007705720331906
MS,MS19270_PB,GSM4104134_ACACTGAGTTAAAGTG-1,PB,-0.07001801433854374
MS,MS19270_PB,GSM4104134_ACATCAGGTCATATGC-1,PB,-0.07001801433854374
MS,MS19270_PB,GSM4104134_ACCAGTACATTCCTGC-1,PB,0.09421008430100515
MS,MS19270_PB,GSM4104134_ACCGTAAAGGATATAC-1,PB,-0.5375646062471434
MS,MS19270_PB,GSM4104134_ACCGTAAAGTCGTTTG-1,PB,-0.2437944179655059
MS,MS19270_PB,GSM4104134_ACGAGGAGTGAAGGCT-1,PB,-0.21622369205502007
MS,MS19270_PB,GSM4104134_ACGCAGCTCGCGTAGC-1,PB,-0.14870027831625215
MS,MS19270_PB,GSM4104134_ACGGCCACAACAACCT-1,PB,0.37774661067399623
MS,MS19270_PB,GSM4104134_ACGGCCAGTGTAACGG-1,PB,-0.07001801433854374
MS,MS19270_PB,GSM4104134_ACGGGCTGTCGAATCT-1,PB,-0.07001801433854374
MS,MS19270_PB,GSM4104134_ACTATCTTCAAGAAGT-1,PB,0.42519284016817493
MS,MS19270_PB,GSM4104134_ACTGAGTCAGATGGCA-1,PB,-0.1988682338829992
MS,MS19270_PB,GSM4104134_ACTGATGGTATGCTTG-1,PB,0.07969591361685634
MS,MS19270_PB,GSM4104134_ACTGATGTCAGTTCGA-1,PB,0.3232420832505185
MS,MS19270_PB,GSM4104134_ACTGTCCTCGCTTAGA-1,PB,0.6502223515759633
MS,MS19270_PB,GSM4104134_AGAATAGGTCGAGTTT-1,PB,-0.18517455617658
MS,MS19270_PB,GSM4104134_AGAGCTTAGAGTTGGC-1,PB,-0.07001801433854374
MS,MS19270_PB,GSM4104134_AGAGTGGAGGCATGGT-1,PB,-0.2909913262555908
MS,MS19270_PB,GSM4104134_AGATCTGAGTTAACGA-1,PB,-0.42494349729259756
MS,MS19270_PB,GSM4104134_AGATCTGAGTTACCCA-1,PB,-0.07001801433854374
MS,MS19270_PB,GSM4104134_AGCAGCCTCACAATGC-1,PB,-0.07001801433854374
MS,MS19270_PB,GSM4104134_AGCATACAGAGCCCAA-1,PB,-0.07001801433854374
MS,MS19270_PB,GSM4104134_AGCCTAATCAGCTTAG-1,PB,-0.4591198613030212
MS,MS19270_PB,GSM4104134_AGCGTATTCACTTCAT-1,PB,-0.08576551420225233
MS,MS19270_PB,GSM4104134_AGCGTCGTCAGTACGT-1,PB,-0.4674809020737709
MS,MS19270_PB,GSM4104134_AGCTCCTGTCGCTTCT-1,PB,-0.07001801433854374
MS,MS19270_PB,GSM4104134_AGCTCCTTCACGCGGT-1,PB,-0.07001801433854374
MS,MS19270_PB,GSM4104134_AGCTTGAAGCGTGTCC-1,PB,-0.540211283041135
MS,MS19270_PB,GSM4104134_AGCTTGAAGCTGGAAC-1,PB,-0.07001801433854374
MS,MS19270_PB,GSM4104134_AGGCCACGTTTAGGAA-1,PB,-0.16670374577143174
MS,MS19270_PB,GSM4104134_AGGGAGTTCGATAGAA-1,PB,-0.07001801433854374
MS,MS19270_PB,GSM4104134_AGGGATGAGATAGGAG-1,PB,-0.3046990574571783
MS,MS19270_PB,GSM4104134_AGGGTGATCTTCAACT-1,PB,0.2409191857716056
MS,MS19270_PB,GSM4104134_AGGTCATGTTCGCGAC-1,PB,-0.7727596566246681
MS,MS19270_PB,GSM4104134_AGGTCATTCTAAGCCA-1,PB,-0.07001801433854374
MS,MS19270_PB,GSM4104134_AGGTCCGTCTTGCCGT-1,PB,-0.07001801433854374
MS,MS19270_PB,GSM4104134_AGTGAGGTCGTTTAGG-1,PB,-0.4860266039158034
MS,MS19270_PB,GSM4104134_AGTTGGTAGGGTATCG-1,PB,0.380830112014265
MS,MS19270_PB,GSM4104134_ATAGACCAGGGCTCTC-1,PB,0.21171561965292138
MS,MS19270_PB,GSM4104134_ATAGACCCATGAAGTA-1,PB,0.34407434533850983
MS,MS19270_PB,GSM4104134_ATAGACCTCTCTAGGA-1,PB,-0.5388791504333914
MS,MS19270_PB,GSM4104134_ATCCACCAGCTGTCTA-1,PB,-0.07001801433854374
MS,MS19270_PB,GSM4104134_ATCTACTGTAGGCTGA-1,PB,-0.4047502292073372
MS,MS19270_PB,GSM4104134_ATCTACTTCGAGAACG-1,PB,-0.2110826230520134
MS,MS19270_PB,GSM4104134_ATCTGCCGTCATGCCG-1,PB,-0.37984025751273853
MS,MS19270_PB,GSM4104134_ATGCGATGTTATCACG-1,PB,-0.489996340179068
MS,MS19270_PB,GSM4104134_ATTACTCGTGTCGCTG-1,PB,0.21901027035909876
MS,MS19270_PB,GSM4104134_ATTGGACAGCCCTAAT-1,PB,-0.21938149266595072
MS,MS19270_PB,GSM4104134_ATTGGACAGTCGTACT-1,PB,-0.18935659174687688
MS,MS19270_PB,GSM4104134_CAACCTCAGCACAGGT-1,PB,0.4517366370581049
MS,MS19270_PB,GSM4104134_CAACCTCCACTCTGTC-1,PB,-0.18321598716023552
MS,MS19270_PB,GSM4104134_CAAGATCCATCTATGG-1,PB,-0.484833918193946
MS,MS19270_PB,GSM4104134_CAAGTTGTCCTGTACC-1,PB,0.1895052216572871
MS,MS19270_PB,GSM4104134_CAAGTTGTCTTTACGT-1,PB,-0.006645215961710481
MS,MS19270_PB,GSM4104134_CACACCTCACCTCGTT-1,PB,0.30657558490413683
MS,MS19270_PB,GSM4104134_CACACCTGTCCGACGT-1,PB,0.2293961026882477
MS,MS19270_PB,GSM4104134_CACACTCCAAGTCTAC-1,PB,0.08336254135712376
MS,MS19270_PB,GSM4104134_CACACTCTCTAACCGA-1,PB,0.19983345483343098
MS,MS19270_PB,GSM4104134_CACAGGCGTCACCTAA-1,PB,-0.15948022887249566
MS,MS19270_PB,GSM4104134_CACATAGCAATCCAAC-1,PB,0.04562144934806828
MS,MS19270_PB,GSM4104134_CACCTTGCACTTGGAT-1,PB,0.060054735524007266
MS,MS19270_PB,GSM4104134_CACCTTGTCCGAAGAG-1,PB,0.26765380264921773
MS,MS19270_PB,GSM4104134_CAGAATCCATCGATGT-1,PB,0.17981636234103468
MS,MS19270_PB,GSM4104134_CAGAATCGTGAAAGAG-1,PB,-0.2609942107597476
MS,MS19270_PB,GSM4104134_CAGAATCGTGCCTTGG-1,PB,-0.07001801433854374
MS,MS19270_PB,GSM4104134_CAGAATCTCACCTTAT-1,PB,-0.16478254247734786
MS,MS19270_PB,GSM4104134_CAGATCACAATAACGA-1,PB,0.22231622193393677
MS,MS19270_PB,GSM4104134_CAGATCACATACTCTT-1,PB,0.1751195726127024
MS,MS19270_PB,GSM4104134_CAGCAGCAGCCTATGT-1,PB,-0.07001801433854374
MS,MS19270_PB,GSM4104134_CAGCGACCATGACGGA-1,PB,-0.6818499072790077
MS,MS19270_PB,GSM4104134_CAGCGACTCACAAACC-1,PB,-0.07001801433854374
MS,MS19270_PB,GSM4104134_CAGCTAACATTGAGCT-1,PB,-0.07001801433854374
MS,MS19270_PB,GSM4104134_CAGCTGGAGCTGATAA-1,PB,-0.035277424144218236
MS,MS19270_PB,GSM4104134_CAGTCCTGTTCAGTAC-1,PB,-0.07001801433854374
MS,MS19270_PB,GSM4104134_CAGTCCTTCGTCTGAA-1,PB,-0.2069108210854995
MS,MS19270_PB,GSM4104134_CATCAAGAGACTAGGC-1,PB,-0.43046062025758963
MS,MS19270_PB,GSM4104134_CATCCACTCGTAGATC-1,PB,-0.7426288794792023
MS,MS19270_PB,GSM4104134_CATGACAAGACCTTTG-1,PB,-0.07001801433854374
MS,MS19270_PB,GSM4104134_CATGACACATGGAATA-1,PB,0.09899172001996027
MS,MS19270_PB,GSM4104134_CATGCCTGTTTCCACC-1,PB,-0.182101107401939
MS,MS19270_PB,GSM4104134_CATGGCGGTGGCTCCA-1,PB,-0.07001801433854374
MS,MS19270_PB,GSM4104134_CCAATCCGTGAACCTT-1,PB,-0.21863515332836858
MS,MS19270_PB,GSM4104134_CCAATCCTCTATCGCC-1,PB,-0.3562743527016033
MS,MS19270_PB,GSM4104134_CCACCTATCTCCAGGG-1,PB,-0.07001801433854374
MS,MS19270_PB,GSM4104134_CCACTACAGCGTTTAC-1,PB,-0.14251931231586953
MS,MS19270_PB,GSM4104134_CCACTACCAGGATCGA-1,PB,-0.34669221203708744
MS,MS19270_PB,GSM4104134_CCACTACCATCGACGC-1,PB,-0.07001801433854374
MS,MS19270_PB,GSM4104134_CCACTACTCTGCGTAA-1,PB,0.2318768182132412
MS,MS19270_PB,GSM4104134_CCAGCGAAGTCTCAAC-1,PB,-0.07001801433854374
MS,MS19270_PB,GSM4104134_CCAGCGATCTGTCTCG-1,PB,0.33276785710129875
MS,MS19270_PB,GSM4104134_CCATGTCTCTGCGACG-1,PB,-0.2067457564743833
MS,MS19270_PB,GSM4104134_CCATTCGAGCGTAATA-1,PB,-0.6573617067913593
MS,MS19270_PB,GSM4104134_CCATTCGCATACAGCT-1,PB,0.3253911220075897
MS,MS19270_PB,GSM4104134_CCATTCGTCTTGCCGT-1,PB,-0.07001801433854374
MS,MS19270_PB,GSM4104134_CCCAATCCAGTTCATG-1,PB,-0.2545748211342986
MS,MS19270_PB,GSM4104134_CCGGGATCACATCTTT-1,PB,-0.07001801433854374
MS,MS19270_PB,GSM4104134_CCGGGATGTGATGCCC-1,PB,-0.583709014591895
MS,MS19270_PB,GSM4104134_CCGTACTAGTGGGATC-1,PB,0.3249122655052838
MS,MS19270_PB,GSM4104134_CCGTTCATCTCAAGTG-1,PB,-0.011951878423534854
MS,MS19270_PB,GSM4104134_CCTACACCATGTTGAC-1,PB,-0.12094523707829172
MS,MS19270_PB,GSM4104134_CCTACCACAGCCAGAA-1,PB,-0.07001801433854374
MS,MS19270_PB,GSM4104134_CCTACCAGTATAGGTA-1,PB,0.10880442763203368
MS,MS19270_PB,GSM4104134_CCTAGCTCACCCATTC-1,PB,0.3506946358653757
MS,MS19270_PB,GSM4104134_CCTATTATCCTGCTTG-1,PB,-0.8616343821974388
MS,MS19270_PB,GSM4104134_CCTCTGAAGTATCGAA-1,PB,-0.27836383312403784
MS,MS19270_PB,GSM4104134_CCTTTCTCACGCCAGT-1,PB,-0.15702561407143967
MS,MS19270_PB,GSM4104134_CGAACATTCATTTGGG-1,PB,0.22851467051434912
MS,MS19270_PB,GSM4104134_CGACTTCCACGAAGCA-1,PB,-0.22736194440186702
MS,MS19270_PB,GSM4104134_CGACTTCCACGCGAAA-1,PB,-0.07001801433854374
MS,MS19270_PB,GSM4104134_CGAGCCAGTGCAACGA-1,PB,-0.15974253375212202
MS,MS19270_PB,GSM4104134_CGATCGGGTTTGACTG-1,PB,0.23990948750146293
MS,MS19270_PB,GSM4104134_CGATGGCCAGCGTCCA-1,PB,-0.07001801433854374
MS,MS19270_PB,GSM4104134_CGATGTAAGCTGCCCA-1,PB,-0.27220311582567636
MS,MS19270_PB,GSM4104134_CGATTGAGTCATTAGC-1,PB,-0.6215240585202281
MS,MS19270_PB,GSM4104134_CGCCAAGAGGTGACCA-1,PB,-0.2751490339537267
MS,MS19270_PB,GSM4104134_CGCCAAGCAAAGCGGT-1,PB,-0.07001801433854374
MS,MS19270_PB,GSM4104134_CGCGGTAAGTGCGTGA-1,PB,-0.2550358005100045
MS,MS19270_PB,GSM4104134_CGCGGTAGTCTCCATC-1,PB,-0.27189728238895705
MS,MS19270_PB,GSM4104134_CGCGGTATCAGTCAGT-1,PB,-0.07001801433854374
MS,MS19270_PB,GSM4104134_CGCGTTTAGTGTCCCG-1,PB,0.23376121145955575
MS,MS19270_PB,GSM4104134_CGCTGGAAGATGGCGT-1,PB,0.2995412870234069
MS,MS19270_PB,GSM4104134_CGGCTAGTCTGCCAGG-1,PB,-0.07001801433854374
MS,MS19270_PB,GSM4104134_CGGGTCAAGACGACGT-1,PB,-0.07001801433854374
MS,MS19270_PB,GSM4104134_CGGTTAAGTACATGTC-1,PB,0.4255959455427957
MS,MS19270_PB,GSM4104134_CGTCCATAGTCGCCGT-1,PB,-0.2082490004909777
MS,MS19270_PB,GSM4104134_CGTGAGCAGTACGACG-1,PB,-0.5001421066162254
MS,MS19270_PB,GSM4104134_CGTGAGCTCATAACCG-1,PB,-0.2526016906027434
MS,MS19270_PB,GSM4104134_CGTGTAAAGTTAACGA-1,PB,-0.18545021005608162
MS,MS19270_PB,GSM4104134_CGTGTCTTCAACGCTA-1,PB,-0.16781732873710742
MS,MS19270_PB,GSM4104134_CGTTAGAGTGAAGGCT-1,PB,-0.7204576445128235
MS,MS19270_PB,GSM4104134_CGTTAGAGTTCCCTTG-1,PB,-0.07001801433854374
MS,MS19270_PB,GSM4104134_CGTTGGGAGACAAAGG-1,PB,-0.2275959601803185
MS,MS19270_PB,GSM4104134_CGTTGGGGTTGTTTGG-1,PB,-0.07001801433854374
MS,MS19270_PB,GSM4104134_CTAAGACAGCTGAAAT-1,PB,-0.3046649662165738
MS,MS19270_PB,GSM4104134_CTAATGGGTAGCGATG-1,PB,-0.07001801433854374
MS,MS19270_PB,GSM4104134_CTACACCCACGAAGCA-1,PB,0.08711170256947158
MS,MS19270_PB,GSM4104134_CTACACCGTCACTGGC-1,PB,-0.23516915871735908
MS,MS19270_PB,GSM4104134_CTAGAGTAGACCACGA-1,PB,-0.44915778723200006
MS,MS19270_PB,GSM4104134_CTAGAGTCACTGTCGG-1,PB,-0.20155456492868323
MS,MS19270_PB,GSM4104134_CTCACACCATGCGCAC-1,PB,-0.29986053318840744
MS,MS19270_PB,GSM4104134_CTCAGAACAGCTGGCT-1,PB,-0.45857022431876887
MS,MS19270_PB,GSM4104134_CTCATTACACCGTTGG-1,PB,-0.391313664390041
MS,MS19270_PB,GSM4104134_CTCATTAGTATATCCG-1,PB,-0.1942143266412167
MS,MS19270_PB,GSM4104134_CTCGAAAAGACATAAC-1,PB,-0.2020685009865763
MS,MS19270_PB,GSM4104134_CTCGAGGGTATAGGTA-1,PB,-0.07001801433854374
MS,MS19270_PB,GSM4104134_CTCGGGAAGAGGTAGA-1,PB,-0.13469169368190698
MS,MS19270_PB,GSM4104134_CTCGGGATCTTAGCCC-1,PB,-0.27097356276778173
MS,MS19270_PB,GSM4104134_CTCGTACCATGCAATC-1,PB,-0.9671430643705919
MS,MS19270_PB,GSM4104134_CTCGTCAAGAGCTGCA-1,PB,-0.28252388353571656
MS,MS19270_PB,GSM4104134_CTCTACGTCCACGAAT-1,PB,-0.21819848605810885
MS,MS19270_PB,GSM4104134_CTCTGGTTCTGCGACG-1,PB,-0.07001801433854374
MS,MS19270_PB,GSM4104134_CTGAAGTCATTGGTAC-1,PB,-0.006897035585285253
MS,MS19270_PB,GSM4104134_CTGCCTAAGGCCATAG-1,PB,0.16474714434360344
MS,MS19270_PB,GSM4104134_CTGCGGAGTTGAGGTG-1,PB,0.248834656085592
MS,MS19270_PB,GSM4104134_CTTAACTGTAGCGATG-1,PB,-0.20120524518619384
MS,MS19270_PB,GSM4104134_CTTAACTGTAGCGTAG-1,PB,0.26892820425721997
MS,MS19270_PB,GSM4104134_CTTACCGGTGTGGCTC-1,PB,-0.26522989735498526
MS,MS19270_PB,GSM4104134_CTTAGGACACCAACCG-1,PB,-0.07001801433854374
MS,MS19270_PB,GSM4104134_CTTCTCTTCTGTCTCG-1,PB,-0.07001801433854374
MS,MS19270_PB,GSM4104134_CTTGGCTAGCTCCCAG-1,PB,-0.07001801433854374
MS,MS19270_PB,GSM4104134_CTTGGCTAGGGCTTGA-1,PB,0.22532801678533243
MS,MS19270_PB,GSM4104134_CTTGGCTAGTCAAGGC-1,PB,-0.6157484186146114
MS,MS19270_PB,GSM4104134_CTTTGCGCATTAGGCT-1,PB,-0.07001801433854374
MS,MS19270_PB,GSM4104134_GAAACTCAGGCCCTCA-1,PB,-0.07001801433854374
MS,MS19270_PB,GSM4104134_GAAATGACAGCTGTAT-1,PB,-0.2611704329599587
MS,MS19270_PB,GSM4104134_GAACATCCAGCTATTG-1,PB,-0.3937592046802082
MS,MS19270_PB,GSM4104134_GAACCTACACAGACAG-1,PB,0.29641953073842137
MS,MS19270_PB,GSM4104134_GAAGCAGAGTTTGCGT-1,PB,-0.20918759687408947
MS,MS19270_PB,GSM4104134_GAAGCAGCAACACCTA-1,PB,-0.24473389898234352
MS,MS19270_PB,GSM4104134_GAAGCAGCACGCCAGT-1,PB,0.19048460938353787
MS,MS19270_PB,GSM4104134_GAAGCAGGTAAATACG-1,PB,-0.07001801433854374
MS,MS19270_PB,GSM4104134_GAAGCAGTCTGGTGTA-1,PB,-0.26952033071466497
MS,MS19270_PB,GSM4104134_GAATAAGAGCTAGGCA-1,PB,0.1223474264771595
MS,MS19270_PB,GSM4104134_GAATGAACAGCTCGCA-1,PB,-0.17965580855170035
MS,MS19270_PB,GSM4104134_GAATGAAGTCTAGTCA-1,PB,-0.07001801433854374
MS,MS19270_PB,GSM4104134_GAATGAAGTTCCGGCA-1,PB,0.2960723699901459
MS,MS19270_PB,GSM4104134_GAATGAATCATGGTCA-1,PB,0.1895397485382815
MS,MS19270_PB,GSM4104134_GACACGCCATGACGGA-1,PB,-0.5283746019046508
MS,MS19270_PB,GSM4104134_GACAGAGGTCATATGC-1,PB,-0.19662772807716847
MS,MS19270_PB,GSM4104134_GACAGAGGTTATCCGA-1,PB,-0.07001801433854374
MS,MS19270_PB,GSM4104134_GACCAATTCGGAGCAA-1,PB,-0.07001801433854374
MS,MS19270_PB,GSM4104134_GACCAATTCGGATGTT-1,PB,-0.07001801433854374
MS,MS19270_PB,GSM4104134_GACCTGGAGATGTCGG-1,PB,-0.07001801433854374
MS,MS19270_PB,GSM4104134_GACCTGGGTCGCGGTT-1,PB,-0.1674435565265369
MS,MS19270_PB,GSM4104134_GACGGCTTCCTTTACA-1,PB,0.4862027196903913
MS,MS19270_PB,GSM4104134_GACGTGCAGAAGAAGC-1,PB,-0.7806665952710627
MS,MS19270_PB,GSM4104134_GACGTGCTCAGCGATT-1,PB,-0.07001801433854374
MS,MS19270_PB,GSM4104134_GACGTTACAACTGGCC-1,PB,-0.9114554044410136
MS,MS19270_PB,GSM4104134_GACTAACAGGAACTGC-1,PB,0.2903241373234325
MS,MS19270_PB,GSM4104134_GACTGCGAGGCCGAAT-1,PB,0.5638210041014632
MS,MS19270_PB,GSM4104134_GAGGTGAGTGAGCGAT-1,PB,-0.2170385402430746
MS,MS19270_PB,GSM4104134_GAGTCCGCAGACACTT-1,PB,-0.1413641427761716
MS,MS19270_PB,GSM4104134_GATCAGTTCAACCATG-1,PB,-0.22724526322396046
MS,MS19270_PB,GSM4104134_GATCGATTCTTCCTTC-1,PB,-0.2674479858198013
MS,MS19270_PB,GSM4104134_GATCGCGGTAGGACAC-1,PB,-0.2767382382315668
MS,MS19270_PB,GSM4104134_GATCTAGTCAGTGTTG-1,PB,-0.831564196798208
MS,MS19270_PB,GSM4104134_GATGCTAAGCGATTCT-1,PB,0.18981212118214322
MS,MS19270_PB,GSM4104134_GATGCTAGTAGAGCTG-1,PB,-0.07001801433854374
MS,MS19270_PB,GSM4104134_GATTCAGTCCCAAGAT-1,PB,-0.5316179120554514
MS,MS19270_PB,GSM4104134_GCAAACTAGTATGACA-1,PB,-0.07001801433854374
MS,MS19270_PB,GSM4104134_GCAAACTGTCGTCTTC-1,PB,-0.21425019484455213
MS,MS19270_PB,GSM4104134_GCAAACTGTCTGGTCG-1,PB,-0.34251692654065874
MS,MS19270_PB,GSM4104134_GCACATAAGCCCAACC-1,PB,-0.07001801433854374
MS,MS19270_PB,GSM4104134_GCACTCTAGAATAGGG-1,PB,0.1582405327943682
MS,MS19270_PB,GSM4104134_GCAGTTAAGAGTCGGT-1,PB,-0.6507236681125599
MS,MS19270_PB,GSM4104134_GCATGATCAATTCCTT-1,PB,0.15028999371497354
MS,MS19270_PB,GSM4104134_GCATGTACATGCCCGA-1,PB,-0.07001801433854374
MS,MS19270_PB,GSM4104134_GCATGTATCGTGACAT-1,PB,-0.07001801433854374
MS,MS19270_PB,GSM4104134_GCCAAATGTATCAGTC-1,PB,-0.07001801433854374
MS,MS19270_PB,GSM4104134_GCCAAATTCTCCGGTT-1,PB,-0.07001801433854374
MS,MS19270_PB,GSM4104134_GCGAGAAAGATCGATA-1,PB,0.20760641960545995
MS,MS19270_PB,GSM4104134_GCGCAACCATGACATC-1,PB,0.09362560698947323
MS,MS19270_PB,GSM4104134_GCGCAGTAGAGCTTCT-1,PB,-0.289205667728304
MS,MS19270_PB,GSM4104134_GCGCAGTGTCCAAGTT-1,PB,-0.21917702164341094
MS,MS19270_PB,GSM4104134_GCTGCAGGTGGTTTCA-1,PB,0.5957560801545049
MS,MS19270_PB,GSM4104134_GCTGCAGGTGTTCGAT-1,PB,-0.07001801433854374
MS,MS19270_PB,GSM4104134_GCTGCGAGTCTAGGTT-1,PB,-0.3769326406861421
MS,MS19270_PB,GSM4104134_GCTGGGTAGTGAACGC-1,PB,-0.37253948065773557
MS,MS19270_PB,GSM4104134_GCTGGGTTCACGATGT-1,PB,-0.07001801433854374
MS,MS19270_PB,GSM4104134_GCTTCCAGTCGCGTGT-1,PB,-0.07001801433854374
MS,MS19270_PB,GSM4104134_GCTTCCAGTGGAAAGA-1,PB,0.2496951150348035
MS,MS19270_PB,GSM4104134_GGAACTTCATCCGGGT-1,PB,-0.33622287126670286
MS,MS19270_PB,GSM4104134_GGAATAACATGGTCAT-1,PB,-0.07001801433854374
MS,MS19270_PB,GSM4104134_GGACAGACAGGAATGC-1,PB,-0.25401819025092603
MS,MS19270_PB,GSM4104134_GGAGCAAGTTTAGGAA-1,PB,-0.42912396236873035
MS,MS19270_PB,GSM4104134_GGATGTTGTGTGACGA-1,PB,-0.07001801433854374
MS,MS19270_PB,GSM4104134_GGATTACCACCATGTA-1,PB,-0.5671192649363892
MS,MS19270_PB,GSM4104134_GGATTACCACCTATCC-1,PB,0.1776979570706723
MS,MS19270_PB,GSM4104134_GGATTACCATTGGGCC-1,PB,-0.014322988683121084
MS,MS19270_PB,GSM4104134_GGATTACTCTCTGTCG-1,PB,-0.07001801433854374
MS,MS19270_PB,GSM4104134_GGCAATTCATCTATGG-1,PB,0.26875479001101615
MS,MS19270_PB,GSM4104134_GGCCGATCACTTACGA-1,PB,0.022480277357974483
MS,MS19270_PB,GSM4104134_GGCCGATGTCTGGAGA-1,PB,-0.17270542370225242
MS,MS19270_PB,GSM4104134_GGCGACTGTGGGTCAA-1,PB,-0.21005445750416074
MS,MS19270_PB,GSM4104134_GGCTGGTTCTCCCTGA-1,PB,0.007406842967383198
MS,MS19270_PB,GSM4104134_GGGAATGAGAACAATC-1,PB,0.06515873945374659
MS,MS19270_PB,GSM4104134_GGGACCTCAAATTGCC-1,PB,-0.07001801433854374
MS,MS19270_PB,GSM4104134_GGGACCTGTTCGTCTC-1,PB,-0.07001801433854374
MS,MS19270_PB,GSM4104134_GGGACCTTCGCCAAAT-1,PB,-0.21982693590487695
MS,MS19270_PB,GSM4104134_GGGAGATCAATAAGCA-1,PB,0.16268246401761152
MS,MS19270_PB,GSM4104134_GGGTCTGGTTCAACCA-1,PB,-0.4238033509689867
MS,MS19270_PB,GSM4104134_GGTATTGGTCTCAACA-1,PB,-0.07001801433854374
MS,MS19270_PB,GSM4104134_GGTGTTAGTTAAAGTG-1,PB,0.2617845003127622
MS,MS19270_PB,GSM4104134_GTAACGTGTCATATCG-1,PB,0.39586712845224276
MS,MS19270_PB,GSM4104134_GTAACTGGTACAAGTA-1,PB,-0.15592292566044638
MS,MS19270_PB,GSM4104134_GTACGTAAGAAAGTGG-1,PB,-0.07001801433854374
MS,MS19270_PB,GSM4104134_GTACGTAGTTCAACCA-1,PB,-0.21736764409439746
MS,MS19270_PB,GSM4104134_GTACGTAGTTCACGGC-1,PB,-0.2174667230716911
MS,MS19270_PB,GSM4104134_GTACTCCGTGTGCCTG-1,PB,-0.1967421574601365
MS,MS19270_PB,GSM4104134_GTAGGCCGTGACCAAG-1,PB,-0.07001801433854374
MS,MS19270_PB,GSM4104134_GTAGTCATCTTGCAAG-1,PB,-0.07001801433854374
MS,MS19270_PB,GSM4104134_GTATCTTAGTGAACAT-1,PB,0.6502223515759633
MS,MS19270_PB,GSM4104134_GTATCTTGTAAATGTG-1,PB,-0.07001801433854374
MS,MS19270_PB,GSM4104134_GTCAAGTTCTATCGCC-1,PB,-0.29403135677287534
MS,MS19270_PB,GSM4104134_GTCACAACACCTATCC-1,PB,-0.1844685983299045
MS,MS19270_PB,GSM4104134_GTCACAAGTAATCACC-1,PB,-0.21497457918148394
MS,MS19270_PB,GSM4104134_GTCATTTCATATACGC-1,PB,-0.07001801433854374
MS,MS19270_PB,GSM4104134_GTGCATAGTGGTCCGT-1,PB,-0.20284607990512363
MS,MS19270_PB,GSM4104134_GTGCTTCCAGCTGCTG-1,PB,-0.07001801433854374
MS,MS19270_PB,GSM4104134_GTGTGCGAGTGCTGCC-1,PB,0.052993695296859614
MS,MS19270_PB,GSM4104134_GTGTGCGCAATCACAC-1,PB,0.34575798673770514
MS,MS19270_PB,GSM4104134_GTGTTAGAGCCCAGCT-1,PB,-0.07001801433854374
MS,MS19270_PB,GSM4104134_GTTAAGCCACTGTCGG-1,PB,-0.2365736454416511
MS,MS19270_PB,GSM4104134_GTTCGGGGTGGTGTAG-1,PB,-0.2870426730582311
MS,MS19270_PB,GSM4104134_GTTCTCGTCCAAGTAC-1,PB,-0.07001801433854374
MS,MS19270_PB,GSM4104134_GTTTCTAAGGCCCTCA-1,PB,-0.212852422037706
MS,MS19270_PB,GSM4104134_TAAACCGGTCTGATTG-1,PB,-0.20833368406491454
MS,MS19270_PB,GSM4104134_TAAGAGAGTCCCTACT-1,PB,-0.07001801433854374
MS,MS19270_PB,GSM4104134_TACACGAAGGCTATCT-1,PB,0.013242225225188633
MS,MS19270_PB,GSM4104134_TACCTATCAGATAATG-1,PB,-0.2575611081122745
MS,MS19270_PB,GSM4104134_TACCTATTCGGCCGAT-1,PB,0.14820853051824498
MS,MS19270_PB,GSM4104134_TACGGATTCCTAGTGA-1,PB,0.09328784872685396
MS,MS19270_PB,GSM4104134_TACGGGCCAAGGTGTG-1,PB,0.1719961580198413
MS,MS19270_PB,GSM4104134_TACGGGCTCCCAAGTA-1,PB,-0.07001801433854374
MS,MS19270_PB,GSM4104134_TACTCATCAAGACACG-1,PB,-0.33880095046603437
MS,MS19270_PB,GSM4104134_TAGGCATCACCACGTG-1,PB,-0.07001801433854374
MS,MS19270_PB,GSM4104134_TAGTTGGCAGGACCCT-1,PB,-0.27135950567359574
MS,MS19270_PB,GSM4104134_TATCAGGTCATTCACT-1,PB,-0.25802769208671705
MS,MS19270_PB,GSM4104134_TATCTCAAGGATGGTC-1,PB,0.19366605777257087
MS,MS19270_PB,GSM4104134_TATCTCACATGCAACT-1,PB,-0.4026965705197467
MS,MS19270_PB,GSM4104134_TATGCCCTCTGCGGCA-1,PB,-0.07001801433854374
MS,MS19270_PB,GSM4104134_TCAACGAGTCTAGCGC-1,PB,0.2866253516605018
MS,MS19270_PB,GSM4104134_TCACAAGAGTTGTAGA-1,PB,-0.20961938860620113
MS,MS19270_PB,GSM4104134_TCAGATGAGCGATGAC-1,PB,-0.28681443752726793
MS,MS19270_PB,GSM4104134_TCAGATGTCACCGGGT-1,PB,-0.5019351403742816
MS,MS19270_PB,GSM4104134_TCAGGATAGGAGTTGC-1,PB,-0.07001801433854374
MS,MS19270_PB,GSM4104134_TCAGGATGTCTCGTTC-1,PB,-0.07001801433854374
MS,MS19270_PB,GSM4104134_TCCCGATTCGGAGCAA-1,PB,-0.07001801433854374
MS,MS19270_PB,GSM4104134_TCGAGGCGTAAATACG-1,PB,-0.07001801433854374
MS,MS19270_PB,GSM4104134_TCGCGAGTCTTCCTTC-1,PB,-0.19771302286892936
MS,MS19270_PB,GSM4104134_TCGGTAACATTTGCCC-1,PB,-0.18472952555056313
MS,MS19270_PB,GSM4104134_TCGTACCTCTGTTTGT-1,PB,0.12375586811903747
MS,MS19270_PB,GSM4104134_TCTATTGCACGTCAGC-1,PB,-0.5943784011206242
MS,MS19270_PB,GSM4104134_TCTCTAAAGCAACGGT-1,PB,-0.26896323375528436
MS,MS19270_PB,GSM4104134_TGACAACGTTGTCTTT-1,PB,-0.40128601239809586
MS,MS19270_PB,GSM4104134_TGACTAGGTAGAGCTG-1,PB,-0.19234719658362454
MS,MS19270_PB,GSM4104134_TGACTTTCAGGGATTG-1,PB,-0.07001801433854374
MS,MS19270_PB,GSM4104134_TGAGCATGTCTGATCA-1,PB,-0.2720052391908217
MS,MS19270_PB,GSM4104134_TGAGCCGAGATCTGAA-1,PB,-0.07001801433854374
MS,MS19270_PB,GSM4104134_TGAGCCGAGCCGTCGT-1,PB,-0.07001801433854374
MS,MS19270_PB,GSM4104134_TGAGGGAAGTGTTAGA-1,PB,-0.3053497265942767
MS,MS19270_PB,GSM4104134_TGAGGGATCTCCTATA-1,PB,-0.5859885726269792
MS,MS19270_PB,GSM4104134_TGCACCTTCACTTACT-1,PB,0.05395415719411772
MS,MS19270_PB,GSM4104134_TGCCAAATCTCAAACG-1,PB,-0.07001801433854374
MS,MS19270_PB,GSM4104134_TGCCCATCAGGAATGC-1,PB,-0.23634863684295357
MS,MS19270_PB,GSM4104134_TGCCCTATCGAATGCT-1,PB,0.02995011305035871
MS,MS19270_PB,GSM4104134_TGCGCAGAGCCCTAAT-1,PB,-0.32607892950891737
MS,MS19270_PB,GSM4104134_TGGCGCACATAAAGGT-1,PB,0.06523827470342676
MS,MS19270_PB,GSM4104134_TGGCGCATCAATCACG-1,PB,-0.07001801433854374
MS,MS19270_PB,GSM4104134_TGGCGCATCAGCCTAA-1,PB,-0.6108637980859227
MS,MS19270_PB,GSM4104134_TGGCGCATCCGCGTTT-1,PB,-0.07590310969522619
MS,MS19270_PB,GSM4104134_TGGGCGTTCGCCTGAG-1,PB,-0.1934552003252339
MS,MS19270_PB,GSM4104134_TGGTTCCCAGCTCGCA-1,PB,0.6540920768833267
MS,MS19270_PB,GSM4104134_TGTCCCAAGAGCTGCA-1,PB,-0.07001801433854374
MS,MS19270_PB,GSM4104134_TTAACTCCAGGAATGC-1,PB,-0.21577222727516457
MS,MS19270_PB,GSM4104134_TTAGGCAAGCGTTCCG-1,PB,-0.07001801433854374
MS,MS19270_PB,GSM4104134_TTCCCAGAGAGACTAT-1,PB,0.11446734332416338
MS,MS19270_PB,GSM4104134_TTCGGTCAGAGCTGGT-1,PB,0.22941808040739228
MS,MS19270_PB,GSM4104134_TTCGGTCGTCATGCCG-1,PB,-0.3190466307170269
MS,MS19270_PB,GSM4104134_TTCTCAACAGCCAGAA-1,PB,-1.0791409612626466
MS,MS19270_PB,GSM4104134_TTGAACGTCCTATGTT-1,PB,0.27242848906333583
MS,MS19270_PB,GSM4104134_TTGGAACAGCCTATGT-1,PB,-0.07001801433854374
MS,MS19270_PB,GSM4104134_TTTACTGCACTGAAGG-1,PB,-0.07001801433854374
MS,MS19270_PB,GSM4104134_TTTATGCAGTACGCGA-1,PB,-0.07001801433854374
MS,MS19270_PB,GSM4104134_TTTGGTTCAATAAGCA-1,PB,-0.20395891897425714
MS,MS49131_PB,GSM4104136_AAAGATGAGCGTTTAC-1,PB,0.20800793596491376
MS,MS49131_PB,GSM4104136_AAAGCAATCACAATGC-1,PB,0.1320855863585631
MS,MS49131_PB,GSM4104136_AAAGTAGCAATGGATA-1,PB,-0.17955097979206575
MS,MS49131_PB,GSM4104136_AACACGTGTACCTACA-1,PB,-0.1915313230246605
MS,MS49131_PB,GSM4104136_AACCATGCATAACCTG-1,PB,-0.01828490202996377
MS,MS49131_PB,GSM4104136_AACCATGTCTGTACGA-1,PB,-0.07001801433854374
MS,MS49131_PB,GSM4104136_AACGTTGCATAAAGGT-1,PB,-0.07001801433854374
MS,MS49131_PB,GSM4104136_AACGTTGTCGATAGAA-1,PB,-0.07001801433854374
MS,MS49131_PB,GSM4104136_AACTCCCTCGCGTTTC-1,PB,-0.4813856187199795
MS,MS49131_PB,GSM4104136_AACTGGTCAATGGAAT-1,PB,-0.23659619354900396
MS,MS49131_PB,GSM4104136_AAGACCTCAACACCTA-1,PB,0.16598638089161719
MS,MS49131_PB,GSM4104136_AAGGCAGGTCTAAACC-1,PB,0.2567707734860187
MS,MS49131_PB,GSM4104136_AAGTCTGAGGCTCTTA-1,PB,-0.28068659981371535
MS,MS49131_PB,GSM4104136_AATCGGTCACCCAGTG-1,PB,-0.3039649737995564
MS,MS49131_PB,GSM4104136_AATCGGTCATGTTGAC-1,PB,0.18981722394689154
MS,MS49131_PB,GSM4104136_ACACCCTAGTGAAGAG-1,PB,-0.362865297749785
MS,MS49131_PB,GSM4104136_ACACCCTCATCAGTCA-1,PB,0.20678167006271644
MS,MS49131_PB,GSM4104136_ACACCCTGTTCTGGTA-1,PB,-0.3317714954519359
MS,MS49131_PB,GSM4104136_ACACCGGAGTGGTAAT-1,PB,-0.07001801433854374
MS,MS49131_PB,GSM4104136_ACACTGAGTTGAGTTC-1,PB,-0.07001801433854374
MS,MS49131_PB,GSM4104136_ACACTGATCTCATTCA-1,PB,0.3938573674256231
MS,MS49131_PB,GSM4104136_ACATACGGTTACGACT-1,PB,-0.07001801433854374
MS,MS49131_PB,GSM4104136_ACCAGTAGTCCGAAGA-1,PB,-0.5185828428189827
MS,MS49131_PB,GSM4104136_ACCAGTATCGAGAGCA-1,PB,0.587319609265918
MS,MS49131_PB,GSM4104136_ACCGTAAGTCTCGTTC-1,PB,-0.07001801433854374
MS,MS49131_PB,GSM4104136_ACCTTTAAGCAGCGTA-1,PB,-0.19382255453254316
MS,MS49131_PB,GSM4104136_ACGAGGAAGGACTGGT-1,PB,-0.07001801433854374
MS,MS49131_PB,GSM4104136_ACGAGGAGTACAGTTC-1,PB,-0.07001801433854374
MS,MS49131_PB,GSM4104136_ACGATACGTACCGAGA-1,PB,0.2273804515761176
MS,MS49131_PB,GSM4104136_ACGCAGCAGGCTAGGT-1,PB,-0.19038174149793693
MS,MS49131_PB,GSM4104136_ACGCAGCAGTCTTGCA-1,PB,0.09287053630157871
MS,MS49131_PB,GSM4104136_ACGCAGCGTTCGGCAC-1,PB,-1.4402471070354834
MS,MS49131_PB,GSM4104136_ACGCAGCTCTCCTATA-1,PB,-0.6783649316588225
MS,MS49131_PB,GSM4104136_ACGGCCACAGCTGGCT-1,PB,0.02433088308352422
MS,MS49131_PB,GSM4104136_ACGGCCACATACTACG-1,PB,-0.31593169419097833
MS,MS49131_PB,GSM4104136_ACGGGCTTCACATACG-1,PB,-0.8252448600691727
MS,MS49131_PB,GSM4104136_ACGGGCTTCATCTGTT-1,PB,-0.17969829141272936
MS,MS49131_PB,GSM4104136_ACGGGCTTCTGCGGCA-1,PB,0.32611228527666114
MS,MS49131_PB,GSM4104136_ACGTCAAGTGATAAGT-1,PB,-0.07001801433854374
MS,MS49131_PB,GSM4104136_ACTATCTGTCGTGGCT-1,PB,-0.07001801433854374
MS,MS49131_PB,GSM4104136_ACTGAACAGCTAGTCT-1,PB,0.3435027848780695
MS,MS49131_PB,GSM4104136_ACTGAGTAGCTAAACA-1,PB,0.16337414995547733
MS,MS49131_PB,GSM4104136_ACTGATGCAACTTGAC-1,PB,-0.07001801433854374
MS,MS49131_PB,GSM4104136_ACTGCTCAGGCTAGGT-1,PB,-0.3811270982451408
MS,MS49131_PB,GSM4104136_ACTGCTCGTCATGCAT-1,PB,-0.07001801433854374
MS,MS49131_PB,GSM4104136_ACTGTCCAGCTCTCGG-1,PB,-0.20075937973571661
MS,MS49131_PB,GSM4104136_ACTTGTTTCGCAGGCT-1,PB,-0.07001801433854374
MS,MS49131_PB,GSM4104136_ACTTGTTTCGTGGTCG-1,PB,-0.5728760143614651
MS,MS49131_PB,GSM4104136_AGAGTGGCAAGGTTTC-1,PB,0.17110544238110675
MS,MS49131_PB,GSM4104136_AGATCTGAGAAACCGC-1,PB,-0.19184360878253656
MS,MS49131_PB,GSM4104136_AGCATACCAGCATACT-1,PB,-0.49376900091045844
MS,MS49131_PB,GSM4104136_AGCATACTCTCTTGAT-1,PB,-0.5083472142268303
MS,MS49131_PB,GSM4104136_AGCCTAATCGGTGTCG-1,PB,-0.03239810670824757
MS,MS49131_PB,GSM4104136_AGCGGTCCAGGGCATA-1,PB,0.1751844644990101
MS,MS49131_PB,GSM4104136_AGCTCCTAGACTAGGC-1,PB,-0.07001801433854374
MS,MS49131_PB,GSM4104136_AGCTCCTTCTCTAGGA-1,PB,-0.24331717817572945
MS,MS49131_PB,GSM4104136_AGGCCGTCATTCCTGC-1,PB,-0.5720991788275968
MS,MS49131_PB,GSM4104136_AGGCCGTGTTCAGTAC-1,PB,-0.24741353495914797
MS,MS49131_PB,GSM4104136_AGGGAGTAGCTAGCCC-1,PB,-0.05160068034271092
MS,MS49131_PB,GSM4104136_AGGGATGTCAGTTAGC-1,PB,0.059529840482691755
MS,MS49131_PB,GSM4104136_AGGGATGTCCATGCTC-1,PB,0.12990023843913204
MS,MS49131_PB,GSM4104136_AGTGAGGCAGATCGGA-1,PB,0.13560829756146536
MS,MS49131_PB,GSM4104136_AGTGGGACAGGGATTG-1,PB,0.03855522792000922
MS,MS49131_PB,GSM4104136_AGTGGGATCAGGTAAA-1,PB,-0.2607806498663067
MS,MS49131_PB,GSM4104136_AGTTGGTAGGAACTGC-1,PB,-0.3365963839507581
MS,MS49131_PB,GSM4104136_ATAAGAGAGGTCGGAT-1,PB,-0.23736751373668494
MS,MS49131_PB,GSM4104136_ATAAGAGGTTAGTGGG-1,PB,-0.2174006570166207
MS,MS49131_PB,GSM4104136_ATAGACCTCTACTCAT-1,PB,-0.10139170865083047
MS,MS49131_PB,GSM4104136_ATCCACCCACTTAACG-1,PB,-0.03689134689543534
MS,MS49131_PB,GSM4104136_ATCCACCGTGCCTTGG-1,PB,-0.2140938961494465
MS,MS49131_PB,GSM4104136_ATCCACCTCAAACCGT-1,PB,-0.23945923389994347
MS,MS49131_PB,GSM4104136_ATCCACCTCTCATTCA-1,PB,-0.07001801433854374
MS,MS49131_PB,GSM4104136_ATCGAGTGTACCGAGA-1,PB,-0.07001801433854374
MS,MS49131_PB,GSM4104136_ATCTGCCTCGCGCCAA-1,PB,-0.07001801433854374
MS,MS49131_PB,GSM4104136_ATGAGGGTCTCTAAGG-1,PB,-0.07001801433854374
MS,MS49131_PB,GSM4104136_ATGCGATGTCTCTCGT-1,PB,-0.24086615271290765
MS,MS49131_PB,GSM4104136_ATGTGTGCATGCATGT-1,PB,-0.07001801433854374
MS,MS49131_PB,GSM4104136_ATGTGTGGTCTCCATC-1,PB,-0.1981815570586311
MS,MS49131_PB,GSM4104136_ATTACTCCAGTCACTA-1,PB,-0.07001801433854374
MS,MS49131_PB,GSM4104136_ATTACTCGTCTGCGGT-1,PB,-0.07001801433854374
MS,MS49131_PB,GSM4104136_ATTATCCGTGCAGTAG-1,PB,0.11354145570500307
MS,MS49131_PB,GSM4104136_ATTCTACCACATCTTT-1,PB,-0.037367583245850385
MS,MS49131_PB,GSM4104136_ATTGGACGTCTGATCA-1,PB,-0.07001801433854374
MS,MS49131_PB,GSM4104136_ATTGGACGTCTGGAGA-1,PB,-0.07001801433854374
MS,MS49131_PB,GSM4104136_ATTGGACGTTTGACAC-1,PB,0.22446958166112588
MS,MS49131_PB,GSM4104136_ATTGGTGCAACAACCT-1,PB,-0.07001801433854374
MS,MS49131_PB,GSM4104136_ATTGGTGCATGCTAGT-1,PB,-0.07001801433854374
MS,MS49131_PB,GSM4104136_ATTGGTGTCGCGTTTC-1,PB,-0.2528613909172121
MS,MS49131_PB,GSM4104136_ATTTCTGCATCACGTA-1,PB,0.1706289274141965
MS,MS49131_PB,GSM4104136_CAAGAAAAGCTGATAA-1,PB,-0.059286655894924614
MS,MS49131_PB,GSM4104136_CACACAACACCTCGGA-1,PB,-0.07001801433854374
MS,MS49131_PB,GSM4104136_CACACCTCAGATGGGT-1,PB,0.23474621192786807
MS,MS49131_PB,GSM4104136_CACACCTGTACTCTCC-1,PB,-0.07001801433854374
MS,MS49131_PB,GSM4104136_CACACCTTCCAGTAGT-1,PB,-0.07001801433854374
MS,MS49131_PB,GSM4104136_CACACCTTCGTGACAT-1,PB,-0.23103950987435637
MS,MS49131_PB,GSM4104136_CACACCTTCTCCGGTT-1,PB,-0.07001801433854374
MS,MS49131_PB,GSM4104136_CACACTCAGTCCGTAT-1,PB,0.24709921605018897
MS,MS49131_PB,GSM4104136_CACACTCAGTCGTTTG-1,PB,0.0693881782457629
MS,MS49131_PB,GSM4104136_CACACTCGTTAGTGGG-1,PB,-0.23992850826766762
MS,MS49131_PB,GSM4104136_CACAGTACACGTTGGC-1,PB,-0.287680644565652
MS,MS49131_PB,GSM4104136_CACAGTAGTAAAGTCA-1,PB,-0.19782977441542776
MS,MS49131_PB,GSM4104136_CACATAGCAGACGCAA-1,PB,-0.22714821488317385
MS,MS49131_PB,GSM4104136_CACATTTAGTCTCGGC-1,PB,-0.20481862803213766
MS,MS49131_PB,GSM4104136_CACATTTCATGAGCGA-1,PB,0.1937007598699129
MS,MS49131_PB,GSM4104136_CACCAGGAGATCCCGC-1,PB,-0.27015294393615685
MS,MS49131_PB,GSM4104136_CACCAGGGTTAAGGGC-1,PB,-0.07001801433854374
MS,MS49131_PB,GSM4104136_CACCAGGGTTGCGTTA-1,PB,0.2759370179939889
MS,MS49131_PB,GSM4104136_CACCAGGTCAGTTAGC-1,PB,-0.262833136062361
MS,MS49131_PB,GSM4104136_CACTCCACAACAACCT-1,PB,-0.1869654468912547
MS,MS49131_PB,GSM4104136_CAGATCACACAAGACG-1,PB,0.12506630847096284
MS,MS49131_PB,GSM4104136_CAGATCATCACTTCAT-1,PB,0.5387295159981523
MS,MS49131_PB,GSM4104136_CAGCATACACCACCAG-1,PB,0.10516638508152247
MS,MS49131_PB,GSM4104136_CAGCATAGTTACGACT-1,PB,-0.07001801433854374
MS,MS49131_PB,GSM4104136_CAGCATATCTTCCTTC-1,PB,-0.24278545299056628
MS,MS49131_PB,GSM4104136_CAGCGACTCCTTCAAT-1,PB,-0.07001801433854374
MS,MS49131_PB,GSM4104136_CAGCTAAAGGCTAGAC-1,PB,0.06382734867531303
MS,MS49131_PB,GSM4104136_CAGCTGGGTATGAATG-1,PB,-0.07001801433854374
MS,MS49131_PB,GSM4104136_CAGCTGGTCGACGGAA-1,PB,0.2940411360260655
MS,MS49131_PB,GSM4104136_CATCAAGGTGATGTGG-1,PB,-0.28045240162983814
MS,MS49131_PB,GSM4104136_CATCAGAAGTTTAGGA-1,PB,-0.3929030352282708
MS,MS49131_PB,GSM4104136_CATCAGATCAGCGACC-1,PB,-0.21936442325610447
MS,MS49131_PB,GSM4104136_CATCGGGGTGGCCCTA-1,PB,-0.07001801433854374
MS,MS49131_PB,GSM4104136_CATCGGGTCTGTCTCG-1,PB,-0.07001801433854374
MS,MS49131_PB,GSM4104136_CATGACAGTAAGGGAA-1,PB,-0.19832907159413185
MS,MS49131_PB,GSM4104136_CATGACAGTCTGCCAG-1,PB,0.36473808368745336
MS,MS49131_PB,GSM4104136_CATGGCGAGATGCCTT-1,PB,-0.21816040424624097
MS,MS49131_PB,GSM4104136_CCAATCCAGGAGCGAG-1,PB,-0.10623132637194226
MS,MS49131_PB,GSM4104136_CCACTACCAGACAAGC-1,PB,-0.07001801433854374
MS,MS49131_PB,GSM4104136_CCATTCGGTGGCCCTA-1,PB,0.4792385077815412
MS,MS49131_PB,GSM4104136_CCCAGTTGTAAGAGAG-1,PB,0.31383478948159244
MS,MS49131_PB,GSM4104136_CCCAGTTTCCCTAATT-1,PB,0.13498599905383576
MS,MS49131_PB,GSM4104136_CCCATACGTTTACTCT-1,PB,0.5044683413566381
MS,MS49131_PB,GSM4104136_CCCTCCTCAGACAAGC-1,PB,-0.07001801433854374
MS,MS49131_PB,GSM4104136_CCCTCCTGTATAAACG-1,PB,-0.3574778474754511
MS,MS49131_PB,GSM4104136_CCGGGATCAGGGAGAG-1,PB,0.19665359637347243
MS,MS49131_PB,GSM4104136_CCGGGATGTGGTACAG-1,PB,-0.19901140380940094
MS,MS49131_PB,GSM4104136_CCGGGATTCCCACTTG-1,PB,-0.3095758014672447
MS,MS49131_PB,GSM4104136_CCGGGATTCCGAAGAG-1,PB,-0.07001801433854374
MS,MS49131_PB,GSM4104136_CCGGTAGCACGGCCAT-1,PB,0.10464168524001637
MS,MS49131_PB,GSM4104136_CCGTACTAGGGATGGG-1,PB,0.5566760923021447
MS,MS49131_PB,GSM4104136_CCGTTCAAGTTAACGA-1,PB,-0.6017423873579827
MS,MS49131_PB,GSM4104136_CCGTTCATCGTGGGAA-1,PB,0.23671076499327018
MS,MS49131_PB,GSM4104136_CCTAAAGAGCCCTAAT-1,PB,-0.07001801433854374
MS,MS49131_PB,GSM4104136_CCTAAAGCACAACGTT-1,PB,-0.17751904649241274
MS,MS49131_PB,GSM4104136_CCTACACGTGCCTTGG-1,PB,-0.03193876524747373
MS,MS49131_PB,GSM4104136_CCTACCAAGCCCGAAA-1,PB,-0.21563106787995792
MS,MS49131_PB,GSM4104136_CCTCAGTGTCTAAACC-1,PB,-0.24804870376813848
MS,MS49131_PB,GSM4104136_CCTCTGATCACTTCAT-1,PB,0.22939836917694698
MS,MS49131_PB,GSM4104136_CCTTCCCTCTATCCTA-1,PB,-0.3311869485667326
MS,MS49131_PB,GSM4104136_CCTTCGAGTTCCGTCT-1,PB,-0.2411029600652744
MS,MS49131_PB,GSM4104136_CGAACATGTATCACCA-1,PB,0.31682003573138967
MS,MS49131_PB,GSM4104136_CGAATGTGTACATGTC-1,PB,-0.07001801433854374
MS,MS49131_PB,GSM4104136_CGACCTTAGAGCTTCT-1,PB,-0.1953180580040365
MS,MS49131_PB,GSM4104136_CGACTTCGTCTCAACA-1,PB,-0.3670118745115243
MS,MS49131_PB,GSM4104136_CGAGAAGAGGCAATTA-1,PB,-0.07001801433854374
MS,MS49131_PB,GSM4104136_CGAGAAGCAAGCCTAT-1,PB,0.33700537972690875
MS,MS49131_PB,GSM4104136_CGAGAAGGTAACGTTC-1,PB,-0.06630358624914776
MS,MS49131_PB,GSM4104136_CGAGAAGGTAATAGCA-1,PB,-0.07001801433854374
MS,MS49131_PB,GSM4104136_CGAGAAGGTACCGGCT-1,PB,0.012211138057797126
MS,MS49131_PB,GSM4104136_CGAGCCAAGGCAGTCA-1,PB,-0.2513745628878255
MS,MS49131_PB,GSM4104136_CGATGGCGTCTGGTCG-1,PB,0.22226440374074538
MS,MS49131_PB,GSM4104136_CGATTGATCCACGTTC-1,PB,0.47633763059965356
MS,MS49131_PB,GSM4104136_CGCCAAGGTTGCTCCT-1,PB,-0.07001801433854374
MS,MS49131_PB,GSM4104136_CGCGGTACATGCGCAC-1,PB,-0.07001801433854374
MS,MS49131_PB,GSM4104136_CGCGTTTCAATCGAAA-1,PB,0.0605076034797961
MS,MS49131_PB,GSM4104136_CGCGTTTCATTCGACA-1,PB,-0.21554779167785762
MS,MS49131_PB,GSM4104136_CGCTATCGTAAGGGAA-1,PB,-0.3871290979096748
MS,MS49131_PB,GSM4104136_CGCTATCTCAGTTGAC-1,PB,0.7269631533862523
MS,MS49131_PB,GSM4104136_CGCTATCTCGCATGGC-1,PB,-0.4840311854013567
MS,MS49131_PB,GSM4104136_CGCTTCATCCGAATGT-1,PB,-0.07001801433854374
MS,MS49131_PB,GSM4104136_CGGACACGTTCGCGAC-1,PB,-0.19572108908740252
MS,MS49131_PB,GSM4104136_CGGAGCTCAAGTAATG-1,PB,0.029216964160559095
MS,MS49131_PB,GSM4104136_CGGAGCTTCTCGTATT-1,PB,-0.30607319142168815
MS,MS49131_PB,GSM4104136_CGGCTAGAGCGAGAAA-1,PB,-0.2876613712636629
MS,MS49131_PB,GSM4104136_CGGTTAAGTGTGCCTG-1,PB,-0.405612101681649
MS,MS49131_PB,GSM4104136_CGTAGCGAGAACAATC-1,PB,-0.2084751249344885
MS,MS49131_PB,GSM4104136_CGTAGCGCATCACGTA-1,PB,-0.14135263289975214
MS,MS49131_PB,GSM4104136_CGTCAGGCACCACGTG-1,PB,-0.36423784054508385
MS,MS49131_PB,GSM4104136_CGTCCATGTAAATGTG-1,PB,-0.07001801433854374
MS,MS49131_PB,GSM4104136_CGTCTACCATCGGACC-1,PB,-0.07001801433854374
MS,MS49131_PB,GSM4104136_CGTGAGCCATATGCTG-1,PB,-0.24847999677639745
MS,MS49131_PB,GSM4104136_CGTGTAAAGGGATACC-1,PB,-0.07001801433854374
MS,MS49131_PB,GSM4104136_CGTGTAAGTAGGCTGA-1,PB,-0.07001801433854374
MS,MS49131_PB,GSM4104136_CGTGTCTCATATGAGA-1,PB,0.17966747774510478
MS,MS49131_PB,GSM4104136_CTAACTTCATCCTTGC-1,PB,-0.035243697101421494
MS,MS49131_PB,GSM4104136_CTAAGACTCATGCAAC-1,PB,-0.3303604792650026
MS,MS49131_PB,GSM4104136_CTACATTCATATGAGA-1,PB,-0.07001801433854374
MS,MS49131_PB,GSM4104136_CTACATTCATCGTCGG-1,PB,-0.04074014353454429
MS,MS49131_PB,GSM4104136_CTACGTCAGACTTGAA-1,PB,-0.07001801433854374
MS,MS49131_PB,GSM4104136_CTAGAGTTCAGCACAT-1,PB,0.1967155942334883
MS,MS49131_PB,GSM4104136_CTAGCCTTCCACTCCA-1,PB,-0.49070794511572086
MS,MS49131_PB,GSM4104136_CTAGCCTTCGGAAATA-1,PB,0.19734483950946038
MS,MS49131_PB,GSM4104136_CTAGTGAGTTTGCATG-1,PB,-0.5939511675558337
MS,MS49131_PB,GSM4104136_CTCACACCAAGCTGAG-1,PB,0.026021965939412466
MS,MS49131_PB,GSM4104136_CTCAGAAGTGCACTTA-1,PB,0.25434837070274047
MS,MS49131_PB,GSM4104136_CTCAGAATCCGCATCT-1,PB,-0.2655246744473107
MS,MS49131_PB,GSM4104136_CTCATTACAAGACACG-1,PB,-0.6202816495910125
MS,MS49131_PB,GSM4104136_CTCATTAGTTATGCGT-1,PB,-0.07001801433854374
MS,MS49131_PB,GSM4104136_CTCATTAGTTGTACAC-1,PB,-0.218332498014917
MS,MS49131_PB,GSM4104136_CTCGAAAGTTATCACG-1,PB,-0.1549249884491118
MS,MS49131_PB,GSM4104136_CTCGAAATCGCTGATA-1,PB,-0.47563115096710423
MS,MS49131_PB,GSM4104136_CTCGAAATCTAACGGT-1,PB,-0.18593163175074384
MS,MS49131_PB,GSM4104136_CTCGAGGCAAATTGCC-1,PB,-0.35999149823443627
MS,MS49131_PB,GSM4104136_CTCGGAGGTCAAACTC-1,PB,-0.2696610597883898
MS,MS49131_PB,GSM4104136_CTCGGAGGTGGGTATG-1,PB,-0.22974281544308234
MS,MS49131_PB,GSM4104136_CTCGGAGTCAAAGTAG-1,PB,-0.16710088599839618
MS,MS49131_PB,GSM4104136_CTCGGGACAATACGCT-1,PB,-0.3735991052872891
MS,MS49131_PB,GSM4104136_CTCGGGACAATCGAAA-1,PB,-0.3693872509508897
MS,MS49131_PB,GSM4104136_CTCGGGACAGGCTGAA-1,PB,-0.3585186248436512
MS,MS49131_PB,GSM4104136_CTCGTCAAGTAACCCT-1,PB,-0.11675461832312328
MS,MS49131_PB,GSM4104136_CTCTACGCAGACGCAA-1,PB,0.5167404992350316
MS,MS49131_PB,GSM4104136_CTCTACGGTTCCCGAG-1,PB,-0.24504305625387685
MS,MS49131_PB,GSM4104136_CTCTACGTCAACGAAA-1,PB,0.6873818964212753
MS,MS49131_PB,GSM4104136_CTCTGGTTCCCTAATT-1,PB,-0.07001801433854374
MS,MS49131_PB,GSM4104136_CTGATCCAGATGTAAC-1,PB,-0.07001801433854374
MS,MS49131_PB,GSM4104136_CTGATCCTCGCAGGCT-1,PB,-0.3015836167712465
MS,MS49131_PB,GSM4104136_CTGATCCTCTCGTATT-1,PB,-0.2644027648213288
MS,MS49131_PB,GSM4104136_CTGCGGAAGGGATGGG-1,PB,0.29882686553854937
MS,MS49131_PB,GSM4104136_CTGCGGACACCAGGTC-1,PB,1.07867464852033
MS,MS49131_PB,GSM4104136_CTGCTGTCAGATGGGT-1,PB,-0.41659086420342645
MS,MS49131_PB,GSM4104136_CTGTTTACAGGTCGTC-1,PB,-0.2880061725651649
MS,MS49131_PB,GSM4104136_CTTACCGTCATCATTC-1,PB,-0.41084296376744955
MS,MS49131_PB,GSM4104136_CTTAGGAAGCGCCTTG-1,PB,-0.28544791968459504
MS,MS49131_PB,GSM4104136_CTTAGGATCTTCGGTC-1,PB,0.03586162505045248
MS,MS49131_PB,GSM4104136_CTTCTCTGTTGAGGTG-1,PB,-0.3607147456489206
MS,MS49131_PB,GSM4104136_CTTGGCTCACAGACAG-1,PB,-0.07001801433854374
MS,MS49131_PB,GSM4104136_CTTGGCTGTAATTGGA-1,PB,-0.15389745621858558
MS,MS49131_PB,GSM4104136_CTTGGCTGTACAGTTC-1,PB,0.2365200730721613
MS,MS49131_PB,GSM4104136_CTTGGCTTCGAACGGA-1,PB,-0.353943355672333
MS,MS49131_PB,GSM4104136_CTTTGCGTCACAACGT-1,PB,-0.07001801433854374
MS,MS49131_PB,GSM4104136_GAAACTCAGCGAGAAA-1,PB,0.06963508499740567
MS,MS49131_PB,GSM4104136_GAACATCGTTCAGACT-1,PB,-0.19603666206378248
MS,MS49131_PB,GSM4104136_GAACGGATCACCTTAT-1,PB,-0.2482197706689946
MS,MS49131_PB,GSM4104136_GAAGCAGTCCCACTTG-1,PB,-0.3362928337235251
MS,MS49131_PB,GSM4104136_GAATGAATCTCCCTGA-1,PB,-0.40419608501321297
MS,MS49131_PB,GSM4104136_GACACGCAGTAACCCT-1,PB,-0.2699066457294737
MS,MS49131_PB,GSM4104136_GACCAATAGAGAGCTC-1,PB,-0.17733145387925567
MS,MS49131_PB,GSM4104136_GACGCGTAGCCAACAG-1,PB,-0.07001801433854374
MS,MS49131_PB,GSM4104136_GACGCGTTCATTTGGG-1,PB,-0.07001801433854374
MS,MS49131_PB,GSM4104136_GACGGCTCAAGACGTG-1,PB,-0.19717918662601136
MS,MS49131_PB,GSM4104136_GACGTGCAGCTAGCCC-1,PB,-0.07001801433854374
MS,MS49131_PB,GSM4104136_GACGTGCAGGCCCTTG-1,PB,-0.31646078069328915
MS,MS49131_PB,GSM4104136_GACGTGCGTGAAAGAG-1,PB,-0.07001801433854374
MS,MS49131_PB,GSM4104136_GACTAACCAGACAAGC-1,PB,0.08441561214500326
MS,MS49131_PB,GSM4104136_GACTAACTCCTCGCAT-1,PB,-0.890501850397246
MS,MS49131_PB,GSM4104136_GACTACACACCCATGG-1,PB,0.15965407424459846
MS,MS49131_PB,GSM4104136_GACTGCGGTTACGACT-1,PB,-0.07001801433854374
MS,MS49131_PB,GSM4104136_GAGGTGAGTCTTCTCG-1,PB,-0.7488489142302674
MS,MS49131_PB,GSM4104136_GAGGTGAGTTATCACG-1,PB,-0.13829088876457413
MS,MS49131_PB,GSM4104136_GAGTCCGGTACATGTC-1,PB,-0.37070757813828964
MS,MS49131_PB,GSM4104136_GATCAGTAGTTGAGTA-1,PB,-0.7484488346561115
MS,MS49131_PB,GSM4104136_GATCAGTTCCTTGGTC-1,PB,-0.29764670397291004
MS,MS49131_PB,GSM4104136_GATCAGTTCGTGGTCG-1,PB,0.09389609905008085
MS,MS49131_PB,GSM4104136_GATCGCGCAAGTCTGT-1,PB,-0.07001801433854374
MS,MS49131_PB,GSM4104136_GATCGCGCAGTTAACC-1,PB,-0.07001801433854374
MS,MS49131_PB,GSM4104136_GATCGCGTCGAGAGCA-1,PB,-0.4334628913312951
MS,MS49131_PB,GSM4104136_GATCGTATCATGTCCC-1,PB,-0.07001801433854374
MS,MS49131_PB,GSM4104136_GATCGTATCCAGGGCT-1,PB,-0.1408470994989108
MS,MS49131_PB,GSM4104136_GATCGTATCTTCGGTC-1,PB,-0.07001801433854374
MS,MS49131_PB,GSM4104136_GATGAGGTCGAACTGT-1,PB,-0.5577977421082061
MS,MS49131_PB,GSM4104136_GATTCAGAGACCCACC-1,PB,-0.18064186386054895
MS,MS49131_PB,GSM4104136_GATTCAGGTCTAGGTT-1,PB,-0.17034641613802418
MS,MS49131_PB,GSM4104136_GCAAACTAGGGCTCTC-1,PB,-0.17543541238307822
MS,MS49131_PB,GSM4104136_GCACTCTAGACGCACA-1,PB,0.20814343952392553
MS,MS49131_PB,GSM4104136_GCACTCTAGAGATGAG-1,PB,0.32987085599226534
MS,MS49131_PB,GSM4104136_GCACTCTAGTTACGGG-1,PB,0.51865327003277
MS,MS49131_PB,GSM4104136_GCAGTTAAGGTAGCTG-1,PB,-0.18890087469354375
MS,MS49131_PB,GSM4104136_GCATACATCTCCAGGG-1,PB,-0.07001801433854374
MS,MS49131_PB,GSM4104136_GCATGATAGATCGATA-1,PB,-0.22178957413747655
MS,MS49131_PB,GSM4104136_GCATGATAGTTACCCA-1,PB,-0.3397595367043911
MS,MS49131_PB,GSM4104136_GCATGATCAGGGTACA-1,PB,-0.07001801433854374
MS,MS49131_PB,GSM4104136_GCATGCGTCAACACGT-1,PB,0.2749092625038641
MS,MS49131_PB,GSM4104136_GCATGCGTCTGTCCGT-1,PB,-0.32507844096027566
MS,MS49131_PB,GSM4104136_GCATGTAAGTAGATGT-1,PB,-0.960303879005324
MS,MS49131_PB,GSM4104136_GCATGTACATGCCTTC-1,PB,-0.07001801433854374
MS,MS49131_PB,GSM4104136_GCATGTAGTCATATCG-1,PB,-0.07001801433854374
MS,MS49131_PB,GSM4104136_GCATGTAGTGATAAAC-1,PB,-0.0420654814835285
MS,MS49131_PB,GSM4104136_GCCAAATCATTGGTAC-1,PB,-0.1894961025065036
MS,MS49131_PB,GSM4104136_GCCAAATTCAGAGCTT-1,PB,-0.23898012196940102
MS,MS49131_PB,GSM4104136_GCCTCTACACCGCTAG-1,PB,0.5428745600396795
MS,MS49131_PB,GSM4104136_GCCTCTACATTCTCAT-1,PB,0.14818989354086962
MS,MS49131_PB,GSM4104136_GCCTCTATCTTCTGGC-1,PB,0.185413515425812
MS,MS49131_PB,GSM4104136_GCGACCATCCCTGACT-1,PB,-0.24081336315193488
MS,MS49131_PB,GSM4104136_GCGAGAATCACGCATA-1,PB,0.2900324696250463
MS,MS49131_PB,GSM4104136_GCGCAACAGCTACCTA-1,PB,0.015584523205565803
MS,MS49131_PB,GSM4104136_GCGCAACGTCTCCCTA-1,PB,-0.29458663255898426
MS,MS49131_PB,GSM4104136_GCGCAGTGTTAAGAAC-1,PB,-0.21941564153829915
MS,MS49131_PB,GSM4104136_GCGCCAATCCTTTCGG-1,PB,-0.07001801433854374
MS,MS49131_PB,GSM4104136_GCGCGATTCCATGAGT-1,PB,0.017557366405997015
MS,MS49131_PB,GSM4104136_GCGGGTTGTAAATGTG-1,PB,0.3229320135589996
MS,MS49131_PB,GSM4104136_GCTCCTAGTGCAGACA-1,PB,-0.2879759012933545
MS,MS49131_PB,GSM4104136_GCTCTGTTCTCGAGTA-1,PB,-0.07001801433854374
MS,MS49131_PB,GSM4104136_GCTGCGACACATGGGA-1,PB,0.1915833668476064
MS,MS49131_PB,GSM4104136_GCTGGGTGTCATGCAT-1,PB,-0.07001801433854374
MS,MS49131_PB,GSM4104136_GCTGGGTTCCATGCTC-1,PB,-0.3600441099892362
MS,MS49131_PB,GSM4104136_GCTTGAACACAAGACG-1,PB,-0.10992080864647165
MS,MS49131_PB,GSM4104136_GCTTGAAGTCATATCG-1,PB,-0.6628793798376021
MS,MS49131_PB,GSM4104136_GGAAAGCAGCGGCTTC-1,PB,-0.6121622800514949
MS,MS49131_PB,GSM4104136_GGAATAAAGATTACCC-1,PB,-0.07001801433854374
MS,MS49131_PB,GSM4104136_GGAATAAAGTGGTAGC-1,PB,-0.07001801433854374
MS,MS49131_PB,GSM4104136_GGACAAGGTTTGTTGG-1,PB,0.24851844810275778
MS,MS49131_PB,GSM4104136_GGACATTCACCGGAAA-1,PB,0.35487359900643384
MS,MS49131_PB,GSM4104136_GGACGTCAGTCGATAA-1,PB,-0.07001801433854374
MS,MS49131_PB,GSM4104136_GGAGCAAGTCATGCAT-1,PB,0.05781118166813716
MS,MS49131_PB,GSM4104136_GGCAATTAGTCTCAAC-1,PB,0.10575604181932152
MS,MS49131_PB,GSM4104136_GGCAATTCAGCCTTGG-1,PB,-0.5857921118294065
MS,MS49131_PB,GSM4104136_GGCAATTGTGTGTGCC-1,PB,-0.07001801433854374
MS,MS49131_PB,GSM4104136_GGCCGATTCTAACCGA-1,PB,0.2144532902118647
MS,MS49131_PB,GSM4104136_GGCTCGAGTACCCAAT-1,PB,-0.5735177175122362
MS,MS49131_PB,GSM4104136_GGCTCGAGTCATCCCT-1,PB,-0.04796335267721037
MS,MS49131_PB,GSM4104136_GGCTCGATCATCACCC-1,PB,-0.26037112703708
MS,MS49131_PB,GSM4104136_GGGAATGCAAGAGGCT-1,PB,-0.07001801433854374
MS,MS49131_PB,GSM4104136_GGGAGATCACCAGATT-1,PB,0.30845051015868385
MS,MS49131_PB,GSM4104136_GGGATGAGTCAGTGGA-1,PB,-0.31945711806061106
MS,MS49131_PB,GSM4104136_GGGATGATCCGTCATC-1,PB,-0.2780838271306286
MS,MS49131_PB,GSM4104136_GGGCATCGTTGGGACA-1,PB,0.16689961021292404
MS,MS49131_PB,GSM4104136_GGTGAAGGTACAGTGG-1,PB,-0.2860465473841144
MS,MS49131_PB,GSM4104136_GGTGCGTCAGATCTGT-1,PB,-0.07001801433854374
MS,MS49131_PB,GSM4104136_GGTGCGTGTCTAAACC-1,PB,-0.5898485316468791
MS,MS49131_PB,GSM4104136_GGTGCGTTCAGTACGT-1,PB,-0.4456228408851879
MS,MS49131_PB,GSM4104136_GGTGTTACAGACACTT-1,PB,-0.07001801433854374
MS,MS49131_PB,GSM4104136_GGTGTTATCATCGATG-1,PB,0.1037687722993974
MS,MS49131_PB,GSM4104136_GGTGTTATCTCCAACC-1,PB,0.24902507616589156
MS,MS49131_PB,GSM4104136_GTAACGTAGGTGACCA-1,PB,0.3209977156493343
MS,MS49131_PB,GSM4104136_GTACGTAGTGTAATGA-1,PB,-0.4397170768698901
MS,MS49131_PB,GSM4104136_GTACGTAGTTCAGACT-1,PB,0.19075860907554903
MS,MS49131_PB,GSM4104136_GTAGTCATCACCGTAA-1,PB,-0.07001801433854374
MS,MS49131_PB,GSM4104136_GTATCTTCACCTATCC-1,PB,-0.2049569253939849
MS,MS49131_PB,GSM4104136_GTATTCTTCAACCAAC-1,PB,-0.25421459904337357
MS,MS49131_PB,GSM4104136_GTATTCTTCGATAGAA-1,PB,-0.07001801433854374
MS,MS49131_PB,GSM4104136_GTCACAAAGAGACTTA-1,PB,-0.07001801433854374
MS,MS49131_PB,GSM4104136_GTCACAACACTGTTAG-1,PB,0.4246211908635868
MS,MS49131_PB,GSM4104136_GTCGTAAGTGCGCTTG-1,PB,-0.4060459098013344
MS,MS49131_PB,GSM4104136_GTCTCGTAGGGATACC-1,PB,-0.15351006204158932
MS,MS49131_PB,GSM4104136_GTCTCGTCAGGGTATG-1,PB,-0.5442339034656908
MS,MS49131_PB,GSM4104136_GTGCATAGTACTTCTT-1,PB,-0.07001801433854374
MS,MS49131_PB,GSM4104136_GTGCATATCACAAACC-1,PB,0.12839066250311273
MS,MS49131_PB,GSM4104136_GTGCGGTCATTATCTC-1,PB,-0.07001801433854374
MS,MS49131_PB,GSM4104136_GTGCTTCGTAGCTAAA-1,PB,-0.1820150667194455
MS,MS49131_PB,GSM4104136_GTGTTAGCAAGCGATG-1,PB,-0.07001801433854374
MS,MS49131_PB,GSM4104136_GTTACAGTCCTGCCAT-1,PB,-0.22217655323866475
MS,MS49131_PB,GSM4104136_GTTCATTAGCTAGTGG-1,PB,-0.18822806048176574
MS,MS49131_PB,GSM4104136_GTTCATTGTGTGTGCC-1,PB,0.1622598648410606
MS,MS49131_PB,GSM4104136_GTTCGGGTCTACCAGA-1,PB,-0.07001801433854374
MS,MS49131_PB,GSM4104136_TAAACCGCACTGAAGG-1,PB,-0.2509511537097675
MS,MS49131_PB,GSM4104136_TAAACCGGTTGGTGGA-1,PB,0.44565980770415087
MS,MS49131_PB,GSM4104136_TAAACCGTCCAACCAA-1,PB,0.1352380875974241
MS,MS49131_PB,GSM4104136_TAAGAGAGTCCGAATT-1,PB,-0.0200781891569815
MS,MS49131_PB,GSM4104136_TAAGCGTCAAGTAGTA-1,PB,-0.35504340055393696
MS,MS49131_PB,GSM4104136_TAAGCGTCAGTATCTG-1,PB,-0.1767422576598811
MS,MS49131_PB,GSM4104136_TAAGCGTCATAGTAAG-1,PB,-0.07001801433854374
MS,MS49131_PB,GSM4104136_TAAGCGTTCAGCGATT-1,PB,-0.07001801433854374
MS,MS49131_PB,GSM4104136_TAAGTGCCATAGAAAC-1,PB,-0.07001801433854374
MS,MS49131_PB,GSM4104136_TACACGAAGAAGGGTA-1,PB,-0.28690855049250974
MS,MS49131_PB,GSM4104136_TACACGAAGTGTACGG-1,PB,-0.07001801433854374
MS,MS49131_PB,GSM4104136_TACAGTGGTGTGAAAT-1,PB,-0.24071711902362633
MS,MS49131_PB,GSM4104136_TACCTATAGACAATAC-1,PB,-0.1906259506695475
MS,MS49131_PB,GSM4104136_TACCTATCAAGGCTCC-1,PB,-0.07001801433854374
MS,MS49131_PB,GSM4104136_TACCTTAAGACCGGAT-1,PB,-0.4949264100333562
MS,MS49131_PB,GSM4104136_TACCTTACAACACCTA-1,PB,-0.07001801433854374
MS,MS49131_PB,GSM4104136_TACCTTAGTTTGTTGG-1,PB,-0.24699751584426172
MS,MS49131_PB,GSM4104136_TACGGATAGAGGTACC-1,PB,-0.2830489292064058
MS,MS49131_PB,GSM4104136_TACGGTACACTTGGAT-1,PB,-0.09702560504338309
MS,MS49131_PB,GSM4104136_TACTCATAGGATCGCA-1,PB,-0.07001801433854374
MS,MS49131_PB,GSM4104136_TACTCATAGGCGCTCT-1,PB,-0.07001801433854374
MS,MS49131_PB,GSM4104136_TACTCGCAGTATCGAA-1,PB,0.5327755342711704
MS,MS49131_PB,GSM4104136_TACTTGTGTACTTAGC-1,PB,-0.07001801433854374
MS,MS49131_PB,GSM4104136_TAGACCATCGCTTGTC-1,PB,0.17961959715138848
MS,MS49131_PB,GSM4104136_TAGCCGGAGTGTCTCA-1,PB,-0.07001801433854374
MS,MS49131_PB,GSM4104136_TAGGCATGTTCCACTC-1,PB,-0.21403149931380713
MS,MS49131_PB,GSM4104136_TAGTGGTAGTGTGGCA-1,PB,-0.43206248951317444
MS,MS49131_PB,GSM4104136_TATCTCAGTCAGCTAT-1,PB,0.10629436785893549
MS,MS49131_PB,GSM4104136_TATGCCCCATCCCATC-1,PB,-0.3408658748890142
MS,MS49131_PB,GSM4104136_TATGCCCGTTCGTCTC-1,PB,-0.07001801433854374
MS,MS49131_PB,GSM4104136_TCAACGATCTATGTGG-1,PB,0.14915033324825053
MS,MS49131_PB,GSM4104136_TCACAAGCAAAGTGCG-1,PB,-0.07001801433854374
MS,MS49131_PB,GSM4104136_TCACAAGCAATGGACG-1,PB,-0.07001801433854374
MS,MS49131_PB,GSM4104136_TCACAAGCACGGTAGA-1,PB,-0.4223273583191767
MS,MS49131_PB,GSM4104136_TCACAAGGTCTCCACT-1,PB,0.19645548138234223
MS,MS49131_PB,GSM4104136_TCACGAAGTTCCCGAG-1,PB,0.20384518620243955
MS,MS49131_PB,GSM4104136_TCAGCAAAGAAGAAGC-1,PB,-0.3521982128389526
MS,MS49131_PB,GSM4104136_TCAGCAAAGCCCAACC-1,PB,-0.36025145037330625
MS,MS49131_PB,GSM4104136_TCAGCTCAGCCTATGT-1,PB,-0.07001801433854374
MS,MS49131_PB,GSM4104136_TCAGCTCCAGGACGTA-1,PB,-0.5081890786322716
MS,MS49131_PB,GSM4104136_TCAGCTCTCCTAGAAC-1,PB,-0.5022661695369498
MS,MS49131_PB,GSM4104136_TCAGGATAGAAGGTGA-1,PB,-0.07001801433854374
MS,MS49131_PB,GSM4104136_TCATTACTCGCTTAGA-1,PB,-0.07001801433854374
MS,MS49131_PB,GSM4104136_TCATTTGAGTTAGCGG-1,PB,-0.07001801433854374
MS,MS49131_PB,GSM4104136_TCCCGATTCAAAGTAG-1,PB,-0.799235901206289
MS,MS49131_PB,GSM4104136_TCGAGGCGTTGGTGGA-1,PB,0.0921237979507178
MS,MS49131_PB,GSM4104136_TCGCGTTTCAGTACGT-1,PB,-0.18819562056093314
MS,MS49131_PB,GSM4104136_TCGGGACGTCTTCGTC-1,PB,-0.07001801433854374
MS,MS49131_PB,GSM4104136_TCGTAGAGTAATCGTC-1,PB,-0.19822864369921994
MS,MS49131_PB,GSM4104136_TCTCATAAGTCTTGCA-1,PB,-0.23290952270720716
MS,MS49131_PB,GSM4104136_TCTCTAAGTAGAAGGA-1,PB,-0.07001801433854374
MS,MS49131_PB,GSM4104136_TCTCTAAGTGGCTCCA-1,PB,-0.24499014118315662
MS,MS49131_PB,GSM4104136_TCTCTAATCGACCAGC-1,PB,-0.07001801433854374
MS,MS49131_PB,GSM4104136_TCTGAGACACAGACAG-1,PB,-0.07001801433854374
MS,MS49131_PB,GSM4104136_TCTGAGATCAGTCAGT-1,PB,-0.24442489065291656
MS,MS49131_PB,GSM4104136_TCTGGAAAGTCGTTTG-1,PB,0.057148112669702524
MS,MS49131_PB,GSM4104136_TCTTCGGCACTAGTAC-1,PB,-0.6413764108636312
MS,MS49131_PB,GSM4104136_TCTTCGGCATCCCATC-1,PB,-0.27520233313570824
MS,MS49131_PB,GSM4104136_TCTTTCCAGTCGTACT-1,PB,-0.07001801433854374
MS,MS49131_PB,GSM4104136_TCTTTCCGTGATAAGT-1,PB,-0.07001801433854374
MS,MS49131_PB,GSM4104136_TCTTTCCGTGTATGGG-1,PB,-0.4263467233112498
MS,MS49131_PB,GSM4104136_TGAAAGAAGCGATTCT-1,PB,-0.21126265151349077
MS,MS49131_PB,GSM4104136_TGACGGCAGAAGGCCT-1,PB,0.14060727924198155
MS,MS49131_PB,GSM4104136_TGACTAGCAATGGATA-1,PB,-0.07001801433854374
MS,MS49131_PB,GSM4104136_TGACTTTCAATCACAC-1,PB,-0.07001801433854374
MS,MS49131_PB,GSM4104136_TGAGCATAGTTGAGTA-1,PB,-0.43087411313476653
MS,MS49131_PB,GSM4104136_TGAGCATGTTGTCTTT-1,PB,0.2800328319524986
MS,MS49131_PB,GSM4104136_TGAGCATTCGGCGCAT-1,PB,-0.07001801433854374
MS,MS49131_PB,GSM4104136_TGAGCCGTCTTGACGA-1,PB,0.04532577877748123
MS,MS49131_PB,GSM4104136_TGAGGGAAGTTGAGTA-1,PB,0.06908119363146908
MS,MS49131_PB,GSM4104136_TGATTTCCATCAGTCA-1,PB,-0.07001801433854374
MS,MS49131_PB,GSM4104136_TGCCCTAAGGAGCGAG-1,PB,-0.6000147602731835
MS,MS49131_PB,GSM4104136_TGCCCTATCCTTTCTC-1,PB,-0.19999991162943062
MS,MS49131_PB,GSM4104136_TGCGCAGTCTCAAACG-1,PB,-0.07001801433854374
MS,MS49131_PB,GSM4104136_TGGACGCCATACTCTT-1,PB,-0.07001801433854374
MS,MS49131_PB,GSM4104136_TGGCCAGGTTCCGTCT-1,PB,-0.20118038496796667
MS,MS49131_PB,GSM4104136_TGGCCAGTCTGACCTC-1,PB,0.07156806598015661
MS,MS49131_PB,GSM4104136_TGGCGCAAGAAACCAT-1,PB,-0.46472705176787577
MS,MS49131_PB,GSM4104136_TGGCTGGGTAGTGAAT-1,PB,-0.07001801433854374
MS,MS49131_PB,GSM4104136_TGGCTGGTCGCAAGCC-1,PB,-0.13247681462256208
MS,MS49131_PB,GSM4104136_TGGGAAGAGCTGTCTA-1,PB,0.44679353890713724
MS,MS49131_PB,GSM4104136_TGGGAAGAGTGAATTG-1,PB,-0.07001801433854374
MS,MS49131_PB,GSM4104136_TGGGAAGTCGTCTGCT-1,PB,-0.07001801433854374
MS,MS49131_PB,GSM4104136_TGGTTAGCATCGGGTC-1,PB,-0.050850065216091235
MS,MS49131_PB,GSM4104136_TGGTTCCTCCTTTACA-1,PB,0.2914045133389667
MS,MS49131_PB,GSM4104136_TGTCCCAGTTTAGCTG-1,PB,-0.07001801433854374
MS,MS49131_PB,GSM4104136_TGTTCCGCATGCGCAC-1,PB,-0.07001801433854374
MS,MS49131_PB,GSM4104136_TGTTCCGGTAAACGCG-1,PB,-0.19393109305910963
MS,MS49131_PB,GSM4104136_TGTTCCGGTCGGCATC-1,PB,0.07671399306959627
MS,MS49131_PB,GSM4104136_TTAACTCTCCATGCTC-1,PB,0.40965165772201717
MS,MS49131_PB,GSM4104136_TTAGGACAGTGTGGCA-1,PB,-0.48726440277092997
MS,MS49131_PB,GSM4104136_TTAGGACCAACAACCT-1,PB,-0.48171247340617124
MS,MS49131_PB,GSM4104136_TTAGGACCAGATTGCT-1,PB,-0.5205693170634731
MS,MS49131_PB,GSM4104136_TTAGGACGTTCCAACA-1,PB,0.4236842886972952
MS,MS49131_PB,GSM4104136_TTAGGCAAGGAATCGC-1,PB,-0.07001801433854374
MS,MS49131_PB,GSM4104136_TTAGGCAGTAGAGGAA-1,PB,0.2770923341104734
MS,MS49131_PB,GSM4104136_TTAGTTCTCGTATCAG-1,PB,-0.07001801433854374
MS,MS49131_PB,GSM4104136_TTATGCTGTACTCGCG-1,PB,-0.07001801433854374
MS,MS49131_PB,GSM4104136_TTCCCAGGTTGAGGTG-1,PB,0.16441490367694964
MS,MS49131_PB,GSM4104136_TTCGAAGGTCGCTTCT-1,PB,0.5227960970920246
MS,MS49131_PB,GSM4104136_TTCGGTCGTTTCCACC-1,PB,0.4188410825394876
MS,MS49131_PB,GSM4104136_TTCTCAATCGGAAACG-1,PB,-0.1964223925262148
MS,MS49131_PB,GSM4104136_TTCTCCTCATGGTCAT-1,PB,0.003257614430253987
MS,MS49131_PB,GSM4104136_TTCTCCTGTCTCTTAT-1,PB,-0.26672520982601505
MS,MS49131_PB,GSM4104136_TTGAACGAGCTACCTA-1,PB,-0.6296628683912343
MS,MS49131_PB,GSM4104136_TTGAACGGTCTCTTTA-1,PB,0.08865559095587365
MS,MS49131_PB,GSM4104136_TTGACTTAGGCGTACA-1,PB,-0.07001801433854374
MS,MS49131_PB,GSM4104136_TTGACTTGTCTCTTAT-1,PB,-0.07001801433854374
MS,MS49131_PB,GSM4104136_TTGCCGTAGGTGACCA-1,PB,-0.09588967857891809
MS,MS49131_PB,GSM4104136_TTGCCGTCAACACGCC-1,PB,-0.34478642576316326
MS,MS49131_PB,GSM4104136_TTGCGTCTCGGCTTGG-1,PB,-0.2762225570853404
MS,MS49131_PB,GSM4104136_TTGGAACTCAAGCCTA-1,PB,0.3824502149248063
MS,MS49131_PB,GSM4104136_TTGTAGGTCGGTCTAA-1,PB,-0.3375338070607949
MS,MS49131_PB,GSM4104136_TTTACTGCAGCCAGAA-1,PB,-0.2510214489022836
MS,MS49131_PB,GSM4104136_TTTACTGGTGCAGGTA-1,PB,-0.08733139220827343
MS,MS49131_PB,GSM4104136_TTTCCTCTCGGAGGTA-1,PB,0.03883067399437869
MS,MS49131_PB,GSM4104136_TTTCCTCTCGGTCTAA-1,PB,-0.5771632744118742
MS,MS49131_PB,GSM4104136_TTTGCGCCACGTCAGC-1,PB,-0.2746447726246883
MS,MS49131_PB,GSM4104136_TTTGGTTAGCTGCAAG-1,PB,-0.07001801433854374
MS,MS49131_PB,GSM4104136_TTTGGTTCACAGGCCT-1,PB,-0.1826902433053777
MS,MS60249_PB,GSM4104137_AAACGGGGTCATTAGC-1,PB,-0.07001801433854374
MS,MS60249_PB,GSM4104137_AAAGTAGCATGTAAGA-1,PB,0.06975483456883079
MS,MS60249_PB,GSM4104137_AACTCCCGTCCGAGTC-1,PB,0.19923130037008718
MS,MS60249_PB,GSM4104137_AACTGGTAGGTAGCTG-1,PB,0.06393120210437687
MS,MS60249_PB,GSM4104137_AACTGGTTCATTGCCC-1,PB,-0.07001801433854374
MS,MS60249_PB,GSM4104137_AATCGGTAGGCAATTA-1,PB,-0.22724526322396046
MS,MS60249_PB,GSM4104137_ACGCCGAGTTATTCTC-1,PB,-0.07001801433854374
MS,MS60249_PB,GSM4104137_ACGGAGACAGTATCTG-1,PB,-0.598918023824868
MS,MS60249_PB,GSM4104137_ACGTCAACACGGTTTA-1,PB,-0.20135468796992423
MS,MS60249_PB,GSM4104137_ACTGATGAGCGCCTCA-1,PB,-0.21014187540052287
MS,MS60249_PB,GSM4104137_AGGGAGTGTACCTACA-1,PB,-0.07001801433854374
MS,MS60249_PB,GSM4104137_AGGGATGAGGCTCTTA-1,PB,-0.07001801433854374
MS,MS60249_PB,GSM4104137_AGGTCCGGTTGTACAC-1,PB,0.30407683557645415
MS,MS60249_PB,GSM4104137_AGTAGTCAGGGATACC-1,PB,0.4312234357279521
MS,MS60249_PB,GSM4104137_AGTCTTTGTGTAACGG-1,PB,-0.07001801433854374
MS,MS60249_PB,GSM4104137_ATCATGGTCCGCGGTA-1,PB,-0.30053814251708566
MS,MS60249_PB,GSM4104137_ATGAGGGCAGCCAATT-1,PB,0.1838794716284715
MS,MS60249_PB,GSM4104137_ATTGGACTCACAATGC-1,PB,0.10696064444987204
MS,MS60249_PB,GSM4104137_ATTTCTGGTTTGTTGG-1,PB,-0.07001801433854374
MS,MS60249_PB,GSM4104137_ATTTCTGTCAGGCAAG-1,PB,0.20087208893465316
MS,MS60249_PB,GSM4104137_CAAGGCCCACTTGGAT-1,PB,-0.17215250646853367
MS,MS60249_PB,GSM4104137_CACACAAGTGTGAAAT-1,PB,-0.3143994049094681
MS,MS60249_PB,GSM4104137_CACACTCAGCGATATA-1,PB,0.26445428071798915
MS,MS60249_PB,GSM4104137_CAGATCACAACTGCTA-1,PB,-0.30481552447248844
MS,MS60249_PB,GSM4104137_CAGATCACATGCCTAA-1,PB,-0.2198957563876846
MS,MS60249_PB,GSM4104137_CAGCAGCAGACTGTAA-1,PB,-0.07001801433854374
MS,MS60249_PB,GSM4104137_CAGTAACCAATCTGCA-1,PB,-0.36951620648029554
MS,MS60249_PB,GSM4104137_CAGTAACGTTACCGAT-1,PB,-0.7174780073406526
MS,MS60249_PB,GSM4104137_CATATGGAGGCGCTCT-1,PB,0.16888836221995948
MS,MS60249_PB,GSM4104137_CATATTCCATGTAAGA-1,PB,-0.34553047023968003
MS,MS60249_PB,GSM4104137_CATCAAGTCCTTCAAT-1,PB,-0.07001801433854374
MS,MS60249_PB,GSM4104137_CATCCACAGCGCTTAT-1,PB,-0.21267528544350903
MS,MS60249_PB,GSM4104137_CATCCACTCAACGGGA-1,PB,-0.07001801433854374
MS,MS60249_PB,GSM4104137_CATTATCCAAGCGAGT-1,PB,0.20019277296829105
MS,MS60249_PB,GSM4104137_CCACTACTCGGTGTCG-1,PB,0.38005380740152395
MS,MS60249_PB,GSM4104137_CCACTACTCTGATACG-1,PB,-0.21850044773829813
MS,MS60249_PB,GSM4104137_CCTCAGTCAAGGCTCC-1,PB,-0.07001801433854374
MS,MS60249_PB,GSM4104137_CGAACATCATCCGTGG-1,PB,-0.07001801433854374
MS,MS60249_PB,GSM4104137_CGATGTACAGTTCCCT-1,PB,0.2101348560731437
MS,MS60249_PB,GSM4104137_CGCTGGAAGCGTTCCG-1,PB,-0.07001801433854374
MS,MS60249_PB,GSM4104137_CTACCCAGTGAAAGAG-1,PB,-0.21039026647701922
MS,MS60249_PB,GSM4104137_CTACGTCCAGCTCGAC-1,PB,-0.07001801433854374
MS,MS60249_PB,GSM4104137_CTCGAAAGTACAAGTA-1,PB,-0.07001801433854374
MS,MS60249_PB,GSM4104137_CTGGTCTCATACTCTT-1,PB,0.05884900441048641
MS,MS60249_PB,GSM4104137_CTTACCGTCTAACGGT-1,PB,-0.07001801433854374
MS,MS60249_PB,GSM4104137_CTTAGGAGTCAATGTC-1,PB,-0.07001801433854374
MS,MS60249_PB,GSM4104137_CTTAGGATCGGCGCAT-1,PB,-0.23063918061844144
MS,MS60249_PB,GSM4104137_GAAATGAAGATCTGCT-1,PB,0.26444910902759383
MS,MS60249_PB,GSM4104137_GACTGCGTCAGCGACC-1,PB,0.6526513843861556
MS,MS60249_PB,GSM4104137_GAGTCCGTCCTGCTTG-1,PB,-0.1748397824638794
MS,MS60249_PB,GSM4104137_GAGTCCGTCGTTACGA-1,PB,-0.07001801433854374
MS,MS60249_PB,GSM4104137_GATCAGTCACCAGATT-1,PB,-0.07001801433854374
MS,MS60249_PB,GSM4104137_GATCGATTCTCGCTTG-1,PB,-0.15056031295448857
MS,MS60249_PB,GSM4104137_GATTCAGCATGGATGG-1,PB,0.2102676829092378
MS,MS60249_PB,GSM4104137_GATTCAGGTAAGTGTA-1,PB,-0.07001801433854374
MS,MS60249_PB,GSM4104137_GCACATAGTCCGTCAG-1,PB,-0.2642316887219393
MS,MS60249_PB,GSM4104137_GCACTCTAGAGTTGGC-1,PB,-0.7223973322762454
MS,MS60249_PB,GSM4104137_GCTTCCACATCTGGTA-1,PB,-0.19565369608174338
MS,MS60249_PB,GSM4104137_GCTTCCAGTTAGTGGG-1,PB,-0.07001801433854374
MS,MS60249_PB,GSM4104137_GGAAAGCCACGACTCG-1,PB,-0.07001801433854374
MS,MS60249_PB,GSM4104137_GGACAGACATGCTGGC-1,PB,-0.22314987149551557
MS,MS60249_PB,GSM4104137_GGATTACTCCTTTCTC-1,PB,0.0417389827403577
MS,MS60249_PB,GSM4104137_GGCCGATGTTTGTTTC-1,PB,0.1959806184024675
MS,MS60249_PB,GSM4104137_GGCTCGATCACCACCT-1,PB,-0.0476893676209323
MS,MS60249_PB,GSM4104137_GGGAATGCAATCACAC-1,PB,-0.07001801433854374
MS,MS60249_PB,GSM4104137_GGGAGATCATTTGCTT-1,PB,-0.07001801433854374
MS,MS60249_PB,GSM4104137_GGGATGAAGGGAACGG-1,PB,0.6334074762348495
MS,MS60249_PB,GSM4104137_GGGCATCTCTTGCCGT-1,PB,-0.07001801433854374
MS,MS60249_PB,GSM4104137_GGTATTGTCCGAATGT-1,PB,-0.07001801433854374
MS,MS60249_PB,GSM4104137_GTAACGTGTAGCAAAT-1,PB,-0.07001801433854374
MS,MS60249_PB,GSM4104137_GTACGTAGTCTGCAAT-1,PB,0.2770220336881232
MS,MS60249_PB,GSM4104137_GTACTTTCACAGGAGT-1,PB,-0.07001801433854374
MS,MS60249_PB,GSM4104137_GTAGGCCGTACGAAAT-1,PB,-0.2669499470030013
MS,MS60249_PB,GSM4104137_GTAGTCATCAGTTCGA-1,PB,0.3658713236310337
MS,MS60249_PB,GSM4104137_GTATTCTAGCTCCTTC-1,PB,-0.07001801433854374
MS,MS60249_PB,GSM4104137_GTGAAGGCAGAGCCAA-1,PB,-0.27964265277050804
MS,MS60249_PB,GSM4104137_GTGCATAAGTAGGTGC-1,PB,-0.2202410651204398
MS,MS60249_PB,GSM4104137_GTGCGGTAGTGGCACA-1,PB,-0.07001801433854374
MS,MS60249_PB,GSM4104137_GTGCGGTCAGTATGCT-1,PB,0.1465608118928326
MS,MS60249_PB,GSM4104137_GTGTGCGCATAGGATA-1,PB,-0.23054060448481423
MS,MS60249_PB,GSM4104137_GTTACAGGTTGCTCCT-1,PB,-0.07001801433854374
MS,MS60249_PB,GSM4104137_GTTCGGGAGTCTCCTC-1,PB,-0.20125501588592806
MS,MS60249_PB,GSM4104137_GTTCGGGTCATCATTC-1,PB,-0.4083063204656358
MS,MS60249_PB,GSM4104137_TAAGAGACAGCAGTTT-1,PB,-0.07001801433854374
MS,MS60249_PB,GSM4104137_TACCTTATCTCCAACC-1,PB,-0.2546486727283916
MS,MS60249_PB,GSM4104137_TACGGATGTGAGGGTT-1,PB,-0.07001801433854374
MS,MS60249_PB,GSM4104137_TACGGGCAGCTGAACG-1,PB,0.25354052575855646
MS,MS60249_PB,GSM4104137_TATCAGGGTACCGCTG-1,PB,-0.07001801433854374
MS,MS60249_PB,GSM4104137_TATTACCGTTGAGTTC-1,PB,-0.07001801433854374
MS,MS60249_PB,GSM4104137_TCGCGAGTCCTCATTA-1,PB,-0.3697060828143171
MS,MS60249_PB,GSM4104137_TCGGGACCAAACAACA-1,PB,-0.07001801433854374
MS,MS60249_PB,GSM4104137_TCGTAGATCAGGCCCA-1,PB,-0.38508860146751894
MS,MS60249_PB,GSM4104137_TCTCTAAAGCTCTCGG-1,PB,-0.2273230305705862
MS,MS60249_PB,GSM4104137_TCTCTAAGTAGTACCT-1,PB,-0.6633079409442376
MS,MS60249_PB,GSM4104137_TCTGAGAAGGCCCTCA-1,PB,-0.3224540565091352
MS,MS60249_PB,GSM4104137_TGCGGGTTCAGAGACG-1,PB,-0.21570802096144964
MS,MS60249_PB,GSM4104137_TGCTGCTTCTCCCTGA-1,PB,-0.07001801433854374
MS,MS60249_PB,GSM4104137_TGGACGCAGGATTCGG-1,PB,-0.07001801433854374
MS,MS60249_PB,GSM4104137_TGGCCAGTCTGGTGTA-1,PB,-0.6755136962603066
MS,MS60249_PB,GSM4104137_TGGCGCAAGGGCTCTC-1,PB,0.29226697252125705
MS,MS60249_PB,GSM4104137_TTCCCAGAGTGACTCT-1,PB,-0.3619210656895932
MS,MS60249_PB,GSM4104137_TTCGGTCAGTAGGTGC-1,PB,-0.07001801433854374
MS,MS60249_PB,GSM4104137_TTCTCCTGTCATCCCT-1,PB,-0.07001801433854374
MS,MS60249_PB,GSM4104137_TTTGGTTGTGGTCTCG-1,PB,-0.2464701937224158
MS,MS71658_PB,GSM4104135_AAACGGGGTTCAGCGC-1,PB,-0.10054691034138948
MS,MS71658_PB,GSM4104135_AAAGATGTCCTATGTT-1,PB,-0.07001801433854374
MS,MS71658_PB,GSM4104135_AAAGCAATCCGCATAA-1,PB,0.4483036338676706
MS,MS71658_PB,GSM4104135_AAAGTAGAGACAAGCC-1,PB,-0.0545233054689405
MS,MS71658_PB,GSM4104135_AACCGCGAGGGTGTGT-1,PB,0.34163041606637945
MS,MS71658_PB,GSM4104135_AACTCAGAGACAGGCT-1,PB,0.0652060919704793
MS,MS71658_PB,GSM4104135_AACTCCCTCGGAGGTA-1,PB,-0.07001801433854374
MS,MS71658_PB,GSM4104135_AACTTTCCAAGAGGCT-1,PB,-0.17625172825890514
MS,MS71658_PB,GSM4104135_ACATCAGCATCTCGCT-1,PB,0.2085275797393081
MS,MS71658_PB,GSM4104135_ACCCACTGTGAACCTT-1,PB,-0.07001801433854374
MS,MS71658_PB,GSM4104135_ACCCACTGTGCACTTA-1,PB,-0.2536461401077322
MS,MS71658_PB,GSM4104135_ACCGTAAGTCACCCAG-1,PB,-0.07001801433854374
MS,MS71658_PB,GSM4104135_ACGAGGACATGGTCAT-1,PB,-0.07001801433854374
MS,MS71658_PB,GSM4104135_ACGATGTTCACCTCGT-1,PB,-0.07001801433854374
MS,MS71658_PB,GSM4104135_ACGGGCTGTCAACTGT-1,PB,0.3356103907914231
MS,MS71658_PB,GSM4104135_ACTATCTAGATGCGAC-1,PB,-0.1586451949512425
MS,MS71658_PB,GSM4104135_ACTATCTCACTCAGGC-1,PB,0.05731751766394938
MS,MS71658_PB,GSM4104135_ACTGAGTGTGGTGTAG-1,PB,0.15570698601181546
MS,MS71658_PB,GSM4104135_ACTTACTAGGACACCA-1,PB,-0.07001801433854374
MS,MS71658_PB,GSM4104135_AGAATAGGTTCTGTTT-1,PB,-0.07001801433854374
MS,MS71658_PB,GSM4104135_AGAATAGTCGAGCCCA-1,PB,-0.07001801433854374
MS,MS71658_PB,GSM4104135_AGAGCGAAGGATGGAA-1,PB,-0.07001801433854374
MS,MS71658_PB,GSM4104135_AGCCTAATCTATGTGG-1,PB,-0.07001801433854374
MS,MS71658_PB,GSM4104135_AGCGTATGTAAGTGTA-1,PB,-0.07001801433854374
MS,MS71658_PB,GSM4104135_AGCTTGAGTACAGACG-1,PB,-0.17132261950713995
MS,MS71658_PB,GSM4104135_AGGGATGGTCGCGTGT-1,PB,-0.33625118384130964
MS,MS71658_PB,GSM4104135_AGGTCATGTAATTGGA-1,PB,0.028467476890343284
MS,MS71658_PB,GSM4104135_AGGTCCGAGAGGACGG-1,PB,-0.07001801433854374
MS,MS71658_PB,GSM4104135_AGTAGTCTCACAAACC-1,PB,0.28382518925530476
MS,MS71658_PB,GSM4104135_AGTCTTTGTACCCAAT-1,PB,-0.07001801433854374
MS,MS71658_PB,GSM4104135_ATAACGCCATGGATGG-1,PB,-0.1945870288615049
MS,MS71658_PB,GSM4104135_ATAAGAGCACCTGGTG-1,PB,-0.07001801433854374
MS,MS71658_PB,GSM4104135_ATCACGAAGCGCTTAT-1,PB,0.40133888041644855
MS,MS71658_PB,GSM4104135_ATGAGGGCAATGGAGC-1,PB,-0.20581937406828166
MS,MS71658_PB,GSM4104135_ATTCTACGTTCTCATT-1,PB,-0.17569057648785885
MS,MS71658_PB,GSM4104135_CAACCAACAAGGCTCC-1,PB,-0.07001801433854374
MS,MS71658_PB,GSM4104135_CAACCTCAGTGTACTC-1,PB,-0.07001801433854374
MS,MS71658_PB,GSM4104135_CAAGATCTCGCTTAGA-1,PB,-0.30142679106515946
MS,MS71658_PB,GSM4104135_CAAGGCCGTGACAAAT-1,PB,0.5881871360094898
MS,MS71658_PB,GSM4104135_CAAGTTGAGAAACGAG-1,PB,-0.02329621908829483
MS,MS71658_PB,GSM4104135_CACAGGCGTCGAATCT-1,PB,-0.25153906421061006
MS,MS71658_PB,GSM4104135_CACAGGCTCGAGGTAG-1,PB,-0.5400697594352467
MS,MS71658_PB,GSM4104135_CACAGTACAGCTGTTA-1,PB,-0.20890153849565327
MS,MS71658_PB,GSM4104135_CAGCTAAAGTGCGTGA-1,PB,-0.07001801433854374
MS,MS71658_PB,GSM4104135_CAGCTAACAAGGACTG-1,PB,-0.07001801433854374
MS,MS71658_PB,GSM4104135_CAGCTGGCAGACGCCT-1,PB,0.07262250560418425
MS,MS71658_PB,GSM4104135_CAGTAACTCCTATGTT-1,PB,-0.07001801433854374
MS,MS71658_PB,GSM4104135_CATATTCTCCGGCACA-1,PB,-0.07001801433854374
MS,MS71658_PB,GSM4104135_CATCAAGAGACTACAA-1,PB,-0.4074600483246616
MS,MS71658_PB,GSM4104135_CATCCACAGCCCAGCT-1,PB,-0.07001801433854374
MS,MS71658_PB,GSM4104135_CATCGAAAGGCTCTTA-1,PB,-0.01625318231123404
MS,MS71658_PB,GSM4104135_CATGCCTTCCCGGATG-1,PB,-0.07001801433854374
MS,MS71658_PB,GSM4104135_CATTATCCAGCTGTGC-1,PB,-0.07001801433854374
MS,MS71658_PB,GSM4104135_CATTCGCAGACAGGCT-1,PB,-0.07001801433854374
MS,MS71658_PB,GSM4104135_CATTCGCAGATCGATA-1,PB,-0.07001801433854374
MS,MS71658_PB,GSM4104135_CCACGGAGTCCCGACA-1,PB,0.3522551073780557
MS,MS71658_PB,GSM4104135_CCAGCGAAGTATCTCG-1,PB,-0.18305766788127883
MS,MS71658_PB,GSM4104135_CCCATACCAATTGCTG-1,PB,0.14118101120434617
MS,MS71658_PB,GSM4104135_CCGTACTTCTTCTGGC-1,PB,-0.07001801433854374
MS,MS71658_PB,GSM4104135_CCTACCAGTCAGAATA-1,PB,-0.07001801433854374
MS,MS71658_PB,GSM4104135_CCTACCATCAACCATG-1,PB,-0.11363743448752782
MS,MS71658_PB,GSM4104135_CCTAGCTAGCTCCTCT-1,PB,-0.07001801433854374
MS,MS71658_PB,GSM4104135_CCTTCCCAGTCGCCGT-1,PB,-0.07001801433854374
MS,MS71658_PB,GSM4104135_CCTTCCCCAATCACAC-1,PB,0.12830176749098698
MS,MS71658_PB,GSM4104135_CCTTCGAGTACTCTCC-1,PB,-0.07001801433854374
MS,MS71658_PB,GSM4104135_CCTTCGATCAGCAACT-1,PB,-0.16946980443165674
MS,MS71658_PB,GSM4104135_CGAACATGTTCCACTC-1,PB,-0.19138622298831148
MS,MS71658_PB,GSM4104135_CGAACATTCGCACTCT-1,PB,-0.07001801433854374
MS,MS71658_PB,GSM4104135_CGATCGGAGTACGACG-1,PB,-0.48155087364876054
MS,MS71658_PB,GSM4104135_CGATGTAGTCCGTCAG-1,PB,0.05857097720647182
MS,MS71658_PB,GSM4104135_CGATGTATCCTTGACC-1,PB,0.3560073930479771
MS,MS71658_PB,GSM4104135_CGCCAAGTCAACGGCC-1,PB,0.15296763030398394
MS,MS71658_PB,GSM4104135_CGCGGTATCCAGATCA-1,PB,-0.07001801433854374
MS,MS71658_PB,GSM4104135_CGCGTTTGTGGCGAAT-1,PB,0.3122523465706779
MS,MS71658_PB,GSM4104135_CGGACACAGATCTGCT-1,PB,0.07180891717651572
MS,MS71658_PB,GSM4104135_CGGACGTTCGTAGGAG-1,PB,-0.07001801433854374
MS,MS71658_PB,GSM4104135_CGTTCTGGTACATCCA-1,PB,-0.18459152223531833
MS,MS71658_PB,GSM4104135_CGTTGGGTCCTGTACC-1,PB,0.22182466253243766
MS,MS71658_PB,GSM4104135_CTAAGACCATACAGCT-1,PB,0.1999528486423925
MS,MS71658_PB,GSM4104135_CTAATGGCACAGCCCA-1,PB,0.1701145762819992
MS,MS71658_PB,GSM4104135_CTAATGGTCAGGCGAA-1,PB,0.11341490458076164
MS,MS71658_PB,GSM4104135_CTACACCGTACTTAGC-1,PB,0.3646007667177485
MS,MS71658_PB,GSM4104135_CTACGTCAGATGTGGC-1,PB,0.3094901411062727
MS,MS71658_PB,GSM4104135_CTAGAGTTCCCTCTTT-1,PB,-0.07001801433854374
MS,MS71658_PB,GSM4104135_CTCAGAAAGTATGACA-1,PB,-0.07001801433854374
MS,MS71658_PB,GSM4104135_CTCCTAGGTACTCAAC-1,PB,-0.2433721629695491
MS,MS71658_PB,GSM4104135_CTCGTACCAAGAGGCT-1,PB,0.006427167096531564
MS,MS71658_PB,GSM4104135_CTCGTCATCAGCGACC-1,PB,-0.07001801433854374
MS,MS71658_PB,GSM4104135_CTCTGGTAGAGCCTAG-1,PB,0.3794247724826576
MS,MS71658_PB,GSM4104135_CTGAAACTCAACGGGA-1,PB,-0.07001801433854374
MS,MS71658_PB,GSM4104135_CTGATAGGTCTTGTCC-1,PB,-0.07001801433854374
MS,MS71658_PB,GSM4104135_CTGATAGTCTCGGACG-1,PB,-0.07001801433854374
MS,MS71658_PB,GSM4104135_CTGCGGAAGATGGGTC-1,PB,-0.12396575375338666
MS,MS71658_PB,GSM4104135_CTGTTTATCCGGCACA-1,PB,-0.18702244545063523
MS,MS71658_PB,GSM4104135_CTTACCGTCCGATATG-1,PB,-0.07001801433854374
MS,MS71658_PB,GSM4104135_CTTCTCTCAAGAGTCG-1,PB,0.12107801350248086
MS,MS71658_PB,GSM4104135_CTTCTCTCACCAGATT-1,PB,-0.07001801433854374
MS,MS71658_PB,GSM4104135_GAAATGACACCTCGTT-1,PB,-0.2909225203767695
MS,MS71658_PB,GSM4104135_GAATAAGCAAAGTCAA-1,PB,0.37039659402583386
MS,MS71658_PB,GSM4104135_GAATAAGCACTTCGAA-1,PB,0.2747416853731363
MS,MS71658_PB,GSM4104135_GACACGCTCACAGGCC-1,PB,-0.07001801433854374
MS,MS71658_PB,GSM4104135_GACGCGTTCTGGGCCA-1,PB,-0.2993481104991512
MS,MS71658_PB,GSM4104135_GACTACATCTACCTGC-1,PB,0.29677364066583206
MS,MS71658_PB,GSM4104135_GAGCAGAAGAAACCAT-1,PB,0.3476285823476656
MS,MS71658_PB,GSM4104135_GAGCAGAGTGTGCCTG-1,PB,-0.07001801433854374
MS,MS71658_PB,GSM4104135_GAGTCCGAGCGTGAGT-1,PB,0.2736582084451336
MS,MS71658_PB,GSM4104135_GAGTCCGTCCTGCCAT-1,PB,-0.07001801433854374
MS,MS71658_PB,GSM4104135_GATCAGTGTAAGTGTA-1,PB,-0.2646618294251202
MS,MS71658_PB,GSM4104135_GATCGATCATGGTCAT-1,PB,-0.07001801433854374
MS,MS71658_PB,GSM4104135_GATGAGGAGACTACAA-1,PB,0.25608730990312983
MS,MS71658_PB,GSM4104135_GATGCTAAGCCGGTAA-1,PB,-0.07001801433854374
MS,MS71658_PB,GSM4104135_GATTCAGCACCAGGTC-1,PB,0.4951292091803587
MS,MS71658_PB,GSM4104135_GCACATAAGAAAGTGG-1,PB,-0.24180821419788504
MS,MS71658_PB,GSM4104135_GCACTCTTCTCTGTCG-1,PB,0.345562577910688
MS,MS71658_PB,GSM4104135_GCATACACATGGGACA-1,PB,0.2630117522644836
MS,MS71658_PB,GSM4104135_GCATGCGCACGACGAA-1,PB,-0.24904967975303863
MS,MS71658_PB,GSM4104135_GCCTCTAAGGTAGCCA-1,PB,-0.07001801433854374
MS,MS71658_PB,GSM4104135_GCGGGTTTCCGTAGTA-1,PB,0.48342014024892516
MS,MS71658_PB,GSM4104135_GCTGCGATCATGCTCC-1,PB,-0.297370890543577
MS,MS71658_PB,GSM4104135_GGAAAGCAGACGCTTT-1,PB,-0.19877579648471014
MS,MS71658_PB,GSM4104135_GGAAAGCGTGGCAAAC-1,PB,-0.07001801433854374
MS,MS71658_PB,GSM4104135_GGAACTTCACCTCGGA-1,PB,-0.21588167233967634
MS,MS71658_PB,GSM4104135_GGAATAACACCATCCT-1,PB,-0.07001801433854374
MS,MS71658_PB,GSM4104135_GGACATTTCTTCGAGA-1,PB,-0.5315435485816797
MS,MS71658_PB,GSM4104135_GGAGCAATCTGCGTAA-1,PB,-0.07001801433854374
MS,MS71658_PB,GSM4104135_GGCCGATCAATCGAAA-1,PB,0.20359694108861776
MS,MS71658_PB,GSM4104135_GGCGACTAGGTAGCTG-1,PB,-0.07001801433854374
MS,MS71658_PB,GSM4104135_GGCGACTCAGATCGGA-1,PB,-0.07001801433854374
MS,MS71658_PB,GSM4104135_GGCGTGTTCTCTAAGG-1,PB,-0.07001801433854374
MS,MS71658_PB,GSM4104135_GGCTCGAAGAGATGAG-1,PB,-0.07001801433854374
MS,MS71658_PB,GSM4104135_GGGACCTTCGATGAGG-1,PB,-0.07001801433854374
MS,MS71658_PB,GSM4104135_GGGCACTTCTTATCTG-1,PB,-0.07001801433854374
MS,MS71658_PB,GSM4104135_GGGTTGCAGGAATTAC-1,PB,-0.2470338547919056
MS,MS71658_PB,GSM4104135_GGTGAAGGTCCAGTTA-1,PB,0.15390883207401987
MS,MS71658_PB,GSM4104135_GTAACTGTCGCATGAT-1,PB,-0.07001801433854374
MS,MS71658_PB,GSM4104135_GTCAAGTAGCTGAAAT-1,PB,-0.04581184802336067
MS,MS71658_PB,GSM4104135_GTCCTCACAAACGCGA-1,PB,-0.07001801433854374
MS,MS71658_PB,GSM4104135_GTCTCGTGTTACGCGC-1,PB,-0.07001801433854374
MS,MS71658_PB,GSM4104135_GTTAAGCAGGCCCGTT-1,PB,0.15761010248539317
MS,MS71658_PB,GSM4104135_TAAGCGTCAGCATGAG-1,PB,-0.07001801433854374
MS,MS71658_PB,GSM4104135_TAAGCGTTCCTCATTA-1,PB,0.19996553219724164
MS,MS71658_PB,GSM4104135_TAAGTGCTCATGCAAC-1,PB,-0.3207952925169006
MS,MS71658_PB,GSM4104135_TACGGTAAGCCGATTT-1,PB,-0.07001801433854374
MS,MS71658_PB,GSM4104135_TAGCCGGGTGACGCCT-1,PB,0.487373253808108
MS,MS71658_PB,GSM4104135_TATCTCAGTGAGTGAC-1,PB,-0.07001801433854374
MS,MS71658_PB,GSM4104135_TCACAAGTCGTATCAG-1,PB,-0.07001801433854374
MS,MS71658_PB,GSM4104135_TCACGAAAGCGTTCCG-1,PB,-0.07001801433854374
MS,MS71658_PB,GSM4104135_TCAGCTCTCCCACTTG-1,PB,-0.07001801433854374
MS,MS71658_PB,GSM4104135_TCAGGATTCCAGTATG-1,PB,0.5717821060671231
MS,MS71658_PB,GSM4104135_TCGCGTTGTAAATGTG-1,PB,-0.07001801433854374
MS,MS71658_PB,GSM4104135_TGAGCATCATGGATGG-1,PB,-0.5729942806210727
MS,MS71658_PB,GSM4104135_TGCGCAGGTAAGCACG-1,PB,-0.16862296869228846
MS,MS71658_PB,GSM4104135_TGCGGGTAGGATGTAT-1,PB,-0.07001801433854374
MS,MS71658_PB,GSM4104135_TGCTGCTAGGAACTGC-1,PB,0.2651946037777934
MS,MS71658_PB,GSM4104135_TGGCCAGCACCTCGGA-1,PB,0.32175229252279897
MS,MS71658_PB,GSM4104135_TGGGAAGAGATAGCAT-1,PB,-0.1781021608549222
MS,MS71658_PB,GSM4104135_TGGGCGTCACCTATCC-1,PB,0.08472934528166617
MS,MS71658_PB,GSM4104135_TGGGCGTTCAACTCTT-1,PB,-0.23967584358141752
MS,MS71658_PB,GSM4104135_TGGTTAGCAAGGCTCC-1,PB,0.4287032256076054
MS,MS71658_PB,GSM4104135_TGGTTCCCAGCGTTCG-1,PB,-0.07001801433854374
MS,MS71658_PB,GSM4104135_TGTATTCCATTAGGCT-1,PB,0.059178195128969095
MS,MS71658_PB,GSM4104135_TGTCCCAGTTCCACAA-1,PB,0.4181413931907184
MS,MS71658_PB,GSM4104135_TGTCCCATCGTTTAGG-1,PB,-0.07001801433854374
MS,MS71658_PB,GSM4104135_TTAACTCAGTGGGCTA-1,PB,-0.07001801433854374
MS,MS71658_PB,GSM4104135_TTCCCAGCATCAGTCA-1,PB,0.10271513030823572
MS,MS71658_PB,GSM4104135_TTCTCCTGTTGATTGC-1,PB,-0.07001801433854374
MS,MS71658_PB,GSM4104135_TTCTTAGCACGCGAAA-1,PB,-0.3023080207496784
MS,MS71658_PB,GSM4104135_TTCTTAGTCAGTTAGC-1,PB,-0.32254764580423584
MS,MS71658_PB,GSM4104135_TTGCCGTCACGCTTTC-1,PB,-0.2253325845821437
MS,MS71658_PB,GSM4104135_TTGCCGTTCTTGTATC-1,PB,-0.07001801433854374
MS,MS71658_PB,GSM4104135_TTGGAACGTATATCCG-1,PB,-0.24708693476691143
MS,MS71658_PB,GSM4104135_TTGGCAATCTGGTGTA-1,PB,0.030052749557475594
MS,MS74594_PB,GSM4104138_AAACCTGGTAAACGCG-1,PB,-0.07001801433854374
MS,MS74594_PB,GSM4104138_AAAGATGGTCTAACGT-1,PB,-0.07001801433854374
MS,MS74594_PB,GSM4104138_AAAGTAGCAACTTGAC-1,PB,-0.07001801433854374
MS,MS74594_PB,GSM4104138_AACCATGTCCACGTTC-1,PB,-0.2004396148017949
MS,MS74594_PB,GSM4104138_AACCGCGCACCAGTTA-1,PB,0.39903208119053213
MS,MS74594_PB,GSM4104138_AACTCAGGTGCCTGTG-1,PB,0.004678769147236227
MS,MS74594_PB,GSM4104138_AACTCTTTCAAGCCTA-1,PB,-0.1578169666780847
MS,MS74594_PB,GSM4104138_AAGACCTAGACTAGAT-1,PB,0.11282495744229201
MS,MS74594_PB,GSM4104138_AAGACCTCAACTGCGC-1,PB,-0.016030572908317862
MS,MS74594_PB,GSM4104138_AAGACCTCAAGAAAGG-1,PB,0.15714978301422972
MS,MS74594_PB,GSM4104138_AAGACCTGTATAAACG-1,PB,-0.22499453386700274
MS,MS74594_PB,GSM4104138_AAGCCGCGTAGCTCCG-1,PB,-0.07001801433854374
MS,MS74594_PB,GSM4104138_AAGGTTCAGTAGCCGA-1,PB,-0.1896159804290103
MS,MS74594_PB,GSM4104138_AATCCAGGTTAGTGGG-1,PB,-0.1286885502474154
MS,MS74594_PB,GSM4104138_ACACCCTAGTTTGCGT-1,PB,-0.07001801433854374
MS,MS74594_PB,GSM4104138_ACACCCTTCTGCCAGG-1,PB,-0.07001801433854374
MS,MS74594_PB,GSM4104138_ACACCGGCATTCCTGC-1,PB,-0.37169939707544364
MS,MS74594_PB,GSM4104138_ACACCGGTCTATCCTA-1,PB,-0.07001801433854374
MS,MS74594_PB,GSM4104138_ACACTGAAGAGGGATA-1,PB,-0.20603597864658374
MS,MS74594_PB,GSM4104138_ACAGCCGGTAGCTTGT-1,PB,0.15625500724273758
MS,MS74594_PB,GSM4104138_ACATACGAGACCCACC-1,PB,-0.07001801433854374
MS,MS74594_PB,GSM4104138_ACATCAGGTCTTGTCC-1,PB,-0.3980911531175236
MS,MS74594_PB,GSM4104138_ACATCAGGTGTGCCTG-1,PB,-0.4410511706645264
MS,MS74594_PB,GSM4104138_ACCAGTAAGTTATCGC-1,PB,-0.025021367797341938
MS,MS74594_PB,GSM4104138_ACCAGTACAGTCGATT-1,PB,-0.07001801433854374
MS,MS74594_PB,GSM4104138_ACCGTAAAGCTCCTCT-1,PB,-0.16737602719244307
MS,MS74594_PB,GSM4104138_ACCGTAAGTCTTCGTC-1,PB,-0.07001801433854374
MS,MS74594_PB,GSM4104138_ACCTTTATCAAACCAC-1,PB,-1.053977983231616
MS,MS74594_PB,GSM4104138_ACCTTTATCCACTGGG-1,PB,-0.12918698235481432
MS,MS74594_PB,GSM4104138_ACGAGGATCCAGTATG-1,PB,-0.3076245842698343
MS,MS74594_PB,GSM4104138_ACGATGTGTCTCCATC-1,PB,0.0382851448201552
MS,MS74594_PB,GSM4104138_ACGATGTTCACCAGGC-1,PB,-0.5015795268996747
MS,MS74594_PB,GSM4104138_ACGCAGCAGATAGGAG-1,PB,-0.07001801433854374
MS,MS74594_PB,GSM4104138_ACGCAGCAGCGGCTTC-1,PB,-0.07001801433854374
MS,MS74594_PB,GSM4104138_ACGTCAACATTACGAC-1,PB,-0.07001801433854374
MS,MS74594_PB,GSM4104138_ACTATCTGTGAAAGAG-1,PB,0.16100770475056406
MS,MS74594_PB,GSM4104138_ACTGAACTCATGCTCC-1,PB,-0.07001801433854374
MS,MS74594_PB,GSM4104138_ACTGAGTCACACCGAC-1,PB,0.3682452138255661
MS,MS74594_PB,GSM4104138_ACTGTCCGTGCCTGTG-1,PB,-0.6153299225506289
MS,MS74594_PB,GSM4104138_ACTGTCCTCGCCGTGA-1,PB,-0.1863613827936925
MS,MS74594_PB,GSM4104138_ACTTTCAAGTCCTCCT-1,PB,0.20299419178071967
MS,MS74594_PB,GSM4104138_AGAGTGGAGCGTTTAC-1,PB,-0.1653296482261534
MS,MS74594_PB,GSM4104138_AGAGTGGGTTAGATGA-1,PB,0.07263540053684091
MS,MS74594_PB,GSM4104138_AGATTGCAGCTGAACG-1,PB,-0.07001801433854374
MS,MS74594_PB,GSM4104138_AGATTGCCAATGGACG-1,PB,-0.07001801433854374
MS,MS74594_PB,GSM4104138_AGATTGCCACCGATAT-1,PB,-0.30372355947954993
MS,MS74594_PB,GSM4104138_AGCAGCCAGAGGTAGA-1,PB,-0.23509521494845492
MS,MS74594_PB,GSM4104138_AGCCTAACAAGCCGTC-1,PB,0.10186886339048702
MS,MS74594_PB,GSM4104138_AGCCTAAGTCCCTACT-1,PB,-0.07001801433854374
MS,MS74594_PB,GSM4104138_AGCTCCTAGCGATCCC-1,PB,-0.07001801433854374
MS,MS74594_PB,GSM4104138_AGCTTGATCACCGTAA-1,PB,0.2316554041095902
MS,MS74594_PB,GSM4104138_AGGCCACTCACTTCAT-1,PB,-0.07001801433854374
MS,MS74594_PB,GSM4104138_AGGGAGTAGCCGGTAA-1,PB,-0.27527128453306265
MS,MS74594_PB,GSM4104138_AGGGAGTCAGGACGTA-1,PB,-0.3493223712624712
MS,MS74594_PB,GSM4104138_AGGGATGTCCGTCAAA-1,PB,-0.07001801433854374
MS,MS74594_PB,GSM4104138_AGGGTGAAGCCCAGCT-1,PB,0.13326645543538648
MS,MS74594_PB,GSM4104138_AGGGTGACATTCACTT-1,PB,0.05687423727341898
MS,MS74594_PB,GSM4104138_AGTCTTTTCGAATGGG-1,PB,0.09332750161421388
MS,MS74594_PB,GSM4104138_AGTGTCACATAGAAAC-1,PB,-0.07001801433854374
MS,MS74594_PB,GSM4104138_AGTTGGTGTGAGTATA-1,PB,-0.19853565181270882
MS,MS74594_PB,GSM4104138_ATAACGCCACTTACGA-1,PB,-0.07001801433854374
MS,MS74594_PB,GSM4104138_ATCACGAAGGTAGCTG-1,PB,0.15079094073537788
MS,MS74594_PB,GSM4104138_ATCACGACACCACCAG-1,PB,-0.10159931096307973
MS,MS74594_PB,GSM4104138_ATCATCTCACCACCAG-1,PB,-0.01727280243625697
MS,MS74594_PB,GSM4104138_ATCATGGTCAACGCTA-1,PB,0.06337965585511204
MS,MS74594_PB,GSM4104138_ATCTGCCGTCGCGTGT-1,PB,-0.07001801433854374
MS,MS74594_PB,GSM4104138_ATGAGGGAGGGTATCG-1,PB,-0.3001807437176142
MS,MS74594_PB,GSM4104138_ATGAGGGGTAAACGCG-1,PB,0.25716419326390044
MS,MS74594_PB,GSM4104138_ATGAGGGGTCTAGAGG-1,PB,0.35625712560794154
MS,MS74594_PB,GSM4104138_ATGGGAGCATCCAACA-1,PB,-0.41752635046811476
MS,MS74594_PB,GSM4104138_ATGGGAGGTATAATGG-1,PB,-0.07001801433854374
MS,MS74594_PB,GSM4104138_ATTACTCGTTCCATGA-1,PB,-0.18619277964767297
MS,MS74594_PB,GSM4104138_ATTGGACTCATGTCTT-1,PB,0.2075522581425722
MS,MS74594_PB,GSM4104138_ATTGGACTCTCACATT-1,PB,-0.1791927634490381
MS,MS74594_PB,GSM4104138_ATTGGACTCTGGCGTG-1,PB,-0.5937003698382236
MS,MS74594_PB,GSM4104138_ATTGGTGCACATTCGA-1,PB,-0.07001801433854374
MS,MS74594_PB,GSM4104138_CAACCAATCTGAAAGA-1,PB,-0.2209446342862329
MS,MS74594_PB,GSM4104138_CAACCTCCACCGATAT-1,PB,0.2703680332576416
MS,MS74594_PB,GSM4104138_CAACCTCTCCGCGCAA-1,PB,0.013713729276300848
MS,MS74594_PB,GSM4104138_CAAGGCCGTTCACCTC-1,PB,-0.07001801433854374
MS,MS74594_PB,GSM4104138_CACAAACTCCTTTACA-1,PB,-0.01898699982353963
MS,MS74594_PB,GSM4104138_CACAGTACATGGTCTA-1,PB,0.44500879399122917
MS,MS74594_PB,GSM4104138_CACATAGAGTAGTGCG-1,PB,-0.8012939762606381
MS,MS74594_PB,GSM4104138_CACATTTCATCCTTGC-1,PB,-0.15702502849299815
MS,MS74594_PB,GSM4104138_CACCACTAGTGATCGG-1,PB,-0.07001801433854374
MS,MS74594_PB,GSM4104138_CACTCCACAAAGGTGC-1,PB,0.48079053651011333
MS,MS74594_PB,GSM4104138_CAGAATCGTTACCAGT-1,PB,0.24205221050441103
MS,MS74594_PB,GSM4104138_CAGCCGACACGGTTTA-1,PB,0.16001586313784813
MS,MS74594_PB,GSM4104138_CAGCCGACATGGTTGT-1,PB,-0.07001801433854374
MS,MS74594_PB,GSM4104138_CAGCCGATCCACTGGG-1,PB,0.06345304880232172
MS,MS74594_PB,GSM4104138_CAGCCGATCGGCCGAT-1,PB,-0.16336448466748907
MS,MS74594_PB,GSM4104138_CAGCCGATCTAAGCCA-1,PB,-0.07001801433854374
MS,MS74594_PB,GSM4104138_CAGCGACTCACCATAG-1,PB,-0.05809296874103597
MS,MS74594_PB,GSM4104138_CAGCTGGGTTAGGGTG-1,PB,0.19874672478836616
MS,MS74594_PB,GSM4104138_CAGTAACAGGGTGTGT-1,PB,-0.18111219747567034
MS,MS74594_PB,GSM4104138_CAGTCCTCAGCGATCC-1,PB,-0.07001801433854374
MS,MS74594_PB,GSM4104138_CATATTCTCGGATGGA-1,PB,-0.5965737089532723
MS,MS74594_PB,GSM4104138_CATCAGACAACACGCC-1,PB,-0.22622414458794657
MS,MS74594_PB,GSM4104138_CATCAGATCGTCCAGG-1,PB,-0.07001801433854374
MS,MS74594_PB,GSM4104138_CATCCACTCAACCATG-1,PB,-0.34438661701571416
MS,MS74594_PB,GSM4104138_CATGACATCGTCTGCT-1,PB,-0.002683868892045051
MS,MS74594_PB,GSM4104138_CATGACATCTTCTGGC-1,PB,-0.427062774361938
MS,MS74594_PB,GSM4104138_CATGCCTCACAGCGTC-1,PB,-0.07001801433854374
MS,MS74594_PB,GSM4104138_CATTATCGTCGACTGC-1,PB,-0.208418508376035
MS,MS74594_PB,GSM4104138_CATTCGCAGAGACGAA-1,PB,-0.274898089734714
MS,MS74594_PB,GSM4104138_CCAATCCCAGTCGATT-1,PB,0.47348555266295855
MS,MS74594_PB,GSM4104138_CCAATCCCATAGACTC-1,PB,-0.1692860418804263
MS,MS74594_PB,GSM4104138_CCAATCCTCACAGTAC-1,PB,-0.07001801433854374
MS,MS74594_PB,GSM4104138_CCACGGAGTCGACTGC-1,PB,-0.17316869930311962
MS,MS74594_PB,GSM4104138_CCACTACTCAACACGT-1,PB,-0.17446605809379065
MS,MS74594_PB,GSM4104138_CCATTCGAGAACTGTA-1,PB,-0.17864060647215863
MS,MS74594_PB,GSM4104138_CCCATACGTTGTTTGG-1,PB,-0.07001801433854374
MS,MS74594_PB,GSM4104138_CCCTCCTGTACATCCA-1,PB,-0.07001801433854374
MS,MS74594_PB,GSM4104138_CCCTCCTTCACGCATA-1,PB,-0.07001801433854374
MS,MS74594_PB,GSM4104138_CCGGTAGAGTACGTAA-1,PB,-0.07001801433854374
MS,MS74594_PB,GSM4104138_CCGTACTGTATAATGG-1,PB,-0.07001801433854374
MS,MS74594_PB,GSM4104138_CCGTGGATCTTTAGGG-1,PB,0.18498824037397926
MS,MS74594_PB,GSM4104138_CCGTTCATCGCTTAGA-1,PB,-0.303228692041917
MS,MS74594_PB,GSM4104138_CCTAAAGGTCTAGCCG-1,PB,-0.07001801433854374
MS,MS74594_PB,GSM4104138_CCTAAAGGTCTTGCGG-1,PB,-0.4260510685593717
MS,MS74594_PB,GSM4104138_CCTACACAGTAGGCCA-1,PB,-0.17799128005951342
MS,MS74594_PB,GSM4104138_CCTCAGTAGCTTTGGT-1,PB,-0.07001801433854374
MS,MS74594_PB,GSM4104138_CCTTCGATCTGGCGAC-1,PB,-0.1708318790003885
MS,MS74594_PB,GSM4104138_CGACCTTAGTCCGTAT-1,PB,0.13008762402300977
MS,MS74594_PB,GSM4104138_CGACTTCTCCCGGATG-1,PB,-0.07001801433854374
MS,MS74594_PB,GSM4104138_CGAGAAGCAGCTGTTA-1,PB,-0.2065264075209999
MS,MS74594_PB,GSM4104138_CGATCGGCACGGCGTT-1,PB,0.09424378310022544
MS,MS74594_PB,GSM4104138_CGATGGCGTACGCACC-1,PB,-0.07001801433854374
MS,MS74594_PB,GSM4104138_CGCGGTAAGCTTTGGT-1,PB,-0.19425803558939778
MS,MS74594_PB,GSM4104138_CGCGGTATCGGATGTT-1,PB,0.013459741343819862
MS,MS74594_PB,GSM4104138_CGCTATCCATGGAATA-1,PB,-0.07001801433854374
MS,MS74594_PB,GSM4104138_CGCTGGAAGACTACAA-1,PB,-0.07001801433854374
MS,MS74594_PB,GSM4104138_CGGACACAGTCATGCT-1,PB,0.13627012336801259
MS,MS74594_PB,GSM4104138_CGGACACCAGCTTCGG-1,PB,-0.4406363393799117
MS,MS74594_PB,GSM4104138_CGGACACCATGCCTAA-1,PB,-0.20573835971377585
MS,MS74594_PB,GSM4104138_CGGACTGAGCTCTCGG-1,PB,-0.19482958939753553
MS,MS74594_PB,GSM4104138_CGGACTGGTCTCTCGT-1,PB,-0.028254359863373196
MS,MS74594_PB,GSM4104138_CGGACTGGTCTTCAAG-1,PB,0.09581621983543379
MS,MS74594_PB,GSM4104138_CGGCTAGGTGGTGTAG-1,PB,-0.17479541004040394
MS,MS74594_PB,GSM4104138_CGGGTCATCGTGGTCG-1,PB,-0.07001801433854374
MS,MS74594_PB,GSM4104138_CGGTTAACAGATAATG-1,PB,-0.07001801433854374
MS,MS74594_PB,GSM4104138_CGTGTCTTCCTATTCA-1,PB,-0.16902483366756132
MS,MS74594_PB,GSM4104138_CTAATGGAGTTAAGTG-1,PB,-0.07001801433854374
MS,MS74594_PB,GSM4104138_CTAGAGTGTATAGGGC-1,PB,0.2397053803692805
MS,MS74594_PB,GSM4104138_CTAGAGTTCCCAGGTG-1,PB,-0.07001801433854374
MS,MS74594_PB,GSM4104138_CTAGCCTCAAAGCGGT-1,PB,-0.10976401391287127
MS,MS74594_PB,GSM4104138_CTAGTGACAAGCCATT-1,PB,-0.07001801433854374
MS,MS74594_PB,GSM4104138_CTCACACTCGCACTCT-1,PB,-0.19874923054156232
MS,MS74594_PB,GSM4104138_CTCAGAAGTCGGCATC-1,PB,0.17187860156690227
MS,MS74594_PB,GSM4104138_CTCGAGGAGGTTACCT-1,PB,-0.07001801433854374
MS,MS74594_PB,GSM4104138_CTCGTCAAGATGGCGT-1,PB,-0.13999350487063889
MS,MS74594_PB,GSM4104138_CTCTACGTCGTTTATC-1,PB,-0.04250530060610584
MS,MS74594_PB,GSM4104138_CTCTGGTAGGTGCTAG-1,PB,0.10758476919395278
MS,MS74594_PB,GSM4104138_CTGAAGTGTCAGGACA-1,PB,-0.07001801433854374
MS,MS74594_PB,GSM4104138_CTGATAGGTAAGGGCT-1,PB,-0.29813476745427564
MS,MS74594_PB,GSM4104138_CTGCGGATCACGCGGT-1,PB,-0.07001801433854374
MS,MS74594_PB,GSM4104138_CTGCTGTGTGGCAAAC-1,PB,-0.2358786751761033
MS,MS74594_PB,GSM4104138_CTGTGCTGTCGGGTCT-1,PB,-0.31079898738774336
MS,MS74594_PB,GSM4104138_GAAATGACAAGACACG-1,PB,0.2321873985746307
MS,MS74594_PB,GSM4104138_GAACATCGTGTCAATC-1,PB,-0.07001801433854374
MS,MS74594_PB,GSM4104138_GAACGGATCTGGAGCC-1,PB,-0.6792021505014747
MS,MS74594_PB,GSM4104138_GAATAAGAGAATTGTG-1,PB,0.016702837446999297
MS,MS74594_PB,GSM4104138_GAATGAAAGATGTGTA-1,PB,-0.07001801433854374
MS,MS74594_PB,GSM4104138_GAATGAAAGTTGTAGA-1,PB,-0.28042794497546814
MS,MS74594_PB,GSM4104138_GAATGAAGTACCGCTG-1,PB,-0.23161464842186436
MS,MS74594_PB,GSM4104138_GACCAATAGCGTGTCC-1,PB,-0.07001801433854374
MS,MS74594_PB,GSM4104138_GACCAATCACACGCTG-1,PB,-0.19072121969022637
MS,MS74594_PB,GSM4104138_GACCTGGGTCCGAACC-1,PB,0.04798642540183479
MS,MS74594_PB,GSM4104138_GACGCGTGTTATCCGA-1,PB,-0.1869844363583922
MS,MS74594_PB,GSM4104138_GACGGCTCAGGGTATG-1,PB,-0.1892571810319361
MS,MS74594_PB,GSM4104138_GACTAACAGGCGTACA-1,PB,-0.18738496433042037
MS,MS74594_PB,GSM4104138_GACTAACGTATGAAAC-1,PB,-0.07001801433854374
MS,MS74594_PB,GSM4104138_GACTACATCAACGCTA-1,PB,0.061055535992853974
MS,MS74594_PB,GSM4104138_GACTGCGAGAATGTTG-1,PB,0.08633312562355933
MS,MS74594_PB,GSM4104138_GAGCAGACAGTAGAGC-1,PB,0.19117350210358944
MS,MS74594_PB,GSM4104138_GATCGTATCACATAGC-1,PB,0.0699712166412072
MS,MS74594_PB,GSM4104138_GATGAAAGTGGTCTCG-1,PB,-0.07001801433854374
MS,MS74594_PB,GSM4104138_GATGAAATCTCGTATT-1,PB,-0.07001801433854374
MS,MS74594_PB,GSM4104138_GATGCTAGTAGTACCT-1,PB,0.028693200483878443
MS,MS74594_PB,GSM4104138_GATTCAGCACGACGAA-1,PB,-0.203516290479004
MS,MS74594_PB,GSM4104138_GCAGCCAAGCCGTCGT-1,PB,-0.03706669745498786
MS,MS74594_PB,GSM4104138_GCAGTTACAGGAACGT-1,PB,0.22226718511276863
MS,MS74594_PB,GSM4104138_GCATGATGTTACGACT-1,PB,-0.01652996146668822
MS,MS74594_PB,GSM4104138_GCCTCTAAGATAGTCA-1,PB,-0.07001801433854374
MS,MS74594_PB,GSM4104138_GCCTCTAGTAAAGGAG-1,PB,0.14100919361181902
MS,MS74594_PB,GSM4104138_GCGACCATCATGTCCC-1,PB,-0.04579680810330793
MS,MS74594_PB,GSM4104138_GCGCCAAGTTCAGTAC-1,PB,-0.07001801433854374
MS,MS74594_PB,GSM4104138_GCGCGATGTGACTCAT-1,PB,-0.07001801433854374
MS,MS74594_PB,GSM4104138_GCGGGTTAGTCAAGGC-1,PB,0.14577274405869672
MS,MS74594_PB,GSM4104138_GCTCTGTGTAGGGTAC-1,PB,-0.24052413572238499
MS,MS74594_PB,GSM4104138_GCTCTGTTCCCAGGTG-1,PB,0.14064045528193278
MS,MS74594_PB,GSM4104138_GCTGCGACACAAGCCC-1,PB,-0.3534823361432528
MS,MS74594_PB,GSM4104138_GCTGCTTAGCCGTCGT-1,PB,-0.07001801433854374
MS,MS74594_PB,GSM4104138_GCTGGGTAGAAACGCC-1,PB,-0.07001801433854374
MS,MS74594_PB,GSM4104138_GCTTCCACACGTCAGC-1,PB,-0.07001801433854374
MS,MS74594_PB,GSM4104138_GGAAAGCCAAGCGATG-1,PB,-0.07001801433854374
MS,MS74594_PB,GSM4104138_GGAATAAGTGCCTGTG-1,PB,-0.20724241799550422
MS,MS74594_PB,GSM4104138_GGACAGAAGAGAGCTC-1,PB,-0.1734869684575099
MS,MS74594_PB,GSM4104138_GGATTACAGACAGAGA-1,PB,-0.14692181268436308
MS,MS74594_PB,GSM4104138_GGATTACAGATTACCC-1,PB,-0.2747241685015821
MS,MS74594_PB,GSM4104138_GGCGACTAGCTAACTC-1,PB,-0.26483698440074466
MS,MS74594_PB,GSM4104138_GGGAATGAGGAGTAGA-1,PB,-0.33100713608034543
MS,MS74594_PB,GSM4104138_GGGAATGCAAACTGCT-1,PB,-0.07001801433854374
MS,MS74594_PB,GSM4104138_GGGAATGTCCATGAAC-1,PB,-0.18983648543783085
MS,MS74594_PB,GSM4104138_GGGACCTAGCTAGTCT-1,PB,-0.07001801433854374
MS,MS74594_PB,GSM4104138_GGGCACTGTTCTGTTT-1,PB,-0.19332614432782158
MS,MS74594_PB,GSM4104138_GGGCACTTCACGCGGT-1,PB,-0.17611469045264844
MS,MS74594_PB,GSM4104138_GGGCATCAGGGCACTA-1,PB,-0.365587204628075
MS,MS74594_PB,GSM4104138_GGGTTGCCAGGCGATA-1,PB,-0.07001801433854374
MS,MS74594_PB,GSM4104138_GGGTTGCGTGAAATCA-1,PB,-0.7043949781243821
MS,MS74594_PB,GSM4104138_GGTATTGTCAGCTCGG-1,PB,-0.3312077376735854
MS,MS74594_PB,GSM4104138_GGTATTGTCGACCAGC-1,PB,-0.07001801433854374
MS,MS74594_PB,GSM4104138_GGTGTTAAGGAGTAGA-1,PB,0.20318995092789088
MS,MS74594_PB,GSM4104138_GGTGTTAGTCCCTTGT-1,PB,-0.07001801433854374
MS,MS74594_PB,GSM4104138_GGTGTTATCCAGAAGG-1,PB,-0.07001801433854374
MS,MS74594_PB,GSM4104138_GGTGTTATCTCGAGTA-1,PB,-0.07001801433854374
MS,MS74594_PB,GSM4104138_GTACTTTAGGACATTA-1,PB,-0.003084218637968396
MS,MS74594_PB,GSM4104138_GTACTTTGTCCGCTGA-1,PB,-0.07001801433854374
MS,MS74594_PB,GSM4104138_GTCACAAGTAGAGTGC-1,PB,0.3062383532768667
MS,MS74594_PB,GSM4104138_GTCACGGGTGAAAGAG-1,PB,-0.21729239529845526
MS,MS74594_PB,GSM4104138_GTCCTCAGTTCGAATC-1,PB,-0.22701258444875366
MS,MS74594_PB,GSM4104138_GTCGGGTAGAAGGGTA-1,PB,-0.2337088294891237
MS,MS74594_PB,GSM4104138_GTCGGGTAGAATCTCC-1,PB,-0.07001801433854374
MS,MS74594_PB,GSM4104138_GTCGTAAAGCGATATA-1,PB,-0.3462413416641779
MS,MS74594_PB,GSM4104138_GTCTCGTAGCTGCAAG-1,PB,-0.22267928656399485
MS,MS74594_PB,GSM4104138_GTCTCGTCAGCGAACA-1,PB,-0.026496872692282205
MS,MS74594_PB,GSM4104138_GTCTTCGTCGCAAGCC-1,PB,-0.4922687683814551
MS,MS74594_PB,GSM4104138_GTGCATACATACTACG-1,PB,-0.07001801433854374
MS,MS74594_PB,GSM4104138_GTGCGGTGTGCGAAAC-1,PB,0.05199473509596406
MS,MS74594_PB,GSM4104138_GTGCTTCCAGGATTGG-1,PB,0.14833103755368554
MS,MS74594_PB,GSM4104138_GTGCTTCCATGCCTAA-1,PB,-0.07001801433854374
MS,MS74594_PB,GSM4104138_GTGGGTCGTGAGTATA-1,PB,-0.2175562735342566
MS,MS74594_PB,GSM4104138_GTTCTCGTCTCTTATG-1,PB,-0.16725075099367753
MS,MS74594_PB,GSM4104138_TAAACCGTCCACTCCA-1,PB,-0.07001801433854374
MS,MS74594_PB,GSM4104138_TAAACCGTCGCAAACT-1,PB,-0.4710715069477502
MS,MS74594_PB,GSM4104138_TAAGAGACAACACCCG-1,PB,0.18026414404242977
MS,MS74594_PB,GSM4104138_TAAGCGTCACCCATTC-1,PB,-0.07001801433854374
MS,MS74594_PB,GSM4104138_TAAGCGTGTTGTGGCC-1,PB,-0.3890547483011029
MS,MS74594_PB,GSM4104138_TAAGTGCGTTCAGCGC-1,PB,-0.1644763687343049
MS,MS74594_PB,GSM4104138_TAAGTGCTCTTTACGT-1,PB,0.23317336083394027
MS,MS74594_PB,GSM4104138_TACAGTGCACCGAAAG-1,PB,0.15015381351371487
MS,MS74594_PB,GSM4104138_TACCTTAAGGCTATCT-1,PB,0.24461865782038936
MS,MS74594_PB,GSM4104138_TACCTTAGTCTAGTGT-1,PB,0.040038966299724844
MS,MS74594_PB,GSM4104138_TACCTTATCTACCTGC-1,PB,0.14837568195534173
MS,MS74594_PB,GSM4104138_TACGGATCAGTCGTGC-1,PB,-0.07001801433854374
MS,MS74594_PB,GSM4104138_TACGGATGTCAGAGGT-1,PB,-0.07001801433854374
MS,MS74594_PB,GSM4104138_TACGGGCGTTGCGTTA-1,PB,0.02087388922284075
MS,MS74594_PB,GSM4104138_TACTCATCACAGGCCT-1,PB,0.22242926448923636
MS,MS74594_PB,GSM4104138_TACTCATCATGAACCT-1,PB,-0.48101431111970416
MS,MS74594_PB,GSM4104138_TACTCATGTAGCTCCG-1,PB,-0.07001801433854374
MS,MS74594_PB,GSM4104138_TACTCGCAGGATGCGT-1,PB,-0.4922655777324622
MS,MS74594_PB,GSM4104138_TAGAGCTGTATGAATG-1,PB,0.09608535707881864
MS,MS74594_PB,GSM4104138_TAGTGGTCACGGTGTC-1,PB,-0.07001801433854374
MS,MS74594_PB,GSM4104138_TAGTTGGTCGCGTTTC-1,PB,-0.07001801433854374
MS,MS74594_PB,GSM4104138_TATCAGGTCGGTTAAC-1,PB,-0.3258014052940312
MS,MS74594_PB,GSM4104138_TATTACCGTAGAGGAA-1,PB,0.047333680161965985
MS,MS74594_PB,GSM4104138_TCAATCTGTCATATCG-1,PB,-0.07001801433854374
MS,MS74594_PB,GSM4104138_TCAATCTTCTTATCTG-1,PB,-0.1836939909518661
MS,MS74594_PB,GSM4104138_TCACAAGAGACCTAGG-1,PB,0.3588909674346776
MS,MS74594_PB,GSM4104138_TCACGAATCTGGGCCA-1,PB,-0.2335080578439829
MS,MS74594_PB,GSM4104138_TCATTACGTTGGTAAA-1,PB,-0.22111313302630636
MS,MS74594_PB,GSM4104138_TCCACACAGAACTCGG-1,PB,0.4643942867540538
MS,MS74594_PB,GSM4104138_TCCACACGTAAGCACG-1,PB,-0.07001801433854374
MS,MS74594_PB,GSM4104138_TCCCGATTCCGCAGTG-1,PB,-0.3741291515494765
MS,MS74594_PB,GSM4104138_TCGAGGCCACTGTGTA-1,PB,-0.07001801433854374
MS,MS74594_PB,GSM4104138_TCGCGAGGTATGAATG-1,PB,-0.25111868181630476
MS,MS74594_PB,GSM4104138_TCGCGAGGTCCAGTAT-1,PB,-0.07001801433854374
MS,MS74594_PB,GSM4104138_TCGTACCGTCTGGAGA-1,PB,-0.07001801433854374
MS,MS74594_PB,GSM4104138_TCGTACCTCTAGAGTC-1,PB,-0.16682746380852106
MS,MS74594_PB,GSM4104138_TCGTAGAAGATGTAAC-1,PB,-0.07001801433854374
MS,MS74594_PB,GSM4104138_TCGTAGACACAACTGT-1,PB,-0.07001801433854374
MS,MS74594_PB,GSM4104138_TCTATTGTCTTTAGGG-1,PB,-0.07001801433854374
MS,MS74594_PB,GSM4104138_TCTTCGGCAGCTGCTG-1,PB,-0.20214592246909252
MS,MS74594_PB,GSM4104138_TCTTTCCCAGCTCGCA-1,PB,-0.07001801433854374
MS,MS74594_PB,GSM4104138_TGACAACCAAGCGCTC-1,PB,0.2352879257464558
MS,MS74594_PB,GSM4104138_TGACTAGAGCCAACAG-1,PB,-0.07001801433854374
MS,MS74594_PB,GSM4104138_TGACTAGGTCATATCG-1,PB,-0.07001801433854374
MS,MS74594_PB,GSM4104138_TGAGAGGGTATGGTTC-1,PB,-0.1405879403701811
MS,MS74594_PB,GSM4104138_TGAGAGGTCAGTTAGC-1,PB,-0.31596560828046777
MS,MS74594_PB,GSM4104138_TGAGCCGAGGTGATAT-1,PB,-0.07001801433854374
MS,MS74594_PB,GSM4104138_TGAGCCGCACGCATCG-1,PB,-0.07001801433854374
MS,MS74594_PB,GSM4104138_TGAGCCGCAGATCGGA-1,PB,-0.07001801433854374
MS,MS74594_PB,GSM4104138_TGCCAAATCAGTGTTG-1,PB,-0.07001801433854374
MS,MS74594_PB,GSM4104138_TGCTACCAGCTGCCCA-1,PB,-0.07001801433854374
MS,MS74594_PB,GSM4104138_TGCTACCTCCCATTTA-1,PB,-0.17260135755783557
MS,MS74594_PB,GSM4104138_TGGCTGGGTTGAGTTC-1,PB,-0.07001801433854374
MS,MS74594_PB,GSM4104138_TGGGAAGAGTGTACTC-1,PB,0.17199937786155142
MS,MS74594_PB,GSM4104138_TGGGAAGTCTCTAAGG-1,PB,0.13569334158118224
MS,MS74594_PB,GSM4104138_TGGGAAGTCTGTCAAG-1,PB,-0.07001801433854374
MS,MS74594_PB,GSM4104138_TGGTTAGAGGCAGGTT-1,PB,-0.24401676621612162
MS,MS74594_PB,GSM4104138_TGTCCCACAACACGCC-1,PB,0.060361230158165816
MS,MS74594_PB,GSM4104138_TGTCCCAGTATATGAG-1,PB,-0.15333053639439845
MS,MS74594_PB,GSM4104138_TTAACTCGTCTAACGT-1,PB,-0.07001801433854374
MS,MS74594_PB,GSM4104138_TTATGCTAGCAATCTC-1,PB,-0.1988920687303169
MS,MS74594_PB,GSM4104138_TTATGCTAGGCAATTA-1,PB,-0.07001801433854374
MS,MS74594_PB,GSM4104138_TTCCCAGGTGTGACCC-1,PB,-0.07001801433854374
MS,MS74594_PB,GSM4104138_TTGACTTAGTGAAGTT-1,PB,-0.07001801433854374
MS,MS74594_PB,GSM4104138_TTGGAACCATCAGTAC-1,PB,-0.07001801433854374
MS,MS74594_PB,GSM4104138_TTGTAGGAGTGCCATT-1,PB,-0.02890047611195738
MS,MS74594_PB,GSM4104138_TTTACTGAGCCGCCTA-1,PB,-0.15957407041602606
MS,MS74594_PB,GSM4104138_TTTATGCCAAAGTGCG-1,PB,0.1486661652320568
MS,MS74594_PB,GSM4104138_TTTATGCGTTGCGCAC-1,PB,0.014981946172969702
MS,MS74594_PB,GSM4104138_TTTGTCATCAGCCTAA-1,PB,0.2143114266692013
HC,PST83775_PB,GSM4104139_AAATGCCGTTACGTCA-1,PB,-0.2601011442289393
HC,PST83775_PB,GSM4104139_AACACGTAGGTGATTA-1,PB,-0.24815628824934888
HC,PST83775_PB,GSM4104139_AACCATGTCGTACGGC-1,PB,0.19162337492237777
HC,PST83775_PB,GSM4104139_AACCGCGCATACGCCG-1,PB,-0.07001801433854374
HC,PST83775_PB,GSM4104139_AACGTTGCATCATCCC-1,PB,0.20526471364595594
HC,PST83775_PB,GSM4104139_ACACCCTTCGGCCGAT-1,PB,-0.07001801433854374
HC,PST83775_PB,GSM4104139_ACACTGATCTGTGCAA-1,PB,-0.31611105615342533
HC,PST83775_PB,GSM4104139_ACATGGTTCTTCAACT-1,PB,-0.07001801433854374
HC,PST83775_PB,GSM4104139_ACGGAGAGTTCACGGC-1,PB,-0.4947683206250209
HC,PST83775_PB,GSM4104139_ACGGGTCAGCAGACTG-1,PB,-0.1799448328005262
HC,PST83775_PB,GSM4104139_ACTGCTCGTCGCCATG-1,PB,-0.24079274079261137
HC,PST83775_PB,GSM4104139_AGAGCGATCTTCGAGA-1,PB,-0.07001801433854374
HC,PST83775_PB,GSM4104139_AGAGTGGGTCCATGAT-1,PB,0.14596519426472168
HC,PST83775_PB,GSM4104139_AGCCTAATCCTTCAAT-1,PB,0.18367121919130916
HC,PST83775_PB,GSM4104139_AGCGTATAGAAGGCCT-1,PB,-0.07001801433854374
HC,PST83775_PB,GSM4104139_AGGGATGTCTACGAGT-1,PB,0.26710852002917146
HC,PST83775_PB,GSM4104139_AGGGTGAGTGCTCTTC-1,PB,-0.07001801433854374
HC,PST83775_PB,GSM4104139_AGTGTCAAGGAGTTTA-1,PB,-0.2358469465371473
HC,PST83775_PB,GSM4104139_ATGGGAGAGTAGGTGC-1,PB,0.05453857944351165
HC,PST83775_PB,GSM4104139_ATTTCTGAGAGCTGGT-1,PB,-0.1361301256522683
HC,PST83775_PB,GSM4104139_CACCAGGGTCAGCTAT-1,PB,0.04997585872159564
HC,PST83775_PB,GSM4104139_CACTCCAGTCTACCTC-1,PB,0.40467716980382434
HC,PST83775_PB,GSM4104139_CAGATCAGTAGCGCAA-1,PB,-0.18491864571341404
HC,PST83775_PB,GSM4104139_CAGCATAGTCTCTCGT-1,PB,0.39993686666688216
HC,PST83775_PB,GSM4104139_CCACCTAAGTGGTAAT-1,PB,-0.18475481757898285
HC,PST83775_PB,GSM4104139_CCCTCCTAGCTGGAAC-1,PB,0.6648389299358882
HC,PST83775_PB,GSM4104139_CCGGGATGTTACGCGC-1,PB,-0.07001801433854374
HC,PST83775_PB,GSM4104139_CCTACACCACAAGACG-1,PB,-0.07001801433854374
HC,PST83775_PB,GSM4104139_CCTTCCCTCATGTCTT-1,PB,-0.07001801433854374
HC,PST83775_PB,GSM4104139_CCTTCGACACATTCGA-1,PB,-0.321559724161662
HC,PST83775_PB,GSM4104139_CGTCACTAGGCTATCT-1,PB,-0.07001801433854374
HC,PST83775_PB,GSM4104139_CTACATTCAAGGTGTG-1,PB,-0.28317228494807095
HC,PST83775_PB,GSM4104139_CTCCTAGCAAGCTGAG-1,PB,-0.07001801433854374
HC,PST83775_PB,GSM4104139_CTCGTACAGCACCGCT-1,PB,-0.07001801433854374
HC,PST83775_PB,GSM4104139_CTTGGCTGTAGGGACT-1,PB,-0.12727339545666208
HC,PST83775_PB,GSM4104139_GAAATGAAGTCAATAG-1,PB,-0.07001801433854374
HC,PST83775_PB,GSM4104139_GACGCGTTCCGGGTGT-1,PB,-0.4075433507738707
HC,PST83775_PB,GSM4104139_GACGTGCTCACGCATA-1,PB,0.06435872862160248
HC,PST83775_PB,GSM4104139_GCAGCCATCCCTCTTT-1,PB,0.055996828778008045
HC,PST83775_PB,GSM4104139_GCGAGAACAGCTTAAC-1,PB,-0.2857038873302582
HC,PST83775_PB,GSM4104139_GCGCAGTGTCTCTTAT-1,PB,-0.07001801433854374
HC,PST83775_PB,GSM4104139_GCGCCAAAGGTGCTTT-1,PB,-0.07001801433854374
HC,PST83775_PB,GSM4104139_GGGCACTAGTCCATAC-1,PB,-0.07001801433854374
HC,PST83775_PB,GSM4104139_GTCAAGTTCGCCGTGA-1,PB,0.2023938640030907
HC,PST83775_PB,GSM4104139_GTTCATTCAGCATACT-1,PB,-0.07001801433854374
HC,PST83775_PB,GSM4104139_TACGGATCAGTCCTTC-1,PB,0.42073466182791297
HC,PST83775_PB,GSM4104139_TAGTGGTGTAGCCTAT-1,PB,-0.1957660546175805
HC,PST83775_PB,GSM4104139_TCCCGATAGCTGATAA-1,PB,-0.07001801433854374
HC,PST83775_PB,GSM4104139_TCTTCGGAGAGCTGGT-1,PB,0.18353211297159247
HC,PST83775_PB,GSM4104139_TGACGGCCAGCTGCTG-1,PB,-0.07001801433854374
HC,PST83775_PB,GSM4104139_TGAGCATCATGGAATA-1,PB,-0.31964720771613403
HC,PST83775_PB,GSM4104139_TGCACCTTCAGCTCTC-1,PB,-0.07001801433854374
HC,PST83775_PB,GSM4104139_TGCCAAATCACTCTTA-1,PB,-0.07001801433854374
HC,PST83775_PB,GSM4104139_TGGCCAGCAGTAAGCG-1,PB,-0.3271052050292401
HC,PST83775_PB,GSM4104139_TGGTTCCGTCCGAAGA-1,PB,-0.3277031618289966
HC,PST83775_PB,GSM4104139_TTAACTCGTTGGTTTG-1,PB,-0.07001801433854374
HC,PST83775_PB,GSM4104139_TTATGCTCACGTTGGC-1,PB,-0.07001801433854374
HC,PST83775_PB,GSM4104139_TTCTTAGTCCAACCAA-1,PB,0.2376070241567483
HC,PST83775_PB,GSM4104139_TTGAACGCATCCCACT-1,PB,0.21509895374969878
HC,PST83775_PB,GSM4104139_TTTACTGGTTGAACTC-1,PB,-0.41953479891845996
HC,PST83775_PB,GSM4104139_TTTATGCGTGTATGGG-1,PB,-0.19882060439898774
HC,PST95809_PB,GSM4104141_AAAGTAGAGTAGATGT-1,PB,-0.07001801433854374
HC,PST95809_PB,GSM4104141_ACCAGTAAGAAGGACA-1,PB,-0.07001801433854374
HC,PST95809_PB,GSM4104141_ACGATACGTCGTTGTA-1,PB,-0.6614976341310718
HC,PST95809_PB,GSM4104141_ACGCCAGAGTTCGCGC-1,PB,-0.07001801433854374
HC,PST95809_PB,GSM4104141_ACTTTCACAAGCTGAG-1,PB,-0.3275632203138824
HC,PST95809_PB,GSM4104141_ACTTTCATCCGGGTGT-1,PB,-0.24149111321779682
HC,PST95809_PB,GSM4104141_ACTTTCATCTCTAGGA-1,PB,-0.21577222727516457
HC,PST95809_PB,GSM4104141_AGGCCACGTCCATCCT-1,PB,0.2467167921763796
HC,PST95809_PB,GSM4104141_AGGTCCGGTCTAGCGC-1,PB,-0.5197146211337301
HC,PST95809_PB,GSM4104141_ATCACGAGTAAGCACG-1,PB,0.08884551499826109
HC,PST95809_PB,GSM4104141_ATCCACCAGACATAAC-1,PB,0.10812636199855508
HC,PST95809_PB,GSM4104141_ATGAGGGTCACAGTAC-1,PB,-0.07001801433854374
HC,PST95809_PB,GSM4104141_ATTACTCCAATGGACG-1,PB,-0.07001801433854374
HC,PST95809_PB,GSM4104141_ATTGGACAGACAAAGG-1,PB,-0.4702786966323796
HC,PST95809_PB,GSM4104141_ATTGGACGTTACAGAA-1,PB,0.14165876659255336
HC,PST95809_PB,GSM4104141_CACAGGCGTACTCGCG-1,PB,-0.6935914069010167
HC,PST95809_PB,GSM4104141_CACCACTAGAGTACAT-1,PB,-0.07001801433854374
HC,PST95809_PB,GSM4104141_CAGCTAAGTAGCTTGT-1,PB,-0.07001801433854374
HC,PST95809_PB,GSM4104141_CCACTACCAGTCTTCC-1,PB,0.5260209502914501
HC,PST95809_PB,GSM4104141_CCGGGATAGCAACGGT-1,PB,-0.07001801433854374
HC,PST95809_PB,GSM4104141_CCGTACTGTACTCTCC-1,PB,-0.3318555440029706
HC,PST95809_PB,GSM4104141_CGAATGTCATGCAACT-1,PB,-0.07001801433854374
HC,PST95809_PB,GSM4104141_CGCGTTTTCACAGGCC-1,PB,-0.21850044773829813
HC,PST95809_PB,GSM4104141_CGTAGCGAGTCGTACT-1,PB,-0.32509699895478406
HC,PST95809_PB,GSM4104141_CGTCTACTCCGCTGTT-1,PB,-0.4740768980627381
HC,PST95809_PB,GSM4104141_CGTGTCTAGGATATAC-1,PB,0.15124553923304138
HC,PST95809_PB,GSM4104141_CTAACTTAGGTGCACA-1,PB,-0.07001801433854374
HC,PST95809_PB,GSM4104141_CTACACCCATGACGGA-1,PB,-0.07001801433854374
HC,PST95809_PB,GSM4104141_CTAGTGAGTTAAGTAG-1,PB,-0.07001801433854374
HC,PST95809_PB,GSM4104141_CTGATAGCACCGCTAG-1,PB,-0.13561408907036124
HC,PST95809_PB,GSM4104141_CTTAACTGTGTGCGTC-1,PB,-0.40159684180793276
HC,PST95809_PB,GSM4104141_GCCTCTACACATGGGA-1,PB,0.3773948317319683
HC,PST95809_PB,GSM4104141_GCGCCAATCGTTTAGG-1,PB,-0.07001801433854374
HC,PST95809_PB,GSM4104141_GCTTGAACAACTTGAC-1,PB,-0.22790935173035182
HC,PST95809_PB,GSM4104141_GGAGCAATCCAAGTAC-1,PB,-0.6700779813808359
HC,PST95809_PB,GSM4104141_GTACGTAGTACCGCTG-1,PB,0.29503199262140933
HC,PST95809_PB,GSM4104141_GTACTTTGTAAGGGAA-1,PB,0.20110393609049387
HC,PST95809_PB,GSM4104141_GTCACAAAGACACTAA-1,PB,0.2063169801862014
HC,PST95809_PB,GSM4104141_GTCATTTCAAAGAATC-1,PB,-0.2019312882113616
HC,PST95809_PB,GSM4104141_GTGCATACAAACAACA-1,PB,-0.3204681160423762
HC,PST95809_PB,GSM4104141_TAAACCGTCTTGCAAG-1,PB,-0.6072934262578885
HC,PST95809_PB,GSM4104141_TACCTATGTTACCAGT-1,PB,-0.07001801433854374
HC,PST95809_PB,GSM4104141_TACCTTAGTCCGAACC-1,PB,0.21354536992231535
HC,PST95809_PB,GSM4104141_TACGGATGTCTCGTTC-1,PB,-0.22747883668554905
HC,PST95809_PB,GSM4104141_TACGGGCTCGAGGTAG-1,PB,-0.20641705472929944
HC,PST95809_PB,GSM4104141_TAGCCGGTCCTTGCCA-1,PB,0.19530045976180496
HC,PST95809_PB,GSM4104141_TATTACCGTACGAAAT-1,PB,0.04317691098080327
HC,PST95809_PB,GSM4104141_TCAGGATAGAGATGAG-1,PB,-0.07001801433854374
HC,PST95809_PB,GSM4104141_TCATTACAGATACACA-1,PB,0.34589027908890607
HC,PST95809_PB,GSM4104141_TCATTACCACGAGAGT-1,PB,-0.43025207803915294
HC,PST95809_PB,GSM4104141_TCGCGAGCAAACCTAC-1,PB,-0.6608852363974703
HC,PST95809_PB,GSM4104141_TCTCATACAAGACGTG-1,PB,0.3838728285613546
HC,PST95809_PB,GSM4104141_TCTGAGAAGGGTATCG-1,PB,-0.07001801433854374
HC,PST95809_PB,GSM4104141_TCTTTCCTCTTTCCTC-1,PB,0.2491386277512194
HC,PST95809_PB,GSM4104141_TGCACCTGTATGGTTC-1,PB,0.340137259458596
HC,PST95809_PB,GSM4104141_TGGACGCGTCAGAATA-1,PB,-0.27354269995010444
HC,PST95809_PB,GSM4104141_TGGCCAGGTCATCCCT-1,PB,-0.07001801433854374
HC,PST95809_PB,GSM4104141_TGGGAAGGTAATCACC-1,PB,-0.07001801433854374
HC,PST95809_PB,GSM4104141_TGGGAAGGTCTGGTCG-1,PB,-0.5193499049989441
HC,PST95809_PB,GSM4104141_TTAACTCGTGTGCCTG-1,PB,0.23647792468169962
HC,PST95809_PB,GSM4104141_TTAGGCATCAACACAC-1,PB,-0.3872591475071056
HC,PST95809_PB,GSM4104141_TTCTCCTAGTTCGCAT-1,PB,-0.07001801433854374
HC,PST95809_PB,GSM4104141_TTTGCGCTCCTGCCAT-1,PB,-0.2248075444132042
HC,PST95809_PB,GSM4104141_TTTGGTTTCAGTTGAC-1,PB,-0.20810812257013836
HC,PTC32190_PB,GSM4104140_AAACCTGTCTGCTTGC-1,PB,-0.2226072090206512
HC,PTC32190_PB,GSM4104140_AAACGGGCATGTCTCC-1,PB,-0.07001801433854374
HC,PTC32190_PB,GSM4104140_ACCAGTACAGCTATTG-1,PB,-0.2203103681307343
HC,PTC32190_PB,GSM4104140_ACGGGTCCATCGGTTA-1,PB,-0.5199985884039462
HC,PTC32190_PB,GSM4104140_ACTATCTCAGTGACAG-1,PB,0.7129772764206315
HC,PTC32190_PB,GSM4104140_ACTGATGCACTCTGTC-1,PB,-0.48254699316074795
HC,PTC32190_PB,GSM4104140_AGAGCGAAGTAAGTAC-1,PB,-0.2634816377027117
HC,PTC32190_PB,GSM4104140_AGCGGTCTCCTGCAGG-1,PB,0.04316169971837477
HC,PTC32190_PB,GSM4104140_AGCTTGACAAGGTTTC-1,PB,-1.0589965295627657
HC,PTC32190_PB,GSM4104140_AGGGATGCATAGGATA-1,PB,0.5483315438300257
HC,PTC32190_PB,GSM4104140_AGGGTGACAATGTAAG-1,PB,-0.4977130294864925
HC,PTC32190_PB,GSM4104140_AGTGAGGAGCTGTTCA-1,PB,-0.07001801433854374
HC,PTC32190_PB,GSM4104140_ATGGGAGTCTTTAGGG-1,PB,-0.3231394988335247
HC,PTC32190_PB,GSM4104140_CAACTAGTCCAGGGCT-1,PB,0.35372760601157577
HC,PTC32190_PB,GSM4104140_CAAGATCCAATCTACG-1,PB,0.09560300682902427
HC,PTC32190_PB,GSM4104140_CACCTTGCAATCACAC-1,PB,-0.07001801433854374
HC,PTC32190_PB,GSM4104140_CCATGTCGTCACCCAG-1,PB,0.20372693381069026
HC,PTC32190_PB,GSM4104140_CCTCTGATCAAGATCC-1,PB,-0.7558059577111423
HC,PTC32190_PB,GSM4104140_CCTTCCCAGCAACGGT-1,PB,0.25162407871910897
HC,PTC32190_PB,GSM4104140_CGCGTTTAGATCCTGT-1,PB,-0.07001801433854374
HC,PTC32190_PB,GSM4104140_CGGACGTCAATCTGCA-1,PB,-0.30441707954335023
HC,PTC32190_PB,GSM4104140_CGGACGTGTCTCATCC-1,PB,-0.19973293319203575
HC,PTC32190_PB,GSM4104140_CGGAGTCTCCAGAAGG-1,PB,-0.07001801433854374
HC,PTC32190_PB,GSM4104140_GAACATCCATCAGTAC-1,PB,-0.07001801433854374
HC,PTC32190_PB,GSM4104140_GACTAACCAGCTGTTA-1,PB,0.09890452607477195
HC,PTC32190_PB,GSM4104140_GCATGTACAGTGAGTG-1,PB,-0.07001801433854374
HC,PTC32190_PB,GSM4104140_GCGCAACCACAGACTT-1,PB,-0.5208398671241649
HC,PTC32190_PB,GSM4104140_GGGACCTAGGTGTTAA-1,PB,-0.2966516847857449
HC,PTC32190_PB,GSM4104140_GTAGGCCGTCAGGACA-1,PB,-0.07001801433854374
HC,PTC32190_PB,GSM4104140_GTCGTAAGTGAGCGAT-1,PB,-0.27700832881993187
HC,PTC32190_PB,GSM4104140_TATGCCCCATACTACG-1,PB,-0.07001801433854374
HC,PTC32190_PB,GSM4104140_TCAGGTAGTCGGCTCA-1,PB,-0.07001801433854374
HC,PTC32190_PB,GSM4104140_TCTGGAATCAGTCCCT-1,PB,-0.07001801433854374
HC,PTC32190_PB,GSM4104140_TCTTTCCTCAGTACGT-1,PB,-0.07001801433854374
HC,PTC32190_PB,GSM4104140_TGAGGGAAGCAACGGT-1,PB,-0.20422094145225614
HC,PTC32190_PB,GSM4104140_TGCGGGTAGTGTGGCA-1,PB,-0.07001801433854374
HC,PTC32190_PB,GSM4104140_TTAGGCATCTAACTCT-1,PB,-0.07001801433854374
HC,PTC32190_PB,GSM4104140_TTCTACAGTCGACTAT-1,PB,-0.07001801433854374
HC,PTC41540_PB,GSM4104142_AAAGCAAGTTAAAGAC-1,PB,-0.31205562524848396
HC,PTC41540_PB,GSM4104142_AACACGTAGCTCTCGG-1,PB,0.03247870066362342
HC,PTC41540_PB,GSM4104142_AACTCAGTCAACGGCC-1,PB,0.008489463707465799
HC,PTC41540_PB,GSM4104142_AACTTTCAGTGTCCAT-1,PB,-0.07001801433854374
HC,PTC41540_PB,GSM4104142_AAGACCTAGATATGCA-1,PB,-0.07001801433854374
HC,PTC41540_PB,GSM4104142_AAGCCGCGTAACGCGA-1,PB,-0.07001801433854374
HC,PTC41540_PB,GSM4104142_AAGGAGCCATCACCCT-1,PB,-0.37968382135243317
HC,PTC41540_PB,GSM4104142_ACACTGACAAAGTCAA-1,PB,-0.37845388645034145
HC,PTC41540_PB,GSM4104142_AGAGCGAAGCTGCCCA-1,PB,0.17782267639466345
HC,PTC41540_PB,GSM4104142_AGCCTAATCGATGAGG-1,PB,-0.4426359400560266
HC,PTC41540_PB,GSM4104142_AGCGGTCGTACCATCA-1,PB,-0.07001801433854374
HC,PTC41540_PB,GSM4104142_AGCTCTCCATTGGTAC-1,PB,-0.23757324134122168
HC,PTC41540_PB,GSM4104142_AGCTCTCTCTGTCTAT-1,PB,-0.21760270928530717
HC,PTC41540_PB,GSM4104142_ATAACGCGTAAGAGGA-1,PB,-0.07001801433854374
HC,PTC41540_PB,GSM4104142_ATCGAGTTCAACACCA-1,PB,-0.04504412252754112
HC,PTC41540_PB,GSM4104142_ATTGGTGCAAATTGCC-1,PB,-0.07001801433854374
HC,PTC41540_PB,GSM4104142_CACACCTGTGATAAGT-1,PB,-0.1882150825029015
HC,PTC41540_PB,GSM4104142_CAGCGACTCAGGCAAG-1,PB,-0.07001801433854374
HC,PTC41540_PB,GSM4104142_CAGCTGGAGAGTTGGC-1,PB,-0.07001801433854374
HC,PTC41540_PB,GSM4104142_CAGGTGCGTACAGTGG-1,PB,-0.07001801433854374
HC,PTC41540_PB,GSM4104142_CAGTAACGTCGCTTTC-1,PB,-0.3563215770539588
HC,PTC41540_PB,GSM4104142_CATATGGGTGTGGTTT-1,PB,-0.5998510656813391
HC,PTC41540_PB,GSM4104142_CATATTCGTACATCCA-1,PB,0.059403876605567285
HC,PTC41540_PB,GSM4104142_CATCAGAAGGCTAGAC-1,PB,-0.07001801433854374
HC,PTC41540_PB,GSM4104142_CATCCACTCTAGAGTC-1,PB,0.10617702153499235
HC,PTC41540_PB,GSM4104142_CATGACAAGTCACGCC-1,PB,-0.07001801433854374
HC,PTC41540_PB,GSM4104142_CCACTACTCACTTATC-1,PB,-0.2071870178084238
HC,PTC41540_PB,GSM4104142_CCGTACTAGACACTAA-1,PB,-0.07001801433854374
HC,PTC41540_PB,GSM4104142_CCTACCATCAACGAAA-1,PB,-0.15621113611876583
HC,PTC41540_PB,GSM4104142_CCTAGCTAGACTAGAT-1,PB,-0.008233703216580901
HC,PTC41540_PB,GSM4104142_CCTCAGTAGGTGGGTT-1,PB,-0.04208004993607106
HC,PTC41540_PB,GSM4104142_CCTTACGCATACGCCG-1,PB,-0.3752866259431208
HC,PTC41540_PB,GSM4104142_CGAATGTAGACAAGCC-1,PB,0.30845051015868385
HC,PTC41540_PB,GSM4104142_CGAATGTTCAAACGGG-1,PB,-0.07001801433854374
HC,PTC41540_PB,GSM4104142_CGAGAAGAGAGTGAGA-1,PB,-0.07001801433854374
HC,PTC41540_PB,GSM4104142_CGAGCCATCAGATAAG-1,PB,0.2020401441039847
HC,PTC41540_PB,GSM4104142_CGATCGGGTTATCGGT-1,PB,-0.13487397591954942
HC,PTC41540_PB,GSM4104142_CGGACACGTCTCACCT-1,PB,0.030033777827299022
HC,PTC41540_PB,GSM4104142_CGGAGTCGTATGGTTC-1,PB,-1.2743589127005686
HC,PTC41540_PB,GSM4104142_CGTCAGGGTTCGCGAC-1,PB,0.09762633635923083
HC,PTC41540_PB,GSM4104142_CTAATGGAGACTTGAA-1,PB,-0.2810908372157984
HC,PTC41540_PB,GSM4104142_CTACACCGTTGAGTTC-1,PB,0.31267809416842685
HC,PTC41540_PB,GSM4104142_CTACGTCGTTTGTTGG-1,PB,-0.07001801433854374
HC,PTC41540_PB,GSM4104142_CTAGCCTTCGTGGTCG-1,PB,-0.07001801433854374
HC,PTC41540_PB,GSM4104142_CTCACACAGAAGATTC-1,PB,-0.07001801433854374
HC,PTC41540_PB,GSM4104142_CTCATTACACTGCCAG-1,PB,-0.07001801433854374
HC,PTC41540_PB,GSM4104142_CTCGAGGGTCTCATCC-1,PB,-0.13739307600675457
HC,PTC41540_PB,GSM4104142_CTCGTACCAGGTGCCT-1,PB,0.15726482210277906
HC,PTC41540_PB,GSM4104142_CTCTGGTTCATGTCTT-1,PB,0.05914827931749619
HC,PTC41540_PB,GSM4104142_CTGCGGACAGCAGTTT-1,PB,0.4113410166197798
HC,PTC41540_PB,GSM4104142_CTGCTGTTCAACGAAA-1,PB,-0.07001801433854374
HC,PTC41540_PB,GSM4104142_CTTAACTAGTATTGGA-1,PB,-0.1789500420705119
HC,PTC41540_PB,GSM4104142_CTTAACTCATCCAACA-1,PB,0.5081945232790205
HC,PTC41540_PB,GSM4104142_GAAACTCGTGGTACAG-1,PB,0.3317426937823581
HC,PTC41540_PB,GSM4104142_GACGGCTGTTCCCTTG-1,PB,-0.1907689295954857
HC,PTC41540_PB,GSM4104142_GATCAGTCACCAGGCT-1,PB,-0.07001801433854374
HC,PTC41540_PB,GSM4104142_GATCGATCAGTAAGAT-1,PB,-0.30293354361489266
HC,PTC41540_PB,GSM4104142_GATCTAGAGTCCGGTC-1,PB,-0.07001801433854374
HC,PTC41540_PB,GSM4104142_GATCTAGTCTGCGGCA-1,PB,0.37964371192486196
HC,PTC41540_PB,GSM4104142_GCGCGATCACGAAATA-1,PB,-0.5041327054999186
HC,PTC41540_PB,GSM4104142_GCTTGAACATGAAGTA-1,PB,-0.07001801433854374
HC,PTC41540_PB,GSM4104142_GGCTCGATCGCTGATA-1,PB,0.6500714684589308
HC,PTC41540_PB,GSM4104142_GGGAATGAGGCTATCT-1,PB,-0.24473389898234352
HC,PTC41540_PB,GSM4104142_GGGATGAAGAAGCCCA-1,PB,-0.3956437868115275
HC,PTC41540_PB,GSM4104142_GGGCACTGTCGCATAT-1,PB,0.28866037219154267
HC,PTC41540_PB,GSM4104142_GGGTTGCAGACTACAA-1,PB,-0.3960306785486871
HC,PTC41540_PB,GSM4104142_GGTGTTACAATCCAAC-1,PB,-0.07001801433854374
HC,PTC41540_PB,GSM4104142_GTGGGTCTCAGCGATT-1,PB,0.015768382463417645
HC,PTC41540_PB,GSM4104142_TAAACCGTCCTCAACC-1,PB,-0.07001801433854374
HC,PTC41540_PB,GSM4104142_TACGGTATCTCTGCTG-1,PB,-0.21866886993651008
HC,PTC41540_PB,GSM4104142_TATCAGGTCACAGTAC-1,PB,-0.17161136194472154
HC,PTC41540_PB,GSM4104142_TCAGCTCAGTCTCGGC-1,PB,0.3425727460029722
HC,PTC41540_PB,GSM4104142_TCATTTGAGAAACGCC-1,PB,-0.07001801433854374
HC,PTC41540_PB,GSM4104142_TCCACACGTCACCTAA-1,PB,0.015513252474835966
HC,PTC41540_PB,GSM4104142_TCGCGTTCAAGGACTG-1,PB,-0.07001801433854374
HC,PTC41540_PB,GSM4104142_TCTATTGAGAATCTCC-1,PB,-0.18585727225449375
HC,PTC41540_PB,GSM4104142_TCTCATAGTACTTCTT-1,PB,0.1768250037486259
HC,PTC41540_PB,GSM4104142_TCTCTAAAGTTACGGG-1,PB,-0.07001801433854374
HC,PTC41540_PB,GSM4104142_TGAAAGAGTCAACTGT-1,PB,-0.07001801433854374
HC,PTC41540_PB,GSM4104142_TGACTAGGTCGATTGT-1,PB,-0.16059933074630184
HC,PTC41540_PB,GSM4104142_TGATTTCGTTACGACT-1,PB,-0.19278120995270673
HC,PTC41540_PB,GSM4104142_TGCTGCTTCGCTTGTC-1,PB,-0.20623980629914107
HC,PTC41540_PB,GSM4104142_TGGCCAGGTAGCGTCC-1,PB,-0.07001801433854374
HC,PTC41540_PB,GSM4104142_TGTTCCGCACATGTGT-1,PB,-0.3401231494267393
HC,PTC41540_PB,GSM4104142_TTAGGCAGTCGAATCT-1,PB,-0.2730474457147086
HC,PTC41540_PB,GSM4104142_TTATGCTTCAGCACAT-1,PB,-0.07001801433854374
HC,PTC41540_PB,GSM4104142_TTCCCAGCAATAGCGG-1,PB,0.18213386716925414
HC,PTC41540_PB,GSM4104142_TTCGAAGTCCAATGGT-1,PB,-0.33503348970639085
HC,PTC41540_PB,GSM4104142_TTGCGTCAGCCCAGCT-1,PB,-0.3195629338453102
HC,PTC41540_PB,GSM4104142_TTGGAACTCAACGGCC-1,PB,-0.15985690189189414
HC,PTC85037_PB,GSM4104143_ACGGGCTAGTGGGTTG-1,PB,-0.07001801433854374
HC,PTC85037_PB,GSM4104143_ACTATCTAGTCGTACT-1,PB,-0.4032802124750215
HC,PTC85037_PB,GSM4104143_AGTCTTTTCTACGAGT-1,PB,0.24754378975387928
HC,PTC85037_PB,GSM4104143_AGTGAGGAGATCTGCT-1,PB,-0.25126155092935
HC,PTC85037_PB,GSM4104143_CAACCAACAGGTTTCA-1,PB,-0.6365166360132042
HC,PTC85037_PB,GSM4104143_CACACAATCAAAGTAG-1,PB,-0.05428701024763805
HC,PTC85037_PB,GSM4104143_CAGATCAGTAAGGATT-1,PB,-0.07001801433854374
HC,PTC85037_PB,GSM4104143_CAGGTGCCACTAGTAC-1,PB,-0.07001801433854374
HC,PTC85037_PB,GSM4104143_CATCAGAAGTATCTCG-1,PB,-0.1696279226574939
HC,PTC85037_PB,GSM4104143_CATCGAACATCTACGA-1,PB,0.18755376385093214
HC,PTC85037_PB,GSM4104143_CCTACACGTAATAGCA-1,PB,-0.17566074266676696
HC,PTC85037_PB,GSM4104143_CCTTTCTGTTAGAACA-1,PB,-0.07001801433854374
HC,PTC85037_PB,GSM4104143_CGAGAAGCACATGACT-1,PB,0.2547501674976401
HC,PTC85037_PB,GSM4104143_CGCCAAGTCAGCAACT-1,PB,-0.41989867558089566
HC,PTC85037_PB,GSM4104143_CGGAGCTGTGGACGAT-1,PB,-0.33583191809048785
HC,PTC85037_PB,GSM4104143_CGGGTCAAGTTCCACA-1,PB,-0.2911253131275406
HC,PTC85037_PB,GSM4104143_CGTCAGGAGGCGATAC-1,PB,-0.19395281684867247
HC,PTC85037_PB,GSM4104143_CGTCCATGTGCAGACA-1,PB,-0.07001801433854374
HC,PTC85037_PB,GSM4104143_CGTGTCTGTCACAAGG-1,PB,-0.3224540565091352
HC,PTC85037_PB,GSM4104143_CTCAGAATCTCCCTGA-1,PB,0.12839433029577488
HC,PTC85037_PB,GSM4104143_CTCGAAAGTCAGAGGT-1,PB,-0.07001801433854374
HC,PTC85037_PB,GSM4104143_CTTAACTTCTGACCTC-1,PB,-1.020672655933393
HC,PTC85037_PB,GSM4104143_GACTGCGCAGATCCAT-1,PB,0.20119216653719588
HC,PTC85037_PB,GSM4104143_GCACATATCGGATGGA-1,PB,-0.05830785866788817
HC,PTC85037_PB,GSM4104143_GCGGGTTGTTCAGACT-1,PB,-0.07001801433854374
HC,PTC85037_PB,GSM4104143_GGACGTCGTCCCTACT-1,PB,-0.07001801433854374
HC,PTC85037_PB,GSM4104143_GGCGACTTCACAAACC-1,PB,-0.5739709489935574
HC,PTC85037_PB,GSM4104143_GGGAGATAGTGTACTC-1,PB,-0.45929823895274235
HC,PTC85037_PB,GSM4104143_GGTATTGAGAGAACAG-1,PB,-0.07001801433854374
HC,PTC85037_PB,GSM4104143_GGTGAAGCAAATCCGT-1,PB,-0.07001801433854374
HC,PTC85037_PB,GSM4104143_GTACTTTAGCGTTTAC-1,PB,-0.17135004315264085
HC,PTC85037_PB,GSM4104143_GTCCTCACATAAGACA-1,PB,-0.07001801433854374
HC,PTC85037_PB,GSM4104143_GTCCTCAGTCTCCATC-1,PB,-0.19099442072167003
HC,PTC85037_PB,GSM4104143_GTGCGGTCAGGACCCT-1,PB,-0.5727459241505192
HC,PTC85037_PB,GSM4104143_GTGCTTCGTTGGAGGT-1,PB,-0.07001801433854374
HC,PTC85037_PB,GSM4104143_GTTAAGCAGGGAAACA-1,PB,-0.027218758890944526
HC,PTC85037_PB,GSM4104143_GTTACAGAGTTGCAGG-1,PB,-0.30334047390208313
HC,PTC85037_PB,GSM4104143_TACTTACGTTCCCGAG-1,PB,0.13346595080526558
HC,PTC85037_PB,GSM4104143_TAGTTGGAGGACCACA-1,PB,-0.21702890559026053
HC,PTC85037_PB,GSM4104143_TCAGCAAAGGACATTA-1,PB,0.31135444995874495
HC,PTC85037_PB,GSM4104143_TCATTACGTAGCCTCG-1,PB,-0.07001801433854374
HC,PTC85037_PB,GSM4104143_TGACGGCGTTGTCTTT-1,PB,0.09725457875701182
HC,PTC85037_PB,GSM4104143_TGAGCATGTCCGACGT-1,PB,-0.07001801433854374
HC,PTC85037_PB,GSM4104143_TGAGGGACACGGCCAT-1,PB,0.03209459830658982
HC,PTC85037_PB,GSM4104143_TTAGGACCAAGCTGGA-1,PB,-0.07001801433854374
HC,PTC85037_PB,GSM4104143_TTCTCAACAAAGGAAG-1,PB,0.2322874116100151
HC,PTC85037_PB,GSM4104143_TTCTTAGTCTCGTATT-1,PB,-1.0098402194418095
HC,PTC85037_PB,GSM4104143_TTTGCGCGTGCAACGA-1,PB,0.23006965993444825
